[{"kind": "Listing", "data": {"modhash": "", "dist": 1, "children": [{"kind": "t3", "data": {"approved_at_utc": null, "subreddit": "AskHistorians", "selftext": "[removed]", "user_reports": [], "saved": false, "mod_reason_title": null, "gilded": 0, "clicked": false, "title": "How accurate is the comparison that Donald Trump is a modern day Julius Caesar? In other words, did the establishment of Rome view Caesar in the same way the establishment (at least on the left) view Trump today?", "link_flair_richtext": [], "subreddit_name_prefixed": "r/AskHistorians", "hidden": false, "pwls": 6, "link_flair_css_class": null, "downs": 0, "parent_whitelist_status": "all_ads", "hide_score": false, "name": "t3_cl7crs", "quarantine": false, "link_flair_text_color": "dark", "upvote_ratio": 0.75, "author_flair_background_color": null, "subreddit_type": "public", "ups": 2, "total_awards_received": 0, "media_embed": {}, "author_flair_template_id": null, "is_original_content": false, "author_fullname": "t2_taz9e", "secure_media": null, "is_reddit_media_domain": false, "is_meta": false, "category": null, "secure_media_embed": {}, "link_flair_text": null, "can_mod_post": false, "num_duplicates": 0, "approved_by": null, "thumbnail": "", "edited": false, "author_flair_css_class": null, "steward_reports": [], "author_flair_richtext": [], "gildings": {}, "content_categories": null, "is_self": true, "mod_note": null, "created": 1564796616.0, "link_flair_type": "text", "wls": 6, "banned_by": null, "author_flair_type": "text", "domain": "self.AskHistorians", "allow_live_comments": false, "selftext_html": "&lt;!-- SC_OFF --&gt;&lt;div class=\"md\"&gt;&lt;p&gt;[removed]&lt;/p&gt;\n&lt;/div&gt;&lt;!-- SC_ON --&gt;", "likes": null, "suggested_sort": null, "banned_at_utc": null, "view_count": null, "archived": false, "score": 2, "no_follow": false, "is_crosspostable": false, "pinned": false, "over_18": false, "all_awardings": [], "media": null, "media_only": false, "can_gild": false, "spoiler": false, "locked": false, "author_flair_text": null, "visited": false, "num_reports": null, "distinguished": null, "subreddit_id": "t5_2ssp3", "mod_reason_by": null, "removal_reason": null, "link_flair_background_color": "", "id": "cl7crs", "is_robot_indexable": false, "report_reasons": null, "author": "Redsoxjake14", "num_crossposts": 0, "num_comments": 5, "send_replies": true, "contest_mode": false, "author_patreon_flair": false, "author_flair_text_color": null, "permalink": "/r/AskHistorians/comments/cl7crs/how_accurate_is_the_comparison_that_donald_trump/", "whitelist_status": "all_ads", "stickied": false, "url": "https://www.reddit.com/r/AskHistorians/comments/cl7crs/how_accurate_is_the_comparison_that_donald_trump/", "subreddit_subscribers": 1016330, "created_utc": 1564767816.0, "discussion_type": null, "mod_reports": [], "is_video": false}}], "after": null, "before": null}}, {"kind": "Listing", "data": {"modhash": "", "dist": null, "children": [{"kind": "t1", "data": {"total_awards_received": 0, "approved_at_utc": null, "ups": 1, "mod_reason_by": null, "banned_by": null, "author_flair_type": "richtext", "removal_reason": null, "link_id": "t3_cl7crs", "author_flair_template_id": "9e641f94-c626-11e2-8e2c-12313b0b21ae", "likes": null, "no_follow": true, "replies": "", "user_reports": [], "saved": false, "id": "evtf1he", "banned_at_utc": null, "mod_reason_title": null, "gilded": 0, "archived": false, "report_reasons": null, "author": "Georgy_K_Zhukov", "can_mod_post": false, "send_replies": true, "parent_id": "t3_cl7crs", "score": 1, "author_fullname": "t2_9v6a6", "approved_by": null, "all_awardings": [], "subreddit_id": "t5_2ssp3", "body": "This submission has been removed because it involves current events.  To keep from discussion of politics, we have a [20-year rule](http://www.reddit.com/r/AskHistorians/wiki/rules#wiki_no_current_events) here.  You may want to try /r/ask_politics or another current-events focused sub. For further explanation of this rule, feel free to consult [this Rules Roundtable](https://www.reddit.com/r/AskHistorians/comments/45wqkl/rules_roundtable_5_the_current_eventsmodern/).", "edited": false, "author_flair_css_class": "moderator", "steward_reports": [], "is_submitter": false, "downs": 0, "author_flair_richtext": [{"e": "text", "t": "Moderator | Post-Napoleonic Warfare &amp; Small Arms | Dueling"}], "author_patreon_flair": false, "collapsed_reason": null, "body_html": "&lt;div class=\"md\"&gt;&lt;p&gt;This submission has been removed because it involves current events.  To keep from discussion of politics, we have a &lt;a href=\"http://www.reddit.com/r/AskHistorians/wiki/rules#wiki_no_current_events\"&gt;20-year rule&lt;/a&gt; here.  You may want to try &lt;a href=\"/r/ask_politics\"&gt;/r/ask_politics&lt;/a&gt; or another current-events focused sub. For further explanation of this rule, feel free to consult &lt;a href=\"https://www.reddit.com/r/AskHistorians/comments/45wqkl/rules_roundtable_5_the_current_eventsmodern/\"&gt;this Rules Roundtable&lt;/a&gt;.&lt;/p&gt;\n&lt;/div&gt;", "stickied": true, "subreddit_type": "public", "can_gild": true, "gildings": {}, "author_flair_text_color": "light", "score_hidden": true, "permalink": "/r/AskHistorians/comments/cl7crs/how_accurate_is_the_comparison_that_donald_trump/evtf1he/", "num_reports": null, "locked": false, "name": "t1_evtf1he", "created": 1564797801.0, "subreddit": "AskHistorians", "author_flair_text": "Moderator | Post-Napoleonic Warfare &amp; Small Arms | Dueling", "collapsed": false, "created_utc": 1564769001.0, "subreddit_name_prefixed": "r/AskHistorians", "controversiality": 0, "depth": 0, "author_flair_background_color": "#8b008b", "mod_reports": [], "mod_note": null, "distinguished": "moderator"}}, {"kind": "t1", "data": {"total_awards_received": 0, "approved_at_utc": null, "ups": 1, "mod_reason_by": null, "banned_by": null, "author_flair_type": "richtext", "removal_reason": null, "link_id": "t3_cl7crs", "author_flair_template_id": "9e641f94-c626-11e2-8e2c-12313b0b21ae", "likes": null, "no_follow": true, "replies": "", "user_reports": [], "saved": false, "id": "evtd2fq", "banned_at_utc": null, "mod_reason_title": null, "gilded": 0, "archived": false, "report_reasons": null, "author": "AutoModerator", "can_mod_post": false, "send_replies": false, "parent_id": "t3_cl7crs", "score": 1, "author_fullname": "t2_6l4z3", "approved_by": null, "all_awardings": [], "subreddit_id": "t5_2ssp3", "body": "Welcome to /r/AskHistorians. **Please be sure to [Read Our Rules](https://www.reddit.com/r/AskHistorians/wiki/rules) before you contribute to this community**.  \n\nWe thank you for your interest in this *question*, and your patience in waiting for an in-depth and comprehensive answer to be written, which takes time. Please consider **[Clicking Here for RemindMeBot](https://www.reddit.com/message/compose/?to=RemindMeBot&amp;subject=Reminder&amp;message=%5Bhttps://www.reddit.com/r/AskHistorians/comments/cl7crs/how_accurate_is_the_comparison_that_donald_trump/%5D%0A%0ARemindMe!++2+days)**, or using [these alternatives](/r/AskHistorians/comments/8p0s9b/roundtable_21_be_kindremind_the_mod_approved/). In the meantime our [Twitter](https://twitter.com/askhistorians), [Facebook](https://www.facebook.com/askhistorians/), and [Sunday Digest](https://www.reddit.com/r/AskHistorians/search?q=title%3A%22Sunday+Digest%22&amp;restrict_sr=on&amp;sort=new&amp;t=all) feature excellent content that has already been written!\n\n[Please leave feedback on this test message here.](https://www.reddit.com/r/AskHistorians/comments/btz9o5/testing_testing_123_well_be_trying_out_an/)\n\n\n*I am a bot, and this action was performed automatically. Please [contact the moderators of this subreddit](/message/compose/?to=/r/AskHistorians) if you have any questions or concerns.*", "edited": false, "author_flair_css_class": "moderator", "steward_reports": [], "is_submitter": false, "downs": 0, "author_flair_richtext": [{"e": "text", "t": "History of Robotics"}], "author_patreon_flair": false, "collapsed_reason": null, "body_html": "&lt;div class=\"md\"&gt;&lt;p&gt;Welcome to &lt;a href=\"/r/AskHistorians\"&gt;/r/AskHistorians&lt;/a&gt;. &lt;strong&gt;Please be sure to &lt;a href=\"https://www.reddit.com/r/AskHistorians/wiki/rules\"&gt;Read Our Rules&lt;/a&gt; before you contribute to this community&lt;/strong&gt;.  &lt;/p&gt;\n\n&lt;p&gt;We thank you for your interest in this &lt;em&gt;question&lt;/em&gt;, and your patience in waiting for an in-depth and comprehensive answer to be written, which takes time. Please consider &lt;strong&gt;&lt;a href=\"https://www.reddit.com/message/compose/?to=RemindMeBot&amp;amp;subject=Reminder&amp;amp;message=%5Bhttps://www.reddit.com/r/AskHistorians/comments/cl7crs/how_accurate_is_the_comparison_that_donald_trump/%5D%0A%0ARemindMe!++2+days\"&gt;Clicking Here for RemindMeBot&lt;/a&gt;&lt;/strong&gt;, or using &lt;a href=\"/r/AskHistorians/comments/8p0s9b/roundtable_21_be_kindremind_the_mod_approved/\"&gt;these alternatives&lt;/a&gt;. In the meantime our &lt;a href=\"https://twitter.com/askhistorians\"&gt;Twitter&lt;/a&gt;, &lt;a href=\"https://www.facebook.com/askhistorians/\"&gt;Facebook&lt;/a&gt;, and &lt;a href=\"https://www.reddit.com/r/AskHistorians/search?q=title%3A%22Sunday+Digest%22&amp;amp;restrict_sr=on&amp;amp;sort=new&amp;amp;t=all\"&gt;Sunday Digest&lt;/a&gt; feature excellent content that has already been written!&lt;/p&gt;\n\n&lt;p&gt;&lt;a href=\"https://www.reddit.com/r/AskHistorians/comments/btz9o5/testing_testing_123_well_be_trying_out_an/\"&gt;Please leave feedback on this test message here.&lt;/a&gt;&lt;/p&gt;\n\n&lt;p&gt;&lt;em&gt;I am a bot, and this action was performed automatically. Please &lt;a href=\"/message/compose/?to=/r/AskHistorians\"&gt;contact the moderators of this subreddit&lt;/a&gt; if you have any questions or concerns.&lt;/em&gt;&lt;/p&gt;\n&lt;/div&gt;", "stickied": false, "subreddit_type": "public", "can_gild": true, "gildings": {}, "author_flair_text_color": "light", "score_hidden": false, "permalink": "/r/AskHistorians/comments/cl7crs/how_accurate_is_the_comparison_that_donald_trump/evtd2fq/", "num_reports": null, "locked": true, "name": "t1_evtd2fq", "created": 1564796617.0, "subreddit": "AskHistorians", "author_flair_text": "History of Robotics", "collapsed": false, "created_utc": 1564767817.0, "subreddit_name_prefixed": "r/AskHistorians", "controversiality": 0, "depth": 0, "author_flair_background_color": "#8b008b", "mod_reports": [], "mod_note": null, "distinguished": "moderator"}}, {"kind": "t1", "data": {"total_awards_received": 0, "approved_at_utc": null, "ups": -2, "mod_reason_by": null, "banned_by": null, "removal_reason": null, "link_id": "t3_cl7crs", "author_flair_template_id": null, "likes": null, "no_follow": true, "replies": {"kind": "Listing", "data": {"modhash": "", "dist": null, "children": [{"kind": "t1", "data": {"total_awards_received": 0, "approved_at_utc": null, "ups": 1, "mod_reason_by": null, "banned_by": null, "author_flair_type": "richtext", "removal_reason": null, "link_id": "t3_cl7crs", "author_flair_template_id": "9e641f94-c626-11e2-8e2c-12313b0b21ae", "likes": null, "no_follow": true, "replies": "", "user_reports": [], "saved": false, "id": "evtezlb", "banned_at_utc": null, "mod_reason_title": null, "gilded": 0, "archived": false, "report_reasons": null, "author": "Georgy_K_Zhukov", "can_mod_post": false, "send_replies": true, "parent_id": "t1_evtdlkr", "score": 1, "author_fullname": "t2_9v6a6", "approved_by": null, "all_awardings": [], "subreddit_id": "t5_2ssp3", "body": "Sorry, but we have removed your response, as we expect answers in this subreddit to be [in-depth and comprehensive](https://www.reddit.com/r/AskHistorians/comments/1jsabs/what_it_means_to_post_a_good_answer_in/), and to demonstrate a [familiarity](https://www.reddit.com/r/AskHistorians/comments/4kngwh/rules_roundtable_no_11_no_speculation/) with the [current, academic understanding](https://www.reddit.com/r/AskHistorians/wiki/rules#wiki_sources) of the topic at hand. Before contributing again, please take the time to better familiarize yourself with [the rules](http://www.reddit.com/r/AskHistorians/wiki/rules#wiki_write_an_in-depth_answer), as well as our expectations for an answer such as featured on [Twitter](http://www.twitter.com/askhistorians) or in the [Sunday Digest](http://www.reddit.com/r/AskHistorians/search?q=title%3A%22Sunday+Digest%22&amp;restrict_sr=on&amp;sort=new&amp;t=all).", "edited": false, "author_flair_css_class": "moderator", "steward_reports": [], "is_submitter": false, "downs": 0, "author_flair_richtext": [{"e": "text", "t": "Moderator | Post-Napoleonic Warfare &amp; Small Arms | Dueling"}], "author_patreon_flair": false, "collapsed_reason": null, "body_html": "&lt;div class=\"md\"&gt;&lt;p&gt;Sorry, but we have removed your response, as we expect answers in this subreddit to be &lt;a href=\"https://www.reddit.com/r/AskHistorians/comments/1jsabs/what_it_means_to_post_a_good_answer_in/\"&gt;in-depth and comprehensive&lt;/a&gt;, and to demonstrate a &lt;a href=\"https://www.reddit.com/r/AskHistorians/comments/4kngwh/rules_roundtable_no_11_no_speculation/\"&gt;familiarity&lt;/a&gt; with the &lt;a href=\"https://www.reddit.com/r/AskHistorians/wiki/rules#wiki_sources\"&gt;current, academic understanding&lt;/a&gt; of the topic at hand. Before contributing again, please take the time to better familiarize yourself with &lt;a href=\"http://www.reddit.com/r/AskHistorians/wiki/rules#wiki_write_an_in-depth_answer\"&gt;the rules&lt;/a&gt;, as well as our expectations for an answer such as featured on &lt;a href=\"http://www.twitter.com/askhistorians\"&gt;Twitter&lt;/a&gt; or in the &lt;a href=\"http://www.reddit.com/r/AskHistorians/search?q=title%3A%22Sunday+Digest%22&amp;amp;restrict_sr=on&amp;amp;sort=new&amp;amp;t=all\"&gt;Sunday Digest&lt;/a&gt;.&lt;/p&gt;\n&lt;/div&gt;", "stickied": false, "subreddit_type": "public", "can_gild": true, "gildings": {}, "author_flair_text_color": "light", "score_hidden": false, "permalink": "/r/AskHistorians/comments/cl7crs/how_accurate_is_the_comparison_that_donald_trump/evtezlb/", "num_reports": null, "locked": false, "name": "t1_evtezlb", "created": 1564797769.0, "subreddit": "AskHistorians", "author_flair_text": "Moderator | Post-Napoleonic Warfare &amp; Small Arms | Dueling", "collapsed": false, "created_utc": 1564768969.0, "subreddit_name_prefixed": "r/AskHistorians", "controversiality": 0, "depth": 1, "author_flair_background_color": "#8b008b", "mod_reports": [], "mod_note": null, "distinguished": "moderator"}}], "after": null, "before": null}}, "user_reports": [], "saved": false, "id": "evtdlkr", "banned_at_utc": null, "mod_reason_title": null, "gilded": 0, "archived": false, "report_reasons": null, "author": "[deleted]", "can_mod_post": false, "send_replies": true, "parent_id": "t3_cl7crs", "score": -2, "approved_by": null, "all_awardings": [], "subreddit_id": "t5_2ssp3", "body": "[removed]", "edited": false, "author_flair_css_class": null, "steward_reports": [], "downs": 0, "is_submitter": false, "collapsed_reason": null, "body_html": "&lt;div class=\"md\"&gt;&lt;p&gt;[removed]&lt;/p&gt;\n&lt;/div&gt;", "stickied": false, "subreddit_type": "public", "can_gild": true, "gildings": {}, "author_flair_text_color": "dark", "score_hidden": false, "permalink": "/r/AskHistorians/comments/cl7crs/how_accurate_is_the_comparison_that_donald_trump/evtdlkr/", "num_reports": null, "locked": false, "name": "t1_evtdlkr", "created": 1564796937.0, "subreddit": "AskHistorians", "author_flair_text": null, "collapsed": false, "created_utc": 1564768137.0, "subreddit_name_prefixed": "r/AskHistorians", "controversiality": 0, "depth": 0, "author_flair_background_color": "", "mod_reports": [], "mod_note": null, "distinguished": null}}], "after": null, "before": null}}]