[{"kind": "Listing", "data": {"modhash": "", "dist": 1, "children": [{"kind": "t3", "data": {"subreddit_id": "t5_2ssp3", "approved_at_utc": null, "send_replies": true, "mod_reason_by": null, "banned_by": null, "removal_reason": null, "wls": 6, "subreddit": "AskHistorians", "selftext_html": "&lt;!-- SC_OFF --&gt;&lt;div class=\"md\"&gt;&lt;p&gt;The antiwar movement, civil rights, and rock and roll all were destabilizing to the United States. Why didn\u2019t the USSR support these movements more, considering if these were painted as communistic that would have galvanized a significant yourh population towards the east? &lt;/p&gt;\n&lt;/div&gt;&lt;!-- SC_ON --&gt;", "author_flair_template_id": null, "selftext": "The antiwar movement, civil rights, and rock and roll all were destabilizing to the United States. Why didn\u2019t the USSR support these movements more, considering if these were painted as communistic that would have galvanized a significant yourh population towards the east? ", "likes": null, "suggested_sort": null, "mod_note": null, "user_reports": [], "secure_media": null, "is_reddit_media_domain": false, "saved": false, "id": "7v4ic1", "banned_at_utc": null, "mod_reason_title": null, "view_count": null, "archived": false, "clicked": false, "no_follow": false, "author": "Heavy-Guy", "num_crossposts": 0, "link_flair_text": null, "can_mod_post": false, "is_crosspostable": false, "pinned": false, "score": 7, "approved_by": null, "over_18": false, "domain": "self.AskHistorians", "hidden": false, "pwls": 6, "thumbnail": "", "hide_score": false, "edited": false, "link_flair_css_class": null, "media_only": false, "author_flair_css_class": null, "contest_mode": false, "gilded": 0, "title": "Why did the USSR fail to capitalize on social unrest in the 60s and 70s? Alternatively, why couldn\u2019t the Beatles play in Moscow?", "downs": 0, "secure_media_embed": {}, "media_embed": {}, "author_flair_text": null, "stickied": false, "can_gild": false, "is_self": true, "parent_whitelist_status": "all_ads", "name": "t3_7v4ic1", "spoiler": false, "permalink": "/r/AskHistorians/comments/7v4ic1/why_did_the_ussr_fail_to_capitalize_on_social/", "subreddit_type": "public", "locked": false, "report_reasons": null, "created": 1517745713.0, "url": "https://www.reddit.com/r/AskHistorians/comments/7v4ic1/why_did_the_ussr_fail_to_capitalize_on_social/", "whitelist_status": "all_ads", "quarantine": false, "subreddit_subscribers": 755272, "created_utc": 1517716913.0, "subreddit_name_prefixed": "r/AskHistorians", "distinguished": null, "media": null, "num_comments": 1, "upvote_ratio": 0.89, "mod_reports": [], "visited": false, "num_reports": null, "is_video": false, "ups": 7, "post_categories": null}}], "after": null, "before": null}}, {"kind": "Listing", "data": {"modhash": "", "dist": null, "children": [{"kind": "t1", "data": {"subreddit_id": "t5_2ssp3", "approved_at_utc": null, "ups": 14, "mod_reason_by": null, "banned_by": null, "removal_reason": null, "link_id": "t3_7v4ic1", "author_flair_template_id": null, "likes": null, "no_follow": false, "replies": "", "user_reports": [], "saved": false, "id": "dtph4z9", "banned_at_utc": null, "mod_reason_title": null, "gilded": 0, "archived": false, "report_reasons": null, "author": "kieslowskifan", "can_mod_post": false, "send_replies": true, "parent_id": "t3_7v4ic1", "score": 14, "approved_by": null, "downs": 0, "body": "While a number of Western , largely conservative, critics of the New Left and the wider 1960s counterculture as communist, this did not mean the New Left was Marxist-Leninist in nature or that the USSR identified with them.The Soviet leadership was ambivalent about the New Left and this mirrored the generalized ambivalence the New Left's ideologues held for the USSR.  Although the New Left espoused a harsh critique of American society, their ideological focus was more in line with younger communist movements and leaders like Mao, Ho Chi Minh, or Che. Brezhnev and other Soviet leaders had experience with this type of ideological independence with both Tito and Mao during the 1940s and 50s and that had led them to be leery of ideological movements that deviated from Marxist-Leninist orthodoxy. Conversely, many within the New Left perceived Moscow as being run by old men and the emerging gerontocracy under [Brezhnev](https://pbs.twimg.com/media/CTiep-NXIAAFbtj.jpg) did not exactly present a picture of revolutionary dynamism. The fact that the SDS did grew out of an American progressive milieu instead of the American Communist Party added a further layer of skepticism for Soviet leaders. \n\nMoreover, the New Left would also occasionally criticized Soviet actions; one of the precursors of the New Left in Britain, the Communist Party Historians Group, which included such luminaries like E. P. Thompson and Eric Hobsbawm, openly critiqued the Soviet invasion of Hungary in 1956. There were similiar sentiments over the Soviet's crushing of Prague Spring. Graffiti both at Berkeley's and Chicago's1968 protests drew explicit connections between American police actions and Czechoslovakia. While this graffiti (welcome to Czechago) was more about thumbing the eye of the anticommunism of the West, it was not a celebratory picture of the USSR, especially in contrast to how the \"Old Left\" romanticized the Soviet worker state in the 1930s. \n\nThe transgressive cultural precepts of the New Left, especially its liberal stance on sexual mores, were at odds with the social conservatism that typified Soviet leadership during the Brezhnev era. One of the odder quirks of Soviet state attitudes towards music in the late 1960s and 1970s was they felt that rock bands exemplified by the Rolling Stones, The Doors or Jimi Hendrix were a cultural plot by the capitalism to sap the revolutionary vigor of youth through an appeal to hedonistic excess. Many teachers and other Soviet cultural gatekeepers lamented that the arrival of Beatlemania in the late 1960s via the Baltics or western Ukraine, which was more open to connections with Western Europe, as pulling Soviet youth towards esoteric Indian philosophy and spirituality rather than more grounded subjects. The Soviet state was very quick to repress its own counterculture whose hippies took their cues from the global movement (long hair, sexual freedom, etc.).    \n\n When faced with the rise of this movement in the West, the Soviet leadership was quite confused as to what to make of it. For example, these two Soviet cartoons [1](https://lh4.googleusercontent.com/-ZLbRtrPfPKk/ThnbVSs5tDI/AAAAAAAAHhk/dbV9G3Hw0qg/s800/crocodile_1971_12.jpg) and [2](https://lh6.googleusercontent.com/-NpefDwDrpKw/ThnbQ9r5abI/AAAAAAAAHhY/nW5rEAUX7mk/s800/crocodile_1971_16112.jpg) show solidarity with the war protesters as true representatives of the struggling masses that the USSR was on the side of. In contrast, this [cover \"Distinguishing Badges\"](https://i.imgur.com/MRJ7slt.jpg) of the 1969 Soviet satirical *Krokodil*  mocked the West's fashion of long hair and androgynous clothing as does this [Soviet cartoon](http://static.messynessychic.com/wp-content/uploads/2015/05/antistilyaga.jpg) that attacked the fashionable Soviet youth. This [cartoon](https://glorialana.files.wordpress.com/2013/08/helper.jpg) mocking stylish fringes would not be so out of place in Western anti-hippie discourse such as *Mad Magazine*. \n\nWriting in 1975, the German journalist Klaus Mehnert observed:\n\n&gt;The New Left is not one of the perennial topics that Soviet writers *have* to write about, rather it is a marginal phenomenon in Soviet writing [emphasis original]. Therefore, it is studied only by those especially interested. Seldom have I found anyone in the Soviet Union who even knew the New Left\u2019s name. \n\nMenhert found that although the Soviet state published extensively about the New Left and student protests, the state was more interested in the fact that the New Left was protesting than what in fact the New Left was actually saying. \n\n*Sources*\n\nDworkin, Dennis L. *Cultural Marxism in Postwar Britain: History, the New Left, and the origins of cultural studies*. Duke University Press, 1997.\n\nKatsiaficas, George N. *The Imagination of the New Left: A Global Analysis of 1968*. Boston, Mass: South End Press, 1987. \n\nMehnert, Klaus. *Moscow and the New Left*. Berkeley: University of California Press, 1975.    \n\nRisch, William Jay. *The Ukrainian West Culture and the Fate of Empire in Soviet Lviv*. Cambridge, Mass: Harvard University Press, 2011.  ", "edited": 1517720027.0, "author_flair_css_class": "qualitycontributor", "collapsed": false, "is_submitter": false, "collapsed_reason": null, "body_html": "&lt;div class=\"md\"&gt;&lt;p&gt;While a number of Western , largely conservative, critics of the New Left and the wider 1960s counterculture as communist, this did not mean the New Left was Marxist-Leninist in nature or that the USSR identified with them.The Soviet leadership was ambivalent about the New Left and this mirrored the generalized ambivalence the New Left&amp;#39;s ideologues held for the USSR.  Although the New Left espoused a harsh critique of American society, their ideological focus was more in line with younger communist movements and leaders like Mao, Ho Chi Minh, or Che. Brezhnev and other Soviet leaders had experience with this type of ideological independence with both Tito and Mao during the 1940s and 50s and that had led them to be leery of ideological movements that deviated from Marxist-Leninist orthodoxy. Conversely, many within the New Left perceived Moscow as being run by old men and the emerging gerontocracy under &lt;a href=\"https://pbs.twimg.com/media/CTiep-NXIAAFbtj.jpg\"&gt;Brezhnev&lt;/a&gt; did not exactly present a picture of revolutionary dynamism. The fact that the SDS did grew out of an American progressive milieu instead of the American Communist Party added a further layer of skepticism for Soviet leaders. &lt;/p&gt;\n\n&lt;p&gt;Moreover, the New Left would also occasionally criticized Soviet actions; one of the precursors of the New Left in Britain, the Communist Party Historians Group, which included such luminaries like E. P. Thompson and Eric Hobsbawm, openly critiqued the Soviet invasion of Hungary in 1956. There were similiar sentiments over the Soviet&amp;#39;s crushing of Prague Spring. Graffiti both at Berkeley&amp;#39;s and Chicago&amp;#39;s1968 protests drew explicit connections between American police actions and Czechoslovakia. While this graffiti (welcome to Czechago) was more about thumbing the eye of the anticommunism of the West, it was not a celebratory picture of the USSR, especially in contrast to how the &amp;quot;Old Left&amp;quot; romanticized the Soviet worker state in the 1930s. &lt;/p&gt;\n\n&lt;p&gt;The transgressive cultural precepts of the New Left, especially its liberal stance on sexual mores, were at odds with the social conservatism that typified Soviet leadership during the Brezhnev era. One of the odder quirks of Soviet state attitudes towards music in the late 1960s and 1970s was they felt that rock bands exemplified by the Rolling Stones, The Doors or Jimi Hendrix were a cultural plot by the capitalism to sap the revolutionary vigor of youth through an appeal to hedonistic excess. Many teachers and other Soviet cultural gatekeepers lamented that the arrival of Beatlemania in the late 1960s via the Baltics or western Ukraine, which was more open to connections with Western Europe, as pulling Soviet youth towards esoteric Indian philosophy and spirituality rather than more grounded subjects. The Soviet state was very quick to repress its own counterculture whose hippies took their cues from the global movement (long hair, sexual freedom, etc.).    &lt;/p&gt;\n\n&lt;p&gt;When faced with the rise of this movement in the West, the Soviet leadership was quite confused as to what to make of it. For example, these two Soviet cartoons &lt;a href=\"https://lh4.googleusercontent.com/-ZLbRtrPfPKk/ThnbVSs5tDI/AAAAAAAAHhk/dbV9G3Hw0qg/s800/crocodile_1971_12.jpg\"&gt;1&lt;/a&gt; and &lt;a href=\"https://lh6.googleusercontent.com/-NpefDwDrpKw/ThnbQ9r5abI/AAAAAAAAHhY/nW5rEAUX7mk/s800/crocodile_1971_16112.jpg\"&gt;2&lt;/a&gt; show solidarity with the war protesters as true representatives of the struggling masses that the USSR was on the side of. In contrast, this &lt;a href=\"https://i.imgur.com/MRJ7slt.jpg\"&gt;cover &amp;quot;Distinguishing Badges&amp;quot;&lt;/a&gt; of the 1969 Soviet satirical &lt;em&gt;Krokodil&lt;/em&gt;  mocked the West&amp;#39;s fashion of long hair and androgynous clothing as does this &lt;a href=\"http://static.messynessychic.com/wp-content/uploads/2015/05/antistilyaga.jpg\"&gt;Soviet cartoon&lt;/a&gt; that attacked the fashionable Soviet youth. This &lt;a href=\"https://glorialana.files.wordpress.com/2013/08/helper.jpg\"&gt;cartoon&lt;/a&gt; mocking stylish fringes would not be so out of place in Western anti-hippie discourse such as &lt;em&gt;Mad Magazine&lt;/em&gt;. &lt;/p&gt;\n\n&lt;p&gt;Writing in 1975, the German journalist Klaus Mehnert observed:&lt;/p&gt;\n\n&lt;blockquote&gt;\n&lt;p&gt;The New Left is not one of the perennial topics that Soviet writers &lt;em&gt;have&lt;/em&gt; to write about, rather it is a marginal phenomenon in Soviet writing [emphasis original]. Therefore, it is studied only by those especially interested. Seldom have I found anyone in the Soviet Union who even knew the New Left\u2019s name. &lt;/p&gt;\n&lt;/blockquote&gt;\n\n&lt;p&gt;Menhert found that although the Soviet state published extensively about the New Left and student protests, the state was more interested in the fact that the New Left was protesting than what in fact the New Left was actually saying. &lt;/p&gt;\n\n&lt;p&gt;&lt;em&gt;Sources&lt;/em&gt;&lt;/p&gt;\n\n&lt;p&gt;Dworkin, Dennis L. &lt;em&gt;Cultural Marxism in Postwar Britain: History, the New Left, and the origins of cultural studies&lt;/em&gt;. Duke University Press, 1997.&lt;/p&gt;\n\n&lt;p&gt;Katsiaficas, George N. &lt;em&gt;The Imagination of the New Left: A Global Analysis of 1968&lt;/em&gt;. Boston, Mass: South End Press, 1987. &lt;/p&gt;\n\n&lt;p&gt;Mehnert, Klaus. &lt;em&gt;Moscow and the New Left&lt;/em&gt;. Berkeley: University of California Press, 1975.    &lt;/p&gt;\n\n&lt;p&gt;Risch, William Jay. &lt;em&gt;The Ukrainian West Culture and the Fate of Empire in Soviet Lviv&lt;/em&gt;. Cambridge, Mass: Harvard University Press, 2011.  &lt;/p&gt;\n&lt;/div&gt;", "subreddit_type": "public", "can_gild": true, "subreddit": "AskHistorians", "name": "t1_dtph4z9", "score_hidden": false, "permalink": "/r/AskHistorians/comments/7v4ic1/why_did_the_ussr_fail_to_capitalize_on_social/dtph4z9/", "num_reports": null, "stickied": false, "created": 1517747615.0, "author_flair_text": "Top Quality Contributor", "created_utc": 1517718815.0, "subreddit_name_prefixed": "r/AskHistorians", "controversiality": 0, "depth": 0, "mod_reports": [], "mod_note": null, "distinguished": null}}], "after": null, "before": null}}]