[{"kind": "Listing", "data": {"modhash": "", "dist": 1, "children": [{"kind": "t3", "data": {"subreddit_id": "t5_2ssp3", "approved_at_utc": null, "send_replies": false, "mod_reason_by": null, "banned_by": null, "removal_reason": null, "wls": 6, "subreddit": "AskHistorians", "selftext_html": "&lt;!-- SC_OFF --&gt;&lt;div class=\"md\"&gt;&lt;p&gt;Essentially, I&amp;#39;m curious as to whether there are state-wide governmental offices in the U.S. where members of a single party have been elected constantly for more than a hundred years, &lt;em&gt;to this day&lt;/em&gt; (I&amp;#39;m not looking for examples that were eventually broken in the past).&lt;/p&gt;\n&lt;/div&gt;&lt;!-- SC_ON --&gt;", "author_flair_template_id": null, "selftext": "Essentially, I'm curious as to whether there are state-wide governmental offices in the U.S. where members of a single party have been elected constantly for more than a hundred years, *to this day* (I'm not looking for examples that were eventually broken in the past).", "likes": null, "suggested_sort": null, "mod_note": null, "user_reports": [], "secure_media": null, "is_reddit_media_domain": false, "saved": false, "id": "73xwak", "banned_at_utc": null, "mod_reason_title": null, "view_count": null, "archived": true, "clicked": false, "no_follow": true, "author": "thefallafelman", "num_crossposts": 0, "link_flair_text": null, "can_mod_post": false, "is_crosspostable": false, "pinned": false, "score": 1, "approved_by": null, "over_18": false, "domain": "self.AskHistorians", "hidden": false, "pwls": 6, "thumbnail": "", "hide_score": false, "edited": false, "link_flair_css_class": null, "media_only": false, "author_flair_css_class": null, "contest_mode": false, "gilded": 0, "title": "Are there examples of political offices in the United States that a single party has held for more than a century?", "downs": 0, "secure_media_embed": {}, "media_embed": {}, "author_flair_text": null, "stickied": false, "can_gild": false, "is_self": true, "parent_whitelist_status": "all_ads", "name": "t3_73xwak", "spoiler": false, "permalink": "/r/AskHistorians/comments/73xwak/are_there_examples_of_political_offices_in_the/", "subreddit_type": "public", "locked": false, "report_reasons": null, "created": 1507030069.0, "url": "https://www.reddit.com/r/AskHistorians/comments/73xwak/are_there_examples_of_political_offices_in_the/", "whitelist_status": "all_ads", "quarantine": false, "subreddit_subscribers": 759253, "created_utc": 1507001269.0, "subreddit_name_prefixed": "r/AskHistorians", "distinguished": null, "media": null, "num_comments": 0, "upvote_ratio": 0.6, "mod_reports": [], "visited": false, "num_reports": null, "is_video": false, "ups": 1, "post_categories": null}}], "after": null, "before": null}}, {"kind": "Listing", "data": {"modhash": "", "dist": null, "children": [], "after": null, "before": null}}]