[{"kind": "Listing", "data": {"modhash": "", "dist": 1, "children": [{"kind": "t3", "data": {"subreddit_id": "t5_2ssp3", "approved_at_utc": null, "send_replies": true, "mod_reason_by": null, "banned_by": null, "removal_reason": null, "wls": 6, "subreddit": "AskHistorians", "selftext_html": "&lt;!-- SC_OFF --&gt;&lt;div class=\"md\"&gt;&lt;p&gt;As a political body, it was clearly effective enough to organize defence on multiple occasions. How would that have been carried out? How would the lives of Dithmarschers been different from peasants in other Hanseatic places?&lt;/p&gt;\n&lt;/div&gt;&lt;!-- SC_ON --&gt;", "author_flair_template_id": null, "selftext": "As a political body, it was clearly effective enough to organize defence on multiple occasions. How would that have been carried out? How would the lives of Dithmarschers been different from peasants in other Hanseatic places?", "likes": null, "suggested_sort": null, "mod_note": null, "user_reports": [], "secure_media": null, "is_reddit_media_domain": false, "saved": false, "id": "740d9n", "banned_at_utc": null, "mod_reason_title": null, "view_count": null, "archived": true, "clicked": false, "no_follow": false, "author": "BZH_JJM", "num_crossposts": 0, "link_flair_text": null, "can_mod_post": false, "is_crosspostable": false, "pinned": false, "score": 1015, "approved_by": null, "over_18": false, "domain": "self.AskHistorians", "hidden": false, "pwls": 6, "thumbnail": "", "hide_score": false, "edited": false, "link_flair_css_class": null, "media_only": false, "author_flair_css_class": null, "contest_mode": false, "gilded": 0, "title": "How did the free peasant republic in Dithmarschen in the 15th and 16th centuries actually function?", "downs": 0, "secure_media_embed": {}, "media_embed": {}, "author_flair_text": null, "stickied": false, "can_gild": false, "is_self": true, "parent_whitelist_status": "all_ads", "name": "t3_740d9n", "spoiler": false, "permalink": "/r/AskHistorians/comments/740d9n/how_did_the_free_peasant_republic_in_dithmarschen/", "subreddit_type": "public", "locked": false, "report_reasons": null, "created": 1507065986.0, "url": "https://www.reddit.com/r/AskHistorians/comments/740d9n/how_did_the_free_peasant_republic_in_dithmarschen/", "whitelist_status": "all_ads", "quarantine": false, "subreddit_subscribers": 759253, "created_utc": 1507037186.0, "subreddit_name_prefixed": "r/AskHistorians", "distinguished": null, "media": null, "num_comments": 22, "upvote_ratio": 0.94, "mod_reports": [], "visited": false, "num_reports": null, "is_video": false, "ups": 1015, "post_categories": null}}], "after": null, "before": null}}, {"kind": "Listing", "data": {"modhash": "", "dist": null, "children": [{"kind": "t1", "data": {"subreddit_id": "t5_2ssp3", "approved_at_utc": null, "ups": 244, "mod_reason_by": null, "banned_by": null, "removal_reason": null, "link_id": "t3_740d9n", "author_flair_template_id": null, "likes": null, "no_follow": false, "replies": {"kind": "Listing", "data": {"modhash": "", "dist": null, "children": [{"kind": "t1", "data": {"subreddit_id": "t5_2ssp3", "approved_at_utc": null, "ups": 40, "mod_reason_by": null, "banned_by": null, "removal_reason": null, "link_id": "t3_740d9n", "author_flair_template_id": null, "likes": null, "no_follow": false, "replies": {"kind": "Listing", "data": {"modhash": "", "dist": null, "children": [{"kind": "t1", "data": {"subreddit_id": "t5_2ssp3", "approved_at_utc": null, "ups": 77, "mod_reason_by": null, "banned_by": null, "removal_reason": null, "link_id": "t3_740d9n", "author_flair_template_id": null, "likes": null, "no_follow": false, "replies": {"kind": "Listing", "data": {"modhash": "", "dist": null, "children": [{"kind": "t1", "data": {"subreddit_id": "t5_2ssp3", "approved_at_utc": null, "ups": 12, "mod_reason_by": null, "banned_by": null, "removal_reason": null, "link_id": "t3_740d9n", "author_flair_template_id": null, "likes": null, "no_follow": false, "replies": "", "user_reports": [], "saved": false, "id": "dnv6rfo", "banned_at_utc": null, "mod_reason_title": null, "gilded": 0, "archived": true, "report_reasons": null, "author": "real_jeeger", "can_mod_post": false, "send_replies": true, "parent_id": "t1_dnv69rl", "score": 12, "approved_by": null, "downs": 0, "body": "Cool! Thanks for the in-depth answer!", "edited": false, "author_flair_css_class": null, "collapsed": false, "is_submitter": false, "collapsed_reason": null, "body_html": "&lt;div class=\"md\"&gt;&lt;p&gt;Cool! Thanks for the in-depth answer!&lt;/p&gt;\n&lt;/div&gt;", "subreddit_type": "public", "can_gild": true, "subreddit": "AskHistorians", "name": "t1_dnv6rfo", "score_hidden": false, "permalink": "/r/AskHistorians/comments/740d9n/how_did_the_free_peasant_republic_in_dithmarschen/dnv6rfo/", "num_reports": null, "stickied": false, "created": 1507094343.0, "author_flair_text": null, "created_utc": 1507065543.0, "subreddit_name_prefixed": "r/AskHistorians", "controversiality": 0, "depth": 3, "mod_reports": [], "mod_note": null, "distinguished": null}}, {"kind": "t1", "data": {"subreddit_id": "t5_2ssp3", "approved_at_utc": null, "ups": 4, "mod_reason_by": null, "banned_by": null, "removal_reason": null, "link_id": "t3_740d9n", "author_flair_template_id": null, "likes": null, "no_follow": true, "replies": {"kind": "Listing", "data": {"modhash": "", "dist": null, "children": [{"kind": "t1", "data": {"subreddit_id": "t5_2ssp3", "approved_at_utc": null, "ups": 20, "mod_reason_by": null, "banned_by": null, "removal_reason": null, "link_id": "t3_740d9n", "author_flair_template_id": null, "likes": null, "no_follow": false, "replies": {"kind": "Listing", "data": {"modhash": "", "dist": null, "children": [{"kind": "t1", "data": {"subreddit_id": "t5_2ssp3", "approved_at_utc": null, "ups": 9, "mod_reason_by": null, "banned_by": null, "removal_reason": null, "link_id": "t3_740d9n", "author_flair_template_id": null, "likes": null, "no_follow": false, "replies": "", "user_reports": [], "saved": false, "id": "dnvd1nv", "banned_at_utc": null, "mod_reason_title": null, "gilded": 0, "archived": true, "report_reasons": null, "author": "bemonk", "can_mod_post": false, "send_replies": true, "parent_id": "t1_dnvcytb", "score": 9, "approved_by": null, "downs": 0, "body": "It was just an expression.", "edited": false, "author_flair_css_class": "europe", "collapsed": false, "is_submitter": false, "collapsed_reason": null, "body_html": "&lt;div class=\"md\"&gt;&lt;p&gt;It was just an expression.&lt;/p&gt;\n&lt;/div&gt;", "subreddit_type": "public", "can_gild": true, "subreddit": "AskHistorians", "name": "t1_dnvd1nv", "score_hidden": false, "permalink": "/r/AskHistorians/comments/740d9n/how_did_the_free_peasant_republic_in_dithmarschen/dnvd1nv/", "num_reports": null, "stickied": false, "created": 1507101841.0, "author_flair_text": "Early Modern Alchemy | German &amp; Bohemian History", "created_utc": 1507073041.0, "subreddit_name_prefixed": "r/AskHistorians", "controversiality": 0, "depth": 5, "mod_reports": [], "mod_note": null, "distinguished": null}}], "after": null, "before": null}}, "user_reports": [], "saved": false, "id": "dnvcytb", "banned_at_utc": null, "mod_reason_title": null, "gilded": 0, "archived": true, "report_reasons": null, "author": "lirael_", "can_mod_post": false, "send_replies": true, "parent_id": "t1_dnvc5k9", "score": 20, "approved_by": null, "downs": 0, "body": "\"tea\" can refer to any plant infusion. ancient europeans drank mad herbal tea", "edited": false, "author_flair_css_class": null, "collapsed": false, "is_submitter": false, "collapsed_reason": null, "body_html": "&lt;div class=\"md\"&gt;&lt;p&gt;&amp;quot;tea&amp;quot; can refer to any plant infusion. ancient europeans drank mad herbal tea&lt;/p&gt;\n&lt;/div&gt;", "subreddit_type": "public", "can_gild": true, "subreddit": "AskHistorians", "name": "t1_dnvcytb", "score_hidden": false, "permalink": "/r/AskHistorians/comments/740d9n/how_did_the_free_peasant_republic_in_dithmarschen/dnvcytb/", "num_reports": null, "stickied": false, "created": 1507101739.0, "author_flair_text": null, "created_utc": 1507072939.0, "subreddit_name_prefixed": "r/AskHistorians", "controversiality": 0, "depth": 4, "mod_reports": [], "mod_note": null, "distinguished": null}}, {"kind": "t1", "data": {"subreddit_id": "t5_2ssp3", "approved_at_utc": null, "ups": 6, "mod_reason_by": null, "banned_by": null, "removal_reason": null, "link_id": "t3_740d9n", "author_flair_template_id": null, "likes": null, "no_follow": false, "replies": "", "user_reports": [], "saved": false, "id": "dnvd1e3", "banned_at_utc": null, "mod_reason_title": null, "gilded": 0, "archived": true, "report_reasons": null, "author": "bemonk", "can_mod_post": false, "send_replies": true, "parent_id": "t1_dnvc5k9", "score": 6, "approved_by": null, "downs": 0, "body": "Just an expression. They do love their tea these days though.", "edited": false, "author_flair_css_class": "europe", "collapsed": false, "is_submitter": false, "collapsed_reason": null, "body_html": "&lt;div class=\"md\"&gt;&lt;p&gt;Just an expression. They do love their tea these days though.&lt;/p&gt;\n&lt;/div&gt;", "subreddit_type": "public", "can_gild": true, "subreddit": "AskHistorians", "name": "t1_dnvd1e3", "score_hidden": false, "permalink": "/r/AskHistorians/comments/740d9n/how_did_the_free_peasant_republic_in_dithmarschen/dnvd1e3/", "num_reports": null, "stickied": false, "created": 1507101832.0, "author_flair_text": "Early Modern Alchemy | German &amp; Bohemian History", "created_utc": 1507073032.0, "subreddit_name_prefixed": "r/AskHistorians", "controversiality": 0, "depth": 4, "mod_reports": [], "mod_note": null, "distinguished": null}}], "after": null, "before": null}}, "user_reports": [], "saved": false, "id": "dnvc5k9", "banned_at_utc": null, "mod_reason_title": null, "gilded": 0, "archived": true, "report_reasons": null, "author": "LordCunnilingus", "can_mod_post": false, "send_replies": true, "parent_id": "t1_dnv69rl", "score": 4, "approved_by": null, "downs": 0, "body": "&gt;Quietly drink tea. \n\nSorry if I'm being dense, but wasn't tea introduced to Europe a few centuries later? Or is this just an expression?", "edited": false, "author_flair_css_class": null, "collapsed": false, "is_submitter": false, "collapsed_reason": null, "body_html": "&lt;div class=\"md\"&gt;&lt;blockquote&gt;\n&lt;p&gt;Quietly drink tea. &lt;/p&gt;\n&lt;/blockquote&gt;\n\n&lt;p&gt;Sorry if I&amp;#39;m being dense, but wasn&amp;#39;t tea introduced to Europe a few centuries later? Or is this just an expression?&lt;/p&gt;\n&lt;/div&gt;", "subreddit_type": "public", "can_gild": true, "subreddit": "AskHistorians", "name": "t1_dnvc5k9", "score_hidden": false, "permalink": "/r/AskHistorians/comments/740d9n/how_did_the_free_peasant_republic_in_dithmarschen/dnvc5k9/", "num_reports": null, "stickied": false, "created": 1507100697.0, "author_flair_text": null, "created_utc": 1507071897.0, "subreddit_name_prefixed": "r/AskHistorians", "controversiality": 0, "depth": 3, "mod_reports": [], "mod_note": null, "distinguished": null}}], "after": null, "before": null}}, "user_reports": [], "saved": false, "id": "dnv69rl", "banned_at_utc": null, "mod_reason_title": null, "gilded": 0, "archived": true, "report_reasons": null, "author": "bemonk", "can_mod_post": false, "send_replies": true, "parent_id": "t1_dnv4hco", "score": 77, "approved_by": null, "downs": 0, "body": "Nope! M\u00fcnster was decidedly different and centuries later. Much more a 'metropolitan' setting, with a more straight-up revolution/charismatic cult leader. M\u00fcnster is kind of an anomaly. Under a single leader though.\n\nThese coastal areas were very egalitarian. Quietly drink tea. Conservative and quiet. M\u00fcnster was an explosion.\n\nAlthough the independent nature of the Coastal areas did make them ripe for the reformation... so some parallels, after I all, I guess.\n\nSo M\u00fcnster lasted.. what? a few months or a year or so? Frisians were frisians for Millennia. Seriously, their Germanic dialect may actually be it's own branch - and not really a dialect at all. They are ancient (bronze age, romans, migration period ancient - other Germanic tribes moved around MUCH more)", "edited": 1507065327.0, "author_flair_css_class": "europe", "collapsed": false, "is_submitter": false, "collapsed_reason": null, "body_html": "&lt;div class=\"md\"&gt;&lt;p&gt;Nope! M\u00fcnster was decidedly different and centuries later. Much more a &amp;#39;metropolitan&amp;#39; setting, with a more straight-up revolution/charismatic cult leader. M\u00fcnster is kind of an anomaly. Under a single leader though.&lt;/p&gt;\n\n&lt;p&gt;These coastal areas were very egalitarian. Quietly drink tea. Conservative and quiet. M\u00fcnster was an explosion.&lt;/p&gt;\n\n&lt;p&gt;Although the independent nature of the Coastal areas did make them ripe for the reformation... so some parallels, after I all, I guess.&lt;/p&gt;\n\n&lt;p&gt;So M\u00fcnster lasted.. what? a few months or a year or so? Frisians were frisians for Millennia. Seriously, their Germanic dialect may actually be it&amp;#39;s own branch - and not really a dialect at all. They are ancient (bronze age, romans, migration period ancient - other Germanic tribes moved around MUCH more)&lt;/p&gt;\n&lt;/div&gt;", "subreddit_type": "public", "can_gild": true, "subreddit": "AskHistorians", "name": "t1_dnv69rl", "score_hidden": false, "permalink": "/r/AskHistorians/comments/740d9n/how_did_the_free_peasant_republic_in_dithmarschen/dnv69rl/", "num_reports": null, "stickied": false, "created": 1507093794.0, "author_flair_text": "Early Modern Alchemy | German &amp; Bohemian History", "created_utc": 1507064994.0, "subreddit_name_prefixed": "r/AskHistorians", "controversiality": 0, "depth": 2, "mod_reports": [], "mod_note": null, "distinguished": null}}], "after": null, "before": null}}, "user_reports": [], "saved": false, "id": "dnv4hco", "banned_at_utc": null, "mod_reason_title": null, "gilded": 0, "archived": true, "report_reasons": null, "author": "real_jeeger", "can_mod_post": false, "send_replies": true, "parent_id": "t1_dnv1o0i", "score": 40, "approved_by": null, "downs": 0, "body": "Are these republics in any way similar to the anabaptist communities (for example in M\u00fcnster)? Or is it a kind of  \"parallel development\", so there was no religious background for the formation, merely the practicalities of politics?\n\n(Sorry if this is hard to understand, I don't get to ask historical questions very frequently!)", "edited": false, "author_flair_css_class": null, "collapsed": false, "is_submitter": false, "collapsed_reason": null, "body_html": "&lt;div class=\"md\"&gt;&lt;p&gt;Are these republics in any way similar to the anabaptist communities (for example in M\u00fcnster)? Or is it a kind of  &amp;quot;parallel development&amp;quot;, so there was no religious background for the formation, merely the practicalities of politics?&lt;/p&gt;\n\n&lt;p&gt;(Sorry if this is hard to understand, I don&amp;#39;t get to ask historical questions very frequently!)&lt;/p&gt;\n&lt;/div&gt;", "subreddit_type": "public", "can_gild": true, "subreddit": "AskHistorians", "name": "t1_dnv4hco", "score_hidden": false, "permalink": "/r/AskHistorians/comments/740d9n/how_did_the_free_peasant_republic_in_dithmarschen/dnv4hco/", "num_reports": null, "stickied": false, "created": 1507091859.0, "author_flair_text": null, "created_utc": 1507063059.0, "subreddit_name_prefixed": "r/AskHistorians", "controversiality": 0, "depth": 1, "mod_reports": [], "mod_note": null, "distinguished": null}}, {"kind": "t1", "data": {"subreddit_id": "t5_2ssp3", "approved_at_utc": null, "ups": 13, "mod_reason_by": null, "banned_by": null, "removal_reason": null, "link_id": "t3_740d9n", "author_flair_template_id": null, "likes": null, "no_follow": false, "replies": {"kind": "Listing", "data": {"modhash": "", "dist": null, "children": [{"kind": "t1", "data": {"subreddit_id": "t5_2ssp3", "approved_at_utc": null, "ups": 23, "mod_reason_by": null, "banned_by": null, "removal_reason": null, "link_id": "t3_740d9n", "author_flair_template_id": null, "likes": null, "no_follow": false, "replies": {"kind": "Listing", "data": {"modhash": "", "dist": null, "children": [{"kind": "t1", "data": {"subreddit_id": "t5_2ssp3", "approved_at_utc": null, "ups": 1, "mod_reason_by": null, "banned_by": null, "removal_reason": null, "link_id": "t3_740d9n", "author_flair_template_id": null, "likes": null, "no_follow": true, "replies": {"kind": "Listing", "data": {"modhash": "", "dist": null, "children": [{"kind": "t1", "data": {"subreddit_id": "t5_2ssp3", "approved_at_utc": null, "ups": 6, "mod_reason_by": null, "banned_by": null, "removal_reason": null, "link_id": "t3_740d9n", "author_flair_template_id": null, "likes": null, "no_follow": false, "replies": "", "user_reports": [], "saved": false, "id": "dnwihzq", "banned_at_utc": null, "mod_reason_title": null, "gilded": 0, "archived": true, "report_reasons": null, "author": "bemonk", "can_mod_post": false, "send_replies": true, "parent_id": "t1_dnvk4mg", "score": 6, "approved_by": null, "downs": 0, "body": "So, the Watt is super shallow ocean. When the tide goes out it actually goes out 2 miles (3 km) ..I've walked out to an island, and then taken the ship back at  high tide, for example.\n\nSo lights to fake the river delta lighthouse or harbor. In the fog and with the tide going out, the ships were trapped - even if the realized what was happening. Then you just walk out there with boots and swords and whatnot.\n\nSome of these stories actually go way back to when Frisians could be considered a germanic tribe. Roman, or slightly post. Whenever times got rough, just beach a boat or two.", "edited": false, "author_flair_css_class": "europe", "collapsed": false, "is_submitter": false, "collapsed_reason": null, "body_html": "&lt;div class=\"md\"&gt;&lt;p&gt;So, the Watt is super shallow ocean. When the tide goes out it actually goes out 2 miles (3 km) ..I&amp;#39;ve walked out to an island, and then taken the ship back at  high tide, for example.&lt;/p&gt;\n\n&lt;p&gt;So lights to fake the river delta lighthouse or harbor. In the fog and with the tide going out, the ships were trapped - even if the realized what was happening. Then you just walk out there with boots and swords and whatnot.&lt;/p&gt;\n\n&lt;p&gt;Some of these stories actually go way back to when Frisians could be considered a germanic tribe. Roman, or slightly post. Whenever times got rough, just beach a boat or two.&lt;/p&gt;\n&lt;/div&gt;", "subreddit_type": "public", "can_gild": true, "subreddit": "AskHistorians", "name": "t1_dnwihzq", "score_hidden": false, "permalink": "/r/AskHistorians/comments/740d9n/how_did_the_free_peasant_republic_in_dithmarschen/dnwihzq/", "num_reports": null, "stickied": false, "created": 1507165558.0, "author_flair_text": "Early Modern Alchemy | German &amp; Bohemian History", "created_utc": 1507136758.0, "subreddit_name_prefixed": "r/AskHistorians", "controversiality": 0, "depth": 4, "mod_reports": [], "mod_note": null, "distinguished": null}}], "after": null, "before": null}}, "user_reports": [], "saved": false, "id": "dnvk4mg", "banned_at_utc": null, "mod_reason_title": null, "gilded": 0, "archived": true, "report_reasons": null, "author": "YesterMatt", "can_mod_post": false, "send_replies": true, "parent_id": "t1_dnv6fxg", "score": 1, "approved_by": null, "downs": 0, "body": "How did the land pirates go about tricking the ships? ", "edited": false, "author_flair_css_class": null, "collapsed": false, "is_submitter": false, "collapsed_reason": null, "body_html": "&lt;div class=\"md\"&gt;&lt;p&gt;How did the land pirates go about tricking the ships? &lt;/p&gt;\n&lt;/div&gt;", "subreddit_type": "public", "can_gild": true, "subreddit": "AskHistorians", "name": "t1_dnvk4mg", "score_hidden": false, "permalink": "/r/AskHistorians/comments/740d9n/how_did_the_free_peasant_republic_in_dithmarschen/dnvk4mg/", "num_reports": null, "stickied": false, "created": 1507110591.0, "author_flair_text": null, "created_utc": 1507081791.0, "subreddit_name_prefixed": "r/AskHistorians", "controversiality": 0, "depth": 3, "mod_reports": [], "mod_note": null, "distinguished": null}}, {"kind": "t1", "data": {"subreddit_id": "t5_2ssp3", "approved_at_utc": null, "ups": 1, "mod_reason_by": null, "banned_by": null, "removal_reason": null, "link_id": "t3_740d9n", "author_flair_template_id": null, "likes": null, "no_follow": true, "replies": {"kind": "Listing", "data": {"modhash": "", "dist": null, "children": [{"kind": "t1", "data": {"subreddit_id": "t5_2ssp3", "approved_at_utc": null, "ups": 5, "mod_reason_by": null, "banned_by": null, "removal_reason": null, "link_id": "t3_740d9n", "author_flair_template_id": null, "likes": null, "no_follow": false, "replies": {"kind": "Listing", "data": {"modhash": "", "dist": null, "children": [{"kind": "t1", "data": {"subreddit_id": "t5_2ssp3", "approved_at_utc": null, "ups": 1, "mod_reason_by": null, "banned_by": null, "removal_reason": null, "link_id": "t3_740d9n", "author_flair_template_id": null, "likes": null, "no_follow": true, "replies": "", "user_reports": [], "saved": false, "id": "dnx5m3t", "banned_at_utc": null, "mod_reason_title": null, "gilded": 0, "archived": true, "report_reasons": null, "author": "galaxyrocker", "can_mod_post": false, "send_replies": true, "parent_id": "t1_dnvrfjc", "score": 1, "approved_by": null, "downs": 0, "body": "Awesome! Thank you very much -- I'll definitely be looking into this (and probably will get your book eventually!).", "edited": false, "author_flair_css_class": null, "collapsed": false, "is_submitter": false, "collapsed_reason": null, "body_html": "&lt;div class=\"md\"&gt;&lt;p&gt;Awesome! Thank you very much -- I&amp;#39;ll definitely be looking into this (and probably will get your book eventually!).&lt;/p&gt;\n&lt;/div&gt;", "subreddit_type": "public", "can_gild": true, "subreddit": "AskHistorians", "name": "t1_dnx5m3t", "score_hidden": false, "permalink": "/r/AskHistorians/comments/740d9n/how_did_the_free_peasant_republic_in_dithmarschen/dnx5m3t/", "num_reports": null, "stickied": false, "created": 1507190617.0, "author_flair_text": null, "created_utc": 1507161817.0, "subreddit_name_prefixed": "r/AskHistorians", "controversiality": 0, "depth": 5, "mod_reports": [], "mod_note": null, "distinguished": null}}], "after": null, "before": null}}, "user_reports": [], "saved": false, "id": "dnvrfjc", "banned_at_utc": null, "mod_reason_title": null, "gilded": 0, "archived": true, "report_reasons": null, "author": "bemonk", "can_mod_post": false, "send_replies": true, "parent_id": "t1_dnvoeku", "score": 5, "approved_by": null, "downs": 0, "body": "Yes! That's what started it all. It's basically my [bread and butter](https://www.reddit.com/r/AskHistorians/wiki/profiles/bemonk) here at AskHistorians.\n\nBut I've talked about it for hours on the History of Alchemy Podcast historyofalchemypodcast.com and podcastnik.com \n\nAnd if I may be so bold - if you're really just looking at the topic for the first time, that's why I wrote [this guy](https://www.amazon.com/Alchemy-Booklet-Short-Introduction-Understanding/dp/1494819015).\n\nAnd now I feel dirty for just shilling my own stuff, so my favorite author on alchemy is William R. Newman, followed by Francis Yates.\n\n", "edited": false, "author_flair_css_class": "europe", "collapsed": false, "is_submitter": false, "collapsed_reason": null, "body_html": "&lt;div class=\"md\"&gt;&lt;p&gt;Yes! That&amp;#39;s what started it all. It&amp;#39;s basically my &lt;a href=\"https://www.reddit.com/r/AskHistorians/wiki/profiles/bemonk\"&gt;bread and butter&lt;/a&gt; here at AskHistorians.&lt;/p&gt;\n\n&lt;p&gt;But I&amp;#39;ve talked about it for hours on the History of Alchemy Podcast historyofalchemypodcast.com and podcastnik.com &lt;/p&gt;\n\n&lt;p&gt;And if I may be so bold - if you&amp;#39;re really just looking at the topic for the first time, that&amp;#39;s why I wrote &lt;a href=\"https://www.amazon.com/Alchemy-Booklet-Short-Introduction-Understanding/dp/1494819015\"&gt;this guy&lt;/a&gt;.&lt;/p&gt;\n\n&lt;p&gt;And now I feel dirty for just shilling my own stuff, so my favorite author on alchemy is William R. Newman, followed by Francis Yates.&lt;/p&gt;\n&lt;/div&gt;", "subreddit_type": "public", "can_gild": true, "subreddit": "AskHistorians", "name": "t1_dnvrfjc", "score_hidden": false, "permalink": "/r/AskHistorians/comments/740d9n/how_did_the_free_peasant_republic_in_dithmarschen/dnvrfjc/", "num_reports": null, "stickied": false, "created": 1507120719.0, "author_flair_text": "Early Modern Alchemy | German &amp; Bohemian History", "created_utc": 1507091919.0, "subreddit_name_prefixed": "r/AskHistorians", "controversiality": 0, "depth": 4, "mod_reports": [], "mod_note": null, "distinguished": null}}], "after": null, "before": null}}, "user_reports": [], "saved": false, "id": "dnvoeku", "banned_at_utc": null, "mod_reason_title": null, "gilded": 0, "archived": true, "report_reasons": null, "author": "galaxyrocker", "can_mod_post": false, "send_replies": true, "parent_id": "t1_dnv6fxg", "score": 1, "approved_by": null, "downs": 0, "body": "A little off topic, but I saw your flair: any good books/articles you'd recommend on Early Modern Alchemy?", "edited": false, "author_flair_css_class": null, "collapsed": false, "is_submitter": false, "collapsed_reason": null, "body_html": "&lt;div class=\"md\"&gt;&lt;p&gt;A little off topic, but I saw your flair: any good books/articles you&amp;#39;d recommend on Early Modern Alchemy?&lt;/p&gt;\n&lt;/div&gt;", "subreddit_type": "public", "can_gild": true, "subreddit": "AskHistorians", "name": "t1_dnvoeku", "score_hidden": false, "permalink": "/r/AskHistorians/comments/740d9n/how_did_the_free_peasant_republic_in_dithmarschen/dnvoeku/", "num_reports": null, "stickied": false, "created": 1507116091.0, "author_flair_text": null, "created_utc": 1507087291.0, "subreddit_name_prefixed": "r/AskHistorians", "controversiality": 0, "depth": 3, "mod_reports": [], "mod_note": null, "distinguished": null}}, {"kind": "t1", "data": {"subreddit_id": "t5_2ssp3", "approved_at_utc": null, "ups": 1, "mod_reason_by": null, "banned_by": null, "removal_reason": null, "link_id": "t3_740d9n", "author_flair_template_id": null, "likes": null, "no_follow": true, "replies": "", "user_reports": [], "saved": false, "id": "dnwgtpq", "banned_at_utc": null, "mod_reason_title": null, "gilded": 0, "archived": true, "report_reasons": null, "author": "Smygskytt", "can_mod_post": false, "send_replies": true, "parent_id": "t1_dnv6fxg", "score": 1, "approved_by": null, "downs": 0, "body": "This is lightly related, but what was the relationship between the German pirates (St\u00f6rtebeker and the rest), the North sea free-boaters, and the coastal peasant republics nominally under the HRE? Did the people of Dithmarschen support the free-boaters, or were they hostile to them.", "edited": false, "author_flair_css_class": null, "collapsed": false, "is_submitter": false, "collapsed_reason": null, "body_html": "&lt;div class=\"md\"&gt;&lt;p&gt;This is lightly related, but what was the relationship between the German pirates (St\u00f6rtebeker and the rest), the North sea free-boaters, and the coastal peasant republics nominally under the HRE? Did the people of Dithmarschen support the free-boaters, or were they hostile to them.&lt;/p&gt;\n&lt;/div&gt;", "subreddit_type": "public", "can_gild": true, "subreddit": "AskHistorians", "name": "t1_dnwgtpq", "score_hidden": false, "permalink": "/r/AskHistorians/comments/740d9n/how_did_the_free_peasant_republic_in_dithmarschen/dnwgtpq/", "num_reports": null, "stickied": false, "created": 1507163890.0, "author_flair_text": null, "created_utc": 1507135090.0, "subreddit_name_prefixed": "r/AskHistorians", "controversiality": 0, "depth": 3, "mod_reports": [], "mod_note": null, "distinguished": null}}], "after": null, "before": null}}, "user_reports": [], "saved": false, "id": "dnv6fxg", "banned_at_utc": null, "mod_reason_title": null, "gilded": 0, "archived": true, "report_reasons": null, "author": "bemonk", "can_mod_post": false, "send_replies": true, "parent_id": "t1_dnv3x60", "score": 23, "approved_by": null, "downs": 0, "body": "Besides the book mentioned by /u/mikedash \n\nyou can use google translate to read german wikipedia -- though not THAT much there https://de.wikipedia.org/wiki/Dithmarschen\n\nalso googling \"Frisian Freedom\" will get very similar stories from East Frisia (Ditmarschen is North Frisia)\n\nLots of neat stories around them. They would trick ships into beaching and rob them (land pirates!) ...castles were illegal as a sign of nobility. All kinds of good stuff. You may really enjoy the History of Germany episode linked to in the original comment - it's all there.", "edited": false, "author_flair_css_class": "europe", "collapsed": false, "is_submitter": false, "collapsed_reason": null, "body_html": "&lt;div class=\"md\"&gt;&lt;p&gt;Besides the book mentioned by &lt;a href=\"/u/mikedash\"&gt;/u/mikedash&lt;/a&gt; &lt;/p&gt;\n\n&lt;p&gt;you can use google translate to read german wikipedia -- though not THAT much there &lt;a href=\"https://de.wikipedia.org/wiki/Dithmarschen\"&gt;https://de.wikipedia.org/wiki/Dithmarschen&lt;/a&gt;&lt;/p&gt;\n\n&lt;p&gt;also googling &amp;quot;Frisian Freedom&amp;quot; will get very similar stories from East Frisia (Ditmarschen is North Frisia)&lt;/p&gt;\n\n&lt;p&gt;Lots of neat stories around them. They would trick ships into beaching and rob them (land pirates!) ...castles were illegal as a sign of nobility. All kinds of good stuff. You may really enjoy the History of Germany episode linked to in the original comment - it&amp;#39;s all there.&lt;/p&gt;\n&lt;/div&gt;", "subreddit_type": "public", "can_gild": true, "subreddit": "AskHistorians", "name": "t1_dnv6fxg", "score_hidden": false, "permalink": "/r/AskHistorians/comments/740d9n/how_did_the_free_peasant_republic_in_dithmarschen/dnv6fxg/", "num_reports": null, "stickied": false, "created": 1507093983.0, "author_flair_text": "Early Modern Alchemy | German &amp; Bohemian History", "created_utc": 1507065183.0, "subreddit_name_prefixed": "r/AskHistorians", "controversiality": 0, "depth": 2, "mod_reports": [], "mod_note": null, "distinguished": null}}, {"kind": "t1", "data": {"subreddit_id": "t5_2ssp3", "approved_at_utc": null, "ups": 25, "mod_reason_by": null, "banned_by": null, "removal_reason": null, "link_id": "t3_740d9n", "author_flair_template_id": null, "likes": null, "no_follow": false, "replies": "", "user_reports": [], "saved": false, "id": "dnv5qla", "banned_at_utc": null, "mod_reason_title": null, "gilded": 0, "archived": true, "report_reasons": null, "author": "mikedash", "can_mod_post": false, "send_replies": true, "parent_id": "t1_dnv3x60", "score": 25, "approved_by": null, "downs": 0, "body": "I believe the only full length study in English is *Dithmarschen:\u00a0A Medieval Peasant Republic* by William Urban (1991), who is best known as an historian of the Baltic Crusades.", "edited": false, "author_flair_css_class": "qualitycontributor", "collapsed": false, "is_submitter": false, "collapsed_reason": null, "body_html": "&lt;div class=\"md\"&gt;&lt;p&gt;I believe the only full length study in English is &lt;em&gt;Dithmarschen:\u00a0A Medieval Peasant Republic&lt;/em&gt; by William Urban (1991), who is best known as an historian of the Baltic Crusades.&lt;/p&gt;\n&lt;/div&gt;", "subreddit_type": "public", "can_gild": true, "subreddit": "AskHistorians", "name": "t1_dnv5qla", "score_hidden": false, "permalink": "/r/AskHistorians/comments/740d9n/how_did_the_free_peasant_republic_in_dithmarschen/dnv5qla/", "num_reports": null, "stickied": false, "created": 1507093203.0, "author_flair_text": "Top Quality Contributor", "created_utc": 1507064403.0, "subreddit_name_prefixed": "r/AskHistorians", "controversiality": 0, "depth": 2, "mod_reports": [], "mod_note": null, "distinguished": null}}], "after": null, "before": null}}, "user_reports": [], "saved": false, "id": "dnv3x60", "banned_at_utc": null, "mod_reason_title": null, "gilded": 0, "archived": true, "report_reasons": null, "author": "DerSohnDesDetlefs", "can_mod_post": false, "send_replies": true, "parent_id": "t1_dnv1o0i", "score": 13, "approved_by": null, "downs": 0, "body": "I've never heard of this group. This is fascinating, can you point me in the direction of some more sources about this?", "edited": false, "author_flair_css_class": null, "collapsed": false, "is_submitter": false, "collapsed_reason": null, "body_html": "&lt;div class=\"md\"&gt;&lt;p&gt;I&amp;#39;ve never heard of this group. This is fascinating, can you point me in the direction of some more sources about this?&lt;/p&gt;\n&lt;/div&gt;", "subreddit_type": "public", "can_gild": true, "subreddit": "AskHistorians", "name": "t1_dnv3x60", "score_hidden": false, "permalink": "/r/AskHistorians/comments/740d9n/how_did_the_free_peasant_republic_in_dithmarschen/dnv3x60/", "num_reports": null, "stickied": false, "created": 1507091269.0, "author_flair_text": null, "created_utc": 1507062469.0, "subreddit_name_prefixed": "r/AskHistorians", "controversiality": 0, "depth": 1, "mod_reports": [], "mod_note": null, "distinguished": null}}], "after": null, "before": null}}, "user_reports": [], "saved": false, "id": "dnv1o0i", "banned_at_utc": null, "mod_reason_title": null, "gilded": 0, "archived": true, "report_reasons": null, "author": "bemonk", "can_mod_post": false, "send_replies": true, "parent_id": "t3_740d9n", "score": 244, "approved_by": null, "downs": 0, "body": "I've basically covered this on a podcast, so let me start with that.\n\nYour answer is in this episode:\nhttps://www.acast.com/historyofgermany/026-frisianfreedom\n\nThat show was actually about the region south of Dithmarschen. But the cause of their freedom was the same:\n\nIt's swampy and tough economics there. There were NOT actually independent on paper. They were under the Bremen Archbishop, for example. But since that was tough to enforce, and the people so poor that they were all basically egalitarian and helped each other -- no nobility formed. Just like in East Frisia.\n\nAdded to that, it was a buffer state between Denmark and the German empire. So, just weak jurisdiction to begin with. Far away and usually not worth the trouble.\n\nThe Franks (Charlemagne) just gave up on the region after holding it for 20 years.\n\nTechnically there were under Hamburg (church-wise) ..but probably barely even knew that (in the 11the century control was just nominal on paper, really).\n\nWhat you are referring to is the same that happened in other remote, coastal areas. They eventually founded a \"Bauernrepublik\" or Farmers (Peasant's) Republik. Meaning they elected 48 judges to run things.... which... just like in East Frisia, eventually started to come from fewer and fewer families, and the judges dynastic families became the de facto nobility.\n\nThe local \"militia\" were good at fighting in the Watt. They could even just open the dikes and flood the enemy.\n\nDon't underestimate the border factor though.. Even in the 19th century they were still kinda part of the Danish crown, and part of Bismark's Prussia, until wars were fought. But just the fact that they weren't clearly and directly ruled gave them a lot of freedom. Only 1866 was it really, finally, officially part of Germany (Schlesswig Holstein Prussia).\n\nSorry about the lack of sources. I can update this later.\n", "edited": 1507065423.0, "author_flair_css_class": "europe", "collapsed": false, "is_submitter": false, "collapsed_reason": null, "body_html": "&lt;div class=\"md\"&gt;&lt;p&gt;I&amp;#39;ve basically covered this on a podcast, so let me start with that.&lt;/p&gt;\n\n&lt;p&gt;Your answer is in this episode:\n&lt;a href=\"https://www.acast.com/historyofgermany/026-frisianfreedom\"&gt;https://www.acast.com/historyofgermany/026-frisianfreedom&lt;/a&gt;&lt;/p&gt;\n\n&lt;p&gt;That show was actually about the region south of Dithmarschen. But the cause of their freedom was the same:&lt;/p&gt;\n\n&lt;p&gt;It&amp;#39;s swampy and tough economics there. There were NOT actually independent on paper. They were under the Bremen Archbishop, for example. But since that was tough to enforce, and the people so poor that they were all basically egalitarian and helped each other -- no nobility formed. Just like in East Frisia.&lt;/p&gt;\n\n&lt;p&gt;Added to that, it was a buffer state between Denmark and the German empire. So, just weak jurisdiction to begin with. Far away and usually not worth the trouble.&lt;/p&gt;\n\n&lt;p&gt;The Franks (Charlemagne) just gave up on the region after holding it for 20 years.&lt;/p&gt;\n\n&lt;p&gt;Technically there were under Hamburg (church-wise) ..but probably barely even knew that (in the 11the century control was just nominal on paper, really).&lt;/p&gt;\n\n&lt;p&gt;What you are referring to is the same that happened in other remote, coastal areas. They eventually founded a &amp;quot;Bauernrepublik&amp;quot; or Farmers (Peasant&amp;#39;s) Republik. Meaning they elected 48 judges to run things.... which... just like in East Frisia, eventually started to come from fewer and fewer families, and the judges dynastic families became the de facto nobility.&lt;/p&gt;\n\n&lt;p&gt;The local &amp;quot;militia&amp;quot; were good at fighting in the Watt. They could even just open the dikes and flood the enemy.&lt;/p&gt;\n\n&lt;p&gt;Don&amp;#39;t underestimate the border factor though.. Even in the 19th century they were still kinda part of the Danish crown, and part of Bismark&amp;#39;s Prussia, until wars were fought. But just the fact that they weren&amp;#39;t clearly and directly ruled gave them a lot of freedom. Only 1866 was it really, finally, officially part of Germany (Schlesswig Holstein Prussia).&lt;/p&gt;\n\n&lt;p&gt;Sorry about the lack of sources. I can update this later.&lt;/p&gt;\n&lt;/div&gt;", "subreddit_type": "public", "can_gild": true, "subreddit": "AskHistorians", "name": "t1_dnv1o0i", "score_hidden": false, "permalink": "/r/AskHistorians/comments/740d9n/how_did_the_free_peasant_republic_in_dithmarschen/dnv1o0i/", "num_reports": null, "stickied": false, "created": 1507088903.0, "author_flair_text": "Early Modern Alchemy | German &amp; Bohemian History", "created_utc": 1507060103.0, "subreddit_name_prefixed": "r/AskHistorians", "controversiality": 0, "depth": 0, "mod_reports": [], "mod_note": null, "distinguished": null}}], "after": null, "before": null}}]