[{"kind": "Listing", "data": {"modhash": "", "dist": 1, "children": [{"kind": "t3", "data": {"subreddit_id": "t5_2ssp3", "approved_at_utc": null, "send_replies": true, "mod_reason_by": null, "banned_by": null, "removal_reason": null, "wls": 6, "subreddit": "AskHistorians", "selftext_html": "&lt;!-- SC_OFF --&gt;&lt;div class=\"md\"&gt;&lt;p&gt;hello Askhitorian, for the school I would like to make a thesis about the changes made by the gunpowder to the medieval and modern society both politically , economically and socially, any book or site on the subject ? Thank you very much&lt;/p&gt;\n&lt;/div&gt;&lt;!-- SC_ON --&gt;", "author_flair_template_id": null, "selftext": "hello Askhitorian, for the school I would like to make a thesis about the changes made by the gunpowder to the medieval and modern society both politically , economically and socially, any book or site on the subject ? Thank you very much", "likes": null, "suggested_sort": null, "mod_note": null, "user_reports": [], "secure_media": null, "is_reddit_media_domain": false, "saved": false, "id": "741orc", "banned_at_utc": null, "mod_reason_title": null, "view_count": null, "archived": true, "clicked": false, "no_follow": true, "author": "luca097", "num_crossposts": 0, "link_flair_text": null, "can_mod_post": false, "is_crosspostable": false, "pinned": false, "score": 1, "approved_by": null, "over_18": false, "domain": "self.AskHistorians", "hidden": false, "pwls": 6, "thumbnail": "", "hide_score": false, "edited": false, "link_flair_css_class": null, "media_only": false, "author_flair_css_class": null, "contest_mode": false, "gilded": 0, "title": "need help for school thesis about gunpowder", "downs": 0, "secure_media_embed": {}, "media_embed": {}, "author_flair_text": null, "stickied": false, "can_gild": false, "is_self": true, "parent_whitelist_status": "all_ads", "name": "t3_741orc", "spoiler": false, "permalink": "/r/AskHistorians/comments/741orc/need_help_for_school_thesis_about_gunpowder/", "subreddit_type": "public", "locked": false, "report_reasons": null, "created": 1507078287.0, "url": "https://www.reddit.com/r/AskHistorians/comments/741orc/need_help_for_school_thesis_about_gunpowder/", "whitelist_status": "all_ads", "quarantine": false, "subreddit_subscribers": 759253, "created_utc": 1507049487.0, "subreddit_name_prefixed": "r/AskHistorians", "distinguished": null, "media": null, "num_comments": 2, "upvote_ratio": 0.6, "mod_reports": [], "visited": false, "num_reports": null, "is_video": false, "ups": 1, "post_categories": null}}], "after": null, "before": null}}, {"kind": "Listing", "data": {"modhash": "", "dist": null, "children": [{"kind": "t1", "data": {"subreddit_id": "t5_2ssp3", "approved_at_utc": null, "ups": 1, "mod_reason_by": null, "banned_by": null, "removal_reason": null, "link_id": "t3_741orc", "author_flair_template_id": null, "likes": null, "no_follow": true, "replies": {"kind": "Listing", "data": {"modhash": "", "dist": null, "children": [{"kind": "more", "data": {"count": 1, "name": "t1_dnustxf", "id": "dnustxf", "parent_id": "t1_dnurspm", "depth": 1, "children": ["dnustxf"]}}], "after": null, "before": null}}, "user_reports": [], "saved": false, "id": "dnurspm", "banned_at_utc": null, "mod_reason_title": null, "gilded": 0, "archived": true, "report_reasons": null, "author": "CommodoreCoCo", "can_mod_post": false, "send_replies": true, "parent_id": "t3_741orc", "score": 1, "approved_by": null, "downs": 0, "body": "Hello there. Your question seems to be related to school work, so we just want to remind you, and any potential respondents, that [our rules](http://www.reddit.com/r/AskHistorians/wiki/rules#wiki_homework) DO permit people to ask for help with their homework, so long as they are seeking clarification or resources, rather than the answer itself. This policy is further explained in this [META Thread](http://www.reddit.com/r/AskHistorians/comments/35pkem/askhistorians_homework_question_policy_rehash/).\n\nAdditionally, while our users may be able to help you out here, we hope that you also will take the time to check out our six-part series, \"[Finding and Understanding Sources](https://www.reddit.com/r/AskHistorians/wiki/theory#wiki_monday_methods.3A_finding_and_understanding_sources)\", which should hopefully prove to be helpful for you as you continue in your research.", "edited": false, "author_flair_css_class": "southamerica", "collapsed": false, "is_submitter": false, "collapsed_reason": null, "body_html": "&lt;div class=\"md\"&gt;&lt;p&gt;Hello there. Your question seems to be related to school work, so we just want to remind you, and any potential respondents, that &lt;a href=\"http://www.reddit.com/r/AskHistorians/wiki/rules#wiki_homework\"&gt;our rules&lt;/a&gt; DO permit people to ask for help with their homework, so long as they are seeking clarification or resources, rather than the answer itself. This policy is further explained in this &lt;a href=\"http://www.reddit.com/r/AskHistorians/comments/35pkem/askhistorians_homework_question_policy_rehash/\"&gt;META Thread&lt;/a&gt;.&lt;/p&gt;\n\n&lt;p&gt;Additionally, while our users may be able to help you out here, we hope that you also will take the time to check out our six-part series, &amp;quot;&lt;a href=\"https://www.reddit.com/r/AskHistorians/wiki/theory#wiki_monday_methods.3A_finding_and_understanding_sources\"&gt;Finding and Understanding Sources&lt;/a&gt;&amp;quot;, which should hopefully prove to be helpful for you as you continue in your research.&lt;/p&gt;\n&lt;/div&gt;", "subreddit_type": "public", "can_gild": true, "subreddit": "AskHistorians", "name": "t1_dnurspm", "score_hidden": true, "permalink": "/r/AskHistorians/comments/741orc/need_help_for_school_thesis_about_gunpowder/dnurspm/", "num_reports": null, "stickied": true, "created": 1507078686.0, "author_flair_text": "Moderator | Andean Archaeology", "created_utc": 1507049886.0, "subreddit_name_prefixed": "r/AskHistorians", "controversiality": 0, "depth": 0, "mod_reports": [], "mod_note": null, "distinguished": "moderator"}}], "after": null, "before": null}}]