[{"kind": "Listing", "data": {"modhash": "", "dist": 1, "children": [{"kind": "t3", "data": {"subreddit_id": "t5_2ssp3", "approved_at_utc": null, "send_replies": true, "mod_reason_by": null, "banned_by": null, "removal_reason": null, "wls": 6, "subreddit": "AskHistorians", "selftext_html": "&lt;!-- SC_OFF --&gt;&lt;div class=\"md\"&gt;&lt;p&gt;Hey guys i just gave a presentation for my class and when i said that Italy declared war on japan in July 1945 he laughed in my face and said i was incredibly wrong i&amp;#39;m drafting an email currently and would like some sources to back me up, and to make sure that i am in fact correct. Here is one source i have found already, and would appreciate some more &lt;a href=\"https://history.state.gov/historicaldocuments/frus1945Berlinv01/d236\"&gt;https://history.state.gov/historicaldocuments/frus1945Berlinv01/d236&lt;/a&gt;&lt;/p&gt;\n&lt;/div&gt;&lt;!-- SC_ON --&gt;", "author_flair_template_id": null, "selftext": "Hey guys i just gave a presentation for my class and when i said that Italy declared war on japan in July 1945 he laughed in my face and said i was incredibly wrong i'm drafting an email currently and would like some sources to back me up, and to make sure that i am in fact correct. Here is one source i have found already, and would appreciate some more https://history.state.gov/historicaldocuments/frus1945Berlinv01/d236", "likes": null, "suggested_sort": null, "mod_note": null, "user_reports": [], "secure_media": null, "is_reddit_media_domain": false, "saved": false, "id": "743ovg", "banned_at_utc": null, "mod_reason_title": null, "view_count": null, "archived": true, "clicked": false, "no_follow": true, "author": "NoodlesMCGees", "num_crossposts": 0, "link_flair_text": null, "can_mod_post": false, "is_crosspostable": false, "pinned": false, "score": 1, "approved_by": null, "over_18": false, "domain": "self.AskHistorians", "hidden": false, "pwls": 6, "thumbnail": "", "hide_score": false, "edited": false, "link_flair_css_class": null, "media_only": false, "author_flair_css_class": null, "contest_mode": false, "gilded": 0, "title": "Did italy declare war on japan on july 1945", "downs": 0, "secure_media_embed": {}, "media_embed": {}, "author_flair_text": null, "stickied": false, "can_gild": false, "is_self": true, "parent_whitelist_status": "all_ads", "name": "t3_743ovg", "spoiler": false, "permalink": "/r/AskHistorians/comments/743ovg/did_italy_declare_war_on_japan_on_july_1945/", "subreddit_type": "public", "locked": false, "report_reasons": null, "created": 1507096072.0, "url": "https://www.reddit.com/r/AskHistorians/comments/743ovg/did_italy_declare_war_on_japan_on_july_1945/", "whitelist_status": "all_ads", "quarantine": false, "subreddit_subscribers": 759253, "created_utc": 1507067272.0, "subreddit_name_prefixed": "r/AskHistorians", "distinguished": null, "media": null, "num_comments": 0, "upvote_ratio": 0.6, "mod_reports": [], "visited": false, "num_reports": null, "is_video": false, "ups": 1, "post_categories": null}}], "after": null, "before": null}}, {"kind": "Listing", "data": {"modhash": "", "dist": null, "children": [], "after": null, "before": null}}]