[{"kind": "Listing", "data": {"modhash": "", "dist": 1, "children": [{"kind": "t3", "data": {"approved_at_utc": null, "subreddit": "AskHistorians", "selftext": "The earliest use of the bridge that I personally know of is in \"Lancelot, The\u00a0Knight of the Cart\" by Chr\u00e9tien de Troyes, written in the 12th century. \n\nWhether one needs to prove themselves through a riddle, a test of strength or courage, is there an \"original\" bridge crossing in literature that many of these are based off of?", "user_reports": [], "saved": false, "mod_reason_title": null, "gilded": 0, "clicked": false, "title": "What is the origin of the bridge crossing in literature, needing to prove oneself in order to cross?", "link_flair_richtext": [], "subreddit_name_prefixed": "r/AskHistorians", "hidden": false, "pwls": 6, "link_flair_css_class": null, "downs": 0, "parent_whitelist_status": "all_ads", "hide_score": false, "name": "t3_9c4otu", "quarantine": false, "link_flair_text_color": "dark", "upvote_ratio": 0.57, "author_flair_background_color": null, "subreddit_type": "public", "ups": 1, "domain": "self.AskHistorians", "media_embed": {}, "author_flair_template_id": null, "is_original_content": false, "author_fullname": "t2_12nr2p", "secure_media": null, "is_reddit_media_domain": false, "is_meta": false, "category": null, "secure_media_embed": {}, "link_flair_text": null, "can_mod_post": false, "score": 1, "approved_by": null, "thumbnail": "", "edited": false, "author_flair_css_class": null, "author_flair_richtext": [], "gildings": {"gid_1": 0, "gid_2": 0, "gid_3": 0}, "content_categories": null, "is_self": true, "mod_note": null, "created": 1535850340.0, "link_flair_type": "text", "wls": 6, "banned_by": null, "author_flair_type": "text", "contest_mode": false, "selftext_html": "&lt;!-- SC_OFF --&gt;&lt;div class=\"md\"&gt;&lt;p&gt;The earliest use of the bridge that I personally know of is in &amp;quot;Lancelot, The\u00a0Knight of the Cart&amp;quot; by Chr\u00e9tien de Troyes, written in the 12th century. &lt;/p&gt;\n\n&lt;p&gt;Whether one needs to prove themselves through a riddle, a test of strength or courage, is there an &amp;quot;original&amp;quot; bridge crossing in literature that many of these are based off of?&lt;/p&gt;\n&lt;/div&gt;&lt;!-- SC_ON --&gt;", "likes": null, "suggested_sort": null, "banned_at_utc": null, "view_count": null, "archived": false, "no_follow": true, "is_crosspostable": false, "pinned": false, "over_18": false, "media": null, "media_only": false, "link_flair_template_id": null, "can_gild": false, "spoiler": false, "locked": false, "author_flair_text": null, "visited": false, "num_reports": null, "distinguished": null, "subreddit_id": "t5_2ssp3", "mod_reason_by": null, "removal_reason": null, "link_flair_background_color": "", "id": "9c4otu", "is_robot_indexable": true, "report_reasons": null, "author": "-IiIIiIIIiIIIiIIiI", "num_crossposts": 0, "num_comments": 0, "send_replies": true, "author_flair_text_color": null, "permalink": "/r/AskHistorians/comments/9c4otu/what_is_the_origin_of_the_bridge_crossing_in/", "whitelist_status": "all_ads", "stickied": false, "url": "https://www.reddit.com/r/AskHistorians/comments/9c4otu/what_is_the_origin_of_the_bridge_crossing_in/", "subreddit_subscribers": 827846, "created_utc": 1535821540.0, "mod_reports": [], "is_video": false}}], "after": null, "before": null}}, {"kind": "Listing", "data": {"modhash": "", "dist": null, "children": [], "after": null, "before": null}}]