[{"kind": "Listing", "data": {"modhash": "", "dist": 1, "children": [{"kind": "t3", "data": {"approved_at_utc": null, "subreddit": "AskHistorians", "selftext": "We often read about how insanely skilled, powerful and dangerous the Templars were. How one Templar could face multiple foes and stand victorious. How they mastered both multiple fighting styles, and adapted to the style of their enemy to overcome them. \n\nTheir legend is certainly known to most people today, depicted in many, many books, movies, games, etc... \n\nBut how accurate is this image? How fearsome were they, and if presented in battle against for instance Saracens, did they stand victorious? \n\nNow, note I am not talking about large armies, but the quality of the man. Did they hold up to their reputation? ", "user_reports": [], "saved": false, "mod_reason_title": null, "gilded": 0, "clicked": false, "title": "How skilled, fearsome and dangerous were the Templars, as individual warriors, really?", "link_flair_richtext": [], "subreddit_name_prefixed": "r/AskHistorians", "hidden": false, "pwls": 6, "link_flair_css_class": null, "downs": 0, "parent_whitelist_status": "all_ads", "hide_score": false, "name": "t3_9c66mi", "quarantine": false, "link_flair_text_color": "dark", "upvote_ratio": 0.65, "author_flair_background_color": null, "subreddit_type": "public", "ups": 4, "domain": "self.AskHistorians", "media_embed": {}, "author_flair_template_id": null, "is_original_content": false, "author_fullname": "t2_ad6gw", "secure_media": null, "is_reddit_media_domain": false, "is_meta": false, "category": null, "secure_media_embed": {}, "link_flair_text": null, "can_mod_post": false, "score": 4, "approved_by": null, "thumbnail": "", "edited": false, "author_flair_css_class": null, "author_flair_richtext": [], "gildings": {"gid_1": 0, "gid_2": 0, "gid_3": 0}, "content_categories": null, "is_self": true, "mod_note": null, "created": 1535861722.0, "link_flair_type": "text", "wls": 6, "banned_by": null, "author_flair_type": "text", "contest_mode": false, "selftext_html": "&lt;!-- SC_OFF --&gt;&lt;div class=\"md\"&gt;&lt;p&gt;We often read about how insanely skilled, powerful and dangerous the Templars were. How one Templar could face multiple foes and stand victorious. How they mastered both multiple fighting styles, and adapted to the style of their enemy to overcome them. &lt;/p&gt;\n\n&lt;p&gt;Their legend is certainly known to most people today, depicted in many, many books, movies, games, etc... &lt;/p&gt;\n\n&lt;p&gt;But how accurate is this image? How fearsome were they, and if presented in battle against for instance Saracens, did they stand victorious? &lt;/p&gt;\n\n&lt;p&gt;Now, note I am not talking about large armies, but the quality of the man. Did they hold up to their reputation? &lt;/p&gt;\n&lt;/div&gt;&lt;!-- SC_ON --&gt;", "likes": null, "suggested_sort": null, "banned_at_utc": null, "view_count": null, "archived": false, "no_follow": true, "is_crosspostable": false, "pinned": false, "over_18": false, "media": null, "media_only": false, "link_flair_template_id": null, "can_gild": false, "spoiler": false, "locked": false, "author_flair_text": null, "visited": false, "num_reports": null, "distinguished": null, "subreddit_id": "t5_2ssp3", "mod_reason_by": null, "removal_reason": null, "link_flair_background_color": "", "id": "9c66mi", "is_robot_indexable": true, "report_reasons": null, "author": "Meior", "num_crossposts": 0, "num_comments": 0, "send_replies": true, "author_flair_text_color": null, "permalink": "/r/AskHistorians/comments/9c66mi/how_skilled_fearsome_and_dangerous_were_the/", "whitelist_status": "all_ads", "stickied": false, "url": "https://www.reddit.com/r/AskHistorians/comments/9c66mi/how_skilled_fearsome_and_dangerous_were_the/", "subreddit_subscribers": 827847, "created_utc": 1535832922.0, "mod_reports": [], "is_video": false}}], "after": null, "before": null}}, {"kind": "Listing", "data": {"modhash": "", "dist": null, "children": [], "after": null, "before": null}}]