[{"kind": "Listing", "data": {"modhash": "", "dist": 1, "children": [{"kind": "t3", "data": {"approved_at_utc": null, "subreddit": "AskHistorians", "selftext": "I was listening to Hamilton the musical and it got me thinking. I know from a post in here that duels often didn't actually end in someone dying but what stopped someone slightly unhinged from challenging all the people they didn't like and killing them until they died themselves? For example, if we extrapolate to the modern day, what if someone were to challenge all the wall street banks to duel and try and get as many as they could until they lost one. Why did no one from the English side of the revolutionary war not challenge George Washington? Wasn't it really disgraceful and Dishonorable to turn down a challenge?", "user_reports": [], "saved": false, "mod_reason_title": null, "gilded": 0, "clicked": false, "title": "How common we're duels or challenges, what stopped people just challenging important people", "link_flair_richtext": [], "subreddit_name_prefixed": "r/AskHistorians", "hidden": false, "pwls": 6, "link_flair_css_class": null, "downs": 0, "parent_whitelist_status": "all_ads", "hide_score": false, "name": "t3_9c6uz4", "quarantine": false, "link_flair_text_color": "dark", "upvote_ratio": 0.57, "author_flair_background_color": null, "subreddit_type": "public", "ups": 5, "domain": "self.AskHistorians", "media_embed": {}, "author_flair_template_id": null, "is_original_content": false, "author_fullname": "t2_532u0", "secure_media": null, "is_reddit_media_domain": false, "is_meta": false, "category": null, "secure_media_embed": {}, "link_flair_text": null, "can_mod_post": false, "score": 5, "approved_by": null, "thumbnail": "", "edited": false, "author_flair_css_class": null, "author_flair_richtext": [], "gildings": {"gid_1": 0, "gid_2": 0, "gid_3": 0}, "content_categories": null, "is_self": true, "mod_note": null, "created": 1535866976.0, "link_flair_type": "text", "wls": 6, "banned_by": null, "author_flair_type": "text", "contest_mode": false, "selftext_html": "&lt;!-- SC_OFF --&gt;&lt;div class=\"md\"&gt;&lt;p&gt;I was listening to Hamilton the musical and it got me thinking. I know from a post in here that duels often didn&amp;#39;t actually end in someone dying but what stopped someone slightly unhinged from challenging all the people they didn&amp;#39;t like and killing them until they died themselves? For example, if we extrapolate to the modern day, what if someone were to challenge all the wall street banks to duel and try and get as many as they could until they lost one. Why did no one from the English side of the revolutionary war not challenge George Washington? Wasn&amp;#39;t it really disgraceful and Dishonorable to turn down a challenge?&lt;/p&gt;\n&lt;/div&gt;&lt;!-- SC_ON --&gt;", "likes": null, "suggested_sort": null, "banned_at_utc": null, "view_count": null, "archived": false, "no_follow": false, "is_crosspostable": false, "pinned": false, "over_18": false, "media": null, "media_only": false, "link_flair_template_id": null, "can_gild": false, "spoiler": false, "locked": false, "author_flair_text": null, "visited": false, "num_reports": null, "distinguished": null, "subreddit_id": "t5_2ssp3", "mod_reason_by": null, "removal_reason": null, "link_flair_background_color": "", "id": "9c6uz4", "is_robot_indexable": true, "report_reasons": null, "author": "Ballistica", "num_crossposts": 0, "num_comments": 5, "send_replies": true, "author_flair_text_color": null, "permalink": "/r/AskHistorians/comments/9c6uz4/how_common_were_duels_or_challenges_what_stopped/", "whitelist_status": "all_ads", "stickied": false, "url": "https://www.reddit.com/r/AskHistorians/comments/9c6uz4/how_common_were_duels_or_challenges_what_stopped/", "subreddit_subscribers": 827847, "created_utc": 1535838176.0, "mod_reports": [], "is_video": false}}], "after": null, "before": null}}, {"kind": "Listing", "data": {"modhash": "", "dist": null, "children": [{"kind": "t1", "data": {"subreddit_id": "t5_2ssp3", "approved_at_utc": null, "ups": 2, "mod_reason_by": null, "banned_by": null, "author_flair_type": "text", "removal_reason": null, "link_id": "t3_9c6uz4", "author_flair_template_id": null, "likes": null, "no_follow": true, "replies": {"kind": "Listing", "data": {"modhash": "", "dist": null, "children": [{"kind": "t1", "data": {"subreddit_id": "t5_2ssp3", "approved_at_utc": null, "ups": 2, "mod_reason_by": null, "banned_by": null, "author_flair_type": "text", "removal_reason": null, "link_id": "t3_9c6uz4", "author_flair_template_id": null, "likes": null, "no_follow": true, "replies": {"kind": "Listing", "data": {"modhash": "", "dist": null, "children": [{"kind": "t1", "data": {"subreddit_id": "t5_2ssp3", "approved_at_utc": null, "ups": 2, "mod_reason_by": null, "banned_by": null, "author_flair_type": "text", "removal_reason": null, "link_id": "t3_9c6uz4", "author_flair_template_id": "9e641f94-c626-11e2-8e2c-12313b0b21ae", "likes": null, "no_follow": true, "replies": "", "user_reports": [], "saved": false, "id": "e59yyoz", "banned_at_utc": null, "mod_reason_title": null, "gilded": 0, "archived": false, "report_reasons": null, "author": "Georgy_K_Zhukov", "can_mod_post": false, "send_replies": true, "parent_id": "t1_e597q48", "score": 2, "author_fullname": "t2_9v6a6", "approved_by": null, "downs": 0, "body": "No. Such a challenge would be safely declined. An 'actionable' insult needed to be a specific one that impugned the honor of the challenger. And additionally, a challenge would usually be declined itt if was something that happened as part of an official duty.", "edited": false, "author_flair_css_class": "moderator", "collapsed": false, "author_flair_richtext": [], "is_submitter": false, "collapsed_reason": null, "body_html": "&lt;div class=\"md\"&gt;&lt;p&gt;No. Such a challenge would be safely declined. An &amp;#39;actionable&amp;#39; insult needed to be a specific one that impugned the honor of the challenger. And additionally, a challenge would usually be declined itt if was something that happened as part of an official duty.&lt;/p&gt;\n&lt;/div&gt;", "stickied": false, "subreddit_type": "public", "can_gild": true, "gildings": {"gid_1": 0, "gid_2": 0, "gid_3": 0}, "author_flair_text_color": "light", "score_hidden": false, "permalink": "/r/AskHistorians/comments/9c6uz4/how_common_were_duels_or_challenges_what_stopped/e59yyoz/", "num_reports": null, "name": "t1_e59yyoz", "created": 1535939662.0, "subreddit": "AskHistorians", "author_flair_text": "Moderator | Post-Napoleonic Warfare &amp; Small Arms | Dueling", "created_utc": 1535910862.0, "subreddit_name_prefixed": "r/AskHistorians", "controversiality": 0, "depth": 2, "author_flair_background_color": "#8b008b", "mod_reports": [], "mod_note": null, "distinguished": null}}], "after": null, "before": null}}, "user_reports": [], "saved": false, "id": "e597q48", "banned_at_utc": null, "mod_reason_title": null, "gilded": 0, "archived": false, "report_reasons": null, "author": "Ballistica", "can_mod_post": false, "send_replies": true, "parent_id": "t1_e595ihq", "score": 2, "author_fullname": "t2_532u0", "approved_by": null, "downs": 0, "body": "I'm still curious if someone could just challenge the president simply because they didn't like them.", "edited": false, "author_flair_css_class": null, "collapsed": false, "author_flair_richtext": [], "is_submitter": true, "collapsed_reason": null, "body_html": "&lt;div class=\"md\"&gt;&lt;p&gt;I&amp;#39;m still curious if someone could just challenge the president simply because they didn&amp;#39;t like them.&lt;/p&gt;\n&lt;/div&gt;", "stickied": false, "subreddit_type": "public", "can_gild": true, "gildings": {"gid_1": 0, "gid_2": 0, "gid_3": 0}, "author_flair_text_color": null, "score_hidden": false, "permalink": "/r/AskHistorians/comments/9c6uz4/how_common_were_duels_or_challenges_what_stopped/e597q48/", "num_reports": null, "name": "t1_e597q48", "created": 1535900280.0, "subreddit": "AskHistorians", "author_flair_text": null, "created_utc": 1535871480.0, "subreddit_name_prefixed": "r/AskHistorians", "controversiality": 0, "depth": 1, "author_flair_background_color": null, "mod_reports": [], "mod_note": null, "distinguished": null}}, {"kind": "t1", "data": {"subreddit_id": "t5_2ssp3", "approved_at_utc": null, "ups": 1, "mod_reason_by": null, "banned_by": null, "author_flair_type": "text", "removal_reason": null, "link_id": "t3_9c6uz4", "author_flair_template_id": null, "likes": null, "no_follow": true, "replies": "", "user_reports": [], "saved": false, "id": "e595l4u", "banned_at_utc": null, "mod_reason_title": null, "gilded": 0, "archived": false, "report_reasons": null, "author": "Ballistica", "can_mod_post": false, "send_replies": true, "parent_id": "t1_e595ihq", "score": 1, "author_fullname": "t2_532u0", "approved_by": null, "downs": 0, "body": "Thanks", "edited": false, "author_flair_css_class": null, "collapsed": false, "author_flair_richtext": [], "is_submitter": true, "collapsed_reason": null, "body_html": "&lt;div class=\"md\"&gt;&lt;p&gt;Thanks&lt;/p&gt;\n&lt;/div&gt;", "stickied": false, "subreddit_type": "public", "can_gild": true, "gildings": {"gid_1": 0, "gid_2": 0, "gid_3": 0}, "author_flair_text_color": null, "score_hidden": false, "permalink": "/r/AskHistorians/comments/9c6uz4/how_common_were_duels_or_challenges_what_stopped/e595l4u/", "num_reports": null, "name": "t1_e595l4u", "created": 1535896289.0, "subreddit": "AskHistorians", "author_flair_text": null, "created_utc": 1535867489.0, "subreddit_name_prefixed": "r/AskHistorians", "controversiality": 0, "depth": 1, "author_flair_background_color": null, "mod_reports": [], "mod_note": null, "distinguished": null}}], "after": null, "before": null}}, "user_reports": [], "saved": false, "id": "e595ihq", "banned_at_utc": null, "mod_reason_title": null, "gilded": 0, "archived": false, "report_reasons": null, "author": "cchiu23", "can_mod_post": false, "send_replies": true, "parent_id": "t3_9c6uz4", "score": 2, "author_fullname": "t2_izfg8", "approved_by": null, "downs": 0, "body": "&gt;https://www.reddit.com/r/AskHistorians/comments/5uyhfm/how_easy_was_it_to_provoke_somebody_for_a_duel_in/ddxv8vm/\n\n\n/u/georgy_k_zhukov wrote about how duels happened and how the concept of 'honour' played out in it", "edited": false, "author_flair_css_class": null, "collapsed": false, "author_flair_richtext": [], "is_submitter": false, "collapsed_reason": null, "body_html": "&lt;div class=\"md\"&gt;&lt;blockquote&gt;\n&lt;p&gt;&lt;a href=\"https://www.reddit.com/r/AskHistorians/comments/5uyhfm/how_easy_was_it_to_provoke_somebody_for_a_duel_in/ddxv8vm/\"&gt;https://www.reddit.com/r/AskHistorians/comments/5uyhfm/how_easy_was_it_to_provoke_somebody_for_a_duel_in/ddxv8vm/&lt;/a&gt;&lt;/p&gt;\n&lt;/blockquote&gt;\n\n&lt;p&gt;&lt;a href=\"/u/georgy_k_zhukov\"&gt;/u/georgy_k_zhukov&lt;/a&gt; wrote about how duels happened and how the concept of &amp;#39;honour&amp;#39; played out in it&lt;/p&gt;\n&lt;/div&gt;", "stickied": false, "subreddit_type": "public", "can_gild": true, "gildings": {"gid_1": 0, "gid_2": 0, "gid_3": 0}, "author_flair_text_color": null, "score_hidden": false, "permalink": "/r/AskHistorians/comments/9c6uz4/how_common_were_duels_or_challenges_what_stopped/e595ihq/", "num_reports": null, "name": "t1_e595ihq", "created": 1535896164.0, "subreddit": "AskHistorians", "author_flair_text": null, "created_utc": 1535867364.0, "subreddit_name_prefixed": "r/AskHistorians", "controversiality": 0, "depth": 0, "author_flair_background_color": null, "mod_reports": [], "mod_note": null, "distinguished": null}}], "after": null, "before": null}}]