[{"kind": "Listing", "data": {"modhash": null, "dist": 1, "children": [{"kind": "t3", "data": {"author_flair_background_color": null, "approved_at_utc": null, "subreddit": "AskHistorians", "selftext": "Hi guys! \n\nI\u2019ve just quit my soul destroying retail job, and I really want to try and make history my career. I have an undergrad arts degree with a history major, and I\u2019m totally open to doing a masters or PhD. But I\u2019m realizing more and more than I don\u2019t really have a firm grip on what it is historians actually do, and how they make a living. \n\nWhat different full-time, salaried roles are there? What  do you do all day in those roles, and how did you land them? \n\nIs there such a thing as a freelance historian? If so, how do you pay the bills?", "user_reports": [], "saved": false, "mod_reason_title": null, "gilded": 0, "clicked": false, "title": "How do historians make a living? How do you become a full time historian?", "link_flair_richtext": [], "subreddit_name_prefixed": "r/AskHistorians", "hidden": false, "pwls": 6, "link_flair_css_class": null, "downs": 0, "top_awarded_type": null, "parent_whitelist_status": "all_ads", "hide_score": false, "name": "t3_mixxv8", "quarantine": false, "link_flair_text_color": "dark", "upvote_ratio": 0.94, "ignore_reports": false, "subreddit_type": "public", "ups": 91, "total_awards_received": 1, "media_embed": {}, "author_flair_template_id": null, "is_original_content": false, "author_fullname": "t2_bawsj18k", "secure_media": null, "is_reddit_media_domain": false, "is_meta": false, "category": null, "secure_media_embed": {}, "link_flair_text": null, "can_mod_post": false, "score": 91, "approved_by": null, "author_premium": false, "thumbnail": "", "edited": false, "author_flair_css_class": null, "previous_visits": [1620813481.0], "author_flair_richtext": [], "gildings": {}, "content_categories": null, "is_self": true, "mod_note": null, "created": 1617440031.0, "link_flair_type": "text", "wls": 6, "removed_by_category": null, "banned_by": null, "author_flair_type": "text", "domain": "self.AskHistorians", "allow_live_comments": false, "selftext_html": "&lt;!-- SC_OFF --&gt;&lt;div class=\"md\"&gt;&lt;p&gt;Hi guys! &lt;/p&gt;\n\n&lt;p&gt;I\u2019ve just quit my soul destroying retail job, and I really want to try and make history my career. I have an undergrad arts degree with a history major, and I\u2019m totally open to doing a masters or PhD. But I\u2019m realizing more and more than I don\u2019t really have a firm grip on what it is historians actually do, and how they make a living. &lt;/p&gt;\n\n&lt;p&gt;What different full-time, salaried roles are there? What  do you do all day in those roles, and how did you land them? &lt;/p&gt;\n\n&lt;p&gt;Is there such a thing as a freelance historian? If so, how do you pay the bills?&lt;/p&gt;\n&lt;/div&gt;&lt;!-- SC_ON --&gt;", "likes": null, "suggested_sort": null, "banned_at_utc": null, "view_count": null, "archived": false, "no_follow": false, "spam": false, "is_crosspostable": true, "pinned": false, "over_18": false, "all_awardings": [{"giver_coin_reward": null, "subreddit_id": null, "is_new": false, "days_of_drip_extension": 0, "coin_price": 150, "id": "award_f44611f1-b89e-46dc-97fe-892280b13b82", "penny_donate": null, "coin_reward": 0, "icon_url": "https://i.redd.it/award_images/t5_22cerq/klvxk1wggfd41_Helpful.png", "days_of_premium": 0, "icon_height": 2048, "tiers_by_required_awardings": null, "resized_icons": [{"url": "https://preview.redd.it/award_images/t5_22cerq/klvxk1wggfd41_Helpful.png?width=16&amp;height=16&amp;auto=webp&amp;s=a5662dfbdb402bf67866c050aa76c31c147c2f45", "width": 16, "height": 16}, {"url": "https://preview.redd.it/award_images/t5_22cerq/klvxk1wggfd41_Helpful.png?width=32&amp;height=32&amp;auto=webp&amp;s=a6882eb3f380e8e88009789f4d0072e17b8c59f1", "width": 32, "height": 32}, {"url": "https://preview.redd.it/award_images/t5_22cerq/klvxk1wggfd41_Helpful.png?width=48&amp;height=48&amp;auto=webp&amp;s=e50064b090879e8a0b55e433f6ee61d5cb5fbe1d", "width": 48, "height": 48}, {"url": "https://preview.redd.it/award_images/t5_22cerq/klvxk1wggfd41_Helpful.png?width=64&amp;height=64&amp;auto=webp&amp;s=8e5bb2e76683cb6b161830bcdd9642049d6adc11", "width": 64, "height": 64}, {"url": "https://preview.redd.it/award_images/t5_22cerq/klvxk1wggfd41_Helpful.png?width=128&amp;height=128&amp;auto=webp&amp;s=eda4a9246f95f42ee6940cc0ec65306fd20de878", "width": 128, "height": 128}], "icon_width": 2048, "static_icon_width": 2048, "start_date": null, "is_enabled": true, "awardings_required_to_grant_benefits": null, "description": "Thank you stranger. Shows the award.", "end_date": null, "subreddit_coin_reward": 0, "count": 1, "static_icon_height": 2048, "name": "Helpful", "resized_static_icons": [{"url": "https://preview.redd.it/award_images/t5_22cerq/klvxk1wggfd41_Helpful.png?width=16&amp;height=16&amp;auto=webp&amp;s=a5662dfbdb402bf67866c050aa76c31c147c2f45", "width": 16, "height": 16}, {"url": "https://preview.redd.it/award_images/t5_22cerq/klvxk1wggfd41_Helpful.png?width=32&amp;height=32&amp;auto=webp&amp;s=a6882eb3f380e8e88009789f4d0072e17b8c59f1", "width": 32, "height": 32}, {"url": "https://preview.redd.it/award_images/t5_22cerq/klvxk1wggfd41_Helpful.png?width=48&amp;height=48&amp;auto=webp&amp;s=e50064b090879e8a0b55e433f6ee61d5cb5fbe1d", "width": 48, "height": 48}, {"url": "https://preview.redd.it/award_images/t5_22cerq/klvxk1wggfd41_Helpful.png?width=64&amp;height=64&amp;auto=webp&amp;s=8e5bb2e76683cb6b161830bcdd9642049d6adc11", "width": 64, "height": 64}, {"url": "https://preview.redd.it/award_images/t5_22cerq/klvxk1wggfd41_Helpful.png?width=128&amp;height=128&amp;auto=webp&amp;s=eda4a9246f95f42ee6940cc0ec65306fd20de878", "width": 128, "height": 128}], "icon_format": null, "award_sub_type": "GLOBAL", "penny_price": null, "award_type": "global", "static_icon_url": "https://i.redd.it/award_images/t5_22cerq/klvxk1wggfd41_Helpful.png"}], "awarders": [], "media_only": false, "can_gild": true, "removed": false, "spoiler": false, "locked": false, "author_flair_text": null, "treatment_tags": [], "visited": false, "removed_by": null, "num_reports": null, "distinguished": null, "subreddit_id": "t5_2ssp3", "mod_reason_by": null, "removal_reason": null, "link_flair_background_color": "", "id": "mixxv8", "is_robot_indexable": true, "num_duplicates": 0, "report_reasons": null, "author": "georgia_grace", "discussion_type": null, "num_comments": 13, "send_replies": true, "media": null, "contest_mode": false, "author_patreon_flair": false, "approved": true, "author_flair_text_color": null, "permalink": "/r/AskHistorians/comments/mixxv8/how_do_historians_make_a_living_how_do_you_become/", "whitelist_status": "all_ads", "stickied": false, "url": "https://www.reddit.com/r/AskHistorians/comments/mixxv8/how_do_historians_make_a_living_how_do_you_become/", "subreddit_subscribers": 1347155, "created_utc": 1617411231.0, "num_crossposts": 0, "mod_reports": [], "is_video": false}}], "after": null, "before": null}}, {"kind": "Listing", "data": {"modhash": null, "dist": null, "children": [{"kind": "t1", "data": {"total_awards_received": 0, "approved_at_utc": null, "comment_type": null, "awarders": [], "mod_reason_by": null, "banned_by": null, "ups": 1, "author_flair_type": "text", "removal_reason": null, "link_id": "t3_mixxv8", "author_flair_template_id": null, "likes": null, "replies": "", "user_reports": [], "saved": false, "id": "gt76x3a", "banned_at_utc": null, "mod_reason_title": null, "gilded": 0, "archived": false, "removed": false, "no_follow": true, "author": "AutoModerator", "can_mod_post": false, "send_replies": false, "parent_id": "t3_mixxv8", "score": 1, "author_fullname": "t2_6l4z3", "report_reasons": null, "approved_by": null, "all_awardings": [], "subreddit_id": "t5_2ssp3", "ignore_reports": false, "body": "Welcome to /r/AskHistorians. **Please [Read Our Rules](https://www.reddit.com/r/AskHistorians/wiki/rules) before you comment in this community**. Understand that [rule breaking comments get removed](https://www.reddit.com/r/AskHistorians/comments/h8aefx/rules_roundtable_xviii_removed_curation_and_why/).\n\n#Please consider **[Clicking Here for RemindMeBot](https://www.reddit.com/message/compose/?to=RemindMeBot&amp;subject=Reminder&amp;message=%5Bhttps://www.reddit.com/r/AskHistorians/comments/mixxv8/how_do_historians_make_a_living_how_do_you_become/%5D%0A%0ARemindMe!%202%20days)** as it takes time for an answer to be written. Additionally, for weekly content summaries, **[Click Here to Subscribe to our Weekly Roundup](https://www.reddit.com/message/compose/?to=AHMessengerBot&amp;subject=Subscribe&amp;message=!subscribe)**.\n\nWe thank you for your interest in this *question*, and your patience in waiting for an in-depth and comprehensive answer to show up. In addition to RemindMeBot, consider [using our Browser Extension](https://www.reddit.com/r/AskHistorians/comments/d6dzi7/tired_of_clicking_to_find_only_removed_comments/), or getting the [Weekly Roundup](https://www.reddit.com/message/compose?to=subredditsummarybot&amp;subject=askhistorians+weekly&amp;message=x). In the meantime our [Twitter](https://twitter.com/askhistorians), [Facebook](https://www.facebook.com/askhistorians/), and [Sunday Digest](https://www.reddit.com/r/AskHistorians/search?q=title%3A%22Sunday+Digest%22&amp;restrict_sr=on&amp;sort=new&amp;t=all) feature excellent content that has already been written!\n\n\n*I am a bot, and this action was performed automatically. Please [contact the moderators of this subreddit](/message/compose/?to=/r/AskHistorians) if you have any questions or concerns.*", "edited": false, "downs": 0, "author_flair_css_class": null, "is_submitter": false, "collapsed": false, "author_flair_richtext": [], "author_patreon_flair": false, "body_html": "&lt;div class=\"md\"&gt;&lt;p&gt;Welcome to &lt;a href=\"/r/AskHistorians\"&gt;/r/AskHistorians&lt;/a&gt;. &lt;strong&gt;Please &lt;a href=\"https://www.reddit.com/r/AskHistorians/wiki/rules\"&gt;Read Our Rules&lt;/a&gt; before you comment in this community&lt;/strong&gt;. Understand that &lt;a href=\"https://www.reddit.com/r/AskHistorians/comments/h8aefx/rules_roundtable_xviii_removed_curation_and_why/\"&gt;rule breaking comments get removed&lt;/a&gt;.&lt;/p&gt;\n\n&lt;h1&gt;Please consider &lt;strong&gt;&lt;a href=\"https://www.reddit.com/message/compose/?to=RemindMeBot&amp;amp;subject=Reminder&amp;amp;message=%5Bhttps://www.reddit.com/r/AskHistorians/comments/mixxv8/how_do_historians_make_a_living_how_do_you_become/%5D%0A%0ARemindMe!%202%20days\"&gt;Clicking Here for RemindMeBot&lt;/a&gt;&lt;/strong&gt; as it takes time for an answer to be written. Additionally, for weekly content summaries, &lt;strong&gt;&lt;a href=\"https://www.reddit.com/message/compose/?to=AHMessengerBot&amp;amp;subject=Subscribe&amp;amp;message=!subscribe\"&gt;Click Here to Subscribe to our Weekly Roundup&lt;/a&gt;&lt;/strong&gt;.&lt;/h1&gt;\n\n&lt;p&gt;We thank you for your interest in this &lt;em&gt;question&lt;/em&gt;, and your patience in waiting for an in-depth and comprehensive answer to show up. In addition to RemindMeBot, consider &lt;a href=\"https://www.reddit.com/r/AskHistorians/comments/d6dzi7/tired_of_clicking_to_find_only_removed_comments/\"&gt;using our Browser Extension&lt;/a&gt;, or getting the &lt;a href=\"https://www.reddit.com/message/compose?to=subredditsummarybot&amp;amp;subject=askhistorians+weekly&amp;amp;message=x\"&gt;Weekly Roundup&lt;/a&gt;. In the meantime our &lt;a href=\"https://twitter.com/askhistorians\"&gt;Twitter&lt;/a&gt;, &lt;a href=\"https://www.facebook.com/askhistorians/\"&gt;Facebook&lt;/a&gt;, and &lt;a href=\"https://www.reddit.com/r/AskHistorians/search?q=title%3A%22Sunday+Digest%22&amp;amp;restrict_sr=on&amp;amp;sort=new&amp;amp;t=all\"&gt;Sunday Digest&lt;/a&gt; feature excellent content that has already been written!&lt;/p&gt;\n\n&lt;p&gt;&lt;em&gt;I am a bot, and this action was performed automatically. Please &lt;a href=\"/message/compose/?to=/r/AskHistorians\"&gt;contact the moderators of this subreddit&lt;/a&gt; if you have any questions or concerns.&lt;/em&gt;&lt;/p&gt;\n&lt;/div&gt;", "gildings": {}, "collapsed_reason": null, "associated_award": null, "stickied": true, "author_premium": true, "subreddit_type": "public", "can_gild": true, "top_awarded_type": null, "approved": false, "author_flair_text_color": null, "score_hidden": false, "permalink": "/r/AskHistorians/comments/mixxv8/how_do_historians_make_a_living_how_do_you_become/gt76x3a/", "num_reports": null, "locked": true, "name": "t1_gt76x3a", "created": 1617440031.0, "subreddit": "AskHistorians", "author_flair_text": null, "treatment_tags": [], "spam": false, "created_utc": 1617411231.0, "subreddit_name_prefixed": "r/AskHistorians", "controversiality": 0, "depth": 0, "author_flair_background_color": null, "collapsed_because_crowd_control": null, "mod_reports": [], "mod_note": null, "distinguished": "moderator"}}, {"kind": "t1", "data": {"total_awards_received": 0, "approved_at_utc": null, "comment_type": null, "awarders": [], "mod_reason_by": null, "banned_by": null, "ups": 66, "author_flair_type": "text", "removal_reason": null, "link_id": "t3_mixxv8", "author_flair_template_id": null, "likes": null, "replies": {"kind": "Listing", "data": {"modhash": null, "dist": null, "children": [{"kind": "t1", "data": {"total_awards_received": 0, "approved_at_utc": null, "ignore_reports": false, "comment_type": null, "awarders": [], "mod_reason_by": null, "banned_by": null, "ups": 43, "author_flair_type": "text", "removal_reason": null, "link_id": "t3_mixxv8", "author_flair_template_id": null, "likes": null, "replies": {"kind": "Listing", "data": {"modhash": null, "dist": null, "children": [{"kind": "t1", "data": {"total_awards_received": 0, "approved_at_utc": null, "comment_type": null, "awarders": [], "mod_reason_by": null, "banned_by": null, "ups": 18, "author_flair_type": "text", "removal_reason": null, "link_id": "t3_mixxv8", "author_flair_template_id": null, "likes": null, "replies": "", "user_reports": [], "saved": false, "id": "gt7wsqs", "banned_at_utc": null, "mod_reason_title": null, "gilded": 0, "archived": false, "removed": false, "no_follow": false, "author": "AskingForIt138", "can_mod_post": false, "created_utc": 1617428043.0, "send_replies": true, "parent_id": "t1_gt7pey7", "score": 18, "author_fullname": "t2_28kmlleu", "report_reasons": null, "approved_by": null, "all_awardings": [], "subreddit_id": "t5_2ssp3", "ignore_reports": false, "body": "Same thing as well, bachelors in history working on a masters in education. I\u2019d rather talk about something I love everyday and be a good influence on the next generation than struggle in academia.", "edited": false, "author_flair_css_class": null, "is_submitter": false, "downs": 0, "author_flair_richtext": [], "author_patreon_flair": false, "body_html": "&lt;div class=\"md\"&gt;&lt;p&gt;Same thing as well, bachelors in history working on a masters in education. I\u2019d rather talk about something I love everyday and be a good influence on the next generation than struggle in academia.&lt;/p&gt;\n&lt;/div&gt;", "gildings": {}, "collapsed_reason": null, "associated_award": null, "stickied": false, "author_premium": false, "subreddit_type": "public", "can_gild": true, "top_awarded_type": null, "approved": false, "author_flair_text_color": null, "score_hidden": false, "permalink": "/r/AskHistorians/comments/mixxv8/how_do_historians_make_a_living_how_do_you_become/gt7wsqs/", "num_reports": null, "locked": false, "name": "t1_gt7wsqs", "created": 1617456843.0, "subreddit": "AskHistorians", "author_flair_text": null, "treatment_tags": [], "spam": false, "collapsed": false, "subreddit_name_prefixed": "r/AskHistorians", "controversiality": 0, "depth": 2, "author_flair_background_color": null, "collapsed_because_crowd_control": null, "mod_reports": [], "mod_note": null, "distinguished": null}}, {"kind": "t1", "data": {"total_awards_received": 0, "approved_at_utc": null, "comment_type": null, "awarders": [], "mod_reason_by": null, "banned_by": null, "ups": 3, "author_flair_type": "text", "removal_reason": null, "link_id": "t3_mixxv8", "author_flair_template_id": null, "likes": null, "replies": {"kind": "Listing", "data": {"modhash": null, "dist": null, "children": [{"kind": "t1", "data": {"total_awards_received": 0, "approved_at_utc": null, "comment_type": null, "awarders": [], "mod_reason_by": null, "banned_by": null, "ups": 5, "author_flair_type": "text", "removal_reason": null, "link_id": "t3_mixxv8", "author_flair_template_id": null, "likes": null, "replies": "", "user_reports": [], "saved": false, "id": "gt9pi8v", "banned_at_utc": null, "mod_reason_title": null, "gilded": 0, "archived": false, "removed": false, "no_follow": false, "author": "d360jr", "can_mod_post": false, "send_replies": true, "parent_id": "t1_gt9k6iw", "score": 5, "author_fullname": "t2_bbizx", "report_reasons": null, "approved_by": null, "all_awardings": [], "subreddit_id": "t5_2ssp3", "ignore_reports": false, "body": "During a crisis funds dry up and during a recovery only projects that lead to the most funding get funding back.\n\n\nI imagine its hard for history research to bring in much more funding than private donations and students.", "edited": false, "downs": 0, "author_flair_css_class": null, "is_submitter": false, "collapsed": false, "author_flair_richtext": [], "author_patreon_flair": false, "body_html": "&lt;div class=\"md\"&gt;&lt;p&gt;During a crisis funds dry up and during a recovery only projects that lead to the most funding get funding back.&lt;/p&gt;\n\n&lt;p&gt;I imagine its hard for history research to bring in much more funding than private donations and students.&lt;/p&gt;\n&lt;/div&gt;", "gildings": {}, "collapsed_reason": null, "associated_award": null, "stickied": false, "author_premium": false, "subreddit_type": "public", "can_gild": true, "top_awarded_type": null, "approved": false, "author_flair_text_color": null, "score_hidden": false, "permalink": "/r/AskHistorians/comments/mixxv8/how_do_historians_make_a_living_how_do_you_become/gt9pi8v/", "num_reports": null, "locked": false, "name": "t1_gt9pi8v", "created": 1617503513.0, "subreddit": "AskHistorians", "author_flair_text": null, "treatment_tags": [], "spam": false, "created_utc": 1617474713.0, "subreddit_name_prefixed": "r/AskHistorians", "controversiality": 0, "depth": 3, "author_flair_background_color": null, "collapsed_because_crowd_control": null, "mod_reports": [], "mod_note": null, "distinguished": null}}, {"kind": "t1", "data": {"total_awards_received": 0, "approved_at_utc": null, "comment_type": null, "awarders": [], "mod_reason_by": null, "banned_by": null, "ups": 3, "author_flair_type": "text", "removal_reason": null, "link_id": "t3_mixxv8", "author_flair_template_id": null, "likes": null, "replies": "", "user_reports": [], "saved": false, "id": "gt9riho", "banned_at_utc": null, "mod_reason_title": null, "gilded": 0, "archived": false, "removed": false, "no_follow": true, "author": "TheGoshDarnedBatman", "can_mod_post": false, "send_replies": true, "parent_id": "t1_gt9k6iw", "score": 3, "author_fullname": "t2_4pda7", "report_reasons": null, "approved_by": null, "all_awardings": [], "subreddit_id": "t5_2ssp3", "ignore_reports": false, "body": "The economic crash in 2008 forced state governments to slash spending on universities. Universities responded by cutting faculty positions to save money, but trying to increase enrollment to make up for the cuts. To teach all these new and existing students, they began hiring for adjunct positions, which is where you teach university classes for roughly minimum wage with no benefits. Universities like it because adjuncts are cheaper, and all the new graduates were forced to take adjunct positions if they wanted a job. None of these trends has changed since 2008, universities have just flooded the market with new graduates while not replacing full time positions. It sucks.", "edited": false, "downs": 0, "author_flair_css_class": null, "is_submitter": false, "collapsed": false, "author_flair_richtext": [], "author_patreon_flair": false, "body_html": "&lt;div class=\"md\"&gt;&lt;p&gt;The economic crash in 2008 forced state governments to slash spending on universities. Universities responded by cutting faculty positions to save money, but trying to increase enrollment to make up for the cuts. To teach all these new and existing students, they began hiring for adjunct positions, which is where you teach university classes for roughly minimum wage with no benefits. Universities like it because adjuncts are cheaper, and all the new graduates were forced to take adjunct positions if they wanted a job. None of these trends has changed since 2008, universities have just flooded the market with new graduates while not replacing full time positions. It sucks.&lt;/p&gt;\n&lt;/div&gt;", "gildings": {}, "collapsed_reason": null, "associated_award": null, "stickied": false, "author_premium": false, "subreddit_type": "public", "can_gild": true, "top_awarded_type": null, "approved": false, "author_flair_text_color": null, "score_hidden": false, "permalink": "/r/AskHistorians/comments/mixxv8/how_do_historians_make_a_living_how_do_you_become/gt9riho/", "num_reports": null, "locked": false, "name": "t1_gt9riho", "created": 1617504514.0, "subreddit": "AskHistorians", "author_flair_text": null, "treatment_tags": [], "spam": false, "created_utc": 1617475714.0, "subreddit_name_prefixed": "r/AskHistorians", "controversiality": 0, "depth": 3, "author_flair_background_color": null, "collapsed_because_crowd_control": null, "mod_reports": [], "mod_note": null, "distinguished": null}}, {"kind": "t1", "data": {"total_awards_received": 0, "approved_at_utc": null, "comment_type": null, "awarders": [], "mod_reason_by": null, "banned_by": null, "ups": 3, "author_flair_type": "richtext", "removal_reason": null, "link_id": "t3_mixxv8", "author_flair_template_id": "926c8f8c-c626-11e2-a72b-12313b06caaf", "likes": null, "replies": "", "user_reports": [], "saved": false, "id": "gta4al6", "banned_at_utc": null, "mod_reason_title": null, "gilded": 0, "archived": false, "removed": false, "no_follow": true, "author": "restricteddata", "can_mod_post": false, "send_replies": true, "parent_id": "t1_gt9k6iw", "score": 3, "author_fullname": "t2_8brve", "report_reasons": null, "approved_by": null, "all_awardings": [], "subreddit_id": "t5_2ssp3", "ignore_reports": false, "body": "[In a single graph](https://www.historians.org/Images/Perspectives/2020-02/Fig2.png). \n\nUniversities got hit with funding cuts and endowment depreciations with the stock market crash. The adjunctification of the university, already well in swing at that point, increased. In the field of history, a wave of early retirement buy-outs (used to save money by universities) led to an overall decrease in the age of the profession, dramatically altering the typical retirement cycle. The number of PhDs produced totally dwarfs the number of jobs.", "edited": false, "downs": 0, "author_flair_css_class": null, "is_submitter": false, "collapsed": false, "author_flair_richtext": [{"e": "text", "t": "Nuclear Technology | Modern Science"}], "author_patreon_flair": false, "body_html": "&lt;div class=\"md\"&gt;&lt;p&gt;&lt;a href=\"https://www.historians.org/Images/Perspectives/2020-02/Fig2.png\"&gt;In a single graph&lt;/a&gt;. &lt;/p&gt;\n\n&lt;p&gt;Universities got hit with funding cuts and endowment depreciations with the stock market crash. The adjunctification of the university, already well in swing at that point, increased. In the field of history, a wave of early retirement buy-outs (used to save money by universities) led to an overall decrease in the age of the profession, dramatically altering the typical retirement cycle. The number of PhDs produced totally dwarfs the number of jobs.&lt;/p&gt;\n&lt;/div&gt;", "gildings": {}, "collapsed_reason": null, "associated_award": null, "stickied": false, "author_premium": true, "subreddit_type": "public", "can_gild": true, "top_awarded_type": null, "approved": false, "author_flair_text_color": "light", "score_hidden": false, "permalink": "/r/AskHistorians/comments/mixxv8/how_do_historians_make_a_living_how_do_you_become/gta4al6/", "num_reports": null, "locked": false, "name": "t1_gta4al6", "created": 1617511004.0, "subreddit": "AskHistorians", "author_flair_text": "Nuclear Technology | Modern Science", "treatment_tags": [], "spam": false, "created_utc": 1617482204.0, "subreddit_name_prefixed": "r/AskHistorians", "controversiality": 0, "depth": 3, "author_flair_background_color": "#666666", "collapsed_because_crowd_control": null, "mod_reports": [], "mod_note": null, "distinguished": null}}], "after": null, "before": null}}, "user_reports": [], "saved": false, "id": "gt9k6iw", "banned_at_utc": null, "mod_reason_title": null, "gilded": 0, "archived": false, "removed": false, "no_follow": true, "author": "CowboyHistory26", "can_mod_post": false, "created_utc": 1617472062.0, "send_replies": true, "parent_id": "t1_gt7pey7", "score": 3, "author_fullname": "t2_9wzdegrr", "report_reasons": null, "approved_by": null, "all_awardings": [], "subreddit_id": "t5_2ssp3", "ignore_reports": false, "body": "Can you explain why the academic job market was destroyed in 2008?", "edited": false, "author_flair_css_class": null, "is_submitter": false, "downs": 0, "author_flair_richtext": [], "author_patreon_flair": false, "body_html": "&lt;div class=\"md\"&gt;&lt;p&gt;Can you explain why the academic job market was destroyed in 2008?&lt;/p&gt;\n&lt;/div&gt;", "gildings": {}, "collapsed_reason": null, "associated_award": null, "stickied": false, "author_premium": false, "subreddit_type": "public", "can_gild": true, "top_awarded_type": null, "approved": false, "author_flair_text_color": null, "score_hidden": false, "permalink": "/r/AskHistorians/comments/mixxv8/how_do_historians_make_a_living_how_do_you_become/gt9k6iw/", "num_reports": null, "locked": false, "name": "t1_gt9k6iw", "created": 1617500862.0, "subreddit": "AskHistorians", "author_flair_text": null, "treatment_tags": [], "spam": false, "collapsed": false, "subreddit_name_prefixed": "r/AskHistorians", "controversiality": 0, "depth": 2, "author_flair_background_color": null, "collapsed_because_crowd_control": null, "mod_reports": [], "mod_note": null, "distinguished": null}}], "after": null, "before": null}}, "user_reports": [], "saved": false, "id": "gt7pey7", "banned_at_utc": null, "mod_reason_title": null, "gilded": 0, "archived": false, "removed": false, "no_follow": false, "author": "TheGoshDarnedBatman", "can_mod_post": false, "send_replies": true, "parent_id": "t1_gt7ht6t", "score": 43, "author_fullname": "t2_4pda7", "report_reasons": null, "approved_by": null, "all_awardings": [], "subreddit_id": "t5_2ssp3", "collapsed": false, "body": "I have a masters in History and teach high school history. I don\u2019t have time to do original research, but I do get to read and talk about history everyday, and there are actually jobs available. The academic job market has been destroyed since 2008 and isn\u2019t coming back anytime soon.", "edited": false, "author_flair_css_class": null, "is_submitter": false, "downs": 0, "author_flair_richtext": [], "author_patreon_flair": false, "body_html": "&lt;div class=\"md\"&gt;&lt;p&gt;I have a masters in History and teach high school history. I don\u2019t have time to do original research, but I do get to read and talk about history everyday, and there are actually jobs available. The academic job market has been destroyed since 2008 and isn\u2019t coming back anytime soon.&lt;/p&gt;\n&lt;/div&gt;", "gildings": {}, "collapsed_reason": null, "associated_award": null, "stickied": false, "author_premium": false, "subreddit_type": "public", "can_gild": true, "top_awarded_type": null, "approved": true, "author_flair_text_color": null, "score_hidden": false, "permalink": "/r/AskHistorians/comments/mixxv8/how_do_historians_make_a_living_how_do_you_become/gt7pey7/", "num_reports": null, "locked": false, "name": "t1_gt7pey7", "created": 1617451282.0, "subreddit": "AskHistorians", "author_flair_text": null, "treatment_tags": [], "spam": false, "created_utc": 1617422482.0, "subreddit_name_prefixed": "r/AskHistorians", "controversiality": 0, "depth": 1, "author_flair_background_color": null, "collapsed_because_crowd_control": null, "mod_reports": [], "mod_note": null, "distinguished": null}}], "after": null, "before": null}}, "user_reports": [], "saved": false, "id": "gt7ht6t", "banned_at_utc": null, "mod_reason_title": null, "gilded": 0, "archived": false, "removed": false, "no_follow": false, "author": "Nefasine", "can_mod_post": false, "send_replies": true, "parent_id": "t3_mixxv8", "score": 66, "author_fullname": "t2_zix3c", "report_reasons": null, "approved_by": null, "all_awardings": [], "subreddit_id": "t5_2ssp3", "ignore_reports": false, "body": "I am also in a similar situation but there is work out there. The way I see it there are 3 major paths to go down as a historian.\n\n1. Work for a museum. In my experience museums are looking for volunteers all the time but paying jobs are rare, and offer require a master's or PHD, years of experience and good connections. Good way to get experience an connections though volunteering.\n      1a. Conservation. Often associated with museums, but items like books, clothes and vehicles often require a ton of maintenance if they on public display. Learning the specific skills for maintaining these items is quite rewarding.\n\n2. Academia. Continue studies and do research for universities, very dependant on where you are.\n\n3. Site work. Most countries require achelogists and historians to check sites before any major excavation and building for historical and cultural relics. Very dependant on your country.\n       3a. Historical sites. There are occasionally calls for people to help with working on existing sites (I remember one for working on the Gothic Line in Italy). I am not sure of the details of these, and often require you to be able to move around the globe easily.\n\nSource: personal experience and communication from colleagues in the field.", "edited": false, "downs": 0, "author_flair_css_class": null, "is_submitter": false, "collapsed": false, "author_flair_richtext": [], "author_patreon_flair": false, "body_html": "&lt;div class=\"md\"&gt;&lt;p&gt;I am also in a similar situation but there is work out there. The way I see it there are 3 major paths to go down as a historian.&lt;/p&gt;\n\n&lt;ol&gt;\n&lt;li&gt;&lt;p&gt;Work for a museum. In my experience museums are looking for volunteers all the time but paying jobs are rare, and offer require a master&amp;#39;s or PHD, years of experience and good connections. Good way to get experience an connections though volunteering.\n  1a. Conservation. Often associated with museums, but items like books, clothes and vehicles often require a ton of maintenance if they on public display. Learning the specific skills for maintaining these items is quite rewarding.&lt;/p&gt;&lt;/li&gt;\n&lt;li&gt;&lt;p&gt;Academia. Continue studies and do research for universities, very dependant on where you are.&lt;/p&gt;&lt;/li&gt;\n&lt;li&gt;&lt;p&gt;Site work. Most countries require achelogists and historians to check sites before any major excavation and building for historical and cultural relics. Very dependant on your country.\n   3a. Historical sites. There are occasionally calls for people to help with working on existing sites (I remember one for working on the Gothic Line in Italy). I am not sure of the details of these, and often require you to be able to move around the globe easily.&lt;/p&gt;&lt;/li&gt;\n&lt;/ol&gt;\n\n&lt;p&gt;Source: personal experience and communication from colleagues in the field.&lt;/p&gt;\n&lt;/div&gt;", "gildings": {}, "collapsed_reason": null, "associated_award": null, "stickied": false, "author_premium": false, "subreddit_type": "public", "can_gild": true, "top_awarded_type": null, "approved": false, "author_flair_text_color": null, "score_hidden": false, "permalink": "/r/AskHistorians/comments/mixxv8/how_do_historians_make_a_living_how_do_you_become/gt7ht6t/", "num_reports": null, "locked": false, "name": "t1_gt7ht6t", "created": 1617446457.0, "subreddit": "AskHistorians", "author_flair_text": null, "treatment_tags": [], "spam": false, "created_utc": 1617417657.0, "subreddit_name_prefixed": "r/AskHistorians", "controversiality": 0, "depth": 0, "author_flair_background_color": null, "collapsed_because_crowd_control": null, "mod_reports": [], "mod_note": null, "distinguished": null}}], "after": null, "before": null}}]