[{"kind": "Listing", "data": {"modhash": "", "dist": 1, "children": [{"kind": "t3", "data": {"approved_at_utc": null, "subreddit": "AskHistorians", "selftext": "[deleted]", "user_reports": [], "saved": false, "mod_reason_title": null, "gilded": 0, "clicked": false, "title": "Help me understand what \"historical contextualization of a specific text\" and \"textual interpretation\" are, please...", "link_flair_richtext": [], "subreddit_name_prefixed": "r/AskHistorians", "hidden": false, "pwls": 6, "link_flair_css_class": null, "downs": 0, "parent_whitelist_status": "all_ads", "hide_score": false, "name": "t3_6xx4o9", "quarantine": false, "link_flair_text_color": "dark", "upvote_ratio": 0.69, "author_flair_background_color": "", "subreddit_type": "public", "ups": 5, "domain": "self.AskHistorians", "media_embed": {}, "author_flair_template_id": null, "is_original_content": false, "secure_media": null, "is_reddit_media_domain": false, "category": null, "secure_media_embed": {}, "link_flair_text": null, "can_mod_post": false, "score": 5, "approved_by": null, "thumbnail": "", "edited": 1504488418.0, "author_flair_css_class": null, "content_categories": null, "is_self": true, "mod_note": null, "created": 1504516020.0, "link_flair_type": "text", "wls": 6, "post_categories": null, "banned_by": null, "contest_mode": false, "selftext_html": "&lt;!-- SC_OFF --&gt;&lt;div class=\"md\"&gt;&lt;p&gt;[deleted]&lt;/p&gt;\n&lt;/div&gt;&lt;!-- SC_ON --&gt;", "likes": null, "suggested_sort": null, "banned_at_utc": null, "view_count": null, "archived": true, "no_follow": true, "is_crosspostable": false, "pinned": false, "over_18": false, "media": null, "media_only": false, "can_gild": false, "spoiler": false, "locked": false, "author_flair_text": null, "rte_mode": "markdown", "visited": false, "num_reports": null, "distinguished": null, "subreddit_id": "t5_2ssp3", "mod_reason_by": null, "removal_reason": null, "id": "6xx4o9", "report_reasons": null, "author": "[deleted]", "num_crossposts": 0, "num_comments": 2, "send_replies": true, "author_flair_text_color": "dark", "permalink": "/r/AskHistorians/comments/6xx4o9/help_me_understand_what_historical/", "whitelist_status": "all_ads", "stickied": false, "url": "https://www.reddit.com/r/AskHistorians/comments/6xx4o9/help_me_understand_what_historical/", "subreddit_subscribers": 771163, "created_utc": 1504487220.0, "mod_reports": [], "is_video": false}}], "after": null, "before": null}}, {"kind": "Listing", "data": {"modhash": "", "dist": null, "children": [{"kind": "t1", "data": {"subreddit_id": "t5_2ssp3", "approved_at_utc": null, "ups": 4, "mod_reason_by": null, "banned_by": null, "author_flair_type": "richtext", "removal_reason": null, "link_id": "t3_6xx4o9", "author_flair_template_id": null, "likes": null, "no_follow": true, "replies": "", "user_reports": [], "saved": false, "id": "dmj7cbu", "banned_at_utc": null, "mod_reason_title": null, "gilded": 0, "archived": true, "report_reasons": null, "author": "freedmenspatrol", "can_mod_post": false, "send_replies": true, "parent_id": "t3_6xx4o9", "score": 4, "approved_by": null, "downs": 0, "body": "I think what historical contextualization means to your professor is situating your texts in the relevant historiography. Whatever subject they're speaking to, it has a historiography. Trends in academia, wider world stuff, new findings, and so forth place their stamps on generations of scholars who then react to their predecessors and then are reacted against by their successors. All of this usually leaves distinct patterns where older work shapes newer, but also gets revised in different ways and with shifting emphases over time. Understanding the big picture can help you suss out the strengths and weaknesses of individual works as well as making them somewhat more intuitive all on their own. \n\nSo how do you do that? The standard answer is \"too much reading\", which is probably not too helpful for you. :) It's hard to explain after having done it for so long, but you begin with basic questions like: When was this work written? What was going on around that time in the world that might have influenced the author, and maybe for a few decades before as they're growing up? What kind of evidence (statistics, primary sources, kinds of primary sources) does the author stress? Does the author treat one group of historical actors more favorably or adopt their framing of things more than they do another group? Is a group concerned with the subject and involved in events conspicuously absent? If you're an American, look for Americans who aren't white men.\n\nThe ways those questions are answered gives you some of that context. For example, a history of American slavery written in the 1910s is the product of a time of intense and violent white supremacy. We might look askance at its depiction of the slaves as largely content and benefiting from the institution. One written in the 1950s or 60s, by someone cognizant of the Civil Rights Movement, might look at the same data and come to a very different conclusion. (And did they ever.) Historical works don't ever stand on their own or descend unto us from the heavens, they themselves are the product of history just like the historians who produce them. Contextualization is part of how we account for that.\n\nTextual interpretation is also a little hard to explain without doing it. I think what your professor will be looking for is a close examination of how your historians use primary sources. If they have a long quote, then they probably have an interpretation right before or after it. On a larger scale, every historical work involves textual interpretation. Do the quotes and sources support the argument? Are there other reasonable ways to read the texts quoted? Are the historians missing, or outright ignoring, a credible read that runs contrary to their argument? If you have a source document on hand (or can get it online) then you can read the whole thing and see if the interpretation is supported by it in general. Many a historiography note involves a prior scholar selectively, incompletely, or incorrectly reading something. Occasionally they're downright vicious. \n\nLet me give you an example of the job being done:\n\n&gt;One of the most knowledgeable historians of the period, Robert V. Remini, for example, discounts the significance of the slavery issue in Van Buren\u2019s formulation, noting that \u201cthe issue of slavery was never seriously raised\u201d during the election of 1828, and citing a comment by the Jacksonian editor Duff Green: \u201cThe anti slave party in the North is dying away.\u201d 18 But this simply demonstrates that the policies promoted by Van Buren, Ritchie, and Calhoun to replace \u201cparty feelings\u201d for \u201cgeographical divisions\u201d were working\u2014 just as Green observed in a portion of the same letter that Remini did not quote: \u201cIt has been a part of my business so far as I could to prevent the agitation of that question.\u201d \n\n&gt;Forbes, Robert Pierce. The Missouri Compromise and Its Aftermath: Slavery and the Meaning of America (pp. 214-215). The University of North Carolina Press. Kindle Edition.\n\nRobert Remini was Andrew Jackson's biographer and loved the guy. Forbes went back to the letter Remini quoted and found material within it that didn't support Remini's argument at all. He wants Green as an authority on how antislavery sentiment has withered a way, so it doesn't matter anymore but other issues Remini cares about do. To get there, he chose to ignore Green's admission that he was literally working to suppress antislavery and so take it off the menu. Forbes concludes:\n\n&gt;One is at a loss to know just what contemporary politicians would have had to write in order to convince Remini and others of his school that slavery represented a central issue, if not the central issue, of national politics at this time.\n\n&gt;Forbes, Robert Pierce. The Missouri Compromise and Its Aftermath: Slavery and the Meaning of America (p. 215). The University of North Carolina Press. Kindle Edition. \n\nI'm not personally familiar with Remini's work except that he was the dean of Jackson scholars for a long time and his three-volume biography is thoroughly laudatory. I am more familiar with the work of a recent scholar in that tradition, Sean Wilentz, and find his interpretations pretty poor. Many in the academy agree, to the point that the best general survey of the era, *What Hath God Wrought* was essentially written to displace his work *The Rise of American Democracy*. I read both almost back to back because ~~I am very boring~~ want to see for myself and in the process caught Wilentz in a few dubious interpretations of his own that I wouldn't have noticed if not for having read WHGW.\n\nThis must sound like a lot of work. It is. But unless you're in graduate school I doubt your prof expects you to know the historiography and be able to take Sean Wilentz to the woodshed. (If your prof *is* Sean Wilentz...maybe don't do that. :) ) The goal is almost certainly for you to start developing these skills, which will eventually become second nature as you get further into history, if you do press on.\n\nWhat you might find helpful to get started are some good historiography reviews. They're most helpful if you're studying American history, but Eric Foner writes great historiography in both *Reconstruction* and *Gateway to Freedom*. Each is a capsule history of the relevant field all in itself (and the second edition of Reconstruction has a second one to update the first). Foner has the rare gift of making the review genuinely entertaining, which is probably why they survive his editors.", "edited": false, "author_flair_css_class": "moderator", "collapsed": false, "author_flair_richtext": [{"e": "text", "t": "Moderator | Antebellum U.S. Slavery Politics"}], "is_submitter": false, "collapsed_reason": null, "body_html": "&lt;div class=\"md\"&gt;&lt;p&gt;I think what historical contextualization means to your professor is situating your texts in the relevant historiography. Whatever subject they&amp;#39;re speaking to, it has a historiography. Trends in academia, wider world stuff, new findings, and so forth place their stamps on generations of scholars who then react to their predecessors and then are reacted against by their successors. All of this usually leaves distinct patterns where older work shapes newer, but also gets revised in different ways and with shifting emphases over time. Understanding the big picture can help you suss out the strengths and weaknesses of individual works as well as making them somewhat more intuitive all on their own. &lt;/p&gt;\n\n&lt;p&gt;So how do you do that? The standard answer is &amp;quot;too much reading&amp;quot;, which is probably not too helpful for you. :) It&amp;#39;s hard to explain after having done it for so long, but you begin with basic questions like: When was this work written? What was going on around that time in the world that might have influenced the author, and maybe for a few decades before as they&amp;#39;re growing up? What kind of evidence (statistics, primary sources, kinds of primary sources) does the author stress? Does the author treat one group of historical actors more favorably or adopt their framing of things more than they do another group? Is a group concerned with the subject and involved in events conspicuously absent? If you&amp;#39;re an American, look for Americans who aren&amp;#39;t white men.&lt;/p&gt;\n\n&lt;p&gt;The ways those questions are answered gives you some of that context. For example, a history of American slavery written in the 1910s is the product of a time of intense and violent white supremacy. We might look askance at its depiction of the slaves as largely content and benefiting from the institution. One written in the 1950s or 60s, by someone cognizant of the Civil Rights Movement, might look at the same data and come to a very different conclusion. (And did they ever.) Historical works don&amp;#39;t ever stand on their own or descend unto us from the heavens, they themselves are the product of history just like the historians who produce them. Contextualization is part of how we account for that.&lt;/p&gt;\n\n&lt;p&gt;Textual interpretation is also a little hard to explain without doing it. I think what your professor will be looking for is a close examination of how your historians use primary sources. If they have a long quote, then they probably have an interpretation right before or after it. On a larger scale, every historical work involves textual interpretation. Do the quotes and sources support the argument? Are there other reasonable ways to read the texts quoted? Are the historians missing, or outright ignoring, a credible read that runs contrary to their argument? If you have a source document on hand (or can get it online) then you can read the whole thing and see if the interpretation is supported by it in general. Many a historiography note involves a prior scholar selectively, incompletely, or incorrectly reading something. Occasionally they&amp;#39;re downright vicious. &lt;/p&gt;\n\n&lt;p&gt;Let me give you an example of the job being done:&lt;/p&gt;\n\n&lt;blockquote&gt;\n&lt;p&gt;One of the most knowledgeable historians of the period, Robert V. Remini, for example, discounts the significance of the slavery issue in Van Buren\u2019s formulation, noting that \u201cthe issue of slavery was never seriously raised\u201d during the election of 1828, and citing a comment by the Jacksonian editor Duff Green: \u201cThe anti slave party in the North is dying away.\u201d 18 But this simply demonstrates that the policies promoted by Van Buren, Ritchie, and Calhoun to replace \u201cparty feelings\u201d for \u201cgeographical divisions\u201d were working\u2014 just as Green observed in a portion of the same letter that Remini did not quote: \u201cIt has been a part of my business so far as I could to prevent the agitation of that question.\u201d &lt;/p&gt;\n\n&lt;p&gt;Forbes, Robert Pierce. The Missouri Compromise and Its Aftermath: Slavery and the Meaning of America (pp. 214-215). The University of North Carolina Press. Kindle Edition.&lt;/p&gt;\n&lt;/blockquote&gt;\n\n&lt;p&gt;Robert Remini was Andrew Jackson&amp;#39;s biographer and loved the guy. Forbes went back to the letter Remini quoted and found material within it that didn&amp;#39;t support Remini&amp;#39;s argument at all. He wants Green as an authority on how antislavery sentiment has withered a way, so it doesn&amp;#39;t matter anymore but other issues Remini cares about do. To get there, he chose to ignore Green&amp;#39;s admission that he was literally working to suppress antislavery and so take it off the menu. Forbes concludes:&lt;/p&gt;\n\n&lt;blockquote&gt;\n&lt;p&gt;One is at a loss to know just what contemporary politicians would have had to write in order to convince Remini and others of his school that slavery represented a central issue, if not the central issue, of national politics at this time.&lt;/p&gt;\n\n&lt;p&gt;Forbes, Robert Pierce. The Missouri Compromise and Its Aftermath: Slavery and the Meaning of America (p. 215). The University of North Carolina Press. Kindle Edition. &lt;/p&gt;\n&lt;/blockquote&gt;\n\n&lt;p&gt;I&amp;#39;m not personally familiar with Remini&amp;#39;s work except that he was the dean of Jackson scholars for a long time and his three-volume biography is thoroughly laudatory. I am more familiar with the work of a recent scholar in that tradition, Sean Wilentz, and find his interpretations pretty poor. Many in the academy agree, to the point that the best general survey of the era, &lt;em&gt;What Hath God Wrought&lt;/em&gt; was essentially written to displace his work &lt;em&gt;The Rise of American Democracy&lt;/em&gt;. I read both almost back to back because &lt;del&gt;I am very boring&lt;/del&gt; want to see for myself and in the process caught Wilentz in a few dubious interpretations of his own that I wouldn&amp;#39;t have noticed if not for having read WHGW.&lt;/p&gt;\n\n&lt;p&gt;This must sound like a lot of work. It is. But unless you&amp;#39;re in graduate school I doubt your prof expects you to know the historiography and be able to take Sean Wilentz to the woodshed. (If your prof &lt;em&gt;is&lt;/em&gt; Sean Wilentz...maybe don&amp;#39;t do that. :) ) The goal is almost certainly for you to start developing these skills, which will eventually become second nature as you get further into history, if you do press on.&lt;/p&gt;\n\n&lt;p&gt;What you might find helpful to get started are some good historiography reviews. They&amp;#39;re most helpful if you&amp;#39;re studying American history, but Eric Foner writes great historiography in both &lt;em&gt;Reconstruction&lt;/em&gt; and &lt;em&gt;Gateway to Freedom&lt;/em&gt;. Each is a capsule history of the relevant field all in itself (and the second edition of Reconstruction has a second one to update the first). Foner has the rare gift of making the review genuinely entertaining, which is probably why they survive his editors.&lt;/p&gt;\n&lt;/div&gt;", "stickied": false, "subreddit_type": "public", "can_gild": true, "subreddit": "AskHistorians", "author_flair_text_color": null, "score_hidden": false, "permalink": "/r/AskHistorians/comments/6xx4o9/help_me_understand_what_historical/dmj7cbu/", "num_reports": null, "name": "t1_dmj7cbu", "created": 1504521944.0, "author_flair_text": "Moderator | Antebellum U.S. Slavery Politics", "rte_mode": "markdown", "created_utc": 1504493144.0, "subreddit_name_prefixed": "r/AskHistorians", "controversiality": 0, "depth": 0, "author_flair_background_color": null, "mod_reports": [], "mod_note": null, "distinguished": null}}], "after": null, "before": null}}]