[{"kind": "Listing", "data": {"modhash": "", "dist": 1, "children": [{"kind": "t3", "data": {"approved_at_utc": null, "subreddit": "AskHistorians", "selftext": "", "user_reports": [], "saved": false, "mod_reason_title": null, "gilded": 0, "clicked": false, "title": "Why didn't spain wait to find a new admiral instead of sending 130 ships ruled by an army general to conquer england ?", "link_flair_richtext": [], "subreddit_name_prefixed": "r/AskHistorians", "hidden": false, "pwls": 6, "link_flair_css_class": null, "downs": 0, "parent_whitelist_status": "all_ads", "hide_score": false, "name": "t3_6y0pdm", "quarantine": false, "link_flair_text_color": "dark", "upvote_ratio": 0.9, "author_flair_background_color": null, "subreddit_type": "public", "ups": 75, "domain": "self.AskHistorians", "media_embed": {}, "author_flair_template_id": null, "is_original_content": false, "secure_media": null, "is_reddit_media_domain": false, "category": null, "secure_media_embed": {}, "link_flair_text": null, "can_mod_post": false, "score": 75, "approved_by": null, "thumbnail": "", "edited": false, "author_flair_css_class": null, "author_flair_richtext": [], "content_categories": null, "is_self": true, "mod_note": null, "created": 1504564987.0, "link_flair_type": "text", "wls": 6, "post_categories": null, "banned_by": null, "author_flair_type": "text", "contest_mode": false, "selftext_html": null, "likes": null, "suggested_sort": null, "banned_at_utc": null, "view_count": null, "archived": true, "no_follow": false, "is_crosspostable": false, "pinned": false, "over_18": false, "media_only": false, "can_gild": false, "spoiler": false, "locked": false, "author_flair_text": null, "rte_mode": "markdown", "visited": false, "num_reports": null, "distinguished": null, "subreddit_id": "t5_2ssp3", "mod_reason_by": null, "removal_reason": null, "id": "6y0pdm", "report_reasons": null, "author": "RutilantBoss", "num_crossposts": 0, "num_comments": 2, "send_replies": true, "mod_reports": [], "author_flair_text_color": null, "permalink": "/r/AskHistorians/comments/6y0pdm/why_didnt_spain_wait_to_find_a_new_admiral/", "whitelist_status": "all_ads", "stickied": false, "url": "https://www.reddit.com/r/AskHistorians/comments/6y0pdm/why_didnt_spain_wait_to_find_a_new_admiral/", "subreddit_subscribers": 771163, "created_utc": 1504536187.0, "media": null, "is_video": false}}], "after": null, "before": null}}, {"kind": "Listing", "data": {"modhash": "", "dist": null, "children": [{"kind": "t1", "data": {"subreddit_id": "t5_2ssp3", "approved_at_utc": null, "ups": 12, "mod_reason_by": null, "banned_by": null, "author_flair_type": "richtext", "removal_reason": null, "link_id": "t3_6y0pdm", "author_flair_template_id": null, "likes": null, "no_follow": false, "replies": {"kind": "Listing", "data": {"modhash": "", "dist": null, "children": [{"kind": "t1", "data": {"subreddit_id": "t5_2ssp3", "approved_at_utc": null, "ups": 2, "mod_reason_by": null, "banned_by": null, "author_flair_type": "richtext", "removal_reason": null, "link_id": "t3_6y0pdm", "author_flair_template_id": null, "likes": null, "no_follow": true, "replies": "", "user_reports": [], "saved": false, "id": "dmo73q3", "banned_at_utc": null, "mod_reason_title": null, "gilded": 0, "archived": true, "report_reasons": null, "author": "jschooltiger", "can_mod_post": false, "send_replies": true, "parent_id": "t1_dml5yd4", "score": 2, "approved_by": null, "downs": 0, "body": "This is a great answer -- I was thinking about taking a stab at it, but I'm traveling and away from my resources. ", "edited": false, "author_flair_css_class": "moderator", "collapsed": false, "author_flair_richtext": [{"e": "text", "t": "Moderator | Shipbuilding and Logistics | British Navy 1770-1830"}], "is_submitter": false, "collapsed_reason": null, "body_html": "&lt;div class=\"md\"&gt;&lt;p&gt;This is a great answer -- I was thinking about taking a stab at it, but I&amp;#39;m traveling and away from my resources. &lt;/p&gt;\n&lt;/div&gt;", "stickied": false, "subreddit_type": "public", "can_gild": true, "subreddit": "AskHistorians", "author_flair_text_color": null, "score_hidden": false, "permalink": "/r/AskHistorians/comments/6y0pdm/why_didnt_spain_wait_to_find_a_new_admiral/dmo73q3/", "num_reports": null, "name": "t1_dmo73q3", "created": 1504787762.0, "author_flair_text": "Moderator | Shipbuilding and Logistics | British Navy 1770-1830", "rte_mode": "markdown", "created_utc": 1504758962.0, "subreddit_name_prefixed": "r/AskHistorians", "controversiality": 0, "depth": 1, "author_flair_background_color": null, "mod_reports": [], "mod_note": null, "distinguished": null}}], "after": null, "before": null}}, "user_reports": [], "saved": false, "id": "dml5yd4", "banned_at_utc": null, "mod_reason_title": null, "gilded": 0, "archived": true, "report_reasons": null, "author": "cazador5", "can_mod_post": false, "send_replies": true, "parent_id": "t3_6y0pdm", "score": 12, "approved_by": null, "downs": 0, "body": "Ohh! Something I may have an answer to.\n\nI think the question may stem from a misunderstanding concerning generals and admirals. While in the modern day, and even by the 18th century, a general commanding a fleet or even a ship would be seen as ludicrous, this was far from the truth in the 16th and early 17th centuries.\n\nAt the time of the Spanish Armada, centralised state fleets were a rare occurrence in Western Europe. The English fleet that fought the Armada is a case in point - a hodge podge collection of merchant ships, privately owned privateer vessels, as well as Royally owned ships. Their organisation  was haphazard at best and naval warfare quickly descended into brawls aboard ships in a wild melee.\n\nAnd who's great for fighting in a melee? Even one aboard ships? Soldiers! For centuries it was considered vogue to pack your ships with as many soldiers as possible in the lead up to a battle, and the primary tactic was the engage, board and overwhelm your opponents. The line-ahead broadside tactics of Jervis were far in the future at the time the Armada. It should be noted that the Spanish were fond of packing their ships with soldiers even after broadsides became more powerful - many of their disproportionate casualties at Trafalgar may be partially explained by this.\n\nI digress. Essentially Generals were considered apt for command of large fleets at the time of The Armada because large fleets often had huge numbers of outright soldiers. It should also be noted that the Armada was an invasion fleet - a General would be considered best to command an invasion once it hit the ground anyway.\n\nAdmirals didn't come into their own until long after the battles at Gravelines. In fact, the Napoleonic era rank of 'Master' is a call back to this period. For centuries the captains of ships were often simply gentry or military men given command of a ship in wartime. The man responsible for actually sailing and directing the ship was it's Master. In the Napoleonic period these masters were still around, albeit at a time of transition when Captains were becoming more than competent sailors in their own right.\n\nWill post more sources when I'm off my phone!\n\n Lewis, Michael. *The Spanish Armada*\n\nRodger, N. A. M. *The Safeguard of the Sea: A Naval History of Britain 660\u20131649*\n\nPierson, Peter. *Commander of the Armada: The Seventh Duke of Medina Sidonia.*\n\nParker, Geoffrey. \"Why the Armada Failed.\" *History Today* 1988 ", "edited": 1504612615.0, "author_flair_css_class": "europe", "collapsed": false, "author_flair_richtext": [{"e": "text", "t": "Medieval Britain"}], "is_submitter": false, "collapsed_reason": null, "body_html": "&lt;div class=\"md\"&gt;&lt;p&gt;Ohh! Something I may have an answer to.&lt;/p&gt;\n\n&lt;p&gt;I think the question may stem from a misunderstanding concerning generals and admirals. While in the modern day, and even by the 18th century, a general commanding a fleet or even a ship would be seen as ludicrous, this was far from the truth in the 16th and early 17th centuries.&lt;/p&gt;\n\n&lt;p&gt;At the time of the Spanish Armada, centralised state fleets were a rare occurrence in Western Europe. The English fleet that fought the Armada is a case in point - a hodge podge collection of merchant ships, privately owned privateer vessels, as well as Royally owned ships. Their organisation  was haphazard at best and naval warfare quickly descended into brawls aboard ships in a wild melee.&lt;/p&gt;\n\n&lt;p&gt;And who&amp;#39;s great for fighting in a melee? Even one aboard ships? Soldiers! For centuries it was considered vogue to pack your ships with as many soldiers as possible in the lead up to a battle, and the primary tactic was the engage, board and overwhelm your opponents. The line-ahead broadside tactics of Jervis were far in the future at the time the Armada. It should be noted that the Spanish were fond of packing their ships with soldiers even after broadsides became more powerful - many of their disproportionate casualties at Trafalgar may be partially explained by this.&lt;/p&gt;\n\n&lt;p&gt;I digress. Essentially Generals were considered apt for command of large fleets at the time of The Armada because large fleets often had huge numbers of outright soldiers. It should also be noted that the Armada was an invasion fleet - a General would be considered best to command an invasion once it hit the ground anyway.&lt;/p&gt;\n\n&lt;p&gt;Admirals didn&amp;#39;t come into their own until long after the battles at Gravelines. In fact, the Napoleonic era rank of &amp;#39;Master&amp;#39; is a call back to this period. For centuries the captains of ships were often simply gentry or military men given command of a ship in wartime. The man responsible for actually sailing and directing the ship was it&amp;#39;s Master. In the Napoleonic period these masters were still around, albeit at a time of transition when Captains were becoming more than competent sailors in their own right.&lt;/p&gt;\n\n&lt;p&gt;Will post more sources when I&amp;#39;m off my phone!&lt;/p&gt;\n\n&lt;p&gt;Lewis, Michael. &lt;em&gt;The Spanish Armada&lt;/em&gt;&lt;/p&gt;\n\n&lt;p&gt;Rodger, N. A. M. &lt;em&gt;The Safeguard of the Sea: A Naval History of Britain 660\u20131649&lt;/em&gt;&lt;/p&gt;\n\n&lt;p&gt;Pierson, Peter. &lt;em&gt;Commander of the Armada: The Seventh Duke of Medina Sidonia.&lt;/em&gt;&lt;/p&gt;\n\n&lt;p&gt;Parker, Geoffrey. &amp;quot;Why the Armada Failed.&amp;quot; &lt;em&gt;History Today&lt;/em&gt; 1988 &lt;/p&gt;\n&lt;/div&gt;", "stickied": false, "subreddit_type": "public", "can_gild": true, "subreddit": "AskHistorians", "author_flair_text_color": null, "score_hidden": false, "permalink": "/r/AskHistorians/comments/6y0pdm/why_didnt_spain_wait_to_find_a_new_admiral/dml5yd4/", "num_reports": null, "name": "t1_dml5yd4", "created": 1504641001.0, "author_flair_text": "Medieval Britain", "rte_mode": "markdown", "created_utc": 1504612201.0, "subreddit_name_prefixed": "r/AskHistorians", "controversiality": 0, "depth": 0, "author_flair_background_color": null, "mod_reports": [], "mod_note": null, "distinguished": null}}], "after": null, "before": null}}]