[{"kind": "Listing", "data": {"modhash": "", "dist": 1, "children": [{"kind": "t3", "data": {"approved_at_utc": null, "subreddit": "AskHistorians", "selftext": "I am writing an essay on the justification of the Vietnam War and need to evaluate whether the war can be justified economically, it would be very helpful to find out the total imports and exports between the US and South Vietnam (and other SE Asian countries) during the period leading up to and during the war. I can only find data later than 1992 on [Census Bureau](https://www.census.gov/foreign-trade/balance/c5520.html) Foreign Trade.\n\n(ps If you have any other helpful information on this topic that would really aid me too)", "user_reports": [], "saved": false, "mod_reason_title": null, "gilded": 0, "clicked": false, "title": "Where can I find historic (1950s-70s) trade data from US and South Vietnam?", "link_flair_richtext": [], "subreddit_name_prefixed": "r/AskHistorians", "hidden": false, "pwls": 6, "link_flair_css_class": null, "downs": 0, "parent_whitelist_status": "all_ads", "hide_score": false, "name": "t3_ejckg8", "quarantine": false, "link_flair_text_color": "dark", "upvote_ratio": 1.0, "author_flair_background_color": null, "subreddit_type": "public", "ups": 2, "total_awards_received": 0, "media_embed": {}, "author_flair_template_id": null, "is_original_content": false, "author_fullname": "t2_14godu", "secure_media": null, "is_reddit_media_domain": false, "is_meta": false, "category": null, "secure_media_embed": {}, "link_flair_text": null, "can_mod_post": false, "num_duplicates": 0, "approved_by": null, "author_premium": false, "thumbnail": "", "edited": false, "author_flair_css_class": null, "author_flair_richtext": [], "gildings": {}, "content_categories": null, "is_self": true, "mod_note": null, "created": 1578068375.0, "link_flair_type": "text", "wls": 6, "removed_by_category": null, "banned_by": null, "author_flair_type": "text", "domain": "self.AskHistorians", "allow_live_comments": false, "selftext_html": "&lt;!-- SC_OFF --&gt;&lt;div class=\"md\"&gt;&lt;p&gt;I am writing an essay on the justification of the Vietnam War and need to evaluate whether the war can be justified economically, it would be very helpful to find out the total imports and exports between the US and South Vietnam (and other SE Asian countries) during the period leading up to and during the war. I can only find data later than 1992 on &lt;a href=\"https://www.census.gov/foreign-trade/balance/c5520.html\"&gt;Census Bureau&lt;/a&gt; Foreign Trade.&lt;/p&gt;\n\n&lt;p&gt;(ps If you have any other helpful information on this topic that would really aid me too)&lt;/p&gt;\n&lt;/div&gt;&lt;!-- SC_ON --&gt;", "likes": null, "suggested_sort": null, "banned_at_utc": null, "view_count": null, "archived": false, "score": 2, "no_follow": true, "is_crosspostable": false, "pinned": false, "over_18": false, "all_awardings": [], "awarders": [], "media_only": false, "can_gild": false, "spoiler": false, "locked": false, "author_flair_text": null, "visited": false, "removed_by": null, "num_reports": null, "distinguished": null, "subreddit_id": "t5_2ssp3", "mod_reason_by": null, "removal_reason": null, "link_flair_background_color": "", "id": "ejckg8", "is_robot_indexable": true, "report_reasons": null, "author": "1EyedBunny", "discussion_type": null, "num_comments": 2, "send_replies": true, "media": null, "contest_mode": false, "author_patreon_flair": false, "author_flair_text_color": null, "permalink": "/r/AskHistorians/comments/ejckg8/where_can_i_find_historic_1950s70s_trade_data/", "whitelist_status": "all_ads", "stickied": false, "url": "https://www.reddit.com/r/AskHistorians/comments/ejckg8/where_can_i_find_historic_1950s70s_trade_data/", "subreddit_subscribers": 1080054, "created_utc": 1578039575.0, "num_crossposts": 0, "mod_reports": [], "is_video": false}}], "after": null, "before": null}}, {"kind": "Listing", "data": {"modhash": "", "dist": null, "children": [{"kind": "t1", "data": {"total_awards_received": 0, "approved_at_utc": null, "ups": 1, "awarders": [], "mod_reason_by": null, "banned_by": null, "author_flair_type": "richtext", "removal_reason": null, "link_id": "t3_ejckg8", "author_flair_template_id": "7b2f3f40-c626-11e2-9a3e-12313d1841d1", "likes": null, "replies": "", "user_reports": [], "saved": false, "id": "fcwzqly", "banned_at_utc": null, "mod_reason_title": null, "gilded": 0, "archived": false, "no_follow": true, "author": "crrpit", "can_mod_post": false, "send_replies": true, "parent_id": "t3_ejckg8", "score": 1, "author_fullname": "t2_vptjm6b", "report_reasons": null, "approved_by": null, "all_awardings": [], "subreddit_id": "t5_2ssp3", "body": "Hi - we as mods have approved this thread, because while this is a homework question, it is asking for clarification or resources, rather than the answer itself, which is fine according to [our rules](http://www.reddit.com/r/AskHistorians/wiki/rules#wiki_homework). This policy is further explained in this [Rules Roundtable thread](https://www.reddit.com/r/AskHistorians/comments/4cb022/rules_roundtable_8_the_raskhistorians_homework/) and this [META Thread](http://www.reddit.com/r/AskHistorians/comments/35pkem/askhistorians_homework_question_policy_rehash/).\n\nAs a result, we'd also like to remind potential answerers to follow our rules on homework - please make sure that your answers focus appropriately on clarifications and detailing the resources that OP could be using. \n\nAdditionally, while users may be able to help you out with specifics relating to your question, we also have plenty of information on /r/AskHistorians on how to find and understand good sources in general. For instance, please check out our six-part series, \"[Finding and Understanding Sources](https://www.reddit.com/r/AskHistorians/wiki/theory#wiki_monday_methods.3A_finding_and_understanding_sources)\", which has a wealth of information that may be useful for finding and understanding information for your essay.", "edited": false, "author_flair_css_class": "europe", "is_submitter": false, "downs": 0, "author_flair_richtext": [{"e": "text", "t": "Moderator | Spanish Civil War | Anti-Fascism"}], "author_patreon_flair": false, "body_html": "&lt;div class=\"md\"&gt;&lt;p&gt;Hi - we as mods have approved this thread, because while this is a homework question, it is asking for clarification or resources, rather than the answer itself, which is fine according to &lt;a href=\"http://www.reddit.com/r/AskHistorians/wiki/rules#wiki_homework\"&gt;our rules&lt;/a&gt;. This policy is further explained in this &lt;a href=\"https://www.reddit.com/r/AskHistorians/comments/4cb022/rules_roundtable_8_the_raskhistorians_homework/\"&gt;Rules Roundtable thread&lt;/a&gt; and this &lt;a href=\"http://www.reddit.com/r/AskHistorians/comments/35pkem/askhistorians_homework_question_policy_rehash/\"&gt;META Thread&lt;/a&gt;.&lt;/p&gt;\n\n&lt;p&gt;As a result, we&amp;#39;d also like to remind potential answerers to follow our rules on homework - please make sure that your answers focus appropriately on clarifications and detailing the resources that OP could be using. &lt;/p&gt;\n\n&lt;p&gt;Additionally, while users may be able to help you out with specifics relating to your question, we also have plenty of information on &lt;a href=\"/r/AskHistorians\"&gt;/r/AskHistorians&lt;/a&gt; on how to find and understand good sources in general. For instance, please check out our six-part series, &amp;quot;&lt;a href=\"https://www.reddit.com/r/AskHistorians/wiki/theory#wiki_monday_methods.3A_finding_and_understanding_sources\"&gt;Finding and Understanding Sources&lt;/a&gt;&amp;quot;, which has a wealth of information that may be useful for finding and understanding information for your essay.&lt;/p&gt;\n&lt;/div&gt;", "gildings": {}, "collapsed_reason": null, "associated_award": null, "stickied": true, "author_premium": false, "subreddit_type": "public", "can_gild": true, "subreddit": "AskHistorians", "author_flair_text_color": "light", "score_hidden": true, "permalink": "/r/AskHistorians/comments/ejckg8/where_can_i_find_historic_1950s70s_trade_data/fcwzqly/", "num_reports": null, "locked": false, "name": "t1_fcwzqly", "created": 1578073525.0, "author_flair_text": "Moderator | Spanish Civil War | Anti-Fascism", "collapsed": false, "created_utc": 1578044725.0, "subreddit_name_prefixed": "r/AskHistorians", "controversiality": 0, "depth": 0, "author_flair_background_color": "#003399", "collapsed_because_crowd_control": null, "mod_reports": [], "mod_note": null, "distinguished": "moderator"}}, {"kind": "t1", "data": {"total_awards_received": 0, "approved_at_utc": null, "ups": 1, "awarders": [], "mod_reason_by": null, "banned_by": null, "author_flair_type": "richtext", "removal_reason": null, "link_id": "t3_ejckg8", "author_flair_template_id": "9e641f94-c626-11e2-8e2c-12313b0b21ae", "likes": null, "replies": "", "user_reports": [], "saved": false, "id": "fcwvozq", "banned_at_utc": null, "mod_reason_title": null, "gilded": 0, "archived": false, "no_follow": true, "author": "AutoModerator", "can_mod_post": false, "send_replies": false, "parent_id": "t3_ejckg8", "score": 1, "author_fullname": "t2_6l4z3", "report_reasons": null, "approved_by": null, "all_awardings": [], "subreddit_id": "t5_2ssp3", "body": "Welcome to /r/AskHistorians. **Please [Read Our Rules](https://www.reddit.com/r/AskHistorians/wiki/rules) before you comment in this community**. Understand that rule breaking comments get removed.\n\nWe thank you for your interest in this *question*, and your patience in waiting for an in-depth and comprehensive answer to be written, which takes time. Please consider **[Clicking Here for RemindMeBot](https://www.reddit.com/message/compose/?to=RemindMeBot&amp;subject=Reminder&amp;message=%5Bhttps://www.reddit.com/r/AskHistorians/comments/ejckg8/where_can_i_find_historic_1950s70s_trade_data/%5D%0A%0ARemindMe!%202%20days)**, [using our Browser Extension](https://www.reddit.com/r/AskHistorians/comments/d6dzi7/tired_of_clicking_to_find_only_removed_comments/), or getting the [Weekly Roundup](https://www.reddit.com/message/compose?to=subredditsummarybot&amp;subject=askhistorians+weekly&amp;message=x). In the meantime our [Twitter](https://twitter.com/askhistorians), [Facebook](https://www.facebook.com/askhistorians/), and [Sunday Digest](https://www.reddit.com/r/AskHistorians/search?q=title%3A%22Sunday+Digest%22&amp;restrict_sr=on&amp;sort=new&amp;t=all) feature excellent content that has already been written!\n\n\n*I am a bot, and this action was performed automatically. Please [contact the moderators of this subreddit](/message/compose/?to=/r/AskHistorians) if you have any questions or concerns.*", "edited": false, "author_flair_css_class": "moderator", "is_submitter": false, "downs": 0, "author_flair_richtext": [{"e": "text", "t": "History of Robotics"}], "author_patreon_flair": false, "body_html": "&lt;div class=\"md\"&gt;&lt;p&gt;Welcome to &lt;a href=\"/r/AskHistorians\"&gt;/r/AskHistorians&lt;/a&gt;. &lt;strong&gt;Please &lt;a href=\"https://www.reddit.com/r/AskHistorians/wiki/rules\"&gt;Read Our Rules&lt;/a&gt; before you comment in this community&lt;/strong&gt;. Understand that rule breaking comments get removed.&lt;/p&gt;\n\n&lt;p&gt;We thank you for your interest in this &lt;em&gt;question&lt;/em&gt;, and your patience in waiting for an in-depth and comprehensive answer to be written, which takes time. Please consider &lt;strong&gt;&lt;a href=\"https://www.reddit.com/message/compose/?to=RemindMeBot&amp;amp;subject=Reminder&amp;amp;message=%5Bhttps://www.reddit.com/r/AskHistorians/comments/ejckg8/where_can_i_find_historic_1950s70s_trade_data/%5D%0A%0ARemindMe!%202%20days\"&gt;Clicking Here for RemindMeBot&lt;/a&gt;&lt;/strong&gt;, &lt;a href=\"https://www.reddit.com/r/AskHistorians/comments/d6dzi7/tired_of_clicking_to_find_only_removed_comments/\"&gt;using our Browser Extension&lt;/a&gt;, or getting the &lt;a href=\"https://www.reddit.com/message/compose?to=subredditsummarybot&amp;amp;subject=askhistorians+weekly&amp;amp;message=x\"&gt;Weekly Roundup&lt;/a&gt;. In the meantime our &lt;a href=\"https://twitter.com/askhistorians\"&gt;Twitter&lt;/a&gt;, &lt;a href=\"https://www.facebook.com/askhistorians/\"&gt;Facebook&lt;/a&gt;, and &lt;a href=\"https://www.reddit.com/r/AskHistorians/search?q=title%3A%22Sunday+Digest%22&amp;amp;restrict_sr=on&amp;amp;sort=new&amp;amp;t=all\"&gt;Sunday Digest&lt;/a&gt; feature excellent content that has already been written!&lt;/p&gt;\n\n&lt;p&gt;&lt;em&gt;I am a bot, and this action was performed automatically. Please &lt;a href=\"/message/compose/?to=/r/AskHistorians\"&gt;contact the moderators of this subreddit&lt;/a&gt; if you have any questions or concerns.&lt;/em&gt;&lt;/p&gt;\n&lt;/div&gt;", "gildings": {}, "collapsed_reason": null, "associated_award": null, "stickied": false, "author_premium": true, "subreddit_type": "public", "can_gild": true, "subreddit": "AskHistorians", "author_flair_text_color": "light", "score_hidden": false, "permalink": "/r/AskHistorians/comments/ejckg8/where_can_i_find_historic_1950s70s_trade_data/fcwvozq/", "num_reports": null, "locked": true, "name": "t1_fcwvozq", "created": 1578068375.0, "author_flair_text": "History of Robotics", "collapsed": false, "created_utc": 1578039575.0, "subreddit_name_prefixed": "r/AskHistorians", "controversiality": 0, "depth": 0, "author_flair_background_color": "#8b008b", "collapsed_because_crowd_control": null, "mod_reports": [], "mod_note": null, "distinguished": "moderator"}}], "after": null, "before": null}}]