[{"kind": "Listing", "data": {"modhash": "", "dist": 1, "children": [{"kind": "t3", "data": {"approved_at_utc": null, "subreddit": "AskHistorians", "selftext": "The USA would not sell arms to Egypt because it feared they would be used against Israel a country many in the US ?supported?. Egypt did not recognise Israel as a country.\n\nEgypt in need of arms to protect itself from Israel purchased the arms (tanks, planes, guns) from the Soviet Union.  It also established diplomatic relations with communist china, both acts angering the USA.\n\nSo the USA in retaliation pulled funding from the Aswan Dam which pushed Egypt to nationalise the Suez Canal and use the profits from it to build the dam themselves.\n\nYou now have a country with strong diplomatic ties to countries disliked/hated by the USA and further more Egypt is being armed by communists.\n\nThe British and French invasion was a success, they secured the canal in days but due to financial pressure from the USA was forced to give it up.\n\nThe Arab nations viewed this as a western defeat and so began 70 years of US intervention in the middle east in an effort to stop the spread of communism and maintain control. 10 years after the event the 6 day war would occur with the loss of 16,000 lives...\n\nI am guessing; If the US had allowed the French and British to remain then western influence could of been enforced in Egypt creating a show of force that would curtail future uprising and wars (e.g. the six day war).\n\nI don't really understand how the USA could not foresee future issues between Arab nations and Israel or Arab nations in general. I understand the USA thought that intervention by the West in Egypt would push the Arab nations to communism for protection but I find it a poor argument, western control of Egypt and Israel would be better than no control!? They must of had a long term plan as they also needed the trade routes and influence/control in the middle east?", "user_reports": [], "saved": false, "mod_reason_title": null, "gilded": 0, "clicked": false, "title": "What were the USA hoping to achieve by stopping France and Britain from taking control of the Suez Canal?", "link_flair_richtext": [], "subreddit_name_prefixed": "r/AskHistorians", "hidden": false, "pwls": 6, "link_flair_css_class": null, "downs": 0, "parent_whitelist_status": "all_ads", "hide_score": false, "name": "t3_ejf5j0", "quarantine": false, "link_flair_text_color": "dark", "upvote_ratio": 0.85, "author_flair_background_color": null, "subreddit_type": "public", "ups": 13, "total_awards_received": 0, "media_embed": {}, "author_flair_template_id": null, "is_original_content": false, "author_fullname": "t2_hg0op", "secure_media": null, "is_reddit_media_domain": false, "is_meta": false, "category": null, "secure_media_embed": {}, "link_flair_text": null, "can_mod_post": false, "num_duplicates": 1, "approved_by": null, "author_premium": false, "thumbnail": "", "edited": 1578064126.0, "author_flair_css_class": null, "author_flair_richtext": [], "gildings": {}, "content_categories": null, "is_self": true, "mod_note": null, "created": 1578085502.0, "link_flair_type": "text", "wls": 6, "removed_by_category": null, "banned_by": null, "author_flair_type": "text", "domain": "self.AskHistorians", "allow_live_comments": false, "selftext_html": "&lt;!-- SC_OFF --&gt;&lt;div class=\"md\"&gt;&lt;p&gt;The USA would not sell arms to Egypt because it feared they would be used against Israel a country many in the US ?supported?. Egypt did not recognise Israel as a country.&lt;/p&gt;\n\n&lt;p&gt;Egypt in need of arms to protect itself from Israel purchased the arms (tanks, planes, guns) from the Soviet Union.  It also established diplomatic relations with communist china, both acts angering the USA.&lt;/p&gt;\n\n&lt;p&gt;So the USA in retaliation pulled funding from the Aswan Dam which pushed Egypt to nationalise the Suez Canal and use the profits from it to build the dam themselves.&lt;/p&gt;\n\n&lt;p&gt;You now have a country with strong diplomatic ties to countries disliked/hated by the USA and further more Egypt is being armed by communists.&lt;/p&gt;\n\n&lt;p&gt;The British and French invasion was a success, they secured the canal in days but due to financial pressure from the USA was forced to give it up.&lt;/p&gt;\n\n&lt;p&gt;The Arab nations viewed this as a western defeat and so began 70 years of US intervention in the middle east in an effort to stop the spread of communism and maintain control. 10 years after the event the 6 day war would occur with the loss of 16,000 lives...&lt;/p&gt;\n\n&lt;p&gt;I am guessing; If the US had allowed the French and British to remain then western influence could of been enforced in Egypt creating a show of force that would curtail future uprising and wars (e.g. the six day war).&lt;/p&gt;\n\n&lt;p&gt;I don&amp;#39;t really understand how the USA could not foresee future issues between Arab nations and Israel or Arab nations in general. I understand the USA thought that intervention by the West in Egypt would push the Arab nations to communism for protection but I find it a poor argument, western control of Egypt and Israel would be better than no control!? They must of had a long term plan as they also needed the trade routes and influence/control in the middle east?&lt;/p&gt;\n&lt;/div&gt;&lt;!-- SC_ON --&gt;", "likes": null, "suggested_sort": null, "banned_at_utc": null, "view_count": null, "archived": false, "score": 13, "no_follow": false, "is_crosspostable": false, "pinned": false, "over_18": false, "all_awardings": [], "awarders": [], "media_only": false, "can_gild": false, "spoiler": false, "locked": false, "author_flair_text": null, "visited": false, "removed_by": null, "num_reports": null, "distinguished": null, "subreddit_id": "t5_2ssp3", "mod_reason_by": null, "removal_reason": null, "link_flair_background_color": "", "id": "ejf5j0", "is_robot_indexable": true, "report_reasons": null, "author": "timeforknowledge", "discussion_type": null, "num_comments": 10, "send_replies": true, "media": null, "contest_mode": false, "author_patreon_flair": false, "author_flair_text_color": null, "permalink": "/r/AskHistorians/comments/ejf5j0/what_were_the_usa_hoping_to_achieve_by_stopping/", "whitelist_status": "all_ads", "stickied": false, "url": "https://www.reddit.com/r/AskHistorians/comments/ejf5j0/what_were_the_usa_hoping_to_achieve_by_stopping/", "subreddit_subscribers": 1080054, "created_utc": 1578056702.0, "num_crossposts": 0, "mod_reports": [], "is_video": false}}], "after": null, "before": null}}, {"kind": "Listing", "data": {"modhash": "", "dist": null, "children": [{"kind": "t1", "data": {"total_awards_received": 0, "approved_at_utc": null, "ups": 1, "awarders": [], "mod_reason_by": null, "banned_by": null, "author_flair_type": "richtext", "removal_reason": null, "link_id": "t3_ejf5j0", "author_flair_template_id": "9e641f94-c626-11e2-8e2c-12313b0b21ae", "likes": null, "replies": "", "user_reports": [], "saved": false, "id": "fcx9sft", "banned_at_utc": null, "mod_reason_title": null, "gilded": 0, "archived": false, "no_follow": true, "author": "AutoModerator", "can_mod_post": false, "send_replies": false, "parent_id": "t3_ejf5j0", "score": 1, "author_fullname": "t2_6l4z3", "report_reasons": null, "approved_by": null, "all_awardings": [], "subreddit_id": "t5_2ssp3", "body": "Welcome to /r/AskHistorians. **Please [Read Our Rules](https://www.reddit.com/r/AskHistorians/wiki/rules) before you comment in this community**. Understand that rule breaking comments get removed.\n\nWe thank you for your interest in this *question*, and your patience in waiting for an in-depth and comprehensive answer to be written, which takes time. Please consider **[Clicking Here for RemindMeBot](https://www.reddit.com/message/compose/?to=RemindMeBot&amp;subject=Reminder&amp;message=%5Bhttps://www.reddit.com/r/AskHistorians/comments/ejf5j0/what_were_the_usa_hoping_to_achieve_by_stopping/%5D%0A%0ARemindMe!%202%20days)**, [using our Browser Extension](https://www.reddit.com/r/AskHistorians/comments/d6dzi7/tired_of_clicking_to_find_only_removed_comments/), or getting the [Weekly Roundup](https://www.reddit.com/message/compose?to=subredditsummarybot&amp;subject=askhistorians+weekly&amp;message=x). In the meantime our [Twitter](https://twitter.com/askhistorians), [Facebook](https://www.facebook.com/askhistorians/), and [Sunday Digest](https://www.reddit.com/r/AskHistorians/search?q=title%3A%22Sunday+Digest%22&amp;restrict_sr=on&amp;sort=new&amp;t=all) feature excellent content that has already been written!\n\n\n*I am a bot, and this action was performed automatically. Please [contact the moderators of this subreddit](/message/compose/?to=/r/AskHistorians) if you have any questions or concerns.*", "edited": false, "author_flair_css_class": "moderator", "is_submitter": false, "downs": 0, "author_flair_richtext": [{"e": "text", "t": "History of Robotics"}], "author_patreon_flair": false, "body_html": "&lt;div class=\"md\"&gt;&lt;p&gt;Welcome to &lt;a href=\"/r/AskHistorians\"&gt;/r/AskHistorians&lt;/a&gt;. &lt;strong&gt;Please &lt;a href=\"https://www.reddit.com/r/AskHistorians/wiki/rules\"&gt;Read Our Rules&lt;/a&gt; before you comment in this community&lt;/strong&gt;. Understand that rule breaking comments get removed.&lt;/p&gt;\n\n&lt;p&gt;We thank you for your interest in this &lt;em&gt;question&lt;/em&gt;, and your patience in waiting for an in-depth and comprehensive answer to be written, which takes time. Please consider &lt;strong&gt;&lt;a href=\"https://www.reddit.com/message/compose/?to=RemindMeBot&amp;amp;subject=Reminder&amp;amp;message=%5Bhttps://www.reddit.com/r/AskHistorians/comments/ejf5j0/what_were_the_usa_hoping_to_achieve_by_stopping/%5D%0A%0ARemindMe!%202%20days\"&gt;Clicking Here for RemindMeBot&lt;/a&gt;&lt;/strong&gt;, &lt;a href=\"https://www.reddit.com/r/AskHistorians/comments/d6dzi7/tired_of_clicking_to_find_only_removed_comments/\"&gt;using our Browser Extension&lt;/a&gt;, or getting the &lt;a href=\"https://www.reddit.com/message/compose?to=subredditsummarybot&amp;amp;subject=askhistorians+weekly&amp;amp;message=x\"&gt;Weekly Roundup&lt;/a&gt;. In the meantime our &lt;a href=\"https://twitter.com/askhistorians\"&gt;Twitter&lt;/a&gt;, &lt;a href=\"https://www.facebook.com/askhistorians/\"&gt;Facebook&lt;/a&gt;, and &lt;a href=\"https://www.reddit.com/r/AskHistorians/search?q=title%3A%22Sunday+Digest%22&amp;amp;restrict_sr=on&amp;amp;sort=new&amp;amp;t=all\"&gt;Sunday Digest&lt;/a&gt; feature excellent content that has already been written!&lt;/p&gt;\n\n&lt;p&gt;&lt;em&gt;I am a bot, and this action was performed automatically. Please &lt;a href=\"/message/compose/?to=/r/AskHistorians\"&gt;contact the moderators of this subreddit&lt;/a&gt; if you have any questions or concerns.&lt;/em&gt;&lt;/p&gt;\n&lt;/div&gt;", "gildings": {}, "collapsed_reason": null, "associated_award": null, "stickied": true, "author_premium": true, "subreddit_type": "public", "can_gild": true, "subreddit": "AskHistorians", "author_flair_text_color": "light", "score_hidden": true, "permalink": "/r/AskHistorians/comments/ejf5j0/what_were_the_usa_hoping_to_achieve_by_stopping/fcx9sft/", "num_reports": null, "locked": true, "name": "t1_fcx9sft", "created": 1578085502.0, "author_flair_text": "History of Robotics", "collapsed": false, "created_utc": 1578056702.0, "subreddit_name_prefixed": "r/AskHistorians", "controversiality": 0, "depth": 0, "author_flair_background_color": "#8b008b", "collapsed_because_crowd_control": null, "mod_reports": [], "mod_note": null, "distinguished": "moderator"}}, {"kind": "t1", "data": {"total_awards_received": 0, "approved_at_utc": null, "ups": 3, "awarders": [], "mod_reason_by": null, "banned_by": null, "author_flair_type": "richtext", "removal_reason": null, "link_id": "t3_ejf5j0", "author_flair_template_id": "9bc23f64-c626-11e2-a017-12313d18884c", "likes": null, "replies": {"kind": "Listing", "data": {"modhash": "", "dist": null, "children": [{"kind": "t1", "data": {"total_awards_received": 0, "approved_at_utc": null, "ups": 3, "awarders": [], "mod_reason_by": null, "banned_by": null, "author_flair_type": "richtext", "removal_reason": null, "link_id": "t3_ejf5j0", "author_flair_template_id": "9bc23f64-c626-11e2-a017-12313d18884c", "likes": null, "replies": {"kind": "Listing", "data": {"modhash": "", "dist": null, "children": [{"kind": "t1", "data": {"total_awards_received": 0, "approved_at_utc": null, "ups": 2, "awarders": [], "mod_reason_by": null, "banned_by": null, "author_flair_type": "text", "removal_reason": null, "link_id": "t3_ejf5j0", "author_flair_template_id": null, "likes": null, "replies": {"kind": "Listing", "data": {"modhash": "", "dist": null, "children": [{"kind": "t1", "data": {"total_awards_received": 0, "approved_at_utc": null, "ups": 3, "awarders": [], "mod_reason_by": null, "banned_by": null, "author_flair_type": "richtext", "removal_reason": null, "link_id": "t3_ejf5j0", "author_flair_template_id": "9bc23f64-c626-11e2-a017-12313d18884c", "likes": null, "replies": "", "user_reports": [], "saved": false, "id": "ff06pus", "banned_at_utc": null, "mod_reason_title": null, "gilded": 0, "archived": false, "no_follow": true, "author": "ghostofherzl", "can_mod_post": false, "send_replies": true, "parent_id": "t1_fexygm4", "score": 3, "author_fullname": "t2_f9iyfvu", "report_reasons": null, "approved_by": null, "all_awardings": [], "subreddit_id": "t5_2ssp3", "body": "Glad you enjoyed! Sorry it took so long to get to the question, I\u2019ve had quite the backlog of work. All the best to ya.", "edited": false, "author_flair_css_class": "middleeast", "is_submitter": false, "downs": 0, "author_flair_richtext": [{"e": "text", "t": "20th Century Israel"}], "author_patreon_flair": false, "body_html": "&lt;div class=\"md\"&gt;&lt;p&gt;Glad you enjoyed! Sorry it took so long to get to the question, I\u2019ve had quite the backlog of work. All the best to ya.&lt;/p&gt;\n&lt;/div&gt;", "gildings": {}, "collapsed_reason": null, "associated_award": null, "stickied": false, "author_premium": false, "subreddit_type": "public", "can_gild": true, "subreddit": "AskHistorians", "author_flair_text_color": "dark", "score_hidden": false, "permalink": "/r/AskHistorians/comments/ejf5j0/what_were_the_usa_hoping_to_achieve_by_stopping/ff06pus/", "num_reports": null, "locked": false, "name": "t1_ff06pus", "created": 1579494545.0, "author_flair_text": "20th Century Israel", "collapsed": false, "created_utc": 1579465745.0, "subreddit_name_prefixed": "r/AskHistorians", "controversiality": 0, "depth": 3, "author_flair_background_color": "#99cc99", "collapsed_because_crowd_control": null, "mod_reports": [], "mod_note": null, "distinguished": null}}], "after": null, "before": null}}, "user_reports": [], "saved": false, "id": "fexygm4", "banned_at_utc": null, "mod_reason_title": null, "gilded": 0, "archived": false, "no_follow": true, "author": "timeforknowledge", "can_mod_post": false, "send_replies": true, "parent_id": "t1_feteyzw", "score": 2, "author_fullname": "t2_hg0op", "report_reasons": null, "approved_by": null, "all_awardings": [], "subreddit_id": "t5_2ssp3", "body": "Yeah that was brilliant, very enthralling too. Thank you!", "edited": false, "author_flair_css_class": null, "is_submitter": true, "downs": 0, "author_flair_richtext": [], "author_patreon_flair": false, "body_html": "&lt;div class=\"md\"&gt;&lt;p&gt;Yeah that was brilliant, very enthralling too. Thank you!&lt;/p&gt;\n&lt;/div&gt;", "gildings": {}, "collapsed_reason": null, "associated_award": null, "stickied": false, "author_premium": false, "subreddit_type": "public", "can_gild": true, "subreddit": "AskHistorians", "author_flair_text_color": null, "score_hidden": false, "permalink": "/r/AskHistorians/comments/ejf5j0/what_were_the_usa_hoping_to_achieve_by_stopping/fexygm4/", "num_reports": null, "locked": false, "name": "t1_fexygm4", "created": 1579467114.0, "author_flair_text": null, "collapsed": false, "created_utc": 1579438314.0, "subreddit_name_prefixed": "r/AskHistorians", "controversiality": 0, "depth": 2, "author_flair_background_color": null, "collapsed_because_crowd_control": null, "mod_reports": [], "mod_note": null, "distinguished": null}}, {"kind": "t1", "data": {"total_awards_received": 0, "approved_at_utc": null, "ups": 1, "awarders": [], "mod_reason_by": null, "banned_by": null, "author_flair_type": "text", "removal_reason": null, "link_id": "t3_ejf5j0", "author_flair_template_id": null, "likes": null, "replies": "", "user_reports": [], "saved": false, "id": "ffut9mc", "banned_at_utc": null, "mod_reason_title": null, "gilded": 0, "archived": false, "no_follow": true, "author": "Mithras_", "can_mod_post": false, "send_replies": true, "parent_id": "t1_feteyzw", "score": 1, "author_fullname": "t2_rmjd3", "report_reasons": null, "approved_by": null, "all_awardings": [], "subreddit_id": "t5_2ssp3", "body": "This is a great answer. Thanks!", "edited": false, "author_flair_css_class": null, "is_submitter": false, "downs": 0, "author_flair_richtext": [], "author_patreon_flair": false, "body_html": "&lt;div class=\"md\"&gt;&lt;p&gt;This is a great answer. Thanks!&lt;/p&gt;\n&lt;/div&gt;", "gildings": {}, "collapsed_reason": null, "associated_award": null, "stickied": false, "author_premium": false, "subreddit_type": "public", "can_gild": true, "subreddit": "AskHistorians", "author_flair_text_color": null, "score_hidden": false, "permalink": "/r/AskHistorians/comments/ejf5j0/what_were_the_usa_hoping_to_achieve_by_stopping/ffut9mc/", "num_reports": null, "locked": false, "name": "t1_ffut9mc", "created": 1580277718.0, "author_flair_text": null, "collapsed": false, "created_utc": 1580248918.0, "subreddit_name_prefixed": "r/AskHistorians", "controversiality": 0, "depth": 2, "author_flair_background_color": null, "collapsed_because_crowd_control": null, "mod_reports": [], "mod_note": null, "distinguished": null}}], "after": null, "before": null}}, "user_reports": [], "saved": false, "id": "feteyzw", "banned_at_utc": null, "mod_reason_title": null, "gilded": 0, "archived": false, "no_follow": true, "author": "ghostofherzl", "can_mod_post": false, "send_replies": true, "parent_id": "t1_feteyhi", "score": 3, "author_fullname": "t2_f9iyfvu", "report_reasons": null, "approved_by": null, "all_awardings": [], "subreddit_id": "t5_2ssp3", "body": "Nasser didn't answer for 7 weeks. Then he said actually, Egypt couldn't afford the purchases with its foreign currency balances, and asked to buy in Egyptian pounds instead. This never happened, and Byroade pointed out he couldn't think of a single country who had ever been allowed to purchase in local currency. Byroade said he would ask if it was possible...and before he got his answer, Nasser announced a deal with the Soviets to buy weapons.\n\nSo you see, in truth, Nasser didn't *want* US weapons. But the US wasn't holding back thanks to Israel. In fact, Israel was hardly an afterthought as far as selling weapons to Egypt. Only the UK managed to get delays to that effect, and even then they did not stop the sales; it was Nasser who did that, himself.\n\nEgypt then indeed bought the weapons from the Soviet Union, but the US was not immediately angered. No, what got the US upset was that it realized it had been played. Throughout the process, the US had been backing Egypt more evenly with the UK in negotiations; it had been catering to Egyptian demands on which weapons they wanted to buy; and it had been pressuring Israel, tiny as it was, to make the territorial concessions to Egypt for the sake of peace. These plays had made Nasser wildly more popular in parts of the Arab world, and also scored him more favorable terms with the Soviets, since he was playing the Soviets too, pretending he truly had an American alternative (though he didn't want it) to get better deals.\n\nThe nail in the coffin was the Aswan Dam, but it did not happen as you claim, where the US withdrew funding in retaliation for the arms sales that Nasser had so clearly misled the US on. In fact, Byroade insisted he had not been played, though when the State Department conducted a full review, it concluded he most certainly had. Byroade still believed, wrongly, that the Egyptians could still be swayed back towards the West.\n\nThe US approached the Aswan Dam discussions with more reticence, because it had completed the arms deal review and knew that Nasser seemed to be playing them. They still, however, submitted a funding proposal in December 1955 (three months after the Soviet arms deal, showing the US did not withdraw funding after all). Nasser rejected the proposal from the UK, US, and World Bank for financing, and made a counteroffer in February 1956. The Americans then stalled in response, feeling like they were once again getting played off the Soviets. They watched as in May, Egypt recognized Communist China over US objections. They watched Egypt openly support rebels in Algeria against the French, back anti-British forces in East Africa, continue skirmishing with Israel, and continue enhancing cooperation with the Communist world, as Doran recounts amply. Congress lost its patience long before Eisenhower did in the face of these events and the arms deal. So Nasser's counteroffer would die, and Congress would not fund the dam. Not because of the arms deal that Nasser had misled the world on, which he painted it as, but because Nasser was playing both ends. And for the record, it turns out he *was* doing so on the Aswan Dam as well, so the Congress saved its time, its breath, and its diplomatic standing by not being embarrassed a second time, in a sense avoiding the \"fool me once, shame on you; fool me twice, shame on me\" scenario. Nasser used this as he'd expected he could and would: to paint the US and West in general as bullies who would not negotiate with him, and then he even used it to nationalize the Suez Canal, drawing parallels between the two.\n\nThe Suez Canal's nationalization was the harbinger of the Crisis that followed. But why, as your original question points out, did Eisenhower insist on a withdrawal? After all, as I've just laid out, Eisenhower had become well-aware of Nasser's duplicitousness and pro-Soviet alignment. So why push the withdrawal at all?\n\nPart of the reason was that the Suez invasion was poorly carried out, on the part of the British and French. An operation that should've taken five days was moving at a snail's pace. Robert Amory Jr., deputy CIA Director, put it thusly in a cable to a CIA official in London:\n\n&gt;\u201cTell your [British] friends either to comply with the goddamn cease-fire or go ahead with the goddamn invasion. Either way, we\u2019ll back them up. But tell them to do one or the other fast. What we can\u2019t stand is their goddamn hesitation waltz while Hungary is burning.\u201d\n\nEisenhower, as Doran recounts, was no different. He criticized how *slow* the invasion was going in a National Security Council meeting, saying \"Had they done it quickly, we would have accepted it\" in an oral history interview years later. It was the British and French dragging their feet that left the Israelis holding the ball, and eventually that led Eisenhower to conclude that it was untenable to keep the holdings and keep pushing. The war had dragged on too long, and was a liability to Eisenhower diplomatically, one he couldn't just accept as irreversible anymore.\n\nSee, Eisenhower still believed that even if Nasser was largely gone, allowing the invasion would cost him the whole Arab world, as he put it. And he was unwilling to do so. So he was willing to pressure the UK and France and Israel to withdraw, and indeed did so. He expected that they might be able to act so quickly that any pressure would be pointless and eventually be lifted, in a sort of \"We tried\" gesture. He rejected half-measures, like calling only for a ceasefire without withdrawal or pressure, something he later came to regret, because he thought it would alienate the Arab world. And so, ultimately, the decision to pressure to try and ensure diplomatic standing for the US was made, and the US ended up fumbling because the British and French moved slower than expected, and themselves crumbled in their support for the conflict quicker than expected.\n\nThere's a lot of information to give here, and I hope this helps at least get ya started.", "edited": false, "author_flair_css_class": "middleeast", "is_submitter": false, "downs": 0, "author_flair_richtext": [{"e": "text", "t": "20th Century Israel"}], "author_patreon_flair": false, "body_html": "&lt;div class=\"md\"&gt;&lt;p&gt;Nasser didn&amp;#39;t answer for 7 weeks. Then he said actually, Egypt couldn&amp;#39;t afford the purchases with its foreign currency balances, and asked to buy in Egyptian pounds instead. This never happened, and Byroade pointed out he couldn&amp;#39;t think of a single country who had ever been allowed to purchase in local currency. Byroade said he would ask if it was possible...and before he got his answer, Nasser announced a deal with the Soviets to buy weapons.&lt;/p&gt;\n\n&lt;p&gt;So you see, in truth, Nasser didn&amp;#39;t &lt;em&gt;want&lt;/em&gt; US weapons. But the US wasn&amp;#39;t holding back thanks to Israel. In fact, Israel was hardly an afterthought as far as selling weapons to Egypt. Only the UK managed to get delays to that effect, and even then they did not stop the sales; it was Nasser who did that, himself.&lt;/p&gt;\n\n&lt;p&gt;Egypt then indeed bought the weapons from the Soviet Union, but the US was not immediately angered. No, what got the US upset was that it realized it had been played. Throughout the process, the US had been backing Egypt more evenly with the UK in negotiations; it had been catering to Egyptian demands on which weapons they wanted to buy; and it had been pressuring Israel, tiny as it was, to make the territorial concessions to Egypt for the sake of peace. These plays had made Nasser wildly more popular in parts of the Arab world, and also scored him more favorable terms with the Soviets, since he was playing the Soviets too, pretending he truly had an American alternative (though he didn&amp;#39;t want it) to get better deals.&lt;/p&gt;\n\n&lt;p&gt;The nail in the coffin was the Aswan Dam, but it did not happen as you claim, where the US withdrew funding in retaliation for the arms sales that Nasser had so clearly misled the US on. In fact, Byroade insisted he had not been played, though when the State Department conducted a full review, it concluded he most certainly had. Byroade still believed, wrongly, that the Egyptians could still be swayed back towards the West.&lt;/p&gt;\n\n&lt;p&gt;The US approached the Aswan Dam discussions with more reticence, because it had completed the arms deal review and knew that Nasser seemed to be playing them. They still, however, submitted a funding proposal in December 1955 (three months after the Soviet arms deal, showing the US did not withdraw funding after all). Nasser rejected the proposal from the UK, US, and World Bank for financing, and made a counteroffer in February 1956. The Americans then stalled in response, feeling like they were once again getting played off the Soviets. They watched as in May, Egypt recognized Communist China over US objections. They watched Egypt openly support rebels in Algeria against the French, back anti-British forces in East Africa, continue skirmishing with Israel, and continue enhancing cooperation with the Communist world, as Doran recounts amply. Congress lost its patience long before Eisenhower did in the face of these events and the arms deal. So Nasser&amp;#39;s counteroffer would die, and Congress would not fund the dam. Not because of the arms deal that Nasser had misled the world on, which he painted it as, but because Nasser was playing both ends. And for the record, it turns out he &lt;em&gt;was&lt;/em&gt; doing so on the Aswan Dam as well, so the Congress saved its time, its breath, and its diplomatic standing by not being embarrassed a second time, in a sense avoiding the &amp;quot;fool me once, shame on you; fool me twice, shame on me&amp;quot; scenario. Nasser used this as he&amp;#39;d expected he could and would: to paint the US and West in general as bullies who would not negotiate with him, and then he even used it to nationalize the Suez Canal, drawing parallels between the two.&lt;/p&gt;\n\n&lt;p&gt;The Suez Canal&amp;#39;s nationalization was the harbinger of the Crisis that followed. But why, as your original question points out, did Eisenhower insist on a withdrawal? After all, as I&amp;#39;ve just laid out, Eisenhower had become well-aware of Nasser&amp;#39;s duplicitousness and pro-Soviet alignment. So why push the withdrawal at all?&lt;/p&gt;\n\n&lt;p&gt;Part of the reason was that the Suez invasion was poorly carried out, on the part of the British and French. An operation that should&amp;#39;ve taken five days was moving at a snail&amp;#39;s pace. Robert Amory Jr., deputy CIA Director, put it thusly in a cable to a CIA official in London:&lt;/p&gt;\n\n&lt;blockquote&gt;\n&lt;p&gt;\u201cTell your [British] friends either to comply with the goddamn cease-fire or go ahead with the goddamn invasion. Either way, we\u2019ll back them up. But tell them to do one or the other fast. What we can\u2019t stand is their goddamn hesitation waltz while Hungary is burning.\u201d&lt;/p&gt;\n&lt;/blockquote&gt;\n\n&lt;p&gt;Eisenhower, as Doran recounts, was no different. He criticized how &lt;em&gt;slow&lt;/em&gt; the invasion was going in a National Security Council meeting, saying &amp;quot;Had they done it quickly, we would have accepted it&amp;quot; in an oral history interview years later. It was the British and French dragging their feet that left the Israelis holding the ball, and eventually that led Eisenhower to conclude that it was untenable to keep the holdings and keep pushing. The war had dragged on too long, and was a liability to Eisenhower diplomatically, one he couldn&amp;#39;t just accept as irreversible anymore.&lt;/p&gt;\n\n&lt;p&gt;See, Eisenhower still believed that even if Nasser was largely gone, allowing the invasion would cost him the whole Arab world, as he put it. And he was unwilling to do so. So he was willing to pressure the UK and France and Israel to withdraw, and indeed did so. He expected that they might be able to act so quickly that any pressure would be pointless and eventually be lifted, in a sort of &amp;quot;We tried&amp;quot; gesture. He rejected half-measures, like calling only for a ceasefire without withdrawal or pressure, something he later came to regret, because he thought it would alienate the Arab world. And so, ultimately, the decision to pressure to try and ensure diplomatic standing for the US was made, and the US ended up fumbling because the British and French moved slower than expected, and themselves crumbled in their support for the conflict quicker than expected.&lt;/p&gt;\n\n&lt;p&gt;There&amp;#39;s a lot of information to give here, and I hope this helps at least get ya started.&lt;/p&gt;\n&lt;/div&gt;", "gildings": {}, "collapsed_reason": null, "associated_award": null, "stickied": false, "author_premium": false, "subreddit_type": "public", "can_gild": true, "subreddit": "AskHistorians", "author_flair_text_color": "dark", "score_hidden": false, "permalink": "/r/AskHistorians/comments/ejf5j0/what_were_the_usa_hoping_to_achieve_by_stopping/feteyzw/", "num_reports": null, "locked": false, "name": "t1_feteyzw", "created": 1579403556.0, "author_flair_text": "20th Century Israel", "collapsed": false, "created_utc": 1579374756.0, "subreddit_name_prefixed": "r/AskHistorians", "controversiality": 0, "depth": 1, "author_flair_background_color": "#99cc99", "collapsed_because_crowd_control": null, "mod_reports": [], "mod_note": null, "distinguished": null}}], "after": null, "before": null}}, "user_reports": [], "saved": false, "id": "feteyhi", "banned_at_utc": null, "mod_reason_title": null, "gilded": 0, "archived": false, "no_follow": true, "author": "ghostofherzl", "can_mod_post": false, "send_replies": true, "parent_id": "t3_ejf5j0", "score": 3, "author_fullname": "t2_f9iyfvu", "report_reasons": null, "approved_by": null, "all_awardings": [], "subreddit_id": "t5_2ssp3", "body": "&gt;The USA would not sell arms to Egypt because it feared they would be used against Israel a country many in the US ?supported?. Egypt did not recognise Israel as a country.\n\nThis is, to be frank, incorrect. The United States had indeed been trying to sell weapons to Egypt, much to Israel's consternation, and did so despite objections from Israel. At this point, as many do not realize, the US and Israel were not entirely close allies, and the US was still attempting to befriend the Arab world, including at the cost of closer ties with Israel in some cases.\n\nIn fact, most of your question rests on a faulty chain of historical events. One of the biggest parties concerned about weapons sales to Egypt was not Israel, but the UK; the UK had been feuding with Egypt over its bases in the Suez. The Egyptians had been trying to get the UK to leave those bases to Egypt and had attempted to also get the US on board with doing so. When the UK implied it might then withdraw from the coalition fighting in the Korean War, due to signs the US would not strongly back the UK against Egypt in negotiations, the US threatened to provide lethal aid to Egypt. At that point, Churchill exploded, saying that if the US gave lethal weapons to Egypt, he would withdraw all British forces from the Korean War immediately. Of course, this wasn't the only problem of this type of UK-US rupture; there were disputes due to Churchill threatening to take a more friendly-to-the-Soviets stance than President Eisenhower, again partially motivated by US behavior during the Egypt-UK dispute.\n\nThe US was still ready to supply arms to the Egyptians, and indeed was getting ready to do so when the UK-Egypt negotiations over a withdrawal or possible half-measure broke down. Churchill wrote a strong letter to Dulles, saying this would make negotiations impossible to resume and lead to outright bloodshed, so Dulles backed down and agreed to temporarily wait on providing a list of potential weapons for sale to the Egyptians.\n\nThis was not due to Israel. In fact, the desire to sell weapons to Egypt was part of a policy to \"deflate the Jews\" as put by Dulles in *Ike's Gamble* by Mike Doran. Dulles refused to sell weapons to Israel, refused to give them security guarantees, and reduced US aid to Israel. The goal, Dulles and Eisenhower jointly agreed, was to pressure Israel with leverage so that when they asked, it would make territorial concessions (worth noting: this is pre-1967, so the concessions would've been to give away territory it had managed to hold onto in 1948 when invaded) to the Arab world in exchange for peace and a resumption of US aid. The strategy also meant to paint the US as friendly to Arab interests, something that Egypt wholeheartedly seized on.\n\nOf course, Egypt eventually bought arms from the Soviets, not the US. This was Nasser's plan all along, Doran convincingly argues. The goal was to deceive the world into believing that Nasser could be swayed away from the Soviets, while he played both sides, though he was likely always going to go with the Soviets in the end due to alignment with his mode of governance, popular opinion, and the opinion of his government. Nasser painted himself as a moderating influence on more extreme pro-Soviet elements in Egypt to the US, never mind that he was in fact leading them precisely as he wanted to their goals, while bilking the US for foreign policy gains and achievements along the way.\n\nThe average Egyptian officer did believe that the goal of the West was to keep the Arab world weaker than Israel. This was what the official Egyptian thinking recounted, and part of the explanation for the Soviet deal. But what went on behind the scenes shows otherwise. The US had, after all, been offering weapons to Nasser themselves! Nasser gave a whole host of excuses for why he did not accept the US offers, but ultimately the State Department, realizing only later that it had been tricked, figured out that Nasser had never intended to buy them at all. Nasser had in fact asserted to folks like Henry Byroade, ambassador to Egypt, that the US would never sell weapons to Egypt, even as Byroade said that Egypt was certainly free to do so. Nasser said that there was no way that would happen thanks to Israel, so Byroade effectively said \"Try us\". Nasser gave Byroade a list of weapons he'd have liked to purchase, which Byroade sent to DC, and with which he recommended strongly an approval. Eisenhower approved the list 9 days after receiving it, saying \"We should make a concerted effort to woo Nasser\".\n\nCONTINUED IN A REPLY TO MY OWN COMMENT", "edited": false, "author_flair_css_class": "middleeast", "is_submitter": false, "downs": 0, "author_flair_richtext": [{"e": "text", "t": "20th Century Israel"}], "author_patreon_flair": false, "body_html": "&lt;div class=\"md\"&gt;&lt;blockquote&gt;\n&lt;p&gt;The USA would not sell arms to Egypt because it feared they would be used against Israel a country many in the US ?supported?. Egypt did not recognise Israel as a country.&lt;/p&gt;\n&lt;/blockquote&gt;\n\n&lt;p&gt;This is, to be frank, incorrect. The United States had indeed been trying to sell weapons to Egypt, much to Israel&amp;#39;s consternation, and did so despite objections from Israel. At this point, as many do not realize, the US and Israel were not entirely close allies, and the US was still attempting to befriend the Arab world, including at the cost of closer ties with Israel in some cases.&lt;/p&gt;\n\n&lt;p&gt;In fact, most of your question rests on a faulty chain of historical events. One of the biggest parties concerned about weapons sales to Egypt was not Israel, but the UK; the UK had been feuding with Egypt over its bases in the Suez. The Egyptians had been trying to get the UK to leave those bases to Egypt and had attempted to also get the US on board with doing so. When the UK implied it might then withdraw from the coalition fighting in the Korean War, due to signs the US would not strongly back the UK against Egypt in negotiations, the US threatened to provide lethal aid to Egypt. At that point, Churchill exploded, saying that if the US gave lethal weapons to Egypt, he would withdraw all British forces from the Korean War immediately. Of course, this wasn&amp;#39;t the only problem of this type of UK-US rupture; there were disputes due to Churchill threatening to take a more friendly-to-the-Soviets stance than President Eisenhower, again partially motivated by US behavior during the Egypt-UK dispute.&lt;/p&gt;\n\n&lt;p&gt;The US was still ready to supply arms to the Egyptians, and indeed was getting ready to do so when the UK-Egypt negotiations over a withdrawal or possible half-measure broke down. Churchill wrote a strong letter to Dulles, saying this would make negotiations impossible to resume and lead to outright bloodshed, so Dulles backed down and agreed to temporarily wait on providing a list of potential weapons for sale to the Egyptians.&lt;/p&gt;\n\n&lt;p&gt;This was not due to Israel. In fact, the desire to sell weapons to Egypt was part of a policy to &amp;quot;deflate the Jews&amp;quot; as put by Dulles in &lt;em&gt;Ike&amp;#39;s Gamble&lt;/em&gt; by Mike Doran. Dulles refused to sell weapons to Israel, refused to give them security guarantees, and reduced US aid to Israel. The goal, Dulles and Eisenhower jointly agreed, was to pressure Israel with leverage so that when they asked, it would make territorial concessions (worth noting: this is pre-1967, so the concessions would&amp;#39;ve been to give away territory it had managed to hold onto in 1948 when invaded) to the Arab world in exchange for peace and a resumption of US aid. The strategy also meant to paint the US as friendly to Arab interests, something that Egypt wholeheartedly seized on.&lt;/p&gt;\n\n&lt;p&gt;Of course, Egypt eventually bought arms from the Soviets, not the US. This was Nasser&amp;#39;s plan all along, Doran convincingly argues. The goal was to deceive the world into believing that Nasser could be swayed away from the Soviets, while he played both sides, though he was likely always going to go with the Soviets in the end due to alignment with his mode of governance, popular opinion, and the opinion of his government. Nasser painted himself as a moderating influence on more extreme pro-Soviet elements in Egypt to the US, never mind that he was in fact leading them precisely as he wanted to their goals, while bilking the US for foreign policy gains and achievements along the way.&lt;/p&gt;\n\n&lt;p&gt;The average Egyptian officer did believe that the goal of the West was to keep the Arab world weaker than Israel. This was what the official Egyptian thinking recounted, and part of the explanation for the Soviet deal. But what went on behind the scenes shows otherwise. The US had, after all, been offering weapons to Nasser themselves! Nasser gave a whole host of excuses for why he did not accept the US offers, but ultimately the State Department, realizing only later that it had been tricked, figured out that Nasser had never intended to buy them at all. Nasser had in fact asserted to folks like Henry Byroade, ambassador to Egypt, that the US would never sell weapons to Egypt, even as Byroade said that Egypt was certainly free to do so. Nasser said that there was no way that would happen thanks to Israel, so Byroade effectively said &amp;quot;Try us&amp;quot;. Nasser gave Byroade a list of weapons he&amp;#39;d have liked to purchase, which Byroade sent to DC, and with which he recommended strongly an approval. Eisenhower approved the list 9 days after receiving it, saying &amp;quot;We should make a concerted effort to woo Nasser&amp;quot;.&lt;/p&gt;\n\n&lt;p&gt;CONTINUED IN A REPLY TO MY OWN COMMENT&lt;/p&gt;\n&lt;/div&gt;", "gildings": {}, "collapsed_reason": null, "associated_award": null, "stickied": false, "author_premium": false, "subreddit_type": "public", "can_gild": true, "subreddit": "AskHistorians", "author_flair_text_color": "dark", "score_hidden": false, "permalink": "/r/AskHistorians/comments/ejf5j0/what_were_the_usa_hoping_to_achieve_by_stopping/feteyhi/", "num_reports": null, "locked": false, "name": "t1_feteyhi", "created": 1579403551.0, "author_flair_text": "20th Century Israel", "collapsed": false, "created_utc": 1579374751.0, "subreddit_name_prefixed": "r/AskHistorians", "controversiality": 0, "depth": 0, "author_flair_background_color": "#99cc99", "collapsed_because_crowd_control": null, "mod_reports": [], "mod_note": null, "distinguished": null}}, {"kind": "t1", "data": {"total_awards_received": 0, "approved_at_utc": null, "ups": 1, "awarders": [], "mod_reason_by": null, "banned_by": null, "removal_reason": null, "link_id": "t3_ejf5j0", "author_flair_template_id": null, "likes": null, "no_follow": true, "replies": {"kind": "Listing", "data": {"modhash": "", "dist": null, "children": [{"kind": "t1", "data": {"total_awards_received": 0, "approved_at_utc": null, "ups": 2, "awarders": [], "mod_reason_by": null, "banned_by": null, "author_flair_type": "richtext", "removal_reason": null, "link_id": "t3_ejf5j0", "author_flair_template_id": "7197d816-c626-11e2-b2cc-12313b0b21ae", "likes": null, "replies": "", "user_reports": [], "saved": false, "id": "fcxzs82", "banned_at_utc": null, "mod_reason_title": null, "gilded": 0, "archived": false, "no_follow": true, "author": "UrAccountabilibuddy", "can_mod_post": false, "send_replies": true, "parent_id": "t1_fcxvtf4", "score": 2, "author_fullname": "t2_bvmqy", "report_reasons": null, "approved_by": null, "all_awardings": [], "subreddit_id": "t5_2ssp3", "body": "Answers in the subreddit are expected to be in-depth and comprehensive, as laid out in the [subreddit rules](http://www.reddit.com/r/AskHistorians/wiki/rules#wiki_write_an_in-depth_answer). There is no hard and fast definition of that, but in evaluating what you know on the topic, and what you are planning to post, consider whether your answer will *demonstrate* these four qualities to a reader:\n\n* [Do I have the expertise needed to answer this question?](https://www.reddit.com/r/AskHistorians/comments/1jsabs/what_it_means_to_post_a_good_answer_in/)\n* [Have I done research on this question?](https://www.reddit.com/r/AskHistorians/comments/4kngwh/rules_roundtable_no_11_no_speculation/)\n* [Can I cite academic quality primary and secondary sources?](https://www.reddit.com/r/AskHistorians/comments/3wn71y/rules_roundtable_1_explaining_the_rules_about/)\n* Can I answer follow-up questions?\n\nThank you!", "edited": false, "author_flair_css_class": "northamerica", "is_submitter": false, "downs": 0, "author_flair_richtext": [{"e": "text", "t": "Moderator | History of Education"}], "author_patreon_flair": false, "body_html": "&lt;div class=\"md\"&gt;&lt;p&gt;Answers in the subreddit are expected to be in-depth and comprehensive, as laid out in the &lt;a href=\"http://www.reddit.com/r/AskHistorians/wiki/rules#wiki_write_an_in-depth_answer\"&gt;subreddit rules&lt;/a&gt;. There is no hard and fast definition of that, but in evaluating what you know on the topic, and what you are planning to post, consider whether your answer will &lt;em&gt;demonstrate&lt;/em&gt; these four qualities to a reader:&lt;/p&gt;\n\n&lt;ul&gt;\n&lt;li&gt;&lt;a href=\"https://www.reddit.com/r/AskHistorians/comments/1jsabs/what_it_means_to_post_a_good_answer_in/\"&gt;Do I have the expertise needed to answer this question?&lt;/a&gt;&lt;/li&gt;\n&lt;li&gt;&lt;a href=\"https://www.reddit.com/r/AskHistorians/comments/4kngwh/rules_roundtable_no_11_no_speculation/\"&gt;Have I done research on this question?&lt;/a&gt;&lt;/li&gt;\n&lt;li&gt;&lt;a href=\"https://www.reddit.com/r/AskHistorians/comments/3wn71y/rules_roundtable_1_explaining_the_rules_about/\"&gt;Can I cite academic quality primary and secondary sources?&lt;/a&gt;&lt;/li&gt;\n&lt;li&gt;Can I answer follow-up questions?&lt;/li&gt;\n&lt;/ul&gt;\n\n&lt;p&gt;Thank you!&lt;/p&gt;\n&lt;/div&gt;", "gildings": {}, "collapsed_reason": null, "associated_award": null, "stickied": false, "author_premium": false, "subreddit_type": "public", "can_gild": true, "subreddit": "AskHistorians", "author_flair_text_color": "light", "score_hidden": false, "permalink": "/r/AskHistorians/comments/ejf5j0/what_were_the_usa_hoping_to_achieve_by_stopping/fcxzs82/", "num_reports": null, "locked": false, "name": "t1_fcxzs82", "created": 1578101525.0, "author_flair_text": "Moderator | History of Education", "collapsed": false, "created_utc": 1578072725.0, "subreddit_name_prefixed": "r/AskHistorians", "controversiality": 0, "depth": 1, "author_flair_background_color": "#ff3300", "collapsed_because_crowd_control": null, "mod_reports": [], "mod_note": null, "distinguished": "moderator"}}], "after": null, "before": null}}, "user_reports": [], "saved": false, "id": "fcxvtf4", "banned_at_utc": null, "mod_reason_title": null, "gilded": 0, "archived": false, "report_reasons": null, "author": "[deleted]", "can_mod_post": false, "send_replies": true, "parent_id": "t3_ejf5j0", "score": 1, "approved_by": null, "all_awardings": [], "subreddit_id": "t5_2ssp3", "body": "[removed]", "edited": false, "author_flair_css_class": null, "downs": 0, "is_submitter": false, "body_html": "&lt;div class=\"md\"&gt;&lt;p&gt;[removed]&lt;/p&gt;\n&lt;/div&gt;", "gildings": {}, "collapsed_reason": null, "associated_award": null, "stickied": false, "subreddit_type": "public", "can_gild": true, "subreddit": "AskHistorians", "author_flair_text_color": "dark", "score_hidden": false, "permalink": "/r/AskHistorians/comments/ejf5j0/what_were_the_usa_hoping_to_achieve_by_stopping/fcxvtf4/", "num_reports": null, "locked": false, "name": "t1_fcxvtf4", "created": 1578100064.0, "author_flair_text": null, "collapsed": false, "created_utc": 1578071264.0, "subreddit_name_prefixed": "r/AskHistorians", "controversiality": 0, "depth": 0, "author_flair_background_color": "", "collapsed_because_crowd_control": null, "mod_reports": [], "mod_note": null, "distinguished": null}}], "after": null, "before": null}}]