[{"kind": "Listing", "data": {"modhash": "", "dist": 1, "children": [{"kind": "t3", "data": {"approved_at_utc": null, "subreddit": "AskHistorians", "selftext": "I just watched this podcast by John Colarusso in which he talks about the shared features between the story of King Arthur and the Nart sagas from the Caucasus. He particularly refers to the Ossetian Nart stories, who are an Iranic speaking people in the Caucasus and are also descendants of the Alans who migrated into the region.\n\nAnyways, Colarusso points to several shared features and I'd like to hear r/AskHistorian's take on this. The Sarmatians definitely had a presence in Western Europe via their connections to the Romans and Germanic tribes, so this idea isn't too far fetched. But then again it also could have happened the other way around, that the story of King Arthur influenced the Nart sagas.\n\n[https://www.youtube.com/watch?v=HBKprlU6dgk&amp;t=46s](https://www.youtube.com/watch?v=HBKprlU6dgk&amp;t=46s) \n\nThis webpage talks about the presence of the Sarmatians in Europe:  [https://www.marres.education/sarmatic\\_traces.htm](https://www.marres.education/sarmatic_traces.htm)", "user_reports": [], "saved": false, "mod_reason_title": null, "gilded": 0, "clicked": false, "title": "Was the story of King Arthur influenced by Iranic steppe nomads such as the Sarmatians and Alans?", "link_flair_richtext": [], "subreddit_name_prefixed": "r/AskHistorians", "hidden": false, "pwls": 6, "link_flair_css_class": null, "downs": 0, "parent_whitelist_status": "all_ads", "hide_score": false, "name": "t3_ejhui6", "quarantine": false, "link_flair_text_color": "dark", "upvote_ratio": 0.81, "author_flair_background_color": null, "subreddit_type": "public", "ups": 11, "total_awards_received": 0, "media_embed": {}, "author_flair_template_id": null, "is_original_content": false, "author_fullname": "t2_2tottqs9", "secure_media": null, "is_reddit_media_domain": false, "is_meta": false, "category": null, "secure_media_embed": {}, "link_flair_text": null, "can_mod_post": false, "num_duplicates": 0, "approved_by": null, "author_premium": false, "thumbnail": "", "edited": false, "author_flair_css_class": null, "author_flair_richtext": [], "gildings": {}, "content_categories": null, "is_self": true, "mod_note": null, "created": 1578098176.0, "link_flair_type": "text", "wls": 6, "removed_by_category": null, "banned_by": null, "author_flair_type": "text", "domain": "self.AskHistorians", "allow_live_comments": false, "selftext_html": "&lt;!-- SC_OFF --&gt;&lt;div class=\"md\"&gt;&lt;p&gt;I just watched this podcast by John Colarusso in which he talks about the shared features between the story of King Arthur and the Nart sagas from the Caucasus. He particularly refers to the Ossetian Nart stories, who are an Iranic speaking people in the Caucasus and are also descendants of the Alans who migrated into the region.&lt;/p&gt;\n\n&lt;p&gt;Anyways, Colarusso points to several shared features and I&amp;#39;d like to hear &lt;a href=\"/r/AskHistorian\"&gt;r/AskHistorian&lt;/a&gt;&amp;#39;s take on this. The Sarmatians definitely had a presence in Western Europe via their connections to the Romans and Germanic tribes, so this idea isn&amp;#39;t too far fetched. But then again it also could have happened the other way around, that the story of King Arthur influenced the Nart sagas.&lt;/p&gt;\n\n&lt;p&gt;&lt;a href=\"https://www.youtube.com/watch?v=HBKprlU6dgk&amp;amp;t=46s\"&gt;https://www.youtube.com/watch?v=HBKprlU6dgk&amp;amp;t=46s&lt;/a&gt; &lt;/p&gt;\n\n&lt;p&gt;This webpage talks about the presence of the Sarmatians in Europe:  &lt;a href=\"https://www.marres.education/sarmatic_traces.htm\"&gt;https://www.marres.education/sarmatic_traces.htm&lt;/a&gt;&lt;/p&gt;\n&lt;/div&gt;&lt;!-- SC_ON --&gt;", "likes": null, "suggested_sort": null, "banned_at_utc": null, "view_count": null, "archived": false, "score": 11, "no_follow": false, "is_crosspostable": false, "pinned": false, "over_18": false, "all_awardings": [], "awarders": [], "media_only": false, "can_gild": false, "spoiler": false, "locked": false, "author_flair_text": null, "visited": false, "removed_by": null, "num_reports": null, "distinguished": null, "subreddit_id": "t5_2ssp3", "mod_reason_by": null, "removal_reason": null, "link_flair_background_color": "", "id": "ejhui6", "is_robot_indexable": true, "report_reasons": null, "author": "JuicyLittleGOOF", "discussion_type": null, "num_comments": 1, "send_replies": true, "media": null, "contest_mode": false, "author_patreon_flair": false, "author_flair_text_color": null, "permalink": "/r/AskHistorians/comments/ejhui6/was_the_story_of_king_arthur_influenced_by_iranic/", "whitelist_status": "all_ads", "stickied": false, "url": "https://www.reddit.com/r/AskHistorians/comments/ejhui6/was_the_story_of_king_arthur_influenced_by_iranic/", "subreddit_subscribers": 1080054, "created_utc": 1578069376.0, "num_crossposts": 0, "mod_reports": [], "is_video": false}}], "after": null, "before": null}}, {"kind": "Listing", "data": {"modhash": "", "dist": null, "children": [{"kind": "t1", "data": {"total_awards_received": 0, "approved_at_utc": null, "ups": 1, "awarders": [], "mod_reason_by": null, "banned_by": null, "author_flair_type": "richtext", "removal_reason": null, "link_id": "t3_ejhui6", "author_flair_template_id": "9e641f94-c626-11e2-8e2c-12313b0b21ae", "likes": null, "replies": "", "user_reports": [], "saved": false, "id": "fcxresa", "banned_at_utc": null, "mod_reason_title": null, "gilded": 0, "archived": false, "no_follow": true, "author": "AutoModerator", "can_mod_post": false, "send_replies": false, "parent_id": "t3_ejhui6", "score": 1, "author_fullname": "t2_6l4z3", "report_reasons": null, "approved_by": null, "all_awardings": [], "subreddit_id": "t5_2ssp3", "body": "Welcome to /r/AskHistorians. **Please [Read Our Rules](https://www.reddit.com/r/AskHistorians/wiki/rules) before you comment in this community**. Understand that rule breaking comments get removed.\n\nWe thank you for your interest in this *question*, and your patience in waiting for an in-depth and comprehensive answer to be written, which takes time. Please consider **[Clicking Here for RemindMeBot](https://www.reddit.com/message/compose/?to=RemindMeBot&amp;subject=Reminder&amp;message=%5Bhttps://www.reddit.com/r/AskHistorians/comments/ejhui6/was_the_story_of_king_arthur_influenced_by_iranic/%5D%0A%0ARemindMe!%202%20days)**, [using our Browser Extension](https://www.reddit.com/r/AskHistorians/comments/d6dzi7/tired_of_clicking_to_find_only_removed_comments/), or getting the [Weekly Roundup](https://www.reddit.com/message/compose?to=subredditsummarybot&amp;subject=askhistorians+weekly&amp;message=x). In the meantime our [Twitter](https://twitter.com/askhistorians), [Facebook](https://www.facebook.com/askhistorians/), and [Sunday Digest](https://www.reddit.com/r/AskHistorians/search?q=title%3A%22Sunday+Digest%22&amp;restrict_sr=on&amp;sort=new&amp;t=all) feature excellent content that has already been written!\n\n\n*I am a bot, and this action was performed automatically. Please [contact the moderators of this subreddit](/message/compose/?to=/r/AskHistorians) if you have any questions or concerns.*", "edited": false, "author_flair_css_class": "moderator", "is_submitter": false, "downs": 0, "author_flair_richtext": [{"e": "text", "t": "History of Robotics"}], "author_patreon_flair": false, "body_html": "&lt;div class=\"md\"&gt;&lt;p&gt;Welcome to &lt;a href=\"/r/AskHistorians\"&gt;/r/AskHistorians&lt;/a&gt;. &lt;strong&gt;Please &lt;a href=\"https://www.reddit.com/r/AskHistorians/wiki/rules\"&gt;Read Our Rules&lt;/a&gt; before you comment in this community&lt;/strong&gt;. Understand that rule breaking comments get removed.&lt;/p&gt;\n\n&lt;p&gt;We thank you for your interest in this &lt;em&gt;question&lt;/em&gt;, and your patience in waiting for an in-depth and comprehensive answer to be written, which takes time. Please consider &lt;strong&gt;&lt;a href=\"https://www.reddit.com/message/compose/?to=RemindMeBot&amp;amp;subject=Reminder&amp;amp;message=%5Bhttps://www.reddit.com/r/AskHistorians/comments/ejhui6/was_the_story_of_king_arthur_influenced_by_iranic/%5D%0A%0ARemindMe!%202%20days\"&gt;Clicking Here for RemindMeBot&lt;/a&gt;&lt;/strong&gt;, &lt;a href=\"https://www.reddit.com/r/AskHistorians/comments/d6dzi7/tired_of_clicking_to_find_only_removed_comments/\"&gt;using our Browser Extension&lt;/a&gt;, or getting the &lt;a href=\"https://www.reddit.com/message/compose?to=subredditsummarybot&amp;amp;subject=askhistorians+weekly&amp;amp;message=x\"&gt;Weekly Roundup&lt;/a&gt;. In the meantime our &lt;a href=\"https://twitter.com/askhistorians\"&gt;Twitter&lt;/a&gt;, &lt;a href=\"https://www.facebook.com/askhistorians/\"&gt;Facebook&lt;/a&gt;, and &lt;a href=\"https://www.reddit.com/r/AskHistorians/search?q=title%3A%22Sunday+Digest%22&amp;amp;restrict_sr=on&amp;amp;sort=new&amp;amp;t=all\"&gt;Sunday Digest&lt;/a&gt; feature excellent content that has already been written!&lt;/p&gt;\n\n&lt;p&gt;&lt;em&gt;I am a bot, and this action was performed automatically. Please &lt;a href=\"/message/compose/?to=/r/AskHistorians\"&gt;contact the moderators of this subreddit&lt;/a&gt; if you have any questions or concerns.&lt;/em&gt;&lt;/p&gt;\n&lt;/div&gt;", "gildings": {}, "collapsed_reason": null, "associated_award": null, "stickied": true, "author_premium": true, "subreddit_type": "public", "can_gild": true, "subreddit": "AskHistorians", "author_flair_text_color": "light", "score_hidden": true, "permalink": "/r/AskHistorians/comments/ejhui6/was_the_story_of_king_arthur_influenced_by_iranic/fcxresa/", "num_reports": null, "locked": true, "name": "t1_fcxresa", "created": 1578098176.0, "author_flair_text": "History of Robotics", "collapsed": false, "created_utc": 1578069376.0, "subreddit_name_prefixed": "r/AskHistorians", "controversiality": 0, "depth": 0, "author_flair_background_color": "#8b008b", "collapsed_because_crowd_control": null, "mod_reports": [], "mod_note": null, "distinguished": "moderator"}}], "after": null, "before": null}}]