[{"kind": "Listing", "data": {"modhash": "", "dist": 1, "children": [{"kind": "t3", "data": {"approved_at_utc": null, "subreddit": "AskHistorians", "selftext": "I was just taking a look at the part in Timaeus where Plato discusses the juicy legend of Atlantis. An Egyptian traveler to Athens ingratiates himself with his hosts by connecting their city to a long-ago defense of the Mediterranean world from a mysterious and powerful civilization called Atlantis. According to the story, the Atlanteans conquered North Africa and Egypt before crumbling in the face of Athenian resistance and retreating back to their distant island home, where they fell victims of a great cataclysm.\n\nIf I recall, Plato's storyteller claims that this was some ten centuries before his present - which would place it very far back indeed. But we generally seem to think of the Athenian Era as having started following the obscure Bronze Age Collapse, in which many of the great civilizations already established in the Mediterranean World were shaken to their foundations or even disappeared.\n\nI know there are many hypothesis for the Bronze Age Collapse, and one of the most entertaining is that of the Sea People. The Sea People, from my understanding, is the name given to groups of Viking-like seaborne raiders, observed and recorded with increasing concern by the court of Egypt and by others just before the collapse. When the historical record resumes, the Sea People are nowhere to found. This could either be because they were defeated and fled, or because they were incorporated into the known world, they now had real names and were no longer thought of as mysterious strangers.\n\nWas the Bronze Age Collapse caused by the invasion of the Sea People, or is that just an unfortunately tantalizing coincidence of the historical record? And if they were to blame, what happened to them?\n\nI am certain that I am far from the first person to notice some fun similarities between Plato's story of mysterious seafaring invaders who came, saw, conquered and then disappeared from the historical scene forever, and the undying myth of Atlantis. But I'll flesh out what I was thinking:\n\nPerhaps even in Plato's time there was a lack of clarity as to what happened to destroy so many great civilizations (including, I believe, the Minoans who the Greeks knew well) in so short a time. The Bronze Age Collapse was, I think, within 700 years of Plato's time. There may have been scattered historical references to military attacks, and a cultural memory of Viking-like unholy raids into the sanctuaries of civilization. The warriors would have been known as fierce and amoral (if not immoral), but also shockingly advanced because they were somehow able to severely injure societies thought to be the strongest in the world.\n\nA story of an advanced seafaring people from a distant western land, beyond the Pillars, might have been a theory that was acceptable to peoples sensibilities - especially if the real story was that the \"Sea People\" had, like Vikings after them, settled down and become respectable nations scattered about their former killing fields, and did not wish for people to think of them as the same people that laid Egypt low. And perhaps the \"Great Cataclysm\" became a part of the story once people had sailed through the Straits and noticed the lack of a great continent.\n\nAny thoughts or additional info on this?", "user_reports": [], "saved": false, "mod_reason_title": null, "gilded": 0, "clicked": false, "title": "Have serious historians ever considered whether Plato's Atlantis myth and the mysterious Sea Peoples might be parts of the same story?", "link_flair_richtext": [], "subreddit_name_prefixed": "r/AskHistorians", "hidden": false, "pwls": 6, "link_flair_css_class": null, "downs": 0, "parent_whitelist_status": "all_ads", "hide_score": false, "name": "t3_ejkxgt", "quarantine": false, "link_flair_text_color": "dark", "upvote_ratio": 0.67, "author_flair_background_color": null, "subreddit_type": "public", "ups": 2, "total_awards_received": 0, "media_embed": {}, "author_flair_template_id": null, "is_original_content": false, "author_fullname": "t2_yxrcf", "secure_media": null, "is_reddit_media_domain": false, "is_meta": false, "category": null, "secure_media_embed": {}, "link_flair_text": null, "can_mod_post": false, "num_duplicates": 0, "approved_by": null, "author_premium": false, "thumbnail": "", "edited": 1578082358.0, "author_flair_css_class": null, "author_flair_richtext": [], "gildings": {}, "content_categories": null, "is_self": true, "mod_note": null, "created": 1578110955.0, "link_flair_type": "text", "wls": 6, "removed_by_category": null, "banned_by": null, "author_flair_type": "text", "domain": "self.AskHistorians", "allow_live_comments": false, "selftext_html": "&lt;!-- SC_OFF --&gt;&lt;div class=\"md\"&gt;&lt;p&gt;I was just taking a look at the part in Timaeus where Plato discusses the juicy legend of Atlantis. An Egyptian traveler to Athens ingratiates himself with his hosts by connecting their city to a long-ago defense of the Mediterranean world from a mysterious and powerful civilization called Atlantis. According to the story, the Atlanteans conquered North Africa and Egypt before crumbling in the face of Athenian resistance and retreating back to their distant island home, where they fell victims of a great cataclysm.&lt;/p&gt;\n\n&lt;p&gt;If I recall, Plato&amp;#39;s storyteller claims that this was some ten centuries before his present - which would place it very far back indeed. But we generally seem to think of the Athenian Era as having started following the obscure Bronze Age Collapse, in which many of the great civilizations already established in the Mediterranean World were shaken to their foundations or even disappeared.&lt;/p&gt;\n\n&lt;p&gt;I know there are many hypothesis for the Bronze Age Collapse, and one of the most entertaining is that of the Sea People. The Sea People, from my understanding, is the name given to groups of Viking-like seaborne raiders, observed and recorded with increasing concern by the court of Egypt and by others just before the collapse. When the historical record resumes, the Sea People are nowhere to found. This could either be because they were defeated and fled, or because they were incorporated into the known world, they now had real names and were no longer thought of as mysterious strangers.&lt;/p&gt;\n\n&lt;p&gt;Was the Bronze Age Collapse caused by the invasion of the Sea People, or is that just an unfortunately tantalizing coincidence of the historical record? And if they were to blame, what happened to them?&lt;/p&gt;\n\n&lt;p&gt;I am certain that I am far from the first person to notice some fun similarities between Plato&amp;#39;s story of mysterious seafaring invaders who came, saw, conquered and then disappeared from the historical scene forever, and the undying myth of Atlantis. But I&amp;#39;ll flesh out what I was thinking:&lt;/p&gt;\n\n&lt;p&gt;Perhaps even in Plato&amp;#39;s time there was a lack of clarity as to what happened to destroy so many great civilizations (including, I believe, the Minoans who the Greeks knew well) in so short a time. The Bronze Age Collapse was, I think, within 700 years of Plato&amp;#39;s time. There may have been scattered historical references to military attacks, and a cultural memory of Viking-like unholy raids into the sanctuaries of civilization. The warriors would have been known as fierce and amoral (if not immoral), but also shockingly advanced because they were somehow able to severely injure societies thought to be the strongest in the world.&lt;/p&gt;\n\n&lt;p&gt;A story of an advanced seafaring people from a distant western land, beyond the Pillars, might have been a theory that was acceptable to peoples sensibilities - especially if the real story was that the &amp;quot;Sea People&amp;quot; had, like Vikings after them, settled down and become respectable nations scattered about their former killing fields, and did not wish for people to think of them as the same people that laid Egypt low. And perhaps the &amp;quot;Great Cataclysm&amp;quot; became a part of the story once people had sailed through the Straits and noticed the lack of a great continent.&lt;/p&gt;\n\n&lt;p&gt;Any thoughts or additional info on this?&lt;/p&gt;\n&lt;/div&gt;&lt;!-- SC_ON --&gt;", "likes": null, "suggested_sort": null, "banned_at_utc": null, "view_count": null, "archived": false, "score": 2, "no_follow": true, "is_crosspostable": false, "pinned": false, "over_18": false, "all_awardings": [], "awarders": [], "media_only": false, "can_gild": false, "spoiler": false, "locked": false, "author_flair_text": null, "visited": false, "removed_by": null, "num_reports": null, "distinguished": null, "subreddit_id": "t5_2ssp3", "mod_reason_by": null, "removal_reason": null, "link_flair_background_color": "", "id": "ejkxgt", "is_robot_indexable": true, "report_reasons": null, "author": "Smitty7242", "discussion_type": null, "num_comments": 1, "send_replies": true, "media": null, "contest_mode": false, "author_patreon_flair": false, "author_flair_text_color": null, "permalink": "/r/AskHistorians/comments/ejkxgt/have_serious_historians_ever_considered_whether/", "whitelist_status": "all_ads", "stickied": false, "url": "https://www.reddit.com/r/AskHistorians/comments/ejkxgt/have_serious_historians_ever_considered_whether/", "subreddit_subscribers": 1080055, "created_utc": 1578082155.0, "num_crossposts": 0, "mod_reports": [], "is_video": false}}], "after": null, "before": null}}, {"kind": "Listing", "data": {"modhash": "", "dist": null, "children": [{"kind": "t1", "data": {"total_awards_received": 0, "approved_at_utc": null, "ups": 1, "awarders": [], "mod_reason_by": null, "banned_by": null, "author_flair_type": "richtext", "removal_reason": null, "link_id": "t3_ejkxgt", "author_flair_template_id": "9e641f94-c626-11e2-8e2c-12313b0b21ae", "likes": null, "replies": "", "user_reports": [], "saved": false, "id": "fcylecy", "banned_at_utc": null, "mod_reason_title": null, "gilded": 0, "archived": false, "no_follow": true, "author": "AutoModerator", "can_mod_post": false, "send_replies": false, "parent_id": "t3_ejkxgt", "score": 1, "author_fullname": "t2_6l4z3", "report_reasons": null, "approved_by": null, "all_awardings": [], "subreddit_id": "t5_2ssp3", "body": "Welcome to /r/AskHistorians. **Please [Read Our Rules](https://www.reddit.com/r/AskHistorians/wiki/rules) before you comment in this community**. Understand that rule breaking comments get removed.\n\nWe thank you for your interest in this *question*, and your patience in waiting for an in-depth and comprehensive answer to be written, which takes time. Please consider **[Clicking Here for RemindMeBot](https://www.reddit.com/message/compose/?to=RemindMeBot&amp;subject=Reminder&amp;message=%5Bhttps://www.reddit.com/r/AskHistorians/comments/ejkxgt/have_serious_historians_ever_considered_whether/%5D%0A%0ARemindMe!%202%20days)**, [using our Browser Extension](https://www.reddit.com/r/AskHistorians/comments/d6dzi7/tired_of_clicking_to_find_only_removed_comments/), or getting the [Weekly Roundup](https://www.reddit.com/message/compose?to=subredditsummarybot&amp;subject=askhistorians+weekly&amp;message=x). In the meantime our [Twitter](https://twitter.com/askhistorians), [Facebook](https://www.facebook.com/askhistorians/), and [Sunday Digest](https://www.reddit.com/r/AskHistorians/search?q=title%3A%22Sunday+Digest%22&amp;restrict_sr=on&amp;sort=new&amp;t=all) feature excellent content that has already been written!\n\n\n*I am a bot, and this action was performed automatically. Please [contact the moderators of this subreddit](/message/compose/?to=/r/AskHistorians) if you have any questions or concerns.*", "edited": false, "author_flair_css_class": "moderator", "is_submitter": false, "downs": 0, "author_flair_richtext": [{"e": "text", "t": "History of Robotics"}], "author_patreon_flair": false, "body_html": "&lt;div class=\"md\"&gt;&lt;p&gt;Welcome to &lt;a href=\"/r/AskHistorians\"&gt;/r/AskHistorians&lt;/a&gt;. &lt;strong&gt;Please &lt;a href=\"https://www.reddit.com/r/AskHistorians/wiki/rules\"&gt;Read Our Rules&lt;/a&gt; before you comment in this community&lt;/strong&gt;. Understand that rule breaking comments get removed.&lt;/p&gt;\n\n&lt;p&gt;We thank you for your interest in this &lt;em&gt;question&lt;/em&gt;, and your patience in waiting for an in-depth and comprehensive answer to be written, which takes time. Please consider &lt;strong&gt;&lt;a href=\"https://www.reddit.com/message/compose/?to=RemindMeBot&amp;amp;subject=Reminder&amp;amp;message=%5Bhttps://www.reddit.com/r/AskHistorians/comments/ejkxgt/have_serious_historians_ever_considered_whether/%5D%0A%0ARemindMe!%202%20days\"&gt;Clicking Here for RemindMeBot&lt;/a&gt;&lt;/strong&gt;, &lt;a href=\"https://www.reddit.com/r/AskHistorians/comments/d6dzi7/tired_of_clicking_to_find_only_removed_comments/\"&gt;using our Browser Extension&lt;/a&gt;, or getting the &lt;a href=\"https://www.reddit.com/message/compose?to=subredditsummarybot&amp;amp;subject=askhistorians+weekly&amp;amp;message=x\"&gt;Weekly Roundup&lt;/a&gt;. In the meantime our &lt;a href=\"https://twitter.com/askhistorians\"&gt;Twitter&lt;/a&gt;, &lt;a href=\"https://www.facebook.com/askhistorians/\"&gt;Facebook&lt;/a&gt;, and &lt;a href=\"https://www.reddit.com/r/AskHistorians/search?q=title%3A%22Sunday+Digest%22&amp;amp;restrict_sr=on&amp;amp;sort=new&amp;amp;t=all\"&gt;Sunday Digest&lt;/a&gt; feature excellent content that has already been written!&lt;/p&gt;\n\n&lt;p&gt;&lt;em&gt;I am a bot, and this action was performed automatically. Please &lt;a href=\"/message/compose/?to=/r/AskHistorians\"&gt;contact the moderators of this subreddit&lt;/a&gt; if you have any questions or concerns.&lt;/em&gt;&lt;/p&gt;\n&lt;/div&gt;", "gildings": {}, "collapsed_reason": null, "associated_award": null, "stickied": true, "author_premium": true, "subreddit_type": "public", "can_gild": true, "subreddit": "AskHistorians", "author_flair_text_color": "light", "score_hidden": true, "permalink": "/r/AskHistorians/comments/ejkxgt/have_serious_historians_ever_considered_whether/fcylecy/", "num_reports": null, "locked": true, "name": "t1_fcylecy", "created": 1578110956.0, "author_flair_text": "History of Robotics", "collapsed": false, "created_utc": 1578082156.0, "subreddit_name_prefixed": "r/AskHistorians", "controversiality": 0, "depth": 0, "author_flair_background_color": "#8b008b", "collapsed_because_crowd_control": null, "mod_reports": [], "mod_note": null, "distinguished": "moderator"}}], "after": null, "before": null}}]