[{"kind": "Listing", "data": {"modhash": "", "dist": 1, "children": [{"kind": "t3", "data": {"approved_at_utc": null, "subreddit": "AskHistorians", "selftext": "", "user_reports": [], "saved": false, "mod_reason_title": null, "gilded": 0, "clicked": false, "title": "Best of October Voting Thread", "link_flair_richtext": [{"e": "text", "t": "Best Of"}], "subreddit_name_prefixed": "r/AskHistorians", "hidden": false, "pwls": 6, "link_flair_css_class": "best", "downs": 0, "parent_whitelist_status": "all_ads", "hide_score": false, "name": "t3_dquxt5", "quarantine": false, "link_flair_text_color": "light", "upvote_ratio": 0.91, "author_flair_background_color": "#8b008b", "subreddit_type": "public", "ups": 16, "total_awards_received": 0, "media_embed": {}, "author_flair_template_id": "9e641f94-c626-11e2-8e2c-12313b0b21ae", "is_original_content": false, "author_fullname": "t2_9v6a6", "secure_media": null, "is_reddit_media_domain": false, "is_meta": false, "category": null, "secure_media_embed": {}, "link_flair_text": "Best Of", "can_mod_post": false, "num_duplicates": 1, "approved_by": null, "author_premium": true, "thumbnail": "", "edited": false, "author_flair_css_class": "moderator", "author_flair_richtext": [{"e": "text", "t": "Moderator | Post-Napoleonic Warfare &amp; Small Arms | Dueling"}], "gildings": {}, "content_categories": null, "is_self": true, "mod_note": null, "created": 1572779075.0, "link_flair_type": "richtext", "wls": 6, "removed_by_category": null, "banned_by": null, "author_flair_type": "richtext", "domain": "self.AskHistorians", "allow_live_comments": false, "selftext_html": null, "likes": null, "suggested_sort": null, "banned_at_utc": null, "view_count": null, "archived": false, "score": 16, "no_follow": false, "is_crosspostable": false, "pinned": false, "over_18": false, "all_awardings": [], "awarders": [], "media_only": false, "link_flair_template_id": "0900f0d2-37ba-11e5-be04-0e550be6a457", "can_gild": false, "spoiler": false, "locked": false, "author_flair_text": "Moderator | Post-Napoleonic Warfare &amp; Small Arms | Dueling", "visited": false, "removed_by": null, "num_reports": null, "distinguished": null, "subreddit_id": "t5_2ssp3", "mod_reason_by": null, "removal_reason": null, "link_flair_background_color": "#0e6748", "id": "dquxt5", "is_robot_indexable": true, "report_reasons": null, "author": "Georgy_K_Zhukov", "discussion_type": null, "num_comments": 13, "send_replies": true, "media": null, "contest_mode": true, "author_patreon_flair": false, "author_flair_text_color": "light", "permalink": "/r/AskHistorians/comments/dquxt5/best_of_october_voting_thread/", "whitelist_status": "all_ads", "stickied": false, "url": "https://www.reddit.com/r/AskHistorians/comments/dquxt5/best_of_october_voting_thread/", "subreddit_subscribers": 1079970, "created_utc": 1572750275.0, "num_crossposts": 0, "mod_reports": [], "is_video": false}}], "after": null, "before": null}}, {"kind": "Listing", "data": {"modhash": "", "dist": null, "children": [{"kind": "t1", "data": {"total_awards_received": 0, "approved_at_utc": null, "ups": 1, "awarders": [], "mod_reason_by": null, "banned_by": null, "author_flair_type": "richtext", "removal_reason": null, "link_id": "t3_dquxt5", "author_flair_template_id": "9e641f94-c626-11e2-8e2c-12313b0b21ae", "likes": null, "replies": "", "user_reports": [], "saved": false, "id": "f6a0nui", "banned_at_utc": null, "mod_reason_title": null, "gilded": 0, "archived": false, "no_follow": false, "author": "Georgy_K_Zhukov", "can_mod_post": false, "send_replies": true, "parent_id": "t3_dquxt5", "score": 1, "author_fullname": "t2_9v6a6", "report_reasons": null, "approved_by": null, "all_awardings": [], "subreddit_id": "t5_2ssp3", "body": "/u/Vepr157 answered [\"During the Cold War, did the USSR make any significant innovations in military technology on its own, or did it largely rely on stealing technology from the west?\"](https://www.reddit.com/r/AskHistorians/comments/dcspca/during_the_cold_war_did_the_ussr_make_any/f2brio6/)", "edited": false, "author_flair_css_class": "moderator", "is_submitter": true, "downs": 0, "author_flair_richtext": [{"e": "text", "t": "Moderator | Post-Napoleonic Warfare &amp; Small Arms | Dueling"}], "author_patreon_flair": false, "body_html": "&lt;div class=\"md\"&gt;&lt;p&gt;&lt;a href=\"/u/Vepr157\"&gt;/u/Vepr157&lt;/a&gt; answered &lt;a href=\"https://www.reddit.com/r/AskHistorians/comments/dcspca/during_the_cold_war_did_the_ussr_make_any/f2brio6/\"&gt;&amp;quot;During the Cold War, did the USSR make any significant innovations in military technology on its own, or did it largely rely on stealing technology from the west?&amp;quot;&lt;/a&gt;&lt;/p&gt;\n&lt;/div&gt;", "gildings": {}, "collapsed_reason": null, "associated_award": null, "stickied": false, "author_premium": true, "subreddit_type": "public", "can_gild": true, "subreddit": "AskHistorians", "author_flair_text_color": "light", "score_hidden": true, "permalink": "/r/AskHistorians/comments/dquxt5/best_of_october_voting_thread/f6a0nui/", "num_reports": null, "locked": false, "name": "t1_f6a0nui", "created": 1572779188.0, "author_flair_text": "Moderator | Post-Napoleonic Warfare &amp; Small Arms | Dueling", "collapsed": false, "created_utc": 1572750388.0, "subreddit_name_prefixed": "r/AskHistorians", "controversiality": 0, "depth": 0, "author_flair_background_color": "#8b008b", "collapsed_because_crowd_control": null, "mod_reports": [], "mod_note": null, "distinguished": null}}, {"kind": "t1", "data": {"total_awards_received": 0, "approved_at_utc": null, "ups": 1, "awarders": [], "mod_reason_by": null, "banned_by": null, "author_flair_type": "richtext", "removal_reason": null, "link_id": "t3_dquxt5", "author_flair_template_id": "9e641f94-c626-11e2-8e2c-12313b0b21ae", "likes": null, "replies": "", "user_reports": [], "saved": false, "id": "f6a0h5j", "banned_at_utc": null, "mod_reason_title": null, "gilded": 0, "archived": false, "no_follow": false, "author": "Georgy_K_Zhukov", "can_mod_post": false, "send_replies": true, "parent_id": "t3_dquxt5", "score": 1, "author_fullname": "t2_9v6a6", "report_reasons": null, "approved_by": null, "all_awardings": [], "subreddit_id": "t5_2ssp3", "body": "/u/girlscout-cookies answered [\"Slavery was outlawed in Britain earlier than the US. What happened that caused it to be outlawed? What about the black civil rights movement that occurred in Britain?\"](https://www.reddit.com/r/AskHistorians/comments/dmxtcc/slavery_was_outlawed_in_britain_earlier_than_the/f58h1t1/)", "edited": false, "author_flair_css_class": "moderator", "is_submitter": true, "downs": 0, "author_flair_richtext": [{"e": "text", "t": "Moderator | Post-Napoleonic Warfare &amp; Small Arms | Dueling"}], "author_patreon_flair": false, "body_html": "&lt;div class=\"md\"&gt;&lt;p&gt;&lt;a href=\"/u/girlscout-cookies\"&gt;/u/girlscout-cookies&lt;/a&gt; answered &lt;a href=\"https://www.reddit.com/r/AskHistorians/comments/dmxtcc/slavery_was_outlawed_in_britain_earlier_than_the/f58h1t1/\"&gt;&amp;quot;Slavery was outlawed in Britain earlier than the US. What happened that caused it to be outlawed? What about the black civil rights movement that occurred in Britain?&amp;quot;&lt;/a&gt;&lt;/p&gt;\n&lt;/div&gt;", "gildings": {}, "collapsed_reason": null, "associated_award": null, "stickied": false, "author_premium": true, "subreddit_type": "public", "can_gild": true, "subreddit": "AskHistorians", "author_flair_text_color": "light", "score_hidden": true, "permalink": "/r/AskHistorians/comments/dquxt5/best_of_october_voting_thread/f6a0h5j/", "num_reports": null, "locked": false, "name": "t1_f6a0h5j", "created": 1572779121.0, "author_flair_text": "Moderator | Post-Napoleonic Warfare &amp; Small Arms | Dueling", "collapsed": false, "created_utc": 1572750321.0, "subreddit_name_prefixed": "r/AskHistorians", "controversiality": 0, "depth": 0, "author_flair_background_color": "#8b008b", "collapsed_because_crowd_control": null, "mod_reports": [], "mod_note": null, "distinguished": null}}, {"kind": "t1", "data": {"total_awards_received": 0, "approved_at_utc": null, "ups": 1, "awarders": [], "mod_reason_by": null, "banned_by": null, "author_flair_type": "richtext", "removal_reason": null, "link_id": "t3_dquxt5", "author_flair_template_id": "9e641f94-c626-11e2-8e2c-12313b0b21ae", "likes": null, "replies": "", "user_reports": [], "saved": false, "id": "f6a0gje", "banned_at_utc": null, "mod_reason_title": null, "gilded": 0, "archived": false, "no_follow": false, "author": "Georgy_K_Zhukov", "can_mod_post": false, "send_replies": true, "parent_id": "t3_dquxt5", "score": 1, "author_fullname": "t2_9v6a6", "report_reasons": null, "approved_by": null, "all_awardings": [], "subreddit_id": "t5_2ssp3", "body": "/u/Kochevnik81 answered [\"Did Joseph McCarthy find any actual Soviet spies?\"](https://www.reddit.com/r/AskHistorians/comments/dnzq3l/did_joseph_mccarthy_find_any_actual_soviet_spies/f5lfvyf/)", "edited": false, "author_flair_css_class": "moderator", "is_submitter": true, "downs": 0, "author_flair_richtext": [{"e": "text", "t": "Moderator | Post-Napoleonic Warfare &amp; Small Arms | Dueling"}], "author_patreon_flair": false, "body_html": "&lt;div class=\"md\"&gt;&lt;p&gt;&lt;a href=\"/u/Kochevnik81\"&gt;/u/Kochevnik81&lt;/a&gt; answered &lt;a href=\"https://www.reddit.com/r/AskHistorians/comments/dnzq3l/did_joseph_mccarthy_find_any_actual_soviet_spies/f5lfvyf/\"&gt;&amp;quot;Did Joseph McCarthy find any actual Soviet spies?&amp;quot;&lt;/a&gt;&lt;/p&gt;\n&lt;/div&gt;", "gildings": {}, "collapsed_reason": null, "associated_award": null, "stickied": false, "author_premium": true, "subreddit_type": "public", "can_gild": true, "subreddit": "AskHistorians", "author_flair_text_color": "light", "score_hidden": true, "permalink": "/r/AskHistorians/comments/dquxt5/best_of_october_voting_thread/f6a0gje/", "num_reports": null, "locked": false, "name": "t1_f6a0gje", "created": 1572779115.0, "author_flair_text": "Moderator | Post-Napoleonic Warfare &amp; Small Arms | Dueling", "collapsed": false, "created_utc": 1572750315.0, "subreddit_name_prefixed": "r/AskHistorians", "controversiality": 0, "depth": 0, "author_flair_background_color": "#8b008b", "collapsed_because_crowd_control": null, "mod_reports": [], "mod_note": null, "distinguished": null}}, {"kind": "t1", "data": {"total_awards_received": 0, "approved_at_utc": null, "ups": 1, "awarders": [], "mod_reason_by": null, "banned_by": null, "author_flair_type": "richtext", "removal_reason": null, "link_id": "t3_dquxt5", "author_flair_template_id": "9e641f94-c626-11e2-8e2c-12313b0b21ae", "likes": null, "replies": "", "user_reports": [], "saved": false, "id": "f6a0k0h", "banned_at_utc": null, "mod_reason_title": null, "gilded": 0, "archived": false, "no_follow": false, "author": "Georgy_K_Zhukov", "can_mod_post": false, "send_replies": true, "parent_id": "t3_dquxt5", "score": 1, "author_fullname": "t2_9v6a6", "report_reasons": null, "approved_by": null, "all_awardings": [], "subreddit_id": "t5_2ssp3", "body": "/u/mediaevumed answered [\"What were the \u201cVikings\u201d up to before they began raiding?\"](https://www.reddit.com/r/AskHistorians/comments/db9kho/what_were_the_vikings_up_to_before_they_began/f231efd/)", "edited": false, "author_flair_css_class": "moderator", "is_submitter": true, "downs": 0, "author_flair_richtext": [{"e": "text", "t": "Moderator | Post-Napoleonic Warfare &amp; Small Arms | Dueling"}], "author_patreon_flair": false, "body_html": "&lt;div class=\"md\"&gt;&lt;p&gt;&lt;a href=\"/u/mediaevumed\"&gt;/u/mediaevumed&lt;/a&gt; answered &lt;a href=\"https://www.reddit.com/r/AskHistorians/comments/db9kho/what_were_the_vikings_up_to_before_they_began/f231efd/\"&gt;&amp;quot;What were the \u201cVikings\u201d up to before they began raiding?&amp;quot;&lt;/a&gt;&lt;/p&gt;\n&lt;/div&gt;", "gildings": {}, "collapsed_reason": null, "associated_award": null, "stickied": false, "author_premium": true, "subreddit_type": "public", "can_gild": true, "subreddit": "AskHistorians", "author_flair_text_color": "light", "score_hidden": true, "permalink": "/r/AskHistorians/comments/dquxt5/best_of_october_voting_thread/f6a0k0h/", "num_reports": null, "locked": false, "name": "t1_f6a0k0h", "created": 1572779151.0, "author_flair_text": "Moderator | Post-Napoleonic Warfare &amp; Small Arms | Dueling", "collapsed": false, "created_utc": 1572750351.0, "subreddit_name_prefixed": "r/AskHistorians", "controversiality": 0, "depth": 0, "author_flair_background_color": "#8b008b", "collapsed_because_crowd_control": null, "mod_reports": [], "mod_note": null, "distinguished": null}}, {"kind": "t1", "data": {"total_awards_received": 0, "approved_at_utc": null, "ups": 1, "awarders": [], "mod_reason_by": null, "banned_by": null, "author_flair_type": "richtext", "removal_reason": null, "link_id": "t3_dquxt5", "author_flair_template_id": "9e641f94-c626-11e2-8e2c-12313b0b21ae", "likes": null, "replies": "", "user_reports": [], "saved": false, "id": "f6a0hs2", "banned_at_utc": null, "mod_reason_title": null, "gilded": 0, "archived": false, "no_follow": false, "author": "Georgy_K_Zhukov", "can_mod_post": false, "send_replies": true, "parent_id": "t3_dquxt5", "score": 1, "author_fullname": "t2_9v6a6", "report_reasons": null, "approved_by": null, "all_awardings": [], "subreddit_id": "t5_2ssp3", "body": "/u/shadowsofutopia answered [\"How did the ancient Cambodian civilization of Angkor collapse?\"](https://www.reddit.com/r/AskHistorians/comments/dfjfai/how_did_the_ancient_cambodian_civilization_of/f34s05b/)", "edited": false, "author_flair_css_class": "moderator", "is_submitter": true, "downs": 0, "author_flair_richtext": [{"e": "text", "t": "Moderator | Post-Napoleonic Warfare &amp; Small Arms | Dueling"}], "author_patreon_flair": false, "body_html": "&lt;div class=\"md\"&gt;&lt;p&gt;&lt;a href=\"/u/shadowsofutopia\"&gt;/u/shadowsofutopia&lt;/a&gt; answered &lt;a href=\"https://www.reddit.com/r/AskHistorians/comments/dfjfai/how_did_the_ancient_cambodian_civilization_of/f34s05b/\"&gt;&amp;quot;How did the ancient Cambodian civilization of Angkor collapse?&amp;quot;&lt;/a&gt;&lt;/p&gt;\n&lt;/div&gt;", "gildings": {}, "collapsed_reason": null, "associated_award": null, "stickied": false, "author_premium": true, "subreddit_type": "public", "can_gild": true, "subreddit": "AskHistorians", "author_flair_text_color": "light", "score_hidden": true, "permalink": "/r/AskHistorians/comments/dquxt5/best_of_october_voting_thread/f6a0hs2/", "num_reports": null, "locked": false, "name": "t1_f6a0hs2", "created": 1572779127.0, "author_flair_text": "Moderator | Post-Napoleonic Warfare &amp; Small Arms | Dueling", "collapsed": false, "created_utc": 1572750327.0, "subreddit_name_prefixed": "r/AskHistorians", "controversiality": 0, "depth": 0, "author_flair_background_color": "#8b008b", "collapsed_because_crowd_control": null, "mod_reports": [], "mod_note": null, "distinguished": null}}, {"kind": "t1", "data": {"total_awards_received": 0, "approved_at_utc": null, "ups": 1, "awarders": [], "mod_reason_by": null, "banned_by": null, "author_flair_type": "richtext", "removal_reason": null, "link_id": "t3_dquxt5", "author_flair_template_id": "9e641f94-c626-11e2-8e2c-12313b0b21ae", "likes": null, "replies": "", "user_reports": [], "saved": false, "id": "f6a0icw", "banned_at_utc": null, "mod_reason_title": null, "gilded": 0, "archived": false, "no_follow": false, "author": "Georgy_K_Zhukov", "can_mod_post": false, "send_replies": true, "parent_id": "t3_dquxt5", "score": 1, "author_fullname": "t2_9v6a6", "report_reasons": null, "approved_by": null, "all_awardings": [], "subreddit_id": "t5_2ssp3", "body": "/u/drdickles answered [\"How Corrupt was the KMT during 1920-1949?\"](https://www.reddit.com/r/AskHistorians/comments/dg2e7p/how_corrupt_was_the_kmt_during_19201949/f38x6x8/)", "edited": false, "author_flair_css_class": "moderator", "is_submitter": true, "downs": 0, "author_flair_richtext": [{"e": "text", "t": "Moderator | Post-Napoleonic Warfare &amp; Small Arms | Dueling"}], "author_patreon_flair": false, "body_html": "&lt;div class=\"md\"&gt;&lt;p&gt;&lt;a href=\"/u/drdickles\"&gt;/u/drdickles&lt;/a&gt; answered &lt;a href=\"https://www.reddit.com/r/AskHistorians/comments/dg2e7p/how_corrupt_was_the_kmt_during_19201949/f38x6x8/\"&gt;&amp;quot;How Corrupt was the KMT during 1920-1949?&amp;quot;&lt;/a&gt;&lt;/p&gt;\n&lt;/div&gt;", "gildings": {}, "collapsed_reason": null, "associated_award": null, "stickied": false, "author_premium": true, "subreddit_type": "public", "can_gild": true, "subreddit": "AskHistorians", "author_flair_text_color": "light", "score_hidden": true, "permalink": "/r/AskHistorians/comments/dquxt5/best_of_october_voting_thread/f6a0icw/", "num_reports": null, "locked": false, "name": "t1_f6a0icw", "created": 1572779133.0, "author_flair_text": "Moderator | Post-Napoleonic Warfare &amp; Small Arms | Dueling", "collapsed": false, "created_utc": 1572750333.0, "subreddit_name_prefixed": "r/AskHistorians", "controversiality": 0, "depth": 0, "author_flair_background_color": "#8b008b", "collapsed_because_crowd_control": null, "mod_reports": [], "mod_note": null, "distinguished": null}}, {"kind": "t1", "data": {"total_awards_received": 0, "approved_at_utc": null, "ups": 1, "awarders": [], "mod_reason_by": null, "banned_by": null, "author_flair_type": "richtext", "removal_reason": null, "link_id": "t3_dquxt5", "author_flair_template_id": "9e641f94-c626-11e2-8e2c-12313b0b21ae", "likes": null, "replies": "", "user_reports": [], "saved": false, "id": "f6a0ksr", "banned_at_utc": null, "mod_reason_title": null, "gilded": 0, "archived": false, "no_follow": false, "author": "Georgy_K_Zhukov", "can_mod_post": false, "send_replies": true, "parent_id": "t3_dquxt5", "score": 1, "author_fullname": "t2_9v6a6", "report_reasons": null, "approved_by": null, "all_awardings": [], "subreddit_id": "t5_2ssp3", "body": "/u/fikstor answered [\"\"In those days, \"surgeons operated in blood-stiffened frock coats \u2013 the stiffer the coat, the prouder the busy surgeon\", \"pus was as inseparable from surgery as blood\", and \"Cleanliness was next to prudishness\"\" How would this make sense in the light of the miasma theory? Wouldnt everything reek?\"](https://www.reddit.com/r/AskHistorians/comments/de3k04/in_those_days_surgeons_operated_in_bloodstiffened/f2sgpsr/)", "edited": false, "author_flair_css_class": "moderator", "is_submitter": true, "downs": 0, "author_flair_richtext": [{"e": "text", "t": "Moderator | Post-Napoleonic Warfare &amp; Small Arms | Dueling"}], "author_patreon_flair": false, "body_html": "&lt;div class=\"md\"&gt;&lt;p&gt;&lt;a href=\"/u/fikstor\"&gt;/u/fikstor&lt;/a&gt; answered &lt;a href=\"https://www.reddit.com/r/AskHistorians/comments/de3k04/in_those_days_surgeons_operated_in_bloodstiffened/f2sgpsr/\"&gt;&amp;quot;&amp;quot;In those days, &amp;quot;surgeons operated in blood-stiffened frock coats \u2013 the stiffer the coat, the prouder the busy surgeon&amp;quot;, &amp;quot;pus was as inseparable from surgery as blood&amp;quot;, and &amp;quot;Cleanliness was next to prudishness&amp;quot;&amp;quot; How would this make sense in the light of the miasma theory? Wouldnt everything reek?&amp;quot;&lt;/a&gt;&lt;/p&gt;\n&lt;/div&gt;", "gildings": {}, "collapsed_reason": null, "associated_award": null, "stickied": false, "author_premium": true, "subreddit_type": "public", "can_gild": true, "subreddit": "AskHistorians", "author_flair_text_color": "light", "score_hidden": true, "permalink": "/r/AskHistorians/comments/dquxt5/best_of_october_voting_thread/f6a0ksr/", "num_reports": null, "locked": false, "name": "t1_f6a0ksr", "created": 1572779160.0, "author_flair_text": "Moderator | Post-Napoleonic Warfare &amp; Small Arms | Dueling", "collapsed": false, "created_utc": 1572750360.0, "subreddit_name_prefixed": "r/AskHistorians", "controversiality": 0, "depth": 0, "author_flair_background_color": "#8b008b", "collapsed_because_crowd_control": null, "mod_reports": [], "mod_note": null, "distinguished": null}}, {"kind": "t1", "data": {"total_awards_received": 0, "approved_at_utc": null, "ups": 1, "awarders": [], "mod_reason_by": null, "banned_by": null, "author_flair_type": "richtext", "removal_reason": null, "link_id": "t3_dquxt5", "author_flair_template_id": "9e641f94-c626-11e2-8e2c-12313b0b21ae", "likes": null, "replies": "", "user_reports": [], "saved": false, "id": "f6a0mrb", "banned_at_utc": null, "mod_reason_title": null, "gilded": 0, "archived": false, "no_follow": false, "author": "Georgy_K_Zhukov", "can_mod_post": false, "send_replies": true, "parent_id": "t3_dquxt5", "score": 1, "author_fullname": "t2_9v6a6", "report_reasons": null, "approved_by": null, "all_awardings": [], "subreddit_id": "t5_2ssp3", "body": "/u/pytheasthemassaliot answered [\"Is it true that the Carthaginians maintained a long-standing blockade of the Strait of Gibraltar? If so, what was the nature of it? What were the reasons for it?\"](https://www.reddit.com/r/AskHistorians/comments/dccuwh/is_it_true_that_the_carthaginians_maintained_a/f27urt1/)", "edited": false, "author_flair_css_class": "moderator", "is_submitter": true, "downs": 0, "author_flair_richtext": [{"e": "text", "t": "Moderator | Post-Napoleonic Warfare &amp; Small Arms | Dueling"}], "author_patreon_flair": false, "body_html": "&lt;div class=\"md\"&gt;&lt;p&gt;&lt;a href=\"/u/pytheasthemassaliot\"&gt;/u/pytheasthemassaliot&lt;/a&gt; answered &lt;a href=\"https://www.reddit.com/r/AskHistorians/comments/dccuwh/is_it_true_that_the_carthaginians_maintained_a/f27urt1/\"&gt;&amp;quot;Is it true that the Carthaginians maintained a long-standing blockade of the Strait of Gibraltar? If so, what was the nature of it? What were the reasons for it?&amp;quot;&lt;/a&gt;&lt;/p&gt;\n&lt;/div&gt;", "gildings": {}, "collapsed_reason": null, "associated_award": null, "stickied": false, "author_premium": true, "subreddit_type": "public", "can_gild": true, "subreddit": "AskHistorians", "author_flair_text_color": "light", "score_hidden": true, "permalink": "/r/AskHistorians/comments/dquxt5/best_of_october_voting_thread/f6a0mrb/", "num_reports": null, "locked": false, "name": "t1_f6a0mrb", "created": 1572779177.0, "author_flair_text": "Moderator | Post-Napoleonic Warfare &amp; Small Arms | Dueling", "collapsed": false, "created_utc": 1572750377.0, "subreddit_name_prefixed": "r/AskHistorians", "controversiality": 0, "depth": 0, "author_flair_background_color": "#8b008b", "collapsed_because_crowd_control": null, "mod_reports": [], "mod_note": null, "distinguished": null}}, {"kind": "t1", "data": {"total_awards_received": 0, "approved_at_utc": null, "ups": 1, "awarders": [], "mod_reason_by": null, "banned_by": null, "author_flair_type": "richtext", "removal_reason": null, "link_id": "t3_dquxt5", "author_flair_template_id": "9e641f94-c626-11e2-8e2c-12313b0b21ae", "likes": null, "replies": "", "user_reports": [], "saved": false, "id": "f6a0fxq", "banned_at_utc": null, "mod_reason_title": null, "gilded": 0, "archived": false, "no_follow": false, "author": "Georgy_K_Zhukov", "can_mod_post": false, "send_replies": true, "parent_id": "t3_dquxt5", "score": 1, "author_fullname": "t2_9v6a6", "report_reasons": null, "approved_by": null, "all_awardings": [], "subreddit_id": "t5_2ssp3", "body": "/u/JimeDorje answered [\"In Disney's Mulan, how would Mulan have brought dishonor to the remains of her fellow soldiers by being revealed as a woman? And what would it have meant?\"](https://www.reddit.com/r/AskHistorians/comments/doylzp/in_disneys_mulan_how_would_mulan_have_brought/f5uwp8k/)", "edited": false, "author_flair_css_class": "moderator", "is_submitter": true, "downs": 0, "author_flair_richtext": [{"e": "text", "t": "Moderator | Post-Napoleonic Warfare &amp; Small Arms | Dueling"}], "author_patreon_flair": false, "body_html": "&lt;div class=\"md\"&gt;&lt;p&gt;&lt;a href=\"/u/JimeDorje\"&gt;/u/JimeDorje&lt;/a&gt; answered &lt;a href=\"https://www.reddit.com/r/AskHistorians/comments/doylzp/in_disneys_mulan_how_would_mulan_have_brought/f5uwp8k/\"&gt;&amp;quot;In Disney&amp;#39;s Mulan, how would Mulan have brought dishonor to the remains of her fellow soldiers by being revealed as a woman? And what would it have meant?&amp;quot;&lt;/a&gt;&lt;/p&gt;\n&lt;/div&gt;", "gildings": {}, "collapsed_reason": null, "associated_award": null, "stickied": false, "author_premium": true, "subreddit_type": "public", "can_gild": true, "subreddit": "AskHistorians", "author_flair_text_color": "light", "score_hidden": true, "permalink": "/r/AskHistorians/comments/dquxt5/best_of_october_voting_thread/f6a0fxq/", "num_reports": null, "locked": false, "name": "t1_f6a0fxq", "created": 1572779109.0, "author_flair_text": "Moderator | Post-Napoleonic Warfare &amp; Small Arms | Dueling", "collapsed": false, "created_utc": 1572750309.0, "subreddit_name_prefixed": "r/AskHistorians", "controversiality": 0, "depth": 0, "author_flair_background_color": "#8b008b", "collapsed_because_crowd_control": null, "mod_reports": [], "mod_note": null, "distinguished": null}}, {"kind": "t1", "data": {"total_awards_received": 0, "approved_at_utc": null, "ups": 1, "awarders": [], "mod_reason_by": null, "banned_by": null, "author_flair_type": "richtext", "removal_reason": null, "link_id": "t3_dquxt5", "author_flair_template_id": "9e641f94-c626-11e2-8e2c-12313b0b21ae", "likes": null, "replies": "", "user_reports": [], "saved": false, "id": "f6a0ixm", "banned_at_utc": null, "mod_reason_title": null, "gilded": 0, "archived": false, "no_follow": false, "author": "Georgy_K_Zhukov", "can_mod_post": false, "send_replies": true, "parent_id": "t3_dquxt5", "score": 1, "author_fullname": "t2_9v6a6", "report_reasons": null, "approved_by": null, "all_awardings": [], "subreddit_id": "t5_2ssp3", "body": "/u/commustar answered [\"How did the great depression affect countries besides North America and Europe?\"](https://www.reddit.com/r/AskHistorians/comments/df18x3/how_did_the_great_depression_affect_countries/f34hb8q/)", "edited": false, "author_flair_css_class": "moderator", "is_submitter": true, "downs": 0, "author_flair_richtext": [{"e": "text", "t": "Moderator | Post-Napoleonic Warfare &amp; Small Arms | Dueling"}], "author_patreon_flair": false, "body_html": "&lt;div class=\"md\"&gt;&lt;p&gt;&lt;a href=\"/u/commustar\"&gt;/u/commustar&lt;/a&gt; answered &lt;a href=\"https://www.reddit.com/r/AskHistorians/comments/df18x3/how_did_the_great_depression_affect_countries/f34hb8q/\"&gt;&amp;quot;How did the great depression affect countries besides North America and Europe?&amp;quot;&lt;/a&gt;&lt;/p&gt;\n&lt;/div&gt;", "gildings": {}, "collapsed_reason": null, "associated_award": null, "stickied": false, "author_premium": true, "subreddit_type": "public", "can_gild": true, "subreddit": "AskHistorians", "author_flair_text_color": "light", "score_hidden": true, "permalink": "/r/AskHistorians/comments/dquxt5/best_of_october_voting_thread/f6a0ixm/", "num_reports": null, "locked": false, "name": "t1_f6a0ixm", "created": 1572779139.0, "author_flair_text": "Moderator | Post-Napoleonic Warfare &amp; Small Arms | Dueling", "collapsed": false, "created_utc": 1572750339.0, "subreddit_name_prefixed": "r/AskHistorians", "controversiality": 0, "depth": 0, "author_flair_background_color": "#8b008b", "collapsed_because_crowd_control": null, "mod_reports": [], "mod_note": null, "distinguished": null}}, {"kind": "t1", "data": {"total_awards_received": 0, "approved_at_utc": null, "ups": 1, "awarders": [], "mod_reason_by": null, "banned_by": null, "author_flair_type": "richtext", "removal_reason": null, "link_id": "t3_dquxt5", "author_flair_template_id": "9e641f94-c626-11e2-8e2c-12313b0b21ae", "likes": null, "replies": "", "user_reports": [], "saved": false, "id": "f6a0lx5", "banned_at_utc": null, "mod_reason_title": null, "gilded": 0, "archived": false, "no_follow": false, "author": "Georgy_K_Zhukov", "can_mod_post": false, "send_replies": true, "parent_id": "t3_dquxt5", "score": 1, "author_fullname": "t2_9v6a6", "report_reasons": null, "approved_by": null, "all_awardings": [], "subreddit_id": "t5_2ssp3", "body": "/u/ecdc05 answered [\"On \"The Last Podcast on the Left\", the boys claim that early Mormons were actually abolitionists but because of the climate of the time, and because Mormonism was still in its infancy, the Church decided to adopted pro-slavery and segregationist views. How true is this?\"](https://www.reddit.com/r/AskHistorians/comments/danm8x/on_the_last_podcast_on_the_left_the_boys_claim/f2sv2s7/)", "edited": false, "author_flair_css_class": "moderator", "is_submitter": true, "downs": 0, "author_flair_richtext": [{"e": "text", "t": "Moderator | Post-Napoleonic Warfare &amp; Small Arms | Dueling"}], "author_patreon_flair": false, "body_html": "&lt;div class=\"md\"&gt;&lt;p&gt;&lt;a href=\"/u/ecdc05\"&gt;/u/ecdc05&lt;/a&gt; answered &lt;a href=\"https://www.reddit.com/r/AskHistorians/comments/danm8x/on_the_last_podcast_on_the_left_the_boys_claim/f2sv2s7/\"&gt;&amp;quot;On &amp;quot;The Last Podcast on the Left&amp;quot;, the boys claim that early Mormons were actually abolitionists but because of the climate of the time, and because Mormonism was still in its infancy, the Church decided to adopted pro-slavery and segregationist views. How true is this?&amp;quot;&lt;/a&gt;&lt;/p&gt;\n&lt;/div&gt;", "gildings": {}, "collapsed_reason": null, "associated_award": null, "stickied": false, "author_premium": true, "subreddit_type": "public", "can_gild": true, "subreddit": "AskHistorians", "author_flair_text_color": "light", "score_hidden": true, "permalink": "/r/AskHistorians/comments/dquxt5/best_of_october_voting_thread/f6a0lx5/", "num_reports": null, "locked": false, "name": "t1_f6a0lx5", "created": 1572779168.0, "author_flair_text": "Moderator | Post-Napoleonic Warfare &amp; Small Arms | Dueling", "collapsed": false, "created_utc": 1572750368.0, "subreddit_name_prefixed": "r/AskHistorians", "controversiality": 0, "depth": 0, "author_flair_background_color": "#8b008b", "collapsed_because_crowd_control": null, "mod_reports": [], "mod_note": null, "distinguished": null}}, {"kind": "t1", "data": {"total_awards_received": 0, "approved_at_utc": null, "ups": 1, "awarders": [], "mod_reason_by": null, "banned_by": null, "author_flair_type": "richtext", "removal_reason": null, "link_id": "t3_dquxt5", "author_flair_template_id": "9e641f94-c626-11e2-8e2c-12313b0b21ae", "likes": null, "replies": "", "user_reports": [], "saved": false, "id": "f6a0jl6", "banned_at_utc": null, "mod_reason_title": null, "gilded": 0, "archived": false, "no_follow": true, "author": "Georgy_K_Zhukov", "can_mod_post": false, "send_replies": true, "parent_id": "t3_dquxt5", "score": 1, "author_fullname": "t2_9v6a6", "report_reasons": null, "approved_by": null, "all_awardings": [], "subreddit_id": "t5_2ssp3", "body": "/u/illuminatiRex answered [\"What did European Countries involved in WW1 learn from The American Civil War?\"](https://www.reddit.com/r/AskHistorians/comments/dhwofe/what_did_european_countries_involved_in_ww1_learn/f3slzdb/?context=3)", "edited": false, "author_flair_css_class": "moderator", "is_submitter": true, "downs": 0, "author_flair_richtext": [{"e": "text", "t": "Moderator | Post-Napoleonic Warfare &amp; Small Arms | Dueling"}], "author_patreon_flair": false, "body_html": "&lt;div class=\"md\"&gt;&lt;p&gt;&lt;a href=\"/u/illuminatiRex\"&gt;/u/illuminatiRex&lt;/a&gt; answered &lt;a href=\"https://www.reddit.com/r/AskHistorians/comments/dhwofe/what_did_european_countries_involved_in_ww1_learn/f3slzdb/?context=3\"&gt;&amp;quot;What did European Countries involved in WW1 learn from The American Civil War?&amp;quot;&lt;/a&gt;&lt;/p&gt;\n&lt;/div&gt;", "gildings": {}, "collapsed_reason": null, "associated_award": null, "stickied": false, "author_premium": true, "subreddit_type": "public", "can_gild": true, "subreddit": "AskHistorians", "author_flair_text_color": "light", "score_hidden": true, "permalink": "/r/AskHistorians/comments/dquxt5/best_of_october_voting_thread/f6a0jl6/", "num_reports": null, "locked": false, "name": "t1_f6a0jl6", "created": 1572779146.0, "author_flair_text": "Moderator | Post-Napoleonic Warfare &amp; Small Arms | Dueling", "collapsed": false, "created_utc": 1572750346.0, "subreddit_name_prefixed": "r/AskHistorians", "controversiality": 0, "depth": 0, "author_flair_background_color": "#8b008b", "collapsed_because_crowd_control": null, "mod_reports": [], "mod_note": null, "distinguished": null}}], "after": null, "before": null}}]