[{"kind": "Listing", "data": {"modhash": "", "dist": 1, "children": [{"kind": "t3", "data": {"approved_at_utc": null, "subreddit": "AskHistorians", "selftext": "Did the Macedonian king respected the founder of the Persian empire? or did he despised him?", "user_reports": [], "saved": false, "mod_reason_title": null, "gilded": 0, "clicked": false, "title": "Was there any record of Alexander the Great's opinion on Cyrus the Great?", "link_flair_richtext": [], "subreddit_name_prefixed": "r/AskHistorians", "hidden": false, "pwls": 6, "link_flair_css_class": null, "downs": 0, "parent_whitelist_status": "all_ads", "hide_score": false, "name": "t3_dqwbok", "quarantine": false, "link_flair_text_color": "dark", "upvote_ratio": 0.76, "author_flair_background_color": null, "subreddit_type": "public", "ups": 12, "total_awards_received": 0, "media_embed": {}, "author_flair_template_id": null, "is_original_content": false, "author_fullname": "t2_5ggi67", "secure_media": null, "is_reddit_media_domain": false, "is_meta": false, "category": null, "secure_media_embed": {}, "link_flair_text": null, "can_mod_post": false, "num_duplicates": 1, "approved_by": null, "author_premium": false, "thumbnail": "", "edited": false, "author_flair_css_class": null, "author_flair_richtext": [], "gildings": {}, "content_categories": null, "is_self": true, "mod_note": null, "created": 1572787652.0, "link_flair_type": "text", "wls": 6, "removed_by_category": null, "banned_by": null, "author_flair_type": "text", "domain": "self.AskHistorians", "allow_live_comments": false, "selftext_html": "&lt;!-- SC_OFF --&gt;&lt;div class=\"md\"&gt;&lt;p&gt;Did the Macedonian king respected the founder of the Persian empire? or did he despised him?&lt;/p&gt;\n&lt;/div&gt;&lt;!-- SC_ON --&gt;", "likes": null, "suggested_sort": null, "banned_at_utc": null, "view_count": null, "archived": false, "score": 12, "no_follow": false, "is_crosspostable": false, "pinned": false, "over_18": false, "all_awardings": [], "awarders": [], "media_only": false, "can_gild": false, "spoiler": false, "locked": false, "author_flair_text": null, "visited": false, "removed_by": null, "num_reports": null, "distinguished": null, "subreddit_id": "t5_2ssp3", "mod_reason_by": null, "removal_reason": null, "link_flair_background_color": "", "id": "dqwbok", "is_robot_indexable": true, "report_reasons": null, "author": "Herdoc", "discussion_type": null, "num_comments": 5, "send_replies": true, "media": null, "contest_mode": false, "author_patreon_flair": false, "author_flair_text_color": null, "permalink": "/r/AskHistorians/comments/dqwbok/was_there_any_record_of_alexander_the_greats/", "whitelist_status": "all_ads", "stickied": false, "url": "https://www.reddit.com/r/AskHistorians/comments/dqwbok/was_there_any_record_of_alexander_the_greats/", "subreddit_subscribers": 1079970, "created_utc": 1572758852.0, "num_crossposts": 0, "mod_reports": [], "is_video": false}}], "after": null, "before": null}}, {"kind": "Listing", "data": {"modhash": "", "dist": null, "children": [{"kind": "t1", "data": {"total_awards_received": 0, "approved_at_utc": null, "ups": 1, "awarders": [], "mod_reason_by": null, "banned_by": null, "author_flair_type": "richtext", "removal_reason": null, "link_id": "t3_dqwbok", "author_flair_template_id": "9e641f94-c626-11e2-8e2c-12313b0b21ae", "likes": null, "replies": "", "user_reports": [], "saved": false, "id": "f6alzp9", "banned_at_utc": null, "mod_reason_title": null, "gilded": 0, "archived": false, "no_follow": true, "author": "AutoModerator", "can_mod_post": false, "send_replies": false, "parent_id": "t3_dqwbok", "score": 1, "author_fullname": "t2_6l4z3", "report_reasons": null, "approved_by": null, "all_awardings": [], "subreddit_id": "t5_2ssp3", "body": "Welcome to /r/AskHistorians. **Please [Read Our Rules](https://www.reddit.com/r/AskHistorians/wiki/rules) before you comment in this community**. Understand that rule breaking comments get removed.\n\nWe thank you for your interest in this *question*, and your patience in waiting for an in-depth and comprehensive answer to be written, which takes time. Please consider **[Clicking Here for RemindMeBot](https://www.reddit.com/message/compose/?to=RemindMeBot&amp;subject=Reminder&amp;message=%5Bhttps://www.reddit.com/r/AskHistorians/comments/dqwbok/was_there_any_record_of_alexander_the_greats/%5D%0A%0ARemindMe!%202%20days)**, [using our Browser Extension](https://www.reddit.com/r/AskHistorians/comments/d6dzi7/tired_of_clicking_to_find_only_removed_comments/), or getting the [Weekly Roundup](https://www.reddit.com/message/compose?to=subredditsummarybot&amp;subject=askhistorians+weekly&amp;message=x). In the meantime our [Twitter](https://twitter.com/askhistorians), [Facebook](https://www.facebook.com/askhistorians/), and [Sunday Digest](https://www.reddit.com/r/AskHistorians/search?q=title%3A%22Sunday+Digest%22&amp;restrict_sr=on&amp;sort=new&amp;t=all) feature excellent content that has already been written!\n\n\n*I am a bot, and this action was performed automatically. Please [contact the moderators of this subreddit](/message/compose/?to=/r/AskHistorians) if you have any questions or concerns.*", "edited": false, "author_flair_css_class": "moderator", "is_submitter": false, "downs": 0, "author_flair_richtext": [{"e": "text", "t": "History of Robotics"}], "author_patreon_flair": false, "body_html": "&lt;div class=\"md\"&gt;&lt;p&gt;Welcome to &lt;a href=\"/r/AskHistorians\"&gt;/r/AskHistorians&lt;/a&gt;. &lt;strong&gt;Please &lt;a href=\"https://www.reddit.com/r/AskHistorians/wiki/rules\"&gt;Read Our Rules&lt;/a&gt; before you comment in this community&lt;/strong&gt;. Understand that rule breaking comments get removed.&lt;/p&gt;\n\n&lt;p&gt;We thank you for your interest in this &lt;em&gt;question&lt;/em&gt;, and your patience in waiting for an in-depth and comprehensive answer to be written, which takes time. Please consider &lt;strong&gt;&lt;a href=\"https://www.reddit.com/message/compose/?to=RemindMeBot&amp;amp;subject=Reminder&amp;amp;message=%5Bhttps://www.reddit.com/r/AskHistorians/comments/dqwbok/was_there_any_record_of_alexander_the_greats/%5D%0A%0ARemindMe!%202%20days\"&gt;Clicking Here for RemindMeBot&lt;/a&gt;&lt;/strong&gt;, &lt;a href=\"https://www.reddit.com/r/AskHistorians/comments/d6dzi7/tired_of_clicking_to_find_only_removed_comments/\"&gt;using our Browser Extension&lt;/a&gt;, or getting the &lt;a href=\"https://www.reddit.com/message/compose?to=subredditsummarybot&amp;amp;subject=askhistorians+weekly&amp;amp;message=x\"&gt;Weekly Roundup&lt;/a&gt;. In the meantime our &lt;a href=\"https://twitter.com/askhistorians\"&gt;Twitter&lt;/a&gt;, &lt;a href=\"https://www.facebook.com/askhistorians/\"&gt;Facebook&lt;/a&gt;, and &lt;a href=\"https://www.reddit.com/r/AskHistorians/search?q=title%3A%22Sunday+Digest%22&amp;amp;restrict_sr=on&amp;amp;sort=new&amp;amp;t=all\"&gt;Sunday Digest&lt;/a&gt; feature excellent content that has already been written!&lt;/p&gt;\n\n&lt;p&gt;&lt;em&gt;I am a bot, and this action was performed automatically. Please &lt;a href=\"/message/compose/?to=/r/AskHistorians\"&gt;contact the moderators of this subreddit&lt;/a&gt; if you have any questions or concerns.&lt;/em&gt;&lt;/p&gt;\n&lt;/div&gt;", "gildings": {}, "collapsed_reason": null, "associated_award": null, "stickied": true, "author_premium": true, "subreddit_type": "public", "can_gild": true, "subreddit": "AskHistorians", "author_flair_text_color": "light", "score_hidden": true, "permalink": "/r/AskHistorians/comments/dqwbok/was_there_any_record_of_alexander_the_greats/f6alzp9/", "num_reports": null, "locked": true, "name": "t1_f6alzp9", "created": 1572787653.0, "author_flair_text": "History of Robotics", "collapsed": false, "created_utc": 1572758853.0, "subreddit_name_prefixed": "r/AskHistorians", "controversiality": 0, "depth": 0, "author_flair_background_color": "#8b008b", "collapsed_because_crowd_control": null, "mod_reports": [], "mod_note": null, "distinguished": "moderator"}}, {"kind": "t1", "data": {"total_awards_received": 0, "approved_at_utc": null, "ups": 13, "awarders": [], "mod_reason_by": null, "banned_by": null, "author_flair_type": "richtext", "removal_reason": null, "link_id": "t3_dqwbok", "author_flair_template_id": "841028fe-c626-11e2-a7cc-12313b0b21ae", "likes": null, "replies": {"kind": "Listing", "data": {"modhash": "", "dist": null, "children": [{"kind": "t1", "data": {"total_awards_received": 0, "approved_at_utc": null, "ups": 2, "awarders": [], "mod_reason_by": null, "banned_by": null, "author_flair_type": "text", "removal_reason": null, "link_id": "t3_dqwbok", "author_flair_template_id": null, "likes": null, "replies": "", "user_reports": [], "saved": false, "id": "f7e1k66", "banned_at_utc": null, "mod_reason_title": null, "gilded": 0, "archived": false, "no_follow": true, "author": "imaginethatthat", "can_mod_post": false, "send_replies": true, "parent_id": "t1_f6ba507", "score": 2, "author_fullname": "t2_rw1ad", "report_reasons": null, "approved_by": null, "all_awardings": [], "subreddit_id": "t5_2ssp3", "body": "Great answer, and thorough as every other answer of yours I have seen. Thank you for the time and insight", "edited": false, "author_flair_css_class": null, "is_submitter": false, "downs": 0, "author_flair_richtext": [], "author_patreon_flair": false, "body_html": "&lt;div class=\"md\"&gt;&lt;p&gt;Great answer, and thorough as every other answer of yours I have seen. Thank you for the time and insight&lt;/p&gt;\n&lt;/div&gt;", "gildings": {}, "collapsed_reason": null, "associated_award": null, "stickied": false, "author_premium": false, "subreddit_type": "public", "can_gild": true, "subreddit": "AskHistorians", "author_flair_text_color": null, "score_hidden": false, "permalink": "/r/AskHistorians/comments/dqwbok/was_there_any_record_of_alexander_the_greats/f7e1k66/", "num_reports": null, "locked": false, "name": "t1_f7e1k66", "created": 1573670634.0, "author_flair_text": null, "collapsed": false, "created_utc": 1573641834.0, "subreddit_name_prefixed": "r/AskHistorians", "controversiality": 0, "depth": 1, "author_flair_background_color": null, "collapsed_because_crowd_control": null, "mod_reports": [], "mod_note": null, "distinguished": null}}], "after": null, "before": null}}, "user_reports": [], "saved": false, "id": "f6ba507", "banned_at_utc": null, "mod_reason_title": null, "gilded": 0, "archived": false, "no_follow": false, "author": "lcnielsen", "can_mod_post": false, "send_replies": true, "parent_id": "t3_dqwbok", "score": 13, "author_fullname": "t2_16k5wc", "report_reasons": null, "approved_by": null, "all_awardings": [], "subreddit_id": "t5_2ssp3", "body": "The most likely (written) source from which Alexander would have known of Cyrus would have been from the _\u039a\u03cd\u03c1\u03bf\u03c5\u03c0\u03b1\u03b9\u03b4\u03b5\u03af\u03b1_ (Cyropaedia, or \"Education of Cyrus\") of Xenophon, which presents an ahistorical/semi-mythical version of Cyrus as an idealized ruler. Xenophon had fought as a mercenary, part of the Ten Thousand, for the pretender Cyrus the Younger who modelled himself on his namesake and unsuccessfully tried to oust his brother, Artaxerxes II. Notably the accounts of Ctesias, who claims to have been Artaxerxes II's physician, are less positive toward Cyrus (the elder). \n\nIn any case, read almost any modern biography of Alexander, and it will proclaim in bold letters, \"Alexander read and studied Xenophon extensively and admired Cyrus, having read the Cyropaedia\". The truth of the fact is that _most_ of the impression of Alexander having read Xenophon _at all_ derives from the fact that Arrian, our best source on Alexander, has Alexander making numerous allusions to Xenophon and the Ten Thousand. The problem is that Arrian's biography of Alexander, the _\u0391\u03bb\u03b5\u03be\u03ac\u03bd\u03b4\u03c1\u03bf\u03c5 \u0391\u03bd\u03ac\u03b2\u03b1\u03c3\u03b9\u03c2_, is modelled on one of Xenophon's works, the _\u0391\u03bd\u03ac\u03b2\u03b1\u03c3\u03b9\u03c2_ (roughly \"The march up-country\"), and so we can't really treat the occasional allusions to Xenophon's _\u0391\u03bd\u03ac\u03b2\u03b1\u03c3\u03b9\u03c2_ in it as all that valuable.\n\nA big problem with much of the scholarship of Alexander is that it takes his unparallelled mastery of tactics and strategy as a given, and then works backwards from there*. Here Xenophon becomes a convenient device for explaining Alexander's mastery of strategy and tactics - not only had Xenophon written on this, he had himself fought for the Persians and thus had first-hand knowledge of their tactics. On the other hand, Xenophon's experiences were seventy years out of date by Alexander's day, and it seems rather ludicrous to suggest that Alexander would not have had access to more relevant and up-to-date intelligence on Persian tactics and strategy than the _\u0391\u03bd\u03ac\u03b2\u03b1\u03c3\u03b9\u03c2_, especially given the Great King's weakening hold on West Asia in Alexander's day.\n\n*instead of putting more focus on factors like luck, e.g. the possibility of his successes being due to rather miraculously surviving repeated reckless charges at Dareios and his guard as his troops were being pushed back, despite the fact that he was nearly killed already at Granicus using this tactic; cf Cyrus the Younger, who scored a tactical victory in the decisive battle leading a charge at his brother after his Greek flank-commander refused his order to do so, but died in the process thus ending his bid for the throne). \n\nKieran McGroarty makes arguments along the same lines as my reasoning above in a (somewhat contrarian) article [available at JSTOR](https://www.jstor.org/stable/23041624), noting that the parallels between Xenophon's _\u0391\u03bd\u03ac\u03b2\u03b1\u03c3\u03b9\u03c2_ and Alexander's life are greatly overblown. One of the few direct assertions that can be taken to mean Alexander had read Xenophon comes from the 4th-century AD writer Eunapius of Sardis, who wrote that \"Alexander would not have been great if not for Xenophon.\" - but it doesn't even actually outright state he had studied Xenophon! McGroarty makes the interesting comment that the assumption of Alexander having read Xenophon results in part from the portrayal of Alexander as the essential _Greek_, even _Athenian_, as opposed to Macedonian, hero. The assumption of his erudition stems from a later tradition where the relationship between him and his tutor Aristotle, the essential Greek writer, is exaggerated and idealized. (Except, of course, that Aristotle was _also Macedonian_.) Was Xenophon necessarily part of whatever literary canon Alexander may or may not have been exposed to? He was certainly part of the canons _later writers_ who _wrote about_ Alexander drew on, but that doesn't tell us very much about Alexander himself. In fact McGroarty's analysis suggests that if Alexaner read the _\u0391\u03bd\u03ac\u03b2\u03b1\u03c3\u03b9\u03c2_, he didn't take his cues from it.\n\nProbably the most interesting part of McGroarty's article, if less germane to this question, is where he argues that if there's one work of Xenophon's that circumstantial evidence indicates Alexander had read, it would be the relatively obscure text _\u0391\u03b3\u03b5\u03c3\u03af\u03bb\u03b1\u03bf\u03c2_, a hagiography of a Spartian king who invaded West Asia, and who Xenophon fought under. There are some parallels between Alexander's actions and Agesila\u03bfs' dealing with locals in Xenophon's telling. If Alexander read one of Xenophon's hagiographies, well, maybe he read the other, too (viz, the _\u039a\u03cd\u03c1\u03bf\u03c5\u03c0\u03b1\u03b9\u03b4\u03b5\u03af\u03b1_).\n\nProbably the best (by which I mean, the only good) indication of Alexander having read the _\u039a\u03cd\u03c1\u03bf\u03c0\u03b1\u03b9\u03b4\u03b5\u03af\u03b1_ is that he supposedly adopted Persian dress and customs not only himself, but also forced his associates to do so. This is alleged in all sources, and as such it is at minimum an early tradition about Alexander. In the _\u039a\u03cd\u03c1\u03bf\u03c5\u03c0\u03b1\u03b9\u03b4\u03b5\u03af\u03b1_, Cyrus forces his associates to adopt _Median_ dress and customs. If we take for granted that Alexander did this, then that is perhaps a pretty good indicator that he had at least heard stories about Cyrus' doing so. Then again, it could also be the case that he was so awed by the wealth and power of the Persian empire, the ultimate monarchy, that adoption of its customs seemed the only logical step after making himself its king.\n\nStill, Cyrus was not a particularly obscure figure in Classical writings. Ctesias, Herodotos and Xenophon all discuss him at various length. It seems unlikely that Alexander, whether he did read Xenophon or not, would have been completely unaware of Cyrus. On the other hand, the idea that he admired and consciously modelled himself on Cyrus is probably taking it too far (at least in terms of what is actually supportable by the evidence), and as McGroarty notes, this is a flaw most of the modern monographs on the Macedonian warlord have in common.\n\nEDIT: Another comment mentions something I can't believe I forgot about: the anecdote that Alexander was furious to find Cyrus' tomb destroyed and paid to have it restored, particularly in Arrian. According to Arrian this anecdote comes from Aristobulos, who claims that Alexander personally commisioned him to restore the tomb. Aristobulos, when quoted by surviving sources, is often noted as presenting an Alexander with great _pathos_, and is generally more hagiographical than other sources (e.g. he justifies Alexander's notorious drinking habit and says that his killing of Cleitos was Cleitos' own fault). Supposedly, according to Arrian's retelling,\n\n&gt;[6.29.9] Alexander had always intended, after his conquest of Persia, to visit the tomb of Cyrus; and now, when he did so, he found that all it contained except the divan and the coffin had been removed. \n\nThis is one of those anecdotes which presents an Alexander with a marvellous prescience, who always _expected to conquer the entire Achaemenid Empire_ rather than e.g. Asia Minor. Along with the prominent role played by Aristobulos in the story:\n\n&gt;[6.29.10] Aristobulus tells us that he himself received orders from Alexander to put the monument into a state of thorough repair: he was to restore to tie coffin what was still preserved of the body and replace the lid; to put right all damage to the coffin itself, fit the divan with new strapping, and to replace with exact replicas of the originals every single object with which it had previously been adorned; and, finally, to do away with the door into the chamber by building it in with stone, covered by a coat of plaster, on which was to be set the royal seal.\n\none has to take this with a pinch of salt. Indeed, Aristobulos presumably did not make the anecdote up out of whole cloth (Strabo quotes other sources on it which apparently contradict Aristobulos slightly on the exact nature and layout of the tomb), but the idea of Alexander's amazing prescience and Aristobulos' hagiographic tendencies casts the stated purpose of the visit into doubts. If I were to make an informed guess, I would say Alexander's intent may have been to _plunder_ the \"tomb of Cyrus\", rather than \"pay his respects\", and was furious to see that someone had beaten him to it.\n\nStrabo's version also drawing on Aristoboulos has him first visit the tomb intact, ordering Aristoboulos to decorate it, and then return later to find it looted. After that, Strabo notes that Alexander had the entire region of Persis looted and moved its riches to Susa, which again suggests that this may be the reason he was so furious to find the tomb plundered.\n\nFinally, Quintus claims that Alexander had at first not intended to conquer the city of \"\u039a\u03cd\u03c1\u03bf\u03c5\u03c0\u03cc\u03bb\u03b9\u03c2\" (\"City of Cyrus\", in Central Asia) out of respect for Cyrus, but only did so because of the obstinacy of its inhabitants. Arrian, on the other hand, has Alexander rather unceremoniously capturing it along with two other nearby cities, killing its men, and enslaving its women and children. It seems like once again Aristoboulos uses \"respect for Cyrus\" as a fig leaf here, which means we should probably be really sceptical of reading this as reflecting Alexander's actual views. Obviously, this doesn't mean he wasn't aware of Cyrus, just that he didn't necessarily (in fact, I would say probably didn't) venerate him to the degree Aristoboulos suggests.\n\n[_Did Alexander the Great read Xenophon?_](https://www.jstor.org/stable/23041624?seq=1#metadata_info_tab_contents), Kieran McGroarty (2006) in _Hermathena_", "edited": 1572988502.0, "author_flair_css_class": "religion", "is_submitter": false, "downs": 0, "author_flair_richtext": [{"e": "text", "t": "Zoroastrianism | Pre-Islamic Iran"}], "author_patreon_flair": false, "body_html": "&lt;div class=\"md\"&gt;&lt;p&gt;The most likely (written) source from which Alexander would have known of Cyrus would have been from the &lt;em&gt;\u039a\u03cd\u03c1\u03bf\u03c5\u03c0\u03b1\u03b9\u03b4\u03b5\u03af\u03b1&lt;/em&gt; (Cyropaedia, or &amp;quot;Education of Cyrus&amp;quot;) of Xenophon, which presents an ahistorical/semi-mythical version of Cyrus as an idealized ruler. Xenophon had fought as a mercenary, part of the Ten Thousand, for the pretender Cyrus the Younger who modelled himself on his namesake and unsuccessfully tried to oust his brother, Artaxerxes II. Notably the accounts of Ctesias, who claims to have been Artaxerxes II&amp;#39;s physician, are less positive toward Cyrus (the elder). &lt;/p&gt;\n\n&lt;p&gt;In any case, read almost any modern biography of Alexander, and it will proclaim in bold letters, &amp;quot;Alexander read and studied Xenophon extensively and admired Cyrus, having read the Cyropaedia&amp;quot;. The truth of the fact is that &lt;em&gt;most&lt;/em&gt; of the impression of Alexander having read Xenophon &lt;em&gt;at all&lt;/em&gt; derives from the fact that Arrian, our best source on Alexander, has Alexander making numerous allusions to Xenophon and the Ten Thousand. The problem is that Arrian&amp;#39;s biography of Alexander, the &lt;em&gt;\u0391\u03bb\u03b5\u03be\u03ac\u03bd\u03b4\u03c1\u03bf\u03c5 \u0391\u03bd\u03ac\u03b2\u03b1\u03c3\u03b9\u03c2&lt;/em&gt;, is modelled on one of Xenophon&amp;#39;s works, the &lt;em&gt;\u0391\u03bd\u03ac\u03b2\u03b1\u03c3\u03b9\u03c2&lt;/em&gt; (roughly &amp;quot;The march up-country&amp;quot;), and so we can&amp;#39;t really treat the occasional allusions to Xenophon&amp;#39;s &lt;em&gt;\u0391\u03bd\u03ac\u03b2\u03b1\u03c3\u03b9\u03c2&lt;/em&gt; in it as all that valuable.&lt;/p&gt;\n\n&lt;p&gt;A big problem with much of the scholarship of Alexander is that it takes his unparallelled mastery of tactics and strategy as a given, and then works backwards from there*. Here Xenophon becomes a convenient device for explaining Alexander&amp;#39;s mastery of strategy and tactics - not only had Xenophon written on this, he had himself fought for the Persians and thus had first-hand knowledge of their tactics. On the other hand, Xenophon&amp;#39;s experiences were seventy years out of date by Alexander&amp;#39;s day, and it seems rather ludicrous to suggest that Alexander would not have had access to more relevant and up-to-date intelligence on Persian tactics and strategy than the &lt;em&gt;\u0391\u03bd\u03ac\u03b2\u03b1\u03c3\u03b9\u03c2&lt;/em&gt;, especially given the Great King&amp;#39;s weakening hold on West Asia in Alexander&amp;#39;s day.&lt;/p&gt;\n\n&lt;p&gt;*instead of putting more focus on factors like luck, e.g. the possibility of his successes being due to rather miraculously surviving repeated reckless charges at Dareios and his guard as his troops were being pushed back, despite the fact that he was nearly killed already at Granicus using this tactic; cf Cyrus the Younger, who scored a tactical victory in the decisive battle leading a charge at his brother after his Greek flank-commander refused his order to do so, but died in the process thus ending his bid for the throne). &lt;/p&gt;\n\n&lt;p&gt;Kieran McGroarty makes arguments along the same lines as my reasoning above in a (somewhat contrarian) article &lt;a href=\"https://www.jstor.org/stable/23041624\"&gt;available at JSTOR&lt;/a&gt;, noting that the parallels between Xenophon&amp;#39;s &lt;em&gt;\u0391\u03bd\u03ac\u03b2\u03b1\u03c3\u03b9\u03c2&lt;/em&gt; and Alexander&amp;#39;s life are greatly overblown. One of the few direct assertions that can be taken to mean Alexander had read Xenophon comes from the 4th-century AD writer Eunapius of Sardis, who wrote that &amp;quot;Alexander would not have been great if not for Xenophon.&amp;quot; - but it doesn&amp;#39;t even actually outright state he had studied Xenophon! McGroarty makes the interesting comment that the assumption of Alexander having read Xenophon results in part from the portrayal of Alexander as the essential &lt;em&gt;Greek&lt;/em&gt;, even &lt;em&gt;Athenian&lt;/em&gt;, as opposed to Macedonian, hero. The assumption of his erudition stems from a later tradition where the relationship between him and his tutor Aristotle, the essential Greek writer, is exaggerated and idealized. (Except, of course, that Aristotle was &lt;em&gt;also Macedonian&lt;/em&gt;.) Was Xenophon necessarily part of whatever literary canon Alexander may or may not have been exposed to? He was certainly part of the canons &lt;em&gt;later writers&lt;/em&gt; who &lt;em&gt;wrote about&lt;/em&gt; Alexander drew on, but that doesn&amp;#39;t tell us very much about Alexander himself. In fact McGroarty&amp;#39;s analysis suggests that if Alexaner read the &lt;em&gt;\u0391\u03bd\u03ac\u03b2\u03b1\u03c3\u03b9\u03c2&lt;/em&gt;, he didn&amp;#39;t take his cues from it.&lt;/p&gt;\n\n&lt;p&gt;Probably the most interesting part of McGroarty&amp;#39;s article, if less germane to this question, is where he argues that if there&amp;#39;s one work of Xenophon&amp;#39;s that circumstantial evidence indicates Alexander had read, it would be the relatively obscure text &lt;em&gt;\u0391\u03b3\u03b5\u03c3\u03af\u03bb\u03b1\u03bf\u03c2&lt;/em&gt;, a hagiography of a Spartian king who invaded West Asia, and who Xenophon fought under. There are some parallels between Alexander&amp;#39;s actions and Agesila\u03bfs&amp;#39; dealing with locals in Xenophon&amp;#39;s telling. If Alexander read one of Xenophon&amp;#39;s hagiographies, well, maybe he read the other, too (viz, the &lt;em&gt;\u039a\u03cd\u03c1\u03bf\u03c5\u03c0\u03b1\u03b9\u03b4\u03b5\u03af\u03b1&lt;/em&gt;).&lt;/p&gt;\n\n&lt;p&gt;Probably the best (by which I mean, the only good) indication of Alexander having read the &lt;em&gt;\u039a\u03cd\u03c1\u03bf\u03c0\u03b1\u03b9\u03b4\u03b5\u03af\u03b1&lt;/em&gt; is that he supposedly adopted Persian dress and customs not only himself, but also forced his associates to do so. This is alleged in all sources, and as such it is at minimum an early tradition about Alexander. In the &lt;em&gt;\u039a\u03cd\u03c1\u03bf\u03c5\u03c0\u03b1\u03b9\u03b4\u03b5\u03af\u03b1&lt;/em&gt;, Cyrus forces his associates to adopt &lt;em&gt;Median&lt;/em&gt; dress and customs. If we take for granted that Alexander did this, then that is perhaps a pretty good indicator that he had at least heard stories about Cyrus&amp;#39; doing so. Then again, it could also be the case that he was so awed by the wealth and power of the Persian empire, the ultimate monarchy, that adoption of its customs seemed the only logical step after making himself its king.&lt;/p&gt;\n\n&lt;p&gt;Still, Cyrus was not a particularly obscure figure in Classical writings. Ctesias, Herodotos and Xenophon all discuss him at various length. It seems unlikely that Alexander, whether he did read Xenophon or not, would have been completely unaware of Cyrus. On the other hand, the idea that he admired and consciously modelled himself on Cyrus is probably taking it too far (at least in terms of what is actually supportable by the evidence), and as McGroarty notes, this is a flaw most of the modern monographs on the Macedonian warlord have in common.&lt;/p&gt;\n\n&lt;p&gt;EDIT: Another comment mentions something I can&amp;#39;t believe I forgot about: the anecdote that Alexander was furious to find Cyrus&amp;#39; tomb destroyed and paid to have it restored, particularly in Arrian. According to Arrian this anecdote comes from Aristobulos, who claims that Alexander personally commisioned him to restore the tomb. Aristobulos, when quoted by surviving sources, is often noted as presenting an Alexander with great &lt;em&gt;pathos&lt;/em&gt;, and is generally more hagiographical than other sources (e.g. he justifies Alexander&amp;#39;s notorious drinking habit and says that his killing of Cleitos was Cleitos&amp;#39; own fault). Supposedly, according to Arrian&amp;#39;s retelling,&lt;/p&gt;\n\n&lt;blockquote&gt;\n&lt;p&gt;[6.29.9] Alexander had always intended, after his conquest of Persia, to visit the tomb of Cyrus; and now, when he did so, he found that all it contained except the divan and the coffin had been removed. &lt;/p&gt;\n&lt;/blockquote&gt;\n\n&lt;p&gt;This is one of those anecdotes which presents an Alexander with a marvellous prescience, who always &lt;em&gt;expected to conquer the entire Achaemenid Empire&lt;/em&gt; rather than e.g. Asia Minor. Along with the prominent role played by Aristobulos in the story:&lt;/p&gt;\n\n&lt;blockquote&gt;\n&lt;p&gt;[6.29.10] Aristobulus tells us that he himself received orders from Alexander to put the monument into a state of thorough repair: he was to restore to tie coffin what was still preserved of the body and replace the lid; to put right all damage to the coffin itself, fit the divan with new strapping, and to replace with exact replicas of the originals every single object with which it had previously been adorned; and, finally, to do away with the door into the chamber by building it in with stone, covered by a coat of plaster, on which was to be set the royal seal.&lt;/p&gt;\n&lt;/blockquote&gt;\n\n&lt;p&gt;one has to take this with a pinch of salt. Indeed, Aristobulos presumably did not make the anecdote up out of whole cloth (Strabo quotes other sources on it which apparently contradict Aristobulos slightly on the exact nature and layout of the tomb), but the idea of Alexander&amp;#39;s amazing prescience and Aristobulos&amp;#39; hagiographic tendencies casts the stated purpose of the visit into doubts. If I were to make an informed guess, I would say Alexander&amp;#39;s intent may have been to &lt;em&gt;plunder&lt;/em&gt; the &amp;quot;tomb of Cyrus&amp;quot;, rather than &amp;quot;pay his respects&amp;quot;, and was furious to see that someone had beaten him to it.&lt;/p&gt;\n\n&lt;p&gt;Strabo&amp;#39;s version also drawing on Aristoboulos has him first visit the tomb intact, ordering Aristoboulos to decorate it, and then return later to find it looted. After that, Strabo notes that Alexander had the entire region of Persis looted and moved its riches to Susa, which again suggests that this may be the reason he was so furious to find the tomb plundered.&lt;/p&gt;\n\n&lt;p&gt;Finally, Quintus claims that Alexander had at first not intended to conquer the city of &amp;quot;\u039a\u03cd\u03c1\u03bf\u03c5\u03c0\u03cc\u03bb\u03b9\u03c2&amp;quot; (&amp;quot;City of Cyrus&amp;quot;, in Central Asia) out of respect for Cyrus, but only did so because of the obstinacy of its inhabitants. Arrian, on the other hand, has Alexander rather unceremoniously capturing it along with two other nearby cities, killing its men, and enslaving its women and children. It seems like once again Aristoboulos uses &amp;quot;respect for Cyrus&amp;quot; as a fig leaf here, which means we should probably be really sceptical of reading this as reflecting Alexander&amp;#39;s actual views. Obviously, this doesn&amp;#39;t mean he wasn&amp;#39;t aware of Cyrus, just that he didn&amp;#39;t necessarily (in fact, I would say probably didn&amp;#39;t) venerate him to the degree Aristoboulos suggests.&lt;/p&gt;\n\n&lt;p&gt;&lt;a href=\"https://www.jstor.org/stable/23041624?seq=1#metadata_info_tab_contents\"&gt;&lt;em&gt;Did Alexander the Great read Xenophon?&lt;/em&gt;&lt;/a&gt;, Kieran McGroarty (2006) in &lt;em&gt;Hermathena&lt;/em&gt;&lt;/p&gt;\n&lt;/div&gt;", "gildings": {}, "collapsed_reason": null, "associated_award": null, "stickied": false, "author_premium": false, "subreddit_type": "public", "can_gild": true, "subreddit": "AskHistorians", "author_flair_text_color": "dark", "score_hidden": false, "permalink": "/r/AskHistorians/comments/dqwbok/was_there_any_record_of_alexander_the_greats/f6ba507/", "num_reports": null, "locked": false, "name": "t1_f6ba507", "created": 1572799687.0, "author_flair_text": "Zoroastrianism | Pre-Islamic Iran", "collapsed": false, "created_utc": 1572770887.0, "subreddit_name_prefixed": "r/AskHistorians", "controversiality": 0, "depth": 0, "author_flair_background_color": "#ffffff", "collapsed_because_crowd_control": null, "mod_reports": [], "mod_note": null, "distinguished": null}}, {"kind": "t1", "data": {"total_awards_received": 0, "approved_at_utc": null, "ups": 1, "awarders": [], "mod_reason_by": null, "banned_by": null, "removal_reason": null, "link_id": "t3_dqwbok", "author_flair_template_id": null, "likes": null, "no_follow": true, "replies": {"kind": "Listing", "data": {"modhash": "", "dist": null, "children": [{"kind": "t1", "data": {"total_awards_received": 0, "approved_at_utc": null, "ups": 1, "awarders": [], "mod_reason_by": null, "banned_by": null, "author_flair_type": "richtext", "removal_reason": null, "link_id": "t3_dqwbok", "author_flair_template_id": "841028fe-c626-11e2-a7cc-12313b0b21ae", "likes": null, "replies": "", "user_reports": [], "saved": false, "id": "f6bnyi9", "banned_at_utc": null, "mod_reason_title": null, "gilded": 0, "archived": false, "no_follow": true, "author": "lcnielsen", "can_mod_post": false, "send_replies": true, "parent_id": "t1_f6bg905", "score": 1, "author_fullname": "t2_16k5wc", "report_reasons": null, "approved_by": null, "all_awardings": [], "subreddit_id": "t5_2ssp3", "body": "Can't believe I forgot about this one, and Q.Curtius' comments on Alexander's capture of Cyropolis in Central Asia. See my edit above.", "edited": false, "author_flair_css_class": "religion", "is_submitter": false, "downs": 0, "author_flair_richtext": [{"e": "text", "t": "Zoroastrianism | Pre-Islamic Iran"}], "author_patreon_flair": false, "body_html": "&lt;div class=\"md\"&gt;&lt;p&gt;Can&amp;#39;t believe I forgot about this one, and Q.Curtius&amp;#39; comments on Alexander&amp;#39;s capture of Cyropolis in Central Asia. See my edit above.&lt;/p&gt;\n&lt;/div&gt;", "gildings": {}, "collapsed_reason": null, "associated_award": null, "stickied": false, "author_premium": false, "subreddit_type": "public", "can_gild": true, "subreddit": "AskHistorians", "author_flair_text_color": "dark", "score_hidden": false, "permalink": "/r/AskHistorians/comments/dqwbok/was_there_any_record_of_alexander_the_greats/f6bnyi9/", "num_reports": null, "locked": false, "name": "t1_f6bnyi9", "created": 1572804931.0, "author_flair_text": "Zoroastrianism | Pre-Islamic Iran", "collapsed": false, "created_utc": 1572776131.0, "subreddit_name_prefixed": "r/AskHistorians", "controversiality": 0, "depth": 1, "author_flair_background_color": "#ffffff", "collapsed_because_crowd_control": null, "mod_reports": [], "mod_note": null, "distinguished": null}}], "after": null, "before": null}}, "user_reports": [], "saved": false, "id": "f6bg905", "banned_at_utc": null, "mod_reason_title": null, "gilded": 0, "archived": false, "report_reasons": null, "author": "[deleted]", "can_mod_post": false, "send_replies": true, "parent_id": "t3_dqwbok", "score": 1, "approved_by": null, "all_awardings": [], "subreddit_id": "t5_2ssp3", "body": "[removed]", "edited": false, "author_flair_css_class": null, "downs": 0, "is_submitter": false, "body_html": "&lt;div class=\"md\"&gt;&lt;p&gt;[removed]&lt;/p&gt;\n&lt;/div&gt;", "gildings": {}, "collapsed_reason": null, "associated_award": null, "stickied": false, "subreddit_type": "public", "can_gild": true, "subreddit": "AskHistorians", "author_flair_text_color": "dark", "score_hidden": false, "permalink": "/r/AskHistorians/comments/dqwbok/was_there_any_record_of_alexander_the_greats/f6bg905/", "num_reports": null, "locked": false, "name": "t1_f6bg905", "created": 1572802159.0, "author_flair_text": null, "collapsed": false, "created_utc": 1572773359.0, "subreddit_name_prefixed": "r/AskHistorians", "controversiality": 0, "depth": 0, "author_flair_background_color": "", "collapsed_because_crowd_control": null, "mod_reports": [], "mod_note": null, "distinguished": null}}], "after": null, "before": null}}]