[{"kind": "Listing", "data": {"modhash": "", "dist": 1, "children": [{"kind": "t3", "data": {"subreddit_id": "t5_2ssp3", "approved_at_utc": null, "send_replies": true, "mod_reason_by": null, "banned_by": null, "removal_reason": null, "wls": 6, "subreddit": "AskHistorians", "selftext_html": "&lt;!-- SC_OFF --&gt;&lt;div class=\"md\"&gt;&lt;p&gt;Or vice verse I suppose, was there a Little Rome in Egypt (before conquest) or South India where they traded often?  &lt;/p&gt;\n&lt;/div&gt;&lt;!-- SC_ON --&gt;", "author_flair_template_id": null, "selftext": "Or vice verse I suppose, was there a Little Rome in Egypt (before conquest) or South India where they traded often?  ", "likes": null, "suggested_sort": null, "mod_note": null, "user_reports": [], "secure_media": null, "is_reddit_media_domain": false, "saved": false, "id": "7nc15q", "banned_at_utc": null, "mod_reason_title": null, "view_count": null, "archived": false, "clicked": false, "no_follow": false, "author": "jharkapatel", "num_crossposts": 0, "link_flair_text": null, "can_mod_post": false, "is_crosspostable": false, "pinned": false, "score": 25, "approved_by": null, "over_18": false, "domain": "self.AskHistorians", "hidden": false, "pwls": 6, "thumbnail": "", "hide_score": false, "edited": 1514766374.0, "link_flair_css_class": null, "media_only": false, "author_flair_css_class": null, "contest_mode": false, "gilded": 0, "title": "Did ancient civilizations like Rome or Egypt have immigrant neighborhoods akin to Chinatown or little India?", "downs": 0, "secure_media_embed": {}, "media_embed": {}, "author_flair_text": null, "stickied": false, "can_gild": false, "is_self": true, "parent_whitelist_status": "all_ads", "name": "t3_7nc15q", "spoiler": false, "permalink": "/r/AskHistorians/comments/7nc15q/did_ancient_civilizations_like_rome_or_egypt_have/", "subreddit_type": "public", "locked": false, "report_reasons": null, "created": 1514794615.0, "url": "https://www.reddit.com/r/AskHistorians/comments/7nc15q/did_ancient_civilizations_like_rome_or_egypt_have/", "whitelist_status": "all_ads", "quarantine": false, "subreddit_subscribers": 755163, "created_utc": 1514765815.0, "subreddit_name_prefixed": "r/AskHistorians", "distinguished": null, "media": null, "num_comments": 2, "upvote_ratio": 0.79, "mod_reports": [], "visited": false, "num_reports": null, "is_video": false, "ups": 25, "post_categories": null}}], "after": null, "before": null}}, {"kind": "Listing", "data": {"modhash": "", "dist": null, "children": [{"kind": "t1", "data": {"subreddit_id": "t5_2ssp3", "approved_at_utc": null, "ups": 10, "mod_reason_by": null, "banned_by": null, "removal_reason": null, "link_id": "t3_7nc15q", "author_flair_template_id": null, "likes": null, "no_follow": false, "replies": {"kind": "Listing", "data": {"modhash": "", "dist": null, "children": [{"kind": "t1", "data": {"subreddit_id": "t5_2ssp3", "approved_at_utc": null, "ups": 5, "mod_reason_by": null, "banned_by": null, "removal_reason": null, "link_id": "t3_7nc15q", "author_flair_template_id": null, "likes": null, "no_follow": false, "replies": "", "user_reports": [], "saved": false, "id": "ds0tr6k", "banned_at_utc": null, "mod_reason_title": null, "gilded": 0, "archived": false, "report_reasons": null, "author": "Antique_futurist", "can_mod_post": false, "send_replies": true, "parent_id": "t1_ds0rdqp", "score": 5, "approved_by": null, "downs": 0, "body": "Josephus and Strabo also attest that there was a Jewish quarter in Alexandria. Various authors indicate some degree of political autonomy for the population of this district (see the following for a brief summary: http://www.jewishencyclopedia.com/articles/1171-alexandria-egypt-ancient).\n\nI'd be interested to know more about Roman colonial cities, to see what geographic differentiation we see between Roman settlers and native elites that may or may not have been engaging in 'Romanization'.\n", "edited": false, "author_flair_css_class": null, "collapsed": false, "is_submitter": false, "collapsed_reason": null, "body_html": "&lt;div class=\"md\"&gt;&lt;p&gt;Josephus and Strabo also attest that there was a Jewish quarter in Alexandria. Various authors indicate some degree of political autonomy for the population of this district (see the following for a brief summary: &lt;a href=\"http://www.jewishencyclopedia.com/articles/1171-alexandria-egypt-ancient\"&gt;http://www.jewishencyclopedia.com/articles/1171-alexandria-egypt-ancient&lt;/a&gt;).&lt;/p&gt;\n\n&lt;p&gt;I&amp;#39;d be interested to know more about Roman colonial cities, to see what geographic differentiation we see between Roman settlers and native elites that may or may not have been engaging in &amp;#39;Romanization&amp;#39;.&lt;/p&gt;\n&lt;/div&gt;", "subreddit_type": "public", "can_gild": true, "subreddit": "AskHistorians", "name": "t1_ds0tr6k", "score_hidden": false, "permalink": "/r/AskHistorians/comments/7nc15q/did_ancient_civilizations_like_rome_or_egypt_have/ds0tr6k/", "num_reports": null, "stickied": false, "created": 1514802479.0, "author_flair_text": null, "created_utc": 1514773679.0, "subreddit_name_prefixed": "r/AskHistorians", "controversiality": 0, "depth": 1, "mod_reports": [], "mod_note": null, "distinguished": null}}], "after": null, "before": null}}, "user_reports": [], "saved": false, "id": "ds0rdqp", "banned_at_utc": null, "mod_reason_title": null, "gilded": 0, "archived": false, "report_reasons": null, "author": "EnclavedMicrostate", "can_mod_post": false, "send_replies": true, "parent_id": "t3_7nc15q", "score": 10, "approved_by": null, "downs": 0, "body": "It's probable that there was a Jewish quarter in Rome by the late 1st/early 2nd century CE. From Juvenal's Satire III: *hic, ubi nocturnae Numa constituebat amicae, nunc sacri fontis nemus et delubra locantur Iudaeis,* \u2013 Here, where Numa established his night-time girlfriend, the grove and shrine of the sacred fount are rented out to the Jews. \n\nAthens also had a sizeable population of metics \u2013 foreign-born residents who, although lacking political rights, enjoyed a degree of economic freedom (Jones 1986), except the ownership of land or investment in silver mining. Based on the apparent intermingling of metic and Athenian-born populations by marriage ties, leading to Pericles' citizenship law (Aristotle, *Athenaion Politeia* 26.3) and his own marriage to the foreign-born Aspasia (Plutarch, *Life of Pericles* 37.2), it may well have been that metics were well integrated into the city.", "edited": 1514778604.0, "author_flair_css_class": "asia", "collapsed": false, "is_submitter": false, "collapsed_reason": null, "body_html": "&lt;div class=\"md\"&gt;&lt;p&gt;It&amp;#39;s probable that there was a Jewish quarter in Rome by the late 1st/early 2nd century CE. From Juvenal&amp;#39;s Satire III: &lt;em&gt;hic, ubi nocturnae Numa constituebat amicae, nunc sacri fontis nemus et delubra locantur Iudaeis,&lt;/em&gt; \u2013 Here, where Numa established his night-time girlfriend, the grove and shrine of the sacred fount are rented out to the Jews. &lt;/p&gt;\n\n&lt;p&gt;Athens also had a sizeable population of metics \u2013 foreign-born residents who, although lacking political rights, enjoyed a degree of economic freedom (Jones 1986), except the ownership of land or investment in silver mining. Based on the apparent intermingling of metic and Athenian-born populations by marriage ties, leading to Pericles&amp;#39; citizenship law (Aristotle, &lt;em&gt;Athenaion Politeia&lt;/em&gt; 26.3) and his own marriage to the foreign-born Aspasia (Plutarch, &lt;em&gt;Life of Pericles&lt;/em&gt; 37.2), it may well have been that metics were well integrated into the city.&lt;/p&gt;\n&lt;/div&gt;", "subreddit_type": "public", "can_gild": true, "subreddit": "AskHistorians", "name": "t1_ds0rdqp", "score_hidden": false, "permalink": "/r/AskHistorians/comments/7nc15q/did_ancient_civilizations_like_rome_or_egypt_have/ds0rdqp/", "num_reports": null, "stickied": false, "created": 1514798932.0, "author_flair_text": "Taiping Rebellion", "created_utc": 1514770132.0, "subreddit_name_prefixed": "r/AskHistorians", "controversiality": 0, "depth": 0, "mod_reports": [], "mod_note": null, "distinguished": null}}], "after": null, "before": null}}]