[{"kind": "Listing", "data": {"modhash": "", "dist": 1, "children": [{"kind": "t3", "data": {"subreddit_id": "t5_2ssp3", "approved_at_utc": null, "send_replies": true, "mod_reason_by": null, "banned_by": null, "removal_reason": null, "wls": 6, "subreddit": "AskHistorians", "selftext_html": "&lt;!-- SC_OFF --&gt;&lt;div class=\"md\"&gt;&lt;p&gt;Other whales attacking ship story references also welcome - &lt;/p&gt;\n&lt;/div&gt;&lt;!-- SC_ON --&gt;", "author_flair_template_id": null, "selftext": "Other whales attacking ship story references also welcome - ", "likes": null, "suggested_sort": null, "mod_note": null, "user_reports": [], "secure_media": null, "is_reddit_media_domain": false, "saved": false, "id": "7ngcrp", "banned_at_utc": null, "mod_reason_title": null, "view_count": null, "archived": false, "clicked": false, "no_follow": false, "author": "bookwench", "num_crossposts": 0, "link_flair_text": null, "can_mod_post": false, "is_crosspostable": false, "pinned": false, "score": 2, "approved_by": null, "over_18": false, "domain": "self.AskHistorians", "hidden": false, "pwls": 6, "thumbnail": "", "hide_score": false, "edited": false, "link_flair_css_class": null, "media_only": false, "author_flair_css_class": null, "contest_mode": false, "gilded": 0, "title": "In 20000 leagues under the sea, the narrator describes narwhal horns pulled from the hulls of ships. Google failed me on this one. Is there any record of a narwhal attacking a ship?", "downs": 0, "secure_media_embed": {}, "media_embed": {}, "author_flair_text": null, "stickied": false, "can_gild": false, "is_self": true, "parent_whitelist_status": "all_ads", "name": "t3_7ngcrp", "spoiler": false, "permalink": "/r/AskHistorians/comments/7ngcrp/in_20000_leagues_under_the_sea_the_narrator/", "subreddit_type": "public", "locked": false, "report_reasons": null, "created": 1514857228.0, "url": "https://www.reddit.com/r/AskHistorians/comments/7ngcrp/in_20000_leagues_under_the_sea_the_narrator/", "whitelist_status": "all_ads", "quarantine": false, "subreddit_subscribers": 755165, "created_utc": 1514828428.0, "subreddit_name_prefixed": "r/AskHistorians", "distinguished": null, "media": null, "num_comments": 3, "upvote_ratio": 0.75, "mod_reports": [], "visited": false, "num_reports": null, "is_video": false, "ups": 2, "post_categories": null}}], "after": null, "before": null}}, {"kind": "Listing", "data": {"modhash": "", "dist": null, "children": [{"kind": "t1", "data": {"subreddit_id": "t5_2ssp3", "approved_at_utc": null, "ups": 1, "mod_reason_by": null, "banned_by": null, "removal_reason": null, "link_id": "t3_7ngcrp", "author_flair_template_id": null, "likes": null, "no_follow": true, "replies": {"kind": "Listing", "data": {"modhash": "", "dist": null, "children": [{"kind": "t1", "data": {"subreddit_id": "t5_2ssp3", "approved_at_utc": null, "ups": 2, "mod_reason_by": null, "banned_by": null, "removal_reason": null, "link_id": "t3_7ngcrp", "author_flair_template_id": null, "likes": null, "no_follow": true, "replies": {"kind": "Listing", "data": {"modhash": "", "dist": null, "children": [{"kind": "t1", "data": {"subreddit_id": "t5_2ssp3", "approved_at_utc": null, "ups": 1, "mod_reason_by": null, "banned_by": null, "removal_reason": null, "link_id": "t3_7ngcrp", "author_flair_template_id": null, "likes": null, "no_follow": true, "replies": "", "user_reports": [], "saved": false, "id": "ds26xui", "banned_at_utc": null, "mod_reason_title": null, "gilded": 0, "archived": false, "report_reasons": null, "author": "WittyUserNameHere12", "can_mod_post": false, "send_replies": true, "parent_id": "t1_ds1ugas", "score": 1, "approved_by": null, "downs": 0, "body": "The ship Essex (whaleship) which sailed out of Nantucket is on of the main ones that comes to mind. It\u2019s actually the incident which inspired Moby Dick. \nThe account has two versions, one the ship was damage in a storm and collided with a whale, and the other is the whale purposely rammed the ship. \nThere is quite a bit of material avail for the Essex and it\u2019s story. \n\nhttps://www.canadiangeographic.ca/article/how-often-do-whales-attack-ships \n\nThis is a decent article about the attacks and goes into the actual behavior of the whales. ", "edited": false, "author_flair_css_class": null, "collapsed": false, "is_submitter": false, "collapsed_reason": null, "body_html": "&lt;div class=\"md\"&gt;&lt;p&gt;The ship Essex (whaleship) which sailed out of Nantucket is on of the main ones that comes to mind. It\u2019s actually the incident which inspired Moby Dick. \nThe account has two versions, one the ship was damage in a storm and collided with a whale, and the other is the whale purposely rammed the ship. \nThere is quite a bit of material avail for the Essex and it\u2019s story. &lt;/p&gt;\n\n&lt;p&gt;&lt;a href=\"https://www.canadiangeographic.ca/article/how-often-do-whales-attack-ships\"&gt;https://www.canadiangeographic.ca/article/how-often-do-whales-attack-ships&lt;/a&gt; &lt;/p&gt;\n\n&lt;p&gt;This is a decent article about the attacks and goes into the actual behavior of the whales. &lt;/p&gt;\n&lt;/div&gt;", "subreddit_type": "public", "can_gild": true, "subreddit": "AskHistorians", "name": "t1_ds26xui", "score_hidden": false, "permalink": "/r/AskHistorians/comments/7ngcrp/in_20000_leagues_under_the_sea_the_narrator/ds26xui/", "num_reports": null, "stickied": false, "created": 1514886122.0, "author_flair_text": null, "created_utc": 1514857322.0, "subreddit_name_prefixed": "r/AskHistorians", "controversiality": 0, "depth": 2, "mod_reports": [], "mod_note": null, "distinguished": null}}], "after": null, "before": null}}, "user_reports": [], "saved": false, "id": "ds1ugas", "banned_at_utc": null, "mod_reason_title": null, "gilded": 0, "archived": false, "report_reasons": null, "author": "bookwench", "can_mod_post": false, "send_replies": true, "parent_id": "t1_ds1nkgw", "score": 2, "approved_by": null, "downs": 0, "body": "Do you have any sources where I could check out the whale incidents? ", "edited": false, "author_flair_css_class": null, "collapsed": false, "is_submitter": true, "collapsed_reason": null, "body_html": "&lt;div class=\"md\"&gt;&lt;p&gt;Do you have any sources where I could check out the whale incidents? &lt;/p&gt;\n&lt;/div&gt;", "subreddit_type": "public", "can_gild": true, "subreddit": "AskHistorians", "name": "t1_ds1ugas", "score_hidden": false, "permalink": "/r/AskHistorians/comments/7ngcrp/in_20000_leagues_under_the_sea_the_narrator/ds1ugas/", "num_reports": null, "stickied": false, "created": 1514870482.0, "author_flair_text": null, "created_utc": 1514841682.0, "subreddit_name_prefixed": "r/AskHistorians", "controversiality": 0, "depth": 1, "mod_reports": [], "mod_note": null, "distinguished": null}}], "after": null, "before": null}}, "user_reports": [], "saved": false, "id": "ds1nkgw", "banned_at_utc": null, "mod_reason_title": null, "gilded": 0, "archived": false, "report_reasons": null, "author": "WittyUserNameHere12", "can_mod_post": false, "send_replies": true, "parent_id": "t3_7ngcrp", "score": 1, "approved_by": null, "downs": 0, "body": "I don\u2019t know if any records of Narwals attacking (written at least) and the only two actual whale attacks written (that I know about and had been collaborated) were by sperm whales, and even then they where more of accidental attacks or being caught in the wrong. One was a sperm that had been harpooned and it\u2019s tail caught the ship while it was thrashing around,and the other had something to do with a collision between the ship and a whale. \n\nKeep in mind these where full size vessels. Thousands of little wooden boats (whaleboats, dinghys, skiffs etc) where lost mostly due to their size and extreme proximity to the whale being attacked. \n\nAlso, sailors (esp in the golden age of sail) where a very superstitious bunch and relied on word of mouth stories heavily. Tons of sailors knew about a specific ship that had \u201cbeen destroyed by sea monsters or whales\u201d as told to them by a \u201csurvivor\u201d or other person, so it stands to reason there where attacks, but they where dismissed due to \u201csailors being superstitious and being prone to tall tails\u201d as it would most likely been reported as a \u201cmonster attack\u201d vs a whale attack. ", "edited": 1514834482.0, "author_flair_css_class": null, "collapsed": false, "is_submitter": false, "collapsed_reason": null, "body_html": "&lt;div class=\"md\"&gt;&lt;p&gt;I don\u2019t know if any records of Narwals attacking (written at least) and the only two actual whale attacks written (that I know about and had been collaborated) were by sperm whales, and even then they where more of accidental attacks or being caught in the wrong. One was a sperm that had been harpooned and it\u2019s tail caught the ship while it was thrashing around,and the other had something to do with a collision between the ship and a whale. &lt;/p&gt;\n\n&lt;p&gt;Keep in mind these where full size vessels. Thousands of little wooden boats (whaleboats, dinghys, skiffs etc) where lost mostly due to their size and extreme proximity to the whale being attacked. &lt;/p&gt;\n\n&lt;p&gt;Also, sailors (esp in the golden age of sail) where a very superstitious bunch and relied on word of mouth stories heavily. Tons of sailors knew about a specific ship that had \u201cbeen destroyed by sea monsters or whales\u201d as told to them by a \u201csurvivor\u201d or other person, so it stands to reason there where attacks, but they where dismissed due to \u201csailors being superstitious and being prone to tall tails\u201d as it would most likely been reported as a \u201cmonster attack\u201d vs a whale attack. &lt;/p&gt;\n&lt;/div&gt;", "subreddit_type": "public", "can_gild": true, "subreddit": "AskHistorians", "name": "t1_ds1nkgw", "score_hidden": false, "permalink": "/r/AskHistorians/comments/7ngcrp/in_20000_leagues_under_the_sea_the_narrator/ds1nkgw/", "num_reports": null, "stickied": false, "created": 1514862375.0, "author_flair_text": null, "created_utc": 1514833575.0, "subreddit_name_prefixed": "r/AskHistorians", "controversiality": 0, "depth": 0, "mod_reports": [], "mod_note": null, "distinguished": null}}], "after": null, "before": null}}]