[{"kind": "Listing", "data": {"modhash": "", "dist": 1, "children": [{"kind": "t3", "data": {"approved_at_utc": null, "subreddit": "AskHistorians", "selftext": "I\u2019ve seen/read about land rushes and things like that. I\u2019m curious about how formal or informal claiming land could be, particularly given the differences in how Native Americans and white Americans viewed land claims. \n\nSo: did settlers have to actually have a bill or deed to a specific plot? Could settlers just build on land where they didn\u2019t see signs of ownership? Was something as informal as planting or cultivating crops seen as sufficient evidence of settling a location?", "user_reports": [], "saved": false, "mod_reason_title": null, "gilded": 0, "clicked": false, "title": "How did expansionist \u201csettling\u201d work in the American West?", "link_flair_richtext": [], "subreddit_name_prefixed": "r/AskHistorians", "hidden": false, "pwls": 6, "link_flair_css_class": null, "downs": 0, "parent_whitelist_status": "all_ads", "hide_score": false, "name": "t3_bvxz2e", "quarantine": false, "link_flair_text_color": "dark", "upvote_ratio": 1.0, "author_flair_background_color": null, "subreddit_type": "public", "ups": 3, "total_awards_received": 0, "media_embed": {}, "author_flair_template_id": null, "is_original_content": false, "author_fullname": "t2_3tuyp8sk", "secure_media": null, "is_reddit_media_domain": false, "is_meta": false, "category": null, "secure_media_embed": {}, "link_flair_text": null, "can_mod_post": false, "num_duplicates": 0, "approved_by": null, "thumbnail": "", "edited": false, "author_flair_css_class": null, "author_flair_richtext": [], "gildings": {}, "content_categories": null, "is_self": true, "mod_note": null, "created": 1559514906.0, "link_flair_type": "text", "wls": 6, "banned_by": null, "author_flair_type": "text", "domain": "self.AskHistorians", "allow_live_comments": false, "selftext_html": "&lt;!-- SC_OFF --&gt;&lt;div class=\"md\"&gt;&lt;p&gt;I\u2019ve seen/read about land rushes and things like that. I\u2019m curious about how formal or informal claiming land could be, particularly given the differences in how Native Americans and white Americans viewed land claims. &lt;/p&gt;\n\n&lt;p&gt;So: did settlers have to actually have a bill or deed to a specific plot? Could settlers just build on land where they didn\u2019t see signs of ownership? Was something as informal as planting or cultivating crops seen as sufficient evidence of settling a location?&lt;/p&gt;\n&lt;/div&gt;&lt;!-- SC_ON --&gt;", "likes": null, "suggested_sort": null, "banned_at_utc": null, "view_count": null, "archived": false, "score": 3, "no_follow": true, "is_crosspostable": false, "pinned": false, "over_18": false, "all_awardings": [], "media": null, "media_only": false, "can_gild": false, "spoiler": false, "locked": false, "author_flair_text": null, "visited": false, "num_reports": null, "distinguished": null, "subreddit_id": "t5_2ssp3", "mod_reason_by": null, "removal_reason": null, "link_flair_background_color": "", "id": "bvxz2e", "is_robot_indexable": true, "report_reasons": null, "author": "dontdrinkonmondays", "num_crossposts": 0, "num_comments": 0, "send_replies": true, "contest_mode": false, "author_patreon_flair": false, "author_flair_text_color": null, "permalink": "/r/AskHistorians/comments/bvxz2e/how_did_expansionist_settling_work_in_the/", "whitelist_status": "all_ads", "stickied": false, "url": "https://www.reddit.com/r/AskHistorians/comments/bvxz2e/how_did_expansionist_settling_work_in_the/", "subreddit_subscribers": 989293, "created_utc": 1559486106.0, "discussion_type": null, "mod_reports": [], "is_video": false}}], "after": null, "before": null}}, {"kind": "Listing", "data": {"modhash": "", "dist": null, "children": [], "after": null, "before": null}}]