[{"kind": "Listing", "data": {"modhash": "", "dist": 1, "children": [{"kind": "t3", "data": {"approved_at_utc": null, "subreddit": "AskHistorians", "selftext": "Like the title says in fewer words, how did humans transition from learning naturally through their parents etc. (like how some animals do it now) to going to schools and being taught in groups for a set amount of time each day?\n\nIs there a point in history that we can say \u201cthis started here for x reasons\u201d?", "user_reports": [], "saved": false, "mod_reason_title": null, "gilded": 0, "clicked": false, "title": "When and how did structured education in adolescents come about?", "link_flair_richtext": [], "subreddit_name_prefixed": "r/AskHistorians", "hidden": false, "pwls": 6, "link_flair_css_class": null, "downs": 0, "parent_whitelist_status": "all_ads", "hide_score": false, "name": "t3_bjpmms", "quarantine": false, "link_flair_text_color": "dark", "upvote_ratio": 1.0, "author_flair_background_color": null, "subreddit_type": "public", "ups": 2, "total_awards_received": 0, "media_embed": {}, "author_flair_template_id": null, "is_original_content": false, "author_fullname": "t2_oao2f", "secure_media": null, "is_reddit_media_domain": false, "is_meta": false, "category": null, "secure_media_embed": {}, "link_flair_text": null, "can_mod_post": false, "score": 2, "approved_by": null, "thumbnail": "", "edited": false, "author_flair_css_class": null, "author_flair_richtext": [], "gildings": {}, "content_categories": null, "is_self": true, "mod_note": null, "created": 1556791848.0, "link_flair_type": "text", "wls": 6, "banned_by": null, "author_flair_type": "text", "domain": "self.AskHistorians", "selftext_html": "&lt;!-- SC_OFF --&gt;&lt;div class=\"md\"&gt;&lt;p&gt;Like the title says in fewer words, how did humans transition from learning naturally through their parents etc. (like how some animals do it now) to going to schools and being taught in groups for a set amount of time each day?&lt;/p&gt;\n\n&lt;p&gt;Is there a point in history that we can say \u201cthis started here for x reasons\u201d?&lt;/p&gt;\n&lt;/div&gt;&lt;!-- SC_ON --&gt;", "likes": null, "suggested_sort": null, "banned_at_utc": null, "view_count": null, "archived": false, "no_follow": true, "is_crosspostable": false, "pinned": false, "over_18": false, "all_awardings": [], "media": null, "media_only": false, "can_gild": false, "spoiler": false, "locked": false, "author_flair_text": null, "visited": false, "num_reports": null, "distinguished": null, "subreddit_id": "t5_2ssp3", "mod_reason_by": null, "removal_reason": null, "link_flair_background_color": "", "id": "bjpmms", "is_robot_indexable": true, "report_reasons": null, "author": "QUIT_CREEPIN_HO", "num_crossposts": 0, "num_comments": 2, "send_replies": true, "contest_mode": false, "author_patreon_flair": false, "author_flair_text_color": null, "permalink": "/r/AskHistorians/comments/bjpmms/when_and_how_did_structured_education_in/", "whitelist_status": "all_ads", "stickied": false, "url": "https://www.reddit.com/r/AskHistorians/comments/bjpmms/when_and_how_did_structured_education_in/", "subreddit_subscribers": 965027, "created_utc": 1556763048.0, "mod_reports": [], "is_video": false}}], "after": null, "before": null}}, {"kind": "Listing", "data": {"modhash": "", "dist": null, "children": [{"kind": "t1", "data": {"total_awards_received": 1, "approved_at_utc": null, "ups": 4, "mod_reason_by": null, "banned_by": null, "author_flair_type": "richtext", "removal_reason": null, "link_id": "t3_bjpmms", "author_flair_template_id": null, "likes": null, "no_follow": true, "replies": {"kind": "Listing", "data": {"modhash": "", "dist": null, "children": [{"kind": "t1", "data": {"total_awards_received": 0, "approved_at_utc": null, "ups": 2, "mod_reason_by": null, "banned_by": null, "author_flair_type": "text", "removal_reason": null, "link_id": "t3_bjpmms", "author_flair_template_id": null, "likes": null, "no_follow": true, "replies": "", "user_reports": [], "saved": false, "id": "embgn50", "banned_at_utc": null, "mod_reason_title": null, "gilded": 0, "archived": false, "report_reasons": null, "author": "QUIT_CREEPIN_HO", "can_mod_post": false, "send_replies": true, "parent_id": "t1_emben8s", "score": 2, "author_fullname": "t2_oao2f", "approved_by": null, "all_awardings": [], "subreddit_id": "t5_2ssp3", "body": "Thanks!", "edited": false, "author_flair_css_class": null, "is_submitter": true, "downs": 0, "author_flair_richtext": [], "author_patreon_flair": false, "collapsed_reason": null, "body_html": "&lt;div class=\"md\"&gt;&lt;p&gt;Thanks!&lt;/p&gt;\n&lt;/div&gt;", "stickied": false, "subreddit_type": "public", "can_gild": true, "gildings": {}, "author_flair_text_color": null, "score_hidden": false, "permalink": "/r/AskHistorians/comments/bjpmms/when_and_how_did_structured_education_in/embgn50/", "num_reports": null, "locked": false, "name": "t1_embgn50", "created": 1556835241.0, "subreddit": "AskHistorians", "author_flair_text": null, "collapsed": false, "created_utc": 1556806441.0, "subreddit_name_prefixed": "r/AskHistorians", "controversiality": 0, "depth": 1, "author_flair_background_color": null, "mod_reports": [], "mod_note": null, "distinguished": null}}], "after": null, "before": null}}, "user_reports": [], "saved": false, "id": "emben8s", "banned_at_utc": null, "mod_reason_title": null, "gilded": 1, "archived": false, "report_reasons": null, "author": "UrAccountabilibuddy", "can_mod_post": false, "send_replies": true, "parent_id": "t3_bjpmms", "score": 4, "author_fullname": "t2_bvmqy", "approved_by": null, "all_awardings": [{"is_enabled": true, "count": 1, "subreddit_id": null, "description": "Gold Award", "icon_height": 512, "icon_url": "https://www.redditstatic.com/gold/awards/icon/gold_512.png", "days_of_premium": 7, "coin_reward": 100, "resized_icons": [{"url": "https://www.redditstatic.com/gold/awards/icon/gold_16.png", "width": 16, "height": 16}, {"url": "https://www.redditstatic.com/gold/awards/icon/gold_32.png", "width": 32, "height": 32}, {"url": "https://www.redditstatic.com/gold/awards/icon/gold_48.png", "width": 48, "height": 48}, {"url": "https://www.redditstatic.com/gold/awards/icon/gold_64.png", "width": 64, "height": 64}, {"url": "https://www.redditstatic.com/gold/awards/icon/gold_128.png", "width": 128, "height": 128}], "days_of_drip_extension": 0, "award_type": "global", "coin_price": 500, "icon_width": 512, "id": "gid_2", "name": "Gold"}], "subreddit_id": "t5_2ssp3", "body": "I answered a similar question [here](https://www.reddit.com/r/AskHistorians/comments/bgnlc9/when_did_we_start_making_kids_sit_down_in_school/) but there are two interesting things worth exploring in more detail in your question. First, our framing of adolescence is a relatively new one, generally speaking. It wasn't until well into the 20th century that psychologists, educators, and medical professions established there was something unique to human development between their 11th (or so) and 17th (or so) spin around the sun and the phrase deserved its own term. In effect, the notion of \"teenager\" is modern, rising into the public consciousness in the mid-1900's at the same time as compulsory and universal education, high school, and the creation of 18 (or 21) as a demarcation point around things like voting, smoking, serving in the military, or independently entering into a legal contract. This also means that the system of three distinct stages of education: grammar (primary), secondary (high school), and college (or university) is relatively modern.\n\nSo, when we look back at the lived experiences of smaller humans throughout history, especially as it relates to education, we have to loosen our hold on things like starting ages, graduation, and stages of learning. As an example, the average age at the Colonial Colleges in the early United States was 15 1/2. Students (white boys and young men, mostly the sons of men with access to wealth) enrolled when they could pass the entrance exam and left when they were done (or completed the course of study available to them.) Which is to say, a young man didn't see himself as going to college, per se. He was going to Harvard or Yale and attended Boston Latin to learn what he needed to learn for the entrance exam. \n\nThe second thing to unpack is the notion of structured education. Education of a group's children by designated adults has likely been a part of the human experience since we began working together in groups. It's impossible for one person to know all the things necessary for a community's health and safety, and so gathering together children makes sense. To be sure, this transmission of knowledge didn't always happen in a particular space or building, but the notion of designated older people helping younger people learn essential information is likely as old as *homo sapiens.* Which leads us to the concept of a \"school\", that is to say, a designated space set aside for the transmission of knowledge from designed adults to the children of members of the society.\n\nThe concept of a school emerged around the world at various times in various places. As I mentioned in the other post, madrasas became common with the spread of Islam, including the University of al-Qarawiyyin (generally recognized as the oldest university in the world, founded in 849 CE). Meanwhile, the Jixia Academy in China was founded around 300 BCE; just about the same time Aristotle was establishing his lyceum. No one society can claim ownership of the idea of formal education and they all had one key thing in common: transmission of knowledge from designated adults recognized as experts to the sons of men with access to power.\n\nThis isn't to say that structured education was exclusively for sons, but generally, speaking the roots of formal education were focused on boys and men, particularly those with access to power. As an example, Christian Frederick Cole is recognized as the first Black scholar to graduate from Oxford (founded in the 1100's) and he crossed the stage in 1876. Women weren't allowed to graduate until the 1920's. So, basically, the history of education is also a history of historically marginalized groups fighting to get access for themselves and their children to the same quality and level of education given to the sons of the men in power.\n\nThe history of this fight is also tightly linked to the notion of \"structure\" in education. As various societies wrestled with and reconciled the idea of which children deserve formal education, and groups of Europeans moved en masse to North America, the count of children who needed to be educated rose dramatically. By the mid-1800's, most countries around the world were taking a serious look at government-funded education and working to create systems. And when humans create formal systems to organize ourselves, we need rules, structures, and bureaucracy. What this meant in education was establishing a child's 5th, 6th, or 7th year on the planet as the start of education and their 17th or 18th as the end. Likewise, it meant organizing children into groups based on common traits - which in some places meant by gender, in others, it was by race. In some, it was by race, gender, and class but in most, by age. \n\nI'm summarizing a few centuries of changes around the world into a few paragraphs, but generally speaking, structures were created to deal with population size, societal goals for young people, and the availability of funding. As education increasingly became the norm for the world's children, the adults leading said education developed areas of expertise and unique pedagogy. Which is why, by 1894, when the National Education Association in America advocated for a liberal arts education (math, science, English, history, physical education, art, music) in American high schools, it was completely non-controversial to suggest PE teachers receive specific training for teaching PE and same for Latin teachers or Science teachers, etc. This notion of specialized teacher certification created a feedback loop with the concept of set courses and topics, culminating in the creation of the Carnegie Unit in 1906, which evened out the idea of seat team across American high schools and colleges. (European, Asian, and African  educational systems took different paths but generally speaking, a child virtually anywhere in the world who goes to school will take classes in different subjects.)\n\nAll of which leads us to the last part of your question: how much time per day. As I'm sure you can predict, the notion of a set number of hours a days, days per week, and weeks per year is a modern construct, tightly linked to the public funding of schools. I get into the 5 day week a bit more [here](https://www.reddit.com/r/AskHistorians/comments/a0ayb0/the_five_dayschool_week/) and [here](https://www.reddit.com/r/AskHistorians/comments/8w754x/in_the_united_states_a_work_week_from_monday_to/). The hours of the school day are generally linked to issues of transportation (buses can't always fit all children at one time, so they make two trips - one for older students and one for younger students) but vary from state to state, country to country.", "edited": false, "author_flair_css_class": "northamerica", "is_submitter": false, "downs": 0, "author_flair_richtext": [{"e": "text", "t": "Moderator | History of Education"}], "author_patreon_flair": false, "collapsed_reason": null, "body_html": "&lt;div class=\"md\"&gt;&lt;p&gt;I answered a similar question &lt;a href=\"https://www.reddit.com/r/AskHistorians/comments/bgnlc9/when_did_we_start_making_kids_sit_down_in_school/\"&gt;here&lt;/a&gt; but there are two interesting things worth exploring in more detail in your question. First, our framing of adolescence is a relatively new one, generally speaking. It wasn&amp;#39;t until well into the 20th century that psychologists, educators, and medical professions established there was something unique to human development between their 11th (or so) and 17th (or so) spin around the sun and the phrase deserved its own term. In effect, the notion of &amp;quot;teenager&amp;quot; is modern, rising into the public consciousness in the mid-1900&amp;#39;s at the same time as compulsory and universal education, high school, and the creation of 18 (or 21) as a demarcation point around things like voting, smoking, serving in the military, or independently entering into a legal contract. This also means that the system of three distinct stages of education: grammar (primary), secondary (high school), and college (or university) is relatively modern.&lt;/p&gt;\n\n&lt;p&gt;So, when we look back at the lived experiences of smaller humans throughout history, especially as it relates to education, we have to loosen our hold on things like starting ages, graduation, and stages of learning. As an example, the average age at the Colonial Colleges in the early United States was 15 1/2. Students (white boys and young men, mostly the sons of men with access to wealth) enrolled when they could pass the entrance exam and left when they were done (or completed the course of study available to them.) Which is to say, a young man didn&amp;#39;t see himself as going to college, per se. He was going to Harvard or Yale and attended Boston Latin to learn what he needed to learn for the entrance exam. &lt;/p&gt;\n\n&lt;p&gt;The second thing to unpack is the notion of structured education. Education of a group&amp;#39;s children by designated adults has likely been a part of the human experience since we began working together in groups. It&amp;#39;s impossible for one person to know all the things necessary for a community&amp;#39;s health and safety, and so gathering together children makes sense. To be sure, this transmission of knowledge didn&amp;#39;t always happen in a particular space or building, but the notion of designated older people helping younger people learn essential information is likely as old as &lt;em&gt;homo sapiens.&lt;/em&gt; Which leads us to the concept of a &amp;quot;school&amp;quot;, that is to say, a designated space set aside for the transmission of knowledge from designed adults to the children of members of the society.&lt;/p&gt;\n\n&lt;p&gt;The concept of a school emerged around the world at various times in various places. As I mentioned in the other post, madrasas became common with the spread of Islam, including the University of al-Qarawiyyin (generally recognized as the oldest university in the world, founded in 849 CE). Meanwhile, the Jixia Academy in China was founded around 300 BCE; just about the same time Aristotle was establishing his lyceum. No one society can claim ownership of the idea of formal education and they all had one key thing in common: transmission of knowledge from designated adults recognized as experts to the sons of men with access to power.&lt;/p&gt;\n\n&lt;p&gt;This isn&amp;#39;t to say that structured education was exclusively for sons, but generally, speaking the roots of formal education were focused on boys and men, particularly those with access to power. As an example, Christian Frederick Cole is recognized as the first Black scholar to graduate from Oxford (founded in the 1100&amp;#39;s) and he crossed the stage in 1876. Women weren&amp;#39;t allowed to graduate until the 1920&amp;#39;s. So, basically, the history of education is also a history of historically marginalized groups fighting to get access for themselves and their children to the same quality and level of education given to the sons of the men in power.&lt;/p&gt;\n\n&lt;p&gt;The history of this fight is also tightly linked to the notion of &amp;quot;structure&amp;quot; in education. As various societies wrestled with and reconciled the idea of which children deserve formal education, and groups of Europeans moved en masse to North America, the count of children who needed to be educated rose dramatically. By the mid-1800&amp;#39;s, most countries around the world were taking a serious look at government-funded education and working to create systems. And when humans create formal systems to organize ourselves, we need rules, structures, and bureaucracy. What this meant in education was establishing a child&amp;#39;s 5th, 6th, or 7th year on the planet as the start of education and their 17th or 18th as the end. Likewise, it meant organizing children into groups based on common traits - which in some places meant by gender, in others, it was by race. In some, it was by race, gender, and class but in most, by age. &lt;/p&gt;\n\n&lt;p&gt;I&amp;#39;m summarizing a few centuries of changes around the world into a few paragraphs, but generally speaking, structures were created to deal with population size, societal goals for young people, and the availability of funding. As education increasingly became the norm for the world&amp;#39;s children, the adults leading said education developed areas of expertise and unique pedagogy. Which is why, by 1894, when the National Education Association in America advocated for a liberal arts education (math, science, English, history, physical education, art, music) in American high schools, it was completely non-controversial to suggest PE teachers receive specific training for teaching PE and same for Latin teachers or Science teachers, etc. This notion of specialized teacher certification created a feedback loop with the concept of set courses and topics, culminating in the creation of the Carnegie Unit in 1906, which evened out the idea of seat team across American high schools and colleges. (European, Asian, and African  educational systems took different paths but generally speaking, a child virtually anywhere in the world who goes to school will take classes in different subjects.)&lt;/p&gt;\n\n&lt;p&gt;All of which leads us to the last part of your question: how much time per day. As I&amp;#39;m sure you can predict, the notion of a set number of hours a days, days per week, and weeks per year is a modern construct, tightly linked to the public funding of schools. I get into the 5 day week a bit more &lt;a href=\"https://www.reddit.com/r/AskHistorians/comments/a0ayb0/the_five_dayschool_week/\"&gt;here&lt;/a&gt; and &lt;a href=\"https://www.reddit.com/r/AskHistorians/comments/8w754x/in_the_united_states_a_work_week_from_monday_to/\"&gt;here&lt;/a&gt;. The hours of the school day are generally linked to issues of transportation (buses can&amp;#39;t always fit all children at one time, so they make two trips - one for older students and one for younger students) but vary from state to state, country to country.&lt;/p&gt;\n&lt;/div&gt;", "stickied": false, "subreddit_type": "public", "can_gild": true, "gildings": {"gid_2": 1}, "author_flair_text_color": "dark", "score_hidden": false, "permalink": "/r/AskHistorians/comments/bjpmms/when_and_how_did_structured_education_in/emben8s/", "num_reports": null, "locked": false, "name": "t1_emben8s", "created": 1556834033.0, "subreddit": "AskHistorians", "author_flair_text": "Moderator | History of Education", "collapsed": false, "created_utc": 1556805233.0, "subreddit_name_prefixed": "r/AskHistorians", "controversiality": 0, "depth": 0, "author_flair_background_color": "", "mod_reports": [], "mod_note": null, "distinguished": null}}], "after": null, "before": null}}]