[{"kind": "Listing", "data": {"modhash": "", "dist": 1, "children": [{"kind": "t3", "data": {"approved_at_utc": null, "subreddit": "AskHistorians", "selftext": "As the title says. In the years after the March on Rome, as fascism was strengthening its grip on Italian political and social life, prominent Italian antifascists such as the Rosselli brothers and Emilio Lussu fled the country, and among their aims was providing a counterpoint for fascist propaganda abroad, to show the people of other countries that not everything was right in Italy.\n\nSome of them, like well-known historian [Gaetano Salvemini](https://en.wikipedia.org/wiki/Gaetano_Salvemini) and the members of the [Mazzini Society](https://en.wikipedia.org/wiki/Mazzini_Society), did so not only in Europe but in the United States as well. Salvemini in particular was extremely passionate in this, obtaining American citizenship in 1940 an constantly providing his viewpoint on the Italian situation, with works such as *What to do with Italy*.\n\nBut how effective were their efforts? How big was the debate around these issues? Would newspapers cover their lectures and speeches?", "user_reports": [], "saved": false, "mod_reason_title": null, "gilded": 0, "clicked": false, "title": "How successful were the Italian antifascist exiles in turning America's public opinion against fascism?", "link_flair_richtext": [], "subreddit_name_prefixed": "r/AskHistorians", "hidden": false, "pwls": 6, "link_flair_css_class": null, "downs": 0, "parent_whitelist_status": "all_ads", "hide_score": false, "name": "t3_bjx4t5", "quarantine": false, "link_flair_text_color": "dark", "upvote_ratio": 0.6, "author_flair_background_color": null, "subreddit_type": "public", "ups": 1, "total_awards_received": 0, "media_embed": {}, "author_flair_template_id": null, "is_original_content": false, "author_fullname": "t2_57aoz", "secure_media": null, "is_reddit_media_domain": false, "is_meta": false, "category": null, "secure_media_embed": {}, "link_flair_text": null, "can_mod_post": false, "score": 1, "approved_by": null, "thumbnail": "", "edited": false, "author_flair_css_class": null, "author_flair_richtext": [], "gildings": {}, "content_categories": null, "is_self": true, "mod_note": null, "created": 1556844218.0, "link_flair_type": "text", "wls": 6, "banned_by": null, "author_flair_type": "text", "domain": "self.AskHistorians", "selftext_html": "&lt;!-- SC_OFF --&gt;&lt;div class=\"md\"&gt;&lt;p&gt;As the title says. In the years after the March on Rome, as fascism was strengthening its grip on Italian political and social life, prominent Italian antifascists such as the Rosselli brothers and Emilio Lussu fled the country, and among their aims was providing a counterpoint for fascist propaganda abroad, to show the people of other countries that not everything was right in Italy.&lt;/p&gt;\n\n&lt;p&gt;Some of them, like well-known historian &lt;a href=\"https://en.wikipedia.org/wiki/Gaetano_Salvemini\"&gt;Gaetano Salvemini&lt;/a&gt; and the members of the &lt;a href=\"https://en.wikipedia.org/wiki/Mazzini_Society\"&gt;Mazzini Society&lt;/a&gt;, did so not only in Europe but in the United States as well. Salvemini in particular was extremely passionate in this, obtaining American citizenship in 1940 an constantly providing his viewpoint on the Italian situation, with works such as &lt;em&gt;What to do with Italy&lt;/em&gt;.&lt;/p&gt;\n\n&lt;p&gt;But how effective were their efforts? How big was the debate around these issues? Would newspapers cover their lectures and speeches?&lt;/p&gt;\n&lt;/div&gt;&lt;!-- SC_ON --&gt;", "likes": null, "suggested_sort": null, "banned_at_utc": null, "view_count": null, "archived": false, "no_follow": true, "is_crosspostable": false, "pinned": false, "over_18": false, "all_awardings": [], "media": null, "media_only": false, "can_gild": false, "spoiler": false, "locked": false, "author_flair_text": null, "visited": false, "num_reports": null, "distinguished": null, "subreddit_id": "t5_2ssp3", "mod_reason_by": null, "removal_reason": null, "link_flair_background_color": "", "id": "bjx4t5", "is_robot_indexable": true, "report_reasons": null, "author": "Bromao", "num_crossposts": 0, "num_comments": 0, "send_replies": true, "contest_mode": false, "author_patreon_flair": false, "author_flair_text_color": null, "permalink": "/r/AskHistorians/comments/bjx4t5/how_successful_were_the_italian_antifascist/", "whitelist_status": "all_ads", "stickied": false, "url": "https://www.reddit.com/r/AskHistorians/comments/bjx4t5/how_successful_were_the_italian_antifascist/", "subreddit_subscribers": 965033, "created_utc": 1556815418.0, "mod_reports": [], "is_video": false}}], "after": null, "before": null}}, {"kind": "Listing", "data": {"modhash": "", "dist": null, "children": [], "after": null, "before": null}}]