[{"kind": "Listing", "data": {"modhash": "", "dist": 1, "children": [{"kind": "t3", "data": {"approved_at_utc": null, "subreddit": "AskHistorians", "selftext": "How does taxation work in feudalism for the commoner , freeman and noble in england?\n\nAnd in case of bad harvest what happened?", "user_reports": [], "saved": false, "mod_reason_title": null, "gilded": 0, "clicked": false, "title": "Medieval europe tax", "link_flair_richtext": [], "subreddit_name_prefixed": "r/AskHistorians", "hidden": false, "pwls": 6, "link_flair_css_class": null, "downs": 0, "parent_whitelist_status": "all_ads", "hide_score": false, "name": "t3_clie2w", "quarantine": false, "link_flair_text_color": "dark", "upvote_ratio": 0.88, "author_flair_background_color": null, "subreddit_type": "public", "ups": 6, "total_awards_received": 0, "media_embed": {}, "author_flair_template_id": null, "is_original_content": false, "author_fullname": "t2_3ti1dcms", "secure_media": null, "is_reddit_media_domain": false, "is_meta": false, "category": null, "secure_media_embed": {}, "link_flair_text": null, "can_mod_post": false, "num_duplicates": 1, "approved_by": null, "thumbnail": "", "edited": false, "author_flair_css_class": null, "steward_reports": [], "author_flair_richtext": [], "gildings": {}, "content_categories": null, "is_self": true, "mod_note": null, "created": 1564865326.0, "link_flair_type": "text", "wls": 6, "banned_by": null, "author_flair_type": "text", "domain": "self.AskHistorians", "allow_live_comments": false, "selftext_html": "&lt;!-- SC_OFF --&gt;&lt;div class=\"md\"&gt;&lt;p&gt;How does taxation work in feudalism for the commoner , freeman and noble in england?&lt;/p&gt;\n\n&lt;p&gt;And in case of bad harvest what happened?&lt;/p&gt;\n&lt;/div&gt;&lt;!-- SC_ON --&gt;", "likes": null, "suggested_sort": null, "banned_at_utc": null, "view_count": null, "archived": false, "score": 6, "no_follow": true, "is_crosspostable": false, "pinned": false, "over_18": false, "all_awardings": [], "media": null, "media_only": false, "can_gild": false, "spoiler": false, "locked": false, "author_flair_text": null, "visited": false, "num_reports": null, "distinguished": null, "subreddit_id": "t5_2ssp3", "mod_reason_by": null, "removal_reason": null, "link_flair_background_color": "", "id": "clie2w", "is_robot_indexable": true, "report_reasons": null, "author": "raiz21", "num_crossposts": 0, "num_comments": 2, "send_replies": true, "contest_mode": false, "author_patreon_flair": false, "author_flair_text_color": null, "permalink": "/r/AskHistorians/comments/clie2w/medieval_europe_tax/", "whitelist_status": "all_ads", "stickied": false, "url": "https://www.reddit.com/r/AskHistorians/comments/clie2w/medieval_europe_tax/", "subreddit_subscribers": 1016330, "created_utc": 1564836526.0, "discussion_type": null, "mod_reports": [], "is_video": false}}], "after": null, "before": null}}, {"kind": "Listing", "data": {"modhash": "", "dist": null, "children": [{"kind": "t1", "data": {"total_awards_received": 0, "approved_at_utc": null, "ups": 1, "mod_reason_by": null, "banned_by": null, "author_flair_type": "richtext", "removal_reason": null, "link_id": "t3_clie2w", "author_flair_template_id": "9e641f94-c626-11e2-8e2c-12313b0b21ae", "likes": null, "no_follow": true, "replies": "", "user_reports": [], "saved": false, "id": "evvgzyd", "banned_at_utc": null, "mod_reason_title": null, "gilded": 0, "archived": false, "report_reasons": null, "author": "AutoModerator", "can_mod_post": false, "send_replies": false, "parent_id": "t3_clie2w", "score": 1, "author_fullname": "t2_6l4z3", "approved_by": null, "all_awardings": [], "subreddit_id": "t5_2ssp3", "body": "Welcome to /r/AskHistorians. **Please be sure to [Read Our Rules](https://www.reddit.com/r/AskHistorians/wiki/rules) before you contribute to this community**.  \n\nWe thank you for your interest in this *question*, and your patience in waiting for an in-depth and comprehensive answer to be written, which takes time. Please consider **[Clicking Here for RemindMeBot](https://www.reddit.com/message/compose/?to=RemindMeBot&amp;subject=Reminder&amp;message=%5Bhttps://www.reddit.com/r/AskHistorians/comments/clie2w/medieval_europe_tax/%5D%0A%0ARemindMe!++2+days)**, or using [these alternatives](/r/AskHistorians/comments/8p0s9b/roundtable_21_be_kindremind_the_mod_approved/). In the meantime our [Twitter](https://twitter.com/askhistorians), [Facebook](https://www.facebook.com/askhistorians/), and [Sunday Digest](https://www.reddit.com/r/AskHistorians/search?q=title%3A%22Sunday+Digest%22&amp;restrict_sr=on&amp;sort=new&amp;t=all) feature excellent content that has already been written!\n\n[Please leave feedback on this test message here.](https://www.reddit.com/r/AskHistorians/comments/btz9o5/testing_testing_123_well_be_trying_out_an/)\n\n\n*I am a bot, and this action was performed automatically. Please [contact the moderators of this subreddit](/message/compose/?to=/r/AskHistorians) if you have any questions or concerns.*", "edited": false, "author_flair_css_class": "moderator", "steward_reports": [], "is_submitter": false, "downs": 0, "author_flair_richtext": [{"e": "text", "t": "History of Robotics"}], "author_patreon_flair": false, "collapsed_reason": null, "body_html": "&lt;div class=\"md\"&gt;&lt;p&gt;Welcome to &lt;a href=\"/r/AskHistorians\"&gt;/r/AskHistorians&lt;/a&gt;. &lt;strong&gt;Please be sure to &lt;a href=\"https://www.reddit.com/r/AskHistorians/wiki/rules\"&gt;Read Our Rules&lt;/a&gt; before you contribute to this community&lt;/strong&gt;.  &lt;/p&gt;\n\n&lt;p&gt;We thank you for your interest in this &lt;em&gt;question&lt;/em&gt;, and your patience in waiting for an in-depth and comprehensive answer to be written, which takes time. Please consider &lt;strong&gt;&lt;a href=\"https://www.reddit.com/message/compose/?to=RemindMeBot&amp;amp;subject=Reminder&amp;amp;message=%5Bhttps://www.reddit.com/r/AskHistorians/comments/clie2w/medieval_europe_tax/%5D%0A%0ARemindMe!++2+days\"&gt;Clicking Here for RemindMeBot&lt;/a&gt;&lt;/strong&gt;, or using &lt;a href=\"/r/AskHistorians/comments/8p0s9b/roundtable_21_be_kindremind_the_mod_approved/\"&gt;these alternatives&lt;/a&gt;. In the meantime our &lt;a href=\"https://twitter.com/askhistorians\"&gt;Twitter&lt;/a&gt;, &lt;a href=\"https://www.facebook.com/askhistorians/\"&gt;Facebook&lt;/a&gt;, and &lt;a href=\"https://www.reddit.com/r/AskHistorians/search?q=title%3A%22Sunday+Digest%22&amp;amp;restrict_sr=on&amp;amp;sort=new&amp;amp;t=all\"&gt;Sunday Digest&lt;/a&gt; feature excellent content that has already been written!&lt;/p&gt;\n\n&lt;p&gt;&lt;a href=\"https://www.reddit.com/r/AskHistorians/comments/btz9o5/testing_testing_123_well_be_trying_out_an/\"&gt;Please leave feedback on this test message here.&lt;/a&gt;&lt;/p&gt;\n\n&lt;p&gt;&lt;em&gt;I am a bot, and this action was performed automatically. Please &lt;a href=\"/message/compose/?to=/r/AskHistorians\"&gt;contact the moderators of this subreddit&lt;/a&gt; if you have any questions or concerns.&lt;/em&gt;&lt;/p&gt;\n&lt;/div&gt;", "stickied": true, "subreddit_type": "public", "can_gild": true, "gildings": {}, "author_flair_text_color": "light", "score_hidden": true, "permalink": "/r/AskHistorians/comments/clie2w/medieval_europe_tax/evvgzyd/", "num_reports": null, "locked": true, "name": "t1_evvgzyd", "created": 1564865327.0, "subreddit": "AskHistorians", "author_flair_text": "History of Robotics", "collapsed": false, "created_utc": 1564836527.0, "subreddit_name_prefixed": "r/AskHistorians", "controversiality": 0, "depth": 0, "author_flair_background_color": "#8b008b", "mod_reports": [], "mod_note": null, "distinguished": "moderator"}}, {"kind": "t1", "data": {"total_awards_received": 0, "approved_at_utc": null, "ups": 3, "mod_reason_by": null, "banned_by": null, "author_flair_type": "richtext", "removal_reason": null, "link_id": "t3_clie2w", "author_flair_template_id": null, "likes": null, "no_follow": true, "replies": "", "user_reports": [], "saved": false, "id": "evxdw32", "banned_at_utc": null, "mod_reason_title": null, "gilded": 0, "archived": false, "report_reasons": null, "author": "BRIStoneman", "can_mod_post": false, "send_replies": true, "parent_id": "t3_clie2w", "score": 3, "author_fullname": "t2_88w2t", "approved_by": null, "all_awardings": [], "subreddit_id": "t5_2ssp3", "body": "Broadly speaking, taxation and rent is organised in terms of *service*, either through the provision of labour, or in terms of supporting it through other, often monetary means. \n\nWhile the common conception for medieval peasantry is that rent was provided most often in kind through food rents, this was not *necessarily* the case, or at least those rents did not come from the tenants fields directly. A good illustration is *Domesday Book*: each settlement in *Domesday* is assessed by its ploughlands and other available agricultural resources, divided between the lord's ploughlands, and the men's ploughlands. In any settlement, tenant farmers (villeins and villagers, smallholders and cottagers) would facilitate their rent by providing days of service on the lord's 'ploughlands'.\n\nSignificant debate exists over precisely how large a ploughland is, how it matches up with earlier Anglo-Saxon and contemporary land measurements such as *sulungs*, *carucates* and *hides*, and how precisely they were recorded by the scribes from Hundred to Hundred. Despite its reputation, *Domesday* is often anything but precise. It's often assumed that a 'ploughland' is roughly analogous with an Anglo-Saxon 'hide' at around 120 acres, although this could change significantly based on location and type of agriculture. An individual tenant household, dependant on status, is very unlikely to have worked an entire ploughland, but is more likely to have worked around 20-40 acres across multiple fields, and then supplied labour as rent on those ploughlands that directly supported the lord. At Siston, just outside Bristol, for example, there were 4 'men's ploughlands' which supported a population of some 18 households (very approximately 80 people), and then two lord's ploughlands which were worked directly to support the household of Roger of Berkely. Given that he was also receiving rents from 16 other settlements, largely around Bristol, then this would have assured a comfortable income.\n\nThese arrangements could change from settlement to settlement. At Bathwick outside of Bath, Somerset, 1 ploughland supported a population of 20 households, but there were 5 lord's ploughlands, worked in part by a substantial number of slave households. This shortfall of ploughlands was made up for by 50 acres of meadow and 120 acres of pasture supporting a large number of pigs and a considerable 350 sheep, farmed predominatly for the lucrative wool trade. These would have netted considerable income in terms of tax.\n\nTaxation for lords could take many forms which, again often boiled down to service or comparable recompense. Many Anglo-Saxon charters bequeath land \"free of taxation except the usual terms\", the *trimoda necessitas* or three necessities of providing manpower to repair roads and bridges, maintain fortifications, and to serve in the *fyrd* militia. Especiallt post-Conquest, this military need in particular is replaced by an understanding that the lord provide a suitable amount to pay for the equivalent term of military service from professionals. A similar concept is found in the 'knight's fee', the requirement to provide (usually) 40 days of military service. This could be replaced by providing the funds for somebody else to undertake those 40 days on your behalf. Taxation in terms of *Domesday* is based primarily on what the lord himself directly benefits from in a settlement, be that ploughland, woodland, mills, or livestock, and an estimated monetary value for each. One interesting exception are the 'farms of one night' written about extensively by Pauline Stafford and Ryan Lavelle. Originally an Anglo-Saxon phenomenon, these are estates tied directly to royal *vils* and manors, which are expected to provide a specific food rent. These estates are specifically mandated to support the inherently itinerant nature of early medieval kingship, to actually provide 'one night's' worth of feasting to the king and his retinue as he processed through a given region.", "edited": false, "author_flair_css_class": "europe", "steward_reports": [], "is_submitter": false, "downs": 0, "author_flair_richtext": [{"e": "text", "t": "Early Medieval Europe | Anglo-Saxon England"}], "author_patreon_flair": false, "collapsed_reason": null, "body_html": "&lt;div class=\"md\"&gt;&lt;p&gt;Broadly speaking, taxation and rent is organised in terms of &lt;em&gt;service&lt;/em&gt;, either through the provision of labour, or in terms of supporting it through other, often monetary means. &lt;/p&gt;\n\n&lt;p&gt;While the common conception for medieval peasantry is that rent was provided most often in kind through food rents, this was not &lt;em&gt;necessarily&lt;/em&gt; the case, or at least those rents did not come from the tenants fields directly. A good illustration is &lt;em&gt;Domesday Book&lt;/em&gt;: each settlement in &lt;em&gt;Domesday&lt;/em&gt; is assessed by its ploughlands and other available agricultural resources, divided between the lord&amp;#39;s ploughlands, and the men&amp;#39;s ploughlands. In any settlement, tenant farmers (villeins and villagers, smallholders and cottagers) would facilitate their rent by providing days of service on the lord&amp;#39;s &amp;#39;ploughlands&amp;#39;.&lt;/p&gt;\n\n&lt;p&gt;Significant debate exists over precisely how large a ploughland is, how it matches up with earlier Anglo-Saxon and contemporary land measurements such as &lt;em&gt;sulungs&lt;/em&gt;, &lt;em&gt;carucates&lt;/em&gt; and &lt;em&gt;hides&lt;/em&gt;, and how precisely they were recorded by the scribes from Hundred to Hundred. Despite its reputation, &lt;em&gt;Domesday&lt;/em&gt; is often anything but precise. It&amp;#39;s often assumed that a &amp;#39;ploughland&amp;#39; is roughly analogous with an Anglo-Saxon &amp;#39;hide&amp;#39; at around 120 acres, although this could change significantly based on location and type of agriculture. An individual tenant household, dependant on status, is very unlikely to have worked an entire ploughland, but is more likely to have worked around 20-40 acres across multiple fields, and then supplied labour as rent on those ploughlands that directly supported the lord. At Siston, just outside Bristol, for example, there were 4 &amp;#39;men&amp;#39;s ploughlands&amp;#39; which supported a population of some 18 households (very approximately 80 people), and then two lord&amp;#39;s ploughlands which were worked directly to support the household of Roger of Berkely. Given that he was also receiving rents from 16 other settlements, largely around Bristol, then this would have assured a comfortable income.&lt;/p&gt;\n\n&lt;p&gt;These arrangements could change from settlement to settlement. At Bathwick outside of Bath, Somerset, 1 ploughland supported a population of 20 households, but there were 5 lord&amp;#39;s ploughlands, worked in part by a substantial number of slave households. This shortfall of ploughlands was made up for by 50 acres of meadow and 120 acres of pasture supporting a large number of pigs and a considerable 350 sheep, farmed predominatly for the lucrative wool trade. These would have netted considerable income in terms of tax.&lt;/p&gt;\n\n&lt;p&gt;Taxation for lords could take many forms which, again often boiled down to service or comparable recompense. Many Anglo-Saxon charters bequeath land &amp;quot;free of taxation except the usual terms&amp;quot;, the &lt;em&gt;trimoda necessitas&lt;/em&gt; or three necessities of providing manpower to repair roads and bridges, maintain fortifications, and to serve in the &lt;em&gt;fyrd&lt;/em&gt; militia. Especiallt post-Conquest, this military need in particular is replaced by an understanding that the lord provide a suitable amount to pay for the equivalent term of military service from professionals. A similar concept is found in the &amp;#39;knight&amp;#39;s fee&amp;#39;, the requirement to provide (usually) 40 days of military service. This could be replaced by providing the funds for somebody else to undertake those 40 days on your behalf. Taxation in terms of &lt;em&gt;Domesday&lt;/em&gt; is based primarily on what the lord himself directly benefits from in a settlement, be that ploughland, woodland, mills, or livestock, and an estimated monetary value for each. One interesting exception are the &amp;#39;farms of one night&amp;#39; written about extensively by Pauline Stafford and Ryan Lavelle. Originally an Anglo-Saxon phenomenon, these are estates tied directly to royal &lt;em&gt;vils&lt;/em&gt; and manors, which are expected to provide a specific food rent. These estates are specifically mandated to support the inherently itinerant nature of early medieval kingship, to actually provide &amp;#39;one night&amp;#39;s&amp;#39; worth of feasting to the king and his retinue as he processed through a given region.&lt;/p&gt;\n&lt;/div&gt;", "stickied": false, "subreddit_type": "public", "can_gild": true, "gildings": {}, "author_flair_text_color": "dark", "score_hidden": false, "permalink": "/r/AskHistorians/comments/clie2w/medieval_europe_tax/evxdw32/", "num_reports": null, "locked": false, "name": "t1_evxdw32", "created": 1564918183.0, "subreddit": "AskHistorians", "author_flair_text": "Early Medieval Europe | Anglo-Saxon England", "collapsed": false, "created_utc": 1564889383.0, "subreddit_name_prefixed": "r/AskHistorians", "controversiality": 0, "depth": 0, "author_flair_background_color": "", "mod_reports": [], "mod_note": null, "distinguished": null}}], "after": null, "before": null}}]