[{"kind": "Listing", "data": {"modhash": "", "dist": 1, "children": [{"kind": "t3", "data": {"approved_at_utc": null, "subreddit": "AskHistorians", "selftext": "It's said that the word Celt is very problematic as a descriptor for the ancient peoples of Europe. We still use that word because the Romans used that word to describe those people. But \"Celt\" is too broad to really have much meaning, as those people's all had their own unique cultures. So, are there more regional subdivisions that are more in vogue nowadays?", "user_reports": [], "saved": false, "mod_reason_title": null, "gilded": 0, "clicked": false, "title": "Do modern historians still use terms such as \"Celtic culture\"?", "link_flair_richtext": [], "subreddit_name_prefixed": "r/AskHistorians", "hidden": false, "pwls": 6, "link_flair_css_class": null, "downs": 0, "parent_whitelist_status": "all_ads", "hide_score": false, "name": "t3_cljgs8", "quarantine": false, "link_flair_text_color": "dark", "upvote_ratio": 0.91, "author_flair_background_color": null, "subreddit_type": "public", "ups": 17, "total_awards_received": 0, "media_embed": {}, "author_flair_template_id": null, "is_original_content": false, "author_fullname": "t2_15og8i", "secure_media": null, "is_reddit_media_domain": false, "is_meta": false, "category": null, "secure_media_embed": {}, "link_flair_text": null, "can_mod_post": false, "num_duplicates": 1, "approved_by": null, "thumbnail": "", "edited": false, "author_flair_css_class": null, "steward_reports": [], "author_flair_richtext": [], "gildings": {}, "content_categories": null, "is_self": true, "mod_note": null, "created": 1564872058.0, "link_flair_type": "text", "wls": 6, "banned_by": null, "author_flair_type": "text", "domain": "self.AskHistorians", "allow_live_comments": false, "selftext_html": "&lt;!-- SC_OFF --&gt;&lt;div class=\"md\"&gt;&lt;p&gt;It&amp;#39;s said that the word Celt is very problematic as a descriptor for the ancient peoples of Europe. We still use that word because the Romans used that word to describe those people. But &amp;quot;Celt&amp;quot; is too broad to really have much meaning, as those people&amp;#39;s all had their own unique cultures. So, are there more regional subdivisions that are more in vogue nowadays?&lt;/p&gt;\n&lt;/div&gt;&lt;!-- SC_ON --&gt;", "likes": null, "suggested_sort": null, "banned_at_utc": null, "view_count": null, "archived": false, "score": 17, "no_follow": false, "is_crosspostable": false, "pinned": false, "over_18": false, "all_awardings": [], "media": null, "media_only": false, "can_gild": false, "spoiler": false, "locked": false, "author_flair_text": null, "visited": false, "num_reports": null, "distinguished": null, "subreddit_id": "t5_2ssp3", "mod_reason_by": null, "removal_reason": null, "link_flair_background_color": "", "id": "cljgs8", "is_robot_indexable": true, "report_reasons": null, "author": "Trajan_pt", "num_crossposts": 0, "num_comments": 3, "send_replies": true, "contest_mode": false, "author_patreon_flair": false, "author_flair_text_color": null, "permalink": "/r/AskHistorians/comments/cljgs8/do_modern_historians_still_use_terms_such_as/", "whitelist_status": "all_ads", "stickied": false, "url": "https://www.reddit.com/r/AskHistorians/comments/cljgs8/do_modern_historians_still_use_terms_such_as/", "subreddit_subscribers": 1016330, "created_utc": 1564843258.0, "discussion_type": null, "mod_reports": [], "is_video": false}}], "after": null, "before": null}}, {"kind": "Listing", "data": {"modhash": "", "dist": null, "children": [{"kind": "t1", "data": {"total_awards_received": 0, "approved_at_utc": null, "ups": 1, "mod_reason_by": null, "banned_by": null, "author_flair_type": "richtext", "removal_reason": null, "link_id": "t3_cljgs8", "author_flair_template_id": "9e641f94-c626-11e2-8e2c-12313b0b21ae", "likes": null, "no_follow": true, "replies": "", "user_reports": [], "saved": false, "id": "evvomh9", "banned_at_utc": null, "mod_reason_title": null, "gilded": 0, "archived": false, "report_reasons": null, "author": "AutoModerator", "can_mod_post": false, "send_replies": false, "parent_id": "t3_cljgs8", "score": 1, "author_fullname": "t2_6l4z3", "approved_by": null, "all_awardings": [], "subreddit_id": "t5_2ssp3", "body": "Welcome to /r/AskHistorians. **Please be sure to [Read Our Rules](https://www.reddit.com/r/AskHistorians/wiki/rules) before you contribute to this community**.  \n\nWe thank you for your interest in this *question*, and your patience in waiting for an in-depth and comprehensive answer to be written, which takes time. Please consider **[Clicking Here for RemindMeBot](https://www.reddit.com/message/compose/?to=RemindMeBot&amp;subject=Reminder&amp;message=%5Bhttps://www.reddit.com/r/AskHistorians/comments/cljgs8/do_modern_historians_still_use_terms_such_as/%5D%0A%0ARemindMe!++2+days)**, or using [these alternatives](/r/AskHistorians/comments/8p0s9b/roundtable_21_be_kindremind_the_mod_approved/). In the meantime our [Twitter](https://twitter.com/askhistorians), [Facebook](https://www.facebook.com/askhistorians/), and [Sunday Digest](https://www.reddit.com/r/AskHistorians/search?q=title%3A%22Sunday+Digest%22&amp;restrict_sr=on&amp;sort=new&amp;t=all) feature excellent content that has already been written!\n\n[Please leave feedback on this test message here.](https://www.reddit.com/r/AskHistorians/comments/btz9o5/testing_testing_123_well_be_trying_out_an/)\n\n\n*I am a bot, and this action was performed automatically. Please [contact the moderators of this subreddit](/message/compose/?to=/r/AskHistorians) if you have any questions or concerns.*", "edited": false, "author_flair_css_class": "moderator", "steward_reports": [], "is_submitter": false, "downs": 0, "author_flair_richtext": [{"e": "text", "t": "History of Robotics"}], "author_patreon_flair": false, "collapsed_reason": null, "body_html": "&lt;div class=\"md\"&gt;&lt;p&gt;Welcome to &lt;a href=\"/r/AskHistorians\"&gt;/r/AskHistorians&lt;/a&gt;. &lt;strong&gt;Please be sure to &lt;a href=\"https://www.reddit.com/r/AskHistorians/wiki/rules\"&gt;Read Our Rules&lt;/a&gt; before you contribute to this community&lt;/strong&gt;.  &lt;/p&gt;\n\n&lt;p&gt;We thank you for your interest in this &lt;em&gt;question&lt;/em&gt;, and your patience in waiting for an in-depth and comprehensive answer to be written, which takes time. Please consider &lt;strong&gt;&lt;a href=\"https://www.reddit.com/message/compose/?to=RemindMeBot&amp;amp;subject=Reminder&amp;amp;message=%5Bhttps://www.reddit.com/r/AskHistorians/comments/cljgs8/do_modern_historians_still_use_terms_such_as/%5D%0A%0ARemindMe!++2+days\"&gt;Clicking Here for RemindMeBot&lt;/a&gt;&lt;/strong&gt;, or using &lt;a href=\"/r/AskHistorians/comments/8p0s9b/roundtable_21_be_kindremind_the_mod_approved/\"&gt;these alternatives&lt;/a&gt;. In the meantime our &lt;a href=\"https://twitter.com/askhistorians\"&gt;Twitter&lt;/a&gt;, &lt;a href=\"https://www.facebook.com/askhistorians/\"&gt;Facebook&lt;/a&gt;, and &lt;a href=\"https://www.reddit.com/r/AskHistorians/search?q=title%3A%22Sunday+Digest%22&amp;amp;restrict_sr=on&amp;amp;sort=new&amp;amp;t=all\"&gt;Sunday Digest&lt;/a&gt; feature excellent content that has already been written!&lt;/p&gt;\n\n&lt;p&gt;&lt;a href=\"https://www.reddit.com/r/AskHistorians/comments/btz9o5/testing_testing_123_well_be_trying_out_an/\"&gt;Please leave feedback on this test message here.&lt;/a&gt;&lt;/p&gt;\n\n&lt;p&gt;&lt;em&gt;I am a bot, and this action was performed automatically. Please &lt;a href=\"/message/compose/?to=/r/AskHistorians\"&gt;contact the moderators of this subreddit&lt;/a&gt; if you have any questions or concerns.&lt;/em&gt;&lt;/p&gt;\n&lt;/div&gt;", "stickied": true, "subreddit_type": "public", "can_gild": true, "gildings": {}, "author_flair_text_color": "light", "score_hidden": true, "permalink": "/r/AskHistorians/comments/cljgs8/do_modern_historians_still_use_terms_such_as/evvomh9/", "num_reports": null, "locked": true, "name": "t1_evvomh9", "created": 1564872058.0, "subreddit": "AskHistorians", "author_flair_text": "History of Robotics", "collapsed": false, "created_utc": 1564843258.0, "subreddit_name_prefixed": "r/AskHistorians", "controversiality": 0, "depth": 0, "author_flair_background_color": "#8b008b", "mod_reports": [], "mod_note": null, "distinguished": "moderator"}}, {"kind": "t1", "data": {"total_awards_received": 0, "approved_at_utc": null, "ups": 7, "mod_reason_by": null, "banned_by": null, "author_flair_type": "richtext", "removal_reason": null, "link_id": "t3_cljgs8", "author_flair_template_id": "9e641f94-c626-11e2-8e2c-12313b0b21ae", "likes": null, "no_follow": false, "replies": "", "user_reports": [], "saved": false, "id": "ewzya6y", "banned_at_utc": null, "mod_reason_title": null, "gilded": 0, "archived": false, "report_reasons": null, "author": "depanneur", "can_mod_post": false, "send_replies": true, "parent_id": "t3_cljgs8", "score": 7, "author_fullname": "t2_3t7lr", "approved_by": null, "all_awardings": [], "subreddit_id": "t5_2ssp3", "body": "Hey there, sorry for the very late response but unfortunately I am currently living without internet!! \n\nYes, the concept of a homogeneous \"Celtic culture\" is entirely problematic; at their height, Celtic languages were spoken between Ireland and Anatolia, and from Scotland to Northern Italy. Across this vast linguistic continuum, dozens, if not hundreds, of Celtic dialects were spoken by peoples with different social structures, religious beliefs and political organization. Perhaps the only Celtic speaking peoples who called themselves \"Celts\" were those who inhabited central Gaul, whom Caesar claims called themselves Celts. \n\nThere is reason to believe Caesar's claim as most of his ethnographic information seems to be cribbed from a now-lost ethnography on the Gauls written centuries earlier by a Greek historian named Posidonius who seems to have actually lived among the Gauls for a time somewhere north of the Greek trade colony of Massilia (modern day Marseilles). Not only that, but  the ethnonym \"Celt\" itself could possibly have a Celtic etymology, deriving from a Proto-Celtic verb **kel-o-* (to hide, cf. Old Irish *ceilid*) which means \"to hide\". Ranko Matasovich posits that this very speculative etymology (understandable given the lack of actual documentation) may make reference to Caesar's claim that the Gauls claimed descent from an underworld deity, and that the potential reconstructed name *Keltoy meant something like \"descendants of the hidden one\".\n\nSo there were probably some people who called themselves Celts, at least in a region of Gaul, but as to the rest of them? There is a temptation to equate Celticness with La Tene or Halstatt material cultures, which are the sort of artistic and craft styles most associated with speakers of Celtic languages, however we must remember that an archaeologist's Celt and a linguist's Celt look very different; one did not have to speak a Celtic language to wear a La Tene style sword or a La Tene style brooch and torc, and cultural contact along the Germanic-Celtic continuum proves that individuals belonging to other linguistic groups regularly appropriated \"Celtic\" styles and designs. \n\nIn my opinion, language is the only real defining feature of \"Celticness\". And among the Celtic languages, there are two competing groupings: Q and P Celtic, which suggests that genetically, the various Celtic dialects split between those which assimilated Proto-Celtic *kw into *p, and those that retained *kw, which developed into q/c in Old Irish for instance. Otherwise, the main genetic grouping of Celtic languages is between Continental and Insular Celtic languages, which argues for a much closer relationship between the Goidelic and Brythonic languages as a consequence of them splitting off from common Celtic. This perspective views the difference between P and Q Celtic as descriptive, rather than genetic (ie. it's definitely a grouping that can be made, but that doesn't mean that it means anything about the relationships between the various languages) and is largely based in an analysis of morphology rather than phonetics. \n\nEssentially the Continental/Insular perspective recognizes that Proto-Celtic and the Continental Celtic languages (Gaulish, Celtiberian, Lusitanian, Galatian etc.) were languages of moderate morphological complexity, resembling Latin, Greek and Sanskrit in their declensional systems (Gaulish is, strangely, grammatically more similar to Latin than Old Irish). Insular Languages like Old Irish, Welsh, Cornish, Breton etc. saw either a complete loss (in the case of the Brythonic family) of case declension, or a reduction of it in Goidelic. At the same time, these insular languages became even more complex than their continental counterparts in other ways, with some mindblowing complification of verbal form (an Old Irish verb has about 120 verbal forms - a modern English verb has about 40) and the use of initial mutation as a grammatical feature of the language that appears to be absent in Continental languages among other similarities. \n\nIt goes without saying that I support the Continental/Insular hypothesis as the distinction between Q an P Celtic speakers has lot of holes in it and is based in an analysis of a rather banal sound change that could have occurred independently in the involved languages, or have been the result of sustained contact between Gaul and Britain, which is definitely possible. \n\nSo to sum up: the only \"Celts\" are speakers of Celtic languages, and the only multiregional subdivisions that really hold water are between those who spoke the now-extinct Continental Celtic languages and those who spoke and continue to speak the Insular Celtic languages.", "edited": 1565902662.0, "author_flair_css_class": "moderator", "steward_reports": [], "is_submitter": false, "downs": 0, "author_flair_richtext": [{"e": "text", "t": "Moderator | Pre-Norman Ireland | Celtic Historical Linguistics"}], "author_patreon_flair": false, "collapsed_reason": null, "body_html": "&lt;div class=\"md\"&gt;&lt;p&gt;Hey there, sorry for the very late response but unfortunately I am currently living without internet!! &lt;/p&gt;\n\n&lt;p&gt;Yes, the concept of a homogeneous &amp;quot;Celtic culture&amp;quot; is entirely problematic; at their height, Celtic languages were spoken between Ireland and Anatolia, and from Scotland to Northern Italy. Across this vast linguistic continuum, dozens, if not hundreds, of Celtic dialects were spoken by peoples with different social structures, religious beliefs and political organization. Perhaps the only Celtic speaking peoples who called themselves &amp;quot;Celts&amp;quot; were those who inhabited central Gaul, whom Caesar claims called themselves Celts. &lt;/p&gt;\n\n&lt;p&gt;There is reason to believe Caesar&amp;#39;s claim as most of his ethnographic information seems to be cribbed from a now-lost ethnography on the Gauls written centuries earlier by a Greek historian named Posidonius who seems to have actually lived among the Gauls for a time somewhere north of the Greek trade colony of Massilia (modern day Marseilles). Not only that, but  the ethnonym &amp;quot;Celt&amp;quot; itself could possibly have a Celtic etymology, deriving from a Proto-Celtic verb *&lt;em&gt;kel-o-&lt;/em&gt; (to hide, cf. Old Irish &lt;em&gt;ceilid&lt;/em&gt;) which means &amp;quot;to hide&amp;quot;. Ranko Matasovich posits that this very speculative etymology (understandable given the lack of actual documentation) may make reference to Caesar&amp;#39;s claim that the Gauls claimed descent from an underworld deity, and that the potential reconstructed name *Keltoy meant something like &amp;quot;descendants of the hidden one&amp;quot;.&lt;/p&gt;\n\n&lt;p&gt;So there were probably some people who called themselves Celts, at least in a region of Gaul, but as to the rest of them? There is a temptation to equate Celticness with La Tene or Halstatt material cultures, which are the sort of artistic and craft styles most associated with speakers of Celtic languages, however we must remember that an archaeologist&amp;#39;s Celt and a linguist&amp;#39;s Celt look very different; one did not have to speak a Celtic language to wear a La Tene style sword or a La Tene style brooch and torc, and cultural contact along the Germanic-Celtic continuum proves that individuals belonging to other linguistic groups regularly appropriated &amp;quot;Celtic&amp;quot; styles and designs. &lt;/p&gt;\n\n&lt;p&gt;In my opinion, language is the only real defining feature of &amp;quot;Celticness&amp;quot;. And among the Celtic languages, there are two competing groupings: Q and P Celtic, which suggests that genetically, the various Celtic dialects split between those which assimilated Proto-Celtic *kw into *p, and those that retained *kw, which developed into q/c in Old Irish for instance. Otherwise, the main genetic grouping of Celtic languages is between Continental and Insular Celtic languages, which argues for a much closer relationship between the Goidelic and Brythonic languages as a consequence of them splitting off from common Celtic. This perspective views the difference between P and Q Celtic as descriptive, rather than genetic (ie. it&amp;#39;s definitely a grouping that can be made, but that doesn&amp;#39;t mean that it means anything about the relationships between the various languages) and is largely based in an analysis of morphology rather than phonetics. &lt;/p&gt;\n\n&lt;p&gt;Essentially the Continental/Insular perspective recognizes that Proto-Celtic and the Continental Celtic languages (Gaulish, Celtiberian, Lusitanian, Galatian etc.) were languages of moderate morphological complexity, resembling Latin, Greek and Sanskrit in their declensional systems (Gaulish is, strangely, grammatically more similar to Latin than Old Irish). Insular Languages like Old Irish, Welsh, Cornish, Breton etc. saw either a complete loss (in the case of the Brythonic family) of case declension, or a reduction of it in Goidelic. At the same time, these insular languages became even more complex than their continental counterparts in other ways, with some mindblowing complification of verbal form (an Old Irish verb has about 120 verbal forms - a modern English verb has about 40) and the use of initial mutation as a grammatical feature of the language that appears to be absent in Continental languages among other similarities. &lt;/p&gt;\n\n&lt;p&gt;It goes without saying that I support the Continental/Insular hypothesis as the distinction between Q an P Celtic speakers has lot of holes in it and is based in an analysis of a rather banal sound change that could have occurred independently in the involved languages, or have been the result of sustained contact between Gaul and Britain, which is definitely possible. &lt;/p&gt;\n\n&lt;p&gt;So to sum up: the only &amp;quot;Celts&amp;quot; are speakers of Celtic languages, and the only multiregional subdivisions that really hold water are between those who spoke the now-extinct Continental Celtic languages and those who spoke and continue to speak the Insular Celtic languages.&lt;/p&gt;\n&lt;/div&gt;", "stickied": false, "subreddit_type": "public", "can_gild": true, "gildings": {}, "author_flair_text_color": "light", "score_hidden": false, "permalink": "/r/AskHistorians/comments/cljgs8/do_modern_historians_still_use_terms_such_as/ewzya6y/", "num_reports": null, "locked": false, "name": "t1_ewzya6y", "created": 1565931196.0, "subreddit": "AskHistorians", "author_flair_text": "Moderator | Pre-Norman Ireland | Celtic Historical Linguistics", "collapsed": false, "created_utc": 1565902396.0, "subreddit_name_prefixed": "r/AskHistorians", "controversiality": 0, "depth": 0, "author_flair_background_color": "#8b008b", "mod_reports": [], "mod_note": null, "distinguished": null}}, {"kind": "t1", "data": {"total_awards_received": 0, "approved_at_utc": null, "ups": 1, "mod_reason_by": null, "banned_by": null, "author_flair_type": "text", "removal_reason": null, "link_id": "t3_cljgs8", "author_flair_template_id": null, "likes": null, "no_follow": true, "replies": "", "user_reports": [], "saved": false, "id": "ex0d38w", "banned_at_utc": null, "mod_reason_title": null, "gilded": 0, "archived": false, "report_reasons": null, "author": "Trajan_pt", "can_mod_post": false, "send_replies": true, "parent_id": "t3_cljgs8", "score": 1, "author_fullname": "t2_15og8i", "approved_by": null, "all_awardings": [], "subreddit_id": "t5_2ssp3", "body": "Wow, thank you so much for taking the time to break all of this down for me!", "edited": false, "author_flair_css_class": null, "steward_reports": [], "is_submitter": true, "downs": 0, "author_flair_richtext": [], "author_patreon_flair": false, "collapsed_reason": null, "body_html": "&lt;div class=\"md\"&gt;&lt;p&gt;Wow, thank you so much for taking the time to break all of this down for me!&lt;/p&gt;\n&lt;/div&gt;", "stickied": false, "subreddit_type": "public", "can_gild": true, "gildings": {}, "author_flair_text_color": null, "score_hidden": false, "permalink": "/r/AskHistorians/comments/cljgs8/do_modern_historians_still_use_terms_such_as/ex0d38w/", "num_reports": null, "locked": false, "name": "t1_ex0d38w", "created": 1565938873.0, "subreddit": "AskHistorians", "author_flair_text": null, "collapsed": false, "created_utc": 1565910073.0, "subreddit_name_prefixed": "r/AskHistorians", "controversiality": 0, "depth": 0, "author_flair_background_color": null, "mod_reports": [], "mod_note": null, "distinguished": null}}], "after": null, "before": null}}]