[{"kind": "Listing", "data": {"modhash": "", "dist": 1, "children": [{"kind": "t3", "data": {"approved_at_utc": null, "subreddit": "AskHistorians", "selftext": "", "user_reports": [], "saved": false, "mod_reason_title": null, "gilded": 0, "clicked": false, "title": "Enoch Powell was resoundingly popular with the public following his \u2018Rivers of Blood\u2019 speech according to Gallup. Why was the Tory Party and Press so quick to condemn him, and why was the establishment position so different to that of the public?", "link_flair_richtext": [], "subreddit_name_prefixed": "r/AskHistorians", "hidden": false, "pwls": 6, "link_flair_css_class": null, "downs": 0, "parent_whitelist_status": "all_ads", "hide_score": false, "name": "t3_clogsm", "quarantine": false, "link_flair_text_color": "dark", "upvote_ratio": 0.93, "author_flair_background_color": null, "subreddit_type": "public", "ups": 23, "total_awards_received": 0, "media_embed": {}, "author_flair_template_id": null, "is_original_content": false, "author_fullname": "t2_3p5vwve9", "secure_media": null, "is_reddit_media_domain": false, "is_meta": false, "category": null, "secure_media_embed": {}, "link_flair_text": null, "can_mod_post": false, "num_duplicates": 1, "approved_by": null, "thumbnail": "", "edited": false, "author_flair_css_class": null, "steward_reports": [], "author_flair_richtext": [], "gildings": {}, "content_categories": null, "is_self": true, "mod_note": null, "created": 1564898429.0, "link_flair_type": "text", "wls": 6, "banned_by": null, "author_flair_type": "text", "domain": "self.AskHistorians", "allow_live_comments": false, "selftext_html": null, "likes": null, "suggested_sort": null, "banned_at_utc": null, "view_count": null, "archived": false, "score": 23, "no_follow": false, "is_crosspostable": false, "pinned": false, "over_18": false, "all_awardings": [], "media": null, "media_only": false, "can_gild": false, "spoiler": false, "locked": false, "author_flair_text": null, "visited": false, "num_reports": null, "distinguished": null, "subreddit_id": "t5_2ssp3", "mod_reason_by": null, "removal_reason": null, "link_flair_background_color": "", "id": "clogsm", "is_robot_indexable": true, "report_reasons": null, "author": "nightopenedmyeyes", "num_crossposts": 0, "num_comments": 3, "send_replies": true, "contest_mode": false, "author_patreon_flair": false, "author_flair_text_color": null, "permalink": "/r/AskHistorians/comments/clogsm/enoch_powell_was_resoundingly_popular_with_the/", "whitelist_status": "all_ads", "stickied": false, "url": "https://www.reddit.com/r/AskHistorians/comments/clogsm/enoch_powell_was_resoundingly_popular_with_the/", "subreddit_subscribers": 1016330, "created_utc": 1564869629.0, "discussion_type": null, "mod_reports": [], "is_video": false}}], "after": null, "before": null}}, {"kind": "Listing", "data": {"modhash": "", "dist": null, "children": [{"kind": "t1", "data": {"total_awards_received": 0, "approved_at_utc": null, "ups": 1, "mod_reason_by": null, "banned_by": null, "author_flair_type": "richtext", "removal_reason": null, "link_id": "t3_clogsm", "author_flair_template_id": "9e641f94-c626-11e2-8e2c-12313b0b21ae", "likes": null, "no_follow": true, "replies": "", "user_reports": [], "saved": false, "id": "evwovve", "banned_at_utc": null, "mod_reason_title": null, "gilded": 0, "archived": false, "report_reasons": null, "author": "AutoModerator", "can_mod_post": false, "send_replies": false, "parent_id": "t3_clogsm", "score": 1, "author_fullname": "t2_6l4z3", "approved_by": null, "all_awardings": [], "subreddit_id": "t5_2ssp3", "body": "Welcome to /r/AskHistorians. **Please be sure to [Read Our Rules](https://www.reddit.com/r/AskHistorians/wiki/rules) before you contribute to this community**.  \n\nWe thank you for your interest in this *question*, and your patience in waiting for an in-depth and comprehensive answer to be written, which takes time. Please consider **[Clicking Here for RemindMeBot](https://www.reddit.com/message/compose/?to=RemindMeBot&amp;subject=Reminder&amp;message=%5Bhttps://www.reddit.com/r/AskHistorians/comments/clogsm/enoch_powell_was_resoundingly_popular_with_the/%5D%0A%0ARemindMe!++2+days)**, or using [these alternatives](/r/AskHistorians/comments/8p0s9b/roundtable_21_be_kindremind_the_mod_approved/). In the meantime our [Twitter](https://twitter.com/askhistorians), [Facebook](https://www.facebook.com/askhistorians/), and [Sunday Digest](https://www.reddit.com/r/AskHistorians/search?q=title%3A%22Sunday+Digest%22&amp;restrict_sr=on&amp;sort=new&amp;t=all) feature excellent content that has already been written!\n\n[Please leave feedback on this test message here.](https://www.reddit.com/r/AskHistorians/comments/btz9o5/testing_testing_123_well_be_trying_out_an/)\n\n\n*I am a bot, and this action was performed automatically. Please [contact the moderators of this subreddit](/message/compose/?to=/r/AskHistorians) if you have any questions or concerns.*", "edited": false, "author_flair_css_class": "moderator", "steward_reports": [], "is_submitter": false, "downs": 0, "author_flair_richtext": [{"e": "text", "t": "History of Robotics"}], "author_patreon_flair": false, "collapsed_reason": null, "body_html": "&lt;div class=\"md\"&gt;&lt;p&gt;Welcome to &lt;a href=\"/r/AskHistorians\"&gt;/r/AskHistorians&lt;/a&gt;. &lt;strong&gt;Please be sure to &lt;a href=\"https://www.reddit.com/r/AskHistorians/wiki/rules\"&gt;Read Our Rules&lt;/a&gt; before you contribute to this community&lt;/strong&gt;.  &lt;/p&gt;\n\n&lt;p&gt;We thank you for your interest in this &lt;em&gt;question&lt;/em&gt;, and your patience in waiting for an in-depth and comprehensive answer to be written, which takes time. Please consider &lt;strong&gt;&lt;a href=\"https://www.reddit.com/message/compose/?to=RemindMeBot&amp;amp;subject=Reminder&amp;amp;message=%5Bhttps://www.reddit.com/r/AskHistorians/comments/clogsm/enoch_powell_was_resoundingly_popular_with_the/%5D%0A%0ARemindMe!++2+days\"&gt;Clicking Here for RemindMeBot&lt;/a&gt;&lt;/strong&gt;, or using &lt;a href=\"/r/AskHistorians/comments/8p0s9b/roundtable_21_be_kindremind_the_mod_approved/\"&gt;these alternatives&lt;/a&gt;. In the meantime our &lt;a href=\"https://twitter.com/askhistorians\"&gt;Twitter&lt;/a&gt;, &lt;a href=\"https://www.facebook.com/askhistorians/\"&gt;Facebook&lt;/a&gt;, and &lt;a href=\"https://www.reddit.com/r/AskHistorians/search?q=title%3A%22Sunday+Digest%22&amp;amp;restrict_sr=on&amp;amp;sort=new&amp;amp;t=all\"&gt;Sunday Digest&lt;/a&gt; feature excellent content that has already been written!&lt;/p&gt;\n\n&lt;p&gt;&lt;a href=\"https://www.reddit.com/r/AskHistorians/comments/btz9o5/testing_testing_123_well_be_trying_out_an/\"&gt;Please leave feedback on this test message here.&lt;/a&gt;&lt;/p&gt;\n\n&lt;p&gt;&lt;em&gt;I am a bot, and this action was performed automatically. Please &lt;a href=\"/message/compose/?to=/r/AskHistorians\"&gt;contact the moderators of this subreddit&lt;/a&gt; if you have any questions or concerns.&lt;/em&gt;&lt;/p&gt;\n&lt;/div&gt;", "stickied": true, "subreddit_type": "public", "can_gild": true, "gildings": {}, "author_flair_text_color": "light", "score_hidden": true, "permalink": "/r/AskHistorians/comments/clogsm/enoch_powell_was_resoundingly_popular_with_the/evwovve/", "num_reports": null, "locked": true, "name": "t1_evwovve", "created": 1564898430.0, "subreddit": "AskHistorians", "author_flair_text": "History of Robotics", "collapsed": false, "created_utc": 1564869630.0, "subreddit_name_prefixed": "r/AskHistorians", "controversiality": 0, "depth": 0, "author_flair_background_color": "#8b008b", "mod_reports": [], "mod_note": null, "distinguished": "moderator"}}, {"kind": "t1", "data": {"total_awards_received": 0, "approved_at_utc": null, "ups": 5, "mod_reason_by": null, "banned_by": null, "author_flair_type": "richtext", "removal_reason": null, "link_id": "t3_clogsm", "author_flair_template_id": "7b2f3f40-c626-11e2-9a3e-12313d1841d1", "likes": null, "no_follow": false, "replies": {"kind": "Listing", "data": {"modhash": "", "dist": null, "children": [{"kind": "t1", "data": {"total_awards_received": 0, "approved_at_utc": null, "ups": 2, "mod_reason_by": null, "banned_by": null, "author_flair_type": "text", "removal_reason": null, "link_id": "t3_clogsm", "author_flair_template_id": null, "likes": null, "no_follow": true, "replies": "", "user_reports": [], "saved": false, "id": "evz81qf", "banned_at_utc": null, "mod_reason_title": null, "gilded": 0, "archived": false, "report_reasons": null, "author": "nightopenedmyeyes", "can_mod_post": false, "send_replies": true, "parent_id": "t1_evylnx6", "score": 2, "author_fullname": "t2_3p5vwve9", "approved_by": null, "all_awardings": [], "subreddit_id": "t5_2ssp3", "body": "Thanks boss.", "edited": false, "author_flair_css_class": null, "steward_reports": [], "is_submitter": true, "downs": 0, "author_flair_richtext": [], "author_patreon_flair": false, "collapsed_reason": null, "body_html": "&lt;div class=\"md\"&gt;&lt;p&gt;Thanks boss.&lt;/p&gt;\n&lt;/div&gt;", "stickied": false, "subreddit_type": "public", "can_gild": true, "gildings": {}, "author_flair_text_color": null, "score_hidden": false, "permalink": "/r/AskHistorians/comments/clogsm/enoch_powell_was_resoundingly_popular_with_the/evz81qf/", "num_reports": null, "locked": false, "name": "t1_evz81qf", "created": 1564980012.0, "subreddit": "AskHistorians", "author_flair_text": null, "collapsed": false, "created_utc": 1564951212.0, "subreddit_name_prefixed": "r/AskHistorians", "controversiality": 0, "depth": 1, "author_flair_background_color": null, "mod_reports": [], "mod_note": null, "distinguished": null}}], "after": null, "before": null}}, "user_reports": [], "saved": false, "id": "evylnx6", "banned_at_utc": null, "mod_reason_title": null, "gilded": 0, "archived": false, "report_reasons": null, "author": "Cobra_D", "can_mod_post": false, "send_replies": true, "parent_id": "t3_clogsm", "score": 5, "author_fullname": "t2_2iz78aqk", "approved_by": null, "all_awardings": [], "subreddit_id": "t5_2ssp3", "body": "The Tories denounced Powell's speech because it made race into a political issue and disrupted a fragile political consensus that benefited both them and the Labour Party. Britain's economic recovery following World War II depended on the maintenance of the peace between classes that had existed during the war, and on the exploitation of workers from the colonies, who provided a large labor force but did not receive much help from the state in the way of housing and welfare.\n\nThere was a bipartisan effort in government to maintain this situation by avoiding emotional politics about race or labor. Although Labour was publicly committed to racial equality, trade unions were not, and making race a big question threatened to open this fracture. The Tories on the other hand were obviously not keen on immigration, but wanted to avoid charges of racism, and like Labour avoided outright engagement on the topic of race through support for slow racial inclusion. Both parties viewed the question of racism as a political liability, and did their best to manage public opinion on the topic rather than following it.\n\nFor example, the Conservative's Shadow Home Secretary Quintin Hogg recommended supporting the 1968 Race Relations Bill which outlawed racial discrimination in private employment, loans, housing, insurance. Hogg argued that the Conservative Party should approach the issue of racism \"coolly, and cautiously, but liberally. We should not shut the door against extension \\[of laws against racism\\]. We should take the credit for the conciliation machinery. We should, on the other hand, sound a warning against excessive precipitancy. We must lead public opinion, not drag behind it, or bulldoze it.\"\n\nTherefore both parties supported a slow, limited, and unemotional approach to the issue of racism and immigration. Powell's speech was a populist attack on this bipartisan politics. As he said in another talk, there had opened \"a deep and dangerous gulf in the nation,\" between \"the overwhelming majority of people throughout the country on the one side, and the other side a tiny minority.\" Powell saw himself as leading a revolt of the silent majority who were deeply uncertain about Britain's transformation into a liberal, postcolonial state, which was happening under the aegis of both political parties.\n\nSource:\n\nCamilla Schofield, *Enoch Powell and the Making of Postcolonial Britain.* Cambridge: Cambridge University Press, 2013.", "edited": 1564936841.0, "author_flair_css_class": "europe", "steward_reports": [], "is_submitter": false, "downs": 0, "author_flair_richtext": [{"e": "text", "t": "Modern France | Culture, Gender, &amp; War"}], "author_patreon_flair": false, "collapsed_reason": null, "body_html": "&lt;div class=\"md\"&gt;&lt;p&gt;The Tories denounced Powell&amp;#39;s speech because it made race into a political issue and disrupted a fragile political consensus that benefited both them and the Labour Party. Britain&amp;#39;s economic recovery following World War II depended on the maintenance of the peace between classes that had existed during the war, and on the exploitation of workers from the colonies, who provided a large labor force but did not receive much help from the state in the way of housing and welfare.&lt;/p&gt;\n\n&lt;p&gt;There was a bipartisan effort in government to maintain this situation by avoiding emotional politics about race or labor. Although Labour was publicly committed to racial equality, trade unions were not, and making race a big question threatened to open this fracture. The Tories on the other hand were obviously not keen on immigration, but wanted to avoid charges of racism, and like Labour avoided outright engagement on the topic of race through support for slow racial inclusion. Both parties viewed the question of racism as a political liability, and did their best to manage public opinion on the topic rather than following it.&lt;/p&gt;\n\n&lt;p&gt;For example, the Conservative&amp;#39;s Shadow Home Secretary Quintin Hogg recommended supporting the 1968 Race Relations Bill which outlawed racial discrimination in private employment, loans, housing, insurance. Hogg argued that the Conservative Party should approach the issue of racism &amp;quot;coolly, and cautiously, but liberally. We should not shut the door against extension [of laws against racism]. We should take the credit for the conciliation machinery. We should, on the other hand, sound a warning against excessive precipitancy. We must lead public opinion, not drag behind it, or bulldoze it.&amp;quot;&lt;/p&gt;\n\n&lt;p&gt;Therefore both parties supported a slow, limited, and unemotional approach to the issue of racism and immigration. Powell&amp;#39;s speech was a populist attack on this bipartisan politics. As he said in another talk, there had opened &amp;quot;a deep and dangerous gulf in the nation,&amp;quot; between &amp;quot;the overwhelming majority of people throughout the country on the one side, and the other side a tiny minority.&amp;quot; Powell saw himself as leading a revolt of the silent majority who were deeply uncertain about Britain&amp;#39;s transformation into a liberal, postcolonial state, which was happening under the aegis of both political parties.&lt;/p&gt;\n\n&lt;p&gt;Source:&lt;/p&gt;\n\n&lt;p&gt;Camilla Schofield, &lt;em&gt;Enoch Powell and the Making of Postcolonial Britain.&lt;/em&gt; Cambridge: Cambridge University Press, 2013.&lt;/p&gt;\n&lt;/div&gt;", "stickied": false, "subreddit_type": "public", "can_gild": true, "gildings": {}, "author_flair_text_color": "light", "score_hidden": false, "permalink": "/r/AskHistorians/comments/clogsm/enoch_powell_was_resoundingly_popular_with_the/evylnx6/", "num_reports": null, "locked": false, "name": "t1_evylnx6", "created": 1564964384.0, "subreddit": "AskHistorians", "author_flair_text": "Modern France | Culture, Gender, &amp; War", "collapsed": false, "created_utc": 1564935584.0, "subreddit_name_prefixed": "r/AskHistorians", "controversiality": 0, "depth": 0, "author_flair_background_color": "#003399", "mod_reports": [], "mod_note": null, "distinguished": null}}], "after": null, "before": null}}]