[{"kind": "Listing", "data": {"modhash": "", "dist": 1, "children": [{"kind": "t3", "data": {"approved_at_utc": null, "subreddit": "AskHistorians", "selftext": "[removed]", "user_reports": [], "saved": false, "mod_reason_title": null, "gilded": 0, "clicked": false, "title": "Press coverage of the Holocaust before the American Invasion of Nazi Germany", "link_flair_richtext": [], "subreddit_name_prefixed": "r/AskHistorians", "hidden": false, "pwls": 6, "link_flair_css_class": null, "downs": 0, "parent_whitelist_status": "all_ads", "hide_score": false, "name": "t3_e5gpz0", "quarantine": false, "link_flair_text_color": "dark", "upvote_ratio": 0.75, "author_flair_background_color": "", "subreddit_type": "public", "ups": 2, "total_awards_received": 0, "media_embed": {}, "author_flair_template_id": null, "is_original_content": false, "secure_media": null, "is_reddit_media_domain": false, "is_meta": false, "category": null, "secure_media_embed": {}, "link_flair_text": null, "can_mod_post": false, "num_duplicates": 1, "approved_by": null, "thumbnail": "", "edited": false, "author_flair_css_class": null, "gildings": {}, "content_categories": null, "is_self": true, "mod_note": null, "created": 1575406510.0, "link_flair_type": "text", "wls": 6, "removed_by_category": "moderator", "banned_by": null, "domain": "self.AskHistorians", "allow_live_comments": false, "selftext_html": "&lt;!-- SC_OFF --&gt;&lt;div class=\"md\"&gt;&lt;p&gt;[removed]&lt;/p&gt;\n&lt;/div&gt;&lt;!-- SC_ON --&gt;", "likes": null, "suggested_sort": null, "banned_at_utc": null, "view_count": null, "archived": false, "score": 2, "no_follow": true, "is_crosspostable": false, "pinned": false, "over_18": false, "all_awardings": [], "awarders": [], "media_only": false, "can_gild": false, "spoiler": false, "locked": false, "author_flair_text": null, "visited": false, "removed_by": null, "num_reports": null, "distinguished": null, "subreddit_id": "t5_2ssp3", "mod_reason_by": null, "removal_reason": null, "link_flair_background_color": "", "id": "e5gpz0", "is_robot_indexable": false, "report_reasons": null, "author": "[deleted]", "discussion_type": null, "num_comments": 3, "send_replies": true, "media": null, "contest_mode": false, "author_flair_text_color": "dark", "permalink": "/r/AskHistorians/comments/e5gpz0/press_coverage_of_the_holocaust_before_the/", "whitelist_status": "all_ads", "stickied": false, "url": "https://www.reddit.com/r/AskHistorians/comments/e5gpz0/press_coverage_of_the_holocaust_before_the/", "subreddit_subscribers": 1080460, "created_utc": 1575377710.0, "num_crossposts": 0, "mod_reports": [], "is_video": false}}], "after": null, "before": null}}, {"kind": "Listing", "data": {"modhash": "", "dist": null, "children": [{"kind": "t1", "data": {"total_awards_received": 0, "approved_at_utc": null, "ups": 1, "awarders": [], "mod_reason_by": null, "banned_by": null, "author_flair_type": "richtext", "removal_reason": null, "link_id": "t3_e5gpz0", "author_flair_template_id": "9e641f94-c626-11e2-8e2c-12313b0b21ae", "likes": null, "replies": "", "user_reports": [], "saved": false, "id": "f9jkbap", "banned_at_utc": null, "mod_reason_title": null, "gilded": 0, "archived": false, "no_follow": true, "author": "AutoModerator", "can_mod_post": false, "send_replies": false, "parent_id": "t3_e5gpz0", "score": 1, "author_fullname": "t2_6l4z3", "report_reasons": null, "approved_by": null, "all_awardings": [], "subreddit_id": "t5_2ssp3", "body": "Welcome to /r/AskHistorians. **Please [Read Our Rules](https://www.reddit.com/r/AskHistorians/wiki/rules) before you comment in this community**. Understand that rule breaking comments get removed.\n\nWe thank you for your interest in this *question*, and your patience in waiting for an in-depth and comprehensive answer to be written, which takes time. Please consider **[Clicking Here for RemindMeBot](https://www.reddit.com/message/compose/?to=RemindMeBot&amp;subject=Reminder&amp;message=%5Bhttps://www.reddit.com/r/AskHistorians/comments/e5gpz0/press_coverage_of_the_holocaust_before_the/%5D%0A%0ARemindMe!%202%20days)**, [using our Browser Extension](https://www.reddit.com/r/AskHistorians/comments/d6dzi7/tired_of_clicking_to_find_only_removed_comments/), or getting the [Weekly Roundup](https://www.reddit.com/message/compose?to=subredditsummarybot&amp;subject=askhistorians+weekly&amp;message=x). In the meantime our [Twitter](https://twitter.com/askhistorians), [Facebook](https://www.facebook.com/askhistorians/), and [Sunday Digest](https://www.reddit.com/r/AskHistorians/search?q=title%3A%22Sunday+Digest%22&amp;restrict_sr=on&amp;sort=new&amp;t=all) feature excellent content that has already been written!\n\n\n*I am a bot, and this action was performed automatically. Please [contact the moderators of this subreddit](/message/compose/?to=/r/AskHistorians) if you have any questions or concerns.*", "edited": false, "author_flair_css_class": "moderator", "is_submitter": false, "downs": 0, "author_flair_richtext": [{"e": "text", "t": "History of Robotics"}], "author_patreon_flair": false, "body_html": "&lt;div class=\"md\"&gt;&lt;p&gt;Welcome to &lt;a href=\"/r/AskHistorians\"&gt;/r/AskHistorians&lt;/a&gt;. &lt;strong&gt;Please &lt;a href=\"https://www.reddit.com/r/AskHistorians/wiki/rules\"&gt;Read Our Rules&lt;/a&gt; before you comment in this community&lt;/strong&gt;. Understand that rule breaking comments get removed.&lt;/p&gt;\n\n&lt;p&gt;We thank you for your interest in this &lt;em&gt;question&lt;/em&gt;, and your patience in waiting for an in-depth and comprehensive answer to be written, which takes time. Please consider &lt;strong&gt;&lt;a href=\"https://www.reddit.com/message/compose/?to=RemindMeBot&amp;amp;subject=Reminder&amp;amp;message=%5Bhttps://www.reddit.com/r/AskHistorians/comments/e5gpz0/press_coverage_of_the_holocaust_before_the/%5D%0A%0ARemindMe!%202%20days\"&gt;Clicking Here for RemindMeBot&lt;/a&gt;&lt;/strong&gt;, &lt;a href=\"https://www.reddit.com/r/AskHistorians/comments/d6dzi7/tired_of_clicking_to_find_only_removed_comments/\"&gt;using our Browser Extension&lt;/a&gt;, or getting the &lt;a href=\"https://www.reddit.com/message/compose?to=subredditsummarybot&amp;amp;subject=askhistorians+weekly&amp;amp;message=x\"&gt;Weekly Roundup&lt;/a&gt;. In the meantime our &lt;a href=\"https://twitter.com/askhistorians\"&gt;Twitter&lt;/a&gt;, &lt;a href=\"https://www.facebook.com/askhistorians/\"&gt;Facebook&lt;/a&gt;, and &lt;a href=\"https://www.reddit.com/r/AskHistorians/search?q=title%3A%22Sunday+Digest%22&amp;amp;restrict_sr=on&amp;amp;sort=new&amp;amp;t=all\"&gt;Sunday Digest&lt;/a&gt; feature excellent content that has already been written!&lt;/p&gt;\n\n&lt;p&gt;&lt;em&gt;I am a bot, and this action was performed automatically. Please &lt;a href=\"/message/compose/?to=/r/AskHistorians\"&gt;contact the moderators of this subreddit&lt;/a&gt; if you have any questions or concerns.&lt;/em&gt;&lt;/p&gt;\n&lt;/div&gt;", "gildings": {}, "collapsed_reason": null, "associated_award": null, "stickied": true, "author_premium": true, "subreddit_type": "public", "can_gild": true, "subreddit": "AskHistorians", "author_flair_text_color": "light", "score_hidden": true, "permalink": "/r/AskHistorians/comments/e5gpz0/press_coverage_of_the_holocaust_before_the/f9jkbap/", "num_reports": null, "locked": true, "name": "t1_f9jkbap", "created": 1575406511.0, "author_flair_text": "History of Robotics", "collapsed": false, "created_utc": 1575377711.0, "subreddit_name_prefixed": "r/AskHistorians", "controversiality": 0, "depth": 0, "author_flair_background_color": "#8b008b", "collapsed_because_crowd_control": null, "mod_reports": [], "mod_note": null, "distinguished": "moderator"}}, {"kind": "t1", "data": {"total_awards_received": 0, "approved_at_utc": null, "ups": 1, "awarders": [], "mod_reason_by": null, "banned_by": null, "author_flair_type": "richtext", "removal_reason": null, "link_id": "t3_e5gpz0", "author_flair_template_id": "7b2f3f40-c626-11e2-9a3e-12313d1841d1", "likes": null, "replies": "", "user_reports": [], "saved": false, "id": "f9jo6yu", "banned_at_utc": null, "mod_reason_title": null, "gilded": 0, "archived": false, "no_follow": true, "author": "crrpit", "can_mod_post": false, "send_replies": true, "parent_id": "t3_e5gpz0", "score": 1, "author_fullname": "t2_vptjm6b", "report_reasons": null, "approved_by": null, "all_awardings": [], "subreddit_id": "t5_2ssp3", "body": "Hello! We have temporarily removed your submission, as while the question itself is fine, the framing is problematic in terms of our rules. If you are willing to make some edits to the text, we would be happy to reinstate it.\n\nFirst, our rules prohibit discussion of current politics (defined as events taking place in the past 20 years). While we understand that your desire for knowledge is prompted by current events, we would ask that you remove direct reference to them, as it encourages answers that will run afoul of our rules by making direct comparisons.\n\nSecondly, please remove the following passage:\n&gt;So what I'm specifically looking for are your, the r/AskHistorians opinions, hot takes, general nuggets of interestening knowledge, and general opinions and discussion son the matter.\n\nOur forum is intended for soliciting high-quality, in depth answers to questions, rather than snippets of trivia, opinions or argument.  We maintain the same moderation standards across all threads, so ask that users do not attempt to specify requirements for answers that are different to our general rules. If you are after a more informal, free-flowing discussion, you may wish to try r/AskHistory or r/history instead.\nThanks!", "edited": false, "author_flair_css_class": "europe", "is_submitter": false, "downs": 0, "author_flair_richtext": [{"e": "text", "t": "Moderator | Spanish Civil War | Anti-Fascism"}], "author_patreon_flair": false, "body_html": "&lt;div class=\"md\"&gt;&lt;p&gt;Hello! We have temporarily removed your submission, as while the question itself is fine, the framing is problematic in terms of our rules. If you are willing to make some edits to the text, we would be happy to reinstate it.&lt;/p&gt;\n\n&lt;p&gt;First, our rules prohibit discussion of current politics (defined as events taking place in the past 20 years). While we understand that your desire for knowledge is prompted by current events, we would ask that you remove direct reference to them, as it encourages answers that will run afoul of our rules by making direct comparisons.&lt;/p&gt;\n\n&lt;p&gt;Secondly, please remove the following passage:&lt;/p&gt;\n\n&lt;blockquote&gt;\n&lt;p&gt;So what I&amp;#39;m specifically looking for are your, the &lt;a href=\"/r/AskHistorians\"&gt;r/AskHistorians&lt;/a&gt; opinions, hot takes, general nuggets of interestening knowledge, and general opinions and discussion son the matter.&lt;/p&gt;\n&lt;/blockquote&gt;\n\n&lt;p&gt;Our forum is intended for soliciting high-quality, in depth answers to questions, rather than snippets of trivia, opinions or argument.  We maintain the same moderation standards across all threads, so ask that users do not attempt to specify requirements for answers that are different to our general rules. If you are after a more informal, free-flowing discussion, you may wish to try &lt;a href=\"/r/AskHistory\"&gt;r/AskHistory&lt;/a&gt; or &lt;a href=\"/r/history\"&gt;r/history&lt;/a&gt; instead.\nThanks!&lt;/p&gt;\n&lt;/div&gt;", "gildings": {}, "collapsed_reason": null, "associated_award": null, "stickied": false, "author_premium": false, "subreddit_type": "public", "can_gild": true, "subreddit": "AskHistorians", "author_flair_text_color": "light", "score_hidden": false, "permalink": "/r/AskHistorians/comments/e5gpz0/press_coverage_of_the_holocaust_before_the/f9jo6yu/", "num_reports": null, "locked": false, "name": "t1_f9jo6yu", "created": 1575410090.0, "author_flair_text": "Moderator | Spanish Civil War | Anti-Fascism", "collapsed": false, "created_utc": 1575381290.0, "subreddit_name_prefixed": "r/AskHistorians", "controversiality": 0, "depth": 0, "author_flair_background_color": "#003399", "collapsed_because_crowd_control": null, "mod_reports": [], "mod_note": null, "distinguished": "moderator"}}, {"kind": "t1", "data": {"total_awards_received": 0, "approved_at_utc": null, "ups": 1, "awarders": [], "mod_reason_by": null, "banned_by": null, "author_flair_type": "richtext", "removal_reason": null, "link_id": "t3_e5gpz0", "author_flair_template_id": "7b2f3f40-c626-11e2-9a3e-12313d1841d1", "likes": null, "replies": "", "user_reports": [], "saved": false, "id": "f9jojxn", "banned_at_utc": null, "mod_reason_title": null, "gilded": 0, "archived": false, "no_follow": true, "author": "Kugelfang52", "can_mod_post": false, "send_replies": true, "parent_id": "t3_e5gpz0", "score": 1, "author_fullname": "t2_hxku4", "report_reasons": null, "approved_by": null, "all_awardings": [], "subreddit_id": "t5_2ssp3", "body": "u/commiespaceinvader answered a similar question [here](https://www.reddit.com/r/AskHistorians/comments/81ftjo/while_the_nazis_are_clearly_the_bad_guys_in/?utm_source=share&amp;utm_medium=ios_app&amp;utm_name=iossmf).", "edited": false, "author_flair_css_class": "europe", "is_submitter": false, "downs": 0, "author_flair_richtext": [{"e": "text", "t": "Third Reich | Holocaust Historiography | Textbooks"}], "author_patreon_flair": false, "body_html": "&lt;div class=\"md\"&gt;&lt;p&gt;&lt;a href=\"/u/commiespaceinvader\"&gt;u/commiespaceinvader&lt;/a&gt; answered a similar question &lt;a href=\"https://www.reddit.com/r/AskHistorians/comments/81ftjo/while_the_nazis_are_clearly_the_bad_guys_in/?utm_source=share&amp;amp;utm_medium=ios_app&amp;amp;utm_name=iossmf\"&gt;here&lt;/a&gt;.&lt;/p&gt;\n&lt;/div&gt;", "gildings": {}, "collapsed_reason": null, "associated_award": null, "stickied": false, "author_premium": false, "subreddit_type": "public", "can_gild": true, "subreddit": "AskHistorians", "author_flair_text_color": "light", "score_hidden": false, "permalink": "/r/AskHistorians/comments/e5gpz0/press_coverage_of_the_holocaust_before_the/f9jojxn/", "num_reports": null, "locked": false, "name": "t1_f9jojxn", "created": 1575410390.0, "author_flair_text": "Third Reich | Holocaust Historiography | Textbooks", "collapsed": false, "created_utc": 1575381590.0, "subreddit_name_prefixed": "r/AskHistorians", "controversiality": 0, "depth": 0, "author_flair_background_color": "#003399", "collapsed_because_crowd_control": null, "mod_reports": [], "mod_note": null, "distinguished": null}}], "after": null, "before": null}}]