[{"kind": "Listing", "data": {"modhash": "", "dist": 1, "children": [{"kind": "t3", "data": {"approved_at_utc": null, "subreddit": "AskHistorians", "selftext": "How far away was the communism in the Soviet Union actually from what Marx actually described as communism and what were the main differences?", "user_reports": [], "saved": false, "mod_reason_title": null, "gilded": 0, "clicked": false, "title": "I have heard plenty of times that the communist system in the Soviet Union is not what Karl Marx intended.", "link_flair_richtext": [], "subreddit_name_prefixed": "r/AskHistorians", "hidden": false, "pwls": 6, "link_flair_css_class": null, "downs": 0, "parent_whitelist_status": "all_ads", "hide_score": false, "name": "t3_e5khlo", "quarantine": false, "link_flair_text_color": "dark", "upvote_ratio": 0.88, "author_flair_background_color": null, "subreddit_type": "public", "ups": 69, "total_awards_received": 0, "media_embed": {}, "author_flair_template_id": null, "is_original_content": false, "author_fullname": "t2_28cla77c", "secure_media": null, "is_reddit_media_domain": false, "is_meta": false, "category": null, "secure_media_embed": {}, "link_flair_text": null, "can_mod_post": false, "num_duplicates": 1, "approved_by": null, "author_premium": false, "thumbnail": "", "edited": false, "author_flair_css_class": null, "author_flair_richtext": [], "gildings": {}, "content_categories": null, "is_self": true, "mod_note": null, "created": 1575423197.0, "link_flair_type": "text", "wls": 6, "removed_by_category": null, "banned_by": null, "author_flair_type": "text", "domain": "self.AskHistorians", "allow_live_comments": true, "selftext_html": "&lt;!-- SC_OFF --&gt;&lt;div class=\"md\"&gt;&lt;p&gt;How far away was the communism in the Soviet Union actually from what Marx actually described as communism and what were the main differences?&lt;/p&gt;\n&lt;/div&gt;&lt;!-- SC_ON --&gt;", "likes": null, "suggested_sort": null, "banned_at_utc": null, "view_count": null, "archived": false, "score": 69, "no_follow": false, "is_crosspostable": false, "pinned": false, "over_18": false, "all_awardings": [], "awarders": [], "media_only": false, "can_gild": false, "spoiler": false, "locked": false, "author_flair_text": null, "visited": false, "removed_by": null, "num_reports": null, "distinguished": null, "subreddit_id": "t5_2ssp3", "mod_reason_by": null, "removal_reason": null, "link_flair_background_color": "", "id": "e5khlo", "is_robot_indexable": true, "report_reasons": null, "author": "Superswan94", "discussion_type": null, "num_comments": 7, "send_replies": true, "media": null, "contest_mode": false, "author_patreon_flair": false, "author_flair_text_color": null, "permalink": "/r/AskHistorians/comments/e5khlo/i_have_heard_plenty_of_times_that_the_communist/", "whitelist_status": "all_ads", "stickied": false, "url": "https://www.reddit.com/r/AskHistorians/comments/e5khlo/i_have_heard_plenty_of_times_that_the_communist/", "subreddit_subscribers": 1080460, "created_utc": 1575394397.0, "num_crossposts": 0, "mod_reports": [], "is_video": false}}], "after": null, "before": null}}, {"kind": "Listing", "data": {"modhash": "", "dist": null, "children": [{"kind": "t1", "data": {"total_awards_received": 0, "approved_at_utc": null, "ups": 1, "awarders": [], "mod_reason_by": null, "banned_by": null, "author_flair_type": "richtext", "removal_reason": null, "link_id": "t3_e5khlo", "author_flair_template_id": "9e641f94-c626-11e2-8e2c-12313b0b21ae", "likes": null, "replies": "", "user_reports": [], "saved": false, "id": "f9k7c5l", "banned_at_utc": null, "mod_reason_title": null, "gilded": 0, "archived": false, "no_follow": true, "author": "AutoModerator", "can_mod_post": false, "send_replies": false, "parent_id": "t3_e5khlo", "score": 1, "author_fullname": "t2_6l4z3", "report_reasons": null, "approved_by": null, "all_awardings": [], "subreddit_id": "t5_2ssp3", "body": "Welcome to /r/AskHistorians. **Please [Read Our Rules](https://www.reddit.com/r/AskHistorians/wiki/rules) before you comment in this community**. Understand that rule breaking comments get removed.\n\nWe thank you for your interest in this *question*, and your patience in waiting for an in-depth and comprehensive answer to be written, which takes time. Please consider **[Clicking Here for RemindMeBot](https://www.reddit.com/message/compose/?to=RemindMeBot&amp;subject=Reminder&amp;message=%5Bhttps://www.reddit.com/r/AskHistorians/comments/e5khlo/i_have_heard_plenty_of_times_that_the_communist/%5D%0A%0ARemindMe!%202%20days)**, [using our Browser Extension](https://www.reddit.com/r/AskHistorians/comments/d6dzi7/tired_of_clicking_to_find_only_removed_comments/), or getting the [Weekly Roundup](https://www.reddit.com/message/compose?to=subredditsummarybot&amp;subject=askhistorians+weekly&amp;message=x). In the meantime our [Twitter](https://twitter.com/askhistorians), [Facebook](https://www.facebook.com/askhistorians/), and [Sunday Digest](https://www.reddit.com/r/AskHistorians/search?q=title%3A%22Sunday+Digest%22&amp;restrict_sr=on&amp;sort=new&amp;t=all) feature excellent content that has already been written!\n\n\n*I am a bot, and this action was performed automatically. Please [contact the moderators of this subreddit](/message/compose/?to=/r/AskHistorians) if you have any questions or concerns.*", "edited": false, "author_flair_css_class": "moderator", "is_submitter": false, "downs": 0, "author_flair_richtext": [{"e": "text", "t": "History of Robotics"}], "author_patreon_flair": false, "body_html": "&lt;div class=\"md\"&gt;&lt;p&gt;Welcome to &lt;a href=\"/r/AskHistorians\"&gt;/r/AskHistorians&lt;/a&gt;. &lt;strong&gt;Please &lt;a href=\"https://www.reddit.com/r/AskHistorians/wiki/rules\"&gt;Read Our Rules&lt;/a&gt; before you comment in this community&lt;/strong&gt;. Understand that rule breaking comments get removed.&lt;/p&gt;\n\n&lt;p&gt;We thank you for your interest in this &lt;em&gt;question&lt;/em&gt;, and your patience in waiting for an in-depth and comprehensive answer to be written, which takes time. Please consider &lt;strong&gt;&lt;a href=\"https://www.reddit.com/message/compose/?to=RemindMeBot&amp;amp;subject=Reminder&amp;amp;message=%5Bhttps://www.reddit.com/r/AskHistorians/comments/e5khlo/i_have_heard_plenty_of_times_that_the_communist/%5D%0A%0ARemindMe!%202%20days\"&gt;Clicking Here for RemindMeBot&lt;/a&gt;&lt;/strong&gt;, &lt;a href=\"https://www.reddit.com/r/AskHistorians/comments/d6dzi7/tired_of_clicking_to_find_only_removed_comments/\"&gt;using our Browser Extension&lt;/a&gt;, or getting the &lt;a href=\"https://www.reddit.com/message/compose?to=subredditsummarybot&amp;amp;subject=askhistorians+weekly&amp;amp;message=x\"&gt;Weekly Roundup&lt;/a&gt;. In the meantime our &lt;a href=\"https://twitter.com/askhistorians\"&gt;Twitter&lt;/a&gt;, &lt;a href=\"https://www.facebook.com/askhistorians/\"&gt;Facebook&lt;/a&gt;, and &lt;a href=\"https://www.reddit.com/r/AskHistorians/search?q=title%3A%22Sunday+Digest%22&amp;amp;restrict_sr=on&amp;amp;sort=new&amp;amp;t=all\"&gt;Sunday Digest&lt;/a&gt; feature excellent content that has already been written!&lt;/p&gt;\n\n&lt;p&gt;&lt;em&gt;I am a bot, and this action was performed automatically. Please &lt;a href=\"/message/compose/?to=/r/AskHistorians\"&gt;contact the moderators of this subreddit&lt;/a&gt; if you have any questions or concerns.&lt;/em&gt;&lt;/p&gt;\n&lt;/div&gt;", "gildings": {}, "collapsed_reason": null, "associated_award": null, "stickied": true, "author_premium": true, "subreddit_type": "public", "can_gild": true, "subreddit": "AskHistorians", "author_flair_text_color": "light", "score_hidden": true, "permalink": "/r/AskHistorians/comments/e5khlo/i_have_heard_plenty_of_times_that_the_communist/f9k7c5l/", "num_reports": null, "locked": true, "name": "t1_f9k7c5l", "created": 1575423197.0, "author_flair_text": "History of Robotics", "collapsed": false, "created_utc": 1575394397.0, "subreddit_name_prefixed": "r/AskHistorians", "controversiality": 0, "depth": 0, "author_flair_background_color": "#8b008b", "collapsed_because_crowd_control": null, "mod_reports": [], "mod_note": null, "distinguished": "moderator"}}, {"kind": "t1", "data": {"total_awards_received": 0, "approved_at_utc": null, "ups": 56, "awarders": [], "mod_reason_by": null, "banned_by": null, "removal_reason": null, "link_id": "t3_e5khlo", "author_flair_template_id": null, "likes": null, "no_follow": false, "replies": {"kind": "Listing", "data": {"modhash": "", "dist": null, "children": [{"kind": "t1", "data": {"total_awards_received": 0, "approved_at_utc": null, "ups": 12, "awarders": [], "mod_reason_by": null, "banned_by": null, "author_flair_type": "text", "removal_reason": null, "link_id": "t3_e5khlo", "author_flair_template_id": null, "likes": null, "replies": {"kind": "Listing", "data": {"modhash": "", "dist": null, "children": [{"kind": "t1", "data": {"total_awards_received": 0, "approved_at_utc": null, "ups": 16, "awarders": [], "mod_reason_by": null, "banned_by": null, "removal_reason": null, "link_id": "t3_e5khlo", "author_flair_template_id": null, "likes": null, "no_follow": false, "replies": "", "user_reports": [], "saved": false, "id": "f9lgta7", "banned_at_utc": null, "mod_reason_title": null, "gilded": 0, "archived": false, "report_reasons": null, "author": "[deleted]", "can_mod_post": false, "send_replies": true, "parent_id": "t1_f9lblqm", "score": 16, "approved_by": null, "all_awardings": [], "subreddit_id": "t5_2ssp3", "body": "This is a very common critique of Marx, in that in the majority of Marx's writings he mainly focused on the critique of capitalism, and only very briefly touched on how a post capitalistic society would actually work. In his communist manifesto, he very briefly describes the revolution, the socialist transition regime, and communism, but he never really goes into too much detail about how it would maintain itself. He does this because 1. He was very, very optimistic, and 2. In one of his early writings \"For a Ruthless Criticism of Everything Existing\", he mentions how he wants to show people their problems through critique, instead of telling them what they exactly are. Therefore, most of his work focused on critiquing the current structure, in hopes of bringing about a class consciousness within the working class, in which they would be able to come up with their own solutions long term. So, he essentially left the \"how it would work\" question largely on the table for the working class to figure out on their own with the newly found time, and range of possibility within critical thought open to them once they are freed from simply being a \"worker\" for the ruling class.\n\nRegarding Marx's critique of food production, and almost every other commodity, his critique in his works such as \"Capital\" focused on the priority behind its production. Due to the fact that in a Capitalistic system the first and foremost priority is to always generate capital, the food quality comes second to how much money it can produce. So, he claims capitalist's intentionally ruined the soil with chemicals, used additives in the bread of the poor, and mistreated animals all in favor of mass producing more efficiently to generate more and more Capital, with the quality of the food becoming an afterthought. This led to the degeneration of both the worker doing the actual farming, and the worker's (general population) health from the poor quality food being produced by the ruling class. Under a communist system, Marx claims if the workers then took the means of production, the main priority for food or any production of goods would be to produce the best quality food for the health of the people,  because capital isn't a problem anymore. Marx himself briefly talked about hunter-gatherer societies as a form of early communism, but the transition from an industrialized farming method which arose from capitalism, back to a hunter gatherer focused society is one of the main reasons why the socialist transitional government often gets stuck, because the redistribution of food becomes so essential due to the lack of local agriculture which arises from centralized food production. Regarding your question directly of distribution, it would be the temporary Socialist government's responsibility to redistribute the goods which had been disproportionally accumulated, and in Marx's ideals once the redistribution takes place the society can  move to the point of self sufficiency or any other possible form of self government which the working class could theoretically think up. This would allow the socialist government to \"wither away\"\n\nOf course, that is a very optimistic outlook, and Marx himself was quite vague on how it would address all the problems from attempting such a massive change. Some may argue because it's impossible, Marx would argue that it simply hasn't been thought up yet due to everyone's minds being preoccupied with being a worker. In any case, the vagueness of it all allows people like Lenin to bring their own interpretation to \"communism\", which Marx often gets critiqued of setting up. In case of the USSR, not only did they not have proper means of production to redistribute food, but they didn't have the resources to become a hunter gatherer society afterward. This is one of the many reasons why so many people experienced starvation during Stalin's regime.", "edited": 1575429846.0, "author_flair_css_class": null, "downs": 0, "is_submitter": false, "body_html": "&lt;div class=\"md\"&gt;&lt;p&gt;This is a very common critique of Marx, in that in the majority of Marx&amp;#39;s writings he mainly focused on the critique of capitalism, and only very briefly touched on how a post capitalistic society would actually work. In his communist manifesto, he very briefly describes the revolution, the socialist transition regime, and communism, but he never really goes into too much detail about how it would maintain itself. He does this because 1. He was very, very optimistic, and 2. In one of his early writings &amp;quot;For a Ruthless Criticism of Everything Existing&amp;quot;, he mentions how he wants to show people their problems through critique, instead of telling them what they exactly are. Therefore, most of his work focused on critiquing the current structure, in hopes of bringing about a class consciousness within the working class, in which they would be able to come up with their own solutions long term. So, he essentially left the &amp;quot;how it would work&amp;quot; question largely on the table for the working class to figure out on their own with the newly found time, and range of possibility within critical thought open to them once they are freed from simply being a &amp;quot;worker&amp;quot; for the ruling class.&lt;/p&gt;\n\n&lt;p&gt;Regarding Marx&amp;#39;s critique of food production, and almost every other commodity, his critique in his works such as &amp;quot;Capital&amp;quot; focused on the priority behind its production. Due to the fact that in a Capitalistic system the first and foremost priority is to always generate capital, the food quality comes second to how much money it can produce. So, he claims capitalist&amp;#39;s intentionally ruined the soil with chemicals, used additives in the bread of the poor, and mistreated animals all in favor of mass producing more efficiently to generate more and more Capital, with the quality of the food becoming an afterthought. This led to the degeneration of both the worker doing the actual farming, and the worker&amp;#39;s (general population) health from the poor quality food being produced by the ruling class. Under a communist system, Marx claims if the workers then took the means of production, the main priority for food or any production of goods would be to produce the best quality food for the health of the people,  because capital isn&amp;#39;t a problem anymore. Marx himself briefly talked about hunter-gatherer societies as a form of early communism, but the transition from an industrialized farming method which arose from capitalism, back to a hunter gatherer focused society is one of the main reasons why the socialist transitional government often gets stuck, because the redistribution of food becomes so essential due to the lack of local agriculture which arises from centralized food production. Regarding your question directly of distribution, it would be the temporary Socialist government&amp;#39;s responsibility to redistribute the goods which had been disproportionally accumulated, and in Marx&amp;#39;s ideals once the redistribution takes place the society can  move to the point of self sufficiency or any other possible form of self government which the working class could theoretically think up. This would allow the socialist government to &amp;quot;wither away&amp;quot;&lt;/p&gt;\n\n&lt;p&gt;Of course, that is a very optimistic outlook, and Marx himself was quite vague on how it would address all the problems from attempting such a massive change. Some may argue because it&amp;#39;s impossible, Marx would argue that it simply hasn&amp;#39;t been thought up yet due to everyone&amp;#39;s minds being preoccupied with being a worker. In any case, the vagueness of it all allows people like Lenin to bring their own interpretation to &amp;quot;communism&amp;quot;, which Marx often gets critiqued of setting up. In case of the USSR, not only did they not have proper means of production to redistribute food, but they didn&amp;#39;t have the resources to become a hunter gatherer society afterward. This is one of the many reasons why so many people experienced starvation during Stalin&amp;#39;s regime.&lt;/p&gt;\n&lt;/div&gt;", "gildings": {}, "collapsed_reason": null, "associated_award": null, "stickied": false, "subreddit_type": "public", "can_gild": false, "subreddit": "AskHistorians", "author_flair_text_color": "dark", "score_hidden": false, "permalink": "/r/AskHistorians/comments/e5khlo/i_have_heard_plenty_of_times_that_the_communist/f9lgta7/", "num_reports": null, "locked": false, "name": "t1_f9lgta7", "created": 1575451543.0, "author_flair_text": null, "collapsed": false, "created_utc": 1575422743.0, "subreddit_name_prefixed": "r/AskHistorians", "controversiality": 0, "depth": 2, "author_flair_background_color": "", "collapsed_because_crowd_control": null, "mod_reports": [], "mod_note": null, "distinguished": null}}], "after": null, "before": null}}, "user_reports": [], "saved": false, "id": "f9lblqm", "banned_at_utc": null, "mod_reason_title": null, "gilded": 0, "archived": false, "no_follow": false, "author": "someguyfromtheuk", "can_mod_post": false, "send_replies": true, "parent_id": "t1_f9l3iyb", "score": 12, "author_fullname": "t2_di820", "report_reasons": null, "approved_by": null, "all_awardings": [], "subreddit_id": "t5_2ssp3", "body": "&gt; Essentially, a communist society would have 0 government or state, with the people collectively owning the means of production to produce the needs of the society. Each person would contribute what they can in terms of work and skills, but ultimately be free to hunt, fish, write, partake in the arts, as they please, without anyone in particular owning any private property, because private property is what leads to state formation, capitalistic society, manipulation of workers, etc. To get rid of private property, there has to be means of production available where any need by the people such as food and shelter can be met collectively.\n\nHow did Marx expect this to work?\n\nEven if you agreed that food and shelter were communally owned, how do you distribute them in a manner to ensure everyone gets something quickly enough?\n\nconsider Food.\n\nFor small groups you could have everyone pool their food and then divide it up or even hold a large communal meal, but in an industrial society where 1% of the population produces all the food it's not feasible.", "edited": false, "author_flair_css_class": null, "is_submitter": false, "downs": 0, "author_flair_richtext": [], "author_patreon_flair": false, "body_html": "&lt;div class=\"md\"&gt;&lt;blockquote&gt;\n&lt;p&gt;Essentially, a communist society would have 0 government or state, with the people collectively owning the means of production to produce the needs of the society. Each person would contribute what they can in terms of work and skills, but ultimately be free to hunt, fish, write, partake in the arts, as they please, without anyone in particular owning any private property, because private property is what leads to state formation, capitalistic society, manipulation of workers, etc. To get rid of private property, there has to be means of production available where any need by the people such as food and shelter can be met collectively.&lt;/p&gt;\n&lt;/blockquote&gt;\n\n&lt;p&gt;How did Marx expect this to work?&lt;/p&gt;\n\n&lt;p&gt;Even if you agreed that food and shelter were communally owned, how do you distribute them in a manner to ensure everyone gets something quickly enough?&lt;/p&gt;\n\n&lt;p&gt;consider Food.&lt;/p&gt;\n\n&lt;p&gt;For small groups you could have everyone pool their food and then divide it up or even hold a large communal meal, but in an industrial society where 1% of the population produces all the food it&amp;#39;s not feasible.&lt;/p&gt;\n&lt;/div&gt;", "gildings": {}, "collapsed_reason": null, "associated_award": null, "stickied": false, "author_premium": false, "subreddit_type": "public", "can_gild": true, "subreddit": "AskHistorians", "author_flair_text_color": null, "score_hidden": false, "permalink": "/r/AskHistorians/comments/e5khlo/i_have_heard_plenty_of_times_that_the_communist/f9lblqm/", "num_reports": null, "locked": false, "name": "t1_f9lblqm", "created": 1575447916.0, "author_flair_text": null, "collapsed": false, "created_utc": 1575419116.0, "subreddit_name_prefixed": "r/AskHistorians", "controversiality": 0, "depth": 1, "author_flair_background_color": null, "collapsed_because_crowd_control": null, "mod_reports": [], "mod_note": null, "distinguished": null}}, {"kind": "t1", "data": {"total_awards_received": 0, "approved_at_utc": null, "ups": 1, "awarders": [], "mod_reason_by": null, "banned_by": null, "author_flair_type": "text", "removal_reason": null, "link_id": "t3_e5khlo", "author_flair_template_id": null, "likes": null, "replies": {"kind": "Listing", "data": {"modhash": "", "dist": null, "children": [{"kind": "t1", "data": {"total_awards_received": 0, "approved_at_utc": null, "ups": 6, "awarders": [], "mod_reason_by": null, "banned_by": null, "removal_reason": null, "link_id": "t3_e5khlo", "author_flair_template_id": null, "likes": null, "no_follow": false, "replies": "", "user_reports": [], "saved": false, "id": "f9luw2f", "banned_at_utc": null, "mod_reason_title": null, "gilded": 0, "archived": false, "report_reasons": null, "author": "[deleted]", "can_mod_post": false, "send_replies": true, "parent_id": "t1_f9lly7g", "score": 6, "approved_by": null, "all_awardings": [], "subreddit_id": "t5_2ssp3", "body": "Sort of. The apprehension of saying that statement is correct is because Marx's own ideas continually changed over the course of his life.  In Marx's early writings the main idea doesn't revolve around a post-scarcity society. In communist manifesto, Marx talks about the increasing industrialization in a way that is headed for absolute collapse, focusing on the way the workers conditions are worsening and worsening. His introduction of socialism and communism are in relation to breaking free of the manipulation.  But, the fully automated production of basic necessities was not mentioned in it's possibility, rather it keeps the language of industrialization's progression, which to some degree can be connected to automation. But after he wrote the manifesto, Marx made this connection himself, when he wrote a piece titled \"The Fragment on Machines\", which in it he starts to bring up the possibility of Communism working because of a post-scarcity society. He mention's the fact that an automated production of the basic needs in can theoretically free the proletariat to a very minimal amount of work with regards to bare necessities. But, to answer your question, in it Marx doesn't make the claim that a socialist government is what creates a post-scarcity society. Rather, the capability of such a endeavor may be possible due to the capitalistic advances in automation. Essentially, as the Capitalistic system moves towards full automation, it will try to ward off a post-scarcity society by never allowing completely full automation (to always manipulate the worker somehow). In that tipping point, capitalism will collapse and the socialist government can pretty much complete the automation which had been held off once the proletariat take it, eventually leading to a communist society. So in a sense it does create a post-scarcity society by completing it, but according to Marx most of the work would already be done as a result of capital interest. Keep in mind, that this work of Marx was very hypothetical. Many argue that he predicts the advances in AI which we are seeing today,  putting its applicability in question as to when exactly that tipping point of nearly full automation is to come. Many modern day Marxists are using this justification, saying that once capitalism nearly automates everything, then a transition towards communism may happen. Again, when or what that time looks like is unclear. Marx himself changed his mind again later when he wrote \"Capital\", mainly in the sense that he came to the conclusion that despite over producing and under consumption as a result of automation, capitalism would never reach an \"end\" and collapse on its own, meaning that \"time\" will never come. He states capitalism can only be overthrown, regardless of how automated it will become.", "edited": 1575432955.0, "author_flair_css_class": null, "downs": 0, "is_submitter": false, "body_html": "&lt;div class=\"md\"&gt;&lt;p&gt;Sort of. The apprehension of saying that statement is correct is because Marx&amp;#39;s own ideas continually changed over the course of his life.  In Marx&amp;#39;s early writings the main idea doesn&amp;#39;t revolve around a post-scarcity society. In communist manifesto, Marx talks about the increasing industrialization in a way that is headed for absolute collapse, focusing on the way the workers conditions are worsening and worsening. His introduction of socialism and communism are in relation to breaking free of the manipulation.  But, the fully automated production of basic necessities was not mentioned in it&amp;#39;s possibility, rather it keeps the language of industrialization&amp;#39;s progression, which to some degree can be connected to automation. But after he wrote the manifesto, Marx made this connection himself, when he wrote a piece titled &amp;quot;The Fragment on Machines&amp;quot;, which in it he starts to bring up the possibility of Communism working because of a post-scarcity society. He mention&amp;#39;s the fact that an automated production of the basic needs in can theoretically free the proletariat to a very minimal amount of work with regards to bare necessities. But, to answer your question, in it Marx doesn&amp;#39;t make the claim that a socialist government is what creates a post-scarcity society. Rather, the capability of such a endeavor may be possible due to the capitalistic advances in automation. Essentially, as the Capitalistic system moves towards full automation, it will try to ward off a post-scarcity society by never allowing completely full automation (to always manipulate the worker somehow). In that tipping point, capitalism will collapse and the socialist government can pretty much complete the automation which had been held off once the proletariat take it, eventually leading to a communist society. So in a sense it does create a post-scarcity society by completing it, but according to Marx most of the work would already be done as a result of capital interest. Keep in mind, that this work of Marx was very hypothetical. Many argue that he predicts the advances in AI which we are seeing today,  putting its applicability in question as to when exactly that tipping point of nearly full automation is to come. Many modern day Marxists are using this justification, saying that once capitalism nearly automates everything, then a transition towards communism may happen. Again, when or what that time looks like is unclear. Marx himself changed his mind again later when he wrote &amp;quot;Capital&amp;quot;, mainly in the sense that he came to the conclusion that despite over producing and under consumption as a result of automation, capitalism would never reach an &amp;quot;end&amp;quot; and collapse on its own, meaning that &amp;quot;time&amp;quot; will never come. He states capitalism can only be overthrown, regardless of how automated it will become.&lt;/p&gt;\n&lt;/div&gt;", "gildings": {}, "collapsed_reason": null, "associated_award": null, "stickied": false, "subreddit_type": "public", "can_gild": false, "subreddit": "AskHistorians", "author_flair_text_color": "dark", "score_hidden": false, "permalink": "/r/AskHistorians/comments/e5khlo/i_have_heard_plenty_of_times_that_the_communist/f9luw2f/", "num_reports": null, "locked": false, "name": "t1_f9luw2f", "created": 1575461455.0, "author_flair_text": null, "collapsed": false, "created_utc": 1575432655.0, "subreddit_name_prefixed": "r/AskHistorians", "controversiality": 0, "depth": 2, "author_flair_background_color": "", "collapsed_because_crowd_control": null, "mod_reports": [], "mod_note": null, "distinguished": null}}], "after": null, "before": null}}, "user_reports": [], "saved": false, "id": "f9lly7g", "banned_at_utc": null, "mod_reason_title": null, "gilded": 0, "archived": false, "no_follow": true, "author": "ArmandoAlvarezWF", "can_mod_post": false, "send_replies": true, "parent_id": "t1_f9l3iyb", "score": 1, "author_fullname": "t2_ceits", "report_reasons": null, "approved_by": null, "all_awardings": [], "subreddit_id": "t5_2ssp3", "body": "Would it be correct to say that Marx was envisioning the Communist, post-state society as occurring after the transitional Socialist government had created what we now would call a post-scarcity society?", "edited": false, "author_flair_css_class": null, "is_submitter": false, "downs": 0, "author_flair_richtext": [], "author_patreon_flair": false, "body_html": "&lt;div class=\"md\"&gt;&lt;p&gt;Would it be correct to say that Marx was envisioning the Communist, post-state society as occurring after the transitional Socialist government had created what we now would call a post-scarcity society?&lt;/p&gt;\n&lt;/div&gt;", "gildings": {}, "collapsed_reason": null, "associated_award": null, "stickied": false, "author_premium": true, "subreddit_type": "public", "can_gild": true, "subreddit": "AskHistorians", "author_flair_text_color": null, "score_hidden": false, "permalink": "/r/AskHistorians/comments/e5khlo/i_have_heard_plenty_of_times_that_the_communist/f9lly7g/", "num_reports": null, "locked": false, "name": "t1_f9lly7g", "created": 1575455116.0, "author_flair_text": null, "collapsed": false, "created_utc": 1575426316.0, "subreddit_name_prefixed": "r/AskHistorians", "controversiality": 0, "depth": 1, "author_flair_background_color": null, "collapsed_because_crowd_control": null, "mod_reports": [], "mod_note": null, "distinguished": null}}], "after": null, "before": null}}, "user_reports": [], "saved": false, "id": "f9l3iyb", "banned_at_utc": null, "mod_reason_title": null, "gilded": 0, "archived": false, "report_reasons": null, "author": "[deleted]", "can_mod_post": false, "send_replies": true, "parent_id": "t3_e5khlo", "score": 56, "approved_by": null, "all_awardings": [], "subreddit_id": "t5_2ssp3", "body": "It was quite far away, for a multitude of reasons. There are many different factors, but this is a very broad summary of why the Soviet Union was never \u201creal\u201d communism.\n\nFirst off, the communism Marx intended for was mainly for advanced industrialized western European countries such as England, France, Germany. This is because the more advanced and industrialized the country, the more distinct class distinction was, with more worker manipulation taking place by the owners of the means of production. This is because with industrialization, the need for a lot of workers decreases, so there was more and more competition for the jobs remaining. This leads to worsening conditions and wages because the workers fighting for jobs left are willing to work for cheaper and longer because they\u2019ll do anything really just to have a job. Marx thought that as this progressed, the workers, or the proletariat, could reach a class consciousness of what was going on and could take the means of production from the bourgeoisie (ruling class) in a revolution. Marx thought that the conditions of the workers in relation to the owners would be so bad that they would reach class consciousness inevitably, and all it would take is for someone like Marx himself to point out the worker manipulation taking place.  \n\nWhat Marx envisioned happening was that once the workers took the means of production, there would be a TEMPORARY socialist government which helped the transition to a communist society. Engels created the term \u201cwithering of the state\u201d, which was Marx\u2019s idea of socialism in which the temporary socialist government would slowly wither away as the workers would eventually be able to self govern without the need for a state, which would lead to a communist society. Essentially, a communist society would have 0 government or state, with the people collectively owning the means of production to produce the needs of the society. Each person would contribute what they can in terms of work and skills, but ultimately be free to hunt, fish, write, partake in the arts, as they please, without anyone in particular owning any private property, because private property is what leads to state formation, capitalistic society, manipulation of workers, etc. To get rid of private property, there has to be means of production available where any need by the people such as food and shelter can be met collectively.\n\nBut, eastern Europe and its regimes were nowhere close to being an advanced industrialized society, and class divisions were nowhere nearly as prominent. The means of production were quite weak due to the lack of industrialization. Most of the USSR (Tsarist Russia before) was essentially peasants, with a very small ruling class, but not to the degree as western Europe. So, Lenin, inspired by Marx, decided that an elite revolutionary class must bring revolution to the region despite the lack of industrialization, along with class consciousness not being reached by the working class, because the working class itself was not as clear as it was in more advanced countries. His justification for speeding up the process and bringing revolution to a place in Marx\u2019s eyes not ready was because he believed there was no time to wait for industrialization, and that basically it would take too long. Many argue his primary motivation was mainly egotistical, and his opportunistic attitude altered what Marx was after.  So, when the bolsheviks took over and the previous Tsar left, the ideally socialist transitionary government took power, but because of unclear class divisions, there was a lot of different groups aiming for power. Along with that, World war 1 was going on at the time with Russia fighting both other countries and internal fighting between the previous regime and the many different factions within Tsarist Russia, such as the Bolsheviks, which essentially destroyed the countries economy. When the Bolshevicks and Lenin took power, the country was in such shambles that it was very evident they weren\u2019t even close to being able to self govern because of the lack of means of production of food, etc. Once Lenin died, Stalin took over the party, and the civil unrest of starvation and poor living conditions led to both the strengthening of Stalin\u2019s regime, along with the millions of deaths as a result of the totalitarianism and need to maintain power. \n\nSo, to sum up your question, the brutal dictatorship that arose in the Soviet Union was completely different then Marx\u2019s communism because in Marx\u2019s vision a communist society had no government. The socialism described by Marx and Engles was meant to be very temporary and help ease the transition post revolution to a self governing society, but in the soviet union that transition phase never withered away and the political party in power stayed in power. Essentially, the USSR never reached communism, and no country ever has reached communism. Every country gets stuck when opportunistic people or political parties take power post revolution and never leave. Yet, many modern day marxists say that because the Soviet Union, or any \u201ccommunist\u201d country was not and hasn\u2019t yet reached the \u201cend stage\u201d capitalism, had very little clear cut class divisions, and essentially no wide spread working population had real class consciousness about their manipulation by the ruling class, that it may still be possible for a communist society to form. They claim that as capitalism continues to advance in today\u2019s society, with the wealth gap between the owners of the means of production and the working class continuing to rise, wages continually lowering, and competition within the working class rising to the tipping point that a revolution of the working class will be inevitable, as Marx predicted. But, a counter argument to modern day Marxism would be that capitalism always seems to find a way to adapt, and things like union formation, universal basic income, are all adaptations to keep workers from reaching any form of unified class consciousness. A good argument regarding modern day marxism could be whether or not this adaptation has an end point. And of course, one can easily play the human nature card if they wanted to, as a strong argument can be made that humans may very well be incapable of such an endeavor even in proper conditions, because we simply are too dangerous to self govern. Many argue power to be extremely easily corrupt-able, so any attempt at communism will fall short due to the difficulty of the transition state ever actually withering away as Marx and Engels had idealized.", "edited": 1575418817.0, "author_flair_css_class": null, "downs": 0, "is_submitter": false, "body_html": "&lt;div class=\"md\"&gt;&lt;p&gt;It was quite far away, for a multitude of reasons. There are many different factors, but this is a very broad summary of why the Soviet Union was never \u201creal\u201d communism.&lt;/p&gt;\n\n&lt;p&gt;First off, the communism Marx intended for was mainly for advanced industrialized western European countries such as England, France, Germany. This is because the more advanced and industrialized the country, the more distinct class distinction was, with more worker manipulation taking place by the owners of the means of production. This is because with industrialization, the need for a lot of workers decreases, so there was more and more competition for the jobs remaining. This leads to worsening conditions and wages because the workers fighting for jobs left are willing to work for cheaper and longer because they\u2019ll do anything really just to have a job. Marx thought that as this progressed, the workers, or the proletariat, could reach a class consciousness of what was going on and could take the means of production from the bourgeoisie (ruling class) in a revolution. Marx thought that the conditions of the workers in relation to the owners would be so bad that they would reach class consciousness inevitably, and all it would take is for someone like Marx himself to point out the worker manipulation taking place.  &lt;/p&gt;\n\n&lt;p&gt;What Marx envisioned happening was that once the workers took the means of production, there would be a TEMPORARY socialist government which helped the transition to a communist society. Engels created the term \u201cwithering of the state\u201d, which was Marx\u2019s idea of socialism in which the temporary socialist government would slowly wither away as the workers would eventually be able to self govern without the need for a state, which would lead to a communist society. Essentially, a communist society would have 0 government or state, with the people collectively owning the means of production to produce the needs of the society. Each person would contribute what they can in terms of work and skills, but ultimately be free to hunt, fish, write, partake in the arts, as they please, without anyone in particular owning any private property, because private property is what leads to state formation, capitalistic society, manipulation of workers, etc. To get rid of private property, there has to be means of production available where any need by the people such as food and shelter can be met collectively.&lt;/p&gt;\n\n&lt;p&gt;But, eastern Europe and its regimes were nowhere close to being an advanced industrialized society, and class divisions were nowhere nearly as prominent. The means of production were quite weak due to the lack of industrialization. Most of the USSR (Tsarist Russia before) was essentially peasants, with a very small ruling class, but not to the degree as western Europe. So, Lenin, inspired by Marx, decided that an elite revolutionary class must bring revolution to the region despite the lack of industrialization, along with class consciousness not being reached by the working class, because the working class itself was not as clear as it was in more advanced countries. His justification for speeding up the process and bringing revolution to a place in Marx\u2019s eyes not ready was because he believed there was no time to wait for industrialization, and that basically it would take too long. Many argue his primary motivation was mainly egotistical, and his opportunistic attitude altered what Marx was after.  So, when the bolsheviks took over and the previous Tsar left, the ideally socialist transitionary government took power, but because of unclear class divisions, there was a lot of different groups aiming for power. Along with that, World war 1 was going on at the time with Russia fighting both other countries and internal fighting between the previous regime and the many different factions within Tsarist Russia, such as the Bolsheviks, which essentially destroyed the countries economy. When the Bolshevicks and Lenin took power, the country was in such shambles that it was very evident they weren\u2019t even close to being able to self govern because of the lack of means of production of food, etc. Once Lenin died, Stalin took over the party, and the civil unrest of starvation and poor living conditions led to both the strengthening of Stalin\u2019s regime, along with the millions of deaths as a result of the totalitarianism and need to maintain power. &lt;/p&gt;\n\n&lt;p&gt;So, to sum up your question, the brutal dictatorship that arose in the Soviet Union was completely different then Marx\u2019s communism because in Marx\u2019s vision a communist society had no government. The socialism described by Marx and Engles was meant to be very temporary and help ease the transition post revolution to a self governing society, but in the soviet union that transition phase never withered away and the political party in power stayed in power. Essentially, the USSR never reached communism, and no country ever has reached communism. Every country gets stuck when opportunistic people or political parties take power post revolution and never leave. Yet, many modern day marxists say that because the Soviet Union, or any \u201ccommunist\u201d country was not and hasn\u2019t yet reached the \u201cend stage\u201d capitalism, had very little clear cut class divisions, and essentially no wide spread working population had real class consciousness about their manipulation by the ruling class, that it may still be possible for a communist society to form. They claim that as capitalism continues to advance in today\u2019s society, with the wealth gap between the owners of the means of production and the working class continuing to rise, wages continually lowering, and competition within the working class rising to the tipping point that a revolution of the working class will be inevitable, as Marx predicted. But, a counter argument to modern day Marxism would be that capitalism always seems to find a way to adapt, and things like union formation, universal basic income, are all adaptations to keep workers from reaching any form of unified class consciousness. A good argument regarding modern day marxism could be whether or not this adaptation has an end point. And of course, one can easily play the human nature card if they wanted to, as a strong argument can be made that humans may very well be incapable of such an endeavor even in proper conditions, because we simply are too dangerous to self govern. Many argue power to be extremely easily corrupt-able, so any attempt at communism will fall short due to the difficulty of the transition state ever actually withering away as Marx and Engels had idealized.&lt;/p&gt;\n&lt;/div&gt;", "gildings": {}, "collapsed_reason": null, "associated_award": null, "stickied": false, "subreddit_type": "public", "can_gild": false, "subreddit": "AskHistorians", "author_flair_text_color": "dark", "score_hidden": false, "permalink": "/r/AskHistorians/comments/e5khlo/i_have_heard_plenty_of_times_that_the_communist/f9l3iyb/", "num_reports": null, "locked": false, "name": "t1_f9l3iyb", "created": 1575442417.0, "author_flair_text": null, "collapsed": false, "created_utc": 1575413617.0, "subreddit_name_prefixed": "r/AskHistorians", "controversiality": 0, "depth": 0, "author_flair_background_color": "", "collapsed_because_crowd_control": null, "mod_reports": [], "mod_note": null, "distinguished": null}}], "after": null, "before": null}}]