[{"kind": "Listing", "data": {"modhash": "", "dist": 1, "children": [{"kind": "t3", "data": {"approved_at_utc": null, "subreddit": "AskHistorians", "selftext": "", "user_reports": [], "saved": false, "mod_reason_title": null, "gilded": 0, "clicked": false, "title": "Before adopting the Latin alphabet was English written with runes? If so, were they distinctly Anglo-Saxon or the same runes the Norse used?", "link_flair_richtext": [], "subreddit_name_prefixed": "r/AskHistorians", "hidden": false, "pwls": 6, "link_flair_css_class": null, "downs": 0, "top_awarded_type": null, "parent_whitelist_status": "all_ads", "hide_score": false, "name": "t3_guvwbs", "quarantine": false, "link_flair_text_color": "dark", "upvote_ratio": 0.79, "author_flair_background_color": null, "subreddit_type": "public", "ups": 13, "total_awards_received": 0, "media_embed": {}, "author_flair_template_id": null, "is_original_content": false, "author_fullname": "t2_13citd", "secure_media": null, "is_reddit_media_domain": false, "is_meta": false, "category": null, "secure_media_embed": {}, "link_flair_text": null, "can_mod_post": false, "score": 13, "approved_by": null, "author_premium": false, "thumbnail": "", "edited": false, "author_flair_css_class": null, "author_flair_richtext": [], "gildings": {}, "content_categories": null, "is_self": true, "mod_note": null, "created": 1591083630.0, "link_flair_type": "text", "wls": 6, "removed_by_category": null, "banned_by": null, "author_flair_type": "text", "domain": "self.AskHistorians", "allow_live_comments": true, "selftext_html": null, "likes": null, "suggested_sort": null, "banned_at_utc": null, "view_count": null, "archived": false, "no_follow": false, "is_crosspostable": false, "pinned": false, "over_18": false, "all_awardings": [], "awarders": [], "media_only": false, "can_gild": false, "spoiler": false, "locked": false, "author_flair_text": null, "treatment_tags": [], "visited": false, "removed_by": null, "num_reports": null, "distinguished": null, "subreddit_id": "t5_2ssp3", "mod_reason_by": null, "removal_reason": null, "link_flair_background_color": "", "id": "guvwbs", "is_robot_indexable": true, "num_duplicates": 1, "report_reasons": null, "author": "goingtocalifornia_", "discussion_type": null, "num_comments": 8, "send_replies": true, "media": null, "contest_mode": false, "author_patreon_flair": false, "author_flair_text_color": null, "permalink": "/r/AskHistorians/comments/guvwbs/before_adopting_the_latin_alphabet_was_english/", "whitelist_status": "all_ads", "stickied": false, "url": "https://www.reddit.com/r/AskHistorians/comments/guvwbs/before_adopting_the_latin_alphabet_was_english/", "subreddit_subscribers": 1225808, "created_utc": 1591054830.0, "num_crossposts": 0, "mod_reports": [], "is_video": false}}], "after": null, "before": null}}, {"kind": "Listing", "data": {"modhash": "", "dist": null, "children": [{"kind": "t1", "data": {"total_awards_received": 0, "approved_at_utc": null, "ups": 1, "awarders": [], "mod_reason_by": null, "banned_by": null, "author_flair_type": "richtext", "removal_reason": null, "link_id": "t3_guvwbs", "author_flair_template_id": "9e641f94-c626-11e2-8e2c-12313b0b21ae", "likes": null, "replies": "", "user_reports": [], "saved": false, "id": "fskvsnl", "banned_at_utc": null, "mod_reason_title": null, "gilded": 0, "archived": false, "no_follow": true, "author": "AutoModerator", "can_mod_post": false, "send_replies": false, "parent_id": "t3_guvwbs", "score": 1, "author_fullname": "t2_6l4z3", "report_reasons": null, "approved_by": null, "all_awardings": [], "subreddit_id": "t5_2ssp3", "body": "Welcome to /r/AskHistorians. **Please [Read Our Rules](https://www.reddit.com/r/AskHistorians/wiki/rules) before you comment in this community**. Understand that rule breaking comments get removed.\n\nWe thank you for your interest in this *question*, and your patience in waiting for an in-depth and comprehensive answer to be written, which takes time. Please consider **[Clicking Here for RemindMeBot](https://www.reddit.com/message/compose/?to=RemindMeBot&amp;subject=Reminder&amp;message=%5Bhttps://www.reddit.com/r/AskHistorians/comments/guvwbs/before_adopting_the_latin_alphabet_was_english/%5D%0A%0ARemindMe!%202%20days)**, [using our Browser Extension](https://www.reddit.com/r/AskHistorians/comments/d6dzi7/tired_of_clicking_to_find_only_removed_comments/), or getting the [Weekly Roundup](https://www.reddit.com/message/compose?to=subredditsummarybot&amp;subject=askhistorians+weekly&amp;message=x). In the meantime our [Twitter](https://twitter.com/askhistorians), [Facebook](https://www.facebook.com/askhistorians/), and [Sunday Digest](https://www.reddit.com/r/AskHistorians/search?q=title%3A%22Sunday+Digest%22&amp;restrict_sr=on&amp;sort=new&amp;t=all) feature excellent content that has already been written!\n\n\n*I am a bot, and this action was performed automatically. Please [contact the moderators of this subreddit](/message/compose/?to=/r/AskHistorians) if you have any questions or concerns.*", "edited": false, "downs": 0, "author_flair_css_class": null, "is_submitter": false, "collapsed": false, "author_flair_richtext": [{"e": "text", "t": "History of Robotics"}], "author_patreon_flair": false, "body_html": "&lt;div class=\"md\"&gt;&lt;p&gt;Welcome to &lt;a href=\"/r/AskHistorians\"&gt;/r/AskHistorians&lt;/a&gt;. &lt;strong&gt;Please &lt;a href=\"https://www.reddit.com/r/AskHistorians/wiki/rules\"&gt;Read Our Rules&lt;/a&gt; before you comment in this community&lt;/strong&gt;. Understand that rule breaking comments get removed.&lt;/p&gt;\n\n&lt;p&gt;We thank you for your interest in this &lt;em&gt;question&lt;/em&gt;, and your patience in waiting for an in-depth and comprehensive answer to be written, which takes time. Please consider &lt;strong&gt;&lt;a href=\"https://www.reddit.com/message/compose/?to=RemindMeBot&amp;amp;subject=Reminder&amp;amp;message=%5Bhttps://www.reddit.com/r/AskHistorians/comments/guvwbs/before_adopting_the_latin_alphabet_was_english/%5D%0A%0ARemindMe!%202%20days\"&gt;Clicking Here for RemindMeBot&lt;/a&gt;&lt;/strong&gt;, &lt;a href=\"https://www.reddit.com/r/AskHistorians/comments/d6dzi7/tired_of_clicking_to_find_only_removed_comments/\"&gt;using our Browser Extension&lt;/a&gt;, or getting the &lt;a href=\"https://www.reddit.com/message/compose?to=subredditsummarybot&amp;amp;subject=askhistorians+weekly&amp;amp;message=x\"&gt;Weekly Roundup&lt;/a&gt;. In the meantime our &lt;a href=\"https://twitter.com/askhistorians\"&gt;Twitter&lt;/a&gt;, &lt;a href=\"https://www.facebook.com/askhistorians/\"&gt;Facebook&lt;/a&gt;, and &lt;a href=\"https://www.reddit.com/r/AskHistorians/search?q=title%3A%22Sunday+Digest%22&amp;amp;restrict_sr=on&amp;amp;sort=new&amp;amp;t=all\"&gt;Sunday Digest&lt;/a&gt; feature excellent content that has already been written!&lt;/p&gt;\n\n&lt;p&gt;&lt;em&gt;I am a bot, and this action was performed automatically. Please &lt;a href=\"/message/compose/?to=/r/AskHistorians\"&gt;contact the moderators of this subreddit&lt;/a&gt; if you have any questions or concerns.&lt;/em&gt;&lt;/p&gt;\n&lt;/div&gt;", "gildings": {}, "collapsed_reason": null, "associated_award": null, "stickied": true, "author_premium": true, "subreddit_type": "public", "can_gild": true, "top_awarded_type": null, "author_flair_text_color": "light", "score_hidden": true, "permalink": "/r/AskHistorians/comments/guvwbs/before_adopting_the_latin_alphabet_was_english/fskvsnl/", "num_reports": null, "locked": true, "name": "t1_fskvsnl", "created": 1591083631.0, "subreddit": "AskHistorians", "author_flair_text": "History of Robotics", "treatment_tags": [], "created_utc": 1591054831.0, "subreddit_name_prefixed": "r/AskHistorians", "controversiality": 0, "depth": 0, "author_flair_background_color": "#993366", "collapsed_because_crowd_control": null, "mod_reports": [], "mod_note": null, "distinguished": "moderator"}}, {"kind": "t1", "data": {"total_awards_received": 0, "approved_at_utc": null, "ups": 11, "awarders": [], "mod_reason_by": null, "banned_by": null, "author_flair_type": "richtext", "removal_reason": null, "link_id": "t3_guvwbs", "author_flair_template_id": "7b2f3f40-c626-11e2-9a3e-12313d1841d1", "likes": null, "replies": {"kind": "Listing", "data": {"modhash": "", "dist": null, "children": [{"kind": "t1", "data": {"total_awards_received": 0, "approved_at_utc": null, "ups": 3, "awarders": [], "mod_reason_by": null, "banned_by": null, "author_flair_type": "text", "removal_reason": null, "link_id": "t3_guvwbs", "author_flair_template_id": null, "likes": null, "replies": {"kind": "Listing", "data": {"modhash": "", "dist": null, "children": [{"kind": "t1", "data": {"total_awards_received": 0, "approved_at_utc": null, "ups": 4, "awarders": [], "mod_reason_by": null, "banned_by": null, "author_flair_type": "richtext", "removal_reason": null, "link_id": "t3_guvwbs", "author_flair_template_id": "7b2f3f40-c626-11e2-9a3e-12313d1841d1", "likes": null, "replies": {"kind": "Listing", "data": {"modhash": "", "dist": null, "children": [{"kind": "t1", "data": {"total_awards_received": 0, "approved_at_utc": null, "ups": 2, "awarders": [], "mod_reason_by": null, "banned_by": null, "author_flair_type": "text", "removal_reason": null, "link_id": "t3_guvwbs", "author_flair_template_id": null, "likes": null, "replies": "", "user_reports": [], "saved": false, "id": "fsoxwvn", "banned_at_utc": null, "mod_reason_title": null, "gilded": 0, "archived": false, "no_follow": true, "author": "goingtocalifornia_", "can_mod_post": false, "send_replies": true, "parent_id": "t1_fsnaos3", "score": 2, "author_fullname": "t2_13citd", "report_reasons": null, "approved_by": null, "all_awardings": [], "subreddit_id": "t5_2ssp3", "body": "Wow, I would not have guessed runes descended from Latin script. Interesting that English adopted that after starting with a runic alphabet. Thanks!", "edited": false, "downs": 0, "author_flair_css_class": null, "is_submitter": true, "collapsed": false, "author_flair_richtext": [], "author_patreon_flair": false, "body_html": "&lt;div class=\"md\"&gt;&lt;p&gt;Wow, I would not have guessed runes descended from Latin script. Interesting that English adopted that after starting with a runic alphabet. Thanks!&lt;/p&gt;\n&lt;/div&gt;", "gildings": {}, "collapsed_reason": null, "associated_award": null, "stickied": false, "author_premium": false, "subreddit_type": "public", "can_gild": true, "top_awarded_type": null, "author_flair_text_color": null, "score_hidden": false, "permalink": "/r/AskHistorians/comments/guvwbs/before_adopting_the_latin_alphabet_was_english/fsoxwvn/", "num_reports": null, "locked": false, "name": "t1_fsoxwvn", "created": 1591171291.0, "subreddit": "AskHistorians", "author_flair_text": null, "treatment_tags": [], "created_utc": 1591142491.0, "subreddit_name_prefixed": "r/AskHistorians", "controversiality": 0, "depth": 3, "author_flair_background_color": null, "collapsed_because_crowd_control": null, "mod_reports": [], "mod_note": null, "distinguished": null}}], "after": null, "before": null}}, "user_reports": [], "saved": false, "id": "fsnaos3", "banned_at_utc": null, "mod_reason_title": null, "gilded": 0, "archived": false, "no_follow": false, "author": "pentad67", "can_mod_post": false, "created_utc": 1591113704.0, "send_replies": true, "parent_id": "t1_fslecza", "score": 4, "author_fullname": "t2_6r7r5", "report_reasons": null, "approved_by": null, "all_awardings": [], "subreddit_id": "t5_2ssp3", "body": "Yes, the original runic alphabet was developed from the various North Italic alphabets (like the Roman alphabet) that various Germanic peoples came into contact with. We call this the Elder Futhark. As the languages of these Germanic peoples changed over the centuries, they modified the futhark in ways that fit their languages. This is similar to what we have done with the Roman alphabet (some languages use letters like \u00e4, \u00f6, \u00e1, \u00f1, etc).", "edited": false, "author_flair_css_class": null, "is_submitter": false, "downs": 0, "author_flair_richtext": [{"e": "text", "t": "Anglo-Saxon England"}], "author_patreon_flair": false, "body_html": "&lt;div class=\"md\"&gt;&lt;p&gt;Yes, the original runic alphabet was developed from the various North Italic alphabets (like the Roman alphabet) that various Germanic peoples came into contact with. We call this the Elder Futhark. As the languages of these Germanic peoples changed over the centuries, they modified the futhark in ways that fit their languages. This is similar to what we have done with the Roman alphabet (some languages use letters like \u00e4, \u00f6, \u00e1, \u00f1, etc).&lt;/p&gt;\n&lt;/div&gt;", "gildings": {}, "collapsed_reason": null, "associated_award": null, "stickied": false, "author_premium": false, "subreddit_type": "public", "can_gild": true, "top_awarded_type": null, "author_flair_text_color": "light", "score_hidden": false, "permalink": "/r/AskHistorians/comments/guvwbs/before_adopting_the_latin_alphabet_was_english/fsnaos3/", "num_reports": null, "locked": false, "name": "t1_fsnaos3", "created": 1591142504.0, "subreddit": "AskHistorians", "author_flair_text": "Anglo-Saxon England", "treatment_tags": [], "collapsed": false, "subreddit_name_prefixed": "r/AskHistorians", "controversiality": 0, "depth": 2, "author_flair_background_color": "#003399", "collapsed_because_crowd_control": null, "mod_reports": [], "mod_note": null, "distinguished": null}}], "after": null, "before": null}}, "user_reports": [], "saved": false, "id": "fslecza", "banned_at_utc": null, "mod_reason_title": null, "gilded": 0, "archived": false, "no_follow": true, "author": "goingtocalifornia_", "can_mod_post": false, "send_replies": true, "parent_id": "t1_fslbb67", "score": 3, "author_fullname": "t2_13citd", "report_reasons": null, "approved_by": null, "all_awardings": [], "subreddit_id": "t5_2ssp3", "collapsed": false, "body": "Thank you! So it sounds like both Norse and English runes developed from an original Germanic runic alphabet. Is that basically true?", "edited": false, "author_flair_css_class": null, "is_submitter": true, "downs": 0, "author_flair_richtext": [], "author_patreon_flair": false, "body_html": "&lt;div class=\"md\"&gt;&lt;p&gt;Thank you! So it sounds like both Norse and English runes developed from an original Germanic runic alphabet. Is that basically true?&lt;/p&gt;\n&lt;/div&gt;", "gildings": {}, "collapsed_reason": null, "associated_award": null, "stickied": false, "author_premium": false, "subreddit_type": "public", "can_gild": true, "top_awarded_type": null, "author_flair_text_color": null, "score_hidden": false, "permalink": "/r/AskHistorians/comments/guvwbs/before_adopting_the_latin_alphabet_was_english/fslecza/", "num_reports": null, "locked": false, "name": "t1_fslecza", "created": 1591094021.0, "subreddit": "AskHistorians", "author_flair_text": null, "treatment_tags": [], "created_utc": 1591065221.0, "subreddit_name_prefixed": "r/AskHistorians", "controversiality": 0, "depth": 1, "author_flair_background_color": null, "collapsed_because_crowd_control": null, "mod_reports": [], "mod_note": null, "distinguished": null}}, {"kind": "t1", "data": {"total_awards_received": 0, "approved_at_utc": null, "ups": 1, "awarders": [], "mod_reason_by": null, "banned_by": null, "author_flair_type": "text", "removal_reason": null, "link_id": "t3_guvwbs", "author_flair_template_id": null, "likes": null, "replies": {"kind": "Listing", "data": {"modhash": "", "dist": null, "children": [{"kind": "t1", "data": {"total_awards_received": 0, "approved_at_utc": null, "ups": 1, "awarders": [], "mod_reason_by": null, "banned_by": null, "author_flair_type": "richtext", "removal_reason": null, "link_id": "t3_guvwbs", "author_flair_template_id": "7b2f3f40-c626-11e2-9a3e-12313d1841d1", "likes": null, "replies": "", "user_reports": [], "saved": false, "id": "fsovm1y", "banned_at_utc": null, "mod_reason_title": null, "gilded": 0, "archived": false, "no_follow": true, "author": "pentad67", "can_mod_post": false, "created_utc": 1591141238.0, "send_replies": true, "parent_id": "t1_fsnxazm", "score": 1, "author_fullname": "t2_6r7r5", "report_reasons": null, "approved_by": null, "all_awardings": [], "subreddit_id": "t5_2ssp3", "body": "Thanks for adding this. I never know how much detail to go into when talking about sound changes.", "edited": false, "author_flair_css_class": null, "is_submitter": false, "downs": 0, "author_flair_richtext": [{"e": "text", "t": "Anglo-Saxon England"}], "author_patreon_flair": false, "body_html": "&lt;div class=\"md\"&gt;&lt;p&gt;Thanks for adding this. I never know how much detail to go into when talking about sound changes.&lt;/p&gt;\n&lt;/div&gt;", "gildings": {}, "collapsed_reason": null, "associated_award": null, "stickied": false, "author_premium": false, "subreddit_type": "public", "can_gild": true, "top_awarded_type": null, "author_flair_text_color": "light", "score_hidden": false, "permalink": "/r/AskHistorians/comments/guvwbs/before_adopting_the_latin_alphabet_was_english/fsovm1y/", "num_reports": null, "locked": false, "name": "t1_fsovm1y", "created": 1591170038.0, "subreddit": "AskHistorians", "author_flair_text": "Anglo-Saxon England", "treatment_tags": [], "collapsed": false, "subreddit_name_prefixed": "r/AskHistorians", "controversiality": 0, "depth": 2, "author_flair_background_color": "#003399", "collapsed_because_crowd_control": null, "mod_reports": [], "mod_note": null, "distinguished": null}}], "after": null, "before": null}}, "user_reports": [], "saved": false, "id": "fsnxazm", "banned_at_utc": null, "mod_reason_title": null, "gilded": 0, "archived": false, "no_follow": true, "author": "Ameisen", "can_mod_post": false, "send_replies": true, "parent_id": "t1_fslbb67", "score": 1, "author_fullname": "t2_5qad2", "report_reasons": null, "approved_by": null, "all_awardings": [], "subreddit_id": "t5_2ssp3", "collapsed": false, "body": "I would like to clarify that the endings like -us/-az were eliminated in Common West Germanic, having first rhotacized in very late Common Germanic (after East Germanic split off), thus the -r endings in Old Norse, and then being entirely eliminated in West Germanic.\n\nThe East Germanic languages maintained it, thus Common Germanic *wulfaz* becoming Gothic *wulfs*, but Common West Germanic *wulf*, and Old Norse *ulfr*.", "edited": false, "author_flair_css_class": null, "is_submitter": false, "downs": 0, "author_flair_richtext": [], "author_patreon_flair": false, "body_html": "&lt;div class=\"md\"&gt;&lt;p&gt;I would like to clarify that the endings like -us/-az were eliminated in Common West Germanic, having first rhotacized in very late Common Germanic (after East Germanic split off), thus the -r endings in Old Norse, and then being entirely eliminated in West Germanic.&lt;/p&gt;\n\n&lt;p&gt;The East Germanic languages maintained it, thus Common Germanic &lt;em&gt;wulfaz&lt;/em&gt; becoming Gothic &lt;em&gt;wulfs&lt;/em&gt;, but Common West Germanic &lt;em&gt;wulf&lt;/em&gt;, and Old Norse &lt;em&gt;ulfr&lt;/em&gt;.&lt;/p&gt;\n&lt;/div&gt;", "gildings": {}, "collapsed_reason": null, "associated_award": null, "stickied": false, "author_premium": false, "subreddit_type": "public", "can_gild": true, "top_awarded_type": null, "author_flair_text_color": null, "score_hidden": false, "permalink": "/r/AskHistorians/comments/guvwbs/before_adopting_the_latin_alphabet_was_english/fsnxazm/", "num_reports": null, "locked": false, "name": "t1_fsnxazm", "created": 1591153212.0, "subreddit": "AskHistorians", "author_flair_text": null, "treatment_tags": [], "created_utc": 1591124412.0, "subreddit_name_prefixed": "r/AskHistorians", "controversiality": 0, "depth": 1, "author_flair_background_color": null, "collapsed_because_crowd_control": null, "mod_reports": [], "mod_note": null, "distinguished": null}}], "after": null, "before": null}}, "user_reports": [], "saved": false, "id": "fslbb67", "banned_at_utc": null, "mod_reason_title": null, "gilded": 0, "archived": false, "no_follow": false, "author": "pentad67", "can_mod_post": false, "send_replies": true, "parent_id": "t3_guvwbs", "score": 11, "author_fullname": "t2_6r7r5", "report_reasons": null, "approved_by": null, "all_awardings": [], "subreddit_id": "t5_2ssp3", "body": "The standard date for the adoption of the Roman alphabet for English would be 597 when Augustine arrived in England to become Archbishop. Under his direction King Athelberht of Kent issued a law code written in English using the Roman alphabet in the first few years of the 7th century. The earliest dated English runic inscription is on the Undley Bracteate from the 5th century -- much earlier. This inscription is distinctively English because it contains the \u16a9 (os) rune for the phoneme / o /, a distinctly English runic form adapted from \u16ab (ansuz) because of standard sound changes in the languages.\n\nTo go briefly into some phonology, the phoneme / a / in Proto-Germanic (sounds like the \"a\" in father) developed into the phoneme / \u00e6 / (like the \"a\" in cat) in Old English. This meant that the rune \u16ab (ansuz) now had the / \u00e6 / sound. The English renamed it from ansuz to \u00e6sc (pronounced ash). But now they had two further problems. First, the Germanic name for the letter \u16ab was ansuz (a word that means god). The / a / in this word was different than others because it was followed by an / n /; these / a + n / phonemes did not become / \u00e6 / but instead became / o / (and then the / n / disappeared). So in Old English, ansuz was now pronounced os (endings like -uz also disappeared in Old English). So now the early English needed a new rune for the phoneme / o /, so they took the \u16ab and put two upticks on it, forming \u16a9 . The second problem is that when they used \u16ab for the / \u00e6 / sound, they no longer had a letter for the / a / sound, so they altered  \u16ab again, creating \u16aa, which they used for / a /.\n\nSimilar alterations caused by sound changes happened throughout the runic alphabet as used by the early English. The Norse languages underwent their own sound changes which also caused some alteration of the earlier Germanic runes to fit their phonology.\n\nYou can find a lot of information on runes in Wikipedia, but also in books like Ray Page\u2019s An Introduction to English Runes.", "edited": false, "downs": 0, "author_flair_css_class": null, "is_submitter": false, "collapsed": false, "author_flair_richtext": [{"e": "text", "t": "Anglo-Saxon England"}], "author_patreon_flair": false, "body_html": "&lt;div class=\"md\"&gt;&lt;p&gt;The standard date for the adoption of the Roman alphabet for English would be 597 when Augustine arrived in England to become Archbishop. Under his direction King Athelberht of Kent issued a law code written in English using the Roman alphabet in the first few years of the 7th century. The earliest dated English runic inscription is on the Undley Bracteate from the 5th century -- much earlier. This inscription is distinctively English because it contains the \u16a9 (os) rune for the phoneme / o /, a distinctly English runic form adapted from \u16ab (ansuz) because of standard sound changes in the languages.&lt;/p&gt;\n\n&lt;p&gt;To go briefly into some phonology, the phoneme / a / in Proto-Germanic (sounds like the &amp;quot;a&amp;quot; in father) developed into the phoneme / \u00e6 / (like the &amp;quot;a&amp;quot; in cat) in Old English. This meant that the rune \u16ab (ansuz) now had the / \u00e6 / sound. The English renamed it from ansuz to \u00e6sc (pronounced ash). But now they had two further problems. First, the Germanic name for the letter \u16ab was ansuz (a word that means god). The / a / in this word was different than others because it was followed by an / n /; these / a + n / phonemes did not become / \u00e6 / but instead became / o / (and then the / n / disappeared). So in Old English, ansuz was now pronounced os (endings like -uz also disappeared in Old English). So now the early English needed a new rune for the phoneme / o /, so they took the \u16ab and put two upticks on it, forming \u16a9 . The second problem is that when they used \u16ab for the / \u00e6 / sound, they no longer had a letter for the / a / sound, so they altered  \u16ab again, creating \u16aa, which they used for / a /.&lt;/p&gt;\n\n&lt;p&gt;Similar alterations caused by sound changes happened throughout the runic alphabet as used by the early English. The Norse languages underwent their own sound changes which also caused some alteration of the earlier Germanic runes to fit their phonology.&lt;/p&gt;\n\n&lt;p&gt;You can find a lot of information on runes in Wikipedia, but also in books like Ray Page\u2019s An Introduction to English Runes.&lt;/p&gt;\n&lt;/div&gt;", "gildings": {}, "collapsed_reason": null, "associated_award": null, "stickied": false, "author_premium": false, "subreddit_type": "public", "can_gild": true, "top_awarded_type": null, "author_flair_text_color": "light", "score_hidden": false, "permalink": "/r/AskHistorians/comments/guvwbs/before_adopting_the_latin_alphabet_was_english/fslbb67/", "num_reports": null, "locked": false, "name": "t1_fslbb67", "created": 1591092255.0, "subreddit": "AskHistorians", "author_flair_text": "Anglo-Saxon England", "treatment_tags": [], "created_utc": 1591063455.0, "subreddit_name_prefixed": "r/AskHistorians", "controversiality": 0, "depth": 0, "author_flair_background_color": "#003399", "collapsed_because_crowd_control": null, "mod_reports": [], "mod_note": null, "distinguished": null}}], "after": null, "before": null}}]