[{"kind": "Listing", "data": {"modhash": "", "dist": 1, "children": [{"kind": "t3", "data": {"approved_at_utc": null, "subreddit": "AskHistorians", "selftext": "", "user_reports": [], "saved": false, "mod_reason_title": null, "gilded": 0, "clicked": false, "title": "During the 1300s, there were two competing courts in Japan. Today's emperor is descended from the Northern court, but in 1911 it was decreed the Southern court was the legitimate court, which would make the current Emperor's ancestors usurpers. What was the reasoning behind the 1911 decree?", "link_flair_richtext": [], "subreddit_name_prefixed": "r/AskHistorians", "hidden": false, "pwls": 6, "link_flair_css_class": null, "downs": 0, "parent_whitelist_status": "all_ads", "hide_score": false, "name": "t3_9kc5jj", "quarantine": false, "link_flair_text_color": "dark", "upvote_ratio": 0.96, "author_flair_background_color": null, "subreddit_type": "public", "ups": 2921, "domain": "self.AskHistorians", "media_embed": {}, "author_flair_template_id": null, "is_original_content": false, "author_fullname": "t2_ebzw9", "secure_media": null, "is_reddit_media_domain": false, "is_meta": false, "category": null, "secure_media_embed": {}, "link_flair_text": null, "can_mod_post": false, "score": 2921, "approved_by": null, "thumbnail": "", "edited": false, "author_flair_css_class": null, "author_flair_richtext": [], "gildings": {"gid_1": 0, "gid_2": 0, "gid_3": 0}, "content_categories": null, "is_self": true, "mod_note": null, "created": 1538387281.0, "link_flair_type": "text", "wls": 6, "banned_by": null, "author_flair_type": "text", "contest_mode": false, "selftext_html": null, "likes": null, "suggested_sort": null, "banned_at_utc": null, "view_count": null, "archived": false, "no_follow": false, "is_crosspostable": false, "pinned": false, "over_18": false, "media": null, "media_only": false, "link_flair_template_id": null, "can_gild": false, "spoiler": false, "locked": false, "author_flair_text": null, "visited": false, "num_reports": null, "distinguished": null, "subreddit_id": "t5_2ssp3", "mod_reason_by": null, "removal_reason": null, "link_flair_background_color": "", "id": "9kc5jj", "is_robot_indexable": true, "report_reasons": null, "author": "mangafan96", "num_crossposts": 0, "num_comments": 53, "send_replies": true, "author_flair_text_color": null, "permalink": "/r/AskHistorians/comments/9kc5jj/during_the_1300s_there_were_two_competing_courts/", "whitelist_status": "all_ads", "stickied": false, "url": "https://www.reddit.com/r/AskHistorians/comments/9kc5jj/during_the_1300s_there_were_two_competing_courts/", "subreddit_subscribers": 828716, "created_utc": 1538358481.0, "mod_reports": [], "is_video": false}}], "after": null, "before": null}}, {"kind": "Listing", "data": {"modhash": "", "dist": null, "children": [{"kind": "t1", "data": {"subreddit_id": "t5_2ssp3", "approved_at_utc": null, "ups": 492, "mod_reason_by": null, "banned_by": null, "author_flair_type": "text", "removal_reason": null, "link_id": "t3_9kc5jj", "author_flair_template_id": null, "likes": null, "no_follow": false, "replies": {"kind": "Listing", "data": {"modhash": "", "dist": null, "children": [{"kind": "t1", "data": {"subreddit_id": "t5_2ssp3", "approved_at_utc": null, "ups": 153, "mod_reason_by": null, "banned_by": null, "author_flair_type": "text", "removal_reason": null, "link_id": "t3_9kc5jj", "author_flair_template_id": null, "likes": null, "no_follow": false, "replies": {"kind": "Listing", "data": {"modhash": "", "dist": null, "children": [{"kind": "t1", "data": {"subreddit_id": "t5_2ssp3", "approved_at_utc": null, "ups": 26, "mod_reason_by": null, "banned_by": null, "author_flair_type": "text", "removal_reason": null, "link_id": "t3_9kc5jj", "author_flair_template_id": null, "likes": null, "no_follow": false, "replies": {"kind": "Listing", "data": {"modhash": "", "dist": null, "children": [{"kind": "t1", "data": {"subreddit_id": "t5_2ssp3", "approved_at_utc": null, "ups": 6, "mod_reason_by": null, "banned_by": null, "author_flair_type": "text", "removal_reason": null, "link_id": "t3_9kc5jj", "author_flair_template_id": null, "likes": null, "no_follow": false, "replies": "", "user_reports": [], "saved": false, "id": "e6z4pv6", "banned_at_utc": null, "mod_reason_title": null, "gilded": 0, "archived": false, "report_reasons": null, "author": "NateChampion", "can_mod_post": false, "send_replies": true, "parent_id": "t1_e6z4mkv", "score": 6, "author_fullname": "t2_rb86u", "approved_by": null, "downs": 0, "body": "Has anyone read that book?  If so, can you report on whether you liked it?", "edited": false, "author_flair_css_class": null, "collapsed": false, "author_flair_richtext": [], "is_submitter": false, "collapsed_reason": null, "body_html": "&lt;div class=\"md\"&gt;&lt;p&gt;Has anyone read that book?  If so, can you report on whether you liked it?&lt;/p&gt;\n&lt;/div&gt;", "stickied": false, "subreddit_type": "public", "can_gild": true, "gildings": {"gid_1": 0, "gid_2": 0, "gid_3": 0}, "author_flair_text_color": null, "score_hidden": false, "permalink": "/r/AskHistorians/comments/9kc5jj/during_the_1300s_there_were_two_competing_courts/e6z4pv6/", "num_reports": null, "name": "t1_e6z4pv6", "created": 1538440300.0, "subreddit": "AskHistorians", "author_flair_text": null, "created_utc": 1538411500.0, "subreddit_name_prefixed": "r/AskHistorians", "controversiality": 0, "depth": 3, "author_flair_background_color": null, "mod_reports": [], "mod_note": null, "distinguished": null}}], "after": null, "before": null}}, "user_reports": [], "saved": false, "id": "e6z4mkv", "banned_at_utc": null, "mod_reason_title": null, "gilded": 0, "archived": false, "report_reasons": null, "author": "NateChampion", "can_mod_post": false, "send_replies": true, "parent_id": "t1_e6ysfla", "score": 26, "author_fullname": "t2_rb86u", "approved_by": null, "downs": 0, "body": "Just looking it up, I see that the one author is Cornelius Ryan, not Ryan Cornelius.  Ryan was a journalist who switched to history and is known for The Longest Day, A Bridge Too Far, and a book on the Battle of Berlin whose name is escaping me (The Last Battle?).\n\nI was unaware that he'd ever written on the topic of Japan.", "edited": false, "author_flair_css_class": null, "collapsed": false, "author_flair_richtext": [], "is_submitter": false, "collapsed_reason": null, "body_html": "&lt;div class=\"md\"&gt;&lt;p&gt;Just looking it up, I see that the one author is Cornelius Ryan, not Ryan Cornelius.  Ryan was a journalist who switched to history and is known for The Longest Day, A Bridge Too Far, and a book on the Battle of Berlin whose name is escaping me (The Last Battle?).&lt;/p&gt;\n\n&lt;p&gt;I was unaware that he&amp;#39;d ever written on the topic of Japan.&lt;/p&gt;\n&lt;/div&gt;", "stickied": false, "subreddit_type": "public", "can_gild": true, "gildings": {"gid_1": 0, "gid_2": 0, "gid_3": 0}, "author_flair_text_color": null, "score_hidden": false, "permalink": "/r/AskHistorians/comments/9kc5jj/during_the_1300s_there_were_two_competing_courts/e6z4mkv/", "num_reports": null, "name": "t1_e6z4mkv", "created": 1538440222.0, "subreddit": "AskHistorians", "author_flair_text": null, "created_utc": 1538411422.0, "subreddit_name_prefixed": "r/AskHistorians", "controversiality": 0, "depth": 2, "author_flair_background_color": null, "mod_reports": [], "mod_note": null, "distinguished": null}}], "after": null, "before": null}}, "user_reports": [], "saved": false, "id": "e6ysfla", "banned_at_utc": null, "mod_reason_title": null, "gilded": 0, "archived": false, "report_reasons": null, "author": "shlomotrutta", "can_mod_post": false, "send_replies": true, "parent_id": "t1_e6yah3v", "score": 153, "author_fullname": "t2_gkbu4", "approved_by": null, "downs": 0, "body": "Richard E. Lauterbach in 1946 interviewed Hiromichi Kumazawa, a man from Nagoya who claimed to be Go-Kameyama's 19th lineal descendant. Hiromichi had petitioned McArthur to \"right a historic injustice\". Cornelius Ryan and Frank Kelley, who took part in the interviews, also published his story, which they believed credible but politically untenable, in \"Star-Sprangled Mikado\".\n\n&amp;#x200B;\n\nHiromichi Kumazawa's ancestors, as he himself, had contacted the imperial household, only to be persecuted for their efforts. Hirohito / Showa Tenno had apparently never been told about this prentender from a rival lineage.\n\n&amp;#x200B;\n\nHiromichi Kumazawa died in 1966. His eldest son Takanobu might still be alive.\n\n&amp;#x200B;\n\nSources:\n\nLauterbach, R.: \"The True Emperor of Japan?\" In: Life Magazine, 21st January 1946, p. 33\n\nRyan, C., Kelley, F.: \"Star-Sprangled Mikado\". New York: Robert M McBride &amp; Co, 1947\n\n&amp;#x200B;\n\nEDIT: Corrected author's name", "edited": 1538462183.0, "author_flair_css_class": null, "collapsed": false, "author_flair_richtext": [], "is_submitter": false, "collapsed_reason": null, "body_html": "&lt;div class=\"md\"&gt;&lt;p&gt;Richard E. Lauterbach in 1946 interviewed Hiromichi Kumazawa, a man from Nagoya who claimed to be Go-Kameyama&amp;#39;s 19th lineal descendant. Hiromichi had petitioned McArthur to &amp;quot;right a historic injustice&amp;quot;. Cornelius Ryan and Frank Kelley, who took part in the interviews, also published his story, which they believed credible but politically untenable, in &amp;quot;Star-Sprangled Mikado&amp;quot;.&lt;/p&gt;\n\n&lt;p&gt;&amp;#x200B;&lt;/p&gt;\n\n&lt;p&gt;Hiromichi Kumazawa&amp;#39;s ancestors, as he himself, had contacted the imperial household, only to be persecuted for their efforts. Hirohito / Showa Tenno had apparently never been told about this prentender from a rival lineage.&lt;/p&gt;\n\n&lt;p&gt;&amp;#x200B;&lt;/p&gt;\n\n&lt;p&gt;Hiromichi Kumazawa died in 1966. His eldest son Takanobu might still be alive.&lt;/p&gt;\n\n&lt;p&gt;&amp;#x200B;&lt;/p&gt;\n\n&lt;p&gt;Sources:&lt;/p&gt;\n\n&lt;p&gt;Lauterbach, R.: &amp;quot;The True Emperor of Japan?&amp;quot; In: Life Magazine, 21st January 1946, p. 33&lt;/p&gt;\n\n&lt;p&gt;Ryan, C., Kelley, F.: &amp;quot;Star-Sprangled Mikado&amp;quot;. New York: Robert M McBride &amp;amp; Co, 1947&lt;/p&gt;\n\n&lt;p&gt;&amp;#x200B;&lt;/p&gt;\n\n&lt;p&gt;EDIT: Corrected author&amp;#39;s name&lt;/p&gt;\n&lt;/div&gt;", "stickied": false, "subreddit_type": "public", "can_gild": true, "gildings": {"gid_1": 0, "gid_2": 0, "gid_3": 0}, "author_flair_text_color": null, "score_hidden": false, "permalink": "/r/AskHistorians/comments/9kc5jj/during_the_1300s_there_were_two_competing_courts/e6ysfla/", "num_reports": null, "name": "t1_e6ysfla", "created": 1538428965.0, "subreddit": "AskHistorians", "author_flair_text": null, "created_utc": 1538400165.0, "subreddit_name_prefixed": "r/AskHistorians", "controversiality": 0, "depth": 1, "author_flair_background_color": null, "mod_reports": [], "mod_note": null, "distinguished": null}}], "after": null, "before": null}}, "user_reports": [], "saved": false, "id": "e6yah3v", "banned_at_utc": null, "mod_reason_title": null, "gilded": 0, "archived": false, "report_reasons": null, "author": "Valance23322", "can_mod_post": false, "send_replies": true, "parent_id": "t3_9kc5jj", "score": 492, "author_fullname": "t2_f7v6y", "approved_by": null, "downs": 0, "body": "Follow up question, are there any known living descendants of the Southern court's last emperor? ", "edited": false, "author_flair_css_class": null, "collapsed": false, "author_flair_richtext": [], "is_submitter": false, "collapsed_reason": null, "body_html": "&lt;div class=\"md\"&gt;&lt;p&gt;Follow up question, are there any known living descendants of the Southern court&amp;#39;s last emperor? &lt;/p&gt;\n&lt;/div&gt;", "stickied": false, "subreddit_type": "public", "can_gild": true, "gildings": {"gid_1": 0, "gid_2": 0, "gid_3": 0}, "author_flair_text_color": null, "score_hidden": false, "permalink": "/r/AskHistorians/comments/9kc5jj/during_the_1300s_there_were_two_competing_courts/e6yah3v/", "num_reports": null, "name": "t1_e6yah3v", "created": 1538397693.0, "subreddit": "AskHistorians", "author_flair_text": null, "created_utc": 1538368893.0, "subreddit_name_prefixed": "r/AskHistorians", "controversiality": 0, "depth": 0, "author_flair_background_color": null, "mod_reports": [], "mod_note": null, "distinguished": null}}, {"kind": "t1", "data": {"subreddit_id": "t5_2ssp3", "approved_at_utc": null, "ups": 45, "mod_reason_by": null, "banned_by": null, "author_flair_type": "text", "removal_reason": null, "link_id": "t3_9kc5jj", "author_flair_template_id": null, "likes": null, "no_follow": false, "replies": {"kind": "Listing", "data": {"modhash": "", "dist": null, "children": [{"kind": "t1", "data": {"subreddit_id": "t5_2ssp3", "approved_at_utc": null, "ups": 5, "mod_reason_by": null, "banned_by": null, "author_flair_type": "text", "removal_reason": null, "link_id": "t3_9kc5jj", "author_flair_template_id": null, "likes": null, "no_follow": false, "replies": {"kind": "Listing", "data": {"modhash": "", "dist": null, "children": [{"kind": "t1", "data": {"subreddit_id": "t5_2ssp3", "approved_at_utc": null, "ups": 6, "mod_reason_by": null, "banned_by": null, "author_flair_type": "text", "removal_reason": null, "link_id": "t3_9kc5jj", "author_flair_template_id": null, "likes": null, "no_follow": false, "replies": {"kind": "Listing", "data": {"modhash": "", "dist": null, "children": [{"kind": "t1", "data": {"subreddit_id": "t5_2ssp3", "approved_at_utc": null, "ups": 1, "mod_reason_by": null, "banned_by": null, "author_flair_type": "text", "removal_reason": null, "link_id": "t3_9kc5jj", "author_flair_template_id": null, "likes": null, "no_follow": true, "replies": "", "user_reports": [], "saved": false, "id": "e7fr2xi", "banned_at_utc": null, "mod_reason_title": null, "gilded": 0, "archived": false, "report_reasons": null, "author": "Abimor-BehindYou", "can_mod_post": false, "send_replies": true, "parent_id": "t1_e7f7dku", "score": 1, "author_fullname": "t2_rz9bl", "approved_by": null, "downs": 0, "body": "That makes sense.", "edited": false, "author_flair_css_class": null, "collapsed": false, "author_flair_richtext": [], "is_submitter": false, "collapsed_reason": null, "body_html": "&lt;div class=\"md\"&gt;&lt;p&gt;That makes sense.&lt;/p&gt;\n&lt;/div&gt;", "stickied": false, "subreddit_type": "public", "can_gild": true, "gildings": {"gid_1": 0, "gid_2": 0, "gid_3": 0}, "author_flair_text_color": null, "score_hidden": false, "permalink": "/r/AskHistorians/comments/9kc5jj/during_the_1300s_there_were_two_competing_courts/e7fr2xi/", "num_reports": null, "name": "t1_e7fr2xi", "created": 1539092431.0, "subreddit": "AskHistorians", "author_flair_text": null, "created_utc": 1539063631.0, "subreddit_name_prefixed": "r/AskHistorians", "controversiality": 0, "depth": 3, "author_flair_background_color": null, "mod_reports": [], "mod_note": null, "distinguished": null}}], "after": null, "before": null}}, "user_reports": [], "saved": false, "id": "e7f7dku", "banned_at_utc": null, "mod_reason_title": null, "gilded": 0, "archived": false, "report_reasons": null, "author": "cckerberos", "can_mod_post": false, "send_replies": true, "parent_id": "t1_e7f38qp", "score": 6, "author_fullname": "t2_d8m6h", "approved_by": null, "downs": 0, "body": "I thought so as well, but I believe the answer is that because Emperor Go-Kameyama's abdication in favor of the Northern line was seen as legitimate, all the later emperors of that line were seen as legitimate as well.\n\nAs I mentioned in my previous response, Go-Kameyama's abdication was predicated on the understanding that things would go back to the way they had been, with the position of emperor alternating between the two lines. That didn't happen, however, and when it became clear that the Northern line intended to monopolize the position, it led to the rise of what is called the \"Later Southern Court\"; periodic rebellions against the Northern emperors arguing that Go-Kameyama's descendants should hold the throne. I think it's telling that the 1911 decree did not recognize any of these descendants as legitimate.", "edited": false, "author_flair_css_class": null, "collapsed": false, "author_flair_richtext": [], "is_submitter": false, "collapsed_reason": null, "body_html": "&lt;div class=\"md\"&gt;&lt;p&gt;I thought so as well, but I believe the answer is that because Emperor Go-Kameyama&amp;#39;s abdication in favor of the Northern line was seen as legitimate, all the later emperors of that line were seen as legitimate as well.&lt;/p&gt;\n\n&lt;p&gt;As I mentioned in my previous response, Go-Kameyama&amp;#39;s abdication was predicated on the understanding that things would go back to the way they had been, with the position of emperor alternating between the two lines. That didn&amp;#39;t happen, however, and when it became clear that the Northern line intended to monopolize the position, it led to the rise of what is called the &amp;quot;Later Southern Court&amp;quot;; periodic rebellions against the Northern emperors arguing that Go-Kameyama&amp;#39;s descendants should hold the throne. I think it&amp;#39;s telling that the 1911 decree did not recognize any of these descendants as legitimate.&lt;/p&gt;\n&lt;/div&gt;", "stickied": false, "subreddit_type": "public", "can_gild": true, "gildings": {"gid_1": 0, "gid_2": 0, "gid_3": 0}, "author_flair_text_color": null, "score_hidden": false, "permalink": "/r/AskHistorians/comments/9kc5jj/during_the_1300s_there_were_two_competing_courts/e7f7dku/", "num_reports": null, "name": "t1_e7f7dku", "created": 1539071494.0, "subreddit": "AskHistorians", "author_flair_text": null, "created_utc": 1539042694.0, "subreddit_name_prefixed": "r/AskHistorians", "controversiality": 0, "depth": 2, "author_flair_background_color": null, "mod_reports": [], "mod_note": null, "distinguished": null}}], "after": null, "before": null}}, "user_reports": [], "saved": false, "id": "e7f38qp", "banned_at_utc": null, "mod_reason_title": null, "gilded": 0, "archived": false, "report_reasons": null, "author": "Abimor-BehindYou", "can_mod_post": false, "send_replies": true, "parent_id": "t1_e71n309", "score": 5, "author_fullname": "t2_rz9bl", "approved_by": null, "downs": 0, "body": "Isn't it strange that this wasn't seen as undermining the current emperor's legitimacy? I would have expected such a point of view to have been very controversial. A sympathy with the Southern court's motivation makes sense but to seemingly privilege their claim over that of the incumbent Emperor's ancestors is arguably treason.", "edited": false, "author_flair_css_class": null, "collapsed": false, "author_flair_richtext": [], "is_submitter": false, "collapsed_reason": null, "body_html": "&lt;div class=\"md\"&gt;&lt;p&gt;Isn&amp;#39;t it strange that this wasn&amp;#39;t seen as undermining the current emperor&amp;#39;s legitimacy? I would have expected such a point of view to have been very controversial. A sympathy with the Southern court&amp;#39;s motivation makes sense but to seemingly privilege their claim over that of the incumbent Emperor&amp;#39;s ancestors is arguably treason.&lt;/p&gt;\n&lt;/div&gt;", "stickied": false, "subreddit_type": "public", "can_gild": true, "gildings": {"gid_1": 0, "gid_2": 0, "gid_3": 0}, "author_flair_text_color": null, "score_hidden": false, "permalink": "/r/AskHistorians/comments/9kc5jj/during_the_1300s_there_were_two_competing_courts/e7f38qp/", "num_reports": null, "name": "t1_e7f38qp", "created": 1539067492.0, "subreddit": "AskHistorians", "author_flair_text": null, "created_utc": 1539038692.0, "subreddit_name_prefixed": "r/AskHistorians", "controversiality": 0, "depth": 1, "author_flair_background_color": null, "mod_reports": [], "mod_note": null, "distinguished": null}}], "after": null, "before": null}}, "user_reports": [], "saved": false, "id": "e71n309", "banned_at_utc": null, "mod_reason_title": null, "gilded": 0, "archived": false, "report_reasons": null, "author": "cckerberos", "can_mod_post": false, "send_replies": true, "parent_id": "t3_9kc5jj", "score": 45, "author_fullname": "t2_d8m6h", "approved_by": null, "downs": 0, "body": "The answer to this lies in the decision of the Japanese authorities to elevate the status of the Emperor among the public consciousness following the Meiji Restoration in 1868 and use him as a symbol of nationalism and unity for the new nation. To understand how this is related to a 14th century imperial dispute, it's worth briefly going over the history (although it can be fairly confusing for those unfamiliar with it).\n\nWhen the retired (but head of the Imperial House and therefore *de facto* reigning) emperor Go-Saga died in 1272, he left it to the Kamakura shogunate to name his successor. The shogunate decided to have Kameyama, the then current emperor, become the new head of the Imperial house. Kameyama abdicated in 1274, leaving the throne to his son, Go-Uda. Kameyama's older brother, the retired emperor Go-Fukakusa, was unhappy with this situation and petitioned the shogunate to have his son named as Go-Uda's heir (this would in turn make Go-Fukakusa head of the Imperial House). The Kamakura shogunate established an uneasy compromise between the two brothers under which the position of emperor would pass between the descendants of Go-Fukakusa (known as the Jimy\u014din line; the later Northern court) and Kameyama (known as Daikakuji line; the later Southern court) every decade or so.\n\nThis unusual arrangement persisted until 1331, when Emperor Go-Daigo (of the Daikakuji line) launched an attempt to overthrow the Kamakura shogunate and restore direct Imperial rule. When the shogunate learned of Go-Daigo's plans, they forced him to abdicate and named K\u014dgon (of the Jimy\u014din line) as the new emperor. Go-Daigo's efforts were ultimately successful, however, and in 1333 he deposed K\u014dgon and restored the Imperial House to political power in what is known as the Kenmu Restoration. Things didn't go very well, however, and by 1336 Go-Daigo had himself been overthrown by Ashikaga Takauji (founder of the Ashikaga shogunate). Go-Daigo fled to Yoshino (what is now Nara Prefecture) and Takauji named K\u014dmy\u014d (K\u014dgon's younger brother) as the new emperor in Kyoto. Thus began the Northern (Kyoto) and Southern (Yoshino) Courts period, which would last until 1392 when the Southern emperor Go-Kameyama abdicated in favor of the Northern emperor Go-Komatsu (in exchange for a return to the system of alternating rule between the two lines, although this never happened).\n\nTo bring this all back to modern Japanese history, following the Meiji Restoration, the new government (having just overthrown a shogunate to establish what was *de jure* direct Imperial rule) and its supporters heaped praise upon Emperor Go-Daigo and the Kenmu Restoration and scorned the Northern emperors as willing puppets of the shogunate. For example, Kusunoki Masashige, one of Go-Daigo's doomed generals, was elevated into a paragon of samurai loyalty with tales of his life added to moral education textbooks and a prominent statue placed in front of the Imperial Palace (a statue that also appeared on Japanese banknotes).\n\nBut while the state had taken a pro-Southern position for decades, the spark that led to the 1911 decree legitimizing the Southern court came from outside of the government. In 1911, the Yomiuri Shimbun (one of Japan's largest newspapers) published an editorial decrying the fact that the history textbook adopted by the Ministry of Education in 1910 did not take a position on which of the two courts was legitimate. This was seen as undermining the absolute nature of Imperial authority by suggesting that there could ever have been a genuine dispute. This \"failure\" of the state to properly educate the youth of Japan was further connected by the editorial to the High Treason Incident (a socialist-anarchist plot to assassinate the emperor) of the previous year. The controversy spread to the rest of the Japanese press and was soon taken up as a cudgel that the opposition parties could use to attack the government in the Diet. This in turn led the Katsura government to issue a cabinet decision officially recognizing the Southern Court as legitimate.\n\nSource: John S. Brownlee, *Japanese Historians and the National Myths, 1600-1945*", "edited": 1538524886.0, "author_flair_css_class": null, "collapsed": false, "author_flair_richtext": [], "is_submitter": false, "collapsed_reason": null, "body_html": "&lt;div class=\"md\"&gt;&lt;p&gt;The answer to this lies in the decision of the Japanese authorities to elevate the status of the Emperor among the public consciousness following the Meiji Restoration in 1868 and use him as a symbol of nationalism and unity for the new nation. To understand how this is related to a 14th century imperial dispute, it&amp;#39;s worth briefly going over the history (although it can be fairly confusing for those unfamiliar with it).&lt;/p&gt;\n\n&lt;p&gt;When the retired (but head of the Imperial House and therefore &lt;em&gt;de facto&lt;/em&gt; reigning) emperor Go-Saga died in 1272, he left it to the Kamakura shogunate to name his successor. The shogunate decided to have Kameyama, the then current emperor, become the new head of the Imperial house. Kameyama abdicated in 1274, leaving the throne to his son, Go-Uda. Kameyama&amp;#39;s older brother, the retired emperor Go-Fukakusa, was unhappy with this situation and petitioned the shogunate to have his son named as Go-Uda&amp;#39;s heir (this would in turn make Go-Fukakusa head of the Imperial House). The Kamakura shogunate established an uneasy compromise between the two brothers under which the position of emperor would pass between the descendants of Go-Fukakusa (known as the Jimy\u014din line; the later Northern court) and Kameyama (known as Daikakuji line; the later Southern court) every decade or so.&lt;/p&gt;\n\n&lt;p&gt;This unusual arrangement persisted until 1331, when Emperor Go-Daigo (of the Daikakuji line) launched an attempt to overthrow the Kamakura shogunate and restore direct Imperial rule. When the shogunate learned of Go-Daigo&amp;#39;s plans, they forced him to abdicate and named K\u014dgon (of the Jimy\u014din line) as the new emperor. Go-Daigo&amp;#39;s efforts were ultimately successful, however, and in 1333 he deposed K\u014dgon and restored the Imperial House to political power in what is known as the Kenmu Restoration. Things didn&amp;#39;t go very well, however, and by 1336 Go-Daigo had himself been overthrown by Ashikaga Takauji (founder of the Ashikaga shogunate). Go-Daigo fled to Yoshino (what is now Nara Prefecture) and Takauji named K\u014dmy\u014d (K\u014dgon&amp;#39;s younger brother) as the new emperor in Kyoto. Thus began the Northern (Kyoto) and Southern (Yoshino) Courts period, which would last until 1392 when the Southern emperor Go-Kameyama abdicated in favor of the Northern emperor Go-Komatsu (in exchange for a return to the system of alternating rule between the two lines, although this never happened).&lt;/p&gt;\n\n&lt;p&gt;To bring this all back to modern Japanese history, following the Meiji Restoration, the new government (having just overthrown a shogunate to establish what was &lt;em&gt;de jure&lt;/em&gt; direct Imperial rule) and its supporters heaped praise upon Emperor Go-Daigo and the Kenmu Restoration and scorned the Northern emperors as willing puppets of the shogunate. For example, Kusunoki Masashige, one of Go-Daigo&amp;#39;s doomed generals, was elevated into a paragon of samurai loyalty with tales of his life added to moral education textbooks and a prominent statue placed in front of the Imperial Palace (a statue that also appeared on Japanese banknotes).&lt;/p&gt;\n\n&lt;p&gt;But while the state had taken a pro-Southern position for decades, the spark that led to the 1911 decree legitimizing the Southern court came from outside of the government. In 1911, the Yomiuri Shimbun (one of Japan&amp;#39;s largest newspapers) published an editorial decrying the fact that the history textbook adopted by the Ministry of Education in 1910 did not take a position on which of the two courts was legitimate. This was seen as undermining the absolute nature of Imperial authority by suggesting that there could ever have been a genuine dispute. This &amp;quot;failure&amp;quot; of the state to properly educate the youth of Japan was further connected by the editorial to the High Treason Incident (a socialist-anarchist plot to assassinate the emperor) of the previous year. The controversy spread to the rest of the Japanese press and was soon taken up as a cudgel that the opposition parties could use to attack the government in the Diet. This in turn led the Katsura government to issue a cabinet decision officially recognizing the Southern Court as legitimate.&lt;/p&gt;\n\n&lt;p&gt;Source: John S. Brownlee, &lt;em&gt;Japanese Historians and the National Myths, 1600-1945&lt;/em&gt;&lt;/p&gt;\n&lt;/div&gt;", "stickied": false, "subreddit_type": "public", "can_gild": true, "gildings": {"gid_1": 0, "gid_2": 0, "gid_3": 0}, "author_flair_text_color": null, "score_hidden": false, "permalink": "/r/AskHistorians/comments/9kc5jj/during_the_1300s_there_were_two_competing_courts/e71n309/", "num_reports": null, "name": "t1_e71n309", "created": 1538535983.0, "subreddit": "AskHistorians", "author_flair_text": null, "created_utc": 1538507183.0, "subreddit_name_prefixed": "r/AskHistorians", "controversiality": 0, "depth": 0, "author_flair_background_color": null, "mod_reports": [], "mod_note": null, "distinguished": null}}, {"kind": "t1", "data": {"subreddit_id": "t5_2ssp3", "approved_at_utc": null, "ups": 114, "mod_reason_by": null, "banned_by": null, "removal_reason": null, "link_id": "t3_9kc5jj", "author_flair_template_id": null, "likes": null, "no_follow": true, "replies": {"kind": "Listing", "data": {"modhash": "", "dist": null, "children": [{"kind": "t1", "data": {"subreddit_id": "t5_2ssp3", "approved_at_utc": null, "ups": 97, "mod_reason_by": null, "banned_by": null, "author_flair_type": "text", "removal_reason": null, "link_id": "t3_9kc5jj", "author_flair_template_id": null, "likes": null, "no_follow": false, "replies": {"kind": "Listing", "data": {"modhash": "", "dist": null, "children": [{"kind": "t1", "data": {"subreddit_id": "t5_2ssp3", "approved_at_utc": null, "ups": 5, "mod_reason_by": null, "banned_by": null, "removal_reason": null, "link_id": "t3_9kc5jj", "author_flair_template_id": null, "likes": null, "no_follow": true, "replies": {"kind": "Listing", "data": {"modhash": "", "dist": null, "children": [{"kind": "t1", "data": {"subreddit_id": "t5_2ssp3", "approved_at_utc": null, "ups": 49, "mod_reason_by": null, "banned_by": null, "author_flair_type": "text", "removal_reason": null, "link_id": "t3_9kc5jj", "author_flair_template_id": "9e641f94-c626-11e2-8e2c-12313b0b21ae", "likes": null, "no_follow": false, "replies": "", "user_reports": [], "saved": false, "id": "e6ywuqr", "banned_at_utc": null, "mod_reason_title": null, "gilded": 0, "archived": false, "report_reasons": null, "author": "Georgy_K_Zhukov", "can_mod_post": false, "send_replies": true, "parent_id": "t1_e6ysu3s", "score": 49, "author_fullname": "t2_9v6a6", "approved_by": null, "downs": 0, "body": "&gt;Can you link to the actual source or is it not online?\n\nIf someone wishes to get their answer to the question that way, it is a fairly straightforward search using the keyterms in the question title, but in this subreddit, we require answers to be in-depth, comprehensive, and original work of the author, so while the source in question here would be an excellent one to use as a cited source in ones own answer, simply link-dropping to it would be a violation of the rules... even if done by a moderator.", "edited": false, "author_flair_css_class": "moderator", "collapsed": false, "author_flair_richtext": [], "is_submitter": false, "collapsed_reason": null, "body_html": "&lt;div class=\"md\"&gt;&lt;blockquote&gt;\n&lt;p&gt;Can you link to the actual source or is it not online?&lt;/p&gt;\n&lt;/blockquote&gt;\n\n&lt;p&gt;If someone wishes to get their answer to the question that way, it is a fairly straightforward search using the keyterms in the question title, but in this subreddit, we require answers to be in-depth, comprehensive, and original work of the author, so while the source in question here would be an excellent one to use as a cited source in ones own answer, simply link-dropping to it would be a violation of the rules... even if done by a moderator.&lt;/p&gt;\n&lt;/div&gt;", "stickied": false, "subreddit_type": "public", "can_gild": true, "gildings": {"gid_1": 0, "gid_2": 0, "gid_3": 0}, "author_flair_text_color": "light", "score_hidden": false, "permalink": "/r/AskHistorians/comments/9kc5jj/during_the_1300s_there_were_two_competing_courts/e6ywuqr/", "num_reports": null, "name": "t1_e6ywuqr", "created": 1538433403.0, "subreddit": "AskHistorians", "author_flair_text": "Moderator | Post-Napoleonic Warfare &amp; Small Arms | Dueling", "created_utc": 1538404603.0, "subreddit_name_prefixed": "r/AskHistorians", "controversiality": 0, "depth": 3, "author_flair_background_color": "#8b008b", "mod_reports": [], "mod_note": null, "distinguished": "moderator"}}], "after": null, "before": null}}, "user_reports": [], "saved": false, "id": "e6ysu3s", "banned_at_utc": null, "mod_reason_title": null, "gilded": 0, "archived": false, "report_reasons": null, "author": "[deleted]", "can_mod_post": false, "send_replies": true, "parent_id": "t1_e6ys8gm", "score": 5, "approved_by": null, "downs": 0, "body": "[removed]", "edited": false, "author_flair_css_class": null, "collapsed": false, "is_submitter": false, "collapsed_reason": null, "body_html": "&lt;div class=\"md\"&gt;&lt;p&gt;[removed]&lt;/p&gt;\n&lt;/div&gt;", "stickied": false, "subreddit_type": "public", "can_gild": true, "gildings": {"gid_1": 0, "gid_2": 0, "gid_3": 0}, "author_flair_text_color": "dark", "score_hidden": false, "permalink": "/r/AskHistorians/comments/9kc5jj/during_the_1300s_there_were_two_competing_courts/e6ysu3s/", "num_reports": null, "name": "t1_e6ysu3s", "created": 1538429402.0, "subreddit": "AskHistorians", "author_flair_text": null, "created_utc": 1538400602.0, "subreddit_name_prefixed": "r/AskHistorians", "controversiality": 0, "depth": 2, "author_flair_background_color": "", "mod_reports": [], "mod_note": null, "distinguished": null}}], "after": null, "before": null}}, "user_reports": [], "saved": false, "id": "e6ys8gm", "banned_at_utc": null, "mod_reason_title": null, "gilded": 0, "archived": false, "report_reasons": null, "author": "hillsonghoods", "can_mod_post": false, "send_replies": true, "parent_id": "t1_e6yl16j", "score": 97, "author_fullname": "t2_4sv8x", "approved_by": null, "downs": 0, "body": "Unfortunately, we had to remove this reply as it was plagiarised, without even attempting to credit its source. The user has been banned. Our apologies for not detecting this sooner, and thanks to all the anonymous folk who do the invaluable task of reporting comments that they know don't meet our standards.", "edited": false, "author_flair_css_class": "moderator", "collapsed": false, "author_flair_richtext": [], "is_submitter": false, "collapsed_reason": null, "body_html": "&lt;div class=\"md\"&gt;&lt;p&gt;Unfortunately, we had to remove this reply as it was plagiarised, without even attempting to credit its source. The user has been banned. Our apologies for not detecting this sooner, and thanks to all the anonymous folk who do the invaluable task of reporting comments that they know don&amp;#39;t meet our standards.&lt;/p&gt;\n&lt;/div&gt;", "stickied": false, "subreddit_type": "public", "can_gild": true, "gildings": {"gid_1": 0, "gid_2": 0, "gid_3": 0}, "author_flair_text_color": "dark", "score_hidden": false, "permalink": "/r/AskHistorians/comments/9kc5jj/during_the_1300s_there_were_two_competing_courts/e6ys8gm/", "num_reports": null, "name": "t1_e6ys8gm", "created": 1538428748.0, "subreddit": "AskHistorians", "author_flair_text": "Moderator | 20th Century Pop Music | History of Psychology", "created_utc": 1538399948.0, "subreddit_name_prefixed": "r/AskHistorians", "controversiality": 0, "depth": 1, "author_flair_background_color": "", "mod_reports": [], "mod_note": null, "distinguished": "moderator"}}], "after": null, "before": null}}, "user_reports": [], "saved": false, "id": "e6yl16j", "banned_at_utc": null, "mod_reason_title": null, "gilded": 0, "archived": false, "report_reasons": null, "author": "[deleted]", "can_mod_post": false, "send_replies": true, "parent_id": "t3_9kc5jj", "score": 114, "approved_by": null, "downs": 0, "body": "[removed]", "edited": false, "author_flair_css_class": null, "collapsed": false, "is_submitter": false, "collapsed_reason": null, "body_html": "&lt;div class=\"md\"&gt;&lt;p&gt;[removed]&lt;/p&gt;\n&lt;/div&gt;", "stickied": false, "subreddit_type": "public", "can_gild": true, "gildings": {"gid_1": 0, "gid_2": 0, "gid_3": 0}, "author_flair_text_color": "dark", "score_hidden": false, "permalink": "/r/AskHistorians/comments/9kc5jj/during_the_1300s_there_were_two_competing_courts/e6yl16j/", "num_reports": null, "name": "t1_e6yl16j", "created": 1538417996.0, "subreddit": "AskHistorians", "author_flair_text": null, "created_utc": 1538389196.0, "subreddit_name_prefixed": "r/AskHistorians", "controversiality": 0, "depth": 0, "author_flair_background_color": "", "mod_reports": [], "mod_note": null, "distinguished": null}}, {"kind": "t1", "data": {"subreddit_id": "t5_2ssp3", "approved_at_utc": null, "ups": 10, "mod_reason_by": null, "banned_by": null, "removal_reason": null, "link_id": "t3_9kc5jj", "author_flair_template_id": null, "likes": null, "no_follow": true, "replies": "", "user_reports": [], "saved": false, "id": "e6ych8k", "banned_at_utc": null, "mod_reason_title": null, "gilded": 0, "archived": false, "report_reasons": null, "author": "[deleted]", "can_mod_post": false, "send_replies": true, "parent_id": "t3_9kc5jj", "score": 10, "approved_by": null, "downs": 0, "body": "[removed]", "edited": false, "author_flair_css_class": null, "collapsed": false, "is_submitter": false, "collapsed_reason": null, "body_html": "&lt;div class=\"md\"&gt;&lt;p&gt;[removed]&lt;/p&gt;\n&lt;/div&gt;", "stickied": false, "subreddit_type": "public", "can_gild": true, "gildings": {"gid_1": 0, "gid_2": 0, "gid_3": 0}, "author_flair_text_color": "dark", "score_hidden": false, "permalink": "/r/AskHistorians/comments/9kc5jj/during_the_1300s_there_were_two_competing_courts/e6ych8k/", "num_reports": null, "name": "t1_e6ych8k", "created": 1538400609.0, "subreddit": "AskHistorians", "author_flair_text": null, "created_utc": 1538371809.0, "subreddit_name_prefixed": "r/AskHistorians", "controversiality": 0, "depth": 0, "author_flair_background_color": "", "mod_reports": [], "mod_note": null, "distinguished": null}}, {"kind": "t1", "data": {"subreddit_id": "t5_2ssp3", "approved_at_utc": null, "ups": 5, "mod_reason_by": null, "banned_by": null, "author_flair_type": "text", "removal_reason": null, "link_id": "t3_9kc5jj", "author_flair_template_id": null, "likes": null, "no_follow": false, "replies": "", "user_reports": [], "saved": false, "id": "e6zy8vq", "banned_at_utc": null, "mod_reason_title": null, "gilded": 0, "archived": false, "report_reasons": null, "author": "filbertsnuts", "can_mod_post": false, "send_replies": true, "parent_id": "t3_9kc5jj", "score": 5, "author_fullname": "t2_1dbezauw", "approved_by": null, "downs": 0, "body": "Follow up, who was it that made this determination?  How did they come to their conclusion?", "edited": false, "author_flair_css_class": null, "collapsed": false, "author_flair_richtext": [], "is_submitter": false, "collapsed_reason": null, "body_html": "&lt;div class=\"md\"&gt;&lt;p&gt;Follow up, who was it that made this determination?  How did they come to their conclusion?&lt;/p&gt;\n&lt;/div&gt;", "stickied": false, "subreddit_type": "public", "can_gild": true, "gildings": {"gid_1": 0, "gid_2": 0, "gid_3": 0}, "author_flair_text_color": null, "score_hidden": false, "permalink": "/r/AskHistorians/comments/9kc5jj/during_the_1300s_there_were_two_competing_courts/e6zy8vq/", "num_reports": null, "name": "t1_e6zy8vq", "created": 1538465459.0, "subreddit": "AskHistorians", "author_flair_text": null, "created_utc": 1538436659.0, "subreddit_name_prefixed": "r/AskHistorians", "controversiality": 0, "depth": 0, "author_flair_background_color": null, "mod_reports": [], "mod_note": null, "distinguished": null}}, {"kind": "t1", "data": {"subreddit_id": "t5_2ssp3", "approved_at_utc": null, "ups": 7, "mod_reason_by": null, "banned_by": null, "removal_reason": null, "link_id": "t3_9kc5jj", "author_flair_template_id": null, "likes": null, "no_follow": true, "replies": {"kind": "Listing", "data": {"modhash": "", "dist": null, "children": [{"kind": "t1", "data": {"subreddit_id": "t5_2ssp3", "approved_at_utc": null, "ups": 66, "mod_reason_by": null, "banned_by": null, "author_flair_type": "text", "removal_reason": null, "link_id": "t3_9kc5jj", "author_flair_template_id": null, "likes": null, "no_follow": false, "replies": {"kind": "Listing", "data": {"modhash": "", "dist": null, "children": [{"kind": "t1", "data": {"subreddit_id": "t5_2ssp3", "approved_at_utc": null, "ups": -14, "mod_reason_by": null, "banned_by": null, "removal_reason": null, "link_id": "t3_9kc5jj", "author_flair_template_id": null, "likes": null, "no_follow": true, "replies": {"kind": "Listing", "data": {"modhash": "", "dist": null, "children": [{"kind": "t1", "data": {"subreddit_id": "t5_2ssp3", "approved_at_utc": null, "ups": 11, "mod_reason_by": null, "banned_by": null, "removal_reason": null, "link_id": "t3_9kc5jj", "author_flair_template_id": null, "likes": null, "no_follow": true, "replies": "", "user_reports": [], "saved": false, "id": "e6ycfu8", "banned_at_utc": null, "mod_reason_title": null, "gilded": 0, "archived": false, "report_reasons": null, "author": "[deleted]", "can_mod_post": false, "send_replies": true, "parent_id": "t1_e6yceu7", "score": 11, "approved_by": null, "downs": 0, "body": "[removed]", "edited": false, "author_flair_css_class": null, "collapsed": false, "is_submitter": false, "collapsed_reason": null, "body_html": "&lt;div class=\"md\"&gt;&lt;p&gt;[removed]&lt;/p&gt;\n&lt;/div&gt;", "stickied": false, "subreddit_type": "public", "can_gild": true, "gildings": {"gid_1": 0, "gid_2": 0, "gid_3": 0}, "author_flair_text_color": "dark", "score_hidden": false, "permalink": "/r/AskHistorians/comments/9kc5jj/during_the_1300s_there_were_two_competing_courts/e6ycfu8/", "num_reports": null, "name": "t1_e6ycfu8", "created": 1538400549.0, "subreddit": "AskHistorians", "author_flair_text": null, "created_utc": 1538371749.0, "subreddit_name_prefixed": "r/AskHistorians", "controversiality": 0, "depth": 3, "author_flair_background_color": "", "mod_reports": [], "mod_note": null, "distinguished": null}}, {"kind": "t1", "data": {"subreddit_id": "t5_2ssp3", "approved_at_utc": null, "ups": 2, "mod_reason_by": null, "banned_by": null, "removal_reason": null, "link_id": "t3_9kc5jj", "author_flair_template_id": null, "likes": null, "no_follow": true, "replies": "", "user_reports": [], "saved": false, "id": "e6ycihh", "banned_at_utc": null, "mod_reason_title": null, "gilded": 0, "archived": false, "report_reasons": null, "author": "[deleted]", "can_mod_post": false, "send_replies": true, "parent_id": "t1_e6yceu7", "score": 2, "approved_by": null, "downs": 0, "body": "[removed]", "edited": false, "author_flair_css_class": null, "collapsed": false, "is_submitter": false, "collapsed_reason": null, "body_html": "&lt;div class=\"md\"&gt;&lt;p&gt;[removed]&lt;/p&gt;\n&lt;/div&gt;", "stickied": false, "subreddit_type": "public", "can_gild": true, "gildings": {"gid_1": 0, "gid_2": 0, "gid_3": 0}, "author_flair_text_color": "dark", "score_hidden": false, "permalink": "/r/AskHistorians/comments/9kc5jj/during_the_1300s_there_were_two_competing_courts/e6ycihh/", "num_reports": null, "name": "t1_e6ycihh", "created": 1538400661.0, "subreddit": "AskHistorians", "author_flair_text": null, "created_utc": 1538371861.0, "subreddit_name_prefixed": "r/AskHistorians", "controversiality": 0, "depth": 3, "author_flair_background_color": "", "mod_reports": [], "mod_note": null, "distinguished": null}}], "after": null, "before": null}}, "user_reports": [], "saved": false, "id": "e6yceu7", "banned_at_utc": null, "mod_reason_title": null, "gilded": 0, "archived": false, "report_reasons": null, "author": "[deleted]", "can_mod_post": false, "send_replies": true, "parent_id": "t1_e6yb1y6", "score": -14, "approved_by": null, "downs": 0, "body": "[removed]", "edited": false, "author_flair_css_class": null, "collapsed": true, "is_submitter": false, "collapsed_reason": "comment score below threshold", "body_html": "&lt;div class=\"md\"&gt;&lt;p&gt;[removed]&lt;/p&gt;\n&lt;/div&gt;", "stickied": false, "subreddit_type": "public", "can_gild": true, "gildings": {"gid_1": 0, "gid_2": 0, "gid_3": 0}, "author_flair_text_color": "dark", "score_hidden": false, "permalink": "/r/AskHistorians/comments/9kc5jj/during_the_1300s_there_were_two_competing_courts/e6yceu7/", "num_reports": null, "name": "t1_e6yceu7", "created": 1538400505.0, "subreddit": "AskHistorians", "author_flair_text": null, "created_utc": 1538371705.0, "subreddit_name_prefixed": "r/AskHistorians", "controversiality": 0, "depth": 2, "author_flair_background_color": "", "mod_reports": [], "mod_note": null, "distinguished": null}}], "after": null, "before": null}}, "user_reports": [], "saved": false, "id": "e6yb1y6", "banned_at_utc": null, "mod_reason_title": null, "gilded": 0, "archived": false, "report_reasons": null, "author": "CrossyNZ", "can_mod_post": false, "send_replies": true, "parent_id": "t1_e6yavof", "score": 66, "author_fullname": "t2_4u7ts", "approved_by": null, "downs": 0, "body": "Great question! So good, it should probably be its own question, alas. Would you be so good as to post it as a new link?", "edited": false, "author_flair_css_class": "military", "collapsed": false, "author_flair_richtext": [], "is_submitter": false, "collapsed_reason": null, "body_html": "&lt;div class=\"md\"&gt;&lt;p&gt;Great question! So good, it should probably be its own question, alas. Would you be so good as to post it as a new link?&lt;/p&gt;\n&lt;/div&gt;", "stickied": false, "subreddit_type": "public", "can_gild": true, "gildings": {"gid_1": 0, "gid_2": 0, "gid_3": 0}, "author_flair_text_color": "dark", "score_hidden": false, "permalink": "/r/AskHistorians/comments/9kc5jj/during_the_1300s_there_were_two_competing_courts/e6yb1y6/", "num_reports": null, "name": "t1_e6yb1y6", "created": 1538398500.0, "subreddit": "AskHistorians", "author_flair_text": "Military Science | Public Perceptions of War", "created_utc": 1538369700.0, "subreddit_name_prefixed": "r/AskHistorians", "controversiality": 0, "depth": 1, "author_flair_background_color": "", "mod_reports": [], "mod_note": null, "distinguished": "moderator"}}], "after": null, "before": null}}, "user_reports": [], "saved": false, "id": "e6yavof", "banned_at_utc": null, "mod_reason_title": null, "gilded": 0, "archived": false, "report_reasons": null, "author": "[deleted]", "can_mod_post": false, "send_replies": true, "parent_id": "t3_9kc5jj", "score": 7, "approved_by": null, "downs": 0, "body": "[removed]", "edited": false, "author_flair_css_class": null, "collapsed": false, "is_submitter": false, "collapsed_reason": null, "body_html": "&lt;div class=\"md\"&gt;&lt;p&gt;[removed]&lt;/p&gt;\n&lt;/div&gt;", "stickied": false, "subreddit_type": "public", "can_gild": true, "gildings": {"gid_1": 0, "gid_2": 0, "gid_3": 0}, "author_flair_text_color": "dark", "score_hidden": false, "permalink": "/r/AskHistorians/comments/9kc5jj/during_the_1300s_there_were_two_competing_courts/e6yavof/", "num_reports": null, "name": "t1_e6yavof", "created": 1538398251.0, "subreddit": "AskHistorians", "author_flair_text": null, "created_utc": 1538369451.0, "subreddit_name_prefixed": "r/AskHistorians", "controversiality": 0, "depth": 0, "author_flair_background_color": "", "mod_reports": [], "mod_note": null, "distinguished": null}}, {"kind": "t1", "data": {"subreddit_id": "t5_2ssp3", "approved_at_utc": null, "ups": -46, "mod_reason_by": null, "banned_by": null, "removal_reason": null, "link_id": "t3_9kc5jj", "author_flair_template_id": null, "likes": null, "no_follow": true, "replies": {"kind": "Listing", "data": {"modhash": "", "dist": null, "children": [{"kind": "t1", "data": {"subreddit_id": "t5_2ssp3", "approved_at_utc": null, "ups": 139, "mod_reason_by": null, "banned_by": null, "removal_reason": null, "link_id": "t3_9kc5jj", "author_flair_template_id": null, "likes": null, "no_follow": true, "replies": "", "user_reports": [], "saved": false, "id": "e6ycfk4", "banned_at_utc": null, "mod_reason_title": null, "gilded": 0, "archived": false, "report_reasons": null, "author": "[deleted]", "can_mod_post": false, "send_replies": true, "parent_id": "t1_e6yc6w5", "score": 139, "approved_by": null, "downs": 0, "body": "[removed]", "edited": false, "author_flair_css_class": null, "collapsed": false, "is_submitter": false, "collapsed_reason": null, "body_html": "&lt;div class=\"md\"&gt;&lt;p&gt;[removed]&lt;/p&gt;\n&lt;/div&gt;", "stickied": false, "subreddit_type": "public", "can_gild": true, "gildings": {"gid_1": 0, "gid_2": 0, "gid_3": 0}, "author_flair_text_color": "dark", "score_hidden": false, "permalink": "/r/AskHistorians/comments/9kc5jj/during_the_1300s_there_were_two_competing_courts/e6ycfk4/", "num_reports": null, "name": "t1_e6ycfk4", "created": 1538400536.0, "subreddit": "AskHistorians", "author_flair_text": null, "created_utc": 1538371736.0, "subreddit_name_prefixed": "r/AskHistorians", "controversiality": 0, "depth": 1, "author_flair_background_color": "", "mod_reports": [], "mod_note": null, "distinguished": null}}], "after": null, "before": null}}, "user_reports": [], "saved": false, "id": "e6yc6w5", "banned_at_utc": null, "mod_reason_title": null, "gilded": 0, "archived": false, "report_reasons": null, "author": "[deleted]", "can_mod_post": false, "send_replies": true, "parent_id": "t3_9kc5jj", "score": -46, "approved_by": null, "downs": 0, "body": "[removed]", "edited": false, "author_flair_css_class": null, "collapsed": true, "is_submitter": false, "collapsed_reason": "comment score below threshold", "body_html": "&lt;div class=\"md\"&gt;&lt;p&gt;[removed]&lt;/p&gt;\n&lt;/div&gt;", "stickied": false, "subreddit_type": "public", "can_gild": true, "gildings": {"gid_1": 0, "gid_2": 0, "gid_3": 0}, "author_flair_text_color": "dark", "score_hidden": false, "permalink": "/r/AskHistorians/comments/9kc5jj/during_the_1300s_there_were_two_competing_courts/e6yc6w5/", "num_reports": null, "name": "t1_e6yc6w5", "created": 1538400164.0, "subreddit": "AskHistorians", "author_flair_text": null, "created_utc": 1538371364.0, "subreddit_name_prefixed": "r/AskHistorians", "controversiality": 0, "depth": 0, "author_flair_background_color": "", "mod_reports": [], "mod_note": null, "distinguished": null}}], "after": null, "before": null}}]