[{"kind": "Listing", "data": {"modhash": "", "dist": 1, "children": [{"kind": "t3", "data": {"approved_at_utc": null, "subreddit": "AskHistorians", "selftext": "We are taught that Charles V became Holy Roman Emperor thanks to Jakob Fugger \"the rich\"'s financial contributions, which let him \"buy\" the Electors' votes. But why his rivals were Francis I of France and Henry VIII of England? Was it possible for the ruler of a state outside the imperial territory to become Emperor? If I'm not mistaken both France and England were not part of the Empire. I've thought about the possibility of personal unions between France and England on the one hand and an imperial duchy or territory on the other (something like the Great Britain-Hanover PU in the XVIII century) enabling the rulers of France and England to run as \"candidates\" for the imperial election, but I don't know if something similar actually existed at the time. Am I completely off-base? Thanks in advance.", "user_reports": [], "saved": false, "mod_reason_title": null, "gilded": 0, "clicked": false, "title": "Why Francis I of France and Henry VIII of England were eligible to be elected Holy Roman Emperors?", "link_flair_richtext": [], "subreddit_name_prefixed": "r/AskHistorians", "hidden": false, "pwls": 6, "link_flair_css_class": null, "downs": 0, "parent_whitelist_status": "all_ads", "hide_score": false, "name": "t3_9kfv3q", "quarantine": false, "link_flair_text_color": "dark", "upvote_ratio": 0.71, "author_flair_background_color": null, "subreddit_type": "public", "ups": 4, "domain": "self.AskHistorians", "media_embed": {}, "author_flair_template_id": null, "is_original_content": false, "author_fullname": "t2_nrltq", "secure_media": null, "is_reddit_media_domain": false, "is_meta": false, "category": null, "secure_media_embed": {}, "link_flair_text": null, "can_mod_post": false, "score": 4, "approved_by": null, "thumbnail": "", "edited": false, "author_flair_css_class": null, "author_flair_richtext": [], "gildings": {"gid_1": 0, "gid_2": 0, "gid_3": 0}, "content_categories": null, "is_self": true, "mod_note": null, "created": 1538425527.0, "link_flair_type": "text", "wls": 6, "banned_by": null, "author_flair_type": "text", "contest_mode": false, "selftext_html": "&lt;!-- SC_OFF --&gt;&lt;div class=\"md\"&gt;&lt;p&gt;We are taught that Charles V became Holy Roman Emperor thanks to Jakob Fugger &amp;quot;the rich&amp;quot;&amp;#39;s financial contributions, which let him &amp;quot;buy&amp;quot; the Electors&amp;#39; votes. But why his rivals were Francis I of France and Henry VIII of England? Was it possible for the ruler of a state outside the imperial territory to become Emperor? If I&amp;#39;m not mistaken both France and England were not part of the Empire. I&amp;#39;ve thought about the possibility of personal unions between France and England on the one hand and an imperial duchy or territory on the other (something like the Great Britain-Hanover PU in the XVIII century) enabling the rulers of France and England to run as &amp;quot;candidates&amp;quot; for the imperial election, but I don&amp;#39;t know if something similar actually existed at the time. Am I completely off-base? Thanks in advance.&lt;/p&gt;\n&lt;/div&gt;&lt;!-- SC_ON --&gt;", "likes": null, "suggested_sort": null, "banned_at_utc": null, "view_count": null, "archived": false, "no_follow": true, "is_crosspostable": false, "pinned": false, "over_18": false, "media": null, "media_only": false, "link_flair_template_id": null, "can_gild": false, "spoiler": false, "locked": false, "author_flair_text": null, "visited": false, "num_reports": null, "distinguished": null, "subreddit_id": "t5_2ssp3", "mod_reason_by": null, "removal_reason": null, "link_flair_background_color": "", "id": "9kfv3q", "is_robot_indexable": true, "report_reasons": null, "author": "accadde_domani", "num_crossposts": 0, "num_comments": 1, "send_replies": true, "author_flair_text_color": null, "permalink": "/r/AskHistorians/comments/9kfv3q/why_francis_i_of_france_and_henry_viii_of_england/", "whitelist_status": "all_ads", "stickied": false, "url": "https://www.reddit.com/r/AskHistorians/comments/9kfv3q/why_francis_i_of_france_and_henry_viii_of_england/", "subreddit_subscribers": 828723, "created_utc": 1538396727.0, "mod_reports": [], "is_video": false}}], "after": null, "before": null}}, {"kind": "Listing", "data": {"modhash": "", "dist": null, "children": [], "after": null, "before": null}}]