[{"kind": "Listing", "data": {"modhash": "", "dist": 1, "children": [{"kind": "t3", "data": {"approved_at_utc": null, "subreddit": "AskHistorians", "selftext": "I heard a teacher say this but I can no longer ask him. I strongly believe that this means their atrocities were foreseeable once they came to power.\n\n&amp;#x200B;\n\nThe point of this question is: How could they be foreseeable?\n\n&amp;#x200B;\n\nIsn't this just an I-knew-it-all-along effect where we only think we could know what would happen next but in truth we never could tell?", "user_reports": [], "saved": false, "mod_reason_title": null, "gilded": 0, "clicked": false, "title": "Why would anyone say that the atrocities of the Nazis were foreseeable?", "link_flair_richtext": [], "subreddit_name_prefixed": "r/AskHistorians", "hidden": false, "pwls": 6, "link_flair_css_class": null, "downs": 0, "parent_whitelist_status": "all_ads", "hide_score": false, "name": "t3_9kg0hu", "quarantine": false, "link_flair_text_color": "dark", "upvote_ratio": 0.54, "author_flair_background_color": null, "subreddit_type": "public", "ups": 1, "domain": "self.AskHistorians", "media_embed": {}, "author_flair_template_id": null, "is_original_content": false, "author_fullname": "t2_23wsz5d7", "secure_media": null, "is_reddit_media_domain": false, "is_meta": false, "category": null, "secure_media_embed": {}, "link_flair_text": null, "can_mod_post": false, "score": 1, "approved_by": null, "thumbnail": "", "edited": 1538399201.0, "author_flair_css_class": null, "author_flair_richtext": [], "gildings": {"gid_1": 0, "gid_2": 0, "gid_3": 0}, "content_categories": null, "is_self": true, "mod_note": null, "created": 1538426872.0, "link_flair_type": "text", "wls": 6, "banned_by": null, "author_flair_type": "text", "contest_mode": false, "selftext_html": "&lt;!-- SC_OFF --&gt;&lt;div class=\"md\"&gt;&lt;p&gt;I heard a teacher say this but I can no longer ask him. I strongly believe that this means their atrocities were foreseeable once they came to power.&lt;/p&gt;\n\n&lt;p&gt;&amp;#x200B;&lt;/p&gt;\n\n&lt;p&gt;The point of this question is: How could they be foreseeable?&lt;/p&gt;\n\n&lt;p&gt;&amp;#x200B;&lt;/p&gt;\n\n&lt;p&gt;Isn&amp;#39;t this just an I-knew-it-all-along effect where we only think we could know what would happen next but in truth we never could tell?&lt;/p&gt;\n&lt;/div&gt;&lt;!-- SC_ON --&gt;", "likes": null, "suggested_sort": null, "banned_at_utc": null, "view_count": null, "archived": false, "no_follow": true, "is_crosspostable": false, "pinned": false, "over_18": false, "media": null, "media_only": false, "link_flair_template_id": null, "can_gild": false, "spoiler": false, "locked": false, "author_flair_text": null, "visited": false, "num_reports": null, "distinguished": null, "subreddit_id": "t5_2ssp3", "mod_reason_by": null, "removal_reason": null, "link_flair_background_color": "", "id": "9kg0hu", "is_robot_indexable": true, "report_reasons": null, "author": "JazzlikeCharacter", "num_crossposts": 0, "num_comments": 3, "send_replies": true, "author_flair_text_color": null, "permalink": "/r/AskHistorians/comments/9kg0hu/why_would_anyone_say_that_the_atrocities_of_the/", "whitelist_status": "all_ads", "stickied": false, "url": "https://www.reddit.com/r/AskHistorians/comments/9kg0hu/why_would_anyone_say_that_the_atrocities_of_the/", "subreddit_subscribers": 828723, "created_utc": 1538398072.0, "mod_reports": [], "is_video": false}}], "after": null, "before": null}}, {"kind": "Listing", "data": {"modhash": "", "dist": null, "children": [], "after": null, "before": null}}]