[{"kind": "Listing", "data": {"modhash": "", "dist": 1, "children": [{"kind": "t3", "data": {"approved_at_utc": null, "subreddit": "AskHistorians", "selftext": "[removed]", "user_reports": [], "saved": false, "mod_reason_title": null, "gilded": 0, "clicked": false, "title": "Why do white people get so much shit for slavery when literally every race is guilty of it?", "link_flair_richtext": [], "subreddit_name_prefixed": "r/AskHistorians", "hidden": false, "pwls": 6, "link_flair_css_class": null, "downs": 0, "parent_whitelist_status": "all_ads", "hide_score": false, "name": "t3_9kj11x", "quarantine": false, "link_flair_text_color": "dark", "upvote_ratio": 0.42, "author_flair_background_color": null, "subreddit_type": "public", "ups": 0, "domain": "self.AskHistorians", "media_embed": {}, "author_flair_template_id": null, "is_original_content": false, "author_fullname": "t2_1z6h5ejm", "secure_media": null, "is_reddit_media_domain": false, "is_meta": false, "category": null, "secure_media_embed": {}, "link_flair_text": null, "can_mod_post": false, "score": 0, "approved_by": null, "thumbnail": "", "edited": false, "author_flair_css_class": null, "author_flair_richtext": [], "gildings": {"gid_1": 0, "gid_2": 0, "gid_3": 0}, "content_categories": null, "is_self": true, "mod_note": null, "created": 1538447851.0, "link_flair_type": "text", "wls": 6, "banned_by": null, "author_flair_type": "text", "contest_mode": false, "selftext_html": "&lt;!-- SC_OFF --&gt;&lt;div class=\"md\"&gt;&lt;p&gt;[removed]&lt;/p&gt;\n&lt;/div&gt;&lt;!-- SC_ON --&gt;", "likes": null, "suggested_sort": null, "banned_at_utc": null, "view_count": null, "archived": false, "no_follow": true, "is_crosspostable": false, "pinned": false, "over_18": false, "media": null, "media_only": false, "link_flair_template_id": null, "can_gild": false, "spoiler": false, "locked": false, "author_flair_text": null, "visited": false, "num_reports": null, "distinguished": null, "subreddit_id": "t5_2ssp3", "mod_reason_by": null, "removal_reason": null, "link_flair_background_color": "", "id": "9kj11x", "is_robot_indexable": false, "report_reasons": null, "author": "SchecterBender", "num_crossposts": 0, "num_comments": 3, "send_replies": true, "author_flair_text_color": null, "permalink": "/r/AskHistorians/comments/9kj11x/why_do_white_people_get_so_much_shit_for_slavery/", "whitelist_status": "all_ads", "stickied": false, "url": "https://www.reddit.com/r/AskHistorians/comments/9kj11x/why_do_white_people_get_so_much_shit_for_slavery/", "subreddit_subscribers": 828724, "created_utc": 1538419051.0, "mod_reports": [], "is_video": false}}], "after": null, "before": null}}, {"kind": "Listing", "data": {"modhash": "", "dist": null, "children": [{"kind": "t1", "data": {"subreddit_id": "t5_2ssp3", "approved_at_utc": null, "ups": 4, "mod_reason_by": null, "banned_by": null, "author_flair_type": "text", "removal_reason": null, "link_id": "t3_9kj11x", "author_flair_template_id": null, "likes": null, "no_follow": true, "replies": {"kind": "Listing", "data": {"modhash": "", "dist": null, "children": [{"kind": "t1", "data": {"subreddit_id": "t5_2ssp3", "approved_at_utc": null, "ups": 0, "mod_reason_by": null, "banned_by": null, "author_flair_type": "text", "removal_reason": null, "link_id": "t3_9kj11x", "author_flair_template_id": null, "likes": null, "no_follow": true, "replies": "", "user_reports": [], "saved": false, "id": "e6zerhz", "banned_at_utc": null, "mod_reason_title": null, "gilded": 0, "archived": false, "report_reasons": null, "author": "SchecterBender", "can_mod_post": false, "send_replies": true, "parent_id": "t1_e6zei8w", "score": 0, "author_fullname": "t2_1z6h5ejm", "approved_by": null, "downs": 0, "body": "It's not of bad faith, I'm just asking the difficult questions here. I love my brothers and sisters of all races. That doesn't mean I can't ask this question.", "edited": 1538420264.0, "author_flair_css_class": null, "collapsed": false, "author_flair_richtext": [], "is_submitter": true, "collapsed_reason": null, "body_html": "&lt;div class=\"md\"&gt;&lt;p&gt;It&amp;#39;s not of bad faith, I&amp;#39;m just asking the difficult questions here. I love my brothers and sisters of all races. That doesn&amp;#39;t mean I can&amp;#39;t ask this question.&lt;/p&gt;\n&lt;/div&gt;", "stickied": false, "subreddit_type": "public", "can_gild": true, "gildings": {"gid_1": 0, "gid_2": 0, "gid_3": 0}, "author_flair_text_color": null, "score_hidden": false, "permalink": "/r/AskHistorians/comments/9kj11x/why_do_white_people_get_so_much_shit_for_slavery/e6zerhz/", "num_reports": null, "name": "t1_e6zerhz", "created": 1538448673.0, "subreddit": "AskHistorians", "author_flair_text": null, "created_utc": 1538419873.0, "subreddit_name_prefixed": "r/AskHistorians", "controversiality": 0, "depth": 1, "author_flair_background_color": null, "mod_reports": [], "mod_note": null, "distinguished": null}}], "after": null, "before": null}}, "user_reports": [], "saved": false, "id": "e6zei8w", "banned_at_utc": null, "mod_reason_title": null, "gilded": 0, "archived": false, "report_reasons": null, "author": "Bernardito", "can_mod_post": false, "send_replies": true, "parent_id": "t3_9kj11x", "score": 4, "author_fullname": "t2_4eic8", "approved_by": null, "downs": 0, "body": "This is not the place for questions of bad faith. ", "edited": false, "author_flair_css_class": "moderator", "collapsed": false, "author_flair_richtext": [], "is_submitter": false, "collapsed_reason": null, "body_html": "&lt;div class=\"md\"&gt;&lt;p&gt;This is not the place for questions of bad faith. &lt;/p&gt;\n&lt;/div&gt;", "stickied": false, "subreddit_type": "public", "can_gild": true, "gildings": {"gid_1": 0, "gid_2": 0, "gid_3": 0}, "author_flair_text_color": "dark", "score_hidden": false, "permalink": "/r/AskHistorians/comments/9kj11x/why_do_white_people_get_so_much_shit_for_slavery/e6zei8w/", "num_reports": null, "name": "t1_e6zei8w", "created": 1538448458.0, "subreddit": "AskHistorians", "author_flair_text": "Moderator | Modern Guerrilla | Counterinsurgency", "created_utc": 1538419658.0, "subreddit_name_prefixed": "r/AskHistorians", "controversiality": 0, "depth": 0, "author_flair_background_color": "", "mod_reports": [], "mod_note": null, "distinguished": "moderator"}}], "after": null, "before": null}}]