[{"kind": "Listing", "data": {"modhash": "", "dist": 1, "children": [{"kind": "t3", "data": {"subreddit_id": "t5_2ssp3", "approved_at_utc": null, "send_replies": true, "mod_reason_by": null, "banned_by": null, "removal_reason": null, "wls": 6, "subreddit": "AskHistorians", "selftext_html": "&lt;!-- SC_OFF --&gt;&lt;div class=\"md\"&gt;&lt;p&gt;I am in no way trying to justify the Holocaust-just want to make that clear. I visited the US Holocaust museum today (it was outstanding) and I wondered: Hitler blamed the Jews for all the things wrong with Germany post-WW1 and of course said that by purifying the German state Germany could prosper. So I wondered, did the economy (or anything else) benefit at all from his policies and Final Solution?&lt;/p&gt;\n&lt;/div&gt;&lt;!-- SC_ON --&gt;", "author_flair_template_id": null, "selftext": "I am in no way trying to justify the Holocaust-just want to make that clear. I visited the US Holocaust museum today (it was outstanding) and I wondered: Hitler blamed the Jews for all the things wrong with Germany post-WW1 and of course said that by purifying the German state Germany could prosper. So I wondered, did the economy (or anything else) benefit at all from his policies and Final Solution?", "likes": null, "suggested_sort": null, "mod_note": null, "user_reports": [], "secure_media": null, "is_reddit_media_domain": false, "saved": false, "id": "6r9itt", "banned_at_utc": null, "mod_reason_title": null, "view_count": null, "archived": true, "clicked": false, "no_follow": false, "author": "pizzagodandrew", "num_crossposts": 0, "link_flair_text": null, "can_mod_post": false, "is_crosspostable": false, "pinned": false, "score": 24, "approved_by": null, "over_18": false, "domain": "self.AskHistorians", "hidden": false, "pwls": 6, "thumbnail": "", "hide_score": false, "edited": false, "link_flair_css_class": null, "media_only": false, "author_flair_css_class": null, "contest_mode": false, "gilded": 0, "title": "Did Hitler's anti-Semitic policies actually have any benefit for the German economy?", "downs": 0, "secure_media_embed": {}, "media_embed": {}, "author_flair_text": null, "stickied": false, "can_gild": false, "is_self": true, "parent_whitelist_status": "all_ads", "name": "t3_6r9itt", "spoiler": false, "permalink": "/r/AskHistorians/comments/6r9itt/did_hitlers_antisemitic_policies_actually_have/", "subreddit_type": "public", "locked": false, "report_reasons": null, "created": 1501758206.0, "url": "https://www.reddit.com/r/AskHistorians/comments/6r9itt/did_hitlers_antisemitic_policies_actually_have/", "whitelist_status": "all_ads", "quarantine": false, "subreddit_subscribers": 759243, "created_utc": 1501729406.0, "subreddit_name_prefixed": "r/AskHistorians", "distinguished": null, "media": null, "num_comments": 11, "upvote_ratio": 0.78, "mod_reports": [], "visited": false, "num_reports": null, "is_video": false, "ups": 24, "post_categories": null}}], "after": null, "before": null}}, {"kind": "Listing", "data": {"modhash": "", "dist": null, "children": [{"kind": "t1", "data": {"subreddit_id": "t5_2ssp3", "approved_at_utc": null, "ups": 38, "mod_reason_by": null, "banned_by": null, "removal_reason": null, "link_id": "t3_6r9itt", "author_flair_template_id": null, "likes": null, "no_follow": false, "replies": {"kind": "Listing", "data": {"modhash": "", "dist": null, "children": [{"kind": "t1", "data": {"subreddit_id": "t5_2ssp3", "approved_at_utc": null, "ups": 10, "mod_reason_by": null, "banned_by": null, "removal_reason": null, "link_id": "t3_6r9itt", "author_flair_template_id": null, "likes": null, "no_follow": false, "replies": {"kind": "Listing", "data": {"modhash": "", "dist": null, "children": [{"kind": "t1", "data": {"subreddit_id": "t5_2ssp3", "approved_at_utc": null, "ups": 12, "mod_reason_by": null, "banned_by": null, "removal_reason": null, "link_id": "t3_6r9itt", "author_flair_template_id": null, "likes": null, "no_follow": false, "replies": "", "user_reports": [], "saved": false, "id": "dl3fzpc", "banned_at_utc": null, "mod_reason_title": null, "gilded": 0, "archived": true, "report_reasons": null, "author": "-originalname-", "can_mod_post": false, "send_replies": true, "parent_id": "t1_dl3eejp", "score": 12, "approved_by": null, "downs": 0, "body": "Yeah WWII is always sticky because whatever you do or say or talk about, it involves potentially thousands of deaths and some pretty intense political challenges. That's why you've got to just go for it and toss a disclaimer on it that pretty much says that you acknowledge that it's terrible but you had to remove those parts from the analysis.", "edited": false, "author_flair_css_class": null, "collapsed": false, "is_submitter": false, "collapsed_reason": null, "body_html": "&lt;div class=\"md\"&gt;&lt;p&gt;Yeah WWII is always sticky because whatever you do or say or talk about, it involves potentially thousands of deaths and some pretty intense political challenges. That&amp;#39;s why you&amp;#39;ve got to just go for it and toss a disclaimer on it that pretty much says that you acknowledge that it&amp;#39;s terrible but you had to remove those parts from the analysis.&lt;/p&gt;\n&lt;/div&gt;", "subreddit_type": "public", "can_gild": true, "subreddit": "AskHistorians", "name": "t1_dl3fzpc", "score_hidden": false, "permalink": "/r/AskHistorians/comments/6r9itt/did_hitlers_antisemitic_policies_actually_have/dl3fzpc/", "num_reports": null, "stickied": false, "created": 1501762082.0, "author_flair_text": null, "created_utc": 1501733282.0, "subreddit_name_prefixed": "r/AskHistorians", "controversiality": 0, "depth": 2, "mod_reports": [], "mod_note": null, "distinguished": null}}], "after": null, "before": null}}, "user_reports": [], "saved": false, "id": "dl3eejp", "banned_at_utc": null, "mod_reason_title": null, "gilded": 0, "archived": true, "report_reasons": null, "author": "pizzagodandrew", "can_mod_post": false, "send_replies": true, "parent_id": "t1_dl3e8bl", "score": 10, "approved_by": null, "downs": 0, "body": "Thanks for your informative reply. It's often difficult to approach these kinds of questions because it seems to undermine the true horrors that occurred. But it clear, and as you said, it's a black stain on humanity. ", "edited": false, "author_flair_css_class": null, "collapsed": false, "is_submitter": true, "collapsed_reason": null, "body_html": "&lt;div class=\"md\"&gt;&lt;p&gt;Thanks for your informative reply. It&amp;#39;s often difficult to approach these kinds of questions because it seems to undermine the true horrors that occurred. But it clear, and as you said, it&amp;#39;s a black stain on humanity. &lt;/p&gt;\n&lt;/div&gt;", "subreddit_type": "public", "can_gild": true, "subreddit": "AskHistorians", "name": "t1_dl3eejp", "score_hidden": false, "permalink": "/r/AskHistorians/comments/6r9itt/did_hitlers_antisemitic_policies_actually_have/dl3eejp/", "num_reports": null, "stickied": false, "created": 1501759695.0, "author_flair_text": null, "created_utc": 1501730895.0, "subreddit_name_prefixed": "r/AskHistorians", "controversiality": 0, "depth": 1, "mod_reports": [], "mod_note": null, "distinguished": null}}, {"kind": "t1", "data": {"subreddit_id": "t5_2ssp3", "approved_at_utc": null, "ups": 7, "mod_reason_by": null, "banned_by": null, "removal_reason": null, "link_id": "t3_6r9itt", "author_flair_template_id": null, "likes": null, "no_follow": false, "replies": {"kind": "Listing", "data": {"modhash": "", "dist": null, "children": [{"kind": "t1", "data": {"subreddit_id": "t5_2ssp3", "approved_at_utc": null, "ups": 2, "mod_reason_by": null, "banned_by": null, "removal_reason": null, "link_id": "t3_6r9itt", "author_flair_template_id": null, "likes": null, "no_follow": true, "replies": "", "user_reports": [], "saved": false, "id": "dl4nylu", "banned_at_utc": null, "mod_reason_title": null, "gilded": 0, "archived": true, "report_reasons": null, "author": "-originalname-", "can_mod_post": false, "send_replies": true, "parent_id": "t1_dl3l1yr", "score": 2, "approved_by": null, "downs": 0, "body": "That's an interesting aspect I hadn't really thought about before. But the answer to that is yes, there were material gains to be made from discriminating against Jews while the overall net impact on the economy was a negative. There was a tax that was instituted in the early '30s, before the Nazis took power, that was levied against anyone leaving the country permanently. The tax was intended to stop the draining of cash and gold from Germany. The original tax rate was  20% of all your total assets in January 1934 but had increased to 96% by the start of the war in September 1939. Jews were actually encouraged to leave Germany before it was forbidden for them to travel by Himmler on October 23 of '41. In total, the tax collected 941 million Reichmarks, which converts to about $6.5 billion today. So just on that one tax, the government raised over $6 billion. It's fair to say though that it applied to everyone leaving Germany but the primary targets were the Jewish refugees.\n\nOther less-than-legal means were also used to extract wealth from Jews. When their businesses were closed and they were sent off to the camps, whatever was left behind was technically designated to be state property of the Reich. All this property was at least in theory supposed to be used by the government for whatever it saw fit, including the war effort as you suggested. However, lots of this seized property was stolen by Nazis in the field and repurposed for their own use. Instead of handing over a stolen pocket watch or wallet, it was common for a soldier to steal these items for their own usage. Famous examples of this kind of theft of property are the theft of millions of pieces of art from wealthy Jewish families. Nazi collaborators in the occupied countries were also often given some of the stolen property as a reward for their help. High-ranking officers sometimes would move into the large, lavish houses left unoccupied by the Jews. \n\nSo the answer to your question is yes, there was some material gain made from the persecution of Jews, but these gains were not necessarily for the German state because a great deal of property was stolen by individuals involved in the expulsion of Jews and never turned over to the government. While the systematic execution of Jews was highly organized, the process of finding them and rounding them up in occupied areas was actually often quite messy and disorganized, so a great deal of material wealth slipped through the cracks at that stage of the process.", "edited": false, "author_flair_css_class": null, "collapsed": false, "is_submitter": false, "collapsed_reason": null, "body_html": "&lt;div class=\"md\"&gt;&lt;p&gt;That&amp;#39;s an interesting aspect I hadn&amp;#39;t really thought about before. But the answer to that is yes, there were material gains to be made from discriminating against Jews while the overall net impact on the economy was a negative. There was a tax that was instituted in the early &amp;#39;30s, before the Nazis took power, that was levied against anyone leaving the country permanently. The tax was intended to stop the draining of cash and gold from Germany. The original tax rate was  20% of all your total assets in January 1934 but had increased to 96% by the start of the war in September 1939. Jews were actually encouraged to leave Germany before it was forbidden for them to travel by Himmler on October 23 of &amp;#39;41. In total, the tax collected 941 million Reichmarks, which converts to about $6.5 billion today. So just on that one tax, the government raised over $6 billion. It&amp;#39;s fair to say though that it applied to everyone leaving Germany but the primary targets were the Jewish refugees.&lt;/p&gt;\n\n&lt;p&gt;Other less-than-legal means were also used to extract wealth from Jews. When their businesses were closed and they were sent off to the camps, whatever was left behind was technically designated to be state property of the Reich. All this property was at least in theory supposed to be used by the government for whatever it saw fit, including the war effort as you suggested. However, lots of this seized property was stolen by Nazis in the field and repurposed for their own use. Instead of handing over a stolen pocket watch or wallet, it was common for a soldier to steal these items for their own usage. Famous examples of this kind of theft of property are the theft of millions of pieces of art from wealthy Jewish families. Nazi collaborators in the occupied countries were also often given some of the stolen property as a reward for their help. High-ranking officers sometimes would move into the large, lavish houses left unoccupied by the Jews. &lt;/p&gt;\n\n&lt;p&gt;So the answer to your question is yes, there was some material gain made from the persecution of Jews, but these gains were not necessarily for the German state because a great deal of property was stolen by individuals involved in the expulsion of Jews and never turned over to the government. While the systematic execution of Jews was highly organized, the process of finding them and rounding them up in occupied areas was actually often quite messy and disorganized, so a great deal of material wealth slipped through the cracks at that stage of the process.&lt;/p&gt;\n&lt;/div&gt;", "subreddit_type": "public", "can_gild": true, "subreddit": "AskHistorians", "name": "t1_dl4nylu", "score_hidden": false, "permalink": "/r/AskHistorians/comments/6r9itt/did_hitlers_antisemitic_policies_actually_have/dl4nylu/", "num_reports": null, "stickied": false, "created": 1501824573.0, "author_flair_text": null, "created_utc": 1501795773.0, "subreddit_name_prefixed": "r/AskHistorians", "controversiality": 0, "depth": 2, "mod_reports": [], "mod_note": null, "distinguished": null}}], "after": null, "before": null}}, "user_reports": [], "saved": false, "id": "dl3l1yr", "banned_at_utc": null, "mod_reason_title": null, "gilded": 0, "archived": true, "report_reasons": null, "author": "Reso", "can_mod_post": false, "send_replies": true, "parent_id": "t1_dl3e8bl", "score": 7, "approved_by": null, "downs": 0, "body": "I feel like the poster might mean something closer to \"Did the nazi's anti-semitism provide them any material gain?\" rather than the German state/economy at large. In this case, wouldn't the pogroms/property seizures count? I assume those resources went into the war effort.", "edited": false, "author_flair_css_class": null, "collapsed": false, "is_submitter": false, "collapsed_reason": null, "body_html": "&lt;div class=\"md\"&gt;&lt;p&gt;I feel like the poster might mean something closer to &amp;quot;Did the nazi&amp;#39;s anti-semitism provide them any material gain?&amp;quot; rather than the German state/economy at large. In this case, wouldn&amp;#39;t the pogroms/property seizures count? I assume those resources went into the war effort.&lt;/p&gt;\n&lt;/div&gt;", "subreddit_type": "public", "can_gild": true, "subreddit": "AskHistorians", "name": "t1_dl3l1yr", "score_hidden": false, "permalink": "/r/AskHistorians/comments/6r9itt/did_hitlers_antisemitic_policies_actually_have/dl3l1yr/", "num_reports": null, "stickied": false, "created": 1501771644.0, "author_flair_text": null, "created_utc": 1501742844.0, "subreddit_name_prefixed": "r/AskHistorians", "controversiality": 0, "depth": 1, "mod_reports": [], "mod_note": null, "distinguished": null}}, {"kind": "t1", "data": {"subreddit_id": "t5_2ssp3", "approved_at_utc": null, "ups": 2, "mod_reason_by": null, "banned_by": null, "removal_reason": null, "link_id": "t3_6r9itt", "author_flair_template_id": null, "likes": null, "no_follow": true, "replies": "", "user_reports": [], "saved": false, "id": "dl49urk", "banned_at_utc": null, "mod_reason_title": null, "gilded": 0, "archived": true, "report_reasons": null, "author": "SgtSmackdaddy", "can_mod_post": false, "send_replies": true, "parent_id": "t1_dl3e8bl", "score": 2, "approved_by": null, "downs": 0, "body": "I agree with you that the net effect was harmful for Germany's economic health, though there were benefits such as stealing property from victims of the Holocaust or using human hair for clothes of the submarine crews. ", "edited": false, "author_flair_css_class": null, "collapsed": false, "is_submitter": false, "collapsed_reason": null, "body_html": "&lt;div class=\"md\"&gt;&lt;p&gt;I agree with you that the net effect was harmful for Germany&amp;#39;s economic health, though there were benefits such as stealing property from victims of the Holocaust or using human hair for clothes of the submarine crews. &lt;/p&gt;\n&lt;/div&gt;", "subreddit_type": "public", "can_gild": true, "subreddit": "AskHistorians", "name": "t1_dl49urk", "score_hidden": false, "permalink": "/r/AskHistorians/comments/6r9itt/did_hitlers_antisemitic_policies_actually_have/dl49urk/", "num_reports": null, "stickied": false, "created": 1501810362.0, "author_flair_text": null, "created_utc": 1501781562.0, "subreddit_name_prefixed": "r/AskHistorians", "controversiality": 0, "depth": 1, "mod_reports": [], "mod_note": null, "distinguished": null}}], "after": null, "before": null}}, "user_reports": [], "saved": false, "id": "dl3e8bl", "banned_at_utc": null, "mod_reason_title": null, "gilded": 0, "archived": true, "report_reasons": null, "author": "-originalname-", "can_mod_post": false, "send_replies": true, "parent_id": "t3_6r9itt", "score": 38, "approved_by": null, "downs": 0, "body": "No, the policies were actually harmful to Germany's economy. Many Jews were highly educated citizens and business owners that contributed to the economy by running shops, working in larger businesses, teaching, and otherwise contributing to the nation's economic health. By forbidding them to do all these things, Hitler deprived Germany of their talents and contributions. Excluding these people from the economy had absolutely no benefit at all, rather it took skills and resources out of the marketplace that had been being used effectively in the time before Hitler came to power. The Holocaust itself was also a huge waste of resources, with tens of thousands of soldiers, staff, cooks, builders, and other people assigned to tasks that had no benefit to the country. Each pound of concrete used to build the camps, each train car used to transport the prisoners, each mile of railroad laid to and from the camps was a resource that could have been used for something useful rather than on a project that contributed absolutely nothing to the world. And later in the war, Germany faced a severe labor shortage in their industries and while many prisoners were used as slave labor, it was a far less effective system than by allowing them their freedom to participate freely, which would have increased their labor productivity. I just want to be absolutely and completely clear, any and everything connected to the Holocaust was a horror that is a black stain on the history of humanity, but I tried my best to just describe the economic aspect here for you.", "edited": false, "author_flair_css_class": null, "collapsed": false, "is_submitter": false, "collapsed_reason": null, "body_html": "&lt;div class=\"md\"&gt;&lt;p&gt;No, the policies were actually harmful to Germany&amp;#39;s economy. Many Jews were highly educated citizens and business owners that contributed to the economy by running shops, working in larger businesses, teaching, and otherwise contributing to the nation&amp;#39;s economic health. By forbidding them to do all these things, Hitler deprived Germany of their talents and contributions. Excluding these people from the economy had absolutely no benefit at all, rather it took skills and resources out of the marketplace that had been being used effectively in the time before Hitler came to power. The Holocaust itself was also a huge waste of resources, with tens of thousands of soldiers, staff, cooks, builders, and other people assigned to tasks that had no benefit to the country. Each pound of concrete used to build the camps, each train car used to transport the prisoners, each mile of railroad laid to and from the camps was a resource that could have been used for something useful rather than on a project that contributed absolutely nothing to the world. And later in the war, Germany faced a severe labor shortage in their industries and while many prisoners were used as slave labor, it was a far less effective system than by allowing them their freedom to participate freely, which would have increased their labor productivity. I just want to be absolutely and completely clear, any and everything connected to the Holocaust was a horror that is a black stain on the history of humanity, but I tried my best to just describe the economic aspect here for you.&lt;/p&gt;\n&lt;/div&gt;", "subreddit_type": "public", "can_gild": true, "subreddit": "AskHistorians", "name": "t1_dl3e8bl", "score_hidden": false, "permalink": "/r/AskHistorians/comments/6r9itt/did_hitlers_antisemitic_policies_actually_have/dl3e8bl/", "num_reports": null, "stickied": false, "created": 1501759450.0, "author_flair_text": null, "created_utc": 1501730650.0, "subreddit_name_prefixed": "r/AskHistorians", "controversiality": 0, "depth": 0, "mod_reports": [], "mod_note": null, "distinguished": null}}, {"kind": "t1", "data": {"subreddit_id": "t5_2ssp3", "approved_at_utc": null, "ups": 3, "mod_reason_by": null, "banned_by": null, "removal_reason": null, "link_id": "t3_6r9itt", "author_flair_template_id": null, "likes": null, "no_follow": true, "replies": {"kind": "Listing", "data": {"modhash": "", "dist": null, "children": [{"kind": "t1", "data": {"subreddit_id": "t5_2ssp3", "approved_at_utc": null, "ups": 1, "mod_reason_by": null, "banned_by": null, "removal_reason": null, "link_id": "t3_6r9itt", "author_flair_template_id": null, "likes": null, "no_follow": true, "replies": "", "user_reports": [], "saved": false, "id": "dl5t027", "banned_at_utc": null, "mod_reason_title": null, "gilded": 0, "archived": true, "report_reasons": null, "author": "pizzagodandrew", "can_mod_post": false, "send_replies": true, "parent_id": "t1_dl4tbsb", "score": 1, "approved_by": null, "downs": 0, "body": "\"I'd add two vignettes to illustrate this:   first, the SS actually paid train-fare to the German National Railway for each Jewish deportee that was \"relocated\" east (first to the ghettos, later to death camps like Treblinka or Auschwitz).  This, in fact, is one of several ways that historians have estimated the scale of human losses in the Holocaust, once the Germans stopped keeping accurate records. (only one of a number of ways, however.)  Think about that for a minute, though:  in wartime, with resources so scarce,  the SS was *paying out* large sums of cash to the Reichsbahn to facilitate mass murder.   Another element that highlights the insanity:  trains to Auschwitz received track priority over munitions trains and troop transports to the Eastern Front.  So the Wehrmacht's ability to supply and reinforce its units engaged in bitter fighting against the Red Army was delayed and disrupted by the perceived 'need' to transport civilians to murder-centers.\"\n\nWow. I've never heard of this before and it is really mind boggling to even consider this. By any chance, do you have the source of this info? I'd love to read more about it.\n", "edited": false, "author_flair_css_class": null, "collapsed": false, "is_submitter": true, "collapsed_reason": null, "body_html": "&lt;div class=\"md\"&gt;&lt;p&gt;&amp;quot;I&amp;#39;d add two vignettes to illustrate this:   first, the SS actually paid train-fare to the German National Railway for each Jewish deportee that was &amp;quot;relocated&amp;quot; east (first to the ghettos, later to death camps like Treblinka or Auschwitz).  This, in fact, is one of several ways that historians have estimated the scale of human losses in the Holocaust, once the Germans stopped keeping accurate records. (only one of a number of ways, however.)  Think about that for a minute, though:  in wartime, with resources so scarce,  the SS was &lt;em&gt;paying out&lt;/em&gt; large sums of cash to the Reichsbahn to facilitate mass murder.   Another element that highlights the insanity:  trains to Auschwitz received track priority over munitions trains and troop transports to the Eastern Front.  So the Wehrmacht&amp;#39;s ability to supply and reinforce its units engaged in bitter fighting against the Red Army was delayed and disrupted by the perceived &amp;#39;need&amp;#39; to transport civilians to murder-centers.&amp;quot;&lt;/p&gt;\n\n&lt;p&gt;Wow. I&amp;#39;ve never heard of this before and it is really mind boggling to even consider this. By any chance, do you have the source of this info? I&amp;#39;d love to read more about it.&lt;/p&gt;\n&lt;/div&gt;", "subreddit_type": "public", "can_gild": true, "subreddit": "AskHistorians", "name": "t1_dl5t027", "score_hidden": false, "permalink": "/r/AskHistorians/comments/6r9itt/did_hitlers_antisemitic_policies_actually_have/dl5t027/", "num_reports": null, "stickied": false, "created": 1501888725.0, "author_flair_text": null, "created_utc": 1501859925.0, "subreddit_name_prefixed": "r/AskHistorians", "controversiality": 0, "depth": 1, "mod_reports": [], "mod_note": null, "distinguished": null}}], "after": null, "before": null}}, "user_reports": [], "saved": false, "id": "dl4tbsb", "banned_at_utc": null, "mod_reason_title": null, "gilded": 0, "archived": true, "report_reasons": null, "author": "DerProfessor", "can_mod_post": false, "send_replies": true, "parent_id": "t3_6r9itt", "score": 3, "approved_by": null, "downs": 0, "body": "I generally agree with the broad answer by -originalname-\n\nwhich highlights the enormous economic *costs* of the Holocaust... which runs the gamut from the enormous loss of Jewish talent and expertise to the ridiculous expense (and waste) in building the infrastructure of mass imprisonment and mass murder. \n\nI'd add two vignettes to illustrate this:   first, the SS actually paid train-fare to the German National Railway for each Jewish deportee that was \"relocated\" east (first to the ghettos, later to death camps like Treblinka or Auschwitz).  This, in fact, is one of several ways that historians have estimated the scale of human losses in the Holocaust, once the Germans stopped keeping accurate records. (only one of a number of ways, however.)  Think about that for a minute, though:  in wartime, with resources so scarce,  the SS was *paying out* large sums of cash to the Reichsbahn to facilitate mass murder.   Another element that highlights the insanity:  trains to Auschwitz received track priority over munitions trains and troop transports to the Eastern Front.  So the Wehrmacht's ability to supply and reinforce its units engaged in bitter fighting against the Red Army was delayed and disrupted by the perceived 'need' to transport civilians to murder-centers.  \n\nHowever, in a broader sense, I would add a very different wrinkle to your question.  What do you mean by \"economy\"?  \n\nJust a few years ago, the independent historian Gotz Aly published *Hitler's Beneficiaries: Plunder, Racial War, and the Nazi Welfare State*, which argued, among other things, that the wealth plundered from Jews (both within Germany and in occupied countries beyond Germany's borders) was not only immense--and the theft and plunder certainly was immense--but was one of the ways that the Nazi regime maintained the consent and even cooperation of the German people.  \n\nThe war should have 'cost' Germans, forcing them to make sacrifices;  but, Aly argued, the plundering of Jewish property from the Aryanization campaign (forcing Jews to sell businesses) in the mid- and late 1930s, and the levies against Jews who were seeking to emigrate/escape, and later (after 1939) the plunder of Jewish wealth in occupied territory  all paid into the coffers of the German state.  \n\nAnd the Nazi state then farmed this wealth back out to German citizens in social programs, like payments to couples who had children, free clothing and subsidized food, cash payments to Wehrmacht soldiers, and on and on.  \n\nAly estimates that goods, stocks and bonds, real estate, gold and savings accounts stolen from murdered Jews accounted for about 5 percent of the Third Reich\u2019s operational revenues...which is an enormous portion.   \n\nThere is a huge debate around this question in German history--some have challenged Aly's figures.   I'm unfortunately not well-versed enough in this debate to sum up where it currently stands, however.  \n\nPerhaps another historian out there could help with this?", "edited": 1501802892.0, "author_flair_css_class": null, "collapsed": false, "is_submitter": false, "collapsed_reason": null, "body_html": "&lt;div class=\"md\"&gt;&lt;p&gt;I generally agree with the broad answer by -originalname-&lt;/p&gt;\n\n&lt;p&gt;which highlights the enormous economic &lt;em&gt;costs&lt;/em&gt; of the Holocaust... which runs the gamut from the enormous loss of Jewish talent and expertise to the ridiculous expense (and waste) in building the infrastructure of mass imprisonment and mass murder. &lt;/p&gt;\n\n&lt;p&gt;I&amp;#39;d add two vignettes to illustrate this:   first, the SS actually paid train-fare to the German National Railway for each Jewish deportee that was &amp;quot;relocated&amp;quot; east (first to the ghettos, later to death camps like Treblinka or Auschwitz).  This, in fact, is one of several ways that historians have estimated the scale of human losses in the Holocaust, once the Germans stopped keeping accurate records. (only one of a number of ways, however.)  Think about that for a minute, though:  in wartime, with resources so scarce,  the SS was &lt;em&gt;paying out&lt;/em&gt; large sums of cash to the Reichsbahn to facilitate mass murder.   Another element that highlights the insanity:  trains to Auschwitz received track priority over munitions trains and troop transports to the Eastern Front.  So the Wehrmacht&amp;#39;s ability to supply and reinforce its units engaged in bitter fighting against the Red Army was delayed and disrupted by the perceived &amp;#39;need&amp;#39; to transport civilians to murder-centers.  &lt;/p&gt;\n\n&lt;p&gt;However, in a broader sense, I would add a very different wrinkle to your question.  What do you mean by &amp;quot;economy&amp;quot;?  &lt;/p&gt;\n\n&lt;p&gt;Just a few years ago, the independent historian Gotz Aly published &lt;em&gt;Hitler&amp;#39;s Beneficiaries: Plunder, Racial War, and the Nazi Welfare State&lt;/em&gt;, which argued, among other things, that the wealth plundered from Jews (both within Germany and in occupied countries beyond Germany&amp;#39;s borders) was not only immense--and the theft and plunder certainly was immense--but was one of the ways that the Nazi regime maintained the consent and even cooperation of the German people.  &lt;/p&gt;\n\n&lt;p&gt;The war should have &amp;#39;cost&amp;#39; Germans, forcing them to make sacrifices;  but, Aly argued, the plundering of Jewish property from the Aryanization campaign (forcing Jews to sell businesses) in the mid- and late 1930s, and the levies against Jews who were seeking to emigrate/escape, and later (after 1939) the plunder of Jewish wealth in occupied territory  all paid into the coffers of the German state.  &lt;/p&gt;\n\n&lt;p&gt;And the Nazi state then farmed this wealth back out to German citizens in social programs, like payments to couples who had children, free clothing and subsidized food, cash payments to Wehrmacht soldiers, and on and on.  &lt;/p&gt;\n\n&lt;p&gt;Aly estimates that goods, stocks and bonds, real estate, gold and savings accounts stolen from murdered Jews accounted for about 5 percent of the Third Reich\u2019s operational revenues...which is an enormous portion.   &lt;/p&gt;\n\n&lt;p&gt;There is a huge debate around this question in German history--some have challenged Aly&amp;#39;s figures.   I&amp;#39;m unfortunately not well-versed enough in this debate to sum up where it currently stands, however.  &lt;/p&gt;\n\n&lt;p&gt;Perhaps another historian out there could help with this?&lt;/p&gt;\n&lt;/div&gt;", "subreddit_type": "public", "can_gild": true, "subreddit": "AskHistorians", "name": "t1_dl4tbsb", "score_hidden": false, "permalink": "/r/AskHistorians/comments/6r9itt/did_hitlers_antisemitic_policies_actually_have/dl4tbsb/", "num_reports": null, "stickied": false, "created": 1501830552.0, "author_flair_text": null, "created_utc": 1501801752.0, "subreddit_name_prefixed": "r/AskHistorians", "controversiality": 0, "depth": 0, "mod_reports": [], "mod_note": null, "distinguished": null}}, {"kind": "t1", "data": {"subreddit_id": "t5_2ssp3", "approved_at_utc": null, "ups": 2, "mod_reason_by": null, "banned_by": null, "removal_reason": null, "link_id": "t3_6r9itt", "author_flair_template_id": null, "likes": null, "no_follow": true, "replies": "", "user_reports": [], "saved": false, "id": "dl4u4om", "banned_at_utc": null, "mod_reason_title": null, "gilded": 0, "archived": true, "report_reasons": null, "author": "pizzagodandrew", "can_mod_post": false, "send_replies": true, "parent_id": "t3_6r9itt", "score": 2, "approved_by": null, "downs": 0, "body": "Wow guys, fantastic discussion. Thanks for your replies, I think it's also important to consider the difference between how much was gained on those taxes and how much was spent in persecution of the Jews and perhaps the construction of the means of execution. Was the revenue from the taxes on the Jewish greater than the costs of production for concentration camps, anti-Semitic propaganda, etc.? \n\n", "edited": false, "author_flair_css_class": null, "collapsed": false, "is_submitter": true, "collapsed_reason": null, "body_html": "&lt;div class=\"md\"&gt;&lt;p&gt;Wow guys, fantastic discussion. Thanks for your replies, I think it&amp;#39;s also important to consider the difference between how much was gained on those taxes and how much was spent in persecution of the Jews and perhaps the construction of the means of execution. Was the revenue from the taxes on the Jewish greater than the costs of production for concentration camps, anti-Semitic propaganda, etc.? &lt;/p&gt;\n&lt;/div&gt;", "subreddit_type": "public", "can_gild": true, "subreddit": "AskHistorians", "name": "t1_dl4u4om", "score_hidden": false, "permalink": "/r/AskHistorians/comments/6r9itt/did_hitlers_antisemitic_policies_actually_have/dl4u4om/", "num_reports": null, "stickied": false, "created": 1501831604.0, "author_flair_text": null, "created_utc": 1501802804.0, "subreddit_name_prefixed": "r/AskHistorians", "controversiality": 0, "depth": 0, "mod_reports": [], "mod_note": null, "distinguished": null}}, {"kind": "t1", "data": {"subreddit_id": "t5_2ssp3", "approved_at_utc": null, "ups": 2, "mod_reason_by": null, "banned_by": null, "removal_reason": null, "link_id": "t3_6r9itt", "author_flair_template_id": null, "likes": null, "no_follow": true, "replies": "", "user_reports": [], "saved": false, "id": "dl3edrv", "banned_at_utc": null, "mod_reason_title": null, "gilded": 0, "archived": true, "report_reasons": null, "author": "pizzagodandrew", "can_mod_post": false, "send_replies": true, "parent_id": "t3_6r9itt", "score": 2, "approved_by": null, "downs": 0, "body": "Thanks for your informative reply. It's often difficult to approach these kinds of questions because it seems to undermine the true horrors that occurred. But it clear, and as you said, it's a black stain on humanity. ", "edited": false, "author_flair_css_class": null, "collapsed": false, "is_submitter": true, "collapsed_reason": null, "body_html": "&lt;div class=\"md\"&gt;&lt;p&gt;Thanks for your informative reply. It&amp;#39;s often difficult to approach these kinds of questions because it seems to undermine the true horrors that occurred. But it clear, and as you said, it&amp;#39;s a black stain on humanity. &lt;/p&gt;\n&lt;/div&gt;", "subreddit_type": "public", "can_gild": true, "subreddit": "AskHistorians", "name": "t1_dl3edrv", "score_hidden": false, "permalink": "/r/AskHistorians/comments/6r9itt/did_hitlers_antisemitic_policies_actually_have/dl3edrv/", "num_reports": null, "stickied": false, "created": 1501759665.0, "author_flair_text": null, "created_utc": 1501730865.0, "subreddit_name_prefixed": "r/AskHistorians", "controversiality": 0, "depth": 0, "mod_reports": [], "mod_note": null, "distinguished": null}}, {"kind": "t1", "data": {"subreddit_id": "t5_2ssp3", "approved_at_utc": null, "ups": 1, "mod_reason_by": null, "banned_by": null, "removal_reason": null, "link_id": "t3_6r9itt", "author_flair_template_id": null, "likes": null, "no_follow": true, "replies": "", "user_reports": [], "saved": false, "id": "dl4u92s", "banned_at_utc": null, "mod_reason_title": null, "gilded": 0, "archived": true, "report_reasons": null, "author": "pizzagodandrew", "can_mod_post": false, "send_replies": true, "parent_id": "t3_6r9itt", "score": 1, "approved_by": null, "downs": 0, "body": "Another question: \nOften in fascist or chauvinistic political movements there is a large theme of keeping materials and jobs homegrown. For instance, Trump calling for more American steel on our buildings and whatnot. Did Hitler call for German steel and other resources for his proposals (perhaps the railroads built to concentration camps or even the coal used in the ovens)? and to follow up: did he deliver on these calls??", "edited": false, "author_flair_css_class": null, "collapsed": false, "is_submitter": true, "collapsed_reason": null, "body_html": "&lt;div class=\"md\"&gt;&lt;p&gt;Another question: \nOften in fascist or chauvinistic political movements there is a large theme of keeping materials and jobs homegrown. For instance, Trump calling for more American steel on our buildings and whatnot. Did Hitler call for German steel and other resources for his proposals (perhaps the railroads built to concentration camps or even the coal used in the ovens)? and to follow up: did he deliver on these calls??&lt;/p&gt;\n&lt;/div&gt;", "subreddit_type": "public", "can_gild": true, "subreddit": "AskHistorians", "name": "t1_dl4u92s", "score_hidden": false, "permalink": "/r/AskHistorians/comments/6r9itt/did_hitlers_antisemitic_policies_actually_have/dl4u92s/", "num_reports": null, "stickied": false, "created": 1501831772.0, "author_flair_text": null, "created_utc": 1501802972.0, "subreddit_name_prefixed": "r/AskHistorians", "controversiality": 0, "depth": 0, "mod_reports": [], "mod_note": null, "distinguished": null}}], "after": null, "before": null}}]