[{"kind": "Listing", "data": {"modhash": "", "dist": 1, "children": [{"kind": "t3", "data": {"subreddit_id": "t5_2ssp3", "approved_at_utc": null, "send_replies": true, "mod_reason_by": null, "banned_by": null, "removal_reason": null, "wls": 6, "subreddit": "AskHistorians", "selftext_html": "&lt;!-- SC_OFF --&gt;&lt;div class=\"md\"&gt;&lt;p&gt;Here&amp;#39;s my source for the 200 legislative proposals number: &lt;a href=\"https://www.ncbi.nlm.nih.gov/pmc/articles/PMC1646146/pdf/amjph00277-0020.pdf\"&gt;https://www.ncbi.nlm.nih.gov/pmc/articles/PMC1646146/pdf/amjph00277-0020.pdf&lt;/a&gt;&lt;/p&gt;\n&lt;/div&gt;&lt;!-- SC_ON --&gt;", "author_flair_template_id": null, "selftext": "Here's my source for the 200 legislative proposals number: https://www.ncbi.nlm.nih.gov/pmc/articles/PMC1646146/pdf/amjph00277-0020.pdf", "likes": null, "suggested_sort": null, "mod_note": null, "user_reports": [], "secure_media": null, "is_reddit_media_domain": false, "saved": false, "id": "6rcudt", "banned_at_utc": null, "mod_reason_title": null, "view_count": null, "archived": true, "clicked": false, "no_follow": false, "author": "Gardnerr12", "num_crossposts": 0, "link_flair_text": null, "can_mod_post": false, "is_crosspostable": false, "pinned": false, "score": 6, "approved_by": null, "over_18": false, "domain": "self.AskHistorians", "hidden": false, "pwls": 6, "thumbnail": "", "hide_score": false, "edited": false, "link_flair_css_class": null, "media_only": false, "author_flair_css_class": null, "contest_mode": false, "gilded": 0, "title": "in 1906, The Pure Food and Drugs Act passed by a landslide in Congress, and Theodore Roosevelt signed the bill into law. Between 1879 &amp; 1906 though, over 200 legislative proposals had entered Congress &amp; were consistently rejected. What factors led to this drastic change in attitude in 1906?", "downs": 0, "secure_media_embed": {}, "media_embed": {}, "author_flair_text": null, "stickied": false, "can_gild": false, "is_self": true, "parent_whitelist_status": "all_ads", "name": "t3_6rcudt", "spoiler": false, "permalink": "/r/AskHistorians/comments/6rcudt/in_1906_the_pure_food_and_drugs_act_passed_by_a/", "subreddit_type": "public", "locked": false, "report_reasons": null, "created": 1501801154.0, "url": "https://www.reddit.com/r/AskHistorians/comments/6rcudt/in_1906_the_pure_food_and_drugs_act_passed_by_a/", "whitelist_status": "all_ads", "quarantine": false, "subreddit_subscribers": 759243, "created_utc": 1501772354.0, "subreddit_name_prefixed": "r/AskHistorians", "distinguished": null, "media": null, "num_comments": 3, "upvote_ratio": 0.88, "mod_reports": [], "visited": false, "num_reports": null, "is_video": false, "ups": 6, "post_categories": null}}], "after": null, "before": null}}, {"kind": "Listing", "data": {"modhash": "", "dist": null, "children": [{"kind": "t1", "data": {"subreddit_id": "t5_2ssp3", "approved_at_utc": null, "ups": 3, "mod_reason_by": null, "banned_by": null, "removal_reason": null, "link_id": "t3_6rcudt", "author_flair_template_id": null, "likes": null, "no_follow": true, "replies": {"kind": "Listing", "data": {"modhash": "", "dist": null, "children": [{"kind": "t1", "data": {"subreddit_id": "t5_2ssp3", "approved_at_utc": null, "ups": 1, "mod_reason_by": null, "banned_by": null, "removal_reason": null, "link_id": "t3_6rcudt", "author_flair_template_id": null, "likes": null, "no_follow": true, "replies": "", "user_reports": [], "saved": false, "id": "dl4kohu", "banned_at_utc": null, "mod_reason_title": null, "gilded": 0, "archived": true, "report_reasons": null, "author": "partiallycoherent", "can_mod_post": false, "send_replies": true, "parent_id": "t1_dl45o1e", "score": 1, "approved_by": null, "downs": 0, "body": "Wasn't there also a rash of deaths from cough syrup made with antifreeze? Or was that a separate legislative push I'm remembering?", "edited": false, "author_flair_css_class": null, "collapsed": false, "is_submitter": false, "collapsed_reason": null, "body_html": "&lt;div class=\"md\"&gt;&lt;p&gt;Wasn&amp;#39;t there also a rash of deaths from cough syrup made with antifreeze? Or was that a separate legislative push I&amp;#39;m remembering?&lt;/p&gt;\n&lt;/div&gt;", "subreddit_type": "public", "can_gild": true, "subreddit": "AskHistorians", "name": "t1_dl4kohu", "score_hidden": false, "permalink": "/r/AskHistorians/comments/6rcudt/in_1906_the_pure_food_and_drugs_act_passed_by_a/dl4kohu/", "num_reports": null, "stickied": false, "created": 1501821255.0, "author_flair_text": null, "created_utc": 1501792455.0, "subreddit_name_prefixed": "r/AskHistorians", "controversiality": 0, "depth": 1, "mod_reports": [], "mod_note": null, "distinguished": null}}], "after": null, "before": null}}, "user_reports": [], "saved": false, "id": "dl45o1e", "banned_at_utc": null, "mod_reason_title": null, "gilded": 0, "archived": true, "report_reasons": null, "author": "ventanilla", "can_mod_post": false, "send_replies": true, "parent_id": "t3_6rcudt", "score": 3, "approved_by": null, "downs": 0, "body": "There was a scandal in the meat packing industry in 1906, revealed in Upton Sinclair's book The Jungle. Sinclair provided a fictionalised account based on his time undercover in meatpacking plants. His intention was to bring attention to the horrid conditions for meat packing workers, but the public was instead outraged at the sanitation practices it revealed as well as the revelation that they were basically eating adulterated offal. This led to the meat inspection act and pure food and drugs act in unusually short order. ", "edited": false, "author_flair_css_class": null, "collapsed": false, "is_submitter": false, "collapsed_reason": null, "body_html": "&lt;div class=\"md\"&gt;&lt;p&gt;There was a scandal in the meat packing industry in 1906, revealed in Upton Sinclair&amp;#39;s book The Jungle. Sinclair provided a fictionalised account based on his time undercover in meatpacking plants. His intention was to bring attention to the horrid conditions for meat packing workers, but the public was instead outraged at the sanitation practices it revealed as well as the revelation that they were basically eating adulterated offal. This led to the meat inspection act and pure food and drugs act in unusually short order. &lt;/p&gt;\n&lt;/div&gt;", "subreddit_type": "public", "can_gild": true, "subreddit": "AskHistorians", "name": "t1_dl45o1e", "score_hidden": false, "permalink": "/r/AskHistorians/comments/6rcudt/in_1906_the_pure_food_and_drugs_act_passed_by_a/dl45o1e/", "num_reports": null, "stickied": false, "created": 1501806102.0, "author_flair_text": null, "created_utc": 1501777302.0, "subreddit_name_prefixed": "r/AskHistorians", "controversiality": 0, "depth": 0, "mod_reports": [], "mod_note": null, "distinguished": null}}], "after": null, "before": null}}]