[{"kind": "Listing", "data": {"modhash": "", "dist": 1, "children": [{"kind": "t3", "data": {"subreddit_id": "t5_2ssp3", "approved_at_utc": null, "send_replies": true, "mod_reason_by": null, "banned_by": null, "removal_reason": null, "wls": 6, "subreddit": "AskHistorians", "selftext_html": "&lt;!-- SC_OFF --&gt;&lt;div class=\"md\"&gt;&lt;p&gt;I saw a tv show which interviewed a professor of Jewish History who talked about his new book about the Bar Kohva Revolt.\nThe professor claimed that the Jewish people have revolted at least 10 times against the Roman Empire and that no other nation under the Roman Empire had managed to revolt more then two times.\nHow true is his claim that no other nations managed to rose against the Roman Empire more then on or two times?&lt;/p&gt;\n&lt;/div&gt;&lt;!-- SC_ON --&gt;", "author_flair_template_id": null, "selftext": "I saw a tv show which interviewed a professor of Jewish History who talked about his new book about the Bar Kohva Revolt.\nThe professor claimed that the Jewish people have revolted at least 10 times against the Roman Empire and that no other nation under the Roman Empire had managed to revolt more then two times.\nHow true is his claim that no other nations managed to rose against the Roman Empire more then on or two times?", "likes": null, "suggested_sort": null, "mod_note": null, "user_reports": [], "secure_media": null, "is_reddit_media_domain": false, "saved": false, "id": "6rd46l", "banned_at_utc": null, "mod_reason_title": null, "view_count": null, "archived": true, "clicked": false, "no_follow": true, "author": "Geh_schlafen", "num_crossposts": 0, "link_flair_text": null, "can_mod_post": false, "is_crosspostable": false, "pinned": false, "score": 6, "approved_by": null, "over_18": false, "domain": "self.AskHistorians", "hidden": false, "pwls": 6, "thumbnail": "", "hide_score": false, "edited": false, "link_flair_css_class": null, "media_only": false, "author_flair_css_class": null, "contest_mode": false, "gilded": 0, "title": "The Jewish people under the rule of the Roman Empire rose against the empire in at least three major revolts following one after the other. Did the Roman Empire experienced this problem of consecutive revolts with other conquered nations in the empire?", "downs": 0, "secure_media_embed": {}, "media_embed": {}, "author_flair_text": null, "stickied": false, "can_gild": false, "is_self": true, "parent_whitelist_status": "all_ads", "name": "t3_6rd46l", "spoiler": false, "permalink": "/r/AskHistorians/comments/6rd46l/the_jewish_people_under_the_rule_of_the_roman/", "subreddit_type": "public", "locked": false, "report_reasons": null, "created": 1501803560.0, "url": "https://www.reddit.com/r/AskHistorians/comments/6rd46l/the_jewish_people_under_the_rule_of_the_roman/", "whitelist_status": "all_ads", "quarantine": false, "subreddit_subscribers": 759243, "created_utc": 1501774760.0, "subreddit_name_prefixed": "r/AskHistorians", "distinguished": null, "media": null, "num_comments": 1, "upvote_ratio": 1.0, "mod_reports": [], "visited": false, "num_reports": null, "is_video": false, "ups": 6, "post_categories": null}}], "after": null, "before": null}}, {"kind": "Listing", "data": {"modhash": "", "dist": null, "children": [{"kind": "t1", "data": {"subreddit_id": "t5_2ssp3", "approved_at_utc": null, "ups": 2, "mod_reason_by": null, "banned_by": null, "removal_reason": null, "link_id": "t3_6rd46l", "author_flair_template_id": null, "likes": null, "no_follow": true, "replies": "", "user_reports": [], "saved": false, "id": "dl471f4", "banned_at_utc": null, "mod_reason_title": null, "gilded": 0, "archived": true, "report_reasons": null, "author": "franks-and-beans", "can_mod_post": false, "send_replies": true, "parent_id": "t3_6rd46l", "score": 2, "approved_by": null, "downs": 0, "body": "Excellent question that I've also wondered about!  More to the point, were there any other nations that Rome obliterated like they did with Jerusalem going to so far as to eventually bar the Jews from their capital?  Titus had a triumphal arch built for him to celebrate the defeat of the Jews.  Was the defeat of any other nation celebrated so much?  Perhaps Carthage?", "edited": false, "author_flair_css_class": null, "collapsed": false, "is_submitter": false, "collapsed_reason": null, "body_html": "&lt;div class=\"md\"&gt;&lt;p&gt;Excellent question that I&amp;#39;ve also wondered about!  More to the point, were there any other nations that Rome obliterated like they did with Jerusalem going to so far as to eventually bar the Jews from their capital?  Titus had a triumphal arch built for him to celebrate the defeat of the Jews.  Was the defeat of any other nation celebrated so much?  Perhaps Carthage?&lt;/p&gt;\n&lt;/div&gt;", "subreddit_type": "public", "can_gild": true, "subreddit": "AskHistorians", "name": "t1_dl471f4", "score_hidden": false, "permalink": "/r/AskHistorians/comments/6rd46l/the_jewish_people_under_the_rule_of_the_roman/dl471f4/", "num_reports": null, "stickied": false, "created": 1501807506.0, "author_flair_text": null, "created_utc": 1501778706.0, "subreddit_name_prefixed": "r/AskHistorians", "controversiality": 0, "depth": 0, "mod_reports": [], "mod_note": null, "distinguished": null}}], "after": null, "before": null}}]