[{"kind": "Listing", "data": {"modhash": "", "dist": 1, "children": [{"kind": "t3", "data": {"approved_at_utc": null, "subreddit": "AskHistorians", "selftext": "So I was wondering about why the Greeks and the Roman's have very similar mythologies.  Essentially I'm wondering why they're similar but also why they're different?  Like was there some sort of a schism at some point?  Is it pure coincidence?\n\nSide question, a history buff friend of mine once told me that when the Romans invaded Greece, they did not raze their temples as they felt that the Greeks worshiped the same gods they did, they just called them by the \"wrong\" names.  Apparently they effectively were like \"silly Greeks, this is Jupiter, not Zeus\".  Is there any truth to that?", "user_reports": [], "saved": false, "mod_reason_title": null, "gilded": 0, "clicked": false, "title": "Similarity between Ancient Roman and Greek religions", "link_flair_richtext": [], "subreddit_name_prefixed": "r/AskHistorians", "hidden": false, "pwls": 6, "link_flair_css_class": null, "downs": 0, "parent_whitelist_status": "all_ads", "hide_score": false, "name": "t3_fukp76", "quarantine": false, "link_flair_text_color": "dark", "upvote_ratio": 0.75, "author_flair_background_color": null, "subreddit_type": "public", "ups": 2, "total_awards_received": 0, "media_embed": {}, "author_flair_template_id": null, "is_original_content": false, "author_fullname": "t2_1kemi3e0", "secure_media": null, "is_reddit_media_domain": false, "is_meta": false, "category": null, "secure_media_embed": {}, "link_flair_text": null, "can_mod_post": false, "num_duplicates": 1, "approved_by": null, "author_premium": false, "thumbnail": "", "edited": false, "author_flair_css_class": null, "author_flair_richtext": [], "gildings": {}, "content_categories": null, "is_self": true, "mod_note": null, "created": 1585991939.0, "link_flair_type": "text", "wls": 6, "removed_by_category": null, "banned_by": null, "author_flair_type": "text", "domain": "self.AskHistorians", "allow_live_comments": false, "selftext_html": "&lt;!-- SC_OFF --&gt;&lt;div class=\"md\"&gt;&lt;p&gt;So I was wondering about why the Greeks and the Roman&amp;#39;s have very similar mythologies.  Essentially I&amp;#39;m wondering why they&amp;#39;re similar but also why they&amp;#39;re different?  Like was there some sort of a schism at some point?  Is it pure coincidence?&lt;/p&gt;\n\n&lt;p&gt;Side question, a history buff friend of mine once told me that when the Romans invaded Greece, they did not raze their temples as they felt that the Greeks worshiped the same gods they did, they just called them by the &amp;quot;wrong&amp;quot; names.  Apparently they effectively were like &amp;quot;silly Greeks, this is Jupiter, not Zeus&amp;quot;.  Is there any truth to that?&lt;/p&gt;\n&lt;/div&gt;&lt;!-- SC_ON --&gt;", "likes": null, "suggested_sort": null, "banned_at_utc": null, "view_count": null, "archived": false, "score": 2, "no_follow": true, "is_crosspostable": false, "pinned": false, "over_18": false, "all_awardings": [], "awarders": [], "media_only": false, "can_gild": false, "spoiler": false, "locked": false, "author_flair_text": null, "treatment_tags": [], "visited": false, "removed_by": null, "num_reports": null, "distinguished": null, "subreddit_id": "t5_2ssp3", "mod_reason_by": null, "removal_reason": null, "link_flair_background_color": "", "id": "fukp76", "is_robot_indexable": true, "report_reasons": null, "author": "Chrischev", "discussion_type": null, "num_comments": 3, "send_replies": true, "media": null, "contest_mode": false, "author_patreon_flair": false, "author_flair_text_color": null, "permalink": "/r/AskHistorians/comments/fukp76/similarity_between_ancient_roman_and_greek/", "whitelist_status": "all_ads", "stickied": false, "url": "https://www.reddit.com/r/AskHistorians/comments/fukp76/similarity_between_ancient_roman_and_greek/", "subreddit_subscribers": 1162704, "created_utc": 1585963139.0, "num_crossposts": 0, "mod_reports": [], "is_video": false}}], "after": null, "before": null}}, {"kind": "Listing", "data": {"modhash": "", "dist": null, "children": [{"kind": "t1", "data": {"total_awards_received": 0, "approved_at_utc": null, "ups": 1, "awarders": [], "mod_reason_by": null, "banned_by": null, "author_flair_type": "richtext", "removal_reason": null, "link_id": "t3_fukp76", "author_flair_template_id": "9e641f94-c626-11e2-8e2c-12313b0b21ae", "likes": null, "replies": "", "user_reports": [], "saved": false, "id": "fmdam73", "banned_at_utc": null, "mod_reason_title": null, "gilded": 0, "archived": false, "no_follow": true, "author": "AutoModerator", "can_mod_post": false, "send_replies": false, "parent_id": "t3_fukp76", "score": 1, "author_fullname": "t2_6l4z3", "report_reasons": null, "approved_by": null, "all_awardings": [], "subreddit_id": "t5_2ssp3", "body": "Welcome to /r/AskHistorians. **Please [Read Our Rules](https://www.reddit.com/r/AskHistorians/wiki/rules) before you comment in this community**. Understand that rule breaking comments get removed.\n\nWe thank you for your interest in this *question*, and your patience in waiting for an in-depth and comprehensive answer to be written, which takes time. Please consider **[Clicking Here for RemindMeBot](https://www.reddit.com/message/compose/?to=RemindMeBot&amp;subject=Reminder&amp;message=%5Bhttps://www.reddit.com/r/AskHistorians/comments/fukp76/similarity_between_ancient_roman_and_greek/%5D%0A%0ARemindMe!%202%20days)**, [using our Browser Extension](https://www.reddit.com/r/AskHistorians/comments/d6dzi7/tired_of_clicking_to_find_only_removed_comments/), or getting the [Weekly Roundup](https://www.reddit.com/message/compose?to=subredditsummarybot&amp;subject=askhistorians+weekly&amp;message=x). In the meantime our [Twitter](https://twitter.com/askhistorians), [Facebook](https://www.facebook.com/askhistorians/), and [Sunday Digest](https://www.reddit.com/r/AskHistorians/search?q=title%3A%22Sunday+Digest%22&amp;restrict_sr=on&amp;sort=new&amp;t=all) feature excellent content that has already been written!\n\n\n*I am a bot, and this action was performed automatically. Please [contact the moderators of this subreddit](/message/compose/?to=/r/AskHistorians) if you have any questions or concerns.*", "edited": false, "downs": 0, "author_flair_css_class": null, "is_submitter": false, "collapsed": false, "author_flair_richtext": [{"e": "text", "t": "History of Robotics"}], "author_patreon_flair": false, "body_html": "&lt;div class=\"md\"&gt;&lt;p&gt;Welcome to &lt;a href=\"/r/AskHistorians\"&gt;/r/AskHistorians&lt;/a&gt;. &lt;strong&gt;Please &lt;a href=\"https://www.reddit.com/r/AskHistorians/wiki/rules\"&gt;Read Our Rules&lt;/a&gt; before you comment in this community&lt;/strong&gt;. Understand that rule breaking comments get removed.&lt;/p&gt;\n\n&lt;p&gt;We thank you for your interest in this &lt;em&gt;question&lt;/em&gt;, and your patience in waiting for an in-depth and comprehensive answer to be written, which takes time. Please consider &lt;strong&gt;&lt;a href=\"https://www.reddit.com/message/compose/?to=RemindMeBot&amp;amp;subject=Reminder&amp;amp;message=%5Bhttps://www.reddit.com/r/AskHistorians/comments/fukp76/similarity_between_ancient_roman_and_greek/%5D%0A%0ARemindMe!%202%20days\"&gt;Clicking Here for RemindMeBot&lt;/a&gt;&lt;/strong&gt;, &lt;a href=\"https://www.reddit.com/r/AskHistorians/comments/d6dzi7/tired_of_clicking_to_find_only_removed_comments/\"&gt;using our Browser Extension&lt;/a&gt;, or getting the &lt;a href=\"https://www.reddit.com/message/compose?to=subredditsummarybot&amp;amp;subject=askhistorians+weekly&amp;amp;message=x\"&gt;Weekly Roundup&lt;/a&gt;. In the meantime our &lt;a href=\"https://twitter.com/askhistorians\"&gt;Twitter&lt;/a&gt;, &lt;a href=\"https://www.facebook.com/askhistorians/\"&gt;Facebook&lt;/a&gt;, and &lt;a href=\"https://www.reddit.com/r/AskHistorians/search?q=title%3A%22Sunday+Digest%22&amp;amp;restrict_sr=on&amp;amp;sort=new&amp;amp;t=all\"&gt;Sunday Digest&lt;/a&gt; feature excellent content that has already been written!&lt;/p&gt;\n\n&lt;p&gt;&lt;em&gt;I am a bot, and this action was performed automatically. Please &lt;a href=\"/message/compose/?to=/r/AskHistorians\"&gt;contact the moderators of this subreddit&lt;/a&gt; if you have any questions or concerns.&lt;/em&gt;&lt;/p&gt;\n&lt;/div&gt;", "gildings": {}, "collapsed_reason": null, "associated_award": null, "stickied": true, "author_premium": true, "subreddit_type": "public", "can_gild": true, "subreddit": "AskHistorians", "author_flair_text_color": "light", "score_hidden": true, "permalink": "/r/AskHistorians/comments/fukp76/similarity_between_ancient_roman_and_greek/fmdam73/", "num_reports": null, "locked": true, "name": "t1_fmdam73", "created": 1585991939.0, "author_flair_text": "History of Robotics", "treatment_tags": [], "created_utc": 1585963139.0, "subreddit_name_prefixed": "r/AskHistorians", "controversiality": 0, "depth": 0, "author_flair_background_color": "#993366", "collapsed_because_crowd_control": null, "mod_reports": [], "mod_note": null, "distinguished": "moderator"}}, {"kind": "t1", "data": {"total_awards_received": 0, "approved_at_utc": null, "ups": 6, "awarders": [], "mod_reason_by": null, "banned_by": null, "author_flair_type": "richtext", "removal_reason": null, "link_id": "t3_fukp76", "author_flair_template_id": "9bc23f64-c626-11e2-a017-12313d18884c", "likes": null, "replies": "", "user_reports": [], "saved": false, "id": "fmtl59q", "banned_at_utc": null, "mod_reason_title": null, "gilded": 0, "archived": false, "no_follow": true, "author": "Trevor_Culley", "can_mod_post": false, "send_replies": true, "parent_id": "t3_fukp76", "score": 6, "author_fullname": "t2_pmgxogo", "report_reasons": null, "approved_by": null, "all_awardings": [], "subreddit_id": "t5_2ssp3", "body": "There are some really broad things to cover in here because Greek and Roman religion intersect at many points, including thousands of years before there was such a thing as either Greece or Rome. \n\nThe first point of contact takes us all the way back to c. 3000 BCE with the [Proto-Indo-European](https://en.wikipedia.org/wiki/Indo-European_languages) peoples. Proto-Indo-European (PIE) refers to the culture that spoke the language that split and developed over time into most of the languages of modern and historical Europe, Central Asia, Iran, and northern India. By tracing which words shared between recorded languages share common roots, historical linguists have traced this culture to the Pontic-Caspian Steppe around 3300-2300 BCE. That means they were probably the same people identified by archaeologists as the [Yamnaya culture](https://en.wikipedia.org/wiki/Yamnaya_culture). With this information in mind, it's not just language that we can examine. Many of the cultures within that larger Indo-European family share similar gods and mythologies that can also be traced back to that common root. \n\nThese include things like sun and moon deities, a pair of divine twins associated with horses, personified spirits of bodies of water and the wind, three crones who control the fates of everyone else, a god of metal work, a Mother Earth figure, and a \"sky father\" at the head of the pantheon.\n\nThe sky father is probably the most famous and universal example. Jupiter and Zeus are the relevant examples and both can be traced back to the Indo-European name \"Dyeus Pater.\" Literally something like \"sky father\" or \"god father.\" Jupiter is just the two parts of that name pushed together, and Old Latin texts even called him Dovis, which later became Iovis/Jovis (the root of an expression like \"By Jove!\"). Zeus is a later form of \"Dyeus.\" In Ancient Greek, different declensions of Zeus were actual written as \"Dios.\" Zeus was often called \"Zeus Pater\" (Father Zeus), especially in earlier Homeric Greek. \n\nThe Indo-European peoples went through a series of migrations. Several of these pushed people into Europe where one group entered into Greece and their language and traditions gradually evolved into something recognizably Greek. Another, entered into Italy, where they developed into various Italic traditions, including the Romans. \n\nNow that was all sometime before 2500 BCE, so there was plenty of time in which the Italic/Roman tradition and the Greek tradition evolved on their own, but beginning around 800-700 BCE they began to interact. Ancient Greek culture was not isolated to modern Greece. There were Greek city-states all along the coasts of Europe, Anatolia, and Africa from modern Crimea to Spain. Many of these colony cities were concentrated in southern Italy and eastern Sicily, forming a region known as Magna Graecia (Greater Greece). Some of these cities were founded around the same time as the legendary founding of Rome, so the Romans developed in a world where they were in regular contact with Greek culture. There was never any \"discovering Greek mythology.\" \n\nThat said, the Romans weren't in Magna Graecia, and they weren't Greek. They had their own traditions. Some developed gradually out of the Italic branch of the Indo-European milieu and some were adapted from the non-Indo-European Etruscans. Prominent examples that they didn't share with the Greeks at all include Janus - god of duality, doorways, choices, and transitions - and Quirinus a war god that may have originated as part of Janus and developed into his own cult. Qurinus was one of the most prominent gods before there was a  lot of Greek influence.\n\nOther gods were identified with clear Greek parallels. Jupiter and Zeus, Juno and Hera, Ceres and Demeter, etc. were all very similar. Other Greek gods, like Apollo, were adopted into the Roman pantheon wholesale with almost no changes. On the other hand, some gods were identified as the same but treated very differently by the Romans and Greeks. Mars and Vesta are probably the best examples. Mars is usually identified with the Greek Ares, but in Greece Ares was a god of violent brutal war and the destabilizing or destructive aspects of war. Tactics, strategy, and the finer points of war tended to fall to Athena. Mars on the other hand was more of a god of generals. He was the divine warrior, and represented war as a means to obtain security. \n\nOver time, Greek culture became very influential. The Greeks developed the very effective hoplite phalanx system of warfare, produced excellent crafts, controlled trade in the eastern Mediterranean, and produced literature on a grand scale. All of this permeated into Roman culture, and the early Romans began to identify their gods with the gods in the art and stories of the Greeks. This is called synchronsim and there was absolutely nothing strange about it in the ancient world. \n\nIn a polytheistic religion there is less of a barrier to entry for new gods. You've already accepted that there are many, many gods and thus it is not hard to accept that there are still more.  At the same time, when foreign gods were very similar and filled similar roles to your won gods, ancient people tried to identify them as the same gods named in another language. Sometimes the explanation was even that the gods went to other countries to play different roles for their own amusement. You can see this in most cultures of the ancient world. The Romans identified their own Venus, with the Greek Aphrodite, who was in turn compared to the Phoenician Astarte, who in her own turn was compared to the Mesopotamian Ishtar, who was further compared to the Persian Anahita. \n\nSo it wasn't that they thought the Greeks had made a mistake in calling Jupiter \"Zeus,\" but just an understanding or belief that Jupiter went by that name in Greece. When Alexander the Great went to Egypt, he identified Zeus with the chief god of their pantheon at the time, Amun. When the Persians invaded Greece, Herodotus used \"Zeus\" to refer to their chief deity, Ahura Mazda. It was just a standard part of ancient Mediterranean culture to identify which gods were similar and which ones were unique between each pantheon. The weird ones were religions like Judaism who refused to accept the existence of their neighbors' gods.\n\nFinally, all of this was happening before the Romans conquered Greece. Frankly, it was already happening before Rome had conquered all of their own region of Italy. Greek trade ensured that Greek culture and Greek learning was a dominant force in the Mediterranean for centuries before the Romans expanded beyond the Italian Peninsula. That said, the level of synchronism and the similarities between the two pantheons increased significantly as the Romans brought more Greek territory into their empire. First they took the cities of Magna Graecia, then the Greek cities on Sicily. Then they began intervening in the wars of the Greek kingdoms in mainland Greece and the Near East. Over a couple of centuries, the Romans absorbed more Greek territory, which led to more direct exposure to Greek culture. This was especially true for Greek literature circulating among and targeting Roman audience, and in the realm of Roman education. Each defeated Greek army led to an influx of Greek slaves, and enslaved Greeks were sought after as tutors for the children of the Roman elite, further exposing generations of Roman Republican and early imperial leaders, priests, authors, and politicians to Greek influence. \n\nMajor Secondary Resources:\n\n* [Greek and Roman Religions](https://amzn.to/2JS1mtW) by Rebecca I. Denova\n* [Roman Religion](https://amzn.to/2Vg72TN) by Valerie M. Warrior\n* [A History of the Roman People](https://amzn.to/2JRcszq) by Celia E. Schultz, Allen M. Ward, F. M. Heichelheim, and C. A. Yeo", "edited": false, "downs": 0, "author_flair_css_class": null, "is_submitter": false, "collapsed": false, "author_flair_richtext": [{"e": "text", "t": "Pre-Islamic Iranian World &amp; Eastern Mediterranean"}], "author_patreon_flair": false, "body_html": "&lt;div class=\"md\"&gt;&lt;p&gt;There are some really broad things to cover in here because Greek and Roman religion intersect at many points, including thousands of years before there was such a thing as either Greece or Rome. &lt;/p&gt;\n\n&lt;p&gt;The first point of contact takes us all the way back to c. 3000 BCE with the &lt;a href=\"https://en.wikipedia.org/wiki/Indo-European_languages\"&gt;Proto-Indo-European&lt;/a&gt; peoples. Proto-Indo-European (PIE) refers to the culture that spoke the language that split and developed over time into most of the languages of modern and historical Europe, Central Asia, Iran, and northern India. By tracing which words shared between recorded languages share common roots, historical linguists have traced this culture to the Pontic-Caspian Steppe around 3300-2300 BCE. That means they were probably the same people identified by archaeologists as the &lt;a href=\"https://en.wikipedia.org/wiki/Yamnaya_culture\"&gt;Yamnaya culture&lt;/a&gt;. With this information in mind, it&amp;#39;s not just language that we can examine. Many of the cultures within that larger Indo-European family share similar gods and mythologies that can also be traced back to that common root. &lt;/p&gt;\n\n&lt;p&gt;These include things like sun and moon deities, a pair of divine twins associated with horses, personified spirits of bodies of water and the wind, three crones who control the fates of everyone else, a god of metal work, a Mother Earth figure, and a &amp;quot;sky father&amp;quot; at the head of the pantheon.&lt;/p&gt;\n\n&lt;p&gt;The sky father is probably the most famous and universal example. Jupiter and Zeus are the relevant examples and both can be traced back to the Indo-European name &amp;quot;Dyeus Pater.&amp;quot; Literally something like &amp;quot;sky father&amp;quot; or &amp;quot;god father.&amp;quot; Jupiter is just the two parts of that name pushed together, and Old Latin texts even called him Dovis, which later became Iovis/Jovis (the root of an expression like &amp;quot;By Jove!&amp;quot;). Zeus is a later form of &amp;quot;Dyeus.&amp;quot; In Ancient Greek, different declensions of Zeus were actual written as &amp;quot;Dios.&amp;quot; Zeus was often called &amp;quot;Zeus Pater&amp;quot; (Father Zeus), especially in earlier Homeric Greek. &lt;/p&gt;\n\n&lt;p&gt;The Indo-European peoples went through a series of migrations. Several of these pushed people into Europe where one group entered into Greece and their language and traditions gradually evolved into something recognizably Greek. Another, entered into Italy, where they developed into various Italic traditions, including the Romans. &lt;/p&gt;\n\n&lt;p&gt;Now that was all sometime before 2500 BCE, so there was plenty of time in which the Italic/Roman tradition and the Greek tradition evolved on their own, but beginning around 800-700 BCE they began to interact. Ancient Greek culture was not isolated to modern Greece. There were Greek city-states all along the coasts of Europe, Anatolia, and Africa from modern Crimea to Spain. Many of these colony cities were concentrated in southern Italy and eastern Sicily, forming a region known as Magna Graecia (Greater Greece). Some of these cities were founded around the same time as the legendary founding of Rome, so the Romans developed in a world where they were in regular contact with Greek culture. There was never any &amp;quot;discovering Greek mythology.&amp;quot; &lt;/p&gt;\n\n&lt;p&gt;That said, the Romans weren&amp;#39;t in Magna Graecia, and they weren&amp;#39;t Greek. They had their own traditions. Some developed gradually out of the Italic branch of the Indo-European milieu and some were adapted from the non-Indo-European Etruscans. Prominent examples that they didn&amp;#39;t share with the Greeks at all include Janus - god of duality, doorways, choices, and transitions - and Quirinus a war god that may have originated as part of Janus and developed into his own cult. Qurinus was one of the most prominent gods before there was a  lot of Greek influence.&lt;/p&gt;\n\n&lt;p&gt;Other gods were identified with clear Greek parallels. Jupiter and Zeus, Juno and Hera, Ceres and Demeter, etc. were all very similar. Other Greek gods, like Apollo, were adopted into the Roman pantheon wholesale with almost no changes. On the other hand, some gods were identified as the same but treated very differently by the Romans and Greeks. Mars and Vesta are probably the best examples. Mars is usually identified with the Greek Ares, but in Greece Ares was a god of violent brutal war and the destabilizing or destructive aspects of war. Tactics, strategy, and the finer points of war tended to fall to Athena. Mars on the other hand was more of a god of generals. He was the divine warrior, and represented war as a means to obtain security. &lt;/p&gt;\n\n&lt;p&gt;Over time, Greek culture became very influential. The Greeks developed the very effective hoplite phalanx system of warfare, produced excellent crafts, controlled trade in the eastern Mediterranean, and produced literature on a grand scale. All of this permeated into Roman culture, and the early Romans began to identify their gods with the gods in the art and stories of the Greeks. This is called synchronsim and there was absolutely nothing strange about it in the ancient world. &lt;/p&gt;\n\n&lt;p&gt;In a polytheistic religion there is less of a barrier to entry for new gods. You&amp;#39;ve already accepted that there are many, many gods and thus it is not hard to accept that there are still more.  At the same time, when foreign gods were very similar and filled similar roles to your won gods, ancient people tried to identify them as the same gods named in another language. Sometimes the explanation was even that the gods went to other countries to play different roles for their own amusement. You can see this in most cultures of the ancient world. The Romans identified their own Venus, with the Greek Aphrodite, who was in turn compared to the Phoenician Astarte, who in her own turn was compared to the Mesopotamian Ishtar, who was further compared to the Persian Anahita. &lt;/p&gt;\n\n&lt;p&gt;So it wasn&amp;#39;t that they thought the Greeks had made a mistake in calling Jupiter &amp;quot;Zeus,&amp;quot; but just an understanding or belief that Jupiter went by that name in Greece. When Alexander the Great went to Egypt, he identified Zeus with the chief god of their pantheon at the time, Amun. When the Persians invaded Greece, Herodotus used &amp;quot;Zeus&amp;quot; to refer to their chief deity, Ahura Mazda. It was just a standard part of ancient Mediterranean culture to identify which gods were similar and which ones were unique between each pantheon. The weird ones were religions like Judaism who refused to accept the existence of their neighbors&amp;#39; gods.&lt;/p&gt;\n\n&lt;p&gt;Finally, all of this was happening before the Romans conquered Greece. Frankly, it was already happening before Rome had conquered all of their own region of Italy. Greek trade ensured that Greek culture and Greek learning was a dominant force in the Mediterranean for centuries before the Romans expanded beyond the Italian Peninsula. That said, the level of synchronism and the similarities between the two pantheons increased significantly as the Romans brought more Greek territory into their empire. First they took the cities of Magna Graecia, then the Greek cities on Sicily. Then they began intervening in the wars of the Greek kingdoms in mainland Greece and the Near East. Over a couple of centuries, the Romans absorbed more Greek territory, which led to more direct exposure to Greek culture. This was especially true for Greek literature circulating among and targeting Roman audience, and in the realm of Roman education. Each defeated Greek army led to an influx of Greek slaves, and enslaved Greeks were sought after as tutors for the children of the Roman elite, further exposing generations of Roman Republican and early imperial leaders, priests, authors, and politicians to Greek influence. &lt;/p&gt;\n\n&lt;p&gt;Major Secondary Resources:&lt;/p&gt;\n\n&lt;ul&gt;\n&lt;li&gt;&lt;a href=\"https://amzn.to/2JS1mtW\"&gt;Greek and Roman Religions&lt;/a&gt; by Rebecca I. Denova&lt;/li&gt;\n&lt;li&gt;&lt;a href=\"https://amzn.to/2Vg72TN\"&gt;Roman Religion&lt;/a&gt; by Valerie M. Warrior&lt;/li&gt;\n&lt;li&gt;&lt;a href=\"https://amzn.to/2JRcszq\"&gt;A History of the Roman People&lt;/a&gt; by Celia E. Schultz, Allen M. Ward, F. M. Heichelheim, and C. A. Yeo&lt;/li&gt;\n&lt;/ul&gt;\n&lt;/div&gt;", "gildings": {}, "collapsed_reason": null, "associated_award": null, "stickied": false, "author_premium": false, "subreddit_type": "public", "can_gild": true, "subreddit": "AskHistorians", "author_flair_text_color": "dark", "score_hidden": false, "permalink": "/r/AskHistorians/comments/fukp76/similarity_between_ancient_roman_and_greek/fmtl59q/", "num_reports": null, "locked": false, "name": "t1_fmtl59q", "created": 1586403404.0, "author_flair_text": "Pre-Islamic Iranian World &amp; Eastern Mediterranean", "treatment_tags": [], "created_utc": 1586374604.0, "subreddit_name_prefixed": "r/AskHistorians", "controversiality": 0, "depth": 0, "author_flair_background_color": "#99cc99", "collapsed_because_crowd_control": null, "mod_reports": [], "mod_note": null, "distinguished": null}}], "after": null, "before": null}}]