[{"kind": "Listing", "data": {"modhash": "", "dist": 1, "children": [{"kind": "t3", "data": {"approved_at_utc": null, "subreddit": "AskHistorians", "selftext": "[removed]", "user_reports": [], "saved": false, "mod_reason_title": null, "gilded": 0, "clicked": false, "title": "Medieval monsters", "link_flair_richtext": [], "subreddit_name_prefixed": "r/AskHistorians", "hidden": false, "pwls": 6, "link_flair_css_class": null, "downs": 0, "top_awarded_type": null, "parent_whitelist_status": "all_ads", "hide_score": false, "name": "t3_laiqy0", "quarantine": false, "link_flair_text_color": "dark", "upvote_ratio": 1.0, "author_flair_background_color": null, "subreddit_type": "public", "ups": 2, "total_awards_received": 0, "media_embed": {}, "author_flair_template_id": null, "is_original_content": false, "author_fullname": "t2_7wkxbohy", "secure_media": null, "is_reddit_media_domain": false, "is_meta": false, "category": null, "secure_media_embed": {}, "link_flair_text": null, "can_mod_post": false, "score": 2, "approved_by": null, "author_premium": false, "thumbnail": "", "edited": false, "author_flair_css_class": null, "author_flair_richtext": [], "gildings": {}, "content_categories": null, "is_self": true, "mod_note": null, "created": 1612254424.0, "link_flair_type": "text", "wls": 6, "removed_by_category": "moderator", "banned_by": null, "author_flair_type": "text", "domain": "self.AskHistorians", "allow_live_comments": false, "selftext_html": "&lt;!-- SC_OFF --&gt;&lt;div class=\"md\"&gt;&lt;p&gt;[removed]&lt;/p&gt;\n&lt;/div&gt;&lt;!-- SC_ON --&gt;", "likes": null, "suggested_sort": null, "banned_at_utc": null, "view_count": null, "archived": false, "no_follow": true, "is_crosspostable": false, "pinned": false, "over_18": false, "all_awardings": [], "awarders": [], "media_only": false, "can_gild": false, "spoiler": false, "locked": false, "author_flair_text": null, "treatment_tags": [], "visited": false, "removed_by": null, "num_reports": null, "distinguished": null, "subreddit_id": "t5_2ssp3", "mod_reason_by": null, "removal_reason": null, "link_flair_background_color": "", "id": "laiqy0", "is_robot_indexable": false, "num_duplicates": 0, "report_reasons": null, "author": "Elderberry_Left", "discussion_type": null, "num_comments": 3, "send_replies": true, "media": null, "contest_mode": false, "author_patreon_flair": false, "author_flair_text_color": null, "permalink": "/r/AskHistorians/comments/laiqy0/medieval_monsters/", "whitelist_status": "all_ads", "stickied": false, "url": "https://www.reddit.com/r/AskHistorians/comments/laiqy0/medieval_monsters/", "subreddit_subscribers": 1329469, "created_utc": 1612225624.0, "num_crossposts": 0, "mod_reports": [], "is_video": false}}], "after": null, "before": null}}, {"kind": "Listing", "data": {"modhash": "", "dist": null, "children": [{"kind": "t1", "data": {"total_awards_received": 0, "approved_at_utc": null, "comment_type": null, "awarders": [], "mod_reason_by": null, "banned_by": null, "ups": 1, "author_flair_type": "text", "removal_reason": null, "link_id": "t3_laiqy0", "author_flair_template_id": null, "likes": null, "replies": "", "user_reports": [], "saved": false, "id": "glo6ejq", "banned_at_utc": null, "mod_reason_title": null, "gilded": 0, "archived": false, "no_follow": true, "author": "AutoModerator", "can_mod_post": false, "send_replies": false, "parent_id": "t3_laiqy0", "score": 1, "author_fullname": "t2_6l4z3", "report_reasons": null, "approved_by": null, "all_awardings": [], "subreddit_id": "t5_2ssp3", "body": "Welcome to /r/AskHistorians. **Please [Read Our Rules](https://www.reddit.com/r/AskHistorians/wiki/rules) before you comment in this community**. Understand that [rule breaking comments get removed](https://www.reddit.com/r/AskHistorians/comments/h8aefx/rules_roundtable_xviii_removed_curation_and_why/).\n\n#Please consider **[Clicking Here for RemindMeBot](https://www.reddit.com/message/compose/?to=RemindMeBot&amp;subject=Reminder&amp;message=%5Bhttps://www.reddit.com/r/AskHistorians/comments/laiqy0/medieval_monsters/%5D%0A%0ARemindMe!%202%20days)** as it takes time for an answer to be written. \n\nWe thank you for your interest in this *question*, and your patience in waiting for an in-depth and comprehensive answer to show up. In addition to RemindMeBot, consider [using our Browser Extension](https://www.reddit.com/r/AskHistorians/comments/d6dzi7/tired_of_clicking_to_find_only_removed_comments/), or getting the [Weekly Roundup](https://www.reddit.com/message/compose?to=subredditsummarybot&amp;subject=askhistorians+weekly&amp;message=x). In the meantime our [Twitter](https://twitter.com/askhistorians), [Facebook](https://www.facebook.com/askhistorians/), and [Sunday Digest](https://www.reddit.com/r/AskHistorians/search?q=title%3A%22Sunday+Digest%22&amp;restrict_sr=on&amp;sort=new&amp;t=all) feature excellent content that has already been written!\n\n\n*I am a bot, and this action was performed automatically. Please [contact the moderators of this subreddit](/message/compose/?to=/r/AskHistorians) if you have any questions or concerns.*", "edited": false, "downs": 0, "author_flair_css_class": null, "is_submitter": false, "collapsed": false, "author_flair_richtext": [], "author_patreon_flair": false, "body_html": "&lt;div class=\"md\"&gt;&lt;p&gt;Welcome to &lt;a href=\"/r/AskHistorians\"&gt;/r/AskHistorians&lt;/a&gt;. &lt;strong&gt;Please &lt;a href=\"https://www.reddit.com/r/AskHistorians/wiki/rules\"&gt;Read Our Rules&lt;/a&gt; before you comment in this community&lt;/strong&gt;. Understand that &lt;a href=\"https://www.reddit.com/r/AskHistorians/comments/h8aefx/rules_roundtable_xviii_removed_curation_and_why/\"&gt;rule breaking comments get removed&lt;/a&gt;.&lt;/p&gt;\n\n&lt;h1&gt;Please consider &lt;strong&gt;&lt;a href=\"https://www.reddit.com/message/compose/?to=RemindMeBot&amp;amp;subject=Reminder&amp;amp;message=%5Bhttps://www.reddit.com/r/AskHistorians/comments/laiqy0/medieval_monsters/%5D%0A%0ARemindMe!%202%20days\"&gt;Clicking Here for RemindMeBot&lt;/a&gt;&lt;/strong&gt; as it takes time for an answer to be written.&lt;/h1&gt;\n\n&lt;p&gt;We thank you for your interest in this &lt;em&gt;question&lt;/em&gt;, and your patience in waiting for an in-depth and comprehensive answer to show up. In addition to RemindMeBot, consider &lt;a href=\"https://www.reddit.com/r/AskHistorians/comments/d6dzi7/tired_of_clicking_to_find_only_removed_comments/\"&gt;using our Browser Extension&lt;/a&gt;, or getting the &lt;a href=\"https://www.reddit.com/message/compose?to=subredditsummarybot&amp;amp;subject=askhistorians+weekly&amp;amp;message=x\"&gt;Weekly Roundup&lt;/a&gt;. In the meantime our &lt;a href=\"https://twitter.com/askhistorians\"&gt;Twitter&lt;/a&gt;, &lt;a href=\"https://www.facebook.com/askhistorians/\"&gt;Facebook&lt;/a&gt;, and &lt;a href=\"https://www.reddit.com/r/AskHistorians/search?q=title%3A%22Sunday+Digest%22&amp;amp;restrict_sr=on&amp;amp;sort=new&amp;amp;t=all\"&gt;Sunday Digest&lt;/a&gt; feature excellent content that has already been written!&lt;/p&gt;\n\n&lt;p&gt;&lt;em&gt;I am a bot, and this action was performed automatically. Please &lt;a href=\"/message/compose/?to=/r/AskHistorians\"&gt;contact the moderators of this subreddit&lt;/a&gt; if you have any questions or concerns.&lt;/em&gt;&lt;/p&gt;\n&lt;/div&gt;", "gildings": {}, "collapsed_reason": null, "associated_award": null, "stickied": true, "author_premium": true, "subreddit_type": "public", "can_gild": true, "top_awarded_type": null, "author_flair_text_color": null, "score_hidden": true, "permalink": "/r/AskHistorians/comments/laiqy0/medieval_monsters/glo6ejq/", "num_reports": null, "locked": true, "name": "t1_glo6ejq", "created": 1612254424.0, "subreddit": "AskHistorians", "author_flair_text": null, "treatment_tags": [], "created_utc": 1612225624.0, "subreddit_name_prefixed": "r/AskHistorians", "controversiality": 0, "depth": 0, "author_flair_background_color": null, "collapsed_because_crowd_control": null, "mod_reports": [], "mod_note": null, "distinguished": "moderator"}}, {"kind": "t1", "data": {"total_awards_received": 0, "approved_at_utc": null, "comment_type": null, "awarders": [], "mod_reason_by": null, "banned_by": null, "ups": 2, "author_flair_type": "text", "removal_reason": null, "link_id": "t3_laiqy0", "author_flair_template_id": null, "likes": null, "replies": "", "user_reports": [], "saved": false, "id": "glo7gtr", "banned_at_utc": null, "mod_reason_title": null, "gilded": 0, "archived": false, "no_follow": true, "author": "Senzu101", "can_mod_post": false, "send_replies": true, "parent_id": "t3_laiqy0", "score": 2, "author_fullname": "t2_2ogxoeko", "report_reasons": null, "approved_by": null, "all_awardings": [], "subreddit_id": "t5_2ssp3", "body": "I've just done a module 'humans and monsters' exploring the monster historically and psychologically, perhaps you could focus on what the nature of medieval monsters says about medieval society, anxieties of the time and how these monsters represent the antithesis of the society, perhaps you could tie this into the uncanny, repression, and the abject.\n\n'Monsters do a great deal of cultural work, but they do not do it nicely. They not only challenge and question; they trouble, they worry, they haunt. They break and tear and rend cultures, all the while constructing them and propping them up. They swallow up our cultural mores and expectations, and then, becoming what they eat, they reflect back to us our own faces, made disgusting or, perhaps, revealed to always have been so. '\n\nThe Ashgate Research Companion to Monsters and the Monstrous\nedited by Asa Simon Mittman, Peter J. Dendle", "edited": false, "downs": 0, "author_flair_css_class": null, "is_submitter": false, "collapsed": false, "author_flair_richtext": [], "author_patreon_flair": false, "body_html": "&lt;div class=\"md\"&gt;&lt;p&gt;I&amp;#39;ve just done a module &amp;#39;humans and monsters&amp;#39; exploring the monster historically and psychologically, perhaps you could focus on what the nature of medieval monsters says about medieval society, anxieties of the time and how these monsters represent the antithesis of the society, perhaps you could tie this into the uncanny, repression, and the abject.&lt;/p&gt;\n\n&lt;p&gt;&amp;#39;Monsters do a great deal of cultural work, but they do not do it nicely. They not only challenge and question; they trouble, they worry, they haunt. They break and tear and rend cultures, all the while constructing them and propping them up. They swallow up our cultural mores and expectations, and then, becoming what they eat, they reflect back to us our own faces, made disgusting or, perhaps, revealed to always have been so. &amp;#39;&lt;/p&gt;\n\n&lt;p&gt;The Ashgate Research Companion to Monsters and the Monstrous\nedited by Asa Simon Mittman, Peter J. Dendle&lt;/p&gt;\n&lt;/div&gt;", "gildings": {}, "collapsed_reason": null, "associated_award": null, "stickied": false, "author_premium": false, "subreddit_type": "public", "can_gild": true, "top_awarded_type": null, "author_flair_text_color": null, "score_hidden": false, "permalink": "/r/AskHistorians/comments/laiqy0/medieval_monsters/glo7gtr/", "num_reports": null, "locked": false, "name": "t1_glo7gtr", "created": 1612254922.0, "subreddit": "AskHistorians", "author_flair_text": null, "treatment_tags": [], "created_utc": 1612226122.0, "subreddit_name_prefixed": "r/AskHistorians", "controversiality": 0, "depth": 0, "author_flair_background_color": null, "collapsed_because_crowd_control": null, "mod_reports": [], "mod_note": null, "distinguished": null}}, {"kind": "t1", "data": {"total_awards_received": 0, "approved_at_utc": null, "comment_type": null, "awarders": [], "mod_reason_by": null, "banned_by": null, "ups": 1, "author_flair_type": "text", "removal_reason": null, "link_id": "t3_laiqy0", "author_flair_template_id": null, "likes": null, "replies": "", "user_reports": [], "saved": false, "id": "glo8jlw", "banned_at_utc": null, "mod_reason_title": null, "gilded": 0, "archived": false, "no_follow": true, "author": "AncientHistory", "can_mod_post": false, "send_replies": true, "parent_id": "t3_laiqy0", "score": 1, "author_fullname": "t2_cxryn", "report_reasons": null, "approved_by": null, "all_awardings": [], "subreddit_id": "t5_2ssp3", "body": "Hi there - unfortunately we have had to remove your question, because [/r/AskHistorians isn't here to do your homework for you](https://www.reddit.com/r/AskHistorians/wiki/rules#wiki_homework). However, our rules DO permit people to ask for help with their homework, so long as they are seeking clarification or resources, rather than the answer itself. \n\nIf you have indeed asked a homework question, you should consider resubmitting a question more focused on finding resources and seeking clarification on confusing issues: tell us what you've researched so far, what resources you've consulted, and what you've learned, and we are more likely to approve your question. Please see this [Rules Roundtable](https://www.reddit.com/r/AskHistorians/comments/hplxyf/rules_roundtable_xx_the_no_homework_rule/) thread for more information on what makes for the kind of homework question we'd approve. Additionally, if you're not sure where to start in terms of finding and understanding sources in general, we have a six-part series, \"[Finding and Understanding Sources](https://www.reddit.com/r/AskHistorians/wiki/theory#wiki_monday_methods.3A_finding_and_understanding_sources)\", which has a wealth of information that may be useful for finding and understanding information for your essay. Finally, other subreddits are likely to be more suitable for help with homework - try looking for help at /r/HomeworkHelp. \n\nAlternatively, if you are not a student and are not doing homework, we have removed your question because it resembled a homework question. It may resemble a common essay question from a prominent history syllabus or may be worded in a broad, open-ended way that feels like the kind of essay question that a professor would set. Professors often word essay questions in order to provide the student with a platform to show how much they understand a topic, and these questions are typically broader and more interested in interpretations and delineating between historical theories than the average /r/AskHistorians question. If your non-homework question was incorrectly removed for this reason, we will be happy to approve your question if you **wait for 7 days** and then ask a less open-ended question on the same topic.", "edited": false, "downs": 0, "author_flair_css_class": null, "is_submitter": false, "collapsed": false, "author_flair_richtext": [], "author_patreon_flair": false, "body_html": "&lt;div class=\"md\"&gt;&lt;p&gt;Hi there - unfortunately we have had to remove your question, because &lt;a href=\"https://www.reddit.com/r/AskHistorians/wiki/rules#wiki_homework\"&gt;/r/AskHistorians isn&amp;#39;t here to do your homework for you&lt;/a&gt;. However, our rules DO permit people to ask for help with their homework, so long as they are seeking clarification or resources, rather than the answer itself. &lt;/p&gt;\n\n&lt;p&gt;If you have indeed asked a homework question, you should consider resubmitting a question more focused on finding resources and seeking clarification on confusing issues: tell us what you&amp;#39;ve researched so far, what resources you&amp;#39;ve consulted, and what you&amp;#39;ve learned, and we are more likely to approve your question. Please see this &lt;a href=\"https://www.reddit.com/r/AskHistorians/comments/hplxyf/rules_roundtable_xx_the_no_homework_rule/\"&gt;Rules Roundtable&lt;/a&gt; thread for more information on what makes for the kind of homework question we&amp;#39;d approve. Additionally, if you&amp;#39;re not sure where to start in terms of finding and understanding sources in general, we have a six-part series, &amp;quot;&lt;a href=\"https://www.reddit.com/r/AskHistorians/wiki/theory#wiki_monday_methods.3A_finding_and_understanding_sources\"&gt;Finding and Understanding Sources&lt;/a&gt;&amp;quot;, which has a wealth of information that may be useful for finding and understanding information for your essay. Finally, other subreddits are likely to be more suitable for help with homework - try looking for help at &lt;a href=\"/r/HomeworkHelp\"&gt;/r/HomeworkHelp&lt;/a&gt;. &lt;/p&gt;\n\n&lt;p&gt;Alternatively, if you are not a student and are not doing homework, we have removed your question because it resembled a homework question. It may resemble a common essay question from a prominent history syllabus or may be worded in a broad, open-ended way that feels like the kind of essay question that a professor would set. Professors often word essay questions in order to provide the student with a platform to show how much they understand a topic, and these questions are typically broader and more interested in interpretations and delineating between historical theories than the average &lt;a href=\"/r/AskHistorians\"&gt;/r/AskHistorians&lt;/a&gt; question. If your non-homework question was incorrectly removed for this reason, we will be happy to approve your question if you &lt;strong&gt;wait for 7 days&lt;/strong&gt; and then ask a less open-ended question on the same topic.&lt;/p&gt;\n&lt;/div&gt;", "gildings": {}, "collapsed_reason": null, "associated_award": null, "stickied": false, "author_premium": false, "subreddit_type": "public", "can_gild": true, "top_awarded_type": null, "author_flair_text_color": null, "score_hidden": false, "permalink": "/r/AskHistorians/comments/laiqy0/medieval_monsters/glo8jlw/", "num_reports": null, "locked": false, "name": "t1_glo8jlw", "created": 1612255423.0, "subreddit": "AskHistorians", "author_flair_text": null, "treatment_tags": [], "created_utc": 1612226623.0, "subreddit_name_prefixed": "r/AskHistorians", "controversiality": 0, "depth": 0, "author_flair_background_color": null, "collapsed_because_crowd_control": null, "mod_reports": [], "mod_note": null, "distinguished": "moderator"}}], "after": null, "before": null}}]