[{"kind": "Listing", "data": {"modhash": "", "dist": 1, "children": [{"kind": "t3", "data": {"approved_at_utc": null, "subreddit": "AskHistorians", "selftext": "[removed]", "user_reports": [], "saved": false, "mod_reason_title": null, "gilded": 0, "clicked": false, "title": "What does the \"D\" in DDay stand for?", "link_flair_richtext": [], "subreddit_name_prefixed": "r/AskHistorians", "hidden": false, "pwls": 6, "link_flair_css_class": null, "downs": 0, "top_awarded_type": null, "parent_whitelist_status": "all_ads", "hide_score": false, "name": "t3_lathwk", "quarantine": false, "link_flair_text_color": "dark", "upvote_ratio": 0.66, "author_flair_background_color": "", "subreddit_type": "public", "ups": 1, "total_awards_received": 0, "media_embed": {}, "author_flair_template_id": null, "is_original_content": false, "secure_media": null, "is_reddit_media_domain": false, "is_meta": false, "category": null, "secure_media_embed": {}, "link_flair_text": null, "can_mod_post": false, "score": 1, "approved_by": null, "thumbnail": "", "edited": false, "author_flair_css_class": null, "gildings": {}, "content_categories": null, "is_self": true, "mod_note": null, "created": 1612293991.0, "link_flair_type": "text", "wls": 6, "removed_by_category": "deleted", "banned_by": null, "domain": "self.AskHistorians", "allow_live_comments": true, "selftext_html": "&lt;!-- SC_OFF --&gt;&lt;div class=\"md\"&gt;&lt;p&gt;[removed]&lt;/p&gt;\n&lt;/div&gt;&lt;!-- SC_ON --&gt;", "likes": null, "suggested_sort": null, "banned_at_utc": null, "view_count": null, "archived": false, "no_follow": true, "is_crosspostable": false, "pinned": false, "over_18": false, "all_awardings": [], "awarders": [], "media_only": false, "can_gild": false, "spoiler": false, "locked": false, "author_flair_text": null, "treatment_tags": [], "visited": false, "removed_by": null, "num_reports": null, "distinguished": null, "subreddit_id": "t5_2ssp3", "mod_reason_by": null, "removal_reason": null, "link_flair_background_color": "", "id": "lathwk", "is_robot_indexable": false, "num_duplicates": 0, "report_reasons": null, "author": "[deleted]", "discussion_type": null, "num_comments": 5, "send_replies": true, "media": null, "contest_mode": false, "author_flair_text_color": "dark", "permalink": "/r/AskHistorians/comments/lathwk/what_does_the_d_in_dday_stand_for/", "whitelist_status": "all_ads", "stickied": false, "url": "https://www.reddit.com/r/AskHistorians/comments/lathwk/what_does_the_d_in_dday_stand_for/", "subreddit_subscribers": 1329469, "created_utc": 1612265191.0, "num_crossposts": 0, "mod_reports": [], "is_video": false}}], "after": null, "before": null}}, {"kind": "Listing", "data": {"modhash": "", "dist": null, "children": [{"kind": "t1", "data": {"total_awards_received": 0, "approved_at_utc": null, "comment_type": null, "awarders": [], "mod_reason_by": null, "banned_by": null, "ups": 2, "author_flair_type": "richtext", "removal_reason": null, "link_id": "t3_lathwk", "author_flair_template_id": "9e641f94-c626-11e2-8e2c-12313b0b21ae", "likes": null, "replies": "", "user_reports": [], "saved": false, "id": "glpx4u1", "banned_at_utc": null, "mod_reason_title": null, "gilded": 0, "archived": false, "no_follow": true, "author": "Bernardito", "can_mod_post": false, "send_replies": true, "parent_id": "t3_lathwk", "score": 2, "author_fullname": "t2_4eic8", "report_reasons": null, "approved_by": null, "all_awardings": [], "subreddit_id": "t5_2ssp3", "body": "Hi there! This is more suitable for our [Short Answers to Simple Questions thread.](https://old.reddit.com/r/AskHistorians/comments/l6522x/short_answers_to_simple_questions_january_27_2021/)", "edited": false, "downs": 0, "author_flair_css_class": null, "is_submitter": false, "collapsed": false, "author_flair_richtext": [{"e": "text", "t": "Moderator | Modern Guerrilla | Counterinsurgency"}], "author_patreon_flair": false, "body_html": "&lt;div class=\"md\"&gt;&lt;p&gt;Hi there! This is more suitable for our &lt;a href=\"https://old.reddit.com/r/AskHistorians/comments/l6522x/short_answers_to_simple_questions_january_27_2021/\"&gt;Short Answers to Simple Questions thread.&lt;/a&gt;&lt;/p&gt;\n&lt;/div&gt;", "gildings": {}, "collapsed_reason": null, "associated_award": null, "stickied": false, "author_premium": false, "subreddit_type": "public", "can_gild": true, "top_awarded_type": null, "author_flair_text_color": "light", "score_hidden": false, "permalink": "/r/AskHistorians/comments/lathwk/what_does_the_d_in_dday_stand_for/glpx4u1/", "num_reports": null, "locked": false, "name": "t1_glpx4u1", "created": 1612294919.0, "subreddit": "AskHistorians", "author_flair_text": "Moderator | Modern Guerrilla | Counterinsurgency", "treatment_tags": [], "created_utc": 1612266119.0, "subreddit_name_prefixed": "r/AskHistorians", "controversiality": 0, "depth": 0, "author_flair_background_color": "#993366", "collapsed_because_crowd_control": null, "mod_reports": [], "mod_note": null, "distinguished": "moderator"}}], "after": null, "before": null}}]