[{"kind": "Listing", "data": {"modhash": null, "dist": 1, "children": [{"kind": "t3", "data": {"author_flair_background_color": null, "approved_at_utc": null, "subreddit": "AskHistorians", "selftext": "", "user_reports": [], "saved": false, "mod_reason_title": null, "gilded": 0, "clicked": false, "title": "Are there any Chinese records describing explorations of Siberia or the Russian Far East?", "link_flair_richtext": [], "subreddit_name_prefixed": "r/AskHistorians", "hidden": false, "pwls": 6, "link_flair_css_class": null, "downs": 0, "top_awarded_type": null, "parent_whitelist_status": "all_ads", "hide_score": false, "name": "t3_lb8be3", "quarantine": false, "link_flair_text_color": "dark", "upvote_ratio": 0.96, "ignore_reports": false, "subreddit_type": "public", "ups": 31, "total_awards_received": 0, "media_embed": {}, "author_flair_template_id": null, "is_original_content": false, "author_fullname": "t2_9tsdsher", "secure_media": null, "is_reddit_media_domain": false, "is_meta": false, "category": null, "secure_media_embed": {}, "link_flair_text": null, "can_mod_post": false, "score": 31, "approved_by": null, "author_premium": false, "thumbnail": "", "edited": false, "author_flair_css_class": null, "previous_visits": [1620890241.0], "author_flair_richtext": [], "gildings": {}, "content_categories": null, "is_self": true, "mod_note": null, "created": 1612333262.0, "link_flair_type": "text", "wls": 6, "removed_by_category": null, "banned_by": null, "author_flair_type": "text", "domain": "self.AskHistorians", "allow_live_comments": false, "selftext_html": null, "likes": null, "suggested_sort": null, "banned_at_utc": null, "view_count": null, "archived": false, "no_follow": false, "spam": false, "is_crosspostable": true, "pinned": false, "over_18": false, "all_awardings": [], "awarders": [], "media_only": false, "can_gild": true, "removed": false, "spoiler": false, "locked": false, "author_flair_text": null, "treatment_tags": [], "visited": false, "removed_by": null, "num_reports": null, "distinguished": null, "subreddit_id": "t5_2ssp3", "mod_reason_by": null, "removal_reason": null, "link_flair_background_color": "", "id": "lb8be3", "is_robot_indexable": true, "num_duplicates": 1, "report_reasons": null, "author": "arkh4ngelsk", "discussion_type": null, "num_comments": 2, "send_replies": true, "media": null, "contest_mode": false, "author_patreon_flair": false, "approved": true, "author_flair_text_color": null, "permalink": "/r/AskHistorians/comments/lb8be3/are_there_any_chinese_records_describing/", "whitelist_status": "all_ads", "stickied": false, "url": "https://www.reddit.com/r/AskHistorians/comments/lb8be3/are_there_any_chinese_records_describing/", "subreddit_subscribers": 1347380, "created_utc": 1612304462.0, "num_crossposts": 0, "mod_reports": [], "is_video": false}}], "after": null, "before": null}}, {"kind": "Listing", "data": {"modhash": null, "dist": null, "children": [{"kind": "t1", "data": {"total_awards_received": 0, "approved_at_utc": null, "comment_type": null, "awarders": [], "mod_reason_by": null, "banned_by": null, "ups": 1, "author_flair_type": "text", "removal_reason": null, "link_id": "t3_lb8be3", "author_flair_template_id": null, "likes": null, "replies": "", "user_reports": [], "saved": false, "id": "glsgeq5", "banned_at_utc": null, "mod_reason_title": null, "gilded": 0, "archived": false, "removed": false, "no_follow": true, "author": "AutoModerator", "can_mod_post": false, "send_replies": false, "parent_id": "t3_lb8be3", "score": 1, "author_fullname": "t2_6l4z3", "report_reasons": null, "approved_by": null, "all_awardings": [], "subreddit_id": "t5_2ssp3", "ignore_reports": false, "body": "Welcome to /r/AskHistorians. **Please [Read Our Rules](https://www.reddit.com/r/AskHistorians/wiki/rules) before you comment in this community**. Understand that [rule breaking comments get removed](https://www.reddit.com/r/AskHistorians/comments/h8aefx/rules_roundtable_xviii_removed_curation_and_why/).\n\n#Please consider **[Clicking Here for RemindMeBot](https://www.reddit.com/message/compose/?to=RemindMeBot&amp;subject=Reminder&amp;message=%5Bhttps://www.reddit.com/r/AskHistorians/comments/lb8be3/are_there_any_chinese_records_describing/%5D%0A%0ARemindMe!%202%20days)** as it takes time for an answer to be written. \n\nWe thank you for your interest in this *question*, and your patience in waiting for an in-depth and comprehensive answer to show up. In addition to RemindMeBot, consider [using our Browser Extension](https://www.reddit.com/r/AskHistorians/comments/d6dzi7/tired_of_clicking_to_find_only_removed_comments/), or getting the [Weekly Roundup](https://www.reddit.com/message/compose?to=subredditsummarybot&amp;subject=askhistorians+weekly&amp;message=x). In the meantime our [Twitter](https://twitter.com/askhistorians), [Facebook](https://www.facebook.com/askhistorians/), and [Sunday Digest](https://www.reddit.com/r/AskHistorians/search?q=title%3A%22Sunday+Digest%22&amp;restrict_sr=on&amp;sort=new&amp;t=all) feature excellent content that has already been written!\n\n\n*I am a bot, and this action was performed automatically. Please [contact the moderators of this subreddit](/message/compose/?to=/r/AskHistorians) if you have any questions or concerns.*", "edited": false, "downs": 0, "author_flair_css_class": null, "is_submitter": false, "collapsed": false, "author_flair_richtext": [], "author_patreon_flair": false, "body_html": "&lt;div class=\"md\"&gt;&lt;p&gt;Welcome to &lt;a href=\"/r/AskHistorians\"&gt;/r/AskHistorians&lt;/a&gt;. &lt;strong&gt;Please &lt;a href=\"https://www.reddit.com/r/AskHistorians/wiki/rules\"&gt;Read Our Rules&lt;/a&gt; before you comment in this community&lt;/strong&gt;. Understand that &lt;a href=\"https://www.reddit.com/r/AskHistorians/comments/h8aefx/rules_roundtable_xviii_removed_curation_and_why/\"&gt;rule breaking comments get removed&lt;/a&gt;.&lt;/p&gt;\n\n&lt;h1&gt;Please consider &lt;strong&gt;&lt;a href=\"https://www.reddit.com/message/compose/?to=RemindMeBot&amp;amp;subject=Reminder&amp;amp;message=%5Bhttps://www.reddit.com/r/AskHistorians/comments/lb8be3/are_there_any_chinese_records_describing/%5D%0A%0ARemindMe!%202%20days\"&gt;Clicking Here for RemindMeBot&lt;/a&gt;&lt;/strong&gt; as it takes time for an answer to be written.&lt;/h1&gt;\n\n&lt;p&gt;We thank you for your interest in this &lt;em&gt;question&lt;/em&gt;, and your patience in waiting for an in-depth and comprehensive answer to show up. In addition to RemindMeBot, consider &lt;a href=\"https://www.reddit.com/r/AskHistorians/comments/d6dzi7/tired_of_clicking_to_find_only_removed_comments/\"&gt;using our Browser Extension&lt;/a&gt;, or getting the &lt;a href=\"https://www.reddit.com/message/compose?to=subredditsummarybot&amp;amp;subject=askhistorians+weekly&amp;amp;message=x\"&gt;Weekly Roundup&lt;/a&gt;. In the meantime our &lt;a href=\"https://twitter.com/askhistorians\"&gt;Twitter&lt;/a&gt;, &lt;a href=\"https://www.facebook.com/askhistorians/\"&gt;Facebook&lt;/a&gt;, and &lt;a href=\"https://www.reddit.com/r/AskHistorians/search?q=title%3A%22Sunday+Digest%22&amp;amp;restrict_sr=on&amp;amp;sort=new&amp;amp;t=all\"&gt;Sunday Digest&lt;/a&gt; feature excellent content that has already been written!&lt;/p&gt;\n\n&lt;p&gt;&lt;em&gt;I am a bot, and this action was performed automatically. Please &lt;a href=\"/message/compose/?to=/r/AskHistorians\"&gt;contact the moderators of this subreddit&lt;/a&gt; if you have any questions or concerns.&lt;/em&gt;&lt;/p&gt;\n&lt;/div&gt;", "gildings": {}, "collapsed_reason": null, "associated_award": null, "stickied": true, "author_premium": true, "subreddit_type": "public", "can_gild": true, "top_awarded_type": null, "approved": false, "author_flair_text_color": null, "score_hidden": false, "permalink": "/r/AskHistorians/comments/lb8be3/are_there_any_chinese_records_describing/glsgeq5/", "num_reports": null, "locked": true, "name": "t1_glsgeq5", "created": 1612333263.0, "subreddit": "AskHistorians", "author_flair_text": null, "treatment_tags": [], "spam": false, "created_utc": 1612304463.0, "subreddit_name_prefixed": "r/AskHistorians", "controversiality": 0, "depth": 0, "author_flair_background_color": null, "collapsed_because_crowd_control": null, "mod_reports": [], "mod_note": null, "distinguished": "moderator"}}, {"kind": "t1", "data": {"total_awards_received": 0, "approved_at_utc": null, "comment_type": null, "awarders": [], "mod_reason_by": null, "banned_by": null, "ups": 3, "author_flair_type": "richtext", "removal_reason": null, "link_id": "t3_lb8be3", "author_flair_template_id": "7b2f3f40-c626-11e2-9a3e-12313d1841d1", "likes": null, "replies": "", "user_reports": [], "saved": false, "id": "gluk9d6", "banned_at_utc": null, "mod_reason_title": null, "gilded": 0, "archived": false, "removed": false, "no_follow": true, "author": "y_sengaku", "can_mod_post": false, "send_replies": true, "parent_id": "t3_lb8be3", "score": 3, "author_fullname": "t2_mdu63", "report_reasons": null, "approved_by": null, "all_awardings": [], "subreddit_id": "t5_2ssp3", "ignore_reports": false, "body": "/u/_dk wrote that the Mongols (and successor Ming) established their power base in Nurgan (Tyr) in lower Amur area to subjugate neighboring local peoples like the Nivkh and the Ainu in [how much of the modern russian far east did the chinese explore?](https://www.reddit.com/r/AskHistorians/comments/i659jg/how_much_of_the_modern_russian_far_east_did_the/).  \n\nThe influence sphere of this 'Nurgan local government office' is said to extend even to [some parts of] now Sakhalin.", "edited": false, "downs": 0, "author_flair_css_class": null, "is_submitter": false, "collapsed": false, "author_flair_richtext": [{"e": "text", "t": "Medieval Scandinavia"}], "author_patreon_flair": false, "body_html": "&lt;div class=\"md\"&gt;&lt;p&gt;&lt;a href=\"/u/_dk\"&gt;/u/_dk&lt;/a&gt; wrote that the Mongols (and successor Ming) established their power base in Nurgan (Tyr) in lower Amur area to subjugate neighboring local peoples like the Nivkh and the Ainu in &lt;a href=\"https://www.reddit.com/r/AskHistorians/comments/i659jg/how_much_of_the_modern_russian_far_east_did_the/\"&gt;how much of the modern russian far east did the chinese explore?&lt;/a&gt;.  &lt;/p&gt;\n\n&lt;p&gt;The influence sphere of this &amp;#39;Nurgan local government office&amp;#39; is said to extend even to [some parts of] now Sakhalin.&lt;/p&gt;\n&lt;/div&gt;", "gildings": {}, "collapsed_reason": null, "associated_award": null, "stickied": false, "author_premium": false, "subreddit_type": "public", "can_gild": true, "top_awarded_type": null, "approved": false, "author_flair_text_color": "light", "score_hidden": false, "permalink": "/r/AskHistorians/comments/lb8be3/are_there_any_chinese_records_describing/gluk9d6/", "num_reports": null, "locked": false, "name": "t1_gluk9d6", "created": 1612378703.0, "subreddit": "AskHistorians", "author_flair_text": "Medieval Scandinavia", "treatment_tags": [], "spam": false, "created_utc": 1612349903.0, "subreddit_name_prefixed": "r/AskHistorians", "controversiality": 0, "depth": 0, "author_flair_background_color": "#003399", "collapsed_because_crowd_control": null, "mod_reports": [], "mod_note": null, "distinguished": null}}], "after": null, "before": null}}]