[{"kind": "Listing", "data": {"modhash": "", "dist": 1, "children": [{"kind": "t3", "data": {"approved_at_utc": null, "subreddit": "AskHistorians", "selftext": "", "user_reports": [], "saved": false, "mod_reason_title": null, "gilded": 0, "clicked": false, "title": "How is India managing to exist as a country even though it has several linguistic nationalities? Why isn't this possible in Europe?", "link_flair_richtext": [], "subreddit_name_prefixed": "r/AskHistorians", "hidden": false, "pwls": 6, "link_flair_css_class": null, "downs": 0, "parent_whitelist_status": "all_ads", "hide_score": false, "name": "t3_cz0lg7", "quarantine": false, "link_flair_text_color": "dark", "upvote_ratio": 0.33, "author_flair_background_color": null, "subreddit_type": "public", "ups": 0, "total_awards_received": 0, "media_embed": {}, "author_flair_template_id": null, "is_original_content": false, "author_fullname": "t2_mdk14gu", "secure_media": null, "is_reddit_media_domain": false, "is_meta": false, "category": null, "secure_media_embed": {}, "link_flair_text": null, "can_mod_post": false, "num_duplicates": 1, "approved_by": null, "thumbnail": "", "edited": false, "author_flair_css_class": null, "steward_reports": [], "author_flair_richtext": [], "gildings": {}, "content_categories": null, "is_self": true, "mod_note": null, "created": 1567517401.0, "link_flair_type": "text", "wls": 6, "banned_by": null, "author_flair_type": "text", "domain": "self.AskHistorians", "allow_live_comments": false, "selftext_html": null, "likes": null, "suggested_sort": null, "banned_at_utc": null, "view_count": null, "archived": false, "score": 0, "no_follow": true, "is_crosspostable": false, "pinned": false, "over_18": false, "all_awardings": [], "awarders": [], "media_only": false, "can_gild": false, "spoiler": false, "locked": false, "author_flair_text": null, "visited": false, "num_reports": null, "distinguished": null, "subreddit_id": "t5_2ssp3", "mod_reason_by": null, "removal_reason": null, "link_flair_background_color": "", "id": "cz0lg7", "is_robot_indexable": true, "report_reasons": null, "author": "ShivDunno", "discussion_type": null, "num_comments": 7, "send_replies": true, "media": null, "contest_mode": false, "author_patreon_flair": false, "author_flair_text_color": null, "permalink": "/r/AskHistorians/comments/cz0lg7/how_is_india_managing_to_exist_as_a_country_even/", "whitelist_status": "all_ads", "stickied": false, "url": "https://www.reddit.com/r/AskHistorians/comments/cz0lg7/how_is_india_managing_to_exist_as_a_country_even/", "subreddit_subscribers": 1029977, "created_utc": 1567488601.0, "num_crossposts": 0, "mod_reports": [], "is_video": false}}], "after": null, "before": null}}, {"kind": "Listing", "data": {"modhash": "", "dist": null, "children": [{"kind": "t1", "data": {"total_awards_received": 0, "approved_at_utc": null, "ups": 1, "awarders": [], "mod_reason_by": null, "banned_by": null, "author_flair_type": "richtext", "removal_reason": null, "link_id": "t3_cz0lg7", "author_flair_template_id": "9e641f94-c626-11e2-8e2c-12313b0b21ae", "likes": null, "replies": "", "user_reports": [], "saved": false, "id": "eyvcpu2", "banned_at_utc": null, "mod_reason_title": null, "gilded": 0, "archived": false, "no_follow": true, "author": "AutoModerator", "can_mod_post": false, "send_replies": false, "parent_id": "t3_cz0lg7", "score": 1, "author_fullname": "t2_6l4z3", "report_reasons": null, "approved_by": null, "all_awardings": [], "subreddit_id": "t5_2ssp3", "body": "Welcome to /r/AskHistorians. **Please be sure to [Read Our Rules](https://www.reddit.com/r/AskHistorians/wiki/rules) before you contribute to this community**.  \n\nWe thank you for your interest in this *question*, and your patience in waiting for an in-depth and comprehensive answer to be written, which takes time. Please consider **[Clicking Here for RemindMeBot](https://www.reddit.com/message/compose/?to=RemindMeBot&amp;subject=Reminder&amp;message=%5Bhttps://www.reddit.com/r/AskHistorians/comments/cz0lg7/how_is_india_managing_to_exist_as_a_country_even/%5D%0A%0ARemindMe!++2+days)**, or using [these alternatives](/r/AskHistorians/comments/8p0s9b/roundtable_21_be_kindremind_the_mod_approved/). In the meantime our [Twitter](https://twitter.com/askhistorians), [Facebook](https://www.facebook.com/askhistorians/), and [Sunday Digest](https://www.reddit.com/r/AskHistorians/search?q=title%3A%22Sunday+Digest%22&amp;restrict_sr=on&amp;sort=new&amp;t=all) feature excellent content that has already been written!\n\n[Please leave feedback on this test message here.](https://www.reddit.com/r/AskHistorians/comments/btz9o5/testing_testing_123_well_be_trying_out_an/)\n\n\n*I am a bot, and this action was performed automatically. Please [contact the moderators of this subreddit](/message/compose/?to=/r/AskHistorians) if you have any questions or concerns.*", "edited": false, "author_flair_css_class": "moderator", "steward_reports": [], "is_submitter": false, "downs": 0, "author_flair_richtext": [{"e": "text", "t": "History of Robotics"}], "author_patreon_flair": false, "body_html": "&lt;div class=\"md\"&gt;&lt;p&gt;Welcome to &lt;a href=\"/r/AskHistorians\"&gt;/r/AskHistorians&lt;/a&gt;. &lt;strong&gt;Please be sure to &lt;a href=\"https://www.reddit.com/r/AskHistorians/wiki/rules\"&gt;Read Our Rules&lt;/a&gt; before you contribute to this community&lt;/strong&gt;.  &lt;/p&gt;\n\n&lt;p&gt;We thank you for your interest in this &lt;em&gt;question&lt;/em&gt;, and your patience in waiting for an in-depth and comprehensive answer to be written, which takes time. Please consider &lt;strong&gt;&lt;a href=\"https://www.reddit.com/message/compose/?to=RemindMeBot&amp;amp;subject=Reminder&amp;amp;message=%5Bhttps://www.reddit.com/r/AskHistorians/comments/cz0lg7/how_is_india_managing_to_exist_as_a_country_even/%5D%0A%0ARemindMe!++2+days\"&gt;Clicking Here for RemindMeBot&lt;/a&gt;&lt;/strong&gt;, or using &lt;a href=\"/r/AskHistorians/comments/8p0s9b/roundtable_21_be_kindremind_the_mod_approved/\"&gt;these alternatives&lt;/a&gt;. In the meantime our &lt;a href=\"https://twitter.com/askhistorians\"&gt;Twitter&lt;/a&gt;, &lt;a href=\"https://www.facebook.com/askhistorians/\"&gt;Facebook&lt;/a&gt;, and &lt;a href=\"https://www.reddit.com/r/AskHistorians/search?q=title%3A%22Sunday+Digest%22&amp;amp;restrict_sr=on&amp;amp;sort=new&amp;amp;t=all\"&gt;Sunday Digest&lt;/a&gt; feature excellent content that has already been written!&lt;/p&gt;\n\n&lt;p&gt;&lt;a href=\"https://www.reddit.com/r/AskHistorians/comments/btz9o5/testing_testing_123_well_be_trying_out_an/\"&gt;Please leave feedback on this test message here.&lt;/a&gt;&lt;/p&gt;\n\n&lt;p&gt;&lt;em&gt;I am a bot, and this action was performed automatically. Please &lt;a href=\"/message/compose/?to=/r/AskHistorians\"&gt;contact the moderators of this subreddit&lt;/a&gt; if you have any questions or concerns.&lt;/em&gt;&lt;/p&gt;\n&lt;/div&gt;", "gildings": {}, "collapsed_reason": null, "associated_award": null, "stickied": true, "subreddit_type": "public", "can_gild": true, "subreddit": "AskHistorians", "author_flair_text_color": "light", "score_hidden": true, "permalink": "/r/AskHistorians/comments/cz0lg7/how_is_india_managing_to_exist_as_a_country_even/eyvcpu2/", "num_reports": null, "locked": true, "name": "t1_eyvcpu2", "created": 1567517403.0, "author_flair_text": "History of Robotics", "collapsed": false, "created_utc": 1567488603.0, "subreddit_name_prefixed": "r/AskHistorians", "controversiality": 0, "depth": 0, "author_flair_background_color": "#8b008b", "mod_reports": [], "mod_note": null, "distinguished": "moderator"}}, {"kind": "t1", "data": {"total_awards_received": 0, "approved_at_utc": null, "ups": 3, "awarders": [], "mod_reason_by": null, "banned_by": null, "author_flair_type": "text", "removal_reason": null, "link_id": "t3_cz0lg7", "author_flair_template_id": null, "likes": null, "replies": "", "user_reports": [], "saved": false, "id": "eyvot3a", "banned_at_utc": null, "mod_reason_title": null, "gilded": 0, "archived": false, "no_follow": true, "author": "Nomsheep", "can_mod_post": false, "send_replies": true, "parent_id": "t3_cz0lg7", "score": 3, "author_fullname": "t2_8d4r1", "report_reasons": null, "approved_by": null, "all_awardings": [], "subreddit_id": "t5_2ssp3", "body": "Here's an [answer](https://www.reddit.com/r/AskHistorians/comments/avpq08/why_did_india_fail_to_establish_a_single_national/ehh47eq/) by /u/JimeDorje that might help.\n\nThis is and has been possible in Europe.\n\nPortugal has two Languages. Mirand\u00eas and Portuguese. France and Italy had several and still do to a lesser extent. The UK has 4(Welsh, Irish, (Scottish) Gaelic, Scots and English) Belgium has ~~two~~* three official languagesDutch (Flemish), French and German. Spain has 3 Catalan, Basque and Spanish. \n\nEuropean countries are a lot smaller so pushes for a common tongue tended to be more successful.\n\nAnyway here's an answer explaining [France](https://amp.reddit.com/r/AskHistorians/comments/2dpcnh/did_southern_france_mainly_speak_occitain/) by /u/Idjet\n\nHere's a thread on the [Basque](https://www.reddit.com/r/AskHistorians/comments/14t5yf/what_are_some_explanations_for_why_the_basque/) region of Spain. The answers are older and may not be up to current standards. Here's an answer about [Welsh](https://www.reddit.com/r/AskHistorians/comments/9q9sc0/why_didnt_the_welsh_language_morph_intowith/e8aosmy/) by /u/The_Manchurian.\n\nEdit:* Belgian languages mentioned by /u/woollenarmour", "edited": 1567511943.0, "author_flair_css_class": null, "steward_reports": [], "is_submitter": false, "downs": 0, "author_flair_richtext": [], "author_patreon_flair": false, "body_html": "&lt;div class=\"md\"&gt;&lt;p&gt;Here&amp;#39;s an &lt;a href=\"https://www.reddit.com/r/AskHistorians/comments/avpq08/why_did_india_fail_to_establish_a_single_national/ehh47eq/\"&gt;answer&lt;/a&gt; by &lt;a href=\"/u/JimeDorje\"&gt;/u/JimeDorje&lt;/a&gt; that might help.&lt;/p&gt;\n\n&lt;p&gt;This is and has been possible in Europe.&lt;/p&gt;\n\n&lt;p&gt;Portugal has two Languages. Mirand\u00eas and Portuguese. France and Italy had several and still do to a lesser extent. The UK has 4(Welsh, Irish, (Scottish) Gaelic, Scots and English) Belgium has &lt;del&gt;two&lt;/del&gt;* three official languagesDutch (Flemish), French and German. Spain has 3 Catalan, Basque and Spanish. &lt;/p&gt;\n\n&lt;p&gt;European countries are a lot smaller so pushes for a common tongue tended to be more successful.&lt;/p&gt;\n\n&lt;p&gt;Anyway here&amp;#39;s an answer explaining &lt;a href=\"https://amp.reddit.com/r/AskHistorians/comments/2dpcnh/did_southern_france_mainly_speak_occitain/\"&gt;France&lt;/a&gt; by &lt;a href=\"/u/Idjet\"&gt;/u/Idjet&lt;/a&gt;&lt;/p&gt;\n\n&lt;p&gt;Here&amp;#39;s a thread on the &lt;a href=\"https://www.reddit.com/r/AskHistorians/comments/14t5yf/what_are_some_explanations_for_why_the_basque/\"&gt;Basque&lt;/a&gt; region of Spain. The answers are older and may not be up to current standards. Here&amp;#39;s an answer about &lt;a href=\"https://www.reddit.com/r/AskHistorians/comments/9q9sc0/why_didnt_the_welsh_language_morph_intowith/e8aosmy/\"&gt;Welsh&lt;/a&gt; by &lt;a href=\"/u/The_Manchurian\"&gt;/u/The_Manchurian&lt;/a&gt;.&lt;/p&gt;\n\n&lt;p&gt;Edit:* Belgian languages mentioned by &lt;a href=\"/u/woollenarmour\"&gt;/u/woollenarmour&lt;/a&gt;&lt;/p&gt;\n&lt;/div&gt;", "gildings": {}, "collapsed_reason": null, "associated_award": null, "stickied": false, "subreddit_type": "public", "can_gild": true, "subreddit": "AskHistorians", "author_flair_text_color": null, "score_hidden": false, "permalink": "/r/AskHistorians/comments/cz0lg7/how_is_india_managing_to_exist_as_a_country_even/eyvot3a/", "num_reports": null, "locked": false, "name": "t1_eyvot3a", "created": 1567534132.0, "author_flair_text": null, "collapsed": false, "created_utc": 1567505332.0, "subreddit_name_prefixed": "r/AskHistorians", "controversiality": 0, "depth": 0, "author_flair_background_color": null, "mod_reports": [], "mod_note": null, "distinguished": null}}, {"kind": "t1", "data": {"total_awards_received": 0, "approved_at_utc": null, "ups": 1, "awarders": [], "mod_reason_by": null, "banned_by": null, "removal_reason": null, "link_id": "t3_cz0lg7", "author_flair_template_id": null, "likes": null, "no_follow": true, "replies": "", "user_reports": [], "saved": false, "id": "ezi28yo", "banned_at_utc": null, "mod_reason_title": null, "gilded": 0, "archived": false, "report_reasons": null, "author": "[deleted]", "can_mod_post": false, "send_replies": true, "parent_id": "t3_cz0lg7", "score": 1, "approved_by": null, "all_awardings": [], "subreddit_id": "t5_2ssp3", "body": "The simple answer is colonialism and the resultant nationalism. Anti-colonial Indian nationalism was the result of British colonial rule and is what resulted in the creation of the Indian nation state. After independence, India adopted a democratic constitution that allowed for internal dissent which is not the situation in Europe. When anti-India, anti-Hindi sentiments were strong in Tamil Nadu, for instance, they were allowed to be expressed with the election of Dravidian parties within the framework of the Indian constitution which had actual power. It\u2019s not the case in Europe, where Euroskeptic parties are allowed to exist in the European Parliament but the EP is not a powerful entity. What has allowed the Indian union to survive is this structure which allows for multiple ethnic and linguistic groups having representation.", "edited": false, "author_flair_css_class": null, "steward_reports": [], "downs": 0, "is_submitter": false, "body_html": "&lt;div class=\"md\"&gt;&lt;p&gt;The simple answer is colonialism and the resultant nationalism. Anti-colonial Indian nationalism was the result of British colonial rule and is what resulted in the creation of the Indian nation state. After independence, India adopted a democratic constitution that allowed for internal dissent which is not the situation in Europe. When anti-India, anti-Hindi sentiments were strong in Tamil Nadu, for instance, they were allowed to be expressed with the election of Dravidian parties within the framework of the Indian constitution which had actual power. It\u2019s not the case in Europe, where Euroskeptic parties are allowed to exist in the European Parliament but the EP is not a powerful entity. What has allowed the Indian union to survive is this structure which allows for multiple ethnic and linguistic groups having representation.&lt;/p&gt;\n&lt;/div&gt;", "gildings": {}, "collapsed_reason": null, "associated_award": null, "stickied": false, "subreddit_type": "public", "can_gild": false, "subreddit": "AskHistorians", "author_flair_text_color": "dark", "score_hidden": false, "permalink": "/r/AskHistorians/comments/cz0lg7/how_is_india_managing_to_exist_as_a_country_even/ezi28yo/", "num_reports": null, "locked": false, "name": "t1_ezi28yo", "created": 1567948940.0, "author_flair_text": null, "collapsed": false, "created_utc": 1567920140.0, "subreddit_name_prefixed": "r/AskHistorians", "controversiality": 0, "depth": 0, "author_flair_background_color": "", "mod_reports": [], "mod_note": null, "distinguished": null}}], "after": null, "before": null}}]