[{"kind": "Listing", "data": {"modhash": "", "dist": 1, "children": [{"kind": "t3", "data": {"approved_at_utc": null, "subreddit": "AskHistorians", "selftext": "I recently watched landgirls, and during an episode one of the men in the Airforce goes AWOL after he is returned in active service they send word saying that he is being assigned as a rear gunner for his punishment.\n\nWas this a normal punishment?", "user_reports": [], "saved": false, "mod_reason_title": null, "gilded": 0, "clicked": false, "title": "Was being a Tail gunner seen as a punishment during WW2?", "link_flair_richtext": [], "subreddit_name_prefixed": "r/AskHistorians", "hidden": false, "pwls": 6, "link_flair_css_class": null, "downs": 0, "parent_whitelist_status": "all_ads", "hide_score": false, "name": "t3_8vz6mh", "quarantine": false, "link_flair_text_color": "dark", "upvote_ratio": 0.63, "author_flair_background_color": null, "subreddit_type": "public", "ups": 2, "domain": "self.AskHistorians", "media_embed": {}, "author_flair_template_id": null, "is_original_content": false, "secure_media": null, "is_reddit_media_domain": false, "is_meta": false, "category": null, "secure_media_embed": {}, "link_flair_text": null, "can_mod_post": false, "score": 2, "approved_by": null, "thumbnail": "", "edited": false, "author_flair_css_class": null, "author_flair_richtext": [], "content_categories": null, "is_self": true, "mod_note": null, "created": 1530711431.0, "link_flair_type": "text", "wls": 6, "banned_by": null, "author_flair_type": "text", "contest_mode": false, "selftext_html": "&lt;!-- SC_OFF --&gt;&lt;div class=\"md\"&gt;&lt;p&gt;I recently watched landgirls, and during an episode one of the men in the Airforce goes AWOL after he is returned in active service they send word saying that he is being assigned as a rear gunner for his punishment.&lt;/p&gt;\n\n&lt;p&gt;Was this a normal punishment?&lt;/p&gt;\n&lt;/div&gt;&lt;!-- SC_ON --&gt;", "likes": null, "suggested_sort": null, "banned_at_utc": null, "view_count": null, "archived": false, "no_follow": false, "is_crosspostable": false, "pinned": false, "over_18": false, "media": null, "media_only": false, "link_flair_template_id": null, "can_gild": false, "spoiler": false, "locked": false, "author_flair_text": null, "visited": false, "num_reports": null, "distinguished": null, "subreddit_id": "t5_2ssp3", "mod_reason_by": null, "removal_reason": null, "link_flair_background_color": "", "id": "8vz6mh", "report_reasons": null, "author": "Thescarrydoor", "num_crossposts": 0, "num_comments": 2, "send_replies": true, "author_flair_text_color": null, "permalink": "/r/AskHistorians/comments/8vz6mh/was_being_a_tail_gunner_seen_as_a_punishment/", "whitelist_status": "all_ads", "stickied": false, "url": "https://www.reddit.com/r/AskHistorians/comments/8vz6mh/was_being_a_tail_gunner_seen_as_a_punishment/", "subreddit_subscribers": 790853, "created_utc": 1530682631.0, "mod_reports": [], "is_video": false}}], "after": null, "before": null}}, {"kind": "Listing", "data": {"modhash": "", "dist": null, "children": [{"kind": "t1", "data": {"subreddit_id": "t5_2ssp3", "approved_at_utc": null, "ups": 2, "mod_reason_by": null, "banned_by": null, "author_flair_type": "text", "removal_reason": null, "link_id": "t3_8vz6mh", "author_flair_template_id": null, "likes": null, "no_follow": true, "replies": {"kind": "Listing", "data": {"modhash": "", "dist": null, "children": [{"kind": "t1", "data": {"subreddit_id": "t5_2ssp3", "approved_at_utc": null, "ups": 2, "mod_reason_by": null, "banned_by": null, "author_flair_type": "text", "removal_reason": null, "link_id": "t3_8vz6mh", "author_flair_template_id": null, "likes": null, "no_follow": true, "replies": "", "user_reports": [], "saved": false, "id": "e1srk5w", "banned_at_utc": null, "mod_reason_title": null, "gilded": 0, "archived": false, "report_reasons": null, "author": "Thescarrydoor", "can_mod_post": false, "send_replies": true, "parent_id": "t1_e1rxqoe", "score": 2, "approved_by": null, "downs": 0, "body": "Thanks, so seems just like another tv puffery ", "edited": false, "author_flair_css_class": null, "collapsed": false, "author_flair_richtext": [], "is_submitter": true, "collapsed_reason": null, "body_html": "&lt;div class=\"md\"&gt;&lt;p&gt;Thanks, so seems just like another tv puffery &lt;/p&gt;\n&lt;/div&gt;", "stickied": false, "subreddit_type": "public", "can_gild": true, "subreddit": "AskHistorians", "author_flair_text_color": null, "score_hidden": false, "permalink": "/r/AskHistorians/comments/8vz6mh/was_being_a_tail_gunner_seen_as_a_punishment/e1srk5w/", "num_reports": null, "name": "t1_e1srk5w", "created": 1530768593.0, "author_flair_text": null, "created_utc": 1530739793.0, "subreddit_name_prefixed": "r/AskHistorians", "controversiality": 0, "depth": 1, "author_flair_background_color": null, "mod_reports": [], "mod_note": null, "distinguished": null}}], "after": null, "before": null}}, "user_reports": [], "saved": false, "id": "e1rxqoe", "banned_at_utc": null, "mod_reason_title": null, "gilded": 0, "archived": false, "report_reasons": null, "author": "Bigglesworth_", "can_mod_post": false, "send_replies": true, "parent_id": "t3_8vz6mh", "score": 2, "approved_by": null, "downs": 0, "body": "I've never heard of someone assigned to be a rear gunner as punishment. Depending on the severity of offence punishments could include \"jankers\" (confinement to camp, menial duties), being sent to the Aircrew Refresher School (the \"bad boys course\"), detention, demotion, or being drummed out of the RAF (either to the Army or to civilian life, prohibited from well paid jobs). The latter often resulted if aircrew refused to fly on operations. If a Medical Officer determined there was a genuine physical or psychological issue then there could be leniency, rest and treatment; if not the airman would likely be classified as having Lack of Moral Fibre (LMF) and treated rather harshly, swiftly removed from the squadron. There was a fear that LMF was contagious - that one individual \"could start a rot which might spread not only through his own crew but through the whole squadron\".\n\nIf the reason for going AWOL wasn't refusal to fly, after appropriate punishment crew position would be based on training; each role (on the standard heavy bombers: pilot, flight engineer, wireless operator, navigator, bomb aimer and air gunner) had specialist training, some cross-training was desirable in case of incapacitation during a flight but I'm not aware of anyone reclassified as a punishment. Rear gunners may have been slightly more vulnerable (I haven't got a breakdown of Bomber Command casualties by trade), but by and large bomber crew lived or died together.\n", "edited": false, "author_flair_css_class": "military", "collapsed": false, "author_flair_richtext": [], "is_submitter": false, "collapsed_reason": null, "body_html": "&lt;div class=\"md\"&gt;&lt;p&gt;I&amp;#39;ve never heard of someone assigned to be a rear gunner as punishment. Depending on the severity of offence punishments could include &amp;quot;jankers&amp;quot; (confinement to camp, menial duties), being sent to the Aircrew Refresher School (the &amp;quot;bad boys course&amp;quot;), detention, demotion, or being drummed out of the RAF (either to the Army or to civilian life, prohibited from well paid jobs). The latter often resulted if aircrew refused to fly on operations. If a Medical Officer determined there was a genuine physical or psychological issue then there could be leniency, rest and treatment; if not the airman would likely be classified as having Lack of Moral Fibre (LMF) and treated rather harshly, swiftly removed from the squadron. There was a fear that LMF was contagious - that one individual &amp;quot;could start a rot which might spread not only through his own crew but through the whole squadron&amp;quot;.&lt;/p&gt;\n\n&lt;p&gt;If the reason for going AWOL wasn&amp;#39;t refusal to fly, after appropriate punishment crew position would be based on training; each role (on the standard heavy bombers: pilot, flight engineer, wireless operator, navigator, bomb aimer and air gunner) had specialist training, some cross-training was desirable in case of incapacitation during a flight but I&amp;#39;m not aware of anyone reclassified as a punishment. Rear gunners may have been slightly more vulnerable (I haven&amp;#39;t got a breakdown of Bomber Command casualties by trade), but by and large bomber crew lived or died together.&lt;/p&gt;\n&lt;/div&gt;", "stickied": false, "subreddit_type": "public", "can_gild": true, "subreddit": "AskHistorians", "author_flair_text_color": "dark", "score_hidden": false, "permalink": "/r/AskHistorians/comments/8vz6mh/was_being_a_tail_gunner_seen_as_a_punishment/e1rxqoe/", "num_reports": null, "name": "t1_e1rxqoe", "created": 1530738197.0, "author_flair_text": "RAF in WWII", "created_utc": 1530709397.0, "subreddit_name_prefixed": "r/AskHistorians", "controversiality": 0, "depth": 0, "author_flair_background_color": "", "mod_reports": [], "mod_note": null, "distinguished": null}}], "after": null, "before": null}}]