[{"kind": "Listing", "data": {"modhash": "", "dist": 1, "children": [{"kind": "t3", "data": {"approved_at_utc": null, "subreddit": "AskHistorians", "selftext": "I just watched a pretty great video the other day about how Hitler basically couldn't have ever 'won' World War 2 because Germany had no gasoline, British blockades on trade prevented them from buying any for the most part, and as a result Hitler couldn't bring to bear his massive Panzer army and said army was constantly stalling for lack of supplies. So was Hitler just deluded or way over confident in his ability to bring the powers of the world to their knees and getting everyone to sign the \"Germany rules the world\" treaty of 1944 or was there some other kind of more diplomatic goal he could have been going for where he wasn't trying to totally take over Russia and Britain or anywhere/one else but force them to give certain concessions rather than prolong a war that would hurt everyone else more than it would hurt Germany?  \n\n\nI just can't understand how Hitler could overlook something so obvious as running out of extremely important strategic resources he couldn't reliably replace.", "user_reports": [], "saved": false, "mod_reason_title": null, "gilded": 0, "clicked": false, "title": "Was there some goal Hitler was/should have been going for in WW2?", "link_flair_richtext": [], "subreddit_name_prefixed": "r/AskHistorians", "hidden": false, "pwls": 6, "link_flair_css_class": null, "downs": 0, "parent_whitelist_status": "all_ads", "hide_score": false, "name": "t3_8w099r", "quarantine": false, "link_flair_text_color": "dark", "upvote_ratio": 0.63, "author_flair_background_color": null, "subreddit_type": "public", "ups": 2, "domain": "self.AskHistorians", "media_embed": {}, "author_flair_template_id": null, "is_original_content": false, "secure_media": null, "is_reddit_media_domain": false, "is_meta": false, "category": null, "secure_media_embed": {}, "link_flair_text": null, "can_mod_post": false, "score": 2, "approved_by": null, "thumbnail": "", "edited": false, "author_flair_css_class": null, "author_flair_richtext": [], "content_categories": null, "is_self": true, "mod_note": null, "created": 1530724125.0, "link_flair_type": "text", "wls": 6, "banned_by": null, "author_flair_type": "text", "contest_mode": false, "selftext_html": "&lt;!-- SC_OFF --&gt;&lt;div class=\"md\"&gt;&lt;p&gt;I just watched a pretty great video the other day about how Hitler basically couldn&amp;#39;t have ever &amp;#39;won&amp;#39; World War 2 because Germany had no gasoline, British blockades on trade prevented them from buying any for the most part, and as a result Hitler couldn&amp;#39;t bring to bear his massive Panzer army and said army was constantly stalling for lack of supplies. So was Hitler just deluded or way over confident in his ability to bring the powers of the world to their knees and getting everyone to sign the &amp;quot;Germany rules the world&amp;quot; treaty of 1944 or was there some other kind of more diplomatic goal he could have been going for where he wasn&amp;#39;t trying to totally take over Russia and Britain or anywhere/one else but force them to give certain concessions rather than prolong a war that would hurt everyone else more than it would hurt Germany?  &lt;/p&gt;\n\n&lt;p&gt;I just can&amp;#39;t understand how Hitler could overlook something so obvious as running out of extremely important strategic resources he couldn&amp;#39;t reliably replace.&lt;/p&gt;\n&lt;/div&gt;&lt;!-- SC_ON --&gt;", "likes": null, "suggested_sort": null, "banned_at_utc": null, "view_count": null, "archived": false, "no_follow": false, "is_crosspostable": false, "pinned": false, "over_18": false, "media": null, "media_only": false, "link_flair_template_id": null, "can_gild": false, "spoiler": false, "locked": false, "author_flair_text": null, "visited": false, "num_reports": null, "distinguished": null, "subreddit_id": "t5_2ssp3", "mod_reason_by": null, "removal_reason": null, "link_flair_background_color": "", "id": "8w099r", "report_reasons": null, "author": "RoadTheExile", "num_crossposts": 0, "num_comments": 1, "send_replies": true, "author_flair_text_color": null, "permalink": "/r/AskHistorians/comments/8w099r/was_there_some_goal_hitler_wasshould_have_been/", "whitelist_status": "all_ads", "stickied": false, "url": "https://www.reddit.com/r/AskHistorians/comments/8w099r/was_there_some_goal_hitler_wasshould_have_been/", "subreddit_subscribers": 790855, "created_utc": 1530695325.0, "mod_reports": [], "is_video": false}}], "after": null, "before": null}}, {"kind": "Listing", "data": {"modhash": "", "dist": null, "children": [{"kind": "t1", "data": {"subreddit_id": "t5_2ssp3", "approved_at_utc": null, "ups": 2, "mod_reason_by": null, "banned_by": null, "author_flair_type": "text", "removal_reason": null, "link_id": "t3_8w099r", "author_flair_template_id": null, "likes": null, "no_follow": true, "replies": "", "user_reports": [], "saved": false, "id": "e1t3907", "banned_at_utc": null, "mod_reason_title": null, "gilded": 0, "archived": false, "report_reasons": null, "author": "HowdoIreddittellme", "can_mod_post": false, "send_replies": true, "parent_id": "t3_8w099r", "score": 2, "approved_by": null, "downs": 0, "body": "If we are talking about oil, and how Germany consistently lacked it throughout the Second World War, Hitler was certainly aware of this, and tried to take steps to resolve it. Most particularly, the campaign in the Caucasus and in Southern Russia was fueled by the desire to capture oil rich areas of the Southern Soviet Union. Hitler was actually very active in pushing for a capture of these positions of importance from an economic perspective. It was actually his generals who frequently ignored Hitler's directives or modified them to what they thought best, often targeting locations of more limited strategic importance. \n\nSo, Hitler was aware, and he tried to resolve it, but due to the strength of opposition, from both the allies and his own generals, he was unable to. ", "edited": false, "author_flair_css_class": null, "collapsed": false, "author_flair_richtext": [], "is_submitter": false, "collapsed_reason": null, "body_html": "&lt;div class=\"md\"&gt;&lt;p&gt;If we are talking about oil, and how Germany consistently lacked it throughout the Second World War, Hitler was certainly aware of this, and tried to take steps to resolve it. Most particularly, the campaign in the Caucasus and in Southern Russia was fueled by the desire to capture oil rich areas of the Southern Soviet Union. Hitler was actually very active in pushing for a capture of these positions of importance from an economic perspective. It was actually his generals who frequently ignored Hitler&amp;#39;s directives or modified them to what they thought best, often targeting locations of more limited strategic importance. &lt;/p&gt;\n\n&lt;p&gt;So, Hitler was aware, and he tried to resolve it, but due to the strength of opposition, from both the allies and his own generals, he was unable to. &lt;/p&gt;\n&lt;/div&gt;", "stickied": false, "subreddit_type": "public", "can_gild": true, "subreddit": "AskHistorians", "author_flair_text_color": null, "score_hidden": false, "permalink": "/r/AskHistorians/comments/8w099r/was_there_some_goal_hitler_wasshould_have_been/e1t3907/", "num_reports": null, "name": "t1_e1t3907", "created": 1530781810.0, "author_flair_text": null, "created_utc": 1530753010.0, "subreddit_name_prefixed": "r/AskHistorians", "controversiality": 0, "depth": 0, "author_flair_background_color": null, "mod_reports": [], "mod_note": null, "distinguished": null}}], "after": null, "before": null}}]