[{"kind": "Listing", "data": {"modhash": "", "dist": 1, "children": [{"kind": "t3", "data": {"approved_at_utc": null, "subreddit": "AskHistorians", "selftext": "A common story around the internet is the information that people, mainly sailors, paid a modest amount to sleep hanging from a wire inside a shelter as opposed to sleeping on the street or the more expensive ground sleeping at the same shelters.\n\nI could not find any reliable source to verify this information and the only \"evidence\" is an old photo that usually accompanies this articles that turned out to be a recreation of said scene for an early movie.", "user_reports": [], "saved": false, "mod_reason_title": null, "gilded": 0, "clicked": false, "title": "Did people in Victorian era England really sleep hanging from a rope for 2 pennies?", "link_flair_richtext": [], "subreddit_name_prefixed": "r/AskHistorians", "hidden": false, "pwls": 6, "link_flair_css_class": null, "downs": 0, "top_awarded_type": null, "parent_whitelist_status": "all_ads", "hide_score": false, "name": "t3_k5umsz", "quarantine": false, "link_flair_text_color": "dark", "upvote_ratio": 0.89, "author_flair_background_color": null, "subreddit_type": "public", "ups": 22, "total_awards_received": 0, "media_embed": {}, "author_flair_template_id": null, "is_original_content": false, "author_fullname": "t2_a1cuq", "secure_media": null, "is_reddit_media_domain": false, "is_meta": false, "category": null, "secure_media_embed": {}, "link_flair_text": null, "can_mod_post": false, "score": 22, "approved_by": null, "author_premium": false, "thumbnail": "", "edited": false, "author_flair_css_class": null, "author_flair_richtext": [], "gildings": {}, "content_categories": null, "is_self": true, "mod_note": null, "created": 1607019282.0, "link_flair_type": "text", "wls": 6, "removed_by_category": null, "banned_by": null, "author_flair_type": "text", "domain": "self.AskHistorians", "allow_live_comments": true, "selftext_html": "&lt;!-- SC_OFF --&gt;&lt;div class=\"md\"&gt;&lt;p&gt;A common story around the internet is the information that people, mainly sailors, paid a modest amount to sleep hanging from a wire inside a shelter as opposed to sleeping on the street or the more expensive ground sleeping at the same shelters.&lt;/p&gt;\n\n&lt;p&gt;I could not find any reliable source to verify this information and the only &amp;quot;evidence&amp;quot; is an old photo that usually accompanies this articles that turned out to be a recreation of said scene for an early movie.&lt;/p&gt;\n&lt;/div&gt;&lt;!-- SC_ON --&gt;", "likes": null, "suggested_sort": null, "banned_at_utc": null, "view_count": null, "archived": false, "no_follow": false, "is_crosspostable": false, "pinned": false, "over_18": false, "all_awardings": [], "awarders": [], "media_only": false, "can_gild": false, "spoiler": false, "locked": false, "author_flair_text": null, "treatment_tags": [], "visited": false, "removed_by": null, "num_reports": null, "distinguished": null, "subreddit_id": "t5_2ssp3", "mod_reason_by": null, "removal_reason": null, "link_flair_background_color": "", "id": "k5umsz", "is_robot_indexable": true, "num_duplicates": 0, "report_reasons": null, "author": "gu4x", "discussion_type": null, "num_comments": 3, "send_replies": true, "media": null, "contest_mode": false, "author_patreon_flair": false, "author_flair_text_color": null, "permalink": "/r/AskHistorians/comments/k5umsz/did_people_in_victorian_era_england_really_sleep/", "whitelist_status": "all_ads", "stickied": false, "url": "https://www.reddit.com/r/AskHistorians/comments/k5umsz/did_people_in_victorian_era_england_really_sleep/", "subreddit_subscribers": 1307292, "created_utc": 1606990482.0, "num_crossposts": 0, "mod_reports": [], "is_video": false}}], "after": null, "before": null}}, {"kind": "Listing", "data": {"modhash": "", "dist": null, "children": [{"kind": "t1", "data": {"total_awards_received": 0, "approved_at_utc": null, "comment_type": null, "awarders": [], "mod_reason_by": null, "banned_by": null, "ups": 1, "author_flair_type": "richtext", "removal_reason": null, "link_id": "t3_k5umsz", "author_flair_template_id": "9e641f94-c626-11e2-8e2c-12313b0b21ae", "likes": null, "replies": "", "user_reports": [], "saved": false, "id": "geh2i25", "banned_at_utc": null, "mod_reason_title": null, "gilded": 0, "archived": false, "no_follow": false, "author": "AutoModerator", "can_mod_post": false, "send_replies": false, "parent_id": "t3_k5umsz", "score": 1, "author_fullname": "t2_6l4z3", "report_reasons": null, "approved_by": null, "all_awardings": [], "subreddit_id": "t5_2ssp3", "body": "Welcome to /r/AskHistorians. **Please [Read Our Rules](https://www.reddit.com/r/AskHistorians/wiki/rules) before you comment in this community**. Understand that [rule breaking comments get removed](https://www.reddit.com/r/AskHistorians/comments/h8aefx/rules_roundtable_xviii_removed_curation_and_why/).\n\n#Please consider **[Clicking Here for RemindMeBot](https://www.reddit.com/message/compose/?to=RemindMeBot&amp;subject=Reminder&amp;message=%5Bhttps://www.reddit.com/r/AskHistorians/comments/k5umsz/did_people_in_victorian_era_england_really_sleep/%5D%0A%0ARemindMe!%202%20days)** as it takes time for an answer to be written. \n\nWe thank you for your interest in this *question*, and your patience in waiting for an in-depth and comprehensive answer to show up. In addition to RemindMeBot, consider [using our Browser Extension](https://www.reddit.com/r/AskHistorians/comments/d6dzi7/tired_of_clicking_to_find_only_removed_comments/), or getting the [Weekly Roundup](https://www.reddit.com/message/compose?to=subredditsummarybot&amp;subject=askhistorians+weekly&amp;message=x). In the meantime our [Twitter](https://twitter.com/askhistorians), [Facebook](https://www.facebook.com/askhistorians/), and [Sunday Digest](https://www.reddit.com/r/AskHistorians/search?q=title%3A%22Sunday+Digest%22&amp;restrict_sr=on&amp;sort=new&amp;t=all) feature excellent content that has already been written!\n\n\n*I am a bot, and this action was performed automatically. Please [contact the moderators of this subreddit](/message/compose/?to=/r/AskHistorians) if you have any questions or concerns.*", "edited": false, "downs": 0, "author_flair_css_class": null, "is_submitter": false, "collapsed": false, "author_flair_richtext": [{"e": "text", "t": "History of Robotics"}], "author_patreon_flair": false, "body_html": "&lt;div class=\"md\"&gt;&lt;p&gt;Welcome to &lt;a href=\"/r/AskHistorians\"&gt;/r/AskHistorians&lt;/a&gt;. &lt;strong&gt;Please &lt;a href=\"https://www.reddit.com/r/AskHistorians/wiki/rules\"&gt;Read Our Rules&lt;/a&gt; before you comment in this community&lt;/strong&gt;. Understand that &lt;a href=\"https://www.reddit.com/r/AskHistorians/comments/h8aefx/rules_roundtable_xviii_removed_curation_and_why/\"&gt;rule breaking comments get removed&lt;/a&gt;.&lt;/p&gt;\n\n&lt;h1&gt;Please consider &lt;strong&gt;&lt;a href=\"https://www.reddit.com/message/compose/?to=RemindMeBot&amp;amp;subject=Reminder&amp;amp;message=%5Bhttps://www.reddit.com/r/AskHistorians/comments/k5umsz/did_people_in_victorian_era_england_really_sleep/%5D%0A%0ARemindMe!%202%20days\"&gt;Clicking Here for RemindMeBot&lt;/a&gt;&lt;/strong&gt; as it takes time for an answer to be written.&lt;/h1&gt;\n\n&lt;p&gt;We thank you for your interest in this &lt;em&gt;question&lt;/em&gt;, and your patience in waiting for an in-depth and comprehensive answer to show up. In addition to RemindMeBot, consider &lt;a href=\"https://www.reddit.com/r/AskHistorians/comments/d6dzi7/tired_of_clicking_to_find_only_removed_comments/\"&gt;using our Browser Extension&lt;/a&gt;, or getting the &lt;a href=\"https://www.reddit.com/message/compose?to=subredditsummarybot&amp;amp;subject=askhistorians+weekly&amp;amp;message=x\"&gt;Weekly Roundup&lt;/a&gt;. In the meantime our &lt;a href=\"https://twitter.com/askhistorians\"&gt;Twitter&lt;/a&gt;, &lt;a href=\"https://www.facebook.com/askhistorians/\"&gt;Facebook&lt;/a&gt;, and &lt;a href=\"https://www.reddit.com/r/AskHistorians/search?q=title%3A%22Sunday+Digest%22&amp;amp;restrict_sr=on&amp;amp;sort=new&amp;amp;t=all\"&gt;Sunday Digest&lt;/a&gt; feature excellent content that has already been written!&lt;/p&gt;\n\n&lt;p&gt;&lt;em&gt;I am a bot, and this action was performed automatically. Please &lt;a href=\"/message/compose/?to=/r/AskHistorians\"&gt;contact the moderators of this subreddit&lt;/a&gt; if you have any questions or concerns.&lt;/em&gt;&lt;/p&gt;\n&lt;/div&gt;", "gildings": {}, "collapsed_reason": null, "associated_award": null, "stickied": true, "author_premium": true, "subreddit_type": "public", "can_gild": true, "top_awarded_type": null, "author_flair_text_color": "light", "score_hidden": true, "permalink": "/r/AskHistorians/comments/k5umsz/did_people_in_victorian_era_england_really_sleep/geh2i25/", "num_reports": null, "locked": true, "name": "t1_geh2i25", "created": 1607019283.0, "subreddit": "AskHistorians", "author_flair_text": "History of Robotics", "treatment_tags": [], "created_utc": 1606990483.0, "subreddit_name_prefixed": "r/AskHistorians", "controversiality": 0, "depth": 0, "author_flair_background_color": "#993366", "collapsed_because_crowd_control": null, "mod_reports": [], "mod_note": null, "distinguished": "moderator"}}], "after": null, "before": null}}]