[{"kind": "Listing", "data": {"modhash": "", "dist": 1, "children": [{"kind": "t3", "data": {"approved_at_utc": null, "subreddit": "AskHistorians", "selftext": "When I was watching Jackie Chan Adventures, they had a season where Jackie Chan had to collect these magical Oni masks that were worn by the Samurai. In addition to their magical powers, they were supposedly legendary for inspiring terror in the battlefield when the Samurai generals that worn them joined the thick of battles.\n\nNow I know Jackie Chan Adventures is a cartoon but I learned in real life the Oni Masks were a thing and that Samurais really worn them to invoke terror to their enemies. Quite related I learned that the Celts painted their faces to scare the militia of towns they raided and it was standard for the Teutonic Knights and other orders to wear horned helmets or other very bizarre looking helmets to unnerve their enemies. The Catholic armies would often put gargoyle statues around their castles for protection.\n\nWorse yet there are many cases of it working. Muslim armies lead by Saladin who were trained as professionals were known to collapse after seeing the iconic Templars in their badass helmets charging on horse and collapsing to a rout. DESPITE the fact these same Muslim armies were just fighting regular Crusader infantry just moments (even defeating them). British accounts describe nervousness as Mahicans suddenly jumped out of bushes and tress and charging out of an ambush, pointing specifically at their strange war paint on their faces as being unnormal. Even the religious and hardened Conquistadors described Aztec warriors looking like cat demons from hell as they marched into formation. The American Indians often place war totems of angry animals and mythological creatures around their villages and it actually would make other American Indian tribes hesitant of attacking and can call of attacks after a brutal battle before entering the village.\n\nI am curious why are stuff like the Oni masks worn by Samurai so scary? I don't see how a bunch of South American guerrillas painting their faces in black can affect conventional South American armies to abandon their positions after a prolonged fire fight. Nor can I understand why an appearance of a single Celt visiting in a town would scare even local police armed with swords just because he was wearing a bear skin with a very long beard and hairy mustache.\n\nWhat makes Chinese soldiers wearing helmets designed after the face of mythological demons such a trump card? Especially if the same forces that are terrified and demoralized after seeing a the Mongol put up bring a Tengri statue were able to defeat canon fodder infantry sent 30 minutes ago?\n\nI mean those Medusa statues and other mythic creatures don't look so scary to me so I don't understand why bringing them in battle could affect morale. Nor can I understand why simply adding horns to helmet can scare away local militia!", "user_reports": [], "saved": false, "mod_reason_title": null, "gilded": 0, "clicked": false, "title": "How is monster-looking masks, bizarrely designed helmets, demonic statues, and dirty savage makeup so terrifying in the battlefield?", "link_flair_richtext": [], "subreddit_name_prefixed": "r/AskHistorians", "hidden": false, "pwls": 6, "link_flair_css_class": null, "downs": 0, "top_awarded_type": null, "parent_whitelist_status": "all_ads", "hide_score": false, "name": "t3_k5uo6e", "quarantine": false, "link_flair_text_color": "dark", "upvote_ratio": 0.63, "author_flair_background_color": null, "subreddit_type": "public", "ups": 2, "total_awards_received": 0, "media_embed": {}, "author_flair_template_id": null, "is_original_content": false, "author_fullname": "t2_38vtvsyh", "secure_media": null, "is_reddit_media_domain": false, "is_meta": false, "category": null, "secure_media_embed": {}, "link_flair_text": null, "can_mod_post": false, "score": 2, "approved_by": null, "author_premium": false, "thumbnail": "", "edited": false, "author_flair_css_class": null, "author_flair_richtext": [], "gildings": {}, "content_categories": null, "is_self": true, "mod_note": null, "created": 1607019488.0, "link_flair_type": "text", "wls": 6, "removed_by_category": null, "banned_by": null, "author_flair_type": "text", "domain": "self.AskHistorians", "allow_live_comments": false, "selftext_html": "&lt;!-- SC_OFF --&gt;&lt;div class=\"md\"&gt;&lt;p&gt;When I was watching Jackie Chan Adventures, they had a season where Jackie Chan had to collect these magical Oni masks that were worn by the Samurai. In addition to their magical powers, they were supposedly legendary for inspiring terror in the battlefield when the Samurai generals that worn them joined the thick of battles.&lt;/p&gt;\n\n&lt;p&gt;Now I know Jackie Chan Adventures is a cartoon but I learned in real life the Oni Masks were a thing and that Samurais really worn them to invoke terror to their enemies. Quite related I learned that the Celts painted their faces to scare the militia of towns they raided and it was standard for the Teutonic Knights and other orders to wear horned helmets or other very bizarre looking helmets to unnerve their enemies. The Catholic armies would often put gargoyle statues around their castles for protection.&lt;/p&gt;\n\n&lt;p&gt;Worse yet there are many cases of it working. Muslim armies lead by Saladin who were trained as professionals were known to collapse after seeing the iconic Templars in their badass helmets charging on horse and collapsing to a rout. DESPITE the fact these same Muslim armies were just fighting regular Crusader infantry just moments (even defeating them). British accounts describe nervousness as Mahicans suddenly jumped out of bushes and tress and charging out of an ambush, pointing specifically at their strange war paint on their faces as being unnormal. Even the religious and hardened Conquistadors described Aztec warriors looking like cat demons from hell as they marched into formation. The American Indians often place war totems of angry animals and mythological creatures around their villages and it actually would make other American Indian tribes hesitant of attacking and can call of attacks after a brutal battle before entering the village.&lt;/p&gt;\n\n&lt;p&gt;I am curious why are stuff like the Oni masks worn by Samurai so scary? I don&amp;#39;t see how a bunch of South American guerrillas painting their faces in black can affect conventional South American armies to abandon their positions after a prolonged fire fight. Nor can I understand why an appearance of a single Celt visiting in a town would scare even local police armed with swords just because he was wearing a bear skin with a very long beard and hairy mustache.&lt;/p&gt;\n\n&lt;p&gt;What makes Chinese soldiers wearing helmets designed after the face of mythological demons such a trump card? Especially if the same forces that are terrified and demoralized after seeing a the Mongol put up bring a Tengri statue were able to defeat canon fodder infantry sent 30 minutes ago?&lt;/p&gt;\n\n&lt;p&gt;I mean those Medusa statues and other mythic creatures don&amp;#39;t look so scary to me so I don&amp;#39;t understand why bringing them in battle could affect morale. Nor can I understand why simply adding horns to helmet can scare away local militia!&lt;/p&gt;\n&lt;/div&gt;&lt;!-- SC_ON --&gt;", "likes": null, "suggested_sort": null, "banned_at_utc": null, "view_count": null, "archived": false, "no_follow": false, "is_crosspostable": false, "pinned": false, "over_18": false, "all_awardings": [], "awarders": [], "media_only": false, "can_gild": false, "spoiler": false, "locked": false, "author_flair_text": null, "treatment_tags": [], "visited": false, "removed_by": null, "num_reports": null, "distinguished": null, "subreddit_id": "t5_2ssp3", "mod_reason_by": null, "removal_reason": null, "link_flair_background_color": "", "id": "k5uo6e", "is_robot_indexable": true, "num_duplicates": 0, "report_reasons": null, "author": "ArnieLarg", "discussion_type": null, "num_comments": 1, "send_replies": true, "media": null, "contest_mode": false, "author_patreon_flair": false, "author_flair_text_color": null, "permalink": "/r/AskHistorians/comments/k5uo6e/how_is_monsterlooking_masks_bizarrely_designed/", "whitelist_status": "all_ads", "stickied": false, "url": "https://www.reddit.com/r/AskHistorians/comments/k5uo6e/how_is_monsterlooking_masks_bizarrely_designed/", "subreddit_subscribers": 1307292, "created_utc": 1606990688.0, "num_crossposts": 0, "mod_reports": [], "is_video": false}}], "after": null, "before": null}}, {"kind": "Listing", "data": {"modhash": "", "dist": null, "children": [{"kind": "t1", "data": {"total_awards_received": 0, "approved_at_utc": null, "comment_type": null, "awarders": [], "mod_reason_by": null, "banned_by": null, "ups": 1, "author_flair_type": "richtext", "removal_reason": null, "link_id": "t3_k5uo6e", "author_flair_template_id": "9e641f94-c626-11e2-8e2c-12313b0b21ae", "likes": null, "replies": "", "user_reports": [], "saved": false, "id": "geh2or5", "banned_at_utc": null, "mod_reason_title": null, "gilded": 0, "archived": false, "no_follow": true, "author": "AutoModerator", "can_mod_post": false, "send_replies": false, "parent_id": "t3_k5uo6e", "score": 1, "author_fullname": "t2_6l4z3", "report_reasons": null, "approved_by": null, "all_awardings": [], "subreddit_id": "t5_2ssp3", "body": "Welcome to /r/AskHistorians. **Please [Read Our Rules](https://www.reddit.com/r/AskHistorians/wiki/rules) before you comment in this community**. Understand that [rule breaking comments get removed](https://www.reddit.com/r/AskHistorians/comments/h8aefx/rules_roundtable_xviii_removed_curation_and_why/).\n\n#Please consider **[Clicking Here for RemindMeBot](https://www.reddit.com/message/compose/?to=RemindMeBot&amp;subject=Reminder&amp;message=%5Bhttps://www.reddit.com/r/AskHistorians/comments/k5uo6e/how_is_monsterlooking_masks_bizarrely_designed/%5D%0A%0ARemindMe!%202%20days)** as it takes time for an answer to be written. \n\nWe thank you for your interest in this *question*, and your patience in waiting for an in-depth and comprehensive answer to show up. In addition to RemindMeBot, consider [using our Browser Extension](https://www.reddit.com/r/AskHistorians/comments/d6dzi7/tired_of_clicking_to_find_only_removed_comments/), or getting the [Weekly Roundup](https://www.reddit.com/message/compose?to=subredditsummarybot&amp;subject=askhistorians+weekly&amp;message=x). In the meantime our [Twitter](https://twitter.com/askhistorians), [Facebook](https://www.facebook.com/askhistorians/), and [Sunday Digest](https://www.reddit.com/r/AskHistorians/search?q=title%3A%22Sunday+Digest%22&amp;restrict_sr=on&amp;sort=new&amp;t=all) feature excellent content that has already been written!\n\n\n*I am a bot, and this action was performed automatically. Please [contact the moderators of this subreddit](/message/compose/?to=/r/AskHistorians) if you have any questions or concerns.*", "edited": false, "downs": 0, "author_flair_css_class": null, "is_submitter": false, "collapsed": false, "author_flair_richtext": [{"e": "text", "t": "History of Robotics"}], "author_patreon_flair": false, "body_html": "&lt;div class=\"md\"&gt;&lt;p&gt;Welcome to &lt;a href=\"/r/AskHistorians\"&gt;/r/AskHistorians&lt;/a&gt;. &lt;strong&gt;Please &lt;a href=\"https://www.reddit.com/r/AskHistorians/wiki/rules\"&gt;Read Our Rules&lt;/a&gt; before you comment in this community&lt;/strong&gt;. Understand that &lt;a href=\"https://www.reddit.com/r/AskHistorians/comments/h8aefx/rules_roundtable_xviii_removed_curation_and_why/\"&gt;rule breaking comments get removed&lt;/a&gt;.&lt;/p&gt;\n\n&lt;h1&gt;Please consider &lt;strong&gt;&lt;a href=\"https://www.reddit.com/message/compose/?to=RemindMeBot&amp;amp;subject=Reminder&amp;amp;message=%5Bhttps://www.reddit.com/r/AskHistorians/comments/k5uo6e/how_is_monsterlooking_masks_bizarrely_designed/%5D%0A%0ARemindMe!%202%20days\"&gt;Clicking Here for RemindMeBot&lt;/a&gt;&lt;/strong&gt; as it takes time for an answer to be written.&lt;/h1&gt;\n\n&lt;p&gt;We thank you for your interest in this &lt;em&gt;question&lt;/em&gt;, and your patience in waiting for an in-depth and comprehensive answer to show up. In addition to RemindMeBot, consider &lt;a href=\"https://www.reddit.com/r/AskHistorians/comments/d6dzi7/tired_of_clicking_to_find_only_removed_comments/\"&gt;using our Browser Extension&lt;/a&gt;, or getting the &lt;a href=\"https://www.reddit.com/message/compose?to=subredditsummarybot&amp;amp;subject=askhistorians+weekly&amp;amp;message=x\"&gt;Weekly Roundup&lt;/a&gt;. In the meantime our &lt;a href=\"https://twitter.com/askhistorians\"&gt;Twitter&lt;/a&gt;, &lt;a href=\"https://www.facebook.com/askhistorians/\"&gt;Facebook&lt;/a&gt;, and &lt;a href=\"https://www.reddit.com/r/AskHistorians/search?q=title%3A%22Sunday+Digest%22&amp;amp;restrict_sr=on&amp;amp;sort=new&amp;amp;t=all\"&gt;Sunday Digest&lt;/a&gt; feature excellent content that has already been written!&lt;/p&gt;\n\n&lt;p&gt;&lt;em&gt;I am a bot, and this action was performed automatically. Please &lt;a href=\"/message/compose/?to=/r/AskHistorians\"&gt;contact the moderators of this subreddit&lt;/a&gt; if you have any questions or concerns.&lt;/em&gt;&lt;/p&gt;\n&lt;/div&gt;", "gildings": {}, "collapsed_reason": null, "associated_award": null, "stickied": true, "author_premium": true, "subreddit_type": "public", "can_gild": true, "top_awarded_type": null, "author_flair_text_color": "light", "score_hidden": true, "permalink": "/r/AskHistorians/comments/k5uo6e/how_is_monsterlooking_masks_bizarrely_designed/geh2or5/", "num_reports": null, "locked": true, "name": "t1_geh2or5", "created": 1607019489.0, "subreddit": "AskHistorians", "author_flair_text": "History of Robotics", "treatment_tags": [], "created_utc": 1606990689.0, "subreddit_name_prefixed": "r/AskHistorians", "controversiality": 0, "depth": 0, "author_flair_background_color": "#993366", "collapsed_because_crowd_control": null, "mod_reports": [], "mod_note": null, "distinguished": "moderator"}}], "after": null, "before": null}}]