[{"kind": "Listing", "data": {"modhash": "", "dist": 1, "children": [{"kind": "t3", "data": {"approved_at_utc": null, "subreddit": "AskHistorians", "selftext": "[removed]", "user_reports": [], "saved": false, "mod_reason_title": null, "gilded": 0, "clicked": false, "title": "What are the Characteristics,Standouts and Tactics employed in Industrial Warfare?", "link_flair_richtext": [], "subreddit_name_prefixed": "r/AskHistorians", "hidden": false, "pwls": 6, "link_flair_css_class": null, "downs": 0, "parent_whitelist_status": "all_ads", "hide_score": false, "name": "t3_bjatwi", "quarantine": false, "link_flair_text_color": "dark", "upvote_ratio": 0.67, "author_flair_background_color": null, "subreddit_type": "public", "ups": 2, "total_awards_received": 0, "media_embed": {}, "author_flair_template_id": null, "is_original_content": false, "author_fullname": "t2_u3866gb", "secure_media": null, "is_reddit_media_domain": false, "is_meta": false, "category": null, "secure_media_embed": {}, "link_flair_text": null, "can_mod_post": false, "score": 2, "approved_by": null, "thumbnail": "", "edited": false, "author_flair_css_class": null, "author_flair_richtext": [], "gildings": {}, "content_categories": null, "is_self": true, "mod_note": null, "created": 1556698902.0, "link_flair_type": "text", "wls": 6, "banned_by": null, "author_flair_type": "text", "domain": "self.AskHistorians", "selftext_html": "&lt;!-- SC_OFF --&gt;&lt;div class=\"md\"&gt;&lt;p&gt;[removed]&lt;/p&gt;\n&lt;/div&gt;&lt;!-- SC_ON --&gt;", "likes": null, "suggested_sort": null, "banned_at_utc": null, "view_count": null, "archived": false, "no_follow": false, "is_crosspostable": false, "pinned": false, "over_18": false, "all_awardings": [], "media": null, "media_only": false, "can_gild": false, "spoiler": false, "locked": false, "author_flair_text": null, "visited": false, "num_reports": null, "distinguished": null, "subreddit_id": "t5_2ssp3", "mod_reason_by": null, "removal_reason": null, "link_flair_background_color": "", "id": "bjatwi", "is_robot_indexable": false, "report_reasons": null, "author": "foRime-", "num_crossposts": 0, "num_comments": 1, "send_replies": true, "contest_mode": false, "author_patreon_flair": false, "author_flair_text_color": null, "permalink": "/r/AskHistorians/comments/bjatwi/what_are_the_characteristicsstandouts_and_tactics/", "whitelist_status": "all_ads", "stickied": false, "url": "https://www.reddit.com/r/AskHistorians/comments/bjatwi/what_are_the_characteristicsstandouts_and_tactics/", "subreddit_subscribers": 965009, "created_utc": 1556670102.0, "mod_reports": [], "is_video": false}}], "after": null, "before": null}}, {"kind": "Listing", "data": {"modhash": "", "dist": null, "children": [{"kind": "t1", "data": {"total_awards_received": 0, "approved_at_utc": null, "ups": 1, "mod_reason_by": null, "banned_by": null, "author_flair_type": "richtext", "removal_reason": null, "link_id": "t3_bjatwi", "author_flair_template_id": "9e641f94-c626-11e2-8e2c-12313b0b21ae", "likes": null, "no_follow": true, "replies": "", "user_reports": [], "saved": false, "id": "em6sk0u", "banned_at_utc": null, "mod_reason_title": null, "gilded": 0, "archived": false, "report_reasons": null, "author": "jschooltiger", "can_mod_post": false, "send_replies": true, "parent_id": "t3_bjatwi", "score": 1, "author_fullname": "t2_96gqp", "approved_by": null, "all_awardings": [], "subreddit_id": "t5_2ssp3", "body": "Hi there - unfortunately we have had to remove your question, because [/r/AskHistorians isn't here to do your homework for you](https://www.reddit.com/r/AskHistorians/wiki/rules#wiki_homework). However, our rules DO permit people to ask for help with their homework, so long as they are seeking clarification or resources, rather than the answer itself. \n\nIf you have indeed asked a homework question, you should consider resubmitting a question more focused on finding resources and seeking clarification on confusing issues: tell us what you've researched so far, what resources you've consulted, and what you've learned, and we are more likely to approve your question. Please see this [Rules Roundtable](https://www.reddit.com/r/AskHistorians/comments/4cb022/rules_roundtable_8_the_raskhistorians_homework/) thread for more information on what makes for the kind of homework question we'd approve. Additionally, if you're not sure where to start in terms of finding and understanding sources in general, we have a six-part series, \"[Finding and Understanding Sources](https://www.reddit.com/r/AskHistorians/wiki/theory#wiki_monday_methods.3A_finding_and_understanding_sources)\", which has a wealth of information that may be useful for finding and understanding information for your essay. Finally, other subreddits are likely to be more suitable for help with homework - try looking for help at /r/HomeworkHelp. \n\nAlternatively, if you are not a student and are not doing homework, we have removed your question because it resembled a homework question. It may resemble a common essay question from a prominent history syllabus or may be worded in a broad, open-ended way that feels like the kind of essay question that a professor would set. Professors often word essay questions in order to provide the student with a platform to show how much they understand a topic, and these questions are typically broader and more interested in interpretations and delineating between historical theories than the average /r/AskHistorians question. If your non-homework question was incorrectly removed for this reason, we will be happy to approve your question if you **wait for 7 days** and then ask a less open-ended question on the same topic.", "edited": false, "author_flair_css_class": "moderator", "is_submitter": false, "downs": 0, "author_flair_richtext": [{"e": "text", "t": "Moderator | Shipbuilding and Logistics | British Navy 1770-1830"}], "author_patreon_flair": false, "collapsed_reason": null, "body_html": "&lt;div class=\"md\"&gt;&lt;p&gt;Hi there - unfortunately we have had to remove your question, because &lt;a href=\"https://www.reddit.com/r/AskHistorians/wiki/rules#wiki_homework\"&gt;/r/AskHistorians isn&amp;#39;t here to do your homework for you&lt;/a&gt;. However, our rules DO permit people to ask for help with their homework, so long as they are seeking clarification or resources, rather than the answer itself. &lt;/p&gt;\n\n&lt;p&gt;If you have indeed asked a homework question, you should consider resubmitting a question more focused on finding resources and seeking clarification on confusing issues: tell us what you&amp;#39;ve researched so far, what resources you&amp;#39;ve consulted, and what you&amp;#39;ve learned, and we are more likely to approve your question. Please see this &lt;a href=\"https://www.reddit.com/r/AskHistorians/comments/4cb022/rules_roundtable_8_the_raskhistorians_homework/\"&gt;Rules Roundtable&lt;/a&gt; thread for more information on what makes for the kind of homework question we&amp;#39;d approve. Additionally, if you&amp;#39;re not sure where to start in terms of finding and understanding sources in general, we have a six-part series, &amp;quot;&lt;a href=\"https://www.reddit.com/r/AskHistorians/wiki/theory#wiki_monday_methods.3A_finding_and_understanding_sources\"&gt;Finding and Understanding Sources&lt;/a&gt;&amp;quot;, which has a wealth of information that may be useful for finding and understanding information for your essay. Finally, other subreddits are likely to be more suitable for help with homework - try looking for help at &lt;a href=\"/r/HomeworkHelp\"&gt;/r/HomeworkHelp&lt;/a&gt;. &lt;/p&gt;\n\n&lt;p&gt;Alternatively, if you are not a student and are not doing homework, we have removed your question because it resembled a homework question. It may resemble a common essay question from a prominent history syllabus or may be worded in a broad, open-ended way that feels like the kind of essay question that a professor would set. Professors often word essay questions in order to provide the student with a platform to show how much they understand a topic, and these questions are typically broader and more interested in interpretations and delineating between historical theories than the average &lt;a href=\"/r/AskHistorians\"&gt;/r/AskHistorians&lt;/a&gt; question. If your non-homework question was incorrectly removed for this reason, we will be happy to approve your question if you &lt;strong&gt;wait for 7 days&lt;/strong&gt; and then ask a less open-ended question on the same topic.&lt;/p&gt;\n&lt;/div&gt;", "stickied": false, "subreddit_type": "public", "can_gild": true, "gildings": {}, "author_flair_text_color": "light", "score_hidden": false, "permalink": "/r/AskHistorians/comments/bjatwi/what_are_the_characteristicsstandouts_and_tactics/em6sk0u/", "num_reports": null, "locked": false, "name": "t1_em6sk0u", "created": 1556701791.0, "subreddit": "AskHistorians", "author_flair_text": "Moderator | Shipbuilding and Logistics | British Navy 1770-1830", "collapsed": false, "created_utc": 1556672991.0, "subreddit_name_prefixed": "r/AskHistorians", "controversiality": 0, "depth": 0, "author_flair_background_color": "#8b008b", "mod_reports": [], "mod_note": null, "distinguished": "moderator"}}], "after": null, "before": null}}]