[{"kind": "Listing", "data": {"modhash": "", "dist": 1, "children": [{"kind": "t3", "data": {"approved_at_utc": null, "subreddit": "AskHistorians", "selftext": "Coming with large influx in media attention focussed on the Japanese royal family (for obvious reasons) these days, the dutch media mentioned an interesting tidbit:\nthat both the dutch and Japanese royal family have had very warm personal relations with each other for some decades by now. That this goes apparently further than just courtesy shows in the fact that the troubled crown princes Masako made a very rare official trip abroad to visit king Willem Alexander's coronation back in 2013\n\nhttps://gpdhome.typepad.com/royalblognl_news_summary/2014/08/special-bond-between-dutch-king-and-queen-and-japans-imperial-family.html\n\nThis link contains some English information regarding the claim. Interestingly enough they do indeed mention that this warm family bond was already existing in the early 90s. What makes this warm relationship especially interesting is the fact that Japan and The Netherlands had quite the complicated past together due to WW2 and the internment of dutch people in Indonesia during said war. One could wonder how, in spite of this, such warm relations between the royal families could actually  become a thing and where they originate from.", "user_reports": [], "saved": false, "mod_reason_title": null, "gilded": 0, "clicked": false, "title": "What is the origin of the friendship between the Japanese and dutch royal family?", "link_flair_richtext": [], "subreddit_name_prefixed": "r/AskHistorians", "hidden": false, "pwls": 6, "link_flair_css_class": null, "downs": 0, "parent_whitelist_status": "all_ads", "hide_score": false, "name": "t3_bje4lz", "quarantine": false, "link_flair_text_color": "dark", "upvote_ratio": 0.81, "author_flair_background_color": null, "subreddit_type": "public", "ups": 3, "total_awards_received": 0, "media_embed": {}, "author_flair_template_id": null, "is_original_content": false, "author_fullname": "t2_95pg39e", "secure_media": null, "is_reddit_media_domain": false, "is_meta": false, "category": null, "secure_media_embed": {}, "link_flair_text": null, "can_mod_post": false, "score": 3, "approved_by": null, "thumbnail": "", "edited": false, "author_flair_css_class": null, "author_flair_richtext": [], "gildings": {}, "content_categories": null, "is_self": true, "mod_note": null, "created": 1556722002.0, "link_flair_type": "text", "wls": 6, "banned_by": null, "author_flair_type": "text", "domain": "self.AskHistorians", "selftext_html": "&lt;!-- SC_OFF --&gt;&lt;div class=\"md\"&gt;&lt;p&gt;Coming with large influx in media attention focussed on the Japanese royal family (for obvious reasons) these days, the dutch media mentioned an interesting tidbit:\nthat both the dutch and Japanese royal family have had very warm personal relations with each other for some decades by now. That this goes apparently further than just courtesy shows in the fact that the troubled crown princes Masako made a very rare official trip abroad to visit king Willem Alexander&amp;#39;s coronation back in 2013&lt;/p&gt;\n\n&lt;p&gt;&lt;a href=\"https://gpdhome.typepad.com/royalblognl_news_summary/2014/08/special-bond-between-dutch-king-and-queen-and-japans-imperial-family.html\"&gt;https://gpdhome.typepad.com/royalblognl_news_summary/2014/08/special-bond-between-dutch-king-and-queen-and-japans-imperial-family.html&lt;/a&gt;&lt;/p&gt;\n\n&lt;p&gt;This link contains some English information regarding the claim. Interestingly enough they do indeed mention that this warm family bond was already existing in the early 90s. What makes this warm relationship especially interesting is the fact that Japan and The Netherlands had quite the complicated past together due to WW2 and the internment of dutch people in Indonesia during said war. One could wonder how, in spite of this, such warm relations between the royal families could actually  become a thing and where they originate from.&lt;/p&gt;\n&lt;/div&gt;&lt;!-- SC_ON --&gt;", "likes": null, "suggested_sort": null, "banned_at_utc": null, "view_count": null, "archived": false, "no_follow": true, "is_crosspostable": false, "pinned": false, "over_18": false, "all_awardings": [], "media": null, "media_only": false, "can_gild": false, "spoiler": false, "locked": false, "author_flair_text": null, "visited": false, "num_reports": null, "distinguished": null, "subreddit_id": "t5_2ssp3", "mod_reason_by": null, "removal_reason": null, "link_flair_background_color": "", "id": "bje4lz", "is_robot_indexable": true, "report_reasons": null, "author": "Farokh_Bulsara", "num_crossposts": 0, "num_comments": 1, "send_replies": true, "contest_mode": false, "author_patreon_flair": false, "author_flair_text_color": null, "permalink": "/r/AskHistorians/comments/bje4lz/what_is_the_origin_of_the_friendship_between_the/", "whitelist_status": "all_ads", "stickied": false, "url": "https://www.reddit.com/r/AskHistorians/comments/bje4lz/what_is_the_origin_of_the_friendship_between_the/", "subreddit_subscribers": 965013, "created_utc": 1556693202.0, "mod_reports": [], "is_video": false}}], "after": null, "before": null}}, {"kind": "Listing", "data": {"modhash": "", "dist": null, "children": [], "after": null, "before": null}}]