[{"kind": "Listing", "data": {"modhash": "", "dist": 1, "children": [{"kind": "t3", "data": {"approved_at_utc": null, "subreddit": "AskHistorians", "selftext": "Is it true that allied soldiers didn't strap their helmets in WWII (specifically D-Day) and if so, why not?", "user_reports": [], "saved": false, "mod_reason_title": null, "gilded": 0, "clicked": false, "title": "Helmets on D-Day", "link_flair_richtext": [], "subreddit_name_prefixed": "r/AskHistorians", "hidden": false, "pwls": 6, "link_flair_css_class": null, "downs": 0, "parent_whitelist_status": "all_ads", "hide_score": false, "name": "t3_bjmsvw", "quarantine": false, "link_flair_text_color": "dark", "upvote_ratio": 1.0, "author_flair_background_color": null, "subreddit_type": "public", "ups": 7, "total_awards_received": 0, "media_embed": {}, "author_flair_template_id": null, "is_original_content": false, "author_fullname": "t2_2k4uvgqg", "secure_media": null, "is_reddit_media_domain": false, "is_meta": false, "category": null, "secure_media_embed": {}, "link_flair_text": null, "can_mod_post": false, "score": 7, "approved_by": null, "thumbnail": "", "edited": false, "author_flair_css_class": null, "author_flair_richtext": [], "gildings": {}, "content_categories": null, "is_self": true, "mod_note": null, "created": 1556775160.0, "link_flair_type": "text", "wls": 6, "banned_by": null, "author_flair_type": "text", "domain": "self.AskHistorians", "selftext_html": "&lt;!-- SC_OFF --&gt;&lt;div class=\"md\"&gt;&lt;p&gt;Is it true that allied soldiers didn&amp;#39;t strap their helmets in WWII (specifically D-Day) and if so, why not?&lt;/p&gt;\n&lt;/div&gt;&lt;!-- SC_ON --&gt;", "likes": null, "suggested_sort": null, "banned_at_utc": null, "view_count": null, "archived": false, "no_follow": true, "is_crosspostable": false, "pinned": false, "over_18": false, "all_awardings": [], "media": null, "media_only": false, "can_gild": false, "spoiler": false, "locked": false, "author_flair_text": null, "visited": false, "num_reports": null, "distinguished": null, "subreddit_id": "t5_2ssp3", "mod_reason_by": null, "removal_reason": null, "link_flair_background_color": "", "id": "bjmsvw", "is_robot_indexable": true, "report_reasons": null, "author": "vintageorbital", "num_crossposts": 0, "num_comments": 2, "send_replies": true, "contest_mode": false, "author_patreon_flair": false, "author_flair_text_color": null, "permalink": "/r/AskHistorians/comments/bjmsvw/helmets_on_dday/", "whitelist_status": "all_ads", "stickied": false, "url": "https://www.reddit.com/r/AskHistorians/comments/bjmsvw/helmets_on_dday/", "subreddit_subscribers": 965024, "created_utc": 1556746360.0, "mod_reports": [], "is_video": false}}], "after": null, "before": null}}, {"kind": "Listing", "data": {"modhash": "", "dist": null, "children": [{"kind": "t1", "data": {"total_awards_received": 0, "approved_at_utc": null, "ups": 16, "mod_reason_by": null, "banned_by": null, "author_flair_type": "richtext", "removal_reason": null, "link_id": "t3_bjmsvw", "author_flair_template_id": null, "likes": null, "no_follow": true, "replies": {"kind": "Listing", "data": {"modhash": "", "dist": null, "children": [{"kind": "t1", "data": {"total_awards_received": 0, "approved_at_utc": null, "ups": 1, "mod_reason_by": null, "banned_by": null, "author_flair_type": "text", "removal_reason": null, "link_id": "t3_bjmsvw", "author_flair_template_id": null, "likes": null, "no_follow": true, "replies": "", "user_reports": [], "saved": false, "id": "ema1z8p", "banned_at_utc": null, "mod_reason_title": null, "gilded": 0, "archived": false, "report_reasons": null, "author": "vintageorbital", "can_mod_post": false, "send_replies": true, "parent_id": "t1_em9okhr", "score": 1, "author_fullname": "t2_2k4uvgqg", "approved_by": null, "all_awardings": [], "subreddit_id": "t5_2ssp3", "body": "Thanks you so much", "edited": false, "author_flair_css_class": null, "is_submitter": true, "downs": 0, "author_flair_richtext": [], "author_patreon_flair": false, "collapsed_reason": null, "body_html": "&lt;div class=\"md\"&gt;&lt;p&gt;Thanks you so much&lt;/p&gt;\n&lt;/div&gt;", "stickied": false, "subreddit_type": "public", "can_gild": true, "gildings": {}, "author_flair_text_color": null, "score_hidden": false, "permalink": "/r/AskHistorians/comments/bjmsvw/helmets_on_dday/ema1z8p/", "num_reports": null, "locked": false, "name": "t1_ema1z8p", "created": 1556790023.0, "subreddit": "AskHistorians", "author_flair_text": null, "collapsed": false, "created_utc": 1556761223.0, "subreddit_name_prefixed": "r/AskHistorians", "controversiality": 0, "depth": 1, "author_flair_background_color": null, "mod_reports": [], "mod_note": null, "distinguished": null}}], "after": null, "before": null}}, "user_reports": [], "saved": false, "id": "em9okhr", "banned_at_utc": null, "mod_reason_title": null, "gilded": 0, "archived": false, "report_reasons": null, "author": "the_howling_cow", "can_mod_post": false, "send_replies": true, "parent_id": "t3_bjmsvw", "score": 16, "author_fullname": "t2_pbs83", "approved_by": null, "all_awardings": [], "subreddit_id": "t5_2ssp3", "body": "I answered a similar question to this [here](https://www.reddit.com/r/AskHistorians/comments/amrkxy/in_many_wwii_films_american_troops_are_shown/) but will repost it below. The commander of the 29th Infantry Division, Major General Charles H. Gerhardt, was a notorious stickler to the rules, and preferred that the chinstrap be fastened at all times. \n\n&gt; It was common for orders to be issued whereby the helmet was to be worn with the chin strap securely fastened either under the chin or on the point of the chin at all times, either out of neatness (even when not on parade) or to avoid losing the helmet in battle, exposing the soldier to the potential of (perceived needless) injury or death. One reason that was given for soldiers to not wear their helmets with the chin straps fastened was that the concussive blast from a nearby explosion would \"catch\" on the rim of the helmet and jerk their heads back violently, breaking their necks and killing them; this was recognized as a myth even during the war, but it still persists today for some reason. \n\n&gt; &gt; There was a twinkle in the eyes of some when they heard of the instructions which had come from First Army concerning helmet chin-straps; they were to be put up over the back of the helmet and never worn fastened under the chin. (In this Regiment it had been one of those unpardonable breeches [*sic*] of discipline to be seen with chinstraps not properly fastened). Theoretically this order had been originated in order to avoid broken necks resulting from the sudden upward jerk of helmets when the concussion of near bomb or shell hit it. Actually, no such case has ever been authenticated, and it is quite likely that more serious casualties resulted from loss of the helmet at a critical moment than would have from any such effects of the chinstrap.\n\n&gt; It was so pervasive that the Army developed a new chinstrap for the M1 helmet in September 1944, the [T1](https://imgur.com/a/FECr3Rq), which was designed to automatically unhook if fixed in the proper position and subject to a blast pressure of more than 15 pounds per square inch. [This would likely result in burst eardrums, and approaches the threshold for lung damage](https://www.cdc.gov/niosh/docket/archive/pdfs/NIOSH-125/125-ExplosionsandRefugeChambers.pdf) and it's likely that men close enough to an explosion to have their chinstraps unhook as designed would otherwise be killed anyway for other reasons. \n\n&gt; The 90th Infantry Division Preservation Group analyzed 2,500 photos of American troops from the Normandy campaign, and selected 90 photos that were felt to be representative of the conditions for all troops during that period and where the use of one or multiple M1 helmets could be clearly discerned. 247 helmets were analyzed.\n\nChinstrap state|Number|Percentage of total\n:--|:--|:--\nUp, and affixed across the back (nape) of the helmet|119|48.18%\nChinstraps not visible or not identifiable|64|25.91%\nDangling down at the sides of the helmet|15|6.07%\nFastened underneath the chin as designed|15|6.07%\nUp, attached/woven into a helmet net|14|5.67%\nPlaced in the back (nape) of the helmet, between the shell and liner|5|2.02%\nEntirely missing, torn, or cut off|3|1.21%", "edited": 1556984576.0, "author_flair_css_class": "military", "is_submitter": false, "downs": 0, "author_flair_richtext": [{"e": "text", "t": "United States Army in WWII"}], "author_patreon_flair": false, "collapsed_reason": null, "body_html": "&lt;div class=\"md\"&gt;&lt;p&gt;I answered a similar question to this &lt;a href=\"https://www.reddit.com/r/AskHistorians/comments/amrkxy/in_many_wwii_films_american_troops_are_shown/\"&gt;here&lt;/a&gt; but will repost it below. The commander of the 29th Infantry Division, Major General Charles H. Gerhardt, was a notorious stickler to the rules, and preferred that the chinstrap be fastened at all times. &lt;/p&gt;\n\n&lt;blockquote&gt;\n&lt;p&gt;It was common for orders to be issued whereby the helmet was to be worn with the chin strap securely fastened either under the chin or on the point of the chin at all times, either out of neatness (even when not on parade) or to avoid losing the helmet in battle, exposing the soldier to the potential of (perceived needless) injury or death. One reason that was given for soldiers to not wear their helmets with the chin straps fastened was that the concussive blast from a nearby explosion would &amp;quot;catch&amp;quot; on the rim of the helmet and jerk their heads back violently, breaking their necks and killing them; this was recognized as a myth even during the war, but it still persists today for some reason. &lt;/p&gt;\n\n&lt;blockquote&gt;\n&lt;p&gt;There was a twinkle in the eyes of some when they heard of the instructions which had come from First Army concerning helmet chin-straps; they were to be put up over the back of the helmet and never worn fastened under the chin. (In this Regiment it had been one of those unpardonable breeches [&lt;em&gt;sic&lt;/em&gt;] of discipline to be seen with chinstraps not properly fastened). Theoretically this order had been originated in order to avoid broken necks resulting from the sudden upward jerk of helmets when the concussion of near bomb or shell hit it. Actually, no such case has ever been authenticated, and it is quite likely that more serious casualties resulted from loss of the helmet at a critical moment than would have from any such effects of the chinstrap.&lt;/p&gt;\n&lt;/blockquote&gt;\n\n&lt;p&gt;It was so pervasive that the Army developed a new chinstrap for the M1 helmet in September 1944, the &lt;a href=\"https://imgur.com/a/FECr3Rq\"&gt;T1&lt;/a&gt;, which was designed to automatically unhook if fixed in the proper position and subject to a blast pressure of more than 15 pounds per square inch. &lt;a href=\"https://www.cdc.gov/niosh/docket/archive/pdfs/NIOSH-125/125-ExplosionsandRefugeChambers.pdf\"&gt;This would likely result in burst eardrums, and approaches the threshold for lung damage&lt;/a&gt; and it&amp;#39;s likely that men close enough to an explosion to have their chinstraps unhook as designed would otherwise be killed anyway for other reasons. &lt;/p&gt;\n\n&lt;p&gt;The 90th Infantry Division Preservation Group analyzed 2,500 photos of American troops from the Normandy campaign, and selected 90 photos that were felt to be representative of the conditions for all troops during that period and where the use of one or multiple M1 helmets could be clearly discerned. 247 helmets were analyzed.&lt;/p&gt;\n&lt;/blockquote&gt;\n\n&lt;table&gt;&lt;thead&gt;\n&lt;tr&gt;\n&lt;th align=\"left\"&gt;Chinstrap state&lt;/th&gt;\n&lt;th align=\"left\"&gt;Number&lt;/th&gt;\n&lt;th align=\"left\"&gt;Percentage of total&lt;/th&gt;\n&lt;/tr&gt;\n&lt;/thead&gt;&lt;tbody&gt;\n&lt;tr&gt;\n&lt;td align=\"left\"&gt;Up, and affixed across the back (nape) of the helmet&lt;/td&gt;\n&lt;td align=\"left\"&gt;119&lt;/td&gt;\n&lt;td align=\"left\"&gt;48.18%&lt;/td&gt;\n&lt;/tr&gt;\n&lt;tr&gt;\n&lt;td align=\"left\"&gt;Chinstraps not visible or not identifiable&lt;/td&gt;\n&lt;td align=\"left\"&gt;64&lt;/td&gt;\n&lt;td align=\"left\"&gt;25.91%&lt;/td&gt;\n&lt;/tr&gt;\n&lt;tr&gt;\n&lt;td align=\"left\"&gt;Dangling down at the sides of the helmet&lt;/td&gt;\n&lt;td align=\"left\"&gt;15&lt;/td&gt;\n&lt;td align=\"left\"&gt;6.07%&lt;/td&gt;\n&lt;/tr&gt;\n&lt;tr&gt;\n&lt;td align=\"left\"&gt;Fastened underneath the chin as designed&lt;/td&gt;\n&lt;td align=\"left\"&gt;15&lt;/td&gt;\n&lt;td align=\"left\"&gt;6.07%&lt;/td&gt;\n&lt;/tr&gt;\n&lt;tr&gt;\n&lt;td align=\"left\"&gt;Up, attached/woven into a helmet net&lt;/td&gt;\n&lt;td align=\"left\"&gt;14&lt;/td&gt;\n&lt;td align=\"left\"&gt;5.67%&lt;/td&gt;\n&lt;/tr&gt;\n&lt;tr&gt;\n&lt;td align=\"left\"&gt;Placed in the back (nape) of the helmet, between the shell and liner&lt;/td&gt;\n&lt;td align=\"left\"&gt;5&lt;/td&gt;\n&lt;td align=\"left\"&gt;2.02%&lt;/td&gt;\n&lt;/tr&gt;\n&lt;tr&gt;\n&lt;td align=\"left\"&gt;Entirely missing, torn, or cut off&lt;/td&gt;\n&lt;td align=\"left\"&gt;3&lt;/td&gt;\n&lt;td align=\"left\"&gt;1.21%&lt;/td&gt;\n&lt;/tr&gt;\n&lt;/tbody&gt;&lt;/table&gt;\n&lt;/div&gt;", "stickied": false, "subreddit_type": "public", "can_gild": true, "gildings": {}, "author_flair_text_color": "dark", "score_hidden": false, "permalink": "/r/AskHistorians/comments/bjmsvw/helmets_on_dday/em9okhr/", "num_reports": null, "locked": false, "name": "t1_em9okhr", "created": 1556780854.0, "subreddit": "AskHistorians", "author_flair_text": "United States Army in WWII", "collapsed": false, "created_utc": 1556752054.0, "subreddit_name_prefixed": "r/AskHistorians", "controversiality": 0, "depth": 0, "author_flair_background_color": "", "mod_reports": [], "mod_note": null, "distinguished": null}}], "after": null, "before": null}}]