[{"kind": "Listing", "data": {"modhash": "", "dist": 1, "children": [{"kind": "t3", "data": {"approved_at_utc": null, "subreddit": "AskHistorians", "selftext": "In the world cup of 1966, the Union Jack can be seen waved everywhere among England\u2019s fans. Nowadays, it\u2019s the white flag with the St. George\u2019s Cross that the fans are waving. When and why did this switch occur?", "user_reports": [], "saved": false, "mod_reason_title": null, "gilded": 0, "clicked": false, "title": "Why/When did fans of England\u2019s national football team start waving the St. George Cross instead of the Union Jack?", "link_flair_richtext": [], "subreddit_name_prefixed": "r/AskHistorians", "hidden": false, "pwls": 6, "link_flair_css_class": null, "downs": 0, "parent_whitelist_status": "all_ads", "hide_score": false, "name": "t3_8vnas9", "quarantine": false, "link_flair_text_color": "dark", "upvote_ratio": 0.71, "author_flair_background_color": null, "subreddit_type": "public", "ups": 4, "domain": "self.AskHistorians", "media_embed": {}, "author_flair_template_id": null, "is_original_content": false, "secure_media": null, "is_reddit_media_domain": false, "is_meta": false, "category": null, "secure_media_embed": {}, "link_flair_text": null, "can_mod_post": false, "score": 4, "approved_by": null, "thumbnail": "", "edited": 1530689628.0, "author_flair_css_class": null, "author_flair_richtext": [], "content_categories": null, "is_self": true, "mod_note": null, "created": 1530602653.0, "link_flair_type": "text", "wls": 6, "banned_by": null, "author_flair_type": "text", "contest_mode": false, "selftext_html": "&lt;!-- SC_OFF --&gt;&lt;div class=\"md\"&gt;&lt;p&gt;In the world cup of 1966, the Union Jack can be seen waved everywhere among England\u2019s fans. Nowadays, it\u2019s the white flag with the St. George\u2019s Cross that the fans are waving. When and why did this switch occur?&lt;/p&gt;\n&lt;/div&gt;&lt;!-- SC_ON --&gt;", "likes": null, "suggested_sort": null, "banned_at_utc": null, "view_count": null, "archived": false, "no_follow": false, "is_crosspostable": false, "pinned": false, "over_18": false, "media": null, "media_only": false, "link_flair_template_id": null, "can_gild": false, "spoiler": false, "locked": false, "author_flair_text": null, "visited": false, "num_reports": null, "distinguished": null, "subreddit_id": "t5_2ssp3", "mod_reason_by": null, "removal_reason": null, "link_flair_background_color": "", "id": "8vnas9", "report_reasons": null, "author": "Xeluc", "num_crossposts": 0, "num_comments": 2, "send_replies": true, "author_flair_text_color": null, "permalink": "/r/AskHistorians/comments/8vnas9/whywhen_did_fans_of_englands_national_football/", "whitelist_status": "all_ads", "stickied": false, "url": "https://www.reddit.com/r/AskHistorians/comments/8vnas9/whywhen_did_fans_of_englands_national_football/", "subreddit_subscribers": 790841, "created_utc": 1530573853.0, "mod_reports": [], "is_video": false}}], "after": null, "before": null}}, {"kind": "Listing", "data": {"modhash": "", "dist": null, "children": [{"kind": "t1", "data": {"subreddit_id": "t5_2ssp3", "approved_at_utc": null, "ups": 1, "mod_reason_by": null, "banned_by": null, "author_flair_type": "text", "removal_reason": null, "link_id": "t3_8vnas9", "author_flair_template_id": null, "likes": null, "no_follow": true, "replies": "", "user_reports": [], "saved": false, "id": "e1r60xt", "banned_at_utc": null, "mod_reason_title": null, "gilded": 0, "archived": false, "report_reasons": null, "author": "33242", "can_mod_post": false, "send_replies": true, "parent_id": "t3_8vnas9", "score": 1, "approved_by": null, "downs": 0, "body": "Great Britain, the country which comprises England, Scotland, and Wales, uses the Union Jack as its official flag.  For FIFA football matches, however, Great Britain does not compete.  Rather, England, Scotland, and Wales all have national teams using their respective flags and have since they started playing in FIFA.  England\u2019s flag is the St. George\u2019s Cross, which is used to designate England in FIFA matches.", "edited": false, "author_flair_css_class": null, "collapsed": false, "author_flair_richtext": [], "is_submitter": false, "collapsed_reason": null, "body_html": "&lt;div class=\"md\"&gt;&lt;p&gt;Great Britain, the country which comprises England, Scotland, and Wales, uses the Union Jack as its official flag.  For FIFA football matches, however, Great Britain does not compete.  Rather, England, Scotland, and Wales all have national teams using their respective flags and have since they started playing in FIFA.  England\u2019s flag is the St. George\u2019s Cross, which is used to designate England in FIFA matches.&lt;/p&gt;\n&lt;/div&gt;", "stickied": false, "subreddit_type": "public", "can_gild": true, "subreddit": "AskHistorians", "author_flair_text_color": null, "score_hidden": false, "permalink": "/r/AskHistorians/comments/8vnas9/whywhen_did_fans_of_englands_national_football/e1r60xt/", "num_reports": null, "name": "t1_e1r60xt", "created": 1530697061.0, "author_flair_text": null, "created_utc": 1530668261.0, "subreddit_name_prefixed": "r/AskHistorians", "controversiality": 0, "depth": 0, "author_flair_background_color": null, "mod_reports": [], "mod_note": null, "distinguished": null}}], "after": null, "before": null}}]