[{"kind": "Listing", "data": {"modhash": "", "dist": 1, "children": [{"kind": "t3", "data": {"approved_at_utc": null, "subreddit": "AskHistorians", "selftext": "[deleted]", "user_reports": [], "saved": false, "mod_reason_title": null, "gilded": 0, "clicked": false, "title": "Why are the jihads mainly overlooked compared to the crusades?", "link_flair_richtext": [], "subreddit_name_prefixed": "r/AskHistorians", "hidden": false, "pwls": 6, "link_flair_css_class": null, "downs": 0, "parent_whitelist_status": "all_ads", "hide_score": false, "name": "t3_8vqz95", "quarantine": false, "link_flair_text_color": "dark", "upvote_ratio": 0.27, "author_flair_background_color": "", "subreddit_type": "public", "ups": 0, "domain": "self.AskHistorians", "media_embed": {}, "author_flair_template_id": null, "is_original_content": false, "secure_media": null, "is_reddit_media_domain": false, "is_meta": false, "category": null, "secure_media_embed": {}, "link_flair_text": null, "can_mod_post": false, "score": 0, "approved_by": null, "thumbnail": "", "edited": false, "author_flair_css_class": null, "content_categories": null, "is_self": true, "mod_note": null, "created": 1530640676.0, "link_flair_type": "text", "wls": 6, "banned_by": null, "contest_mode": false, "selftext_html": "&lt;!-- SC_OFF --&gt;&lt;div class=\"md\"&gt;&lt;p&gt;[deleted]&lt;/p&gt;\n&lt;/div&gt;&lt;!-- SC_ON --&gt;", "likes": null, "suggested_sort": null, "banned_at_utc": null, "view_count": null, "archived": false, "no_follow": true, "is_crosspostable": false, "pinned": false, "over_18": false, "media": null, "media_only": false, "link_flair_template_id": null, "can_gild": false, "spoiler": false, "locked": false, "author_flair_text": null, "visited": false, "num_reports": null, "distinguished": null, "subreddit_id": "t5_2ssp3", "mod_reason_by": null, "removal_reason": null, "link_flair_background_color": "", "id": "8vqz95", "report_reasons": null, "author": "[deleted]", "num_crossposts": 0, "num_comments": 5, "send_replies": true, "author_flair_text_color": "dark", "permalink": "/r/AskHistorians/comments/8vqz95/why_are_the_jihads_mainly_overlooked_compared_to/", "whitelist_status": "all_ads", "stickied": false, "url": "https://www.reddit.com/r/AskHistorians/comments/8vqz95/why_are_the_jihads_mainly_overlooked_compared_to/", "subreddit_subscribers": 790843, "created_utc": 1530611876.0, "mod_reports": [], "is_video": false}}], "after": null, "before": null}}, {"kind": "Listing", "data": {"modhash": "", "dist": null, "children": [{"kind": "t1", "data": {"subreddit_id": "t5_2ssp3", "approved_at_utc": null, "ups": 6, "mod_reason_by": null, "banned_by": null, "author_flair_type": "text", "removal_reason": null, "link_id": "t3_8vqz95", "author_flair_template_id": null, "likes": null, "no_follow": true, "replies": {"kind": "Listing", "data": {"modhash": "", "dist": null, "children": [{"kind": "t1", "data": {"subreddit_id": "t5_2ssp3", "approved_at_utc": null, "ups": 2, "mod_reason_by": null, "banned_by": null, "author_flair_type": "text", "removal_reason": null, "link_id": "t3_8vqz95", "author_flair_template_id": null, "likes": null, "no_follow": true, "replies": "", "user_reports": [], "saved": false, "id": "e1q6y5l", "banned_at_utc": null, "mod_reason_title": null, "gilded": 0, "archived": false, "report_reasons": null, "author": "textandtrowel", "can_mod_post": false, "send_replies": true, "parent_id": "t1_e1pph79", "score": 2, "approved_by": null, "downs": 0, "body": "&gt; The actual causes of those expansions are complex and not entirely agreed on (particularly whether they should be framed as \"Arab\" or \"Islamic\" conquests)\n\nVery well said on all points. I recently happened on this excellent video by Robert Hoyland, explaining why he prefers to discuss [Arab conquests](https://www.youtube.com/watch?v=7C7R_hgmL5w) rather than Islamic conquests or (worse yet) jihad. In just about a minute, he debunks many common assumptions about the conflicts in which the first caliphate was forged.\n\nI heartily second both of your recommendations: Hoyland's *In God's Path* and Donner's *Muhammad and the Believers*. To these, I might add Peter M. Holt, *The Age of the Crusades: The Near East from the Eleventh Century to 1517* (London: Longman, 1986). Although somewhat dated, Holt still provides a reliable perspective on the Crusades through the eyes of a scholar of the Near East. While the Crusades seem to have been an extraordinary effort for Western Europeans, they were a sideshow next to the more important rise and fall of the Mamluk sultanate. Holt argues that while the Frankish Crusader states were sometimes a nuisance that obstructed political unification, even Saladin could find these states useful, as in his decision to preserve these states as a buffer between his rule in Egypt and that of Nur al-Din in Syria in 1170.", "edited": false, "author_flair_css_class": "archaeology", "collapsed": false, "author_flair_richtext": [], "is_submitter": false, "collapsed_reason": null, "body_html": "&lt;div class=\"md\"&gt;&lt;blockquote&gt;\n&lt;p&gt;The actual causes of those expansions are complex and not entirely agreed on (particularly whether they should be framed as &amp;quot;Arab&amp;quot; or &amp;quot;Islamic&amp;quot; conquests)&lt;/p&gt;\n&lt;/blockquote&gt;\n\n&lt;p&gt;Very well said on all points. I recently happened on this excellent video by Robert Hoyland, explaining why he prefers to discuss &lt;a href=\"https://www.youtube.com/watch?v=7C7R_hgmL5w\"&gt;Arab conquests&lt;/a&gt; rather than Islamic conquests or (worse yet) jihad. In just about a minute, he debunks many common assumptions about the conflicts in which the first caliphate was forged.&lt;/p&gt;\n\n&lt;p&gt;I heartily second both of your recommendations: Hoyland&amp;#39;s &lt;em&gt;In God&amp;#39;s Path&lt;/em&gt; and Donner&amp;#39;s &lt;em&gt;Muhammad and the Believers&lt;/em&gt;. To these, I might add Peter M. Holt, &lt;em&gt;The Age of the Crusades: The Near East from the Eleventh Century to 1517&lt;/em&gt; (London: Longman, 1986). Although somewhat dated, Holt still provides a reliable perspective on the Crusades through the eyes of a scholar of the Near East. While the Crusades seem to have been an extraordinary effort for Western Europeans, they were a sideshow next to the more important rise and fall of the Mamluk sultanate. Holt argues that while the Frankish Crusader states were sometimes a nuisance that obstructed political unification, even Saladin could find these states useful, as in his decision to preserve these states as a buffer between his rule in Egypt and that of Nur al-Din in Syria in 1170.&lt;/p&gt;\n&lt;/div&gt;", "stickied": false, "subreddit_type": "public", "can_gild": true, "subreddit": "AskHistorians", "author_flair_text_color": "dark", "score_hidden": false, "permalink": "/r/AskHistorians/comments/8vqz95/why_are_the_jihads_mainly_overlooked_compared_to/e1q6y5l/", "num_reports": null, "name": "t1_e1q6y5l", "created": 1530666044.0, "author_flair_text": "Early Medieval Slavery", "created_utc": 1530637244.0, "subreddit_name_prefixed": "r/AskHistorians", "controversiality": 0, "depth": 1, "author_flair_background_color": "", "mod_reports": [], "mod_note": null, "distinguished": null}}, {"kind": "t1", "data": {"subreddit_id": "t5_2ssp3", "approved_at_utc": null, "ups": 2, "mod_reason_by": null, "banned_by": null, "author_flair_type": "text", "removal_reason": null, "link_id": "t3_8vqz95", "author_flair_template_id": null, "likes": null, "no_follow": true, "replies": {"kind": "Listing", "data": {"modhash": "", "dist": null, "children": [{"kind": "t1", "data": {"subreddit_id": "t5_2ssp3", "approved_at_utc": null, "ups": 1, "mod_reason_by": null, "banned_by": null, "author_flair_type": "text", "removal_reason": null, "link_id": "t3_8vqz95", "author_flair_template_id": null, "likes": null, "no_follow": true, "replies": "", "user_reports": [], "saved": false, "id": "e1qjzzy", "banned_at_utc": null, "mod_reason_title": null, "gilded": 0, "archived": false, "report_reasons": null, "author": "lcnielsen", "can_mod_post": false, "send_replies": true, "parent_id": "t1_e1qhtya", "score": 1, "approved_by": null, "downs": 0, "body": "Haven't read that one, it sounds interesting! Thanks!", "edited": false, "author_flair_css_class": null, "collapsed": false, "author_flair_richtext": [], "is_submitter": false, "collapsed_reason": null, "body_html": "&lt;div class=\"md\"&gt;&lt;p&gt;Haven&amp;#39;t read that one, it sounds interesting! Thanks!&lt;/p&gt;\n&lt;/div&gt;", "stickied": false, "subreddit_type": "public", "can_gild": true, "subreddit": "AskHistorians", "author_flair_text_color": null, "score_hidden": false, "permalink": "/r/AskHistorians/comments/8vqz95/why_are_the_jihads_mainly_overlooked_compared_to/e1qjzzy/", "num_reports": null, "name": "t1_e1qjzzy", "created": 1530676469.0, "author_flair_text": null, "created_utc": 1530647669.0, "subreddit_name_prefixed": "r/AskHistorians", "controversiality": 0, "depth": 2, "author_flair_background_color": null, "mod_reports": [], "mod_note": null, "distinguished": null}}], "after": null, "before": null}}, "user_reports": [], "saved": false, "id": "e1qhtya", "banned_at_utc": null, "mod_reason_title": null, "gilded": 0, "archived": false, "report_reasons": null, "author": "Raaaghb", "can_mod_post": false, "send_replies": true, "parent_id": "t1_e1pph79", "score": 2, "approved_by": null, "downs": 0, "body": "Another new-ish book I would add to the list that addresses the question more directly (what were the Muslims doing during and around the Crusades) is Paul Cobb's *Race for Paradise*. He does an excellent job of integrating the crusades and counter-crusades with events taking place in Spain, North Africa, and Sicily to give a broader picture of the Mediterranean world in the 11th-13th centuries.", "edited": false, "author_flair_css_class": null, "collapsed": false, "author_flair_richtext": [], "is_submitter": false, "collapsed_reason": null, "body_html": "&lt;div class=\"md\"&gt;&lt;p&gt;Another new-ish book I would add to the list that addresses the question more directly (what were the Muslims doing during and around the Crusades) is Paul Cobb&amp;#39;s &lt;em&gt;Race for Paradise&lt;/em&gt;. He does an excellent job of integrating the crusades and counter-crusades with events taking place in Spain, North Africa, and Sicily to give a broader picture of the Mediterranean world in the 11th-13th centuries.&lt;/p&gt;\n&lt;/div&gt;", "stickied": false, "subreddit_type": "public", "can_gild": true, "subreddit": "AskHistorians", "author_flair_text_color": null, "score_hidden": false, "permalink": "/r/AskHistorians/comments/8vqz95/why_are_the_jihads_mainly_overlooked_compared_to/e1qhtya/", "num_reports": null, "name": "t1_e1qhtya", "created": 1530674791.0, "author_flair_text": null, "created_utc": 1530645991.0, "subreddit_name_prefixed": "r/AskHistorians", "controversiality": 0, "depth": 1, "author_flair_background_color": null, "mod_reports": [], "mod_note": null, "distinguished": null}}], "after": null, "before": null}}, "user_reports": [], "saved": false, "id": "e1pph79", "banned_at_utc": null, "mod_reason_title": null, "gilded": 0, "archived": false, "report_reasons": null, "author": "lcnielsen", "can_mod_post": false, "send_replies": true, "parent_id": "t3_8vqz95", "score": 6, "approved_by": null, "downs": 0, "body": "Hi! I think you need to be more specific in your question if you want a useful answer, and as the moderator reply indicates, probably frame it differently (the boring, very simple answer to why we in the West tend to focus more on European warfare is that Western history education is Eurocentric). While \"the crusades\" refer to a particular phenomenon (arguably too broad in its own right) of religious warfare, there is no series of wars known as \"the jihads\". You may be under the common misconception that \"jihad\" means \"holy war\". In fact, \"jihad\" means \"struggle\", and can refer to one struggling with adherence to their faith, to struggling for justice in your own society, and indeed, to waging war to expand \"the abode of Islam\" (Dar al-Islam).\n\nTwo things then make your question difficult to answer. One: Muslim leaders have framed conflicts in terms of \"jihad\" up to and including the present day. This does not directly correspond to anything in Christianity since the framework Islam works within is very different, but the idea behind it can perhaps be loosely compared to the legalistic musings of when warfare is acceptable published by the likes of Aquinas and Luther. This means that we could count as a \"jihad\" an absolute plethora of wars waged for many different reasons in every corner of the world. Even World War I was declared a holy war by the Ottoman Empire. Therefore, while \"jihad\" is useful as a _concept_, it's not useful as a category of warfare.\n\nTwo: I suspect that you are, per your timeframe, actually talking about the early Islamic conquest of Muhammad and his immediate successors, resulting in the vast realms of the Umayyad and 'Abassid empires. The problem you face here is simply that the theory of \"jihad\" as offensive warfare is only known to have existed from the very late 8th century. See a discussion here: https://www.reddit.com/r/AskHistorians/comments/2irrug/what_would_jihad_mean_to_early_muslims_in_the/ with useful contributions by /u/Raaaghb /u/textandtrowel /u/shlin28\n\nThe actual causes of those expansions are complex and not entirely agreed on (particularly whether they should be framed as \"Arab\" or \"Islamic\" conquests) but the best and most convincing work I have come across on it is Hoyland's _In God's Path_. For a contrary view, Donner's _Muhammad and the Believers_ is interesting, although I find his writing on the actual warfare to appear fuelled by wishful thinking and not terribly compelling. However his theory on the collective identity of Muhammad's early followers is actually very interesting.\n\nI hope that will help you frame your question more precisely!", "edited": false, "author_flair_css_class": null, "collapsed": false, "author_flair_richtext": [], "is_submitter": false, "collapsed_reason": null, "body_html": "&lt;div class=\"md\"&gt;&lt;p&gt;Hi! I think you need to be more specific in your question if you want a useful answer, and as the moderator reply indicates, probably frame it differently (the boring, very simple answer to why we in the West tend to focus more on European warfare is that Western history education is Eurocentric). While &amp;quot;the crusades&amp;quot; refer to a particular phenomenon (arguably too broad in its own right) of religious warfare, there is no series of wars known as &amp;quot;the jihads&amp;quot;. You may be under the common misconception that &amp;quot;jihad&amp;quot; means &amp;quot;holy war&amp;quot;. In fact, &amp;quot;jihad&amp;quot; means &amp;quot;struggle&amp;quot;, and can refer to one struggling with adherence to their faith, to struggling for justice in your own society, and indeed, to waging war to expand &amp;quot;the abode of Islam&amp;quot; (Dar al-Islam).&lt;/p&gt;\n\n&lt;p&gt;Two things then make your question difficult to answer. One: Muslim leaders have framed conflicts in terms of &amp;quot;jihad&amp;quot; up to and including the present day. This does not directly correspond to anything in Christianity since the framework Islam works within is very different, but the idea behind it can perhaps be loosely compared to the legalistic musings of when warfare is acceptable published by the likes of Aquinas and Luther. This means that we could count as a &amp;quot;jihad&amp;quot; an absolute plethora of wars waged for many different reasons in every corner of the world. Even World War I was declared a holy war by the Ottoman Empire. Therefore, while &amp;quot;jihad&amp;quot; is useful as a &lt;em&gt;concept&lt;/em&gt;, it&amp;#39;s not useful as a category of warfare.&lt;/p&gt;\n\n&lt;p&gt;Two: I suspect that you are, per your timeframe, actually talking about the early Islamic conquest of Muhammad and his immediate successors, resulting in the vast realms of the Umayyad and &amp;#39;Abassid empires. The problem you face here is simply that the theory of &amp;quot;jihad&amp;quot; as offensive warfare is only known to have existed from the very late 8th century. See a discussion here: &lt;a href=\"https://www.reddit.com/r/AskHistorians/comments/2irrug/what_would_jihad_mean_to_early_muslims_in_the/\"&gt;https://www.reddit.com/r/AskHistorians/comments/2irrug/what_would_jihad_mean_to_early_muslims_in_the/&lt;/a&gt; with useful contributions by &lt;a href=\"/u/Raaaghb\"&gt;/u/Raaaghb&lt;/a&gt; &lt;a href=\"/u/textandtrowel\"&gt;/u/textandtrowel&lt;/a&gt; &lt;a href=\"/u/shlin28\"&gt;/u/shlin28&lt;/a&gt;&lt;/p&gt;\n\n&lt;p&gt;The actual causes of those expansions are complex and not entirely agreed on (particularly whether they should be framed as &amp;quot;Arab&amp;quot; or &amp;quot;Islamic&amp;quot; conquests) but the best and most convincing work I have come across on it is Hoyland&amp;#39;s &lt;em&gt;In God&amp;#39;s Path&lt;/em&gt;. For a contrary view, Donner&amp;#39;s &lt;em&gt;Muhammad and the Believers&lt;/em&gt; is interesting, although I find his writing on the actual warfare to appear fuelled by wishful thinking and not terribly compelling. However his theory on the collective identity of Muhammad&amp;#39;s early followers is actually very interesting.&lt;/p&gt;\n\n&lt;p&gt;I hope that will help you frame your question more precisely!&lt;/p&gt;\n&lt;/div&gt;", "stickied": false, "subreddit_type": "public", "can_gild": true, "subreddit": "AskHistorians", "author_flair_text_color": null, "score_hidden": false, "permalink": "/r/AskHistorians/comments/8vqz95/why_are_the_jihads_mainly_overlooked_compared_to/e1pph79/", "num_reports": null, "name": "t1_e1pph79", "created": 1530649844.0, "author_flair_text": null, "created_utc": 1530621044.0, "subreddit_name_prefixed": "r/AskHistorians", "controversiality": 0, "depth": 0, "author_flair_background_color": null, "mod_reports": [], "mod_note": null, "distinguished": null}}, {"kind": "t1", "data": {"subreddit_id": "t5_2ssp3", "approved_at_utc": null, "ups": 3, "mod_reason_by": null, "banned_by": null, "author_flair_type": "text", "removal_reason": null, "link_id": "t3_8vqz95", "author_flair_template_id": null, "likes": null, "no_follow": true, "replies": "", "user_reports": [], "saved": false, "id": "e1plvwd", "banned_at_utc": null, "mod_reason_title": null, "gilded": 0, "archived": false, "report_reasons": null, "author": "jschooltiger", "can_mod_post": false, "send_replies": true, "parent_id": "t3_8vqz95", "score": 3, "approved_by": null, "downs": 0, "body": "Hi there! You\u2019ve asked a question along the lines of \u2018why didn\u2019t I learn about X\u2019. We\u2019re happy to let this question stand, but there are a variety of reasons why you may find it hard to get a good answer to this question on /r/AskHistorians.\n\nFirstly, school curricula and how they are taught vary strongly between different countries and even even different states. Additionally, how they are taught is often influenced by teachers having to compromise on how much time they can spend on any given topic. More information on your location and level of education might be helpful to answer this question.\n\nSecondly, we have noticed that these questions are often phrased to be about people's individual experience but what they are really about is why a certain event is more prominent in popular narratives of history than others.\n\nInstead of asking \"Why haven't I learned about event ...\", considering asking \"What importance do scholars assign to event ... in the context of such and such history?\" - the latter question is often closer to what to what people actually want to know and is more likely to get a good answer from an expert. If you intend to ask the 'What importance do scholars assign to event X' question instead, let us know and we'll remove this question.\n\nThank you!\n", "edited": false, "author_flair_css_class": "moderator", "collapsed": false, "author_flair_richtext": [], "is_submitter": false, "collapsed_reason": null, "body_html": "&lt;div class=\"md\"&gt;&lt;p&gt;Hi there! You\u2019ve asked a question along the lines of \u2018why didn\u2019t I learn about X\u2019. We\u2019re happy to let this question stand, but there are a variety of reasons why you may find it hard to get a good answer to this question on &lt;a href=\"/r/AskHistorians\"&gt;/r/AskHistorians&lt;/a&gt;.&lt;/p&gt;\n\n&lt;p&gt;Firstly, school curricula and how they are taught vary strongly between different countries and even even different states. Additionally, how they are taught is often influenced by teachers having to compromise on how much time they can spend on any given topic. More information on your location and level of education might be helpful to answer this question.&lt;/p&gt;\n\n&lt;p&gt;Secondly, we have noticed that these questions are often phrased to be about people&amp;#39;s individual experience but what they are really about is why a certain event is more prominent in popular narratives of history than others.&lt;/p&gt;\n\n&lt;p&gt;Instead of asking &amp;quot;Why haven&amp;#39;t I learned about event ...&amp;quot;, considering asking &amp;quot;What importance do scholars assign to event ... in the context of such and such history?&amp;quot; - the latter question is often closer to what to what people actually want to know and is more likely to get a good answer from an expert. If you intend to ask the &amp;#39;What importance do scholars assign to event X&amp;#39; question instead, let us know and we&amp;#39;ll remove this question.&lt;/p&gt;\n\n&lt;p&gt;Thank you!&lt;/p&gt;\n&lt;/div&gt;", "stickied": false, "subreddit_type": "public", "can_gild": true, "subreddit": "AskHistorians", "author_flair_text_color": "dark", "score_hidden": false, "permalink": "/r/AskHistorians/comments/8vqz95/why_are_the_jihads_mainly_overlooked_compared_to/e1plvwd/", "num_reports": null, "name": "t1_e1plvwd", "created": 1530644277.0, "author_flair_text": "Moderator | Shipbuilding and Logistics | British Navy 1770-1830", "created_utc": 1530615477.0, "subreddit_name_prefixed": "r/AskHistorians", "controversiality": 0, "depth": 0, "author_flair_background_color": "", "mod_reports": [], "mod_note": null, "distinguished": "moderator"}}], "after": null, "before": null}}]