[{"kind": "Listing", "data": {"modhash": "", "dist": 1, "children": [{"kind": "t3", "data": {"approved_at_utc": null, "subreddit": "AskHistorians", "selftext": "I'm counting northern Europe as the Scandinavian countries, The British Isles, Iceland, The Baltic's, Outer Russia and what is now Normandy. \n\nAnd I'm counting \"Before the rise of Catholicism\" as before the reign of Diocletian (284-286), who I'm counting as the Roman emperor when Christianity came to Britannia. ", "user_reports": [], "saved": false, "mod_reason_title": null, "gilded": 0, "clicked": false, "title": "Before the rise of Catholicism in Northern Europe, how frowned upon was homosexuality and sodomy?", "link_flair_richtext": [], "subreddit_name_prefixed": "r/AskHistorians", "hidden": false, "pwls": 6, "link_flair_css_class": null, "downs": 0, "parent_whitelist_status": "all_ads", "hide_score": false, "name": "t3_8vt67j", "quarantine": false, "link_flair_text_color": "dark", "upvote_ratio": 0.86, "author_flair_background_color": null, "subreddit_type": "public", "ups": 34, "domain": "self.AskHistorians", "media_embed": {}, "author_flair_template_id": null, "is_original_content": false, "secure_media": null, "is_reddit_media_domain": false, "is_meta": false, "category": null, "secure_media_embed": {}, "link_flair_text": null, "can_mod_post": false, "score": 34, "approved_by": null, "thumbnail": "", "edited": false, "author_flair_css_class": null, "author_flair_richtext": [], "content_categories": null, "is_self": true, "mod_note": null, "created": 1530661072.0, "link_flair_type": "text", "wls": 6, "banned_by": null, "author_flair_type": "text", "contest_mode": false, "selftext_html": "&lt;!-- SC_OFF --&gt;&lt;div class=\"md\"&gt;&lt;p&gt;I&amp;#39;m counting northern Europe as the Scandinavian countries, The British Isles, Iceland, The Baltic&amp;#39;s, Outer Russia and what is now Normandy. &lt;/p&gt;\n\n&lt;p&gt;And I&amp;#39;m counting &amp;quot;Before the rise of Catholicism&amp;quot; as before the reign of Diocletian (284-286), who I&amp;#39;m counting as the Roman emperor when Christianity came to Britannia. &lt;/p&gt;\n&lt;/div&gt;&lt;!-- SC_ON --&gt;", "likes": null, "suggested_sort": null, "banned_at_utc": null, "view_count": null, "archived": false, "no_follow": false, "is_crosspostable": false, "pinned": false, "over_18": false, "media": null, "media_only": false, "link_flair_template_id": null, "can_gild": false, "spoiler": false, "locked": false, "author_flair_text": null, "visited": false, "num_reports": null, "distinguished": null, "subreddit_id": "t5_2ssp3", "mod_reason_by": null, "removal_reason": null, "link_flair_background_color": "", "id": "8vt67j", "report_reasons": null, "author": "Mackteague", "num_crossposts": 0, "num_comments": 2, "send_replies": true, "author_flair_text_color": null, "permalink": "/r/AskHistorians/comments/8vt67j/before_the_rise_of_catholicism_in_northern_europe/", "whitelist_status": "all_ads", "stickied": false, "url": "https://www.reddit.com/r/AskHistorians/comments/8vt67j/before_the_rise_of_catholicism_in_northern_europe/", "subreddit_subscribers": 790849, "created_utc": 1530632272.0, "mod_reports": [], "is_video": false}}], "after": null, "before": null}}, {"kind": "Listing", "data": {"modhash": "", "dist": null, "children": [{"kind": "t1", "data": {"subreddit_id": "t5_2ssp3", "approved_at_utc": null, "ups": 2, "mod_reason_by": null, "banned_by": null, "author_flair_type": "text", "removal_reason": null, "link_id": "t3_8vt67j", "author_flair_template_id": null, "likes": null, "no_follow": true, "replies": "", "user_reports": [], "saved": false, "id": "e1s66cf", "banned_at_utc": null, "mod_reason_title": null, "gilded": 0, "archived": false, "report_reasons": null, "author": "Palmar", "can_mod_post": false, "send_replies": true, "parent_id": "t3_8vt67j", "score": 2, "approved_by": null, "downs": 0, "body": "I'm going to give a written example that falls outside your parameters, but might be of interest. The passage is from G\u00edsla saga S\u00farssonar, an Icelandic saga that takes place before the christianization if Iceland, so in pagan times. It's important to note the saga was probably not recorded until the 13th century, so it was first written by christian sources.\n\n&gt; Refur h\u00e9t ma\u00f0ur er var smi\u00f0ur Skeggja. Hann ba\u00f0 a\u00f0 Refur skyldi gera mannl\u00edkan eftir G\u00edsla og Kolbirni, \"og skal annar standa aftar en annar og skal n\u00ed\u00f0 \u00fea\u00f0 standa \u00e1vallt \u00feeim til h\u00e1\u00f0ungar\".[1]\n\nThis translates to:\n\nRefur was a man who was Skeggi's smith. He asked of Refur to carve a statue of G\u00edsli and Kolbj\u00f6rn, \"and one shall stand behind the other and shall that insult stand for their everlasting mockery\".\n\nIt is widely agreed, and rather simple to infer, that the humiliation and mockery presented by the statue would be the implication that G\u00edsli and Kolbj\u00f6rn are homosexual. Important point for consideration here is the situation is related to a duel about to happen. In the very same chapter G\u00edsli chops of Skeggi's foot. Although the duel was not related to this particular \"n\u00ed\u00f0\" (insult, the statue in this context), it shows that implying homosexuality was a strong insult.\n\nsources: \n[1] https://www.snerpa.is/net/isl/gisl.htm", "edited": false, "author_flair_css_class": null, "collapsed": false, "author_flair_richtext": [], "is_submitter": false, "collapsed_reason": null, "body_html": "&lt;div class=\"md\"&gt;&lt;p&gt;I&amp;#39;m going to give a written example that falls outside your parameters, but might be of interest. The passage is from G\u00edsla saga S\u00farssonar, an Icelandic saga that takes place before the christianization if Iceland, so in pagan times. It&amp;#39;s important to note the saga was probably not recorded until the 13th century, so it was first written by christian sources.&lt;/p&gt;\n\n&lt;blockquote&gt;\n&lt;p&gt;Refur h\u00e9t ma\u00f0ur er var smi\u00f0ur Skeggja. Hann ba\u00f0 a\u00f0 Refur skyldi gera mannl\u00edkan eftir G\u00edsla og Kolbirni, &amp;quot;og skal annar standa aftar en annar og skal n\u00ed\u00f0 \u00fea\u00f0 standa \u00e1vallt \u00feeim til h\u00e1\u00f0ungar&amp;quot;.[1]&lt;/p&gt;\n&lt;/blockquote&gt;\n\n&lt;p&gt;This translates to:&lt;/p&gt;\n\n&lt;p&gt;Refur was a man who was Skeggi&amp;#39;s smith. He asked of Refur to carve a statue of G\u00edsli and Kolbj\u00f6rn, &amp;quot;and one shall stand behind the other and shall that insult stand for their everlasting mockery&amp;quot;.&lt;/p&gt;\n\n&lt;p&gt;It is widely agreed, and rather simple to infer, that the humiliation and mockery presented by the statue would be the implication that G\u00edsli and Kolbj\u00f6rn are homosexual. Important point for consideration here is the situation is related to a duel about to happen. In the very same chapter G\u00edsli chops of Skeggi&amp;#39;s foot. Although the duel was not related to this particular &amp;quot;n\u00ed\u00f0&amp;quot; (insult, the statue in this context), it shows that implying homosexuality was a strong insult.&lt;/p&gt;\n\n&lt;p&gt;sources: \n[1] &lt;a href=\"https://www.snerpa.is/net/isl/gisl.htm\"&gt;https://www.snerpa.is/net/isl/gisl.htm&lt;/a&gt;&lt;/p&gt;\n&lt;/div&gt;", "stickied": false, "subreddit_type": "public", "can_gild": true, "subreddit": "AskHistorians", "author_flair_text_color": null, "score_hidden": false, "permalink": "/r/AskHistorians/comments/8vt67j/before_the_rise_of_catholicism_in_northern_europe/e1s66cf/", "num_reports": null, "name": "t1_e1s66cf", "created": 1530747558.0, "author_flair_text": null, "created_utc": 1530718758.0, "subreddit_name_prefixed": "r/AskHistorians", "controversiality": 0, "depth": 0, "author_flair_background_color": null, "mod_reports": [], "mod_note": null, "distinguished": null}}], "after": null, "before": null}}]