[{"kind": "Listing", "data": {"modhash": "", "dist": 1, "children": [{"kind": "t3", "data": {"approved_at_utc": null, "subreddit": "AskHistorians", "selftext": "Edit: With the hygiene query this was prompted in part by remembering how Napoleon wrote to Jos\u00e9phine telling her: \n\n\u201cJe reviens en trois jours; ne te laves pas!\u201d (I will return in three days. Don\u2019t wash!)\n\nwhich is presumably referring to cunnilingus - so was guessing that, ahem, tastes had changed, and wondered what trends there have been in this area.\n", "user_reports": [], "saved": false, "mod_reason_title": null, "gilded": 0, "clicked": false, "title": "Has sexual activity changed with changes in personal hygiene - in particular was oral sex common when people bathed very rarely?", "link_flair_richtext": [], "subreddit_name_prefixed": "r/AskHistorians", "hidden": false, "pwls": 6, "link_flair_css_class": null, "downs": 0, "parent_whitelist_status": "all_ads", "hide_score": false, "name": "t3_8vtmj8", "quarantine": false, "link_flair_text_color": "dark", "upvote_ratio": 0.86, "author_flair_background_color": null, "subreddit_type": "public", "ups": 73, "domain": "self.AskHistorians", "media_embed": {}, "author_flair_template_id": null, "is_original_content": false, "secure_media": null, "is_reddit_media_domain": false, "is_meta": false, "category": null, "secure_media_embed": {}, "link_flair_text": null, "can_mod_post": false, "score": 73, "approved_by": null, "thumbnail": "", "edited": 1530685953.0, "author_flair_css_class": null, "previous_visits": [], "author_flair_richtext": [], "content_categories": null, "is_self": true, "mod_note": null, "created": 1530664402.0, "link_flair_type": "text", "wls": 3, "banned_by": null, "author_flair_type": "text", "contest_mode": false, "selftext_html": "&lt;!-- SC_OFF --&gt;&lt;div class=\"md\"&gt;&lt;p&gt;Edit: With the hygiene query this was prompted in part by remembering how Napoleon wrote to Jos\u00e9phine telling her: &lt;/p&gt;\n\n&lt;p&gt;\u201cJe reviens en trois jours; ne te laves pas!\u201d (I will return in three days. Don\u2019t wash!)&lt;/p&gt;\n\n&lt;p&gt;which is presumably referring to cunnilingus - so was guessing that, ahem, tastes had changed, and wondered what trends there have been in this area.&lt;/p&gt;\n&lt;/div&gt;&lt;!-- SC_ON --&gt;", "likes": null, "suggested_sort": null, "banned_at_utc": null, "view_count": null, "archived": false, "no_follow": false, "is_crosspostable": false, "pinned": false, "over_18": true, "media": null, "media_only": false, "link_flair_template_id": null, "can_gild": false, "spoiler": false, "locked": false, "author_flair_text": null, "visited": false, "num_reports": null, "distinguished": null, "subreddit_id": "t5_2ssp3", "mod_reason_by": null, "removal_reason": null, "link_flair_background_color": "", "id": "8vtmj8", "report_reasons": null, "author": "CrazyreverseR", "num_crossposts": 0, "num_comments": 13, "send_replies": true, "author_flair_text_color": null, "permalink": "/r/AskHistorians/comments/8vtmj8/has_sexual_activity_changed_with_changes_in/", "whitelist_status": "promo_adult_nsfw", "stickied": false, "url": "https://www.reddit.com/r/AskHistorians/comments/8vtmj8/has_sexual_activity_changed_with_changes_in/", "subreddit_subscribers": 790849, "created_utc": 1530635602.0, "mod_reports": [], "is_video": false}}], "after": null, "before": null}}, {"kind": "Listing", "data": {"modhash": "", "dist": null, "children": [{"kind": "t1", "data": {"subreddit_id": "t5_2ssp3", "approved_at_utc": null, "ups": 70, "mod_reason_by": null, "banned_by": null, "author_flair_type": "text", "removal_reason": null, "link_id": "t3_8vtmj8", "author_flair_template_id": null, "likes": null, "no_follow": false, "replies": {"kind": "Listing", "data": {"modhash": "", "dist": null, "children": [{"kind": "t1", "data": {"subreddit_id": "t5_2ssp3", "approved_at_utc": null, "ups": 22, "mod_reason_by": null, "banned_by": null, "author_flair_type": "text", "removal_reason": null, "link_id": "t3_8vtmj8", "author_flair_template_id": null, "likes": null, "no_follow": false, "replies": {"kind": "Listing", "data": {"modhash": "", "dist": null, "children": [{"kind": "t1", "data": {"subreddit_id": "t5_2ssp3", "approved_at_utc": null, "ups": 6, "mod_reason_by": null, "banned_by": null, "author_flair_type": "text", "removal_reason": null, "link_id": "t3_8vtmj8", "author_flair_template_id": null, "likes": null, "no_follow": false, "replies": "", "user_reports": [], "saved": false, "id": "e1rd6oh", "banned_at_utc": null, "mod_reason_title": null, "gilded": 0, "archived": false, "report_reasons": null, "author": "Ben1152000", "can_mod_post": false, "send_replies": true, "parent_id": "t1_e1r1t27", "score": 6, "approved_by": null, "downs": 0, "body": "The Roman view on sexuality is really interesting. It's so far removed in time it's like looking at an alien culture, yet some things are still so ubiquitous even between then and now.", "edited": false, "author_flair_css_class": null, "collapsed": false, "author_flair_richtext": [], "is_submitter": false, "collapsed_reason": null, "body_html": "&lt;div class=\"md\"&gt;&lt;p&gt;The Roman view on sexuality is really interesting. It&amp;#39;s so far removed in time it&amp;#39;s like looking at an alien culture, yet some things are still so ubiquitous even between then and now.&lt;/p&gt;\n&lt;/div&gt;", "stickied": false, "subreddit_type": "public", "can_gild": true, "subreddit": "AskHistorians", "author_flair_text_color": null, "score_hidden": false, "permalink": "/r/AskHistorians/comments/8vtmj8/has_sexual_activity_changed_with_changes_in/e1rd6oh/", "num_reports": null, "name": "t1_e1rd6oh", "created": 1530705037.0, "author_flair_text": null, "created_utc": 1530676237.0, "subreddit_name_prefixed": "r/AskHistorians", "controversiality": 0, "depth": 2, "author_flair_background_color": null, "mod_reports": [], "mod_note": null, "distinguished": null}}], "after": null, "before": null}}, "user_reports": [], "saved": false, "id": "e1r1t27", "banned_at_utc": null, "mod_reason_title": null, "gilded": 0, "archived": false, "report_reasons": null, "author": "Khanahar", "can_mod_post": false, "send_replies": true, "parent_id": "t1_e1qizev", "score": 22, "approved_by": null, "downs": 0, "body": "Related to the tangent, and I suppose vaguely to the original question.\n\nIn ancient Rome, sex was almost always imagined as a act of penetration, performed by one of higher status/masculinity and on one of lower status/manliness.  It was paramount that a Roman man remained a *man*, to the extent that scholarly texts sometimes treat the Latin word *Vir* (man) as better untranslated to get at the distinct cultural idea.  (For instance, slaves were not really \"men\" in the full sense.  Various other things took away your manly status, if you were bodily degraded by another.)\n\nYou can see this in the words used to refer to various sexual acts.  To penetrate a vagina is futuere (active), while to be penetrated is futui (passive).  To penetrate a mouth is irrumare (active), while to be penetrated is irrumari or fellari (active).\n\nTherefore, in the Roman conception, it was a grave ill for a man to \"be penetrated\" by taking on what we would think of as the \"active\" role in oral sex.  For them, it was not about active and passive as we think of it, but rather about penetrator and penetrated.  (See particularly Skinner and Hallett's Roman Sexualities, an excellent overview of the topic.) \n\nWe therefore know that fellatio performed by a woman or slave was not particularly stigmatized (except in the way that all female sexual activity was stigmatized), but that cunnilingus was abhored as dirtying the mouth, and therefore the honor, of any free man.\n\nThe elaborate morality around the topic suggests, in answer to the OP, that yes, people have been doing oral sex for a very long time.", "edited": false, "author_flair_css_class": null, "collapsed": false, "author_flair_richtext": [], "is_submitter": false, "collapsed_reason": null, "body_html": "&lt;div class=\"md\"&gt;&lt;p&gt;Related to the tangent, and I suppose vaguely to the original question.&lt;/p&gt;\n\n&lt;p&gt;In ancient Rome, sex was almost always imagined as a act of penetration, performed by one of higher status/masculinity and on one of lower status/manliness.  It was paramount that a Roman man remained a &lt;em&gt;man&lt;/em&gt;, to the extent that scholarly texts sometimes treat the Latin word &lt;em&gt;Vir&lt;/em&gt; (man) as better untranslated to get at the distinct cultural idea.  (For instance, slaves were not really &amp;quot;men&amp;quot; in the full sense.  Various other things took away your manly status, if you were bodily degraded by another.)&lt;/p&gt;\n\n&lt;p&gt;You can see this in the words used to refer to various sexual acts.  To penetrate a vagina is futuere (active), while to be penetrated is futui (passive).  To penetrate a mouth is irrumare (active), while to be penetrated is irrumari or fellari (active).&lt;/p&gt;\n\n&lt;p&gt;Therefore, in the Roman conception, it was a grave ill for a man to &amp;quot;be penetrated&amp;quot; by taking on what we would think of as the &amp;quot;active&amp;quot; role in oral sex.  For them, it was not about active and passive as we think of it, but rather about penetrator and penetrated.  (See particularly Skinner and Hallett&amp;#39;s Roman Sexualities, an excellent overview of the topic.) &lt;/p&gt;\n\n&lt;p&gt;We therefore know that fellatio performed by a woman or slave was not particularly stigmatized (except in the way that all female sexual activity was stigmatized), but that cunnilingus was abhored as dirtying the mouth, and therefore the honor, of any free man.&lt;/p&gt;\n\n&lt;p&gt;The elaborate morality around the topic suggests, in answer to the OP, that yes, people have been doing oral sex for a very long time.&lt;/p&gt;\n&lt;/div&gt;", "stickied": false, "subreddit_type": "public", "can_gild": true, "subreddit": "AskHistorians", "author_flair_text_color": null, "score_hidden": false, "permalink": "/r/AskHistorians/comments/8vtmj8/has_sexual_activity_changed_with_changes_in/e1r1t27/", "num_reports": null, "name": "t1_e1r1t27", "created": 1530692486.0, "author_flair_text": null, "created_utc": 1530663686.0, "subreddit_name_prefixed": "r/AskHistorians", "controversiality": 0, "depth": 1, "author_flair_background_color": null, "mod_reports": [], "mod_note": null, "distinguished": null}}, {"kind": "t1", "data": {"subreddit_id": "t5_2ssp3", "approved_at_utc": null, "ups": 14, "mod_reason_by": null, "banned_by": null, "author_flair_type": "text", "removal_reason": null, "link_id": "t3_8vtmj8", "author_flair_template_id": null, "likes": null, "no_follow": false, "replies": {"kind": "Listing", "data": {"modhash": "", "dist": null, "children": [{"kind": "t1", "data": {"subreddit_id": "t5_2ssp3", "approved_at_utc": null, "ups": 20, "mod_reason_by": null, "banned_by": null, "author_flair_type": "text", "removal_reason": null, "link_id": "t3_8vtmj8", "author_flair_template_id": null, "likes": null, "no_follow": false, "replies": {"kind": "Listing", "data": {"modhash": "", "dist": null, "children": [{"kind": "t1", "data": {"subreddit_id": "t5_2ssp3", "approved_at_utc": null, "ups": 3, "mod_reason_by": null, "banned_by": null, "removal_reason": null, "link_id": "t3_8vtmj8", "author_flair_template_id": null, "likes": null, "no_follow": true, "replies": "", "user_reports": [], "saved": false, "id": "e1rfy66", "banned_at_utc": null, "mod_reason_title": null, "gilded": 0, "archived": false, "report_reasons": null, "author": "[deleted]", "can_mod_post": false, "send_replies": true, "parent_id": "t1_e1r1t4g", "score": 3, "approved_by": null, "downs": 0, "body": "[removed]", "edited": false, "author_flair_css_class": null, "collapsed": false, "is_submitter": false, "collapsed_reason": null, "body_html": "&lt;div class=\"md\"&gt;&lt;p&gt;[removed]&lt;/p&gt;\n&lt;/div&gt;", "stickied": false, "subreddit_type": "public", "can_gild": true, "subreddit": "AskHistorians", "author_flair_text_color": "dark", "score_hidden": false, "permalink": "/r/AskHistorians/comments/8vtmj8/has_sexual_activity_changed_with_changes_in/e1rfy66/", "num_reports": null, "name": "t1_e1rfy66", "created": 1530708121.0, "author_flair_text": null, "created_utc": 1530679321.0, "subreddit_name_prefixed": "r/AskHistorians", "controversiality": 0, "depth": 3, "author_flair_background_color": "", "mod_reports": [], "mod_note": null, "distinguished": null}}], "after": null, "before": null}}, "user_reports": [], "saved": false, "id": "e1r1t4g", "banned_at_utc": null, "mod_reason_title": null, "gilded": 0, "archived": false, "report_reasons": null, "author": "itsmemarcot", "can_mod_post": false, "send_replies": true, "parent_id": "t1_e1qr28k", "score": 20, "approved_by": null, "downs": 0, "body": "Living in a catholic country, I can testify that the commonly intended meaning is (or at least, would be, in modern era) that you will do x more years in purgatory, in the after life. \n\nBack to the original question, i've read that, among Romans, prostitutes signaled availability for oral sex by wearing lipstick, and that lipstick wasn't used in any other context. Can this be confirmed?", "edited": 1530681196.0, "author_flair_css_class": null, "collapsed": false, "author_flair_richtext": [], "is_submitter": false, "collapsed_reason": null, "body_html": "&lt;div class=\"md\"&gt;&lt;p&gt;Living in a catholic country, I can testify that the commonly intended meaning is (or at least, would be, in modern era) that you will do x more years in purgatory, in the after life. &lt;/p&gt;\n\n&lt;p&gt;Back to the original question, i&amp;#39;ve read that, among Romans, prostitutes signaled availability for oral sex by wearing lipstick, and that lipstick wasn&amp;#39;t used in any other context. Can this be confirmed?&lt;/p&gt;\n&lt;/div&gt;", "stickied": false, "subreddit_type": "public", "can_gild": true, "subreddit": "AskHistorians", "author_flair_text_color": null, "score_hidden": false, "permalink": "/r/AskHistorians/comments/8vtmj8/has_sexual_activity_changed_with_changes_in/e1r1t4g/", "num_reports": null, "name": "t1_e1r1t4g", "created": 1530692488.0, "author_flair_text": null, "created_utc": 1530663688.0, "subreddit_name_prefixed": "r/AskHistorians", "controversiality": 0, "depth": 2, "author_flair_background_color": null, "mod_reports": [], "mod_note": null, "distinguished": null}}], "after": null, "before": null}}, "user_reports": [], "saved": false, "id": "e1qr28k", "banned_at_utc": null, "mod_reason_title": null, "gilded": 0, "archived": false, "report_reasons": null, "author": "partiallycoherent", "can_mod_post": false, "send_replies": true, "parent_id": "t1_e1qizev", "score": 14, "approved_by": null, "downs": 0, "body": "Tangential question, if I may-what would x number of years of penance entail?", "edited": false, "author_flair_css_class": null, "collapsed": false, "author_flair_richtext": [], "is_submitter": false, "collapsed_reason": null, "body_html": "&lt;div class=\"md\"&gt;&lt;p&gt;Tangential question, if I may-what would x number of years of penance entail?&lt;/p&gt;\n&lt;/div&gt;", "stickied": false, "subreddit_type": "public", "can_gild": true, "subreddit": "AskHistorians", "author_flair_text_color": null, "score_hidden": false, "permalink": "/r/AskHistorians/comments/8vtmj8/has_sexual_activity_changed_with_changes_in/e1qr28k/", "num_reports": null, "name": "t1_e1qr28k", "created": 1530682098.0, "author_flair_text": null, "created_utc": 1530653298.0, "subreddit_name_prefixed": "r/AskHistorians", "controversiality": 0, "depth": 1, "author_flair_background_color": null, "mod_reports": [], "mod_note": null, "distinguished": null}}, {"kind": "t1", "data": {"subreddit_id": "t5_2ssp3", "approved_at_utc": null, "ups": 2, "mod_reason_by": null, "banned_by": null, "author_flair_type": "text", "removal_reason": null, "link_id": "t3_8vtmj8", "author_flair_template_id": null, "likes": null, "no_follow": true, "replies": "", "user_reports": [], "saved": false, "id": "e1r451u", "banned_at_utc": null, "mod_reason_title": null, "gilded": 0, "archived": false, "report_reasons": null, "author": "lagerbaer", "can_mod_post": false, "send_replies": true, "parent_id": "t1_e1qizev", "score": 2, "approved_by": null, "downs": 0, "body": "How much of that though was because these things actually happened, and how much was just part of the monk writers' vivid imagination?", "edited": false, "author_flair_css_class": null, "collapsed": false, "author_flair_richtext": [], "is_submitter": false, "collapsed_reason": null, "body_html": "&lt;div class=\"md\"&gt;&lt;p&gt;How much of that though was because these things actually happened, and how much was just part of the monk writers&amp;#39; vivid imagination?&lt;/p&gt;\n&lt;/div&gt;", "stickied": false, "subreddit_type": "public", "can_gild": true, "subreddit": "AskHistorians", "author_flair_text_color": null, "score_hidden": false, "permalink": "/r/AskHistorians/comments/8vtmj8/has_sexual_activity_changed_with_changes_in/e1r451u/", "num_reports": null, "name": "t1_e1r451u", "created": 1530694990.0, "author_flair_text": null, "created_utc": 1530666190.0, "subreddit_name_prefixed": "r/AskHistorians", "controversiality": 0, "depth": 1, "author_flair_background_color": null, "mod_reports": [], "mod_note": null, "distinguished": null}}], "after": null, "before": null}}, "user_reports": [], "saved": false, "id": "e1qizev", "banned_at_utc": null, "mod_reason_title": null, "gilded": 0, "archived": false, "report_reasons": null, "author": "eatscakesandleaves", "can_mod_post": false, "send_replies": true, "parent_id": "t3_8vtmj8", "score": 70, "approved_by": null, "downs": 0, "body": "There's an eighth to ninth century Old Irish penitential (a text that lets you know the penance for different sins) with explicit reference to oral sex:\n\n*Nech dogni etrath o belaib iiii anni in cet-fecht ma gnathach acnapthe vii annis.*\n\n*Nech touisim a sil hi gin a banscal penneth dib l\u00ednaib v annos ma gnathach vii annos.*\n\nIn English these are:\n\nAnyone who performs the fornication of the lips penance for four years if it is their first time but if it is usually their custom seven.\n\nAnyone who spills his seed in the mouth of a woman must pay full penance for five years, if it is a usual thing, seven.*\n\nThere are few references to oral sex, particularly on women, but reading between the lines the greater concern usually if not always seems to be that the greater sin is ejaculation not inside a vagina for the purposes of procreation. This is St Thomas Aquinas' view and is the one that has had the most impact on surviving literature. Unfortunately without a more significant set of data, it's possible to know what sort of sex people were expected to be having, but less so what sort of sex they were having and how much they enjoyed it. However, if there's a rule about it, the assumption is that enough of it has happened that the Church has felt the need to take a stance on it.\n\nYou can read the penitential on JSTOR: https://www.jstor.org/stable/30007320?seq=1#page_scan_tab_contents\n\n\n*also interesting on a tangent is the linguistic construction here. In modern oral sex the way we talk about it is usually that your active participant is doing and your passive partner is receiving. There are exceptions but I'm not sure this is the place for a friendly chat about face fucking. Anyway, if you look at this and assume primarily hetero partners (although pre-Christian Ireland has a lot more same sex shenanigans than you might have expected), the male is the active partner whether he performs oral sex on her or ejaculates in her mouth. The assumption is that the male is always the active partner and the female always the passive receiver. Which has nothing to do with hygiene but interests me. \n", "edited": false, "author_flair_css_class": null, "collapsed": false, "author_flair_richtext": [], "is_submitter": false, "collapsed_reason": null, "body_html": "&lt;div class=\"md\"&gt;&lt;p&gt;There&amp;#39;s an eighth to ninth century Old Irish penitential (a text that lets you know the penance for different sins) with explicit reference to oral sex:&lt;/p&gt;\n\n&lt;p&gt;&lt;em&gt;Nech dogni etrath o belaib iiii anni in cet-fecht ma gnathach acnapthe vii annis.&lt;/em&gt;&lt;/p&gt;\n\n&lt;p&gt;&lt;em&gt;Nech touisim a sil hi gin a banscal penneth dib l\u00ednaib v annos ma gnathach vii annos.&lt;/em&gt;&lt;/p&gt;\n\n&lt;p&gt;In English these are:&lt;/p&gt;\n\n&lt;p&gt;Anyone who performs the fornication of the lips penance for four years if it is their first time but if it is usually their custom seven.&lt;/p&gt;\n\n&lt;p&gt;Anyone who spills his seed in the mouth of a woman must pay full penance for five years, if it is a usual thing, seven.*&lt;/p&gt;\n\n&lt;p&gt;There are few references to oral sex, particularly on women, but reading between the lines the greater concern usually if not always seems to be that the greater sin is ejaculation not inside a vagina for the purposes of procreation. This is St Thomas Aquinas&amp;#39; view and is the one that has had the most impact on surviving literature. Unfortunately without a more significant set of data, it&amp;#39;s possible to know what sort of sex people were expected to be having, but less so what sort of sex they were having and how much they enjoyed it. However, if there&amp;#39;s a rule about it, the assumption is that enough of it has happened that the Church has felt the need to take a stance on it.&lt;/p&gt;\n\n&lt;p&gt;You can read the penitential on JSTOR: &lt;a href=\"https://www.jstor.org/stable/30007320?seq=1#page_scan_tab_contents\"&gt;https://www.jstor.org/stable/30007320?seq=1#page_scan_tab_contents&lt;/a&gt;&lt;/p&gt;\n\n&lt;p&gt;*also interesting on a tangent is the linguistic construction here. In modern oral sex the way we talk about it is usually that your active participant is doing and your passive partner is receiving. There are exceptions but I&amp;#39;m not sure this is the place for a friendly chat about face fucking. Anyway, if you look at this and assume primarily hetero partners (although pre-Christian Ireland has a lot more same sex shenanigans than you might have expected), the male is the active partner whether he performs oral sex on her or ejaculates in her mouth. The assumption is that the male is always the active partner and the female always the passive receiver. Which has nothing to do with hygiene but interests me. &lt;/p&gt;\n&lt;/div&gt;", "stickied": false, "subreddit_type": "public", "can_gild": true, "subreddit": "AskHistorians", "author_flair_text_color": null, "score_hidden": false, "permalink": "/r/AskHistorians/comments/8vtmj8/has_sexual_activity_changed_with_changes_in/e1qizev/", "num_reports": null, "name": "t1_e1qizev", "created": 1530675669.0, "author_flair_text": null, "created_utc": 1530646869.0, "subreddit_name_prefixed": "r/AskHistorians", "controversiality": 0, "depth": 0, "author_flair_background_color": null, "mod_reports": [], "mod_note": null, "distinguished": null}}, {"kind": "t1", "data": {"subreddit_id": "t5_2ssp3", "approved_at_utc": null, "ups": 3, "mod_reason_by": null, "banned_by": null, "author_flair_type": "text", "removal_reason": null, "link_id": "t3_8vtmj8", "author_flair_template_id": null, "likes": null, "no_follow": true, "replies": "", "user_reports": [], "saved": false, "id": "e1rrwyp", "banned_at_utc": null, "mod_reason_title": null, "gilded": 0, "archived": false, "report_reasons": null, "author": "amandycat", "can_mod_post": false, "send_replies": true, "parent_id": "t3_8vtmj8", "score": 3, "approved_by": null, "downs": 0, "body": "Not answers about sexual activity per se, but a few past answers here on hygiene which may interest you:\n\n/u/mikedash [on the smells of a city \\(and its people\\)](https://www.reddit.com/r/AskHistorians/comments/5dwk60/how_bad_would_it_have_smelled_in_a_medieval_city/da84g7z/)\n\n/u/notepaperpen [on medieval hygiene](https://www.reddit.com/r/AskHistorians/comments/7xpbxp/what_was_hygiene_like_in_medieval_times/) (posting the thread in full here, since there are a few queries about the main answer that request a bit more specificity)\n\n/u/voxscholasticus [on whether people in the middle ages smelled bad](https://www.reddit.com/r/AskHistorians/comments/1gh0x8/did_everybody_smell_bad_in_the_in_the_medieval/cak60wt/)", "edited": false, "author_flair_css_class": "europe", "collapsed": false, "author_flair_richtext": [], "is_submitter": false, "collapsed_reason": null, "body_html": "&lt;div class=\"md\"&gt;&lt;p&gt;Not answers about sexual activity per se, but a few past answers here on hygiene which may interest you:&lt;/p&gt;\n\n&lt;p&gt;&lt;a href=\"/u/mikedash\"&gt;/u/mikedash&lt;/a&gt; &lt;a href=\"https://www.reddit.com/r/AskHistorians/comments/5dwk60/how_bad_would_it_have_smelled_in_a_medieval_city/da84g7z/\"&gt;on the smells of a city (and its people)&lt;/a&gt;&lt;/p&gt;\n\n&lt;p&gt;&lt;a href=\"/u/notepaperpen\"&gt;/u/notepaperpen&lt;/a&gt; &lt;a href=\"https://www.reddit.com/r/AskHistorians/comments/7xpbxp/what_was_hygiene_like_in_medieval_times/\"&gt;on medieval hygiene&lt;/a&gt; (posting the thread in full here, since there are a few queries about the main answer that request a bit more specificity)&lt;/p&gt;\n\n&lt;p&gt;&lt;a href=\"/u/voxscholasticus\"&gt;/u/voxscholasticus&lt;/a&gt; &lt;a href=\"https://www.reddit.com/r/AskHistorians/comments/1gh0x8/did_everybody_smell_bad_in_the_in_the_medieval/cak60wt/\"&gt;on whether people in the middle ages smelled bad&lt;/a&gt;&lt;/p&gt;\n&lt;/div&gt;", "stickied": false, "subreddit_type": "public", "can_gild": true, "subreddit": "AskHistorians", "author_flair_text_color": "dark", "score_hidden": false, "permalink": "/r/AskHistorians/comments/8vtmj8/has_sexual_activity_changed_with_changes_in/e1rrwyp/", "num_reports": null, "name": "t1_e1rrwyp", "created": 1530728403.0, "author_flair_text": "Early Modern English Death Culture", "created_utc": 1530699603.0, "subreddit_name_prefixed": "r/AskHistorians", "controversiality": 0, "depth": 0, "author_flair_background_color": "", "mod_reports": [], "mod_note": null, "distinguished": null}}, {"kind": "t1", "data": {"subreddit_id": "t5_2ssp3", "approved_at_utc": null, "ups": 0, "mod_reason_by": null, "banned_by": null, "removal_reason": null, "link_id": "t3_8vtmj8", "author_flair_template_id": null, "likes": null, "no_follow": true, "replies": {"kind": "Listing", "data": {"modhash": "", "dist": null, "children": [{"kind": "t1", "data": {"subreddit_id": "t5_2ssp3", "approved_at_utc": null, "ups": 5, "mod_reason_by": null, "banned_by": null, "author_flair_type": "text", "removal_reason": null, "link_id": "t3_8vtmj8", "author_flair_template_id": "7b2f3f40-c626-11e2-9a3e-12313d1841d1", "likes": null, "no_follow": false, "replies": "", "user_reports": [], "saved": false, "id": "e1q9flk", "banned_at_utc": null, "mod_reason_title": null, "gilded": 0, "archived": false, "report_reasons": null, "author": "commiespaceinvader", "can_mod_post": false, "send_replies": true, "parent_id": "t1_e1q8q9m", "score": 5, "approved_by": null, "downs": 0, "body": "This reply is not appropriate for this subreddit. While we [aren't](https://www.reddit.com/r/askhistorians/wiki/aprilfools) as [humorless](https://www.reddit.com/r/askhistorians/wiki/aprilfools2) as our [reputation](https://www.reddit.com/r/askhistorians/wiki/aprilfools3) implies, [a comment should not consist solely of a joke](https://www.reddit.com/r/AskHistorians/wiki/rules#wiki_jokes_and_humour), although incorporating humor into a proper answer is acceptable. Do not post in this manner again.", "edited": false, "author_flair_css_class": "europe", "collapsed": false, "author_flair_richtext": [], "is_submitter": false, "collapsed_reason": null, "body_html": "&lt;div class=\"md\"&gt;&lt;p&gt;This reply is not appropriate for this subreddit. While we &lt;a href=\"https://www.reddit.com/r/askhistorians/wiki/aprilfools\"&gt;aren&amp;#39;t&lt;/a&gt; as &lt;a href=\"https://www.reddit.com/r/askhistorians/wiki/aprilfools2\"&gt;humorless&lt;/a&gt; as our &lt;a href=\"https://www.reddit.com/r/askhistorians/wiki/aprilfools3\"&gt;reputation&lt;/a&gt; implies, &lt;a href=\"https://www.reddit.com/r/AskHistorians/wiki/rules#wiki_jokes_and_humour\"&gt;a comment should not consist solely of a joke&lt;/a&gt;, although incorporating humor into a proper answer is acceptable. Do not post in this manner again.&lt;/p&gt;\n&lt;/div&gt;", "stickied": false, "subreddit_type": "public", "can_gild": true, "subreddit": "AskHistorians", "author_flair_text_color": "light", "score_hidden": false, "permalink": "/r/AskHistorians/comments/8vtmj8/has_sexual_activity_changed_with_changes_in/e1q9flk/", "num_reports": null, "name": "t1_e1q9flk", "created": 1530668079.0, "author_flair_text": "Moderator | Holocaust | Nazi Germany | Wehrmacht War Crimes", "created_utc": 1530639279.0, "subreddit_name_prefixed": "r/AskHistorians", "controversiality": 0, "depth": 1, "author_flair_background_color": "#003399", "mod_reports": [], "mod_note": null, "distinguished": "moderator"}}], "after": null, "before": null}}, "user_reports": [], "saved": false, "id": "e1q8q9m", "banned_at_utc": null, "mod_reason_title": null, "gilded": 0, "archived": false, "report_reasons": null, "author": "[deleted]", "can_mod_post": false, "send_replies": true, "parent_id": "t3_8vtmj8", "score": 0, "approved_by": null, "downs": 0, "body": "[removed]", "edited": false, "author_flair_css_class": null, "collapsed": false, "is_submitter": false, "collapsed_reason": null, "body_html": "&lt;div class=\"md\"&gt;&lt;p&gt;[removed]&lt;/p&gt;\n&lt;/div&gt;", "stickied": false, "subreddit_type": "public", "can_gild": true, "subreddit": "AskHistorians", "author_flair_text_color": "dark", "score_hidden": false, "permalink": "/r/AskHistorians/comments/8vtmj8/has_sexual_activity_changed_with_changes_in/e1q8q9m/", "num_reports": null, "name": "t1_e1q8q9m", "created": 1530667502.0, "author_flair_text": null, "created_utc": 1530638702.0, "subreddit_name_prefixed": "r/AskHistorians", "controversiality": 0, "depth": 0, "author_flair_background_color": "", "mod_reports": [], "mod_note": null, "distinguished": null}}], "after": null, "before": null}}]