[{"kind": "Listing", "data": {"modhash": "", "dist": 1, "children": [{"kind": "t3", "data": {"approved_at_utc": null, "subreddit": "AskHistorians", "selftext": "[deleted]", "user_reports": [], "saved": false, "mod_reason_title": null, "gilded": 0, "clicked": false, "title": "What rights did women living in the A.D. 1500-1600s have?", "link_flair_richtext": [], "subreddit_name_prefixed": "r/AskHistorians", "hidden": false, "pwls": 6, "link_flair_css_class": null, "downs": 0, "parent_whitelist_status": "all_ads", "hide_score": false, "name": "t3_fty94z", "quarantine": false, "link_flair_text_color": "dark", "upvote_ratio": 0.6, "author_flair_background_color": "", "subreddit_type": "public", "ups": 1, "total_awards_received": 0, "media_embed": {}, "author_flair_template_id": null, "is_original_content": false, "secure_media": null, "is_reddit_media_domain": false, "is_meta": false, "category": null, "secure_media_embed": {}, "link_flair_text": null, "can_mod_post": false, "num_duplicates": 0, "approved_by": null, "thumbnail": "", "edited": false, "author_flair_css_class": null, "gildings": {}, "content_categories": null, "is_self": true, "mod_note": null, "created": 1585903317.0, "link_flair_type": "text", "wls": 6, "removed_by_category": "deleted", "banned_by": null, "domain": "self.AskHistorians", "allow_live_comments": false, "selftext_html": "&lt;!-- SC_OFF --&gt;&lt;div class=\"md\"&gt;&lt;p&gt;[deleted]&lt;/p&gt;\n&lt;/div&gt;&lt;!-- SC_ON --&gt;", "likes": null, "suggested_sort": null, "banned_at_utc": null, "view_count": null, "archived": false, "score": 1, "no_follow": true, "is_crosspostable": false, "pinned": false, "over_18": false, "all_awardings": [], "awarders": [], "media_only": false, "can_gild": false, "spoiler": false, "locked": false, "author_flair_text": null, "treatment_tags": [], "visited": false, "removed_by": null, "num_reports": null, "distinguished": null, "subreddit_id": "t5_2ssp3", "mod_reason_by": null, "removal_reason": null, "link_flair_background_color": "", "id": "fty94z", "is_robot_indexable": false, "report_reasons": null, "author": "[deleted]", "discussion_type": null, "num_comments": 4, "send_replies": true, "media": null, "contest_mode": false, "author_flair_text_color": "dark", "permalink": "/r/AskHistorians/comments/fty94z/what_rights_did_women_living_in_the_ad_15001600s/", "whitelist_status": "all_ads", "stickied": false, "url": "https://www.reddit.com/r/AskHistorians/comments/fty94z/what_rights_did_women_living_in_the_ad_15001600s/", "subreddit_subscribers": 1162704, "created_utc": 1585874517.0, "num_crossposts": 0, "mod_reports": [], "is_video": false}}], "after": null, "before": null}}, {"kind": "Listing", "data": {"modhash": "", "dist": null, "children": [{"kind": "t1", "data": {"total_awards_received": 0, "approved_at_utc": null, "ups": 1, "awarders": [], "mod_reason_by": null, "banned_by": null, "author_flair_type": "richtext", "removal_reason": null, "link_id": "t3_fty94z", "author_flair_template_id": "9e641f94-c626-11e2-8e2c-12313b0b21ae", "likes": null, "replies": "", "user_reports": [], "saved": false, "id": "fm9qv2u", "banned_at_utc": null, "mod_reason_title": null, "gilded": 0, "archived": false, "no_follow": true, "author": "AutoModerator", "can_mod_post": false, "send_replies": false, "parent_id": "t3_fty94z", "score": 1, "author_fullname": "t2_6l4z3", "report_reasons": null, "approved_by": null, "all_awardings": [], "subreddit_id": "t5_2ssp3", "body": "Welcome to /r/AskHistorians. **Please [Read Our Rules](https://www.reddit.com/r/AskHistorians/wiki/rules) before you comment in this community**. Understand that rule breaking comments get removed.\n\nWe thank you for your interest in this *question*, and your patience in waiting for an in-depth and comprehensive answer to be written, which takes time. Please consider **[Clicking Here for RemindMeBot](https://www.reddit.com/message/compose/?to=RemindMeBot&amp;subject=Reminder&amp;message=%5Bhttps://www.reddit.com/r/AskHistorians/comments/fty94z/what_rights_did_women_living_in_the_ad_15001600s/%5D%0A%0ARemindMe!%202%20days)**, [using our Browser Extension](https://www.reddit.com/r/AskHistorians/comments/d6dzi7/tired_of_clicking_to_find_only_removed_comments/), or getting the [Weekly Roundup](https://www.reddit.com/message/compose?to=subredditsummarybot&amp;subject=askhistorians+weekly&amp;message=x). In the meantime our [Twitter](https://twitter.com/askhistorians), [Facebook](https://www.facebook.com/askhistorians/), and [Sunday Digest](https://www.reddit.com/r/AskHistorians/search?q=title%3A%22Sunday+Digest%22&amp;restrict_sr=on&amp;sort=new&amp;t=all) feature excellent content that has already been written!\n\n\n*I am a bot, and this action was performed automatically. Please [contact the moderators of this subreddit](/message/compose/?to=/r/AskHistorians) if you have any questions or concerns.*", "edited": false, "downs": 0, "author_flair_css_class": null, "is_submitter": false, "collapsed": false, "author_flair_richtext": [{"e": "text", "t": "History of Robotics"}], "author_patreon_flair": false, "body_html": "&lt;div class=\"md\"&gt;&lt;p&gt;Welcome to &lt;a href=\"/r/AskHistorians\"&gt;/r/AskHistorians&lt;/a&gt;. &lt;strong&gt;Please &lt;a href=\"https://www.reddit.com/r/AskHistorians/wiki/rules\"&gt;Read Our Rules&lt;/a&gt; before you comment in this community&lt;/strong&gt;. Understand that rule breaking comments get removed.&lt;/p&gt;\n\n&lt;p&gt;We thank you for your interest in this &lt;em&gt;question&lt;/em&gt;, and your patience in waiting for an in-depth and comprehensive answer to be written, which takes time. Please consider &lt;strong&gt;&lt;a href=\"https://www.reddit.com/message/compose/?to=RemindMeBot&amp;amp;subject=Reminder&amp;amp;message=%5Bhttps://www.reddit.com/r/AskHistorians/comments/fty94z/what_rights_did_women_living_in_the_ad_15001600s/%5D%0A%0ARemindMe!%202%20days\"&gt;Clicking Here for RemindMeBot&lt;/a&gt;&lt;/strong&gt;, &lt;a href=\"https://www.reddit.com/r/AskHistorians/comments/d6dzi7/tired_of_clicking_to_find_only_removed_comments/\"&gt;using our Browser Extension&lt;/a&gt;, or getting the &lt;a href=\"https://www.reddit.com/message/compose?to=subredditsummarybot&amp;amp;subject=askhistorians+weekly&amp;amp;message=x\"&gt;Weekly Roundup&lt;/a&gt;. In the meantime our &lt;a href=\"https://twitter.com/askhistorians\"&gt;Twitter&lt;/a&gt;, &lt;a href=\"https://www.facebook.com/askhistorians/\"&gt;Facebook&lt;/a&gt;, and &lt;a href=\"https://www.reddit.com/r/AskHistorians/search?q=title%3A%22Sunday+Digest%22&amp;amp;restrict_sr=on&amp;amp;sort=new&amp;amp;t=all\"&gt;Sunday Digest&lt;/a&gt; feature excellent content that has already been written!&lt;/p&gt;\n\n&lt;p&gt;&lt;em&gt;I am a bot, and this action was performed automatically. Please &lt;a href=\"/message/compose/?to=/r/AskHistorians\"&gt;contact the moderators of this subreddit&lt;/a&gt; if you have any questions or concerns.&lt;/em&gt;&lt;/p&gt;\n&lt;/div&gt;", "gildings": {}, "collapsed_reason": null, "associated_award": null, "stickied": true, "author_premium": true, "subreddit_type": "public", "can_gild": true, "subreddit": "AskHistorians", "author_flair_text_color": "light", "score_hidden": true, "permalink": "/r/AskHistorians/comments/fty94z/what_rights_did_women_living_in_the_ad_15001600s/fm9qv2u/", "num_reports": null, "locked": true, "name": "t1_fm9qv2u", "created": 1585903318.0, "author_flair_text": "History of Robotics", "treatment_tags": [], "created_utc": 1585874518.0, "subreddit_name_prefixed": "r/AskHistorians", "controversiality": 0, "depth": 0, "author_flair_background_color": "#993366", "collapsed_because_crowd_control": null, "mod_reports": [], "mod_note": null, "distinguished": "moderator"}}, {"kind": "t1", "data": {"total_awards_received": 0, "approved_at_utc": null, "ups": 3, "awarders": [], "mod_reason_by": null, "banned_by": null, "author_flair_type": "richtext", "removal_reason": null, "link_id": "t3_fty94z", "author_flair_template_id": "7b2f3f40-c626-11e2-9a3e-12313d1841d1", "likes": null, "replies": {"kind": "Listing", "data": {"modhash": "", "dist": null, "children": [{"kind": "t1", "data": {"total_awards_received": 0, "approved_at_utc": null, "ups": -1, "awarders": [], "mod_reason_by": null, "banned_by": null, "removal_reason": null, "link_id": "t3_fty94z", "author_flair_template_id": null, "likes": null, "no_follow": true, "replies": "", "user_reports": [], "saved": false, "id": "fma7upz", "banned_at_utc": null, "mod_reason_title": null, "gilded": 0, "archived": false, "report_reasons": null, "author": "[deleted]", "can_mod_post": false, "send_replies": true, "parent_id": "t1_fma42xt", "score": -1, "approved_by": null, "all_awardings": [], "subreddit_id": "t5_2ssp3", "body": "[removed]", "edited": false, "author_flair_css_class": null, "collapsed": true, "downs": 0, "is_submitter": false, "body_html": "&lt;div class=\"md\"&gt;&lt;p&gt;[removed]&lt;/p&gt;\n&lt;/div&gt;", "gildings": {}, "collapsed_reason": null, "associated_award": null, "stickied": false, "subreddit_type": "public", "can_gild": false, "subreddit": "AskHistorians", "author_flair_text_color": "dark", "score_hidden": false, "permalink": "/r/AskHistorians/comments/fty94z/what_rights_did_women_living_in_the_ad_15001600s/fma7upz/", "num_reports": null, "locked": false, "name": "t1_fma7upz", "created": 1585914891.0, "author_flair_text": null, "treatment_tags": [], "created_utc": 1585886091.0, "subreddit_name_prefixed": "r/AskHistorians", "controversiality": 0, "depth": 1, "author_flair_background_color": "", "collapsed_because_crowd_control": null, "mod_reports": [], "mod_note": null, "distinguished": null}}], "after": null, "before": null}}, "user_reports": [], "saved": false, "id": "fma42xt", "banned_at_utc": null, "mod_reason_title": null, "gilded": 0, "archived": false, "no_follow": true, "author": "sunagainstgold", "can_mod_post": false, "send_replies": true, "parent_id": "t3_fty94z", "score": 3, "author_fullname": "t2_j83ki", "report_reasons": null, "approved_by": null, "all_awardings": [], "subreddit_id": "t5_2ssp3", "body": "&gt; The fact that Margret Cavendish (1623-1673) was able to sell her works of philosophy and become famous and accepted into the Royal Society shows that women weren't oppressed. \n\nActually, Cavendish was not accepted into the Royal Society. They invited her to attend a meeting. The Society banned women members until the 19th century.\n\n...That would seem to answer your question.\n\n~~\n\nYou may also be interested in my answers to several earlier questions:\n\n* [What contributions did women make to the Scientific Revolution?](https://www.reddit.com/r/AskHistorians/comments/3qmtlq/what_contributions_to_the_scientific_revolution/)\n* [Was there opposition to women writers in the Middle Ages?](https://www.reddit.com/r/AskHistorians/comments/cgbe1k/was_there_opposition_against_women_writers_in_the/euhqyri/) (Yes, this answer deals with the late Middle Ages rather than the early modern era, but it explains the \"exception proves the rule\" in play here)\n* [What are some examples of Renaissance women?](https://www.reddit.com/r/AskHistorians/comments/5riw8w/leonardo_da_vinci_is_often_cited_as_an_example_of/dd7za52/) - similarly, discusses directly how those exceptional artists you...can't even name...are unique cases, and how they achieved that status while it was forbidden to 99.999% of women.\n* [The famous diarist Samuel Pepys is routinely abusive towards women, taking advantage of his maids (sometimes young girls), groping even when resisted, cheating on his wife, etc. Were 17th century men that abusive towards women and young girls, or was Pepys an especially bad example even for his age?](https://www.reddit.com/r/AskHistorians/comments/9zbcnp/the_famous_diarist_samuel_pepys_is_routinely/ea8vihn/)\n* [How common was sexual violence in the Middle Ages [and early modern era]?](https://www.reddit.com/r/AskHistorians/comments/9fzxny/how_common_was_sexual_violence_during_the_middle/e621m3n/) - my examples come from the 12th-17th centuries", "edited": false, "downs": 0, "author_flair_css_class": null, "is_submitter": false, "collapsed": false, "author_flair_richtext": [{"e": "text", "t": "Moderator | Medieval &amp; Earliest Modern Europe"}], "author_patreon_flair": false, "body_html": "&lt;div class=\"md\"&gt;&lt;blockquote&gt;\n&lt;p&gt;The fact that Margret Cavendish (1623-1673) was able to sell her works of philosophy and become famous and accepted into the Royal Society shows that women weren&amp;#39;t oppressed. &lt;/p&gt;\n&lt;/blockquote&gt;\n\n&lt;p&gt;Actually, Cavendish was not accepted into the Royal Society. They invited her to attend a meeting. The Society banned women members until the 19th century.&lt;/p&gt;\n\n&lt;p&gt;...That would seem to answer your question.&lt;/p&gt;\n\n&lt;p&gt;~~&lt;/p&gt;\n\n&lt;p&gt;You may also be interested in my answers to several earlier questions:&lt;/p&gt;\n\n&lt;ul&gt;\n&lt;li&gt;&lt;a href=\"https://www.reddit.com/r/AskHistorians/comments/3qmtlq/what_contributions_to_the_scientific_revolution/\"&gt;What contributions did women make to the Scientific Revolution?&lt;/a&gt;&lt;/li&gt;\n&lt;li&gt;&lt;a href=\"https://www.reddit.com/r/AskHistorians/comments/cgbe1k/was_there_opposition_against_women_writers_in_the/euhqyri/\"&gt;Was there opposition to women writers in the Middle Ages?&lt;/a&gt; (Yes, this answer deals with the late Middle Ages rather than the early modern era, but it explains the &amp;quot;exception proves the rule&amp;quot; in play here)&lt;/li&gt;\n&lt;li&gt;&lt;a href=\"https://www.reddit.com/r/AskHistorians/comments/5riw8w/leonardo_da_vinci_is_often_cited_as_an_example_of/dd7za52/\"&gt;What are some examples of Renaissance women?&lt;/a&gt; - similarly, discusses directly how those exceptional artists you...can&amp;#39;t even name...are unique cases, and how they achieved that status while it was forbidden to 99.999% of women.&lt;/li&gt;\n&lt;li&gt;&lt;a href=\"https://www.reddit.com/r/AskHistorians/comments/9zbcnp/the_famous_diarist_samuel_pepys_is_routinely/ea8vihn/\"&gt;The famous diarist Samuel Pepys is routinely abusive towards women, taking advantage of his maids (sometimes young girls), groping even when resisted, cheating on his wife, etc. Were 17th century men that abusive towards women and young girls, or was Pepys an especially bad example even for his age?&lt;/a&gt;&lt;/li&gt;\n&lt;li&gt;&lt;a href=\"https://www.reddit.com/r/AskHistorians/comments/9fzxny/how_common_was_sexual_violence_during_the_middle/e621m3n/\"&gt;How common was sexual violence in the Middle Ages [and early modern era]?&lt;/a&gt; - my examples come from the 12th-17th centuries&lt;/li&gt;\n&lt;/ul&gt;\n&lt;/div&gt;", "gildings": {}, "collapsed_reason": null, "associated_award": null, "stickied": false, "author_premium": true, "subreddit_type": "public", "can_gild": true, "subreddit": "AskHistorians", "author_flair_text_color": "light", "score_hidden": false, "permalink": "/r/AskHistorians/comments/fty94z/what_rights_did_women_living_in_the_ad_15001600s/fma42xt/", "num_reports": null, "locked": false, "name": "t1_fma42xt", "created": 1585912115.0, "author_flair_text": "Moderator | Medieval &amp; Earliest Modern Europe", "treatment_tags": [], "created_utc": 1585883315.0, "subreddit_name_prefixed": "r/AskHistorians", "controversiality": 0, "depth": 0, "author_flair_background_color": "#003399", "collapsed_because_crowd_control": null, "mod_reports": [], "mod_note": null, "distinguished": null}}], "after": null, "before": null}}]