[{"kind": "Listing", "data": {"modhash": "", "dist": 1, "children": [{"kind": "t3", "data": {"approved_at_utc": null, "subreddit": "AskHistorians", "selftext": "I'm working on analyzing how poems have affected various events in history with my middle school students and we found a story about how when the Japanese were gaining their cultural independence from China, they used a poetry library to assert themselves as their own culture.\n\nCan anyone help me fact check this information or, better yet, help me tell the whole story to my students? They are super curious and I'm having trouble finding anything on the topic.\n\nThank you :)", "user_reports": [], "saved": false, "mod_reason_title": null, "gilded": 0, "clicked": false, "title": "Poetry and Japanese Independence?", "link_flair_richtext": [], "subreddit_name_prefixed": "r/AskHistorians", "hidden": false, "pwls": 6, "link_flair_css_class": null, "downs": 0, "parent_whitelist_status": "all_ads", "hide_score": false, "name": "t3_fu9x2a", "quarantine": false, "link_flair_text_color": "dark", "upvote_ratio": 0.7, "author_flair_background_color": null, "subreddit_type": "public", "ups": 5, "total_awards_received": 0, "media_embed": {}, "author_flair_template_id": null, "is_original_content": false, "author_fullname": "t2_614iq11c", "secure_media": null, "is_reddit_media_domain": false, "is_meta": false, "category": null, "secure_media_embed": {}, "link_flair_text": null, "can_mod_post": false, "num_duplicates": 1, "approved_by": null, "author_premium": false, "thumbnail": "", "edited": 1585949118.0, "author_flair_css_class": null, "author_flair_richtext": [], "gildings": {}, "content_categories": null, "is_self": true, "mod_note": null, "created": 1585954886.0, "link_flair_type": "text", "wls": 6, "removed_by_category": null, "banned_by": null, "author_flair_type": "text", "domain": "self.AskHistorians", "allow_live_comments": false, "selftext_html": "&lt;!-- SC_OFF --&gt;&lt;div class=\"md\"&gt;&lt;p&gt;I&amp;#39;m working on analyzing how poems have affected various events in history with my middle school students and we found a story about how when the Japanese were gaining their cultural independence from China, they used a poetry library to assert themselves as their own culture.&lt;/p&gt;\n\n&lt;p&gt;Can anyone help me fact check this information or, better yet, help me tell the whole story to my students? They are super curious and I&amp;#39;m having trouble finding anything on the topic.&lt;/p&gt;\n\n&lt;p&gt;Thank you :)&lt;/p&gt;\n&lt;/div&gt;&lt;!-- SC_ON --&gt;", "likes": null, "suggested_sort": null, "banned_at_utc": null, "view_count": null, "archived": false, "score": 5, "no_follow": true, "is_crosspostable": false, "pinned": false, "over_18": false, "all_awardings": [], "awarders": [], "media_only": false, "can_gild": false, "spoiler": false, "locked": false, "author_flair_text": null, "treatment_tags": [], "visited": false, "removed_by": null, "num_reports": null, "distinguished": null, "subreddit_id": "t5_2ssp3", "mod_reason_by": null, "removal_reason": null, "link_flair_background_color": "", "id": "fu9x2a", "is_robot_indexable": true, "report_reasons": null, "author": "kategarfin", "discussion_type": null, "num_comments": 5, "send_replies": true, "media": null, "contest_mode": false, "author_patreon_flair": false, "author_flair_text_color": null, "permalink": "/r/AskHistorians/comments/fu9x2a/poetry_and_japanese_independence/", "whitelist_status": "all_ads", "stickied": false, "url": "https://www.reddit.com/r/AskHistorians/comments/fu9x2a/poetry_and_japanese_independence/", "subreddit_subscribers": 1162704, "created_utc": 1585926086.0, "num_crossposts": 0, "mod_reports": [], "is_video": false}}], "after": null, "before": null}}, {"kind": "Listing", "data": {"modhash": "", "dist": null, "children": [{"kind": "t1", "data": {"total_awards_received": 0, "approved_at_utc": null, "ups": 1, "awarders": [], "mod_reason_by": null, "banned_by": null, "author_flair_type": "richtext", "removal_reason": null, "link_id": "t3_fu9x2a", "author_flair_template_id": "9e641f94-c626-11e2-8e2c-12313b0b21ae", "likes": null, "replies": "", "user_reports": [], "saved": false, "id": "fmbgulx", "banned_at_utc": null, "mod_reason_title": null, "gilded": 0, "archived": false, "no_follow": true, "author": "AutoModerator", "can_mod_post": false, "send_replies": false, "parent_id": "t3_fu9x2a", "score": 1, "author_fullname": "t2_6l4z3", "report_reasons": null, "approved_by": null, "all_awardings": [], "subreddit_id": "t5_2ssp3", "body": "Welcome to /r/AskHistorians. **Please [Read Our Rules](https://www.reddit.com/r/AskHistorians/wiki/rules) before you comment in this community**. Understand that rule breaking comments get removed.\n\nWe thank you for your interest in this *question*, and your patience in waiting for an in-depth and comprehensive answer to be written, which takes time. Please consider **[Clicking Here for RemindMeBot](https://www.reddit.com/message/compose/?to=RemindMeBot&amp;subject=Reminder&amp;message=%5Bhttps://www.reddit.com/r/AskHistorians/comments/fu9x2a/poetry_and_japanese_independence/%5D%0A%0ARemindMe!%202%20days)**, [using our Browser Extension](https://www.reddit.com/r/AskHistorians/comments/d6dzi7/tired_of_clicking_to_find_only_removed_comments/), or getting the [Weekly Roundup](https://www.reddit.com/message/compose?to=subredditsummarybot&amp;subject=askhistorians+weekly&amp;message=x). In the meantime our [Twitter](https://twitter.com/askhistorians), [Facebook](https://www.facebook.com/askhistorians/), and [Sunday Digest](https://www.reddit.com/r/AskHistorians/search?q=title%3A%22Sunday+Digest%22&amp;restrict_sr=on&amp;sort=new&amp;t=all) feature excellent content that has already been written!\n\n\n*I am a bot, and this action was performed automatically. Please [contact the moderators of this subreddit](/message/compose/?to=/r/AskHistorians) if you have any questions or concerns.*", "edited": false, "downs": 0, "author_flair_css_class": null, "is_submitter": false, "collapsed": false, "author_flair_richtext": [{"e": "text", "t": "History of Robotics"}], "author_patreon_flair": false, "body_html": "&lt;div class=\"md\"&gt;&lt;p&gt;Welcome to &lt;a href=\"/r/AskHistorians\"&gt;/r/AskHistorians&lt;/a&gt;. &lt;strong&gt;Please &lt;a href=\"https://www.reddit.com/r/AskHistorians/wiki/rules\"&gt;Read Our Rules&lt;/a&gt; before you comment in this community&lt;/strong&gt;. Understand that rule breaking comments get removed.&lt;/p&gt;\n\n&lt;p&gt;We thank you for your interest in this &lt;em&gt;question&lt;/em&gt;, and your patience in waiting for an in-depth and comprehensive answer to be written, which takes time. Please consider &lt;strong&gt;&lt;a href=\"https://www.reddit.com/message/compose/?to=RemindMeBot&amp;amp;subject=Reminder&amp;amp;message=%5Bhttps://www.reddit.com/r/AskHistorians/comments/fu9x2a/poetry_and_japanese_independence/%5D%0A%0ARemindMe!%202%20days\"&gt;Clicking Here for RemindMeBot&lt;/a&gt;&lt;/strong&gt;, &lt;a href=\"https://www.reddit.com/r/AskHistorians/comments/d6dzi7/tired_of_clicking_to_find_only_removed_comments/\"&gt;using our Browser Extension&lt;/a&gt;, or getting the &lt;a href=\"https://www.reddit.com/message/compose?to=subredditsummarybot&amp;amp;subject=askhistorians+weekly&amp;amp;message=x\"&gt;Weekly Roundup&lt;/a&gt;. In the meantime our &lt;a href=\"https://twitter.com/askhistorians\"&gt;Twitter&lt;/a&gt;, &lt;a href=\"https://www.facebook.com/askhistorians/\"&gt;Facebook&lt;/a&gt;, and &lt;a href=\"https://www.reddit.com/r/AskHistorians/search?q=title%3A%22Sunday+Digest%22&amp;amp;restrict_sr=on&amp;amp;sort=new&amp;amp;t=all\"&gt;Sunday Digest&lt;/a&gt; feature excellent content that has already been written!&lt;/p&gt;\n\n&lt;p&gt;&lt;em&gt;I am a bot, and this action was performed automatically. Please &lt;a href=\"/message/compose/?to=/r/AskHistorians\"&gt;contact the moderators of this subreddit&lt;/a&gt; if you have any questions or concerns.&lt;/em&gt;&lt;/p&gt;\n&lt;/div&gt;", "gildings": {}, "collapsed_reason": null, "associated_award": null, "stickied": true, "author_premium": true, "subreddit_type": "public", "can_gild": true, "subreddit": "AskHistorians", "author_flair_text_color": "light", "score_hidden": true, "permalink": "/r/AskHistorians/comments/fu9x2a/poetry_and_japanese_independence/fmbgulx/", "num_reports": null, "locked": true, "name": "t1_fmbgulx", "created": 1585954886.0, "author_flair_text": "History of Robotics", "treatment_tags": [], "created_utc": 1585926086.0, "subreddit_name_prefixed": "r/AskHistorians", "controversiality": 0, "depth": 0, "author_flair_background_color": "#993366", "collapsed_because_crowd_control": null, "mod_reports": [], "mod_note": null, "distinguished": "moderator"}}, {"kind": "t1", "data": {"total_awards_received": 0, "approved_at_utc": null, "ups": 2, "awarders": [], "mod_reason_by": null, "banned_by": null, "author_flair_type": "richtext", "removal_reason": null, "link_id": "t3_fu9x2a", "author_flair_template_id": "58dca6ca-b888-11e9-ba75-0e436a518da0", "likes": null, "replies": {"kind": "Listing", "data": {"modhash": "", "dist": null, "children": [{"kind": "t1", "data": {"total_awards_received": 0, "approved_at_utc": null, "ups": 3, "awarders": [], "mod_reason_by": null, "banned_by": null, "author_flair_type": "text", "removal_reason": null, "link_id": "t3_fu9x2a", "author_flair_template_id": null, "likes": null, "replies": {"kind": "Listing", "data": {"modhash": "", "dist": null, "children": [{"kind": "t1", "data": {"total_awards_received": 0, "approved_at_utc": null, "ups": 6, "awarders": [], "mod_reason_by": null, "banned_by": null, "author_flair_type": "richtext", "removal_reason": null, "link_id": "t3_fu9x2a", "author_flair_template_id": "78426082-c626-11e2-891b-12313b06caaf", "likes": null, "replies": {"kind": "Listing", "data": {"modhash": "", "dist": null, "children": [{"kind": "t1", "data": {"total_awards_received": 0, "approved_at_utc": null, "ups": 2, "awarders": [], "mod_reason_by": null, "banned_by": null, "author_flair_type": "text", "removal_reason": null, "link_id": "t3_fu9x2a", "author_flair_template_id": null, "likes": null, "replies": "", "user_reports": [], "saved": false, "id": "fml78ol", "banned_at_utc": null, "mod_reason_title": null, "gilded": 0, "archived": false, "no_follow": true, "author": "kategarfin", "can_mod_post": false, "send_replies": true, "parent_id": "t1_fmfwrno", "score": 2, "author_fullname": "t2_614iq11c", "report_reasons": null, "approved_by": null, "all_awardings": [], "subreddit_id": "t5_2ssp3", "body": "Thank you! This is truly helpful.", "edited": false, "downs": 0, "author_flair_css_class": null, "is_submitter": true, "collapsed": false, "author_flair_richtext": [], "author_patreon_flair": false, "body_html": "&lt;div class=\"md\"&gt;&lt;p&gt;Thank you! This is truly helpful.&lt;/p&gt;\n&lt;/div&gt;", "gildings": {}, "collapsed_reason": null, "associated_award": null, "stickied": false, "author_premium": false, "subreddit_type": "public", "can_gild": true, "subreddit": "AskHistorians", "author_flair_text_color": null, "score_hidden": false, "permalink": "/r/AskHistorians/comments/fu9x2a/poetry_and_japanese_independence/fml78ol/", "num_reports": null, "locked": false, "name": "t1_fml78ol", "created": 1586209120.0, "author_flair_text": null, "treatment_tags": [], "created_utc": 1586180320.0, "subreddit_name_prefixed": "r/AskHistorians", "controversiality": 0, "depth": 3, "author_flair_background_color": null, "collapsed_because_crowd_control": null, "mod_reports": [], "mod_note": null, "distinguished": null}}], "after": null, "before": null}}, "user_reports": [], "saved": false, "id": "fmfwrno", "banned_at_utc": null, "mod_reason_title": null, "gilded": 0, "archived": false, "no_follow": true, "author": "ParallelPain", "can_mod_post": false, "created_utc": 1586036467.0, "send_replies": true, "parent_id": "t1_fmcsb0t", "score": 6, "author_fullname": "t2_i0kro", "report_reasons": null, "approved_by": null, "all_awardings": [], "subreddit_id": "t5_2ssp3", "body": "If I really had to guess, I would say the author is talking about the *Kokin Wakash\u016b* of the early 10th century, which was the first known collection of Japanese poetry compiled on Imperial orders. Its preface contains the compiler's highly influential analysis (\"criticism\") of Japanese poetry, how he thinks it should be written and where the art form's going. Importantly the preface is written in both Japanese and Chinese. While we don't know for sure why he decided to do this, considering that:\n\n1. Chinese poetry was so popular that the word \"poetry\" means \"Chinese poetry\"\n2. the first collection of Chinese poetry compiled on Imperial orders was published a century prior to the *Kokin Wakash\u016b*\n3. two more Imperial collection of Chinese poetry were published before the *Kokin Wakash\u016b*, and\n4. after the *Kokin Wakash\u016b* Imperial collections seem to focus on Japanese poetry\n\nit's assumed to reflect the culture of the time when Japanese poetry start to match and overtake the popularity of Chinese poetry in the Japanese court.\n\nThat's not to say that Chinese poetry became unpopular, as the *Wakan R\u014deish\u016b* (not Imperial collection) a century later tellingly contains both. So I'd caution against too strong of an interpretation, like a conscious attempt at \"independence\" from Chinese culture, which continued to be very popular. Rather it's probably better to take a step down and see it as people's preferences reflecting the trend of the time of increased appreciation for \"home-grown\" culture, which might have in turn increased the position of Japanese culture vis-a-vis Chinese culture in the Japanese court, at least in regards to poetry.\n\nUnfortunately it is so far removed from my area I can't give you a deeper analysis. Hopefully someone more knowledgeable can chime in. If not, this should at least be a good starting point to look into the subject.", "edited": 1586037013.0, "author_flair_css_class": null, "is_submitter": false, "downs": 0, "author_flair_richtext": [{"e": "text", "t": "Sengoku Japan"}], "author_patreon_flair": false, "body_html": "&lt;div class=\"md\"&gt;&lt;p&gt;If I really had to guess, I would say the author is talking about the &lt;em&gt;Kokin Wakash\u016b&lt;/em&gt; of the early 10th century, which was the first known collection of Japanese poetry compiled on Imperial orders. Its preface contains the compiler&amp;#39;s highly influential analysis (&amp;quot;criticism&amp;quot;) of Japanese poetry, how he thinks it should be written and where the art form&amp;#39;s going. Importantly the preface is written in both Japanese and Chinese. While we don&amp;#39;t know for sure why he decided to do this, considering that:&lt;/p&gt;\n\n&lt;ol&gt;\n&lt;li&gt;Chinese poetry was so popular that the word &amp;quot;poetry&amp;quot; means &amp;quot;Chinese poetry&amp;quot;&lt;/li&gt;\n&lt;li&gt;the first collection of Chinese poetry compiled on Imperial orders was published a century prior to the &lt;em&gt;Kokin Wakash\u016b&lt;/em&gt;&lt;/li&gt;\n&lt;li&gt;two more Imperial collection of Chinese poetry were published before the &lt;em&gt;Kokin Wakash\u016b&lt;/em&gt;, and&lt;/li&gt;\n&lt;li&gt;after the &lt;em&gt;Kokin Wakash\u016b&lt;/em&gt; Imperial collections seem to focus on Japanese poetry&lt;/li&gt;\n&lt;/ol&gt;\n\n&lt;p&gt;it&amp;#39;s assumed to reflect the culture of the time when Japanese poetry start to match and overtake the popularity of Chinese poetry in the Japanese court.&lt;/p&gt;\n\n&lt;p&gt;That&amp;#39;s not to say that Chinese poetry became unpopular, as the &lt;em&gt;Wakan R\u014deish\u016b&lt;/em&gt; (not Imperial collection) a century later tellingly contains both. So I&amp;#39;d caution against too strong of an interpretation, like a conscious attempt at &amp;quot;independence&amp;quot; from Chinese culture, which continued to be very popular. Rather it&amp;#39;s probably better to take a step down and see it as people&amp;#39;s preferences reflecting the trend of the time of increased appreciation for &amp;quot;home-grown&amp;quot; culture, which might have in turn increased the position of Japanese culture vis-a-vis Chinese culture in the Japanese court, at least in regards to poetry.&lt;/p&gt;\n\n&lt;p&gt;Unfortunately it is so far removed from my area I can&amp;#39;t give you a deeper analysis. Hopefully someone more knowledgeable can chime in. If not, this should at least be a good starting point to look into the subject.&lt;/p&gt;\n&lt;/div&gt;", "gildings": {}, "collapsed_reason": null, "associated_award": null, "stickied": false, "author_premium": false, "subreddit_type": "public", "can_gild": true, "subreddit": "AskHistorians", "author_flair_text_color": "dark", "score_hidden": false, "permalink": "/r/AskHistorians/comments/fu9x2a/poetry_and_japanese_independence/fmfwrno/", "num_reports": null, "locked": false, "name": "t1_fmfwrno", "created": 1586065267.0, "author_flair_text": "Sengoku Japan", "treatment_tags": [], "collapsed": false, "subreddit_name_prefixed": "r/AskHistorians", "controversiality": 0, "depth": 2, "author_flair_background_color": "#ffeeaa", "collapsed_because_crowd_control": null, "mod_reports": [], "mod_note": null, "distinguished": null}}], "after": null, "before": null}}, "user_reports": [], "saved": false, "id": "fmcsb0t", "banned_at_utc": null, "mod_reason_title": null, "gilded": 0, "archived": false, "no_follow": true, "author": "kategarfin", "can_mod_post": false, "send_replies": true, "parent_id": "t1_fmcetf7", "score": 3, "author_fullname": "t2_614iq11c", "report_reasons": null, "approved_by": null, "all_awardings": [], "subreddit_id": "t5_2ssp3", "collapsed": false, "body": "The BBC articles states it was an attempt at \"cultural independence.\"\n\n\"The Book of Songs enshrined poetry as the most important form of literature across East Asia. (When Japan sought cultural independence from China, it did so by creating its own poetry collection.)\"\n\n [http://www.bbc.com/culture/story/20180423-how-stories-have-shaped-the-world](http://www.bbc.com/culture/story/20180423-how-stories-have-shaped-the-world)", "edited": false, "author_flair_css_class": null, "is_submitter": true, "downs": 0, "author_flair_richtext": [], "author_patreon_flair": false, "body_html": "&lt;div class=\"md\"&gt;&lt;p&gt;The BBC articles states it was an attempt at &amp;quot;cultural independence.&amp;quot;&lt;/p&gt;\n\n&lt;p&gt;&amp;quot;The Book of Songs enshrined poetry as the most important form of literature across East Asia. (When Japan sought cultural independence from China, it did so by creating its own poetry collection.)&amp;quot;&lt;/p&gt;\n\n&lt;p&gt;&lt;a href=\"http://www.bbc.com/culture/story/20180423-how-stories-have-shaped-the-world\"&gt;http://www.bbc.com/culture/story/20180423-how-stories-have-shaped-the-world&lt;/a&gt;&lt;/p&gt;\n&lt;/div&gt;", "gildings": {}, "collapsed_reason": null, "associated_award": null, "stickied": false, "author_premium": false, "subreddit_type": "public", "can_gild": true, "subreddit": "AskHistorians", "author_flair_text_color": null, "score_hidden": false, "permalink": "/r/AskHistorians/comments/fu9x2a/poetry_and_japanese_independence/fmcsb0t/", "num_reports": null, "locked": false, "name": "t1_fmcsb0t", "created": 1585980640.0, "author_flair_text": null, "treatment_tags": [], "created_utc": 1585951840.0, "subreddit_name_prefixed": "r/AskHistorians", "controversiality": 0, "depth": 1, "author_flair_background_color": null, "collapsed_because_crowd_control": null, "mod_reports": [], "mod_note": null, "distinguished": null}}], "after": null, "before": null}}, "user_reports": [], "saved": false, "id": "fmcetf7", "banned_at_utc": null, "mod_reason_title": null, "gilded": 0, "archived": false, "no_follow": true, "author": "MarshmallowPepys", "can_mod_post": false, "send_replies": true, "parent_id": "t3_fu9x2a", "score": 2, "author_fullname": "t2_148xecry", "report_reasons": null, "approved_by": null, "all_awardings": [], "subreddit_id": "t5_2ssp3", "body": "Could you clarify what you mean by Japan gaining independence from China?", "edited": false, "downs": 0, "author_flair_css_class": "skedaddlespecial", "is_submitter": false, "collapsed": false, "author_flair_richtext": [{"e": "text", "t": "Queer British Empire"}], "author_patreon_flair": false, "body_html": "&lt;div class=\"md\"&gt;&lt;p&gt;Could you clarify what you mean by Japan gaining independence from China?&lt;/p&gt;\n&lt;/div&gt;", "gildings": {}, "collapsed_reason": null, "associated_award": null, "stickied": false, "author_premium": false, "subreddit_type": "public", "can_gild": true, "subreddit": "AskHistorians", "author_flair_text_color": "light", "score_hidden": false, "permalink": "/r/AskHistorians/comments/fu9x2a/poetry_and_japanese_independence/fmcetf7/", "num_reports": null, "locked": false, "name": "t1_fmcetf7", "created": 1585973095.0, "author_flair_text": "Queer British Empire", "treatment_tags": [], "created_utc": 1585944295.0, "subreddit_name_prefixed": "r/AskHistorians", "controversiality": 0, "depth": 0, "author_flair_background_color": "#003399", "collapsed_because_crowd_control": null, "mod_reports": [], "mod_note": null, "distinguished": null}}], "after": null, "before": null}}]