[{"kind": "Listing", "data": {"modhash": "", "dist": 1, "children": [{"kind": "t3", "data": {"approved_at_utc": null, "subreddit": "AskHistorians", "selftext": "Hello all, \n\nSorry if this falls outside the realms of the community rules, though I've read them I'm not sure if this counts or not. I'm currently undertaking dissertation research for my French degree, where I am looking into the work of American historian Robert O Paxton, and reaction surrounding his work, with a view to showing whether or not France's opinions have shifted towards the facts of the Vichy period. While I've been able to find plenty of reference to a great inital outcry against his work from mainly French commentators, I've yet to find any actual source material for this outcry. I keep hearing repeated reference to anger following the release of the French translation of his first book on the topic, ' Vichy France : Old Guard and New Order, 1940-1944'. What with university resources being limited in these troubling times (what with all the Covid), I'm quite desperately looking for any advice as to where I might be able to find sources on the matter. Any kind of negative opinion would be great, be it from newspapers or public figures. \n\nI thank you all for any help you might be able to give!", "user_reports": [], "saved": false, "mod_reason_title": null, "gilded": 0, "clicked": false, "title": "Sources regarding Robert O Paxton's work on Vichy France.", "link_flair_richtext": [], "subreddit_name_prefixed": "r/AskHistorians", "hidden": false, "pwls": 6, "link_flair_css_class": null, "downs": 0, "parent_whitelist_status": "all_ads", "hide_score": false, "name": "t3_fua71u", "quarantine": false, "link_flair_text_color": "dark", "upvote_ratio": 0.81, "author_flair_background_color": null, "subreddit_type": "public", "ups": 3, "total_awards_received": 0, "media_embed": {}, "author_flair_template_id": null, "is_original_content": false, "author_fullname": "t2_ztghn", "secure_media": null, "is_reddit_media_domain": false, "is_meta": false, "category": null, "secure_media_embed": {}, "link_flair_text": null, "can_mod_post": false, "num_duplicates": 0, "approved_by": null, "author_premium": false, "thumbnail": "", "edited": false, "author_flair_css_class": null, "author_flair_richtext": [], "gildings": {}, "content_categories": null, "is_self": true, "mod_note": null, "created": 1585955839.0, "link_flair_type": "text", "wls": 6, "removed_by_category": null, "banned_by": null, "author_flair_type": "text", "domain": "self.AskHistorians", "allow_live_comments": false, "selftext_html": "&lt;!-- SC_OFF --&gt;&lt;div class=\"md\"&gt;&lt;p&gt;Hello all, &lt;/p&gt;\n\n&lt;p&gt;Sorry if this falls outside the realms of the community rules, though I&amp;#39;ve read them I&amp;#39;m not sure if this counts or not. I&amp;#39;m currently undertaking dissertation research for my French degree, where I am looking into the work of American historian Robert O Paxton, and reaction surrounding his work, with a view to showing whether or not France&amp;#39;s opinions have shifted towards the facts of the Vichy period. While I&amp;#39;ve been able to find plenty of reference to a great inital outcry against his work from mainly French commentators, I&amp;#39;ve yet to find any actual source material for this outcry. I keep hearing repeated reference to anger following the release of the French translation of his first book on the topic, &amp;#39; Vichy France : Old Guard and New Order, 1940-1944&amp;#39;. What with university resources being limited in these troubling times (what with all the Covid), I&amp;#39;m quite desperately looking for any advice as to where I might be able to find sources on the matter. Any kind of negative opinion would be great, be it from newspapers or public figures. &lt;/p&gt;\n\n&lt;p&gt;I thank you all for any help you might be able to give!&lt;/p&gt;\n&lt;/div&gt;&lt;!-- SC_ON --&gt;", "likes": null, "suggested_sort": null, "banned_at_utc": null, "view_count": null, "archived": false, "score": 3, "no_follow": true, "is_crosspostable": false, "pinned": false, "over_18": false, "all_awardings": [], "awarders": [], "media_only": false, "can_gild": false, "spoiler": false, "locked": false, "author_flair_text": null, "treatment_tags": [], "visited": false, "removed_by": null, "num_reports": null, "distinguished": null, "subreddit_id": "t5_2ssp3", "mod_reason_by": null, "removal_reason": null, "link_flair_background_color": "", "id": "fua71u", "is_robot_indexable": true, "report_reasons": null, "author": "TheAgileElephant", "discussion_type": null, "num_comments": 4, "send_replies": true, "media": null, "contest_mode": false, "author_patreon_flair": false, "author_flair_text_color": null, "permalink": "/r/AskHistorians/comments/fua71u/sources_regarding_robert_o_paxtons_work_on_vichy/", "whitelist_status": "all_ads", "stickied": false, "url": "https://www.reddit.com/r/AskHistorians/comments/fua71u/sources_regarding_robert_o_paxtons_work_on_vichy/", "subreddit_subscribers": 1162704, "created_utc": 1585927039.0, "num_crossposts": 0, "mod_reports": [], "is_video": false}}], "after": null, "before": null}}, {"kind": "Listing", "data": {"modhash": "", "dist": null, "children": [{"kind": "t1", "data": {"total_awards_received": 0, "approved_at_utc": null, "ups": 1, "awarders": [], "mod_reason_by": null, "banned_by": null, "author_flair_type": "richtext", "removal_reason": null, "link_id": "t3_fua71u", "author_flair_template_id": "9e641f94-c626-11e2-8e2c-12313b0b21ae", "likes": null, "replies": "", "user_reports": [], "saved": false, "id": "fmbiibw", "banned_at_utc": null, "mod_reason_title": null, "gilded": 0, "archived": false, "no_follow": true, "author": "AutoModerator", "can_mod_post": false, "send_replies": false, "parent_id": "t3_fua71u", "score": 1, "author_fullname": "t2_6l4z3", "report_reasons": null, "approved_by": null, "all_awardings": [], "subreddit_id": "t5_2ssp3", "body": "Welcome to /r/AskHistorians. **Please [Read Our Rules](https://www.reddit.com/r/AskHistorians/wiki/rules) before you comment in this community**. Understand that rule breaking comments get removed.\n\nWe thank you for your interest in this *question*, and your patience in waiting for an in-depth and comprehensive answer to be written, which takes time. Please consider **[Clicking Here for RemindMeBot](https://www.reddit.com/message/compose/?to=RemindMeBot&amp;subject=Reminder&amp;message=%5Bhttps://www.reddit.com/r/AskHistorians/comments/fua71u/sources_regarding_robert_o_paxtons_work_on_vichy/%5D%0A%0ARemindMe!%202%20days)**, [using our Browser Extension](https://www.reddit.com/r/AskHistorians/comments/d6dzi7/tired_of_clicking_to_find_only_removed_comments/), or getting the [Weekly Roundup](https://www.reddit.com/message/compose?to=subredditsummarybot&amp;subject=askhistorians+weekly&amp;message=x). In the meantime our [Twitter](https://twitter.com/askhistorians), [Facebook](https://www.facebook.com/askhistorians/), and [Sunday Digest](https://www.reddit.com/r/AskHistorians/search?q=title%3A%22Sunday+Digest%22&amp;restrict_sr=on&amp;sort=new&amp;t=all) feature excellent content that has already been written!\n\n\n*I am a bot, and this action was performed automatically. Please [contact the moderators of this subreddit](/message/compose/?to=/r/AskHistorians) if you have any questions or concerns.*", "edited": false, "downs": 0, "author_flair_css_class": null, "is_submitter": false, "collapsed": false, "author_flair_richtext": [{"e": "text", "t": "History of Robotics"}], "author_patreon_flair": false, "body_html": "&lt;div class=\"md\"&gt;&lt;p&gt;Welcome to &lt;a href=\"/r/AskHistorians\"&gt;/r/AskHistorians&lt;/a&gt;. &lt;strong&gt;Please &lt;a href=\"https://www.reddit.com/r/AskHistorians/wiki/rules\"&gt;Read Our Rules&lt;/a&gt; before you comment in this community&lt;/strong&gt;. Understand that rule breaking comments get removed.&lt;/p&gt;\n\n&lt;p&gt;We thank you for your interest in this &lt;em&gt;question&lt;/em&gt;, and your patience in waiting for an in-depth and comprehensive answer to be written, which takes time. Please consider &lt;strong&gt;&lt;a href=\"https://www.reddit.com/message/compose/?to=RemindMeBot&amp;amp;subject=Reminder&amp;amp;message=%5Bhttps://www.reddit.com/r/AskHistorians/comments/fua71u/sources_regarding_robert_o_paxtons_work_on_vichy/%5D%0A%0ARemindMe!%202%20days\"&gt;Clicking Here for RemindMeBot&lt;/a&gt;&lt;/strong&gt;, &lt;a href=\"https://www.reddit.com/r/AskHistorians/comments/d6dzi7/tired_of_clicking_to_find_only_removed_comments/\"&gt;using our Browser Extension&lt;/a&gt;, or getting the &lt;a href=\"https://www.reddit.com/message/compose?to=subredditsummarybot&amp;amp;subject=askhistorians+weekly&amp;amp;message=x\"&gt;Weekly Roundup&lt;/a&gt;. In the meantime our &lt;a href=\"https://twitter.com/askhistorians\"&gt;Twitter&lt;/a&gt;, &lt;a href=\"https://www.facebook.com/askhistorians/\"&gt;Facebook&lt;/a&gt;, and &lt;a href=\"https://www.reddit.com/r/AskHistorians/search?q=title%3A%22Sunday+Digest%22&amp;amp;restrict_sr=on&amp;amp;sort=new&amp;amp;t=all\"&gt;Sunday Digest&lt;/a&gt; feature excellent content that has already been written!&lt;/p&gt;\n\n&lt;p&gt;&lt;em&gt;I am a bot, and this action was performed automatically. Please &lt;a href=\"/message/compose/?to=/r/AskHistorians\"&gt;contact the moderators of this subreddit&lt;/a&gt; if you have any questions or concerns.&lt;/em&gt;&lt;/p&gt;\n&lt;/div&gt;", "gildings": {}, "collapsed_reason": null, "associated_award": null, "stickied": true, "author_premium": true, "subreddit_type": "public", "can_gild": true, "subreddit": "AskHistorians", "author_flair_text_color": "light", "score_hidden": true, "permalink": "/r/AskHistorians/comments/fua71u/sources_regarding_robert_o_paxtons_work_on_vichy/fmbiibw/", "num_reports": null, "locked": true, "name": "t1_fmbiibw", "created": 1585955840.0, "author_flair_text": "History of Robotics", "treatment_tags": [], "created_utc": 1585927040.0, "subreddit_name_prefixed": "r/AskHistorians", "controversiality": 0, "depth": 0, "author_flair_background_color": "#993366", "collapsed_because_crowd_control": null, "mod_reports": [], "mod_note": null, "distinguished": "moderator"}}, {"kind": "t1", "data": {"total_awards_received": 0, "approved_at_utc": null, "ups": 1, "awarders": [], "mod_reason_by": null, "banned_by": null, "author_flair_type": "richtext", "removal_reason": null, "link_id": "t3_fua71u", "author_flair_template_id": "7b2f3f40-c626-11e2-9a3e-12313d1841d1", "likes": null, "replies": {"kind": "Listing", "data": {"modhash": "", "dist": null, "children": [{"kind": "t1", "data": {"total_awards_received": 0, "approved_at_utc": null, "ups": 1, "awarders": [], "mod_reason_by": null, "banned_by": null, "author_flair_type": "text", "removal_reason": null, "link_id": "t3_fua71u", "author_flair_template_id": null, "likes": null, "replies": "", "user_reports": [], "saved": false, "id": "fmc9rsh", "banned_at_utc": null, "mod_reason_title": null, "gilded": 0, "archived": false, "no_follow": true, "author": "TheAgileElephant", "can_mod_post": false, "send_replies": true, "parent_id": "t1_fmbpghz", "score": 1, "author_fullname": "t2_ztghn", "report_reasons": null, "approved_by": null, "all_awardings": [], "subreddit_id": "t5_2ssp3", "collapsed": false, "body": "Hi, and thanks for the timely response! Indeed I've got sources from Rousso's work, though the piece by Burin is something that hasn't come up as of yet, so that's fertile ground for me! I, too, was under the impression that many French people continuined to hold the belief that Petain had been a staunch defender of 'French' jews, even if it was at the expense of foreign jews, and it's something I've found reflected in sources. As for newspapers, my assisting lecturer and our subject librarian have provided access to some databases which have online versions of many newspapers, which have been useful, however these databases are not as exhaustive as I'd like, and there are **very** few mentions of Paxton before the mid-80s (this being a database of European newspapers, there is some sense in him not cropping up too much before the 70s, for example.) However, this goes against everything I've heard in my earlier reasearch, pointing toward a media storm around the book, both on the initial release, and again after the release of the French translation. Unfortunately, the databases I've been provided with don't seem to echo this sentiment, hence my asking for other potential avenues for reseach.", "edited": false, "author_flair_css_class": null, "is_submitter": true, "downs": 0, "author_flair_richtext": [], "author_patreon_flair": false, "body_html": "&lt;div class=\"md\"&gt;&lt;p&gt;Hi, and thanks for the timely response! Indeed I&amp;#39;ve got sources from Rousso&amp;#39;s work, though the piece by Burin is something that hasn&amp;#39;t come up as of yet, so that&amp;#39;s fertile ground for me! I, too, was under the impression that many French people continuined to hold the belief that Petain had been a staunch defender of &amp;#39;French&amp;#39; jews, even if it was at the expense of foreign jews, and it&amp;#39;s something I&amp;#39;ve found reflected in sources. As for newspapers, my assisting lecturer and our subject librarian have provided access to some databases which have online versions of many newspapers, which have been useful, however these databases are not as exhaustive as I&amp;#39;d like, and there are &lt;strong&gt;very&lt;/strong&gt; few mentions of Paxton before the mid-80s (this being a database of European newspapers, there is some sense in him not cropping up too much before the 70s, for example.) However, this goes against everything I&amp;#39;ve heard in my earlier reasearch, pointing toward a media storm around the book, both on the initial release, and again after the release of the French translation. Unfortunately, the databases I&amp;#39;ve been provided with don&amp;#39;t seem to echo this sentiment, hence my asking for other potential avenues for reseach.&lt;/p&gt;\n&lt;/div&gt;", "gildings": {}, "collapsed_reason": null, "associated_award": null, "stickied": false, "author_premium": false, "subreddit_type": "public", "can_gild": true, "subreddit": "AskHistorians", "author_flair_text_color": null, "score_hidden": false, "permalink": "/r/AskHistorians/comments/fua71u/sources_regarding_robert_o_paxtons_work_on_vichy/fmc9rsh/", "num_reports": null, "locked": false, "name": "t1_fmc9rsh", "created": 1585970371.0, "author_flair_text": null, "treatment_tags": [], "created_utc": 1585941571.0, "subreddit_name_prefixed": "r/AskHistorians", "controversiality": 0, "depth": 1, "author_flair_background_color": null, "collapsed_because_crowd_control": null, "mod_reports": [], "mod_note": null, "distinguished": null}}], "after": null, "before": null}}, "user_reports": [], "saved": false, "id": "fmbpghz", "banned_at_utc": null, "mod_reason_title": null, "gilded": 0, "archived": false, "no_follow": true, "author": "Cobra_D", "can_mod_post": false, "send_replies": true, "parent_id": "t3_fua71u", "score": 1, "author_fullname": "t2_2iz78aqk", "report_reasons": null, "approved_by": null, "all_awardings": [], "subreddit_id": "t5_2ssp3", "body": "I assume you've read Henry Rousso's *The Vichy Syndrome?* I'm looking through my notes on it now, and I can't cite anything specific, but I think he goes into some detail on debates over Paxton. Pierre Burin's *La France \u00e0 l'heure allemand* might also be worth another look, since Burin is very much engaged with nuancing and developing Paxton's argument. I apologize I can't cite any specific primary sources, but I can look around. It's certainly the case that many French continued to believe that P\u00e9tain had been a shield against the Nazis. Have you looked through any conservative newspapers? \n\n Best of luck!", "edited": false, "downs": 0, "author_flair_css_class": null, "is_submitter": false, "collapsed": false, "author_flair_richtext": [{"e": "text", "t": "Modern France | Culture, Gender, &amp; War"}], "author_patreon_flair": false, "body_html": "&lt;div class=\"md\"&gt;&lt;p&gt;I assume you&amp;#39;ve read Henry Rousso&amp;#39;s &lt;em&gt;The Vichy Syndrome?&lt;/em&gt; I&amp;#39;m looking through my notes on it now, and I can&amp;#39;t cite anything specific, but I think he goes into some detail on debates over Paxton. Pierre Burin&amp;#39;s &lt;em&gt;La France \u00e0 l&amp;#39;heure allemand&lt;/em&gt; might also be worth another look, since Burin is very much engaged with nuancing and developing Paxton&amp;#39;s argument. I apologize I can&amp;#39;t cite any specific primary sources, but I can look around. It&amp;#39;s certainly the case that many French continued to believe that P\u00e9tain had been a shield against the Nazis. Have you looked through any conservative newspapers? &lt;/p&gt;\n\n&lt;p&gt;Best of luck!&lt;/p&gt;\n&lt;/div&gt;", "gildings": {}, "collapsed_reason": null, "associated_award": null, "stickied": false, "author_premium": false, "subreddit_type": "public", "can_gild": true, "subreddit": "AskHistorians", "author_flair_text_color": "light", "score_hidden": false, "permalink": "/r/AskHistorians/comments/fua71u/sources_regarding_robert_o_paxtons_work_on_vichy/fmbpghz/", "num_reports": null, "locked": false, "name": "t1_fmbpghz", "created": 1585959614.0, "author_flair_text": "Modern France | Culture, Gender, &amp; War", "treatment_tags": [], "created_utc": 1585930814.0, "subreddit_name_prefixed": "r/AskHistorians", "controversiality": 0, "depth": 0, "author_flair_background_color": "#003399", "collapsed_because_crowd_control": null, "mod_reports": [], "mod_note": null, "distinguished": null}}, {"kind": "t1", "data": {"total_awards_received": 0, "approved_at_utc": null, "ups": 1, "awarders": [], "mod_reason_by": null, "banned_by": null, "author_flair_type": "text", "removal_reason": null, "link_id": "t3_fua71u", "author_flair_template_id": null, "likes": null, "replies": "", "user_reports": [], "saved": false, "id": "fmtazxt", "banned_at_utc": null, "mod_reason_title": null, "gilded": 0, "archived": false, "no_follow": true, "author": "Bepoptherobot", "can_mod_post": false, "send_replies": true, "parent_id": "t3_fua71u", "score": 1, "author_fullname": "t2_jcx75p6", "report_reasons": null, "approved_by": null, "all_awardings": [], "subreddit_id": "t5_2ssp3", "body": "The book is quite old at this point and using it as a secondary source base isnt exactly recommended, although if you are looking for primary sources he does cite a handful that would warrant a look over. If you are still adamant on accessing this title or others like it, I believe my colleges library has an electronic version of the book or similar books.\n\nJust look up Hege Library, Guilford College and you should find the database.\n\nGood luck working with Vichy, I started with Paxton some months ago while working on my dissertation.", "edited": false, "downs": 0, "author_flair_css_class": null, "is_submitter": false, "collapsed": false, "author_flair_richtext": [], "author_patreon_flair": false, "body_html": "&lt;div class=\"md\"&gt;&lt;p&gt;The book is quite old at this point and using it as a secondary source base isnt exactly recommended, although if you are looking for primary sources he does cite a handful that would warrant a look over. If you are still adamant on accessing this title or others like it, I believe my colleges library has an electronic version of the book or similar books.&lt;/p&gt;\n\n&lt;p&gt;Just look up Hege Library, Guilford College and you should find the database.&lt;/p&gt;\n\n&lt;p&gt;Good luck working with Vichy, I started with Paxton some months ago while working on my dissertation.&lt;/p&gt;\n&lt;/div&gt;", "gildings": {}, "collapsed_reason": null, "associated_award": null, "stickied": false, "author_premium": false, "subreddit_type": "public", "can_gild": true, "subreddit": "AskHistorians", "author_flair_text_color": null, "score_hidden": false, "permalink": "/r/AskHistorians/comments/fua71u/sources_regarding_robert_o_paxtons_work_on_vichy/fmtazxt/", "num_reports": null, "locked": false, "name": "t1_fmtazxt", "created": 1586398521.0, "author_flair_text": null, "treatment_tags": [], "created_utc": 1586369721.0, "subreddit_name_prefixed": "r/AskHistorians", "controversiality": 0, "depth": 0, "author_flair_background_color": null, "collapsed_because_crowd_control": null, "mod_reports": [], "mod_note": null, "distinguished": null}}], "after": null, "before": null}}]