[{"kind": "Listing", "data": {"modhash": "", "dist": 1, "children": [{"kind": "t3", "data": {"approved_at_utc": null, "subreddit": "AskHistorians", "selftext": "", "user_reports": [], "saved": false, "mod_reason_title": null, "gilded": 0, "clicked": false, "title": "The Hapsburgs forged the documents that gave them their special Archduchy title and privileges. The documents were known to be forgeries at the time, and even included texts from Caesar and Nero. Why weren't they laughed out of court?", "link_flair_richtext": [], "subreddit_name_prefixed": "r/AskHistorians", "hidden": false, "pwls": 6, "link_flair_css_class": null, "downs": 0, "parent_whitelist_status": "all_ads", "hide_score": false, "name": "t3_fugf59", "quarantine": false, "link_flair_text_color": "dark", "upvote_ratio": 0.98, "author_flair_background_color": "#b87317", "subreddit_type": "public", "ups": 98, "total_awards_received": 0, "media_embed": {}, "author_flair_template_id": "98d8fdba-c626-11e2-bd52-12313b06caaf", "is_original_content": false, "author_fullname": "t2_t206y", "secure_media": null, "is_reddit_media_domain": false, "is_meta": false, "category": null, "secure_media_embed": {}, "link_flair_text": null, "can_mod_post": false, "num_duplicates": 1, "approved_by": null, "author_premium": false, "thumbnail": "", "edited": false, "author_flair_css_class": null, "author_flair_richtext": [{"e": "text", "t": "Interesting Inquirer"}], "gildings": {}, "content_categories": null, "is_self": true, "mod_note": null, "created": 1585976507.0, "link_flair_type": "text", "wls": 6, "removed_by_category": null, "banned_by": null, "author_flair_type": "richtext", "domain": "self.AskHistorians", "allow_live_comments": true, "selftext_html": null, "likes": null, "suggested_sort": null, "banned_at_utc": null, "view_count": null, "archived": false, "score": 98, "no_follow": false, "is_crosspostable": false, "pinned": false, "over_18": false, "all_awardings": [], "awarders": [], "media_only": false, "can_gild": false, "spoiler": false, "locked": false, "author_flair_text": "Interesting Inquirer", "treatment_tags": [], "visited": false, "removed_by": null, "num_reports": null, "distinguished": null, "subreddit_id": "t5_2ssp3", "mod_reason_by": null, "removal_reason": null, "link_flair_background_color": "", "id": "fugf59", "is_robot_indexable": true, "report_reasons": null, "author": "Tatem1961", "discussion_type": null, "num_comments": 7, "send_replies": true, "media": null, "contest_mode": false, "author_patreon_flair": false, "author_flair_text_color": "light", "permalink": "/r/AskHistorians/comments/fugf59/the_hapsburgs_forged_the_documents_that_gave_them/", "whitelist_status": "all_ads", "stickied": false, "url": "https://www.reddit.com/r/AskHistorians/comments/fugf59/the_hapsburgs_forged_the_documents_that_gave_them/", "subreddit_subscribers": 1162704, "created_utc": 1585947707.0, "num_crossposts": 0, "mod_reports": [], "is_video": false}}], "after": null, "before": null}}, {"kind": "Listing", "data": {"modhash": "", "dist": null, "children": [{"kind": "t1", "data": {"total_awards_received": 0, "approved_at_utc": null, "ups": 1, "awarders": [], "mod_reason_by": null, "banned_by": null, "author_flair_type": "richtext", "removal_reason": null, "link_id": "t3_fugf59", "author_flair_template_id": "9e641f94-c626-11e2-8e2c-12313b0b21ae", "likes": null, "replies": "", "user_reports": [], "saved": false, "id": "fmcl18u", "banned_at_utc": null, "mod_reason_title": null, "gilded": 0, "archived": false, "no_follow": true, "author": "AutoModerator", "can_mod_post": false, "send_replies": false, "parent_id": "t3_fugf59", "score": 1, "author_fullname": "t2_6l4z3", "report_reasons": null, "approved_by": null, "all_awardings": [], "subreddit_id": "t5_2ssp3", "body": "Welcome to /r/AskHistorians. **Please [Read Our Rules](https://www.reddit.com/r/AskHistorians/wiki/rules) before you comment in this community**. Understand that rule breaking comments get removed.\n\nWe thank you for your interest in this *question*, and your patience in waiting for an in-depth and comprehensive answer to be written, which takes time. Please consider **[Clicking Here for RemindMeBot](https://www.reddit.com/message/compose/?to=RemindMeBot&amp;subject=Reminder&amp;message=%5Bhttps://www.reddit.com/r/AskHistorians/comments/fugf59/the_hapsburgs_forged_the_documents_that_gave_them/%5D%0A%0ARemindMe!%202%20days)**, [using our Browser Extension](https://www.reddit.com/r/AskHistorians/comments/d6dzi7/tired_of_clicking_to_find_only_removed_comments/), or getting the [Weekly Roundup](https://www.reddit.com/message/compose?to=subredditsummarybot&amp;subject=askhistorians+weekly&amp;message=x). In the meantime our [Twitter](https://twitter.com/askhistorians), [Facebook](https://www.facebook.com/askhistorians/), and [Sunday Digest](https://www.reddit.com/r/AskHistorians/search?q=title%3A%22Sunday+Digest%22&amp;restrict_sr=on&amp;sort=new&amp;t=all) feature excellent content that has already been written!\n\n\n*I am a bot, and this action was performed automatically. Please [contact the moderators of this subreddit](/message/compose/?to=/r/AskHistorians) if you have any questions or concerns.*", "edited": false, "downs": 0, "author_flair_css_class": null, "is_submitter": false, "collapsed": false, "author_flair_richtext": [{"e": "text", "t": "History of Robotics"}], "author_patreon_flair": false, "body_html": "&lt;div class=\"md\"&gt;&lt;p&gt;Welcome to &lt;a href=\"/r/AskHistorians\"&gt;/r/AskHistorians&lt;/a&gt;. &lt;strong&gt;Please &lt;a href=\"https://www.reddit.com/r/AskHistorians/wiki/rules\"&gt;Read Our Rules&lt;/a&gt; before you comment in this community&lt;/strong&gt;. Understand that rule breaking comments get removed.&lt;/p&gt;\n\n&lt;p&gt;We thank you for your interest in this &lt;em&gt;question&lt;/em&gt;, and your patience in waiting for an in-depth and comprehensive answer to be written, which takes time. Please consider &lt;strong&gt;&lt;a href=\"https://www.reddit.com/message/compose/?to=RemindMeBot&amp;amp;subject=Reminder&amp;amp;message=%5Bhttps://www.reddit.com/r/AskHistorians/comments/fugf59/the_hapsburgs_forged_the_documents_that_gave_them/%5D%0A%0ARemindMe!%202%20days\"&gt;Clicking Here for RemindMeBot&lt;/a&gt;&lt;/strong&gt;, &lt;a href=\"https://www.reddit.com/r/AskHistorians/comments/d6dzi7/tired_of_clicking_to_find_only_removed_comments/\"&gt;using our Browser Extension&lt;/a&gt;, or getting the &lt;a href=\"https://www.reddit.com/message/compose?to=subredditsummarybot&amp;amp;subject=askhistorians+weekly&amp;amp;message=x\"&gt;Weekly Roundup&lt;/a&gt;. In the meantime our &lt;a href=\"https://twitter.com/askhistorians\"&gt;Twitter&lt;/a&gt;, &lt;a href=\"https://www.facebook.com/askhistorians/\"&gt;Facebook&lt;/a&gt;, and &lt;a href=\"https://www.reddit.com/r/AskHistorians/search?q=title%3A%22Sunday+Digest%22&amp;amp;restrict_sr=on&amp;amp;sort=new&amp;amp;t=all\"&gt;Sunday Digest&lt;/a&gt; feature excellent content that has already been written!&lt;/p&gt;\n\n&lt;p&gt;&lt;em&gt;I am a bot, and this action was performed automatically. Please &lt;a href=\"/message/compose/?to=/r/AskHistorians\"&gt;contact the moderators of this subreddit&lt;/a&gt; if you have any questions or concerns.&lt;/em&gt;&lt;/p&gt;\n&lt;/div&gt;", "gildings": {}, "collapsed_reason": null, "associated_award": null, "stickied": true, "author_premium": true, "subreddit_type": "public", "can_gild": true, "subreddit": "AskHistorians", "author_flair_text_color": "light", "score_hidden": true, "permalink": "/r/AskHistorians/comments/fugf59/the_hapsburgs_forged_the_documents_that_gave_them/fmcl18u/", "num_reports": null, "locked": true, "name": "t1_fmcl18u", "created": 1585976507.0, "author_flair_text": "History of Robotics", "treatment_tags": [], "created_utc": 1585947707.0, "subreddit_name_prefixed": "r/AskHistorians", "controversiality": 0, "depth": 0, "author_flair_background_color": "#993366", "collapsed_because_crowd_control": null, "mod_reports": [], "mod_note": null, "distinguished": "moderator"}}, {"kind": "t1", "data": {"total_awards_received": 0, "approved_at_utc": null, "ups": 11, "awarders": [], "mod_reason_by": null, "banned_by": null, "author_flair_type": "richtext", "removal_reason": null, "link_id": "t3_fugf59", "author_flair_template_id": "80bb3d9c-c626-11e2-a0f2-12313d1841d1", "likes": null, "replies": {"kind": "Listing", "data": {"modhash": "", "dist": null, "children": [{"kind": "t1", "data": {"total_awards_received": 0, "approved_at_utc": null, "ups": 2, "awarders": [], "mod_reason_by": null, "banned_by": null, "author_flair_type": "richtext", "removal_reason": null, "link_id": "t3_fugf59", "author_flair_template_id": "98d8fdba-c626-11e2-bd52-12313b06caaf", "likes": null, "replies": {"kind": "Listing", "data": {"modhash": "", "dist": null, "children": [{"kind": "t1", "data": {"total_awards_received": 0, "approved_at_utc": null, "ups": 3, "awarders": [], "mod_reason_by": null, "banned_by": null, "author_flair_type": "richtext", "removal_reason": null, "link_id": "t3_fugf59", "author_flair_template_id": "80bb3d9c-c626-11e2-a0f2-12313d1841d1", "likes": null, "replies": "", "user_reports": [], "saved": false, "id": "fmtd6ib", "banned_at_utc": null, "mod_reason_title": null, "gilded": 0, "archived": false, "no_follow": true, "author": "mimicofmodes", "can_mod_post": false, "created_utc": 1586370745.0, "send_replies": true, "parent_id": "t1_fmt0tab", "score": 3, "author_fullname": "t2_1n19jp1g", "report_reasons": null, "approved_by": null, "all_awardings": [], "subreddit_id": "t5_2ssp3", "body": "It's all kind of complicated, but the sense I get is that Friedrich was a bit of a compromise candidate - he wasn't a terribly effective ruler. The electors of Mainz, Trier, and Cologne formed an alliance to try for a near-unanimous result to prevent more conflict over a religious schism (Pope Eugene IV vs. the antipope Felix V), and knew that the elector of Saxony would want Friedrich, as they were brothers-in-law. The four of them also did some other diplomatic deals for mutual military support to bind themselves together, and in the end Friedrich won with five votes.\n\nHe wasn't the one caught with the lie; he was elected in 1440, a century after Rudolf tried it on, and it's most likely that hardly anybody even remembered that that had happened. I also get the sense that it was seen as a bold move at the time rather than a shocking crime, medieval politics being what they were. Once Friedrich ratified it, it likely also didn't seem too bad because an emperor could give out the titles he wanted.", "edited": false, "author_flair_css_class": null, "is_submitter": false, "downs": 0, "author_flair_richtext": [{"e": "text", "t": "Moderator | 18th-19th Century Society &amp; Dress | Queenship"}], "author_patreon_flair": false, "body_html": "&lt;div class=\"md\"&gt;&lt;p&gt;It&amp;#39;s all kind of complicated, but the sense I get is that Friedrich was a bit of a compromise candidate - he wasn&amp;#39;t a terribly effective ruler. The electors of Mainz, Trier, and Cologne formed an alliance to try for a near-unanimous result to prevent more conflict over a religious schism (Pope Eugene IV vs. the antipope Felix V), and knew that the elector of Saxony would want Friedrich, as they were brothers-in-law. The four of them also did some other diplomatic deals for mutual military support to bind themselves together, and in the end Friedrich won with five votes.&lt;/p&gt;\n\n&lt;p&gt;He wasn&amp;#39;t the one caught with the lie; he was elected in 1440, a century after Rudolf tried it on, and it&amp;#39;s most likely that hardly anybody even remembered that that had happened. I also get the sense that it was seen as a bold move at the time rather than a shocking crime, medieval politics being what they were. Once Friedrich ratified it, it likely also didn&amp;#39;t seem too bad because an emperor could give out the titles he wanted.&lt;/p&gt;\n&lt;/div&gt;", "gildings": {}, "collapsed_reason": null, "associated_award": null, "stickied": false, "author_premium": true, "subreddit_type": "public", "can_gild": true, "subreddit": "AskHistorians", "author_flair_text_color": "light", "score_hidden": false, "permalink": "/r/AskHistorians/comments/fugf59/the_hapsburgs_forged_the_documents_that_gave_them/fmtd6ib/", "num_reports": null, "locked": false, "name": "t1_fmtd6ib", "created": 1586399545.0, "author_flair_text": "Moderator | 18th-19th Century Society &amp; Dress | Queenship", "treatment_tags": [], "collapsed": false, "subreddit_name_prefixed": "r/AskHistorians", "controversiality": 0, "depth": 2, "author_flair_background_color": "#ff6666", "collapsed_because_crowd_control": null, "mod_reports": [], "mod_note": null, "distinguished": null}}], "after": null, "before": null}}, "user_reports": [], "saved": false, "id": "fmt0tab", "banned_at_utc": null, "mod_reason_title": null, "gilded": 0, "archived": false, "no_follow": true, "author": "Tatem1961", "can_mod_post": false, "send_replies": true, "parent_id": "t1_fmsyo5s", "score": 2, "author_fullname": "t2_t206y", "report_reasons": null, "approved_by": null, "all_awardings": [], "subreddit_id": "t5_2ssp3", "collapsed": false, "body": "Very interesting, thanks for the answer! How did Friedrich of Austria, become the Holy Roman Emperor? It seems to me being caught red handed with such a large and obvious lie would destroy any credibility and respect the Habsburgs had and make their election to emperor-ship nigh impossible. Or did the electors not actually care that much about the forgeries at the time?", "edited": false, "author_flair_css_class": null, "is_submitter": true, "downs": 0, "author_flair_richtext": [{"e": "text", "t": "Interesting Inquirer"}], "author_patreon_flair": false, "body_html": "&lt;div class=\"md\"&gt;&lt;p&gt;Very interesting, thanks for the answer! How did Friedrich of Austria, become the Holy Roman Emperor? It seems to me being caught red handed with such a large and obvious lie would destroy any credibility and respect the Habsburgs had and make their election to emperor-ship nigh impossible. Or did the electors not actually care that much about the forgeries at the time?&lt;/p&gt;\n&lt;/div&gt;", "gildings": {}, "collapsed_reason": null, "associated_award": null, "stickied": false, "author_premium": false, "subreddit_type": "public", "can_gild": true, "subreddit": "AskHistorians", "author_flair_text_color": "light", "score_hidden": false, "permalink": "/r/AskHistorians/comments/fugf59/the_hapsburgs_forged_the_documents_that_gave_them/fmt0tab/", "num_reports": null, "locked": false, "name": "t1_fmt0tab", "created": 1586393844.0, "author_flair_text": "Interesting Inquirer", "treatment_tags": [], "created_utc": 1586365044.0, "subreddit_name_prefixed": "r/AskHistorians", "controversiality": 0, "depth": 1, "author_flair_background_color": "#b87317", "collapsed_because_crowd_control": null, "mod_reports": [], "mod_note": null, "distinguished": null}}], "after": null, "before": null}}, "user_reports": [], "saved": false, "id": "fmsyo5s", "banned_at_utc": null, "mod_reason_title": null, "gilded": 0, "archived": false, "no_follow": false, "author": "mimicofmodes", "can_mod_post": false, "send_replies": true, "parent_id": "t3_fugf59", "score": 11, "author_fullname": "t2_1n19jp1g", "report_reasons": null, "approved_by": null, "all_awardings": [], "subreddit_id": "t5_2ssp3", "body": "They were laughed out of court, actually, to an extent.\n\nOn the one hand, there wasn't a deception in the sense of what happens in, say, *A Knight's Tale* - someone faking documentation to make a commoner appear to have a title. It's probable that they descended from Gruntram/Grontran the Rich (920-973), a nobleman in Lower Alsace, via his son Lanzelin; Lanzelin's great-grandson originated the title \"Count of Habsburg\" in 1090, and they went on from there as well-documented aristocrats. Despite gaining power, the Habsburgs were hampered by a lack of ancestral links to the Hohenstaufen or Salian families - the latter ruled the Holy Roman Empire in the eleventh century and the former in the twelfth and early thirteenth. It made their history shallow, so to speak, in comparison, and gave them no claims to any rulership above the level of \"count\". So the legend that they were descended from Caesar via the counts of Tuscany and the Colonna family of Rome was very handy for them, when it first came up in the early thirteenth century! And we don't know how deliberate the invention of this link was - a straight lie that was bought by later descendants, or some weak reasoning that led the originator to think it was likely. In the fifteenth century, links to the Aniciana family of Rome and the Pierleoni (who were related to popes and saints), as well as the Merovingians and Carolingians, are in the same hazy category or \"useful legends\".\n\n(Mythical origins without real documentation were also fairly common at the time, and nothing that anybody would or could really complain about. The skaldic *Ynglingatal* declared the royal Ynglinga family to be descendants of Freyr; the houses of Luxembourg and Plantagenet claimed to be descended from the mermaid Melusine - and in all of these cases, there was certainly no documentation, since they're entirely mythical! And these were far from unique examples. Julius Caesar's own family claimed descent from Aeneas of Troy.)\n\nBut the *Privilegium Maius* was a true forgery made for Duke Rudolf of Austria in 1359: fake deeds from their supposed ancestor, Julius Casear, as well as Nero and the Holy Roman Emperor Friedrich Barbarossa that gave the family the right to be archdukes, to have various other real and ceremonial titles, and to have a permanent exemption from certain requirements of vassals in the empire (attending imperial diets, giving military aid when requested, etc.). All of this would put the Habsburgs on the same level as the prince-electors who determined the next emperor, which was important because the Holy Roman Emperor Charles IV, Rudolf's father-in-law, had just reorganized the system and left the Habsburgs out as electors. Charles had the Italian scholar Petrarch look the documents over, and Petrarch declared them to be clear fakes, because ... I mean, it was obvious that Rudolf hadn't just happened to find these extraordinary deeds at the perfect time. Charles denied him the rights he claimed, and the *Privilegium Maius* wasn't actually ratified until 1452, when Friedrich of Austria - a Habsburg - became Holy Roman Emperor. He was able to do it without being laughed out of court because he was the highest power in the land.\n\nWhat Rudolf did in 1359 was to set up the idea that the family *should* have rights in the empire on the same level as kings, and to detail the many rights that they should have inside their own borders, creating a real notion of a powerful House of Habsburg. It didn't matter to later generations that his standards only came into being in the fourteenth century: they were useful standards and they wanted to have them.\n\nJean Berenger, *A History of the Habsburg Empire: 1273-1700* (Fayard, 1990; repub. Routledge, 2014)\n\nBenjamin Curtis, *The Habsburgs: The History of a Dynasty* (Bloomsbury Publishing, 2013)", "edited": false, "downs": 0, "author_flair_css_class": null, "is_submitter": false, "collapsed": false, "author_flair_richtext": [{"e": "text", "t": "Moderator | 18th-19th Century Society &amp; Dress | Queenship"}], "author_patreon_flair": false, "body_html": "&lt;div class=\"md\"&gt;&lt;p&gt;They were laughed out of court, actually, to an extent.&lt;/p&gt;\n\n&lt;p&gt;On the one hand, there wasn&amp;#39;t a deception in the sense of what happens in, say, &lt;em&gt;A Knight&amp;#39;s Tale&lt;/em&gt; - someone faking documentation to make a commoner appear to have a title. It&amp;#39;s probable that they descended from Gruntram/Grontran the Rich (920-973), a nobleman in Lower Alsace, via his son Lanzelin; Lanzelin&amp;#39;s great-grandson originated the title &amp;quot;Count of Habsburg&amp;quot; in 1090, and they went on from there as well-documented aristocrats. Despite gaining power, the Habsburgs were hampered by a lack of ancestral links to the Hohenstaufen or Salian families - the latter ruled the Holy Roman Empire in the eleventh century and the former in the twelfth and early thirteenth. It made their history shallow, so to speak, in comparison, and gave them no claims to any rulership above the level of &amp;quot;count&amp;quot;. So the legend that they were descended from Caesar via the counts of Tuscany and the Colonna family of Rome was very handy for them, when it first came up in the early thirteenth century! And we don&amp;#39;t know how deliberate the invention of this link was - a straight lie that was bought by later descendants, or some weak reasoning that led the originator to think it was likely. In the fifteenth century, links to the Aniciana family of Rome and the Pierleoni (who were related to popes and saints), as well as the Merovingians and Carolingians, are in the same hazy category or &amp;quot;useful legends&amp;quot;.&lt;/p&gt;\n\n&lt;p&gt;(Mythical origins without real documentation were also fairly common at the time, and nothing that anybody would or could really complain about. The skaldic &lt;em&gt;Ynglingatal&lt;/em&gt; declared the royal Ynglinga family to be descendants of Freyr; the houses of Luxembourg and Plantagenet claimed to be descended from the mermaid Melusine - and in all of these cases, there was certainly no documentation, since they&amp;#39;re entirely mythical! And these were far from unique examples. Julius Caesar&amp;#39;s own family claimed descent from Aeneas of Troy.)&lt;/p&gt;\n\n&lt;p&gt;But the &lt;em&gt;Privilegium Maius&lt;/em&gt; was a true forgery made for Duke Rudolf of Austria in 1359: fake deeds from their supposed ancestor, Julius Casear, as well as Nero and the Holy Roman Emperor Friedrich Barbarossa that gave the family the right to be archdukes, to have various other real and ceremonial titles, and to have a permanent exemption from certain requirements of vassals in the empire (attending imperial diets, giving military aid when requested, etc.). All of this would put the Habsburgs on the same level as the prince-electors who determined the next emperor, which was important because the Holy Roman Emperor Charles IV, Rudolf&amp;#39;s father-in-law, had just reorganized the system and left the Habsburgs out as electors. Charles had the Italian scholar Petrarch look the documents over, and Petrarch declared them to be clear fakes, because ... I mean, it was obvious that Rudolf hadn&amp;#39;t just happened to find these extraordinary deeds at the perfect time. Charles denied him the rights he claimed, and the &lt;em&gt;Privilegium Maius&lt;/em&gt; wasn&amp;#39;t actually ratified until 1452, when Friedrich of Austria - a Habsburg - became Holy Roman Emperor. He was able to do it without being laughed out of court because he was the highest power in the land.&lt;/p&gt;\n\n&lt;p&gt;What Rudolf did in 1359 was to set up the idea that the family &lt;em&gt;should&lt;/em&gt; have rights in the empire on the same level as kings, and to detail the many rights that they should have inside their own borders, creating a real notion of a powerful House of Habsburg. It didn&amp;#39;t matter to later generations that his standards only came into being in the fourteenth century: they were useful standards and they wanted to have them.&lt;/p&gt;\n\n&lt;p&gt;Jean Berenger, &lt;em&gt;A History of the Habsburg Empire: 1273-1700&lt;/em&gt; (Fayard, 1990; repub. Routledge, 2014)&lt;/p&gt;\n\n&lt;p&gt;Benjamin Curtis, &lt;em&gt;The Habsburgs: The History of a Dynasty&lt;/em&gt; (Bloomsbury Publishing, 2013)&lt;/p&gt;\n&lt;/div&gt;", "gildings": {}, "collapsed_reason": null, "associated_award": null, "stickied": false, "author_premium": true, "subreddit_type": "public", "can_gild": true, "subreddit": "AskHistorians", "author_flair_text_color": "light", "score_hidden": false, "permalink": "/r/AskHistorians/comments/fugf59/the_hapsburgs_forged_the_documents_that_gave_them/fmsyo5s/", "num_reports": null, "locked": false, "name": "t1_fmsyo5s", "created": 1586392867.0, "author_flair_text": "Moderator | 18th-19th Century Society &amp; Dress | Queenship", "treatment_tags": [], "created_utc": 1586364067.0, "subreddit_name_prefixed": "r/AskHistorians", "controversiality": 0, "depth": 0, "author_flair_background_color": "#ff6666", "collapsed_because_crowd_control": null, "mod_reports": [], "mod_note": null, "distinguished": null}}, {"kind": "t1", "data": {"total_awards_received": 0, "approved_at_utc": null, "ups": 3, "awarders": [], "mod_reason_by": null, "banned_by": null, "removal_reason": null, "link_id": "t3_fugf59", "author_flair_template_id": null, "likes": null, "no_follow": true, "replies": {"kind": "Listing", "data": {"modhash": "", "dist": null, "children": [{"kind": "t1", "data": {"total_awards_received": 0, "approved_at_utc": null, "ups": 2, "awarders": [], "mod_reason_by": null, "banned_by": null, "author_flair_type": "richtext", "removal_reason": null, "link_id": "t3_fugf59", "author_flair_template_id": "bfcbf574-11fa-11e8-81ea-0e52c5633eb6", "likes": null, "replies": "", "user_reports": [], "saved": false, "id": "fmcus4s", "banned_at_utc": null, "mod_reason_title": null, "gilded": 0, "archived": false, "no_follow": true, "author": "AncientHistory", "can_mod_post": false, "send_replies": true, "parent_id": "t1_fmct3zd", "score": 2, "author_fullname": "t2_cxryn", "report_reasons": null, "approved_by": null, "all_awardings": [], "subreddit_id": "t5_2ssp3", "collapsed": false, "body": "Sorry, but we have removed your response, as we expect answers in this subreddit to be [in-depth and comprehensive](https://www.reddit.com/r/AskHistorians/comments/1jsabs/what_it_means_to_post_a_good_answer_in/), and to demonstrate a [familiarity](https://www.reddit.com/r/AskHistorians/comments/4kngwh/rules_roundtable_no_11_no_speculation/) with the [current, academic understanding](https://www.reddit.com/r/AskHistorians/wiki/rules#wiki_sources) of the topic at hand. Before contributing again, please take the time to better familiarize yourself with [the rules](http://www.reddit.com/r/AskHistorians/wiki/rules#wiki_write_an_in-depth_answer), as well as our expectations for an answer such as featured on [Twitter](http://www.twitter.com/askhistorians) or in the [Sunday Digest](http://www.reddit.com/r/AskHistorians/search?q=title%3A%22Sunday+Digest%22&amp;restrict_sr=on&amp;sort=new&amp;t=all).", "edited": false, "author_flair_css_class": null, "is_submitter": false, "downs": 0, "author_flair_richtext": [{"e": "text", "t": "Moderator | Pulp Studies | H. P. Lovecraft"}], "author_patreon_flair": false, "body_html": "&lt;div class=\"md\"&gt;&lt;p&gt;Sorry, but we have removed your response, as we expect answers in this subreddit to be &lt;a href=\"https://www.reddit.com/r/AskHistorians/comments/1jsabs/what_it_means_to_post_a_good_answer_in/\"&gt;in-depth and comprehensive&lt;/a&gt;, and to demonstrate a &lt;a href=\"https://www.reddit.com/r/AskHistorians/comments/4kngwh/rules_roundtable_no_11_no_speculation/\"&gt;familiarity&lt;/a&gt; with the &lt;a href=\"https://www.reddit.com/r/AskHistorians/wiki/rules#wiki_sources\"&gt;current, academic understanding&lt;/a&gt; of the topic at hand. Before contributing again, please take the time to better familiarize yourself with &lt;a href=\"http://www.reddit.com/r/AskHistorians/wiki/rules#wiki_write_an_in-depth_answer\"&gt;the rules&lt;/a&gt;, as well as our expectations for an answer such as featured on &lt;a href=\"http://www.twitter.com/askhistorians\"&gt;Twitter&lt;/a&gt; or in the &lt;a href=\"http://www.reddit.com/r/AskHistorians/search?q=title%3A%22Sunday+Digest%22&amp;amp;restrict_sr=on&amp;amp;sort=new&amp;amp;t=all\"&gt;Sunday Digest&lt;/a&gt;.&lt;/p&gt;\n&lt;/div&gt;", "gildings": {}, "collapsed_reason": null, "associated_award": null, "stickied": false, "author_premium": false, "subreddit_type": "public", "can_gild": true, "subreddit": "AskHistorians", "author_flair_text_color": "dark", "score_hidden": false, "permalink": "/r/AskHistorians/comments/fugf59/the_hapsburgs_forged_the_documents_that_gave_them/fmcus4s/", "num_reports": null, "locked": false, "name": "t1_fmcus4s", "created": 1585982051.0, "author_flair_text": "Moderator | Pulp Studies | H. P. Lovecraft", "treatment_tags": [], "created_utc": 1585953251.0, "subreddit_name_prefixed": "r/AskHistorians", "controversiality": 0, "depth": 1, "author_flair_background_color": "#f5f5f5", "collapsed_because_crowd_control": null, "mod_reports": [], "mod_note": null, "distinguished": "moderator"}}], "after": null, "before": null}}, "user_reports": [], "saved": false, "id": "fmct3zd", "banned_at_utc": null, "mod_reason_title": null, "gilded": 0, "archived": false, "report_reasons": null, "author": "[deleted]", "can_mod_post": false, "send_replies": true, "parent_id": "t3_fugf59", "score": 3, "approved_by": null, "all_awardings": [], "subreddit_id": "t5_2ssp3", "body": "[removed]", "edited": false, "downs": 0, "author_flair_css_class": null, "collapsed": false, "is_submitter": false, "body_html": "&lt;div class=\"md\"&gt;&lt;p&gt;[removed]&lt;/p&gt;\n&lt;/div&gt;", "gildings": {}, "collapsed_reason": null, "associated_award": null, "stickied": false, "subreddit_type": "public", "can_gild": true, "subreddit": "AskHistorians", "author_flair_text_color": "dark", "score_hidden": false, "permalink": "/r/AskHistorians/comments/fugf59/the_hapsburgs_forged_the_documents_that_gave_them/fmct3zd/", "num_reports": null, "locked": false, "name": "t1_fmct3zd", "created": 1585981105.0, "author_flair_text": null, "treatment_tags": [], "created_utc": 1585952305.0, "subreddit_name_prefixed": "r/AskHistorians", "controversiality": 0, "depth": 0, "author_flair_background_color": "", "collapsed_because_crowd_control": null, "mod_reports": [], "mod_note": null, "distinguished": null}}], "after": null, "before": null}}]