[{"kind": "Listing", "data": {"modhash": "", "dist": 1, "children": [{"kind": "t3", "data": {"approved_at_utc": null, "subreddit": "AskHistorians", "selftext": "I'm really enjoying Hoare's \"Genocide and Resistance in Hitler's Bosnia\", but it only covers the Partisan history in Bosnia between 1941-1943.  Does anyone know of a complete history of the Yugoslavian Communist Partisans?  From the description of Tomasevich's books, it sounds like he never completed the third volume which was supposed to be about the Partisans.   And on a related note, have there been any quality biographies written about Tito in English?  Amazon isn't helping much, but I know sometimes the good academic get buried in the results.  Any help is much appreciated, thank you.", "user_reports": [], "saved": false, "mod_reason_title": null, "gilded": 0, "clicked": false, "title": "Book recommendations, for a complete history of the Yugoslavian Communist Partisans, or a biography of Josip Tito?", "link_flair_richtext": [], "subreddit_name_prefixed": "r/AskHistorians", "hidden": false, "pwls": 6, "link_flair_css_class": null, "downs": 0, "parent_whitelist_status": "all_ads", "hide_score": false, "name": "t3_9ky82l", "quarantine": false, "link_flair_text_color": "dark", "upvote_ratio": 0.64, "author_flair_background_color": null, "subreddit_type": "public", "ups": 3, "domain": "self.AskHistorians", "media_embed": {}, "author_flair_template_id": null, "is_original_content": false, "author_fullname": "t2_6kvdn9j", "secure_media": null, "is_reddit_media_domain": false, "is_meta": false, "category": null, "secure_media_embed": {}, "link_flair_text": null, "can_mod_post": false, "score": 3, "approved_by": null, "thumbnail": "", "edited": false, "author_flair_css_class": null, "author_flair_richtext": [], "gildings": {"gid_1": 0, "gid_2": 0, "gid_3": 0}, "content_categories": null, "is_self": true, "mod_note": null, "created": 1538572103.0, "link_flair_type": "text", "wls": 6, "banned_by": null, "author_flair_type": "text", "contest_mode": false, "selftext_html": "&lt;!-- SC_OFF --&gt;&lt;div class=\"md\"&gt;&lt;p&gt;I&amp;#39;m really enjoying Hoare&amp;#39;s &amp;quot;Genocide and Resistance in Hitler&amp;#39;s Bosnia&amp;quot;, but it only covers the Partisan history in Bosnia between 1941-1943.  Does anyone know of a complete history of the Yugoslavian Communist Partisans?  From the description of Tomasevich&amp;#39;s books, it sounds like he never completed the third volume which was supposed to be about the Partisans.   And on a related note, have there been any quality biographies written about Tito in English?  Amazon isn&amp;#39;t helping much, but I know sometimes the good academic get buried in the results.  Any help is much appreciated, thank you.&lt;/p&gt;\n&lt;/div&gt;&lt;!-- SC_ON --&gt;", "likes": null, "suggested_sort": null, "banned_at_utc": null, "view_count": null, "archived": false, "no_follow": false, "is_crosspostable": false, "pinned": false, "over_18": false, "media": null, "media_only": false, "link_flair_template_id": null, "can_gild": false, "spoiler": false, "locked": false, "author_flair_text": null, "visited": false, "num_reports": null, "distinguished": null, "subreddit_id": "t5_2ssp3", "mod_reason_by": null, "removal_reason": null, "link_flair_background_color": "", "id": "9ky82l", "is_robot_indexable": true, "report_reasons": null, "author": "mort-aux-rois", "num_crossposts": 0, "num_comments": 0, "send_replies": true, "author_patreon_flair": false, "author_flair_text_color": null, "permalink": "/r/AskHistorians/comments/9ky82l/book_recommendations_for_a_complete_history_of/", "whitelist_status": "all_ads", "stickied": false, "url": "https://www.reddit.com/r/AskHistorians/comments/9ky82l/book_recommendations_for_a_complete_history_of/", "subreddit_subscribers": 840481, "created_utc": 1538543303.0, "mod_reports": [], "is_video": false}}], "after": null, "before": null}}, {"kind": "Listing", "data": {"modhash": "", "dist": null, "children": [], "after": null, "before": null}}]