[{"kind": "Listing", "data": {"modhash": "", "dist": 1, "children": [{"kind": "t3", "data": {"approved_at_utc": null, "subreddit": "AskHistorians", "selftext": "Naomi Novik's excellent recent novel *Spinning Silver* features a Jewish family working as moneylenders in a village with no other Jews. The nearest Jewish community is in a city a full day's ride away. \n\nThe setting is ambiguous (its a fantasy novel, so not literally set in any real time/place), but it's reasonable to guess it's Lithuania in 1708-9 during the Great Frost.\n\nAs a fantasy novel, I'm not expecting it to perfectly reflect the reality of Jewish practice in early 18c Lithuania, but I'm curious to the extent that it does.\n\nWould standard Jewish practice in 1708 Lithuania require the head of this household to live near a minyan for daily or weekly prayers? Or was it unremarkable for Jews to live outside of Jewish communities for business purposes?\n\nNovak's novel includes an intermarriage between a Jewish girl and a gentile, officiated by a rabbi but (seemingly) without the gentile converting to Judaism. How likely is it that such a marriage could have found a rabbi willing to officiate?", "user_reports": [], "saved": false, "mod_reason_title": null, "gilded": 0, "clicked": false, "title": "Jewish practices in 1708 Lithuania: would a Jewish family live alone?", "link_flair_richtext": [], "subreddit_name_prefixed": "r/AskHistorians", "hidden": false, "pwls": 6, "link_flair_css_class": null, "downs": 0, "parent_whitelist_status": "all_ads", "hide_score": false, "name": "t3_9l1xn0", "quarantine": false, "link_flair_text_color": "dark", "upvote_ratio": 1.0, "author_flair_background_color": null, "subreddit_type": "public", "ups": 6, "domain": "self.AskHistorians", "media_embed": {}, "author_flair_template_id": null, "is_original_content": false, "author_fullname": "t2_8uf2h", "secure_media": null, "is_reddit_media_domain": false, "is_meta": false, "category": null, "secure_media_embed": {}, "link_flair_text": null, "can_mod_post": false, "score": 6, "approved_by": null, "thumbnail": "", "edited": false, "author_flair_css_class": null, "author_flair_richtext": [], "gildings": {"gid_1": 0, "gid_2": 0, "gid_3": 0}, "content_categories": null, "is_self": true, "mod_note": null, "created": 1538607650.0, "link_flair_type": "text", "wls": 6, "banned_by": null, "author_flair_type": "text", "contest_mode": false, "selftext_html": "&lt;!-- SC_OFF --&gt;&lt;div class=\"md\"&gt;&lt;p&gt;Naomi Novik&amp;#39;s excellent recent novel &lt;em&gt;Spinning Silver&lt;/em&gt; features a Jewish family working as moneylenders in a village with no other Jews. The nearest Jewish community is in a city a full day&amp;#39;s ride away. &lt;/p&gt;\n\n&lt;p&gt;The setting is ambiguous (its a fantasy novel, so not literally set in any real time/place), but it&amp;#39;s reasonable to guess it&amp;#39;s Lithuania in 1708-9 during the Great Frost.&lt;/p&gt;\n\n&lt;p&gt;As a fantasy novel, I&amp;#39;m not expecting it to perfectly reflect the reality of Jewish practice in early 18c Lithuania, but I&amp;#39;m curious to the extent that it does.&lt;/p&gt;\n\n&lt;p&gt;Would standard Jewish practice in 1708 Lithuania require the head of this household to live near a minyan for daily or weekly prayers? Or was it unremarkable for Jews to live outside of Jewish communities for business purposes?&lt;/p&gt;\n\n&lt;p&gt;Novak&amp;#39;s novel includes an intermarriage between a Jewish girl and a gentile, officiated by a rabbi but (seemingly) without the gentile converting to Judaism. How likely is it that such a marriage could have found a rabbi willing to officiate?&lt;/p&gt;\n&lt;/div&gt;&lt;!-- SC_ON --&gt;", "likes": null, "suggested_sort": null, "banned_at_utc": null, "view_count": null, "archived": false, "no_follow": false, "is_crosspostable": false, "pinned": false, "over_18": false, "media": null, "media_only": false, "link_flair_template_id": null, "can_gild": false, "spoiler": false, "locked": false, "author_flair_text": null, "visited": false, "num_reports": null, "distinguished": null, "subreddit_id": "t5_2ssp3", "mod_reason_by": null, "removal_reason": null, "link_flair_background_color": "", "id": "9l1xn0", "is_robot_indexable": true, "report_reasons": null, "author": "j_one_k", "num_crossposts": 0, "num_comments": 4, "send_replies": true, "author_patreon_flair": false, "author_flair_text_color": null, "permalink": "/r/AskHistorians/comments/9l1xn0/jewish_practices_in_1708_lithuania_would_a_jewish/", "whitelist_status": "all_ads", "stickied": false, "url": "https://www.reddit.com/r/AskHistorians/comments/9l1xn0/jewish_practices_in_1708_lithuania_would_a_jewish/", "subreddit_subscribers": 840482, "created_utc": 1538578850.0, "mod_reports": [], "is_video": false}}], "after": null, "before": null}}, {"kind": "Listing", "data": {"modhash": "", "dist": null, "children": [{"kind": "t1", "data": {"subreddit_id": "t5_2ssp3", "approved_at_utc": null, "ups": 5, "mod_reason_by": null, "banned_by": null, "author_flair_type": "text", "removal_reason": null, "link_id": "t3_9l1xn0", "author_flair_template_id": null, "likes": null, "no_follow": false, "replies": {"kind": "Listing", "data": {"modhash": "", "dist": null, "children": [{"kind": "t1", "data": {"subreddit_id": "t5_2ssp3", "approved_at_utc": null, "ups": 1, "mod_reason_by": null, "banned_by": null, "author_flair_type": "text", "removal_reason": null, "link_id": "t3_9l1xn0", "author_flair_template_id": null, "likes": null, "no_follow": true, "replies": "", "user_reports": [], "saved": false, "id": "e740r6e", "banned_at_utc": null, "mod_reason_title": null, "gilded": 0, "archived": false, "report_reasons": null, "author": "j_one_k", "can_mod_post": false, "send_replies": true, "parent_id": "t1_e73y9b2", "score": 1, "author_fullname": "t2_8uf2h", "approved_by": null, "downs": 0, "body": "Amazing, thank you so much. I still very much endorse the book as a fun read and an expression of (contemporary) Jewish values, but it's interesting to understand that it's not just the fantasy elements that make it ahistorical. ", "edited": false, "author_flair_css_class": null, "is_submitter": true, "collapsed": false, "author_flair_richtext": [], "author_patreon_flair": false, "collapsed_reason": null, "body_html": "&lt;div class=\"md\"&gt;&lt;p&gt;Amazing, thank you so much. I still very much endorse the book as a fun read and an expression of (contemporary) Jewish values, but it&amp;#39;s interesting to understand that it&amp;#39;s not just the fantasy elements that make it ahistorical. &lt;/p&gt;\n&lt;/div&gt;", "stickied": false, "subreddit_type": "public", "can_gild": true, "gildings": {"gid_1": 0, "gid_2": 0, "gid_3": 0}, "author_flair_text_color": null, "score_hidden": false, "permalink": "/r/AskHistorians/comments/9l1xn0/jewish_practices_in_1708_lithuania_would_a_jewish/e740r6e/", "num_reports": null, "name": "t1_e740r6e", "created": 1538626869.0, "subreddit": "AskHistorians", "author_flair_text": null, "created_utc": 1538598069.0, "subreddit_name_prefixed": "r/AskHistorians", "controversiality": 0, "depth": 1, "author_flair_background_color": null, "mod_reports": [], "mod_note": null, "distinguished": null}}, {"kind": "t1", "data": {"subreddit_id": "t5_2ssp3", "approved_at_utc": null, "ups": 1, "mod_reason_by": null, "banned_by": null, "author_flair_type": "text", "removal_reason": null, "link_id": "t3_9l1xn0", "author_flair_template_id": null, "likes": null, "no_follow": true, "replies": {"kind": "Listing", "data": {"modhash": "", "dist": null, "children": [{"kind": "t1", "data": {"subreddit_id": "t5_2ssp3", "approved_at_utc": null, "ups": 1, "mod_reason_by": null, "banned_by": null, "author_flair_type": "text", "removal_reason": null, "link_id": "t3_9l1xn0", "author_flair_template_id": null, "likes": null, "no_follow": true, "replies": "", "user_reports": [], "saved": false, "id": "e93teo5", "banned_at_utc": null, "mod_reason_title": null, "gilded": 0, "archived": false, "report_reasons": null, "author": "hannahstohelit", "can_mod_post": false, "send_replies": true, "parent_id": "t1_e92o7w4", "score": 1, "author_fullname": "t2_nva6pp", "approved_by": null, "downs": 0, "body": "Lol I realized after I'd already written it that I was answering the question in the text post, not in the title. Completely forgot to change it, but not really worth it. ", "edited": false, "author_flair_css_class": null, "is_submitter": false, "collapsed": false, "author_flair_richtext": [], "author_patreon_flair": false, "collapsed_reason": null, "body_html": "&lt;div class=\"md\"&gt;&lt;p&gt;Lol I realized after I&amp;#39;d already written it that I was answering the question in the text post, not in the title. Completely forgot to change it, but not really worth it. &lt;/p&gt;\n&lt;/div&gt;", "stickied": false, "subreddit_type": "public", "can_gild": true, "gildings": {"gid_1": 0, "gid_2": 0, "gid_3": 0}, "author_flair_text_color": null, "score_hidden": false, "permalink": "/r/AskHistorians/comments/9l1xn0/jewish_practices_in_1708_lithuania_would_a_jewish/e93teo5/", "num_reports": null, "name": "t1_e93teo5", "created": 1541467738.0, "subreddit": "AskHistorians", "author_flair_text": null, "created_utc": 1541438938.0, "subreddit_name_prefixed": "r/AskHistorians", "controversiality": 0, "depth": 2, "author_flair_background_color": null, "mod_reports": [], "mod_note": null, "distinguished": null}}], "after": null, "before": null}}, "user_reports": [], "saved": false, "id": "e92o7w4", "banned_at_utc": null, "mod_reason_title": null, "gilded": 0, "archived": false, "report_reasons": null, "author": "Teerdidkya", "can_mod_post": false, "send_replies": true, "parent_id": "t1_e73y9b2", "score": 1, "author_fullname": "t2_qzfmyve", "approved_by": null, "downs": 0, "body": "Then wouldn\u2019t the answer be no?", "edited": false, "author_flair_css_class": null, "is_submitter": false, "collapsed": false, "author_flair_richtext": [], "author_patreon_flair": false, "collapsed_reason": null, "body_html": "&lt;div class=\"md\"&gt;&lt;p&gt;Then wouldn\u2019t the answer be no?&lt;/p&gt;\n&lt;/div&gt;", "stickied": false, "subreddit_type": "public", "can_gild": true, "gildings": {"gid_1": 0, "gid_2": 0, "gid_3": 0}, "author_flair_text_color": null, "score_hidden": false, "permalink": "/r/AskHistorians/comments/9l1xn0/jewish_practices_in_1708_lithuania_would_a_jewish/e92o7w4/", "num_reports": null, "name": "t1_e92o7w4", "created": 1541414938.0, "subreddit": "AskHistorians", "author_flair_text": null, "created_utc": 1541386138.0, "subreddit_name_prefixed": "r/AskHistorians", "controversiality": 0, "depth": 1, "author_flair_background_color": null, "mod_reports": [], "mod_note": null, "distinguished": null}}], "after": null, "before": null}}, "user_reports": [], "saved": false, "id": "e73y9b2", "banned_at_utc": null, "mod_reason_title": null, "gilded": 0, "archived": false, "report_reasons": null, "author": "hannahstohelit", "can_mod_post": false, "send_replies": true, "parent_id": "t3_9l1xn0", "score": 5, "author_fullname": "t2_nva6pp", "approved_by": null, "downs": 0, "body": "The short answer is yes- most Jewish families in Lithuania at that time would be living in a village (shtetl) or town, with access to a minyan and other amenities which come with living in a Jewish community. There could be backwater Jews who did not, but this was relatively uncommon, and it would be less because they were living in a non-Jewish town and more because they were living in the backwater somewhere as farmers (also uncommon). The exception would be when a Jew was the \"court Jew\"- not so much a moneylender as a banker or financier who was employed as the personal financial manager of a local ruler (often as the only Jew permitted in that area). Bear in mind that in these times, Jews were prohibited from living in many places, or restricted to certain areas- which could, just as much as Jewish law and community, be a reason for Jews to stay close together.        \nFor the record, the trope of the Jew as the moneylender (as opposed to a banker/court Jew) is actually more of a medieval than an early modern one, so that itself rings a bit false, but it's not like it's impossible.       \nAs far as the marriage, I cannot at all imagine a rabbi in that time and that place officiating at an intermarriage. This is not only due to the fact that Jewish law would have forbidden it (and that all rabbis at that time and in that place would have followed this law), but due to the fact that marriage was seen as entirely religious- it would be seen as just as problematic from the Christian side for a Christian to be married by a Jewish rabbi as it would be from the Jewish side, and it would be seen as no marriage. The concept of intermarriage at all was basically unheard of- one or the other would have to convert.        ", "edited": 1538596382.0, "author_flair_css_class": null, "is_submitter": false, "collapsed": false, "author_flair_richtext": [], "author_patreon_flair": false, "collapsed_reason": null, "body_html": "&lt;div class=\"md\"&gt;&lt;p&gt;The short answer is yes- most Jewish families in Lithuania at that time would be living in a village (shtetl) or town, with access to a minyan and other amenities which come with living in a Jewish community. There could be backwater Jews who did not, but this was relatively uncommon, and it would be less because they were living in a non-Jewish town and more because they were living in the backwater somewhere as farmers (also uncommon). The exception would be when a Jew was the &amp;quot;court Jew&amp;quot;- not so much a moneylender as a banker or financier who was employed as the personal financial manager of a local ruler (often as the only Jew permitted in that area). Bear in mind that in these times, Jews were prohibited from living in many places, or restricted to certain areas- which could, just as much as Jewish law and community, be a reason for Jews to stay close together.&lt;br/&gt;\nFor the record, the trope of the Jew as the moneylender (as opposed to a banker/court Jew) is actually more of a medieval than an early modern one, so that itself rings a bit false, but it&amp;#39;s not like it&amp;#39;s impossible.&lt;br/&gt;\nAs far as the marriage, I cannot at all imagine a rabbi in that time and that place officiating at an intermarriage. This is not only due to the fact that Jewish law would have forbidden it (and that all rabbis at that time and in that place would have followed this law), but due to the fact that marriage was seen as entirely religious- it would be seen as just as problematic from the Christian side for a Christian to be married by a Jewish rabbi as it would be from the Jewish side, and it would be seen as no marriage. The concept of intermarriage at all was basically unheard of- one or the other would have to convert.        &lt;/p&gt;\n&lt;/div&gt;", "stickied": false, "subreddit_type": "public", "can_gild": true, "gildings": {"gid_1": 0, "gid_2": 0, "gid_3": 0}, "author_flair_text_color": null, "score_hidden": false, "permalink": "/r/AskHistorians/comments/9l1xn0/jewish_practices_in_1708_lithuania_would_a_jewish/e73y9b2/", "num_reports": null, "name": "t1_e73y9b2", "created": 1538624914.0, "subreddit": "AskHistorians", "author_flair_text": null, "created_utc": 1538596114.0, "subreddit_name_prefixed": "r/AskHistorians", "controversiality": 0, "depth": 0, "author_flair_background_color": null, "mod_reports": [], "mod_note": null, "distinguished": null}}], "after": null, "before": null}}]