[{"kind": "Listing", "data": {"modhash": "", "dist": 1, "children": [{"kind": "t3", "data": {"approved_at_utc": null, "subreddit": "AskHistorians", "selftext": "[deleted]", "user_reports": [], "saved": false, "mod_reason_title": null, "gilded": 0, "clicked": false, "title": "Is it a coincidence or something else that Communist dictators, if not most of the worst dictators, die disproportionately of heart problems?", "link_flair_richtext": [], "subreddit_name_prefixed": "r/AskHistorians", "hidden": false, "pwls": 6, "link_flair_css_class": null, "downs": 0, "parent_whitelist_status": "all_ads", "hide_score": false, "name": "t3_9l3r1t", "quarantine": false, "link_flair_text_color": "dark", "upvote_ratio": 0.5, "author_flair_background_color": "", "subreddit_type": "public", "ups": 0, "domain": "self.AskHistorians", "media_embed": {}, "author_flair_template_id": null, "is_original_content": false, "secure_media": null, "is_reddit_media_domain": false, "is_meta": false, "category": null, "secure_media_embed": {}, "link_flair_text": null, "can_mod_post": false, "score": 0, "approved_by": null, "thumbnail": "", "edited": false, "author_flair_css_class": null, "gildings": {"gid_1": 0, "gid_2": 0, "gid_3": 0}, "content_categories": null, "is_self": true, "mod_note": null, "created": 1538619472.0, "link_flair_type": "text", "wls": 6, "banned_by": null, "contest_mode": false, "selftext_html": "&lt;!-- SC_OFF --&gt;&lt;div class=\"md\"&gt;&lt;p&gt;[deleted]&lt;/p&gt;\n&lt;/div&gt;&lt;!-- SC_ON --&gt;", "likes": null, "suggested_sort": null, "banned_at_utc": null, "view_count": null, "archived": false, "no_follow": true, "is_crosspostable": false, "pinned": false, "over_18": false, "media": null, "media_only": false, "link_flair_template_id": null, "can_gild": false, "spoiler": false, "locked": false, "author_flair_text": null, "visited": false, "num_reports": null, "distinguished": null, "subreddit_id": "t5_2ssp3", "mod_reason_by": null, "removal_reason": null, "link_flair_background_color": "", "id": "9l3r1t", "is_robot_indexable": false, "report_reasons": null, "author": "[deleted]", "num_crossposts": 0, "num_comments": 2, "send_replies": true, "author_flair_text_color": "dark", "permalink": "/r/AskHistorians/comments/9l3r1t/is_it_a_coincidence_or_something_else_that/", "whitelist_status": "all_ads", "stickied": false, "url": "https://www.reddit.com/r/AskHistorians/comments/9l3r1t/is_it_a_coincidence_or_something_else_that/", "subreddit_subscribers": 840483, "created_utc": 1538590672.0, "mod_reports": [], "is_video": false}}], "after": null, "before": null}}, {"kind": "Listing", "data": {"modhash": "", "dist": null, "children": [{"kind": "t1", "data": {"subreddit_id": "t5_2ssp3", "approved_at_utc": null, "ups": 1, "mod_reason_by": null, "banned_by": null, "author_flair_type": "text", "removal_reason": null, "link_id": "t3_9l3r1t", "author_flair_template_id": null, "likes": null, "no_follow": true, "replies": {"kind": "Listing", "data": {"modhash": "", "dist": null, "children": [{"kind": "t1", "data": {"subreddit_id": "t5_2ssp3", "approved_at_utc": null, "ups": 1, "mod_reason_by": null, "banned_by": null, "author_flair_type": "text", "removal_reason": null, "link_id": "t3_9l3r1t", "author_flair_template_id": null, "likes": null, "no_follow": true, "replies": "", "user_reports": [], "saved": false, "id": "e75uicb", "banned_at_utc": null, "mod_reason_title": null, "gilded": 0, "archived": false, "report_reasons": null, "author": "hesh582", "can_mod_post": false, "send_replies": true, "parent_id": "t1_e73wgnf", "score": 1, "author_fullname": "t2_4gm7g", "approved_by": null, "downs": 0, "body": "Just to add on to this:\n\nBear in mind that cardiac arrest *is* the leading killer of the \"elder statesman\" demographic by a large factor.  Then add into that the fact that \"communist dictators\" is a very small sample size for something like this, and then consider that several did not die of heart failure.  \n\nUsing \"communist leaders\" instead of \"communist dictators\" to avoid that debate, and quickly looking over the record: Lenin died of a stroke.  Stalin died of a massive cerebral hemorrhage.  It is still debated whether he was poisoned.  Andropov died of kidney failure.  Chernenko died of cirrhosis and smoking related emphysema, and was just generally a bag of horrible health problems before he even took power.  Ceau\u0219escu  was executed.  Ramiz Alia died of lung disease.  Many early leaders of small communist countries were executed during the consolidation of Stalinism and resulting purges.  So on and so forth.  \n\nA brief glance shows very typical causes of death for the given age bracket and time period: smoking related lung issues, cancer, stroke, heart disease.  The obvious statistical anomaly is \"execution\", not heart problems.  \n\nEven if you ignore the obvious issues with secrecy and such, a claim like this would require clear research to affirm with any certainty.  I think it would be very difficult to actually demonstrate a statistically significant incidence of heart failure in a small population where heart failure would be the expected leading cause of death, and where heart failure though a common cause of death was by no means ubiquitous.", "edited": 1538672781.0, "author_flair_css_class": null, "is_submitter": false, "collapsed": false, "author_flair_richtext": [], "author_patreon_flair": false, "collapsed_reason": null, "body_html": "&lt;div class=\"md\"&gt;&lt;p&gt;Just to add on to this:&lt;/p&gt;\n\n&lt;p&gt;Bear in mind that cardiac arrest &lt;em&gt;is&lt;/em&gt; the leading killer of the &amp;quot;elder statesman&amp;quot; demographic by a large factor.  Then add into that the fact that &amp;quot;communist dictators&amp;quot; is a very small sample size for something like this, and then consider that several did not die of heart failure.  &lt;/p&gt;\n\n&lt;p&gt;Using &amp;quot;communist leaders&amp;quot; instead of &amp;quot;communist dictators&amp;quot; to avoid that debate, and quickly looking over the record: Lenin died of a stroke.  Stalin died of a massive cerebral hemorrhage.  It is still debated whether he was poisoned.  Andropov died of kidney failure.  Chernenko died of cirrhosis and smoking related emphysema, and was just generally a bag of horrible health problems before he even took power.  Ceau\u0219escu  was executed.  Ramiz Alia died of lung disease.  Many early leaders of small communist countries were executed during the consolidation of Stalinism and resulting purges.  So on and so forth.  &lt;/p&gt;\n\n&lt;p&gt;A brief glance shows very typical causes of death for the given age bracket and time period: smoking related lung issues, cancer, stroke, heart disease.  The obvious statistical anomaly is &amp;quot;execution&amp;quot;, not heart problems.  &lt;/p&gt;\n\n&lt;p&gt;Even if you ignore the obvious issues with secrecy and such, a claim like this would require clear research to affirm with any certainty.  I think it would be very difficult to actually demonstrate a statistically significant incidence of heart failure in a small population where heart failure would be the expected leading cause of death, and where heart failure though a common cause of death was by no means ubiquitous.&lt;/p&gt;\n&lt;/div&gt;", "stickied": false, "subreddit_type": "public", "can_gild": true, "gildings": {"gid_1": 0, "gid_2": 0, "gid_3": 0}, "author_flair_text_color": null, "score_hidden": false, "permalink": "/r/AskHistorians/comments/9l3r1t/is_it_a_coincidence_or_something_else_that/e75uicb/", "num_reports": null, "name": "t1_e75uicb", "created": 1538701189.0, "subreddit": "AskHistorians", "author_flair_text": null, "created_utc": 1538672389.0, "subreddit_name_prefixed": "r/AskHistorians", "controversiality": 0, "depth": 1, "author_flair_background_color": null, "mod_reports": [], "mod_note": null, "distinguished": null}}], "after": null, "before": null}}, "user_reports": [], "saved": false, "id": "e73wgnf", "banned_at_utc": null, "mod_reason_title": null, "gilded": 0, "archived": false, "report_reasons": null, "author": "chris06095", "can_mod_post": false, "send_replies": true, "parent_id": "t3_9l3r1t", "score": 1, "author_fullname": "t2_fuhhj", "approved_by": null, "downs": 0, "body": "Since I don't know what data or statistics you're relying upon to make the assertion - and I'm not an expert in this field - I certainly can't give you a categorical answer.  However, over many years of reading I guess I could say that I have some insight into a way of approaching an answer to the question.\n\nConsider first the truism that \"everyone dies of heart failure\".  That's an elementary fact based on the notion that \"when your heart stops beating, then you die.\"  Well, duh.  The point is that in our medical diagnosing (and medical examination of corpses), we tend to determine, further than that, \"Well *why* did this person's heart stop beating?\" and that leads us to \"cause of death\".\n\nMost hard-line Communist nations have been notoriously secretive about their leaders' health issues - and about the \"true facts\" about their various demises, when those occur.  For many leaders the country's propaganda machinery is geared to presenting a true \"strong man\" (in every sense of the word) living and ruling in perfect health.  (That also feeds into the nationalistic myths about the terrific genetic stock from which the leader - and his countrymen - come from, the perfection of the nation's health care facilities in general and the genius of its medical establishment, etc.)  In the absence of better information, a statement about a leader dying from \"heart failure\" may be taken at face value, and na\u00efve, unquestioning or gullible correspondents may leap to an assumption that the person died of the types of heart problems that many in the West still suffer: myocardial infarction (heart attack), acute arrhythmia, congestive heart failure, etc.  Failing to ascertain exactly what kind of \"heart failure\" occurred, they just go with that as the \"cause of death\" and may never learn, whether he simply died from neglect (or ignorance) of other serious health conditions, fear of risky surgery which may have saved his life ... or was perhaps shot in the head by one of the \"grieving associates\" who now has to \u00absigh\u00bb attempt to pick up the reins, step into his shoes and assume the yoke of command.\n\nThere's also the very likely issue that because the medical infrastructure was not \"all that\" - even for the various Dear Leaders and their ilk - and the medical practitioners may not have been up to the mark of \"standard of care\" that we assume and demand in the West - and the secrecy about that, as well, because the propaganda ministries would never admit to those facts - then even routine cardiac care and treatment is just not as good in those places as it is elsewhere.\n\nAdded to all of that, of course, most of those dictators tended to rule \"for life\", so where a politician in a democratic republic may be \"killed\" (figuratively) with bad election results - and then later die of heart disease later in life - the \"strong man\" in Communist leadership will be in office ... until the day he dies, however that may occur.", "edited": false, "author_flair_css_class": null, "is_submitter": false, "collapsed": false, "author_flair_richtext": [], "author_patreon_flair": false, "collapsed_reason": null, "body_html": "&lt;div class=\"md\"&gt;&lt;p&gt;Since I don&amp;#39;t know what data or statistics you&amp;#39;re relying upon to make the assertion - and I&amp;#39;m not an expert in this field - I certainly can&amp;#39;t give you a categorical answer.  However, over many years of reading I guess I could say that I have some insight into a way of approaching an answer to the question.&lt;/p&gt;\n\n&lt;p&gt;Consider first the truism that &amp;quot;everyone dies of heart failure&amp;quot;.  That&amp;#39;s an elementary fact based on the notion that &amp;quot;when your heart stops beating, then you die.&amp;quot;  Well, duh.  The point is that in our medical diagnosing (and medical examination of corpses), we tend to determine, further than that, &amp;quot;Well &lt;em&gt;why&lt;/em&gt; did this person&amp;#39;s heart stop beating?&amp;quot; and that leads us to &amp;quot;cause of death&amp;quot;.&lt;/p&gt;\n\n&lt;p&gt;Most hard-line Communist nations have been notoriously secretive about their leaders&amp;#39; health issues - and about the &amp;quot;true facts&amp;quot; about their various demises, when those occur.  For many leaders the country&amp;#39;s propaganda machinery is geared to presenting a true &amp;quot;strong man&amp;quot; (in every sense of the word) living and ruling in perfect health.  (That also feeds into the nationalistic myths about the terrific genetic stock from which the leader - and his countrymen - come from, the perfection of the nation&amp;#39;s health care facilities in general and the genius of its medical establishment, etc.)  In the absence of better information, a statement about a leader dying from &amp;quot;heart failure&amp;quot; may be taken at face value, and na\u00efve, unquestioning or gullible correspondents may leap to an assumption that the person died of the types of heart problems that many in the West still suffer: myocardial infarction (heart attack), acute arrhythmia, congestive heart failure, etc.  Failing to ascertain exactly what kind of &amp;quot;heart failure&amp;quot; occurred, they just go with that as the &amp;quot;cause of death&amp;quot; and may never learn, whether he simply died from neglect (or ignorance) of other serious health conditions, fear of risky surgery which may have saved his life ... or was perhaps shot in the head by one of the &amp;quot;grieving associates&amp;quot; who now has to \u00absigh\u00bb attempt to pick up the reins, step into his shoes and assume the yoke of command.&lt;/p&gt;\n\n&lt;p&gt;There&amp;#39;s also the very likely issue that because the medical infrastructure was not &amp;quot;all that&amp;quot; - even for the various Dear Leaders and their ilk - and the medical practitioners may not have been up to the mark of &amp;quot;standard of care&amp;quot; that we assume and demand in the West - and the secrecy about that, as well, because the propaganda ministries would never admit to those facts - then even routine cardiac care and treatment is just not as good in those places as it is elsewhere.&lt;/p&gt;\n\n&lt;p&gt;Added to all of that, of course, most of those dictators tended to rule &amp;quot;for life&amp;quot;, so where a politician in a democratic republic may be &amp;quot;killed&amp;quot; (figuratively) with bad election results - and then later die of heart disease later in life - the &amp;quot;strong man&amp;quot; in Communist leadership will be in office ... until the day he dies, however that may occur.&lt;/p&gt;\n&lt;/div&gt;", "stickied": false, "subreddit_type": "public", "can_gild": true, "gildings": {"gid_1": 0, "gid_2": 0, "gid_3": 0}, "author_flair_text_color": null, "score_hidden": false, "permalink": "/r/AskHistorians/comments/9l3r1t/is_it_a_coincidence_or_something_else_that/e73wgnf/", "num_reports": null, "name": "t1_e73wgnf", "created": 1538623494.0, "subreddit": "AskHistorians", "author_flair_text": null, "created_utc": 1538594694.0, "subreddit_name_prefixed": "r/AskHistorians", "controversiality": 0, "depth": 0, "author_flair_background_color": null, "mod_reports": [], "mod_note": null, "distinguished": null}}], "after": null, "before": null}}]