[{"kind": "Listing", "data": {"modhash": "", "dist": 1, "children": [{"kind": "t3", "data": {"approved_at_utc": null, "subreddit": "AskHistorians", "selftext": "I live in Washington state and I'm pretty sure that I have never distinctly voted for them as seperate entities, but only as a group, which would imply that we do not, directly or indirectly, vote for the VP of the United States.\n\nEdit: please answer with more than \"see article 2, section 1\"", "user_reports": [], "saved": false, "mod_reason_title": null, "gilded": 0, "clicked": false, "title": "Amendment 12 of the US Constitution states that Electors take seperate votes for the President and VP. Why don't voters do the same?", "link_flair_richtext": [], "subreddit_name_prefixed": "r/AskHistorians", "hidden": false, "pwls": 6, "link_flair_css_class": null, "downs": 0, "parent_whitelist_status": "all_ads", "hide_score": false, "name": "t3_6exvv4", "quarantine": false, "link_flair_text_color": "dark", "upvote_ratio": 0.68, "author_flair_background_color": null, "subreddit_type": "public", "ups": 6, "domain": "self.AskHistorians", "media_embed": {}, "author_flair_template_id": null, "is_original_content": false, "secure_media": null, "is_reddit_media_domain": false, "category": null, "secure_media_embed": {}, "link_flair_text": null, "can_mod_post": false, "score": 6, "approved_by": null, "thumbnail": "", "edited": 1496445545.0, "author_flair_css_class": null, "author_flair_richtext": [], "content_categories": null, "is_self": true, "mod_note": null, "created": 1496473992.0, "link_flair_type": "text", "wls": 6, "post_categories": null, "banned_by": null, "author_flair_type": "text", "contest_mode": false, "selftext_html": "&lt;!-- SC_OFF --&gt;&lt;div class=\"md\"&gt;&lt;p&gt;I live in Washington state and I&amp;#39;m pretty sure that I have never distinctly voted for them as seperate entities, but only as a group, which would imply that we do not, directly or indirectly, vote for the VP of the United States.&lt;/p&gt;\n\n&lt;p&gt;Edit: please answer with more than &amp;quot;see article 2, section 1&amp;quot;&lt;/p&gt;\n&lt;/div&gt;&lt;!-- SC_ON --&gt;", "likes": null, "suggested_sort": null, "banned_at_utc": null, "view_count": null, "archived": true, "no_follow": true, "is_crosspostable": false, "pinned": false, "over_18": false, "media_only": false, "can_gild": false, "spoiler": false, "locked": false, "author_flair_text": null, "rte_mode": "markdown", "visited": false, "num_reports": null, "distinguished": null, "subreddit_id": "t5_2ssp3", "mod_reason_by": null, "removal_reason": null, "id": "6exvv4", "report_reasons": null, "author": "AlienRooster", "num_crossposts": 0, "num_comments": 4, "send_replies": true, "mod_reports": [], "author_flair_text_color": null, "permalink": "/r/AskHistorians/comments/6exvv4/amendment_12_of_the_us_constitution_states_that/", "whitelist_status": "all_ads", "stickied": false, "url": "https://www.reddit.com/r/AskHistorians/comments/6exvv4/amendment_12_of_the_us_constitution_states_that/", "subreddit_subscribers": 771069, "created_utc": 1496445192.0, "media": null, "is_video": false}}], "after": null, "before": null}}, {"kind": "Listing", "data": {"modhash": "", "dist": null, "children": [{"kind": "t1", "data": {"subreddit_id": "t5_2ssp3", "approved_at_utc": null, "ups": 2, "mod_reason_by": null, "banned_by": null, "author_flair_type": "text", "removal_reason": null, "link_id": "t3_6exvv4", "author_flair_template_id": null, "likes": null, "no_follow": true, "replies": {"kind": "Listing", "data": {"modhash": "", "dist": null, "children": [{"kind": "t1", "data": {"subreddit_id": "t5_2ssp3", "approved_at_utc": null, "ups": 1, "mod_reason_by": null, "banned_by": null, "author_flair_type": "text", "removal_reason": null, "link_id": "t3_6exvv4", "author_flair_template_id": null, "likes": null, "no_follow": true, "replies": "", "user_reports": [], "saved": false, "id": "dif2xyo", "banned_at_utc": null, "mod_reason_title": null, "gilded": 0, "archived": true, "report_reasons": null, "author": "AlienRooster", "can_mod_post": false, "send_replies": true, "parent_id": "t1_dieu5vv", "score": 1, "approved_by": null, "downs": 0, "body": "Thank you for the reply. I have been reading alot about the revolutionary time period of America and interesting points pop up.", "edited": false, "author_flair_css_class": null, "collapsed": false, "author_flair_richtext": [], "is_submitter": true, "collapsed_reason": null, "body_html": "&lt;div class=\"md\"&gt;&lt;p&gt;Thank you for the reply. I have been reading alot about the revolutionary time period of America and interesting points pop up.&lt;/p&gt;\n&lt;/div&gt;", "stickied": false, "subreddit_type": "public", "can_gild": true, "subreddit": "AskHistorians", "author_flair_text_color": null, "score_hidden": false, "permalink": "/r/AskHistorians/comments/6exvv4/amendment_12_of_the_us_constitution_states_that/dif2xyo/", "num_reports": null, "name": "t1_dif2xyo", "created": 1496551601.0, "author_flair_text": null, "rte_mode": "markdown", "created_utc": 1496522801.0, "subreddit_name_prefixed": "r/AskHistorians", "controversiality": 0, "depth": 1, "author_flair_background_color": null, "mod_reports": [], "mod_note": null, "distinguished": null}}], "after": null, "before": null}}, "user_reports": [], "saved": false, "id": "dieu5vv", "banned_at_utc": null, "mod_reason_title": null, "gilded": 0, "archived": true, "report_reasons": null, "author": "Evan_Th", "can_mod_post": false, "send_replies": true, "parent_id": "t3_6exvv4", "score": 2, "approved_by": null, "downs": 0, "body": "As Article 2 of the Constitution says, the President and Vice-President are chosen by electors, and the electors can be chosen however the state legislature wants.  Since 1860, with one exception, every state has had the people elect electors who (sometimes unofficially; sometimes officially) pledge to cast their vote for a particular President and Vice-President.  Once the elector is chosen, the voters have no further official influence over who he votes for.  So, when you cast your ballot, you were actually voting for a slate of electors who'd promised to cast their separate Presidential and Vice-Presidential votes in a specific way.\n\nOriginally, a number of states did have the legislature choose electors, sometimes changing the method from election to election.  For example, in 1800, the Federalists in Pennsylvania's upper house insisted each house choose electors separately to block the lower house's Republican majority from sweeping the ticket.  In the early 1800's, the rising trend of Jacksonian democracy led to every state giving the choice to voters except South Carolina.  After the Civil War changed that (to make a long story short) the one last exception was Colorado in 1876, which was admitted as a state too late in the year to organize a popular vote.", "edited": false, "author_flair_css_class": null, "collapsed": false, "author_flair_richtext": [], "is_submitter": false, "collapsed_reason": null, "body_html": "&lt;div class=\"md\"&gt;&lt;p&gt;As Article 2 of the Constitution says, the President and Vice-President are chosen by electors, and the electors can be chosen however the state legislature wants.  Since 1860, with one exception, every state has had the people elect electors who (sometimes unofficially; sometimes officially) pledge to cast their vote for a particular President and Vice-President.  Once the elector is chosen, the voters have no further official influence over who he votes for.  So, when you cast your ballot, you were actually voting for a slate of electors who&amp;#39;d promised to cast their separate Presidential and Vice-Presidential votes in a specific way.&lt;/p&gt;\n\n&lt;p&gt;Originally, a number of states did have the legislature choose electors, sometimes changing the method from election to election.  For example, in 1800, the Federalists in Pennsylvania&amp;#39;s upper house insisted each house choose electors separately to block the lower house&amp;#39;s Republican majority from sweeping the ticket.  In the early 1800&amp;#39;s, the rising trend of Jacksonian democracy led to every state giving the choice to voters except South Carolina.  After the Civil War changed that (to make a long story short) the one last exception was Colorado in 1876, which was admitted as a state too late in the year to organize a popular vote.&lt;/p&gt;\n&lt;/div&gt;", "stickied": false, "subreddit_type": "public", "can_gild": true, "subreddit": "AskHistorians", "author_flair_text_color": null, "score_hidden": false, "permalink": "/r/AskHistorians/comments/6exvv4/amendment_12_of_the_us_constitution_states_that/dieu5vv/", "num_reports": null, "name": "t1_dieu5vv", "created": 1496539373.0, "author_flair_text": null, "rte_mode": "markdown", "created_utc": 1496510573.0, "subreddit_name_prefixed": "r/AskHistorians", "controversiality": 0, "depth": 0, "author_flair_background_color": null, "mod_reports": [], "mod_note": null, "distinguished": null}}, {"kind": "t1", "data": {"subreddit_id": "t5_2ssp3", "approved_at_utc": null, "ups": 1, "mod_reason_by": null, "banned_by": null, "removal_reason": null, "link_id": "t3_6exvv4", "author_flair_template_id": null, "likes": null, "no_follow": true, "replies": "", "user_reports": [], "saved": false, "id": "die12xo", "banned_at_utc": null, "mod_reason_title": null, "gilded": 0, "archived": true, "report_reasons": null, "author": "[deleted]", "can_mod_post": false, "send_replies": true, "parent_id": "t3_6exvv4", "score": 1, "approved_by": null, "downs": 0, "body": "[removed]", "edited": false, "author_flair_css_class": null, "collapsed": false, "is_submitter": false, "collapsed_reason": null, "body_html": "&lt;div class=\"md\"&gt;&lt;p&gt;[removed]&lt;/p&gt;\n&lt;/div&gt;", "stickied": false, "subreddit_type": "public", "can_gild": true, "subreddit": "AskHistorians", "author_flair_text_color": "dark", "score_hidden": false, "permalink": "/r/AskHistorians/comments/6exvv4/amendment_12_of_the_us_constitution_states_that/die12xo/", "num_reports": null, "name": "t1_die12xo", "created": 1496481014.0, "author_flair_text": null, "rte_mode": "markdown", "created_utc": 1496452214.0, "subreddit_name_prefixed": "r/AskHistorians", "controversiality": 0, "depth": 0, "author_flair_background_color": "", "mod_reports": [], "mod_note": null, "distinguished": null}}], "after": null, "before": null}}]