[{"kind": "Listing", "data": {"modhash": "", "dist": 1, "children": [{"kind": "t3", "data": {"approved_at_utc": null, "subreddit": "AskHistorians", "selftext": "[deleted]", "user_reports": [], "saved": false, "mod_reason_title": null, "gilded": 0, "clicked": false, "title": "How did a Roman emperor become Christian and why did it cause the downfall of the Roman Empire?", "link_flair_richtext": [], "subreddit_name_prefixed": "r/AskHistorians", "hidden": false, "pwls": 6, "link_flair_css_class": null, "downs": 0, "parent_whitelist_status": "all_ads", "hide_score": false, "name": "t3_6exvan", "quarantine": false, "link_flair_text_color": "dark", "upvote_ratio": 0.58, "author_flair_background_color": "", "subreddit_type": "public", "ups": 3, "domain": "self.AskHistorians", "media_embed": {}, "author_flair_template_id": null, "is_original_content": false, "secure_media": null, "is_reddit_media_domain": false, "category": null, "secure_media_embed": {}, "link_flair_text": null, "can_mod_post": false, "score": 3, "approved_by": null, "thumbnail": "", "edited": false, "author_flair_css_class": null, "content_categories": null, "is_self": true, "mod_note": null, "created": 1496473807.0, "link_flair_type": "text", "wls": 6, "post_categories": null, "banned_by": null, "contest_mode": false, "selftext_html": "&lt;!-- SC_OFF --&gt;&lt;div class=\"md\"&gt;&lt;p&gt;[deleted]&lt;/p&gt;\n&lt;/div&gt;&lt;!-- SC_ON --&gt;", "likes": null, "suggested_sort": null, "banned_at_utc": null, "view_count": null, "archived": true, "no_follow": true, "is_crosspostable": false, "pinned": false, "over_18": false, "media": null, "media_only": false, "can_gild": false, "spoiler": false, "locked": false, "author_flair_text": null, "rte_mode": "markdown", "visited": false, "num_reports": null, "distinguished": null, "subreddit_id": "t5_2ssp3", "mod_reason_by": null, "removal_reason": null, "id": "6exvan", "report_reasons": null, "author": "[deleted]", "num_crossposts": 0, "num_comments": 3, "send_replies": true, "author_flair_text_color": "dark", "permalink": "/r/AskHistorians/comments/6exvan/how_did_a_roman_emperor_become_christian_and_why/", "whitelist_status": "all_ads", "stickied": false, "url": "https://www.reddit.com/r/AskHistorians/comments/6exvan/how_did_a_roman_emperor_become_christian_and_why/", "subreddit_subscribers": 771068, "created_utc": 1496445007.0, "mod_reports": [], "is_video": false}}], "after": null, "before": null}}, {"kind": "Listing", "data": {"modhash": "", "dist": null, "children": [{"kind": "t1", "data": {"subreddit_id": "t5_2ssp3", "approved_at_utc": null, "ups": 5, "mod_reason_by": null, "banned_by": null, "author_flair_type": "text", "removal_reason": null, "link_id": "t3_6exvan", "author_flair_template_id": null, "likes": null, "no_follow": true, "replies": "", "user_reports": [], "saved": false, "id": "die4u13", "banned_at_utc": null, "mod_reason_title": null, "gilded": 0, "archived": true, "report_reasons": null, "author": "intenta1", "can_mod_post": false, "send_replies": true, "parent_id": "t3_6exvan", "score": 5, "approved_by": null, "downs": 0, "body": "Not an answer so much as a comment, but you've assumed that a Roman emperor becoming Christian caused the collapse of the Roman Empire.\nA follow question would be did it have an influence on the lessened power of the Empire over time?", "edited": false, "author_flair_css_class": null, "collapsed": false, "author_flair_richtext": [], "is_submitter": false, "collapsed_reason": null, "body_html": "&lt;div class=\"md\"&gt;&lt;p&gt;Not an answer so much as a comment, but you&amp;#39;ve assumed that a Roman emperor becoming Christian caused the collapse of the Roman Empire.\nA follow question would be did it have an influence on the lessened power of the Empire over time?&lt;/p&gt;\n&lt;/div&gt;", "stickied": false, "subreddit_type": "public", "can_gild": true, "subreddit": "AskHistorians", "author_flair_text_color": null, "score_hidden": false, "permalink": "/r/AskHistorians/comments/6exvan/how_did_a_roman_emperor_become_christian_and_why/die4u13/", "num_reports": null, "name": "t1_die4u13", "created": 1496486715.0, "author_flair_text": null, "rte_mode": "markdown", "created_utc": 1496457915.0, "subreddit_name_prefixed": "r/AskHistorians", "controversiality": 0, "depth": 0, "author_flair_background_color": null, "mod_reports": [], "mod_note": null, "distinguished": null}}, {"kind": "t1", "data": {"subreddit_id": "t5_2ssp3", "approved_at_utc": null, "ups": 4, "mod_reason_by": null, "banned_by": null, "author_flair_type": "text", "removal_reason": null, "link_id": "t3_6exvan", "author_flair_template_id": null, "likes": null, "no_follow": true, "replies": {"kind": "Listing", "data": {"modhash": "", "dist": null, "children": [{"kind": "t1", "data": {"subreddit_id": "t5_2ssp3", "approved_at_utc": null, "ups": 6, "mod_reason_by": null, "banned_by": null, "author_flair_type": "text", "removal_reason": null, "link_id": "t3_6exvan", "author_flair_template_id": null, "likes": null, "no_follow": true, "replies": "", "user_reports": [], "saved": false, "id": "diee1xs", "banned_at_utc": null, "mod_reason_title": null, "gilded": 0, "archived": true, "report_reasons": null, "author": "yonatanzunger", "can_mod_post": false, "send_replies": true, "parent_id": "t1_diee1pe", "score": 6, "approved_by": null, "downs": 0, "body": "(Part II)\n\nBut I think the most important moment was the sack of Rome in 410 by the Goths. It's a long story how this happened, but it's hard to describe how shocking and destabilizing it was to the world that Rome -- Rome! -- could be sacked. Imagine if on 9/11, rather than blowing up the World Trade Center, al-Qaeda had rolled in and conquered New York City, sacking and looting it before fleeing off into the countryside; this might give you a sense of how shocking it was.\n\nAs everyone tried to make sense of this, Augustine (bishop of Hippo) distilled an explanation. He focused on the fact that during their pillage, the (Christian!) Goths had spared the churches; from this he argued that Christians around the world were united in a \"City of God against the Pagans.\" (The title of his famous book) This idea resonated profoundly; it both captured an emerging zeitgeist and gave an explanation that people could hold on to, and it made Augustine incredibly famous throughout the Christian world down to the modern day. Essentially, the idea was to replace the old Romanitas with a new notion of Christianity as the unifying social idea.\n\nWhat resulted was a steady fusion of social, political, and religious identity into a single thing. This was especially important as central government continued to collapse (especially in the West, but also in much of the East; Byzantium never held strong political control over a lot of its nominal land), and local figures rose in authority. In cities, these were often now bishops and/or powerful nobles and/or people who were both. (You could quite easily go to bed a pagan, and by some miracle wake up a few hundred thousand sestertii poorer and a bishop \u2013\u00a0and quite a few did.) In the countryside, monastic orders often took the role of local protectors and stabilizers of the food supply. \n\nBy the early Middle Ages, say in the time of Charlemagne in the late 700's when it became possible to field armies and conquer large swaths of land again, this association was so deep that the notion of \"citizenship\" was essentially 1:1 with the concept of membership in the church community. All notion of legal status, for example, as well as access to things like food and water during emergencies, was predicated on one's church membership. (Thus the severity of excommunication: it literally made you an outlaw.) This becomes the cornerstone of Medieval law up until the religious wars of the 16th and 17th centuries.\n\nIf you want to understand this shift in power, and the ways in which this shared Christian identity began to underpin the daily political give-and-take, an excellent (and sadly underappreciated) book is Peter Brown's \"The Cult of the Saints.\"\n\nAnd what of Mithras and Magna Mater, you may ask? Mithraic worship largely died out as the Army shrank, because it never spread much beyond that. But Magna Mater didn't; instead, her worship and Christian worship steadily overlapped more, in much the same way as Christianity absorbed many other religions into it. The standard \"conversion\" practice looked a lot like a priest coming to a town and trying to solve some local problem, be it a failed well or a plague or a political issue. If he failed, he moved on to the next town; if he succeeded, Praise Be! and he got the town to praise Jesus and convert, teaching them the basics and then moving on. It was frequently over a century (!!) between successive visits to a town of anyone who actually knew anything about Christianity, and so local religions, while nominally all \"Christian,\" differed quite a *lot*. MacMullen (above) is a great reference on this conversion process; to see what this ultimately led to, you can read Ginzburg's \"The Cheese and the Worms,\" an account of the trial of a 16th-century miller for heresy. \n\nYou see, in the 16th century, with all this Protestant madness going on, the Church decided they needed to root out any possible heresy, and staged the Counter-Reformation, with a brand new Inquisition to support it. But as they started questioning people about their religious beliefs, they quickly discovered that nobody had ever bothered to explain a lot of basic ideas about Christianity to the general public. Ginzburg's book is a study of one of the trial records from this period.\n\nSo ultimately, it may be fairer not to say that Christianity \"defeated\" the other religions, or even \"absorbed\" them, as to say that all the Roman religions mixed together, and put Christianity \u2013 and most importantly, its function as a shared social identity which could undergird political alliances \u2013\u00a0on the label.", "edited": false, "author_flair_css_class": null, "collapsed": false, "author_flair_richtext": [], "is_submitter": false, "collapsed_reason": null, "body_html": "&lt;div class=\"md\"&gt;&lt;p&gt;(Part II)&lt;/p&gt;\n\n&lt;p&gt;But I think the most important moment was the sack of Rome in 410 by the Goths. It&amp;#39;s a long story how this happened, but it&amp;#39;s hard to describe how shocking and destabilizing it was to the world that Rome -- Rome! -- could be sacked. Imagine if on 9/11, rather than blowing up the World Trade Center, al-Qaeda had rolled in and conquered New York City, sacking and looting it before fleeing off into the countryside; this might give you a sense of how shocking it was.&lt;/p&gt;\n\n&lt;p&gt;As everyone tried to make sense of this, Augustine (bishop of Hippo) distilled an explanation. He focused on the fact that during their pillage, the (Christian!) Goths had spared the churches; from this he argued that Christians around the world were united in a &amp;quot;City of God against the Pagans.&amp;quot; (The title of his famous book) This idea resonated profoundly; it both captured an emerging zeitgeist and gave an explanation that people could hold on to, and it made Augustine incredibly famous throughout the Christian world down to the modern day. Essentially, the idea was to replace the old Romanitas with a new notion of Christianity as the unifying social idea.&lt;/p&gt;\n\n&lt;p&gt;What resulted was a steady fusion of social, political, and religious identity into a single thing. This was especially important as central government continued to collapse (especially in the West, but also in much of the East; Byzantium never held strong political control over a lot of its nominal land), and local figures rose in authority. In cities, these were often now bishops and/or powerful nobles and/or people who were both. (You could quite easily go to bed a pagan, and by some miracle wake up a few hundred thousand sestertii poorer and a bishop \u2013\u00a0and quite a few did.) In the countryside, monastic orders often took the role of local protectors and stabilizers of the food supply. &lt;/p&gt;\n\n&lt;p&gt;By the early Middle Ages, say in the time of Charlemagne in the late 700&amp;#39;s when it became possible to field armies and conquer large swaths of land again, this association was so deep that the notion of &amp;quot;citizenship&amp;quot; was essentially 1:1 with the concept of membership in the church community. All notion of legal status, for example, as well as access to things like food and water during emergencies, was predicated on one&amp;#39;s church membership. (Thus the severity of excommunication: it literally made you an outlaw.) This becomes the cornerstone of Medieval law up until the religious wars of the 16th and 17th centuries.&lt;/p&gt;\n\n&lt;p&gt;If you want to understand this shift in power, and the ways in which this shared Christian identity began to underpin the daily political give-and-take, an excellent (and sadly underappreciated) book is Peter Brown&amp;#39;s &amp;quot;The Cult of the Saints.&amp;quot;&lt;/p&gt;\n\n&lt;p&gt;And what of Mithras and Magna Mater, you may ask? Mithraic worship largely died out as the Army shrank, because it never spread much beyond that. But Magna Mater didn&amp;#39;t; instead, her worship and Christian worship steadily overlapped more, in much the same way as Christianity absorbed many other religions into it. The standard &amp;quot;conversion&amp;quot; practice looked a lot like a priest coming to a town and trying to solve some local problem, be it a failed well or a plague or a political issue. If he failed, he moved on to the next town; if he succeeded, Praise Be! and he got the town to praise Jesus and convert, teaching them the basics and then moving on. It was frequently over a century (!!) between successive visits to a town of anyone who actually knew anything about Christianity, and so local religions, while nominally all &amp;quot;Christian,&amp;quot; differed quite a &lt;em&gt;lot&lt;/em&gt;. MacMullen (above) is a great reference on this conversion process; to see what this ultimately led to, you can read Ginzburg&amp;#39;s &amp;quot;The Cheese and the Worms,&amp;quot; an account of the trial of a 16th-century miller for heresy. &lt;/p&gt;\n\n&lt;p&gt;You see, in the 16th century, with all this Protestant madness going on, the Church decided they needed to root out any possible heresy, and staged the Counter-Reformation, with a brand new Inquisition to support it. But as they started questioning people about their religious beliefs, they quickly discovered that nobody had ever bothered to explain a lot of basic ideas about Christianity to the general public. Ginzburg&amp;#39;s book is a study of one of the trial records from this period.&lt;/p&gt;\n\n&lt;p&gt;So ultimately, it may be fairer not to say that Christianity &amp;quot;defeated&amp;quot; the other religions, or even &amp;quot;absorbed&amp;quot; them, as to say that all the Roman religions mixed together, and put Christianity \u2013 and most importantly, its function as a shared social identity which could undergird political alliances \u2013\u00a0on the label.&lt;/p&gt;\n&lt;/div&gt;", "stickied": false, "subreddit_type": "public", "can_gild": true, "subreddit": "AskHistorians", "author_flair_text_color": null, "score_hidden": false, "permalink": "/r/AskHistorians/comments/6exvan/how_did_a_roman_emperor_become_christian_and_why/diee1xs/", "num_reports": null, "name": "t1_diee1xs", "created": 1496505699.0, "author_flair_text": null, "rte_mode": "markdown", "created_utc": 1496476899.0, "subreddit_name_prefixed": "r/AskHistorians", "controversiality": 0, "depth": 1, "author_flair_background_color": null, "mod_reports": [], "mod_note": null, "distinguished": null}}], "after": null, "before": null}}, "user_reports": [], "saved": false, "id": "diee1pe", "banned_at_utc": null, "mod_reason_title": null, "gilded": 0, "archived": true, "report_reasons": null, "author": "yonatanzunger", "can_mod_post": false, "send_replies": true, "parent_id": "t3_6exvan", "score": 4, "approved_by": null, "downs": 0, "body": "It's easier to answer the second part of this question first: It didn't. But the spread of Christianity throughout the Roman Empire was closely influenced by the changing conditions, and influenced them in turn.\n\nIt's useful to break Roman Imperial history into a few time periods. The \"Classical\" Empire can roughly be considered to run roughly from the time of Augustus through the time of Hadrian \u2013 from 27 BCE to 138 CE. During this time, the Empire was rapidly expanding, funding each successive conquest from the spoils of previous ones. This was also the period of the earliest emergence of Christianity: Paul, for example, was traveling across Europe in the 40's and 50's CE, and died ca. 67 CE, right around the time that the first semi-standard Gospels began to circulate. Churches in this period were growing from small groups of believers with common interests to groups large enough to have schisms and arguments (as illustrated by Paul's letters, *inter alia*), but were not politically particularly significant.\n\nThe period between Hadrian and Diocletian (who took power in 284 CE) is sometimes referred to as the \"Time of Troubles.\" Very broadly, Roman power had reached the extreme of its logistical capabilities, and there were no feasible conquests available to bring in additional wealth; and the broader Empire, which had been built up primarily to support this, didn't have any deep financial or transport logistics to deal with problems like climate shifts, crop failures, plagues, and (especially after 235) civil wars. This is an incredibly lengthy subject in its own right; my favorite place to start, if you want to learn more, would be Peter Brown's _The World of Late Antiquity._\n\nWhat's most significant is that the emperors of the post-284 world \u2013 referred to as Late Antiquity \u2013\u00a0faced a fundamentally different world than the ones of the Classical world. In particular, the Classical world had a concept of \"Romanitas,\" of the different levels of being part of the Roman world, from foreigner to full citizen, and an entire social and religious universe predicated on the idea that Romans' relationship to the rest of the world had a lot to do with conquering it. (For example, there was the religious idea of the \"Pax Deorum,\" the \"Peace of the Gods;\" prior to invading an area, it was custom to make sacrifices and offer a deal to the local gods, that if those gods would turn this place over to the Romans, the Romans would then build a temple to them in Rome. And build they did! This had important social effects: it signaled to people in Rome that this new area was now part of the Roman world, and could be enveloped within their systems, while signaling to the newly-conquered \"clients\" part of the ways in which they could be integrated into the Roman system in turn. If you're interested in the relationship of conquered people to the Romans, I highly recommend Ken Harl's lecture series for the Great Courses titled \"Rome and the Barbarians.\" I actually recommend pretty much *all* his lectures because he's an amazing lecturer.)\n\nIn Late Antiquity, this old model of being a Roman no longer worked, and there was a palpable need for something to replace it.\n\nCoincidentally, during the period of the Troubles, a lot of classical religious observance had waned. This wasn't a coincidence; classical Rome had little analogue to the modern idea of \"faith\" as a personal experience. Instead, religio \u2013\u00a0formal religious practice \u2013 was a *social* act, part of the formal rituals which bound society, and any type of personal belief was considered \"superstitio\" and somewhat suspect. (cf Beard et al's \"Religions of Rome\" v. 1 if you want a lot more on this) The decline of social structures quite naturally led to the decline of those religious practices. But in parallel, ideas of personal religiosity rose up, and there were three sets of religious ideas making major inroads: the worship of Mithras (a warrior god, very popular among the Army; we know relatively little of the details today, because a key part of the religion was its secrecy, open only to its converts), the worship of Magna Mater (basically a spread of the Egyptian idea of Isis into the wider Roman world; Egypt was the \"mysterious foreign land of magic\" to Romans, bolstered by everything from its magical-looking hieroglyphs to its long-standing industry of religion as a major industry), and Christianity. These three ideas were acquiring increasing political power as older sources of power collapsed, and starting to squabble amongst themselves rather intently. (cf Apuleius \"The Golden Ass,\" arguably the first novel ever written, for an example; Apuleius was a partisan of Magna Mater and his characterizations of members of other religions is, shall we say, not subtle.) \n\nDiocletian attempted some extremely profound reforms, such as partitioning the Empire into two more administerable halves (successful: the West collapsed completely a few hundred years later, but the East evolved into Byzantium), appointing an Emperor (the \"Augustus\") and a sub-Emperor (the \"Caesar\") for each, and setting a 20-year term limit (!) for Emperors, after which the sub-Emperor would ascend to the Purple. This happened exactly once, when Diocletian retired and forced his co-Emperor Maximian to do the same. Almost immediately, civil war broke out \u2013\u00a0the \"Wars of the Tetrarchy.\" (The [Wikipedia page](https://en.wikipedia.org/wiki/Civil_wars_of_the_Tetrarchy) is as good a place as any to start if you want to learn the bloody details) The key point in this war was the Battle of the Milvian Bridge outside Milan in 312, when Constantine (son of the Augustus of the West who succeeded Diocletian) defeated his chief rival Maxentius. \n\nHistorical accounts of exactly how this tied to religion, shall we say, differ a lot. The \"official\" account comes from Eusebius' \"Life of Constantine,\" a few hundred pages of somewhat tedious hagiography, in which the story is that Constantine had a dream prior to the battle in which he saw a chi-rho (the main symbol of Christianity at the time) and was told \"In this sign will you conquer!\" (\"In hoc signo vinces\"). He thus painted this on his shields, converted to Christianity, got blessed by some handy bishops, immediately won, and converted the Empire.\n\nMore sober estimates concur as to a few points: (1) Constantine's mother appears to have been Christian. (Not uncommon; the Christians at the time focused on converting women, who would in turn convert their sons quietly, rather than men) (2) Constantine painted some symbol on various shields in the run-up to this battle, which was later interpreted (with his consent) as a Christian one. (3) There were definitely bishops traveling with him. (4) In 313, Constantine issued the Edict of Milan, which legalized Christianity. (5) Constantine was friendly to Christianity during his life, and actively interested in it; in 325 he convened the Council of Nicaea, to formally determine what Christianity \"was.\" (6) For this reason, it was politically useful to become Christian during Constantine's reign, and so a lot of powerful people converted.\n\nNB, 313 legalized, not officialized, Christianity: prior to this, Christianity had been illegal in Rome, for the nominal reason of refusal to sacrifice to the Emperor. (However, the accounts of widespread persecutions of Christians in the pre-Constantine period appear to be *greatly* exaggerated by later writers for political effect.) Constantine maintained a policy of ambiguity about his own religious leanings throughout his life, never openly declaring himself to be a Christian. (Something Eusebius tries to work around by claiming a deathbed conversion; nobody else attests this) \n\nSo this takes us to Christianity being legal and politically useful, and to a general public urge for a new Roman identity. Over the next century, Emperors were almost all explicitly Christian. (With the notable exception of Julian, a tremendously interesting figure!) On the political side, official support for Christianity steadily strengthened, including not just funding and quasi-official status, but turning a blind eye to things like bands of \"destroyer monks\" (another fascinating subject in its own right, and the seed of a thousand-year conflict between rural and urban religious power centers in Europe) ravaging the countryside, killing and destroying pagan artifacts, and ultimately laws against non-Christian practice. (To learn more about this, I highly recommend MacMullen's \"Christianizing the Roman Empire, AD 100-400.\")\n\n(Continued...)", "edited": false, "author_flair_css_class": null, "collapsed": false, "author_flair_richtext": [], "is_submitter": false, "collapsed_reason": null, "body_html": "&lt;div class=\"md\"&gt;&lt;p&gt;It&amp;#39;s easier to answer the second part of this question first: It didn&amp;#39;t. But the spread of Christianity throughout the Roman Empire was closely influenced by the changing conditions, and influenced them in turn.&lt;/p&gt;\n\n&lt;p&gt;It&amp;#39;s useful to break Roman Imperial history into a few time periods. The &amp;quot;Classical&amp;quot; Empire can roughly be considered to run roughly from the time of Augustus through the time of Hadrian \u2013 from 27 BCE to 138 CE. During this time, the Empire was rapidly expanding, funding each successive conquest from the spoils of previous ones. This was also the period of the earliest emergence of Christianity: Paul, for example, was traveling across Europe in the 40&amp;#39;s and 50&amp;#39;s CE, and died ca. 67 CE, right around the time that the first semi-standard Gospels began to circulate. Churches in this period were growing from small groups of believers with common interests to groups large enough to have schisms and arguments (as illustrated by Paul&amp;#39;s letters, &lt;em&gt;inter alia&lt;/em&gt;), but were not politically particularly significant.&lt;/p&gt;\n\n&lt;p&gt;The period between Hadrian and Diocletian (who took power in 284 CE) is sometimes referred to as the &amp;quot;Time of Troubles.&amp;quot; Very broadly, Roman power had reached the extreme of its logistical capabilities, and there were no feasible conquests available to bring in additional wealth; and the broader Empire, which had been built up primarily to support this, didn&amp;#39;t have any deep financial or transport logistics to deal with problems like climate shifts, crop failures, plagues, and (especially after 235) civil wars. This is an incredibly lengthy subject in its own right; my favorite place to start, if you want to learn more, would be Peter Brown&amp;#39;s &lt;em&gt;The World of Late Antiquity.&lt;/em&gt;&lt;/p&gt;\n\n&lt;p&gt;What&amp;#39;s most significant is that the emperors of the post-284 world \u2013 referred to as Late Antiquity \u2013\u00a0faced a fundamentally different world than the ones of the Classical world. In particular, the Classical world had a concept of &amp;quot;Romanitas,&amp;quot; of the different levels of being part of the Roman world, from foreigner to full citizen, and an entire social and religious universe predicated on the idea that Romans&amp;#39; relationship to the rest of the world had a lot to do with conquering it. (For example, there was the religious idea of the &amp;quot;Pax Deorum,&amp;quot; the &amp;quot;Peace of the Gods;&amp;quot; prior to invading an area, it was custom to make sacrifices and offer a deal to the local gods, that if those gods would turn this place over to the Romans, the Romans would then build a temple to them in Rome. And build they did! This had important social effects: it signaled to people in Rome that this new area was now part of the Roman world, and could be enveloped within their systems, while signaling to the newly-conquered &amp;quot;clients&amp;quot; part of the ways in which they could be integrated into the Roman system in turn. If you&amp;#39;re interested in the relationship of conquered people to the Romans, I highly recommend Ken Harl&amp;#39;s lecture series for the Great Courses titled &amp;quot;Rome and the Barbarians.&amp;quot; I actually recommend pretty much &lt;em&gt;all&lt;/em&gt; his lectures because he&amp;#39;s an amazing lecturer.)&lt;/p&gt;\n\n&lt;p&gt;In Late Antiquity, this old model of being a Roman no longer worked, and there was a palpable need for something to replace it.&lt;/p&gt;\n\n&lt;p&gt;Coincidentally, during the period of the Troubles, a lot of classical religious observance had waned. This wasn&amp;#39;t a coincidence; classical Rome had little analogue to the modern idea of &amp;quot;faith&amp;quot; as a personal experience. Instead, religio \u2013\u00a0formal religious practice \u2013 was a &lt;em&gt;social&lt;/em&gt; act, part of the formal rituals which bound society, and any type of personal belief was considered &amp;quot;superstitio&amp;quot; and somewhat suspect. (cf Beard et al&amp;#39;s &amp;quot;Religions of Rome&amp;quot; v. 1 if you want a lot more on this) The decline of social structures quite naturally led to the decline of those religious practices. But in parallel, ideas of personal religiosity rose up, and there were three sets of religious ideas making major inroads: the worship of Mithras (a warrior god, very popular among the Army; we know relatively little of the details today, because a key part of the religion was its secrecy, open only to its converts), the worship of Magna Mater (basically a spread of the Egyptian idea of Isis into the wider Roman world; Egypt was the &amp;quot;mysterious foreign land of magic&amp;quot; to Romans, bolstered by everything from its magical-looking hieroglyphs to its long-standing industry of religion as a major industry), and Christianity. These three ideas were acquiring increasing political power as older sources of power collapsed, and starting to squabble amongst themselves rather intently. (cf Apuleius &amp;quot;The Golden Ass,&amp;quot; arguably the first novel ever written, for an example; Apuleius was a partisan of Magna Mater and his characterizations of members of other religions is, shall we say, not subtle.) &lt;/p&gt;\n\n&lt;p&gt;Diocletian attempted some extremely profound reforms, such as partitioning the Empire into two more administerable halves (successful: the West collapsed completely a few hundred years later, but the East evolved into Byzantium), appointing an Emperor (the &amp;quot;Augustus&amp;quot;) and a sub-Emperor (the &amp;quot;Caesar&amp;quot;) for each, and setting a 20-year term limit (!) for Emperors, after which the sub-Emperor would ascend to the Purple. This happened exactly once, when Diocletian retired and forced his co-Emperor Maximian to do the same. Almost immediately, civil war broke out \u2013\u00a0the &amp;quot;Wars of the Tetrarchy.&amp;quot; (The &lt;a href=\"https://en.wikipedia.org/wiki/Civil_wars_of_the_Tetrarchy\"&gt;Wikipedia page&lt;/a&gt; is as good a place as any to start if you want to learn the bloody details) The key point in this war was the Battle of the Milvian Bridge outside Milan in 312, when Constantine (son of the Augustus of the West who succeeded Diocletian) defeated his chief rival Maxentius. &lt;/p&gt;\n\n&lt;p&gt;Historical accounts of exactly how this tied to religion, shall we say, differ a lot. The &amp;quot;official&amp;quot; account comes from Eusebius&amp;#39; &amp;quot;Life of Constantine,&amp;quot; a few hundred pages of somewhat tedious hagiography, in which the story is that Constantine had a dream prior to the battle in which he saw a chi-rho (the main symbol of Christianity at the time) and was told &amp;quot;In this sign will you conquer!&amp;quot; (&amp;quot;In hoc signo vinces&amp;quot;). He thus painted this on his shields, converted to Christianity, got blessed by some handy bishops, immediately won, and converted the Empire.&lt;/p&gt;\n\n&lt;p&gt;More sober estimates concur as to a few points: (1) Constantine&amp;#39;s mother appears to have been Christian. (Not uncommon; the Christians at the time focused on converting women, who would in turn convert their sons quietly, rather than men) (2) Constantine painted some symbol on various shields in the run-up to this battle, which was later interpreted (with his consent) as a Christian one. (3) There were definitely bishops traveling with him. (4) In 313, Constantine issued the Edict of Milan, which legalized Christianity. (5) Constantine was friendly to Christianity during his life, and actively interested in it; in 325 he convened the Council of Nicaea, to formally determine what Christianity &amp;quot;was.&amp;quot; (6) For this reason, it was politically useful to become Christian during Constantine&amp;#39;s reign, and so a lot of powerful people converted.&lt;/p&gt;\n\n&lt;p&gt;NB, 313 legalized, not officialized, Christianity: prior to this, Christianity had been illegal in Rome, for the nominal reason of refusal to sacrifice to the Emperor. (However, the accounts of widespread persecutions of Christians in the pre-Constantine period appear to be &lt;em&gt;greatly&lt;/em&gt; exaggerated by later writers for political effect.) Constantine maintained a policy of ambiguity about his own religious leanings throughout his life, never openly declaring himself to be a Christian. (Something Eusebius tries to work around by claiming a deathbed conversion; nobody else attests this) &lt;/p&gt;\n\n&lt;p&gt;So this takes us to Christianity being legal and politically useful, and to a general public urge for a new Roman identity. Over the next century, Emperors were almost all explicitly Christian. (With the notable exception of Julian, a tremendously interesting figure!) On the political side, official support for Christianity steadily strengthened, including not just funding and quasi-official status, but turning a blind eye to things like bands of &amp;quot;destroyer monks&amp;quot; (another fascinating subject in its own right, and the seed of a thousand-year conflict between rural and urban religious power centers in Europe) ravaging the countryside, killing and destroying pagan artifacts, and ultimately laws against non-Christian practice. (To learn more about this, I highly recommend MacMullen&amp;#39;s &amp;quot;Christianizing the Roman Empire, AD 100-400.&amp;quot;)&lt;/p&gt;\n\n&lt;p&gt;(Continued...)&lt;/p&gt;\n&lt;/div&gt;", "stickied": false, "subreddit_type": "public", "can_gild": true, "subreddit": "AskHistorians", "author_flair_text_color": null, "score_hidden": false, "permalink": "/r/AskHistorians/comments/6exvan/how_did_a_roman_emperor_become_christian_and_why/diee1pe/", "num_reports": null, "name": "t1_diee1pe", "created": 1496505681.0, "author_flair_text": null, "rte_mode": "markdown", "created_utc": 1496476881.0, "subreddit_name_prefixed": "r/AskHistorians", "controversiality": 0, "depth": 0, "author_flair_background_color": null, "mod_reports": [], "mod_note": null, "distinguished": null}}], "after": null, "before": null}}]