[{"kind": "Listing", "data": {"modhash": "", "dist": 1, "children": [{"kind": "t3", "data": {"approved_at_utc": null, "subreddit": "AskHistorians", "selftext": "Prior to 1944 (during WW2, from 1930s onwards), was Ukraine a part of Russia? particularly the Crimean Peninsula, and cities like Sevastopol. After doing a bit of research, it looks like it wasn't Ukrainian - it was under Soviet control. But was that area called Ukraine in the 1940s? Or was in under a Soviet name?", "user_reports": [], "saved": false, "mod_reason_title": null, "gilded": 0, "clicked": false, "title": "Prior to 1944, was Ukraine a part of Russia?", "link_flair_richtext": [], "subreddit_name_prefixed": "r/AskHistorians", "hidden": false, "pwls": 6, "link_flair_css_class": null, "downs": 0, "parent_whitelist_status": "all_ads", "hide_score": false, "name": "t3_6ey4ep", "quarantine": false, "link_flair_text_color": "dark", "upvote_ratio": 0.68, "author_flair_background_color": null, "subreddit_type": "public", "ups": 6, "domain": "self.AskHistorians", "media_embed": {}, "author_flair_template_id": null, "is_original_content": false, "secure_media": null, "is_reddit_media_domain": false, "category": null, "secure_media_embed": {}, "link_flair_text": null, "can_mod_post": false, "score": 6, "approved_by": null, "thumbnail": "", "edited": false, "author_flair_css_class": null, "author_flair_richtext": [], "content_categories": null, "is_self": true, "mod_note": null, "created": 1496476752.0, "link_flair_type": "text", "wls": 6, "post_categories": null, "banned_by": null, "author_flair_type": "text", "contest_mode": false, "selftext_html": "&lt;!-- SC_OFF --&gt;&lt;div class=\"md\"&gt;&lt;p&gt;Prior to 1944 (during WW2, from 1930s onwards), was Ukraine a part of Russia? particularly the Crimean Peninsula, and cities like Sevastopol. After doing a bit of research, it looks like it wasn&amp;#39;t Ukrainian - it was under Soviet control. But was that area called Ukraine in the 1940s? Or was in under a Soviet name?&lt;/p&gt;\n&lt;/div&gt;&lt;!-- SC_ON --&gt;", "likes": null, "suggested_sort": null, "banned_at_utc": null, "view_count": null, "archived": true, "no_follow": false, "is_crosspostable": false, "pinned": false, "over_18": false, "media_only": false, "can_gild": false, "spoiler": false, "locked": false, "author_flair_text": null, "rte_mode": "markdown", "visited": false, "num_reports": null, "distinguished": null, "subreddit_id": "t5_2ssp3", "mod_reason_by": null, "removal_reason": null, "id": "6ey4ep", "report_reasons": null, "author": "MaxN24", "num_crossposts": 0, "num_comments": 3, "send_replies": true, "mod_reports": [], "author_flair_text_color": null, "permalink": "/r/AskHistorians/comments/6ey4ep/prior_to_1944_was_ukraine_a_part_of_russia/", "whitelist_status": "all_ads", "stickied": false, "url": "https://www.reddit.com/r/AskHistorians/comments/6ey4ep/prior_to_1944_was_ukraine_a_part_of_russia/", "subreddit_subscribers": 771069, "created_utc": 1496447952.0, "media": null, "is_video": false}}], "after": null, "before": null}}, {"kind": "Listing", "data": {"modhash": "", "dist": null, "children": [{"kind": "t1", "data": {"subreddit_id": "t5_2ssp3", "approved_at_utc": null, "ups": 6, "mod_reason_by": null, "banned_by": null, "author_flair_type": "text", "removal_reason": null, "link_id": "t3_6ey4ep", "author_flair_template_id": null, "likes": null, "no_follow": false, "replies": {"kind": "Listing", "data": {"modhash": "", "dist": null, "children": [{"kind": "t1", "data": {"subreddit_id": "t5_2ssp3", "approved_at_utc": null, "ups": 3, "mod_reason_by": null, "banned_by": null, "author_flair_type": "text", "removal_reason": null, "link_id": "t3_6ey4ep", "author_flair_template_id": null, "likes": null, "no_follow": true, "replies": "", "user_reports": [], "saved": false, "id": "dieu9nd", "banned_at_utc": null, "mod_reason_title": null, "gilded": 0, "archived": true, "report_reasons": null, "author": "Evan_Th", "can_mod_post": false, "send_replies": true, "parent_id": "t1_die3k1i", "score": 3, "approved_by": null, "downs": 0, "body": "Just to clarify, the republics' borders were only based on ethnic groups in the loosest sense.  A number of republics had very large minorities, essentially as gerrymandering, many of which sparked rebellions or other problems after the USSR fell.", "edited": false, "author_flair_css_class": null, "collapsed": false, "author_flair_richtext": [], "is_submitter": false, "collapsed_reason": null, "body_html": "&lt;div class=\"md\"&gt;&lt;p&gt;Just to clarify, the republics&amp;#39; borders were only based on ethnic groups in the loosest sense.  A number of republics had very large minorities, essentially as gerrymandering, many of which sparked rebellions or other problems after the USSR fell.&lt;/p&gt;\n&lt;/div&gt;", "stickied": false, "subreddit_type": "public", "can_gild": true, "subreddit": "AskHistorians", "author_flair_text_color": null, "score_hidden": false, "permalink": "/r/AskHistorians/comments/6ey4ep/prior_to_1944_was_ukraine_a_part_of_russia/dieu9nd/", "num_reports": null, "name": "t1_dieu9nd", "created": 1496539523.0, "author_flair_text": null, "rte_mode": "markdown", "created_utc": 1496510723.0, "subreddit_name_prefixed": "r/AskHistorians", "controversiality": 0, "depth": 1, "author_flair_background_color": null, "mod_reports": [], "mod_note": null, "distinguished": null}}, {"kind": "t1", "data": {"subreddit_id": "t5_2ssp3", "approved_at_utc": null, "ups": 2, "mod_reason_by": null, "banned_by": null, "author_flair_type": "text", "removal_reason": null, "link_id": "t3_6ey4ep", "author_flair_template_id": null, "likes": null, "no_follow": true, "replies": "", "user_reports": [], "saved": false, "id": "die4ufx", "banned_at_utc": null, "mod_reason_title": null, "gilded": 0, "archived": true, "report_reasons": null, "author": "MaxN24", "can_mod_post": false, "send_replies": true, "parent_id": "t1_die3k1i", "score": 2, "approved_by": null, "downs": 0, "body": "Thank you *so* much! This was extremely helpful.", "edited": false, "author_flair_css_class": null, "collapsed": false, "author_flair_richtext": [], "is_submitter": true, "collapsed_reason": null, "body_html": "&lt;div class=\"md\"&gt;&lt;p&gt;Thank you &lt;em&gt;so&lt;/em&gt; much! This was extremely helpful.&lt;/p&gt;\n&lt;/div&gt;", "stickied": false, "subreddit_type": "public", "can_gild": true, "subreddit": "AskHistorians", "author_flair_text_color": null, "score_hidden": false, "permalink": "/r/AskHistorians/comments/6ey4ep/prior_to_1944_was_ukraine_a_part_of_russia/die4ufx/", "num_reports": null, "name": "t1_die4ufx", "created": 1496486734.0, "author_flair_text": null, "rte_mode": "markdown", "created_utc": 1496457934.0, "subreddit_name_prefixed": "r/AskHistorians", "controversiality": 0, "depth": 1, "author_flair_background_color": null, "mod_reports": [], "mod_note": null, "distinguished": null}}], "after": null, "before": null}}, "user_reports": [], "saved": false, "id": "die3k1i", "banned_at_utc": null, "mod_reason_title": null, "gilded": 0, "archived": true, "report_reasons": null, "author": "svaroz1c", "can_mod_post": false, "send_replies": true, "parent_id": "t3_6ey4ep", "score": 6, "approved_by": null, "downs": 0, "body": "The name \"Ukraine\" has been used since the 16th-17th centuries if not earlier. During Soviet rule, most lands of the former Russian Empire were divided into \"republics\" (like states in the US but with borders based on locations of ethnic groups), and Ukraine was one such republic while Russia was another. \n\nThe western and southwestern borders of Ukraine were adjusted when the Soviet Union acquired new territory after WWII - this territory, including Lviv and the strip of land between Odessa and the Danube delta, was incorporated into Soviet Ukraine. Crimea, however, was indeed part of Soviet Russia before it was transferred to Soviet Ukraine in 1954. ", "edited": false, "author_flair_css_class": null, "collapsed": false, "author_flair_richtext": [], "is_submitter": false, "collapsed_reason": null, "body_html": "&lt;div class=\"md\"&gt;&lt;p&gt;The name &amp;quot;Ukraine&amp;quot; has been used since the 16th-17th centuries if not earlier. During Soviet rule, most lands of the former Russian Empire were divided into &amp;quot;republics&amp;quot; (like states in the US but with borders based on locations of ethnic groups), and Ukraine was one such republic while Russia was another. &lt;/p&gt;\n\n&lt;p&gt;The western and southwestern borders of Ukraine were adjusted when the Soviet Union acquired new territory after WWII - this territory, including Lviv and the strip of land between Odessa and the Danube delta, was incorporated into Soviet Ukraine. Crimea, however, was indeed part of Soviet Russia before it was transferred to Soviet Ukraine in 1954. &lt;/p&gt;\n&lt;/div&gt;", "stickied": false, "subreddit_type": "public", "can_gild": true, "subreddit": "AskHistorians", "author_flair_text_color": null, "score_hidden": false, "permalink": "/r/AskHistorians/comments/6ey4ep/prior_to_1944_was_ukraine_a_part_of_russia/die3k1i/", "num_reports": null, "name": "t1_die3k1i", "created": 1496484735.0, "author_flair_text": null, "rte_mode": "markdown", "created_utc": 1496455935.0, "subreddit_name_prefixed": "r/AskHistorians", "controversiality": 0, "depth": 0, "author_flair_background_color": null, "mod_reports": [], "mod_note": null, "distinguished": null}}], "after": null, "before": null}}]