[{"kind": "Listing", "data": {"modhash": "", "dist": 1, "children": [{"kind": "t3", "data": {"approved_at_utc": null, "subreddit": "AskHistorians", "selftext": "we had tons of gold before the spanish came but we still have gold so how come we dont have the same power as usa??? peru could be the most powerful country in the world it has everything a rich country needs but why arent we as powerful as usa??", "user_reports": [], "saved": false, "mod_reason_title": null, "gilded": 0, "clicked": false, "title": "why isnt peru as powerful as usa?", "link_flair_richtext": [], "subreddit_name_prefixed": "r/AskHistorians", "hidden": false, "pwls": 6, "link_flair_css_class": null, "downs": 0, "parent_whitelist_status": "all_ads", "hide_score": false, "name": "t3_6eyu57", "quarantine": false, "link_flair_text_color": "dark", "upvote_ratio": 0.42, "author_flair_background_color": null, "subreddit_type": "public", "ups": 0, "domain": "self.AskHistorians", "media_embed": {}, "author_flair_template_id": null, "is_original_content": false, "secure_media": null, "is_reddit_media_domain": false, "category": null, "secure_media_embed": {}, "link_flair_text": null, "can_mod_post": false, "score": 0, "approved_by": null, "thumbnail": "", "edited": false, "author_flair_css_class": null, "author_flair_richtext": [], "content_categories": null, "is_self": true, "mod_note": null, "created": 1496485673.0, "link_flair_type": "text", "wls": 6, "post_categories": null, "banned_by": null, "author_flair_type": "text", "contest_mode": false, "selftext_html": "&lt;!-- SC_OFF --&gt;&lt;div class=\"md\"&gt;&lt;p&gt;we had tons of gold before the spanish came but we still have gold so how come we dont have the same power as usa??? peru could be the most powerful country in the world it has everything a rich country needs but why arent we as powerful as usa??&lt;/p&gt;\n&lt;/div&gt;&lt;!-- SC_ON --&gt;", "likes": null, "suggested_sort": null, "banned_at_utc": null, "view_count": null, "archived": true, "no_follow": true, "is_crosspostable": false, "pinned": false, "over_18": false, "media_only": false, "can_gild": false, "spoiler": false, "locked": false, "author_flair_text": null, "rte_mode": "markdown", "visited": false, "num_reports": null, "distinguished": null, "subreddit_id": "t5_2ssp3", "mod_reason_by": null, "removal_reason": null, "id": "6eyu57", "report_reasons": null, "author": "cuateignasio", "num_crossposts": 0, "num_comments": 5, "send_replies": true, "mod_reports": [], "author_flair_text_color": null, "permalink": "/r/AskHistorians/comments/6eyu57/why_isnt_peru_as_powerful_as_usa/", "whitelist_status": "all_ads", "stickied": false, "url": "https://www.reddit.com/r/AskHistorians/comments/6eyu57/why_isnt_peru_as_powerful_as_usa/", "subreddit_subscribers": 771070, "created_utc": 1496456873.0, "media": null, "is_video": false}}], "after": null, "before": null}}, {"kind": "Listing", "data": {"modhash": "", "dist": null, "children": [{"kind": "t1", "data": {"subreddit_id": "t5_2ssp3", "approved_at_utc": null, "ups": 6, "mod_reason_by": null, "banned_by": null, "author_flair_type": "richtext", "removal_reason": null, "link_id": "t3_6eyu57", "author_flair_template_id": null, "likes": null, "no_follow": true, "replies": "", "user_reports": [], "saved": false, "id": "die5n5k", "banned_at_utc": null, "mod_reason_title": null, "gilded": 0, "archived": true, "report_reasons": null, "author": "hillsonghoods", "can_mod_post": false, "send_replies": true, "parent_id": "t3_6eyu57", "score": 6, "approved_by": null, "downs": 0, "body": "Hi there - you might have more luck getting an answer to this question on another subreddit, like /r/AskSocialScience. The historians here could likely tell you how Peru's history has differed from that of the U.S.A., but there might be sociologists or economists on /r/AskSocialScience who might have a good sense of the social and economic factors that cause a state to obtain and keep power and riches.", "edited": false, "author_flair_css_class": "moderator", "collapsed": false, "author_flair_richtext": [{"e": "text", "t": "Moderator | 20th Century Pop Music | History of Psychology"}], "is_submitter": false, "collapsed_reason": null, "body_html": "&lt;div class=\"md\"&gt;&lt;p&gt;Hi there - you might have more luck getting an answer to this question on another subreddit, like &lt;a href=\"/r/AskSocialScience\"&gt;/r/AskSocialScience&lt;/a&gt;. The historians here could likely tell you how Peru&amp;#39;s history has differed from that of the U.S.A., but there might be sociologists or economists on &lt;a href=\"/r/AskSocialScience\"&gt;/r/AskSocialScience&lt;/a&gt; who might have a good sense of the social and economic factors that cause a state to obtain and keep power and riches.&lt;/p&gt;\n&lt;/div&gt;", "stickied": false, "subreddit_type": "public", "can_gild": true, "subreddit": "AskHistorians", "author_flair_text_color": null, "score_hidden": false, "permalink": "/r/AskHistorians/comments/6eyu57/why_isnt_peru_as_powerful_as_usa/die5n5k/", "num_reports": null, "name": "t1_die5n5k", "created": 1496488012.0, "author_flair_text": "Moderator | 20th Century Pop Music | History of Psychology", "rte_mode": "markdown", "created_utc": 1496459212.0, "subreddit_name_prefixed": "r/AskHistorians", "controversiality": 0, "depth": 0, "author_flair_background_color": null, "mod_reports": [], "mod_note": null, "distinguished": null}}, {"kind": "t1", "data": {"subreddit_id": "t5_2ssp3", "approved_at_utc": null, "ups": 3, "mod_reason_by": null, "banned_by": null, "author_flair_type": "text", "removal_reason": null, "link_id": "t3_6eyu57", "author_flair_template_id": null, "likes": null, "no_follow": true, "replies": {"kind": "Listing", "data": {"modhash": "", "dist": null, "children": [{"kind": "t1", "data": {"subreddit_id": "t5_2ssp3", "approved_at_utc": null, "ups": 1, "mod_reason_by": null, "banned_by": null, "author_flair_type": "text", "removal_reason": null, "link_id": "t3_6eyu57", "author_flair_template_id": null, "likes": null, "no_follow": true, "replies": "", "user_reports": [], "saved": false, "id": "dieiukv", "banned_at_utc": null, "mod_reason_title": null, "gilded": 0, "archived": true, "report_reasons": null, "author": "cuateignasio", "can_mod_post": false, "send_replies": true, "parent_id": "t1_die6idt", "score": 1, "approved_by": null, "downs": 0, "body": "oil minery fish industry services gold silvee wood sea it has everything", "edited": false, "author_flair_css_class": null, "collapsed": false, "author_flair_richtext": [], "is_submitter": true, "collapsed_reason": null, "body_html": "&lt;div class=\"md\"&gt;&lt;p&gt;oil minery fish industry services gold silvee wood sea it has everything&lt;/p&gt;\n&lt;/div&gt;", "stickied": false, "subreddit_type": "public", "can_gild": true, "subreddit": "AskHistorians", "author_flair_text_color": null, "score_hidden": false, "permalink": "/r/AskHistorians/comments/6eyu57/why_isnt_peru_as_powerful_as_usa/dieiukv/", "num_reports": null, "name": "t1_dieiukv", "created": 1496520102.0, "author_flair_text": null, "rte_mode": "markdown", "created_utc": 1496491302.0, "subreddit_name_prefixed": "r/AskHistorians", "controversiality": 0, "depth": 1, "author_flair_background_color": null, "mod_reports": [], "mod_note": null, "distinguished": null}}], "after": null, "before": null}}, "user_reports": [], "saved": false, "id": "die6idt", "banned_at_utc": null, "mod_reason_title": null, "gilded": 0, "archived": true, "report_reasons": null, "author": "gammbus", "can_mod_post": false, "send_replies": true, "parent_id": "t3_6eyu57", "score": 3, "approved_by": null, "downs": 0, "body": "&gt;it has everything a rich country need\n\nWhat is that exactly?", "edited": false, "author_flair_css_class": null, "collapsed": false, "author_flair_richtext": [], "is_submitter": false, "collapsed_reason": null, "body_html": "&lt;div class=\"md\"&gt;&lt;blockquote&gt;\n&lt;p&gt;it has everything a rich country need&lt;/p&gt;\n&lt;/blockquote&gt;\n\n&lt;p&gt;What is that exactly?&lt;/p&gt;\n&lt;/div&gt;", "stickied": false, "subreddit_type": "public", "can_gild": true, "subreddit": "AskHistorians", "author_flair_text_color": null, "score_hidden": false, "permalink": "/r/AskHistorians/comments/6eyu57/why_isnt_peru_as_powerful_as_usa/die6idt/", "num_reports": null, "name": "t1_die6idt", "created": 1496489430.0, "author_flair_text": null, "rte_mode": "markdown", "created_utc": 1496460630.0, "subreddit_name_prefixed": "r/AskHistorians", "controversiality": 0, "depth": 0, "author_flair_background_color": null, "mod_reports": [], "mod_note": null, "distinguished": null}}], "after": null, "before": null}}]