[{"kind": "Listing", "data": {"modhash": "", "dist": 1, "children": [{"kind": "t3", "data": {"approved_at_utc": null, "subreddit": "AskHistorians", "selftext": "I looked up this topic on this sub, but there are very few answers. Can someone knowledgeable in the Biblical field help me out here?", "user_reports": [], "saved": false, "mod_reason_title": null, "gilded": 0, "clicked": false, "title": "What evidence do we have for or against Joseph and Mary having to go to Bethlehem for a census? Did such a census take place?", "link_flair_richtext": [], "subreddit_name_prefixed": "r/AskHistorians", "hidden": false, "pwls": 6, "link_flair_css_class": null, "downs": 0, "parent_whitelist_status": "all_ads", "hide_score": false, "name": "t3_6eyxn5", "quarantine": false, "link_flair_text_color": "dark", "upvote_ratio": 0.61, "author_flair_background_color": null, "subreddit_type": "public", "ups": 4, "domain": "self.AskHistorians", "media_embed": {}, "author_flair_template_id": null, "is_original_content": false, "secure_media": null, "is_reddit_media_domain": false, "category": null, "secure_media_embed": {}, "link_flair_text": null, "can_mod_post": false, "score": 4, "approved_by": null, "thumbnail": "", "edited": false, "author_flair_css_class": null, "author_flair_richtext": [], "content_categories": null, "is_self": true, "mod_note": null, "created": 1496486968.0, "link_flair_type": "text", "wls": 6, "post_categories": null, "banned_by": null, "author_flair_type": "text", "contest_mode": false, "selftext_html": "&lt;!-- SC_OFF --&gt;&lt;div class=\"md\"&gt;&lt;p&gt;I looked up this topic on this sub, but there are very few answers. Can someone knowledgeable in the Biblical field help me out here?&lt;/p&gt;\n&lt;/div&gt;&lt;!-- SC_ON --&gt;", "likes": null, "suggested_sort": null, "banned_at_utc": null, "view_count": null, "archived": true, "no_follow": true, "is_crosspostable": false, "pinned": false, "over_18": false, "media_only": false, "can_gild": false, "spoiler": false, "locked": false, "author_flair_text": null, "rte_mode": "markdown", "visited": false, "num_reports": null, "distinguished": null, "subreddit_id": "t5_2ssp3", "mod_reason_by": null, "removal_reason": null, "id": "6eyxn5", "report_reasons": null, "author": "StickyBraces", "num_crossposts": 0, "num_comments": 7, "send_replies": true, "mod_reports": [], "author_flair_text_color": null, "permalink": "/r/AskHistorians/comments/6eyxn5/what_evidence_do_we_have_for_or_against_joseph/", "whitelist_status": "all_ads", "stickied": false, "url": "https://www.reddit.com/r/AskHistorians/comments/6eyxn5/what_evidence_do_we_have_for_or_against_joseph/", "subreddit_subscribers": 771070, "created_utc": 1496458168.0, "media": null, "is_video": false}}], "after": null, "before": null}}, {"kind": "Listing", "data": {"modhash": "", "dist": null, "children": [{"kind": "t1", "data": {"subreddit_id": "t5_2ssp3", "approved_at_utc": null, "ups": 7, "mod_reason_by": null, "banned_by": null, "author_flair_type": "richtext", "removal_reason": null, "link_id": "t3_6eyxn5", "author_flair_template_id": null, "likes": null, "no_follow": true, "replies": {"kind": "Listing", "data": {"modhash": "", "dist": null, "children": [{"kind": "t1", "data": {"subreddit_id": "t5_2ssp3", "approved_at_utc": null, "ups": 1, "mod_reason_by": null, "banned_by": null, "author_flair_type": "text", "removal_reason": null, "link_id": "t3_6eyxn5", "author_flair_template_id": null, "likes": null, "no_follow": true, "replies": {"kind": "Listing", "data": {"modhash": "", "dist": null, "children": [{"kind": "t1", "data": {"subreddit_id": "t5_2ssp3", "approved_at_utc": null, "ups": 1, "mod_reason_by": null, "banned_by": null, "author_flair_type": "richtext", "removal_reason": null, "link_id": "t3_6eyxn5", "author_flair_template_id": null, "likes": null, "no_follow": true, "replies": "", "user_reports": [], "saved": false, "id": "diem1ht", "banned_at_utc": null, "mod_reason_title": null, "gilded": 0, "archived": true, "report_reasons": null, "author": "The_Manchurian", "can_mod_post": false, "send_replies": true, "parent_id": "t1_dieje8x", "score": 1, "approved_by": null, "downs": 0, "body": "Oops, yes I did! Thanks!", "edited": false, "author_flair_css_class": "qualitycontributor", "collapsed": false, "author_flair_richtext": [{"e": "text", "t": "Interesting Inquirer"}], "is_submitter": false, "collapsed_reason": null, "body_html": "&lt;div class=\"md\"&gt;&lt;p&gt;Oops, yes I did! Thanks!&lt;/p&gt;\n&lt;/div&gt;", "stickied": false, "subreddit_type": "public", "can_gild": true, "subreddit": "AskHistorians", "author_flair_text_color": null, "score_hidden": false, "permalink": "/r/AskHistorians/comments/6eyxn5/what_evidence_do_we_have_for_or_against_joseph/diem1ht/", "num_reports": null, "name": "t1_diem1ht", "created": 1496526961.0, "author_flair_text": "Interesting Inquirer", "rte_mode": "markdown", "created_utc": 1496498161.0, "subreddit_name_prefixed": "r/AskHistorians", "controversiality": 0, "depth": 2, "author_flair_background_color": null, "mod_reports": [], "mod_note": null, "distinguished": null}}], "after": null, "before": null}}, "user_reports": [], "saved": false, "id": "dieje8x", "banned_at_utc": null, "mod_reason_title": null, "gilded": 0, "archived": true, "report_reasons": null, "author": "jasie3k", "can_mod_post": false, "send_replies": true, "parent_id": "t1_dieg8ee", "score": 1, "approved_by": null, "downs": 0, "body": "&gt; But, there was no King Herod when the census was taken, he'd been dead for 10 days ago.\n\nYou mean years, right?", "edited": false, "author_flair_css_class": null, "collapsed": false, "author_flair_richtext": [], "is_submitter": false, "collapsed_reason": null, "body_html": "&lt;div class=\"md\"&gt;&lt;blockquote&gt;\n&lt;p&gt;But, there was no King Herod when the census was taken, he&amp;#39;d been dead for 10 days ago.&lt;/p&gt;\n&lt;/blockquote&gt;\n\n&lt;p&gt;You mean years, right?&lt;/p&gt;\n&lt;/div&gt;", "stickied": false, "subreddit_type": "public", "can_gild": true, "subreddit": "AskHistorians", "author_flair_text_color": null, "score_hidden": false, "permalink": "/r/AskHistorians/comments/6eyxn5/what_evidence_do_we_have_for_or_against_joseph/dieje8x/", "num_reports": null, "name": "t1_dieje8x", "created": 1496521435.0, "author_flair_text": null, "rte_mode": "markdown", "created_utc": 1496492635.0, "subreddit_name_prefixed": "r/AskHistorians", "controversiality": 0, "depth": 1, "author_flair_background_color": null, "mod_reports": [], "mod_note": null, "distinguished": null}}, {"kind": "t1", "data": {"subreddit_id": "t5_2ssp3", "approved_at_utc": null, "ups": 1, "mod_reason_by": null, "banned_by": null, "author_flair_type": "text", "removal_reason": null, "link_id": "t3_6eyxn5", "author_flair_template_id": null, "likes": null, "no_follow": true, "replies": "", "user_reports": [], "saved": false, "id": "diept1o", "banned_at_utc": null, "mod_reason_title": null, "gilded": 0, "archived": true, "report_reasons": null, "author": "StickyBraces", "can_mod_post": false, "send_replies": true, "parent_id": "t1_dieg8ee", "score": 1, "approved_by": null, "downs": 0, "body": "Thank you so much. A clear and concise answer! :)", "edited": false, "author_flair_css_class": null, "collapsed": false, "author_flair_richtext": [], "is_submitter": true, "collapsed_reason": null, "body_html": "&lt;div class=\"md\"&gt;&lt;p&gt;Thank you so much. A clear and concise answer! :)&lt;/p&gt;\n&lt;/div&gt;", "stickied": false, "subreddit_type": "public", "can_gild": true, "subreddit": "AskHistorians", "author_flair_text_color": null, "score_hidden": false, "permalink": "/r/AskHistorians/comments/6eyxn5/what_evidence_do_we_have_for_or_against_joseph/diept1o/", "num_reports": null, "name": "t1_diept1o", "created": 1496533094.0, "author_flair_text": null, "rte_mode": "markdown", "created_utc": 1496504294.0, "subreddit_name_prefixed": "r/AskHistorians", "controversiality": 0, "depth": 1, "author_flair_background_color": null, "mod_reports": [], "mod_note": null, "distinguished": null}}], "after": null, "before": null}}, "user_reports": [], "saved": false, "id": "dieg8ee", "banned_at_utc": null, "mod_reason_title": null, "gilded": 0, "archived": true, "report_reasons": null, "author": "The_Manchurian", "can_mod_post": false, "send_replies": true, "parent_id": "t3_6eyxn5", "score": 7, "approved_by": null, "downs": 0, "body": "Yes, the census happened. But that doesn't mean the story fits exactly.\n\nIn Luke, it says that this census happened while Quirrinus was governor of Syria: \n\"In those days a decree went out from Emperor Augustus that all the world should be registered. This was the first registration and was taken while Quirinius was governor of Syria. All went to their own towns to be registered. Joseph also went from the town of Nazareth in Galilee to Judea, to the city of David called Bethlehem, because he was descended from the house and family of David. He went to be registered with Mary, to whom he was engaged and who was expecting a child. (Luke 2:1-5)\"\n\nIn 6 AD Judea became a Roman province, as it's ruler, the Ethnarch Herod, was so unpopular. Quirrinus held a census of the new province for tax purposes. But there was no census in Galilee (which was not part of a Roman province: it was under a client ruler, the Tetrarch Herod). Also, Roman censuses did not require people to travel to their home town.\nThen, we've got the issue that Luke 1 says \"In the days of King Herod...\"\nBut, there was no King Herod when the census was taken, he'd been dead for 10 years.\nPerhaps Luke is confusing the titles of Tetrarch and King? Or even the persons of King Herod and Tetrarch (or Ethnarch) Herod? Herod the Great had three sons called Herod, all of whom became rulers, and some of whom had sons called Herod, and frankly, it is pretty confusing!\nBut that still doesn't really explain why a guy from Nazareth (no census) has to return to his hometown, as that's not how Roman censuses worked. Maybe... he lived there generally and was just in Nazareth for a short time? But then, why did he go and live in Nazareth for the rest of his life after the census?\nAs you can see, it's not an utterly ridiculous story; it does link to real events, but it doesn't quite fit together.\n\nIt's probably worth noting that Matthew's gospel mentions nothing about a census. In Matthew's version, Jesus is born in Bethlehem (presumably because Joseph and Mary just live there, it's not explained), during the reign of King Herod (who, as mentioned, died 10 years before this census), but they flee to Egypt. When Herod dies:\n\"But when he heard that [Herod] Archelaus was reigning in Judea in place of his father Herod, he was afraid to go there. Having been warned in a dream, he withdrew to the district of Galilee, and he went and lived in a town called Nazareth.\" (Matt 2:22-23)\"\nOf course, Nazareth was ruled by a different Herod (Antipas), but as mentioned, Herod Archelaus was very unpopular (shortly after his father's death, he sent soldiers into the Temple to put down a protest, killing 3000 protestors).\n\nAs you can see, the gospels agree that Jesus was a)born in Bethlehem, and b)grew up in Nazareth. However, they don't agree on the details. ", "edited": 1496498180.0, "author_flair_css_class": "qualitycontributor", "collapsed": false, "author_flair_richtext": [{"e": "text", "t": "Interesting Inquirer"}], "is_submitter": false, "collapsed_reason": null, "body_html": "&lt;div class=\"md\"&gt;&lt;p&gt;Yes, the census happened. But that doesn&amp;#39;t mean the story fits exactly.&lt;/p&gt;\n\n&lt;p&gt;In Luke, it says that this census happened while Quirrinus was governor of Syria: \n&amp;quot;In those days a decree went out from Emperor Augustus that all the world should be registered. This was the first registration and was taken while Quirinius was governor of Syria. All went to their own towns to be registered. Joseph also went from the town of Nazareth in Galilee to Judea, to the city of David called Bethlehem, because he was descended from the house and family of David. He went to be registered with Mary, to whom he was engaged and who was expecting a child. (Luke 2:1-5)&amp;quot;&lt;/p&gt;\n\n&lt;p&gt;In 6 AD Judea became a Roman province, as it&amp;#39;s ruler, the Ethnarch Herod, was so unpopular. Quirrinus held a census of the new province for tax purposes. But there was no census in Galilee (which was not part of a Roman province: it was under a client ruler, the Tetrarch Herod). Also, Roman censuses did not require people to travel to their home town.\nThen, we&amp;#39;ve got the issue that Luke 1 says &amp;quot;In the days of King Herod...&amp;quot;\nBut, there was no King Herod when the census was taken, he&amp;#39;d been dead for 10 years.\nPerhaps Luke is confusing the titles of Tetrarch and King? Or even the persons of King Herod and Tetrarch (or Ethnarch) Herod? Herod the Great had three sons called Herod, all of whom became rulers, and some of whom had sons called Herod, and frankly, it is pretty confusing!\nBut that still doesn&amp;#39;t really explain why a guy from Nazareth (no census) has to return to his hometown, as that&amp;#39;s not how Roman censuses worked. Maybe... he lived there generally and was just in Nazareth for a short time? But then, why did he go and live in Nazareth for the rest of his life after the census?\nAs you can see, it&amp;#39;s not an utterly ridiculous story; it does link to real events, but it doesn&amp;#39;t quite fit together.&lt;/p&gt;\n\n&lt;p&gt;It&amp;#39;s probably worth noting that Matthew&amp;#39;s gospel mentions nothing about a census. In Matthew&amp;#39;s version, Jesus is born in Bethlehem (presumably because Joseph and Mary just live there, it&amp;#39;s not explained), during the reign of King Herod (who, as mentioned, died 10 years before this census), but they flee to Egypt. When Herod dies:\n&amp;quot;But when he heard that [Herod] Archelaus was reigning in Judea in place of his father Herod, he was afraid to go there. Having been warned in a dream, he withdrew to the district of Galilee, and he went and lived in a town called Nazareth.&amp;quot; (Matt 2:22-23)&amp;quot;\nOf course, Nazareth was ruled by a different Herod (Antipas), but as mentioned, Herod Archelaus was very unpopular (shortly after his father&amp;#39;s death, he sent soldiers into the Temple to put down a protest, killing 3000 protestors).&lt;/p&gt;\n\n&lt;p&gt;As you can see, the gospels agree that Jesus was a)born in Bethlehem, and b)grew up in Nazareth. However, they don&amp;#39;t agree on the details. &lt;/p&gt;\n&lt;/div&gt;", "stickied": false, "subreddit_type": "public", "can_gild": true, "subreddit": "AskHistorians", "author_flair_text_color": null, "score_hidden": false, "permalink": "/r/AskHistorians/comments/6eyxn5/what_evidence_do_we_have_for_or_against_joseph/dieg8ee/", "num_reports": null, "name": "t1_dieg8ee", "created": 1496512365.0, "author_flair_text": "Interesting Inquirer", "rte_mode": "markdown", "created_utc": 1496483565.0, "subreddit_name_prefixed": "r/AskHistorians", "controversiality": 0, "depth": 0, "author_flair_background_color": null, "mod_reports": [], "mod_note": null, "distinguished": null}}, {"kind": "t1", "data": {"subreddit_id": "t5_2ssp3", "approved_at_utc": null, "ups": 3, "mod_reason_by": null, "banned_by": null, "author_flair_type": "text", "removal_reason": null, "link_id": "t3_6eyxn5", "author_flair_template_id": null, "likes": null, "no_follow": true, "replies": "", "user_reports": [], "saved": false, "id": "dieb1hc", "banned_at_utc": null, "mod_reason_title": null, "gilded": 0, "archived": true, "report_reasons": null, "author": "Corohr", "can_mod_post": false, "send_replies": true, "parent_id": "t3_6eyxn5", "score": 3, "approved_by": null, "downs": 0, "body": "r/AcademicBiblical would a great place to ask this question as well.", "edited": false, "author_flair_css_class": null, "collapsed": false, "author_flair_richtext": [], "is_submitter": false, "collapsed_reason": null, "body_html": "&lt;div class=\"md\"&gt;&lt;p&gt;&lt;a href=\"/r/AcademicBiblical\"&gt;r/AcademicBiblical&lt;/a&gt; would a great place to ask this question as well.&lt;/p&gt;\n&lt;/div&gt;", "stickied": false, "subreddit_type": "public", "can_gild": true, "subreddit": "AskHistorians", "author_flair_text_color": null, "score_hidden": false, "permalink": "/r/AskHistorians/comments/6eyxn5/what_evidence_do_we_have_for_or_against_joseph/dieb1hc/", "num_reports": null, "name": "t1_dieb1hc", "created": 1496497954.0, "author_flair_text": null, "rte_mode": "markdown", "created_utc": 1496469154.0, "subreddit_name_prefixed": "r/AskHistorians", "controversiality": 0, "depth": 0, "author_flair_background_color": null, "mod_reports": [], "mod_note": null, "distinguished": null}}, {"kind": "t1", "data": {"subreddit_id": "t5_2ssp3", "approved_at_utc": null, "ups": 1, "mod_reason_by": null, "banned_by": null, "author_flair_type": "text", "removal_reason": null, "link_id": "t3_6eyxn5", "author_flair_template_id": null, "likes": null, "no_follow": true, "replies": "", "user_reports": [], "saved": false, "id": "diecko0", "banned_at_utc": null, "mod_reason_title": null, "gilded": 0, "archived": true, "report_reasons": null, "author": "Shadowbreakr", "can_mod_post": false, "send_replies": true, "parent_id": "t3_6eyxn5", "score": 1, "approved_by": null, "downs": 0, "body": "While this answer by u/talondearg doesn't exactly address your question regarding the census it does answer what I suspect might be your underlying question of if Jesus was an actual person in history.\n\nhttps://www.reddit.com/r/AskHistorians/comments/259vcd/how_much_evidence_is_there_for_a_historical_jesus/", "edited": false, "author_flair_css_class": null, "collapsed": false, "author_flair_richtext": [], "is_submitter": false, "collapsed_reason": null, "body_html": "&lt;div class=\"md\"&gt;&lt;p&gt;While this answer by &lt;a href=\"/u/talondearg\"&gt;u/talondearg&lt;/a&gt; doesn&amp;#39;t exactly address your question regarding the census it does answer what I suspect might be your underlying question of if Jesus was an actual person in history.&lt;/p&gt;\n\n&lt;p&gt;&lt;a href=\"https://www.reddit.com/r/AskHistorians/comments/259vcd/how_much_evidence_is_there_for_a_historical_jesus/\"&gt;https://www.reddit.com/r/AskHistorians/comments/259vcd/how_much_evidence_is_there_for_a_historical_jesus/&lt;/a&gt;&lt;/p&gt;\n&lt;/div&gt;", "stickied": false, "subreddit_type": "public", "can_gild": true, "subreddit": "AskHistorians", "author_flair_text_color": null, "score_hidden": false, "permalink": "/r/AskHistorians/comments/6eyxn5/what_evidence_do_we_have_for_or_against_joseph/diecko0/", "num_reports": null, "name": "t1_diecko0", "created": 1496501651.0, "author_flair_text": null, "rte_mode": "markdown", "created_utc": 1496472851.0, "subreddit_name_prefixed": "r/AskHistorians", "controversiality": 0, "depth": 0, "author_flair_background_color": null, "mod_reports": [], "mod_note": null, "distinguished": null}}], "after": null, "before": null}}]