[{"kind": "Listing", "data": {"modhash": "", "dist": 1, "children": [{"kind": "t3", "data": {"approved_at_utc": null, "subreddit": "AskHistorians", "selftext": "I should start by acknowledging this is something of a flashpoint topic, as it exists at the crossroads of Islamic history, historical atrocities, and race politics, but I just want to assure everyone here that I'm not trying to stir the turd, as it were.  I'm genuinely curious.\n\nIve only ever herd the Arab-African slave trade mentioned in a handful of contexts, chiefly either as apologism for the Atlantic slave trade (\"look we aren't so bad\"), as a piece of evidence to portray Islam in a negative light (\"look how bad Islam is\") or some conjunction of the two.  These are heavily ideological perspectives, and I'm sure that you can understand why I'd take them with a grain of salt.  I've yet to find a source that does not cover the subject matter in overtly bombastic moralistic terms, or goes so far as actually citing primary sources.  Pretty extreme claims are made, like the almost total castration of male slaves, and numbers of transported enslaved peoples dwarfing those of the trans Atlantic slave trade.  I've looked for more neutral or academic accounts, but haven't really found anything, with the possible exception of \"King Leopold's Ghost\", but that really only discusses the rhetorical value of Arab slavers to the Belgian colonialists of the Congo, in rationalizing their own adventures.\n\nSo what I'm looking for here is the straight dope.  How big was it really? How long lasting? What pre-Islamic slave trading occurred, and what role did religion play?  What were conditions like for slaves?  What were there fates? How does it compare to the trans Atlantic slave trade?  And most importantly how do we know this, and what is our margin for certainty?\n\nAnd failing that, what are some good sources?!?!\n\n\n\nI should note that I found this question asked once before:\n\nhttps://www.reddit.com/r/AskHistorians/comments/4itaqw/what_exactly_was_the_scale_and_nature_of_the/\n\n but with no responses. \n\n\nThanks!", "user_reports": [], "saved": false, "mod_reason_title": null, "gilded": 0, "clicked": false, "title": "what was the extent and nature of the Trans Saharan/Trans Indian slave trade?", "link_flair_richtext": [], "subreddit_name_prefixed": "r/AskHistorians", "hidden": false, "pwls": 6, "link_flair_css_class": null, "downs": 0, "parent_whitelist_status": "all_ads", "hide_score": false, "name": "t3_6f0beb", "quarantine": false, "link_flair_text_color": "dark", "upvote_ratio": 0.73, "author_flair_background_color": null, "subreddit_type": "public", "ups": 5, "domain": "self.AskHistorians", "media_embed": {}, "author_flair_template_id": null, "is_original_content": false, "secure_media": null, "is_reddit_media_domain": false, "category": null, "secure_media_embed": {}, "link_flair_text": null, "can_mod_post": false, "score": 5, "approved_by": null, "thumbnail": "", "edited": false, "author_flair_css_class": null, "author_flair_richtext": [], "content_categories": null, "is_self": true, "mod_note": null, "created": 1496510128.0, "link_flair_type": "text", "wls": 6, "post_categories": null, "banned_by": null, "author_flair_type": "text", "contest_mode": false, "selftext_html": "&lt;!-- SC_OFF --&gt;&lt;div class=\"md\"&gt;&lt;p&gt;I should start by acknowledging this is something of a flashpoint topic, as it exists at the crossroads of Islamic history, historical atrocities, and race politics, but I just want to assure everyone here that I&amp;#39;m not trying to stir the turd, as it were.  I&amp;#39;m genuinely curious.&lt;/p&gt;\n\n&lt;p&gt;Ive only ever herd the Arab-African slave trade mentioned in a handful of contexts, chiefly either as apologism for the Atlantic slave trade (&amp;quot;look we aren&amp;#39;t so bad&amp;quot;), as a piece of evidence to portray Islam in a negative light (&amp;quot;look how bad Islam is&amp;quot;) or some conjunction of the two.  These are heavily ideological perspectives, and I&amp;#39;m sure that you can understand why I&amp;#39;d take them with a grain of salt.  I&amp;#39;ve yet to find a source that does not cover the subject matter in overtly bombastic moralistic terms, or goes so far as actually citing primary sources.  Pretty extreme claims are made, like the almost total castration of male slaves, and numbers of transported enslaved peoples dwarfing those of the trans Atlantic slave trade.  I&amp;#39;ve looked for more neutral or academic accounts, but haven&amp;#39;t really found anything, with the possible exception of &amp;quot;King Leopold&amp;#39;s Ghost&amp;quot;, but that really only discusses the rhetorical value of Arab slavers to the Belgian colonialists of the Congo, in rationalizing their own adventures.&lt;/p&gt;\n\n&lt;p&gt;So what I&amp;#39;m looking for here is the straight dope.  How big was it really? How long lasting? What pre-Islamic slave trading occurred, and what role did religion play?  What were conditions like for slaves?  What were there fates? How does it compare to the trans Atlantic slave trade?  And most importantly how do we know this, and what is our margin for certainty?&lt;/p&gt;\n\n&lt;p&gt;And failing that, what are some good sources?!?!&lt;/p&gt;\n\n&lt;p&gt;I should note that I found this question asked once before:&lt;/p&gt;\n\n&lt;p&gt;&lt;a href=\"https://www.reddit.com/r/AskHistorians/comments/4itaqw/what_exactly_was_the_scale_and_nature_of_the/\"&gt;https://www.reddit.com/r/AskHistorians/comments/4itaqw/what_exactly_was_the_scale_and_nature_of_the/&lt;/a&gt;&lt;/p&gt;\n\n&lt;p&gt;but with no responses. &lt;/p&gt;\n\n&lt;p&gt;Thanks!&lt;/p&gt;\n&lt;/div&gt;&lt;!-- SC_ON --&gt;", "likes": null, "suggested_sort": null, "banned_at_utc": null, "view_count": null, "archived": true, "no_follow": true, "is_crosspostable": false, "pinned": false, "over_18": false, "media_only": false, "can_gild": false, "spoiler": false, "locked": false, "author_flair_text": null, "rte_mode": "markdown", "visited": false, "num_reports": null, "distinguished": null, "subreddit_id": "t5_2ssp3", "mod_reason_by": null, "removal_reason": null, "id": "6f0beb", "report_reasons": null, "author": "KoonGoshad", "num_crossposts": 0, "num_comments": 0, "send_replies": true, "mod_reports": [], "author_flair_text_color": null, "permalink": "/r/AskHistorians/comments/6f0beb/what_was_the_extent_and_nature_of_the_trans/", "whitelist_status": "all_ads", "stickied": false, "url": "https://www.reddit.com/r/AskHistorians/comments/6f0beb/what_was_the_extent_and_nature_of_the_trans/", "subreddit_subscribers": 771070, "created_utc": 1496481328.0, "media": null, "is_video": false}}], "after": null, "before": null}}, {"kind": "Listing", "data": {"modhash": "", "dist": null, "children": [], "after": null, "before": null}}]