[{"kind": "Listing", "data": {"modhash": "", "dist": 1, "children": [{"kind": "t3", "data": {"approved_at_utc": null, "subreddit": "AskHistorians", "selftext": "[Previous](/r/AskHistorians/search?q=title%3A%22Saturday+Reading+and+Research%22&amp;restrict_sr=on&amp;sort=new&amp;t=all)\n\nToday: \n\nSaturday Reading and Research will focus on exactly that: the history you have been reading this week and the research you've been working on. It's also the prime thread for requesting books on a particular subject. As with all our weekly features, this thread will be lightly moderated.\n\nSo, encountered a recent biography of Stalin that revealed all about his addiction to ragtime piano? Delved into a horrendous piece of presentist and sexist psycho-evolutionary mumbo-jumbo and want to tell us about how bad it was? Need help finding the right book to give the historian in your family? Then this is the thread for you!\n", "user_reports": [], "saved": false, "mod_reason_title": null, "gilded": 0, "clicked": false, "title": "Saturday Reading and Research | June 03, 2017", "link_flair_richtext": [], "subreddit_name_prefixed": "r/AskHistorians", "hidden": false, "pwls": 6, "link_flair_css_class": "feature", "downs": 0, "parent_whitelist_status": "all_ads", "hide_score": false, "name": "t3_6f1cjc", "quarantine": false, "link_flair_text_color": "dark", "upvote_ratio": 0.77, "author_flair_background_color": null, "subreddit_type": "public", "ups": 19, "domain": "self.AskHistorians", "media_embed": {}, "author_flair_template_id": null, "is_original_content": false, "secure_media": null, "is_reddit_media_domain": false, "category": null, "secure_media_embed": {}, "link_flair_text": null, "can_mod_post": false, "score": 19, "approved_by": null, "thumbnail": "", "edited": false, "author_flair_css_class": null, "author_flair_richtext": [], "content_categories": null, "is_self": true, "mod_note": null, "created": 1496527549.0, "link_flair_type": "text", "wls": 6, "post_categories": null, "banned_by": null, "author_flair_type": "text", "contest_mode": false, "selftext_html": "&lt;!-- SC_OFF --&gt;&lt;div class=\"md\"&gt;&lt;p&gt;&lt;a href=\"/r/AskHistorians/search?q=title%3A%22Saturday+Reading+and+Research%22&amp;amp;restrict_sr=on&amp;amp;sort=new&amp;amp;t=all\"&gt;Previous&lt;/a&gt;&lt;/p&gt;\n\n&lt;p&gt;Today: &lt;/p&gt;\n\n&lt;p&gt;Saturday Reading and Research will focus on exactly that: the history you have been reading this week and the research you&amp;#39;ve been working on. It&amp;#39;s also the prime thread for requesting books on a particular subject. As with all our weekly features, this thread will be lightly moderated.&lt;/p&gt;\n\n&lt;p&gt;So, encountered a recent biography of Stalin that revealed all about his addiction to ragtime piano? Delved into a horrendous piece of presentist and sexist psycho-evolutionary mumbo-jumbo and want to tell us about how bad it was? Need help finding the right book to give the historian in your family? Then this is the thread for you!&lt;/p&gt;\n&lt;/div&gt;&lt;!-- SC_ON --&gt;", "likes": null, "suggested_sort": null, "banned_at_utc": null, "view_count": null, "archived": true, "no_follow": true, "is_crosspostable": false, "pinned": false, "over_18": false, "media_only": false, "can_gild": false, "spoiler": false, "locked": false, "author_flair_text": null, "rte_mode": "markdown", "visited": false, "num_reports": null, "distinguished": "moderator", "subreddit_id": "t5_2ssp3", "mod_reason_by": null, "removal_reason": null, "id": "6f1cjc", "report_reasons": null, "author": "AutoModerator", "num_crossposts": 0, "num_comments": 17, "send_replies": false, "mod_reports": [], "author_flair_text_color": null, "permalink": "/r/AskHistorians/comments/6f1cjc/saturday_reading_and_research_june_03_2017/", "whitelist_status": "all_ads", "stickied": false, "url": "https://www.reddit.com/r/AskHistorians/comments/6f1cjc/saturday_reading_and_research_june_03_2017/", "subreddit_subscribers": 771070, "created_utc": 1496498749.0, "media": null, "is_video": false}}], "after": null, "before": null}}, {"kind": "Listing", "data": {"modhash": "", "dist": null, "children": [{"kind": "t1", "data": {"subreddit_id": "t5_2ssp3", "approved_at_utc": null, "ups": 11, "mod_reason_by": null, "banned_by": null, "author_flair_type": "richtext", "removal_reason": null, "link_id": "t3_6f1cjc", "author_flair_template_id": null, "likes": null, "no_follow": true, "replies": "", "user_reports": [], "saved": false, "id": "difgt61", "banned_at_utc": null, "mod_reason_title": null, "gilded": 0, "archived": true, "report_reasons": null, "author": "Hergrim", "can_mod_post": false, "send_replies": true, "parent_id": "t3_6f1cjc", "score": 11, "approved_by": null, "downs": 0, "body": "Last night a Google Scholar alert popped up to tell me that a new book which matched my keywords had been published. I was reasonably excited to see that it was titled *Longbowman vs Crossbowman: Hundred Years\u2019 War 1337\u201360*, even though it was a short Osprey book. Since it was only 8 dollars, I purchased a copy and finished it this morning.\n\nAllow me to ask a question: when you see the title \"Longbowman vs Crossbowman\", would you expect some sources that deal with the crossbow as a weapon? Would you expect some brief discussion on the advantages and disadvantages of the different weapons?\n\nIf so, you would be wrong. Ralph Payne-Gallwey, Josef Alm and W.F. Patterson, the three single most important English language sources on crossbows do not feature in the text or the bibliography. Similarly, there is no mention of experiments regarding efficiency and spanning times performed by Tod Todeschini on reproduction steel lathe crossbows, or the experiments with regard to range and armour penetration performed by Andreas Bichler with composite lathe crossbows.\n\nThis results in a puzzling description of 14th century crossbow bolts as \"light\". There were indeed some crossbow bolts as light as 40 grams, but that was the lower end for the lightest bolts, which ranged between 40 and 49 grams. The flight arrows of the English would have fallen in this same range, while the standard war arrows (generally accepted to have LM Type 16/Jessop M4 arrowheads) would have weighed under 55 grams. Meanwhile, large numbers of quarrels fell in the 60-69 and 70-79 gram range, varying by the type and weight of the heads. David Campbell also believes the crossbow to have had a significantly lower accurate range than the longbow which given their similarities in arrow weight and range, I disagree with.\n\nCampbell also falls into the camp of the 140lb longbow in the 14th century. There are a number of reasons why I don't believe in this concept (armour design in Britain, lack of professionalisation prior to the HYW, the primary use of bows by most who owned them, etc), and I find Mike Loades' contention that bows didn't draw more than 120lbs in the period under discussion more convincing.\n\nNow, I will acknowledge that any discussion on longbows and crossbows in this period needs to focus on the differences in deployment and examine differences in army structure, morale and training and experience. The difference between the longbow and the crossbow alone cannot explain the English victories or the French defeats, and so much of the text is rightly dedicated to examining the many reasons why the English so often defeated the French.\n\nIn this latter endeavour, Campbell does as well as could be expected in such a short book. Some nuance is missed, such as Charles of Blois significantly bolstering his missile arm, the use of flanking cavalry attacks and attempts at engaging the English where there were no natural defences, but it is nonetheless a good summary. He does miss the chance in the main text to point out that even with similar numbers the crossbowmen were still outmatched by the English at Poitiers on account of the differences in discharge times, but catches it in the analysis.\n\nOverall, the book is an adequate summary of the factors at play on both sides of the early Hundred Years War, but it has a number of errors when it comes to crossbows, and Campbell has not critically analysed the conclusions of Strickland and Hardy regarding the draw weight of the longbow in this period. As the subject of the book implies discussion of the merits of each weapon, which it does not do to any great degree - thought perhaps this may have avoided the \"peasant with a crossbow\" cliche - I would argue that the book is inherently flawed and does not live up to the promise of the title.\n\nHad *Longbowman vs Crossbowman: Hundred Years\u2019 War 1337\u201360* been titled instead *English vs French: Hundred Years\u2019 War 1337\u201360*, I would rate it 3/5. It is a basic, but adequate, examination of the tactics and evolution of the English and French armies during this period. However, that is not the title and so I rate it as 2/5: not worthless, but it contains some easy to disprove misinformation and the title is misleading.", "edited": false, "author_flair_css_class": "military", "collapsed": false, "author_flair_richtext": [{"e": "text", "t": "Medieval Warfare | Logistics and Equipment"}], "is_submitter": false, "collapsed_reason": null, "body_html": "&lt;div class=\"md\"&gt;&lt;p&gt;Last night a Google Scholar alert popped up to tell me that a new book which matched my keywords had been published. I was reasonably excited to see that it was titled &lt;em&gt;Longbowman vs Crossbowman: Hundred Years\u2019 War 1337\u201360&lt;/em&gt;, even though it was a short Osprey book. Since it was only 8 dollars, I purchased a copy and finished it this morning.&lt;/p&gt;\n\n&lt;p&gt;Allow me to ask a question: when you see the title &amp;quot;Longbowman vs Crossbowman&amp;quot;, would you expect some sources that deal with the crossbow as a weapon? Would you expect some brief discussion on the advantages and disadvantages of the different weapons?&lt;/p&gt;\n\n&lt;p&gt;If so, you would be wrong. Ralph Payne-Gallwey, Josef Alm and W.F. Patterson, the three single most important English language sources on crossbows do not feature in the text or the bibliography. Similarly, there is no mention of experiments regarding efficiency and spanning times performed by Tod Todeschini on reproduction steel lathe crossbows, or the experiments with regard to range and armour penetration performed by Andreas Bichler with composite lathe crossbows.&lt;/p&gt;\n\n&lt;p&gt;This results in a puzzling description of 14th century crossbow bolts as &amp;quot;light&amp;quot;. There were indeed some crossbow bolts as light as 40 grams, but that was the lower end for the lightest bolts, which ranged between 40 and 49 grams. The flight arrows of the English would have fallen in this same range, while the standard war arrows (generally accepted to have LM Type 16/Jessop M4 arrowheads) would have weighed under 55 grams. Meanwhile, large numbers of quarrels fell in the 60-69 and 70-79 gram range, varying by the type and weight of the heads. David Campbell also believes the crossbow to have had a significantly lower accurate range than the longbow which given their similarities in arrow weight and range, I disagree with.&lt;/p&gt;\n\n&lt;p&gt;Campbell also falls into the camp of the 140lb longbow in the 14th century. There are a number of reasons why I don&amp;#39;t believe in this concept (armour design in Britain, lack of professionalisation prior to the HYW, the primary use of bows by most who owned them, etc), and I find Mike Loades&amp;#39; contention that bows didn&amp;#39;t draw more than 120lbs in the period under discussion more convincing.&lt;/p&gt;\n\n&lt;p&gt;Now, I will acknowledge that any discussion on longbows and crossbows in this period needs to focus on the differences in deployment and examine differences in army structure, morale and training and experience. The difference between the longbow and the crossbow alone cannot explain the English victories or the French defeats, and so much of the text is rightly dedicated to examining the many reasons why the English so often defeated the French.&lt;/p&gt;\n\n&lt;p&gt;In this latter endeavour, Campbell does as well as could be expected in such a short book. Some nuance is missed, such as Charles of Blois significantly bolstering his missile arm, the use of flanking cavalry attacks and attempts at engaging the English where there were no natural defences, but it is nonetheless a good summary. He does miss the chance in the main text to point out that even with similar numbers the crossbowmen were still outmatched by the English at Poitiers on account of the differences in discharge times, but catches it in the analysis.&lt;/p&gt;\n\n&lt;p&gt;Overall, the book is an adequate summary of the factors at play on both sides of the early Hundred Years War, but it has a number of errors when it comes to crossbows, and Campbell has not critically analysed the conclusions of Strickland and Hardy regarding the draw weight of the longbow in this period. As the subject of the book implies discussion of the merits of each weapon, which it does not do to any great degree - thought perhaps this may have avoided the &amp;quot;peasant with a crossbow&amp;quot; cliche - I would argue that the book is inherently flawed and does not live up to the promise of the title.&lt;/p&gt;\n\n&lt;p&gt;Had &lt;em&gt;Longbowman vs Crossbowman: Hundred Years\u2019 War 1337\u201360&lt;/em&gt; been titled instead &lt;em&gt;English vs French: Hundred Years\u2019 War 1337\u201360&lt;/em&gt;, I would rate it 3/5. It is a basic, but adequate, examination of the tactics and evolution of the English and French armies during this period. However, that is not the title and so I rate it as 2/5: not worthless, but it contains some easy to disprove misinformation and the title is misleading.&lt;/p&gt;\n&lt;/div&gt;", "stickied": false, "subreddit_type": "public", "can_gild": true, "subreddit": "AskHistorians", "author_flair_text_color": null, "score_hidden": false, "permalink": "/r/AskHistorians/comments/6f1cjc/saturday_reading_and_research_june_03_2017/difgt61/", "num_reports": null, "name": "t1_difgt61", "created": 1496571679.0, "author_flair_text": "Medieval Warfare | Logistics and Equipment", "rte_mode": "markdown", "created_utc": 1496542879.0, "subreddit_name_prefixed": "r/AskHistorians", "controversiality": 0, "depth": 0, "author_flair_background_color": null, "mod_reports": [], "mod_note": null, "distinguished": null}}, {"kind": "t1", "data": {"subreddit_id": "t5_2ssp3", "approved_at_utc": null, "ups": 6, "mod_reason_by": null, "banned_by": null, "author_flair_type": "richtext", "removal_reason": null, "link_id": "t3_6f1cjc", "author_flair_template_id": null, "likes": null, "no_follow": true, "replies": "", "user_reports": [], "saved": false, "id": "diene7n", "banned_at_utc": null, "mod_reason_title": null, "gilded": 0, "archived": true, "report_reasons": null, "author": "chocolatepot", "can_mod_post": false, "send_replies": true, "parent_id": "t3_6f1cjc", "score": 6, "approved_by": null, "downs": 0, "body": "This is \"going to read\" rather than \"been reading\", but at my museum's used book sale this weekend, I picked up:\n\nElizabeth Regosin, *Freedom's Promise: Ex-Slave Families and Citizenship in the Age of Emancipation* (signed by the author!)\n\nCharlotte Wilcoxen, *Seventeenth Century Albany: A Dutch Profile*\n\nJoyce D. Goodfriend, *Before the Melting Pot: Society and Culture in New York City, 1664-1730*\n\nThomas Frank, *The Conquest of Cool: Business Culture, Counterculture, and the Rise of Hip Consumerism*\n\nMichael Foster and Barbara Foster, *A Dangerous Woman: The Life, Loves, and Scandals of Adah Isaacs Menken, 1835-1868, America's Original Superstar*\n\nJohn Van Der Zee, *Bound Over: Indentured Servitude &amp; American Conscience*\n\nLiving in a university town has its advantages.", "edited": false, "author_flair_css_class": "moderator", "collapsed": false, "author_flair_richtext": [{"e": "text", "t": "Moderator | History of Western Fashion"}], "is_submitter": false, "collapsed_reason": null, "body_html": "&lt;div class=\"md\"&gt;&lt;p&gt;This is &amp;quot;going to read&amp;quot; rather than &amp;quot;been reading&amp;quot;, but at my museum&amp;#39;s used book sale this weekend, I picked up:&lt;/p&gt;\n\n&lt;p&gt;Elizabeth Regosin, &lt;em&gt;Freedom&amp;#39;s Promise: Ex-Slave Families and Citizenship in the Age of Emancipation&lt;/em&gt; (signed by the author!)&lt;/p&gt;\n\n&lt;p&gt;Charlotte Wilcoxen, &lt;em&gt;Seventeenth Century Albany: A Dutch Profile&lt;/em&gt;&lt;/p&gt;\n\n&lt;p&gt;Joyce D. Goodfriend, &lt;em&gt;Before the Melting Pot: Society and Culture in New York City, 1664-1730&lt;/em&gt;&lt;/p&gt;\n\n&lt;p&gt;Thomas Frank, &lt;em&gt;The Conquest of Cool: Business Culture, Counterculture, and the Rise of Hip Consumerism&lt;/em&gt;&lt;/p&gt;\n\n&lt;p&gt;Michael Foster and Barbara Foster, &lt;em&gt;A Dangerous Woman: The Life, Loves, and Scandals of Adah Isaacs Menken, 1835-1868, America&amp;#39;s Original Superstar&lt;/em&gt;&lt;/p&gt;\n\n&lt;p&gt;John Van Der Zee, &lt;em&gt;Bound Over: Indentured Servitude &amp;amp; American Conscience&lt;/em&gt;&lt;/p&gt;\n\n&lt;p&gt;Living in a university town has its advantages.&lt;/p&gt;\n&lt;/div&gt;", "stickied": false, "subreddit_type": "public", "can_gild": true, "subreddit": "AskHistorians", "author_flair_text_color": null, "score_hidden": false, "permalink": "/r/AskHistorians/comments/6f1cjc/saturday_reading_and_research_june_03_2017/diene7n/", "num_reports": null, "name": "t1_diene7n", "created": 1496529345.0, "author_flair_text": "Moderator | History of Western Fashion", "rte_mode": "markdown", "created_utc": 1496500545.0, "subreddit_name_prefixed": "r/AskHistorians", "controversiality": 0, "depth": 0, "author_flair_background_color": null, "mod_reports": [], "mod_note": null, "distinguished": null}}, {"kind": "t1", "data": {"subreddit_id": "t5_2ssp3", "approved_at_utc": null, "ups": 7, "mod_reason_by": null, "banned_by": null, "author_flair_type": "richtext", "removal_reason": null, "link_id": "t3_6f1cjc", "author_flair_template_id": null, "likes": null, "no_follow": true, "replies": {"kind": "Listing", "data": {"modhash": "", "dist": null, "children": [{"kind": "t1", "data": {"subreddit_id": "t5_2ssp3", "approved_at_utc": null, "ups": 5, "mod_reason_by": null, "banned_by": null, "author_flair_type": "richtext", "removal_reason": null, "link_id": "t3_6f1cjc", "author_flair_template_id": null, "likes": null, "no_follow": true, "replies": {"kind": "Listing", "data": {"modhash": "", "dist": null, "children": [{"kind": "t1", "data": {"subreddit_id": "t5_2ssp3", "approved_at_utc": null, "ups": 3, "mod_reason_by": null, "banned_by": null, "author_flair_type": "text", "removal_reason": null, "link_id": "t3_6f1cjc", "author_flair_template_id": null, "likes": null, "no_follow": true, "replies": {"kind": "Listing", "data": {"modhash": "", "dist": null, "children": [{"kind": "t1", "data": {"subreddit_id": "t5_2ssp3", "approved_at_utc": null, "ups": 3, "mod_reason_by": null, "banned_by": null, "author_flair_type": "richtext", "removal_reason": null, "link_id": "t3_6f1cjc", "author_flair_template_id": null, "likes": null, "no_follow": true, "replies": {"kind": "Listing", "data": {"modhash": "", "dist": null, "children": [{"kind": "t1", "data": {"subreddit_id": "t5_2ssp3", "approved_at_utc": null, "ups": 2, "mod_reason_by": null, "banned_by": null, "author_flair_type": "text", "removal_reason": null, "link_id": "t3_6f1cjc", "author_flair_template_id": null, "likes": null, "no_follow": true, "replies": "", "user_reports": [], "saved": false, "id": "difh9gc", "banned_at_utc": null, "mod_reason_title": null, "gilded": 0, "archived": true, "report_reasons": null, "author": "Dire88", "can_mod_post": false, "send_replies": true, "parent_id": "t1_diffetj", "score": 2, "approved_by": null, "downs": 0, "body": "Always appreciated. I keep a running list of recommendations for future use and reference, and can never have too many.  \n  \nIn the case of forming racial identities, check out Morrison's *A Praying People* which is on Puritan attempts at Christianizing indigenous populations in the 17th century.  \n  \nAlso, and I've suggested this book like 3 times on here, see *Unfreedom: Slavery and Dependence in 18th Century Boston* by Hardesty. He does mainly focus on the lived experience of enslaved Africans, but delves a bit into how racial attitudes changed over time.  \n  \nAnd don't waste your time on Bailey's *Race and Redemption*. He posits that the christianization of indigenous populations and imported slaves created social anxiety, which in turn led to the creation of racial attitudes; and I think it is a really fascinating take on a growing topic. Unfortunately, despite being well researched, I don't think he was up to the task (which is surprising, as Melish was his PhD advisor). He makes some wild assertions, doesn't support them well, and ultimately all his work boils down to a weak apologia for why the Baptist Church had no option but to support slavery as an institution. Yea, it was that bad.", "edited": false, "author_flair_css_class": null, "collapsed": false, "author_flair_richtext": [], "is_submitter": false, "collapsed_reason": null, "body_html": "&lt;div class=\"md\"&gt;&lt;p&gt;Always appreciated. I keep a running list of recommendations for future use and reference, and can never have too many.  &lt;/p&gt;\n\n&lt;p&gt;In the case of forming racial identities, check out Morrison&amp;#39;s &lt;em&gt;A Praying People&lt;/em&gt; which is on Puritan attempts at Christianizing indigenous populations in the 17th century.  &lt;/p&gt;\n\n&lt;p&gt;Also, and I&amp;#39;ve suggested this book like 3 times on here, see &lt;em&gt;Unfreedom: Slavery and Dependence in 18th Century Boston&lt;/em&gt; by Hardesty. He does mainly focus on the lived experience of enslaved Africans, but delves a bit into how racial attitudes changed over time.  &lt;/p&gt;\n\n&lt;p&gt;And don&amp;#39;t waste your time on Bailey&amp;#39;s &lt;em&gt;Race and Redemption&lt;/em&gt;. He posits that the christianization of indigenous populations and imported slaves created social anxiety, which in turn led to the creation of racial attitudes; and I think it is a really fascinating take on a growing topic. Unfortunately, despite being well researched, I don&amp;#39;t think he was up to the task (which is surprising, as Melish was his PhD advisor). He makes some wild assertions, doesn&amp;#39;t support them well, and ultimately all his work boils down to a weak apologia for why the Baptist Church had no option but to support slavery as an institution. Yea, it was that bad.&lt;/p&gt;\n&lt;/div&gt;", "stickied": false, "subreddit_type": "public", "can_gild": true, "subreddit": "AskHistorians", "author_flair_text_color": null, "score_hidden": false, "permalink": "/r/AskHistorians/comments/6f1cjc/saturday_reading_and_research_june_03_2017/difh9gc/", "num_reports": null, "name": "t1_difh9gc", "created": 1496572362.0, "author_flair_text": null, "rte_mode": "markdown", "created_utc": 1496543562.0, "subreddit_name_prefixed": "r/AskHistorians", "controversiality": 0, "depth": 4, "author_flair_background_color": null, "mod_reports": [], "mod_note": null, "distinguished": null}}], "after": null, "before": null}}, "user_reports": [], "saved": false, "id": "diffetj", "banned_at_utc": null, "mod_reason_title": null, "gilded": 0, "archived": true, "report_reasons": null, "author": "anthropology_nerd", "can_mod_post": false, "send_replies": true, "parent_id": "t1_difdfyh", "score": 3, "approved_by": null, "downs": 0, "body": "Thanks for the recommendations! \n\nI have more of a background in indigenous North America so *Brethren by Nature* and Richter's work, including *Facing East*, are old friends. I also highly recommend *Facing East*, it is a great book that reads quickly, while fundamentally altering the traditional perspective to place the narrative of the early colonial period in Indian country. Incredibly helpful. I found *Brethren by Nature* to be a little bit more of a slog. Good, and insightful, but a bit of a slog. If you end up liking Richter you should also check out Colin Calloway's work. Also, though it focuses a little further south than Salem, you might want to check out Lipman's *The Saltwater Frontier: Indians and the Contest for the American Coast*. The idea that Europeans and Native Americans met first as fellow watermen, and then the push/pull to control the coast, really helped me re-think my preconceived notions of early contact. Whew that was a lot of recommendations. My apologies, I just love talking history.\n\nNow I'm trying to branch out just a little bit, exploring the transition from predominantly indigenous to predominantly African slavery in the eastern U.S., with a focus on anything that talks about identity and the development of racial categories because, well, I'm an anthropologist at heart. I'll transition back to more Native American history soon.", "edited": false, "author_flair_css_class": "moderator", "collapsed": false, "author_flair_richtext": [{"e": "text", "t": "Moderator | New World Demographics &amp; Disease"}], "is_submitter": false, "collapsed_reason": null, "body_html": "&lt;div class=\"md\"&gt;&lt;p&gt;Thanks for the recommendations! &lt;/p&gt;\n\n&lt;p&gt;I have more of a background in indigenous North America so &lt;em&gt;Brethren by Nature&lt;/em&gt; and Richter&amp;#39;s work, including &lt;em&gt;Facing East&lt;/em&gt;, are old friends. I also highly recommend &lt;em&gt;Facing East&lt;/em&gt;, it is a great book that reads quickly, while fundamentally altering the traditional perspective to place the narrative of the early colonial period in Indian country. Incredibly helpful. I found &lt;em&gt;Brethren by Nature&lt;/em&gt; to be a little bit more of a slog. Good, and insightful, but a bit of a slog. If you end up liking Richter you should also check out Colin Calloway&amp;#39;s work. Also, though it focuses a little further south than Salem, you might want to check out Lipman&amp;#39;s &lt;em&gt;The Saltwater Frontier: Indians and the Contest for the American Coast&lt;/em&gt;. The idea that Europeans and Native Americans met first as fellow watermen, and then the push/pull to control the coast, really helped me re-think my preconceived notions of early contact. Whew that was a lot of recommendations. My apologies, I just love talking history.&lt;/p&gt;\n\n&lt;p&gt;Now I&amp;#39;m trying to branch out just a little bit, exploring the transition from predominantly indigenous to predominantly African slavery in the eastern U.S., with a focus on anything that talks about identity and the development of racial categories because, well, I&amp;#39;m an anthropologist at heart. I&amp;#39;ll transition back to more Native American history soon.&lt;/p&gt;\n&lt;/div&gt;", "stickied": false, "subreddit_type": "public", "can_gild": true, "subreddit": "AskHistorians", "author_flair_text_color": null, "score_hidden": false, "permalink": "/r/AskHistorians/comments/6f1cjc/saturday_reading_and_research_june_03_2017/diffetj/", "num_reports": null, "name": "t1_diffetj", "created": 1496569559.0, "author_flair_text": "Moderator | New World Demographics &amp; Disease", "rte_mode": "markdown", "created_utc": 1496540759.0, "subreddit_name_prefixed": "r/AskHistorians", "controversiality": 0, "depth": 3, "author_flair_background_color": null, "mod_reports": [], "mod_note": null, "distinguished": null}}], "after": null, "before": null}}, "user_reports": [], "saved": false, "id": "difdfyh", "banned_at_utc": null, "mod_reason_title": null, "gilded": 0, "archived": true, "report_reasons": null, "author": "Dire88", "can_mod_post": false, "send_replies": true, "parent_id": "t1_dif9u1f", "score": 3, "approved_by": null, "downs": 0, "body": "I am paid to read it, and I have an entire shelf I haven't even touched yet. My problem is I have too much too read, so I don't have enough time to read because I'm too busy reading. One hell of a predicament. I've been developing a new interpretive plan for the past year that integrates slavery into our site, and I'm in information overload.  \n  \nStarted with post abolition experiences for the formerly enslaved couple that lived in our main historic home. Then it became a history of slavery and abolition in Salem, then the secret slave trade/Caribbean economic connects, and then it became \"we can't tell the story of slavery without Native slavery\" and I've come full circle back to the *Desire* in 1638.  \n  \nAnyways, if you want to supplement Wendy Warren's work with a Native American reading, check out Newell's *Brethren by Nature: New England Indians, Colonists, and the Origins of American Slavery*. I have that and Richter's *Facing East from Indian Country* in the queue; both came highly recommended.", "edited": 1496538188.0, "author_flair_css_class": null, "collapsed": false, "author_flair_richtext": [], "is_submitter": false, "collapsed_reason": null, "body_html": "&lt;div class=\"md\"&gt;&lt;p&gt;I am paid to read it, and I have an entire shelf I haven&amp;#39;t even touched yet. My problem is I have too much too read, so I don&amp;#39;t have enough time to read because I&amp;#39;m too busy reading. One hell of a predicament. I&amp;#39;ve been developing a new interpretive plan for the past year that integrates slavery into our site, and I&amp;#39;m in information overload.  &lt;/p&gt;\n\n&lt;p&gt;Started with post abolition experiences for the formerly enslaved couple that lived in our main historic home. Then it became a history of slavery and abolition in Salem, then the secret slave trade/Caribbean economic connects, and then it became &amp;quot;we can&amp;#39;t tell the story of slavery without Native slavery&amp;quot; and I&amp;#39;ve come full circle back to the &lt;em&gt;Desire&lt;/em&gt; in 1638.  &lt;/p&gt;\n\n&lt;p&gt;Anyways, if you want to supplement Wendy Warren&amp;#39;s work with a Native American reading, check out Newell&amp;#39;s &lt;em&gt;Brethren by Nature: New England Indians, Colonists, and the Origins of American Slavery&lt;/em&gt;. I have that and Richter&amp;#39;s &lt;em&gt;Facing East from Indian Country&lt;/em&gt; in the queue; both came highly recommended.&lt;/p&gt;\n&lt;/div&gt;", "stickied": false, "subreddit_type": "public", "can_gild": true, "subreddit": "AskHistorians", "author_flair_text_color": null, "score_hidden": false, "permalink": "/r/AskHistorians/comments/6f1cjc/saturday_reading_and_research_june_03_2017/difdfyh/", "num_reports": null, "name": "t1_difdfyh", "created": 1496566528.0, "author_flair_text": null, "rte_mode": "markdown", "created_utc": 1496537728.0, "subreddit_name_prefixed": "r/AskHistorians", "controversiality": 0, "depth": 2, "author_flair_background_color": null, "mod_reports": [], "mod_note": null, "distinguished": null}}], "after": null, "before": null}}, "user_reports": [], "saved": false, "id": "dif9u1f", "banned_at_utc": null, "mod_reason_title": null, "gilded": 0, "archived": true, "report_reasons": null, "author": "anthropology_nerd", "can_mod_post": false, "send_replies": true, "parent_id": "t1_dieqbmw", "score": 5, "approved_by": null, "downs": 0, "body": "Since we're doing reading lists, and to keep myself motivated/honest, here is my list for the foreseeable future...\n\n[*New England Bound: Slavery and Colonization in Early America*](https://www.goodreads.com/book/show/26530308-new-england-bound?from_search=true) by Wendy Warren is about halfway finished. I'm enjoying the book thus far, I just wish she spent more time on the Native American contribution to the story of life, and slavery, in early colonial New England. Ah well, I'm biased.\n\n[*The Name of War: King Philip's War and the Origins of American Identity*](https://www.goodreads.com/book/show/363659.The_Name_of_War?from_search=true) by Jill Lepore, which I should have read a long, long time ago. I'm intrigued by the introduction (yeah, I cheated and read ahead a little) and look forward to diving in soon.\n\n[*American Slavery, American Freedom*](https://www.goodreads.com/book/show/43365.American_Slavery_American_Freedom?ac=1&amp;from_search=true) by Morgan is another one I am ashamed to say I haven't read yet. This one has been on my \"to read\" list for far too long.\n\n[*Indian Conquistadors: Indigenous Allies in the Conquest of Mesoamerica*](https://www.goodreads.com/book/show/14941301-indian-conquistadors?ac=1&amp;from_search=true) came highly rated to me by several of our Mesoamericanists, and I will enjoy the dive to the south after spending so much time reading about the English colonial enterprises in North America.\n\nTimes like these I wish I was paid to read history, or at least that I wasn't binging on *House of Cards* so I would have more time to read!", "edited": false, "author_flair_css_class": "moderator", "collapsed": false, "author_flair_richtext": [{"e": "text", "t": "Moderator | New World Demographics &amp; Disease"}], "is_submitter": false, "collapsed_reason": null, "body_html": "&lt;div class=\"md\"&gt;&lt;p&gt;Since we&amp;#39;re doing reading lists, and to keep myself motivated/honest, here is my list for the foreseeable future...&lt;/p&gt;\n\n&lt;p&gt;&lt;a href=\"https://www.goodreads.com/book/show/26530308-new-england-bound?from_search=true\"&gt;&lt;em&gt;New England Bound: Slavery and Colonization in Early America&lt;/em&gt;&lt;/a&gt; by Wendy Warren is about halfway finished. I&amp;#39;m enjoying the book thus far, I just wish she spent more time on the Native American contribution to the story of life, and slavery, in early colonial New England. Ah well, I&amp;#39;m biased.&lt;/p&gt;\n\n&lt;p&gt;&lt;a href=\"https://www.goodreads.com/book/show/363659.The_Name_of_War?from_search=true\"&gt;&lt;em&gt;The Name of War: King Philip&amp;#39;s War and the Origins of American Identity&lt;/em&gt;&lt;/a&gt; by Jill Lepore, which I should have read a long, long time ago. I&amp;#39;m intrigued by the introduction (yeah, I cheated and read ahead a little) and look forward to diving in soon.&lt;/p&gt;\n\n&lt;p&gt;&lt;a href=\"https://www.goodreads.com/book/show/43365.American_Slavery_American_Freedom?ac=1&amp;amp;from_search=true\"&gt;&lt;em&gt;American Slavery, American Freedom&lt;/em&gt;&lt;/a&gt; by Morgan is another one I am ashamed to say I haven&amp;#39;t read yet. This one has been on my &amp;quot;to read&amp;quot; list for far too long.&lt;/p&gt;\n\n&lt;p&gt;&lt;a href=\"https://www.goodreads.com/book/show/14941301-indian-conquistadors?ac=1&amp;amp;from_search=true\"&gt;&lt;em&gt;Indian Conquistadors: Indigenous Allies in the Conquest of Mesoamerica&lt;/em&gt;&lt;/a&gt; came highly rated to me by several of our Mesoamericanists, and I will enjoy the dive to the south after spending so much time reading about the English colonial enterprises in North America.&lt;/p&gt;\n\n&lt;p&gt;Times like these I wish I was paid to read history, or at least that I wasn&amp;#39;t binging on &lt;em&gt;House of Cards&lt;/em&gt; so I would have more time to read!&lt;/p&gt;\n&lt;/div&gt;", "stickied": false, "subreddit_type": "public", "can_gild": true, "subreddit": "AskHistorians", "author_flair_text_color": null, "score_hidden": false, "permalink": "/r/AskHistorians/comments/6f1cjc/saturday_reading_and_research_june_03_2017/dif9u1f/", "num_reports": null, "name": "t1_dif9u1f", "created": 1496561300.0, "author_flair_text": "Moderator | New World Demographics &amp; Disease", "rte_mode": "markdown", "created_utc": 1496532500.0, "subreddit_name_prefixed": "r/AskHistorians", "controversiality": 0, "depth": 1, "author_flair_background_color": null, "mod_reports": [], "mod_note": null, "distinguished": null}}, {"kind": "t1", "data": {"subreddit_id": "t5_2ssp3", "approved_at_utc": null, "ups": 1, "mod_reason_by": null, "banned_by": null, "author_flair_type": "richtext", "removal_reason": null, "link_id": "t3_6f1cjc", "author_flair_template_id": "9e641f94-c626-11e2-8e2c-12313b0b21ae", "likes": null, "no_follow": true, "replies": {"kind": "Listing", "data": {"modhash": "", "dist": null, "children": [{"kind": "t1", "data": {"subreddit_id": "t5_2ssp3", "approved_at_utc": null, "ups": 1, "mod_reason_by": null, "banned_by": null, "author_flair_type": "richtext", "removal_reason": null, "link_id": "t3_6f1cjc", "author_flair_template_id": null, "likes": null, "no_follow": true, "replies": "", "user_reports": [], "saved": false, "id": "difyvpw", "banned_at_utc": null, "mod_reason_title": null, "gilded": 0, "archived": true, "report_reasons": null, "author": "freedmenspatrol", "can_mod_post": false, "send_replies": true, "parent_id": "t1_difxcqs", "score": 1, "approved_by": null, "downs": 0, "body": "They're on my ever-growing list now. :)", "edited": false, "author_flair_css_class": "moderator", "collapsed": false, "author_flair_richtext": [{"e": "text", "t": "Moderator | Antebellum U.S. Slavery Politics"}], "is_submitter": false, "collapsed_reason": null, "body_html": "&lt;div class=\"md\"&gt;&lt;p&gt;They&amp;#39;re on my ever-growing list now. :)&lt;/p&gt;\n&lt;/div&gt;", "stickied": false, "subreddit_type": "public", "can_gild": true, "subreddit": "AskHistorians", "author_flair_text_color": null, "score_hidden": false, "permalink": "/r/AskHistorians/comments/6f1cjc/saturday_reading_and_research_june_03_2017/difyvpw/", "num_reports": null, "name": "t1_difyvpw", "created": 1496612808.0, "author_flair_text": "Moderator | Antebellum U.S. Slavery Politics", "rte_mode": "markdown", "created_utc": 1496584008.0, "subreddit_name_prefixed": "r/AskHistorians", "controversiality": 0, "depth": 2, "author_flair_background_color": null, "mod_reports": [], "mod_note": null, "distinguished": null}}], "after": null, "before": null}}, "user_reports": [], "saved": false, "id": "difxcqs", "banned_at_utc": null, "mod_reason_title": null, "gilded": 0, "archived": true, "report_reasons": null, "author": "Georgy_K_Zhukov", "can_mod_post": false, "send_replies": true, "parent_id": "t1_dieqbmw", "score": 1, "approved_by": null, "downs": 0, "body": "Southern Honor is really a watershed book (and when looking specifically at Southern honor culture, it is probably the book I cite the most). Wyatt-Brown was breaking a lot of new ground and pretty everything since him that deals with the Southern planter class at least makes brief acknowledgement of what he did for the field. *But*, being first has some of its downsides too, since it means you're going through uncharted waters. You're definitely right with your hunch, as his later works build off his earlier foundation, and offer more nuance, and some corrective too, as he is the first to admit there was some needed.\n\n\"The Shaping of Southern Culture: Honor, Grace, and War, 1760s-1890s\" was his last major publication and a very useful counterbalance, as he definitely gets introspective on his earlier work at points. The only caution I would give is that it is a bit... disjointed. It is really a collection of essays, some new, some reworked from earlier publications, and he does a good job flowing between some, but not all of them,\n\nI would make two additional recommendations. The first is \"Southern Character: Essays in Honor of Bertram Wyatt-Brown\" which is, obviously, all works by other authors heavily influenced by, and engaging with, Wyatt-Brown. The second just came out this year, \"The Field of Honor: Essays on Southern Character and American Identity\", and might as well have the \"In Honor\" appendation, given how strong you can feel his presence in just about every essay in the book. Both, of course, have the typical pros and cons of 'essay collection' works, with some being great, some being 'meh'. One or two just bad in my opinion. In any case though, they both provide a very useful look at how various scholars use and engage with Wyatt-Brown's work, with much more breadth of thought than you would find from a single author.", "edited": false, "author_flair_css_class": "moderator", "collapsed": false, "author_flair_richtext": [{"e": "text", "t": "Moderator | Post-Napoleonic Warfare &amp; Small Arms | Dueling"}], "is_submitter": false, "collapsed_reason": null, "body_html": "&lt;div class=\"md\"&gt;&lt;p&gt;Southern Honor is really a watershed book (and when looking specifically at Southern honor culture, it is probably the book I cite the most). Wyatt-Brown was breaking a lot of new ground and pretty everything since him that deals with the Southern planter class at least makes brief acknowledgement of what he did for the field. &lt;em&gt;But&lt;/em&gt;, being first has some of its downsides too, since it means you&amp;#39;re going through uncharted waters. You&amp;#39;re definitely right with your hunch, as his later works build off his earlier foundation, and offer more nuance, and some corrective too, as he is the first to admit there was some needed.&lt;/p&gt;\n\n&lt;p&gt;&amp;quot;The Shaping of Southern Culture: Honor, Grace, and War, 1760s-1890s&amp;quot; was his last major publication and a very useful counterbalance, as he definitely gets introspective on his earlier work at points. The only caution I would give is that it is a bit... disjointed. It is really a collection of essays, some new, some reworked from earlier publications, and he does a good job flowing between some, but not all of them,&lt;/p&gt;\n\n&lt;p&gt;I would make two additional recommendations. The first is &amp;quot;Southern Character: Essays in Honor of Bertram Wyatt-Brown&amp;quot; which is, obviously, all works by other authors heavily influenced by, and engaging with, Wyatt-Brown. The second just came out this year, &amp;quot;The Field of Honor: Essays on Southern Character and American Identity&amp;quot;, and might as well have the &amp;quot;In Honor&amp;quot; appendation, given how strong you can feel his presence in just about every essay in the book. Both, of course, have the typical pros and cons of &amp;#39;essay collection&amp;#39; works, with some being great, some being &amp;#39;meh&amp;#39;. One or two just bad in my opinion. In any case though, they both provide a very useful look at how various scholars use and engage with Wyatt-Brown&amp;#39;s work, with much more breadth of thought than you would find from a single author.&lt;/p&gt;\n&lt;/div&gt;", "stickied": false, "subreddit_type": "public", "can_gild": true, "subreddit": "AskHistorians", "author_flair_text_color": "light", "score_hidden": false, "permalink": "/r/AskHistorians/comments/6f1cjc/saturday_reading_and_research_june_03_2017/difxcqs/", "num_reports": null, "name": "t1_difxcqs", "created": 1496609900.0, "author_flair_text": "Moderator | Post-Napoleonic Warfare &amp; Small Arms | Dueling", "rte_mode": "markdown", "created_utc": 1496581100.0, "subreddit_name_prefixed": "r/AskHistorians", "controversiality": 0, "depth": 1, "author_flair_background_color": "#8b008b", "mod_reports": [], "mod_note": null, "distinguished": null}}], "after": null, "before": null}}, "user_reports": [], "saved": false, "id": "dieqbmw", "banned_at_utc": null, "mod_reason_title": null, "gilded": 0, "archived": true, "report_reasons": null, "author": "freedmenspatrol", "can_mod_post": false, "send_replies": true, "parent_id": "t3_6f1cjc", "score": 7, "approved_by": null, "downs": 0, "body": "*Freedom and Slavery: An Interpretation of the Old South* went in the can Monday night. I appreciated the quick read and it's by no means bad, but Oakes is deeply interested in the question of whether slavery was capitalistic and gets into fine-grain details of how it's a hybrid. If I thought that was an important question, and had I been at this in the Eighties or Nineties I might have, I bet it would be riveting. I think he wrote a good book that ends up lost in technical distinctions that don't actually tell us much, but I do appreciate him as a little ahead of his time in aggressively situating in the South in the American and Atlantic contexts. A lot of less recent Southern history fails to do that, or argues that the region just is fundamentally alien.\n\nI've moved on from there to the first of my summer reading program books: *Southern Honor: Ethics &amp; Behavior in the Old South* by Bertram Wyatt-Brown. At about halfway through, I'm not sure how much of his argument I'm just missing and how much is stuff I already kinda-sorta had from reading subsequent works and am looking too hard at. I like the book well enough, all the same. Wyatt-Brown has a touch of the defensiveness one sometimes sees of southern historians of his generation or two and his Lee worship is a bit tedious, but so it goes. I get the sense that one or both of his subsequent works on honor would be closer to my interests than this one. Shame on him for not writing in order of my preferences. I was two at the time and that's old enough to want pandering. \n\nAfter that, almost all my list is in. Just waiting on Eugene Genovese to show up. The rest:\n\n*The Peculiar Institution* by Kenneth Stampp\n\n*North of Slavery* by Leon Litwack\n\n*The Frontier Against Slavery* by Eugene Berwanger, a surprise addition I literally bought in an insane asylum.\n\n*Slaves Without Masters* by Ira Berlin\n\n*American Slavery* by Peter Kolchin\n\nI think I'm going to take them in that order, but I may read Litwack and Berlin back to back to capture more of the free black experience in one go. All of this plus Genovese should keep me going well into September.", "edited": false, "author_flair_css_class": "moderator", "collapsed": false, "author_flair_richtext": [{"e": "text", "t": "Moderator | Antebellum U.S. Slavery Politics"}], "is_submitter": false, "collapsed_reason": null, "body_html": "&lt;div class=\"md\"&gt;&lt;p&gt;&lt;em&gt;Freedom and Slavery: An Interpretation of the Old South&lt;/em&gt; went in the can Monday night. I appreciated the quick read and it&amp;#39;s by no means bad, but Oakes is deeply interested in the question of whether slavery was capitalistic and gets into fine-grain details of how it&amp;#39;s a hybrid. If I thought that was an important question, and had I been at this in the Eighties or Nineties I might have, I bet it would be riveting. I think he wrote a good book that ends up lost in technical distinctions that don&amp;#39;t actually tell us much, but I do appreciate him as a little ahead of his time in aggressively situating in the South in the American and Atlantic contexts. A lot of less recent Southern history fails to do that, or argues that the region just is fundamentally alien.&lt;/p&gt;\n\n&lt;p&gt;I&amp;#39;ve moved on from there to the first of my summer reading program books: &lt;em&gt;Southern Honor: Ethics &amp;amp; Behavior in the Old South&lt;/em&gt; by Bertram Wyatt-Brown. At about halfway through, I&amp;#39;m not sure how much of his argument I&amp;#39;m just missing and how much is stuff I already kinda-sorta had from reading subsequent works and am looking too hard at. I like the book well enough, all the same. Wyatt-Brown has a touch of the defensiveness one sometimes sees of southern historians of his generation or two and his Lee worship is a bit tedious, but so it goes. I get the sense that one or both of his subsequent works on honor would be closer to my interests than this one. Shame on him for not writing in order of my preferences. I was two at the time and that&amp;#39;s old enough to want pandering. &lt;/p&gt;\n\n&lt;p&gt;After that, almost all my list is in. Just waiting on Eugene Genovese to show up. The rest:&lt;/p&gt;\n\n&lt;p&gt;&lt;em&gt;The Peculiar Institution&lt;/em&gt; by Kenneth Stampp&lt;/p&gt;\n\n&lt;p&gt;&lt;em&gt;North of Slavery&lt;/em&gt; by Leon Litwack&lt;/p&gt;\n\n&lt;p&gt;&lt;em&gt;The Frontier Against Slavery&lt;/em&gt; by Eugene Berwanger, a surprise addition I literally bought in an insane asylum.&lt;/p&gt;\n\n&lt;p&gt;&lt;em&gt;Slaves Without Masters&lt;/em&gt; by Ira Berlin&lt;/p&gt;\n\n&lt;p&gt;&lt;em&gt;American Slavery&lt;/em&gt; by Peter Kolchin&lt;/p&gt;\n\n&lt;p&gt;I think I&amp;#39;m going to take them in that order, but I may read Litwack and Berlin back to back to capture more of the free black experience in one go. All of this plus Genovese should keep me going well into September.&lt;/p&gt;\n&lt;/div&gt;", "stickied": false, "subreddit_type": "public", "can_gild": true, "subreddit": "AskHistorians", "author_flair_text_color": null, "score_hidden": false, "permalink": "/r/AskHistorians/comments/6f1cjc/saturday_reading_and_research_june_03_2017/dieqbmw/", "num_reports": null, "name": "t1_dieqbmw", "created": 1496533840.0, "author_flair_text": "Moderator | Antebellum U.S. Slavery Politics", "rte_mode": "markdown", "created_utc": 1496505040.0, "subreddit_name_prefixed": "r/AskHistorians", "controversiality": 0, "depth": 0, "author_flair_background_color": null, "mod_reports": [], "mod_note": null, "distinguished": null}}, {"kind": "t1", "data": {"subreddit_id": "t5_2ssp3", "approved_at_utc": null, "ups": 4, "mod_reason_by": null, "banned_by": null, "author_flair_type": "text", "removal_reason": null, "link_id": "t3_6f1cjc", "author_flair_template_id": null, "likes": null, "no_follow": true, "replies": {"kind": "Listing", "data": {"modhash": "", "dist": null, "children": [{"kind": "t1", "data": {"subreddit_id": "t5_2ssp3", "approved_at_utc": null, "ups": 5, "mod_reason_by": null, "banned_by": null, "author_flair_type": "text", "removal_reason": null, "link_id": "t3_6f1cjc", "author_flair_template_id": null, "likes": null, "no_follow": true, "replies": {"kind": "Listing", "data": {"modhash": "", "dist": null, "children": [{"kind": "t1", "data": {"subreddit_id": "t5_2ssp3", "approved_at_utc": null, "ups": 4, "mod_reason_by": null, "banned_by": null, "author_flair_type": "text", "removal_reason": null, "link_id": "t3_6f1cjc", "author_flair_template_id": null, "likes": null, "no_follow": true, "replies": "", "user_reports": [], "saved": false, "id": "dif6nep", "banned_at_utc": null, "mod_reason_title": null, "gilded": 0, "archived": true, "report_reasons": null, "author": "FabulousGoat", "can_mod_post": false, "send_replies": true, "parent_id": "t1_dif5ohm", "score": 4, "approved_by": null, "downs": 0, "body": "Thank you very much!", "edited": false, "author_flair_css_class": null, "collapsed": false, "author_flair_richtext": [], "is_submitter": false, "collapsed_reason": null, "body_html": "&lt;div class=\"md\"&gt;&lt;p&gt;Thank you very much!&lt;/p&gt;\n&lt;/div&gt;", "stickied": false, "subreddit_type": "public", "can_gild": true, "subreddit": "AskHistorians", "author_flair_text_color": null, "score_hidden": false, "permalink": "/r/AskHistorians/comments/6f1cjc/saturday_reading_and_research_june_03_2017/dif6nep/", "num_reports": null, "name": "t1_dif6nep", "created": 1496556806.0, "author_flair_text": null, "rte_mode": "markdown", "created_utc": 1496528006.0, "subreddit_name_prefixed": "r/AskHistorians", "controversiality": 0, "depth": 2, "author_flair_background_color": null, "mod_reports": [], "mod_note": null, "distinguished": null}}], "after": null, "before": null}}, "user_reports": [], "saved": false, "id": "dif5ohm", "banned_at_utc": null, "mod_reason_title": null, "gilded": 0, "archived": true, "report_reasons": null, "author": "matt_will", "can_mod_post": false, "send_replies": true, "parent_id": "t1_diez4fs", "score": 5, "approved_by": null, "downs": 0, "body": "For the Enlightenment, John Robertson's 'A Very Short Introduction to the Enlightenment' is a good summary without getting really bogged down in interpretations. \n\nDorinda Outram's 'The Enlightenment' is a bit more detailed.\n\nThese would be good to start and get an idea of the major points of interpretation.\n\nFor the French Revolution there is W. Doyle's 'Origins of the French Revolution' but doesn't get into every aspect as well as some more specific works. \n\nT. C. W. Blanning, 'The Power of Culture and the Culture of Power' can help with public opinion (also covers the Enlightenment).\n\nMore 'classic' interpretations by A. Cobban, F. Furet, G. Lefebvre, S. Soubol, K. M. Baker and others - there are problems (probably, I don't know too much about the historiography of the FR, beyond that there's a lot of it) with each but there's a lot on the Revolution.\nT. C. W. Blanning, 'The Power of Culture and the Culture of Power' can help with public opinion (also covers the Enlightenment).\n\nFor the Napoleonic Wars\n\nPaul Schroeder's 'The Transformation of European Politics, 1763-1848' has about 400 pages on the Revolutionary and Napoleonic Wars so is very detailed and not great for an overview, and is the most up-to-date.\nGeoffrey Ellis' 'The Napoleonic Empire' also gives a good overview, but is also not new.\n\nFor contemporary authors, there's Elizabeth Gaskell ('Mary Barton', 'North and South'); Benjamin Disraeli (the Prime Minister, not sure what of his works to recommend though); the Brontes as well; \n\nThomas Carlyle; and John Stuart Mill were both more 'intellectual' in their topics over fiction.\n\nBunyan's 'Pilgrim's Progress'; and Daniel Defoe's 'Robinson Crusoe' were (along with the Bible) the most popular books for the working classes in the 18th century.\n\nI hope that helps, there are a lot of other books but I think these give a good direction.\n", "edited": false, "author_flair_css_class": null, "collapsed": false, "author_flair_richtext": [], "is_submitter": false, "collapsed_reason": null, "body_html": "&lt;div class=\"md\"&gt;&lt;p&gt;For the Enlightenment, John Robertson&amp;#39;s &amp;#39;A Very Short Introduction to the Enlightenment&amp;#39; is a good summary without getting really bogged down in interpretations. &lt;/p&gt;\n\n&lt;p&gt;Dorinda Outram&amp;#39;s &amp;#39;The Enlightenment&amp;#39; is a bit more detailed.&lt;/p&gt;\n\n&lt;p&gt;These would be good to start and get an idea of the major points of interpretation.&lt;/p&gt;\n\n&lt;p&gt;For the French Revolution there is W. Doyle&amp;#39;s &amp;#39;Origins of the French Revolution&amp;#39; but doesn&amp;#39;t get into every aspect as well as some more specific works. &lt;/p&gt;\n\n&lt;p&gt;T. C. W. Blanning, &amp;#39;The Power of Culture and the Culture of Power&amp;#39; can help with public opinion (also covers the Enlightenment).&lt;/p&gt;\n\n&lt;p&gt;More &amp;#39;classic&amp;#39; interpretations by A. Cobban, F. Furet, G. Lefebvre, S. Soubol, K. M. Baker and others - there are problems (probably, I don&amp;#39;t know too much about the historiography of the FR, beyond that there&amp;#39;s a lot of it) with each but there&amp;#39;s a lot on the Revolution.\nT. C. W. Blanning, &amp;#39;The Power of Culture and the Culture of Power&amp;#39; can help with public opinion (also covers the Enlightenment).&lt;/p&gt;\n\n&lt;p&gt;For the Napoleonic Wars&lt;/p&gt;\n\n&lt;p&gt;Paul Schroeder&amp;#39;s &amp;#39;The Transformation of European Politics, 1763-1848&amp;#39; has about 400 pages on the Revolutionary and Napoleonic Wars so is very detailed and not great for an overview, and is the most up-to-date.\nGeoffrey Ellis&amp;#39; &amp;#39;The Napoleonic Empire&amp;#39; also gives a good overview, but is also not new.&lt;/p&gt;\n\n&lt;p&gt;For contemporary authors, there&amp;#39;s Elizabeth Gaskell (&amp;#39;Mary Barton&amp;#39;, &amp;#39;North and South&amp;#39;); Benjamin Disraeli (the Prime Minister, not sure what of his works to recommend though); the Brontes as well; &lt;/p&gt;\n\n&lt;p&gt;Thomas Carlyle; and John Stuart Mill were both more &amp;#39;intellectual&amp;#39; in their topics over fiction.&lt;/p&gt;\n\n&lt;p&gt;Bunyan&amp;#39;s &amp;#39;Pilgrim&amp;#39;s Progress&amp;#39;; and Daniel Defoe&amp;#39;s &amp;#39;Robinson Crusoe&amp;#39; were (along with the Bible) the most popular books for the working classes in the 18th century.&lt;/p&gt;\n\n&lt;p&gt;I hope that helps, there are a lot of other books but I think these give a good direction.&lt;/p&gt;\n&lt;/div&gt;", "stickied": false, "subreddit_type": "public", "can_gild": true, "subreddit": "AskHistorians", "author_flair_text_color": null, "score_hidden": false, "permalink": "/r/AskHistorians/comments/6f1cjc/saturday_reading_and_research_june_03_2017/dif5ohm/", "num_reports": null, "name": "t1_dif5ohm", "created": 1496555446.0, "author_flair_text": null, "rte_mode": "markdown", "created_utc": 1496526646.0, "subreddit_name_prefixed": "r/AskHistorians", "controversiality": 0, "depth": 1, "author_flair_background_color": null, "mod_reports": [], "mod_note": null, "distinguished": null}}], "after": null, "before": null}}, "user_reports": [], "saved": false, "id": "diez4fs", "banned_at_utc": null, "mod_reason_title": null, "gilded": 0, "archived": true, "report_reasons": null, "author": "FabulousGoat", "can_mod_post": false, "send_replies": true, "parent_id": "t3_6f1cjc", "score": 4, "approved_by": null, "downs": 0, "body": "Hello,\n\nI'm here to request aid in the search for books regarding a few different topics. Little context before I go further: I enjoy writing and drawing and have a passion for history, and I've been wanting to combine the three into one hobby, which has manifested as the project of creating a low-fantasy, steampunk, heavily historically inspired world. \n\nFor the purpose of making this world more authentic, sophisticated and giving in more nuance, I need to widen my historical understanding created by school, documentaries and wikipedia. Therefore, I'm looking for help finding very analytical, professional and advanced books by professors and experts for the following subjects:\n\n17th-19th Century Societies of European countries like Britain, France or German regions (what moved people, how did they see the world, their political view, stuff like that)\n\nThe Enlightenment and its protagonists\n\nTechnological advancement during the Industrial Revolution, or something on the Industrial Revolution across Europe and the Industrial Age itself.\n\nA good, detailed book (or probably a series of books, that'd be the only thing to do it justice) about the French Revolution.\n\nBritain before and during the Industrial Revolution, something looking at the British Empire as a whole would be nice, too. \n\nThe Colonialisation of the Americas\n\nSomething going into detail about the history of the British Royal Navy and how it operated.\n\nThe Napoleonic Wars.\n\nFurthermore, a few recommendations for books written by British authors alive in those times, such as Charles Dickens, to give it little more flavour would be appreciated.\n\nThis is probably a lot and I don't expect anyone to give me a full list for every subject, but if you have any one book you can recommend that sheds light into one of them, I would already be very thankful for that.\n", "edited": false, "author_flair_css_class": null, "collapsed": false, "author_flair_richtext": [], "is_submitter": false, "collapsed_reason": null, "body_html": "&lt;div class=\"md\"&gt;&lt;p&gt;Hello,&lt;/p&gt;\n\n&lt;p&gt;I&amp;#39;m here to request aid in the search for books regarding a few different topics. Little context before I go further: I enjoy writing and drawing and have a passion for history, and I&amp;#39;ve been wanting to combine the three into one hobby, which has manifested as the project of creating a low-fantasy, steampunk, heavily historically inspired world. &lt;/p&gt;\n\n&lt;p&gt;For the purpose of making this world more authentic, sophisticated and giving in more nuance, I need to widen my historical understanding created by school, documentaries and wikipedia. Therefore, I&amp;#39;m looking for help finding very analytical, professional and advanced books by professors and experts for the following subjects:&lt;/p&gt;\n\n&lt;p&gt;17th-19th Century Societies of European countries like Britain, France or German regions (what moved people, how did they see the world, their political view, stuff like that)&lt;/p&gt;\n\n&lt;p&gt;The Enlightenment and its protagonists&lt;/p&gt;\n\n&lt;p&gt;Technological advancement during the Industrial Revolution, or something on the Industrial Revolution across Europe and the Industrial Age itself.&lt;/p&gt;\n\n&lt;p&gt;A good, detailed book (or probably a series of books, that&amp;#39;d be the only thing to do it justice) about the French Revolution.&lt;/p&gt;\n\n&lt;p&gt;Britain before and during the Industrial Revolution, something looking at the British Empire as a whole would be nice, too. &lt;/p&gt;\n\n&lt;p&gt;The Colonialisation of the Americas&lt;/p&gt;\n\n&lt;p&gt;Something going into detail about the history of the British Royal Navy and how it operated.&lt;/p&gt;\n\n&lt;p&gt;The Napoleonic Wars.&lt;/p&gt;\n\n&lt;p&gt;Furthermore, a few recommendations for books written by British authors alive in those times, such as Charles Dickens, to give it little more flavour would be appreciated.&lt;/p&gt;\n\n&lt;p&gt;This is probably a lot and I don&amp;#39;t expect anyone to give me a full list for every subject, but if you have any one book you can recommend that sheds light into one of them, I would already be very thankful for that.&lt;/p&gt;\n&lt;/div&gt;", "stickied": false, "subreddit_type": "public", "can_gild": true, "subreddit": "AskHistorians", "author_flair_text_color": null, "score_hidden": false, "permalink": "/r/AskHistorians/comments/6f1cjc/saturday_reading_and_research_june_03_2017/diez4fs/", "num_reports": null, "name": "t1_diez4fs", "created": 1496546402.0, "author_flair_text": null, "rte_mode": "markdown", "created_utc": 1496517602.0, "subreddit_name_prefixed": "r/AskHistorians", "controversiality": 0, "depth": 0, "author_flair_background_color": null, "mod_reports": [], "mod_note": null, "distinguished": null}}, {"kind": "t1", "data": {"subreddit_id": "t5_2ssp3", "approved_at_utc": null, "ups": 5, "mod_reason_by": null, "banned_by": null, "author_flair_type": "richtext", "removal_reason": null, "link_id": "t3_6f1cjc", "author_flair_template_id": null, "likes": null, "no_follow": true, "replies": "", "user_reports": [], "saved": false, "id": "difl6py", "banned_at_utc": null, "mod_reason_title": null, "gilded": 0, "archived": true, "report_reasons": null, "author": "NientedeNada", "can_mod_post": false, "send_replies": true, "parent_id": "t3_6f1cjc", "score": 5, "approved_by": null, "downs": 0, "body": "I finally sat down to fully read the first chapter of a book I'd ordered from the library a while ago. *Yasukuni Shrine: History, Memory, and Japan's Unending Postwar* by Akiko Takenaka. Now, I'd got the book for the first chapter which is about my biggest area of interest: the Bakumatsu and the Boshin war, but the entire book seems like it'll be a great read for understanding a very thorny issue. \n\nYasukuni Shrine's controversy today is in its enshrining of Class A War criminals and the apologetics of the shrine and the museum for Japanese nationalist history. But its early history is pretty troubled as well. It enshrined the dead of one side in the Boshin War: the victorious Imperial side, while at the same time, the dead of the opposing side in Aizu were refused burial for five months, the bodies left to rot and stink in the open. When peasants tried to bury the bodies, the Imperial army dug them up again. When the permission was at last given to bury the bodies, they were tipped into mass graves, and the Imperial army destroyed the shrine and markers that were erected over them. \n\nThis ugly episode is mentioned in other books but Takenaka's given the most details of any English-language writer, and explores the two posthumous experiences of Boshin war dead: enshrined in Yasukuni vs. refused burial/memorialization, as two sides of the new state's move towards controlling the narrative of death in war, and taking away the dead from their families, who had in early centuries always been the ones who controlled how they honoured and grieved their own dead. \n\nI'm looking forward to seeing how she develops the theme with the unfolding history of Yasukuni in future chapters.", "edited": false, "author_flair_css_class": "asia", "collapsed": false, "author_flair_richtext": [{"e": "text", "t": "Late Edo Period | Meiji Restoration"}], "is_submitter": false, "collapsed_reason": null, "body_html": "&lt;div class=\"md\"&gt;&lt;p&gt;I finally sat down to fully read the first chapter of a book I&amp;#39;d ordered from the library a while ago. &lt;em&gt;Yasukuni Shrine: History, Memory, and Japan&amp;#39;s Unending Postwar&lt;/em&gt; by Akiko Takenaka. Now, I&amp;#39;d got the book for the first chapter which is about my biggest area of interest: the Bakumatsu and the Boshin war, but the entire book seems like it&amp;#39;ll be a great read for understanding a very thorny issue. &lt;/p&gt;\n\n&lt;p&gt;Yasukuni Shrine&amp;#39;s controversy today is in its enshrining of Class A War criminals and the apologetics of the shrine and the museum for Japanese nationalist history. But its early history is pretty troubled as well. It enshrined the dead of one side in the Boshin War: the victorious Imperial side, while at the same time, the dead of the opposing side in Aizu were refused burial for five months, the bodies left to rot and stink in the open. When peasants tried to bury the bodies, the Imperial army dug them up again. When the permission was at last given to bury the bodies, they were tipped into mass graves, and the Imperial army destroyed the shrine and markers that were erected over them. &lt;/p&gt;\n\n&lt;p&gt;This ugly episode is mentioned in other books but Takenaka&amp;#39;s given the most details of any English-language writer, and explores the two posthumous experiences of Boshin war dead: enshrined in Yasukuni vs. refused burial/memorialization, as two sides of the new state&amp;#39;s move towards controlling the narrative of death in war, and taking away the dead from their families, who had in early centuries always been the ones who controlled how they honoured and grieved their own dead. &lt;/p&gt;\n\n&lt;p&gt;I&amp;#39;m looking forward to seeing how she develops the theme with the unfolding history of Yasukuni in future chapters.&lt;/p&gt;\n&lt;/div&gt;", "stickied": false, "subreddit_type": "public", "can_gild": true, "subreddit": "AskHistorians", "author_flair_text_color": null, "score_hidden": false, "permalink": "/r/AskHistorians/comments/6f1cjc/saturday_reading_and_research_june_03_2017/difl6py/", "num_reports": null, "name": "t1_difl6py", "created": 1496578672.0, "author_flair_text": "Late Edo Period | Meiji Restoration", "rte_mode": "markdown", "created_utc": 1496549872.0, "subreddit_name_prefixed": "r/AskHistorians", "controversiality": 0, "depth": 0, "author_flair_background_color": null, "mod_reports": [], "mod_note": null, "distinguished": null}}, {"kind": "t1", "data": {"subreddit_id": "t5_2ssp3", "approved_at_utc": null, "ups": 2, "mod_reason_by": null, "banned_by": null, "author_flair_type": "text", "removal_reason": null, "link_id": "t3_6f1cjc", "author_flair_template_id": null, "likes": null, "no_follow": true, "replies": "", "user_reports": [], "saved": false, "id": "difhrpd", "banned_at_utc": null, "mod_reason_title": null, "gilded": 0, "archived": true, "report_reasons": null, "author": "corruptrevolutionary", "can_mod_post": false, "send_replies": true, "parent_id": "t3_6f1cjc", "score": 2, "approved_by": null, "downs": 0, "body": "I just ordered the Doctrine of Fascism by Mussolini but is there any other key texts that detail the reasoning of the ideology and philosophy of Fascism *(\u00bfClassical Fascism?)*", "edited": false, "author_flair_css_class": null, "collapsed": false, "author_flair_richtext": [], "is_submitter": false, "collapsed_reason": null, "body_html": "&lt;div class=\"md\"&gt;&lt;p&gt;I just ordered the Doctrine of Fascism by Mussolini but is there any other key texts that detail the reasoning of the ideology and philosophy of Fascism &lt;em&gt;(\u00bfClassical Fascism?)&lt;/em&gt;&lt;/p&gt;\n&lt;/div&gt;", "stickied": false, "subreddit_type": "public", "can_gild": true, "subreddit": "AskHistorians", "author_flair_text_color": null, "score_hidden": false, "permalink": "/r/AskHistorians/comments/6f1cjc/saturday_reading_and_research_june_03_2017/difhrpd/", "num_reports": null, "name": "t1_difhrpd", "created": 1496573131.0, "author_flair_text": null, "rte_mode": "markdown", "created_utc": 1496544331.0, "subreddit_name_prefixed": "r/AskHistorians", "controversiality": 0, "depth": 0, "author_flair_background_color": null, "mod_reports": [], "mod_note": null, "distinguished": null}}, {"kind": "t1", "data": {"subreddit_id": "t5_2ssp3", "approved_at_utc": null, "ups": 2, "mod_reason_by": null, "banned_by": null, "author_flair_type": "text", "removal_reason": null, "link_id": "t3_6f1cjc", "author_flair_template_id": null, "likes": null, "no_follow": true, "replies": {"kind": "Listing", "data": {"modhash": "", "dist": null, "children": [{"kind": "t1", "data": {"subreddit_id": "t5_2ssp3", "approved_at_utc": null, "ups": 4, "mod_reason_by": null, "banned_by": null, "author_flair_type": "richtext", "removal_reason": null, "link_id": "t3_6f1cjc", "author_flair_template_id": "9e641f94-c626-11e2-8e2c-12313b0b21ae", "likes": null, "no_follow": true, "replies": {"kind": "Listing", "data": {"modhash": "", "dist": null, "children": [{"kind": "t1", "data": {"subreddit_id": "t5_2ssp3", "approved_at_utc": null, "ups": 1, "mod_reason_by": null, "banned_by": null, "author_flair_type": "text", "removal_reason": null, "link_id": "t3_6f1cjc", "author_flair_template_id": null, "likes": null, "no_follow": true, "replies": "", "user_reports": [], "saved": false, "id": "digoxsp", "banned_at_utc": null, "mod_reason_title": null, "gilded": 0, "archived": true, "report_reasons": null, "author": "nathan500", "can_mod_post": false, "send_replies": true, "parent_id": "t1_difxea6", "score": 1, "approved_by": null, "downs": 0, "body": "Thank you ", "edited": false, "author_flair_css_class": null, "collapsed": false, "author_flair_richtext": [], "is_submitter": false, "collapsed_reason": null, "body_html": "&lt;div class=\"md\"&gt;&lt;p&gt;Thank you &lt;/p&gt;\n&lt;/div&gt;", "stickied": false, "subreddit_type": "public", "can_gild": true, "subreddit": "AskHistorians", "author_flair_text_color": null, "score_hidden": false, "permalink": "/r/AskHistorians/comments/6f1cjc/saturday_reading_and_research_june_03_2017/digoxsp/", "num_reports": null, "name": "t1_digoxsp", "created": 1496648016.0, "author_flair_text": null, "rte_mode": "markdown", "created_utc": 1496619216.0, "subreddit_name_prefixed": "r/AskHistorians", "controversiality": 0, "depth": 2, "author_flair_background_color": null, "mod_reports": [], "mod_note": null, "distinguished": null}}], "after": null, "before": null}}, "user_reports": [], "saved": false, "id": "difxea6", "banned_at_utc": null, "mod_reason_title": null, "gilded": 0, "archived": true, "report_reasons": null, "author": "Georgy_K_Zhukov", "can_mod_post": false, "send_replies": true, "parent_id": "t1_difrbhb", "score": 4, "approved_by": null, "downs": 0, "body": "Just a general history? Then it is hard to do better than James McPherson's \"Battle Cry of Freedom\".", "edited": false, "author_flair_css_class": "moderator", "collapsed": false, "author_flair_richtext": [{"e": "text", "t": "Moderator | Post-Napoleonic Warfare &amp; Small Arms | Dueling"}], "is_submitter": false, "collapsed_reason": null, "body_html": "&lt;div class=\"md\"&gt;&lt;p&gt;Just a general history? Then it is hard to do better than James McPherson&amp;#39;s &amp;quot;Battle Cry of Freedom&amp;quot;.&lt;/p&gt;\n&lt;/div&gt;", "stickied": false, "subreddit_type": "public", "can_gild": true, "subreddit": "AskHistorians", "author_flair_text_color": "light", "score_hidden": false, "permalink": "/r/AskHistorians/comments/6f1cjc/saturday_reading_and_research_june_03_2017/difxea6/", "num_reports": null, "name": "t1_difxea6", "created": 1496609992.0, "author_flair_text": "Moderator | Post-Napoleonic Warfare &amp; Small Arms | Dueling", "rte_mode": "markdown", "created_utc": 1496581192.0, "subreddit_name_prefixed": "r/AskHistorians", "controversiality": 0, "depth": 1, "author_flair_background_color": "#8b008b", "mod_reports": [], "mod_note": null, "distinguished": null}}], "after": null, "before": null}}, "user_reports": [], "saved": false, "id": "difrbhb", "banned_at_utc": null, "mod_reason_title": null, "gilded": 0, "archived": true, "report_reasons": null, "author": "nathan500", "can_mod_post": false, "send_replies": true, "parent_id": "t3_6f1cjc", "score": 2, "approved_by": null, "downs": 0, "body": "Anyone know of a good book on the America Civil War? ", "edited": false, "author_flair_css_class": null, "collapsed": false, "author_flair_richtext": [], "is_submitter": false, "collapsed_reason": null, "body_html": "&lt;div class=\"md\"&gt;&lt;p&gt;Anyone know of a good book on the America Civil War? &lt;/p&gt;\n&lt;/div&gt;", "stickied": false, "subreddit_type": "public", "can_gild": true, "subreddit": "AskHistorians", "author_flair_text_color": null, "score_hidden": false, "permalink": "/r/AskHistorians/comments/6f1cjc/saturday_reading_and_research_june_03_2017/difrbhb/", "num_reports": null, "name": "t1_difrbhb", "created": 1496592808.0, "author_flair_text": null, "rte_mode": "markdown", "created_utc": 1496564008.0, "subreddit_name_prefixed": "r/AskHistorians", "controversiality": 0, "depth": 0, "author_flair_background_color": null, "mod_reports": [], "mod_note": null, "distinguished": null}}], "after": null, "before": null}}]