[{"kind": "Listing", "data": {"modhash": "", "dist": 1, "children": [{"kind": "t3", "data": {"approved_at_utc": null, "subreddit": "AskHistorians", "selftext": "", "user_reports": [], "saved": false, "mod_reason_title": null, "gilded": 0, "clicked": false, "title": "'A People's History of the United States', published in 1980, offers a socialist perspective on American history. How was it received in the Soviet Union/Communist Bloc?", "link_flair_richtext": [{"e": "text", "t": "Great Question!"}], "subreddit_name_prefixed": "r/AskHistorians", "hidden": false, "pwls": 6, "link_flair_css_class": "great", "downs": 0, "parent_whitelist_status": "all_ads", "hide_score": false, "name": "t3_abp8jn", "quarantine": false, "link_flair_text_color": "dark", "upvote_ratio": 0.85, "author_flair_background_color": null, "subreddit_type": "public", "ups": 89, "total_awards_received": 0, "media_embed": {}, "author_flair_template_id": null, "is_original_content": false, "author_fullname": "t2_mnwk7dp", "secure_media": null, "is_reddit_media_domain": false, "is_meta": false, "category": null, "secure_media_embed": {}, "link_flair_text": "Great Question!", "can_mod_post": false, "num_duplicates": 0, "approved_by": null, "author_premium": false, "thumbnail": "", "edited": false, "author_flair_css_class": null, "author_flair_richtext": [], "gildings": {}, "content_categories": null, "is_self": true, "mod_note": null, "created": 1546427515.0, "link_flair_type": "richtext", "wls": 6, "removed_by_category": null, "banned_by": null, "author_flair_type": "text", "domain": "self.AskHistorians", "allow_live_comments": true, "selftext_html": null, "likes": null, "suggested_sort": null, "banned_at_utc": null, "view_count": null, "archived": true, "score": 89, "no_follow": false, "is_crosspostable": false, "pinned": false, "over_18": false, "all_awardings": [], "awarders": [], "media_only": false, "link_flair_template_id": "3f313e3e-9034-11e8-88ba-0e0ff7ad94ec", "can_gild": false, "spoiler": false, "locked": false, "author_flair_text": null, "treatment_tags": [], "visited": false, "removed_by": null, "num_reports": null, "distinguished": null, "subreddit_id": "t5_2ssp3", "mod_reason_by": null, "removal_reason": null, "link_flair_background_color": "#7dcfb2", "id": "abp8jn", "is_robot_indexable": true, "report_reasons": null, "author": "jhuro17", "discussion_type": null, "num_comments": 1, "send_replies": true, "media": null, "contest_mode": false, "author_patreon_flair": false, "author_flair_text_color": null, "permalink": "/r/AskHistorians/comments/abp8jn/a_peoples_history_of_the_united_states_published/", "whitelist_status": "all_ads", "stickied": false, "url": "https://www.reddit.com/r/AskHistorians/comments/abp8jn/a_peoples_history_of_the_united_states_published/", "subreddit_subscribers": 1160608, "created_utc": 1546398715.0, "num_crossposts": 0, "mod_reports": [], "is_video": false}}], "after": null, "before": null}}, {"kind": "Listing", "data": {"modhash": "", "dist": null, "children": [{"kind": "t1", "data": {"total_awards_received": 0, "approved_at_utc": null, "ups": 29, "awarders": [], "mod_reason_by": null, "banned_by": null, "author_flair_type": "richtext", "removal_reason": null, "link_id": "t3_abp8jn", "author_flair_template_id": "7b2f3f40-c626-11e2-9a3e-12313d1841d1", "likes": null, "replies": "", "user_reports": [], "saved": false, "id": "ed24yfh", "banned_at_utc": null, "mod_reason_title": null, "gilded": 0, "archived": true, "no_follow": false, "author": "Kochevnik81", "can_mod_post": false, "send_replies": true, "parent_id": "t3_abp8jn", "score": 29, "author_fullname": "t2_168sly", "report_reasons": null, "approved_by": null, "all_awardings": [], "subreddit_id": "t5_2ssp3", "body": "I don't want to claim this as a definitive answer, but from what I can glean from this [article](http://archive.oah.org/textbooks/2010/kurilla.html) on the history of teaching US history in Russia, *People's History* was translated into Russian in 2006 - sponsored by the Bureau of Educational and Cultural Affairs at the US Embassy. \n\nThe specific context of the 2000s might lie outside of the limits of the 20 year rule, but that article notes that access to American historical sources of any kind was severely limited during the Cold War (Zinn may have been a socialist but the book was less than effusive in its praise for the USSR), and what American studies was permitted tended to focus on specifically socio-economic issues. \n\nTranslations of American histories into Russian only really began to take off in the early 1990s, and at that point the bigger issue (first from economic difficulties, then from disillusionment with the US) was to get Russian students engaged *at all* with American history, hence the willingness of the US government to pay for the translation of a critical history of it.", "edited": false, "downs": 0, "author_flair_css_class": null, "is_submitter": false, "collapsed": false, "author_flair_richtext": [{"e": "text", "t": "Soviet Union &amp; Post-Soviet States | Modern Central Asia"}], "author_patreon_flair": false, "body_html": "&lt;div class=\"md\"&gt;&lt;p&gt;I don&amp;#39;t want to claim this as a definitive answer, but from what I can glean from this &lt;a href=\"http://archive.oah.org/textbooks/2010/kurilla.html\"&gt;article&lt;/a&gt; on the history of teaching US history in Russia, &lt;em&gt;People&amp;#39;s History&lt;/em&gt; was translated into Russian in 2006 - sponsored by the Bureau of Educational and Cultural Affairs at the US Embassy. &lt;/p&gt;\n\n&lt;p&gt;The specific context of the 2000s might lie outside of the limits of the 20 year rule, but that article notes that access to American historical sources of any kind was severely limited during the Cold War (Zinn may have been a socialist but the book was less than effusive in its praise for the USSR), and what American studies was permitted tended to focus on specifically socio-economic issues. &lt;/p&gt;\n\n&lt;p&gt;Translations of American histories into Russian only really began to take off in the early 1990s, and at that point the bigger issue (first from economic difficulties, then from disillusionment with the US) was to get Russian students engaged &lt;em&gt;at all&lt;/em&gt; with American history, hence the willingness of the US government to pay for the translation of a critical history of it.&lt;/p&gt;\n&lt;/div&gt;", "gildings": {}, "collapsed_reason": null, "associated_award": null, "stickied": false, "author_premium": false, "subreddit_type": "public", "can_gild": true, "subreddit": "AskHistorians", "author_flair_text_color": "light", "score_hidden": false, "permalink": "/r/AskHistorians/comments/abp8jn/a_peoples_history_of_the_united_states_published/ed24yfh/", "num_reports": null, "locked": false, "name": "t1_ed24yfh", "created": 1546431301.0, "author_flair_text": "Soviet Union &amp; Post-Soviet States | Modern Central Asia", "treatment_tags": [], "created_utc": 1546402501.0, "subreddit_name_prefixed": "r/AskHistorians", "controversiality": 0, "depth": 0, "author_flair_background_color": "#003399", "collapsed_because_crowd_control": null, "mod_reports": [], "mod_note": null, "distinguished": null}}], "after": null, "before": null}}]