[{"kind": "Listing", "data": {"modhash": "", "dist": 1, "children": [{"kind": "t3", "data": {"approved_at_utc": null, "subreddit": "AskHistorians", "selftext": "Much is made of how impressive the roads, aqueducts, building materials are, but who actually designed them? And as a followup, who mandated their construction?", "user_reports": [], "saved": false, "mod_reason_title": null, "gilded": 0, "clicked": false, "title": "Who was responsible for the design of ancient Roman infrastructure?", "link_flair_richtext": [], "subreddit_name_prefixed": "r/AskHistorians", "hidden": false, "pwls": 6, "link_flair_css_class": null, "downs": 0, "parent_whitelist_status": "all_ads", "hide_score": false, "name": "t3_abutvw", "quarantine": false, "link_flair_text_color": "dark", "upvote_ratio": 0.72, "author_flair_background_color": null, "subreddit_type": "public", "ups": 3, "domain": "self.AskHistorians", "media_embed": {}, "author_flair_template_id": null, "is_original_content": false, "author_fullname": "t2_16o44oja", "secure_media": null, "is_reddit_media_domain": false, "is_meta": false, "category": null, "secure_media_embed": {}, "link_flair_text": null, "can_mod_post": false, "score": 3, "approved_by": null, "thumbnail": "", "edited": false, "author_flair_css_class": null, "author_flair_richtext": [], "gildings": {"gid_1": 0, "gid_2": 0, "gid_3": 0}, "content_categories": null, "is_self": true, "mod_note": null, "created": 1546446111.0, "link_flair_type": "text", "wls": 6, "banned_by": null, "author_flair_type": "text", "contest_mode": false, "selftext_html": "&lt;!-- SC_OFF --&gt;&lt;div class=\"md\"&gt;&lt;p&gt;Much is made of how impressive the roads, aqueducts, building materials are, but who actually designed them? And as a followup, who mandated their construction?&lt;/p&gt;\n&lt;/div&gt;&lt;!-- SC_ON --&gt;", "likes": null, "suggested_sort": null, "banned_at_utc": null, "view_count": null, "archived": false, "no_follow": true, "is_crosspostable": false, "pinned": false, "over_18": false, "media": null, "media_only": false, "link_flair_template_id": null, "can_gild": false, "spoiler": false, "locked": false, "author_flair_text": null, "visited": false, "num_reports": null, "distinguished": null, "subreddit_id": "t5_2ssp3", "mod_reason_by": null, "removal_reason": null, "link_flair_background_color": "", "id": "abutvw", "is_robot_indexable": true, "report_reasons": null, "author": "TomFay", "num_crossposts": 0, "num_comments": 1, "send_replies": true, "author_patreon_flair": false, "author_flair_text_color": null, "permalink": "/r/AskHistorians/comments/abutvw/who_was_responsible_for_the_design_of_ancient/", "whitelist_status": "all_ads", "stickied": false, "url": "https://www.reddit.com/r/AskHistorians/comments/abutvw/who_was_responsible_for_the_design_of_ancient/", "subreddit_subscribers": 917800, "created_utc": 1546446111.0, "mod_reports": [], "is_video": false}}], "after": null, "before": null}}, {"kind": "Listing", "data": {"modhash": "", "dist": null, "children": [{"kind": "t1", "data": {"subreddit_id": "t5_2ssp3", "approved_at_utc": null, "mod_reason_by": null, "banned_by": null, "author_flair_type": "text", "removal_reason": null, "link_id": "t3_abutvw", "author_flair_template_id": null, "likes": null, "no_follow": true, "replies": "", "user_reports": [], "saved": false, "id": "ed4ebkr", "banned_at_utc": null, "mod_reason_title": null, "gilded": 0, "archived": false, "report_reasons": null, "author": "Alkibiades415", "can_mod_post": false, "created_utc": 1546481573.0, "send_replies": true, "parent_id": "t3_abutvw", "score": 4, "author_fullname": "t2_a2lxb", "approved_by": null, "controversiality": 0, "body": "Architects were responsible usually for both the design and the execution (management) of monumental building in Roman times. They were nearly always working under the commission of a patron (either one of the elite, or else a king or emperor). The architect was almost always a Roman or a Greek person, though the distinction is pretty fluid.  For instance, two famous examples:\n\nDecimus Cossutius was an architect who worked for Antiochus IV Epiphanes, the Hellenistic Seleucid dynast of Syria. He was a Roman, probably from Campania, as confirmed by an inscription about him found in Greece and still extant. We know nothing about the who/what/when/where/how of his training in this profession, but after him we see several Cossutii in the same business, and we often see \"skill\" positions like this handed down through families. Antiochus hired him in the 160s BCE to finish the long-abandoned great temple of Zeus at Athens, and this was one of the most prestigious architectural tasks of the day. \n\nHermodorus of Salamis was a Greek, from the western isles, and he did architecture at Rome. Around 143 BCE, the famous triumphal general Q. Metellus Macedonicus hired him to build the Temple of Jupiter Stator in Rome.  It was the first fully marble building in the capital, made possible by Rome's recent...acquirement of the best marble quarries in the eastern Mediterranean. Metellus competed with other prominent Roman aristocrats for the services of the Greek person, and the construction of buildings for the beautification of the city was an important route through which Roman elites displayed their importance and prestige.  The Greek architect's skill with marble, and his reputation, no doubt made him highly desirable for his services.  \n\nWe know of both of these guys through ancient sources: the Roman author-architect Vitruvius, and some other, later, historians like Velleius Paterculus.  Sometimes we find their names recorded on inscriptions placed on the buildings they designed or built, along with their patrons. \n\nWhen the system of emperors took over, they became (obviously) the most important architectural patron, and the majority of the major building programs in the capital stem ultimately from them from that point onward. Private commissions still persisted, however, even into the late antique period, where we find the Church increasingly becoming a patron of civic construction. Beyond the capital and out in the provinces, large-scale building was often still initiated by private individuals, but also sometimes by civic collectives in competition with neighboring cities. In their eagerness to out-do neighboring towns and impress the emperor back in Rome, these cities often ruined themselves financially.  Pliny the Younger, while governor in Bithynia, describes how destructive this \"building competition\" could be.  Un-needed aqueducts, temples, and sports arenas were common culprits (compare American professional football stadiums today).  \n\nAs I mentioned above, we know virtually nothing about how architects were trained, or how engineering know-how was transmitted between individuals or generations. In 55 BCE, Caesar ordered his legions to bridge the Rhine, which they did without any apparent trouble. Clearly someone with engineering know-how was there with the army, but we don't know how exactly that worked. I talked about this a lot more [here](https://www.reddit.com/r/AskHistorians/comments/4ui7mi/i_am_a_young_man_in_the_roman_empire_with_a/d5qgg3e/). \n\nFor a great write-up of this topic (including about Cossutius, Hermodorus, and others), see Anderson's chapter \"Architect and Patron\" in the excellent *A Companion to Roman Architecture,* ed. Ulrich and Quenemoen (Blackwell 2014).", "edited": false, "author_flair_css_class": null, "is_submitter": false, "downs": 0, "author_flair_richtext": [], "author_patreon_flair": false, "collapsed_reason": null, "body_html": "&lt;div class=\"md\"&gt;&lt;p&gt;Architects were responsible usually for both the design and the execution (management) of monumental building in Roman times. They were nearly always working under the commission of a patron (either one of the elite, or else a king or emperor). The architect was almost always a Roman or a Greek person, though the distinction is pretty fluid.  For instance, two famous examples:&lt;/p&gt;\n\n&lt;p&gt;Decimus Cossutius was an architect who worked for Antiochus IV Epiphanes, the Hellenistic Seleucid dynast of Syria. He was a Roman, probably from Campania, as confirmed by an inscription about him found in Greece and still extant. We know nothing about the who/what/when/where/how of his training in this profession, but after him we see several Cossutii in the same business, and we often see &amp;quot;skill&amp;quot; positions like this handed down through families. Antiochus hired him in the 160s BCE to finish the long-abandoned great temple of Zeus at Athens, and this was one of the most prestigious architectural tasks of the day. &lt;/p&gt;\n\n&lt;p&gt;Hermodorus of Salamis was a Greek, from the western isles, and he did architecture at Rome. Around 143 BCE, the famous triumphal general Q. Metellus Macedonicus hired him to build the Temple of Jupiter Stator in Rome.  It was the first fully marble building in the capital, made possible by Rome&amp;#39;s recent...acquirement of the best marble quarries in the eastern Mediterranean. Metellus competed with other prominent Roman aristocrats for the services of the Greek person, and the construction of buildings for the beautification of the city was an important route through which Roman elites displayed their importance and prestige.  The Greek architect&amp;#39;s skill with marble, and his reputation, no doubt made him highly desirable for his services.  &lt;/p&gt;\n\n&lt;p&gt;We know of both of these guys through ancient sources: the Roman author-architect Vitruvius, and some other, later, historians like Velleius Paterculus.  Sometimes we find their names recorded on inscriptions placed on the buildings they designed or built, along with their patrons. &lt;/p&gt;\n\n&lt;p&gt;When the system of emperors took over, they became (obviously) the most important architectural patron, and the majority of the major building programs in the capital stem ultimately from them from that point onward. Private commissions still persisted, however, even into the late antique period, where we find the Church increasingly becoming a patron of civic construction. Beyond the capital and out in the provinces, large-scale building was often still initiated by private individuals, but also sometimes by civic collectives in competition with neighboring cities. In their eagerness to out-do neighboring towns and impress the emperor back in Rome, these cities often ruined themselves financially.  Pliny the Younger, while governor in Bithynia, describes how destructive this &amp;quot;building competition&amp;quot; could be.  Un-needed aqueducts, temples, and sports arenas were common culprits (compare American professional football stadiums today).  &lt;/p&gt;\n\n&lt;p&gt;As I mentioned above, we know virtually nothing about how architects were trained, or how engineering know-how was transmitted between individuals or generations. In 55 BCE, Caesar ordered his legions to bridge the Rhine, which they did without any apparent trouble. Clearly someone with engineering know-how was there with the army, but we don&amp;#39;t know how exactly that worked. I talked about this a lot more &lt;a href=\"https://www.reddit.com/r/AskHistorians/comments/4ui7mi/i_am_a_young_man_in_the_roman_empire_with_a/d5qgg3e/\"&gt;here&lt;/a&gt;. &lt;/p&gt;\n\n&lt;p&gt;For a great write-up of this topic (including about Cossutius, Hermodorus, and others), see Anderson&amp;#39;s chapter &amp;quot;Architect and Patron&amp;quot; in the excellent &lt;em&gt;A Companion to Roman Architecture,&lt;/em&gt; ed. Ulrich and Quenemoen (Blackwell 2014).&lt;/p&gt;\n&lt;/div&gt;", "stickied": false, "subreddit_type": "public", "can_gild": true, "gildings": {"gid_1": 0, "gid_2": 0, "gid_3": 0}, "author_flair_text_color": null, "score_hidden": false, "permalink": "/r/AskHistorians/comments/abutvw/who_was_responsible_for_the_design_of_ancient/ed4ebkr/", "num_reports": null, "name": "t1_ed4ebkr", "created": 1546481573.0, "subreddit": "AskHistorians", "author_flair_text": null, "collapsed": false, "subreddit_name_prefixed": "r/AskHistorians", "ups": 4, "depth": 0, "author_flair_background_color": null, "mod_reports": [], "mod_note": null, "distinguished": null}}], "after": null, "before": null}}]