[{"kind": "Listing", "data": {"modhash": "", "dist": 1, "children": [{"kind": "t3", "data": {"approved_at_utc": null, "subreddit": "AskHistorians", "selftext": "Sub question: What was England and France's relationship like during William I's reign? ", "user_reports": [], "saved": false, "mod_reason_title": null, "gilded": 0, "clicked": false, "title": "After William the Conqueror became King of England, was he still a vassal to the King of France as Duke of Normandy?", "link_flair_richtext": [], "subreddit_name_prefixed": "r/AskHistorians", "hidden": false, "pwls": 6, "link_flair_css_class": null, "downs": 0, "parent_whitelist_status": "all_ads", "hide_score": false, "name": "t3_abwsoj", "quarantine": false, "link_flair_text_color": "dark", "upvote_ratio": 0.97, "author_flair_background_color": null, "subreddit_type": "public", "ups": 94, "domain": "self.AskHistorians", "media_embed": {}, "author_flair_template_id": null, "is_original_content": false, "author_fullname": "t2_jrahi", "secure_media": null, "is_reddit_media_domain": false, "is_meta": false, "category": null, "secure_media_embed": {}, "link_flair_text": null, "can_mod_post": false, "score": 94, "approved_by": null, "thumbnail": "", "edited": false, "author_flair_css_class": null, "author_flair_richtext": [], "gildings": {"gid_1": 0, "gid_2": 0, "gid_3": 0}, "content_categories": null, "is_self": true, "mod_note": null, "created": 1546457866.0, "link_flair_type": "text", "wls": 6, "banned_by": null, "author_flair_type": "text", "contest_mode": false, "selftext_html": "&lt;!-- SC_OFF --&gt;&lt;div class=\"md\"&gt;&lt;p&gt;Sub question: What was England and France&amp;#39;s relationship like during William I&amp;#39;s reign? &lt;/p&gt;\n&lt;/div&gt;&lt;!-- SC_ON --&gt;", "likes": null, "suggested_sort": null, "banned_at_utc": null, "view_count": null, "archived": false, "no_follow": false, "is_crosspostable": false, "pinned": false, "over_18": false, "media": null, "media_only": false, "link_flair_template_id": null, "can_gild": false, "spoiler": false, "locked": false, "author_flair_text": null, "visited": false, "num_reports": null, "distinguished": null, "subreddit_id": "t5_2ssp3", "mod_reason_by": null, "removal_reason": null, "link_flair_background_color": "", "id": "abwsoj", "is_robot_indexable": true, "report_reasons": null, "author": "parents_were_cousins", "num_crossposts": 0, "num_comments": 14, "send_replies": true, "author_patreon_flair": false, "author_flair_text_color": null, "permalink": "/r/AskHistorians/comments/abwsoj/after_william_the_conqueror_became_king_of/", "whitelist_status": "all_ads", "stickied": false, "url": "https://www.reddit.com/r/AskHistorians/comments/abwsoj/after_william_the_conqueror_became_king_of/", "subreddit_subscribers": 917800, "created_utc": 1546457866.0, "mod_reports": [], "is_video": false}}], "after": null, "before": null}}, {"kind": "Listing", "data": {"modhash": "", "dist": null, "children": [{"kind": "t1", "data": {"subreddit_id": "t5_2ssp3", "approved_at_utc": null, "mod_reason_by": null, "banned_by": null, "removal_reason": null, "link_id": "t3_abwsoj", "author_flair_template_id": null, "likes": null, "no_follow": true, "replies": {"kind": "Listing", "data": {"modhash": "", "dist": null, "children": [{"kind": "t1", "data": {"subreddit_id": "t5_2ssp3", "approved_at_utc": null, "mod_reason_by": null, "banned_by": null, "removal_reason": null, "link_id": "t3_abwsoj", "author_flair_template_id": null, "likes": null, "no_follow": true, "replies": {"kind": "Listing", "data": {"modhash": "", "dist": null, "children": [{"kind": "t1", "data": {"subreddit_id": "t5_2ssp3", "approved_at_utc": null, "mod_reason_by": null, "banned_by": null, "removal_reason": null, "link_id": "t3_abwsoj", "author_flair_template_id": null, "likes": null, "no_follow": true, "replies": "", "user_reports": [], "saved": false, "id": "ed44laf", "banned_at_utc": null, "mod_reason_title": null, "gilded": 0, "archived": false, "report_reasons": null, "author": "[deleted]", "can_mod_post": false, "created_utc": 1546473590.0, "send_replies": true, "parent_id": "t1_ed43v8j", "score": 0, "approved_by": null, "controversiality": 0, "body": "[removed]", "edited": false, "author_flair_css_class": null, "downs": 0, "is_submitter": false, "collapsed_reason": null, "body_html": "&lt;div class=\"md\"&gt;&lt;p&gt;[removed]&lt;/p&gt;\n&lt;/div&gt;", "stickied": false, "subreddit_type": "public", "can_gild": true, "gildings": {"gid_1": 0, "gid_2": 0, "gid_3": 0}, "author_flair_text_color": "dark", "score_hidden": false, "permalink": "/r/AskHistorians/comments/abwsoj/after_william_the_conqueror_became_king_of/ed44laf/", "num_reports": null, "name": "t1_ed44laf", "created": 1546473590.0, "subreddit": "AskHistorians", "author_flair_text": null, "collapsed": false, "subreddit_name_prefixed": "r/AskHistorians", "ups": 0, "depth": 2, "author_flair_background_color": "", "mod_reports": [], "mod_note": null, "distinguished": null}}], "after": null, "before": null}}, "user_reports": [], "saved": false, "id": "ed43v8j", "banned_at_utc": null, "mod_reason_title": null, "gilded": 0, "archived": false, "report_reasons": null, "author": "[deleted]", "can_mod_post": false, "created_utc": 1546473020.0, "send_replies": true, "parent_id": "t1_ed40czj", "score": 2, "approved_by": null, "controversiality": 0, "body": "[removed]", "edited": false, "author_flair_css_class": null, "downs": 0, "is_submitter": false, "collapsed_reason": null, "body_html": "&lt;div class=\"md\"&gt;&lt;p&gt;[removed]&lt;/p&gt;\n&lt;/div&gt;", "stickied": false, "subreddit_type": "public", "can_gild": true, "gildings": {"gid_1": 0, "gid_2": 0, "gid_3": 0}, "author_flair_text_color": "dark", "score_hidden": false, "permalink": "/r/AskHistorians/comments/abwsoj/after_william_the_conqueror_became_king_of/ed43v8j/", "num_reports": null, "name": "t1_ed43v8j", "created": 1546473020.0, "subreddit": "AskHistorians", "author_flair_text": null, "collapsed": false, "subreddit_name_prefixed": "r/AskHistorians", "ups": 2, "depth": 1, "author_flair_background_color": "", "mod_reports": [], "mod_note": null, "distinguished": null}}, {"kind": "t1", "data": {"subreddit_id": "t5_2ssp3", "approved_at_utc": null, "mod_reason_by": null, "banned_by": null, "removal_reason": null, "link_id": "t3_abwsoj", "author_flair_template_id": null, "likes": null, "no_follow": true, "replies": "", "user_reports": [], "saved": false, "id": "ed43d61", "banned_at_utc": null, "mod_reason_title": null, "gilded": 0, "archived": false, "report_reasons": null, "author": "[deleted]", "can_mod_post": false, "created_utc": 1546472623.0, "send_replies": true, "parent_id": "t1_ed40czj", "score": 3, "approved_by": null, "controversiality": 0, "body": "[removed]", "edited": false, "author_flair_css_class": null, "downs": 0, "is_submitter": false, "collapsed_reason": null, "body_html": "&lt;div class=\"md\"&gt;&lt;p&gt;[removed]&lt;/p&gt;\n&lt;/div&gt;", "stickied": false, "subreddit_type": "public", "can_gild": true, "gildings": {"gid_1": 0, "gid_2": 0, "gid_3": 0}, "author_flair_text_color": "dark", "score_hidden": false, "permalink": "/r/AskHistorians/comments/abwsoj/after_william_the_conqueror_became_king_of/ed43d61/", "num_reports": null, "name": "t1_ed43d61", "created": 1546472623.0, "subreddit": "AskHistorians", "author_flair_text": null, "collapsed": false, "subreddit_name_prefixed": "r/AskHistorians", "ups": 3, "depth": 1, "author_flair_background_color": "", "mod_reports": [], "mod_note": null, "distinguished": null}}, {"kind": "t1", "data": {"subreddit_id": "t5_2ssp3", "approved_at_utc": null, "mod_reason_by": null, "banned_by": null, "author_flair_type": "text", "removal_reason": null, "link_id": "t3_abwsoj", "author_flair_template_id": "80bb3d9c-c626-11e2-a0f2-12313d1841d1", "likes": null, "no_follow": true, "replies": "", "user_reports": [], "saved": false, "id": "ed4a503", "banned_at_utc": null, "mod_reason_title": null, "gilded": 0, "archived": false, "report_reasons": null, "author": "mimicofmodes", "can_mod_post": false, "created_utc": 1546478086.0, "send_replies": true, "parent_id": "t1_ed40czj", "score": 0, "author_fullname": "t2_1n19jp1g", "approved_by": null, "controversiality": 1, "body": "We ask that answers in this subreddit be in-depth and comprehensive, and highly suggest that comments include citations for the information. In the future, please take the time to better familiarize yourself with [the rules](http://www.reddit.com/r/AskHistorians/wiki/rules#wiki_write_an_in-depth_answer), and be sure that your answer demonstrates these four key points:\n\n* [Do I have the expertise needed to answer this question?](https://www.reddit.com/r/AskHistorians/comments/1jsabs/what_it_means_to_post_a_good_answer_in/)\n* [Have I done research on this question?](https://www.reddit.com/r/AskHistorians/comments/4kngwh/rules_roundtable_no_11_no_speculation/)\n* [Can I cite academic quality primary and secondary sources?](https://www.reddit.com/r/AskHistorians/comments/3wn71y/rules_roundtable_1_explaining_the_rules_about/)\n* Can I answer follow-up questions?\n\nThank you!", "edited": false, "author_flair_css_class": "art", "is_submitter": false, "downs": 0, "author_flair_richtext": [], "author_patreon_flair": false, "collapsed_reason": null, "body_html": "&lt;div class=\"md\"&gt;&lt;p&gt;We ask that answers in this subreddit be in-depth and comprehensive, and highly suggest that comments include citations for the information. In the future, please take the time to better familiarize yourself with &lt;a href=\"http://www.reddit.com/r/AskHistorians/wiki/rules#wiki_write_an_in-depth_answer\"&gt;the rules&lt;/a&gt;, and be sure that your answer demonstrates these four key points:&lt;/p&gt;\n\n&lt;ul&gt;\n&lt;li&gt;&lt;a href=\"https://www.reddit.com/r/AskHistorians/comments/1jsabs/what_it_means_to_post_a_good_answer_in/\"&gt;Do I have the expertise needed to answer this question?&lt;/a&gt;&lt;/li&gt;\n&lt;li&gt;&lt;a href=\"https://www.reddit.com/r/AskHistorians/comments/4kngwh/rules_roundtable_no_11_no_speculation/\"&gt;Have I done research on this question?&lt;/a&gt;&lt;/li&gt;\n&lt;li&gt;&lt;a href=\"https://www.reddit.com/r/AskHistorians/comments/3wn71y/rules_roundtable_1_explaining_the_rules_about/\"&gt;Can I cite academic quality primary and secondary sources?&lt;/a&gt;&lt;/li&gt;\n&lt;li&gt;Can I answer follow-up questions?&lt;/li&gt;\n&lt;/ul&gt;\n\n&lt;p&gt;Thank you!&lt;/p&gt;\n&lt;/div&gt;", "stickied": false, "subreddit_type": "public", "can_gild": true, "gildings": {"gid_1": 0, "gid_2": 0, "gid_3": 0}, "author_flair_text_color": "light", "score_hidden": false, "permalink": "/r/AskHistorians/comments/abwsoj/after_william_the_conqueror_became_king_of/ed4a503/", "num_reports": null, "name": "t1_ed4a503", "created": 1546478086.0, "subreddit": "AskHistorians", "author_flair_text": "Moderator | 18th-19th Century Society &amp; Dress", "collapsed": false, "subreddit_name_prefixed": "r/AskHistorians", "ups": 0, "depth": 1, "author_flair_background_color": "#ff6666", "mod_reports": [], "mod_note": null, "distinguished": "moderator"}}], "after": null, "before": null}}, "user_reports": [], "saved": false, "id": "ed40czj", "banned_at_utc": null, "mod_reason_title": null, "gilded": 0, "archived": false, "report_reasons": null, "author": "[deleted]", "can_mod_post": false, "created_utc": 1546470266.0, "send_replies": true, "parent_id": "t3_abwsoj", "score": 4, "approved_by": null, "controversiality": 1, "body": "[removed]", "edited": false, "author_flair_css_class": null, "downs": 0, "is_submitter": false, "collapsed_reason": null, "body_html": "&lt;div class=\"md\"&gt;&lt;p&gt;[removed]&lt;/p&gt;\n&lt;/div&gt;", "stickied": false, "subreddit_type": "public", "can_gild": true, "gildings": {"gid_1": 0, "gid_2": 0, "gid_3": 0}, "author_flair_text_color": "dark", "score_hidden": false, "permalink": "/r/AskHistorians/comments/abwsoj/after_william_the_conqueror_became_king_of/ed40czj/", "num_reports": null, "name": "t1_ed40czj", "created": 1546470266.0, "subreddit": "AskHistorians", "author_flair_text": null, "collapsed": false, "subreddit_name_prefixed": "r/AskHistorians", "ups": 4, "depth": 0, "author_flair_background_color": "", "mod_reports": [], "mod_note": null, "distinguished": null}}], "after": null, "before": null}}]