[{"kind": "Listing", "data": {"modhash": "", "dist": 1, "children": [{"kind": "t3", "data": {"approved_at_utc": null, "subreddit": "AskHistorians", "selftext": "What made society move from the ancient concept that war is exempt from normal law to the modern idea, expressed in the 1864 Geneva Convention, that certain actions are \"off-limits\" in war? Was there a rising sense in contemporaneous society of the inhumanity of war? Or was there a self-serving interest in protecting your nation's soldiers from the carnage of new and brutal mechanized death?\n\nApart from the crude protections of chivalry and the moral distinction between \"just\" and \"unjust\" wars described by religious scholars like St. Augustine, little effort appears to have been made pre-Geneva Convention to restrict acts that we would now consider war crimes. Rape, pillaging, civilian slaughter: all options were available to those that won the battle and wielded the sword. Why did this understanding change? It seems unlikely that human society suddenly became more compassionate in the mid-19th century after centuries of no-holds-barred violence.\n\nThe International Committee of the Red Cross (ICRC) describes a \"humanitarian spirit\" that led to the first Geneva Convention. Is this accurate, or was the foundation of international laws of war more self-serving than that? Or was there another dominant reason for the foundation of international laws of war?", "user_reports": [], "saved": false, "mod_reason_title": null, "gilded": 0, "clicked": false, "title": "What led to the creation of rules of war \u2014 a \"humanitarian spirit\" or something more self-serving?", "link_flair_richtext": [], "subreddit_name_prefixed": "r/AskHistorians", "hidden": false, "pwls": 6, "link_flair_css_class": null, "downs": 0, "parent_whitelist_status": "all_ads", "hide_score": false, "name": "t3_aby2bl", "quarantine": false, "link_flair_text_color": "dark", "upvote_ratio": 0.67, "author_flair_background_color": null, "subreddit_type": "public", "ups": 4, "domain": "self.AskHistorians", "media_embed": {}, "author_flair_template_id": null, "is_original_content": false, "author_fullname": "t2_e3iuv", "secure_media": null, "is_reddit_media_domain": false, "is_meta": false, "category": null, "secure_media_embed": {}, "link_flair_text": null, "can_mod_post": false, "score": 4, "approved_by": null, "thumbnail": "", "edited": false, "author_flair_css_class": null, "author_flair_richtext": [], "gildings": {"gid_1": 0, "gid_2": 0, "gid_3": 0}, "content_categories": null, "is_self": true, "mod_note": null, "created": 1546465149.0, "link_flair_type": "text", "wls": 6, "banned_by": null, "author_flair_type": "text", "contest_mode": false, "selftext_html": "&lt;!-- SC_OFF --&gt;&lt;div class=\"md\"&gt;&lt;p&gt;What made society move from the ancient concept that war is exempt from normal law to the modern idea, expressed in the 1864 Geneva Convention, that certain actions are &amp;quot;off-limits&amp;quot; in war? Was there a rising sense in contemporaneous society of the inhumanity of war? Or was there a self-serving interest in protecting your nation&amp;#39;s soldiers from the carnage of new and brutal mechanized death?&lt;/p&gt;\n\n&lt;p&gt;Apart from the crude protections of chivalry and the moral distinction between &amp;quot;just&amp;quot; and &amp;quot;unjust&amp;quot; wars described by religious scholars like St. Augustine, little effort appears to have been made pre-Geneva Convention to restrict acts that we would now consider war crimes. Rape, pillaging, civilian slaughter: all options were available to those that won the battle and wielded the sword. Why did this understanding change? It seems unlikely that human society suddenly became more compassionate in the mid-19th century after centuries of no-holds-barred violence.&lt;/p&gt;\n\n&lt;p&gt;The International Committee of the Red Cross (ICRC) describes a &amp;quot;humanitarian spirit&amp;quot; that led to the first Geneva Convention. Is this accurate, or was the foundation of international laws of war more self-serving than that? Or was there another dominant reason for the foundation of international laws of war?&lt;/p&gt;\n&lt;/div&gt;&lt;!-- SC_ON --&gt;", "likes": null, "suggested_sort": null, "banned_at_utc": null, "view_count": null, "archived": false, "no_follow": false, "is_crosspostable": false, "pinned": false, "over_18": false, "media": null, "media_only": false, "link_flair_template_id": null, "can_gild": false, "spoiler": false, "locked": false, "author_flair_text": null, "visited": false, "num_reports": null, "distinguished": null, "subreddit_id": "t5_2ssp3", "mod_reason_by": null, "removal_reason": null, "link_flair_background_color": "", "id": "aby2bl", "is_robot_indexable": true, "report_reasons": null, "author": "rasterbated", "num_crossposts": 0, "num_comments": 0, "send_replies": true, "author_patreon_flair": false, "author_flair_text_color": null, "permalink": "/r/AskHistorians/comments/aby2bl/what_led_to_the_creation_of_rules_of_war_a/", "whitelist_status": "all_ads", "stickied": false, "url": "https://www.reddit.com/r/AskHistorians/comments/aby2bl/what_led_to_the_creation_of_rules_of_war_a/", "subreddit_subscribers": 917801, "created_utc": 1546465149.0, "mod_reports": [], "is_video": false}}], "after": null, "before": null}}, {"kind": "Listing", "data": {"modhash": "", "dist": null, "children": [], "after": null, "before": null}}]