[{"kind": "Listing", "data": {"modhash": "", "dist": 1, "children": [{"kind": "t3", "data": {"approved_at_utc": null, "subreddit": "AskHistorians", "selftext": "I recently visited [Gamzigrad](https://en.wikipedia.org/wiki/Gamzigrad), and found out it was the burial place of a Roman Emperor named [Galerius](https://en.wikipedia.org/wiki/Galerius).  I took a few [pictures of his burial site](http://imgur.com/a/MjlDg).  No where at Gamzigrad or on Wikipedia have I seen any mention of his physical remains.\n\nWhere the remains of Roman Emperor Galerius found at Gamzigrad-Romuliana?  If not, is there any chance he's still buried there?", "user_reports": [], "saved": false, "mod_reason_title": null, "gilded": 0, "clicked": false, "title": "Where the remains of Roman Emperor Galerius found at Gamzigrad-Romuliana?", "link_flair_richtext": [], "subreddit_name_prefixed": "r/AskHistorians", "hidden": false, "pwls": 6, "link_flair_css_class": null, "downs": 0, "parent_whitelist_status": "all_ads", "hide_score": false, "name": "t3_68mrwt", "quarantine": false, "link_flair_text_color": "dark", "upvote_ratio": 0.67, "author_flair_background_color": null, "subreddit_type": "public", "ups": 4, "domain": "self.AskHistorians", "media_embed": {}, "author_flair_template_id": null, "is_original_content": false, "secure_media": null, "is_reddit_media_domain": false, "category": null, "secure_media_embed": {}, "link_flair_text": null, "can_mod_post": false, "score": 4, "approved_by": null, "thumbnail": "", "edited": false, "author_flair_css_class": null, "author_flair_richtext": [], "content_categories": null, "is_self": true, "mod_note": null, "created": 1493682814.0, "link_flair_type": "text", "wls": 6, "post_categories": null, "banned_by": null, "author_flair_type": "text", "contest_mode": false, "selftext_html": "&lt;!-- SC_OFF --&gt;&lt;div class=\"md\"&gt;&lt;p&gt;I recently visited &lt;a href=\"https://en.wikipedia.org/wiki/Gamzigrad\"&gt;Gamzigrad&lt;/a&gt;, and found out it was the burial place of a Roman Emperor named &lt;a href=\"https://en.wikipedia.org/wiki/Galerius\"&gt;Galerius&lt;/a&gt;.  I took a few &lt;a href=\"http://imgur.com/a/MjlDg\"&gt;pictures of his burial site&lt;/a&gt;.  No where at Gamzigrad or on Wikipedia have I seen any mention of his physical remains.&lt;/p&gt;\n\n&lt;p&gt;Where the remains of Roman Emperor Galerius found at Gamzigrad-Romuliana?  If not, is there any chance he&amp;#39;s still buried there?&lt;/p&gt;\n&lt;/div&gt;&lt;!-- SC_ON --&gt;", "likes": null, "suggested_sort": null, "banned_at_utc": null, "view_count": null, "archived": true, "no_follow": true, "is_crosspostable": false, "pinned": false, "over_18": false, "media_only": false, "can_gild": false, "spoiler": false, "locked": false, "author_flair_text": null, "rte_mode": "markdown", "visited": false, "num_reports": null, "distinguished": null, "subreddit_id": "t5_2ssp3", "mod_reason_by": null, "removal_reason": null, "id": "68mrwt", "report_reasons": null, "author": "pope4president", "num_crossposts": 0, "num_comments": 0, "send_replies": true, "mod_reports": [], "author_flair_text_color": null, "permalink": "/r/AskHistorians/comments/68mrwt/where_the_remains_of_roman_emperor_galerius_found/", "whitelist_status": "all_ads", "stickied": false, "url": "https://www.reddit.com/r/AskHistorians/comments/68mrwt/where_the_remains_of_roman_emperor_galerius_found/", "subreddit_subscribers": 770960, "created_utc": 1493654014.0, "media": null, "is_video": false}}], "after": null, "before": null}}, {"kind": "Listing", "data": {"modhash": "", "dist": null, "children": [], "after": null, "before": null}}]