[{"kind": "Listing", "data": {"modhash": "", "dist": 1, "children": [{"kind": "t3", "data": {"approved_at_utc": null, "subreddit": "AskHistorians", "selftext": "", "user_reports": [], "saved": false, "mod_reason_title": null, "gilded": 0, "clicked": false, "title": "in HBO Rome Lucius Vorenus takes over something called the aventine collegium then all the gangs in the City have to treat him as their leader. what is the aventine collegium?", "link_flair_richtext": [], "subreddit_name_prefixed": "r/AskHistorians", "hidden": false, "pwls": 6, "link_flair_css_class": null, "downs": 0, "parent_whitelist_status": "all_ads", "hide_score": false, "name": "t3_68nux6", "quarantine": false, "link_flair_text_color": "dark", "upvote_ratio": 0.78, "author_flair_background_color": null, "subreddit_type": "public", "ups": 32, "domain": "self.AskHistorians", "media_embed": {}, "author_flair_template_id": null, "is_original_content": false, "secure_media": null, "is_reddit_media_domain": false, "category": null, "secure_media_embed": {}, "link_flair_text": null, "can_mod_post": false, "score": 32, "approved_by": null, "thumbnail": "", "edited": false, "author_flair_css_class": "qualitycontributor", "author_flair_richtext": [{"e": "text", "t": "Interesting Inquirer"}], "content_categories": null, "is_self": true, "mod_note": null, "created": 1493693182.0, "link_flair_type": "text", "wls": 6, "post_categories": null, "banned_by": null, "author_flair_type": "richtext", "contest_mode": false, "selftext_html": null, "likes": null, "suggested_sort": null, "banned_at_utc": null, "view_count": null, "archived": true, "no_follow": false, "is_crosspostable": false, "pinned": false, "over_18": false, "media_only": false, "can_gild": false, "spoiler": false, "locked": false, "author_flair_text": "Interesting Inquirer", "rte_mode": "markdown", "visited": false, "num_reports": null, "distinguished": null, "subreddit_id": "t5_2ssp3", "mod_reason_by": null, "removal_reason": null, "id": "68nux6", "report_reasons": null, "author": "grapp", "num_crossposts": 0, "num_comments": 5, "send_replies": true, "mod_reports": [], "author_flair_text_color": null, "permalink": "/r/AskHistorians/comments/68nux6/in_hbo_rome_lucius_vorenus_takes_over_something/", "whitelist_status": "all_ads", "stickied": false, "url": "https://www.reddit.com/r/AskHistorians/comments/68nux6/in_hbo_rome_lucius_vorenus_takes_over_something/", "subreddit_subscribers": 770961, "created_utc": 1493664382.0, "media": null, "is_video": false}}], "after": null, "before": null}}, {"kind": "Listing", "data": {"modhash": "", "dist": null, "children": [{"kind": "t1", "data": {"subreddit_id": "t5_2ssp3", "approved_at_utc": null, "ups": 20, "mod_reason_by": null, "banned_by": null, "author_flair_type": "richtext", "removal_reason": null, "link_id": "t3_68nux6", "author_flair_template_id": null, "likes": null, "no_follow": false, "replies": {"kind": "Listing", "data": {"modhash": "", "dist": null, "children": [{"kind": "t1", "data": {"subreddit_id": "t5_2ssp3", "approved_at_utc": null, "ups": 5, "mod_reason_by": null, "banned_by": null, "author_flair_type": "text", "removal_reason": null, "link_id": "t3_68nux6", "author_flair_template_id": null, "likes": null, "no_follow": false, "replies": {"kind": "Listing", "data": {"modhash": "", "dist": null, "children": [{"kind": "t1", "data": {"subreddit_id": "t5_2ssp3", "approved_at_utc": null, "ups": 9, "mod_reason_by": null, "banned_by": null, "author_flair_type": "richtext", "removal_reason": null, "link_id": "t3_68nux6", "author_flair_template_id": null, "likes": null, "no_follow": false, "replies": {"kind": "Listing", "data": {"modhash": "", "dist": null, "children": [{"kind": "t1", "data": {"subreddit_id": "t5_2ssp3", "approved_at_utc": null, "ups": 1, "mod_reason_by": null, "banned_by": null, "author_flair_type": "text", "removal_reason": null, "link_id": "t3_68nux6", "author_flair_template_id": null, "likes": null, "no_follow": true, "replies": {"kind": "Listing", "data": {"modhash": "", "dist": null, "children": [{"kind": "t1", "data": {"subreddit_id": "t5_2ssp3", "approved_at_utc": null, "ups": 2, "mod_reason_by": null, "banned_by": null, "author_flair_type": "richtext", "removal_reason": null, "link_id": "t3_68nux6", "author_flair_template_id": null, "likes": null, "no_follow": true, "replies": "", "user_reports": [], "saved": false, "id": "dmk969x", "banned_at_utc": null, "mod_reason_title": null, "gilded": 0, "archived": true, "report_reasons": null, "author": "XenophonTheAthenian", "can_mod_post": false, "send_replies": true, "parent_id": "t1_dmk8qal", "score": 2, "approved_by": null, "downs": 0, "body": "One wonders why Cicero would say *pleb*, then, since the singular of *plebs* is *plebs*. It's a collective singular. But no matter\n\nAlso Brutus wasn't a patrician, though Scipio was", "edited": 1504556448.0, "author_flair_css_class": "europe", "collapsed": false, "author_flair_richtext": [{"e": "text", "t": "Late Republic and Roman Civil Wars"}], "is_submitter": false, "collapsed_reason": null, "body_html": "&lt;div class=\"md\"&gt;&lt;p&gt;One wonders why Cicero would say &lt;em&gt;pleb&lt;/em&gt;, then, since the singular of &lt;em&gt;plebs&lt;/em&gt; is &lt;em&gt;plebs&lt;/em&gt;. It&amp;#39;s a collective singular. But no matter&lt;/p&gt;\n\n&lt;p&gt;Also Brutus wasn&amp;#39;t a patrician, though Scipio was&lt;/p&gt;\n&lt;/div&gt;", "stickied": false, "subreddit_type": "public", "can_gild": true, "subreddit": "AskHistorians", "author_flair_text_color": null, "score_hidden": false, "permalink": "/r/AskHistorians/comments/68nux6/in_hbo_rome_lucius_vorenus_takes_over_something/dmk969x/", "num_reports": null, "name": "t1_dmk969x", "created": 1504585047.0, "author_flair_text": "Late Republic and Roman Civil Wars", "rte_mode": "markdown", "created_utc": 1504556247.0, "subreddit_name_prefixed": "r/AskHistorians", "controversiality": 0, "depth": 4, "author_flair_background_color": null, "mod_reports": [], "mod_note": null, "distinguished": null}}], "after": null, "before": null}}, "user_reports": [], "saved": false, "id": "dmk8qal", "banned_at_utc": null, "mod_reason_title": null, "gilded": 0, "archived": true, "report_reasons": null, "author": "Raduev", "can_mod_post": false, "send_replies": true, "parent_id": "t1_dh0izzl", "score": 1, "approved_by": null, "downs": 0, "body": "&gt; For one, the show thinks that patricians and plebeians still meant something in the first century. Either Cicero or Cato says something in one scene about someone being a \"mere plebeian,\" which is utterly absurd since both Cato and Cicero were plebeians.\n\nHey, sorry for the gravedigging. I was trying to find information myself about the Aventine Collegium and found this thread.\n\nActually in the show, he(Cicero), calls Lucius Vorenus a \"lowly pleb\", not a \"mere pleb\", when Caesar makes him a Senator. It happens in the season 1 finale. The show-writers do realize that the distinction between plebeians and patricians was almost irrelevant in the 1st century BC and that rich plebeians had long ago begun to dominate the Senate. In fact it's highlighted earlier in the season that Cicero, Pompey, and Brutus are plebeians themselves.\n\nCicero's complaint, then, isn't that Vorenus is a pleb, but that he's a poor one. Just 2 years earlier, Vorenus was a mere centurion - and he wasn't even the most senior one in his cohort, so he commanded only his century. When he is promoted to Senator, his only source of income is a single small farm in Italy, and that also was given to him by Caesar only very recently(months earlier, I believe). \n\nIf I recall correctly the only characters that openly disparage plebs are the highest-ranking patrician optimates, specifically Brutus and Metellus Scipio, which isn't exactly ahistoric. ", "edited": 1504556298.0, "author_flair_css_class": null, "collapsed": false, "author_flair_richtext": [], "is_submitter": false, "collapsed_reason": null, "body_html": "&lt;div class=\"md\"&gt;&lt;blockquote&gt;\n&lt;p&gt;For one, the show thinks that patricians and plebeians still meant something in the first century. Either Cicero or Cato says something in one scene about someone being a &amp;quot;mere plebeian,&amp;quot; which is utterly absurd since both Cato and Cicero were plebeians.&lt;/p&gt;\n&lt;/blockquote&gt;\n\n&lt;p&gt;Hey, sorry for the gravedigging. I was trying to find information myself about the Aventine Collegium and found this thread.&lt;/p&gt;\n\n&lt;p&gt;Actually in the show, he(Cicero), calls Lucius Vorenus a &amp;quot;lowly pleb&amp;quot;, not a &amp;quot;mere pleb&amp;quot;, when Caesar makes him a Senator. It happens in the season 1 finale. The show-writers do realize that the distinction between plebeians and patricians was almost irrelevant in the 1st century BC and that rich plebeians had long ago begun to dominate the Senate. In fact it&amp;#39;s highlighted earlier in the season that Cicero, Pompey, and Brutus are plebeians themselves.&lt;/p&gt;\n\n&lt;p&gt;Cicero&amp;#39;s complaint, then, isn&amp;#39;t that Vorenus is a pleb, but that he&amp;#39;s a poor one. Just 2 years earlier, Vorenus was a mere centurion - and he wasn&amp;#39;t even the most senior one in his cohort, so he commanded only his century. When he is promoted to Senator, his only source of income is a single small farm in Italy, and that also was given to him by Caesar only very recently(months earlier, I believe). &lt;/p&gt;\n\n&lt;p&gt;If I recall correctly the only characters that openly disparage plebs are the highest-ranking patrician optimates, specifically Brutus and Metellus Scipio, which isn&amp;#39;t exactly ahistoric. &lt;/p&gt;\n&lt;/div&gt;", "stickied": false, "subreddit_type": "public", "can_gild": true, "subreddit": "AskHistorians", "author_flair_text_color": null, "score_hidden": false, "permalink": "/r/AskHistorians/comments/68nux6/in_hbo_rome_lucius_vorenus_takes_over_something/dmk8qal/", "num_reports": null, "name": "t1_dmk8qal", "created": 1504584497.0, "author_flair_text": null, "rte_mode": "markdown", "created_utc": 1504555697.0, "subreddit_name_prefixed": "r/AskHistorians", "controversiality": 0, "depth": 3, "author_flair_background_color": null, "mod_reports": [], "mod_note": null, "distinguished": null}}], "after": null, "before": null}}, "user_reports": [], "saved": false, "id": "dh0izzl", "banned_at_utc": null, "mod_reason_title": null, "gilded": 0, "archived": true, "report_reasons": null, "author": "XenophonTheAthenian", "can_mod_post": false, "send_replies": true, "parent_id": "t1_dh0ihoy", "score": 9, "approved_by": null, "downs": 0, "body": "For one, the show thinks that patricians and plebeians still meant something in the first century. Either Cicero or Cato says something in one scene about someone being a \"mere plebeian,\" which is utterly absurd since both Cato and Cicero were plebeians. The *nobiles* had included plebeians since the fourth century, it's the vital moment in the Conflict of the Orders, which was resolved three hundred years before *Rome* takes place. Patricians were a rarity in the senatorial class by Caesar's lifetime, and by the time of his death had all but ceased to exist, having to be rebuilt by Caesar and Augustus by promoting prominent plebeian *nobiles*. In general Roman society as presented in *Rome* is a sword-and-sandals fantasy world that bears a decent resemblance to the reality, but is also wildly divergent and heavily anachronistic. It's in the nature of the series--the series is a really good sword-and-sandals flick, but it's still a sword-and-sandals flick, albeit one that tries quite hard. There's nothing wrong with that, but believing that pretty much anything that *Rome* presents has much to do with reality will get you into trouble", "edited": false, "author_flair_css_class": "europe", "collapsed": false, "author_flair_richtext": [{"e": "text", "t": "Late Republic and Roman Civil Wars"}], "is_submitter": false, "collapsed_reason": null, "body_html": "&lt;div class=\"md\"&gt;&lt;p&gt;For one, the show thinks that patricians and plebeians still meant something in the first century. Either Cicero or Cato says something in one scene about someone being a &amp;quot;mere plebeian,&amp;quot; which is utterly absurd since both Cato and Cicero were plebeians. The &lt;em&gt;nobiles&lt;/em&gt; had included plebeians since the fourth century, it&amp;#39;s the vital moment in the Conflict of the Orders, which was resolved three hundred years before &lt;em&gt;Rome&lt;/em&gt; takes place. Patricians were a rarity in the senatorial class by Caesar&amp;#39;s lifetime, and by the time of his death had all but ceased to exist, having to be rebuilt by Caesar and Augustus by promoting prominent plebeian &lt;em&gt;nobiles&lt;/em&gt;. In general Roman society as presented in &lt;em&gt;Rome&lt;/em&gt; is a sword-and-sandals fantasy world that bears a decent resemblance to the reality, but is also wildly divergent and heavily anachronistic. It&amp;#39;s in the nature of the series--the series is a really good sword-and-sandals flick, but it&amp;#39;s still a sword-and-sandals flick, albeit one that tries quite hard. There&amp;#39;s nothing wrong with that, but believing that pretty much anything that &lt;em&gt;Rome&lt;/em&gt; presents has much to do with reality will get you into trouble&lt;/p&gt;\n&lt;/div&gt;", "stickied": false, "subreddit_type": "public", "can_gild": true, "subreddit": "AskHistorians", "author_flair_text_color": null, "score_hidden": false, "permalink": "/r/AskHistorians/comments/68nux6/in_hbo_rome_lucius_vorenus_takes_over_something/dh0izzl/", "num_reports": null, "name": "t1_dh0izzl", "created": 1493721896.0, "author_flair_text": "Late Republic and Roman Civil Wars", "rte_mode": "markdown", "created_utc": 1493693096.0, "subreddit_name_prefixed": "r/AskHistorians", "controversiality": 0, "depth": 2, "author_flair_background_color": null, "mod_reports": [], "mod_note": null, "distinguished": null}}], "after": null, "before": null}}, "user_reports": [], "saved": false, "id": "dh0ihoy", "banned_at_utc": null, "mod_reason_title": null, "gilded": 0, "archived": true, "report_reasons": null, "author": "Ikonovich", "can_mod_post": false, "send_replies": true, "parent_id": "t1_dgzzqf2", "score": 5, "approved_by": null, "downs": 0, "body": "What are the 'grosser anachronisms' much of the show is founded on? ", "edited": false, "author_flair_css_class": null, "collapsed": false, "author_flair_richtext": [], "is_submitter": false, "collapsed_reason": null, "body_html": "&lt;div class=\"md\"&gt;&lt;p&gt;What are the &amp;#39;grosser anachronisms&amp;#39; much of the show is founded on? &lt;/p&gt;\n&lt;/div&gt;", "stickied": false, "subreddit_type": "public", "can_gild": true, "subreddit": "AskHistorians", "author_flair_text_color": null, "score_hidden": false, "permalink": "/r/AskHistorians/comments/68nux6/in_hbo_rome_lucius_vorenus_takes_over_something/dh0ihoy/", "num_reports": null, "name": "t1_dh0ihoy", "created": 1493721275.0, "author_flair_text": null, "rte_mode": "markdown", "created_utc": 1493692475.0, "subreddit_name_prefixed": "r/AskHistorians", "controversiality": 0, "depth": 1, "author_flair_background_color": null, "mod_reports": [], "mod_note": null, "distinguished": null}}], "after": null, "before": null}}, "user_reports": [], "saved": false, "id": "dgzzqf2", "banned_at_utc": null, "mod_reason_title": null, "gilded": 0, "archived": true, "report_reasons": null, "author": "XenophonTheAthenian", "can_mod_post": false, "send_replies": true, "parent_id": "t3_68nux6", "score": 20, "approved_by": null, "downs": 0, "body": "As far as I am aware there is no such thing as a *collegium Aventinum*. The moniker does not seem to make much sense. *Collegia*, the voluntary citizen associations (as Bendlin calls them) of the Roman world, frequently had a territorial aspect, but not one such as this. Our information for *collegia* is rather scant, particularly in the Republic, but a few broad classifications can be made about such associations. Most *collegia* were either professional or religious in nature, though the distinction should not be pressed as much of our evidence for *collegia* of either type (often epigraphic) is religious in nature, and festivals like the *Ludi Compitalicii* (which, following Flambard's excellent analysis, I must conclude were organized by professional associations, not some vague, mysterious class of *collegia compitalicia*) were simultaneously religious and professional. There were also of course priestly and minor magisterial colleges (not, generally, of our concern here) and the notoriously mysterious *collegia sodalicia*, which since Mommsen have been understood to be some sort of politically-oriented organizations, an interpretation that I do not fully agree with and which has very little support in the texts. It used to be thought that a class of \"*collegia tenuiorum*\" and *collegia funeraticia* existed for the most impoverished (as the shopkeepers and skilled workers of the professional *collegia* made up the so-called *plebs media*) but Bendlin has recently pretty much totally dismantled that idea--no such sort of *collegium* existed. \n\nLeaving aside the question of how to categorize *collegia* in their entirety and how to dissect them into discernible groups and types (an exercise I increasingly think is impossible, as these associations did not think of themselves so rigidly), this supposed *collegium Aventinum* would be totally unprecedented in what we know of Roman society. *Collegia* with territorial aspects existed, sure, but they did not encompass an entire hill, an area which under Augustus would become its own *regio*. Instead, the case of the *lanii piscinenses* (known from ILS 3682a, one of the few Republican collegiate inscriptions) is much more usual--while smaller Italian settlements might only contain a single *collegium* for all the members of a profession, the city's *collegia* located themselves by *vici* or whatever notable landmarks existed. The Aventine hill is quite out of the question. Moreover, the idea of *collegia* with purely territorial natures is not particularly well-supported by the texts, and we do not have the actual names of any such *collegia* if they existed. Territorial *collegia* were almost always professional, taking their names from the immediate area, almost like a city block, in which their professional members kept shop. What sort of a *collegium* would this *collegium Aventinum* be? It's unlikely it would be a professional or religious one, although that's indicated more by the name (which fails to mention any such connection) than by anything inherent to the nature of such associations--the famous Lanuvium inscription (CIL 14.2112) catalogs the *lex* of a *collegium cultorum Dianae et Antinoi* which otherwise seems to have little actual religious connection. Pretty much no other collegiate types are attested, which is not to say that they did not exist. Probably the purpose here of this invented group is to associate the Aventine in the minds of the audience with popular unrest, and to point out the supposed role of the *collegia* in urban violence. In fact I find pretty much no textual evidence for the direct involvement of *collegia* in urban political violence, though *collegiati* in general were certainly involved. The Aventine, however, is easier to defend. The Aventine was traditionally the location of a number of (especially foreign) cults, and many religious *collegia* in particular had their headquarters there. At the same time the Aventine was traditionally a symbolic location for the *plebs* and allies. It lay outside the *pomerium*, was the location of the Aventine Triad, and was originally settled as an *ager publicus*--Gaius Gracchus sought its safety in 121 and the site held symbolic significance for the urban *plebs*. The dramatic connection of the Aventine with the *collegia* who supposedly terrorized the city under P. Clodius (which I don't think is true and in any case is irrelevant--Clodius died before *Rome* even begins, though much of the series is founded on grosser anachronisms than that) is presumably what is being aimed at here, but there is no evidence for the existence of such a *collegium*", "edited": false, "author_flair_css_class": "europe", "collapsed": false, "author_flair_richtext": [{"e": "text", "t": "Late Republic and Roman Civil Wars"}], "is_submitter": false, "collapsed_reason": null, "body_html": "&lt;div class=\"md\"&gt;&lt;p&gt;As far as I am aware there is no such thing as a &lt;em&gt;collegium Aventinum&lt;/em&gt;. The moniker does not seem to make much sense. &lt;em&gt;Collegia&lt;/em&gt;, the voluntary citizen associations (as Bendlin calls them) of the Roman world, frequently had a territorial aspect, but not one such as this. Our information for &lt;em&gt;collegia&lt;/em&gt; is rather scant, particularly in the Republic, but a few broad classifications can be made about such associations. Most &lt;em&gt;collegia&lt;/em&gt; were either professional or religious in nature, though the distinction should not be pressed as much of our evidence for &lt;em&gt;collegia&lt;/em&gt; of either type (often epigraphic) is religious in nature, and festivals like the &lt;em&gt;Ludi Compitalicii&lt;/em&gt; (which, following Flambard&amp;#39;s excellent analysis, I must conclude were organized by professional associations, not some vague, mysterious class of &lt;em&gt;collegia compitalicia&lt;/em&gt;) were simultaneously religious and professional. There were also of course priestly and minor magisterial colleges (not, generally, of our concern here) and the notoriously mysterious &lt;em&gt;collegia sodalicia&lt;/em&gt;, which since Mommsen have been understood to be some sort of politically-oriented organizations, an interpretation that I do not fully agree with and which has very little support in the texts. It used to be thought that a class of &amp;quot;&lt;em&gt;collegia tenuiorum&lt;/em&gt;&amp;quot; and &lt;em&gt;collegia funeraticia&lt;/em&gt; existed for the most impoverished (as the shopkeepers and skilled workers of the professional &lt;em&gt;collegia&lt;/em&gt; made up the so-called &lt;em&gt;plebs media&lt;/em&gt;) but Bendlin has recently pretty much totally dismantled that idea--no such sort of &lt;em&gt;collegium&lt;/em&gt; existed. &lt;/p&gt;\n\n&lt;p&gt;Leaving aside the question of how to categorize &lt;em&gt;collegia&lt;/em&gt; in their entirety and how to dissect them into discernible groups and types (an exercise I increasingly think is impossible, as these associations did not think of themselves so rigidly), this supposed &lt;em&gt;collegium Aventinum&lt;/em&gt; would be totally unprecedented in what we know of Roman society. &lt;em&gt;Collegia&lt;/em&gt; with territorial aspects existed, sure, but they did not encompass an entire hill, an area which under Augustus would become its own &lt;em&gt;regio&lt;/em&gt;. Instead, the case of the &lt;em&gt;lanii piscinenses&lt;/em&gt; (known from ILS 3682a, one of the few Republican collegiate inscriptions) is much more usual--while smaller Italian settlements might only contain a single &lt;em&gt;collegium&lt;/em&gt; for all the members of a profession, the city&amp;#39;s &lt;em&gt;collegia&lt;/em&gt; located themselves by &lt;em&gt;vici&lt;/em&gt; or whatever notable landmarks existed. The Aventine hill is quite out of the question. Moreover, the idea of &lt;em&gt;collegia&lt;/em&gt; with purely territorial natures is not particularly well-supported by the texts, and we do not have the actual names of any such &lt;em&gt;collegia&lt;/em&gt; if they existed. Territorial &lt;em&gt;collegia&lt;/em&gt; were almost always professional, taking their names from the immediate area, almost like a city block, in which their professional members kept shop. What sort of a &lt;em&gt;collegium&lt;/em&gt; would this &lt;em&gt;collegium Aventinum&lt;/em&gt; be? It&amp;#39;s unlikely it would be a professional or religious one, although that&amp;#39;s indicated more by the name (which fails to mention any such connection) than by anything inherent to the nature of such associations--the famous Lanuvium inscription (CIL 14.2112) catalogs the &lt;em&gt;lex&lt;/em&gt; of a &lt;em&gt;collegium cultorum Dianae et Antinoi&lt;/em&gt; which otherwise seems to have little actual religious connection. Pretty much no other collegiate types are attested, which is not to say that they did not exist. Probably the purpose here of this invented group is to associate the Aventine in the minds of the audience with popular unrest, and to point out the supposed role of the &lt;em&gt;collegia&lt;/em&gt; in urban violence. In fact I find pretty much no textual evidence for the direct involvement of &lt;em&gt;collegia&lt;/em&gt; in urban political violence, though &lt;em&gt;collegiati&lt;/em&gt; in general were certainly involved. The Aventine, however, is easier to defend. The Aventine was traditionally the location of a number of (especially foreign) cults, and many religious &lt;em&gt;collegia&lt;/em&gt; in particular had their headquarters there. At the same time the Aventine was traditionally a symbolic location for the &lt;em&gt;plebs&lt;/em&gt; and allies. It lay outside the &lt;em&gt;pomerium&lt;/em&gt;, was the location of the Aventine Triad, and was originally settled as an &lt;em&gt;ager publicus&lt;/em&gt;--Gaius Gracchus sought its safety in 121 and the site held symbolic significance for the urban &lt;em&gt;plebs&lt;/em&gt;. The dramatic connection of the Aventine with the &lt;em&gt;collegia&lt;/em&gt; who supposedly terrorized the city under P. Clodius (which I don&amp;#39;t think is true and in any case is irrelevant--Clodius died before &lt;em&gt;Rome&lt;/em&gt; even begins, though much of the series is founded on grosser anachronisms than that) is presumably what is being aimed at here, but there is no evidence for the existence of such a &lt;em&gt;collegium&lt;/em&gt;&lt;/p&gt;\n&lt;/div&gt;", "stickied": false, "subreddit_type": "public", "can_gild": true, "subreddit": "AskHistorians", "author_flair_text_color": null, "score_hidden": false, "permalink": "/r/AskHistorians/comments/68nux6/in_hbo_rome_lucius_vorenus_takes_over_something/dgzzqf2/", "num_reports": null, "name": "t1_dgzzqf2", "created": 1493698496.0, "author_flair_text": "Late Republic and Roman Civil Wars", "rte_mode": "markdown", "created_utc": 1493669696.0, "subreddit_name_prefixed": "r/AskHistorians", "controversiality": 0, "depth": 0, "author_flair_background_color": null, "mod_reports": [], "mod_note": null, "distinguished": null}}], "after": null, "before": null}}]