[{"kind": "Listing", "data": {"modhash": "", "dist": 1, "children": [{"kind": "t3", "data": {"subreddit_id": "t5_2ssp3", "approved_at_utc": null, "send_replies": true, "mod_reason_by": null, "banned_by": null, "removal_reason": null, "wls": 6, "subreddit": "AskHistorians", "selftext_html": "&lt;!-- SC_OFF --&gt;&lt;div class=\"md\"&gt;&lt;p&gt;I recently discovered my wife has a massive gap in her education around World War II.  I am determined to help bring her up to speed on what happened through movies.  Documentaries won&amp;#39;t hold her attention.  Our starting point is &amp;quot;The Darkest Hour&amp;quot;, which will be followed by &amp;quot;Dunkirk&amp;quot;.&lt;/p&gt;\n\n&lt;p&gt;How do we get through the whole war only using movies?&lt;/p&gt;\n\n&lt;p&gt;Can I kindly get a few suggestions on what you would suggest as a natural progression through the war with some level of historical accuracy?&lt;/p&gt;\n\n&lt;p&gt;Any and all suggestions are much appreciated.&lt;/p&gt;\n&lt;/div&gt;&lt;!-- SC_ON --&gt;", "author_flair_template_id": null, "selftext": "I recently discovered my wife has a massive gap in her education around World War II.  I am determined to help bring her up to speed on what happened through movies.  Documentaries won't hold her attention.  Our starting point is \"The Darkest Hour\", which will be followed by \"Dunkirk\".\n\nHow do we get through the whole war only using movies?\n\nCan I kindly get a few suggestions on what you would suggest as a natural progression through the war with some level of historical accuracy?\n\nAny and all suggestions are much appreciated.", "likes": null, "suggested_sort": null, "mod_note": null, "user_reports": [], "secure_media": null, "is_reddit_media_domain": false, "saved": false, "id": "88netr", "banned_at_utc": null, "mod_reason_title": null, "view_count": null, "archived": false, "clicked": false, "no_follow": false, "author": "beefly", "num_crossposts": 0, "link_flair_text": null, "can_mod_post": false, "is_crosspostable": false, "pinned": false, "score": 4, "approved_by": null, "over_18": false, "domain": "self.AskHistorians", "hidden": false, "pwls": 6, "thumbnail": "", "hide_score": false, "edited": false, "link_flair_css_class": null, "media_only": false, "author_flair_css_class": null, "contest_mode": false, "gilded": 0, "title": "World War II movies in order?", "downs": 0, "secure_media_embed": {}, "media_embed": {}, "author_flair_text": null, "stickied": false, "can_gild": false, "is_self": true, "parent_whitelist_status": "all_ads", "name": "t3_88netr", "spoiler": false, "permalink": "/r/AskHistorians/comments/88netr/world_war_ii_movies_in_order/", "subreddit_type": "public", "locked": false, "report_reasons": null, "created": 1522575689.0, "url": "https://www.reddit.com/r/AskHistorians/comments/88netr/world_war_ii_movies_in_order/", "whitelist_status": "all_ads", "quarantine": false, "subreddit_subscribers": 755567, "created_utc": 1522546889.0, "subreddit_name_prefixed": "r/AskHistorians", "distinguished": null, "media": null, "num_comments": 4, "upvote_ratio": 0.67, "mod_reports": [], "visited": false, "num_reports": null, "is_video": false, "ups": 4, "post_categories": null}}], "after": null, "before": null}}, {"kind": "Listing", "data": {"modhash": "", "dist": null, "children": [{"kind": "t1", "data": {"subreddit_id": "t5_2ssp3", "approved_at_utc": null, "ups": 6, "mod_reason_by": null, "banned_by": null, "removal_reason": null, "link_id": "t3_88netr", "author_flair_template_id": null, "likes": null, "no_follow": false, "replies": {"kind": "Listing", "data": {"modhash": "", "dist": null, "children": [{"kind": "t1", "data": {"subreddit_id": "t5_2ssp3", "approved_at_utc": null, "ups": 1, "mod_reason_by": null, "banned_by": null, "removal_reason": null, "link_id": "t3_88netr", "author_flair_template_id": null, "likes": null, "no_follow": true, "replies": {"kind": "Listing", "data": {"modhash": "", "dist": null, "children": [{"kind": "t1", "data": {"subreddit_id": "t5_2ssp3", "approved_at_utc": null, "ups": 3, "mod_reason_by": null, "banned_by": null, "removal_reason": null, "link_id": "t3_88netr", "author_flair_template_id": null, "likes": null, "no_follow": true, "replies": "", "user_reports": [], "saved": false, "id": "dwmc4tq", "banned_at_utc": null, "mod_reason_title": null, "gilded": 0, "archived": false, "report_reasons": null, "author": "Abrytan", "can_mod_post": false, "send_replies": true, "parent_id": "t1_dwm0ygp", "score": 3, "approved_by": null, "downs": 0, "body": "To add on to this list, Dambusters (1943) covers the raid of the same name and Downfall (1945) is about the very last days of the war and is set in the F\u00fchrerbunker in Berlin.", "edited": false, "author_flair_css_class": "europe", "collapsed": false, "is_submitter": false, "collapsed_reason": null, "body_html": "&lt;div class=\"md\"&gt;&lt;p&gt;To add on to this list, Dambusters (1943) covers the raid of the same name and Downfall (1945) is about the very last days of the war and is set in the F\u00fchrerbunker in Berlin.&lt;/p&gt;\n&lt;/div&gt;", "subreddit_type": "public", "can_gild": true, "subreddit": "AskHistorians", "name": "t1_dwmc4tq", "score_hidden": false, "permalink": "/r/AskHistorians/comments/88netr/world_war_ii_movies_in_order/dwmc4tq/", "num_reports": null, "stickied": false, "created": 1522602040.0, "author_flair_text": "Germany 1871-1945", "created_utc": 1522573240.0, "subreddit_name_prefixed": "r/AskHistorians", "controversiality": 0, "depth": 2, "mod_reports": [], "mod_note": null, "distinguished": null}}], "after": null, "before": null}}, "user_reports": [], "saved": false, "id": "dwm0ygp", "banned_at_utc": null, "mod_reason_title": null, "gilded": 0, "archived": false, "report_reasons": null, "author": "beefly", "can_mod_post": false, "send_replies": true, "parent_id": "t1_dwlxzzw", "score": 1, "approved_by": null, "downs": 0, "body": "Wow.  This is fantastic. Thank you so very much for the answer and effort.   Much appreciated.. We will work our way through this list.", "edited": false, "author_flair_css_class": null, "collapsed": false, "is_submitter": true, "collapsed_reason": null, "body_html": "&lt;div class=\"md\"&gt;&lt;p&gt;Wow.  This is fantastic. Thank you so very much for the answer and effort.   Much appreciated.. We will work our way through this list.&lt;/p&gt;\n&lt;/div&gt;", "subreddit_type": "public", "can_gild": true, "subreddit": "AskHistorians", "name": "t1_dwm0ygp", "score_hidden": false, "permalink": "/r/AskHistorians/comments/88netr/world_war_ii_movies_in_order/dwm0ygp/", "num_reports": null, "stickied": false, "created": 1522581941.0, "author_flair_text": null, "created_utc": 1522553141.0, "subreddit_name_prefixed": "r/AskHistorians", "controversiality": 0, "depth": 1, "mod_reports": [], "mod_note": null, "distinguished": null}}], "after": null, "before": null}}, "user_reports": [], "saved": false, "id": "dwlxzzw", "banned_at_utc": null, "mod_reason_title": null, "gilded": 0, "archived": false, "report_reasons": null, "author": "BRIStoneman", "can_mod_post": false, "send_replies": true, "parent_id": "t3_88netr", "score": 6, "approved_by": null, "downs": 0, "body": "The Battle of Britain (1969) - 1940 (Self-explanatory really)\n\nIce Cold In Alex (1958) - 1941(ish) (British army in North Africa)\n\nDays Of Glory (2006) - 1940 to 1945 (French Colonial Troops)\n\nUnsere M\u00fctter, Unsere Vater (2013) - 1941 to 1945 (Experiences of a group of German friends who all end up on the Eastern Front [one in the Heer, one the Waffen SS, one a nurse, one an entertainer and one a Jew on the run from the SS]).\n\nThe 39th Battalion/Kokoda (2006) - 1942 (Australian forces in the defence of Papua New Guinea against the Japanese)\n\nThe Heroes of Telemark (1965) - 1942/1943 (Operation Gunnerside - British/Norwegian commando operations to sabotage German heavy water production)\n\nCzterej pancerni i pies/4 Men and a Tank (1966-1970) - 1943 to 1945 (Slightly madcap Polish series about a Polish tank crew serving with the Red Army in the liberation of their homeland.)\n\nThe Longest Day (1962) - 1944 (D-Day)\n\nA Bridge Too Far (1977) - 1944 (Operation Market Garden)\n\nBand of Brothers (2001) - 1944 to 1945 (US Airborne from D-Day to VE Day)  ", "edited": false, "author_flair_css_class": "europe", "collapsed": false, "is_submitter": false, "collapsed_reason": null, "body_html": "&lt;div class=\"md\"&gt;&lt;p&gt;The Battle of Britain (1969) - 1940 (Self-explanatory really)&lt;/p&gt;\n\n&lt;p&gt;Ice Cold In Alex (1958) - 1941(ish) (British army in North Africa)&lt;/p&gt;\n\n&lt;p&gt;Days Of Glory (2006) - 1940 to 1945 (French Colonial Troops)&lt;/p&gt;\n\n&lt;p&gt;Unsere M\u00fctter, Unsere Vater (2013) - 1941 to 1945 (Experiences of a group of German friends who all end up on the Eastern Front [one in the Heer, one the Waffen SS, one a nurse, one an entertainer and one a Jew on the run from the SS]).&lt;/p&gt;\n\n&lt;p&gt;The 39th Battalion/Kokoda (2006) - 1942 (Australian forces in the defence of Papua New Guinea against the Japanese)&lt;/p&gt;\n\n&lt;p&gt;The Heroes of Telemark (1965) - 1942/1943 (Operation Gunnerside - British/Norwegian commando operations to sabotage German heavy water production)&lt;/p&gt;\n\n&lt;p&gt;Czterej pancerni i pies/4 Men and a Tank (1966-1970) - 1943 to 1945 (Slightly madcap Polish series about a Polish tank crew serving with the Red Army in the liberation of their homeland.)&lt;/p&gt;\n\n&lt;p&gt;The Longest Day (1962) - 1944 (D-Day)&lt;/p&gt;\n\n&lt;p&gt;A Bridge Too Far (1977) - 1944 (Operation Market Garden)&lt;/p&gt;\n\n&lt;p&gt;Band of Brothers (2001) - 1944 to 1945 (US Airborne from D-Day to VE Day)  &lt;/p&gt;\n&lt;/div&gt;", "subreddit_type": "public", "can_gild": true, "subreddit": "AskHistorians", "name": "t1_dwlxzzw", "score_hidden": false, "permalink": "/r/AskHistorians/comments/88netr/world_war_ii_movies_in_order/dwlxzzw/", "num_reports": null, "stickied": false, "created": 1522578287.0, "author_flair_text": "Early Medieval Europe | Anglo-Saxon England", "created_utc": 1522549487.0, "subreddit_name_prefixed": "r/AskHistorians", "controversiality": 0, "depth": 0, "mod_reports": [], "mod_note": null, "distinguished": null}}, {"kind": "t1", "data": {"subreddit_id": "t5_2ssp3", "approved_at_utc": null, "ups": 1, "mod_reason_by": null, "banned_by": null, "removal_reason": null, "link_id": "t3_88netr", "author_flair_template_id": null, "likes": null, "no_follow": true, "replies": "", "user_reports": [], "saved": false, "id": "dwnuaku", "banned_at_utc": null, "mod_reason_title": null, "gilded": 0, "archived": false, "report_reasons": null, "author": "Ancient_Dude", "can_mod_post": false, "send_replies": true, "parent_id": "t3_88netr", "score": 1, "approved_by": null, "downs": 0, "body": "Here are a few for the  war in the Pacific:\n\nEmpire of the Sun\n\nPearl Harbor\n\nMidway\n\nThe Thin Red Line\n\nBridge on the River Kwai\n\n\nFor the war in Europe:\n\nSink the Bismark\n\nSaving Private Ryan\n\nDownfall (2004 German language on Hitler's last days)\n\n\n\n\n", "edited": false, "author_flair_css_class": null, "collapsed": false, "is_submitter": false, "collapsed_reason": null, "body_html": "&lt;div class=\"md\"&gt;&lt;p&gt;Here are a few for the  war in the Pacific:&lt;/p&gt;\n\n&lt;p&gt;Empire of the Sun&lt;/p&gt;\n\n&lt;p&gt;Pearl Harbor&lt;/p&gt;\n\n&lt;p&gt;Midway&lt;/p&gt;\n\n&lt;p&gt;The Thin Red Line&lt;/p&gt;\n\n&lt;p&gt;Bridge on the River Kwai&lt;/p&gt;\n\n&lt;p&gt;For the war in Europe:&lt;/p&gt;\n\n&lt;p&gt;Sink the Bismark&lt;/p&gt;\n\n&lt;p&gt;Saving Private Ryan&lt;/p&gt;\n\n&lt;p&gt;Downfall (2004 German language on Hitler&amp;#39;s last days)&lt;/p&gt;\n&lt;/div&gt;", "subreddit_type": "public", "can_gild": true, "subreddit": "AskHistorians", "name": "t1_dwnuaku", "score_hidden": false, "permalink": "/r/AskHistorians/comments/88netr/world_war_ii_movies_in_order/dwnuaku/", "num_reports": null, "stickied": false, "created": 1522674421.0, "author_flair_text": null, "created_utc": 1522645621.0, "subreddit_name_prefixed": "r/AskHistorians", "controversiality": 0, "depth": 0, "mod_reports": [], "mod_note": null, "distinguished": null}}], "after": null, "before": null}}]