[{"kind": "Listing", "data": {"modhash": "", "dist": 1, "children": [{"kind": "t3", "data": {"subreddit_id": "t5_2ssp3", "approved_at_utc": null, "send_replies": false, "mod_reason_by": null, "banned_by": null, "removal_reason": null, "wls": 6, "subreddit": "AskHistorians", "selftext_html": "&lt;!-- SC_OFF --&gt;&lt;div class=\"md\"&gt;&lt;p&gt;[removed]&lt;/p&gt;\n&lt;/div&gt;&lt;!-- SC_ON --&gt;", "author_flair_template_id": null, "selftext": "[removed]", "likes": null, "suggested_sort": null, "mod_note": null, "user_reports": [], "secure_media": null, "is_reddit_media_domain": false, "saved": false, "id": "88o5h2", "banned_at_utc": null, "mod_reason_title": null, "view_count": null, "archived": false, "clicked": false, "no_follow": false, "author": "funkyedwardgibbon", "num_crossposts": 0, "link_flair_text": null, "can_mod_post": false, "is_crosspostable": false, "pinned": false, "score": 15, "approved_by": null, "over_18": false, "domain": "self.AskHistorians", "hidden": false, "pwls": 6, "thumbnail": "", "hide_score": false, "edited": false, "link_flair_css_class": null, "media_only": false, "author_flair_css_class": null, "contest_mode": false, "gilded": 0, "title": "How did the discovery of the Flashman Papers change nineteenth century historiography?", "downs": 0, "secure_media_embed": {}, "media_embed": {}, "author_flair_text": null, "stickied": false, "can_gild": false, "is_self": true, "parent_whitelist_status": "all_ads", "name": "t3_88o5h2", "spoiler": false, "permalink": "/r/AskHistorians/comments/88o5h2/how_did_the_discovery_of_the_flashman_papers/", "subreddit_type": "public", "locked": false, "report_reasons": null, "created": 1522583647.0, "url": "https://www.reddit.com/r/AskHistorians/comments/88o5h2/how_did_the_discovery_of_the_flashman_papers/", "whitelist_status": "all_ads", "quarantine": false, "subreddit_subscribers": 755567, "created_utc": 1522554847.0, "subreddit_name_prefixed": "r/AskHistorians", "distinguished": null, "media": null, "num_comments": 5, "upvote_ratio": 0.81, "mod_reports": [], "visited": false, "num_reports": null, "is_video": false, "ups": 15, "post_categories": null}}], "after": null, "before": null}}, {"kind": "Listing", "data": {"modhash": "", "dist": null, "children": [{"kind": "t1", "data": {"subreddit_id": "t5_2ssp3", "approved_at_utc": null, "ups": 2, "mod_reason_by": null, "banned_by": null, "removal_reason": null, "link_id": "t3_88o5h2", "author_flair_template_id": null, "likes": null, "no_follow": true, "replies": {"kind": "Listing", "data": {"modhash": "", "dist": null, "children": [{"kind": "t1", "data": {"subreddit_id": "t5_2ssp3", "approved_at_utc": null, "ups": 2, "mod_reason_by": null, "banned_by": null, "removal_reason": null, "link_id": "t3_88o5h2", "author_flair_template_id": null, "likes": null, "no_follow": true, "replies": "", "user_reports": [], "saved": false, "id": "dwmb4ev", "banned_at_utc": null, "mod_reason_title": null, "gilded": 0, "archived": false, "report_reasons": null, "author": "funkyedwardgibbon", "can_mod_post": false, "send_replies": true, "parent_id": "t1_dwm9xce", "score": 2, "approved_by": null, "downs": 0, "body": "Apologies!", "edited": false, "author_flair_css_class": null, "collapsed": false, "is_submitter": true, "collapsed_reason": null, "body_html": "&lt;div class=\"md\"&gt;&lt;p&gt;Apologies!&lt;/p&gt;\n&lt;/div&gt;", "subreddit_type": "public", "can_gild": true, "subreddit": "AskHistorians", "name": "t1_dwmb4ev", "score_hidden": false, "permalink": "/r/AskHistorians/comments/88o5h2/how_did_the_discovery_of_the_flashman_papers/dwmb4ev/", "num_reports": null, "stickied": false, "created": 1522599581.0, "author_flair_text": null, "created_utc": 1522570781.0, "subreddit_name_prefixed": "r/AskHistorians", "controversiality": 0, "depth": 1, "mod_reports": [], "mod_note": null, "distinguished": null}}], "after": null, "before": null}}, "user_reports": [], "saved": false, "id": "dwm9xce", "banned_at_utc": null, "mod_reason_title": null, "gilded": 0, "archived": false, "report_reasons": null, "author": "hillsonghoods", "can_mod_post": false, "send_replies": true, "parent_id": "t3_88o5h2", "score": 2, "approved_by": null, "downs": 0, "body": "Hi there - April Fools Day it is, but we do a specific theme each year, and fictional 'historical' characters is one we've previously done. You'll Never Guess What Our Current Theme Is! To Find Out More, Please Click Through Some Of Our Most Popular Posts Right Now!", "edited": false, "author_flair_css_class": "moderator", "collapsed": false, "is_submitter": false, "collapsed_reason": null, "body_html": "&lt;div class=\"md\"&gt;&lt;p&gt;Hi there - April Fools Day it is, but we do a specific theme each year, and fictional &amp;#39;historical&amp;#39; characters is one we&amp;#39;ve previously done. You&amp;#39;ll Never Guess What Our Current Theme Is! To Find Out More, Please Click Through Some Of Our Most Popular Posts Right Now!&lt;/p&gt;\n&lt;/div&gt;", "subreddit_type": "public", "can_gild": true, "subreddit": "AskHistorians", "name": "t1_dwm9xce", "score_hidden": false, "permalink": "/r/AskHistorians/comments/88o5h2/how_did_the_discovery_of_the_flashman_papers/dwm9xce/", "num_reports": null, "stickied": false, "created": 1522596793.0, "author_flair_text": "Moderator | 20th Century Pop Music | History of Psychology", "created_utc": 1522567993.0, "subreddit_name_prefixed": "r/AskHistorians", "controversiality": 0, "depth": 0, "mod_reports": [], "mod_note": null, "distinguished": "moderator"}}, {"kind": "t1", "data": {"subreddit_id": "t5_2ssp3", "approved_at_utc": null, "ups": 0, "mod_reason_by": null, "banned_by": null, "removal_reason": null, "link_id": "t3_88o5h2", "author_flair_template_id": null, "likes": null, "no_follow": true, "replies": {"kind": "Listing", "data": {"modhash": "", "dist": null, "children": [{"kind": "t1", "data": {"subreddit_id": "t5_2ssp3", "approved_at_utc": null, "ups": 1, "mod_reason_by": null, "banned_by": null, "removal_reason": null, "link_id": "t3_88o5h2", "author_flair_template_id": null, "likes": null, "no_follow": true, "replies": {"kind": "Listing", "data": {"modhash": "", "dist": null, "children": [{"kind": "t1", "data": {"subreddit_id": "t5_2ssp3", "approved_at_utc": null, "ups": 2, "mod_reason_by": null, "banned_by": null, "removal_reason": null, "link_id": "t3_88o5h2", "author_flair_template_id": null, "likes": null, "no_follow": true, "replies": "", "user_reports": [], "saved": false, "id": "dwmbdql", "banned_at_utc": null, "mod_reason_title": null, "gilded": 0, "archived": false, "report_reasons": null, "author": "Vespertine", "can_mod_post": false, "send_replies": true, "parent_id": "t1_dwmb494", "score": 2, "approved_by": null, "downs": 0, "body": "Awesome username though", "edited": false, "author_flair_css_class": null, "collapsed": false, "is_submitter": false, "collapsed_reason": null, "body_html": "&lt;div class=\"md\"&gt;&lt;p&gt;Awesome username though&lt;/p&gt;\n&lt;/div&gt;", "subreddit_type": "public", "can_gild": true, "subreddit": "AskHistorians", "name": "t1_dwmbdql", "score_hidden": false, "permalink": "/r/AskHistorians/comments/88o5h2/how_did_the_discovery_of_the_flashman_papers/dwmbdql/", "num_reports": null, "stickied": false, "created": 1522600201.0, "author_flair_text": null, "created_utc": 1522571401.0, "subreddit_name_prefixed": "r/AskHistorians", "controversiality": 0, "depth": 2, "mod_reports": [], "mod_note": null, "distinguished": null}}], "after": null, "before": null}}, "user_reports": [], "saved": false, "id": "dwmb494", "banned_at_utc": null, "mod_reason_title": null, "gilded": 0, "archived": false, "report_reasons": null, "author": "funkyedwardgibbon", "can_mod_post": false, "send_replies": true, "parent_id": "t1_dwma537", "score": 1, "approved_by": null, "downs": 0, "body": "A poor attempt at an April Fool's day joke, I'm afraid.", "edited": false, "author_flair_css_class": null, "collapsed": false, "is_submitter": true, "collapsed_reason": null, "body_html": "&lt;div class=\"md\"&gt;&lt;p&gt;A poor attempt at an April Fool&amp;#39;s day joke, I&amp;#39;m afraid.&lt;/p&gt;\n&lt;/div&gt;", "subreddit_type": "public", "can_gild": true, "subreddit": "AskHistorians", "name": "t1_dwmb494", "score_hidden": false, "permalink": "/r/AskHistorians/comments/88o5h2/how_did_the_discovery_of_the_flashman_papers/dwmb494/", "num_reports": null, "stickied": false, "created": 1522599571.0, "author_flair_text": null, "created_utc": 1522570771.0, "subreddit_name_prefixed": "r/AskHistorians", "controversiality": 0, "depth": 1, "mod_reports": [], "mod_note": null, "distinguished": null}}], "after": null, "before": null}}, "user_reports": [], "saved": false, "id": "dwma537", "banned_at_utc": null, "mod_reason_title": null, "gilded": 0, "archived": false, "report_reasons": null, "author": "[deleted]", "can_mod_post": false, "send_replies": true, "parent_id": "t3_88o5h2", "score": 0, "approved_by": null, "downs": 0, "body": "[deleted]", "edited": false, "author_flair_css_class": null, "collapsed": false, "is_submitter": false, "collapsed_reason": null, "body_html": "&lt;div class=\"md\"&gt;&lt;p&gt;[deleted]&lt;/p&gt;\n&lt;/div&gt;", "subreddit_type": "public", "can_gild": true, "subreddit": "AskHistorians", "name": "t1_dwma537", "score_hidden": false, "permalink": "/r/AskHistorians/comments/88o5h2/how_did_the_discovery_of_the_flashman_papers/dwma537/", "num_reports": null, "stickied": false, "created": 1522597280.0, "author_flair_text": null, "created_utc": 1522568480.0, "subreddit_name_prefixed": "r/AskHistorians", "controversiality": 0, "depth": 0, "mod_reports": [], "mod_note": null, "distinguished": null}}], "after": null, "before": null}}]