[{"kind": "Listing", "data": {"modhash": "", "dist": 1, "children": [{"kind": "t3", "data": {"subreddit_id": "t5_2ssp3", "approved_at_utc": null, "send_replies": true, "mod_reason_by": null, "banned_by": null, "removal_reason": null, "wls": 6, "subreddit": "AskHistorians", "selftext_html": "&lt;!-- SC_OFF --&gt;&lt;div class=\"md\"&gt;&lt;p&gt;For focus on this question see Elizabeth Lunbeck, and the case notes of Emerson. I&amp;#39;m well aware that this was by no means the majority of diagnosed Hysterics, but could the argument be made that this was a probable explanation for framing complaints of women surviving PTSD/sexual assault? I&amp;#39;ve been working on research into Hysteria and the parallel seems striking to me, even if Victorians lacked the framework for describing such a thing, but I don&amp;#39;t have a broader understanding of constructions at the time to fully know if this is plausible or if it&amp;#39;s just a projection of modern frameworks.&lt;/p&gt;\n&lt;/div&gt;&lt;!-- SC_ON --&gt;", "author_flair_template_id": null, "selftext": "For focus on this question see Elizabeth Lunbeck, and the case notes of Emerson. I'm well aware that this was by no means the majority of diagnosed Hysterics, but could the argument be made that this was a probable explanation for framing complaints of women surviving PTSD/sexual assault? I've been working on research into Hysteria and the parallel seems striking to me, even if Victorians lacked the framework for describing such a thing, but I don't have a broader understanding of constructions at the time to fully know if this is plausible or if it's just a projection of modern frameworks.", "likes": null, "suggested_sort": null, "mod_note": null, "user_reports": [], "secure_media": null, "is_reddit_media_domain": false, "saved": false, "id": "88ovue", "banned_at_utc": null, "mod_reason_title": null, "view_count": null, "archived": false, "clicked": false, "no_follow": false, "author": "sparkleeemotion", "num_crossposts": 0, "link_flair_text": null, "can_mod_post": false, "is_crosspostable": false, "pinned": false, "score": 7, "approved_by": null, "over_18": false, "domain": "self.AskHistorians", "hidden": false, "pwls": 6, "thumbnail": "", "hide_score": false, "edited": false, "link_flair_css_class": null, "media_only": false, "author_flair_css_class": null, "contest_mode": false, "gilded": 0, "title": "Is it a probable thesis that many diagnosed Hysterics in the Victorian era were actually just survivors of sexual assault?", "downs": 0, "secure_media_embed": {}, "media_embed": {}, "author_flair_text": null, "stickied": false, "can_gild": false, "is_self": true, "parent_whitelist_status": "all_ads", "name": "t3_88ovue", "spoiler": false, "permalink": "/r/AskHistorians/comments/88ovue/is_it_a_probable_thesis_that_many_diagnosed/", "subreddit_type": "public", "locked": false, "report_reasons": null, "created": 1522591931.0, "url": "https://www.reddit.com/r/AskHistorians/comments/88ovue/is_it_a_probable_thesis_that_many_diagnosed/", "whitelist_status": "all_ads", "quarantine": false, "subreddit_subscribers": 755567, "created_utc": 1522563131.0, "subreddit_name_prefixed": "r/AskHistorians", "distinguished": null, "media": null, "num_comments": 0, "upvote_ratio": 0.63, "mod_reports": [], "visited": false, "num_reports": null, "is_video": false, "ups": 7, "post_categories": null}}], "after": null, "before": null}}, {"kind": "Listing", "data": {"modhash": "", "dist": null, "children": [], "after": null, "before": null}}]