[{"kind": "Listing", "data": {"modhash": "", "dist": 1, "children": [{"kind": "t3", "data": {"subreddit_id": "t5_2ssp3", "approved_at_utc": null, "send_replies": true, "mod_reason_by": null, "banned_by": null, "removal_reason": null, "wls": 6, "subreddit": "AskHistorians", "selftext_html": null, "author_flair_template_id": null, "selftext": "", "likes": null, "suggested_sort": null, "mod_note": null, "user_reports": [], "secure_media": null, "is_reddit_media_domain": false, "saved": false, "id": "88oxof", "banned_at_utc": null, "mod_reason_title": null, "view_count": null, "archived": false, "clicked": false, "no_follow": false, "author": "Ciscoblue113", "num_crossposts": 0, "link_flair_text": null, "can_mod_post": false, "is_crosspostable": false, "pinned": false, "score": 547, "approved_by": null, "over_18": false, "domain": "self.AskHistorians", "hidden": false, "pwls": 6, "thumbnail": "", "hide_score": false, "edited": false, "link_flair_css_class": null, "media_only": false, "author_flair_css_class": null, "contest_mode": false, "gilded": 0, "title": "How did April Fools become a thing?", "downs": 0, "secure_media_embed": {}, "media_embed": {}, "author_flair_text": null, "stickied": false, "can_gild": false, "is_self": true, "parent_whitelist_status": "all_ads", "name": "t3_88oxof", "spoiler": false, "permalink": "/r/AskHistorians/comments/88oxof/how_did_april_fools_become_a_thing/", "subreddit_type": "public", "locked": false, "report_reasons": null, "created": 1522592610.0, "url": "https://www.reddit.com/r/AskHistorians/comments/88oxof/how_did_april_fools_become_a_thing/", "whitelist_status": "all_ads", "quarantine": false, "subreddit_subscribers": 755567, "created_utc": 1522563810.0, "subreddit_name_prefixed": "r/AskHistorians", "distinguished": null, "media": null, "num_comments": 8, "upvote_ratio": 0.95, "mod_reports": [], "visited": false, "num_reports": null, "is_video": false, "ups": 547, "post_categories": null}}], "after": null, "before": null}}, {"kind": "Listing", "data": {"modhash": "", "dist": null, "children": [{"kind": "t1", "data": {"subreddit_id": "t5_2ssp3", "approved_at_utc": null, "ups": 40, "mod_reason_by": null, "banned_by": null, "removal_reason": null, "link_id": "t3_88oxof", "author_flair_template_id": null, "likes": null, "no_follow": false, "replies": {"kind": "Listing", "data": {"modhash": "", "dist": null, "children": [{"kind": "t1", "data": {"subreddit_id": "t5_2ssp3", "approved_at_utc": null, "ups": 5, "mod_reason_by": null, "banned_by": null, "removal_reason": null, "link_id": "t3_88oxof", "author_flair_template_id": null, "likes": null, "no_follow": false, "replies": "", "user_reports": [], "saved": false, "id": "dwmrls6", "banned_at_utc": null, "mod_reason_title": null, "gilded": 0, "archived": false, "report_reasons": null, "author": "kagantx", "can_mod_post": false, "send_replies": true, "parent_id": "t1_dwmlyer", "score": 5, "approved_by": null, "downs": 0, "body": "The second link was an April Fool's reply, so don't believe it.", "edited": false, "author_flair_css_class": null, "collapsed": false, "is_submitter": false, "collapsed_reason": null, "body_html": "&lt;div class=\"md\"&gt;&lt;p&gt;The second link was an April Fool&amp;#39;s reply, so don&amp;#39;t believe it.&lt;/p&gt;\n&lt;/div&gt;", "subreddit_type": "public", "can_gild": true, "subreddit": "AskHistorians", "name": "t1_dwmrls6", "score_hidden": false, "permalink": "/r/AskHistorians/comments/88oxof/how_did_april_fools_become_a_thing/dwmrls6/", "num_reports": null, "stickied": false, "created": 1522628191.0, "author_flair_text": null, "created_utc": 1522599391.0, "subreddit_name_prefixed": "r/AskHistorians", "controversiality": 0, "depth": 1, "mod_reports": [], "mod_note": null, "distinguished": null}}], "after": null, "before": null}}, "user_reports": [], "saved": false, "id": "dwmlyer", "banned_at_utc": null, "mod_reason_title": null, "gilded": 0, "archived": false, "report_reasons": null, "author": "knoperope", "can_mod_post": false, "send_replies": true, "parent_id": "t3_88oxof", "score": 40, "approved_by": null, "downs": 0, "body": "Check out these previous answers while you're waiting:\n\n[Questions About April Fools Day](https://www.reddit.com/r/AskHistorians/comments/4cuyni/questions_about_april_fools_day/) by /u/SobanSa\n\n[When and how did \"April Fools\" come into being?](https://www.reddit.com/r/AskHistorians/comments/21vzf7/when_and_how_did_april_fools_come_into_being/) by /u/idjet", "edited": 1522600224.0, "author_flair_css_class": "qualitycontributor", "collapsed": false, "is_submitter": false, "collapsed_reason": null, "body_html": "&lt;div class=\"md\"&gt;&lt;p&gt;Check out these previous answers while you&amp;#39;re waiting:&lt;/p&gt;\n\n&lt;p&gt;&lt;a href=\"https://www.reddit.com/r/AskHistorians/comments/4cuyni/questions_about_april_fools_day/\"&gt;Questions About April Fools Day&lt;/a&gt; by &lt;a href=\"/u/SobanSa\"&gt;/u/SobanSa&lt;/a&gt;&lt;/p&gt;\n\n&lt;p&gt;&lt;a href=\"https://www.reddit.com/r/AskHistorians/comments/21vzf7/when_and_how_did_april_fools_come_into_being/\"&gt;When and how did &amp;quot;April Fools&amp;quot; come into being?&lt;/a&gt; by &lt;a href=\"/u/idjet\"&gt;/u/idjet&lt;/a&gt;&lt;/p&gt;\n&lt;/div&gt;", "subreddit_type": "public", "can_gild": true, "subreddit": "AskHistorians", "name": "t1_dwmlyer", "score_hidden": false, "permalink": "/r/AskHistorians/comments/88oxof/how_did_april_fools_become_a_thing/dwmlyer/", "num_reports": null, "stickied": false, "created": 1522621571.0, "author_flair_text": "FAQ Finder", "created_utc": 1522592771.0, "subreddit_name_prefixed": "r/AskHistorians", "controversiality": 0, "depth": 0, "mod_reports": [], "mod_note": null, "distinguished": null}}], "after": null, "before": null}}]