[{"kind": "Listing", "data": {"modhash": "", "dist": 1, "children": [{"kind": "t3", "data": {"subreddit_id": "t5_2ssp3", "approved_at_utc": null, "send_replies": true, "mod_reason_by": null, "banned_by": null, "removal_reason": null, "wls": 6, "subreddit": "AskHistorians", "selftext_html": "&lt;!-- SC_OFF --&gt;&lt;div class=\"md\"&gt;&lt;p&gt;I&amp;#39;ve been reading a bit on Wikipedia about the Arab Revolt and watching the Great War series on Youtube; and I started to feel that the revolt was a Hejazi or Hashemite Revolt than a complete nationalistic revolt by all Arabs. In Iraq, Baghdad is captured by the British months before Aqaba, and there are no uprisings, that I know of, which attack the Ottoman troops. In the west, it was more of a slow push from south to north, and the Arabs in big population centers like Damascus or Aleppo did not rise up to join the revolt before the British and Hashemite forces actually captured the cities. To me, it feels like the cause of the revolt was the ambitions of Sharif Hussein and his dislike of the Ottomans rather than a nationalistic sentiment in Arabs, and the nationalistic part of revolt is more a propaganda to increase its legitimacy. &lt;/p&gt;\n\n&lt;p&gt;What are the historians thoughts about the revolt? Am I wrong in my assessment and did the Arabs from the rest of the Empire actually join the revolt in a nationalistic goal to create an independent Arabia?&lt;/p&gt;\n&lt;/div&gt;&lt;!-- SC_ON --&gt;", "author_flair_template_id": null, "selftext": "I've been reading a bit on Wikipedia about the Arab Revolt and watching the Great War series on Youtube; and I started to feel that the revolt was a Hejazi or Hashemite Revolt than a complete nationalistic revolt by all Arabs. In Iraq, Baghdad is captured by the British months before Aqaba, and there are no uprisings, that I know of, which attack the Ottoman troops. In the west, it was more of a slow push from south to north, and the Arabs in big population centers like Damascus or Aleppo did not rise up to join the revolt before the British and Hashemite forces actually captured the cities. To me, it feels like the cause of the revolt was the ambitions of Sharif Hussein and his dislike of the Ottomans rather than a nationalistic sentiment in Arabs, and the nationalistic part of revolt is more a propaganda to increase its legitimacy. \n\nWhat are the historians thoughts about the revolt? Am I wrong in my assessment and did the Arabs from the rest of the Empire actually join the revolt in a nationalistic goal to create an independent Arabia?", "likes": null, "suggested_sort": null, "mod_note": null, "user_reports": [], "secure_media": null, "is_reddit_media_domain": false, "saved": false, "id": "88pnqo", "banned_at_utc": null, "mod_reason_title": null, "view_count": null, "archived": false, "clicked": false, "no_follow": true, "author": "Kumsaati", "num_crossposts": 0, "link_flair_text": null, "can_mod_post": false, "is_crosspostable": false, "pinned": false, "score": 8, "approved_by": null, "over_18": false, "domain": "self.AskHistorians", "hidden": false, "pwls": 6, "thumbnail": "", "hide_score": false, "edited": false, "link_flair_css_class": null, "media_only": false, "author_flair_css_class": null, "contest_mode": false, "gilded": 0, "title": "Did Arabs in Syria, Palestine or Iraq join the Arab Revolt during WW1?", "downs": 0, "secure_media_embed": {}, "media_embed": {}, "author_flair_text": null, "stickied": false, "can_gild": false, "is_self": true, "parent_whitelist_status": "all_ads", "name": "t3_88pnqo", "spoiler": false, "permalink": "/r/AskHistorians/comments/88pnqo/did_arabs_in_syria_palestine_or_iraq_join_the/", "subreddit_type": "public", "locked": false, "report_reasons": null, "created": 1522603071.0, "url": "https://www.reddit.com/r/AskHistorians/comments/88pnqo/did_arabs_in_syria_palestine_or_iraq_join_the/", "whitelist_status": "all_ads", "quarantine": false, "subreddit_subscribers": 755567, "created_utc": 1522574271.0, "subreddit_name_prefixed": "r/AskHistorians", "distinguished": null, "media": null, "num_comments": 1, "upvote_ratio": 0.77, "mod_reports": [], "visited": false, "num_reports": null, "is_video": false, "ups": 8, "post_categories": null}}], "after": null, "before": null}}, {"kind": "Listing", "data": {"modhash": "", "dist": null, "children": [{"kind": "t1", "data": {"subreddit_id": "t5_2ssp3", "approved_at_utc": null, "ups": 2, "mod_reason_by": null, "banned_by": null, "removal_reason": null, "link_id": "t3_88pnqo", "author_flair_template_id": null, "likes": null, "no_follow": true, "replies": "", "user_reports": [], "saved": false, "id": "dwo8i1v", "banned_at_utc": null, "mod_reason_title": null, "gilded": 0, "archived": false, "report_reasons": null, "author": "Zooasaurus", "can_mod_post": false, "send_replies": true, "parent_id": "t3_88pnqo", "score": 2, "approved_by": null, "downs": 0, "body": "You're right actually. Husayn was not an Arab nationalist, and he did not think in terms of the ideology of Arabism. The Arab Revolt at first intended by Huseyn to establish a hereditary kingdom or principality for his family in the Hejaz as a sharif and amir of Mecca, think of Muhammad Ali and Egypt for example. Although sporadic support emerged in Syria, it failed to gather overall organized support in Arab-speaking provinces of the Ottoman Empire. In fact, most Arab figures at the time actually condemns Huseyn's actions as it's dividing the Ottoman-Islamic Empire at a time when unity was crucial.\n\nRather than a popular uprising against the Ottoman Empire, the Arab Revolt was a more narrowly based enterprise relying on tribal levies from Arabia and dominated by the Hashemite family effort", "edited": 1522715830.0, "author_flair_css_class": null, "collapsed": false, "is_submitter": false, "collapsed_reason": null, "body_html": "&lt;div class=\"md\"&gt;&lt;p&gt;You&amp;#39;re right actually. Husayn was not an Arab nationalist, and he did not think in terms of the ideology of Arabism. The Arab Revolt at first intended by Huseyn to establish a hereditary kingdom or principality for his family in the Hejaz as a sharif and amir of Mecca, think of Muhammad Ali and Egypt for example. Although sporadic support emerged in Syria, it failed to gather overall organized support in Arab-speaking provinces of the Ottoman Empire. In fact, most Arab figures at the time actually condemns Huseyn&amp;#39;s actions as it&amp;#39;s dividing the Ottoman-Islamic Empire at a time when unity was crucial.&lt;/p&gt;\n\n&lt;p&gt;Rather than a popular uprising against the Ottoman Empire, the Arab Revolt was a more narrowly based enterprise relying on tribal levies from Arabia and dominated by the Hashemite family effort&lt;/p&gt;\n&lt;/div&gt;", "subreddit_type": "public", "can_gild": true, "subreddit": "AskHistorians", "name": "t1_dwo8i1v", "score_hidden": false, "permalink": "/r/AskHistorians/comments/88pnqo/did_arabs_in_syria_palestine_or_iraq_join_the/dwo8i1v/", "num_reports": null, "stickied": false, "created": 1522705187.0, "author_flair_text": null, "created_utc": 1522676387.0, "subreddit_name_prefixed": "r/AskHistorians", "controversiality": 0, "depth": 0, "mod_reports": [], "mod_note": null, "distinguished": null}}], "after": null, "before": null}}]