[{"kind": "Listing", "data": {"modhash": "", "dist": 1, "children": [{"kind": "t3", "data": {"approved_at_utc": null, "subreddit": "AskHistorians", "selftext": "I see this questions all the time for English speakers and I wonder if there is any difference for Spanish.", "user_reports": [], "saved": false, "mod_reason_title": null, "gilded": 0, "clicked": false, "title": "As an Spanish speaker (espa\u00f1ol latino), how far back in time could I go before I couldn't understand people enough to communicate?", "link_flair_richtext": [], "subreddit_name_prefixed": "r/AskHistorians", "hidden": false, "pwls": 6, "link_flair_css_class": null, "downs": 0, "top_awarded_type": null, "parent_whitelist_status": "all_ads", "hide_score": false, "name": "t3_k4nj3a", "quarantine": false, "link_flair_text_color": "dark", "upvote_ratio": 0.84, "author_flair_background_color": null, "subreddit_type": "public", "ups": 43, "total_awards_received": 0, "media_embed": {}, "author_flair_template_id": null, "is_original_content": false, "author_fullname": "t2_4b6om", "secure_media": null, "is_reddit_media_domain": false, "is_meta": false, "category": null, "secure_media_embed": {}, "link_flair_text": null, "can_mod_post": false, "score": 43, "approved_by": null, "author_premium": false, "thumbnail": "", "edited": false, "author_flair_css_class": null, "author_flair_richtext": [], "gildings": {}, "content_categories": null, "is_self": true, "mod_note": null, "created": 1606866923.0, "link_flair_type": "text", "wls": 6, "removed_by_category": null, "banned_by": null, "author_flair_type": "text", "domain": "self.AskHistorians", "allow_live_comments": false, "selftext_html": "&lt;!-- SC_OFF --&gt;&lt;div class=\"md\"&gt;&lt;p&gt;I see this questions all the time for English speakers and I wonder if there is any difference for Spanish.&lt;/p&gt;\n&lt;/div&gt;&lt;!-- SC_ON --&gt;", "likes": null, "suggested_sort": null, "banned_at_utc": null, "view_count": null, "archived": false, "no_follow": false, "is_crosspostable": false, "pinned": false, "over_18": false, "all_awardings": [], "awarders": [], "media_only": false, "can_gild": false, "spoiler": false, "locked": false, "author_flair_text": null, "treatment_tags": [], "visited": false, "removed_by": null, "num_reports": null, "distinguished": null, "subreddit_id": "t5_2ssp3", "mod_reason_by": null, "removal_reason": null, "link_flair_background_color": "", "id": "k4nj3a", "is_robot_indexable": true, "num_duplicates": 1, "report_reasons": null, "author": "odsdaniel", "discussion_type": null, "num_comments": 6, "send_replies": true, "media": null, "contest_mode": false, "author_patreon_flair": false, "author_flair_text_color": null, "permalink": "/r/AskHistorians/comments/k4nj3a/as_an_spanish_speaker_espa\u00f1ol_latino_how_far_back/", "whitelist_status": "all_ads", "stickied": false, "url": "https://www.reddit.com/r/AskHistorians/comments/k4nj3a/as_an_spanish_speaker_espa\u00f1ol_latino_how_far_back/", "subreddit_subscribers": 1307292, "created_utc": 1606838123.0, "num_crossposts": 0, "mod_reports": [], "is_video": false}}], "after": null, "before": null}}, {"kind": "Listing", "data": {"modhash": "", "dist": null, "children": [{"kind": "t1", "data": {"total_awards_received": 0, "approved_at_utc": null, "comment_type": null, "awarders": [], "mod_reason_by": null, "banned_by": null, "ups": 1, "author_flair_type": "richtext", "removal_reason": null, "link_id": "t3_k4nj3a", "author_flair_template_id": "9e641f94-c626-11e2-8e2c-12313b0b21ae", "likes": null, "replies": "", "user_reports": [], "saved": false, "id": "ge9oaxo", "banned_at_utc": null, "mod_reason_title": null, "gilded": 0, "archived": false, "no_follow": true, "author": "AutoModerator", "can_mod_post": false, "send_replies": false, "parent_id": "t3_k4nj3a", "score": 1, "author_fullname": "t2_6l4z3", "report_reasons": null, "approved_by": null, "all_awardings": [], "subreddit_id": "t5_2ssp3", "body": "Welcome to /r/AskHistorians. **Please [Read Our Rules](https://www.reddit.com/r/AskHistorians/wiki/rules) before you comment in this community**. Understand that [rule breaking comments get removed](https://www.reddit.com/r/AskHistorians/comments/h8aefx/rules_roundtable_xviii_removed_curation_and_why/).\n\n#Please consider **[Clicking Here for RemindMeBot](https://www.reddit.com/message/compose/?to=RemindMeBot&amp;subject=Reminder&amp;message=%5Bhttps://www.reddit.com/r/AskHistorians/comments/k4nj3a/as_an_spanish_speaker_espa\u00f1ol_latino_how_far_back/%5D%0A%0ARemindMe!%202%20days)** as it takes time for an answer to be written. \n\nWe thank you for your interest in this *question*, and your patience in waiting for an in-depth and comprehensive answer to show up. In addition to RemindMeBot, consider [using our Browser Extension](https://www.reddit.com/r/AskHistorians/comments/d6dzi7/tired_of_clicking_to_find_only_removed_comments/), or getting the [Weekly Roundup](https://www.reddit.com/message/compose?to=subredditsummarybot&amp;subject=askhistorians+weekly&amp;message=x). In the meantime our [Twitter](https://twitter.com/askhistorians), [Facebook](https://www.facebook.com/askhistorians/), and [Sunday Digest](https://www.reddit.com/r/AskHistorians/search?q=title%3A%22Sunday+Digest%22&amp;restrict_sr=on&amp;sort=new&amp;t=all) feature excellent content that has already been written!\n\n\n*I am a bot, and this action was performed automatically. Please [contact the moderators of this subreddit](/message/compose/?to=/r/AskHistorians) if you have any questions or concerns.*", "edited": false, "downs": 0, "author_flair_css_class": null, "is_submitter": false, "collapsed": false, "author_flair_richtext": [{"e": "text", "t": "History of Robotics"}], "author_patreon_flair": false, "body_html": "&lt;div class=\"md\"&gt;&lt;p&gt;Welcome to &lt;a href=\"/r/AskHistorians\"&gt;/r/AskHistorians&lt;/a&gt;. &lt;strong&gt;Please &lt;a href=\"https://www.reddit.com/r/AskHistorians/wiki/rules\"&gt;Read Our Rules&lt;/a&gt; before you comment in this community&lt;/strong&gt;. Understand that &lt;a href=\"https://www.reddit.com/r/AskHistorians/comments/h8aefx/rules_roundtable_xviii_removed_curation_and_why/\"&gt;rule breaking comments get removed&lt;/a&gt;.&lt;/p&gt;\n\n&lt;h1&gt;Please consider &lt;strong&gt;&lt;a href=\"https://www.reddit.com/message/compose/?to=RemindMeBot&amp;amp;subject=Reminder&amp;amp;message=%5Bhttps://www.reddit.com/r/AskHistorians/comments/k4nj3a/as_an_spanish_speaker_espa%C3%B1ol_latino_how_far_back/%5D%0A%0ARemindMe!%202%20days\"&gt;Clicking Here for RemindMeBot&lt;/a&gt;&lt;/strong&gt; as it takes time for an answer to be written.&lt;/h1&gt;\n\n&lt;p&gt;We thank you for your interest in this &lt;em&gt;question&lt;/em&gt;, and your patience in waiting for an in-depth and comprehensive answer to show up. In addition to RemindMeBot, consider &lt;a href=\"https://www.reddit.com/r/AskHistorians/comments/d6dzi7/tired_of_clicking_to_find_only_removed_comments/\"&gt;using our Browser Extension&lt;/a&gt;, or getting the &lt;a href=\"https://www.reddit.com/message/compose?to=subredditsummarybot&amp;amp;subject=askhistorians+weekly&amp;amp;message=x\"&gt;Weekly Roundup&lt;/a&gt;. In the meantime our &lt;a href=\"https://twitter.com/askhistorians\"&gt;Twitter&lt;/a&gt;, &lt;a href=\"https://www.facebook.com/askhistorians/\"&gt;Facebook&lt;/a&gt;, and &lt;a href=\"https://www.reddit.com/r/AskHistorians/search?q=title%3A%22Sunday+Digest%22&amp;amp;restrict_sr=on&amp;amp;sort=new&amp;amp;t=all\"&gt;Sunday Digest&lt;/a&gt; feature excellent content that has already been written!&lt;/p&gt;\n\n&lt;p&gt;&lt;em&gt;I am a bot, and this action was performed automatically. Please &lt;a href=\"/message/compose/?to=/r/AskHistorians\"&gt;contact the moderators of this subreddit&lt;/a&gt; if you have any questions or concerns.&lt;/em&gt;&lt;/p&gt;\n&lt;/div&gt;", "gildings": {}, "collapsed_reason": null, "associated_award": null, "stickied": true, "author_premium": true, "subreddit_type": "public", "can_gild": true, "top_awarded_type": null, "author_flair_text_color": "light", "score_hidden": true, "permalink": "/r/AskHistorians/comments/k4nj3a/as_an_spanish_speaker_espa\u00f1ol_latino_how_far_back/ge9oaxo/", "num_reports": null, "locked": true, "name": "t1_ge9oaxo", "created": 1606866924.0, "subreddit": "AskHistorians", "author_flair_text": "History of Robotics", "treatment_tags": [], "created_utc": 1606838124.0, "subreddit_name_prefixed": "r/AskHistorians", "controversiality": 0, "depth": 0, "author_flair_background_color": "#993366", "collapsed_because_crowd_control": null, "mod_reports": [], "mod_note": null, "distinguished": "moderator"}}, {"kind": "t1", "data": {"total_awards_received": 0, "approved_at_utc": null, "comment_type": null, "awarders": [], "mod_reason_by": null, "banned_by": null, "ups": 22, "author_flair_type": "richtext", "removal_reason": null, "link_id": "t3_k4nj3a", "author_flair_template_id": "7b2f3f40-c626-11e2-9a3e-12313d1841d1", "likes": null, "replies": {"kind": "Listing", "data": {"modhash": "", "dist": null, "children": [{"kind": "t1", "data": {"total_awards_received": 0, "approved_at_utc": null, "comment_type": null, "awarders": [], "mod_reason_by": null, "banned_by": null, "ups": 7, "author_flair_type": "text", "removal_reason": null, "link_id": "t3_k4nj3a", "author_flair_template_id": null, "likes": null, "replies": {"kind": "Listing", "data": {"modhash": "", "dist": null, "children": [{"kind": "t1", "data": {"total_awards_received": 0, "approved_at_utc": null, "comment_type": null, "awarders": [], "mod_reason_by": null, "banned_by": null, "ups": 6, "author_flair_type": "richtext", "removal_reason": null, "link_id": "t3_k4nj3a", "author_flair_template_id": "7b2f3f40-c626-11e2-9a3e-12313d1841d1", "likes": null, "replies": {"kind": "Listing", "data": {"modhash": "", "dist": null, "children": [{"kind": "t1", "data": {"total_awards_received": 0, "approved_at_utc": null, "comment_type": null, "awarders": [], "mod_reason_by": null, "banned_by": null, "ups": 2, "author_flair_type": "text", "removal_reason": null, "link_id": "t3_k4nj3a", "author_flair_template_id": null, "likes": null, "replies": "", "user_reports": [], "saved": false, "id": "geegacy", "banned_at_utc": null, "mod_reason_title": null, "gilded": 0, "archived": false, "no_follow": true, "author": "frackmenow", "can_mod_post": false, "send_replies": true, "parent_id": "t1_geckizi", "score": 2, "author_fullname": "t2_30upri2j", "report_reasons": null, "approved_by": null, "all_awardings": [], "subreddit_id": "t5_2ssp3", "body": "Oooh I didn't knew that about Pompeu Fabra. So interesting!", "edited": false, "downs": 0, "author_flair_css_class": null, "is_submitter": false, "collapsed": false, "author_flair_richtext": [], "author_patreon_flair": false, "body_html": "&lt;div class=\"md\"&gt;&lt;p&gt;Oooh I didn&amp;#39;t knew that about Pompeu Fabra. So interesting!&lt;/p&gt;\n&lt;/div&gt;", "gildings": {}, "collapsed_reason": null, "associated_award": null, "stickied": false, "author_premium": false, "subreddit_type": "public", "can_gild": true, "top_awarded_type": null, "author_flair_text_color": null, "score_hidden": false, "permalink": "/r/AskHistorians/comments/k4nj3a/as_an_spanish_speaker_espa\u00f1ol_latino_how_far_back/geegacy/", "num_reports": null, "locked": false, "name": "t1_geegacy", "created": 1606964055.0, "subreddit": "AskHistorians", "author_flair_text": null, "treatment_tags": [], "created_utc": 1606935255.0, "subreddit_name_prefixed": "r/AskHistorians", "controversiality": 0, "depth": 3, "author_flair_background_color": null, "collapsed_because_crowd_control": null, "mod_reports": [], "mod_note": null, "distinguished": null}}], "after": null, "before": null}}, "user_reports": [], "saved": false, "id": "geckizi", "banned_at_utc": null, "mod_reason_title": null, "gilded": 0, "archived": false, "no_follow": false, "author": "TywinDeVillena", "can_mod_post": false, "created_utc": 1606895120.0, "send_replies": true, "parent_id": "t1_gebv820", "score": 6, "author_fullname": "t2_xwksc", "report_reasons": null, "approved_by": null, "all_awardings": [], "subreddit_id": "t5_2ssp3", "body": "I happen to have a Catalan text from the 14th century, Muntaner's Chronicle. Here you have it (I have added punctuation and accents):\n\n*En Pere an\u00e0 a Saragossa e aqu\u00ed apleg\u00e0 ses corts, e posaren-li la corona del reialme d'Arag\u00f3 ab gran solemnitat, e ab gran alegre, e ab gran festa. E com la sua coronaci\u00f2 fo feta en Arag\u00f3, venc-se'n en la ciutat de Val\u00e8ncia; e aix\u00ed mateix foren les corts grans que s'hi faeren, e reeb\u00e9 la corona del reialme de Val\u00e8ncia.\nE apr\u00e8s an\u00e0 s'en a la ciutat de Barcelona, on aix\u00ed mateix f\u00e9u grans corts. E reeb\u00e9 ab gran gloria e ab gran alegre la garlanda d\u2019on fo coronat comte de Barcelona e senyor de tota Catalunya*\n\nEnjoy it. Current day Catalan is closer to medieval Catalan because the normativisation by Pompeu Fabra was willfully archaic in order to have the language be more separate from Spanish than it was actually spoken.", "edited": false, "author_flair_css_class": null, "is_submitter": false, "downs": 0, "author_flair_richtext": [{"e": "text", "t": "Early Modern Spain"}], "author_patreon_flair": false, "body_html": "&lt;div class=\"md\"&gt;&lt;p&gt;I happen to have a Catalan text from the 14th century, Muntaner&amp;#39;s Chronicle. Here you have it (I have added punctuation and accents):&lt;/p&gt;\n\n&lt;p&gt;&lt;em&gt;En Pere an\u00e0 a Saragossa e aqu\u00ed apleg\u00e0 ses corts, e posaren-li la corona del reialme d&amp;#39;Arag\u00f3 ab gran solemnitat, e ab gran alegre, e ab gran festa. E com la sua coronaci\u00f2 fo feta en Arag\u00f3, venc-se&amp;#39;n en la ciutat de Val\u00e8ncia; e aix\u00ed mateix foren les corts grans que s&amp;#39;hi faeren, e reeb\u00e9 la corona del reialme de Val\u00e8ncia.\nE apr\u00e8s an\u00e0 s&amp;#39;en a la ciutat de Barcelona, on aix\u00ed mateix f\u00e9u grans corts. E reeb\u00e9 ab gran gloria e ab gran alegre la garlanda d\u2019on fo coronat comte de Barcelona e senyor de tota Catalunya&lt;/em&gt;&lt;/p&gt;\n\n&lt;p&gt;Enjoy it. Current day Catalan is closer to medieval Catalan because the normativisation by Pompeu Fabra was willfully archaic in order to have the language be more separate from Spanish than it was actually spoken.&lt;/p&gt;\n&lt;/div&gt;", "gildings": {}, "collapsed_reason": null, "associated_award": null, "stickied": false, "author_premium": false, "subreddit_type": "public", "can_gild": true, "top_awarded_type": null, "author_flair_text_color": "light", "score_hidden": false, "permalink": "/r/AskHistorians/comments/k4nj3a/as_an_spanish_speaker_espa\u00f1ol_latino_how_far_back/geckizi/", "num_reports": null, "locked": false, "name": "t1_geckizi", "created": 1606923920.0, "subreddit": "AskHistorians", "author_flair_text": "Early Modern Spain", "treatment_tags": [], "collapsed": false, "subreddit_name_prefixed": "r/AskHistorians", "controversiality": 0, "depth": 2, "author_flair_background_color": "#003399", "collapsed_because_crowd_control": null, "mod_reports": [], "mod_note": null, "distinguished": null}}], "after": null, "before": null}}, "user_reports": [], "saved": false, "id": "gebv820", "banned_at_utc": null, "mod_reason_title": null, "gilded": 0, "archived": false, "no_follow": false, "author": "frackmenow", "can_mod_post": false, "send_replies": true, "parent_id": "t1_geagh1b", "score": 7, "author_fullname": "t2_30upri2j", "report_reasons": null, "approved_by": null, "all_awardings": [], "subreddit_id": "t5_2ssp3", "collapsed": false, "body": "I love to read old spanish because I the simmilarities with other romance languages accrue. I find it fascinating.I only understand portuguese italian french and catalan but it is so beautiful to see them jointed! \n\nAnd I feel like a post roman empire dweller sourrounded by like olive oil vines and sardines. But that's my innacurate historical fantasy which I apologize for.", "edited": false, "author_flair_css_class": null, "is_submitter": false, "downs": 0, "author_flair_richtext": [], "author_patreon_flair": false, "body_html": "&lt;div class=\"md\"&gt;&lt;p&gt;I love to read old spanish because I the simmilarities with other romance languages accrue. I find it fascinating.I only understand portuguese italian french and catalan but it is so beautiful to see them jointed! &lt;/p&gt;\n\n&lt;p&gt;And I feel like a post roman empire dweller sourrounded by like olive oil vines and sardines. But that&amp;#39;s my innacurate historical fantasy which I apologize for.&lt;/p&gt;\n&lt;/div&gt;", "gildings": {}, "collapsed_reason": null, "associated_award": null, "stickied": false, "author_premium": false, "subreddit_type": "public", "can_gild": true, "top_awarded_type": null, "author_flair_text_color": null, "score_hidden": false, "permalink": "/r/AskHistorians/comments/k4nj3a/as_an_spanish_speaker_espa\u00f1ol_latino_how_far_back/gebv820/", "num_reports": null, "locked": false, "name": "t1_gebv820", "created": 1606906228.0, "subreddit": "AskHistorians", "author_flair_text": null, "treatment_tags": [], "created_utc": 1606877428.0, "subreddit_name_prefixed": "r/AskHistorians", "controversiality": 0, "depth": 1, "author_flair_background_color": null, "collapsed_because_crowd_control": null, "mod_reports": [], "mod_note": null, "distinguished": null}}], "after": null, "before": null}}, "user_reports": [], "saved": false, "id": "geagh1b", "banned_at_utc": null, "mod_reason_title": null, "gilded": 0, "archived": false, "no_follow": false, "author": "TywinDeVillena", "can_mod_post": false, "send_replies": true, "parent_id": "t3_k4nj3a", "score": 22, "author_fullname": "t2_xwksc", "report_reasons": null, "approved_by": null, "all_awardings": [], "subreddit_id": "t5_2ssp3", "body": "I answered a related question a couple of years ago, and I would say that up to the late XV century you should not have that many problems understanding people. I hope it helps.\n\n[https://www.reddit.com/r/AskHistorians/comments/7x4dyy/could\\_a\\_modern\\_day\\_spanish\\_speaker\\_have\\_a/](https://www.reddit.com/r/AskHistorians/comments/7x4dyy/could_a_modern_day_spanish_speaker_have_a/)\n\nIf you go further back in time, the differences would become more evident, but even XIV century Spanish can be understandable. I will give you an extract from a text from the time, just to be sure how well you can understand it:\n\n *Asi como ha muy grant plazer el que faze alguna buena obra, sennaladamente si toma gente tan bajo el, a faz quando sabe que aquella su obra es muy loada, et se paga della mucho las gentes, bien asi ha muy grant pesar et muy grant enojo quando alguno a sabiendas, o aun por yerro, faze o dize alguna cosa por que aquella obra no sea tan preciada o alabada como deuia ser. Et por probar aquesto, porne aqui una cosa que acae\u00e7io a un cauallero en Perpinnan en tiempo del primero rrey don Jaymes de Mallorcas.*", "edited": false, "downs": 0, "author_flair_css_class": null, "is_submitter": false, "collapsed": false, "author_flair_richtext": [{"e": "text", "t": "Early Modern Spain"}], "author_patreon_flair": false, "body_html": "&lt;div class=\"md\"&gt;&lt;p&gt;I answered a related question a couple of years ago, and I would say that up to the late XV century you should not have that many problems understanding people. I hope it helps.&lt;/p&gt;\n\n&lt;p&gt;&lt;a href=\"https://www.reddit.com/r/AskHistorians/comments/7x4dyy/could_a_modern_day_spanish_speaker_have_a/\"&gt;https://www.reddit.com/r/AskHistorians/comments/7x4dyy/could_a_modern_day_spanish_speaker_have_a/&lt;/a&gt;&lt;/p&gt;\n\n&lt;p&gt;If you go further back in time, the differences would become more evident, but even XIV century Spanish can be understandable. I will give you an extract from a text from the time, just to be sure how well you can understand it:&lt;/p&gt;\n\n&lt;p&gt;&lt;em&gt;Asi como ha muy grant plazer el que faze alguna buena obra, sennaladamente si toma gente tan bajo el, a faz quando sabe que aquella su obra es muy loada, et se paga della mucho las gentes, bien asi ha muy grant pesar et muy grant enojo quando alguno a sabiendas, o aun por yerro, faze o dize alguna cosa por que aquella obra no sea tan preciada o alabada como deuia ser. Et por probar aquesto, porne aqui una cosa que acae\u00e7io a un cauallero en Perpinnan en tiempo del primero rrey don Jaymes de Mallorcas.&lt;/em&gt;&lt;/p&gt;\n&lt;/div&gt;", "gildings": {}, "collapsed_reason": null, "associated_award": null, "stickied": false, "author_premium": false, "subreddit_type": "public", "can_gild": true, "top_awarded_type": null, "author_flair_text_color": "light", "score_hidden": false, "permalink": "/r/AskHistorians/comments/k4nj3a/as_an_spanish_speaker_espa\u00f1ol_latino_how_far_back/geagh1b/", "num_reports": null, "locked": false, "name": "t1_geagh1b", "created": 1606880262.0, "subreddit": "AskHistorians", "author_flair_text": "Early Modern Spain", "treatment_tags": [], "created_utc": 1606851462.0, "subreddit_name_prefixed": "r/AskHistorians", "controversiality": 0, "depth": 0, "author_flair_background_color": "#003399", "collapsed_because_crowd_control": null, "mod_reports": [], "mod_note": null, "distinguished": null}}], "after": null, "before": null}}]