[{"kind": "Listing", "data": {"modhash": "", "dist": 1, "children": [{"kind": "t3", "data": {"approved_at_utc": null, "subreddit": "AskHistorians", "selftext": "In the video game Hearts of Iron IV, it is possible to lose entire divisions of 10k men after their convoys have been intercepted by submarines, has this ever happened in reality? (Outside of the Mongols and their incidents with the hurricanes)", "user_reports": [], "saved": false, "mod_reason_title": null, "gilded": 0, "clicked": false, "title": "Was there any historical account of entire divisions or armies being sunk in transport?", "link_flair_richtext": [], "subreddit_name_prefixed": "r/AskHistorians", "hidden": false, "pwls": 6, "link_flair_css_class": null, "downs": 0, "top_awarded_type": null, "parent_whitelist_status": "all_ads", "hide_score": false, "name": "t3_k4uhrx", "quarantine": false, "link_flair_text_color": "dark", "upvote_ratio": 0.84, "author_flair_background_color": null, "subreddit_type": "public", "ups": 4, "total_awards_received": 0, "media_embed": {}, "author_flair_template_id": null, "is_original_content": false, "author_fullname": "t2_tmjvvr7", "secure_media": null, "is_reddit_media_domain": false, "is_meta": false, "category": null, "secure_media_embed": {}, "link_flair_text": null, "can_mod_post": false, "score": 4, "approved_by": null, "author_premium": false, "thumbnail": "", "edited": false, "author_flair_css_class": null, "author_flair_richtext": [], "gildings": {}, "content_categories": null, "is_self": true, "mod_note": null, "created": 1606886692.0, "link_flair_type": "text", "wls": 6, "removed_by_category": null, "banned_by": null, "author_flair_type": "text", "domain": "self.AskHistorians", "allow_live_comments": false, "selftext_html": "&lt;!-- SC_OFF --&gt;&lt;div class=\"md\"&gt;&lt;p&gt;In the video game Hearts of Iron IV, it is possible to lose entire divisions of 10k men after their convoys have been intercepted by submarines, has this ever happened in reality? (Outside of the Mongols and their incidents with the hurricanes)&lt;/p&gt;\n&lt;/div&gt;&lt;!-- SC_ON --&gt;", "likes": null, "suggested_sort": null, "banned_at_utc": null, "view_count": null, "archived": false, "no_follow": false, "is_crosspostable": false, "pinned": false, "over_18": false, "all_awardings": [], "awarders": [], "media_only": false, "can_gild": false, "spoiler": false, "locked": false, "author_flair_text": null, "treatment_tags": [], "visited": false, "removed_by": null, "num_reports": null, "distinguished": null, "subreddit_id": "t5_2ssp3", "mod_reason_by": null, "removal_reason": null, "link_flair_background_color": "", "id": "k4uhrx", "is_robot_indexable": true, "num_duplicates": 1, "report_reasons": null, "author": "Hammerhead316", "discussion_type": null, "num_comments": 4, "send_replies": true, "media": null, "contest_mode": false, "author_patreon_flair": false, "author_flair_text_color": null, "permalink": "/r/AskHistorians/comments/k4uhrx/was_there_any_historical_account_of_entire/", "whitelist_status": "all_ads", "stickied": false, "url": "https://www.reddit.com/r/AskHistorians/comments/k4uhrx/was_there_any_historical_account_of_entire/", "subreddit_subscribers": 1308097, "created_utc": 1606857892.0, "num_crossposts": 0, "mod_reports": [], "is_video": false}}], "after": null, "before": null}}, {"kind": "Listing", "data": {"modhash": "", "dist": null, "children": [{"kind": "t1", "data": {"total_awards_received": 0, "approved_at_utc": null, "comment_type": null, "awarders": [], "mod_reason_by": null, "banned_by": null, "ups": 1, "author_flair_type": "richtext", "removal_reason": null, "link_id": "t3_k4uhrx", "author_flair_template_id": "9e641f94-c626-11e2-8e2c-12313b0b21ae", "likes": null, "replies": "", "user_reports": [], "saved": false, "id": "geau8e8", "banned_at_utc": null, "mod_reason_title": null, "gilded": 0, "archived": false, "no_follow": true, "author": "AutoModerator", "can_mod_post": false, "send_replies": false, "parent_id": "t3_k4uhrx", "score": 1, "author_fullname": "t2_6l4z3", "report_reasons": null, "approved_by": null, "all_awardings": [], "subreddit_id": "t5_2ssp3", "body": "Welcome to /r/AskHistorians. **Please [Read Our Rules](https://www.reddit.com/r/AskHistorians/wiki/rules) before you comment in this community**. Understand that [rule breaking comments get removed](https://www.reddit.com/r/AskHistorians/comments/h8aefx/rules_roundtable_xviii_removed_curation_and_why/).\n\n#Please consider **[Clicking Here for RemindMeBot](https://www.reddit.com/message/compose/?to=RemindMeBot&amp;subject=Reminder&amp;message=%5Bhttps://www.reddit.com/r/AskHistorians/comments/k4uhrx/was_there_any_historical_account_of_entire/%5D%0A%0ARemindMe!%202%20days)** as it takes time for an answer to be written. \n\nWe thank you for your interest in this *question*, and your patience in waiting for an in-depth and comprehensive answer to show up. In addition to RemindMeBot, consider [using our Browser Extension](https://www.reddit.com/r/AskHistorians/comments/d6dzi7/tired_of_clicking_to_find_only_removed_comments/), or getting the [Weekly Roundup](https://www.reddit.com/message/compose?to=subredditsummarybot&amp;subject=askhistorians+weekly&amp;message=x). In the meantime our [Twitter](https://twitter.com/askhistorians), [Facebook](https://www.facebook.com/askhistorians/), and [Sunday Digest](https://www.reddit.com/r/AskHistorians/search?q=title%3A%22Sunday+Digest%22&amp;restrict_sr=on&amp;sort=new&amp;t=all) feature excellent content that has already been written!\n\n\n*I am a bot, and this action was performed automatically. Please [contact the moderators of this subreddit](/message/compose/?to=/r/AskHistorians) if you have any questions or concerns.*", "edited": false, "downs": 0, "author_flair_css_class": null, "is_submitter": false, "collapsed": false, "author_flair_richtext": [{"e": "text", "t": "History of Robotics"}], "author_patreon_flair": false, "body_html": "&lt;div class=\"md\"&gt;&lt;p&gt;Welcome to &lt;a href=\"/r/AskHistorians\"&gt;/r/AskHistorians&lt;/a&gt;. &lt;strong&gt;Please &lt;a href=\"https://www.reddit.com/r/AskHistorians/wiki/rules\"&gt;Read Our Rules&lt;/a&gt; before you comment in this community&lt;/strong&gt;. Understand that &lt;a href=\"https://www.reddit.com/r/AskHistorians/comments/h8aefx/rules_roundtable_xviii_removed_curation_and_why/\"&gt;rule breaking comments get removed&lt;/a&gt;.&lt;/p&gt;\n\n&lt;h1&gt;Please consider &lt;strong&gt;&lt;a href=\"https://www.reddit.com/message/compose/?to=RemindMeBot&amp;amp;subject=Reminder&amp;amp;message=%5Bhttps://www.reddit.com/r/AskHistorians/comments/k4uhrx/was_there_any_historical_account_of_entire/%5D%0A%0ARemindMe!%202%20days\"&gt;Clicking Here for RemindMeBot&lt;/a&gt;&lt;/strong&gt; as it takes time for an answer to be written.&lt;/h1&gt;\n\n&lt;p&gt;We thank you for your interest in this &lt;em&gt;question&lt;/em&gt;, and your patience in waiting for an in-depth and comprehensive answer to show up. In addition to RemindMeBot, consider &lt;a href=\"https://www.reddit.com/r/AskHistorians/comments/d6dzi7/tired_of_clicking_to_find_only_removed_comments/\"&gt;using our Browser Extension&lt;/a&gt;, or getting the &lt;a href=\"https://www.reddit.com/message/compose?to=subredditsummarybot&amp;amp;subject=askhistorians+weekly&amp;amp;message=x\"&gt;Weekly Roundup&lt;/a&gt;. In the meantime our &lt;a href=\"https://twitter.com/askhistorians\"&gt;Twitter&lt;/a&gt;, &lt;a href=\"https://www.facebook.com/askhistorians/\"&gt;Facebook&lt;/a&gt;, and &lt;a href=\"https://www.reddit.com/r/AskHistorians/search?q=title%3A%22Sunday+Digest%22&amp;amp;restrict_sr=on&amp;amp;sort=new&amp;amp;t=all\"&gt;Sunday Digest&lt;/a&gt; feature excellent content that has already been written!&lt;/p&gt;\n\n&lt;p&gt;&lt;em&gt;I am a bot, and this action was performed automatically. Please &lt;a href=\"/message/compose/?to=/r/AskHistorians\"&gt;contact the moderators of this subreddit&lt;/a&gt; if you have any questions or concerns.&lt;/em&gt;&lt;/p&gt;\n&lt;/div&gt;", "gildings": {}, "collapsed_reason": null, "associated_award": null, "stickied": true, "author_premium": true, "subreddit_type": "public", "can_gild": true, "top_awarded_type": null, "author_flair_text_color": "light", "score_hidden": true, "permalink": "/r/AskHistorians/comments/k4uhrx/was_there_any_historical_account_of_entire/geau8e8/", "num_reports": null, "locked": true, "name": "t1_geau8e8", "created": 1606886692.0, "subreddit": "AskHistorians", "author_flair_text": "History of Robotics", "treatment_tags": [], "created_utc": 1606857892.0, "subreddit_name_prefixed": "r/AskHistorians", "controversiality": 0, "depth": 0, "author_flair_background_color": "#993366", "collapsed_because_crowd_control": null, "mod_reports": [], "mod_note": null, "distinguished": "moderator"}}, {"kind": "t1", "data": {"total_awards_received": 0, "approved_at_utc": null, "comment_type": null, "awarders": [], "mod_reason_by": null, "banned_by": null, "ups": 7, "author_flair_type": "richtext", "removal_reason": null, "link_id": "t3_k4uhrx", "author_flair_template_id": "98d8fdba-c626-11e2-bd52-12313b06caaf", "likes": null, "replies": {"kind": "Listing", "data": {"modhash": "", "dist": null, "children": [{"kind": "t1", "data": {"total_awards_received": 0, "approved_at_utc": null, "comment_type": null, "awarders": [], "mod_reason_by": null, "banned_by": null, "ups": 1, "author_flair_type": "text", "removal_reason": null, "link_id": "t3_k4uhrx", "author_flair_template_id": null, "likes": null, "replies": {"kind": "Listing", "data": {"modhash": "", "dist": null, "children": [{"kind": "t1", "data": {"total_awards_received": 0, "approved_at_utc": null, "comment_type": null, "awarders": [], "mod_reason_by": null, "banned_by": null, "ups": 3, "author_flair_type": "richtext", "removal_reason": null, "link_id": "t3_k4uhrx", "author_flair_template_id": "98d8fdba-c626-11e2-bd52-12313b06caaf", "likes": null, "replies": "", "user_reports": [], "saved": false, "id": "gebpy7o", "banned_at_utc": null, "mod_reason_title": null, "gilded": 0, "archived": false, "no_follow": false, "author": "wotan_weevil", "can_mod_post": false, "created_utc": 1606874532.0, "send_replies": true, "parent_id": "t1_gebngmy", "score": 3, "author_fullname": "t2_uu09h", "report_reasons": null, "approved_by": null, "all_awardings": [], "subreddit_id": "t5_2ssp3", "body": "Sinking transports and troopships tends to not be part of the major battles which get most of the attention in books. Of such slow attritional warfare at sea, the Battle of the Atlantic gets the most coverage, but it featured very low troopship losses.\n\nFor more on the US submarine war against Japan, try Clay Blair Jr., *Silent Victory: The U.S. Submarine War Against Japan*, Naval Institute Press, 2001.\n\nFor both Italy and Japan, there are lists of major sinkings:\n\n* http://members.iinet.net.au/~gduncan/maritime-1.html\n\n* https://en.wikipedia.org/wiki/List_of_maritime_disasters_in_World_War_II\n\nwhich can serve as a starting point for further research.", "edited": false, "author_flair_css_class": null, "is_submitter": false, "downs": 0, "author_flair_richtext": [{"e": "text", "t": "Quality Contributor"}], "author_patreon_flair": false, "body_html": "&lt;div class=\"md\"&gt;&lt;p&gt;Sinking transports and troopships tends to not be part of the major battles which get most of the attention in books. Of such slow attritional warfare at sea, the Battle of the Atlantic gets the most coverage, but it featured very low troopship losses.&lt;/p&gt;\n\n&lt;p&gt;For more on the US submarine war against Japan, try Clay Blair Jr., &lt;em&gt;Silent Victory: The U.S. Submarine War Against Japan&lt;/em&gt;, Naval Institute Press, 2001.&lt;/p&gt;\n\n&lt;p&gt;For both Italy and Japan, there are lists of major sinkings:&lt;/p&gt;\n\n&lt;ul&gt;\n&lt;li&gt;&lt;p&gt;&lt;a href=\"http://members.iinet.net.au/%7Egduncan/maritime-1.html\"&gt;http://members.iinet.net.au/~gduncan/maritime-1.html&lt;/a&gt;&lt;/p&gt;&lt;/li&gt;\n&lt;li&gt;&lt;p&gt;&lt;a href=\"https://en.wikipedia.org/wiki/List_of_maritime_disasters_in_World_War_II\"&gt;https://en.wikipedia.org/wiki/List_of_maritime_disasters_in_World_War_II&lt;/a&gt;&lt;/p&gt;&lt;/li&gt;\n&lt;/ul&gt;\n\n&lt;p&gt;which can serve as a starting point for further research.&lt;/p&gt;\n&lt;/div&gt;", "gildings": {}, "collapsed_reason": null, "associated_award": null, "stickied": false, "author_premium": false, "subreddit_type": "public", "can_gild": true, "top_awarded_type": null, "author_flair_text_color": "light", "score_hidden": false, "permalink": "/r/AskHistorians/comments/k4uhrx/was_there_any_historical_account_of_entire/gebpy7o/", "num_reports": null, "locked": false, "name": "t1_gebpy7o", "created": 1606903332.0, "subreddit": "AskHistorians", "author_flair_text": "Quality Contributor", "treatment_tags": [], "collapsed": false, "subreddit_name_prefixed": "r/AskHistorians", "controversiality": 0, "depth": 2, "author_flair_background_color": "#b87317", "collapsed_because_crowd_control": null, "mod_reports": [], "mod_note": null, "distinguished": null}}], "after": null, "before": null}}, "user_reports": [], "saved": false, "id": "gebngmy", "banned_at_utc": null, "mod_reason_title": null, "gilded": 0, "archived": false, "no_follow": true, "author": "Hammerhead316", "can_mod_post": false, "send_replies": true, "parent_id": "t1_gebck2n", "score": 1, "author_fullname": "t2_tmjvvr7", "report_reasons": null, "approved_by": null, "all_awardings": [], "subreddit_id": "t5_2ssp3", "collapsed": false, "body": "Thank you for such a quality reply! If I wanted to read more into this, do you know of any good sources?", "edited": false, "author_flair_css_class": null, "is_submitter": true, "downs": 0, "author_flair_richtext": [], "author_patreon_flair": false, "body_html": "&lt;div class=\"md\"&gt;&lt;p&gt;Thank you for such a quality reply! If I wanted to read more into this, do you know of any good sources?&lt;/p&gt;\n&lt;/div&gt;", "gildings": {}, "collapsed_reason": null, "associated_award": null, "stickied": false, "author_premium": false, "subreddit_type": "public", "can_gild": true, "top_awarded_type": null, "author_flair_text_color": null, "score_hidden": false, "permalink": "/r/AskHistorians/comments/k4uhrx/was_there_any_historical_account_of_entire/gebngmy/", "num_reports": null, "locked": false, "name": "t1_gebngmy", "created": 1606901957.0, "subreddit": "AskHistorians", "author_flair_text": null, "treatment_tags": [], "created_utc": 1606873157.0, "subreddit_name_prefixed": "r/AskHistorians", "controversiality": 0, "depth": 1, "author_flair_background_color": null, "collapsed_because_crowd_control": null, "mod_reports": [], "mod_note": null, "distinguished": null}}], "after": null, "before": null}}, "user_reports": [], "saved": false, "id": "gebck2n", "banned_at_utc": null, "mod_reason_title": null, "gilded": 0, "archived": false, "no_follow": false, "author": "wotan_weevil", "can_mod_post": false, "send_replies": true, "parent_id": "t3_k4uhrx", "score": 7, "author_fullname": "t2_uu09h", "report_reasons": null, "approved_by": null, "all_awardings": [], "subreddit_id": "t5_2ssp3", "body": "Troopships were typically well-protected, and having a convoy of troopships badly mauled was an unusual event. Very few troopships could carry 10,000 men, and those that did were well-protected by speed and/or escorts (RMS Queen Mary and RMS Queen Elizabeth could and did carry 15,000 troops at a time, crossing the Atlantic).\n\nIn WWII, Japan suffered badly from the loss of troopships. Japan was short of escorts, and facing a large and effective submarine force (mostly USN submarines), and also strong enemy air forces. Some individual sinkings of large Japanese troopships resulted in the deaths of about 5,000 troops and crew (e.g., the worst single Japanese troopship sinking, when Toyama Maru was sunk 29th June 1944 by USS Sturgeon, while carrying the Japanese 44th Independent Mixed Brigade, over 6,000 men, as reinforcement to Okinawa. Petrol/gasoline being carried resulted in massive fires, and about 90% of the men aboard died in the sinking.\n\nSome Japanese convoys took heavy losses. Perhaps the most famous is the Battle of the Bismarck Sea, US and Australian air forces against a Japanese convoy. The convoy, consisting of 8 troopships and 8 destroyers taking 7,000 troops from Rabaul to Lae in New Guinea was spotted and destroyed by air attack. The first air attacks sank one transport, and damaged others. Most of the troops from the sunk transport were rescued by two destroyers, which then proceeded to Lae at high speed - the 1,200 troops aboard were the only ones from the convoy who reached Lae. Further attacks sank the remaining transports and two destroyers. About 2,700 survivors returned to Rabaul, and many other survivors of the sinkings were killed by further air attacks, or after landing on US or Australian held territory.\n\nLess well-known, but also deadly, was the fate of the Take Ichi convoy, sailing from Shanghai to western New Guinea with 20,000 troops. Yoshida Maru, with an entire regiment, 3,000 troops, was sunk 26th April 1944 by USS Jack off Manila Bay, with no survivors. (This was a poor yield from the 19 torpedoes that were fired, but USS Jack was unable to get into effective range due to the strong escort, and fired the torpedoes from extreme range.) As the convoy was crossing the Celebes Sea, on 6th May, USS Gurnard got into a better firing position, and sank 2 troopships and 1 cargo ship, killing more than 1,000 troops (most of the troops on the sunken troopships were rescued). Due to these losses, the convoy stopped at Halmahera in the Moluccas, with the troops proceeding to Manila afterwards.\n\nOther nations typically did not send such valuable troop convoys into harms way with so little protection. Allied convoys bringing troops to Britain across the Atlantic suffered no troopship losses [(as discussed here)](https://www.reddit.com/r/AskHistorians/comments/j2v9sm/did_the_us_lose_any_troop_transport_ships_to/), and Germany and the Soviet Union mostly moved troops by land. Italy was forced to use the Mediterranean to ship troops and supplies to Africa, despite lacking naval and air superiority, and suffered accordingly. Their three worst troopship losses taking troops to Africa killed about 1,00 troops per sinking, and many smaller vessels were sunk, with Italian and German troop losses in the hundreds.", "edited": false, "downs": 0, "author_flair_css_class": null, "is_submitter": false, "collapsed": false, "author_flair_richtext": [{"e": "text", "t": "Quality Contributor"}], "author_patreon_flair": false, "body_html": "&lt;div class=\"md\"&gt;&lt;p&gt;Troopships were typically well-protected, and having a convoy of troopships badly mauled was an unusual event. Very few troopships could carry 10,000 men, and those that did were well-protected by speed and/or escorts (RMS Queen Mary and RMS Queen Elizabeth could and did carry 15,000 troops at a time, crossing the Atlantic).&lt;/p&gt;\n\n&lt;p&gt;In WWII, Japan suffered badly from the loss of troopships. Japan was short of escorts, and facing a large and effective submarine force (mostly USN submarines), and also strong enemy air forces. Some individual sinkings of large Japanese troopships resulted in the deaths of about 5,000 troops and crew (e.g., the worst single Japanese troopship sinking, when Toyama Maru was sunk 29th June 1944 by USS Sturgeon, while carrying the Japanese 44th Independent Mixed Brigade, over 6,000 men, as reinforcement to Okinawa. Petrol/gasoline being carried resulted in massive fires, and about 90% of the men aboard died in the sinking.&lt;/p&gt;\n\n&lt;p&gt;Some Japanese convoys took heavy losses. Perhaps the most famous is the Battle of the Bismarck Sea, US and Australian air forces against a Japanese convoy. The convoy, consisting of 8 troopships and 8 destroyers taking 7,000 troops from Rabaul to Lae in New Guinea was spotted and destroyed by air attack. The first air attacks sank one transport, and damaged others. Most of the troops from the sunk transport were rescued by two destroyers, which then proceeded to Lae at high speed - the 1,200 troops aboard were the only ones from the convoy who reached Lae. Further attacks sank the remaining transports and two destroyers. About 2,700 survivors returned to Rabaul, and many other survivors of the sinkings were killed by further air attacks, or after landing on US or Australian held territory.&lt;/p&gt;\n\n&lt;p&gt;Less well-known, but also deadly, was the fate of the Take Ichi convoy, sailing from Shanghai to western New Guinea with 20,000 troops. Yoshida Maru, with an entire regiment, 3,000 troops, was sunk 26th April 1944 by USS Jack off Manila Bay, with no survivors. (This was a poor yield from the 19 torpedoes that were fired, but USS Jack was unable to get into effective range due to the strong escort, and fired the torpedoes from extreme range.) As the convoy was crossing the Celebes Sea, on 6th May, USS Gurnard got into a better firing position, and sank 2 troopships and 1 cargo ship, killing more than 1,000 troops (most of the troops on the sunken troopships were rescued). Due to these losses, the convoy stopped at Halmahera in the Moluccas, with the troops proceeding to Manila afterwards.&lt;/p&gt;\n\n&lt;p&gt;Other nations typically did not send such valuable troop convoys into harms way with so little protection. Allied convoys bringing troops to Britain across the Atlantic suffered no troopship losses &lt;a href=\"https://www.reddit.com/r/AskHistorians/comments/j2v9sm/did_the_us_lose_any_troop_transport_ships_to/\"&gt;(as discussed here)&lt;/a&gt;, and Germany and the Soviet Union mostly moved troops by land. Italy was forced to use the Mediterranean to ship troops and supplies to Africa, despite lacking naval and air superiority, and suffered accordingly. Their three worst troopship losses taking troops to Africa killed about 1,00 troops per sinking, and many smaller vessels were sunk, with Italian and German troop losses in the hundreds.&lt;/p&gt;\n&lt;/div&gt;", "gildings": {}, "collapsed_reason": null, "associated_award": null, "stickied": false, "author_premium": false, "subreddit_type": "public", "can_gild": true, "top_awarded_type": null, "author_flair_text_color": "light", "score_hidden": false, "permalink": "/r/AskHistorians/comments/k4uhrx/was_there_any_historical_account_of_entire/gebck2n/", "num_reports": null, "locked": false, "name": "t1_gebck2n", "created": 1606895893.0, "subreddit": "AskHistorians", "author_flair_text": "Quality Contributor", "treatment_tags": [], "created_utc": 1606867093.0, "subreddit_name_prefixed": "r/AskHistorians", "controversiality": 0, "depth": 0, "author_flair_background_color": "#b87317", "collapsed_because_crowd_control": null, "mod_reports": [], "mod_note": null, "distinguished": null}}], "after": null, "before": null}}]