[{"kind": "Listing", "data": {"modhash": "", "dist": 1, "children": [{"kind": "t3", "data": {"approved_at_utc": null, "subreddit": "AskHistorians", "selftext": "I'm interested in all areas of the Second Word War and this obviously covers the Pacific region and obviously British possessions such as India and Burma. My question is this; why is there so little documentation or footage of British operations in the region? There's a lot of American footage of all sorts in the region but little else apart from some Japanese stuff. So was it that British attention was closer to home, such as in the case of the 14th Army (The Forgotten Army) in Burma? Or merely that the Americans had a greater number of camera's and willingness to film in this region, especially due to the greater importance to them?", "user_reports": [], "saved": false, "mod_reason_title": null, "gilded": 0, "clicked": false, "title": "British Involvement in the Far East in World War II", "link_flair_richtext": [], "subreddit_name_prefixed": "r/AskHistorians", "hidden": false, "pwls": 6, "link_flair_css_class": null, "downs": 0, "parent_whitelist_status": "all_ads", "hide_score": false, "name": "t3_a28l27", "quarantine": false, "link_flair_text_color": "dark", "upvote_ratio": 0.67, "author_flair_background_color": null, "subreddit_type": "public", "ups": 2, "domain": "self.AskHistorians", "media_embed": {}, "author_flair_template_id": null, "is_original_content": false, "author_fullname": "t2_wxizo", "secure_media": null, "is_reddit_media_domain": false, "is_meta": false, "category": null, "secure_media_embed": {}, "link_flair_text": null, "can_mod_post": false, "score": 2, "approved_by": null, "thumbnail": "", "edited": false, "author_flair_css_class": null, "author_flair_richtext": [], "gildings": {"gid_1": 0, "gid_2": 0, "gid_3": 0}, "content_categories": null, "is_self": true, "mod_note": null, "created": 1543739576.0, "link_flair_type": "text", "wls": 6, "banned_by": null, "author_flair_type": "text", "contest_mode": false, "selftext_html": "&lt;!-- SC_OFF --&gt;&lt;div class=\"md\"&gt;&lt;p&gt;I&amp;#39;m interested in all areas of the Second Word War and this obviously covers the Pacific region and obviously British possessions such as India and Burma. My question is this; why is there so little documentation or footage of British operations in the region? There&amp;#39;s a lot of American footage of all sorts in the region but little else apart from some Japanese stuff. So was it that British attention was closer to home, such as in the case of the 14th Army (The Forgotten Army) in Burma? Or merely that the Americans had a greater number of camera&amp;#39;s and willingness to film in this region, especially due to the greater importance to them?&lt;/p&gt;\n&lt;/div&gt;&lt;!-- SC_ON --&gt;", "likes": null, "suggested_sort": null, "banned_at_utc": null, "view_count": null, "archived": false, "no_follow": true, "is_crosspostable": false, "pinned": false, "over_18": false, "media": null, "media_only": false, "link_flair_template_id": null, "can_gild": false, "spoiler": false, "locked": false, "author_flair_text": null, "visited": false, "num_reports": null, "distinguished": null, "subreddit_id": "t5_2ssp3", "mod_reason_by": null, "removal_reason": null, "link_flair_background_color": "", "id": "a28l27", "is_robot_indexable": true, "report_reasons": null, "author": "AHappyWelshman", "num_crossposts": 0, "num_comments": 6, "send_replies": true, "author_patreon_flair": false, "author_flair_text_color": null, "permalink": "/r/AskHistorians/comments/a28l27/british_involvement_in_the_far_east_in_world_war/", "whitelist_status": "all_ads", "stickied": false, "url": "https://www.reddit.com/r/AskHistorians/comments/a28l27/british_involvement_in_the_far_east_in_world_war/", "subreddit_subscribers": 884509, "created_utc": 1543710776.0, "mod_reports": [], "is_video": false}}], "after": null, "before": null}}, {"kind": "Listing", "data": {"modhash": "", "dist": null, "children": [{"kind": "t1", "data": {"subreddit_id": "t5_2ssp3", "approved_at_utc": null, "ups": 2, "mod_reason_by": null, "banned_by": null, "author_flair_type": "text", "removal_reason": null, "link_id": "t3_a28l27", "author_flair_template_id": null, "likes": null, "no_follow": true, "replies": {"kind": "Listing", "data": {"modhash": "", "dist": null, "children": [{"kind": "t1", "data": {"subreddit_id": "t5_2ssp3", "approved_at_utc": null, "ups": 2, "mod_reason_by": null, "banned_by": null, "author_flair_type": "text", "removal_reason": null, "link_id": "t3_a28l27", "author_flair_template_id": null, "likes": null, "no_follow": true, "replies": {"kind": "Listing", "data": {"modhash": "", "dist": null, "children": [{"kind": "t1", "data": {"subreddit_id": "t5_2ssp3", "approved_at_utc": null, "ups": 3, "mod_reason_by": null, "banned_by": null, "author_flair_type": "text", "removal_reason": null, "link_id": "t3_a28l27", "author_flair_template_id": null, "likes": null, "no_follow": true, "replies": {"kind": "Listing", "data": {"modhash": "", "dist": null, "children": [{"kind": "t1", "data": {"subreddit_id": "t5_2ssp3", "approved_at_utc": null, "ups": 2, "mod_reason_by": null, "banned_by": null, "author_flair_type": "text", "removal_reason": null, "link_id": "t3_a28l27", "author_flair_template_id": null, "likes": null, "no_follow": true, "replies": {"kind": "Listing", "data": {"modhash": "", "dist": null, "children": [{"kind": "t1", "data": {"subreddit_id": "t5_2ssp3", "approved_at_utc": null, "ups": 3, "mod_reason_by": null, "banned_by": null, "author_flair_type": "text", "removal_reason": null, "link_id": "t3_a28l27", "author_flair_template_id": null, "likes": null, "no_follow": true, "replies": {"kind": "Listing", "data": {"modhash": "", "dist": null, "children": [{"kind": "t1", "data": {"subreddit_id": "t5_2ssp3", "approved_at_utc": null, "ups": 2, "mod_reason_by": null, "banned_by": null, "author_flair_type": "text", "removal_reason": null, "link_id": "t3_a28l27", "author_flair_template_id": null, "likes": null, "no_follow": true, "replies": "", "user_reports": [], "saved": false, "id": "eaw49i2", "banned_at_utc": null, "mod_reason_title": null, "gilded": 0, "archived": false, "report_reasons": null, "author": "AHappyWelshman", "can_mod_post": false, "send_replies": true, "parent_id": "t1_eaw433x", "score": 2, "author_fullname": "t2_wxizo", "approved_by": null, "downs": 0, "body": "I've been to the Imperial War Museum multiple times and wasn't aware of this, so if true that's quite interesting. So thank you in advance.\n\nBut to definitively answer my question, you're saying it's not that footage from the Orient doesn't exist, it's just not as widely publicised?", "edited": false, "author_flair_css_class": null, "is_submitter": true, "collapsed": false, "author_flair_richtext": [], "author_patreon_flair": false, "collapsed_reason": null, "body_html": "&lt;div class=\"md\"&gt;&lt;p&gt;I&amp;#39;ve been to the Imperial War Museum multiple times and wasn&amp;#39;t aware of this, so if true that&amp;#39;s quite interesting. So thank you in advance.&lt;/p&gt;\n\n&lt;p&gt;But to definitively answer my question, you&amp;#39;re saying it&amp;#39;s not that footage from the Orient doesn&amp;#39;t exist, it&amp;#39;s just not as widely publicised?&lt;/p&gt;\n&lt;/div&gt;", "stickied": false, "subreddit_type": "public", "can_gild": true, "gildings": {"gid_1": 0, "gid_2": 0, "gid_3": 0}, "author_flair_text_color": null, "score_hidden": false, "permalink": "/r/AskHistorians/comments/a28l27/british_involvement_in_the_far_east_in_world_war/eaw49i2/", "num_reports": null, "name": "t1_eaw49i2", "created": 1543742231.0, "subreddit": "AskHistorians", "author_flair_text": null, "created_utc": 1543713431.0, "subreddit_name_prefixed": "r/AskHistorians", "controversiality": 0, "depth": 5, "author_flair_background_color": null, "mod_reports": [], "mod_note": null, "distinguished": null}}], "after": null, "before": null}}, "user_reports": [], "saved": false, "id": "eaw433x", "banned_at_utc": null, "mod_reason_title": null, "gilded": 0, "archived": false, "report_reasons": null, "author": "Bernardito", "can_mod_post": false, "send_replies": true, "parent_id": "t1_eaw3vww", "score": 3, "author_fullname": "t2_4eic8", "approved_by": null, "downs": 0, "body": "For footage that is digitalized then certainly, the Burma campaign is in a minority. However, it is widely accessible through archives. I would recommend to make an appointment at the Imperial War Museum and the BBC archives if you're genuinely interested in seeing footage and other media from the Burma campaign.", "edited": false, "author_flair_css_class": "moderator", "is_submitter": false, "collapsed": false, "author_flair_richtext": [], "author_patreon_flair": false, "collapsed_reason": null, "body_html": "&lt;div class=\"md\"&gt;&lt;p&gt;For footage that is digitalized then certainly, the Burma campaign is in a minority. However, it is widely accessible through archives. I would recommend to make an appointment at the Imperial War Museum and the BBC archives if you&amp;#39;re genuinely interested in seeing footage and other media from the Burma campaign.&lt;/p&gt;\n&lt;/div&gt;", "stickied": false, "subreddit_type": "public", "can_gild": true, "gildings": {"gid_1": 0, "gid_2": 0, "gid_3": 0}, "author_flair_text_color": "dark", "score_hidden": false, "permalink": "/r/AskHistorians/comments/a28l27/british_involvement_in_the_far_east_in_world_war/eaw433x/", "num_reports": null, "name": "t1_eaw433x", "created": 1543742077.0, "subreddit": "AskHistorians", "author_flair_text": "Moderator | Modern Guerrilla | Counterinsurgency", "created_utc": 1543713277.0, "subreddit_name_prefixed": "r/AskHistorians", "controversiality": 0, "depth": 4, "author_flair_background_color": "", "mod_reports": [], "mod_note": null, "distinguished": null}}], "after": null, "before": null}}, "user_reports": [], "saved": false, "id": "eaw3vww", "banned_at_utc": null, "mod_reason_title": null, "gilded": 0, "archived": false, "report_reasons": null, "author": "AHappyWelshman", "can_mod_post": false, "send_replies": true, "parent_id": "t1_eaw3hvi", "score": 2, "author_fullname": "t2_wxizo", "approved_by": null, "downs": 0, "body": "Whilst that is good and fulfills the requirements, and is new to me, surely it's an issue of quantity. There's some Pathe clips like that, but there's hours of content from the Pacific theatre, or for a comparable British equivalent the war in North Africa against the Afrika Korps. ", "edited": false, "author_flair_css_class": null, "is_submitter": true, "collapsed": false, "author_flair_richtext": [], "author_patreon_flair": false, "collapsed_reason": null, "body_html": "&lt;div class=\"md\"&gt;&lt;p&gt;Whilst that is good and fulfills the requirements, and is new to me, surely it&amp;#39;s an issue of quantity. There&amp;#39;s some Pathe clips like that, but there&amp;#39;s hours of content from the Pacific theatre, or for a comparable British equivalent the war in North Africa against the Afrika Korps. &lt;/p&gt;\n&lt;/div&gt;", "stickied": false, "subreddit_type": "public", "can_gild": true, "gildings": {"gid_1": 0, "gid_2": 0, "gid_3": 0}, "author_flair_text_color": null, "score_hidden": false, "permalink": "/r/AskHistorians/comments/a28l27/british_involvement_in_the_far_east_in_world_war/eaw3vww/", "num_reports": null, "name": "t1_eaw3vww", "created": 1543741898.0, "subreddit": "AskHistorians", "author_flair_text": null, "created_utc": 1543713098.0, "subreddit_name_prefixed": "r/AskHistorians", "controversiality": 0, "depth": 3, "author_flair_background_color": null, "mod_reports": [], "mod_note": null, "distinguished": null}}], "after": null, "before": null}}, "user_reports": [], "saved": false, "id": "eaw3hvi", "banned_at_utc": null, "mod_reason_title": null, "gilded": 0, "archived": false, "report_reasons": null, "author": "Bernardito", "can_mod_post": false, "send_replies": true, "parent_id": "t1_eaw2z6x", "score": 3, "author_fullname": "t2_4eic8", "approved_by": null, "downs": 0, "body": "Combat footage from the Burma campaign is, as I've mentioned before, also widely available. [Look at this footage from 1944](https://www.youtube.com/watch?v=DBrH6V1t7qA).", "edited": false, "author_flair_css_class": "moderator", "is_submitter": false, "collapsed": false, "author_flair_richtext": [], "author_patreon_flair": false, "collapsed_reason": null, "body_html": "&lt;div class=\"md\"&gt;&lt;p&gt;Combat footage from the Burma campaign is, as I&amp;#39;ve mentioned before, also widely available. &lt;a href=\"https://www.youtube.com/watch?v=DBrH6V1t7qA\"&gt;Look at this footage from 1944&lt;/a&gt;.&lt;/p&gt;\n&lt;/div&gt;", "stickied": false, "subreddit_type": "public", "can_gild": true, "gildings": {"gid_1": 0, "gid_2": 0, "gid_3": 0}, "author_flair_text_color": "dark", "score_hidden": false, "permalink": "/r/AskHistorians/comments/a28l27/british_involvement_in_the_far_east_in_world_war/eaw3hvi/", "num_reports": null, "name": "t1_eaw3hvi", "created": 1543741559.0, "subreddit": "AskHistorians", "author_flair_text": "Moderator | Modern Guerrilla | Counterinsurgency", "created_utc": 1543712759.0, "subreddit_name_prefixed": "r/AskHistorians", "controversiality": 0, "depth": 2, "author_flair_background_color": "", "mod_reports": [], "mod_note": null, "distinguished": null}}], "after": null, "before": null}}, "user_reports": [], "saved": false, "id": "eaw2z6x", "banned_at_utc": null, "mod_reason_title": null, "gilded": 0, "archived": false, "report_reasons": null, "author": "AHappyWelshman", "can_mod_post": false, "send_replies": true, "parent_id": "t1_eaw2spm", "score": 2, "author_fullname": "t2_wxizo", "approved_by": null, "downs": 0, "body": "Ah I wasn't aware of that although I've seen some. What I meant though was essentially combat camera men. That give us si much footage of the Americans and Germans in the east specifically. \n\nTo be honest I may have asked the wrong question!", "edited": false, "author_flair_css_class": null, "is_submitter": true, "collapsed": false, "author_flair_richtext": [], "author_patreon_flair": false, "collapsed_reason": null, "body_html": "&lt;div class=\"md\"&gt;&lt;p&gt;Ah I wasn&amp;#39;t aware of that although I&amp;#39;ve seen some. What I meant though was essentially combat camera men. That give us si much footage of the Americans and Germans in the east specifically. &lt;/p&gt;\n\n&lt;p&gt;To be honest I may have asked the wrong question!&lt;/p&gt;\n&lt;/div&gt;", "stickied": false, "subreddit_type": "public", "can_gild": true, "gildings": {"gid_1": 0, "gid_2": 0, "gid_3": 0}, "author_flair_text_color": null, "score_hidden": false, "permalink": "/r/AskHistorians/comments/a28l27/british_involvement_in_the_far_east_in_world_war/eaw2z6x/", "num_reports": null, "name": "t1_eaw2z6x", "created": 1543741106.0, "subreddit": "AskHistorians", "author_flair_text": null, "created_utc": 1543712306.0, "subreddit_name_prefixed": "r/AskHistorians", "controversiality": 0, "depth": 1, "author_flair_background_color": null, "mod_reports": [], "mod_note": null, "distinguished": null}}], "after": null, "before": null}}, "user_reports": [], "saved": false, "id": "eaw2spm", "banned_at_utc": null, "mod_reason_title": null, "gilded": 0, "archived": false, "report_reasons": null, "author": "Bernardito", "can_mod_post": false, "send_replies": true, "parent_id": "t3_a28l27", "score": 2, "author_fullname": "t2_4eic8", "approved_by": null, "downs": 0, "body": "Hi there! I'm not quite sure what you mean by this since there is plenty of documentation and archival footage of British operations in Burma. The Imperial War Museum has an extensive collection, the BBC archives as well and the Burma campaign (in particularly its latter stages) was covered extensively. British Path\u00e9, for example, has plenty of available footage online.", "edited": false, "author_flair_css_class": "moderator", "is_submitter": false, "collapsed": false, "author_flair_richtext": [], "author_patreon_flair": false, "collapsed_reason": null, "body_html": "&lt;div class=\"md\"&gt;&lt;p&gt;Hi there! I&amp;#39;m not quite sure what you mean by this since there is plenty of documentation and archival footage of British operations in Burma. The Imperial War Museum has an extensive collection, the BBC archives as well and the Burma campaign (in particularly its latter stages) was covered extensively. British Path\u00e9, for example, has plenty of available footage online.&lt;/p&gt;\n&lt;/div&gt;", "stickied": false, "subreddit_type": "public", "can_gild": true, "gildings": {"gid_1": 0, "gid_2": 0, "gid_3": 0}, "author_flair_text_color": "dark", "score_hidden": false, "permalink": "/r/AskHistorians/comments/a28l27/british_involvement_in_the_far_east_in_world_war/eaw2spm/", "num_reports": null, "name": "t1_eaw2spm", "created": 1543740954.0, "subreddit": "AskHistorians", "author_flair_text": "Moderator | Modern Guerrilla | Counterinsurgency", "created_utc": 1543712154.0, "subreddit_name_prefixed": "r/AskHistorians", "controversiality": 0, "depth": 0, "author_flair_background_color": "", "mod_reports": [], "mod_note": null, "distinguished": null}}], "after": null, "before": null}}]