[{"kind": "Listing", "data": {"modhash": "", "dist": 1, "children": [{"kind": "t3", "data": {"approved_at_utc": null, "subreddit": "AskHistorians", "selftext": "", "user_reports": [], "saved": false, "mod_reason_title": null, "gilded": 0, "clicked": false, "title": "Did America know that the French were building them the Statue of Liberty? Or was it kind of a surprise?", "link_flair_richtext": [], "subreddit_name_prefixed": "r/AskHistorians", "hidden": false, "pwls": 6, "link_flair_css_class": null, "downs": 0, "parent_whitelist_status": "all_ads", "hide_score": false, "name": "t3_a2e5e2", "quarantine": false, "link_flair_text_color": "dark", "upvote_ratio": 0.96, "author_flair_background_color": null, "subreddit_type": "public", "ups": 87, "domain": "self.AskHistorians", "media_embed": {}, "author_flair_template_id": null, "is_original_content": false, "author_fullname": "t2_nj3y3", "secure_media": null, "is_reddit_media_domain": false, "is_meta": false, "category": null, "secure_media_embed": {}, "link_flair_text": null, "can_mod_post": false, "score": 87, "approved_by": null, "thumbnail": "", "edited": false, "author_flair_css_class": null, "author_flair_richtext": [], "gildings": {"gid_1": 0, "gid_2": 0, "gid_3": 0}, "content_categories": null, "is_self": true, "mod_note": null, "created": 1543793873.0, "link_flair_type": "text", "wls": 6, "banned_by": null, "author_flair_type": "text", "contest_mode": false, "selftext_html": null, "likes": null, "suggested_sort": null, "banned_at_utc": null, "view_count": null, "archived": false, "no_follow": false, "is_crosspostable": false, "pinned": false, "over_18": false, "media": null, "media_only": false, "link_flair_template_id": null, "can_gild": false, "spoiler": false, "locked": false, "author_flair_text": null, "visited": false, "num_reports": null, "distinguished": null, "subreddit_id": "t5_2ssp3", "mod_reason_by": null, "removal_reason": null, "link_flair_background_color": "", "id": "a2e5e2", "is_robot_indexable": true, "report_reasons": null, "author": "One_pop_each", "num_crossposts": 0, "num_comments": 3, "send_replies": true, "author_patreon_flair": false, "author_flair_text_color": null, "permalink": "/r/AskHistorians/comments/a2e5e2/did_america_know_that_the_french_were_building/", "whitelist_status": "all_ads", "stickied": false, "url": "https://www.reddit.com/r/AskHistorians/comments/a2e5e2/did_america_know_that_the_french_were_building/", "subreddit_subscribers": 884511, "created_utc": 1543765073.0, "mod_reports": [], "is_video": false}}], "after": null, "before": null}}, {"kind": "Listing", "data": {"modhash": "", "dist": null, "children": [{"kind": "t1", "data": {"subreddit_id": "t5_2ssp3", "approved_at_utc": null, "ups": 17, "mod_reason_by": null, "banned_by": null, "author_flair_type": "text", "removal_reason": null, "link_id": "t3_a2e5e2", "author_flair_template_id": null, "likes": null, "no_follow": false, "replies": {"kind": "Listing", "data": {"modhash": "", "dist": null, "children": [{"kind": "t1", "data": {"subreddit_id": "t5_2ssp3", "approved_at_utc": null, "ups": 3, "mod_reason_by": null, "banned_by": null, "author_flair_type": "text", "removal_reason": null, "link_id": "t3_a2e5e2", "author_flair_template_id": null, "likes": null, "no_follow": true, "replies": "", "user_reports": [], "saved": false, "id": "eb028nn", "banned_at_utc": null, "mod_reason_title": null, "gilded": 0, "archived": false, "report_reasons": null, "author": "One_pop_each", "can_mod_post": false, "send_replies": true, "parent_id": "t1_eazj0f8", "score": 3, "author_fullname": "t2_nj3y3", "approved_by": null, "downs": 0, "body": "Thank you so much for all of this! ", "edited": false, "author_flair_css_class": null, "is_submitter": true, "collapsed": false, "author_flair_richtext": [], "author_patreon_flair": false, "collapsed_reason": null, "body_html": "&lt;div class=\"md\"&gt;&lt;p&gt;Thank you so much for all of this! &lt;/p&gt;\n&lt;/div&gt;", "stickied": false, "subreddit_type": "public", "can_gild": true, "gildings": {"gid_1": 0, "gid_2": 0, "gid_3": 0}, "author_flair_text_color": null, "score_hidden": false, "permalink": "/r/AskHistorians/comments/a2e5e2/did_america_know_that_the_french_were_building/eb028nn/", "num_reports": null, "name": "t1_eb028nn", "created": 1543877292.0, "subreddit": "AskHistorians", "author_flair_text": null, "created_utc": 1543848492.0, "subreddit_name_prefixed": "r/AskHistorians", "controversiality": 0, "depth": 1, "author_flair_background_color": null, "mod_reports": [], "mod_note": null, "distinguished": null}}], "after": null, "before": null}}, "user_reports": [], "saved": false, "id": "eazj0f8", "banned_at_utc": null, "mod_reason_title": null, "gilded": 0, "archived": false, "report_reasons": null, "author": "mrcaptainjack", "can_mod_post": false, "send_replies": true, "parent_id": "t3_a2e5e2", "score": 17, "author_fullname": "t2_11cboc", "approved_by": null, "downs": 0, "body": "TLDR: Yes\n\nFirstly, the construction of the Statue of Liberty was primarily organized by private citizens, both American and French. The statue was actually very well advertised because of fundraising efforts for the statue, which was mostly done in France, and the pedestal, which was mostly done in the USA.\n\nThe first people to know about the plan were probably mostly abolitionists but as a site was being chosen, local governments along with President Grant all learned about the plan. The project was officially announced in 1875 and public fundraising began.\n\nPresident Hayes earmarked the land for the construction of the pedestal while construction began in both France and the USA.\n\nIn France, there were multiple political motivations for donors, the statue was meant to solidify relations between the USA and France, it was also a reminder of French assistance during the American Revolution, it was a symbol of French strength, and it was a symbol of their ability to bring light and liberty to the rest of the world (at the time a common justification for imperialism was that it brought an end to local injustices like slavery and tribalism by introducing western law)\n\nIn the USA, fundraising had it\u2019s own interesting quirks. Firstly, the construction of the Washington Monument was repeatedly stalled so it may have seemed unusual to some people to start work on another project, especially during an economic crisis. Additionally, the US was still fresh out of the Civil War which meant that there were plenty of Americans who were excited about the opportunity to have a monument to liberty in New York. \n\nThe construction took years and throughout that time, there was a nearly continuous campaign to raise public awareness of its construction. Additionally, American and French political leaders were involved throughout the process which involved multiple public ceremonies.\n\nTo conclude, while the Statue of Liberty was a gift, a better term might be \u201cjoint project\u201d.\n\nFun fact: the Statue of Liberty was never a shiny copper color. The patina had already started to form on the parts before the final assembly began and it was mostly green by the time it was dedicated. The color change was expected and actually protects the metal from further damage which is part of the reason that it\u2019s never cleaned off,", "edited": false, "author_flair_css_class": null, "is_submitter": false, "collapsed": false, "author_flair_richtext": [], "author_patreon_flair": false, "collapsed_reason": null, "body_html": "&lt;div class=\"md\"&gt;&lt;p&gt;TLDR: Yes&lt;/p&gt;\n\n&lt;p&gt;Firstly, the construction of the Statue of Liberty was primarily organized by private citizens, both American and French. The statue was actually very well advertised because of fundraising efforts for the statue, which was mostly done in France, and the pedestal, which was mostly done in the USA.&lt;/p&gt;\n\n&lt;p&gt;The first people to know about the plan were probably mostly abolitionists but as a site was being chosen, local governments along with President Grant all learned about the plan. The project was officially announced in 1875 and public fundraising began.&lt;/p&gt;\n\n&lt;p&gt;President Hayes earmarked the land for the construction of the pedestal while construction began in both France and the USA.&lt;/p&gt;\n\n&lt;p&gt;In France, there were multiple political motivations for donors, the statue was meant to solidify relations between the USA and France, it was also a reminder of French assistance during the American Revolution, it was a symbol of French strength, and it was a symbol of their ability to bring light and liberty to the rest of the world (at the time a common justification for imperialism was that it brought an end to local injustices like slavery and tribalism by introducing western law)&lt;/p&gt;\n\n&lt;p&gt;In the USA, fundraising had it\u2019s own interesting quirks. Firstly, the construction of the Washington Monument was repeatedly stalled so it may have seemed unusual to some people to start work on another project, especially during an economic crisis. Additionally, the US was still fresh out of the Civil War which meant that there were plenty of Americans who were excited about the opportunity to have a monument to liberty in New York. &lt;/p&gt;\n\n&lt;p&gt;The construction took years and throughout that time, there was a nearly continuous campaign to raise public awareness of its construction. Additionally, American and French political leaders were involved throughout the process which involved multiple public ceremonies.&lt;/p&gt;\n\n&lt;p&gt;To conclude, while the Statue of Liberty was a gift, a better term might be \u201cjoint project\u201d.&lt;/p&gt;\n\n&lt;p&gt;Fun fact: the Statue of Liberty was never a shiny copper color. The patina had already started to form on the parts before the final assembly began and it was mostly green by the time it was dedicated. The color change was expected and actually protects the metal from further damage which is part of the reason that it\u2019s never cleaned off,&lt;/p&gt;\n&lt;/div&gt;", "stickied": false, "subreddit_type": "public", "can_gild": true, "gildings": {"gid_1": 0, "gid_2": 0, "gid_3": 0}, "author_flair_text_color": null, "score_hidden": false, "permalink": "/r/AskHistorians/comments/a2e5e2/did_america_know_that_the_french_were_building/eazj0f8/", "num_reports": null, "name": "t1_eazj0f8", "created": 1543848139.0, "subreddit": "AskHistorians", "author_flair_text": null, "created_utc": 1543819339.0, "subreddit_name_prefixed": "r/AskHistorians", "controversiality": 0, "depth": 0, "author_flair_background_color": null, "mod_reports": [], "mod_note": null, "distinguished": null}}], "after": null, "before": null}}]