[{"kind": "Listing", "data": {"modhash": "", "dist": 1, "children": [{"kind": "t3", "data": {"approved_at_utc": null, "subreddit": "AskHistorians", "selftext": "Hi yall, I need some sources. I am currently writing a paper on how Archduke Franz Ferdinand is similar to Julius Caesar, and I need some good sources on Archduke Ferdinand.  Also, are there any resources that I could use to find articles from the time period of Ferdinand's assassination?\n\nThanks", "user_reports": [], "saved": false, "mod_reason_title": null, "gilded": 0, "clicked": false, "title": "Archduke Franz Ferdinand and Julius Caesar", "link_flair_richtext": [], "subreddit_name_prefixed": "r/AskHistorians", "hidden": false, "pwls": 6, "link_flair_css_class": null, "downs": 0, "top_awarded_type": null, "parent_whitelist_status": "all_ads", "hide_score": false, "name": "t3_gb7mbh", "quarantine": false, "link_flair_text_color": "dark", "upvote_ratio": 1.0, "author_flair_background_color": null, "subreddit_type": "public", "ups": 1, "total_awards_received": 0, "media_embed": {}, "author_flair_template_id": null, "is_original_content": false, "author_fullname": "t2_41mezv0c", "secure_media": null, "is_reddit_media_domain": false, "is_meta": false, "category": null, "secure_media_embed": {}, "link_flair_text": null, "can_mod_post": false, "score": 1, "approved_by": null, "author_premium": false, "thumbnail": "", "edited": 1588291996.0, "author_flair_css_class": null, "author_flair_richtext": [], "gildings": {}, "content_categories": null, "is_self": true, "mod_note": null, "created": 1588320511.0, "link_flair_type": "text", "wls": 6, "removed_by_category": null, "banned_by": null, "author_flair_type": "text", "domain": "self.AskHistorians", "allow_live_comments": false, "selftext_html": "&lt;!-- SC_OFF --&gt;&lt;div class=\"md\"&gt;&lt;p&gt;Hi yall, I need some sources. I am currently writing a paper on how Archduke Franz Ferdinand is similar to Julius Caesar, and I need some good sources on Archduke Ferdinand.  Also, are there any resources that I could use to find articles from the time period of Ferdinand&amp;#39;s assassination?&lt;/p&gt;\n\n&lt;p&gt;Thanks&lt;/p&gt;\n&lt;/div&gt;&lt;!-- SC_ON --&gt;", "likes": null, "suggested_sort": null, "banned_at_utc": null, "view_count": null, "archived": false, "no_follow": true, "is_crosspostable": false, "pinned": false, "over_18": false, "all_awardings": [], "awarders": [], "media_only": false, "can_gild": false, "spoiler": false, "locked": false, "author_flair_text": null, "treatment_tags": [], "visited": false, "removed_by": null, "num_reports": null, "distinguished": null, "subreddit_id": "t5_2ssp3", "mod_reason_by": null, "removal_reason": null, "link_flair_background_color": "", "id": "gb7mbh", "is_robot_indexable": true, "num_duplicates": 0, "report_reasons": null, "author": "radioactive-goldfish", "discussion_type": null, "num_comments": 4, "send_replies": true, "media": null, "contest_mode": false, "author_patreon_flair": false, "author_flair_text_color": null, "permalink": "/r/AskHistorians/comments/gb7mbh/archduke_franz_ferdinand_and_julius_caesar/", "whitelist_status": "all_ads", "stickied": false, "url": "https://www.reddit.com/r/AskHistorians/comments/gb7mbh/archduke_franz_ferdinand_and_julius_caesar/", "subreddit_subscribers": 1192583, "created_utc": 1588291711.0, "num_crossposts": 0, "mod_reports": [], "is_video": false}}], "after": null, "before": null}}, {"kind": "Listing", "data": {"modhash": "", "dist": null, "children": [{"kind": "t1", "data": {"total_awards_received": 0, "approved_at_utc": null, "ups": 1, "awarders": [], "mod_reason_by": null, "banned_by": null, "author_flair_type": "richtext", "removal_reason": null, "link_id": "t3_gb7mbh", "author_flair_template_id": "9e641f94-c626-11e2-8e2c-12313b0b21ae", "likes": null, "replies": "", "user_reports": [], "saved": false, "id": "fp451lg", "banned_at_utc": null, "mod_reason_title": null, "gilded": 0, "archived": false, "no_follow": true, "author": "CommodoreCoCo", "can_mod_post": false, "send_replies": true, "parent_id": "t3_gb7mbh", "score": 1, "author_fullname": "t2_gde6c", "report_reasons": null, "approved_by": null, "all_awardings": [], "subreddit_id": "t5_2ssp3", "body": "Hi - we as mods have approved this thread, because while this is a homework question, it is asking for clarification or resources, rather than the answer itself, which is fine according to [our rules](http://www.reddit.com/r/AskHistorians/wiki/rules#wiki_homework). This policy is further explained in this [Rules Roundtable thread](https://www.reddit.com/r/AskHistorians/comments/4cb022/rules_roundtable_8_the_raskhistorians_homework/) and this [META Thread](http://www.reddit.com/r/AskHistorians/comments/35pkem/askhistorians_homework_question_policy_rehash/).\n\nAs a result, we'd also like to remind potential answerers to follow our rules on homework - please make sure that your answers focus appropriately on clarifications and detailing the resources that OP could be using. \n\nAdditionally, while users may be able to help you out with specifics relating to your question, we also have plenty of information on /r/AskHistorians on how to find and understand good sources in general. For instance, please check out our six-part series, \"[Finding and Understanding Sources](https://www.reddit.com/r/AskHistorians/wiki/theory#wiki_monday_methods.3A_finding_and_understanding_sources)\", which has a wealth of information that may be useful for finding and understanding information for your essay.", "edited": false, "downs": 0, "author_flair_css_class": null, "is_submitter": false, "collapsed": false, "author_flair_richtext": [{"e": "text", "t": "Moderator | Andean Archaeology"}], "author_patreon_flair": false, "body_html": "&lt;div class=\"md\"&gt;&lt;p&gt;Hi - we as mods have approved this thread, because while this is a homework question, it is asking for clarification or resources, rather than the answer itself, which is fine according to &lt;a href=\"http://www.reddit.com/r/AskHistorians/wiki/rules#wiki_homework\"&gt;our rules&lt;/a&gt;. This policy is further explained in this &lt;a href=\"https://www.reddit.com/r/AskHistorians/comments/4cb022/rules_roundtable_8_the_raskhistorians_homework/\"&gt;Rules Roundtable thread&lt;/a&gt; and this &lt;a href=\"http://www.reddit.com/r/AskHistorians/comments/35pkem/askhistorians_homework_question_policy_rehash/\"&gt;META Thread&lt;/a&gt;.&lt;/p&gt;\n\n&lt;p&gt;As a result, we&amp;#39;d also like to remind potential answerers to follow our rules on homework - please make sure that your answers focus appropriately on clarifications and detailing the resources that OP could be using. &lt;/p&gt;\n\n&lt;p&gt;Additionally, while users may be able to help you out with specifics relating to your question, we also have plenty of information on &lt;a href=\"/r/AskHistorians\"&gt;/r/AskHistorians&lt;/a&gt; on how to find and understand good sources in general. For instance, please check out our six-part series, &amp;quot;&lt;a href=\"https://www.reddit.com/r/AskHistorians/wiki/theory#wiki_monday_methods.3A_finding_and_understanding_sources\"&gt;Finding and Understanding Sources&lt;/a&gt;&amp;quot;, which has a wealth of information that may be useful for finding and understanding information for your essay.&lt;/p&gt;\n&lt;/div&gt;", "gildings": {}, "collapsed_reason": null, "associated_award": null, "stickied": true, "author_premium": false, "subreddit_type": "public", "can_gild": true, "top_awarded_type": null, "author_flair_text_color": "light", "score_hidden": true, "permalink": "/r/AskHistorians/comments/gb7mbh/archduke_franz_ferdinand_and_julius_caesar/fp451lg/", "num_reports": null, "locked": false, "name": "t1_fp451lg", "created": 1588320629.0, "subreddit": "AskHistorians", "author_flair_text": "Moderator | Andean Archaeology", "treatment_tags": [], "created_utc": 1588291829.0, "subreddit_name_prefixed": "r/AskHistorians", "controversiality": 0, "depth": 0, "author_flair_background_color": "#993366", "collapsed_because_crowd_control": null, "mod_reports": [], "mod_note": null, "distinguished": "moderator"}}, {"kind": "t1", "data": {"total_awards_received": 0, "approved_at_utc": null, "ups": 2, "awarders": [], "mod_reason_by": null, "banned_by": null, "author_flair_type": "richtext", "removal_reason": null, "link_id": "t3_gb7mbh", "author_flair_template_id": "7b2f3f40-c626-11e2-9a3e-12313d1841d1", "likes": null, "replies": "", "user_reports": [], "saved": false, "id": "fp5fck7", "banned_at_utc": null, "mod_reason_title": null, "gilded": 0, "archived": false, "no_follow": true, "author": "Abrytan", "can_mod_post": false, "send_replies": true, "parent_id": "t3_gb7mbh", "score": 2, "author_fullname": "t2_zyg1m", "report_reasons": null, "approved_by": null, "all_awardings": [], "subreddit_id": "t5_2ssp3", "body": "If you google \"[newspaper name] archive\" then you'll be able to find digitised copies of most major newspapers. The archives are usually pay to use but most allow you to view 3-5 articles as a trial which should be enough for your purpose. I have full access to the New York Times and Times (of London) archives so I've messaged you the stories from their editions on the 29th and 30th of June.", "edited": false, "downs": 0, "author_flair_css_class": null, "is_submitter": false, "collapsed": false, "author_flair_richtext": [{"e": "text", "t": "Germany 1871-1945 | Resistance to Nazism"}], "author_patreon_flair": false, "body_html": "&lt;div class=\"md\"&gt;&lt;p&gt;If you google &amp;quot;[newspaper name] archive&amp;quot; then you&amp;#39;ll be able to find digitised copies of most major newspapers. The archives are usually pay to use but most allow you to view 3-5 articles as a trial which should be enough for your purpose. I have full access to the New York Times and Times (of London) archives so I&amp;#39;ve messaged you the stories from their editions on the 29th and 30th of June.&lt;/p&gt;\n&lt;/div&gt;", "gildings": {}, "collapsed_reason": null, "associated_award": null, "stickied": false, "author_premium": false, "subreddit_type": "public", "can_gild": true, "top_awarded_type": null, "author_flair_text_color": "light", "score_hidden": false, "permalink": "/r/AskHistorians/comments/gb7mbh/archduke_franz_ferdinand_and_julius_caesar/fp5fck7/", "num_reports": null, "locked": false, "name": "t1_fp5fck7", "created": 1588356088.0, "subreddit": "AskHistorians", "author_flair_text": "Germany 1871-1945 | Resistance to Nazism", "treatment_tags": [], "created_utc": 1588327288.0, "subreddit_name_prefixed": "r/AskHistorians", "controversiality": 0, "depth": 0, "author_flair_background_color": "#003399", "collapsed_because_crowd_control": null, "mod_reports": [], "mod_note": null, "distinguished": null}}, {"kind": "t1", "data": {"total_awards_received": 0, "approved_at_utc": null, "ups": 1, "awarders": [], "mod_reason_by": null, "banned_by": null, "author_flair_type": "richtext", "removal_reason": null, "link_id": "t3_gb7mbh", "author_flair_template_id": "9e641f94-c626-11e2-8e2c-12313b0b21ae", "likes": null, "replies": "", "user_reports": [], "saved": false, "id": "fp44uar", "banned_at_utc": null, "mod_reason_title": null, "gilded": 0, "archived": false, "no_follow": true, "author": "AutoModerator", "can_mod_post": false, "send_replies": false, "parent_id": "t3_gb7mbh", "score": 1, "author_fullname": "t2_6l4z3", "report_reasons": null, "approved_by": null, "all_awardings": [], "subreddit_id": "t5_2ssp3", "body": "Welcome to /r/AskHistorians. **Please [Read Our Rules](https://www.reddit.com/r/AskHistorians/wiki/rules) before you comment in this community**. Understand that rule breaking comments get removed.\n\nWe thank you for your interest in this *question*, and your patience in waiting for an in-depth and comprehensive answer to be written, which takes time. Please consider **[Clicking Here for RemindMeBot](https://www.reddit.com/message/compose/?to=RemindMeBot&amp;subject=Reminder&amp;message=%5Bhttps://www.reddit.com/r/AskHistorians/comments/gb7mbh/archduke_franz_ferdinand_and_julius_caesar/%5D%0A%0ARemindMe!%202%20days)**, [using our Browser Extension](https://www.reddit.com/r/AskHistorians/comments/d6dzi7/tired_of_clicking_to_find_only_removed_comments/), or getting the [Weekly Roundup](https://www.reddit.com/message/compose?to=subredditsummarybot&amp;subject=askhistorians+weekly&amp;message=x). In the meantime our [Twitter](https://twitter.com/askhistorians), [Facebook](https://www.facebook.com/askhistorians/), and [Sunday Digest](https://www.reddit.com/r/AskHistorians/search?q=title%3A%22Sunday+Digest%22&amp;restrict_sr=on&amp;sort=new&amp;t=all) feature excellent content that has already been written!\n\n\n*I am a bot, and this action was performed automatically. Please [contact the moderators of this subreddit](/message/compose/?to=/r/AskHistorians) if you have any questions or concerns.*", "edited": false, "downs": 0, "author_flair_css_class": null, "is_submitter": false, "collapsed": false, "author_flair_richtext": [{"e": "text", "t": "History of Robotics"}], "author_patreon_flair": false, "body_html": "&lt;div class=\"md\"&gt;&lt;p&gt;Welcome to &lt;a href=\"/r/AskHistorians\"&gt;/r/AskHistorians&lt;/a&gt;. &lt;strong&gt;Please &lt;a href=\"https://www.reddit.com/r/AskHistorians/wiki/rules\"&gt;Read Our Rules&lt;/a&gt; before you comment in this community&lt;/strong&gt;. Understand that rule breaking comments get removed.&lt;/p&gt;\n\n&lt;p&gt;We thank you for your interest in this &lt;em&gt;question&lt;/em&gt;, and your patience in waiting for an in-depth and comprehensive answer to be written, which takes time. Please consider &lt;strong&gt;&lt;a href=\"https://www.reddit.com/message/compose/?to=RemindMeBot&amp;amp;subject=Reminder&amp;amp;message=%5Bhttps://www.reddit.com/r/AskHistorians/comments/gb7mbh/archduke_franz_ferdinand_and_julius_caesar/%5D%0A%0ARemindMe!%202%20days\"&gt;Clicking Here for RemindMeBot&lt;/a&gt;&lt;/strong&gt;, &lt;a href=\"https://www.reddit.com/r/AskHistorians/comments/d6dzi7/tired_of_clicking_to_find_only_removed_comments/\"&gt;using our Browser Extension&lt;/a&gt;, or getting the &lt;a href=\"https://www.reddit.com/message/compose?to=subredditsummarybot&amp;amp;subject=askhistorians+weekly&amp;amp;message=x\"&gt;Weekly Roundup&lt;/a&gt;. In the meantime our &lt;a href=\"https://twitter.com/askhistorians\"&gt;Twitter&lt;/a&gt;, &lt;a href=\"https://www.facebook.com/askhistorians/\"&gt;Facebook&lt;/a&gt;, and &lt;a href=\"https://www.reddit.com/r/AskHistorians/search?q=title%3A%22Sunday+Digest%22&amp;amp;restrict_sr=on&amp;amp;sort=new&amp;amp;t=all\"&gt;Sunday Digest&lt;/a&gt; feature excellent content that has already been written!&lt;/p&gt;\n\n&lt;p&gt;&lt;em&gt;I am a bot, and this action was performed automatically. Please &lt;a href=\"/message/compose/?to=/r/AskHistorians\"&gt;contact the moderators of this subreddit&lt;/a&gt; if you have any questions or concerns.&lt;/em&gt;&lt;/p&gt;\n&lt;/div&gt;", "gildings": {}, "collapsed_reason": null, "associated_award": null, "stickied": false, "author_premium": true, "subreddit_type": "public", "can_gild": true, "top_awarded_type": null, "author_flair_text_color": "light", "score_hidden": false, "permalink": "/r/AskHistorians/comments/gb7mbh/archduke_franz_ferdinand_and_julius_caesar/fp44uar/", "num_reports": null, "locked": true, "name": "t1_fp44uar", "created": 1588320511.0, "subreddit": "AskHistorians", "author_flair_text": "History of Robotics", "treatment_tags": [], "created_utc": 1588291711.0, "subreddit_name_prefixed": "r/AskHistorians", "controversiality": 0, "depth": 0, "author_flair_background_color": "#993366", "collapsed_because_crowd_control": null, "mod_reports": [], "mod_note": null, "distinguished": "moderator"}}], "after": null, "before": null}}]