[{"kind": "Listing", "data": {"modhash": "", "dist": 1, "children": [{"kind": "t3", "data": {"approved_at_utc": null, "subreddit": "AskHistorians", "selftext": "I am currently reading a book about Zheng He, a famous Chinese admiral who\u2019s voyages took him all the way to the East coast of Africa decades before Columbus would sail across the Atlantic. Zheng He\u2019s treasure ships were massive, but seemed extremely unstable on the open ocean. They were flat-bottomed boats which could easily navigate up river; however, I imagine ocean travel was risky for these ships when they encountered large swells. European vessels during this time could not match the size of these ships, but also seemed much more stable in the ocean with their rounded, high hulls and deep keels. I suppose my question is: when did Europeans develop ships which we would recognize as seafaring vessels and did other civilizations (ancient China) know that a keel would make a ship much more stable in the open ocean?", "user_reports": [], "saved": false, "mod_reason_title": null, "gilded": 0, "clicked": false, "title": "When did shipbuilders realize adding a keel to a ship made it much easier to travel on the open ocean?", "link_flair_richtext": [], "subreddit_name_prefixed": "r/AskHistorians", "hidden": false, "pwls": 6, "link_flair_css_class": null, "downs": 0, "top_awarded_type": null, "parent_whitelist_status": "all_ads", "hide_score": false, "name": "t3_gbivxs", "quarantine": false, "link_flair_text_color": "dark", "upvote_ratio": 1.0, "author_flair_background_color": null, "subreddit_type": "public", "ups": 2, "total_awards_received": 0, "media_embed": {}, "author_flair_template_id": null, "is_original_content": false, "author_fullname": "t2_3s31d1pb", "secure_media": null, "is_reddit_media_domain": false, "is_meta": false, "category": null, "secure_media_embed": {}, "link_flair_text": null, "can_mod_post": false, "score": 2, "approved_by": null, "author_premium": false, "thumbnail": "", "edited": false, "author_flair_css_class": null, "author_flair_richtext": [], "gildings": {}, "content_categories": null, "is_self": true, "mod_note": null, "created": 1588371410.0, "link_flair_type": "text", "wls": 6, "removed_by_category": null, "banned_by": null, "author_flair_type": "text", "domain": "self.AskHistorians", "allow_live_comments": false, "selftext_html": "&lt;!-- SC_OFF --&gt;&lt;div class=\"md\"&gt;&lt;p&gt;I am currently reading a book about Zheng He, a famous Chinese admiral who\u2019s voyages took him all the way to the East coast of Africa decades before Columbus would sail across the Atlantic. Zheng He\u2019s treasure ships were massive, but seemed extremely unstable on the open ocean. They were flat-bottomed boats which could easily navigate up river; however, I imagine ocean travel was risky for these ships when they encountered large swells. European vessels during this time could not match the size of these ships, but also seemed much more stable in the ocean with their rounded, high hulls and deep keels. I suppose my question is: when did Europeans develop ships which we would recognize as seafaring vessels and did other civilizations (ancient China) know that a keel would make a ship much more stable in the open ocean?&lt;/p&gt;\n&lt;/div&gt;&lt;!-- SC_ON --&gt;", "likes": null, "suggested_sort": null, "banned_at_utc": null, "view_count": null, "archived": false, "no_follow": true, "is_crosspostable": false, "pinned": false, "over_18": false, "all_awardings": [], "awarders": [], "media_only": false, "can_gild": false, "spoiler": false, "locked": false, "author_flair_text": null, "treatment_tags": [], "visited": false, "removed_by": null, "num_reports": null, "distinguished": null, "subreddit_id": "t5_2ssp3", "mod_reason_by": null, "removal_reason": null, "link_flair_background_color": "", "id": "gbivxs", "is_robot_indexable": true, "num_duplicates": 1, "report_reasons": null, "author": "Cartwerhicks99", "discussion_type": null, "num_comments": 2, "send_replies": true, "media": null, "contest_mode": false, "author_patreon_flair": false, "author_flair_text_color": null, "permalink": "/r/AskHistorians/comments/gbivxs/when_did_shipbuilders_realize_adding_a_keel_to_a/", "whitelist_status": "all_ads", "stickied": false, "url": "https://www.reddit.com/r/AskHistorians/comments/gbivxs/when_did_shipbuilders_realize_adding_a_keel_to_a/", "subreddit_subscribers": 1192584, "created_utc": 1588342610.0, "num_crossposts": 0, "mod_reports": [], "is_video": false}}], "after": null, "before": null}}, {"kind": "Listing", "data": {"modhash": "", "dist": null, "children": [{"kind": "t1", "data": {"total_awards_received": 0, "approved_at_utc": null, "ups": 1, "awarders": [], "mod_reason_by": null, "banned_by": null, "author_flair_type": "richtext", "removal_reason": null, "link_id": "t3_gbivxs", "author_flair_template_id": "9e641f94-c626-11e2-8e2c-12313b0b21ae", "likes": null, "replies": "", "user_reports": [], "saved": false, "id": "fp5yixv", "banned_at_utc": null, "mod_reason_title": null, "gilded": 0, "archived": false, "no_follow": true, "author": "AutoModerator", "can_mod_post": false, "send_replies": false, "parent_id": "t3_gbivxs", "score": 1, "author_fullname": "t2_6l4z3", "report_reasons": null, "approved_by": null, "all_awardings": [], "subreddit_id": "t5_2ssp3", "body": "Welcome to /r/AskHistorians. **Please [Read Our Rules](https://www.reddit.com/r/AskHistorians/wiki/rules) before you comment in this community**. Understand that rule breaking comments get removed.\n\nWe thank you for your interest in this *question*, and your patience in waiting for an in-depth and comprehensive answer to be written, which takes time. Please consider **[Clicking Here for RemindMeBot](https://www.reddit.com/message/compose/?to=RemindMeBot&amp;subject=Reminder&amp;message=%5Bhttps://www.reddit.com/r/AskHistorians/comments/gbivxs/when_did_shipbuilders_realize_adding_a_keel_to_a/%5D%0A%0ARemindMe!%202%20days)**, [using our Browser Extension](https://www.reddit.com/r/AskHistorians/comments/d6dzi7/tired_of_clicking_to_find_only_removed_comments/), or getting the [Weekly Roundup](https://www.reddit.com/message/compose?to=subredditsummarybot&amp;subject=askhistorians+weekly&amp;message=x). In the meantime our [Twitter](https://twitter.com/askhistorians), [Facebook](https://www.facebook.com/askhistorians/), and [Sunday Digest](https://www.reddit.com/r/AskHistorians/search?q=title%3A%22Sunday+Digest%22&amp;restrict_sr=on&amp;sort=new&amp;t=all) feature excellent content that has already been written!\n\n\n*I am a bot, and this action was performed automatically. Please [contact the moderators of this subreddit](/message/compose/?to=/r/AskHistorians) if you have any questions or concerns.*", "edited": false, "downs": 0, "author_flair_css_class": null, "is_submitter": false, "collapsed": false, "author_flair_richtext": [{"e": "text", "t": "History of Robotics"}], "author_patreon_flair": false, "body_html": "&lt;div class=\"md\"&gt;&lt;p&gt;Welcome to &lt;a href=\"/r/AskHistorians\"&gt;/r/AskHistorians&lt;/a&gt;. &lt;strong&gt;Please &lt;a href=\"https://www.reddit.com/r/AskHistorians/wiki/rules\"&gt;Read Our Rules&lt;/a&gt; before you comment in this community&lt;/strong&gt;. Understand that rule breaking comments get removed.&lt;/p&gt;\n\n&lt;p&gt;We thank you for your interest in this &lt;em&gt;question&lt;/em&gt;, and your patience in waiting for an in-depth and comprehensive answer to be written, which takes time. Please consider &lt;strong&gt;&lt;a href=\"https://www.reddit.com/message/compose/?to=RemindMeBot&amp;amp;subject=Reminder&amp;amp;message=%5Bhttps://www.reddit.com/r/AskHistorians/comments/gbivxs/when_did_shipbuilders_realize_adding_a_keel_to_a/%5D%0A%0ARemindMe!%202%20days\"&gt;Clicking Here for RemindMeBot&lt;/a&gt;&lt;/strong&gt;, &lt;a href=\"https://www.reddit.com/r/AskHistorians/comments/d6dzi7/tired_of_clicking_to_find_only_removed_comments/\"&gt;using our Browser Extension&lt;/a&gt;, or getting the &lt;a href=\"https://www.reddit.com/message/compose?to=subredditsummarybot&amp;amp;subject=askhistorians+weekly&amp;amp;message=x\"&gt;Weekly Roundup&lt;/a&gt;. In the meantime our &lt;a href=\"https://twitter.com/askhistorians\"&gt;Twitter&lt;/a&gt;, &lt;a href=\"https://www.facebook.com/askhistorians/\"&gt;Facebook&lt;/a&gt;, and &lt;a href=\"https://www.reddit.com/r/AskHistorians/search?q=title%3A%22Sunday+Digest%22&amp;amp;restrict_sr=on&amp;amp;sort=new&amp;amp;t=all\"&gt;Sunday Digest&lt;/a&gt; feature excellent content that has already been written!&lt;/p&gt;\n\n&lt;p&gt;&lt;em&gt;I am a bot, and this action was performed automatically. Please &lt;a href=\"/message/compose/?to=/r/AskHistorians\"&gt;contact the moderators of this subreddit&lt;/a&gt; if you have any questions or concerns.&lt;/em&gt;&lt;/p&gt;\n&lt;/div&gt;", "gildings": {}, "collapsed_reason": null, "associated_award": null, "stickied": true, "author_premium": true, "subreddit_type": "public", "can_gild": true, "top_awarded_type": null, "author_flair_text_color": "light", "score_hidden": true, "permalink": "/r/AskHistorians/comments/gbivxs/when_did_shipbuilders_realize_adding_a_keel_to_a/fp5yixv/", "num_reports": null, "locked": true, "name": "t1_fp5yixv", "created": 1588371411.0, "subreddit": "AskHistorians", "author_flair_text": "History of Robotics", "treatment_tags": [], "created_utc": 1588342611.0, "subreddit_name_prefixed": "r/AskHistorians", "controversiality": 0, "depth": 0, "author_flair_background_color": "#993366", "collapsed_because_crowd_control": null, "mod_reports": [], "mod_note": null, "distinguished": "moderator"}}, {"kind": "t1", "data": {"total_awards_received": 0, "approved_at_utc": null, "ups": 8, "awarders": [], "mod_reason_by": null, "banned_by": null, "author_flair_type": "richtext", "removal_reason": null, "link_id": "t3_gbivxs", "author_flair_template_id": "9e641f94-c626-11e2-8e2c-12313b0b21ae", "likes": null, "replies": "", "user_reports": [], "saved": false, "id": "fp68hss", "banned_at_utc": null, "mod_reason_title": null, "gilded": 0, "archived": false, "no_follow": true, "author": "jschooltiger", "can_mod_post": false, "send_replies": true, "parent_id": "t3_gbivxs", "score": 8, "author_fullname": "t2_96gqp", "report_reasons": null, "approved_by": null, "all_awardings": [], "subreddit_id": "t5_2ssp3", "body": "So I am not an expert about Zheng He, but I will say that there's a lot of bad information out there about him -- the idea that he discovered the Americas, for example, is bunk. \n\nBut a keel on a ship and rounded sides don't necessarily make it \"better\" than a flat-bottomed ship, and vice versa -- ships are always built in a context not only of shipbuilding tradition, but also based on local factors. For example, Dutch ships were built with a shallower draft and more rounded hull than English, because they had to navigate much shallower water to get to ports in the Zuiderzee or through the IJsselmeer. That made them less weatherly than English ships, but it also meant that they could maneuver differently in the Channel -- in the action of Sept. 28, 1652 the English *Sovereign* and *James* both ran ashore on the Kentish Knock chasing the squadron led by the Dutch admiral Witte Corneliszoon de With.\n\nBut in any case, to answer your question about shipbuilding and keels, ships were being built in the Mediterranean context with keels in antiquity -- the classic Greek triremes used their (extended) [keels as weapons](https://en.wikipedia.org/wiki/Olympias_%28trireme%29#/media/File:Olympias.1.JPG), of course, but there were also merchant ships built with keels. Moving toward a period I'm more familiar with, Norse longships (at least the ones we know about -- we actually don't have a ton of surviving examples in northern Europe) were built to a fairly common or similar pattern of having a long keel and then planks sewn or nailed to that -- the ship was built up from the keel in what's called clinker construction. On the other hand, there were European ships built with a flat bottom, such as [the cog](https://en.wikipedia.org/wiki/Cog_\\(ship\\)#/media/File:CMM_-_Przekr%C3%B3j_poprzeczny_kogi.JPG), which was a cargo carrier that was meant to be able to beach itself in medieval harbors with limited port facilities. (The flat bottom also allowed for a hull shape that let it carry more cargo.)\n\nI've written a bunch about this before, if it's of interest. \n\nhttps://www.reddit.com/r/AskHistorians/comments/20x9kz/classes_of_vessels_during_the_age_of_sail/cg87ag8/\n\nhttps://www.reddit.com/r/AskHistorians/comments/3pn7v5/what_changes_occurred_in_the_construction/\n\nhttps://www.reddit.com/r/AskHistorians/comments/44sivx/ship_design_and_construction_in_the_age_of_sail/\n\nhttps://www.reddit.com/r/AskHistorians/comments/956yc2/what_made_norse_longships_different_from_other/e3rv127/\n\nhttps://www.reddit.com/r/AskHistorians/comments/2709jm/how_would_a_britishhms_frigate_built_in_1715/\n\nhttps://www.reddit.com/r/AskHistorians/comments/1lmtd5/what_advances_in_naval_technology_were_made/cc103fr/\n\nhttps://www.reddit.com/r/AskHistorians/comments/1lmtd5/what_advances_in_naval_technology_were_made/cc103fr/", "edited": 1588352427.0, "downs": 0, "author_flair_css_class": null, "is_submitter": false, "collapsed": false, "author_flair_richtext": [{"e": "text", "t": "Moderator | Shipbuilding and Logistics | British Navy 1770-1830"}], "author_patreon_flair": false, "body_html": "&lt;div class=\"md\"&gt;&lt;p&gt;So I am not an expert about Zheng He, but I will say that there&amp;#39;s a lot of bad information out there about him -- the idea that he discovered the Americas, for example, is bunk. &lt;/p&gt;\n\n&lt;p&gt;But a keel on a ship and rounded sides don&amp;#39;t necessarily make it &amp;quot;better&amp;quot; than a flat-bottomed ship, and vice versa -- ships are always built in a context not only of shipbuilding tradition, but also based on local factors. For example, Dutch ships were built with a shallower draft and more rounded hull than English, because they had to navigate much shallower water to get to ports in the Zuiderzee or through the IJsselmeer. That made them less weatherly than English ships, but it also meant that they could maneuver differently in the Channel -- in the action of Sept. 28, 1652 the English &lt;em&gt;Sovereign&lt;/em&gt; and &lt;em&gt;James&lt;/em&gt; both ran ashore on the Kentish Knock chasing the squadron led by the Dutch admiral Witte Corneliszoon de With.&lt;/p&gt;\n\n&lt;p&gt;But in any case, to answer your question about shipbuilding and keels, ships were being built in the Mediterranean context with keels in antiquity -- the classic Greek triremes used their (extended) &lt;a href=\"https://en.wikipedia.org/wiki/Olympias_%28trireme%29#/media/File:Olympias.1.JPG\"&gt;keels as weapons&lt;/a&gt;, of course, but there were also merchant ships built with keels. Moving toward a period I&amp;#39;m more familiar with, Norse longships (at least the ones we know about -- we actually don&amp;#39;t have a ton of surviving examples in northern Europe) were built to a fairly common or similar pattern of having a long keel and then planks sewn or nailed to that -- the ship was built up from the keel in what&amp;#39;s called clinker construction. On the other hand, there were European ships built with a flat bottom, such as &lt;a href=\"https://en.wikipedia.org/wiki/Cog_(ship)#/media/File:CMM_-_Przekr%C3%B3j_poprzeczny_kogi.JPG\"&gt;the cog&lt;/a&gt;, which was a cargo carrier that was meant to be able to beach itself in medieval harbors with limited port facilities. (The flat bottom also allowed for a hull shape that let it carry more cargo.)&lt;/p&gt;\n\n&lt;p&gt;I&amp;#39;ve written a bunch about this before, if it&amp;#39;s of interest. &lt;/p&gt;\n\n&lt;p&gt;&lt;a href=\"https://www.reddit.com/r/AskHistorians/comments/20x9kz/classes_of_vessels_during_the_age_of_sail/cg87ag8/\"&gt;https://www.reddit.com/r/AskHistorians/comments/20x9kz/classes_of_vessels_during_the_age_of_sail/cg87ag8/&lt;/a&gt;&lt;/p&gt;\n\n&lt;p&gt;&lt;a href=\"https://www.reddit.com/r/AskHistorians/comments/3pn7v5/what_changes_occurred_in_the_construction/\"&gt;https://www.reddit.com/r/AskHistorians/comments/3pn7v5/what_changes_occurred_in_the_construction/&lt;/a&gt;&lt;/p&gt;\n\n&lt;p&gt;&lt;a href=\"https://www.reddit.com/r/AskHistorians/comments/44sivx/ship_design_and_construction_in_the_age_of_sail/\"&gt;https://www.reddit.com/r/AskHistorians/comments/44sivx/ship_design_and_construction_in_the_age_of_sail/&lt;/a&gt;&lt;/p&gt;\n\n&lt;p&gt;&lt;a href=\"https://www.reddit.com/r/AskHistorians/comments/956yc2/what_made_norse_longships_different_from_other/e3rv127/\"&gt;https://www.reddit.com/r/AskHistorians/comments/956yc2/what_made_norse_longships_different_from_other/e3rv127/&lt;/a&gt;&lt;/p&gt;\n\n&lt;p&gt;&lt;a href=\"https://www.reddit.com/r/AskHistorians/comments/2709jm/how_would_a_britishhms_frigate_built_in_1715/\"&gt;https://www.reddit.com/r/AskHistorians/comments/2709jm/how_would_a_britishhms_frigate_built_in_1715/&lt;/a&gt;&lt;/p&gt;\n\n&lt;p&gt;&lt;a href=\"https://www.reddit.com/r/AskHistorians/comments/1lmtd5/what_advances_in_naval_technology_were_made/cc103fr/\"&gt;https://www.reddit.com/r/AskHistorians/comments/1lmtd5/what_advances_in_naval_technology_were_made/cc103fr/&lt;/a&gt;&lt;/p&gt;\n\n&lt;p&gt;&lt;a href=\"https://www.reddit.com/r/AskHistorians/comments/1lmtd5/what_advances_in_naval_technology_were_made/cc103fr/\"&gt;https://www.reddit.com/r/AskHistorians/comments/1lmtd5/what_advances_in_naval_technology_were_made/cc103fr/&lt;/a&gt;&lt;/p&gt;\n&lt;/div&gt;", "gildings": {}, "collapsed_reason": null, "associated_award": null, "stickied": false, "author_premium": true, "subreddit_type": "public", "can_gild": true, "top_awarded_type": null, "author_flair_text_color": "light", "score_hidden": false, "permalink": "/r/AskHistorians/comments/gbivxs/when_did_shipbuilders_realize_adding_a_keel_to_a/fp68hss/", "num_reports": null, "locked": false, "name": "t1_fp68hss", "created": 1588376775.0, "subreddit": "AskHistorians", "author_flair_text": "Moderator | Shipbuilding and Logistics | British Navy 1770-1830", "treatment_tags": [], "created_utc": 1588347975.0, "subreddit_name_prefixed": "r/AskHistorians", "controversiality": 0, "depth": 0, "author_flair_background_color": "#993366", "collapsed_because_crowd_control": null, "mod_reports": [], "mod_note": null, "distinguished": null}}], "after": null, "before": null}}]