[{"kind": "Listing", "data": {"modhash": "", "dist": 1, "children": [{"kind": "t3", "data": {"subreddit_id": "t5_2ssp3", "approved_at_utc": null, "send_replies": true, "mod_reason_by": null, "banned_by": null, "removal_reason": null, "wls": 6, "subreddit": "AskHistorians", "selftext_html": "&lt;!-- SC_OFF --&gt;&lt;div class=\"md\"&gt;&lt;p&gt;I recently watched The Man from U.N.C.L.E. and there\u2019s a scene where a KGB agent is in the middle of pursuing a suspect, and is stopped by the Russian, uniformed police. To save time, he kills the police and continues the chase. Given the recent publication of Mi5 agents being allowed to commit crimes on their own soil, are there any examples of this happening in the Soviet Union?&lt;/p&gt;\n&lt;/div&gt;&lt;!-- SC_ON --&gt;", "author_flair_template_id": null, "selftext": "I recently watched The Man from U.N.C.L.E. and there\u2019s a scene where a KGB agent is in the middle of pursuing a suspect, and is stopped by the Russian, uniformed police. To save time, he kills the police and continues the chase. Given the recent publication of Mi5 agents being allowed to commit crimes on their own soil, are there any examples of this happening in the Soviet Union?", "likes": null, "suggested_sort": null, "mod_note": null, "user_reports": [], "secure_media": null, "is_reddit_media_domain": false, "saved": false, "id": "81kr55", "banned_at_utc": null, "mod_reason_title": null, "view_count": null, "archived": false, "clicked": false, "no_follow": true, "author": "GafGar4580", "num_crossposts": 0, "link_flair_text": null, "can_mod_post": false, "is_crosspostable": false, "pinned": false, "score": 3, "approved_by": null, "over_18": false, "domain": "self.AskHistorians", "hidden": false, "pwls": 6, "thumbnail": "", "hide_score": false, "edited": false, "link_flair_css_class": null, "media_only": false, "author_flair_css_class": null, "contest_mode": false, "gilded": 0, "title": "Could KGB agents commit crimes within the USSR?", "downs": 0, "secure_media_embed": {}, "media_embed": {}, "author_flair_text": null, "stickied": false, "can_gild": false, "is_self": true, "parent_whitelist_status": "all_ads", "name": "t3_81kr55", "spoiler": false, "permalink": "/r/AskHistorians/comments/81kr55/could_kgb_agents_commit_crimes_within_the_ussr/", "subreddit_type": "public", "locked": false, "report_reasons": null, "created": 1520067707.0, "url": "https://www.reddit.com/r/AskHistorians/comments/81kr55/could_kgb_agents_commit_crimes_within_the_ussr/", "whitelist_status": "all_ads", "quarantine": false, "subreddit_subscribers": 755453, "created_utc": 1520038907.0, "subreddit_name_prefixed": "r/AskHistorians", "distinguished": null, "media": null, "num_comments": 0, "upvote_ratio": 0.67, "mod_reports": [], "visited": false, "num_reports": null, "is_video": false, "ups": 3, "post_categories": null}}], "after": null, "before": null}}, {"kind": "Listing", "data": {"modhash": "", "dist": null, "children": [], "after": null, "before": null}}]