[{"kind": "Listing", "data": {"modhash": "", "dist": 1, "children": [{"kind": "t3", "data": {"subreddit_id": "t5_2ssp3", "approved_at_utc": null, "send_replies": true, "mod_reason_by": null, "banned_by": null, "removal_reason": null, "wls": 6, "subreddit": "AskHistorians", "selftext_html": null, "author_flair_template_id": null, "selftext": "", "likes": null, "suggested_sort": null, "mod_note": null, "user_reports": [], "secure_media": null, "is_reddit_media_domain": false, "saved": false, "id": "81rcbb", "banned_at_utc": null, "mod_reason_title": null, "view_count": null, "archived": false, "clicked": false, "no_follow": true, "author": "MagetaL", "num_crossposts": 0, "link_flair_text": null, "can_mod_post": false, "is_crosspostable": false, "pinned": false, "score": 4, "approved_by": null, "over_18": false, "domain": "self.AskHistorians", "hidden": false, "pwls": 6, "thumbnail": "", "hide_score": false, "edited": false, "link_flair_css_class": null, "media_only": false, "author_flair_css_class": null, "contest_mode": false, "gilded": 0, "title": "Looking for good a pre-Meiji restoration Japanese history book. Preferably nonfiction. Not Shogun again.", "downs": 0, "secure_media_embed": {}, "media_embed": {}, "author_flair_text": null, "stickied": false, "can_gild": false, "is_self": true, "parent_whitelist_status": "all_ads", "name": "t3_81rcbb", "spoiler": false, "permalink": "/r/AskHistorians/comments/81rcbb/looking_for_good_a_premeiji_restoration_japanese/", "subreddit_type": "public", "locked": false, "report_reasons": null, "created": 1520125188.0, "url": "https://www.reddit.com/r/AskHistorians/comments/81rcbb/looking_for_good_a_premeiji_restoration_japanese/", "whitelist_status": "all_ads", "quarantine": false, "subreddit_subscribers": 755456, "created_utc": 1520096388.0, "subreddit_name_prefixed": "r/AskHistorians", "distinguished": null, "media": null, "num_comments": 2, "upvote_ratio": 0.63, "mod_reports": [], "visited": false, "num_reports": null, "is_video": false, "ups": 4, "post_categories": null}}], "after": null, "before": null}}, {"kind": "Listing", "data": {"modhash": "", "dist": null, "children": [{"kind": "t1", "data": {"subreddit_id": "t5_2ssp3", "approved_at_utc": null, "ups": 1, "mod_reason_by": null, "banned_by": null, "removal_reason": null, "link_id": "t3_81rcbb", "author_flair_template_id": null, "likes": null, "no_follow": true, "replies": {"kind": "Listing", "data": {"modhash": "", "dist": null, "children": [{"kind": "t1", "data": {"subreddit_id": "t5_2ssp3", "approved_at_utc": null, "ups": 1, "mod_reason_by": null, "banned_by": null, "removal_reason": null, "link_id": "t3_81rcbb", "author_flair_template_id": null, "likes": null, "no_follow": true, "replies": "", "user_reports": [], "saved": false, "id": "dv4lb2z", "banned_at_utc": null, "mod_reason_title": null, "gilded": 0, "archived": false, "report_reasons": null, "author": "MagetaL", "can_mod_post": false, "send_replies": true, "parent_id": "t1_dv4k122", "score": 1, "approved_by": null, "downs": 0, "body": "Much appreciated.\n", "edited": false, "author_flair_css_class": null, "collapsed": false, "is_submitter": true, "collapsed_reason": null, "body_html": "&lt;div class=\"md\"&gt;&lt;p&gt;Much appreciated.&lt;/p&gt;\n&lt;/div&gt;", "subreddit_type": "public", "can_gild": true, "subreddit": "AskHistorians", "name": "t1_dv4lb2z", "score_hidden": false, "permalink": "/r/AskHistorians/comments/81rcbb/looking_for_good_a_premeiji_restoration_japanese/dv4lb2z/", "num_reports": null, "stickied": false, "created": 1520126922.0, "author_flair_text": null, "created_utc": 1520098122.0, "subreddit_name_prefixed": "r/AskHistorians", "controversiality": 0, "depth": 1, "mod_reports": [], "mod_note": null, "distinguished": null}}], "after": null, "before": null}}, "user_reports": [], "saved": false, "id": "dv4k122", "banned_at_utc": null, "mod_reason_title": null, "gilded": 0, "archived": false, "report_reasons": null, "author": "jschooltiger", "can_mod_post": false, "send_replies": true, "parent_id": "t3_81rcbb", "score": 1, "approved_by": null, "downs": 0, "body": "Hi there -- have you checked out the [Japan section](https://www.reddit.com/r/AskHistorians/wiki/books/eastasia#wiki_japan) of our Books and Resources list? ", "edited": false, "author_flair_css_class": "moderator", "collapsed": false, "is_submitter": false, "collapsed_reason": null, "body_html": "&lt;div class=\"md\"&gt;&lt;p&gt;Hi there -- have you checked out the &lt;a href=\"https://www.reddit.com/r/AskHistorians/wiki/books/eastasia#wiki_japan\"&gt;Japan section&lt;/a&gt; of our Books and Resources list? &lt;/p&gt;\n&lt;/div&gt;", "subreddit_type": "public", "can_gild": true, "subreddit": "AskHistorians", "name": "t1_dv4k122", "score_hidden": false, "permalink": "/r/AskHistorians/comments/81rcbb/looking_for_good_a_premeiji_restoration_japanese/dv4k122/", "num_reports": null, "stickied": false, "created": 1520125419.0, "author_flair_text": "Moderator | Shipbuilding and Logistics | British Navy 1770-1830", "created_utc": 1520096619.0, "subreddit_name_prefixed": "r/AskHistorians", "controversiality": 0, "depth": 0, "mod_reports": [], "mod_note": null, "distinguished": "moderator"}}], "after": null, "before": null}}]