[{"kind": "Listing", "data": {"modhash": "", "dist": 1, "children": [{"kind": "t3", "data": {"subreddit_id": "t5_2ssp3", "approved_at_utc": null, "send_replies": true, "mod_reason_by": null, "banned_by": null, "removal_reason": null, "wls": 6, "subreddit": "AskHistorians", "selftext_html": "&lt;!-- SC_OFF --&gt;&lt;div class=\"md\"&gt;&lt;p&gt;My only experience with this topic would be from the movie Glory and I&amp;#39;d hardly call that historically accurate, so any information that can be gained on this topic would be greatly appreciated.&lt;/p&gt;\n&lt;/div&gt;&lt;!-- SC_ON --&gt;", "author_flair_template_id": null, "selftext": "My only experience with this topic would be from the movie Glory and I'd hardly call that historically accurate, so any information that can be gained on this topic would be greatly appreciated.", "likes": null, "suggested_sort": null, "mod_note": null, "user_reports": [], "secure_media": null, "is_reddit_media_domain": false, "saved": false, "id": "81sat7", "banned_at_utc": null, "mod_reason_title": null, "view_count": null, "archived": false, "clicked": false, "no_follow": false, "author": "_will_sex_for_food", "num_crossposts": 0, "link_flair_text": null, "can_mod_post": false, "is_crosspostable": false, "pinned": false, "score": 7, "approved_by": null, "over_18": false, "domain": "self.AskHistorians", "hidden": false, "pwls": 6, "thumbnail": "", "hide_score": false, "edited": false, "link_flair_css_class": null, "media_only": false, "author_flair_css_class": null, "contest_mode": false, "gilded": 0, "title": "What would be the typical experience of a freedman fighting in the Union Army during the American Civil War? To what degree would they face discrimination from fellow white soldiers?", "downs": 0, "secure_media_embed": {}, "media_embed": {}, "author_flair_text": null, "stickied": false, "can_gild": false, "is_self": true, "parent_whitelist_status": "all_ads", "name": "t3_81sat7", "spoiler": false, "permalink": "/r/AskHistorians/comments/81sat7/what_would_be_the_typical_experience_of_a/", "subreddit_type": "public", "locked": false, "report_reasons": null, "created": 1520133631.0, "url": "https://www.reddit.com/r/AskHistorians/comments/81sat7/what_would_be_the_typical_experience_of_a/", "whitelist_status": "all_ads", "quarantine": false, "subreddit_subscribers": 755456, "created_utc": 1520104831.0, "subreddit_name_prefixed": "r/AskHistorians", "distinguished": null, "media": null, "num_comments": 0, "upvote_ratio": 0.79, "mod_reports": [], "visited": false, "num_reports": null, "is_video": false, "ups": 7, "post_categories": null}}], "after": null, "before": null}}, {"kind": "Listing", "data": {"modhash": "", "dist": null, "children": [], "after": null, "before": null}}]