[{"kind": "Listing", "data": {"modhash": "", "dist": 1, "children": [{"kind": "t3", "data": {"subreddit_id": "t5_2ssp3", "approved_at_utc": null, "send_replies": true, "mod_reason_by": null, "banned_by": null, "removal_reason": null, "wls": 6, "subreddit": "AskHistorians", "selftext_html": "&lt;!-- SC_OFF --&gt;&lt;div class=\"md\"&gt;&lt;p&gt;How did they really feel about their non-Eastern Bloc allies such as Cuba and Nicaragua? Were they paternalistic or intrusive in their internal affairs? Did they ever support a right-wing government that was also anti-Western, like the way the US worked with communist China? Did these relationships change along with Soviet leadership?&lt;/p&gt;\n&lt;/div&gt;&lt;!-- SC_ON --&gt;", "author_flair_template_id": null, "selftext": "How did they really feel about their non-Eastern Bloc allies such as Cuba and Nicaragua? Were they paternalistic or intrusive in their internal affairs? Did they ever support a right-wing government that was also anti-Western, like the way the US worked with communist China? Did these relationships change along with Soviet leadership?", "likes": null, "suggested_sort": null, "mod_note": null, "user_reports": [], "secure_media": null, "is_reddit_media_domain": false, "saved": false, "id": "81sqsl", "banned_at_utc": null, "mod_reason_title": null, "view_count": null, "archived": false, "clicked": false, "no_follow": false, "author": "Mitchford", "num_crossposts": 0, "link_flair_text": null, "can_mod_post": false, "is_crosspostable": false, "pinned": false, "score": 3, "approved_by": null, "over_18": false, "domain": "self.AskHistorians", "hidden": false, "pwls": 6, "thumbnail": "", "hide_score": false, "edited": false, "link_flair_css_class": null, "media_only": false, "author_flair_css_class": null, "contest_mode": false, "gilded": 0, "title": "What was the USSR's attitude toward their allies outside of the Eastern Bloc?", "downs": 0, "secure_media_embed": {}, "media_embed": {}, "author_flair_text": null, "stickied": false, "can_gild": false, "is_self": true, "parent_whitelist_status": "all_ads", "name": "t3_81sqsl", "spoiler": false, "permalink": "/r/AskHistorians/comments/81sqsl/what_was_the_ussrs_attitude_toward_their_allies/", "subreddit_type": "public", "locked": false, "report_reasons": null, "created": 1520137719.0, "url": "https://www.reddit.com/r/AskHistorians/comments/81sqsl/what_was_the_ussrs_attitude_toward_their_allies/", "whitelist_status": "all_ads", "quarantine": false, "subreddit_subscribers": 755456, "created_utc": 1520108919.0, "subreddit_name_prefixed": "r/AskHistorians", "distinguished": null, "media": null, "num_comments": 0, "upvote_ratio": 0.8, "mod_reports": [], "visited": false, "num_reports": null, "is_video": false, "ups": 3, "post_categories": null}}], "after": null, "before": null}}, {"kind": "Listing", "data": {"modhash": "", "dist": null, "children": [], "after": null, "before": null}}]