[{"kind": "Listing", "data": {"modhash": "", "dist": 1, "children": [{"kind": "t3", "data": {"subreddit_id": "t5_2ssp3", "approved_at_utc": null, "send_replies": true, "mod_reason_by": null, "banned_by": null, "removal_reason": null, "wls": 6, "subreddit": "AskHistorians", "selftext_html": "&lt;!-- SC_OFF --&gt;&lt;div class=\"md\"&gt;&lt;p&gt;Just google Louis XVII, you find nothing about him&lt;/p&gt;\n&lt;/div&gt;&lt;!-- SC_ON --&gt;", "author_flair_template_id": null, "selftext": "Just google Louis XVII, you find nothing about him", "likes": null, "suggested_sort": null, "mod_note": null, "user_reports": [], "secure_media": null, "is_reddit_media_domain": false, "saved": false, "id": "81srxo", "banned_at_utc": null, "mod_reason_title": null, "view_count": null, "archived": false, "clicked": false, "no_follow": false, "author": "Frigorifico", "num_crossposts": 0, "link_flair_text": null, "can_mod_post": false, "is_crosspostable": false, "pinned": false, "score": 149, "approved_by": null, "over_18": false, "domain": "self.AskHistorians", "hidden": false, "pwls": 6, "thumbnail": "", "hide_score": false, "edited": false, "link_flair_css_class": null, "media_only": false, "author_flair_css_class": null, "contest_mode": false, "gilded": 0, "title": "I know about Luis XVI and Louis XVIII of France (among others) but who was Louis XVII and why is he so hard to google?", "downs": 0, "secure_media_embed": {}, "media_embed": {}, "author_flair_text": null, "stickied": false, "can_gild": false, "is_self": true, "parent_whitelist_status": "all_ads", "name": "t3_81srxo", "spoiler": false, "permalink": "/r/AskHistorians/comments/81srxo/i_know_about_luis_xvi_and_louis_xviii_of_france/", "subreddit_type": "public", "locked": false, "report_reasons": null, "created": 1520138004.0, "url": "https://www.reddit.com/r/AskHistorians/comments/81srxo/i_know_about_luis_xvi_and_louis_xviii_of_france/", "whitelist_status": "all_ads", "quarantine": false, "subreddit_subscribers": 755457, "created_utc": 1520109204.0, "subreddit_name_prefixed": "r/AskHistorians", "distinguished": null, "media": null, "num_comments": 7, "upvote_ratio": 0.93, "mod_reports": [], "visited": false, "num_reports": null, "is_video": false, "ups": 149, "post_categories": null}}], "after": null, "before": null}}, {"kind": "Listing", "data": {"modhash": "", "dist": null, "children": [{"kind": "t1", "data": {"subreddit_id": "t5_2ssp3", "approved_at_utc": null, "ups": 196, "mod_reason_by": null, "banned_by": null, "removal_reason": null, "link_id": "t3_81srxo", "author_flair_template_id": null, "likes": null, "no_follow": false, "replies": {"kind": "Listing", "data": {"modhash": "", "dist": null, "children": [{"kind": "t1", "data": {"subreddit_id": "t5_2ssp3", "approved_at_utc": null, "ups": 41, "mod_reason_by": null, "banned_by": null, "removal_reason": null, "link_id": "t3_81srxo", "author_flair_template_id": null, "likes": null, "no_follow": false, "replies": {"kind": "Listing", "data": {"modhash": "", "dist": null, "children": [{"kind": "t1", "data": {"subreddit_id": "t5_2ssp3", "approved_at_utc": null, "ups": 19, "mod_reason_by": null, "banned_by": null, "removal_reason": null, "link_id": "t3_81srxo", "author_flair_template_id": null, "likes": null, "no_follow": false, "replies": {"kind": "Listing", "data": {"modhash": "", "dist": null, "children": [{"kind": "t1", "data": {"subreddit_id": "t5_2ssp3", "approved_at_utc": null, "ups": 25, "mod_reason_by": null, "banned_by": null, "removal_reason": null, "link_id": "t3_81srxo", "author_flair_template_id": null, "likes": null, "no_follow": false, "replies": {"kind": "Listing", "data": {"modhash": "", "dist": null, "children": [{"kind": "t1", "data": {"subreddit_id": "t5_2ssp3", "approved_at_utc": null, "ups": 26, "mod_reason_by": null, "banned_by": null, "removal_reason": null, "link_id": "t3_81srxo", "author_flair_template_id": null, "likes": null, "no_follow": false, "replies": "", "user_reports": [], "saved": false, "id": "dv58lk3", "banned_at_utc": null, "mod_reason_title": null, "gilded": 0, "archived": false, "report_reasons": null, "author": "kekabillie", "can_mod_post": false, "send_replies": true, "parent_id": "t1_dv563eg", "score": 26, "approved_by": null, "downs": 0, "body": "&gt;  his mother being the son of the Austrian Emperor.\n\ndaughter?", "edited": false, "author_flair_css_class": null, "collapsed": false, "is_submitter": false, "collapsed_reason": null, "body_html": "&lt;div class=\"md\"&gt;&lt;blockquote&gt;\n&lt;p&gt;his mother being the son of the Austrian Emperor.&lt;/p&gt;\n&lt;/blockquote&gt;\n\n&lt;p&gt;daughter?&lt;/p&gt;\n&lt;/div&gt;", "subreddit_type": "public", "can_gild": true, "subreddit": "AskHistorians", "name": "t1_dv58lk3", "score_hidden": false, "permalink": "/r/AskHistorians/comments/81srxo/i_know_about_luis_xvi_and_louis_xviii_of_france/dv58lk3/", "num_reports": null, "stickied": false, "created": 1520154325.0, "author_flair_text": null, "created_utc": 1520125525.0, "subreddit_name_prefixed": "r/AskHistorians", "controversiality": 0, "depth": 4, "mod_reports": [], "mod_note": null, "distinguished": null}}], "after": null, "before": null}}, "user_reports": [], "saved": false, "id": "dv563eg", "banned_at_utc": null, "mod_reason_title": null, "gilded": 0, "archived": false, "report_reasons": null, "author": "yodatsracist", "can_mod_post": false, "send_replies": true, "parent_id": "t1_dv4y1d2", "score": 25, "approved_by": null, "downs": 0, "body": "Also the reason why you know Napoleon Bonaparte and Napoleon III (the latter less well, perhaps mainly from \u201cThe Eighteenth Brumaire of Louis Napoleon\u201d, which gives us the line \u201cHistory repeats ... first as tragedy, then as farce\u201d), but there\u2019s little information about [Napoleon II](https://en.wikipedia.org/wiki/Napoleon_II) because only the Bonapartists recognized him as a (non-proclaimed) ruler for a year (when he was four). He died of tuberculosis at age 21, having spent most of his life at the Hapsburg court, his mother being the son of the Austrian Emperor. ", "edited": false, "author_flair_css_class": "religion", "collapsed": false, "is_submitter": false, "collapsed_reason": null, "body_html": "&lt;div class=\"md\"&gt;&lt;p&gt;Also the reason why you know Napoleon Bonaparte and Napoleon III (the latter less well, perhaps mainly from \u201cThe Eighteenth Brumaire of Louis Napoleon\u201d, which gives us the line \u201cHistory repeats ... first as tragedy, then as farce\u201d), but there\u2019s little information about &lt;a href=\"https://en.wikipedia.org/wiki/Napoleon_II\"&gt;Napoleon II&lt;/a&gt; because only the Bonapartists recognized him as a (non-proclaimed) ruler for a year (when he was four). He died of tuberculosis at age 21, having spent most of his life at the Hapsburg court, his mother being the son of the Austrian Emperor. &lt;/p&gt;\n&lt;/div&gt;", "subreddit_type": "public", "can_gild": true, "subreddit": "AskHistorians", "name": "t1_dv563eg", "score_hidden": false, "permalink": "/r/AskHistorians/comments/81srxo/i_know_about_luis_xvi_and_louis_xviii_of_france/dv563eg/", "num_reports": null, "stickied": false, "created": 1520151208.0, "author_flair_text": "Comparative Religion", "created_utc": 1520122408.0, "subreddit_name_prefixed": "r/AskHistorians", "controversiality": 0, "depth": 3, "mod_reports": [], "mod_note": null, "distinguished": null}}], "after": null, "before": null}}, "user_reports": [], "saved": false, "id": "dv4y1d2", "banned_at_utc": null, "mod_reason_title": null, "gilded": 0, "archived": false, "report_reasons": null, "author": "cloudceiling", "can_mod_post": false, "send_replies": true, "parent_id": "t1_dv4xmgw", "score": 19, "approved_by": null, "downs": 0, "body": "Similar thing with Edward V of England, one of the princes in the tower, said to have been murdered by his uncle Richard III. ", "edited": false, "author_flair_css_class": null, "collapsed": false, "is_submitter": false, "collapsed_reason": null, "body_html": "&lt;div class=\"md\"&gt;&lt;p&gt;Similar thing with Edward V of England, one of the princes in the tower, said to have been murdered by his uncle Richard III. &lt;/p&gt;\n&lt;/div&gt;", "subreddit_type": "public", "can_gild": true, "subreddit": "AskHistorians", "name": "t1_dv4y1d2", "score_hidden": false, "permalink": "/r/AskHistorians/comments/81srxo/i_know_about_luis_xvi_and_louis_xviii_of_france/dv4y1d2/", "num_reports": null, "stickied": false, "created": 1520141600.0, "author_flair_text": null, "created_utc": 1520112800.0, "subreddit_name_prefixed": "r/AskHistorians", "controversiality": 0, "depth": 2, "mod_reports": [], "mod_note": null, "distinguished": null}}], "after": null, "before": null}}, "user_reports": [], "saved": false, "id": "dv4xmgw", "banned_at_utc": null, "mod_reason_title": null, "gilded": 0, "archived": false, "report_reasons": null, "author": "Frigorifico", "can_mod_post": false, "send_replies": true, "parent_id": "t1_dv4wc2s", "score": 41, "approved_by": null, "downs": 0, "body": "Oooooh, thanks a lot, I knew about that child but I didn't know that was Louis XVII", "edited": false, "author_flair_css_class": null, "collapsed": false, "is_submitter": true, "collapsed_reason": null, "body_html": "&lt;div class=\"md\"&gt;&lt;p&gt;Oooooh, thanks a lot, I knew about that child but I didn&amp;#39;t know that was Louis XVII&lt;/p&gt;\n&lt;/div&gt;", "subreddit_type": "public", "can_gild": true, "subreddit": "AskHistorians", "name": "t1_dv4xmgw", "score_hidden": false, "permalink": "/r/AskHistorians/comments/81srxo/i_know_about_luis_xvi_and_louis_xviii_of_france/dv4xmgw/", "num_reports": null, "stickied": false, "created": 1520141127.0, "author_flair_text": null, "created_utc": 1520112327.0, "subreddit_name_prefixed": "r/AskHistorians", "controversiality": 0, "depth": 1, "mod_reports": [], "mod_note": null, "distinguished": null}}], "after": null, "before": null}}, "user_reports": [], "saved": false, "id": "dv4wc2s", "banned_at_utc": null, "mod_reason_title": null, "gilded": 0, "archived": false, "report_reasons": null, "author": "kieslowskifan", "can_mod_post": false, "send_replies": true, "parent_id": "t3_81srxo", "score": 196, "approved_by": null, "downs": 0, "body": "You won't find much about the Bourbon Louis XVII because he was never crowned, nor did he reign. This particular Louis was Louis-Charles, the  Dauphin of France and the only surviving son the Louis XVI and Marie Antoinette when they were executed during the French Revolution. The revolutionary governments took it upon themselves to care for the young boy after his parents' dethronement, imprisonment, and subsequent execution. The child was a semi-prisoner because the Republican governments feared that the young child could be a symbol for a resurrection of the monarchy as he was the only son of the executed royal family. He was too dangerous to the young Republic as a potential pretender to the throne. Louis-Charles's imprisonment and seclusion added to mystery about his whereabouts within the royalist press and Parisian gossip. The men charged with Louis-Charles's care by most accounts did not perform their duties for the child, who was not even eight when his father was executed. There was some evidence that these men abused the boy and they certainly neglected him. Louis XVII died in 1795 and added to the mystery. The government sprinted the boy's body to the [Cimeti\u00e8re Sainte-Marguerite](https://www.paris.catholique.fr/138-Cimetiere-Sainte-Marguerite.html) cemetery where there was no marker lest his grave became a shrine to royalism. The circumstances of his death also fueled rumors that Louis-Charles was still alive and there were a number of young men who claimed to be Louis XVII during the Bourbon Restoration. Louis-Charles's uncle, Louis XVIII, took the XVIII designation because he and other royalists considered  Louis-Charles to have been the legitimate monarch of France until a regicide Republic executed him through neglect and then his uncle inherited the title and throne.", "edited": false, "author_flair_css_class": "qualitycontributor", "collapsed": false, "is_submitter": false, "collapsed_reason": null, "body_html": "&lt;div class=\"md\"&gt;&lt;p&gt;You won&amp;#39;t find much about the Bourbon Louis XVII because he was never crowned, nor did he reign. This particular Louis was Louis-Charles, the  Dauphin of France and the only surviving son the Louis XVI and Marie Antoinette when they were executed during the French Revolution. The revolutionary governments took it upon themselves to care for the young boy after his parents&amp;#39; dethronement, imprisonment, and subsequent execution. The child was a semi-prisoner because the Republican governments feared that the young child could be a symbol for a resurrection of the monarchy as he was the only son of the executed royal family. He was too dangerous to the young Republic as a potential pretender to the throne. Louis-Charles&amp;#39;s imprisonment and seclusion added to mystery about his whereabouts within the royalist press and Parisian gossip. The men charged with Louis-Charles&amp;#39;s care by most accounts did not perform their duties for the child, who was not even eight when his father was executed. There was some evidence that these men abused the boy and they certainly neglected him. Louis XVII died in 1795 and added to the mystery. The government sprinted the boy&amp;#39;s body to the &lt;a href=\"https://www.paris.catholique.fr/138-Cimetiere-Sainte-Marguerite.html\"&gt;Cimeti\u00e8re Sainte-Marguerite&lt;/a&gt; cemetery where there was no marker lest his grave became a shrine to royalism. The circumstances of his death also fueled rumors that Louis-Charles was still alive and there were a number of young men who claimed to be Louis XVII during the Bourbon Restoration. Louis-Charles&amp;#39;s uncle, Louis XVIII, took the XVIII designation because he and other royalists considered  Louis-Charles to have been the legitimate monarch of France until a regicide Republic executed him through neglect and then his uncle inherited the title and throne.&lt;/p&gt;\n&lt;/div&gt;", "subreddit_type": "public", "can_gild": true, "subreddit": "AskHistorians", "name": "t1_dv4wc2s", "score_hidden": false, "permalink": "/r/AskHistorians/comments/81srxo/i_know_about_luis_xvi_and_louis_xviii_of_france/dv4wc2s/", "num_reports": null, "stickied": false, "created": 1520139647.0, "author_flair_text": "Top Quality Contributor", "created_utc": 1520110847.0, "subreddit_name_prefixed": "r/AskHistorians", "controversiality": 0, "depth": 0, "mod_reports": [], "mod_note": null, "distinguished": null}}], "after": null, "before": null}}]