[{"kind": "Listing", "data": {"modhash": "", "dist": 1, "children": [{"kind": "t3", "data": {"subreddit_id": "t5_2ssp3", "approved_at_utc": null, "send_replies": true, "mod_reason_by": null, "banned_by": null, "removal_reason": null, "wls": 6, "subreddit": "AskHistorians", "selftext_html": null, "author_flair_template_id": null, "selftext": "", "likes": null, "suggested_sort": null, "mod_note": null, "user_reports": [], "secure_media": null, "is_reddit_media_domain": false, "saved": false, "id": "81tkmh", "banned_at_utc": null, "mod_reason_title": null, "view_count": null, "archived": false, "clicked": false, "no_follow": false, "author": "nerovox", "num_crossposts": 0, "link_flair_text": null, "can_mod_post": false, "is_crosspostable": false, "pinned": false, "score": 81, "approved_by": null, "over_18": false, "domain": "self.AskHistorians", "hidden": false, "pwls": 6, "thumbnail": "", "hide_score": false, "edited": false, "link_flair_css_class": null, "media_only": false, "author_flair_css_class": null, "contest_mode": false, "gilded": 0, "title": "What was communism version of the hippie? Were hippies only in capitalist countries or are they universal?", "downs": 0, "secure_media_embed": {}, "media_embed": {}, "author_flair_text": null, "stickied": false, "can_gild": false, "is_self": true, "parent_whitelist_status": "all_ads", "name": "t3_81tkmh", "spoiler": false, "permalink": "/r/AskHistorians/comments/81tkmh/what_was_communism_version_of_the_hippie_were/", "subreddit_type": "public", "locked": false, "report_reasons": null, "created": 1520145450.0, "url": "https://www.reddit.com/r/AskHistorians/comments/81tkmh/what_was_communism_version_of_the_hippie_were/", "whitelist_status": "all_ads", "quarantine": false, "subreddit_subscribers": 755460, "created_utc": 1520116650.0, "subreddit_name_prefixed": "r/AskHistorians", "distinguished": null, "media": null, "num_comments": 6, "upvote_ratio": 0.87, "mod_reports": [], "visited": false, "num_reports": null, "is_video": false, "ups": 81, "post_categories": null}}], "after": null, "before": null}}, {"kind": "Listing", "data": {"modhash": "", "dist": null, "children": [{"kind": "t1", "data": {"subreddit_id": "t5_2ssp3", "approved_at_utc": null, "ups": 37, "mod_reason_by": null, "banned_by": null, "removal_reason": null, "link_id": "t3_81tkmh", "author_flair_template_id": null, "likes": null, "no_follow": false, "replies": "", "user_reports": [], "saved": false, "id": "dv5ca2q", "banned_at_utc": null, "mod_reason_title": null, "gilded": 0, "archived": false, "report_reasons": null, "author": "fatty2cent", "can_mod_post": false, "send_replies": true, "parent_id": "t3_81tkmh", "score": 37, "approved_by": null, "downs": 0, "body": "Or, what is a \u201ccounter culture\u201d like in communist or collectivist countries?", "edited": false, "author_flair_css_class": null, "collapsed": false, "is_submitter": false, "collapsed_reason": null, "body_html": "&lt;div class=\"md\"&gt;&lt;p&gt;Or, what is a \u201ccounter culture\u201d like in communist or collectivist countries?&lt;/p&gt;\n&lt;/div&gt;", "subreddit_type": "public", "can_gild": true, "subreddit": "AskHistorians", "name": "t1_dv5ca2q", "score_hidden": false, "permalink": "/r/AskHistorians/comments/81tkmh/what_was_communism_version_of_the_hippie_were/dv5ca2q/", "num_reports": null, "stickied": false, "created": 1520159033.0, "author_flair_text": null, "created_utc": 1520130233.0, "subreddit_name_prefixed": "r/AskHistorians", "controversiality": 0, "depth": 0, "mod_reports": [], "mod_note": null, "distinguished": null}}], "after": null, "before": null}}]