[{"kind": "Listing", "data": {"modhash": "", "dist": 1, "children": [{"kind": "t3", "data": {"subreddit_id": "t5_2ssp3", "approved_at_utc": null, "send_replies": true, "mod_reason_by": null, "banned_by": null, "removal_reason": null, "wls": 6, "subreddit": "AskHistorians", "selftext_html": "&lt;!-- SC_OFF --&gt;&lt;div class=\"md\"&gt;&lt;p&gt;Hello &lt;a href=\"/r/AskHistorians\"&gt;/r/AskHistorians&lt;/a&gt;,&lt;br/&gt;\nin hopes the following doesn\u2019t read too much like a text-book task:&lt;/p&gt;\n\n&lt;p&gt;A European medieval society has a preference for establishing a permanent presence in a location devoid of immediate, easily accessible fresh water (i.e. surface/very low depth Groundwater).   &lt;/p&gt;\n\n&lt;p&gt;What means does it have to establish this water supply (in common terrain types)?&lt;br/&gt;\nIf necessary, how does it transport, or with what other temporary means does it acquire the water consumed by its workers until a permanent supply can be achieved?&lt;br/&gt;\nAre there actions which take precedence over establishing this supply outside of specialized scenarios?&lt;br/&gt;\nDoes their approach change relative to the scale of the planned presence?  &lt;/p&gt;\n\n&lt;p&gt;Are there significantly different approaches in ancient / Roman times or non-European cultures of similar development levels?&lt;/p&gt;\n&lt;/div&gt;&lt;!-- SC_ON --&gt;", "author_flair_template_id": null, "selftext": "Hello /r/AskHistorians,  \nin hopes the following doesn\u2019t read too much like a text-book task:\n\nA European medieval society has a preference for establishing a permanent presence in a location devoid of immediate, easily accessible fresh water (i.e. surface/very low depth Groundwater).   \n\nWhat means does it have to establish this water supply (in common terrain types)?   \nIf necessary, how does it transport, or with what other temporary means does it acquire the water consumed by its workers until a permanent supply can be achieved?   \nAre there actions which take precedence over establishing this supply outside of specialized scenarios?  \nDoes their approach change relative to the scale of the planned presence?  \n\nAre there significantly different approaches in ancient / Roman times or non-European cultures of similar development levels?\n", "likes": null, "suggested_sort": null, "mod_note": null, "user_reports": [], "secure_media": null, "is_reddit_media_domain": false, "saved": false, "id": "81tnb0", "banned_at_utc": null, "mod_reason_title": null, "view_count": null, "archived": false, "clicked": false, "no_follow": true, "author": "Bartsches", "num_crossposts": 0, "link_flair_text": null, "can_mod_post": false, "is_crosspostable": false, "pinned": false, "score": 4, "approved_by": null, "over_18": false, "domain": "self.AskHistorians", "hidden": false, "pwls": 6, "thumbnail": "", "hide_score": false, "edited": false, "link_flair_css_class": null, "media_only": false, "author_flair_css_class": null, "contest_mode": false, "gilded": 0, "title": "How did medieval societies establish water access at locations with no immediate fresh water supply?", "downs": 0, "secure_media_embed": {}, "media_embed": {}, "author_flair_text": null, "stickied": false, "can_gild": false, "is_self": true, "parent_whitelist_status": "all_ads", "name": "t3_81tnb0", "spoiler": false, "permalink": "/r/AskHistorians/comments/81tnb0/how_did_medieval_societies_establish_water_access/", "subreddit_type": "public", "locked": false, "report_reasons": null, "created": 1520146175.0, "url": "https://www.reddit.com/r/AskHistorians/comments/81tnb0/how_did_medieval_societies_establish_water_access/", "whitelist_status": "all_ads", "quarantine": false, "subreddit_subscribers": 755460, "created_utc": 1520117375.0, "subreddit_name_prefixed": "r/AskHistorians", "distinguished": null, "media": null, "num_comments": 1, "upvote_ratio": 0.83, "mod_reports": [], "visited": false, "num_reports": null, "is_video": false, "ups": 4, "post_categories": null}}], "after": null, "before": null}}, {"kind": "Listing", "data": {"modhash": "", "dist": null, "children": [], "after": null, "before": null}}]