[{"kind": "Listing", "data": {"modhash": "", "dist": 1, "children": [{"kind": "t3", "data": {"approved_at_utc": null, "subreddit": "AskHistorians", "selftext": "", "user_reports": [], "saved": false, "mod_reason_title": null, "gilded": 0, "clicked": false, "title": "Would Macbeth have spoken Scottish Gaelic? If so, when did Scottish nobles switch to speaking English (or Scots)?", "link_flair_richtext": [], "subreddit_name_prefixed": "r/AskHistorians", "hidden": false, "pwls": 6, "link_flair_css_class": null, "downs": 0, "parent_whitelist_status": "all_ads", "hide_score": false, "name": "t3_ach4f6", "quarantine": false, "link_flair_text_color": "dark", "upvote_ratio": 0.94, "author_flair_background_color": null, "subreddit_type": "public", "ups": 121, "domain": "self.AskHistorians", "media_embed": {}, "author_flair_template_id": null, "is_original_content": false, "author_fullname": "t2_ud71fdy", "secure_media": null, "is_reddit_media_domain": false, "is_meta": false, "category": null, "secure_media_embed": {}, "link_flair_text": null, "can_mod_post": false, "score": 121, "approved_by": null, "thumbnail": "", "edited": false, "author_flair_css_class": null, "author_flair_richtext": [], "gildings": {"gid_1": 0, "gid_2": 0, "gid_3": 0}, "content_categories": null, "is_self": true, "mod_note": null, "created": 1546599615.0, "link_flair_type": "text", "wls": 6, "banned_by": null, "author_flair_type": "text", "contest_mode": false, "selftext_html": null, "likes": null, "suggested_sort": null, "banned_at_utc": null, "view_count": null, "archived": false, "no_follow": false, "is_crosspostable": false, "pinned": false, "over_18": false, "media": null, "media_only": false, "link_flair_template_id": null, "can_gild": false, "spoiler": false, "locked": false, "author_flair_text": null, "visited": false, "num_reports": null, "distinguished": null, "subreddit_id": "t5_2ssp3", "mod_reason_by": null, "removal_reason": null, "link_flair_background_color": "", "id": "ach4f6", "is_robot_indexable": true, "report_reasons": null, "author": "antiolrach", "num_crossposts": 0, "num_comments": 8, "send_replies": true, "author_patreon_flair": false, "author_flair_text_color": null, "permalink": "/r/AskHistorians/comments/ach4f6/would_macbeth_have_spoken_scottish_gaelic_if_so/", "whitelist_status": "all_ads", "stickied": false, "url": "https://www.reddit.com/r/AskHistorians/comments/ach4f6/would_macbeth_have_spoken_scottish_gaelic_if_so/", "subreddit_subscribers": 917803, "created_utc": 1546599615.0, "mod_reports": [], "is_video": false}}], "after": null, "before": null}}, {"kind": "Listing", "data": {"modhash": "", "dist": null, "children": [{"kind": "t1", "data": {"subreddit_id": "t5_2ssp3", "approved_at_utc": null, "mod_reason_by": null, "banned_by": null, "author_flair_type": "text", "removal_reason": null, "link_id": "t3_ach4f6", "author_flair_template_id": null, "likes": null, "no_follow": false, "replies": "", "user_reports": [], "saved": false, "id": "eea06sw", "banned_at_utc": null, "mod_reason_title": null, "gilded": 0, "archived": false, "report_reasons": null, "author": "fancyfreecb", "can_mod_post": false, "created_utc": 1547739008.0, "send_replies": true, "parent_id": "t3_ach4f6", "score": 3, "author_fullname": "t2_ko55m", "approved_by": null, "controversiality": 0, "body": "Yes, MacBeth, or to give him his full name, Mac Bethad Mac Findl\u00e1ech, would have spoken Middle Gaelic, the language from which both modern Scottish Gaelic and Irish Gaelic derive. He was king in Scotland from 1040 to 1057 C.E. At that time, Middle Gaelic was spoken widely across Scotland, although a Brythonic language related to modern Welsh was spoken in the southwest, a Scandinavian language was spoken in parts of the north, Inglis (the ancestor language of modern Scots) had begun to come into the south, Latin was widely used, particularly in religious life, and the Anglo-Normans were about to show up and bring French into a prestigious position in later Scottish courts.\n\n\nMacBeth was part of the C\u00e9nel Loairn kindred, which held power in an area centered around modern Argyll. In the 6th and 7th centuries, this area was part of D\u00e1l Riata, a kingdom which encompassed parts of both Argyll in Scotland and Antrim in Ireland. The C\u00e9nel Loairn was already a prominent family at that time. By the time of MacBeth, the centre of their power had moved north. MacBeth was not the King of Scotland in the modern sense, nor was he the only king in Scotland at the time. \n\n\nThe Gaels placed high importance on the role of the *fili*, a poet/historian/geneologist/storytellerwho was highly educated. These poets often went to Ireland for traning and the Gaelic intellectual elites maintained strong ties between Scotland and Ireland until the early 1600s, when the English invaded Ireland.\n\n\nAs you can see, Scotland and its courts were multi-lingual throughout the medieval period, and English gained prestige while Gaelic lost prestige, and the idea of Scotland as a nation coalesced. In 1609, the statutes of Iona required Gaelic-speaking nobles to send their children to English speaking schools. Some Scottish nobles were certainly bilingual in Gaelic and English well into the 19th century, if not the 20th (that's beyond my ken though.)\n\nI can't fully answer the second part of your question. Margaret of Scotland, wife of Malcolm Canmore (the same Malcolm of the play), was English despite her epithet and has been credited with strengthening ties with England and kicking off a long process of Anglicization. Hopefully someone with expertise in that area will break down what happened and when.\n\n\n", "edited": false, "author_flair_css_class": null, "is_submitter": false, "downs": 0, "author_flair_richtext": [], "author_patreon_flair": false, "collapsed_reason": null, "body_html": "&lt;div class=\"md\"&gt;&lt;p&gt;Yes, MacBeth, or to give him his full name, Mac Bethad Mac Findl\u00e1ech, would have spoken Middle Gaelic, the language from which both modern Scottish Gaelic and Irish Gaelic derive. He was king in Scotland from 1040 to 1057 C.E. At that time, Middle Gaelic was spoken widely across Scotland, although a Brythonic language related to modern Welsh was spoken in the southwest, a Scandinavian language was spoken in parts of the north, Inglis (the ancestor language of modern Scots) had begun to come into the south, Latin was widely used, particularly in religious life, and the Anglo-Normans were about to show up and bring French into a prestigious position in later Scottish courts.&lt;/p&gt;\n\n&lt;p&gt;MacBeth was part of the C\u00e9nel Loairn kindred, which held power in an area centered around modern Argyll. In the 6th and 7th centuries, this area was part of D\u00e1l Riata, a kingdom which encompassed parts of both Argyll in Scotland and Antrim in Ireland. The C\u00e9nel Loairn was already a prominent family at that time. By the time of MacBeth, the centre of their power had moved north. MacBeth was not the King of Scotland in the modern sense, nor was he the only king in Scotland at the time. &lt;/p&gt;\n\n&lt;p&gt;The Gaels placed high importance on the role of the &lt;em&gt;fili&lt;/em&gt;, a poet/historian/geneologist/storytellerwho was highly educated. These poets often went to Ireland for traning and the Gaelic intellectual elites maintained strong ties between Scotland and Ireland until the early 1600s, when the English invaded Ireland.&lt;/p&gt;\n\n&lt;p&gt;As you can see, Scotland and its courts were multi-lingual throughout the medieval period, and English gained prestige while Gaelic lost prestige, and the idea of Scotland as a nation coalesced. In 1609, the statutes of Iona required Gaelic-speaking nobles to send their children to English speaking schools. Some Scottish nobles were certainly bilingual in Gaelic and English well into the 19th century, if not the 20th (that&amp;#39;s beyond my ken though.)&lt;/p&gt;\n\n&lt;p&gt;I can&amp;#39;t fully answer the second part of your question. Margaret of Scotland, wife of Malcolm Canmore (the same Malcolm of the play), was English despite her epithet and has been credited with strengthening ties with England and kicking off a long process of Anglicization. Hopefully someone with expertise in that area will break down what happened and when.&lt;/p&gt;\n&lt;/div&gt;", "stickied": false, "subreddit_type": "public", "can_gild": true, "gildings": {"gid_1": 0, "gid_2": 0, "gid_3": 0}, "author_flair_text_color": null, "score_hidden": false, "permalink": "/r/AskHistorians/comments/ach4f6/would_macbeth_have_spoken_scottish_gaelic_if_so/eea06sw/", "num_reports": null, "name": "t1_eea06sw", "created": 1547739008.0, "subreddit": "AskHistorians", "author_flair_text": null, "collapsed": false, "subreddit_name_prefixed": "r/AskHistorians", "ups": 3, "depth": 0, "author_flair_background_color": null, "mod_reports": [], "mod_note": null, "distinguished": null}}, {"kind": "t1", "data": {"subreddit_id": "t5_2ssp3", "approved_at_utc": null, "mod_reason_by": null, "banned_by": null, "removal_reason": null, "link_id": "t3_ach4f6", "author_flair_template_id": null, "likes": null, "no_follow": true, "replies": {"kind": "Listing", "data": {"modhash": "", "dist": null, "children": [{"kind": "t1", "data": {"subreddit_id": "t5_2ssp3", "approved_at_utc": null, "mod_reason_by": null, "banned_by": null, "author_flair_type": "text", "removal_reason": null, "link_id": "t3_ach4f6", "author_flair_template_id": null, "likes": null, "no_follow": false, "replies": {"kind": "Listing", "data": {"modhash": "", "dist": null, "children": [{"kind": "t1", "data": {"subreddit_id": "t5_2ssp3", "approved_at_utc": null, "mod_reason_by": null, "banned_by": null, "author_flair_type": "text", "removal_reason": null, "link_id": "t3_ach4f6", "author_flair_template_id": null, "likes": null, "no_follow": true, "replies": "", "user_reports": [], "saved": false, "id": "ed93x54", "banned_at_utc": null, "mod_reason_title": null, "gilded": 0, "archived": false, "report_reasons": null, "author": "acuriousoddity", "can_mod_post": false, "created_utc": 1546635518.0, "send_replies": true, "parent_id": "t1_ed93oea", "score": 5, "author_fullname": "t2_dxlts7y", "approved_by": null, "controversiality": 0, "body": "Fixed. No idea what happened there. Thanks for picking up on that. ", "edited": false, "author_flair_css_class": null, "is_submitter": false, "downs": 0, "author_flair_richtext": [], "author_patreon_flair": false, "collapsed_reason": null, "body_html": "&lt;div class=\"md\"&gt;&lt;p&gt;Fixed. No idea what happened there. Thanks for picking up on that. &lt;/p&gt;\n&lt;/div&gt;", "stickied": false, "subreddit_type": "public", "can_gild": true, "gildings": {"gid_1": 0, "gid_2": 0, "gid_3": 0}, "author_flair_text_color": null, "score_hidden": false, "permalink": "/r/AskHistorians/comments/ach4f6/would_macbeth_have_spoken_scottish_gaelic_if_so/ed93x54/", "num_reports": null, "name": "t1_ed93x54", "created": 1546635518.0, "subreddit": "AskHistorians", "author_flair_text": null, "collapsed": false, "subreddit_name_prefixed": "r/AskHistorians", "ups": 5, "depth": 2, "author_flair_background_color": null, "mod_reports": [], "mod_note": null, "distinguished": null}}], "after": null, "before": null}}, "user_reports": [], "saved": false, "id": "ed93oea", "banned_at_utc": null, "mod_reason_title": null, "gilded": 0, "archived": false, "report_reasons": null, "author": "philman53", "can_mod_post": false, "created_utc": 1546635347.0, "send_replies": true, "parent_id": "t1_ed92anx", "score": 8, "author_fullname": "t2_5fbta", "approved_by": null, "controversiality": 0, "body": "&gt;1945 Jacobite rebellion\n\n1745, surely?", "edited": false, "author_flair_css_class": null, "is_submitter": false, "downs": 0, "author_flair_richtext": [], "author_patreon_flair": false, "collapsed_reason": null, "body_html": "&lt;div class=\"md\"&gt;&lt;blockquote&gt;\n&lt;p&gt;1945 Jacobite rebellion&lt;/p&gt;\n&lt;/blockquote&gt;\n\n&lt;p&gt;1745, surely?&lt;/p&gt;\n&lt;/div&gt;", "stickied": false, "subreddit_type": "public", "can_gild": true, "gildings": {"gid_1": 0, "gid_2": 0, "gid_3": 0}, "author_flair_text_color": null, "score_hidden": false, "permalink": "/r/AskHistorians/comments/ach4f6/would_macbeth_have_spoken_scottish_gaelic_if_so/ed93oea/", "num_reports": null, "name": "t1_ed93oea", "created": 1546635347.0, "subreddit": "AskHistorians", "author_flair_text": null, "collapsed": false, "subreddit_name_prefixed": "r/AskHistorians", "ups": 8, "depth": 1, "author_flair_background_color": null, "mod_reports": [], "mod_note": null, "distinguished": null}}], "after": null, "before": null}}, "user_reports": [], "saved": false, "id": "ed92anx", "banned_at_utc": null, "mod_reason_title": null, "gilded": 0, "archived": false, "report_reasons": null, "author": "[deleted]", "can_mod_post": false, "created_utc": 1546634379.0, "send_replies": true, "parent_id": "t3_ach4f6", "score": 7, "approved_by": null, "controversiality": 0, "body": "[removed]", "edited": 1546635699.0, "author_flair_css_class": null, "downs": 0, "is_submitter": false, "collapsed_reason": null, "body_html": "&lt;div class=\"md\"&gt;&lt;p&gt;[removed]&lt;/p&gt;\n&lt;/div&gt;", "stickied": false, "subreddit_type": "public", "can_gild": true, "gildings": {"gid_1": 0, "gid_2": 0, "gid_3": 0}, "author_flair_text_color": "dark", "score_hidden": false, "permalink": "/r/AskHistorians/comments/ach4f6/would_macbeth_have_spoken_scottish_gaelic_if_so/ed92anx/", "num_reports": null, "name": "t1_ed92anx", "created": 1546634379.0, "subreddit": "AskHistorians", "author_flair_text": null, "collapsed": false, "subreddit_name_prefixed": "r/AskHistorians", "ups": 7, "depth": 0, "author_flair_background_color": "", "mod_reports": [], "mod_note": null, "distinguished": null}}, {"kind": "t1", "data": {"subreddit_id": "t5_2ssp3", "approved_at_utc": null, "mod_reason_by": null, "banned_by": null, "removal_reason": null, "link_id": "t3_ach4f6", "author_flair_template_id": null, "likes": null, "no_follow": true, "replies": {"kind": "Listing", "data": {"modhash": "", "dist": null, "children": [{"kind": "t1", "data": {"subreddit_id": "t5_2ssp3", "approved_at_utc": null, "mod_reason_by": null, "banned_by": null, "author_flair_type": "text", "removal_reason": null, "link_id": "t3_ach4f6", "author_flair_template_id": null, "likes": null, "no_follow": true, "replies": "", "user_reports": [], "saved": false, "id": "ed8laf2", "banned_at_utc": null, "mod_reason_title": null, "gilded": 0, "archived": false, "report_reasons": null, "author": "UrAccountabilibuddy", "can_mod_post": false, "created_utc": 1546623170.0, "send_replies": true, "parent_id": "t1_ed8kfg8", "score": 2, "author_fullname": "t2_bvmqy", "approved_by": null, "controversiality": 0, "body": "We ask that answers in this subreddit be [in-depth and comprehensive](https://www.reddit.com/r/AskHistorians/comments/1jsabs/what_it_means_to_post_a_good_answer_in/), and highly suggest that comments include citations for the information. In the future, please take the time to better familiarize yourself with [the rules](http://www.reddit.com/r/AskHistorians/wiki/rules#wiki_write_an_in-depth_answer) and our [Rules Roundtable](https://www.reddit.com/r/AskHistorians/comments/4kngwh/rules_roundtable_no_11_no_speculation/) on Speculation.", "edited": false, "author_flair_css_class": "northamerica", "is_submitter": false, "downs": 0, "author_flair_richtext": [], "author_patreon_flair": false, "collapsed_reason": null, "body_html": "&lt;div class=\"md\"&gt;&lt;p&gt;We ask that answers in this subreddit be &lt;a href=\"https://www.reddit.com/r/AskHistorians/comments/1jsabs/what_it_means_to_post_a_good_answer_in/\"&gt;in-depth and comprehensive&lt;/a&gt;, and highly suggest that comments include citations for the information. In the future, please take the time to better familiarize yourself with &lt;a href=\"http://www.reddit.com/r/AskHistorians/wiki/rules#wiki_write_an_in-depth_answer\"&gt;the rules&lt;/a&gt; and our &lt;a href=\"https://www.reddit.com/r/AskHistorians/comments/4kngwh/rules_roundtable_no_11_no_speculation/\"&gt;Rules Roundtable&lt;/a&gt; on Speculation.&lt;/p&gt;\n&lt;/div&gt;", "stickied": false, "subreddit_type": "public", "can_gild": true, "gildings": {"gid_1": 0, "gid_2": 0, "gid_3": 0}, "author_flair_text_color": "dark", "score_hidden": false, "permalink": "/r/AskHistorians/comments/ach4f6/would_macbeth_have_spoken_scottish_gaelic_if_so/ed8laf2/", "num_reports": null, "name": "t1_ed8laf2", "created": 1546623170.0, "subreddit": "AskHistorians", "author_flair_text": "Moderator | History of Education", "collapsed": false, "subreddit_name_prefixed": "r/AskHistorians", "ups": 2, "depth": 1, "author_flair_background_color": "", "mod_reports": [], "mod_note": null, "distinguished": "moderator"}}], "after": null, "before": null}}, "user_reports": [], "saved": false, "id": "ed8kfg8", "banned_at_utc": null, "mod_reason_title": null, "gilded": 0, "archived": false, "report_reasons": null, "author": "[deleted]", "can_mod_post": false, "created_utc": 1546622659.0, "send_replies": true, "parent_id": "t3_ach4f6", "score": -1, "approved_by": null, "controversiality": 0, "body": "[removed]", "edited": false, "author_flair_css_class": null, "downs": 0, "is_submitter": false, "collapsed_reason": null, "body_html": "&lt;div class=\"md\"&gt;&lt;p&gt;[removed]&lt;/p&gt;\n&lt;/div&gt;", "stickied": false, "subreddit_type": "public", "can_gild": false, "gildings": {"gid_1": 0, "gid_2": 0, "gid_3": 0}, "author_flair_text_color": "dark", "score_hidden": false, "permalink": "/r/AskHistorians/comments/ach4f6/would_macbeth_have_spoken_scottish_gaelic_if_so/ed8kfg8/", "num_reports": null, "name": "t1_ed8kfg8", "created": 1546622659.0, "subreddit": "AskHistorians", "author_flair_text": null, "collapsed": false, "subreddit_name_prefixed": "r/AskHistorians", "ups": -1, "depth": 0, "author_flair_background_color": "", "mod_reports": [], "mod_note": null, "distinguished": null}}], "after": null, "before": null}}]