[{"kind": "Listing", "data": {"modhash": "", "dist": 1, "children": [{"kind": "t3", "data": {"approved_at_utc": null, "subreddit": "AskHistorians", "selftext": "[removed]", "user_reports": [], "saved": false, "mod_reason_title": null, "gilded": 0, "clicked": false, "title": "We often hear about how precious generations of the elderly being regarded as wise, sought out for wisdom, and well respected compared to how society doesn't view the elderly in the same light. Is there any historical accuracy to these sentiments?", "link_flair_richtext": [], "subreddit_name_prefixed": "r/AskHistorians", "hidden": false, "pwls": 6, "link_flair_css_class": null, "downs": 0, "parent_whitelist_status": "all_ads", "hide_score": false, "name": "t3_acngt4", "quarantine": false, "link_flair_text_color": "dark", "upvote_ratio": 0.67, "author_flair_background_color": null, "subreddit_type": "public", "ups": 1, "domain": "self.AskHistorians", "media_embed": {}, "author_flair_template_id": null, "is_original_content": false, "author_fullname": "t2_hwcvl", "secure_media": null, "is_reddit_media_domain": false, "is_meta": false, "category": null, "secure_media_embed": {}, "link_flair_text": null, "can_mod_post": false, "score": 1, "approved_by": null, "thumbnail": "", "edited": false, "author_flair_css_class": null, "author_flair_richtext": [], "gildings": {"gid_1": 0, "gid_2": 0, "gid_3": 0}, "content_categories": null, "is_self": true, "mod_note": null, "created": 1546640701.0, "link_flair_type": "text", "wls": 6, "banned_by": null, "author_flair_type": "text", "contest_mode": false, "selftext_html": "&lt;!-- SC_OFF --&gt;&lt;div class=\"md\"&gt;&lt;p&gt;[removed]&lt;/p&gt;\n&lt;/div&gt;&lt;!-- SC_ON --&gt;", "likes": null, "suggested_sort": null, "banned_at_utc": null, "view_count": null, "archived": false, "no_follow": true, "is_crosspostable": false, "pinned": false, "over_18": false, "media": null, "media_only": false, "link_flair_template_id": null, "can_gild": false, "spoiler": false, "locked": false, "author_flair_text": null, "visited": false, "num_reports": null, "distinguished": null, "subreddit_id": "t5_2ssp3", "mod_reason_by": null, "removal_reason": null, "link_flair_background_color": "", "id": "acngt4", "is_robot_indexable": false, "report_reasons": null, "author": "ItsaScuba", "num_crossposts": 0, "num_comments": 1, "send_replies": true, "author_patreon_flair": false, "author_flair_text_color": null, "permalink": "/r/AskHistorians/comments/acngt4/we_often_hear_about_how_precious_generations_of/", "whitelist_status": "all_ads", "stickied": false, "url": "https://www.reddit.com/r/AskHistorians/comments/acngt4/we_often_hear_about_how_precious_generations_of/", "subreddit_subscribers": 917805, "created_utc": 1546640701.0, "mod_reports": [], "is_video": false}}], "after": null, "before": null}}, {"kind": "Listing", "data": {"modhash": "", "dist": null, "children": [{"kind": "t1", "data": {"subreddit_id": "t5_2ssp3", "approved_at_utc": null, "mod_reason_by": null, "banned_by": null, "author_flair_type": "text", "removal_reason": null, "link_id": "t3_acngt4", "author_flair_template_id": null, "likes": null, "no_follow": true, "replies": "", "user_reports": [], "saved": false, "id": "ed9dqbh", "banned_at_utc": null, "mod_reason_title": null, "gilded": 0, "archived": false, "report_reasons": null, "author": "sunagainstgold", "can_mod_post": false, "created_utc": 1546642820.0, "send_replies": true, "parent_id": "t3_acngt4", "score": 1, "author_fullname": "t2_j83ki", "approved_by": null, "controversiality": 0, "body": "Sorry, we don't allow \"throughout history\" questions. It's not that your question was bad; it's that these kinds of questions tend to produce threads that are collections of disjointed, partial, inadequate responses. If you have a question about a specific historical event, period, or person, feel free to rewrite your question and submit it again. If you don't want to rewrite it, you might try submitting it to /r/history, /r/askhistory, or /r/tellmeafact.\n\nGood luck!", "edited": false, "author_flair_css_class": "europe", "is_submitter": false, "downs": 0, "author_flair_richtext": [], "author_patreon_flair": false, "collapsed_reason": null, "body_html": "&lt;div class=\"md\"&gt;&lt;p&gt;Sorry, we don&amp;#39;t allow &amp;quot;throughout history&amp;quot; questions. It&amp;#39;s not that your question was bad; it&amp;#39;s that these kinds of questions tend to produce threads that are collections of disjointed, partial, inadequate responses. If you have a question about a specific historical event, period, or person, feel free to rewrite your question and submit it again. If you don&amp;#39;t want to rewrite it, you might try submitting it to &lt;a href=\"/r/history\"&gt;/r/history&lt;/a&gt;, &lt;a href=\"/r/askhistory\"&gt;/r/askhistory&lt;/a&gt;, or &lt;a href=\"/r/tellmeafact\"&gt;/r/tellmeafact&lt;/a&gt;.&lt;/p&gt;\n\n&lt;p&gt;Good luck!&lt;/p&gt;\n&lt;/div&gt;", "stickied": false, "subreddit_type": "public", "can_gild": true, "gildings": {"gid_1": 0, "gid_2": 0, "gid_3": 0}, "author_flair_text_color": "dark", "score_hidden": false, "permalink": "/r/AskHistorians/comments/acngt4/we_often_hear_about_how_precious_generations_of/ed9dqbh/", "num_reports": null, "name": "t1_ed9dqbh", "created": 1546642820.0, "subreddit": "AskHistorians", "author_flair_text": "Moderator | Medieval &amp; Earliest Modern Europe", "collapsed": false, "subreddit_name_prefixed": "r/AskHistorians", "ups": 1, "depth": 0, "author_flair_background_color": "", "mod_reports": [], "mod_note": null, "distinguished": "moderator"}}], "after": null, "before": null}}]