[{"kind": "Listing", "data": {"modhash": "", "dist": 1, "children": [{"kind": "t3", "data": {"approved_at_utc": null, "subreddit": "AskHistorians", "selftext": "I was just watching black sails and in the governors office there is a large portrait of Thomas Hobbes on the wall. The portrait is the famous painting by John Michael Wright and the black sails episode is season 3 episode 7, scene begins at 4mins 33 seconds. (I can't tell you how impressed I am with myself for that catch by the way!) \n\nFor those of you unfamiliar with the program, it is basically pirates vs colonial powers set in the Caribbean around 1715. Given that time in history, it is impossible for me to imagine Hobbes portrait being all that common a sight in Europe but I have no idea about the colonies.\n\nDoes anyone know if the makers of the show just chose this portrait at random for being more or less period appropriate, or would this have been historically likely for reasons I am unaware of?\nThanks!", "user_reports": [], "saved": false, "mod_reason_title": null, "gilded": 0, "clicked": false, "title": "Hobbes, Pirates, and the Colonies", "link_flair_richtext": [], "subreddit_name_prefixed": "r/AskHistorians", "hidden": false, "pwls": 6, "link_flair_css_class": null, "downs": 0, "parent_whitelist_status": "all_ads", "hide_score": false, "name": "t3_8noz0y", "quarantine": false, "link_flair_text_color": "dark", "upvote_ratio": 0.81, "author_flair_background_color": null, "subreddit_type": "public", "ups": 3, "domain": "self.AskHistorians", "media_embed": {}, "author_flair_template_id": null, "is_original_content": false, "secure_media": null, "is_reddit_media_domain": false, "category": null, "secure_media_embed": {}, "link_flair_text": null, "can_mod_post": false, "score": 3, "approved_by": null, "thumbnail": "", "edited": false, "author_flair_css_class": null, "author_flair_richtext": [], "content_categories": null, "is_self": true, "mod_note": null, "created": 1527854981.0, "link_flair_type": "text", "wls": 6, "post_categories": null, "banned_by": null, "author_flair_type": "text", "contest_mode": false, "selftext_html": "&lt;!-- SC_OFF --&gt;&lt;div class=\"md\"&gt;&lt;p&gt;I was just watching black sails and in the governors office there is a large portrait of Thomas Hobbes on the wall. The portrait is the famous painting by John Michael Wright and the black sails episode is season 3 episode 7, scene begins at 4mins 33 seconds. (I can&amp;#39;t tell you how impressed I am with myself for that catch by the way!) &lt;/p&gt;\n\n&lt;p&gt;For those of you unfamiliar with the program, it is basically pirates vs colonial powers set in the Caribbean around 1715. Given that time in history, it is impossible for me to imagine Hobbes portrait being all that common a sight in Europe but I have no idea about the colonies.&lt;/p&gt;\n\n&lt;p&gt;Does anyone know if the makers of the show just chose this portrait at random for being more or less period appropriate, or would this have been historically likely for reasons I am unaware of?\nThanks!&lt;/p&gt;\n&lt;/div&gt;&lt;!-- SC_ON --&gt;", "likes": null, "suggested_sort": null, "banned_at_utc": null, "view_count": null, "archived": false, "no_follow": false, "is_crosspostable": false, "pinned": false, "over_18": false, "media_only": false, "can_gild": false, "spoiler": false, "locked": false, "author_flair_text": null, "rte_mode": "markdown", "visited": false, "num_reports": null, "distinguished": null, "subreddit_id": "t5_2ssp3", "mod_reason_by": null, "removal_reason": null, "id": "8noz0y", "report_reasons": null, "author": "purple_fish_of_doom", "num_crossposts": 0, "num_comments": 0, "send_replies": true, "mod_reports": [], "author_flair_text_color": null, "permalink": "/r/AskHistorians/comments/8noz0y/hobbes_pirates_and_the_colonies/", "whitelist_status": "all_ads", "stickied": false, "url": "https://www.reddit.com/r/AskHistorians/comments/8noz0y/hobbes_pirates_and_the_colonies/", "subreddit_subscribers": 770599, "created_utc": 1527826181.0, "media": null, "is_video": false}}], "after": null, "before": null}}, {"kind": "Listing", "data": {"modhash": "", "dist": null, "children": [], "after": null, "before": null}}]