[{"kind": "Listing", "data": {"modhash": "", "dist": 1, "children": [{"kind": "t3", "data": {"approved_at_utc": null, "subreddit": "AskHistorians", "selftext": "The idea of this \u2018toxic masculinity\u2019 of Western societies has become popular in psychological and sociological circles.  Historiography for many eras seems concerned with wars and their outcomes, appropriateness, and their causes.  What is the extent that these analyses are caused, or influenced, by something that can be understood as \u2018toxic masculinity\u2019?", "user_reports": [], "saved": false, "mod_reason_title": null, "gilded": 0, "clicked": false, "title": "Is historiography as tinged with toxic masculinity as it seems?", "link_flair_richtext": [], "subreddit_name_prefixed": "r/AskHistorians", "hidden": false, "pwls": 6, "link_flair_css_class": null, "downs": 0, "parent_whitelist_status": "all_ads", "hide_score": false, "name": "t3_8nsfoz", "quarantine": false, "link_flair_text_color": "dark", "upvote_ratio": 0.33, "author_flair_background_color": null, "subreddit_type": "public", "ups": 0, "domain": "self.AskHistorians", "media_embed": {}, "author_flair_template_id": null, "is_original_content": false, "secure_media": null, "is_reddit_media_domain": false, "category": null, "secure_media_embed": {}, "link_flair_text": null, "can_mod_post": false, "score": 0, "approved_by": null, "thumbnail": "", "edited": false, "author_flair_css_class": null, "author_flair_richtext": [], "content_categories": null, "is_self": true, "mod_note": null, "created": 1527893562.0, "link_flair_type": "text", "wls": 6, "post_categories": null, "banned_by": null, "author_flair_type": "text", "contest_mode": false, "selftext_html": "&lt;!-- SC_OFF --&gt;&lt;div class=\"md\"&gt;&lt;p&gt;The idea of this \u2018toxic masculinity\u2019 of Western societies has become popular in psychological and sociological circles.  Historiography for many eras seems concerned with wars and their outcomes, appropriateness, and their causes.  What is the extent that these analyses are caused, or influenced, by something that can be understood as \u2018toxic masculinity\u2019?&lt;/p&gt;\n&lt;/div&gt;&lt;!-- SC_ON --&gt;", "likes": null, "suggested_sort": null, "banned_at_utc": null, "view_count": null, "archived": false, "no_follow": true, "is_crosspostable": false, "pinned": false, "over_18": false, "media_only": false, "can_gild": false, "spoiler": false, "locked": false, "author_flair_text": null, "rte_mode": "markdown", "visited": false, "num_reports": null, "distinguished": null, "subreddit_id": "t5_2ssp3", "mod_reason_by": null, "removal_reason": null, "id": "8nsfoz", "report_reasons": null, "author": "33242", "num_crossposts": 0, "num_comments": 1, "send_replies": true, "mod_reports": [], "author_flair_text_color": null, "permalink": "/r/AskHistorians/comments/8nsfoz/is_historiography_as_tinged_with_toxic/", "whitelist_status": "all_ads", "stickied": false, "url": "https://www.reddit.com/r/AskHistorians/comments/8nsfoz/is_historiography_as_tinged_with_toxic/", "subreddit_subscribers": 770599, "created_utc": 1527864762.0, "media": null, "is_video": false}}], "after": null, "before": null}}, {"kind": "Listing", "data": {"modhash": "", "dist": null, "children": [], "after": null, "before": null}}]