[{"kind": "Listing", "data": {"modhash": "", "dist": 1, "children": [{"kind": "t3", "data": {"approved_at_utc": null, "subreddit": "AskHistorians", "selftext": "", "user_reports": [], "saved": false, "mod_reason_title": null, "gilded": 0, "clicked": false, "title": "Did angry mobs in the Middle Ages ever actually run people out of town with pitchforks and torches?", "link_flair_richtext": [], "subreddit_name_prefixed": "r/AskHistorians", "hidden": false, "pwls": 6, "link_flair_css_class": null, "downs": 0, "parent_whitelist_status": "all_ads", "hide_score": false, "name": "t3_c8k4i5", "quarantine": false, "link_flair_text_color": "dark", "upvote_ratio": 0.93, "author_flair_background_color": null, "subreddit_type": "public", "ups": 20, "total_awards_received": 0, "media_embed": {}, "author_flair_template_id": null, "is_original_content": false, "author_fullname": "t2_xfb3t", "secure_media": null, "is_reddit_media_domain": false, "is_meta": false, "category": null, "secure_media_embed": {}, "link_flair_text": null, "can_mod_post": false, "num_duplicates": 1, "approved_by": null, "thumbnail": "", "edited": false, "author_flair_css_class": null, "author_flair_richtext": [], "gildings": {}, "content_categories": null, "is_self": true, "mod_note": null, "created": 1562160152.0, "link_flair_type": "text", "wls": 6, "banned_by": null, "author_flair_type": "text", "domain": "self.AskHistorians", "allow_live_comments": false, "selftext_html": null, "likes": null, "suggested_sort": null, "banned_at_utc": null, "view_count": null, "archived": false, "score": 20, "no_follow": false, "is_crosspostable": false, "pinned": false, "over_18": false, "all_awardings": [], "media": null, "media_only": false, "can_gild": false, "spoiler": false, "locked": false, "author_flair_text": null, "visited": false, "num_reports": null, "distinguished": null, "subreddit_id": "t5_2ssp3", "mod_reason_by": null, "removal_reason": null, "link_flair_background_color": "", "id": "c8k4i5", "is_robot_indexable": true, "report_reasons": null, "author": "Go_To_Bethel_And_Sin", "num_crossposts": 0, "num_comments": 3, "send_replies": true, "contest_mode": false, "author_patreon_flair": false, "author_flair_text_color": null, "permalink": "/r/AskHistorians/comments/c8k4i5/did_angry_mobs_in_the_middle_ages_ever_actually/", "whitelist_status": "all_ads", "stickied": false, "url": "https://www.reddit.com/r/AskHistorians/comments/c8k4i5/did_angry_mobs_in_the_middle_ages_ever_actually/", "subreddit_subscribers": 999330, "created_utc": 1562131352.0, "discussion_type": null, "mod_reports": [], "is_video": false}}], "after": null, "before": null}}, {"kind": "Listing", "data": {"modhash": "", "dist": null, "children": [{"kind": "t1", "data": {"total_awards_received": 0, "approved_at_utc": null, "ups": 1, "mod_reason_by": null, "banned_by": null, "author_flair_type": "richtext", "removal_reason": null, "link_id": "t3_c8k4i5", "author_flair_template_id": "9e641f94-c626-11e2-8e2c-12313b0b21ae", "likes": null, "no_follow": true, "replies": "", "user_reports": [], "saved": false, "id": "esnfws4", "banned_at_utc": null, "mod_reason_title": null, "gilded": 0, "archived": false, "report_reasons": null, "author": "AutoModerator", "can_mod_post": false, "send_replies": false, "parent_id": "t3_c8k4i5", "score": 1, "author_fullname": "t2_6l4z3", "approved_by": null, "all_awardings": [], "subreddit_id": "t5_2ssp3", "body": "Welcome to /r/AskHistorians. **Please be sure to [Read Our Rules](https://www.reddit.com/r/AskHistorians/wiki/rules) before you contribute to this community**.  \n\nWe thank you for your interest in this *question*, and your patience in waiting for an in-depth and comprehensive answer to be written, which takes time. Please consider **[Clicking Here for RemindMeBot](https://www.reddit.com/message/compose/?to=RemindMeBot&amp;subject=Reminder&amp;message=%5Bhttps://www.reddit.com/r/AskHistorians/comments/c8k4i5/did_angry_mobs_in_the_middle_ages_ever_actually/%5D%0A%0ARemindMe!++2+days)**, or using [these alternatives](/r/AskHistorians/comments/8p0s9b/roundtable_21_be_kindremind_the_mod_approved/). In the meantime our [Twitter](https://twitter.com/askhistorians), [Facebook](https://www.facebook.com/askhistorians/), and [Sunday Digest](https://www.reddit.com/r/AskHistorians/search?q=title%3A%22Sunday+Digest%22&amp;restrict_sr=on&amp;sort=new&amp;t=all) feature excellent content that has already been written!\n\n[Please leave feedback on this test message here.](https://www.reddit.com/r/AskHistorians/comments/btz9o5/testing_testing_123_well_be_trying_out_an/)\n\n\n*I am a bot, and this action was performed automatically. Please [contact the moderators of this subreddit](/message/compose/?to=/r/AskHistorians) if you have any questions or concerns.*", "edited": false, "author_flair_css_class": "moderator", "is_submitter": false, "downs": 0, "author_flair_richtext": [{"e": "text", "t": "History of Robotics"}], "author_patreon_flair": false, "collapsed_reason": null, "body_html": "&lt;div class=\"md\"&gt;&lt;p&gt;Welcome to &lt;a href=\"/r/AskHistorians\"&gt;/r/AskHistorians&lt;/a&gt;. &lt;strong&gt;Please be sure to &lt;a href=\"https://www.reddit.com/r/AskHistorians/wiki/rules\"&gt;Read Our Rules&lt;/a&gt; before you contribute to this community&lt;/strong&gt;.  &lt;/p&gt;\n\n&lt;p&gt;We thank you for your interest in this &lt;em&gt;question&lt;/em&gt;, and your patience in waiting for an in-depth and comprehensive answer to be written, which takes time. Please consider &lt;strong&gt;&lt;a href=\"https://www.reddit.com/message/compose/?to=RemindMeBot&amp;amp;subject=Reminder&amp;amp;message=%5Bhttps://www.reddit.com/r/AskHistorians/comments/c8k4i5/did_angry_mobs_in_the_middle_ages_ever_actually/%5D%0A%0ARemindMe!++2+days\"&gt;Clicking Here for RemindMeBot&lt;/a&gt;&lt;/strong&gt;, or using &lt;a href=\"/r/AskHistorians/comments/8p0s9b/roundtable_21_be_kindremind_the_mod_approved/\"&gt;these alternatives&lt;/a&gt;. In the meantime our &lt;a href=\"https://twitter.com/askhistorians\"&gt;Twitter&lt;/a&gt;, &lt;a href=\"https://www.facebook.com/askhistorians/\"&gt;Facebook&lt;/a&gt;, and &lt;a href=\"https://www.reddit.com/r/AskHistorians/search?q=title%3A%22Sunday+Digest%22&amp;amp;restrict_sr=on&amp;amp;sort=new&amp;amp;t=all\"&gt;Sunday Digest&lt;/a&gt; feature excellent content that has already been written!&lt;/p&gt;\n\n&lt;p&gt;&lt;a href=\"https://www.reddit.com/r/AskHistorians/comments/btz9o5/testing_testing_123_well_be_trying_out_an/\"&gt;Please leave feedback on this test message here.&lt;/a&gt;&lt;/p&gt;\n\n&lt;p&gt;&lt;em&gt;I am a bot, and this action was performed automatically. Please &lt;a href=\"/message/compose/?to=/r/AskHistorians\"&gt;contact the moderators of this subreddit&lt;/a&gt; if you have any questions or concerns.&lt;/em&gt;&lt;/p&gt;\n&lt;/div&gt;", "stickied": true, "subreddit_type": "public", "can_gild": true, "gildings": {}, "author_flair_text_color": "light", "score_hidden": true, "permalink": "/r/AskHistorians/comments/c8k4i5/did_angry_mobs_in_the_middle_ages_ever_actually/esnfws4/", "num_reports": null, "locked": true, "name": "t1_esnfws4", "created": 1562160152.0, "subreddit": "AskHistorians", "author_flair_text": "History of Robotics", "collapsed": false, "created_utc": 1562131352.0, "subreddit_name_prefixed": "r/AskHistorians", "controversiality": 0, "depth": 0, "author_flair_background_color": "#8b008b", "mod_reports": [], "mod_note": null, "distinguished": "moderator"}}, {"kind": "t1", "data": {"total_awards_received": 0, "approved_at_utc": null, "ups": 8, "mod_reason_by": null, "banned_by": null, "author_flair_type": "text", "removal_reason": null, "link_id": "t3_c8k4i5", "author_flair_template_id": null, "likes": null, "no_follow": false, "replies": {"kind": "Listing", "data": {"modhash": "", "dist": null, "children": [{"kind": "t1", "data": {"total_awards_received": 0, "approved_at_utc": null, "ups": 0, "mod_reason_by": null, "banned_by": null, "author_flair_type": "text", "removal_reason": null, "link_id": "t3_c8k4i5", "author_flair_template_id": null, "likes": null, "no_follow": true, "replies": "", "user_reports": [], "saved": false, "id": "etqxxa9", "banned_at_utc": null, "mod_reason_title": null, "gilded": 0, "archived": false, "report_reasons": null, "author": "imaginethatthat", "can_mod_post": false, "send_replies": true, "parent_id": "t1_esolt5k", "score": 0, "author_fullname": "t2_rw1ad", "approved_by": null, "all_awardings": [], "subreddit_id": "t5_2ssp3", "body": "Thanks, and sorry about the very late question.\n\nBut does that mean that a sword is considered more or less valuable then a bow? Not sure how to read that statement.", "edited": false, "author_flair_css_class": null, "is_submitter": false, "downs": 0, "author_flair_richtext": [], "author_patreon_flair": false, "collapsed_reason": null, "body_html": "&lt;div class=\"md\"&gt;&lt;p&gt;Thanks, and sorry about the very late question.&lt;/p&gt;\n\n&lt;p&gt;But does that mean that a sword is considered more or less valuable then a bow? Not sure how to read that statement.&lt;/p&gt;\n&lt;/div&gt;", "stickied": false, "subreddit_type": "public", "can_gild": true, "gildings": {}, "author_flair_text_color": null, "score_hidden": false, "permalink": "/r/AskHistorians/comments/c8k4i5/did_angry_mobs_in_the_middle_ages_ever_actually/etqxxa9/", "num_reports": null, "locked": false, "name": "t1_etqxxa9", "created": 1563135294.0, "subreddit": "AskHistorians", "author_flair_text": null, "collapsed": false, "created_utc": 1563106494.0, "subreddit_name_prefixed": "r/AskHistorians", "controversiality": 0, "depth": 1, "author_flair_background_color": null, "mod_reports": [], "mod_note": null, "distinguished": null}}], "after": null, "before": null}}, "user_reports": [], "saved": false, "id": "esolt5k", "banned_at_utc": null, "mod_reason_title": null, "gilded": 0, "archived": false, "report_reasons": null, "author": "BrennaAtOsku", "can_mod_post": false, "send_replies": true, "parent_id": "t3_c8k4i5", "score": 8, "author_fullname": "t2_7v8w4", "approved_by": null, "all_awardings": [], "subreddit_id": "t5_2ssp3", "body": "I can't answer if specifically anyone was ever driven from a town like that -- generally, accounts of the affairs of common people weren't well-recorded unless it affected the upper classes -- but I can give a little evidence on armaments of peasants in revolt, which while not a direct answer may shed some light.\n\nIn [this image](https://upload.wikimedia.org/wikipedia/commons/8/86/L\u00fctzelburger_Hohlbein_K\u00e4mpfende_Bauern.jpg) from the early 16th century by Hans L\u00fctzelburgur we see very clearly farming implements, along with some weapons of war. In Erhard Schoen's [Kampf der Landsknechte und Handwerker](http://images.zeno.org/Kunstwerke/I/big/HL21089a.jpg) in the bottom left are some interesting individuals. We see pitchforks, rakes, etc. but also someone carrying a paint palette, a square rule, and tongs: certainly these wouldn't have been terribly effective weapons, and may have been included as representations of professions, indicating the involvement of artists, architects, and blacksmiths.\n\nAdditionally, in many countries/kingdoms/regions, owning military equipment was actually mandated, and why run someone out with a pitchfork when you cam with a sword? In the 1285 [Statute of Winchester](https://en.m.wikisource.org/wiki/Statute_of_Winchester), it is required that men between 15 and 60 own arms according to their wealth, from the poorest:  *\"and he that hath less than twenty marks in goods, shall have swords, knives, and other small arms; and all other that may shall have bows and arrows out of the forest\"*  to the wealthy  *\"for fifteen pounds lands, and goods of forty marks, an hauberke, an helm of iron, a lance, a knife, and a horse\"*\n\nThis varied regionally, but may help to explain why peasant revolts didn't always seem as rag-tag as modern media makes out: in the Froissart Chronicles, Book II, on the English Peasants Revolt of 1381 we see [here](https://www.dhi.ac.uk/onlinefroissart/browsey.jsp?img0=e&amp;pb0=Bes-2_73r&amp;div0=ms.f.transc.Bes-2&amp;panes=1&amp;disp0=pb) men in perhaps not the most expensive, up-to-date gear, but certainly still well-armed and armoured.\n\nA several-decades-later reprint [here](http://www.bl.uk/learning/timeline/external/peasantsrevolt-tl.jpg) depicts the moment before Watt Tyler, leader of the Revolt, is killed by the Mayor of London. These two individuals are dressed in civilian garb, perhaps to represent who they are, but elsewhere we see fully armed and armoured individuals.", "edited": false, "author_flair_css_class": null, "is_submitter": false, "downs": 0, "author_flair_richtext": [], "author_patreon_flair": false, "collapsed_reason": null, "body_html": "&lt;div class=\"md\"&gt;&lt;p&gt;I can&amp;#39;t answer if specifically anyone was ever driven from a town like that -- generally, accounts of the affairs of common people weren&amp;#39;t well-recorded unless it affected the upper classes -- but I can give a little evidence on armaments of peasants in revolt, which while not a direct answer may shed some light.&lt;/p&gt;\n\n&lt;p&gt;In &lt;a href=\"https://upload.wikimedia.org/wikipedia/commons/8/86/L%C3%BCtzelburger_Hohlbein_K%C3%A4mpfende_Bauern.jpg\"&gt;this image&lt;/a&gt; from the early 16th century by Hans L\u00fctzelburgur we see very clearly farming implements, along with some weapons of war. In Erhard Schoen&amp;#39;s &lt;a href=\"http://images.zeno.org/Kunstwerke/I/big/HL21089a.jpg\"&gt;Kampf der Landsknechte und Handwerker&lt;/a&gt; in the bottom left are some interesting individuals. We see pitchforks, rakes, etc. but also someone carrying a paint palette, a square rule, and tongs: certainly these wouldn&amp;#39;t have been terribly effective weapons, and may have been included as representations of professions, indicating the involvement of artists, architects, and blacksmiths.&lt;/p&gt;\n\n&lt;p&gt;Additionally, in many countries/kingdoms/regions, owning military equipment was actually mandated, and why run someone out with a pitchfork when you cam with a sword? In the 1285 &lt;a href=\"https://en.m.wikisource.org/wiki/Statute_of_Winchester\"&gt;Statute of Winchester&lt;/a&gt;, it is required that men between 15 and 60 own arms according to their wealth, from the poorest:  &lt;em&gt;&amp;quot;and he that hath less than twenty marks in goods, shall have swords, knives, and other small arms; and all other that may shall have bows and arrows out of the forest&amp;quot;&lt;/em&gt;  to the wealthy  &lt;em&gt;&amp;quot;for fifteen pounds lands, and goods of forty marks, an hauberke, an helm of iron, a lance, a knife, and a horse&amp;quot;&lt;/em&gt;&lt;/p&gt;\n\n&lt;p&gt;This varied regionally, but may help to explain why peasant revolts didn&amp;#39;t always seem as rag-tag as modern media makes out: in the Froissart Chronicles, Book II, on the English Peasants Revolt of 1381 we see &lt;a href=\"https://www.dhi.ac.uk/onlinefroissart/browsey.jsp?img0=e&amp;amp;pb0=Bes-2_73r&amp;amp;div0=ms.f.transc.Bes-2&amp;amp;panes=1&amp;amp;disp0=pb\"&gt;here&lt;/a&gt; men in perhaps not the most expensive, up-to-date gear, but certainly still well-armed and armoured.&lt;/p&gt;\n\n&lt;p&gt;A several-decades-later reprint &lt;a href=\"http://www.bl.uk/learning/timeline/external/peasantsrevolt-tl.jpg\"&gt;here&lt;/a&gt; depicts the moment before Watt Tyler, leader of the Revolt, is killed by the Mayor of London. These two individuals are dressed in civilian garb, perhaps to represent who they are, but elsewhere we see fully armed and armoured individuals.&lt;/p&gt;\n&lt;/div&gt;", "stickied": false, "subreddit_type": "public", "can_gild": true, "gildings": {}, "author_flair_text_color": null, "score_hidden": false, "permalink": "/r/AskHistorians/comments/c8k4i5/did_angry_mobs_in_the_middle_ages_ever_actually/esolt5k/", "num_reports": null, "locked": false, "name": "t1_esolt5k", "created": 1562198878.0, "subreddit": "AskHistorians", "author_flair_text": null, "collapsed": false, "created_utc": 1562170078.0, "subreddit_name_prefixed": "r/AskHistorians", "controversiality": 0, "depth": 0, "author_flair_background_color": null, "mod_reports": [], "mod_note": null, "distinguished": null}}], "after": null, "before": null}}]