[{"kind": "Listing", "data": {"modhash": "", "dist": 1, "children": [{"kind": "t3", "data": {"approved_at_utc": null, "subreddit": "AskHistorians", "selftext": "Although I believe most people seem to agree that padded armour existed prior to the 12th century (when it's really first mentioned specifically), I don't think I've ever seen evidence of such beyond \"it makes sense that it would exist.\" I'm specifically interested in aketons worn underneath mail armour, but any sort of evidence of padded armour would be interesting to me.", "user_reports": [], "saved": false, "mod_reason_title": null, "gilded": 0, "clicked": false, "title": "What evidence is there for padded armour in Medieval Europe prior to the 12th century?", "link_flair_richtext": [], "subreddit_name_prefixed": "r/AskHistorians", "hidden": false, "pwls": 6, "link_flair_css_class": null, "downs": 0, "parent_whitelist_status": "all_ads", "hide_score": false, "name": "t3_93jhsi", "quarantine": false, "link_flair_text_color": "dark", "upvote_ratio": 0.86, "author_flair_background_color": null, "subreddit_type": "public", "ups": 10, "domain": "self.AskHistorians", "media_embed": {}, "author_flair_template_id": null, "is_original_content": false, "author_fullname": "t2_cibpt", "secure_media": null, "is_reddit_media_domain": false, "is_meta": false, "category": null, "secure_media_embed": {}, "link_flair_text": null, "can_mod_post": false, "score": 10, "approved_by": null, "thumbnail": "", "edited": false, "author_flair_css_class": null, "author_flair_richtext": [], "content_categories": null, "is_self": true, "mod_note": null, "created": 1533107555.0, "link_flair_type": "text", "wls": 6, "banned_by": null, "author_flair_type": "text", "contest_mode": false, "selftext_html": "&lt;!-- SC_OFF --&gt;&lt;div class=\"md\"&gt;&lt;p&gt;Although I believe most people seem to agree that padded armour existed prior to the 12th century (when it&amp;#39;s really first mentioned specifically), I don&amp;#39;t think I&amp;#39;ve ever seen evidence of such beyond &amp;quot;it makes sense that it would exist.&amp;quot; I&amp;#39;m specifically interested in aketons worn underneath mail armour, but any sort of evidence of padded armour would be interesting to me.&lt;/p&gt;\n&lt;/div&gt;&lt;!-- SC_ON --&gt;", "likes": null, "suggested_sort": null, "banned_at_utc": null, "view_count": null, "archived": false, "no_follow": false, "is_crosspostable": false, "pinned": false, "over_18": false, "media": null, "media_only": false, "link_flair_template_id": null, "can_gild": false, "spoiler": false, "locked": false, "author_flair_text": null, "visited": false, "num_reports": null, "distinguished": null, "subreddit_id": "t5_2ssp3", "mod_reason_by": null, "removal_reason": null, "link_flair_background_color": "", "id": "93jhsi", "report_reasons": null, "author": "MRPolo13", "num_crossposts": 0, "num_comments": 0, "send_replies": true, "author_flair_text_color": null, "permalink": "/r/AskHistorians/comments/93jhsi/what_evidence_is_there_for_padded_armour_in/", "whitelist_status": "all_ads", "stickied": false, "url": "https://www.reddit.com/r/AskHistorians/comments/93jhsi/what_evidence_is_there_for_padded_armour_in/", "subreddit_subscribers": 798138, "created_utc": 1533078755.0, "mod_reports": [], "is_video": false}}], "after": null, "before": null}}, {"kind": "Listing", "data": {"modhash": "", "dist": null, "children": [], "after": null, "before": null}}]