[{"kind": "Listing", "data": {"modhash": "", "dist": 1, "children": [{"kind": "t3", "data": {"approved_at_utc": null, "subreddit": "AskHistorians", "selftext": "Hi,\n\nI have been reading a lot about the Song Dynasty recently, and I still do not understand one fundamental thing:\n\nThe Song dynasty was very wealthy, populous, it had an advanced economy, and some sources say that it (during certain periods) had an army of more than 1 million soldiers and around 85% of it's spending was on military.\n\nSo how was it possible that the Northern Song was conquered by the Jin Dynasty/the Jurchens?\n\nI realise that Song China had much fewer horses than, say Tang China or the Jurchens, but still, with such a huge army and such financial resources, why couldn't it defend itself?\n\nI also realise that the Song dynasty sought to prevent commanders from having too much power, so as not to go down the same path as the Tang did and that the Song government was bureaucratic and might have been inefficient in dealing with the Jurchens threat.\n\nBut still, nothing of this looks like a convincing explanation to me.\n\nTo me, it seems as strange as if today the United States would be conquered by Mexico. I can't make sense of how this could happen and none of the books I am reading provides a satisfying answer.\n\nIf you have an answer or a book recommendation (English or Chinese, though preferably English), it would be great!", "user_reports": [], "saved": false, "mod_reason_title": null, "gilded": 0, "clicked": false, "title": "Why was Song China struggling to resist the Jin dynasty, even though it was very wealthy and technologically advanced?", "link_flair_richtext": [], "subreddit_name_prefixed": "r/AskHistorians", "hidden": false, "pwls": 6, "link_flair_css_class": null, "downs": 0, "parent_whitelist_status": "all_ads", "hide_score": false, "name": "t3_93nr8a", "quarantine": false, "link_flair_text_color": "dark", "upvote_ratio": 0.96, "author_flair_background_color": null, "subreddit_type": "public", "ups": 19, "domain": "self.AskHistorians", "media_embed": {}, "author_flair_template_id": null, "is_original_content": false, "author_fullname": "t2_1t3juld8", "secure_media": null, "is_reddit_media_domain": false, "is_meta": false, "category": null, "secure_media_embed": {}, "link_flair_text": null, "can_mod_post": false, "score": 19, "approved_by": null, "thumbnail": "", "edited": false, "author_flair_css_class": null, "author_flair_richtext": [], "content_categories": null, "is_self": true, "mod_note": null, "created": 1533147723.0, "link_flair_type": "text", "wls": 6, "banned_by": null, "author_flair_type": "text", "contest_mode": false, "selftext_html": "&lt;!-- SC_OFF --&gt;&lt;div class=\"md\"&gt;&lt;p&gt;Hi,&lt;/p&gt;\n\n&lt;p&gt;I have been reading a lot about the Song Dynasty recently, and I still do not understand one fundamental thing:&lt;/p&gt;\n\n&lt;p&gt;The Song dynasty was very wealthy, populous, it had an advanced economy, and some sources say that it (during certain periods) had an army of more than 1 million soldiers and around 85% of it&amp;#39;s spending was on military.&lt;/p&gt;\n\n&lt;p&gt;So how was it possible that the Northern Song was conquered by the Jin Dynasty/the Jurchens?&lt;/p&gt;\n\n&lt;p&gt;I realise that Song China had much fewer horses than, say Tang China or the Jurchens, but still, with such a huge army and such financial resources, why couldn&amp;#39;t it defend itself?&lt;/p&gt;\n\n&lt;p&gt;I also realise that the Song dynasty sought to prevent commanders from having too much power, so as not to go down the same path as the Tang did and that the Song government was bureaucratic and might have been inefficient in dealing with the Jurchens threat.&lt;/p&gt;\n\n&lt;p&gt;But still, nothing of this looks like a convincing explanation to me.&lt;/p&gt;\n\n&lt;p&gt;To me, it seems as strange as if today the United States would be conquered by Mexico. I can&amp;#39;t make sense of how this could happen and none of the books I am reading provides a satisfying answer.&lt;/p&gt;\n\n&lt;p&gt;If you have an answer or a book recommendation (English or Chinese, though preferably English), it would be great!&lt;/p&gt;\n&lt;/div&gt;&lt;!-- SC_ON --&gt;", "likes": null, "suggested_sort": null, "banned_at_utc": null, "view_count": null, "archived": false, "no_follow": false, "is_crosspostable": false, "pinned": false, "over_18": false, "media": null, "media_only": false, "link_flair_template_id": null, "can_gild": false, "spoiler": false, "locked": false, "author_flair_text": null, "visited": false, "num_reports": null, "distinguished": null, "subreddit_id": "t5_2ssp3", "mod_reason_by": null, "removal_reason": null, "link_flair_background_color": "", "id": "93nr8a", "report_reasons": null, "author": "Snow246", "num_crossposts": 0, "num_comments": 6, "send_replies": true, "author_flair_text_color": null, "permalink": "/r/AskHistorians/comments/93nr8a/why_was_song_china_struggling_to_resist_the_jin/", "whitelist_status": "all_ads", "stickied": false, "url": "https://www.reddit.com/r/AskHistorians/comments/93nr8a/why_was_song_china_struggling_to_resist_the_jin/", "subreddit_subscribers": 798139, "created_utc": 1533118923.0, "mod_reports": [], "is_video": false}}], "after": null, "before": null}}, {"kind": "Listing", "data": {"modhash": "", "dist": null, "children": [{"kind": "t1", "data": {"subreddit_id": "t5_2ssp3", "approved_at_utc": null, "ups": 15, "mod_reason_by": null, "banned_by": null, "author_flair_type": "text", "removal_reason": null, "link_id": "t3_93nr8a", "author_flair_template_id": null, "likes": null, "no_follow": false, "replies": {"kind": "Listing", "data": {"modhash": "", "dist": null, "children": [{"kind": "t1", "data": {"subreddit_id": "t5_2ssp3", "approved_at_utc": null, "ups": 1, "mod_reason_by": null, "banned_by": null, "author_flair_type": "text", "removal_reason": null, "link_id": "t3_93nr8a", "author_flair_template_id": null, "likes": null, "no_follow": true, "replies": {"kind": "Listing", "data": {"modhash": "", "dist": null, "children": [{"kind": "t1", "data": {"subreddit_id": "t5_2ssp3", "approved_at_utc": null, "ups": 7, "mod_reason_by": null, "banned_by": null, "author_flair_type": "text", "removal_reason": null, "link_id": "t3_93nr8a", "author_flair_template_id": null, "likes": null, "no_follow": false, "replies": {"kind": "Listing", "data": {"modhash": "", "dist": null, "children": [{"kind": "t1", "data": {"subreddit_id": "t5_2ssp3", "approved_at_utc": null, "ups": 6, "mod_reason_by": null, "banned_by": null, "author_flair_type": "text", "removal_reason": null, "link_id": "t3_93nr8a", "author_flair_template_id": null, "likes": null, "no_follow": false, "replies": "", "user_reports": [], "saved": false, "id": "e3g8mgx", "banned_at_utc": null, "mod_reason_title": null, "gilded": 0, "archived": false, "report_reasons": null, "author": "lordtiandao", "can_mod_post": false, "send_replies": true, "parent_id": "t1_e3fuo6d", "score": 6, "author_fullname": "t2_r7tf6", "approved_by": null, "downs": 0, "body": "There is another reason why Gaozong and Qin Hui wanted peace with the Jurchens that is not often talked about, and that is the status of the two captured emperors. Gaozong was enthroned because he was literally the only imperial prince who was not captured by the Jurchens. Had Yue Fei and Han Shizong defeated the Jurchens and the Jurchens returned Huizong and Qinzong, who would be the emperor? Should Gaozong continue to rule or should he yield the throne back to Qinzong, the legitimate emperor? ", "edited": false, "author_flair_css_class": "asia", "collapsed": false, "author_flair_richtext": [], "is_submitter": false, "collapsed_reason": null, "body_html": "&lt;div class=\"md\"&gt;&lt;p&gt;There is another reason why Gaozong and Qin Hui wanted peace with the Jurchens that is not often talked about, and that is the status of the two captured emperors. Gaozong was enthroned because he was literally the only imperial prince who was not captured by the Jurchens. Had Yue Fei and Han Shizong defeated the Jurchens and the Jurchens returned Huizong and Qinzong, who would be the emperor? Should Gaozong continue to rule or should he yield the throne back to Qinzong, the legitimate emperor? &lt;/p&gt;\n&lt;/div&gt;", "stickied": false, "subreddit_type": "public", "can_gild": true, "subreddit": "AskHistorians", "author_flair_text_color": "dark", "score_hidden": false, "permalink": "/r/AskHistorians/comments/93nr8a/why_was_song_china_struggling_to_resist_the_jin/e3g8mgx/", "num_reports": null, "name": "t1_e3g8mgx", "created": 1533205042.0, "author_flair_text": "Late Imperial China", "created_utc": 1533176242.0, "subreddit_name_prefixed": "r/AskHistorians", "controversiality": 0, "depth": 3, "author_flair_background_color": "", "mod_reports": [], "mod_note": null, "distinguished": null}}, {"kind": "t1", "data": {"subreddit_id": "t5_2ssp3", "approved_at_utc": null, "ups": 3, "mod_reason_by": null, "banned_by": null, "author_flair_type": "text", "removal_reason": null, "link_id": "t3_93nr8a", "author_flair_template_id": null, "likes": null, "no_follow": true, "replies": "", "user_reports": [], "saved": false, "id": "e3i1ftd", "banned_at_utc": null, "mod_reason_title": null, "gilded": 0, "archived": false, "report_reasons": null, "author": "wotan_weevil", "can_mod_post": false, "send_replies": true, "parent_id": "t1_e3fuo6d", "score": 3, "author_fullname": "t2_uu09h", "approved_by": null, "downs": 0, "body": "&gt; There's also another aspect of Song against northern invaders is the political aspect. If you read through the four famous \"restitutor\" generals of that period, all of them were hamstrung or outright executed by the Song imperial court. The reason for that is that Chinese emperors feared internal challenges more than external enemies.\n\nWhile this, along with the question of Qinzong (and Huizong, before his death), as noted by u/lordtiandao , contributed to the non-recovery of the north from Jin, it doesn't explain the loss of the north (i.e., the fall of Northern Song).\n\nPerhaps the court's decision to stop fighting to recover the north was unwise (Yue Fei certainly thought so), but it was not unreasonable. The revived Song state (i.e., Southern Song) would survive without the north, and fighting to recover the north risked the destruction of the Song state. Even without questions of internal overthrow of Gaozong (who had barely managed to survive a coup attempt in 1129), there was the question of the survival of the Southern Song.\n\nJudging by outcomes, Gaozong and his court might have made the correct choice. Accepting the continuing existence of the Jin state in northern China left the Southern Song in relative safety - the Jin were unable to seriously threaten the existence of the Song state.\n\n&gt; You might want to read up on Yue Fei, Liu Guangshi, Han Shizhong, and Zhang Jun. To understand why Song's military, though extremely advanced in equipment (fire arms like canons), but keeps on losing battles.\n\nThe Song armies, post-1127, also won many battles. The Song military was not incapable.\n\nHowever, the Song was not a bottomless pit of money and resources:\n\n&gt; Song was extremely rich and well developed. \"Taiping Huanyu Ji\" a contemporary record shows that Song at around 1120 AD had adult male population of one hundred eighteen million. The taxation and profit from Song's well developed manufacturing and financial sectors made the empire extremely rich. Song could afford easily equipped scores of new legions with top notch equipment from head to toe, lose all that force, then raise several new ones again. That's exactly what Song did.\n\nFirst, this figure for *Taiping Huanyu Ji* must be wrong. Ling Zhang, *The River, the Plain, and the State: An Environmental Drama in Northern Song China, 1048\u20131128*, Cambridge University Press, 2016, gives the total households in China according to the *Taiping Huanyu Ji* as about 6.5 million (see table 3, pg 190). The total population of China was probably under 100 million, and the adult male population could not have been over 100 million.\n\nThe income of the Song state was high, about as high as the late Ming. The Song achieved this, despite the lower population, less than 2/3 of the late Ming population, by higher taxation rates (with impact on the popularity of Song rule, rebellions, etc.). However, this didn't result in a bottomless pool of money (any more than the same government income resulted in a bottomless pool of money for the late Ming). 60-70% of the state's income went straight into food and pay for its soldiers. Logistics and money (which were, of course, related) limited the size of the army, and how much of the army could be deployed in any area.\n\nRebuilding effective armies was not possible just by conscripting peasants and giving them weapons, no matter how good those weapons were. Training and good leadership, and the discipline and motivation that can result from training and good leadership, are essential. This was the problem that the led to the fall of Northern Song in 1127. While the Song army was large, not all of the Song army was effective. The local militias were only useful for maintaining local order, and possibly for local defence, and the provincial armies were much less capable than the Imperial Army. With the destruction of most of the Imperial Army in the fighting by 1126, the Song had insufficient effective forces left to stop the Jin and defend Kaifeng.\n\nGiven time (not available in 1126!), new forces could be raised and trained, and the depth of available manpower meant that the Song could survive military disasters - thus the Song managed to survive the loss of the north, and were in a position to attempt the recovery of the north.\n\n&gt; One of the famous four generals of that period called Han Shizhong, led 8000 Song troops using terrain as an advantage encircled and besieged 100,000 Jin forces under the command of Wuzhu (1127 AD).\n\n... or a Jin force of 4,000, depending on the source. Either way, a Song victory.\n\n", "edited": false, "author_flair_css_class": null, "collapsed": false, "author_flair_richtext": [], "is_submitter": false, "collapsed_reason": null, "body_html": "&lt;div class=\"md\"&gt;&lt;blockquote&gt;\n&lt;p&gt;There&amp;#39;s also another aspect of Song against northern invaders is the political aspect. If you read through the four famous &amp;quot;restitutor&amp;quot; generals of that period, all of them were hamstrung or outright executed by the Song imperial court. The reason for that is that Chinese emperors feared internal challenges more than external enemies.&lt;/p&gt;\n&lt;/blockquote&gt;\n\n&lt;p&gt;While this, along with the question of Qinzong (and Huizong, before his death), as noted by &lt;a href=\"/u/lordtiandao\"&gt;u/lordtiandao&lt;/a&gt; , contributed to the non-recovery of the north from Jin, it doesn&amp;#39;t explain the loss of the north (i.e., the fall of Northern Song).&lt;/p&gt;\n\n&lt;p&gt;Perhaps the court&amp;#39;s decision to stop fighting to recover the north was unwise (Yue Fei certainly thought so), but it was not unreasonable. The revived Song state (i.e., Southern Song) would survive without the north, and fighting to recover the north risked the destruction of the Song state. Even without questions of internal overthrow of Gaozong (who had barely managed to survive a coup attempt in 1129), there was the question of the survival of the Southern Song.&lt;/p&gt;\n\n&lt;p&gt;Judging by outcomes, Gaozong and his court might have made the correct choice. Accepting the continuing existence of the Jin state in northern China left the Southern Song in relative safety - the Jin were unable to seriously threaten the existence of the Song state.&lt;/p&gt;\n\n&lt;blockquote&gt;\n&lt;p&gt;You might want to read up on Yue Fei, Liu Guangshi, Han Shizhong, and Zhang Jun. To understand why Song&amp;#39;s military, though extremely advanced in equipment (fire arms like canons), but keeps on losing battles.&lt;/p&gt;\n&lt;/blockquote&gt;\n\n&lt;p&gt;The Song armies, post-1127, also won many battles. The Song military was not incapable.&lt;/p&gt;\n\n&lt;p&gt;However, the Song was not a bottomless pit of money and resources:&lt;/p&gt;\n\n&lt;blockquote&gt;\n&lt;p&gt;Song was extremely rich and well developed. &amp;quot;Taiping Huanyu Ji&amp;quot; a contemporary record shows that Song at around 1120 AD had adult male population of one hundred eighteen million. The taxation and profit from Song&amp;#39;s well developed manufacturing and financial sectors made the empire extremely rich. Song could afford easily equipped scores of new legions with top notch equipment from head to toe, lose all that force, then raise several new ones again. That&amp;#39;s exactly what Song did.&lt;/p&gt;\n&lt;/blockquote&gt;\n\n&lt;p&gt;First, this figure for &lt;em&gt;Taiping Huanyu Ji&lt;/em&gt; must be wrong. Ling Zhang, &lt;em&gt;The River, the Plain, and the State: An Environmental Drama in Northern Song China, 1048\u20131128&lt;/em&gt;, Cambridge University Press, 2016, gives the total households in China according to the &lt;em&gt;Taiping Huanyu Ji&lt;/em&gt; as about 6.5 million (see table 3, pg 190). The total population of China was probably under 100 million, and the adult male population could not have been over 100 million.&lt;/p&gt;\n\n&lt;p&gt;The income of the Song state was high, about as high as the late Ming. The Song achieved this, despite the lower population, less than 2/3 of the late Ming population, by higher taxation rates (with impact on the popularity of Song rule, rebellions, etc.). However, this didn&amp;#39;t result in a bottomless pool of money (any more than the same government income resulted in a bottomless pool of money for the late Ming). 60-70% of the state&amp;#39;s income went straight into food and pay for its soldiers. Logistics and money (which were, of course, related) limited the size of the army, and how much of the army could be deployed in any area.&lt;/p&gt;\n\n&lt;p&gt;Rebuilding effective armies was not possible just by conscripting peasants and giving them weapons, no matter how good those weapons were. Training and good leadership, and the discipline and motivation that can result from training and good leadership, are essential. This was the problem that the led to the fall of Northern Song in 1127. While the Song army was large, not all of the Song army was effective. The local militias were only useful for maintaining local order, and possibly for local defence, and the provincial armies were much less capable than the Imperial Army. With the destruction of most of the Imperial Army in the fighting by 1126, the Song had insufficient effective forces left to stop the Jin and defend Kaifeng.&lt;/p&gt;\n\n&lt;p&gt;Given time (not available in 1126!), new forces could be raised and trained, and the depth of available manpower meant that the Song could survive military disasters - thus the Song managed to survive the loss of the north, and were in a position to attempt the recovery of the north.&lt;/p&gt;\n\n&lt;blockquote&gt;\n&lt;p&gt;One of the famous four generals of that period called Han Shizhong, led 8000 Song troops using terrain as an advantage encircled and besieged 100,000 Jin forces under the command of Wuzhu (1127 AD).&lt;/p&gt;\n&lt;/blockquote&gt;\n\n&lt;p&gt;... or a Jin force of 4,000, depending on the source. Either way, a Song victory.&lt;/p&gt;\n&lt;/div&gt;", "stickied": false, "subreddit_type": "public", "can_gild": true, "subreddit": "AskHistorians", "author_flair_text_color": null, "score_hidden": false, "permalink": "/r/AskHistorians/comments/93nr8a/why_was_song_china_struggling_to_resist_the_jin/e3i1ftd/", "num_reports": null, "name": "t1_e3i1ftd", "created": 1533276325.0, "author_flair_text": null, "created_utc": 1533247525.0, "subreddit_name_prefixed": "r/AskHistorians", "controversiality": 0, "depth": 3, "author_flair_background_color": null, "mod_reports": [], "mod_note": null, "distinguished": null}}, {"kind": "t1", "data": {"subreddit_id": "t5_2ssp3", "approved_at_utc": null, "ups": 1, "mod_reason_by": null, "banned_by": null, "author_flair_type": "text", "removal_reason": null, "link_id": "t3_93nr8a", "author_flair_template_id": null, "likes": null, "no_follow": true, "replies": "", "user_reports": [], "saved": false, "id": "e3fvic6", "banned_at_utc": null, "mod_reason_title": null, "gilded": 0, "archived": false, "report_reasons": null, "author": "Arilou_skiff", "can_mod_post": false, "send_replies": true, "parent_id": "t1_e3fuo6d", "score": 1, "author_fullname": "t2_he0of", "approved_by": null, "downs": 0, "body": "There were of course good reasons for this: The Song dynasty's founder was himself an ambitious general who deposed his emperor. \n", "edited": false, "author_flair_css_class": null, "collapsed": false, "author_flair_richtext": [], "is_submitter": false, "collapsed_reason": null, "body_html": "&lt;div class=\"md\"&gt;&lt;p&gt;There were of course good reasons for this: The Song dynasty&amp;#39;s founder was himself an ambitious general who deposed his emperor. &lt;/p&gt;\n&lt;/div&gt;", "stickied": false, "subreddit_type": "public", "can_gild": true, "subreddit": "AskHistorians", "author_flair_text_color": null, "score_hidden": false, "permalink": "/r/AskHistorians/comments/93nr8a/why_was_song_china_struggling_to_resist_the_jin/e3fvic6/", "num_reports": null, "name": "t1_e3fvic6", "created": 1533190823.0, "author_flair_text": null, "created_utc": 1533162023.0, "subreddit_name_prefixed": "r/AskHistorians", "controversiality": 0, "depth": 3, "author_flair_background_color": null, "mod_reports": [], "mod_note": null, "distinguished": null}}], "after": null, "before": null}}, "user_reports": [], "saved": false, "id": "e3fuo6d", "banned_at_utc": null, "mod_reason_title": null, "gilded": 0, "archived": false, "report_reasons": null, "author": "TechnicallyActually", "can_mod_post": false, "send_replies": true, "parent_id": "t1_e3fpmho", "score": 7, "author_fullname": "t2_ndhuu", "approved_by": null, "downs": 0, "body": "There's also another aspect of Song against northern invaders is the political aspect. If you read through the four famous \"restitutor\" generals of that period, all of them were hamstrung or outright executed by the Song imperial court. The reason for that is that Chinese emperors feared internal challenges more than external enemies. \n\nOne of the famous four generals of that period called Han Shizhong, led 8000 Song troops using terrain as an advantage encircled and besieged 100,000 Jin forces under the command of Wuzhu (1127 AD). Wuzhu barely escaped the encirclement after weeks of fighting. Wuzhu's remaining forces on their retreat north then was ambushed by the famous general Yue Fei.\n\nYue Fei was a very capable general with the political view that the lost northern Chinese territories should be recovered at all cost. But his efforts were sabotaged politically by his rivals and his view on recovering lost territories were also against the wish of the imperial court. So ultimate he was executed under some questionable charges. Imperial court didn't like Yue Fei's military expedition idea due to the fact that it cost them a lot less if they just pay Jin some tribute and let things pass. \n\nSong was extremely rich and well developed. \"Taiping Huanyu Ji\" a contemporary record shows that Song at around 1120 AD had adult male population of one hundred eighteen million. The taxation and profit from Song's well developed manufacturing and financial sectors made the empire extremely rich. Song could afford easily equipped scores of new legions with top notch equipment from head to toe, lose all that force, then raise several new ones again. That's exactly what Song did. However, because the imperial court's afraid of some charismatic general getting too popular. The armed forces' hands were always tied and the troops are really nothing but extremely well equipped peasant levies, lacking actual fighting prowess. But the few generals that had their posts along the border and thus can constantly exercise and actually fight quickly using the economic superiority build up their own competent fighting forces and they were extremely devastating to Jin and other northern invaders.\n\nYou might want to read up on Yue Fei, Liu Guangshi, Han Shizhong, and Zhang Jun. To understand why Song's military, though extremely advanced in equipment (fire arms like canons), but keeps on losing battles.\n\n", "edited": false, "author_flair_css_class": null, "collapsed": false, "author_flair_richtext": [], "is_submitter": false, "collapsed_reason": null, "body_html": "&lt;div class=\"md\"&gt;&lt;p&gt;There&amp;#39;s also another aspect of Song against northern invaders is the political aspect. If you read through the four famous &amp;quot;restitutor&amp;quot; generals of that period, all of them were hamstrung or outright executed by the Song imperial court. The reason for that is that Chinese emperors feared internal challenges more than external enemies. &lt;/p&gt;\n\n&lt;p&gt;One of the famous four generals of that period called Han Shizhong, led 8000 Song troops using terrain as an advantage encircled and besieged 100,000 Jin forces under the command of Wuzhu (1127 AD). Wuzhu barely escaped the encirclement after weeks of fighting. Wuzhu&amp;#39;s remaining forces on their retreat north then was ambushed by the famous general Yue Fei.&lt;/p&gt;\n\n&lt;p&gt;Yue Fei was a very capable general with the political view that the lost northern Chinese territories should be recovered at all cost. But his efforts were sabotaged politically by his rivals and his view on recovering lost territories were also against the wish of the imperial court. So ultimate he was executed under some questionable charges. Imperial court didn&amp;#39;t like Yue Fei&amp;#39;s military expedition idea due to the fact that it cost them a lot less if they just pay Jin some tribute and let things pass. &lt;/p&gt;\n\n&lt;p&gt;Song was extremely rich and well developed. &amp;quot;Taiping Huanyu Ji&amp;quot; a contemporary record shows that Song at around 1120 AD had adult male population of one hundred eighteen million. The taxation and profit from Song&amp;#39;s well developed manufacturing and financial sectors made the empire extremely rich. Song could afford easily equipped scores of new legions with top notch equipment from head to toe, lose all that force, then raise several new ones again. That&amp;#39;s exactly what Song did. However, because the imperial court&amp;#39;s afraid of some charismatic general getting too popular. The armed forces&amp;#39; hands were always tied and the troops are really nothing but extremely well equipped peasant levies, lacking actual fighting prowess. But the few generals that had their posts along the border and thus can constantly exercise and actually fight quickly using the economic superiority build up their own competent fighting forces and they were extremely devastating to Jin and other northern invaders.&lt;/p&gt;\n\n&lt;p&gt;You might want to read up on Yue Fei, Liu Guangshi, Han Shizhong, and Zhang Jun. To understand why Song&amp;#39;s military, though extremely advanced in equipment (fire arms like canons), but keeps on losing battles.&lt;/p&gt;\n&lt;/div&gt;", "stickied": false, "subreddit_type": "public", "can_gild": true, "subreddit": "AskHistorians", "author_flair_text_color": null, "score_hidden": false, "permalink": "/r/AskHistorians/comments/93nr8a/why_was_song_china_struggling_to_resist_the_jin/e3fuo6d/", "num_reports": null, "name": "t1_e3fuo6d", "created": 1533190083.0, "author_flair_text": null, "created_utc": 1533161283.0, "subreddit_name_prefixed": "r/AskHistorians", "controversiality": 0, "depth": 2, "author_flair_background_color": null, "mod_reports": [], "mod_note": null, "distinguished": null}}], "after": null, "before": null}}, "user_reports": [], "saved": false, "id": "e3fpmho", "banned_at_utc": null, "mod_reason_title": null, "gilded": 0, "archived": false, "report_reasons": null, "author": "Snow246", "can_mod_post": false, "send_replies": true, "parent_id": "t1_e3f05mf", "score": 1, "author_fullname": "t2_1t3juld8", "approved_by": null, "downs": 0, "body": "&gt;wotan\\_weevil  \n&gt;  \n&gt;Great answer, thank you. It's actually pretty impressive! Are you a professional historian?", "edited": false, "author_flair_css_class": null, "collapsed": false, "author_flair_richtext": [], "is_submitter": true, "collapsed_reason": null, "body_html": "&lt;div class=\"md\"&gt;&lt;blockquote&gt;\n&lt;p&gt;wotan_weevil  &lt;/p&gt;\n\n&lt;p&gt;Great answer, thank you. It&amp;#39;s actually pretty impressive! Are you a professional historian?&lt;/p&gt;\n&lt;/blockquote&gt;\n&lt;/div&gt;", "stickied": false, "subreddit_type": "public", "can_gild": true, "subreddit": "AskHistorians", "author_flair_text_color": null, "score_hidden": false, "permalink": "/r/AskHistorians/comments/93nr8a/why_was_song_china_struggling_to_resist_the_jin/e3fpmho/", "num_reports": null, "name": "t1_e3fpmho", "created": 1533185852.0, "author_flair_text": null, "created_utc": 1533157052.0, "subreddit_name_prefixed": "r/AskHistorians", "controversiality": 0, "depth": 1, "author_flair_background_color": null, "mod_reports": [], "mod_note": null, "distinguished": null}}], "after": null, "before": null}}, "user_reports": [], "saved": false, "id": "e3f05mf", "banned_at_utc": null, "mod_reason_title": null, "gilded": 0, "archived": false, "report_reasons": null, "author": "wotan_weevil", "can_mod_post": false, "send_replies": true, "parent_id": "t3_93nr8a", "score": 15, "author_fullname": "t2_uu09h", "approved_by": null, "downs": 0, "body": "It's a good question, and the answer isn't simple.\n\nFirst, the Jin attacks in 1123-1126 and 1126-1127 caught the Song when they were relatively weak. The Song had engaged in aggressive war against Xi Xia (Tanguts) for much of the early 1100s, losing possibly many hundreds of thousands of soldiers, and spending very large sums of money of the effort, for very little gain. In addition to this, they also fought against the Liao (Khitans), with even less success (their allies, the Jin, were much more effective against the Liao).\n\nThe Song also faced major rebellions, especially in 1119-1121, most notably the Fang La rebellion. These rebellions appear to have, at least partly, resulted from economic pressure due to the expense of the war against Xi Xia. The Song lost control over large parts of their territory for months, millions died, and major military forces had to be diverted from the frontier wars to defeating the rebels (which is one reasons why Song forces performed poorly against the Liao).\n\nThus, in 1123-1127, Song finances were weak, not having recovered from their wars against Xi Xia and the Liao, nor from the rebellions, and their control over parts of their territory was shaky.\n\nSecond, while the Song had a very large army, which if concentrated could have easily crushed the attacking Jin forces, the army could not be so concentrated. The army had to control a large frontier and maintain internal order (especially in the wake of the rebellions of 1119-1121), and the forces that could be used to defend the capital (Kaifeng) were limited. Further, logistics prevented too large a part of the army being committed in one region for too long - armies need to be fed, and food supplies in an area will only support so many soldiers for so long.\n\nDespite these problems, the Song did defend against the Jin attack of 1123-1126. While the Jin successfully broke through the border defences, they failed to quickly capture Taiyuan (the northern capital of the Song), and weren't able to combine their invading armies at Kaifeng, and the Song successfully defended Kaifeng. The successful defence of Kaifeng led to a peace treaty with the Jin, which was almost immediately broken (which led to the Jin attack of 1126-1127 and the fall of the Northern Song).\n\nA key to the fighting was Taiyuan. Taiyuan held out until September 1126. The Song made multiple attempts to relieve Taiyuan during the 250 day siege. These attempts failed to save Taiyuan, and led to the destruction of the best of the remaining Song forces. As a result, the remaining Song forces available to defend Kaifeng in 1126-1127 were both smaller and of lower quality than the forces that had successfully defended Kaifeng in 1126. Worse, since Taiyuan had fallen, the Jin forces that had been committed to the siege of Taiyuan were now available for the second attack on Kaifeng. With the destruction of multiple Song armies in the 1123-1126 attack, and the continued fighting for Taiyuan, the Song had no forces left in the area which could stop the Jin in open battle - their only chance was to successfully defend Kaifeng. However, the defending forces were weak, and the attacking Jin forces were numerous, skilled, and well-led, and Kaifeng fell after a 3 week siege.\n\nAt this point, the Jin invasion of 1126-1127 was disastrous for the Song, but not necessarily fatal for the Northern Song. While the Jin were able to capture Kaifeng, they were not strong enough to take all the major cities, and the invasion could have ended as a devastating raid including the capture and sack of the northern capital Taiyuan and the main capital Kaifeng, followed by a peace treaty, rebuilding of the Song military, and eventual recovery of border areas ceded to the Jin. However, the capture of Kaifeng decapitated the Song government. The Song emperor had attempted to flee, but was captured by the Jin, and returned to Kaifeng. Only one of the emperor's sons had escaped capture (he had not been in Kaifeng); he was the emperor who restored Song rule in the south. With no effective Song government, there was no effective continuing defence of the north, and the north fell to the Jin.\n\nA brief account of the catastrophe is given in the Cambridge History of China (chapter 7 in volume 5 part 1).\n\nThe problem of trying to defend northern China against a strong and mobile enemy was inherited by the Jin, with their new enemy being the Mongols. The Jin defence was much more effective that the Song defence - the Jin didn't have the equivalent of the unsuccessful and very costly wars the Song had in the first two decades of the 1100s, nor did they suffer the swift decapitation of their government that overtook the Song (but they did suffer from major rebellions, which contributed to their loss of control of Manchuria in the Jin-Mongol wars). The Jin defence against the Mongols shows what the Song might have been able to achieve, if they had pursued a sounder strategy.\n\n", "edited": false, "author_flair_css_class": null, "collapsed": false, "author_flair_richtext": [], "is_submitter": false, "collapsed_reason": null, "body_html": "&lt;div class=\"md\"&gt;&lt;p&gt;It&amp;#39;s a good question, and the answer isn&amp;#39;t simple.&lt;/p&gt;\n\n&lt;p&gt;First, the Jin attacks in 1123-1126 and 1126-1127 caught the Song when they were relatively weak. The Song had engaged in aggressive war against Xi Xia (Tanguts) for much of the early 1100s, losing possibly many hundreds of thousands of soldiers, and spending very large sums of money of the effort, for very little gain. In addition to this, they also fought against the Liao (Khitans), with even less success (their allies, the Jin, were much more effective against the Liao).&lt;/p&gt;\n\n&lt;p&gt;The Song also faced major rebellions, especially in 1119-1121, most notably the Fang La rebellion. These rebellions appear to have, at least partly, resulted from economic pressure due to the expense of the war against Xi Xia. The Song lost control over large parts of their territory for months, millions died, and major military forces had to be diverted from the frontier wars to defeating the rebels (which is one reasons why Song forces performed poorly against the Liao).&lt;/p&gt;\n\n&lt;p&gt;Thus, in 1123-1127, Song finances were weak, not having recovered from their wars against Xi Xia and the Liao, nor from the rebellions, and their control over parts of their territory was shaky.&lt;/p&gt;\n\n&lt;p&gt;Second, while the Song had a very large army, which if concentrated could have easily crushed the attacking Jin forces, the army could not be so concentrated. The army had to control a large frontier and maintain internal order (especially in the wake of the rebellions of 1119-1121), and the forces that could be used to defend the capital (Kaifeng) were limited. Further, logistics prevented too large a part of the army being committed in one region for too long - armies need to be fed, and food supplies in an area will only support so many soldiers for so long.&lt;/p&gt;\n\n&lt;p&gt;Despite these problems, the Song did defend against the Jin attack of 1123-1126. While the Jin successfully broke through the border defences, they failed to quickly capture Taiyuan (the northern capital of the Song), and weren&amp;#39;t able to combine their invading armies at Kaifeng, and the Song successfully defended Kaifeng. The successful defence of Kaifeng led to a peace treaty with the Jin, which was almost immediately broken (which led to the Jin attack of 1126-1127 and the fall of the Northern Song).&lt;/p&gt;\n\n&lt;p&gt;A key to the fighting was Taiyuan. Taiyuan held out until September 1126. The Song made multiple attempts to relieve Taiyuan during the 250 day siege. These attempts failed to save Taiyuan, and led to the destruction of the best of the remaining Song forces. As a result, the remaining Song forces available to defend Kaifeng in 1126-1127 were both smaller and of lower quality than the forces that had successfully defended Kaifeng in 1126. Worse, since Taiyuan had fallen, the Jin forces that had been committed to the siege of Taiyuan were now available for the second attack on Kaifeng. With the destruction of multiple Song armies in the 1123-1126 attack, and the continued fighting for Taiyuan, the Song had no forces left in the area which could stop the Jin in open battle - their only chance was to successfully defend Kaifeng. However, the defending forces were weak, and the attacking Jin forces were numerous, skilled, and well-led, and Kaifeng fell after a 3 week siege.&lt;/p&gt;\n\n&lt;p&gt;At this point, the Jin invasion of 1126-1127 was disastrous for the Song, but not necessarily fatal for the Northern Song. While the Jin were able to capture Kaifeng, they were not strong enough to take all the major cities, and the invasion could have ended as a devastating raid including the capture and sack of the northern capital Taiyuan and the main capital Kaifeng, followed by a peace treaty, rebuilding of the Song military, and eventual recovery of border areas ceded to the Jin. However, the capture of Kaifeng decapitated the Song government. The Song emperor had attempted to flee, but was captured by the Jin, and returned to Kaifeng. Only one of the emperor&amp;#39;s sons had escaped capture (he had not been in Kaifeng); he was the emperor who restored Song rule in the south. With no effective Song government, there was no effective continuing defence of the north, and the north fell to the Jin.&lt;/p&gt;\n\n&lt;p&gt;A brief account of the catastrophe is given in the Cambridge History of China (chapter 7 in volume 5 part 1).&lt;/p&gt;\n\n&lt;p&gt;The problem of trying to defend northern China against a strong and mobile enemy was inherited by the Jin, with their new enemy being the Mongols. The Jin defence was much more effective that the Song defence - the Jin didn&amp;#39;t have the equivalent of the unsuccessful and very costly wars the Song had in the first two decades of the 1100s, nor did they suffer the swift decapitation of their government that overtook the Song (but they did suffer from major rebellions, which contributed to their loss of control of Manchuria in the Jin-Mongol wars). The Jin defence against the Mongols shows what the Song might have been able to achieve, if they had pursued a sounder strategy.&lt;/p&gt;\n&lt;/div&gt;", "stickied": false, "subreddit_type": "public", "can_gild": true, "subreddit": "AskHistorians", "author_flair_text_color": null, "score_hidden": false, "permalink": "/r/AskHistorians/comments/93nr8a/why_was_song_china_struggling_to_resist_the_jin/e3f05mf/", "num_reports": null, "name": "t1_e3f05mf", "created": 1533165751.0, "author_flair_text": null, "created_utc": 1533136951.0, "subreddit_name_prefixed": "r/AskHistorians", "controversiality": 0, "depth": 0, "author_flair_background_color": null, "mod_reports": [], "mod_note": null, "distinguished": null}}], "after": null, "before": null}}]