[{"kind": "Listing", "data": {"modhash": "", "dist": 1, "children": [{"kind": "t3", "data": {"approved_at_utc": null, "subreddit": "AskHistorians", "selftext": "I've had this little crossbow replica for a while but I never understood how the sighting system (or whatever it may actually be) worked. [Pics of the replica](https://imgur.com/a/7wDYwYL)\n\nI tried Googling it but didn't find anything concrete besides a few similar sights on some images. [One](https://encrypted-tbn0.gstatic.com/images?q=tbn:ANd9GcTk8JLAtGLiHLDCqV-5AKMdZ0TqnDlSzlHcFNBcn55M9lUeJHMK) [Two](https://encrypted-tbn0.gstatic.com/images?q=tbn:ANd9GcQKRCBlgrPRgvQ04EYvoLk2fn6xEdGNQZaHuQMIE0yYaHCJKB92)\n\nI am not sure If i should have asked this on r/whatisthisthing but I figured this is a more historical matter. Thanks in advance!\n\n", "user_reports": [], "saved": false, "mod_reason_title": null, "gilded": 0, "clicked": false, "title": "How were these types of 'sights' used on old crossbows?", "link_flair_richtext": [], "subreddit_name_prefixed": "r/AskHistorians", "hidden": false, "pwls": 6, "link_flair_css_class": null, "downs": 0, "parent_whitelist_status": "all_ads", "hide_score": false, "name": "t3_93rxx7", "quarantine": false, "link_flair_text_color": "dark", "upvote_ratio": 1.0, "author_flair_background_color": null, "subreddit_type": "public", "ups": 2, "domain": "self.AskHistorians", "media_embed": {}, "author_flair_template_id": null, "is_original_content": false, "author_fullname": "t2_i7lwl", "secure_media": null, "is_reddit_media_domain": false, "is_meta": false, "category": null, "secure_media_embed": {}, "link_flair_text": null, "can_mod_post": false, "score": 2, "approved_by": null, "thumbnail": "", "edited": false, "author_flair_css_class": null, "author_flair_richtext": [], "content_categories": null, "is_self": true, "mod_note": null, "created": 1533179186.0, "link_flair_type": "text", "wls": 6, "banned_by": null, "author_flair_type": "text", "contest_mode": false, "selftext_html": "&lt;!-- SC_OFF --&gt;&lt;div class=\"md\"&gt;&lt;p&gt;I&amp;#39;ve had this little crossbow replica for a while but I never understood how the sighting system (or whatever it may actually be) worked. &lt;a href=\"https://imgur.com/a/7wDYwYL\"&gt;Pics of the replica&lt;/a&gt;&lt;/p&gt;\n\n&lt;p&gt;I tried Googling it but didn&amp;#39;t find anything concrete besides a few similar sights on some images. &lt;a href=\"https://encrypted-tbn0.gstatic.com/images?q=tbn:ANd9GcTk8JLAtGLiHLDCqV-5AKMdZ0TqnDlSzlHcFNBcn55M9lUeJHMK\"&gt;One&lt;/a&gt; &lt;a href=\"https://encrypted-tbn0.gstatic.com/images?q=tbn:ANd9GcQKRCBlgrPRgvQ04EYvoLk2fn6xEdGNQZaHuQMIE0yYaHCJKB92\"&gt;Two&lt;/a&gt;&lt;/p&gt;\n\n&lt;p&gt;I am not sure If i should have asked this on &lt;a href=\"/r/whatisthisthing\"&gt;r/whatisthisthing&lt;/a&gt; but I figured this is a more historical matter. Thanks in advance!&lt;/p&gt;\n&lt;/div&gt;&lt;!-- SC_ON --&gt;", "likes": null, "suggested_sort": null, "banned_at_utc": null, "view_count": null, "archived": false, "no_follow": true, "is_crosspostable": false, "pinned": false, "over_18": false, "media": null, "media_only": false, "link_flair_template_id": null, "can_gild": false, "spoiler": false, "locked": false, "author_flair_text": null, "visited": false, "num_reports": null, "distinguished": null, "subreddit_id": "t5_2ssp3", "mod_reason_by": null, "removal_reason": null, "link_flair_background_color": "", "id": "93rxx7", "report_reasons": null, "author": "melc311", "num_crossposts": 0, "num_comments": 1, "send_replies": true, "author_flair_text_color": null, "permalink": "/r/AskHistorians/comments/93rxx7/how_were_these_types_of_sights_used_on_old/", "whitelist_status": "all_ads", "stickied": false, "url": "https://www.reddit.com/r/AskHistorians/comments/93rxx7/how_were_these_types_of_sights_used_on_old/", "subreddit_subscribers": 798139, "created_utc": 1533150386.0, "mod_reports": [], "is_video": false}}], "after": null, "before": null}}, {"kind": "Listing", "data": {"modhash": "", "dist": null, "children": [], "after": null, "before": null}}]