[{"kind": "Listing", "data": {"modhash": "", "dist": 1, "children": [{"kind": "t3", "data": {"subreddit_id": "t5_2ssp3", "approved_at_utc": null, "send_replies": true, "mod_reason_by": null, "banned_by": null, "removal_reason": null, "wls": 6, "subreddit": "AskHistorians", "selftext_html": "&lt;!-- SC_OFF --&gt;&lt;div class=\"md\"&gt;&lt;p&gt;I&amp;#39;m reposting from &lt;a href=\"/r/askhistory\"&gt;/r/askhistory&lt;/a&gt;, cuz i mixed up that sub with this one.&lt;/p&gt;\n\n&lt;p&gt;Armchair historian here...&lt;/p&gt;\n\n&lt;p&gt;Just browsing through the Wikipedia pages, and it seems that historians are convinced that Jesus and Muhammad definitely existed, but not Moses.&lt;/p&gt;\n\n&lt;p&gt;So, yeah, is there really no evidence suggesting that Moses ever existed?&lt;/p&gt;\n&lt;/div&gt;&lt;!-- SC_ON --&gt;", "author_flair_template_id": null, "selftext": "I'm reposting from /r/askhistory, cuz i mixed up that sub with this one.\n\nArmchair historian here...\n\nJust browsing through the Wikipedia pages, and it seems that historians are convinced that Jesus and Muhammad definitely existed, but not Moses.\n\nSo, yeah, is there really no evidence suggesting that Moses ever existed?", "likes": null, "suggested_sort": null, "mod_note": null, "user_reports": [], "secure_media": null, "is_reddit_media_domain": false, "saved": false, "id": "88wzdv", "banned_at_utc": null, "mod_reason_title": null, "view_count": null, "archived": false, "clicked": false, "no_follow": false, "author": "aga_blag_blag", "num_crossposts": 0, "link_flair_text": null, "can_mod_post": false, "is_crosspostable": false, "pinned": false, "score": 71, "approved_by": null, "over_18": false, "domain": "self.AskHistorians", "hidden": false, "pwls": 6, "thumbnail": "", "hide_score": false, "edited": false, "link_flair_css_class": null, "media_only": false, "author_flair_css_class": null, "contest_mode": false, "gilded": 0, "title": "Is there really no evidence that Moses ever existed?", "downs": 0, "secure_media_embed": {}, "media_embed": {}, "author_flair_text": null, "stickied": false, "can_gild": false, "is_self": true, "parent_whitelist_status": "all_ads", "name": "t3_88wzdv", "spoiler": false, "permalink": "/r/AskHistorians/comments/88wzdv/is_there_really_no_evidence_that_moses_ever/", "subreddit_type": "public", "locked": false, "report_reasons": null, "created": 1522674325.0, "url": "https://www.reddit.com/r/AskHistorians/comments/88wzdv/is_there_really_no_evidence_that_moses_ever/", "whitelist_status": "all_ads", "quarantine": false, "subreddit_subscribers": 755571, "created_utc": 1522645525.0, "subreddit_name_prefixed": "r/AskHistorians", "distinguished": null, "media": null, "num_comments": 4, "upvote_ratio": 0.9, "mod_reports": [], "visited": false, "num_reports": null, "is_video": false, "ups": 71, "post_categories": null}}], "after": null, "before": null}}, {"kind": "Listing", "data": {"modhash": "", "dist": null, "children": [{"kind": "t1", "data": {"subreddit_id": "t5_2ssp3", "approved_at_utc": null, "ups": 8, "mod_reason_by": null, "banned_by": null, "removal_reason": null, "link_id": "t3_88wzdv", "author_flair_template_id": null, "likes": null, "no_follow": false, "replies": "", "user_reports": [], "saved": false, "id": "dwtivq2", "banned_at_utc": null, "mod_reason_title": null, "gilded": 0, "archived": false, "report_reasons": null, "author": "aloofman75", "can_mod_post": false, "send_replies": true, "parent_id": "t3_88wzdv", "score": 8, "approved_by": null, "downs": 0, "body": "There really isn\u2019t any evidence that Moses existed. Historians generally agree that both Jesus and Muhammad are based on people that almost certainly existed, although the accounts we have of the details of their lives are not contemporaneous, so their accuracy is very debatable. The men we call Jesus and Muhammad from religious texts almost certainly differ in some way from the real people that inspired the writings, but we don\u2019t know how or by how much they differ. \n\nOne big difference here is that Moses would have lived at least 1200 years before Jesus did. This is long before any paper writings existed, and not too many papyrus writings have survived since then. So in trying to confirm Moses\u2019 existence, historians have the problem that not much documentation exists from this time period. \n\nConsider that the kings of Israel, David and Solomon, are believed to have reigned a few hundred years after Moses, but there\u2019s no archaeological evidence at all that they reigned over a mighty empire like the Old Testament describes. The best information that we have is that the region was mostly inhabited by villages instead. Many historians don\u2019t believe that David or Solomon existed either. \n\nOne major argument against the historical Moses is that we have no evidence that the events of the Book of Exodus occurred. The most meticulous record-keepers in the region at the time were the Egyptians. Despite the fact that we know they kept records of who owned slaves and how many, there\u2019s no indication that they kept the Israelites captive anywhere in Egypt. The Egyptians went out of their way to document which peoples they conquered over the centuries, but don\u2019t mention dragging all of the Hebrews to Egypt and keeping them there for many years, which is an odd thing to leave out. No captivity means no Exodus. If there was no Exodus of the Israelites from Egypt to the area we now call Israel and Palestine, then who would Moses even be? Just some shepherd tending his flock who happens to have the same name? \n\nIt\u2019s important to remember that the Torah was not compiled until hundreds of years after the events that it describes, with much - or maybe most - of it not written down at all until then. So the decisions about which versions of those stories to include in the scriptures were made by people who didn\u2019t witness any of the events or even meet anyone who could have. That doesn\u2019t mean that Moses never existed. (We can\u2019t really prove a negative, after all.) But it does mean that we can\u2019t really substantiate any of the events that the Old Testament describes Moses as participating in. As often happens, being sure that Moses was real is almost entirely a matter of faith.  \n", "edited": false, "author_flair_css_class": null, "collapsed": false, "is_submitter": false, "collapsed_reason": null, "body_html": "&lt;div class=\"md\"&gt;&lt;p&gt;There really isn\u2019t any evidence that Moses existed. Historians generally agree that both Jesus and Muhammad are based on people that almost certainly existed, although the accounts we have of the details of their lives are not contemporaneous, so their accuracy is very debatable. The men we call Jesus and Muhammad from religious texts almost certainly differ in some way from the real people that inspired the writings, but we don\u2019t know how or by how much they differ. &lt;/p&gt;\n\n&lt;p&gt;One big difference here is that Moses would have lived at least 1200 years before Jesus did. This is long before any paper writings existed, and not too many papyrus writings have survived since then. So in trying to confirm Moses\u2019 existence, historians have the problem that not much documentation exists from this time period. &lt;/p&gt;\n\n&lt;p&gt;Consider that the kings of Israel, David and Solomon, are believed to have reigned a few hundred years after Moses, but there\u2019s no archaeological evidence at all that they reigned over a mighty empire like the Old Testament describes. The best information that we have is that the region was mostly inhabited by villages instead. Many historians don\u2019t believe that David or Solomon existed either. &lt;/p&gt;\n\n&lt;p&gt;One major argument against the historical Moses is that we have no evidence that the events of the Book of Exodus occurred. The most meticulous record-keepers in the region at the time were the Egyptians. Despite the fact that we know they kept records of who owned slaves and how many, there\u2019s no indication that they kept the Israelites captive anywhere in Egypt. The Egyptians went out of their way to document which peoples they conquered over the centuries, but don\u2019t mention dragging all of the Hebrews to Egypt and keeping them there for many years, which is an odd thing to leave out. No captivity means no Exodus. If there was no Exodus of the Israelites from Egypt to the area we now call Israel and Palestine, then who would Moses even be? Just some shepherd tending his flock who happens to have the same name? &lt;/p&gt;\n\n&lt;p&gt;It\u2019s important to remember that the Torah was not compiled until hundreds of years after the events that it describes, with much - or maybe most - of it not written down at all until then. So the decisions about which versions of those stories to include in the scriptures were made by people who didn\u2019t witness any of the events or even meet anyone who could have. That doesn\u2019t mean that Moses never existed. (We can\u2019t really prove a negative, after all.) But it does mean that we can\u2019t really substantiate any of the events that the Old Testament describes Moses as participating in. As often happens, being sure that Moses was real is almost entirely a matter of faith.  &lt;/p&gt;\n&lt;/div&gt;", "subreddit_type": "public", "can_gild": true, "subreddit": "AskHistorians", "name": "t1_dwtivq2", "score_hidden": false, "permalink": "/r/AskHistorians/comments/88wzdv/is_there_really_no_evidence_that_moses_ever/dwtivq2/", "num_reports": null, "stickied": false, "created": 1522909011.0, "author_flair_text": null, "created_utc": 1522880211.0, "subreddit_name_prefixed": "r/AskHistorians", "controversiality": 0, "depth": 0, "mod_reports": [], "mod_note": null, "distinguished": null}}, {"kind": "t1", "data": {"subreddit_id": "t5_2ssp3", "approved_at_utc": null, "ups": 7, "mod_reason_by": null, "banned_by": null, "removal_reason": null, "link_id": "t3_88wzdv", "author_flair_template_id": null, "likes": null, "no_follow": true, "replies": {"kind": "Listing", "data": {"modhash": "", "dist": null, "children": [{"kind": "t1", "data": {"subreddit_id": "t5_2ssp3", "approved_at_utc": null, "ups": 6, "mod_reason_by": null, "banned_by": null, "removal_reason": null, "link_id": "t3_88wzdv", "author_flair_template_id": null, "likes": null, "no_follow": false, "replies": "", "user_reports": [], "saved": false, "id": "dwodqb9", "banned_at_utc": null, "mod_reason_title": null, "gilded": 0, "archived": false, "report_reasons": null, "author": "AncientHistory", "can_mod_post": false, "send_replies": true, "parent_id": "t1_dwo7uvy", "score": 6, "approved_by": null, "downs": 0, "body": "We ask that answers in this subreddit be [in-depth and comprehensive](https://www.reddit.com/r/AskHistorians/comments/1jsabs/what_it_means_to_post_a_good_answer_in/), and highly suggest that comments include citations for the information. In the future, please take the time to better familiarize yourself with [the rules](http://www.reddit.com/r/AskHistorians/wiki/rules#wiki_write_an_in-depth_answer) and our [Rules Roundtable](https://www.reddit.com/r/AskHistorians/comments/4kngwh/rules_roundtable_no_11_no_speculation/) on Speculation.", "edited": false, "author_flair_css_class": "other", "collapsed": false, "is_submitter": false, "collapsed_reason": null, "body_html": "&lt;div class=\"md\"&gt;&lt;p&gt;We ask that answers in this subreddit be &lt;a href=\"https://www.reddit.com/r/AskHistorians/comments/1jsabs/what_it_means_to_post_a_good_answer_in/\"&gt;in-depth and comprehensive&lt;/a&gt;, and highly suggest that comments include citations for the information. In the future, please take the time to better familiarize yourself with &lt;a href=\"http://www.reddit.com/r/AskHistorians/wiki/rules#wiki_write_an_in-depth_answer\"&gt;the rules&lt;/a&gt; and our &lt;a href=\"https://www.reddit.com/r/AskHistorians/comments/4kngwh/rules_roundtable_no_11_no_speculation/\"&gt;Rules Roundtable&lt;/a&gt; on Speculation.&lt;/p&gt;\n&lt;/div&gt;", "subreddit_type": "public", "can_gild": true, "subreddit": "AskHistorians", "name": "t1_dwodqb9", "score_hidden": false, "permalink": "/r/AskHistorians/comments/88wzdv/is_there_really_no_evidence_that_moses_ever/dwodqb9/", "num_reports": null, "stickied": false, "created": 1522711026.0, "author_flair_text": "Moderator | Pulp Studies | H. P. Lovecraft", "created_utc": 1522682226.0, "subreddit_name_prefixed": "r/AskHistorians", "controversiality": 0, "depth": 1, "mod_reports": [], "mod_note": null, "distinguished": "moderator"}}], "after": null, "before": null}}, "user_reports": [], "saved": false, "id": "dwo7uvy", "banned_at_utc": null, "mod_reason_title": null, "gilded": 0, "archived": false, "report_reasons": null, "author": "[deleted]", "can_mod_post": false, "send_replies": true, "parent_id": "t3_88wzdv", "score": 7, "approved_by": null, "downs": 0, "body": "[removed]", "edited": false, "author_flair_css_class": null, "collapsed": false, "is_submitter": false, "collapsed_reason": null, "body_html": "&lt;div class=\"md\"&gt;&lt;p&gt;[removed]&lt;/p&gt;\n&lt;/div&gt;", "subreddit_type": "public", "can_gild": true, "subreddit": "AskHistorians", "name": "t1_dwo7uvy", "score_hidden": false, "permalink": "/r/AskHistorians/comments/88wzdv/is_there_really_no_evidence_that_moses_ever/dwo7uvy/", "num_reports": null, "stickied": false, "created": 1522704351.0, "author_flair_text": null, "created_utc": 1522675551.0, "subreddit_name_prefixed": "r/AskHistorians", "controversiality": 0, "depth": 0, "mod_reports": [], "mod_note": null, "distinguished": null}}], "after": null, "before": null}}]