[{"kind": "Listing", "data": {"modhash": "", "dist": 1, "children": [{"kind": "t3", "data": {"subreddit_id": "t5_2ssp3", "approved_at_utc": null, "send_replies": true, "mod_reason_by": null, "banned_by": null, "removal_reason": null, "wls": 6, "subreddit": "AskHistorians", "selftext_html": "&lt;!-- SC_OFF --&gt;&lt;div class=\"md\"&gt;&lt;p&gt;Hey guys,&lt;/p&gt;\n\n&lt;p&gt;I&amp;#39;m currently preparing to start development on a 2D videogame set in mid 1800s California, specifically 1848. The date is subject to change if we deem it necessary but it shouldn&amp;#39;t stray too far off from the original date.&lt;/p&gt;\n\n&lt;p&gt;My knowledge of the time period is very limited especially because I&amp;#39;m not American so most of the &amp;quot;Wild West&amp;quot; material that I&amp;#39;ve been exposed to comes from fiction such as movies, like The Hateful Eight or Django Unchained. I&amp;#39;d like to attempt a faithful recreation of the era while still taking some liberties, since it&amp;#39;s a videogame, and I believe it&amp;#39;s important that the game is fun.&lt;/p&gt;\n\n&lt;p&gt;Having said this, could anyone point me towards good material, where I can draw inspiration from and learn the culture of the time? Perhaps point me in the right direction of who I can contact to work with regarding this topic?&lt;/p&gt;\n\n&lt;p&gt;I&amp;#39;d appreciate any help, thank you.&lt;/p&gt;\n&lt;/div&gt;&lt;!-- SC_ON --&gt;", "author_flair_template_id": null, "selftext": "Hey guys,\n\nI'm currently preparing to start development on a 2D videogame set in mid 1800s California, specifically 1848. The date is subject to change if we deem it necessary but it shouldn't stray too far off from the original date.\n\nMy knowledge of the time period is very limited especially because I'm not American so most of the \"Wild West\" material that I've been exposed to comes from fiction such as movies, like The Hateful Eight or Django Unchained. I'd like to attempt a faithful recreation of the era while still taking some liberties, since it's a videogame, and I believe it's important that the game is fun.\n\nHaving said this, could anyone point me towards good material, where I can draw inspiration from and learn the culture of the time? Perhaps point me in the right direction of who I can contact to work with regarding this topic?\n\nI'd appreciate any help, thank you.", "likes": null, "suggested_sort": null, "mod_note": null, "user_reports": [], "secure_media": null, "is_reddit_media_domain": false, "saved": false, "id": "88zlzy", "banned_at_utc": null, "mod_reason_title": null, "view_count": null, "archived": false, "clicked": false, "no_follow": false, "author": "Tankquilizer", "num_crossposts": 0, "link_flair_text": null, "can_mod_post": false, "is_crosspostable": false, "pinned": false, "score": 14, "approved_by": null, "over_18": false, "domain": "self.AskHistorians", "hidden": false, "pwls": 6, "thumbnail": "", "hide_score": false, "edited": false, "link_flair_css_class": null, "media_only": false, "author_flair_css_class": null, "contest_mode": false, "gilded": 0, "title": "Making a videogame set in 1800s California", "downs": 0, "secure_media_embed": {}, "media_embed": {}, "author_flair_text": null, "stickied": false, "can_gild": false, "is_self": true, "parent_whitelist_status": "all_ads", "name": "t3_88zlzy", "spoiler": false, "permalink": "/r/AskHistorians/comments/88zlzy/making_a_videogame_set_in_1800s_california/", "subreddit_type": "public", "locked": false, "report_reasons": null, "created": 1522707357.0, "url": "https://www.reddit.com/r/AskHistorians/comments/88zlzy/making_a_videogame_set_in_1800s_california/", "whitelist_status": "all_ads", "quarantine": false, "subreddit_subscribers": 755571, "created_utc": 1522678557.0, "subreddit_name_prefixed": "r/AskHistorians", "distinguished": null, "media": null, "num_comments": 1, "upvote_ratio": 0.77, "mod_reports": [], "visited": false, "num_reports": null, "is_video": false, "ups": 14, "post_categories": null}}], "after": null, "before": null}}, {"kind": "Listing", "data": {"modhash": "", "dist": null, "children": [], "after": null, "before": null}}]