[{"kind": "Listing", "data": {"modhash": "", "dist": 1, "children": [{"kind": "t3", "data": {"subreddit_id": "t5_2ssp3", "approved_at_utc": null, "send_replies": true, "mod_reason_by": null, "banned_by": null, "removal_reason": null, "wls": 6, "subreddit": "AskHistorians", "selftext_html": null, "author_flair_template_id": null, "selftext": "", "likes": null, "suggested_sort": null, "mod_note": null, "user_reports": [], "secure_media": null, "is_reddit_media_domain": false, "saved": false, "id": "890l3l", "banned_at_utc": null, "mod_reason_title": null, "view_count": null, "archived": false, "clicked": false, "no_follow": false, "author": "althum180", "num_crossposts": 0, "link_flair_text": null, "can_mod_post": false, "is_crosspostable": false, "pinned": false, "score": 2, "approved_by": null, "over_18": false, "domain": "self.AskHistorians", "hidden": false, "pwls": 6, "thumbnail": "", "hide_score": false, "author_cakeday": true, "edited": false, "link_flair_css_class": null, "media_only": false, "author_flair_css_class": null, "contest_mode": false, "gilded": 0, "title": "How was Napoleon treated in captivity before his exile? Was he respected or mocked? Any quotes of what he or others said?", "downs": 0, "secure_media_embed": {}, "media_embed": {}, "author_flair_text": null, "stickied": false, "can_gild": false, "is_self": true, "parent_whitelist_status": "all_ads", "name": "t3_890l3l", "spoiler": false, "permalink": "/r/AskHistorians/comments/890l3l/how_was_napoleon_treated_in_captivity_before_his/", "subreddit_type": "public", "locked": false, "report_reasons": null, "created": 1522714972.0, "url": "https://www.reddit.com/r/AskHistorians/comments/890l3l/how_was_napoleon_treated_in_captivity_before_his/", "whitelist_status": "all_ads", "quarantine": false, "subreddit_subscribers": 755571, "created_utc": 1522686172.0, "subreddit_name_prefixed": "r/AskHistorians", "distinguished": null, "media": null, "num_comments": 0, "upvote_ratio": 0.67, "mod_reports": [], "visited": false, "num_reports": null, "is_video": false, "ups": 2, "post_categories": null}}], "after": null, "before": null}}, {"kind": "Listing", "data": {"modhash": "", "dist": null, "children": [], "after": null, "before": null}}]