[{"kind": "Listing", "data": {"modhash": "", "dist": 1, "children": [{"kind": "t3", "data": {"subreddit_id": "t5_2ssp3", "approved_at_utc": null, "send_replies": true, "mod_reason_by": null, "banned_by": null, "removal_reason": null, "wls": 6, "subreddit": "AskHistorians", "selftext_html": "&lt;!-- SC_OFF --&gt;&lt;div class=\"md\"&gt;&lt;p&gt;My Oma (German for Grandmother) was born in 1943 in Munich, Germany. Following the end of the war in 1945, Munich was destroyed and so its residents were often sent to D.P. (Displaced-Persons) Camps. My Oma and her family were bussed into a town called Simbach am Inn, a town about 200-miles away from Munich. The purpose of this post is to ask World War II historians on Reddit to help me find records and/or Pictures of this DP Camp so I can talk to her about it and maybe even surprise her with pictures of her in this town.&lt;/p&gt;\n\n&lt;p&gt;I know this is a tall order but I am really interested to see if anyone turns something up. If you find anything, please PM it to me or post it in the comment section.&lt;/p&gt;\n\n&lt;p&gt;Thank you all in advance!&lt;/p&gt;\n&lt;/div&gt;&lt;!-- SC_ON --&gt;", "author_flair_template_id": null, "selftext": "My Oma (German for Grandmother) was born in 1943 in Munich, Germany. Following the end of the war in 1945, Munich was destroyed and so its residents were often sent to D.P. (Displaced-Persons) Camps. My Oma and her family were bussed into a town called Simbach am Inn, a town about 200-miles away from Munich. The purpose of this post is to ask World War II historians on Reddit to help me find records and/or Pictures of this DP Camp so I can talk to her about it and maybe even surprise her with pictures of her in this town.\n\nI know this is a tall order but I am really interested to see if anyone turns something up. If you find anything, please PM it to me or post it in the comment section.\n\nThank you all in advance!", "likes": null, "suggested_sort": null, "mod_note": null, "user_reports": [], "secure_media": null, "is_reddit_media_domain": false, "saved": false, "id": "895co3", "banned_at_utc": null, "mod_reason_title": null, "view_count": null, "archived": false, "clicked": false, "no_follow": true, "author": "Obstigo", "num_crossposts": 0, "link_flair_text": null, "can_mod_post": false, "is_crosspostable": false, "pinned": false, "score": 3, "approved_by": null, "over_18": false, "domain": "self.AskHistorians", "hidden": false, "pwls": 6, "thumbnail": "", "hide_score": false, "edited": false, "link_flair_css_class": null, "media_only": false, "author_flair_css_class": null, "contest_mode": false, "gilded": 0, "title": "Looking for information regarding a DP Camp in Simbach am Inn in Post-War Germany. (READ DESCRIPTION)", "downs": 0, "secure_media_embed": {}, "media_embed": {}, "author_flair_text": null, "stickied": false, "can_gild": false, "is_self": true, "parent_whitelist_status": "all_ads", "name": "t3_895co3", "spoiler": false, "permalink": "/r/AskHistorians/comments/895co3/looking_for_information_regarding_a_dp_camp_in/", "subreddit_type": "public", "locked": false, "report_reasons": null, "created": 1522732056.0, "url": "https://www.reddit.com/r/AskHistorians/comments/895co3/looking_for_information_regarding_a_dp_camp_in/", "whitelist_status": "all_ads", "quarantine": false, "subreddit_subscribers": 755573, "created_utc": 1522703256.0, "subreddit_name_prefixed": "r/AskHistorians", "distinguished": null, "media": null, "num_comments": 0, "upvote_ratio": 0.68, "mod_reports": [], "visited": false, "num_reports": null, "is_video": false, "ups": 3, "post_categories": null}}], "after": null, "before": null}}, {"kind": "Listing", "data": {"modhash": "", "dist": null, "children": [], "after": null, "before": null}}]