[{"kind": "Listing", "data": {"modhash": "", "dist": 1, "children": [{"kind": "t3", "data": {"subreddit_id": "t5_2ssp3", "approved_at_utc": null, "send_replies": true, "mod_reason_by": null, "banned_by": null, "removal_reason": null, "wls": 6, "subreddit": "AskHistorians", "selftext_html": null, "author_flair_template_id": null, "selftext": "", "likes": null, "suggested_sort": null, "mod_note": null, "user_reports": [], "secure_media": null, "is_reddit_media_domain": false, "saved": false, "id": "895fhq", "banned_at_utc": null, "mod_reason_title": null, "view_count": null, "archived": false, "clicked": false, "no_follow": false, "author": "redooo", "num_crossposts": 0, "link_flair_text": null, "can_mod_post": false, "is_crosspostable": false, "pinned": false, "score": 5, "approved_by": null, "over_18": false, "domain": "self.AskHistorians", "hidden": false, "pwls": 6, "thumbnail": "", "hide_score": false, "edited": false, "link_flair_css_class": null, "media_only": false, "author_flair_css_class": null, "contest_mode": false, "gilded": 0, "title": "Photos I\u2019ve seen of Eastern European Jews emigrating to New York in the early 1900s rarely depict people dressed as conservatively as modern-day Orthodox Jews. Is this because they weren\u2019t Orthodox in the modern sense, or was there an increased emphasis on distinctive dress after the Holocaust?", "downs": 0, "secure_media_embed": {}, "media_embed": {}, "author_flair_text": null, "stickied": false, "can_gild": false, "is_self": true, "parent_whitelist_status": "all_ads", "name": "t3_895fhq", "spoiler": false, "permalink": "/r/AskHistorians/comments/895fhq/photos_ive_seen_of_eastern_european_jews/", "subreddit_type": "public", "locked": false, "report_reasons": null, "created": 1522732793.0, "url": "https://www.reddit.com/r/AskHistorians/comments/895fhq/photos_ive_seen_of_eastern_european_jews/", "whitelist_status": "all_ads", "quarantine": false, "subreddit_subscribers": 755573, "created_utc": 1522703993.0, "subreddit_name_prefixed": "r/AskHistorians", "distinguished": null, "media": null, "num_comments": 1, "upvote_ratio": 0.77, "mod_reports": [], "visited": false, "num_reports": null, "is_video": false, "ups": 5, "post_categories": null}}], "after": null, "before": null}}, {"kind": "Listing", "data": {"modhash": "", "dist": null, "children": [{"kind": "t1", "data": {"subreddit_id": "t5_2ssp3", "approved_at_utc": null, "ups": 1, "mod_reason_by": null, "banned_by": null, "removal_reason": null, "link_id": "t3_895fhq", "author_flair_template_id": null, "likes": null, "no_follow": true, "replies": "", "user_reports": [], "saved": false, "id": "dwp2p2h", "banned_at_utc": null, "mod_reason_title": null, "gilded": 0, "archived": false, "report_reasons": null, "author": "tanktango", "can_mod_post": false, "send_replies": true, "parent_id": "t3_895fhq", "score": 1, "approved_by": null, "downs": 0, "body": "it is because New York was New York and didn't appeal to that specific demographic, as opposed to, say, [the early 1900s Jerusalem](http://jewlicious.com/wp-content/uploads/TM/Western_Wall.jpg).", "edited": false, "author_flair_css_class": null, "collapsed": false, "is_submitter": false, "collapsed_reason": null, "body_html": "&lt;div class=\"md\"&gt;&lt;p&gt;it is because New York was New York and didn&amp;#39;t appeal to that specific demographic, as opposed to, say, &lt;a href=\"http://jewlicious.com/wp-content/uploads/TM/Western_Wall.jpg\"&gt;the early 1900s Jerusalem&lt;/a&gt;.&lt;/p&gt;\n&lt;/div&gt;", "subreddit_type": "public", "can_gild": true, "subreddit": "AskHistorians", "name": "t1_dwp2p2h", "score_hidden": false, "permalink": "/r/AskHistorians/comments/895fhq/photos_ive_seen_of_eastern_european_jews/dwp2p2h/", "num_reports": null, "stickied": false, "created": 1522734304.0, "author_flair_text": null, "created_utc": 1522705504.0, "subreddit_name_prefixed": "r/AskHistorians", "controversiality": 0, "depth": 0, "mod_reports": [], "mod_note": null, "distinguished": null}}], "after": null, "before": null}}]