[{"kind": "Listing", "data": {"modhash": "", "dist": 1, "children": [{"kind": "t3", "data": {"approved_at_utc": null, "subreddit": "AskHistorians", "selftext": "In the most recent Dan Carlin Hardcore History podcast, Dan asserts that the Soviet Union attempted to help get JFK elected in hopes of thawing US-Soviet relations. He specifically said that  Khrushchev directed KGB agents to engage in diplomatic and propoganda measures to help JFK's presidential bid. \n\nFirst of all, is this an accurate representation of these events? \n\nSecondly, if these events occured in a manner fairly similar to what was described, is there any evidence that the USSR's actions affected the race?", "user_reports": [], "saved": false, "mod_reason_title": null, "gilded": 0, "clicked": false, "title": "Did the Soviet Union help JFK get elected president?", "link_flair_richtext": [], "subreddit_name_prefixed": "r/AskHistorians", "hidden": false, "pwls": 6, "link_flair_css_class": null, "downs": 0, "parent_whitelist_status": "all_ads", "hide_score": false, "name": "t3_5rcmgp", "quarantine": false, "link_flair_text_color": "dark", "upvote_ratio": 0.56, "author_flair_background_color": null, "subreddit_type": "public", "ups": 2, "domain": "self.AskHistorians", "media_embed": {}, "author_flair_template_id": null, "is_original_content": false, "secure_media": null, "is_reddit_media_domain": false, "category": null, "secure_media_embed": {}, "link_flair_text": null, "can_mod_post": false, "score": 2, "approved_by": null, "thumbnail": "", "edited": false, "author_flair_css_class": null, "author_flair_richtext": [], "content_categories": null, "is_self": true, "mod_note": null, "created": 1485942319.0, "link_flair_type": "text", "wls": 6, "post_categories": null, "banned_by": null, "author_flair_type": "text", "contest_mode": false, "selftext_html": "&lt;!-- SC_OFF --&gt;&lt;div class=\"md\"&gt;&lt;p&gt;In the most recent Dan Carlin Hardcore History podcast, Dan asserts that the Soviet Union attempted to help get JFK elected in hopes of thawing US-Soviet relations. He specifically said that  Khrushchev directed KGB agents to engage in diplomatic and propoganda measures to help JFK&amp;#39;s presidential bid. &lt;/p&gt;\n\n&lt;p&gt;First of all, is this an accurate representation of these events? &lt;/p&gt;\n\n&lt;p&gt;Secondly, if these events occured in a manner fairly similar to what was described, is there any evidence that the USSR&amp;#39;s actions affected the race?&lt;/p&gt;\n&lt;/div&gt;&lt;!-- SC_ON --&gt;", "likes": null, "suggested_sort": null, "banned_at_utc": null, "view_count": null, "archived": true, "no_follow": true, "is_crosspostable": false, "pinned": false, "over_18": false, "media_only": false, "can_gild": false, "spoiler": false, "locked": false, "author_flair_text": null, "rte_mode": "markdown", "visited": false, "num_reports": null, "distinguished": null, "subreddit_id": "t5_2ssp3", "mod_reason_by": null, "removal_reason": null, "id": "5rcmgp", "report_reasons": null, "author": "atropos2012", "num_crossposts": 0, "num_comments": 0, "send_replies": true, "mod_reports": [], "author_flair_text_color": null, "permalink": "/r/AskHistorians/comments/5rcmgp/did_the_soviet_union_help_jfk_get_elected/", "whitelist_status": "all_ads", "stickied": false, "url": "https://www.reddit.com/r/AskHistorians/comments/5rcmgp/did_the_soviet_union_help_jfk_get_elected/", "subreddit_subscribers": 770821, "created_utc": 1485913519.0, "media": null, "is_video": false}}], "after": null, "before": null}}, {"kind": "Listing", "data": {"modhash": "", "dist": null, "children": [], "after": null, "before": null}}]