[{"kind": "Listing", "data": {"modhash": "", "dist": 1, "children": [{"kind": "t3", "data": {"approved_at_utc": null, "subreddit": "AskHistorians", "selftext": "It seems that there are many similarities between the two:\n\n1. Both of them were imperial monarchies before losing their wars\n2. Both of them were ultranationalist going into their wars\n3. Both of them suffered embarrassing and similar punishments for losing their wars - no more military, land taken away, reparations\n4. Both of them were/are economic powerhouses\n5. Both began pursuing more or less capitalist economic policies after their respective wars\n\nI honestly just thought of this and I'm reasonably certain there are other similarities. So why did Japan manage to retain a certain level of democracy, or barring that, even make it out the next seventy two years and counting without any major political revolution revolting against the generation that lost their war? Were there specific significant differences between Germany and Japan even given all these similarities that prevented fascism?", "user_reports": [], "saved": false, "mod_reason_title": null, "gilded": 0, "clicked": false, "title": "Why did post-WW2 Japan not go through the same process towards fascism as post-WW1 Germany?", "link_flair_richtext": [], "subreddit_name_prefixed": "r/AskHistorians", "hidden": false, "pwls": 6, "link_flair_css_class": null, "downs": 0, "parent_whitelist_status": "all_ads", "hide_score": false, "name": "t3_5re6bq", "quarantine": false, "link_flair_text_color": "dark", "upvote_ratio": 0.67, "author_flair_background_color": null, "subreddit_type": "public", "ups": 1, "domain": "self.AskHistorians", "media_embed": {}, "author_flair_template_id": null, "is_original_content": false, "secure_media": null, "is_reddit_media_domain": false, "category": null, "secure_media_embed": {}, "link_flair_text": null, "can_mod_post": false, "score": 1, "approved_by": null, "thumbnail": "", "edited": false, "author_flair_css_class": null, "author_flair_richtext": [], "content_categories": null, "is_self": true, "mod_note": null, "created": 1485962823.0, "link_flair_type": "text", "wls": 6, "post_categories": null, "banned_by": null, "author_flair_type": "text", "contest_mode": false, "selftext_html": "&lt;!-- SC_OFF --&gt;&lt;div class=\"md\"&gt;&lt;p&gt;It seems that there are many similarities between the two:&lt;/p&gt;\n\n&lt;ol&gt;\n&lt;li&gt;Both of them were imperial monarchies before losing their wars&lt;/li&gt;\n&lt;li&gt;Both of them were ultranationalist going into their wars&lt;/li&gt;\n&lt;li&gt;Both of them suffered embarrassing and similar punishments for losing their wars - no more military, land taken away, reparations&lt;/li&gt;\n&lt;li&gt;Both of them were/are economic powerhouses&lt;/li&gt;\n&lt;li&gt;Both began pursuing more or less capitalist economic policies after their respective wars&lt;/li&gt;\n&lt;/ol&gt;\n\n&lt;p&gt;I honestly just thought of this and I&amp;#39;m reasonably certain there are other similarities. So why did Japan manage to retain a certain level of democracy, or barring that, even make it out the next seventy two years and counting without any major political revolution revolting against the generation that lost their war? Were there specific significant differences between Germany and Japan even given all these similarities that prevented fascism?&lt;/p&gt;\n&lt;/div&gt;&lt;!-- SC_ON --&gt;", "likes": null, "suggested_sort": null, "banned_at_utc": null, "view_count": null, "archived": true, "no_follow": true, "is_crosspostable": false, "pinned": false, "over_18": false, "media_only": false, "can_gild": false, "spoiler": false, "locked": false, "author_flair_text": null, "rte_mode": "markdown", "visited": false, "num_reports": null, "distinguished": null, "subreddit_id": "t5_2ssp3", "mod_reason_by": null, "removal_reason": null, "id": "5re6bq", "report_reasons": null, "author": "explain_that_shit", "num_crossposts": 0, "num_comments": 0, "send_replies": true, "mod_reports": [], "author_flair_text_color": null, "permalink": "/r/AskHistorians/comments/5re6bq/why_did_postww2_japan_not_go_through_the_same/", "whitelist_status": "all_ads", "stickied": false, "url": "https://www.reddit.com/r/AskHistorians/comments/5re6bq/why_did_postww2_japan_not_go_through_the_same/", "subreddit_subscribers": 770821, "created_utc": 1485934023.0, "media": null, "is_video": false}}], "after": null, "before": null}}, {"kind": "Listing", "data": {"modhash": "", "dist": null, "children": [], "after": null, "before": null}}]