[{"kind": "Listing", "data": {"modhash": "", "dist": 1, "children": [{"kind": "t3", "data": {"approved_at_utc": null, "subreddit": "AskHistorians", "selftext": "As we all know, Israel isn't exactly the favorite country for most of the muslim world.  However, when the topic comes up, the usual explanation for the enmity involves the fact that the state of Israel exists, and displaced the arab population already there.  \n\nWhat was the state of anti-semitic attitudes in that part of the world prior to 1945?\n", "user_reports": [], "saved": false, "mod_reason_title": null, "gilded": 0, "clicked": false, "title": "How prevalent was anti-semitism in the Muslim world prior to the existence of Israel?", "link_flair_richtext": [], "subreddit_name_prefixed": "r/AskHistorians", "hidden": false, "pwls": 6, "link_flair_css_class": null, "downs": 0, "parent_whitelist_status": "all_ads", "hide_score": false, "name": "t3_5rg61e", "quarantine": false, "link_flair_text_color": "dark", "upvote_ratio": 0.67, "author_flair_background_color": null, "subreddit_type": "public", "ups": 9, "domain": "self.AskHistorians", "media_embed": {}, "author_flair_template_id": null, "is_original_content": false, "secure_media": null, "is_reddit_media_domain": false, "category": null, "secure_media_embed": {}, "link_flair_text": null, "can_mod_post": false, "score": 9, "approved_by": null, "thumbnail": "", "edited": false, "author_flair_css_class": null, "author_flair_richtext": [], "content_categories": null, "is_self": true, "mod_note": null, "created": 1485992578.0, "link_flair_type": "text", "wls": 6, "post_categories": null, "banned_by": null, "author_flair_type": "text", "contest_mode": false, "selftext_html": "&lt;!-- SC_OFF --&gt;&lt;div class=\"md\"&gt;&lt;p&gt;As we all know, Israel isn&amp;#39;t exactly the favorite country for most of the muslim world.  However, when the topic comes up, the usual explanation for the enmity involves the fact that the state of Israel exists, and displaced the arab population already there.  &lt;/p&gt;\n\n&lt;p&gt;What was the state of anti-semitic attitudes in that part of the world prior to 1945?&lt;/p&gt;\n&lt;/div&gt;&lt;!-- SC_ON --&gt;", "likes": null, "suggested_sort": null, "banned_at_utc": null, "view_count": null, "archived": true, "no_follow": false, "is_crosspostable": false, "pinned": false, "over_18": false, "media_only": false, "can_gild": false, "spoiler": false, "locked": false, "author_flair_text": null, "rte_mode": "markdown", "visited": false, "num_reports": null, "distinguished": null, "subreddit_id": "t5_2ssp3", "mod_reason_by": null, "removal_reason": null, "id": "5rg61e", "report_reasons": null, "author": "joerobo", "num_crossposts": 0, "num_comments": 8, "send_replies": true, "mod_reports": [], "author_flair_text_color": null, "permalink": "/r/AskHistorians/comments/5rg61e/how_prevalent_was_antisemitism_in_the_muslim/", "whitelist_status": "all_ads", "stickied": false, "url": "https://www.reddit.com/r/AskHistorians/comments/5rg61e/how_prevalent_was_antisemitism_in_the_muslim/", "subreddit_subscribers": 770822, "created_utc": 1485963778.0, "media": null, "is_video": false}}], "after": null, "before": null}}, {"kind": "Listing", "data": {"modhash": "", "dist": null, "children": [{"kind": "t1", "data": {"subreddit_id": "t5_2ssp3", "approved_at_utc": null, "ups": 8, "mod_reason_by": null, "banned_by": null, "author_flair_type": "text", "removal_reason": null, "link_id": "t3_5rg61e", "author_flair_template_id": null, "likes": null, "no_follow": false, "replies": {"kind": "Listing", "data": {"modhash": "", "dist": null, "children": [{"kind": "t1", "data": {"subreddit_id": "t5_2ssp3", "approved_at_utc": null, "ups": 3, "mod_reason_by": null, "banned_by": null, "author_flair_type": "text", "removal_reason": null, "link_id": "t3_5rg61e", "author_flair_template_id": null, "likes": null, "no_follow": true, "replies": {"kind": "Listing", "data": {"modhash": "", "dist": null, "children": [{"kind": "t1", "data": {"subreddit_id": "t5_2ssp3", "approved_at_utc": null, "ups": 3, "mod_reason_by": null, "banned_by": null, "author_flair_type": "text", "removal_reason": null, "link_id": "t3_5rg61e", "author_flair_template_id": null, "likes": null, "no_follow": true, "replies": {"kind": "Listing", "data": {"modhash": "", "dist": null, "children": [{"kind": "t1", "data": {"subreddit_id": "t5_2ssp3", "approved_at_utc": null, "ups": 2, "mod_reason_by": null, "banned_by": null, "removal_reason": null, "link_id": "t3_5rg61e", "author_flair_template_id": null, "likes": null, "no_follow": true, "replies": {"kind": "Listing", "data": {"modhash": "", "dist": null, "children": [{"kind": "t1", "data": {"subreddit_id": "t5_2ssp3", "approved_at_utc": null, "ups": 2, "mod_reason_by": null, "banned_by": null, "author_flair_type": "text", "removal_reason": null, "link_id": "t3_5rg61e", "author_flair_template_id": null, "likes": null, "no_follow": true, "replies": "", "user_reports": [], "saved": false, "id": "dd9c284", "banned_at_utc": null, "mod_reason_title": null, "gilded": 0, "archived": true, "report_reasons": null, "author": "joerobo", "can_mod_post": false, "send_replies": true, "parent_id": "t1_dd991ig", "score": 2, "approved_by": null, "downs": 0, "body": "Thanks for the thorough reply!", "edited": false, "author_flair_css_class": null, "collapsed": false, "author_flair_richtext": [], "is_submitter": true, "collapsed_reason": null, "body_html": "&lt;div class=\"md\"&gt;&lt;p&gt;Thanks for the thorough reply!&lt;/p&gt;\n&lt;/div&gt;", "stickied": false, "subreddit_type": "public", "can_gild": true, "subreddit": "AskHistorians", "author_flair_text_color": null, "score_hidden": false, "permalink": "/r/AskHistorians/comments/5rg61e/how_prevalent_was_antisemitism_in_the_muslim/dd9c284/", "num_reports": null, "name": "t1_dd9c284", "created": 1486109116.0, "author_flair_text": null, "rte_mode": "markdown", "created_utc": 1486080316.0, "subreddit_name_prefixed": "r/AskHistorians", "controversiality": 0, "depth": 4, "author_flair_background_color": null, "mod_reports": [], "mod_note": null, "distinguished": null}}], "after": null, "before": null}}, "user_reports": [], "saved": false, "id": "dd991ig", "banned_at_utc": null, "mod_reason_title": null, "gilded": 0, "archived": true, "report_reasons": null, "author": "[deleted]", "can_mod_post": false, "send_replies": true, "parent_id": "t1_dd989ll", "score": 2, "approved_by": null, "downs": 0, "body": "[deleted]", "edited": 1486076720.0, "author_flair_css_class": null, "collapsed": false, "is_submitter": false, "collapsed_reason": null, "body_html": "&lt;div class=\"md\"&gt;&lt;p&gt;[deleted]&lt;/p&gt;\n&lt;/div&gt;", "stickied": false, "subreddit_type": "public", "can_gild": true, "subreddit": "AskHistorians", "author_flair_text_color": "dark", "score_hidden": false, "permalink": "/r/AskHistorians/comments/5rg61e/how_prevalent_was_antisemitism_in_the_muslim/dd991ig/", "num_reports": null, "name": "t1_dd991ig", "created": 1486105290.0, "author_flair_text": null, "rte_mode": "markdown", "created_utc": 1486076490.0, "subreddit_name_prefixed": "r/AskHistorians", "controversiality": 0, "depth": 3, "author_flair_background_color": "", "mod_reports": [], "mod_note": null, "distinguished": null}}], "after": null, "before": null}}, "user_reports": [], "saved": false, "id": "dd989ll", "banned_at_utc": null, "mod_reason_title": null, "gilded": 0, "archived": true, "report_reasons": null, "author": "joerobo", "can_mod_post": false, "send_replies": true, "parent_id": "t1_dd92vjf", "score": 3, "approved_by": null, "downs": 0, "body": "Awesome, thanks for the primary sources.  Seems this could best be summed up as jews prior to Israel had a similar status to christian minorities currently in Muslim countries.  Does that seem like an accurate statement?", "edited": false, "author_flair_css_class": null, "collapsed": false, "author_flair_richtext": [], "is_submitter": true, "collapsed_reason": null, "body_html": "&lt;div class=\"md\"&gt;&lt;p&gt;Awesome, thanks for the primary sources.  Seems this could best be summed up as jews prior to Israel had a similar status to christian minorities currently in Muslim countries.  Does that seem like an accurate statement?&lt;/p&gt;\n&lt;/div&gt;", "stickied": false, "subreddit_type": "public", "can_gild": true, "subreddit": "AskHistorians", "author_flair_text_color": null, "score_hidden": false, "permalink": "/r/AskHistorians/comments/5rg61e/how_prevalent_was_antisemitism_in_the_muslim/dd989ll/", "num_reports": null, "name": "t1_dd989ll", "created": 1486104371.0, "author_flair_text": null, "rte_mode": "markdown", "created_utc": 1486075571.0, "subreddit_name_prefixed": "r/AskHistorians", "controversiality": 0, "depth": 2, "author_flair_background_color": null, "mod_reports": [], "mod_note": null, "distinguished": null}}], "after": null, "before": null}}, "user_reports": [], "saved": false, "id": "dd92vjf", "banned_at_utc": null, "mod_reason_title": null, "gilded": 0, "archived": true, "report_reasons": null, "author": "Gamblor29", "can_mod_post": false, "send_replies": true, "parent_id": "t1_dd92uuf", "score": 3, "approved_by": null, "downs": 0, "body": "And what was going on actually in \"the Land of Israel\"/British Mandate Palestine?\n&gt; In times gone by these native Jews had their full share of suffering from the general tyrannical conduct of the Moslems, and, having no resources for maintenance in the Holy Land, they were sustained, though barely, by contributions from synagogues all over the world. This mode of supply being understood by the Moslems, they were subjected to exactions and plunder on its account from generation to generation (individuals among them, however, holding occasionally lucrative offices for a tune). This oppression proved one of the causes which have entailed on the community a frightful incubus of debt, the payment of interest on which is a heavy charge upon the income derived from abroad.\n\n&gt; ...Notwithstanding these glimpses of honorary distinction the Jews are humiliated by the payment, through the Chief Rabbi, of pensions to Moslem local exactors, for instance the sum of 300\u00a3. a year to the Effendi whose house adjoins the ' wailing place,' or fragment of the western wall of the Temple enclosure, for permission to pray there; 100\u00a3. a year to the villagers of Siloam for not disturbing the graves on the slope of the Mount of Olives ; 50\u00a3 a year to the Ta'amra Arabs for not injuring the Sepulchre of Rachel near Bethlehem, and about 10\u00a3 a year to Sheikh Abu Gosh for not molesting their people on the high road to Jaffa, although he was highly paid by the Turkish Government as Warden of that road. All these are mere exactions made upon their excessive timidity, which it is disgraceful to the Turkish Government to allow to be practised. The figures are copied from their humble appeals occasionally made to the synagogues in Europe. Other minor impositions were laid upon them which they were afraid to discontinue to pay, such as, to one man (Moslem) for superintending the slaughtering of cattle by themselves for food, to see that it is performed by the Sephardi Rabbi who has purchased his license to do it. Periodical presents likewise of sugar, etc., to the principal Moslems at their festivals.\n\n&gt; Besides the Jewish British subjects and proteges already described, there were some of both these classes in Hebron and in the other Holy cities; there were also in Hebron a few Tuscans and Dutch subjects, who had by permission of their own Consular authorities in Beyroot placed themselves under British protection. Thus the British Consulate was always kept busy in transacting the business brought before it by the Jews ; not only by the Jews in Jerusalem, but by those from Safed, Tiberias, Caifa, Nablus, and Hebron. It was distressing to behold the timidity which long ages of oppression had engendered. Many times a poor Jew would come for redress against a native, and when he had substantiated his case, and it had been brought by the Consulate before the Turkish authorities, he would, in mere terror of future possible vengeance, withdraw from the prosecution, and even deny that any harm had been done him ; or if that was too manifest, declare that he could not identify the criminal, or that the witnesses could not be produced. Still, even then, the bare fact that some notice had been taken had a deterrent effect upon criminals who had hitherto regarded the defenceless Jews as their special prey.\n\n&gt; The Hebron Jews were more exposed than even those in Jerusalem to rough usage from the natives, and they had suffered greatly from the tyrannies of the brutal ' Abderrahhman el 'Amer.\n\n&gt; Those living in Safed, in Galilee, however, were of a different stamp, and much better able to hold their own. There was, on one occasion, an affair in that town of some rioters breaking for plunder into the houses of some Jews who were British proteges, and we had caused five of the offenders to be imprisoned. They were soon, however, allowed by the Governor to be at liberty again, and my protege's went down at once to demand justice from the Pasha in Acre, at the same time writing to acquaint me with the circumstances. This was not the only occasion in which I had to observe the manly spirit of the Jews in that mountain town, compared with all others of their nation throughout Palestine. Yet, whenever their independence was shown in an unjust cause, as sometimes happened, their behaviour had to be treated accordingly. The Galileans of Josephus's wars were a hardy and a stubborn people. \n[\"Stirring Times: Or, Records from Jerusalem Consular Chronicles of 1853 to 1856\"](http://books.google.com/books?id=ZPm2wIrShqkC&amp;pg=PR40&amp;dq=palestine+arab+clans&amp;lr=&amp;as_brr=1&amp;ei=xNn0R9zuC4PMsQOqiYisAg#PPA132,M1)\n\nThe American Jewish Yearbook, which is archived online, noted the following as well:\n&gt; 1907: The Kabyles near Casablanca, Morocco, revolted,because the harbor works were in the hands of the French and because a Frenchman was appointed Director of Customs. A French battleship bombarded the town to oppose the attacks of the Moors upon the town, and the Arab tribes in turn attacked the 6000 Jews in the Mellah, killing 30, wounding 60, violating many women, carrying off 250 young women and girls. The Jewish quarter was ruined, and more than half the Jewish population fled to Tangier, Ceuta, Gibraltar, and elsewhere.\n\n&gt; 1908: On the representation of the Consistory of Jerusalem the Grand Vizier of Turkey promised the Jews of Sanaa, in Yemen, full protection against attacks by Arabs to which they were subjected.\n\n&gt; 1909: February: In Hebron, where out of a total population of 18,000 about 2000 are Jews, the Arabs decide to boycott Jewish merchants.\n\n&gt; 1910: Community fearing attack by Arabs, telegraphs to Chief Rabbi in Constantinople, who makes representations to Minister of Interior. Latter sends energetic instructions to Governor at Haifa to prevent any disorders.\n\n&gt; June 10: Jewish community, Haifa, brings action against editor of Arab newspaper El Carmel for continued anti-Semitic attacks. Defendant acquitted.\n\n&gt; September 22: Jews forced to leave Yemen (Arabia) to avoid conversion to Mohammedanism.\n\n&gt; 1911: April 28: Bedouins set fire to synagogue at Tschebel (Tripoli, Barbary), entirely destroying building, which contained valuable old manuscripts and books.\n\n&gt; June 2: \"Blood accusation\" agitation in Turkey. Damascus paper El Muktaber charges abduction of Mohammedan child and publishes alleged confession by Jews. Chief Rabbi appeals to Government, which institutes criminal proceedings against editor of that paper.\n\n&gt; June 4: Chief Rabbi, Turkey, receives telegrams from several places in Arabia and Syria, giving particulars of attacks made on Jews. Government takes precaution.\n\n&gt; June 9: Report of attack by Bedouins on Jewish colonies, in vicinity of Nazareth and elsewhere; Chief Rabbi complains to Grand Vizier and Minister of Interior.\n\n&gt; September 23: Arabs assault about sixty worshippers at religious service on Rosh Hashanah at Wailing Wall.\n&gt; September 25: Forty-two Jews flee from Tripoli to Malta.\n\n&gt; 1912: Feb. 2: Serious conflict between Jewish colonists in Palestine and the Arabs reported. Three colonists said to have been killed and seven wounded.\n\n&gt; May 3: Anti-Jewish disturbances in Yemen. Several Jews murdered.\n\n&gt; 1913: December: At Smyrna, two young Jewesses of seventeen and nineteen years abducted from their homes, to be converted to Mohammedan faith. Authorities refuse to restore them despite protests of Haham Bashi.\n\n&gt; AUGUST (Yemen): Government permits organization of judicial tribunals exclusively of Arabs; this action victimizes Jews who may be falsely accused, as testimony of two Arab witnesses suffices to secure condemnation. --Jew ill-treated and left half dead in roadway because he submitted successful bid when invited to exchange large sum of money for Government. Complaint of Jew unavailing. \u2014 Heads of Jewish community imprisoned for disobeying edict ordering them to clean streets, no matter what their social status.\n\n&gt; October (Yemen): Further cruelties of the Imam, spiritual head of Yemen, toward Jews reported. Jews denounced for alleged trading in intoxicating drinks promptly punished without investigation of the charges.\n\n&gt; August. Bedouins attack colony of Rehobot, killing one colonist and wounding several others. --Rehobot vineyards penetrated by villagers from Zernuka, who kill Jewish student.\n\n&gt; November. At colony of Kinneret two Jewish watchmen murdered by Arabs.\n\n&gt; December. Near Tiberias, two colonists killed and several injured by Arabs.\n\n&gt; 1914: January. At Hebron, Jewish storekeepers are boycotted by Mohammedan women.\n\n&gt; April. Minister of Interior removes Governor of Tiberias on complaint of Chief Rabbi of his laxity in protecting the Jews against Arab attacks.\n\n&gt; May. Minister of Interior orders officiais in Palestine to repress all anti-Jewish manifestations.\u2014Chief Rabbi waits on Minister of Interior and reads to him two violent articles in Arab journal Palestine, and warns him that any disorders that might result therefrom would create bad impression abroad.\n\n&gt; 1915: April: Merchavia, colony near Tiberias: Conflict between Jews and Arabs; two Jews killed.\n\n&gt; Athlit: Klein, an American Jew, killed.\n\n[American Jewish Yearbook for 1899-1919](http://www.ajcarchives.org/main.php?GroupingId=10031)\n", "edited": 1486069687.0, "author_flair_css_class": null, "collapsed": false, "author_flair_richtext": [], "is_submitter": false, "collapsed_reason": null, "body_html": "&lt;div class=\"md\"&gt;&lt;p&gt;And what was going on actually in &amp;quot;the Land of Israel&amp;quot;/British Mandate Palestine?&lt;/p&gt;\n\n&lt;blockquote&gt;\n&lt;p&gt;In times gone by these native Jews had their full share of suffering from the general tyrannical conduct of the Moslems, and, having no resources for maintenance in the Holy Land, they were sustained, though barely, by contributions from synagogues all over the world. This mode of supply being understood by the Moslems, they were subjected to exactions and plunder on its account from generation to generation (individuals among them, however, holding occasionally lucrative offices for a tune). This oppression proved one of the causes which have entailed on the community a frightful incubus of debt, the payment of interest on which is a heavy charge upon the income derived from abroad.&lt;/p&gt;\n\n&lt;p&gt;...Notwithstanding these glimpses of honorary distinction the Jews are humiliated by the payment, through the Chief Rabbi, of pensions to Moslem local exactors, for instance the sum of 300\u00a3. a year to the Effendi whose house adjoins the &amp;#39; wailing place,&amp;#39; or fragment of the western wall of the Temple enclosure, for permission to pray there; 100\u00a3. a year to the villagers of Siloam for not disturbing the graves on the slope of the Mount of Olives ; 50\u00a3 a year to the Ta&amp;#39;amra Arabs for not injuring the Sepulchre of Rachel near Bethlehem, and about 10\u00a3 a year to Sheikh Abu Gosh for not molesting their people on the high road to Jaffa, although he was highly paid by the Turkish Government as Warden of that road. All these are mere exactions made upon their excessive timidity, which it is disgraceful to the Turkish Government to allow to be practised. The figures are copied from their humble appeals occasionally made to the synagogues in Europe. Other minor impositions were laid upon them which they were afraid to discontinue to pay, such as, to one man (Moslem) for superintending the slaughtering of cattle by themselves for food, to see that it is performed by the Sephardi Rabbi who has purchased his license to do it. Periodical presents likewise of sugar, etc., to the principal Moslems at their festivals.&lt;/p&gt;\n\n&lt;p&gt;Besides the Jewish British subjects and proteges already described, there were some of both these classes in Hebron and in the other Holy cities; there were also in Hebron a few Tuscans and Dutch subjects, who had by permission of their own Consular authorities in Beyroot placed themselves under British protection. Thus the British Consulate was always kept busy in transacting the business brought before it by the Jews ; not only by the Jews in Jerusalem, but by those from Safed, Tiberias, Caifa, Nablus, and Hebron. It was distressing to behold the timidity which long ages of oppression had engendered. Many times a poor Jew would come for redress against a native, and when he had substantiated his case, and it had been brought by the Consulate before the Turkish authorities, he would, in mere terror of future possible vengeance, withdraw from the prosecution, and even deny that any harm had been done him ; or if that was too manifest, declare that he could not identify the criminal, or that the witnesses could not be produced. Still, even then, the bare fact that some notice had been taken had a deterrent effect upon criminals who had hitherto regarded the defenceless Jews as their special prey.&lt;/p&gt;\n\n&lt;p&gt;The Hebron Jews were more exposed than even those in Jerusalem to rough usage from the natives, and they had suffered greatly from the tyrannies of the brutal &amp;#39; Abderrahhman el &amp;#39;Amer.&lt;/p&gt;\n\n&lt;p&gt;Those living in Safed, in Galilee, however, were of a different stamp, and much better able to hold their own. There was, on one occasion, an affair in that town of some rioters breaking for plunder into the houses of some Jews who were British proteges, and we had caused five of the offenders to be imprisoned. They were soon, however, allowed by the Governor to be at liberty again, and my protege&amp;#39;s went down at once to demand justice from the Pasha in Acre, at the same time writing to acquaint me with the circumstances. This was not the only occasion in which I had to observe the manly spirit of the Jews in that mountain town, compared with all others of their nation throughout Palestine. Yet, whenever their independence was shown in an unjust cause, as sometimes happened, their behaviour had to be treated accordingly. The Galileans of Josephus&amp;#39;s wars were a hardy and a stubborn people. \n&lt;a href=\"http://books.google.com/books?id=ZPm2wIrShqkC&amp;amp;pg=PR40&amp;amp;dq=palestine+arab+clans&amp;amp;lr=&amp;amp;as_brr=1&amp;amp;ei=xNn0R9zuC4PMsQOqiYisAg#PPA132,M1\"&gt;&amp;quot;Stirring Times: Or, Records from Jerusalem Consular Chronicles of 1853 to 1856&amp;quot;&lt;/a&gt;&lt;/p&gt;\n&lt;/blockquote&gt;\n\n&lt;p&gt;The American Jewish Yearbook, which is archived online, noted the following as well:&lt;/p&gt;\n\n&lt;blockquote&gt;\n&lt;p&gt;1907: The Kabyles near Casablanca, Morocco, revolted,because the harbor works were in the hands of the French and because a Frenchman was appointed Director of Customs. A French battleship bombarded the town to oppose the attacks of the Moors upon the town, and the Arab tribes in turn attacked the 6000 Jews in the Mellah, killing 30, wounding 60, violating many women, carrying off 250 young women and girls. The Jewish quarter was ruined, and more than half the Jewish population fled to Tangier, Ceuta, Gibraltar, and elsewhere.&lt;/p&gt;\n\n&lt;p&gt;1908: On the representation of the Consistory of Jerusalem the Grand Vizier of Turkey promised the Jews of Sanaa, in Yemen, full protection against attacks by Arabs to which they were subjected.&lt;/p&gt;\n\n&lt;p&gt;1909: February: In Hebron, where out of a total population of 18,000 about 2000 are Jews, the Arabs decide to boycott Jewish merchants.&lt;/p&gt;\n\n&lt;p&gt;1910: Community fearing attack by Arabs, telegraphs to Chief Rabbi in Constantinople, who makes representations to Minister of Interior. Latter sends energetic instructions to Governor at Haifa to prevent any disorders.&lt;/p&gt;\n\n&lt;p&gt;June 10: Jewish community, Haifa, brings action against editor of Arab newspaper El Carmel for continued anti-Semitic attacks. Defendant acquitted.&lt;/p&gt;\n\n&lt;p&gt;September 22: Jews forced to leave Yemen (Arabia) to avoid conversion to Mohammedanism.&lt;/p&gt;\n\n&lt;p&gt;1911: April 28: Bedouins set fire to synagogue at Tschebel (Tripoli, Barbary), entirely destroying building, which contained valuable old manuscripts and books.&lt;/p&gt;\n\n&lt;p&gt;June 2: &amp;quot;Blood accusation&amp;quot; agitation in Turkey. Damascus paper El Muktaber charges abduction of Mohammedan child and publishes alleged confession by Jews. Chief Rabbi appeals to Government, which institutes criminal proceedings against editor of that paper.&lt;/p&gt;\n\n&lt;p&gt;June 4: Chief Rabbi, Turkey, receives telegrams from several places in Arabia and Syria, giving particulars of attacks made on Jews. Government takes precaution.&lt;/p&gt;\n\n&lt;p&gt;June 9: Report of attack by Bedouins on Jewish colonies, in vicinity of Nazareth and elsewhere; Chief Rabbi complains to Grand Vizier and Minister of Interior.&lt;/p&gt;\n\n&lt;p&gt;September 23: Arabs assault about sixty worshippers at religious service on Rosh Hashanah at Wailing Wall.\nSeptember 25: Forty-two Jews flee from Tripoli to Malta.&lt;/p&gt;\n\n&lt;p&gt;1912: Feb. 2: Serious conflict between Jewish colonists in Palestine and the Arabs reported. Three colonists said to have been killed and seven wounded.&lt;/p&gt;\n\n&lt;p&gt;May 3: Anti-Jewish disturbances in Yemen. Several Jews murdered.&lt;/p&gt;\n\n&lt;p&gt;1913: December: At Smyrna, two young Jewesses of seventeen and nineteen years abducted from their homes, to be converted to Mohammedan faith. Authorities refuse to restore them despite protests of Haham Bashi.&lt;/p&gt;\n\n&lt;p&gt;AUGUST (Yemen): Government permits organization of judicial tribunals exclusively of Arabs; this action victimizes Jews who may be falsely accused, as testimony of two Arab witnesses suffices to secure condemnation. --Jew ill-treated and left half dead in roadway because he submitted successful bid when invited to exchange large sum of money for Government. Complaint of Jew unavailing. \u2014 Heads of Jewish community imprisoned for disobeying edict ordering them to clean streets, no matter what their social status.&lt;/p&gt;\n\n&lt;p&gt;October (Yemen): Further cruelties of the Imam, spiritual head of Yemen, toward Jews reported. Jews denounced for alleged trading in intoxicating drinks promptly punished without investigation of the charges.&lt;/p&gt;\n\n&lt;p&gt;August. Bedouins attack colony of Rehobot, killing one colonist and wounding several others. --Rehobot vineyards penetrated by villagers from Zernuka, who kill Jewish student.&lt;/p&gt;\n\n&lt;p&gt;November. At colony of Kinneret two Jewish watchmen murdered by Arabs.&lt;/p&gt;\n\n&lt;p&gt;December. Near Tiberias, two colonists killed and several injured by Arabs.&lt;/p&gt;\n\n&lt;p&gt;1914: January. At Hebron, Jewish storekeepers are boycotted by Mohammedan women.&lt;/p&gt;\n\n&lt;p&gt;April. Minister of Interior removes Governor of Tiberias on complaint of Chief Rabbi of his laxity in protecting the Jews against Arab attacks.&lt;/p&gt;\n\n&lt;p&gt;May. Minister of Interior orders officiais in Palestine to repress all anti-Jewish manifestations.\u2014Chief Rabbi waits on Minister of Interior and reads to him two violent articles in Arab journal Palestine, and warns him that any disorders that might result therefrom would create bad impression abroad.&lt;/p&gt;\n\n&lt;p&gt;1915: April: Merchavia, colony near Tiberias: Conflict between Jews and Arabs; two Jews killed.&lt;/p&gt;\n\n&lt;p&gt;Athlit: Klein, an American Jew, killed.&lt;/p&gt;\n&lt;/blockquote&gt;\n\n&lt;p&gt;&lt;a href=\"http://www.ajcarchives.org/main.php?GroupingId=10031\"&gt;American Jewish Yearbook for 1899-1919&lt;/a&gt;&lt;/p&gt;\n&lt;/div&gt;", "stickied": false, "subreddit_type": "public", "can_gild": true, "subreddit": "AskHistorians", "author_flair_text_color": null, "score_hidden": false, "permalink": "/r/AskHistorians/comments/5rg61e/how_prevalent_was_antisemitism_in_the_muslim/dd92vjf/", "num_reports": null, "name": "t1_dd92vjf", "created": 1486098244.0, "author_flair_text": null, "rte_mode": "markdown", "created_utc": 1486069444.0, "subreddit_name_prefixed": "r/AskHistorians", "controversiality": 0, "depth": 1, "author_flair_background_color": null, "mod_reports": [], "mod_note": null, "distinguished": null}}], "after": null, "before": null}}, "user_reports": [], "saved": false, "id": "dd92uuf", "banned_at_utc": null, "mod_reason_title": null, "gilded": 0, "archived": true, "report_reasons": null, "author": "Gamblor29", "can_mod_post": false, "send_replies": true, "parent_id": "t3_5rg61e", "score": 8, "approved_by": null, "downs": 0, "body": "Part 1:\n\nIt's largely undisputed that Jews were treated \"better\" in Muslim lands than in Christian lands, but really only in the sense that there were comparatively fewer large mass forced expulsions and mass murder.  Jews were declared \"protected\" as believers in Allah in exchange for various submissive gestures - jizya being the most well known.  But the declaration of \"protected\" and actually being \"protected\" was subject to the reality of historical administrative law enforcement.\n\nBy no means were the Jews of Arab lands ever treated \"well\".  While a Jew *could* ascend to positions of moderate power and influence, the Jewish communities largely and regularly were subjected to social and systematic discrimination, pogroms, and worse.\n\nSome of the best sources for how Jews lived in Muslim lands are contemporaneous accounts of travellers and missionaries in the Muslim world.\n\nIn the Maghreb, life was no picnic:\n&gt; The most notable case of persecution of Jews occurred, in 1863, in Morocco, a country in which as in Mohammedan countries in general they have often been taxed, fined, beaten with \"khoorbashes,\" bastinadoed with maize canes; in which they have been torn from their shops by agas and emirs to work for nothing, laughed at in the law courts, derided in public, oppressed in private, their complaints disregarded, their rights ignored, and their adopted home made for them a place of misery and shame.\n\n&gt; The account of their sufferings induced that celebrated Jewish philanthropist, Sir Moses Montefiore, to undertake a journey to the sultan of Morocco, to implore justice for his co-religionists.\n\nIt should be noted that his pleadings were taken graciously by the Sultan and he did order that the pogroms desist.\n\n[Appletons' Annual Cyclop\u00e6dia and Register of Important Events of the Year, 1863](https://books.google.ca/books?id=oIoEAAAAYAAJ&amp;pg=PA558&amp;dq=arab+persecution+jews+date:1600-1900&amp;lr=&amp;num=50&amp;as_brr=0&amp;ei=Zk-hR4GQFYKktAPRybCeCg&amp;redir_esc=y&amp;hl=en#v=onepage&amp;q&amp;f=false)\n\nIn Alexandria, Egypt, Christian missionaries were travelling and wrote about the life of Jews in 1882:\n&gt; The Mohammedans have acquired a very bitter feeling toward the Christians and the Jews, and are ever ready to join in any demonstration or insurrection against them, if they have any reason to suppose such a movement agreeable to the rulers of the city. Given a chief of police like the one in office in 1882, and another scene like that of June 11th of that year, with all its barbaric horrors and cruelty, would be enacted, for the elements suitable for such an act are ever ready.\n\n[The encyclop\u00e6dia of missions: descriptive, historical, biographical, statistical, Volume 1,](https://books.google.ca/books?id=mGjOAAAAMAAJ&amp;output=text&amp;source=gbs_navlinks_s&amp;redir_esc=y&amp;hl=en)\n\nIn Damascus, a British journalist travelling in Syria described how a Jew could be wealthy, but still had to sit on the floor to eat in Muslim company:\n&gt; The rich Jew, Mallim Yusef, who conducted us to the presence of the kihyah bey, seated himself with the greatest possible humility on the floor beneath us, at the feet of his superiors who occupied the sofa, first kneeling, and then sitting back while kneeling, on the heels and soles of his feet, with these and his hands completely covered, in an attitude and with an air of the most abject and unqualified humiliation. Mr. Bankes was dressed as a Turkish effendi, or private and unmilitary person : I still continued to wear the less showy garments of the Christian merchant, with which I had replaced my Bedouin garb. The rich Jew was dressed in the most costly garments, including Cashmere shawls, Russian furs, Indian silks, and English broad-cloth : all, however, being of dark colours, since none but the orthodox Mohammedans are allowed to wear either green, red, yellow, azure, or white, in any of their garments, which are therefore, however costly in material, almost restricted to dark browns, blacks, and blues. Among the party was also a Moslem dervish, with a patchwork and party-coloured bonnet of a sugar loaf shape, and his body scarcely half covered with rags and tattered garments ; his naked limbs obtruding themselves most offensively, and his general appearance being indecent and disgusting. \n\n&gt; It was impossible not to be struck forcibly with the different modes of reception and treatment adopted towards us, more particularly as contrasted with our real and apparent conditions. The Jew, who was by far the wealthiest and the most powerful of all present, who lived in the most splendid house in Damascus, and fed from his table more than a hundred poor families every day, who literally managed the great machine of government, and had influence enough, both here and at Constantinople, to procure the removal of the present bey from his post if he desired it, was obliged to kneel in the presence of those who could not have carried on the affairs of government without his aid, while the dervish, contemptible alike for his ignorance and arrogant assumption of superiority, was admitted to the seat of honour, and, with ourselves, who were of a faith as far removed from their own as the Jew's, was served with coffee, sherbet, and perfumes, and treated by the attendants with all the marks of submission and respect.\n\n[Travels Among the Arab Tribes Inhabiting the Countries East of Syria and Palestine, 1816](https://books.google.ca/books?id=SSYAAAAAQAAJ&amp;dq=tribes++palestine&amp;lr=&amp;as_brr=1&amp;client=firefox-a&amp;source=gbs_summary_s&amp;redir_esc=y&amp;hl=en)\n\nAll the way east to Iran:\n&gt;Nowhere in Persia are the Jews so badly persecuted as in Shiraz. The chief Mollah has promulgated the following laws with regards to them:\n\n&gt; 1st. \"They must not wear ordinary clothes like the Mohammedans.\" This law is carried to such an extent that no Jew dare put on a black hat like the Moslems.\n\n&gt; 2nd. \"The Jews must not ride on horse, mule, or donkey to the towns.\" (I did not see one Jew acting contrary to this law.)\n\n&gt; 3rd. \"A pervert to the Mohammedan religion has a right to claim the whole property of his deceased relative.\" At the present time the perverts have not so much power as before, and dare not claim the whole of the property, but they trouble their relatives, and get about 500 kerans from them, and then leave them in peace.\n\n&gt; 4th. \"If a Mohammedan is in debt to a Jew, the Jew must not force him to pay, but the Moslem may pay his debt at his own pleasure; but if a Jew owes to a Mohammedan he must pay him on the first notice.\"\n\n&gt; 5th \"If a Mollah or priest beats a Jew in the street or abuses him, that Jew must not return the abuse, but must pass on quietly.\"\n\n&gt;These laws are in some respects similar to those enacted by the Mollahs of Ispahan for the Jews of that town. (See Jewish Intelligence, November, 1889, page 116.) About six years ago, when Prince Zel-El Sultan was the Chief Governor of the whole of the South of Persia, he ordered the Chief Mollah of Shiraz to be brought to Ispahan, because he used to trouble the Jews. He obeyed the order, and come to Ispahan, where he was kept until June, 1888, when the Prince was deposed. He then returned to Shiraz and commenced his enmity against the Jews.\n\n[\"Jewish Missionary Intelligence,\" July, 1893](https://books.google.ca/books?pg=PA105&amp;dq=mohammedans+jews+abuse&amp;ei=Myd4UY2XGvb94AOwz4HQAg&amp;id=3CkWAAAAYAAJ&amp;redir_esc=y&amp;hl=en#v=onepage&amp;q=mohammedans%20jews%20abuse&amp;f=false)", "edited": 1486069784.0, "author_flair_css_class": null, "collapsed": false, "author_flair_richtext": [], "is_submitter": false, "collapsed_reason": null, "body_html": "&lt;div class=\"md\"&gt;&lt;p&gt;Part 1:&lt;/p&gt;\n\n&lt;p&gt;It&amp;#39;s largely undisputed that Jews were treated &amp;quot;better&amp;quot; in Muslim lands than in Christian lands, but really only in the sense that there were comparatively fewer large mass forced expulsions and mass murder.  Jews were declared &amp;quot;protected&amp;quot; as believers in Allah in exchange for various submissive gestures - jizya being the most well known.  But the declaration of &amp;quot;protected&amp;quot; and actually being &amp;quot;protected&amp;quot; was subject to the reality of historical administrative law enforcement.&lt;/p&gt;\n\n&lt;p&gt;By no means were the Jews of Arab lands ever treated &amp;quot;well&amp;quot;.  While a Jew &lt;em&gt;could&lt;/em&gt; ascend to positions of moderate power and influence, the Jewish communities largely and regularly were subjected to social and systematic discrimination, pogroms, and worse.&lt;/p&gt;\n\n&lt;p&gt;Some of the best sources for how Jews lived in Muslim lands are contemporaneous accounts of travellers and missionaries in the Muslim world.&lt;/p&gt;\n\n&lt;p&gt;In the Maghreb, life was no picnic:&lt;/p&gt;\n\n&lt;blockquote&gt;\n&lt;p&gt;The most notable case of persecution of Jews occurred, in 1863, in Morocco, a country in which as in Mohammedan countries in general they have often been taxed, fined, beaten with &amp;quot;khoorbashes,&amp;quot; bastinadoed with maize canes; in which they have been torn from their shops by agas and emirs to work for nothing, laughed at in the law courts, derided in public, oppressed in private, their complaints disregarded, their rights ignored, and their adopted home made for them a place of misery and shame.&lt;/p&gt;\n\n&lt;p&gt;The account of their sufferings induced that celebrated Jewish philanthropist, Sir Moses Montefiore, to undertake a journey to the sultan of Morocco, to implore justice for his co-religionists.&lt;/p&gt;\n&lt;/blockquote&gt;\n\n&lt;p&gt;It should be noted that his pleadings were taken graciously by the Sultan and he did order that the pogroms desist.&lt;/p&gt;\n\n&lt;p&gt;&lt;a href=\"https://books.google.ca/books?id=oIoEAAAAYAAJ&amp;amp;pg=PA558&amp;amp;dq=arab+persecution+jews+date:1600-1900&amp;amp;lr=&amp;amp;num=50&amp;amp;as_brr=0&amp;amp;ei=Zk-hR4GQFYKktAPRybCeCg&amp;amp;redir_esc=y&amp;amp;hl=en#v=onepage&amp;amp;q&amp;amp;f=false\"&gt;Appletons&amp;#39; Annual Cyclop\u00e6dia and Register of Important Events of the Year, 1863&lt;/a&gt;&lt;/p&gt;\n\n&lt;p&gt;In Alexandria, Egypt, Christian missionaries were travelling and wrote about the life of Jews in 1882:&lt;/p&gt;\n\n&lt;blockquote&gt;\n&lt;p&gt;The Mohammedans have acquired a very bitter feeling toward the Christians and the Jews, and are ever ready to join in any demonstration or insurrection against them, if they have any reason to suppose such a movement agreeable to the rulers of the city. Given a chief of police like the one in office in 1882, and another scene like that of June 11th of that year, with all its barbaric horrors and cruelty, would be enacted, for the elements suitable for such an act are ever ready.&lt;/p&gt;\n&lt;/blockquote&gt;\n\n&lt;p&gt;&lt;a href=\"https://books.google.ca/books?id=mGjOAAAAMAAJ&amp;amp;output=text&amp;amp;source=gbs_navlinks_s&amp;amp;redir_esc=y&amp;amp;hl=en\"&gt;The encyclop\u00e6dia of missions: descriptive, historical, biographical, statistical, Volume 1,&lt;/a&gt;&lt;/p&gt;\n\n&lt;p&gt;In Damascus, a British journalist travelling in Syria described how a Jew could be wealthy, but still had to sit on the floor to eat in Muslim company:&lt;/p&gt;\n\n&lt;blockquote&gt;\n&lt;p&gt;The rich Jew, Mallim Yusef, who conducted us to the presence of the kihyah bey, seated himself with the greatest possible humility on the floor beneath us, at the feet of his superiors who occupied the sofa, first kneeling, and then sitting back while kneeling, on the heels and soles of his feet, with these and his hands completely covered, in an attitude and with an air of the most abject and unqualified humiliation. Mr. Bankes was dressed as a Turkish effendi, or private and unmilitary person : I still continued to wear the less showy garments of the Christian merchant, with which I had replaced my Bedouin garb. The rich Jew was dressed in the most costly garments, including Cashmere shawls, Russian furs, Indian silks, and English broad-cloth : all, however, being of dark colours, since none but the orthodox Mohammedans are allowed to wear either green, red, yellow, azure, or white, in any of their garments, which are therefore, however costly in material, almost restricted to dark browns, blacks, and blues. Among the party was also a Moslem dervish, with a patchwork and party-coloured bonnet of a sugar loaf shape, and his body scarcely half covered with rags and tattered garments ; his naked limbs obtruding themselves most offensively, and his general appearance being indecent and disgusting. &lt;/p&gt;\n\n&lt;p&gt;It was impossible not to be struck forcibly with the different modes of reception and treatment adopted towards us, more particularly as contrasted with our real and apparent conditions. The Jew, who was by far the wealthiest and the most powerful of all present, who lived in the most splendid house in Damascus, and fed from his table more than a hundred poor families every day, who literally managed the great machine of government, and had influence enough, both here and at Constantinople, to procure the removal of the present bey from his post if he desired it, was obliged to kneel in the presence of those who could not have carried on the affairs of government without his aid, while the dervish, contemptible alike for his ignorance and arrogant assumption of superiority, was admitted to the seat of honour, and, with ourselves, who were of a faith as far removed from their own as the Jew&amp;#39;s, was served with coffee, sherbet, and perfumes, and treated by the attendants with all the marks of submission and respect.&lt;/p&gt;\n&lt;/blockquote&gt;\n\n&lt;p&gt;&lt;a href=\"https://books.google.ca/books?id=SSYAAAAAQAAJ&amp;amp;dq=tribes++palestine&amp;amp;lr=&amp;amp;as_brr=1&amp;amp;client=firefox-a&amp;amp;source=gbs_summary_s&amp;amp;redir_esc=y&amp;amp;hl=en\"&gt;Travels Among the Arab Tribes Inhabiting the Countries East of Syria and Palestine, 1816&lt;/a&gt;&lt;/p&gt;\n\n&lt;p&gt;All the way east to Iran:&lt;/p&gt;\n\n&lt;blockquote&gt;\n&lt;p&gt;Nowhere in Persia are the Jews so badly persecuted as in Shiraz. The chief Mollah has promulgated the following laws with regards to them:&lt;/p&gt;\n\n&lt;p&gt;1st. &amp;quot;They must not wear ordinary clothes like the Mohammedans.&amp;quot; This law is carried to such an extent that no Jew dare put on a black hat like the Moslems.&lt;/p&gt;\n\n&lt;p&gt;2nd. &amp;quot;The Jews must not ride on horse, mule, or donkey to the towns.&amp;quot; (I did not see one Jew acting contrary to this law.)&lt;/p&gt;\n\n&lt;p&gt;3rd. &amp;quot;A pervert to the Mohammedan religion has a right to claim the whole property of his deceased relative.&amp;quot; At the present time the perverts have not so much power as before, and dare not claim the whole of the property, but they trouble their relatives, and get about 500 kerans from them, and then leave them in peace.&lt;/p&gt;\n\n&lt;p&gt;4th. &amp;quot;If a Mohammedan is in debt to a Jew, the Jew must not force him to pay, but the Moslem may pay his debt at his own pleasure; but if a Jew owes to a Mohammedan he must pay him on the first notice.&amp;quot;&lt;/p&gt;\n\n&lt;p&gt;5th &amp;quot;If a Mollah or priest beats a Jew in the street or abuses him, that Jew must not return the abuse, but must pass on quietly.&amp;quot;&lt;/p&gt;\n\n&lt;p&gt;These laws are in some respects similar to those enacted by the Mollahs of Ispahan for the Jews of that town. (See Jewish Intelligence, November, 1889, page 116.) About six years ago, when Prince Zel-El Sultan was the Chief Governor of the whole of the South of Persia, he ordered the Chief Mollah of Shiraz to be brought to Ispahan, because he used to trouble the Jews. He obeyed the order, and come to Ispahan, where he was kept until June, 1888, when the Prince was deposed. He then returned to Shiraz and commenced his enmity against the Jews.&lt;/p&gt;\n&lt;/blockquote&gt;\n\n&lt;p&gt;&lt;a href=\"https://books.google.ca/books?pg=PA105&amp;amp;dq=mohammedans+jews+abuse&amp;amp;ei=Myd4UY2XGvb94AOwz4HQAg&amp;amp;id=3CkWAAAAYAAJ&amp;amp;redir_esc=y&amp;amp;hl=en#v=onepage&amp;amp;q=mohammedans%20jews%20abuse&amp;amp;f=false\"&gt;&amp;quot;Jewish Missionary Intelligence,&amp;quot; July, 1893&lt;/a&gt;&lt;/p&gt;\n&lt;/div&gt;", "stickied": false, "subreddit_type": "public", "can_gild": true, "subreddit": "AskHistorians", "author_flair_text_color": null, "score_hidden": false, "permalink": "/r/AskHistorians/comments/5rg61e/how_prevalent_was_antisemitism_in_the_muslim/dd92uuf/", "num_reports": null, "name": "t1_dd92uuf", "created": 1486098222.0, "author_flair_text": null, "rte_mode": "markdown", "created_utc": 1486069422.0, "subreddit_name_prefixed": "r/AskHistorians", "controversiality": 0, "depth": 0, "author_flair_background_color": null, "mod_reports": [], "mod_note": null, "distinguished": null}}, {"kind": "t1", "data": {"subreddit_id": "t5_2ssp3", "approved_at_utc": null, "ups": 3, "mod_reason_by": null, "banned_by": null, "author_flair_type": "text", "removal_reason": null, "link_id": "t3_5rg61e", "author_flair_template_id": null, "likes": null, "no_follow": true, "replies": {"kind": "Listing", "data": {"modhash": "", "dist": null, "children": [{"kind": "t1", "data": {"subreddit_id": "t5_2ssp3", "approved_at_utc": null, "ups": 4, "mod_reason_by": null, "banned_by": null, "removal_reason": null, "link_id": "t3_5rg61e", "author_flair_template_id": null, "likes": null, "no_follow": false, "replies": "", "user_reports": [], "saved": false, "id": "dd8wdgo", "banned_at_utc": null, "mod_reason_title": null, "gilded": 0, "archived": true, "report_reasons": null, "author": "[deleted]", "can_mod_post": false, "send_replies": true, "parent_id": "t1_dd8c0x6", "score": 4, "approved_by": null, "downs": 0, "body": "Of course there are similar stories distorted in the Islamic canon, such as the claim that a Jewish woman poisoned Muhammad. Said stories have been used to justify anti-Semitism in the past. European-style anti-Semitism simply didn't spread to the Ottoman Empire until the 19th century or so, at which point the European anti-Semitic myths we all know and love (sarcasm), such as the claim Jews poison wells, kidnap children for their blood, run the world, and killed Jesus, were warped to meet Arab claims (i.e. Muhammad was poisoned by a Jewish woman therefore Jews do this often, rather than it being something with deeper theological meaning or no meaning at all re: Jews).", "edited": 1486070481.0, "author_flair_css_class": null, "collapsed": false, "is_submitter": false, "collapsed_reason": null, "body_html": "&lt;div class=\"md\"&gt;&lt;p&gt;Of course there are similar stories distorted in the Islamic canon, such as the claim that a Jewish woman poisoned Muhammad. Said stories have been used to justify anti-Semitism in the past. European-style anti-Semitism simply didn&amp;#39;t spread to the Ottoman Empire until the 19th century or so, at which point the European anti-Semitic myths we all know and love (sarcasm), such as the claim Jews poison wells, kidnap children for their blood, run the world, and killed Jesus, were warped to meet Arab claims (i.e. Muhammad was poisoned by a Jewish woman therefore Jews do this often, rather than it being something with deeper theological meaning or no meaning at all re: Jews).&lt;/p&gt;\n&lt;/div&gt;", "stickied": false, "subreddit_type": "public", "can_gild": false, "subreddit": "AskHistorians", "author_flair_text_color": "dark", "score_hidden": false, "permalink": "/r/AskHistorians/comments/5rg61e/how_prevalent_was_antisemitism_in_the_muslim/dd8wdgo/", "num_reports": null, "name": "t1_dd8wdgo", "created": 1486090998.0, "author_flair_text": null, "rte_mode": "markdown", "created_utc": 1486062198.0, "subreddit_name_prefixed": "r/AskHistorians", "controversiality": 0, "depth": 1, "author_flair_background_color": "", "mod_reports": [], "mod_note": null, "distinguished": null}}], "after": null, "before": null}}, "user_reports": [], "saved": false, "id": "dd8c0x6", "banned_at_utc": null, "mod_reason_title": null, "gilded": 0, "archived": true, "report_reasons": null, "author": "parkstreetpatriot", "can_mod_post": false, "send_replies": true, "parent_id": "t3_5rg61e", "score": 3, "approved_by": null, "downs": 0, "body": "The Ottoman empire regarded the Jews as important subjects, not least for their commercial ties throughout the world. For example, after the Jews were expelled from Spain during the Inquisition, the Ottoman Sultan sent a large naval contingent to 'rescue' the Jews and take them to constantinople. \n\nIn my opinion, anti semitism was more prevalent in the Christian world for much of history due to the biblical stories concerning Jesus and the Jews - that is, Jesus was betrayed by the Jews of Jerusalem, whereas there are not any similar stories in the Islamic canon. ", "edited": false, "author_flair_css_class": null, "collapsed": false, "author_flair_richtext": [], "is_submitter": false, "collapsed_reason": null, "body_html": "&lt;div class=\"md\"&gt;&lt;p&gt;The Ottoman empire regarded the Jews as important subjects, not least for their commercial ties throughout the world. For example, after the Jews were expelled from Spain during the Inquisition, the Ottoman Sultan sent a large naval contingent to &amp;#39;rescue&amp;#39; the Jews and take them to constantinople. &lt;/p&gt;\n\n&lt;p&gt;In my opinion, anti semitism was more prevalent in the Christian world for much of history due to the biblical stories concerning Jesus and the Jews - that is, Jesus was betrayed by the Jews of Jerusalem, whereas there are not any similar stories in the Islamic canon. &lt;/p&gt;\n&lt;/div&gt;", "stickied": false, "subreddit_type": "public", "can_gild": true, "subreddit": "AskHistorians", "author_flair_text_color": null, "score_hidden": false, "permalink": "/r/AskHistorians/comments/5rg61e/how_prevalent_was_antisemitism_in_the_muslim/dd8c0x6/", "num_reports": null, "name": "t1_dd8c0x6", "created": 1486063169.0, "author_flair_text": null, "rte_mode": "markdown", "created_utc": 1486034369.0, "subreddit_name_prefixed": "r/AskHistorians", "controversiality": 0, "depth": 0, "author_flair_background_color": null, "mod_reports": [], "mod_note": null, "distinguished": null}}, {"kind": "t1", "data": {"subreddit_id": "t5_2ssp3", "approved_at_utc": null, "ups": 1, "mod_reason_by": null, "banned_by": null, "author_flair_type": "text", "removal_reason": null, "link_id": "t3_5rg61e", "author_flair_template_id": null, "likes": null, "no_follow": true, "replies": "", "user_reports": [], "saved": false, "id": "ddbf7tq", "banned_at_utc": null, "mod_reason_title": null, "gilded": 0, "archived": true, "report_reasons": null, "author": "dragutreis", "can_mod_post": false, "send_replies": true, "parent_id": "t3_5rg61e", "score": 1, "approved_by": null, "downs": 0, "body": "Ottomans really liked jews because they were tax-payers also they abide the laws they used jews as spies (for example cyprus taken with great effort of a jewish spy)In 20th century Ottoman jews became supporters of Turkish nationalism (Emanuel Karasu) after the republic some of them Turkified themselves (For example Munis Tekinalp)", "edited": false, "author_flair_css_class": null, "collapsed": false, "author_flair_richtext": [], "is_submitter": false, "collapsed_reason": null, "body_html": "&lt;div class=\"md\"&gt;&lt;p&gt;Ottomans really liked jews because they were tax-payers also they abide the laws they used jews as spies (for example cyprus taken with great effort of a jewish spy)In 20th century Ottoman jews became supporters of Turkish nationalism (Emanuel Karasu) after the republic some of them Turkified themselves (For example Munis Tekinalp)&lt;/p&gt;\n&lt;/div&gt;", "stickied": false, "subreddit_type": "public", "can_gild": true, "subreddit": "AskHistorians", "author_flair_text_color": null, "score_hidden": false, "permalink": "/r/AskHistorians/comments/5rg61e/how_prevalent_was_antisemitism_in_the_muslim/ddbf7tq/", "num_reports": null, "name": "t1_ddbf7tq", "created": 1486230538.0, "author_flair_text": null, "rte_mode": "markdown", "created_utc": 1486201738.0, "subreddit_name_prefixed": "r/AskHistorians", "controversiality": 0, "depth": 0, "author_flair_background_color": null, "mod_reports": [], "mod_note": null, "distinguished": null}}], "after": null, "before": null}}]