[{"kind": "Listing", "data": {"modhash": "", "dist": 1, "children": [{"kind": "t3", "data": {"approved_at_utc": null, "subreddit": "AskHistorians", "selftext": "I understand the fear of the spread of socialism during post-WWII world history, but why did the US, and other nations, put so much effort, resources, and lives into relatively small countries that showed widespread support for socialism? Did experts and advisers truly believe that the spread to smaller nations would have a negative impact on the global economy, or peace on a meaningful scale? What precedence did they have for this? Did any of these ideologies change in the aftermath of the Vietnam war? \n\nAs a follow up, were the intentions at the government level due to the same fears instilled into the general population regarding communist movements, or were there other motives at play? What was the reaction of other USA aligned countries (government level, not general population) to the choice to abandon the 1956 election? What about their reaction to the aftermath of the Vietnam war? And finally (I'm sorry, I'm broadening, but I obviously don't need every question answered by one single poster) what about the reaction of countries involved in the non-aligned movement (Yugoslavia especially)?", "user_reports": [], "saved": false, "mod_reason_title": null, "gilded": 0, "clicked": false, "title": "It's been suggested the Eisenhower knew that a July 1956 election would have resulted in a Ho Chi Minh victory in Vietnam. What was the rationale for pouring so many resources into proxy wars (and actual conflicts) with potentially \"Communist\" nations that had such small economies?", "link_flair_richtext": [], "subreddit_name_prefixed": "r/AskHistorians", "hidden": false, "pwls": 6, "link_flair_css_class": null, "downs": 0, "parent_whitelist_status": "all_ads", "hide_score": false, "name": "t3_5rg8j1", "quarantine": false, "link_flair_text_color": "dark", "upvote_ratio": 0.93, "author_flair_background_color": null, "subreddit_type": "public", "ups": 70, "domain": "self.AskHistorians", "media_embed": {}, "author_flair_template_id": null, "is_original_content": false, "secure_media": null, "is_reddit_media_domain": false, "category": null, "secure_media_embed": {}, "link_flair_text": null, "can_mod_post": false, "score": 70, "approved_by": null, "thumbnail": "", "edited": 1485969139.0, "author_flair_css_class": null, "author_flair_richtext": [], "content_categories": null, "is_self": true, "mod_note": null, "created": 1485993305.0, "link_flair_type": "text", "wls": 6, "post_categories": null, "banned_by": null, "author_flair_type": "text", "contest_mode": false, "selftext_html": "&lt;!-- SC_OFF --&gt;&lt;div class=\"md\"&gt;&lt;p&gt;I understand the fear of the spread of socialism during post-WWII world history, but why did the US, and other nations, put so much effort, resources, and lives into relatively small countries that showed widespread support for socialism? Did experts and advisers truly believe that the spread to smaller nations would have a negative impact on the global economy, or peace on a meaningful scale? What precedence did they have for this? Did any of these ideologies change in the aftermath of the Vietnam war? &lt;/p&gt;\n\n&lt;p&gt;As a follow up, were the intentions at the government level due to the same fears instilled into the general population regarding communist movements, or were there other motives at play? What was the reaction of other USA aligned countries (government level, not general population) to the choice to abandon the 1956 election? What about their reaction to the aftermath of the Vietnam war? And finally (I&amp;#39;m sorry, I&amp;#39;m broadening, but I obviously don&amp;#39;t need every question answered by one single poster) what about the reaction of countries involved in the non-aligned movement (Yugoslavia especially)?&lt;/p&gt;\n&lt;/div&gt;&lt;!-- SC_ON --&gt;", "likes": null, "suggested_sort": null, "banned_at_utc": null, "view_count": null, "archived": true, "no_follow": false, "is_crosspostable": false, "pinned": false, "over_18": false, "media_only": false, "can_gild": false, "spoiler": false, "locked": false, "author_flair_text": null, "rte_mode": "markdown", "visited": false, "num_reports": null, "distinguished": null, "subreddit_id": "t5_2ssp3", "mod_reason_by": null, "removal_reason": null, "id": "5rg8j1", "report_reasons": null, "author": "MusicianNALawyer", "num_crossposts": 0, "num_comments": 2, "send_replies": true, "mod_reports": [], "author_flair_text_color": null, "permalink": "/r/AskHistorians/comments/5rg8j1/its_been_suggested_the_eisenhower_knew_that_a/", "whitelist_status": "all_ads", "stickied": false, "url": "https://www.reddit.com/r/AskHistorians/comments/5rg8j1/its_been_suggested_the_eisenhower_knew_that_a/", "subreddit_subscribers": 770822, "created_utc": 1485964505.0, "media": null, "is_video": false}}], "after": null, "before": null}}, {"kind": "Listing", "data": {"modhash": "", "dist": null, "children": [{"kind": "t1", "data": {"subreddit_id": "t5_2ssp3", "approved_at_utc": null, "ups": 6, "mod_reason_by": null, "banned_by": null, "author_flair_type": "text", "removal_reason": null, "link_id": "t3_5rg8j1", "author_flair_template_id": null, "likes": null, "no_follow": false, "replies": "", "user_reports": [], "saved": false, "id": "dd863nm", "banned_at_utc": null, "mod_reason_title": null, "gilded": 0, "archived": true, "report_reasons": null, "author": "PantsTime", "can_mod_post": false, "send_replies": true, "parent_id": "t3_5rg8j1", "score": 6, "approved_by": null, "downs": 0, "body": "The company line was that communism was a single, Moscow (sometimes Peking-)-directed entity that would wrest the world from capitalism one nation at a time.  Socialism held a particularly strong appeal in former European colonies as the doctine explained colonisation as natural expression of capitalism. Also, people were poor and often exploited by landlords and rulers, whether colonists or locals.  This meant the world's 'trouble spots' tended to be former colonies.\n\nIn 1945 the US was ambivalent at best about European nations returning to their colonies. Countries like France and Belgium had had their economies destroyed and they were not in a good position to re-establish their colonies and expend sums on security and development, but at the same time they wanted to restore their pride and they often had emigre populations and companies pressuring them to defend European rule.  France re-conquered Vietnam in a bout of nationalistic hubris in 1945-6, then spent the next five years trying to hold back Ho Chi Minh's nationalist/socialist movement with a shoestring army.\n\nIn 1949-50 everything changed. The fall of China to communism (after the US had expended vast amounts over many years to prop up Chiang Kai Shek), the Soviet-backed invasion by North Korea of its southern neighbour and the UN/US response, the Berlin airlift, and the Soviet detonation of nuclear weapons much earlier than expected all led to a certain sense of panic.  There was a late realisation of the darkness of Soviet totalitariaism, and a desire in the West to band together as they had against Hitler.  This was also the era of McCarthyism and anti-communist populism: it was not a time for a career-minded person to espouse the view that Ho Chi Minh was just a nationalist, Vietnam just a backward little country.\n\nThe French were thus able to re-cast their colonial war as a war to defend Western values against godless communism, directed from Moscow.  But the war was already unpopular in France itself, though nobody wanted to be the one to pull out.\n\nBy 1954 the French had stepped up the war in Vietnam and were receiving considerable US help in money and equipment. The final French gambit to win the war at Dien Bien Phu, a battle which took place against the backdrop of a four-power (US, France, USSR, China) conference to end the war, was a disaster as the garrison was surrounded and, after an intense battle, defeated. This gave US authorities some time to consider their response to both saving the French (use of nuclear weapons was seriously considered), then to craft a response to French defeat and withdrawal.  This led to the grooming of Ngo Dinh Diem as a palatable alternative ruler, but his credibility next to Ho Chi Minh, who had humbled the hated French and liberated the nation, was always going to be negligible.\n\nThrough the 50s, as anti-Western and post colonial nations embraced Soviet support and socialism to varying degrees, the notion of the 'Domino Theory' developed in Asia: once one country falls, as Lyndon Johnson famously asked an audience, 'ask yourself what's going to happen to all the other little countries'.  Many of them already had strong socialist movements.\n\nMost European nations were grateful to be out of their colonies in the 1950s. Often, the home governments were very left-wing and saw the nuclear threat and weapons spending- after millions had suffered in the war- as a waste and a terror that had to be dealt with. They were happy to be out of Asia, and did not want the US to get too distracted there as the real issue for them was NATO and building a counterweight to the Soviet Union.  Australia and New Zealand were very happy for the US to be fighting in Vietnam, however.\n\nA really hood source on this is *Embers of War* by Frederik Longevall.", "edited": false, "author_flair_css_class": null, "collapsed": false, "author_flair_richtext": [], "is_submitter": false, "collapsed_reason": null, "body_html": "&lt;div class=\"md\"&gt;&lt;p&gt;The company line was that communism was a single, Moscow (sometimes Peking-)-directed entity that would wrest the world from capitalism one nation at a time.  Socialism held a particularly strong appeal in former European colonies as the doctine explained colonisation as natural expression of capitalism. Also, people were poor and often exploited by landlords and rulers, whether colonists or locals.  This meant the world&amp;#39;s &amp;#39;trouble spots&amp;#39; tended to be former colonies.&lt;/p&gt;\n\n&lt;p&gt;In 1945 the US was ambivalent at best about European nations returning to their colonies. Countries like France and Belgium had had their economies destroyed and they were not in a good position to re-establish their colonies and expend sums on security and development, but at the same time they wanted to restore their pride and they often had emigre populations and companies pressuring them to defend European rule.  France re-conquered Vietnam in a bout of nationalistic hubris in 1945-6, then spent the next five years trying to hold back Ho Chi Minh&amp;#39;s nationalist/socialist movement with a shoestring army.&lt;/p&gt;\n\n&lt;p&gt;In 1949-50 everything changed. The fall of China to communism (after the US had expended vast amounts over many years to prop up Chiang Kai Shek), the Soviet-backed invasion by North Korea of its southern neighbour and the UN/US response, the Berlin airlift, and the Soviet detonation of nuclear weapons much earlier than expected all led to a certain sense of panic.  There was a late realisation of the darkness of Soviet totalitariaism, and a desire in the West to band together as they had against Hitler.  This was also the era of McCarthyism and anti-communist populism: it was not a time for a career-minded person to espouse the view that Ho Chi Minh was just a nationalist, Vietnam just a backward little country.&lt;/p&gt;\n\n&lt;p&gt;The French were thus able to re-cast their colonial war as a war to defend Western values against godless communism, directed from Moscow.  But the war was already unpopular in France itself, though nobody wanted to be the one to pull out.&lt;/p&gt;\n\n&lt;p&gt;By 1954 the French had stepped up the war in Vietnam and were receiving considerable US help in money and equipment. The final French gambit to win the war at Dien Bien Phu, a battle which took place against the backdrop of a four-power (US, France, USSR, China) conference to end the war, was a disaster as the garrison was surrounded and, after an intense battle, defeated. This gave US authorities some time to consider their response to both saving the French (use of nuclear weapons was seriously considered), then to craft a response to French defeat and withdrawal.  This led to the grooming of Ngo Dinh Diem as a palatable alternative ruler, but his credibility next to Ho Chi Minh, who had humbled the hated French and liberated the nation, was always going to be negligible.&lt;/p&gt;\n\n&lt;p&gt;Through the 50s, as anti-Western and post colonial nations embraced Soviet support and socialism to varying degrees, the notion of the &amp;#39;Domino Theory&amp;#39; developed in Asia: once one country falls, as Lyndon Johnson famously asked an audience, &amp;#39;ask yourself what&amp;#39;s going to happen to all the other little countries&amp;#39;.  Many of them already had strong socialist movements.&lt;/p&gt;\n\n&lt;p&gt;Most European nations were grateful to be out of their colonies in the 1950s. Often, the home governments were very left-wing and saw the nuclear threat and weapons spending- after millions had suffered in the war- as a waste and a terror that had to be dealt with. They were happy to be out of Asia, and did not want the US to get too distracted there as the real issue for them was NATO and building a counterweight to the Soviet Union.  Australia and New Zealand were very happy for the US to be fighting in Vietnam, however.&lt;/p&gt;\n\n&lt;p&gt;A really hood source on this is &lt;em&gt;Embers of War&lt;/em&gt; by Frederik Longevall.&lt;/p&gt;\n&lt;/div&gt;", "stickied": false, "subreddit_type": "public", "can_gild": true, "subreddit": "AskHistorians", "author_flair_text_color": null, "score_hidden": false, "permalink": "/r/AskHistorians/comments/5rg8j1/its_been_suggested_the_eisenhower_knew_that_a/dd863nm/", "num_reports": null, "name": "t1_dd863nm", "created": 1486047130.0, "author_flair_text": null, "rte_mode": "markdown", "created_utc": 1486018330.0, "subreddit_name_prefixed": "r/AskHistorians", "controversiality": 0, "depth": 0, "author_flair_background_color": null, "mod_reports": [], "mod_note": null, "distinguished": null}}], "after": null, "before": null}}]