[{"kind": "Listing", "data": {"modhash": "", "dist": 1, "children": [{"kind": "t3", "data": {"approved_at_utc": null, "subreddit": "AskHistorians", "selftext": "I recall learning in history at high school that Mao Zedong was committed to feminism (\"women hold up half the sky\"), but not so much about Russia. How feminist were the Russian Communists? I know women could get educations and were encouraged to work and some fought in WWII. Were there any major women politicians like Margaret Thatcher or Indira Gandhi? (Obviously not actual heads of state, they were all male, but, you know, major power players). Or campaigns against sexual harrasment or rape or domestic violence? ", "user_reports": [], "saved": false, "mod_reason_title": null, "gilded": 0, "clicked": false, "title": "Feminism in Communist Russia and the Soviet Union", "link_flair_richtext": [{"e": "text", "t": "Feminism"}], "subreddit_name_prefixed": "r/AskHistorians", "hidden": false, "pwls": 6, "link_flair_css_class": "theme", "downs": 0, "parent_whitelist_status": "all_ads", "hide_score": false, "name": "t3_5ri96v", "quarantine": false, "link_flair_text_color": "dark", "upvote_ratio": 0.81, "author_flair_background_color": null, "subreddit_type": "public", "ups": 3, "domain": "self.AskHistorians", "media_embed": {}, "author_flair_template_id": null, "is_original_content": false, "secure_media": null, "is_reddit_media_domain": false, "category": null, "secure_media_embed": {}, "link_flair_text": "Feminism", "can_mod_post": false, "score": 3, "approved_by": null, "thumbnail": "", "edited": false, "author_flair_css_class": null, "author_flair_richtext": [], "content_categories": null, "is_self": true, "mod_note": null, "created": 1486012277.0, "link_flair_type": "richtext", "wls": 6, "post_categories": null, "banned_by": null, "author_flair_type": "text", "contest_mode": false, "selftext_html": "&lt;!-- SC_OFF --&gt;&lt;div class=\"md\"&gt;&lt;p&gt;I recall learning in history at high school that Mao Zedong was committed to feminism (&amp;quot;women hold up half the sky&amp;quot;), but not so much about Russia. How feminist were the Russian Communists? I know women could get educations and were encouraged to work and some fought in WWII. Were there any major women politicians like Margaret Thatcher or Indira Gandhi? (Obviously not actual heads of state, they were all male, but, you know, major power players). Or campaigns against sexual harrasment or rape or domestic violence? &lt;/p&gt;\n&lt;/div&gt;&lt;!-- SC_ON --&gt;", "likes": null, "suggested_sort": null, "banned_at_utc": null, "view_count": null, "archived": true, "no_follow": false, "is_crosspostable": false, "pinned": false, "over_18": false, "media_only": false, "can_gild": false, "spoiler": false, "locked": false, "author_flair_text": null, "rte_mode": "markdown", "visited": false, "num_reports": null, "distinguished": null, "subreddit_id": "t5_2ssp3", "mod_reason_by": null, "removal_reason": null, "id": "5ri96v", "report_reasons": null, "author": "ReaperReader", "num_crossposts": 0, "num_comments": 0, "send_replies": true, "mod_reports": [], "author_flair_text_color": null, "permalink": "/r/AskHistorians/comments/5ri96v/feminism_in_communist_russia_and_the_soviet_union/", "whitelist_status": "all_ads", "stickied": false, "url": "https://www.reddit.com/r/AskHistorians/comments/5ri96v/feminism_in_communist_russia_and_the_soviet_union/", "subreddit_subscribers": 770822, "created_utc": 1485983477.0, "media": null, "is_video": false}}], "after": null, "before": null}}, {"kind": "Listing", "data": {"modhash": "", "dist": null, "children": [], "after": null, "before": null}}]