[{"kind": "Listing", "data": {"modhash": "", "dist": 1, "children": [{"kind": "t3", "data": {"approved_at_utc": null, "subreddit": "AskHistorians", "selftext": "So, I've been watching \"The Young Pope,\" and the costuming is pretty amazing. It got me wondering: what's the history behind all the elaborate outfits that the Catholic ecclesiastics wear? How far back does the \"look\" go? Does the modern-day Pope dress like the Popes used to dress back in the Middle Ages? Or did the Catholic Church \"redesign\" what their cardinals and archbishops and the Pope wears at some point?", "user_reports": [], "saved": false, "mod_reason_title": null, "gilded": 0, "clicked": false, "title": "History of Catholic ecclesiastical attire?", "link_flair_richtext": [], "subreddit_name_prefixed": "r/AskHistorians", "hidden": false, "pwls": 6, "link_flair_css_class": null, "downs": 0, "parent_whitelist_status": "all_ads", "hide_score": false, "name": "t3_5riepf", "quarantine": false, "link_flair_text_color": "dark", "upvote_ratio": 0.73, "author_flair_background_color": null, "subreddit_type": "public", "ups": 6, "domain": "self.AskHistorians", "media_embed": {}, "author_flair_template_id": null, "is_original_content": false, "secure_media": null, "is_reddit_media_domain": false, "category": null, "secure_media_embed": {}, "link_flair_text": null, "can_mod_post": false, "score": 6, "approved_by": null, "thumbnail": "", "edited": false, "author_flair_css_class": null, "author_flair_richtext": [], "content_categories": null, "is_self": true, "mod_note": null, "created": 1486013706.0, "link_flair_type": "text", "wls": 6, "post_categories": null, "banned_by": null, "author_flair_type": "text", "contest_mode": false, "selftext_html": "&lt;!-- SC_OFF --&gt;&lt;div class=\"md\"&gt;&lt;p&gt;So, I&amp;#39;ve been watching &amp;quot;The Young Pope,&amp;quot; and the costuming is pretty amazing. It got me wondering: what&amp;#39;s the history behind all the elaborate outfits that the Catholic ecclesiastics wear? How far back does the &amp;quot;look&amp;quot; go? Does the modern-day Pope dress like the Popes used to dress back in the Middle Ages? Or did the Catholic Church &amp;quot;redesign&amp;quot; what their cardinals and archbishops and the Pope wears at some point?&lt;/p&gt;\n&lt;/div&gt;&lt;!-- SC_ON --&gt;", "likes": null, "suggested_sort": null, "banned_at_utc": null, "view_count": null, "archived": true, "no_follow": false, "is_crosspostable": false, "pinned": false, "over_18": false, "media_only": false, "can_gild": false, "spoiler": false, "locked": false, "author_flair_text": null, "rte_mode": "markdown", "visited": false, "num_reports": null, "distinguished": null, "subreddit_id": "t5_2ssp3", "mod_reason_by": null, "removal_reason": null, "id": "5riepf", "report_reasons": null, "author": "that_cad", "num_crossposts": 0, "num_comments": 0, "send_replies": true, "mod_reports": [], "author_flair_text_color": null, "permalink": "/r/AskHistorians/comments/5riepf/history_of_catholic_ecclesiastical_attire/", "whitelist_status": "all_ads", "stickied": false, "url": "https://www.reddit.com/r/AskHistorians/comments/5riepf/history_of_catholic_ecclesiastical_attire/", "subreddit_subscribers": 770823, "created_utc": 1485984906.0, "media": null, "is_video": false}}], "after": null, "before": null}}, {"kind": "Listing", "data": {"modhash": "", "dist": null, "children": [], "after": null, "before": null}}]