[{"kind": "Listing", "data": {"modhash": "", "dist": 1, "children": [{"kind": "t3", "data": {"approved_at_utc": null, "subreddit": "AskHistorians", "selftext": "[deleted]", "user_reports": [], "saved": false, "mod_reason_title": null, "gilded": 0, "clicked": false, "title": "Were there any liberals as we know them today in Nazi Germany?", "link_flair_richtext": [], "subreddit_name_prefixed": "r/AskHistorians", "hidden": false, "pwls": 6, "link_flair_css_class": null, "downs": 0, "parent_whitelist_status": "all_ads", "hide_score": false, "name": "t3_6f4k6x", "quarantine": false, "link_flair_text_color": "dark", "upvote_ratio": 0.67, "author_flair_background_color": "", "subreddit_type": "public", "ups": 8, "domain": "self.AskHistorians", "media_embed": {}, "author_flair_template_id": null, "is_original_content": false, "secure_media": null, "is_reddit_media_domain": false, "category": null, "secure_media_embed": {}, "link_flair_text": null, "can_mod_post": false, "score": 8, "approved_by": null, "thumbnail": "", "edited": false, "author_flair_css_class": null, "content_categories": null, "is_self": true, "mod_note": null, "created": 1496565183.0, "link_flair_type": "text", "wls": 6, "post_categories": null, "banned_by": null, "contest_mode": false, "selftext_html": "&lt;!-- SC_OFF --&gt;&lt;div class=\"md\"&gt;&lt;p&gt;[deleted]&lt;/p&gt;\n&lt;/div&gt;&lt;!-- SC_ON --&gt;", "likes": null, "suggested_sort": null, "banned_at_utc": null, "view_count": null, "archived": true, "no_follow": true, "is_crosspostable": false, "pinned": false, "over_18": false, "media": null, "media_only": false, "can_gild": false, "spoiler": false, "locked": false, "author_flair_text": null, "rte_mode": "markdown", "visited": false, "num_reports": null, "distinguished": null, "subreddit_id": "t5_2ssp3", "mod_reason_by": null, "removal_reason": null, "id": "6f4k6x", "report_reasons": null, "author": "[deleted]", "num_crossposts": 0, "num_comments": 2, "send_replies": true, "author_flair_text_color": "dark", "permalink": "/r/AskHistorians/comments/6f4k6x/were_there_any_liberals_as_we_know_them_today_in/", "whitelist_status": "all_ads", "stickied": false, "url": "https://www.reddit.com/r/AskHistorians/comments/6f4k6x/were_there_any_liberals_as_we_know_them_today_in/", "subreddit_subscribers": 771069, "created_utc": 1496536383.0, "mod_reports": [], "is_video": false}}], "after": null, "before": null}}, {"kind": "Listing", "data": {"modhash": "", "dist": null, "children": [{"kind": "t1", "data": {"body": "There are two aspects of this question that make it a tricky one to answer. Firstly, American politics has made the definition of liberal so incoherent that the term has actually lost much of its political definition. Generally speaking in US conservative news outlets like Fox News or social media, \"liberal\" is an epithet that can describe figures ranging from Al Gore to Noam Chomsky, ignoring the vast differences in ideology and positions of these people. This has divorced liberalism from its mid-twentieth-century historical meaning in the US which tended to equate it with left-of-center politics. Historians for example use the term \"Cold War Liberalism\" to describe the politics of Arthur Schlesinger, Jr. or JFK who tended to have a domestic policy of moderate government spending, progressive taxation, and pro-labor initiatives while maintaining a staunch anticommunist line internationally and giving a degree of tacit sanction to attempts to ferret out suspected communists while supporting a  massive military build-up to meet the communist threat. But the term Liberal became much more plastic as time went on, especially in the political and cultural wars of the late 1960s and early 70s when it increasingly became a slur devoid of much actual meaning. \n\nThe other problem with the question is that liberal has specific political connotations in continental Europe. Unlike the US there were actual political parties that called themselves liberal and liberalism had a very long political heritage that stretched into the nineteenth century. Historians call Napoleon's government during the Hundred Days the Liberal Empire because he championed a constitution that in theory bound his power and courted noted former Revolutionaries like Benjamin Constant. Liberalism in the post-1815 period was generally an oppositional movement that pushed for either implementing a constitution or expanding existing ones.\n\nWithin the German states, liberals tended to cluster around various social milieus associated with opposition to monarchic authority and drew their ranks from the professionals in the glowing middle strata of society. German liberals tended to be partisans for national unification under a constitutional monarch and the *Paulskirche* parliament of the 1848 Revolution proposed such a thing to the Hohenzollern monarch, only to be refused. Even though defeated in 1848, German liberals remained a potent force within German politics through unification, when Bismarck co-opted elements of their platforms. German liberals in the empire tended to be a centrist political movement with some left liberals attacking the authoritarian Bismarckian system while right liberals supported German nationalism and overseas expansion. But unification proved to be something of a mixed blessing for German liberals as they were no longer the politics of the opposition. Both organized Catholicism in the form of the Centre Party and socialism in the SPD soon became the main opponents of the imperial state. Moreover, German liberalism found itself stretched in many different directions; not only did liberalism splinter in an age of mass politics, it also found its power in national politics slip considerably. \n\nGerman liberalism was very much a declining political force by 1914. The war accelerated these trends as mass politics became more, for lack of a better word, mass, and the liberalism' political platform of constitutionalism, rule of law, and centrist politics seemed to be that of a more bygone prewar era. Although splintering continued apace in Weimar, German liberalism had two main political parties: the DDP which was more left-leaning and the DVP which was center-right.   These parties tended to act as coalition partners as they could never reliably break over 10% of the vote for the Reichstag. \n\nThis wider trend of weakening political power defined much of German liberals' responses to the rise of Hitler, which ranged from disgust and rejection of the NSDAP to the cooption.  Liberals within the more left-wing orientated DDP tended to place themselves in opposition to Hitler between 1929-33, but it is important to realize that German liberals were often not opposing Hitler *per se*, but rather a wider turn in German politics towards extremism both on the left and far-right. Yet German liberals were not above the wider radicalization process that transformed Weimar politics in the 1930s. Many of the DDP and DVP intellectuals embraced various *v\u00f6lkisch* ideas developed during the war, and often saw the rise of communism as a greater threat to Germany than Hitler's NSDAP. This ideological overlap with some of the tenets of National Socialism made it much more difficult for liberals to form political coalitions with either the SPD or Centre parties in opposition to Hitler and the various conservative political parties seeking to end the Republic. \n\nThe result was that the picture of liberals in Germany was either of a doomed rearguard against the rise of Hitler or a cowardly surrender to the Nazis. But liberals' responses to various Nazi political initiatives was often quite complex, and elides simple notions of last stands or surrender.  The position of various liberals in the passage of Enabling Act in 1933 was emblematic of this multifacted response to the rise of the dictatorship. With one lone exception, all of the DStP (a successor of sorts to the DDP) delegates in the Reichstag voted for the Enabling Act, a seemingly about-face to liberal democratic principles. But the rationale for supporting the Enabling Act varied among the deputies. Some of the support was due to a deepening cynicism about the Republic and its institutions, and some liberals like Ernst Lemmer joined the NSDAP outright. Other liberals, especially those influenced by Friedrich Naumann's thinking, disliked the crudeness of the NSDAP's politics and leaders, but saw some virtue in its economic and social policies. Hjalmar Schacht was the most prominent liberal in this category, seeing in dictatorial powers the key to restructuring the economy. Still other liberals saw the Enabling Act as the least-worst alternative between an *Unrechtsstaat* (lawless state) and a restricted *Rechtsstaat* (state defined by laws). By sanctioning the Act, the state was still acknowledging the importance of German law and jurisprudence instead of proceeding without the sanction of law. Finally, other liberals saw their affirmative vote as a tactical move that preserved their continued opposition to Hitler. A number of liberal recognized that the Act had enough support to pass, but also that Hitler was not above using extralegal means if thwarted. Therefore, it was important not to give Hitler a pretext to further clamp down on liberal politicians and intellectual circles. As the liberal leader Hermann Dietrich explained in a letter to a colleague angered by the vote:\n\n&gt;after it was certain that all the bourgeois parties would vote for the Enabling Act, it became difficult for our representatives to do otherwise if they did not want to stand in opposition with the SPD. That would have had the same consequence that we would have been placed in the same camp as the Marxists, and it would have made it easier for government to take measures against us. It was also necessary, moreover, to take into consideration democratic officials, who have a difficult enough struggle already. Here again we had to support measures we privately opposed. This can no longer be avoided under the present circumstances. \n\nIn hindsight, this type of accommodation politics proved to be quite disastrous and only entrenched the dictatorship. Schacht, for example, was sidelined in the Economics ministry after his  opposition to rearmament found little support in the Chancellery and far from reining in the NSDAP's reliance upon extralegal methods, the Enabling Act only encouraged these methods.\n\n", "subreddit_id": "t5_2ssp3", "approved_at_utc": null, "ups": 6, "mod_reason_by": null, "banned_by": null, "author_flair_type": "richtext", "removal_reason": null, "link_id": "t3_6f4k6x", "author_flair_template_id": null, "likes": null, "no_follow": true, "replies": {"kind": "Listing", "data": {"modhash": "", "dist": null, "children": [{"kind": "t1", "data": {"body": "**Part II**\n\nYet, for many German liberals, accommodation worked as a political stratagem after a fashion. Outside of more stalwart political opponents like Thomas Mann, the Third Reich was willing to let liberal circles alone if they kept their opposition relatively quiet and within their own social circles. Dietrich, for example, retired to the legal profession, kept his Jewish secretary and refused to participate in the NSDAP legal associations. Liberal publications, like Theodor Heuss's *Die Hilfe* had relatively little state interference and censorship so long as they did not broach political topics openly. The relatively light hand of the Nazi state on German liberalism encouraged what later was termed \"inner emigration\" in which Germans retreated away from politics into their own professional milieus and social circles. But simultaneous to this, much of daily life continued as before and many institutions like the schools remained intact. This paradoxical discrepancy (everything is normal, but fundamentally changed) was quite vexing to a number of people at the time. Victor Klemperer's diary entries often noted the unreality of Hitler's dictatorship and how many of his neighbors just seemed to go about their business. Even when Klemperer noted that these individuals were opposed to Hitler's dictatorship, they tended to retreat into their own circles.  Sebastian Haffner would later recall this parallel experience in his memoir and is worth quoting at length:\n\n&gt;Yes, I roared and raged during that March of 1933. Yes, I frightened my parents with wild proposals: I would leave the law courts; I would emigrate and demonstratively convert to Judaism. But it went no further than the expression of these intentions. Though it was not really relevant to current events, my father\u2019s immense experience of the period from 1870 to 1933 was deployed to calm me down and sober me up. He treated my heated emotions with gentle irony. I must admit that calm skepticism has always had a stronger influence on me than emotionally proclaimed conviction. It took me quite a while to realize that my youthful excitability was right and my father\u2019s wealth of experience was wrong; that there are things that cannot be dealt with by calm skepticism. I lacked the self-confidence to draw active conclusions from my feelings.\n\n&gt;Perhaps, after all, I was exaggerating events. Perhaps it was best to hold steady and let things pass over me. The only place where I felt confident and sure of myself was at the courts, where I was protected by the paragraphs of the Civil Code and legal procedure. Though for the moment the activities of the courts seemed to lack meaning, nothing had changed there.Maybe they would turn out to be durable and strong.\n\n&gt;In this way, unsure of myself, temporizing, I performed my routine daily duties. At home I gave way to fruitless and ridiculous outbursts at the dinner table. Excluded from events and passive like millions of others, I let events come at me.\n\n&gt;And they did.\n\nAs a young law student with an Aryan heritage, Haffner was not directly threatened by the state and the study of the law promised a world away from politics. Moreover, his elders assured him that nothing had really changed and the pattern of daily life, and even the routinization of his outrage, insulated him from his own unease with the Germany's direction. \n\nBoth contemporaries and subsequent generations have critiqued inner emigration as a cowardly disengagement (and with a great deal of justification), but from the view of those within these liberal circles, such disengagement was a form of resistance to a state that aspired to a totalitarian control of society. By keeping these aspects of German life, whether intellectual, legal, or in the churches, relatively free from NSDAP influence, they were preparing the ground for a post-Hitler Germany that would keep these traditional spheres alive within the German body politic.\n\nThe success with which figures like Heuss were able to reestablish German liberalism within the FRG does show the benefits of this inwards turn. But Dietrich's strategy of feeding the wolf at the door by passing the Enabling Act was not very effective, and the restoration of the rule of law in Germany did not come from other Germans, but from the foreign invasion in 1945. German liberalism had its own unique political trajectory and operated in a very different political world than liberals in 2017, even using the expansive Fox definition. German liberalism had various ideological and cultural precepts that made some liberals conducive to the National Socialist turn, but many liberals were just as dismayed by the Third Reich's illiberal *Unrechtsstaat*. An analysis of the collapse of Weimar democracy shows some parallels to contemporary politics, but differences are often more striking than the congruences. \n\n*Sources*\n\nKurlander, Eric. *Living with Hitler: Liberal Democrats in the Third Reich*. New Haven, Conn: Yale University Press, 2009. \n\nLangewiesche, Dieter. *Liberalism in Germany*. Princeton, N.J.: Princeton University Press, 1999. \n\nPeukert, Detlev. *The Weimar Republic: the crisis of classical modernity*. New York: Hill and Wang, 1992. ", "subreddit_id": "t5_2ssp3", "approved_at_utc": null, "ups": 8, "mod_reason_by": null, "banned_by": null, "author_flair_type": "richtext", "removal_reason": null, "link_id": "t3_6f4k6x", "author_flair_template_id": null, "likes": null, "no_follow": true, "replies": "", "user_reports": [], "saved": false, "id": "dig0nc4", "banned_at_utc": null, "mod_reason_title": null, "gilded": 0, "archived": true, "report_reasons": null, "author": "kieslowskifan", "can_mod_post": false, "send_replies": true, "parent_id": "t1_dig0n2u", "score": 8, "approved_by": null, "downs": 0, "author_cakeday": true, "edited": 1496601249.0, "author_flair_css_class": "qualitycontributor", "collapsed": false, "author_flair_richtext": [{"e": "text", "t": "Top Quality Contributor"}], "is_submitter": false, "collapsed_reason": null, "body_html": "&lt;div class=\"md\"&gt;&lt;p&gt;&lt;strong&gt;Part II&lt;/strong&gt;&lt;/p&gt;\n\n&lt;p&gt;Yet, for many German liberals, accommodation worked as a political stratagem after a fashion. Outside of more stalwart political opponents like Thomas Mann, the Third Reich was willing to let liberal circles alone if they kept their opposition relatively quiet and within their own social circles. Dietrich, for example, retired to the legal profession, kept his Jewish secretary and refused to participate in the NSDAP legal associations. Liberal publications, like Theodor Heuss&amp;#39;s &lt;em&gt;Die Hilfe&lt;/em&gt; had relatively little state interference and censorship so long as they did not broach political topics openly. The relatively light hand of the Nazi state on German liberalism encouraged what later was termed &amp;quot;inner emigration&amp;quot; in which Germans retreated away from politics into their own professional milieus and social circles. But simultaneous to this, much of daily life continued as before and many institutions like the schools remained intact. This paradoxical discrepancy (everything is normal, but fundamentally changed) was quite vexing to a number of people at the time. Victor Klemperer&amp;#39;s diary entries often noted the unreality of Hitler&amp;#39;s dictatorship and how many of his neighbors just seemed to go about their business. Even when Klemperer noted that these individuals were opposed to Hitler&amp;#39;s dictatorship, they tended to retreat into their own circles.  Sebastian Haffner would later recall this parallel experience in his memoir and is worth quoting at length:&lt;/p&gt;\n\n&lt;blockquote&gt;\n&lt;p&gt;Yes, I roared and raged during that March of 1933. Yes, I frightened my parents with wild proposals: I would leave the law courts; I would emigrate and demonstratively convert to Judaism. But it went no further than the expression of these intentions. Though it was not really relevant to current events, my father\u2019s immense experience of the period from 1870 to 1933 was deployed to calm me down and sober me up. He treated my heated emotions with gentle irony. I must admit that calm skepticism has always had a stronger influence on me than emotionally proclaimed conviction. It took me quite a while to realize that my youthful excitability was right and my father\u2019s wealth of experience was wrong; that there are things that cannot be dealt with by calm skepticism. I lacked the self-confidence to draw active conclusions from my feelings.&lt;/p&gt;\n\n&lt;p&gt;Perhaps, after all, I was exaggerating events. Perhaps it was best to hold steady and let things pass over me. The only place where I felt confident and sure of myself was at the courts, where I was protected by the paragraphs of the Civil Code and legal procedure. Though for the moment the activities of the courts seemed to lack meaning, nothing had changed there.Maybe they would turn out to be durable and strong.&lt;/p&gt;\n\n&lt;p&gt;In this way, unsure of myself, temporizing, I performed my routine daily duties. At home I gave way to fruitless and ridiculous outbursts at the dinner table. Excluded from events and passive like millions of others, I let events come at me.&lt;/p&gt;\n\n&lt;p&gt;And they did.&lt;/p&gt;\n&lt;/blockquote&gt;\n\n&lt;p&gt;As a young law student with an Aryan heritage, Haffner was not directly threatened by the state and the study of the law promised a world away from politics. Moreover, his elders assured him that nothing had really changed and the pattern of daily life, and even the routinization of his outrage, insulated him from his own unease with the Germany&amp;#39;s direction. &lt;/p&gt;\n\n&lt;p&gt;Both contemporaries and subsequent generations have critiqued inner emigration as a cowardly disengagement (and with a great deal of justification), but from the view of those within these liberal circles, such disengagement was a form of resistance to a state that aspired to a totalitarian control of society. By keeping these aspects of German life, whether intellectual, legal, or in the churches, relatively free from NSDAP influence, they were preparing the ground for a post-Hitler Germany that would keep these traditional spheres alive within the German body politic.&lt;/p&gt;\n\n&lt;p&gt;The success with which figures like Heuss were able to reestablish German liberalism within the FRG does show the benefits of this inwards turn. But Dietrich&amp;#39;s strategy of feeding the wolf at the door by passing the Enabling Act was not very effective, and the restoration of the rule of law in Germany did not come from other Germans, but from the foreign invasion in 1945. German liberalism had its own unique political trajectory and operated in a very different political world than liberals in 2017, even using the expansive Fox definition. German liberalism had various ideological and cultural precepts that made some liberals conducive to the National Socialist turn, but many liberals were just as dismayed by the Third Reich&amp;#39;s illiberal &lt;em&gt;Unrechtsstaat&lt;/em&gt;. An analysis of the collapse of Weimar democracy shows some parallels to contemporary politics, but differences are often more striking than the congruences. &lt;/p&gt;\n\n&lt;p&gt;&lt;em&gt;Sources&lt;/em&gt;&lt;/p&gt;\n\n&lt;p&gt;Kurlander, Eric. &lt;em&gt;Living with Hitler: Liberal Democrats in the Third Reich&lt;/em&gt;. New Haven, Conn: Yale University Press, 2009. &lt;/p&gt;\n\n&lt;p&gt;Langewiesche, Dieter. &lt;em&gt;Liberalism in Germany&lt;/em&gt;. Princeton, N.J.: Princeton University Press, 1999. &lt;/p&gt;\n\n&lt;p&gt;Peukert, Detlev. &lt;em&gt;The Weimar Republic: the crisis of classical modernity&lt;/em&gt;. New York: Hill and Wang, 1992. &lt;/p&gt;\n&lt;/div&gt;", "stickied": false, "subreddit_type": "public", "can_gild": true, "subreddit": "AskHistorians", "author_flair_text_color": null, "score_hidden": false, "permalink": "/r/AskHistorians/comments/6f4k6x/were_there_any_liberals_as_we_know_them_today_in/dig0nc4/", "num_reports": null, "name": "t1_dig0nc4", "created": 1496615642.0, "author_flair_text": "Top Quality Contributor", "rte_mode": "markdown", "created_utc": 1496586842.0, "subreddit_name_prefixed": "r/AskHistorians", "controversiality": 0, "depth": 1, "author_flair_background_color": null, "mod_reports": [], "mod_note": null, "distinguished": null}}], "after": null, "before": null}}, "user_reports": [], "saved": false, "id": "dig0n2u", "banned_at_utc": null, "mod_reason_title": null, "gilded": 0, "archived": true, "report_reasons": null, "author": "kieslowskifan", "can_mod_post": false, "send_replies": true, "parent_id": "t3_6f4k6x", "score": 6, "approved_by": null, "downs": 0, "author_cakeday": true, "edited": false, "author_flair_css_class": "qualitycontributor", "collapsed": false, "author_flair_richtext": [{"e": "text", "t": "Top Quality Contributor"}], "is_submitter": false, "collapsed_reason": null, "body_html": "&lt;div class=\"md\"&gt;&lt;p&gt;There are two aspects of this question that make it a tricky one to answer. Firstly, American politics has made the definition of liberal so incoherent that the term has actually lost much of its political definition. Generally speaking in US conservative news outlets like Fox News or social media, &amp;quot;liberal&amp;quot; is an epithet that can describe figures ranging from Al Gore to Noam Chomsky, ignoring the vast differences in ideology and positions of these people. This has divorced liberalism from its mid-twentieth-century historical meaning in the US which tended to equate it with left-of-center politics. Historians for example use the term &amp;quot;Cold War Liberalism&amp;quot; to describe the politics of Arthur Schlesinger, Jr. or JFK who tended to have a domestic policy of moderate government spending, progressive taxation, and pro-labor initiatives while maintaining a staunch anticommunist line internationally and giving a degree of tacit sanction to attempts to ferret out suspected communists while supporting a  massive military build-up to meet the communist threat. But the term Liberal became much more plastic as time went on, especially in the political and cultural wars of the late 1960s and early 70s when it increasingly became a slur devoid of much actual meaning. &lt;/p&gt;\n\n&lt;p&gt;The other problem with the question is that liberal has specific political connotations in continental Europe. Unlike the US there were actual political parties that called themselves liberal and liberalism had a very long political heritage that stretched into the nineteenth century. Historians call Napoleon&amp;#39;s government during the Hundred Days the Liberal Empire because he championed a constitution that in theory bound his power and courted noted former Revolutionaries like Benjamin Constant. Liberalism in the post-1815 period was generally an oppositional movement that pushed for either implementing a constitution or expanding existing ones.&lt;/p&gt;\n\n&lt;p&gt;Within the German states, liberals tended to cluster around various social milieus associated with opposition to monarchic authority and drew their ranks from the professionals in the glowing middle strata of society. German liberals tended to be partisans for national unification under a constitutional monarch and the &lt;em&gt;Paulskirche&lt;/em&gt; parliament of the 1848 Revolution proposed such a thing to the Hohenzollern monarch, only to be refused. Even though defeated in 1848, German liberals remained a potent force within German politics through unification, when Bismarck co-opted elements of their platforms. German liberals in the empire tended to be a centrist political movement with some left liberals attacking the authoritarian Bismarckian system while right liberals supported German nationalism and overseas expansion. But unification proved to be something of a mixed blessing for German liberals as they were no longer the politics of the opposition. Both organized Catholicism in the form of the Centre Party and socialism in the SPD soon became the main opponents of the imperial state. Moreover, German liberalism found itself stretched in many different directions; not only did liberalism splinter in an age of mass politics, it also found its power in national politics slip considerably. &lt;/p&gt;\n\n&lt;p&gt;German liberalism was very much a declining political force by 1914. The war accelerated these trends as mass politics became more, for lack of a better word, mass, and the liberalism&amp;#39; political platform of constitutionalism, rule of law, and centrist politics seemed to be that of a more bygone prewar era. Although splintering continued apace in Weimar, German liberalism had two main political parties: the DDP which was more left-leaning and the DVP which was center-right.   These parties tended to act as coalition partners as they could never reliably break over 10% of the vote for the Reichstag. &lt;/p&gt;\n\n&lt;p&gt;This wider trend of weakening political power defined much of German liberals&amp;#39; responses to the rise of Hitler, which ranged from disgust and rejection of the NSDAP to the cooption.  Liberals within the more left-wing orientated DDP tended to place themselves in opposition to Hitler between 1929-33, but it is important to realize that German liberals were often not opposing Hitler &lt;em&gt;per se&lt;/em&gt;, but rather a wider turn in German politics towards extremism both on the left and far-right. Yet German liberals were not above the wider radicalization process that transformed Weimar politics in the 1930s. Many of the DDP and DVP intellectuals embraced various &lt;em&gt;v\u00f6lkisch&lt;/em&gt; ideas developed during the war, and often saw the rise of communism as a greater threat to Germany than Hitler&amp;#39;s NSDAP. This ideological overlap with some of the tenets of National Socialism made it much more difficult for liberals to form political coalitions with either the SPD or Centre parties in opposition to Hitler and the various conservative political parties seeking to end the Republic. &lt;/p&gt;\n\n&lt;p&gt;The result was that the picture of liberals in Germany was either of a doomed rearguard against the rise of Hitler or a cowardly surrender to the Nazis. But liberals&amp;#39; responses to various Nazi political initiatives was often quite complex, and elides simple notions of last stands or surrender.  The position of various liberals in the passage of Enabling Act in 1933 was emblematic of this multifacted response to the rise of the dictatorship. With one lone exception, all of the DStP (a successor of sorts to the DDP) delegates in the Reichstag voted for the Enabling Act, a seemingly about-face to liberal democratic principles. But the rationale for supporting the Enabling Act varied among the deputies. Some of the support was due to a deepening cynicism about the Republic and its institutions, and some liberals like Ernst Lemmer joined the NSDAP outright. Other liberals, especially those influenced by Friedrich Naumann&amp;#39;s thinking, disliked the crudeness of the NSDAP&amp;#39;s politics and leaders, but saw some virtue in its economic and social policies. Hjalmar Schacht was the most prominent liberal in this category, seeing in dictatorial powers the key to restructuring the economy. Still other liberals saw the Enabling Act as the least-worst alternative between an &lt;em&gt;Unrechtsstaat&lt;/em&gt; (lawless state) and a restricted &lt;em&gt;Rechtsstaat&lt;/em&gt; (state defined by laws). By sanctioning the Act, the state was still acknowledging the importance of German law and jurisprudence instead of proceeding without the sanction of law. Finally, other liberals saw their affirmative vote as a tactical move that preserved their continued opposition to Hitler. A number of liberal recognized that the Act had enough support to pass, but also that Hitler was not above using extralegal means if thwarted. Therefore, it was important not to give Hitler a pretext to further clamp down on liberal politicians and intellectual circles. As the liberal leader Hermann Dietrich explained in a letter to a colleague angered by the vote:&lt;/p&gt;\n\n&lt;blockquote&gt;\n&lt;p&gt;after it was certain that all the bourgeois parties would vote for the Enabling Act, it became difficult for our representatives to do otherwise if they did not want to stand in opposition with the SPD. That would have had the same consequence that we would have been placed in the same camp as the Marxists, and it would have made it easier for government to take measures against us. It was also necessary, moreover, to take into consideration democratic officials, who have a difficult enough struggle already. Here again we had to support measures we privately opposed. This can no longer be avoided under the present circumstances. &lt;/p&gt;\n&lt;/blockquote&gt;\n\n&lt;p&gt;In hindsight, this type of accommodation politics proved to be quite disastrous and only entrenched the dictatorship. Schacht, for example, was sidelined in the Economics ministry after his  opposition to rearmament found little support in the Chancellery and far from reining in the NSDAP&amp;#39;s reliance upon extralegal methods, the Enabling Act only encouraged these methods.&lt;/p&gt;\n&lt;/div&gt;", "stickied": false, "subreddit_type": "public", "can_gild": true, "subreddit": "AskHistorians", "author_flair_text_color": null, "score_hidden": false, "permalink": "/r/AskHistorians/comments/6f4k6x/were_there_any_liberals_as_we_know_them_today_in/dig0n2u/", "num_reports": null, "name": "t1_dig0n2u", "created": 1496615631.0, "author_flair_text": "Top Quality Contributor", "rte_mode": "markdown", "created_utc": 1496586831.0, "subreddit_name_prefixed": "r/AskHistorians", "controversiality": 0, "depth": 0, "author_flair_background_color": null, "mod_reports": [], "mod_note": null, "distinguished": null}}], "after": null, "before": null}}]