[{"kind": "Listing", "data": {"modhash": "", "dist": 1, "children": [{"kind": "t3", "data": {"approved_at_utc": null, "subreddit": "AskHistorians", "selftext": "Thanks!", "user_reports": [], "saved": false, "mod_reason_title": null, "gilded": 0, "clicked": false, "title": "We're there any cases during WWII of Jewish people that converted out of the religion to evade Nazi persecution? And if so, why weren't there a lot more? And also, did the Nazis still persecute the converted peoples?", "link_flair_richtext": [], "subreddit_name_prefixed": "r/AskHistorians", "hidden": false, "pwls": 6, "link_flair_css_class": null, "downs": 0, "parent_whitelist_status": "all_ads", "hide_score": false, "name": "t3_6f63ja", "quarantine": false, "link_flair_text_color": "dark", "upvote_ratio": 0.71, "author_flair_background_color": null, "subreddit_type": "public", "ups": 8, "domain": "self.AskHistorians", "media_embed": {}, "author_flair_template_id": null, "is_original_content": false, "secure_media": null, "is_reddit_media_domain": false, "category": null, "secure_media_embed": {}, "link_flair_text": null, "can_mod_post": false, "score": 8, "approved_by": null, "thumbnail": "", "edited": false, "author_flair_css_class": null, "author_flair_richtext": [], "content_categories": null, "is_self": true, "mod_note": null, "created": 1496588183.0, "link_flair_type": "text", "wls": 6, "post_categories": null, "banned_by": null, "author_flair_type": "text", "contest_mode": false, "selftext_html": "&lt;!-- SC_OFF --&gt;&lt;div class=\"md\"&gt;&lt;p&gt;Thanks!&lt;/p&gt;\n&lt;/div&gt;&lt;!-- SC_ON --&gt;", "likes": null, "suggested_sort": null, "banned_at_utc": null, "view_count": null, "archived": true, "no_follow": true, "is_crosspostable": false, "pinned": false, "over_18": false, "media_only": false, "can_gild": false, "spoiler": false, "locked": false, "author_flair_text": null, "rte_mode": "markdown", "visited": false, "num_reports": null, "distinguished": null, "subreddit_id": "t5_2ssp3", "mod_reason_by": null, "removal_reason": null, "id": "6f63ja", "report_reasons": null, "author": "ishmootfiga", "num_crossposts": 0, "num_comments": 3, "send_replies": true, "mod_reports": [], "author_flair_text_color": null, "permalink": "/r/AskHistorians/comments/6f63ja/were_there_any_cases_during_wwii_of_jewish_people/", "whitelist_status": "all_ads", "stickied": false, "url": "https://www.reddit.com/r/AskHistorians/comments/6f63ja/were_there_any_cases_during_wwii_of_jewish_people/", "subreddit_subscribers": 771069, "created_utc": 1496559383.0, "media": null, "is_video": false}}], "after": null, "before": null}}, {"kind": "Listing", "data": {"modhash": "", "dist": null, "children": [{"kind": "t1", "data": {"body": "Conversion to Christianity was not really an escape plan for Jews facing persecution. For one thing, the Third Reich did not define Judaism as a religious practice, but as an ingrained racial category inherited by blood. The *Ahnenpass* which became one of the key identity documents for Germans during the Third Reich, used personal ancestry to define whether one was a full-blooded Aryan, *Mischlinge* (mixed), or Jewish- see this [chart](https://s-media-cache-ak0.pinimg.com/736x/f9/18/aa/f918aafe7e1fb8e7b4c741c4f4858692.jpg) and [this one](http://4.bp.blogspot.com/-TncMiAs5fWU/Uz8HJS5MP-I/AAAAAAAAAI0/475FwjmRTE8/s1600/Nurembergracechart.jpg) to help visualize the process- with the black shade representing Jewish ancestry. Determining racial ancestry usually went back to grandparents and for sensitive positions, the requirements ran deeper. SS candidate legally had to prove they had no Jewish ancestors after 1715. Conversion under the [Nuremberg Laws](https://www.ushmm.org/wlc/en/article.php?ModuleId=10007903) was not a shield. \n\nThe Germans tried to implement this policy of racial classification onto areas they conquered during the war with mixed success. Conversion a long time *prior* to the German conquest did act as a bureaucratic barrier to the extension of German racial classifications. What was more important than the act of conversion itself were the social networks created by conversion or wider assimilation with gentile culture. In Germany, most of the German Jews who survived the war did so because they were married to a gentile spouse and the regime thought it would cause too much trouble to deport these Jews during the war. The problem though was that especially in Eastern Europe, the level of social segregation between Jews and gentiles was incredibly high in places like Poland or Hungary. Jews simply could not easily \"pass\" for Christian in these circumstances.\n\nOther Jews would pretend to be Christian during the occupation period. This was part of a larger process of forged identity that could entail other types of subterfuge such as false names and birthplaces. Anther common tactic was to leave Jewish children to Christian institutions and couples to pass them as young Christians. This carried a number of risks for the Christians involved, especially in Poland, since harboring Jews was a [capital offense](https://www.ushmm.org/learn/timeline-of-events/1942-1945/german-poster-announces-death-penalty-for-aiding-jews) in many areas under German occupation. Additionally, the occupation regime also provided incentives to turn in Jews such as food or other scarce goods. \n\nLate conversions were never much of a barrier to Nazi persecution. The Third Reich's racial laws considered conversion to be irrelevant at best and at worst a sign Jews were trying to infect the healthy Aryan body politic. ", "subreddit_id": "t5_2ssp3", "approved_at_utc": null, "ups": 10, "mod_reason_by": null, "banned_by": null, "author_flair_type": "richtext", "removal_reason": null, "link_id": "t3_6f63ja", "author_flair_template_id": null, "likes": null, "no_follow": true, "replies": {"kind": "Listing", "data": {"modhash": "", "dist": null, "children": [{"kind": "t1", "data": {"subreddit_id": "t5_2ssp3", "approved_at_utc": null, "ups": 1, "mod_reason_by": null, "banned_by": null, "author_flair_type": "text", "removal_reason": null, "link_id": "t3_6f63ja", "author_flair_template_id": null, "likes": null, "no_follow": true, "replies": "", "user_reports": [], "saved": false, "id": "dig2hfm", "banned_at_utc": null, "mod_reason_title": null, "gilded": 0, "archived": true, "report_reasons": null, "author": "ishmootfiga", "can_mod_post": false, "send_replies": true, "parent_id": "t1_dig218g", "score": 1, "approved_by": null, "downs": 0, "body": "Thank you so much! This was exactly what I was trying to look for. :)", "edited": false, "author_flair_css_class": null, "collapsed": false, "author_flair_richtext": [], "is_submitter": true, "collapsed_reason": null, "body_html": "&lt;div class=\"md\"&gt;&lt;p&gt;Thank you so much! This was exactly what I was trying to look for. :)&lt;/p&gt;\n&lt;/div&gt;", "stickied": false, "subreddit_type": "public", "can_gild": true, "subreddit": "AskHistorians", "author_flair_text_color": null, "score_hidden": false, "permalink": "/r/AskHistorians/comments/6f63ja/were_there_any_cases_during_wwii_of_jewish_people/dig2hfm/", "num_reports": null, "name": "t1_dig2hfm", "created": 1496618305.0, "author_flair_text": null, "rte_mode": "markdown", "created_utc": 1496589505.0, "subreddit_name_prefixed": "r/AskHistorians", "controversiality": 0, "depth": 1, "author_flair_background_color": null, "mod_reports": [], "mod_note": null, "distinguished": null}}], "after": null, "before": null}}, "user_reports": [], "saved": false, "id": "dig218g", "banned_at_utc": null, "mod_reason_title": null, "gilded": 0, "archived": true, "report_reasons": null, "author": "kieslowskifan", "can_mod_post": false, "send_replies": true, "parent_id": "t3_6f63ja", "score": 10, "approved_by": null, "downs": 0, "author_cakeday": true, "edited": 1496589060.0, "author_flair_css_class": "qualitycontributor", "collapsed": false, "author_flair_richtext": [{"e": "text", "t": "Top Quality Contributor"}], "is_submitter": false, "collapsed_reason": null, "body_html": "&lt;div class=\"md\"&gt;&lt;p&gt;Conversion to Christianity was not really an escape plan for Jews facing persecution. For one thing, the Third Reich did not define Judaism as a religious practice, but as an ingrained racial category inherited by blood. The &lt;em&gt;Ahnenpass&lt;/em&gt; which became one of the key identity documents for Germans during the Third Reich, used personal ancestry to define whether one was a full-blooded Aryan, &lt;em&gt;Mischlinge&lt;/em&gt; (mixed), or Jewish- see this &lt;a href=\"https://s-media-cache-ak0.pinimg.com/736x/f9/18/aa/f918aafe7e1fb8e7b4c741c4f4858692.jpg\"&gt;chart&lt;/a&gt; and &lt;a href=\"http://4.bp.blogspot.com/-TncMiAs5fWU/Uz8HJS5MP-I/AAAAAAAAAI0/475FwjmRTE8/s1600/Nurembergracechart.jpg\"&gt;this one&lt;/a&gt; to help visualize the process- with the black shade representing Jewish ancestry. Determining racial ancestry usually went back to grandparents and for sensitive positions, the requirements ran deeper. SS candidate legally had to prove they had no Jewish ancestors after 1715. Conversion under the &lt;a href=\"https://www.ushmm.org/wlc/en/article.php?ModuleId=10007903\"&gt;Nuremberg Laws&lt;/a&gt; was not a shield. &lt;/p&gt;\n\n&lt;p&gt;The Germans tried to implement this policy of racial classification onto areas they conquered during the war with mixed success. Conversion a long time &lt;em&gt;prior&lt;/em&gt; to the German conquest did act as a bureaucratic barrier to the extension of German racial classifications. What was more important than the act of conversion itself were the social networks created by conversion or wider assimilation with gentile culture. In Germany, most of the German Jews who survived the war did so because they were married to a gentile spouse and the regime thought it would cause too much trouble to deport these Jews during the war. The problem though was that especially in Eastern Europe, the level of social segregation between Jews and gentiles was incredibly high in places like Poland or Hungary. Jews simply could not easily &amp;quot;pass&amp;quot; for Christian in these circumstances.&lt;/p&gt;\n\n&lt;p&gt;Other Jews would pretend to be Christian during the occupation period. This was part of a larger process of forged identity that could entail other types of subterfuge such as false names and birthplaces. Anther common tactic was to leave Jewish children to Christian institutions and couples to pass them as young Christians. This carried a number of risks for the Christians involved, especially in Poland, since harboring Jews was a &lt;a href=\"https://www.ushmm.org/learn/timeline-of-events/1942-1945/german-poster-announces-death-penalty-for-aiding-jews\"&gt;capital offense&lt;/a&gt; in many areas under German occupation. Additionally, the occupation regime also provided incentives to turn in Jews such as food or other scarce goods. &lt;/p&gt;\n\n&lt;p&gt;Late conversions were never much of a barrier to Nazi persecution. The Third Reich&amp;#39;s racial laws considered conversion to be irrelevant at best and at worst a sign Jews were trying to infect the healthy Aryan body politic. &lt;/p&gt;\n&lt;/div&gt;", "stickied": false, "subreddit_type": "public", "can_gild": true, "subreddit": "AskHistorians", "author_flair_text_color": null, "score_hidden": false, "permalink": "/r/AskHistorians/comments/6f63ja/were_there_any_cases_during_wwii_of_jewish_people/dig218g/", "num_reports": null, "name": "t1_dig218g", "created": 1496617666.0, "author_flair_text": "Top Quality Contributor", "rte_mode": "markdown", "created_utc": 1496588866.0, "subreddit_name_prefixed": "r/AskHistorians", "controversiality": 0, "depth": 0, "author_flair_background_color": null, "mod_reports": [], "mod_note": null, "distinguished": null}}], "after": null, "before": null}}]