[{"kind": "Listing", "data": {"modhash": "", "dist": 1, "children": [{"kind": "t3", "data": {"subreddit_id": "t5_2ssp3", "approved_at_utc": null, "send_replies": true, "mod_reason_by": null, "banned_by": null, "removal_reason": null, "wls": 6, "subreddit": "AskHistorians", "selftext_html": "&lt;!-- SC_OFF --&gt;&lt;div class=\"md\"&gt;&lt;p&gt;Vote for your favorite(s), submit the ones you don&amp;#39;t see. Y&amp;#39;all know the drill.&lt;/p&gt;\n&lt;/div&gt;&lt;!-- SC_ON --&gt;", "author_flair_template_id": "9e641f94-c626-11e2-8e2c-12313b0b21ae", "selftext": "Vote for your favorite(s), submit the ones you don't see. Y'all know the drill.", "likes": null, "suggested_sort": null, "mod_note": null, "user_reports": [], "secure_media": null, "is_reddit_media_domain": false, "saved": false, "id": "8gq2jl", "banned_at_utc": null, "mod_reason_title": null, "view_count": null, "archived": false, "clicked": false, "no_follow": false, "author": "Georgy_K_Zhukov", "num_crossposts": 0, "link_flair_text": "Best Of", "can_mod_post": false, "is_crosspostable": false, "pinned": false, "score": 19, "approved_by": null, "over_18": false, "domain": "self.AskHistorians", "hidden": false, "pwls": 6, "thumbnail": "", "hide_score": false, "edited": false, "link_flair_css_class": "best", "media_only": false, "author_flair_css_class": "moderator", "contest_mode": true, "gilded": 0, "title": "Best of April Voting Thread", "downs": 0, "secure_media_embed": {}, "media_embed": {}, "author_flair_text": "Moderator | Post-Napoleonic Warfare &amp; Small Arms | Dueling", "stickied": false, "can_gild": false, "is_self": true, "parent_whitelist_status": "all_ads", "name": "t3_8gq2jl", "spoiler": false, "permalink": "/r/AskHistorians/comments/8gq2jl/best_of_april_voting_thread/", "subreddit_type": "public", "locked": false, "report_reasons": null, "created": 1525380185.0, "url": "https://www.reddit.com/r/AskHistorians/comments/8gq2jl/best_of_april_voting_thread/", "whitelist_status": "all_ads", "quarantine": false, "subreddit_subscribers": 757434, "created_utc": 1525351385.0, "subreddit_name_prefixed": "r/AskHistorians", "distinguished": null, "media": null, "num_comments": 12, "upvote_ratio": 0.88, "mod_reports": [], "visited": false, "num_reports": null, "is_video": false, "ups": 19, "post_categories": null}}], "after": null, "before": null}}, {"kind": "Listing", "data": {"modhash": "", "dist": null, "children": [{"kind": "t1", "data": {"subreddit_id": "t5_2ssp3", "approved_at_utc": null, "ups": 1, "mod_reason_by": null, "banned_by": null, "removal_reason": null, "link_id": "t3_8gq2jl", "author_flair_template_id": "9e641f94-c626-11e2-8e2c-12313b0b21ae", "likes": null, "no_follow": false, "replies": "", "user_reports": [], "saved": false, "id": "dydmvjl", "banned_at_utc": null, "mod_reason_title": null, "gilded": 0, "archived": false, "report_reasons": null, "author": "Georgy_K_Zhukov", "can_mod_post": false, "send_replies": true, "parent_id": "t3_8gq2jl", "score": 1, "approved_by": null, "downs": 0, "body": "/u/sickhobbit answered [\"Between 1945 and 1949, the Netherlands and Indonesia went to war over Indonesian independence. US and British forces were involved, and there were approx 200,000 casualties, before Indonesia finally prevailed. Why is this conflict so obscure? What were the consequences in East Asia?\"](https://www.reddit.com/r/AskHistorians/comments/8f2ctv/between_1945_and_1949_the_netherlands_and/dy08hk0/?context=3)", "edited": false, "author_flair_css_class": "moderator", "collapsed": false, "is_submitter": true, "collapsed_reason": null, "body_html": "&lt;div class=\"md\"&gt;&lt;p&gt;&lt;a href=\"/u/sickhobbit\"&gt;/u/sickhobbit&lt;/a&gt; answered &lt;a href=\"https://www.reddit.com/r/AskHistorians/comments/8f2ctv/between_1945_and_1949_the_netherlands_and/dy08hk0/?context=3\"&gt;&amp;quot;Between 1945 and 1949, the Netherlands and Indonesia went to war over Indonesian independence. US and British forces were involved, and there were approx 200,000 casualties, before Indonesia finally prevailed. Why is this conflict so obscure? What were the consequences in East Asia?&amp;quot;&lt;/a&gt;&lt;/p&gt;\n&lt;/div&gt;", "subreddit_type": "public", "can_gild": true, "subreddit": "AskHistorians", "name": "t1_dydmvjl", "score_hidden": true, "permalink": "/r/AskHistorians/comments/8gq2jl/best_of_april_voting_thread/dydmvjl/", "num_reports": null, "stickied": false, "created": 1525380237.0, "author_flair_text": "Moderator | Post-Napoleonic Warfare &amp; Small Arms | Dueling", "created_utc": 1525351437.0, "subreddit_name_prefixed": "r/AskHistorians", "controversiality": 0, "depth": 0, "mod_reports": [], "mod_note": null, "distinguished": null}}, {"kind": "t1", "data": {"subreddit_id": "t5_2ssp3", "approved_at_utc": null, "ups": 1, "mod_reason_by": null, "banned_by": null, "removal_reason": null, "link_id": "t3_8gq2jl", "author_flair_template_id": "9e641f94-c626-11e2-8e2c-12313b0b21ae", "likes": null, "no_follow": true, "replies": "", "user_reports": [], "saved": false, "id": "dydmvbf", "banned_at_utc": null, "mod_reason_title": null, "gilded": 0, "archived": false, "report_reasons": null, "author": "Georgy_K_Zhukov", "can_mod_post": false, "send_replies": true, "parent_id": "t3_8gq2jl", "score": 1, "approved_by": null, "downs": 0, "body": "/u/ragingrage answered [\"Why is the largest battle in history prior to WWI - The Battle of Mukden in the RussoJapanese War - so obscure? Are there any known personal accounts or photographic resources from this major historical event?\"](https://www.reddit.com/r/AskHistorians/comments/89bw5b/why_is_the_largest_battle_in_history_prior_to_wwi/dwrgkhv/?context=3)", "edited": false, "author_flair_css_class": "moderator", "collapsed": false, "is_submitter": true, "collapsed_reason": null, "body_html": "&lt;div class=\"md\"&gt;&lt;p&gt;&lt;a href=\"/u/ragingrage\"&gt;/u/ragingrage&lt;/a&gt; answered &lt;a href=\"https://www.reddit.com/r/AskHistorians/comments/89bw5b/why_is_the_largest_battle_in_history_prior_to_wwi/dwrgkhv/?context=3\"&gt;&amp;quot;Why is the largest battle in history prior to WWI - The Battle of Mukden in the RussoJapanese War - so obscure? Are there any known personal accounts or photographic resources from this major historical event?&amp;quot;&lt;/a&gt;&lt;/p&gt;\n&lt;/div&gt;", "subreddit_type": "public", "can_gild": true, "subreddit": "AskHistorians", "name": "t1_dydmvbf", "score_hidden": true, "permalink": "/r/AskHistorians/comments/8gq2jl/best_of_april_voting_thread/dydmvbf/", "num_reports": null, "stickied": false, "created": 1525380230.0, "author_flair_text": "Moderator | Post-Napoleonic Warfare &amp; Small Arms | Dueling", "created_utc": 1525351430.0, "subreddit_name_prefixed": "r/AskHistorians", "controversiality": 0, "depth": 0, "mod_reports": [], "mod_note": null, "distinguished": null}}, {"kind": "t1", "data": {"subreddit_id": "t5_2ssp3", "approved_at_utc": null, "ups": 1, "mod_reason_by": null, "banned_by": null, "removal_reason": null, "link_id": "t3_8gq2jl", "author_flair_template_id": "9e641f94-c626-11e2-8e2c-12313b0b21ae", "likes": null, "no_follow": true, "replies": "", "user_reports": [], "saved": false, "id": "dydmuv2", "banned_at_utc": null, "mod_reason_title": null, "gilded": 0, "archived": false, "report_reasons": null, "author": "Georgy_K_Zhukov", "can_mod_post": false, "send_replies": true, "parent_id": "t3_8gq2jl", "score": 1, "approved_by": null, "downs": 0, "body": "/u/and__how answered [\"When 'The Wizard of Oz' was premiered in 1939, was this film most people's first time seeing a film in color, or had most people already had that experience by 1939? Are there any interviews with people after seeing the movie?\"](https://www.reddit.com/r/AskHistorians/comments/8dgyz2/when_the_wizard_of_oz_was_premiered_in_1939_was/dxp65j8/?context=3)", "edited": false, "author_flair_css_class": "moderator", "collapsed": false, "is_submitter": true, "collapsed_reason": null, "body_html": "&lt;div class=\"md\"&gt;&lt;p&gt;&lt;a href=\"/u/and__how\"&gt;/u/and__how&lt;/a&gt; answered &lt;a href=\"https://www.reddit.com/r/AskHistorians/comments/8dgyz2/when_the_wizard_of_oz_was_premiered_in_1939_was/dxp65j8/?context=3\"&gt;&amp;quot;When &amp;#39;The Wizard of Oz&amp;#39; was premiered in 1939, was this film most people&amp;#39;s first time seeing a film in color, or had most people already had that experience by 1939? Are there any interviews with people after seeing the movie?&amp;quot;&lt;/a&gt;&lt;/p&gt;\n&lt;/div&gt;", "subreddit_type": "public", "can_gild": true, "subreddit": "AskHistorians", "name": "t1_dydmuv2", "score_hidden": true, "permalink": "/r/AskHistorians/comments/8gq2jl/best_of_april_voting_thread/dydmuv2/", "num_reports": null, "stickied": false, "created": 1525380213.0, "author_flair_text": "Moderator | Post-Napoleonic Warfare &amp; Small Arms | Dueling", "created_utc": 1525351413.0, "subreddit_name_prefixed": "r/AskHistorians", "controversiality": 0, "depth": 0, "mod_reports": [], "mod_note": null, "distinguished": null}}, {"kind": "t1", "data": {"subreddit_id": "t5_2ssp3", "approved_at_utc": null, "ups": 1, "mod_reason_by": null, "banned_by": null, "removal_reason": null, "link_id": "t3_8gq2jl", "author_flair_template_id": "9e641f94-c626-11e2-8e2c-12313b0b21ae", "likes": null, "no_follow": false, "replies": "", "user_reports": [], "saved": false, "id": "dydmvnd", "banned_at_utc": null, "mod_reason_title": null, "gilded": 0, "archived": false, "report_reasons": null, "author": "Georgy_K_Zhukov", "can_mod_post": false, "send_replies": true, "parent_id": "t3_8gq2jl", "score": 1, "approved_by": null, "downs": 0, "body": "/u/wagrid answered [\"How were the \"law of war\" and crimes against civilians understood by French sources during Henry V's campaign in France?\"](https://www.reddit.com/r/AskHistorians/comments/891m7p/how_were_the_law_of_war_and_crimes_against/dwrifu8/)", "edited": false, "author_flair_css_class": "moderator", "collapsed": false, "is_submitter": true, "collapsed_reason": null, "body_html": "&lt;div class=\"md\"&gt;&lt;p&gt;&lt;a href=\"/u/wagrid\"&gt;/u/wagrid&lt;/a&gt; answered &lt;a href=\"https://www.reddit.com/r/AskHistorians/comments/891m7p/how_were_the_law_of_war_and_crimes_against/dwrifu8/\"&gt;&amp;quot;How were the &amp;quot;law of war&amp;quot; and crimes against civilians understood by French sources during Henry V&amp;#39;s campaign in France?&amp;quot;&lt;/a&gt;&lt;/p&gt;\n&lt;/div&gt;", "subreddit_type": "public", "can_gild": true, "subreddit": "AskHistorians", "name": "t1_dydmvnd", "score_hidden": true, "permalink": "/r/AskHistorians/comments/8gq2jl/best_of_april_voting_thread/dydmvnd/", "num_reports": null, "stickied": false, "created": 1525380242.0, "author_flair_text": "Moderator | Post-Napoleonic Warfare &amp; Small Arms | Dueling", "created_utc": 1525351442.0, "subreddit_name_prefixed": "r/AskHistorians", "controversiality": 0, "depth": 0, "mod_reports": [], "mod_note": null, "distinguished": null}}, {"kind": "t1", "data": {"subreddit_id": "t5_2ssp3", "approved_at_utc": null, "ups": 1, "mod_reason_by": null, "banned_by": null, "removal_reason": null, "link_id": "t3_8gq2jl", "author_flair_template_id": "9e641f94-c626-11e2-8e2c-12313b0b21ae", "likes": null, "no_follow": false, "replies": "", "user_reports": [], "saved": false, "id": "dydmuqv", "banned_at_utc": null, "mod_reason_title": null, "gilded": 0, "archived": false, "report_reasons": null, "author": "Georgy_K_Zhukov", "can_mod_post": false, "send_replies": true, "parent_id": "t3_8gq2jl", "score": 1, "approved_by": null, "downs": 0, "body": "/u/mikedash answered [\"I was reading about the history of the stapler and found that the first stapler was made for King Louis XV. \"The ornate staples it used were forged from gold, encrusted with precious stones, and bore his Royal Court's insignia.\" Is this true? Does the stapler still exist?\"](https://www.reddit.com/r/AskHistorians/comments/8csutr/i_was_reading_about_the_history_of_the_stapler/dxi1m7r/?context=3)", "edited": false, "author_flair_css_class": "moderator", "collapsed": false, "is_submitter": true, "collapsed_reason": null, "body_html": "&lt;div class=\"md\"&gt;&lt;p&gt;&lt;a href=\"/u/mikedash\"&gt;/u/mikedash&lt;/a&gt; answered &lt;a href=\"https://www.reddit.com/r/AskHistorians/comments/8csutr/i_was_reading_about_the_history_of_the_stapler/dxi1m7r/?context=3\"&gt;&amp;quot;I was reading about the history of the stapler and found that the first stapler was made for King Louis XV. &amp;quot;The ornate staples it used were forged from gold, encrusted with precious stones, and bore his Royal Court&amp;#39;s insignia.&amp;quot; Is this true? Does the stapler still exist?&amp;quot;&lt;/a&gt;&lt;/p&gt;\n&lt;/div&gt;", "subreddit_type": "public", "can_gild": true, "subreddit": "AskHistorians", "name": "t1_dydmuqv", "score_hidden": true, "permalink": "/r/AskHistorians/comments/8gq2jl/best_of_april_voting_thread/dydmuqv/", "num_reports": null, "stickied": false, "created": 1525380209.0, "author_flair_text": "Moderator | Post-Napoleonic Warfare &amp; Small Arms | Dueling", "created_utc": 1525351409.0, "subreddit_name_prefixed": "r/AskHistorians", "controversiality": 0, "depth": 0, "mod_reports": [], "mod_note": null, "distinguished": null}}, {"kind": "t1", "data": {"subreddit_id": "t5_2ssp3", "approved_at_utc": null, "ups": 1, "mod_reason_by": null, "banned_by": null, "removal_reason": null, "link_id": "t3_8gq2jl", "author_flair_template_id": "9e641f94-c626-11e2-8e2c-12313b0b21ae", "likes": null, "no_follow": false, "replies": "", "user_reports": [], "saved": false, "id": "dydmwzd", "banned_at_utc": null, "mod_reason_title": null, "gilded": 0, "archived": false, "report_reasons": null, "author": "Georgy_K_Zhukov", "can_mod_post": false, "send_replies": true, "parent_id": "t3_8gq2jl", "score": 1, "approved_by": null, "downs": 0, "body": "/u/bigfridge224 answered [\"How did different cultures during antiquity perceive different religions?\"](https://www.reddit.com/r/AskHistorians/comments/8bs8f0/how_did_different_cultures_during_antiquity/dxariib/)", "edited": false, "author_flair_css_class": "moderator", "collapsed": false, "is_submitter": true, "collapsed_reason": null, "body_html": "&lt;div class=\"md\"&gt;&lt;p&gt;&lt;a href=\"/u/bigfridge224\"&gt;/u/bigfridge224&lt;/a&gt; answered &lt;a href=\"https://www.reddit.com/r/AskHistorians/comments/8bs8f0/how_did_different_cultures_during_antiquity/dxariib/\"&gt;&amp;quot;How did different cultures during antiquity perceive different religions?&amp;quot;&lt;/a&gt;&lt;/p&gt;\n&lt;/div&gt;", "subreddit_type": "public", "can_gild": true, "subreddit": "AskHistorians", "name": "t1_dydmwzd", "score_hidden": true, "permalink": "/r/AskHistorians/comments/8gq2jl/best_of_april_voting_thread/dydmwzd/", "num_reports": null, "stickied": false, "created": 1525380288.0, "author_flair_text": "Moderator | Post-Napoleonic Warfare &amp; Small Arms | Dueling", "created_utc": 1525351488.0, "subreddit_name_prefixed": "r/AskHistorians", "controversiality": 0, "depth": 0, "mod_reports": [], "mod_note": null, "distinguished": null}}, {"kind": "t1", "data": {"subreddit_id": "t5_2ssp3", "approved_at_utc": null, "ups": 1, "mod_reason_by": null, "banned_by": null, "removal_reason": null, "link_id": "t3_8gq2jl", "author_flair_template_id": "9e641f94-c626-11e2-8e2c-12313b0b21ae", "likes": null, "no_follow": false, "replies": "", "user_reports": [], "saved": false, "id": "dydmv3k", "banned_at_utc": null, "mod_reason_title": null, "gilded": 0, "archived": false, "report_reasons": null, "author": "Georgy_K_Zhukov", "can_mod_post": false, "send_replies": true, "parent_id": "t3_8gq2jl", "score": 1, "approved_by": null, "downs": 0, "body": "/u/nientedenada answered [\"Was erotic shunga celebrating military victory unique to the Russo-Japanese War, or did it have older origins? In addition, did this practice continue into the World Wars?\"](https://www.reddit.com/r/AskHistorians/comments/8e362l/was_erotic_shunga_celebrating_military_victory/dxthlw5/?context=3) [NSFW]\n", "edited": false, "author_flair_css_class": "moderator", "collapsed": false, "is_submitter": true, "collapsed_reason": null, "body_html": "&lt;div class=\"md\"&gt;&lt;p&gt;&lt;a href=\"/u/nientedenada\"&gt;/u/nientedenada&lt;/a&gt; answered &lt;a href=\"https://www.reddit.com/r/AskHistorians/comments/8e362l/was_erotic_shunga_celebrating_military_victory/dxthlw5/?context=3\"&gt;&amp;quot;Was erotic shunga celebrating military victory unique to the Russo-Japanese War, or did it have older origins? In addition, did this practice continue into the World Wars?&amp;quot;&lt;/a&gt; [NSFW]&lt;/p&gt;\n&lt;/div&gt;", "subreddit_type": "public", "can_gild": true, "subreddit": "AskHistorians", "name": "t1_dydmv3k", "score_hidden": true, "permalink": "/r/AskHistorians/comments/8gq2jl/best_of_april_voting_thread/dydmv3k/", "num_reports": null, "stickied": false, "created": 1525380222.0, "author_flair_text": "Moderator | Post-Napoleonic Warfare &amp; Small Arms | Dueling", "created_utc": 1525351422.0, "subreddit_name_prefixed": "r/AskHistorians", "controversiality": 0, "depth": 0, "mod_reports": [], "mod_note": null, "distinguished": null}}, {"kind": "t1", "data": {"subreddit_id": "t5_2ssp3", "approved_at_utc": null, "ups": 1, "mod_reason_by": null, "banned_by": null, "removal_reason": null, "link_id": "t3_8gq2jl", "author_flair_template_id": "9e641f94-c626-11e2-8e2c-12313b0b21ae", "likes": null, "no_follow": false, "replies": "", "user_reports": [], "saved": false, "id": "dydmv74", "banned_at_utc": null, "mod_reason_title": null, "gilded": 0, "archived": false, "report_reasons": null, "author": "Georgy_K_Zhukov", "can_mod_post": false, "send_replies": true, "parent_id": "t3_8gq2jl", "score": 1, "approved_by": null, "downs": 0, "body": "/u/Kieslowskifan answered [\"Historical authenticity of 'Generation War'\"](https://www.reddit.com/r/AskHistorians/comments/8a0tnd/historical_authenticity_of_generation_war/dwwchih/?context=1)", "edited": false, "author_flair_css_class": "moderator", "collapsed": false, "is_submitter": true, "collapsed_reason": null, "body_html": "&lt;div class=\"md\"&gt;&lt;p&gt;&lt;a href=\"/u/Kieslowskifan\"&gt;/u/Kieslowskifan&lt;/a&gt; answered &lt;a href=\"https://www.reddit.com/r/AskHistorians/comments/8a0tnd/historical_authenticity_of_generation_war/dwwchih/?context=1\"&gt;&amp;quot;Historical authenticity of &amp;#39;Generation War&amp;#39;&amp;quot;&lt;/a&gt;&lt;/p&gt;\n&lt;/div&gt;", "subreddit_type": "public", "can_gild": true, "subreddit": "AskHistorians", "name": "t1_dydmv74", "score_hidden": true, "permalink": "/r/AskHistorians/comments/8gq2jl/best_of_april_voting_thread/dydmv74/", "num_reports": null, "stickied": false, "created": 1525380225.0, "author_flair_text": "Moderator | Post-Napoleonic Warfare &amp; Small Arms | Dueling", "created_utc": 1525351425.0, "subreddit_name_prefixed": "r/AskHistorians", "controversiality": 0, "depth": 0, "mod_reports": [], "mod_note": null, "distinguished": null}}, {"kind": "t1", "data": {"subreddit_id": "t5_2ssp3", "approved_at_utc": null, "ups": 1, "mod_reason_by": null, "banned_by": null, "removal_reason": null, "link_id": "t3_8gq2jl", "author_flair_template_id": "9e641f94-c626-11e2-8e2c-12313b0b21ae", "likes": null, "no_follow": false, "replies": "", "user_reports": [], "saved": false, "id": "dydmuma", "banned_at_utc": null, "mod_reason_title": null, "gilded": 0, "archived": false, "report_reasons": null, "author": "Georgy_K_Zhukov", "can_mod_post": false, "send_replies": true, "parent_id": "t3_8gq2jl", "score": 1, "approved_by": null, "downs": 0, "body": "/u/Lewed_Losel answered [\"How do historians know when manuscripts are dated to, if they have to be repeatedly copied down to preserve them?\"](https://www.reddit.com/r/AskHistorians/comments/88wjx5/how_do_historians_know_when_manuscripts_are_dated/dwoafgd/?context=3)", "edited": false, "author_flair_css_class": "moderator", "collapsed": false, "is_submitter": true, "collapsed_reason": null, "body_html": "&lt;div class=\"md\"&gt;&lt;p&gt;&lt;a href=\"/u/Lewed_Losel\"&gt;/u/Lewed_Losel&lt;/a&gt; answered &lt;a href=\"https://www.reddit.com/r/AskHistorians/comments/88wjx5/how_do_historians_know_when_manuscripts_are_dated/dwoafgd/?context=3\"&gt;&amp;quot;How do historians know when manuscripts are dated to, if they have to be repeatedly copied down to preserve them?&amp;quot;&lt;/a&gt;&lt;/p&gt;\n&lt;/div&gt;", "subreddit_type": "public", "can_gild": true, "subreddit": "AskHistorians", "name": "t1_dydmuma", "score_hidden": true, "permalink": "/r/AskHistorians/comments/8gq2jl/best_of_april_voting_thread/dydmuma/", "num_reports": null, "stickied": false, "created": 1525380205.0, "author_flair_text": "Moderator | Post-Napoleonic Warfare &amp; Small Arms | Dueling", "created_utc": 1525351405.0, "subreddit_name_prefixed": "r/AskHistorians", "controversiality": 0, "depth": 0, "mod_reports": [], "mod_note": null, "distinguished": null}}, {"kind": "t1", "data": {"subreddit_id": "t5_2ssp3", "approved_at_utc": null, "ups": 1, "mod_reason_by": null, "banned_by": null, "removal_reason": null, "link_id": "t3_8gq2jl", "author_flair_template_id": "9e641f94-c626-11e2-8e2c-12313b0b21ae", "likes": null, "no_follow": true, "replies": "", "user_reports": [], "saved": false, "id": "dydmw7b", "banned_at_utc": null, "mod_reason_title": null, "gilded": 0, "archived": false, "report_reasons": null, "author": "Georgy_K_Zhukov", "can_mod_post": false, "send_replies": true, "parent_id": "t3_8gq2jl", "score": 1, "approved_by": null, "downs": 0, "body": "/u/artfulorpheus answered [\"What caused the division in Buddhism after the Buddha Siddartha Gautama died?\"](https://www.reddit.com/r/AskHistorians/comments/88t9d7/what_caused_the_division_in_buddhism_after_the/dwovziz/)", "edited": false, "author_flair_css_class": "moderator", "collapsed": false, "is_submitter": true, "collapsed_reason": null, "body_html": "&lt;div class=\"md\"&gt;&lt;p&gt;&lt;a href=\"/u/artfulorpheus\"&gt;/u/artfulorpheus&lt;/a&gt; answered &lt;a href=\"https://www.reddit.com/r/AskHistorians/comments/88t9d7/what_caused_the_division_in_buddhism_after_the/dwovziz/\"&gt;&amp;quot;What caused the division in Buddhism after the Buddha Siddartha Gautama died?&amp;quot;&lt;/a&gt;&lt;/p&gt;\n&lt;/div&gt;", "subreddit_type": "public", "can_gild": true, "subreddit": "AskHistorians", "name": "t1_dydmw7b", "score_hidden": true, "permalink": "/r/AskHistorians/comments/8gq2jl/best_of_april_voting_thread/dydmw7b/", "num_reports": null, "stickied": false, "created": 1525380261.0, "author_flair_text": "Moderator | Post-Napoleonic Warfare &amp; Small Arms | Dueling", "created_utc": 1525351461.0, "subreddit_name_prefixed": "r/AskHistorians", "controversiality": 0, "depth": 0, "mod_reports": [], "mod_note": null, "distinguished": null}}, {"kind": "t1", "data": {"subreddit_id": "t5_2ssp3", "approved_at_utc": null, "ups": 1, "mod_reason_by": null, "banned_by": null, "removal_reason": null, "link_id": "t3_8gq2jl", "author_flair_template_id": "9e641f94-c626-11e2-8e2c-12313b0b21ae", "likes": null, "no_follow": false, "replies": "", "user_reports": [], "saved": false, "id": "dydmuz8", "banned_at_utc": null, "mod_reason_title": null, "gilded": 0, "archived": false, "report_reasons": null, "author": "Georgy_K_Zhukov", "can_mod_post": false, "send_replies": true, "parent_id": "t3_8gq2jl", "score": 1, "approved_by": null, "downs": 0, "body": "/u/cdesmoulins answered [\"Who is Shakespeare?\"](https://www.reddit.com/r/AskHistorians/comments/8bp46a/who_is_shakespeare/dx8yd8l/)", "edited": false, "author_flair_css_class": "moderator", "collapsed": false, "is_submitter": true, "collapsed_reason": null, "body_html": "&lt;div class=\"md\"&gt;&lt;p&gt;&lt;a href=\"/u/cdesmoulins\"&gt;/u/cdesmoulins&lt;/a&gt; answered &lt;a href=\"https://www.reddit.com/r/AskHistorians/comments/8bp46a/who_is_shakespeare/dx8yd8l/\"&gt;&amp;quot;Who is Shakespeare?&amp;quot;&lt;/a&gt;&lt;/p&gt;\n&lt;/div&gt;", "subreddit_type": "public", "can_gild": true, "subreddit": "AskHistorians", "name": "t1_dydmuz8", "score_hidden": true, "permalink": "/r/AskHistorians/comments/8gq2jl/best_of_april_voting_thread/dydmuz8/", "num_reports": null, "stickied": false, "created": 1525380217.0, "author_flair_text": "Moderator | Post-Napoleonic Warfare &amp; Small Arms | Dueling", "created_utc": 1525351417.0, "subreddit_name_prefixed": "r/AskHistorians", "controversiality": 0, "depth": 0, "mod_reports": [], "mod_note": null, "distinguished": null}}, {"kind": "t1", "data": {"subreddit_id": "t5_2ssp3", "approved_at_utc": null, "ups": 1, "mod_reason_by": null, "banned_by": null, "removal_reason": null, "link_id": "t3_8gq2jl", "author_flair_template_id": "9e641f94-c626-11e2-8e2c-12313b0b21ae", "likes": null, "no_follow": false, "replies": "", "user_reports": [], "saved": false, "id": "dydmveu", "banned_at_utc": null, "mod_reason_title": null, "gilded": 0, "archived": false, "report_reasons": null, "author": "Georgy_K_Zhukov", "can_mod_post": false, "send_replies": true, "parent_id": "t3_8gq2jl", "score": 1, "approved_by": null, "downs": 0, "body": "/u/dandan_noodles answered [\"\"Small mercenary armies\" is a popular trope when describing European warfare from like, the Renaissance to the beginning of the French Revolution. What were the guts of those systems?\"](https://www.reddit.com/r/AskHistorians/comments/8ba59x/small_mercenary_armies_is_a_popular_trope_when/dxbiiph/)", "edited": false, "author_flair_css_class": "moderator", "collapsed": false, "is_submitter": true, "collapsed_reason": null, "body_html": "&lt;div class=\"md\"&gt;&lt;p&gt;&lt;a href=\"/u/dandan_noodles\"&gt;/u/dandan_noodles&lt;/a&gt; answered &lt;a href=\"https://www.reddit.com/r/AskHistorians/comments/8ba59x/small_mercenary_armies_is_a_popular_trope_when/dxbiiph/\"&gt;&amp;quot;&amp;quot;Small mercenary armies&amp;quot; is a popular trope when describing European warfare from like, the Renaissance to the beginning of the French Revolution. What were the guts of those systems?&amp;quot;&lt;/a&gt;&lt;/p&gt;\n&lt;/div&gt;", "subreddit_type": "public", "can_gild": true, "subreddit": "AskHistorians", "name": "t1_dydmveu", "score_hidden": true, "permalink": "/r/AskHistorians/comments/8gq2jl/best_of_april_voting_thread/dydmveu/", "num_reports": null, "stickied": false, "created": 1525380233.0, "author_flair_text": "Moderator | Post-Napoleonic Warfare &amp; Small Arms | Dueling", "created_utc": 1525351433.0, "subreddit_name_prefixed": "r/AskHistorians", "controversiality": 0, "depth": 0, "mod_reports": [], "mod_note": null, "distinguished": null}}], "after": null, "before": null}}]