[{"kind": "Listing", "data": {"modhash": null, "dist": 1, "children": [{"kind": "t3", "data": {"author_flair_background_color": null, "approved_at_utc": null, "subreddit": "AskHistorians", "selftext": "Republicans won the popular vote in every presidential election from 1968 through 1988 with the exception of the post-Watergate election in 1976 and even then they only lost by 2 points. Not only did they win, they won **big** with popular vote margins around 10% or higher in all of those elections except 68' and 76'.\n\nSince then, Republicans have *lost* the popular vote every time except in 2004, which was only a 2 point win.\n\nSo it seems like there's a clear inflection point in the 1990s. What happened? Was there a particular group of voters that actually switched from consistently voting Republican to consistently voting Democratic? Was it driven by demographic changes? Something else?", "user_reports": [], "saved": false, "mod_reason_title": null, "gilded": 0, "clicked": false, "title": "What changed in the United States in the 1990s that caused the Republican party to lose the national advantage it had in presidential elections in the previous two decades?", "link_flair_richtext": [], "subreddit_name_prefixed": "r/AskHistorians", "hidden": false, "pwls": 6, "link_flair_css_class": null, "downs": 0, "top_awarded_type": null, "parent_whitelist_status": "all_ads", "hide_score": false, "name": "t3_mk0eqh", "quarantine": false, "link_flair_text_color": "dark", "upvote_ratio": 0.83, "ignore_reports": false, "subreddit_type": "public", "ups": 41, "total_awards_received": 0, "media_embed": {}, "author_flair_template_id": null, "is_original_content": false, "author_fullname": "t2_w5gcr", "secure_media": null, "is_reddit_media_domain": false, "is_meta": false, "category": null, "secure_media_embed": {}, "link_flair_text": null, "can_mod_post": false, "score": 41, "approved_by": null, "author_premium": false, "thumbnail": "", "edited": false, "author_flair_css_class": null, "previous_visits": [1620813592.0], "author_flair_richtext": [], "gildings": {}, "content_categories": null, "is_self": true, "mod_note": null, "created": 1617585268.0, "link_flair_type": "text", "wls": 6, "removed_by_category": null, "banned_by": null, "author_flair_type": "text", "domain": "self.AskHistorians", "allow_live_comments": false, "selftext_html": "&lt;!-- SC_OFF --&gt;&lt;div class=\"md\"&gt;&lt;p&gt;Republicans won the popular vote in every presidential election from 1968 through 1988 with the exception of the post-Watergate election in 1976 and even then they only lost by 2 points. Not only did they win, they won &lt;strong&gt;big&lt;/strong&gt; with popular vote margins around 10% or higher in all of those elections except 68&amp;#39; and 76&amp;#39;.&lt;/p&gt;\n\n&lt;p&gt;Since then, Republicans have &lt;em&gt;lost&lt;/em&gt; the popular vote every time except in 2004, which was only a 2 point win.&lt;/p&gt;\n\n&lt;p&gt;So it seems like there&amp;#39;s a clear inflection point in the 1990s. What happened? Was there a particular group of voters that actually switched from consistently voting Republican to consistently voting Democratic? Was it driven by demographic changes? Something else?&lt;/p&gt;\n&lt;/div&gt;&lt;!-- SC_ON --&gt;", "likes": null, "suggested_sort": null, "banned_at_utc": null, "view_count": null, "archived": false, "no_follow": false, "spam": false, "is_crosspostable": true, "pinned": false, "over_18": false, "all_awardings": [], "awarders": [], "media_only": false, "can_gild": true, "removed": false, "spoiler": false, "locked": false, "author_flair_text": null, "treatment_tags": [], "visited": false, "removed_by": null, "num_reports": null, "distinguished": null, "subreddit_id": "t5_2ssp3", "mod_reason_by": null, "removal_reason": null, "link_flair_background_color": "", "id": "mk0eqh", "is_robot_indexable": true, "num_duplicates": 1, "report_reasons": null, "author": "foxwilliam", "discussion_type": null, "num_comments": 7, "send_replies": true, "media": null, "contest_mode": false, "author_patreon_flair": false, "approved": true, "author_flair_text_color": null, "permalink": "/r/AskHistorians/comments/mk0eqh/what_changed_in_the_united_states_in_the_1990s/", "whitelist_status": "all_ads", "stickied": false, "url": "https://www.reddit.com/r/AskHistorians/comments/mk0eqh/what_changed_in_the_united_states_in_the_1990s/", "subreddit_subscribers": 1347157, "created_utc": 1617556468.0, "num_crossposts": 0, "mod_reports": [], "is_video": false}}], "after": null, "before": null}}, {"kind": "Listing", "data": {"modhash": null, "dist": null, "children": [{"kind": "t1", "data": {"total_awards_received": 0, "approved_at_utc": null, "comment_type": null, "awarders": [], "mod_reason_by": null, "banned_by": null, "ups": 1, "author_flair_type": "text", "removal_reason": null, "link_id": "t3_mk0eqh", "author_flair_template_id": null, "likes": null, "replies": "", "user_reports": [], "saved": false, "id": "gtd4r6g", "banned_at_utc": null, "mod_reason_title": null, "gilded": 0, "archived": false, "removed": false, "no_follow": false, "author": "AutoModerator", "can_mod_post": false, "send_replies": false, "parent_id": "t3_mk0eqh", "score": 1, "author_fullname": "t2_6l4z3", "report_reasons": null, "approved_by": null, "all_awardings": [], "subreddit_id": "t5_2ssp3", "ignore_reports": false, "body": "Welcome to /r/AskHistorians. **Please [Read Our Rules](https://www.reddit.com/r/AskHistorians/wiki/rules) before you comment in this community**. Understand that [rule breaking comments get removed](https://www.reddit.com/r/AskHistorians/comments/h8aefx/rules_roundtable_xviii_removed_curation_and_why/).\n\n#Please consider **[Clicking Here for RemindMeBot](https://www.reddit.com/message/compose/?to=RemindMeBot&amp;subject=Reminder&amp;message=%5Bhttps://www.reddit.com/r/AskHistorians/comments/mk0eqh/what_changed_in_the_united_states_in_the_1990s/%5D%0A%0ARemindMe!%202%20days)** as it takes time for an answer to be written. Additionally, for weekly content summaries, **[Click Here to Subscribe to our Weekly Roundup](https://www.reddit.com/message/compose/?to=AHMessengerBot&amp;subject=Subscribe&amp;message=!subscribe)**.\n\nWe thank you for your interest in this *question*, and your patience in waiting for an in-depth and comprehensive answer to show up. In addition to RemindMeBot, consider [using our Browser Extension](https://www.reddit.com/r/AskHistorians/comments/d6dzi7/tired_of_clicking_to_find_only_removed_comments/), or getting the [Weekly Roundup](https://www.reddit.com/message/compose?to=subredditsummarybot&amp;subject=askhistorians+weekly&amp;message=x). In the meantime our [Twitter](https://twitter.com/askhistorians), [Facebook](https://www.facebook.com/askhistorians/), and [Sunday Digest](https://www.reddit.com/r/AskHistorians/search?q=title%3A%22Sunday+Digest%22&amp;restrict_sr=on&amp;sort=new&amp;t=all) feature excellent content that has already been written!\n\n\n*I am a bot, and this action was performed automatically. Please [contact the moderators of this subreddit](/message/compose/?to=/r/AskHistorians) if you have any questions or concerns.*", "edited": false, "downs": 0, "author_flair_css_class": null, "is_submitter": false, "collapsed": false, "author_flair_richtext": [], "author_patreon_flair": false, "body_html": "&lt;div class=\"md\"&gt;&lt;p&gt;Welcome to &lt;a href=\"/r/AskHistorians\"&gt;/r/AskHistorians&lt;/a&gt;. &lt;strong&gt;Please &lt;a href=\"https://www.reddit.com/r/AskHistorians/wiki/rules\"&gt;Read Our Rules&lt;/a&gt; before you comment in this community&lt;/strong&gt;. Understand that &lt;a href=\"https://www.reddit.com/r/AskHistorians/comments/h8aefx/rules_roundtable_xviii_removed_curation_and_why/\"&gt;rule breaking comments get removed&lt;/a&gt;.&lt;/p&gt;\n\n&lt;h1&gt;Please consider &lt;strong&gt;&lt;a href=\"https://www.reddit.com/message/compose/?to=RemindMeBot&amp;amp;subject=Reminder&amp;amp;message=%5Bhttps://www.reddit.com/r/AskHistorians/comments/mk0eqh/what_changed_in_the_united_states_in_the_1990s/%5D%0A%0ARemindMe!%202%20days\"&gt;Clicking Here for RemindMeBot&lt;/a&gt;&lt;/strong&gt; as it takes time for an answer to be written. Additionally, for weekly content summaries, &lt;strong&gt;&lt;a href=\"https://www.reddit.com/message/compose/?to=AHMessengerBot&amp;amp;subject=Subscribe&amp;amp;message=!subscribe\"&gt;Click Here to Subscribe to our Weekly Roundup&lt;/a&gt;&lt;/strong&gt;.&lt;/h1&gt;\n\n&lt;p&gt;We thank you for your interest in this &lt;em&gt;question&lt;/em&gt;, and your patience in waiting for an in-depth and comprehensive answer to show up. In addition to RemindMeBot, consider &lt;a href=\"https://www.reddit.com/r/AskHistorians/comments/d6dzi7/tired_of_clicking_to_find_only_removed_comments/\"&gt;using our Browser Extension&lt;/a&gt;, or getting the &lt;a href=\"https://www.reddit.com/message/compose?to=subredditsummarybot&amp;amp;subject=askhistorians+weekly&amp;amp;message=x\"&gt;Weekly Roundup&lt;/a&gt;. In the meantime our &lt;a href=\"https://twitter.com/askhistorians\"&gt;Twitter&lt;/a&gt;, &lt;a href=\"https://www.facebook.com/askhistorians/\"&gt;Facebook&lt;/a&gt;, and &lt;a href=\"https://www.reddit.com/r/AskHistorians/search?q=title%3A%22Sunday+Digest%22&amp;amp;restrict_sr=on&amp;amp;sort=new&amp;amp;t=all\"&gt;Sunday Digest&lt;/a&gt; feature excellent content that has already been written!&lt;/p&gt;\n\n&lt;p&gt;&lt;em&gt;I am a bot, and this action was performed automatically. Please &lt;a href=\"/message/compose/?to=/r/AskHistorians\"&gt;contact the moderators of this subreddit&lt;/a&gt; if you have any questions or concerns.&lt;/em&gt;&lt;/p&gt;\n&lt;/div&gt;", "gildings": {}, "collapsed_reason": null, "associated_award": null, "stickied": true, "author_premium": true, "subreddit_type": "public", "can_gild": true, "top_awarded_type": null, "approved": false, "author_flair_text_color": null, "score_hidden": false, "permalink": "/r/AskHistorians/comments/mk0eqh/what_changed_in_the_united_states_in_the_1990s/gtd4r6g/", "num_reports": null, "locked": true, "name": "t1_gtd4r6g", "created": 1617585268.0, "subreddit": "AskHistorians", "author_flair_text": null, "treatment_tags": [], "spam": false, "created_utc": 1617556468.0, "subreddit_name_prefixed": "r/AskHistorians", "controversiality": 0, "depth": 0, "author_flair_background_color": null, "collapsed_because_crowd_control": null, "mod_reports": [], "mod_note": null, "distinguished": "moderator"}}, {"kind": "t1", "data": {"total_awards_received": 0, "approved_at_utc": null, "comment_type": null, "awarders": [], "mod_reason_by": null, "banned_by": null, "ups": 33, "author_flair_type": "text", "removal_reason": null, "link_id": "t3_mk0eqh", "author_flair_template_id": null, "likes": null, "replies": "", "user_reports": [], "saved": false, "id": "gte0i37", "banned_at_utc": null, "mod_reason_title": null, "gilded": 0, "archived": false, "removed": false, "no_follow": false, "author": "back-that-sass-up", "can_mod_post": false, "send_replies": true, "parent_id": "t3_mk0eqh", "score": 33, "author_fullname": "t2_406zhlaf", "report_reasons": null, "approved_by": null, "all_awardings": [], "subreddit_id": "t5_2ssp3", "ignore_reports": false, "body": "Your question is built on a bit of a faulty premise. Presidential elections happen only once every four years, and so looking at a 20-year period only gives you five datapoints to draw from. What political scientists do instead is they tend to look at a much longer viewpoint when thinking about historical trends in competitive presidential elections, or they also include midterm elections where only Congress is up for election.\n\nWhy do I bring this up? Because if you zoom out beyond the period from 1968 to 1988, you'll notice that our current period of highly competitive elections is caused by the nature of the political environment rather than the successful party, and that it really isn't a Republican or a Democratic thing to be winning by large margins.\n\nIn the 80-year period between 1904 and 1984, **12 of 21 elections** were won by 10 or more points; 8 by the Republican candidate, and 4 by the Democratic candidate. Since 1988, there hasn't been a single election won by more than 8.5 points (Bill Clinton in 1996). The post-Reconstruction Gilded Age from 1876 to 1900--the last time that the two parties were as polarized as they are now--saw similarly close margins to what we are experiencing nowadays.\n\nSo the question you should be asking is \"Why did American politics become more polarized in the 1990s?\" The answer there is complicated but generally correlates with the Republican Revolution of 1994, where the Republican Party took control of the House of Representatives for the first time in 40 years. Now, I'm not an expert in the Republican Revolution, so I can only give you a systems-level explanation of its causes, but in essence, it was the culmination of decades of political sorting as the two parties became more ideologically distinct from each other. Structural factors (such as the primary system, negative partisanship, and the rise of news television) incentivized further polarization between the two parties, and that large gulf between them has meant that American presidential elections have been much more black-and-white in the past thirty years or so, which has made them more competitive as the number of persuadable voters has shrunk.", "edited": false, "downs": 0, "author_flair_css_class": null, "is_submitter": false, "collapsed": false, "author_flair_richtext": [], "author_patreon_flair": false, "body_html": "&lt;div class=\"md\"&gt;&lt;p&gt;Your question is built on a bit of a faulty premise. Presidential elections happen only once every four years, and so looking at a 20-year period only gives you five datapoints to draw from. What political scientists do instead is they tend to look at a much longer viewpoint when thinking about historical trends in competitive presidential elections, or they also include midterm elections where only Congress is up for election.&lt;/p&gt;\n\n&lt;p&gt;Why do I bring this up? Because if you zoom out beyond the period from 1968 to 1988, you&amp;#39;ll notice that our current period of highly competitive elections is caused by the nature of the political environment rather than the successful party, and that it really isn&amp;#39;t a Republican or a Democratic thing to be winning by large margins.&lt;/p&gt;\n\n&lt;p&gt;In the 80-year period between 1904 and 1984, &lt;strong&gt;12 of 21 elections&lt;/strong&gt; were won by 10 or more points; 8 by the Republican candidate, and 4 by the Democratic candidate. Since 1988, there hasn&amp;#39;t been a single election won by more than 8.5 points (Bill Clinton in 1996). The post-Reconstruction Gilded Age from 1876 to 1900--the last time that the two parties were as polarized as they are now--saw similarly close margins to what we are experiencing nowadays.&lt;/p&gt;\n\n&lt;p&gt;So the question you should be asking is &amp;quot;Why did American politics become more polarized in the 1990s?&amp;quot; The answer there is complicated but generally correlates with the Republican Revolution of 1994, where the Republican Party took control of the House of Representatives for the first time in 40 years. Now, I&amp;#39;m not an expert in the Republican Revolution, so I can only give you a systems-level explanation of its causes, but in essence, it was the culmination of decades of political sorting as the two parties became more ideologically distinct from each other. Structural factors (such as the primary system, negative partisanship, and the rise of news television) incentivized further polarization between the two parties, and that large gulf between them has meant that American presidential elections have been much more black-and-white in the past thirty years or so, which has made them more competitive as the number of persuadable voters has shrunk.&lt;/p&gt;\n&lt;/div&gt;", "gildings": {}, "collapsed_reason": null, "associated_award": null, "stickied": false, "author_premium": false, "subreddit_type": "public", "can_gild": true, "top_awarded_type": null, "approved": false, "author_flair_text_color": null, "score_hidden": false, "permalink": "/r/AskHistorians/comments/mk0eqh/what_changed_in_the_united_states_in_the_1990s/gte0i37/", "num_reports": null, "locked": false, "name": "t1_gte0i37", "created": 1617601784.0, "subreddit": "AskHistorians", "author_flair_text": null, "treatment_tags": [], "spam": false, "created_utc": 1617572984.0, "subreddit_name_prefixed": "r/AskHistorians", "controversiality": 0, "depth": 0, "author_flair_background_color": null, "collapsed_because_crowd_control": null, "mod_reports": [], "mod_note": null, "distinguished": null}}, {"kind": "t1", "data": {"total_awards_received": 0, "approved_at_utc": null, "comment_type": null, "awarders": [], "mod_reason_by": null, "banned_by": null, "ups": 0, "removal_reason": null, "link_id": "t3_mk0eqh", "author_flair_template_id": null, "likes": null, "replies": {"kind": "Listing", "data": {"modhash": null, "dist": null, "children": [{"kind": "t1", "data": {"total_awards_received": 0, "approved_at_utc": null, "comment_type": null, "awarders": [], "mod_reason_by": null, "banned_by": null, "ups": 0, "removal_reason": null, "link_id": "t3_mk0eqh", "author_flair_template_id": null, "likes": null, "replies": "", "user_reports": [], "saved": false, "id": "gtew337", "banned_at_utc": null, "mod_reason_title": null, "gilded": 0, "archived": false, "removed": true, "no_follow": true, "author": "[deleted]", "can_mod_post": false, "send_replies": true, "parent_id": "t1_gteujai", "score": 0, "approved_by": null, "report_reasons": null, "ignore_reports": false, "all_awardings": [], "subreddit_id": "t5_2ssp3", "body": "[removed]", "edited": false, "author_flair_css_class": null, "collapsed": true, "downs": 0, "is_submitter": false, "body_html": "&lt;div class=\"md\"&gt;&lt;p&gt;[removed]&lt;/p&gt;\n&lt;/div&gt;", "gildings": {}, "collapsed_reason": null, "associated_award": null, "stickied": false, "subreddit_type": "public", "can_gild": true, "top_awarded_type": null, "approved": false, "author_flair_text_color": "dark", "score_hidden": false, "permalink": "/r/AskHistorians/comments/mk0eqh/what_changed_in_the_united_states_in_the_1990s/gtew337/", "num_reports": null, "locked": false, "name": "t1_gtew337", "created": 1617619562.0, "subreddit": "AskHistorians", "author_flair_text": null, "treatment_tags": [], "spam": false, "created_utc": 1617590762.0, "subreddit_name_prefixed": "r/AskHistorians", "controversiality": 0, "depth": 1, "author_flair_background_color": "", "collapsed_because_crowd_control": null, "mod_reports": [], "mod_note": null, "distinguished": null}}], "after": null, "before": null}}, "user_reports": [], "saved": false, "id": "gteujai", "banned_at_utc": null, "mod_reason_title": null, "gilded": 0, "archived": false, "removed": true, "no_follow": true, "author": "[deleted]", "can_mod_post": false, "send_replies": true, "parent_id": "t3_mk0eqh", "score": 0, "approved_by": null, "report_reasons": null, "ignore_reports": false, "all_awardings": [], "subreddit_id": "t5_2ssp3", "body": "[removed]", "edited": false, "downs": 0, "author_flair_css_class": null, "collapsed": true, "is_submitter": false, "body_html": "&lt;div class=\"md\"&gt;&lt;p&gt;[removed]&lt;/p&gt;\n&lt;/div&gt;", "gildings": {}, "collapsed_reason": null, "associated_award": null, "stickied": false, "subreddit_type": "public", "can_gild": true, "top_awarded_type": null, "approved": false, "author_flair_text_color": "dark", "score_hidden": false, "permalink": "/r/AskHistorians/comments/mk0eqh/what_changed_in_the_united_states_in_the_1990s/gteujai/", "num_reports": null, "locked": false, "name": "t1_gteujai", "created": 1617618648.0, "subreddit": "AskHistorians", "author_flair_text": null, "treatment_tags": [], "spam": false, "created_utc": 1617589848.0, "subreddit_name_prefixed": "r/AskHistorians", "controversiality": 1, "depth": 0, "author_flair_background_color": "", "collapsed_because_crowd_control": null, "mod_reports": [], "mod_note": null, "distinguished": null}}], "after": null, "before": null}}]