[{"kind": "Listing", "data": {"modhash": "", "dist": 1, "children": [{"kind": "t3", "data": {"approved_at_utc": null, "subreddit": "AskHistorians", "selftext": "Unlike basically anywhere else in the United States, Louisiana has historically hosted a vibrant, influential, and financially solvent community of Creole people of mixed French and African descent. The whole existence of this community defies a lot of our expectations about race in the USA, but these people are essential to the history of New Orleans. \n\nSo how did Creole people react to Louisiana's decision to secede from the USA in defence of slavery? Were these people generally Unionists or did many work with the new government? Did many Creoles own slaves themselves?\n\nBecause New Orleans was probably the biggest port of the Confederacy, this community was probably pretty important during that period.", "user_reports": [], "saved": false, "mod_reason_title": null, "gilded": 0, "clicked": false, "title": "What role did the Creoles, Louisiana's free people of color, play during the Civil War?", "link_flair_richtext": [], "subreddit_name_prefixed": "r/AskHistorians", "hidden": false, "pwls": 6, "link_flair_css_class": null, "downs": 0, "parent_whitelist_status": "all_ads", "hide_score": false, "name": "t3_abl310", "quarantine": false, "link_flair_text_color": "dark", "upvote_ratio": 0.71, "author_flair_background_color": "#b87317", "subreddit_type": "public", "ups": 13, "total_awards_received": 0, "media_embed": {}, "author_flair_template_id": "98d8fdba-c626-11e2-bd52-12313b06caaf", "is_original_content": false, "author_fullname": "t2_bze20", "secure_media": null, "is_reddit_media_domain": false, "is_meta": false, "category": null, "secure_media_embed": {}, "link_flair_text": null, "can_mod_post": false, "num_duplicates": 1, "approved_by": null, "author_premium": false, "thumbnail": "", "edited": false, "author_flair_css_class": null, "author_flair_richtext": [{"e": "text", "t": "Interesting Inquirer"}], "gildings": {}, "content_categories": null, "is_self": true, "mod_note": null, "created": 1546399883.0, "link_flair_type": "text", "wls": 6, "removed_by_category": null, "banned_by": null, "author_flair_type": "richtext", "domain": "self.AskHistorians", "allow_live_comments": false, "selftext_html": "&lt;!-- SC_OFF --&gt;&lt;div class=\"md\"&gt;&lt;p&gt;Unlike basically anywhere else in the United States, Louisiana has historically hosted a vibrant, influential, and financially solvent community of Creole people of mixed French and African descent. The whole existence of this community defies a lot of our expectations about race in the USA, but these people are essential to the history of New Orleans. &lt;/p&gt;\n\n&lt;p&gt;So how did Creole people react to Louisiana&amp;#39;s decision to secede from the USA in defence of slavery? Were these people generally Unionists or did many work with the new government? Did many Creoles own slaves themselves?&lt;/p&gt;\n\n&lt;p&gt;Because New Orleans was probably the biggest port of the Confederacy, this community was probably pretty important during that period.&lt;/p&gt;\n&lt;/div&gt;&lt;!-- SC_ON --&gt;", "likes": null, "suggested_sort": null, "banned_at_utc": null, "view_count": null, "archived": true, "score": 13, "no_follow": false, "is_crosspostable": false, "pinned": false, "over_18": false, "all_awardings": [], "awarders": [], "media_only": false, "can_gild": false, "spoiler": false, "locked": false, "author_flair_text": "Interesting Inquirer", "treatment_tags": [], "visited": false, "removed_by": null, "num_reports": null, "distinguished": null, "subreddit_id": "t5_2ssp3", "mod_reason_by": null, "removal_reason": null, "link_flair_background_color": "", "id": "abl310", "is_robot_indexable": true, "report_reasons": null, "author": "Vladith", "discussion_type": null, "num_comments": 1, "send_replies": true, "media": null, "contest_mode": false, "author_patreon_flair": false, "author_flair_text_color": "light", "permalink": "/r/AskHistorians/comments/abl310/what_role_did_the_creoles_louisianas_free_people/", "whitelist_status": "all_ads", "stickied": false, "url": "https://www.reddit.com/r/AskHistorians/comments/abl310/what_role_did_the_creoles_louisianas_free_people/", "subreddit_subscribers": 1160608, "created_utc": 1546371083.0, "num_crossposts": 0, "mod_reports": [], "is_video": false}}], "after": null, "before": null}}, {"kind": "Listing", "data": {"modhash": "", "dist": null, "children": [{"kind": "t1", "data": {"total_awards_received": 0, "approved_at_utc": null, "ups": 10, "awarders": [], "mod_reason_by": null, "banned_by": null, "author_flair_type": "text", "removal_reason": null, "link_id": "t3_abl310", "author_flair_template_id": null, "likes": null, "replies": "", "user_reports": [], "saved": false, "id": "ed1a07w", "banned_at_utc": null, "mod_reason_title": null, "gilded": 0, "archived": true, "no_follow": false, "author": "RenardLouisianais", "can_mod_post": false, "send_replies": true, "parent_id": "t3_abl310", "score": 10, "author_fullname": "t2_20mqdumh", "report_reasons": null, "approved_by": null, "all_awardings": [], "subreddit_id": "t5_2ssp3", "body": "I'm going to allow somebody more qualified than I answer your question, but I will insert a note: Your definition of Creoles as Louisiana's free people of color is incomplete. Technically, you're speaking of *Cr\u00e9oles de couleur*. To be Creole during the time period, one needed only to be born in the colony of the Spanish \"Luisiana\" / French \"la Louisiane\" as opposed to being a European/Canadian immigrant or a slave brought directly from Africa, and thus there were and are French Creoles, German Creoles, Spanish Creoles, African Creoles and any mixture therein. The white P.G.T. Beauregard, an aristocratic Confederate general during the Civil War, actually bore the nickname \"The Little Creole\" among his Am\u00e9ricain peers. The \"white francophones = Cajuns\" and \"black francophones = Creoles\" dichotomy is a relatively recent (and incorrect) invention and does not reflect how people at the time of the Purchase actually identified themselves. Anyone can be Creole, regardless of their ethnic background.   \n\n\nIf you want to more about Creoles of color, Emily Clark's *The Strange History of the American Quadroon* might interest you, as it primarily focuses on New Orleans.   \n\n\nSome Creoles of color did indeed fight for the Confederacy, most notably the 1st Louisiana Native Guard, which was founded and manned by volunteer Creoles of color, mainly from New Orleans. They were militiamen more than anything else, but still possess a symbolic significance for New Orleanians. Many Creoles of color did indeed own slaves, but for the most part, they were motivated by their general discontent regarding American ideals entering Louisiana, because Colonial Louisiana did not adhere to the One-Drop Rule; the idea that all whites were superior to all blacks (and that even a single African ancestor qualified you as \"black\") relegated Creoles of color to a position inferior to that which they had held under French and Spanish laws. I won't go into detail because, again, I am not an expert on the topic.  \n\n\nBennett Wall's *Louisiana: A History* and Fertel's *Imagining the Creole City* might also give you the answers you seek, although these texts do not exclusively focus on Creoles of color but rather on Creoles and non-Creoles as a whole. When discussing some of your questions, however, the status of Creoles is better seen as pre- and post-Louisiana Purchase rather than pre- and post-Civil War.   \n\n\nI'm sorry I couldn't be of more help (I can share further opinions and facts, as this is a topic that I enjoy reading about, but I have a poor memory for exact sources and by the rules of this sub am probably not qualified to recount much more than I already have), but I hope I was able to point you in the right direction. ", "edited": false, "downs": 0, "author_flair_css_class": null, "is_submitter": false, "collapsed": false, "author_flair_richtext": [], "author_patreon_flair": false, "body_html": "&lt;div class=\"md\"&gt;&lt;p&gt;I&amp;#39;m going to allow somebody more qualified than I answer your question, but I will insert a note: Your definition of Creoles as Louisiana&amp;#39;s free people of color is incomplete. Technically, you&amp;#39;re speaking of &lt;em&gt;Cr\u00e9oles de couleur&lt;/em&gt;. To be Creole during the time period, one needed only to be born in the colony of the Spanish &amp;quot;Luisiana&amp;quot; / French &amp;quot;la Louisiane&amp;quot; as opposed to being a European/Canadian immigrant or a slave brought directly from Africa, and thus there were and are French Creoles, German Creoles, Spanish Creoles, African Creoles and any mixture therein. The white P.G.T. Beauregard, an aristocratic Confederate general during the Civil War, actually bore the nickname &amp;quot;The Little Creole&amp;quot; among his Am\u00e9ricain peers. The &amp;quot;white francophones = Cajuns&amp;quot; and &amp;quot;black francophones = Creoles&amp;quot; dichotomy is a relatively recent (and incorrect) invention and does not reflect how people at the time of the Purchase actually identified themselves. Anyone can be Creole, regardless of their ethnic background.   &lt;/p&gt;\n\n&lt;p&gt;If you want to more about Creoles of color, Emily Clark&amp;#39;s &lt;em&gt;The Strange History of the American Quadroon&lt;/em&gt; might interest you, as it primarily focuses on New Orleans.   &lt;/p&gt;\n\n&lt;p&gt;Some Creoles of color did indeed fight for the Confederacy, most notably the 1st Louisiana Native Guard, which was founded and manned by volunteer Creoles of color, mainly from New Orleans. They were militiamen more than anything else, but still possess a symbolic significance for New Orleanians. Many Creoles of color did indeed own slaves, but for the most part, they were motivated by their general discontent regarding American ideals entering Louisiana, because Colonial Louisiana did not adhere to the One-Drop Rule; the idea that all whites were superior to all blacks (and that even a single African ancestor qualified you as &amp;quot;black&amp;quot;) relegated Creoles of color to a position inferior to that which they had held under French and Spanish laws. I won&amp;#39;t go into detail because, again, I am not an expert on the topic.  &lt;/p&gt;\n\n&lt;p&gt;Bennett Wall&amp;#39;s &lt;em&gt;Louisiana: A History&lt;/em&gt; and Fertel&amp;#39;s &lt;em&gt;Imagining the Creole City&lt;/em&gt; might also give you the answers you seek, although these texts do not exclusively focus on Creoles of color but rather on Creoles and non-Creoles as a whole. When discussing some of your questions, however, the status of Creoles is better seen as pre- and post-Louisiana Purchase rather than pre- and post-Civil War.   &lt;/p&gt;\n\n&lt;p&gt;I&amp;#39;m sorry I couldn&amp;#39;t be of more help (I can share further opinions and facts, as this is a topic that I enjoy reading about, but I have a poor memory for exact sources and by the rules of this sub am probably not qualified to recount much more than I already have), but I hope I was able to point you in the right direction. &lt;/p&gt;\n&lt;/div&gt;", "gildings": {}, "collapsed_reason": null, "associated_award": null, "stickied": false, "author_premium": true, "subreddit_type": "public", "can_gild": true, "subreddit": "AskHistorians", "author_flair_text_color": null, "score_hidden": false, "permalink": "/r/AskHistorians/comments/abl310/what_role_did_the_creoles_louisianas_free_people/ed1a07w/", "num_reports": null, "locked": false, "name": "t1_ed1a07w", "created": 1546405136.0, "author_flair_text": null, "treatment_tags": [], "created_utc": 1546376336.0, "subreddit_name_prefixed": "r/AskHistorians", "controversiality": 0, "depth": 0, "author_flair_background_color": null, "collapsed_because_crowd_control": null, "mod_reports": [], "mod_note": null, "distinguished": null}}], "after": null, "before": null}}]