[{"kind": "Listing", "data": {"modhash": "", "dist": 1, "children": [{"kind": "t3", "data": {"approved_at_utc": null, "subreddit": "AskHistorians", "selftext": "[Previous weeks!](/r/AskHistorians/search?q=Thursday+Reading+%26+Research&amp;restrict_sr=on&amp;sort=new&amp;t=all)\n\nThursday Reading and Recommendations is intended as bookish free-for-all, for the discussion and recommendation of all books historical, or tangentially so. Suggested topics include, but are by no means limited to:\n\n * Asking for book recommendations on specific topics or periods of history\n \n * Newly published books and articles you're dying to read\n\n * Recent book releases, old book reviews, reading recommendations, or just talking about what you're reading now\n\n * Historiographical discussions, debates, and disputes\n \n * ...And so on!\n\nRegular participants in the Thursday threads should just keep doing what they've been doing; newcomers should take notice that this thread is meant for open discussion of history and books, not just anything you like -- we'll have a thread on Friday for that, as usual.", "user_reports": [], "saved": false, "mod_reason_title": null, "gilded": 0, "clicked": false, "title": "Thursday Reading &amp; Recommendations | April 02, 2020", "link_flair_richtext": [{"e": "text", "t": "RnR"}], "subreddit_name_prefixed": "r/AskHistorians", "hidden": false, "pwls": 6, "link_flair_css_class": "feature", "downs": 0, "parent_whitelist_status": "all_ads", "hide_score": false, "name": "t3_ftmwi7", "quarantine": false, "link_flair_text_color": "dark", "upvote_ratio": 0.82, "author_flair_background_color": "#993366", "subreddit_type": "public", "ups": 7, "total_awards_received": 0, "media_embed": {}, "author_flair_template_id": "9e641f94-c626-11e2-8e2c-12313b0b21ae", "is_original_content": false, "author_fullname": "t2_6l4z3", "secure_media": null, "is_reddit_media_domain": false, "is_meta": false, "category": null, "secure_media_embed": {}, "link_flair_text": "RnR", "can_mod_post": false, "num_duplicates": 1, "approved_by": null, "author_premium": true, "thumbnail": "", "edited": false, "author_flair_css_class": null, "author_flair_richtext": [{"e": "text", "t": "History of Robotics"}], "gildings": {}, "content_categories": null, "is_self": true, "mod_note": null, "created": 1585865113.0, "link_flair_type": "richtext", "wls": 6, "removed_by_category": null, "banned_by": null, "author_flair_type": "richtext", "domain": "self.AskHistorians", "allow_live_comments": false, "selftext_html": "&lt;!-- SC_OFF --&gt;&lt;div class=\"md\"&gt;&lt;p&gt;&lt;a href=\"/r/AskHistorians/search?q=Thursday+Reading+%26+Research&amp;amp;restrict_sr=on&amp;amp;sort=new&amp;amp;t=all\"&gt;Previous weeks!&lt;/a&gt;&lt;/p&gt;\n\n&lt;p&gt;Thursday Reading and Recommendations is intended as bookish free-for-all, for the discussion and recommendation of all books historical, or tangentially so. Suggested topics include, but are by no means limited to:&lt;/p&gt;\n\n&lt;ul&gt;\n&lt;li&gt;&lt;p&gt;Asking for book recommendations on specific topics or periods of history&lt;/p&gt;&lt;/li&gt;\n&lt;li&gt;&lt;p&gt;Newly published books and articles you&amp;#39;re dying to read&lt;/p&gt;&lt;/li&gt;\n&lt;li&gt;&lt;p&gt;Recent book releases, old book reviews, reading recommendations, or just talking about what you&amp;#39;re reading now&lt;/p&gt;&lt;/li&gt;\n&lt;li&gt;&lt;p&gt;Historiographical discussions, debates, and disputes&lt;/p&gt;&lt;/li&gt;\n&lt;li&gt;&lt;p&gt;...And so on!&lt;/p&gt;&lt;/li&gt;\n&lt;/ul&gt;\n\n&lt;p&gt;Regular participants in the Thursday threads should just keep doing what they&amp;#39;ve been doing; newcomers should take notice that this thread is meant for open discussion of history and books, not just anything you like -- we&amp;#39;ll have a thread on Friday for that, as usual.&lt;/p&gt;\n&lt;/div&gt;&lt;!-- SC_ON --&gt;", "likes": null, "suggested_sort": "new", "banned_at_utc": null, "view_count": null, "archived": false, "score": 7, "no_follow": true, "is_crosspostable": false, "pinned": false, "over_18": false, "all_awardings": [], "awarders": [], "media_only": false, "link_flair_template_id": "af67e55a-c626-11e2-8d4b-12313d1841d1", "can_gild": false, "spoiler": false, "locked": false, "author_flair_text": "History of Robotics", "treatment_tags": [], "visited": false, "removed_by": null, "num_reports": null, "distinguished": "moderator", "subreddit_id": "t5_2ssp3", "mod_reason_by": null, "removal_reason": null, "link_flair_background_color": "#cee3f8", "id": "ftmwi7", "is_robot_indexable": true, "report_reasons": null, "author": "AutoModerator", "discussion_type": null, "num_comments": 13, "send_replies": false, "media": null, "contest_mode": false, "author_patreon_flair": false, "author_flair_text_color": "light", "permalink": "/r/AskHistorians/comments/ftmwi7/thursday_reading_recommendations_april_02_2020/", "whitelist_status": "all_ads", "stickied": false, "url": "https://www.reddit.com/r/AskHistorians/comments/ftmwi7/thursday_reading_recommendations_april_02_2020/", "subreddit_subscribers": 1162704, "created_utc": 1585836313.0, "num_crossposts": 0, "mod_reports": [], "is_video": false}}], "after": null, "before": null}}, {"kind": "Listing", "data": {"modhash": "", "dist": null, "children": [{"kind": "t1", "data": {"total_awards_received": 0, "approved_at_utc": null, "ups": 2, "awarders": [], "mod_reason_by": null, "banned_by": null, "author_flair_type": "text", "removal_reason": null, "link_id": "t3_ftmwi7", "author_flair_template_id": null, "likes": null, "replies": {"kind": "Listing", "data": {"modhash": "", "dist": null, "children": [{"kind": "t1", "data": {"total_awards_received": 0, "approved_at_utc": null, "ups": 4, "awarders": [], "mod_reason_by": null, "banned_by": null, "author_flair_type": "text", "removal_reason": null, "link_id": "t3_ftmwi7", "author_flair_template_id": null, "likes": null, "replies": {"kind": "Listing", "data": {"modhash": "", "dist": null, "children": [{"kind": "t1", "data": {"total_awards_received": 0, "approved_at_utc": null, "ups": 2, "awarders": [], "mod_reason_by": null, "banned_by": null, "author_flair_type": "text", "removal_reason": null, "link_id": "t3_ftmwi7", "author_flair_template_id": null, "likes": null, "replies": {"kind": "Listing", "data": {"modhash": "", "dist": null, "children": [{"kind": "t1", "data": {"total_awards_received": 0, "approved_at_utc": null, "ups": 2, "awarders": [], "mod_reason_by": null, "banned_by": null, "author_flair_type": "text", "removal_reason": null, "link_id": "t3_ftmwi7", "author_flair_template_id": null, "likes": null, "replies": "", "user_reports": [], "saved": false, "id": "fmcpmmi", "banned_at_utc": null, "mod_reason_title": null, "gilded": 0, "archived": false, "no_follow": true, "author": "ahopefullycuterrobot", "can_mod_post": false, "send_replies": true, "parent_id": "t1_fmcl6kg", "score": 2, "author_fullname": "t2_45x1ulei", "report_reasons": null, "approved_by": null, "all_awardings": [], "subreddit_id": "t5_2ssp3", "body": "Glad to help! I feel you on this one. I've been out of the history game for a bit so and was always more of an early to mid-twentieth century person, so am now trying to reacquaint myself with the 18th and 19th century. \n\nOooh. I actually do not know too many works that look to the transnational legal/ideological influences on the Holocaust. But, I would strongly recommend, if your class did not have you read it, *Ordinary Men,* since it focuses on the on-the-ground social dynamics of those who carried out the genocide.\n\nAnd I think Saul Friedl\u00e4nder's book *The Years of Extermination* has received a lot of praise. I have to admit, I felt it was almost too detailed and so it made it hard for me to grasp the narrative, but it might be useful for your purposes. \n\nFor East vs. West German comparisons, a good place to start would probably be *The Divided Nation* by Fulbrook, which is a textbook on post-World War I German history with good focus on the GDR.\n\nI know very little about the 60s, but I remember reading *The Other Alliance* which traces contact between the German SDS (Sozialistischer Deutscher Studentenbund) and the American SDS (Students for a Democratic Society). \n\nI'm pretty ignorant of military history, but I did read one collection of articles on home and front interaction called, appropriately enough, *The Military, War and Gender in Twentieth-Century Germany*. I particularly liked the essays by Nelson, Sch\u00f6nberger, Davis, and Harvey. (Note: I barely remember them. I just have a marked up copy where I starred those essays, which tends to mean I liked them a lot.)", "edited": false, "downs": 0, "author_flair_css_class": null, "is_submitter": false, "collapsed": false, "author_flair_richtext": [], "author_patreon_flair": false, "body_html": "&lt;div class=\"md\"&gt;&lt;p&gt;Glad to help! I feel you on this one. I&amp;#39;ve been out of the history game for a bit so and was always more of an early to mid-twentieth century person, so am now trying to reacquaint myself with the 18th and 19th century. &lt;/p&gt;\n\n&lt;p&gt;Oooh. I actually do not know too many works that look to the transnational legal/ideological influences on the Holocaust. But, I would strongly recommend, if your class did not have you read it, &lt;em&gt;Ordinary Men,&lt;/em&gt; since it focuses on the on-the-ground social dynamics of those who carried out the genocide.&lt;/p&gt;\n\n&lt;p&gt;And I think Saul Friedl\u00e4nder&amp;#39;s book &lt;em&gt;The Years of Extermination&lt;/em&gt; has received a lot of praise. I have to admit, I felt it was almost too detailed and so it made it hard for me to grasp the narrative, but it might be useful for your purposes. &lt;/p&gt;\n\n&lt;p&gt;For East vs. West German comparisons, a good place to start would probably be &lt;em&gt;The Divided Nation&lt;/em&gt; by Fulbrook, which is a textbook on post-World War I German history with good focus on the GDR.&lt;/p&gt;\n\n&lt;p&gt;I know very little about the 60s, but I remember reading &lt;em&gt;The Other Alliance&lt;/em&gt; which traces contact between the German SDS (Sozialistischer Deutscher Studentenbund) and the American SDS (Students for a Democratic Society). &lt;/p&gt;\n\n&lt;p&gt;I&amp;#39;m pretty ignorant of military history, but I did read one collection of articles on home and front interaction called, appropriately enough, &lt;em&gt;The Military, War and Gender in Twentieth-Century Germany&lt;/em&gt;. I particularly liked the essays by Nelson, Sch\u00f6nberger, Davis, and Harvey. (Note: I barely remember them. I just have a marked up copy where I starred those essays, which tends to mean I liked them a lot.)&lt;/p&gt;\n&lt;/div&gt;", "gildings": {}, "collapsed_reason": null, "associated_award": null, "stickied": false, "author_premium": false, "subreddit_type": "public", "can_gild": true, "subreddit": "AskHistorians", "author_flair_text_color": null, "score_hidden": false, "permalink": "/r/AskHistorians/comments/ftmwi7/thursday_reading_recommendations_april_02_2020/fmcpmmi/", "num_reports": null, "locked": false, "name": "t1_fmcpmmi", "created": 1585979106.0, "author_flair_text": null, "treatment_tags": [], "created_utc": 1585950306.0, "subreddit_name_prefixed": "r/AskHistorians", "controversiality": 0, "depth": 3, "author_flair_background_color": null, "collapsed_because_crowd_control": null, "mod_reports": [], "mod_note": null, "distinguished": null}}], "after": null, "before": null}}, "user_reports": [], "saved": false, "id": "fmcl6kg", "banned_at_utc": null, "mod_reason_title": null, "gilded": 0, "archived": false, "no_follow": true, "author": "IllustriousStable0", "can_mod_post": false, "created_utc": 1585947790.0, "send_replies": true, "parent_id": "t1_fmc3byr", "score": 2, "author_fullname": "t2_3dvh1zk5", "report_reasons": null, "approved_by": null, "all_awardings": [], "subreddit_id": "t5_2ssp3", "body": "Thank you for your suggestions. These sounds great!\n\nI like the surveys of the other areas so I have just a broad knowledge of the areas so then I can dive into what I am most interested in. I did take a course of Holocaust History and would enjoy more reading on that. During that course, I read a book on how Hitler based his blood laws on the Jim Crow South and Eugenics going on in the U.S. Examinations that go across borders like that are particularly interesting. I'd also be interested in West v. East Germany.\n\nI've done a lot of work on the social movements of the 1960s in the United States, so it would be interesting to compare what was going on in Europe at the same time.\n\nWhile social history is my favorite, political is a close second. The political is the personal. I like political because it is what defines the everyday experiences in the social history I like to read. I like military history from the idea that I like to see how the wars affect the homefront.", "edited": false, "author_flair_css_class": null, "is_submitter": false, "downs": 0, "author_flair_richtext": [], "author_patreon_flair": false, "body_html": "&lt;div class=\"md\"&gt;&lt;p&gt;Thank you for your suggestions. These sounds great!&lt;/p&gt;\n\n&lt;p&gt;I like the surveys of the other areas so I have just a broad knowledge of the areas so then I can dive into what I am most interested in. I did take a course of Holocaust History and would enjoy more reading on that. During that course, I read a book on how Hitler based his blood laws on the Jim Crow South and Eugenics going on in the U.S. Examinations that go across borders like that are particularly interesting. I&amp;#39;d also be interested in West v. East Germany.&lt;/p&gt;\n\n&lt;p&gt;I&amp;#39;ve done a lot of work on the social movements of the 1960s in the United States, so it would be interesting to compare what was going on in Europe at the same time.&lt;/p&gt;\n\n&lt;p&gt;While social history is my favorite, political is a close second. The political is the personal. I like political because it is what defines the everyday experiences in the social history I like to read. I like military history from the idea that I like to see how the wars affect the homefront.&lt;/p&gt;\n&lt;/div&gt;", "gildings": {}, "collapsed_reason": null, "associated_award": null, "stickied": false, "author_premium": false, "subreddit_type": "public", "can_gild": true, "subreddit": "AskHistorians", "author_flair_text_color": null, "score_hidden": false, "permalink": "/r/AskHistorians/comments/ftmwi7/thursday_reading_recommendations_april_02_2020/fmcl6kg/", "num_reports": null, "locked": false, "name": "t1_fmcl6kg", "created": 1585976590.0, "author_flair_text": null, "treatment_tags": [], "collapsed": false, "subreddit_name_prefixed": "r/AskHistorians", "controversiality": 0, "depth": 2, "author_flair_background_color": null, "collapsed_because_crowd_control": null, "mod_reports": [], "mod_note": null, "distinguished": null}}], "after": null, "before": null}}, "user_reports": [], "saved": false, "id": "fmc3byr", "banned_at_utc": null, "mod_reason_title": null, "gilded": 0, "archived": false, "no_follow": true, "author": "ahopefullycuterrobot", "can_mod_post": false, "send_replies": true, "parent_id": "t1_fmaf2un", "score": 4, "author_fullname": "t2_45x1ulei", "report_reasons": null, "approved_by": null, "all_awardings": [], "subreddit_id": "t5_2ssp3", "collapsed": false, "body": "Disclaimer: My interests are modern European history. I like social history, but I tend to skew more towards political. \n\nThe Penguin *History of Europe* series. I've read the Blanning and most of the Evans one. I think they can have something of social history flair to them. E.g. Blanning had a pretty detailed look at farming and transportation methods in the early modern period. And Evan talks a fair bit about peasant life. \n\nThere might be two issues: Neither of the two I've read seemed to have enough coverage of race or gender for me. They all were made for a mass audience and so lack footnotes, but have extensive bibliographies, although unfortunately each has a very different style. (Blanning breaks his up by section, Evans by theme, Kershaw lists everything alphabetically but notes which has been quote directly.)\n\nDespite those two critiques, the two I've read are highly detailed and the bibliographies definitely give you a good place for further research. \n\nIn a similar vein, *Postwar*, by Judt was pretty well received and I still see it recommended. It focuses on, well, European history after the second world war. I'm sceptical of some of its arguments, E.g. I think Judt is a little too approving of historical amnesia and he seems to really hate 1960s social movements, but I still find it enjoyable. As before, written for a popular audience, so no footnotes, but extensive bibliography.\n\nFor more scholarly surveys, I really liked *Dark Continent* by Mazower, although if my memory serves it was more political history than social.  It's a history of modern Europe from after the First World War. \n\nWhile I have never read it, I have heard very good things about Osterhammel's *The Transformation of the World*, which is about the long nineteenth century in global perspective, talking about political practice, cultural activities, economic changes, etc.\n\nThere are also some fun local surveys. E.g. Judson's *The Habsburg Empire* for Austria-Hungary, Blackbourn's *History of Germany 1780-1918*, or Zurcher's *Turkey A Modern History*. The Penguin *Histories* that I have read have a list of surveys for the countries they touch on, which might prove useful to you in a similar vein, if you find the continent-level survey unattractive and want something more focused.", "edited": false, "author_flair_css_class": null, "is_submitter": false, "downs": 0, "author_flair_richtext": [], "author_patreon_flair": false, "body_html": "&lt;div class=\"md\"&gt;&lt;p&gt;Disclaimer: My interests are modern European history. I like social history, but I tend to skew more towards political. &lt;/p&gt;\n\n&lt;p&gt;The Penguin &lt;em&gt;History of Europe&lt;/em&gt; series. I&amp;#39;ve read the Blanning and most of the Evans one. I think they can have something of social history flair to them. E.g. Blanning had a pretty detailed look at farming and transportation methods in the early modern period. And Evan talks a fair bit about peasant life. &lt;/p&gt;\n\n&lt;p&gt;There might be two issues: Neither of the two I&amp;#39;ve read seemed to have enough coverage of race or gender for me. They all were made for a mass audience and so lack footnotes, but have extensive bibliographies, although unfortunately each has a very different style. (Blanning breaks his up by section, Evans by theme, Kershaw lists everything alphabetically but notes which has been quote directly.)&lt;/p&gt;\n\n&lt;p&gt;Despite those two critiques, the two I&amp;#39;ve read are highly detailed and the bibliographies definitely give you a good place for further research. &lt;/p&gt;\n\n&lt;p&gt;In a similar vein, &lt;em&gt;Postwar&lt;/em&gt;, by Judt was pretty well received and I still see it recommended. It focuses on, well, European history after the second world war. I&amp;#39;m sceptical of some of its arguments, E.g. I think Judt is a little too approving of historical amnesia and he seems to really hate 1960s social movements, but I still find it enjoyable. As before, written for a popular audience, so no footnotes, but extensive bibliography.&lt;/p&gt;\n\n&lt;p&gt;For more scholarly surveys, I really liked &lt;em&gt;Dark Continent&lt;/em&gt; by Mazower, although if my memory serves it was more political history than social.  It&amp;#39;s a history of modern Europe from after the First World War. &lt;/p&gt;\n\n&lt;p&gt;While I have never read it, I have heard very good things about Osterhammel&amp;#39;s &lt;em&gt;The Transformation of the World&lt;/em&gt;, which is about the long nineteenth century in global perspective, talking about political practice, cultural activities, economic changes, etc.&lt;/p&gt;\n\n&lt;p&gt;There are also some fun local surveys. E.g. Judson&amp;#39;s &lt;em&gt;The Habsburg Empire&lt;/em&gt; for Austria-Hungary, Blackbourn&amp;#39;s &lt;em&gt;History of Germany 1780-1918&lt;/em&gt;, or Zurcher&amp;#39;s &lt;em&gt;Turkey A Modern History&lt;/em&gt;. The Penguin &lt;em&gt;Histories&lt;/em&gt; that I have read have a list of surveys for the countries they touch on, which might prove useful to you in a similar vein, if you find the continent-level survey unattractive and want something more focused.&lt;/p&gt;\n&lt;/div&gt;", "gildings": {}, "collapsed_reason": null, "associated_award": null, "stickied": false, "author_premium": false, "subreddit_type": "public", "can_gild": true, "subreddit": "AskHistorians", "author_flair_text_color": null, "score_hidden": false, "permalink": "/r/AskHistorians/comments/ftmwi7/thursday_reading_recommendations_april_02_2020/fmc3byr/", "num_reports": null, "locked": false, "name": "t1_fmc3byr", "created": 1585966921.0, "author_flair_text": null, "treatment_tags": [], "created_utc": 1585938121.0, "subreddit_name_prefixed": "r/AskHistorians", "controversiality": 0, "depth": 1, "author_flair_background_color": null, "collapsed_because_crowd_control": null, "mod_reports": [], "mod_note": null, "distinguished": null}}], "after": null, "before": null}}, "user_reports": [], "saved": false, "id": "fmaf2un", "banned_at_utc": null, "mod_reason_title": null, "gilded": 0, "archived": false, "no_follow": true, "author": "IllustriousStable0", "can_mod_post": false, "send_replies": true, "parent_id": "t3_ftmwi7", "score": 2, "author_fullname": "t2_3dvh1zk5", "report_reasons": null, "approved_by": null, "all_awardings": [], "subreddit_id": "t5_2ssp3", "body": "I'm looking to expand my general knowledge of history. I have a bachelors in American History but lack substantial knowledge about the rest of the world. Any good surveys that I may be able to find (free or low cost? I'm out of work right now).\n\nI'm particularly interested in social history, especially gender and race. But all kinds of history is welcome!", "edited": false, "downs": 0, "author_flair_css_class": null, "is_submitter": false, "collapsed": false, "author_flair_richtext": [], "author_patreon_flair": false, "body_html": "&lt;div class=\"md\"&gt;&lt;p&gt;I&amp;#39;m looking to expand my general knowledge of history. I have a bachelors in American History but lack substantial knowledge about the rest of the world. Any good surveys that I may be able to find (free or low cost? I&amp;#39;m out of work right now).&lt;/p&gt;\n\n&lt;p&gt;I&amp;#39;m particularly interested in social history, especially gender and race. But all kinds of history is welcome!&lt;/p&gt;\n&lt;/div&gt;", "gildings": {}, "collapsed_reason": null, "associated_award": null, "stickied": false, "author_premium": false, "subreddit_type": "public", "can_gild": true, "subreddit": "AskHistorians", "author_flair_text_color": null, "score_hidden": false, "permalink": "/r/AskHistorians/comments/ftmwi7/thursday_reading_recommendations_april_02_2020/fmaf2un/", "num_reports": null, "locked": false, "name": "t1_fmaf2un", "created": 1585920863.0, "author_flair_text": null, "treatment_tags": [], "created_utc": 1585892063.0, "subreddit_name_prefixed": "r/AskHistorians", "controversiality": 0, "depth": 0, "author_flair_background_color": null, "collapsed_because_crowd_control": null, "mod_reports": [], "mod_note": null, "distinguished": null}}, {"kind": "t1", "data": {"total_awards_received": 0, "approved_at_utc": null, "ups": 2, "awarders": [], "mod_reason_by": null, "banned_by": null, "author_flair_type": "richtext", "removal_reason": null, "link_id": "t3_ftmwi7", "author_flair_template_id": "7b2f3f40-c626-11e2-9a3e-12313d1841d1", "likes": null, "replies": "", "user_reports": [], "saved": false, "id": "fma6rqg", "banned_at_utc": null, "mod_reason_title": null, "gilded": 0, "archived": false, "no_follow": true, "author": "Somecrazynerd", "can_mod_post": false, "send_replies": true, "parent_id": "t3_ftmwi7", "score": 2, "author_fullname": "t2_2qioaxk2", "report_reasons": null, "approved_by": null, "all_awardings": [], "subreddit_id": "t5_2ssp3", "body": "\u201cNew Shoes and Mutton Pies: Investigative Responses To Theft In Seventeenth-Century East Sussex\u201d  by Cynthia Herrup (1984) was a very interesting find of an article. Always a good read when you get to hear a bunch of stories of people living their lives and how it worked out in terms of day-to-day realities.\n\nI would also absolutely recommend \u201cA Biographical Encyclopedia of Early Modern Englishwomen: Exemplary Lives and Memorable Acts, 1500-1650\u201d which is written by a bevy of female scholars and includes all sorts of different women from different walks of life.", "edited": 1585907306.0, "downs": 0, "author_flair_css_class": null, "is_submitter": false, "collapsed": false, "author_flair_richtext": [{"e": "text", "t": "Tudor-Stuart Politics &amp; Society"}], "author_patreon_flair": false, "body_html": "&lt;div class=\"md\"&gt;&lt;p&gt;\u201cNew Shoes and Mutton Pies: Investigative Responses To Theft In Seventeenth-Century East Sussex\u201d  by Cynthia Herrup (1984) was a very interesting find of an article. Always a good read when you get to hear a bunch of stories of people living their lives and how it worked out in terms of day-to-day realities.&lt;/p&gt;\n\n&lt;p&gt;I would also absolutely recommend \u201cA Biographical Encyclopedia of Early Modern Englishwomen: Exemplary Lives and Memorable Acts, 1500-1650\u201d which is written by a bevy of female scholars and includes all sorts of different women from different walks of life.&lt;/p&gt;\n&lt;/div&gt;", "gildings": {}, "collapsed_reason": null, "associated_award": null, "stickied": false, "author_premium": false, "subreddit_type": "public", "can_gild": true, "subreddit": "AskHistorians", "author_flair_text_color": "light", "score_hidden": false, "permalink": "/r/AskHistorians/comments/ftmwi7/thursday_reading_recommendations_april_02_2020/fma6rqg/", "num_reports": null, "locked": false, "name": "t1_fma6rqg", "created": 1585914079.0, "author_flair_text": "Tudor-Stuart Politics &amp; Society", "treatment_tags": [], "created_utc": 1585885279.0, "subreddit_name_prefixed": "r/AskHistorians", "controversiality": 0, "depth": 0, "author_flair_background_color": "#003399", "collapsed_because_crowd_control": null, "mod_reports": [], "mod_note": null, "distinguished": null}}, {"kind": "t1", "data": {"total_awards_received": 0, "approved_at_utc": null, "ups": 2, "awarders": [], "mod_reason_by": null, "banned_by": null, "author_flair_type": "text", "removal_reason": null, "link_id": "t3_ftmwi7", "author_flair_template_id": null, "likes": null, "replies": "", "user_reports": [], "saved": false, "id": "fma0e6p", "banned_at_utc": null, "mod_reason_title": null, "gilded": 0, "archived": false, "no_follow": true, "author": "VideoGameKaiser", "can_mod_post": false, "send_replies": true, "parent_id": "t3_ftmwi7", "score": 2, "author_fullname": "t2_46ksq2ro", "report_reasons": null, "approved_by": null, "all_awardings": [], "subreddit_id": "t5_2ssp3", "body": "Books on The Russian Civil War, politics of the early Soviet Union, Lenin, and Stalin. As you can probably tell I want to do a deep dive on this subject since I\u2019m going to be having a lot of free time because of the lockdown.", "edited": false, "downs": 0, "author_flair_css_class": null, "is_submitter": false, "collapsed": false, "author_flair_richtext": [], "author_patreon_flair": false, "body_html": "&lt;div class=\"md\"&gt;&lt;p&gt;Books on The Russian Civil War, politics of the early Soviet Union, Lenin, and Stalin. As you can probably tell I want to do a deep dive on this subject since I\u2019m going to be having a lot of free time because of the lockdown.&lt;/p&gt;\n&lt;/div&gt;", "gildings": {}, "collapsed_reason": null, "associated_award": null, "stickied": false, "author_premium": false, "subreddit_type": "public", "can_gild": true, "subreddit": "AskHistorians", "author_flair_text_color": null, "score_hidden": false, "permalink": "/r/AskHistorians/comments/ftmwi7/thursday_reading_recommendations_april_02_2020/fma0e6p/", "num_reports": null, "locked": false, "name": "t1_fma0e6p", "created": 1585909553.0, "author_flair_text": null, "treatment_tags": [], "created_utc": 1585880753.0, "subreddit_name_prefixed": "r/AskHistorians", "controversiality": 0, "depth": 0, "author_flair_background_color": null, "collapsed_because_crowd_control": null, "mod_reports": [], "mod_note": null, "distinguished": null}}, {"kind": "t1", "data": {"total_awards_received": 0, "approved_at_utc": null, "ups": 3, "awarders": [], "mod_reason_by": null, "banned_by": null, "author_flair_type": "text", "removal_reason": null, "link_id": "t3_ftmwi7", "author_flair_template_id": null, "likes": null, "replies": "", "user_reports": [], "saved": false, "id": "fm97jtd", "banned_at_utc": null, "mod_reason_title": null, "gilded": 0, "archived": false, "no_follow": true, "author": "cailian97", "can_mod_post": false, "send_replies": true, "parent_id": "t3_ftmwi7", "score": 3, "author_fullname": "t2_r1m72d4", "report_reasons": null, "approved_by": null, "all_awardings": [], "subreddit_id": "t5_2ssp3", "body": "Is there anything on interactions in the ancient world (particularly Greece and especially Rome) between slaves and the free poor? I have read, for example, that some free labourers are reported to have camped with Spartacus\u2019 army, and it is well established that slaves worked alongside free Romans in a number of jobs. Is there any evidence of solidarity or resentment between these factions (considering how wealthy freedmen could become)? Are there any primary sources, like lawsuits or testimonials? I\u2019m mostly interested in seeing whether slaves and non-slave owning Romans ever interacted as friends, lovers, enemies etc, or whether they were completely distinct social classes that rarely interacted outside of work.", "edited": false, "downs": 0, "author_flair_css_class": null, "is_submitter": false, "collapsed": false, "author_flair_richtext": [], "author_patreon_flair": false, "body_html": "&lt;div class=\"md\"&gt;&lt;p&gt;Is there anything on interactions in the ancient world (particularly Greece and especially Rome) between slaves and the free poor? I have read, for example, that some free labourers are reported to have camped with Spartacus\u2019 army, and it is well established that slaves worked alongside free Romans in a number of jobs. Is there any evidence of solidarity or resentment between these factions (considering how wealthy freedmen could become)? Are there any primary sources, like lawsuits or testimonials? I\u2019m mostly interested in seeing whether slaves and non-slave owning Romans ever interacted as friends, lovers, enemies etc, or whether they were completely distinct social classes that rarely interacted outside of work.&lt;/p&gt;\n&lt;/div&gt;", "gildings": {}, "collapsed_reason": null, "associated_award": null, "stickied": false, "author_premium": false, "subreddit_type": "public", "can_gild": true, "subreddit": "AskHistorians", "author_flair_text_color": null, "score_hidden": false, "permalink": "/r/AskHistorians/comments/ftmwi7/thursday_reading_recommendations_april_02_2020/fm97jtd/", "num_reports": null, "locked": false, "name": "t1_fm97jtd", "created": 1585892008.0, "author_flair_text": null, "treatment_tags": [], "created_utc": 1585863208.0, "subreddit_name_prefixed": "r/AskHistorians", "controversiality": 0, "depth": 0, "author_flair_background_color": null, "collapsed_because_crowd_control": null, "mod_reports": [], "mod_note": null, "distinguished": null}}, {"kind": "t1", "data": {"total_awards_received": 0, "approved_at_utc": null, "ups": 2, "awarders": [], "mod_reason_by": null, "banned_by": null, "author_flair_type": "text", "removal_reason": null, "link_id": "t3_ftmwi7", "author_flair_template_id": null, "likes": null, "replies": "", "user_reports": [], "saved": false, "id": "fm95t5j", "banned_at_utc": null, "mod_reason_title": null, "gilded": 0, "archived": false, "no_follow": true, "author": "Bukowsky123", "can_mod_post": false, "send_replies": true, "parent_id": "t3_ftmwi7", "score": 2, "author_fullname": "t2_1k9ba735", "report_reasons": null, "approved_by": null, "all_awardings": [], "subreddit_id": "t5_2ssp3", "body": "I'm looking for books and articles on European emigration following the (failed) revolutions in 1848/1849 in Germany, Italy, and France, especially on how people involved in revolutionary activities. Many German 1848ers emigrated to the Unites States, for example. Is there information on other countries' revolutionaries?", "edited": false, "downs": 0, "author_flair_css_class": null, "is_submitter": false, "collapsed": false, "author_flair_richtext": [], "author_patreon_flair": false, "body_html": "&lt;div class=\"md\"&gt;&lt;p&gt;I&amp;#39;m looking for books and articles on European emigration following the (failed) revolutions in 1848/1849 in Germany, Italy, and France, especially on how people involved in revolutionary activities. Many German 1848ers emigrated to the Unites States, for example. Is there information on other countries&amp;#39; revolutionaries?&lt;/p&gt;\n&lt;/div&gt;", "gildings": {}, "collapsed_reason": null, "associated_award": null, "stickied": false, "author_premium": false, "subreddit_type": "public", "can_gild": true, "subreddit": "AskHistorians", "author_flair_text_color": null, "score_hidden": false, "permalink": "/r/AskHistorians/comments/ftmwi7/thursday_reading_recommendations_april_02_2020/fm95t5j/", "num_reports": null, "locked": false, "name": "t1_fm95t5j", "created": 1585891060.0, "author_flair_text": null, "treatment_tags": [], "created_utc": 1585862260.0, "subreddit_name_prefixed": "r/AskHistorians", "controversiality": 0, "depth": 0, "author_flair_background_color": null, "collapsed_because_crowd_control": null, "mod_reports": [], "mod_note": null, "distinguished": null}}, {"kind": "t1", "data": {"total_awards_received": 0, "approved_at_utc": null, "ups": 3, "awarders": [], "mod_reason_by": null, "banned_by": null, "author_flair_type": "text", "removal_reason": null, "link_id": "t3_ftmwi7", "author_flair_template_id": null, "likes": null, "replies": "", "user_reports": [], "saved": false, "id": "fm8rum6", "banned_at_utc": null, "mod_reason_title": null, "gilded": 0, "archived": false, "no_follow": true, "author": "ahopefullycuterrobot", "can_mod_post": false, "send_replies": true, "parent_id": "t3_ftmwi7", "score": 3, "author_fullname": "t2_45x1ulei", "report_reasons": null, "approved_by": null, "all_awardings": [], "subreddit_id": "t5_2ssp3", "body": "Any good works on sex, sexual practices, roles, and laws in Europe from like the 17th century to present? Ideally from a social historical perspective. Basically, I'm looking for the European version of *Intimate Matters*. \n\nI've read some of Dagmar Herzog's *Sexuality in Europe*, but it focuses mostly on the twentieth century, and I want something that has a longer view. \n\nAlso, ideally, focused on the continent. I don't care much about British history.", "edited": false, "downs": 0, "author_flair_css_class": null, "is_submitter": false, "collapsed": false, "author_flair_richtext": [], "author_patreon_flair": false, "body_html": "&lt;div class=\"md\"&gt;&lt;p&gt;Any good works on sex, sexual practices, roles, and laws in Europe from like the 17th century to present? Ideally from a social historical perspective. Basically, I&amp;#39;m looking for the European version of &lt;em&gt;Intimate Matters&lt;/em&gt;. &lt;/p&gt;\n\n&lt;p&gt;I&amp;#39;ve read some of Dagmar Herzog&amp;#39;s &lt;em&gt;Sexuality in Europe&lt;/em&gt;, but it focuses mostly on the twentieth century, and I want something that has a longer view. &lt;/p&gt;\n\n&lt;p&gt;Also, ideally, focused on the continent. I don&amp;#39;t care much about British history.&lt;/p&gt;\n&lt;/div&gt;", "gildings": {}, "collapsed_reason": null, "associated_award": null, "stickied": false, "author_premium": false, "subreddit_type": "public", "can_gild": true, "subreddit": "AskHistorians", "author_flair_text_color": null, "score_hidden": false, "permalink": "/r/AskHistorians/comments/ftmwi7/thursday_reading_recommendations_april_02_2020/fm8rum6/", "num_reports": null, "locked": false, "name": "t1_fm8rum6", "created": 1585883647.0, "author_flair_text": null, "treatment_tags": [], "created_utc": 1585854847.0, "subreddit_name_prefixed": "r/AskHistorians", "controversiality": 0, "depth": 0, "author_flair_background_color": null, "collapsed_because_crowd_control": null, "mod_reports": [], "mod_note": null, "distinguished": null}}, {"kind": "t1", "data": {"total_awards_received": 0, "approved_at_utc": null, "ups": 3, "awarders": [], "mod_reason_by": null, "banned_by": null, "author_flair_type": "text", "removal_reason": null, "link_id": "t3_ftmwi7", "author_flair_template_id": null, "likes": null, "replies": "", "user_reports": [], "saved": false, "id": "fm8mr7t", "banned_at_utc": null, "mod_reason_title": null, "gilded": 0, "archived": false, "no_follow": true, "author": "Ilostmycactus", "can_mod_post": false, "send_replies": true, "parent_id": "t3_ftmwi7", "score": 3, "author_fullname": "t2_4qglnyzj", "report_reasons": null, "approved_by": null, "all_awardings": [], "subreddit_id": "t5_2ssp3", "body": "Hey guys,\n\nSo, in college I read and enjoyed Seutonius and Caesar.  There's lots of good information on who did what maneuver etc.  However, does anyone know of any ancient/medieval/dark ages/etc. first hand accounts of actual \"moves\" or \"strikes\" of an individual in combat?  Not just, \"I led my troops up the hill and we routed the enemy\" but more of \"I fought the man by doing X\".  I'm aware of and will accept martial treatises, but would prefer more of a view in combat rather than a technical manual.\n\nThank you!", "edited": false, "downs": 0, "author_flair_css_class": null, "is_submitter": false, "collapsed": false, "author_flair_richtext": [], "author_patreon_flair": false, "body_html": "&lt;div class=\"md\"&gt;&lt;p&gt;Hey guys,&lt;/p&gt;\n\n&lt;p&gt;So, in college I read and enjoyed Seutonius and Caesar.  There&amp;#39;s lots of good information on who did what maneuver etc.  However, does anyone know of any ancient/medieval/dark ages/etc. first hand accounts of actual &amp;quot;moves&amp;quot; or &amp;quot;strikes&amp;quot; of an individual in combat?  Not just, &amp;quot;I led my troops up the hill and we routed the enemy&amp;quot; but more of &amp;quot;I fought the man by doing X&amp;quot;.  I&amp;#39;m aware of and will accept martial treatises, but would prefer more of a view in combat rather than a technical manual.&lt;/p&gt;\n\n&lt;p&gt;Thank you!&lt;/p&gt;\n&lt;/div&gt;", "gildings": {}, "collapsed_reason": null, "associated_award": null, "stickied": false, "author_premium": false, "subreddit_type": "public", "can_gild": true, "subreddit": "AskHistorians", "author_flair_text_color": null, "score_hidden": false, "permalink": "/r/AskHistorians/comments/ftmwi7/thursday_reading_recommendations_april_02_2020/fm8mr7t/", "num_reports": null, "locked": false, "name": "t1_fm8mr7t", "created": 1585880997.0, "author_flair_text": null, "treatment_tags": [], "created_utc": 1585852197.0, "subreddit_name_prefixed": "r/AskHistorians", "controversiality": 0, "depth": 0, "author_flair_background_color": null, "collapsed_because_crowd_control": null, "mod_reports": [], "mod_note": null, "distinguished": null}}, {"kind": "t1", "data": {"total_awards_received": 0, "approved_at_utc": null, "ups": 2, "awarders": [], "mod_reason_by": null, "banned_by": null, "author_flair_type": "richtext", "removal_reason": null, "link_id": "t3_ftmwi7", "author_flair_template_id": "98d8fdba-c626-11e2-bd52-12313b06caaf", "likes": null, "replies": "", "user_reports": [], "saved": false, "id": "fm8mr7m", "banned_at_utc": null, "mod_reason_title": null, "gilded": 0, "archived": false, "no_follow": true, "author": "9XsOeLc0SdGjbqbedCnt", "can_mod_post": false, "send_replies": true, "parent_id": "t3_ftmwi7", "score": 2, "author_fullname": "t2_163an18h", "report_reasons": null, "approved_by": null, "all_awardings": [], "subreddit_id": "t5_2ssp3", "body": "I'm enjoying NACA/North American Aviation test pilot Scott Crossfield's autobiography. It's superficial in the way these books often are but still enjoyable, with slice-of-life, first person descriptions of history.\n\nOf particular note is a passage that Crossfield seems to have intended to be inspiring but, posthumously, is anything but. His Naval Reserve unit, among others, was on an important trip from Seattle to Denver to basically show off. It was (my words) a Charlie Foxtrot. Among other things Crossfield's squadron leader made a navigational error which went unquestioned too long. Eventually, Crossfield and another pilot broke off to find Denver. They got within six minutes of Denver, without knowing it, before turning back due to bad weather. *And I never abandoned a course he had settled on, no matter how dark things ahead looked, again...*\n\nCrossfield died trying to fly a [Cessna 210](https://en.wikipedia.org/wiki/Cessna_210) through a thunderstorm.", "edited": false, "downs": 0, "author_flair_css_class": null, "is_submitter": false, "collapsed": false, "author_flair_richtext": [{"e": "text", "t": "Interesting Inquirer"}], "author_patreon_flair": false, "body_html": "&lt;div class=\"md\"&gt;&lt;p&gt;I&amp;#39;m enjoying NACA/North American Aviation test pilot Scott Crossfield&amp;#39;s autobiography. It&amp;#39;s superficial in the way these books often are but still enjoyable, with slice-of-life, first person descriptions of history.&lt;/p&gt;\n\n&lt;p&gt;Of particular note is a passage that Crossfield seems to have intended to be inspiring but, posthumously, is anything but. His Naval Reserve unit, among others, was on an important trip from Seattle to Denver to basically show off. It was (my words) a Charlie Foxtrot. Among other things Crossfield&amp;#39;s squadron leader made a navigational error which went unquestioned too long. Eventually, Crossfield and another pilot broke off to find Denver. They got within six minutes of Denver, without knowing it, before turning back due to bad weather. &lt;em&gt;And I never abandoned a course he had settled on, no matter how dark things ahead looked, again...&lt;/em&gt;&lt;/p&gt;\n\n&lt;p&gt;Crossfield died trying to fly a &lt;a href=\"https://en.wikipedia.org/wiki/Cessna_210\"&gt;Cessna 210&lt;/a&gt; through a thunderstorm.&lt;/p&gt;\n&lt;/div&gt;", "gildings": {}, "collapsed_reason": null, "associated_award": null, "stickied": false, "author_premium": false, "subreddit_type": "public", "can_gild": true, "subreddit": "AskHistorians", "author_flair_text_color": "light", "score_hidden": false, "permalink": "/r/AskHistorians/comments/ftmwi7/thursday_reading_recommendations_april_02_2020/fm8mr7m/", "num_reports": null, "locked": false, "name": "t1_fm8mr7m", "created": 1585880997.0, "author_flair_text": "Interesting Inquirer", "treatment_tags": [], "created_utc": 1585852197.0, "subreddit_name_prefixed": "r/AskHistorians", "controversiality": 0, "depth": 0, "author_flair_background_color": "#b87317", "collapsed_because_crowd_control": null, "mod_reports": [], "mod_note": null, "distinguished": null}}, {"kind": "t1", "data": {"total_awards_received": 0, "approved_at_utc": null, "ups": 2, "awarders": [], "mod_reason_by": null, "banned_by": null, "author_flair_type": "text", "removal_reason": null, "link_id": "t3_ftmwi7", "author_flair_template_id": null, "likes": null, "replies": "", "user_reports": [], "saved": false, "id": "fm80xlv", "banned_at_utc": null, "mod_reason_title": null, "gilded": 0, "archived": false, "no_follow": true, "author": "greypiper1", "can_mod_post": false, "send_replies": true, "parent_id": "t3_ftmwi7", "score": 2, "author_fullname": "t2_4zim2", "report_reasons": null, "approved_by": null, "all_awardings": [], "subreddit_id": "t5_2ssp3", "body": "I was wondering if there was any books that offered a look into the logistics of the Roman Military? The Empire in general (keeping citizens fed, moving materials from Egypt to Rome, moving myself from Britain to Italy for a vacation etc.)\n\nI know its a topic that spans two thousand years and the military/society changed drastically, however any insight into any of those periods would be great.", "edited": false, "downs": 0, "author_flair_css_class": null, "is_submitter": false, "collapsed": false, "author_flair_richtext": [], "author_patreon_flair": false, "body_html": "&lt;div class=\"md\"&gt;&lt;p&gt;I was wondering if there was any books that offered a look into the logistics of the Roman Military? The Empire in general (keeping citizens fed, moving materials from Egypt to Rome, moving myself from Britain to Italy for a vacation etc.)&lt;/p&gt;\n\n&lt;p&gt;I know its a topic that spans two thousand years and the military/society changed drastically, however any insight into any of those periods would be great.&lt;/p&gt;\n&lt;/div&gt;", "gildings": {}, "collapsed_reason": null, "associated_award": null, "stickied": false, "author_premium": false, "subreddit_type": "public", "can_gild": true, "subreddit": "AskHistorians", "author_flair_text_color": null, "score_hidden": false, "permalink": "/r/AskHistorians/comments/ftmwi7/thursday_reading_recommendations_april_02_2020/fm80xlv/", "num_reports": null, "locked": false, "name": "t1_fm80xlv", "created": 1585869499.0, "author_flair_text": null, "treatment_tags": [], "created_utc": 1585840699.0, "subreddit_name_prefixed": "r/AskHistorians", "controversiality": 0, "depth": 0, "author_flair_background_color": null, "collapsed_because_crowd_control": null, "mod_reports": [], "mod_note": null, "distinguished": null}}, {"kind": "t1", "data": {"total_awards_received": 0, "approved_at_utc": null, "ups": 4, "awarders": [], "mod_reason_by": null, "banned_by": null, "author_flair_type": "text", "removal_reason": null, "link_id": "t3_ftmwi7", "author_flair_template_id": null, "likes": null, "replies": "", "user_reports": [], "saved": false, "id": "fm7ubje", "banned_at_utc": null, "mod_reason_title": null, "gilded": 0, "archived": false, "no_follow": true, "author": "MercutioElessar", "can_mod_post": false, "send_replies": true, "parent_id": "t3_ftmwi7", "score": 4, "author_fullname": "t2_qjwf12q", "report_reasons": null, "approved_by": null, "all_awardings": [], "subreddit_id": "t5_2ssp3", "body": "Hi there!\n\nI'm looking for articles/books/interesting scientifically sound reads on Gilgamesh, especially of what we know of his possible same sex relationships. Already own a copy of \"A little gay history\" which sadly only sheds little light on the matter.", "edited": 1585898258.0, "downs": 0, "author_flair_css_class": null, "is_submitter": false, "collapsed": false, "author_flair_richtext": [], "author_patreon_flair": false, "body_html": "&lt;div class=\"md\"&gt;&lt;p&gt;Hi there!&lt;/p&gt;\n\n&lt;p&gt;I&amp;#39;m looking for articles/books/interesting scientifically sound reads on Gilgamesh, especially of what we know of his possible same sex relationships. Already own a copy of &amp;quot;A little gay history&amp;quot; which sadly only sheds little light on the matter.&lt;/p&gt;\n&lt;/div&gt;", "gildings": {}, "collapsed_reason": null, "associated_award": null, "stickied": false, "author_premium": true, "subreddit_type": "public", "can_gild": true, "subreddit": "AskHistorians", "author_flair_text_color": null, "score_hidden": false, "permalink": "/r/AskHistorians/comments/ftmwi7/thursday_reading_recommendations_april_02_2020/fm7ubje/", "num_reports": null, "locked": false, "name": "t1_fm7ubje", "created": 1585865723.0, "author_flair_text": null, "treatment_tags": [], "created_utc": 1585836923.0, "subreddit_name_prefixed": "r/AskHistorians", "controversiality": 0, "depth": 0, "author_flair_background_color": null, "collapsed_because_crowd_control": null, "mod_reports": [], "mod_note": null, "distinguished": null}}], "after": null, "before": null}}]