[{"kind": "Listing", "data": {"modhash": "", "dist": 1, "children": [{"kind": "t3", "data": {"approved_at_utc": null, "subreddit": "AskHistorians", "selftext": "[removed]", "user_reports": [], "saved": false, "mod_reason_title": null, "gilded": 0, "clicked": false, "title": "Engravement inscriptions on ancient stone are actually not engraved but stuck face down with bumpy popup metal like ink. I would like answers please.", "link_flair_richtext": [], "subreddit_name_prefixed": "r/AskHistorians", "hidden": false, "pwls": 6, "link_flair_css_class": null, "downs": 0, "parent_whitelist_status": "all_ads", "hide_score": false, "name": "t3_ftprwx", "quarantine": false, "link_flair_text_color": "dark", "upvote_ratio": 0.5, "author_flair_background_color": "", "subreddit_type": "public", "ups": 0, "total_awards_received": 0, "media_embed": {}, "author_flair_template_id": null, "is_original_content": false, "secure_media": null, "is_reddit_media_domain": false, "is_meta": false, "category": null, "secure_media_embed": {}, "link_flair_text": null, "can_mod_post": false, "num_duplicates": 0, "approved_by": null, "thumbnail": "", "edited": false, "author_flair_css_class": null, "gildings": {}, "content_categories": null, "is_self": true, "mod_note": null, "created": 1585875013.0, "link_flair_type": "text", "wls": 6, "removed_by_category": "deleted", "banned_by": null, "domain": "self.AskHistorians", "allow_live_comments": false, "selftext_html": "&lt;!-- SC_OFF --&gt;&lt;div class=\"md\"&gt;&lt;p&gt;[removed]&lt;/p&gt;\n&lt;/div&gt;&lt;!-- SC_ON --&gt;", "likes": null, "suggested_sort": null, "banned_at_utc": null, "view_count": null, "archived": false, "score": 0, "no_follow": true, "is_crosspostable": false, "pinned": false, "over_18": false, "all_awardings": [], "awarders": [], "media_only": false, "can_gild": false, "spoiler": false, "locked": false, "author_flair_text": null, "treatment_tags": [], "visited": false, "removed_by": null, "num_reports": null, "distinguished": null, "subreddit_id": "t5_2ssp3", "mod_reason_by": null, "removal_reason": null, "link_flair_background_color": "", "id": "ftprwx", "is_robot_indexable": false, "report_reasons": null, "author": "[deleted]", "discussion_type": null, "num_comments": 1, "send_replies": true, "media": null, "contest_mode": false, "author_flair_text_color": "dark", "permalink": "/r/AskHistorians/comments/ftprwx/engravement_inscriptions_on_ancient_stone_are/", "whitelist_status": "all_ads", "stickied": false, "url": "https://www.reddit.com/r/AskHistorians/comments/ftprwx/engravement_inscriptions_on_ancient_stone_are/", "subreddit_subscribers": 1162704, "created_utc": 1585846213.0, "num_crossposts": 0, "mod_reports": [], "is_video": false}}], "after": null, "before": null}}, {"kind": "Listing", "data": {"modhash": "", "dist": null, "children": [{"kind": "t1", "data": {"total_awards_received": 0, "approved_at_utc": null, "ups": 1, "awarders": [], "mod_reason_by": null, "banned_by": null, "author_flair_type": "richtext", "removal_reason": null, "link_id": "t3_ftprwx", "author_flair_template_id": "bfcbf574-11fa-11e8-81ea-0e52c5633eb6", "likes": null, "replies": "", "user_reports": [], "saved": false, "id": "fm8l9bf", "banned_at_utc": null, "mod_reason_title": null, "gilded": 0, "archived": false, "no_follow": true, "author": "AncientHistory", "can_mod_post": false, "send_replies": true, "parent_id": "t3_ftprwx", "score": 1, "author_fullname": "t2_cxryn", "report_reasons": null, "approved_by": null, "all_awardings": [], "subreddit_id": "t5_2ssp3", "body": "Hi there! We've removed your question because it's asking [basic facts](https://www.reddit.com/r/AskHistorians/wiki/rules#wiki_basic_facts) which can be answered by reference works. These include, but are not limited to, a name, a number, a date or time, a location, the origin of a word, or first/last instance of a specific phenomenon.  **We'd encourage you to instead post this question in the weekly, stickied [\"Short Answers to Simple Questions\"](https://www.reddit.com/r/AskHistorians/search?sort=new&amp;restrict_sr=on&amp;q=flair%3ASASQ) thread, where questions of basic fact can be answered succinctly, based on reliable sources.** For more information on this rule, [please see this thread](https://www.reddit.com/r/AskHistorians/comments/815jyq/announcing_the_testing_of_the_basic_facts_rule/).\n\nAlternatively, if you didn't mean to ask a simple question about basic facts, but have a more complex question in mind, feel free to repost a reworded question. If you need some pointers, the mod team is always happy to assist if you [contact us in modmail](https://www.reddit.com/message/compose?to=%2Fr%2FAskHistorians), but also be sure to check out this [guide on asking better questions](https://www.reddit.com/r/AskHistorians/comments/505nw2/rules_roundtable_18_how_to_ask_better_questions/).\n\nFinally, don\u2019t forget that there's many subreddits on Reddit aimed at answering your questions. Consider /r/AskHistory (which has lighter moderation but similar topic matter to /r/AskHistorians), /r/explainlikeimfive (which is specifically aimed at simple and easily digested answers), or /r/etymology (which focuses on the origins of words and phrases).", "edited": false, "downs": 0, "author_flair_css_class": null, "is_submitter": false, "collapsed": false, "author_flair_richtext": [{"e": "text", "t": "Moderator | Pulp Studies | H. P. Lovecraft"}], "author_patreon_flair": false, "body_html": "&lt;div class=\"md\"&gt;&lt;p&gt;Hi there! We&amp;#39;ve removed your question because it&amp;#39;s asking &lt;a href=\"https://www.reddit.com/r/AskHistorians/wiki/rules#wiki_basic_facts\"&gt;basic facts&lt;/a&gt; which can be answered by reference works. These include, but are not limited to, a name, a number, a date or time, a location, the origin of a word, or first/last instance of a specific phenomenon.  &lt;strong&gt;We&amp;#39;d encourage you to instead post this question in the weekly, stickied &lt;a href=\"https://www.reddit.com/r/AskHistorians/search?sort=new&amp;amp;restrict_sr=on&amp;amp;q=flair%3ASASQ\"&gt;&amp;quot;Short Answers to Simple Questions&amp;quot;&lt;/a&gt; thread, where questions of basic fact can be answered succinctly, based on reliable sources.&lt;/strong&gt; For more information on this rule, &lt;a href=\"https://www.reddit.com/r/AskHistorians/comments/815jyq/announcing_the_testing_of_the_basic_facts_rule/\"&gt;please see this thread&lt;/a&gt;.&lt;/p&gt;\n\n&lt;p&gt;Alternatively, if you didn&amp;#39;t mean to ask a simple question about basic facts, but have a more complex question in mind, feel free to repost a reworded question. If you need some pointers, the mod team is always happy to assist if you &lt;a href=\"https://www.reddit.com/message/compose?to=%2Fr%2FAskHistorians\"&gt;contact us in modmail&lt;/a&gt;, but also be sure to check out this &lt;a href=\"https://www.reddit.com/r/AskHistorians/comments/505nw2/rules_roundtable_18_how_to_ask_better_questions/\"&gt;guide on asking better questions&lt;/a&gt;.&lt;/p&gt;\n\n&lt;p&gt;Finally, don\u2019t forget that there&amp;#39;s many subreddits on Reddit aimed at answering your questions. Consider &lt;a href=\"/r/AskHistory\"&gt;/r/AskHistory&lt;/a&gt; (which has lighter moderation but similar topic matter to &lt;a href=\"/r/AskHistorians\"&gt;/r/AskHistorians&lt;/a&gt;), &lt;a href=\"/r/explainlikeimfive\"&gt;/r/explainlikeimfive&lt;/a&gt; (which is specifically aimed at simple and easily digested answers), or &lt;a href=\"/r/etymology\"&gt;/r/etymology&lt;/a&gt; (which focuses on the origins of words and phrases).&lt;/p&gt;\n&lt;/div&gt;", "gildings": {}, "collapsed_reason": null, "associated_award": null, "stickied": false, "author_premium": false, "subreddit_type": "public", "can_gild": true, "subreddit": "AskHistorians", "author_flair_text_color": "dark", "score_hidden": false, "permalink": "/r/AskHistorians/comments/ftprwx/engravement_inscriptions_on_ancient_stone_are/fm8l9bf/", "num_reports": null, "locked": false, "name": "t1_fm8l9bf", "created": 1585880214.0, "author_flair_text": "Moderator | Pulp Studies | H. P. Lovecraft", "treatment_tags": [], "created_utc": 1585851414.0, "subreddit_name_prefixed": "r/AskHistorians", "controversiality": 0, "depth": 0, "author_flair_background_color": "#f5f5f5", "collapsed_because_crowd_control": null, "mod_reports": [], "mod_note": null, "distinguished": "moderator"}}], "after": null, "before": null}}]