[{"kind": "Listing", "data": {"modhash": "", "dist": 1, "children": [{"kind": "t3", "data": {"subreddit_id": "t5_2ssp3", "approved_at_utc": null, "send_replies": true, "mod_reason_by": null, "banned_by": null, "removal_reason": null, "wls": 6, "subreddit": "AskHistorians", "selftext_html": "&lt;!-- SC_OFF --&gt;&lt;div class=\"md\"&gt;&lt;p&gt;A friend&amp;#39;s father was an excellent swimmer during the days of communist Hungary and that got us to talking about how fitness worked in Eastern Europe before the fall of the Soviet Union. Were gyms publicly available, or mostly for professional athletes? I think about the 80&amp;#39;s and movie stars like Schwarzenegger who are absolutely colossal men and I think about Soviet performance in the Olympics and I wonder how people got their gains across the world. &lt;/p&gt;\n&lt;/div&gt;&lt;!-- SC_ON --&gt;", "author_flair_template_id": null, "selftext": "A friend's father was an excellent swimmer during the days of communist Hungary and that got us to talking about how fitness worked in Eastern Europe before the fall of the Soviet Union. Were gyms publicly available, or mostly for professional athletes? I think about the 80's and movie stars like Schwarzenegger who are absolutely colossal men and I think about Soviet performance in the Olympics and I wonder how people got their gains across the world. ", "likes": null, "suggested_sort": null, "mod_note": null, "user_reports": [], "secure_media": null, "is_reddit_media_domain": false, "saved": false, "id": "7njgtr", "banned_at_utc": null, "mod_reason_title": null, "view_count": null, "archived": false, "clicked": false, "no_follow": false, "author": "moose_man", "num_crossposts": 0, "link_flair_text": null, "can_mod_post": false, "is_crosspostable": false, "pinned": false, "score": 2, "approved_by": null, "over_18": false, "domain": "self.AskHistorians", "hidden": false, "pwls": 6, "thumbnail": "", "hide_score": false, "edited": false, "link_flair_css_class": null, "media_only": false, "author_flair_css_class": null, "contest_mode": false, "gilded": 0, "title": "What was fitness like in the Soviet Union?", "downs": 0, "secure_media_embed": {}, "media_embed": {}, "author_flair_text": null, "stickied": false, "can_gild": false, "is_self": true, "parent_whitelist_status": "all_ads", "name": "t3_7njgtr", "spoiler": false, "permalink": "/r/AskHistorians/comments/7njgtr/what_was_fitness_like_in_the_soviet_union/", "subreddit_type": "public", "locked": false, "report_reasons": null, "created": 1514888607.0, "url": "https://www.reddit.com/r/AskHistorians/comments/7njgtr/what_was_fitness_like_in_the_soviet_union/", "whitelist_status": "all_ads", "quarantine": false, "subreddit_subscribers": 755166, "created_utc": 1514859807.0, "subreddit_name_prefixed": "r/AskHistorians", "distinguished": null, "media": null, "num_comments": 0, "upvote_ratio": 0.58, "mod_reports": [], "visited": false, "num_reports": null, "is_video": false, "ups": 2, "post_categories": null}}], "after": null, "before": null}}, {"kind": "Listing", "data": {"modhash": "", "dist": null, "children": [], "after": null, "before": null}}]