[{"kind": "Listing", "data": {"modhash": "", "dist": 1, "children": [{"kind": "t3", "data": {"subreddit_id": "t5_2ssp3", "approved_at_utc": null, "send_replies": true, "mod_reason_by": null, "banned_by": null, "removal_reason": null, "wls": 6, "subreddit": "AskHistorians", "selftext_html": "&lt;!-- SC_OFF --&gt;&lt;div class=\"md\"&gt;&lt;p&gt;just recently, in another subreddit, i saw a post where one guy made fun of a movie poster that used IIII for the number 4.&lt;br/&gt;\nthen another poster claimed that &amp;quot;The Romans did use IIII and IV is a relatively new phenomenon&amp;quot;&lt;br/&gt;\nthe only results Google is giving me are clock-related, so i don&amp;#39;t know if that counts, though wikipedia seems to corroborate the claim, but doesn&amp;#39;t go into detail.  &lt;/p&gt;\n\n&lt;p&gt;did they start with IIII and then move on to IV, (if so, is there a specific point in time) or were both used whenever they felt like it?&lt;/p&gt;\n&lt;/div&gt;&lt;!-- SC_ON --&gt;", "author_flair_template_id": null, "selftext": "just recently, in another subreddit, i saw a post where one guy made fun of a movie poster that used IIII for the number 4.  \nthen another poster claimed that \"The Romans did use IIII and IV is a relatively new phenomenon\"  \nthe only results Google is giving me are clock-related, so i don't know if that counts, though wikipedia seems to corroborate the claim, but doesn't go into detail.  \n  \ndid they start with IIII and then move on to IV, (if so, is there a specific point in time) or were both used whenever they felt like it?", "likes": null, "suggested_sort": null, "mod_note": null, "user_reports": [], "secure_media": null, "is_reddit_media_domain": false, "saved": false, "id": "7njqat", "banned_at_utc": null, "mod_reason_title": null, "view_count": null, "archived": false, "clicked": false, "no_follow": false, "author": "ROBANN_88", "num_crossposts": 0, "link_flair_text": null, "can_mod_post": false, "is_crosspostable": false, "pinned": false, "score": 4, "approved_by": null, "over_18": false, "domain": "self.AskHistorians", "hidden": false, "pwls": 6, "thumbnail": "", "hide_score": false, "edited": false, "link_flair_css_class": null, "media_only": false, "author_flair_css_class": null, "contest_mode": false, "gilded": 0, "title": "Roman numerals: IIII and/or IV", "downs": 0, "secure_media_embed": {}, "media_embed": {}, "author_flair_text": null, "stickied": false, "can_gild": false, "is_self": true, "parent_whitelist_status": "all_ads", "name": "t3_7njqat", "spoiler": false, "permalink": "/r/AskHistorians/comments/7njqat/roman_numerals_iiii_andor_iv/", "subreddit_type": "public", "locked": false, "report_reasons": null, "created": 1514891503.0, "url": "https://www.reddit.com/r/AskHistorians/comments/7njqat/roman_numerals_iiii_andor_iv/", "whitelist_status": "all_ads", "quarantine": false, "subreddit_subscribers": 755166, "created_utc": 1514862703.0, "subreddit_name_prefixed": "r/AskHistorians", "distinguished": null, "media": null, "num_comments": 1, "upvote_ratio": 0.75, "mod_reports": [], "visited": false, "num_reports": null, "is_video": false, "ups": 4, "post_categories": null}}], "after": null, "before": null}}, {"kind": "Listing", "data": {"modhash": "", "dist": null, "children": [{"kind": "t1", "data": {"subreddit_id": "t5_2ssp3", "approved_at_utc": null, "ups": 3, "mod_reason_by": null, "banned_by": null, "removal_reason": null, "link_id": "t3_7njqat", "author_flair_template_id": "98d8fdba-c626-11e2-bd52-12313b06caaf", "likes": null, "no_follow": true, "replies": "", "user_reports": [], "saved": false, "id": "ds2i61b", "banned_at_utc": null, "mod_reason_title": null, "gilded": 0, "archived": false, "report_reasons": null, "author": "Searocksandtrees", "can_mod_post": false, "send_replies": true, "parent_id": "t3_7njqat", "score": 3, "approved_by": null, "downs": 0, "body": "Hi, while you're waiting for a direct answer, you may be interested in a few previous discussions on Roman Numerals\n\n* [Roman numeral IIII on church clock. Why?](https://www.reddit.com/r/AskHistorians/comments/1pec3f/roman_numeral_iiii_on_church_clock_why/)\n\n* /u/sunagainstgold in  [Did the way Roman numerals are written ever chenged during history?](https://www.reddit.com/r/AskHistorians/comments/68ewva/did_the_way_roman_numerals_are_written_ever/)\n\n* /u/jooseman in a thread in [Why is 8 in Roman numerals VIII, when IIX is shorter?](https://www.reddit.com/r/AskHistorians/comments/2d8ed2/why_is_8_in_roman_numerals_viii_when_iix_is/cjnyelf/)\n", "edited": false, "author_flair_css_class": "qualitycontributor", "collapsed": false, "is_submitter": false, "collapsed_reason": null, "body_html": "&lt;div class=\"md\"&gt;&lt;p&gt;Hi, while you&amp;#39;re waiting for a direct answer, you may be interested in a few previous discussions on Roman Numerals&lt;/p&gt;\n\n&lt;ul&gt;\n&lt;li&gt;&lt;p&gt;&lt;a href=\"https://www.reddit.com/r/AskHistorians/comments/1pec3f/roman_numeral_iiii_on_church_clock_why/\"&gt;Roman numeral IIII on church clock. Why?&lt;/a&gt;&lt;/p&gt;&lt;/li&gt;\n&lt;li&gt;&lt;p&gt;&lt;a href=\"/u/sunagainstgold\"&gt;/u/sunagainstgold&lt;/a&gt; in  &lt;a href=\"https://www.reddit.com/r/AskHistorians/comments/68ewva/did_the_way_roman_numerals_are_written_ever/\"&gt;Did the way Roman numerals are written ever chenged during history?&lt;/a&gt;&lt;/p&gt;&lt;/li&gt;\n&lt;li&gt;&lt;p&gt;&lt;a href=\"/u/jooseman\"&gt;/u/jooseman&lt;/a&gt; in a thread in &lt;a href=\"https://www.reddit.com/r/AskHistorians/comments/2d8ed2/why_is_8_in_roman_numerals_viii_when_iix_is/cjnyelf/\"&gt;Why is 8 in Roman numerals VIII, when IIX is shorter?&lt;/a&gt;&lt;/p&gt;&lt;/li&gt;\n&lt;/ul&gt;\n&lt;/div&gt;", "subreddit_type": "public", "can_gild": true, "subreddit": "AskHistorians", "name": "t1_ds2i61b", "score_hidden": false, "permalink": "/r/AskHistorians/comments/7njqat/roman_numerals_iiii_andor_iv/ds2i61b/", "num_reports": null, "stickied": false, "created": 1514901114.0, "author_flair_text": "Moderator | Quality Contributor", "created_utc": 1514872314.0, "subreddit_name_prefixed": "r/AskHistorians", "controversiality": 0, "depth": 0, "mod_reports": [], "mod_note": null, "distinguished": null}}], "after": null, "before": null}}]