[{"kind": "Listing", "data": {"modhash": "", "dist": 1, "children": [{"kind": "t3", "data": {"subreddit_id": "t5_2ssp3", "approved_at_utc": null, "send_replies": true, "mod_reason_by": null, "banned_by": null, "removal_reason": null, "wls": 6, "subreddit": "AskHistorians", "selftext_html": null, "author_flair_template_id": null, "selftext": "", "likes": null, "suggested_sort": null, "mod_note": null, "user_reports": [], "secure_media": null, "is_reddit_media_domain": false, "saved": false, "id": "7nls2f", "banned_at_utc": null, "mod_reason_title": null, "view_count": null, "archived": false, "clicked": false, "no_follow": false, "author": "_Search_", "num_crossposts": 0, "link_flair_text": null, "can_mod_post": false, "is_crosspostable": false, "pinned": false, "score": 94, "approved_by": null, "over_18": false, "domain": "self.AskHistorians", "hidden": false, "pwls": 6, "thumbnail": "", "hide_score": false, "edited": false, "link_flair_css_class": null, "media_only": false, "author_flair_css_class": null, "contest_mode": false, "gilded": 0, "title": "Nigeriens often say that the military dictatorship built Niger and democracy ruined it. Are they correct?", "downs": 0, "secure_media_embed": {}, "media_embed": {}, "author_flair_text": null, "stickied": false, "can_gild": false, "is_self": true, "parent_whitelist_status": "all_ads", "name": "t3_7nls2f", "spoiler": false, "permalink": "/r/AskHistorians/comments/7nls2f/nigeriens_often_say_that_the_military/", "subreddit_type": "public", "locked": false, "report_reasons": null, "created": 1514919506.0, "url": "https://www.reddit.com/r/AskHistorians/comments/7nls2f/nigeriens_often_say_that_the_military/", "whitelist_status": "all_ads", "quarantine": false, "subreddit_subscribers": 755167, "created_utc": 1514890706.0, "subreddit_name_prefixed": "r/AskHistorians", "distinguished": null, "media": null, "num_comments": 2, "upvote_ratio": 0.89, "mod_reports": [], "visited": false, "num_reports": null, "is_video": false, "ups": 94, "post_categories": null}}], "after": null, "before": null}}, {"kind": "Listing", "data": {"modhash": "", "dist": null, "children": [{"kind": "t1", "data": {"subreddit_id": "t5_2ssp3", "approved_at_utc": null, "ups": -1, "mod_reason_by": null, "banned_by": null, "removal_reason": null, "link_id": "t3_7nls2f", "author_flair_template_id": null, "likes": null, "no_follow": true, "replies": {"kind": "Listing", "data": {"modhash": "", "dist": null, "children": [{"kind": "t1", "data": {"subreddit_id": "t5_2ssp3", "approved_at_utc": null, "ups": 5, "mod_reason_by": null, "banned_by": null, "removal_reason": null, "link_id": "t3_7nls2f", "author_flair_template_id": null, "likes": null, "no_follow": false, "replies": {"kind": "Listing", "data": {"modhash": "", "dist": null, "children": [{"kind": "t1", "data": {"subreddit_id": "t5_2ssp3", "approved_at_utc": null, "ups": 0, "mod_reason_by": null, "banned_by": null, "removal_reason": null, "link_id": "t3_7nls2f", "author_flair_template_id": null, "likes": null, "no_follow": true, "replies": {"kind": "Listing", "data": {"modhash": "", "dist": null, "children": [{"kind": "t1", "data": {"subreddit_id": "t5_2ssp3", "approved_at_utc": null, "ups": 13, "mod_reason_by": null, "banned_by": null, "removal_reason": null, "link_id": "t3_7nls2f", "author_flair_template_id": null, "likes": null, "no_follow": false, "replies": "", "user_reports": [], "saved": false, "id": "ds3k9ri", "banned_at_utc": null, "mod_reason_title": null, "gilded": 0, "archived": false, "report_reasons": null, "author": "jschooltiger", "can_mod_post": false, "send_replies": true, "parent_id": "t1_ds3jwl4", "score": 13, "approved_by": null, "downs": 0, "body": "&gt; You're deleting my comment for being a \"personal anecdote\", when the post I replied to is a \"personal anecdote\". Maybe you should delete the post too?\n\nWe don't allow anecdotes in *answers*, but it would be fairly silly to ban them in *questions*. As the other moderator said, [this discussion thread](https://www.reddit.com/r/AskHistorians/comments/40mle4/rules_roundtable_3_explaining_the_no_personal/) explains the reasoning behind this rule. If you have questions after reading that, please start a META thread or send us a mod-mail so as to not further clutter this thread. Thanks!", "edited": false, "author_flair_css_class": "moderator", "collapsed": false, "is_submitter": false, "collapsed_reason": null, "body_html": "&lt;div class=\"md\"&gt;&lt;blockquote&gt;\n&lt;p&gt;You&amp;#39;re deleting my comment for being a &amp;quot;personal anecdote&amp;quot;, when the post I replied to is a &amp;quot;personal anecdote&amp;quot;. Maybe you should delete the post too?&lt;/p&gt;\n&lt;/blockquote&gt;\n\n&lt;p&gt;We don&amp;#39;t allow anecdotes in &lt;em&gt;answers&lt;/em&gt;, but it would be fairly silly to ban them in &lt;em&gt;questions&lt;/em&gt;. As the other moderator said, &lt;a href=\"https://www.reddit.com/r/AskHistorians/comments/40mle4/rules_roundtable_3_explaining_the_no_personal/\"&gt;this discussion thread&lt;/a&gt; explains the reasoning behind this rule. If you have questions after reading that, please start a META thread or send us a mod-mail so as to not further clutter this thread. Thanks!&lt;/p&gt;\n&lt;/div&gt;", "subreddit_type": "public", "can_gild": true, "subreddit": "AskHistorians", "name": "t1_ds3k9ri", "score_hidden": false, "permalink": "/r/AskHistorians/comments/7nls2f/nigeriens_often_say_that_the_military/ds3k9ri/", "num_reports": null, "stickied": false, "created": 1514958897.0, "author_flair_text": "Moderator | Shipbuilding and Logistics | British Navy 1770-1830", "created_utc": 1514930097.0, "subreddit_name_prefixed": "r/AskHistorians", "controversiality": 0, "depth": 3, "mod_reports": [], "mod_note": null, "distinguished": "moderator"}}], "after": null, "before": null}}, "user_reports": [], "saved": false, "id": "ds3jwl4", "banned_at_utc": null, "mod_reason_title": null, "gilded": 0, "archived": false, "report_reasons": null, "author": "[deleted]", "can_mod_post": false, "send_replies": true, "parent_id": "t1_ds3jsf7", "score": 0, "approved_by": null, "downs": 0, "body": "[removed]", "edited": false, "author_flair_css_class": null, "collapsed": false, "is_submitter": false, "collapsed_reason": null, "body_html": "&lt;div class=\"md\"&gt;&lt;p&gt;[removed]&lt;/p&gt;\n&lt;/div&gt;", "subreddit_type": "public", "can_gild": false, "subreddit": "AskHistorians", "name": "t1_ds3jwl4", "score_hidden": false, "permalink": "/r/AskHistorians/comments/7nls2f/nigeriens_often_say_that_the_military/ds3jwl4/", "num_reports": null, "stickied": false, "created": 1514958513.0, "author_flair_text": null, "created_utc": 1514929713.0, "subreddit_name_prefixed": "r/AskHistorians", "controversiality": 0, "depth": 2, "mod_reports": [], "mod_note": null, "distinguished": null}}], "after": null, "before": null}}, "user_reports": [], "saved": false, "id": "ds3jsf7", "banned_at_utc": null, "mod_reason_title": null, "gilded": 0, "archived": false, "report_reasons": null, "author": "Snapshot52", "can_mod_post": false, "send_replies": true, "parent_id": "t1_ds3jp24", "score": 5, "approved_by": null, "downs": 0, "body": "Sorry, but this response has been removed because we do not allow [personal anecdotes](http://www.reddit.com/r/AskHistorians/wiki/rules#wiki_no_personal_anecdotes). While they're sometimes quite interesting, they're unverifiable, impossible to cross-reference, and not of much use without more context. [This discussion thread](https://www.reddit.com/r/AskHistorians/comments/40mle4/rules_roundtable_3_explaining_the_no_personal/) explains the reasoning behind this rule.", "edited": false, "author_flair_css_class": null, "collapsed": false, "is_submitter": false, "collapsed_reason": null, "body_html": "&lt;div class=\"md\"&gt;&lt;p&gt;Sorry, but this response has been removed because we do not allow &lt;a href=\"http://www.reddit.com/r/AskHistorians/wiki/rules#wiki_no_personal_anecdotes\"&gt;personal anecdotes&lt;/a&gt;. While they&amp;#39;re sometimes quite interesting, they&amp;#39;re unverifiable, impossible to cross-reference, and not of much use without more context. &lt;a href=\"https://www.reddit.com/r/AskHistorians/comments/40mle4/rules_roundtable_3_explaining_the_no_personal/\"&gt;This discussion thread&lt;/a&gt; explains the reasoning behind this rule.&lt;/p&gt;\n&lt;/div&gt;", "subreddit_type": "public", "can_gild": true, "subreddit": "AskHistorians", "name": "t1_ds3jsf7", "score_hidden": false, "permalink": "/r/AskHistorians/comments/7nls2f/nigeriens_often_say_that_the_military/ds3jsf7/", "num_reports": null, "stickied": false, "created": 1514958394.0, "author_flair_text": null, "created_utc": 1514929594.0, "subreddit_name_prefixed": "r/AskHistorians", "controversiality": 0, "depth": 1, "mod_reports": [], "mod_note": null, "distinguished": "moderator"}}], "after": null, "before": null}}, "user_reports": [], "saved": false, "id": "ds3jp24", "banned_at_utc": null, "mod_reason_title": null, "gilded": 0, "archived": false, "report_reasons": null, "author": "[deleted]", "can_mod_post": false, "send_replies": true, "parent_id": "t3_7nls2f", "score": -1, "approved_by": null, "downs": 0, "body": "[removed]", "edited": false, "author_flair_css_class": null, "collapsed": false, "is_submitter": false, "collapsed_reason": null, "body_html": "&lt;div class=\"md\"&gt;&lt;p&gt;[removed]&lt;/p&gt;\n&lt;/div&gt;", "subreddit_type": "public", "can_gild": false, "subreddit": "AskHistorians", "name": "t1_ds3jp24", "score_hidden": false, "permalink": "/r/AskHistorians/comments/7nls2f/nigeriens_often_say_that_the_military/ds3jp24/", "num_reports": null, "stickied": false, "created": 1514958300.0, "author_flair_text": null, "created_utc": 1514929500.0, "subreddit_name_prefixed": "r/AskHistorians", "controversiality": 0, "depth": 0, "mod_reports": [], "mod_note": null, "distinguished": null}}], "after": null, "before": null}}]