[{"kind": "Listing", "data": {"modhash": "", "dist": 1, "children": [{"kind": "t3", "data": {"subreddit_id": "t5_2ssp3", "approved_at_utc": null, "send_replies": true, "mod_reason_by": null, "banned_by": null, "removal_reason": null, "wls": 6, "subreddit": "AskHistorians", "selftext_html": "&lt;!-- SC_OFF --&gt;&lt;div class=\"md\"&gt;&lt;p&gt;From what I&amp;#39;ve read, the Golden Stool (Sika \u0257wa, according to Wikipedia) of the Ashanti was an important part of the Asantehene&amp;#39;s claim to power. I&amp;#39;m interested in why the Golden Stool was so important and how it actually functioned within the politics and society of the Ashanti. A throne made of gold certainly functions as an incredible display of wealth. However, things I&amp;#39;ve read suggest a spiritual connection to the Golden Stool, but descriptions of this are unfortunately vague. Additionally, there seems to be an emphasis on keeping the Golden Stool secret and secluded. How did the many roles of the Golden Stool, as well as it&amp;#39;s seclusion, affect its use as a symbol of royal power? What do we know of the Golden Stool and it&amp;#39;s function within court life or greater Ashanti society?&lt;/p&gt;\n&lt;/div&gt;&lt;!-- SC_ON --&gt;", "author_flair_template_id": null, "selftext": "From what I've read, the Golden Stool (Sika \u0257wa, according to Wikipedia) of the Ashanti was an important part of the Asantehene's claim to power. I'm interested in why the Golden Stool was so important and how it actually functioned within the politics and society of the Ashanti. A throne made of gold certainly functions as an incredible display of wealth. However, things I've read suggest a spiritual connection to the Golden Stool, but descriptions of this are unfortunately vague. Additionally, there seems to be an emphasis on keeping the Golden Stool secret and secluded. How did the many roles of the Golden Stool, as well as it's seclusion, affect its use as a symbol of royal power? What do we know of the Golden Stool and it's function within court life or greater Ashanti society?", "likes": null, "suggested_sort": null, "mod_note": null, "user_reports": [], "secure_media": null, "is_reddit_media_domain": false, "saved": false, "id": "7np6zb", "banned_at_utc": null, "mod_reason_title": null, "view_count": null, "archived": false, "clicked": false, "no_follow": false, "author": "Ahemmusa", "num_crossposts": 0, "link_flair_text": null, "can_mod_post": false, "is_crosspostable": false, "pinned": false, "score": 17, "approved_by": null, "over_18": false, "domain": "self.AskHistorians", "hidden": false, "pwls": 6, "thumbnail": "", "hide_score": false, "edited": false, "link_flair_css_class": null, "media_only": false, "author_flair_css_class": null, "contest_mode": false, "gilded": 0, "title": "How was the Golden Stool/Throne of the Ashanti used as a symbol of royal power in the 19th century?", "downs": 0, "secure_media_embed": {}, "media_embed": {}, "author_flair_text": null, "stickied": false, "can_gild": false, "is_self": true, "parent_whitelist_status": "all_ads", "name": "t3_7np6zb", "spoiler": false, "permalink": "/r/AskHistorians/comments/7np6zb/how_was_the_golden_stoolthrone_of_the_ashanti/", "subreddit_type": "public", "locked": false, "report_reasons": null, "created": 1514954252.0, "url": "https://www.reddit.com/r/AskHistorians/comments/7np6zb/how_was_the_golden_stoolthrone_of_the_ashanti/", "whitelist_status": "all_ads", "quarantine": false, "subreddit_subscribers": 755166, "created_utc": 1514925452.0, "subreddit_name_prefixed": "r/AskHistorians", "distinguished": null, "media": null, "num_comments": 2, "upvote_ratio": 0.77, "mod_reports": [], "visited": false, "num_reports": null, "is_video": false, "ups": 17, "post_categories": null}}], "after": null, "before": null}}, {"kind": "Listing", "data": {"modhash": "", "dist": null, "children": [{"kind": "t1", "data": {"subreddit_id": "t5_2ssp3", "approved_at_utc": null, "ups": 8, "mod_reason_by": null, "banned_by": null, "removal_reason": null, "link_id": "t3_7np6zb", "author_flair_template_id": null, "likes": null, "no_follow": false, "replies": {"kind": "Listing", "data": {"modhash": "", "dist": null, "children": [{"kind": "t1", "data": {"subreddit_id": "t5_2ssp3", "approved_at_utc": null, "ups": 1, "mod_reason_by": null, "banned_by": null, "removal_reason": null, "link_id": "t3_7np6zb", "author_flair_template_id": null, "likes": null, "no_follow": true, "replies": "", "user_reports": [], "saved": false, "id": "ds49lfd", "banned_at_utc": null, "mod_reason_title": null, "gilded": 0, "archived": false, "report_reasons": null, "author": "Ahemmusa", "can_mod_post": false, "send_replies": true, "parent_id": "t1_ds3syxm", "score": 1, "approved_by": null, "downs": 0, "body": "Thank you very much for the answer, I had no idea the role the Stool had played in both resisting British imperialism, and being part of the process of British imperialism. Thank you for recommending Ivor Wilk's book as well, I hadn't heard of it before.", "edited": false, "author_flair_css_class": null, "collapsed": false, "is_submitter": true, "collapsed_reason": null, "body_html": "&lt;div class=\"md\"&gt;&lt;p&gt;Thank you very much for the answer, I had no idea the role the Stool had played in both resisting British imperialism, and being part of the process of British imperialism. Thank you for recommending Ivor Wilk&amp;#39;s book as well, I hadn&amp;#39;t heard of it before.&lt;/p&gt;\n&lt;/div&gt;", "subreddit_type": "public", "can_gild": true, "subreddit": "AskHistorians", "name": "t1_ds49lfd", "score_hidden": false, "permalink": "/r/AskHistorians/comments/7np6zb/how_was_the_golden_stoolthrone_of_the_ashanti/ds49lfd/", "num_reports": null, "stickied": false, "created": 1514990041.0, "author_flair_text": null, "created_utc": 1514961241.0, "subreddit_name_prefixed": "r/AskHistorians", "controversiality": 0, "depth": 1, "mod_reports": [], "mod_note": null, "distinguished": null}}], "after": null, "before": null}}, "user_reports": [], "saved": false, "id": "ds3syxm", "banned_at_utc": null, "mod_reason_title": null, "gilded": 0, "archived": false, "report_reasons": null, "author": "khosikulu", "can_mod_post": false, "send_replies": true, "parent_id": "t3_7np6zb", "score": 8, "approved_by": null, "downs": 0, "body": "You're using the past tense here, which is unwarranted.  The Golden Stool remains central to the ritual and spiritual authority of the *Asantehene*, Osei Tutu II, today.  The idea is that this particular stool was called down from heaven for Osei Tutu I by his spiritual advisor, as a symbol of rulership at the time of the uniting of the Asante Confederacy after the defeat of Kumase's rival Denkyira (ca. 1702).  The reason it's important has to do with cultural norms and the scaling up of authority from the household to the wider nation.\n\nMost Akan households (and those of many other societies in the region) have stools--objects handed down, usually with ritual value, sometimes leaned against walls for guests, sometimes symbolically there for ancestors.  The stool is a sort of repository for the soul of its owner, and those of rulers embody some of their authority, which means that the Golden Stool is a repository for the soul of the nation by that logic.  It is gold in signification of the wealth and power of the people who live atop the goldfields, but also to reinforce the hierarchy of stools.  The *Asantehene* never sits on the stool, but is lowered and raised over it.  In that sense, it is the royal stool, but it's not *a* royal's own.  It's part of a wider refashioning of national unity, identity, and ritual that helped to create a supra-identity in the Asanteman and, over time, a sense of nationhood that historians once ascribed to Europe alone. [edit: The modernization and bureaucratization ascribed to Osei Kwadwo in the 1770s is also important, because it gave Asante all the key elements of a modern state, built around the same unity and identity formation.]  It's a complicated thing--and its seclusion is also important, as are other symbols attached to female offices (which Jean Allman's work ably discusses)--but I'd aim you towards Ivor Wilks's *Forests of Gold* as one of the core texts on the interplay between Akan societies and their cultures (material, spiritual, etc) across this transformation [edit: for the era you're talking about, the 1800s].  I can only really badly simplify it here.  Yes, he's an anthropologist so sometimes it gets dense for unfamiliar readership, but he also can convey ideas really deftly at other times.\n\nI can tell you that the seclusion and control of the Golden Stool was important to Asante identity contra the British especially as their threat became more serious in the late 1800s--their demand in 1900 to produce it for their governor provoked an armed rebellion, and they buried the stool to hide it.  When the stool was discovered in 1921 (I think--might be one year off) and stripped of gold and jewels by road workers, the British recognized that another revolt was imminent unless they restored the stool, returned it to the people, and allowed them to try (but not punish) the desecrators.  They followed that two years later with bringing the deposed *Asantehene*, Prempeh I, back from exile along with the other royals.  The Stool was a crucial catalyst in mobilizing and representing the nation, which is something the British only really understood after World War I.  In effect, the Stool is the symbol of the nation, but not its only one.", "edited": 1514942450.0, "author_flair_css_class": "africa", "collapsed": false, "is_submitter": false, "collapsed_reason": null, "body_html": "&lt;div class=\"md\"&gt;&lt;p&gt;You&amp;#39;re using the past tense here, which is unwarranted.  The Golden Stool remains central to the ritual and spiritual authority of the &lt;em&gt;Asantehene&lt;/em&gt;, Osei Tutu II, today.  The idea is that this particular stool was called down from heaven for Osei Tutu I by his spiritual advisor, as a symbol of rulership at the time of the uniting of the Asante Confederacy after the defeat of Kumase&amp;#39;s rival Denkyira (ca. 1702).  The reason it&amp;#39;s important has to do with cultural norms and the scaling up of authority from the household to the wider nation.&lt;/p&gt;\n\n&lt;p&gt;Most Akan households (and those of many other societies in the region) have stools--objects handed down, usually with ritual value, sometimes leaned against walls for guests, sometimes symbolically there for ancestors.  The stool is a sort of repository for the soul of its owner, and those of rulers embody some of their authority, which means that the Golden Stool is a repository for the soul of the nation by that logic.  It is gold in signification of the wealth and power of the people who live atop the goldfields, but also to reinforce the hierarchy of stools.  The &lt;em&gt;Asantehene&lt;/em&gt; never sits on the stool, but is lowered and raised over it.  In that sense, it is the royal stool, but it&amp;#39;s not &lt;em&gt;a&lt;/em&gt; royal&amp;#39;s own.  It&amp;#39;s part of a wider refashioning of national unity, identity, and ritual that helped to create a supra-identity in the Asanteman and, over time, a sense of nationhood that historians once ascribed to Europe alone. [edit: The modernization and bureaucratization ascribed to Osei Kwadwo in the 1770s is also important, because it gave Asante all the key elements of a modern state, built around the same unity and identity formation.]  It&amp;#39;s a complicated thing--and its seclusion is also important, as are other symbols attached to female offices (which Jean Allman&amp;#39;s work ably discusses)--but I&amp;#39;d aim you towards Ivor Wilks&amp;#39;s &lt;em&gt;Forests of Gold&lt;/em&gt; as one of the core texts on the interplay between Akan societies and their cultures (material, spiritual, etc) across this transformation [edit: for the era you&amp;#39;re talking about, the 1800s].  I can only really badly simplify it here.  Yes, he&amp;#39;s an anthropologist so sometimes it gets dense for unfamiliar readership, but he also can convey ideas really deftly at other times.&lt;/p&gt;\n\n&lt;p&gt;I can tell you that the seclusion and control of the Golden Stool was important to Asante identity contra the British especially as their threat became more serious in the late 1800s--their demand in 1900 to produce it for their governor provoked an armed rebellion, and they buried the stool to hide it.  When the stool was discovered in 1921 (I think--might be one year off) and stripped of gold and jewels by road workers, the British recognized that another revolt was imminent unless they restored the stool, returned it to the people, and allowed them to try (but not punish) the desecrators.  They followed that two years later with bringing the deposed &lt;em&gt;Asantehene&lt;/em&gt;, Prempeh I, back from exile along with the other royals.  The Stool was a crucial catalyst in mobilizing and representing the nation, which is something the British only really understood after World War I.  In effect, the Stool is the symbol of the nation, but not its only one.&lt;/p&gt;\n&lt;/div&gt;", "subreddit_type": "public", "can_gild": true, "subreddit": "AskHistorians", "name": "t1_ds3syxm", "score_hidden": false, "permalink": "/r/AskHistorians/comments/7np6zb/how_was_the_golden_stoolthrone_of_the_ashanti/ds3syxm/", "num_reports": null, "stickied": false, "created": 1514968657.0, "author_flair_text": "Southern Africa | European Expansion", "created_utc": 1514939857.0, "subreddit_name_prefixed": "r/AskHistorians", "controversiality": 0, "depth": 0, "mod_reports": [], "mod_note": null, "distinguished": null}}], "after": null, "before": null}}]