[{"kind": "Listing", "data": {"modhash": "", "dist": 1, "children": [{"kind": "t3", "data": {"subreddit_id": "t5_2ssp3", "approved_at_utc": null, "send_replies": true, "mod_reason_by": null, "banned_by": null, "removal_reason": null, "wls": 6, "subreddit": "AskHistorians", "selftext_html": "&lt;!-- SC_OFF --&gt;&lt;div class=\"md\"&gt;&lt;p&gt;[deleted]&lt;/p&gt;\n&lt;/div&gt;&lt;!-- SC_ON --&gt;", "author_flair_template_id": null, "selftext": "[deleted]", "likes": null, "suggested_sort": null, "mod_note": null, "user_reports": [], "secure_media": null, "is_reddit_media_domain": false, "saved": false, "id": "7nptkz", "banned_at_utc": null, "mod_reason_title": null, "view_count": null, "archived": false, "clicked": false, "no_follow": true, "author": "[deleted]", "num_crossposts": 0, "link_flair_text": null, "can_mod_post": false, "is_crosspostable": false, "pinned": false, "score": 3, "approved_by": null, "over_18": false, "domain": "self.AskHistorians", "hidden": false, "pwls": 6, "thumbnail": "", "hide_score": false, "edited": false, "link_flair_css_class": null, "media_only": false, "author_flair_css_class": null, "contest_mode": false, "gilded": 0, "title": "Scientific literature about Edward of Westminster", "downs": 0, "secure_media_embed": {}, "media_embed": {}, "author_flair_text": null, "stickied": false, "can_gild": false, "is_self": true, "parent_whitelist_status": "all_ads", "name": "t3_7nptkz", "spoiler": false, "permalink": "/r/AskHistorians/comments/7nptkz/scientific_literature_about_edward_of_westminster/", "subreddit_type": "public", "locked": false, "report_reasons": null, "created": 1514959526.0, "url": "https://www.reddit.com/r/AskHistorians/comments/7nptkz/scientific_literature_about_edward_of_westminster/", "whitelist_status": "all_ads", "quarantine": false, "subreddit_subscribers": 755166, "created_utc": 1514930726.0, "subreddit_name_prefixed": "r/AskHistorians", "distinguished": null, "media": null, "num_comments": 1, "upvote_ratio": 0.72, "mod_reports": [], "visited": false, "num_reports": null, "is_video": false, "ups": 3, "post_categories": null}}], "after": null, "before": null}}, {"kind": "Listing", "data": {"modhash": "", "dist": null, "children": [{"kind": "t1", "data": {"subreddit_id": "t5_2ssp3", "approved_at_utc": null, "ups": 4, "mod_reason_by": null, "banned_by": null, "removal_reason": null, "link_id": "t3_7nptkz", "author_flair_template_id": null, "likes": null, "no_follow": true, "replies": "", "user_reports": [], "saved": false, "id": "ds3myh6", "banned_at_utc": null, "mod_reason_title": null, "gilded": 0, "archived": false, "report_reasons": null, "author": "TrajanOptimus117", "can_mod_post": false, "send_replies": true, "parent_id": "t3_7nptkz", "score": 4, "approved_by": null, "downs": 0, "body": "I'll be honest there is no comparison to be made, not really anyway. I think the Game of Thrones/Wars of the Roses parallels have been massively exaggerated by people who want to find a real historical parallel to their favourite fictional series. \n\nNow there's nothing inherently wrong with that, but it does mean that people end up searching for historical equivalents to the characters in GoT and using faulty analysis to find similarities. People wanted to find an historical figure to compare Joffrey with and thus they settled on the only late teenaged figure in the time period to compare him to.\n\nBy all accounts Prince Edward was a brave young man, the very fact that he was killed in battle, fighting for his father, aged only 17 would seem to confirm this. But the reason that there is a paucity of sources on him is that he was an inconsequential figure in history. His father Henry VI had been successfully deposed in 1461 by Edward IV and the only reason the Battle of Tewkesbury took place was because the Earl of Warwick had conspired to depose Edward and place Henry back on the throne, in much the same way he had conspired with Edward to depose Henry a decade earlier. \n\nAs much as I love GoT and as interesting as I find the Wars of the Roses there is no parallels between Joffrey and Edward other than they both died as teenagers. \nJoffrey became King, Edward didn't.\nJoffrey was extremely cruel, Edward wasn't (or If he was there is no evidence of it, since he never held any power that would have allowed his cruelty to manifest). \nJoffrey was a coward who never have led his troops (Battle of the Blackwater) while Prince Edward's courage in doing so is what got him killed. ", "edited": false, "author_flair_css_class": null, "collapsed": false, "is_submitter": false, "collapsed_reason": null, "body_html": "&lt;div class=\"md\"&gt;&lt;p&gt;I&amp;#39;ll be honest there is no comparison to be made, not really anyway. I think the Game of Thrones/Wars of the Roses parallels have been massively exaggerated by people who want to find a real historical parallel to their favourite fictional series. &lt;/p&gt;\n\n&lt;p&gt;Now there&amp;#39;s nothing inherently wrong with that, but it does mean that people end up searching for historical equivalents to the characters in GoT and using faulty analysis to find similarities. People wanted to find an historical figure to compare Joffrey with and thus they settled on the only late teenaged figure in the time period to compare him to.&lt;/p&gt;\n\n&lt;p&gt;By all accounts Prince Edward was a brave young man, the very fact that he was killed in battle, fighting for his father, aged only 17 would seem to confirm this. But the reason that there is a paucity of sources on him is that he was an inconsequential figure in history. His father Henry VI had been successfully deposed in 1461 by Edward IV and the only reason the Battle of Tewkesbury took place was because the Earl of Warwick had conspired to depose Edward and place Henry back on the throne, in much the same way he had conspired with Edward to depose Henry a decade earlier. &lt;/p&gt;\n\n&lt;p&gt;As much as I love GoT and as interesting as I find the Wars of the Roses there is no parallels between Joffrey and Edward other than they both died as teenagers. \nJoffrey became King, Edward didn&amp;#39;t.\nJoffrey was extremely cruel, Edward wasn&amp;#39;t (or If he was there is no evidence of it, since he never held any power that would have allowed his cruelty to manifest). \nJoffrey was a coward who never have led his troops (Battle of the Blackwater) while Prince Edward&amp;#39;s courage in doing so is what got him killed. &lt;/p&gt;\n&lt;/div&gt;", "subreddit_type": "public", "can_gild": true, "subreddit": "AskHistorians", "name": "t1_ds3myh6", "score_hidden": false, "permalink": "/r/AskHistorians/comments/7nptkz/scientific_literature_about_edward_of_westminster/ds3myh6/", "num_reports": null, "stickied": false, "created": 1514961775.0, "author_flair_text": null, "created_utc": 1514932975.0, "subreddit_name_prefixed": "r/AskHistorians", "controversiality": 0, "depth": 0, "mod_reports": [], "mod_note": null, "distinguished": null}}], "after": null, "before": null}}]