[{"kind": "Listing", "data": {"modhash": "", "dist": 1, "children": [{"kind": "t3", "data": {"approved_at_utc": null, "subreddit": "AskHistorians", "selftext": "I've always heard that the pre-Christian Germanic peoples (including Scandinavians) were preliterate societies but why is this the case when they obviously made runic inscriptions; did these serve a solely ceremonial purpose as opposed to record-keeping, literature, etc.?", "user_reports": [], "saved": false, "mod_reason_title": null, "gilded": 0, "clicked": false, "title": "What were Norse/Germanic runes used for?", "link_flair_richtext": [], "subreddit_name_prefixed": "r/AskHistorians", "hidden": false, "pwls": 6, "link_flair_css_class": null, "downs": 0, "top_awarded_type": null, "parent_whitelist_status": "all_ads", "hide_score": false, "name": "t3_j407gw", "quarantine": false, "link_flair_text_color": "dark", "upvote_ratio": 0.9, "author_flair_background_color": null, "subreddit_type": "public", "ups": 7, "total_awards_received": 0, "media_embed": {}, "author_flair_template_id": null, "is_original_content": false, "author_fullname": "t2_nse7kij", "secure_media": null, "is_reddit_media_domain": false, "is_meta": false, "category": null, "secure_media_embed": {}, "link_flair_text": null, "can_mod_post": false, "score": 7, "approved_by": null, "author_premium": false, "thumbnail": "", "edited": false, "author_flair_css_class": null, "author_flair_richtext": [], "gildings": {}, "content_categories": null, "is_self": true, "mod_note": null, "created": 1601692555.0, "link_flair_type": "text", "wls": 6, "removed_by_category": null, "banned_by": null, "author_flair_type": "text", "domain": "self.AskHistorians", "allow_live_comments": false, "selftext_html": "&lt;!-- SC_OFF --&gt;&lt;div class=\"md\"&gt;&lt;p&gt;I&amp;#39;ve always heard that the pre-Christian Germanic peoples (including Scandinavians) were preliterate societies but why is this the case when they obviously made runic inscriptions; did these serve a solely ceremonial purpose as opposed to record-keeping, literature, etc.?&lt;/p&gt;\n&lt;/div&gt;&lt;!-- SC_ON --&gt;", "likes": null, "suggested_sort": null, "banned_at_utc": null, "view_count": null, "archived": false, "no_follow": false, "is_crosspostable": false, "pinned": false, "over_18": false, "all_awardings": [], "awarders": [], "media_only": false, "can_gild": false, "spoiler": false, "locked": false, "author_flair_text": null, "treatment_tags": [], "visited": false, "removed_by": null, "num_reports": null, "distinguished": null, "subreddit_id": "t5_2ssp3", "mod_reason_by": null, "removal_reason": null, "link_flair_background_color": "", "id": "j407gw", "is_robot_indexable": true, "num_duplicates": 1, "report_reasons": null, "author": "Xenophon32", "discussion_type": null, "num_comments": 4, "send_replies": true, "media": null, "contest_mode": false, "author_patreon_flair": false, "author_flair_text_color": null, "permalink": "/r/AskHistorians/comments/j407gw/what_were_norsegermanic_runes_used_for/", "whitelist_status": "all_ads", "stickied": false, "url": "https://www.reddit.com/r/AskHistorians/comments/j407gw/what_were_norsegermanic_runes_used_for/", "subreddit_subscribers": 1281267, "created_utc": 1601663755.0, "num_crossposts": 0, "mod_reports": [], "is_video": false}}], "after": null, "before": null}}, {"kind": "Listing", "data": {"modhash": "", "dist": null, "children": [{"kind": "t1", "data": {"total_awards_received": 0, "approved_at_utc": null, "comment_type": null, "awarders": [], "mod_reason_by": null, "banned_by": null, "ups": 1, "author_flair_type": "richtext", "removal_reason": null, "link_id": "t3_j407gw", "author_flair_template_id": "9e641f94-c626-11e2-8e2c-12313b0b21ae", "likes": null, "replies": "", "user_reports": [], "saved": false, "id": "g7few36", "banned_at_utc": null, "mod_reason_title": null, "gilded": 0, "archived": false, "no_follow": true, "author": "AutoModerator", "can_mod_post": false, "send_replies": false, "parent_id": "t3_j407gw", "score": 1, "author_fullname": "t2_6l4z3", "report_reasons": null, "approved_by": null, "all_awardings": [], "subreddit_id": "t5_2ssp3", "body": "Welcome to /r/AskHistorians. **Please [Read Our Rules](https://www.reddit.com/r/AskHistorians/wiki/rules) before you comment in this community**. Understand that rule breaking comments get removed.\n\n#Please consider **[Clicking Here for RemindMeBot](https://www.reddit.com/message/compose/?to=RemindMeBot&amp;subject=Reminder&amp;message=%5Bhttps://www.reddit.com/r/AskHistorians/comments/j407gw/what_were_norsegermanic_runes_used_for/%5D%0A%0ARemindMe!%202%20days)** as it takes time for an answer to be written. \n\niOS App Users please be aware [autolinking to RemindMeBot functionality is currently broken](https://www.reddit.com/r/redditmobile/comments/immxqs/ios_2020330_newest_ios_has_broken_the_ability_to/).\n\nWe thank you for your interest in this *question*, and your patience in waiting for an in-depth and comprehensive answer to show up. In addition to RemindMeBot, consider [using our Browser Extension](https://www.reddit.com/r/AskHistorians/comments/d6dzi7/tired_of_clicking_to_find_only_removed_comments/), or getting the [Weekly Roundup](https://www.reddit.com/message/compose?to=subredditsummarybot&amp;subject=askhistorians+weekly&amp;message=x). In the meantime our [Twitter](https://twitter.com/askhistorians), [Facebook](https://www.facebook.com/askhistorians/), and [Sunday Digest](https://www.reddit.com/r/AskHistorians/search?q=title%3A%22Sunday+Digest%22&amp;restrict_sr=on&amp;sort=new&amp;t=all) feature excellent content that has already been written!\n\n\n*I am a bot, and this action was performed automatically. Please [contact the moderators of this subreddit](/message/compose/?to=/r/AskHistorians) if you have any questions or concerns.*", "edited": false, "downs": 0, "author_flair_css_class": null, "is_submitter": false, "collapsed": false, "author_flair_richtext": [{"e": "text", "t": "History of Robotics"}], "author_patreon_flair": false, "body_html": "&lt;div class=\"md\"&gt;&lt;p&gt;Welcome to &lt;a href=\"/r/AskHistorians\"&gt;/r/AskHistorians&lt;/a&gt;. &lt;strong&gt;Please &lt;a href=\"https://www.reddit.com/r/AskHistorians/wiki/rules\"&gt;Read Our Rules&lt;/a&gt; before you comment in this community&lt;/strong&gt;. Understand that rule breaking comments get removed.&lt;/p&gt;\n\n&lt;h1&gt;Please consider &lt;strong&gt;&lt;a href=\"https://www.reddit.com/message/compose/?to=RemindMeBot&amp;amp;subject=Reminder&amp;amp;message=%5Bhttps://www.reddit.com/r/AskHistorians/comments/j407gw/what_were_norsegermanic_runes_used_for/%5D%0A%0ARemindMe!%202%20days\"&gt;Clicking Here for RemindMeBot&lt;/a&gt;&lt;/strong&gt; as it takes time for an answer to be written.&lt;/h1&gt;\n\n&lt;p&gt;iOS App Users please be aware &lt;a href=\"https://www.reddit.com/r/redditmobile/comments/immxqs/ios_2020330_newest_ios_has_broken_the_ability_to/\"&gt;autolinking to RemindMeBot functionality is currently broken&lt;/a&gt;.&lt;/p&gt;\n\n&lt;p&gt;We thank you for your interest in this &lt;em&gt;question&lt;/em&gt;, and your patience in waiting for an in-depth and comprehensive answer to show up. In addition to RemindMeBot, consider &lt;a href=\"https://www.reddit.com/r/AskHistorians/comments/d6dzi7/tired_of_clicking_to_find_only_removed_comments/\"&gt;using our Browser Extension&lt;/a&gt;, or getting the &lt;a href=\"https://www.reddit.com/message/compose?to=subredditsummarybot&amp;amp;subject=askhistorians+weekly&amp;amp;message=x\"&gt;Weekly Roundup&lt;/a&gt;. In the meantime our &lt;a href=\"https://twitter.com/askhistorians\"&gt;Twitter&lt;/a&gt;, &lt;a href=\"https://www.facebook.com/askhistorians/\"&gt;Facebook&lt;/a&gt;, and &lt;a href=\"https://www.reddit.com/r/AskHistorians/search?q=title%3A%22Sunday+Digest%22&amp;amp;restrict_sr=on&amp;amp;sort=new&amp;amp;t=all\"&gt;Sunday Digest&lt;/a&gt; feature excellent content that has already been written!&lt;/p&gt;\n\n&lt;p&gt;&lt;em&gt;I am a bot, and this action was performed automatically. Please &lt;a href=\"/message/compose/?to=/r/AskHistorians\"&gt;contact the moderators of this subreddit&lt;/a&gt; if you have any questions or concerns.&lt;/em&gt;&lt;/p&gt;\n&lt;/div&gt;", "gildings": {}, "collapsed_reason": null, "associated_award": null, "stickied": true, "author_premium": true, "subreddit_type": "public", "can_gild": true, "top_awarded_type": null, "author_flair_text_color": "light", "score_hidden": true, "permalink": "/r/AskHistorians/comments/j407gw/what_were_norsegermanic_runes_used_for/g7few36/", "num_reports": null, "locked": true, "name": "t1_g7few36", "created": 1601692555.0, "subreddit": "AskHistorians", "author_flair_text": "History of Robotics", "treatment_tags": [], "created_utc": 1601663755.0, "subreddit_name_prefixed": "r/AskHistorians", "controversiality": 0, "depth": 0, "author_flair_background_color": "#993366", "collapsed_because_crowd_control": null, "mod_reports": [], "mod_note": null, "distinguished": "moderator"}}, {"kind": "t1", "data": {"total_awards_received": 0, "approved_at_utc": null, "comment_type": null, "awarders": [], "mod_reason_by": null, "banned_by": null, "ups": 12, "author_flair_type": "text", "removal_reason": null, "link_id": "t3_j407gw", "author_flair_template_id": null, "likes": null, "replies": {"kind": "Listing", "data": {"modhash": "", "dist": null, "children": [{"kind": "t1", "data": {"total_awards_received": 0, "approved_at_utc": null, "comment_type": null, "awarders": [], "mod_reason_by": null, "banned_by": null, "ups": 10, "author_flair_type": "text", "removal_reason": null, "link_id": "t3_j407gw", "author_flair_template_id": null, "likes": null, "replies": "", "user_reports": [], "saved": false, "id": "g7gnjht", "banned_at_utc": null, "mod_reason_title": null, "gilded": 0, "archived": false, "no_follow": false, "author": "Platypuskeeper", "can_mod_post": false, "send_replies": true, "parent_id": "t1_g7glmkh", "score": 10, "author_fullname": "t2_4a2kz", "report_reasons": null, "approved_by": null, "all_awardings": [], "subreddit_id": "t5_2ssp3", "collapsed": false, "body": "**Iron-Age inscriptions**\n\nNow, as you go farther back in time, pre-Viking Age, (800s) there's fewer bone and wooden objects. Not just with runes but in general. And where such artifacts exist, they're often more fragmentary with only a single word (or part of a word) or two, making them difficult if not impossible to decipher (not least since the language is poorly known at the time) Additionally they're not from random contexts; where wood has survived, it's typically from bogs (_Kragehul mose_ in Denmark) where weapons and other objects were sacrificed ritually, meaning it's more likely those would be the same kind of magic words (e.g. **alu**) that one sees on metal parts of weapons and fancy items like gold bracteates. \n\nSo compared to the medieval situation, it becomes harder to judge the relative importance and nature of inscriptions on wood. However as said at the outset, it's likely wooden inscriptions were always the main medium. \n\nThe most famous runic artifacts are the Viking Age rune stones, out of which there are around 3,000. The vast majority of these are from east Sweden, 11th century and erected by Christians as memorials to the dead. Memorials but not grave markers (this being from the time period after conversion but before people began to bury their dead in churchyards, which occurred around 1100 in these regions). Although a tradition of raising such stones had existed previously, it was as an expression of their relatively-newfound Christian faith that runestone-carving-and-raising really took off in the 11th century Sweden. The basic formula of these would be along the lines of \"&lt;Name&gt; and &lt;Name 2&gt; had this stone raised in memory of &lt;Name 3&gt;, their &lt;relation&gt;.\" Although it may frequently add something like \"god help his soul\" or \"he died in the east\". \n\nSo, one might also argue that runes could not have been strongly associated with pagan cult - or Christians would not have adopted them. Again, the perception of them being somehow un-Christian does not seem to manifest until centuries later. (and even then it wasn't so strong, considering runic calendars remained in use)\n\nThe practice of writing magical invocations on metal sheets (first copper alloys, later lead would become more common) began during the Viking Age but continued well into the Christian period, although then with invocations to Jesus, Mary, apostles and archangels etc. There are also engravings, on weapons for instance, of presumed magic words and names. \n\nSo there are more monumental and magical inscriptions as one goes farther back in time, but this is likely due to the limitations of what's survived. The year 400 is after all as far removed from the year 1200 as the later is to the present.\n\nWhen it comes to record-keeping, it's perhaps an under-appreciated fact that Scandianvians in the Viking Age and other pre-Christian Germanic peoples earlier, were _innumerate_. They had letters but no numerals. Even after Christianity, it seems Scandinavians were not the quickest at picking up numerals. (Hence, on the oldest dated Scandinavian church bell, from Saleby, reads (in runes) \"When I was made, it was one thousand two-hundred twenty winters and eight since god's birth.\".. rather verbose compared to MCCXXVIII, much less '1228') Scandinavian runic calendars were adapted Medieval perpetual calendars, using runes where the continental model would use Roman numerals and/or Latin letters to denote the days of the week and phases of the moon. (yet accidentally transposing the order so that the **l** rune comes before **m** as in the Latin alphabet rather than the other way around as in the Younger Futhark) It seems Norse traders would've had to use other methods. \n\nNot at all akin to the situation with something like Babylonian cuneiform, where the big majority of texts are inventories and receipts.", "edited": 1601682796.0, "author_flair_css_class": "", "is_submitter": false, "downs": 0, "author_flair_richtext": [], "author_patreon_flair": false, "body_html": "&lt;div class=\"md\"&gt;&lt;p&gt;&lt;strong&gt;Iron-Age inscriptions&lt;/strong&gt;&lt;/p&gt;\n\n&lt;p&gt;Now, as you go farther back in time, pre-Viking Age, (800s) there&amp;#39;s fewer bone and wooden objects. Not just with runes but in general. And where such artifacts exist, they&amp;#39;re often more fragmentary with only a single word (or part of a word) or two, making them difficult if not impossible to decipher (not least since the language is poorly known at the time) Additionally they&amp;#39;re not from random contexts; where wood has survived, it&amp;#39;s typically from bogs (&lt;em&gt;Kragehul mose&lt;/em&gt; in Denmark) where weapons and other objects were sacrificed ritually, meaning it&amp;#39;s more likely those would be the same kind of magic words (e.g. &lt;strong&gt;alu&lt;/strong&gt;) that one sees on metal parts of weapons and fancy items like gold bracteates. &lt;/p&gt;\n\n&lt;p&gt;So compared to the medieval situation, it becomes harder to judge the relative importance and nature of inscriptions on wood. However as said at the outset, it&amp;#39;s likely wooden inscriptions were always the main medium. &lt;/p&gt;\n\n&lt;p&gt;The most famous runic artifacts are the Viking Age rune stones, out of which there are around 3,000. The vast majority of these are from east Sweden, 11th century and erected by Christians as memorials to the dead. Memorials but not grave markers (this being from the time period after conversion but before people began to bury their dead in churchyards, which occurred around 1100 in these regions). Although a tradition of raising such stones had existed previously, it was as an expression of their relatively-newfound Christian faith that runestone-carving-and-raising really took off in the 11th century Sweden. The basic formula of these would be along the lines of &amp;quot;&amp;lt;Name&amp;gt; and &amp;lt;Name 2&amp;gt; had this stone raised in memory of &amp;lt;Name 3&amp;gt;, their &amp;lt;relation&amp;gt;.&amp;quot; Although it may frequently add something like &amp;quot;god help his soul&amp;quot; or &amp;quot;he died in the east&amp;quot;. &lt;/p&gt;\n\n&lt;p&gt;So, one might also argue that runes could not have been strongly associated with pagan cult - or Christians would not have adopted them. Again, the perception of them being somehow un-Christian does not seem to manifest until centuries later. (and even then it wasn&amp;#39;t so strong, considering runic calendars remained in use)&lt;/p&gt;\n\n&lt;p&gt;The practice of writing magical invocations on metal sheets (first copper alloys, later lead would become more common) began during the Viking Age but continued well into the Christian period, although then with invocations to Jesus, Mary, apostles and archangels etc. There are also engravings, on weapons for instance, of presumed magic words and names. &lt;/p&gt;\n\n&lt;p&gt;So there are more monumental and magical inscriptions as one goes farther back in time, but this is likely due to the limitations of what&amp;#39;s survived. The year 400 is after all as far removed from the year 1200 as the later is to the present.&lt;/p&gt;\n\n&lt;p&gt;When it comes to record-keeping, it&amp;#39;s perhaps an under-appreciated fact that Scandianvians in the Viking Age and other pre-Christian Germanic peoples earlier, were &lt;em&gt;innumerate&lt;/em&gt;. They had letters but no numerals. Even after Christianity, it seems Scandinavians were not the quickest at picking up numerals. (Hence, on the oldest dated Scandinavian church bell, from Saleby, reads (in runes) &amp;quot;When I was made, it was one thousand two-hundred twenty winters and eight since god&amp;#39;s birth.&amp;quot;.. rather verbose compared to MCCXXVIII, much less &amp;#39;1228&amp;#39;) Scandinavian runic calendars were adapted Medieval perpetual calendars, using runes where the continental model would use Roman numerals and/or Latin letters to denote the days of the week and phases of the moon. (yet accidentally transposing the order so that the &lt;strong&gt;l&lt;/strong&gt; rune comes before &lt;strong&gt;m&lt;/strong&gt; as in the Latin alphabet rather than the other way around as in the Younger Futhark) It seems Norse traders would&amp;#39;ve had to use other methods. &lt;/p&gt;\n\n&lt;p&gt;Not at all akin to the situation with something like Babylonian cuneiform, where the big majority of texts are inventories and receipts.&lt;/p&gt;\n&lt;/div&gt;", "gildings": {}, "collapsed_reason": null, "associated_award": null, "stickied": false, "author_premium": false, "subreddit_type": "public", "can_gild": true, "top_awarded_type": null, "author_flair_text_color": "", "score_hidden": false, "permalink": "/r/AskHistorians/comments/j407gw/what_were_norsegermanic_runes_used_for/g7gnjht/", "num_reports": null, "locked": false, "name": "t1_g7gnjht", "created": 1601710393.0, "subreddit": "AskHistorians", "author_flair_text": "", "treatment_tags": [], "created_utc": 1601681593.0, "subreddit_name_prefixed": "r/AskHistorians", "controversiality": 0, "depth": 1, "author_flair_background_color": "", "collapsed_because_crowd_control": null, "mod_reports": [], "mod_note": null, "distinguished": null}}, {"kind": "t1", "data": {"total_awards_received": 0, "approved_at_utc": null, "comment_type": null, "awarders": [], "mod_reason_by": null, "banned_by": null, "ups": 2, "author_flair_type": "text", "removal_reason": null, "link_id": "t3_j407gw", "author_flair_template_id": null, "likes": null, "replies": "", "user_reports": [], "saved": false, "id": "g7gn3a2", "banned_at_utc": null, "mod_reason_title": null, "gilded": 0, "archived": false, "no_follow": true, "author": "Xenophon32", "can_mod_post": false, "send_replies": true, "parent_id": "t1_g7glmkh", "score": 2, "author_fullname": "t2_nse7kij", "report_reasons": null, "approved_by": null, "all_awardings": [], "subreddit_id": "t5_2ssp3", "collapsed": false, "body": "Awesome answer, thanks!", "edited": false, "author_flair_css_class": null, "is_submitter": true, "downs": 0, "author_flair_richtext": [], "author_patreon_flair": false, "body_html": "&lt;div class=\"md\"&gt;&lt;p&gt;Awesome answer, thanks!&lt;/p&gt;\n&lt;/div&gt;", "gildings": {}, "collapsed_reason": null, "associated_award": null, "stickied": false, "author_premium": false, "subreddit_type": "public", "can_gild": true, "top_awarded_type": null, "author_flair_text_color": null, "score_hidden": false, "permalink": "/r/AskHistorians/comments/j407gw/what_were_norsegermanic_runes_used_for/g7gn3a2/", "num_reports": null, "locked": false, "name": "t1_g7gn3a2", "created": 1601710118.0, "subreddit": "AskHistorians", "author_flair_text": null, "treatment_tags": [], "created_utc": 1601681318.0, "subreddit_name_prefixed": "r/AskHistorians", "controversiality": 0, "depth": 1, "author_flair_background_color": null, "collapsed_because_crowd_control": null, "mod_reports": [], "mod_note": null, "distinguished": null}}], "after": null, "before": null}}, "user_reports": [], "saved": false, "id": "g7glmkh", "banned_at_utc": null, "mod_reason_title": null, "gilded": 0, "archived": false, "no_follow": false, "author": "Platypuskeeper", "can_mod_post": false, "send_replies": false, "parent_id": "t3_j407gw", "score": 12, "author_fullname": "t2_4a2kz", "report_reasons": null, "approved_by": null, "all_awardings": [], "subreddit_id": "t5_2ssp3", "body": "They were _literate_ societies but not _literary_ ones. I.e. they had a writing system, but they did not use it to transmit stories, knowledge and so on. \n\n**Writing technology**\n\nThe _means_ to do so did not really exist. The main medium for writing runes was by making knife-marks on wood. And they were adapted to that medium; e.g. by lacking horizontal lines, which become very difficult to see if they're parallel to the wood grain. \n\nEven if someone wanted to write down a long story, knife-marks on wood severely limits how long a text you can conveniently write. Inscriptions on stone and metal are even more limited. So not only was there no culture of writing long runic inscriptions of stories, the _technology_ was not there; i.e. the making of parchment, of quills, of gall ink, etc. Both written literature, its technology, and knowledge of calligraphy, would be introduced alongside the Latin alphabet. It was therefore natural that ink-on-parchment writing would be done using Latin script. \n\nThe few manuscripts of any length in runes (primary the _Codex Runicus_ from Denmark and KB MS A120 from Sweden) are essentially exceptions-that-prove-the-rule, both produced around 1300, a point in time by which Latin script was dominant and runes on their way out. Thus, they're considered a bit of a novelty, an 'archaising' style even at the time. A close-up view of the pen strokes also shows that, compared to Latin calligraphy, it must've been quite awkward to write. (requiring constant changes of stroke angle, whereas the hand is kept at a constant angle in contemporary calligraphy like Textualis)\n\nSo even after the introduction of the Latin script in Scandinavia (11th century), rune use still continued for centuries (mid-14th in general, 16th century in Gotland, possibly until the 20th in Dalarna) but it remained used only for short inscriptions, not ink-on-paper/parchment. \n\n**Vernacular literary tradition**\n\nLikewise, even after the introduction of parchment and ink and Latin calligraphy so on, most Scandinavians were hesitant to use it for the vernacular language. Up to and including the 13th century, almost all letters and manuscripts - the exception being laws - were written in Latin. This seems likely to have influenced the fact that very little of the oral storytelling tradition (not least the poetry) made its way onto parchment to be preserved for posterity. In Demark, only a little folklore was recorded insofar that it was included in the histories of Saxo Grammaticus and the Lejre chronicle. From Sweden only a few paragraphs of Gutnish (from Gotland) foklore was recorded (the _Gutasaga_) because it was a prologue to their law text. \n\nNorway and Iceland however, wrote in the vernacular to a higher extent, and therefore what we know of Old Norse stories and mythology is _heavily_ indebted to what was written down there, and particularly in Iceland, in the 12th and 13th centuries. To the extent that in many contexts 'Old Norse' is often synonymous with the West Norse dialect of that era. (even though a large majority of Scandinavians spoke East Norse)\n\nSo not only did runes by-and-large not make the transition to parchment, by-and-large the traditional oral stories didn't do so either. The Icelandic sagas is basically the exception that proves the rule, attributable to the very particular, strong literary culture that developed there. \n\nMy point is, they didn't have the means to write longer things, nor necessarily the concept of doing so. By the time they did have those things the oral storytelling still didn't carry over to the other medium. So there were a number of hurdles to overcome to have a literary runic culture that never were overcome.\n\n**Mystical rune use**\n\nFor a _very_ long time, historians had associated runes with magic. Literally since the first academic runologists, such as Johan Bure (AKA Johannes Bureus, 1568-1652). To the extent that it wouldn't even be something many would _consider_ questioning a century ago. Yet in recent decades this has undergone revisionism, to the extent that today the consensus among runologists is rather than they definitely _weren't_ inherently magical. A perception that they _had been_, seemed to arise in Scandinavia only by the end of the Middle Ages, by which time (as said) they'd fallen out of use (except a few regions). But the broader context here is that interest in magical/occult/'ancient' alphabets ([some examples](https://upload.wikimedia.org/wikipedia/commons/1/15/Magische_alphabete_barrett_the_magus.jpg)\n) came into vogue in the renaissance (e.g. with Heinrich Cornelius Agrippa) and would continue to be popular through the 16th and 17th centuries until the whole trend began to die down with the Enlightenment. (it's may be surprising that runes _didn't_ get more popularity than they did in that era, as an 'ancient, magical alphabet'. Perhaps the problem was that it was not an ancient people Renaissance occultists held in much esteem, compared to Hebrews, Assyrians or Egyptians) Nevertheless this is not an entirely distinct thing from the renewed interest in runes in that era; Johan Bure for instance was also an occultist who dabbled in Kabbalah. \n\nNow, when I'm saying here that runes weren't magical, I'm certainly _not_ saying that magical inscriptions with runes don't exist. They absolutely do, and from every time period. Rather, what I mean is that runes do not seem to have been considered _inherently_ magical, or having some sort of magical or ritual function that any other alphabet wouldn't have. (that said, to a society that's highly illiterate and superstitious _all_ alphabets could be regarded as somewhat 'magical', from an unabashedly-presentist POV) \n\n**The nature of inscriptions**\n\nThe time period from which we have the most inscriptions is (predictably) the most recent period they were in broad use, namely from 11th-14th century Scandinavia. The majority of these are short carvings on rather ephemeral things; short messages on sticks and bones. For instance:\n\n* \"Gy\u00f0a says you must go home\" (N B149, wood stick)\n\n* \"Read this!\" (U Sl 89, bone fragment) \n\n* \"fu\u00feorkhniastbkml\u0280\" (the runes in order. a common thing that was formerly always assumed to have magic attributed to it, and in some contexts probably did. But a substantial number are probably just people learning/practicing the alphabet)\n\n* \"Geirbj\u00f6rn owns me.\" (Sm 162, knife handle), \"Botvid of Alskog owns me\" (G 150, arm-ring)\n\n* \"cross, Mark, cross, Luke, cross Matthew [...] cross, Mary, mother of God. \" (U Fv1990;37,metal plate) \n\n* \"I carve healing runes, I carve helping runes, once against elves, twice against trolls, thrice against giants.\" (N B257, wood stick) \n\n* \"All souls here are baptized into the congregation through me, the bowl.\"   (Vg 244, on a somewhat boastful baptismal font)\n\n* On an pork rib: \"Marre(?) donated the rib. He owns the most property..\" .. but then on the back \"The king is the best man. He owns the most property. He is generous.\" (U Sl 34) - This one seems to bear witness of some presumably high-status fellows drunkenly bantering by writing messages on their leftover bones after some feast. \n\nThis is just a few out of thousands of inscriptions, but it gives an idea of the range, which is essentially the broadest imaginable. Runes were being used in the most everyday of contexts, such as marking ownership of objects, and sending short messages. They were used for blessings, for invocations and amulets. They were used on formal, high-status monuments and for jokes, riddles and banter. In other words, a full-fledged script.\n\n(continued..)", "edited": 1601681874.0, "downs": 0, "author_flair_css_class": "", "is_submitter": false, "collapsed": false, "author_flair_richtext": [], "author_patreon_flair": false, "body_html": "&lt;div class=\"md\"&gt;&lt;p&gt;They were &lt;em&gt;literate&lt;/em&gt; societies but not &lt;em&gt;literary&lt;/em&gt; ones. I.e. they had a writing system, but they did not use it to transmit stories, knowledge and so on. &lt;/p&gt;\n\n&lt;p&gt;&lt;strong&gt;Writing technology&lt;/strong&gt;&lt;/p&gt;\n\n&lt;p&gt;The &lt;em&gt;means&lt;/em&gt; to do so did not really exist. The main medium for writing runes was by making knife-marks on wood. And they were adapted to that medium; e.g. by lacking horizontal lines, which become very difficult to see if they&amp;#39;re parallel to the wood grain. &lt;/p&gt;\n\n&lt;p&gt;Even if someone wanted to write down a long story, knife-marks on wood severely limits how long a text you can conveniently write. Inscriptions on stone and metal are even more limited. So not only was there no culture of writing long runic inscriptions of stories, the &lt;em&gt;technology&lt;/em&gt; was not there; i.e. the making of parchment, of quills, of gall ink, etc. Both written literature, its technology, and knowledge of calligraphy, would be introduced alongside the Latin alphabet. It was therefore natural that ink-on-parchment writing would be done using Latin script. &lt;/p&gt;\n\n&lt;p&gt;The few manuscripts of any length in runes (primary the &lt;em&gt;Codex Runicus&lt;/em&gt; from Denmark and KB MS A120 from Sweden) are essentially exceptions-that-prove-the-rule, both produced around 1300, a point in time by which Latin script was dominant and runes on their way out. Thus, they&amp;#39;re considered a bit of a novelty, an &amp;#39;archaising&amp;#39; style even at the time. A close-up view of the pen strokes also shows that, compared to Latin calligraphy, it must&amp;#39;ve been quite awkward to write. (requiring constant changes of stroke angle, whereas the hand is kept at a constant angle in contemporary calligraphy like Textualis)&lt;/p&gt;\n\n&lt;p&gt;So even after the introduction of the Latin script in Scandinavia (11th century), rune use still continued for centuries (mid-14th in general, 16th century in Gotland, possibly until the 20th in Dalarna) but it remained used only for short inscriptions, not ink-on-paper/parchment. &lt;/p&gt;\n\n&lt;p&gt;&lt;strong&gt;Vernacular literary tradition&lt;/strong&gt;&lt;/p&gt;\n\n&lt;p&gt;Likewise, even after the introduction of parchment and ink and Latin calligraphy so on, most Scandinavians were hesitant to use it for the vernacular language. Up to and including the 13th century, almost all letters and manuscripts - the exception being laws - were written in Latin. This seems likely to have influenced the fact that very little of the oral storytelling tradition (not least the poetry) made its way onto parchment to be preserved for posterity. In Demark, only a little folklore was recorded insofar that it was included in the histories of Saxo Grammaticus and the Lejre chronicle. From Sweden only a few paragraphs of Gutnish (from Gotland) foklore was recorded (the &lt;em&gt;Gutasaga&lt;/em&gt;) because it was a prologue to their law text. &lt;/p&gt;\n\n&lt;p&gt;Norway and Iceland however, wrote in the vernacular to a higher extent, and therefore what we know of Old Norse stories and mythology is &lt;em&gt;heavily&lt;/em&gt; indebted to what was written down there, and particularly in Iceland, in the 12th and 13th centuries. To the extent that in many contexts &amp;#39;Old Norse&amp;#39; is often synonymous with the West Norse dialect of that era. (even though a large majority of Scandinavians spoke East Norse)&lt;/p&gt;\n\n&lt;p&gt;So not only did runes by-and-large not make the transition to parchment, by-and-large the traditional oral stories didn&amp;#39;t do so either. The Icelandic sagas is basically the exception that proves the rule, attributable to the very particular, strong literary culture that developed there. &lt;/p&gt;\n\n&lt;p&gt;My point is, they didn&amp;#39;t have the means to write longer things, nor necessarily the concept of doing so. By the time they did have those things the oral storytelling still didn&amp;#39;t carry over to the other medium. So there were a number of hurdles to overcome to have a literary runic culture that never were overcome.&lt;/p&gt;\n\n&lt;p&gt;&lt;strong&gt;Mystical rune use&lt;/strong&gt;&lt;/p&gt;\n\n&lt;p&gt;For a &lt;em&gt;very&lt;/em&gt; long time, historians had associated runes with magic. Literally since the first academic runologists, such as Johan Bure (AKA Johannes Bureus, 1568-1652). To the extent that it wouldn&amp;#39;t even be something many would &lt;em&gt;consider&lt;/em&gt; questioning a century ago. Yet in recent decades this has undergone revisionism, to the extent that today the consensus among runologists is rather than they definitely &lt;em&gt;weren&amp;#39;t&lt;/em&gt; inherently magical. A perception that they &lt;em&gt;had been&lt;/em&gt;, seemed to arise in Scandinavia only by the end of the Middle Ages, by which time (as said) they&amp;#39;d fallen out of use (except a few regions). But the broader context here is that interest in magical/occult/&amp;#39;ancient&amp;#39; alphabets (&lt;a href=\"https://upload.wikimedia.org/wikipedia/commons/1/15/Magische_alphabete_barrett_the_magus.jpg\"&gt;some examples&lt;/a&gt;\n) came into vogue in the renaissance (e.g. with Heinrich Cornelius Agrippa) and would continue to be popular through the 16th and 17th centuries until the whole trend began to die down with the Enlightenment. (it&amp;#39;s may be surprising that runes &lt;em&gt;didn&amp;#39;t&lt;/em&gt; get more popularity than they did in that era, as an &amp;#39;ancient, magical alphabet&amp;#39;. Perhaps the problem was that it was not an ancient people Renaissance occultists held in much esteem, compared to Hebrews, Assyrians or Egyptians) Nevertheless this is not an entirely distinct thing from the renewed interest in runes in that era; Johan Bure for instance was also an occultist who dabbled in Kabbalah. &lt;/p&gt;\n\n&lt;p&gt;Now, when I&amp;#39;m saying here that runes weren&amp;#39;t magical, I&amp;#39;m certainly &lt;em&gt;not&lt;/em&gt; saying that magical inscriptions with runes don&amp;#39;t exist. They absolutely do, and from every time period. Rather, what I mean is that runes do not seem to have been considered &lt;em&gt;inherently&lt;/em&gt; magical, or having some sort of magical or ritual function that any other alphabet wouldn&amp;#39;t have. (that said, to a society that&amp;#39;s highly illiterate and superstitious &lt;em&gt;all&lt;/em&gt; alphabets could be regarded as somewhat &amp;#39;magical&amp;#39;, from an unabashedly-presentist POV) &lt;/p&gt;\n\n&lt;p&gt;&lt;strong&gt;The nature of inscriptions&lt;/strong&gt;&lt;/p&gt;\n\n&lt;p&gt;The time period from which we have the most inscriptions is (predictably) the most recent period they were in broad use, namely from 11th-14th century Scandinavia. The majority of these are short carvings on rather ephemeral things; short messages on sticks and bones. For instance:&lt;/p&gt;\n\n&lt;ul&gt;\n&lt;li&gt;&lt;p&gt;&amp;quot;Gy\u00f0a says you must go home&amp;quot; (N B149, wood stick)&lt;/p&gt;&lt;/li&gt;\n&lt;li&gt;&lt;p&gt;&amp;quot;Read this!&amp;quot; (U Sl 89, bone fragment) &lt;/p&gt;&lt;/li&gt;\n&lt;li&gt;&lt;p&gt;&amp;quot;fu\u00feorkhniastbkml\u0280&amp;quot; (the runes in order. a common thing that was formerly always assumed to have magic attributed to it, and in some contexts probably did. But a substantial number are probably just people learning/practicing the alphabet)&lt;/p&gt;&lt;/li&gt;\n&lt;li&gt;&lt;p&gt;&amp;quot;Geirbj\u00f6rn owns me.&amp;quot; (Sm 162, knife handle), &amp;quot;Botvid of Alskog owns me&amp;quot; (G 150, arm-ring)&lt;/p&gt;&lt;/li&gt;\n&lt;li&gt;&lt;p&gt;&amp;quot;cross, Mark, cross, Luke, cross Matthew [...] cross, Mary, mother of God. &amp;quot; (U Fv1990;37,metal plate) &lt;/p&gt;&lt;/li&gt;\n&lt;li&gt;&lt;p&gt;&amp;quot;I carve healing runes, I carve helping runes, once against elves, twice against trolls, thrice against giants.&amp;quot; (N B257, wood stick) &lt;/p&gt;&lt;/li&gt;\n&lt;li&gt;&lt;p&gt;&amp;quot;All souls here are baptized into the congregation through me, the bowl.&amp;quot;   (Vg 244, on a somewhat boastful baptismal font)&lt;/p&gt;&lt;/li&gt;\n&lt;li&gt;&lt;p&gt;On an pork rib: &amp;quot;Marre(?) donated the rib. He owns the most property..&amp;quot; .. but then on the back &amp;quot;The king is the best man. He owns the most property. He is generous.&amp;quot; (U Sl 34) - This one seems to bear witness of some presumably high-status fellows drunkenly bantering by writing messages on their leftover bones after some feast. &lt;/p&gt;&lt;/li&gt;\n&lt;/ul&gt;\n\n&lt;p&gt;This is just a few out of thousands of inscriptions, but it gives an idea of the range, which is essentially the broadest imaginable. Runes were being used in the most everyday of contexts, such as marking ownership of objects, and sending short messages. They were used for blessings, for invocations and amulets. They were used on formal, high-status monuments and for jokes, riddles and banter. In other words, a full-fledged script.&lt;/p&gt;\n\n&lt;p&gt;(continued..)&lt;/p&gt;\n&lt;/div&gt;", "gildings": {}, "collapsed_reason": null, "associated_award": null, "stickied": false, "author_premium": false, "subreddit_type": "public", "can_gild": true, "top_awarded_type": null, "author_flair_text_color": "", "score_hidden": false, "permalink": "/r/AskHistorians/comments/j407gw/what_were_norsegermanic_runes_used_for/g7glmkh/", "num_reports": null, "locked": false, "name": "t1_g7glmkh", "created": 1601709244.0, "subreddit": "AskHistorians", "author_flair_text": "", "treatment_tags": [], "created_utc": 1601680444.0, "subreddit_name_prefixed": "r/AskHistorians", "controversiality": 0, "depth": 0, "author_flair_background_color": "", "collapsed_because_crowd_control": null, "mod_reports": [], "mod_note": null, "distinguished": null}}], "after": null, "before": null}}]