[{"kind": "Listing", "data": {"modhash": "", "dist": 1, "children": [{"kind": "t3", "data": {"subreddit_id": "t5_2ssp3", "approved_at_utc": null, "send_replies": true, "mod_reason_by": null, "banned_by": null, "removal_reason": null, "wls": 6, "subreddit": "AskHistorians", "selftext_html": "&lt;!-- SC_OFF --&gt;&lt;div class=\"md\"&gt;&lt;p&gt;&lt;a href=\"https://news.nationalgeographic.com/2018/02/maya-laser-lidar-guatemala-pacunam/\"&gt;Recent&lt;/a&gt; research tells us that, at its peak, Mayan civilization was a densely populated myriad of thousands of city states, comparable to the city states of classical Greece. My understanding is that overpopulation drove the Greeks to settle distant colonies all around the shores of the Mediterranean and Black Sea. &lt;/p&gt;\n\n&lt;p&gt;Did the Maya do anything similar? The isthmus of Panama seems climatically similar to the Yucatan, so did the Mayan culture reach that far?&lt;/p&gt;\n&lt;/div&gt;&lt;!-- SC_ON --&gt;", "author_flair_template_id": null, "selftext": "[Recent](https://news.nationalgeographic.com/2018/02/maya-laser-lidar-guatemala-pacunam/) research tells us that, at its peak, Mayan civilization was a densely populated myriad of thousands of city states, comparable to the city states of classical Greece. My understanding is that overpopulation drove the Greeks to settle distant colonies all around the shores of the Mediterranean and Black Sea. \n\nDid the Maya do anything similar? The isthmus of Panama seems climatically similar to the Yucatan, so did the Mayan culture reach that far?", "likes": null, "suggested_sort": null, "mod_note": null, "user_reports": [], "secure_media": null, "is_reddit_media_domain": false, "saved": false, "id": "7uvhgx", "banned_at_utc": null, "mod_reason_title": null, "view_count": null, "archived": false, "clicked": false, "no_follow": false, "author": "Pluto_and_Charon", "num_crossposts": 0, "link_flair_text": null, "can_mod_post": false, "is_crosspostable": false, "pinned": false, "score": 11, "approved_by": null, "over_18": false, "domain": "self.AskHistorians", "hidden": false, "pwls": 6, "thumbnail": "", "hide_score": false, "edited": false, "link_flair_css_class": null, "media_only": false, "author_flair_css_class": null, "contest_mode": false, "gilded": 0, "title": "Did the Mayan civilisation ever attempt to create far-off colonies, like the city states of ancient Greece?", "downs": 0, "secure_media_embed": {}, "media_embed": {}, "author_flair_text": null, "stickied": false, "can_gild": false, "is_self": true, "parent_whitelist_status": "all_ads", "name": "t3_7uvhgx", "spoiler": false, "permalink": "/r/AskHistorians/comments/7uvhgx/did_the_mayan_civilisation_ever_attempt_to_create/", "subreddit_type": "public", "locked": false, "report_reasons": null, "created": 1517642446.0, "url": "https://www.reddit.com/r/AskHistorians/comments/7uvhgx/did_the_mayan_civilisation_ever_attempt_to_create/", "whitelist_status": "all_ads", "quarantine": false, "subreddit_subscribers": 755267, "created_utc": 1517613646.0, "subreddit_name_prefixed": "r/AskHistorians", "distinguished": null, "media": null, "num_comments": 1, "upvote_ratio": 0.73, "mod_reports": [], "visited": false, "num_reports": null, "is_video": false, "ups": 11, "post_categories": null}}], "after": null, "before": null}}, {"kind": "Listing", "data": {"modhash": "", "dist": null, "children": [{"kind": "t1", "data": {"subreddit_id": "t5_2ssp3", "approved_at_utc": null, "ups": 13, "mod_reason_by": null, "banned_by": null, "removal_reason": null, "link_id": "t3_7uvhgx", "author_flair_template_id": null, "likes": null, "no_follow": false, "replies": "", "user_reports": [], "saved": false, "id": "dtnhlrf", "banned_at_utc": null, "mod_reason_title": null, "gilded": 0, "archived": false, "report_reasons": null, "author": "Iphikrates", "can_mod_post": false, "send_replies": true, "parent_id": "t3_7uvhgx", "score": 13, "approved_by": null, "downs": 0, "body": "This is tangential to your main question, but I just want to point out that overpopulation was almost certainly not the driving force behind Greek settlement overseas. Archaeological evidence suggests that there was plenty of unused land in most Greek states during the period of most intense overseas settlement; no contemporary evidence suggests that Greek states suffered population pressure, except in times of emergency (drought, crop failure etc.). You can read more about Early Greek migration in my recent post [here](https://www.reddit.com/r/AskHistorians/comments/7p8h79/when_people_think_of_colonisation_they_typically/dsfwy88/).", "edited": false, "author_flair_css_class": "moderator", "collapsed": false, "is_submitter": false, "collapsed_reason": null, "body_html": "&lt;div class=\"md\"&gt;&lt;p&gt;This is tangential to your main question, but I just want to point out that overpopulation was almost certainly not the driving force behind Greek settlement overseas. Archaeological evidence suggests that there was plenty of unused land in most Greek states during the period of most intense overseas settlement; no contemporary evidence suggests that Greek states suffered population pressure, except in times of emergency (drought, crop failure etc.). You can read more about Early Greek migration in my recent post &lt;a href=\"https://www.reddit.com/r/AskHistorians/comments/7p8h79/when_people_think_of_colonisation_they_typically/dsfwy88/\"&gt;here&lt;/a&gt;.&lt;/p&gt;\n&lt;/div&gt;", "subreddit_type": "public", "can_gild": true, "subreddit": "AskHistorians", "name": "t1_dtnhlrf", "score_hidden": false, "permalink": "/r/AskHistorians/comments/7uvhgx/did_the_mayan_civilisation_ever_attempt_to_create/dtnhlrf/", "num_reports": null, "stickied": false, "created": 1517643431.0, "author_flair_text": "Moderator | Greek Warfare", "created_utc": 1517614631.0, "subreddit_name_prefixed": "r/AskHistorians", "controversiality": 0, "depth": 0, "mod_reports": [], "mod_note": null, "distinguished": null}}], "after": null, "before": null}}]