[{"kind": "Listing", "data": {"modhash": "", "dist": 1, "children": [{"kind": "t3", "data": {"subreddit_id": "t5_2ssp3", "approved_at_utc": null, "send_replies": true, "mod_reason_by": null, "banned_by": null, "removal_reason": null, "wls": 6, "subreddit": "AskHistorians", "selftext_html": "&lt;!-- SC_OFF --&gt;&lt;div class=\"md\"&gt;&lt;p&gt;Hi all, I&amp;#39;ve got a bit of a random question.&lt;/p&gt;\n\n&lt;p&gt;It&amp;#39;s around what &amp;#39;initiation&amp;#39; ceremonies looked like across the Byzantine/ world for positions of authority/power.&lt;/p&gt;\n\n&lt;p&gt;For example - In western popular culture/historical knowledge we know that a ceremony was held when someone was becoming a knight which involved the king/lord &amp;#39;dubbing&amp;#39; the appointee with the blade of a sword.&lt;/p&gt;\n\n&lt;p&gt;I&amp;#39;m curious if there were similar ceremonies for similar appointments in the byzantine world - acknowledging that the Byzantines didn&amp;#39;t have the concept of &amp;#39;knighthood&amp;#39; - but we do know that there were a variety of officials in both military and civilian spheres and my question was around whether we have any sources that can tell us what these events looked like?&lt;/p&gt;\n\n&lt;p&gt;EDIT: Edited to make the question about the broader byzantine period so that it can fit with this weeks theme (sorry, can&amp;#39;t edit title) :)&lt;/p&gt;\n&lt;/div&gt;&lt;!-- SC_ON --&gt;", "author_flair_template_id": null, "selftext": "Hi all, I've got a bit of a random question.\n\nIt's around what 'initiation' ceremonies looked like across the Byzantine/ world for positions of authority/power.\n\nFor example - In western popular culture/historical knowledge we know that a ceremony was held when someone was becoming a knight which involved the king/lord 'dubbing' the appointee with the blade of a sword.\n\nI'm curious if there were similar ceremonies for similar appointments in the byzantine world - acknowledging that the Byzantines didn't have the concept of 'knighthood' - but we do know that there were a variety of officials in both military and civilian spheres and my question was around whether we have any sources that can tell us what these events looked like?\n\nEDIT: Edited to make the question about the broader byzantine period so that it can fit with this weeks theme (sorry, can't edit title) :)\n", "likes": null, "suggested_sort": null, "mod_note": null, "user_reports": [], "secure_media": null, "is_reddit_media_domain": false, "saved": false, "id": "7uwwb2", "banned_at_utc": null, "mod_reason_title": null, "view_count": null, "archived": false, "clicked": false, "no_follow": false, "author": "Ushi007", "num_crossposts": 0, "link_flair_text": "13th Century", "can_mod_post": false, "is_crosspostable": false, "pinned": false, "score": 2, "approved_by": null, "over_18": false, "domain": "self.AskHistorians", "hidden": false, "pwls": 6, "thumbnail": "", "hide_score": false, "edited": false, "link_flair_css_class": "theme", "media_only": false, "author_flair_css_class": null, "contest_mode": false, "gilded": 0, "title": "Initiation ceremonies in Byzantine/Early Medieval world", "downs": 0, "secure_media_embed": {}, "media_embed": {}, "author_flair_text": null, "stickied": false, "can_gild": false, "is_self": true, "parent_whitelist_status": "all_ads", "name": "t3_7uwwb2", "spoiler": false, "permalink": "/r/AskHistorians/comments/7uwwb2/initiation_ceremonies_in_byzantineearly_medieval/", "subreddit_type": "public", "locked": false, "report_reasons": null, "created": 1517657059.0, "url": "https://www.reddit.com/r/AskHistorians/comments/7uwwb2/initiation_ceremonies_in_byzantineearly_medieval/", "whitelist_status": "all_ads", "quarantine": false, "subreddit_subscribers": 755267, "created_utc": 1517628259.0, "subreddit_name_prefixed": "r/AskHistorians", "distinguished": null, "media": null, "num_comments": 0, "upvote_ratio": 0.63, "mod_reports": [], "visited": false, "num_reports": null, "is_video": false, "ups": 2, "post_categories": null}}], "after": null, "before": null}}, {"kind": "Listing", "data": {"modhash": "", "dist": null, "children": [], "after": null, "before": null}}]