[{"kind": "Listing", "data": {"modhash": "", "dist": 1, "children": [{"kind": "t3", "data": {"subreddit_id": "t5_2ssp3", "approved_at_utc": null, "send_replies": true, "mod_reason_by": null, "banned_by": null, "removal_reason": null, "wls": 6, "subreddit": "AskHistorians", "selftext_html": null, "author_flair_template_id": null, "selftext": "", "likes": null, "suggested_sort": null, "mod_note": null, "user_reports": [], "secure_media": null, "is_reddit_media_domain": false, "saved": false, "id": "7uyrs0", "banned_at_utc": null, "mod_reason_title": null, "view_count": null, "archived": false, "clicked": false, "no_follow": false, "author": "td4999", "num_crossposts": 0, "link_flair_text": null, "can_mod_post": false, "is_crosspostable": false, "pinned": false, "score": 11, "approved_by": null, "over_18": false, "domain": "self.AskHistorians", "hidden": false, "pwls": 6, "thumbnail": "", "hide_score": false, "edited": false, "link_flair_css_class": null, "media_only": false, "author_flair_css_class": "qualitycontributor", "contest_mode": false, "gilded": 0, "title": "Within a couple of rulers after his reign, an attempt was made to scrub Akhenaten from the historical record. Was this as extraordinary a step as it sounds? What did Akhenaten do make his successors so hostile to his reign?", "downs": 0, "secure_media_embed": {}, "media_embed": {}, "author_flair_text": "Interesting Inquirer", "stickied": false, "can_gild": false, "is_self": true, "parent_whitelist_status": "all_ads", "name": "t3_7uyrs0", "spoiler": false, "permalink": "/r/AskHistorians/comments/7uyrs0/within_a_couple_of_rulers_after_his_reign_an/", "subreddit_type": "public", "locked": false, "report_reasons": null, "created": 1517685211.0, "url": "https://www.reddit.com/r/AskHistorians/comments/7uyrs0/within_a_couple_of_rulers_after_his_reign_an/", "whitelist_status": "all_ads", "quarantine": false, "subreddit_subscribers": 755268, "created_utc": 1517656411.0, "subreddit_name_prefixed": "r/AskHistorians", "distinguished": null, "media": null, "num_comments": 1, "upvote_ratio": 0.87, "mod_reports": [], "visited": false, "num_reports": null, "is_video": false, "ups": 11, "post_categories": null}}], "after": null, "before": null}}, {"kind": "Listing", "data": {"modhash": "", "dist": null, "children": [], "after": null, "before": null}}]