[{"kind": "Listing", "data": {"modhash": "", "dist": 1, "children": [{"kind": "t3", "data": {"approved_at_utc": null, "subreddit": "AskHistorians", "selftext": "The quote:\n\n&gt;Since Latin was the language of the Western Church and Greek was the language of the Eastern Church the bulk of Roman philosophical thought and scientific thought was preserved and disseminated by Catholic monastic orders where as Greek philosophical thought was originally preserved in the Byzantine Empire by Byzantine monastic orders. Arab exposure to Greek philosophy came about initially from geographic proximity to the Byzantine empire and late by conquest of Byzantine lands. It was the Ottoman invasions, ironically enough, that drive many of these monastic orders, along with their manuscripts and knowledge of Greek back to places like Italy where they were reintroduced to Europe. I am not discounting Arab influences on the Italian Renaissance but the modern narrative of the Renaissance being primarily Arab in origin is more a product of 20th century anit-Orientalism pushed by people like Edward Said than on any measured historiography.", "user_reports": [], "saved": false, "mod_reason_title": null, "gilded": 0, "clicked": false, "title": "How accurate is this on the \"Muslim influence of science, mathematics, and philosophy through the middle ages\"?", "link_flair_richtext": [], "subreddit_name_prefixed": "r/AskHistorians", "hidden": false, "pwls": 6, "link_flair_css_class": null, "downs": 0, "parent_whitelist_status": "all_ads", "hide_score": false, "name": "t3_e4dpc8", "quarantine": false, "link_flair_text_color": "dark", "upvote_ratio": 1.0, "author_flair_background_color": null, "subreddit_type": "public", "ups": 3, "total_awards_received": 0, "media_embed": {}, "author_flair_template_id": null, "is_original_content": false, "author_fullname": "t2_yervu", "secure_media": null, "is_reddit_media_domain": false, "is_meta": false, "category": null, "secure_media_embed": {}, "link_flair_text": null, "can_mod_post": false, "num_duplicates": 1, "approved_by": null, "author_premium": false, "thumbnail": "", "edited": false, "author_flair_css_class": null, "author_flair_richtext": [], "gildings": {}, "content_categories": null, "is_self": true, "mod_note": null, "created": 1575216305.0, "link_flair_type": "text", "wls": 6, "removed_by_category": null, "banned_by": null, "author_flair_type": "text", "domain": "self.AskHistorians", "allow_live_comments": false, "selftext_html": "&lt;!-- SC_OFF --&gt;&lt;div class=\"md\"&gt;&lt;p&gt;The quote:&lt;/p&gt;\n\n&lt;blockquote&gt;\n&lt;p&gt;Since Latin was the language of the Western Church and Greek was the language of the Eastern Church the bulk of Roman philosophical thought and scientific thought was preserved and disseminated by Catholic monastic orders where as Greek philosophical thought was originally preserved in the Byzantine Empire by Byzantine monastic orders. Arab exposure to Greek philosophy came about initially from geographic proximity to the Byzantine empire and late by conquest of Byzantine lands. It was the Ottoman invasions, ironically enough, that drive many of these monastic orders, along with their manuscripts and knowledge of Greek back to places like Italy where they were reintroduced to Europe. I am not discounting Arab influences on the Italian Renaissance but the modern narrative of the Renaissance being primarily Arab in origin is more a product of 20th century anit-Orientalism pushed by people like Edward Said than on any measured historiography.&lt;/p&gt;\n&lt;/blockquote&gt;\n&lt;/div&gt;&lt;!-- SC_ON --&gt;", "likes": null, "suggested_sort": null, "banned_at_utc": null, "view_count": null, "archived": false, "score": 3, "no_follow": true, "is_crosspostable": false, "pinned": false, "over_18": false, "all_awardings": [], "awarders": [], "media_only": false, "can_gild": false, "spoiler": false, "locked": false, "author_flair_text": null, "visited": false, "removed_by": null, "num_reports": null, "distinguished": null, "subreddit_id": "t5_2ssp3", "mod_reason_by": null, "removal_reason": null, "link_flair_background_color": "", "id": "e4dpc8", "is_robot_indexable": true, "report_reasons": null, "author": "itshighnoooon", "discussion_type": null, "num_comments": 7, "send_replies": true, "media": null, "contest_mode": false, "author_patreon_flair": false, "author_flair_text_color": null, "permalink": "/r/AskHistorians/comments/e4dpc8/how_accurate_is_this_on_the_muslim_influence_of/", "whitelist_status": "all_ads", "stickied": false, "url": "https://www.reddit.com/r/AskHistorians/comments/e4dpc8/how_accurate_is_this_on_the_muslim_influence_of/", "subreddit_subscribers": 1080043, "created_utc": 1575187505.0, "num_crossposts": 0, "mod_reports": [], "is_video": false}}], "after": null, "before": null}}, {"kind": "Listing", "data": {"modhash": "", "dist": null, "children": [{"kind": "t1", "data": {"total_awards_received": 0, "approved_at_utc": null, "ups": 1, "awarders": [], "mod_reason_by": null, "banned_by": null, "author_flair_type": "richtext", "removal_reason": null, "link_id": "t3_e4dpc8", "author_flair_template_id": "9e641f94-c626-11e2-8e2c-12313b0b21ae", "likes": null, "replies": "", "user_reports": [], "saved": false, "id": "f995x37", "banned_at_utc": null, "mod_reason_title": null, "gilded": 0, "archived": false, "no_follow": true, "author": "AutoModerator", "can_mod_post": false, "send_replies": false, "parent_id": "t3_e4dpc8", "score": 1, "author_fullname": "t2_6l4z3", "report_reasons": null, "approved_by": null, "all_awardings": [], "subreddit_id": "t5_2ssp3", "body": "Welcome to /r/AskHistorians. **Please [Read Our Rules](https://www.reddit.com/r/AskHistorians/wiki/rules) before you comment in this community**. Understand that rule breaking comments get removed.\n\nWe thank you for your interest in this *question*, and your patience in waiting for an in-depth and comprehensive answer to be written, which takes time. Please consider **[Clicking Here for RemindMeBot](https://www.reddit.com/message/compose/?to=RemindMeBot&amp;subject=Reminder&amp;message=%5Bhttps://www.reddit.com/r/AskHistorians/comments/e4dpc8/how_accurate_is_this_on_the_muslim_influence_of/%5D%0A%0ARemindMe!%202%20days)**, [using our Browser Extension](https://www.reddit.com/r/AskHistorians/comments/d6dzi7/tired_of_clicking_to_find_only_removed_comments/), or getting the [Weekly Roundup](https://www.reddit.com/message/compose?to=subredditsummarybot&amp;subject=askhistorians+weekly&amp;message=x). In the meantime our [Twitter](https://twitter.com/askhistorians), [Facebook](https://www.facebook.com/askhistorians/), and [Sunday Digest](https://www.reddit.com/r/AskHistorians/search?q=title%3A%22Sunday+Digest%22&amp;restrict_sr=on&amp;sort=new&amp;t=all) feature excellent content that has already been written!\n\n\n*I am a bot, and this action was performed automatically. Please [contact the moderators of this subreddit](/message/compose/?to=/r/AskHistorians) if you have any questions or concerns.*", "edited": false, "author_flair_css_class": "moderator", "is_submitter": false, "downs": 0, "author_flair_richtext": [{"e": "text", "t": "History of Robotics"}], "author_patreon_flair": false, "body_html": "&lt;div class=\"md\"&gt;&lt;p&gt;Welcome to &lt;a href=\"/r/AskHistorians\"&gt;/r/AskHistorians&lt;/a&gt;. &lt;strong&gt;Please &lt;a href=\"https://www.reddit.com/r/AskHistorians/wiki/rules\"&gt;Read Our Rules&lt;/a&gt; before you comment in this community&lt;/strong&gt;. Understand that rule breaking comments get removed.&lt;/p&gt;\n\n&lt;p&gt;We thank you for your interest in this &lt;em&gt;question&lt;/em&gt;, and your patience in waiting for an in-depth and comprehensive answer to be written, which takes time. Please consider &lt;strong&gt;&lt;a href=\"https://www.reddit.com/message/compose/?to=RemindMeBot&amp;amp;subject=Reminder&amp;amp;message=%5Bhttps://www.reddit.com/r/AskHistorians/comments/e4dpc8/how_accurate_is_this_on_the_muslim_influence_of/%5D%0A%0ARemindMe!%202%20days\"&gt;Clicking Here for RemindMeBot&lt;/a&gt;&lt;/strong&gt;, &lt;a href=\"https://www.reddit.com/r/AskHistorians/comments/d6dzi7/tired_of_clicking_to_find_only_removed_comments/\"&gt;using our Browser Extension&lt;/a&gt;, or getting the &lt;a href=\"https://www.reddit.com/message/compose?to=subredditsummarybot&amp;amp;subject=askhistorians+weekly&amp;amp;message=x\"&gt;Weekly Roundup&lt;/a&gt;. In the meantime our &lt;a href=\"https://twitter.com/askhistorians\"&gt;Twitter&lt;/a&gt;, &lt;a href=\"https://www.facebook.com/askhistorians/\"&gt;Facebook&lt;/a&gt;, and &lt;a href=\"https://www.reddit.com/r/AskHistorians/search?q=title%3A%22Sunday+Digest%22&amp;amp;restrict_sr=on&amp;amp;sort=new&amp;amp;t=all\"&gt;Sunday Digest&lt;/a&gt; feature excellent content that has already been written!&lt;/p&gt;\n\n&lt;p&gt;&lt;em&gt;I am a bot, and this action was performed automatically. Please &lt;a href=\"/message/compose/?to=/r/AskHistorians\"&gt;contact the moderators of this subreddit&lt;/a&gt; if you have any questions or concerns.&lt;/em&gt;&lt;/p&gt;\n&lt;/div&gt;", "gildings": {}, "collapsed_reason": null, "associated_award": null, "stickied": true, "author_premium": true, "subreddit_type": "public", "can_gild": true, "subreddit": "AskHistorians", "author_flair_text_color": "light", "score_hidden": true, "permalink": "/r/AskHistorians/comments/e4dpc8/how_accurate_is_this_on_the_muslim_influence_of/f995x37/", "num_reports": null, "locked": true, "name": "t1_f995x37", "created": 1575216306.0, "author_flair_text": "History of Robotics", "collapsed": false, "created_utc": 1575187506.0, "subreddit_name_prefixed": "r/AskHistorians", "controversiality": 0, "depth": 0, "author_flair_background_color": "#8b008b", "collapsed_because_crowd_control": null, "mod_reports": [], "mod_note": null, "distinguished": "moderator"}}, {"kind": "t1", "data": {"total_awards_received": 0, "approved_at_utc": null, "ups": 14, "awarders": [], "mod_reason_by": null, "banned_by": null, "author_flair_type": "richtext", "removal_reason": null, "link_id": "t3_e4dpc8", "author_flair_template_id": "7b2f3f40-c626-11e2-9a3e-12313d1841d1", "likes": null, "replies": "", "user_reports": [], "saved": false, "id": "f9gbxvo", "banned_at_utc": null, "mod_reason_title": null, "gilded": 0, "archived": false, "no_follow": true, "author": "thefeckamIdoing", "can_mod_post": false, "send_replies": true, "parent_id": "t3_e4dpc8", "score": 14, "author_fullname": "t2_4rir7vm4", "report_reasons": null, "approved_by": null, "all_awardings": [], "subreddit_id": "t5_2ssp3", "body": "I don\u2019t think this idea holds much water. \n\nLet us look at what we know happened. As part of the Arab expansion into Egypt Islamic forces captured Alexandria, still the intellectual powerhouse of the Greco-Roman world at the time. \n\nBy all accounts it was here Muslims discovered the works of Plotinus; what drew their attention was his idea that everything in the universe was connected like parts of a single organism, all culminating in the idea of a single mystical One. This, for some, seemed to be alluding to The Prophet\u2019s insistence on the oneness of Allah, which led to a greater interest in these Greek writings. \n\nFrom this the Muslims discovered that Plotinus was merely part of a longer tradition of thought going back a thousand years to the philosopher Plato, and a whole treasury of Greek thought from the Pre-Socratics to Aristotle and beyond. \n\nAs this interest was expanding the Abbasid Caliphs began looking also with interest into these texts and also others their far reaching Empire was coming across. Baghdad became THE place for professional translators; anyone who could translate Greek, Sanskrit, Persian or Chinese into Arabic could easily find high paying work. \n\nUnderstand the Abbasid Caliphate was in a unique position- they were the first who could compare Persian and Chinese astronomy or Greek and Indian medicine and mathematics. They set about trying to see how a) these ancient ideas fit in with one another and more importantly b) how Islamic spirituality related to reason. They sought, as have many, to find a way to broadly explain everything in a single schema that would make sense of the universe. \n\nPlato especially was revered, and his ideas of unchangeable and eternal \u2018forms\u2019, leading to some Muslims scholars proposing that each human being was a mixture of the real (the body) and the eternal (the soul) which was the realm of Allah. \n\nBut it was with Aristotle that most Muslim scholars found their role-model. His love of logic, his techniques of classification, his grasp of particularities- all of which inspired scholars to emulate and go beyond. \n\nAbu Y\u016bsuf Ya\u02bbq\u016bb ibn \u02bcIs\u1e25\u0101q a\u1e63-\u1e62abb\u0101\u1e25 al-Kind\u012b, emulating Aristotle\u2019s methods, described the material universe in terms of five governing principles: matter, form, motion, time and space. He then analysed each of these subcategories; so for example, motion, was defined as having six separate types of motion (generation, corruption, increase, decrease, change in quality and change in position). On and on he went categorising the whole of reality into digestible, easily manageable chunks. \n\nThere are no Orthodox monks producing anything even in the same league or even same concept in the 9th or 10th century I believe. \n\nA whole strand of Muslim philosophers began who linked spirituality with rationality; you had the likes of Ab\u016b Na\u1e63r Mu\u1e25ammad ibn Mu\u1e25ammad al F\u0101r\u0101b\u012b; who recommended that a good student begins his study with an examination of nature, move on from that to the study of logic and then finally would they we skilled enough to move to that most abstract of all the disciplines, mathematics. \n\nAnd it is in mathematics that the intellectual power of Abbasid Islam really shows itself I feel. While geometry was invented by the Greek, the idea of place value discovered by the Babylonian and treating zero as a number was Indian in origin, it was the Muslims who synthesised all these ideas, adding a few of their own, and invested algebra. The foundations of modern mathematics were laid in Baghdad not in Byzantine monasteries.   \n\nBeyond abstract philosophies and mathematics, the practical arts also received the benefit of this unique set of circumstances. Abu Ali Sina was able to reference catalogue and compile medicinal texts from across the world allowing him achieve a near-modern understanding of illness, anatomy and medical treatments. The strength of Muslim hospitals (especially the ones in Baghdad) are well testified to. \n\nThe Abbasid-era philosophers laid the foundations for chemistry; pushed the boundaries in geology, optics, botany and more. One could argue that they laid the very building blocks upon which science was built upon (although with the caveat that unlike what came later, these were Muslim scholars defined by their faith; science was never treated as a separate subject, rather merely a method to understand the works of Allah). \n\nThe closest one can find to the rationalist thinkers of the enlightenment were perhaps groups like the Mu\u2019tazilites, but such ideas did not sit well with the Uluma and it was in the face of the radical new ideas such unfettered intellectual thought produced that brought Ahmed Ibn Hanbal to prominence and spawned the harsh and rigidly conservative Hanbali school of Muslim jurisprudence. \n\nBottom line? This knowledge was distributed across the lands of the Muslim, especially through Fatimid territory and eventually ending up in al-Andalus. The writer of that quote seems to utterly ignorant of the role played by great European Muslim centres of learning such as C\u00f3rdoba, in reintroducing the Greek philosophers to Universities of Europe as well as many of these advances. \n\nSources:\nOnline:\nhttps://archive.aramcoworld.com/issue/200703/rediscovering.arabic.science.htm\n\nIn print:\nSheikh, M. Saeed; Islamic Philopsophy Octogon Press; 1982\nKennedy, Hugh; When Baghdad ruled the Muslim World: The Rise and Fall of Islam\u2019s Greatest Dynasty; DeCapo press 2005\nAnsary, Tamin; Destiny Disrupted: A History of the World Through Islamic Eyes; PublicAffairs, 2009", "edited": false, "author_flair_css_class": "europe", "is_submitter": false, "downs": 0, "author_flair_richtext": [{"e": "text", "t": "Tudor History"}], "author_patreon_flair": false, "body_html": "&lt;div class=\"md\"&gt;&lt;p&gt;I don\u2019t think this idea holds much water. &lt;/p&gt;\n\n&lt;p&gt;Let us look at what we know happened. As part of the Arab expansion into Egypt Islamic forces captured Alexandria, still the intellectual powerhouse of the Greco-Roman world at the time. &lt;/p&gt;\n\n&lt;p&gt;By all accounts it was here Muslims discovered the works of Plotinus; what drew their attention was his idea that everything in the universe was connected like parts of a single organism, all culminating in the idea of a single mystical One. This, for some, seemed to be alluding to The Prophet\u2019s insistence on the oneness of Allah, which led to a greater interest in these Greek writings. &lt;/p&gt;\n\n&lt;p&gt;From this the Muslims discovered that Plotinus was merely part of a longer tradition of thought going back a thousand years to the philosopher Plato, and a whole treasury of Greek thought from the Pre-Socratics to Aristotle and beyond. &lt;/p&gt;\n\n&lt;p&gt;As this interest was expanding the Abbasid Caliphs began looking also with interest into these texts and also others their far reaching Empire was coming across. Baghdad became THE place for professional translators; anyone who could translate Greek, Sanskrit, Persian or Chinese into Arabic could easily find high paying work. &lt;/p&gt;\n\n&lt;p&gt;Understand the Abbasid Caliphate was in a unique position- they were the first who could compare Persian and Chinese astronomy or Greek and Indian medicine and mathematics. They set about trying to see how a) these ancient ideas fit in with one another and more importantly b) how Islamic spirituality related to reason. They sought, as have many, to find a way to broadly explain everything in a single schema that would make sense of the universe. &lt;/p&gt;\n\n&lt;p&gt;Plato especially was revered, and his ideas of unchangeable and eternal \u2018forms\u2019, leading to some Muslims scholars proposing that each human being was a mixture of the real (the body) and the eternal (the soul) which was the realm of Allah. &lt;/p&gt;\n\n&lt;p&gt;But it was with Aristotle that most Muslim scholars found their role-model. His love of logic, his techniques of classification, his grasp of particularities- all of which inspired scholars to emulate and go beyond. &lt;/p&gt;\n\n&lt;p&gt;Abu Y\u016bsuf Ya\u02bbq\u016bb ibn \u02bcIs\u1e25\u0101q a\u1e63-\u1e62abb\u0101\u1e25 al-Kind\u012b, emulating Aristotle\u2019s methods, described the material universe in terms of five governing principles: matter, form, motion, time and space. He then analysed each of these subcategories; so for example, motion, was defined as having six separate types of motion (generation, corruption, increase, decrease, change in quality and change in position). On and on he went categorising the whole of reality into digestible, easily manageable chunks. &lt;/p&gt;\n\n&lt;p&gt;There are no Orthodox monks producing anything even in the same league or even same concept in the 9th or 10th century I believe. &lt;/p&gt;\n\n&lt;p&gt;A whole strand of Muslim philosophers began who linked spirituality with rationality; you had the likes of Ab\u016b Na\u1e63r Mu\u1e25ammad ibn Mu\u1e25ammad al F\u0101r\u0101b\u012b; who recommended that a good student begins his study with an examination of nature, move on from that to the study of logic and then finally would they we skilled enough to move to that most abstract of all the disciplines, mathematics. &lt;/p&gt;\n\n&lt;p&gt;And it is in mathematics that the intellectual power of Abbasid Islam really shows itself I feel. While geometry was invented by the Greek, the idea of place value discovered by the Babylonian and treating zero as a number was Indian in origin, it was the Muslims who synthesised all these ideas, adding a few of their own, and invested algebra. The foundations of modern mathematics were laid in Baghdad not in Byzantine monasteries.   &lt;/p&gt;\n\n&lt;p&gt;Beyond abstract philosophies and mathematics, the practical arts also received the benefit of this unique set of circumstances. Abu Ali Sina was able to reference catalogue and compile medicinal texts from across the world allowing him achieve a near-modern understanding of illness, anatomy and medical treatments. The strength of Muslim hospitals (especially the ones in Baghdad) are well testified to. &lt;/p&gt;\n\n&lt;p&gt;The Abbasid-era philosophers laid the foundations for chemistry; pushed the boundaries in geology, optics, botany and more. One could argue that they laid the very building blocks upon which science was built upon (although with the caveat that unlike what came later, these were Muslim scholars defined by their faith; science was never treated as a separate subject, rather merely a method to understand the works of Allah). &lt;/p&gt;\n\n&lt;p&gt;The closest one can find to the rationalist thinkers of the enlightenment were perhaps groups like the Mu\u2019tazilites, but such ideas did not sit well with the Uluma and it was in the face of the radical new ideas such unfettered intellectual thought produced that brought Ahmed Ibn Hanbal to prominence and spawned the harsh and rigidly conservative Hanbali school of Muslim jurisprudence. &lt;/p&gt;\n\n&lt;p&gt;Bottom line? This knowledge was distributed across the lands of the Muslim, especially through Fatimid territory and eventually ending up in al-Andalus. The writer of that quote seems to utterly ignorant of the role played by great European Muslim centres of learning such as C\u00f3rdoba, in reintroducing the Greek philosophers to Universities of Europe as well as many of these advances. &lt;/p&gt;\n\n&lt;p&gt;Sources:\nOnline:\n&lt;a href=\"https://archive.aramcoworld.com/issue/200703/rediscovering.arabic.science.htm\"&gt;https://archive.aramcoworld.com/issue/200703/rediscovering.arabic.science.htm&lt;/a&gt;&lt;/p&gt;\n\n&lt;p&gt;In print:\nSheikh, M. Saeed; Islamic Philopsophy Octogon Press; 1982\nKennedy, Hugh; When Baghdad ruled the Muslim World: The Rise and Fall of Islam\u2019s Greatest Dynasty; DeCapo press 2005\nAnsary, Tamin; Destiny Disrupted: A History of the World Through Islamic Eyes; PublicAffairs, 2009&lt;/p&gt;\n&lt;/div&gt;", "gildings": {}, "collapsed_reason": null, "associated_award": null, "stickied": false, "author_premium": true, "subreddit_type": "public", "can_gild": true, "subreddit": "AskHistorians", "author_flair_text_color": "light", "score_hidden": false, "permalink": "/r/AskHistorians/comments/e4dpc8/how_accurate_is_this_on_the_muslim_influence_of/f9gbxvo/", "num_reports": null, "locked": false, "name": "t1_f9gbxvo", "created": 1575325655.0, "author_flair_text": "Tudor History", "collapsed": false, "created_utc": 1575296855.0, "subreddit_name_prefixed": "r/AskHistorians", "controversiality": 0, "depth": 0, "author_flair_background_color": "#003399", "collapsed_because_crowd_control": null, "mod_reports": [], "mod_note": null, "distinguished": null}}, {"kind": "t1", "data": {"total_awards_received": 0, "approved_at_utc": null, "ups": 0, "awarders": [], "mod_reason_by": null, "banned_by": null, "removal_reason": null, "link_id": "t3_e4dpc8", "author_flair_template_id": null, "likes": null, "no_follow": true, "replies": {"kind": "Listing", "data": {"modhash": "", "dist": null, "children": [{"kind": "t1", "data": {"total_awards_received": 0, "approved_at_utc": null, "ups": 1, "awarders": [], "mod_reason_by": null, "banned_by": null, "removal_reason": null, "link_id": "t3_e4dpc8", "author_flair_template_id": null, "likes": null, "no_follow": true, "replies": "", "user_reports": [], "saved": false, "id": "f9982zu", "banned_at_utc": null, "mod_reason_title": null, "gilded": 0, "archived": false, "report_reasons": null, "author": "[deleted]", "can_mod_post": false, "send_replies": true, "parent_id": "t1_f9968w1", "score": 1, "approved_by": null, "all_awardings": [], "subreddit_id": "t5_2ssp3", "body": "[removed]", "edited": false, "author_flair_css_class": null, "downs": 0, "is_submitter": false, "body_html": "&lt;div class=\"md\"&gt;&lt;p&gt;[removed]&lt;/p&gt;\n&lt;/div&gt;", "gildings": {}, "collapsed_reason": null, "associated_award": null, "stickied": false, "subreddit_type": "public", "can_gild": true, "subreddit": "AskHistorians", "author_flair_text_color": "dark", "score_hidden": false, "permalink": "/r/AskHistorians/comments/e4dpc8/how_accurate_is_this_on_the_muslim_influence_of/f9982zu/", "num_reports": null, "locked": false, "name": "t1_f9982zu", "created": 1575217015.0, "author_flair_text": null, "collapsed": false, "created_utc": 1575188215.0, "subreddit_name_prefixed": "r/AskHistorians", "controversiality": 0, "depth": 1, "author_flair_background_color": "", "collapsed_because_crowd_control": null, "mod_reports": [], "mod_note": null, "distinguished": null}}], "after": null, "before": null}}, "user_reports": [], "saved": false, "id": "f9968w1", "banned_at_utc": null, "mod_reason_title": null, "gilded": 0, "archived": false, "report_reasons": null, "author": "[deleted]", "can_mod_post": false, "send_replies": true, "parent_id": "t3_e4dpc8", "score": 0, "approved_by": null, "all_awardings": [], "subreddit_id": "t5_2ssp3", "body": "[removed]", "edited": false, "author_flair_css_class": null, "downs": 0, "is_submitter": false, "body_html": "&lt;div class=\"md\"&gt;&lt;p&gt;[removed]&lt;/p&gt;\n&lt;/div&gt;", "gildings": {}, "collapsed_reason": null, "associated_award": null, "stickied": false, "subreddit_type": "public", "can_gild": true, "subreddit": "AskHistorians", "author_flair_text_color": "dark", "score_hidden": false, "permalink": "/r/AskHistorians/comments/e4dpc8/how_accurate_is_this_on_the_muslim_influence_of/f9968w1/", "num_reports": null, "locked": false, "name": "t1_f9968w1", "created": 1575216442.0, "author_flair_text": null, "collapsed": false, "created_utc": 1575187642.0, "subreddit_name_prefixed": "r/AskHistorians", "controversiality": 0, "depth": 0, "author_flair_background_color": "", "collapsed_because_crowd_control": null, "mod_reports": [], "mod_note": null, "distinguished": null}}], "after": null, "before": null}}]