[{"kind": "Listing", "data": {"modhash": "", "dist": 1, "children": [{"kind": "t3", "data": {"approved_at_utc": null, "subreddit": "AskHistorians", "selftext": "So I've been doing a bit of reading on Medieval conscription and it got me thinking of what it would take to prepare for war in those days.  \n\n\nI'm especially curious about medieval levies. It seems to me that the idea of a common man picking up a weapon and going into battle might not be the way things actually were (I guess that makes sense, why would you gather the people who were working your fields and take them off to battle, who's going to work your fields). [Wikipedia](https://en.wikipedia.org/wiki/Conscription#Medieval_levies) says that the levies were mostly freemen which, if memory serves, were people who were not bound to the land of a lord but who were not necessarily nobility.  What did these freemen do when there was no war?  Did they ever train during peacetime? What did they do when there was no war and no training?  \n\n\nAdditionally: just how long did it take to assemble an army?  What had to be done to get your army ready to fight?  \nThis is what I think the process might have been   \n1. Send out the notices to your vassals  \n2. Vassals begin to levy their troops  \n3. Troops gather their equipment and march to the muster point  \n4. Vassals march troops to a central muster point  \n5. Army is fully assembled  \n6. Supply lines are created  \n7. Army begins to march.  \n\n\nIs that a fair assessment of the preparation process? What else had to be taken care of that I missed?  \n\n\nThanks for your answers in advance.", "user_reports": [], "saved": false, "mod_reason_title": null, "gilded": 0, "clicked": false, "title": "Preparing for war in the middle ages", "link_flair_richtext": [], "subreddit_name_prefixed": "r/AskHistorians", "hidden": false, "pwls": 6, "link_flair_css_class": null, "downs": 0, "parent_whitelist_status": "all_ads", "hide_score": false, "name": "t3_bwimzv", "quarantine": false, "link_flair_text_color": "dark", "upvote_ratio": 1.0, "author_flair_background_color": null, "subreddit_type": "public", "ups": 3, "total_awards_received": 0, "media_embed": {}, "author_flair_template_id": null, "is_original_content": false, "author_fullname": "t2_493z1g", "secure_media": null, "is_reddit_media_domain": false, "is_meta": false, "category": null, "secure_media_embed": {}, "link_flair_text": null, "can_mod_post": false, "num_duplicates": 0, "approved_by": null, "thumbnail": "", "edited": false, "author_flair_css_class": null, "author_flair_richtext": [], "gildings": {}, "content_categories": null, "is_self": true, "mod_note": null, "created": 1559639318.0, "link_flair_type": "text", "wls": 6, "banned_by": null, "author_flair_type": "text", "domain": "self.AskHistorians", "allow_live_comments": false, "selftext_html": "&lt;!-- SC_OFF --&gt;&lt;div class=\"md\"&gt;&lt;p&gt;So I&amp;#39;ve been doing a bit of reading on Medieval conscription and it got me thinking of what it would take to prepare for war in those days.  &lt;/p&gt;\n\n&lt;p&gt;I&amp;#39;m especially curious about medieval levies. It seems to me that the idea of a common man picking up a weapon and going into battle might not be the way things actually were (I guess that makes sense, why would you gather the people who were working your fields and take them off to battle, who&amp;#39;s going to work your fields). &lt;a href=\"https://en.wikipedia.org/wiki/Conscription#Medieval_levies\"&gt;Wikipedia&lt;/a&gt; says that the levies were mostly freemen which, if memory serves, were people who were not bound to the land of a lord but who were not necessarily nobility.  What did these freemen do when there was no war?  Did they ever train during peacetime? What did they do when there was no war and no training?  &lt;/p&gt;\n\n&lt;p&gt;Additionally: just how long did it take to assemble an army?  What had to be done to get your army ready to fight?&lt;br/&gt;\nThis is what I think the process might have been&lt;br/&gt;\n1. Send out the notices to your vassals&lt;br/&gt;\n2. Vassals begin to levy their troops&lt;br/&gt;\n3. Troops gather their equipment and march to the muster point&lt;br/&gt;\n4. Vassals march troops to a central muster point&lt;br/&gt;\n5. Army is fully assembled&lt;br/&gt;\n6. Supply lines are created&lt;br/&gt;\n7. Army begins to march.  &lt;/p&gt;\n\n&lt;p&gt;Is that a fair assessment of the preparation process? What else had to be taken care of that I missed?  &lt;/p&gt;\n\n&lt;p&gt;Thanks for your answers in advance.&lt;/p&gt;\n&lt;/div&gt;&lt;!-- SC_ON --&gt;", "likes": null, "suggested_sort": null, "banned_at_utc": null, "view_count": null, "archived": false, "score": 3, "no_follow": false, "is_crosspostable": false, "pinned": false, "over_18": false, "all_awardings": [], "media": null, "media_only": false, "can_gild": false, "spoiler": false, "locked": false, "author_flair_text": null, "visited": false, "num_reports": null, "distinguished": null, "subreddit_id": "t5_2ssp3", "mod_reason_by": null, "removal_reason": null, "link_flair_background_color": "", "id": "bwimzv", "is_robot_indexable": true, "report_reasons": null, "author": "javerthugo", "num_crossposts": 0, "num_comments": 1, "send_replies": true, "contest_mode": false, "author_patreon_flair": false, "author_flair_text_color": null, "permalink": "/r/AskHistorians/comments/bwimzv/preparing_for_war_in_the_middle_ages/", "whitelist_status": "all_ads", "stickied": false, "url": "https://www.reddit.com/r/AskHistorians/comments/bwimzv/preparing_for_war_in_the_middle_ages/", "subreddit_subscribers": 1002935, "created_utc": 1559610518.0, "discussion_type": null, "mod_reports": [], "is_video": false}}], "after": null, "before": null}}, {"kind": "Listing", "data": {"modhash": "", "dist": null, "children": [{"kind": "t1", "data": {"total_awards_received": 0, "approved_at_utc": null, "ups": 1, "mod_reason_by": null, "banned_by": null, "author_flair_type": "richtext", "removal_reason": null, "link_id": "t3_bwimzv", "author_flair_template_id": "9e641f94-c626-11e2-8e2c-12313b0b21ae", "likes": null, "no_follow": true, "replies": "", "user_reports": [], "saved": false, "id": "epxtntr", "banned_at_utc": null, "mod_reason_title": null, "gilded": 0, "archived": false, "report_reasons": null, "author": "AutoModerator", "can_mod_post": false, "send_replies": false, "parent_id": "t3_bwimzv", "score": 1, "author_fullname": "t2_6l4z3", "approved_by": null, "all_awardings": [], "subreddit_id": "t5_2ssp3", "body": "Welcome to /r/AskHistorians. **Please be sure to [Read Our Rules](https://www.reddit.com/r/AskHistorians/wiki/rules) before you contribute to this community**.  \n\nWe thank you for your interest in this *question*, and your patience in waiting for an in-depth and comprehensive answer to be written, which takes time. Please consider **[Clicking Here for RemindMeBot](https://www.reddit.com/message/compose/?to=RemindMeBot&amp;subject=Reminder&amp;message=%5Bhttps://www.reddit.com/r/AskHistorians/comments/bwimzv/preparing_for_war_in_the_middle_ages/%5D%0A%0ARemindMe!++2+days)**, or using [these alternatives](/r/AskHistorians/comments/8p0s9b/roundtable_21_be_kindremind_the_mod_approved/). In the meantime our [Twitter](https://twitter.com/askhistorians), [Facebook](https://www.facebook.com/askhistorians/), and [Sunday Digest](https://www.reddit.com/r/AskHistorians/search?q=title%3A%22Sunday+Digest%22&amp;restrict_sr=on&amp;sort=new&amp;t=all) feature excellent content that has already been written!\n\n[Please leave feedback on this test message here.](https://www.reddit.com/r/AskHistorians/comments/btz9o5/testing_testing_123_well_be_trying_out_an/)\n\n\n*I am a bot, and this action was performed automatically. Please [contact the moderators of this subreddit](/message/compose/?to=/r/AskHistorians) if you have any questions or concerns.*", "edited": false, "author_flair_css_class": "moderator", "is_submitter": false, "downs": 0, "author_flair_richtext": [{"e": "text", "t": "History of Robotics"}], "author_patreon_flair": false, "collapsed_reason": null, "body_html": "&lt;div class=\"md\"&gt;&lt;p&gt;Welcome to &lt;a href=\"/r/AskHistorians\"&gt;/r/AskHistorians&lt;/a&gt;. &lt;strong&gt;Please be sure to &lt;a href=\"https://www.reddit.com/r/AskHistorians/wiki/rules\"&gt;Read Our Rules&lt;/a&gt; before you contribute to this community&lt;/strong&gt;.  &lt;/p&gt;\n\n&lt;p&gt;We thank you for your interest in this &lt;em&gt;question&lt;/em&gt;, and your patience in waiting for an in-depth and comprehensive answer to be written, which takes time. Please consider &lt;strong&gt;&lt;a href=\"https://www.reddit.com/message/compose/?to=RemindMeBot&amp;amp;subject=Reminder&amp;amp;message=%5Bhttps://www.reddit.com/r/AskHistorians/comments/bwimzv/preparing_for_war_in_the_middle_ages/%5D%0A%0ARemindMe!++2+days\"&gt;Clicking Here for RemindMeBot&lt;/a&gt;&lt;/strong&gt;, or using &lt;a href=\"/r/AskHistorians/comments/8p0s9b/roundtable_21_be_kindremind_the_mod_approved/\"&gt;these alternatives&lt;/a&gt;. In the meantime our &lt;a href=\"https://twitter.com/askhistorians\"&gt;Twitter&lt;/a&gt;, &lt;a href=\"https://www.facebook.com/askhistorians/\"&gt;Facebook&lt;/a&gt;, and &lt;a href=\"https://www.reddit.com/r/AskHistorians/search?q=title%3A%22Sunday+Digest%22&amp;amp;restrict_sr=on&amp;amp;sort=new&amp;amp;t=all\"&gt;Sunday Digest&lt;/a&gt; feature excellent content that has already been written!&lt;/p&gt;\n\n&lt;p&gt;&lt;a href=\"https://www.reddit.com/r/AskHistorians/comments/btz9o5/testing_testing_123_well_be_trying_out_an/\"&gt;Please leave feedback on this test message here.&lt;/a&gt;&lt;/p&gt;\n\n&lt;p&gt;&lt;em&gt;I am a bot, and this action was performed automatically. Please &lt;a href=\"/message/compose/?to=/r/AskHistorians\"&gt;contact the moderators of this subreddit&lt;/a&gt; if you have any questions or concerns.&lt;/em&gt;&lt;/p&gt;\n&lt;/div&gt;", "stickied": true, "subreddit_type": "public", "can_gild": true, "gildings": {}, "author_flair_text_color": "light", "score_hidden": true, "permalink": "/r/AskHistorians/comments/bwimzv/preparing_for_war_in_the_middle_ages/epxtntr/", "num_reports": null, "locked": true, "name": "t1_epxtntr", "created": 1559639318.0, "subreddit": "AskHistorians", "author_flair_text": "History of Robotics", "collapsed": false, "created_utc": 1559610518.0, "subreddit_name_prefixed": "r/AskHistorians", "controversiality": 0, "depth": 0, "author_flair_background_color": "#8b008b", "mod_reports": [], "mod_note": null, "distinguished": "moderator"}}], "after": null, "before": null}}]