[{"kind": "Listing", "data": {"modhash": "", "dist": 1, "children": [{"kind": "t3", "data": {"approved_at_utc": null, "subreddit": "AskHistorians", "selftext": "So... as most europeans i was tought that Gutenberg basically invented printing. Later, i read that china and other asian countries had already been using printing techniques for centuries. But there seems to be a consensus, that Gutenberg revolutionized printing nonetheless by combining and refining previously existing techniques.\n\nNow, i have searched this sub for similair posts and found this one https://www.reddit.com/r/AskHistorians/comments/7v72u6/in_school_i_was_told_gutenberg_invented_printing but a lot of comments have been deleted since then.\nNow from this previous post, i gather the following things:\nScrew presses already existed and moving type printing with reusable metal letters already existed.\nWhat i don't quite understand is what new thing gutenberg introduced that didn't previously exist or what techniques he combined/ in general what he did differently.\nMaybe it's due to my knowledge on the details of the printing process, but when reading texts about his printing press i never understand what exactly the characteristic attributes of his printing press were that set it apart from previously uses techniques. It seems to have something to do with how he created the metal casts/letters themselves (?). Or was it something else?", "user_reports": [], "saved": false, "mod_reason_title": null, "gilded": 0, "clicked": false, "title": "What exactly did Gutenberg invent?", "link_flair_richtext": [], "subreddit_name_prefixed": "r/AskHistorians", "hidden": false, "pwls": 6, "link_flair_css_class": null, "downs": 0, "parent_whitelist_status": "all_ads", "hide_score": false, "name": "t3_bwoc2z", "quarantine": false, "link_flair_text_color": "dark", "upvote_ratio": 0.67, "author_flair_background_color": null, "subreddit_type": "public", "ups": 1, "total_awards_received": 0, "media_embed": {}, "author_flair_template_id": null, "is_original_content": false, "author_fullname": "t2_onr01", "secure_media": null, "is_reddit_media_domain": false, "is_meta": false, "category": null, "secure_media_embed": {}, "link_flair_text": null, "can_mod_post": false, "num_duplicates": 0, "approved_by": null, "thumbnail": "", "edited": false, "author_flair_css_class": null, "author_flair_richtext": [], "gildings": {}, "content_categories": null, "is_self": true, "mod_note": null, "created": 1559681489.0, "link_flair_type": "text", "wls": 6, "banned_by": null, "author_flair_type": "text", "domain": "self.AskHistorians", "allow_live_comments": false, "selftext_html": "&lt;!-- SC_OFF --&gt;&lt;div class=\"md\"&gt;&lt;p&gt;So... as most europeans i was tought that Gutenberg basically invented printing. Later, i read that china and other asian countries had already been using printing techniques for centuries. But there seems to be a consensus, that Gutenberg revolutionized printing nonetheless by combining and refining previously existing techniques.&lt;/p&gt;\n\n&lt;p&gt;Now, i have searched this sub for similair posts and found this one &lt;a href=\"https://www.reddit.com/r/AskHistorians/comments/7v72u6/in_school_i_was_told_gutenberg_invented_printing\"&gt;https://www.reddit.com/r/AskHistorians/comments/7v72u6/in_school_i_was_told_gutenberg_invented_printing&lt;/a&gt; but a lot of comments have been deleted since then.\nNow from this previous post, i gather the following things:\nScrew presses already existed and moving type printing with reusable metal letters already existed.\nWhat i don&amp;#39;t quite understand is what new thing gutenberg introduced that didn&amp;#39;t previously exist or what techniques he combined/ in general what he did differently.\nMaybe it&amp;#39;s due to my knowledge on the details of the printing process, but when reading texts about his printing press i never understand what exactly the characteristic attributes of his printing press were that set it apart from previously uses techniques. It seems to have something to do with how he created the metal casts/letters themselves (?). Or was it something else?&lt;/p&gt;\n&lt;/div&gt;&lt;!-- SC_ON --&gt;", "likes": null, "suggested_sort": null, "banned_at_utc": null, "view_count": null, "archived": false, "score": 1, "no_follow": true, "is_crosspostable": false, "pinned": false, "over_18": false, "all_awardings": [], "media": null, "media_only": false, "can_gild": false, "spoiler": false, "locked": false, "author_flair_text": null, "visited": false, "num_reports": null, "distinguished": null, "subreddit_id": "t5_2ssp3", "mod_reason_by": null, "removal_reason": null, "link_flair_background_color": "", "id": "bwoc2z", "is_robot_indexable": true, "report_reasons": null, "author": "Madpenguin_CH", "num_crossposts": 0, "num_comments": 2, "send_replies": true, "contest_mode": false, "author_patreon_flair": false, "author_flair_text_color": null, "permalink": "/r/AskHistorians/comments/bwoc2z/what_exactly_did_gutenberg_invent/", "whitelist_status": "all_ads", "stickied": false, "url": "https://www.reddit.com/r/AskHistorians/comments/bwoc2z/what_exactly_did_gutenberg_invent/", "subreddit_subscribers": 1002937, "created_utc": 1559652689.0, "discussion_type": null, "mod_reports": [], "is_video": false}}], "after": null, "before": null}}, {"kind": "Listing", "data": {"modhash": "", "dist": null, "children": [{"kind": "t1", "data": {"total_awards_received": 0, "approved_at_utc": null, "ups": 1, "mod_reason_by": null, "banned_by": null, "author_flair_type": "richtext", "removal_reason": null, "link_id": "t3_bwoc2z", "author_flair_template_id": "9e641f94-c626-11e2-8e2c-12313b0b21ae", "likes": null, "no_follow": true, "replies": "", "user_reports": [], "saved": false, "id": "epywc80", "banned_at_utc": null, "mod_reason_title": null, "gilded": 0, "archived": false, "report_reasons": null, "author": "AutoModerator", "can_mod_post": false, "send_replies": false, "parent_id": "t3_bwoc2z", "score": 1, "author_fullname": "t2_6l4z3", "approved_by": null, "all_awardings": [], "subreddit_id": "t5_2ssp3", "body": "Welcome to /r/AskHistorians. **Please be sure to [Read Our Rules](https://www.reddit.com/r/AskHistorians/wiki/rules) before you contribute to this community**.  \n\nWe thank you for your interest in this *question*, and your patience in waiting for an in-depth and comprehensive answer to be written, which takes time. Please consider **[Clicking Here for RemindMeBot](https://www.reddit.com/message/compose/?to=RemindMeBot&amp;subject=Reminder&amp;message=%5Bhttps://www.reddit.com/r/AskHistorians/comments/bwoc2z/what_exactly_did_gutenberg_invent/%5D%0A%0ARemindMe!++2+days)**, or using [these alternatives](/r/AskHistorians/comments/8p0s9b/roundtable_21_be_kindremind_the_mod_approved/). In the meantime our [Twitter](https://twitter.com/askhistorians), [Facebook](https://www.facebook.com/askhistorians/), and [Sunday Digest](https://www.reddit.com/r/AskHistorians/search?q=title%3A%22Sunday+Digest%22&amp;restrict_sr=on&amp;sort=new&amp;t=all) feature excellent content that has already been written!\n\n[Please leave feedback on this test message here.](https://www.reddit.com/r/AskHistorians/comments/btz9o5/testing_testing_123_well_be_trying_out_an/)\n\n\n*I am a bot, and this action was performed automatically. Please [contact the moderators of this subreddit](/message/compose/?to=/r/AskHistorians) if you have any questions or concerns.*", "edited": false, "author_flair_css_class": "moderator", "is_submitter": false, "downs": 0, "author_flair_richtext": [{"e": "text", "t": "History of Robotics"}], "author_patreon_flair": false, "collapsed_reason": null, "body_html": "&lt;div class=\"md\"&gt;&lt;p&gt;Welcome to &lt;a href=\"/r/AskHistorians\"&gt;/r/AskHistorians&lt;/a&gt;. &lt;strong&gt;Please be sure to &lt;a href=\"https://www.reddit.com/r/AskHistorians/wiki/rules\"&gt;Read Our Rules&lt;/a&gt; before you contribute to this community&lt;/strong&gt;.  &lt;/p&gt;\n\n&lt;p&gt;We thank you for your interest in this &lt;em&gt;question&lt;/em&gt;, and your patience in waiting for an in-depth and comprehensive answer to be written, which takes time. Please consider &lt;strong&gt;&lt;a href=\"https://www.reddit.com/message/compose/?to=RemindMeBot&amp;amp;subject=Reminder&amp;amp;message=%5Bhttps://www.reddit.com/r/AskHistorians/comments/bwoc2z/what_exactly_did_gutenberg_invent/%5D%0A%0ARemindMe!++2+days\"&gt;Clicking Here for RemindMeBot&lt;/a&gt;&lt;/strong&gt;, or using &lt;a href=\"/r/AskHistorians/comments/8p0s9b/roundtable_21_be_kindremind_the_mod_approved/\"&gt;these alternatives&lt;/a&gt;. In the meantime our &lt;a href=\"https://twitter.com/askhistorians\"&gt;Twitter&lt;/a&gt;, &lt;a href=\"https://www.facebook.com/askhistorians/\"&gt;Facebook&lt;/a&gt;, and &lt;a href=\"https://www.reddit.com/r/AskHistorians/search?q=title%3A%22Sunday+Digest%22&amp;amp;restrict_sr=on&amp;amp;sort=new&amp;amp;t=all\"&gt;Sunday Digest&lt;/a&gt; feature excellent content that has already been written!&lt;/p&gt;\n\n&lt;p&gt;&lt;a href=\"https://www.reddit.com/r/AskHistorians/comments/btz9o5/testing_testing_123_well_be_trying_out_an/\"&gt;Please leave feedback on this test message here.&lt;/a&gt;&lt;/p&gt;\n\n&lt;p&gt;&lt;em&gt;I am a bot, and this action was performed automatically. Please &lt;a href=\"/message/compose/?to=/r/AskHistorians\"&gt;contact the moderators of this subreddit&lt;/a&gt; if you have any questions or concerns.&lt;/em&gt;&lt;/p&gt;\n&lt;/div&gt;", "stickied": true, "subreddit_type": "public", "can_gild": true, "gildings": {}, "author_flair_text_color": "light", "score_hidden": true, "permalink": "/r/AskHistorians/comments/bwoc2z/what_exactly_did_gutenberg_invent/epywc80/", "num_reports": null, "locked": true, "name": "t1_epywc80", "created": 1559681490.0, "subreddit": "AskHistorians", "author_flair_text": "History of Robotics", "collapsed": false, "created_utc": 1559652690.0, "subreddit_name_prefixed": "r/AskHistorians", "controversiality": 0, "depth": 0, "author_flair_background_color": "#8b008b", "mod_reports": [], "mod_note": null, "distinguished": "moderator"}}], "after": null, "before": null}}]