[{"kind": "Listing", "data": {"modhash": "", "dist": 1, "children": [{"kind": "t3", "data": {"approved_at_utc": null, "subreddit": "AskHistorians", "selftext": "If you google it, there\u2019s a significant spike around 1850, compared to modern day. Why is this? Where old timey folk going around calling each other \u201cbruh?\u201d", "user_reports": [], "saved": false, "mod_reason_title": null, "gilded": 0, "clicked": false, "title": "Why is there a sudden spike in the use of \u201cbruh\u201d in 1850?", "link_flair_richtext": [], "subreddit_name_prefixed": "r/AskHistorians", "hidden": false, "pwls": 6, "link_flair_css_class": null, "downs": 0, "parent_whitelist_status": "all_ads", "hide_score": false, "name": "t3_bwojm3", "quarantine": false, "link_flair_text_color": "dark", "upvote_ratio": 0.79, "author_flair_background_color": null, "subreddit_type": "public", "ups": 48, "total_awards_received": 0, "media_embed": {}, "author_flair_template_id": null, "is_original_content": false, "author_fullname": "t2_1wgzjlyo", "secure_media": null, "is_reddit_media_domain": false, "is_meta": false, "category": null, "secure_media_embed": {}, "link_flair_text": null, "can_mod_post": false, "num_duplicates": 0, "approved_by": null, "thumbnail": "", "edited": false, "author_flair_css_class": null, "author_flair_richtext": [], "gildings": {}, "content_categories": null, "is_self": true, "mod_note": null, "created": 1559682772.0, "link_flair_type": "text", "wls": 6, "banned_by": null, "author_flair_type": "text", "domain": "self.AskHistorians", "allow_live_comments": false, "selftext_html": "&lt;!-- SC_OFF --&gt;&lt;div class=\"md\"&gt;&lt;p&gt;If you google it, there\u2019s a significant spike around 1850, compared to modern day. Why is this? Where old timey folk going around calling each other \u201cbruh?\u201d&lt;/p&gt;\n&lt;/div&gt;&lt;!-- SC_ON --&gt;", "likes": null, "suggested_sort": null, "banned_at_utc": null, "view_count": null, "archived": false, "score": 48, "no_follow": false, "is_crosspostable": false, "pinned": false, "over_18": false, "all_awardings": [], "media": null, "media_only": false, "can_gild": false, "spoiler": false, "locked": false, "author_flair_text": null, "visited": false, "num_reports": null, "distinguished": null, "subreddit_id": "t5_2ssp3", "mod_reason_by": null, "removal_reason": null, "link_flair_background_color": "", "id": "bwojm3", "is_robot_indexable": true, "report_reasons": null, "author": "LiamK518", "num_crossposts": 0, "num_comments": 5, "send_replies": true, "contest_mode": false, "author_patreon_flair": false, "author_flair_text_color": null, "permalink": "/r/AskHistorians/comments/bwojm3/why_is_there_a_sudden_spike_in_the_use_of_bruh_in/", "whitelist_status": "all_ads", "stickied": false, "url": "https://www.reddit.com/r/AskHistorians/comments/bwojm3/why_is_there_a_sudden_spike_in_the_use_of_bruh_in/", "subreddit_subscribers": 1002937, "created_utc": 1559653972.0, "discussion_type": null, "mod_reports": [], "is_video": false}}], "after": null, "before": null}}, {"kind": "Listing", "data": {"modhash": "", "dist": null, "children": [{"kind": "t1", "data": {"total_awards_received": 0, "approved_at_utc": null, "ups": 1, "mod_reason_by": null, "banned_by": null, "author_flair_type": "richtext", "removal_reason": null, "link_id": "t3_bwojm3", "author_flair_template_id": "9e641f94-c626-11e2-8e2c-12313b0b21ae", "likes": null, "no_follow": true, "replies": "", "user_reports": [], "saved": false, "id": "epyy3rc", "banned_at_utc": null, "mod_reason_title": null, "gilded": 0, "archived": false, "report_reasons": null, "author": "AutoModerator", "can_mod_post": false, "send_replies": false, "parent_id": "t3_bwojm3", "score": 1, "author_fullname": "t2_6l4z3", "approved_by": null, "all_awardings": [], "subreddit_id": "t5_2ssp3", "body": "Welcome to /r/AskHistorians. **Please be sure to [Read Our Rules](https://www.reddit.com/r/AskHistorians/wiki/rules) before you contribute to this community**.  \n\nWe thank you for your interest in this *question*, and your patience in waiting for an in-depth and comprehensive answer to be written, which takes time. Please consider **[Clicking Here for RemindMeBot](https://www.reddit.com/message/compose/?to=RemindMeBot&amp;subject=Reminder&amp;message=%5Bhttps://www.reddit.com/r/AskHistorians/comments/bwojm3/why_is_there_a_sudden_spike_in_the_use_of_bruh_in/%5D%0A%0ARemindMe!++2+days)**, or using [these alternatives](/r/AskHistorians/comments/8p0s9b/roundtable_21_be_kindremind_the_mod_approved/). In the meantime our [Twitter](https://twitter.com/askhistorians), [Facebook](https://www.facebook.com/askhistorians/), and [Sunday Digest](https://www.reddit.com/r/AskHistorians/search?q=title%3A%22Sunday+Digest%22&amp;restrict_sr=on&amp;sort=new&amp;t=all) feature excellent content that has already been written!\n\n[Please leave feedback on this test message here.](https://www.reddit.com/r/AskHistorians/comments/btz9o5/testing_testing_123_well_be_trying_out_an/)\n\n\n*I am a bot, and this action was performed automatically. Please [contact the moderators of this subreddit](/message/compose/?to=/r/AskHistorians) if you have any questions or concerns.*", "edited": false, "author_flair_css_class": "moderator", "is_submitter": false, "downs": 0, "author_flair_richtext": [{"e": "text", "t": "History of Robotics"}], "author_patreon_flair": false, "collapsed_reason": null, "body_html": "&lt;div class=\"md\"&gt;&lt;p&gt;Welcome to &lt;a href=\"/r/AskHistorians\"&gt;/r/AskHistorians&lt;/a&gt;. &lt;strong&gt;Please be sure to &lt;a href=\"https://www.reddit.com/r/AskHistorians/wiki/rules\"&gt;Read Our Rules&lt;/a&gt; before you contribute to this community&lt;/strong&gt;.  &lt;/p&gt;\n\n&lt;p&gt;We thank you for your interest in this &lt;em&gt;question&lt;/em&gt;, and your patience in waiting for an in-depth and comprehensive answer to be written, which takes time. Please consider &lt;strong&gt;&lt;a href=\"https://www.reddit.com/message/compose/?to=RemindMeBot&amp;amp;subject=Reminder&amp;amp;message=%5Bhttps://www.reddit.com/r/AskHistorians/comments/bwojm3/why_is_there_a_sudden_spike_in_the_use_of_bruh_in/%5D%0A%0ARemindMe!++2+days\"&gt;Clicking Here for RemindMeBot&lt;/a&gt;&lt;/strong&gt;, or using &lt;a href=\"/r/AskHistorians/comments/8p0s9b/roundtable_21_be_kindremind_the_mod_approved/\"&gt;these alternatives&lt;/a&gt;. In the meantime our &lt;a href=\"https://twitter.com/askhistorians\"&gt;Twitter&lt;/a&gt;, &lt;a href=\"https://www.facebook.com/askhistorians/\"&gt;Facebook&lt;/a&gt;, and &lt;a href=\"https://www.reddit.com/r/AskHistorians/search?q=title%3A%22Sunday+Digest%22&amp;amp;restrict_sr=on&amp;amp;sort=new&amp;amp;t=all\"&gt;Sunday Digest&lt;/a&gt; feature excellent content that has already been written!&lt;/p&gt;\n\n&lt;p&gt;&lt;a href=\"https://www.reddit.com/r/AskHistorians/comments/btz9o5/testing_testing_123_well_be_trying_out_an/\"&gt;Please leave feedback on this test message here.&lt;/a&gt;&lt;/p&gt;\n\n&lt;p&gt;&lt;em&gt;I am a bot, and this action was performed automatically. Please &lt;a href=\"/message/compose/?to=/r/AskHistorians\"&gt;contact the moderators of this subreddit&lt;/a&gt; if you have any questions or concerns.&lt;/em&gt;&lt;/p&gt;\n&lt;/div&gt;", "stickied": true, "subreddit_type": "public", "can_gild": true, "gildings": {}, "author_flair_text_color": "light", "score_hidden": true, "permalink": "/r/AskHistorians/comments/bwojm3/why_is_there_a_sudden_spike_in_the_use_of_bruh_in/epyy3rc/", "num_reports": null, "locked": true, "name": "t1_epyy3rc", "created": 1559682772.0, "subreddit": "AskHistorians", "author_flair_text": "History of Robotics", "collapsed": false, "created_utc": 1559653972.0, "subreddit_name_prefixed": "r/AskHistorians", "controversiality": 0, "depth": 0, "author_flair_background_color": "#8b008b", "mod_reports": [], "mod_note": null, "distinguished": "moderator"}}, {"kind": "t1", "data": {"total_awards_received": 0, "approved_at_utc": null, "ups": 147, "mod_reason_by": null, "banned_by": null, "author_flair_type": "richtext", "removal_reason": null, "link_id": "t3_bwojm3", "author_flair_template_id": "926c8f8c-c626-11e2-a72b-12313b06caaf", "likes": null, "no_follow": false, "replies": {"kind": "Listing", "data": {"modhash": "", "dist": null, "children": [{"kind": "t1", "data": {"total_awards_received": 0, "approved_at_utc": null, "ups": 90, "mod_reason_by": null, "banned_by": null, "author_flair_type": "richtext", "removal_reason": null, "link_id": "t3_bwojm3", "author_flair_template_id": null, "likes": null, "no_follow": false, "replies": {"kind": "Listing", "data": {"modhash": "", "dist": null, "children": [{"kind": "t1", "data": {"total_awards_received": 0, "approved_at_utc": null, "ups": 25, "mod_reason_by": null, "banned_by": null, "author_flair_type": "richtext", "removal_reason": null, "link_id": "t3_bwojm3", "author_flair_template_id": "926c8f8c-c626-11e2-a72b-12313b06caaf", "likes": null, "no_follow": false, "replies": "", "user_reports": [], "saved": false, "id": "epzku47", "banned_at_utc": null, "mod_reason_title": null, "gilded": 0, "archived": false, "report_reasons": null, "author": "restricteddata", "can_mod_post": false, "send_replies": true, "parent_id": "t1_epz4aza", "score": 25, "author_fullname": "t2_8brve", "approved_by": null, "all_awardings": [], "subreddit_id": "t5_2ssp3", "body": "That's pretty amusing. I have a 17th century account of a meeting of the Royal Society of London I like to use and the students always find it very confusing how much they talk about needing to work on the \u017fuckers of their air pumps.", "edited": false, "author_flair_css_class": "technology", "is_submitter": false, "downs": 0, "author_flair_richtext": [{"e": "text", "t": "Nuclear Technology | Modern Science"}], "author_patreon_flair": false, "collapsed_reason": null, "body_html": "&lt;div class=\"md\"&gt;&lt;p&gt;That&amp;#39;s pretty amusing. I have a 17th century account of a meeting of the Royal Society of London I like to use and the students always find it very confusing how much they talk about needing to work on the \u017fuckers of their air pumps.&lt;/p&gt;\n&lt;/div&gt;", "stickied": false, "subreddit_type": "public", "can_gild": true, "gildings": {}, "author_flair_text_color": "light", "score_hidden": false, "permalink": "/r/AskHistorians/comments/bwojm3/why_is_there_a_sudden_spike_in_the_use_of_bruh_in/epzku47/", "num_reports": null, "locked": false, "name": "t1_epzku47", "created": 1559696417.0, "subreddit": "AskHistorians", "author_flair_text": "Nuclear Technology | Modern Science", "collapsed": false, "created_utc": 1559667617.0, "subreddit_name_prefixed": "r/AskHistorians", "controversiality": 0, "depth": 2, "author_flair_background_color": "#666666", "mod_reports": [], "mod_note": null, "distinguished": null}}], "after": null, "before": null}}, "user_reports": [], "saved": false, "id": "epz4aza", "banned_at_utc": null, "mod_reason_title": null, "gilded": 0, "archived": false, "report_reasons": null, "author": "Platypuskeeper", "can_mod_post": false, "send_replies": false, "parent_id": "t1_epz0wow", "score": 90, "author_fullname": "t2_4a2kz", "approved_by": null, "all_awardings": [], "subreddit_id": "t5_2ssp3", "body": "My favorite Ngram is the [fall and rise of the word 'fuck'](https://books.google.com/ngrams/graph?content=fuck&amp;case_insensitive=on&amp;year_start=1700&amp;year_end=2000&amp;corpus=15&amp;smoothing=2&amp;share=&amp;direct_url=t4%3B%2Cfuck%3B%2Cc0%3B%2Cs0%3B%3Bfuck%3B%2Cc0%3B%3BFuck%3B%2Cc0). They certainly were vulgar back in the 18th century!\n\nOf course it's all just from bad OCR-ing of the word \"suck\" but it does make for an excellent illustration of when the long-S fell out of u\u017fe.", "edited": false, "author_flair_css_class": "qualitycontributor", "is_submitter": false, "downs": 0, "author_flair_richtext": [{"e": "text", "t": "Quality Contributor"}], "author_patreon_flair": false, "collapsed_reason": null, "body_html": "&lt;div class=\"md\"&gt;&lt;p&gt;My favorite Ngram is the &lt;a href=\"https://books.google.com/ngrams/graph?content=fuck&amp;amp;case_insensitive=on&amp;amp;year_start=1700&amp;amp;year_end=2000&amp;amp;corpus=15&amp;amp;smoothing=2&amp;amp;share=&amp;amp;direct_url=t4%3B%2Cfuck%3B%2Cc0%3B%2Cs0%3B%3Bfuck%3B%2Cc0%3B%3BFuck%3B%2Cc0\"&gt;fall and rise of the word &amp;#39;fuck&amp;#39;&lt;/a&gt;. They certainly were vulgar back in the 18th century!&lt;/p&gt;\n\n&lt;p&gt;Of course it&amp;#39;s all just from bad OCR-ing of the word &amp;quot;suck&amp;quot; but it does make for an excellent illustration of when the long-S fell out of u\u017fe.&lt;/p&gt;\n&lt;/div&gt;", "stickied": false, "subreddit_type": "public", "can_gild": true, "gildings": {}, "author_flair_text_color": "dark", "score_hidden": false, "permalink": "/r/AskHistorians/comments/bwojm3/why_is_there_a_sudden_spike_in_the_use_of_bruh_in/epz4aza/", "num_reports": null, "locked": false, "name": "t1_epz4aza", "created": 1559686889.0, "subreddit": "AskHistorians", "author_flair_text": "Quality Contributor", "collapsed": false, "created_utc": 1559658089.0, "subreddit_name_prefixed": "r/AskHistorians", "controversiality": 0, "depth": 1, "author_flair_background_color": "", "mod_reports": [], "mod_note": null, "distinguished": null}}], "after": null, "before": null}}, "user_reports": [], "saved": false, "id": "epz0wow", "banned_at_utc": null, "mod_reason_title": null, "gilded": 0, "archived": false, "report_reasons": null, "author": "restricteddata", "can_mod_post": false, "send_replies": true, "parent_id": "t3_bwojm3", "score": 147, "author_fullname": "t2_8brve", "approved_by": null, "all_awardings": [], "subreddit_id": "t5_2ssp3", "body": "At the bottom of every Google Ngrams result, you can see that it breaks the hits down by year ranges. If you click them, [it'll show you what's causing the hits](https://www.google.com/search?q=%22bruh%22&amp;tbm=bks&amp;tbs=cdr:1,cd_min:1839,cd_max:1898&amp;lr=lang_en). In this case, there was a book in 1851 that categorized the animals of the \"East Indies\" that has an entry on the Bruh, apparently a local term for the southern pig-tailed macaque in Indonesia. There are also, as with all Google Ngrams results for short words, a lot of \"false hits\"; when you see that kind of \"jerky\" result it also is usually an indication that the sample size is pretty small \u2014 the word \"bruh\" was barely used at any time, and always small relative to all other words, so an increase in three or four citations means that it suddenly looks very outsized compared to the whole curve.\n\nSo, no, nobody was going around calling each other \"bruh,\" unless there were some people calling one another monkeys in Indonesia. What you're seeing is mostly a statistical artifact.", "edited": 1559667673.0, "author_flair_css_class": "technology", "is_submitter": false, "downs": 0, "author_flair_richtext": [{"e": "text", "t": "Nuclear Technology | Modern Science"}], "author_patreon_flair": false, "collapsed_reason": null, "body_html": "&lt;div class=\"md\"&gt;&lt;p&gt;At the bottom of every Google Ngrams result, you can see that it breaks the hits down by year ranges. If you click them, &lt;a href=\"https://www.google.com/search?q=%22bruh%22&amp;amp;tbm=bks&amp;amp;tbs=cdr:1,cd_min:1839,cd_max:1898&amp;amp;lr=lang_en\"&gt;it&amp;#39;ll show you what&amp;#39;s causing the hits&lt;/a&gt;. In this case, there was a book in 1851 that categorized the animals of the &amp;quot;East Indies&amp;quot; that has an entry on the Bruh, apparently a local term for the southern pig-tailed macaque in Indonesia. There are also, as with all Google Ngrams results for short words, a lot of &amp;quot;false hits&amp;quot;; when you see that kind of &amp;quot;jerky&amp;quot; result it also is usually an indication that the sample size is pretty small \u2014 the word &amp;quot;bruh&amp;quot; was barely used at any time, and always small relative to all other words, so an increase in three or four citations means that it suddenly looks very outsized compared to the whole curve.&lt;/p&gt;\n\n&lt;p&gt;So, no, nobody was going around calling each other &amp;quot;bruh,&amp;quot; unless there were some people calling one another monkeys in Indonesia. What you&amp;#39;re seeing is mostly a statistical artifact.&lt;/p&gt;\n&lt;/div&gt;", "stickied": false, "subreddit_type": "public", "can_gild": true, "gildings": {}, "author_flair_text_color": "light", "score_hidden": false, "permalink": "/r/AskHistorians/comments/bwojm3/why_is_there_a_sudden_spike_in_the_use_of_bruh_in/epz0wow/", "num_reports": null, "locked": false, "name": "t1_epz0wow", "created": 1559684696.0, "subreddit": "AskHistorians", "author_flair_text": "Nuclear Technology | Modern Science", "collapsed": false, "created_utc": 1559655896.0, "subreddit_name_prefixed": "r/AskHistorians", "controversiality": 0, "depth": 0, "author_flair_background_color": "#666666", "mod_reports": [], "mod_note": null, "distinguished": null}}], "after": null, "before": null}}]