[{"kind": "Listing", "data": {"modhash": "", "dist": 1, "children": [{"kind": "t3", "data": {"approved_at_utc": null, "subreddit": "AskHistorians", "selftext": "", "user_reports": [], "saved": false, "mod_reason_title": null, "gilded": 0, "clicked": false, "title": "How has the public perception of deafness and deaf people changed over the past century?", "link_flair_richtext": [], "subreddit_name_prefixed": "r/AskHistorians", "hidden": false, "pwls": 6, "link_flair_css_class": null, "downs": 0, "parent_whitelist_status": "all_ads", "hide_score": false, "name": "t3_bwrafo", "quarantine": false, "link_flair_text_color": "dark", "upvote_ratio": 0.75, "author_flair_background_color": null, "subreddit_type": "public", "ups": 2, "total_awards_received": 0, "media_embed": {}, "author_flair_template_id": null, "is_original_content": false, "author_fullname": "t2_mm45p", "secure_media": null, "is_reddit_media_domain": false, "is_meta": false, "category": null, "secure_media_embed": {}, "link_flair_text": null, "can_mod_post": false, "num_duplicates": 0, "approved_by": null, "thumbnail": "", "edited": false, "author_flair_css_class": null, "author_flair_richtext": [], "gildings": {}, "content_categories": null, "is_self": true, "mod_note": null, "created": 1559697398.0, "link_flair_type": "text", "wls": 6, "banned_by": null, "author_flair_type": "text", "domain": "self.AskHistorians", "allow_live_comments": false, "selftext_html": null, "likes": null, "suggested_sort": null, "banned_at_utc": null, "view_count": null, "archived": false, "score": 2, "no_follow": false, "is_crosspostable": false, "pinned": false, "over_18": false, "all_awardings": [], "media": null, "media_only": false, "can_gild": false, "spoiler": false, "locked": false, "author_flair_text": null, "visited": false, "num_reports": null, "distinguished": null, "subreddit_id": "t5_2ssp3", "mod_reason_by": null, "removal_reason": null, "link_flair_background_color": "", "id": "bwrafo", "is_robot_indexable": true, "report_reasons": null, "author": "TheHondoGod", "num_crossposts": 0, "num_comments": 7, "send_replies": true, "contest_mode": false, "author_patreon_flair": false, "author_flair_text_color": null, "permalink": "/r/AskHistorians/comments/bwrafo/how_has_the_public_perception_of_deafness_and/", "whitelist_status": "all_ads", "stickied": false, "url": "https://www.reddit.com/r/AskHistorians/comments/bwrafo/how_has_the_public_perception_of_deafness_and/", "subreddit_subscribers": 1002937, "created_utc": 1559668598.0, "discussion_type": null, "mod_reports": [], "is_video": false}}], "after": null, "before": null}}, {"kind": "Listing", "data": {"modhash": "", "dist": null, "children": [{"kind": "t1", "data": {"total_awards_received": 0, "approved_at_utc": null, "ups": 1, "mod_reason_by": null, "banned_by": null, "author_flair_type": "richtext", "removal_reason": null, "link_id": "t3_bwrafo", "author_flair_template_id": "9e641f94-c626-11e2-8e2c-12313b0b21ae", "likes": null, "no_follow": true, "replies": "", "user_reports": [], "saved": false, "id": "epzmm6f", "banned_at_utc": null, "mod_reason_title": null, "gilded": 0, "archived": false, "report_reasons": null, "author": "AutoModerator", "can_mod_post": false, "send_replies": false, "parent_id": "t3_bwrafo", "score": 1, "author_fullname": "t2_6l4z3", "approved_by": null, "all_awardings": [], "subreddit_id": "t5_2ssp3", "body": "Welcome to /r/AskHistorians. **Please be sure to [Read Our Rules](https://www.reddit.com/r/AskHistorians/wiki/rules) before you contribute to this community**.  \n\nWe thank you for your interest in this *question*, and your patience in waiting for an in-depth and comprehensive answer to be written, which takes time. Please consider **[Clicking Here for RemindMeBot](https://www.reddit.com/message/compose/?to=RemindMeBot&amp;subject=Reminder&amp;message=%5Bhttps://www.reddit.com/r/AskHistorians/comments/bwrafo/how_has_the_public_perception_of_deafness_and/%5D%0A%0ARemindMe!++2+days)**, or using [these alternatives](/r/AskHistorians/comments/8p0s9b/roundtable_21_be_kindremind_the_mod_approved/). In the meantime our [Twitter](https://twitter.com/askhistorians), [Facebook](https://www.facebook.com/askhistorians/), and [Sunday Digest](https://www.reddit.com/r/AskHistorians/search?q=title%3A%22Sunday+Digest%22&amp;restrict_sr=on&amp;sort=new&amp;t=all) feature excellent content that has already been written!\n\n[Please leave feedback on this test message here.](https://www.reddit.com/r/AskHistorians/comments/btz9o5/testing_testing_123_well_be_trying_out_an/)\n\n\n*I am a bot, and this action was performed automatically. Please [contact the moderators of this subreddit](/message/compose/?to=/r/AskHistorians) if you have any questions or concerns.*", "edited": false, "author_flair_css_class": "moderator", "is_submitter": false, "downs": 0, "author_flair_richtext": [{"e": "text", "t": "History of Robotics"}], "author_patreon_flair": false, "collapsed_reason": null, "body_html": "&lt;div class=\"md\"&gt;&lt;p&gt;Welcome to &lt;a href=\"/r/AskHistorians\"&gt;/r/AskHistorians&lt;/a&gt;. &lt;strong&gt;Please be sure to &lt;a href=\"https://www.reddit.com/r/AskHistorians/wiki/rules\"&gt;Read Our Rules&lt;/a&gt; before you contribute to this community&lt;/strong&gt;.  &lt;/p&gt;\n\n&lt;p&gt;We thank you for your interest in this &lt;em&gt;question&lt;/em&gt;, and your patience in waiting for an in-depth and comprehensive answer to be written, which takes time. Please consider &lt;strong&gt;&lt;a href=\"https://www.reddit.com/message/compose/?to=RemindMeBot&amp;amp;subject=Reminder&amp;amp;message=%5Bhttps://www.reddit.com/r/AskHistorians/comments/bwrafo/how_has_the_public_perception_of_deafness_and/%5D%0A%0ARemindMe!++2+days\"&gt;Clicking Here for RemindMeBot&lt;/a&gt;&lt;/strong&gt;, or using &lt;a href=\"/r/AskHistorians/comments/8p0s9b/roundtable_21_be_kindremind_the_mod_approved/\"&gt;these alternatives&lt;/a&gt;. In the meantime our &lt;a href=\"https://twitter.com/askhistorians\"&gt;Twitter&lt;/a&gt;, &lt;a href=\"https://www.facebook.com/askhistorians/\"&gt;Facebook&lt;/a&gt;, and &lt;a href=\"https://www.reddit.com/r/AskHistorians/search?q=title%3A%22Sunday+Digest%22&amp;amp;restrict_sr=on&amp;amp;sort=new&amp;amp;t=all\"&gt;Sunday Digest&lt;/a&gt; feature excellent content that has already been written!&lt;/p&gt;\n\n&lt;p&gt;&lt;a href=\"https://www.reddit.com/r/AskHistorians/comments/btz9o5/testing_testing_123_well_be_trying_out_an/\"&gt;Please leave feedback on this test message here.&lt;/a&gt;&lt;/p&gt;\n\n&lt;p&gt;&lt;em&gt;I am a bot, and this action was performed automatically. Please &lt;a href=\"/message/compose/?to=/r/AskHistorians\"&gt;contact the moderators of this subreddit&lt;/a&gt; if you have any questions or concerns.&lt;/em&gt;&lt;/p&gt;\n&lt;/div&gt;", "stickied": true, "subreddit_type": "public", "can_gild": true, "gildings": {}, "author_flair_text_color": "light", "score_hidden": true, "permalink": "/r/AskHistorians/comments/bwrafo/how_has_the_public_perception_of_deafness_and/epzmm6f/", "num_reports": null, "locked": true, "name": "t1_epzmm6f", "created": 1559697398.0, "subreddit": "AskHistorians", "author_flair_text": "History of Robotics", "collapsed": false, "created_utc": 1559668598.0, "subreddit_name_prefixed": "r/AskHistorians", "controversiality": 0, "depth": 0, "author_flair_background_color": "#8b008b", "mod_reports": [], "mod_note": null, "distinguished": "moderator"}}, {"kind": "t1", "data": {"total_awards_received": 0, "approved_at_utc": null, "ups": 1, "mod_reason_by": null, "banned_by": null, "author_flair_type": "richtext", "removal_reason": null, "link_id": "t3_bwrafo", "author_flair_template_id": "bfcbf574-11fa-11e8-81ea-0e52c5633eb6", "likes": null, "no_follow": true, "replies": {"kind": "Listing", "data": {"modhash": "", "dist": null, "children": [{"kind": "t1", "data": {"total_awards_received": 0, "approved_at_utc": null, "ups": 2, "mod_reason_by": null, "banned_by": null, "author_flair_type": "text", "removal_reason": null, "link_id": "t3_bwrafo", "author_flair_template_id": null, "likes": null, "no_follow": true, "replies": {"kind": "Listing", "data": {"modhash": "", "dist": null, "children": [{"kind": "t1", "data": {"total_awards_received": 0, "approved_at_utc": null, "ups": 3, "mod_reason_by": null, "banned_by": null, "author_flair_type": "richtext", "removal_reason": null, "link_id": "t3_bwrafo", "author_flair_template_id": "bfcbf574-11fa-11e8-81ea-0e52c5633eb6", "likes": null, "no_follow": true, "replies": {"kind": "Listing", "data": {"modhash": "", "dist": null, "children": [{"kind": "t1", "data": {"total_awards_received": 0, "approved_at_utc": null, "ups": 1, "mod_reason_by": null, "banned_by": null, "author_flair_type": "text", "removal_reason": null, "link_id": "t3_bwrafo", "author_flair_template_id": null, "likes": null, "no_follow": true, "replies": {"kind": "Listing", "data": {"modhash": "", "dist": null, "children": [{"kind": "t1", "data": {"total_awards_received": 0, "approved_at_utc": null, "ups": 3, "mod_reason_by": null, "banned_by": null, "author_flair_type": "richtext", "removal_reason": null, "link_id": "t3_bwrafo", "author_flair_template_id": "bfcbf574-11fa-11e8-81ea-0e52c5633eb6", "likes": null, "no_follow": true, "replies": {"kind": "Listing", "data": {"modhash": "", "dist": null, "children": [{"kind": "t1", "data": {"total_awards_received": 0, "approved_at_utc": null, "ups": 1, "mod_reason_by": null, "banned_by": null, "author_flair_type": "text", "removal_reason": null, "link_id": "t3_bwrafo", "author_flair_template_id": null, "likes": null, "no_follow": true, "replies": "", "user_reports": [], "saved": false, "id": "etdq1qy", "banned_at_utc": null, "mod_reason_title": null, "gilded": 0, "archived": false, "report_reasons": null, "author": "TheHondoGod", "can_mod_post": false, "send_replies": true, "parent_id": "t1_eta6ure", "score": 1, "author_fullname": "t2_mm45p", "approved_by": null, "all_awardings": [], "subreddit_id": "t5_2ssp3", "body": "Hey sorry for getting back to you late. I'll put the thread up again.\n\nHope things are better now! I hate rough months.", "edited": false, "author_flair_css_class": null, "is_submitter": true, "downs": 0, "author_flair_richtext": [], "author_patreon_flair": false, "collapsed_reason": null, "body_html": "&lt;div class=\"md\"&gt;&lt;p&gt;Hey sorry for getting back to you late. I&amp;#39;ll put the thread up again.&lt;/p&gt;\n\n&lt;p&gt;Hope things are better now! I hate rough months.&lt;/p&gt;\n&lt;/div&gt;", "stickied": false, "subreddit_type": "public", "can_gild": true, "gildings": {}, "author_flair_text_color": null, "score_hidden": false, "permalink": "/r/AskHistorians/comments/bwrafo/how_has_the_public_perception_of_deafness_and/etdq1qy/", "num_reports": null, "locked": false, "name": "t1_etdq1qy", "created": 1562741217.0, "subreddit": "AskHistorians", "author_flair_text": null, "collapsed": false, "created_utc": 1562712417.0, "subreddit_name_prefixed": "r/AskHistorians", "controversiality": 0, "depth": 5, "author_flair_background_color": null, "mod_reports": [], "mod_note": null, "distinguished": null}}], "after": null, "before": null}}, "user_reports": [], "saved": false, "id": "eta6ure", "banned_at_utc": null, "mod_reason_title": null, "gilded": 0, "archived": false, "report_reasons": null, "author": "woofiegrrl", "can_mod_post": false, "send_replies": true, "parent_id": "t1_et9q03l", "score": 3, "author_fullname": "t2_3zvpx", "approved_by": null, "all_awardings": [], "subreddit_id": "t5_2ssp3", "body": "I am still interested! I've had a rough month or so...but definitely still interested. If you're willing, please repost, and I'll answer today!", "edited": false, "author_flair_css_class": null, "is_submitter": false, "downs": 0, "author_flair_richtext": [{"e": "text", "t": "Deaf History"}], "author_patreon_flair": false, "collapsed_reason": null, "body_html": "&lt;div class=\"md\"&gt;&lt;p&gt;I am still interested! I&amp;#39;ve had a rough month or so...but definitely still interested. If you&amp;#39;re willing, please repost, and I&amp;#39;ll answer today!&lt;/p&gt;\n&lt;/div&gt;", "stickied": false, "subreddit_type": "public", "can_gild": true, "gildings": {}, "author_flair_text_color": "dark", "score_hidden": false, "permalink": "/r/AskHistorians/comments/bwrafo/how_has_the_public_perception_of_deafness_and/eta6ure/", "num_reports": null, "locked": false, "name": "t1_eta6ure", "created": 1562642327.0, "subreddit": "AskHistorians", "author_flair_text": "Deaf History", "collapsed": false, "created_utc": 1562613527.0, "subreddit_name_prefixed": "r/AskHistorians", "controversiality": 0, "depth": 4, "author_flair_background_color": "#f5f5f5", "mod_reports": [], "mod_note": null, "distinguished": null}}], "after": null, "before": null}}, "user_reports": [], "saved": false, "id": "et9q03l", "banned_at_utc": null, "mod_reason_title": null, "gilded": 0, "archived": false, "report_reasons": null, "author": "TheHondoGod", "can_mod_post": false, "send_replies": true, "parent_id": "t1_eqko759", "score": 1, "author_fullname": "t2_mm45p", "approved_by": null, "all_awardings": [], "subreddit_id": "t5_2ssp3", "body": "Hey if your still interested in the question, I could repost it if you'd like it to be more recent. Get it seen by more people.", "edited": false, "author_flair_css_class": null, "is_submitter": true, "downs": 0, "author_flair_richtext": [], "author_patreon_flair": false, "collapsed_reason": null, "body_html": "&lt;div class=\"md\"&gt;&lt;p&gt;Hey if your still interested in the question, I could repost it if you&amp;#39;d like it to be more recent. Get it seen by more people.&lt;/p&gt;\n&lt;/div&gt;", "stickied": false, "subreddit_type": "public", "can_gild": true, "gildings": {}, "author_flair_text_color": null, "score_hidden": false, "permalink": "/r/AskHistorians/comments/bwrafo/how_has_the_public_perception_of_deafness_and/et9q03l/", "num_reports": null, "locked": false, "name": "t1_et9q03l", "created": 1562631597.0, "subreddit": "AskHistorians", "author_flair_text": null, "collapsed": false, "created_utc": 1562602797.0, "subreddit_name_prefixed": "r/AskHistorians", "controversiality": 0, "depth": 3, "author_flair_background_color": null, "mod_reports": [], "mod_note": null, "distinguished": null}}], "after": null, "before": null}}, "user_reports": [], "saved": false, "id": "eqko759", "banned_at_utc": null, "mod_reason_title": null, "gilded": 0, "archived": false, "report_reasons": null, "author": "woofiegrrl", "can_mod_post": false, "send_replies": true, "parent_id": "t1_eqc7v93", "score": 3, "author_fullname": "t2_3zvpx", "approved_by": null, "all_awardings": [], "subreddit_id": "t5_2ssp3", "body": "This is helpful, I'll get back to you tomorrow!\n\nEdit: Forgive the delay, have not forgotten!", "edited": 1560462746.0, "author_flair_css_class": null, "is_submitter": false, "downs": 0, "author_flair_richtext": [{"e": "text", "t": "Deaf History"}], "author_patreon_flair": false, "collapsed_reason": null, "body_html": "&lt;div class=\"md\"&gt;&lt;p&gt;This is helpful, I&amp;#39;ll get back to you tomorrow!&lt;/p&gt;\n\n&lt;p&gt;Edit: Forgive the delay, have not forgotten!&lt;/p&gt;\n&lt;/div&gt;", "stickied": false, "subreddit_type": "public", "can_gild": true, "gildings": {}, "author_flair_text_color": "dark", "score_hidden": false, "permalink": "/r/AskHistorians/comments/bwrafo/how_has_the_public_perception_of_deafness_and/eqko759/", "num_reports": null, "locked": false, "name": "t1_eqko759", "created": 1560156340.0, "subreddit": "AskHistorians", "author_flair_text": "Deaf History", "collapsed": false, "created_utc": 1560127540.0, "subreddit_name_prefixed": "r/AskHistorians", "controversiality": 0, "depth": 2, "author_flair_background_color": "#f5f5f5", "mod_reports": [], "mod_note": null, "distinguished": null}}], "after": null, "before": null}}, "user_reports": [], "saved": false, "id": "eqc7v93", "banned_at_utc": null, "mod_reason_title": null, "gilded": 0, "archived": false, "report_reasons": null, "author": "TheHondoGod", "can_mod_post": false, "send_replies": true, "parent_id": "t1_eq9q5ia", "score": 2, "author_fullname": "t2_mm45p", "approved_by": null, "all_awardings": [], "subreddit_id": "t5_2ssp3", "body": "Wow, I didn't think anyone saw the question. Sorry for the generalness.\n\nFor a country I'm most familiar with Canada or America, but if there's particular sources that make it easier elsewhere that's great to. For perception I'm not *entirely* sure what it would have been like previous anyway, but I was definitely thinking that between two world wars and increasing urbanisation, there'd be a lot more people both with deafness and dealing with deaf people. What about something like social discrimination? Job discrimination would be very interesting to read, but what about more along the lines of how people treat each other more socially?\n\nSorry if its still to broad. I'm not sure I know enough to know how to make it a more specific question.", "edited": false, "author_flair_css_class": null, "is_submitter": true, "downs": 0, "author_flair_richtext": [], "author_patreon_flair": false, "collapsed_reason": null, "body_html": "&lt;div class=\"md\"&gt;&lt;p&gt;Wow, I didn&amp;#39;t think anyone saw the question. Sorry for the generalness.&lt;/p&gt;\n\n&lt;p&gt;For a country I&amp;#39;m most familiar with Canada or America, but if there&amp;#39;s particular sources that make it easier elsewhere that&amp;#39;s great to. For perception I&amp;#39;m not &lt;em&gt;entirely&lt;/em&gt; sure what it would have been like previous anyway, but I was definitely thinking that between two world wars and increasing urbanisation, there&amp;#39;d be a lot more people both with deafness and dealing with deaf people. What about something like social discrimination? Job discrimination would be very interesting to read, but what about more along the lines of how people treat each other more socially?&lt;/p&gt;\n\n&lt;p&gt;Sorry if its still to broad. I&amp;#39;m not sure I know enough to know how to make it a more specific question.&lt;/p&gt;\n&lt;/div&gt;", "stickied": false, "subreddit_type": "public", "can_gild": true, "gildings": {}, "author_flair_text_color": null, "score_hidden": false, "permalink": "/r/AskHistorians/comments/bwrafo/how_has_the_public_perception_of_deafness_and/eqc7v93/", "num_reports": null, "locked": false, "name": "t1_eqc7v93", "created": 1559992604.0, "subreddit": "AskHistorians", "author_flair_text": null, "collapsed": false, "created_utc": 1559963804.0, "subreddit_name_prefixed": "r/AskHistorians", "controversiality": 0, "depth": 1, "author_flair_background_color": null, "mod_reports": [], "mod_note": null, "distinguished": null}}], "after": null, "before": null}}, "user_reports": [], "saved": false, "id": "eq9q5ia", "banned_at_utc": null, "mod_reason_title": null, "gilded": 0, "archived": false, "report_reasons": null, "author": "woofiegrrl", "can_mod_post": false, "send_replies": true, "parent_id": "t3_bwrafo", "score": 1, "author_fullname": "t2_3zvpx", "approved_by": null, "all_awardings": [], "subreddit_id": "t5_2ssp3", "body": "I have been trying to work on this - thank you for asking the question! - but it's a broad topic. Are you looking for information about a particular country, or in a particular area of life? I can broadly say \"it's gotten much better\" but that doesn't apply everywhere, and I can say \"there's better communication with the internet so people know more about us\" but that doesn't tell you about job discrimination. Your question is broad enough to be an entire book, I wonder if you can narrow it down per rule 3, \"Ask Clear and Specific Questions, with Time and Place in Mind.\"", "edited": false, "author_flair_css_class": null, "is_submitter": false, "downs": 0, "author_flair_richtext": [{"e": "text", "t": "Deaf History"}], "author_patreon_flair": false, "collapsed_reason": null, "body_html": "&lt;div class=\"md\"&gt;&lt;p&gt;I have been trying to work on this - thank you for asking the question! - but it&amp;#39;s a broad topic. Are you looking for information about a particular country, or in a particular area of life? I can broadly say &amp;quot;it&amp;#39;s gotten much better&amp;quot; but that doesn&amp;#39;t apply everywhere, and I can say &amp;quot;there&amp;#39;s better communication with the internet so people know more about us&amp;quot; but that doesn&amp;#39;t tell you about job discrimination. Your question is broad enough to be an entire book, I wonder if you can narrow it down per rule 3, &amp;quot;Ask Clear and Specific Questions, with Time and Place in Mind.&amp;quot;&lt;/p&gt;\n&lt;/div&gt;", "stickied": false, "subreddit_type": "public", "can_gild": true, "gildings": {}, "author_flair_text_color": "dark", "score_hidden": false, "permalink": "/r/AskHistorians/comments/bwrafo/how_has_the_public_perception_of_deafness_and/eq9q5ia/", "num_reports": null, "locked": false, "name": "t1_eq9q5ia", "created": 1559943802.0, "subreddit": "AskHistorians", "author_flair_text": "Deaf History", "collapsed": false, "created_utc": 1559915002.0, "subreddit_name_prefixed": "r/AskHistorians", "controversiality": 0, "depth": 0, "author_flair_background_color": "#f5f5f5", "mod_reports": [], "mod_note": null, "distinguished": null}}], "after": null, "before": null}}]