[{"kind": "Listing", "data": {"modhash": "", "dist": 1, "children": [{"kind": "t3", "data": {"approved_at_utc": null, "subreddit": "AskHistorians", "selftext": "Several weeks back, I read an article that called the quote in question \"absurd.\" The argument was the oldest profession is hunting, as we have no evidence of hunter-gatherers ever engaging in prostitution, but we have plenty of evidence of them hunting.\n\nI've spent a few minutes googling and unfortunately can't find the article again. But I'm not sure I agree with the article's reasoning.  Does hunting so you don't starve really count as a profession? I feel like a civilization needs to exist for a profession in the modern sense of the word to exist, which would rule out taking hunter-gatherers into consideration. \n\nWhat is the view on this from a historical standpoint, though?", "user_reports": [], "saved": false, "mod_reason_title": null, "gilded": 0, "clicked": false, "title": "How true is the quote \"Prostitution is the world's oldest profession\"? Is there any evidence supporting it?", "link_flair_richtext": [], "subreddit_name_prefixed": "r/AskHistorians", "hidden": false, "pwls": 6, "link_flair_css_class": null, "downs": 0, "parent_whitelist_status": "all_ads", "hide_score": false, "name": "t3_68xj4i", "quarantine": false, "link_flair_text_color": "dark", "upvote_ratio": 0.74, "author_flair_background_color": null, "subreddit_type": "public", "ups": 15, "domain": "self.AskHistorians", "media_embed": {}, "author_flair_template_id": null, "is_original_content": false, "secure_media": null, "is_reddit_media_domain": false, "category": null, "secure_media_embed": {}, "link_flair_text": null, "can_mod_post": false, "score": 15, "approved_by": null, "thumbnail": "", "edited": false, "author_flair_css_class": null, "author_flair_richtext": [], "content_categories": null, "is_self": true, "mod_note": null, "created": 1493805824.0, "link_flair_type": "text", "wls": 6, "post_categories": null, "banned_by": null, "author_flair_type": "text", "contest_mode": false, "selftext_html": "&lt;!-- SC_OFF --&gt;&lt;div class=\"md\"&gt;&lt;p&gt;Several weeks back, I read an article that called the quote in question &amp;quot;absurd.&amp;quot; The argument was the oldest profession is hunting, as we have no evidence of hunter-gatherers ever engaging in prostitution, but we have plenty of evidence of them hunting.&lt;/p&gt;\n\n&lt;p&gt;I&amp;#39;ve spent a few minutes googling and unfortunately can&amp;#39;t find the article again. But I&amp;#39;m not sure I agree with the article&amp;#39;s reasoning.  Does hunting so you don&amp;#39;t starve really count as a profession? I feel like a civilization needs to exist for a profession in the modern sense of the word to exist, which would rule out taking hunter-gatherers into consideration. &lt;/p&gt;\n\n&lt;p&gt;What is the view on this from a historical standpoint, though?&lt;/p&gt;\n&lt;/div&gt;&lt;!-- SC_ON --&gt;", "likes": null, "suggested_sort": null, "banned_at_utc": null, "view_count": null, "archived": true, "no_follow": false, "is_crosspostable": false, "pinned": false, "over_18": false, "media_only": false, "can_gild": false, "spoiler": false, "locked": false, "author_flair_text": null, "rte_mode": "markdown", "visited": false, "num_reports": null, "distinguished": null, "subreddit_id": "t5_2ssp3", "mod_reason_by": null, "removal_reason": null, "id": "68xj4i", "report_reasons": null, "author": "temalyen", "num_crossposts": 0, "num_comments": 3, "send_replies": true, "mod_reports": [], "author_flair_text_color": null, "permalink": "/r/AskHistorians/comments/68xj4i/how_true_is_the_quote_prostitution_is_the_worlds/", "whitelist_status": "all_ads", "stickied": false, "url": "https://www.reddit.com/r/AskHistorians/comments/68xj4i/how_true_is_the_quote_prostitution_is_the_worlds/", "subreddit_subscribers": 770966, "created_utc": 1493777024.0, "media": null, "is_video": false}}], "after": null, "before": null}}, {"kind": "Listing", "data": {"modhash": "", "dist": null, "children": [{"kind": "t1", "data": {"subreddit_id": "t5_2ssp3", "approved_at_utc": null, "ups": 5, "mod_reason_by": null, "banned_by": null, "author_flair_type": "text", "removal_reason": null, "link_id": "t3_68xj4i", "author_flair_template_id": null, "likes": null, "no_follow": false, "replies": "", "user_reports": [], "saved": false, "id": "dh2bdlh", "banned_at_utc": null, "mod_reason_title": null, "gilded": 0, "archived": true, "report_reasons": null, "author": "bananalouise", "can_mod_post": false, "send_replies": true, "parent_id": "t3_68xj4i", "score": 5, "approved_by": null, "downs": 0, "body": "Follow-up: If it's not a fact, where did the quote originate?", "edited": false, "author_flair_css_class": null, "collapsed": false, "author_flair_richtext": [], "is_submitter": false, "collapsed_reason": null, "body_html": "&lt;div class=\"md\"&gt;&lt;p&gt;Follow-up: If it&amp;#39;s not a fact, where did the quote originate?&lt;/p&gt;\n&lt;/div&gt;", "stickied": false, "subreddit_type": "public", "can_gild": true, "subreddit": "AskHistorians", "author_flair_text_color": null, "score_hidden": false, "permalink": "/r/AskHistorians/comments/68xj4i/how_true_is_the_quote_prostitution_is_the_worlds/dh2bdlh/", "num_reports": null, "name": "t1_dh2bdlh", "created": 1493817738.0, "author_flair_text": null, "rte_mode": "markdown", "created_utc": 1493788938.0, "subreddit_name_prefixed": "r/AskHistorians", "controversiality": 0, "depth": 0, "author_flair_background_color": null, "mod_reports": [], "mod_note": null, "distinguished": null}}, {"kind": "t1", "data": {"subreddit_id": "t5_2ssp3", "approved_at_utc": null, "ups": 3, "mod_reason_by": null, "banned_by": null, "author_flair_type": "richtext", "removal_reason": null, "link_id": "t3_68xj4i", "author_flair_template_id": null, "likes": null, "no_follow": true, "replies": "", "user_reports": [], "saved": false, "id": "dh47tnq", "banned_at_utc": null, "mod_reason_title": null, "gilded": 0, "archived": true, "report_reasons": null, "author": "deVerence", "can_mod_post": false, "send_replies": true, "parent_id": "t3_68xj4i", "score": 3, "approved_by": null, "downs": 0, "body": "I wrote a short answer to a somewhat similar question [here](https://www.reddit.com/r/AskHistorians/comments/67b319/when_did_legitimate_experts_in_any_subject_begin/), so I'll just copy-paste and elaborate on it.\n\nTo answer your question you'd have to define \"profession\". The term is open to interpretation, but thinking of it in terms of a task being performed by a \"professional\" - an individual performing a task (often, but not necessarily requiring training) by which he/she comes into possession of some means of exchange which can be traded for other necessities - may be a good place to start. Thus someone doing a specialised job which takes up so much time (either to train for or perform the task in question) as to exclude subsistence on an individual level might be termed as having a profession.\n\nWhat would be the prerequisites for society to allow for such specialisation? I'm not certain what you mean by saying that \"civilization needs to exist\". Is the existence of agriculture (i.e. post-hunter-gathering) a prerequisite for civilisation? It's a commonly held view that hunter-gathering or subsistence societies were locked in some form of constant struggle for survival, with people living in unimproved caves or crudely constructed shelters while living from day to day. There is plenty of archaeological evidence accruing to show that this view is largely a fallacy, and that elaborate societal structures and economic surpluses (allowing for investment in different fields of life - task specialisation, improving standards of living etc) predates the introduction of agriculture.  \n\nIn short, hunting may indeed be a profession, but only under certain conditions. In most pre-agricultural societies hunting would probably not have been a full time job - at least not for the vast majority of people - as these would have spread their working hours over a range of different activities centered around subsistence. There may have been dedicated (and thus \"professional\") hunters, but if so they were in all likelihood the exception rather than the rule.\n\nSeveral suggestions for what task might be termed the title of \"oldest profession\" have been advanced, but I'm not aware of any good evidence suggesting prostitution should be it. Instead, a good contender for the first task specialised enough to warrant using the term \"professional\" is that of flint knapping. This is taking us far enough back in time to be technically outside the scope of academic history (which is largely concerned with the study of written sources), but here goes.\nFlints and other hard, flakeable minerals became the preferred materials for making tools across most of the populated world during the paleolithic (\"early/older stone age\"). The earliest known crafted stone tools are hand axes found in Kenya and dating back over 3 000 000 years, with more elaborate - and famous - examples coming out of Olduvai gorge in modern day Tanzania, dating back approximately 2 000 000 years.\nThese early examples are very simple tools, but over the millennia they become more and more elaborate. In Eurasia the most advanced examples of crafted flints turn up in the neolithic (\"younger stone age\" - approx. 10000BCE-2000BCE). These are such complex creations that it has been estimated by modern experimental archaeologists that building up the knowledge and skill to make them would have been more or less a full time profession. The neolithic (or possibly even mesolithic - \"middle stone age\") flint knapper would thus seem to qualify as the first professional expert which we know must have existed.\n\n* Pearson, Mike Parker; Stonehenge; Simon &amp; Schuster, 2012\n* Pryor, Francis; Britain BC; Harper Press, 2004\n* Pryor, Francis; Home; Penguin, 2014\n", "edited": 1493899197.0, "author_flair_css_class": "other", "collapsed": false, "author_flair_richtext": [{"e": "text", "t": "Western Econ. History | Scandinavian Econ. and Diplomacy 1900-20"}], "is_submitter": false, "collapsed_reason": null, "body_html": "&lt;div class=\"md\"&gt;&lt;p&gt;I wrote a short answer to a somewhat similar question &lt;a href=\"https://www.reddit.com/r/AskHistorians/comments/67b319/when_did_legitimate_experts_in_any_subject_begin/\"&gt;here&lt;/a&gt;, so I&amp;#39;ll just copy-paste and elaborate on it.&lt;/p&gt;\n\n&lt;p&gt;To answer your question you&amp;#39;d have to define &amp;quot;profession&amp;quot;. The term is open to interpretation, but thinking of it in terms of a task being performed by a &amp;quot;professional&amp;quot; - an individual performing a task (often, but not necessarily requiring training) by which he/she comes into possession of some means of exchange which can be traded for other necessities - may be a good place to start. Thus someone doing a specialised job which takes up so much time (either to train for or perform the task in question) as to exclude subsistence on an individual level might be termed as having a profession.&lt;/p&gt;\n\n&lt;p&gt;What would be the prerequisites for society to allow for such specialisation? I&amp;#39;m not certain what you mean by saying that &amp;quot;civilization needs to exist&amp;quot;. Is the existence of agriculture (i.e. post-hunter-gathering) a prerequisite for civilisation? It&amp;#39;s a commonly held view that hunter-gathering or subsistence societies were locked in some form of constant struggle for survival, with people living in unimproved caves or crudely constructed shelters while living from day to day. There is plenty of archaeological evidence accruing to show that this view is largely a fallacy, and that elaborate societal structures and economic surpluses (allowing for investment in different fields of life - task specialisation, improving standards of living etc) predates the introduction of agriculture.  &lt;/p&gt;\n\n&lt;p&gt;In short, hunting may indeed be a profession, but only under certain conditions. In most pre-agricultural societies hunting would probably not have been a full time job - at least not for the vast majority of people - as these would have spread their working hours over a range of different activities centered around subsistence. There may have been dedicated (and thus &amp;quot;professional&amp;quot;) hunters, but if so they were in all likelihood the exception rather than the rule.&lt;/p&gt;\n\n&lt;p&gt;Several suggestions for what task might be termed the title of &amp;quot;oldest profession&amp;quot; have been advanced, but I&amp;#39;m not aware of any good evidence suggesting prostitution should be it. Instead, a good contender for the first task specialised enough to warrant using the term &amp;quot;professional&amp;quot; is that of flint knapping. This is taking us far enough back in time to be technically outside the scope of academic history (which is largely concerned with the study of written sources), but here goes.\nFlints and other hard, flakeable minerals became the preferred materials for making tools across most of the populated world during the paleolithic (&amp;quot;early/older stone age&amp;quot;). The earliest known crafted stone tools are hand axes found in Kenya and dating back over 3 000 000 years, with more elaborate - and famous - examples coming out of Olduvai gorge in modern day Tanzania, dating back approximately 2 000 000 years.\nThese early examples are very simple tools, but over the millennia they become more and more elaborate. In Eurasia the most advanced examples of crafted flints turn up in the neolithic (&amp;quot;younger stone age&amp;quot; - approx. 10000BCE-2000BCE). These are such complex creations that it has been estimated by modern experimental archaeologists that building up the knowledge and skill to make them would have been more or less a full time profession. The neolithic (or possibly even mesolithic - &amp;quot;middle stone age&amp;quot;) flint knapper would thus seem to qualify as the first professional expert which we know must have existed.&lt;/p&gt;\n\n&lt;ul&gt;\n&lt;li&gt;Pearson, Mike Parker; Stonehenge; Simon &amp;amp; Schuster, 2012&lt;/li&gt;\n&lt;li&gt;Pryor, Francis; Britain BC; Harper Press, 2004&lt;/li&gt;\n&lt;li&gt;Pryor, Francis; Home; Penguin, 2014&lt;/li&gt;\n&lt;/ul&gt;\n&lt;/div&gt;", "stickied": false, "subreddit_type": "public", "can_gild": true, "subreddit": "AskHistorians", "author_flair_text_color": null, "score_hidden": false, "permalink": "/r/AskHistorians/comments/68xj4i/how_true_is_the_quote_prostitution_is_the_worlds/dh47tnq/", "num_reports": null, "name": "t1_dh47tnq", "created": 1493927477.0, "author_flair_text": "Western Econ. History | Scandinavian Econ. and Diplomacy 1900-20", "rte_mode": "markdown", "created_utc": 1493898677.0, "subreddit_name_prefixed": "r/AskHistorians", "controversiality": 0, "depth": 0, "author_flair_background_color": null, "mod_reports": [], "mod_note": null, "distinguished": null}}], "after": null, "before": null}}]