[{"kind": "Listing", "data": {"modhash": "", "dist": 1, "children": [{"kind": "t3", "data": {"approved_at_utc": null, "subreddit": "AskHistorians", "selftext": "We are all becoming more aware of mental health issues therefore I am wondering if these condititions existed in the past perhaps just undiagnosed. Or is modern life promoting more of these issues?", "user_reports": [], "saved": false, "mod_reason_title": null, "gilded": 0, "clicked": false, "title": "Is there any evidence in ancient history of mental health issues such as depression or anxiety?", "link_flair_richtext": [], "subreddit_name_prefixed": "r/AskHistorians", "hidden": false, "pwls": 6, "link_flair_css_class": null, "downs": 0, "parent_whitelist_status": "all_ads", "hide_score": false, "name": "t3_68yuws", "quarantine": false, "link_flair_text_color": "dark", "upvote_ratio": 0.6, "author_flair_background_color": null, "subreddit_type": "public", "ups": 2, "domain": "self.AskHistorians", "media_embed": {}, "author_flair_template_id": null, "is_original_content": false, "secure_media": null, "is_reddit_media_domain": false, "category": null, "secure_media_embed": {}, "link_flair_text": null, "can_mod_post": false, "score": 2, "approved_by": null, "thumbnail": "", "edited": false, "author_flair_css_class": null, "author_flair_richtext": [], "content_categories": null, "is_self": true, "mod_note": null, "created": 1493824389.0, "link_flair_type": "text", "wls": 6, "post_categories": null, "banned_by": null, "author_flair_type": "text", "contest_mode": false, "selftext_html": "&lt;!-- SC_OFF --&gt;&lt;div class=\"md\"&gt;&lt;p&gt;We are all becoming more aware of mental health issues therefore I am wondering if these condititions existed in the past perhaps just undiagnosed. Or is modern life promoting more of these issues?&lt;/p&gt;\n&lt;/div&gt;&lt;!-- SC_ON --&gt;", "likes": null, "suggested_sort": null, "banned_at_utc": null, "view_count": null, "archived": true, "no_follow": true, "is_crosspostable": false, "pinned": false, "over_18": false, "media_only": false, "can_gild": false, "spoiler": false, "locked": false, "author_flair_text": null, "rte_mode": "markdown", "visited": false, "num_reports": null, "distinguished": null, "subreddit_id": "t5_2ssp3", "mod_reason_by": null, "removal_reason": null, "id": "68yuws", "report_reasons": null, "author": "ZumeZume", "num_crossposts": 0, "num_comments": 2, "send_replies": true, "mod_reports": [], "author_flair_text_color": null, "permalink": "/r/AskHistorians/comments/68yuws/is_there_any_evidence_in_ancient_history_of/", "whitelist_status": "all_ads", "stickied": false, "url": "https://www.reddit.com/r/AskHistorians/comments/68yuws/is_there_any_evidence_in_ancient_history_of/", "subreddit_subscribers": 770966, "created_utc": 1493795589.0, "media": null, "is_video": false}}], "after": null, "before": null}}, {"kind": "Listing", "data": {"modhash": "", "dist": null, "children": [{"kind": "t1", "data": {"subreddit_id": "t5_2ssp3", "approved_at_utc": null, "ups": 2, "mod_reason_by": null, "banned_by": null, "author_flair_type": "richtext", "removal_reason": null, "link_id": "t3_68yuws", "author_flair_template_id": null, "likes": null, "no_follow": true, "replies": {"kind": "Listing", "data": {"modhash": "", "dist": null, "children": [{"kind": "t1", "data": {"subreddit_id": "t5_2ssp3", "approved_at_utc": null, "ups": 1, "mod_reason_by": null, "banned_by": null, "author_flair_type": "text", "removal_reason": null, "link_id": "t3_68yuws", "author_flair_template_id": null, "likes": null, "no_follow": true, "replies": "", "user_reports": [], "saved": false, "id": "dh2g2b2", "banned_at_utc": null, "mod_reason_title": null, "gilded": 0, "archived": true, "report_reasons": null, "author": "ZumeZume", "can_mod_post": false, "send_replies": true, "parent_id": "t1_dh2eg1u", "score": 1, "approved_by": null, "downs": 0, "body": "Probably should have searched the subreddit first! Thanks mate.", "edited": false, "author_flair_css_class": null, "collapsed": false, "author_flair_richtext": [], "is_submitter": true, "collapsed_reason": null, "body_html": "&lt;div class=\"md\"&gt;&lt;p&gt;Probably should have searched the subreddit first! Thanks mate.&lt;/p&gt;\n&lt;/div&gt;", "stickied": false, "subreddit_type": "public", "can_gild": true, "subreddit": "AskHistorians", "author_flair_text_color": null, "score_hidden": false, "permalink": "/r/AskHistorians/comments/68yuws/is_there_any_evidence_in_ancient_history_of/dh2g2b2/", "num_reports": null, "name": "t1_dh2g2b2", "created": 1493829676.0, "author_flair_text": null, "rte_mode": "markdown", "created_utc": 1493800876.0, "subreddit_name_prefixed": "r/AskHistorians", "controversiality": 0, "depth": 1, "author_flair_background_color": null, "mod_reports": [], "mod_note": null, "distinguished": null}}], "after": null, "before": null}}, "user_reports": [], "saved": false, "id": "dh2eg1u", "banned_at_utc": null, "mod_reason_title": null, "gilded": 0, "archived": true, "report_reasons": null, "author": "hillsonghoods", "can_mod_post": false, "send_replies": true, "parent_id": "t3_68yuws", "score": 2, "approved_by": null, "downs": 0, "body": "Not to discourage other responses, but [my answer to a similar question 4 months ago here](https://www.reddit.com/r/AskHistorians/comments/5hjgl2/was_depression_and_mental_illness_as_prominent_as/db0rzsx/) should  at least provide some background knowledge about what we can and can't know about mental illness in ancient history.", "edited": false, "author_flair_css_class": "moderator", "collapsed": false, "author_flair_richtext": [{"e": "text", "t": "Moderator | 20th Century Pop Music | History of Psychology"}], "is_submitter": false, "collapsed_reason": null, "body_html": "&lt;div class=\"md\"&gt;&lt;p&gt;Not to discourage other responses, but &lt;a href=\"https://www.reddit.com/r/AskHistorians/comments/5hjgl2/was_depression_and_mental_illness_as_prominent_as/db0rzsx/\"&gt;my answer to a similar question 4 months ago here&lt;/a&gt; should  at least provide some background knowledge about what we can and can&amp;#39;t know about mental illness in ancient history.&lt;/p&gt;\n&lt;/div&gt;", "stickied": false, "subreddit_type": "public", "can_gild": true, "subreddit": "AskHistorians", "author_flair_text_color": null, "score_hidden": false, "permalink": "/r/AskHistorians/comments/68yuws/is_there_any_evidence_in_ancient_history_of/dh2eg1u/", "num_reports": null, "name": "t1_dh2eg1u", "created": 1493824846.0, "author_flair_text": "Moderator | 20th Century Pop Music | History of Psychology", "rte_mode": "markdown", "created_utc": 1493796046.0, "subreddit_name_prefixed": "r/AskHistorians", "controversiality": 0, "depth": 0, "author_flair_background_color": null, "mod_reports": [], "mod_note": null, "distinguished": null}}], "after": null, "before": null}}]