[{"kind": "Listing", "data": {"modhash": "", "dist": 1, "children": [{"kind": "t3", "data": {"approved_at_utc": null, "subreddit": "AskHistorians", "selftext": "[deleted]", "user_reports": [], "saved": false, "mod_reason_title": null, "gilded": 0, "clicked": false, "title": "To what extent could WWII be considered as a continuation of WWI?", "link_flair_richtext": [], "subreddit_name_prefixed": "r/AskHistorians", "hidden": false, "pwls": 6, "link_flair_css_class": null, "downs": 0, "parent_whitelist_status": "all_ads", "hide_score": false, "name": "t3_68zm6p", "quarantine": false, "link_flair_text_color": "dark", "upvote_ratio": 0.71, "author_flair_background_color": "", "subreddit_type": "public", "ups": 8, "domain": "self.AskHistorians", "media_embed": {}, "author_flair_template_id": null, "is_original_content": false, "secure_media": null, "is_reddit_media_domain": false, "category": null, "secure_media_embed": {}, "link_flair_text": null, "can_mod_post": false, "score": 8, "approved_by": null, "thumbnail": "", "edited": false, "author_flair_css_class": null, "content_categories": null, "is_self": true, "mod_note": null, "created": 1493837806.0, "link_flair_type": "text", "wls": 6, "post_categories": null, "banned_by": null, "contest_mode": false, "selftext_html": "&lt;!-- SC_OFF --&gt;&lt;div class=\"md\"&gt;&lt;p&gt;[deleted]&lt;/p&gt;\n&lt;/div&gt;&lt;!-- SC_ON --&gt;", "likes": null, "suggested_sort": null, "banned_at_utc": null, "view_count": null, "archived": true, "no_follow": false, "is_crosspostable": false, "pinned": false, "over_18": false, "media": null, "media_only": false, "can_gild": false, "spoiler": false, "locked": false, "author_flair_text": null, "rte_mode": "markdown", "visited": false, "num_reports": null, "distinguished": null, "subreddit_id": "t5_2ssp3", "mod_reason_by": null, "removal_reason": null, "id": "68zm6p", "report_reasons": null, "author": "[deleted]", "num_crossposts": 0, "num_comments": 2, "send_replies": true, "author_flair_text_color": "dark", "permalink": "/r/AskHistorians/comments/68zm6p/to_what_extent_could_wwii_be_considered_as_a/", "whitelist_status": "all_ads", "stickied": false, "url": "https://www.reddit.com/r/AskHistorians/comments/68zm6p/to_what_extent_could_wwii_be_considered_as_a/", "subreddit_subscribers": 770966, "created_utc": 1493809006.0, "mod_reports": [], "is_video": false}}], "after": null, "before": null}}, {"kind": "Listing", "data": {"modhash": "", "dist": null, "children": [{"kind": "t1", "data": {"subreddit_id": "t5_2ssp3", "approved_at_utc": null, "ups": 4, "mod_reason_by": null, "banned_by": null, "author_flair_type": "richtext", "removal_reason": null, "link_id": "t3_68zm6p", "author_flair_template_id": null, "likes": null, "no_follow": false, "replies": "", "user_reports": [], "saved": false, "id": "dh2ivk8", "banned_at_utc": null, "mod_reason_title": null, "gilded": 0, "archived": true, "report_reasons": null, "author": "Elm11", "can_mod_post": false, "send_replies": true, "parent_id": "t3_68zm6p", "score": 4, "approved_by": null, "downs": 0, "body": "Heya! Is this a homework question? If so, we just want to remind you and any potential respondents, that [our rules](http://www.reddit.com/r/AskHistorians/wiki/rules#wiki_homework) DO permit people to ask for help with their homework, so long as they are seeking clarification or resources, rather than the answer itself. This policy is looked at in depth in this [META Thread](http://www.reddit.com/r/AskHistorians/comments/35pkem/askhistorians_homework_question_policy_rehash/).\n\nAdditionally, while our users may be able to give you a hand here, you may also like to check out our six-part series, \"[Finding and Understanding Sources](https://www.reddit.com/r/AskHistorians/wiki/theory#wiki_monday_methods.3A_finding_and_understanding_sources)\", which should hopefully be handy as you continue your work.", "edited": false, "author_flair_css_class": "moderator", "collapsed": false, "author_flair_richtext": [{"e": "text", "t": "Moderator | Quality Contributor"}], "is_submitter": false, "collapsed_reason": null, "body_html": "&lt;div class=\"md\"&gt;&lt;p&gt;Heya! Is this a homework question? If so, we just want to remind you and any potential respondents, that &lt;a href=\"http://www.reddit.com/r/AskHistorians/wiki/rules#wiki_homework\"&gt;our rules&lt;/a&gt; DO permit people to ask for help with their homework, so long as they are seeking clarification or resources, rather than the answer itself. This policy is looked at in depth in this &lt;a href=\"http://www.reddit.com/r/AskHistorians/comments/35pkem/askhistorians_homework_question_policy_rehash/\"&gt;META Thread&lt;/a&gt;.&lt;/p&gt;\n\n&lt;p&gt;Additionally, while our users may be able to give you a hand here, you may also like to check out our six-part series, &amp;quot;&lt;a href=\"https://www.reddit.com/r/AskHistorians/wiki/theory#wiki_monday_methods.3A_finding_and_understanding_sources\"&gt;Finding and Understanding Sources&lt;/a&gt;&amp;quot;, which should hopefully be handy as you continue your work.&lt;/p&gt;\n&lt;/div&gt;", "stickied": false, "subreddit_type": "public", "can_gild": true, "subreddit": "AskHistorians", "author_flair_text_color": null, "score_hidden": false, "permalink": "/r/AskHistorians/comments/68zm6p/to_what_extent_could_wwii_be_considered_as_a/dh2ivk8/", "num_reports": null, "name": "t1_dh2ivk8", "created": 1493837969.0, "author_flair_text": "Moderator | Quality Contributor", "rte_mode": "markdown", "created_utc": 1493809169.0, "subreddit_name_prefixed": "r/AskHistorians", "controversiality": 0, "depth": 0, "author_flair_background_color": null, "mod_reports": [], "mod_note": null, "distinguished": "moderator"}}, {"kind": "t1", "data": {"subreddit_id": "t5_2ssp3", "approved_at_utc": null, "ups": 4, "mod_reason_by": null, "banned_by": null, "author_flair_type": "richtext", "removal_reason": null, "link_id": "t3_68zm6p", "author_flair_template_id": null, "likes": null, "no_follow": false, "replies": "", "user_reports": [], "saved": false, "id": "dh2mdbx", "banned_at_utc": null, "mod_reason_title": null, "gilded": 0, "archived": true, "report_reasons": null, "author": "mikedash", "can_mod_post": false, "send_replies": true, "parent_id": "t3_68zm6p", "score": 4, "approved_by": null, "downs": 0, "body": "This question has been asked and answered four or five times in the last few months ... not to discourage further discussion, but you could check out these threads while you're waiting for a response here:\n\n\n\u2022 [How is the concept of \"Second Thirty Years War\" (1914-1945) view by most historians?](https://www.reddit.com/r/AskHistorians/comments/1ez3ar/how_is_the_concept_of_second_thirty_years_war/)\n\n\u2022 [Do any historians actually consider World War I and World War II as one big, long war?](https://www.reddit.com/r/AskHistorians/comments/vqk6p/do_any_historians_actually_consider_world_war_i/)\n\n\u2022 [Can WW1 and WW2 be seen as one single, huge war, with a 20 year ceasefire?](https://www.reddit.com/r/AskHistorians/comments/220fby/can_ww1_and_ww2_be_seen_as_one_single_huge_war/)\n\n\u2022 [Could it be reasonably argued that WWII was just a resumption of WWI?](https://www.reddit.com/r/AskHistorians/comments/3p3s2z/could_it_be_reasonably_argued_that_wwii_was_just/)\n\n\u2022 [Can WWII and WWI be considered two phases of the same war fought years apart?](https://www.reddit.com/r/AskHistorians/comments/1kacpg/can_wwii_and_wwi_be_considered_two_phases_of_the/)", "edited": false, "author_flair_css_class": "qualitycontributor", "collapsed": false, "author_flair_richtext": [{"e": "text", "t": "Top Quality Contributor"}], "is_submitter": false, "collapsed_reason": null, "body_html": "&lt;div class=\"md\"&gt;&lt;p&gt;This question has been asked and answered four or five times in the last few months ... not to discourage further discussion, but you could check out these threads while you&amp;#39;re waiting for a response here:&lt;/p&gt;\n\n&lt;p&gt;\u2022 &lt;a href=\"https://www.reddit.com/r/AskHistorians/comments/1ez3ar/how_is_the_concept_of_second_thirty_years_war/\"&gt;How is the concept of &amp;quot;Second Thirty Years War&amp;quot; (1914-1945) view by most historians?&lt;/a&gt;&lt;/p&gt;\n\n&lt;p&gt;\u2022 &lt;a href=\"https://www.reddit.com/r/AskHistorians/comments/vqk6p/do_any_historians_actually_consider_world_war_i/\"&gt;Do any historians actually consider World War I and World War II as one big, long war?&lt;/a&gt;&lt;/p&gt;\n\n&lt;p&gt;\u2022 &lt;a href=\"https://www.reddit.com/r/AskHistorians/comments/220fby/can_ww1_and_ww2_be_seen_as_one_single_huge_war/\"&gt;Can WW1 and WW2 be seen as one single, huge war, with a 20 year ceasefire?&lt;/a&gt;&lt;/p&gt;\n\n&lt;p&gt;\u2022 &lt;a href=\"https://www.reddit.com/r/AskHistorians/comments/3p3s2z/could_it_be_reasonably_argued_that_wwii_was_just/\"&gt;Could it be reasonably argued that WWII was just a resumption of WWI?&lt;/a&gt;&lt;/p&gt;\n\n&lt;p&gt;\u2022 &lt;a href=\"https://www.reddit.com/r/AskHistorians/comments/1kacpg/can_wwii_and_wwi_be_considered_two_phases_of_the/\"&gt;Can WWII and WWI be considered two phases of the same war fought years apart?&lt;/a&gt;&lt;/p&gt;\n&lt;/div&gt;", "stickied": false, "subreddit_type": "public", "can_gild": true, "subreddit": "AskHistorians", "author_flair_text_color": null, "score_hidden": false, "permalink": "/r/AskHistorians/comments/68zm6p/to_what_extent_could_wwii_be_considered_as_a/dh2mdbx/", "num_reports": null, "name": "t1_dh2mdbx", "created": 1493844807.0, "author_flair_text": "Top Quality Contributor", "rte_mode": "markdown", "created_utc": 1493816007.0, "subreddit_name_prefixed": "r/AskHistorians", "controversiality": 0, "depth": 0, "author_flair_background_color": null, "mod_reports": [], "mod_note": null, "distinguished": null}}], "after": null, "before": null}}]