[{"kind": "Listing", "data": {"modhash": "", "dist": 1, "children": [{"kind": "t3", "data": {"approved_at_utc": null, "subreddit": "AskHistorians", "selftext": "If we try to understand the Allied view of the world in, say, 1941, it is by no means certain that Franco will stay out of the war. Spain entering the war would have significantly altered Allied war plans and resource allocation.\n\nSo: did Allied planners fear Spain's entry into the war, or 1) was Spanish military involvement considered unlikely 2) was Spain considered strategically irrelevant and no plans were made to divert substantial military power there?\n\nThanks for reading.", "user_reports": [], "saved": false, "mod_reason_title": null, "gilded": 0, "clicked": false, "title": "Were Allied planners worried about a potential Spanish campaign in 1940-44?", "link_flair_richtext": [], "subreddit_name_prefixed": "r/AskHistorians", "hidden": false, "pwls": 6, "link_flair_css_class": null, "downs": 0, "parent_whitelist_status": "all_ads", "hide_score": false, "name": "t3_68zuti", "quarantine": false, "link_flair_text_color": "dark", "upvote_ratio": 0.97, "author_flair_background_color": null, "subreddit_type": "public", "ups": 204, "domain": "self.AskHistorians", "media_embed": {}, "author_flair_template_id": null, "is_original_content": false, "secure_media": null, "is_reddit_media_domain": false, "category": null, "secure_media_embed": {}, "link_flair_text": null, "can_mod_post": false, "score": 204, "approved_by": null, "thumbnail": "", "edited": false, "author_flair_css_class": null, "author_flair_richtext": [], "content_categories": null, "is_self": true, "mod_note": null, "created": 1493841227.0, "link_flair_type": "text", "wls": 6, "post_categories": null, "banned_by": null, "author_flair_type": "text", "contest_mode": false, "selftext_html": "&lt;!-- SC_OFF --&gt;&lt;div class=\"md\"&gt;&lt;p&gt;If we try to understand the Allied view of the world in, say, 1941, it is by no means certain that Franco will stay out of the war. Spain entering the war would have significantly altered Allied war plans and resource allocation.&lt;/p&gt;\n\n&lt;p&gt;So: did Allied planners fear Spain&amp;#39;s entry into the war, or 1) was Spanish military involvement considered unlikely 2) was Spain considered strategically irrelevant and no plans were made to divert substantial military power there?&lt;/p&gt;\n\n&lt;p&gt;Thanks for reading.&lt;/p&gt;\n&lt;/div&gt;&lt;!-- SC_ON --&gt;", "likes": null, "suggested_sort": null, "banned_at_utc": null, "view_count": null, "archived": true, "no_follow": false, "is_crosspostable": false, "pinned": false, "over_18": false, "media_only": false, "can_gild": false, "spoiler": false, "locked": false, "author_flair_text": null, "rte_mode": "markdown", "visited": false, "num_reports": null, "distinguished": null, "subreddit_id": "t5_2ssp3", "mod_reason_by": null, "removal_reason": null, "id": "68zuti", "report_reasons": null, "author": "iguanicus-rex", "num_crossposts": 0, "num_comments": 8, "send_replies": true, "mod_reports": [], "author_flair_text_color": null, "permalink": "/r/AskHistorians/comments/68zuti/were_allied_planners_worried_about_a_potential/", "whitelist_status": "all_ads", "stickied": false, "url": "https://www.reddit.com/r/AskHistorians/comments/68zuti/were_allied_planners_worried_about_a_potential/", "subreddit_subscribers": 770966, "created_utc": 1493812427.0, "media": null, "is_video": false}}], "after": null, "before": null}}, {"kind": "Listing", "data": {"modhash": "", "dist": null, "children": [{"kind": "t1", "data": {"subreddit_id": "t5_2ssp3", "approved_at_utc": null, "ups": 46, "mod_reason_by": null, "banned_by": null, "author_flair_type": "text", "removal_reason": null, "link_id": "t3_68zuti", "author_flair_template_id": null, "likes": null, "no_follow": false, "replies": {"kind": "Listing", "data": {"modhash": "", "dist": null, "children": [{"kind": "t1", "data": {"subreddit_id": "t5_2ssp3", "approved_at_utc": null, "ups": 23, "mod_reason_by": null, "banned_by": null, "author_flair_type": "richtext", "removal_reason": null, "link_id": "t3_68zuti", "author_flair_template_id": "7b2f3f40-c626-11e2-9a3e-12313d1841d1", "likes": null, "no_follow": false, "replies": {"kind": "Listing", "data": {"modhash": "", "dist": null, "children": [{"kind": "t1", "data": {"subreddit_id": "t5_2ssp3", "approved_at_utc": null, "ups": 5, "mod_reason_by": null, "banned_by": null, "author_flair_type": "text", "removal_reason": null, "link_id": "t3_68zuti", "author_flair_template_id": null, "likes": null, "no_follow": false, "replies": {"kind": "Listing", "data": {"modhash": "", "dist": null, "children": [{"kind": "t1", "data": {"subreddit_id": "t5_2ssp3", "approved_at_utc": null, "ups": 1, "mod_reason_by": null, "banned_by": null, "author_flair_type": "text", "removal_reason": null, "link_id": "t3_68zuti", "author_flair_template_id": null, "likes": null, "no_follow": true, "replies": "", "user_reports": [], "saved": false, "id": "dh7ptxt", "banned_at_utc": null, "mod_reason_title": null, "gilded": 0, "archived": true, "report_reasons": null, "author": "turdscrambler", "can_mod_post": false, "send_replies": true, "parent_id": "t1_dh42yae", "score": 1, "approved_by": null, "downs": 0, "body": "[previous post in which several of the mods give their opinions on Ambrose] (https://www.reddit.com/r/AskHistorians/comments/3kytaf/stephen_e_ambrosehow_bad_was_he_at_history/)  \n\nSeems like much of the criticism in centered around Band of Brothers, and accepting facts as presented to him from his sources, without much research of his own.", "edited": false, "author_flair_css_class": null, "collapsed": false, "author_flair_richtext": [], "is_submitter": false, "collapsed_reason": null, "body_html": "&lt;div class=\"md\"&gt;&lt;p&gt;&lt;a href=\"https://www.reddit.com/r/AskHistorians/comments/3kytaf/stephen_e_ambrosehow_bad_was_he_at_history/\"&gt;previous post in which several of the mods give their opinions on Ambrose&lt;/a&gt;  &lt;/p&gt;\n\n&lt;p&gt;Seems like much of the criticism in centered around Band of Brothers, and accepting facts as presented to him from his sources, without much research of his own.&lt;/p&gt;\n&lt;/div&gt;", "stickied": false, "subreddit_type": "public", "can_gild": true, "subreddit": "AskHistorians", "author_flair_text_color": null, "score_hidden": false, "permalink": "/r/AskHistorians/comments/68zuti/were_allied_planners_worried_about_a_potential/dh7ptxt/", "num_reports": null, "name": "t1_dh7ptxt", "created": 1494123339.0, "author_flair_text": null, "rte_mode": "markdown", "created_utc": 1494094539.0, "subreddit_name_prefixed": "r/AskHistorians", "controversiality": 0, "depth": 3, "author_flair_background_color": null, "mod_reports": [], "mod_note": null, "distinguished": null}}], "after": null, "before": null}}, "user_reports": [], "saved": false, "id": "dh42yae", "banned_at_utc": null, "mod_reason_title": null, "gilded": 0, "archived": true, "report_reasons": null, "author": "ARealSlimBrady", "can_mod_post": false, "send_replies": true, "parent_id": "t1_dh31e37", "score": 5, "approved_by": null, "downs": 0, "body": "I'm away from my library right now, so I'm not sure which sources would specifically answer your question. You might have luck with The Politics of Torch, by Arthur Funk, but that text is slightly dated. \n\nAlso, I was not aware of those critiques of Ambrose...I'll have to delve into that. He's clearly biased towards Ike, but the facts and motives presented are fairly objectively.\n\nWhen I get back I'll see if I can find a more primary source on Alan Brooke, OPD, and the other planning officials. There's a book on the CCS that might help but i can't remember the name or author right now. \n\n", "edited": false, "author_flair_css_class": null, "collapsed": false, "author_flair_richtext": [], "is_submitter": false, "collapsed_reason": null, "body_html": "&lt;div class=\"md\"&gt;&lt;p&gt;I&amp;#39;m away from my library right now, so I&amp;#39;m not sure which sources would specifically answer your question. You might have luck with The Politics of Torch, by Arthur Funk, but that text is slightly dated. &lt;/p&gt;\n\n&lt;p&gt;Also, I was not aware of those critiques of Ambrose...I&amp;#39;ll have to delve into that. He&amp;#39;s clearly biased towards Ike, but the facts and motives presented are fairly objectively.&lt;/p&gt;\n\n&lt;p&gt;When I get back I&amp;#39;ll see if I can find a more primary source on Alan Brooke, OPD, and the other planning officials. There&amp;#39;s a book on the CCS that might help but i can&amp;#39;t remember the name or author right now. &lt;/p&gt;\n&lt;/div&gt;", "stickied": false, "subreddit_type": "public", "can_gild": true, "subreddit": "AskHistorians", "author_flair_text_color": null, "score_hidden": false, "permalink": "/r/AskHistorians/comments/68zuti/were_allied_planners_worried_about_a_potential/dh42yae/", "num_reports": null, "name": "t1_dh42yae", "created": 1493913624.0, "author_flair_text": null, "rte_mode": "markdown", "created_utc": 1493884824.0, "subreddit_name_prefixed": "r/AskHistorians", "controversiality": 0, "depth": 2, "author_flair_background_color": null, "mod_reports": [], "mod_note": null, "distinguished": null}}, {"kind": "t1", "data": {"subreddit_id": "t5_2ssp3", "approved_at_utc": null, "ups": 1, "mod_reason_by": null, "banned_by": null, "author_flair_type": "text", "removal_reason": null, "link_id": "t3_68zuti", "author_flair_template_id": null, "likes": null, "no_follow": true, "replies": "", "user_reports": [], "saved": false, "id": "dh4jlkn", "banned_at_utc": null, "mod_reason_title": null, "gilded": 0, "archived": true, "report_reasons": null, "author": "ocska", "can_mod_post": false, "send_replies": true, "parent_id": "t1_dh31e37", "score": 1, "approved_by": null, "downs": 0, "body": "Alan Porch's The Path to Victory: The Mediterranean Theater in World War II might be a good source for this question. He really delves into the big strategic questions of the whole region. ", "edited": false, "author_flair_css_class": null, "collapsed": false, "author_flair_richtext": [], "is_submitter": false, "collapsed_reason": null, "body_html": "&lt;div class=\"md\"&gt;&lt;p&gt;Alan Porch&amp;#39;s The Path to Victory: The Mediterranean Theater in World War II might be a good source for this question. He really delves into the big strategic questions of the whole region. &lt;/p&gt;\n&lt;/div&gt;", "stickied": false, "subreddit_type": "public", "can_gild": true, "subreddit": "AskHistorians", "author_flair_text_color": null, "score_hidden": false, "permalink": "/r/AskHistorians/comments/68zuti/were_allied_planners_worried_about_a_potential/dh4jlkn/", "num_reports": null, "name": "t1_dh4jlkn", "created": 1493942903.0, "author_flair_text": null, "rte_mode": "markdown", "created_utc": 1493914103.0, "subreddit_name_prefixed": "r/AskHistorians", "controversiality": 0, "depth": 2, "author_flair_background_color": null, "mod_reports": [], "mod_note": null, "distinguished": null}}], "after": null, "before": null}}, "user_reports": [], "saved": false, "id": "dh31e37", "banned_at_utc": null, "mod_reason_title": null, "gilded": 0, "archived": true, "report_reasons": null, "author": "commiespaceinvader", "can_mod_post": false, "send_replies": true, "parent_id": "t1_dh2w0dp", "score": 23, "approved_by": null, "downs": 0, "body": "Hi there!\n\nDo you have any additional sources that are not Amrbose or Marching Orders? In both cases, these books haven't been really received well in academic circles, Ambrose for some general problems and Marching Orders for being \"poorly contrived and verbose\" as one review stated it.", "edited": false, "author_flair_css_class": "europe", "collapsed": false, "author_flair_richtext": [{"e": "text", "t": "Moderator | Holocaust | Nazi Germany | Wehrmacht War Crimes"}], "is_submitter": false, "collapsed_reason": null, "body_html": "&lt;div class=\"md\"&gt;&lt;p&gt;Hi there!&lt;/p&gt;\n\n&lt;p&gt;Do you have any additional sources that are not Amrbose or Marching Orders? In both cases, these books haven&amp;#39;t been really received well in academic circles, Ambrose for some general problems and Marching Orders for being &amp;quot;poorly contrived and verbose&amp;quot; as one review stated it.&lt;/p&gt;\n&lt;/div&gt;", "stickied": false, "subreddit_type": "public", "can_gild": true, "subreddit": "AskHistorians", "author_flair_text_color": "light", "score_hidden": false, "permalink": "/r/AskHistorians/comments/68zuti/were_allied_planners_worried_about_a_potential/dh31e37/", "num_reports": null, "name": "t1_dh31e37", "created": 1493862245.0, "author_flair_text": "Moderator | Holocaust | Nazi Germany | Wehrmacht War Crimes", "rte_mode": "markdown", "created_utc": 1493833445.0, "subreddit_name_prefixed": "r/AskHistorians", "controversiality": 0, "depth": 1, "author_flair_background_color": "#003399", "mod_reports": [], "mod_note": null, "distinguished": null}}], "after": null, "before": null}}, "user_reports": [], "saved": false, "id": "dh2w0dp", "banned_at_utc": null, "mod_reason_title": null, "gilded": 0, "archived": true, "report_reasons": null, "author": "ARealSlimBrady", "can_mod_post": false, "send_replies": true, "parent_id": "t3_68zuti", "score": 46, "approved_by": null, "downs": 0, "body": "My knowledge on this is pretty narrow, but can hopefully offer some insight. \n\nAllied planning for the European Theater of Operations was intense, contested, and highly dramatic. I cannot speak for the British and American attitudes toward Franco prior to December 1941...but I can go into the considerations and pulling motives that took place under Eisenhower's leadership in the War Plans Division, Operations Division, and ultimately as Commander of the European Theater. \n\nEarly in 1942, American leadership, with grudging support from the Brits and vocal (if infrequently heard) encouragement from Stalin, made plans to invade France late that year. Due to shortages of manpower, equipment, and shipping, as well as British hesitation, this Overlord-esque plan (Operation Roundup) was ultimately scrapped. \n\nHowever, due to public pressure to engage in military action before the year's end (some historians speculate on whether or how much the '42 US elections exasterbated FDR's urgent push for action), Roosevelt, Marshall, and Eisenhower were committed to engaging *somewhere.* They preferred North Africa, (though Eisenhower still strongly favored Roundup and thought North Africa a distraction) while the British were desperately trying to shore up their military and political holdings in the middle-east, Egypt, and Greece. \n\nThe Allies compromised to come up with Operation Torch...which is where they had to factor in Franco in both their primary and contingency plans. Eisenhower insisted that the force for Torch needed to land in multiple locations, and take Casablanca, Algiers, Oron, and Sfax quickly. He surmised that this would be the best way to keep the Spanish and local Vichy troops out of the open fighting. \n\n(There were also other considerations, front and center being the invading allies' relationship with Vichy French forces in North Africa. Eisenhower and the Combined Chiefs of Staff had similar objectives towards the French and Spanish: keep them neutral, so the Anglo-American forces could engage German troops 1v1.) \n\nThe Operation was delayed by months, and ate up significant shipping and landing craft. This was largely to ensure that 3 landings could take place...giving the Allies the highest chance of success. The CCS estimated that a partial failure in Operation Torch could threaten Franco enough where he'd be worried about an Allied invasion while in a position to preempt it. At some point along the way, broad plans were made to invade Spain through Gibraltar, opening another route to mainland France. These were never seriously considered or deeply fleshed out however. \n\nTL;DR Even with their stellar intelligence, The British and Americans both overestimated Franco's willingness to actively join the conflict. This led them to plan Operation Torch more cautiously, as well as Operations Anvil and Dragoon later on. \n\n(Sources: Stephen E. Ambrose's *Supreme Commander* \nBruce Lee's *Marching Orders*) ", "edited": 1493828040.0, "author_flair_css_class": null, "collapsed": false, "author_flair_richtext": [], "is_submitter": false, "collapsed_reason": null, "body_html": "&lt;div class=\"md\"&gt;&lt;p&gt;My knowledge on this is pretty narrow, but can hopefully offer some insight. &lt;/p&gt;\n\n&lt;p&gt;Allied planning for the European Theater of Operations was intense, contested, and highly dramatic. I cannot speak for the British and American attitudes toward Franco prior to December 1941...but I can go into the considerations and pulling motives that took place under Eisenhower&amp;#39;s leadership in the War Plans Division, Operations Division, and ultimately as Commander of the European Theater. &lt;/p&gt;\n\n&lt;p&gt;Early in 1942, American leadership, with grudging support from the Brits and vocal (if infrequently heard) encouragement from Stalin, made plans to invade France late that year. Due to shortages of manpower, equipment, and shipping, as well as British hesitation, this Overlord-esque plan (Operation Roundup) was ultimately scrapped. &lt;/p&gt;\n\n&lt;p&gt;However, due to public pressure to engage in military action before the year&amp;#39;s end (some historians speculate on whether or how much the &amp;#39;42 US elections exasterbated FDR&amp;#39;s urgent push for action), Roosevelt, Marshall, and Eisenhower were committed to engaging &lt;em&gt;somewhere.&lt;/em&gt; They preferred North Africa, (though Eisenhower still strongly favored Roundup and thought North Africa a distraction) while the British were desperately trying to shore up their military and political holdings in the middle-east, Egypt, and Greece. &lt;/p&gt;\n\n&lt;p&gt;The Allies compromised to come up with Operation Torch...which is where they had to factor in Franco in both their primary and contingency plans. Eisenhower insisted that the force for Torch needed to land in multiple locations, and take Casablanca, Algiers, Oron, and Sfax quickly. He surmised that this would be the best way to keep the Spanish and local Vichy troops out of the open fighting. &lt;/p&gt;\n\n&lt;p&gt;(There were also other considerations, front and center being the invading allies&amp;#39; relationship with Vichy French forces in North Africa. Eisenhower and the Combined Chiefs of Staff had similar objectives towards the French and Spanish: keep them neutral, so the Anglo-American forces could engage German troops 1v1.) &lt;/p&gt;\n\n&lt;p&gt;The Operation was delayed by months, and ate up significant shipping and landing craft. This was largely to ensure that 3 landings could take place...giving the Allies the highest chance of success. The CCS estimated that a partial failure in Operation Torch could threaten Franco enough where he&amp;#39;d be worried about an Allied invasion while in a position to preempt it. At some point along the way, broad plans were made to invade Spain through Gibraltar, opening another route to mainland France. These were never seriously considered or deeply fleshed out however. &lt;/p&gt;\n\n&lt;p&gt;TL;DR Even with their stellar intelligence, The British and Americans both overestimated Franco&amp;#39;s willingness to actively join the conflict. This led them to plan Operation Torch more cautiously, as well as Operations Anvil and Dragoon later on. &lt;/p&gt;\n\n&lt;p&gt;(Sources: Stephen E. Ambrose&amp;#39;s &lt;em&gt;Supreme Commander&lt;/em&gt; \nBruce Lee&amp;#39;s &lt;em&gt;Marching Orders&lt;/em&gt;) &lt;/p&gt;\n&lt;/div&gt;", "stickied": false, "subreddit_type": "public", "can_gild": true, "subreddit": "AskHistorians", "author_flair_text_color": null, "score_hidden": false, "permalink": "/r/AskHistorians/comments/68zuti/were_allied_planners_worried_about_a_potential/dh2w0dp/", "num_reports": null, "name": "t1_dh2w0dp", "created": 1493856544.0, "author_flair_text": null, "rte_mode": "markdown", "created_utc": 1493827744.0, "subreddit_name_prefixed": "r/AskHistorians", "controversiality": 0, "depth": 0, "author_flair_background_color": null, "mod_reports": [], "mod_note": null, "distinguished": null}}, {"kind": "t1", "data": {"subreddit_id": "t5_2ssp3", "approved_at_utc": null, "ups": 4, "mod_reason_by": null, "banned_by": null, "author_flair_type": "richtext", "removal_reason": null, "link_id": "t3_68zuti", "author_flair_template_id": "9e641f94-c626-11e2-8e2c-12313b0b21ae", "likes": null, "no_follow": false, "replies": "", "user_reports": [], "saved": false, "id": "dh3kjg3", "banned_at_utc": null, "mod_reason_title": null, "gilded": 0, "archived": true, "report_reasons": null, "author": "Georgy_K_Zhukov", "can_mod_post": false, "send_replies": true, "parent_id": "t3_68zuti", "score": 4, "approved_by": null, "downs": 0, "body": "You will likely find the [FAQ section on neutral Spain](https://www.reddit.com/r/AskHistorians/wiki/faq/militaryhistory/wwii/minor#wiki_spain) to be of use. I'd especially recommend /u/kieslowskifan's response.", "edited": false, "author_flair_css_class": "moderator", "collapsed": false, "author_flair_richtext": [{"e": "text", "t": "Moderator | Post-Napoleonic Warfare &amp; Small Arms | Dueling"}], "is_submitter": false, "collapsed_reason": null, "body_html": "&lt;div class=\"md\"&gt;&lt;p&gt;You will likely find the &lt;a href=\"https://www.reddit.com/r/AskHistorians/wiki/faq/militaryhistory/wwii/minor#wiki_spain\"&gt;FAQ section on neutral Spain&lt;/a&gt; to be of use. I&amp;#39;d especially recommend &lt;a href=\"/u/kieslowskifan\"&gt;/u/kieslowskifan&lt;/a&gt;&amp;#39;s response.&lt;/p&gt;\n&lt;/div&gt;", "stickied": false, "subreddit_type": "public", "can_gild": true, "subreddit": "AskHistorians", "author_flair_text_color": "light", "score_hidden": false, "permalink": "/r/AskHistorians/comments/68zuti/were_allied_planners_worried_about_a_potential/dh3kjg3/", "num_reports": null, "name": "t1_dh3kjg3", "created": 1493883768.0, "author_flair_text": "Moderator | Post-Napoleonic Warfare &amp; Small Arms | Dueling", "rte_mode": "markdown", "created_utc": 1493854968.0, "subreddit_name_prefixed": "r/AskHistorians", "controversiality": 0, "depth": 0, "author_flair_background_color": "#8b008b", "mod_reports": [], "mod_note": null, "distinguished": null}}], "after": null, "before": null}}]