[{"kind": "Listing", "data": {"modhash": "", "dist": 1, "children": [{"kind": "t3", "data": {"approved_at_utc": null, "subreddit": "AskHistorians", "selftext": "", "user_reports": [], "saved": false, "mod_reason_title": null, "gilded": 0, "clicked": false, "title": "When did non-clergy begin delivering eulogies? Would it be expected for a member of the laity to give a eulogy at a funeral in the Middle Ages?", "link_flair_richtext": [], "subreddit_name_prefixed": "r/AskHistorians", "hidden": false, "pwls": 6, "link_flair_css_class": null, "downs": 0, "parent_whitelist_status": "all_ads", "hide_score": false, "name": "t3_5rty1w", "quarantine": false, "link_flair_text_color": "dark", "upvote_ratio": 0.88, "author_flair_background_color": "", "subreddit_type": "public", "ups": 6, "domain": "self.AskHistorians", "media_embed": {}, "author_flair_template_id": null, "is_original_content": false, "secure_media": null, "is_reddit_media_domain": false, "category": null, "secure_media_embed": {}, "link_flair_text": null, "can_mod_post": false, "score": 6, "approved_by": null, "thumbnail": "", "edited": false, "author_flair_css_class": null, "content_categories": null, "is_self": true, "mod_note": null, "created": 1486157724.0, "link_flair_type": "text", "wls": 6, "post_categories": null, "banned_by": null, "contest_mode": false, "selftext_html": null, "likes": null, "suggested_sort": null, "banned_at_utc": null, "view_count": null, "archived": true, "no_follow": false, "is_crosspostable": false, "pinned": false, "over_18": false, "media": null, "media_only": false, "can_gild": false, "spoiler": false, "locked": false, "author_flair_text": null, "rte_mode": "markdown", "visited": false, "num_reports": null, "distinguished": null, "subreddit_id": "t5_2ssp3", "mod_reason_by": null, "removal_reason": null, "id": "5rty1w", "report_reasons": null, "author": "[deleted]", "num_crossposts": 0, "num_comments": 0, "send_replies": true, "author_flair_text_color": "dark", "permalink": "/r/AskHistorians/comments/5rty1w/when_did_nonclergy_begin_delivering_eulogies/", "whitelist_status": "all_ads", "stickied": false, "url": "https://www.reddit.com/r/AskHistorians/comments/5rty1w/when_did_nonclergy_begin_delivering_eulogies/", "subreddit_subscribers": 770823, "created_utc": 1486128924.0, "mod_reports": [], "is_video": false}}], "after": null, "before": null}}, {"kind": "Listing", "data": {"modhash": "", "dist": null, "children": [], "after": null, "before": null}}]