[{"kind": "Listing", "data": {"modhash": "", "dist": 1, "children": [{"kind": "t3", "data": {"approved_at_utc": null, "subreddit": "AskHistorians", "selftext": "Are there any sources regarding extra-legal actions taken by Nazi party members and supporters against others before Hitler and the party became supremely powerful? I'm interested in acts taken that would not have been legally mandated: boycotts of non-party businesses, disruption of non-party political rallies, general social ostracism, etc.  My google-fu is weak. ", "user_reports": [], "saved": false, "mod_reason_title": null, "gilded": 0, "clicked": false, "title": "Nazis prior to political ascendancy and social actions", "link_flair_richtext": [], "subreddit_name_prefixed": "r/AskHistorians", "hidden": false, "pwls": 6, "link_flair_css_class": null, "downs": 0, "parent_whitelist_status": "all_ads", "hide_score": false, "name": "t3_5rv7zp", "quarantine": false, "link_flair_text_color": "dark", "upvote_ratio": 1.0, "author_flair_background_color": null, "subreddit_type": "public", "ups": 3, "domain": "self.AskHistorians", "media_embed": {}, "author_flair_template_id": null, "is_original_content": false, "secure_media": null, "is_reddit_media_domain": false, "category": null, "secure_media_embed": {}, "link_flair_text": null, "can_mod_post": false, "score": 3, "approved_by": null, "thumbnail": "", "edited": false, "author_flair_css_class": null, "author_flair_richtext": [], "content_categories": null, "is_self": true, "mod_note": null, "created": 1486171490.0, "link_flair_type": "text", "wls": 6, "post_categories": null, "banned_by": null, "author_flair_type": "text", "contest_mode": false, "selftext_html": "&lt;!-- SC_OFF --&gt;&lt;div class=\"md\"&gt;&lt;p&gt;Are there any sources regarding extra-legal actions taken by Nazi party members and supporters against others before Hitler and the party became supremely powerful? I&amp;#39;m interested in acts taken that would not have been legally mandated: boycotts of non-party businesses, disruption of non-party political rallies, general social ostracism, etc.  My google-fu is weak. &lt;/p&gt;\n&lt;/div&gt;&lt;!-- SC_ON --&gt;", "likes": null, "suggested_sort": null, "banned_at_utc": null, "view_count": null, "archived": true, "no_follow": true, "is_crosspostable": false, "pinned": false, "over_18": false, "media_only": false, "can_gild": false, "spoiler": false, "locked": false, "author_flair_text": null, "rte_mode": "markdown", "visited": false, "num_reports": null, "distinguished": null, "subreddit_id": "t5_2ssp3", "mod_reason_by": null, "removal_reason": null, "id": "5rv7zp", "report_reasons": null, "author": "Deplorable6", "num_crossposts": 0, "num_comments": 0, "send_replies": true, "mod_reports": [], "author_flair_text_color": null, "permalink": "/r/AskHistorians/comments/5rv7zp/nazis_prior_to_political_ascendancy_and_social/", "whitelist_status": "all_ads", "stickied": false, "url": "https://www.reddit.com/r/AskHistorians/comments/5rv7zp/nazis_prior_to_political_ascendancy_and_social/", "subreddit_subscribers": 770823, "created_utc": 1486142690.0, "media": null, "is_video": false}}], "after": null, "before": null}}, {"kind": "Listing", "data": {"modhash": "", "dist": null, "children": [], "after": null, "before": null}}]