[{"kind": "Listing", "data": {"modhash": "", "dist": 1, "children": [{"kind": "t3", "data": {"approved_at_utc": null, "subreddit": "AskHistorians", "selftext": "This might be a bit controversial. What I mean is that the general public might be confused and think that because in theory the Japanese Internment Camps might sound to the uneducated similar in facility to Concentration Camps then they could be anyway equated which is false. I mean Internment Camps were regrettable but their conditions and deployment were nothing like the Concentration Camps and whatever the American Japanese went through during World War Two it pales compared to what the Jews endured. \n\nI mean while the Internment Camps were a blunt instrument, there were real fears concerning a Fifth Column and the Pearl Harbour attack was a success because some of those who helped oversee it had experience within American. Furthermore, the Japanese Imperial Army were planning all sorts of terrorist activity (whether it be Operation Cherry Blossoms at Night (biological warfare) or Fire Balloons which would have been  made more effective by knowledge of America (and American Weather, fortunately thought it didn't).\n\nNow obviously any serious academic would never compare Internment Camps with Concentration Camps but I am a bit worried that one day in the popular mindset the two might be equated. The Internment Camps were brutal but they were grounded on some reality, the Concentration Camps of the Nazi's were just formed through racialist fantasy.\n\nI think with the Atom Bomb people might forget that Japan did some pretty horrendous stuff during the Second World War and while your average Japanese individual in America was not responsible for this as your average American was not responsible for the Atom Bomb, the United States did have a real and tangible fear. \n\nDo you think that Concentration Camps and the Japanese Internment Camps might ever be falsely equated in the popular mindset?", "user_reports": [], "saved": false, "mod_reason_title": null, "gilded": 0, "clicked": false, "title": "Have perceptions of Japanese Internment Camps been affected by Concentration Camps?", "link_flair_richtext": [], "subreddit_name_prefixed": "r/AskHistorians", "hidden": false, "pwls": 6, "link_flair_css_class": null, "downs": 0, "parent_whitelist_status": "all_ads", "hide_score": false, "name": "t3_5rwb8v", "quarantine": false, "link_flair_text_color": "dark", "upvote_ratio": 1.0, "author_flair_background_color": null, "subreddit_type": "public", "ups": 4, "domain": "self.AskHistorians", "media_embed": {}, "author_flair_template_id": null, "is_original_content": false, "secure_media": null, "is_reddit_media_domain": false, "category": null, "secure_media_embed": {}, "link_flair_text": null, "can_mod_post": false, "score": 4, "approved_by": null, "thumbnail": "", "edited": false, "author_flair_css_class": null, "author_flair_richtext": [], "content_categories": null, "is_self": true, "mod_note": null, "created": 1486182212.0, "link_flair_type": "text", "wls": 6, "post_categories": null, "banned_by": null, "author_flair_type": "text", "contest_mode": false, "selftext_html": "&lt;!-- SC_OFF --&gt;&lt;div class=\"md\"&gt;&lt;p&gt;This might be a bit controversial. What I mean is that the general public might be confused and think that because in theory the Japanese Internment Camps might sound to the uneducated similar in facility to Concentration Camps then they could be anyway equated which is false. I mean Internment Camps were regrettable but their conditions and deployment were nothing like the Concentration Camps and whatever the American Japanese went through during World War Two it pales compared to what the Jews endured. &lt;/p&gt;\n\n&lt;p&gt;I mean while the Internment Camps were a blunt instrument, there were real fears concerning a Fifth Column and the Pearl Harbour attack was a success because some of those who helped oversee it had experience within American. Furthermore, the Japanese Imperial Army were planning all sorts of terrorist activity (whether it be Operation Cherry Blossoms at Night (biological warfare) or Fire Balloons which would have been  made more effective by knowledge of America (and American Weather, fortunately thought it didn&amp;#39;t).&lt;/p&gt;\n\n&lt;p&gt;Now obviously any serious academic would never compare Internment Camps with Concentration Camps but I am a bit worried that one day in the popular mindset the two might be equated. The Internment Camps were brutal but they were grounded on some reality, the Concentration Camps of the Nazi&amp;#39;s were just formed through racialist fantasy.&lt;/p&gt;\n\n&lt;p&gt;I think with the Atom Bomb people might forget that Japan did some pretty horrendous stuff during the Second World War and while your average Japanese individual in America was not responsible for this as your average American was not responsible for the Atom Bomb, the United States did have a real and tangible fear. &lt;/p&gt;\n\n&lt;p&gt;Do you think that Concentration Camps and the Japanese Internment Camps might ever be falsely equated in the popular mindset?&lt;/p&gt;\n&lt;/div&gt;&lt;!-- SC_ON --&gt;", "likes": null, "suggested_sort": null, "banned_at_utc": null, "view_count": null, "archived": true, "no_follow": true, "is_crosspostable": false, "pinned": false, "over_18": false, "media_only": false, "can_gild": false, "spoiler": false, "locked": false, "author_flair_text": null, "rte_mode": "markdown", "visited": false, "num_reports": null, "distinguished": null, "subreddit_id": "t5_2ssp3", "mod_reason_by": null, "removal_reason": null, "id": "5rwb8v", "report_reasons": null, "author": "RelentlessValour", "num_crossposts": 0, "num_comments": 2, "send_replies": true, "mod_reports": [], "author_flair_text_color": null, "permalink": "/r/AskHistorians/comments/5rwb8v/have_perceptions_of_japanese_internment_camps/", "whitelist_status": "all_ads", "stickied": false, "url": "https://www.reddit.com/r/AskHistorians/comments/5rwb8v/have_perceptions_of_japanese_internment_camps/", "subreddit_subscribers": 770822, "created_utc": 1486153412.0, "media": null, "is_video": false}}], "after": null, "before": null}}, {"kind": "Listing", "data": {"modhash": "", "dist": null, "children": [{"kind": "t1", "data": {"subreddit_id": "t5_2ssp3", "approved_at_utc": null, "ups": 0, "mod_reason_by": null, "banned_by": null, "removal_reason": null, "link_id": "t3_5rwb8v", "author_flair_template_id": null, "likes": null, "no_follow": true, "replies": {"kind": "Listing", "data": {"modhash": "", "dist": null, "children": [{"kind": "t1", "data": {"subreddit_id": "t5_2ssp3", "approved_at_utc": null, "ups": 2, "mod_reason_by": null, "banned_by": null, "author_flair_type": "richtext", "removal_reason": null, "link_id": "t3_5rwb8v", "author_flair_template_id": null, "likes": null, "no_follow": true, "replies": "", "user_reports": [], "saved": false, "id": "ddb15yk", "banned_at_utc": null, "mod_reason_title": null, "gilded": 0, "archived": true, "report_reasons": null, "author": "chocolatepot", "can_mod_post": false, "send_replies": true, "parent_id": "t1_ddb14ve", "score": 2, "approved_by": null, "downs": 0, "body": "We ask that answers in this subreddit be in-depth and comprehensive, and highly suggest that comments include citations for the information. In the future, please take the time to better familiarize yourself with [the rules](http://www.reddit.com/r/AskHistorians/wiki/rules#wiki_write_an_in-depth_answer), and take these key points into account before crafting an answer:\n\n* [Do I have the expertise needed to answer this question?](https://www.reddit.com/r/AskHistorians/comments/1jsabs/what_it_means_to_post_a_good_answer_in/)\n* [Have I done research on this question?](https://www.reddit.com/r/AskHistorians/comments/4kngwh/rules_roundtable_no_11_no_speculation/)\n* [Can I cite my sources?](https://www.reddit.com/r/AskHistorians/comments/3wn71y/rules_roundtable_1_explaining_the_rules_about/)\n* Can I answer follow-up questions?\n\nThank you!", "edited": false, "author_flair_css_class": "moderator", "collapsed": false, "author_flair_richtext": [{"e": "text", "t": "Moderator | History of Western Fashion"}], "is_submitter": false, "collapsed_reason": null, "body_html": "&lt;div class=\"md\"&gt;&lt;p&gt;We ask that answers in this subreddit be in-depth and comprehensive, and highly suggest that comments include citations for the information. In the future, please take the time to better familiarize yourself with &lt;a href=\"http://www.reddit.com/r/AskHistorians/wiki/rules#wiki_write_an_in-depth_answer\"&gt;the rules&lt;/a&gt;, and take these key points into account before crafting an answer:&lt;/p&gt;\n\n&lt;ul&gt;\n&lt;li&gt;&lt;a href=\"https://www.reddit.com/r/AskHistorians/comments/1jsabs/what_it_means_to_post_a_good_answer_in/\"&gt;Do I have the expertise needed to answer this question?&lt;/a&gt;&lt;/li&gt;\n&lt;li&gt;&lt;a href=\"https://www.reddit.com/r/AskHistorians/comments/4kngwh/rules_roundtable_no_11_no_speculation/\"&gt;Have I done research on this question?&lt;/a&gt;&lt;/li&gt;\n&lt;li&gt;&lt;a href=\"https://www.reddit.com/r/AskHistorians/comments/3wn71y/rules_roundtable_1_explaining_the_rules_about/\"&gt;Can I cite my sources?&lt;/a&gt;&lt;/li&gt;\n&lt;li&gt;Can I answer follow-up questions?&lt;/li&gt;\n&lt;/ul&gt;\n\n&lt;p&gt;Thank you!&lt;/p&gt;\n&lt;/div&gt;", "stickied": false, "subreddit_type": "public", "can_gild": true, "subreddit": "AskHistorians", "author_flair_text_color": null, "score_hidden": false, "permalink": "/r/AskHistorians/comments/5rwb8v/have_perceptions_of_japanese_internment_camps/ddb15yk/", "num_reports": null, "name": "t1_ddb15yk", "created": 1486201358.0, "author_flair_text": "Moderator | History of Western Fashion", "rte_mode": "markdown", "created_utc": 1486172558.0, "subreddit_name_prefixed": "r/AskHistorians", "controversiality": 0, "depth": 1, "author_flair_background_color": null, "mod_reports": [], "mod_note": null, "distinguished": "moderator"}}], "after": null, "before": null}}, "user_reports": [], "saved": false, "id": "ddb14ve", "banned_at_utc": null, "mod_reason_title": null, "gilded": 0, "archived": true, "report_reasons": null, "author": "[deleted]", "can_mod_post": false, "send_replies": true, "parent_id": "t3_5rwb8v", "score": 0, "approved_by": null, "downs": 0, "body": "[removed]", "edited": false, "author_flair_css_class": null, "collapsed": false, "is_submitter": false, "collapsed_reason": null, "body_html": "&lt;div class=\"md\"&gt;&lt;p&gt;[removed]&lt;/p&gt;\n&lt;/div&gt;", "stickied": false, "subreddit_type": "public", "can_gild": true, "subreddit": "AskHistorians", "author_flair_text_color": "dark", "score_hidden": false, "permalink": "/r/AskHistorians/comments/5rwb8v/have_perceptions_of_japanese_internment_camps/ddb14ve/", "num_reports": null, "name": "t1_ddb14ve", "created": 1486201314.0, "author_flair_text": null, "rte_mode": "markdown", "created_utc": 1486172514.0, "subreddit_name_prefixed": "r/AskHistorians", "controversiality": 0, "depth": 0, "author_flair_background_color": "", "mod_reports": [], "mod_note": null, "distinguished": null}}], "after": null, "before": null}}]