[{"kind": "Listing", "data": {"modhash": "", "dist": 1, "children": [{"kind": "t3", "data": {"approved_at_utc": null, "subreddit": "AskHistorians", "selftext": "Millions of American youth saw other contenients for the first time, held leadership roles, and endured inconceivable hardship. Upon their return to the US, how did these individual experiences in aggregate affect society as a whole? \n\nFor example, I imagine there was an increase in citizens who had traveled outside the US after WWII. I imagine this was pronounced in rural areas. How did seeing Europe or the Pacific affect farmer Joe, and how did this change rural society?\n\nOr say a 22-year old returns from war having lead a platoon in the Ardennes, and had to kill men, and endure unbelievable cold and hardship. Now when he returns home, how does his approach to life differ from his 22-year old non-war counterfactual? What is the effect of this multiplied across a generation? Are they harder workers? More liberal? Do they take more risks?\n\nSorry, I hope this isn't too disjointed. Feel free to answer any and all of the question. But I've always wondered how the war affected individuals and in turn society, compared to the counterfactual.", "user_reports": [], "saved": false, "mod_reason_title": null, "gilded": 0, "clicked": false, "title": "When troops returned home from WWII, what were the macro-psychological effects on the fabric of society?", "link_flair_richtext": [], "subreddit_name_prefixed": "r/AskHistorians", "hidden": false, "pwls": 6, "link_flair_css_class": null, "downs": 0, "parent_whitelist_status": "all_ads", "hide_score": false, "name": "t3_5rwom3", "quarantine": false, "link_flair_text_color": "dark", "upvote_ratio": 1.0, "author_flair_background_color": null, "subreddit_type": "public", "ups": 1, "domain": "self.AskHistorians", "media_embed": {}, "author_flair_template_id": null, "is_original_content": false, "secure_media": null, "is_reddit_media_domain": false, "category": null, "secure_media_embed": {}, "link_flair_text": null, "can_mod_post": false, "score": 1, "approved_by": null, "thumbnail": "", "edited": false, "author_flair_css_class": null, "author_flair_richtext": [], "content_categories": null, "is_self": true, "mod_note": null, "created": 1486186025.0, "link_flair_type": "text", "wls": 6, "post_categories": null, "banned_by": null, "author_flair_type": "text", "contest_mode": false, "selftext_html": "&lt;!-- SC_OFF --&gt;&lt;div class=\"md\"&gt;&lt;p&gt;Millions of American youth saw other contenients for the first time, held leadership roles, and endured inconceivable hardship. Upon their return to the US, how did these individual experiences in aggregate affect society as a whole? &lt;/p&gt;\n\n&lt;p&gt;For example, I imagine there was an increase in citizens who had traveled outside the US after WWII. I imagine this was pronounced in rural areas. How did seeing Europe or the Pacific affect farmer Joe, and how did this change rural society?&lt;/p&gt;\n\n&lt;p&gt;Or say a 22-year old returns from war having lead a platoon in the Ardennes, and had to kill men, and endure unbelievable cold and hardship. Now when he returns home, how does his approach to life differ from his 22-year old non-war counterfactual? What is the effect of this multiplied across a generation? Are they harder workers? More liberal? Do they take more risks?&lt;/p&gt;\n\n&lt;p&gt;Sorry, I hope this isn&amp;#39;t too disjointed. Feel free to answer any and all of the question. But I&amp;#39;ve always wondered how the war affected individuals and in turn society, compared to the counterfactual.&lt;/p&gt;\n&lt;/div&gt;&lt;!-- SC_ON --&gt;", "likes": null, "suggested_sort": null, "banned_at_utc": null, "view_count": null, "archived": true, "no_follow": true, "is_crosspostable": false, "pinned": false, "over_18": false, "media_only": false, "can_gild": false, "spoiler": false, "locked": false, "author_flair_text": null, "rte_mode": "markdown", "visited": false, "num_reports": null, "distinguished": null, "subreddit_id": "t5_2ssp3", "mod_reason_by": null, "removal_reason": null, "id": "5rwom3", "report_reasons": null, "author": "Butthole_Alamo", "num_crossposts": 0, "num_comments": 1, "send_replies": true, "mod_reports": [], "author_flair_text_color": null, "permalink": "/r/AskHistorians/comments/5rwom3/when_troops_returned_home_from_wwii_what_were_the/", "whitelist_status": "all_ads", "stickied": false, "url": "https://www.reddit.com/r/AskHistorians/comments/5rwom3/when_troops_returned_home_from_wwii_what_were_the/", "subreddit_subscribers": 770822, "created_utc": 1486157225.0, "media": null, "is_video": false}}], "after": null, "before": null}}, {"kind": "Listing", "data": {"modhash": "", "dist": null, "children": [], "after": null, "before": null}}]