[{"kind": "Listing", "data": {"modhash": "", "dist": 1, "children": [{"kind": "t3", "data": {"approved_at_utc": null, "subreddit": "AskHistorians", "selftext": "In history you hear of the great devastation that diseases such as smallpox did to isolated continents such as the Americas, but you never hear about Japan having such issues even after long periods of isolation.", "user_reports": [], "saved": false, "mod_reason_title": null, "gilded": 0, "clicked": false, "title": "During the 16th century why didn't foreign traders from Europe, and even the US later on in the 1850's, not bring deadly diseases to the isolated Japan?", "link_flair_richtext": [], "subreddit_name_prefixed": "r/AskHistorians", "hidden": false, "pwls": 6, "link_flair_css_class": null, "downs": 0, "parent_whitelist_status": "all_ads", "hide_score": false, "name": "t3_943rt1", "quarantine": false, "link_flair_text_color": "dark", "upvote_ratio": 0.89, "author_flair_background_color": null, "subreddit_type": "public", "ups": 30, "domain": "self.AskHistorians", "media_embed": {}, "author_flair_template_id": null, "is_original_content": false, "author_fullname": "t2_7w0nh", "secure_media": null, "is_reddit_media_domain": false, "is_meta": false, "category": null, "secure_media_embed": {}, "link_flair_text": null, "can_mod_post": false, "score": 30, "approved_by": null, "thumbnail": "", "edited": false, "author_flair_css_class": null, "author_flair_richtext": [], "content_categories": null, "is_self": true, "mod_note": null, "created": 1533276474.0, "link_flair_type": "text", "wls": 6, "banned_by": null, "author_flair_type": "text", "contest_mode": false, "selftext_html": "&lt;!-- SC_OFF --&gt;&lt;div class=\"md\"&gt;&lt;p&gt;In history you hear of the great devastation that diseases such as smallpox did to isolated continents such as the Americas, but you never hear about Japan having such issues even after long periods of isolation.&lt;/p&gt;\n&lt;/div&gt;&lt;!-- SC_ON --&gt;", "likes": null, "suggested_sort": null, "banned_at_utc": null, "view_count": null, "archived": false, "no_follow": false, "is_crosspostable": false, "pinned": false, "over_18": false, "media": null, "media_only": false, "link_flair_template_id": null, "can_gild": false, "spoiler": false, "locked": false, "author_flair_text": null, "visited": false, "num_reports": null, "distinguished": null, "subreddit_id": "t5_2ssp3", "mod_reason_by": null, "removal_reason": null, "link_flair_background_color": "", "id": "943rt1", "report_reasons": null, "author": "Tooawesome981", "num_crossposts": 0, "num_comments": 9, "send_replies": true, "author_flair_text_color": null, "permalink": "/r/AskHistorians/comments/943rt1/during_the_16th_century_why_didnt_foreign_traders/", "whitelist_status": "all_ads", "stickied": false, "url": "https://www.reddit.com/r/AskHistorians/comments/943rt1/during_the_16th_century_why_didnt_foreign_traders/", "subreddit_subscribers": 798142, "created_utc": 1533247674.0, "mod_reports": [], "is_video": false}}], "after": null, "before": null}}, {"kind": "Listing", "data": {"modhash": "", "dist": null, "children": [{"kind": "t1", "data": {"subreddit_id": "t5_2ssp3", "approved_at_utc": null, "ups": 21, "mod_reason_by": null, "banned_by": null, "author_flair_type": "text", "removal_reason": null, "link_id": "t3_943rt1", "author_flair_template_id": null, "likes": null, "no_follow": false, "replies": {"kind": "Listing", "data": {"modhash": "", "dist": null, "children": [{"kind": "t1", "data": {"subreddit_id": "t5_2ssp3", "approved_at_utc": null, "ups": 6, "mod_reason_by": null, "banned_by": null, "author_flair_type": "text", "removal_reason": null, "link_id": "t3_943rt1", "author_flair_template_id": null, "likes": null, "no_follow": true, "replies": "", "user_reports": [], "saved": false, "id": "e3iubab", "banned_at_utc": null, "mod_reason_title": null, "gilded": 0, "archived": false, "report_reasons": null, "author": "Tooawesome981", "can_mod_post": false, "send_replies": true, "parent_id": "t1_e3irkan", "score": 6, "author_fullname": "t2_7w0nh", "approved_by": null, "downs": 0, "body": "Thank you this was the kind of answer I was looking for!", "edited": false, "author_flair_css_class": null, "collapsed": false, "author_flair_richtext": [], "is_submitter": true, "collapsed_reason": null, "body_html": "&lt;div class=\"md\"&gt;&lt;p&gt;Thank you this was the kind of answer I was looking for!&lt;/p&gt;\n&lt;/div&gt;", "stickied": false, "subreddit_type": "public", "can_gild": true, "subreddit": "AskHistorians", "author_flair_text_color": null, "score_hidden": false, "permalink": "/r/AskHistorians/comments/943rt1/during_the_16th_century_why_didnt_foreign_traders/e3iubab/", "num_reports": null, "name": "t1_e3iubab", "created": 1533307376.0, "author_flair_text": null, "created_utc": 1533278576.0, "subreddit_name_prefixed": "r/AskHistorians", "controversiality": 0, "depth": 1, "author_flair_background_color": null, "mod_reports": [], "mod_note": null, "distinguished": null}}, {"kind": "t1", "data": {"subreddit_id": "t5_2ssp3", "approved_at_utc": null, "ups": 4, "mod_reason_by": null, "banned_by": null, "author_flair_type": "text", "removal_reason": null, "link_id": "t3_943rt1", "author_flair_template_id": null, "likes": null, "no_follow": false, "replies": {"kind": "Listing", "data": {"modhash": "", "dist": null, "children": [{"kind": "t1", "data": {"subreddit_id": "t5_2ssp3", "approved_at_utc": null, "ups": 2, "mod_reason_by": null, "banned_by": null, "author_flair_type": "text", "removal_reason": null, "link_id": "t3_943rt1", "author_flair_template_id": null, "likes": null, "no_follow": true, "replies": "", "user_reports": [], "saved": false, "id": "e3ixgf7", "banned_at_utc": null, "mod_reason_title": null, "gilded": 0, "archived": false, "report_reasons": null, "author": "ParallelPain", "can_mod_post": false, "send_replies": true, "parent_id": "t1_e3ivo65", "score": 2, "author_fullname": "t2_i0kro", "approved_by": null, "downs": 0, "body": "It's outside my time period, but as far as I know official relations changed with time. The late Heian and Muromachi periods for instance had more friendly and open relationship with China, while in the high Heian relations were limited to the Dazaifu in Ky\u016bsh\u016b, while the Kamakura was pretty isolated or even hostile (Mongol Invasions). In these periods there's considerable amount of unofficial trading and smuggling though.", "edited": false, "author_flair_css_class": "asia", "collapsed": false, "author_flair_richtext": [], "is_submitter": false, "collapsed_reason": null, "body_html": "&lt;div class=\"md\"&gt;&lt;p&gt;It&amp;#39;s outside my time period, but as far as I know official relations changed with time. The late Heian and Muromachi periods for instance had more friendly and open relationship with China, while in the high Heian relations were limited to the Dazaifu in Ky\u016bsh\u016b, while the Kamakura was pretty isolated or even hostile (Mongol Invasions). In these periods there&amp;#39;s considerable amount of unofficial trading and smuggling though.&lt;/p&gt;\n&lt;/div&gt;", "stickied": false, "subreddit_type": "public", "can_gild": true, "subreddit": "AskHistorians", "author_flair_text_color": "dark", "score_hidden": false, "permalink": "/r/AskHistorians/comments/943rt1/during_the_16th_century_why_didnt_foreign_traders/e3ixgf7/", "num_reports": null, "name": "t1_e3ixgf7", "created": 1533313068.0, "author_flair_text": "Sengoku Japan", "created_utc": 1533284268.0, "subreddit_name_prefixed": "r/AskHistorians", "controversiality": 0, "depth": 2, "author_flair_background_color": "", "mod_reports": [], "mod_note": null, "distinguished": null}}], "after": null, "before": null}}, "user_reports": [], "saved": false, "id": "e3ivo65", "banned_at_utc": null, "mod_reason_title": null, "gilded": 0, "archived": false, "report_reasons": null, "author": "cchiu23", "can_mod_post": false, "send_replies": true, "parent_id": "t1_e3irkan", "score": 4, "author_fullname": "t2_izfg8", "approved_by": null, "downs": 0, "body": "&gt;One, Japan was not that isolated. Foreign contact never really stopped, they were just limited.\n\nCorrect me if I'm wrong but that's only for a period right? Like they had close contact with China before that where diseases would have been introduced first to them from the quote unquote 'mainland' of the continent", "edited": false, "author_flair_css_class": null, "collapsed": false, "author_flair_richtext": [], "is_submitter": false, "collapsed_reason": null, "body_html": "&lt;div class=\"md\"&gt;&lt;blockquote&gt;\n&lt;p&gt;One, Japan was not that isolated. Foreign contact never really stopped, they were just limited.&lt;/p&gt;\n&lt;/blockquote&gt;\n\n&lt;p&gt;Correct me if I&amp;#39;m wrong but that&amp;#39;s only for a period right? Like they had close contact with China before that where diseases would have been introduced first to them from the quote unquote &amp;#39;mainland&amp;#39; of the continent&lt;/p&gt;\n&lt;/div&gt;", "stickied": false, "subreddit_type": "public", "can_gild": true, "subreddit": "AskHistorians", "author_flair_text_color": null, "score_hidden": false, "permalink": "/r/AskHistorians/comments/943rt1/during_the_16th_century_why_didnt_foreign_traders/e3ivo65/", "num_reports": null, "name": "t1_e3ivo65", "created": 1533309707.0, "author_flair_text": null, "created_utc": 1533280907.0, "subreddit_name_prefixed": "r/AskHistorians", "controversiality": 0, "depth": 1, "author_flair_background_color": null, "mod_reports": [], "mod_note": null, "distinguished": null}}], "after": null, "before": null}}, "user_reports": [], "saved": false, "id": "e3irkan", "banned_at_utc": null, "mod_reason_title": null, "gilded": 0, "archived": false, "report_reasons": null, "author": "ParallelPain", "can_mod_post": false, "send_replies": true, "parent_id": "t3_943rt1", "score": 21, "author_fullname": "t2_i0kro", "approved_by": null, "downs": 0, "body": "Well, two things.\n\nOne, Japan was not *that* isolated. Foreign contact never really stopped, they were just limited.\n\nTwo, foreigners *did* bring deadly diseases to Japan. There were heavy smallpox outbreaks in the 8th century and beyond, syphilis was introduced in the Sengoku and caused lots of suffering, and cholera was introduced in the 19th century, leading to major outbreaks in 1822, 1858, and 1862.", "edited": false, "author_flair_css_class": "asia", "collapsed": false, "author_flair_richtext": [], "is_submitter": false, "collapsed_reason": null, "body_html": "&lt;div class=\"md\"&gt;&lt;p&gt;Well, two things.&lt;/p&gt;\n\n&lt;p&gt;One, Japan was not &lt;em&gt;that&lt;/em&gt; isolated. Foreign contact never really stopped, they were just limited.&lt;/p&gt;\n\n&lt;p&gt;Two, foreigners &lt;em&gt;did&lt;/em&gt; bring deadly diseases to Japan. There were heavy smallpox outbreaks in the 8th century and beyond, syphilis was introduced in the Sengoku and caused lots of suffering, and cholera was introduced in the 19th century, leading to major outbreaks in 1822, 1858, and 1862.&lt;/p&gt;\n&lt;/div&gt;", "stickied": false, "subreddit_type": "public", "can_gild": true, "subreddit": "AskHistorians", "author_flair_text_color": "dark", "score_hidden": false, "permalink": "/r/AskHistorians/comments/943rt1/during_the_16th_century_why_didnt_foreign_traders/e3irkan/", "num_reports": null, "name": "t1_e3irkan", "created": 1533303175.0, "author_flair_text": "Sengoku Japan", "created_utc": 1533274375.0, "subreddit_name_prefixed": "r/AskHistorians", "controversiality": 0, "depth": 0, "author_flair_background_color": "", "mod_reports": [], "mod_note": null, "distinguished": null}}, {"kind": "t1", "data": {"subreddit_id": "t5_2ssp3", "approved_at_utc": null, "ups": 3, "mod_reason_by": null, "banned_by": null, "author_flair_type": "text", "removal_reason": null, "link_id": "t3_943rt1", "author_flair_template_id": null, "likes": null, "no_follow": true, "replies": "", "user_reports": [], "saved": false, "id": "e3iff73", "banned_at_utc": null, "mod_reason_title": null, "gilded": 0, "archived": false, "report_reasons": null, "author": "Dino_Geek", "can_mod_post": false, "send_replies": true, "parent_id": "t3_943rt1", "score": 3, "author_fullname": "t2_pfnop", "approved_by": null, "downs": 0, "body": "A followup question - while Japan was relatively isolated,  did it have regular trade or other contact with the Asian mainland?   Did it have enough contact to be exposed to Eurasia's diseases?", "edited": false, "author_flair_css_class": null, "collapsed": false, "author_flair_richtext": [], "is_submitter": false, "collapsed_reason": null, "body_html": "&lt;div class=\"md\"&gt;&lt;p&gt;A followup question - while Japan was relatively isolated,  did it have regular trade or other contact with the Asian mainland?   Did it have enough contact to be exposed to Eurasia&amp;#39;s diseases?&lt;/p&gt;\n&lt;/div&gt;", "stickied": false, "subreddit_type": "public", "can_gild": true, "subreddit": "AskHistorians", "author_flair_text_color": null, "score_hidden": false, "permalink": "/r/AskHistorians/comments/943rt1/during_the_16th_century_why_didnt_foreign_traders/e3iff73/", "num_reports": null, "name": "t1_e3iff73", "created": 1533289743.0, "author_flair_text": null, "created_utc": 1533260943.0, "subreddit_name_prefixed": "r/AskHistorians", "controversiality": 0, "depth": 0, "author_flair_background_color": null, "mod_reports": [], "mod_note": null, "distinguished": null}}, {"kind": "t1", "data": {"subreddit_id": "t5_2ssp3", "approved_at_utc": null, "ups": 1, "mod_reason_by": null, "banned_by": null, "removal_reason": null, "link_id": "t3_943rt1", "author_flair_template_id": null, "likes": null, "no_follow": true, "replies": {"kind": "Listing", "data": {"modhash": "", "dist": null, "children": [{"kind": "t1", "data": {"subreddit_id": "t5_2ssp3", "approved_at_utc": null, "ups": 7, "mod_reason_by": null, "banned_by": null, "author_flair_type": "text", "removal_reason": null, "link_id": "t3_943rt1", "author_flair_template_id": null, "likes": null, "no_follow": false, "replies": "", "user_reports": [], "saved": false, "id": "e3i3ghw", "banned_at_utc": null, "mod_reason_title": null, "gilded": 0, "archived": false, "report_reasons": null, "author": "jschooltiger", "can_mod_post": false, "send_replies": true, "parent_id": "t1_e3i1ycu", "score": 7, "author_fullname": "t2_96gqp", "approved_by": null, "downs": 0, "body": "&gt; CGP Grey video \n\nI'm sorry, but this is not an acceptable basis for an answer in this subreddit, so I have had to remove your comment. In the future, please keep in mind our subreddit rules, [specifically what we are looking for in an answer](http://www.reddit.com/r/AskHistorians/wiki/rules#wiki_write_an_in-depth_answer), before attempting to tackle a question here. For further discussion on how sourcing works in this subreddit, please [consult this thread](https://www.reddit.com/r/AskHistorians/comments/3wn71y/rules_roundtable_1_explaining_the_rules_about/). Thank you!", "edited": false, "author_flair_css_class": "moderator", "collapsed": false, "author_flair_richtext": [], "is_submitter": false, "collapsed_reason": null, "body_html": "&lt;div class=\"md\"&gt;&lt;blockquote&gt;\n&lt;p&gt;CGP Grey video &lt;/p&gt;\n&lt;/blockquote&gt;\n\n&lt;p&gt;I&amp;#39;m sorry, but this is not an acceptable basis for an answer in this subreddit, so I have had to remove your comment. In the future, please keep in mind our subreddit rules, &lt;a href=\"http://www.reddit.com/r/AskHistorians/wiki/rules#wiki_write_an_in-depth_answer\"&gt;specifically what we are looking for in an answer&lt;/a&gt;, before attempting to tackle a question here. For further discussion on how sourcing works in this subreddit, please &lt;a href=\"https://www.reddit.com/r/AskHistorians/comments/3wn71y/rules_roundtable_1_explaining_the_rules_about/\"&gt;consult this thread&lt;/a&gt;. Thank you!&lt;/p&gt;\n&lt;/div&gt;", "stickied": false, "subreddit_type": "public", "can_gild": true, "subreddit": "AskHistorians", "author_flair_text_color": "dark", "score_hidden": false, "permalink": "/r/AskHistorians/comments/943rt1/during_the_16th_century_why_didnt_foreign_traders/e3i3ghw/", "num_reports": null, "name": "t1_e3i3ghw", "created": 1533278191.0, "author_flair_text": "Moderator | Shipbuilding and Logistics | British Navy 1770-1830", "created_utc": 1533249391.0, "subreddit_name_prefixed": "r/AskHistorians", "controversiality": 0, "depth": 1, "author_flair_background_color": "", "mod_reports": [], "mod_note": null, "distinguished": "moderator"}}, {"kind": "t1", "data": {"subreddit_id": "t5_2ssp3", "approved_at_utc": null, "ups": 2, "mod_reason_by": null, "banned_by": null, "author_flair_type": "text", "removal_reason": null, "link_id": "t3_943rt1", "author_flair_template_id": null, "likes": null, "no_follow": true, "replies": "", "user_reports": [], "saved": false, "id": "e3i32t8", "banned_at_utc": null, "mod_reason_title": null, "gilded": 0, "archived": false, "report_reasons": null, "author": "Tooawesome981", "can_mod_post": false, "send_replies": true, "parent_id": "t1_e3i1ycu", "score": 2, "author_fullname": "t2_7w0nh", "approved_by": null, "downs": 0, "body": "My question was more why wasn't japan effected as bad by these diseases compared to the Americas?", "edited": false, "author_flair_css_class": null, "collapsed": false, "author_flair_richtext": [], "is_submitter": true, "collapsed_reason": null, "body_html": "&lt;div class=\"md\"&gt;&lt;p&gt;My question was more why wasn&amp;#39;t japan effected as bad by these diseases compared to the Americas?&lt;/p&gt;\n&lt;/div&gt;", "stickied": false, "subreddit_type": "public", "can_gild": true, "subreddit": "AskHistorians", "author_flair_text_color": null, "score_hidden": false, "permalink": "/r/AskHistorians/comments/943rt1/during_the_16th_century_why_didnt_foreign_traders/e3i32t8/", "num_reports": null, "name": "t1_e3i32t8", "created": 1533277835.0, "author_flair_text": null, "created_utc": 1533249035.0, "subreddit_name_prefixed": "r/AskHistorians", "controversiality": 0, "depth": 1, "author_flair_background_color": null, "mod_reports": [], "mod_note": null, "distinguished": null}}], "after": null, "before": null}}, "user_reports": [], "saved": false, "id": "e3i1ycu", "banned_at_utc": null, "mod_reason_title": null, "gilded": 0, "archived": false, "report_reasons": null, "author": "[deleted]", "can_mod_post": false, "send_replies": true, "parent_id": "t3_943rt1", "score": 1, "approved_by": null, "downs": 0, "body": "[removed]", "edited": false, "author_flair_css_class": null, "collapsed": false, "is_submitter": false, "collapsed_reason": null, "body_html": "&lt;div class=\"md\"&gt;&lt;p&gt;[removed]&lt;/p&gt;\n&lt;/div&gt;", "stickied": false, "subreddit_type": "public", "can_gild": true, "subreddit": "AskHistorians", "author_flair_text_color": "dark", "score_hidden": false, "permalink": "/r/AskHistorians/comments/943rt1/during_the_16th_century_why_didnt_foreign_traders/e3i1ycu/", "num_reports": null, "name": "t1_e3i1ycu", "created": 1533276790.0, "author_flair_text": null, "created_utc": 1533247990.0, "subreddit_name_prefixed": "r/AskHistorians", "controversiality": 0, "depth": 0, "author_flair_background_color": "", "mod_reports": [], "mod_note": null, "distinguished": null}}, {"kind": "t1", "data": {"subreddit_id": "t5_2ssp3", "approved_at_utc": null, "ups": 1, "mod_reason_by": null, "banned_by": null, "removal_reason": null, "link_id": "t3_943rt1", "author_flair_template_id": null, "likes": null, "no_follow": true, "replies": {"kind": "Listing", "data": {"modhash": "", "dist": null, "children": [{"kind": "t1", "data": {"subreddit_id": "t5_2ssp3", "approved_at_utc": null, "ups": 2, "mod_reason_by": null, "banned_by": null, "author_flair_type": "text", "removal_reason": null, "link_id": "t3_943rt1", "author_flair_template_id": null, "likes": null, "no_follow": true, "replies": "", "user_reports": [], "saved": false, "id": "e3i3frb", "banned_at_utc": null, "mod_reason_title": null, "gilded": 0, "archived": false, "report_reasons": null, "author": "jschooltiger", "can_mod_post": false, "send_replies": true, "parent_id": "t1_e3i2q92", "score": 2, "author_fullname": "t2_96gqp", "approved_by": null, "downs": 0, "body": "We ask that answers in this subreddit be [in-depth and comprehensive](https://www.reddit.com/r/AskHistorians/comments/1jsabs/what_it_means_to_post_a_good_answer_in/), and highly suggest that comments include citations for the information. In the future, please take the time to better familiarize yourself with [the rules](http://www.reddit.com/r/AskHistorians/wiki/rules#wiki_write_an_in-depth_answer) and our [Rules Roundtable](https://www.reddit.com/r/AskHistorians/comments/4kngwh/rules_roundtable_no_11_no_speculation/) on Speculation.", "edited": false, "author_flair_css_class": "moderator", "collapsed": false, "author_flair_richtext": [], "is_submitter": false, "collapsed_reason": null, "body_html": "&lt;div class=\"md\"&gt;&lt;p&gt;We ask that answers in this subreddit be &lt;a href=\"https://www.reddit.com/r/AskHistorians/comments/1jsabs/what_it_means_to_post_a_good_answer_in/\"&gt;in-depth and comprehensive&lt;/a&gt;, and highly suggest that comments include citations for the information. In the future, please take the time to better familiarize yourself with &lt;a href=\"http://www.reddit.com/r/AskHistorians/wiki/rules#wiki_write_an_in-depth_answer\"&gt;the rules&lt;/a&gt; and our &lt;a href=\"https://www.reddit.com/r/AskHistorians/comments/4kngwh/rules_roundtable_no_11_no_speculation/\"&gt;Rules Roundtable&lt;/a&gt; on Speculation.&lt;/p&gt;\n&lt;/div&gt;", "stickied": false, "subreddit_type": "public", "can_gild": true, "subreddit": "AskHistorians", "author_flair_text_color": "dark", "score_hidden": false, "permalink": "/r/AskHistorians/comments/943rt1/during_the_16th_century_why_didnt_foreign_traders/e3i3frb/", "num_reports": null, "name": "t1_e3i3frb", "created": 1533278172.0, "author_flair_text": "Moderator | Shipbuilding and Logistics | British Navy 1770-1830", "created_utc": 1533249372.0, "subreddit_name_prefixed": "r/AskHistorians", "controversiality": 0, "depth": 1, "author_flair_background_color": "", "mod_reports": [], "mod_note": null, "distinguished": "moderator"}}], "after": null, "before": null}}, "user_reports": [], "saved": false, "id": "e3i2q92", "banned_at_utc": null, "mod_reason_title": null, "gilded": 0, "archived": false, "report_reasons": null, "author": "[deleted]", "can_mod_post": false, "send_replies": true, "parent_id": "t3_943rt1", "score": 1, "approved_by": null, "downs": 0, "body": "[removed]", "edited": false, "author_flair_css_class": null, "collapsed": false, "is_submitter": false, "collapsed_reason": null, "body_html": "&lt;div class=\"md\"&gt;&lt;p&gt;[removed]&lt;/p&gt;\n&lt;/div&gt;", "stickied": false, "subreddit_type": "public", "can_gild": true, "subreddit": "AskHistorians", "author_flair_text_color": "dark", "score_hidden": false, "permalink": "/r/AskHistorians/comments/943rt1/during_the_16th_century_why_didnt_foreign_traders/e3i2q92/", "num_reports": null, "name": "t1_e3i2q92", "created": 1533277506.0, "author_flair_text": null, "created_utc": 1533248706.0, "subreddit_name_prefixed": "r/AskHistorians", "controversiality": 0, "depth": 0, "author_flair_background_color": "", "mod_reports": [], "mod_note": null, "distinguished": null}}], "after": null, "before": null}}]