[{"kind": "Listing", "data": {"modhash": "", "dist": 1, "children": [{"kind": "t3", "data": {"approved_at_utc": null, "subreddit": "AskHistorians", "selftext": "[removed]", "user_reports": [], "saved": false, "mod_reason_title": null, "gilded": 0, "clicked": false, "title": "Why is it that the horrors of Nazi Germany are so much more widely taught than those of Communist Russia?", "link_flair_richtext": [], "subreddit_name_prefixed": "r/AskHistorians", "hidden": false, "pwls": 6, "link_flair_css_class": null, "downs": 0, "parent_whitelist_status": "all_ads", "hide_score": false, "name": "t3_9441hu", "quarantine": false, "link_flair_text_color": "dark", "upvote_ratio": 1.0, "author_flair_background_color": "", "subreddit_type": "public", "ups": 2, "domain": "self.AskHistorians", "media_embed": {}, "author_flair_template_id": null, "is_original_content": false, "secure_media": null, "is_reddit_media_domain": false, "is_meta": false, "category": null, "secure_media_embed": {}, "link_flair_text": null, "can_mod_post": false, "score": 2, "approved_by": null, "thumbnail": "", "edited": false, "author_flair_css_class": null, "content_categories": null, "is_self": true, "mod_note": null, "created": 1533278490.0, "link_flair_type": "text", "wls": 6, "banned_by": null, "contest_mode": false, "selftext_html": "&lt;!-- SC_OFF --&gt;&lt;div class=\"md\"&gt;&lt;p&gt;[removed]&lt;/p&gt;\n&lt;/div&gt;&lt;!-- SC_ON --&gt;", "likes": null, "suggested_sort": null, "banned_at_utc": null, "view_count": null, "archived": false, "no_follow": true, "is_crosspostable": false, "pinned": false, "over_18": false, "media": null, "media_only": false, "link_flair_template_id": null, "can_gild": false, "spoiler": false, "locked": false, "author_flair_text": null, "visited": false, "num_reports": null, "distinguished": null, "subreddit_id": "t5_2ssp3", "mod_reason_by": null, "removal_reason": null, "link_flair_background_color": "", "id": "9441hu", "report_reasons": null, "author": "[deleted]", "num_crossposts": 0, "num_comments": 3, "send_replies": true, "author_flair_text_color": "dark", "permalink": "/r/AskHistorians/comments/9441hu/why_is_it_that_the_horrors_of_nazi_germany_are_so/", "whitelist_status": "all_ads", "stickied": false, "url": "https://www.reddit.com/r/AskHistorians/comments/9441hu/why_is_it_that_the_horrors_of_nazi_germany_are_so/", "subreddit_subscribers": 798143, "created_utc": 1533249690.0, "mod_reports": [], "is_video": false}}], "after": null, "before": null}}, {"kind": "Listing", "data": {"modhash": "", "dist": null, "children": [{"kind": "t1", "data": {"subreddit_id": "t5_2ssp3", "approved_at_utc": null, "ups": 0, "mod_reason_by": null, "banned_by": null, "author_flair_type": "text", "removal_reason": null, "link_id": "t3_9441hu", "author_flair_template_id": null, "likes": null, "no_follow": true, "replies": {"kind": "Listing", "data": {"modhash": "", "dist": null, "children": [{"kind": "t1", "data": {"subreddit_id": "t5_2ssp3", "approved_at_utc": null, "ups": 0, "mod_reason_by": null, "banned_by": null, "removal_reason": null, "link_id": "t3_9441hu", "author_flair_template_id": null, "likes": null, "no_follow": true, "replies": {"kind": "Listing", "data": {"modhash": "", "dist": null, "children": [{"kind": "t1", "data": {"subreddit_id": "t5_2ssp3", "approved_at_utc": null, "ups": 1, "mod_reason_by": null, "banned_by": null, "author_flair_type": "text", "removal_reason": null, "link_id": "t3_9441hu", "author_flair_template_id": null, "likes": null, "no_follow": true, "replies": "", "user_reports": [], "saved": false, "id": "e3i6czt", "banned_at_utc": null, "mod_reason_title": null, "gilded": 0, "archived": false, "report_reasons": null, "author": "cleopatra_philopater", "can_mod_post": false, "send_replies": true, "parent_id": "t1_e3i62ua", "score": 1, "author_fullname": "t2_vanft", "approved_by": null, "downs": 0, "body": "That may be but it does not change the rationale behind our rules in any way. The question is still subjective and more about curriculum than history. I could counter that by telling you truthfully that I and everyone I know well enough to comment on their education *did* learn about Communism and the Soviet Union. Do you see what an unhelpful conversation this is?\n\nI appreciate that you want an answer but this just is not the right kind of question for this sub, it might be a question for educators in your area.", "edited": false, "author_flair_css_class": "africa", "collapsed": false, "author_flair_richtext": [], "is_submitter": false, "collapsed_reason": null, "body_html": "&lt;div class=\"md\"&gt;&lt;p&gt;That may be but it does not change the rationale behind our rules in any way. The question is still subjective and more about curriculum than history. I could counter that by telling you truthfully that I and everyone I know well enough to comment on their education &lt;em&gt;did&lt;/em&gt; learn about Communism and the Soviet Union. Do you see what an unhelpful conversation this is?&lt;/p&gt;\n\n&lt;p&gt;I appreciate that you want an answer but this just is not the right kind of question for this sub, it might be a question for educators in your area.&lt;/p&gt;\n&lt;/div&gt;", "stickied": false, "subreddit_type": "public", "can_gild": true, "subreddit": "AskHistorians", "author_flair_text_color": "dark", "score_hidden": false, "permalink": "/r/AskHistorians/comments/9441hu/why_is_it_that_the_horrors_of_nazi_germany_are_so/e3i6czt/", "num_reports": null, "name": "t1_e3i6czt", "created": 1533280991.0, "author_flair_text": "Moderator | Hellenistic Egypt", "created_utc": 1533252191.0, "subreddit_name_prefixed": "r/AskHistorians", "controversiality": 0, "depth": 2, "author_flair_background_color": "", "mod_reports": [], "mod_note": null, "distinguished": "moderator"}}], "after": null, "before": null}}, "user_reports": [], "saved": false, "id": "e3i62ua", "banned_at_utc": null, "mod_reason_title": null, "gilded": 0, "archived": false, "report_reasons": null, "author": "[deleted]", "can_mod_post": false, "send_replies": true, "parent_id": "t1_e3i5cfa", "score": 0, "approved_by": null, "downs": 0, "body": "[removed]", "edited": false, "author_flair_css_class": null, "collapsed": false, "is_submitter": false, "collapsed_reason": null, "body_html": "&lt;div class=\"md\"&gt;&lt;p&gt;[removed]&lt;/p&gt;\n&lt;/div&gt;", "stickied": false, "subreddit_type": "public", "can_gild": true, "subreddit": "AskHistorians", "author_flair_text_color": "dark", "score_hidden": false, "permalink": "/r/AskHistorians/comments/9441hu/why_is_it_that_the_horrors_of_nazi_germany_are_so/e3i62ua/", "num_reports": null, "name": "t1_e3i62ua", "created": 1533280716.0, "author_flair_text": null, "created_utc": 1533251916.0, "subreddit_name_prefixed": "r/AskHistorians", "controversiality": 0, "depth": 1, "author_flair_background_color": "", "mod_reports": [], "mod_note": null, "distinguished": null}}], "after": null, "before": null}}, "user_reports": [], "saved": false, "id": "e3i5cfa", "banned_at_utc": null, "mod_reason_title": null, "gilded": 0, "archived": false, "report_reasons": null, "author": "cleopatra_philopater", "can_mod_post": false, "send_replies": true, "parent_id": "t3_9441hu", "score": 0, "author_fullname": "t2_vanft", "approved_by": null, "downs": 0, "body": "Your post has been removed as we do not allow questions asking why users did it not learn certain things in school. We only allow questions asking specific questions about history or historiography.\n\nAs you state in your main post, curriculums vary between regions and countries, and teachers have a say in exactly which topics they ficus on because there simply is not time to teach all of history in primary or secondary school. This means that virtually everyone will have learned certain things and missed out on others, and there is really no way to give an answer on why *you* specifically did not learn much about a given topic in school.\n\nThank you!", "edited": false, "author_flair_css_class": "africa", "collapsed": false, "author_flair_richtext": [], "is_submitter": false, "collapsed_reason": null, "body_html": "&lt;div class=\"md\"&gt;&lt;p&gt;Your post has been removed as we do not allow questions asking why users did it not learn certain things in school. We only allow questions asking specific questions about history or historiography.&lt;/p&gt;\n\n&lt;p&gt;As you state in your main post, curriculums vary between regions and countries, and teachers have a say in exactly which topics they ficus on because there simply is not time to teach all of history in primary or secondary school. This means that virtually everyone will have learned certain things and missed out on others, and there is really no way to give an answer on why &lt;em&gt;you&lt;/em&gt; specifically did not learn much about a given topic in school.&lt;/p&gt;\n\n&lt;p&gt;Thank you!&lt;/p&gt;\n&lt;/div&gt;", "stickied": false, "subreddit_type": "public", "can_gild": true, "subreddit": "AskHistorians", "author_flair_text_color": "dark", "score_hidden": false, "permalink": "/r/AskHistorians/comments/9441hu/why_is_it_that_the_horrors_of_nazi_germany_are_so/e3i5cfa/", "num_reports": null, "name": "t1_e3i5cfa", "created": 1533280001.0, "author_flair_text": "Moderator | Hellenistic Egypt", "created_utc": 1533251201.0, "subreddit_name_prefixed": "r/AskHistorians", "controversiality": 0, "depth": 0, "author_flair_background_color": "", "mod_reports": [], "mod_note": null, "distinguished": "moderator"}}], "after": null, "before": null}}]