[{"kind": "Listing", "data": {"modhash": "", "dist": 1, "children": [{"kind": "t3", "data": {"approved_at_utc": null, "subreddit": "AskHistorians", "selftext": "[deleted]", "user_reports": [], "saved": false, "mod_reason_title": null, "gilded": 0, "clicked": false, "title": "What creative steps did Germany take in the 30's to get around the Treaty of Versailles and mobilize?", "link_flair_richtext": [], "subreddit_name_prefixed": "r/AskHistorians", "hidden": false, "pwls": 6, "link_flair_css_class": null, "downs": 0, "parent_whitelist_status": "all_ads", "hide_score": false, "name": "t3_94796q", "quarantine": false, "link_flair_text_color": "dark", "upvote_ratio": 0.6, "author_flair_background_color": "", "subreddit_type": "public", "ups": 2, "domain": "self.AskHistorians", "media_embed": {}, "author_flair_template_id": null, "is_original_content": false, "secure_media": null, "is_reddit_media_domain": false, "is_meta": false, "category": null, "secure_media_embed": {}, "link_flair_text": null, "can_mod_post": false, "score": 2, "approved_by": null, "thumbnail": "", "edited": false, "author_flair_css_class": null, "content_categories": null, "is_self": true, "mod_note": null, "created": 1533306780.0, "link_flair_type": "text", "wls": 6, "banned_by": null, "contest_mode": false, "selftext_html": "&lt;!-- SC_OFF --&gt;&lt;div class=\"md\"&gt;&lt;p&gt;[deleted]&lt;/p&gt;\n&lt;/div&gt;&lt;!-- SC_ON --&gt;", "likes": null, "suggested_sort": null, "banned_at_utc": null, "view_count": null, "archived": false, "no_follow": true, "is_crosspostable": false, "pinned": false, "over_18": false, "media": null, "media_only": false, "link_flair_template_id": null, "can_gild": false, "spoiler": false, "locked": false, "author_flair_text": null, "visited": false, "num_reports": null, "distinguished": null, "subreddit_id": "t5_2ssp3", "mod_reason_by": null, "removal_reason": null, "link_flair_background_color": "", "id": "94796q", "report_reasons": null, "author": "[deleted]", "num_crossposts": 0, "num_comments": 0, "send_replies": true, "author_flair_text_color": "dark", "permalink": "/r/AskHistorians/comments/94796q/what_creative_steps_did_germany_take_in_the_30s/", "whitelist_status": "all_ads", "stickied": false, "url": "https://www.reddit.com/r/AskHistorians/comments/94796q/what_creative_steps_did_germany_take_in_the_30s/", "subreddit_subscribers": 798143, "created_utc": 1533277980.0, "mod_reports": [], "is_video": false}}], "after": null, "before": null}}, {"kind": "Listing", "data": {"modhash": "", "dist": null, "children": [], "after": null, "before": null}}]