[{"kind": "Listing", "data": {"modhash": "", "dist": 1, "children": [{"kind": "t3", "data": {"approved_at_utc": null, "subreddit": "AskHistorians", "selftext": "It seems like the way the Ottomans developed their janissary corps is a lot of hassle. What is the purpose of kidnapping Christian children, converting them to Islam and eventually training them to become a military unit? I don't see why they would do this instead of raising the janissaries from their own citizens.", "user_reports": [], "saved": false, "mod_reason_title": null, "gilded": 0, "clicked": false, "title": "Why did the Ottomans go about recruiting Janissaries the way they did?", "link_flair_richtext": [], "subreddit_name_prefixed": "r/AskHistorians", "hidden": false, "pwls": 6, "link_flair_css_class": null, "downs": 0, "parent_whitelist_status": "all_ads", "hide_score": false, "name": "t3_9497be", "quarantine": false, "link_flair_text_color": "dark", "upvote_ratio": 0.72, "author_flair_background_color": null, "subreddit_type": "public", "ups": 3, "domain": "self.AskHistorians", "media_embed": {}, "author_flair_template_id": null, "is_original_content": false, "author_fullname": "t2_1vr7e4er", "secure_media": null, "is_reddit_media_domain": false, "is_meta": false, "category": null, "secure_media_embed": {}, "link_flair_text": null, "can_mod_post": false, "score": 3, "approved_by": null, "thumbnail": "", "edited": false, "author_flair_css_class": null, "author_flair_richtext": [], "content_categories": null, "is_self": true, "mod_note": null, "created": 1533328478.0, "link_flair_type": "text", "wls": 6, "banned_by": null, "author_flair_type": "text", "contest_mode": false, "selftext_html": "&lt;!-- SC_OFF --&gt;&lt;div class=\"md\"&gt;&lt;p&gt;It seems like the way the Ottomans developed their janissary corps is a lot of hassle. What is the purpose of kidnapping Christian children, converting them to Islam and eventually training them to become a military unit? I don&amp;#39;t see why they would do this instead of raising the janissaries from their own citizens.&lt;/p&gt;\n&lt;/div&gt;&lt;!-- SC_ON --&gt;", "likes": null, "suggested_sort": null, "banned_at_utc": null, "view_count": null, "archived": false, "no_follow": true, "is_crosspostable": false, "pinned": false, "over_18": false, "media": null, "media_only": false, "link_flair_template_id": null, "can_gild": false, "spoiler": false, "locked": false, "author_flair_text": null, "visited": false, "num_reports": null, "distinguished": null, "subreddit_id": "t5_2ssp3", "mod_reason_by": null, "removal_reason": null, "link_flair_background_color": "", "id": "9497be", "report_reasons": null, "author": "inwhaleity", "num_crossposts": 0, "num_comments": 1, "send_replies": true, "author_flair_text_color": null, "permalink": "/r/AskHistorians/comments/9497be/why_did_the_ottomans_go_about_recruiting/", "whitelist_status": "all_ads", "stickied": false, "url": "https://www.reddit.com/r/AskHistorians/comments/9497be/why_did_the_ottomans_go_about_recruiting/", "subreddit_subscribers": 798143, "created_utc": 1533299678.0, "mod_reports": [], "is_video": false}}], "after": null, "before": null}}, {"kind": "Listing", "data": {"modhash": "", "dist": null, "children": [{"kind": "t1", "data": {"subreddit_id": "t5_2ssp3", "approved_at_utc": null, "ups": 4, "mod_reason_by": null, "banned_by": null, "author_flair_type": "text", "removal_reason": null, "link_id": "t3_9497be", "author_flair_template_id": null, "likes": null, "no_follow": true, "replies": "", "user_reports": [], "saved": false, "id": "e3jv6px", "banned_at_utc": null, "mod_reason_title": null, "gilded": 0, "archived": false, "report_reasons": null, "author": "Zooasaurus", "can_mod_post": false, "send_replies": true, "parent_id": "t3_9497be", "score": 4, "author_fullname": "t2_s96w0", "approved_by": null, "downs": 0, "body": "I'll try to answer your question, sorry if it doesn't satisfy you. Firstly, it should be understood how some developments made the system came to be in the era of Murad I. As Ottoman territory become larger, the conquering lords fighting under the Ottoman banner acquired lands and revenues in the new territories, which established them as local powers, with their own troops and retainers like the Evrenos, Mihail, and Malkoch families. At the same time, the Ottoman conquerors frequently did not remove the dynasties that had ruled in pre-Ottoman times, but instead maintained them as vassals under Ottoman suzerainty. On the other hand, Murad was the first sultan to execute his brothers, with the result that the Ottoman realms were no longer the shared patrimony of all members of the ruling family. Sultans\u2019 sons continued to act as provincial governors and army commanders, but strictly under the tutelage of their fathers, and without the freedom of action that their predecessors enjoyed who could become a semi-independent military commander and governor. \n\nThese appearance of the marcher lords, and the continued rule of semi-independent local dynasties clearly limited Murad's power. He was not an absolute ruler, but rather the most powerful in a confederation of great lords, who were his allies and vassals rather than his servants. To establish their own position, Murad and his successors had to secure loyal men who were subordinates rather than confederates, and whose loyalty to the Ottoman dynasty was unquestionable. With the absence of modern institution, one way to obtain such men is from the sultan\u2019s household, where its members can be employed as governors or soldiers.\n\nNow, the institution of slavery and the employment of \"foreigners\" is the easiest way to form such household. Islamic law permits slavery and creating a category of 'licensed slaves' makes it possible for them to carry out transactions on their owners\u2019 behalf. Slaves could therefore become trusted and important figures. Furthermore, despite their status, through membership of an elite household they could occupy a high social rank. The 'slave household' had become a feature of Islamic Societies from the Abbasids who employed slaves as soldiers and government officials, to the Seljuks who employed slaves as troops and military commanders, in the palace and in the government, and had even established a school in Konya for their education. With those precedents, including the elimination of the sultan\u2019s adult blood relations from the household and government, it seems inevitable that the sultan must form such 'slave household'. Recruitment into the imperial service therefore usually meant recruitment as a slave.\n\nIn the Islamic law, Muslims and Non-Muslims who were living in Islamic lands cannot be enslaved, so to form such household, the sultan instituted the Pen\u00e7ik system, where the sultan could levy the captives brought by raiders to be recruited as soldiers or officials. The first members of the Janissaries were also Pen\u00e7ik levies. However, after some time, it was clear that supply of slaves from outside the Empire\u2019s borders was insufficient to fulfill the demands for household members, and there were downsides from the captive levies too. Those captives were mostly already mature men who were not very responsive to Ottoman military training like the training for Composite Bows, main weapon of the Ottoman army which was very demanding and time consuming. In addition to training, loyalty was also an issue. Most of those captives, who already had undergone hard training and who lived in prison-like conditions were obviously unwilling to work for a foreign power, so a substantial percentage of them were ready to desert the army in any suitable opportunity. Field commanders had to take special measures like establishing special police units to keep the deserters in check. \n\nThus, to counter those deficiencies, the Ottoman Sultan then established dev\u015firme, the system that you just described. The dev\u015firme has advantages that covers the deficiencies of the Pen\u00e7ik system. First, There is a large and reliable pool of men available for selection, Second, children were more responsive to the training, and their bodies and minds were easily molded according to the needs of the military, and Third, in the long and complex training, heavy emphasis was placed on unit cohesion and solidarity, and very rich rewards were granted for merit and combat achievement, which combined to create intense loyalty to the institution. In fact, loyalty to the sultan never became an important issue, as in reality blind obedience to the orders of the superiors was the generally expected norm. Of course, this caused a legal issue up to the sixteenth century because it contradicts the Islamic law of not enslaving Non-Muslims in Islamic lands, but such issues were mostly ignored and the practice is continued up to the eighteenth century.\n\n**Sources:**\n\n\"**A Military History of The Ottomans\"** by Mesut Uyar\n\n\"**The Ottoman Empire, 1300\u20131650\"** by Colin Imber ", "edited": false, "author_flair_css_class": null, "collapsed": false, "author_flair_richtext": [], "is_submitter": false, "collapsed_reason": null, "body_html": "&lt;div class=\"md\"&gt;&lt;p&gt;I&amp;#39;ll try to answer your question, sorry if it doesn&amp;#39;t satisfy you. Firstly, it should be understood how some developments made the system came to be in the era of Murad I. As Ottoman territory become larger, the conquering lords fighting under the Ottoman banner acquired lands and revenues in the new territories, which established them as local powers, with their own troops and retainers like the Evrenos, Mihail, and Malkoch families. At the same time, the Ottoman conquerors frequently did not remove the dynasties that had ruled in pre-Ottoman times, but instead maintained them as vassals under Ottoman suzerainty. On the other hand, Murad was the first sultan to execute his brothers, with the result that the Ottoman realms were no longer the shared patrimony of all members of the ruling family. Sultans\u2019 sons continued to act as provincial governors and army commanders, but strictly under the tutelage of their fathers, and without the freedom of action that their predecessors enjoyed who could become a semi-independent military commander and governor. &lt;/p&gt;\n\n&lt;p&gt;These appearance of the marcher lords, and the continued rule of semi-independent local dynasties clearly limited Murad&amp;#39;s power. He was not an absolute ruler, but rather the most powerful in a confederation of great lords, who were his allies and vassals rather than his servants. To establish their own position, Murad and his successors had to secure loyal men who were subordinates rather than confederates, and whose loyalty to the Ottoman dynasty was unquestionable. With the absence of modern institution, one way to obtain such men is from the sultan\u2019s household, where its members can be employed as governors or soldiers.&lt;/p&gt;\n\n&lt;p&gt;Now, the institution of slavery and the employment of &amp;quot;foreigners&amp;quot; is the easiest way to form such household. Islamic law permits slavery and creating a category of &amp;#39;licensed slaves&amp;#39; makes it possible for them to carry out transactions on their owners\u2019 behalf. Slaves could therefore become trusted and important figures. Furthermore, despite their status, through membership of an elite household they could occupy a high social rank. The &amp;#39;slave household&amp;#39; had become a feature of Islamic Societies from the Abbasids who employed slaves as soldiers and government officials, to the Seljuks who employed slaves as troops and military commanders, in the palace and in the government, and had even established a school in Konya for their education. With those precedents, including the elimination of the sultan\u2019s adult blood relations from the household and government, it seems inevitable that the sultan must form such &amp;#39;slave household&amp;#39;. Recruitment into the imperial service therefore usually meant recruitment as a slave.&lt;/p&gt;\n\n&lt;p&gt;In the Islamic law, Muslims and Non-Muslims who were living in Islamic lands cannot be enslaved, so to form such household, the sultan instituted the Pen\u00e7ik system, where the sultan could levy the captives brought by raiders to be recruited as soldiers or officials. The first members of the Janissaries were also Pen\u00e7ik levies. However, after some time, it was clear that supply of slaves from outside the Empire\u2019s borders was insufficient to fulfill the demands for household members, and there were downsides from the captive levies too. Those captives were mostly already mature men who were not very responsive to Ottoman military training like the training for Composite Bows, main weapon of the Ottoman army which was very demanding and time consuming. In addition to training, loyalty was also an issue. Most of those captives, who already had undergone hard training and who lived in prison-like conditions were obviously unwilling to work for a foreign power, so a substantial percentage of them were ready to desert the army in any suitable opportunity. Field commanders had to take special measures like establishing special police units to keep the deserters in check. &lt;/p&gt;\n\n&lt;p&gt;Thus, to counter those deficiencies, the Ottoman Sultan then established dev\u015firme, the system that you just described. The dev\u015firme has advantages that covers the deficiencies of the Pen\u00e7ik system. First, There is a large and reliable pool of men available for selection, Second, children were more responsive to the training, and their bodies and minds were easily molded according to the needs of the military, and Third, in the long and complex training, heavy emphasis was placed on unit cohesion and solidarity, and very rich rewards were granted for merit and combat achievement, which combined to create intense loyalty to the institution. In fact, loyalty to the sultan never became an important issue, as in reality blind obedience to the orders of the superiors was the generally expected norm. Of course, this caused a legal issue up to the sixteenth century because it contradicts the Islamic law of not enslaving Non-Muslims in Islamic lands, but such issues were mostly ignored and the practice is continued up to the eighteenth century.&lt;/p&gt;\n\n&lt;p&gt;&lt;strong&gt;Sources:&lt;/strong&gt;&lt;/p&gt;\n\n&lt;p&gt;&amp;quot;&lt;strong&gt;A Military History of The Ottomans&amp;quot;&lt;/strong&gt; by Mesut Uyar&lt;/p&gt;\n\n&lt;p&gt;&amp;quot;&lt;strong&gt;The Ottoman Empire, 1300\u20131650&amp;quot;&lt;/strong&gt; by Colin Imber &lt;/p&gt;\n&lt;/div&gt;", "stickied": false, "subreddit_type": "public", "can_gild": true, "subreddit": "AskHistorians", "author_flair_text_color": null, "score_hidden": false, "permalink": "/r/AskHistorians/comments/9497be/why_did_the_ottomans_go_about_recruiting/e3jv6px/", "num_reports": null, "name": "t1_e3jv6px", "created": 1533350343.0, "author_flair_text": null, "created_utc": 1533321543.0, "subreddit_name_prefixed": "r/AskHistorians", "controversiality": 0, "depth": 0, "author_flair_background_color": null, "mod_reports": [], "mod_note": null, "distinguished": null}}], "after": null, "before": null}}]