[{"kind": "Listing", "data": {"modhash": "", "dist": 1, "children": [{"kind": "t3", "data": {"approved_at_utc": null, "subreddit": "AskHistorians", "selftext": "[removed]", "user_reports": [], "saved": false, "mod_reason_title": null, "gilded": 0, "clicked": false, "title": "In \"The Rise And Fall of the Third Reich,\" William L Shirer claims that Hitler would not have been as able to rise to power had his name been Adolf Schicklgruber. Are there any notable instances of people who were held back by their strange or funny-sounding name?", "link_flair_richtext": [], "subreddit_name_prefixed": "r/AskHistorians", "hidden": false, "pwls": 6, "link_flair_css_class": null, "downs": 0, "parent_whitelist_status": "all_ads", "hide_score": false, "name": "t3_949k50", "quarantine": false, "link_flair_text_color": "dark", "upvote_ratio": 1.0, "author_flair_background_color": "", "subreddit_type": "public", "ups": 1, "domain": "self.AskHistorians", "media_embed": {}, "author_flair_template_id": null, "is_original_content": false, "secure_media": null, "is_reddit_media_domain": false, "is_meta": false, "category": null, "secure_media_embed": {}, "link_flair_text": null, "can_mod_post": false, "score": 1, "approved_by": null, "thumbnail": "", "edited": false, "author_flair_css_class": null, "content_categories": null, "is_self": true, "mod_note": null, "created": 1533331518.0, "link_flair_type": "text", "wls": 6, "banned_by": null, "contest_mode": false, "selftext_html": "&lt;!-- SC_OFF --&gt;&lt;div class=\"md\"&gt;&lt;p&gt;[removed]&lt;/p&gt;\n&lt;/div&gt;&lt;!-- SC_ON --&gt;", "likes": null, "suggested_sort": null, "banned_at_utc": null, "view_count": null, "archived": false, "no_follow": true, "is_crosspostable": false, "pinned": false, "over_18": false, "media": null, "media_only": false, "link_flair_template_id": null, "can_gild": false, "spoiler": false, "locked": false, "author_flair_text": null, "visited": false, "num_reports": null, "distinguished": null, "subreddit_id": "t5_2ssp3", "mod_reason_by": null, "removal_reason": null, "link_flair_background_color": "", "id": "949k50", "report_reasons": null, "author": "[deleted]", "num_crossposts": 0, "num_comments": 1, "send_replies": true, "author_flair_text_color": "dark", "permalink": "/r/AskHistorians/comments/949k50/in_the_rise_and_fall_of_the_third_reich_william_l/", "whitelist_status": "all_ads", "stickied": false, "url": "https://www.reddit.com/r/AskHistorians/comments/949k50/in_the_rise_and_fall_of_the_third_reich_william_l/", "subreddit_subscribers": 798143, "created_utc": 1533302718.0, "mod_reports": [], "is_video": false}}], "after": null, "before": null}}, {"kind": "Listing", "data": {"modhash": "", "dist": null, "children": [{"kind": "t1", "data": {"subreddit_id": "t5_2ssp3", "approved_at_utc": null, "ups": 2, "mod_reason_by": null, "banned_by": null, "author_flair_type": "text", "removal_reason": null, "link_id": "t3_949k50", "author_flair_template_id": "80bb3d9c-c626-11e2-a0f2-12313d1841d1", "likes": null, "no_follow": true, "replies": "", "user_reports": [], "saved": false, "id": "e3j9aft", "banned_at_utc": null, "mod_reason_title": null, "gilded": 0, "archived": false, "report_reasons": null, "author": "mimicofmodes", "can_mod_post": false, "send_replies": true, "parent_id": "t3_949k50", "score": 2, "author_fullname": "t2_1n19jp1g", "approved_by": null, "downs": 0, "body": "Sorry, we don't allow [\"example seeking\" questions](https://www.reddit.com/r/AskHistorians/wiki/rules#wiki_no_.22example_seeking.22_questions). It's not that your question was bad; it's that these kinds of questions tend to produce threads that are collections of disjointed, partial, inadequate responses. If you have a question about a specific historical event, period, or person, feel free to rewrite your question and submit it again. If you don't want to rewrite it, you might try submitting it to /r/history, /r/askhistory, or /r/tellmeafact. \n\nFor further explanation of the rule, feel free to consult [this META thread](https://www.reddit.com/r/AskHistorians/comments/3nub87/rules_change_throughout_history_rule_is_replaced/).", "edited": false, "author_flair_css_class": "art", "collapsed": false, "author_flair_richtext": [], "is_submitter": false, "collapsed_reason": null, "body_html": "&lt;div class=\"md\"&gt;&lt;p&gt;Sorry, we don&amp;#39;t allow &lt;a href=\"https://www.reddit.com/r/AskHistorians/wiki/rules#wiki_no_.22example_seeking.22_questions\"&gt;&amp;quot;example seeking&amp;quot; questions&lt;/a&gt;. It&amp;#39;s not that your question was bad; it&amp;#39;s that these kinds of questions tend to produce threads that are collections of disjointed, partial, inadequate responses. If you have a question about a specific historical event, period, or person, feel free to rewrite your question and submit it again. If you don&amp;#39;t want to rewrite it, you might try submitting it to &lt;a href=\"/r/history\"&gt;/r/history&lt;/a&gt;, &lt;a href=\"/r/askhistory\"&gt;/r/askhistory&lt;/a&gt;, or &lt;a href=\"/r/tellmeafact\"&gt;/r/tellmeafact&lt;/a&gt;. &lt;/p&gt;\n\n&lt;p&gt;For further explanation of the rule, feel free to consult &lt;a href=\"https://www.reddit.com/r/AskHistorians/comments/3nub87/rules_change_throughout_history_rule_is_replaced/\"&gt;this META thread&lt;/a&gt;.&lt;/p&gt;\n&lt;/div&gt;", "stickied": false, "subreddit_type": "public", "can_gild": true, "subreddit": "AskHistorians", "author_flair_text_color": "light", "score_hidden": false, "permalink": "/r/AskHistorians/comments/949k50/in_the_rise_and_fall_of_the_third_reich_william_l/e3j9aft/", "num_reports": null, "name": "t1_e3j9aft", "created": 1533331666.0, "author_flair_text": "Moderator | History of Western Fashion", "created_utc": 1533302866.0, "subreddit_name_prefixed": "r/AskHistorians", "controversiality": 0, "depth": 0, "author_flair_background_color": "#ff6666", "mod_reports": [], "mod_note": null, "distinguished": "moderator"}}], "after": null, "before": null}}]