[{"kind": "Listing", "data": {"modhash": "", "dist": 1, "children": [{"kind": "t3", "data": {"approved_at_utc": null, "subreddit": "AskHistorians", "selftext": "[removed]", "user_reports": [], "saved": false, "mod_reason_title": null, "gilded": 0, "clicked": false, "title": "The way classical languages (Greek, Latin, Sanskrit) are taught in modern is very different from how more modern spoken languages are. How has the teaching of these languages differed from today's methods both in classical and post classical time periods?", "link_flair_richtext": [], "subreddit_name_prefixed": "r/AskHistorians", "hidden": false, "pwls": 6, "link_flair_css_class": null, "downs": 0, "parent_whitelist_status": "all_ads", "hide_score": false, "name": "t3_94d33z", "quarantine": false, "link_flair_text_color": "dark", "upvote_ratio": 1.0, "author_flair_background_color": null, "subreddit_type": "public", "ups": 2, "domain": "self.AskHistorians", "media_embed": {}, "author_flair_template_id": null, "is_original_content": false, "author_fullname": "t2_87fs9", "secure_media": null, "is_reddit_media_domain": false, "is_meta": false, "category": null, "secure_media_embed": {}, "link_flair_text": null, "can_mod_post": false, "score": 2, "approved_by": null, "thumbnail": "", "edited": false, "author_flair_css_class": null, "author_flair_richtext": [], "content_categories": null, "is_self": true, "mod_note": null, "created": 1533356553.0, "link_flair_type": "text", "wls": 6, "banned_by": null, "author_flair_type": "text", "contest_mode": false, "selftext_html": "&lt;!-- SC_OFF --&gt;&lt;div class=\"md\"&gt;&lt;p&gt;[removed]&lt;/p&gt;\n&lt;/div&gt;&lt;!-- SC_ON --&gt;", "likes": null, "suggested_sort": null, "banned_at_utc": null, "view_count": null, "archived": false, "no_follow": false, "is_crosspostable": false, "pinned": false, "over_18": false, "media": null, "media_only": false, "link_flair_template_id": null, "can_gild": false, "spoiler": false, "locked": false, "author_flair_text": null, "visited": false, "num_reports": null, "distinguished": null, "subreddit_id": "t5_2ssp3", "mod_reason_by": null, "removal_reason": null, "link_flair_background_color": "", "id": "94d33z", "report_reasons": null, "author": "kmbl654", "num_crossposts": 0, "num_comments": 3, "send_replies": true, "author_flair_text_color": null, "permalink": "/r/AskHistorians/comments/94d33z/the_way_classical_languages_greek_latin_sanskrit/", "whitelist_status": "all_ads", "stickied": false, "url": "https://www.reddit.com/r/AskHistorians/comments/94d33z/the_way_classical_languages_greek_latin_sanskrit/", "subreddit_subscribers": 798142, "created_utc": 1533327753.0, "mod_reports": [], "is_video": false}}], "after": null, "before": null}}, {"kind": "Listing", "data": {"modhash": "", "dist": null, "children": [{"kind": "t1", "data": {"subreddit_id": "t5_2ssp3", "approved_at_utc": null, "ups": 1, "mod_reason_by": null, "banned_by": null, "author_flair_type": "text", "removal_reason": null, "link_id": "t3_94d33z", "author_flair_template_id": "80bb3d9c-c626-11e2-a0f2-12313d1841d1", "likes": null, "no_follow": true, "replies": {"kind": "Listing", "data": {"modhash": "", "dist": null, "children": [{"kind": "t1", "data": {"subreddit_id": "t5_2ssp3", "approved_at_utc": null, "ups": 1, "mod_reason_by": null, "banned_by": null, "author_flair_type": "text", "removal_reason": null, "link_id": "t3_94d33z", "author_flair_template_id": null, "likes": null, "no_follow": true, "replies": {"kind": "Listing", "data": {"modhash": "", "dist": null, "children": [{"kind": "t1", "data": {"subreddit_id": "t5_2ssp3", "approved_at_utc": null, "ups": 2, "mod_reason_by": null, "banned_by": null, "author_flair_type": "text", "removal_reason": null, "link_id": "t3_94d33z", "author_flair_template_id": null, "likes": null, "no_follow": true, "replies": "", "user_reports": [], "saved": false, "id": "e3k2n3s", "banned_at_utc": null, "mod_reason_title": null, "gilded": 0, "archived": false, "report_reasons": null, "author": "kmbl654", "can_mod_post": false, "send_replies": true, "parent_id": "t1_e3k2ist", "score": 2, "author_fullname": "t2_87fs9", "approved_by": null, "downs": 0, "body": "Nevermind, I see you wrote the answer to my question in your comment, will do that.", "edited": false, "author_flair_css_class": null, "collapsed": false, "author_flair_richtext": [], "is_submitter": true, "collapsed_reason": null, "body_html": "&lt;div class=\"md\"&gt;&lt;p&gt;Nevermind, I see you wrote the answer to my question in your comment, will do that.&lt;/p&gt;\n&lt;/div&gt;", "stickied": false, "subreddit_type": "public", "can_gild": true, "subreddit": "AskHistorians", "author_flair_text_color": null, "score_hidden": false, "permalink": "/r/AskHistorians/comments/94d33z/the_way_classical_languages_greek_latin_sanskrit/e3k2n3s/", "num_reports": null, "name": "t1_e3k2n3s", "created": 1533356843.0, "author_flair_text": null, "created_utc": 1533328043.0, "subreddit_name_prefixed": "r/AskHistorians", "controversiality": 0, "depth": 2, "author_flair_background_color": null, "mod_reports": [], "mod_note": null, "distinguished": null}}], "after": null, "before": null}}, "user_reports": [], "saved": false, "id": "e3k2ist", "banned_at_utc": null, "mod_reason_title": null, "gilded": 0, "archived": false, "report_reasons": null, "author": "kmbl654", "can_mod_post": false, "send_replies": true, "parent_id": "t1_e3k2di5", "score": 1, "author_fullname": "t2_87fs9", "approved_by": null, "downs": 0, "body": "My bad, would limiting my question to a certain time period work to fix the question?", "edited": false, "author_flair_css_class": null, "collapsed": false, "author_flair_richtext": [], "is_submitter": true, "collapsed_reason": null, "body_html": "&lt;div class=\"md\"&gt;&lt;p&gt;My bad, would limiting my question to a certain time period work to fix the question?&lt;/p&gt;\n&lt;/div&gt;", "stickied": false, "subreddit_type": "public", "can_gild": true, "subreddit": "AskHistorians", "author_flair_text_color": null, "score_hidden": false, "permalink": "/r/AskHistorians/comments/94d33z/the_way_classical_languages_greek_latin_sanskrit/e3k2ist/", "num_reports": null, "name": "t1_e3k2ist", "created": 1533356740.0, "author_flair_text": null, "created_utc": 1533327940.0, "subreddit_name_prefixed": "r/AskHistorians", "controversiality": 0, "depth": 1, "author_flair_background_color": null, "mod_reports": [], "mod_note": null, "distinguished": null}}], "after": null, "before": null}}, "user_reports": [], "saved": false, "id": "e3k2di5", "banned_at_utc": null, "mod_reason_title": null, "gilded": 0, "archived": false, "report_reasons": null, "author": "mimicofmodes", "can_mod_post": false, "send_replies": true, "parent_id": "t3_94d33z", "score": 1, "author_fullname": "t2_1n19jp1g", "approved_by": null, "downs": 0, "body": "Sorry, we don't allow [\"example seeking\" questions](https://www.reddit.com/r/AskHistorians/wiki/rules#wiki_no_.22example_seeking.22_questions). It's not that your question was bad; it's that these kinds of questions tend to produce threads that are collections of disjointed, partial, inadequate responses. If you can rewrite the question to be about just medieval language instruction compared to today, or just in the ancient Mediterranean world, etc., feel free to do so and submit it again. If you don't want to rewrite it, you might try submitting it to /r/history, /r/askhistory, or /r/tellmeafact. \n\nFor further explanation of the rule, feel free to consult [this META thread](https://www.reddit.com/r/AskHistorians/comments/3nub87/rules_change_throughout_history_rule_is_replaced/).", "edited": false, "author_flair_css_class": "art", "collapsed": false, "author_flair_richtext": [], "is_submitter": false, "collapsed_reason": null, "body_html": "&lt;div class=\"md\"&gt;&lt;p&gt;Sorry, we don&amp;#39;t allow &lt;a href=\"https://www.reddit.com/r/AskHistorians/wiki/rules#wiki_no_.22example_seeking.22_questions\"&gt;&amp;quot;example seeking&amp;quot; questions&lt;/a&gt;. It&amp;#39;s not that your question was bad; it&amp;#39;s that these kinds of questions tend to produce threads that are collections of disjointed, partial, inadequate responses. If you can rewrite the question to be about just medieval language instruction compared to today, or just in the ancient Mediterranean world, etc., feel free to do so and submit it again. If you don&amp;#39;t want to rewrite it, you might try submitting it to &lt;a href=\"/r/history\"&gt;/r/history&lt;/a&gt;, &lt;a href=\"/r/askhistory\"&gt;/r/askhistory&lt;/a&gt;, or &lt;a href=\"/r/tellmeafact\"&gt;/r/tellmeafact&lt;/a&gt;. &lt;/p&gt;\n\n&lt;p&gt;For further explanation of the rule, feel free to consult &lt;a href=\"https://www.reddit.com/r/AskHistorians/comments/3nub87/rules_change_throughout_history_rule_is_replaced/\"&gt;this META thread&lt;/a&gt;.&lt;/p&gt;\n&lt;/div&gt;", "stickied": false, "subreddit_type": "public", "can_gild": true, "subreddit": "AskHistorians", "author_flair_text_color": "light", "score_hidden": false, "permalink": "/r/AskHistorians/comments/94d33z/the_way_classical_languages_greek_latin_sanskrit/e3k2di5/", "num_reports": null, "name": "t1_e3k2di5", "created": 1533356613.0, "author_flair_text": "Moderator | History of Western Fashion", "created_utc": 1533327813.0, "subreddit_name_prefixed": "r/AskHistorians", "controversiality": 0, "depth": 0, "author_flair_background_color": "#ff6666", "mod_reports": [], "mod_note": null, "distinguished": "moderator"}}], "after": null, "before": null}}]