[{"kind": "Listing", "data": {"modhash": "", "dist": 1, "children": [{"kind": "t3", "data": {"approved_at_utc": null, "subreddit": "AskHistorians", "selftext": "Dark Ages. Medieval Times. The Renaissance. What did the people who lived through these times call them? At what point in time were they ascribed these names?\n\n\nAlso when someone coined the term, what made it stick and was there any argument from other historians as to what they should be called.\n\n**Bonus Question: What about the Age of Enlightenment'?", "user_reports": [], "saved": false, "mod_reason_title": null, "gilded": 0, "clicked": false, "title": "Dark Ages. Medieval Times. The Renaissance. What did the people who lived through these times call them? At what point in time were they ascribed these names?", "link_flair_richtext": [], "subreddit_name_prefixed": "r/AskHistorians", "hidden": false, "pwls": 6, "link_flair_css_class": null, "downs": 0, "parent_whitelist_status": "all_ads", "hide_score": false, "name": "t3_94d99z", "quarantine": false, "link_flair_text_color": "dark", "upvote_ratio": 0.76, "author_flair_background_color": null, "subreddit_type": "public", "ups": 2, "domain": "self.AskHistorians", "media_embed": {}, "author_flair_template_id": null, "is_original_content": false, "author_fullname": "t2_oc30k", "secure_media": null, "is_reddit_media_domain": false, "is_meta": false, "category": null, "secure_media_embed": {}, "link_flair_text": null, "can_mod_post": false, "score": 2, "approved_by": null, "thumbnail": "", "edited": false, "author_flair_css_class": null, "author_flair_richtext": [], "content_categories": null, "is_self": true, "mod_note": null, "created": 1533357807.0, "link_flair_type": "text", "wls": 6, "banned_by": null, "author_flair_type": "text", "contest_mode": false, "selftext_html": "&lt;!-- SC_OFF --&gt;&lt;div class=\"md\"&gt;&lt;p&gt;Dark Ages. Medieval Times. The Renaissance. What did the people who lived through these times call them? At what point in time were they ascribed these names?&lt;/p&gt;\n\n&lt;p&gt;Also when someone coined the term, what made it stick and was there any argument from other historians as to what they should be called.&lt;/p&gt;\n\n&lt;p&gt;**Bonus Question: What about the Age of Enlightenment&amp;#39;?&lt;/p&gt;\n&lt;/div&gt;&lt;!-- SC_ON --&gt;", "likes": null, "suggested_sort": null, "banned_at_utc": null, "view_count": null, "archived": false, "no_follow": false, "is_crosspostable": false, "pinned": false, "over_18": false, "media": null, "media_only": false, "link_flair_template_id": null, "can_gild": false, "spoiler": false, "locked": false, "author_flair_text": null, "visited": false, "num_reports": null, "distinguished": null, "subreddit_id": "t5_2ssp3", "mod_reason_by": null, "removal_reason": null, "link_flair_background_color": "", "id": "94d99z", "report_reasons": null, "author": "AldoTheeApache", "num_crossposts": 0, "num_comments": 0, "send_replies": true, "author_flair_text_color": null, "permalink": "/r/AskHistorians/comments/94d99z/dark_ages_medieval_times_the_renaissance_what_did/", "whitelist_status": "all_ads", "stickied": false, "url": "https://www.reddit.com/r/AskHistorians/comments/94d99z/dark_ages_medieval_times_the_renaissance_what_did/", "subreddit_subscribers": 798142, "created_utc": 1533329007.0, "mod_reports": [], "is_video": false}}], "after": null, "before": null}}, {"kind": "Listing", "data": {"modhash": "", "dist": null, "children": [], "after": null, "before": null}}]