[{"kind": "Listing", "data": {"modhash": "", "dist": 1, "children": [{"kind": "t3", "data": {"approved_at_utc": null, "subreddit": "AskHistorians", "selftext": "I remember my history books saying that essentially, Acadians tended to take on a lot of Mi'kmaq culture, they were allies against the British, there was a strong trade. So I was wondering if, prior to the deportation, we could see the beginning of a mixed people. Thanks!", "user_reports": [], "saved": false, "mod_reason_title": null, "gilded": 0, "clicked": false, "title": "Would it be fair to say that Acadians and Mi'kmaq were in the process of becoming a M\u00e9tis culture?", "link_flair_richtext": [], "subreddit_name_prefixed": "r/AskHistorians", "hidden": false, "pwls": 6, "link_flair_css_class": null, "downs": 0, "parent_whitelist_status": "all_ads", "hide_score": false, "name": "t3_7agx6a", "quarantine": false, "link_flair_text_color": "dark", "upvote_ratio": 0.8, "author_flair_background_color": null, "subreddit_type": "public", "ups": 3, "domain": "self.AskHistorians", "media_embed": {}, "author_flair_template_id": null, "is_original_content": false, "secure_media": null, "is_reddit_media_domain": false, "category": null, "secure_media_embed": {}, "link_flair_text": null, "can_mod_post": false, "score": 3, "approved_by": null, "thumbnail": "", "edited": false, "author_flair_css_class": null, "author_flair_richtext": [], "content_categories": null, "is_self": true, "mod_note": null, "created": 1509709189.0, "link_flair_type": "text", "wls": 6, "post_categories": null, "banned_by": null, "author_flair_type": "text", "contest_mode": false, "selftext_html": "&lt;!-- SC_OFF --&gt;&lt;div class=\"md\"&gt;&lt;p&gt;I remember my history books saying that essentially, Acadians tended to take on a lot of Mi&amp;#39;kmaq culture, they were allies against the British, there was a strong trade. So I was wondering if, prior to the deportation, we could see the beginning of a mixed people. Thanks!&lt;/p&gt;\n&lt;/div&gt;&lt;!-- SC_ON --&gt;", "likes": null, "suggested_sort": null, "banned_at_utc": null, "view_count": null, "archived": true, "no_follow": true, "is_crosspostable": false, "pinned": false, "over_18": false, "media_only": false, "can_gild": false, "spoiler": false, "locked": false, "author_flair_text": null, "rte_mode": "markdown", "visited": false, "num_reports": null, "distinguished": null, "subreddit_id": "t5_2ssp3", "mod_reason_by": null, "removal_reason": null, "id": "7agx6a", "report_reasons": null, "author": "Schtroumpfeur", "num_crossposts": 0, "num_comments": 0, "send_replies": true, "mod_reports": [], "author_flair_text_color": null, "permalink": "/r/AskHistorians/comments/7agx6a/would_it_be_fair_to_say_that_acadians_and_mikmaq/", "whitelist_status": "all_ads", "stickied": false, "url": "https://www.reddit.com/r/AskHistorians/comments/7agx6a/would_it_be_fair_to_say_that_acadians_and_mikmaq/", "subreddit_subscribers": 771257, "created_utc": 1509680389.0, "media": null, "is_video": false}}], "after": null, "before": null}}, {"kind": "Listing", "data": {"modhash": "", "dist": null, "children": [], "after": null, "before": null}}]