[{"kind": "Listing", "data": {"modhash": "", "dist": 1, "children": [{"kind": "t3", "data": {"approved_at_utc": null, "subreddit": "AskHistorians", "selftext": "In the aftermath of WWII, Germany and Japan both were subjected to harsh treaties that involved dividing the land into occupational zones in Germany/Austria's case, and a division of Japan's Empire between the Soviets taking Manchuria and North Korea and the US taking South Korea and establishing a military occupation of the home islands.\n\nBut when Italy's peace treaty was signed in 1947, the terms are comparatively lenient, which included relinquishing all colonies in Africa, ceding small amounts of territory to Yugoslavia and Greece, war reparations that could be paid off in trade goods and services, and a limiting of the size of its military, which was suspended just a few years later with Italy's entry into NATO.\n\nWhat prevented the Allies from establishing a military occupation of the country in the same fashion as Germany and Japan? Did the Allies just not have Italy's position in the Mediterranean in their strategic interests? Or was the light treatment deliberate to gain Italy as a willing Western ally as tensions with the USSR rose?", "user_reports": [], "saved": false, "mod_reason_title": null, "gilded": 0, "clicked": false, "title": "Why wasn't Italy subjected to political division or military occupation after WWII?", "link_flair_richtext": [], "subreddit_name_prefixed": "r/AskHistorians", "hidden": false, "pwls": 6, "link_flair_css_class": null, "downs": 0, "parent_whitelist_status": "all_ads", "hide_score": false, "name": "t3_7ajx7u", "quarantine": false, "link_flair_text_color": "dark", "upvote_ratio": 0.93, "author_flair_background_color": "", "subreddit_type": "public", "ups": 11, "domain": "self.AskHistorians", "media_embed": {}, "author_flair_template_id": null, "is_original_content": false, "secure_media": null, "is_reddit_media_domain": false, "category": null, "secure_media_embed": {}, "link_flair_text": null, "can_mod_post": false, "score": 11, "approved_by": null, "thumbnail": "", "edited": false, "author_flair_css_class": null, "content_categories": null, "is_self": true, "mod_note": null, "created": 1509750011.0, "link_flair_type": "text", "wls": 6, "post_categories": null, "banned_by": null, "contest_mode": false, "selftext_html": "&lt;!-- SC_OFF --&gt;&lt;div class=\"md\"&gt;&lt;p&gt;In the aftermath of WWII, Germany and Japan both were subjected to harsh treaties that involved dividing the land into occupational zones in Germany/Austria&amp;#39;s case, and a division of Japan&amp;#39;s Empire between the Soviets taking Manchuria and North Korea and the US taking South Korea and establishing a military occupation of the home islands.&lt;/p&gt;\n\n&lt;p&gt;But when Italy&amp;#39;s peace treaty was signed in 1947, the terms are comparatively lenient, which included relinquishing all colonies in Africa, ceding small amounts of territory to Yugoslavia and Greece, war reparations that could be paid off in trade goods and services, and a limiting of the size of its military, which was suspended just a few years later with Italy&amp;#39;s entry into NATO.&lt;/p&gt;\n\n&lt;p&gt;What prevented the Allies from establishing a military occupation of the country in the same fashion as Germany and Japan? Did the Allies just not have Italy&amp;#39;s position in the Mediterranean in their strategic interests? Or was the light treatment deliberate to gain Italy as a willing Western ally as tensions with the USSR rose?&lt;/p&gt;\n&lt;/div&gt;&lt;!-- SC_ON --&gt;", "likes": null, "suggested_sort": null, "banned_at_utc": null, "view_count": null, "archived": true, "no_follow": false, "is_crosspostable": false, "pinned": false, "over_18": false, "media": null, "media_only": false, "can_gild": false, "spoiler": false, "locked": false, "author_flair_text": null, "rte_mode": "markdown", "visited": false, "num_reports": null, "distinguished": null, "subreddit_id": "t5_2ssp3", "mod_reason_by": null, "removal_reason": null, "id": "7ajx7u", "report_reasons": null, "author": "[deleted]", "num_crossposts": 0, "num_comments": 4, "send_replies": true, "author_flair_text_color": "dark", "permalink": "/r/AskHistorians/comments/7ajx7u/why_wasnt_italy_subjected_to_political_division/", "whitelist_status": "all_ads", "stickied": false, "url": "https://www.reddit.com/r/AskHistorians/comments/7ajx7u/why_wasnt_italy_subjected_to_political_division/", "subreddit_subscribers": 771258, "created_utc": 1509721211.0, "mod_reports": [], "is_video": false}}], "after": null, "before": null}}, {"kind": "Listing", "data": {"modhash": "", "dist": null, "children": [{"kind": "t1", "data": {"subreddit_id": "t5_2ssp3", "approved_at_utc": null, "ups": 14, "mod_reason_by": null, "banned_by": null, "author_flair_type": "richtext", "removal_reason": null, "link_id": "t3_7ajx7u", "author_flair_template_id": null, "likes": null, "no_follow": false, "replies": {"kind": "Listing", "data": {"modhash": "", "dist": null, "children": [{"kind": "t1", "data": {"subreddit_id": "t5_2ssp3", "approved_at_utc": null, "ups": 1, "mod_reason_by": null, "banned_by": null, "author_flair_type": "text", "removal_reason": null, "link_id": "t3_7ajx7u", "author_flair_template_id": null, "likes": null, "no_follow": true, "replies": {"kind": "Listing", "data": {"modhash": "", "dist": null, "children": [{"kind": "t1", "data": {"subreddit_id": "t5_2ssp3", "approved_at_utc": null, "ups": 2, "mod_reason_by": null, "banned_by": null, "author_flair_type": "richtext", "removal_reason": null, "link_id": "t3_7ajx7u", "author_flair_template_id": null, "likes": null, "no_follow": true, "replies": "", "user_reports": [], "saved": false, "id": "dy744no", "banned_at_utc": null, "mod_reason_title": null, "gilded": 0, "archived": true, "report_reasons": null, "author": "AlviseFalier", "can_mod_post": false, "send_replies": true, "parent_id": "t1_dy5krqu", "score": 2, "approved_by": null, "downs": 0, "body": "The largest and most famous anticommunist action in Western Europe undertaken by the United States was the Marshall Plan in 1948, which was administered almost entirely through business interests as to avoid American dollars getting funneled into European social welfare programs. While the Marshall Plan was an Europe-wide initiative, in Italy there was a peculiar conflation of certain strategic industries (now subsidized by American dollars) and the government (also now subsidized by american dollars, as we will see): major Italian industries were managed out of the Italian state-owned holding company, the *Istituto per la Ricostruzione Industriale* (or IRI), which had been created as a vehicle to conduct a series of nationalizations originally intended to counter the effects of the Great Depression. In the post-war era, the presence of clear and open channels of communication between government, industry, and now the United States, not only made for the quick and efficient use of Uncle Sam's money, but also enshrined the ruling Christian Democracy party as the country's largest economic and political powerbroker; a situation which would continue unmutated as long as significant components of the Italy's economy continued to be partially owned by the state. Other early boons to the Christian Democrats were not only pre-Marshall Plan aid packages, but the massive propaganda campaign through the United States Information Service (USIS) which would accompany the Marshall Plan, and of course the catholic church. \n\nTo understand why the Christian Democrats were the disproportionately influential in the administration of the Marshall Plan's largesse requires taking a step back, when the immediate post-war governance of Italy was nebulously split between the the allied command, royalist government, and antifascist militias governing autonomous communities, all in various overlapping spheres of influence. The situation was further confused by the fact that the Italian Communist Party and the Italian Socialist party were participants in the king's government, and although many of the militias were nominally affiliated to these parties, ultimate authority nonetheless was in the hands of the militia's leaders on the ground.\n\nUnder these circumstances, the allied command's all-told indifferent and hands-off approach with regards to Italian politics in the closing acts of the second world war nonetheless adopted a friendly disposition towards catholic authorities, with the vatican secretary of state Mons. Montini and even tangential functionaries like Pietro Galeazzi frequently dialoguing with members of the allied command; missives recount how although no concrete resources were exchanged just yet, the clergy was encouraged to give whatever support they could to members of the Christian Democratic party. A less open but nonetheless friendly attitude was extended to the monarchy, with both US state department and vatican missives corroborating the fact the American leadership was not averse to Prince Umberto succeeding King Victor Emmanuel after an inevitable abdication (the British perspective, although ultimately unheeded, was instead indifferent towards the monarchy and considered its role and fate it of small political consequence before comping out in support of a referendum on the monarchy's continued existence). \n\nOver the course of 1945, the antifascist unity which had characterized the final iterations of the Italian government as recognized by the allies rapidly unraveled, with the left's initiatives pushing for rapid local elections only headed off by fortuitous procedural doubts (the certainty of an imminent constituent assembly certainly delegitimized the government's ability to rapidly enact policy, while the non-existence of a legislature predictably made legislating impossible). Christian Democratic leaders, foremost Prime Minister De Gasperi, actively sought out the advice and reassurance of the US Ambassador Alexander Kirk, but also in an oft-forgotten detail not only presented \"*parere dei giuristi americani*\" (identical to State Department positions) in cabinet meetings but also sought to enshrine the Allied Command's role as *de facto* head of state during the imminent constituent assembly; a role which was preemptively turned down but did not dampen De Gasperi's hopes that a sort of Allied superintendency would remain active in Italy during the constituent assembly. \n\nWhile the dominant current within the State Department embodied by undersecretary Dean Acheson initially preferred a hands-off view, De Gasperi's insistence coupled with wider events in Europe led Ambassador Kirk to advise his superiors that \"having assumed the responsibilities towards the introduction of a democratic form of government, we should facilitate the efforts of elements that tend to that goal with more effective instruments than banal affirmations and emission of desires\" (more or less, I'm re-translating from an Italian paper by Carlo Pinzani, *Gli Stati Uniti e la Questione Istituzionale in Italia*).\n\nIt is clear that De Gasperi had used his post as Foreign Minister in previous governments to build a relationship with occupying authorities and lobby against the Italian Communist Party and instead build up the standing of his own party (given the United States' attitude towards communism, this was not very difficult to do). It is then unsurprising that given the results of the constituent assembly saw the Christian Democrats get 35% of the vote, but the combined Socialists and Communists obtain 38%, the Marshall Plan, USIS, and other efforts taking shape were recalibrated to impact the Christian Democrats more favorably, especially as in the run-up to the 1948 election the Socialists and Communists reached an agreement to form combined lists. \n\nDe Gasperi, still Prime Minister, returned from a long sojourn in the United States where he had been greeted with a ticker-tape parade in New York City in order to lead his party in Italy's most heated election year since the early rise of the Fascist Party. Returning to Italy with an agreement for a loan from the International Monetary Fund (at the time an institution fundamentally propped up exclusively by the United States) De Gasperi bore with him a powerful message from George Marshall himself; the imminent \"Marshall Plan\" would come to naught in the case of a communist victory. \n\nOf course, De Gasperi's own actions within the precarious government propped up by the constituent assembly also acted in autonomy to marginalize the communists and provoke them into faux pas, notably expelling former partisans from police forces and some parts of the civil administration. However, the impact of an increasingly worried State Department, whose worry he worked to actively augment, cannot be written off. ", "edited": false, "author_flair_css_class": "europe", "collapsed": false, "author_flair_richtext": [{"e": "text", "t": "Communal Italy"}], "is_submitter": false, "collapsed_reason": null, "body_html": "&lt;div class=\"md\"&gt;&lt;p&gt;The largest and most famous anticommunist action in Western Europe undertaken by the United States was the Marshall Plan in 1948, which was administered almost entirely through business interests as to avoid American dollars getting funneled into European social welfare programs. While the Marshall Plan was an Europe-wide initiative, in Italy there was a peculiar conflation of certain strategic industries (now subsidized by American dollars) and the government (also now subsidized by american dollars, as we will see): major Italian industries were managed out of the Italian state-owned holding company, the &lt;em&gt;Istituto per la Ricostruzione Industriale&lt;/em&gt; (or IRI), which had been created as a vehicle to conduct a series of nationalizations originally intended to counter the effects of the Great Depression. In the post-war era, the presence of clear and open channels of communication between government, industry, and now the United States, not only made for the quick and efficient use of Uncle Sam&amp;#39;s money, but also enshrined the ruling Christian Democracy party as the country&amp;#39;s largest economic and political powerbroker; a situation which would continue unmutated as long as significant components of the Italy&amp;#39;s economy continued to be partially owned by the state. Other early boons to the Christian Democrats were not only pre-Marshall Plan aid packages, but the massive propaganda campaign through the United States Information Service (USIS) which would accompany the Marshall Plan, and of course the catholic church. &lt;/p&gt;\n\n&lt;p&gt;To understand why the Christian Democrats were the disproportionately influential in the administration of the Marshall Plan&amp;#39;s largesse requires taking a step back, when the immediate post-war governance of Italy was nebulously split between the the allied command, royalist government, and antifascist militias governing autonomous communities, all in various overlapping spheres of influence. The situation was further confused by the fact that the Italian Communist Party and the Italian Socialist party were participants in the king&amp;#39;s government, and although many of the militias were nominally affiliated to these parties, ultimate authority nonetheless was in the hands of the militia&amp;#39;s leaders on the ground.&lt;/p&gt;\n\n&lt;p&gt;Under these circumstances, the allied command&amp;#39;s all-told indifferent and hands-off approach with regards to Italian politics in the closing acts of the second world war nonetheless adopted a friendly disposition towards catholic authorities, with the vatican secretary of state Mons. Montini and even tangential functionaries like Pietro Galeazzi frequently dialoguing with members of the allied command; missives recount how although no concrete resources were exchanged just yet, the clergy was encouraged to give whatever support they could to members of the Christian Democratic party. A less open but nonetheless friendly attitude was extended to the monarchy, with both US state department and vatican missives corroborating the fact the American leadership was not averse to Prince Umberto succeeding King Victor Emmanuel after an inevitable abdication (the British perspective, although ultimately unheeded, was instead indifferent towards the monarchy and considered its role and fate it of small political consequence before comping out in support of a referendum on the monarchy&amp;#39;s continued existence). &lt;/p&gt;\n\n&lt;p&gt;Over the course of 1945, the antifascist unity which had characterized the final iterations of the Italian government as recognized by the allies rapidly unraveled, with the left&amp;#39;s initiatives pushing for rapid local elections only headed off by fortuitous procedural doubts (the certainty of an imminent constituent assembly certainly delegitimized the government&amp;#39;s ability to rapidly enact policy, while the non-existence of a legislature predictably made legislating impossible). Christian Democratic leaders, foremost Prime Minister De Gasperi, actively sought out the advice and reassurance of the US Ambassador Alexander Kirk, but also in an oft-forgotten detail not only presented &amp;quot;&lt;em&gt;parere dei giuristi americani&lt;/em&gt;&amp;quot; (identical to State Department positions) in cabinet meetings but also sought to enshrine the Allied Command&amp;#39;s role as &lt;em&gt;de facto&lt;/em&gt; head of state during the imminent constituent assembly; a role which was preemptively turned down but did not dampen De Gasperi&amp;#39;s hopes that a sort of Allied superintendency would remain active in Italy during the constituent assembly. &lt;/p&gt;\n\n&lt;p&gt;While the dominant current within the State Department embodied by undersecretary Dean Acheson initially preferred a hands-off view, De Gasperi&amp;#39;s insistence coupled with wider events in Europe led Ambassador Kirk to advise his superiors that &amp;quot;having assumed the responsibilities towards the introduction of a democratic form of government, we should facilitate the efforts of elements that tend to that goal with more effective instruments than banal affirmations and emission of desires&amp;quot; (more or less, I&amp;#39;m re-translating from an Italian paper by Carlo Pinzani, &lt;em&gt;Gli Stati Uniti e la Questione Istituzionale in Italia&lt;/em&gt;).&lt;/p&gt;\n\n&lt;p&gt;It is clear that De Gasperi had used his post as Foreign Minister in previous governments to build a relationship with occupying authorities and lobby against the Italian Communist Party and instead build up the standing of his own party (given the United States&amp;#39; attitude towards communism, this was not very difficult to do). It is then unsurprising that given the results of the constituent assembly saw the Christian Democrats get 35% of the vote, but the combined Socialists and Communists obtain 38%, the Marshall Plan, USIS, and other efforts taking shape were recalibrated to impact the Christian Democrats more favorably, especially as in the run-up to the 1948 election the Socialists and Communists reached an agreement to form combined lists. &lt;/p&gt;\n\n&lt;p&gt;De Gasperi, still Prime Minister, returned from a long sojourn in the United States where he had been greeted with a ticker-tape parade in New York City in order to lead his party in Italy&amp;#39;s most heated election year since the early rise of the Fascist Party. Returning to Italy with an agreement for a loan from the International Monetary Fund (at the time an institution fundamentally propped up exclusively by the United States) De Gasperi bore with him a powerful message from George Marshall himself; the imminent &amp;quot;Marshall Plan&amp;quot; would come to naught in the case of a communist victory. &lt;/p&gt;\n\n&lt;p&gt;Of course, De Gasperi&amp;#39;s own actions within the precarious government propped up by the constituent assembly also acted in autonomy to marginalize the communists and provoke them into faux pas, notably expelling former partisans from police forces and some parts of the civil administration. However, the impact of an increasingly worried State Department, whose worry he worked to actively augment, cannot be written off. &lt;/p&gt;\n&lt;/div&gt;", "stickied": false, "subreddit_type": "public", "can_gild": true, "subreddit": "AskHistorians", "author_flair_text_color": null, "score_hidden": false, "permalink": "/r/AskHistorians/comments/7ajx7u/why_wasnt_italy_subjected_to_political_division/dy744no/", "num_reports": null, "name": "t1_dy744no", "created": 1525090689.0, "author_flair_text": "Communal Italy", "rte_mode": "markdown", "created_utc": 1525061889.0, "subreddit_name_prefixed": "r/AskHistorians", "controversiality": 0, "depth": 2, "author_flair_background_color": null, "mod_reports": [], "mod_note": null, "distinguished": null}}], "after": null, "before": null}}, "user_reports": [], "saved": false, "id": "dy5krqu", "banned_at_utc": null, "mod_reason_title": null, "gilded": 0, "archived": true, "report_reasons": null, "author": "Mamamayan", "can_mod_post": false, "send_replies": true, "parent_id": "t1_dpfqlgh", "score": 1, "approved_by": null, "downs": 0, "body": "&gt;This unintended consequence of US policy led the State Department to scramble in order to undermine the radical leftist forces in Italy; but that's in great part a discussion for another time.\u00a0\n\nWhen and how did they do this?", "edited": false, "author_flair_css_class": null, "collapsed": false, "author_flair_richtext": [], "is_submitter": false, "collapsed_reason": null, "body_html": "&lt;div class=\"md\"&gt;&lt;blockquote&gt;\n&lt;p&gt;This unintended consequence of US policy led the State Department to scramble in order to undermine the radical leftist forces in Italy; but that&amp;#39;s in great part a discussion for another time.\u00a0&lt;/p&gt;\n&lt;/blockquote&gt;\n\n&lt;p&gt;When and how did they do this?&lt;/p&gt;\n&lt;/div&gt;", "stickied": false, "subreddit_type": "public", "can_gild": true, "subreddit": "AskHistorians", "author_flair_text_color": null, "score_hidden": false, "permalink": "/r/AskHistorians/comments/7ajx7u/why_wasnt_italy_subjected_to_political_division/dy5krqu/", "num_reports": null, "name": "t1_dy5krqu", "created": 1525019893.0, "author_flair_text": null, "rte_mode": "markdown", "created_utc": 1524991093.0, "subreddit_name_prefixed": "r/AskHistorians", "controversiality": 0, "depth": 1, "author_flair_background_color": null, "mod_reports": [], "mod_note": null, "distinguished": null}}], "after": null, "before": null}}, "user_reports": [], "saved": false, "id": "dpfqlgh", "banned_at_utc": null, "mod_reason_title": null, "gilded": 0, "archived": true, "report_reasons": null, "author": "AlviseFalier", "can_mod_post": false, "send_replies": true, "parent_id": "t3_7ajx7u", "score": 14, "approved_by": null, "downs": 0, "body": "There are a number of convergent forces impacting Italy's weaker occupation and rapid rehabilitation after the war. Sorry for only getting to this now; but this is a very complex question with many nuances (for this reason you and any other reader should also feel free to ask follow up questions!)\n\nFirst and foremost, it's important to keep in mind that Italy was the first Axis power to surrender. Although Eisenhower and the American command was firm with the Italian government and demanded an unconditional surrender, the State Department grappled with establishing a policy addressing the attractive prospect of using Italian resources and material, even leading Secretary of State Cordell Hull to comment that it would be difficult to impose postwar sanctions on Italy if the present attitude continued. Of course, this didn't stop the country from being completely de-armed after the war, but the important thing is that between 1943 and 1945 Italy was more of a battleground than a belligerent. As early as the winter of 1943-1944, the State department had shifted its economic policy from economic relief to outright industrial rehabilitation as it collected all the resources it could in order to fight its way up the peninsula against the occupying German forces. \n\nThere's also an argument to be made that, unlike the very americanized and integrated German-american population, the Italian-American and Catholic voting blocks in the United States had a complicated and not entirely unfavorable view of Italy, making a punitive postwar policy untenable. Indeed the United States supported Italy's appeals against the harsher aspects of the final peace treaty, eventually encouraging the whole thing to be disregarded once Italy became a member of NATO. But there was an even stronger force in that both the United States government and voting public was concerned with the growing strength of the authoritarian Soviet Bloc, while simultaneously extremely adverse to getting dragged into yet another European war. The occupation of Germany was as much an effort to line divisions and tanks along the inner German border as it was to pacify the nation which had, in the public mind, caused two great conflicts in the past fifty years. This was already a lot for the American voters to stomach, so an additional occupation in Italy to defend against the Soviets might have been too much. It was much easier to just encourage the Italians to re-arm themselves. \n\nPlus, with no actual Soviet troops having ever entered Italy (save for an attempted Yugoslav occupation of Triest which was not strictly speaking Soviet and was nonetheless rapidly expelled) it was very easy for the United States to lump Italy along with France and Britain in the category of nations to help back on their feet and in a condition to at least partially fend for themselves should Russian tanks breach the Iron Curtain (even though the necessity of the urgency with which the United States prodded Wester Europe to coalesce is another topic).  \n\nAnother, somewhat interesting aspect, of the American attitude towards Italy is the consequence of the willingness to keep the Fascist administration intact in the immediate aftermath of the surrender. As discussed above, Italian public and private resources were exploited for the war effort; in order to do this, a large proportion of fascist public officials and fascist-tied business leaders had to be kept in place and indeed became close collaborators of the Anglo-American forces. Parallel to this, the United States' military government ignored anti-fascist militias and revolutionary groups operating behind enemy lines as Mussolini's puppet government spiraled into Civil War. This encouraged a deep divide between the internationally recognized but unpopular royalist government in the south and the antifascist militias in the north increasingly regressing into communist radicalism; two forces which should have instead been united against Mussolini's puppet regime. Perhaps hoping that the new postwar Constituent Assembly would legitimize those who had collaborated with the United States by granting them a clear majority, instead there emerged an otherwise unlikely antifascist-liberal-labor-communist block who very nearly gained half the seats and had no sympathy for the conservatives who had been left in power. \n\nThis unintended consequence of US policy led the State Department to scramble in order to undermine the radical leftist forces in Italy; but that's in great part a discussion for another time. Hopefully I've at the very least provided a clear and comprehensive reason why Italy's post-war terms were as lenient as they were. \n\nIf you'd like to read more, there's the old *Italy and the Allies* by Norman Kogan, published in 1956. A more recent book with a more holistic examination of post-war Europe is *Cold War Europe: The Politics of a Contested Continent* by Mark Gilbert, published in 2014. Paul Ginsborg's 2003 *A History of Contemporary Italy: Society and Politics, 1943-1988* is another, Italy-specific, resource you might want to look at (however I'm not entirely sympathetic to Ginsborg's internal political analyses).", "edited": 1510677989.0, "author_flair_css_class": "europe", "collapsed": false, "author_flair_richtext": [{"e": "text", "t": "Communal Italy"}], "is_submitter": false, "collapsed_reason": null, "body_html": "&lt;div class=\"md\"&gt;&lt;p&gt;There are a number of convergent forces impacting Italy&amp;#39;s weaker occupation and rapid rehabilitation after the war. Sorry for only getting to this now; but this is a very complex question with many nuances (for this reason you and any other reader should also feel free to ask follow up questions!)&lt;/p&gt;\n\n&lt;p&gt;First and foremost, it&amp;#39;s important to keep in mind that Italy was the first Axis power to surrender. Although Eisenhower and the American command was firm with the Italian government and demanded an unconditional surrender, the State Department grappled with establishing a policy addressing the attractive prospect of using Italian resources and material, even leading Secretary of State Cordell Hull to comment that it would be difficult to impose postwar sanctions on Italy if the present attitude continued. Of course, this didn&amp;#39;t stop the country from being completely de-armed after the war, but the important thing is that between 1943 and 1945 Italy was more of a battleground than a belligerent. As early as the winter of 1943-1944, the State department had shifted its economic policy from economic relief to outright industrial rehabilitation as it collected all the resources it could in order to fight its way up the peninsula against the occupying German forces. &lt;/p&gt;\n\n&lt;p&gt;There&amp;#39;s also an argument to be made that, unlike the very americanized and integrated German-american population, the Italian-American and Catholic voting blocks in the United States had a complicated and not entirely unfavorable view of Italy, making a punitive postwar policy untenable. Indeed the United States supported Italy&amp;#39;s appeals against the harsher aspects of the final peace treaty, eventually encouraging the whole thing to be disregarded once Italy became a member of NATO. But there was an even stronger force in that both the United States government and voting public was concerned with the growing strength of the authoritarian Soviet Bloc, while simultaneously extremely adverse to getting dragged into yet another European war. The occupation of Germany was as much an effort to line divisions and tanks along the inner German border as it was to pacify the nation which had, in the public mind, caused two great conflicts in the past fifty years. This was already a lot for the American voters to stomach, so an additional occupation in Italy to defend against the Soviets might have been too much. It was much easier to just encourage the Italians to re-arm themselves. &lt;/p&gt;\n\n&lt;p&gt;Plus, with no actual Soviet troops having ever entered Italy (save for an attempted Yugoslav occupation of Triest which was not strictly speaking Soviet and was nonetheless rapidly expelled) it was very easy for the United States to lump Italy along with France and Britain in the category of nations to help back on their feet and in a condition to at least partially fend for themselves should Russian tanks breach the Iron Curtain (even though the necessity of the urgency with which the United States prodded Wester Europe to coalesce is another topic).  &lt;/p&gt;\n\n&lt;p&gt;Another, somewhat interesting aspect, of the American attitude towards Italy is the consequence of the willingness to keep the Fascist administration intact in the immediate aftermath of the surrender. As discussed above, Italian public and private resources were exploited for the war effort; in order to do this, a large proportion of fascist public officials and fascist-tied business leaders had to be kept in place and indeed became close collaborators of the Anglo-American forces. Parallel to this, the United States&amp;#39; military government ignored anti-fascist militias and revolutionary groups operating behind enemy lines as Mussolini&amp;#39;s puppet government spiraled into Civil War. This encouraged a deep divide between the internationally recognized but unpopular royalist government in the south and the antifascist militias in the north increasingly regressing into communist radicalism; two forces which should have instead been united against Mussolini&amp;#39;s puppet regime. Perhaps hoping that the new postwar Constituent Assembly would legitimize those who had collaborated with the United States by granting them a clear majority, instead there emerged an otherwise unlikely antifascist-liberal-labor-communist block who very nearly gained half the seats and had no sympathy for the conservatives who had been left in power. &lt;/p&gt;\n\n&lt;p&gt;This unintended consequence of US policy led the State Department to scramble in order to undermine the radical leftist forces in Italy; but that&amp;#39;s in great part a discussion for another time. Hopefully I&amp;#39;ve at the very least provided a clear and comprehensive reason why Italy&amp;#39;s post-war terms were as lenient as they were. &lt;/p&gt;\n\n&lt;p&gt;If you&amp;#39;d like to read more, there&amp;#39;s the old &lt;em&gt;Italy and the Allies&lt;/em&gt; by Norman Kogan, published in 1956. A more recent book with a more holistic examination of post-war Europe is &lt;em&gt;Cold War Europe: The Politics of a Contested Continent&lt;/em&gt; by Mark Gilbert, published in 2014. Paul Ginsborg&amp;#39;s 2003 &lt;em&gt;A History of Contemporary Italy: Society and Politics, 1943-1988&lt;/em&gt; is another, Italy-specific, resource you might want to look at (however I&amp;#39;m not entirely sympathetic to Ginsborg&amp;#39;s internal political analyses).&lt;/p&gt;\n&lt;/div&gt;", "stickied": false, "subreddit_type": "public", "can_gild": true, "subreddit": "AskHistorians", "author_flair_text_color": null, "score_hidden": false, "permalink": "/r/AskHistorians/comments/7ajx7u/why_wasnt_italy_subjected_to_political_division/dpfqlgh/", "num_reports": null, "name": "t1_dpfqlgh", "created": 1510023431.0, "author_flair_text": "Communal Italy", "rte_mode": "markdown", "created_utc": 1509994631.0, "subreddit_name_prefixed": "r/AskHistorians", "controversiality": 0, "depth": 0, "author_flair_background_color": null, "mod_reports": [], "mod_note": null, "distinguished": null}}], "after": null, "before": null}}]