[{"kind": "Listing", "data": {"modhash": "", "dist": 1, "children": [{"kind": "t3", "data": {"approved_at_utc": null, "subreddit": "AskHistorians", "selftext": "", "user_reports": [], "saved": false, "mod_reason_title": null, "gilded": 0, "clicked": false, "title": "Did the Anglo-Saxons and the Vikings both recognize their shared linguistic, cultural, and religious heritage?", "link_flair_richtext": [], "subreddit_name_prefixed": "r/AskHistorians", "hidden": false, "pwls": 6, "link_flair_css_class": null, "downs": 0, "parent_whitelist_status": "all_ads", "hide_score": false, "name": "t3_7akz2t", "quarantine": false, "link_flair_text_color": "dark", "upvote_ratio": 0.94, "author_flair_background_color": null, "subreddit_type": "public", "ups": 294, "domain": "self.AskHistorians", "media_embed": {}, "author_flair_template_id": null, "is_original_content": false, "secure_media": null, "is_reddit_media_domain": false, "category": null, "secure_media_embed": {}, "link_flair_text": null, "can_mod_post": false, "score": 294, "approved_by": null, "thumbnail": "", "edited": false, "author_flair_css_class": null, "author_flair_richtext": [], "content_categories": null, "is_self": true, "mod_note": null, "created": 1509759462.0, "link_flair_type": "text", "wls": 6, "post_categories": null, "banned_by": null, "author_flair_type": "text", "contest_mode": false, "selftext_html": null, "likes": null, "suggested_sort": null, "banned_at_utc": null, "view_count": null, "archived": true, "no_follow": false, "is_crosspostable": false, "pinned": false, "over_18": false, "media_only": false, "can_gild": false, "spoiler": false, "locked": false, "author_flair_text": null, "rte_mode": "markdown", "visited": false, "num_reports": null, "distinguished": null, "subreddit_id": "t5_2ssp3", "mod_reason_by": null, "removal_reason": null, "id": "7akz2t", "report_reasons": null, "author": "AustinioForza", "num_crossposts": 0, "num_comments": 10, "send_replies": true, "mod_reports": [], "author_flair_text_color": null, "permalink": "/r/AskHistorians/comments/7akz2t/did_the_anglosaxons_and_the_vikings_both/", "whitelist_status": "all_ads", "stickied": false, "url": "https://www.reddit.com/r/AskHistorians/comments/7akz2t/did_the_anglosaxons_and_the_vikings_both/", "subreddit_subscribers": 771258, "created_utc": 1509730662.0, "media": null, "is_video": false}}], "after": null, "before": null}}, {"kind": "Listing", "data": {"modhash": "", "dist": null, "children": [{"kind": "t1", "data": {"subreddit_id": "t5_2ssp3", "approved_at_utc": null, "ups": 105, "mod_reason_by": null, "banned_by": null, "author_flair_type": "richtext", "removal_reason": null, "link_id": "t3_7akz2t", "author_flair_template_id": null, "likes": null, "no_follow": false, "replies": "", "user_reports": [], "saved": false, "id": "dpbb2sq", "banned_at_utc": null, "mod_reason_title": null, "gilded": 0, "archived": true, "report_reasons": null, "author": "BRIStoneman", "can_mod_post": false, "send_replies": true, "parent_id": "t3_7akz2t", "score": 105, "approved_by": null, "downs": 0, "body": "If they did, then their literary sources took great pains to avoid acknowledging it. By the first confirmed Viking attack in 793, the Anglo-Saxons had been Christian for two centuries, and sought to emphasise this fervent faith over their historic Paganism. While their previous religion is quashed, a sense of ethnic identity clearly *is* maintained among the English elite: when the princess Eadgyth marries the future Holy Roman Emperor Otto I in 924, the *Mercian Register* in the *Anglo-Saxon Chronicle* records that \"[King \u00c6thelstan] gave his sister in marriage to the son of the king of the Old Saxons.\"\n\nCompared to this expressed kinship, the Vikings are othered in every way possible, largely through rhetoric intent on framing the Christian triumph of the Cerdicing dynasty (what Asser terms the *Gewisse*) at the centre of English royal and political identity. When the Vikings first raid Lindesfarne in 793, they are referred to as *heathens*. Later on, they are referred to explicitly as *the Danes* to explicitly differentiate them from the English armies of Wessex and Mercia. Whether or not there was a unity between Vikings and English in the Danelaw, in the *Anglo-Saxon Chronicle*, differentiation is still made between the Viking occupiers and 'the Englishmen living under the Danes.'\n\nThe theme of the religious other as threat is particularly developed by Asser in his *Vita \u00c6lfredi* or Life of Alfred the Great. Although modern translations invariably use 'the Vikings' for ease of continuity and understanding in a modern audience, Asser himself repeatedly refers to the Vikings simply as 'The Heathens' or 'The Pagans'. In contrast, the English armies which face them are routinely described as 'The Christians'. This is a clear stylistic choice, one which openly invites comparisson between Alfred's Wessex and other feats of Christian resistance in the face of 'heathen' armageddon, such as Charles Martel at Tours, or events like the Battle of Roncevaux Pass which would later go on to form the basis of *Chansons de Geste* - literally Songs of Deeds - such as the *Song of Roland*.", "edited": false, "author_flair_css_class": "europe", "collapsed": false, "author_flair_richtext": [{"e": "text", "t": "Early Medieval Europe | Anglo-Saxon England"}], "is_submitter": false, "collapsed_reason": null, "body_html": "&lt;div class=\"md\"&gt;&lt;p&gt;If they did, then their literary sources took great pains to avoid acknowledging it. By the first confirmed Viking attack in 793, the Anglo-Saxons had been Christian for two centuries, and sought to emphasise this fervent faith over their historic Paganism. While their previous religion is quashed, a sense of ethnic identity clearly &lt;em&gt;is&lt;/em&gt; maintained among the English elite: when the princess Eadgyth marries the future Holy Roman Emperor Otto I in 924, the &lt;em&gt;Mercian Register&lt;/em&gt; in the &lt;em&gt;Anglo-Saxon Chronicle&lt;/em&gt; records that &amp;quot;[King \u00c6thelstan] gave his sister in marriage to the son of the king of the Old Saxons.&amp;quot;&lt;/p&gt;\n\n&lt;p&gt;Compared to this expressed kinship, the Vikings are othered in every way possible, largely through rhetoric intent on framing the Christian triumph of the Cerdicing dynasty (what Asser terms the &lt;em&gt;Gewisse&lt;/em&gt;) at the centre of English royal and political identity. When the Vikings first raid Lindesfarne in 793, they are referred to as &lt;em&gt;heathens&lt;/em&gt;. Later on, they are referred to explicitly as &lt;em&gt;the Danes&lt;/em&gt; to explicitly differentiate them from the English armies of Wessex and Mercia. Whether or not there was a unity between Vikings and English in the Danelaw, in the &lt;em&gt;Anglo-Saxon Chronicle&lt;/em&gt;, differentiation is still made between the Viking occupiers and &amp;#39;the Englishmen living under the Danes.&amp;#39;&lt;/p&gt;\n\n&lt;p&gt;The theme of the religious other as threat is particularly developed by Asser in his &lt;em&gt;Vita \u00c6lfredi&lt;/em&gt; or Life of Alfred the Great. Although modern translations invariably use &amp;#39;the Vikings&amp;#39; for ease of continuity and understanding in a modern audience, Asser himself repeatedly refers to the Vikings simply as &amp;#39;The Heathens&amp;#39; or &amp;#39;The Pagans&amp;#39;. In contrast, the English armies which face them are routinely described as &amp;#39;The Christians&amp;#39;. This is a clear stylistic choice, one which openly invites comparisson between Alfred&amp;#39;s Wessex and other feats of Christian resistance in the face of &amp;#39;heathen&amp;#39; armageddon, such as Charles Martel at Tours, or events like the Battle of Roncevaux Pass which would later go on to form the basis of &lt;em&gt;Chansons de Geste&lt;/em&gt; - literally Songs of Deeds - such as the &lt;em&gt;Song of Roland&lt;/em&gt;.&lt;/p&gt;\n&lt;/div&gt;", "stickied": false, "subreddit_type": "public", "can_gild": true, "subreddit": "AskHistorians", "author_flair_text_color": null, "score_hidden": false, "permalink": "/r/AskHistorians/comments/7akz2t/did_the_anglosaxons_and_the_vikings_both/dpbb2sq/", "num_reports": null, "name": "t1_dpbb2sq", "created": 1509781086.0, "author_flair_text": "Early Medieval Europe | Anglo-Saxon England", "rte_mode": "markdown", "created_utc": 1509752286.0, "subreddit_name_prefixed": "r/AskHistorians", "controversiality": 0, "depth": 0, "author_flair_background_color": null, "mod_reports": [], "mod_note": null, "distinguished": null}}, {"kind": "t1", "data": {"subreddit_id": "t5_2ssp3", "approved_at_utc": null, "ups": -2, "mod_reason_by": null, "banned_by": null, "removal_reason": null, "link_id": "t3_7akz2t", "author_flair_template_id": null, "likes": null, "no_follow": true, "replies": {"kind": "Listing", "data": {"modhash": "", "dist": null, "children": [{"kind": "t1", "data": {"subreddit_id": "t5_2ssp3", "approved_at_utc": null, "ups": 19, "mod_reason_by": null, "banned_by": null, "author_flair_type": "text", "removal_reason": null, "link_id": "t3_7akz2t", "author_flair_template_id": null, "likes": null, "no_follow": false, "replies": {"kind": "Listing", "data": {"modhash": "", "dist": null, "children": [{"kind": "t1", "data": {"subreddit_id": "t5_2ssp3", "approved_at_utc": null, "ups": 35, "mod_reason_by": null, "banned_by": null, "author_flair_type": "richtext", "removal_reason": null, "link_id": "t3_7akz2t", "author_flair_template_id": null, "likes": null, "no_follow": false, "replies": {"kind": "Listing", "data": {"modhash": "", "dist": null, "children": [{"kind": "t1", "data": {"subreddit_id": "t5_2ssp3", "approved_at_utc": null, "ups": 1, "mod_reason_by": null, "banned_by": null, "author_flair_type": "text", "removal_reason": null, "link_id": "t3_7akz2t", "author_flair_template_id": null, "likes": null, "no_follow": true, "replies": {"kind": "Listing", "data": {"modhash": "", "dist": null, "children": [{"kind": "t1", "data": {"subreddit_id": "t5_2ssp3", "approved_at_utc": null, "ups": 12, "mod_reason_by": null, "banned_by": null, "author_flair_type": "richtext", "removal_reason": null, "link_id": "t3_7akz2t", "author_flair_template_id": null, "likes": null, "no_follow": false, "replies": {"kind": "Listing", "data": {"modhash": "", "dist": null, "children": [{"kind": "t1", "data": {"subreddit_id": "t5_2ssp3", "approved_at_utc": null, "ups": 3, "mod_reason_by": null, "banned_by": null, "author_flair_type": "text", "removal_reason": null, "link_id": "t3_7akz2t", "author_flair_template_id": null, "likes": null, "no_follow": false, "replies": "", "user_reports": [], "saved": false, "id": "dpbdiwl", "banned_at_utc": null, "mod_reason_title": null, "gilded": 0, "archived": true, "report_reasons": null, "author": "combat_wombat1", "can_mod_post": false, "send_replies": true, "parent_id": "t1_dpbdev5", "score": 3, "approved_by": null, "downs": 0, "body": "Ah I was I was thinking you were talking about during the time frame of the question thanks. ", "edited": false, "author_flair_css_class": null, "collapsed": false, "author_flair_richtext": [], "is_submitter": false, "collapsed_reason": null, "body_html": "&lt;div class=\"md\"&gt;&lt;p&gt;Ah I was I was thinking you were talking about during the time frame of the question thanks. &lt;/p&gt;\n&lt;/div&gt;", "stickied": false, "subreddit_type": "public", "can_gild": true, "subreddit": "AskHistorians", "author_flair_text_color": null, "score_hidden": false, "permalink": "/r/AskHistorians/comments/7akz2t/did_the_anglosaxons_and_the_vikings_both/dpbdiwl/", "num_reports": null, "name": "t1_dpbdiwl", "created": 1509784202.0, "author_flair_text": null, "rte_mode": "markdown", "created_utc": 1509755402.0, "subreddit_name_prefixed": "r/AskHistorians", "controversiality": 0, "depth": 5, "author_flair_background_color": null, "mod_reports": [], "mod_note": null, "distinguished": null}}], "after": null, "before": null}}, "user_reports": [], "saved": false, "id": "dpbdev5", "banned_at_utc": null, "mod_reason_title": null, "gilded": 0, "archived": true, "report_reasons": null, "author": "BRIStoneman", "can_mod_post": false, "send_replies": true, "parent_id": "t1_dpbd6tj", "score": 12, "approved_by": null, "downs": 0, "body": "Black, Asian (predominantly Indian, Bangladeshi and Pakistani), Arabic etc.   Even combined, all minority ethnicities still only comprise about 10% of the population.", "edited": false, "author_flair_css_class": "europe", "collapsed": false, "author_flair_richtext": [{"e": "text", "t": "Early Medieval Europe | Anglo-Saxon England"}], "is_submitter": false, "collapsed_reason": null, "body_html": "&lt;div class=\"md\"&gt;&lt;p&gt;Black, Asian (predominantly Indian, Bangladeshi and Pakistani), Arabic etc.   Even combined, all minority ethnicities still only comprise about 10% of the population.&lt;/p&gt;\n&lt;/div&gt;", "stickied": false, "subreddit_type": "public", "can_gild": true, "subreddit": "AskHistorians", "author_flair_text_color": null, "score_hidden": false, "permalink": "/r/AskHistorians/comments/7akz2t/did_the_anglosaxons_and_the_vikings_both/dpbdev5/", "num_reports": null, "name": "t1_dpbdev5", "created": 1509784060.0, "author_flair_text": "Early Medieval Europe | Anglo-Saxon England", "rte_mode": "markdown", "created_utc": 1509755260.0, "subreddit_name_prefixed": "r/AskHistorians", "controversiality": 0, "depth": 4, "author_flair_background_color": null, "mod_reports": [], "mod_note": null, "distinguished": null}}], "after": null, "before": null}}, "user_reports": [], "saved": false, "id": "dpbd6tj", "banned_at_utc": null, "mod_reason_title": null, "gilded": 0, "archived": true, "report_reasons": null, "author": "combat_wombat1", "can_mod_post": false, "send_replies": true, "parent_id": "t1_dpbbjwa", "score": 1, "approved_by": null, "downs": 0, "body": "What does \"ethnically non-white\" mean in this context? ", "edited": false, "author_flair_css_class": null, "collapsed": false, "author_flair_richtext": [], "is_submitter": false, "collapsed_reason": null, "body_html": "&lt;div class=\"md\"&gt;&lt;p&gt;What does &amp;quot;ethnically non-white&amp;quot; mean in this context? &lt;/p&gt;\n&lt;/div&gt;", "stickied": false, "subreddit_type": "public", "can_gild": true, "subreddit": "AskHistorians", "author_flair_text_color": null, "score_hidden": false, "permalink": "/r/AskHistorians/comments/7akz2t/did_the_anglosaxons_and_the_vikings_both/dpbd6tj/", "num_reports": null, "name": "t1_dpbd6tj", "created": 1509783765.0, "author_flair_text": null, "rte_mode": "markdown", "created_utc": 1509754965.0, "subreddit_name_prefixed": "r/AskHistorians", "controversiality": 0, "depth": 3, "author_flair_background_color": null, "mod_reports": [], "mod_note": null, "distinguished": null}}, {"kind": "t1", "data": {"subreddit_id": "t5_2ssp3", "approved_at_utc": null, "ups": 0, "mod_reason_by": null, "banned_by": null, "removal_reason": null, "link_id": "t3_7akz2t", "author_flair_template_id": null, "likes": null, "no_follow": true, "replies": {"kind": "Listing", "data": {"modhash": "", "dist": null, "children": [{"kind": "t1", "data": {"subreddit_id": "t5_2ssp3", "approved_at_utc": null, "ups": 8, "mod_reason_by": null, "banned_by": null, "author_flair_type": "richtext", "removal_reason": null, "link_id": "t3_7akz2t", "author_flair_template_id": null, "likes": null, "no_follow": false, "replies": "", "user_reports": [], "saved": false, "id": "dpbf0jj", "banned_at_utc": null, "mod_reason_title": null, "gilded": 0, "archived": true, "report_reasons": null, "author": "BRIStoneman", "can_mod_post": false, "send_replies": true, "parent_id": "t1_dpbe4mr", "score": 8, "approved_by": null, "downs": 0, "body": "For my source, I've used Capelli et al. [2003], \"A Y chromosome census of the British Isles\" *Curr. Biol.* 13, 979\u2013984), which appears to be where the author of that source has got their figures from, but they seem to have slightly re-interpreted what that study revealed, potentially to construct a more 'interesting' story.\n\nSpecifically, the ~30% of migratory dna was explicitly tested to be of Anglo-Saxon/Germanic origin. The conclusion that British people are Basque also seems to be a slight reach, with the initial survey merely stating that there is a genetic similarity between native Brythonic Celts and the Celt-Iberians suggesting a common Paleolithic origin.", "edited": false, "author_flair_css_class": "europe", "collapsed": false, "author_flair_richtext": [{"e": "text", "t": "Early Medieval Europe | Anglo-Saxon England"}], "is_submitter": false, "collapsed_reason": null, "body_html": "&lt;div class=\"md\"&gt;&lt;p&gt;For my source, I&amp;#39;ve used Capelli et al. [2003], &amp;quot;A Y chromosome census of the British Isles&amp;quot; &lt;em&gt;Curr. Biol.&lt;/em&gt; 13, 979\u2013984), which appears to be where the author of that source has got their figures from, but they seem to have slightly re-interpreted what that study revealed, potentially to construct a more &amp;#39;interesting&amp;#39; story.&lt;/p&gt;\n\n&lt;p&gt;Specifically, the ~30% of migratory dna was explicitly tested to be of Anglo-Saxon/Germanic origin. The conclusion that British people are Basque also seems to be a slight reach, with the initial survey merely stating that there is a genetic similarity between native Brythonic Celts and the Celt-Iberians suggesting a common Paleolithic origin.&lt;/p&gt;\n&lt;/div&gt;", "stickied": false, "subreddit_type": "public", "can_gild": true, "subreddit": "AskHistorians", "author_flair_text_color": null, "score_hidden": false, "permalink": "/r/AskHistorians/comments/7akz2t/did_the_anglosaxons_and_the_vikings_both/dpbf0jj/", "num_reports": null, "name": "t1_dpbf0jj", "created": 1509786155.0, "author_flair_text": "Early Medieval Europe | Anglo-Saxon England", "rte_mode": "markdown", "created_utc": 1509757355.0, "subreddit_name_prefixed": "r/AskHistorians", "controversiality": 0, "depth": 4, "author_flair_background_color": null, "mod_reports": [], "mod_note": null, "distinguished": null}}], "after": null, "before": null}}, "user_reports": [], "saved": false, "id": "dpbe4mr", "banned_at_utc": null, "mod_reason_title": null, "gilded": 0, "archived": true, "report_reasons": null, "author": "[deleted]", "can_mod_post": false, "send_replies": true, "parent_id": "t1_dpbbjwa", "score": 0, "approved_by": null, "downs": 0, "body": "[removed]", "edited": false, "author_flair_css_class": null, "collapsed": false, "is_submitter": false, "collapsed_reason": null, "body_html": "&lt;div class=\"md\"&gt;&lt;p&gt;[removed]&lt;/p&gt;\n&lt;/div&gt;", "stickied": false, "subreddit_type": "public", "can_gild": true, "subreddit": "AskHistorians", "author_flair_text_color": "dark", "score_hidden": false, "permalink": "/r/AskHistorians/comments/7akz2t/did_the_anglosaxons_and_the_vikings_both/dpbe4mr/", "num_reports": null, "name": "t1_dpbe4mr", "created": 1509784993.0, "author_flair_text": null, "rte_mode": "markdown", "created_utc": 1509756193.0, "subreddit_name_prefixed": "r/AskHistorians", "controversiality": 0, "depth": 3, "author_flair_background_color": "", "mod_reports": [], "mod_note": null, "distinguished": null}}], "after": null, "before": null}}, "user_reports": [], "saved": false, "id": "dpbbjwa", "banned_at_utc": null, "mod_reason_title": null, "gilded": 0, "archived": true, "report_reasons": null, "author": "BRIStoneman", "can_mod_post": false, "send_replies": true, "parent_id": "t1_dpb9q57", "score": 35, "approved_by": null, "downs": 0, "body": "For what it's worth, DNA evidence suggests that actually about a third of the current population is Anglo-Saxon in origin. This becomes closer to 20% in far Western areas, particularly Cornwall, and more like 40% in areas of longer and denser settlement like Kent and the Danelaw areas around York where Scandinavian DNA is essentially indistinguishable.\n\nConsidering the surprising impact of Huguenot refugees in England, and successive waves of French and Flemish immigration following the Norman Conquest, as well as that today approximately 10% of the English population is ethnically non-white, the figures suggest that the Anglo-Saxon colonisation was far more extensive than the conservative estimates which claim 'just an elite' arrived, but nowhere near the mass replacement of the general population suggested by Gildas and Procopius.\n\nE: Capelli et al. [2003], \"A Y chromosome census of the British Isles\" *Curr. Biol.* 13, 979\u2013984)", "edited": 1509757388.0, "author_flair_css_class": "europe", "collapsed": false, "author_flair_richtext": [{"e": "text", "t": "Early Medieval Europe | Anglo-Saxon England"}], "is_submitter": false, "collapsed_reason": null, "body_html": "&lt;div class=\"md\"&gt;&lt;p&gt;For what it&amp;#39;s worth, DNA evidence suggests that actually about a third of the current population is Anglo-Saxon in origin. This becomes closer to 20% in far Western areas, particularly Cornwall, and more like 40% in areas of longer and denser settlement like Kent and the Danelaw areas around York where Scandinavian DNA is essentially indistinguishable.&lt;/p&gt;\n\n&lt;p&gt;Considering the surprising impact of Huguenot refugees in England, and successive waves of French and Flemish immigration following the Norman Conquest, as well as that today approximately 10% of the English population is ethnically non-white, the figures suggest that the Anglo-Saxon colonisation was far more extensive than the conservative estimates which claim &amp;#39;just an elite&amp;#39; arrived, but nowhere near the mass replacement of the general population suggested by Gildas and Procopius.&lt;/p&gt;\n\n&lt;p&gt;E: Capelli et al. [2003], &amp;quot;A Y chromosome census of the British Isles&amp;quot; &lt;em&gt;Curr. Biol.&lt;/em&gt; 13, 979\u2013984)&lt;/p&gt;\n&lt;/div&gt;", "stickied": false, "subreddit_type": "public", "can_gild": true, "subreddit": "AskHistorians", "author_flair_text_color": null, "score_hidden": false, "permalink": "/r/AskHistorians/comments/7akz2t/did_the_anglosaxons_and_the_vikings_both/dpbbjwa/", "num_reports": null, "name": "t1_dpbbjwa", "created": 1509781677.0, "author_flair_text": "Early Medieval Europe | Anglo-Saxon England", "rte_mode": "markdown", "created_utc": 1509752877.0, "subreddit_name_prefixed": "r/AskHistorians", "controversiality": 0, "depth": 2, "author_flair_background_color": null, "mod_reports": [], "mod_note": null, "distinguished": null}}], "after": null, "before": null}}, "user_reports": [], "saved": false, "id": "dpb9q57", "banned_at_utc": null, "mod_reason_title": null, "gilded": 0, "archived": true, "report_reasons": null, "author": "AustinioForza", "can_mod_post": false, "send_replies": true, "parent_id": "t1_dpb9esa", "score": 19, "approved_by": null, "downs": 0, "body": "I'm aware of the fact that (I believe) no more than about 10% of the actual population were Germanic Angles and Saxons but huge swaths of the population nonetheless adopted the language and became acculturated.  I'm really more curious about whether or not the people (real or believed) thought of their Germanic ancestry and culture to be related to that of the invading Vikings. And whether or not those same people acknowledge that the religion that they had prior to Christianization (Germanic Paganism) was a similar religion and mythology to that of the Vikings.\n\nAlso likewise for the Vikings (did they recognize the similarities in language and such)?", "edited": 1509751807.0, "author_flair_css_class": null, "collapsed": false, "author_flair_richtext": [], "is_submitter": true, "collapsed_reason": null, "body_html": "&lt;div class=\"md\"&gt;&lt;p&gt;I&amp;#39;m aware of the fact that (I believe) no more than about 10% of the actual population were Germanic Angles and Saxons but huge swaths of the population nonetheless adopted the language and became acculturated.  I&amp;#39;m really more curious about whether or not the people (real or believed) thought of their Germanic ancestry and culture to be related to that of the invading Vikings. And whether or not those same people acknowledge that the religion that they had prior to Christianization (Germanic Paganism) was a similar religion and mythology to that of the Vikings.&lt;/p&gt;\n\n&lt;p&gt;Also likewise for the Vikings (did they recognize the similarities in language and such)?&lt;/p&gt;\n&lt;/div&gt;", "stickied": false, "subreddit_type": "public", "can_gild": true, "subreddit": "AskHistorians", "author_flair_text_color": null, "score_hidden": false, "permalink": "/r/AskHistorians/comments/7akz2t/did_the_anglosaxons_and_the_vikings_both/dpb9q57/", "num_reports": null, "name": "t1_dpb9q57", "created": 1509779402.0, "author_flair_text": null, "rte_mode": "markdown", "created_utc": 1509750602.0, "subreddit_name_prefixed": "r/AskHistorians", "controversiality": 0, "depth": 1, "author_flair_background_color": null, "mod_reports": [], "mod_note": null, "distinguished": null}}], "after": null, "before": null}}, "user_reports": [], "saved": false, "id": "dpb9esa", "banned_at_utc": null, "mod_reason_title": null, "gilded": 0, "archived": true, "report_reasons": null, "author": "[deleted]", "can_mod_post": false, "send_replies": true, "parent_id": "t3_7akz2t", "score": -2, "approved_by": null, "downs": 0, "body": "[removed]", "edited": false, "author_flair_css_class": null, "collapsed": false, "is_submitter": false, "collapsed_reason": null, "body_html": "&lt;div class=\"md\"&gt;&lt;p&gt;[removed]&lt;/p&gt;\n&lt;/div&gt;", "stickied": false, "subreddit_type": "public", "can_gild": true, "subreddit": "AskHistorians", "author_flair_text_color": "dark", "score_hidden": false, "permalink": "/r/AskHistorians/comments/7akz2t/did_the_anglosaxons_and_the_vikings_both/dpb9esa/", "num_reports": null, "name": "t1_dpb9esa", "created": 1509779011.0, "author_flair_text": null, "rte_mode": "markdown", "created_utc": 1509750211.0, "subreddit_name_prefixed": "r/AskHistorians", "controversiality": 1, "depth": 0, "author_flair_background_color": "", "mod_reports": [], "mod_note": null, "distinguished": null}}], "after": null, "before": null}}]