[{"kind": "Listing", "data": {"modhash": "", "dist": 1, "children": [{"kind": "t3", "data": {"approved_at_utc": null, "subreddit": "AskHistorians", "selftext": "Did life change suddenly or gradually? How long did it take for the native population to become Hispanicised/catholicised and did it occur forcibly or naturally? That sort of thing.", "user_reports": [], "saved": false, "mod_reason_title": null, "gilded": 0, "clicked": false, "title": "How did native Mexicans adapt to life under their new Spanish overlords?", "link_flair_richtext": [], "subreddit_name_prefixed": "r/AskHistorians", "hidden": false, "pwls": 6, "link_flair_css_class": null, "downs": 0, "parent_whitelist_status": "all_ads", "hide_score": false, "name": "t3_8o5ph8", "quarantine": false, "link_flair_text_color": "dark", "upvote_ratio": 0.73, "author_flair_background_color": null, "subreddit_type": "public", "ups": 5, "domain": "self.AskHistorians", "media_embed": {}, "author_flair_template_id": null, "is_original_content": false, "secure_media": null, "is_reddit_media_domain": false, "category": null, "secure_media_embed": {}, "link_flair_text": null, "can_mod_post": false, "score": 5, "approved_by": null, "thumbnail": "", "edited": false, "author_flair_css_class": null, "author_flair_richtext": [], "content_categories": null, "is_self": true, "mod_note": null, "created": 1528023158.0, "link_flair_type": "text", "wls": 6, "post_categories": null, "banned_by": null, "author_flair_type": "text", "contest_mode": false, "selftext_html": "&lt;!-- SC_OFF --&gt;&lt;div class=\"md\"&gt;&lt;p&gt;Did life change suddenly or gradually? How long did it take for the native population to become Hispanicised/catholicised and did it occur forcibly or naturally? That sort of thing.&lt;/p&gt;\n&lt;/div&gt;&lt;!-- SC_ON --&gt;", "likes": null, "suggested_sort": null, "banned_at_utc": null, "view_count": null, "archived": false, "no_follow": false, "is_crosspostable": false, "pinned": false, "over_18": false, "media_only": false, "can_gild": false, "spoiler": false, "locked": false, "author_flair_text": null, "rte_mode": "richtext", "visited": false, "num_reports": null, "distinguished": null, "subreddit_id": "t5_2ssp3", "mod_reason_by": null, "removal_reason": null, "id": "8o5ph8", "report_reasons": null, "author": "JosephvonEichendorff", "num_crossposts": 0, "num_comments": 2, "send_replies": true, "mod_reports": [], "author_flair_text_color": null, "permalink": "/r/AskHistorians/comments/8o5ph8/how_did_native_mexicans_adapt_to_life_under_their/", "whitelist_status": "all_ads", "stickied": false, "url": "https://www.reddit.com/r/AskHistorians/comments/8o5ph8/how_did_native_mexicans_adapt_to_life_under_their/", "subreddit_subscribers": 770598, "created_utc": 1527994358.0, "media": null, "is_video": false}}], "after": null, "before": null}}, {"kind": "Listing", "data": {"modhash": "", "dist": null, "children": [{"kind": "t1", "data": {"subreddit_id": "t5_2ssp3", "approved_at_utc": null, "ups": 1, "mod_reason_by": null, "banned_by": null, "author_flair_type": "richtext", "removal_reason": null, "link_id": "t3_8o5ph8", "author_flair_template_id": null, "likes": null, "no_follow": true, "replies": "", "user_reports": [], "saved": false, "id": "e01b79x", "banned_at_utc": null, "mod_reason_title": null, "gilded": 0, "archived": false, "report_reasons": null, "author": "drylaw", "can_mod_post": false, "send_replies": true, "parent_id": "t3_8o5ph8", "score": 1, "approved_by": null, "downs": 0, "body": "\u200b\nHey! I've written quite a bit in connection with this topic: You may be interested in [the relevant sections](https://www.reddit.com/r/AskHistorians/wiki/profiles/drylaw#wiki_colonial_mexico_.2013_colonisation_.26amp.3B_administration) in my profile, and my reading recommendations.\n\nOf course you're asking about processes taking place overa  long time-frame and a huge region. To put it very briefly: Indigenous culture and socio-political forms persisted in different ways througout colonial times, especially in more rural regions. However, especially in the cities gradual Hispanic influence had spread in many areas at least by the mid-to late 16th century. James Lockhart has  argued that by ca. the 17th century a stronger Spanish influence is evident in native languages and other areas. At the same time the oftentimes forced conversion of native population led rather to a \"native Christianity\" that also retained many elements of pre-Hispanic religion. We can overall note a stronger Spanish influence in certain regions (esp. central Mexico) and areas (incl. religion and administration) that was, however, built on indigenous structures which continued to exert influence as well - so not a simple replacement of native by European culture/society.\n\nSome of my answers that are more specifically on such questions:\n\n* [Why did the \"Spanish\" conquest of Mexico end up that way? That is, why did Spain end up with dominance over the former Aztec territories, instead of Tlaxcala or the other native allies who far outnumbered the conquistadors?](https://www.reddit.com/r/AskHistorians/comments/88a0qu/why_did_the_spanish_conquest_of_mexico_end_up/dwj6qnl/) (on political and administrative organisation)\n\n* [How did the descendants of Montezuma II become Spanish nobility?](https://www.reddit.com/r/AskHistorians/comments/6t0p9c/how_did_the_descendants_of_montezuma_ii_become/dll44pa/?context=3) (on native nobility)\n\n* [Are native Mexicans considered an indigenous people ?](https://www.reddit.com/r/AskHistorians/comments/6qjdib/are_native_mexicans_considered_an_indigenous/dlg8sp8/?context=3) (Including parts on the *casta* system &amp; *indigenismo*)\n\n* [An answer from an AMA dealing with religious education of native elites](https://www.reddit.com/r/AskHistorians/comments/4evhja/native_american_revolt_rebellion_and_resistance/d24igz0/)\n\n* [Foreign and Local Origins of 19th Century Mexican Land Reform](https://www.reddit.com/r/AskHistorians/comments/4bzkub/foreign_and_local_origins_of_19th_century_mexican/d1epgfl)\n\nHope this helps - If you have any more specific question let me know.\n\n\n", "edited": false, "author_flair_css_class": "southamerica", "collapsed": false, "author_flair_richtext": [{"e": "text", "t": "Native Authors Of Colonial Mexico | Early Spanish America"}], "is_submitter": false, "collapsed_reason": null, "body_html": "&lt;div class=\"md\"&gt;&lt;p&gt;\u200b\nHey! I&amp;#39;ve written quite a bit in connection with this topic: You may be interested in &lt;a href=\"https://www.reddit.com/r/AskHistorians/wiki/profiles/drylaw#wiki_colonial_mexico_.2013_colonisation_.26amp.3B_administration\"&gt;the relevant sections&lt;/a&gt; in my profile, and my reading recommendations.&lt;/p&gt;\n\n&lt;p&gt;Of course you&amp;#39;re asking about processes taking place overa  long time-frame and a huge region. To put it very briefly: Indigenous culture and socio-political forms persisted in different ways througout colonial times, especially in more rural regions. However, especially in the cities gradual Hispanic influence had spread in many areas at least by the mid-to late 16th century. James Lockhart has  argued that by ca. the 17th century a stronger Spanish influence is evident in native languages and other areas. At the same time the oftentimes forced conversion of native population led rather to a &amp;quot;native Christianity&amp;quot; that also retained many elements of pre-Hispanic religion. We can overall note a stronger Spanish influence in certain regions (esp. central Mexico) and areas (incl. religion and administration) that was, however, built on indigenous structures which continued to exert influence as well - so not a simple replacement of native by European culture/society.&lt;/p&gt;\n\n&lt;p&gt;Some of my answers that are more specifically on such questions:&lt;/p&gt;\n\n&lt;ul&gt;\n&lt;li&gt;&lt;p&gt;&lt;a href=\"https://www.reddit.com/r/AskHistorians/comments/88a0qu/why_did_the_spanish_conquest_of_mexico_end_up/dwj6qnl/\"&gt;Why did the &amp;quot;Spanish&amp;quot; conquest of Mexico end up that way? That is, why did Spain end up with dominance over the former Aztec territories, instead of Tlaxcala or the other native allies who far outnumbered the conquistadors?&lt;/a&gt; (on political and administrative organisation)&lt;/p&gt;&lt;/li&gt;\n&lt;li&gt;&lt;p&gt;&lt;a href=\"https://www.reddit.com/r/AskHistorians/comments/6t0p9c/how_did_the_descendants_of_montezuma_ii_become/dll44pa/?context=3\"&gt;How did the descendants of Montezuma II become Spanish nobility?&lt;/a&gt; (on native nobility)&lt;/p&gt;&lt;/li&gt;\n&lt;li&gt;&lt;p&gt;&lt;a href=\"https://www.reddit.com/r/AskHistorians/comments/6qjdib/are_native_mexicans_considered_an_indigenous/dlg8sp8/?context=3\"&gt;Are native Mexicans considered an indigenous people ?&lt;/a&gt; (Including parts on the &lt;em&gt;casta&lt;/em&gt; system &amp;amp; &lt;em&gt;indigenismo&lt;/em&gt;)&lt;/p&gt;&lt;/li&gt;\n&lt;li&gt;&lt;p&gt;&lt;a href=\"https://www.reddit.com/r/AskHistorians/comments/4evhja/native_american_revolt_rebellion_and_resistance/d24igz0/\"&gt;An answer from an AMA dealing with religious education of native elites&lt;/a&gt;&lt;/p&gt;&lt;/li&gt;\n&lt;li&gt;&lt;p&gt;&lt;a href=\"https://www.reddit.com/r/AskHistorians/comments/4bzkub/foreign_and_local_origins_of_19th_century_mexican/d1epgfl\"&gt;Foreign and Local Origins of 19th Century Mexican Land Reform&lt;/a&gt;&lt;/p&gt;&lt;/li&gt;\n&lt;/ul&gt;\n\n&lt;p&gt;Hope this helps - If you have any more specific question let me know.&lt;/p&gt;\n&lt;/div&gt;", "stickied": false, "subreddit_type": "public", "can_gild": true, "subreddit": "AskHistorians", "author_flair_text_color": "dark", "score_hidden": false, "permalink": "/r/AskHistorians/comments/8o5ph8/how_did_native_mexicans_adapt_to_life_under_their/e01b79x/", "num_reports": null, "name": "t1_e01b79x", "created": 1528052515.0, "author_flair_text": "Native Authors Of Colonial Mexico | Early Spanish America", "rte_mode": "markdown", "created_utc": 1528023715.0, "subreddit_name_prefixed": "r/AskHistorians", "controversiality": 0, "depth": 0, "author_flair_background_color": "", "mod_reports": [], "mod_note": null, "distinguished": null}}], "after": null, "before": null}}]