[{"kind": "Listing", "data": {"modhash": "", "dist": 1, "children": [{"kind": "t3", "data": {"approved_at_utc": null, "subreddit": "AskHistorians", "selftext": "This article mentions the \u201cschert\u201d:\n\nhttps://www.thoughtco.com/medieval-underwear-1788621\n\nAt first I thought this meant and was pronounced like \u201cskirt\u201d. But on reading this, I think maybe it means and is pronounced like \u201cshirt\u201d:\n\n\u201cOver their hose and any underpants they might wear, both men and women usually wore a schert, chemise, or undertunic.\u201d\n\nI wasn\u2019t able to figure this out using Google. Is anyone familiar with this term, what it means in this context, and how it\u2019s pronounced?", "user_reports": [], "saved": false, "mod_reason_title": null, "gilded": 0, "clicked": false, "title": "In medieval clothing, what is a \u201cSchert\u201d, and how do you pronounce it?", "link_flair_richtext": [], "subreddit_name_prefixed": "r/AskHistorians", "hidden": false, "pwls": 6, "link_flair_css_class": null, "downs": 0, "parent_whitelist_status": "all_ads", "hide_score": false, "name": "t3_8o9b3o", "quarantine": false, "link_flair_text_color": "dark", "upvote_ratio": 0.71, "author_flair_background_color": null, "subreddit_type": "public", "ups": 9, "domain": "self.AskHistorians", "media_embed": {}, "author_flair_template_id": null, "is_original_content": false, "secure_media": null, "is_reddit_media_domain": false, "category": null, "secure_media_embed": {}, "link_flair_text": null, "can_mod_post": false, "score": 9, "approved_by": null, "thumbnail": "", "edited": false, "author_flair_css_class": null, "author_flair_richtext": [], "content_categories": null, "is_self": true, "mod_note": null, "created": 1528069245.0, "link_flair_type": "text", "wls": 6, "post_categories": null, "banned_by": null, "author_flair_type": "text", "contest_mode": false, "selftext_html": "&lt;!-- SC_OFF --&gt;&lt;div class=\"md\"&gt;&lt;p&gt;This article mentions the \u201cschert\u201d:&lt;/p&gt;\n\n&lt;p&gt;&lt;a href=\"https://www.thoughtco.com/medieval-underwear-1788621\"&gt;https://www.thoughtco.com/medieval-underwear-1788621&lt;/a&gt;&lt;/p&gt;\n\n&lt;p&gt;At first I thought this meant and was pronounced like \u201cskirt\u201d. But on reading this, I think maybe it means and is pronounced like \u201cshirt\u201d:&lt;/p&gt;\n\n&lt;p&gt;\u201cOver their hose and any underpants they might wear, both men and women usually wore a schert, chemise, or undertunic.\u201d&lt;/p&gt;\n\n&lt;p&gt;I wasn\u2019t able to figure this out using Google. Is anyone familiar with this term, what it means in this context, and how it\u2019s pronounced?&lt;/p&gt;\n&lt;/div&gt;&lt;!-- SC_ON --&gt;", "likes": null, "suggested_sort": null, "banned_at_utc": null, "view_count": null, "archived": false, "no_follow": true, "is_crosspostable": false, "pinned": false, "over_18": false, "media_only": false, "can_gild": false, "spoiler": false, "locked": false, "author_flair_text": null, "rte_mode": "markdown", "visited": false, "num_reports": null, "distinguished": null, "subreddit_id": "t5_2ssp3", "mod_reason_by": null, "removal_reason": null, "id": "8o9b3o", "report_reasons": null, "author": "Fyreborn", "num_crossposts": 0, "num_comments": 1, "send_replies": true, "mod_reports": [], "author_flair_text_color": null, "permalink": "/r/AskHistorians/comments/8o9b3o/in_medieval_clothing_what_is_a_schert_and_how_do/", "whitelist_status": "all_ads", "stickied": false, "url": "https://www.reddit.com/r/AskHistorians/comments/8o9b3o/in_medieval_clothing_what_is_a_schert_and_how_do/", "subreddit_subscribers": 770598, "created_utc": 1528040445.0, "media": null, "is_video": false}}], "after": null, "before": null}}, {"kind": "Listing", "data": {"modhash": "", "dist": null, "children": [{"kind": "t1", "data": {"subreddit_id": "t5_2ssp3", "approved_at_utc": null, "ups": 3, "mod_reason_by": null, "banned_by": null, "author_flair_type": "richtext", "removal_reason": null, "link_id": "t3_8o9b3o", "author_flair_template_id": null, "likes": null, "no_follow": true, "replies": "", "user_reports": [], "saved": false, "id": "e01quqc", "banned_at_utc": null, "mod_reason_title": null, "gilded": 0, "archived": false, "report_reasons": null, "author": "EyeStache", "can_mod_post": false, "send_replies": true, "parent_id": "t3_8o9b3o", "score": 3, "approved_by": null, "downs": 0, "body": "It's pronounced 'shirt,' essentially, and is, like the article describes, an undergarment that goes between the wearer's skin and tunic, to help keep the tunic clean and sweat-free.", "edited": false, "author_flair_css_class": "europe", "collapsed": false, "author_flair_richtext": [{"e": "text", "t": "Norse Culture and Warfare"}], "is_submitter": false, "collapsed_reason": null, "body_html": "&lt;div class=\"md\"&gt;&lt;p&gt;It&amp;#39;s pronounced &amp;#39;shirt,&amp;#39; essentially, and is, like the article describes, an undergarment that goes between the wearer&amp;#39;s skin and tunic, to help keep the tunic clean and sweat-free.&lt;/p&gt;\n&lt;/div&gt;", "stickied": false, "subreddit_type": "public", "can_gild": true, "subreddit": "AskHistorians", "author_flair_text_color": null, "score_hidden": false, "permalink": "/r/AskHistorians/comments/8o9b3o/in_medieval_clothing_what_is_a_schert_and_how_do/e01quqc/", "num_reports": null, "name": "t1_e01quqc", "created": 1528074653.0, "author_flair_text": "Norse Culture and Warfare", "rte_mode": "markdown", "created_utc": 1528045853.0, "subreddit_name_prefixed": "r/AskHistorians", "controversiality": 0, "depth": 0, "author_flair_background_color": null, "mod_reports": [], "mod_note": null, "distinguished": null}}], "after": null, "before": null}}]