[{"kind": "Listing", "data": {"modhash": "", "dist": 1, "children": [{"kind": "t3", "data": {"approved_at_utc": null, "subreddit": "AskHistorians", "selftext": "Given that modern fly-swatters are by and large made of flexible plastics, it would seem like they are a relatively recent invention, at least in their current form \u2013 wiki says that the first recognisable fly-swatter was patented around 1900. How would small-scale pest control have been carried out before this?", "user_reports": [], "saved": false, "mod_reason_title": null, "gilded": 0, "clicked": false, "title": "How did people get rid of small insects before the invention of the fly swatter?", "link_flair_richtext": [{"e": "text", "t": "1900s"}], "subreddit_name_prefixed": "r/AskHistorians", "hidden": false, "pwls": 6, "link_flair_css_class": "theme", "downs": 0, "parent_whitelist_status": "all_ads", "hide_score": false, "name": "t3_8o9o7q", "quarantine": false, "link_flair_text_color": "dark", "upvote_ratio": 0.4, "author_flair_background_color": "", "subreddit_type": "public", "ups": 0, "domain": "self.AskHistorians", "media_embed": {}, "author_flair_template_id": null, "is_original_content": false, "secure_media": null, "is_reddit_media_domain": false, "category": null, "secure_media_embed": {}, "link_flair_text": "1900s", "can_mod_post": false, "score": 0, "approved_by": null, "thumbnail": "", "edited": false, "author_flair_css_class": "asia", "author_flair_richtext": [{"e": "text", "t": "Taiping Rebellion"}], "content_categories": null, "is_self": true, "mod_note": null, "created": 1528071966.0, "link_flair_type": "richtext", "wls": 6, "post_categories": null, "banned_by": null, "author_flair_type": "richtext", "contest_mode": false, "selftext_html": "&lt;!-- SC_OFF --&gt;&lt;div class=\"md\"&gt;&lt;p&gt;Given that modern fly-swatters are by and large made of flexible plastics, it would seem like they are a relatively recent invention, at least in their current form \u2013 wiki says that the first recognisable fly-swatter was patented around 1900. How would small-scale pest control have been carried out before this?&lt;/p&gt;\n&lt;/div&gt;&lt;!-- SC_ON --&gt;", "likes": null, "suggested_sort": null, "banned_at_utc": null, "view_count": null, "archived": false, "no_follow": true, "is_crosspostable": false, "pinned": false, "over_18": false, "media": null, "media_only": false, "can_gild": false, "spoiler": false, "locked": false, "author_flair_text": "Taiping Rebellion", "rte_mode": "markdown", "visited": false, "num_reports": null, "distinguished": null, "subreddit_id": "t5_2ssp3", "mod_reason_by": null, "removal_reason": null, "link_flair_background_color": "", "id": "8o9o7q", "report_reasons": null, "author": "EnclavedMicrostate", "num_crossposts": 0, "num_comments": 1, "send_replies": true, "author_flair_text_color": "dark", "permalink": "/r/AskHistorians/comments/8o9o7q/how_did_people_get_rid_of_small_insects_before/", "whitelist_status": "all_ads", "stickied": false, "url": "https://www.reddit.com/r/AskHistorians/comments/8o9o7q/how_did_people_get_rid_of_small_insects_before/", "subreddit_subscribers": 770598, "created_utc": 1528043166.0, "mod_reports": [], "is_video": false}}], "after": null, "before": null}}, {"kind": "Listing", "data": {"modhash": "", "dist": null, "children": [], "after": null, "before": null}}]