[{"kind": "Listing", "data": {"modhash": "", "dist": 1, "children": [{"kind": "t3", "data": {"subreddit_id": "t5_2ssp3", "approved_at_utc": null, "send_replies": true, "mod_reason_by": null, "banned_by": null, "removal_reason": null, "wls": 6, "subreddit": "AskHistorians", "selftext_html": null, "author_flair_template_id": null, "selftext": "", "likes": null, "suggested_sort": null, "mod_note": null, "user_reports": [], "secure_media": null, "is_reddit_media_domain": false, "saved": false, "id": "73jiw5", "banned_at_utc": null, "mod_reason_title": null, "view_count": null, "archived": true, "clicked": false, "no_follow": false, "author": "currentmadman", "num_crossposts": 0, "link_flair_text": null, "can_mod_post": false, "is_crosspostable": false, "pinned": false, "score": 2, "approved_by": null, "over_18": false, "domain": "self.AskHistorians", "hidden": false, "pwls": 6, "thumbnail": "", "hide_score": false, "edited": false, "link_flair_css_class": null, "media_only": false, "author_flair_css_class": null, "contest_mode": false, "gilded": 0, "title": "in popular culture, a harsh punishment for slaves seems to involve being sent to a mine of some sort? if this is true, why is it considered so much worse than the general labor attributed to slaves?", "downs": 0, "secure_media_embed": {}, "media_embed": {}, "author_flair_text": null, "stickied": false, "can_gild": false, "is_self": true, "parent_whitelist_status": "all_ads", "name": "t3_73jiw5", "spoiler": false, "permalink": "/r/AskHistorians/comments/73jiw5/in_popular_culture_a_harsh_punishment_for_slaves/", "subreddit_type": "public", "locked": false, "report_reasons": null, "created": 1506858202.0, "url": "https://www.reddit.com/r/AskHistorians/comments/73jiw5/in_popular_culture_a_harsh_punishment_for_slaves/", "whitelist_status": "all_ads", "quarantine": false, "subreddit_subscribers": 759251, "created_utc": 1506829402.0, "subreddit_name_prefixed": "r/AskHistorians", "distinguished": null, "media": null, "num_comments": 2, "upvote_ratio": 0.67, "mod_reports": [], "visited": false, "num_reports": null, "is_video": false, "ups": 2, "post_categories": null}}], "after": null, "before": null}}, {"kind": "Listing", "data": {"modhash": "", "dist": null, "children": [{"kind": "t1", "data": {"subreddit_id": "t5_2ssp3", "approved_at_utc": null, "ups": 1, "mod_reason_by": null, "banned_by": null, "removal_reason": null, "link_id": "t3_73jiw5", "author_flair_template_id": null, "likes": null, "no_follow": true, "replies": {"kind": "Listing", "data": {"modhash": "", "dist": null, "children": [{"kind": "t1", "data": {"subreddit_id": "t5_2ssp3", "approved_at_utc": null, "ups": 0, "mod_reason_by": null, "banned_by": null, "removal_reason": null, "link_id": "t3_73jiw5", "author_flair_template_id": null, "likes": null, "no_follow": true, "replies": "", "user_reports": [], "saved": false, "id": "dnr3yul", "banned_at_utc": null, "mod_reason_title": null, "gilded": 0, "archived": true, "report_reasons": null, "author": "chocolatepot", "can_mod_post": false, "send_replies": true, "parent_id": "t1_dnqz3t7", "score": 0, "approved_by": null, "downs": 0, "body": "We ask that answers in this subreddit be [in-depth and comprehensive](https://www.reddit.com/r/AskHistorians/comments/1jsabs/what_it_means_to_post_a_good_answer_in/), and highly suggest that comments include citations for the information. In the future, please take the time to better familiarize yourself with [the rules](http://www.reddit.com/r/AskHistorians/wiki/rules#wiki_write_an_in-depth_answer) and our [Rules Roundtable](https://www.reddit.com/r/AskHistorians/comments/4kngwh/rules_roundtable_no_11_no_speculation/) on Speculation.", "edited": false, "author_flair_css_class": "moderator", "collapsed": false, "is_submitter": false, "collapsed_reason": null, "body_html": "&lt;div class=\"md\"&gt;&lt;p&gt;We ask that answers in this subreddit be &lt;a href=\"https://www.reddit.com/r/AskHistorians/comments/1jsabs/what_it_means_to_post_a_good_answer_in/\"&gt;in-depth and comprehensive&lt;/a&gt;, and highly suggest that comments include citations for the information. In the future, please take the time to better familiarize yourself with &lt;a href=\"http://www.reddit.com/r/AskHistorians/wiki/rules#wiki_write_an_in-depth_answer\"&gt;the rules&lt;/a&gt; and our &lt;a href=\"https://www.reddit.com/r/AskHistorians/comments/4kngwh/rules_roundtable_no_11_no_speculation/\"&gt;Rules Roundtable&lt;/a&gt; on Speculation.&lt;/p&gt;\n&lt;/div&gt;", "subreddit_type": "public", "can_gild": true, "subreddit": "AskHistorians", "name": "t1_dnr3yul", "score_hidden": false, "permalink": "/r/AskHistorians/comments/73jiw5/in_popular_culture_a_harsh_punishment_for_slaves/dnr3yul/", "num_reports": null, "stickied": false, "created": 1506888077.0, "author_flair_text": "Moderator | History of Western Fashion", "created_utc": 1506859277.0, "subreddit_name_prefixed": "r/AskHistorians", "controversiality": 0, "depth": 1, "mod_reports": [], "mod_note": null, "distinguished": "moderator"}}], "after": null, "before": null}}, "user_reports": [], "saved": false, "id": "dnqz3t7", "banned_at_utc": null, "mod_reason_title": null, "gilded": 0, "archived": true, "report_reasons": null, "author": "[deleted]", "can_mod_post": false, "send_replies": true, "parent_id": "t3_73jiw5", "score": 1, "approved_by": null, "downs": 0, "body": "[removed]", "edited": false, "author_flair_css_class": null, "collapsed": false, "is_submitter": false, "collapsed_reason": null, "body_html": "&lt;div class=\"md\"&gt;&lt;p&gt;[removed]&lt;/p&gt;\n&lt;/div&gt;", "subreddit_type": "public", "can_gild": true, "subreddit": "AskHistorians", "name": "t1_dnqz3t7", "score_hidden": false, "permalink": "/r/AskHistorians/comments/73jiw5/in_popular_culture_a_harsh_punishment_for_slaves/dnqz3t7/", "num_reports": null, "stickied": false, "created": 1506873819.0, "author_flair_text": null, "created_utc": 1506845019.0, "subreddit_name_prefixed": "r/AskHistorians", "controversiality": 0, "depth": 0, "mod_reports": [], "mod_note": null, "distinguished": null}}], "after": null, "before": null}}]