[{"kind": "Listing", "data": {"modhash": "", "dist": 1, "children": [{"kind": "t3", "data": {"subreddit_id": "t5_2ssp3", "approved_at_utc": null, "send_replies": true, "mod_reason_by": null, "banned_by": null, "removal_reason": null, "wls": 6, "subreddit": "AskHistorians", "selftext_html": "&lt;!-- SC_OFF --&gt;&lt;div class=\"md\"&gt;&lt;p&gt;Why does Thailand drive on the left? Itwas never under British rule right? Or did it just decide that it wanted to be different?&lt;/p&gt;\n&lt;/div&gt;&lt;!-- SC_ON --&gt;", "author_flair_template_id": null, "selftext": "Why does Thailand drive on the left? Itwas never under British rule right? Or did it just decide that it wanted to be different?", "likes": null, "suggested_sort": null, "mod_note": null, "user_reports": [], "secure_media": null, "is_reddit_media_domain": false, "saved": false, "id": "73l8ay", "banned_at_utc": null, "mod_reason_title": null, "view_count": null, "archived": true, "clicked": false, "no_follow": false, "author": "NillesMan", "num_crossposts": 0, "link_flair_text": null, "can_mod_post": false, "is_crosspostable": false, "pinned": false, "score": 29, "approved_by": null, "over_18": false, "domain": "self.AskHistorians", "hidden": false, "pwls": 6, "thumbnail": "", "hide_score": false, "edited": false, "link_flair_css_class": null, "media_only": false, "author_flair_css_class": null, "contest_mode": false, "gilded": 0, "title": "About Thailand", "downs": 0, "secure_media_embed": {}, "media_embed": {}, "author_flair_text": null, "stickied": false, "can_gild": false, "is_self": true, "parent_whitelist_status": "all_ads", "name": "t3_73l8ay", "spoiler": false, "permalink": "/r/AskHistorians/comments/73l8ay/about_thailand/", "subreddit_type": "public", "locked": false, "report_reasons": null, "created": 1506887782.0, "url": "https://www.reddit.com/r/AskHistorians/comments/73l8ay/about_thailand/", "whitelist_status": "all_ads", "quarantine": false, "subreddit_subscribers": 759252, "created_utc": 1506858982.0, "subreddit_name_prefixed": "r/AskHistorians", "distinguished": null, "media": null, "num_comments": 2, "upvote_ratio": 0.8, "mod_reports": [], "visited": false, "num_reports": null, "is_video": false, "ups": 29, "post_categories": null}}], "after": null, "before": null}}, {"kind": "Listing", "data": {"modhash": "", "dist": null, "children": [{"kind": "t1", "data": {"subreddit_id": "t5_2ssp3", "approved_at_utc": null, "ups": 8, "mod_reason_by": null, "banned_by": null, "removal_reason": null, "link_id": "t3_73l8ay", "author_flair_template_id": null, "likes": null, "no_follow": false, "replies": {"kind": "Listing", "data": {"modhash": "", "dist": null, "children": [{"kind": "t1", "data": {"subreddit_id": "t5_2ssp3", "approved_at_utc": null, "ups": 1, "mod_reason_by": null, "banned_by": null, "removal_reason": null, "link_id": "t3_73l8ay", "author_flair_template_id": null, "likes": null, "no_follow": true, "replies": "", "user_reports": [], "saved": false, "id": "dnrn0ge", "banned_at_utc": null, "mod_reason_title": null, "gilded": 0, "archived": true, "report_reasons": null, "author": "NillesMan", "can_mod_post": false, "send_replies": true, "parent_id": "t1_dnrmfb1", "score": 1, "approved_by": null, "downs": 0, "body": "Thanks!", "edited": false, "author_flair_css_class": null, "collapsed": false, "is_submitter": true, "collapsed_reason": null, "body_html": "&lt;div class=\"md\"&gt;&lt;p&gt;Thanks!&lt;/p&gt;\n&lt;/div&gt;", "subreddit_type": "public", "can_gild": true, "subreddit": "AskHistorians", "name": "t1_dnrn0ge", "score_hidden": false, "permalink": "/r/AskHistorians/comments/73l8ay/about_thailand/dnrn0ge/", "num_reports": null, "stickied": false, "created": 1506913790.0, "author_flair_text": null, "created_utc": 1506884990.0, "subreddit_name_prefixed": "r/AskHistorians", "controversiality": 0, "depth": 1, "mod_reports": [], "mod_note": null, "distinguished": null}}], "after": null, "before": null}}, "user_reports": [], "saved": false, "id": "dnrmfb1", "banned_at_utc": null, "mod_reason_title": null, "gilded": 0, "archived": true, "report_reasons": null, "author": "MrDowntown", "can_mod_post": false, "send_replies": true, "parent_id": "t3_73l8ay", "score": 8, "approved_by": null, "downs": 0, "body": "As explained by Peter Kincaid in *The Rule of the Road:* The British had some \"extra-territorial\" control over areas of Thailand due to the 1855 Bowring Treaty, cessions which came to an end in 1909 with another treaty.  But the more important reasons are probably that the Thai royal family sent members and senior officials to England to be educated.  When the royal family first acquired autos in 1902, they came from England.  There was a proposal after WWII to change the Thai rule of the road, but this was opposed because so many cars came from Britain.  \n\nI'll add that in recent decades, many Thai vehicles come from (left-driving) Japan.  Curiously, neighboring Myanmar switched circa 1970 to drive right\u2014[reasons are murky](http://www.minordiversion.com/2012/03/the-unique-world-of-burmese-driving/)\u2014yet the great majority of Myanmar vehicles, many of which come from India, Thailand, and Japan, are right-hand drive.  ", "edited": 1506884787.0, "author_flair_css_class": "technology", "collapsed": false, "is_submitter": false, "collapsed_reason": null, "body_html": "&lt;div class=\"md\"&gt;&lt;p&gt;As explained by Peter Kincaid in &lt;em&gt;The Rule of the Road:&lt;/em&gt; The British had some &amp;quot;extra-territorial&amp;quot; control over areas of Thailand due to the 1855 Bowring Treaty, cessions which came to an end in 1909 with another treaty.  But the more important reasons are probably that the Thai royal family sent members and senior officials to England to be educated.  When the royal family first acquired autos in 1902, they came from England.  There was a proposal after WWII to change the Thai rule of the road, but this was opposed because so many cars came from Britain.  &lt;/p&gt;\n\n&lt;p&gt;I&amp;#39;ll add that in recent decades, many Thai vehicles come from (left-driving) Japan.  Curiously, neighboring Myanmar switched circa 1970 to drive right\u2014&lt;a href=\"http://www.minordiversion.com/2012/03/the-unique-world-of-burmese-driving/\"&gt;reasons are murky&lt;/a&gt;\u2014yet the great majority of Myanmar vehicles, many of which come from India, Thailand, and Japan, are right-hand drive.  &lt;/p&gt;\n&lt;/div&gt;", "subreddit_type": "public", "can_gild": true, "subreddit": "AskHistorians", "name": "t1_dnrmfb1", "score_hidden": false, "permalink": "/r/AskHistorians/comments/73l8ay/about_thailand/dnrmfb1/", "num_reports": null, "stickied": false, "created": 1506913181.0, "author_flair_text": "Urbanization and Transportation", "created_utc": 1506884381.0, "subreddit_name_prefixed": "r/AskHistorians", "controversiality": 0, "depth": 0, "mod_reports": [], "mod_note": null, "distinguished": null}}], "after": null, "before": null}}]