[{"kind": "Listing", "data": {"modhash": "", "dist": 1, "children": [{"kind": "t3", "data": {"subreddit_id": "t5_2ssp3", "approved_at_utc": null, "send_replies": true, "mod_reason_by": null, "banned_by": null, "removal_reason": null, "wls": 6, "subreddit": "AskHistorians", "selftext_html": "&lt;!-- SC_OFF --&gt;&lt;div class=\"md\"&gt;&lt;p&gt;With all the stories of Russian troops being fired upon by their leaders if they chose to retreat during suicidal attacks, were there ever times when they would essential resist and forcefully disobey orders? &lt;/p&gt;\n&lt;/div&gt;&lt;!-- SC_ON --&gt;", "author_flair_template_id": null, "selftext": "With all the stories of Russian troops being fired upon by their leaders if they chose to retreat during suicidal attacks, were there ever times when they would essential resist and forcefully disobey orders? ", "likes": null, "suggested_sort": null, "mod_note": null, "user_reports": [], "secure_media": null, "is_reddit_media_domain": false, "saved": false, "id": "73m3u4", "banned_at_utc": null, "mod_reason_title": null, "view_count": null, "archived": true, "clicked": false, "no_follow": true, "author": "john-ly-do-1", "num_crossposts": 0, "link_flair_text": null, "can_mod_post": false, "is_crosspostable": false, "pinned": false, "score": 4, "approved_by": null, "over_18": false, "domain": "self.AskHistorians", "hidden": false, "pwls": 6, "thumbnail": "", "hide_score": false, "edited": false, "link_flair_css_class": null, "media_only": false, "author_flair_css_class": null, "contest_mode": false, "gilded": 0, "title": "Were there ever cases of Russian infantry turning on Russian officers in WWII?", "downs": 0, "secure_media_embed": {}, "media_embed": {}, "author_flair_text": null, "stickied": false, "can_gild": false, "is_self": true, "parent_whitelist_status": "all_ads", "name": "t3_73m3u4", "spoiler": false, "permalink": "/r/AskHistorians/comments/73m3u4/were_there_ever_cases_of_russian_infantry_turning/", "subreddit_type": "public", "locked": false, "report_reasons": null, "created": 1506899063.0, "url": "https://www.reddit.com/r/AskHistorians/comments/73m3u4/were_there_ever_cases_of_russian_infantry_turning/", "whitelist_status": "all_ads", "quarantine": false, "subreddit_subscribers": 759253, "created_utc": 1506870263.0, "subreddit_name_prefixed": "r/AskHistorians", "distinguished": null, "media": null, "num_comments": 2, "upvote_ratio": 0.83, "mod_reports": [], "visited": false, "num_reports": null, "is_video": false, "ups": 4, "post_categories": null}}], "after": null, "before": null}}, {"kind": "Listing", "data": {"modhash": "", "dist": null, "children": [{"kind": "t1", "data": {"subreddit_id": "t5_2ssp3", "approved_at_utc": null, "ups": 4, "mod_reason_by": null, "banned_by": null, "removal_reason": null, "link_id": "t3_73m3u4", "author_flair_template_id": null, "likes": null, "no_follow": true, "replies": {"kind": "Listing", "data": {"modhash": "", "dist": null, "children": [{"kind": "t1", "data": {"subreddit_id": "t5_2ssp3", "approved_at_utc": null, "ups": 2, "mod_reason_by": null, "banned_by": null, "removal_reason": null, "link_id": "t3_73m3u4", "author_flair_template_id": null, "likes": null, "no_follow": true, "replies": "", "user_reports": [], "saved": false, "id": "dns4he5", "banned_at_utc": null, "mod_reason_title": null, "gilded": 0, "archived": true, "report_reasons": null, "author": "john-ly-do-1", "can_mod_post": false, "send_replies": true, "parent_id": "t1_dnrq15s", "score": 2, "approved_by": null, "downs": 0, "body": "Superb response, Thanks!", "edited": false, "author_flair_css_class": null, "collapsed": false, "is_submitter": true, "collapsed_reason": null, "body_html": "&lt;div class=\"md\"&gt;&lt;p&gt;Superb response, Thanks!&lt;/p&gt;\n&lt;/div&gt;", "subreddit_type": "public", "can_gild": true, "subreddit": "AskHistorians", "name": "t1_dns4he5", "score_hidden": false, "permalink": "/r/AskHistorians/comments/73m3u4/were_there_ever_cases_of_russian_infantry_turning/dns4he5/", "num_reports": null, "stickied": false, "created": 1506934235.0, "author_flair_text": null, "created_utc": 1506905435.0, "subreddit_name_prefixed": "r/AskHistorians", "controversiality": 0, "depth": 1, "mod_reports": [], "mod_note": null, "distinguished": null}}], "after": null, "before": null}}, "user_reports": [], "saved": false, "id": "dnrq15s", "banned_at_utc": null, "mod_reason_title": null, "gilded": 0, "archived": true, "report_reasons": null, "author": "AHedgeKnight", "can_mod_post": false, "send_replies": true, "parent_id": "t3_73m3u4", "score": 4, "approved_by": null, "downs": 0, "body": "&gt;With all the stories of Russian troops being fired upon by their leaders if they chose to retreat during suicidal attacks, were there ever times when they would essential resist and forcefully disobey orders?\n\nI'm not sure of any specific instances so I won't answer the question, as it's not a topic I'm too familiar with. But I feel it should be noted that the idea of the Soviet's employing mass Human waves and throwing men at the Germans in suicide strikes is largely a myth invented by a mix of the Germans, amateur historians (in Hollywood especially), and the Allies in the Cold War hoping to discredit the Soviet's participation in the war.\n\nRussia was mostly on the retreat for the beginning of Barbarossa, and didn't have much opportunity to waste soldiers by throwing them into a meat grinder. By the later half of the war, they had taken a doctrine similar to the German's own (developed before the war, but not put into real practice until now), and improved it past what the Germans had expected. Soviet Deep Battle was a mix of German encirclement tactics and Combined Arms warfare, emphasizing units working together on a strategic, operational and tactical level, between air, land and sea assets.\n\nThe only time Human waves would be used in actuality would be Stalingrad, where factory workers volunteered (and were enlisted) en masse to try and hold off the Germans, but even that was only for the very beginning of the siege, because of course as it went on, the Red Army had gathered a defense and then encircled the German army there. The 'one man has a gun the other has a bullet' is also a myth about Stalingrad, also started by Hollywood (thanks, *Enemy at the Gates*).\n\nSoviet morale was also fairly high for much of the war. They were effectively fighting a war of annihilation, after all, there wasn't much doubt that the Germans wanted to destroy the Russian way of life. Most German support in the Soviet Union came from those who were already fascists or ethnic groups trying to break free, or both, as we see in pro-German groups in Ukraine in the time. Things like the Commissar Order only further nailed this home for most Russians.\n\nBut the Soviet's experienced German aggression and saw its brutality first hand. Everyone lost family in the war, and if they didn't they still felt the crushing economic and social damage the war was causing. While there were of course discipline problems, morale wasn't a major issue after the very beginning of the war when the Soviet Army was constantly on its back foot (then, retreat was common, but on an operational level and ordered, not a complete route), when the German army lost steam and the Soviets began their counter offensives, the German's never really managed to recover any momentum, and there wasn't much worry for Soviet soldier's fleeing afterwards.", "edited": false, "author_flair_css_class": null, "collapsed": false, "is_submitter": false, "collapsed_reason": null, "body_html": "&lt;div class=\"md\"&gt;&lt;blockquote&gt;\n&lt;p&gt;With all the stories of Russian troops being fired upon by their leaders if they chose to retreat during suicidal attacks, were there ever times when they would essential resist and forcefully disobey orders?&lt;/p&gt;\n&lt;/blockquote&gt;\n\n&lt;p&gt;I&amp;#39;m not sure of any specific instances so I won&amp;#39;t answer the question, as it&amp;#39;s not a topic I&amp;#39;m too familiar with. But I feel it should be noted that the idea of the Soviet&amp;#39;s employing mass Human waves and throwing men at the Germans in suicide strikes is largely a myth invented by a mix of the Germans, amateur historians (in Hollywood especially), and the Allies in the Cold War hoping to discredit the Soviet&amp;#39;s participation in the war.&lt;/p&gt;\n\n&lt;p&gt;Russia was mostly on the retreat for the beginning of Barbarossa, and didn&amp;#39;t have much opportunity to waste soldiers by throwing them into a meat grinder. By the later half of the war, they had taken a doctrine similar to the German&amp;#39;s own (developed before the war, but not put into real practice until now), and improved it past what the Germans had expected. Soviet Deep Battle was a mix of German encirclement tactics and Combined Arms warfare, emphasizing units working together on a strategic, operational and tactical level, between air, land and sea assets.&lt;/p&gt;\n\n&lt;p&gt;The only time Human waves would be used in actuality would be Stalingrad, where factory workers volunteered (and were enlisted) en masse to try and hold off the Germans, but even that was only for the very beginning of the siege, because of course as it went on, the Red Army had gathered a defense and then encircled the German army there. The &amp;#39;one man has a gun the other has a bullet&amp;#39; is also a myth about Stalingrad, also started by Hollywood (thanks, &lt;em&gt;Enemy at the Gates&lt;/em&gt;).&lt;/p&gt;\n\n&lt;p&gt;Soviet morale was also fairly high for much of the war. They were effectively fighting a war of annihilation, after all, there wasn&amp;#39;t much doubt that the Germans wanted to destroy the Russian way of life. Most German support in the Soviet Union came from those who were already fascists or ethnic groups trying to break free, or both, as we see in pro-German groups in Ukraine in the time. Things like the Commissar Order only further nailed this home for most Russians.&lt;/p&gt;\n\n&lt;p&gt;But the Soviet&amp;#39;s experienced German aggression and saw its brutality first hand. Everyone lost family in the war, and if they didn&amp;#39;t they still felt the crushing economic and social damage the war was causing. While there were of course discipline problems, morale wasn&amp;#39;t a major issue after the very beginning of the war when the Soviet Army was constantly on its back foot (then, retreat was common, but on an operational level and ordered, not a complete route), when the German army lost steam and the Soviets began their counter offensives, the German&amp;#39;s never really managed to recover any momentum, and there wasn&amp;#39;t much worry for Soviet soldier&amp;#39;s fleeing afterwards.&lt;/p&gt;\n&lt;/div&gt;", "subreddit_type": "public", "can_gild": true, "subreddit": "AskHistorians", "name": "t1_dnrq15s", "score_hidden": false, "permalink": "/r/AskHistorians/comments/73m3u4/were_there_ever_cases_of_russian_infantry_turning/dnrq15s/", "num_reports": null, "stickied": false, "created": 1506916876.0, "author_flair_text": null, "created_utc": 1506888076.0, "subreddit_name_prefixed": "r/AskHistorians", "controversiality": 0, "depth": 0, "mod_reports": [], "mod_note": null, "distinguished": null}}], "after": null, "before": null}}]