[{"kind": "Listing", "data": {"modhash": "", "dist": 1, "children": [{"kind": "t3", "data": {"subreddit_id": "t5_2ssp3", "approved_at_utc": null, "send_replies": true, "mod_reason_by": null, "banned_by": null, "removal_reason": null, "wls": 6, "subreddit": "AskHistorians", "selftext_html": "&lt;!-- SC_OFF --&gt;&lt;div class=\"md\"&gt;&lt;p&gt;[removed]&lt;/p&gt;\n&lt;/div&gt;&lt;!-- SC_ON --&gt;", "author_flair_template_id": null, "selftext": "[removed]", "likes": null, "suggested_sort": null, "mod_note": null, "user_reports": [], "secure_media": null, "is_reddit_media_domain": false, "saved": false, "id": "73mevs", "banned_at_utc": null, "mod_reason_title": null, "view_count": null, "archived": true, "clicked": false, "no_follow": true, "author": "jphiggzz", "num_crossposts": 0, "link_flair_text": null, "can_mod_post": false, "is_crosspostable": false, "pinned": false, "score": 1, "approved_by": null, "over_18": false, "domain": "self.AskHistorians", "hidden": false, "pwls": 6, "thumbnail": "", "hide_score": false, "edited": false, "link_flair_css_class": null, "media_only": false, "author_flair_css_class": null, "contest_mode": false, "gilded": 0, "title": "Did Martin Luther make the Protestant Reformation Inevitable", "downs": 0, "secure_media_embed": {}, "media_embed": {}, "author_flair_text": null, "stickied": false, "can_gild": false, "is_self": true, "parent_whitelist_status": "all_ads", "name": "t3_73mevs", "spoiler": false, "permalink": "/r/AskHistorians/comments/73mevs/did_martin_luther_make_the_protestant_reformation/", "subreddit_type": "public", "locked": false, "report_reasons": null, "created": 1506902266.0, "url": "https://www.reddit.com/r/AskHistorians/comments/73mevs/did_martin_luther_make_the_protestant_reformation/", "whitelist_status": "all_ads", "quarantine": false, "subreddit_subscribers": 759253, "created_utc": 1506873466.0, "subreddit_name_prefixed": "r/AskHistorians", "distinguished": null, "media": null, "num_comments": 2, "upvote_ratio": 1.0, "mod_reports": [], "visited": false, "num_reports": null, "is_video": false, "ups": 1, "post_categories": null}}], "after": null, "before": null}}, {"kind": "Listing", "data": {"modhash": "", "dist": null, "children": [{"kind": "t1", "data": {"subreddit_id": "t5_2ssp3", "approved_at_utc": null, "ups": 2, "mod_reason_by": null, "banned_by": null, "removal_reason": null, "link_id": "t3_73mevs", "author_flair_template_id": null, "likes": null, "no_follow": true, "replies": "", "user_reports": [], "saved": false, "id": "dnrn4et", "banned_at_utc": null, "mod_reason_title": null, "gilded": 0, "archived": true, "report_reasons": null, "author": "freedmenspatrol", "can_mod_post": false, "send_replies": true, "parent_id": "t3_73mevs", "score": 2, "approved_by": null, "downs": 0, "body": "Sorry, but your submission has been removed because we [don't allow hypothetical questions](http://www.reddit.com/r/AskHistorians/wiki/rules#wiki_is_this_the_right_place_for_your_question.3F). If possible, please feel free to rephrase the question so that it does not call for such speculation, and resubmit. Otherwise, this sort of thing is better suited for /r/HistoryWhatIf. You can find a more in-depth discussion of this rule [here](https://www.reddit.com/r/AskHistorians/comments/4mtauf/rules_roundtable_no_12_dont_play_the_whatif_game/).", "edited": false, "author_flair_css_class": "moderator", "collapsed": false, "is_submitter": false, "collapsed_reason": null, "body_html": "&lt;div class=\"md\"&gt;&lt;p&gt;Sorry, but your submission has been removed because we &lt;a href=\"http://www.reddit.com/r/AskHistorians/wiki/rules#wiki_is_this_the_right_place_for_your_question.3F\"&gt;don&amp;#39;t allow hypothetical questions&lt;/a&gt;. If possible, please feel free to rephrase the question so that it does not call for such speculation, and resubmit. Otherwise, this sort of thing is better suited for &lt;a href=\"/r/HistoryWhatIf\"&gt;/r/HistoryWhatIf&lt;/a&gt;. You can find a more in-depth discussion of this rule &lt;a href=\"https://www.reddit.com/r/AskHistorians/comments/4mtauf/rules_roundtable_no_12_dont_play_the_whatif_game/\"&gt;here&lt;/a&gt;.&lt;/p&gt;\n&lt;/div&gt;", "subreddit_type": "public", "can_gild": true, "subreddit": "AskHistorians", "name": "t1_dnrn4et", "score_hidden": false, "permalink": "/r/AskHistorians/comments/73mevs/did_martin_luther_make_the_protestant_reformation/dnrn4et/", "num_reports": null, "stickied": false, "created": 1506913905.0, "author_flair_text": "Moderator | Antebellum U.S. Slavery Politics", "created_utc": 1506885105.0, "subreddit_name_prefixed": "r/AskHistorians", "controversiality": 0, "depth": 0, "mod_reports": [], "mod_note": null, "distinguished": "moderator"}}, {"kind": "t1", "data": {"subreddit_id": "t5_2ssp3", "approved_at_utc": null, "ups": 2, "mod_reason_by": null, "banned_by": null, "removal_reason": null, "link_id": "t3_73mevs", "author_flair_template_id": null, "likes": null, "no_follow": true, "replies": "", "user_reports": [], "saved": false, "id": "dnrn8g0", "banned_at_utc": null, "mod_reason_title": null, "gilded": 0, "archived": true, "report_reasons": null, "author": "Philip_Schwartzerdt", "can_mod_post": false, "send_replies": true, "parent_id": "t3_73mevs", "score": 2, "approved_by": null, "downs": 0, "body": "This is a question that's impossible to answer with any certainty, because it asks about what did not happen, rather than what did. So there's a good chance this will be removed by this sub's excellent and active mod team. \n\nBut in the meantime, I'll spitball a bit. In my estimation: yes, some kind of Reformation would have happened with or without Luther, but it would likely have gone very differently.\n\nFirst, Luther was hardly the first figure to propose reforming the Western Church. There were other humanistic reformers at the same time, including Erasmus (with whom Luther had a famous exchange of treatises), and many before too - Jan Hus in Bohemia in the early 15th century, Wycliffe in Britain, and others. Attempts at reform were made in various places going back four centuries before Luther. Like Harry Potter, \"the boy who lived,\" Luther was simply the Reformer who lived.\n\nHe had an advantageous political situation in his protection from the Dukes of Saxony and the split attention of the Holy Roman Emperor Charles V, which helped him continue to write and preach without being burned at the stake first - a fate met by numerous other Reformation predecessors. And he had the fairly recent invention of the printing press, so his message could get out all across Europe, which none of the others had had.\n\nBetween those two things, he was perfectly placed to not only spark a Reformation but to survive long-term. One of the greatest wonders of Luther's life is that he died of natural causes at age 63, instead of executed at the behest of the Pope. He was very much influential on the course of the Reformation and I have no doubt it would have gone very differently - he had an immensely powerful personality and rhetoric.\n\nBut I also believe something would have happened eventually, even without Luther. As I said, there were so many others before and during Luther's time who wanted to reform the church too, and sooner or later someone else would have taken advantage of political and technological factors like Luther's. The Medieval corruption of the Western Church was a powder keg that was going to explode; Luther happened to be the one to light the match.", "edited": false, "author_flair_css_class": "religion", "collapsed": false, "is_submitter": false, "collapsed_reason": null, "body_html": "&lt;div class=\"md\"&gt;&lt;p&gt;This is a question that&amp;#39;s impossible to answer with any certainty, because it asks about what did not happen, rather than what did. So there&amp;#39;s a good chance this will be removed by this sub&amp;#39;s excellent and active mod team. &lt;/p&gt;\n\n&lt;p&gt;But in the meantime, I&amp;#39;ll spitball a bit. In my estimation: yes, some kind of Reformation would have happened with or without Luther, but it would likely have gone very differently.&lt;/p&gt;\n\n&lt;p&gt;First, Luther was hardly the first figure to propose reforming the Western Church. There were other humanistic reformers at the same time, including Erasmus (with whom Luther had a famous exchange of treatises), and many before too - Jan Hus in Bohemia in the early 15th century, Wycliffe in Britain, and others. Attempts at reform were made in various places going back four centuries before Luther. Like Harry Potter, &amp;quot;the boy who lived,&amp;quot; Luther was simply the Reformer who lived.&lt;/p&gt;\n\n&lt;p&gt;He had an advantageous political situation in his protection from the Dukes of Saxony and the split attention of the Holy Roman Emperor Charles V, which helped him continue to write and preach without being burned at the stake first - a fate met by numerous other Reformation predecessors. And he had the fairly recent invention of the printing press, so his message could get out all across Europe, which none of the others had had.&lt;/p&gt;\n\n&lt;p&gt;Between those two things, he was perfectly placed to not only spark a Reformation but to survive long-term. One of the greatest wonders of Luther&amp;#39;s life is that he died of natural causes at age 63, instead of executed at the behest of the Pope. He was very much influential on the course of the Reformation and I have no doubt it would have gone very differently - he had an immensely powerful personality and rhetoric.&lt;/p&gt;\n\n&lt;p&gt;But I also believe something would have happened eventually, even without Luther. As I said, there were so many others before and during Luther&amp;#39;s time who wanted to reform the church too, and sooner or later someone else would have taken advantage of political and technological factors like Luther&amp;#39;s. The Medieval corruption of the Western Church was a powder keg that was going to explode; Luther happened to be the one to light the match.&lt;/p&gt;\n&lt;/div&gt;", "subreddit_type": "public", "can_gild": true, "subreddit": "AskHistorians", "name": "t1_dnrn8g0", "score_hidden": false, "permalink": "/r/AskHistorians/comments/73mevs/did_martin_luther_make_the_protestant_reformation/dnrn8g0/", "num_reports": null, "stickied": false, "created": 1506914020.0, "author_flair_text": "Historical Theology | Church History", "created_utc": 1506885220.0, "subreddit_name_prefixed": "r/AskHistorians", "controversiality": 0, "depth": 0, "mod_reports": [], "mod_note": null, "distinguished": null}}], "after": null, "before": null}}]