[{"kind": "Listing", "data": {"modhash": "", "dist": 1, "children": [{"kind": "t3", "data": {"subreddit_id": "t5_2ssp3", "approved_at_utc": null, "send_replies": true, "mod_reason_by": null, "banned_by": null, "removal_reason": null, "wls": 6, "subreddit": "AskHistorians", "selftext_html": "&lt;!-- SC_OFF --&gt;&lt;div class=\"md\"&gt;&lt;p&gt;Francisco Franco\u2019s dictatorship ended only with his death in 1975. \nAfter WWII, with fascism and nazism beaten, how was the relationship of the other countries involved in the war with a country ruled by a fascist dictator who was there after a bloody civil war won with the support of Hitler and Mussolini, even if neutral during the global conflict?&lt;/p&gt;\n&lt;/div&gt;&lt;!-- SC_ON --&gt;", "author_flair_template_id": null, "selftext": "Francisco Franco\u2019s dictatorship ended only with his death in 1975. \nAfter WWII, with fascism and nazism beaten, how was the relationship of the other countries involved in the war with a country ruled by a fascist dictator who was there after a bloody civil war won with the support of Hitler and Mussolini, even if neutral during the global conflict?", "likes": null, "suggested_sort": null, "mod_note": null, "user_reports": [], "secure_media": null, "is_reddit_media_domain": false, "saved": false, "id": "73miy7", "banned_at_utc": null, "mod_reason_title": null, "view_count": null, "archived": true, "clicked": false, "no_follow": true, "author": "JLS88", "num_crossposts": 0, "link_flair_text": null, "can_mod_post": false, "is_crosspostable": false, "pinned": false, "score": 4, "approved_by": null, "over_18": false, "domain": "self.AskHistorians", "hidden": false, "pwls": 6, "thumbnail": "", "hide_score": false, "edited": false, "link_flair_css_class": null, "media_only": false, "author_flair_css_class": null, "contest_mode": false, "gilded": 0, "title": "How was the relationship between Spain and the other European countries after WWII?", "downs": 0, "secure_media_embed": {}, "media_embed": {}, "author_flair_text": null, "stickied": false, "can_gild": false, "is_self": true, "parent_whitelist_status": "all_ads", "name": "t3_73miy7", "spoiler": false, "permalink": "/r/AskHistorians/comments/73miy7/how_was_the_relationship_between_spain_and_the/", "subreddit_type": "public", "locked": false, "report_reasons": null, "created": 1506903348.0, "url": "https://www.reddit.com/r/AskHistorians/comments/73miy7/how_was_the_relationship_between_spain_and_the/", "whitelist_status": "all_ads", "quarantine": false, "subreddit_subscribers": 759253, "created_utc": 1506874548.0, "subreddit_name_prefixed": "r/AskHistorians", "distinguished": null, "media": null, "num_comments": 0, "upvote_ratio": 0.71, "mod_reports": [], "visited": false, "num_reports": null, "is_video": false, "ups": 4, "post_categories": null}}], "after": null, "before": null}}, {"kind": "Listing", "data": {"modhash": "", "dist": null, "children": [], "after": null, "before": null}}]