[{"kind": "Listing", "data": {"modhash": "", "dist": 1, "children": [{"kind": "t3", "data": {"approved_at_utc": null, "subreddit": "AskHistorians", "selftext": "", "user_reports": [], "saved": false, "mod_reason_title": null, "gilded": 0, "clicked": false, "title": "What did Hitler think about pro-Nazi Jewish groups like the Association of German National Jews, and the German Vanguard? Did this spare them any of the harshness of the Holocaust?", "link_flair_richtext": [], "subreddit_name_prefixed": "r/AskHistorians", "hidden": false, "pwls": 6, "link_flair_css_class": null, "downs": 0, "parent_whitelist_status": "all_ads", "hide_score": false, "name": "t3_c8gsic", "quarantine": false, "link_flair_text_color": "dark", "upvote_ratio": 0.73, "author_flair_background_color": null, "subreddit_type": "public", "ups": 5, "total_awards_received": 0, "media_embed": {}, "author_flair_template_id": null, "is_original_content": false, "author_fullname": "t2_2087x5fj", "secure_media": null, "is_reddit_media_domain": false, "is_meta": false, "category": null, "secure_media_embed": {}, "link_flair_text": null, "can_mod_post": false, "num_duplicates": 1, "approved_by": null, "thumbnail": "", "edited": false, "author_flair_css_class": null, "author_flair_richtext": [], "gildings": {}, "content_categories": null, "is_self": true, "mod_note": null, "created": 1562139422.0, "link_flair_type": "text", "wls": 6, "banned_by": null, "author_flair_type": "text", "domain": "self.AskHistorians", "allow_live_comments": false, "selftext_html": null, "likes": null, "suggested_sort": null, "banned_at_utc": null, "view_count": null, "archived": false, "score": 5, "no_follow": false, "is_crosspostable": false, "pinned": false, "over_18": false, "all_awardings": [], "media": null, "media_only": false, "can_gild": false, "spoiler": false, "locked": false, "author_flair_text": null, "visited": false, "num_reports": null, "distinguished": null, "subreddit_id": "t5_2ssp3", "mod_reason_by": null, "removal_reason": null, "link_flair_background_color": "", "id": "c8gsic", "is_robot_indexable": true, "report_reasons": null, "author": "Natbuscus911", "num_crossposts": 0, "num_comments": 2, "send_replies": true, "contest_mode": false, "author_patreon_flair": false, "author_flair_text_color": null, "permalink": "/r/AskHistorians/comments/c8gsic/what_did_hitler_think_about_pronazi_jewish_groups/", "whitelist_status": "all_ads", "stickied": false, "url": "https://www.reddit.com/r/AskHistorians/comments/c8gsic/what_did_hitler_think_about_pronazi_jewish_groups/", "subreddit_subscribers": 999330, "created_utc": 1562110622.0, "discussion_type": null, "mod_reports": [], "is_video": false}}], "after": null, "before": null}}, {"kind": "Listing", "data": {"modhash": "", "dist": null, "children": [{"kind": "t1", "data": {"total_awards_received": 0, "approved_at_utc": null, "ups": 1, "mod_reason_by": null, "banned_by": null, "author_flair_type": "richtext", "removal_reason": null, "link_id": "t3_c8gsic", "author_flair_template_id": null, "likes": null, "no_follow": true, "replies": "", "user_reports": [], "saved": false, "id": "esmowfs", "banned_at_utc": null, "mod_reason_title": null, "gilded": 0, "archived": false, "report_reasons": null, "author": "UrAccountabilibuddy", "can_mod_post": false, "send_replies": true, "parent_id": "t3_c8gsic", "score": 1, "author_fullname": "t2_bvmqy", "approved_by": null, "all_awardings": [], "subreddit_id": "t5_2ssp3", "body": "Hi there,\n\nOn /r/AskHistorians we often get questions along the lines of 'what did Hitler think about X' - I mean, as an April Fools joke one year, we changed the sub to /r/AskAboutHitler. However, for better or worse, many of these questions about what Hitler thought are, in the literal sense, unanswerable. We don't know what Hitler thought about many things, and especially about things which were inconsequential for him. Hitler did not keep a diary, and the collections of his private conversations is disjointed and nowhere near complete, being almost completely dependent on the post-war recollection of his intimates (who may also be unreliable in their recollections, especially given those circumstances).\n\nOf course, you may still get an answer to this particular question! However, broadly speaking, proving the negative is very hard (there *could* be an 1965 article on the topic in Swahili), and if you've asked a question which is almost certainly \"We don't know, and he probably didn't care anyways\", few historians familiar with the topic matter actually are going to want to put in the necessary gruntwork, doubly so about a man who on a personal level was decidedly uninteresting. \n\nFor more information that will be helpful in understanding the context around your question, please read /u/commiespaceinvader's [wonderful post on why Hitler's opinions actually aren't that interesting](https://www.reddit.com/r/AskHistorians/comments/4cewq8/on_adolf_hitler_great_man_theory_and_asking/), and [please see here](https://www.reddit.com/r/AskHistorians/comments/7nlvtl/what_was_hitlers_reaction_on_albert_einstein/ds6da4w/) for an example of a historian attempting to find evidence about Hitler's thoughts on a topic, but finding that it is likely unanswerable.", "edited": false, "author_flair_css_class": "northamerica", "is_submitter": false, "downs": 0, "author_flair_richtext": [{"e": "text", "t": "Moderator | History of Education"}], "author_patreon_flair": false, "collapsed_reason": null, "body_html": "&lt;div class=\"md\"&gt;&lt;p&gt;Hi there,&lt;/p&gt;\n\n&lt;p&gt;On &lt;a href=\"/r/AskHistorians\"&gt;/r/AskHistorians&lt;/a&gt; we often get questions along the lines of &amp;#39;what did Hitler think about X&amp;#39; - I mean, as an April Fools joke one year, we changed the sub to &lt;a href=\"/r/AskAboutHitler\"&gt;/r/AskAboutHitler&lt;/a&gt;. However, for better or worse, many of these questions about what Hitler thought are, in the literal sense, unanswerable. We don&amp;#39;t know what Hitler thought about many things, and especially about things which were inconsequential for him. Hitler did not keep a diary, and the collections of his private conversations is disjointed and nowhere near complete, being almost completely dependent on the post-war recollection of his intimates (who may also be unreliable in their recollections, especially given those circumstances).&lt;/p&gt;\n\n&lt;p&gt;Of course, you may still get an answer to this particular question! However, broadly speaking, proving the negative is very hard (there &lt;em&gt;could&lt;/em&gt; be an 1965 article on the topic in Swahili), and if you&amp;#39;ve asked a question which is almost certainly &amp;quot;We don&amp;#39;t know, and he probably didn&amp;#39;t care anyways&amp;quot;, few historians familiar with the topic matter actually are going to want to put in the necessary gruntwork, doubly so about a man who on a personal level was decidedly uninteresting. &lt;/p&gt;\n\n&lt;p&gt;For more information that will be helpful in understanding the context around your question, please read &lt;a href=\"/u/commiespaceinvader\"&gt;/u/commiespaceinvader&lt;/a&gt;&amp;#39;s &lt;a href=\"https://www.reddit.com/r/AskHistorians/comments/4cewq8/on_adolf_hitler_great_man_theory_and_asking/\"&gt;wonderful post on why Hitler&amp;#39;s opinions actually aren&amp;#39;t that interesting&lt;/a&gt;, and &lt;a href=\"https://www.reddit.com/r/AskHistorians/comments/7nlvtl/what_was_hitlers_reaction_on_albert_einstein/ds6da4w/\"&gt;please see here&lt;/a&gt; for an example of a historian attempting to find evidence about Hitler&amp;#39;s thoughts on a topic, but finding that it is likely unanswerable.&lt;/p&gt;\n&lt;/div&gt;", "stickied": true, "subreddit_type": "public", "can_gild": true, "gildings": {}, "author_flair_text_color": "dark", "score_hidden": true, "permalink": "/r/AskHistorians/comments/c8gsic/what_did_hitler_think_about_pronazi_jewish_groups/esmowfs/", "num_reports": null, "locked": false, "name": "t1_esmowfs", "created": 1562139646.0, "subreddit": "AskHistorians", "author_flair_text": "Moderator | History of Education", "collapsed": false, "created_utc": 1562110846.0, "subreddit_name_prefixed": "r/AskHistorians", "controversiality": 0, "depth": 0, "author_flair_background_color": "", "mod_reports": [], "mod_note": null, "distinguished": "moderator"}}, {"kind": "t1", "data": {"total_awards_received": 0, "approved_at_utc": null, "ups": 1, "mod_reason_by": null, "banned_by": null, "author_flair_type": "richtext", "removal_reason": null, "link_id": "t3_c8gsic", "author_flair_template_id": "9e641f94-c626-11e2-8e2c-12313b0b21ae", "likes": null, "no_follow": true, "replies": "", "user_reports": [], "saved": false, "id": "esmolmp", "banned_at_utc": null, "mod_reason_title": null, "gilded": 0, "archived": false, "report_reasons": null, "author": "AutoModerator", "can_mod_post": false, "send_replies": false, "parent_id": "t3_c8gsic", "score": 1, "author_fullname": "t2_6l4z3", "approved_by": null, "all_awardings": [], "subreddit_id": "t5_2ssp3", "body": "Welcome to /r/AskHistorians. **Please be sure to [Read Our Rules](https://www.reddit.com/r/AskHistorians/wiki/rules) before you contribute to this community**.  \n\nWe thank you for your interest in this *question*, and your patience in waiting for an in-depth and comprehensive answer to be written, which takes time. Please consider **[Clicking Here for RemindMeBot](https://www.reddit.com/message/compose/?to=RemindMeBot&amp;subject=Reminder&amp;message=%5Bhttps://www.reddit.com/r/AskHistorians/comments/c8gsic/what_did_hitler_think_about_pronazi_jewish_groups/%5D%0A%0ARemindMe!++2+days)**, or using [these alternatives](/r/AskHistorians/comments/8p0s9b/roundtable_21_be_kindremind_the_mod_approved/). In the meantime our [Twitter](https://twitter.com/askhistorians), [Facebook](https://www.facebook.com/askhistorians/), and [Sunday Digest](https://www.reddit.com/r/AskHistorians/search?q=title%3A%22Sunday+Digest%22&amp;restrict_sr=on&amp;sort=new&amp;t=all) feature excellent content that has already been written!\n\n[Please leave feedback on this test message here.](https://www.reddit.com/r/AskHistorians/comments/btz9o5/testing_testing_123_well_be_trying_out_an/)\n\n\n*I am a bot, and this action was performed automatically. Please [contact the moderators of this subreddit](/message/compose/?to=/r/AskHistorians) if you have any questions or concerns.*", "edited": false, "author_flair_css_class": "moderator", "is_submitter": false, "downs": 0, "author_flair_richtext": [{"e": "text", "t": "History of Robotics"}], "author_patreon_flair": false, "collapsed_reason": null, "body_html": "&lt;div class=\"md\"&gt;&lt;p&gt;Welcome to &lt;a href=\"/r/AskHistorians\"&gt;/r/AskHistorians&lt;/a&gt;. &lt;strong&gt;Please be sure to &lt;a href=\"https://www.reddit.com/r/AskHistorians/wiki/rules\"&gt;Read Our Rules&lt;/a&gt; before you contribute to this community&lt;/strong&gt;.  &lt;/p&gt;\n\n&lt;p&gt;We thank you for your interest in this &lt;em&gt;question&lt;/em&gt;, and your patience in waiting for an in-depth and comprehensive answer to be written, which takes time. Please consider &lt;strong&gt;&lt;a href=\"https://www.reddit.com/message/compose/?to=RemindMeBot&amp;amp;subject=Reminder&amp;amp;message=%5Bhttps://www.reddit.com/r/AskHistorians/comments/c8gsic/what_did_hitler_think_about_pronazi_jewish_groups/%5D%0A%0ARemindMe!++2+days\"&gt;Clicking Here for RemindMeBot&lt;/a&gt;&lt;/strong&gt;, or using &lt;a href=\"/r/AskHistorians/comments/8p0s9b/roundtable_21_be_kindremind_the_mod_approved/\"&gt;these alternatives&lt;/a&gt;. In the meantime our &lt;a href=\"https://twitter.com/askhistorians\"&gt;Twitter&lt;/a&gt;, &lt;a href=\"https://www.facebook.com/askhistorians/\"&gt;Facebook&lt;/a&gt;, and &lt;a href=\"https://www.reddit.com/r/AskHistorians/search?q=title%3A%22Sunday+Digest%22&amp;amp;restrict_sr=on&amp;amp;sort=new&amp;amp;t=all\"&gt;Sunday Digest&lt;/a&gt; feature excellent content that has already been written!&lt;/p&gt;\n\n&lt;p&gt;&lt;a href=\"https://www.reddit.com/r/AskHistorians/comments/btz9o5/testing_testing_123_well_be_trying_out_an/\"&gt;Please leave feedback on this test message here.&lt;/a&gt;&lt;/p&gt;\n\n&lt;p&gt;&lt;em&gt;I am a bot, and this action was performed automatically. Please &lt;a href=\"/message/compose/?to=/r/AskHistorians\"&gt;contact the moderators of this subreddit&lt;/a&gt; if you have any questions or concerns.&lt;/em&gt;&lt;/p&gt;\n&lt;/div&gt;", "stickied": false, "subreddit_type": "public", "can_gild": true, "gildings": {}, "author_flair_text_color": "light", "score_hidden": false, "permalink": "/r/AskHistorians/comments/c8gsic/what_did_hitler_think_about_pronazi_jewish_groups/esmolmp/", "num_reports": null, "locked": true, "name": "t1_esmolmp", "created": 1562139423.0, "subreddit": "AskHistorians", "author_flair_text": "History of Robotics", "collapsed": false, "created_utc": 1562110623.0, "subreddit_name_prefixed": "r/AskHistorians", "controversiality": 0, "depth": 0, "author_flair_background_color": "#8b008b", "mod_reports": [], "mod_note": null, "distinguished": "moderator"}}], "after": null, "before": null}}]