[{"kind": "Listing", "data": {"modhash": "", "dist": 1, "children": [{"kind": "t3", "data": {"approved_at_utc": null, "subreddit": "AskHistorians", "selftext": "Take me through the whole process. ", "user_reports": [], "saved": false, "mod_reason_title": null, "gilded": 0, "clicked": false, "title": "What exactly happened when you got the letter that you were drafted in WWII?", "link_flair_richtext": [], "subreddit_name_prefixed": "r/AskHistorians", "hidden": false, "pwls": 6, "link_flair_css_class": null, "downs": 0, "parent_whitelist_status": "all_ads", "hide_score": false, "name": "t3_a2k2zz", "quarantine": false, "link_flair_text_color": "dark", "upvote_ratio": 0.85, "author_flair_background_color": null, "subreddit_type": "public", "ups": 8, "domain": "self.AskHistorians", "media_embed": {}, "author_flair_template_id": null, "is_original_content": false, "author_fullname": "t2_4z7q220", "secure_media": null, "is_reddit_media_domain": false, "is_meta": false, "category": null, "secure_media_embed": {}, "link_flair_text": null, "can_mod_post": false, "score": 8, "approved_by": null, "thumbnail": "", "edited": false, "author_flair_css_class": null, "author_flair_richtext": [], "gildings": {"gid_1": 0, "gid_2": 0, "gid_3": 0}, "content_categories": null, "is_self": true, "mod_note": null, "created": 1543832372.0, "link_flair_type": "text", "wls": 6, "banned_by": null, "author_flair_type": "text", "contest_mode": false, "selftext_html": "&lt;!-- SC_OFF --&gt;&lt;div class=\"md\"&gt;&lt;p&gt;Take me through the whole process. &lt;/p&gt;\n&lt;/div&gt;&lt;!-- SC_ON --&gt;", "likes": null, "suggested_sort": null, "banned_at_utc": null, "view_count": null, "archived": false, "no_follow": true, "is_crosspostable": false, "pinned": false, "over_18": false, "media": null, "media_only": false, "link_flair_template_id": null, "can_gild": false, "spoiler": false, "locked": false, "author_flair_text": null, "visited": false, "num_reports": null, "distinguished": null, "subreddit_id": "t5_2ssp3", "mod_reason_by": null, "removal_reason": null, "link_flair_background_color": "", "id": "a2k2zz", "is_robot_indexable": true, "report_reasons": null, "author": "huskersrule123", "num_crossposts": 0, "num_comments": 4, "send_replies": true, "author_patreon_flair": false, "author_flair_text_color": null, "permalink": "/r/AskHistorians/comments/a2k2zz/what_exactly_happened_when_you_got_the_letter/", "whitelist_status": "all_ads", "stickied": false, "url": "https://www.reddit.com/r/AskHistorians/comments/a2k2zz/what_exactly_happened_when_you_got_the_letter/", "subreddit_subscribers": 884510, "created_utc": 1543803572.0, "mod_reports": [], "is_video": false}}], "after": null, "before": null}}, {"kind": "Listing", "data": {"modhash": "", "dist": null, "children": [{"kind": "t1", "data": {"subreddit_id": "t5_2ssp3", "approved_at_utc": null, "ups": 2, "mod_reason_by": null, "banned_by": null, "author_flair_type": "text", "removal_reason": null, "link_id": "t3_a2k2zz", "author_flair_template_id": null, "likes": null, "no_follow": true, "replies": {"kind": "Listing", "data": {"modhash": "", "dist": null, "children": [{"kind": "t1", "data": {"subreddit_id": "t5_2ssp3", "approved_at_utc": null, "ups": 5, "mod_reason_by": null, "banned_by": null, "author_flair_type": "text", "removal_reason": null, "link_id": "t3_a2k2zz", "author_flair_template_id": null, "likes": null, "no_follow": true, "replies": {"kind": "Listing", "data": {"modhash": "", "dist": null, "children": [{"kind": "t1", "data": {"subreddit_id": "t5_2ssp3", "approved_at_utc": null, "ups": 5, "mod_reason_by": null, "banned_by": null, "author_flair_type": "text", "removal_reason": null, "link_id": "t3_a2k2zz", "author_flair_template_id": null, "likes": null, "no_follow": true, "replies": {"kind": "Listing", "data": {"modhash": "", "dist": null, "children": [{"kind": "t1", "data": {"subreddit_id": "t5_2ssp3", "approved_at_utc": null, "ups": 1, "mod_reason_by": null, "banned_by": null, "author_flair_type": "text", "removal_reason": null, "link_id": "t3_a2k2zz", "author_flair_template_id": null, "likes": null, "no_follow": true, "replies": "", "user_reports": [], "saved": false, "id": "eaz88yk", "banned_at_utc": null, "mod_reason_title": null, "gilded": 0, "archived": false, "report_reasons": null, "author": "huskersrule123", "can_mod_post": false, "send_replies": true, "parent_id": "t1_eaz5rvg", "score": 1, "author_fullname": "t2_4z7q220", "approved_by": null, "downs": 0, "body": "Thanks friend, this helps a lot. ", "edited": false, "author_flair_css_class": null, "is_submitter": true, "collapsed": false, "author_flair_richtext": [], "author_patreon_flair": false, "collapsed_reason": null, "body_html": "&lt;div class=\"md\"&gt;&lt;p&gt;Thanks friend, this helps a lot. &lt;/p&gt;\n&lt;/div&gt;", "stickied": false, "subreddit_type": "public", "can_gild": true, "gildings": {"gid_1": 0, "gid_2": 0, "gid_3": 0}, "author_flair_text_color": null, "score_hidden": false, "permalink": "/r/AskHistorians/comments/a2k2zz/what_exactly_happened_when_you_got_the_letter/eaz88yk/", "num_reports": null, "name": "t1_eaz88yk", "created": 1543836522.0, "subreddit": "AskHistorians", "author_flair_text": null, "created_utc": 1543807722.0, "subreddit_name_prefixed": "r/AskHistorians", "controversiality": 0, "depth": 3, "author_flair_background_color": null, "mod_reports": [], "mod_note": null, "distinguished": null}}], "after": null, "before": null}}, "user_reports": [], "saved": false, "id": "eaz5rvg", "banned_at_utc": null, "mod_reason_title": null, "gilded": 0, "archived": false, "report_reasons": null, "author": "the_howling_cow", "can_mod_post": false, "send_replies": true, "parent_id": "t1_eaz5pqb", "score": 5, "author_fullname": "t2_pbs83", "approved_by": null, "downs": 0, "body": "&gt; After reporting to a designated Army reception center, men were given a basic indoctrination into military discipline, had their records initiated, filled out paperwork relating to life insurance, bonds, allowances, and the like, and were given a classification test battery (Army General Classification Test, Mechanical Aptitude Test, radio code aptitude test) which determined their general suitability for positions in the Army. One of the most important forms was the [WD AGO Form 20](https://imgur.com/a/T087xq9), which followed a man in service until he died or was discharged. During meetings with a classification specialist, men's Form 20s were reviewed and they were recommended several military occupational placements based upon civilian occupations, hobbies, or lack thereof. At various points during their service, men could also [volunteer](https://www.reddit.com/r/AskHistorians/comments/9bdixo/why_were_pilots_in_world_war_two_so_young/) for given [positions](https://www.reddit.com/r/AskHistorians/comments/8atcdh/how_were_elite_divisions_in_ww2_such_as_the_101st/) not necessarily recommended by the classification specialist provided they met the requisite physical and mental qualifications. In 1943, of men having civilian occupations useful to the Army, only 17% were used in some other capacity. Men of high intelligence, mechanical aptitude, or who had some established civilian trade were steered into the Army Air Forces, Army Service Forces, and college training programs [as a matter of official policy](https://www.reddit.com/r/AskHistorians/comments/9ijiu8/we_often_hear_about_best_us_divisions_during_ww2/e6kfykz/). [Military occupations having no civilian equivalent were most prevalent in the combat arms](https://imgur.com/a/0F2QTCV), so men having no civilian occupation (due to youth or other reasons), one that was overly common in the civilian world in relation to its rate of occurrence in the military, one that was difficult to translate into a military occupation, or who had [scored poorly on their Army General Classification Test](https://imgur.com/a/4o0sFBb) more than likely would end up there.  \n\n&gt; &gt; The requirements of the Army, in terms of SSN's, were formulated primarily in unit Tables of Organization (T/O's), which showed what jobs existed in every unit and how many men were needed for each type of job. From the T/O's of all units the Adjutant General's Office computed \"Requirement and Replacement Rates, Military Specialists.\" These were for the guidance of reception centers in the assignment of newly inducted men. They converted the needs of every type of unit for each SSN into a rate per thousand enlisted men. For example, in the infantry regiment, the rate per thousand was 21.3 for cooks (SSN 060), 77.0 for light truck drivers (SSN 345), 177.5 for riflemen (SSN 745),and 50.7 for automatic riflemen (SSN 746). The Requirement and Replacement Rates also included figures for the over-all SSN needs of each arm and service. These figures served as a guide in the assignment of newly inducted men to replacement training centers.\n\n&gt; \u2026.\n\n&gt; Occupational classification, though not adapted primarily to the needs of\nthe combat arms, was nevertheless the main basis of assignment. Reception centers, in filling requisitions of units or replacement training centers for personnel, supplied specialists in the proportions called for in the Requirement and Replacement Rates. For further guidance of the reception centers Army Regulations 615-26, dated 15 September 1942, offered suggestions for assignment. For boilermakers, bricklayers, riveters, and steelworkers, the suggested assignment was the Corps of Engineers. For longshoremen it was the Quartermaster Corps. Detectives were thought to be peculiarly suitable for the Provost Marshal General's Office, and \"vice-squad patrolmen\" for the Military Police. Miners might fit into either the Engineers or the Infantry. Suited for the Infantry primarily, according to these suggestions, were a few \"specialists\" of infrequent occurrence in the civilian population, such as parachute jumpers and mountaineers. Bookkeepers, file clerks, piano tuners, shipping clerks, and teachers were recommended \"for any arm or service.\" White-collar workers were not needed by the Army in proportion to their frequency in civilian society. They stood, therefore, a somewhat better chance of being assigned to the Infantry than did boilermakers or longshoremen.\n\n&gt; Replacement training centers provided both filler (to bring new units up to strength) and loss (both normal attrition and battle losses) replacements; as the war wore on, the proportion of replacements trained in the Army Ground Forces [leaned further and further in favor of infantry](https://imgur.com/a/Qn4SirQ).\n\n&gt; Before U.S. entry into World War II, General George C. Marshall wished to have all draftees trained in replacement training centers, but this was never realized due to a lack of funding to acquire the necessary facilities and training grounds, and those units that were already activated did not receive the amount of RTC-trained men they had been promised, even though they had priority on them (so as to not delay their training). Another of Marshall's policies gave those men who had volunteered for induction under Selective Service priority in assignment to the replacement training center of their chosen branch. With the denial of an expansion in capacity of replacement training centers in lockstep with the expansion of the Army in December 1941, these policies became such that after high-priority requirements had been filled, existing units received a portion of their men from replacement training centers (units having many men in skilled positions, such as those in the services, received many men from replacement training centers, while those in the combat arms received few or none), while untrained draftees from reception centers were assigned to newly-activated units. \n\n&gt; * [Army Calls on Selective Service and Men Received, November 1940 - December 1945](https://imgur.com/a/7maOOy8)\n\n&gt; * [Navy Calls on Selective Service and Men Received, January 1943 - December 1945](https://imgur.com/a/j5JXAgF)", "edited": false, "author_flair_css_class": "military", "is_submitter": false, "collapsed": false, "author_flair_richtext": [], "author_patreon_flair": false, "collapsed_reason": null, "body_html": "&lt;div class=\"md\"&gt;&lt;blockquote&gt;\n&lt;p&gt;After reporting to a designated Army reception center, men were given a basic indoctrination into military discipline, had their records initiated, filled out paperwork relating to life insurance, bonds, allowances, and the like, and were given a classification test battery (Army General Classification Test, Mechanical Aptitude Test, radio code aptitude test) which determined their general suitability for positions in the Army. One of the most important forms was the &lt;a href=\"https://imgur.com/a/T087xq9\"&gt;WD AGO Form 20&lt;/a&gt;, which followed a man in service until he died or was discharged. During meetings with a classification specialist, men&amp;#39;s Form 20s were reviewed and they were recommended several military occupational placements based upon civilian occupations, hobbies, or lack thereof. At various points during their service, men could also &lt;a href=\"https://www.reddit.com/r/AskHistorians/comments/9bdixo/why_were_pilots_in_world_war_two_so_young/\"&gt;volunteer&lt;/a&gt; for given &lt;a href=\"https://www.reddit.com/r/AskHistorians/comments/8atcdh/how_were_elite_divisions_in_ww2_such_as_the_101st/\"&gt;positions&lt;/a&gt; not necessarily recommended by the classification specialist provided they met the requisite physical and mental qualifications. In 1943, of men having civilian occupations useful to the Army, only 17% were used in some other capacity. Men of high intelligence, mechanical aptitude, or who had some established civilian trade were steered into the Army Air Forces, Army Service Forces, and college training programs &lt;a href=\"https://www.reddit.com/r/AskHistorians/comments/9ijiu8/we_often_hear_about_best_us_divisions_during_ww2/e6kfykz/\"&gt;as a matter of official policy&lt;/a&gt;. &lt;a href=\"https://imgur.com/a/0F2QTCV\"&gt;Military occupations having no civilian equivalent were most prevalent in the combat arms&lt;/a&gt;, so men having no civilian occupation (due to youth or other reasons), one that was overly common in the civilian world in relation to its rate of occurrence in the military, one that was difficult to translate into a military occupation, or who had &lt;a href=\"https://imgur.com/a/4o0sFBb\"&gt;scored poorly on their Army General Classification Test&lt;/a&gt; more than likely would end up there.  &lt;/p&gt;\n\n&lt;blockquote&gt;\n&lt;p&gt;The requirements of the Army, in terms of SSN&amp;#39;s, were formulated primarily in unit Tables of Organization (T/O&amp;#39;s), which showed what jobs existed in every unit and how many men were needed for each type of job. From the T/O&amp;#39;s of all units the Adjutant General&amp;#39;s Office computed &amp;quot;Requirement and Replacement Rates, Military Specialists.&amp;quot; These were for the guidance of reception centers in the assignment of newly inducted men. They converted the needs of every type of unit for each SSN into a rate per thousand enlisted men. For example, in the infantry regiment, the rate per thousand was 21.3 for cooks (SSN 060), 77.0 for light truck drivers (SSN 345), 177.5 for riflemen (SSN 745),and 50.7 for automatic riflemen (SSN 746). The Requirement and Replacement Rates also included figures for the over-all SSN needs of each arm and service. These figures served as a guide in the assignment of newly inducted men to replacement training centers.&lt;/p&gt;\n&lt;/blockquote&gt;\n\n&lt;p&gt;\u2026.&lt;/p&gt;\n\n&lt;p&gt;Occupational classification, though not adapted primarily to the needs of\nthe combat arms, was nevertheless the main basis of assignment. Reception centers, in filling requisitions of units or replacement training centers for personnel, supplied specialists in the proportions called for in the Requirement and Replacement Rates. For further guidance of the reception centers Army Regulations 615-26, dated 15 September 1942, offered suggestions for assignment. For boilermakers, bricklayers, riveters, and steelworkers, the suggested assignment was the Corps of Engineers. For longshoremen it was the Quartermaster Corps. Detectives were thought to be peculiarly suitable for the Provost Marshal General&amp;#39;s Office, and &amp;quot;vice-squad patrolmen&amp;quot; for the Military Police. Miners might fit into either the Engineers or the Infantry. Suited for the Infantry primarily, according to these suggestions, were a few &amp;quot;specialists&amp;quot; of infrequent occurrence in the civilian population, such as parachute jumpers and mountaineers. Bookkeepers, file clerks, piano tuners, shipping clerks, and teachers were recommended &amp;quot;for any arm or service.&amp;quot; White-collar workers were not needed by the Army in proportion to their frequency in civilian society. They stood, therefore, a somewhat better chance of being assigned to the Infantry than did boilermakers or longshoremen.&lt;/p&gt;\n\n&lt;p&gt;Replacement training centers provided both filler (to bring new units up to strength) and loss (both normal attrition and battle losses) replacements; as the war wore on, the proportion of replacements trained in the Army Ground Forces &lt;a href=\"https://imgur.com/a/Qn4SirQ\"&gt;leaned further and further in favor of infantry&lt;/a&gt;.&lt;/p&gt;\n\n&lt;p&gt;Before U.S. entry into World War II, General George C. Marshall wished to have all draftees trained in replacement training centers, but this was never realized due to a lack of funding to acquire the necessary facilities and training grounds, and those units that were already activated did not receive the amount of RTC-trained men they had been promised, even though they had priority on them (so as to not delay their training). Another of Marshall&amp;#39;s policies gave those men who had volunteered for induction under Selective Service priority in assignment to the replacement training center of their chosen branch. With the denial of an expansion in capacity of replacement training centers in lockstep with the expansion of the Army in December 1941, these policies became such that after high-priority requirements had been filled, existing units received a portion of their men from replacement training centers (units having many men in skilled positions, such as those in the services, received many men from replacement training centers, while those in the combat arms received few or none), while untrained draftees from reception centers were assigned to newly-activated units. &lt;/p&gt;\n\n&lt;ul&gt;\n&lt;li&gt;&lt;p&gt;&lt;a href=\"https://imgur.com/a/7maOOy8\"&gt;Army Calls on Selective Service and Men Received, November 1940 - December 1945&lt;/a&gt;&lt;/p&gt;&lt;/li&gt;\n&lt;li&gt;&lt;p&gt;&lt;a href=\"https://imgur.com/a/j5JXAgF\"&gt;Navy Calls on Selective Service and Men Received, January 1943 - December 1945&lt;/a&gt;&lt;/p&gt;&lt;/li&gt;\n&lt;/ul&gt;\n&lt;/blockquote&gt;\n&lt;/div&gt;", "stickied": false, "subreddit_type": "public", "can_gild": true, "gildings": {"gid_1": 0, "gid_2": 0, "gid_3": 0}, "author_flair_text_color": "dark", "score_hidden": false, "permalink": "/r/AskHistorians/comments/a2k2zz/what_exactly_happened_when_you_got_the_letter/eaz5rvg/", "num_reports": null, "name": "t1_eaz5rvg", "created": 1543834341.0, "subreddit": "AskHistorians", "author_flair_text": "United States Army in WWII", "created_utc": 1543805541.0, "subreddit_name_prefixed": "r/AskHistorians", "controversiality": 0, "depth": 2, "author_flair_background_color": "", "mod_reports": [], "mod_note": null, "distinguished": null}}], "after": null, "before": null}}, "user_reports": [], "saved": false, "id": "eaz5pqb", "banned_at_utc": null, "mod_reason_title": null, "gilded": 0, "archived": false, "report_reasons": null, "author": "the_howling_cow", "can_mod_post": false, "send_replies": true, "parent_id": "t1_eaz5n8i", "score": 5, "author_fullname": "t2_pbs83", "approved_by": null, "downs": 0, "body": "&gt; I have written extensively on this topic before; as the number of answers has gotten so large, I will point you to my profile [here](https://www.reddit.com/r/AskHistorians/wiki/profiles/the_howling_cow) where they are.\n\n&gt; President Franklin D. Roosevelt signed the [Selective Training and Service Act of 1940](http://legisworks.org/congress/76/publaw-783.pdf) on 16 September 1940. Men from the ages of 21-35 registered and were to be liable for selection via a random lottery, to serve 1 year of active service and then 10 years in a reserve component. Not more than 900,000 draftees were to be in service at any one time (the funds allocated by Congress could only support 800,000), and they were not to serve outside the Western Hemisphere except in U.S. possessions. The Navy successfully exempted itself from the act by claiming that its ships could not maintain combat effectiveness through a constant cycling of one-year draftees. On [16 August 1941](http://legisworks.org/congress/77/publaw-206.pdf), men 28 and older were deferred from training and service (this provision ended after the war began, and those men released from service were called back). On [18 August 1941](http://legisworks.org/congress/77/publaw-213.pdf), the period of active service of draftees, as a part of a blanket national security measure, was extended from 12 to 30 months. \n\n&gt; On [13 December 1941](http://legisworks.org/congress/77/publaw-338.pdf), the National Defense Act of 1916 was amended to consider men serving under the Selective Training and Service Act members of the Army of the United States. The period of service of all men then in the Army of the United States or in it in the future was extended for the duration of the war plus 6 months, and the Selective Training and Service Act was amended to remove all references to territorial restrictions on the use of draftees. [On 20 December 1941](http://legisworks.org/congress/77/publaw-360.pdf), the ages for registration under the Act were increased from 18-65 and the ages for liability for military service were increased from 20-44. On [13 November 1942](http://legisworks.org/congress/77/publaw-772.pdf), the age for liability for military service was dropped from 20 to 18. \n\n&gt; On 5 December 1942, President Roosevelt\u2019s [Executive Order 9279](https://www.presidency.ucsb.edu/documents/executive-order-9279-providing-for-the-most-effective-mobilization-and-utilization-the) terminated voluntary enlistment into the U.S. armed forces for men 18-37 for the duration of the war, which also implicitly brought the Navy under the umbrella of Selective Service. The military simultaneously declared that men over the age of 37 were more necessary in civilian life than in the military, and refused their induction; provisions were later provided for many of these men for their transfer to reserve components or release.\n\n&gt; Before January 1943, all draftees went to the Army, and after that a majority did, and so that\u2019s where I will focus. \n\n&gt; From November 1940 to August 1941, the commanding general of each corps area received a portion of the quota determined from the office of the Secretary of War. The quota was divided up as quotas for states, and transmitted to their governors, who informed Selective Service officials of the number of men needed; calls for men for the Army were then given to each local board. From September 1941, requisitions were made from the office of the Secretary of War onto Selective Service. The national Director of Selective Service, after determining a quota, divided it up and allocated a portion to each state, and the state Directors then issued calls on each of their local boards to select and order men to report for induction.\n\n&gt; To not cause an overly severe disruption of civilian life in given states by withdrawing too many men at once, the division of the quota (whatever its size was) among the states was determined so that the ratio of the number of men from each state available for military service and the number of men from the United States available for military service equaled the ratio of the number of men from each state in the military service of the United States and the total number of men in the military service of the United States.\n  \n&gt; Initially, men were inducted immediately after they were selected, but this process did not prove ideal due to the relative strictness of Selective Service versus Army examiners; men could be rejected at some arbitrary stage, only to have concluded their affairs. By the end of 1941, 41 states were experimenting with a procedure whereby men, after receiving preinduction examinations at Army induction stations, would be returned to their homes as civilians to await actual induction some time later if found acceptable, usually anywhere from 15 to 60 days. After Pearl Harbor, this process was changed. On 15 February 1942, the Army announced that men would again be inducted immediately, but would be transferred to the Enlisted Reserve Corps for 7 days to conclude their affairs before reporting to a reception center. This furlough was extended to 21 days by September 1943. With the signing of [Public Law 197](http://legisworks.org/congress/78/publaw-197.pdfz) on 11 December 1943, a process similar to that which had been tried immediately before the war came into effect. Men were to receive a preinduction examination and be presented with a certificate of fitness or lack thereof at least 21 days before their actual induction.\n\n&gt; In handling the Navy\u2019s entrance into Selective Service in January 1943, a system with two separate quotas was developed, one for the Army and one for the Navy. Since the Navy had not maintained induction stations, Army installations were used in a joint procedure. The quotas for each service became one when allocated to the states and then the local boards, which translated into a numerical ratio in which inductees were to be assigned to the Army or the Navy. To ensure an equitable distribution of high-quality manpower between services, men were placed into groups based upon age, education, occupational skill, and physical and mental qualifications, and assigned at the time of induction based upon the groups and the ratio of the day. Both volunteers for induction and draftees were permitted to express their preference of service in either the Army or the Navy (the \"Navy\" call was further divided into \"Navy,\" \"Marine Corps,\" and \"Coast Guard\"), with volunteers being given priority. No assurance of assignment was given; if the call for their chosen branch had already been filled or if some other situation came to pass, they were assigned to the branch for which they were best qualified or in which there was the greatest need for them.\n\n&gt; With the advent of the preinduction physical examination in January 1944, men ordered to report for their examinations and found acceptable were permitted to express their preference of service in either the Army or the Navy, creating two manpower pools. The men then used to fill each local board's call for each service would come from their respective pools of qualified registrants. A situation soon resulted where the size of the pools was becoming unbalanced in relation to the requirements of each service, and it was feared that at some point in the future one or both monthly calls would not end up being filled. Beginning on 1 July 1944, the quota reverted back to a single, ratio-based quota to avert this problem. After their preinduction physical examinations, men were declared as either acceptable or unacceptable for general or limited military service rather than acceptable specifically to the Army or Navy, and were again assigned to a given service at the time of induction based on the group system and the ratio of the day. Only volunteers for induction continued to have permission to choose their branch of service to the extent practicable.", "edited": false, "author_flair_css_class": "military", "is_submitter": false, "collapsed": false, "author_flair_richtext": [], "author_patreon_flair": false, "collapsed_reason": null, "body_html": "&lt;div class=\"md\"&gt;&lt;blockquote&gt;\n&lt;p&gt;I have written extensively on this topic before; as the number of answers has gotten so large, I will point you to my profile &lt;a href=\"https://www.reddit.com/r/AskHistorians/wiki/profiles/the_howling_cow\"&gt;here&lt;/a&gt; where they are.&lt;/p&gt;\n\n&lt;p&gt;President Franklin D. Roosevelt signed the &lt;a href=\"http://legisworks.org/congress/76/publaw-783.pdf\"&gt;Selective Training and Service Act of 1940&lt;/a&gt; on 16 September 1940. Men from the ages of 21-35 registered and were to be liable for selection via a random lottery, to serve 1 year of active service and then 10 years in a reserve component. Not more than 900,000 draftees were to be in service at any one time (the funds allocated by Congress could only support 800,000), and they were not to serve outside the Western Hemisphere except in U.S. possessions. The Navy successfully exempted itself from the act by claiming that its ships could not maintain combat effectiveness through a constant cycling of one-year draftees. On &lt;a href=\"http://legisworks.org/congress/77/publaw-206.pdf\"&gt;16 August 1941&lt;/a&gt;, men 28 and older were deferred from training and service (this provision ended after the war began, and those men released from service were called back). On &lt;a href=\"http://legisworks.org/congress/77/publaw-213.pdf\"&gt;18 August 1941&lt;/a&gt;, the period of active service of draftees, as a part of a blanket national security measure, was extended from 12 to 30 months. &lt;/p&gt;\n\n&lt;p&gt;On &lt;a href=\"http://legisworks.org/congress/77/publaw-338.pdf\"&gt;13 December 1941&lt;/a&gt;, the National Defense Act of 1916 was amended to consider men serving under the Selective Training and Service Act members of the Army of the United States. The period of service of all men then in the Army of the United States or in it in the future was extended for the duration of the war plus 6 months, and the Selective Training and Service Act was amended to remove all references to territorial restrictions on the use of draftees. &lt;a href=\"http://legisworks.org/congress/77/publaw-360.pdf\"&gt;On 20 December 1941&lt;/a&gt;, the ages for registration under the Act were increased from 18-65 and the ages for liability for military service were increased from 20-44. On &lt;a href=\"http://legisworks.org/congress/77/publaw-772.pdf\"&gt;13 November 1942&lt;/a&gt;, the age for liability for military service was dropped from 20 to 18. &lt;/p&gt;\n\n&lt;p&gt;On 5 December 1942, President Roosevelt\u2019s &lt;a href=\"https://www.presidency.ucsb.edu/documents/executive-order-9279-providing-for-the-most-effective-mobilization-and-utilization-the\"&gt;Executive Order 9279&lt;/a&gt; terminated voluntary enlistment into the U.S. armed forces for men 18-37 for the duration of the war, which also implicitly brought the Navy under the umbrella of Selective Service. The military simultaneously declared that men over the age of 37 were more necessary in civilian life than in the military, and refused their induction; provisions were later provided for many of these men for their transfer to reserve components or release.&lt;/p&gt;\n\n&lt;p&gt;Before January 1943, all draftees went to the Army, and after that a majority did, and so that\u2019s where I will focus. &lt;/p&gt;\n\n&lt;p&gt;From November 1940 to August 1941, the commanding general of each corps area received a portion of the quota determined from the office of the Secretary of War. The quota was divided up as quotas for states, and transmitted to their governors, who informed Selective Service officials of the number of men needed; calls for men for the Army were then given to each local board. From September 1941, requisitions were made from the office of the Secretary of War onto Selective Service. The national Director of Selective Service, after determining a quota, divided it up and allocated a portion to each state, and the state Directors then issued calls on each of their local boards to select and order men to report for induction.&lt;/p&gt;\n\n&lt;p&gt;To not cause an overly severe disruption of civilian life in given states by withdrawing too many men at once, the division of the quota (whatever its size was) among the states was determined so that the ratio of the number of men from each state available for military service and the number of men from the United States available for military service equaled the ratio of the number of men from each state in the military service of the United States and the total number of men in the military service of the United States.&lt;/p&gt;\n\n&lt;p&gt;Initially, men were inducted immediately after they were selected, but this process did not prove ideal due to the relative strictness of Selective Service versus Army examiners; men could be rejected at some arbitrary stage, only to have concluded their affairs. By the end of 1941, 41 states were experimenting with a procedure whereby men, after receiving preinduction examinations at Army induction stations, would be returned to their homes as civilians to await actual induction some time later if found acceptable, usually anywhere from 15 to 60 days. After Pearl Harbor, this process was changed. On 15 February 1942, the Army announced that men would again be inducted immediately, but would be transferred to the Enlisted Reserve Corps for 7 days to conclude their affairs before reporting to a reception center. This furlough was extended to 21 days by September 1943. With the signing of &lt;a href=\"http://legisworks.org/congress/78/publaw-197.pdfz\"&gt;Public Law 197&lt;/a&gt; on 11 December 1943, a process similar to that which had been tried immediately before the war came into effect. Men were to receive a preinduction examination and be presented with a certificate of fitness or lack thereof at least 21 days before their actual induction.&lt;/p&gt;\n\n&lt;p&gt;In handling the Navy\u2019s entrance into Selective Service in January 1943, a system with two separate quotas was developed, one for the Army and one for the Navy. Since the Navy had not maintained induction stations, Army installations were used in a joint procedure. The quotas for each service became one when allocated to the states and then the local boards, which translated into a numerical ratio in which inductees were to be assigned to the Army or the Navy. To ensure an equitable distribution of high-quality manpower between services, men were placed into groups based upon age, education, occupational skill, and physical and mental qualifications, and assigned at the time of induction based upon the groups and the ratio of the day. Both volunteers for induction and draftees were permitted to express their preference of service in either the Army or the Navy (the &amp;quot;Navy&amp;quot; call was further divided into &amp;quot;Navy,&amp;quot; &amp;quot;Marine Corps,&amp;quot; and &amp;quot;Coast Guard&amp;quot;), with volunteers being given priority. No assurance of assignment was given; if the call for their chosen branch had already been filled or if some other situation came to pass, they were assigned to the branch for which they were best qualified or in which there was the greatest need for them.&lt;/p&gt;\n\n&lt;p&gt;With the advent of the preinduction physical examination in January 1944, men ordered to report for their examinations and found acceptable were permitted to express their preference of service in either the Army or the Navy, creating two manpower pools. The men then used to fill each local board&amp;#39;s call for each service would come from their respective pools of qualified registrants. A situation soon resulted where the size of the pools was becoming unbalanced in relation to the requirements of each service, and it was feared that at some point in the future one or both monthly calls would not end up being filled. Beginning on 1 July 1944, the quota reverted back to a single, ratio-based quota to avert this problem. After their preinduction physical examinations, men were declared as either acceptable or unacceptable for general or limited military service rather than acceptable specifically to the Army or Navy, and were again assigned to a given service at the time of induction based on the group system and the ratio of the day. Only volunteers for induction continued to have permission to choose their branch of service to the extent practicable.&lt;/p&gt;\n&lt;/blockquote&gt;\n&lt;/div&gt;", "stickied": false, "subreddit_type": "public", "can_gild": true, "gildings": {"gid_1": 0, "gid_2": 0, "gid_3": 0}, "author_flair_text_color": "dark", "score_hidden": false, "permalink": "/r/AskHistorians/comments/a2k2zz/what_exactly_happened_when_you_got_the_letter/eaz5pqb/", "num_reports": null, "name": "t1_eaz5pqb", "created": 1543834292.0, "subreddit": "AskHistorians", "author_flair_text": "United States Army in WWII", "created_utc": 1543805492.0, "subreddit_name_prefixed": "r/AskHistorians", "controversiality": 0, "depth": 1, "author_flair_background_color": "", "mod_reports": [], "mod_note": null, "distinguished": null}}], "after": null, "before": null}}, "user_reports": [], "saved": false, "id": "eaz5n8i", "banned_at_utc": null, "mod_reason_title": null, "gilded": 0, "archived": false, "report_reasons": null, "author": "the_howling_cow", "can_mod_post": false, "send_replies": true, "parent_id": "t3_a2k2zz", "score": 2, "author_fullname": "t2_pbs83", "approved_by": null, "downs": 0, "body": "I answered a question similar to this [here](https://www.reddit.com/r/AskHistorians/comments/9w3j5o/during_the_draft_in_america_how_did_they_choose/), but I'll repost it below.", "edited": false, "author_flair_css_class": "military", "is_submitter": false, "collapsed": false, "author_flair_richtext": [], "author_patreon_flair": false, "collapsed_reason": null, "body_html": "&lt;div class=\"md\"&gt;&lt;p&gt;I answered a question similar to this &lt;a href=\"https://www.reddit.com/r/AskHistorians/comments/9w3j5o/during_the_draft_in_america_how_did_they_choose/\"&gt;here&lt;/a&gt;, but I&amp;#39;ll repost it below.&lt;/p&gt;\n&lt;/div&gt;", "stickied": false, "subreddit_type": "public", "can_gild": true, "gildings": {"gid_1": 0, "gid_2": 0, "gid_3": 0}, "author_flair_text_color": "dark", "score_hidden": false, "permalink": "/r/AskHistorians/comments/a2k2zz/what_exactly_happened_when_you_got_the_letter/eaz5n8i/", "num_reports": null, "name": "t1_eaz5n8i", "created": 1543834232.0, "subreddit": "AskHistorians", "author_flair_text": "United States Army in WWII", "created_utc": 1543805432.0, "subreddit_name_prefixed": "r/AskHistorians", "controversiality": 0, "depth": 0, "author_flair_background_color": "", "mod_reports": [], "mod_note": null, "distinguished": null}}], "after": null, "before": null}}]