[{"kind": "Listing", "data": {"modhash": "", "dist": 1, "children": [{"kind": "t3", "data": {"approved_at_utc": null, "subreddit": "AskHistorians", "selftext": "For landed nobles and knights, warfare was an important part of life. What about the wealthy merchant class though? Of course there would be desperate situations in some cases where everyone in a given town had to fight for their lives, but would it be common for a wealthy, yet lowborn individual to lead a retinue of men or even march by himself with an army into battle?\n\nIf they did participate in battle often, what arms would they wear on their surcoat? ", "user_reports": [], "saved": false, "mod_reason_title": null, "gilded": 0, "clicked": false, "title": "If I was a lowborn, but wealthy merchant in Medieval Europe (England 1350 AD, for example), would I ever be expected to participate in a battle?", "link_flair_richtext": [], "subreddit_name_prefixed": "r/AskHistorians", "hidden": false, "pwls": 6, "link_flair_css_class": null, "downs": 0, "parent_whitelist_status": "all_ads", "hide_score": false, "name": "t3_a2m8t3", "quarantine": false, "link_flair_text_color": "dark", "upvote_ratio": 0.81, "author_flair_background_color": null, "subreddit_type": "public", "ups": 17, "domain": "self.AskHistorians", "media_embed": {}, "author_flair_template_id": null, "is_original_content": false, "author_fullname": "t2_23o28gdz", "secure_media": null, "is_reddit_media_domain": false, "is_meta": false, "category": null, "secure_media_embed": {}, "link_flair_text": null, "can_mod_post": false, "score": 17, "approved_by": null, "thumbnail": "", "edited": false, "author_flair_css_class": null, "author_flair_richtext": [], "gildings": {"gid_1": 0, "gid_2": 0, "gid_3": 0}, "content_categories": null, "is_self": true, "mod_note": null, "created": 1543849272.0, "link_flair_type": "text", "wls": 6, "banned_by": null, "author_flair_type": "text", "contest_mode": false, "selftext_html": "&lt;!-- SC_OFF --&gt;&lt;div class=\"md\"&gt;&lt;p&gt;For landed nobles and knights, warfare was an important part of life. What about the wealthy merchant class though? Of course there would be desperate situations in some cases where everyone in a given town had to fight for their lives, but would it be common for a wealthy, yet lowborn individual to lead a retinue of men or even march by himself with an army into battle?&lt;/p&gt;\n\n&lt;p&gt;If they did participate in battle often, what arms would they wear on their surcoat? &lt;/p&gt;\n&lt;/div&gt;&lt;!-- SC_ON --&gt;", "likes": null, "suggested_sort": null, "banned_at_utc": null, "view_count": null, "archived": false, "no_follow": false, "is_crosspostable": false, "pinned": false, "over_18": false, "media": null, "media_only": false, "link_flair_template_id": null, "can_gild": false, "spoiler": false, "locked": false, "author_flair_text": null, "visited": false, "num_reports": null, "distinguished": null, "subreddit_id": "t5_2ssp3", "mod_reason_by": null, "removal_reason": null, "link_flair_background_color": "", "id": "a2m8t3", "is_robot_indexable": true, "report_reasons": null, "author": "ck2danger", "num_crossposts": 0, "num_comments": 1, "send_replies": true, "author_patreon_flair": false, "author_flair_text_color": null, "permalink": "/r/AskHistorians/comments/a2m8t3/if_i_was_a_lowborn_but_wealthy_merchant_in/", "whitelist_status": "all_ads", "stickied": false, "url": "https://www.reddit.com/r/AskHistorians/comments/a2m8t3/if_i_was_a_lowborn_but_wealthy_merchant_in/", "subreddit_subscribers": 884509, "created_utc": 1543820472.0, "mod_reports": [], "is_video": false}}], "after": null, "before": null}}, {"kind": "Listing", "data": {"modhash": "", "dist": null, "children": [], "after": null, "before": null}}]