[{"kind": "Listing", "data": {"modhash": "", "dist": 1, "children": [{"kind": "t3", "data": {"approved_at_utc": null, "subreddit": "AskHistorians", "selftext": "(This question is not intended to debate the merits of \u201cneoliberalism\u201d)\n\nHow has neoliberalism influenced American (or European) politics, both at home and abroad? How has it affected American history? What are some of the tangible economic outcomes of its embrace?", "user_reports": [], "saved": false, "mod_reason_title": null, "gilded": 0, "clicked": false, "title": "What are the intellectual roots of \u201cneoliberalism\u201d and how has it influenced the political and economic history of the United States?", "link_flair_richtext": [], "subreddit_name_prefixed": "r/AskHistorians", "hidden": false, "pwls": 6, "link_flair_css_class": null, "downs": 0, "parent_whitelist_status": "all_ads", "hide_score": false, "name": "t3_a2mjpb", "quarantine": false, "link_flair_text_color": "dark", "upvote_ratio": 0.82, "author_flair_background_color": null, "subreddit_type": "public", "ups": 47, "domain": "self.AskHistorians", "media_embed": {}, "author_flair_template_id": null, "is_original_content": false, "author_fullname": "t2_chuhk", "secure_media": null, "is_reddit_media_domain": false, "is_meta": false, "category": null, "secure_media_embed": {}, "link_flair_text": null, "can_mod_post": false, "score": 47, "approved_by": null, "thumbnail": "", "edited": false, "author_flair_css_class": null, "author_flair_richtext": [], "gildings": {"gid_1": 0, "gid_2": 0, "gid_3": 0}, "content_categories": null, "is_self": true, "mod_note": null, "created": 1543852109.0, "link_flair_type": "text", "wls": 6, "banned_by": null, "author_flair_type": "text", "contest_mode": false, "selftext_html": "&lt;!-- SC_OFF --&gt;&lt;div class=\"md\"&gt;&lt;p&gt;(This question is not intended to debate the merits of \u201cneoliberalism\u201d)&lt;/p&gt;\n\n&lt;p&gt;How has neoliberalism influenced American (or European) politics, both at home and abroad? How has it affected American history? What are some of the tangible economic outcomes of its embrace?&lt;/p&gt;\n&lt;/div&gt;&lt;!-- SC_ON --&gt;", "likes": null, "suggested_sort": null, "banned_at_utc": null, "view_count": null, "archived": false, "no_follow": false, "is_crosspostable": false, "pinned": false, "over_18": false, "media": null, "media_only": false, "link_flair_template_id": null, "can_gild": false, "spoiler": false, "locked": false, "author_flair_text": null, "visited": false, "num_reports": null, "distinguished": null, "subreddit_id": "t5_2ssp3", "mod_reason_by": null, "removal_reason": null, "link_flair_background_color": "", "id": "a2mjpb", "is_robot_indexable": true, "report_reasons": null, "author": "seanfitz34", "num_crossposts": 0, "num_comments": 4, "send_replies": true, "author_patreon_flair": false, "author_flair_text_color": null, "permalink": "/r/AskHistorians/comments/a2mjpb/what_are_the_intellectual_roots_of_neoliberalism/", "whitelist_status": "all_ads", "stickied": false, "url": "https://www.reddit.com/r/AskHistorians/comments/a2mjpb/what_are_the_intellectual_roots_of_neoliberalism/", "subreddit_subscribers": 884509, "created_utc": 1543823309.0, "mod_reports": [], "is_video": false}}], "after": null, "before": null}}, {"kind": "Listing", "data": {"modhash": "", "dist": null, "children": [{"kind": "t1", "data": {"subreddit_id": "t5_2ssp3", "approved_at_utc": null, "ups": 13, "mod_reason_by": null, "banned_by": null, "author_flair_type": "text", "removal_reason": null, "link_id": "t3_a2mjpb", "author_flair_template_id": null, "likes": null, "no_follow": false, "replies": {"kind": "Listing", "data": {"modhash": "", "dist": null, "children": [{"kind": "t1", "data": {"subreddit_id": "t5_2ssp3", "approved_at_utc": null, "ups": 12, "mod_reason_by": null, "banned_by": null, "author_flair_type": "text", "removal_reason": null, "link_id": "t3_a2mjpb", "author_flair_template_id": null, "likes": null, "no_follow": false, "replies": {"kind": "Listing", "data": {"modhash": "", "dist": null, "children": [{"kind": "t1", "data": {"subreddit_id": "t5_2ssp3", "approved_at_utc": null, "ups": 5, "mod_reason_by": null, "banned_by": null, "author_flair_type": "text", "removal_reason": null, "link_id": "t3_a2mjpb", "author_flair_template_id": null, "likes": null, "no_follow": false, "replies": "", "user_reports": [], "saved": false, "id": "eb0s521", "banned_at_utc": null, "mod_reason_title": null, "gilded": 0, "archived": false, "report_reasons": null, "author": "Kochevnik81", "can_mod_post": false, "send_replies": true, "parent_id": "t1_eb080vh", "score": 5, "author_fullname": "t2_168sly", "approved_by": null, "downs": 0, "body": "The one thing I would add to this great answer is that, if I am not mistaken, often \"neoliberalism\", specifically with regards to Latin America, is used as a shorthand for the \"Washington Consensus\", which was a set of ten policy prescriptions put forward by economist John Williamson in 1989. \n\nHowever, Williamson himself [noted](https://piie.com/commentary/speeches-papers/did-washington-consensus-fail) in 2002:\n\n&gt;\"Some of the most vociferous of today's critics of what they call the Washington Consensus ... do not object so much to the agenda laid out above as to the neoliberalism that they interpret the term as implying. I of course never intended my term to imply policies like capital account liberalization (as stated above, I quite consciously excluded that), monetarism, supply-side economics, or a minimal state (getting the state out of welfare provision and income redistribution), which I think of as the quintessentially neoliberal ideas. If that is how the term is interpreted, then we can all enjoy its wake, although let us at least have the decency to recognize that these ideas have rarely dominated thought in Washington and certainly never commanded a consensus there or anywhere much else except perhaps at meetings of the Mont Pelerin Society.\"\n\nSo in Williamson's own retelling, his policy proposals were specific to dealing with Latin American economic issues in the late 80s, and are still sound, but also not neoliberal, which to Williamson means supply-side economics, monetarism, a minimal state and the free international movement of capital. \n\nI will also take this opportunity to note that \"neoliberal\" is a particularly tricky term because it always seems to apply to someone else - in economics it's almost never been used by a single person or school to describe their own set of beliefs. \n\nAlso a small NB that economic neoliberalism is completely different from neoliberalism in international relations, which *is* a defined academic school, based on the work of Robert Keohane and Joseph Nye, that seeks to explain the circumstances under which states engage in cooperative activity, and is a response to the \"neorealist\" school of international relations.", "edited": false, "author_flair_css_class": "europe", "is_submitter": false, "collapsed": false, "author_flair_richtext": [], "author_patreon_flair": false, "collapsed_reason": null, "body_html": "&lt;div class=\"md\"&gt;&lt;p&gt;The one thing I would add to this great answer is that, if I am not mistaken, often &amp;quot;neoliberalism&amp;quot;, specifically with regards to Latin America, is used as a shorthand for the &amp;quot;Washington Consensus&amp;quot;, which was a set of ten policy prescriptions put forward by economist John Williamson in 1989. &lt;/p&gt;\n\n&lt;p&gt;However, Williamson himself &lt;a href=\"https://piie.com/commentary/speeches-papers/did-washington-consensus-fail\"&gt;noted&lt;/a&gt; in 2002:&lt;/p&gt;\n\n&lt;blockquote&gt;\n&lt;p&gt;&amp;quot;Some of the most vociferous of today&amp;#39;s critics of what they call the Washington Consensus ... do not object so much to the agenda laid out above as to the neoliberalism that they interpret the term as implying. I of course never intended my term to imply policies like capital account liberalization (as stated above, I quite consciously excluded that), monetarism, supply-side economics, or a minimal state (getting the state out of welfare provision and income redistribution), which I think of as the quintessentially neoliberal ideas. If that is how the term is interpreted, then we can all enjoy its wake, although let us at least have the decency to recognize that these ideas have rarely dominated thought in Washington and certainly never commanded a consensus there or anywhere much else except perhaps at meetings of the Mont Pelerin Society.&amp;quot;&lt;/p&gt;\n&lt;/blockquote&gt;\n\n&lt;p&gt;So in Williamson&amp;#39;s own retelling, his policy proposals were specific to dealing with Latin American economic issues in the late 80s, and are still sound, but also not neoliberal, which to Williamson means supply-side economics, monetarism, a minimal state and the free international movement of capital. &lt;/p&gt;\n\n&lt;p&gt;I will also take this opportunity to note that &amp;quot;neoliberal&amp;quot; is a particularly tricky term because it always seems to apply to someone else - in economics it&amp;#39;s almost never been used by a single person or school to describe their own set of beliefs. &lt;/p&gt;\n\n&lt;p&gt;Also a small NB that economic neoliberalism is completely different from neoliberalism in international relations, which &lt;em&gt;is&lt;/em&gt; a defined academic school, based on the work of Robert Keohane and Joseph Nye, that seeks to explain the circumstances under which states engage in cooperative activity, and is a response to the &amp;quot;neorealist&amp;quot; school of international relations.&lt;/p&gt;\n&lt;/div&gt;", "stickied": false, "subreddit_type": "public", "can_gild": true, "gildings": {"gid_1": 0, "gid_2": 0, "gid_3": 0}, "author_flair_text_color": "dark", "score_hidden": false, "permalink": "/r/AskHistorians/comments/a2mjpb/what_are_the_intellectual_roots_of_neoliberalism/eb0s521/", "num_reports": null, "name": "t1_eb0s521", "created": 1543896398.0, "subreddit": "AskHistorians", "author_flair_text": "Soviet Union &amp; Post-Soviet States | Modern Central Asia", "created_utc": 1543867598.0, "subreddit_name_prefixed": "r/AskHistorians", "controversiality": 0, "depth": 2, "author_flair_background_color": "", "mod_reports": [], "mod_note": null, "distinguished": null}}], "after": null, "before": null}}, "user_reports": [], "saved": false, "id": "eb080vh", "banned_at_utc": null, "mod_reason_title": null, "gilded": 0, "archived": false, "report_reasons": null, "author": "fg-flat", "can_mod_post": false, "send_replies": true, "parent_id": "t1_eb080ky", "score": 12, "author_fullname": "t2_hy9pa", "approved_by": null, "downs": 0, "body": "Part 2/2\n\n\nLet me address one common claim here: Pinochet is often associated with the term, and I think this is a bit dubious. His economic advisors had earned their Ph.D's at the University of Chicago, which is where Milton Friedman worked. However none were Friedman's students, and let's be blunt here: Pinochet isn't considered a monstrous dictator for his policies on international trade or nationalization of industries. He's considered a monstrous dictator for the torture and murder. It is claimed in numerous sources that Pinochet's junta operated on almost pure Monetarism (Milton Friedman's \"school\" of economics), but I haven't seen a rigorous and detailed analysis of this question. Now, the good thing is that the Chilean economists (the \"Chicago Boys\") actually wrote a document informally called [El Ladrillo](https://www.cepchile.cl/cep/site/artic/20160812/asocfile/20160812124819/libro_elladrillo_cep.pdf) which details their policy ideas and goals. The downside is that it's written in technical Spanish. The most positive thing that can be said about Pinochet's economic policy is that it got the [extreme inflation](https://www.nber.org/papers/w2986) caused by Salvador Allende's economic policies under control. There is an economic mythology of a [Chilean Miracle](https://en.wikipedia.org/wiki/Miracle_of_Chile), but that's also pretty dubious.\n\nFinally, I am starting to think Pinochet's coup is essentially the origin point of the pejorative usage of neoliberal. By 1970 Western Socialists were greatly disappointed with the failures of the USSR and the PRC. Salvador Allende represented a real chance at a new \"democratic socialism\" (as contrasted with the real world implementations of Marxism-Leninism and Marxism-Leninism-Maoism), and things looked [good](https://upload.wikimedia.org/wikipedia/commons/2/25/Chile-the-real-wage-1967-1977_with_lines.png)(that's from the Dornbusch-Edwards paper, it's a graph of estimated real wages in Chile) before everything fell apart and the coup put the country under military dictatorship. As a toy example, doing a search on jstor for the term neoliberalism in publications from 1970-1982 doesn't show a consistent meaning of the word. An extreme example is a 1981 paper, \"U.S. Military Strategy in Central America: From Carter to Reagan\" in \"Contemporary Marxism,  No. 3, Revolution and Intervention in Central America (Summer 1981), pp. 114-130\" which uses neoliberalism *to refer to FDR's famous re-appropriation of the term liberal*(!!). But we also see it used as a rejection of FDR's re-appropriation, as a counterpoint to \"neo-Marxism\", and a handle for then-contemporary International Relations liberalism, and in 1982 we see a usage that's roughly in line with more contemporary usages. That usage is in Pedro Vuskovic's \"Economic Internationalization, Neoliberalism, and Unemployment in Latin America\", in Contemporary Marxism No. 5, The New Nomads (Summer 1982), pp. 81-87. Pedro Vuskovic was Allende's economic advisor, which is why I'm really starting to see Pinochet's coup as watershed moment for this \"polysemic\" term.\n\nFinally, let me make a complete U-Turn on everything I've said. I don't think \"neoliberalism\" makes sense as some self-consistent set of philosophical, political, or economic beliefs. The more you stare at it and critically go through sources the worse the mismatches and contradictions get. Instead, I think people use it as a shorthand for the perceived-as-dominant [episteme(s)](https://en.wikipedia.org/wiki/Episteme) in political and economic contexts. And that's fine! We genuinely need a term for that. But the reason it's a U-Turn from the above is that I think when you really examine this episteme the less significant the Chicago School or Austrian School is.", "edited": false, "author_flair_css_class": null, "is_submitter": false, "collapsed": false, "author_flair_richtext": [], "author_patreon_flair": false, "collapsed_reason": null, "body_html": "&lt;div class=\"md\"&gt;&lt;p&gt;Part 2/2&lt;/p&gt;\n\n&lt;p&gt;Let me address one common claim here: Pinochet is often associated with the term, and I think this is a bit dubious. His economic advisors had earned their Ph.D&amp;#39;s at the University of Chicago, which is where Milton Friedman worked. However none were Friedman&amp;#39;s students, and let&amp;#39;s be blunt here: Pinochet isn&amp;#39;t considered a monstrous dictator for his policies on international trade or nationalization of industries. He&amp;#39;s considered a monstrous dictator for the torture and murder. It is claimed in numerous sources that Pinochet&amp;#39;s junta operated on almost pure Monetarism (Milton Friedman&amp;#39;s &amp;quot;school&amp;quot; of economics), but I haven&amp;#39;t seen a rigorous and detailed analysis of this question. Now, the good thing is that the Chilean economists (the &amp;quot;Chicago Boys&amp;quot;) actually wrote a document informally called &lt;a href=\"https://www.cepchile.cl/cep/site/artic/20160812/asocfile/20160812124819/libro_elladrillo_cep.pdf\"&gt;El Ladrillo&lt;/a&gt; which details their policy ideas and goals. The downside is that it&amp;#39;s written in technical Spanish. The most positive thing that can be said about Pinochet&amp;#39;s economic policy is that it got the &lt;a href=\"https://www.nber.org/papers/w2986\"&gt;extreme inflation&lt;/a&gt; caused by Salvador Allende&amp;#39;s economic policies under control. There is an economic mythology of a &lt;a href=\"https://en.wikipedia.org/wiki/Miracle_of_Chile\"&gt;Chilean Miracle&lt;/a&gt;, but that&amp;#39;s also pretty dubious.&lt;/p&gt;\n\n&lt;p&gt;Finally, I am starting to think Pinochet&amp;#39;s coup is essentially the origin point of the pejorative usage of neoliberal. By 1970 Western Socialists were greatly disappointed with the failures of the USSR and the PRC. Salvador Allende represented a real chance at a new &amp;quot;democratic socialism&amp;quot; (as contrasted with the real world implementations of Marxism-Leninism and Marxism-Leninism-Maoism), and things looked &lt;a href=\"https://upload.wikimedia.org/wikipedia/commons/2/25/Chile-the-real-wage-1967-1977_with_lines.png\"&gt;good&lt;/a&gt;(that&amp;#39;s from the Dornbusch-Edwards paper, it&amp;#39;s a graph of estimated real wages in Chile) before everything fell apart and the coup put the country under military dictatorship. As a toy example, doing a search on jstor for the term neoliberalism in publications from 1970-1982 doesn&amp;#39;t show a consistent meaning of the word. An extreme example is a 1981 paper, &amp;quot;U.S. Military Strategy in Central America: From Carter to Reagan&amp;quot; in &amp;quot;Contemporary Marxism,  No. 3, Revolution and Intervention in Central America (Summer 1981), pp. 114-130&amp;quot; which uses neoliberalism &lt;em&gt;to refer to FDR&amp;#39;s famous re-appropriation of the term liberal&lt;/em&gt;(!!). But we also see it used as a rejection of FDR&amp;#39;s re-appropriation, as a counterpoint to &amp;quot;neo-Marxism&amp;quot;, and a handle for then-contemporary International Relations liberalism, and in 1982 we see a usage that&amp;#39;s roughly in line with more contemporary usages. That usage is in Pedro Vuskovic&amp;#39;s &amp;quot;Economic Internationalization, Neoliberalism, and Unemployment in Latin America&amp;quot;, in Contemporary Marxism No. 5, The New Nomads (Summer 1982), pp. 81-87. Pedro Vuskovic was Allende&amp;#39;s economic advisor, which is why I&amp;#39;m really starting to see Pinochet&amp;#39;s coup as watershed moment for this &amp;quot;polysemic&amp;quot; term.&lt;/p&gt;\n\n&lt;p&gt;Finally, let me make a complete U-Turn on everything I&amp;#39;ve said. I don&amp;#39;t think &amp;quot;neoliberalism&amp;quot; makes sense as some self-consistent set of philosophical, political, or economic beliefs. The more you stare at it and critically go through sources the worse the mismatches and contradictions get. Instead, I think people use it as a shorthand for the perceived-as-dominant &lt;a href=\"https://en.wikipedia.org/wiki/Episteme\"&gt;episteme(s)&lt;/a&gt; in political and economic contexts. And that&amp;#39;s fine! We genuinely need a term for that. But the reason it&amp;#39;s a U-Turn from the above is that I think when you really examine this episteme the less significant the Chicago School or Austrian School is.&lt;/p&gt;\n&lt;/div&gt;", "stickied": false, "subreddit_type": "public", "can_gild": true, "gildings": {"gid_1": 0, "gid_2": 0, "gid_3": 0}, "author_flair_text_color": null, "score_hidden": false, "permalink": "/r/AskHistorians/comments/a2mjpb/what_are_the_intellectual_roots_of_neoliberalism/eb080vh/", "num_reports": null, "name": "t1_eb080vh", "created": 1543882141.0, "subreddit": "AskHistorians", "author_flair_text": null, "created_utc": 1543853341.0, "subreddit_name_prefixed": "r/AskHistorians", "controversiality": 0, "depth": 1, "author_flair_background_color": null, "mod_reports": [], "mod_note": null, "distinguished": null}}], "after": null, "before": null}}, "user_reports": [], "saved": false, "id": "eb080ky", "banned_at_utc": null, "mod_reason_title": null, "gilded": 0, "archived": false, "report_reasons": null, "author": "fg-flat", "can_mod_post": false, "send_replies": true, "parent_id": "t3_a2mjpb", "score": 13, "author_fullname": "t2_hy9pa", "approved_by": null, "downs": 0, "body": "Part 1/2: As best I can tell, usage of neoliberalism as a political term comes out of the [post-Marxist](https://en.wikipedia.org/wiki/Post-Marxism) tradition. To them:\n\n\u2020: neoliberalism is a coordinated but decentralized effort to privatize and deregulate as a way to subvert or replace democracy and preserve the power of elites\n\nThis is my take on their take, so I apologize if I've made any mistake. I'll come back to this, but there's a bunch of background information that needs to be in place to really dig into that claim.\n\nThey generally trace its roots to the [Colloque Walter Lippman](https://en.wikipedia.org/wiki/Colloque_Walter_Lippmann), a portion of its guests went on to found the so-called [Chicago School](https://en.wikipedia.org/wiki/Chicago_school_of_economics), the [Austrian School](https://en.wikipedia.org/wiki/Austrian_School), and the [German School](https://en.wikipedia.org/wiki/Ordoliberalism) which is also called ordoliberalism. The next organizational touch-stone is [The Mont-Pelerin Society](https://en.wikipedia.org/wiki/Mont_Pelerin_Society) which still exists.\n\nThe usual book people read is David Harvey's *A Brief History Of Neoliberalism*, but based on what I've read of it I wouldn't recommend it. It honestly seems to be a polemical piece rather than a serious academic work. Philip Mirowski, an economic historian who essentially specializes in studying this topic, points out two easily avoidable errors in this article [Neoliberalism: The Movement That Dare Not Speak Its Name](https://americanaffairsjournal.org/2018/02/neoliberalism-movement-dare-not-speak-name/). There are other errors, and from what I've seen there are also numerous misleading over-simplifications and hypotheses presented as facts. If you want a Left-wing perspective on this, I would strongly recommend you read Mirowski's work, not Harvey's. If you're going to read Harvey's I recommend reading it critically.\n\nSo now let's kind of go through the major points of the rationale. This is actually itself an over-simplification, but you're really going to have to do some reading to get a better idea. Now put on your Marxian hat and let's jump in:\n\n1) Keynesianism and the post-war welfare capitalism in the US and Europe were an attempt to compromise to shore up Western nations against the internal contradictions of capitalism,\n\n2) The turn away from Keynesianism in the late seventies was directed by the elites so they could keep their wealth,\n\n3) The economic reforms in the late 70s/early 80s in the US and UK involved a lot of privatization and deregulation,\n\n4) The Chicago School and Austrian School are staunchly in favor of privatization and deregulation,\n\n4.5) Moreover the Chicago School is really just a friendlier faced version of the Austrian School,\n\n5) The turn away from Keynesianism was heavily and personally influenced by people in the Chicago School such as Milton Friedman,\n\n6) Milton Friedman and Friedrich Hayek (of the Austrian School) made negative comments about democracy, and privatization is inherently undemocratic,\n\n7) Free trade is a way to subvert restrictions on \"international capital\" which effectively holds developing nations hostage, thus subverting democracy,\n\nthus we conclude \u2020. The issue is that these points are ultimately narratives about history, and while they all have facts in their favor they all also have facts that work against them. There's really a lot to be said here, but I'll just restrict myself to this: (1) and (2) are *really* debatable. [Here](https://www.reddit.com/r/AskSocialScience/comments/88rcrr/was_the_stagflation_of_the_1970s_the_fault_of/dwmyp62/)'s a nice post in /r/askeconomics on the stagflation of the 1970s. To summarize: Keynesianism is not the same as welfare programs and spending, and the turn away from Keynesianism is both a real response to actual economic problems the various countries were facing at the time, and overstated because the working parts of Keynesianism still live in so-called Orthodox Economics.\n\nSo let's go to your other questions:\n\n&gt; How has neoliberalism influenced American (or European) politics, both at home and abroad?\n\nWell, it's tough to answer. If neoliberalism just means \"privatization, deregulation, and free trade\" then it's influenced American politics a lot. If it means the Chicago School and Austrian School then I think its influence is overstated. Usually Reagan and Thatcher are held up as the conservative faces of neoliberal politics (at least in the West), and Bill Clinton and Tony Blair as the liberal faces (again in the West). I think the further you dig into this the less satisfying it is though. Reaganomics largely did not follow Milton Friedman's ideas, despite Friedman being an unofficial economic advisor. Friedman's support was primarily due to lowering taxes, getting inflation under control(I don't like Reagan but I will say that it is extremely difficult to politically sell a fix that is very painful in the short term, and that is a genuine accomplishment of his), and cutting regulations which Friedman was generally in favor of. Thatcher is often connected to Friedman, but this is dubious and there is a paper cheekily titled \"[Friedman\u2019s Lack of influence on British Economic policy](https://www.economics.ox.ac.uk/materials/papers/14561/802.pdf)\". I don't think there is a good case that Bill Clinton or Blair were particularly influenced by the Chicago School much less the Austrian School. Instead, they are called neoliberal because they are generally pro-free trade and not strongly against privatization. This *barely* sneaks by the 20 year rule so I'll leave it at that.\n\n&gt; How has it affected American history? What are some of the tangible economic outcomes of its embrace?\n\nI'd say that the two major effects have been: steadily increasing individual incomes for almost everyone but also increasing inequality. For the US, here's [real median personal income](https://fred.stlouisfed.org/series/MEPAINUSA672N), which is the amount of money that 50% of individuals earn more than and 50% earn less than adjusted for inflation. Here's [one measure of income inequality for the big and rich anglophone nations](https://media.newyorker.com/photos/59095148c14b3c606c103770/master/w_774,c_limit/chart-03.jpg). For Britain there's a lovely [graph](https://upload.wikimedia.org/wikipedia/commons/thumb/a/ae/UK_income_percentiles.svg/500px-UK_income_percentiles.svg.png) of after tax income by percentile for the last 20 years (sorry mods) which shows that pretty much every individual has been gaining although the wealthier are proportionally gaining more.\n\nFinally, what I haven't really touched on is \"neoliberalism\" in the Global South. That *really* gets into the weeds with criticisms of the IMF, economic opinions regarding trade and capital controls, US foreign policy, the \"entrepreneurial self\", and numerous other complex topics from a variety of specialized academic traditions. Going by Google Scholar citation counts, \"Neoliberalism: A Critical Reader\" by Saad-Filho and Johnson seems to be the most cited academic survey, however looking at its Table of Contents it seems to solely look at the economics. If you want to dig into the sociological perspective, \"The Handbook of Neoliberalism\" edited by Springer, Birch, and MacLeavy seems quite relevant.\n", "edited": false, "author_flair_css_class": null, "is_submitter": false, "collapsed": false, "author_flair_richtext": [], "author_patreon_flair": false, "collapsed_reason": null, "body_html": "&lt;div class=\"md\"&gt;&lt;p&gt;Part 1/2: As best I can tell, usage of neoliberalism as a political term comes out of the &lt;a href=\"https://en.wikipedia.org/wiki/Post-Marxism\"&gt;post-Marxist&lt;/a&gt; tradition. To them:&lt;/p&gt;\n\n&lt;p&gt;\u2020: neoliberalism is a coordinated but decentralized effort to privatize and deregulate as a way to subvert or replace democracy and preserve the power of elites&lt;/p&gt;\n\n&lt;p&gt;This is my take on their take, so I apologize if I&amp;#39;ve made any mistake. I&amp;#39;ll come back to this, but there&amp;#39;s a bunch of background information that needs to be in place to really dig into that claim.&lt;/p&gt;\n\n&lt;p&gt;They generally trace its roots to the &lt;a href=\"https://en.wikipedia.org/wiki/Colloque_Walter_Lippmann\"&gt;Colloque Walter Lippman&lt;/a&gt;, a portion of its guests went on to found the so-called &lt;a href=\"https://en.wikipedia.org/wiki/Chicago_school_of_economics\"&gt;Chicago School&lt;/a&gt;, the &lt;a href=\"https://en.wikipedia.org/wiki/Austrian_School\"&gt;Austrian School&lt;/a&gt;, and the &lt;a href=\"https://en.wikipedia.org/wiki/Ordoliberalism\"&gt;German School&lt;/a&gt; which is also called ordoliberalism. The next organizational touch-stone is &lt;a href=\"https://en.wikipedia.org/wiki/Mont_Pelerin_Society\"&gt;The Mont-Pelerin Society&lt;/a&gt; which still exists.&lt;/p&gt;\n\n&lt;p&gt;The usual book people read is David Harvey&amp;#39;s &lt;em&gt;A Brief History Of Neoliberalism&lt;/em&gt;, but based on what I&amp;#39;ve read of it I wouldn&amp;#39;t recommend it. It honestly seems to be a polemical piece rather than a serious academic work. Philip Mirowski, an economic historian who essentially specializes in studying this topic, points out two easily avoidable errors in this article &lt;a href=\"https://americanaffairsjournal.org/2018/02/neoliberalism-movement-dare-not-speak-name/\"&gt;Neoliberalism: The Movement That Dare Not Speak Its Name&lt;/a&gt;. There are other errors, and from what I&amp;#39;ve seen there are also numerous misleading over-simplifications and hypotheses presented as facts. If you want a Left-wing perspective on this, I would strongly recommend you read Mirowski&amp;#39;s work, not Harvey&amp;#39;s. If you&amp;#39;re going to read Harvey&amp;#39;s I recommend reading it critically.&lt;/p&gt;\n\n&lt;p&gt;So now let&amp;#39;s kind of go through the major points of the rationale. This is actually itself an over-simplification, but you&amp;#39;re really going to have to do some reading to get a better idea. Now put on your Marxian hat and let&amp;#39;s jump in:&lt;/p&gt;\n\n&lt;p&gt;1) Keynesianism and the post-war welfare capitalism in the US and Europe were an attempt to compromise to shore up Western nations against the internal contradictions of capitalism,&lt;/p&gt;\n\n&lt;p&gt;2) The turn away from Keynesianism in the late seventies was directed by the elites so they could keep their wealth,&lt;/p&gt;\n\n&lt;p&gt;3) The economic reforms in the late 70s/early 80s in the US and UK involved a lot of privatization and deregulation,&lt;/p&gt;\n\n&lt;p&gt;4) The Chicago School and Austrian School are staunchly in favor of privatization and deregulation,&lt;/p&gt;\n\n&lt;p&gt;4.5) Moreover the Chicago School is really just a friendlier faced version of the Austrian School,&lt;/p&gt;\n\n&lt;p&gt;5) The turn away from Keynesianism was heavily and personally influenced by people in the Chicago School such as Milton Friedman,&lt;/p&gt;\n\n&lt;p&gt;6) Milton Friedman and Friedrich Hayek (of the Austrian School) made negative comments about democracy, and privatization is inherently undemocratic,&lt;/p&gt;\n\n&lt;p&gt;7) Free trade is a way to subvert restrictions on &amp;quot;international capital&amp;quot; which effectively holds developing nations hostage, thus subverting democracy,&lt;/p&gt;\n\n&lt;p&gt;thus we conclude \u2020. The issue is that these points are ultimately narratives about history, and while they all have facts in their favor they all also have facts that work against them. There&amp;#39;s really a lot to be said here, but I&amp;#39;ll just restrict myself to this: (1) and (2) are &lt;em&gt;really&lt;/em&gt; debatable. &lt;a href=\"https://www.reddit.com/r/AskSocialScience/comments/88rcrr/was_the_stagflation_of_the_1970s_the_fault_of/dwmyp62/\"&gt;Here&lt;/a&gt;&amp;#39;s a nice post in &lt;a href=\"/r/askeconomics\"&gt;/r/askeconomics&lt;/a&gt; on the stagflation of the 1970s. To summarize: Keynesianism is not the same as welfare programs and spending, and the turn away from Keynesianism is both a real response to actual economic problems the various countries were facing at the time, and overstated because the working parts of Keynesianism still live in so-called Orthodox Economics.&lt;/p&gt;\n\n&lt;p&gt;So let&amp;#39;s go to your other questions:&lt;/p&gt;\n\n&lt;blockquote&gt;\n&lt;p&gt;How has neoliberalism influenced American (or European) politics, both at home and abroad?&lt;/p&gt;\n&lt;/blockquote&gt;\n\n&lt;p&gt;Well, it&amp;#39;s tough to answer. If neoliberalism just means &amp;quot;privatization, deregulation, and free trade&amp;quot; then it&amp;#39;s influenced American politics a lot. If it means the Chicago School and Austrian School then I think its influence is overstated. Usually Reagan and Thatcher are held up as the conservative faces of neoliberal politics (at least in the West), and Bill Clinton and Tony Blair as the liberal faces (again in the West). I think the further you dig into this the less satisfying it is though. Reaganomics largely did not follow Milton Friedman&amp;#39;s ideas, despite Friedman being an unofficial economic advisor. Friedman&amp;#39;s support was primarily due to lowering taxes, getting inflation under control(I don&amp;#39;t like Reagan but I will say that it is extremely difficult to politically sell a fix that is very painful in the short term, and that is a genuine accomplishment of his), and cutting regulations which Friedman was generally in favor of. Thatcher is often connected to Friedman, but this is dubious and there is a paper cheekily titled &amp;quot;&lt;a href=\"https://www.economics.ox.ac.uk/materials/papers/14561/802.pdf\"&gt;Friedman\u2019s Lack of influence on British Economic policy&lt;/a&gt;&amp;quot;. I don&amp;#39;t think there is a good case that Bill Clinton or Blair were particularly influenced by the Chicago School much less the Austrian School. Instead, they are called neoliberal because they are generally pro-free trade and not strongly against privatization. This &lt;em&gt;barely&lt;/em&gt; sneaks by the 20 year rule so I&amp;#39;ll leave it at that.&lt;/p&gt;\n\n&lt;blockquote&gt;\n&lt;p&gt;How has it affected American history? What are some of the tangible economic outcomes of its embrace?&lt;/p&gt;\n&lt;/blockquote&gt;\n\n&lt;p&gt;I&amp;#39;d say that the two major effects have been: steadily increasing individual incomes for almost everyone but also increasing inequality. For the US, here&amp;#39;s &lt;a href=\"https://fred.stlouisfed.org/series/MEPAINUSA672N\"&gt;real median personal income&lt;/a&gt;, which is the amount of money that 50% of individuals earn more than and 50% earn less than adjusted for inflation. Here&amp;#39;s &lt;a href=\"https://media.newyorker.com/photos/59095148c14b3c606c103770/master/w_774,c_limit/chart-03.jpg\"&gt;one measure of income inequality for the big and rich anglophone nations&lt;/a&gt;. For Britain there&amp;#39;s a lovely &lt;a href=\"https://upload.wikimedia.org/wikipedia/commons/thumb/a/ae/UK_income_percentiles.svg/500px-UK_income_percentiles.svg.png\"&gt;graph&lt;/a&gt; of after tax income by percentile for the last 20 years (sorry mods) which shows that pretty much every individual has been gaining although the wealthier are proportionally gaining more.&lt;/p&gt;\n\n&lt;p&gt;Finally, what I haven&amp;#39;t really touched on is &amp;quot;neoliberalism&amp;quot; in the Global South. That &lt;em&gt;really&lt;/em&gt; gets into the weeds with criticisms of the IMF, economic opinions regarding trade and capital controls, US foreign policy, the &amp;quot;entrepreneurial self&amp;quot;, and numerous other complex topics from a variety of specialized academic traditions. Going by Google Scholar citation counts, &amp;quot;Neoliberalism: A Critical Reader&amp;quot; by Saad-Filho and Johnson seems to be the most cited academic survey, however looking at its Table of Contents it seems to solely look at the economics. If you want to dig into the sociological perspective, &amp;quot;The Handbook of Neoliberalism&amp;quot; edited by Springer, Birch, and MacLeavy seems quite relevant.&lt;/p&gt;\n&lt;/div&gt;", "stickied": false, "subreddit_type": "public", "can_gild": true, "gildings": {"gid_1": 0, "gid_2": 0, "gid_3": 0}, "author_flair_text_color": null, "score_hidden": false, "permalink": "/r/AskHistorians/comments/a2mjpb/what_are_the_intellectual_roots_of_neoliberalism/eb080ky/", "num_reports": null, "name": "t1_eb080ky", "created": 1543882134.0, "subreddit": "AskHistorians", "author_flair_text": null, "created_utc": 1543853334.0, "subreddit_name_prefixed": "r/AskHistorians", "controversiality": 0, "depth": 0, "author_flair_background_color": null, "mod_reports": [], "mod_note": null, "distinguished": null}}], "after": null, "before": null}}]