[{"kind": "Listing", "data": {"modhash": "", "dist": 1, "children": [{"kind": "t3", "data": {"approved_at_utc": null, "subreddit": "AskHistorians", "selftext": "", "user_reports": [], "saved": false, "mod_reason_title": null, "gilded": 0, "clicked": false, "title": "Why was marijuana banned in the first place?", "link_flair_richtext": [], "subreddit_name_prefixed": "r/AskHistorians", "hidden": false, "pwls": 6, "link_flair_css_class": null, "downs": 0, "parent_whitelist_status": "all_ads", "hide_score": false, "name": "t3_a2p5hn", "quarantine": false, "link_flair_text_color": "dark", "upvote_ratio": 0.73, "author_flair_background_color": null, "subreddit_type": "public", "ups": 18, "domain": "self.AskHistorians", "media_embed": {}, "author_flair_template_id": null, "is_original_content": false, "author_fullname": "t2_10z2eu", "secure_media": null, "is_reddit_media_domain": false, "is_meta": false, "category": null, "secure_media_embed": {}, "link_flair_text": null, "can_mod_post": false, "score": 18, "approved_by": null, "thumbnail": "", "edited": false, "author_flair_css_class": null, "author_flair_richtext": [], "gildings": {"gid_1": 0, "gid_2": 0, "gid_3": 0}, "content_categories": null, "is_self": true, "mod_note": null, "created": 1543876373.0, "link_flair_type": "text", "wls": 6, "banned_by": null, "author_flair_type": "text", "contest_mode": false, "selftext_html": null, "likes": null, "suggested_sort": null, "banned_at_utc": null, "view_count": null, "archived": false, "no_follow": false, "is_crosspostable": false, "pinned": false, "over_18": false, "media": null, "media_only": false, "link_flair_template_id": null, "can_gild": false, "spoiler": false, "locked": false, "author_flair_text": null, "visited": false, "num_reports": null, "distinguished": null, "subreddit_id": "t5_2ssp3", "mod_reason_by": null, "removal_reason": null, "link_flair_background_color": "", "id": "a2p5hn", "is_robot_indexable": true, "report_reasons": null, "author": "zuvic", "num_crossposts": 0, "num_comments": 11, "send_replies": true, "author_patreon_flair": false, "author_flair_text_color": null, "permalink": "/r/AskHistorians/comments/a2p5hn/why_was_marijuana_banned_in_the_first_place/", "whitelist_status": "all_ads", "stickied": false, "url": "https://www.reddit.com/r/AskHistorians/comments/a2p5hn/why_was_marijuana_banned_in_the_first_place/", "subreddit_subscribers": 884509, "created_utc": 1543847573.0, "mod_reports": [], "is_video": false}}], "after": null, "before": null}}, {"kind": "Listing", "data": {"modhash": "", "dist": null, "children": [{"kind": "t1", "data": {"subreddit_id": "t5_2ssp3", "approved_at_utc": null, "ups": 22, "mod_reason_by": null, "banned_by": null, "author_flair_type": "text", "removal_reason": null, "link_id": "t3_a2p5hn", "author_flair_template_id": null, "likes": null, "no_follow": false, "replies": {"kind": "Listing", "data": {"modhash": "", "dist": null, "children": [{"kind": "t1", "data": {"subreddit_id": "t5_2ssp3", "approved_at_utc": null, "ups": 2, "mod_reason_by": null, "banned_by": null, "author_flair_type": "text", "removal_reason": null, "link_id": "t3_a2p5hn", "author_flair_template_id": null, "likes": null, "no_follow": true, "replies": "", "user_reports": [], "saved": false, "id": "eb0fjwu", "banned_at_utc": null, "mod_reason_title": null, "gilded": 0, "archived": false, "report_reasons": null, "author": "zuvic", "can_mod_post": false, "send_replies": true, "parent_id": "t1_eb093hn", "score": 2, "author_fullname": "t2_10z2eu", "approved_by": null, "downs": 0, "body": "Thanks!", "edited": false, "author_flair_css_class": null, "is_submitter": true, "collapsed": false, "author_flair_richtext": [], "author_patreon_flair": false, "collapsed_reason": null, "body_html": "&lt;div class=\"md\"&gt;&lt;p&gt;Thanks!&lt;/p&gt;\n&lt;/div&gt;", "stickied": false, "subreddit_type": "public", "can_gild": true, "gildings": {"gid_1": 0, "gid_2": 0, "gid_3": 0}, "author_flair_text_color": null, "score_hidden": false, "permalink": "/r/AskHistorians/comments/a2p5hn/why_was_marijuana_banned_in_the_first_place/eb0fjwu/", "num_reports": null, "name": "t1_eb0fjwu", "created": 1543887765.0, "subreddit": "AskHistorians", "author_flair_text": null, "created_utc": 1543858965.0, "subreddit_name_prefixed": "r/AskHistorians", "controversiality": 0, "depth": 1, "author_flair_background_color": null, "mod_reports": [], "mod_note": null, "distinguished": null}}, {"kind": "t1", "data": {"subreddit_id": "t5_2ssp3", "approved_at_utc": null, "ups": 4, "mod_reason_by": null, "banned_by": null, "removal_reason": null, "link_id": "t3_a2p5hn", "author_flair_template_id": null, "likes": null, "no_follow": true, "replies": {"kind": "Listing", "data": {"modhash": "", "dist": null, "children": [{"kind": "t1", "data": {"subreddit_id": "t5_2ssp3", "approved_at_utc": null, "ups": 7, "mod_reason_by": null, "banned_by": null, "author_flair_type": "text", "removal_reason": null, "link_id": "t3_a2p5hn", "author_flair_template_id": null, "likes": null, "no_follow": false, "replies": {"kind": "Listing", "data": {"modhash": "", "dist": null, "children": [{"kind": "t1", "data": {"subreddit_id": "t5_2ssp3", "approved_at_utc": null, "ups": 1, "mod_reason_by": null, "banned_by": null, "author_flair_type": "text", "removal_reason": null, "link_id": "t3_a2p5hn", "author_flair_template_id": null, "likes": null, "no_follow": true, "replies": {"kind": "Listing", "data": {"modhash": "", "dist": null, "children": [{"kind": "t1", "data": {"subreddit_id": "t5_2ssp3", "approved_at_utc": null, "ups": 2, "mod_reason_by": null, "banned_by": null, "author_flair_type": "text", "removal_reason": null, "link_id": "t3_a2p5hn", "author_flair_template_id": null, "likes": null, "no_follow": true, "replies": "", "user_reports": [], "saved": false, "id": "eb2qvqf", "banned_at_utc": null, "mod_reason_title": null, "gilded": 0, "archived": false, "report_reasons": null, "author": "deancorll_", "can_mod_post": false, "send_replies": true, "parent_id": "t1_eb1f5sn", "score": 2, "author_fullname": "t2_y23ju", "approved_by": null, "downs": 0, "body": "If you're going to say that the laws in America were created, in part, due to a racial animus, you certainly won't find any argument from me. I've included many sources that include many references to race and culture during the passage of the bill. \n\nThat being said, you should view the 1937 bill as merely one in a process. Even in 1914 cannabis (not yet code-switched to marijuana) was noted as both a poison and a habit-forming drug in New York and other eastern states. By the time of the Harrison Act, it would have been viewed through the lens of the government as a dangerous substance and one that could be rigorously regulated. Once that viewpoint was created, there's just no easy way 'out'. (Unless you have a truly massive lobbying operation or public interesting, which cannabis absolutely did not). \n\nSo view marijuana banning as a series of mostly boring steps, beginning in the Progressive Era. Cannabis, first seen as potential habit-forming and as a dubious medicine with unknown medical properties underwent two decades of increased regulation, often heavily tinged with racial animus, until it became fully illegal when national laws were applied. \n\nWhat you won't find are many sources regarding the industrial process or that hemp was somehow an industrial disruption to DuPont or paper. There wasn't much of an industry at all, and there wasn't anyone trying to make it an industry that required DuPont to tax it out of existence. It's a fun theory, but it doesn't get borne out. There was simply nothing there that any industry could have been worried about. \n\nSources:\nhttps://www.npr.org/sections/codeswitch/2013/07/14/201981025/the-mysterious-history-of-marijuana\nhttps://www.cbsnews.com/news/harry-anslinger-the-man-behind-the-marijuana-ban/\nhttps://www.nytimes.com/2014/07/30/opinion/high-time-federal-marijuana-ban-is-rooted-in-myth.html", "edited": false, "author_flair_css_class": null, "is_submitter": false, "collapsed": false, "author_flair_richtext": [], "author_patreon_flair": false, "collapsed_reason": null, "body_html": "&lt;div class=\"md\"&gt;&lt;p&gt;If you&amp;#39;re going to say that the laws in America were created, in part, due to a racial animus, you certainly won&amp;#39;t find any argument from me. I&amp;#39;ve included many sources that include many references to race and culture during the passage of the bill. &lt;/p&gt;\n\n&lt;p&gt;That being said, you should view the 1937 bill as merely one in a process. Even in 1914 cannabis (not yet code-switched to marijuana) was noted as both a poison and a habit-forming drug in New York and other eastern states. By the time of the Harrison Act, it would have been viewed through the lens of the government as a dangerous substance and one that could be rigorously regulated. Once that viewpoint was created, there&amp;#39;s just no easy way &amp;#39;out&amp;#39;. (Unless you have a truly massive lobbying operation or public interesting, which cannabis absolutely did not). &lt;/p&gt;\n\n&lt;p&gt;So view marijuana banning as a series of mostly boring steps, beginning in the Progressive Era. Cannabis, first seen as potential habit-forming and as a dubious medicine with unknown medical properties underwent two decades of increased regulation, often heavily tinged with racial animus, until it became fully illegal when national laws were applied. &lt;/p&gt;\n\n&lt;p&gt;What you won&amp;#39;t find are many sources regarding the industrial process or that hemp was somehow an industrial disruption to DuPont or paper. There wasn&amp;#39;t much of an industry at all, and there wasn&amp;#39;t anyone trying to make it an industry that required DuPont to tax it out of existence. It&amp;#39;s a fun theory, but it doesn&amp;#39;t get borne out. There was simply nothing there that any industry could have been worried about. &lt;/p&gt;\n\n&lt;p&gt;Sources:\n&lt;a href=\"https://www.npr.org/sections/codeswitch/2013/07/14/201981025/the-mysterious-history-of-marijuana\"&gt;https://www.npr.org/sections/codeswitch/2013/07/14/201981025/the-mysterious-history-of-marijuana&lt;/a&gt;\n&lt;a href=\"https://www.cbsnews.com/news/harry-anslinger-the-man-behind-the-marijuana-ban/\"&gt;https://www.cbsnews.com/news/harry-anslinger-the-man-behind-the-marijuana-ban/&lt;/a&gt;\n&lt;a href=\"https://www.nytimes.com/2014/07/30/opinion/high-time-federal-marijuana-ban-is-rooted-in-myth.html\"&gt;https://www.nytimes.com/2014/07/30/opinion/high-time-federal-marijuana-ban-is-rooted-in-myth.html&lt;/a&gt;&lt;/p&gt;\n&lt;/div&gt;", "stickied": false, "subreddit_type": "public", "can_gild": true, "gildings": {"gid_1": 0, "gid_2": 0, "gid_3": 0}, "author_flair_text_color": null, "score_hidden": false, "permalink": "/r/AskHistorians/comments/a2p5hn/why_was_marijuana_banned_in_the_first_place/eb2qvqf/", "num_reports": null, "name": "t1_eb2qvqf", "created": 1543969930.0, "subreddit": "AskHistorians", "author_flair_text": null, "created_utc": 1543941130.0, "subreddit_name_prefixed": "r/AskHistorians", "controversiality": 0, "depth": 4, "author_flair_background_color": null, "mod_reports": [], "mod_note": null, "distinguished": null}}], "after": null, "before": null}}, "user_reports": [], "saved": false, "id": "eb1f5sn", "banned_at_utc": null, "mod_reason_title": null, "gilded": 0, "archived": false, "report_reasons": null, "author": "HappyAtavism", "can_mod_post": false, "send_replies": true, "parent_id": "t1_eb0h67w", "score": 1, "author_fullname": "t2_gef19", "approved_by": null, "downs": 0, "body": "&gt;rather than the result of a decades-long process of racial and economic suppression\n\n But can we rule it out altogether? I understand that senators and representatives from the states that border Mexico pushed for the \"Marihuana [sic] Tax Act of 1937\" because it was used a lot by Mexicans. Is there any truth to that?\n", "edited": false, "author_flair_css_class": null, "is_submitter": false, "collapsed": false, "author_flair_richtext": [], "author_patreon_flair": false, "collapsed_reason": null, "body_html": "&lt;div class=\"md\"&gt;&lt;blockquote&gt;\n&lt;p&gt;rather than the result of a decades-long process of racial and economic suppression&lt;/p&gt;\n&lt;/blockquote&gt;\n\n&lt;p&gt;But can we rule it out altogether? I understand that senators and representatives from the states that border Mexico pushed for the &amp;quot;Marihuana [sic] Tax Act of 1937&amp;quot; because it was used a lot by Mexicans. Is there any truth to that?&lt;/p&gt;\n&lt;/div&gt;", "stickied": false, "subreddit_type": "public", "can_gild": true, "gildings": {"gid_1": 0, "gid_2": 0, "gid_3": 0}, "author_flair_text_color": null, "score_hidden": false, "permalink": "/r/AskHistorians/comments/a2p5hn/why_was_marijuana_banned_in_the_first_place/eb1f5sn/", "num_reports": null, "name": "t1_eb1f5sn", "created": 1543914216.0, "subreddit": "AskHistorians", "author_flair_text": null, "created_utc": 1543885416.0, "subreddit_name_prefixed": "r/AskHistorians", "controversiality": 0, "depth": 3, "author_flair_background_color": null, "mod_reports": [], "mod_note": null, "distinguished": null}}], "after": null, "before": null}}, "user_reports": [], "saved": false, "id": "eb0h67w", "banned_at_utc": null, "mod_reason_title": null, "gilded": 0, "archived": false, "report_reasons": null, "author": "deancorll_", "can_mod_post": false, "send_replies": true, "parent_id": "t1_eb0chkg", "score": 7, "author_fullname": "t2_y23ju", "approved_by": null, "downs": 0, "body": "I'm not sure that thinking that an organization in power wanting to stay in power is conspiratorial thinking! Anslinger likely capitalized on an easy opportunity. Cannabis and Marijuana was an easy sell as a public menace. J. Edgar Hoover did something extremely similar in the same time period, presenting small-time, easily captured, criminals such as John Dillinger, Alvin Karpis, and Baby-Face Nelson as national threats. \n\nThis is not something that can be easily figured out, as you have to get into the personal motivations. It does stand out that Anslinger, previously, had no personal animus towards cannabis, then underwent a large and public change towards it as a truly public menace when given the chance. \n\n(My thought it that people have a difficult time grasping that our nation's marijuana policy could just BE that way as a result of not-fully thought out policy and quick opportunism, rather than the result of a decades-long process of racial and economic suppression.)\n\nSources:\nhttps://www.dea.gov/sites/default/files/2018-05/Early%20Years%20p%2012-29.pdf", "edited": false, "author_flair_css_class": null, "is_submitter": false, "collapsed": false, "author_flair_richtext": [], "author_patreon_flair": false, "collapsed_reason": null, "body_html": "&lt;div class=\"md\"&gt;&lt;p&gt;I&amp;#39;m not sure that thinking that an organization in power wanting to stay in power is conspiratorial thinking! Anslinger likely capitalized on an easy opportunity. Cannabis and Marijuana was an easy sell as a public menace. J. Edgar Hoover did something extremely similar in the same time period, presenting small-time, easily captured, criminals such as John Dillinger, Alvin Karpis, and Baby-Face Nelson as national threats. &lt;/p&gt;\n\n&lt;p&gt;This is not something that can be easily figured out, as you have to get into the personal motivations. It does stand out that Anslinger, previously, had no personal animus towards cannabis, then underwent a large and public change towards it as a truly public menace when given the chance. &lt;/p&gt;\n\n&lt;p&gt;(My thought it that people have a difficult time grasping that our nation&amp;#39;s marijuana policy could just BE that way as a result of not-fully thought out policy and quick opportunism, rather than the result of a decades-long process of racial and economic suppression.)&lt;/p&gt;\n\n&lt;p&gt;Sources:\n&lt;a href=\"https://www.dea.gov/sites/default/files/2018-05/Early%20Years%20p%2012-29.pdf\"&gt;https://www.dea.gov/sites/default/files/2018-05/Early%20Years%20p%2012-29.pdf&lt;/a&gt;&lt;/p&gt;\n&lt;/div&gt;", "stickied": false, "subreddit_type": "public", "can_gild": true, "gildings": {"gid_1": 0, "gid_2": 0, "gid_3": 0}, "author_flair_text_color": null, "score_hidden": false, "permalink": "/r/AskHistorians/comments/a2p5hn/why_was_marijuana_banned_in_the_first_place/eb0h67w/", "num_reports": null, "name": "t1_eb0h67w", "created": 1543888852.0, "subreddit": "AskHistorians", "author_flair_text": null, "created_utc": 1543860052.0, "subreddit_name_prefixed": "r/AskHistorians", "controversiality": 0, "depth": 2, "author_flair_background_color": null, "mod_reports": [], "mod_note": null, "distinguished": null}}], "after": null, "before": null}}, "user_reports": [], "saved": false, "id": "eb0chkg", "banned_at_utc": null, "mod_reason_title": null, "gilded": 0, "archived": false, "report_reasons": null, "author": "[deleted]", "can_mod_post": false, "send_replies": true, "parent_id": "t1_eb093hn", "score": 4, "approved_by": null, "downs": 0, "body": "The narrative I've heard (in addition to cartels operating to push competitors out of the paper market), was that Anslinger, in desperation to keep his agency awash in funding after the end of prohibition, tried to find a new drug to target and justify its continued existence. The Biological Survey seemed to do the same thing in the first decade of the twentieth by expanding its scope to include predator extirpation. It seems like a lot of Progressive Era agencies were interested more in continued funding that actually ensuring their service was a public good (taking a cynical view) or were at least too beholden to Federal intervention to fix real problems (taking a charitable view). \n\nHow true is that? Just conspiratorial thinking?", "edited": false, "author_flair_css_class": null, "collapsed": false, "is_submitter": false, "collapsed_reason": null, "body_html": "&lt;div class=\"md\"&gt;&lt;p&gt;The narrative I&amp;#39;ve heard (in addition to cartels operating to push competitors out of the paper market), was that Anslinger, in desperation to keep his agency awash in funding after the end of prohibition, tried to find a new drug to target and justify its continued existence. The Biological Survey seemed to do the same thing in the first decade of the twentieth by expanding its scope to include predator extirpation. It seems like a lot of Progressive Era agencies were interested more in continued funding that actually ensuring their service was a public good (taking a cynical view) or were at least too beholden to Federal intervention to fix real problems (taking a charitable view). &lt;/p&gt;\n\n&lt;p&gt;How true is that? Just conspiratorial thinking?&lt;/p&gt;\n&lt;/div&gt;", "stickied": false, "subreddit_type": "public", "can_gild": false, "gildings": {"gid_1": 0, "gid_2": 0, "gid_3": 0}, "author_flair_text_color": "dark", "score_hidden": false, "permalink": "/r/AskHistorians/comments/a2p5hn/why_was_marijuana_banned_in_the_first_place/eb0chkg/", "num_reports": null, "name": "t1_eb0chkg", "created": 1543885587.0, "subreddit": "AskHistorians", "author_flair_text": null, "created_utc": 1543856787.0, "subreddit_name_prefixed": "r/AskHistorians", "controversiality": 0, "depth": 1, "author_flair_background_color": "", "mod_reports": [], "mod_note": null, "distinguished": null}}], "after": null, "before": null}}, "user_reports": [], "saved": false, "id": "eb093hn", "banned_at_utc": null, "mod_reason_title": null, "gilded": 0, "archived": false, "report_reasons": null, "author": "deancorll_", "can_mod_post": false, "send_replies": true, "parent_id": "t3_a2p5hn", "score": 22, "author_fullname": "t2_y23ju", "approved_by": null, "downs": 0, "body": "Rather than the the thrilling explanation that a consortium of paper/wood processors and tobacco concerns pushed rivals out of the field, the answer likely lies in the laws of the Progressive Age. \n\nThe first laws that set about making cannabis illegal began with various food and drug acts, which required food and drugs to be properly labeled. Previous to this, snake-oil salesman could sell anything, to anyone, containing anything, without disclosing what was inside. Medication was a badly regulated field, particularly in regards to habit-forming drugs, and absolutely in regards to outright poisons sold as medicine. \n\nThe first real regulation to impose limits on doctors, pharmacists, and medicines prescribed was introduced with the Townes-Boylan Bill in New York State. This bill was critical in preventing doctors/pharmacists from just prescribing their patients anything, for anything, at any time. It began to put limits on what could be prescribed, and in how much quantities (including, crucially, hypodermic needles). The good intentions of this bill were to make sure that doctors and pharmacists underwent some kind of oversight and regulation, particularly in regards to habit-forming medications. \n\nThis New York state bill set the stage for a national law, The Harrison Act, introduced by Rep. Harrison of New York. This bill did two very critical things. First, it allowed the government to tax coca and opiates. Secondly, it allowed for government regulation, on a national scale, of medicines. The legislative goal of both of these bills was to tighten the governments ability to regulate the medical industry, including both pharmacists and doctors, while also allowing them to tax industries that had previously been un-taxed. At this time, there were racial overtones towards certain drugs, but there were serious issues of addiction, and almost no one understood the process of addiction or recovery, beyond the barest analysis. \n\nCrucially, while these laws were concerned with cocaine and opium, they now allowed states to determine what was a poison, and what could therefore be not be sold. Cannabis was seen as a habit-forming drug, and was quickly placed on lists of poisons, particularly in western states. This preventing it from being used alongside coca or opium, as it did not have the same immediate medical concern. \n\nFrom that position of progressive intentions, you have states largely making their own lists of poisons, their own methods of determining what can or cannot be sold or regulated, and what may or may not be determined to be a habit-forming medication. In any case, cannabis at this time was routinely determined to be a poison, seen to be habit-forming. There is likely no deeper answer to this question than cannabis was seen to be habit-forming in a way similar to opium or cocaine. It would have been utilized in various snake-oil tinctures  in a way similar to opium or cocaine, but without the immediate and obvious analgesic or anesthetic effects. \n\nUltimately, the Uniform State Narcotic Drug Act was passed in 1934. This brought a national answer towards what was legal, and what was not legal, from coast to coast, as well as supplying legal authority that the Harrison Act lacked. Opium, Coca, and alcohol would have had medical and/or cultural existences behind them that would have afforded them deep analysis towards specific regulatory measures. Cannabis was mostly new, mostly unknown, and almost totally unused by any medical practitioner. Furthermore, since it had been designated, legally in several states since 1915 as both habit-forming and poisonous, it would not have been difficult at all to place it on the list of prohibited drugs. In regards to tobacco, timber, or paper interests, there appear to be absolutely no cannabis lobbying interests at this time, so Spectres like Harry Anslinger likely wouldn't have worried about the commercial rivalry of a product with zero infrastructure and zero production base. \n\nIt would have been banned because it was seen as, likely, a dangerous and habit-forming drug, and by the time came to designate it as such, the legal muscle for that argument had been in place for years, if not decades. It was given that designation during the Progressive Era, no one ever re-examined it for medical use in the way they did for cocaine or opium, and that was pretty much that. \n\n\n\n\n\nSources:\nhttps://www.nytimes.com/1914/07/30/archives/topics-of-the-times.html\nhttps://www.nytimes.com/1914/01/26/archives/to-make-it-harder-to-get-habit-drugs-townsboylan-bill-at-albany.html\nhttp://www.druglibrary.org/schaffer/Library/studies/vlr/vlr3.htm\nhttps://www.economist.com/special-report/2001/07/26/how-did-we-get-here", "edited": false, "author_flair_css_class": null, "is_submitter": false, "collapsed": false, "author_flair_richtext": [], "author_patreon_flair": false, "collapsed_reason": null, "body_html": "&lt;div class=\"md\"&gt;&lt;p&gt;Rather than the the thrilling explanation that a consortium of paper/wood processors and tobacco concerns pushed rivals out of the field, the answer likely lies in the laws of the Progressive Age. &lt;/p&gt;\n\n&lt;p&gt;The first laws that set about making cannabis illegal began with various food and drug acts, which required food and drugs to be properly labeled. Previous to this, snake-oil salesman could sell anything, to anyone, containing anything, without disclosing what was inside. Medication was a badly regulated field, particularly in regards to habit-forming drugs, and absolutely in regards to outright poisons sold as medicine. &lt;/p&gt;\n\n&lt;p&gt;The first real regulation to impose limits on doctors, pharmacists, and medicines prescribed was introduced with the Townes-Boylan Bill in New York State. This bill was critical in preventing doctors/pharmacists from just prescribing their patients anything, for anything, at any time. It began to put limits on what could be prescribed, and in how much quantities (including, crucially, hypodermic needles). The good intentions of this bill were to make sure that doctors and pharmacists underwent some kind of oversight and regulation, particularly in regards to habit-forming medications. &lt;/p&gt;\n\n&lt;p&gt;This New York state bill set the stage for a national law, The Harrison Act, introduced by Rep. Harrison of New York. This bill did two very critical things. First, it allowed the government to tax coca and opiates. Secondly, it allowed for government regulation, on a national scale, of medicines. The legislative goal of both of these bills was to tighten the governments ability to regulate the medical industry, including both pharmacists and doctors, while also allowing them to tax industries that had previously been un-taxed. At this time, there were racial overtones towards certain drugs, but there were serious issues of addiction, and almost no one understood the process of addiction or recovery, beyond the barest analysis. &lt;/p&gt;\n\n&lt;p&gt;Crucially, while these laws were concerned with cocaine and opium, they now allowed states to determine what was a poison, and what could therefore be not be sold. Cannabis was seen as a habit-forming drug, and was quickly placed on lists of poisons, particularly in western states. This preventing it from being used alongside coca or opium, as it did not have the same immediate medical concern. &lt;/p&gt;\n\n&lt;p&gt;From that position of progressive intentions, you have states largely making their own lists of poisons, their own methods of determining what can or cannot be sold or regulated, and what may or may not be determined to be a habit-forming medication. In any case, cannabis at this time was routinely determined to be a poison, seen to be habit-forming. There is likely no deeper answer to this question than cannabis was seen to be habit-forming in a way similar to opium or cocaine. It would have been utilized in various snake-oil tinctures  in a way similar to opium or cocaine, but without the immediate and obvious analgesic or anesthetic effects. &lt;/p&gt;\n\n&lt;p&gt;Ultimately, the Uniform State Narcotic Drug Act was passed in 1934. This brought a national answer towards what was legal, and what was not legal, from coast to coast, as well as supplying legal authority that the Harrison Act lacked. Opium, Coca, and alcohol would have had medical and/or cultural existences behind them that would have afforded them deep analysis towards specific regulatory measures. Cannabis was mostly new, mostly unknown, and almost totally unused by any medical practitioner. Furthermore, since it had been designated, legally in several states since 1915 as both habit-forming and poisonous, it would not have been difficult at all to place it on the list of prohibited drugs. In regards to tobacco, timber, or paper interests, there appear to be absolutely no cannabis lobbying interests at this time, so Spectres like Harry Anslinger likely wouldn&amp;#39;t have worried about the commercial rivalry of a product with zero infrastructure and zero production base. &lt;/p&gt;\n\n&lt;p&gt;It would have been banned because it was seen as, likely, a dangerous and habit-forming drug, and by the time came to designate it as such, the legal muscle for that argument had been in place for years, if not decades. It was given that designation during the Progressive Era, no one ever re-examined it for medical use in the way they did for cocaine or opium, and that was pretty much that. &lt;/p&gt;\n\n&lt;p&gt;Sources:\n&lt;a href=\"https://www.nytimes.com/1914/07/30/archives/topics-of-the-times.html\"&gt;https://www.nytimes.com/1914/07/30/archives/topics-of-the-times.html&lt;/a&gt;\n&lt;a href=\"https://www.nytimes.com/1914/01/26/archives/to-make-it-harder-to-get-habit-drugs-townsboylan-bill-at-albany.html\"&gt;https://www.nytimes.com/1914/01/26/archives/to-make-it-harder-to-get-habit-drugs-townsboylan-bill-at-albany.html&lt;/a&gt;\n&lt;a href=\"http://www.druglibrary.org/schaffer/Library/studies/vlr/vlr3.htm\"&gt;http://www.druglibrary.org/schaffer/Library/studies/vlr/vlr3.htm&lt;/a&gt;\n&lt;a href=\"https://www.economist.com/special-report/2001/07/26/how-did-we-get-here\"&gt;https://www.economist.com/special-report/2001/07/26/how-did-we-get-here&lt;/a&gt;&lt;/p&gt;\n&lt;/div&gt;", "stickied": false, "subreddit_type": "public", "can_gild": true, "gildings": {"gid_1": 0, "gid_2": 0, "gid_3": 0}, "author_flair_text_color": null, "score_hidden": false, "permalink": "/r/AskHistorians/comments/a2p5hn/why_was_marijuana_banned_in_the_first_place/eb093hn/", "num_reports": null, "name": "t1_eb093hn", "created": 1543882970.0, "subreddit": "AskHistorians", "author_flair_text": null, "created_utc": 1543854170.0, "subreddit_name_prefixed": "r/AskHistorians", "controversiality": 0, "depth": 0, "author_flair_background_color": null, "mod_reports": [], "mod_note": null, "distinguished": null}}, {"kind": "t1", "data": {"subreddit_id": "t5_2ssp3", "approved_at_utc": null, "ups": 1, "mod_reason_by": null, "banned_by": null, "removal_reason": null, "link_id": "t3_a2p5hn", "author_flair_template_id": null, "likes": null, "no_follow": true, "replies": {"kind": "Listing", "data": {"modhash": "", "dist": null, "children": [{"kind": "t1", "data": {"subreddit_id": "t5_2ssp3", "approved_at_utc": null, "ups": 3, "mod_reason_by": null, "banned_by": null, "author_flair_type": "text", "removal_reason": null, "link_id": "t3_a2p5hn", "author_flair_template_id": "9e641f94-c626-11e2-8e2c-12313b0b21ae", "likes": null, "no_follow": true, "replies": "", "user_reports": [], "saved": false, "id": "eb0a16q", "banned_at_utc": null, "mod_reason_title": null, "gilded": 0, "archived": false, "report_reasons": null, "author": "Georgy_K_Zhukov", "can_mod_post": false, "send_replies": true, "parent_id": "t1_eb08x07", "score": 3, "author_fullname": "t2_9v6a6", "approved_by": null, "downs": 0, "body": "&gt;This is a terribly over generalization but [...]\n\nWe ask that answers in this subreddit be [in-depth and comprehensive](https://www.reddit.com/r/AskHistorians/comments/1jsabs/what_it_means_to_post_a_good_answer_in/), and highly suggest that comments include citations for the information. In the future, please take the time to better familiarize yourself with [the rules](http://www.reddit.com/r/AskHistorians/wiki/rules#wiki_write_an_in-depth_answer) and our [Rules Roundtable](https://www.reddit.com/r/AskHistorians/comments/4kngwh/rules_roundtable_no_11_no_speculation/) on Speculation.", "edited": false, "author_flair_css_class": "moderator", "is_submitter": false, "collapsed": false, "author_flair_richtext": [], "author_patreon_flair": false, "collapsed_reason": null, "body_html": "&lt;div class=\"md\"&gt;&lt;blockquote&gt;\n&lt;p&gt;This is a terribly over generalization but [...]&lt;/p&gt;\n&lt;/blockquote&gt;\n\n&lt;p&gt;We ask that answers in this subreddit be &lt;a href=\"https://www.reddit.com/r/AskHistorians/comments/1jsabs/what_it_means_to_post_a_good_answer_in/\"&gt;in-depth and comprehensive&lt;/a&gt;, and highly suggest that comments include citations for the information. In the future, please take the time to better familiarize yourself with &lt;a href=\"http://www.reddit.com/r/AskHistorians/wiki/rules#wiki_write_an_in-depth_answer\"&gt;the rules&lt;/a&gt; and our &lt;a href=\"https://www.reddit.com/r/AskHistorians/comments/4kngwh/rules_roundtable_no_11_no_speculation/\"&gt;Rules Roundtable&lt;/a&gt; on Speculation.&lt;/p&gt;\n&lt;/div&gt;", "stickied": false, "subreddit_type": "public", "can_gild": true, "gildings": {"gid_1": 0, "gid_2": 0, "gid_3": 0}, "author_flair_text_color": "light", "score_hidden": false, "permalink": "/r/AskHistorians/comments/a2p5hn/why_was_marijuana_banned_in_the_first_place/eb0a16q/", "num_reports": null, "name": "t1_eb0a16q", "created": 1543883696.0, "subreddit": "AskHistorians", "author_flair_text": "Moderator | Post-Napoleonic Warfare &amp; Small Arms | Dueling", "created_utc": 1543854896.0, "subreddit_name_prefixed": "r/AskHistorians", "controversiality": 0, "depth": 1, "author_flair_background_color": "#8b008b", "mod_reports": [], "mod_note": null, "distinguished": "moderator"}}, {"kind": "t1", "data": {"subreddit_id": "t5_2ssp3", "approved_at_utc": null, "ups": 1, "mod_reason_by": null, "banned_by": null, "removal_reason": null, "link_id": "t3_a2p5hn", "author_flair_template_id": null, "likes": null, "no_follow": true, "replies": "", "user_reports": [], "saved": false, "id": "eb091u8", "banned_at_utc": null, "mod_reason_title": null, "gilded": 0, "archived": false, "report_reasons": null, "author": "[deleted]", "can_mod_post": false, "send_replies": true, "parent_id": "t1_eb08x07", "score": 1, "approved_by": null, "downs": 0, "body": "[removed]", "edited": false, "author_flair_css_class": null, "collapsed": false, "is_submitter": false, "collapsed_reason": null, "body_html": "&lt;div class=\"md\"&gt;&lt;p&gt;[removed]&lt;/p&gt;\n&lt;/div&gt;", "stickied": false, "subreddit_type": "public", "can_gild": true, "gildings": {"gid_1": 0, "gid_2": 0, "gid_3": 0}, "author_flair_text_color": "dark", "score_hidden": false, "permalink": "/r/AskHistorians/comments/a2p5hn/why_was_marijuana_banned_in_the_first_place/eb091u8/", "num_reports": null, "name": "t1_eb091u8", "created": 1543882935.0, "subreddit": "AskHistorians", "author_flair_text": null, "created_utc": 1543854135.0, "subreddit_name_prefixed": "r/AskHistorians", "controversiality": 0, "depth": 1, "author_flair_background_color": "", "mod_reports": [], "mod_note": null, "distinguished": null}}], "after": null, "before": null}}, "user_reports": [], "saved": false, "id": "eb08x07", "banned_at_utc": null, "mod_reason_title": null, "gilded": 0, "archived": false, "report_reasons": null, "author": "[deleted]", "can_mod_post": false, "send_replies": true, "parent_id": "t3_a2p5hn", "score": 1, "approved_by": null, "downs": 0, "body": "[removed]", "edited": false, "author_flair_css_class": null, "collapsed": false, "is_submitter": false, "collapsed_reason": null, "body_html": "&lt;div class=\"md\"&gt;&lt;p&gt;[removed]&lt;/p&gt;\n&lt;/div&gt;", "stickied": false, "subreddit_type": "public", "can_gild": true, "gildings": {"gid_1": 0, "gid_2": 0, "gid_3": 0}, "author_flair_text_color": "dark", "score_hidden": false, "permalink": "/r/AskHistorians/comments/a2p5hn/why_was_marijuana_banned_in_the_first_place/eb08x07/", "num_reports": null, "name": "t1_eb08x07", "created": 1543882833.0, "subreddit": "AskHistorians", "author_flair_text": null, "created_utc": 1543854033.0, "subreddit_name_prefixed": "r/AskHistorians", "controversiality": 0, "depth": 0, "author_flair_background_color": "", "mod_reports": [], "mod_note": null, "distinguished": null}}, {"kind": "t1", "data": {"subreddit_id": "t5_2ssp3", "approved_at_utc": null, "ups": -6, "mod_reason_by": null, "banned_by": null, "removal_reason": null, "link_id": "t3_a2p5hn", "author_flair_template_id": null, "likes": null, "no_follow": true, "replies": {"kind": "Listing", "data": {"modhash": "", "dist": null, "children": [{"kind": "t1", "data": {"subreddit_id": "t5_2ssp3", "approved_at_utc": null, "ups": 2, "mod_reason_by": null, "banned_by": null, "author_flair_type": "text", "removal_reason": null, "link_id": "t3_a2p5hn", "author_flair_template_id": "9e641f94-c626-11e2-8e2c-12313b0b21ae", "likes": null, "no_follow": true, "replies": "", "user_reports": [], "saved": false, "id": "eb052ew", "banned_at_utc": null, "mod_reason_title": null, "gilded": 0, "archived": false, "report_reasons": null, "author": "Georgy_K_Zhukov", "can_mod_post": false, "send_replies": true, "parent_id": "t1_eb02tv2", "score": 2, "author_fullname": "t2_9v6a6", "approved_by": null, "downs": 0, "body": "&gt; Not an expert so don't trust my word too much but [...]\n\nWe ask that answers in this subreddit be [in-depth and comprehensive](https://www.reddit.com/r/AskHistorians/comments/1jsabs/what_it_means_to_post_a_good_answer_in/), and highly suggest that comments include citations for the information. In the future, please take the time to better familiarize yourself with [the rules](http://www.reddit.com/r/AskHistorians/wiki/rules#wiki_write_an_in-depth_answer) and our [Rules Roundtable](https://www.reddit.com/r/AskHistorians/comments/4kngwh/rules_roundtable_no_11_no_speculation/) on Speculation.", "edited": false, "author_flair_css_class": "moderator", "is_submitter": false, "collapsed": false, "author_flair_richtext": [], "author_patreon_flair": false, "collapsed_reason": null, "body_html": "&lt;div class=\"md\"&gt;&lt;blockquote&gt;\n&lt;p&gt;Not an expert so don&amp;#39;t trust my word too much but [...]&lt;/p&gt;\n&lt;/blockquote&gt;\n\n&lt;p&gt;We ask that answers in this subreddit be &lt;a href=\"https://www.reddit.com/r/AskHistorians/comments/1jsabs/what_it_means_to_post_a_good_answer_in/\"&gt;in-depth and comprehensive&lt;/a&gt;, and highly suggest that comments include citations for the information. In the future, please take the time to better familiarize yourself with &lt;a href=\"http://www.reddit.com/r/AskHistorians/wiki/rules#wiki_write_an_in-depth_answer\"&gt;the rules&lt;/a&gt; and our &lt;a href=\"https://www.reddit.com/r/AskHistorians/comments/4kngwh/rules_roundtable_no_11_no_speculation/\"&gt;Rules Roundtable&lt;/a&gt; on Speculation.&lt;/p&gt;\n&lt;/div&gt;", "stickied": false, "subreddit_type": "public", "can_gild": true, "gildings": {"gid_1": 0, "gid_2": 0, "gid_3": 0}, "author_flair_text_color": "light", "score_hidden": false, "permalink": "/r/AskHistorians/comments/a2p5hn/why_was_marijuana_banned_in_the_first_place/eb052ew/", "num_reports": null, "name": "t1_eb052ew", "created": 1543879754.0, "subreddit": "AskHistorians", "author_flair_text": "Moderator | Post-Napoleonic Warfare &amp; Small Arms | Dueling", "created_utc": 1543850954.0, "subreddit_name_prefixed": "r/AskHistorians", "controversiality": 0, "depth": 1, "author_flair_background_color": "#8b008b", "mod_reports": [], "mod_note": null, "distinguished": "moderator"}}], "after": null, "before": null}}, "user_reports": [], "saved": false, "id": "eb02tv2", "banned_at_utc": null, "mod_reason_title": null, "gilded": 0, "archived": false, "report_reasons": null, "author": "[deleted]", "can_mod_post": false, "send_replies": true, "parent_id": "t3_a2p5hn", "score": -6, "approved_by": null, "downs": 0, "body": "[removed]", "edited": false, "author_flair_css_class": null, "collapsed": false, "is_submitter": false, "collapsed_reason": "comment score below threshold", "body_html": "&lt;div class=\"md\"&gt;&lt;p&gt;[removed]&lt;/p&gt;\n&lt;/div&gt;", "stickied": false, "subreddit_type": "public", "can_gild": true, "gildings": {"gid_1": 0, "gid_2": 0, "gid_3": 0}, "author_flair_text_color": "dark", "score_hidden": false, "permalink": "/r/AskHistorians/comments/a2p5hn/why_was_marijuana_banned_in_the_first_place/eb02tv2/", "num_reports": null, "name": "t1_eb02tv2", "created": 1543877815.0, "subreddit": "AskHistorians", "author_flair_text": null, "created_utc": 1543849015.0, "subreddit_name_prefixed": "r/AskHistorians", "controversiality": 0, "depth": 0, "author_flair_background_color": "", "mod_reports": [], "mod_note": null, "distinguished": null}}], "after": null, "before": null}}]