[{"kind": "Listing", "data": {"modhash": "", "dist": 1, "children": [{"kind": "t3", "data": {"approved_at_utc": null, "subreddit": "AskHistorians", "selftext": "I am interested in the phenomenon of how in many older American towns it is the railroad that separates the better and worse neighborhoods. What is the chronology? The railroad came first? In that case the industry gets built right on the railroad and then it is somehow decided that lower class people live south of it, upper class people north of it? Or there is a sort of a settlement first, later the railroad gets built to it but to avoid much noise the railroad goes north or south of the settlement, and not through the center of it, and later on a kind of a shantytown springs up the other side of the tracks from the original settlement?", "user_reports": [], "saved": false, "mod_reason_title": null, "gilded": 0, "clicked": false, "title": "The wrong side of the tracks", "link_flair_richtext": [], "subreddit_name_prefixed": "r/AskHistorians", "hidden": false, "pwls": 6, "link_flair_css_class": null, "downs": 0, "parent_whitelist_status": "all_ads", "hide_score": false, "name": "t3_a2ptfq", "quarantine": false, "link_flair_text_color": "dark", "upvote_ratio": 0.88, "author_flair_background_color": "", "subreddit_type": "public", "ups": 6, "domain": "self.AskHistorians", "media_embed": {}, "author_flair_template_id": null, "is_original_content": false, "secure_media": null, "is_reddit_media_domain": false, "is_meta": false, "category": null, "secure_media_embed": {}, "link_flair_text": null, "can_mod_post": false, "score": 6, "approved_by": null, "thumbnail": "", "edited": false, "author_flair_css_class": null, "gildings": {"gid_1": 0, "gid_2": 0, "gid_3": 0}, "content_categories": null, "is_self": true, "mod_note": null, "created": 1543880839.0, "link_flair_type": "text", "wls": 6, "banned_by": null, "contest_mode": false, "selftext_html": "&lt;!-- SC_OFF --&gt;&lt;div class=\"md\"&gt;&lt;p&gt;I am interested in the phenomenon of how in many older American towns it is the railroad that separates the better and worse neighborhoods. What is the chronology? The railroad came first? In that case the industry gets built right on the railroad and then it is somehow decided that lower class people live south of it, upper class people north of it? Or there is a sort of a settlement first, later the railroad gets built to it but to avoid much noise the railroad goes north or south of the settlement, and not through the center of it, and later on a kind of a shantytown springs up the other side of the tracks from the original settlement?&lt;/p&gt;\n&lt;/div&gt;&lt;!-- SC_ON --&gt;", "likes": null, "suggested_sort": null, "banned_at_utc": null, "view_count": null, "archived": false, "no_follow": true, "is_crosspostable": false, "pinned": false, "over_18": false, "media": null, "media_only": false, "link_flair_template_id": null, "can_gild": false, "spoiler": false, "locked": false, "author_flair_text": null, "visited": false, "num_reports": null, "distinguished": null, "subreddit_id": "t5_2ssp3", "mod_reason_by": null, "removal_reason": null, "link_flair_background_color": "", "id": "a2ptfq", "is_robot_indexable": true, "report_reasons": null, "author": "[deleted]", "num_crossposts": 0, "num_comments": 0, "send_replies": true, "author_flair_text_color": "dark", "permalink": "/r/AskHistorians/comments/a2ptfq/the_wrong_side_of_the_tracks/", "whitelist_status": "all_ads", "stickied": false, "url": "https://www.reddit.com/r/AskHistorians/comments/a2ptfq/the_wrong_side_of_the_tracks/", "subreddit_subscribers": 884509, "created_utc": 1543852039.0, "mod_reports": [], "is_video": false}}], "after": null, "before": null}}, {"kind": "Listing", "data": {"modhash": "", "dist": null, "children": [], "after": null, "before": null}}]