[{"kind": "Listing", "data": {"modhash": "", "dist": 1, "children": [{"kind": "t3", "data": {"approved_at_utc": null, "subreddit": "AskHistorians", "selftext": "In the TV show the Peaky Blinders, in Birmingham 1922 there is a bar fight over the service of a black character at a pub. In this [article](https://www.telegraph.co.uk/history/world-war-two/12035018/Revealed-How-Britons-welcomed-black-soldiers-during-WWII-and-fought-alongside-them-against-racist-GIs.html) during WWII there was a riot defending black soldiers. Did the racism environment change so much in England between WWI and WWII?  ", "user_reports": [], "saved": false, "mod_reason_title": null, "gilded": 0, "clicked": false, "title": "What was racism like in England in the early to mid 20th century?", "link_flair_richtext": [], "subreddit_name_prefixed": "r/AskHistorians", "hidden": false, "pwls": 6, "link_flair_css_class": null, "downs": 0, "parent_whitelist_status": "all_ads", "hide_score": false, "name": "t3_a2rcn5", "quarantine": false, "link_flair_text_color": "dark", "upvote_ratio": 0.67, "author_flair_background_color": null, "subreddit_type": "public", "ups": 3, "domain": "self.AskHistorians", "media_embed": {}, "author_flair_template_id": null, "is_original_content": false, "author_fullname": "t2_ehzb8", "secure_media": null, "is_reddit_media_domain": false, "is_meta": false, "category": null, "secure_media_embed": {}, "link_flair_text": null, "can_mod_post": false, "score": 3, "approved_by": null, "thumbnail": "", "edited": false, "author_flair_css_class": null, "author_flair_richtext": [], "gildings": {"gid_1": 0, "gid_2": 0, "gid_3": 0}, "content_categories": null, "is_self": true, "mod_note": null, "created": 1543890150.0, "link_flair_type": "text", "wls": 6, "banned_by": null, "author_flair_type": "text", "contest_mode": false, "selftext_html": "&lt;!-- SC_OFF --&gt;&lt;div class=\"md\"&gt;&lt;p&gt;In the TV show the Peaky Blinders, in Birmingham 1922 there is a bar fight over the service of a black character at a pub. In this &lt;a href=\"https://www.telegraph.co.uk/history/world-war-two/12035018/Revealed-How-Britons-welcomed-black-soldiers-during-WWII-and-fought-alongside-them-against-racist-GIs.html\"&gt;article&lt;/a&gt; during WWII there was a riot defending black soldiers. Did the racism environment change so much in England between WWI and WWII?  &lt;/p&gt;\n&lt;/div&gt;&lt;!-- SC_ON --&gt;", "likes": null, "suggested_sort": null, "banned_at_utc": null, "view_count": null, "archived": false, "no_follow": false, "is_crosspostable": false, "pinned": false, "over_18": false, "media": null, "media_only": false, "link_flair_template_id": null, "can_gild": false, "spoiler": false, "locked": false, "author_flair_text": null, "visited": false, "num_reports": null, "distinguished": null, "subreddit_id": "t5_2ssp3", "mod_reason_by": null, "removal_reason": null, "link_flair_background_color": "", "id": "a2rcn5", "is_robot_indexable": true, "report_reasons": null, "author": "Abaip", "num_crossposts": 0, "num_comments": 0, "send_replies": false, "author_patreon_flair": false, "author_flair_text_color": null, "permalink": "/r/AskHistorians/comments/a2rcn5/what_was_racism_like_in_england_in_the_early_to/", "whitelist_status": "all_ads", "stickied": false, "url": "https://www.reddit.com/r/AskHistorians/comments/a2rcn5/what_was_racism_like_in_england_in_the_early_to/", "subreddit_subscribers": 884509, "created_utc": 1543861350.0, "mod_reports": [], "is_video": false}}], "after": null, "before": null}}, {"kind": "Listing", "data": {"modhash": "", "dist": null, "children": [], "after": null, "before": null}}]