[{"kind": "Listing", "data": {"modhash": "", "dist": 1, "children": [{"kind": "t3", "data": {"approved_at_utc": null, "subreddit": "AskHistorians", "selftext": "This was claimed by [Dr Manmohan Singh in 2005 when he received his honorary degree.](https://mea.gov.in/Speeches-Statements.htm?dtl/2623/Address+by+Prime+Minister+Dr+Manmohan+Singh+in+acceptance+of+Honorary+Degree+from+Oxford+University) \n\nThe full quote which I had to truncate: \n\n&gt; There is no doubt that our grievance against the British Empire had a sound basis. As the painstaking statistical work of the Cambridge historian Angus Maddison has shown, India\u2019s share of world income collapsed from 22.6% in the year 1700, almost equal to Europe\u2019s share of 23.3% at that time, to as low as 3.8% in 1952.", "user_reports": [], "saved": false, "mod_reason_title": null, "gilded": 0, "clicked": false, "title": "\"As the painstaking statistical work of...Maddison has shown, India\u2019s share of world income collapsed from 22.6% in the year 1700, almost equal to Europe\u2019s share of 23.3% at that time, to as low as 3.8% in 1952\". How much wealthier were precolonial Indians than Britishers?", "link_flair_richtext": [], "subreddit_name_prefixed": "r/AskHistorians", "hidden": false, "pwls": 6, "link_flair_css_class": null, "downs": 0, "top_awarded_type": null, "parent_whitelist_status": "all_ads", "hide_score": false, "name": "t3_lw76oe", "quarantine": false, "link_flair_text_color": "dark", "upvote_ratio": 0.57, "author_flair_background_color": null, "subreddit_type": "public", "ups": 1, "total_awards_received": 0, "media_embed": {}, "author_flair_template_id": null, "is_original_content": false, "author_fullname": "t2_a937tqxs", "secure_media": null, "is_reddit_media_domain": false, "is_meta": false, "category": null, "secure_media_embed": {}, "link_flair_text": null, "can_mod_post": false, "score": 1, "approved_by": null, "author_premium": false, "thumbnail": "", "edited": false, "author_flair_css_class": null, "author_flair_richtext": [], "gildings": {}, "content_categories": null, "is_self": true, "mod_note": null, "created": 1614734054.0, "link_flair_type": "text", "wls": 6, "removed_by_category": null, "banned_by": null, "author_flair_type": "text", "domain": "self.AskHistorians", "allow_live_comments": false, "selftext_html": "&lt;!-- SC_OFF --&gt;&lt;div class=\"md\"&gt;&lt;p&gt;This was claimed by &lt;a href=\"https://mea.gov.in/Speeches-Statements.htm?dtl/2623/Address+by+Prime+Minister+Dr+Manmohan+Singh+in+acceptance+of+Honorary+Degree+from+Oxford+University\"&gt;Dr Manmohan Singh in 2005 when he received his honorary degree.&lt;/a&gt; &lt;/p&gt;\n\n&lt;p&gt;The full quote which I had to truncate: &lt;/p&gt;\n\n&lt;blockquote&gt;\n&lt;p&gt;There is no doubt that our grievance against the British Empire had a sound basis. As the painstaking statistical work of the Cambridge historian Angus Maddison has shown, India\u2019s share of world income collapsed from 22.6% in the year 1700, almost equal to Europe\u2019s share of 23.3% at that time, to as low as 3.8% in 1952.&lt;/p&gt;\n&lt;/blockquote&gt;\n&lt;/div&gt;&lt;!-- SC_ON --&gt;", "likes": null, "suggested_sort": null, "banned_at_utc": null, "view_count": null, "archived": false, "no_follow": true, "is_crosspostable": false, "pinned": false, "over_18": false, "all_awardings": [], "awarders": [], "media_only": false, "can_gild": false, "spoiler": false, "locked": false, "author_flair_text": null, "treatment_tags": [], "visited": false, "removed_by": null, "num_reports": null, "distinguished": null, "subreddit_id": "t5_2ssp3", "mod_reason_by": null, "removal_reason": null, "link_flair_background_color": "", "id": "lw76oe", "is_robot_indexable": true, "num_duplicates": 1, "report_reasons": null, "author": "Gen_Avitabile", "discussion_type": null, "num_comments": 10, "send_replies": true, "media": null, "contest_mode": false, "author_patreon_flair": false, "author_flair_text_color": null, "permalink": "/r/AskHistorians/comments/lw76oe/as_the_painstaking_statistical_work_ofmaddison/", "whitelist_status": "all_ads", "stickied": false, "url": "https://www.reddit.com/r/AskHistorians/comments/lw76oe/as_the_painstaking_statistical_work_ofmaddison/", "subreddit_subscribers": 1341214, "created_utc": 1614705254.0, "num_crossposts": 0, "mod_reports": [], "is_video": false}}], "after": null, "before": null}}, {"kind": "Listing", "data": {"modhash": "", "dist": null, "children": [{"kind": "t1", "data": {"total_awards_received": 0, "approved_at_utc": null, "comment_type": null, "awarders": [], "mod_reason_by": null, "banned_by": null, "ups": 1, "author_flair_type": "text", "removal_reason": null, "link_id": "t3_lw76oe", "author_flair_template_id": null, "likes": null, "replies": "", "user_reports": [], "saved": false, "id": "gpfn08l", "banned_at_utc": null, "mod_reason_title": null, "gilded": 0, "archived": false, "no_follow": true, "author": "AutoModerator", "can_mod_post": false, "send_replies": false, "parent_id": "t3_lw76oe", "score": 1, "author_fullname": "t2_6l4z3", "report_reasons": null, "approved_by": null, "all_awardings": [], "subreddit_id": "t5_2ssp3", "body": "Welcome to /r/AskHistorians. **Please [Read Our Rules](https://www.reddit.com/r/AskHistorians/wiki/rules) before you comment in this community**. Understand that [rule breaking comments get removed](https://www.reddit.com/r/AskHistorians/comments/h8aefx/rules_roundtable_xviii_removed_curation_and_why/).\n\n#Please consider **[Clicking Here for RemindMeBot](https://www.reddit.com/message/compose/?to=RemindMeBot&amp;subject=Reminder&amp;message=%5Bhttps://www.reddit.com/r/AskHistorians/comments/lw76oe/as_the_painstaking_statistical_work_ofmaddison/%5D%0A%0ARemindMe!%202%20days)** as it takes time for an answer to be written. \n\nWe thank you for your interest in this *question*, and your patience in waiting for an in-depth and comprehensive answer to show up. In addition to RemindMeBot, consider [using our Browser Extension](https://www.reddit.com/r/AskHistorians/comments/d6dzi7/tired_of_clicking_to_find_only_removed_comments/), or getting the [Weekly Roundup](https://www.reddit.com/message/compose?to=subredditsummarybot&amp;subject=askhistorians+weekly&amp;message=x). In the meantime our [Twitter](https://twitter.com/askhistorians), [Facebook](https://www.facebook.com/askhistorians/), and [Sunday Digest](https://www.reddit.com/r/AskHistorians/search?q=title%3A%22Sunday+Digest%22&amp;restrict_sr=on&amp;sort=new&amp;t=all) feature excellent content that has already been written!\n\n\n*I am a bot, and this action was performed automatically. Please [contact the moderators of this subreddit](/message/compose/?to=/r/AskHistorians) if you have any questions or concerns.*", "edited": false, "downs": 0, "author_flair_css_class": null, "is_submitter": false, "collapsed": false, "author_flair_richtext": [], "author_patreon_flair": false, "body_html": "&lt;div class=\"md\"&gt;&lt;p&gt;Welcome to &lt;a href=\"/r/AskHistorians\"&gt;/r/AskHistorians&lt;/a&gt;. &lt;strong&gt;Please &lt;a href=\"https://www.reddit.com/r/AskHistorians/wiki/rules\"&gt;Read Our Rules&lt;/a&gt; before you comment in this community&lt;/strong&gt;. Understand that &lt;a href=\"https://www.reddit.com/r/AskHistorians/comments/h8aefx/rules_roundtable_xviii_removed_curation_and_why/\"&gt;rule breaking comments get removed&lt;/a&gt;.&lt;/p&gt;\n\n&lt;h1&gt;Please consider &lt;strong&gt;&lt;a href=\"https://www.reddit.com/message/compose/?to=RemindMeBot&amp;amp;subject=Reminder&amp;amp;message=%5Bhttps://www.reddit.com/r/AskHistorians/comments/lw76oe/as_the_painstaking_statistical_work_ofmaddison/%5D%0A%0ARemindMe!%202%20days\"&gt;Clicking Here for RemindMeBot&lt;/a&gt;&lt;/strong&gt; as it takes time for an answer to be written.&lt;/h1&gt;\n\n&lt;p&gt;We thank you for your interest in this &lt;em&gt;question&lt;/em&gt;, and your patience in waiting for an in-depth and comprehensive answer to show up. In addition to RemindMeBot, consider &lt;a href=\"https://www.reddit.com/r/AskHistorians/comments/d6dzi7/tired_of_clicking_to_find_only_removed_comments/\"&gt;using our Browser Extension&lt;/a&gt;, or getting the &lt;a href=\"https://www.reddit.com/message/compose?to=subredditsummarybot&amp;amp;subject=askhistorians+weekly&amp;amp;message=x\"&gt;Weekly Roundup&lt;/a&gt;. In the meantime our &lt;a href=\"https://twitter.com/askhistorians\"&gt;Twitter&lt;/a&gt;, &lt;a href=\"https://www.facebook.com/askhistorians/\"&gt;Facebook&lt;/a&gt;, and &lt;a href=\"https://www.reddit.com/r/AskHistorians/search?q=title%3A%22Sunday+Digest%22&amp;amp;restrict_sr=on&amp;amp;sort=new&amp;amp;t=all\"&gt;Sunday Digest&lt;/a&gt; feature excellent content that has already been written!&lt;/p&gt;\n\n&lt;p&gt;&lt;em&gt;I am a bot, and this action was performed automatically. Please &lt;a href=\"/message/compose/?to=/r/AskHistorians\"&gt;contact the moderators of this subreddit&lt;/a&gt; if you have any questions or concerns.&lt;/em&gt;&lt;/p&gt;\n&lt;/div&gt;", "gildings": {}, "collapsed_reason": null, "associated_award": null, "stickied": true, "author_premium": true, "subreddit_type": "public", "can_gild": true, "top_awarded_type": null, "author_flair_text_color": null, "score_hidden": true, "permalink": "/r/AskHistorians/comments/lw76oe/as_the_painstaking_statistical_work_ofmaddison/gpfn08l/", "num_reports": null, "locked": true, "name": "t1_gpfn08l", "created": 1614734054.0, "subreddit": "AskHistorians", "author_flair_text": null, "treatment_tags": [], "created_utc": 1614705254.0, "subreddit_name_prefixed": "r/AskHistorians", "controversiality": 0, "depth": 0, "author_flair_background_color": null, "collapsed_because_crowd_control": null, "mod_reports": [], "mod_note": null, "distinguished": "moderator"}}, {"kind": "t1", "data": {"total_awards_received": 0, "approved_at_utc": null, "comment_type": null, "awarders": [], "mod_reason_by": null, "banned_by": null, "ups": 11, "author_flair_type": "richtext", "removal_reason": null, "link_id": "t3_lw76oe", "author_flair_template_id": "98d8fdba-c626-11e2-bd52-12313b06caaf", "likes": null, "replies": {"kind": "Listing", "data": {"modhash": "", "dist": null, "children": [{"kind": "t1", "data": {"total_awards_received": 0, "approved_at_utc": null, "comment_type": null, "awarders": [], "mod_reason_by": null, "banned_by": null, "ups": 2, "author_flair_type": "richtext", "removal_reason": null, "link_id": "t3_lw76oe", "author_flair_template_id": "7b2f3f40-c626-11e2-9a3e-12313d1841d1", "likes": null, "replies": "", "user_reports": [], "saved": false, "id": "gphsiwb", "banned_at_utc": null, "mod_reason_title": null, "gilded": 0, "archived": false, "no_follow": true, "author": "AlviseFalier", "can_mod_post": false, "send_replies": true, "parent_id": "t1_gphdj6h", "score": 2, "author_fullname": "t2_hn04q", "report_reasons": null, "approved_by": null, "all_awardings": [], "subreddit_id": "t5_2ssp3", "collapsed": false, "body": "Indeed, one of the important things that Maddison's datasets reveals (and that all students of economic history learn very quickly) is that the differences in aggregate material well-being prior to industrialization is almost always positively *marginal*, and that the bulk of economic growth as we measure it today is enormously dependent on industrialization. \n\nMore for the benefit of anyone who wants to look beyond Maddison's (and his heirs') raw dataset, back in my day one of the seminal works on the topic of East-West divergence was P. Parthasarathi's \"*Why Europe grew rich and Asia did not. Global economic divergence, 1600-1850*\" (CUP, 2011) although a quicker read might be the paper by B. Gupta and D. Ma, \u201c*Europe in an Asian mirror: the great divergence*.\u201d", "edited": 1614874171.0, "author_flair_css_class": null, "is_submitter": false, "downs": 0, "author_flair_richtext": [{"e": "text", "t": "Communal Italy"}], "author_patreon_flair": false, "body_html": "&lt;div class=\"md\"&gt;&lt;p&gt;Indeed, one of the important things that Maddison&amp;#39;s datasets reveals (and that all students of economic history learn very quickly) is that the differences in aggregate material well-being prior to industrialization is almost always positively &lt;em&gt;marginal&lt;/em&gt;, and that the bulk of economic growth as we measure it today is enormously dependent on industrialization. &lt;/p&gt;\n\n&lt;p&gt;More for the benefit of anyone who wants to look beyond Maddison&amp;#39;s (and his heirs&amp;#39;) raw dataset, back in my day one of the seminal works on the topic of East-West divergence was P. Parthasarathi&amp;#39;s &amp;quot;&lt;em&gt;Why Europe grew rich and Asia did not. Global economic divergence, 1600-1850&lt;/em&gt;&amp;quot; (CUP, 2011) although a quicker read might be the paper by B. Gupta and D. Ma, \u201c&lt;em&gt;Europe in an Asian mirror: the great divergence&lt;/em&gt;.\u201d&lt;/p&gt;\n&lt;/div&gt;", "gildings": {}, "collapsed_reason": null, "associated_award": null, "stickied": false, "author_premium": true, "subreddit_type": "public", "can_gild": true, "top_awarded_type": null, "author_flair_text_color": "light", "score_hidden": false, "permalink": "/r/AskHistorians/comments/lw76oe/as_the_painstaking_statistical_work_ofmaddison/gphsiwb/", "num_reports": null, "locked": false, "name": "t1_gphsiwb", "created": 1614770118.0, "subreddit": "AskHistorians", "author_flair_text": "Communal Italy", "treatment_tags": [], "created_utc": 1614741318.0, "subreddit_name_prefixed": "r/AskHistorians", "controversiality": 0, "depth": 1, "author_flair_background_color": "#003399", "collapsed_because_crowd_control": null, "mod_reports": [], "mod_note": null, "distinguished": null}}], "after": null, "before": null}}, "user_reports": [], "saved": false, "id": "gphdj6h", "banned_at_utc": null, "mod_reason_title": null, "gilded": 0, "archived": false, "no_follow": true, "author": "wotan_weevil", "can_mod_post": false, "send_replies": true, "parent_id": "t3_lw76oe", "score": 11, "author_fullname": "t2_uu09h", "report_reasons": null, "approved_by": null, "all_awardings": [], "subreddit_id": "t5_2ssp3", "body": "&gt; How much wealthier were precolonial Indians than Britishers?\n\nThey were significantly poorer.\n\nComparing Maddison's data/estimates for UK, Western Europe, all of Europe except Russia, and India for 1700 and 1950, we have:\n\n**1700**\n\nRegion | Population | GDP | GDP per capita\n-|-|-|-\nUK | 9 | 11 | 1250\nW. Europe | 81 | 81 | 993\nEurope | 100 | 92 | 920\nIndia | 165 | 91 | 550\nWorld | 603 | 371 | 615\n\n**1950**\n\nRegion | Population | GDP | GDP per capita\n-|-|-|-\nUK | 50 | 348 | 6939\nW. Europe | 306 | 1396 | 4569\nEurope | 394 | 1581 | 4013\nIndia | 222 | 359 | 619\nWorld | 2528 | 5336 | 2111\n\nwhere populations are in millions, GDPs are in billions of 1990 international $, and GDP per capita is in international $ (data from the Maddison Project, Maddison's original data). The data are estimates only, but are reasonable estimates. Basic subsistence level is a GDP per capita of 400.\n\nIn 1700, India did not have a 1/4 share of the world's economy because Indians were rich, but because India had about 1/4 of the world's population. Most Indians in 1700 were farmers living little above a basic subsistence level (after paying their taxes and/or rent, they would be at close to subsistence level). Britishers of the time were, on average, over twice as wealthy.\n\nAccording to Maddison's estimate of the Indian economy of 1700, Indians were better off at the end of the colonial period, but not by much - most Indians were still farmers living little above a basic subsistence level. India was still predominantly rural at independence, with an urbanisation rate of 17% (and still only 31% in 2011).\n\nWhile it can't be correctly said that British colonial rule made India poorer (because Indians, and India as a whole, became richer under British rule), it is fair to say that the British did not promote industrialisation and economic growth in India anywhere near as much as they could have. If we look at economic growth in uncolonised non-Western countries from 1700 to 1950, the GDP per capita of Iran increased from an estimated 600 to 1720, Turkey from 600 to 1623, Thailand from 570 to 817, Nepal from 400 to 496. Despite colonial rule, Sri Lankan GDP per capita increased from 550 to 1253. Very slow growth in some uncolonised countries (e.g., Thailand and Nepal) shows that lack of promotion of industrialisation and economic growth can happen without colonialism. So it's hard to say exactly how much economic impact British colonial rule had on India. It clearly wasn't positive, but it's impossible to quantify.\n\n\nReferences:\n\nMaddison Project: https://www.rug.nl/ggdc/historicaldevelopment/maddison/releases/maddison-project-database-2020\n\nOriginal Maddison data: http://www.ggdc.net/maddison/oriindex.htm", "edited": false, "downs": 0, "author_flair_css_class": null, "is_submitter": false, "collapsed": false, "author_flair_richtext": [{"e": "text", "t": "Quality Contributor"}], "author_patreon_flair": false, "body_html": "&lt;div class=\"md\"&gt;&lt;blockquote&gt;\n&lt;p&gt;How much wealthier were precolonial Indians than Britishers?&lt;/p&gt;\n&lt;/blockquote&gt;\n\n&lt;p&gt;They were significantly poorer.&lt;/p&gt;\n\n&lt;p&gt;Comparing Maddison&amp;#39;s data/estimates for UK, Western Europe, all of Europe except Russia, and India for 1700 and 1950, we have:&lt;/p&gt;\n\n&lt;p&gt;&lt;strong&gt;1700&lt;/strong&gt;&lt;/p&gt;\n\n&lt;table&gt;&lt;thead&gt;\n&lt;tr&gt;\n&lt;th&gt;Region&lt;/th&gt;\n&lt;th&gt;Population&lt;/th&gt;\n&lt;th&gt;GDP&lt;/th&gt;\n&lt;th&gt;GDP per capita&lt;/th&gt;\n&lt;/tr&gt;\n&lt;/thead&gt;&lt;tbody&gt;\n&lt;tr&gt;\n&lt;td&gt;UK&lt;/td&gt;\n&lt;td&gt;9&lt;/td&gt;\n&lt;td&gt;11&lt;/td&gt;\n&lt;td&gt;1250&lt;/td&gt;\n&lt;/tr&gt;\n&lt;tr&gt;\n&lt;td&gt;W. Europe&lt;/td&gt;\n&lt;td&gt;81&lt;/td&gt;\n&lt;td&gt;81&lt;/td&gt;\n&lt;td&gt;993&lt;/td&gt;\n&lt;/tr&gt;\n&lt;tr&gt;\n&lt;td&gt;Europe&lt;/td&gt;\n&lt;td&gt;100&lt;/td&gt;\n&lt;td&gt;92&lt;/td&gt;\n&lt;td&gt;920&lt;/td&gt;\n&lt;/tr&gt;\n&lt;tr&gt;\n&lt;td&gt;India&lt;/td&gt;\n&lt;td&gt;165&lt;/td&gt;\n&lt;td&gt;91&lt;/td&gt;\n&lt;td&gt;550&lt;/td&gt;\n&lt;/tr&gt;\n&lt;tr&gt;\n&lt;td&gt;World&lt;/td&gt;\n&lt;td&gt;603&lt;/td&gt;\n&lt;td&gt;371&lt;/td&gt;\n&lt;td&gt;615&lt;/td&gt;\n&lt;/tr&gt;\n&lt;/tbody&gt;&lt;/table&gt;\n\n&lt;p&gt;&lt;strong&gt;1950&lt;/strong&gt;&lt;/p&gt;\n\n&lt;table&gt;&lt;thead&gt;\n&lt;tr&gt;\n&lt;th&gt;Region&lt;/th&gt;\n&lt;th&gt;Population&lt;/th&gt;\n&lt;th&gt;GDP&lt;/th&gt;\n&lt;th&gt;GDP per capita&lt;/th&gt;\n&lt;/tr&gt;\n&lt;/thead&gt;&lt;tbody&gt;\n&lt;tr&gt;\n&lt;td&gt;UK&lt;/td&gt;\n&lt;td&gt;50&lt;/td&gt;\n&lt;td&gt;348&lt;/td&gt;\n&lt;td&gt;6939&lt;/td&gt;\n&lt;/tr&gt;\n&lt;tr&gt;\n&lt;td&gt;W. Europe&lt;/td&gt;\n&lt;td&gt;306&lt;/td&gt;\n&lt;td&gt;1396&lt;/td&gt;\n&lt;td&gt;4569&lt;/td&gt;\n&lt;/tr&gt;\n&lt;tr&gt;\n&lt;td&gt;Europe&lt;/td&gt;\n&lt;td&gt;394&lt;/td&gt;\n&lt;td&gt;1581&lt;/td&gt;\n&lt;td&gt;4013&lt;/td&gt;\n&lt;/tr&gt;\n&lt;tr&gt;\n&lt;td&gt;India&lt;/td&gt;\n&lt;td&gt;222&lt;/td&gt;\n&lt;td&gt;359&lt;/td&gt;\n&lt;td&gt;619&lt;/td&gt;\n&lt;/tr&gt;\n&lt;tr&gt;\n&lt;td&gt;World&lt;/td&gt;\n&lt;td&gt;2528&lt;/td&gt;\n&lt;td&gt;5336&lt;/td&gt;\n&lt;td&gt;2111&lt;/td&gt;\n&lt;/tr&gt;\n&lt;/tbody&gt;&lt;/table&gt;\n\n&lt;p&gt;where populations are in millions, GDPs are in billions of 1990 international $, and GDP per capita is in international $ (data from the Maddison Project, Maddison&amp;#39;s original data). The data are estimates only, but are reasonable estimates. Basic subsistence level is a GDP per capita of 400.&lt;/p&gt;\n\n&lt;p&gt;In 1700, India did not have a 1/4 share of the world&amp;#39;s economy because Indians were rich, but because India had about 1/4 of the world&amp;#39;s population. Most Indians in 1700 were farmers living little above a basic subsistence level (after paying their taxes and/or rent, they would be at close to subsistence level). Britishers of the time were, on average, over twice as wealthy.&lt;/p&gt;\n\n&lt;p&gt;According to Maddison&amp;#39;s estimate of the Indian economy of 1700, Indians were better off at the end of the colonial period, but not by much - most Indians were still farmers living little above a basic subsistence level. India was still predominantly rural at independence, with an urbanisation rate of 17% (and still only 31% in 2011).&lt;/p&gt;\n\n&lt;p&gt;While it can&amp;#39;t be correctly said that British colonial rule made India poorer (because Indians, and India as a whole, became richer under British rule), it is fair to say that the British did not promote industrialisation and economic growth in India anywhere near as much as they could have. If we look at economic growth in uncolonised non-Western countries from 1700 to 1950, the GDP per capita of Iran increased from an estimated 600 to 1720, Turkey from 600 to 1623, Thailand from 570 to 817, Nepal from 400 to 496. Despite colonial rule, Sri Lankan GDP per capita increased from 550 to 1253. Very slow growth in some uncolonised countries (e.g., Thailand and Nepal) shows that lack of promotion of industrialisation and economic growth can happen without colonialism. So it&amp;#39;s hard to say exactly how much economic impact British colonial rule had on India. It clearly wasn&amp;#39;t positive, but it&amp;#39;s impossible to quantify.&lt;/p&gt;\n\n&lt;p&gt;References:&lt;/p&gt;\n\n&lt;p&gt;Maddison Project: &lt;a href=\"https://www.rug.nl/ggdc/historicaldevelopment/maddison/releases/maddison-project-database-2020\"&gt;https://www.rug.nl/ggdc/historicaldevelopment/maddison/releases/maddison-project-database-2020&lt;/a&gt;&lt;/p&gt;\n\n&lt;p&gt;Original Maddison data: &lt;a href=\"http://www.ggdc.net/maddison/oriindex.htm\"&gt;http://www.ggdc.net/maddison/oriindex.htm&lt;/a&gt;&lt;/p&gt;\n&lt;/div&gt;", "gildings": {}, "collapsed_reason": null, "associated_award": null, "stickied": false, "author_premium": false, "subreddit_type": "public", "can_gild": true, "top_awarded_type": null, "author_flair_text_color": "light", "score_hidden": false, "permalink": "/r/AskHistorians/comments/lw76oe/as_the_painstaking_statistical_work_ofmaddison/gphdj6h/", "num_reports": null, "locked": false, "name": "t1_gphdj6h", "created": 1614762449.0, "subreddit": "AskHistorians", "author_flair_text": "Quality Contributor", "treatment_tags": [], "created_utc": 1614733649.0, "subreddit_name_prefixed": "r/AskHistorians", "controversiality": 0, "depth": 0, "author_flair_background_color": "#b87317", "collapsed_because_crowd_control": null, "mod_reports": [], "mod_note": null, "distinguished": null}}, {"kind": "t1", "data": {"total_awards_received": 0, "approved_at_utc": null, "comment_type": null, "awarders": [], "mod_reason_by": null, "banned_by": null, "ups": 2, "author_flair_type": "text", "removal_reason": null, "link_id": "t3_lw76oe", "author_flair_template_id": null, "likes": null, "replies": "", "user_reports": [], "saved": false, "id": "gpfpq7p", "banned_at_utc": null, "mod_reason_title": null, "gilded": 0, "archived": false, "no_follow": true, "author": "MimicSquid", "can_mod_post": false, "send_replies": true, "parent_id": "t3_lw76oe", "score": 2, "author_fullname": "t2_6ppdq", "report_reasons": null, "approved_by": null, "all_awardings": [], "subreddit_id": "t5_2ssp3", "body": "While you're waiting for a more recent answer, here's [this one](https://www.reddit.com/r/AskHistorians/comments/2c4jr1/how_could_be_indias_gdp_growth_adjusted_to/) from six years ago that clears up some misconceptions regarding that statistic.", "edited": false, "downs": 0, "author_flair_css_class": null, "is_submitter": false, "collapsed": false, "author_flair_richtext": [], "author_patreon_flair": false, "body_html": "&lt;div class=\"md\"&gt;&lt;p&gt;While you&amp;#39;re waiting for a more recent answer, here&amp;#39;s &lt;a href=\"https://www.reddit.com/r/AskHistorians/comments/2c4jr1/how_could_be_indias_gdp_growth_adjusted_to/\"&gt;this one&lt;/a&gt; from six years ago that clears up some misconceptions regarding that statistic.&lt;/p&gt;\n&lt;/div&gt;", "gildings": {}, "collapsed_reason": null, "associated_award": null, "stickied": false, "author_premium": false, "subreddit_type": "public", "can_gild": true, "top_awarded_type": null, "author_flair_text_color": null, "score_hidden": false, "permalink": "/r/AskHistorians/comments/lw76oe/as_the_painstaking_statistical_work_ofmaddison/gpfpq7p/", "num_reports": null, "locked": false, "name": "t1_gpfpq7p", "created": 1614735240.0, "subreddit": "AskHistorians", "author_flair_text": null, "treatment_tags": [], "created_utc": 1614706440.0, "subreddit_name_prefixed": "r/AskHistorians", "controversiality": 0, "depth": 0, "author_flair_background_color": null, "collapsed_because_crowd_control": null, "mod_reports": [], "mod_note": null, "distinguished": null}}, {"kind": "t1", "data": {"total_awards_received": 0, "approved_at_utc": null, "comment_type": null, "awarders": [], "mod_reason_by": null, "banned_by": null, "ups": 2, "author_flair_type": "text", "removal_reason": null, "link_id": "t3_lw76oe", "author_flair_template_id": null, "likes": null, "replies": {"kind": "Listing", "data": {"modhash": "", "dist": null, "children": [{"kind": "t1", "data": {"total_awards_received": 0, "approved_at_utc": null, "comment_type": null, "awarders": [], "mod_reason_by": null, "banned_by": null, "ups": 7, "author_flair_type": "richtext", "removal_reason": null, "link_id": "t3_lw76oe", "author_flair_template_id": "bfcbf574-11fa-11e8-81ea-0e52c5633eb6", "likes": null, "replies": {"kind": "Listing", "data": {"modhash": "", "dist": null, "children": [{"kind": "t1", "data": {"total_awards_received": 0, "approved_at_utc": null, "comment_type": null, "awarders": [], "mod_reason_by": null, "banned_by": null, "ups": 1, "author_flair_type": "text", "removal_reason": null, "link_id": "t3_lw76oe", "author_flair_template_id": null, "likes": null, "replies": {"kind": "Listing", "data": {"modhash": "", "dist": null, "children": [{"kind": "t1", "data": {"total_awards_received": 0, "approved_at_utc": null, "comment_type": null, "awarders": [], "mod_reason_by": null, "banned_by": null, "ups": 6, "author_flair_type": "richtext", "removal_reason": null, "link_id": "t3_lw76oe", "author_flair_template_id": "bfcbf574-11fa-11e8-81ea-0e52c5633eb6", "likes": null, "replies": {"kind": "Listing", "data": {"modhash": "", "dist": null, "children": [{"kind": "t1", "data": {"total_awards_received": 0, "approved_at_utc": null, "comment_type": null, "awarders": [], "mod_reason_by": null, "banned_by": null, "ups": 1, "author_flair_type": "text", "removal_reason": null, "link_id": "t3_lw76oe", "author_flair_template_id": null, "likes": null, "replies": {"kind": "Listing", "data": {"modhash": "", "dist": null, "children": [{"kind": "t1", "data": {"total_awards_received": 0, "approved_at_utc": null, "comment_type": null, "awarders": [], "mod_reason_by": null, "banned_by": null, "ups": 3, "author_flair_type": "richtext", "removal_reason": null, "link_id": "t3_lw76oe", "author_flair_template_id": "bfcbf574-11fa-11e8-81ea-0e52c5633eb6", "likes": null, "replies": "", "user_reports": [], "saved": false, "id": "gqb9ydl", "banned_at_utc": null, "mod_reason_title": null, "gilded": 0, "archived": false, "no_follow": true, "author": "IconicJester", "can_mod_post": false, "created_utc": 1615284614.0, "send_replies": true, "parent_id": "t1_gqapn24", "score": 3, "author_fullname": "t2_sbmnt", "report_reasons": null, "approved_by": null, "all_awardings": [], "subreddit_id": "t5_2ssp3", "body": "The Gini coefficient is a poor measure of inequality for societies close to subsistence, as I explain [here](https://www.reddit.com/r/AskHistorians/comments/js074d/ive_heard_countless_times_that_the_modern_world/gbxz1aq?utm_source=share&amp;utm_medium=web2x&amp;context=3), based on Lindert, Williamson and Milanovic.\n\nWe do not have good, well-founded quantitative estimates of inequality for pre-Colonial India. (Osamu Saito tried to make the comparison with Tokugawa Japan, and ended up just using Maddison's \"guesstimates,\" literally referred to as such.) But most evidence suggests high rates of taxation and low wages. As a rule of thumb, agricultural states that invest in monumental architecture are probably pretty unequal places.", "edited": false, "author_flair_css_class": null, "is_submitter": false, "downs": 0, "author_flair_richtext": [{"e": "text", "t": "Economic History"}], "author_patreon_flair": false, "body_html": "&lt;div class=\"md\"&gt;&lt;p&gt;The Gini coefficient is a poor measure of inequality for societies close to subsistence, as I explain &lt;a href=\"https://www.reddit.com/r/AskHistorians/comments/js074d/ive_heard_countless_times_that_the_modern_world/gbxz1aq?utm_source=share&amp;amp;utm_medium=web2x&amp;amp;context=3\"&gt;here&lt;/a&gt;, based on Lindert, Williamson and Milanovic.&lt;/p&gt;\n\n&lt;p&gt;We do not have good, well-founded quantitative estimates of inequality for pre-Colonial India. (Osamu Saito tried to make the comparison with Tokugawa Japan, and ended up just using Maddison&amp;#39;s &amp;quot;guesstimates,&amp;quot; literally referred to as such.) But most evidence suggests high rates of taxation and low wages. As a rule of thumb, agricultural states that invest in monumental architecture are probably pretty unequal places.&lt;/p&gt;\n&lt;/div&gt;", "gildings": {}, "collapsed_reason": null, "associated_award": null, "stickied": false, "author_premium": false, "subreddit_type": "public", "can_gild": true, "top_awarded_type": null, "author_flair_text_color": "dark", "score_hidden": false, "permalink": "/r/AskHistorians/comments/lw76oe/as_the_painstaking_statistical_work_ofmaddison/gqb9ydl/", "num_reports": null, "locked": false, "name": "t1_gqb9ydl", "created": 1615313414.0, "subreddit": "AskHistorians", "author_flair_text": "Economic History", "treatment_tags": [], "collapsed": false, "subreddit_name_prefixed": "r/AskHistorians", "controversiality": 0, "depth": 5, "author_flair_background_color": "#f5f5f5", "collapsed_because_crowd_control": null, "mod_reports": [], "mod_note": null, "distinguished": null}}], "after": null, "before": null}}, "user_reports": [], "saved": false, "id": "gqapn24", "banned_at_utc": null, "mod_reason_title": null, "gilded": 0, "archived": false, "no_follow": true, "author": "Hemlockdoe", "can_mod_post": false, "send_replies": true, "parent_id": "t1_gplzz33", "score": 1, "author_fullname": "t2_4w0m2oxc", "report_reasons": null, "approved_by": null, "all_awardings": [], "subreddit_id": "t5_2ssp3", "collapsed": false, "body": "So, you are saying pre-colonial India had very high Gini coefficient ? Because as a native, we have historians who keep saying that look how rich the Mughals, Nizams and later princely States were and that somehow meant everybody was richer than rest of the world.", "edited": false, "author_flair_css_class": null, "is_submitter": false, "downs": 0, "author_flair_richtext": [], "author_patreon_flair": false, "body_html": "&lt;div class=\"md\"&gt;&lt;p&gt;So, you are saying pre-colonial India had very high Gini coefficient ? Because as a native, we have historians who keep saying that look how rich the Mughals, Nizams and later princely States were and that somehow meant everybody was richer than rest of the world.&lt;/p&gt;\n&lt;/div&gt;", "gildings": {}, "collapsed_reason": null, "associated_award": null, "stickied": false, "author_premium": false, "subreddit_type": "public", "can_gild": true, "top_awarded_type": null, "author_flair_text_color": null, "score_hidden": false, "permalink": "/r/AskHistorians/comments/lw76oe/as_the_painstaking_statistical_work_ofmaddison/gqapn24/", "num_reports": null, "locked": false, "name": "t1_gqapn24", "created": 1615295427.0, "subreddit": "AskHistorians", "author_flair_text": null, "treatment_tags": [], "created_utc": 1615266627.0, "subreddit_name_prefixed": "r/AskHistorians", "controversiality": 0, "depth": 4, "author_flair_background_color": null, "collapsed_because_crowd_control": null, "mod_reports": [], "mod_note": null, "distinguished": null}}], "after": null, "before": null}}, "user_reports": [], "saved": false, "id": "gplzz33", "banned_at_utc": null, "mod_reason_title": null, "gilded": 0, "archived": false, "no_follow": true, "author": "IconicJester", "can_mod_post": false, "send_replies": true, "parent_id": "t1_gplvs4g", "score": 6, "author_fullname": "t2_sbmnt", "report_reasons": null, "approved_by": null, "all_awardings": [], "subreddit_id": "t5_2ssp3", "body": "To be clear, Maddison wasn't exactly *wrong.* India was indeed quite poor, he just did not have much solid basis for providing a quantity, and did it anyway. It's just amusing that the Maddison dataset was described with such reverence when the underlying data was so flimsy. The latest versions of the Maddison database, populated with better data from Broadberry and Gupta, rather than guesstimates, would not change the overall picture of India's sharply declining share of world GDP.\n\nThe real, important error is reasoning from share of world GDP to relative wealth of British and Indian people, which is just a basic, obvious fallacy. The average Indian person is not wealthier because their are many people in India, and the average Belgian is not poorer because there are not so many people in Belgium - this is just elementary reasoning.\n\nIt becomes an even larger error if somehow one imagines the world to have a fixed amount of wealth, and therefore that India was once a very wealthy place per person because it once represented a large share of the world economy. This version manages to ignore *both* that India is very populous, *and* that the whole world was very poor in 1700, but not in 1952 after two centuries of industrialisation.\n\nThe case for colonialism being the reason for India's poverty can be debated both ways. I think the case that British colonialism slowed Indian growth is stronger than the case that it was the reason for rapid British growth. But truly nailing down the question would involve specifying a counterfactual of what would have happened absent British colonialism, and this is a practical impossibility. \n\nWhat is clear, though, is that one can't just reason from the share of global GDP, and end there, as though this self-evidently solved the question. But it sounds impressive, it conveys a strong political message, and it's not *technically* wrong, and so it gets repeated. That it leads people to erroneously conclude that Indian people were richer than British people is obvious from the number of times this question gets asked on this subreddit! (Whether this is part of the appeal of the statistic is a question of how cynical one wants to be, I suppose.)\n\nDr. Singh does also suggest that India was the poorest country in the world at the end of colonial rule. This at least somewhere close to true, and much less misleading. Anyone suggesting that the British left colonial India a much richer place per person than when they arrived is wrong. But there were a lot of missing countries in older versions of the dataset, and more recent versions include many countries substantially poorer than India, especially in Africa - Mozambique has less than half the GDP/cap of India in 1952. Even some of India's near neighbours were poorer, including Burma/Myanmar (which hardly exonerates the British) and Cambodia (which at least would implicate the French as no better.)", "edited": 1614826677.0, "downs": 0, "author_flair_css_class": null, "is_submitter": false, "collapsed": false, "author_flair_richtext": [{"e": "text", "t": "Economic History"}], "author_patreon_flair": false, "body_html": "&lt;div class=\"md\"&gt;&lt;p&gt;To be clear, Maddison wasn&amp;#39;t exactly &lt;em&gt;wrong.&lt;/em&gt; India was indeed quite poor, he just did not have much solid basis for providing a quantity, and did it anyway. It&amp;#39;s just amusing that the Maddison dataset was described with such reverence when the underlying data was so flimsy. The latest versions of the Maddison database, populated with better data from Broadberry and Gupta, rather than guesstimates, would not change the overall picture of India&amp;#39;s sharply declining share of world GDP.&lt;/p&gt;\n\n&lt;p&gt;The real, important error is reasoning from share of world GDP to relative wealth of British and Indian people, which is just a basic, obvious fallacy. The average Indian person is not wealthier because their are many people in India, and the average Belgian is not poorer because there are not so many people in Belgium - this is just elementary reasoning.&lt;/p&gt;\n\n&lt;p&gt;It becomes an even larger error if somehow one imagines the world to have a fixed amount of wealth, and therefore that India was once a very wealthy place per person because it once represented a large share of the world economy. This version manages to ignore &lt;em&gt;both&lt;/em&gt; that India is very populous, &lt;em&gt;and&lt;/em&gt; that the whole world was very poor in 1700, but not in 1952 after two centuries of industrialisation.&lt;/p&gt;\n\n&lt;p&gt;The case for colonialism being the reason for India&amp;#39;s poverty can be debated both ways. I think the case that British colonialism slowed Indian growth is stronger than the case that it was the reason for rapid British growth. But truly nailing down the question would involve specifying a counterfactual of what would have happened absent British colonialism, and this is a practical impossibility. &lt;/p&gt;\n\n&lt;p&gt;What is clear, though, is that one can&amp;#39;t just reason from the share of global GDP, and end there, as though this self-evidently solved the question. But it sounds impressive, it conveys a strong political message, and it&amp;#39;s not &lt;em&gt;technically&lt;/em&gt; wrong, and so it gets repeated. That it leads people to erroneously conclude that Indian people were richer than British people is obvious from the number of times this question gets asked on this subreddit! (Whether this is part of the appeal of the statistic is a question of how cynical one wants to be, I suppose.)&lt;/p&gt;\n\n&lt;p&gt;Dr. Singh does also suggest that India was the poorest country in the world at the end of colonial rule. This at least somewhere close to true, and much less misleading. Anyone suggesting that the British left colonial India a much richer place per person than when they arrived is wrong. But there were a lot of missing countries in older versions of the dataset, and more recent versions include many countries substantially poorer than India, especially in Africa - Mozambique has less than half the GDP/cap of India in 1952. Even some of India&amp;#39;s near neighbours were poorer, including Burma/Myanmar (which hardly exonerates the British) and Cambodia (which at least would implicate the French as no better.)&lt;/p&gt;\n&lt;/div&gt;", "gildings": {}, "collapsed_reason": null, "associated_award": null, "stickied": false, "author_premium": false, "subreddit_type": "public", "can_gild": true, "top_awarded_type": null, "author_flair_text_color": "dark", "score_hidden": false, "permalink": "/r/AskHistorians/comments/lw76oe/as_the_painstaking_statistical_work_ofmaddison/gplzz33/", "num_reports": null, "locked": false, "name": "t1_gplzz33", "created": 1614855146.0, "subreddit": "AskHistorians", "author_flair_text": "Economic History", "treatment_tags": [], "created_utc": 1614826346.0, "subreddit_name_prefixed": "r/AskHistorians", "controversiality": 0, "depth": 3, "author_flair_background_color": "#f5f5f5", "collapsed_because_crowd_control": null, "mod_reports": [], "mod_note": null, "distinguished": null}}], "after": null, "before": null}}, "user_reports": [], "saved": false, "id": "gplvs4g", "banned_at_utc": null, "mod_reason_title": null, "gilded": 0, "archived": false, "no_follow": true, "author": "Gen_Avitabile", "can_mod_post": false, "created_utc": 1614824288.0, "send_replies": true, "parent_id": "t1_gpgspi9", "score": 1, "author_fullname": "t2_a937tqxs", "report_reasons": null, "approved_by": null, "all_awardings": [], "subreddit_id": "t5_2ssp3", "body": "Wow! Thanks alot for this. \n\nIs there any work that looks at the (mis)use of Maddison's work by nationalists specifically Indian nationalists? \n\nIt seems that his work is distorted by all levels of society here especially by politicians like Dr Manmohan Singh and Mr Shahsi Tharoor who has written a very popular book called *Era of Darkness*.", "edited": false, "author_flair_css_class": null, "is_submitter": true, "downs": 0, "author_flair_richtext": [], "author_patreon_flair": false, "body_html": "&lt;div class=\"md\"&gt;&lt;p&gt;Wow! Thanks alot for this. &lt;/p&gt;\n\n&lt;p&gt;Is there any work that looks at the (mis)use of Maddison&amp;#39;s work by nationalists specifically Indian nationalists? &lt;/p&gt;\n\n&lt;p&gt;It seems that his work is distorted by all levels of society here especially by politicians like Dr Manmohan Singh and Mr Shahsi Tharoor who has written a very popular book called &lt;em&gt;Era of Darkness&lt;/em&gt;.&lt;/p&gt;\n&lt;/div&gt;", "gildings": {}, "collapsed_reason": null, "associated_award": null, "stickied": false, "author_premium": false, "subreddit_type": "public", "can_gild": true, "top_awarded_type": null, "author_flair_text_color": null, "score_hidden": false, "permalink": "/r/AskHistorians/comments/lw76oe/as_the_painstaking_statistical_work_ofmaddison/gplvs4g/", "num_reports": null, "locked": false, "name": "t1_gplvs4g", "created": 1614853088.0, "subreddit": "AskHistorians", "author_flair_text": null, "treatment_tags": [], "collapsed": false, "subreddit_name_prefixed": "r/AskHistorians", "controversiality": 0, "depth": 2, "author_flair_background_color": null, "collapsed_because_crowd_control": null, "mod_reports": [], "mod_note": null, "distinguished": null}}], "after": null, "before": null}}, "user_reports": [], "saved": false, "id": "gpgspi9", "banned_at_utc": null, "mod_reason_title": null, "gilded": 0, "archived": false, "no_follow": false, "author": "IconicJester", "can_mod_post": false, "send_replies": true, "parent_id": "t1_gpfw6hq", "score": 7, "author_fullname": "t2_sbmnt", "report_reasons": null, "approved_by": null, "all_awardings": [], "subreddit_id": "t5_2ssp3", "collapsed": false, "body": "To add a little detail, amusing for this quote in particular: The Maddison database circa 2005 had little more than a wild guess for Indian GDP/capita in 1700. So, the \"pains\" he \"took\" to come up with this \"painstaking\" statistic were to figure \"hey, since India was pretty poor back then, GDP/capita should be sorta somewhere around 550, that's a nice round number.\" He was, charitably, making an educated guess based on his inferences about levels and trends.\n\nWhile Angus Maddison had actually done some substantial earlier work on India, the state of our pre-modern income reconstructions for developing countries was extraordinarily poor. More recent estimates are actual attempts at GDP reconstruction, and while they too are far from ideal, at least they're based on real evidence, and not just Maddison's guess.", "edited": false, "author_flair_css_class": null, "is_submitter": false, "downs": 0, "author_flair_richtext": [{"e": "text", "t": "Economic History"}], "author_patreon_flair": false, "body_html": "&lt;div class=\"md\"&gt;&lt;p&gt;To add a little detail, amusing for this quote in particular: The Maddison database circa 2005 had little more than a wild guess for Indian GDP/capita in 1700. So, the &amp;quot;pains&amp;quot; he &amp;quot;took&amp;quot; to come up with this &amp;quot;painstaking&amp;quot; statistic were to figure &amp;quot;hey, since India was pretty poor back then, GDP/capita should be sorta somewhere around 550, that&amp;#39;s a nice round number.&amp;quot; He was, charitably, making an educated guess based on his inferences about levels and trends.&lt;/p&gt;\n\n&lt;p&gt;While Angus Maddison had actually done some substantial earlier work on India, the state of our pre-modern income reconstructions for developing countries was extraordinarily poor. More recent estimates are actual attempts at GDP reconstruction, and while they too are far from ideal, at least they&amp;#39;re based on real evidence, and not just Maddison&amp;#39;s guess.&lt;/p&gt;\n&lt;/div&gt;", "gildings": {}, "collapsed_reason": null, "associated_award": null, "stickied": false, "author_premium": false, "subreddit_type": "public", "can_gild": true, "top_awarded_type": null, "author_flair_text_color": "dark", "score_hidden": false, "permalink": "/r/AskHistorians/comments/lw76oe/as_the_painstaking_statistical_work_ofmaddison/gpgspi9/", "num_reports": null, "locked": false, "name": "t1_gpgspi9", "created": 1614752015.0, "subreddit": "AskHistorians", "author_flair_text": "Economic History", "treatment_tags": [], "created_utc": 1614723215.0, "subreddit_name_prefixed": "r/AskHistorians", "controversiality": 0, "depth": 1, "author_flair_background_color": "#f5f5f5", "collapsed_because_crowd_control": null, "mod_reports": [], "mod_note": null, "distinguished": null}}], "after": null, "before": null}}, "user_reports": [], "saved": false, "id": "gpfw6hq", "banned_at_utc": null, "mod_reason_title": null, "gilded": 0, "archived": false, "no_follow": true, "author": "ouat_throw", "can_mod_post": false, "send_replies": true, "parent_id": "t3_lw76oe", "score": 2, "author_fullname": "t2_irhd7", "report_reasons": null, "approved_by": null, "all_awardings": [], "subreddit_id": "t5_2ssp3", "body": "A similar question was answered by /u/IconicJester.\n\nhttps://www.reddit.com/r/AskHistorians/comments/ksc5ac/shashi_tharoor_states_at_the_beginning_of_the/", "edited": false, "downs": 0, "author_flair_css_class": null, "is_submitter": false, "collapsed": false, "author_flair_richtext": [], "author_patreon_flair": false, "body_html": "&lt;div class=\"md\"&gt;&lt;p&gt;A similar question was answered by &lt;a href=\"/u/IconicJester\"&gt;/u/IconicJester&lt;/a&gt;.&lt;/p&gt;\n\n&lt;p&gt;&lt;a href=\"https://www.reddit.com/r/AskHistorians/comments/ksc5ac/shashi_tharoor_states_at_the_beginning_of_the/\"&gt;https://www.reddit.com/r/AskHistorians/comments/ksc5ac/shashi_tharoor_states_at_the_beginning_of_the/&lt;/a&gt;&lt;/p&gt;\n&lt;/div&gt;", "gildings": {}, "collapsed_reason": null, "associated_award": null, "stickied": false, "author_premium": false, "subreddit_type": "public", "can_gild": true, "top_awarded_type": null, "author_flair_text_color": null, "score_hidden": false, "permalink": "/r/AskHistorians/comments/lw76oe/as_the_painstaking_statistical_work_ofmaddison/gpfw6hq/", "num_reports": null, "locked": false, "name": "t1_gpfw6hq", "created": 1614738046.0, "subreddit": "AskHistorians", "author_flair_text": null, "treatment_tags": [], "created_utc": 1614709246.0, "subreddit_name_prefixed": "r/AskHistorians", "controversiality": 0, "depth": 0, "author_flair_background_color": null, "collapsed_because_crowd_control": null, "mod_reports": [], "mod_note": null, "distinguished": null}}], "after": null, "before": null}}]