[{"kind": "Listing", "data": {"modhash": null, "dist": 1, "children": [{"kind": "t3", "data": {"author_flair_background_color": null, "approved_at_utc": 1614724505, "subreddit": "AskHistorians", "selftext": "I recently re-watched the 2000 film Gladiator, and was reading up on how much of it was historically accurate.  One thing that caught my eye in the Wikipedia article was that an early version of the script had gladiators running product endorsement ads.  It claims that while this would have been historically accurate, it was removed from the film due to an expectation that audiences would not accept product placements as being historically accurate.  Trying to follow the links did not turn up any primary or secondary sources.\n\nSo, did this really happen?  If so, what were the ads like, and how were they presented to the audience?  How much would such ads or endorsements cost relative to, say, a day's worth of food?   Which industries relied on advertising? Any other info about how the roman advertising industry worked would also be appreciated.", "user_reports": [], "saved": false, "mod_reason_title": null, "gilded": 0, "clicked": false, "title": "Were there really advertisements and product endorsements by gladiators in the Roman colosseum?", "link_flair_richtext": [], "subreddit_name_prefixed": "r/AskHistorians", "hidden": false, "pwls": 6, "link_flair_css_class": null, "downs": 0, "top_awarded_type": null, "parent_whitelist_status": "all_ads", "hide_score": false, "name": "t3_lwecg4", "quarantine": false, "link_flair_text_color": "dark", "upvote_ratio": 0.79, "ignore_reports": false, "subreddit_type": "public", "ups": 10, "total_awards_received": 0, "media_embed": {}, "author_flair_template_id": null, "is_original_content": false, "author_fullname": "t2_jm4we", "secure_media": null, "is_reddit_media_domain": false, "is_meta": false, "category": null, "secure_media_embed": {}, "link_flair_text": null, "can_mod_post": true, "score": 10, "approved_by": "SarahAGilbert", "author_premium": false, "thumbnail": "", "edited": false, "author_flair_css_class": null, "previous_visits": [1619168239.0], "author_flair_richtext": [], "gildings": {}, "content_categories": null, "is_self": true, "mod_note": null, "created": 1614753037.0, "link_flair_type": "text", "wls": 6, "removed_by_category": null, "banned_by": null, "author_flair_type": "text", "domain": "self.AskHistorians", "allow_live_comments": false, "selftext_html": "&lt;!-- SC_OFF --&gt;&lt;div class=\"md\"&gt;&lt;p&gt;I recently re-watched the 2000 film Gladiator, and was reading up on how much of it was historically accurate.  One thing that caught my eye in the Wikipedia article was that an early version of the script had gladiators running product endorsement ads.  It claims that while this would have been historically accurate, it was removed from the film due to an expectation that audiences would not accept product placements as being historically accurate.  Trying to follow the links did not turn up any primary or secondary sources.&lt;/p&gt;\n\n&lt;p&gt;So, did this really happen?  If so, what were the ads like, and how were they presented to the audience?  How much would such ads or endorsements cost relative to, say, a day&amp;#39;s worth of food?   Which industries relied on advertising? Any other info about how the roman advertising industry worked would also be appreciated.&lt;/p&gt;\n&lt;/div&gt;&lt;!-- SC_ON --&gt;", "likes": null, "suggested_sort": null, "banned_at_utc": null, "view_count": null, "archived": false, "no_follow": false, "spam": false, "is_crosspostable": true, "pinned": false, "over_18": false, "all_awardings": [], "awarders": [], "media_only": false, "can_gild": true, "removed": false, "spoiler": false, "locked": false, "author_flair_text": null, "treatment_tags": [], "visited": false, "removed_by": null, "num_reports": 0, "distinguished": null, "subreddit_id": "t5_2ssp3", "mod_reason_by": null, "removal_reason": null, "link_flair_background_color": "", "id": "lwecg4", "is_robot_indexable": true, "num_duplicates": 1, "report_reasons": [], "author": "medley_of_minds", "discussion_type": null, "num_comments": 3, "send_replies": true, "media": null, "contest_mode": false, "author_patreon_flair": false, "approved": true, "author_flair_text_color": null, "permalink": "/r/AskHistorians/comments/lwecg4/were_there_really_advertisements_and_product/", "whitelist_status": "all_ads", "stickied": false, "url": "https://www.reddit.com/r/AskHistorians/comments/lwecg4/were_there_really_advertisements_and_product/", "subreddit_subscribers": 1341780, "created_utc": 1614724237.0, "num_crossposts": 0, "mod_reports": [], "is_video": false}}], "after": null, "before": null}}, {"kind": "Listing", "data": {"modhash": null, "dist": null, "children": [{"kind": "t1", "data": {"total_awards_received": 0, "approved_at_utc": null, "comment_type": null, "awarders": [], "mod_reason_by": null, "banned_by": null, "ups": 1, "author_flair_type": "text", "removal_reason": null, "link_id": "t3_lwecg4", "author_flair_template_id": null, "likes": null, "replies": "", "user_reports": [], "saved": false, "id": "gpguv9o", "banned_at_utc": null, "mod_reason_title": null, "gilded": 0, "archived": false, "removed": false, "no_follow": true, "author": "AutoModerator", "can_mod_post": true, "send_replies": false, "parent_id": "t3_lwecg4", "score": 1, "author_fullname": "t2_6l4z3", "report_reasons": [], "approved_by": null, "all_awardings": [], "subreddit_id": "t5_2ssp3", "ignore_reports": false, "body": "Welcome to /r/AskHistorians. **Please [Read Our Rules](https://www.reddit.com/r/AskHistorians/wiki/rules) before you comment in this community**. Understand that [rule breaking comments get removed](https://www.reddit.com/r/AskHistorians/comments/h8aefx/rules_roundtable_xviii_removed_curation_and_why/).\n\n#Please consider **[Clicking Here for RemindMeBot](https://www.reddit.com/message/compose/?to=RemindMeBot&amp;subject=Reminder&amp;message=%5Bhttps://www.reddit.com/r/AskHistorians/comments/lwecg4/were_there_really_advertisements_and_product/%5D%0A%0ARemindMe!%202%20days)** as it takes time for an answer to be written. \n\nWe thank you for your interest in this *question*, and your patience in waiting for an in-depth and comprehensive answer to show up. In addition to RemindMeBot, consider [using our Browser Extension](https://www.reddit.com/r/AskHistorians/comments/d6dzi7/tired_of_clicking_to_find_only_removed_comments/), or getting the [Weekly Roundup](https://www.reddit.com/message/compose?to=subredditsummarybot&amp;subject=askhistorians+weekly&amp;message=x). In the meantime our [Twitter](https://twitter.com/askhistorians), [Facebook](https://www.facebook.com/askhistorians/), and [Sunday Digest](https://www.reddit.com/r/AskHistorians/search?q=title%3A%22Sunday+Digest%22&amp;restrict_sr=on&amp;sort=new&amp;t=all) feature excellent content that has already been written!\n\n\n*I am a bot, and this action was performed automatically. Please [contact the moderators of this subreddit](/message/compose/?to=/r/AskHistorians) if you have any questions or concerns.*", "edited": false, "downs": 0, "author_flair_css_class": null, "is_submitter": false, "collapsed": false, "author_flair_richtext": [], "author_patreon_flair": false, "body_html": "&lt;div class=\"md\"&gt;&lt;p&gt;Welcome to &lt;a href=\"/r/AskHistorians\"&gt;/r/AskHistorians&lt;/a&gt;. &lt;strong&gt;Please &lt;a href=\"https://www.reddit.com/r/AskHistorians/wiki/rules\"&gt;Read Our Rules&lt;/a&gt; before you comment in this community&lt;/strong&gt;. Understand that &lt;a href=\"https://www.reddit.com/r/AskHistorians/comments/h8aefx/rules_roundtable_xviii_removed_curation_and_why/\"&gt;rule breaking comments get removed&lt;/a&gt;.&lt;/p&gt;\n\n&lt;h1&gt;Please consider &lt;strong&gt;&lt;a href=\"https://www.reddit.com/message/compose/?to=RemindMeBot&amp;amp;subject=Reminder&amp;amp;message=%5Bhttps://www.reddit.com/r/AskHistorians/comments/lwecg4/were_there_really_advertisements_and_product/%5D%0A%0ARemindMe!%202%20days\"&gt;Clicking Here for RemindMeBot&lt;/a&gt;&lt;/strong&gt; as it takes time for an answer to be written.&lt;/h1&gt;\n\n&lt;p&gt;We thank you for your interest in this &lt;em&gt;question&lt;/em&gt;, and your patience in waiting for an in-depth and comprehensive answer to show up. In addition to RemindMeBot, consider &lt;a href=\"https://www.reddit.com/r/AskHistorians/comments/d6dzi7/tired_of_clicking_to_find_only_removed_comments/\"&gt;using our Browser Extension&lt;/a&gt;, or getting the &lt;a href=\"https://www.reddit.com/message/compose?to=subredditsummarybot&amp;amp;subject=askhistorians+weekly&amp;amp;message=x\"&gt;Weekly Roundup&lt;/a&gt;. In the meantime our &lt;a href=\"https://twitter.com/askhistorians\"&gt;Twitter&lt;/a&gt;, &lt;a href=\"https://www.facebook.com/askhistorians/\"&gt;Facebook&lt;/a&gt;, and &lt;a href=\"https://www.reddit.com/r/AskHistorians/search?q=title%3A%22Sunday+Digest%22&amp;amp;restrict_sr=on&amp;amp;sort=new&amp;amp;t=all\"&gt;Sunday Digest&lt;/a&gt; feature excellent content that has already been written!&lt;/p&gt;\n\n&lt;p&gt;&lt;em&gt;I am a bot, and this action was performed automatically. Please &lt;a href=\"/message/compose/?to=/r/AskHistorians\"&gt;contact the moderators of this subreddit&lt;/a&gt; if you have any questions or concerns.&lt;/em&gt;&lt;/p&gt;\n&lt;/div&gt;", "gildings": {}, "collapsed_reason": null, "associated_award": null, "stickied": true, "author_premium": true, "subreddit_type": "public", "can_gild": true, "top_awarded_type": null, "approved": false, "author_flair_text_color": null, "score_hidden": false, "permalink": "/r/AskHistorians/comments/lwecg4/were_there_really_advertisements_and_product/gpguv9o/", "num_reports": 0, "locked": true, "name": "t1_gpguv9o", "created": 1614753037.0, "subreddit": "AskHistorians", "author_flair_text": null, "treatment_tags": [], "spam": false, "created_utc": 1614724237.0, "subreddit_name_prefixed": "r/AskHistorians", "controversiality": 0, "depth": 0, "author_flair_background_color": null, "collapsed_because_crowd_control": null, "mod_reports": [], "mod_note": null, "distinguished": "moderator"}}, {"kind": "t1", "data": {"total_awards_received": 0, "approved_at_utc": null, "comment_type": null, "awarders": [], "mod_reason_by": null, "banned_by": null, "ups": 3, "author_flair_type": "richtext", "removal_reason": null, "link_id": "t3_lwecg4", "author_flair_template_id": "98d8fdba-c626-11e2-bd52-12313b06caaf", "likes": null, "replies": "", "user_reports": [], "saved": false, "id": "gpjyn3t", "banned_at_utc": null, "mod_reason_title": null, "gilded": 0, "archived": false, "removed": false, "no_follow": true, "author": "voyeur324", "can_mod_post": true, "send_replies": true, "parent_id": "t3_lwecg4", "score": 3, "author_fullname": "t2_8f6ehli", "report_reasons": [], "approved_by": null, "all_awardings": [], "subreddit_id": "t5_2ssp3", "ignore_reports": false, "body": "/u/toldinstone has previously answered [I\u2019m a middle class Roman citizen planning to check out the Colosseum. How do I find the schedule? Do I bring friends or go alone? Should I eat before, or will they have food?](https://www.reddit.com/r/AskHistorians/comments/gc9aaq/im_a_middle_class_roman_citizen_planning_to_check/fpb3cne/?utm_source=share&amp;utm_medium=web2x&amp;context=3)", "edited": false, "downs": 0, "author_flair_css_class": null, "is_submitter": false, "collapsed": false, "author_flair_richtext": [{"e": "text", "t": "FAQ Finder"}], "author_patreon_flair": false, "body_html": "&lt;div class=\"md\"&gt;&lt;p&gt;&lt;a href=\"/u/toldinstone\"&gt;/u/toldinstone&lt;/a&gt; has previously answered &lt;a href=\"https://www.reddit.com/r/AskHistorians/comments/gc9aaq/im_a_middle_class_roman_citizen_planning_to_check/fpb3cne/?utm_source=share&amp;amp;utm_medium=web2x&amp;amp;context=3\"&gt;I\u2019m a middle class Roman citizen planning to check out the Colosseum. How do I find the schedule? Do I bring friends or go alone? Should I eat before, or will they have food?&lt;/a&gt;&lt;/p&gt;\n&lt;/div&gt;", "gildings": {}, "collapsed_reason": null, "associated_award": null, "stickied": false, "author_premium": false, "subreddit_type": "public", "can_gild": true, "top_awarded_type": null, "approved": false, "author_flair_text_color": "light", "score_hidden": false, "permalink": "/r/AskHistorians/comments/lwecg4/were_there_really_advertisements_and_product/gpjyn3t/", "num_reports": 0, "locked": false, "name": "t1_gpjyn3t", "created": 1614820760.0, "subreddit": "AskHistorians", "author_flair_text": "FAQ Finder", "treatment_tags": [], "spam": false, "created_utc": 1614791960.0, "subreddit_name_prefixed": "r/AskHistorians", "controversiality": 0, "depth": 0, "author_flair_background_color": "#b87317", "collapsed_because_crowd_control": null, "mod_reports": [], "mod_note": null, "distinguished": null}}, {"kind": "t1", "data": {"total_awards_received": 0, "approved_at_utc": null, "comment_type": null, "awarders": [], "mod_reason_by": null, "banned_by": null, "ups": 3, "author_flair_type": "richtext", "removal_reason": null, "link_id": "t3_lwecg4", "author_flair_template_id": "7b2f3f40-c626-11e2-9a3e-12313d1841d1", "likes": null, "replies": "", "user_reports": [], "saved": false, "id": "gpkk824", "banned_at_utc": null, "mod_reason_title": null, "gilded": 0, "archived": false, "removed": false, "no_follow": true, "author": "toldinstone", "can_mod_post": true, "send_replies": true, "parent_id": "t3_lwecg4", "score": 3, "author_fullname": "t2_o6ulhay", "report_reasons": [], "approved_by": null, "all_awardings": [], "subreddit_id": "t5_2ssp3", "ignore_reports": false, "body": "To add a very brief note to the old comment kindly linked by u/voyeur324:\n\nAs I mention in the linked answer, games were sometimes advertised with full-length painted portraits of famous gladiators. We also have literally dozens of mosaics and other artifacts depicting named gladiators. None of this, however, amounts to product placement, since neither the gladiators who appeared in these media nor the masters of the schools in which they trained earned any kind of commission for being so depicted. In Ancient Rome, gladiators sold only one thing: their lives.^(1) \n\nMore generally, Roman advertising was - as in most pre-industrial societies - generally more or less limited to painted signs and strategically -stationed hawkers. The best evidence for painted advertisements comes from Pompeii, where several signs for wine shops and taverns survive.\n\n1) Gladiators sometimes sold their services as bodyguards, etc., but that would have ruined the line...", "edited": false, "downs": 0, "author_flair_css_class": null, "is_submitter": false, "collapsed": false, "author_flair_richtext": [{"e": "text", "t": "Roman Empire | Greek and Roman Architecture"}], "author_patreon_flair": false, "body_html": "&lt;div class=\"md\"&gt;&lt;p&gt;To add a very brief note to the old comment kindly linked by &lt;a href=\"/u/voyeur324\"&gt;u/voyeur324&lt;/a&gt;:&lt;/p&gt;\n\n&lt;p&gt;As I mention in the linked answer, games were sometimes advertised with full-length painted portraits of famous gladiators. We also have literally dozens of mosaics and other artifacts depicting named gladiators. None of this, however, amounts to product placement, since neither the gladiators who appeared in these media nor the masters of the schools in which they trained earned any kind of commission for being so depicted. In Ancient Rome, gladiators sold only one thing: their lives.&lt;sup&gt;1&lt;/sup&gt; &lt;/p&gt;\n\n&lt;p&gt;More generally, Roman advertising was - as in most pre-industrial societies - generally more or less limited to painted signs and strategically -stationed hawkers. The best evidence for painted advertisements comes from Pompeii, where several signs for wine shops and taverns survive.&lt;/p&gt;\n\n&lt;p&gt;1) Gladiators sometimes sold their services as bodyguards, etc., but that would have ruined the line...&lt;/p&gt;\n&lt;/div&gt;", "gildings": {}, "collapsed_reason": null, "associated_award": null, "stickied": false, "author_premium": true, "subreddit_type": "public", "can_gild": true, "top_awarded_type": null, "approved": false, "author_flair_text_color": "light", "score_hidden": false, "permalink": "/r/AskHistorians/comments/lwecg4/were_there_really_advertisements_and_product/gpkk824/", "num_reports": 0, "locked": false, "name": "t1_gpkk824", "created": 1614830033.0, "subreddit": "AskHistorians", "author_flair_text": "Roman Empire | Greek and Roman Architecture", "treatment_tags": [], "spam": false, "created_utc": 1614801233.0, "subreddit_name_prefixed": "r/AskHistorians", "controversiality": 0, "depth": 0, "author_flair_background_color": "#003399", "collapsed_because_crowd_control": null, "mod_reports": [], "mod_note": null, "distinguished": null}}], "after": null, "before": null}}]