[{"kind": "Listing", "data": {"modhash": null, "dist": 1, "children": [{"kind": "t3", "data": {"author_flair_background_color": null, "approved_at_utc": 1614724699, "subreddit": "AskHistorians", "selftext": "I\u2019m especially interested in Louis Antoine de Bougainville\u2019s voyage around the world in which there were two ships. It seems from my reading as if officers could exchange messages and even move between the different vessels, but sources don\u2019t mention how. Could people on one ship have alerted those on the other to an emergency on board or the need for an urgent meeting?", "user_reports": [], "saved": false, "mod_reason_title": null, "gilded": 0, "clicked": false, "title": "How would sailing ships traveling as part of the same expedition have communicated with each other while at sea in the mid-18th century?", "link_flair_richtext": [], "subreddit_name_prefixed": "r/AskHistorians", "hidden": false, "pwls": 6, "link_flair_css_class": null, "downs": 0, "top_awarded_type": null, "parent_whitelist_status": "all_ads", "hide_score": false, "name": "t3_lwei5n", "mod_reports_dismissed": [["Account with &lt; karma. Check for Spam", "AutoModerator"]], "quarantine": false, "link_flair_text_color": "dark", "upvote_ratio": 1.0, "ignore_reports": false, "subreddit_type": "public", "ups": 36, "total_awards_received": 0, "media_embed": {}, "author_flair_template_id": null, "is_original_content": false, "author_fullname": "t2_ao6baia6", "secure_media": null, "is_reddit_media_domain": false, "is_meta": false, "category": null, "secure_media_embed": {}, "link_flair_text": null, "can_mod_post": true, "score": 36, "approved_by": "SarahAGilbert", "author_premium": false, "thumbnail": "", "edited": false, "author_flair_css_class": null, "author_flair_richtext": [], "gildings": {}, "content_categories": null, "is_self": true, "mod_note": null, "created": 1614753485.0, "link_flair_type": "text", "wls": 6, "removed_by_category": null, "banned_by": null, "author_flair_type": "text", "domain": "self.AskHistorians", "allow_live_comments": false, "selftext_html": "&lt;!-- SC_OFF --&gt;&lt;div class=\"md\"&gt;&lt;p&gt;I\u2019m especially interested in Louis Antoine de Bougainville\u2019s voyage around the world in which there were two ships. It seems from my reading as if officers could exchange messages and even move between the different vessels, but sources don\u2019t mention how. Could people on one ship have alerted those on the other to an emergency on board or the need for an urgent meeting?&lt;/p&gt;\n&lt;/div&gt;&lt;!-- SC_ON --&gt;", "likes": null, "suggested_sort": null, "banned_at_utc": null, "view_count": null, "archived": false, "no_follow": false, "spam": false, "is_crosspostable": true, "pinned": false, "over_18": false, "all_awardings": [], "awarders": [], "media_only": false, "can_gild": true, "removed": false, "spoiler": false, "locked": false, "author_flair_text": null, "treatment_tags": [], "visited": false, "removed_by": null, "num_reports": -1, "distinguished": null, "subreddit_id": "t5_2ssp3", "mod_reason_by": null, "removal_reason": null, "link_flair_background_color": "", "id": "lwei5n", "is_robot_indexable": true, "num_duplicates": 0, "report_reasons": [], "author": "elbmitchell", "discussion_type": null, "num_comments": 4, "send_replies": true, "media": null, "contest_mode": false, "author_patreon_flair": false, "approved": true, "author_flair_text_color": null, "permalink": "/r/AskHistorians/comments/lwei5n/how_would_sailing_ships_traveling_as_part_of_the/", "whitelist_status": "all_ads", "stickied": false, "url": "https://www.reddit.com/r/AskHistorians/comments/lwei5n/how_would_sailing_ships_traveling_as_part_of_the/", "subreddit_subscribers": 1341739, "created_utc": 1614724685.0, "num_crossposts": 0, "mod_reports": [], "is_video": false}}], "after": null, "before": null}}, {"kind": "Listing", "data": {"modhash": null, "dist": null, "children": [{"kind": "t1", "data": {"total_awards_received": 0, "approved_at_utc": null, "comment_type": null, "awarders": [], "mod_reason_by": null, "banned_by": null, "ups": 1, "author_flair_type": "text", "removal_reason": null, "link_id": "t3_lwei5n", "author_flair_template_id": null, "likes": null, "replies": "", "user_reports": [], "saved": false, "id": "gpgvswr", "banned_at_utc": null, "mod_reason_title": null, "gilded": 0, "archived": false, "removed": false, "no_follow": false, "author": "AutoModerator", "can_mod_post": true, "send_replies": false, "parent_id": "t3_lwei5n", "score": 1, "author_fullname": "t2_6l4z3", "report_reasons": [], "approved_by": null, "all_awardings": [], "subreddit_id": "t5_2ssp3", "ignore_reports": false, "body": "Welcome to /r/AskHistorians. **Please [Read Our Rules](https://www.reddit.com/r/AskHistorians/wiki/rules) before you comment in this community**. Understand that [rule breaking comments get removed](https://www.reddit.com/r/AskHistorians/comments/h8aefx/rules_roundtable_xviii_removed_curation_and_why/).\n\n#Please consider **[Clicking Here for RemindMeBot](https://www.reddit.com/message/compose/?to=RemindMeBot&amp;subject=Reminder&amp;message=%5Bhttps://www.reddit.com/r/AskHistorians/comments/lwei5n/how_would_sailing_ships_traveling_as_part_of_the/%5D%0A%0ARemindMe!%202%20days)** as it takes time for an answer to be written. \n\nWe thank you for your interest in this *question*, and your patience in waiting for an in-depth and comprehensive answer to show up. In addition to RemindMeBot, consider [using our Browser Extension](https://www.reddit.com/r/AskHistorians/comments/d6dzi7/tired_of_clicking_to_find_only_removed_comments/), or getting the [Weekly Roundup](https://www.reddit.com/message/compose?to=subredditsummarybot&amp;subject=askhistorians+weekly&amp;message=x). In the meantime our [Twitter](https://twitter.com/askhistorians), [Facebook](https://www.facebook.com/askhistorians/), and [Sunday Digest](https://www.reddit.com/r/AskHistorians/search?q=title%3A%22Sunday+Digest%22&amp;restrict_sr=on&amp;sort=new&amp;t=all) feature excellent content that has already been written!\n\n\n*I am a bot, and this action was performed automatically. Please [contact the moderators of this subreddit](/message/compose/?to=/r/AskHistorians) if you have any questions or concerns.*", "edited": false, "downs": 0, "author_flair_css_class": null, "is_submitter": false, "collapsed": false, "author_flair_richtext": [], "author_patreon_flair": false, "body_html": "&lt;div class=\"md\"&gt;&lt;p&gt;Welcome to &lt;a href=\"/r/AskHistorians\"&gt;/r/AskHistorians&lt;/a&gt;. &lt;strong&gt;Please &lt;a href=\"https://www.reddit.com/r/AskHistorians/wiki/rules\"&gt;Read Our Rules&lt;/a&gt; before you comment in this community&lt;/strong&gt;. Understand that &lt;a href=\"https://www.reddit.com/r/AskHistorians/comments/h8aefx/rules_roundtable_xviii_removed_curation_and_why/\"&gt;rule breaking comments get removed&lt;/a&gt;.&lt;/p&gt;\n\n&lt;h1&gt;Please consider &lt;strong&gt;&lt;a href=\"https://www.reddit.com/message/compose/?to=RemindMeBot&amp;amp;subject=Reminder&amp;amp;message=%5Bhttps://www.reddit.com/r/AskHistorians/comments/lwei5n/how_would_sailing_ships_traveling_as_part_of_the/%5D%0A%0ARemindMe!%202%20days\"&gt;Clicking Here for RemindMeBot&lt;/a&gt;&lt;/strong&gt; as it takes time for an answer to be written.&lt;/h1&gt;\n\n&lt;p&gt;We thank you for your interest in this &lt;em&gt;question&lt;/em&gt;, and your patience in waiting for an in-depth and comprehensive answer to show up. In addition to RemindMeBot, consider &lt;a href=\"https://www.reddit.com/r/AskHistorians/comments/d6dzi7/tired_of_clicking_to_find_only_removed_comments/\"&gt;using our Browser Extension&lt;/a&gt;, or getting the &lt;a href=\"https://www.reddit.com/message/compose?to=subredditsummarybot&amp;amp;subject=askhistorians+weekly&amp;amp;message=x\"&gt;Weekly Roundup&lt;/a&gt;. In the meantime our &lt;a href=\"https://twitter.com/askhistorians\"&gt;Twitter&lt;/a&gt;, &lt;a href=\"https://www.facebook.com/askhistorians/\"&gt;Facebook&lt;/a&gt;, and &lt;a href=\"https://www.reddit.com/r/AskHistorians/search?q=title%3A%22Sunday+Digest%22&amp;amp;restrict_sr=on&amp;amp;sort=new&amp;amp;t=all\"&gt;Sunday Digest&lt;/a&gt; feature excellent content that has already been written!&lt;/p&gt;\n\n&lt;p&gt;&lt;em&gt;I am a bot, and this action was performed automatically. Please &lt;a href=\"/message/compose/?to=/r/AskHistorians\"&gt;contact the moderators of this subreddit&lt;/a&gt; if you have any questions or concerns.&lt;/em&gt;&lt;/p&gt;\n&lt;/div&gt;", "gildings": {}, "collapsed_reason": null, "associated_award": null, "stickied": true, "author_premium": true, "subreddit_type": "public", "can_gild": true, "top_awarded_type": null, "approved": false, "author_flair_text_color": null, "score_hidden": false, "permalink": "/r/AskHistorians/comments/lwei5n/how_would_sailing_ships_traveling_as_part_of_the/gpgvswr/", "num_reports": 0, "locked": true, "name": "t1_gpgvswr", "created": 1614753485.0, "subreddit": "AskHistorians", "author_flair_text": null, "treatment_tags": [], "spam": false, "created_utc": 1614724685.0, "subreddit_name_prefixed": "r/AskHistorians", "controversiality": 0, "depth": 0, "author_flair_background_color": null, "collapsed_because_crowd_control": null, "mod_reports": [], "mod_note": null, "distinguished": "moderator"}}, {"kind": "t1", "data": {"total_awards_received": 1, "approved_at_utc": null, "comment_type": null, "awarders": [], "mod_reason_by": null, "banned_by": null, "ups": 23, "author_flair_type": "text", "removal_reason": null, "link_id": "t3_lwei5n", "author_flair_template_id": null, "likes": null, "replies": "", "user_reports": [], "saved": false, "id": "gphrfw1", "banned_at_utc": null, "mod_reason_title": null, "gilded": 0, "archived": false, "removed": false, "no_follow": false, "author": "___deleted-", "can_mod_post": true, "send_replies": true, "parent_id": "t3_lwei5n", "score": 23, "author_fullname": "t2_7d4m99go", "report_reasons": [], "approved_by": null, "all_awardings": [{"giver_coin_reward": null, "subreddit_id": null, "is_new": false, "days_of_drip_extension": 0, "coin_price": 150, "id": "award_f44611f1-b89e-46dc-97fe-892280b13b82", "penny_donate": null, "coin_reward": 0, "icon_url": "https://i.redd.it/award_images/t5_22cerq/klvxk1wggfd41_Helpful.png", "days_of_premium": 0, "icon_height": 2048, "tiers_by_required_awardings": null, "resized_icons": [{"url": "https://preview.redd.it/award_images/t5_22cerq/klvxk1wggfd41_Helpful.png?width=16&amp;height=16&amp;auto=webp&amp;s=a5662dfbdb402bf67866c050aa76c31c147c2f45", "width": 16, "height": 16}, {"url": "https://preview.redd.it/award_images/t5_22cerq/klvxk1wggfd41_Helpful.png?width=32&amp;height=32&amp;auto=webp&amp;s=a6882eb3f380e8e88009789f4d0072e17b8c59f1", "width": 32, "height": 32}, {"url": "https://preview.redd.it/award_images/t5_22cerq/klvxk1wggfd41_Helpful.png?width=48&amp;height=48&amp;auto=webp&amp;s=e50064b090879e8a0b55e433f6ee61d5cb5fbe1d", "width": 48, "height": 48}, {"url": "https://preview.redd.it/award_images/t5_22cerq/klvxk1wggfd41_Helpful.png?width=64&amp;height=64&amp;auto=webp&amp;s=8e5bb2e76683cb6b161830bcdd9642049d6adc11", "width": 64, "height": 64}, {"url": "https://preview.redd.it/award_images/t5_22cerq/klvxk1wggfd41_Helpful.png?width=128&amp;height=128&amp;auto=webp&amp;s=eda4a9246f95f42ee6940cc0ec65306fd20de878", "width": 128, "height": 128}], "icon_width": 2048, "static_icon_width": 2048, "start_date": null, "is_enabled": true, "awardings_required_to_grant_benefits": null, "description": "Thank you stranger. Shows the award.", "end_date": null, "subreddit_coin_reward": 0, "count": 1, "static_icon_height": 2048, "name": "Helpful", "resized_static_icons": [{"url": "https://preview.redd.it/award_images/t5_22cerq/klvxk1wggfd41_Helpful.png?width=16&amp;height=16&amp;auto=webp&amp;s=a5662dfbdb402bf67866c050aa76c31c147c2f45", "width": 16, "height": 16}, {"url": "https://preview.redd.it/award_images/t5_22cerq/klvxk1wggfd41_Helpful.png?width=32&amp;height=32&amp;auto=webp&amp;s=a6882eb3f380e8e88009789f4d0072e17b8c59f1", "width": 32, "height": 32}, {"url": "https://preview.redd.it/award_images/t5_22cerq/klvxk1wggfd41_Helpful.png?width=48&amp;height=48&amp;auto=webp&amp;s=e50064b090879e8a0b55e433f6ee61d5cb5fbe1d", "width": 48, "height": 48}, {"url": "https://preview.redd.it/award_images/t5_22cerq/klvxk1wggfd41_Helpful.png?width=64&amp;height=64&amp;auto=webp&amp;s=8e5bb2e76683cb6b161830bcdd9642049d6adc11", "width": 64, "height": 64}, {"url": "https://preview.redd.it/award_images/t5_22cerq/klvxk1wggfd41_Helpful.png?width=128&amp;height=128&amp;auto=webp&amp;s=eda4a9246f95f42ee6940cc0ec65306fd20de878", "width": 128, "height": 128}], "icon_format": null, "award_sub_type": "GLOBAL", "penny_price": null, "award_type": "global", "static_icon_url": "https://i.redd.it/award_images/t5_22cerq/klvxk1wggfd41_Helpful.png"}], "subreddit_id": "t5_2ssp3", "ignore_reports": false, "body": "In the Royal Navy and surely in the French, communication via flags was a long established procedure. That\u2019s why the commander\u2019s ship is called the \u201cflagship\u201d.\n\nBefore setting sail, all the ships of the fleet would coordinate the code book of flag to message. It would be pretty detailed. One flag would represent a concept. \n\n**Come within Hail** may have been \u201ca flag checkered red and blue at the mizzen\u201d and each ship in the fleet would have their own pennant so this order could be directed as desired. \n\nOther flags:\nStrange sail sighted, how many, in what direction, who are they\nMake more sail\nAnchor\nLand sighted\n\nOne could send a faster boat out to windward to check for enemies, weather etc. \n\nSomeone on deck or up the mast was tasked with paying attention to the flags on the command ship. In a larger fleet, ships would echo the flagship communications to others further away. \n\nIf the communication was urgent, the flag would be accompanied by a gun to get everyone\u2019s attention. \n\n\nOne source: Naval Records Society Vol XXXV. Signals and Instructions 1776-1794\n\nhttps://books.google.com/books/about/Signals_and_Instructions_1776_1794.html?id=gj8JAAAAIAAJ", "edited": false, "downs": 0, "author_flair_css_class": null, "is_submitter": false, "collapsed": false, "author_flair_richtext": [], "author_patreon_flair": false, "body_html": "&lt;div class=\"md\"&gt;&lt;p&gt;In the Royal Navy and surely in the French, communication via flags was a long established procedure. That\u2019s why the commander\u2019s ship is called the \u201cflagship\u201d.&lt;/p&gt;\n\n&lt;p&gt;Before setting sail, all the ships of the fleet would coordinate the code book of flag to message. It would be pretty detailed. One flag would represent a concept. &lt;/p&gt;\n\n&lt;p&gt;&lt;strong&gt;Come within Hail&lt;/strong&gt; may have been \u201ca flag checkered red and blue at the mizzen\u201d and each ship in the fleet would have their own pennant so this order could be directed as desired. &lt;/p&gt;\n\n&lt;p&gt;Other flags:\nStrange sail sighted, how many, in what direction, who are they\nMake more sail\nAnchor\nLand sighted&lt;/p&gt;\n\n&lt;p&gt;One could send a faster boat out to windward to check for enemies, weather etc. &lt;/p&gt;\n\n&lt;p&gt;Someone on deck or up the mast was tasked with paying attention to the flags on the command ship. In a larger fleet, ships would echo the flagship communications to others further away. &lt;/p&gt;\n\n&lt;p&gt;If the communication was urgent, the flag would be accompanied by a gun to get everyone\u2019s attention. &lt;/p&gt;\n\n&lt;p&gt;One source: Naval Records Society Vol XXXV. Signals and Instructions 1776-1794&lt;/p&gt;\n\n&lt;p&gt;&lt;a href=\"https://books.google.com/books/about/Signals_and_Instructions_1776_1794.html?id=gj8JAAAAIAAJ\"&gt;https://books.google.com/books/about/Signals_and_Instructions_1776_1794.html?id=gj8JAAAAIAAJ&lt;/a&gt;&lt;/p&gt;\n&lt;/div&gt;", "gildings": {}, "collapsed_reason": null, "associated_award": null, "stickied": false, "author_premium": false, "subreddit_type": "public", "can_gild": true, "top_awarded_type": null, "approved": false, "author_flair_text_color": null, "score_hidden": false, "permalink": "/r/AskHistorians/comments/lwei5n/how_would_sailing_ships_traveling_as_part_of_the/gphrfw1/", "num_reports": 0, "locked": false, "name": "t1_gphrfw1", "created": 1614769595.0, "subreddit": "AskHistorians", "author_flair_text": null, "treatment_tags": [], "spam": false, "created_utc": 1614740795.0, "subreddit_name_prefixed": "r/AskHistorians", "controversiality": 0, "depth": 0, "author_flair_background_color": null, "collapsed_because_crowd_control": null, "mod_reports": [], "mod_note": null, "distinguished": null}}, {"kind": "t1", "data": {"total_awards_received": 0, "approved_at_utc": null, "comment_type": null, "awarders": [], "mod_reason_by": null, "banned_by": "Gankom", "ups": 17, "author_flair_type": "text", "removal_reason": null, "link_id": "t3_lwei5n", "author_flair_template_id": null, "likes": null, "replies": "", "user_reports": [], "ban_note": "remove not spam", "saved": false, "id": "gphlt6g", "banned_at_utc": 1615064300, "mod_reason_title": null, "gilded": 0, "archived": false, "removed": true, "no_follow": true, "author": "DAS_FUN_POLICE", "can_mod_post": true, "send_replies": true, "parent_id": "t3_lwei5n", "score": 17, "author_fullname": "t2_j80f0", "report_reasons": [], "approved_by": null, "all_awardings": [], "subreddit_id": "t5_2ssp3", "ignore_reports": false, "body": "Ships used some form of flags to communicate with other ships in the early 1500s. The British Navy standardized their flag signaling for ship to ship communication in 1653. This still exists today via the International Code of Signaling which can be used to communicate with ships speaking different languages. Also many Navy's use semaphore which is a system of holding flags in different orientations to relay morse code.", "edited": false, "downs": 0, "author_flair_css_class": null, "is_submitter": false, "collapsed": false, "author_flair_richtext": [], "author_patreon_flair": false, "collapsed_reason": null, "gildings": {}, "associated_award": null, "stickied": false, "author_premium": false, "subreddit_type": "public", "can_gild": true, "top_awarded_type": null, "approved": false, "author_flair_text_color": null, "score_hidden": false, "permalink": "/r/AskHistorians/comments/lwei5n/how_would_sailing_ships_traveling_as_part_of_the/gphlt6g/", "num_reports": 0, "locked": false, "name": "t1_gphlt6g", "created": 1614766727.0, "subreddit": "AskHistorians", "author_flair_text": null, "treatment_tags": [], "spam": false, "created_utc": 1614737927.0, "subreddit_name_prefixed": "r/AskHistorians", "controversiality": 0, "depth": 0, "author_flair_background_color": null, "collapsed_because_crowd_control": null, "mod_reports": [], "body_html": "&lt;div class=\"md\"&gt;&lt;p&gt;Ships used some form of flags to communicate with other ships in the early 1500s. The British Navy standardized their flag signaling for ship to ship communication in 1653. This still exists today via the International Code of Signaling which can be used to communicate with ships speaking different languages. Also many Navy&amp;#39;s use semaphore which is a system of holding flags in different orientations to relay morse code.&lt;/p&gt;\n&lt;/div&gt;", "mod_note": null, "distinguished": null}}, {"kind": "t1", "data": {"total_awards_received": 0, "approved_at_utc": null, "comment_type": null, "awarders": [], "mod_reason_by": null, "banned_by": "WARitter", "ups": 1, "author_flair_type": "text", "removal_reason": null, "link_id": "t3_lwei5n", "author_flair_template_id": null, "likes": null, "replies": "", "user_reports": [], "ban_note": "remove not spam", "saved": false, "id": "gphhenp", "banned_at_utc": 1614738200, "mod_reason_title": null, "gilded": 0, "archived": false, "removed": true, "no_follow": true, "author": "fredflatulent", "can_mod_post": true, "send_replies": true, "parent_id": "t3_lwei5n", "score": 1, "author_fullname": "t2_4dhzmogu", "report_reasons": [], "approved_by": null, "all_awardings": [], "subreddit_id": "t5_2ssp3", "ignore_reports": false, "body": "Signal flags", "edited": false, "downs": 0, "author_flair_css_class": null, "is_submitter": false, "collapsed": false, "author_flair_richtext": [], "author_patreon_flair": false, "collapsed_reason": null, "gildings": {}, "associated_award": null, "stickied": false, "author_premium": false, "subreddit_type": "public", "can_gild": true, "top_awarded_type": null, "approved": false, "author_flair_text_color": null, "score_hidden": false, "permalink": "/r/AskHistorians/comments/lwei5n/how_would_sailing_ships_traveling_as_part_of_the/gphhenp/", "num_reports": 0, "locked": false, "name": "t1_gphhenp", "created": 1614764451.0, "subreddit": "AskHistorians", "author_flair_text": null, "treatment_tags": [], "spam": false, "created_utc": 1614735651.0, "subreddit_name_prefixed": "r/AskHistorians", "controversiality": 0, "depth": 0, "author_flair_background_color": null, "collapsed_because_crowd_control": null, "mod_reports": [], "body_html": "&lt;div class=\"md\"&gt;&lt;p&gt;Signal flags&lt;/p&gt;\n&lt;/div&gt;", "mod_note": null, "distinguished": null}}], "after": null, "before": null}}]