[{"kind": "Listing", "data": {"modhash": null, "dist": 1, "children": [{"kind": "t3", "data": {"approved_at_utc": 1614726981, "subreddit": "AskHistorians", "selftext": "There were quite a few domestic Korean communists activists, it seems like it would make more sense to promote one of them to be a leader over Kim Il Sung. Why was Sung chosen? Was it due to his reverence for Stalin?", "user_reports": [], "saved": false, "mod_reason_title": null, "gilded": 0, "clicked": false, "title": "Why did the Soviets pick Kim Il Sung to lead North Korea, and how did they get the North Korean people to view him as their legitimate leader?", "link_flair_richtext": [], "subreddit_name_prefixed": "r/AskHistorians", "hidden": false, "pwls": 6, "link_flair_css_class": null, "downs": 0, "top_awarded_type": null, "parent_whitelist_status": "all_ads", "hide_score": false, "name": "t3_lwf0x9", "quarantine": false, "link_flair_text_color": "dark", "upvote_ratio": 0.86, "author_flair_background_color": "", "subreddit_type": "public", "ups": 5, "total_awards_received": 0, "media_embed": {}, "author_flair_template_id": null, "is_original_content": false, "secure_media": null, "is_reddit_media_domain": false, "is_meta": false, "category": null, "secure_media_embed": {}, "link_flair_text": null, "can_mod_post": true, "score": 5, "approved_by": "Gankom", "ignore_reports": false, "thumbnail": "", "edited": false, "author_flair_css_class": null, "gildings": {}, "content_categories": null, "is_self": true, "mod_note": null, "created": 1614754975.0, "link_flair_type": "text", "wls": 6, "removed_by_category": null, "banned_by": null, "domain": "self.AskHistorians", "allow_live_comments": false, "selftext_html": "&lt;!-- SC_OFF --&gt;&lt;div class=\"md\"&gt;&lt;p&gt;There were quite a few domestic Korean communists activists, it seems like it would make more sense to promote one of them to be a leader over Kim Il Sung. Why was Sung chosen? Was it due to his reverence for Stalin?&lt;/p&gt;\n&lt;/div&gt;&lt;!-- SC_ON --&gt;", "likes": null, "suggested_sort": null, "banned_at_utc": null, "view_count": null, "archived": false, "no_follow": false, "spam": false, "is_crosspostable": true, "pinned": false, "over_18": false, "all_awardings": [], "awarders": [], "media_only": false, "can_gild": false, "removed": false, "spoiler": false, "locked": false, "author_flair_text": null, "treatment_tags": [], "visited": false, "removed_by": null, "num_reports": 0, "distinguished": null, "subreddit_id": "t5_2ssp3", "mod_reason_by": null, "removal_reason": null, "link_flair_background_color": "", "id": "lwf0x9", "is_robot_indexable": true, "num_duplicates": 1, "report_reasons": [], "author": "[deleted]", "discussion_type": null, "num_comments": 4, "send_replies": true, "media": null, "contest_mode": false, "approved": true, "author_flair_text_color": "dark", "permalink": "/r/AskHistorians/comments/lwf0x9/why_did_the_soviets_pick_kim_il_sung_to_lead/", "whitelist_status": "all_ads", "stickied": false, "url": "https://www.reddit.com/r/AskHistorians/comments/lwf0x9/why_did_the_soviets_pick_kim_il_sung_to_lead/", "subreddit_subscribers": 1341739, "created_utc": 1614726175.0, "num_crossposts": 0, "mod_reports": [], "is_video": false}}], "after": null, "before": null}}, {"kind": "Listing", "data": {"modhash": null, "dist": null, "children": [{"kind": "t1", "data": {"total_awards_received": 0, "approved_at_utc": null, "comment_type": null, "awarders": [], "mod_reason_by": null, "banned_by": null, "ups": 1, "author_flair_type": "text", "removal_reason": null, "link_id": "t3_lwf0x9", "author_flair_template_id": null, "likes": null, "replies": "", "user_reports": [], "saved": false, "id": "gpgywkj", "banned_at_utc": null, "mod_reason_title": null, "gilded": 0, "archived": false, "removed": false, "no_follow": true, "author": "AutoModerator", "can_mod_post": true, "send_replies": false, "parent_id": "t3_lwf0x9", "score": 1, "author_fullname": "t2_6l4z3", "report_reasons": [], "approved_by": null, "all_awardings": [], "subreddit_id": "t5_2ssp3", "ignore_reports": false, "body": "Welcome to /r/AskHistorians. **Please [Read Our Rules](https://www.reddit.com/r/AskHistorians/wiki/rules) before you comment in this community**. Understand that [rule breaking comments get removed](https://www.reddit.com/r/AskHistorians/comments/h8aefx/rules_roundtable_xviii_removed_curation_and_why/).\n\n#Please consider **[Clicking Here for RemindMeBot](https://www.reddit.com/message/compose/?to=RemindMeBot&amp;subject=Reminder&amp;message=%5Bhttps://www.reddit.com/r/AskHistorians/comments/lwf0x9/why_did_the_soviets_pick_kim_il_sung_to_lead/%5D%0A%0ARemindMe!%202%20days)** as it takes time for an answer to be written. \n\nWe thank you for your interest in this *question*, and your patience in waiting for an in-depth and comprehensive answer to show up. In addition to RemindMeBot, consider [using our Browser Extension](https://www.reddit.com/r/AskHistorians/comments/d6dzi7/tired_of_clicking_to_find_only_removed_comments/), or getting the [Weekly Roundup](https://www.reddit.com/message/compose?to=subredditsummarybot&amp;subject=askhistorians+weekly&amp;message=x). In the meantime our [Twitter](https://twitter.com/askhistorians), [Facebook](https://www.facebook.com/askhistorians/), and [Sunday Digest](https://www.reddit.com/r/AskHistorians/search?q=title%3A%22Sunday+Digest%22&amp;restrict_sr=on&amp;sort=new&amp;t=all) feature excellent content that has already been written!\n\n\n*I am a bot, and this action was performed automatically. Please [contact the moderators of this subreddit](/message/compose/?to=/r/AskHistorians) if you have any questions or concerns.*", "edited": false, "downs": 0, "author_flair_css_class": null, "is_submitter": false, "collapsed": false, "author_flair_richtext": [], "author_patreon_flair": false, "body_html": "&lt;div class=\"md\"&gt;&lt;p&gt;Welcome to &lt;a href=\"/r/AskHistorians\"&gt;/r/AskHistorians&lt;/a&gt;. &lt;strong&gt;Please &lt;a href=\"https://www.reddit.com/r/AskHistorians/wiki/rules\"&gt;Read Our Rules&lt;/a&gt; before you comment in this community&lt;/strong&gt;. Understand that &lt;a href=\"https://www.reddit.com/r/AskHistorians/comments/h8aefx/rules_roundtable_xviii_removed_curation_and_why/\"&gt;rule breaking comments get removed&lt;/a&gt;.&lt;/p&gt;\n\n&lt;h1&gt;Please consider &lt;strong&gt;&lt;a href=\"https://www.reddit.com/message/compose/?to=RemindMeBot&amp;amp;subject=Reminder&amp;amp;message=%5Bhttps://www.reddit.com/r/AskHistorians/comments/lwf0x9/why_did_the_soviets_pick_kim_il_sung_to_lead/%5D%0A%0ARemindMe!%202%20days\"&gt;Clicking Here for RemindMeBot&lt;/a&gt;&lt;/strong&gt; as it takes time for an answer to be written.&lt;/h1&gt;\n\n&lt;p&gt;We thank you for your interest in this &lt;em&gt;question&lt;/em&gt;, and your patience in waiting for an in-depth and comprehensive answer to show up. In addition to RemindMeBot, consider &lt;a href=\"https://www.reddit.com/r/AskHistorians/comments/d6dzi7/tired_of_clicking_to_find_only_removed_comments/\"&gt;using our Browser Extension&lt;/a&gt;, or getting the &lt;a href=\"https://www.reddit.com/message/compose?to=subredditsummarybot&amp;amp;subject=askhistorians+weekly&amp;amp;message=x\"&gt;Weekly Roundup&lt;/a&gt;. In the meantime our &lt;a href=\"https://twitter.com/askhistorians\"&gt;Twitter&lt;/a&gt;, &lt;a href=\"https://www.facebook.com/askhistorians/\"&gt;Facebook&lt;/a&gt;, and &lt;a href=\"https://www.reddit.com/r/AskHistorians/search?q=title%3A%22Sunday+Digest%22&amp;amp;restrict_sr=on&amp;amp;sort=new&amp;amp;t=all\"&gt;Sunday Digest&lt;/a&gt; feature excellent content that has already been written!&lt;/p&gt;\n\n&lt;p&gt;&lt;em&gt;I am a bot, and this action was performed automatically. Please &lt;a href=\"/message/compose/?to=/r/AskHistorians\"&gt;contact the moderators of this subreddit&lt;/a&gt; if you have any questions or concerns.&lt;/em&gt;&lt;/p&gt;\n&lt;/div&gt;", "gildings": {}, "collapsed_reason": null, "associated_award": null, "stickied": true, "author_premium": true, "subreddit_type": "public", "can_gild": true, "top_awarded_type": null, "approved": false, "author_flair_text_color": null, "score_hidden": false, "permalink": "/r/AskHistorians/comments/lwf0x9/why_did_the_soviets_pick_kim_il_sung_to_lead/gpgywkj/", "num_reports": 0, "locked": true, "name": "t1_gpgywkj", "created": 1614754976.0, "subreddit": "AskHistorians", "author_flair_text": null, "treatment_tags": [], "spam": false, "created_utc": 1614726176.0, "subreddit_name_prefixed": "r/AskHistorians", "controversiality": 0, "depth": 0, "author_flair_background_color": null, "collapsed_because_crowd_control": null, "mod_reports": [], "mod_note": null, "distinguished": "moderator"}}, {"kind": "t1", "data": {"total_awards_received": 0, "approved_at_utc": null, "comment_type": null, "awarders": [], "mod_reason_by": null, "banned_by": null, "ups": 8, "author_flair_type": "richtext", "removal_reason": null, "link_id": "t3_lwf0x9", "author_flair_template_id": "98d8fdba-c626-11e2-bd52-12313b06caaf", "likes": null, "replies": {"kind": "Listing", "data": {"modhash": null, "dist": null, "children": [{"kind": "t1", "data": {"total_awards_received": 0, "approved_at_utc": null, "comment_type": null, "awarders": [], "mod_reason_by": null, "banned_by": null, "ups": 2, "removal_reason": null, "link_id": "t3_lwf0x9", "author_flair_template_id": null, "likes": null, "replies": "", "user_reports": [], "saved": false, "id": "gphnjsv", "banned_at_utc": null, "mod_reason_title": null, "gilded": 0, "archived": false, "removed": false, "no_follow": true, "author": "[deleted]", "can_mod_post": true, "send_replies": true, "parent_id": "t1_gph6c1x", "score": 2, "approved_by": null, "report_reasons": [], "ignore_reports": false, "all_awardings": [], "subreddit_id": "t5_2ssp3", "body": "Thanks! what readings would you recommend on the developments of both countries in their early years and the rise of Kim and Rhee? Also, I had read that the people\u2019s committees were ordered to form into political parties by the USMG, so I was curious as to which political parties they formed.", "edited": false, "author_flair_css_class": null, "collapsed": false, "downs": 0, "is_submitter": false, "body_html": "&lt;div class=\"md\"&gt;&lt;p&gt;Thanks! what readings would you recommend on the developments of both countries in their early years and the rise of Kim and Rhee? Also, I had read that the people\u2019s committees were ordered to form into political parties by the USMG, so I was curious as to which political parties they formed.&lt;/p&gt;\n&lt;/div&gt;", "gildings": {}, "collapsed_reason": null, "associated_award": null, "stickied": false, "subreddit_type": "public", "can_gild": false, "top_awarded_type": null, "approved": false, "author_flair_text_color": "dark", "score_hidden": false, "permalink": "/r/AskHistorians/comments/lwf0x9/why_did_the_soviets_pick_kim_il_sung_to_lead/gphnjsv/", "num_reports": 0, "locked": false, "name": "t1_gphnjsv", "created": 1614767622.0, "subreddit": "AskHistorians", "author_flair_text": null, "treatment_tags": [], "spam": false, "created_utc": 1614738822.0, "subreddit_name_prefixed": "r/AskHistorians", "controversiality": 0, "depth": 1, "author_flair_background_color": "", "collapsed_because_crowd_control": null, "mod_reports": [], "mod_note": null, "distinguished": null}}], "after": null, "before": null}}, "user_reports": [], "saved": false, "id": "gph6c1x", "banned_at_utc": null, "mod_reason_title": null, "gilded": 0, "archived": false, "removed": false, "no_follow": false, "author": "wotan_weevil", "can_mod_post": true, "send_replies": true, "parent_id": "t3_lwf0x9", "score": 8, "author_fullname": "t2_uu09h", "report_reasons": [], "approved_by": null, "all_awardings": [], "subreddit_id": "t5_2ssp3", "ignore_reports": false, "body": "Kim Il Sung wasn't the first choice as the future ruler of North Korea. The first northern provisional government, the Administrative Committee of Five Provinces, was chaired by Cho Man-sik. Cho was popular, and broadly supported by the people in northern Korea. He had organised the pre-Soviet provisional government in the north, the Provisional People's Committee for the Five Provinces, and as the existing provisional leader when the Soviet occupation forces took over, became the provisional leader under the Soviet-supported provisional government.\n\nCho was not a communist, and distrusted the Soviets, so their working relationship was somewhat uneasy. if he had remained as the leader of North Korea, he might not have survived (politically survived, even if he was still alive) the probable communist takeover of North Korea. As it was, an issue where he would not compromise quickly arose: the Moscow Conference of December 1945 had decided that Korea was not ready for independence, and there would be a five-year trusteeship period, with Soviet and US administration of the north and south respectively, before holding elections for a unified independent Korean government. This decision by the Western Allies and the Soviets was imposed on the Koreans, and was seen by the Koreans as thwarting their desire for immediate self-government and unity. Cho strongly opposed it. He was arrested in January 1946, and his provisional government was replaced in February by the Provisional People's Committee of North Korea, chaired by Kim Il Sung.\n\nThere were other communist potential candidates for leadership, but Kim Il Sung was (a) the best known and most popular, due to his relatively high-profile anti-Japanese fighting, and (b) he was willing to go along with the trusteeship plan.\n\nA similar thing happened in South Korea, with Syngman Rhee being the top candidate for leadership who was prepared to work with the trusteeship plan. As it turned out, both South and North Korea became independent self-governing states well before the intended five year trusteeship period finished, and Korea remained divided. While both Kim Il-sung and Syngman Rhee were willing to go along with the trusteeship plan, and the (supposedly temporary) division of Korea, both planned for Korean reunification by force ASAP.\n\nFor  more on this, see my older answer in https://www.reddit.com/r/AskHistorians/comments/d65wxh/how_were_the_governments_of_north_and_south_korea/", "edited": false, "downs": 0, "author_flair_css_class": null, "is_submitter": false, "collapsed": false, "author_flair_richtext": [{"e": "text", "t": "Quality Contributor"}], "author_patreon_flair": false, "body_html": "&lt;div class=\"md\"&gt;&lt;p&gt;Kim Il Sung wasn&amp;#39;t the first choice as the future ruler of North Korea. The first northern provisional government, the Administrative Committee of Five Provinces, was chaired by Cho Man-sik. Cho was popular, and broadly supported by the people in northern Korea. He had organised the pre-Soviet provisional government in the north, the Provisional People&amp;#39;s Committee for the Five Provinces, and as the existing provisional leader when the Soviet occupation forces took over, became the provisional leader under the Soviet-supported provisional government.&lt;/p&gt;\n\n&lt;p&gt;Cho was not a communist, and distrusted the Soviets, so their working relationship was somewhat uneasy. if he had remained as the leader of North Korea, he might not have survived (politically survived, even if he was still alive) the probable communist takeover of North Korea. As it was, an issue where he would not compromise quickly arose: the Moscow Conference of December 1945 had decided that Korea was not ready for independence, and there would be a five-year trusteeship period, with Soviet and US administration of the north and south respectively, before holding elections for a unified independent Korean government. This decision by the Western Allies and the Soviets was imposed on the Koreans, and was seen by the Koreans as thwarting their desire for immediate self-government and unity. Cho strongly opposed it. He was arrested in January 1946, and his provisional government was replaced in February by the Provisional People&amp;#39;s Committee of North Korea, chaired by Kim Il Sung.&lt;/p&gt;\n\n&lt;p&gt;There were other communist potential candidates for leadership, but Kim Il Sung was (a) the best known and most popular, due to his relatively high-profile anti-Japanese fighting, and (b) he was willing to go along with the trusteeship plan.&lt;/p&gt;\n\n&lt;p&gt;A similar thing happened in South Korea, with Syngman Rhee being the top candidate for leadership who was prepared to work with the trusteeship plan. As it turned out, both South and North Korea became independent self-governing states well before the intended five year trusteeship period finished, and Korea remained divided. While both Kim Il-sung and Syngman Rhee were willing to go along with the trusteeship plan, and the (supposedly temporary) division of Korea, both planned for Korean reunification by force ASAP.&lt;/p&gt;\n\n&lt;p&gt;For  more on this, see my older answer in &lt;a href=\"https://www.reddit.com/r/AskHistorians/comments/d65wxh/how_were_the_governments_of_north_and_south_korea/\"&gt;https://www.reddit.com/r/AskHistorians/comments/d65wxh/how_were_the_governments_of_north_and_south_korea/&lt;/a&gt;&lt;/p&gt;\n&lt;/div&gt;", "gildings": {}, "collapsed_reason": null, "associated_award": null, "stickied": false, "author_premium": false, "subreddit_type": "public", "can_gild": true, "top_awarded_type": null, "approved": false, "author_flair_text_color": "light", "score_hidden": false, "permalink": "/r/AskHistorians/comments/lwf0x9/why_did_the_soviets_pick_kim_il_sung_to_lead/gph6c1x/", "num_reports": 0, "locked": false, "name": "t1_gph6c1x", "created": 1614758749.0, "subreddit": "AskHistorians", "author_flair_text": "Quality Contributor", "treatment_tags": [], "spam": false, "created_utc": 1614729949.0, "subreddit_name_prefixed": "r/AskHistorians", "controversiality": 0, "depth": 0, "author_flair_background_color": "#b87317", "collapsed_because_crowd_control": null, "mod_reports": [], "mod_note": null, "distinguished": null}}, {"kind": "t1", "data": {"total_awards_received": 0, "approved_at_utc": null, "comment_type": null, "awarders": [], "mod_reason_by": null, "banned_by": "Georgy_K_Zhukov", "ups": 1, "author_flair_type": "text", "removal_reason": null, "link_id": "t3_lwf0x9", "author_flair_template_id": null, "likes": null, "replies": "", "user_reports": [], "ban_note": "remove not spam", "saved": false, "id": "gph7n14", "banned_at_utc": 1614730776, "mod_reason_title": null, "gilded": 0, "archived": false, "removed": true, "no_follow": true, "author": "udongeureut", "can_mod_post": true, "send_replies": true, "parent_id": "t3_lwf0x9", "score": 1, "author_fullname": "t2_6n19z9se", "report_reasons": [], "approved_by": null, "all_awardings": [], "subreddit_id": "t5_2ssp3", "ignore_reports": false, "body": "Just passing by to point out that Kim Il Sung\u2019s family name is Kim, not Sung.", "edited": false, "downs": 0, "author_flair_css_class": null, "is_submitter": false, "collapsed": false, "author_flair_richtext": [], "author_patreon_flair": false, "collapsed_reason": null, "gildings": {}, "associated_award": null, "stickied": false, "author_premium": false, "subreddit_type": "public", "can_gild": true, "top_awarded_type": null, "approved": false, "author_flair_text_color": null, "score_hidden": false, "permalink": "/r/AskHistorians/comments/lwf0x9/why_did_the_soviets_pick_kim_il_sung_to_lead/gph7n14/", "num_reports": 0, "locked": false, "name": "t1_gph7n14", "created": 1614759417.0, "subreddit": "AskHistorians", "author_flair_text": null, "treatment_tags": [], "spam": false, "created_utc": 1614730617.0, "subreddit_name_prefixed": "r/AskHistorians", "controversiality": 0, "depth": 0, "author_flair_background_color": null, "collapsed_because_crowd_control": null, "mod_reports": [], "body_html": "&lt;div class=\"md\"&gt;&lt;p&gt;Just passing by to point out that Kim Il Sung\u2019s family name is Kim, not Sung.&lt;/p&gt;\n&lt;/div&gt;", "mod_note": null, "distinguished": null}}], "after": null, "before": null}}]