[{"kind": "Listing", "data": {"modhash": null, "dist": 1, "children": [{"kind": "t3", "data": {"author_flair_background_color": null, "approved_at_utc": 1614798481, "subreddit": "AskHistorians", "selftext": "This has been touched upon by other answers on this subreddit like here: [https://www.reddit.com/r/AskHistorians/comments/4r17fc/what\\_lead\\_to\\_the\\_ottoman\\_empire\\_decriminalizing/d4xwz1l/](https://www.reddit.com/r/AskHistorians/comments/4r17fc/what_lead_to_the_ottoman_empire_decriminalizing/d4xwz1l/)\n\n&gt;This is already getting quite long. Ottoman society, as one heavily influenced by Persianate culture, had a lot of the same cultural practices going on, and Ottoman poetry is rife with references to young, beloved, men. What changed to get us to today's world? That answer, you will not be surprised to learn, is complicated. There is a fair deal of argument about it, but the rough academic consensus is: Europeans. Muslims in the 19th century were made to feel VERY aware and self-conscious of anything they did that Europeans deemed \"backwards.\" Homosexuality in elite Muslim circles was most definitely something Europeans considered backwards. As Europeans penetrated the Muslim world, ever deeper, either economically (in the Ottoman Empire) or in full on colonialism (India, Egypt), they constantly commented on and tried to suppress these practices. Muslim elites, trying so hard to modernize their empires and societies to avoid being colonized, tended to adopt European mores along with technology and institutions. In this climate, the Ottoman decriminalization of homosexuality can be read as an act of resistance to European hegemony. The Ottomans were trying to preserve an old cultural practice while modernizing elsewhere. The practice was inexorably extinguished, however, as more and more European cultural practices and attitudes were adopted. As the practice was slowly extinguished in former Ottoman lands, modern Islamic fundamentalism came along with its radical reinterpretation of Islam and things like homosexuality, and replaced a lot of what I've been talking about here. And then, about a hundred years after browbeating the Ottomans and Persians into subduing homosexual practices, Europeans decided homosexuality was fine, sometime after the mid 1990s. And in a cruel historical irony, they browbeat Muslims for being anti-homosexual, after their great grandparents spent a century extinguishing a vibrantly homonormative society.\n\nI might be a biased by some sense from this post that being distasteful of the discrimination against gay people from the likes of Iran and Saudi Arabia is somehow unfair, but I find myself doubly confused in a lot of ways. In places like Iran and Saudi Arabia there is a fairly powerful sense of cultural independence from the west that frequently extends to official disdain for elements of Western culture and resentment towards historical attempts to force western standards on these countries. From what I understood this kind of thing was a considerable factor in the unpopularity of the Shah's regime in Iran, while also helping lead to dramatic events like the seizure of the Grand Mosque in Saudi Arabia that contributed towards the country's turn towards a more conservative society. I guess I don't really understand why these countries maintained such a strong official stance against homosexuality despite this kind of sentiment being an imposed western cultural import when they otherwise were wary of such things?", "user_reports": [], "saved": false, "mod_reason_title": null, "gilded": 0, "clicked": false, "title": "I have heard that anti-homosexuality sentiment in a lot of the Muslim world, particularly Iran and Turkey, was a direct result of Western cultural Imperialism imposing itself in the region. If this is the case why has it remained so prominent among conservative, religious authorities in the region?", "link_flair_richtext": [], "subreddit_name_prefixed": "r/AskHistorians", "hidden": false, "pwls": 6, "link_flair_css_class": null, "downs": 0, "top_awarded_type": null, "parent_whitelist_status": "all_ads", "hide_score": false, "name": "t3_lx1oqo", "quarantine": false, "link_flair_text_color": "dark", "upvote_ratio": 0.86, "ignore_reports": false, "subreddit_type": "public", "ups": 10, "total_awards_received": 0, "media_embed": {}, "author_flair_template_id": null, "is_original_content": false, "author_fullname": "t2_mwb4h", "secure_media": null, "is_reddit_media_domain": false, "is_meta": false, "category": null, "secure_media_embed": {}, "link_flair_text": null, "can_mod_post": true, "score": 10, "approved_by": "jschooltiger", "author_premium": false, "thumbnail": "", "edited": false, "author_flair_css_class": null, "previous_visits": [1619168477.0], "author_flair_richtext": [], "gildings": {}, "content_categories": null, "is_self": true, "mod_note": null, "created": 1614827197.0, "link_flair_type": "text", "wls": 6, "removed_by_category": null, "banned_by": null, "author_flair_type": "text", "domain": "self.AskHistorians", "allow_live_comments": false, "selftext_html": "&lt;!-- SC_OFF --&gt;&lt;div class=\"md\"&gt;&lt;p&gt;This has been touched upon by other answers on this subreddit like here: &lt;a href=\"https://www.reddit.com/r/AskHistorians/comments/4r17fc/what_lead_to_the_ottoman_empire_decriminalizing/d4xwz1l/\"&gt;https://www.reddit.com/r/AskHistorians/comments/4r17fc/what_lead_to_the_ottoman_empire_decriminalizing/d4xwz1l/&lt;/a&gt;&lt;/p&gt;\n\n&lt;blockquote&gt;\n&lt;p&gt;This is already getting quite long. Ottoman society, as one heavily influenced by Persianate culture, had a lot of the same cultural practices going on, and Ottoman poetry is rife with references to young, beloved, men. What changed to get us to today&amp;#39;s world? That answer, you will not be surprised to learn, is complicated. There is a fair deal of argument about it, but the rough academic consensus is: Europeans. Muslims in the 19th century were made to feel VERY aware and self-conscious of anything they did that Europeans deemed &amp;quot;backwards.&amp;quot; Homosexuality in elite Muslim circles was most definitely something Europeans considered backwards. As Europeans penetrated the Muslim world, ever deeper, either economically (in the Ottoman Empire) or in full on colonialism (India, Egypt), they constantly commented on and tried to suppress these practices. Muslim elites, trying so hard to modernize their empires and societies to avoid being colonized, tended to adopt European mores along with technology and institutions. In this climate, the Ottoman decriminalization of homosexuality can be read as an act of resistance to European hegemony. The Ottomans were trying to preserve an old cultural practice while modernizing elsewhere. The practice was inexorably extinguished, however, as more and more European cultural practices and attitudes were adopted. As the practice was slowly extinguished in former Ottoman lands, modern Islamic fundamentalism came along with its radical reinterpretation of Islam and things like homosexuality, and replaced a lot of what I&amp;#39;ve been talking about here. And then, about a hundred years after browbeating the Ottomans and Persians into subduing homosexual practices, Europeans decided homosexuality was fine, sometime after the mid 1990s. And in a cruel historical irony, they browbeat Muslims for being anti-homosexual, after their great grandparents spent a century extinguishing a vibrantly homonormative society.&lt;/p&gt;\n&lt;/blockquote&gt;\n\n&lt;p&gt;I might be a biased by some sense from this post that being distasteful of the discrimination against gay people from the likes of Iran and Saudi Arabia is somehow unfair, but I find myself doubly confused in a lot of ways. In places like Iran and Saudi Arabia there is a fairly powerful sense of cultural independence from the west that frequently extends to official disdain for elements of Western culture and resentment towards historical attempts to force western standards on these countries. From what I understood this kind of thing was a considerable factor in the unpopularity of the Shah&amp;#39;s regime in Iran, while also helping lead to dramatic events like the seizure of the Grand Mosque in Saudi Arabia that contributed towards the country&amp;#39;s turn towards a more conservative society. I guess I don&amp;#39;t really understand why these countries maintained such a strong official stance against homosexuality despite this kind of sentiment being an imposed western cultural import when they otherwise were wary of such things?&lt;/p&gt;\n&lt;/div&gt;&lt;!-- SC_ON --&gt;", "likes": null, "suggested_sort": null, "banned_at_utc": null, "view_count": null, "archived": false, "no_follow": false, "spam": false, "is_crosspostable": true, "pinned": false, "over_18": false, "all_awardings": [], "awarders": [], "media_only": false, "can_gild": true, "removed": false, "spoiler": false, "locked": false, "author_flair_text": null, "treatment_tags": [], "visited": false, "removed_by": null, "num_reports": 0, "distinguished": null, "subreddit_id": "t5_2ssp3", "mod_reason_by": null, "removal_reason": null, "link_flair_background_color": "", "id": "lx1oqo", "is_robot_indexable": true, "num_duplicates": 0, "report_reasons": [], "author": "Khwarezm", "discussion_type": null, "num_comments": 1, "send_replies": true, "media": null, "contest_mode": false, "author_patreon_flair": false, "approved": true, "author_flair_text_color": null, "permalink": "/r/AskHistorians/comments/lx1oqo/i_have_heard_that_antihomosexuality_sentiment_in/", "whitelist_status": "all_ads", "stickied": false, "url": "https://www.reddit.com/r/AskHistorians/comments/lx1oqo/i_have_heard_that_antihomosexuality_sentiment_in/", "subreddit_subscribers": 1341780, "created_utc": 1614798397.0, "num_crossposts": 0, "mod_reports": [], "is_video": false}}], "after": null, "before": null}}, {"kind": "Listing", "data": {"modhash": null, "dist": null, "children": [{"kind": "t1", "data": {"total_awards_received": 0, "approved_at_utc": null, "comment_type": null, "awarders": [], "mod_reason_by": null, "banned_by": null, "ups": 1, "author_flair_type": "text", "removal_reason": null, "link_id": "t3_lx1oqo", "author_flair_template_id": null, "likes": null, "replies": "", "user_reports": [], "saved": false, "id": "gpkdmnd", "banned_at_utc": null, "mod_reason_title": null, "gilded": 0, "archived": false, "removed": false, "no_follow": true, "author": "AutoModerator", "can_mod_post": true, "send_replies": false, "parent_id": "t3_lx1oqo", "score": 1, "author_fullname": "t2_6l4z3", "report_reasons": [], "approved_by": null, "all_awardings": [], "subreddit_id": "t5_2ssp3", "ignore_reports": false, "body": "Welcome to /r/AskHistorians. **Please [Read Our Rules](https://www.reddit.com/r/AskHistorians/wiki/rules) before you comment in this community**. Understand that [rule breaking comments get removed](https://www.reddit.com/r/AskHistorians/comments/h8aefx/rules_roundtable_xviii_removed_curation_and_why/).\n\n#Please consider **[Clicking Here for RemindMeBot](https://www.reddit.com/message/compose/?to=RemindMeBot&amp;subject=Reminder&amp;message=%5Bhttps://www.reddit.com/r/AskHistorians/comments/lx1oqo/i_have_heard_that_antihomosexuality_sentiment_in/%5D%0A%0ARemindMe!%202%20days)** as it takes time for an answer to be written. \n\nWe thank you for your interest in this *question*, and your patience in waiting for an in-depth and comprehensive answer to show up. In addition to RemindMeBot, consider [using our Browser Extension](https://www.reddit.com/r/AskHistorians/comments/d6dzi7/tired_of_clicking_to_find_only_removed_comments/), or getting the [Weekly Roundup](https://www.reddit.com/message/compose?to=subredditsummarybot&amp;subject=askhistorians+weekly&amp;message=x). In the meantime our [Twitter](https://twitter.com/askhistorians), [Facebook](https://www.facebook.com/askhistorians/), and [Sunday Digest](https://www.reddit.com/r/AskHistorians/search?q=title%3A%22Sunday+Digest%22&amp;restrict_sr=on&amp;sort=new&amp;t=all) feature excellent content that has already been written!\n\n\n*I am a bot, and this action was performed automatically. Please [contact the moderators of this subreddit](/message/compose/?to=/r/AskHistorians) if you have any questions or concerns.*", "edited": false, "downs": 0, "author_flair_css_class": null, "is_submitter": false, "collapsed": false, "author_flair_richtext": [], "author_patreon_flair": false, "body_html": "&lt;div class=\"md\"&gt;&lt;p&gt;Welcome to &lt;a href=\"/r/AskHistorians\"&gt;/r/AskHistorians&lt;/a&gt;. &lt;strong&gt;Please &lt;a href=\"https://www.reddit.com/r/AskHistorians/wiki/rules\"&gt;Read Our Rules&lt;/a&gt; before you comment in this community&lt;/strong&gt;. Understand that &lt;a href=\"https://www.reddit.com/r/AskHistorians/comments/h8aefx/rules_roundtable_xviii_removed_curation_and_why/\"&gt;rule breaking comments get removed&lt;/a&gt;.&lt;/p&gt;\n\n&lt;h1&gt;Please consider &lt;strong&gt;&lt;a href=\"https://www.reddit.com/message/compose/?to=RemindMeBot&amp;amp;subject=Reminder&amp;amp;message=%5Bhttps://www.reddit.com/r/AskHistorians/comments/lx1oqo/i_have_heard_that_antihomosexuality_sentiment_in/%5D%0A%0ARemindMe!%202%20days\"&gt;Clicking Here for RemindMeBot&lt;/a&gt;&lt;/strong&gt; as it takes time for an answer to be written.&lt;/h1&gt;\n\n&lt;p&gt;We thank you for your interest in this &lt;em&gt;question&lt;/em&gt;, and your patience in waiting for an in-depth and comprehensive answer to show up. In addition to RemindMeBot, consider &lt;a href=\"https://www.reddit.com/r/AskHistorians/comments/d6dzi7/tired_of_clicking_to_find_only_removed_comments/\"&gt;using our Browser Extension&lt;/a&gt;, or getting the &lt;a href=\"https://www.reddit.com/message/compose?to=subredditsummarybot&amp;amp;subject=askhistorians+weekly&amp;amp;message=x\"&gt;Weekly Roundup&lt;/a&gt;. In the meantime our &lt;a href=\"https://twitter.com/askhistorians\"&gt;Twitter&lt;/a&gt;, &lt;a href=\"https://www.facebook.com/askhistorians/\"&gt;Facebook&lt;/a&gt;, and &lt;a href=\"https://www.reddit.com/r/AskHistorians/search?q=title%3A%22Sunday+Digest%22&amp;amp;restrict_sr=on&amp;amp;sort=new&amp;amp;t=all\"&gt;Sunday Digest&lt;/a&gt; feature excellent content that has already been written!&lt;/p&gt;\n\n&lt;p&gt;&lt;em&gt;I am a bot, and this action was performed automatically. Please &lt;a href=\"/message/compose/?to=/r/AskHistorians\"&gt;contact the moderators of this subreddit&lt;/a&gt; if you have any questions or concerns.&lt;/em&gt;&lt;/p&gt;\n&lt;/div&gt;", "gildings": {}, "collapsed_reason": null, "associated_award": null, "stickied": true, "author_premium": true, "subreddit_type": "public", "can_gild": true, "top_awarded_type": null, "approved": false, "author_flair_text_color": null, "score_hidden": false, "permalink": "/r/AskHistorians/comments/lx1oqo/i_have_heard_that_antihomosexuality_sentiment_in/gpkdmnd/", "num_reports": 0, "locked": true, "name": "t1_gpkdmnd", "created": 1614827198.0, "subreddit": "AskHistorians", "author_flair_text": null, "treatment_tags": [], "spam": false, "created_utc": 1614798398.0, "subreddit_name_prefixed": "r/AskHistorians", "controversiality": 0, "depth": 0, "author_flair_background_color": null, "collapsed_because_crowd_control": null, "mod_reports": [], "mod_note": null, "distinguished": "moderator"}}], "after": null, "before": null}}]