[{"kind": "Listing", "data": {"modhash": null, "dist": 1, "children": [{"kind": "t3", "data": {"author_flair_background_color": null, "approved_at_utc": 1614807990, "subreddit": "AskHistorians", "selftext": "It is a bit odd that the Nazis are infamous for a list of actions that they did that are now frowned upon as people who were supportive to the ideals of fascism - genocide, militarism, censorship, hard control of human rights and so on - they also gave a lot of fascination to writers on several works of fiction and for people who write history books.\n\nFor example, one instantly recognisable feature of an archetypal Nazi is that of a Nazi officer with clean and smart uniform where you would find in many works of fiction as characters who are defined as highly disciplined.\n\nOr another feature is their weaponry and arsenal like the many weapons that they developed in a short period of time and some of these weapons are still revered by weapons enthusiasts and experts like the MP40 sub machine gun, the STG 44 (which is technically the first fully automatic assault rifle), the Tiger and Panther tanks, the development of the largest cannon ever built, the first prototype of the first jet, the concept of Wonder Weapons and so on.\n\nAnd not to mention the other things that they developed that required sophistication like the Blitzkrieg tactic and the development of certain branches in government like there was a branch that focused on propaganda, and one for the SS and so on.\n\nThese portrayals of the Nazis are ones where they were associated with efficiency and well-organised teamwork which also slightly similar to the more modern stereotypical portrayal of the German people when it comes to efficiency and effectiveness, particularly when engineering is involved.\n\nBut how accurate is this portrayal especially when compared to the drawbacks, oversight and failures that historians have found like the massive focus on propaganda during the entirety of the Nazi rule, or the waste of resources on concentration camps and the use of resources on projects that were never finished like Die Riese, or the failure of Operation Sealion and the failure of conquering the USSR and so on?", "user_reports": [], "saved": false, "mod_reason_title": null, "gilded": 0, "clicked": false, "title": "One portrayal of the Nazis in both history books and in fiction is one where they are portrayed as people with effective and well-organised workforces based on how they are recognised by their actions and how they looked n WW2. How accurate is this fascination of the Nazis when portrayed by writers?", "link_flair_richtext": [], "subreddit_name_prefixed": "r/AskHistorians", "hidden": false, "pwls": 6, "link_flair_css_class": null, "downs": 0, "top_awarded_type": null, "parent_whitelist_status": "all_ads", "hide_score": false, "name": "t3_lx56wn", "mod_reports_dismissed": [["Possibly violates submission rules - '[first]'", "AutoModerator"]], "quarantine": false, "link_flair_text_color": "dark", "upvote_ratio": 0.79, "ignore_reports": false, "subreddit_type": "public", "ups": 10, "total_awards_received": 0, "media_embed": {}, "author_flair_template_id": null, "is_original_content": false, "author_fullname": "t2_skfss", "secure_media": null, "is_reddit_media_domain": false, "is_meta": false, "category": null, "secure_media_embed": {}, "link_flair_text": null, "can_mod_post": true, "score": 10, "approved_by": "Georgy_K_Zhukov", "author_premium": false, "thumbnail": "", "edited": false, "author_flair_css_class": null, "previous_visits": [1619168523.0], "author_flair_richtext": [], "gildings": {}, "content_categories": null, "is_self": true, "mod_note": null, "created": 1614836734.0, "link_flair_type": "text", "wls": 6, "removed_by_category": null, "banned_by": null, "author_flair_type": "text", "domain": "self.AskHistorians", "allow_live_comments": false, "selftext_html": "&lt;!-- SC_OFF --&gt;&lt;div class=\"md\"&gt;&lt;p&gt;It is a bit odd that the Nazis are infamous for a list of actions that they did that are now frowned upon as people who were supportive to the ideals of fascism - genocide, militarism, censorship, hard control of human rights and so on - they also gave a lot of fascination to writers on several works of fiction and for people who write history books.&lt;/p&gt;\n\n&lt;p&gt;For example, one instantly recognisable feature of an archetypal Nazi is that of a Nazi officer with clean and smart uniform where you would find in many works of fiction as characters who are defined as highly disciplined.&lt;/p&gt;\n\n&lt;p&gt;Or another feature is their weaponry and arsenal like the many weapons that they developed in a short period of time and some of these weapons are still revered by weapons enthusiasts and experts like the MP40 sub machine gun, the STG 44 (which is technically the first fully automatic assault rifle), the Tiger and Panther tanks, the development of the largest cannon ever built, the first prototype of the first jet, the concept of Wonder Weapons and so on.&lt;/p&gt;\n\n&lt;p&gt;And not to mention the other things that they developed that required sophistication like the Blitzkrieg tactic and the development of certain branches in government like there was a branch that focused on propaganda, and one for the SS and so on.&lt;/p&gt;\n\n&lt;p&gt;These portrayals of the Nazis are ones where they were associated with efficiency and well-organised teamwork which also slightly similar to the more modern stereotypical portrayal of the German people when it comes to efficiency and effectiveness, particularly when engineering is involved.&lt;/p&gt;\n\n&lt;p&gt;But how accurate is this portrayal especially when compared to the drawbacks, oversight and failures that historians have found like the massive focus on propaganda during the entirety of the Nazi rule, or the waste of resources on concentration camps and the use of resources on projects that were never finished like Die Riese, or the failure of Operation Sealion and the failure of conquering the USSR and so on?&lt;/p&gt;\n&lt;/div&gt;&lt;!-- SC_ON --&gt;", "likes": null, "suggested_sort": null, "banned_at_utc": null, "view_count": null, "archived": false, "no_follow": false, "spam": false, "is_crosspostable": true, "pinned": false, "over_18": false, "all_awardings": [], "awarders": [], "media_only": false, "can_gild": true, "removed": false, "spoiler": false, "locked": false, "author_flair_text": null, "treatment_tags": [], "visited": false, "removed_by": null, "num_reports": -1, "distinguished": null, "subreddit_id": "t5_2ssp3", "mod_reason_by": null, "removal_reason": null, "link_flair_background_color": "", "id": "lx56wn", "is_robot_indexable": true, "num_duplicates": 1, "report_reasons": [], "author": "sammyjamez", "discussion_type": null, "num_comments": 4, "send_replies": true, "media": null, "contest_mode": false, "author_patreon_flair": false, "approved": true, "author_flair_text_color": null, "permalink": "/r/AskHistorians/comments/lx56wn/one_portrayal_of_the_nazis_in_both_history_books/", "whitelist_status": "all_ads", "stickied": false, "url": "https://www.reddit.com/r/AskHistorians/comments/lx56wn/one_portrayal_of_the_nazis_in_both_history_books/", "subreddit_subscribers": 1341780, "created_utc": 1614807934.0, "num_crossposts": 0, "mod_reports": [], "is_video": false}}], "after": null, "before": null}}, {"kind": "Listing", "data": {"modhash": null, "dist": null, "children": [{"kind": "t1", "data": {"total_awards_received": 0, "approved_at_utc": null, "comment_type": null, "awarders": [], "mod_reason_by": null, "banned_by": null, "ups": 1, "author_flair_type": "text", "removal_reason": null, "link_id": "t3_lx56wn", "author_flair_template_id": null, "likes": null, "replies": "", "user_reports": [], "saved": false, "id": "gpkznu8", "banned_at_utc": null, "mod_reason_title": null, "gilded": 0, "archived": false, "removed": false, "no_follow": true, "author": "AutoModerator", "can_mod_post": true, "send_replies": false, "parent_id": "t3_lx56wn", "score": 1, "author_fullname": "t2_6l4z3", "report_reasons": [], "approved_by": null, "all_awardings": [], "subreddit_id": "t5_2ssp3", "ignore_reports": false, "body": "Welcome to /r/AskHistorians. **Please [Read Our Rules](https://www.reddit.com/r/AskHistorians/wiki/rules) before you comment in this community**. Understand that [rule breaking comments get removed](https://www.reddit.com/r/AskHistorians/comments/h8aefx/rules_roundtable_xviii_removed_curation_and_why/).\n\n#Please consider **[Clicking Here for RemindMeBot](https://www.reddit.com/message/compose/?to=RemindMeBot&amp;subject=Reminder&amp;message=%5Bhttps://www.reddit.com/r/AskHistorians/comments/lx56wn/one_portrayal_of_the_nazis_in_both_history_books/%5D%0A%0ARemindMe!%202%20days)** as it takes time for an answer to be written. \n\nWe thank you for your interest in this *question*, and your patience in waiting for an in-depth and comprehensive answer to show up. In addition to RemindMeBot, consider [using our Browser Extension](https://www.reddit.com/r/AskHistorians/comments/d6dzi7/tired_of_clicking_to_find_only_removed_comments/), or getting the [Weekly Roundup](https://www.reddit.com/message/compose?to=subredditsummarybot&amp;subject=askhistorians+weekly&amp;message=x). In the meantime our [Twitter](https://twitter.com/askhistorians), [Facebook](https://www.facebook.com/askhistorians/), and [Sunday Digest](https://www.reddit.com/r/AskHistorians/search?q=title%3A%22Sunday+Digest%22&amp;restrict_sr=on&amp;sort=new&amp;t=all) feature excellent content that has already been written!\n\n\n*I am a bot, and this action was performed automatically. Please [contact the moderators of this subreddit](/message/compose/?to=/r/AskHistorians) if you have any questions or concerns.*", "edited": false, "downs": 0, "author_flair_css_class": null, "is_submitter": false, "collapsed": false, "author_flair_richtext": [], "author_patreon_flair": false, "body_html": "&lt;div class=\"md\"&gt;&lt;p&gt;Welcome to &lt;a href=\"/r/AskHistorians\"&gt;/r/AskHistorians&lt;/a&gt;. &lt;strong&gt;Please &lt;a href=\"https://www.reddit.com/r/AskHistorians/wiki/rules\"&gt;Read Our Rules&lt;/a&gt; before you comment in this community&lt;/strong&gt;. Understand that &lt;a href=\"https://www.reddit.com/r/AskHistorians/comments/h8aefx/rules_roundtable_xviii_removed_curation_and_why/\"&gt;rule breaking comments get removed&lt;/a&gt;.&lt;/p&gt;\n\n&lt;h1&gt;Please consider &lt;strong&gt;&lt;a href=\"https://www.reddit.com/message/compose/?to=RemindMeBot&amp;amp;subject=Reminder&amp;amp;message=%5Bhttps://www.reddit.com/r/AskHistorians/comments/lx56wn/one_portrayal_of_the_nazis_in_both_history_books/%5D%0A%0ARemindMe!%202%20days\"&gt;Clicking Here for RemindMeBot&lt;/a&gt;&lt;/strong&gt; as it takes time for an answer to be written.&lt;/h1&gt;\n\n&lt;p&gt;We thank you for your interest in this &lt;em&gt;question&lt;/em&gt;, and your patience in waiting for an in-depth and comprehensive answer to show up. In addition to RemindMeBot, consider &lt;a href=\"https://www.reddit.com/r/AskHistorians/comments/d6dzi7/tired_of_clicking_to_find_only_removed_comments/\"&gt;using our Browser Extension&lt;/a&gt;, or getting the &lt;a href=\"https://www.reddit.com/message/compose?to=subredditsummarybot&amp;amp;subject=askhistorians+weekly&amp;amp;message=x\"&gt;Weekly Roundup&lt;/a&gt;. In the meantime our &lt;a href=\"https://twitter.com/askhistorians\"&gt;Twitter&lt;/a&gt;, &lt;a href=\"https://www.facebook.com/askhistorians/\"&gt;Facebook&lt;/a&gt;, and &lt;a href=\"https://www.reddit.com/r/AskHistorians/search?q=title%3A%22Sunday+Digest%22&amp;amp;restrict_sr=on&amp;amp;sort=new&amp;amp;t=all\"&gt;Sunday Digest&lt;/a&gt; feature excellent content that has already been written!&lt;/p&gt;\n\n&lt;p&gt;&lt;em&gt;I am a bot, and this action was performed automatically. Please &lt;a href=\"/message/compose/?to=/r/AskHistorians\"&gt;contact the moderators of this subreddit&lt;/a&gt; if you have any questions or concerns.&lt;/em&gt;&lt;/p&gt;\n&lt;/div&gt;", "gildings": {}, "collapsed_reason": null, "associated_award": null, "stickied": true, "author_premium": true, "subreddit_type": "public", "can_gild": true, "top_awarded_type": null, "approved": false, "author_flair_text_color": null, "score_hidden": false, "permalink": "/r/AskHistorians/comments/lx56wn/one_portrayal_of_the_nazis_in_both_history_books/gpkznu8/", "num_reports": 0, "locked": true, "name": "t1_gpkznu8", "created": 1614836734.0, "subreddit": "AskHistorians", "author_flair_text": null, "treatment_tags": [], "spam": false, "created_utc": 1614807934.0, "subreddit_name_prefixed": "r/AskHistorians", "controversiality": 0, "depth": 0, "author_flair_background_color": null, "collapsed_because_crowd_control": null, "mod_reports": [], "mod_note": null, "distinguished": "moderator"}}, {"kind": "t1", "data": {"total_awards_received": 0, "approved_at_utc": null, "comment_type": null, "awarders": [], "mod_reason_by": null, "banned_by": null, "ups": 8, "author_flair_type": "text", "removal_reason": null, "link_id": "t3_lx56wn", "author_flair_template_id": null, "likes": null, "replies": {"kind": "Listing", "data": {"modhash": null, "dist": null, "children": [{"kind": "t1", "data": {"total_awards_received": 0, "approved_at_utc": null, "ignore_reports": false, "comment_type": null, "awarders": [], "mod_reason_by": null, "banned_by": null, "ups": 8, "author_flair_type": "text", "removal_reason": null, "link_id": "t3_lx56wn", "author_flair_template_id": null, "likes": null, "replies": {"kind": "Listing", "data": {"modhash": null, "dist": null, "children": [{"kind": "t1", "data": {"total_awards_received": 0, "approved_at_utc": null, "comment_type": null, "awarders": [], "mod_reason_by": null, "banned_by": null, "ups": 2, "author_flair_type": "text", "removal_reason": null, "link_id": "t3_lx56wn", "author_flair_template_id": null, "likes": null, "replies": "", "user_reports": [], "saved": false, "id": "gpm22sg", "banned_at_utc": null, "mod_reason_title": null, "gilded": 0, "archived": false, "removed": false, "no_follow": true, "author": "Tough_Guys_Wear_Pink", "can_mod_post": true, "created_utc": 1614827426.0, "send_replies": true, "parent_id": "t1_gplxoio", "score": 2, "author_fullname": "t2_6zezedgy", "report_reasons": [], "approved_by": null, "all_awardings": [], "subreddit_id": "t5_2ssp3", "ignore_reports": false, "body": "Thanks, OP\u2019s question was so full of sub-questions that I had to really narrow the scope of my answer lest I be tapping away at my phone all night haha.", "edited": false, "author_flair_css_class": null, "is_submitter": false, "downs": 0, "author_flair_richtext": [], "author_patreon_flair": false, "body_html": "&lt;div class=\"md\"&gt;&lt;p&gt;Thanks, OP\u2019s question was so full of sub-questions that I had to really narrow the scope of my answer lest I be tapping away at my phone all night haha.&lt;/p&gt;\n&lt;/div&gt;", "gildings": {}, "collapsed_reason": null, "associated_award": null, "stickied": false, "author_premium": false, "subreddit_type": "public", "can_gild": true, "top_awarded_type": null, "approved": false, "author_flair_text_color": null, "score_hidden": false, "permalink": "/r/AskHistorians/comments/lx56wn/one_portrayal_of_the_nazis_in_both_history_books/gpm22sg/", "num_reports": 0, "locked": false, "name": "t1_gpm22sg", "created": 1614856226.0, "subreddit": "AskHistorians", "author_flair_text": null, "treatment_tags": [], "spam": false, "collapsed": false, "subreddit_name_prefixed": "r/AskHistorians", "controversiality": 0, "depth": 2, "author_flair_background_color": null, "collapsed_because_crowd_control": null, "mod_reports": [], "mod_note": null, "distinguished": null}}], "after": null, "before": null}}, "user_reports": [], "saved": false, "id": "gplxoio", "banned_at_utc": null, "mod_reason_title": null, "gilded": 0, "archived": false, "removed": false, "no_follow": false, "author": "mikitacurve", "can_mod_post": true, "send_replies": true, "parent_id": "t1_gplkmrz", "score": 8, "author_fullname": "t2_bkb37", "report_reasons": [], "approved_by": null, "all_awardings": [], "subreddit_id": "t5_2ssp3", "collapsed": false, "body": "I don't want to object to anything you've said, as to the best of my knowledge it's all factually correct. However, I think that your answer focuses a little heavily on, as you say, the \"fancy toys\", which are ultimately just that. They are representative of underlying historical factors, but to focus on just the front-line military technology of the war is a decision that narrows our understanding. (I am a small-arms nut myself and love to go on about what rifle was best, but I think that ascribing the Wehrmacht's significant disadvantage to their rifles is a massive oversimplification.) By looking at just tanks, small arms, or jets, we lose sight of greater structural answers to this question, which you do discuss at the end. Again, I am not trying to dispute your answer, but I think the rifles are the footnote, not the other way around.\n\nAt any rate, for u/sammyjamez's benefit, here is [an answer that focuses more on the structural issues and inefficiencies of Nazism](https://www.reddit.com/r/AskHistorians/comments/b2z1m3/the_nazis_were_unable_to_make_the_trains_run_on/eiwp82i/?context=3), by u/zaradeptus, and [another answer that looks at the military side of the myth of German efficiency](https://www.reddit.com/r/AskHistorians/comments/bxwu09/hollywood_likes_to_portray_nazi_germany_as_a/), by u/Ruhr1920hist.\n\nAlso, I want to point out kindly, *Deutsche Physik* is two words.", "edited": false, "author_flair_css_class": null, "is_submitter": false, "downs": 0, "author_flair_richtext": [], "author_patreon_flair": false, "body_html": "&lt;div class=\"md\"&gt;&lt;p&gt;I don&amp;#39;t want to object to anything you&amp;#39;ve said, as to the best of my knowledge it&amp;#39;s all factually correct. However, I think that your answer focuses a little heavily on, as you say, the &amp;quot;fancy toys&amp;quot;, which are ultimately just that. They are representative of underlying historical factors, but to focus on just the front-line military technology of the war is a decision that narrows our understanding. (I am a small-arms nut myself and love to go on about what rifle was best, but I think that ascribing the Wehrmacht&amp;#39;s significant disadvantage to their rifles is a massive oversimplification.) By looking at just tanks, small arms, or jets, we lose sight of greater structural answers to this question, which you do discuss at the end. Again, I am not trying to dispute your answer, but I think the rifles are the footnote, not the other way around.&lt;/p&gt;\n\n&lt;p&gt;At any rate, for &lt;a href=\"/u/sammyjamez\"&gt;u/sammyjamez&lt;/a&gt;&amp;#39;s benefit, here is &lt;a href=\"https://www.reddit.com/r/AskHistorians/comments/b2z1m3/the_nazis_were_unable_to_make_the_trains_run_on/eiwp82i/?context=3\"&gt;an answer that focuses more on the structural issues and inefficiencies of Nazism&lt;/a&gt;, by &lt;a href=\"/u/zaradeptus\"&gt;u/zaradeptus&lt;/a&gt;, and &lt;a href=\"https://www.reddit.com/r/AskHistorians/comments/bxwu09/hollywood_likes_to_portray_nazi_germany_as_a/\"&gt;another answer that looks at the military side of the myth of German efficiency&lt;/a&gt;, by &lt;a href=\"/u/Ruhr1920hist\"&gt;u/Ruhr1920hist&lt;/a&gt;.&lt;/p&gt;\n\n&lt;p&gt;Also, I want to point out kindly, &lt;em&gt;Deutsche Physik&lt;/em&gt; is two words.&lt;/p&gt;\n&lt;/div&gt;", "gildings": {}, "collapsed_reason": null, "associated_award": null, "stickied": false, "author_premium": true, "subreddit_type": "public", "can_gild": true, "top_awarded_type": null, "approved": false, "author_flair_text_color": null, "score_hidden": false, "permalink": "/r/AskHistorians/comments/lx56wn/one_portrayal_of_the_nazis_in_both_history_books/gplxoio/", "num_reports": 0, "locked": false, "name": "t1_gplxoio", "created": 1614854015.0, "subreddit": "AskHistorians", "author_flair_text": null, "treatment_tags": [], "spam": false, "created_utc": 1614825215.0, "subreddit_name_prefixed": "r/AskHistorians", "controversiality": 0, "depth": 1, "author_flair_background_color": null, "collapsed_because_crowd_control": null, "mod_reports": [], "mod_note": null, "distinguished": null}}], "after": null, "before": null}}, "user_reports": [], "saved": false, "id": "gplkmrz", "banned_at_utc": null, "mod_reason_title": null, "gilded": 0, "archived": false, "removed": false, "no_follow": false, "author": "Tough_Guys_Wear_Pink", "can_mod_post": true, "send_replies": true, "parent_id": "t3_lx56wn", "score": 8, "author_fullname": "t2_6zezedgy", "report_reasons": [], "approved_by": null, "all_awardings": [], "subreddit_id": "t5_2ssp3", "ignore_reports": false, "body": "While there is some truth underpinning the perception of Nazi Germany as a peerless scientific and technological juggernaut, this pop history narrative is more myth than fact. Your question addressed a number of distinct and very broad topics- all of which are great questions- but I\u2019ll keep my answer focused primarily on science &amp; technology: \n\nGermany\u2019s continuing position as a world leader in science and technology was even stronger during the Hitler era, but this long tradition of German excellence in science &amp; engineering far predated Hitler. While it did prove to be a major asset to his ambitions, and would have been even more so if the Nazis hadn\u2019t chased so many highly talented Jews out of these fields,\nit\u2019s important to emphasize that this tradition of excellence is a *German* one and has absolutely nothing to do with the National Socialists. On the contrary, scientific &amp; technological progress actually suffered hider the NSDAP due to such policies as *Deutschefisik* (\u201cGerman physics\u201d) which were intended as ideologically acceptable alternatives to \u201cJewish\u201d science. The many successes of German science and engineering in this era occurred in spite of Hitlerism, not because of it. \n\nNevertheless, the Germans of course did achieve several significant technological &amp; scientific advancements. These are well-known and include jet engines, ballistic missiles, cryptography, and more. However, many of the most commonly cited examples were less impressive than pop history remembers them. To name a couple of examples:\n* the infamous German Panther &amp; Tiger tanks, while formidable, also suffered from *significant* limitations such as mechanical reliability and range. \n* Despite fielding the world\u2019s first modern assault rifle (the Sturmgewehr-44) the majority of German troops were armed with the bolt-action Mauser K98 until the end of the war. This put them at significant disadvantage against opponents wielding such weapons as the Soviet PPsh and American M1 Garand.\n\nThe Germans also found themselves outclassed by Allied- and especially American- scientific prowess. Not only did the US easily beat Nazi Germany to the atomic bomb, but mainstays of Allied fighting power such as heavy bombers, fighter planes, the T-34 tank, semi-automatic rifles, and others were equal to and in many instances demonstrably superior to that of the Germans. The Allies also developed better radar technology and mastered its application in naval warfare far better than the Germans did, which proved the doom of the once-feared U-boat fleet. These things weren\u2019t simply a matter of numerical superiority, either...the Allies developed a *ton* of highly effective tools that were simply better than Germany\u2019s. Even some of the more better known German accomplishments weren\u2019t *that* much more impressive than those of their enemies. For example, the Messerschmitt 262 is widely credited for being the world\u2019s first combat jet fighter but the Allies\u2019 own jet, the Gloucester Meteor, entered service at almost exactly the same time. \n\nDid Hitler\u2019s Germany field a plethora of fancy toys during the war? Sure, but so the Allies.\n\nAs a final note, the Germans\u2019 famed efficiency and penchant for organizational acumen was strangely absent from many aspects of Hitler\u2019s Germany. Procurement and production processes were notoriously inefficient and exacerbated the severe disparity in resources by making things like heavy tanks (which were already complicated and overly engineered) even slower to produce. Politically, the structure of the regime itself and its tentacles of power were bafflingly complicated. If you read about which agencies fell under which departments and department chiefs you will likely find it impossible to remember. Organizationally, there was a LOT of duplication and overlap (case in point: many officers were simultaneously members of the Gestapo and SS despite these being different organizations). This was partly by design, as Hitler enjoyed having multiple underlings scrambling to accomplish the same goal, his logic being that the \u201cstrongest\u201d would prevail and thus the best solution would manifest itself. What resulted instead was a very inefficient, convoluted, and rivalry-ridden way of doing business. This is also the inherent weakness of a system focused on a single individual whose personal favor was the sole currency of prestige &amp; influence, a reality that extended even to those outside the regime such as industrial leaders.", "edited": false, "downs": 0, "author_flair_css_class": null, "is_submitter": false, "collapsed": false, "author_flair_richtext": [], "author_patreon_flair": false, "body_html": "&lt;div class=\"md\"&gt;&lt;p&gt;While there is some truth underpinning the perception of Nazi Germany as a peerless scientific and technological juggernaut, this pop history narrative is more myth than fact. Your question addressed a number of distinct and very broad topics- all of which are great questions- but I\u2019ll keep my answer focused primarily on science &amp;amp; technology: &lt;/p&gt;\n\n&lt;p&gt;Germany\u2019s continuing position as a world leader in science and technology was even stronger during the Hitler era, but this long tradition of German excellence in science &amp;amp; engineering far predated Hitler. While it did prove to be a major asset to his ambitions, and would have been even more so if the Nazis hadn\u2019t chased so many highly talented Jews out of these fields,\nit\u2019s important to emphasize that this tradition of excellence is a &lt;em&gt;German&lt;/em&gt; one and has absolutely nothing to do with the National Socialists. On the contrary, scientific &amp;amp; technological progress actually suffered hider the NSDAP due to such policies as &lt;em&gt;Deutschefisik&lt;/em&gt; (\u201cGerman physics\u201d) which were intended as ideologically acceptable alternatives to \u201cJewish\u201d science. The many successes of German science and engineering in this era occurred in spite of Hitlerism, not because of it. &lt;/p&gt;\n\n&lt;p&gt;Nevertheless, the Germans of course did achieve several significant technological &amp;amp; scientific advancements. These are well-known and include jet engines, ballistic missiles, cryptography, and more. However, many of the most commonly cited examples were less impressive than pop history remembers them. To name a couple of examples:\n* the infamous German Panther &amp;amp; Tiger tanks, while formidable, also suffered from &lt;em&gt;significant&lt;/em&gt; limitations such as mechanical reliability and range. \n* Despite fielding the world\u2019s first modern assault rifle (the Sturmgewehr-44) the majority of German troops were armed with the bolt-action Mauser K98 until the end of the war. This put them at significant disadvantage against opponents wielding such weapons as the Soviet PPsh and American M1 Garand.&lt;/p&gt;\n\n&lt;p&gt;The Germans also found themselves outclassed by Allied- and especially American- scientific prowess. Not only did the US easily beat Nazi Germany to the atomic bomb, but mainstays of Allied fighting power such as heavy bombers, fighter planes, the T-34 tank, semi-automatic rifles, and others were equal to and in many instances demonstrably superior to that of the Germans. The Allies also developed better radar technology and mastered its application in naval warfare far better than the Germans did, which proved the doom of the once-feared U-boat fleet. These things weren\u2019t simply a matter of numerical superiority, either...the Allies developed a &lt;em&gt;ton&lt;/em&gt; of highly effective tools that were simply better than Germany\u2019s. Even some of the more better known German accomplishments weren\u2019t &lt;em&gt;that&lt;/em&gt; much more impressive than those of their enemies. For example, the Messerschmitt 262 is widely credited for being the world\u2019s first combat jet fighter but the Allies\u2019 own jet, the Gloucester Meteor, entered service at almost exactly the same time. &lt;/p&gt;\n\n&lt;p&gt;Did Hitler\u2019s Germany field a plethora of fancy toys during the war? Sure, but so the Allies.&lt;/p&gt;\n\n&lt;p&gt;As a final note, the Germans\u2019 famed efficiency and penchant for organizational acumen was strangely absent from many aspects of Hitler\u2019s Germany. Procurement and production processes were notoriously inefficient and exacerbated the severe disparity in resources by making things like heavy tanks (which were already complicated and overly engineered) even slower to produce. Politically, the structure of the regime itself and its tentacles of power were bafflingly complicated. If you read about which agencies fell under which departments and department chiefs you will likely find it impossible to remember. Organizationally, there was a LOT of duplication and overlap (case in point: many officers were simultaneously members of the Gestapo and SS despite these being different organizations). This was partly by design, as Hitler enjoyed having multiple underlings scrambling to accomplish the same goal, his logic being that the \u201cstrongest\u201d would prevail and thus the best solution would manifest itself. What resulted instead was a very inefficient, convoluted, and rivalry-ridden way of doing business. This is also the inherent weakness of a system focused on a single individual whose personal favor was the sole currency of prestige &amp;amp; influence, a reality that extended even to those outside the regime such as industrial leaders.&lt;/p&gt;\n&lt;/div&gt;", "gildings": {}, "collapsed_reason": null, "associated_award": null, "stickied": false, "author_premium": false, "subreddit_type": "public", "can_gild": true, "top_awarded_type": null, "approved": false, "author_flair_text_color": null, "score_hidden": false, "permalink": "/r/AskHistorians/comments/lx56wn/one_portrayal_of_the_nazis_in_both_history_books/gplkmrz/", "num_reports": 0, "locked": false, "name": "t1_gplkmrz", "created": 1614847041.0, "subreddit": "AskHistorians", "author_flair_text": null, "treatment_tags": [], "spam": false, "created_utc": 1614818241.0, "subreddit_name_prefixed": "r/AskHistorians", "controversiality": 0, "depth": 0, "author_flair_background_color": null, "collapsed_because_crowd_control": null, "mod_reports": [], "mod_note": null, "distinguished": null}}], "after": null, "before": null}}]