[{"kind": "Listing", "data": {"modhash": "", "dist": 1, "children": [{"kind": "t3", "data": {"subreddit_id": "t5_2ssp3", "approved_at_utc": null, "send_replies": true, "mod_reason_by": null, "banned_by": null, "removal_reason": null, "wls": 6, "subreddit": "AskHistorians", "selftext_html": "&lt;!-- SC_OFF --&gt;&lt;div class=\"md\"&gt;&lt;p&gt;Just wondering if there was a particular point at which the Australian accent became more prevalent than the mish-mash of what I assume were prevalent in the immigrant&amp;#39;s accents.&lt;/p&gt;\n&lt;/div&gt;&lt;!-- SC_ON --&gt;", "author_flair_template_id": null, "selftext": "Just wondering if there was a particular point at which the Australian accent became more prevalent than the mish-mash of what I assume were prevalent in the immigrant's accents.", "likes": null, "suggested_sort": null, "mod_note": null, "user_reports": [], "secure_media": null, "is_reddit_media_domain": false, "saved": false, "id": "8geiqq", "banned_at_utc": null, "mod_reason_title": null, "view_count": null, "archived": false, "clicked": false, "no_follow": true, "author": "BottledApple", "num_crossposts": 0, "link_flair_text": null, "can_mod_post": false, "is_crosspostable": false, "pinned": false, "score": 3, "approved_by": null, "over_18": false, "domain": "self.AskHistorians", "hidden": false, "pwls": 6, "thumbnail": "", "hide_score": false, "edited": false, "link_flair_css_class": null, "media_only": false, "author_flair_css_class": null, "contest_mode": false, "gilded": 0, "title": "In Australia, during the period from 1855 to 1880 or so, were people just speaking with a variety of English and other European accents?", "downs": 0, "secure_media_embed": {}, "media_embed": {}, "author_flair_text": null, "stickied": false, "can_gild": false, "is_self": true, "parent_whitelist_status": "all_ads", "name": "t3_8geiqq", "spoiler": false, "permalink": "/r/AskHistorians/comments/8geiqq/in_australia_during_the_period_from_1855_to_1880/", "subreddit_type": "public", "locked": false, "report_reasons": null, "created": 1525261797.0, "url": "https://www.reddit.com/r/AskHistorians/comments/8geiqq/in_australia_during_the_period_from_1855_to_1880/", "whitelist_status": "all_ads", "quarantine": false, "subreddit_subscribers": 757434, "created_utc": 1525232997.0, "subreddit_name_prefixed": "r/AskHistorians", "distinguished": null, "media": null, "num_comments": 0, "upvote_ratio": 0.68, "mod_reports": [], "visited": false, "num_reports": null, "is_video": false, "ups": 3, "post_categories": null}}], "after": null, "before": null}}, {"kind": "Listing", "data": {"modhash": "", "dist": null, "children": [], "after": null, "before": null}}]