[{"kind": "Listing", "data": {"modhash": "", "dist": 1, "children": [{"kind": "t3", "data": {"subreddit_id": "t5_2ssp3", "approved_at_utc": null, "send_replies": true, "mod_reason_by": null, "banned_by": null, "removal_reason": null, "wls": 6, "subreddit": "AskHistorians", "selftext_html": null, "author_flair_template_id": null, "selftext": "", "likes": null, "suggested_sort": null, "mod_note": null, "user_reports": [], "secure_media": null, "is_reddit_media_domain": false, "saved": false, "id": "8geicl", "banned_at_utc": null, "mod_reason_title": null, "view_count": null, "archived": false, "clicked": false, "no_follow": true, "author": "From_the_Underground", "num_crossposts": 0, "link_flair_text": null, "can_mod_post": false, "is_crosspostable": false, "pinned": false, "score": 9, "approved_by": null, "over_18": false, "domain": "self.AskHistorians", "hidden": false, "pwls": 6, "thumbnail": "", "hide_score": false, "edited": false, "link_flair_css_class": null, "media_only": false, "author_flair_css_class": null, "contest_mode": false, "gilded": 0, "title": "Was there any terrorism (or equivalent) during the renaissance or Middle Ages?", "downs": 0, "secure_media_embed": {}, "media_embed": {}, "author_flair_text": null, "stickied": false, "can_gild": false, "is_self": true, "parent_whitelist_status": "all_ads", "name": "t3_8geicl", "spoiler": false, "permalink": "/r/AskHistorians/comments/8geicl/was_there_any_terrorism_or_equivalent_during_the/", "subreddit_type": "public", "locked": false, "report_reasons": null, "created": 1525261675.0, "url": "https://www.reddit.com/r/AskHistorians/comments/8geicl/was_there_any_terrorism_or_equivalent_during_the/", "whitelist_status": "all_ads", "quarantine": false, "subreddit_subscribers": 757434, "created_utc": 1525232875.0, "subreddit_name_prefixed": "r/AskHistorians", "distinguished": null, "media": null, "num_comments": 2, "upvote_ratio": 0.82, "mod_reports": [], "visited": false, "num_reports": null, "is_video": false, "ups": 9, "post_categories": null}}], "after": null, "before": null}}, {"kind": "Listing", "data": {"modhash": "", "dist": null, "children": [{"kind": "t1", "data": {"subreddit_id": "t5_2ssp3", "approved_at_utc": null, "ups": 1, "mod_reason_by": null, "banned_by": null, "removal_reason": null, "link_id": "t3_8geicl", "author_flair_template_id": null, "likes": null, "no_follow": true, "replies": "", "user_reports": [], "saved": false, "id": "dz7znjp", "banned_at_utc": null, "mod_reason_title": null, "gilded": 0, "archived": false, "report_reasons": null, "author": "blindingpain", "can_mod_post": false, "send_replies": true, "parent_id": "t3_8geicl", "score": 1, "approved_by": null, "downs": 0, "body": "I would argue that much of the Hundred Years War consisted of state sponsored terrorism. When Edward the Black Prince ran amok in Bordeaux and throughout Normandy, he cowed the locals into giving taxes and submitting to him through a systematic use of institutionalized, indiscriminate terror.", "edited": false, "author_flair_css_class": null, "collapsed": false, "is_submitter": false, "collapsed_reason": null, "body_html": "&lt;div class=\"md\"&gt;&lt;p&gt;I would argue that much of the Hundred Years War consisted of state sponsored terrorism. When Edward the Black Prince ran amok in Bordeaux and throughout Normandy, he cowed the locals into giving taxes and submitting to him through a systematic use of institutionalized, indiscriminate terror.&lt;/p&gt;\n&lt;/div&gt;", "subreddit_type": "public", "can_gild": true, "subreddit": "AskHistorians", "name": "t1_dz7znjp", "score_hidden": false, "permalink": "/r/AskHistorians/comments/8geicl/was_there_any_terrorism_or_equivalent_during_the/dz7znjp/", "num_reports": null, "stickied": false, "created": 1526729026.0, "author_flair_text": null, "created_utc": 1526700226.0, "subreddit_name_prefixed": "r/AskHistorians", "controversiality": 0, "depth": 0, "mod_reports": [], "mod_note": null, "distinguished": null}}], "after": null, "before": null}}]