[{"kind": "Listing", "data": {"modhash": "", "dist": 1, "children": [{"kind": "t3", "data": {"subreddit_id": "t5_2ssp3", "approved_at_utc": null, "send_replies": true, "mod_reason_by": null, "banned_by": null, "removal_reason": null, "wls": 6, "subreddit": "AskHistorians", "selftext_html": "&lt;!-- SC_OFF --&gt;&lt;div class=\"md\"&gt;&lt;p&gt;Specifically during the second world war, but any details of afterward are welcome as well&lt;/p&gt;\n&lt;/div&gt;&lt;!-- SC_ON --&gt;", "author_flair_template_id": null, "selftext": "Specifically during the second world war, but any details of afterward are welcome as well", "likes": null, "suggested_sort": null, "mod_note": null, "user_reports": [], "secure_media": null, "is_reddit_media_domain": false, "saved": false, "id": "8ges3h", "banned_at_utc": null, "mod_reason_title": null, "view_count": null, "archived": false, "clicked": false, "no_follow": false, "author": "TheManFromFarAway", "num_crossposts": 0, "link_flair_text": null, "can_mod_post": false, "is_crosspostable": false, "pinned": false, "score": 3, "approved_by": null, "over_18": false, "domain": "self.AskHistorians", "hidden": false, "pwls": 6, "thumbnail": "", "hide_score": false, "edited": false, "link_flair_css_class": null, "media_only": false, "author_flair_css_class": null, "contest_mode": false, "gilded": 0, "title": "Were Soviet war heroes (men or women) sent to America or Britain on any sort of allied morale tour?", "downs": 0, "secure_media_embed": {}, "media_embed": {}, "author_flair_text": null, "stickied": false, "can_gild": false, "is_self": true, "parent_whitelist_status": "all_ads", "name": "t3_8ges3h", "spoiler": false, "permalink": "/r/AskHistorians/comments/8ges3h/were_soviet_war_heroes_men_or_women_sent_to/", "subreddit_type": "public", "locked": false, "report_reasons": null, "created": 1525264746.0, "url": "https://www.reddit.com/r/AskHistorians/comments/8ges3h/were_soviet_war_heroes_men_or_women_sent_to/", "whitelist_status": "all_ads", "quarantine": false, "subreddit_subscribers": 757434, "created_utc": 1525235946.0, "subreddit_name_prefixed": "r/AskHistorians", "distinguished": null, "media": null, "num_comments": 2, "upvote_ratio": 0.68, "mod_reports": [], "visited": false, "num_reports": null, "is_video": false, "ups": 3, "post_categories": null}}], "after": null, "before": null}}, {"kind": "Listing", "data": {"modhash": "", "dist": null, "children": [{"kind": "t1", "data": {"subreddit_id": "t5_2ssp3", "approved_at_utc": null, "ups": 3, "mod_reason_by": null, "banned_by": null, "removal_reason": null, "link_id": "t3_8ges3h", "author_flair_template_id": null, "likes": null, "no_follow": true, "replies": {"kind": "Listing", "data": {"modhash": "", "dist": null, "children": [{"kind": "t1", "data": {"subreddit_id": "t5_2ssp3", "approved_at_utc": null, "ups": 1, "mod_reason_by": null, "banned_by": null, "removal_reason": null, "link_id": "t3_8ges3h", "author_flair_template_id": null, "likes": null, "no_follow": true, "replies": "", "user_reports": [], "saved": false, "id": "dycskfm", "banned_at_utc": null, "mod_reason_title": null, "gilded": 0, "archived": false, "report_reasons": null, "author": "TheManFromFarAway", "can_mod_post": false, "send_replies": true, "parent_id": "t1_dybdv5u", "score": 1, "approved_by": null, "downs": 0, "body": "Pavlichenko had actually been the inspiration for my question. I was curious about this for a story I've been working on and was looking for an example from during the war, but as it appears Pavlichenko was the one I've been searching for all along. Thanks!", "edited": false, "author_flair_css_class": null, "collapsed": false, "is_submitter": true, "collapsed_reason": null, "body_html": "&lt;div class=\"md\"&gt;&lt;p&gt;Pavlichenko had actually been the inspiration for my question. I was curious about this for a story I&amp;#39;ve been working on and was looking for an example from during the war, but as it appears Pavlichenko was the one I&amp;#39;ve been searching for all along. Thanks!&lt;/p&gt;\n&lt;/div&gt;", "subreddit_type": "public", "can_gild": true, "subreddit": "AskHistorians", "name": "t1_dycskfm", "score_hidden": false, "permalink": "/r/AskHistorians/comments/8ges3h/were_soviet_war_heroes_men_or_women_sent_to/dycskfm/", "num_reports": null, "stickied": false, "created": 1525335191.0, "author_flair_text": null, "created_utc": 1525306391.0, "subreddit_name_prefixed": "r/AskHistorians", "controversiality": 0, "depth": 1, "mod_reports": [], "mod_note": null, "distinguished": null}}], "after": null, "before": null}}, "user_reports": [], "saved": false, "id": "dybdv5u", "banned_at_utc": null, "mod_reason_title": null, "gilded": 0, "archived": false, "report_reasons": null, "author": "Panzerjaegar", "can_mod_post": false, "send_replies": true, "parent_id": "t3_8ges3h", "score": 3, "approved_by": null, "downs": 0, "body": "Yup. There's a famous female Soviet sniper who went around promoting US-soviet relations after the battle of stalingrad. She became best friends with Eleanor Roosevelt and they campaigned together.\nhttps://www.smithsonianmag.com/history/eleanor-roosevelt-and-the-soviet-sniper-23585278/\n\nAlso: \"Pavlichenko was sent to\u00a0Canada\u00a0and the\u00a0United States\u00a0for a publicity visit and became the first Soviet citizen to be received by a\u00a0US President\u00a0when\u00a0Franklin Delano Rooseveltwelcomed her to the\u00a0White House.\u00a0Pavlichenko was later invited by\u00a0Eleanor Roosevelt\u00a0to tour America relating her experiences. While meeting with reporters in\u00a0Washington, D.C., she was dumbfounded about the kind of questions put to her. \"One reporter even criticized the length of the skirt of my uniform, saying that in America women wear shorter skirts and besides my uniform made me look fat.\"\"", "edited": false, "author_flair_css_class": null, "collapsed": false, "is_submitter": false, "collapsed_reason": null, "body_html": "&lt;div class=\"md\"&gt;&lt;p&gt;Yup. There&amp;#39;s a famous female Soviet sniper who went around promoting US-soviet relations after the battle of stalingrad. She became best friends with Eleanor Roosevelt and they campaigned together.\n&lt;a href=\"https://www.smithsonianmag.com/history/eleanor-roosevelt-and-the-soviet-sniper-23585278/\"&gt;https://www.smithsonianmag.com/history/eleanor-roosevelt-and-the-soviet-sniper-23585278/&lt;/a&gt;&lt;/p&gt;\n\n&lt;p&gt;Also: &amp;quot;Pavlichenko was sent to\u00a0Canada\u00a0and the\u00a0United States\u00a0for a publicity visit and became the first Soviet citizen to be received by a\u00a0US President\u00a0when\u00a0Franklin Delano Rooseveltwelcomed her to the\u00a0White House.\u00a0Pavlichenko was later invited by\u00a0Eleanor Roosevelt\u00a0to tour America relating her experiences. While meeting with reporters in\u00a0Washington, D.C., she was dumbfounded about the kind of questions put to her. &amp;quot;One reporter even criticized the length of the skirt of my uniform, saying that in America women wear shorter skirts and besides my uniform made me look fat.&amp;quot;&amp;quot;&lt;/p&gt;\n&lt;/div&gt;", "subreddit_type": "public", "can_gild": true, "subreddit": "AskHistorians", "name": "t1_dybdv5u", "score_hidden": false, "permalink": "/r/AskHistorians/comments/8ges3h/were_soviet_war_heroes_men_or_women_sent_to/dybdv5u/", "num_reports": null, "stickied": false, "created": 1525282464.0, "author_flair_text": null, "created_utc": 1525253664.0, "subreddit_name_prefixed": "r/AskHistorians", "controversiality": 0, "depth": 0, "mod_reports": [], "mod_note": null, "distinguished": null}}], "after": null, "before": null}}]