[{"kind": "Listing", "data": {"modhash": "", "dist": 1, "children": [{"kind": "t3", "data": {"subreddit_id": "t5_2ssp3", "approved_at_utc": null, "send_replies": true, "mod_reason_by": null, "banned_by": null, "removal_reason": null, "wls": 6, "subreddit": "AskHistorians", "selftext_html": null, "author_flair_template_id": null, "selftext": "", "likes": null, "suggested_sort": null, "mod_note": null, "user_reports": [], "secure_media": null, "is_reddit_media_domain": false, "saved": false, "id": "8gfsy0", "banned_at_utc": null, "mod_reason_title": null, "view_count": null, "archived": false, "clicked": false, "no_follow": false, "author": "TanktopSamurai", "num_crossposts": 0, "link_flair_text": null, "can_mod_post": false, "is_crosspostable": false, "pinned": false, "score": 14, "approved_by": null, "over_18": false, "domain": "self.AskHistorians", "hidden": false, "pwls": 6, "thumbnail": "", "hide_score": false, "edited": false, "link_flair_css_class": null, "media_only": false, "author_flair_css_class": null, "contest_mode": false, "gilded": 0, "title": "To what extent and how enthusiastically did the Vichy government of France collaborate with Nazi Germany?", "downs": 0, "secure_media_embed": {}, "media_embed": {}, "author_flair_text": null, "stickied": false, "can_gild": false, "is_self": true, "parent_whitelist_status": "all_ads", "name": "t3_8gfsy0", "spoiler": false, "permalink": "/r/AskHistorians/comments/8gfsy0/to_what_extent_and_how_enthusiastically_did_the/", "subreddit_type": "public", "locked": false, "report_reasons": null, "created": 1525277903.0, "url": "https://www.reddit.com/r/AskHistorians/comments/8gfsy0/to_what_extent_and_how_enthusiastically_did_the/", "whitelist_status": "all_ads", "quarantine": false, "subreddit_subscribers": 757434, "created_utc": 1525249103.0, "subreddit_name_prefixed": "r/AskHistorians", "distinguished": null, "media": null, "num_comments": 3, "upvote_ratio": 0.9, "mod_reports": [], "visited": false, "num_reports": null, "is_video": false, "ups": 14, "post_categories": null}}], "after": null, "before": null}}, {"kind": "Listing", "data": {"modhash": "", "dist": null, "children": [{"kind": "t1", "data": {"subreddit_id": "t5_2ssp3", "approved_at_utc": null, "ups": 1, "mod_reason_by": null, "banned_by": null, "removal_reason": null, "link_id": "t3_8gfsy0", "author_flair_template_id": null, "likes": null, "no_follow": true, "replies": {"kind": "Listing", "data": {"modhash": "", "dist": null, "children": [{"kind": "t1", "data": {"subreddit_id": "t5_2ssp3", "approved_at_utc": null, "ups": 6, "mod_reason_by": null, "banned_by": null, "removal_reason": null, "link_id": "t3_8gfsy0", "author_flair_template_id": null, "likes": null, "no_follow": false, "replies": "", "user_reports": [], "saved": false, "id": "dybwhcz", "banned_at_utc": null, "mod_reason_title": null, "gilded": 0, "archived": false, "report_reasons": null, "author": "chocolatepot", "can_mod_post": false, "send_replies": true, "parent_id": "t1_dybuc90", "score": 6, "approved_by": null, "downs": 0, "body": "Commenting on a Reddit post to \"bump\" the thread is not allowed, both because it ups the comment count fruitlessly and because it doesn't actually do anything. Upvote a thread if you would like to see it answered instead.", "edited": false, "author_flair_css_class": "moderator", "collapsed": false, "is_submitter": false, "collapsed_reason": null, "body_html": "&lt;div class=\"md\"&gt;&lt;p&gt;Commenting on a Reddit post to &amp;quot;bump&amp;quot; the thread is not allowed, both because it ups the comment count fruitlessly and because it doesn&amp;#39;t actually do anything. Upvote a thread if you would like to see it answered instead.&lt;/p&gt;\n&lt;/div&gt;", "subreddit_type": "public", "can_gild": true, "subreddit": "AskHistorians", "name": "t1_dybwhcz", "score_hidden": false, "permalink": "/r/AskHistorians/comments/8gfsy0/to_what_extent_and_how_enthusiastically_did_the/dybwhcz/", "num_reports": null, "stickied": false, "created": 1525305815.0, "author_flair_text": "Moderator | History of Western Fashion", "created_utc": 1525277015.0, "subreddit_name_prefixed": "r/AskHistorians", "controversiality": 0, "depth": 1, "mod_reports": [], "mod_note": null, "distinguished": "moderator"}}], "after": null, "before": null}}, "user_reports": [], "saved": false, "id": "dybuc90", "banned_at_utc": null, "mod_reason_title": null, "gilded": 0, "archived": false, "report_reasons": null, "author": "[deleted]", "can_mod_post": false, "send_replies": true, "parent_id": "t3_8gfsy0", "score": 1, "approved_by": null, "downs": 0, "body": "[removed]", "edited": false, "author_flair_css_class": null, "collapsed": false, "is_submitter": false, "collapsed_reason": null, "body_html": "&lt;div class=\"md\"&gt;&lt;p&gt;[removed]&lt;/p&gt;\n&lt;/div&gt;", "subreddit_type": "public", "can_gild": true, "subreddit": "AskHistorians", "name": "t1_dybuc90", "score_hidden": false, "permalink": "/r/AskHistorians/comments/8gfsy0/to_what_extent_and_how_enthusiastically_did_the/dybuc90/", "num_reports": null, "stickied": false, "created": 1525303956.0, "author_flair_text": null, "created_utc": 1525275156.0, "subreddit_name_prefixed": "r/AskHistorians", "controversiality": 0, "depth": 0, "mod_reports": [], "mod_note": null, "distinguished": null}}], "after": null, "before": null}}]