[{"kind": "Listing", "data": {"modhash": "", "dist": 1, "children": [{"kind": "t3", "data": {"subreddit_id": "t5_2ssp3", "approved_at_utc": null, "send_replies": true, "mod_reason_by": null, "banned_by": null, "removal_reason": null, "wls": 6, "subreddit": "AskHistorians", "selftext_html": "&lt;!-- SC_OFF --&gt;&lt;div class=\"md\"&gt;&lt;p&gt;When did the tradition of building sand castles at the beach begin, and was there a period where people built all sorts of sand structures before settling on castles as the thing?&lt;/p&gt;\n&lt;/div&gt;&lt;!-- SC_ON --&gt;", "author_flair_template_id": null, "selftext": "When did the tradition of building sand castles at the beach begin, and was there a period where people built all sorts of sand structures before settling on castles as the thing?", "likes": null, "suggested_sort": null, "mod_note": null, "user_reports": [], "secure_media": null, "is_reddit_media_domain": false, "saved": false, "id": "8ggk7q", "banned_at_utc": null, "mod_reason_title": null, "view_count": null, "archived": false, "clicked": false, "no_follow": false, "author": "OryuSatellite", "num_crossposts": 0, "link_flair_text": null, "can_mod_post": false, "is_crosspostable": false, "pinned": false, "score": 8, "approved_by": null, "over_18": false, "domain": "self.AskHistorians", "hidden": false, "pwls": 6, "thumbnail": "", "hide_score": false, "edited": false, "link_flair_css_class": null, "media_only": false, "author_flair_css_class": null, "contest_mode": false, "gilded": 0, "title": "sand castles at the beach?", "downs": 0, "secure_media_embed": {}, "media_embed": {}, "author_flair_text": null, "stickied": false, "can_gild": false, "is_self": true, "parent_whitelist_status": "all_ads", "name": "t3_8ggk7q", "spoiler": false, "permalink": "/r/AskHistorians/comments/8ggk7q/sand_castles_at_the_beach/", "subreddit_type": "public", "locked": false, "report_reasons": null, "created": 1525288024.0, "url": "https://www.reddit.com/r/AskHistorians/comments/8ggk7q/sand_castles_at_the_beach/", "whitelist_status": "all_ads", "quarantine": false, "subreddit_subscribers": 757434, "created_utc": 1525259224.0, "subreddit_name_prefixed": "r/AskHistorians", "distinguished": null, "media": null, "num_comments": 1, "upvote_ratio": 0.8, "mod_reports": [], "visited": false, "num_reports": null, "is_video": false, "ups": 8, "post_categories": null}}], "after": null, "before": null}}, {"kind": "Listing", "data": {"modhash": "", "dist": null, "children": [{"kind": "t1", "data": {"subreddit_id": "t5_2ssp3", "approved_at_utc": null, "ups": 5, "mod_reason_by": null, "banned_by": null, "removal_reason": null, "link_id": "t3_8ggk7q", "author_flair_template_id": null, "likes": null, "no_follow": false, "replies": "", "user_reports": [], "saved": false, "id": "dyc26kc", "banned_at_utc": null, "mod_reason_title": null, "gilded": 0, "archived": false, "report_reasons": null, "author": "scarlet_sage", "can_mod_post": false, "send_replies": true, "parent_id": "t3_8ggk7q", "score": 5, "approved_by": null, "downs": 0, "body": "I hope you get a full answer.  In previous discussions here, I fear I can only find one small datum within [\"Did ancient people go to the beach?\"](https://www.reddit.com/r/AskHistorians/comments/5azmr2/did_ancient_people_go_to_the_beach/d9l33cf/) by /u/bryanoftexas .\n", "edited": false, "author_flair_css_class": null, "collapsed": false, "is_submitter": false, "collapsed_reason": null, "body_html": "&lt;div class=\"md\"&gt;&lt;p&gt;I hope you get a full answer.  In previous discussions here, I fear I can only find one small datum within &lt;a href=\"https://www.reddit.com/r/AskHistorians/comments/5azmr2/did_ancient_people_go_to_the_beach/d9l33cf/\"&gt;&amp;quot;Did ancient people go to the beach?&amp;quot;&lt;/a&gt; by &lt;a href=\"/u/bryanoftexas\"&gt;/u/bryanoftexas&lt;/a&gt; .&lt;/p&gt;\n&lt;/div&gt;", "subreddit_type": "public", "can_gild": true, "subreddit": "AskHistorians", "name": "t1_dyc26kc", "score_hidden": false, "permalink": "/r/AskHistorians/comments/8ggk7q/sand_castles_at_the_beach/dyc26kc/", "num_reports": null, "stickied": false, "created": 1525310774.0, "author_flair_text": null, "created_utc": 1525281974.0, "subreddit_name_prefixed": "r/AskHistorians", "controversiality": 0, "depth": 0, "mod_reports": [], "mod_note": null, "distinguished": null}}], "after": null, "before": null}}]