[{"kind": "Listing", "data": {"modhash": "", "dist": 1, "children": [{"kind": "t3", "data": {"subreddit_id": "t5_2ssp3", "approved_at_utc": null, "send_replies": true, "mod_reason_by": null, "banned_by": null, "removal_reason": null, "wls": 6, "subreddit": "AskHistorians", "selftext_html": "&lt;!-- SC_OFF --&gt;&lt;div class=\"md\"&gt;&lt;p&gt;Watching a Dogfights(tv show) episode about Old 666&amp;#39;s MoH mission and it said Japanese fighters attacked from the front, inverted so that they could dive faster; is this historically accurate or creative license/dramatization?&lt;/p&gt;\n\n&lt;p&gt;Clip here: &lt;a href=\"https://youtu.be/4eDPyvyt-MQ?t=23m58s\"&gt;https://youtu.be/4eDPyvyt-MQ?t=23m58s&lt;/a&gt;\nOld 666: &lt;a href=\"https://en.wikipedia.org/wiki/Old_666\"&gt;https://en.wikipedia.org/wiki/Old_666&lt;/a&gt;&lt;/p&gt;\n&lt;/div&gt;&lt;!-- SC_ON --&gt;", "author_flair_template_id": null, "selftext": "Watching a Dogfights(tv show) episode about Old 666's MoH mission and it said Japanese fighters attacked from the front, inverted so that they could dive faster; is this historically accurate or creative license/dramatization?\n\nClip here: https://youtu.be/4eDPyvyt-MQ?t=23m58s\nOld 666: https://en.wikipedia.org/wiki/Old_666", "likes": null, "suggested_sort": null, "mod_note": null, "user_reports": [], "secure_media": null, "is_reddit_media_domain": false, "saved": false, "id": "8gizci", "banned_at_utc": null, "mod_reason_title": null, "view_count": null, "archived": false, "clicked": false, "no_follow": false, "author": "Slampumpthejam", "num_crossposts": 0, "link_flair_text": null, "can_mod_post": false, "is_crosspostable": false, "pinned": false, "score": 26, "approved_by": null, "over_18": false, "domain": "self.AskHistorians", "hidden": false, "pwls": 6, "thumbnail": "", "hide_score": false, "edited": false, "link_flair_css_class": null, "media_only": false, "author_flair_css_class": null, "contest_mode": false, "gilded": 0, "title": "Did Japanese A6M Zeros sometimes begin attacks on enemy aircraft inverted?", "downs": 0, "secure_media_embed": {}, "media_embed": {}, "author_flair_text": null, "stickied": false, "can_gild": false, "is_self": true, "parent_whitelist_status": "all_ads", "name": "t3_8gizci", "spoiler": false, "permalink": "/r/AskHistorians/comments/8gizci/did_japanese_a6m_zeros_sometimes_begin_attacks_on/", "subreddit_type": "public", "locked": false, "report_reasons": null, "created": 1525309185.0, "url": "https://www.reddit.com/r/AskHistorians/comments/8gizci/did_japanese_a6m_zeros_sometimes_begin_attacks_on/", "whitelist_status": "all_ads", "quarantine": false, "subreddit_subscribers": 757434, "created_utc": 1525280385.0, "subreddit_name_prefixed": "r/AskHistorians", "distinguished": null, "media": null, "num_comments": 5, "upvote_ratio": 0.88, "mod_reports": [], "visited": false, "num_reports": null, "is_video": false, "ups": 26, "post_categories": null}}], "after": null, "before": null}}, {"kind": "Listing", "data": {"modhash": "", "dist": null, "children": [{"kind": "t1", "data": {"subreddit_id": "t5_2ssp3", "approved_at_utc": null, "ups": 30, "mod_reason_by": null, "banned_by": null, "removal_reason": null, "link_id": "t3_8gizci", "author_flair_template_id": null, "likes": null, "no_follow": false, "replies": {"kind": "Listing", "data": {"modhash": "", "dist": null, "children": [{"kind": "t1", "data": {"subreddit_id": "t5_2ssp3", "approved_at_utc": null, "ups": 5, "mod_reason_by": null, "banned_by": null, "removal_reason": null, "link_id": "t3_8gizci", "author_flair_template_id": null, "likes": null, "no_follow": false, "replies": {"kind": "Listing", "data": {"modhash": "", "dist": null, "children": [{"kind": "t1", "data": {"subreddit_id": "t5_2ssp3", "approved_at_utc": null, "ups": 7, "mod_reason_by": null, "banned_by": null, "removal_reason": null, "link_id": "t3_8gizci", "author_flair_template_id": null, "likes": null, "no_follow": false, "replies": {"kind": "Listing", "data": {"modhash": "", "dist": null, "children": [{"kind": "t1", "data": {"subreddit_id": "t5_2ssp3", "approved_at_utc": null, "ups": 1, "mod_reason_by": null, "banned_by": null, "removal_reason": null, "link_id": "t3_8gizci", "author_flair_template_id": null, "likes": null, "no_follow": true, "replies": "", "user_reports": [], "saved": false, "id": "dyd3vwn", "banned_at_utc": null, "mod_reason_title": null, "gilded": 0, "archived": false, "report_reasons": null, "author": "Slampumpthejam", "can_mod_post": false, "send_replies": true, "parent_id": "t1_dycqazn", "score": 1, "approved_by": null, "downs": 0, "body": "Thank you, you're spot on I was referring to those reports on the Akutan Zero. Very interesting, had me wondering whether that was a one-off problem the captured plane had or a pervasive issue that was fixed/worked around. The English solution was well recorded, wondering whether it was not fixed or an issue of record keeping and sourcing for the Japanese. ", "edited": 1525318716.0, "author_flair_css_class": null, "collapsed": false, "is_submitter": true, "collapsed_reason": null, "body_html": "&lt;div class=\"md\"&gt;&lt;p&gt;Thank you, you&amp;#39;re spot on I was referring to those reports on the Akutan Zero. Very interesting, had me wondering whether that was a one-off problem the captured plane had or a pervasive issue that was fixed/worked around. The English solution was well recorded, wondering whether it was not fixed or an issue of record keeping and sourcing for the Japanese. &lt;/p&gt;\n&lt;/div&gt;", "subreddit_type": "public", "can_gild": true, "subreddit": "AskHistorians", "name": "t1_dyd3vwn", "score_hidden": false, "permalink": "/r/AskHistorians/comments/8gizci/did_japanese_a6m_zeros_sometimes_begin_attacks_on/dyd3vwn/", "num_reports": null, "stickied": false, "created": 1525347171.0, "author_flair_text": null, "created_utc": 1525318371.0, "subreddit_name_prefixed": "r/AskHistorians", "controversiality": 0, "depth": 3, "mod_reports": [], "mod_note": null, "distinguished": null}}], "after": null, "before": null}}, "user_reports": [], "saved": false, "id": "dycqazn", "banned_at_utc": null, "mod_reason_title": null, "gilded": 0, "archived": false, "report_reasons": null, "author": "tlumacz", "can_mod_post": false, "send_replies": true, "parent_id": "t1_dycf66u", "score": 7, "approved_by": null, "downs": 0, "body": "I assume you\u2019re referring to the trials of the Zero of Akutan, which indeed led to such conclusions. Well, the situation is\u2026 complicated. Over the past hour or so I consulted a number of books about the Zero in two languages and none of them mention any carburetor issues; at least none regarding the Zero\u2019s performance in a dive. Obviously, absence of evidence is not evidence of absence. But testing of captured equipment is always prone to some errors, since you never know whether the crucial components are in pristine condition. The carburetor problem indeed existed in general, but it was not unsolvable, as proved by a fairly quick fix implemented in the Supermarine Spitfire.Ergo, it\u2019s feasible that the Zero didn\u2019t have any diving problems due to its carburetor, but it\u2019s feasible that it did.\n\nHowever, the answer to your question is: yes. If the Zero had carburetor issues, diving from an inverted position would have prevented the engine being cut out.", "edited": false, "author_flair_css_class": "military", "collapsed": false, "is_submitter": false, "collapsed_reason": null, "body_html": "&lt;div class=\"md\"&gt;&lt;p&gt;I assume you\u2019re referring to the trials of the Zero of Akutan, which indeed led to such conclusions. Well, the situation is\u2026 complicated. Over the past hour or so I consulted a number of books about the Zero in two languages and none of them mention any carburetor issues; at least none regarding the Zero\u2019s performance in a dive. Obviously, absence of evidence is not evidence of absence. But testing of captured equipment is always prone to some errors, since you never know whether the crucial components are in pristine condition. The carburetor problem indeed existed in general, but it was not unsolvable, as proved by a fairly quick fix implemented in the Supermarine Spitfire.Ergo, it\u2019s feasible that the Zero didn\u2019t have any diving problems due to its carburetor, but it\u2019s feasible that it did.&lt;/p&gt;\n\n&lt;p&gt;However, the answer to your question is: yes. If the Zero had carburetor issues, diving from an inverted position would have prevented the engine being cut out.&lt;/p&gt;\n&lt;/div&gt;", "subreddit_type": "public", "can_gild": true, "subreddit": "AskHistorians", "name": "t1_dycqazn", "score_hidden": false, "permalink": "/r/AskHistorians/comments/8gizci/did_japanese_a6m_zeros_sometimes_begin_attacks_on/dycqazn/", "num_reports": null, "stickied": false, "created": 1525332701.0, "author_flair_text": "Cold War Aviation", "created_utc": 1525303901.0, "subreddit_name_prefixed": "r/AskHistorians", "controversiality": 0, "depth": 2, "mod_reports": [], "mod_note": null, "distinguished": null}}], "after": null, "before": null}}, "user_reports": [], "saved": false, "id": "dycf66u", "banned_at_utc": null, "mod_reason_title": null, "gilded": 0, "archived": false, "report_reasons": null, "author": "Slampumpthejam", "can_mod_post": false, "send_replies": true, "parent_id": "t1_dycem8s", "score": 5, "approved_by": null, "downs": 0, "body": "Great reply, thank you so much! As you point out it makes sense in regards to physics I'm surprised to have not read this or seen this before. Appreciate your time.\n\nEdit: /u/tlumacz would this have had any effect alleviating issues with the Zero's float carburetor cutting out in dives? Would this have avoided the negative g dive causing engine cut out? ", "edited": 1525298930.0, "author_flair_css_class": null, "collapsed": false, "is_submitter": true, "collapsed_reason": null, "body_html": "&lt;div class=\"md\"&gt;&lt;p&gt;Great reply, thank you so much! As you point out it makes sense in regards to physics I&amp;#39;m surprised to have not read this or seen this before. Appreciate your time.&lt;/p&gt;\n\n&lt;p&gt;Edit: &lt;a href=\"/u/tlumacz\"&gt;/u/tlumacz&lt;/a&gt; would this have had any effect alleviating issues with the Zero&amp;#39;s float carburetor cutting out in dives? Would this have avoided the negative g dive causing engine cut out? &lt;/p&gt;\n&lt;/div&gt;", "subreddit_type": "public", "can_gild": true, "subreddit": "AskHistorians", "name": "t1_dycf66u", "score_hidden": false, "permalink": "/r/AskHistorians/comments/8gizci/did_japanese_a6m_zeros_sometimes_begin_attacks_on/dycf66u/", "num_reports": null, "stickied": false, "created": 1525321851.0, "author_flair_text": null, "created_utc": 1525293051.0, "subreddit_name_prefixed": "r/AskHistorians", "controversiality": 0, "depth": 1, "mod_reports": [], "mod_note": null, "distinguished": null}}], "after": null, "before": null}}, "user_reports": [], "saved": false, "id": "dycem8s", "banned_at_utc": null, "mod_reason_title": null, "gilded": 0, "archived": false, "report_reasons": null, "author": "tlumacz", "can_mod_post": false, "send_replies": true, "parent_id": "t3_8gizci", "score": 30, "approved_by": null, "downs": 0, "body": "Biology and physics dictate that this be true, regardless of purely tactical advantages.\n\nWhen maneuvering the pilot is subjected to what is called g-forces, which cause a perception of change of mass. You can feel it when you\u2019re in a car and hit the brakes: your body wants to move forward regardless of the car stopping and you also get the feeling that your body is heavier than it normally is. A more interesting aspect of this phenomenon is when you\u2019re driving at a high speed and reach a steep downward slope. You get the feeling that you guts want to push upward into your neck.\n\nFor the pilot of a fighter at top speed (upwards of 550 kph for later-model A6Ms in level flight^[1] ) the same phenomenon is increased many times over. Your body can feel 2 times, 3 times, 4 times heavier than it really is (in contemporary fighters the max g-force can routinely reach 9). The crucial problem, however, is not the pilot\u2019s body itself, but the blood within it. As it can move freely, it will tend to press wherever the g-force dictates that it does. \n\n[This is a loop](https://fas.org/man/dod-101/sys/ac/fig_28-18.gif).\n\nWhen the pilot starts moving the plane up, the g-force will act towards his legs (opposite to that car going down the hill) and that\u2019s where the blood will want to pool. But this is something one can counteract by appropriately working the muscles in one\u2019s abdomen, buttocks and legs. You cannot completely nullify the g-force, but you can make sure the brain receives enough blood to keep working. If it doesn\u2019t, you experience a black-out, you lose consciousness and you likely crash and die.\n\nThe opposite situation\u2014when the blood rushes to your head, pushed by upward-acting, or negative, g-forces\u2014is known as a redout. It is, in fact, much more dangerous, as it can result in eye damage (that\u2019s where it gets the name from: the blood pooling in your eyes makes you see red) and brain hemorrhage. That\u2019s why the pilots would avoid negative g whenever they can.\n\n**Edit:** It occurred to me that I ought to clarify why negative g is so nasty, besides the damage it can cause. While there\u2019s many places in the body below the heart where one can squeeze to stop the blood flow, there\u2019s actually very little above the heart. The neck? Well, you wouldn\u2019t want to squeeze there. As a result, negative g is both more dangerous and essentially impossible to counteract. **End of edit**\n\nNow try to flip the image above upside down in your imagination (or just click [here](https://i.imgur.com/g4exxgj.gif)). This is what the Japanese pilots (and other pilots as well) did. Instead of going \u2018downhill\u2019 and pushing the blood into their heads, they would invert their planes and, in a way, trick their own blood into acting as if they were going uphill, thus preventing red-out.\n\nIf you wanted to peel away to escape from the field of fire of the defensive machine guns, diving would indeed be a good option, purely for the speed it gave you. And if you wanted to dive, you would invert your plane first. And if you wanted to invert, you could indeed do it before firing so that you could come as close to the target as possible, shoot, then immediately dive, though to the best of my knowledge shooting while inverted in level flight was not a common tactic.\n\nAnd yes, it was usually a good idea to attack a B-17E or B-17F from the front, where her defensive armament was weakest. This is why the B-17G received a [chin turret](https://upload.wikimedia.org/wikipedia/commons/b/bf/Boeing_B-17G_chin_turret%2C_Chino%2C_California.jpg).\n\nHowever, it should be noted that there\u2019s also a tactical advantage in general to inverting your plane before attacking, if you attack from above. As the A6M has a low, forward mounted wing (this was generally the case back then, it\u2019s not just the Zero that was like that), the wing obstructs the pilot\u2019s view downward. See [here](http://www.warintheskies.com/images/3view/3viewa6mcolor.png). It\u2019s easy to imagine a \u2018shadow\u2019 being cast by the wing, covering a huge volume of air and area on the ground. To give you an idea of the scales we\u2019re talking about, AVM Johnnie Johnson states that in a Supermarine Spitfire at an altitude of 5 miles the wings would cover ca. 1,000 square miles of ground^[2]. Therefore, if the pilot was about to attack a target below, he would scan the air above one last time, make sure there are no enemies there, and then flip the aircraft upside down to give himself a chance of doing the same for the space below.\n\n**Notes**\n\n[1] Krzysztof Zalewski, \u2018Japo\u0144skie lotnictwo pok\u0142adowe\u2019 Lampart no year, p. 137.\n\n[2] AVM \u2018Johnnie\u2019 Johnson, \u2018Wing Leader\u2019, Goodall 2010, p. 52.\n\n*edited for typos*", "edited": 1525293055.0, "author_flair_css_class": "military", "collapsed": false, "is_submitter": false, "collapsed_reason": null, "body_html": "&lt;div class=\"md\"&gt;&lt;p&gt;Biology and physics dictate that this be true, regardless of purely tactical advantages.&lt;/p&gt;\n\n&lt;p&gt;When maneuvering the pilot is subjected to what is called g-forces, which cause a perception of change of mass. You can feel it when you\u2019re in a car and hit the brakes: your body wants to move forward regardless of the car stopping and you also get the feeling that your body is heavier than it normally is. A more interesting aspect of this phenomenon is when you\u2019re driving at a high speed and reach a steep downward slope. You get the feeling that you guts want to push upward into your neck.&lt;/p&gt;\n\n&lt;p&gt;For the pilot of a fighter at top speed (upwards of 550 kph for later-model A6Ms in level flight&lt;sup&gt;[1]&lt;/sup&gt; ) the same phenomenon is increased many times over. Your body can feel 2 times, 3 times, 4 times heavier than it really is (in contemporary fighters the max g-force can routinely reach 9). The crucial problem, however, is not the pilot\u2019s body itself, but the blood within it. As it can move freely, it will tend to press wherever the g-force dictates that it does. &lt;/p&gt;\n\n&lt;p&gt;&lt;a href=\"https://fas.org/man/dod-101/sys/ac/fig_28-18.gif\"&gt;This is a loop&lt;/a&gt;.&lt;/p&gt;\n\n&lt;p&gt;When the pilot starts moving the plane up, the g-force will act towards his legs (opposite to that car going down the hill) and that\u2019s where the blood will want to pool. But this is something one can counteract by appropriately working the muscles in one\u2019s abdomen, buttocks and legs. You cannot completely nullify the g-force, but you can make sure the brain receives enough blood to keep working. If it doesn\u2019t, you experience a black-out, you lose consciousness and you likely crash and die.&lt;/p&gt;\n\n&lt;p&gt;The opposite situation\u2014when the blood rushes to your head, pushed by upward-acting, or negative, g-forces\u2014is known as a redout. It is, in fact, much more dangerous, as it can result in eye damage (that\u2019s where it gets the name from: the blood pooling in your eyes makes you see red) and brain hemorrhage. That\u2019s why the pilots would avoid negative g whenever they can.&lt;/p&gt;\n\n&lt;p&gt;&lt;strong&gt;Edit:&lt;/strong&gt; It occurred to me that I ought to clarify why negative g is so nasty, besides the damage it can cause. While there\u2019s many places in the body below the heart where one can squeeze to stop the blood flow, there\u2019s actually very little above the heart. The neck? Well, you wouldn\u2019t want to squeeze there. As a result, negative g is both more dangerous and essentially impossible to counteract. &lt;strong&gt;End of edit&lt;/strong&gt;&lt;/p&gt;\n\n&lt;p&gt;Now try to flip the image above upside down in your imagination (or just click &lt;a href=\"https://i.imgur.com/g4exxgj.gif\"&gt;here&lt;/a&gt;). This is what the Japanese pilots (and other pilots as well) did. Instead of going \u2018downhill\u2019 and pushing the blood into their heads, they would invert their planes and, in a way, trick their own blood into acting as if they were going uphill, thus preventing red-out.&lt;/p&gt;\n\n&lt;p&gt;If you wanted to peel away to escape from the field of fire of the defensive machine guns, diving would indeed be a good option, purely for the speed it gave you. And if you wanted to dive, you would invert your plane first. And if you wanted to invert, you could indeed do it before firing so that you could come as close to the target as possible, shoot, then immediately dive, though to the best of my knowledge shooting while inverted in level flight was not a common tactic.&lt;/p&gt;\n\n&lt;p&gt;And yes, it was usually a good idea to attack a B-17E or B-17F from the front, where her defensive armament was weakest. This is why the B-17G received a &lt;a href=\"https://upload.wikimedia.org/wikipedia/commons/b/bf/Boeing_B-17G_chin_turret%2C_Chino%2C_California.jpg\"&gt;chin turret&lt;/a&gt;.&lt;/p&gt;\n\n&lt;p&gt;However, it should be noted that there\u2019s also a tactical advantage in general to inverting your plane before attacking, if you attack from above. As the A6M has a low, forward mounted wing (this was generally the case back then, it\u2019s not just the Zero that was like that), the wing obstructs the pilot\u2019s view downward. See &lt;a href=\"http://www.warintheskies.com/images/3view/3viewa6mcolor.png\"&gt;here&lt;/a&gt;. It\u2019s easy to imagine a \u2018shadow\u2019 being cast by the wing, covering a huge volume of air and area on the ground. To give you an idea of the scales we\u2019re talking about, AVM Johnnie Johnson states that in a Supermarine Spitfire at an altitude of 5 miles the wings would cover ca. 1,000 square miles of ground&lt;sup&gt;[2].&lt;/sup&gt; Therefore, if the pilot was about to attack a target below, he would scan the air above one last time, make sure there are no enemies there, and then flip the aircraft upside down to give himself a chance of doing the same for the space below.&lt;/p&gt;\n\n&lt;p&gt;&lt;strong&gt;Notes&lt;/strong&gt;&lt;/p&gt;\n\n&lt;p&gt;[1] Krzysztof Zalewski, \u2018Japo\u0144skie lotnictwo pok\u0142adowe\u2019 Lampart no year, p. 137.&lt;/p&gt;\n\n&lt;p&gt;[2] AVM \u2018Johnnie\u2019 Johnson, \u2018Wing Leader\u2019, Goodall 2010, p. 52.&lt;/p&gt;\n\n&lt;p&gt;&lt;em&gt;edited for typos&lt;/em&gt;&lt;/p&gt;\n&lt;/div&gt;", "subreddit_type": "public", "can_gild": true, "subreddit": "AskHistorians", "name": "t1_dycem8s", "score_hidden": false, "permalink": "/r/AskHistorians/comments/8gizci/did_japanese_a6m_zeros_sometimes_begin_attacks_on/dycem8s/", "num_reports": null, "stickied": false, "created": 1525321370.0, "author_flair_text": "Cold War Aviation", "created_utc": 1525292570.0, "subreddit_name_prefixed": "r/AskHistorians", "controversiality": 0, "depth": 0, "mod_reports": [], "mod_note": null, "distinguished": null}}], "after": null, "before": null}}]