[{"kind": "Listing", "data": {"modhash": "", "dist": 1, "children": [{"kind": "t3", "data": {"approved_at_utc": null, "subreddit": "AskHistorians", "selftext": "In modern mathematical textbooks, you often find a theorem or formula which are attributed to the Ancient Greeks for first developing it (or other ancient civilizations). However, I can't help but wonder how people in Classical Eras actually talked to each other about mathematics, since the vast majority of terminology or symbols we use were only developed in the last 300 years. \n\nFor example, we know that Pythagoras of Samos was the one to propose the theorem we now express as \"a^(2) \\+ b^(2) = c^(2)\", which was first documented by Euclid of Alexandria (if I recall correctly). However, as far as I know the use of letters for variables didn't start until the Muslim Golden Age, and symbols for \"+\" and \"=\" were developed in the Renaissance. So how is the Pythagorean Theorem actually represented in Ancient Greek Manuscripts? How would Classical mathematicians share ideas or solve equations without any of the symbols or Algebraic expressions we have today?", "user_reports": [], "saved": false, "mod_reason_title": null, "gilded": 0, "clicked": false, "title": "How was mathematical equations expressed in Ancient Greece?", "link_flair_richtext": [], "subreddit_name_prefixed": "r/AskHistorians", "hidden": false, "pwls": 6, "link_flair_css_class": null, "downs": 0, "top_awarded_type": null, "parent_whitelist_status": "all_ads", "hide_score": false, "name": "t3_ikbinq", "quarantine": false, "link_flair_text_color": "dark", "upvote_ratio": 0.96, "author_flair_background_color": null, "subreddit_type": "public", "ups": 195, "total_awards_received": 0, "media_embed": {}, "author_flair_template_id": null, "is_original_content": false, "author_fullname": "t2_ifz12", "secure_media": null, "is_reddit_media_domain": false, "is_meta": false, "category": null, "secure_media_embed": {}, "link_flair_text": null, "can_mod_post": false, "score": 195, "approved_by": null, "author_premium": false, "thumbnail": "", "edited": false, "author_flair_css_class": null, "author_flair_richtext": [], "gildings": {}, "content_categories": null, "is_self": true, "mod_note": null, "created": 1598954247.0, "link_flair_type": "text", "wls": 6, "removed_by_category": null, "banned_by": null, "author_flair_type": "text", "domain": "self.AskHistorians", "allow_live_comments": false, "selftext_html": "&lt;!-- SC_OFF --&gt;&lt;div class=\"md\"&gt;&lt;p&gt;In modern mathematical textbooks, you often find a theorem or formula which are attributed to the Ancient Greeks for first developing it (or other ancient civilizations). However, I can&amp;#39;t help but wonder how people in Classical Eras actually talked to each other about mathematics, since the vast majority of terminology or symbols we use were only developed in the last 300 years. &lt;/p&gt;\n\n&lt;p&gt;For example, we know that Pythagoras of Samos was the one to propose the theorem we now express as &amp;quot;a&lt;sup&gt;2&lt;/sup&gt; + b&lt;sup&gt;2&lt;/sup&gt; = c&lt;sup&gt;2&lt;/sup&gt;&amp;quot;, which was first documented by Euclid of Alexandria (if I recall correctly). However, as far as I know the use of letters for variables didn&amp;#39;t start until the Muslim Golden Age, and symbols for &amp;quot;+&amp;quot; and &amp;quot;=&amp;quot; were developed in the Renaissance. So how is the Pythagorean Theorem actually represented in Ancient Greek Manuscripts? How would Classical mathematicians share ideas or solve equations without any of the symbols or Algebraic expressions we have today?&lt;/p&gt;\n&lt;/div&gt;&lt;!-- SC_ON --&gt;", "likes": null, "suggested_sort": null, "banned_at_utc": null, "view_count": null, "archived": false, "no_follow": false, "is_crosspostable": false, "pinned": false, "over_18": false, "all_awardings": [], "awarders": [], "media_only": false, "can_gild": false, "spoiler": false, "locked": false, "author_flair_text": null, "treatment_tags": [], "visited": false, "removed_by": null, "num_reports": null, "distinguished": null, "subreddit_id": "t5_2ssp3", "mod_reason_by": null, "removal_reason": null, "link_flair_background_color": "", "id": "ikbinq", "is_robot_indexable": true, "num_duplicates": 1, "report_reasons": null, "author": "Nathan1123", "discussion_type": null, "num_comments": 22, "send_replies": true, "media": null, "contest_mode": false, "author_patreon_flair": false, "author_flair_text_color": null, "permalink": "/r/AskHistorians/comments/ikbinq/how_was_mathematical_equations_expressed_in/", "whitelist_status": "all_ads", "stickied": false, "url": "https://www.reddit.com/r/AskHistorians/comments/ikbinq/how_was_mathematical_equations_expressed_in/", "subreddit_subscribers": 1264334, "created_utc": 1598925447.0, "num_crossposts": 0, "mod_reports": [], "is_video": false}}], "after": null, "before": null}}, {"kind": "Listing", "data": {"modhash": "", "dist": null, "children": [{"kind": "t1", "data": {"total_awards_received": 0, "approved_at_utc": null, "comment_type": null, "awarders": [], "mod_reason_by": null, "banned_by": null, "ups": 1, "author_flair_type": "richtext", "removal_reason": null, "link_id": "t3_ikbinq", "author_flair_template_id": "9e641f94-c626-11e2-8e2c-12313b0b21ae", "likes": null, "replies": "", "user_reports": [], "saved": false, "id": "g3jjy9p", "banned_at_utc": null, "mod_reason_title": null, "gilded": 0, "archived": false, "no_follow": true, "author": "AutoModerator", "can_mod_post": false, "send_replies": false, "parent_id": "t3_ikbinq", "score": 1, "author_fullname": "t2_6l4z3", "report_reasons": null, "approved_by": null, "all_awardings": [], "subreddit_id": "t5_2ssp3", "body": "Welcome to /r/AskHistorians. **Please [Read Our Rules](https://www.reddit.com/r/AskHistorians/wiki/rules) before you comment in this community**. Understand that rule breaking comments get removed.\n\nPlease consider **[Clicking Here for RemindMeBot](https://www.reddit.com/message/compose/?to=RemindMeBot&amp;subject=Reminder&amp;message=%5Bhttps://www.reddit.com/r/AskHistorians/comments/ikbinq/how_was_mathematical_equations_expressed_in/%5D%0A%0ARemindMe!%202%20days)** as it takes time for an answer to be written. We thank you for your interest in this *question*, and your patience in waiting for an in-depth and comprehensive answer to show up. In addition to RemindMeBot, consider [using our Browser Extension](https://www.reddit.com/r/AskHistorians/comments/d6dzi7/tired_of_clicking_to_find_only_removed_comments/), or getting the [Weekly Roundup](https://www.reddit.com/message/compose?to=subredditsummarybot&amp;subject=askhistorians+weekly&amp;message=x). In the meantime our [Twitter](https://twitter.com/askhistorians), [Facebook](https://www.facebook.com/askhistorians/), and [Sunday Digest](https://www.reddit.com/r/AskHistorians/search?q=title%3A%22Sunday+Digest%22&amp;restrict_sr=on&amp;sort=new&amp;t=all) feature excellent content that has already been written!\n\n\n*I am a bot, and this action was performed automatically. Please [contact the moderators of this subreddit](/message/compose/?to=/r/AskHistorians) if you have any questions or concerns.*", "edited": false, "downs": 0, "author_flair_css_class": null, "is_submitter": false, "collapsed": false, "author_flair_richtext": [{"e": "text", "t": "History of Robotics"}], "author_patreon_flair": false, "body_html": "&lt;div class=\"md\"&gt;&lt;p&gt;Welcome to &lt;a href=\"/r/AskHistorians\"&gt;/r/AskHistorians&lt;/a&gt;. &lt;strong&gt;Please &lt;a href=\"https://www.reddit.com/r/AskHistorians/wiki/rules\"&gt;Read Our Rules&lt;/a&gt; before you comment in this community&lt;/strong&gt;. Understand that rule breaking comments get removed.&lt;/p&gt;\n\n&lt;p&gt;Please consider &lt;strong&gt;&lt;a href=\"https://www.reddit.com/message/compose/?to=RemindMeBot&amp;amp;subject=Reminder&amp;amp;message=%5Bhttps://www.reddit.com/r/AskHistorians/comments/ikbinq/how_was_mathematical_equations_expressed_in/%5D%0A%0ARemindMe!%202%20days\"&gt;Clicking Here for RemindMeBot&lt;/a&gt;&lt;/strong&gt; as it takes time for an answer to be written. We thank you for your interest in this &lt;em&gt;question&lt;/em&gt;, and your patience in waiting for an in-depth and comprehensive answer to show up. In addition to RemindMeBot, consider &lt;a href=\"https://www.reddit.com/r/AskHistorians/comments/d6dzi7/tired_of_clicking_to_find_only_removed_comments/\"&gt;using our Browser Extension&lt;/a&gt;, or getting the &lt;a href=\"https://www.reddit.com/message/compose?to=subredditsummarybot&amp;amp;subject=askhistorians+weekly&amp;amp;message=x\"&gt;Weekly Roundup&lt;/a&gt;. In the meantime our &lt;a href=\"https://twitter.com/askhistorians\"&gt;Twitter&lt;/a&gt;, &lt;a href=\"https://www.facebook.com/askhistorians/\"&gt;Facebook&lt;/a&gt;, and &lt;a href=\"https://www.reddit.com/r/AskHistorians/search?q=title%3A%22Sunday+Digest%22&amp;amp;restrict_sr=on&amp;amp;sort=new&amp;amp;t=all\"&gt;Sunday Digest&lt;/a&gt; feature excellent content that has already been written!&lt;/p&gt;\n\n&lt;p&gt;&lt;em&gt;I am a bot, and this action was performed automatically. Please &lt;a href=\"/message/compose/?to=/r/AskHistorians\"&gt;contact the moderators of this subreddit&lt;/a&gt; if you have any questions or concerns.&lt;/em&gt;&lt;/p&gt;\n&lt;/div&gt;", "gildings": {}, "collapsed_reason": null, "associated_award": null, "stickied": true, "author_premium": true, "subreddit_type": "public", "can_gild": true, "top_awarded_type": null, "author_flair_text_color": "light", "score_hidden": true, "permalink": "/r/AskHistorians/comments/ikbinq/how_was_mathematical_equations_expressed_in/g3jjy9p/", "num_reports": null, "locked": true, "name": "t1_g3jjy9p", "created": 1598954247.0, "subreddit": "AskHistorians", "author_flair_text": "History of Robotics", "treatment_tags": [], "created_utc": 1598925447.0, "subreddit_name_prefixed": "r/AskHistorians", "controversiality": 0, "depth": 0, "author_flair_background_color": "#993366", "collapsed_because_crowd_control": null, "mod_reports": [], "mod_note": null, "distinguished": "moderator"}}, {"kind": "t1", "data": {"total_awards_received": 0, "approved_at_utc": null, "comment_type": null, "awarders": [], "mod_reason_by": null, "banned_by": null, "ups": 22, "author_flair_type": "richtext", "removal_reason": null, "link_id": "t3_ikbinq", "author_flair_template_id": "926c8f8c-c626-11e2-a72b-12313b06caaf", "likes": null, "replies": {"kind": "Listing", "data": {"modhash": "", "dist": null, "children": [{"kind": "t1", "data": {"total_awards_received": 0, "approved_at_utc": null, "comment_type": null, "awarders": [], "mod_reason_by": null, "banned_by": null, "ups": 2, "author_flair_type": "text", "removal_reason": null, "link_id": "t3_ikbinq", "author_flair_template_id": null, "likes": null, "replies": "", "user_reports": [], "saved": false, "id": "g3n2bxz", "banned_at_utc": null, "mod_reason_title": null, "gilded": 0, "archived": false, "no_follow": true, "author": "axiompenguin", "can_mod_post": false, "send_replies": true, "parent_id": "t1_g3l0ne2", "score": 2, "author_fullname": "t2_1r504jj", "report_reasons": null, "approved_by": null, "all_awardings": [], "subreddit_id": "t5_2ssp3", "collapsed": false, "body": "I don\u2019t really have much to add to this, other than to say I am teaching geometry class right now that starts with proving rules congruent triangles and the Pythagorean theorem using very similar methods to the ancient Greeks. It\u2019s a huge change in thinking from the way we normally do math with equations, but I find it super fun (currently doubting my students agree). The problems also say things like \u201cthe sum of two right angles\u201d instead of 180 degrees. Personally, I have no issues with equations, but I do find modern math exposition to be far easier to read when it uses more words and fewer symbols.\nI hope this is allowed, since this is ask historians, not ask mathematicians: If anyone wants to play around with the types of visual geometry in Euclid\u2019s elements, this game gives a pretty good feel for basic geometric constructions: https://www.euclidea.xyz/en/game/packs/Alpha . It will nerd-snipe mathematicians.", "edited": false, "author_flair_css_class": null, "is_submitter": false, "downs": 0, "author_flair_richtext": [], "author_patreon_flair": false, "body_html": "&lt;div class=\"md\"&gt;&lt;p&gt;I don\u2019t really have much to add to this, other than to say I am teaching geometry class right now that starts with proving rules congruent triangles and the Pythagorean theorem using very similar methods to the ancient Greeks. It\u2019s a huge change in thinking from the way we normally do math with equations, but I find it super fun (currently doubting my students agree). The problems also say things like \u201cthe sum of two right angles\u201d instead of 180 degrees. Personally, I have no issues with equations, but I do find modern math exposition to be far easier to read when it uses more words and fewer symbols.\nI hope this is allowed, since this is ask historians, not ask mathematicians: If anyone wants to play around with the types of visual geometry in Euclid\u2019s elements, this game gives a pretty good feel for basic geometric constructions: &lt;a href=\"https://www.euclidea.xyz/en/game/packs/Alpha\"&gt;https://www.euclidea.xyz/en/game/packs/Alpha&lt;/a&gt; . It will nerd-snipe mathematicians.&lt;/p&gt;\n&lt;/div&gt;", "gildings": {}, "collapsed_reason": null, "associated_award": null, "stickied": false, "author_premium": false, "subreddit_type": "public", "can_gild": true, "top_awarded_type": null, "author_flair_text_color": null, "score_hidden": false, "permalink": "/r/AskHistorians/comments/ikbinq/how_was_mathematical_equations_expressed_in/g3n2bxz/", "num_reports": null, "locked": false, "name": "t1_g3n2bxz", "created": 1599022238.0, "subreddit": "AskHistorians", "author_flair_text": null, "treatment_tags": [], "created_utc": 1598993438.0, "subreddit_name_prefixed": "r/AskHistorians", "controversiality": 0, "depth": 1, "author_flair_background_color": null, "collapsed_because_crowd_control": null, "mod_reports": [], "mod_note": null, "distinguished": null}}], "after": null, "before": null}}, "user_reports": [], "saved": false, "id": "g3l0ne2", "banned_at_utc": null, "mod_reason_title": null, "gilded": 0, "archived": false, "no_follow": false, "author": "restricteddata", "can_mod_post": false, "send_replies": true, "parent_id": "t3_ikbinq", "score": 22, "author_fullname": "t2_8brve", "report_reasons": null, "approved_by": null, "all_awardings": [], "subreddit_id": "t5_2ssp3", "body": "&gt; How would Classical mathematicians share ideas or solve equations without any of the symbols or Algebraic expressions we have today?\n\nTo just add on to what /u/KiwiHellenist said, their actual working approach to proofs of this sort was likely mostly geometrical. The easiest way to prove the Pythagorean theorem is not through algebra (which requires you to have algebra, etc.), but through geometric demonstration. [This particular proof of the Pythagorean theorem](https://cdn.britannica.com/s:500x350/43/70143-004-CCB17706/theorem-demonstration-squares-proof-Pythagorean-b-square.jpg) dates from 500 BCE. (The act of \"proving it\" is walking through the rearrangement from the first to the second.) We have many ancient (and pre-Greek) examples of geometrical proofs and representations of the Pythagorean theorem, the oldest that I know of being the [Yale tablet](https://news.yale.edu/2016/04/11/3800-year-journey-classroom-classroom) from 1800 BCE Mesopotamia. \n\nYou can do an immense amount of mathematical reasoning using visual geometry, and the proofs can be intuitively compelling in a way that proofs using algebraic manipulation of Arabic numerals are sometimes not (and indeed, Arabic numerals and positional notion were often resisted in the medieval period _because_ it felt like you could manipulate them to any end, unlike more \"tangible\" numerical systems like visual geometry and the use of the abacus), which was very important to those Greeks who, like the Pythagoreans, saw mathematics as a way to represent and pursue transcendental truths in their purest forms.", "edited": 1598983226.0, "downs": 0, "author_flair_css_class": null, "is_submitter": false, "collapsed": false, "author_flair_richtext": [{"e": "text", "t": "Nuclear Technology | Modern Science"}], "author_patreon_flair": false, "body_html": "&lt;div class=\"md\"&gt;&lt;blockquote&gt;\n&lt;p&gt;How would Classical mathematicians share ideas or solve equations without any of the symbols or Algebraic expressions we have today?&lt;/p&gt;\n&lt;/blockquote&gt;\n\n&lt;p&gt;To just add on to what &lt;a href=\"/u/KiwiHellenist\"&gt;/u/KiwiHellenist&lt;/a&gt; said, their actual working approach to proofs of this sort was likely mostly geometrical. The easiest way to prove the Pythagorean theorem is not through algebra (which requires you to have algebra, etc.), but through geometric demonstration. &lt;a href=\"https://cdn.britannica.com/s:500x350/43/70143-004-CCB17706/theorem-demonstration-squares-proof-Pythagorean-b-square.jpg\"&gt;This particular proof of the Pythagorean theorem&lt;/a&gt; dates from 500 BCE. (The act of &amp;quot;proving it&amp;quot; is walking through the rearrangement from the first to the second.) We have many ancient (and pre-Greek) examples of geometrical proofs and representations of the Pythagorean theorem, the oldest that I know of being the &lt;a href=\"https://news.yale.edu/2016/04/11/3800-year-journey-classroom-classroom\"&gt;Yale tablet&lt;/a&gt; from 1800 BCE Mesopotamia. &lt;/p&gt;\n\n&lt;p&gt;You can do an immense amount of mathematical reasoning using visual geometry, and the proofs can be intuitively compelling in a way that proofs using algebraic manipulation of Arabic numerals are sometimes not (and indeed, Arabic numerals and positional notion were often resisted in the medieval period &lt;em&gt;because&lt;/em&gt; it felt like you could manipulate them to any end, unlike more &amp;quot;tangible&amp;quot; numerical systems like visual geometry and the use of the abacus), which was very important to those Greeks who, like the Pythagoreans, saw mathematics as a way to represent and pursue transcendental truths in their purest forms.&lt;/p&gt;\n&lt;/div&gt;", "gildings": {}, "collapsed_reason": null, "associated_award": null, "stickied": false, "author_premium": true, "subreddit_type": "public", "can_gild": true, "top_awarded_type": null, "author_flair_text_color": "light", "score_hidden": false, "permalink": "/r/AskHistorians/comments/ikbinq/how_was_mathematical_equations_expressed_in/g3l0ne2/", "num_reports": null, "locked": false, "name": "t1_g3l0ne2", "created": 1598994977.0, "subreddit": "AskHistorians", "author_flair_text": "Nuclear Technology | Modern Science", "treatment_tags": [], "created_utc": 1598966177.0, "subreddit_name_prefixed": "r/AskHistorians", "controversiality": 0, "depth": 0, "author_flair_background_color": "#666666", "collapsed_because_crowd_control": null, "mod_reports": [], "mod_note": null, "distinguished": null}}, {"kind": "t1", "data": {"total_awards_received": 0, "approved_at_utc": null, "comment_type": null, "awarders": [], "mod_reason_by": null, "banned_by": null, "ups": 64, "author_flair_type": "richtext", "removal_reason": null, "link_id": "t3_ikbinq", "author_flair_template_id": "80bb3d9c-c626-11e2-a0f2-12313d1841d1", "likes": null, "replies": {"kind": "Listing", "data": {"modhash": "", "dist": null, "children": [{"kind": "t1", "data": {"total_awards_received": 0, "approved_at_utc": null, "comment_type": null, "awarders": [], "mod_reason_by": null, "banned_by": null, "ups": 14, "author_flair_type": "text", "removal_reason": null, "link_id": "t3_ikbinq", "author_flair_template_id": null, "likes": null, "replies": {"kind": "Listing", "data": {"modhash": "", "dist": null, "children": [{"kind": "t1", "data": {"total_awards_received": 0, "approved_at_utc": null, "comment_type": null, "awarders": [], "mod_reason_by": null, "banned_by": null, "ups": 15, "author_flair_type": "text", "removal_reason": null, "link_id": "t3_ikbinq", "author_flair_template_id": null, "likes": null, "replies": "", "user_reports": [], "saved": false, "id": "g3kjhsi", "banned_at_utc": null, "mod_reason_title": null, "gilded": 0, "archived": false, "no_follow": false, "author": "LucasDuck13", "can_mod_post": false, "created_utc": 1598953928.0, "send_replies": true, "parent_id": "t1_g3kig2m", "score": 15, "author_fullname": "t2_10z3b7", "report_reasons": null, "approved_by": null, "all_awardings": [], "subreddit_id": "t5_2ssp3", "body": "I guess it is only common now because it was common back then", "edited": false, "author_flair_css_class": null, "is_submitter": false, "downs": 0, "author_flair_richtext": [], "author_patreon_flair": false, "body_html": "&lt;div class=\"md\"&gt;&lt;p&gt;I guess it is only common now because it was common back then&lt;/p&gt;\n&lt;/div&gt;", "gildings": {}, "collapsed_reason": null, "associated_award": null, "stickied": false, "author_premium": false, "subreddit_type": "public", "can_gild": true, "top_awarded_type": null, "author_flair_text_color": null, "score_hidden": false, "permalink": "/r/AskHistorians/comments/ikbinq/how_was_mathematical_equations_expressed_in/g3kjhsi/", "num_reports": null, "locked": false, "name": "t1_g3kjhsi", "created": 1598982728.0, "subreddit": "AskHistorians", "author_flair_text": null, "treatment_tags": [], "collapsed": false, "subreddit_name_prefixed": "r/AskHistorians", "controversiality": 0, "depth": 2, "author_flair_background_color": null, "collapsed_because_crowd_control": null, "mod_reports": [], "mod_note": null, "distinguished": null}}, {"kind": "t1", "data": {"total_awards_received": 0, "approved_at_utc": null, "comment_type": null, "awarders": [], "mod_reason_by": null, "banned_by": null, "ups": 3, "author_flair_type": "text", "removal_reason": null, "link_id": "t3_ikbinq", "author_flair_template_id": null, "likes": null, "replies": "", "user_reports": [], "saved": false, "id": "g490nhl", "banned_at_utc": null, "mod_reason_title": null, "gilded": 0, "archived": false, "no_follow": true, "author": "friedgoldfishsticks", "can_mod_post": false, "created_utc": 1599413339.0, "send_replies": true, "parent_id": "t1_g3kig2m", "score": 3, "author_fullname": "t2_57v49znz", "report_reasons": null, "approved_by": null, "all_awardings": [], "subreddit_id": "t5_2ssp3", "body": "Euclid's Elements is probably the most popular textbook of all time. Until recently it was as central as Plato to a Western classical education. The language and diagrams you find in a modern edition are taken directly from the Ancient Greek.", "edited": false, "author_flair_css_class": null, "is_submitter": false, "downs": 0, "author_flair_richtext": [], "author_patreon_flair": false, "body_html": "&lt;div class=\"md\"&gt;&lt;p&gt;Euclid&amp;#39;s Elements is probably the most popular textbook of all time. Until recently it was as central as Plato to a Western classical education. The language and diagrams you find in a modern edition are taken directly from the Ancient Greek.&lt;/p&gt;\n&lt;/div&gt;", "gildings": {}, "collapsed_reason": null, "associated_award": null, "stickied": false, "author_premium": false, "subreddit_type": "public", "can_gild": true, "top_awarded_type": null, "author_flair_text_color": null, "score_hidden": false, "permalink": "/r/AskHistorians/comments/ikbinq/how_was_mathematical_equations_expressed_in/g490nhl/", "num_reports": null, "locked": false, "name": "t1_g490nhl", "created": 1599442139.0, "subreddit": "AskHistorians", "author_flair_text": null, "treatment_tags": [], "collapsed": false, "subreddit_name_prefixed": "r/AskHistorians", "controversiality": 0, "depth": 2, "author_flair_background_color": null, "collapsed_because_crowd_control": null, "mod_reports": [], "mod_note": null, "distinguished": null}}], "after": null, "before": null}}, "user_reports": [], "saved": false, "id": "g3kig2m", "banned_at_utc": null, "mod_reason_title": null, "gilded": 0, "archived": false, "no_follow": false, "author": "marcelsmudda", "can_mod_post": false, "send_replies": true, "parent_id": "t1_g3k8pr7", "score": 14, "author_fullname": "t2_jak71", "report_reasons": null, "approved_by": null, "all_awardings": [], "subreddit_id": "t5_2ssp3", "collapsed": false, "body": "Interesting that it was already common that triangles have corners named by letters and an angle or corner is denoted by the three connected points.", "edited": false, "author_flair_css_class": null, "is_submitter": false, "downs": 0, "author_flair_richtext": [], "author_patreon_flair": false, "body_html": "&lt;div class=\"md\"&gt;&lt;p&gt;Interesting that it was already common that triangles have corners named by letters and an angle or corner is denoted by the three connected points.&lt;/p&gt;\n&lt;/div&gt;", "gildings": {}, "collapsed_reason": null, "associated_award": null, "stickied": false, "author_premium": false, "subreddit_type": "public", "can_gild": true, "top_awarded_type": null, "author_flair_text_color": null, "score_hidden": false, "permalink": "/r/AskHistorians/comments/ikbinq/how_was_mathematical_equations_expressed_in/g3kig2m/", "num_reports": null, "locked": false, "name": "t1_g3kig2m", "created": 1598981573.0, "subreddit": "AskHistorians", "author_flair_text": null, "treatment_tags": [], "created_utc": 1598952773.0, "subreddit_name_prefixed": "r/AskHistorians", "controversiality": 0, "depth": 1, "author_flair_background_color": null, "collapsed_because_crowd_control": null, "mod_reports": [], "mod_note": null, "distinguished": null}}, {"kind": "t1", "data": {"total_awards_received": 0, "approved_at_utc": null, "comment_type": null, "awarders": [], "mod_reason_by": null, "banned_by": null, "ups": 2, "author_flair_type": "text", "removal_reason": null, "link_id": "t3_ikbinq", "author_flair_template_id": null, "likes": null, "replies": {"kind": "Listing", "data": {"modhash": "", "dist": null, "children": [{"kind": "t1", "data": {"total_awards_received": 0, "approved_at_utc": null, "comment_type": null, "awarders": [], "mod_reason_by": null, "banned_by": null, "ups": 2, "author_flair_type": "richtext", "removal_reason": null, "link_id": "t3_ikbinq", "author_flair_template_id": "80bb3d9c-c626-11e2-a0f2-12313d1841d1", "likes": null, "replies": {"kind": "Listing", "data": {"modhash": "", "dist": null, "children": [{"kind": "t1", "data": {"total_awards_received": 0, "approved_at_utc": null, "comment_type": null, "awarders": [], "mod_reason_by": null, "banned_by": null, "ups": 1, "author_flair_type": "text", "removal_reason": null, "link_id": "t3_ikbinq", "author_flair_template_id": null, "likes": null, "replies": "", "user_reports": [], "saved": false, "id": "g3poell", "banned_at_utc": null, "mod_reason_title": null, "gilded": 0, "archived": false, "no_follow": true, "author": "NotTheAndesMountains", "can_mod_post": false, "send_replies": true, "parent_id": "t1_g3mxqk4", "score": 1, "author_fullname": "t2_1ugnw3oe", "report_reasons": null, "approved_by": null, "all_awardings": [], "subreddit_id": "t5_2ssp3", "body": "Aw beans. Thanks for the initial answer you provided anyways!", "edited": false, "downs": 0, "author_flair_css_class": null, "is_submitter": false, "collapsed": false, "author_flair_richtext": [], "author_patreon_flair": false, "body_html": "&lt;div class=\"md\"&gt;&lt;p&gt;Aw beans. Thanks for the initial answer you provided anyways!&lt;/p&gt;\n&lt;/div&gt;", "gildings": {}, "collapsed_reason": null, "associated_award": null, "stickied": false, "author_premium": false, "subreddit_type": "public", "can_gild": true, "top_awarded_type": null, "author_flair_text_color": null, "score_hidden": false, "permalink": "/r/AskHistorians/comments/ikbinq/how_was_mathematical_equations_expressed_in/g3poell/", "num_reports": null, "locked": false, "name": "t1_g3poell", "created": 1599080280.0, "subreddit": "AskHistorians", "author_flair_text": null, "treatment_tags": [], "created_utc": 1599051480.0, "subreddit_name_prefixed": "r/AskHistorians", "controversiality": 0, "depth": 3, "author_flair_background_color": null, "collapsed_because_crowd_control": null, "mod_reports": [], "mod_note": null, "distinguished": null}}], "after": null, "before": null}}, "user_reports": [], "saved": false, "id": "g3mxqk4", "banned_at_utc": null, "mod_reason_title": null, "gilded": 0, "archived": false, "no_follow": true, "author": "KiwiHellenist", "can_mod_post": false, "created_utc": 1598991731.0, "send_replies": true, "parent_id": "t1_g3l4ae0", "score": 2, "author_fullname": "t2_u9kma", "report_reasons": null, "approved_by": null, "all_awardings": [], "subreddit_id": "t5_2ssp3", "body": "I'm sorry, I'm not the best equipped to answer this question: you'd probably be best posting it as a new question, so that more people will see it.", "edited": false, "author_flair_css_class": null, "is_submitter": false, "downs": 0, "author_flair_richtext": [{"e": "text", "t": "Early Greek Literature"}], "author_patreon_flair": false, "body_html": "&lt;div class=\"md\"&gt;&lt;p&gt;I&amp;#39;m sorry, I&amp;#39;m not the best equipped to answer this question: you&amp;#39;d probably be best posting it as a new question, so that more people will see it.&lt;/p&gt;\n&lt;/div&gt;", "gildings": {}, "collapsed_reason": null, "associated_award": null, "stickied": false, "author_premium": false, "subreddit_type": "public", "can_gild": true, "top_awarded_type": null, "author_flair_text_color": "light", "score_hidden": false, "permalink": "/r/AskHistorians/comments/ikbinq/how_was_mathematical_equations_expressed_in/g3mxqk4/", "num_reports": null, "locked": false, "name": "t1_g3mxqk4", "created": 1599020531.0, "subreddit": "AskHistorians", "author_flair_text": "Early Greek Literature", "treatment_tags": [], "collapsed": false, "subreddit_name_prefixed": "r/AskHistorians", "controversiality": 0, "depth": 2, "author_flair_background_color": "#ff6666", "collapsed_because_crowd_control": null, "mod_reports": [], "mod_note": null, "distinguished": null}}], "after": null, "before": null}}, "user_reports": [], "saved": false, "id": "g3l4ae0", "banned_at_utc": null, "mod_reason_title": null, "gilded": 0, "archived": false, "no_follow": true, "author": "NotTheAndesMountains", "can_mod_post": false, "send_replies": true, "parent_id": "t1_g3k8pr7", "score": 2, "author_fullname": "t2_1ugnw3oe", "report_reasons": null, "approved_by": null, "all_awardings": [], "subreddit_id": "t5_2ssp3", "collapsed": false, "body": "I really enjoyed this interesting answer and was hoping that you could possibly answer some tangentially related questions that I've posted here before a couple of times but never got answered. Sorry if it's too much of a divergence from this but I've been really curious, with regards to the Pythagorean religious cult:\n\n\nI\u2019m a citizen of the Greek island of Samos in the 6th century B.C. and want to join Pythagoras\u2019 religious commune. How do I join, what\u2019s my daily life like once in, and how am I viewed by citizens not in it? Did people view this commune as a cult like how we view cults today?", "edited": false, "author_flair_css_class": null, "is_submitter": false, "downs": 0, "author_flair_richtext": [], "author_patreon_flair": false, "body_html": "&lt;div class=\"md\"&gt;&lt;p&gt;I really enjoyed this interesting answer and was hoping that you could possibly answer some tangentially related questions that I&amp;#39;ve posted here before a couple of times but never got answered. Sorry if it&amp;#39;s too much of a divergence from this but I&amp;#39;ve been really curious, with regards to the Pythagorean religious cult:&lt;/p&gt;\n\n&lt;p&gt;I\u2019m a citizen of the Greek island of Samos in the 6th century B.C. and want to join Pythagoras\u2019 religious commune. How do I join, what\u2019s my daily life like once in, and how am I viewed by citizens not in it? Did people view this commune as a cult like how we view cults today?&lt;/p&gt;\n&lt;/div&gt;", "gildings": {}, "collapsed_reason": null, "associated_award": null, "stickied": false, "author_premium": false, "subreddit_type": "public", "can_gild": true, "top_awarded_type": null, "author_flair_text_color": null, "score_hidden": false, "permalink": "/r/AskHistorians/comments/ikbinq/how_was_mathematical_equations_expressed_in/g3l4ae0/", "num_reports": null, "locked": false, "name": "t1_g3l4ae0", "created": 1598996478.0, "subreddit": "AskHistorians", "author_flair_text": null, "treatment_tags": [], "created_utc": 1598967678.0, "subreddit_name_prefixed": "r/AskHistorians", "controversiality": 0, "depth": 1, "author_flair_background_color": null, "collapsed_because_crowd_control": null, "mod_reports": [], "mod_note": null, "distinguished": null}}], "after": null, "before": null}}, "user_reports": [], "saved": false, "id": "g3k8pr7", "banned_at_utc": null, "mod_reason_title": null, "gilded": 0, "archived": false, "no_follow": false, "author": "KiwiHellenist", "can_mod_post": false, "send_replies": true, "parent_id": "t3_ikbinq", "score": 64, "author_fullname": "t2_u9kma", "report_reasons": null, "approved_by": null, "all_awardings": [], "subreddit_id": "t5_2ssp3", "body": "The operators + - \u00d7 / = weren't used: instead language was used. Things like 'and in addition' for +, 'is equal to' for =, and so on. Some of the non-obvious terminology we still use, like 'right angle', 'subtending', and so on, come from directly translating the the Greek terms into Latin (e.g. Gk *hypotein\u014d* &gt; Latin *subtendo*, so a 'hypotenuse' is a 'subtending line').\n\nOn the 'Pythagorean' theorem: it's pretty well known actually that it wasn't discovered by Pythagoras. It was known to Babylonian mathematicians by ca. 2000 BCE. We don't have a proof surviving from that era, but we do have examples and calculation tables that have the correct figures and use the correct calculation methods. The earliest full proof is the one in Euclid (3rd cent. BCE).\n\nOne ancient source, Diogenes Laertius, claims that Pythagoras discovered it, but he isn't reliable at the best of times, and in any case we know from other evidence that he's wrong. The Pythagoreans were a religious cult more than anything else, and they read allegorical symbolism into the 3-4-5 right triangle: that seems to be why the theorem came to be associated with Pythagoras in some people's minds.\n\nAs to how it's presented: here's the text of Euclid, *Elements* 1 prop. 47. [In Greek](http://www.perseus.tufts.edu/hopper/text?doc=Perseus%3Atext%3A1999.01.0085%3Abook%3D1%3Atype%3Dprop%3Anumber%3D47):\n\n&gt; \u1f10\u03bd \u03c4\u03bf\u1fd6\u03c2 \u1f40\u03c1\u03b8\u03bf\u03b3\u03c9\u03bd\u03af\u03bf\u03b9\u03c2 \u03c4\u03c1\u03b9\u03b3\u03ce\u03bd\u03bf\u03b9\u03c2 \u03c4\u1f78 \u1f00\u03c0\u1f78 \u03c4\u1fc6\u03c2 \u03c4\u1f74\u03bd \u1f40\u03c1\u03b8\u1f74\u03bd \u03b3\u03c9\u03bd\u03af\u03b1\u03bd \u1f51\u03c0\u03bf\u03c4\u03b5\u03b9\u03bd\u03bf\u03cd\u03c3\u03b7\u03c2 \u03c0\u03bb\u03b5\u03c5\u03c1\u1fb6\u03c2 \u03c4\u03b5\u03c4\u03c1\u03ac\u03b3\u03c9\u03bd\u03bf\u03bd \u1f34\u03c3\u03bf\u03bd \u1f10\u03c3\u03c4\u1f76 \u03c4\u03bf\u1fd6\u03c2 \u1f00\u03c0\u1f78 \u03c4\u1ff6\u03bd \u03c4\u1f74\u03bd \u1f40\u03c1\u03b8\u1f74\u03bd \u03b3\u03c9\u03bd\u03af\u03b1\u03bd \u03c0\u03b5\u03c1\u03b9\u03b5\u03c7\u03bf\u03c5\u03c3\u1ff6\u03bd \u03c0\u03bb\u03b5\u03c5\u03c1\u1ff6\u03bd \u03c4\u03b5\u03c4\u03c1\u03b1\u03b3\u03ce\u03bd\u03bf\u03b9\u03c2.\n\n&gt;\u1f14\u03c3\u03c4\u03c9 \u03c4\u03c1\u03af\u03b3\u03c9\u03bd\u03bf\u03bd \u1f40\u03c1\u03b8\u03bf\u03b3\u03ce\u03bd\u03b9\u03bf\u03bd \u03c4\u1f78 \u0391\u0392\u0393 \u1f40\u03c1\u03b8\u1f74\u03bd \u1f14\u03c7\u03bf\u03bd \u03c4\u1f74\u03bd \u1f51\u03c0\u1f78 \u0392\u0391\u0393 \u03b3\u03c9\u03bd\u03af\u03b1\u03bd\u00b7 \u03bb\u03ad\u03b3\u03c9, \u1f45\u03c4\u03b9 \u03c4\u1f78 \u1f00\u03c0\u1f78 \u03c4\u1fc6\u03c2 \u0392\u0393 \u03c4\u03b5\u03c4\u03c1\u03ac\u03b3\u03c9\u03bd\u03bf\u03bd \u1f34\u03c3\u03bf\u03bd \u1f10\u03c3\u03c4\u1f76 \u03c4\u03bf\u1fd6\u03c2 \u1f00\u03c0\u1f78 \u03c4\u1ff6\u03bd \u0392\u0391, \u0391\u0393 \u03c4\u03b5\u03c4\u03c1\u03b1\u03b3\u03ce\u03bd\u03bf\u03b9\u03c2.\n\n&gt; ...\n\n&gt; \u1f10\u03bd \u1f04\u03c1\u03b1 \u03c4\u03bf\u1fd6\u03c2 \u1f40\u03c1\u03b8\u03bf\u03b3\u03c9\u03bd\u03af\u03bf\u03b9\u03c2 \u03c4\u03c1\u03b9\u03b3\u03ce\u03bd\u03bf\u03b9\u03c2 \u03c4\u1f78 \u1f00\u03c0\u1f78 \u03c4\u1fc6\u03c2 \u03c4\u1f74\u03bd \u1f40\u03c1\u03b8\u1f74\u03bd \u03b3\u03c9\u03bd\u03af\u03b1\u03bd \u1f51\u03c0\u03bf\u03c4\u03b5\u03b9\u03bd\u03bf\u03cd\u03c3\u03b7\u03c2 \u03c0\u03bb\u03b5\u03c5\u03c1\u1fb6\u03c2 \u03c4\u03b5\u03c4\u03c1\u03ac\u03b3\u03c9\u03bd\u03bf\u03bd \u1f34\u03c3\u03bf\u03bd \u1f10\u03c3\u03c4\u1f76 \u03c4\u03bf\u1fd6\u03c2 \u1f00\u03c0\u1f78 \u03c4\u1ff6\u03bd \u03c4\u1f74\u03bd \u1f40\u03c1\u03b8\u1f74\u03bd \u03b3\u03c9\u03bd\u03af\u03b1\u03bd \u03c0\u03b5\u03c1\u03b9\u03b5\u03c7\u03bf\u03c5\u03c3\u1ff6\u03bd \u03c0\u03bb\u03b5\u03c5\u03c1\u1ff6\u03bd \u03c4\u03b5\u03c4\u03c1\u03b1\u03b3\u03ce\u03bd\u03bf\u03b9\u03c2\u00b7 \u1f45\u03c0\u03b5\u03c1 \u1f14\u03b4\u03b5\u03b9 \u03b4\u03b5\u1fd6\u03be\u03b1\u03b9.\n\nAnd [in English](https://mathcs.clarku.edu/~djoyce/java/elements/bookI/propI47.html):\n\n&gt; In right-angled triangles the square on the side subtending (*hypoteinousa*) the right angle is equal to (the sum of) the squares on the sides containing the right angle.\n\n&gt; Let there be a right-angled triangle, ABC, with BAC a right angle: I say that the square on BC is equal to the squares on BA and AC.\n\n&gt; (*proof follows*)\n\n&gt; So in right-angled triangles the square on the side subtending the right angle is equal to the squares on the sides containing the right angle; which is what was to be shown.", "edited": false, "downs": 0, "author_flair_css_class": null, "is_submitter": false, "collapsed": false, "author_flair_richtext": [{"e": "text", "t": "Early Greek Literature"}], "author_patreon_flair": false, "body_html": "&lt;div class=\"md\"&gt;&lt;p&gt;The operators + - \u00d7 / = weren&amp;#39;t used: instead language was used. Things like &amp;#39;and in addition&amp;#39; for +, &amp;#39;is equal to&amp;#39; for =, and so on. Some of the non-obvious terminology we still use, like &amp;#39;right angle&amp;#39;, &amp;#39;subtending&amp;#39;, and so on, come from directly translating the the Greek terms into Latin (e.g. Gk &lt;em&gt;hypotein\u014d&lt;/em&gt; &amp;gt; Latin &lt;em&gt;subtendo&lt;/em&gt;, so a &amp;#39;hypotenuse&amp;#39; is a &amp;#39;subtending line&amp;#39;).&lt;/p&gt;\n\n&lt;p&gt;On the &amp;#39;Pythagorean&amp;#39; theorem: it&amp;#39;s pretty well known actually that it wasn&amp;#39;t discovered by Pythagoras. It was known to Babylonian mathematicians by ca. 2000 BCE. We don&amp;#39;t have a proof surviving from that era, but we do have examples and calculation tables that have the correct figures and use the correct calculation methods. The earliest full proof is the one in Euclid (3rd cent. BCE).&lt;/p&gt;\n\n&lt;p&gt;One ancient source, Diogenes Laertius, claims that Pythagoras discovered it, but he isn&amp;#39;t reliable at the best of times, and in any case we know from other evidence that he&amp;#39;s wrong. The Pythagoreans were a religious cult more than anything else, and they read allegorical symbolism into the 3-4-5 right triangle: that seems to be why the theorem came to be associated with Pythagoras in some people&amp;#39;s minds.&lt;/p&gt;\n\n&lt;p&gt;As to how it&amp;#39;s presented: here&amp;#39;s the text of Euclid, &lt;em&gt;Elements&lt;/em&gt; 1 prop. 47. &lt;a href=\"http://www.perseus.tufts.edu/hopper/text?doc=Perseus%3Atext%3A1999.01.0085%3Abook%3D1%3Atype%3Dprop%3Anumber%3D47\"&gt;In Greek&lt;/a&gt;:&lt;/p&gt;\n\n&lt;blockquote&gt;\n&lt;p&gt;\u1f10\u03bd \u03c4\u03bf\u1fd6\u03c2 \u1f40\u03c1\u03b8\u03bf\u03b3\u03c9\u03bd\u03af\u03bf\u03b9\u03c2 \u03c4\u03c1\u03b9\u03b3\u03ce\u03bd\u03bf\u03b9\u03c2 \u03c4\u1f78 \u1f00\u03c0\u1f78 \u03c4\u1fc6\u03c2 \u03c4\u1f74\u03bd \u1f40\u03c1\u03b8\u1f74\u03bd \u03b3\u03c9\u03bd\u03af\u03b1\u03bd \u1f51\u03c0\u03bf\u03c4\u03b5\u03b9\u03bd\u03bf\u03cd\u03c3\u03b7\u03c2 \u03c0\u03bb\u03b5\u03c5\u03c1\u1fb6\u03c2 \u03c4\u03b5\u03c4\u03c1\u03ac\u03b3\u03c9\u03bd\u03bf\u03bd \u1f34\u03c3\u03bf\u03bd \u1f10\u03c3\u03c4\u1f76 \u03c4\u03bf\u1fd6\u03c2 \u1f00\u03c0\u1f78 \u03c4\u1ff6\u03bd \u03c4\u1f74\u03bd \u1f40\u03c1\u03b8\u1f74\u03bd \u03b3\u03c9\u03bd\u03af\u03b1\u03bd \u03c0\u03b5\u03c1\u03b9\u03b5\u03c7\u03bf\u03c5\u03c3\u1ff6\u03bd \u03c0\u03bb\u03b5\u03c5\u03c1\u1ff6\u03bd \u03c4\u03b5\u03c4\u03c1\u03b1\u03b3\u03ce\u03bd\u03bf\u03b9\u03c2.&lt;/p&gt;\n\n&lt;p&gt;\u1f14\u03c3\u03c4\u03c9 \u03c4\u03c1\u03af\u03b3\u03c9\u03bd\u03bf\u03bd \u1f40\u03c1\u03b8\u03bf\u03b3\u03ce\u03bd\u03b9\u03bf\u03bd \u03c4\u1f78 \u0391\u0392\u0393 \u1f40\u03c1\u03b8\u1f74\u03bd \u1f14\u03c7\u03bf\u03bd \u03c4\u1f74\u03bd \u1f51\u03c0\u1f78 \u0392\u0391\u0393 \u03b3\u03c9\u03bd\u03af\u03b1\u03bd\u00b7 \u03bb\u03ad\u03b3\u03c9, \u1f45\u03c4\u03b9 \u03c4\u1f78 \u1f00\u03c0\u1f78 \u03c4\u1fc6\u03c2 \u0392\u0393 \u03c4\u03b5\u03c4\u03c1\u03ac\u03b3\u03c9\u03bd\u03bf\u03bd \u1f34\u03c3\u03bf\u03bd \u1f10\u03c3\u03c4\u1f76 \u03c4\u03bf\u1fd6\u03c2 \u1f00\u03c0\u1f78 \u03c4\u1ff6\u03bd \u0392\u0391, \u0391\u0393 \u03c4\u03b5\u03c4\u03c1\u03b1\u03b3\u03ce\u03bd\u03bf\u03b9\u03c2.&lt;/p&gt;\n\n&lt;p&gt;...&lt;/p&gt;\n\n&lt;p&gt;\u1f10\u03bd \u1f04\u03c1\u03b1 \u03c4\u03bf\u1fd6\u03c2 \u1f40\u03c1\u03b8\u03bf\u03b3\u03c9\u03bd\u03af\u03bf\u03b9\u03c2 \u03c4\u03c1\u03b9\u03b3\u03ce\u03bd\u03bf\u03b9\u03c2 \u03c4\u1f78 \u1f00\u03c0\u1f78 \u03c4\u1fc6\u03c2 \u03c4\u1f74\u03bd \u1f40\u03c1\u03b8\u1f74\u03bd \u03b3\u03c9\u03bd\u03af\u03b1\u03bd \u1f51\u03c0\u03bf\u03c4\u03b5\u03b9\u03bd\u03bf\u03cd\u03c3\u03b7\u03c2 \u03c0\u03bb\u03b5\u03c5\u03c1\u1fb6\u03c2 \u03c4\u03b5\u03c4\u03c1\u03ac\u03b3\u03c9\u03bd\u03bf\u03bd \u1f34\u03c3\u03bf\u03bd \u1f10\u03c3\u03c4\u1f76 \u03c4\u03bf\u1fd6\u03c2 \u1f00\u03c0\u1f78 \u03c4\u1ff6\u03bd \u03c4\u1f74\u03bd \u1f40\u03c1\u03b8\u1f74\u03bd \u03b3\u03c9\u03bd\u03af\u03b1\u03bd \u03c0\u03b5\u03c1\u03b9\u03b5\u03c7\u03bf\u03c5\u03c3\u1ff6\u03bd \u03c0\u03bb\u03b5\u03c5\u03c1\u1ff6\u03bd \u03c4\u03b5\u03c4\u03c1\u03b1\u03b3\u03ce\u03bd\u03bf\u03b9\u03c2\u00b7 \u1f45\u03c0\u03b5\u03c1 \u1f14\u03b4\u03b5\u03b9 \u03b4\u03b5\u1fd6\u03be\u03b1\u03b9.&lt;/p&gt;\n&lt;/blockquote&gt;\n\n&lt;p&gt;And &lt;a href=\"https://mathcs.clarku.edu/%7Edjoyce/java/elements/bookI/propI47.html\"&gt;in English&lt;/a&gt;:&lt;/p&gt;\n\n&lt;blockquote&gt;\n&lt;p&gt;In right-angled triangles the square on the side subtending (&lt;em&gt;hypoteinousa&lt;/em&gt;) the right angle is equal to (the sum of) the squares on the sides containing the right angle.&lt;/p&gt;\n\n&lt;p&gt;Let there be a right-angled triangle, ABC, with BAC a right angle: I say that the square on BC is equal to the squares on BA and AC.&lt;/p&gt;\n\n&lt;p&gt;(&lt;em&gt;proof follows&lt;/em&gt;)&lt;/p&gt;\n\n&lt;p&gt;So in right-angled triangles the square on the side subtending the right angle is equal to the squares on the sides containing the right angle; which is what was to be shown.&lt;/p&gt;\n&lt;/blockquote&gt;\n&lt;/div&gt;", "gildings": {}, "collapsed_reason": null, "associated_award": null, "stickied": false, "author_premium": false, "subreddit_type": "public", "can_gild": true, "top_awarded_type": null, "author_flair_text_color": "light", "score_hidden": false, "permalink": "/r/AskHistorians/comments/ikbinq/how_was_mathematical_equations_expressed_in/g3k8pr7/", "num_reports": null, "locked": false, "name": "t1_g3k8pr7", "created": 1598971141.0, "subreddit": "AskHistorians", "author_flair_text": "Early Greek Literature", "treatment_tags": [], "created_utc": 1598942341.0, "subreddit_name_prefixed": "r/AskHistorians", "controversiality": 0, "depth": 0, "author_flair_background_color": "#ff6666", "collapsed_because_crowd_control": null, "mod_reports": [], "mod_note": null, "distinguished": null}}, {"kind": "t1", "data": {"total_awards_received": 0, "approved_at_utc": null, "comment_type": null, "awarders": [], "mod_reason_by": null, "banned_by": null, "ups": 43, "removal_reason": null, "link_id": "t3_ikbinq", "author_flair_template_id": null, "likes": null, "replies": {"kind": "Listing", "data": {"modhash": "", "dist": null, "children": [{"kind": "t1", "data": {"total_awards_received": 0, "approved_at_utc": null, "comment_type": null, "awarders": [], "mod_reason_by": null, "banned_by": null, "ups": 6, "removal_reason": null, "link_id": "t3_ikbinq", "author_flair_template_id": null, "likes": null, "replies": {"kind": "Listing", "data": {"modhash": "", "dist": null, "children": [{"kind": "t1", "data": {"total_awards_received": 0, "approved_at_utc": null, "comment_type": null, "awarders": [], "mod_reason_by": null, "banned_by": null, "ups": 16, "removal_reason": null, "link_id": "t3_ikbinq", "author_flair_template_id": null, "likes": null, "replies": "", "user_reports": [], "saved": false, "id": "g3k98nm", "banned_at_utc": null, "mod_reason_title": null, "gilded": 0, "archived": false, "no_follow": true, "author": "[deleted]", "can_mod_post": false, "created_utc": 1598942847.0, "send_replies": true, "parent_id": "t1_g3k8qf0", "score": 16, "approved_by": null, "report_reasons": null, "all_awardings": [], "subreddit_id": "t5_2ssp3", "body": "[removed]", "edited": false, "author_flair_css_class": null, "downs": 0, "is_submitter": false, "body_html": "&lt;div class=\"md\"&gt;&lt;p&gt;[removed]&lt;/p&gt;\n&lt;/div&gt;", "gildings": {}, "collapsed_reason": null, "associated_award": null, "stickied": false, "subreddit_type": "public", "can_gild": true, "top_awarded_type": null, "author_flair_text_color": "dark", "score_hidden": false, "permalink": "/r/AskHistorians/comments/ikbinq/how_was_mathematical_equations_expressed_in/g3k98nm/", "num_reports": null, "locked": false, "name": "t1_g3k98nm", "created": 1598971647.0, "subreddit": "AskHistorians", "author_flair_text": null, "treatment_tags": [], "collapsed": true, "subreddit_name_prefixed": "r/AskHistorians", "controversiality": 0, "depth": 2, "author_flair_background_color": "", "collapsed_because_crowd_control": null, "mod_reports": [], "mod_note": null, "distinguished": null}}, {"kind": "t1", "data": {"total_awards_received": 0, "approved_at_utc": null, "comment_type": null, "awarders": [], "mod_reason_by": null, "banned_by": null, "ups": 3, "removal_reason": null, "link_id": "t3_ikbinq", "author_flair_template_id": null, "likes": null, "replies": "", "user_reports": [], "saved": false, "id": "g3kcayo", "banned_at_utc": null, "mod_reason_title": null, "gilded": 0, "archived": false, "no_follow": true, "author": "[deleted]", "can_mod_post": false, "created_utc": 1598945946.0, "send_replies": true, "parent_id": "t1_g3k8qf0", "score": 3, "approved_by": null, "report_reasons": null, "all_awardings": [], "subreddit_id": "t5_2ssp3", "body": "[removed]", "edited": false, "author_flair_css_class": null, "downs": 0, "is_submitter": false, "body_html": "&lt;div class=\"md\"&gt;&lt;p&gt;[removed]&lt;/p&gt;\n&lt;/div&gt;", "gildings": {}, "collapsed_reason": null, "associated_award": null, "stickied": false, "subreddit_type": "public", "can_gild": true, "top_awarded_type": null, "author_flair_text_color": "dark", "score_hidden": false, "permalink": "/r/AskHistorians/comments/ikbinq/how_was_mathematical_equations_expressed_in/g3kcayo/", "num_reports": null, "locked": false, "name": "t1_g3kcayo", "created": 1598974746.0, "subreddit": "AskHistorians", "author_flair_text": null, "treatment_tags": [], "collapsed": true, "subreddit_name_prefixed": "r/AskHistorians", "controversiality": 0, "depth": 2, "author_flair_background_color": "", "collapsed_because_crowd_control": null, "mod_reports": [], "mod_note": null, "distinguished": null}}], "after": null, "before": null}}, "user_reports": [], "saved": false, "id": "g3k8qf0", "banned_at_utc": null, "mod_reason_title": null, "gilded": 0, "archived": false, "no_follow": true, "author": "[deleted]", "can_mod_post": false, "send_replies": true, "parent_id": "t1_g3k8nqd", "score": 6, "approved_by": null, "report_reasons": null, "all_awardings": [], "subreddit_id": "t5_2ssp3", "body": "[removed]", "edited": false, "author_flair_css_class": null, "collapsed": true, "downs": 0, "is_submitter": false, "body_html": "&lt;div class=\"md\"&gt;&lt;p&gt;[removed]&lt;/p&gt;\n&lt;/div&gt;", "gildings": {}, "collapsed_reason": null, "associated_award": null, "stickied": false, "subreddit_type": "public", "can_gild": true, "top_awarded_type": null, "author_flair_text_color": "dark", "score_hidden": false, "permalink": "/r/AskHistorians/comments/ikbinq/how_was_mathematical_equations_expressed_in/g3k8qf0/", "num_reports": null, "locked": false, "name": "t1_g3k8qf0", "created": 1598971158.0, "subreddit": "AskHistorians", "author_flair_text": null, "treatment_tags": [], "created_utc": 1598942358.0, "subreddit_name_prefixed": "r/AskHistorians", "controversiality": 0, "depth": 1, "author_flair_background_color": "", "collapsed_because_crowd_control": null, "mod_reports": [], "mod_note": null, "distinguished": null}}], "after": null, "before": null}}, "user_reports": [], "saved": false, "id": "g3k8nqd", "banned_at_utc": null, "mod_reason_title": null, "gilded": 0, "archived": false, "no_follow": true, "author": "[deleted]", "can_mod_post": false, "send_replies": true, "parent_id": "t3_ikbinq", "score": 43, "approved_by": null, "report_reasons": null, "all_awardings": [], "subreddit_id": "t5_2ssp3", "body": "[removed]", "edited": 1598942571.0, "downs": 0, "author_flair_css_class": null, "collapsed": true, "is_submitter": false, "body_html": "&lt;div class=\"md\"&gt;&lt;p&gt;[removed]&lt;/p&gt;\n&lt;/div&gt;", "gildings": {}, "collapsed_reason": null, "associated_award": null, "stickied": false, "subreddit_type": "public", "can_gild": true, "top_awarded_type": null, "author_flair_text_color": "dark", "score_hidden": false, "permalink": "/r/AskHistorians/comments/ikbinq/how_was_mathematical_equations_expressed_in/g3k8nqd/", "num_reports": null, "locked": false, "name": "t1_g3k8nqd", "created": 1598971087.0, "subreddit": "AskHistorians", "author_flair_text": null, "treatment_tags": [], "created_utc": 1598942287.0, "subreddit_name_prefixed": "r/AskHistorians", "controversiality": 0, "depth": 0, "author_flair_background_color": "", "collapsed_because_crowd_control": null, "mod_reports": [], "mod_note": null, "distinguished": null}}, {"kind": "t1", "data": {"total_awards_received": 0, "approved_at_utc": null, "comment_type": null, "awarders": [], "mod_reason_by": null, "banned_by": null, "ups": 4, "removal_reason": null, "link_id": "t3_ikbinq", "author_flair_template_id": null, "likes": null, "replies": {"kind": "Listing", "data": {"modhash": "", "dist": null, "children": [{"kind": "t1", "data": {"total_awards_received": 0, "approved_at_utc": null, "comment_type": null, "awarders": [], "mod_reason_by": null, "banned_by": null, "ups": 6, "removal_reason": null, "link_id": "t3_ikbinq", "author_flair_template_id": null, "likes": null, "replies": {"kind": "Listing", "data": {"modhash": "", "dist": null, "children": [{"kind": "t1", "data": {"total_awards_received": 0, "approved_at_utc": null, "comment_type": null, "awarders": [], "mod_reason_by": null, "banned_by": null, "ups": 1, "removal_reason": null, "link_id": "t3_ikbinq", "author_flair_template_id": null, "likes": null, "replies": {"kind": "Listing", "data": {"modhash": "", "dist": null, "children": [{"kind": "t1", "data": {"total_awards_received": 0, "approved_at_utc": null, "comment_type": null, "awarders": [], "mod_reason_by": null, "banned_by": null, "ups": 1, "removal_reason": null, "link_id": "t3_ikbinq", "author_flair_template_id": null, "likes": null, "replies": "", "user_reports": [], "saved": false, "id": "g3k5aba", "banned_at_utc": null, "mod_reason_title": null, "gilded": 0, "archived": false, "no_follow": true, "author": "[deleted]", "can_mod_post": false, "send_replies": true, "parent_id": "t1_g3k4xgr", "score": 1, "approved_by": null, "report_reasons": null, "all_awardings": [], "subreddit_id": "t5_2ssp3", "body": "[removed]", "edited": false, "downs": 0, "author_flair_css_class": null, "collapsed": true, "is_submitter": false, "body_html": "&lt;div class=\"md\"&gt;&lt;p&gt;[removed]&lt;/p&gt;\n&lt;/div&gt;", "gildings": {}, "collapsed_reason": null, "associated_award": null, "stickied": false, "subreddit_type": "public", "can_gild": true, "top_awarded_type": null, "author_flair_text_color": "dark", "score_hidden": false, "permalink": "/r/AskHistorians/comments/ikbinq/how_was_mathematical_equations_expressed_in/g3k5aba/", "num_reports": null, "locked": false, "name": "t1_g3k5aba", "created": 1598968033.0, "subreddit": "AskHistorians", "author_flair_text": null, "treatment_tags": [], "created_utc": 1598939233.0, "subreddit_name_prefixed": "r/AskHistorians", "controversiality": 0, "depth": 3, "author_flair_background_color": "", "collapsed_because_crowd_control": null, "mod_reports": [], "mod_note": null, "distinguished": null}}], "after": null, "before": null}}, "user_reports": [], "saved": false, "id": "g3k4xgr", "banned_at_utc": null, "mod_reason_title": null, "gilded": 0, "archived": false, "no_follow": true, "author": "[deleted]", "can_mod_post": false, "created_utc": 1598938929.0, "send_replies": true, "parent_id": "t1_g3jxxzy", "score": 1, "approved_by": null, "report_reasons": null, "all_awardings": [], "subreddit_id": "t5_2ssp3", "body": "[deleted]", "edited": 1598939312.0, "author_flair_css_class": null, "downs": 0, "is_submitter": false, "body_html": "&lt;div class=\"md\"&gt;&lt;p&gt;[deleted]&lt;/p&gt;\n&lt;/div&gt;", "gildings": {}, "collapsed_reason": null, "associated_award": null, "stickied": false, "subreddit_type": "public", "can_gild": true, "top_awarded_type": null, "author_flair_text_color": "dark", "score_hidden": false, "permalink": "/r/AskHistorians/comments/ikbinq/how_was_mathematical_equations_expressed_in/g3k4xgr/", "num_reports": null, "locked": false, "name": "t1_g3k4xgr", "created": 1598967729.0, "subreddit": "AskHistorians", "author_flair_text": null, "treatment_tags": [], "collapsed": true, "subreddit_name_prefixed": "r/AskHistorians", "controversiality": 0, "depth": 2, "author_flair_background_color": "", "collapsed_because_crowd_control": null, "mod_reports": [], "mod_note": null, "distinguished": null}}], "after": null, "before": null}}, "user_reports": [], "saved": false, "id": "g3jxxzy", "banned_at_utc": null, "mod_reason_title": null, "gilded": 0, "archived": false, "no_follow": true, "author": "[deleted]", "can_mod_post": false, "send_replies": true, "parent_id": "t1_g3jxjtk", "score": 6, "approved_by": null, "report_reasons": null, "all_awardings": [], "subreddit_id": "t5_2ssp3", "body": "[removed]", "edited": false, "author_flair_css_class": null, "collapsed": true, "downs": 0, "is_submitter": false, "body_html": "&lt;div class=\"md\"&gt;&lt;p&gt;[removed]&lt;/p&gt;\n&lt;/div&gt;", "gildings": {}, "collapsed_reason": null, "associated_award": null, "stickied": false, "subreddit_type": "public", "can_gild": true, "top_awarded_type": null, "author_flair_text_color": "dark", "score_hidden": false, "permalink": "/r/AskHistorians/comments/ikbinq/how_was_mathematical_equations_expressed_in/g3jxxzy/", "num_reports": null, "locked": false, "name": "t1_g3jxxzy", "created": 1598962391.0, "subreddit": "AskHistorians", "author_flair_text": null, "treatment_tags": [], "created_utc": 1598933591.0, "subreddit_name_prefixed": "r/AskHistorians", "controversiality": 0, "depth": 1, "author_flair_background_color": "", "collapsed_because_crowd_control": null, "mod_reports": [], "mod_note": null, "distinguished": null}}], "after": null, "before": null}}, "user_reports": [], "saved": false, "id": "g3jxjtk", "banned_at_utc": null, "mod_reason_title": null, "gilded": 0, "archived": false, "no_follow": true, "author": "[deleted]", "can_mod_post": false, "send_replies": true, "parent_id": "t3_ikbinq", "score": 4, "approved_by": null, "report_reasons": null, "all_awardings": [], "subreddit_id": "t5_2ssp3", "body": "[removed]", "edited": 1598980159.0, "downs": 0, "author_flair_css_class": null, "collapsed": true, "is_submitter": false, "body_html": "&lt;div class=\"md\"&gt;&lt;p&gt;[removed]&lt;/p&gt;\n&lt;/div&gt;", "gildings": {}, "collapsed_reason": null, "associated_award": null, "stickied": false, "subreddit_type": "public", "can_gild": true, "top_awarded_type": null, "author_flair_text_color": "dark", "score_hidden": false, "permalink": "/r/AskHistorians/comments/ikbinq/how_was_mathematical_equations_expressed_in/g3jxjtk/", "num_reports": null, "locked": false, "name": "t1_g3jxjtk", "created": 1598962124.0, "subreddit": "AskHistorians", "author_flair_text": null, "treatment_tags": [], "created_utc": 1598933324.0, "subreddit_name_prefixed": "r/AskHistorians", "controversiality": 1, "depth": 0, "author_flair_background_color": "", "collapsed_because_crowd_control": null, "mod_reports": [], "mod_note": null, "distinguished": null}}], "after": null, "before": null}}]