[{"kind": "Listing", "data": {"modhash": "", "dist": 1, "children": [{"kind": "t3", "data": {"approved_at_utc": null, "subreddit": "AskHistorians", "selftext": "I am looking for first, or at best, secondhand accounts of what is listed in the OP, including any and all art made by the European settlers depicting what the 15th and 16th century Natives looked like,  what the Natives' homes looked like, what the Settlers' homes and settlements looked like, and artwoorks from that time period of early America's natural terrain. Maps made by people like John White and John Smith etc would also be immensely appreciated.  \n\n\nInformation about the various Native tribes encountered, and the complex relationships of both alliances and hostility they had with them would be fascinating, any information that could be gleaned on their various cultures and languages as well.  \n\n\nAnything about the first impressions of America's massive forests or natural flora and fauna would be appreciated.  \n\n\nI do not want any works with a political slant, please.\n\nI would also like to read later sources that give an idea as to what daily life, for example, in the Lost Colony would've been like, or in Jamestown in the period prior to the English Civil War - what the dress, speech and attitudes would've been like for your average Colonist (not one of the big money men who were only interested in exploitation).\n\nBasically, imagine I am a time traveler preparing a trip back to 1585-1640 era English Colonial America in both the North Carolina, Chesapeake and; any and all resources I could use would be EXTREMELY appreciated.", "user_reports": [], "saved": false, "mod_reason_title": null, "gilded": 0, "clicked": false, "title": "What are good primary sources for the early settling of North America by the English (especially from 1585-1640?)", "link_flair_richtext": [], "subreddit_name_prefixed": "r/AskHistorians", "hidden": false, "pwls": 6, "link_flair_css_class": null, "downs": 0, "top_awarded_type": null, "parent_whitelist_status": "all_ads", "hide_score": false, "name": "t3_ike5ud", "quarantine": false, "link_flair_text_color": "dark", "upvote_ratio": 0.67, "author_flair_background_color": null, "subreddit_type": "public", "ups": 2, "total_awards_received": 0, "media_embed": {}, "author_flair_template_id": null, "is_original_content": false, "author_fullname": "t2_7xfvt7vc", "secure_media": null, "is_reddit_media_domain": false, "is_meta": false, "category": null, "secure_media_embed": {}, "link_flair_text": null, "can_mod_post": false, "score": 2, "approved_by": null, "author_premium": false, "thumbnail": "", "edited": 1598936549.0, "author_flair_css_class": null, "author_flair_richtext": [], "gildings": {}, "content_categories": null, "is_self": true, "mod_note": null, "created": 1598965151.0, "link_flair_type": "text", "wls": 6, "removed_by_category": null, "banned_by": null, "author_flair_type": "text", "domain": "self.AskHistorians", "allow_live_comments": false, "selftext_html": "&lt;!-- SC_OFF --&gt;&lt;div class=\"md\"&gt;&lt;p&gt;I am looking for first, or at best, secondhand accounts of what is listed in the OP, including any and all art made by the European settlers depicting what the 15th and 16th century Natives looked like,  what the Natives&amp;#39; homes looked like, what the Settlers&amp;#39; homes and settlements looked like, and artwoorks from that time period of early America&amp;#39;s natural terrain. Maps made by people like John White and John Smith etc would also be immensely appreciated.  &lt;/p&gt;\n\n&lt;p&gt;Information about the various Native tribes encountered, and the complex relationships of both alliances and hostility they had with them would be fascinating, any information that could be gleaned on their various cultures and languages as well.  &lt;/p&gt;\n\n&lt;p&gt;Anything about the first impressions of America&amp;#39;s massive forests or natural flora and fauna would be appreciated.  &lt;/p&gt;\n\n&lt;p&gt;I do not want any works with a political slant, please.&lt;/p&gt;\n\n&lt;p&gt;I would also like to read later sources that give an idea as to what daily life, for example, in the Lost Colony would&amp;#39;ve been like, or in Jamestown in the period prior to the English Civil War - what the dress, speech and attitudes would&amp;#39;ve been like for your average Colonist (not one of the big money men who were only interested in exploitation).&lt;/p&gt;\n\n&lt;p&gt;Basically, imagine I am a time traveler preparing a trip back to 1585-1640 era English Colonial America in both the North Carolina, Chesapeake and; any and all resources I could use would be EXTREMELY appreciated.&lt;/p&gt;\n&lt;/div&gt;&lt;!-- SC_ON --&gt;", "likes": null, "suggested_sort": null, "banned_at_utc": null, "view_count": null, "archived": false, "no_follow": true, "is_crosspostable": false, "pinned": false, "over_18": false, "all_awardings": [], "awarders": [], "media_only": false, "can_gild": false, "spoiler": false, "locked": false, "author_flair_text": null, "treatment_tags": [], "visited": false, "removed_by": null, "num_reports": null, "distinguished": null, "subreddit_id": "t5_2ssp3", "mod_reason_by": null, "removal_reason": null, "link_flair_background_color": "", "id": "ike5ud", "is_robot_indexable": true, "num_duplicates": 1, "report_reasons": null, "author": "RoanakeCroatan", "discussion_type": null, "num_comments": 2, "send_replies": true, "media": null, "contest_mode": false, "author_patreon_flair": false, "author_flair_text_color": null, "permalink": "/r/AskHistorians/comments/ike5ud/what_are_good_primary_sources_for_the_early/", "whitelist_status": "all_ads", "stickied": false, "url": "https://www.reddit.com/r/AskHistorians/comments/ike5ud/what_are_good_primary_sources_for_the_early/", "subreddit_subscribers": 1264334, "created_utc": 1598936351.0, "num_crossposts": 0, "mod_reports": [], "is_video": false}}], "after": null, "before": null}}, {"kind": "Listing", "data": {"modhash": "", "dist": null, "children": [{"kind": "t1", "data": {"total_awards_received": 0, "approved_at_utc": null, "comment_type": null, "awarders": [], "mod_reason_by": null, "banned_by": null, "ups": 1, "author_flair_type": "richtext", "removal_reason": null, "link_id": "t3_ike5ud", "author_flair_template_id": "9e641f94-c626-11e2-8e2c-12313b0b21ae", "likes": null, "replies": "", "user_reports": [], "saved": false, "id": "g3k1r21", "banned_at_utc": null, "mod_reason_title": null, "gilded": 0, "archived": false, "no_follow": true, "author": "AutoModerator", "can_mod_post": false, "send_replies": false, "parent_id": "t3_ike5ud", "score": 1, "author_fullname": "t2_6l4z3", "report_reasons": null, "approved_by": null, "all_awardings": [], "subreddit_id": "t5_2ssp3", "body": "Welcome to /r/AskHistorians. **Please [Read Our Rules](https://www.reddit.com/r/AskHistorians/wiki/rules) before you comment in this community**. Understand that rule breaking comments get removed.\n\nPlease consider **[Clicking Here for RemindMeBot](https://www.reddit.com/message/compose/?to=RemindMeBot&amp;subject=Reminder&amp;message=%5Bhttps://www.reddit.com/r/AskHistorians/comments/ike5ud/what_are_good_primary_sources_for_the_early/%5D%0A%0ARemindMe!%202%20days)** as it takes time for an answer to be written. We thank you for your interest in this *question*, and your patience in waiting for an in-depth and comprehensive answer to show up. In addition to RemindMeBot, consider [using our Browser Extension](https://www.reddit.com/r/AskHistorians/comments/d6dzi7/tired_of_clicking_to_find_only_removed_comments/), or getting the [Weekly Roundup](https://www.reddit.com/message/compose?to=subredditsummarybot&amp;subject=askhistorians+weekly&amp;message=x). In the meantime our [Twitter](https://twitter.com/askhistorians), [Facebook](https://www.facebook.com/askhistorians/), and [Sunday Digest](https://www.reddit.com/r/AskHistorians/search?q=title%3A%22Sunday+Digest%22&amp;restrict_sr=on&amp;sort=new&amp;t=all) feature excellent content that has already been written!\n\n\n*I am a bot, and this action was performed automatically. Please [contact the moderators of this subreddit](/message/compose/?to=/r/AskHistorians) if you have any questions or concerns.*", "edited": false, "downs": 0, "author_flair_css_class": null, "is_submitter": false, "collapsed": false, "author_flair_richtext": [{"e": "text", "t": "History of Robotics"}], "author_patreon_flair": false, "body_html": "&lt;div class=\"md\"&gt;&lt;p&gt;Welcome to &lt;a href=\"/r/AskHistorians\"&gt;/r/AskHistorians&lt;/a&gt;. &lt;strong&gt;Please &lt;a href=\"https://www.reddit.com/r/AskHistorians/wiki/rules\"&gt;Read Our Rules&lt;/a&gt; before you comment in this community&lt;/strong&gt;. Understand that rule breaking comments get removed.&lt;/p&gt;\n\n&lt;p&gt;Please consider &lt;strong&gt;&lt;a href=\"https://www.reddit.com/message/compose/?to=RemindMeBot&amp;amp;subject=Reminder&amp;amp;message=%5Bhttps://www.reddit.com/r/AskHistorians/comments/ike5ud/what_are_good_primary_sources_for_the_early/%5D%0A%0ARemindMe!%202%20days\"&gt;Clicking Here for RemindMeBot&lt;/a&gt;&lt;/strong&gt; as it takes time for an answer to be written. We thank you for your interest in this &lt;em&gt;question&lt;/em&gt;, and your patience in waiting for an in-depth and comprehensive answer to show up. In addition to RemindMeBot, consider &lt;a href=\"https://www.reddit.com/r/AskHistorians/comments/d6dzi7/tired_of_clicking_to_find_only_removed_comments/\"&gt;using our Browser Extension&lt;/a&gt;, or getting the &lt;a href=\"https://www.reddit.com/message/compose?to=subredditsummarybot&amp;amp;subject=askhistorians+weekly&amp;amp;message=x\"&gt;Weekly Roundup&lt;/a&gt;. In the meantime our &lt;a href=\"https://twitter.com/askhistorians\"&gt;Twitter&lt;/a&gt;, &lt;a href=\"https://www.facebook.com/askhistorians/\"&gt;Facebook&lt;/a&gt;, and &lt;a href=\"https://www.reddit.com/r/AskHistorians/search?q=title%3A%22Sunday+Digest%22&amp;amp;restrict_sr=on&amp;amp;sort=new&amp;amp;t=all\"&gt;Sunday Digest&lt;/a&gt; feature excellent content that has already been written!&lt;/p&gt;\n\n&lt;p&gt;&lt;em&gt;I am a bot, and this action was performed automatically. Please &lt;a href=\"/message/compose/?to=/r/AskHistorians\"&gt;contact the moderators of this subreddit&lt;/a&gt; if you have any questions or concerns.&lt;/em&gt;&lt;/p&gt;\n&lt;/div&gt;", "gildings": {}, "collapsed_reason": null, "associated_award": null, "stickied": true, "author_premium": true, "subreddit_type": "public", "can_gild": true, "top_awarded_type": null, "author_flair_text_color": "light", "score_hidden": true, "permalink": "/r/AskHistorians/comments/ike5ud/what_are_good_primary_sources_for_the_early/g3k1r21/", "num_reports": null, "locked": true, "name": "t1_g3k1r21", "created": 1598965151.0, "subreddit": "AskHistorians", "author_flair_text": "History of Robotics", "treatment_tags": [], "created_utc": 1598936351.0, "subreddit_name_prefixed": "r/AskHistorians", "controversiality": 0, "depth": 0, "author_flair_background_color": "#993366", "collapsed_because_crowd_control": null, "mod_reports": [], "mod_note": null, "distinguished": "moderator"}}, {"kind": "t1", "data": {"total_awards_received": 0, "approved_at_utc": null, "comment_type": null, "awarders": [], "mod_reason_by": null, "banned_by": null, "ups": 3, "author_flair_type": "richtext", "removal_reason": null, "link_id": "t3_ike5ud", "author_flair_template_id": "7197d816-c626-11e2-b2cc-12313b0b21ae", "likes": null, "replies": "", "user_reports": [], "saved": false, "id": "g3ltio7", "banned_at_utc": null, "mod_reason_title": null, "gilded": 0, "archived": false, "no_follow": true, "author": "Takeoffdpantsnjaket", "can_mod_post": false, "send_replies": true, "parent_id": "t3_ike5ud", "score": 3, "author_fullname": "t2_4a8j1y3g", "report_reasons": null, "approved_by": null, "all_awardings": [], "subreddit_id": "t5_2ssp3", "body": "Okie dokie: [The Generall Historie of Virginia, New-England, and the Summer Isles: With the Names of the Adventurers, Planters, and Governours from Their First Beginning, Ano: 1584. To This Present 1624. With the Procedings of Those Severall Colonies and the Accidents That Befell Them in All Their Journyes and Discoveries. Also the Maps and Descriptions of All Those Countryes, Their Commodities, People, Government, Customes, and Religion Yet Knowne. Divided into Sixe Bookes. By Captaine Iohn Smith, Sometymes Governour in Those Countryes &amp; Admirall of New England] (https://docsouth.unc.edu/southlit/smith/smith.html) and [A description of New England, or, Observations and discoveries in the north of America in the year of Our Lord 1614, with the success of six ships that went the next year, 1615] (https://babel.hathitrust.org/cgi/pt?id=nyp.33433113859981&amp;view=1up&amp;seq=9), both by John Smith himself.\n\nSome other great first hand accounts (though many are for New England or are slightly out of your time frame): \n\n[*Mort's Relation: A Journal of the Pilgrims in Plymouth*] (https://books.google.com/books/about/Mourt_s_Relation_Or_Journal_of_the_Plant.html?id=xb3coQS13NYC&amp;printsec=frontcover&amp;source=kp_read_button) - written by Pilgram Edward Winslow, this is a journal of basically the first year in Plymouth Colony.\n\n[*Of Plimouth Plantation*] (https://books.google.com/books/about/History_of_Plimoth_Plantation.html?id=OWFAcDEnVMEC&amp;printsec=frontcover&amp;source=kp_read_button) (or *The History of Plymouth Plantation*, as it is often called) - written by Pilgram William Bradford, this book covers the Pilgrams and their move to America, written retrospectively narratively instead of in journal form. It starts in 1608 in Scrooby, England, then shows the move to Leyden, securing travel to America aboard the *Mayflower*, and nearly 30 years of life once in America (until 1647).\n\nIn 1634 William Wood published a book with a lot of name, which was typical as we will see. He named it [*New Englands Prospect. A true, lively, and experimentall description of that part of America, commonly called New England: discovering the state of that Countrie, both as it stands to our new-come English Planters; and to the old Native Inhabitants.*] (https://archive.org/details/woodsnewengland00woodgoog/page/n13/mode/2up). The title is pretty descriptive of the contents, detailing both the natural world and lives of natives.\n\nTwice in the middle of the century, a gentleman traveled to New England. Two works became the result and are fantastic firsthand accounts of a colonial traveler. His name was John Josselyn and he traveled in 1638 and again in 1663. In the early 1670s his accounts were published in a double volume of sorts - one, from 1672, is originally [*New-England's Rarities Discovered in Birds, Beasts, Fishes, Serpents and Plants of that Country*] (https://books.google.com/books/about/New_Englands_Rarities_Discovered.html?id=iWSC6HwiixsC&amp;printsec=frontcover&amp;source=kp_read_button), though simply *New-England's Rarities Discovered* is the more common name now. It focuses on nature but does detail some of his trip as well as native medicines and treatments of the region. Ever wonder how vultures taste? This book tells you. It also features a \"perfect description of an Indian SQUA, in all her bravery.\" His second book was published two years later and is [*An Account of Two Voyages to New England*] (https://books.google.com/books/about/An_Account_of_Two_Voyages_to_New_England.html?id=eIlDAQAAMAAJ&amp;printsec=frontcover&amp;source=kp_read_button) and is focused on the traveling more than anything else. Wonder what victuals you'd have on the crossing? How many shovels and buckets to bring? How much gunpowder and shot, what food you'd need for the first year, and whether or not sugar and spice should be purchased before leaving or after arriving? This book tells you all of that. It is so important to early Anglo history it was actually available from Wal~Mart only a short time ago (however is now sold out).\n\nOne important work that even sat on Thomas Jefferson's library shelf at Monticello was a book published in 1791 by William Bartram. His father, John, had started the first \"American\" botanical garden in Philly in the 1730s (and it's still there!) and later become the official botanist of the North American British colonies. He traveled southward with his son and after returning with numerous biological specimens, his son returned to the roads, further exploring America. Some plants only exist today because of the work of the Bartrams. William wrote a book about his travels and it's full name is more than a mouthful: [*Travels through North and South Carolina, Georgia, East and West Florida, the Cherokee Country, the Extensive Territories of the Muscogulges or Creek Confederacy, and the Country of the Chactaws. Containing an Account of the Soil and Natural Productions of Those Regions; Together with Observations on the Manners of the Indians.*] (https://books.google.com/books/about/Travels_Through_North_South_Carolina_Geo.html?id=WrJgAAAAcAAJ&amp;printsec=frontcover&amp;source=kp_read_button) - we call it simply \"Bartram's Travels\" more often than not. In truth it just says \"Travels of the Southeastern US\", but places like Alabama and Mississippi he names by their inhabitants as the English have no name for them.\n\nAn excellent book that isn't itself firsthand is *Walter Ralegh: Architect of Empire* by Allan Gallay, who won a Bancroft Award for his earlier work *The Indian Slave Trade*. Raleigh, of course, held the patent for colonization of the Atlantic Coast from Florida to Newfoundland after his half brother (who originally held the entire patent) was lost at sea. It would be by his efforts that Roanoke would begin; he would show his allegiance by coining the name \"Virginia\" as a nod to the queen; his grandaughter, Virginia Dare, would become the stuff of legend and myth; and he would eventually lose his head for meddling with the Spanish time and time again. Gallay's work is by all accounts well researched and deep, providing a great look at Raleigh and his \"accomplishments\" (good *and* bad). His half brother, Humphrey Gilbert, wrote [*A discourse of a discovery for a new passage to Cataia, 1576*] (https://quod.lib.umich.edu/e/eebo/A01749.0001.001?view=toc) which I finally found a link to and is the theory of Gilbert that made him seek to colonize North America, which Raleigh would become inspired from.\n\nI'm not the clothing expert, but Linda Baumgarten is and worked as curator of textiles at the Colonial Williamsburg Foundation for almost 4 decades. She wrote a few books, though most deal with 18th century clothing. They are: *What Clothes Reveal: The Language of Clothing in Colonial and Federal America*; *Costume Close-up: Clothing Construction and Pattern, 1750-1790*; *Eighteenth-century clothing at Williamsburg*; and *Four Centuries of Quilts: The Colonial Williamsburg Collection*. They have wonderful despcriptions and pictures of actual textiles persevered from the 17th-19th century, though focused in the mid to late 18th.\n\nThis certainly isn't all that is out there but should give you a few things to check out. Hope that helps.\n\nE for typos and links.", "edited": 1598979738.0, "downs": 0, "author_flair_css_class": null, "is_submitter": false, "collapsed": false, "author_flair_richtext": [{"e": "text", "t": "Colonial and Early US History"}], "author_patreon_flair": false, "body_html": "&lt;div class=\"md\"&gt;&lt;p&gt;Okie dokie: &lt;a href=\"https://docsouth.unc.edu/southlit/smith/smith.html\"&gt;The Generall Historie of Virginia, New-England, and the Summer Isles: With the Names of the Adventurers, Planters, and Governours from Their First Beginning, Ano: 1584. To This Present 1624. With the Procedings of Those Severall Colonies and the Accidents That Befell Them in All Their Journyes and Discoveries. Also the Maps and Descriptions of All Those Countryes, Their Commodities, People, Government, Customes, and Religion Yet Knowne. Divided into Sixe Bookes. By Captaine Iohn Smith, Sometymes Governour in Those Countryes &amp;amp; Admirall of New England&lt;/a&gt; and &lt;a href=\"https://babel.hathitrust.org/cgi/pt?id=nyp.33433113859981&amp;amp;view=1up&amp;amp;seq=9\"&gt;A description of New England, or, Observations and discoveries in the north of America in the year of Our Lord 1614, with the success of six ships that went the next year, 1615&lt;/a&gt;, both by John Smith himself.&lt;/p&gt;\n\n&lt;p&gt;Some other great first hand accounts (though many are for New England or are slightly out of your time frame): &lt;/p&gt;\n\n&lt;p&gt;&lt;a href=\"https://books.google.com/books/about/Mourt_s_Relation_Or_Journal_of_the_Plant.html?id=xb3coQS13NYC&amp;amp;printsec=frontcover&amp;amp;source=kp_read_button\"&gt;&lt;em&gt;Mort&amp;#39;s Relation: A Journal of the Pilgrims in Plymouth&lt;/em&gt;&lt;/a&gt; - written by Pilgram Edward Winslow, this is a journal of basically the first year in Plymouth Colony.&lt;/p&gt;\n\n&lt;p&gt;&lt;a href=\"https://books.google.com/books/about/History_of_Plimoth_Plantation.html?id=OWFAcDEnVMEC&amp;amp;printsec=frontcover&amp;amp;source=kp_read_button\"&gt;&lt;em&gt;Of Plimouth Plantation&lt;/em&gt;&lt;/a&gt; (or &lt;em&gt;The History of Plymouth Plantation&lt;/em&gt;, as it is often called) - written by Pilgram William Bradford, this book covers the Pilgrams and their move to America, written retrospectively narratively instead of in journal form. It starts in 1608 in Scrooby, England, then shows the move to Leyden, securing travel to America aboard the &lt;em&gt;Mayflower&lt;/em&gt;, and nearly 30 years of life once in America (until 1647).&lt;/p&gt;\n\n&lt;p&gt;In 1634 William Wood published a book with a lot of name, which was typical as we will see. He named it &lt;a href=\"https://archive.org/details/woodsnewengland00woodgoog/page/n13/mode/2up\"&gt;&lt;em&gt;New Englands Prospect. A true, lively, and experimentall description of that part of America, commonly called New England: discovering the state of that Countrie, both as it stands to our new-come English Planters; and to the old Native Inhabitants.&lt;/em&gt;&lt;/a&gt;. The title is pretty descriptive of the contents, detailing both the natural world and lives of natives.&lt;/p&gt;\n\n&lt;p&gt;Twice in the middle of the century, a gentleman traveled to New England. Two works became the result and are fantastic firsthand accounts of a colonial traveler. His name was John Josselyn and he traveled in 1638 and again in 1663. In the early 1670s his accounts were published in a double volume of sorts - one, from 1672, is originally &lt;a href=\"https://books.google.com/books/about/New_Englands_Rarities_Discovered.html?id=iWSC6HwiixsC&amp;amp;printsec=frontcover&amp;amp;source=kp_read_button\"&gt;&lt;em&gt;New-England&amp;#39;s Rarities Discovered in Birds, Beasts, Fishes, Serpents and Plants of that Country&lt;/em&gt;&lt;/a&gt;, though simply &lt;em&gt;New-England&amp;#39;s Rarities Discovered&lt;/em&gt; is the more common name now. It focuses on nature but does detail some of his trip as well as native medicines and treatments of the region. Ever wonder how vultures taste? This book tells you. It also features a &amp;quot;perfect description of an Indian SQUA, in all her bravery.&amp;quot; His second book was published two years later and is &lt;a href=\"https://books.google.com/books/about/An_Account_of_Two_Voyages_to_New_England.html?id=eIlDAQAAMAAJ&amp;amp;printsec=frontcover&amp;amp;source=kp_read_button\"&gt;&lt;em&gt;An Account of Two Voyages to New England&lt;/em&gt;&lt;/a&gt; and is focused on the traveling more than anything else. Wonder what victuals you&amp;#39;d have on the crossing? How many shovels and buckets to bring? How much gunpowder and shot, what food you&amp;#39;d need for the first year, and whether or not sugar and spice should be purchased before leaving or after arriving? This book tells you all of that. It is so important to early Anglo history it was actually available from Wal~Mart only a short time ago (however is now sold out).&lt;/p&gt;\n\n&lt;p&gt;One important work that even sat on Thomas Jefferson&amp;#39;s library shelf at Monticello was a book published in 1791 by William Bartram. His father, John, had started the first &amp;quot;American&amp;quot; botanical garden in Philly in the 1730s (and it&amp;#39;s still there!) and later become the official botanist of the North American British colonies. He traveled southward with his son and after returning with numerous biological specimens, his son returned to the roads, further exploring America. Some plants only exist today because of the work of the Bartrams. William wrote a book about his travels and it&amp;#39;s full name is more than a mouthful: &lt;a href=\"https://books.google.com/books/about/Travels_Through_North_South_Carolina_Geo.html?id=WrJgAAAAcAAJ&amp;amp;printsec=frontcover&amp;amp;source=kp_read_button\"&gt;&lt;em&gt;Travels through North and South Carolina, Georgia, East and West Florida, the Cherokee Country, the Extensive Territories of the Muscogulges or Creek Confederacy, and the Country of the Chactaws. Containing an Account of the Soil and Natural Productions of Those Regions; Together with Observations on the Manners of the Indians.&lt;/em&gt;&lt;/a&gt; - we call it simply &amp;quot;Bartram&amp;#39;s Travels&amp;quot; more often than not. In truth it just says &amp;quot;Travels of the Southeastern US&amp;quot;, but places like Alabama and Mississippi he names by their inhabitants as the English have no name for them.&lt;/p&gt;\n\n&lt;p&gt;An excellent book that isn&amp;#39;t itself firsthand is &lt;em&gt;Walter Ralegh: Architect of Empire&lt;/em&gt; by Allan Gallay, who won a Bancroft Award for his earlier work &lt;em&gt;The Indian Slave Trade&lt;/em&gt;. Raleigh, of course, held the patent for colonization of the Atlantic Coast from Florida to Newfoundland after his half brother (who originally held the entire patent) was lost at sea. It would be by his efforts that Roanoke would begin; he would show his allegiance by coining the name &amp;quot;Virginia&amp;quot; as a nod to the queen; his grandaughter, Virginia Dare, would become the stuff of legend and myth; and he would eventually lose his head for meddling with the Spanish time and time again. Gallay&amp;#39;s work is by all accounts well researched and deep, providing a great look at Raleigh and his &amp;quot;accomplishments&amp;quot; (good &lt;em&gt;and&lt;/em&gt; bad). His half brother, Humphrey Gilbert, wrote &lt;a href=\"https://quod.lib.umich.edu/e/eebo/A01749.0001.001?view=toc\"&gt;&lt;em&gt;A discourse of a discovery for a new passage to Cataia, 1576&lt;/em&gt;&lt;/a&gt; which I finally found a link to and is the theory of Gilbert that made him seek to colonize North America, which Raleigh would become inspired from.&lt;/p&gt;\n\n&lt;p&gt;I&amp;#39;m not the clothing expert, but Linda Baumgarten is and worked as curator of textiles at the Colonial Williamsburg Foundation for almost 4 decades. She wrote a few books, though most deal with 18th century clothing. They are: &lt;em&gt;What Clothes Reveal: The Language of Clothing in Colonial and Federal America&lt;/em&gt;; &lt;em&gt;Costume Close-up: Clothing Construction and Pattern, 1750-1790&lt;/em&gt;; &lt;em&gt;Eighteenth-century clothing at Williamsburg&lt;/em&gt;; and &lt;em&gt;Four Centuries of Quilts: The Colonial Williamsburg Collection&lt;/em&gt;. They have wonderful despcriptions and pictures of actual textiles persevered from the 17th-19th century, though focused in the mid to late 18th.&lt;/p&gt;\n\n&lt;p&gt;This certainly isn&amp;#39;t all that is out there but should give you a few things to check out. Hope that helps.&lt;/p&gt;\n\n&lt;p&gt;E for typos and links.&lt;/p&gt;\n&lt;/div&gt;", "gildings": {}, "collapsed_reason": null, "associated_award": null, "stickied": false, "author_premium": false, "subreddit_type": "public", "can_gild": true, "top_awarded_type": null, "author_flair_text_color": "light", "score_hidden": false, "permalink": "/r/AskHistorians/comments/ike5ud/what_are_good_primary_sources_for_the_early/g3ltio7/", "num_reports": null, "locked": false, "name": "t1_g3ltio7", "created": 1599006044.0, "subreddit": "AskHistorians", "author_flair_text": "Colonial and Early US History", "treatment_tags": [], "created_utc": 1598977244.0, "subreddit_name_prefixed": "r/AskHistorians", "controversiality": 0, "depth": 0, "author_flair_background_color": "#ff3300", "collapsed_because_crowd_control": null, "mod_reports": [], "mod_note": null, "distinguished": null}}], "after": null, "before": null}}]