[{"kind": "Listing", "data": {"modhash": "", "dist": 1, "children": [{"kind": "t3", "data": {"approved_at_utc": null, "subreddit": "AskHistorians", "selftext": "", "user_reports": [], "saved": false, "mod_reason_title": null, "gilded": 0, "clicked": false, "title": "What were the ranks and roles of each man in the Battalion HQ of a late WW2 British infantry battalion?", "link_flair_richtext": [], "subreddit_name_prefixed": "r/AskHistorians", "hidden": false, "pwls": 6, "link_flair_css_class": null, "downs": 0, "top_awarded_type": null, "parent_whitelist_status": "all_ads", "hide_score": false, "name": "t3_ikrueo", "quarantine": false, "link_flair_text_color": "dark", "upvote_ratio": 1.0, "author_flair_background_color": null, "subreddit_type": "public", "ups": 3, "total_awards_received": 0, "media_embed": {}, "author_flair_template_id": null, "is_original_content": false, "author_fullname": "t2_2bbh9gyz", "secure_media": null, "is_reddit_media_domain": false, "is_meta": false, "category": null, "secure_media_embed": {}, "link_flair_text": null, "can_mod_post": false, "score": 3, "approved_by": null, "author_premium": false, "thumbnail": "", "edited": false, "author_flair_css_class": null, "author_flair_richtext": [], "gildings": {}, "content_categories": null, "is_self": true, "mod_note": null, "created": 1599019892.0, "link_flair_type": "text", "wls": 6, "removed_by_category": null, "banned_by": null, "author_flair_type": "text", "domain": "self.AskHistorians", "allow_live_comments": false, "selftext_html": null, "likes": null, "suggested_sort": null, "banned_at_utc": null, "view_count": null, "archived": false, "no_follow": true, "is_crosspostable": false, "pinned": false, "over_18": false, "all_awardings": [], "awarders": [], "media_only": false, "can_gild": false, "spoiler": false, "locked": false, "author_flair_text": null, "treatment_tags": [], "visited": false, "removed_by": null, "num_reports": null, "distinguished": null, "subreddit_id": "t5_2ssp3", "mod_reason_by": null, "removal_reason": null, "link_flair_background_color": "", "id": "ikrueo", "is_robot_indexable": true, "num_duplicates": 1, "report_reasons": null, "author": "chobophobos", "discussion_type": null, "num_comments": 3, "send_replies": true, "media": null, "contest_mode": false, "author_patreon_flair": false, "author_flair_text_color": null, "permalink": "/r/AskHistorians/comments/ikrueo/what_were_the_ranks_and_roles_of_each_man_in_the/", "whitelist_status": "all_ads", "stickied": false, "url": "https://www.reddit.com/r/AskHistorians/comments/ikrueo/what_were_the_ranks_and_roles_of_each_man_in_the/", "subreddit_subscribers": 1264334, "created_utc": 1598991092.0, "num_crossposts": 0, "mod_reports": [], "is_video": false}}], "after": null, "before": null}}, {"kind": "Listing", "data": {"modhash": "", "dist": null, "children": [{"kind": "t1", "data": {"total_awards_received": 0, "approved_at_utc": null, "comment_type": null, "awarders": [], "mod_reason_by": null, "banned_by": null, "ups": 1, "author_flair_type": "richtext", "removal_reason": null, "link_id": "t3_ikrueo", "author_flair_template_id": "9e641f94-c626-11e2-8e2c-12313b0b21ae", "likes": null, "replies": "", "user_reports": [], "saved": false, "id": "g3mvxwf", "banned_at_utc": null, "mod_reason_title": null, "gilded": 0, "archived": false, "no_follow": true, "author": "AutoModerator", "can_mod_post": false, "send_replies": false, "parent_id": "t3_ikrueo", "score": 1, "author_fullname": "t2_6l4z3", "report_reasons": null, "approved_by": null, "all_awardings": [], "subreddit_id": "t5_2ssp3", "body": "Welcome to /r/AskHistorians. **Please [Read Our Rules](https://www.reddit.com/r/AskHistorians/wiki/rules) before you comment in this community**. Understand that rule breaking comments get removed.\n\nPlease consider **[Clicking Here for RemindMeBot](https://www.reddit.com/message/compose/?to=RemindMeBot&amp;subject=Reminder&amp;message=%5Bhttps://www.reddit.com/r/AskHistorians/comments/ikrueo/what_were_the_ranks_and_roles_of_each_man_in_the/%5D%0A%0ARemindMe!%202%20days)** as it takes time for an answer to be written. We thank you for your interest in this *question*, and your patience in waiting for an in-depth and comprehensive answer to show up. In addition to RemindMeBot, consider [using our Browser Extension](https://www.reddit.com/r/AskHistorians/comments/d6dzi7/tired_of_clicking_to_find_only_removed_comments/), or getting the [Weekly Roundup](https://www.reddit.com/message/compose?to=subredditsummarybot&amp;subject=askhistorians+weekly&amp;message=x). In the meantime our [Twitter](https://twitter.com/askhistorians), [Facebook](https://www.facebook.com/askhistorians/), and [Sunday Digest](https://www.reddit.com/r/AskHistorians/search?q=title%3A%22Sunday+Digest%22&amp;restrict_sr=on&amp;sort=new&amp;t=all) feature excellent content that has already been written!\n\n\n*I am a bot, and this action was performed automatically. Please [contact the moderators of this subreddit](/message/compose/?to=/r/AskHistorians) if you have any questions or concerns.*", "edited": false, "downs": 0, "author_flair_css_class": null, "is_submitter": false, "collapsed": false, "author_flair_richtext": [{"e": "text", "t": "History of Robotics"}], "author_patreon_flair": false, "body_html": "&lt;div class=\"md\"&gt;&lt;p&gt;Welcome to &lt;a href=\"/r/AskHistorians\"&gt;/r/AskHistorians&lt;/a&gt;. &lt;strong&gt;Please &lt;a href=\"https://www.reddit.com/r/AskHistorians/wiki/rules\"&gt;Read Our Rules&lt;/a&gt; before you comment in this community&lt;/strong&gt;. Understand that rule breaking comments get removed.&lt;/p&gt;\n\n&lt;p&gt;Please consider &lt;strong&gt;&lt;a href=\"https://www.reddit.com/message/compose/?to=RemindMeBot&amp;amp;subject=Reminder&amp;amp;message=%5Bhttps://www.reddit.com/r/AskHistorians/comments/ikrueo/what_were_the_ranks_and_roles_of_each_man_in_the/%5D%0A%0ARemindMe!%202%20days\"&gt;Clicking Here for RemindMeBot&lt;/a&gt;&lt;/strong&gt; as it takes time for an answer to be written. We thank you for your interest in this &lt;em&gt;question&lt;/em&gt;, and your patience in waiting for an in-depth and comprehensive answer to show up. In addition to RemindMeBot, consider &lt;a href=\"https://www.reddit.com/r/AskHistorians/comments/d6dzi7/tired_of_clicking_to_find_only_removed_comments/\"&gt;using our Browser Extension&lt;/a&gt;, or getting the &lt;a href=\"https://www.reddit.com/message/compose?to=subredditsummarybot&amp;amp;subject=askhistorians+weekly&amp;amp;message=x\"&gt;Weekly Roundup&lt;/a&gt;. In the meantime our &lt;a href=\"https://twitter.com/askhistorians\"&gt;Twitter&lt;/a&gt;, &lt;a href=\"https://www.facebook.com/askhistorians/\"&gt;Facebook&lt;/a&gt;, and &lt;a href=\"https://www.reddit.com/r/AskHistorians/search?q=title%3A%22Sunday+Digest%22&amp;amp;restrict_sr=on&amp;amp;sort=new&amp;amp;t=all\"&gt;Sunday Digest&lt;/a&gt; feature excellent content that has already been written!&lt;/p&gt;\n\n&lt;p&gt;&lt;em&gt;I am a bot, and this action was performed automatically. Please &lt;a href=\"/message/compose/?to=/r/AskHistorians\"&gt;contact the moderators of this subreddit&lt;/a&gt; if you have any questions or concerns.&lt;/em&gt;&lt;/p&gt;\n&lt;/div&gt;", "gildings": {}, "collapsed_reason": null, "associated_award": null, "stickied": true, "author_premium": true, "subreddit_type": "public", "can_gild": true, "top_awarded_type": null, "author_flair_text_color": "light", "score_hidden": true, "permalink": "/r/AskHistorians/comments/ikrueo/what_were_the_ranks_and_roles_of_each_man_in_the/g3mvxwf/", "num_reports": null, "locked": true, "name": "t1_g3mvxwf", "created": 1599019892.0, "subreddit": "AskHistorians", "author_flair_text": "History of Robotics", "treatment_tags": [], "created_utc": 1598991092.0, "subreddit_name_prefixed": "r/AskHistorians", "controversiality": 0, "depth": 0, "author_flair_background_color": "#993366", "collapsed_because_crowd_control": null, "mod_reports": [], "mod_note": null, "distinguished": "moderator"}}, {"kind": "t1", "data": {"total_awards_received": 0, "approved_at_utc": null, "comment_type": null, "awarders": [], "mod_reason_by": null, "banned_by": null, "ups": 5, "author_flair_type": "text", "removal_reason": null, "link_id": "t3_ikrueo", "author_flair_template_id": null, "likes": null, "replies": {"kind": "Listing", "data": {"modhash": "", "dist": null, "children": [{"kind": "t1", "data": {"total_awards_received": 0, "approved_at_utc": null, "comment_type": null, "awarders": [], "mod_reason_by": null, "banned_by": null, "ups": 1, "author_flair_type": "text", "removal_reason": null, "link_id": "t3_ikrueo", "author_flair_template_id": null, "likes": null, "replies": "", "user_reports": [], "saved": false, "id": "g3n9kl6", "banned_at_utc": null, "mod_reason_title": null, "gilded": 0, "archived": false, "no_follow": true, "author": "chobophobos", "can_mod_post": false, "send_replies": true, "parent_id": "t1_g3n8jqx", "score": 1, "author_fullname": "t2_2bbh9gyz", "report_reasons": null, "approved_by": null, "all_awardings": [], "subreddit_id": "t5_2ssp3", "collapsed": false, "body": "Very helpful, thank you", "edited": false, "author_flair_css_class": null, "is_submitter": true, "downs": 0, "author_flair_richtext": [], "author_patreon_flair": false, "body_html": "&lt;div class=\"md\"&gt;&lt;p&gt;Very helpful, thank you&lt;/p&gt;\n&lt;/div&gt;", "gildings": {}, "collapsed_reason": null, "associated_award": null, "stickied": false, "author_premium": false, "subreddit_type": "public", "can_gild": true, "top_awarded_type": null, "author_flair_text_color": null, "score_hidden": false, "permalink": "/r/AskHistorians/comments/ikrueo/what_were_the_ranks_and_roles_of_each_man_in_the/g3n9kl6/", "num_reports": null, "locked": false, "name": "t1_g3n9kl6", "created": 1599025297.0, "subreddit": "AskHistorians", "author_flair_text": null, "treatment_tags": [], "created_utc": 1598996497.0, "subreddit_name_prefixed": "r/AskHistorians", "controversiality": 0, "depth": 1, "author_flair_background_color": null, "collapsed_because_crowd_control": null, "mod_reports": [], "mod_note": null, "distinguished": null}}], "after": null, "before": null}}, "user_reports": [], "saved": false, "id": "g3n8jqx", "banned_at_utc": null, "mod_reason_title": null, "gilded": 0, "archived": false, "no_follow": true, "author": "Montys_Heroes", "can_mod_post": false, "send_replies": true, "parent_id": "t3_ikrueo", "score": 5, "author_fullname": "t2_4hcbye7r", "report_reasons": null, "approved_by": null, "all_awardings": [], "subreddit_id": "t5_2ssp3", "body": "The HQ element hasn't changed much since the Second World War and was pretty static throughtout. Battalion size increased from around 650 men to 845 men from 1938 to 1945 with more officers in the companies and platoond making up a battalion. Typivally a battalion HQ (a battalion being made up of of four rifle companies plus support) -\n\nLt. Colonel - highest ranking officer and in charge of the Battalion\nMajor - second in command to Lt. Col.\nRegimenral Sergeant-Major - highest ranking NCO, assists the two chaps above, and establishing HQ set up. Generally these three would have access to some field car, jeep, or universal carrier (in a few cases) \nThere may be additional adjutants (Captain or Lieutenants) as well as a Padre (from the Royal Army Chaplains Dept.) \n\nSignal Platoon\nSub unit answerable to the Lt. Col. Responsiblr for communication between various levels of organisation (primarily between the HQ and Rifle Companies; as well as regimental command above the battalion) \nSignal Officer - typically a captain or major\nSergeant - adjuctant to the signal officet\n32 men and various transport (trucks, jeeps, motorcycles, bicycles) \n\nAdministrative platoon\nSub unit designed to help with day to day things. Keep the men going with food, ammunition, petrol, clothes, everything a soldier may need. Typically lead by captain or major with sergeant to assist. Lot of variation in men to assist\n\nMortar platoon\nAs it says these chaps looked after the larger calibre 3\" mortars. Typically a Lt. With men to transport and fire 6 mortars\n\nCarrier platoon\nLater in the war Universal (of Bren) carriers became commonplace in the British army. This platoon would have 3 carriers typically led by a Sergeant and two Corporals (one for each vehicle) with wireless communication in each vehicle. Number of these platoons varied from battalion to battalion \n\nAnti tank platoon\nLarge platoon equiped with usually 6 6pndr anti tank guns and vehicles to transport them. Usually lead by a captain\n\nPioneer or assualt section\nLead by a Lt. or more usually a sergeant leading ten men. They dealt with explosives, anti mine duties, and occasionally flamethrower duties.\n\nRifle companies (4) \nLead by a major, with a platoon sergeant assisting. Under him was a second in command captain, and four lieutenants (of WOIII sometimes) leading four platoons each of around 30 men. They would have lee enfields, sten guns, bren guns, vickers heavy machine guns, PIATs, smaller 2\" mortars and such.\n\nHope this helps any questions feel free to ask!", "edited": false, "downs": 0, "author_flair_css_class": null, "is_submitter": false, "collapsed": false, "author_flair_richtext": [], "author_patreon_flair": false, "body_html": "&lt;div class=\"md\"&gt;&lt;p&gt;The HQ element hasn&amp;#39;t changed much since the Second World War and was pretty static throughtout. Battalion size increased from around 650 men to 845 men from 1938 to 1945 with more officers in the companies and platoond making up a battalion. Typivally a battalion HQ (a battalion being made up of of four rifle companies plus support) -&lt;/p&gt;\n\n&lt;p&gt;Lt. Colonel - highest ranking officer and in charge of the Battalion\nMajor - second in command to Lt. Col.\nRegimenral Sergeant-Major - highest ranking NCO, assists the two chaps above, and establishing HQ set up. Generally these three would have access to some field car, jeep, or universal carrier (in a few cases) \nThere may be additional adjutants (Captain or Lieutenants) as well as a Padre (from the Royal Army Chaplains Dept.) &lt;/p&gt;\n\n&lt;p&gt;Signal Platoon\nSub unit answerable to the Lt. Col. Responsiblr for communication between various levels of organisation (primarily between the HQ and Rifle Companies; as well as regimental command above the battalion) \nSignal Officer - typically a captain or major\nSergeant - adjuctant to the signal officet\n32 men and various transport (trucks, jeeps, motorcycles, bicycles) &lt;/p&gt;\n\n&lt;p&gt;Administrative platoon\nSub unit designed to help with day to day things. Keep the men going with food, ammunition, petrol, clothes, everything a soldier may need. Typically lead by captain or major with sergeant to assist. Lot of variation in men to assist&lt;/p&gt;\n\n&lt;p&gt;Mortar platoon\nAs it says these chaps looked after the larger calibre 3&amp;quot; mortars. Typically a Lt. With men to transport and fire 6 mortars&lt;/p&gt;\n\n&lt;p&gt;Carrier platoon\nLater in the war Universal (of Bren) carriers became commonplace in the British army. This platoon would have 3 carriers typically led by a Sergeant and two Corporals (one for each vehicle) with wireless communication in each vehicle. Number of these platoons varied from battalion to battalion &lt;/p&gt;\n\n&lt;p&gt;Anti tank platoon\nLarge platoon equiped with usually 6 6pndr anti tank guns and vehicles to transport them. Usually lead by a captain&lt;/p&gt;\n\n&lt;p&gt;Pioneer or assualt section\nLead by a Lt. or more usually a sergeant leading ten men. They dealt with explosives, anti mine duties, and occasionally flamethrower duties.&lt;/p&gt;\n\n&lt;p&gt;Rifle companies (4) \nLead by a major, with a platoon sergeant assisting. Under him was a second in command captain, and four lieutenants (of WOIII sometimes) leading four platoons each of around 30 men. They would have lee enfields, sten guns, bren guns, vickers heavy machine guns, PIATs, smaller 2&amp;quot; mortars and such.&lt;/p&gt;\n\n&lt;p&gt;Hope this helps any questions feel free to ask!&lt;/p&gt;\n&lt;/div&gt;", "gildings": {}, "collapsed_reason": null, "associated_award": null, "stickied": false, "author_premium": false, "subreddit_type": "public", "can_gild": true, "top_awarded_type": null, "author_flair_text_color": null, "score_hidden": false, "permalink": "/r/AskHistorians/comments/ikrueo/what_were_the_ranks_and_roles_of_each_man_in_the/g3n8jqx/", "num_reports": null, "locked": false, "name": "t1_g3n8jqx", "created": 1599024834.0, "subreddit": "AskHistorians", "author_flair_text": null, "treatment_tags": [], "created_utc": 1598996034.0, "subreddit_name_prefixed": "r/AskHistorians", "controversiality": 0, "depth": 0, "author_flair_background_color": null, "collapsed_because_crowd_control": null, "mod_reports": [], "mod_note": null, "distinguished": null}}], "after": null, "before": null}}]