[{"kind": "Listing", "data": {"modhash": "", "dist": 1, "children": [{"kind": "t3", "data": {"approved_at_utc": null, "subreddit": "AskHistorians", "selftext": "When did people start writing or telling stories strictly as fiction, that was not intended to be believed by the audience? What was the earliest written/published work of fiction?  And were mythologies like the Odyssey actually believed by their audience at the time or were they more for entertainment?", "user_reports": [], "saved": false, "mod_reason_title": null, "gilded": 0, "clicked": false, "title": "When did we separate belief from entertainment in storytelling?", "link_flair_richtext": [], "subreddit_name_prefixed": "r/AskHistorians", "hidden": false, "pwls": 6, "link_flair_css_class": null, "downs": 0, "parent_whitelist_status": "all_ads", "hide_score": false, "name": "t3_7acji7", "quarantine": false, "link_flair_text_color": "dark", "upvote_ratio": 0.86, "author_flair_background_color": null, "subreddit_type": "public", "ups": 21, "domain": "self.AskHistorians", "media_embed": {}, "author_flair_template_id": null, "is_original_content": false, "secure_media": null, "is_reddit_media_domain": false, "category": null, "secure_media_embed": {}, "link_flair_text": null, "can_mod_post": false, "score": 21, "approved_by": null, "thumbnail": "", "edited": false, "author_flair_css_class": null, "author_flair_richtext": [], "content_categories": null, "is_self": true, "mod_note": null, "created": 1509667826.0, "link_flair_type": "text", "wls": 6, "post_categories": null, "banned_by": null, "author_flair_type": "text", "contest_mode": false, "selftext_html": "&lt;!-- SC_OFF --&gt;&lt;div class=\"md\"&gt;&lt;p&gt;When did people start writing or telling stories strictly as fiction, that was not intended to be believed by the audience? What was the earliest written/published work of fiction?  And were mythologies like the Odyssey actually believed by their audience at the time or were they more for entertainment?&lt;/p&gt;\n&lt;/div&gt;&lt;!-- SC_ON --&gt;", "likes": null, "suggested_sort": null, "banned_at_utc": null, "view_count": null, "archived": true, "no_follow": false, "is_crosspostable": false, "pinned": false, "over_18": false, "media_only": false, "can_gild": false, "spoiler": false, "locked": false, "author_flair_text": null, "rte_mode": "markdown", "visited": false, "num_reports": null, "distinguished": null, "subreddit_id": "t5_2ssp3", "mod_reason_by": null, "removal_reason": null, "id": "7acji7", "report_reasons": null, "author": "RedCheekedSalamander", "num_crossposts": 0, "num_comments": 2, "send_replies": true, "mod_reports": [], "author_flair_text_color": null, "permalink": "/r/AskHistorians/comments/7acji7/when_did_we_separate_belief_from_entertainment_in/", "whitelist_status": "all_ads", "stickied": false, "url": "https://www.reddit.com/r/AskHistorians/comments/7acji7/when_did_we_separate_belief_from_entertainment_in/", "subreddit_subscribers": 771257, "created_utc": 1509639026.0, "media": null, "is_video": false}}], "after": null, "before": null}}, {"kind": "Listing", "data": {"modhash": "", "dist": null, "children": [{"kind": "t1", "data": {"subreddit_id": "t5_2ssp3", "approved_at_utc": null, "ups": 19, "mod_reason_by": null, "banned_by": null, "author_flair_type": "richtext", "removal_reason": null, "link_id": "t3_7acji7", "author_flair_template_id": null, "likes": null, "no_follow": false, "replies": "", "user_reports": [], "saved": false, "id": "dp8z3iy", "banned_at_utc": null, "mod_reason_title": null, "gilded": 0, "archived": true, "report_reasons": null, "author": "itsallfolklore", "can_mod_post": false, "send_replies": true, "parent_id": "t3_7acji7", "score": 19, "approved_by": null, "downs": 0, "body": "This is a great question, but the answer is likely to be found in the recesses of prehistory. The added dimension of Classical/ancient mythology complicates matters.\n\nEuropean folklorists, following the lead of the folk themselves, have long recognized two forms of oral tradition, Sagen and M\u00e4rchen, legends and folktales. While there are many other forms of oral tradition, legends and folktales stand in opposition to one another, yet share a great deal. In reality, lines can blur.\n\nLegends \u2013 or Sagen as the profession often prefers \u2013 are generally short, single-episodic stories told chiefly in the daytime. More importantly, the teller intended the listener to believe the story. Legends often have horrible ending to underscore the story\u2019s important message. Many of them are, after all, meant to be instructive, to serve as warnings in some way. These types of stories are not necessarily long-lived. Their point is to reinforce and prove the legitimacy of a belief. Nonetheless, some legends take on a traditional character, can become multi-episodic, and migrate over considerable spans of time and space.\n\nFolktales \u2013 or M\u00e4rchen, again using the German, technical term \u2013 are longer stories with more than one episode. They are restricted, in theory at least, to evening presentation. A folktale is not to be believed, taking place in a fantastic setting. The European folktale also requires a happy ending, the clich\u00e9 of \u201chappily ever after.\u201d Any given folktale can be told with considerable variation, but they are traditional in basic form, and folklorists have spent decades tracing the history and distribution of these stories.\n\nWe can't be certain what the folk were doing before folklorists (and the more astute antiquarians before them) documented the process of storytelling, but it appears that storytelling for a long time made this distinction, and in fact, there was often a rule that legends should not be told a night (because it might bring out the very terrifying entities that lurked about), and that folktales should not be told during the day - presumably because there was a lot of work to be done. In the North, this often meant that folktales were the exclusive domain of the darker half of the year.\n\nThis distinction is common in Europe, but there are examples of it elsewhere: the Northern Paiutes and the Shoshone of the North American Great Basin make just this sort of distinction as well. It is not hard to imagine that prehistoric storytellers made this sort of distinction between fiction and 'true' stories and that they followed similar rules in northern areas.\n\nWhen it comes to Classical and ancient mythologies, the situation is complicated. The fact is, for all the clarity of the distinction between legend and folktale, stories drifted between the two - told in one situation to be believed and in the next as fiction, and this was exasperated as stories drifted from one culture to the next. European stories that were told in the nineteenth century as fiction appear in Homer's Odyssey, and the story of Jason and the Argonauts is a tale type documented throughout Europe by folklore collectors. So what does this mean? Either people didn't take some of these stories too seriously and just enjoyed the thrill of the plot, or they were accepted as true by some or all of the listeners.\n\nSo, to answer your question, people have been separating 'true' and fictional storytelling for a very long time. Some folktales ended up as written works in ancient times, but we can't always be certain if they were thought of as fiction - at least by everyone. It may be rather like a Buddhist I one time heard say that all the stories about the Buddha could not possible be true if only because there are so many stories, but he maintained that it did not matter if all of the stories happened or not. What mattered was the truth that served as the underpinning of the stories - not unlike the parables in the New Testament. ", "edited": false, "author_flair_css_class": "skedaddlespecial", "collapsed": false, "author_flair_richtext": [{"e": "text", "t": "American West | European Folklore"}], "is_submitter": false, "collapsed_reason": null, "body_html": "&lt;div class=\"md\"&gt;&lt;p&gt;This is a great question, but the answer is likely to be found in the recesses of prehistory. The added dimension of Classical/ancient mythology complicates matters.&lt;/p&gt;\n\n&lt;p&gt;European folklorists, following the lead of the folk themselves, have long recognized two forms of oral tradition, Sagen and M\u00e4rchen, legends and folktales. While there are many other forms of oral tradition, legends and folktales stand in opposition to one another, yet share a great deal. In reality, lines can blur.&lt;/p&gt;\n\n&lt;p&gt;Legends \u2013 or Sagen as the profession often prefers \u2013 are generally short, single-episodic stories told chiefly in the daytime. More importantly, the teller intended the listener to believe the story. Legends often have horrible ending to underscore the story\u2019s important message. Many of them are, after all, meant to be instructive, to serve as warnings in some way. These types of stories are not necessarily long-lived. Their point is to reinforce and prove the legitimacy of a belief. Nonetheless, some legends take on a traditional character, can become multi-episodic, and migrate over considerable spans of time and space.&lt;/p&gt;\n\n&lt;p&gt;Folktales \u2013 or M\u00e4rchen, again using the German, technical term \u2013 are longer stories with more than one episode. They are restricted, in theory at least, to evening presentation. A folktale is not to be believed, taking place in a fantastic setting. The European folktale also requires a happy ending, the clich\u00e9 of \u201chappily ever after.\u201d Any given folktale can be told with considerable variation, but they are traditional in basic form, and folklorists have spent decades tracing the history and distribution of these stories.&lt;/p&gt;\n\n&lt;p&gt;We can&amp;#39;t be certain what the folk were doing before folklorists (and the more astute antiquarians before them) documented the process of storytelling, but it appears that storytelling for a long time made this distinction, and in fact, there was often a rule that legends should not be told a night (because it might bring out the very terrifying entities that lurked about), and that folktales should not be told during the day - presumably because there was a lot of work to be done. In the North, this often meant that folktales were the exclusive domain of the darker half of the year.&lt;/p&gt;\n\n&lt;p&gt;This distinction is common in Europe, but there are examples of it elsewhere: the Northern Paiutes and the Shoshone of the North American Great Basin make just this sort of distinction as well. It is not hard to imagine that prehistoric storytellers made this sort of distinction between fiction and &amp;#39;true&amp;#39; stories and that they followed similar rules in northern areas.&lt;/p&gt;\n\n&lt;p&gt;When it comes to Classical and ancient mythologies, the situation is complicated. The fact is, for all the clarity of the distinction between legend and folktale, stories drifted between the two - told in one situation to be believed and in the next as fiction, and this was exasperated as stories drifted from one culture to the next. European stories that were told in the nineteenth century as fiction appear in Homer&amp;#39;s Odyssey, and the story of Jason and the Argonauts is a tale type documented throughout Europe by folklore collectors. So what does this mean? Either people didn&amp;#39;t take some of these stories too seriously and just enjoyed the thrill of the plot, or they were accepted as true by some or all of the listeners.&lt;/p&gt;\n\n&lt;p&gt;So, to answer your question, people have been separating &amp;#39;true&amp;#39; and fictional storytelling for a very long time. Some folktales ended up as written works in ancient times, but we can&amp;#39;t always be certain if they were thought of as fiction - at least by everyone. It may be rather like a Buddhist I one time heard say that all the stories about the Buddha could not possible be true if only because there are so many stories, but he maintained that it did not matter if all of the stories happened or not. What mattered was the truth that served as the underpinning of the stories - not unlike the parables in the New Testament. &lt;/p&gt;\n&lt;/div&gt;", "stickied": false, "subreddit_type": "public", "can_gild": true, "subreddit": "AskHistorians", "author_flair_text_color": null, "score_hidden": false, "permalink": "/r/AskHistorians/comments/7acji7/when_did_we_separate_belief_from_entertainment_in/dp8z3iy/", "num_reports": null, "name": "t1_dp8z3iy", "created": 1509673466.0, "author_flair_text": "American West | European Folklore", "rte_mode": "markdown", "created_utc": 1509644666.0, "subreddit_name_prefixed": "r/AskHistorians", "controversiality": 0, "depth": 0, "author_flair_background_color": null, "mod_reports": [], "mod_note": null, "distinguished": null}}, {"kind": "t1", "data": {"subreddit_id": "t5_2ssp3", "approved_at_utc": null, "ups": 2, "mod_reason_by": null, "banned_by": null, "author_flair_type": "text", "removal_reason": null, "link_id": "t3_7acji7", "author_flair_template_id": null, "likes": null, "no_follow": true, "replies": "", "user_reports": [], "saved": false, "id": "dp90ltp", "banned_at_utc": null, "mod_reason_title": null, "gilded": 0, "archived": true, "report_reasons": null, "author": "polygraphicmemory", "can_mod_post": false, "send_replies": true, "parent_id": "t3_7acji7", "score": 2, "approved_by": null, "downs": 0, "body": "I was actually thinking about this same topic/question for the past week. Unrelated to Halloween, I started reading the Lesser Key of Solomon and found it very interesting just as a document of its time and place. I wanted to dig deeper into where the contents came from individually, as it seemed more like a compilation than an original piece (though I may be wrong), but more of the question I had was whether it was meant to be taken so literally. Was it, and it's style and nature of demonology/occult writing, instructive or just, yknow, \"spooky\" or a fun metaphysical through exercise? ", "edited": false, "author_flair_css_class": null, "collapsed": false, "author_flair_richtext": [], "is_submitter": false, "collapsed_reason": null, "body_html": "&lt;div class=\"md\"&gt;&lt;p&gt;I was actually thinking about this same topic/question for the past week. Unrelated to Halloween, I started reading the Lesser Key of Solomon and found it very interesting just as a document of its time and place. I wanted to dig deeper into where the contents came from individually, as it seemed more like a compilation than an original piece (though I may be wrong), but more of the question I had was whether it was meant to be taken so literally. Was it, and it&amp;#39;s style and nature of demonology/occult writing, instructive or just, yknow, &amp;quot;spooky&amp;quot; or a fun metaphysical through exercise? &lt;/p&gt;\n&lt;/div&gt;", "stickied": false, "subreddit_type": "public", "can_gild": true, "subreddit": "AskHistorians", "author_flair_text_color": null, "score_hidden": false, "permalink": "/r/AskHistorians/comments/7acji7/when_did_we_separate_belief_from_entertainment_in/dp90ltp/", "num_reports": null, "name": "t1_dp90ltp", "created": 1509674950.0, "author_flair_text": null, "rte_mode": "markdown", "created_utc": 1509646150.0, "subreddit_name_prefixed": "r/AskHistorians", "controversiality": 0, "depth": 0, "author_flair_background_color": null, "mod_reports": [], "mod_note": null, "distinguished": null}}], "after": null, "before": null}}]