[{"kind": "Listing", "data": {"modhash": "", "dist": 1, "children": [{"kind": "t3", "data": {"approved_at_utc": null, "subreddit": "AskHistorians", "selftext": "", "user_reports": [], "saved": false, "mod_reason_title": null, "gilded": 0, "clicked": false, "title": "During the holocaust, why couldn\u2019t Jews just say they weren\u2019t Jewish/convert?", "link_flair_richtext": [], "subreddit_name_prefixed": "r/AskHistorians", "hidden": false, "pwls": 6, "link_flair_css_class": null, "downs": 0, "parent_whitelist_status": "all_ads", "hide_score": false, "name": "t3_7adugt", "quarantine": false, "link_flair_text_color": "dark", "upvote_ratio": 0.82, "author_flair_background_color": null, "subreddit_type": "public", "ups": 29, "domain": "self.AskHistorians", "media_embed": {}, "author_flair_template_id": null, "is_original_content": false, "secure_media": null, "is_reddit_media_domain": false, "category": null, "secure_media_embed": {}, "link_flair_text": null, "can_mod_post": false, "score": 29, "approved_by": null, "thumbnail": "", "edited": false, "author_flair_css_class": null, "author_flair_richtext": [], "content_categories": null, "is_self": true, "mod_note": null, "created": 1509679111.0, "link_flair_type": "text", "wls": 6, "post_categories": null, "banned_by": null, "author_flair_type": "text", "contest_mode": false, "selftext_html": null, "likes": null, "suggested_sort": null, "banned_at_utc": null, "view_count": null, "archived": true, "no_follow": false, "is_crosspostable": false, "pinned": false, "over_18": false, "media_only": false, "can_gild": false, "spoiler": false, "locked": false, "author_flair_text": null, "rte_mode": "markdown", "visited": false, "num_reports": null, "distinguished": null, "subreddit_id": "t5_2ssp3", "mod_reason_by": null, "removal_reason": null, "id": "7adugt", "report_reasons": null, "author": "Bigwink1207", "num_crossposts": 0, "num_comments": 6, "send_replies": true, "mod_reports": [], "author_flair_text_color": null, "permalink": "/r/AskHistorians/comments/7adugt/during_the_holocaust_why_couldnt_jews_just_say/", "whitelist_status": "all_ads", "stickied": false, "url": "https://www.reddit.com/r/AskHistorians/comments/7adugt/during_the_holocaust_why_couldnt_jews_just_say/", "subreddit_subscribers": 771257, "created_utc": 1509650311.0, "media": null, "is_video": false}}], "after": null, "before": null}}, {"kind": "Listing", "data": {"modhash": "", "dist": null, "children": [{"kind": "t1", "data": {"subreddit_id": "t5_2ssp3", "approved_at_utc": null, "ups": 54, "mod_reason_by": null, "banned_by": null, "author_flair_type": "text", "removal_reason": null, "link_id": "t3_7adugt", "author_flair_template_id": null, "likes": null, "no_follow": false, "replies": {"kind": "Listing", "data": {"modhash": "", "dist": null, "children": [{"kind": "t1", "data": {"subreddit_id": "t5_2ssp3", "approved_at_utc": null, "ups": 5, "mod_reason_by": null, "banned_by": null, "author_flair_type": "text", "removal_reason": null, "link_id": "t3_7adugt", "author_flair_template_id": null, "likes": null, "no_follow": false, "replies": {"kind": "Listing", "data": {"modhash": "", "dist": null, "children": [{"kind": "t1", "data": {"subreddit_id": "t5_2ssp3", "approved_at_utc": null, "ups": 6, "mod_reason_by": null, "banned_by": null, "author_flair_type": "text", "removal_reason": null, "link_id": "t3_7adugt", "author_flair_template_id": null, "likes": null, "no_follow": false, "replies": "", "user_reports": [], "saved": false, "id": "dp9gl7k", "banned_at_utc": null, "mod_reason_title": null, "gilded": 0, "archived": true, "report_reasons": null, "author": "Baraga91", "can_mod_post": false, "send_replies": true, "parent_id": "t1_dp9g08k", "score": 6, "approved_by": null, "downs": 0, "body": "Well, on that I can't give you the best of explanations, but as far as I can tell Jewish communities tended to band together and support each other a lot back then.\n\nWith a decent portion of those communities being involved in financial matters, it opened up avenues for certain members to rise to higher stations faster than most other ethnic communities.\nI know it's a clich\u00e9, but the Jewish people's affinity with financial matters dates back to medieval times: it was against Christian faith to lend money, but the Jewish faith has less reservations.\nThis meant that a lot of banking and affiliated occupations were manned by Jews.\n\nTo this day, for example, a sizeable portion of the Antwerp diamond market is in Jewish hands.\n\nNow, if you look at the '30s in the States, you had the Great Depression. One can only imagine that it's easy to hate the wealthy and successful in a time where unemployment hits over 20% of the American working population...\n\nThat along with the ancient source of racism (\"we fear what we do not know\") made for an excellent recipe for hatred against an entire faith...\n\nNo sources on this one, I got most of it from memory (since it's quite late where I am), if anyone can pitch in with more info or correct any errors, I'd be much obliged.", "edited": false, "author_flair_css_class": null, "collapsed": false, "author_flair_richtext": [], "is_submitter": false, "collapsed_reason": null, "body_html": "&lt;div class=\"md\"&gt;&lt;p&gt;Well, on that I can&amp;#39;t give you the best of explanations, but as far as I can tell Jewish communities tended to band together and support each other a lot back then.&lt;/p&gt;\n\n&lt;p&gt;With a decent portion of those communities being involved in financial matters, it opened up avenues for certain members to rise to higher stations faster than most other ethnic communities.\nI know it&amp;#39;s a clich\u00e9, but the Jewish people&amp;#39;s affinity with financial matters dates back to medieval times: it was against Christian faith to lend money, but the Jewish faith has less reservations.\nThis meant that a lot of banking and affiliated occupations were manned by Jews.&lt;/p&gt;\n\n&lt;p&gt;To this day, for example, a sizeable portion of the Antwerp diamond market is in Jewish hands.&lt;/p&gt;\n\n&lt;p&gt;Now, if you look at the &amp;#39;30s in the States, you had the Great Depression. One can only imagine that it&amp;#39;s easy to hate the wealthy and successful in a time where unemployment hits over 20% of the American working population...&lt;/p&gt;\n\n&lt;p&gt;That along with the ancient source of racism (&amp;quot;we fear what we do not know&amp;quot;) made for an excellent recipe for hatred against an entire faith...&lt;/p&gt;\n\n&lt;p&gt;No sources on this one, I got most of it from memory (since it&amp;#39;s quite late where I am), if anyone can pitch in with more info or correct any errors, I&amp;#39;d be much obliged.&lt;/p&gt;\n&lt;/div&gt;", "stickied": false, "subreddit_type": "public", "can_gild": true, "subreddit": "AskHistorians", "author_flair_text_color": null, "score_hidden": false, "permalink": "/r/AskHistorians/comments/7adugt/during_the_holocaust_why_couldnt_jews_just_say/dp9gl7k/", "num_reports": null, "name": "t1_dp9gl7k", "created": 1509691537.0, "author_flair_text": null, "rte_mode": "markdown", "created_utc": 1509662737.0, "subreddit_name_prefixed": "r/AskHistorians", "controversiality": 0, "depth": 2, "author_flair_background_color": null, "mod_reports": [], "mod_note": null, "distinguished": null}}], "after": null, "before": null}}, "user_reports": [], "saved": false, "id": "dp9g08k", "banned_at_utc": null, "mod_reason_title": null, "gilded": 0, "archived": true, "report_reasons": null, "author": "Sanglorian", "can_mod_post": false, "send_replies": true, "parent_id": "t1_dp9bj5z", "score": 5, "approved_by": null, "downs": 0, "body": "Thank you.\n\nI'm interested in your comment about Eastern European immigration and perceived wealth. Do you mean that these Eastern European Jewish immigrants were perceived as wealthy (and were they particularly wealthy by American standards? I wouldn't have thought so) or that Jews generally were perceived as wealthy?", "edited": false, "author_flair_css_class": null, "collapsed": false, "author_flair_richtext": [], "is_submitter": false, "collapsed_reason": null, "body_html": "&lt;div class=\"md\"&gt;&lt;p&gt;Thank you.&lt;/p&gt;\n\n&lt;p&gt;I&amp;#39;m interested in your comment about Eastern European immigration and perceived wealth. Do you mean that these Eastern European Jewish immigrants were perceived as wealthy (and were they particularly wealthy by American standards? I wouldn&amp;#39;t have thought so) or that Jews generally were perceived as wealthy?&lt;/p&gt;\n&lt;/div&gt;", "stickied": false, "subreddit_type": "public", "can_gild": true, "subreddit": "AskHistorians", "author_flair_text_color": null, "score_hidden": false, "permalink": "/r/AskHistorians/comments/7adugt/during_the_holocaust_why_couldnt_jews_just_say/dp9g08k/", "num_reports": null, "name": "t1_dp9g08k", "created": 1509690857.0, "author_flair_text": null, "rte_mode": "markdown", "created_utc": 1509662057.0, "subreddit_name_prefixed": "r/AskHistorians", "controversiality": 0, "depth": 1, "author_flair_background_color": null, "mod_reports": [], "mod_note": null, "distinguished": null}}], "after": null, "before": null}}, "user_reports": [], "saved": false, "id": "dp9bj5z", "banned_at_utc": null, "mod_reason_title": null, "gilded": 0, "archived": true, "report_reasons": null, "author": "Baraga91", "can_mod_post": false, "send_replies": true, "parent_id": "t3_7adugt", "score": 54, "approved_by": null, "downs": 0, "body": "First of all: the Nazi's weren't interested in converting anyone, as they saw Judaism not as a faith but as a species that was inferior to the superior Germanic race. If both your parents were Jewish, then so were you. In fact: the Nuremburg Laws (1935) considered you to be Jewish if you were \"3/4 Jewish\", meaning that if one of your parents was Jewish, and the other had a Jewish parent, you were considered fully Jewish as well and couldn't get citizenship in the Reich.\n\nThey couldn't deny their faith for various reasons, not the least of which was the fact that many were simply betrayed by neighbors or anyone they had a quarrel with.\n\nThe most famous example is that of Anne Frank, without a doubt one of the most personal insights into the Holocaust would be her diary.\n\nAside from rewards being paid for tips about hidden Jews, the Nazi's also uprooted them through fear: early antisemitic laws included the duty to register as a Jew, followed by having to wear external identifiers (like the star of David) and being gathered into the infamous getto's.\n\nIn general, the Jewish population cooperated, especially in the very beginning, when the anti-semitism was less lethal and more \"in line with the times\". \nWe can't forget that antisemitism was widespread in the early 20th century and absolutely not limited to Germany: the USA, for instance, had an increase in antisemitism in the 30s as well, as mass migration of Jews from Eastern Europe and their perceived wealth drove large parts of the population to look envious upon them.\n\nRegistering as a Jew may seem foolish in retrospect, as does cooperation of Jewish councils, but from their perspective at the time, it was either emigration (when they still could) or cooperation. We know of extermination camps and planned genocide these days, but imagine you didn't know that: would you uproot your whole family to move to a country that also has its antisemites, or would you just register?\nFrom their point of view, what possibly could be dangerous about registering?\n\nSo in short: they picked what they thought was the lesser of two evils, and once you were in the system as a Jew, you can't really just go \"no, I'm not\". In most cases that'd give you a little private time with a member of the Gestapo...\n\nSources:\n\n* *Antisemitism: a Reference Handbook* (Jerome Chanes)\n* *The Diary of a Young Girl* (Anne Frank, a must read for everyone in my opinion)\n* *\"Reichsb\u00fcrgergesetz und Gesetz zum Schutze des deutschen Blutes und der deutschen Ehre\"* (The Nuremberg Laws)\n\nIf you want to really look into the mindset of the Jewish population before, during and after the Holocaust, I strongly recommend \"*Maus*\", by Art Spiegelman. It's a unique biographic graphic novel based on his father's life and really gives a great insight on the whole subject matter.", "edited": false, "author_flair_css_class": null, "collapsed": false, "author_flair_richtext": [], "is_submitter": false, "collapsed_reason": null, "body_html": "&lt;div class=\"md\"&gt;&lt;p&gt;First of all: the Nazi&amp;#39;s weren&amp;#39;t interested in converting anyone, as they saw Judaism not as a faith but as a species that was inferior to the superior Germanic race. If both your parents were Jewish, then so were you. In fact: the Nuremburg Laws (1935) considered you to be Jewish if you were &amp;quot;3/4 Jewish&amp;quot;, meaning that if one of your parents was Jewish, and the other had a Jewish parent, you were considered fully Jewish as well and couldn&amp;#39;t get citizenship in the Reich.&lt;/p&gt;\n\n&lt;p&gt;They couldn&amp;#39;t deny their faith for various reasons, not the least of which was the fact that many were simply betrayed by neighbors or anyone they had a quarrel with.&lt;/p&gt;\n\n&lt;p&gt;The most famous example is that of Anne Frank, without a doubt one of the most personal insights into the Holocaust would be her diary.&lt;/p&gt;\n\n&lt;p&gt;Aside from rewards being paid for tips about hidden Jews, the Nazi&amp;#39;s also uprooted them through fear: early antisemitic laws included the duty to register as a Jew, followed by having to wear external identifiers (like the star of David) and being gathered into the infamous getto&amp;#39;s.&lt;/p&gt;\n\n&lt;p&gt;In general, the Jewish population cooperated, especially in the very beginning, when the anti-semitism was less lethal and more &amp;quot;in line with the times&amp;quot;. \nWe can&amp;#39;t forget that antisemitism was widespread in the early 20th century and absolutely not limited to Germany: the USA, for instance, had an increase in antisemitism in the 30s as well, as mass migration of Jews from Eastern Europe and their perceived wealth drove large parts of the population to look envious upon them.&lt;/p&gt;\n\n&lt;p&gt;Registering as a Jew may seem foolish in retrospect, as does cooperation of Jewish councils, but from their perspective at the time, it was either emigration (when they still could) or cooperation. We know of extermination camps and planned genocide these days, but imagine you didn&amp;#39;t know that: would you uproot your whole family to move to a country that also has its antisemites, or would you just register?\nFrom their point of view, what possibly could be dangerous about registering?&lt;/p&gt;\n\n&lt;p&gt;So in short: they picked what they thought was the lesser of two evils, and once you were in the system as a Jew, you can&amp;#39;t really just go &amp;quot;no, I&amp;#39;m not&amp;quot;. In most cases that&amp;#39;d give you a little private time with a member of the Gestapo...&lt;/p&gt;\n\n&lt;p&gt;Sources:&lt;/p&gt;\n\n&lt;ul&gt;\n&lt;li&gt;&lt;em&gt;Antisemitism: a Reference Handbook&lt;/em&gt; (Jerome Chanes)&lt;/li&gt;\n&lt;li&gt;&lt;em&gt;The Diary of a Young Girl&lt;/em&gt; (Anne Frank, a must read for everyone in my opinion)&lt;/li&gt;\n&lt;li&gt;&lt;em&gt;&amp;quot;Reichsb\u00fcrgergesetz und Gesetz zum Schutze des deutschen Blutes und der deutschen Ehre&amp;quot;&lt;/em&gt; (The Nuremberg Laws)&lt;/li&gt;\n&lt;/ul&gt;\n\n&lt;p&gt;If you want to really look into the mindset of the Jewish population before, during and after the Holocaust, I strongly recommend &amp;quot;&lt;em&gt;Maus&lt;/em&gt;&amp;quot;, by Art Spiegelman. It&amp;#39;s a unique biographic graphic novel based on his father&amp;#39;s life and really gives a great insight on the whole subject matter.&lt;/p&gt;\n&lt;/div&gt;", "stickied": false, "subreddit_type": "public", "can_gild": true, "subreddit": "AskHistorians", "author_flair_text_color": null, "score_hidden": false, "permalink": "/r/AskHistorians/comments/7adugt/during_the_holocaust_why_couldnt_jews_just_say/dp9bj5z/", "num_reports": null, "name": "t1_dp9bj5z", "created": 1509685842.0, "author_flair_text": null, "rte_mode": "markdown", "created_utc": 1509657042.0, "subreddit_name_prefixed": "r/AskHistorians", "controversiality": 0, "depth": 0, "author_flair_background_color": null, "mod_reports": [], "mod_note": null, "distinguished": null}}, {"kind": "t1", "data": {"subreddit_id": "t5_2ssp3", "approved_at_utc": null, "ups": 0, "mod_reason_by": null, "banned_by": null, "removal_reason": null, "link_id": "t3_7adugt", "author_flair_template_id": null, "likes": null, "no_follow": true, "replies": {"kind": "Listing", "data": {"modhash": "", "dist": null, "children": [{"kind": "t1", "data": {"subreddit_id": "t5_2ssp3", "approved_at_utc": null, "ups": 4, "mod_reason_by": null, "banned_by": null, "author_flair_type": "richtext", "removal_reason": null, "link_id": "t3_7adugt", "author_flair_template_id": null, "likes": null, "no_follow": false, "replies": "", "user_reports": [], "saved": false, "id": "dp96w7o", "banned_at_utc": null, "mod_reason_title": null, "gilded": 0, "archived": true, "report_reasons": null, "author": "chocolatepot", "can_mod_post": false, "send_replies": true, "parent_id": "t1_dp96onz", "score": 4, "approved_by": null, "downs": 0, "body": "We ask that answers in this subreddit be [in-depth and comprehensive](https://www.reddit.com/r/AskHistorians/comments/1jsabs/what_it_means_to_post_a_good_answer_in/), and highly suggest that comments include citations for the information. In the future, please take the time to better familiarize yourself with [the rules](http://www.reddit.com/r/AskHistorians/wiki/rules#wiki_write_an_in-depth_answer) and our [Rules Roundtable](https://www.reddit.com/r/AskHistorians/comments/4kngwh/rules_roundtable_no_11_no_speculation/) on Speculation. We also frown heavily on reposting removed comments, so please don't do that again.", "edited": false, "author_flair_css_class": "moderator", "collapsed": false, "author_flair_richtext": [{"e": "text", "t": "Moderator | History of Western Fashion"}], "is_submitter": false, "collapsed_reason": null, "body_html": "&lt;div class=\"md\"&gt;&lt;p&gt;We ask that answers in this subreddit be &lt;a href=\"https://www.reddit.com/r/AskHistorians/comments/1jsabs/what_it_means_to_post_a_good_answer_in/\"&gt;in-depth and comprehensive&lt;/a&gt;, and highly suggest that comments include citations for the information. In the future, please take the time to better familiarize yourself with &lt;a href=\"http://www.reddit.com/r/AskHistorians/wiki/rules#wiki_write_an_in-depth_answer\"&gt;the rules&lt;/a&gt; and our &lt;a href=\"https://www.reddit.com/r/AskHistorians/comments/4kngwh/rules_roundtable_no_11_no_speculation/\"&gt;Rules Roundtable&lt;/a&gt; on Speculation. We also frown heavily on reposting removed comments, so please don&amp;#39;t do that again.&lt;/p&gt;\n&lt;/div&gt;", "stickied": false, "subreddit_type": "public", "can_gild": true, "subreddit": "AskHistorians", "author_flair_text_color": null, "score_hidden": false, "permalink": "/r/AskHistorians/comments/7adugt/during_the_holocaust_why_couldnt_jews_just_say/dp96w7o/", "num_reports": null, "name": "t1_dp96w7o", "created": 1509681107.0, "author_flair_text": "Moderator | History of Western Fashion", "rte_mode": "markdown", "created_utc": 1509652307.0, "subreddit_name_prefixed": "r/AskHistorians", "controversiality": 0, "depth": 1, "author_flair_background_color": null, "mod_reports": [], "mod_note": null, "distinguished": "moderator"}}], "after": null, "before": null}}, "user_reports": [], "saved": false, "id": "dp96onz", "banned_at_utc": null, "mod_reason_title": null, "gilded": 0, "archived": true, "report_reasons": null, "author": "[deleted]", "can_mod_post": false, "send_replies": true, "parent_id": "t3_7adugt", "score": 0, "approved_by": null, "downs": 0, "body": "[removed]", "edited": false, "author_flair_css_class": null, "collapsed": false, "is_submitter": false, "collapsed_reason": null, "body_html": "&lt;div class=\"md\"&gt;&lt;p&gt;[removed]&lt;/p&gt;\n&lt;/div&gt;", "stickied": false, "subreddit_type": "public", "can_gild": false, "subreddit": "AskHistorians", "author_flair_text_color": "dark", "score_hidden": false, "permalink": "/r/AskHistorians/comments/7adugt/during_the_holocaust_why_couldnt_jews_just_say/dp96onz/", "num_reports": null, "name": "t1_dp96onz", "created": 1509680899.0, "author_flair_text": null, "rte_mode": "markdown", "created_utc": 1509652099.0, "subreddit_name_prefixed": "r/AskHistorians", "controversiality": 0, "depth": 0, "author_flair_background_color": "", "mod_reports": [], "mod_note": null, "distinguished": null}}], "after": null, "before": null}}]