[{"kind": "Listing", "data": {"modhash": "", "dist": 1, "children": [{"kind": "t3", "data": {"approved_at_utc": null, "subreddit": "AskHistorians", "selftext": "I'm doing a project on the barbary slave trade, and I was wondering if there was any information on it? Books, websites, etc. would all be great. If anyone has credible sources I'd love to hear about them or if they have any information they'd like to share, that would be a great assistance to me.\n\nWhile it might be a long shot, I'm also looking to interview anyone who might have any information about it, so if anyone is knowledgeable on the subject or might be able to help me contact someone who is, I would greatly appreciate that.\n\nThanks for any help!", "user_reports": [], "saved": false, "mod_reason_title": null, "gilded": 0, "clicked": false, "title": "Information about the Barbary Slave Trade?", "link_flair_richtext": [], "subreddit_name_prefixed": "r/AskHistorians", "hidden": false, "pwls": 6, "link_flair_css_class": null, "downs": 0, "parent_whitelist_status": "all_ads", "hide_score": false, "name": "t3_7aelm9", "quarantine": false, "link_flair_text_color": "dark", "upvote_ratio": 1.0, "author_flair_background_color": null, "subreddit_type": "public", "ups": 3, "domain": "self.AskHistorians", "media_embed": {}, "author_flair_template_id": null, "is_original_content": false, "secure_media": null, "is_reddit_media_domain": false, "category": null, "secure_media_embed": {}, "link_flair_text": null, "can_mod_post": false, "score": 3, "approved_by": null, "thumbnail": "", "edited": false, "author_flair_css_class": null, "author_flair_richtext": [], "content_categories": null, "is_self": true, "mod_note": null, "created": 1509685642.0, "link_flair_type": "text", "wls": 3, "post_categories": null, "banned_by": null, "author_flair_type": "text", "contest_mode": false, "selftext_html": "&lt;!-- SC_OFF --&gt;&lt;div class=\"md\"&gt;&lt;p&gt;I&amp;#39;m doing a project on the barbary slave trade, and I was wondering if there was any information on it? Books, websites, etc. would all be great. If anyone has credible sources I&amp;#39;d love to hear about them or if they have any information they&amp;#39;d like to share, that would be a great assistance to me.&lt;/p&gt;\n\n&lt;p&gt;While it might be a long shot, I&amp;#39;m also looking to interview anyone who might have any information about it, so if anyone is knowledgeable on the subject or might be able to help me contact someone who is, I would greatly appreciate that.&lt;/p&gt;\n\n&lt;p&gt;Thanks for any help!&lt;/p&gt;\n&lt;/div&gt;&lt;!-- SC_ON --&gt;", "likes": null, "suggested_sort": null, "banned_at_utc": null, "view_count": null, "archived": true, "no_follow": true, "is_crosspostable": false, "pinned": false, "over_18": false, "media_only": false, "can_gild": false, "spoiler": false, "locked": false, "author_flair_text": null, "rte_mode": "markdown", "visited": false, "num_reports": null, "distinguished": null, "subreddit_id": "t5_2ssp3", "mod_reason_by": null, "removal_reason": null, "id": "7aelm9", "report_reasons": null, "author": "apljee", "num_crossposts": 0, "num_comments": 1, "send_replies": true, "mod_reports": [], "author_flair_text_color": null, "permalink": "/r/AskHistorians/comments/7aelm9/information_about_the_barbary_slave_trade/", "whitelist_status": "promo_adult_nsfw", "stickied": false, "url": "https://www.reddit.com/r/AskHistorians/comments/7aelm9/information_about_the_barbary_slave_trade/", "subreddit_subscribers": 771257, "created_utc": 1509656842.0, "media": null, "is_video": false}}], "after": null, "before": null}}, {"kind": "Listing", "data": {"modhash": "", "dist": null, "children": [{"kind": "t1", "data": {"subreddit_id": "t5_2ssp3", "approved_at_utc": null, "ups": 1, "mod_reason_by": null, "banned_by": null, "author_flair_type": "richtext", "removal_reason": null, "link_id": "t3_7aelm9", "author_flair_template_id": "9e641f94-c626-11e2-8e2c-12313b0b21ae", "likes": null, "no_follow": true, "replies": "", "user_reports": [], "saved": false, "id": "dp9jbpq", "banned_at_utc": null, "mod_reason_title": null, "gilded": 0, "archived": true, "report_reasons": null, "author": "Georgy_K_Zhukov", "can_mod_post": false, "send_replies": true, "parent_id": "t3_7aelm9", "score": 1, "approved_by": null, "downs": 0, "body": "Hello there. Your question seems to be related to school work, so we just want to remind you, and any potential respondents, that [our rules](http://www.reddit.com/r/AskHistorians/wiki/rules#wiki_homework) DO permit people to ask for help with their homework, so long as they are seeking clarification or resources, rather than the answer itself. This policy is further explained in this [META Thread](http://www.reddit.com/r/AskHistorians/comments/35pkem/askhistorians_homework_question_policy_rehash/).\n\nAdditionally, while our users may be able to help you out here, we hope that you also will take the time to check out our six-part series, \"[Finding and Understanding Sources](https://www.reddit.com/r/AskHistorians/wiki/theory#wiki_monday_methods.3A_finding_and_understanding_sources)\", which should hopefully prove to be helpful for you as you continue in your research.", "edited": false, "author_flair_css_class": "moderator", "collapsed": false, "author_flair_richtext": [{"e": "text", "t": "Moderator | Post-Napoleonic Warfare &amp; Small Arms | Dueling"}], "is_submitter": false, "collapsed_reason": null, "body_html": "&lt;div class=\"md\"&gt;&lt;p&gt;Hello there. Your question seems to be related to school work, so we just want to remind you, and any potential respondents, that &lt;a href=\"http://www.reddit.com/r/AskHistorians/wiki/rules#wiki_homework\"&gt;our rules&lt;/a&gt; DO permit people to ask for help with their homework, so long as they are seeking clarification or resources, rather than the answer itself. This policy is further explained in this &lt;a href=\"http://www.reddit.com/r/AskHistorians/comments/35pkem/askhistorians_homework_question_policy_rehash/\"&gt;META Thread&lt;/a&gt;.&lt;/p&gt;\n\n&lt;p&gt;Additionally, while our users may be able to help you out here, we hope that you also will take the time to check out our six-part series, &amp;quot;&lt;a href=\"https://www.reddit.com/r/AskHistorians/wiki/theory#wiki_monday_methods.3A_finding_and_understanding_sources\"&gt;Finding and Understanding Sources&lt;/a&gt;&amp;quot;, which should hopefully prove to be helpful for you as you continue in your research.&lt;/p&gt;\n&lt;/div&gt;", "stickied": true, "subreddit_type": "public", "can_gild": true, "subreddit": "AskHistorians", "author_flair_text_color": "light", "score_hidden": true, "permalink": "/r/AskHistorians/comments/7aelm9/information_about_the_barbary_slave_trade/dp9jbpq/", "num_reports": null, "name": "t1_dp9jbpq", "created": 1509694773.0, "author_flair_text": "Moderator | Post-Napoleonic Warfare &amp; Small Arms | Dueling", "rte_mode": "markdown", "created_utc": 1509665973.0, "subreddit_name_prefixed": "r/AskHistorians", "controversiality": 0, "depth": 0, "author_flair_background_color": "#8b008b", "mod_reports": [], "mod_note": null, "distinguished": "moderator"}}], "after": null, "before": null}}]