[{"kind": "Listing", "data": {"modhash": "", "dist": 1, "children": [{"kind": "t3", "data": {"approved_at_utc": null, "subreddit": "AskHistorians", "selftext": "Additionally - what are some of the earliest depictions of the apocalypse or the collapse of human civilization? ", "user_reports": [], "saved": false, "mod_reason_title": null, "gilded": 0, "clicked": false, "title": "What were popular depictions of post-apocalyptic Earth like prior to the development of the atomic bomb and the idea of nuclear holocaust?", "link_flair_richtext": [], "subreddit_name_prefixed": "r/AskHistorians", "hidden": false, "pwls": 6, "link_flair_css_class": null, "downs": 0, "parent_whitelist_status": "all_ads", "hide_score": false, "name": "t3_9c7qaa", "quarantine": false, "link_flair_text_color": "dark", "upvote_ratio": 0.94, "author_flair_background_color": null, "subreddit_type": "public", "ups": 172, "domain": "self.AskHistorians", "media_embed": {}, "author_flair_template_id": null, "is_original_content": false, "author_fullname": "t2_10kezoq2", "secure_media": null, "is_reddit_media_domain": false, "is_meta": false, "category": null, "secure_media_embed": {}, "link_flair_text": null, "can_mod_post": false, "score": 172, "approved_by": null, "thumbnail": "", "edited": false, "author_flair_css_class": null, "author_flair_richtext": [], "gildings": {"gid_1": 0, "gid_2": 0, "gid_3": 0}, "content_categories": null, "is_self": true, "mod_note": null, "created": 1535874271.0, "link_flair_type": "text", "wls": 6, "banned_by": null, "author_flair_type": "text", "contest_mode": false, "selftext_html": "&lt;!-- SC_OFF --&gt;&lt;div class=\"md\"&gt;&lt;p&gt;Additionally - what are some of the earliest depictions of the apocalypse or the collapse of human civilization? &lt;/p&gt;\n&lt;/div&gt;&lt;!-- SC_ON --&gt;", "likes": null, "suggested_sort": null, "banned_at_utc": null, "view_count": null, "archived": false, "no_follow": false, "is_crosspostable": false, "pinned": false, "over_18": false, "media": null, "media_only": false, "link_flair_template_id": null, "can_gild": false, "spoiler": false, "locked": false, "author_flair_text": null, "visited": false, "num_reports": null, "distinguished": null, "subreddit_id": "t5_2ssp3", "mod_reason_by": null, "removal_reason": null, "link_flair_background_color": "", "id": "9c7qaa", "is_robot_indexable": true, "report_reasons": null, "author": "eapoodoo", "num_crossposts": 0, "num_comments": 11, "send_replies": true, "author_flair_text_color": null, "permalink": "/r/AskHistorians/comments/9c7qaa/what_were_popular_depictions_of_postapocalyptic/", "whitelist_status": "all_ads", "stickied": false, "url": "https://www.reddit.com/r/AskHistorians/comments/9c7qaa/what_were_popular_depictions_of_postapocalyptic/", "subreddit_subscribers": 827847, "created_utc": 1535845471.0, "mod_reports": [], "is_video": false}}], "after": null, "before": null}}, {"kind": "Listing", "data": {"modhash": "", "dist": null, "children": [{"kind": "t1", "data": {"subreddit_id": "t5_2ssp3", "approved_at_utc": null, "ups": 27, "mod_reason_by": null, "banned_by": null, "author_flair_type": "text", "removal_reason": null, "link_id": "t3_9c7qaa", "author_flair_template_id": null, "likes": null, "no_follow": false, "replies": {"kind": "Listing", "data": {"modhash": "", "dist": null, "children": [{"kind": "t1", "data": {"subreddit_id": "t5_2ssp3", "approved_at_utc": null, "ups": 2, "mod_reason_by": null, "banned_by": null, "author_flair_type": "text", "removal_reason": null, "link_id": "t3_9c7qaa", "author_flair_template_id": null, "likes": null, "no_follow": true, "replies": "", "user_reports": [], "saved": false, "id": "e5bux2i", "banned_at_utc": null, "mod_reason_title": null, "gilded": 0, "archived": false, "report_reasons": null, "author": "eapoodoo", "can_mod_post": false, "send_replies": true, "parent_id": "t1_e59y4lm", "score": 2, "author_fullname": "t2_10kezoq2", "approved_by": null, "downs": 0, "body": "Amazing! Thank you for your reply!", "edited": false, "author_flair_css_class": null, "collapsed": false, "author_flair_richtext": [], "is_submitter": true, "collapsed_reason": null, "body_html": "&lt;div class=\"md\"&gt;&lt;p&gt;Amazing! Thank you for your reply!&lt;/p&gt;\n&lt;/div&gt;", "stickied": false, "subreddit_type": "public", "can_gild": true, "gildings": {"gid_1": 0, "gid_2": 0, "gid_3": 0}, "author_flair_text_color": null, "score_hidden": false, "permalink": "/r/AskHistorians/comments/9c7qaa/what_were_popular_depictions_of_postapocalyptic/e5bux2i/", "num_reports": null, "name": "t1_e5bux2i", "created": 1536024410.0, "subreddit": "AskHistorians", "author_flair_text": null, "created_utc": 1535995610.0, "subreddit_name_prefixed": "r/AskHistorians", "controversiality": 0, "depth": 1, "author_flair_background_color": null, "mod_reports": [], "mod_note": null, "distinguished": null}}], "after": null, "before": null}}, "user_reports": [], "saved": false, "id": "e59y4lm", "banned_at_utc": null, "mod_reason_title": null, "gilded": 0, "archived": false, "report_reasons": null, "author": "Zither13", "can_mod_post": false, "send_replies": true, "parent_id": "t3_9c7qaa", "score": 27, "author_fullname": "t2_enexn", "approved_by": null, "downs": 0, "body": "Back in 2008 I started reading no fiction except early scientific romance and adult fantasy before 1920 or so. I read a lot of dialogues (which really aren't fiction, I decided), a lot of poorly written stuff (including by Great Writers), a lot of great stuff, and then got out of it when I got to the Yellow Peril stuff I had been putting off. Imaginary War had been bad enough between UK and Peru, or UK and USA, or UK vs. Russia and France, but getting into the racist elements of the time just really took the fun out.\n\nThis question was great for me to pull out my notes, and I'm sorry if they can't be more complete. I just realized it's ten years since I read some of these, so memory is shaky. I would like to point out that most of these can be found on archive.org, or else by a general search. The hard part was finding that they ever existed to search for them. But I've done that for you!\n\nWhat I am omitting is most of the Imaginary War stories, even when they have a lot of destruction and end, as we might think, badly. For example, Griffith's *Angel of the Revolution*, a tale of a group of revolutionaries taking over the US for Britain and destroying Russia and setting up an African-based world rulership based on controlling flight isn't an apocalypse in that volume. That happens in *Olga Romanoff.*\n\nThe earliest apocalypse I could find was ...\n\n1805, *Le dernier homme* by Jean-Baptiste Cousin de Grainville. The entire planet is dying as the sun does. The \"God of Earth\" (The Devil) tries to tempt the protagonist, Om\u00e9gar, into starting anew the whole sorry business of humanity, who will have to live as cannibals in the underground shelters of a sunless world. This imaginative explosion set off a string of derivative works, almost fanfiction. This might include *The Time Machine.*\n\nIn 1828, we get *The Last Man* by Mary Godwin Shelley. (Complete coincidence about the title, right?) In this, we follow a future war that tears apart Europe only to resolve it -- by having a total plague strike, wiping out humanity, except for our main character. His companions are separated from him in a shipwreck, IIRC, and since the author imagines that there has been no technological motion forward in centuries, he is left wandering in an empty Italy, unable to tell if others survive in far places.\n\n1832: *Le Dernier Homme, po\u00e8me imit\u00e9 de Grainville [The Last Man, Poem Inspired by Grainville]* by Auguste-Fran\u00e7ois Creuz\u00e9 de Lesser, is an expansion on Grainville, including aerial cities and a failed attempt to colonize another planet.\n\n1858: *L'Unit\u00e9ide ou la Femme Messie [The Uniteide or The Messiah Woman]*, self-published by Paulin Gagne, who uses the character Om\u00e9gar from 1805's Le dernier homme.\n\n1859: *Om\u00e9gar ou Le Dernier Homme [Omegar, or The Last Man]* by \u00c9lise Gagne, Paulin Gagne's wife, a poem derived, again, from Grainville\n\n1885: *After London, or Wild England*  by Richard Jefferies brings on the end of England, at least, by ecological collapse centering on London and apparently spreading outward. As no one has shown up from Europe to take over the primitive kingdoms of the isles, one has to assume the collapse overtook all of Western civilization, and the wonder cities of Africa can't be bothered with colonization.\n\n1887: *A Crystal Age* by W. H. Hudson (Long Sleep/now to future) by means of a good deal of misunderstanding and conflict manages to avoid being a dialogue about a future utopia. Instead, we are fed, bit by bit, a fragmented history of how the upper classes abandoned England and left it to the working classes to build an agrarian communal future that has worked out how to avoid future over-population: only the official Mother and Father of each commune ever breed.\n\nIn France, \"Capt. Danrit\" (\u00c9mile Driant) wrote a series of future wars that you might consider apocalyptic, as he pictures France invaded by the combined hordes of Asia (the Chinese empress being guarded by samurai, and spearheaded by Russians and Indians; 1905, *L'Invasion Jaune*) or the population of Africa led by Middle Eastern/Turkish potentates, invading with armoured African elephants, while the French zip around on armed motor bicycles (1895, *L'Invasion noire*).\n\nTotal apocalypse, as the Western world literally goes up in flames at the rebellion of the proletariat: 1890, *Caesar's Column: A Story of the Twentieth Century* by Ignatius Donnelly. A white colonist from the Uganda Highlands comes to New York, where he is caught up in the violent overthrow of the plutocrats by demagogues, leading to a collapse of Western civilization. Escaping with a few friends by airship to white-settled Uganda, the long epilogue describes the communal state they set up in response to the trauma of the last days of New York. That's pretty much dialog/tract, but the rest is hair-raising sf adventure. Donnelly was either the first senator who wrote sf, or the first sf writer in the Senate.\n\nIn 1894 we got two, count 'em, two tales of the world destroyed, or nearly so, by comets: *Omega: The Last Days of the World* by Camille Flammarion (yes, that Flammarion, the astronomer of the Flammarion Catalog) and *Olga Romanoff or, The Syren of the Skies* by George Griffith.\n\n1895: *The Outlaws of the Air* by George Griffith had an Imaginary War ended by a world-threatening comet (Griffith loved cometpocalypses). This year also brought us H. G. Wells, *The Time Machine* which takes the Narrator to a far future where the working-class troglodyte Morlocks support and prey on the miniaturized Eloi descendents of the decadent upper classes. The movies never tell you that the Eloi are only a yard tall with no secondary sex characteristics.\n\nIn 1897, \"The Star\" by Wells brings us another destruction from the heavens, as a rogue star (?!) passes by the Earth and into Sol. It had to be a tiny red dwarf, really.\n\n1898: M. P. Shiel gets on the Yellow Peril bandwagon with \"The Empress of the Earth.\" The book version was *The Yellow Danger.* He's back in 1901 with *The Purple Cloud,* where an Arctic explorer returns to find himself the last man on an Earth depopulated by a poison cloud. \n\nWe get a gap until 1908 and *The War in the Air* by H. G. Wells describes the breakdown of civilization through a world war, twice: once through a passive narrator, and then reiterated by an old man explaining to his grandchild what happened to the world. He is said to have written it in four months, and half of it is pure padding.\n\n1912 brings the semi-fantasy *The Night Land* by William Hope Hodgson, a Dying Earth story where the planet has fallen into a dark senility. There's also *The Scarlet Plague* by Jack London.\n\n1913 *The Dragon* by M. P. Shiel, was revised in 1924 as *The Yellow Peril.* He had a thing about that.  *The Poison Belt* by Sir Arthur Conan Doyle has Earth passing through an astronomical reach of poison -- only it turns out to be temporarily anaesthetic rather than deadly.", "edited": false, "author_flair_css_class": null, "collapsed": false, "author_flair_richtext": [], "is_submitter": false, "collapsed_reason": null, "body_html": "&lt;div class=\"md\"&gt;&lt;p&gt;Back in 2008 I started reading no fiction except early scientific romance and adult fantasy before 1920 or so. I read a lot of dialogues (which really aren&amp;#39;t fiction, I decided), a lot of poorly written stuff (including by Great Writers), a lot of great stuff, and then got out of it when I got to the Yellow Peril stuff I had been putting off. Imaginary War had been bad enough between UK and Peru, or UK and USA, or UK vs. Russia and France, but getting into the racist elements of the time just really took the fun out.&lt;/p&gt;\n\n&lt;p&gt;This question was great for me to pull out my notes, and I&amp;#39;m sorry if they can&amp;#39;t be more complete. I just realized it&amp;#39;s ten years since I read some of these, so memory is shaky. I would like to point out that most of these can be found on archive.org, or else by a general search. The hard part was finding that they ever existed to search for them. But I&amp;#39;ve done that for you!&lt;/p&gt;\n\n&lt;p&gt;What I am omitting is most of the Imaginary War stories, even when they have a lot of destruction and end, as we might think, badly. For example, Griffith&amp;#39;s &lt;em&gt;Angel of the Revolution&lt;/em&gt;, a tale of a group of revolutionaries taking over the US for Britain and destroying Russia and setting up an African-based world rulership based on controlling flight isn&amp;#39;t an apocalypse in that volume. That happens in &lt;em&gt;Olga Romanoff.&lt;/em&gt;&lt;/p&gt;\n\n&lt;p&gt;The earliest apocalypse I could find was ...&lt;/p&gt;\n\n&lt;p&gt;1805, &lt;em&gt;Le dernier homme&lt;/em&gt; by Jean-Baptiste Cousin de Grainville. The entire planet is dying as the sun does. The &amp;quot;God of Earth&amp;quot; (The Devil) tries to tempt the protagonist, Om\u00e9gar, into starting anew the whole sorry business of humanity, who will have to live as cannibals in the underground shelters of a sunless world. This imaginative explosion set off a string of derivative works, almost fanfiction. This might include &lt;em&gt;The Time Machine.&lt;/em&gt;&lt;/p&gt;\n\n&lt;p&gt;In 1828, we get &lt;em&gt;The Last Man&lt;/em&gt; by Mary Godwin Shelley. (Complete coincidence about the title, right?) In this, we follow a future war that tears apart Europe only to resolve it -- by having a total plague strike, wiping out humanity, except for our main character. His companions are separated from him in a shipwreck, IIRC, and since the author imagines that there has been no technological motion forward in centuries, he is left wandering in an empty Italy, unable to tell if others survive in far places.&lt;/p&gt;\n\n&lt;p&gt;1832: &lt;em&gt;Le Dernier Homme, po\u00e8me imit\u00e9 de Grainville [The Last Man, Poem Inspired by Grainville]&lt;/em&gt; by Auguste-Fran\u00e7ois Creuz\u00e9 de Lesser, is an expansion on Grainville, including aerial cities and a failed attempt to colonize another planet.&lt;/p&gt;\n\n&lt;p&gt;1858: &lt;em&gt;L&amp;#39;Unit\u00e9ide ou la Femme Messie [The Uniteide or The Messiah Woman]&lt;/em&gt;, self-published by Paulin Gagne, who uses the character Om\u00e9gar from 1805&amp;#39;s Le dernier homme.&lt;/p&gt;\n\n&lt;p&gt;1859: &lt;em&gt;Om\u00e9gar ou Le Dernier Homme [Omegar, or The Last Man]&lt;/em&gt; by \u00c9lise Gagne, Paulin Gagne&amp;#39;s wife, a poem derived, again, from Grainville&lt;/p&gt;\n\n&lt;p&gt;1885: &lt;em&gt;After London, or Wild England&lt;/em&gt;  by Richard Jefferies brings on the end of England, at least, by ecological collapse centering on London and apparently spreading outward. As no one has shown up from Europe to take over the primitive kingdoms of the isles, one has to assume the collapse overtook all of Western civilization, and the wonder cities of Africa can&amp;#39;t be bothered with colonization.&lt;/p&gt;\n\n&lt;p&gt;1887: &lt;em&gt;A Crystal Age&lt;/em&gt; by W. H. Hudson (Long Sleep/now to future) by means of a good deal of misunderstanding and conflict manages to avoid being a dialogue about a future utopia. Instead, we are fed, bit by bit, a fragmented history of how the upper classes abandoned England and left it to the working classes to build an agrarian communal future that has worked out how to avoid future over-population: only the official Mother and Father of each commune ever breed.&lt;/p&gt;\n\n&lt;p&gt;In France, &amp;quot;Capt. Danrit&amp;quot; (\u00c9mile Driant) wrote a series of future wars that you might consider apocalyptic, as he pictures France invaded by the combined hordes of Asia (the Chinese empress being guarded by samurai, and spearheaded by Russians and Indians; 1905, &lt;em&gt;L&amp;#39;Invasion Jaune&lt;/em&gt;) or the population of Africa led by Middle Eastern/Turkish potentates, invading with armoured African elephants, while the French zip around on armed motor bicycles (1895, &lt;em&gt;L&amp;#39;Invasion noire&lt;/em&gt;).&lt;/p&gt;\n\n&lt;p&gt;Total apocalypse, as the Western world literally goes up in flames at the rebellion of the proletariat: 1890, &lt;em&gt;Caesar&amp;#39;s Column: A Story of the Twentieth Century&lt;/em&gt; by Ignatius Donnelly. A white colonist from the Uganda Highlands comes to New York, where he is caught up in the violent overthrow of the plutocrats by demagogues, leading to a collapse of Western civilization. Escaping with a few friends by airship to white-settled Uganda, the long epilogue describes the communal state they set up in response to the trauma of the last days of New York. That&amp;#39;s pretty much dialog/tract, but the rest is hair-raising sf adventure. Donnelly was either the first senator who wrote sf, or the first sf writer in the Senate.&lt;/p&gt;\n\n&lt;p&gt;In 1894 we got two, count &amp;#39;em, two tales of the world destroyed, or nearly so, by comets: &lt;em&gt;Omega: The Last Days of the World&lt;/em&gt; by Camille Flammarion (yes, that Flammarion, the astronomer of the Flammarion Catalog) and &lt;em&gt;Olga Romanoff or, The Syren of the Skies&lt;/em&gt; by George Griffith.&lt;/p&gt;\n\n&lt;p&gt;1895: &lt;em&gt;The Outlaws of the Air&lt;/em&gt; by George Griffith had an Imaginary War ended by a world-threatening comet (Griffith loved cometpocalypses). This year also brought us H. G. Wells, &lt;em&gt;The Time Machine&lt;/em&gt; which takes the Narrator to a far future where the working-class troglodyte Morlocks support and prey on the miniaturized Eloi descendents of the decadent upper classes. The movies never tell you that the Eloi are only a yard tall with no secondary sex characteristics.&lt;/p&gt;\n\n&lt;p&gt;In 1897, &amp;quot;The Star&amp;quot; by Wells brings us another destruction from the heavens, as a rogue star (?!) passes by the Earth and into Sol. It had to be a tiny red dwarf, really.&lt;/p&gt;\n\n&lt;p&gt;1898: M. P. Shiel gets on the Yellow Peril bandwagon with &amp;quot;The Empress of the Earth.&amp;quot; The book version was &lt;em&gt;The Yellow Danger.&lt;/em&gt; He&amp;#39;s back in 1901 with &lt;em&gt;The Purple Cloud,&lt;/em&gt; where an Arctic explorer returns to find himself the last man on an Earth depopulated by a poison cloud. &lt;/p&gt;\n\n&lt;p&gt;We get a gap until 1908 and &lt;em&gt;The War in the Air&lt;/em&gt; by H. G. Wells describes the breakdown of civilization through a world war, twice: once through a passive narrator, and then reiterated by an old man explaining to his grandchild what happened to the world. He is said to have written it in four months, and half of it is pure padding.&lt;/p&gt;\n\n&lt;p&gt;1912 brings the semi-fantasy &lt;em&gt;The Night Land&lt;/em&gt; by William Hope Hodgson, a Dying Earth story where the planet has fallen into a dark senility. There&amp;#39;s also &lt;em&gt;The Scarlet Plague&lt;/em&gt; by Jack London.&lt;/p&gt;\n\n&lt;p&gt;1913 &lt;em&gt;The Dragon&lt;/em&gt; by M. P. Shiel, was revised in 1924 as &lt;em&gt;The Yellow Peril.&lt;/em&gt; He had a thing about that.  &lt;em&gt;The Poison Belt&lt;/em&gt; by Sir Arthur Conan Doyle has Earth passing through an astronomical reach of poison -- only it turns out to be temporarily anaesthetic rather than deadly.&lt;/p&gt;\n&lt;/div&gt;", "stickied": false, "subreddit_type": "public", "can_gild": true, "gildings": {"gid_1": 0, "gid_2": 0, "gid_3": 0}, "author_flair_text_color": null, "score_hidden": false, "permalink": "/r/AskHistorians/comments/9c7qaa/what_were_popular_depictions_of_postapocalyptic/e59y4lm/", "num_reports": null, "name": "t1_e59y4lm", "created": 1535938863.0, "subreddit": "AskHistorians", "author_flair_text": null, "created_utc": 1535910063.0, "subreddit_name_prefixed": "r/AskHistorians", "controversiality": 0, "depth": 0, "author_flair_background_color": null, "mod_reports": [], "mod_note": null, "distinguished": null}}, {"kind": "t1", "data": {"subreddit_id": "t5_2ssp3", "approved_at_utc": null, "ups": 16, "mod_reason_by": null, "banned_by": null, "author_flair_type": "text", "removal_reason": null, "link_id": "t3_9c7qaa", "author_flair_template_id": null, "likes": null, "no_follow": false, "replies": "", "user_reports": [], "saved": false, "id": "e598wu9", "banned_at_utc": null, "mod_reason_title": null, "gilded": 0, "archived": false, "report_reasons": null, "author": "sunagainstgold", "can_mod_post": false, "send_replies": true, "parent_id": "t3_9c7qaa", "score": 16, "author_fullname": "t2_j83ki", "approved_by": null, "downs": 0, "body": "The focus of this thread is more general views of the future, but there's some good info about \"end of the world\" scenarios in this earlier answer of mine:\n\n* [Before the 1700s, were there any books or plays set in the future? What did they see?](https://www.reddit.com/r/AskHistorians/comments/3vovzs/before_around_1700_where_there_any_books_or_plays/cxplabi/)\n\nDown in the comments there's a little about medieval traditions as well. I also have [this answer](https://www.reddit.com/r/AskHistorians/comments/3qafud/how_did_people_in_the_middle_ages_view_the/cwdjejh/) about medieval apocalypses, but it's more about the process than about what happens next.\n\nI know these aren't perfectly on target, but hopefully there's something in there that'll interest you!", "edited": false, "author_flair_css_class": "europe", "collapsed": false, "author_flair_richtext": [], "is_submitter": false, "collapsed_reason": null, "body_html": "&lt;div class=\"md\"&gt;&lt;p&gt;The focus of this thread is more general views of the future, but there&amp;#39;s some good info about &amp;quot;end of the world&amp;quot; scenarios in this earlier answer of mine:&lt;/p&gt;\n\n&lt;ul&gt;\n&lt;li&gt;&lt;a href=\"https://www.reddit.com/r/AskHistorians/comments/3vovzs/before_around_1700_where_there_any_books_or_plays/cxplabi/\"&gt;Before the 1700s, were there any books or plays set in the future? What did they see?&lt;/a&gt;&lt;/li&gt;\n&lt;/ul&gt;\n\n&lt;p&gt;Down in the comments there&amp;#39;s a little about medieval traditions as well. I also have &lt;a href=\"https://www.reddit.com/r/AskHistorians/comments/3qafud/how_did_people_in_the_middle_ages_view_the/cwdjejh/\"&gt;this answer&lt;/a&gt; about medieval apocalypses, but it&amp;#39;s more about the process than about what happens next.&lt;/p&gt;\n\n&lt;p&gt;I know these aren&amp;#39;t perfectly on target, but hopefully there&amp;#39;s something in there that&amp;#39;ll interest you!&lt;/p&gt;\n&lt;/div&gt;", "stickied": false, "subreddit_type": "public", "can_gild": true, "gildings": {"gid_1": 0, "gid_2": 0, "gid_3": 0}, "author_flair_text_color": "dark", "score_hidden": false, "permalink": "/r/AskHistorians/comments/9c7qaa/what_were_popular_depictions_of_postapocalyptic/e598wu9/", "num_reports": null, "name": "t1_e598wu9", "created": 1535902746.0, "subreddit": "AskHistorians", "author_flair_text": "Moderator | Medieval &amp; Earliest Modern Europe", "created_utc": 1535873946.0, "subreddit_name_prefixed": "r/AskHistorians", "controversiality": 0, "depth": 0, "author_flair_background_color": "", "mod_reports": [], "mod_note": null, "distinguished": null}}, {"kind": "t1", "data": {"subreddit_id": "t5_2ssp3", "approved_at_utc": null, "ups": 40, "mod_reason_by": null, "banned_by": null, "author_flair_type": "text", "removal_reason": null, "link_id": "t3_9c7qaa", "author_flair_template_id": null, "likes": null, "no_follow": false, "replies": {"kind": "Listing", "data": {"modhash": "", "dist": null, "children": [{"kind": "t1", "data": {"subreddit_id": "t5_2ssp3", "approved_at_utc": null, "ups": 31, "mod_reason_by": null, "banned_by": null, "author_flair_type": "text", "removal_reason": null, "link_id": "t3_9c7qaa", "author_flair_template_id": null, "likes": null, "no_follow": false, "replies": "", "user_reports": [], "saved": false, "id": "e5904p9", "banned_at_utc": null, "mod_reason_title": null, "gilded": 0, "archived": false, "report_reasons": null, "author": "eapoodoo", "can_mod_post": false, "send_replies": true, "parent_id": "t1_e58zrnm", "score": 31, "author_fullname": "t2_10kezoq2", "approved_by": null, "downs": 0, "body": "Good question, I suppose both apply. Those are all good examples. ", "edited": false, "author_flair_css_class": null, "collapsed": false, "author_flair_richtext": [], "is_submitter": true, "collapsed_reason": null, "body_html": "&lt;div class=\"md\"&gt;&lt;p&gt;Good question, I suppose both apply. Those are all good examples. &lt;/p&gt;\n&lt;/div&gt;", "stickied": false, "subreddit_type": "public", "can_gild": true, "gildings": {"gid_1": 0, "gid_2": 0, "gid_3": 0}, "author_flair_text_color": null, "score_hidden": false, "permalink": "/r/AskHistorians/comments/9c7qaa/what_were_popular_depictions_of_postapocalyptic/e5904p9/", "num_reports": null, "name": "t1_e5904p9", "created": 1535888411.0, "subreddit": "AskHistorians", "author_flair_text": null, "created_utc": 1535859611.0, "subreddit_name_prefixed": "r/AskHistorians", "controversiality": 0, "depth": 1, "author_flair_background_color": null, "mod_reports": [], "mod_note": null, "distinguished": null}}], "after": null, "before": null}}, "user_reports": [], "saved": false, "id": "e58zrnm", "banned_at_utc": null, "mod_reason_title": null, "gilded": 0, "archived": false, "report_reasons": null, "author": "cacheflow", "can_mod_post": false, "send_replies": true, "parent_id": "t3_9c7qaa", "score": 40, "author_fullname": "t2_5z252", "approved_by": null, "downs": 0, "body": "Clarifying question:  Are you asking about cultural or religious texts about the end of the world (aka Revelations/Ragnarok) or are you asking about fiction/novels pre-1945 (things like HG Wells in \u201cWar of the Worlds\u201d or \u201cShape of Things to Come\u201d)?\n\n\n", "edited": 1535860044.0, "author_flair_css_class": null, "collapsed": false, "author_flair_richtext": [], "is_submitter": false, "collapsed_reason": null, "body_html": "&lt;div class=\"md\"&gt;&lt;p&gt;Clarifying question:  Are you asking about cultural or religious texts about the end of the world (aka Revelations/Ragnarok) or are you asking about fiction/novels pre-1945 (things like HG Wells in \u201cWar of the Worlds\u201d or \u201cShape of Things to Come\u201d)?&lt;/p&gt;\n&lt;/div&gt;", "stickied": false, "subreddit_type": "public", "can_gild": true, "gildings": {"gid_1": 0, "gid_2": 0, "gid_3": 0}, "author_flair_text_color": null, "score_hidden": false, "permalink": "/r/AskHistorians/comments/9c7qaa/what_were_popular_depictions_of_postapocalyptic/e58zrnm/", "num_reports": null, "name": "t1_e58zrnm", "created": 1535887962.0, "subreddit": "AskHistorians", "author_flair_text": null, "created_utc": 1535859162.0, "subreddit_name_prefixed": "r/AskHistorians", "controversiality": 0, "depth": 0, "author_flair_background_color": null, "mod_reports": [], "mod_note": null, "distinguished": null}}, {"kind": "t1", "data": {"subreddit_id": "t5_2ssp3", "approved_at_utc": null, "ups": -4, "mod_reason_by": null, "banned_by": null, "removal_reason": null, "link_id": "t3_9c7qaa", "author_flair_template_id": null, "likes": null, "no_follow": true, "replies": {"kind": "Listing", "data": {"modhash": "", "dist": null, "children": [{"kind": "t1", "data": {"subreddit_id": "t5_2ssp3", "approved_at_utc": null, "ups": 11, "mod_reason_by": null, "banned_by": null, "author_flair_type": "text", "removal_reason": null, "link_id": "t3_9c7qaa", "author_flair_template_id": "98d8fdba-c626-11e2-bd52-12313b06caaf", "likes": null, "no_follow": false, "replies": "", "user_reports": [], "saved": false, "id": "e58xajj", "banned_at_utc": null, "mod_reason_title": null, "gilded": 0, "archived": false, "report_reasons": null, "author": "Searocksandtrees", "can_mod_post": false, "send_replies": true, "parent_id": "t1_e58x6p3", "score": 11, "author_fullname": "t2_9zh7p", "approved_by": null, "downs": 0, "body": "&gt; If I had to guess, most people probably ...\n\nPlease don't. This reply has been removed for [speculation](http://www.reddit.com/r/AskHistorians/wiki/rules#wiki_no_speculation).  In the future, please be certain of your answer before hitting submit.  This rule is discussed further in [this Rules Roundtable](https://www.reddit.com/r/AskHistorians/comments/4kngwh/rules_roundtable_no_11_no_speculation/). \n\nAlso, please consider this meta thread [What it means to post a good answer in /r/AskHistorians](https://www.reddit.com/r/AskHistorians/comments/1jsabs/what_it_means_to_post_a_good_answer_in/)\n\nThanks!", "edited": 1535856591.0, "author_flair_css_class": "qualitycontributor", "collapsed": false, "author_flair_richtext": [], "is_submitter": false, "collapsed_reason": null, "body_html": "&lt;div class=\"md\"&gt;&lt;blockquote&gt;\n&lt;p&gt;If I had to guess, most people probably ...&lt;/p&gt;\n&lt;/blockquote&gt;\n\n&lt;p&gt;Please don&amp;#39;t. This reply has been removed for &lt;a href=\"http://www.reddit.com/r/AskHistorians/wiki/rules#wiki_no_speculation\"&gt;speculation&lt;/a&gt;.  In the future, please be certain of your answer before hitting submit.  This rule is discussed further in &lt;a href=\"https://www.reddit.com/r/AskHistorians/comments/4kngwh/rules_roundtable_no_11_no_speculation/\"&gt;this Rules Roundtable&lt;/a&gt;. &lt;/p&gt;\n\n&lt;p&gt;Also, please consider this meta thread &lt;a href=\"https://www.reddit.com/r/AskHistorians/comments/1jsabs/what_it_means_to_post_a_good_answer_in/\"&gt;What it means to post a good answer in /r/AskHistorians&lt;/a&gt;&lt;/p&gt;\n\n&lt;p&gt;Thanks!&lt;/p&gt;\n&lt;/div&gt;", "stickied": false, "subreddit_type": "public", "can_gild": true, "gildings": {"gid_1": 0, "gid_2": 0, "gid_3": 0}, "author_flair_text_color": "light", "score_hidden": false, "permalink": "/r/AskHistorians/comments/9c7qaa/what_were_popular_depictions_of_postapocalyptic/e58xajj/", "num_reports": null, "name": "t1_e58xajj", "created": 1535885115.0, "subreddit": "AskHistorians", "author_flair_text": "Moderator | Quality Contributor", "created_utc": 1535856315.0, "subreddit_name_prefixed": "r/AskHistorians", "controversiality": 0, "depth": 1, "author_flair_background_color": "#b87317", "mod_reports": [], "mod_note": null, "distinguished": "moderator"}}], "after": null, "before": null}}, "user_reports": [], "saved": false, "id": "e58x6p3", "banned_at_utc": null, "mod_reason_title": null, "gilded": 0, "archived": false, "report_reasons": null, "author": "[deleted]", "can_mod_post": false, "send_replies": true, "parent_id": "t3_9c7qaa", "score": -4, "approved_by": null, "downs": 0, "body": "[removed]", "edited": false, "author_flair_css_class": null, "collapsed": false, "is_submitter": false, "collapsed_reason": null, "body_html": "&lt;div class=\"md\"&gt;&lt;p&gt;[removed]&lt;/p&gt;\n&lt;/div&gt;", "stickied": false, "subreddit_type": "public", "can_gild": true, "gildings": {"gid_1": 0, "gid_2": 0, "gid_3": 0}, "author_flair_text_color": "dark", "score_hidden": false, "permalink": "/r/AskHistorians/comments/9c7qaa/what_were_popular_depictions_of_postapocalyptic/e58x6p3/", "num_reports": null, "name": "t1_e58x6p3", "created": 1535884994.0, "subreddit": "AskHistorians", "author_flair_text": null, "created_utc": 1535856194.0, "subreddit_name_prefixed": "r/AskHistorians", "controversiality": 0, "depth": 0, "author_flair_background_color": "", "mod_reports": [], "mod_note": null, "distinguished": null}}], "after": null, "before": null}}]