[{"kind": "Listing", "data": {"modhash": "", "dist": 1, "children": [{"kind": "t3", "data": {"approved_at_utc": null, "subreddit": "AskHistorians", "selftext": "I know overall European settlers were quite bad to the native Americans, but it was often taught in grade school that the pilgrims were friendly to their native neighbors.", "user_reports": [], "saved": false, "mod_reason_title": null, "gilded": 0, "clicked": false, "title": "Were the Pilgrims ever directly aggressive to local tribes like the Wampanoag?", "link_flair_richtext": [], "subreddit_name_prefixed": "r/AskHistorians", "hidden": false, "pwls": 6, "link_flair_css_class": null, "downs": 0, "parent_whitelist_status": "all_ads", "hide_score": false, "name": "t3_9c82my", "quarantine": false, "link_flair_text_color": "dark", "upvote_ratio": 0.64, "author_flair_background_color": null, "subreddit_type": "public", "ups": 3, "domain": "self.AskHistorians", "media_embed": {}, "author_flair_template_id": null, "is_original_content": false, "author_fullname": "t2_dfuzz", "secure_media": null, "is_reddit_media_domain": false, "is_meta": false, "category": null, "secure_media_embed": {}, "link_flair_text": null, "can_mod_post": false, "score": 3, "approved_by": null, "thumbnail": "", "edited": false, "author_flair_css_class": null, "author_flair_richtext": [], "gildings": {"gid_1": 0, "gid_2": 0, "gid_3": 0}, "content_categories": null, "is_self": true, "mod_note": null, "created": 1535877416.0, "link_flair_type": "text", "wls": 6, "banned_by": null, "author_flair_type": "text", "contest_mode": false, "selftext_html": "&lt;!-- SC_OFF --&gt;&lt;div class=\"md\"&gt;&lt;p&gt;I know overall European settlers were quite bad to the native Americans, but it was often taught in grade school that the pilgrims were friendly to their native neighbors.&lt;/p&gt;\n&lt;/div&gt;&lt;!-- SC_ON --&gt;", "likes": null, "suggested_sort": null, "banned_at_utc": null, "view_count": null, "archived": false, "no_follow": true, "is_crosspostable": false, "pinned": false, "over_18": false, "media": null, "media_only": false, "link_flair_template_id": null, "can_gild": false, "spoiler": false, "locked": false, "author_flair_text": null, "visited": false, "num_reports": null, "distinguished": null, "subreddit_id": "t5_2ssp3", "mod_reason_by": null, "removal_reason": null, "link_flair_background_color": "", "id": "9c82my", "is_robot_indexable": true, "report_reasons": null, "author": "iSittingDuck", "num_crossposts": 0, "num_comments": 1, "send_replies": true, "author_flair_text_color": null, "permalink": "/r/AskHistorians/comments/9c82my/were_the_pilgrims_ever_directly_aggressive_to/", "whitelist_status": "all_ads", "stickied": false, "url": "https://www.reddit.com/r/AskHistorians/comments/9c82my/were_the_pilgrims_ever_directly_aggressive_to/", "subreddit_subscribers": 827847, "created_utc": 1535848616.0, "mod_reports": [], "is_video": false}}], "after": null, "before": null}}, {"kind": "Listing", "data": {"modhash": "", "dist": null, "children": [{"kind": "t1", "data": {"subreddit_id": "t5_2ssp3", "approved_at_utc": null, "ups": 3, "mod_reason_by": null, "banned_by": null, "author_flair_type": "text", "removal_reason": null, "link_id": "t3_9c82my", "author_flair_template_id": null, "likes": null, "no_follow": true, "replies": "", "user_reports": [], "saved": false, "id": "e58qvra", "banned_at_utc": null, "mod_reason_title": null, "gilded": 0, "archived": false, "report_reasons": null, "author": "tom8958", "can_mod_post": false, "send_replies": true, "parent_id": "t3_9c82my", "score": 3, "author_fullname": "t2_lm220op", "approved_by": null, "downs": 0, "body": "They fought a long war called King Philip's war, with Metacomet, chief of the Wampanoag, who were incensed at the settling of ever more people upon their land. The end of the war resulted in the disbanding of the Wampanoag several other native tribes and the enslavement of other indigenous peoples. Several tribes including the Pequots and Mohegans fought on the side of the New Englanders.", "edited": 1535924642.0, "author_flair_css_class": null, "collapsed": false, "author_flair_richtext": [], "is_submitter": false, "collapsed_reason": null, "body_html": "&lt;div class=\"md\"&gt;&lt;p&gt;They fought a long war called King Philip&amp;#39;s war, with Metacomet, chief of the Wampanoag, who were incensed at the settling of ever more people upon their land. The end of the war resulted in the disbanding of the Wampanoag several other native tribes and the enslavement of other indigenous peoples. Several tribes including the Pequots and Mohegans fought on the side of the New Englanders.&lt;/p&gt;\n&lt;/div&gt;", "stickied": false, "subreddit_type": "public", "can_gild": true, "gildings": {"gid_1": 0, "gid_2": 0, "gid_3": 0}, "author_flair_text_color": null, "score_hidden": false, "permalink": "/r/AskHistorians/comments/9c82my/were_the_pilgrims_ever_directly_aggressive_to/e58qvra/", "num_reports": null, "name": "t1_e58qvra", "created": 1535878270.0, "subreddit": "AskHistorians", "author_flair_text": null, "created_utc": 1535849470.0, "subreddit_name_prefixed": "r/AskHistorians", "controversiality": 0, "depth": 0, "author_flair_background_color": null, "mod_reports": [], "mod_note": null, "distinguished": null}}], "after": null, "before": null}}]