[{"kind": "Listing", "data": {"modhash": "", "dist": 1, "children": [{"kind": "t3", "data": {"approved_at_utc": null, "subreddit": "AskHistorians", "selftext": "", "user_reports": [], "saved": false, "mod_reason_title": null, "gilded": 0, "clicked": false, "title": "All ancient peoples discovered and used fermentation to brew alcohol except native Americas. Why didn't they discover the process?", "link_flair_richtext": [], "subreddit_name_prefixed": "r/AskHistorians", "hidden": false, "pwls": 6, "link_flair_css_class": null, "downs": 0, "parent_whitelist_status": "all_ads", "hide_score": false, "name": "t3_9c8rjs", "quarantine": false, "link_flair_text_color": "dark", "upvote_ratio": 0.68, "author_flair_background_color": null, "subreddit_type": "public", "ups": 7, "domain": "self.AskHistorians", "media_embed": {}, "author_flair_template_id": null, "is_original_content": false, "author_fullname": "t2_89i79", "secure_media": null, "is_reddit_media_domain": false, "is_meta": false, "category": null, "secure_media_embed": {}, "link_flair_text": null, "can_mod_post": false, "score": 7, "approved_by": null, "thumbnail": "", "edited": false, "author_flair_css_class": null, "author_flair_richtext": [], "gildings": {"gid_1": 0, "gid_2": 0, "gid_3": 0}, "content_categories": null, "is_self": true, "mod_note": null, "created": 1535883891.0, "link_flair_type": "text", "wls": 6, "banned_by": null, "author_flair_type": "text", "contest_mode": false, "selftext_html": null, "likes": null, "suggested_sort": null, "banned_at_utc": null, "view_count": null, "archived": false, "no_follow": false, "is_crosspostable": false, "pinned": false, "over_18": false, "media": null, "media_only": false, "link_flair_template_id": null, "can_gild": false, "spoiler": false, "locked": false, "author_flair_text": null, "visited": false, "num_reports": null, "distinguished": null, "subreddit_id": "t5_2ssp3", "mod_reason_by": null, "removal_reason": null, "link_flair_background_color": "", "id": "9c8rjs", "is_robot_indexable": true, "report_reasons": null, "author": "tinylittlegnat", "num_crossposts": 0, "num_comments": 4, "send_replies": true, "author_flair_text_color": null, "permalink": "/r/AskHistorians/comments/9c8rjs/all_ancient_peoples_discovered_and_used/", "whitelist_status": "all_ads", "stickied": false, "url": "https://www.reddit.com/r/AskHistorians/comments/9c8rjs/all_ancient_peoples_discovered_and_used/", "subreddit_subscribers": 827847, "created_utc": 1535855091.0, "mod_reports": [], "is_video": false}}], "after": null, "before": null}}, {"kind": "Listing", "data": {"modhash": "", "dist": null, "children": [{"kind": "t1", "data": {"subreddit_id": "t5_2ssp3", "approved_at_utc": null, "ups": 8, "mod_reason_by": null, "banned_by": null, "author_flair_type": "text", "removal_reason": null, "link_id": "t3_9c8rjs", "author_flair_template_id": null, "likes": null, "no_follow": false, "replies": {"kind": "Listing", "data": {"modhash": "", "dist": null, "children": [{"kind": "t1", "data": {"subreddit_id": "t5_2ssp3", "approved_at_utc": null, "ups": 4, "mod_reason_by": null, "banned_by": null, "author_flair_type": "text", "removal_reason": null, "link_id": "t3_9c8rjs", "author_flair_template_id": null, "likes": null, "no_follow": false, "replies": "", "user_reports": [], "saved": false, "id": "e58zzmd", "banned_at_utc": null, "mod_reason_title": null, "gilded": 0, "archived": false, "report_reasons": null, "author": "Mictlantecuhtli", "can_mod_post": false, "send_replies": true, "parent_id": "t1_e58x9dl", "score": 4, "author_fullname": "t2_9kxqc", "approved_by": null, "downs": 0, "body": "I would also like to add these two topics to your list,\n\n* [What kinds of alcoholic beverages did the Native Americans/First Nations consume?](https://www.reddit.com/r/AskHistorians/comments/3dynjb/what_kinds_of_alcoholic_beverages_did_the_native/)\n\n* [Possible distillation in West Mexico](https://www.reddit.com/r/AskHistorians/comments/2z0p4w/saturday_reading_and_research_march_14_2015/cpeo5r7/?context=3)", "edited": false, "author_flair_css_class": "southamerica", "collapsed": false, "author_flair_richtext": [], "is_submitter": false, "collapsed_reason": null, "body_html": "&lt;div class=\"md\"&gt;&lt;p&gt;I would also like to add these two topics to your list,&lt;/p&gt;\n\n&lt;ul&gt;\n&lt;li&gt;&lt;p&gt;&lt;a href=\"https://www.reddit.com/r/AskHistorians/comments/3dynjb/what_kinds_of_alcoholic_beverages_did_the_native/\"&gt;What kinds of alcoholic beverages did the Native Americans/First Nations consume?&lt;/a&gt;&lt;/p&gt;&lt;/li&gt;\n&lt;li&gt;&lt;p&gt;&lt;a href=\"https://www.reddit.com/r/AskHistorians/comments/2z0p4w/saturday_reading_and_research_march_14_2015/cpeo5r7/?context=3\"&gt;Possible distillation in West Mexico&lt;/a&gt;&lt;/p&gt;&lt;/li&gt;\n&lt;/ul&gt;\n&lt;/div&gt;", "stickied": false, "subreddit_type": "public", "can_gild": true, "gildings": {"gid_1": 0, "gid_2": 0, "gid_3": 0}, "author_flair_text_color": "dark", "score_hidden": false, "permalink": "/r/AskHistorians/comments/9c8rjs/all_ancient_peoples_discovered_and_used/e58zzmd/", "num_reports": null, "name": "t1_e58zzmd", "created": 1535888233.0, "subreddit": "AskHistorians", "author_flair_text": "Mesoamerican Archaeology | West Mexican Shaft Tomb Culture", "created_utc": 1535859433.0, "subreddit_name_prefixed": "r/AskHistorians", "controversiality": 0, "depth": 1, "author_flair_background_color": "", "mod_reports": [], "mod_note": null, "distinguished": null}}, {"kind": "t1", "data": {"subreddit_id": "t5_2ssp3", "approved_at_utc": null, "ups": 3, "mod_reason_by": null, "banned_by": null, "author_flair_type": "text", "removal_reason": null, "link_id": "t3_9c8rjs", "author_flair_template_id": null, "likes": null, "no_follow": true, "replies": "", "user_reports": [], "saved": false, "id": "e596uc0", "banned_at_utc": null, "mod_reason_title": null, "gilded": 0, "archived": false, "report_reasons": null, "author": "Ozfeed", "can_mod_post": false, "send_replies": true, "parent_id": "t1_e58x9dl", "score": 3, "author_fullname": "t2_bw8dw", "approved_by": null, "downs": 0, "body": "Any booze north of the Aztecs? Seems like these focus on Mesoamerica.", "edited": false, "author_flair_css_class": null, "collapsed": false, "author_flair_richtext": [], "is_submitter": false, "collapsed_reason": null, "body_html": "&lt;div class=\"md\"&gt;&lt;p&gt;Any booze north of the Aztecs? Seems like these focus on Mesoamerica.&lt;/p&gt;\n&lt;/div&gt;", "stickied": false, "subreddit_type": "public", "can_gild": true, "gildings": {"gid_1": 0, "gid_2": 0, "gid_3": 0}, "author_flair_text_color": null, "score_hidden": false, "permalink": "/r/AskHistorians/comments/9c8rjs/all_ancient_peoples_discovered_and_used/e596uc0/", "num_reports": null, "name": "t1_e596uc0", "created": 1535898555.0, "subreddit": "AskHistorians", "author_flair_text": null, "created_utc": 1535869755.0, "subreddit_name_prefixed": "r/AskHistorians", "controversiality": 0, "depth": 1, "author_flair_background_color": null, "mod_reports": [], "mod_note": null, "distinguished": null}}, {"kind": "t1", "data": {"subreddit_id": "t5_2ssp3", "approved_at_utc": null, "ups": 3, "mod_reason_by": null, "banned_by": null, "author_flair_type": "text", "removal_reason": null, "link_id": "t3_9c8rjs", "author_flair_template_id": null, "likes": null, "no_follow": true, "replies": "", "user_reports": [], "saved": false, "id": "e59v208", "banned_at_utc": null, "mod_reason_title": null, "gilded": 0, "archived": false, "report_reasons": null, "author": "tinylittlegnat", "can_mod_post": false, "send_replies": true, "parent_id": "t1_e58x9dl", "score": 3, "author_fullname": "t2_89i79", "approved_by": null, "downs": 0, "body": "Thanks", "edited": false, "author_flair_css_class": null, "collapsed": false, "author_flair_richtext": [], "is_submitter": true, "collapsed_reason": null, "body_html": "&lt;div class=\"md\"&gt;&lt;p&gt;Thanks&lt;/p&gt;\n&lt;/div&gt;", "stickied": false, "subreddit_type": "public", "can_gild": true, "gildings": {"gid_1": 0, "gid_2": 0, "gid_3": 0}, "author_flair_text_color": null, "score_hidden": false, "permalink": "/r/AskHistorians/comments/9c8rjs/all_ancient_peoples_discovered_and_used/e59v208/", "num_reports": null, "name": "t1_e59v208", "created": 1535935928.0, "subreddit": "AskHistorians", "author_flair_text": null, "created_utc": 1535907128.0, "subreddit_name_prefixed": "r/AskHistorians", "controversiality": 0, "depth": 1, "author_flair_background_color": null, "mod_reports": [], "mod_note": null, "distinguished": null}}], "after": null, "before": null}}, "user_reports": [], "saved": false, "id": "e58x9dl", "banned_at_utc": null, "mod_reason_title": null, "gilded": 0, "archived": false, "report_reasons": null, "author": "Dinocrocodile", "can_mod_post": false, "send_replies": true, "parent_id": "t3_9c8rjs", "score": 8, "author_fullname": "t2_vazwyq", "approved_by": null, "downs": 0, "body": "Not to discourage any further answers, but you'll want to read these older posts about the development of alcohol and other fermented beverages in the Americas:\n\n[Before contact with Europeans, were there any fermented alcoholic beverages (beer, wine) being consumed by Native Americans, and if so, what were they like?](https://www.reddit.com/r/AskHistorians/comments/1ya99h/before_contact_with_europeans_were_there_any/)\n\n[What types of pleasure drugs were used in the Americas prior to European colonization and how prevalent were they?](https://www.reddit.com/r/AskHistorians/comments/1dhvtk/what_types_of_pleasure_drugs_were_used_in_the/c9qsfln/?st=jlk8oclq&amp;sh=ce36579c) \n\nBoth by /u/400-rabbits\n\n[Did Native Americans ever produce alcohol?](https://www.reddit.com/r/AskHistorians/comments/14lq6l/did_native_americans_ever_produce_alcohol/c7ec9u8/?st=jlk8o7f5&amp;sh=509b9d95) by /u/Pachacamac\n\n[Do we have recipes for the fermented chocolate drink favoured by the Maya?](https://www.reddit.com/r/AskHistorians/comments/5mtfz9/do_we_have_recipes_for_the_fermented_chocolate/dc7edwg/?st=jlk8nwkb&amp;sh=0f5950da) by /u/Mictlantecuhtli\n\n[What did ancient Native Americans drink?](https://www.reddit.com/r/AskHistorians/comments/1iursk/what_did_ancient_native_americans_drink/)", "edited": false, "author_flair_css_class": "qualitycontributor", "collapsed": false, "author_flair_richtext": [], "is_submitter": false, "collapsed_reason": null, "body_html": "&lt;div class=\"md\"&gt;&lt;p&gt;Not to discourage any further answers, but you&amp;#39;ll want to read these older posts about the development of alcohol and other fermented beverages in the Americas:&lt;/p&gt;\n\n&lt;p&gt;&lt;a href=\"https://www.reddit.com/r/AskHistorians/comments/1ya99h/before_contact_with_europeans_were_there_any/\"&gt;Before contact with Europeans, were there any fermented alcoholic beverages (beer, wine) being consumed by Native Americans, and if so, what were they like?&lt;/a&gt;&lt;/p&gt;\n\n&lt;p&gt;&lt;a href=\"https://www.reddit.com/r/AskHistorians/comments/1dhvtk/what_types_of_pleasure_drugs_were_used_in_the/c9qsfln/?st=jlk8oclq&amp;amp;sh=ce36579c\"&gt;What types of pleasure drugs were used in the Americas prior to European colonization and how prevalent were they?&lt;/a&gt; &lt;/p&gt;\n\n&lt;p&gt;Both by &lt;a href=\"/u/400-rabbits\"&gt;/u/400-rabbits&lt;/a&gt;&lt;/p&gt;\n\n&lt;p&gt;&lt;a href=\"https://www.reddit.com/r/AskHistorians/comments/14lq6l/did_native_americans_ever_produce_alcohol/c7ec9u8/?st=jlk8o7f5&amp;amp;sh=509b9d95\"&gt;Did Native Americans ever produce alcohol?&lt;/a&gt; by &lt;a href=\"/u/Pachacamac\"&gt;/u/Pachacamac&lt;/a&gt;&lt;/p&gt;\n\n&lt;p&gt;&lt;a href=\"https://www.reddit.com/r/AskHistorians/comments/5mtfz9/do_we_have_recipes_for_the_fermented_chocolate/dc7edwg/?st=jlk8nwkb&amp;amp;sh=0f5950da\"&gt;Do we have recipes for the fermented chocolate drink favoured by the Maya?&lt;/a&gt; by &lt;a href=\"/u/Mictlantecuhtli\"&gt;/u/Mictlantecuhtli&lt;/a&gt;&lt;/p&gt;\n\n&lt;p&gt;&lt;a href=\"https://www.reddit.com/r/AskHistorians/comments/1iursk/what_did_ancient_native_americans_drink/\"&gt;What did ancient Native Americans drink?&lt;/a&gt;&lt;/p&gt;\n&lt;/div&gt;", "stickied": false, "subreddit_type": "public", "can_gild": true, "gildings": {"gid_1": 0, "gid_2": 0, "gid_3": 0}, "author_flair_text_color": "dark", "score_hidden": false, "permalink": "/r/AskHistorians/comments/9c8rjs/all_ancient_peoples_discovered_and_used/e58x9dl/", "num_reports": null, "name": "t1_e58x9dl", "created": 1535885077.0, "subreddit": "AskHistorians", "author_flair_text": "Interesting Inquirer &amp; FAQ Finder", "created_utc": 1535856277.0, "subreddit_name_prefixed": "r/AskHistorians", "controversiality": 0, "depth": 0, "author_flair_background_color": "", "mod_reports": [], "mod_note": null, "distinguished": null}}], "after": null, "before": null}}]