[{"kind": "Listing", "data": {"modhash": "", "dist": 1, "children": [{"kind": "t3", "data": {"approved_at_utc": null, "subreddit": "AskHistorians", "selftext": "In this famous speech, the very last few lines make reference to \"the New World\"\n\n&gt;we shall never surrender, and even if, which I do not for a moment believe, this Island or a large part of it were subjugated and starving, then our Empire beyond the seas, armed and guarded by the British Fleet, would carry on the struggle, until, in God\u2019s good time, **the New World, with all its power and might, steps forth to the rescue and the liberation of the old.**\n\nIs that a direct reference to the United States? Or some other meaning?", "user_reports": [], "saved": false, "mod_reason_title": null, "gilded": 0, "clicked": false, "title": "A question regarding Churchill's \"We shall fight on the beaches\" speech.", "link_flair_richtext": [], "subreddit_name_prefixed": "r/AskHistorians", "hidden": false, "pwls": 6, "link_flair_css_class": null, "downs": 0, "parent_whitelist_status": "all_ads", "hide_score": false, "name": "t3_9c8tkz", "quarantine": false, "link_flair_text_color": "dark", "upvote_ratio": 0.64, "author_flair_background_color": null, "subreddit_type": "public", "ups": 4, "domain": "self.AskHistorians", "media_embed": {}, "author_flair_template_id": null, "is_original_content": false, "author_fullname": "t2_90b8z", "secure_media": null, "is_reddit_media_domain": false, "is_meta": false, "category": null, "secure_media_embed": {}, "link_flair_text": null, "can_mod_post": false, "score": 4, "approved_by": null, "thumbnail": "", "edited": false, "author_flair_css_class": null, "author_flair_richtext": [], "gildings": {"gid_1": 0, "gid_2": 0, "gid_3": 0}, "content_categories": null, "is_self": true, "mod_note": null, "created": 1535884446.0, "link_flair_type": "text", "wls": 6, "banned_by": null, "author_flair_type": "text", "contest_mode": false, "selftext_html": "&lt;!-- SC_OFF --&gt;&lt;div class=\"md\"&gt;&lt;p&gt;In this famous speech, the very last few lines make reference to &amp;quot;the New World&amp;quot;&lt;/p&gt;\n\n&lt;blockquote&gt;\n&lt;p&gt;we shall never surrender, and even if, which I do not for a moment believe, this Island or a large part of it were subjugated and starving, then our Empire beyond the seas, armed and guarded by the British Fleet, would carry on the struggle, until, in God\u2019s good time, &lt;strong&gt;the New World, with all its power and might, steps forth to the rescue and the liberation of the old.&lt;/strong&gt;&lt;/p&gt;\n&lt;/blockquote&gt;\n\n&lt;p&gt;Is that a direct reference to the United States? Or some other meaning?&lt;/p&gt;\n&lt;/div&gt;&lt;!-- SC_ON --&gt;", "likes": null, "suggested_sort": null, "banned_at_utc": null, "view_count": null, "archived": false, "no_follow": false, "is_crosspostable": false, "pinned": false, "over_18": false, "media": null, "media_only": false, "link_flair_template_id": null, "can_gild": false, "spoiler": false, "locked": false, "author_flair_text": null, "visited": false, "num_reports": null, "distinguished": null, "subreddit_id": "t5_2ssp3", "mod_reason_by": null, "removal_reason": null, "link_flair_background_color": "", "id": "9c8tkz", "is_robot_indexable": true, "report_reasons": null, "author": "Prophet_Muhammad_phd", "num_crossposts": 0, "num_comments": 6, "send_replies": true, "author_flair_text_color": null, "permalink": "/r/AskHistorians/comments/9c8tkz/a_question_regarding_churchills_we_shall_fight_on/", "whitelist_status": "all_ads", "stickied": false, "url": "https://www.reddit.com/r/AskHistorians/comments/9c8tkz/a_question_regarding_churchills_we_shall_fight_on/", "subreddit_subscribers": 827847, "created_utc": 1535855646.0, "mod_reports": [], "is_video": false}}], "after": null, "before": null}}, {"kind": "Listing", "data": {"modhash": "", "dist": null, "children": [{"kind": "t1", "data": {"subreddit_id": "t5_2ssp3", "approved_at_utc": null, "ups": 4, "mod_reason_by": null, "banned_by": null, "author_flair_type": "text", "removal_reason": null, "link_id": "t3_9c8tkz", "author_flair_template_id": null, "likes": null, "no_follow": false, "replies": "", "user_reports": [], "saved": false, "id": "e599npg", "banned_at_utc": null, "mod_reason_title": null, "gilded": 0, "archived": false, "report_reasons": null, "author": "Bigglesworth_", "can_mod_post": false, "send_replies": true, "parent_id": "t3_9c8tkz", "score": 4, "author_fullname": "t2_akqoh", "approved_by": null, "downs": 0, "body": "It was indeed a direct reference to the USA. Chamberlain had always been somewhat sceptical of American intentions, Churchill (who replaced Chamberlain in May, shortly before the speech) was much more hopeful for greater support from the US and appealed for it from the start of his tenure, frequently frustrated that he did not receive more. The speech was part of a delicate dance of negotiation as Churchill sought to bring America into the war while Roosevelt balanced strong isolationist elements in the US and the long-term situation if Britain surrendered, as seemed a possibility with the situation in France - there would be no point sending equipment if it just ended up in German hands. \n\nThe mention of \"the British Fleet\" earlier in the sentence is part of that negotiation. One of Roosevelt's greatest fears was the prospect of the British Fleet in German hands; the combination of the British, French, Italian and German fleets would be a very serious threat to the US. Roosevelt sought assurances that, should Britain fall, the Fleet would sail for the Americas; Churchill was (in public) giving him that assurance. In private, though, through elliptical means Churchill warned that if he was forced from office there was no guarantee what stance his successor might take, balancing a tightrope to try and secure more concrete US support without alienating or threatening Roosevelt. Each side harboured suspicions the the other was trying to take advantage: the US that Britain wanted to prop up their protectionist Empire with US resources and (if possible) lives, Britain that \"President Roosevelt seemed to be  taking the view that it would be  very nice of him  to pick up the bits of  the British Empire  if this country was overrun\" (cabinet papers CAB 65/13).\n\nWith British success in the Battle of Britain and no German invasion, US confidence in Britain holding out grew and Roosevelt's re-election in November 1940 gave him a little more breathing room. The policy of Lend-Lease was enacted in December, providing arms and equipment as Britain's cash reserves dwindled, and joint (though secret) US/UK military discussions of strategy started. Of course it took Pearl Harbor and the subsequent declaration of war by Germany to finally and fully bring the USA into the war.\n\n(See also [In Churchill's famous \"We shall fight on the beaches\" speech, he mentions the New World, \"with all its power and might.\" What was the Europe's perception of the United States in the early stages of World War II?](https://www.reddit.com/r/AskHistorians/comments/84issz/in_churchills_famous_we_shall_fight_on_the/dvqic25/))\n", "edited": false, "author_flair_css_class": "military", "collapsed": false, "author_flair_richtext": [], "is_submitter": false, "collapsed_reason": null, "body_html": "&lt;div class=\"md\"&gt;&lt;p&gt;It was indeed a direct reference to the USA. Chamberlain had always been somewhat sceptical of American intentions, Churchill (who replaced Chamberlain in May, shortly before the speech) was much more hopeful for greater support from the US and appealed for it from the start of his tenure, frequently frustrated that he did not receive more. The speech was part of a delicate dance of negotiation as Churchill sought to bring America into the war while Roosevelt balanced strong isolationist elements in the US and the long-term situation if Britain surrendered, as seemed a possibility with the situation in France - there would be no point sending equipment if it just ended up in German hands. &lt;/p&gt;\n\n&lt;p&gt;The mention of &amp;quot;the British Fleet&amp;quot; earlier in the sentence is part of that negotiation. One of Roosevelt&amp;#39;s greatest fears was the prospect of the British Fleet in German hands; the combination of the British, French, Italian and German fleets would be a very serious threat to the US. Roosevelt sought assurances that, should Britain fall, the Fleet would sail for the Americas; Churchill was (in public) giving him that assurance. In private, though, through elliptical means Churchill warned that if he was forced from office there was no guarantee what stance his successor might take, balancing a tightrope to try and secure more concrete US support without alienating or threatening Roosevelt. Each side harboured suspicions the the other was trying to take advantage: the US that Britain wanted to prop up their protectionist Empire with US resources and (if possible) lives, Britain that &amp;quot;President Roosevelt seemed to be  taking the view that it would be  very nice of him  to pick up the bits of  the British Empire  if this country was overrun&amp;quot; (cabinet papers CAB 65/13).&lt;/p&gt;\n\n&lt;p&gt;With British success in the Battle of Britain and no German invasion, US confidence in Britain holding out grew and Roosevelt&amp;#39;s re-election in November 1940 gave him a little more breathing room. The policy of Lend-Lease was enacted in December, providing arms and equipment as Britain&amp;#39;s cash reserves dwindled, and joint (though secret) US/UK military discussions of strategy started. Of course it took Pearl Harbor and the subsequent declaration of war by Germany to finally and fully bring the USA into the war.&lt;/p&gt;\n\n&lt;p&gt;(See also &lt;a href=\"https://www.reddit.com/r/AskHistorians/comments/84issz/in_churchills_famous_we_shall_fight_on_the/dvqic25/\"&gt;In Churchill&amp;#39;s famous &amp;quot;We shall fight on the beaches&amp;quot; speech, he mentions the New World, &amp;quot;with all its power and might.&amp;quot; What was the Europe&amp;#39;s perception of the United States in the early stages of World War II?&lt;/a&gt;)&lt;/p&gt;\n&lt;/div&gt;", "stickied": false, "subreddit_type": "public", "can_gild": true, "gildings": {"gid_1": 0, "gid_2": 0, "gid_3": 0}, "author_flair_text_color": "dark", "score_hidden": false, "permalink": "/r/AskHistorians/comments/9c8tkz/a_question_regarding_churchills_we_shall_fight_on/e599npg/", "num_reports": null, "name": "t1_e599npg", "created": 1535904382.0, "subreddit": "AskHistorians", "author_flair_text": "RAF in WWII", "created_utc": 1535875582.0, "subreddit_name_prefixed": "r/AskHistorians", "controversiality": 0, "depth": 0, "author_flair_background_color": "", "mod_reports": [], "mod_note": null, "distinguished": null}}, {"kind": "t1", "data": {"subreddit_id": "t5_2ssp3", "approved_at_utc": null, "ups": 2, "mod_reason_by": null, "banned_by": null, "removal_reason": null, "link_id": "t3_9c8tkz", "author_flair_template_id": null, "likes": null, "no_follow": true, "replies": {"kind": "Listing", "data": {"modhash": "", "dist": null, "children": [{"kind": "t1", "data": {"subreddit_id": "t5_2ssp3", "approved_at_utc": null, "ups": 1, "mod_reason_by": null, "banned_by": null, "author_flair_type": "text", "removal_reason": null, "link_id": "t3_9c8tkz", "author_flair_template_id": null, "likes": null, "no_follow": true, "replies": {"kind": "Listing", "data": {"modhash": "", "dist": null, "children": [{"kind": "t1", "data": {"subreddit_id": "t5_2ssp3", "approved_at_utc": null, "ups": 1, "mod_reason_by": null, "banned_by": null, "author_flair_type": "text", "removal_reason": null, "link_id": "t3_9c8tkz", "author_flair_template_id": null, "likes": null, "no_follow": true, "replies": {"kind": "Listing", "data": {"modhash": "", "dist": null, "children": [{"kind": "t1", "data": {"subreddit_id": "t5_2ssp3", "approved_at_utc": null, "ups": 1, "mod_reason_by": null, "banned_by": null, "author_flair_type": "text", "removal_reason": null, "link_id": "t3_9c8tkz", "author_flair_template_id": null, "likes": null, "no_follow": true, "replies": {"kind": "Listing", "data": {"modhash": "", "dist": null, "children": [{"kind": "t1", "data": {"subreddit_id": "t5_2ssp3", "approved_at_utc": null, "ups": 2, "mod_reason_by": null, "banned_by": null, "author_flair_type": "text", "removal_reason": null, "link_id": "t3_9c8tkz", "author_flair_template_id": null, "likes": null, "no_follow": true, "replies": "", "user_reports": [], "saved": false, "id": "e59rsax", "banned_at_utc": null, "mod_reason_title": null, "gilded": 0, "archived": false, "report_reasons": null, "author": "When_Ducks_Attack", "can_mod_post": false, "send_replies": true, "parent_id": "t1_e599cgz", "score": 2, "author_fullname": "t2_ag4ui", "approved_by": null, "downs": 0, "body": "As it was, nearly 10% of the population of Canada ended up in their military in WW2.  It's hard to imagine given the vast size difference, but the smallish island of England had more than four times the population of the vast Canada in 1939, and other than lumber greatly outstripped their production capabilities as well.\n\nAt that time there wasn't much for Canada to give, but what they had ready was already in Europe.  There were Canadian troops in France (near Brest) when Dunkirk occurred.  They had sent a Convoy to England within a few days of declaring war.\n\nTo be sure, there were still recruitment campaigns and the like, but was Churchill appealing to Canada the way he was the US?  No. In this context, \"the new world\" referred solely to Canada's neighbor.", "edited": false, "author_flair_css_class": "military", "collapsed": false, "author_flair_richtext": [], "is_submitter": false, "collapsed_reason": null, "body_html": "&lt;div class=\"md\"&gt;&lt;p&gt;As it was, nearly 10% of the population of Canada ended up in their military in WW2.  It&amp;#39;s hard to imagine given the vast size difference, but the smallish island of England had more than four times the population of the vast Canada in 1939, and other than lumber greatly outstripped their production capabilities as well.&lt;/p&gt;\n\n&lt;p&gt;At that time there wasn&amp;#39;t much for Canada to give, but what they had ready was already in Europe.  There were Canadian troops in France (near Brest) when Dunkirk occurred.  They had sent a Convoy to England within a few days of declaring war.&lt;/p&gt;\n\n&lt;p&gt;To be sure, there were still recruitment campaigns and the like, but was Churchill appealing to Canada the way he was the US?  No. In this context, &amp;quot;the new world&amp;quot; referred solely to Canada&amp;#39;s neighbor.&lt;/p&gt;\n&lt;/div&gt;", "stickied": false, "subreddit_type": "public", "can_gild": true, "gildings": {"gid_1": 0, "gid_2": 0, "gid_3": 0}, "author_flair_text_color": "dark", "score_hidden": false, "permalink": "/r/AskHistorians/comments/9c8tkz/a_question_regarding_churchills_we_shall_fight_on/e59rsax/", "num_reports": null, "name": "t1_e59rsax", "created": 1535932818.0, "subreddit": "AskHistorians", "author_flair_text": "Pacific Theater | World War II", "created_utc": 1535904018.0, "subreddit_name_prefixed": "r/AskHistorians", "controversiality": 0, "depth": 4, "author_flair_background_color": "", "mod_reports": [], "mod_note": null, "distinguished": null}}], "after": null, "before": null}}, "user_reports": [], "saved": false, "id": "e599cgz", "banned_at_utc": null, "mod_reason_title": null, "gilded": 0, "archived": false, "report_reasons": null, "author": "RedBaboon", "can_mod_post": false, "send_replies": true, "parent_id": "t1_e5989fm", "score": 1, "author_fullname": "t2_67aba", "approved_by": null, "downs": 0, "body": "I knew Canada was in the war, but I was curious if there was any campaign or pressure to perhaps increase their active involvement or commitment or to stir up public support for the war or anything like that.", "edited": false, "author_flair_css_class": null, "collapsed": false, "author_flair_richtext": [], "is_submitter": false, "collapsed_reason": null, "body_html": "&lt;div class=\"md\"&gt;&lt;p&gt;I knew Canada was in the war, but I was curious if there was any campaign or pressure to perhaps increase their active involvement or commitment or to stir up public support for the war or anything like that.&lt;/p&gt;\n&lt;/div&gt;", "stickied": false, "subreddit_type": "public", "can_gild": true, "gildings": {"gid_1": 0, "gid_2": 0, "gid_3": 0}, "author_flair_text_color": null, "score_hidden": false, "permalink": "/r/AskHistorians/comments/9c8tkz/a_question_regarding_churchills_we_shall_fight_on/e599cgz/", "num_reports": null, "name": "t1_e599cgz", "created": 1535903682.0, "subreddit": "AskHistorians", "author_flair_text": null, "created_utc": 1535874882.0, "subreddit_name_prefixed": "r/AskHistorians", "controversiality": 0, "depth": 3, "author_flair_background_color": null, "mod_reports": [], "mod_note": null, "distinguished": null}}], "after": null, "before": null}}, "user_reports": [], "saved": false, "id": "e5989fm", "banned_at_utc": null, "mod_reason_title": null, "gilded": 0, "archived": false, "report_reasons": null, "author": "When_Ducks_Attack", "can_mod_post": false, "send_replies": true, "parent_id": "t1_e5962a8", "score": 1, "author_fullname": "t2_ag4ui", "approved_by": null, "downs": 0, "body": "Well, Canada was already participating in the war at that time, so that would suggest it was entirely aimed at the US.  \n", "edited": false, "author_flair_css_class": "military", "collapsed": false, "author_flair_richtext": [], "is_submitter": false, "collapsed_reason": null, "body_html": "&lt;div class=\"md\"&gt;&lt;p&gt;Well, Canada was already participating in the war at that time, so that would suggest it was entirely aimed at the US.  &lt;/p&gt;\n&lt;/div&gt;", "stickied": false, "subreddit_type": "public", "can_gild": true, "gildings": {"gid_1": 0, "gid_2": 0, "gid_3": 0}, "author_flair_text_color": "dark", "score_hidden": false, "permalink": "/r/AskHistorians/comments/9c8tkz/a_question_regarding_churchills_we_shall_fight_on/e5989fm/", "num_reports": null, "name": "t1_e5989fm", "created": 1535901392.0, "subreddit": "AskHistorians", "author_flair_text": "Pacific Theater | World War II", "created_utc": 1535872592.0, "subreddit_name_prefixed": "r/AskHistorians", "controversiality": 0, "depth": 2, "author_flair_background_color": "", "mod_reports": [], "mod_note": null, "distinguished": null}}], "after": null, "before": null}}, "user_reports": [], "saved": false, "id": "e5962a8", "banned_at_utc": null, "mod_reason_title": null, "gilded": 0, "archived": false, "report_reasons": null, "author": "RedBaboon", "can_mod_post": false, "send_replies": true, "parent_id": "t1_e5931gv", "score": 1, "author_fullname": "t2_67aba", "approved_by": null, "downs": 0, "body": "Do we have any idea if it was also an intentional reference to Canada (as an appeal or \"I love you\" of a similar sort to the US) or if his focus was entirely on the US and Canada being included in the \"New World\" was an extra?", "edited": false, "author_flair_css_class": null, "collapsed": false, "author_flair_richtext": [], "is_submitter": false, "collapsed_reason": null, "body_html": "&lt;div class=\"md\"&gt;&lt;p&gt;Do we have any idea if it was also an intentional reference to Canada (as an appeal or &amp;quot;I love you&amp;quot; of a similar sort to the US) or if his focus was entirely on the US and Canada being included in the &amp;quot;New World&amp;quot; was an extra?&lt;/p&gt;\n&lt;/div&gt;", "stickied": false, "subreddit_type": "public", "can_gild": true, "gildings": {"gid_1": 0, "gid_2": 0, "gid_3": 0}, "author_flair_text_color": null, "score_hidden": false, "permalink": "/r/AskHistorians/comments/9c8tkz/a_question_regarding_churchills_we_shall_fight_on/e5962a8/", "num_reports": null, "name": "t1_e5962a8", "created": 1535897119.0, "subreddit": "AskHistorians", "author_flair_text": null, "created_utc": 1535868319.0, "subreddit_name_prefixed": "r/AskHistorians", "controversiality": 0, "depth": 1, "author_flair_background_color": null, "mod_reports": [], "mod_note": null, "distinguished": null}}], "after": null, "before": null}}, "user_reports": [], "saved": false, "id": "e5931gv", "banned_at_utc": null, "mod_reason_title": null, "gilded": 0, "archived": false, "report_reasons": null, "author": "[deleted]", "can_mod_post": false, "send_replies": true, "parent_id": "t3_9c8tkz", "score": 2, "approved_by": null, "downs": 0, "body": "[removed]", "edited": false, "author_flair_css_class": null, "collapsed": false, "is_submitter": false, "collapsed_reason": null, "body_html": "&lt;div class=\"md\"&gt;&lt;p&gt;[removed]&lt;/p&gt;\n&lt;/div&gt;", "stickied": false, "subreddit_type": "public", "can_gild": true, "gildings": {"gid_1": 0, "gid_2": 0, "gid_3": 0}, "author_flair_text_color": "dark", "score_hidden": false, "permalink": "/r/AskHistorians/comments/9c8tkz/a_question_regarding_churchills_we_shall_fight_on/e5931gv/", "num_reports": null, "name": "t1_e5931gv", "created": 1535892336.0, "subreddit": "AskHistorians", "author_flair_text": null, "created_utc": 1535863536.0, "subreddit_name_prefixed": "r/AskHistorians", "controversiality": 0, "depth": 0, "author_flair_background_color": "", "mod_reports": [], "mod_note": null, "distinguished": null}}], "after": null, "before": null}}]