[{"kind": "Listing", "data": {"modhash": "", "dist": 1, "children": [{"kind": "t3", "data": {"approved_at_utc": null, "subreddit": "AskHistorians", "selftext": "Title pretty much sums it up. Due to primarily fuel and battery concerns, did any U-Boat/Post WWII Diesel sub just basically wait around/recharge batteries/hide or were they all \"wolfpack/group/patrol\" setups(Think recharge/wait/recharge pre SOSUS)? Nukes are limited by food stores, but from what I've gathered diesels were fuel limited, and I can only assume more time devoted to batteries increases time at sea in the long run.", "user_reports": [], "saved": false, "mod_reason_title": null, "gilded": 0, "clicked": false, "title": "Did any diesel submarine(WWII+) just sit on station vs be on \"patrol\"?", "link_flair_richtext": [], "subreddit_name_prefixed": "r/AskHistorians", "hidden": false, "pwls": 6, "link_flair_css_class": null, "downs": 0, "parent_whitelist_status": "all_ads", "hide_score": false, "name": "t3_9cafhb", "quarantine": false, "link_flair_text_color": "dark", "upvote_ratio": 0.69, "author_flair_background_color": null, "subreddit_type": "public", "ups": 4, "domain": "self.AskHistorians", "media_embed": {}, "author_flair_template_id": null, "is_original_content": false, "author_fullname": "t2_baw1b", "secure_media": null, "is_reddit_media_domain": false, "is_meta": false, "category": null, "secure_media_embed": {}, "link_flair_text": null, "can_mod_post": false, "score": 4, "approved_by": null, "thumbnail": "", "edited": false, "author_flair_css_class": null, "author_flair_richtext": [], "gildings": {"gid_1": 0, "gid_2": 0, "gid_3": 0}, "content_categories": null, "is_self": true, "mod_note": null, "created": 1535902669.0, "link_flair_type": "text", "wls": 6, "banned_by": null, "author_flair_type": "text", "contest_mode": false, "selftext_html": "&lt;!-- SC_OFF --&gt;&lt;div class=\"md\"&gt;&lt;p&gt;Title pretty much sums it up. Due to primarily fuel and battery concerns, did any U-Boat/Post WWII Diesel sub just basically wait around/recharge batteries/hide or were they all &amp;quot;wolfpack/group/patrol&amp;quot; setups(Think recharge/wait/recharge pre SOSUS)? Nukes are limited by food stores, but from what I&amp;#39;ve gathered diesels were fuel limited, and I can only assume more time devoted to batteries increases time at sea in the long run.&lt;/p&gt;\n&lt;/div&gt;&lt;!-- SC_ON --&gt;", "likes": null, "suggested_sort": null, "banned_at_utc": null, "view_count": null, "archived": false, "no_follow": true, "is_crosspostable": false, "pinned": false, "over_18": false, "media": null, "media_only": false, "link_flair_template_id": null, "can_gild": false, "spoiler": false, "locked": false, "author_flair_text": null, "visited": false, "num_reports": null, "distinguished": null, "subreddit_id": "t5_2ssp3", "mod_reason_by": null, "removal_reason": null, "link_flair_background_color": "", "id": "9cafhb", "is_robot_indexable": true, "report_reasons": null, "author": "Cracked_Pepper", "num_crossposts": 0, "num_comments": 2, "send_replies": false, "author_flair_text_color": null, "permalink": "/r/AskHistorians/comments/9cafhb/did_any_diesel_submarinewwii_just_sit_on_station/", "whitelist_status": "all_ads", "stickied": false, "url": "https://www.reddit.com/r/AskHistorians/comments/9cafhb/did_any_diesel_submarinewwii_just_sit_on_station/", "subreddit_subscribers": 827847, "created_utc": 1535873869.0, "mod_reports": [], "is_video": false}}], "after": null, "before": null}}, {"kind": "Listing", "data": {"modhash": "", "dist": null, "children": [], "after": null, "before": null}}]