[{"kind": "Listing", "data": {"modhash": "", "dist": 1, "children": [{"kind": "t3", "data": {"approved_at_utc": null, "subreddit": "AskHistorians", "selftext": "they're still in the same country as their ancestors, but hundreds of kilometers away ", "user_reports": [], "saved": false, "mod_reason_title": null, "gilded": 0, "clicked": false, "title": "Is it accurate to think of the descends of the people who were moved during the Trail of Tears as a diaspora?", "link_flair_richtext": [{"e": "text", "t": "Diaspora"}], "subreddit_name_prefixed": "r/AskHistorians", "hidden": false, "pwls": 6, "link_flair_css_class": "theme", "downs": 0, "parent_whitelist_status": "all_ads", "hide_score": false, "name": "t3_9cfjhq", "quarantine": false, "link_flair_text_color": "dark", "upvote_ratio": 0.6, "author_flair_background_color": "#b87317", "subreddit_type": "public", "ups": 1, "total_awards_received": 0, "media_embed": {}, "author_flair_template_id": "98d8fdba-c626-11e2-bd52-12313b06caaf", "is_original_content": false, "author_fullname": "t2_9fcsz", "secure_media": null, "is_reddit_media_domain": false, "is_meta": false, "category": null, "secure_media_embed": {}, "link_flair_text": "Diaspora", "can_mod_post": false, "num_duplicates": 0, "approved_by": null, "author_premium": false, "thumbnail": "", "edited": false, "author_flair_css_class": null, "author_flair_richtext": [{"e": "text", "t": "Interesting Inquirer"}], "gildings": {}, "content_categories": null, "is_self": true, "mod_note": null, "created": 1535951207.0, "link_flair_type": "richtext", "wls": 6, "removed_by_category": null, "banned_by": null, "author_flair_type": "richtext", "domain": "self.AskHistorians", "allow_live_comments": false, "selftext_html": "&lt;!-- SC_OFF --&gt;&lt;div class=\"md\"&gt;&lt;p&gt;they&amp;#39;re still in the same country as their ancestors, but hundreds of kilometers away &lt;/p&gt;\n&lt;/div&gt;&lt;!-- SC_ON --&gt;", "likes": null, "suggested_sort": null, "banned_at_utc": null, "view_count": null, "archived": true, "score": 1, "no_follow": true, "is_crosspostable": false, "pinned": false, "over_18": false, "all_awardings": [], "awarders": [], "media_only": false, "link_flair_template_id": "ecfd3bba-2e23-11e5-a3c1-0e7f0fa558f9", "can_gild": false, "spoiler": false, "locked": false, "author_flair_text": "Interesting Inquirer", "treatment_tags": [], "visited": false, "removed_by": null, "num_reports": null, "distinguished": null, "subreddit_id": "t5_2ssp3", "mod_reason_by": null, "removal_reason": null, "link_flair_background_color": "#ffc873", "id": "9cfjhq", "is_robot_indexable": true, "report_reasons": null, "author": "grapp", "discussion_type": null, "num_comments": 1, "send_replies": true, "media": null, "contest_mode": false, "author_patreon_flair": false, "author_flair_text_color": "light", "permalink": "/r/AskHistorians/comments/9cfjhq/is_it_accurate_to_think_of_the_descends_of_the/", "whitelist_status": "all_ads", "stickied": false, "url": "https://www.reddit.com/r/AskHistorians/comments/9cfjhq/is_it_accurate_to_think_of_the_descends_of_the/", "subreddit_subscribers": 1160828, "created_utc": 1535922407.0, "num_crossposts": 0, "mod_reports": [], "is_video": false}}], "after": null, "before": null}}, {"kind": "Listing", "data": {"modhash": "", "dist": null, "children": [{"kind": "t1", "data": {"total_awards_received": 0, "approved_at_utc": null, "ups": 1, "awarders": [], "mod_reason_by": null, "banned_by": null, "author_flair_type": "text", "removal_reason": null, "link_id": "t3_9cfjhq", "author_flair_template_id": null, "likes": null, "replies": "", "user_reports": [], "saved": false, "id": "e5b67wb", "banned_at_utc": null, "mod_reason_title": null, "gilded": 0, "archived": true, "no_follow": true, "author": "ReverseHijinx", "can_mod_post": false, "send_replies": true, "parent_id": "t3_9cfjhq", "score": 1, "author_fullname": "t2_1l1nr0gz", "report_reasons": null, "approved_by": null, "all_awardings": [], "subreddit_id": "t5_2ssp3", "body": "Absolutely. There is plenty of scholarship on the topic. [This recent book](https://books.google.com/books/about/Native_Diasporas.html?id=5vwoDwAAQBAJ&amp;source=kp_book_description) might be a useful starting place. The citations will lead you to a lot more work on the topic, as would a cursory Google search.", "edited": false, "downs": 0, "author_flair_css_class": null, "is_submitter": false, "collapsed": false, "author_flair_richtext": [], "author_patreon_flair": false, "body_html": "&lt;div class=\"md\"&gt;&lt;p&gt;Absolutely. There is plenty of scholarship on the topic. &lt;a href=\"https://books.google.com/books/about/Native_Diasporas.html?id=5vwoDwAAQBAJ&amp;amp;source=kp_book_description\"&gt;This recent book&lt;/a&gt; might be a useful starting place. The citations will lead you to a lot more work on the topic, as would a cursory Google search.&lt;/p&gt;\n&lt;/div&gt;", "gildings": {}, "collapsed_reason": null, "associated_award": null, "stickied": false, "author_premium": false, "subreddit_type": "public", "can_gild": true, "subreddit": "AskHistorians", "author_flair_text_color": null, "score_hidden": false, "permalink": "/r/AskHistorians/comments/9cfjhq/is_it_accurate_to_think_of_the_descends_of_the/e5b67wb/", "num_reports": null, "locked": false, "name": "t1_e5b67wb", "created": 1535990461.0, "author_flair_text": null, "treatment_tags": [], "created_utc": 1535961661.0, "subreddit_name_prefixed": "r/AskHistorians", "controversiality": 0, "depth": 0, "author_flair_background_color": null, "collapsed_because_crowd_control": null, "mod_reports": [], "mod_note": null, "distinguished": null}}], "after": null, "before": null}}]