[{"kind": "Listing", "data": {"modhash": "", "dist": 1, "children": [{"kind": "t3", "data": {"approved_at_utc": null, "subreddit": "AskHistorians", "selftext": "", "user_reports": [], "saved": false, "mod_reason_title": null, "gilded": 0, "clicked": false, "title": "Fear of clowns is a fairly common fear today. Are there records of fear of jesters in Medieval or Renaissance Europe?", "link_flair_richtext": [], "subreddit_name_prefixed": "r/AskHistorians", "hidden": false, "pwls": 6, "link_flair_css_class": null, "downs": 0, "parent_whitelist_status": "all_ads", "hide_score": false, "name": "t3_9cgps6", "quarantine": false, "link_flair_text_color": "dark", "upvote_ratio": 0.87, "author_flair_background_color": null, "subreddit_type": "public", "ups": 45, "total_awards_received": 0, "media_embed": {}, "author_flair_template_id": null, "is_original_content": false, "author_fullname": "t2_6ovf1", "secure_media": null, "is_reddit_media_domain": false, "is_meta": false, "category": null, "secure_media_embed": {}, "link_flair_text": null, "can_mod_post": false, "num_duplicates": 1, "approved_by": null, "author_premium": false, "thumbnail": "", "edited": false, "author_flair_css_class": null, "author_flair_richtext": [], "gildings": {}, "content_categories": null, "is_self": true, "mod_note": null, "created": 1535961261.0, "link_flair_type": "text", "wls": 6, "removed_by_category": null, "banned_by": null, "author_flair_type": "text", "domain": "self.AskHistorians", "allow_live_comments": false, "selftext_html": null, "likes": null, "suggested_sort": null, "banned_at_utc": null, "view_count": null, "archived": true, "score": 45, "no_follow": false, "is_crosspostable": false, "pinned": false, "over_18": false, "all_awardings": [], "awarders": [], "media_only": false, "can_gild": false, "spoiler": false, "locked": false, "author_flair_text": null, "treatment_tags": [], "visited": false, "removed_by": null, "num_reports": null, "distinguished": null, "subreddit_id": "t5_2ssp3", "mod_reason_by": null, "removal_reason": null, "link_flair_background_color": "", "id": "9cgps6", "is_robot_indexable": true, "report_reasons": null, "author": "LatakiaBlend", "discussion_type": null, "num_comments": 4, "send_replies": true, "media": null, "contest_mode": false, "author_patreon_flair": false, "author_flair_text_color": null, "permalink": "/r/AskHistorians/comments/9cgps6/fear_of_clowns_is_a_fairly_common_fear_today_are/", "whitelist_status": "all_ads", "stickied": false, "url": "https://www.reddit.com/r/AskHistorians/comments/9cgps6/fear_of_clowns_is_a_fairly_common_fear_today_are/", "subreddit_subscribers": 1160828, "created_utc": 1535932461.0, "num_crossposts": 0, "mod_reports": [], "is_video": false}}], "after": null, "before": null}}, {"kind": "Listing", "data": {"modhash": "", "dist": null, "children": [{"kind": "t1", "data": {"total_awards_received": 0, "approved_at_utc": null, "ups": 12, "awarders": [], "mod_reason_by": null, "banned_by": null, "author_flair_type": "text", "removal_reason": null, "link_id": "t3_9cgps6", "author_flair_template_id": null, "likes": null, "replies": {"kind": "Listing", "data": {"modhash": "", "dist": null, "children": [{"kind": "t1", "data": {"total_awards_received": 0, "approved_at_utc": null, "ups": 21, "awarders": [], "mod_reason_by": null, "banned_by": null, "author_flair_type": "richtext", "removal_reason": null, "link_id": "t3_9cgps6", "author_flair_template_id": "98d8fdba-c626-11e2-bd52-12313b06caaf", "likes": null, "replies": {"kind": "Listing", "data": {"modhash": "", "dist": null, "children": [{"kind": "t1", "data": {"total_awards_received": 0, "approved_at_utc": null, "ups": 3, "awarders": [], "mod_reason_by": null, "banned_by": null, "author_flair_type": "text", "removal_reason": null, "link_id": "t3_9cgps6", "author_flair_template_id": null, "likes": null, "replies": "", "user_reports": [], "saved": false, "id": "e5bixf5", "banned_at_utc": null, "mod_reason_title": null, "gilded": 0, "archived": true, "no_follow": true, "author": "Bodark43", "can_mod_post": false, "created_utc": 1535983944.0, "send_replies": true, "parent_id": "t1_e5bg1sk", "score": 3, "author_fullname": "t2_9i89m", "report_reasons": null, "approved_by": null, "all_awardings": [], "subreddit_id": "t5_2ssp3", "body": "There is a similar physiological response for humor and for fear: both a good joke and a scary image will produce an intake of breath, change in respiration, a tension of the muscles...a reflex most people would recognize as surprise.  The surprise over the appearance of a \"Joey\" clown might also be changed by the venue. The heavy delineation of mouth, eyebrows, over a white facepaint was an effective way to communicate big facial expressions in the distance of a circus ring, in somewhat dim stage lights.  But modern camera close-ups and manipulation of lighting it seems can easily push the surprise from humor to fear.", "edited": false, "author_flair_css_class": null, "is_submitter": false, "downs": 0, "author_flair_richtext": [], "author_patreon_flair": false, "body_html": "&lt;div class=\"md\"&gt;&lt;p&gt;There is a similar physiological response for humor and for fear: both a good joke and a scary image will produce an intake of breath, change in respiration, a tension of the muscles...a reflex most people would recognize as surprise.  The surprise over the appearance of a &amp;quot;Joey&amp;quot; clown might also be changed by the venue. The heavy delineation of mouth, eyebrows, over a white facepaint was an effective way to communicate big facial expressions in the distance of a circus ring, in somewhat dim stage lights.  But modern camera close-ups and manipulation of lighting it seems can easily push the surprise from humor to fear.&lt;/p&gt;\n&lt;/div&gt;", "gildings": {}, "collapsed_reason": null, "associated_award": null, "stickied": false, "author_premium": false, "subreddit_type": "public", "can_gild": true, "subreddit": "AskHistorians", "author_flair_text_color": null, "score_hidden": false, "permalink": "/r/AskHistorians/comments/9cgps6/fear_of_clowns_is_a_fairly_common_fear_today_are/e5bixf5/", "num_reports": null, "locked": false, "name": "t1_e5bixf5", "created": 1536012744.0, "author_flair_text": null, "treatment_tags": [], "collapsed": false, "subreddit_name_prefixed": "r/AskHistorians", "controversiality": 0, "depth": 2, "author_flair_background_color": null, "collapsed_because_crowd_control": null, "mod_reports": [], "mod_note": null, "distinguished": null}}], "after": null, "before": null}}, "user_reports": [], "saved": false, "id": "e5bg1sk", "banned_at_utc": null, "mod_reason_title": null, "gilded": 0, "archived": true, "no_follow": false, "author": "mikedash", "can_mod_post": false, "send_replies": true, "parent_id": "t1_e5b4eox", "score": 21, "author_fullname": "t2_4id83", "report_reasons": null, "approved_by": null, "all_awardings": [], "subreddit_id": "t5_2ssp3", "collapsed": false, "body": "The first waves of coulrophobia that we have records of comprise what were initially labelled [\"phantom clown\" scares](http://copycateffect.blogspot.com/2016/09/Clowns-Classified.html). The earliest of these actually dates to 1981 \u2013 five years before Stephen King published *It* \u2013 and was reported on by Loren Coleman in a seminal article which appeared in the US magazine *Fate* (1982), and which was elaborated  on shortly afterwards by Bob Tarte and Bill Holms in piece for the British magazine *Fortean Times* (autumn 1982) titled \"A Circle of Clowns\". Coleman's original article was later republished as a chapter of his book [*Mysterious America*](https://www.amazon.com/Mysterious-America-Strangest-Creepiest-Creatures/dp/1416527362) (1983), a compilation that has run through numerous editions since it was first published. It's very interesting to note, in this respect, that the relevant chapter was actually omitted from the 1989 edition, because, Coleman has said, it was considered \"too scary\" by the book's publisher.\n\nThe scare that Coleman reported on began in Boston, and involved the spread of accounts of men dressed in colourful clothes attempting to lure children into vans. The scare spread within the state, to Brookline, and then from Massachusetts to Pittsburgh and on to Kansas City, Denver, Omaha and St Louis, where newspapers reported on \"killer clowns\" that were supposedly menacing children at bus stops. In every case, the police investigated, but were unable to apprehend any perpetrators, and in fact concluded that no adults had seen any of the mysterious figures \u2013 every report they had originated with children, though they were actually phoned in by concerned parents: \"We've had calls saying there was a clown at a certain intersection and we happened to have police cars sitting there, and the officers saw nothing. We've had over 20 calls on 911. When the officers get there, no one tells them anything.\"\n\nIn fact, all these tales conformed to a basic common pattern, as Coleman explained:\n\n&gt;I have always strictly defined a \"Phantom Clown\" episode as one involving a clown-costumed individual attempting to entice or lure a child into a van, the woods, or other isolated situations. But then when the police or parents get involved, no clown can be found or captured.\n\nTracing the spread of stories of this sort was not easy in the pre-internet age unless they became front-page sensations, which the great majority of \"phantom clown\" stories did not. Coleman was only able to do so by utilising the contemporary networks that then existed of amateur newspaper clippers who supplied [*Fortean Times*,](https://www.theguardian.com/media/gallery/2013/nov/11/fortean-times-covers) its US equivalent *INFO Journal,* and an organisation known as [COUD-I](https://uia.org/s/or/en/1100002301) (\"Collectors of Unusual Data \u2013 International\") which was run for several years in the 1980s by an American researcher called Ray Nelke. \\[Full disclosure: beginning in 1981, I was one of those clipsters, and I joined the *Fortean Times* team in 1982 and have worked either for or with the magazine ever since.\\]\n\nCompiling the information that he was able to retrieve in this way, Coleman observed that, although \"the national newspapers and wire services were totally unaware of the widespread nature of such accounts, the stories were remarkably alike.\" One key characteristic was that the perpetrators were never caught, and indeed very likely never existed \u2013 that is, the \"scares\" appeared to be a type of urban legend.\n\nColeman's work was picked up and followed up on by the folklorist Jan Harold Brunvand, who in August 1991 published an account titled \"Take away kidnapping clowns\" in the Syracuse *Post Standard*. Brunvand's article gives a listing of clown panics that begins with the 1981 \"flap\", and no earlier accounts have been traced so far, although similar reports have recurred as recently as 2016.\n\nSeveral writers have attempted to investigate the factors that caused the initial wave of panic back in 1981. Two that were very heavily publicised at the time, and are frequently cited as possible inspirations, are the [Atlanta child murders of 1979-81](https://vault.fbi.gov/Atlanta%20Child%20Murders), later attributed to the serial killer Wayne Williams, which involved the widely-reported disappearance of at least 19 children and adolescents aged from 7 up, and \u2013 as you mention \u2013 the trial of John Wayne Gacy, which began in February 1980. Gacy, who was found guilty of murdering 33 children, adolescents and young men, had worked as a children's entertainer known as \"Pogo the Clown\".\n\nLater inspirations certainly included *It* (1986) and the move *Killer Klowns from Outer Space* (1988). But I'd suggest that some elements of the trope probably go back a lot further than that \u2013 very arguably at least as far as the legend of the Pied Piper of Hamlin.\n\n**Sources**\n\nLoren Coleman, *Mysterious America* (1983)\n\nRobert E. Bartholomew and Benjamin Radford, *The Martians Have Landed!: A History of Media-Driven Panics and Hoaxes* (2011)", "edited": 1536526614.0, "author_flair_css_class": null, "is_submitter": false, "downs": 0, "author_flair_richtext": [{"e": "text", "t": "Top Quality Contributor"}], "author_patreon_flair": false, "body_html": "&lt;div class=\"md\"&gt;&lt;p&gt;The first waves of coulrophobia that we have records of comprise what were initially labelled &lt;a href=\"http://copycateffect.blogspot.com/2016/09/Clowns-Classified.html\"&gt;&amp;quot;phantom clown&amp;quot; scares&lt;/a&gt;. The earliest of these actually dates to 1981 \u2013 five years before Stephen King published &lt;em&gt;It&lt;/em&gt; \u2013 and was reported on by Loren Coleman in a seminal article which appeared in the US magazine &lt;em&gt;Fate&lt;/em&gt; (1982), and which was elaborated  on shortly afterwards by Bob Tarte and Bill Holms in piece for the British magazine &lt;em&gt;Fortean Times&lt;/em&gt; (autumn 1982) titled &amp;quot;A Circle of Clowns&amp;quot;. Coleman&amp;#39;s original article was later republished as a chapter of his book &lt;a href=\"https://www.amazon.com/Mysterious-America-Strangest-Creepiest-Creatures/dp/1416527362\"&gt;&lt;em&gt;Mysterious America&lt;/em&gt;&lt;/a&gt; (1983), a compilation that has run through numerous editions since it was first published. It&amp;#39;s very interesting to note, in this respect, that the relevant chapter was actually omitted from the 1989 edition, because, Coleman has said, it was considered &amp;quot;too scary&amp;quot; by the book&amp;#39;s publisher.&lt;/p&gt;\n\n&lt;p&gt;The scare that Coleman reported on began in Boston, and involved the spread of accounts of men dressed in colourful clothes attempting to lure children into vans. The scare spread within the state, to Brookline, and then from Massachusetts to Pittsburgh and on to Kansas City, Denver, Omaha and St Louis, where newspapers reported on &amp;quot;killer clowns&amp;quot; that were supposedly menacing children at bus stops. In every case, the police investigated, but were unable to apprehend any perpetrators, and in fact concluded that no adults had seen any of the mysterious figures \u2013 every report they had originated with children, though they were actually phoned in by concerned parents: &amp;quot;We&amp;#39;ve had calls saying there was a clown at a certain intersection and we happened to have police cars sitting there, and the officers saw nothing. We&amp;#39;ve had over 20 calls on 911. When the officers get there, no one tells them anything.&amp;quot;&lt;/p&gt;\n\n&lt;p&gt;In fact, all these tales conformed to a basic common pattern, as Coleman explained:&lt;/p&gt;\n\n&lt;blockquote&gt;\n&lt;p&gt;I have always strictly defined a &amp;quot;Phantom Clown&amp;quot; episode as one involving a clown-costumed individual attempting to entice or lure a child into a van, the woods, or other isolated situations. But then when the police or parents get involved, no clown can be found or captured.&lt;/p&gt;\n&lt;/blockquote&gt;\n\n&lt;p&gt;Tracing the spread of stories of this sort was not easy in the pre-internet age unless they became front-page sensations, which the great majority of &amp;quot;phantom clown&amp;quot; stories did not. Coleman was only able to do so by utilising the contemporary networks that then existed of amateur newspaper clippers who supplied &lt;a href=\"https://www.theguardian.com/media/gallery/2013/nov/11/fortean-times-covers\"&gt;&lt;em&gt;Fortean Times&lt;/em&gt;,&lt;/a&gt; its US equivalent &lt;em&gt;INFO Journal,&lt;/em&gt; and an organisation known as &lt;a href=\"https://uia.org/s/or/en/1100002301\"&gt;COUD-I&lt;/a&gt; (&amp;quot;Collectors of Unusual Data \u2013 International&amp;quot;) which was run for several years in the 1980s by an American researcher called Ray Nelke. [Full disclosure: beginning in 1981, I was one of those clipsters, and I joined the &lt;em&gt;Fortean Times&lt;/em&gt; team in 1982 and have worked either for or with the magazine ever since.]&lt;/p&gt;\n\n&lt;p&gt;Compiling the information that he was able to retrieve in this way, Coleman observed that, although &amp;quot;the national newspapers and wire services were totally unaware of the widespread nature of such accounts, the stories were remarkably alike.&amp;quot; One key characteristic was that the perpetrators were never caught, and indeed very likely never existed \u2013 that is, the &amp;quot;scares&amp;quot; appeared to be a type of urban legend.&lt;/p&gt;\n\n&lt;p&gt;Coleman&amp;#39;s work was picked up and followed up on by the folklorist Jan Harold Brunvand, who in August 1991 published an account titled &amp;quot;Take away kidnapping clowns&amp;quot; in the Syracuse &lt;em&gt;Post Standard&lt;/em&gt;. Brunvand&amp;#39;s article gives a listing of clown panics that begins with the 1981 &amp;quot;flap&amp;quot;, and no earlier accounts have been traced so far, although similar reports have recurred as recently as 2016.&lt;/p&gt;\n\n&lt;p&gt;Several writers have attempted to investigate the factors that caused the initial wave of panic back in 1981. Two that were very heavily publicised at the time, and are frequently cited as possible inspirations, are the &lt;a href=\"https://vault.fbi.gov/Atlanta%20Child%20Murders\"&gt;Atlanta child murders of 1979-81&lt;/a&gt;, later attributed to the serial killer Wayne Williams, which involved the widely-reported disappearance of at least 19 children and adolescents aged from 7 up, and \u2013 as you mention \u2013 the trial of John Wayne Gacy, which began in February 1980. Gacy, who was found guilty of murdering 33 children, adolescents and young men, had worked as a children&amp;#39;s entertainer known as &amp;quot;Pogo the Clown&amp;quot;.&lt;/p&gt;\n\n&lt;p&gt;Later inspirations certainly included &lt;em&gt;It&lt;/em&gt; (1986) and the move &lt;em&gt;Killer Klowns from Outer Space&lt;/em&gt; (1988). But I&amp;#39;d suggest that some elements of the trope probably go back a lot further than that \u2013 very arguably at least as far as the legend of the Pied Piper of Hamlin.&lt;/p&gt;\n\n&lt;p&gt;&lt;strong&gt;Sources&lt;/strong&gt;&lt;/p&gt;\n\n&lt;p&gt;Loren Coleman, &lt;em&gt;Mysterious America&lt;/em&gt; (1983)&lt;/p&gt;\n\n&lt;p&gt;Robert E. Bartholomew and Benjamin Radford, &lt;em&gt;The Martians Have Landed!: A History of Media-Driven Panics and Hoaxes&lt;/em&gt; (2011)&lt;/p&gt;\n&lt;/div&gt;", "gildings": {}, "collapsed_reason": null, "associated_award": null, "stickied": false, "author_premium": false, "subreddit_type": "public", "can_gild": true, "subreddit": "AskHistorians", "author_flair_text_color": "light", "score_hidden": false, "permalink": "/r/AskHistorians/comments/9cgps6/fear_of_clowns_is_a_fairly_common_fear_today_are/e5bg1sk/", "num_reports": null, "locked": false, "name": "t1_e5bg1sk", "created": 1536009291.0, "author_flair_text": "Top Quality Contributor", "treatment_tags": [], "created_utc": 1535980491.0, "subreddit_name_prefixed": "r/AskHistorians", "controversiality": 0, "depth": 1, "author_flair_background_color": "#b87317", "collapsed_because_crowd_control": null, "mod_reports": [], "mod_note": null, "distinguished": null}}], "after": null, "before": null}}, "user_reports": [], "saved": false, "id": "e5b4eox", "banned_at_utc": null, "mod_reason_title": null, "gilded": 0, "archived": true, "no_follow": false, "author": "NoMoreNicksLeft", "can_mod_post": false, "send_replies": true, "parent_id": "t3_9cgps6", "score": 12, "author_fullname": "t2_7mcb", "report_reasons": null, "approved_by": null, "all_awardings": [], "subreddit_id": "t5_2ssp3", "body": "Followup questions: Is \"clown fear\" a modern phenomena? \n\nI honestly can't think of any indication of this meme before the early 1990s when Stephen King's \"It\" became mainstream (was a tv movie adaptation). Shortly thereafter I noticed many references to how creepy clowns were.\n\nWasn't Gacy a birthday party clown? Were there similar sentiments when he hit the news?", "edited": false, "downs": 0, "author_flair_css_class": null, "is_submitter": false, "collapsed": false, "author_flair_richtext": [], "author_patreon_flair": false, "body_html": "&lt;div class=\"md\"&gt;&lt;p&gt;Followup questions: Is &amp;quot;clown fear&amp;quot; a modern phenomena? &lt;/p&gt;\n\n&lt;p&gt;I honestly can&amp;#39;t think of any indication of this meme before the early 1990s when Stephen King&amp;#39;s &amp;quot;It&amp;quot; became mainstream (was a tv movie adaptation). Shortly thereafter I noticed many references to how creepy clowns were.&lt;/p&gt;\n\n&lt;p&gt;Wasn&amp;#39;t Gacy a birthday party clown? Were there similar sentiments when he hit the news?&lt;/p&gt;\n&lt;/div&gt;", "gildings": {}, "collapsed_reason": null, "associated_award": null, "stickied": false, "author_premium": false, "subreddit_type": "public", "can_gild": true, "subreddit": "AskHistorians", "author_flair_text_color": null, "score_hidden": false, "permalink": "/r/AskHistorians/comments/9cgps6/fear_of_clowns_is_a_fairly_common_fear_today_are/e5b4eox/", "num_reports": null, "locked": false, "name": "t1_e5b4eox", "created": 1535986974.0, "author_flair_text": null, "treatment_tags": [], "created_utc": 1535958174.0, "subreddit_name_prefixed": "r/AskHistorians", "controversiality": 0, "depth": 0, "author_flair_background_color": null, "collapsed_because_crowd_control": null, "mod_reports": [], "mod_note": null, "distinguished": null}}], "after": null, "before": null}}]