[{"kind": "Listing", "data": {"modhash": "", "dist": 1, "children": [{"kind": "t3", "data": {"approved_at_utc": null, "subreddit": "AskHistorians", "selftext": "[removed]", "user_reports": [], "saved": false, "mod_reason_title": null, "gilded": 0, "clicked": false, "title": "Was Sarajevo a European city of culture and economic power before the assassination of the archduke Franz Ferdinand and WWI?", "link_flair_richtext": [], "subreddit_name_prefixed": "r/AskHistorians", "hidden": false, "pwls": 6, "link_flair_css_class": null, "downs": 0, "parent_whitelist_status": "all_ads", "hide_score": false, "name": "t3_7gsbhb", "quarantine": false, "link_flair_text_color": "dark", "upvote_ratio": 1.0, "author_flair_background_color": "", "subreddit_type": "public", "ups": 2, "domain": "self.AskHistorians", "media_embed": {}, "author_flair_template_id": null, "is_original_content": false, "secure_media": null, "is_reddit_media_domain": false, "category": null, "secure_media_embed": {}, "link_flair_text": null, "can_mod_post": false, "score": 2, "approved_by": null, "thumbnail": "", "edited": false, "author_flair_css_class": null, "content_categories": null, "is_self": true, "mod_note": null, "created": 1512128741.0, "link_flair_type": "text", "wls": 6, "post_categories": null, "banned_by": null, "contest_mode": false, "selftext_html": "&lt;!-- SC_OFF --&gt;&lt;div class=\"md\"&gt;&lt;p&gt;[removed]&lt;/p&gt;\n&lt;/div&gt;&lt;!-- SC_ON --&gt;", "likes": null, "suggested_sort": null, "banned_at_utc": null, "view_count": null, "archived": true, "no_follow": true, "is_crosspostable": false, "pinned": false, "over_18": false, "media": null, "media_only": false, "can_gild": false, "spoiler": false, "locked": false, "author_flair_text": null, "rte_mode": "markdown", "visited": false, "num_reports": null, "distinguished": null, "subreddit_id": "t5_2ssp3", "mod_reason_by": null, "removal_reason": null, "id": "7gsbhb", "report_reasons": null, "author": "[deleted]", "num_crossposts": 0, "num_comments": 1, "send_replies": true, "author_flair_text_color": "dark", "permalink": "/r/AskHistorians/comments/7gsbhb/was_sarajevo_a_european_city_of_culture_and/", "whitelist_status": "all_ads", "stickied": false, "url": "https://www.reddit.com/r/AskHistorians/comments/7gsbhb/was_sarajevo_a_european_city_of_culture_and/", "subreddit_subscribers": 771322, "created_utc": 1512099941.0, "mod_reports": [], "is_video": false}}], "after": null, "before": null}}, {"kind": "Listing", "data": {"modhash": "", "dist": null, "children": [{"kind": "t1", "data": {"subreddit_id": "t5_2ssp3", "approved_at_utc": null, "ups": 1, "mod_reason_by": null, "banned_by": null, "author_flair_type": "richtext", "removal_reason": null, "link_id": "t3_7gsbhb", "author_flair_template_id": null, "likes": null, "no_follow": true, "replies": "", "user_reports": [], "saved": false, "id": "dqldfmk", "banned_at_utc": null, "mod_reason_title": null, "gilded": 0, "archived": true, "report_reasons": null, "author": "jschooltiger", "can_mod_post": false, "send_replies": true, "parent_id": "t3_7gsbhb", "score": 1, "approved_by": null, "downs": 0, "body": "Hello there. Unfortunately we have had to remove your question as it looks like it may be a homework question. A couple of things to keep in mind about this: [Our rules](http://www.reddit.com/r/AskHistorians/wiki/rules#wiki_homework) DO permit people to ask for help with their homework, so long as they are seeking clarification or resources, rather than the answer itself. Also: Sometimes flairs can be reluctant to answer a question that looks like homework, because they don't want to be involved in plagiarism (and sadly, yes, there are those who plagiarize reddit comments). \n\nBut, that all said, many of our users do enjoy helping out with suggestions for resources and further reading. Can you tell us what you've researched so far, what resources you've consulted, and what you've learned? If that doesn't work, you can also consider asking the helpful people at /r/HomeworkHelp. If you edit your post to be in compliance with our requirements for homework related questions, which are explored in more detail in this [META Thread](http://www.reddit.com/r/AskHistorians/comments/35pkem/askhistorians_homework_question_policy_rehash/), we would be happy to restore it.\n\nAdditionally, we would highly suggest that you check out our six part series on '[Finding and Understanding Sources](https://www.reddit.com/r/AskHistorians/wiki/theory#wiki_monday_methods.3A_finding_and_understanding_sources)', which might prove to be useful in your research.", "edited": false, "author_flair_css_class": "moderator", "collapsed": false, "author_flair_richtext": [{"e": "text", "t": "Moderator | Shipbuilding and Logistics | British Navy 1770-1830"}], "is_submitter": false, "collapsed_reason": null, "body_html": "&lt;div class=\"md\"&gt;&lt;p&gt;Hello there. Unfortunately we have had to remove your question as it looks like it may be a homework question. A couple of things to keep in mind about this: &lt;a href=\"http://www.reddit.com/r/AskHistorians/wiki/rules#wiki_homework\"&gt;Our rules&lt;/a&gt; DO permit people to ask for help with their homework, so long as they are seeking clarification or resources, rather than the answer itself. Also: Sometimes flairs can be reluctant to answer a question that looks like homework, because they don&amp;#39;t want to be involved in plagiarism (and sadly, yes, there are those who plagiarize reddit comments). &lt;/p&gt;\n\n&lt;p&gt;But, that all said, many of our users do enjoy helping out with suggestions for resources and further reading. Can you tell us what you&amp;#39;ve researched so far, what resources you&amp;#39;ve consulted, and what you&amp;#39;ve learned? If that doesn&amp;#39;t work, you can also consider asking the helpful people at &lt;a href=\"/r/HomeworkHelp\"&gt;/r/HomeworkHelp&lt;/a&gt;. If you edit your post to be in compliance with our requirements for homework related questions, which are explored in more detail in this &lt;a href=\"http://www.reddit.com/r/AskHistorians/comments/35pkem/askhistorians_homework_question_policy_rehash/\"&gt;META Thread&lt;/a&gt;, we would be happy to restore it.&lt;/p&gt;\n\n&lt;p&gt;Additionally, we would highly suggest that you check out our six part series on &amp;#39;&lt;a href=\"https://www.reddit.com/r/AskHistorians/wiki/theory#wiki_monday_methods.3A_finding_and_understanding_sources\"&gt;Finding and Understanding Sources&lt;/a&gt;&amp;#39;, which might prove to be useful in your research.&lt;/p&gt;\n&lt;/div&gt;", "stickied": false, "subreddit_type": "public", "can_gild": true, "subreddit": "AskHistorians", "author_flair_text_color": null, "score_hidden": false, "permalink": "/r/AskHistorians/comments/7gsbhb/was_sarajevo_a_european_city_of_culture_and/dqldfmk/", "num_reports": null, "name": "t1_dqldfmk", "created": 1512129163.0, "author_flair_text": "Moderator | Shipbuilding and Logistics | British Navy 1770-1830", "rte_mode": "markdown", "created_utc": 1512100363.0, "subreddit_name_prefixed": "r/AskHistorians", "controversiality": 0, "depth": 0, "author_flair_background_color": null, "mod_reports": [], "mod_note": null, "distinguished": "moderator"}}], "after": null, "before": null}}]