[{"kind": "Listing", "data": {"modhash": "", "dist": 1, "children": [{"kind": "t3", "data": {"approved_at_utc": null, "subreddit": "AskHistorians", "selftext": "According to Wikipedia, C\u00e6dwalla of Wessex, who reigned from 685 to 688 AD, \"engaged in genocide\" on the Isle of Wight.  Can someone tell me more about this?", "user_reports": [], "saved": false, "mod_reason_title": null, "gilded": 0, "clicked": false, "title": "Was C\u00e6dwalla of Wessex responsible for genocide in 680s Britain?", "link_flair_richtext": [], "subreddit_name_prefixed": "r/AskHistorians", "hidden": false, "pwls": 6, "link_flair_css_class": null, "downs": 0, "parent_whitelist_status": "all_ads", "hide_score": false, "name": "t3_7gsegj", "quarantine": false, "link_flair_text_color": "dark", "upvote_ratio": 0.63, "author_flair_background_color": "", "subreddit_type": "public", "ups": 2, "domain": "self.AskHistorians", "media_embed": {}, "author_flair_template_id": null, "is_original_content": false, "secure_media": null, "is_reddit_media_domain": false, "category": null, "secure_media_embed": {}, "link_flair_text": null, "can_mod_post": false, "score": 2, "approved_by": null, "thumbnail": "", "edited": false, "author_flair_css_class": null, "content_categories": null, "is_self": true, "mod_note": null, "created": 1512129559.0, "link_flair_type": "text", "wls": 6, "post_categories": null, "banned_by": null, "contest_mode": false, "selftext_html": "&lt;!-- SC_OFF --&gt;&lt;div class=\"md\"&gt;&lt;p&gt;According to Wikipedia, C\u00e6dwalla of Wessex, who reigned from 685 to 688 AD, &amp;quot;engaged in genocide&amp;quot; on the Isle of Wight.  Can someone tell me more about this?&lt;/p&gt;\n&lt;/div&gt;&lt;!-- SC_ON --&gt;", "likes": null, "suggested_sort": null, "banned_at_utc": null, "view_count": null, "archived": true, "no_follow": true, "is_crosspostable": false, "pinned": false, "over_18": false, "media": null, "media_only": false, "can_gild": false, "spoiler": false, "locked": false, "author_flair_text": null, "rte_mode": "markdown", "visited": false, "num_reports": null, "distinguished": null, "subreddit_id": "t5_2ssp3", "mod_reason_by": null, "removal_reason": null, "id": "7gsegj", "report_reasons": null, "author": "[deleted]", "num_crossposts": 0, "num_comments": 2, "send_replies": true, "author_flair_text_color": "dark", "permalink": "/r/AskHistorians/comments/7gsegj/was_c\u00e6dwalla_of_wessex_responsible_for_genocide/", "whitelist_status": "all_ads", "stickied": false, "url": "https://www.reddit.com/r/AskHistorians/comments/7gsegj/was_c\u00e6dwalla_of_wessex_responsible_for_genocide/", "subreddit_subscribers": 771322, "created_utc": 1512100759.0, "mod_reports": [], "is_video": false}}], "after": null, "before": null}}, {"kind": "Listing", "data": {"modhash": "", "dist": null, "children": [{"kind": "t1", "data": {"subreddit_id": "t5_2ssp3", "approved_at_utc": null, "ups": 4, "mod_reason_by": null, "banned_by": null, "author_flair_type": "richtext", "removal_reason": null, "link_id": "t3_7gsegj", "author_flair_template_id": null, "likes": null, "no_follow": true, "replies": {"kind": "Listing", "data": {"modhash": "", "dist": null, "children": [{"kind": "t1", "data": {"subreddit_id": "t5_2ssp3", "approved_at_utc": null, "ups": 1, "mod_reason_by": null, "banned_by": null, "author_flair_type": "text", "removal_reason": null, "link_id": "t3_7gsegj", "author_flair_template_id": null, "likes": null, "no_follow": true, "replies": "", "user_reports": [], "saved": false, "id": "dqm1hts", "banned_at_utc": null, "mod_reason_title": null, "gilded": 0, "archived": true, "report_reasons": null, "author": "conceptalbum", "can_mod_post": false, "send_replies": true, "parent_id": "t1_dqli7sk", "score": 1, "approved_by": null, "downs": 0, "body": "Apologies for the small bit of pedantry, but \n\n&gt; 1200 families isn't an significant number of people,\n\nMissing an *in* there? ", "edited": false, "author_flair_css_class": null, "collapsed": false, "author_flair_richtext": [], "is_submitter": false, "collapsed_reason": null, "body_html": "&lt;div class=\"md\"&gt;&lt;p&gt;Apologies for the small bit of pedantry, but &lt;/p&gt;\n\n&lt;blockquote&gt;\n&lt;p&gt;1200 families isn&amp;#39;t an significant number of people,&lt;/p&gt;\n&lt;/blockquote&gt;\n\n&lt;p&gt;Missing an &lt;em&gt;in&lt;/em&gt; there? &lt;/p&gt;\n&lt;/div&gt;", "stickied": false, "subreddit_type": "public", "can_gild": true, "subreddit": "AskHistorians", "author_flair_text_color": null, "score_hidden": false, "permalink": "/r/AskHistorians/comments/7gsegj/was_c\u00e6dwalla_of_wessex_responsible_for_genocide/dqm1hts/", "num_reports": null, "name": "t1_dqm1hts", "created": 1512171797.0, "author_flair_text": null, "rte_mode": "markdown", "created_utc": 1512142997.0, "subreddit_name_prefixed": "r/AskHistorians", "controversiality": 0, "depth": 1, "author_flair_background_color": null, "mod_reports": [], "mod_note": null, "distinguished": null}}], "after": null, "before": null}}, "user_reports": [], "saved": false, "id": "dqli7sk", "banned_at_utc": null, "mod_reason_title": null, "gilded": 0, "archived": true, "report_reasons": null, "author": "Steelcan909", "can_mod_post": false, "send_replies": true, "parent_id": "t3_7gsegj", "score": 4, "approved_by": null, "downs": 0, "body": "This is coming from Bede's *Historia Ecclesiastica Gentis Anglorum*, and it was a part of the Christianization of the Anglo-Saxons. \n\nAccording to Bede's history, the Isle of Wight was one of the last remaining Anglo-Saxon kingdoms that was pagan.  The King C\u00e6dwalla conquered the island from the king Arwald and supposedly put all of the inhabitants to the sword because of their pagan ways.  Save two royal youths who were baptized before being executed.\n\nNow it is really quite impossible to quantify these claims.  Bede is writing after the fact, and as a Christian monk is not exactly an unbiased source.  Of course by the same token, his claims cannot be dismissed outright.  He was not writing *that* long after these events, they would have been in living memory of some people, whether Bede ever met such a person and interviewed them is another matter.\n\nThis is the relevant passage\n\n&gt;After C\u00e6dwalla had possessed himself of the kingdom of the Gewissae, he also took the Isle of Wight, which till then was entirely given over to idolatry, and by cruel slaughter endeavoured to destroy all the inhabitants thereof, and to place in their stead people from his own province; having bound himself by a vow, though he was not yet, as is reported, regenerated in Christ, to give the fourth part of the land, and of the booty, to our Lord, if he took the island, which he performed by giving the same for our Lord to the use of Bishop Wilfred, who happened at the time to have accidentally come thither out of his own nation. The measure of that island, according to the computation of the English, is of twelve hundred families, and accordingly the bishop had given him land of three hundred families.\n\nNow, this seems to have been a pretty small kingdom.  1200 families isn't an significant number of people, but its hardly a massive population.  \n\nNow the passage seems to indicate that either there was a large influx of Christian families to replace the slaughtered pagans or that not all the pagans were slaughtered and they were converted.  Unfortunately there isn't really a whole lot to go on outside of Bede for this.  \n\nSo take that information for what you will.  \n\n___\nSources,\n\nBede's, *Historia Ecclesiastica Gentis Anglorum* from Fordham Sourcebooks (if you want the link to the entire work I'll provide it)\n\n", "edited": false, "author_flair_css_class": "europe", "collapsed": false, "author_flair_richtext": [{"e": "text", "t": "England and Scandinavia c.600-1066"}], "is_submitter": false, "collapsed_reason": null, "body_html": "&lt;div class=\"md\"&gt;&lt;p&gt;This is coming from Bede&amp;#39;s &lt;em&gt;Historia Ecclesiastica Gentis Anglorum&lt;/em&gt;, and it was a part of the Christianization of the Anglo-Saxons. &lt;/p&gt;\n\n&lt;p&gt;According to Bede&amp;#39;s history, the Isle of Wight was one of the last remaining Anglo-Saxon kingdoms that was pagan.  The King C\u00e6dwalla conquered the island from the king Arwald and supposedly put all of the inhabitants to the sword because of their pagan ways.  Save two royal youths who were baptized before being executed.&lt;/p&gt;\n\n&lt;p&gt;Now it is really quite impossible to quantify these claims.  Bede is writing after the fact, and as a Christian monk is not exactly an unbiased source.  Of course by the same token, his claims cannot be dismissed outright.  He was not writing &lt;em&gt;that&lt;/em&gt; long after these events, they would have been in living memory of some people, whether Bede ever met such a person and interviewed them is another matter.&lt;/p&gt;\n\n&lt;p&gt;This is the relevant passage&lt;/p&gt;\n\n&lt;blockquote&gt;\n&lt;p&gt;After C\u00e6dwalla had possessed himself of the kingdom of the Gewissae, he also took the Isle of Wight, which till then was entirely given over to idolatry, and by cruel slaughter endeavoured to destroy all the inhabitants thereof, and to place in their stead people from his own province; having bound himself by a vow, though he was not yet, as is reported, regenerated in Christ, to give the fourth part of the land, and of the booty, to our Lord, if he took the island, which he performed by giving the same for our Lord to the use of Bishop Wilfred, who happened at the time to have accidentally come thither out of his own nation. The measure of that island, according to the computation of the English, is of twelve hundred families, and accordingly the bishop had given him land of three hundred families.&lt;/p&gt;\n&lt;/blockquote&gt;\n\n&lt;p&gt;Now, this seems to have been a pretty small kingdom.  1200 families isn&amp;#39;t an significant number of people, but its hardly a massive population.  &lt;/p&gt;\n\n&lt;p&gt;Now the passage seems to indicate that either there was a large influx of Christian families to replace the slaughtered pagans or that not all the pagans were slaughtered and they were converted.  Unfortunately there isn&amp;#39;t really a whole lot to go on outside of Bede for this.  &lt;/p&gt;\n\n&lt;p&gt;So take that information for what you will.  &lt;/p&gt;\n\n&lt;hr/&gt;\n\n&lt;p&gt;Sources,&lt;/p&gt;\n\n&lt;p&gt;Bede&amp;#39;s, &lt;em&gt;Historia Ecclesiastica Gentis Anglorum&lt;/em&gt; from Fordham Sourcebooks (if you want the link to the entire work I&amp;#39;ll provide it)&lt;/p&gt;\n&lt;/div&gt;", "stickied": false, "subreddit_type": "public", "can_gild": true, "subreddit": "AskHistorians", "author_flair_text_color": "dark", "score_hidden": false, "permalink": "/r/AskHistorians/comments/7gsegj/was_c\u00e6dwalla_of_wessex_responsible_for_genocide/dqli7sk/", "num_reports": null, "name": "t1_dqli7sk", "created": 1512135748.0, "author_flair_text": "England and Scandinavia c.600-1066", "rte_mode": "markdown", "created_utc": 1512106948.0, "subreddit_name_prefixed": "r/AskHistorians", "controversiality": 0, "depth": 0, "author_flair_background_color": "", "mod_reports": [], "mod_note": null, "distinguished": null}}], "after": null, "before": null}}]