[{"kind": "Listing", "data": {"modhash": "", "dist": 1, "children": [{"kind": "t3", "data": {"approved_at_utc": null, "subreddit": "AskHistorians", "selftext": "This rather wild claim comes from the book *What If? 2*, edited by Robert Cowley. The specific passage is on page 355 in the chapter *The F\u00fchrer in the Dock* by Roger Spiller. In context, it reads\n\n&gt; Unknown to Hitler, Himmler had entered into secret negotiations with Sweden\u2019s Count Bernadotte for a separate peace with the Western Allies [in late April of 1945]. If anything, Himmler was even less in touch with reality than his leader. Presenting himself to Bernadotte as \u201cthe only sane man left in Europe,\u201d Himmler was at the same time considering how to colonize the Ukraine with a religious sect that had been brought to his attention by his masseur. Of course, the Allies were in no mood to entertain any alternative to unconditional surrender, and Himmler\u2019s negotiations went nowhere, except, late in the evening of April 28, to be announced by Reuters news service.\n\nThere\u2019s no citation on it, or on anything in the book for that matter since it\u2019s fairly fluffy pop history, but Spiller is a real historian (I know nothing about him except from the book\u2019s introduction so I\u2019m not necessarily claiming he\u2019s taken seriously by his colleagues, just that he does have academic qualifications) so I can\u2019t imagine he just made up the colonization thing out of whole cloth for flavour. \n\n(I asked this same question yesterday with a different title, but it didn't get any attention. I hope reposting is okay)", "user_reports": [], "saved": false, "mod_reason_title": null, "gilded": 0, "clicked": false, "title": "Did Heinrich Himmler really \u201cconsider how to colonize the Ukraine with a religious sect that had been brought to his attention by his masseur\u201d?", "link_flair_richtext": [], "subreddit_name_prefixed": "r/AskHistorians", "hidden": false, "pwls": 6, "link_flair_css_class": null, "downs": 0, "parent_whitelist_status": "all_ads", "hide_score": false, "name": "t3_7gucwu", "quarantine": false, "link_flair_text_color": "dark", "upvote_ratio": 0.77, "author_flair_background_color": null, "subreddit_type": "public", "ups": 5, "domain": "self.AskHistorians", "media_embed": {}, "author_flair_template_id": null, "is_original_content": false, "secure_media": null, "is_reddit_media_domain": false, "category": null, "secure_media_embed": {}, "link_flair_text": null, "can_mod_post": false, "score": 5, "approved_by": null, "thumbnail": "", "edited": false, "author_flair_css_class": null, "author_flair_richtext": [], "content_categories": null, "is_self": true, "mod_note": null, "created": 1512155661.0, "link_flair_type": "text", "wls": 6, "post_categories": null, "banned_by": null, "author_flair_type": "text", "contest_mode": false, "selftext_html": "&lt;!-- SC_OFF --&gt;&lt;div class=\"md\"&gt;&lt;p&gt;This rather wild claim comes from the book &lt;em&gt;What If? 2&lt;/em&gt;, edited by Robert Cowley. The specific passage is on page 355 in the chapter &lt;em&gt;The F\u00fchrer in the Dock&lt;/em&gt; by Roger Spiller. In context, it reads&lt;/p&gt;\n\n&lt;blockquote&gt;\n&lt;p&gt;Unknown to Hitler, Himmler had entered into secret negotiations with Sweden\u2019s Count Bernadotte for a separate peace with the Western Allies [in late April of 1945]. If anything, Himmler was even less in touch with reality than his leader. Presenting himself to Bernadotte as \u201cthe only sane man left in Europe,\u201d Himmler was at the same time considering how to colonize the Ukraine with a religious sect that had been brought to his attention by his masseur. Of course, the Allies were in no mood to entertain any alternative to unconditional surrender, and Himmler\u2019s negotiations went nowhere, except, late in the evening of April 28, to be announced by Reuters news service.&lt;/p&gt;\n&lt;/blockquote&gt;\n\n&lt;p&gt;There\u2019s no citation on it, or on anything in the book for that matter since it\u2019s fairly fluffy pop history, but Spiller is a real historian (I know nothing about him except from the book\u2019s introduction so I\u2019m not necessarily claiming he\u2019s taken seriously by his colleagues, just that he does have academic qualifications) so I can\u2019t imagine he just made up the colonization thing out of whole cloth for flavour. &lt;/p&gt;\n\n&lt;p&gt;(I asked this same question yesterday with a different title, but it didn&amp;#39;t get any attention. I hope reposting is okay)&lt;/p&gt;\n&lt;/div&gt;&lt;!-- SC_ON --&gt;", "likes": null, "suggested_sort": null, "banned_at_utc": null, "view_count": null, "archived": true, "no_follow": false, "is_crosspostable": false, "pinned": false, "over_18": false, "media_only": false, "can_gild": false, "spoiler": false, "locked": false, "author_flair_text": null, "rte_mode": "markdown", "visited": false, "num_reports": null, "distinguished": null, "subreddit_id": "t5_2ssp3", "mod_reason_by": null, "removal_reason": null, "id": "7gucwu", "report_reasons": null, "author": "i_post_gibberish", "num_crossposts": 0, "num_comments": 3, "send_replies": true, "mod_reports": [], "author_flair_text_color": null, "permalink": "/r/AskHistorians/comments/7gucwu/did_heinrich_himmler_really_consider_how_to/", "whitelist_status": "all_ads", "stickied": false, "url": "https://www.reddit.com/r/AskHistorians/comments/7gucwu/did_heinrich_himmler_really_consider_how_to/", "subreddit_subscribers": 771322, "created_utc": 1512126861.0, "media": null, "is_video": false}}], "after": null, "before": null}}, {"kind": "Listing", "data": {"modhash": "", "dist": null, "children": [{"kind": "t1", "data": {"subreddit_id": "t5_2ssp3", "approved_at_utc": null, "ups": 8, "mod_reason_by": null, "banned_by": null, "author_flair_type": "richtext", "removal_reason": null, "link_id": "t3_7gucwu", "author_flair_template_id": "7b2f3f40-c626-11e2-9a3e-12313d1841d1", "likes": null, "no_follow": false, "replies": {"kind": "Listing", "data": {"modhash": "", "dist": null, "children": [{"kind": "t1", "data": {"subreddit_id": "t5_2ssp3", "approved_at_utc": null, "ups": 5, "mod_reason_by": null, "banned_by": null, "author_flair_type": "text", "removal_reason": null, "link_id": "t3_7gucwu", "author_flair_template_id": null, "likes": null, "no_follow": false, "replies": {"kind": "Listing", "data": {"modhash": "", "dist": null, "children": [{"kind": "t1", "data": {"subreddit_id": "t5_2ssp3", "approved_at_utc": null, "ups": 4, "mod_reason_by": null, "banned_by": null, "author_flair_type": "richtext", "removal_reason": null, "link_id": "t3_7gucwu", "author_flair_template_id": "7b2f3f40-c626-11e2-9a3e-12313d1841d1", "likes": null, "no_follow": false, "replies": "", "user_reports": [], "saved": false, "id": "dqlvaxa", "banned_at_utc": null, "mod_reason_title": null, "gilded": 0, "archived": true, "report_reasons": null, "author": "commiespaceinvader", "can_mod_post": false, "send_replies": true, "parent_id": "t1_dqlv8y0", "score": 4, "approved_by": null, "downs": 0, "body": "Don't worry about the gold :)\n\nThank you for your kind words!", "edited": false, "author_flair_css_class": "europe", "collapsed": false, "author_flair_richtext": [{"e": "text", "t": "Moderator | Holocaust | Nazi Germany | Wehrmacht War Crimes"}], "is_submitter": false, "collapsed_reason": null, "body_html": "&lt;div class=\"md\"&gt;&lt;p&gt;Don&amp;#39;t worry about the gold :)&lt;/p&gt;\n\n&lt;p&gt;Thank you for your kind words!&lt;/p&gt;\n&lt;/div&gt;", "stickied": false, "subreddit_type": "public", "can_gild": true, "subreddit": "AskHistorians", "author_flair_text_color": "light", "score_hidden": false, "permalink": "/r/AskHistorians/comments/7gucwu/did_heinrich_himmler_really_consider_how_to/dqlvaxa/", "num_reports": null, "name": "t1_dqlvaxa", "created": 1512164642.0, "author_flair_text": "Moderator | Holocaust | Nazi Germany | Wehrmacht War Crimes", "rte_mode": "markdown", "created_utc": 1512135842.0, "subreddit_name_prefixed": "r/AskHistorians", "controversiality": 0, "depth": 2, "author_flair_background_color": "#003399", "mod_reports": [], "mod_note": null, "distinguished": null}}], "after": null, "before": null}}, "user_reports": [], "saved": false, "id": "dqlv8y0", "banned_at_utc": null, "mod_reason_title": null, "gilded": 0, "archived": true, "report_reasons": null, "author": "i_post_gibberish", "can_mod_post": false, "send_replies": true, "parent_id": "t1_dqlubai", "score": 5, "approved_by": null, "downs": 0, "body": "Thank you! This isn't the first time I've gotten an in-depth answer for a relatively obscure and not highly upvoted question here, and I can't express how grateful I am that this community exists and that you and all the other flaired users are willing to put so much time and effort into sharing your knowledge with the world. If I wasn't a poor student I'd gild you.", "edited": false, "author_flair_css_class": null, "collapsed": false, "author_flair_richtext": [], "is_submitter": true, "collapsed_reason": null, "body_html": "&lt;div class=\"md\"&gt;&lt;p&gt;Thank you! This isn&amp;#39;t the first time I&amp;#39;ve gotten an in-depth answer for a relatively obscure and not highly upvoted question here, and I can&amp;#39;t express how grateful I am that this community exists and that you and all the other flaired users are willing to put so much time and effort into sharing your knowledge with the world. If I wasn&amp;#39;t a poor student I&amp;#39;d gild you.&lt;/p&gt;\n&lt;/div&gt;", "stickied": false, "subreddit_type": "public", "can_gild": true, "subreddit": "AskHistorians", "author_flair_text_color": null, "score_hidden": false, "permalink": "/r/AskHistorians/comments/7gucwu/did_heinrich_himmler_really_consider_how_to/dqlv8y0/", "num_reports": null, "name": "t1_dqlv8y0", "created": 1512164562.0, "author_flair_text": null, "rte_mode": "markdown", "created_utc": 1512135762.0, "subreddit_name_prefixed": "r/AskHistorians", "controversiality": 0, "depth": 1, "author_flair_background_color": null, "mod_reports": [], "mod_note": null, "distinguished": null}}], "after": null, "before": null}}, "user_reports": [], "saved": false, "id": "dqlubai", "banned_at_utc": null, "mod_reason_title": null, "gilded": 0, "archived": true, "report_reasons": null, "author": "commiespaceinvader", "can_mod_post": false, "send_replies": true, "parent_id": "t3_7gucwu", "score": 8, "approved_by": null, "downs": 0, "body": "The information Roger Spiller presents here comes from Hugh Trevor-Roper's *The Last Days of Hitler*:\n\n&gt; Even in April 1945, when the whole Reich was tumbling in ruins, Himmler was contemplating the colonization of the Ukraine with a new religious sect, recommended by his masseur, and in conversation with Count Bernadotte (having just maintained he was the only sane man left in Germany), interrupted the discussion of war and peace to digress for an hour about runes.\n\nTrevor-Roper footnotes the sect part with \"Information from Schellenberg\". Roper's book is based on the report he was commissioned for by the British government investigating the death of Adolf Hitler. He was a historian serving in the army at the time and since the Soviets did not release information about Hitler's body and there were a lot of rumors going around, the Western Allies decided to investigate and chose Trevor-Roper for the job. That's why he interviewed the likes of Schellenberg and others.\n\nHowever, neither the information on his consideration of a religious sect for the colonization of Ukraine nor his digression on runes when talking to Bernadotte (which Ropers cites as having come from Speer) can be confirmed through other sources. There is no document from April 1945 on this supposed plan for colonization nor is it mentioned anywhere in the documents of Himmler's meetings with Bernadotte that he digressed on runes for an hour.\n\nIt was indeed Himmler's masseur, Felix Kersten, who lived in Sweden at that point in time that made the initial contact between the Swedish government, Bernadotte, Hillel Storch of the Jewish Wolrd Congress, and Himmler. Initial negotiations resulted in Himmler ordering the release of 20.000 Scandinavian Concentration Camp inmates as a show of good will and made further promises about stopping the killing of Jews and freeing some of them. Himmler's tactic was to buy good will with the lives of Jews imprisoned by the Nazis.\n\nWhat he wanted in exchange for that was that the Swedish government help negotiate a separate peace with the Western Allies. Bernadotte said this was unrealistic but nonetheless informed the British and American ambassadors of the offer.  The Western powers rejected said offer and published it in the press, which lead Hitler to throw Himmler out of the party and SS one day before his suicide.\n\nI consider this whole anecdote unreliable. No major Himmler biography that is up to an academic standard, such as Peter Longerich's recent one, makes mention of it and Trevor-Roper's sources are uncheckable (we have no idea what information Schellenberg and Speer gave him) and can not be exactly considered reliable when taking into account the situation. Schellenberg and Speer both were really busy at the time to distance themselves from the Nazi regime in order to prevent being sentenced for the crimes they committed and they were both realtively successful seeing as how light they got off. Schellenberg especially who tended to play up his own role in peace negotiations (leading historian Robert Gerwarth calling his autobiography \"unreliable\") had a vested interest in portraying themselves in a positive light vis \u00e1 vis Himmler et. al.\n\nAdditionally, all indications point to Himmler at that time being hyper aware of the state of things. The promises he made to Bernadotte and that he sought him out in the first place are a good indication for that.\n\nIn this sense, I'd take this whole thing with a grain of salt and while not impossible, it is unlikely that this was really the case.", "edited": false, "author_flair_css_class": "europe", "collapsed": false, "author_flair_richtext": [{"e": "text", "t": "Moderator | Holocaust | Nazi Germany | Wehrmacht War Crimes"}], "is_submitter": false, "collapsed_reason": null, "body_html": "&lt;div class=\"md\"&gt;&lt;p&gt;The information Roger Spiller presents here comes from Hugh Trevor-Roper&amp;#39;s &lt;em&gt;The Last Days of Hitler&lt;/em&gt;:&lt;/p&gt;\n\n&lt;blockquote&gt;\n&lt;p&gt;Even in April 1945, when the whole Reich was tumbling in ruins, Himmler was contemplating the colonization of the Ukraine with a new religious sect, recommended by his masseur, and in conversation with Count Bernadotte (having just maintained he was the only sane man left in Germany), interrupted the discussion of war and peace to digress for an hour about runes.&lt;/p&gt;\n&lt;/blockquote&gt;\n\n&lt;p&gt;Trevor-Roper footnotes the sect part with &amp;quot;Information from Schellenberg&amp;quot;. Roper&amp;#39;s book is based on the report he was commissioned for by the British government investigating the death of Adolf Hitler. He was a historian serving in the army at the time and since the Soviets did not release information about Hitler&amp;#39;s body and there were a lot of rumors going around, the Western Allies decided to investigate and chose Trevor-Roper for the job. That&amp;#39;s why he interviewed the likes of Schellenberg and others.&lt;/p&gt;\n\n&lt;p&gt;However, neither the information on his consideration of a religious sect for the colonization of Ukraine nor his digression on runes when talking to Bernadotte (which Ropers cites as having come from Speer) can be confirmed through other sources. There is no document from April 1945 on this supposed plan for colonization nor is it mentioned anywhere in the documents of Himmler&amp;#39;s meetings with Bernadotte that he digressed on runes for an hour.&lt;/p&gt;\n\n&lt;p&gt;It was indeed Himmler&amp;#39;s masseur, Felix Kersten, who lived in Sweden at that point in time that made the initial contact between the Swedish government, Bernadotte, Hillel Storch of the Jewish Wolrd Congress, and Himmler. Initial negotiations resulted in Himmler ordering the release of 20.000 Scandinavian Concentration Camp inmates as a show of good will and made further promises about stopping the killing of Jews and freeing some of them. Himmler&amp;#39;s tactic was to buy good will with the lives of Jews imprisoned by the Nazis.&lt;/p&gt;\n\n&lt;p&gt;What he wanted in exchange for that was that the Swedish government help negotiate a separate peace with the Western Allies. Bernadotte said this was unrealistic but nonetheless informed the British and American ambassadors of the offer.  The Western powers rejected said offer and published it in the press, which lead Hitler to throw Himmler out of the party and SS one day before his suicide.&lt;/p&gt;\n\n&lt;p&gt;I consider this whole anecdote unreliable. No major Himmler biography that is up to an academic standard, such as Peter Longerich&amp;#39;s recent one, makes mention of it and Trevor-Roper&amp;#39;s sources are uncheckable (we have no idea what information Schellenberg and Speer gave him) and can not be exactly considered reliable when taking into account the situation. Schellenberg and Speer both were really busy at the time to distance themselves from the Nazi regime in order to prevent being sentenced for the crimes they committed and they were both realtively successful seeing as how light they got off. Schellenberg especially who tended to play up his own role in peace negotiations (leading historian Robert Gerwarth calling his autobiography &amp;quot;unreliable&amp;quot;) had a vested interest in portraying themselves in a positive light vis \u00e1 vis Himmler et. al.&lt;/p&gt;\n\n&lt;p&gt;Additionally, all indications point to Himmler at that time being hyper aware of the state of things. The promises he made to Bernadotte and that he sought him out in the first place are a good indication for that.&lt;/p&gt;\n\n&lt;p&gt;In this sense, I&amp;#39;d take this whole thing with a grain of salt and while not impossible, it is unlikely that this was really the case.&lt;/p&gt;\n&lt;/div&gt;", "stickied": false, "subreddit_type": "public", "can_gild": true, "subreddit": "AskHistorians", "author_flair_text_color": "light", "score_hidden": false, "permalink": "/r/AskHistorians/comments/7gucwu/did_heinrich_himmler_really_consider_how_to/dqlubai/", "num_reports": null, "name": "t1_dqlubai", "created": 1512163118.0, "author_flair_text": "Moderator | Holocaust | Nazi Germany | Wehrmacht War Crimes", "rte_mode": "markdown", "created_utc": 1512134318.0, "subreddit_name_prefixed": "r/AskHistorians", "controversiality": 0, "depth": 0, "author_flair_background_color": "#003399", "mod_reports": [], "mod_note": null, "distinguished": null}}], "after": null, "before": null}}]