[{"kind": "Listing", "data": {"modhash": "", "dist": 1, "children": [{"kind": "t3", "data": {"approved_at_utc": null, "subreddit": "AskHistorians", "selftext": "[removed]", "user_reports": [], "saved": false, "mod_reason_title": null, "gilded": 0, "clicked": false, "title": "Not including alcohol, what was the first date rape drug?", "link_flair_richtext": [], "subreddit_name_prefixed": "r/AskHistorians", "hidden": false, "pwls": 6, "link_flair_css_class": null, "downs": 0, "parent_whitelist_status": "all_ads", "hide_score": false, "name": "t3_7gvg8b", "quarantine": false, "link_flair_text_color": "dark", "upvote_ratio": 0.66, "author_flair_background_color": null, "subreddit_type": "public", "ups": 1, "domain": "self.AskHistorians", "media_embed": {}, "author_flair_template_id": null, "is_original_content": false, "secure_media": null, "is_reddit_media_domain": false, "category": null, "secure_media_embed": {}, "link_flair_text": null, "can_mod_post": false, "score": 1, "approved_by": null, "thumbnail": "", "edited": false, "author_flair_css_class": null, "author_flair_richtext": [], "content_categories": null, "is_self": true, "mod_note": null, "created": 1512168839.0, "link_flair_type": "text", "wls": 6, "post_categories": null, "banned_by": null, "author_flair_type": "text", "contest_mode": false, "selftext_html": "&lt;!-- SC_OFF --&gt;&lt;div class=\"md\"&gt;&lt;p&gt;[removed]&lt;/p&gt;\n&lt;/div&gt;&lt;!-- SC_ON --&gt;", "likes": null, "suggested_sort": null, "banned_at_utc": null, "view_count": null, "archived": true, "no_follow": true, "is_crosspostable": false, "pinned": false, "over_18": false, "media_only": false, "can_gild": false, "spoiler": false, "locked": false, "author_flair_text": null, "rte_mode": "markdown", "visited": false, "num_reports": null, "distinguished": null, "subreddit_id": "t5_2ssp3", "mod_reason_by": null, "removal_reason": null, "id": "7gvg8b", "report_reasons": null, "author": "Lil_Porkchop", "num_crossposts": 0, "num_comments": 1, "send_replies": true, "mod_reports": [], "author_flair_text_color": null, "permalink": "/r/AskHistorians/comments/7gvg8b/not_including_alcohol_what_was_the_first_date/", "whitelist_status": "all_ads", "stickied": false, "url": "https://www.reddit.com/r/AskHistorians/comments/7gvg8b/not_including_alcohol_what_was_the_first_date/", "subreddit_subscribers": 771321, "created_utc": 1512140039.0, "media": null, "is_video": false}}], "after": null, "before": null}}, {"kind": "Listing", "data": {"modhash": "", "dist": null, "children": [{"kind": "t1", "data": {"subreddit_id": "t5_2ssp3", "approved_at_utc": null, "ups": 1, "mod_reason_by": null, "banned_by": null, "author_flair_type": "richtext", "removal_reason": null, "link_id": "t3_7gvg8b", "author_flair_template_id": null, "likes": null, "no_follow": true, "replies": "", "user_reports": [], "saved": false, "id": "dqlzapp", "banned_at_utc": null, "mod_reason_title": null, "gilded": 0, "archived": true, "report_reasons": null, "author": "Elm11", "can_mod_post": false, "send_replies": true, "parent_id": "t3_7gvg8b", "score": 1, "approved_by": null, "downs": 0, "body": "I'm sorry, but we don't allow 'First'/'Last' questions on /r/AskHistorians, and so we have removed this submission. It's not that the question is bad; it is simply that, given the rules of this subreddit, these types of questions are ill-suited to its format. We've found that they tend to get responses along the lines of \"the first/last example *I know of*,\" or else many short, speculative responses in the case that the answer went unrecorded. This results in many removed comments, and very few answered threads.\n\nIf this is a question you still are interested in a response to though, you have options!\n\n* Consider the core of the question to rephrase and resubmit. Instead of asking, for instance, \"Who was the first person killed by a firearm?\", try \"What do we know about the early development and use of firearms?\". Asking about origins, developments, or declines is more likely to get in-depth, knowledgeable answers.\n\n* Every other Wednesday we run a \"[Short Answers to Simple Questions](/r/AskHistorians/search?q=flair_css_class%3Afeature+short+answers+simple+questions&amp;restrict_sr=on&amp;sort=new&amp;t=all)\", and if you can hang on to your question until then, it can likely fit unchanged.\n\n* Finally, you could also try submitting your question to /r/History or /r/AskHistory, which doesn't have submission criteria quite as strict.\n\nThank you for understanding!", "edited": false, "author_flair_css_class": "moderator", "collapsed": false, "author_flair_richtext": [{"e": "text", "t": "Moderator | Quality Contributor"}], "is_submitter": false, "collapsed_reason": null, "body_html": "&lt;div class=\"md\"&gt;&lt;p&gt;I&amp;#39;m sorry, but we don&amp;#39;t allow &amp;#39;First&amp;#39;/&amp;#39;Last&amp;#39; questions on &lt;a href=\"/r/AskHistorians\"&gt;/r/AskHistorians&lt;/a&gt;, and so we have removed this submission. It&amp;#39;s not that the question is bad; it is simply that, given the rules of this subreddit, these types of questions are ill-suited to its format. We&amp;#39;ve found that they tend to get responses along the lines of &amp;quot;the first/last example &lt;em&gt;I know of&lt;/em&gt;,&amp;quot; or else many short, speculative responses in the case that the answer went unrecorded. This results in many removed comments, and very few answered threads.&lt;/p&gt;\n\n&lt;p&gt;If this is a question you still are interested in a response to though, you have options!&lt;/p&gt;\n\n&lt;ul&gt;\n&lt;li&gt;&lt;p&gt;Consider the core of the question to rephrase and resubmit. Instead of asking, for instance, &amp;quot;Who was the first person killed by a firearm?&amp;quot;, try &amp;quot;What do we know about the early development and use of firearms?&amp;quot;. Asking about origins, developments, or declines is more likely to get in-depth, knowledgeable answers.&lt;/p&gt;&lt;/li&gt;\n&lt;li&gt;&lt;p&gt;Every other Wednesday we run a &amp;quot;&lt;a href=\"/r/AskHistorians/search?q=flair_css_class%3Afeature+short+answers+simple+questions&amp;amp;restrict_sr=on&amp;amp;sort=new&amp;amp;t=all\"&gt;Short Answers to Simple Questions&lt;/a&gt;&amp;quot;, and if you can hang on to your question until then, it can likely fit unchanged.&lt;/p&gt;&lt;/li&gt;\n&lt;li&gt;&lt;p&gt;Finally, you could also try submitting your question to &lt;a href=\"/r/History\"&gt;/r/History&lt;/a&gt; or &lt;a href=\"/r/AskHistory\"&gt;/r/AskHistory&lt;/a&gt;, which doesn&amp;#39;t have submission criteria quite as strict.&lt;/p&gt;&lt;/li&gt;\n&lt;/ul&gt;\n\n&lt;p&gt;Thank you for understanding!&lt;/p&gt;\n&lt;/div&gt;", "stickied": false, "subreddit_type": "public", "can_gild": true, "subreddit": "AskHistorians", "author_flair_text_color": null, "score_hidden": false, "permalink": "/r/AskHistorians/comments/7gvg8b/not_including_alcohol_what_was_the_first_date/dqlzapp/", "num_reports": null, "name": "t1_dqlzapp", "created": 1512169536.0, "author_flair_text": "Moderator | Quality Contributor", "rte_mode": "markdown", "created_utc": 1512140736.0, "subreddit_name_prefixed": "r/AskHistorians", "controversiality": 0, "depth": 0, "author_flair_background_color": null, "mod_reports": [], "mod_note": null, "distinguished": "moderator"}}], "after": null, "before": null}}]