[{"kind": "Listing", "data": {"modhash": "", "dist": 1, "children": [{"kind": "t3", "data": {"approved_at_utc": null, "subreddit": "AskHistorians", "selftext": "So when I was in high school (in Germany) there was this history \"fun fact\" my history teacher once told us:\n\nat some point in history there was a Belgian emperor, who had a crown made out of aluminium, because back then it was really expensive and seen as worthy of a royal.\n\nIs this true?", "user_reports": [], "saved": false, "mod_reason_title": null, "gilded": 0, "clicked": false, "title": "Aluminium crown", "link_flair_richtext": [], "subreddit_name_prefixed": "r/AskHistorians", "hidden": false, "pwls": 6, "link_flair_css_class": null, "downs": 0, "parent_whitelist_status": "all_ads", "hide_score": false, "name": "t3_7gwmgp", "quarantine": false, "link_flair_text_color": "dark", "upvote_ratio": 0.62, "author_flair_background_color": null, "subreddit_type": "public", "ups": 3, "domain": "self.AskHistorians", "media_embed": {}, "author_flair_template_id": null, "is_original_content": false, "secure_media": null, "is_reddit_media_domain": false, "category": null, "secure_media_embed": {}, "link_flair_text": null, "can_mod_post": false, "score": 3, "approved_by": null, "thumbnail": "", "edited": false, "author_flair_css_class": null, "author_flair_richtext": [], "content_categories": null, "is_self": true, "mod_note": null, "created": 1512178949.0, "link_flair_type": "text", "wls": 6, "post_categories": null, "banned_by": null, "author_flair_type": "text", "contest_mode": false, "selftext_html": "&lt;!-- SC_OFF --&gt;&lt;div class=\"md\"&gt;&lt;p&gt;So when I was in high school (in Germany) there was this history &amp;quot;fun fact&amp;quot; my history teacher once told us:&lt;/p&gt;\n\n&lt;p&gt;at some point in history there was a Belgian emperor, who had a crown made out of aluminium, because back then it was really expensive and seen as worthy of a royal.&lt;/p&gt;\n\n&lt;p&gt;Is this true?&lt;/p&gt;\n&lt;/div&gt;&lt;!-- SC_ON --&gt;", "likes": null, "suggested_sort": null, "banned_at_utc": null, "view_count": null, "archived": true, "no_follow": false, "is_crosspostable": false, "pinned": false, "over_18": false, "media_only": false, "can_gild": false, "spoiler": false, "locked": false, "author_flair_text": null, "rte_mode": "markdown", "visited": false, "num_reports": null, "distinguished": null, "subreddit_id": "t5_2ssp3", "mod_reason_by": null, "removal_reason": null, "id": "7gwmgp", "report_reasons": null, "author": "serifDE", "num_crossposts": 0, "num_comments": 4, "send_replies": true, "mod_reports": [], "author_flair_text_color": null, "permalink": "/r/AskHistorians/comments/7gwmgp/aluminium_crown/", "whitelist_status": "all_ads", "stickied": false, "url": "https://www.reddit.com/r/AskHistorians/comments/7gwmgp/aluminium_crown/", "subreddit_subscribers": 771320, "created_utc": 1512150149.0, "media": null, "is_video": false}}], "after": null, "before": null}}, {"kind": "Listing", "data": {"modhash": "", "dist": null, "children": [{"kind": "t1", "data": {"subreddit_id": "t5_2ssp3", "approved_at_utc": null, "ups": 2, "mod_reason_by": null, "banned_by": null, "author_flair_type": "text", "removal_reason": null, "link_id": "t3_7gwmgp", "author_flair_template_id": null, "likes": null, "no_follow": true, "replies": {"kind": "Listing", "data": {"modhash": "", "dist": null, "children": [{"kind": "t1", "data": {"subreddit_id": "t5_2ssp3", "approved_at_utc": null, "ups": 1, "mod_reason_by": null, "banned_by": null, "author_flair_type": "text", "removal_reason": null, "link_id": "t3_7gwmgp", "author_flair_template_id": null, "likes": null, "no_follow": true, "replies": {"kind": "Listing", "data": {"modhash": "", "dist": null, "children": [{"kind": "t1", "data": {"subreddit_id": "t5_2ssp3", "approved_at_utc": null, "ups": 2, "mod_reason_by": null, "banned_by": null, "author_flair_type": "text", "removal_reason": null, "link_id": "t3_7gwmgp", "author_flair_template_id": null, "likes": null, "no_follow": true, "replies": "", "user_reports": [], "saved": false, "id": "dqq9yts", "banned_at_utc": null, "mod_reason_title": null, "gilded": 0, "archived": true, "report_reasons": null, "author": "Bodark43", "can_mod_post": false, "send_replies": true, "parent_id": "t1_dqq02m6", "score": 2, "approved_by": null, "downs": 0, "body": "If you want to focus on the time frame, Leopold II looks a bit less likely than Louis Napoleon. Leopold's Congo empire was 1885-1909: aluminum ceased to be incredibly expensive with the invention of better refining technologies in 1889, so if you assume he was buying a crown with Congo money, it would have been  valuable for only about four years.  On the other hand, Louis Napoleon would be French emperor only until 1870 ( the battle of Sedan), and in that 15 years from the advent of the metal in 1855 to his exile aluminum would be quite precious.", "edited": false, "author_flair_css_class": null, "collapsed": false, "author_flair_richtext": [], "is_submitter": false, "collapsed_reason": null, "body_html": "&lt;div class=\"md\"&gt;&lt;p&gt;If you want to focus on the time frame, Leopold II looks a bit less likely than Louis Napoleon. Leopold&amp;#39;s Congo empire was 1885-1909: aluminum ceased to be incredibly expensive with the invention of better refining technologies in 1889, so if you assume he was buying a crown with Congo money, it would have been  valuable for only about four years.  On the other hand, Louis Napoleon would be French emperor only until 1870 ( the battle of Sedan), and in that 15 years from the advent of the metal in 1855 to his exile aluminum would be quite precious.&lt;/p&gt;\n&lt;/div&gt;", "stickied": false, "subreddit_type": "public", "can_gild": true, "subreddit": "AskHistorians", "author_flair_text_color": null, "score_hidden": false, "permalink": "/r/AskHistorians/comments/7gwmgp/aluminium_crown/dqq9yts/", "num_reports": null, "name": "t1_dqq9yts", "created": 1512381560.0, "author_flair_text": null, "rte_mode": "markdown", "created_utc": 1512352760.0, "subreddit_name_prefixed": "r/AskHistorians", "controversiality": 0, "depth": 2, "author_flair_background_color": null, "mod_reports": [], "mod_note": null, "distinguished": null}}], "after": null, "before": null}}, "user_reports": [], "saved": false, "id": "dqq02m6", "banned_at_utc": null, "mod_reason_title": null, "gilded": 0, "archived": true, "report_reasons": null, "author": "serifDE", "can_mod_post": false, "send_replies": true, "parent_id": "t1_dqp9ur5", "score": 1, "approved_by": null, "downs": 0, "body": "Thank you for your answer! \nthat was an interesting insight, and it seems there is a grain of truth in that fun fact although a crown might not have existed, but at least it's plausible. And I have a time frame and names where to look further", "edited": false, "author_flair_css_class": null, "collapsed": false, "author_flair_richtext": [], "is_submitter": true, "collapsed_reason": null, "body_html": "&lt;div class=\"md\"&gt;&lt;p&gt;Thank you for your answer! \nthat was an interesting insight, and it seems there is a grain of truth in that fun fact although a crown might not have existed, but at least it&amp;#39;s plausible. And I have a time frame and names where to look further&lt;/p&gt;\n&lt;/div&gt;", "stickied": false, "subreddit_type": "public", "can_gild": true, "subreddit": "AskHistorians", "author_flair_text_color": null, "score_hidden": false, "permalink": "/r/AskHistorians/comments/7gwmgp/aluminium_crown/dqq02m6/", "num_reports": null, "name": "t1_dqq02m6", "created": 1512369986.0, "author_flair_text": null, "rte_mode": "markdown", "created_utc": 1512341186.0, "subreddit_name_prefixed": "r/AskHistorians", "controversiality": 0, "depth": 1, "author_flair_background_color": null, "mod_reports": [], "mod_note": null, "distinguished": null}}], "after": null, "before": null}}, "user_reports": [], "saved": false, "id": "dqp9ur5", "banned_at_utc": null, "mod_reason_title": null, "gilded": 0, "archived": true, "report_reasons": null, "author": "Bodark43", "can_mod_post": false, "send_replies": true, "parent_id": "t3_7gwmgp", "score": 2, "approved_by": null, "downs": 0, "body": "After digging around a little- and hoping a Leopold biographer would stop by- I can say only that this is possible.  When Leopold ascended to the throne in 1865, aluminum was indeed a very expensive metal.  It could only be made by reducing alumina minerals with sodium, and that process ( discovered by Frenchman Henri Sainte-Claire Deville in 1855) was practical for only small amounts- kilos, not the tons later possible with electro-chemical reduction. And it's possible that decades later, after Leopold had acquired his Congo slave empire and began spending lavishly, an aluminum crown was one of the items he bought.  But I can't find a specific reference.\n\nHowever, an aluminum crown really does sound like something that French Emperor Louis Napoleon would have done. Napoleon was quite taken with aluminum, and gave a lot of support to Deville's laboratory.  In the Exposition Universale of Paris in 1855, Deville publicly placed an ingot of aluminum in Napoleon's hand, and the Emperor immediately commissioned a [baby rattle](http://www.gettyimages.com/detail/news-photo/the-aluminum-gold-baby-rattle-ordered-by-napoleon-iii-for-news-photo/526740082) to be made of it for his son.  He would later go on to talk of having curiasses made of aluminum for his cavalry: this  would have been very, very expensive, but then Louis Napoleon had a lot of hubris. An aluminum crown seems his style. Leopold , it seems like, would only have had some aluminum jewelry made for one of his mistresses.\n\nJules Guy:[Henri Sainte-Claire Deville, Sa Vie et Ses Travaux](https://babel.hathitrust.org/cgi/pt?id=uc1.b4253635;view=1up;seq=40) 1889", "edited": 1512312972.0, "author_flair_css_class": null, "collapsed": false, "author_flair_richtext": [], "is_submitter": false, "collapsed_reason": null, "body_html": "&lt;div class=\"md\"&gt;&lt;p&gt;After digging around a little- and hoping a Leopold biographer would stop by- I can say only that this is possible.  When Leopold ascended to the throne in 1865, aluminum was indeed a very expensive metal.  It could only be made by reducing alumina minerals with sodium, and that process ( discovered by Frenchman Henri Sainte-Claire Deville in 1855) was practical for only small amounts- kilos, not the tons later possible with electro-chemical reduction. And it&amp;#39;s possible that decades later, after Leopold had acquired his Congo slave empire and began spending lavishly, an aluminum crown was one of the items he bought.  But I can&amp;#39;t find a specific reference.&lt;/p&gt;\n\n&lt;p&gt;However, an aluminum crown really does sound like something that French Emperor Louis Napoleon would have done. Napoleon was quite taken with aluminum, and gave a lot of support to Deville&amp;#39;s laboratory.  In the Exposition Universale of Paris in 1855, Deville publicly placed an ingot of aluminum in Napoleon&amp;#39;s hand, and the Emperor immediately commissioned a &lt;a href=\"http://www.gettyimages.com/detail/news-photo/the-aluminum-gold-baby-rattle-ordered-by-napoleon-iii-for-news-photo/526740082\"&gt;baby rattle&lt;/a&gt; to be made of it for his son.  He would later go on to talk of having curiasses made of aluminum for his cavalry: this  would have been very, very expensive, but then Louis Napoleon had a lot of hubris. An aluminum crown seems his style. Leopold , it seems like, would only have had some aluminum jewelry made for one of his mistresses.&lt;/p&gt;\n\n&lt;p&gt;Jules Guy:&lt;a href=\"https://babel.hathitrust.org/cgi/pt?id=uc1.b4253635;view=1up;seq=40\"&gt;Henri Sainte-Claire Deville, Sa Vie et Ses Travaux&lt;/a&gt; 1889&lt;/p&gt;\n&lt;/div&gt;", "stickied": false, "subreddit_type": "public", "can_gild": true, "subreddit": "AskHistorians", "author_flair_text_color": null, "score_hidden": false, "permalink": "/r/AskHistorians/comments/7gwmgp/aluminium_crown/dqp9ur5/", "num_reports": null, "name": "t1_dqp9ur5", "created": 1512340547.0, "author_flair_text": null, "rte_mode": "markdown", "created_utc": 1512311747.0, "subreddit_name_prefixed": "r/AskHistorians", "controversiality": 0, "depth": 0, "author_flair_background_color": null, "mod_reports": [], "mod_note": null, "distinguished": null}}], "after": null, "before": null}}]