[{"kind": "Listing", "data": {"modhash": "", "dist": 1, "children": [{"kind": "t3", "data": {"subreddit_id": "t5_2ssp3", "approved_at_utc": null, "send_replies": true, "mod_reason_by": null, "banned_by": null, "removal_reason": null, "wls": 6, "subreddit": "AskHistorians", "selftext_html": "&lt;!-- SC_OFF --&gt;&lt;div class=\"md\"&gt;&lt;p&gt;I have just been reading briefly about McVeigh and some things surprised me. His writing is coherent and engaging compared to the ramblings of other infamous murderers - Gore Vidal seemingly takes it at face value. Further to this, McVeigh seems to have a workable grasp of political philosophy; he quotes several thinkers at different times.&lt;/p&gt;\n\n&lt;p&gt;This got me thinking: did having a white veteran of decent intellect writing withering criticisms of American policy from prison actually make a problem for the government (and the psyche of society in general)? Or was the narrative much more straight forward, of total hatred and revulsion, which automatically invalidated his pronouncements? &lt;/p&gt;\n&lt;/div&gt;&lt;!-- SC_ON --&gt;", "author_flair_template_id": null, "selftext": "I have just been reading briefly about McVeigh and some things surprised me. His writing is coherent and engaging compared to the ramblings of other infamous murderers - Gore Vidal seemingly takes it at face value. Further to this, McVeigh seems to have a workable grasp of political philosophy; he quotes several thinkers at different times.\n\nThis got me thinking: did having a white veteran of decent intellect writing withering criticisms of American policy from prison actually make a problem for the government (and the psyche of society in general)? Or was the narrative much more straight forward, of total hatred and revulsion, which automatically invalidated his pronouncements? ", "likes": null, "suggested_sort": null, "mod_note": null, "user_reports": [], "secure_media": null, "is_reddit_media_domain": false, "saved": false, "id": "745ddx", "banned_at_utc": null, "mod_reason_title": null, "view_count": null, "archived": true, "clicked": false, "no_follow": true, "author": "eeeeeep", "num_crossposts": 0, "link_flair_text": null, "can_mod_post": false, "is_crosspostable": false, "pinned": false, "score": 1, "approved_by": null, "over_18": false, "domain": "self.AskHistorians", "hidden": false, "pwls": 6, "thumbnail": "", "hide_score": false, "edited": false, "link_flair_css_class": null, "media_only": false, "author_flair_css_class": null, "contest_mode": false, "gilded": 0, "title": "How did American society rationalise the actions of Timothy McVeigh, given that he was a military veteran and apparently erudite? Were his criticisms a problem for the government?", "downs": 0, "secure_media_embed": {}, "media_embed": {}, "author_flair_text": null, "stickied": false, "can_gild": false, "is_self": true, "parent_whitelist_status": "all_ads", "name": "t3_745ddx", "spoiler": false, "permalink": "/r/AskHistorians/comments/745ddx/how_did_american_society_rationalise_the_actions/", "subreddit_type": "public", "locked": false, "report_reasons": null, "created": 1507113815.0, "url": "https://www.reddit.com/r/AskHistorians/comments/745ddx/how_did_american_society_rationalise_the_actions/", "whitelist_status": "all_ads", "quarantine": false, "subreddit_subscribers": 759253, "created_utc": 1507085015.0, "subreddit_name_prefixed": "r/AskHistorians", "distinguished": null, "media": null, "num_comments": 0, "upvote_ratio": 1.0, "mod_reports": [], "visited": false, "num_reports": null, "is_video": false, "ups": 1, "post_categories": null}}], "after": null, "before": null}}, {"kind": "Listing", "data": {"modhash": "", "dist": null, "children": [], "after": null, "before": null}}]