[{"kind": "Listing", "data": {"modhash": null, "dist": 1, "children": [{"kind": "t3", "data": {"author_flair_background_color": null, "approved_at_utc": null, "subreddit": "AskHistorians", "selftext": "My understanding of history, as an avid amateur, is that the trans-Sahara trade network was a pretty big deal, and really took off after the camel was introduced in the third century AD, enabling merchants to trade large quantities between the Western North African states and Ghana/Mali/Songhai.\n\nHowever, from what I can find out, the camel was used in the Levant from around the tenth century BC. I can understand that technology wasn\u2019t transmitted as quickly in those times, but thirteen centuries seems excessive, especially when you consider that there were Phoenicians living in the Levant and in North Africa, who maintained very close ties. Given that both societies had camel-appropriate biomes in their hinterlands, why wouldn\u2019t enterprising Carthaginians pick up the use of the camel from their brethren to the east?\n\nA conversation I had on this topic elsewhere ended up with a circular conclusion, that the trade with West Africa was sufficiently small that the Garamantes could handle it themselves, and that prior to the rise of Ghana, there was no centralized state with which to trade. But setting aside that I\u2019m not sure the Garamantes were major middle men in the first place, it seems that Ghana rose in large part because of the trans-Sahara trade. So its a catch-22.\n\nI\u2019m sure I\u2019m missing something here. Most historical developments of this magnitude happen or don\u2019t happen for a reason, usually a pretty good reason. I can\u2019t figure out the reason here.", "user_reports": [], "saved": false, "mod_reason_title": null, "gilded": 0, "clicked": false, "title": "Why did it take so long to use camels to trade across the Sahara?", "link_flair_richtext": [], "subreddit_name_prefixed": "r/AskHistorians", "hidden": false, "pwls": 6, "link_flair_css_class": null, "downs": 0, "top_awarded_type": null, "parent_whitelist_status": "all_ads", "hide_score": false, "name": "t3_lxamxs", "quarantine": false, "link_flair_text_color": "dark", "upvote_ratio": 0.67, "ignore_reports": false, "subreddit_type": "public", "ups": 1, "total_awards_received": 0, "media_embed": {}, "author_flair_template_id": null, "is_original_content": false, "author_fullname": "t2_hq0tx", "secure_media": null, "is_reddit_media_domain": false, "is_meta": false, "category": null, "secure_media_embed": {}, "link_flair_text": null, "can_mod_post": false, "score": 1, "approved_by": null, "author_premium": false, "thumbnail": "", "edited": false, "author_flair_css_class": null, "previous_visits": [1620811203.0], "author_flair_richtext": [], "gildings": {}, "content_categories": null, "is_self": true, "mod_note": null, "created": 1614854193.0, "link_flair_type": "text", "wls": 6, "removed_by_category": null, "banned_by": null, "author_flair_type": "text", "domain": "self.AskHistorians", "allow_live_comments": false, "selftext_html": "&lt;!-- SC_OFF --&gt;&lt;div class=\"md\"&gt;&lt;p&gt;My understanding of history, as an avid amateur, is that the trans-Sahara trade network was a pretty big deal, and really took off after the camel was introduced in the third century AD, enabling merchants to trade large quantities between the Western North African states and Ghana/Mali/Songhai.&lt;/p&gt;\n\n&lt;p&gt;However, from what I can find out, the camel was used in the Levant from around the tenth century BC. I can understand that technology wasn\u2019t transmitted as quickly in those times, but thirteen centuries seems excessive, especially when you consider that there were Phoenicians living in the Levant and in North Africa, who maintained very close ties. Given that both societies had camel-appropriate biomes in their hinterlands, why wouldn\u2019t enterprising Carthaginians pick up the use of the camel from their brethren to the east?&lt;/p&gt;\n\n&lt;p&gt;A conversation I had on this topic elsewhere ended up with a circular conclusion, that the trade with West Africa was sufficiently small that the Garamantes could handle it themselves, and that prior to the rise of Ghana, there was no centralized state with which to trade. But setting aside that I\u2019m not sure the Garamantes were major middle men in the first place, it seems that Ghana rose in large part because of the trans-Sahara trade. So its a catch-22.&lt;/p&gt;\n\n&lt;p&gt;I\u2019m sure I\u2019m missing something here. Most historical developments of this magnitude happen or don\u2019t happen for a reason, usually a pretty good reason. I can\u2019t figure out the reason here.&lt;/p&gt;\n&lt;/div&gt;&lt;!-- SC_ON --&gt;", "likes": null, "suggested_sort": null, "banned_at_utc": null, "view_count": null, "archived": false, "no_follow": true, "spam": false, "is_crosspostable": true, "pinned": false, "over_18": false, "all_awardings": [], "awarders": [], "media_only": false, "can_gild": true, "removed": false, "spoiler": false, "locked": false, "author_flair_text": null, "treatment_tags": [], "visited": false, "removed_by": null, "num_reports": null, "distinguished": null, "subreddit_id": "t5_2ssp3", "mod_reason_by": null, "removal_reason": null, "link_flair_background_color": "", "id": "lxamxs", "is_robot_indexable": true, "num_duplicates": 0, "report_reasons": null, "author": "CMVB", "discussion_type": null, "num_comments": 1, "send_replies": true, "media": null, "contest_mode": false, "author_patreon_flair": false, "approved": true, "author_flair_text_color": null, "permalink": "/r/AskHistorians/comments/lxamxs/why_did_it_take_so_long_to_use_camels_to_trade/", "whitelist_status": "all_ads", "stickied": false, "url": "https://www.reddit.com/r/AskHistorians/comments/lxamxs/why_did_it_take_so_long_to_use_camels_to_trade/", "subreddit_subscribers": 1347136, "created_utc": 1614825393.0, "num_crossposts": 0, "mod_reports": [], "is_video": false}}], "after": null, "before": null}}, {"kind": "Listing", "data": {"modhash": null, "dist": null, "children": [{"kind": "t1", "data": {"total_awards_received": 0, "approved_at_utc": null, "comment_type": null, "awarders": [], "mod_reason_by": null, "banned_by": null, "ups": 1, "author_flair_type": "text", "removal_reason": null, "link_id": "t3_lxamxs", "author_flair_template_id": null, "likes": null, "replies": "", "user_reports": [], "saved": false, "id": "gply1bi", "banned_at_utc": null, "mod_reason_title": null, "gilded": 0, "archived": false, "removed": false, "no_follow": true, "author": "AutoModerator", "can_mod_post": false, "send_replies": false, "parent_id": "t3_lxamxs", "score": 1, "author_fullname": "t2_6l4z3", "report_reasons": null, "approved_by": null, "all_awardings": [], "subreddit_id": "t5_2ssp3", "ignore_reports": false, "body": "Welcome to /r/AskHistorians. **Please [Read Our Rules](https://www.reddit.com/r/AskHistorians/wiki/rules) before you comment in this community**. Understand that [rule breaking comments get removed](https://www.reddit.com/r/AskHistorians/comments/h8aefx/rules_roundtable_xviii_removed_curation_and_why/).\n\n#Please consider **[Clicking Here for RemindMeBot](https://www.reddit.com/message/compose/?to=RemindMeBot&amp;subject=Reminder&amp;message=%5Bhttps://www.reddit.com/r/AskHistorians/comments/lxamxs/why_did_it_take_so_long_to_use_camels_to_trade/%5D%0A%0ARemindMe!%202%20days)** as it takes time for an answer to be written. \n\nWe thank you for your interest in this *question*, and your patience in waiting for an in-depth and comprehensive answer to show up. In addition to RemindMeBot, consider [using our Browser Extension](https://www.reddit.com/r/AskHistorians/comments/d6dzi7/tired_of_clicking_to_find_only_removed_comments/), or getting the [Weekly Roundup](https://www.reddit.com/message/compose?to=subredditsummarybot&amp;subject=askhistorians+weekly&amp;message=x). In the meantime our [Twitter](https://twitter.com/askhistorians), [Facebook](https://www.facebook.com/askhistorians/), and [Sunday Digest](https://www.reddit.com/r/AskHistorians/search?q=title%3A%22Sunday+Digest%22&amp;restrict_sr=on&amp;sort=new&amp;t=all) feature excellent content that has already been written!\n\n\n*I am a bot, and this action was performed automatically. Please [contact the moderators of this subreddit](/message/compose/?to=/r/AskHistorians) if you have any questions or concerns.*", "edited": false, "downs": 0, "author_flair_css_class": null, "is_submitter": false, "collapsed": false, "author_flair_richtext": [], "author_patreon_flair": false, "body_html": "&lt;div class=\"md\"&gt;&lt;p&gt;Welcome to &lt;a href=\"/r/AskHistorians\"&gt;/r/AskHistorians&lt;/a&gt;. &lt;strong&gt;Please &lt;a href=\"https://www.reddit.com/r/AskHistorians/wiki/rules\"&gt;Read Our Rules&lt;/a&gt; before you comment in this community&lt;/strong&gt;. Understand that &lt;a href=\"https://www.reddit.com/r/AskHistorians/comments/h8aefx/rules_roundtable_xviii_removed_curation_and_why/\"&gt;rule breaking comments get removed&lt;/a&gt;.&lt;/p&gt;\n\n&lt;h1&gt;Please consider &lt;strong&gt;&lt;a href=\"https://www.reddit.com/message/compose/?to=RemindMeBot&amp;amp;subject=Reminder&amp;amp;message=%5Bhttps://www.reddit.com/r/AskHistorians/comments/lxamxs/why_did_it_take_so_long_to_use_camels_to_trade/%5D%0A%0ARemindMe!%202%20days\"&gt;Clicking Here for RemindMeBot&lt;/a&gt;&lt;/strong&gt; as it takes time for an answer to be written.&lt;/h1&gt;\n\n&lt;p&gt;We thank you for your interest in this &lt;em&gt;question&lt;/em&gt;, and your patience in waiting for an in-depth and comprehensive answer to show up. In addition to RemindMeBot, consider &lt;a href=\"https://www.reddit.com/r/AskHistorians/comments/d6dzi7/tired_of_clicking_to_find_only_removed_comments/\"&gt;using our Browser Extension&lt;/a&gt;, or getting the &lt;a href=\"https://www.reddit.com/message/compose?to=subredditsummarybot&amp;amp;subject=askhistorians+weekly&amp;amp;message=x\"&gt;Weekly Roundup&lt;/a&gt;. In the meantime our &lt;a href=\"https://twitter.com/askhistorians\"&gt;Twitter&lt;/a&gt;, &lt;a href=\"https://www.facebook.com/askhistorians/\"&gt;Facebook&lt;/a&gt;, and &lt;a href=\"https://www.reddit.com/r/AskHistorians/search?q=title%3A%22Sunday+Digest%22&amp;amp;restrict_sr=on&amp;amp;sort=new&amp;amp;t=all\"&gt;Sunday Digest&lt;/a&gt; feature excellent content that has already been written!&lt;/p&gt;\n\n&lt;p&gt;&lt;em&gt;I am a bot, and this action was performed automatically. Please &lt;a href=\"/message/compose/?to=/r/AskHistorians\"&gt;contact the moderators of this subreddit&lt;/a&gt; if you have any questions or concerns.&lt;/em&gt;&lt;/p&gt;\n&lt;/div&gt;", "gildings": {}, "collapsed_reason": null, "associated_award": null, "stickied": true, "author_premium": true, "subreddit_type": "public", "can_gild": true, "top_awarded_type": null, "approved": false, "author_flair_text_color": null, "score_hidden": false, "permalink": "/r/AskHistorians/comments/lxamxs/why_did_it_take_so_long_to_use_camels_to_trade/gply1bi/", "num_reports": null, "locked": true, "name": "t1_gply1bi", "created": 1614854193.0, "subreddit": "AskHistorians", "author_flair_text": null, "treatment_tags": [], "spam": false, "created_utc": 1614825393.0, "subreddit_name_prefixed": "r/AskHistorians", "controversiality": 0, "depth": 0, "author_flair_background_color": null, "collapsed_because_crowd_control": null, "mod_reports": [], "mod_note": null, "distinguished": "moderator"}}], "after": null, "before": null}}]