[{"kind": "Listing", "data": {"modhash": null, "dist": 1, "children": [{"kind": "t3", "data": {"author_flair_background_color": null, "approved_at_utc": 1614867365, "subreddit": "AskHistorians", "selftext": "[Previous weeks!](https://www.reddit.com/r/AskHistorians/search?q=Thursday+Reading+%26+Research&amp;restrict_sr=on&amp;sort=new&amp;t=all)\n\nThursday Reading and Recommendations is intended as bookish free-for-all, for the discussion and recommendation of all books historical, or tangentially so. Suggested topics include, but are by no means limited to:\n\n* Asking for book recommendations on specific topics or periods of history\n* Newly published books and articles you're dying to read\n* Recent book releases, old book reviews, reading recommendations, or just talking about what you're reading now\n* Historiographical discussions, debates, and disputes\n* ...And so on!\n\nRegular participants in the Thursday threads should just keep doing what they've been doing; newcomers should take notice that this thread is meant for open discussion of history and books, not just anything you like -- we'll have a thread on Friday for that, as usual.", "user_reports": [], "saved": false, "mod_reason_title": null, "gilded": 0, "clicked": false, "title": "Thursday Reading &amp; Recommendations | March 04, 2021", "link_flair_richtext": [{"e": "text", "t": "RNR"}], "subreddit_name_prefixed": "r/AskHistorians", "collections": [{"permalink": "https://www.reddit.com/r/AskHistorians/collection/0327b9f2-f843-429e-b083-59c2f5f05a3c", "link_ids": ["t3_k1fomc", "t3_k5xp2e", "t3_kafqhh", "t3_kexxv2", "t3_kjfvvf", "t3_knqgto", "t3_ksdssp", "t3_kx6570", "t3_l1yz3r", "t3_l6xaay", "t3_lcg7ya", "t3_lhl7nq", "t3_lmndqv", "t3_ls76o9", "t3_lxl4rg", "t3_m2qnm2", "t3_m7q9w0", "t3_mcxo13", "t3_mhurl1", "t3_mmr92j", "t3_mre5fl", "t3_mw46ru"], "description": "", "title": "Thursday Reading &amp; Recommendations", "created_at_utc": 1606321258.096, "subreddit_id": "t5_2ssp3", "author_name": "Georgy_K_Zhukov", "collection_id": "0327b9f2-f843-429e-b083-59c2f5f05a3c", "author_id": "t2_9v6a6", "last_update_utc": 1619096413.656, "display_layout": null}], "hidden": false, "pwls": 6, "link_flair_css_class": "feature", "downs": 0, "top_awarded_type": null, "parent_whitelist_status": "all_ads", "hide_score": false, "name": "t3_lxl4rg", "quarantine": false, "link_flair_text_color": "dark", "upvote_ratio": 0.93, "ignore_reports": false, "subreddit_type": "public", "ups": 11, "total_awards_received": 0, "media_embed": {}, "author_flair_template_id": null, "is_original_content": false, "author_fullname": "t2_6l4z3", "secure_media": null, "is_reddit_media_domain": false, "is_meta": false, "category": null, "secure_media_embed": {}, "link_flair_text": "RNR", "can_mod_post": true, "score": 11, "approved_by": "Iphikrates", "author_premium": true, "thumbnail": "", "edited": false, "author_flair_css_class": null, "author_flair_richtext": [], "gildings": {}, "content_categories": null, "is_self": true, "mod_note": null, "created": 1614895219.0, "link_flair_type": "richtext", "wls": 6, "removed_by_category": null, "banned_by": null, "author_flair_type": "text", "domain": "self.AskHistorians", "allow_live_comments": false, "selftext_html": "&lt;!-- SC_OFF --&gt;&lt;div class=\"md\"&gt;&lt;p&gt;&lt;a href=\"https://www.reddit.com/r/AskHistorians/search?q=Thursday+Reading+%26+Research&amp;amp;restrict_sr=on&amp;amp;sort=new&amp;amp;t=all\"&gt;Previous weeks!&lt;/a&gt;&lt;/p&gt;\n\n&lt;p&gt;Thursday Reading and Recommendations is intended as bookish free-for-all, for the discussion and recommendation of all books historical, or tangentially so. Suggested topics include, but are by no means limited to:&lt;/p&gt;\n\n&lt;ul&gt;\n&lt;li&gt;Asking for book recommendations on specific topics or periods of history&lt;/li&gt;\n&lt;li&gt;Newly published books and articles you&amp;#39;re dying to read&lt;/li&gt;\n&lt;li&gt;Recent book releases, old book reviews, reading recommendations, or just talking about what you&amp;#39;re reading now&lt;/li&gt;\n&lt;li&gt;Historiographical discussions, debates, and disputes&lt;/li&gt;\n&lt;li&gt;...And so on!&lt;/li&gt;\n&lt;/ul&gt;\n\n&lt;p&gt;Regular participants in the Thursday threads should just keep doing what they&amp;#39;ve been doing; newcomers should take notice that this thread is meant for open discussion of history and books, not just anything you like -- we&amp;#39;ll have a thread on Friday for that, as usual.&lt;/p&gt;\n&lt;/div&gt;&lt;!-- SC_ON --&gt;", "likes": null, "suggested_sort": "random", "banned_at_utc": null, "view_count": null, "archived": false, "no_follow": false, "spam": false, "is_crosspostable": true, "pinned": false, "over_18": false, "all_awardings": [], "awarders": [], "media_only": false, "link_flair_template_id": "af67e55a-c626-11e2-8d4b-12313d1841d1", "can_gild": true, "removed": false, "spoiler": false, "locked": false, "author_flair_text": null, "treatment_tags": [], "visited": false, "removed_by": null, "num_reports": 0, "distinguished": null, "subreddit_id": "t5_2ssp3", "mod_reason_by": null, "removal_reason": null, "link_flair_background_color": "#cee3f8", "id": "lxl4rg", "is_robot_indexable": true, "num_duplicates": 0, "report_reasons": [], "author": "AutoModerator", "discussion_type": null, "num_comments": 13, "send_replies": true, "media": null, "contest_mode": false, "author_patreon_flair": false, "approved": true, "author_flair_text_color": null, "permalink": "/r/AskHistorians/comments/lxl4rg/thursday_reading_recommendations_march_04_2021/", "whitelist_status": "all_ads", "stickied": false, "url": "https://www.reddit.com/r/AskHistorians/comments/lxl4rg/thursday_reading_recommendations_march_04_2021/", "subreddit_subscribers": 1341740, "created_utc": 1614866419.0, "num_crossposts": 0, "mod_reports": [], "is_video": false}}], "after": null, "before": null}}, {"kind": "Listing", "data": {"modhash": null, "dist": null, "children": [{"kind": "t1", "data": {"total_awards_received": 0, "approved_at_utc": null, "comment_type": null, "awarders": [], "mod_reason_by": null, "banned_by": null, "ups": 2, "author_flair_type": "text", "removal_reason": null, "link_id": "t3_lxl4rg", "author_flair_template_id": null, "likes": null, "replies": {"kind": "Listing", "data": {"modhash": null, "dist": null, "children": [{"kind": "t1", "data": {"total_awards_received": 0, "approved_at_utc": null, "ignore_reports": false, "comment_type": null, "awarders": [], "mod_reason_by": null, "banned_by": null, "ups": 1, "author_flair_type": "text", "removal_reason": null, "link_id": "t3_lxl4rg", "author_flair_template_id": null, "likes": null, "replies": {"kind": "Listing", "data": {"modhash": null, "dist": null, "children": [{"kind": "t1", "data": {"total_awards_received": 0, "approved_at_utc": 1615228567, "comment_type": null, "awarders": [], "mod_reason_by": null, "banned_by": null, "ups": 1, "author_flair_type": "text", "removal_reason": null, "link_id": "t3_lxl4rg", "author_flair_template_id": null, "likes": null, "replies": "", "user_reports": [], "saved": false, "id": "gq8menq", "banned_at_utc": null, "mod_reason_title": null, "gilded": 0, "archived": false, "removed": false, "no_follow": true, "author": "YouGoMalla", "can_mod_post": true, "created_utc": 1615228521.0, "send_replies": true, "parent_id": "t1_gptnqwm", "score": 1, "author_fullname": "t2_78x324", "report_reasons": [], "approved_by": "CommodoreCoCo", "all_awardings": [], "subreddit_id": "t5_2ssp3", "ignore_reports": false, "body": "Thank you!", "edited": false, "author_flair_css_class": null, "is_submitter": false, "downs": 0, "author_flair_richtext": [], "author_patreon_flair": false, "body_html": "&lt;div class=\"md\"&gt;&lt;p&gt;Thank you!&lt;/p&gt;\n&lt;/div&gt;", "gildings": {}, "collapsed_reason": null, "associated_award": null, "stickied": false, "author_premium": false, "subreddit_type": "public", "can_gild": true, "top_awarded_type": null, "approved": true, "author_flair_text_color": null, "score_hidden": false, "permalink": "/r/AskHistorians/comments/lxl4rg/thursday_reading_recommendations_march_04_2021/gq8menq/", "num_reports": 0, "locked": false, "name": "t1_gq8menq", "created": 1615257321.0, "subreddit": "AskHistorians", "author_flair_text": null, "treatment_tags": [], "spam": false, "collapsed": false, "subreddit_name_prefixed": "r/AskHistorians", "controversiality": 0, "depth": 2, "author_flair_background_color": null, "collapsed_because_crowd_control": null, "mod_reports": [], "mod_note": null, "distinguished": null}}], "after": null, "before": null}}, "user_reports": [], "saved": false, "id": "gptnqwm", "banned_at_utc": null, "mod_reason_title": null, "gilded": 0, "archived": false, "removed": false, "no_follow": true, "author": "rocketsocks", "can_mod_post": true, "send_replies": true, "parent_id": "t1_gppk6gk", "score": 1, "author_fullname": "t2_346hz", "report_reasons": [], "approved_by": null, "all_awardings": [], "subreddit_id": "t5_2ssp3", "collapsed": false, "body": "* [Korolev by James Hartford](https://www.amazon.com/Korolev-Masterminded-Soviet-Drive-America/dp/0471327212/)\n* [Challenge to Apollo by Asif Siddiqi](https://www.amazon.com/Challenge-Apollo-Soviet-Union-1945-1974-ebook/dp/B014BYM13E/)\n* [Chariots for Apollo](https://www.amazon.com/Chariots-Apollo-History-Spacecraft-Astronomy-ebook/dp/B00A735IPM/)", "edited": false, "author_flair_css_class": null, "is_submitter": false, "downs": 0, "author_flair_richtext": [], "author_patreon_flair": false, "body_html": "&lt;div class=\"md\"&gt;&lt;ul&gt;\n&lt;li&gt;&lt;a href=\"https://www.amazon.com/Korolev-Masterminded-Soviet-Drive-America/dp/0471327212/\"&gt;Korolev by James Hartford&lt;/a&gt;&lt;/li&gt;\n&lt;li&gt;&lt;a href=\"https://www.amazon.com/Challenge-Apollo-Soviet-Union-1945-1974-ebook/dp/B014BYM13E/\"&gt;Challenge to Apollo by Asif Siddiqi&lt;/a&gt;&lt;/li&gt;\n&lt;li&gt;&lt;a href=\"https://www.amazon.com/Chariots-Apollo-History-Spacecraft-Astronomy-ebook/dp/B00A735IPM/\"&gt;Chariots for Apollo&lt;/a&gt;&lt;/li&gt;\n&lt;/ul&gt;\n&lt;/div&gt;", "gildings": {}, "collapsed_reason": null, "associated_award": null, "stickied": false, "author_premium": false, "subreddit_type": "public", "can_gild": true, "top_awarded_type": null, "approved": false, "author_flair_text_color": null, "score_hidden": false, "permalink": "/r/AskHistorians/comments/lxl4rg/thursday_reading_recommendations_march_04_2021/gptnqwm/", "num_reports": 0, "locked": false, "name": "t1_gptnqwm", "created": 1615011312.0, "subreddit": "AskHistorians", "author_flair_text": null, "treatment_tags": [], "spam": false, "created_utc": 1614982512.0, "subreddit_name_prefixed": "r/AskHistorians", "controversiality": 0, "depth": 1, "author_flair_background_color": null, "collapsed_because_crowd_control": null, "mod_reports": [], "mod_note": null, "distinguished": null}}], "after": null, "before": null}}, "user_reports": [], "saved": false, "id": "gppk6gk", "banned_at_utc": null, "mod_reason_title": null, "gilded": 0, "archived": false, "removed": false, "no_follow": true, "author": "YouGoMalla", "can_mod_post": true, "send_replies": true, "parent_id": "t3_lxl4rg", "score": 2, "author_fullname": "t2_78x324", "report_reasons": [], "approved_by": null, "all_awardings": [], "subreddit_id": "t5_2ssp3", "ignore_reports": false, "body": "I would love some book recommendations on the history of spaceflight. No particular focus right now, so I'll gladly take everything: manned, unmanned, general or focused on any particular period, nation or program. Anything dealing with stuff beyond just the US and USSR would be especially appreciated, though.", "edited": false, "downs": 0, "author_flair_css_class": null, "is_submitter": false, "collapsed": false, "author_flair_richtext": [], "author_patreon_flair": false, "body_html": "&lt;div class=\"md\"&gt;&lt;p&gt;I would love some book recommendations on the history of spaceflight. No particular focus right now, so I&amp;#39;ll gladly take everything: manned, unmanned, general or focused on any particular period, nation or program. Anything dealing with stuff beyond just the US and USSR would be especially appreciated, though.&lt;/p&gt;\n&lt;/div&gt;", "gildings": {}, "collapsed_reason": null, "associated_award": null, "stickied": false, "author_premium": false, "subreddit_type": "public", "can_gild": true, "top_awarded_type": null, "approved": false, "author_flair_text_color": null, "score_hidden": false, "permalink": "/r/AskHistorians/comments/lxl4rg/thursday_reading_recommendations_march_04_2021/gppk6gk/", "num_reports": 0, "locked": false, "name": "t1_gppk6gk", "created": 1614927356.0, "subreddit": "AskHistorians", "author_flair_text": null, "treatment_tags": [], "spam": false, "created_utc": 1614898556.0, "subreddit_name_prefixed": "r/AskHistorians", "controversiality": 0, "depth": 0, "author_flair_background_color": null, "collapsed_because_crowd_control": null, "mod_reports": [], "mod_note": null, "distinguished": null}}, {"kind": "t1", "data": {"total_awards_received": 0, "approved_at_utc": null, "comment_type": null, "awarders": [], "mod_reason_by": null, "banned_by": null, "ups": 7, "author_flair_type": "text", "removal_reason": null, "link_id": "t3_lxl4rg", "author_flair_template_id": null, "likes": null, "replies": {"kind": "Listing", "data": {"modhash": null, "dist": null, "children": [{"kind": "t1", "data": {"total_awards_received": 0, "approved_at_utc": null, "ignore_reports": false, "comment_type": null, "awarders": [], "mod_reason_by": null, "banned_by": "thefourthmaninaboat", "ups": 1, "author_flair_type": "text", "removal_reason": null, "link_id": "t3_lxl4rg", "author_flair_template_id": null, "likes": null, "replies": "", "user_reports": [], "ban_note": "remove not spam", "mod_reports_dismissed": [["Useless phrases - '[not a historian]'", "AutoModerator"]], "saved": false, "id": "gproo61", "banned_at_utc": 1614950275, "mod_reason_title": null, "gilded": 0, "archived": false, "removed": true, "no_follow": true, "author": "nckfrgsn", "can_mod_post": true, "send_replies": true, "parent_id": "t1_gpota02", "score": 1, "author_fullname": "t2_tx0y4", "report_reasons": [], "approved_by": null, "all_awardings": [], "subreddit_id": "t5_2ssp3", "collapsed": false, "body": "I\u2019m not a historian so I\u2019m not sure if this recommendation is welcome, nor do I feel like I can I make a comment about how it is considered in the field, but I believe the book A History of Modern Britain by Andrew Marr fits your request well.", "edited": false, "author_flair_css_class": null, "is_submitter": false, "downs": 0, "author_flair_richtext": [], "author_patreon_flair": false, "collapsed_reason": null, "gildings": {}, "associated_award": null, "stickied": false, "author_premium": false, "subreddit_type": "public", "can_gild": true, "top_awarded_type": null, "approved": false, "author_flair_text_color": null, "score_hidden": false, "permalink": "/r/AskHistorians/comments/lxl4rg/thursday_reading_recommendations_march_04_2021/gproo61/", "num_reports": -1, "locked": false, "name": "t1_gproo61", "created": 1614978378.0, "subreddit": "AskHistorians", "author_flair_text": null, "treatment_tags": [], "spam": false, "created_utc": 1614949578.0, "subreddit_name_prefixed": "r/AskHistorians", "controversiality": 0, "depth": 1, "author_flair_background_color": null, "collapsed_because_crowd_control": null, "mod_reports": [], "body_html": "&lt;div class=\"md\"&gt;&lt;p&gt;I\u2019m not a historian so I\u2019m not sure if this recommendation is welcome, nor do I feel like I can I make a comment about how it is considered in the field, but I believe the book A History of Modern Britain by Andrew Marr fits your request well.&lt;/p&gt;\n&lt;/div&gt;", "mod_note": null, "distinguished": null}}], "after": null, "before": null}}, "user_reports": [], "saved": false, "id": "gpota02", "banned_at_utc": null, "mod_reason_title": null, "gilded": 0, "archived": false, "removed": false, "no_follow": false, "author": "A_aranha_discoteca", "can_mod_post": true, "send_replies": true, "parent_id": "t3_lxl4rg", "score": 7, "author_fullname": "t2_1lqvki4e", "report_reasons": [], "approved_by": null, "all_awardings": [], "subreddit_id": "t5_2ssp3", "ignore_reports": false, "body": "Hello everyone, I'm looking for books which cover postwar (i.e. 1945-2000) Britain. I'm most interested in post war Japan and Korea, and I realised that I am woefully unaware of the history postwar Britain. What are some recommendations that you have for texts on this time period in the UK?", "edited": false, "downs": 0, "author_flair_css_class": null, "is_submitter": false, "collapsed": false, "author_flair_richtext": [], "author_patreon_flair": false, "body_html": "&lt;div class=\"md\"&gt;&lt;p&gt;Hello everyone, I&amp;#39;m looking for books which cover postwar (i.e. 1945-2000) Britain. I&amp;#39;m most interested in post war Japan and Korea, and I realised that I am woefully unaware of the history postwar Britain. What are some recommendations that you have for texts on this time period in the UK?&lt;/p&gt;\n&lt;/div&gt;", "gildings": {}, "collapsed_reason": null, "associated_award": null, "stickied": false, "author_premium": false, "subreddit_type": "public", "can_gild": true, "top_awarded_type": null, "approved": false, "author_flair_text_color": null, "score_hidden": false, "permalink": "/r/AskHistorians/comments/lxl4rg/thursday_reading_recommendations_march_04_2021/gpota02/", "num_reports": 0, "locked": false, "name": "t1_gpota02", "created": 1614915623.0, "subreddit": "AskHistorians", "author_flair_text": null, "treatment_tags": [], "spam": false, "created_utc": 1614886823.0, "subreddit_name_prefixed": "r/AskHistorians", "controversiality": 0, "depth": 0, "author_flair_background_color": null, "collapsed_because_crowd_control": null, "mod_reports": [], "mod_note": null, "distinguished": null}}, {"kind": "t1", "data": {"total_awards_received": 0, "approved_at_utc": null, "comment_type": null, "awarders": [], "mod_reason_by": null, "banned_by": null, "ups": 2, "author_flair_type": "text", "removal_reason": null, "link_id": "t3_lxl4rg", "author_flair_template_id": null, "likes": null, "replies": {"kind": "Listing", "data": {"modhash": null, "dist": null, "children": [{"kind": "t1", "data": {"total_awards_received": 0, "approved_at_utc": null, "ignore_reports": false, "comment_type": null, "awarders": [], "mod_reason_by": null, "banned_by": null, "ups": 3, "author_flair_type": "richtext", "removal_reason": null, "link_id": "t3_lxl4rg", "author_flair_template_id": "9bc23f64-c626-11e2-a017-12313d18884c", "likes": null, "replies": {"kind": "Listing", "data": {"modhash": null, "dist": null, "children": [{"kind": "t1", "data": {"total_awards_received": 0, "approved_at_utc": null, "comment_type": null, "awarders": [], "mod_reason_by": null, "banned_by": null, "ups": 1, "author_flair_type": "text", "removal_reason": null, "link_id": "t3_lxl4rg", "author_flair_template_id": null, "likes": null, "replies": {"kind": "Listing", "data": {"modhash": null, "dist": null, "children": [{"kind": "t1", "data": {"total_awards_received": 0, "approved_at_utc": null, "comment_type": null, "awarders": [], "mod_reason_by": null, "banned_by": null, "ups": 4, "author_flair_type": "richtext", "removal_reason": null, "link_id": "t3_lxl4rg", "author_flair_template_id": "9bc23f64-c626-11e2-a017-12313d18884c", "likes": null, "replies": {"kind": "Listing", "data": {"modhash": null, "dist": null, "children": [{"kind": "t1", "data": {"total_awards_received": 0, "approved_at_utc": null, "ignore_reports": false, "comment_type": null, "awarders": [], "mod_reason_by": null, "banned_by": null, "ups": 1, "author_flair_type": "text", "removal_reason": null, "link_id": "t3_lxl4rg", "author_flair_template_id": null, "likes": null, "replies": "", "user_reports": [], "saved": false, "id": "gptmx29", "banned_at_utc": null, "mod_reason_title": null, "gilded": 0, "archived": false, "removed": false, "no_follow": true, "author": "thetruffleking", "can_mod_post": true, "send_replies": true, "parent_id": "t1_gpt86r2", "score": 1, "author_fullname": "t2_ysqnx", "report_reasons": [], "approved_by": null, "all_awardings": [], "subreddit_id": "t5_2ssp3", "collapsed": false, "body": "Again, thank you! I have but one upvote to give.", "edited": false, "author_flair_css_class": null, "is_submitter": false, "downs": 0, "author_flair_richtext": [], "author_patreon_flair": false, "body_html": "&lt;div class=\"md\"&gt;&lt;p&gt;Again, thank you! I have but one upvote to give.&lt;/p&gt;\n&lt;/div&gt;", "gildings": {}, "collapsed_reason": null, "associated_award": null, "stickied": false, "author_premium": false, "subreddit_type": "public", "can_gild": true, "top_awarded_type": null, "approved": false, "author_flair_text_color": null, "score_hidden": false, "permalink": "/r/AskHistorians/comments/lxl4rg/thursday_reading_recommendations_march_04_2021/gptmx29/", "num_reports": 0, "locked": false, "name": "t1_gptmx29", "created": 1615010892.0, "subreddit": "AskHistorians", "author_flair_text": null, "treatment_tags": [], "spam": false, "created_utc": 1614982092.0, "subreddit_name_prefixed": "r/AskHistorians", "controversiality": 0, "depth": 4, "author_flair_background_color": null, "collapsed_because_crowd_control": null, "mod_reports": [], "mod_note": null, "distinguished": null}}], "after": null, "before": null}}, "user_reports": [], "saved": false, "id": "gpt86r2", "banned_at_utc": null, "mod_reason_title": null, "gilded": 0, "archived": false, "removed": false, "no_follow": false, "author": "Bentresh", "can_mod_post": true, "send_replies": true, "parent_id": "t1_gpt5n2w", "score": 4, "author_fullname": "t2_11xzz6", "report_reasons": [], "approved_by": null, "all_awardings": [], "subreddit_id": "t5_2ssp3", "ignore_reports": false, "body": "A detailed knowledge of the history of Egypt and Mesopotamia isn't necessary, although a basic familiarity would probably be helpful. [*Ancient Near Eastern History and Culture*](https://books.google.com/books?id=C4U0DwAAQBAJ) by William Stiebing and Susan Helft and [*The Ancient Near East: A Very Short Introduction*](https://books.google.com/books?id=TTeaAAAAQBAJ) by Amanda Podany are good general introductions.", "edited": false, "downs": 0, "author_flair_css_class": null, "is_submitter": false, "collapsed": false, "author_flair_richtext": [{"e": "text", "t": "Late Bronze Age | Egypt and Ancient Near East"}], "author_patreon_flair": false, "body_html": "&lt;div class=\"md\"&gt;&lt;p&gt;A detailed knowledge of the history of Egypt and Mesopotamia isn&amp;#39;t necessary, although a basic familiarity would probably be helpful. &lt;a href=\"https://books.google.com/books?id=C4U0DwAAQBAJ\"&gt;&lt;em&gt;Ancient Near Eastern History and Culture&lt;/em&gt;&lt;/a&gt; by William Stiebing and Susan Helft and &lt;a href=\"https://books.google.com/books?id=TTeaAAAAQBAJ\"&gt;&lt;em&gt;The Ancient Near East: A Very Short Introduction&lt;/em&gt;&lt;/a&gt; by Amanda Podany are good general introductions.&lt;/p&gt;\n&lt;/div&gt;", "gildings": {}, "collapsed_reason": null, "associated_award": null, "stickied": false, "author_premium": true, "subreddit_type": "public", "can_gild": true, "top_awarded_type": null, "approved": false, "author_flair_text_color": "dark", "score_hidden": false, "permalink": "/r/AskHistorians/comments/lxl4rg/thursday_reading_recommendations_march_04_2021/gpt86r2/", "num_reports": 0, "locked": false, "name": "t1_gpt86r2", "created": 1615003965.0, "subreddit": "AskHistorians", "author_flair_text": "Late Bronze Age | Egypt and Ancient Near East", "treatment_tags": [], "spam": false, "created_utc": 1614975165.0, "subreddit_name_prefixed": "r/AskHistorians", "controversiality": 0, "depth": 3, "author_flair_background_color": "#99cc99", "collapsed_because_crowd_control": null, "mod_reports": [], "mod_note": null, "distinguished": null}}], "after": null, "before": null}}, "user_reports": [], "saved": false, "id": "gpt5n2w", "banned_at_utc": null, "mod_reason_title": null, "gilded": 0, "archived": false, "removed": false, "no_follow": true, "author": "thetruffleking", "can_mod_post": true, "created_utc": 1614973981.0, "send_replies": true, "parent_id": "t1_gpt4os2", "score": 1, "author_fullname": "t2_ysqnx", "report_reasons": [], "approved_by": null, "all_awardings": [], "subreddit_id": "t5_2ssp3", "ignore_reports": false, "body": "Thank you!!\n\nDo these require any prerequisite knowledge about the cultures themselves? Or any knowledge you\u2019d recommend having before diving in?\n\nThanks again!", "edited": false, "author_flair_css_class": null, "is_submitter": false, "downs": 0, "author_flair_richtext": [], "author_patreon_flair": false, "body_html": "&lt;div class=\"md\"&gt;&lt;p&gt;Thank you!!&lt;/p&gt;\n\n&lt;p&gt;Do these require any prerequisite knowledge about the cultures themselves? Or any knowledge you\u2019d recommend having before diving in?&lt;/p&gt;\n\n&lt;p&gt;Thanks again!&lt;/p&gt;\n&lt;/div&gt;", "gildings": {}, "collapsed_reason": null, "associated_award": null, "stickied": false, "author_premium": false, "subreddit_type": "public", "can_gild": true, "top_awarded_type": null, "approved": false, "author_flair_text_color": null, "score_hidden": false, "permalink": "/r/AskHistorians/comments/lxl4rg/thursday_reading_recommendations_march_04_2021/gpt5n2w/", "num_reports": 0, "locked": false, "name": "t1_gpt5n2w", "created": 1615002781.0, "subreddit": "AskHistorians", "author_flair_text": null, "treatment_tags": [], "spam": false, "collapsed": false, "subreddit_name_prefixed": "r/AskHistorians", "controversiality": 0, "depth": 2, "author_flair_background_color": null, "collapsed_because_crowd_control": null, "mod_reports": [], "mod_note": null, "distinguished": null}}], "after": null, "before": null}}, "user_reports": [], "saved": false, "id": "gpt4os2", "banned_at_utc": null, "mod_reason_title": null, "gilded": 0, "archived": false, "removed": false, "no_follow": false, "author": "Bentresh", "can_mod_post": true, "send_replies": true, "parent_id": "t1_gpps2et", "score": 3, "author_fullname": "t2_11xzz6", "report_reasons": [], "approved_by": null, "all_awardings": [], "subreddit_id": "t5_2ssp3", "collapsed": false, "body": "[*Mathematics in Ancient Iraq: A Social History*](https://books.google.com/books?id=w-e6kfvoq5gC) by Eleanor Robson and [*Mathematics in Ancient Egypt: A Contextual History*](https://books.google.com/books?id=xkjWDwAAQBAJ) by Annette Imhausen are good places to start for math in antiquity.", "edited": false, "author_flair_css_class": null, "is_submitter": false, "downs": 0, "author_flair_richtext": [{"e": "text", "t": "Late Bronze Age | Egypt and Ancient Near East"}], "author_patreon_flair": false, "body_html": "&lt;div class=\"md\"&gt;&lt;p&gt;&lt;a href=\"https://books.google.com/books?id=w-e6kfvoq5gC\"&gt;&lt;em&gt;Mathematics in Ancient Iraq: A Social History&lt;/em&gt;&lt;/a&gt; by Eleanor Robson and &lt;a href=\"https://books.google.com/books?id=xkjWDwAAQBAJ\"&gt;&lt;em&gt;Mathematics in Ancient Egypt: A Contextual History&lt;/em&gt;&lt;/a&gt; by Annette Imhausen are good places to start for math in antiquity.&lt;/p&gt;\n&lt;/div&gt;", "gildings": {}, "collapsed_reason": null, "associated_award": null, "stickied": false, "author_premium": true, "subreddit_type": "public", "can_gild": true, "top_awarded_type": null, "approved": false, "author_flair_text_color": "dark", "score_hidden": false, "permalink": "/r/AskHistorians/comments/lxl4rg/thursday_reading_recommendations_march_04_2021/gpt4os2/", "num_reports": 0, "locked": false, "name": "t1_gpt4os2", "created": 1615002343.0, "subreddit": "AskHistorians", "author_flair_text": "Late Bronze Age | Egypt and Ancient Near East", "treatment_tags": [], "spam": false, "created_utc": 1614973543.0, "subreddit_name_prefixed": "r/AskHistorians", "controversiality": 0, "depth": 1, "author_flair_background_color": "#99cc99", "collapsed_because_crowd_control": null, "mod_reports": [], "mod_note": null, "distinguished": null}}], "after": null, "before": null}}, "user_reports": [], "saved": false, "id": "gpps2et", "banned_at_utc": null, "mod_reason_title": null, "gilded": 0, "archived": false, "removed": false, "no_follow": true, "author": "thetruffleking", "can_mod_post": true, "send_replies": true, "parent_id": "t3_lxl4rg", "score": 2, "author_fullname": "t2_ysqnx", "report_reasons": [], "approved_by": null, "all_awardings": [], "subreddit_id": "t5_2ssp3", "ignore_reports": false, "body": "Hi AskHistorians!\n\nThanks for being such an amazing community!\n\nI\u2019m looking for books on the history of math. I\u2019m currently reading Number by Tobias Dantzig and enjoying it greatly, if that helps.\n\nI\u2019m open to general histories or histories of specific topics. The one thing I will stipulate is that I\u2019m currently more interested in the historical development (with context) of mathematics and mathematical ideas than the history of mathematicians. But, I\u2019m open to suggestions on books about mathematicians, too.\n\nThanks a ton,\n\nHumble Lurker", "edited": false, "downs": 0, "author_flair_css_class": null, "is_submitter": false, "collapsed": false, "author_flair_richtext": [], "author_patreon_flair": false, "body_html": "&lt;div class=\"md\"&gt;&lt;p&gt;Hi AskHistorians!&lt;/p&gt;\n\n&lt;p&gt;Thanks for being such an amazing community!&lt;/p&gt;\n\n&lt;p&gt;I\u2019m looking for books on the history of math. I\u2019m currently reading Number by Tobias Dantzig and enjoying it greatly, if that helps.&lt;/p&gt;\n\n&lt;p&gt;I\u2019m open to general histories or histories of specific topics. The one thing I will stipulate is that I\u2019m currently more interested in the historical development (with context) of mathematics and mathematical ideas than the history of mathematicians. But, I\u2019m open to suggestions on books about mathematicians, too.&lt;/p&gt;\n\n&lt;p&gt;Thanks a ton,&lt;/p&gt;\n\n&lt;p&gt;Humble Lurker&lt;/p&gt;\n&lt;/div&gt;", "gildings": {}, "collapsed_reason": null, "associated_award": null, "stickied": false, "author_premium": false, "subreddit_type": "public", "can_gild": true, "top_awarded_type": null, "approved": false, "author_flair_text_color": null, "score_hidden": false, "permalink": "/r/AskHistorians/comments/lxl4rg/thursday_reading_recommendations_march_04_2021/gpps2et/", "num_reports": 0, "locked": false, "name": "t1_gpps2et", "created": 1614931301.0, "subreddit": "AskHistorians", "author_flair_text": null, "treatment_tags": [], "spam": false, "created_utc": 1614902501.0, "subreddit_name_prefixed": "r/AskHistorians", "controversiality": 0, "depth": 0, "author_flair_background_color": null, "collapsed_because_crowd_control": null, "mod_reports": [], "mod_note": null, "distinguished": null}}, {"kind": "t1", "data": {"total_awards_received": 0, "approved_at_utc": null, "comment_type": null, "awarders": [], "mod_reason_by": null, "banned_by": null, "ups": 3, "author_flair_type": "text", "removal_reason": null, "link_id": "t3_lxl4rg", "author_flair_template_id": null, "likes": null, "replies": {"kind": "Listing", "data": {"modhash": null, "dist": null, "children": [{"kind": "t1", "data": {"total_awards_received": 0, "approved_at_utc": null, "comment_type": null, "awarders": [], "mod_reason_by": null, "banned_by": null, "ups": 3, "removal_reason": null, "link_id": "t3_lxl4rg", "author_flair_template_id": null, "likes": null, "replies": {"kind": "Listing", "data": {"modhash": null, "dist": null, "children": [{"kind": "t1", "data": {"total_awards_received": 0, "approved_at_utc": 1615102991, "comment_type": null, "awarders": [], "mod_reason_by": null, "banned_by": null, "ups": 2, "author_flair_type": "text", "removal_reason": null, "link_id": "t3_lxl4rg", "author_flair_template_id": null, "likes": null, "replies": "", "user_reports": [], "saved": false, "id": "gq2tv55", "banned_at_utc": null, "mod_reason_title": null, "gilded": 0, "archived": false, "removed": false, "no_follow": true, "author": "EBS613", "can_mod_post": true, "created_utc": 1615102822.0, "send_replies": true, "parent_id": "t1_gpu1h4n", "score": 2, "author_fullname": "t2_1tposapo", "report_reasons": [], "approved_by": "Hergrim", "all_awardings": [], "subreddit_id": "t5_2ssp3", "ignore_reports": false, "body": "Thanks so much!", "edited": false, "author_flair_css_class": null, "is_submitter": false, "downs": 0, "author_flair_richtext": [], "author_patreon_flair": false, "body_html": "&lt;div class=\"md\"&gt;&lt;p&gt;Thanks so much!&lt;/p&gt;\n&lt;/div&gt;", "gildings": {}, "collapsed_reason": null, "associated_award": null, "stickied": false, "author_premium": false, "subreddit_type": "public", "can_gild": true, "top_awarded_type": null, "approved": true, "author_flair_text_color": null, "score_hidden": false, "permalink": "/r/AskHistorians/comments/lxl4rg/thursday_reading_recommendations_march_04_2021/gq2tv55/", "num_reports": 0, "locked": false, "name": "t1_gq2tv55", "created": 1615131622.0, "subreddit": "AskHistorians", "author_flair_text": null, "treatment_tags": [], "spam": false, "collapsed": false, "subreddit_name_prefixed": "r/AskHistorians", "controversiality": 0, "depth": 2, "author_flair_background_color": null, "collapsed_because_crowd_control": null, "mod_reports": [], "mod_note": null, "distinguished": null}}], "after": null, "before": null}}, "user_reports": [], "saved": false, "id": "gpu1h4n", "banned_at_utc": null, "mod_reason_title": null, "gilded": 0, "archived": false, "removed": false, "no_follow": true, "author": "[deleted]", "can_mod_post": true, "send_replies": true, "parent_id": "t1_gpqptdl", "score": 3, "approved_by": null, "report_reasons": [], "ignore_reports": false, "all_awardings": [], "subreddit_id": "t5_2ssp3", "body": "[The Trial of Tempel Anneke: Records of a Witchcraft Trial in Brunswick, Germany, 1663 ](https://www.amazon.com/Trial-Tempel-Anneke-Witchcraft-Brunswick/dp/1551117061) is a book that has two parts: the first, shorter part introducing background on the Early Modern legal system in the HRE and Brunswick, as well as conceptions of witchcraft, devil worship, and other heretical practices in the era, as well as the status of women, and an explanatory section on Tempel Anneke's life. The second part is the full primary source record of her trial for witchcraft, including her statements and those of witnesses called for/against her. \n\nIt is an excellent resource as part secondary and part primary source, and the story of Tempel Anneke's life and trial are riveting", "edited": false, "author_flair_css_class": null, "collapsed": false, "downs": 0, "is_submitter": false, "body_html": "&lt;div class=\"md\"&gt;&lt;p&gt;&lt;a href=\"https://www.amazon.com/Trial-Tempel-Anneke-Witchcraft-Brunswick/dp/1551117061\"&gt;The Trial of Tempel Anneke: Records of a Witchcraft Trial in Brunswick, Germany, 1663 &lt;/a&gt; is a book that has two parts: the first, shorter part introducing background on the Early Modern legal system in the HRE and Brunswick, as well as conceptions of witchcraft, devil worship, and other heretical practices in the era, as well as the status of women, and an explanatory section on Tempel Anneke&amp;#39;s life. The second part is the full primary source record of her trial for witchcraft, including her statements and those of witnesses called for/against her. &lt;/p&gt;\n\n&lt;p&gt;It is an excellent resource as part secondary and part primary source, and the story of Tempel Anneke&amp;#39;s life and trial are riveting&lt;/p&gt;\n&lt;/div&gt;", "gildings": {}, "collapsed_reason": null, "associated_award": null, "stickied": false, "subreddit_type": "public", "can_gild": false, "top_awarded_type": null, "approved": false, "author_flair_text_color": "dark", "score_hidden": false, "permalink": "/r/AskHistorians/comments/lxl4rg/thursday_reading_recommendations_march_04_2021/gpu1h4n/", "num_reports": 0, "locked": false, "name": "t1_gpu1h4n", "created": 1615018553.0, "subreddit": "AskHistorians", "author_flair_text": null, "treatment_tags": [], "spam": false, "created_utc": 1614989753.0, "subreddit_name_prefixed": "r/AskHistorians", "controversiality": 0, "depth": 1, "author_flair_background_color": "", "collapsed_because_crowd_control": null, "mod_reports": [], "mod_note": null, "distinguished": null}}], "after": null, "before": null}}, "user_reports": [], "saved": false, "id": "gpqptdl", "banned_at_utc": null, "mod_reason_title": null, "gilded": 0, "archived": false, "removed": false, "no_follow": true, "author": "EBS613", "can_mod_post": true, "send_replies": true, "parent_id": "t3_lxl4rg", "score": 3, "author_fullname": "t2_1tposapo", "report_reasons": [], "approved_by": null, "all_awardings": [], "subreddit_id": "t5_2ssp3", "ignore_reports": false, "body": "I would like to read more about witchcraft,  particularly in the early modern period.  Would appreciate any recommendations.\n\nThanks for being such a wonderful subreddit!", "edited": false, "downs": 0, "author_flair_css_class": null, "is_submitter": false, "collapsed": false, "author_flair_richtext": [], "author_patreon_flair": false, "body_html": "&lt;div class=\"md\"&gt;&lt;p&gt;I would like to read more about witchcraft,  particularly in the early modern period.  Would appreciate any recommendations.&lt;/p&gt;\n\n&lt;p&gt;Thanks for being such a wonderful subreddit!&lt;/p&gt;\n&lt;/div&gt;", "gildings": {}, "collapsed_reason": null, "associated_award": null, "stickied": false, "author_premium": false, "subreddit_type": "public", "can_gild": true, "top_awarded_type": null, "approved": false, "author_flair_text_color": null, "score_hidden": false, "permalink": "/r/AskHistorians/comments/lxl4rg/thursday_reading_recommendations_march_04_2021/gpqptdl/", "num_reports": 0, "locked": false, "name": "t1_gpqptdl", "created": 1614949693.0, "subreddit": "AskHistorians", "author_flair_text": null, "treatment_tags": [], "spam": false, "created_utc": 1614920893.0, "subreddit_name_prefixed": "r/AskHistorians", "controversiality": 0, "depth": 0, "author_flair_background_color": null, "collapsed_because_crowd_control": null, "mod_reports": [], "mod_note": null, "distinguished": null}}], "after": null, "before": null}}]