[{"kind": "Listing", "data": {"modhash": null, "dist": 1, "children": [{"kind": "t3", "data": {"author_flair_background_color": null, "approved_at_utc": 1614876880, "subreddit": "AskHistorians", "selftext": "Ive been intrigued by islam for quite some time so i research things about it from time to time. A while ago i found this channel called Al-Muqadimayah (or something, i dont remember the name accurately) and it talked about early muslim history. It was quite interesting, even though i couldnt follow 75% of it because the names of people it talked about always fell out of my head so i forgot who was who. But that kind of applies to everything to me, including roman history for example.\n\n\nAnyways, i found another set of videos detailing the early muslim conquests, and i noticed a sort of trend so far. People in the conquered teritories didnt convert, they instead opted for the jizya tax. If thats the case, then why did zoroastrianism failed? Was it some sort of issue with the core religious values zoro had? It couldnt have been just because of jizya tax, because jews never converted, and christians in Iberia and Egypt kept worshipping the christ. So there must have been some other reason.\n\n\nIt also couldnt have been because of culture i think, because islam was, at first, an inherently arabian religion. So it made sense that arabian tribes all around converted to it. But zoroastrian followers were persians, actually, it'd be more accurate to say iranian because the territory inhabited more than persians. And that just fuels my point - there was barely, if any, cultural connection for zoroastrians to convert to islam.\n\n\nSo that is my question - why did zoroastrianism failed, while islam succeeded?", "user_reports": [], "saved": false, "mod_reason_title": null, "gilded": 0, "clicked": false, "title": "Why did zoroastrianism fail and islam succeed?", "link_flair_richtext": [], "subreddit_name_prefixed": "r/AskHistorians", "hidden": false, "pwls": 6, "link_flair_css_class": null, "downs": 0, "top_awarded_type": null, "parent_whitelist_status": "all_ads", "hide_score": false, "name": "t3_lxouix", "mod_reports_dismissed": [["Possibly violates submission rules - '[first]'", "AutoModerator"]], "quarantine": false, "link_flair_text_color": "dark", "upvote_ratio": 0.63, "ignore_reports": false, "subreddit_type": "public", "ups": 2, "total_awards_received": 0, "media_embed": {}, "author_flair_template_id": null, "is_original_content": false, "author_fullname": "t2_qbprg", "secure_media": null, "is_reddit_media_domain": false, "is_meta": false, "category": null, "secure_media_embed": {}, "link_flair_text": null, "can_mod_post": true, "score": 2, "approved_by": "Iphikrates", "author_premium": false, "thumbnail": "", "edited": false, "author_flair_css_class": null, "author_flair_richtext": [], "gildings": {}, "content_categories": null, "is_self": true, "mod_note": null, "created": 1614904671.0, "link_flair_type": "text", "wls": 6, "removed_by_category": null, "banned_by": null, "author_flair_type": "text", "domain": "self.AskHistorians", "allow_live_comments": false, "selftext_html": "&lt;!-- SC_OFF --&gt;&lt;div class=\"md\"&gt;&lt;p&gt;Ive been intrigued by islam for quite some time so i research things about it from time to time. A while ago i found this channel called Al-Muqadimayah (or something, i dont remember the name accurately) and it talked about early muslim history. It was quite interesting, even though i couldnt follow 75% of it because the names of people it talked about always fell out of my head so i forgot who was who. But that kind of applies to everything to me, including roman history for example.&lt;/p&gt;\n\n&lt;p&gt;Anyways, i found another set of videos detailing the early muslim conquests, and i noticed a sort of trend so far. People in the conquered teritories didnt convert, they instead opted for the jizya tax. If thats the case, then why did zoroastrianism failed? Was it some sort of issue with the core religious values zoro had? It couldnt have been just because of jizya tax, because jews never converted, and christians in Iberia and Egypt kept worshipping the christ. So there must have been some other reason.&lt;/p&gt;\n\n&lt;p&gt;It also couldnt have been because of culture i think, because islam was, at first, an inherently arabian religion. So it made sense that arabian tribes all around converted to it. But zoroastrian followers were persians, actually, it&amp;#39;d be more accurate to say iranian because the territory inhabited more than persians. And that just fuels my point - there was barely, if any, cultural connection for zoroastrians to convert to islam.&lt;/p&gt;\n\n&lt;p&gt;So that is my question - why did zoroastrianism failed, while islam succeeded?&lt;/p&gt;\n&lt;/div&gt;&lt;!-- SC_ON --&gt;", "likes": null, "suggested_sort": null, "banned_at_utc": null, "view_count": null, "archived": false, "no_follow": false, "spam": false, "is_crosspostable": true, "pinned": false, "over_18": false, "all_awardings": [], "awarders": [], "media_only": false, "can_gild": true, "removed": false, "spoiler": false, "locked": false, "author_flair_text": null, "treatment_tags": [], "visited": false, "removed_by": null, "num_reports": -1, "distinguished": null, "subreddit_id": "t5_2ssp3", "mod_reason_by": null, "removal_reason": null, "link_flair_background_color": "", "id": "lxouix", "is_robot_indexable": true, "num_duplicates": 0, "report_reasons": [], "author": "napoleonwithamg", "discussion_type": null, "num_comments": 1, "send_replies": true, "media": null, "contest_mode": false, "author_patreon_flair": false, "approved": true, "author_flair_text_color": null, "permalink": "/r/AskHistorians/comments/lxouix/why_did_zoroastrianism_fail_and_islam_succeed/", "whitelist_status": "all_ads", "stickied": false, "url": "https://www.reddit.com/r/AskHistorians/comments/lxouix/why_did_zoroastrianism_fail_and_islam_succeed/", "subreddit_subscribers": 1341740, "created_utc": 1614875871.0, "num_crossposts": 0, "mod_reports": [], "is_video": false}}], "after": null, "before": null}}, {"kind": "Listing", "data": {"modhash": null, "dist": null, "children": [{"kind": "t1", "data": {"total_awards_received": 0, "approved_at_utc": null, "comment_type": null, "awarders": [], "mod_reason_by": null, "banned_by": null, "ups": 2, "author_flair_type": "text", "removal_reason": null, "link_id": "t3_lxouix", "author_flair_template_id": null, "likes": null, "replies": "", "user_reports": [], "saved": false, "id": "gpo39qz", "banned_at_utc": null, "mod_reason_title": null, "gilded": 0, "archived": false, "removed": false, "no_follow": true, "author": "AutoModerator", "can_mod_post": true, "send_replies": false, "parent_id": "t3_lxouix", "score": 2, "author_fullname": "t2_6l4z3", "report_reasons": [], "approved_by": null, "all_awardings": [], "subreddit_id": "t5_2ssp3", "ignore_reports": false, "body": "Welcome to /r/AskHistorians. **Please [Read Our Rules](https://www.reddit.com/r/AskHistorians/wiki/rules) before you comment in this community**. Understand that [rule breaking comments get removed](https://www.reddit.com/r/AskHistorians/comments/h8aefx/rules_roundtable_xviii_removed_curation_and_why/).\n\n#Please consider **[Clicking Here for RemindMeBot](https://www.reddit.com/message/compose/?to=RemindMeBot&amp;subject=Reminder&amp;message=%5Bhttps://www.reddit.com/r/AskHistorians/comments/lxouix/why_did_zoroastrianism_fail_and_islam_succeed/%5D%0A%0ARemindMe!%202%20days)** as it takes time for an answer to be written. \n\nWe thank you for your interest in this *question*, and your patience in waiting for an in-depth and comprehensive answer to show up. In addition to RemindMeBot, consider [using our Browser Extension](https://www.reddit.com/r/AskHistorians/comments/d6dzi7/tired_of_clicking_to_find_only_removed_comments/), or getting the [Weekly Roundup](https://www.reddit.com/message/compose?to=subredditsummarybot&amp;subject=askhistorians+weekly&amp;message=x). In the meantime our [Twitter](https://twitter.com/askhistorians), [Facebook](https://www.facebook.com/askhistorians/), and [Sunday Digest](https://www.reddit.com/r/AskHistorians/search?q=title%3A%22Sunday+Digest%22&amp;restrict_sr=on&amp;sort=new&amp;t=all) feature excellent content that has already been written!\n\n\n*I am a bot, and this action was performed automatically. Please [contact the moderators of this subreddit](/message/compose/?to=/r/AskHistorians) if you have any questions or concerns.*", "edited": false, "downs": 0, "author_flair_css_class": null, "is_submitter": false, "collapsed": false, "author_flair_richtext": [], "author_patreon_flair": false, "body_html": "&lt;div class=\"md\"&gt;&lt;p&gt;Welcome to &lt;a href=\"/r/AskHistorians\"&gt;/r/AskHistorians&lt;/a&gt;. &lt;strong&gt;Please &lt;a href=\"https://www.reddit.com/r/AskHistorians/wiki/rules\"&gt;Read Our Rules&lt;/a&gt; before you comment in this community&lt;/strong&gt;. Understand that &lt;a href=\"https://www.reddit.com/r/AskHistorians/comments/h8aefx/rules_roundtable_xviii_removed_curation_and_why/\"&gt;rule breaking comments get removed&lt;/a&gt;.&lt;/p&gt;\n\n&lt;h1&gt;Please consider &lt;strong&gt;&lt;a href=\"https://www.reddit.com/message/compose/?to=RemindMeBot&amp;amp;subject=Reminder&amp;amp;message=%5Bhttps://www.reddit.com/r/AskHistorians/comments/lxouix/why_did_zoroastrianism_fail_and_islam_succeed/%5D%0A%0ARemindMe!%202%20days\"&gt;Clicking Here for RemindMeBot&lt;/a&gt;&lt;/strong&gt; as it takes time for an answer to be written.&lt;/h1&gt;\n\n&lt;p&gt;We thank you for your interest in this &lt;em&gt;question&lt;/em&gt;, and your patience in waiting for an in-depth and comprehensive answer to show up. In addition to RemindMeBot, consider &lt;a href=\"https://www.reddit.com/r/AskHistorians/comments/d6dzi7/tired_of_clicking_to_find_only_removed_comments/\"&gt;using our Browser Extension&lt;/a&gt;, or getting the &lt;a href=\"https://www.reddit.com/message/compose?to=subredditsummarybot&amp;amp;subject=askhistorians+weekly&amp;amp;message=x\"&gt;Weekly Roundup&lt;/a&gt;. In the meantime our &lt;a href=\"https://twitter.com/askhistorians\"&gt;Twitter&lt;/a&gt;, &lt;a href=\"https://www.facebook.com/askhistorians/\"&gt;Facebook&lt;/a&gt;, and &lt;a href=\"https://www.reddit.com/r/AskHistorians/search?q=title%3A%22Sunday+Digest%22&amp;amp;restrict_sr=on&amp;amp;sort=new&amp;amp;t=all\"&gt;Sunday Digest&lt;/a&gt; feature excellent content that has already been written!&lt;/p&gt;\n\n&lt;p&gt;&lt;em&gt;I am a bot, and this action was performed automatically. Please &lt;a href=\"/message/compose/?to=/r/AskHistorians\"&gt;contact the moderators of this subreddit&lt;/a&gt; if you have any questions or concerns.&lt;/em&gt;&lt;/p&gt;\n&lt;/div&gt;", "gildings": {}, "collapsed_reason": null, "associated_award": null, "stickied": true, "author_premium": true, "subreddit_type": "public", "can_gild": true, "top_awarded_type": null, "approved": false, "author_flair_text_color": null, "score_hidden": false, "permalink": "/r/AskHistorians/comments/lxouix/why_did_zoroastrianism_fail_and_islam_succeed/gpo39qz/", "num_reports": 0, "locked": true, "name": "t1_gpo39qz", "created": 1614904672.0, "subreddit": "AskHistorians", "author_flair_text": null, "treatment_tags": [], "spam": false, "created_utc": 1614875872.0, "subreddit_name_prefixed": "r/AskHistorians", "controversiality": 0, "depth": 0, "author_flair_background_color": null, "collapsed_because_crowd_control": null, "mod_reports": [], "mod_note": null, "distinguished": "moderator"}}], "after": null, "before": null}}]