[{"kind": "Listing", "data": {"modhash": "", "dist": 1, "children": [{"kind": "t3", "data": {"approved_at_utc": null, "subreddit": "AskHistorians", "selftext": "Is there any historical manuscripts talking about him or the Mongolian empire or army? Such as the brutality of their army?", "user_reports": [], "saved": false, "mod_reason_title": null, "gilded": 0, "clicked": false, "title": "What are some written Chinese accounts of the Mongolians during the reign of genghis khan?", "link_flair_richtext": [], "subreddit_name_prefixed": "r/AskHistorians", "hidden": false, "pwls": 6, "link_flair_css_class": null, "downs": 0, "top_awarded_type": null, "parent_whitelist_status": "all_ads", "hide_score": false, "name": "t3_lxv0on", "quarantine": false, "link_flair_text_color": "dark", "upvote_ratio": 0.84, "author_flair_background_color": null, "subreddit_type": "public", "ups": 4, "total_awards_received": 0, "media_embed": {}, "author_flair_template_id": null, "is_original_content": false, "author_fullname": "t2_1oafch26", "secure_media": null, "is_reddit_media_domain": false, "is_meta": false, "category": null, "secure_media_embed": {}, "link_flair_text": null, "can_mod_post": false, "score": 4, "approved_by": null, "author_premium": false, "thumbnail": "", "edited": false, "author_flair_css_class": null, "author_flair_richtext": [], "gildings": {}, "content_categories": null, "is_self": true, "mod_note": null, "created": 1614919886.0, "link_flair_type": "text", "wls": 6, "removed_by_category": null, "banned_by": null, "author_flair_type": "text", "domain": "self.AskHistorians", "allow_live_comments": false, "selftext_html": "&lt;!-- SC_OFF --&gt;&lt;div class=\"md\"&gt;&lt;p&gt;Is there any historical manuscripts talking about him or the Mongolian empire or army? Such as the brutality of their army?&lt;/p&gt;\n&lt;/div&gt;&lt;!-- SC_ON --&gt;", "likes": null, "suggested_sort": null, "banned_at_utc": null, "view_count": null, "archived": false, "no_follow": false, "is_crosspostable": false, "pinned": false, "over_18": false, "all_awardings": [], "awarders": [], "media_only": false, "can_gild": false, "spoiler": false, "locked": false, "author_flair_text": null, "treatment_tags": [], "visited": false, "removed_by": null, "num_reports": null, "distinguished": null, "subreddit_id": "t5_2ssp3", "mod_reason_by": null, "removal_reason": null, "link_flair_background_color": "", "id": "lxv0on", "is_robot_indexable": true, "num_duplicates": 1, "report_reasons": null, "author": "NYCambition21", "discussion_type": null, "num_comments": 2, "send_replies": true, "media": null, "contest_mode": false, "author_patreon_flair": false, "author_flair_text_color": null, "permalink": "/r/AskHistorians/comments/lxv0on/what_are_some_written_chinese_accounts_of_the/", "whitelist_status": "all_ads", "stickied": false, "url": "https://www.reddit.com/r/AskHistorians/comments/lxv0on/what_are_some_written_chinese_accounts_of_the/", "subreddit_subscribers": 1341213, "created_utc": 1614891086.0, "num_crossposts": 0, "mod_reports": [], "is_video": false}}], "after": null, "before": null}}, {"kind": "Listing", "data": {"modhash": "", "dist": null, "children": [{"kind": "t1", "data": {"total_awards_received": 0, "approved_at_utc": null, "comment_type": null, "awarders": [], "mod_reason_by": null, "banned_by": null, "ups": 1, "author_flair_type": "text", "removal_reason": null, "link_id": "t3_lxv0on", "author_flair_template_id": null, "likes": null, "replies": "", "user_reports": [], "saved": false, "id": "gpp3fwi", "banned_at_utc": null, "mod_reason_title": null, "gilded": 0, "archived": false, "no_follow": true, "author": "AutoModerator", "can_mod_post": false, "send_replies": false, "parent_id": "t3_lxv0on", "score": 1, "author_fullname": "t2_6l4z3", "report_reasons": null, "approved_by": null, "all_awardings": [], "subreddit_id": "t5_2ssp3", "body": "Welcome to /r/AskHistorians. **Please [Read Our Rules](https://www.reddit.com/r/AskHistorians/wiki/rules) before you comment in this community**. Understand that [rule breaking comments get removed](https://www.reddit.com/r/AskHistorians/comments/h8aefx/rules_roundtable_xviii_removed_curation_and_why/).\n\n#Please consider **[Clicking Here for RemindMeBot](https://www.reddit.com/message/compose/?to=RemindMeBot&amp;subject=Reminder&amp;message=%5Bhttps://www.reddit.com/r/AskHistorians/comments/lxv0on/what_are_some_written_chinese_accounts_of_the/%5D%0A%0ARemindMe!%202%20days)** as it takes time for an answer to be written. \n\nWe thank you for your interest in this *question*, and your patience in waiting for an in-depth and comprehensive answer to show up. In addition to RemindMeBot, consider [using our Browser Extension](https://www.reddit.com/r/AskHistorians/comments/d6dzi7/tired_of_clicking_to_find_only_removed_comments/), or getting the [Weekly Roundup](https://www.reddit.com/message/compose?to=subredditsummarybot&amp;subject=askhistorians+weekly&amp;message=x). In the meantime our [Twitter](https://twitter.com/askhistorians), [Facebook](https://www.facebook.com/askhistorians/), and [Sunday Digest](https://www.reddit.com/r/AskHistorians/search?q=title%3A%22Sunday+Digest%22&amp;restrict_sr=on&amp;sort=new&amp;t=all) feature excellent content that has already been written!\n\n\n*I am a bot, and this action was performed automatically. Please [contact the moderators of this subreddit](/message/compose/?to=/r/AskHistorians) if you have any questions or concerns.*", "edited": false, "downs": 0, "author_flair_css_class": null, "is_submitter": false, "collapsed": false, "author_flair_richtext": [], "author_patreon_flair": false, "body_html": "&lt;div class=\"md\"&gt;&lt;p&gt;Welcome to &lt;a href=\"/r/AskHistorians\"&gt;/r/AskHistorians&lt;/a&gt;. &lt;strong&gt;Please &lt;a href=\"https://www.reddit.com/r/AskHistorians/wiki/rules\"&gt;Read Our Rules&lt;/a&gt; before you comment in this community&lt;/strong&gt;. Understand that &lt;a href=\"https://www.reddit.com/r/AskHistorians/comments/h8aefx/rules_roundtable_xviii_removed_curation_and_why/\"&gt;rule breaking comments get removed&lt;/a&gt;.&lt;/p&gt;\n\n&lt;h1&gt;Please consider &lt;strong&gt;&lt;a href=\"https://www.reddit.com/message/compose/?to=RemindMeBot&amp;amp;subject=Reminder&amp;amp;message=%5Bhttps://www.reddit.com/r/AskHistorians/comments/lxv0on/what_are_some_written_chinese_accounts_of_the/%5D%0A%0ARemindMe!%202%20days\"&gt;Clicking Here for RemindMeBot&lt;/a&gt;&lt;/strong&gt; as it takes time for an answer to be written.&lt;/h1&gt;\n\n&lt;p&gt;We thank you for your interest in this &lt;em&gt;question&lt;/em&gt;, and your patience in waiting for an in-depth and comprehensive answer to show up. In addition to RemindMeBot, consider &lt;a href=\"https://www.reddit.com/r/AskHistorians/comments/d6dzi7/tired_of_clicking_to_find_only_removed_comments/\"&gt;using our Browser Extension&lt;/a&gt;, or getting the &lt;a href=\"https://www.reddit.com/message/compose?to=subredditsummarybot&amp;amp;subject=askhistorians+weekly&amp;amp;message=x\"&gt;Weekly Roundup&lt;/a&gt;. In the meantime our &lt;a href=\"https://twitter.com/askhistorians\"&gt;Twitter&lt;/a&gt;, &lt;a href=\"https://www.facebook.com/askhistorians/\"&gt;Facebook&lt;/a&gt;, and &lt;a href=\"https://www.reddit.com/r/AskHistorians/search?q=title%3A%22Sunday+Digest%22&amp;amp;restrict_sr=on&amp;amp;sort=new&amp;amp;t=all\"&gt;Sunday Digest&lt;/a&gt; feature excellent content that has already been written!&lt;/p&gt;\n\n&lt;p&gt;&lt;em&gt;I am a bot, and this action was performed automatically. Please &lt;a href=\"/message/compose/?to=/r/AskHistorians\"&gt;contact the moderators of this subreddit&lt;/a&gt; if you have any questions or concerns.&lt;/em&gt;&lt;/p&gt;\n&lt;/div&gt;", "gildings": {}, "collapsed_reason": null, "associated_award": null, "stickied": true, "author_premium": true, "subreddit_type": "public", "can_gild": true, "top_awarded_type": null, "author_flair_text_color": null, "score_hidden": true, "permalink": "/r/AskHistorians/comments/lxv0on/what_are_some_written_chinese_accounts_of_the/gpp3fwi/", "num_reports": null, "locked": true, "name": "t1_gpp3fwi", "created": 1614919886.0, "subreddit": "AskHistorians", "author_flair_text": null, "treatment_tags": [], "created_utc": 1614891086.0, "subreddit_name_prefixed": "r/AskHistorians", "controversiality": 0, "depth": 0, "author_flair_background_color": null, "collapsed_because_crowd_control": null, "mod_reports": [], "mod_note": null, "distinguished": "moderator"}}, {"kind": "t1", "data": {"total_awards_received": 0, "approved_at_utc": null, "comment_type": null, "awarders": [], "mod_reason_by": null, "banned_by": null, "ups": 6, "author_flair_type": "richtext", "removal_reason": null, "link_id": "t3_lxv0on", "author_flair_template_id": "7b2f3f40-c626-11e2-9a3e-12313d1841d1", "likes": null, "replies": "", "user_reports": [], "saved": false, "id": "gpr1ewd", "banned_at_utc": null, "mod_reason_title": null, "gilded": 0, "archived": false, "no_follow": false, "author": "y_sengaku", "can_mod_post": false, "send_replies": true, "parent_id": "t3_lxv0on", "score": 6, "author_fullname": "t2_mdu63", "report_reasons": null, "approved_by": null, "all_awardings": [], "subreddit_id": "t5_2ssp3", "body": "As I explained in [Do first hand accounts of Genghis Khan exist?](https://www.reddit.com/r/AskHistorians/comments/jk0qn1/do_first_hand_accounts_of_genghis_khan_exist/),  two of three oldest contemporary accounts of the Mongols are written by the Chinese (in wider sense, though), based on the oral account of Daoist Master Chang chun (Qiu Chuji) who had met Genghis Khan in person, or the Chinese (more precisely, Khitan) intellectual who served both Genghis and his son \u00d6g\u00f6dei, Yel\u00fc Chucai (d. 1244).   \n\nWhile the former narrates the memoir of Daoist Master who was asked by Genghis about the immortal elixir, the latter focuses more on the political circumstances and the movement of the Mongols in the last years of Genghis Khan. The rough line of Chucai's account is now also available in interactive app.: https://www.arcgis.com/apps/MapJournal/index.html?appid=e0fe47ae592c4cab8930bbb37ce41269\n\nThere seems to also be some 'unofficial' as well as official accounts by Jin (Northern China) authors on the siege, as I mentioned in [Is there any Mongolian accounts of dealing with Black Plague?](https://www.reddit.com/r/AskHistorians/comments/ardc1c/is_there_any_mongolian_accounts_of_dealing_with/), but I'm not sure whether these details account can date further back into the lifetime of Genghis (The cited part in the linked thread was supposedly occurred in the reign of \u00d6g\u00f6dei).  \n\nOn the other hand, I suppose the majority of the accounts on the alleged brutality of the Mongol's expedition in Genghis's last years in Central Asia is roughly based either on the pens of the Islam or the Persian authors. While a few contemporary author belonged to the former milieu, the latter's tradition, Persian chronicle writing, began with Ata-Malik Juvaini (d. 1283 CE) in the 1250s, nearly a generation after Genghis's death. \n\nReference:  \n\n* [Hymes, Robert. 'Epilogue: A Hypothesis on the East Asian Beginnings of the Yersinia pestis Polytomy'. In: *Pandemic Disease in the Medieval World: Rethinking the Black Death*, ed. Monica H. Green, pp. 285-308. Kalamazoo, MI: Arc Medieval Pr., 2014.](https://core.ac.uk/download/pdf/144152564.pdf)  \n* Jackson, Peter. *The Mongols and the Islamic World from Conquest to Conversion*. New Haven: Yale UP, 2017.", "edited": false, "downs": 0, "author_flair_css_class": null, "is_submitter": false, "collapsed": false, "author_flair_richtext": [{"e": "text", "t": "Medieval Scandinavia"}], "author_patreon_flair": false, "body_html": "&lt;div class=\"md\"&gt;&lt;p&gt;As I explained in &lt;a href=\"https://www.reddit.com/r/AskHistorians/comments/jk0qn1/do_first_hand_accounts_of_genghis_khan_exist/\"&gt;Do first hand accounts of Genghis Khan exist?&lt;/a&gt;,  two of three oldest contemporary accounts of the Mongols are written by the Chinese (in wider sense, though), based on the oral account of Daoist Master Chang chun (Qiu Chuji) who had met Genghis Khan in person, or the Chinese (more precisely, Khitan) intellectual who served both Genghis and his son \u00d6g\u00f6dei, Yel\u00fc Chucai (d. 1244).   &lt;/p&gt;\n\n&lt;p&gt;While the former narrates the memoir of Daoist Master who was asked by Genghis about the immortal elixir, the latter focuses more on the political circumstances and the movement of the Mongols in the last years of Genghis Khan. The rough line of Chucai&amp;#39;s account is now also available in interactive app.: &lt;a href=\"https://www.arcgis.com/apps/MapJournal/index.html?appid=e0fe47ae592c4cab8930bbb37ce41269\"&gt;https://www.arcgis.com/apps/MapJournal/index.html?appid=e0fe47ae592c4cab8930bbb37ce41269&lt;/a&gt;&lt;/p&gt;\n\n&lt;p&gt;There seems to also be some &amp;#39;unofficial&amp;#39; as well as official accounts by Jin (Northern China) authors on the siege, as I mentioned in &lt;a href=\"https://www.reddit.com/r/AskHistorians/comments/ardc1c/is_there_any_mongolian_accounts_of_dealing_with/\"&gt;Is there any Mongolian accounts of dealing with Black Plague?&lt;/a&gt;, but I&amp;#39;m not sure whether these details account can date further back into the lifetime of Genghis (The cited part in the linked thread was supposedly occurred in the reign of \u00d6g\u00f6dei).  &lt;/p&gt;\n\n&lt;p&gt;On the other hand, I suppose the majority of the accounts on the alleged brutality of the Mongol&amp;#39;s expedition in Genghis&amp;#39;s last years in Central Asia is roughly based either on the pens of the Islam or the Persian authors. While a few contemporary author belonged to the former milieu, the latter&amp;#39;s tradition, Persian chronicle writing, began with Ata-Malik Juvaini (d. 1283 CE) in the 1250s, nearly a generation after Genghis&amp;#39;s death. &lt;/p&gt;\n\n&lt;p&gt;Reference:  &lt;/p&gt;\n\n&lt;ul&gt;\n&lt;li&gt;&lt;a href=\"https://core.ac.uk/download/pdf/144152564.pdf\"&gt;Hymes, Robert. &amp;#39;Epilogue: A Hypothesis on the East Asian Beginnings of the Yersinia pestis Polytomy&amp;#39;. In: &lt;em&gt;Pandemic Disease in the Medieval World: Rethinking the Black Death&lt;/em&gt;, ed. Monica H. Green, pp. 285-308. Kalamazoo, MI: Arc Medieval Pr., 2014.&lt;/a&gt;&lt;br/&gt;&lt;/li&gt;\n&lt;li&gt;Jackson, Peter. &lt;em&gt;The Mongols and the Islamic World from Conquest to Conversion&lt;/em&gt;. New Haven: Yale UP, 2017.&lt;/li&gt;\n&lt;/ul&gt;\n&lt;/div&gt;", "gildings": {}, "collapsed_reason": null, "associated_award": null, "stickied": false, "author_premium": false, "subreddit_type": "public", "can_gild": true, "top_awarded_type": null, "author_flair_text_color": "light", "score_hidden": false, "permalink": "/r/AskHistorians/comments/lxv0on/what_are_some_written_chinese_accounts_of_the/gpr1ewd/", "num_reports": null, "locked": false, "name": "t1_gpr1ewd", "created": 1614958588.0, "subreddit": "AskHistorians", "author_flair_text": "Medieval Scandinavia", "treatment_tags": [], "created_utc": 1614929788.0, "subreddit_name_prefixed": "r/AskHistorians", "controversiality": 0, "depth": 0, "author_flair_background_color": "#003399", "collapsed_because_crowd_control": null, "mod_reports": [], "mod_note": null, "distinguished": null}}], "after": null, "before": null}}]