[{"kind": "Listing", "data": {"modhash": "", "dist": 1, "children": [{"kind": "t3", "data": {"approved_at_utc": null, "subreddit": "AskHistorians", "selftext": "[removed]", "user_reports": [], "saved": false, "mod_reason_title": null, "gilded": 0, "clicked": false, "title": "If historians have never been able to create a detailed map of Pagan Roman Italy (I have not seen one anywhere) does this not imply that there may be scores of totally forgotten Roman towns and villages still lying undiscovered under the ground?", "link_flair_richtext": [], "subreddit_name_prefixed": "r/AskHistorians", "hidden": false, "pwls": 6, "link_flair_css_class": null, "downs": 0, "top_awarded_type": null, "parent_whitelist_status": "all_ads", "hide_score": false, "name": "t3_lxyykj", "quarantine": false, "link_flair_text_color": "dark", "upvote_ratio": 0.64, "author_flair_background_color": null, "subreddit_type": "public", "ups": 3, "total_awards_received": 0, "media_embed": {}, "author_flair_template_id": null, "is_original_content": false, "author_fullname": "t2_6htbhvhd", "secure_media": null, "is_reddit_media_domain": false, "is_meta": false, "category": null, "secure_media_embed": {}, "link_flair_text": null, "can_mod_post": false, "score": 3, "approved_by": null, "author_premium": false, "thumbnail": "", "edited": 1614910532.0, "author_flair_css_class": null, "author_flair_richtext": [], "gildings": {}, "content_categories": null, "is_self": true, "mod_note": null, "created": 1614930901.0, "link_flair_type": "text", "wls": 6, "removed_by_category": "moderator", "banned_by": null, "author_flair_type": "text", "domain": "self.AskHistorians", "allow_live_comments": false, "selftext_html": "&lt;!-- SC_OFF --&gt;&lt;div class=\"md\"&gt;&lt;p&gt;[removed]&lt;/p&gt;\n&lt;/div&gt;&lt;!-- SC_ON --&gt;", "likes": null, "suggested_sort": null, "banned_at_utc": null, "view_count": null, "archived": false, "no_follow": true, "is_crosspostable": false, "pinned": false, "over_18": false, "all_awardings": [], "awarders": [], "media_only": false, "can_gild": false, "spoiler": false, "locked": false, "author_flair_text": null, "treatment_tags": [], "visited": false, "removed_by": null, "num_reports": null, "distinguished": null, "subreddit_id": "t5_2ssp3", "mod_reason_by": null, "removal_reason": null, "link_flair_background_color": "", "id": "lxyykj", "is_robot_indexable": false, "num_duplicates": 0, "report_reasons": null, "author": "New_Pakistani", "discussion_type": null, "num_comments": 2, "send_replies": true, "media": null, "contest_mode": false, "author_patreon_flair": false, "author_flair_text_color": null, "permalink": "/r/AskHistorians/comments/lxyykj/if_historians_have_never_been_able_to_create_a/", "whitelist_status": "all_ads", "stickied": false, "url": "https://www.reddit.com/r/AskHistorians/comments/lxyykj/if_historians_have_never_been_able_to_create_a/", "subreddit_subscribers": 1341213, "created_utc": 1614902101.0, "num_crossposts": 0, "mod_reports": [], "is_video": false}}], "after": null, "before": null}}, {"kind": "Listing", "data": {"modhash": "", "dist": null, "children": [{"kind": "t1", "data": {"total_awards_received": 0, "approved_at_utc": null, "comment_type": null, "awarders": [], "mod_reason_by": null, "banned_by": null, "ups": 1, "author_flair_type": "text", "removal_reason": null, "link_id": "t3_lxyykj", "author_flair_template_id": null, "likes": null, "replies": "", "user_reports": [], "saved": false, "id": "gpprage", "banned_at_utc": null, "mod_reason_title": null, "gilded": 0, "archived": false, "no_follow": true, "author": "AutoModerator", "can_mod_post": false, "send_replies": false, "parent_id": "t3_lxyykj", "score": 1, "author_fullname": "t2_6l4z3", "report_reasons": null, "approved_by": null, "all_awardings": [], "subreddit_id": "t5_2ssp3", "body": "Welcome to /r/AskHistorians. **Please [Read Our Rules](https://www.reddit.com/r/AskHistorians/wiki/rules) before you comment in this community**. Understand that [rule breaking comments get removed](https://www.reddit.com/r/AskHistorians/comments/h8aefx/rules_roundtable_xviii_removed_curation_and_why/).\n\n#Please consider **[Clicking Here for RemindMeBot](https://www.reddit.com/message/compose/?to=RemindMeBot&amp;subject=Reminder&amp;message=%5Bhttps://www.reddit.com/r/AskHistorians/comments/lxyykj/if_historians_have_never_been_able_to_create_a/%5D%0A%0ARemindMe!%202%20days)** as it takes time for an answer to be written. \n\nWe thank you for your interest in this *question*, and your patience in waiting for an in-depth and comprehensive answer to show up. In addition to RemindMeBot, consider [using our Browser Extension](https://www.reddit.com/r/AskHistorians/comments/d6dzi7/tired_of_clicking_to_find_only_removed_comments/), or getting the [Weekly Roundup](https://www.reddit.com/message/compose?to=subredditsummarybot&amp;subject=askhistorians+weekly&amp;message=x). In the meantime our [Twitter](https://twitter.com/askhistorians), [Facebook](https://www.facebook.com/askhistorians/), and [Sunday Digest](https://www.reddit.com/r/AskHistorians/search?q=title%3A%22Sunday+Digest%22&amp;restrict_sr=on&amp;sort=new&amp;t=all) feature excellent content that has already been written!\n\n\n*I am a bot, and this action was performed automatically. Please [contact the moderators of this subreddit](/message/compose/?to=/r/AskHistorians) if you have any questions or concerns.*", "edited": false, "downs": 0, "author_flair_css_class": null, "is_submitter": false, "collapsed": false, "author_flair_richtext": [], "author_patreon_flair": false, "body_html": "&lt;div class=\"md\"&gt;&lt;p&gt;Welcome to &lt;a href=\"/r/AskHistorians\"&gt;/r/AskHistorians&lt;/a&gt;. &lt;strong&gt;Please &lt;a href=\"https://www.reddit.com/r/AskHistorians/wiki/rules\"&gt;Read Our Rules&lt;/a&gt; before you comment in this community&lt;/strong&gt;. Understand that &lt;a href=\"https://www.reddit.com/r/AskHistorians/comments/h8aefx/rules_roundtable_xviii_removed_curation_and_why/\"&gt;rule breaking comments get removed&lt;/a&gt;.&lt;/p&gt;\n\n&lt;h1&gt;Please consider &lt;strong&gt;&lt;a href=\"https://www.reddit.com/message/compose/?to=RemindMeBot&amp;amp;subject=Reminder&amp;amp;message=%5Bhttps://www.reddit.com/r/AskHistorians/comments/lxyykj/if_historians_have_never_been_able_to_create_a/%5D%0A%0ARemindMe!%202%20days\"&gt;Clicking Here for RemindMeBot&lt;/a&gt;&lt;/strong&gt; as it takes time for an answer to be written.&lt;/h1&gt;\n\n&lt;p&gt;We thank you for your interest in this &lt;em&gt;question&lt;/em&gt;, and your patience in waiting for an in-depth and comprehensive answer to show up. In addition to RemindMeBot, consider &lt;a href=\"https://www.reddit.com/r/AskHistorians/comments/d6dzi7/tired_of_clicking_to_find_only_removed_comments/\"&gt;using our Browser Extension&lt;/a&gt;, or getting the &lt;a href=\"https://www.reddit.com/message/compose?to=subredditsummarybot&amp;amp;subject=askhistorians+weekly&amp;amp;message=x\"&gt;Weekly Roundup&lt;/a&gt;. In the meantime our &lt;a href=\"https://twitter.com/askhistorians\"&gt;Twitter&lt;/a&gt;, &lt;a href=\"https://www.facebook.com/askhistorians/\"&gt;Facebook&lt;/a&gt;, and &lt;a href=\"https://www.reddit.com/r/AskHistorians/search?q=title%3A%22Sunday+Digest%22&amp;amp;restrict_sr=on&amp;amp;sort=new&amp;amp;t=all\"&gt;Sunday Digest&lt;/a&gt; feature excellent content that has already been written!&lt;/p&gt;\n\n&lt;p&gt;&lt;em&gt;I am a bot, and this action was performed automatically. Please &lt;a href=\"/message/compose/?to=/r/AskHistorians\"&gt;contact the moderators of this subreddit&lt;/a&gt; if you have any questions or concerns.&lt;/em&gt;&lt;/p&gt;\n&lt;/div&gt;", "gildings": {}, "collapsed_reason": null, "associated_award": null, "stickied": true, "author_premium": true, "subreddit_type": "public", "can_gild": true, "top_awarded_type": null, "author_flair_text_color": null, "score_hidden": true, "permalink": "/r/AskHistorians/comments/lxyykj/if_historians_have_never_been_able_to_create_a/gpprage/", "num_reports": null, "locked": true, "name": "t1_gpprage", "created": 1614930901.0, "subreddit": "AskHistorians", "author_flair_text": null, "treatment_tags": [], "created_utc": 1614902101.0, "subreddit_name_prefixed": "r/AskHistorians", "controversiality": 0, "depth": 0, "author_flair_background_color": null, "collapsed_because_crowd_control": null, "mod_reports": [], "mod_note": null, "distinguished": "moderator"}}, {"kind": "t1", "data": {"total_awards_received": 0, "approved_at_utc": null, "comment_type": null, "awarders": [], "mod_reason_by": null, "banned_by": null, "ups": 2, "author_flair_type": "richtext", "removal_reason": null, "link_id": "t3_lxyykj", "author_flair_template_id": "7b2f3f40-c626-11e2-9a3e-12313d1841d1", "likes": null, "replies": "", "user_reports": [], "saved": false, "id": "gpqcf9a", "banned_at_utc": null, "mod_reason_title": null, "gilded": 0, "archived": false, "no_follow": true, "author": "sunagainstgold", "can_mod_post": false, "send_replies": true, "parent_id": "t3_lxyykj", "score": 2, "author_fullname": "t2_j83ki", "report_reasons": null, "approved_by": null, "all_awardings": [], "subreddit_id": "t5_2ssp3", "body": "Hi there! We've removed your question because it's asking [basic facts](https://www.reddit.com/r/AskHistorians/wiki/rules#wiki_basic_facts) which can be answered by reference works. These include, but are not limited to, a name, a number, a date or time, a location, the origin of a word, or first/last instance of a specific phenomenon.  **We'd encourage you to instead post this question in the weekly, stickied [\"Short Answers to Simple Questions\"](https://www.reddit.com/r/AskHistorians/search?sort=new&amp;restrict_sr=on&amp;q=flair%3ASASQ) thread, where questions of basic fact can be answered succinctly, based on reliable sources.** For more information on this rule, [please see this Rules Roundtable](https://www.reddit.com/r/AskHistorians/comments/g3pdjp/rules_roundtable_ix_the_basics_facts_rule_and/).\r\n\r\nAlternatively, if you didn't mean to ask a simple question about basic facts, but have a more complex question in mind, feel free to repost a reworded question. If you need some pointers, the mod team is always happy to assist if you [contact us in modmail](https://www.reddit.com/message/compose?to=%2Fr%2FAskHistorians), but also be sure to check out this [Rules Roundtable on asking better questions](https://www.reddit.com/r/AskHistorians/comments/g3pbdv/rules_roundtable_viii_asking_better_questions_to/).\r\n\r\nFinally, don\u2019t forget that there's many subreddits on Reddit aimed at answering your questions. Consider /r/AskHistory (which has lighter moderation but similar topic matter to /r/AskHistorians), /r/explainlikeimfive (which is specifically aimed at simple and easily digested answers), or /r/etymology (which focuses on the origins of words and phrases).", "edited": false, "downs": 0, "author_flair_css_class": null, "is_submitter": false, "collapsed": false, "author_flair_richtext": [{"e": "text", "t": "Moderator | Medieval &amp; Earliest Modern Europe "}], "author_patreon_flair": false, "body_html": "&lt;div class=\"md\"&gt;&lt;p&gt;Hi there! We&amp;#39;ve removed your question because it&amp;#39;s asking &lt;a href=\"https://www.reddit.com/r/AskHistorians/wiki/rules#wiki_basic_facts\"&gt;basic facts&lt;/a&gt; which can be answered by reference works. These include, but are not limited to, a name, a number, a date or time, a location, the origin of a word, or first/last instance of a specific phenomenon.  &lt;strong&gt;We&amp;#39;d encourage you to instead post this question in the weekly, stickied &lt;a href=\"https://www.reddit.com/r/AskHistorians/search?sort=new&amp;amp;restrict_sr=on&amp;amp;q=flair%3ASASQ\"&gt;&amp;quot;Short Answers to Simple Questions&amp;quot;&lt;/a&gt; thread, where questions of basic fact can be answered succinctly, based on reliable sources.&lt;/strong&gt; For more information on this rule, &lt;a href=\"https://www.reddit.com/r/AskHistorians/comments/g3pdjp/rules_roundtable_ix_the_basics_facts_rule_and/\"&gt;please see this Rules Roundtable&lt;/a&gt;.&lt;/p&gt;\n\n&lt;p&gt;Alternatively, if you didn&amp;#39;t mean to ask a simple question about basic facts, but have a more complex question in mind, feel free to repost a reworded question. If you need some pointers, the mod team is always happy to assist if you &lt;a href=\"https://www.reddit.com/message/compose?to=%2Fr%2FAskHistorians\"&gt;contact us in modmail&lt;/a&gt;, but also be sure to check out this &lt;a href=\"https://www.reddit.com/r/AskHistorians/comments/g3pbdv/rules_roundtable_viii_asking_better_questions_to/\"&gt;Rules Roundtable on asking better questions&lt;/a&gt;.&lt;/p&gt;\n\n&lt;p&gt;Finally, don\u2019t forget that there&amp;#39;s many subreddits on Reddit aimed at answering your questions. Consider &lt;a href=\"/r/AskHistory\"&gt;/r/AskHistory&lt;/a&gt; (which has lighter moderation but similar topic matter to &lt;a href=\"/r/AskHistorians\"&gt;/r/AskHistorians&lt;/a&gt;), &lt;a href=\"/r/explainlikeimfive\"&gt;/r/explainlikeimfive&lt;/a&gt; (which is specifically aimed at simple and easily digested answers), or &lt;a href=\"/r/etymology\"&gt;/r/etymology&lt;/a&gt; (which focuses on the origins of words and phrases).&lt;/p&gt;\n&lt;/div&gt;", "gildings": {}, "collapsed_reason": null, "associated_award": null, "stickied": false, "author_premium": true, "subreddit_type": "public", "can_gild": true, "top_awarded_type": null, "author_flair_text_color": "light", "score_hidden": false, "permalink": "/r/AskHistorians/comments/lxyykj/if_historians_have_never_been_able_to_create_a/gpqcf9a/", "num_reports": null, "locked": false, "name": "t1_gpqcf9a", "created": 1614941857.0, "subreddit": "AskHistorians", "author_flair_text": "Moderator | Medieval &amp; Earliest Modern Europe ", "treatment_tags": [], "created_utc": 1614913057.0, "subreddit_name_prefixed": "r/AskHistorians", "controversiality": 0, "depth": 0, "author_flair_background_color": "#003399", "collapsed_because_crowd_control": null, "mod_reports": [], "mod_note": null, "distinguished": "moderator"}}], "after": null, "before": null}}]