[{"kind": "Listing", "data": {"modhash": "", "dist": 1, "children": [{"kind": "t3", "data": {"approved_at_utc": null, "subreddit": "AskHistorians", "selftext": "I ask this because the song [_Tachanka_](https://en.wikipedia.org/wiki/Tachanka_(song)) references many places and tactics that were part of the Black Army (Tachanka Warfare in general, as well as many Ukranian cities such as Kiev and Poltava), but refers to such things as being part of the Red army (which, admittedly, they later were).\n\nWas Black army covered up and portrayed as part of the Red army, or was it viewed as separate in the Soviet cultural memory?", "user_reports": [], "saved": false, "mod_reason_title": null, "gilded": 0, "clicked": false, "title": "What was the cultural memory of the Black Army of the Ukraine in the USSR? Was it acknowledged as being a separate faction of the civil war (and thus likely demonized), or viewed/revised retrospectively as part of the Red Army.", "link_flair_richtext": [], "subreddit_name_prefixed": "r/AskHistorians", "hidden": false, "pwls": 6, "link_flair_css_class": null, "downs": 0, "parent_whitelist_status": "all_ads", "hide_score": false, "name": "t3_dpyvan", "quarantine": false, "link_flair_text_color": "dark", "upvote_ratio": 0.96, "author_flair_background_color": null, "subreddit_type": "public", "ups": 22, "total_awards_received": 0, "media_embed": {}, "author_flair_template_id": null, "is_original_content": false, "author_fullname": "t2_xw0ox", "secure_media": null, "is_reddit_media_domain": false, "is_meta": false, "category": null, "secure_media_embed": {}, "link_flair_text": null, "can_mod_post": false, "num_duplicates": 1, "approved_by": null, "author_premium": false, "thumbnail": "", "edited": false, "author_flair_css_class": null, "author_flair_richtext": [], "gildings": {}, "content_categories": null, "is_self": true, "mod_note": null, "created": 1572607785.0, "link_flair_type": "text", "wls": 6, "removed_by_category": null, "banned_by": null, "author_flair_type": "text", "domain": "self.AskHistorians", "allow_live_comments": false, "selftext_html": "&lt;!-- SC_OFF --&gt;&lt;div class=\"md\"&gt;&lt;p&gt;I ask this because the song &lt;a href=\"https://en.wikipedia.org/wiki/Tachanka_(song\"&gt;&lt;em&gt;Tachanka&lt;/em&gt;&lt;/a&gt;) references many places and tactics that were part of the Black Army (Tachanka Warfare in general, as well as many Ukranian cities such as Kiev and Poltava), but refers to such things as being part of the Red army (which, admittedly, they later were).&lt;/p&gt;\n\n&lt;p&gt;Was Black army covered up and portrayed as part of the Red army, or was it viewed as separate in the Soviet cultural memory?&lt;/p&gt;\n&lt;/div&gt;&lt;!-- SC_ON --&gt;", "likes": null, "suggested_sort": null, "banned_at_utc": null, "view_count": null, "archived": false, "score": 22, "no_follow": false, "is_crosspostable": false, "pinned": false, "over_18": false, "all_awardings": [], "awarders": [], "media_only": false, "can_gild": false, "spoiler": false, "locked": false, "author_flair_text": null, "visited": false, "removed_by": null, "num_reports": null, "distinguished": null, "subreddit_id": "t5_2ssp3", "mod_reason_by": null, "removal_reason": null, "link_flair_background_color": "", "id": "dpyvan", "is_robot_indexable": true, "report_reasons": null, "author": "TheDwarvenGuy", "discussion_type": null, "num_comments": 3, "send_replies": true, "media": null, "contest_mode": false, "author_patreon_flair": false, "author_flair_text_color": null, "permalink": "/r/AskHistorians/comments/dpyvan/what_was_the_cultural_memory_of_the_black_army_of/", "whitelist_status": "all_ads", "stickied": false, "url": "https://www.reddit.com/r/AskHistorians/comments/dpyvan/what_was_the_cultural_memory_of_the_black_army_of/", "subreddit_subscribers": 1079964, "created_utc": 1572578985.0, "num_crossposts": 0, "mod_reports": [], "is_video": false}}], "after": null, "before": null}}, {"kind": "Listing", "data": {"modhash": "", "dist": null, "children": [{"kind": "t1", "data": {"total_awards_received": 0, "approved_at_utc": null, "ups": 1, "awarders": [], "mod_reason_by": null, "banned_by": null, "author_flair_type": "richtext", "removal_reason": null, "link_id": "t3_dpyvan", "author_flair_template_id": "9e641f94-c626-11e2-8e2c-12313b0b21ae", "likes": null, "replies": "", "user_reports": [], "saved": false, "id": "f5zkacf", "banned_at_utc": null, "mod_reason_title": null, "gilded": 0, "archived": false, "no_follow": true, "author": "AutoModerator", "can_mod_post": false, "send_replies": false, "parent_id": "t3_dpyvan", "score": 1, "author_fullname": "t2_6l4z3", "report_reasons": null, "approved_by": null, "all_awardings": [], "subreddit_id": "t5_2ssp3", "body": "Welcome to /r/AskHistorians. **Please [Read Our Rules](https://www.reddit.com/r/AskHistorians/wiki/rules) before you comment in this community**. Understand that rule breaking comments get removed.\n\nWe thank you for your interest in this *question*, and your patience in waiting for an in-depth and comprehensive answer to be written, which takes time. Please consider **[Clicking Here for RemindMeBot](https://www.reddit.com/message/compose/?to=RemindMeBot&amp;subject=Reminder&amp;message=%5Bhttps://www.reddit.com/r/AskHistorians/comments/dpyvan/what_was_the_cultural_memory_of_the_black_army_of/%5D%0A%0ARemindMe!%202%20days)**, [using our Browser Extension](https://www.reddit.com/r/AskHistorians/comments/d6dzi7/tired_of_clicking_to_find_only_removed_comments/), or getting the [Weekly Roundup](https://www.reddit.com/message/compose?to=subredditsummarybot&amp;subject=askhistorians+weekly&amp;message=x). In the meantime our [Twitter](https://twitter.com/askhistorians), [Facebook](https://www.facebook.com/askhistorians/), and [Sunday Digest](https://www.reddit.com/r/AskHistorians/search?q=title%3A%22Sunday+Digest%22&amp;restrict_sr=on&amp;sort=new&amp;t=all) feature excellent content that has already been written!\n\n\n*I am a bot, and this action was performed automatically. Please [contact the moderators of this subreddit](/message/compose/?to=/r/AskHistorians) if you have any questions or concerns.*", "edited": false, "author_flair_css_class": "moderator", "is_submitter": false, "downs": 0, "author_flair_richtext": [{"e": "text", "t": "History of Robotics"}], "author_patreon_flair": false, "body_html": "&lt;div class=\"md\"&gt;&lt;p&gt;Welcome to &lt;a href=\"/r/AskHistorians\"&gt;/r/AskHistorians&lt;/a&gt;. &lt;strong&gt;Please &lt;a href=\"https://www.reddit.com/r/AskHistorians/wiki/rules\"&gt;Read Our Rules&lt;/a&gt; before you comment in this community&lt;/strong&gt;. Understand that rule breaking comments get removed.&lt;/p&gt;\n\n&lt;p&gt;We thank you for your interest in this &lt;em&gt;question&lt;/em&gt;, and your patience in waiting for an in-depth and comprehensive answer to be written, which takes time. Please consider &lt;strong&gt;&lt;a href=\"https://www.reddit.com/message/compose/?to=RemindMeBot&amp;amp;subject=Reminder&amp;amp;message=%5Bhttps://www.reddit.com/r/AskHistorians/comments/dpyvan/what_was_the_cultural_memory_of_the_black_army_of/%5D%0A%0ARemindMe!%202%20days\"&gt;Clicking Here for RemindMeBot&lt;/a&gt;&lt;/strong&gt;, &lt;a href=\"https://www.reddit.com/r/AskHistorians/comments/d6dzi7/tired_of_clicking_to_find_only_removed_comments/\"&gt;using our Browser Extension&lt;/a&gt;, or getting the &lt;a href=\"https://www.reddit.com/message/compose?to=subredditsummarybot&amp;amp;subject=askhistorians+weekly&amp;amp;message=x\"&gt;Weekly Roundup&lt;/a&gt;. In the meantime our &lt;a href=\"https://twitter.com/askhistorians\"&gt;Twitter&lt;/a&gt;, &lt;a href=\"https://www.facebook.com/askhistorians/\"&gt;Facebook&lt;/a&gt;, and &lt;a href=\"https://www.reddit.com/r/AskHistorians/search?q=title%3A%22Sunday+Digest%22&amp;amp;restrict_sr=on&amp;amp;sort=new&amp;amp;t=all\"&gt;Sunday Digest&lt;/a&gt; feature excellent content that has already been written!&lt;/p&gt;\n\n&lt;p&gt;&lt;em&gt;I am a bot, and this action was performed automatically. Please &lt;a href=\"/message/compose/?to=/r/AskHistorians\"&gt;contact the moderators of this subreddit&lt;/a&gt; if you have any questions or concerns.&lt;/em&gt;&lt;/p&gt;\n&lt;/div&gt;", "gildings": {}, "collapsed_reason": null, "associated_award": null, "stickied": true, "author_premium": true, "subreddit_type": "public", "can_gild": true, "subreddit": "AskHistorians", "author_flair_text_color": "light", "score_hidden": true, "permalink": "/r/AskHistorians/comments/dpyvan/what_was_the_cultural_memory_of_the_black_army_of/f5zkacf/", "num_reports": null, "locked": true, "name": "t1_f5zkacf", "created": 1572607786.0, "author_flair_text": "History of Robotics", "collapsed": false, "created_utc": 1572578986.0, "subreddit_name_prefixed": "r/AskHistorians", "controversiality": 0, "depth": 0, "author_flair_background_color": "#8b008b", "collapsed_because_crowd_control": null, "mod_reports": [], "mod_note": null, "distinguished": "moderator"}}, {"kind": "t1", "data": {"total_awards_received": 0, "approved_at_utc": null, "ups": 11, "awarders": [], "mod_reason_by": null, "banned_by": null, "author_flair_type": "richtext", "removal_reason": null, "link_id": "t3_dpyvan", "author_flair_template_id": "7b2f3f40-c626-11e2-9a3e-12313d1841d1", "likes": null, "replies": {"kind": "Listing", "data": {"modhash": "", "dist": null, "children": [{"kind": "t1", "data": {"total_awards_received": 0, "approved_at_utc": null, "ups": 4, "awarders": [], "mod_reason_by": null, "banned_by": null, "author_flair_type": "richtext", "removal_reason": null, "link_id": "t3_dpyvan", "author_flair_template_id": "7b2f3f40-c626-11e2-9a3e-12313d1841d1", "likes": null, "replies": "", "user_reports": [], "saved": false, "id": "f60dp76", "banned_at_utc": null, "mod_reason_title": null, "gilded": 0, "archived": false, "no_follow": false, "author": "hamiltonkg", "can_mod_post": false, "send_replies": true, "parent_id": "t1_f605dd8", "score": 4, "author_fullname": "t2_11a1rg1a", "report_reasons": null, "approved_by": null, "all_awardings": [], "subreddit_id": "t5_2ssp3", "body": "Perhaps the greatest single resource documenting what constitutes the 'Soviet collective memory' is The Great Soviet Encyclopedia-- a government-issued encyclopedia (1926-1990) which had this to say about Makhno and his ill-fated though terribly romantic Black Army:\n\n&gt;The social base of the Makhno movement was the well-to-do peasantry of the Left-bank Ukraine, especially in Ekaterinoslav and Kharkov provinces, where a considerable stratification of the peasantry could be observed as early as the late 19th century and where the proportion of kulaks was substantial. It was from this region that the Makhno movement drew its forces and material resources and most of its leaders. However, the *Makhnovshchina* was not a local movement \\[...\\] The prosperous strata of the Left-bank Ukrainian peasantry, who after the Revolution had acquired the estates of many large landholders in that area, had a decisive influence on the political orientation of the Makhno movement.  \n&gt;  \n&gt;At times when there was a threat of restoration of the large landowners (under the German occupation and under the White Guards) relatively broad strata of the peasant masses joined the Makhno movement; in the struggle against Soviet power the followers of Makhno drew their support from the well-to-do people in the countryside. From 1921 the movement was supported only by the kulaks. Declassed elements rallied to Makhno's banners throughout the existence of his movement-- deserters, former White Guard soldiers, and criminals; in the final period these elements came to predominate. ^(\\[)[^(5)](http://www.nestormakhno.info/english/gse-makhno.htm)^(\\])\n\nSo in sum, Makhno's anarchists were:\n\n* Counterrevolutionary\n* Reactionary\n* Bourgeoisie\n* Foreign\n* Cowards (or at least deserters) and criminals\n\nRegardless of any mention of their subjective heroism in songs like *Tachanka,* the Bolsheviks made no effort to rehabilitate the Black Army and in fact labeled them elements of the left reaction. Ironically, that same moniker would be the one foisted upon Trotsky and his ilk during their subsequent persecution within a decade of the writing showcased above.", "edited": 1572615931.0, "author_flair_css_class": "europe", "is_submitter": false, "downs": 0, "author_flair_richtext": [{"e": "text", "t": "History of Russia | Soviet Union and Late Imperial Period"}], "author_patreon_flair": false, "body_html": "&lt;div class=\"md\"&gt;&lt;p&gt;Perhaps the greatest single resource documenting what constitutes the &amp;#39;Soviet collective memory&amp;#39; is The Great Soviet Encyclopedia-- a government-issued encyclopedia (1926-1990) which had this to say about Makhno and his ill-fated though terribly romantic Black Army:&lt;/p&gt;\n\n&lt;blockquote&gt;\n&lt;p&gt;The social base of the Makhno movement was the well-to-do peasantry of the Left-bank Ukraine, especially in Ekaterinoslav and Kharkov provinces, where a considerable stratification of the peasantry could be observed as early as the late 19th century and where the proportion of kulaks was substantial. It was from this region that the Makhno movement drew its forces and material resources and most of its leaders. However, the &lt;em&gt;Makhnovshchina&lt;/em&gt; was not a local movement [...] The prosperous strata of the Left-bank Ukrainian peasantry, who after the Revolution had acquired the estates of many large landholders in that area, had a decisive influence on the political orientation of the Makhno movement.  &lt;/p&gt;\n\n&lt;p&gt;At times when there was a threat of restoration of the large landowners (under the German occupation and under the White Guards) relatively broad strata of the peasant masses joined the Makhno movement; in the struggle against Soviet power the followers of Makhno drew their support from the well-to-do people in the countryside. From 1921 the movement was supported only by the kulaks. Declassed elements rallied to Makhno&amp;#39;s banners throughout the existence of his movement-- deserters, former White Guard soldiers, and criminals; in the final period these elements came to predominate. &lt;sup&gt;\\&lt;/sup&gt;)&lt;a href=\"http://www.nestormakhno.info/english/gse-makhno.htm\"&gt;&lt;sup&gt;5&lt;/sup&gt;&lt;/a&gt;&lt;sup&gt;\\&lt;/sup&gt;)&lt;/p&gt;\n&lt;/blockquote&gt;\n\n&lt;p&gt;So in sum, Makhno&amp;#39;s anarchists were:&lt;/p&gt;\n\n&lt;ul&gt;\n&lt;li&gt;Counterrevolutionary&lt;/li&gt;\n&lt;li&gt;Reactionary&lt;/li&gt;\n&lt;li&gt;Bourgeoisie&lt;/li&gt;\n&lt;li&gt;Foreign&lt;/li&gt;\n&lt;li&gt;Cowards (or at least deserters) and criminals&lt;/li&gt;\n&lt;/ul&gt;\n\n&lt;p&gt;Regardless of any mention of their subjective heroism in songs like &lt;em&gt;Tachanka,&lt;/em&gt; the Bolsheviks made no effort to rehabilitate the Black Army and in fact labeled them elements of the left reaction. Ironically, that same moniker would be the one foisted upon Trotsky and his ilk during their subsequent persecution within a decade of the writing showcased above.&lt;/p&gt;\n&lt;/div&gt;", "gildings": {}, "collapsed_reason": null, "associated_award": null, "stickied": false, "author_premium": true, "subreddit_type": "public", "can_gild": true, "subreddit": "AskHistorians", "author_flair_text_color": "light", "score_hidden": false, "permalink": "/r/AskHistorians/comments/dpyvan/what_was_the_cultural_memory_of_the_black_army_of/f60dp76/", "num_reports": null, "locked": false, "name": "t1_f60dp76", "created": 1572643255.0, "author_flair_text": "History of Russia | Soviet Union and Late Imperial Period", "collapsed": false, "created_utc": 1572614455.0, "subreddit_name_prefixed": "r/AskHistorians", "controversiality": 0, "depth": 1, "author_flair_background_color": "#003399", "collapsed_because_crowd_control": null, "mod_reports": [], "mod_note": null, "distinguished": null}}], "after": null, "before": null}}, "user_reports": [], "saved": false, "id": "f605dd8", "banned_at_utc": null, "mod_reason_title": null, "gilded": 0, "archived": false, "no_follow": false, "author": "hamiltonkg", "can_mod_post": false, "send_replies": true, "parent_id": "t3_dpyvan", "score": 11, "author_fullname": "t2_11a1rg1a", "report_reasons": null, "approved_by": null, "all_awardings": [], "subreddit_id": "t5_2ssp3", "body": "Ah the Black Army. What romantics! What dreamers! What fools!\n\nThe Black Army (and their forebearers the Black Guards-- essentially the anarchist version of the communist Red Guards) were an anarchist movement in the Ukraine that represented the most organized and successful wing of the anarcho-revolutionary clique during the Russian Revolution. Their stated end-goal post-revolution was a free and independent non-state in the southern region of the former Russian Empire.\n\nThe tricky thing about answering this question, is that the outward Soviet perception of the anarchists significantly changed during the revolution as the Soviet position became more and more stable. I say outward here because I suspect that the Bolsheviks recognized the anarchist movement for the threat to their power it was from the moment people like Makhno began to garner significant attention, but just as they cooperated with the Mensheviks and Socialist Revolutionaries to a certain extent before ruthlessly purging their ranks, so too did Lenin, Trotsky, and others entertain fraternal relations with the nascent anarchist movement at the outset of the revolution and civil war only to stab them in the back, denounce them, and then murder a good deal of them as soon as doing so became feasible.\n\nBased on the wording of your question, it sounds like you're after the bottom line though, which is this: the Makhno movement was crushed (quite literally) the moment the Bolsheviks were sure they no longer required their material support in order to win the civil war. The Black Army were portrayed as traitors and counterrevolutionaries in the Soviet collective memory henceforth.\n\nLev Trotsky's *The Makhno Movement* (1919) summarizes Bolshevik opposition to the Black Army quite concisely:\n\n&gt;Makhno and his closest co-thinkers consider themselves Anarchists, and on this basis they 'reject' state power. So then, are they the enemies of the Soviet power? Obviously, since *Soviet power is the state power of the workers and working peasants*.^(\\[)[^(1)](http://www.nestormakhno.info/english/trotsky/makh_mov.htm)^(\\])\n\n(Emphasis in the original)\n\nBefore 1920, during which Admiral Aleksandr Kolchak-- the internationally recognized head-of-state of Russia-- was captured and executed by the Bolsheviks and the slow crush of inevitable defeat pressed down upon the White Army, when Soviet rule over the country was still far from a certainty, the latter were far more accommodating to the anarchists (who theoretically resisted Lenin's centralized Soviet power structure), but as Bolshevik victory grew more and more inevitable, this erstwhile friendliness was eroded further and further and the anarchists in general (as well as Nestor Makhno and his Black Army specifically) were presented more and more as counterrevolutionaries.\n\nWhat does that mean?\n\nThat means that on one hand you have Vladimir Lenin referring to 'the most dedicated supporters of Soviet power,' in reference to the anarchists and on the other hand 'Soviet newspapers \\[...\\] attack\\[ing\\] them as 'kulaks' and 'Anarcho-Bandits.''^(\\[)[^(2)](https://theanarchistlibrary.org/library/paul-avrich-russian-anarchists-and-the-civil-war)^(\\]) The bulk of the anarchist movement supported Bolshevik power as the lesser of two evils in the Russian Civil War in the hopes of working towards statelessness after the war was won.\n\nThis attitude is personified by Russian emigre-turned-immigrant Bill Shatov (meaning he left Russia for the United States in 1907 and returned in 1917 when the revolution occurred), who said of Bolshevik-anarchist cooperation:\n\n&gt;We anarchists should remain true to our ideals, but we should not criticize at this time. We must work and help to build.\n\nAnd is reinforced by the anarchist-terrorist-turned-Bolshevik Yuda Roshchin (Sometimes transliterated Judah Grossman):\n\n&gt;It is the duty of every anarchist to work whole-heartedly with the Communists, who are the advance guard of the Revolution. Leave your theories alone, and do practical work for the reconstruction of Russia. The need is great, and the Bolsheviks welcome you.\n\nYou can see hints of the iron fist to come in Trotsky's contemporaneous writings but the sad irony is that many of the standard operating protocols of the Black Army were actually quite similar to the initial operating protocols of the Red Army (see [this answer](https://www.reddit.com/r/AskHistorians/comments/cyqysm/how_did_the_bolsheviks_win_over_military_support/) I wrote about military support for the Bolsheviks after Order No. 1 of the Petrograd Soviet which sought to 'democratize' the army).\n\nFrom Trotsky:\n\n&gt;Makhno's 'army' is guerrilla-ism at its worst. \\[...\\] No hint of order and discipline is to be found in this 'army.' There is no supply organisation. Food, uniforms and ammunition are seized wherever they happen to come to hand, and they are expended in the same careless way. This 'army' also fights when it feels like it. It obeys no orders. Individual groups advance when they can, that is, when they encounter no serious resistance. \\[...\\] The blame for all this lies wholly with the muddle-headed and dissipated Anarchist commanders.  \n&gt;  \n&gt;In this 'army,' commanders are elected \\[...\\] the Makhnovite commanders reflect the interests of a minute group of Anarchists who rely on the kulaks and the ignorant.\n\nElecting officers (or more specifically, extra-military committees who could appoint officers) was item number one of the aforementioned Order No. 1 showing just how quickly the Bolsheviks had completely amended their ideology during three years of horrific, internecine civil war:\n\n&gt;In all companies, battalions, regiments, batteries, squadrons and separate services of various military departments and on board naval ships committees shall be immediately elected from among representatives of the rankers of the foregoing units. ^(\\[)[^(3)](https://www.marxists.org/history/ussr/government/1917/03/01.htm)^(\\])\n\nIn late 1919 and early 1920 the Red Army chain of command, at the head of which was Lev Trotsky remember, issued orders to Makhno and his Black Army to press towards the Polish Front and aid Mikhail Tukhachevsky's efforts there in the Soviet-Polish War. Makhno rightly recognized this order as an attempt to force the Black Army to evacuate their own territory and create a vacuum which Trotsky and his Red Army could move in and fill should they obey, or demonstrate direct insubordination and expose themselves to Bolshevik propaganda decrying their non-cooperation and lack of collective efforts should they refuse.\n\nMakhno refused and Trotsky sent the Red Army to the Ukraine to destroy them. After about eight months of conflict that saw typhus ravage the Black Army (who was already severely outnumbered and relied almost exclusively on guerrilla tactics), the Bolsheviks once more extended an olive branch-- welcoming Makhno back into the fold of Bolshevik power and blanket amnesty for all imprisoned anarchists should they aid with the upcoming offensive thrust to the Crimean peninsula. Makhno accepted this offer only to be betrayed less than a month later after the Black Army aided the Red Army in the 1920 defeat of Baron Wrangal in Crimea. Immediately upon Wrangel's defeat, Black Army leaders present at the battle were rounded up and shot. The next day, Makhno's operating headquarters were raided, more leaders were shot, and Trotsky resumed his antagonistic rhetoric towards the anarchists.\n\n&gt;Is it thinkable in such a situation to permit on the territory of the Soviet republic the existence of armed bands which form themselves around atamans and *Batkos*, bands which do not recognise the will of the working class, which seize whatever they like and fight with whomsoever they choose? No, it is time to finish with this Anarcho-kulak debauchery, to finish with it firmly, once and for all, so that nobody will ever want to indulge in such conduct again.\n\nMakhno himself escaped the Ukraine and lived out his life in exile in Paris where he continued writing and decrying the Bolsheviks (thereby helping to cement his own denunciation within the USSR).\n\nFrom Makhno's *Soviet Power-- Its Present and Its Future* (1931):\n\n&gt;The lunacy of this regime must be eliminated and replaced by the vital principles of the exploited workers, on a basis of solidarity, freedom and equal voice for each and every person, in short, for all concerned with genuine emancipation. ^(\\[)[^(4)](https://www.marxists.org/reference/archive/makhno-nestor/works/1931/10/soviet-power.htm)^(\\])", "edited": 1572608649.0, "author_flair_css_class": "europe", "is_submitter": false, "downs": 0, "author_flair_richtext": [{"e": "text", "t": "History of Russia | Soviet Union and Late Imperial Period"}], "author_patreon_flair": false, "body_html": "&lt;div class=\"md\"&gt;&lt;p&gt;Ah the Black Army. What romantics! What dreamers! What fools!&lt;/p&gt;\n\n&lt;p&gt;The Black Army (and their forebearers the Black Guards-- essentially the anarchist version of the communist Red Guards) were an anarchist movement in the Ukraine that represented the most organized and successful wing of the anarcho-revolutionary clique during the Russian Revolution. Their stated end-goal post-revolution was a free and independent non-state in the southern region of the former Russian Empire.&lt;/p&gt;\n\n&lt;p&gt;The tricky thing about answering this question, is that the outward Soviet perception of the anarchists significantly changed during the revolution as the Soviet position became more and more stable. I say outward here because I suspect that the Bolsheviks recognized the anarchist movement for the threat to their power it was from the moment people like Makhno began to garner significant attention, but just as they cooperated with the Mensheviks and Socialist Revolutionaries to a certain extent before ruthlessly purging their ranks, so too did Lenin, Trotsky, and others entertain fraternal relations with the nascent anarchist movement at the outset of the revolution and civil war only to stab them in the back, denounce them, and then murder a good deal of them as soon as doing so became feasible.&lt;/p&gt;\n\n&lt;p&gt;Based on the wording of your question, it sounds like you&amp;#39;re after the bottom line though, which is this: the Makhno movement was crushed (quite literally) the moment the Bolsheviks were sure they no longer required their material support in order to win the civil war. The Black Army were portrayed as traitors and counterrevolutionaries in the Soviet collective memory henceforth.&lt;/p&gt;\n\n&lt;p&gt;Lev Trotsky&amp;#39;s &lt;em&gt;The Makhno Movement&lt;/em&gt; (1919) summarizes Bolshevik opposition to the Black Army quite concisely:&lt;/p&gt;\n\n&lt;blockquote&gt;\n&lt;p&gt;Makhno and his closest co-thinkers consider themselves Anarchists, and on this basis they &amp;#39;reject&amp;#39; state power. So then, are they the enemies of the Soviet power? Obviously, since &lt;em&gt;Soviet power is the state power of the workers and working peasants&lt;/em&gt;.&lt;sup&gt;\\&lt;/sup&gt;)&lt;a href=\"http://www.nestormakhno.info/english/trotsky/makh_mov.htm\"&gt;&lt;sup&gt;1&lt;/sup&gt;&lt;/a&gt;&lt;sup&gt;\\&lt;/sup&gt;)&lt;/p&gt;\n&lt;/blockquote&gt;\n\n&lt;p&gt;(Emphasis in the original)&lt;/p&gt;\n\n&lt;p&gt;Before 1920, during which Admiral Aleksandr Kolchak-- the internationally recognized head-of-state of Russia-- was captured and executed by the Bolsheviks and the slow crush of inevitable defeat pressed down upon the White Army, when Soviet rule over the country was still far from a certainty, the latter were far more accommodating to the anarchists (who theoretically resisted Lenin&amp;#39;s centralized Soviet power structure), but as Bolshevik victory grew more and more inevitable, this erstwhile friendliness was eroded further and further and the anarchists in general (as well as Nestor Makhno and his Black Army specifically) were presented more and more as counterrevolutionaries.&lt;/p&gt;\n\n&lt;p&gt;What does that mean?&lt;/p&gt;\n\n&lt;p&gt;That means that on one hand you have Vladimir Lenin referring to &amp;#39;the most dedicated supporters of Soviet power,&amp;#39; in reference to the anarchists and on the other hand &amp;#39;Soviet newspapers [...] attack[ing] them as &amp;#39;kulaks&amp;#39; and &amp;#39;Anarcho-Bandits.&amp;#39;&amp;#39;&lt;sup&gt;\\&lt;/sup&gt;)&lt;a href=\"https://theanarchistlibrary.org/library/paul-avrich-russian-anarchists-and-the-civil-war\"&gt;&lt;sup&gt;2&lt;/sup&gt;&lt;/a&gt;&lt;sup&gt;\\&lt;/sup&gt;) The bulk of the anarchist movement supported Bolshevik power as the lesser of two evils in the Russian Civil War in the hopes of working towards statelessness after the war was won.&lt;/p&gt;\n\n&lt;p&gt;This attitude is personified by Russian emigre-turned-immigrant Bill Shatov (meaning he left Russia for the United States in 1907 and returned in 1917 when the revolution occurred), who said of Bolshevik-anarchist cooperation:&lt;/p&gt;\n\n&lt;blockquote&gt;\n&lt;p&gt;We anarchists should remain true to our ideals, but we should not criticize at this time. We must work and help to build.&lt;/p&gt;\n&lt;/blockquote&gt;\n\n&lt;p&gt;And is reinforced by the anarchist-terrorist-turned-Bolshevik Yuda Roshchin (Sometimes transliterated Judah Grossman):&lt;/p&gt;\n\n&lt;blockquote&gt;\n&lt;p&gt;It is the duty of every anarchist to work whole-heartedly with the Communists, who are the advance guard of the Revolution. Leave your theories alone, and do practical work for the reconstruction of Russia. The need is great, and the Bolsheviks welcome you.&lt;/p&gt;\n&lt;/blockquote&gt;\n\n&lt;p&gt;You can see hints of the iron fist to come in Trotsky&amp;#39;s contemporaneous writings but the sad irony is that many of the standard operating protocols of the Black Army were actually quite similar to the initial operating protocols of the Red Army (see &lt;a href=\"https://www.reddit.com/r/AskHistorians/comments/cyqysm/how_did_the_bolsheviks_win_over_military_support/\"&gt;this answer&lt;/a&gt; I wrote about military support for the Bolsheviks after Order No. 1 of the Petrograd Soviet which sought to &amp;#39;democratize&amp;#39; the army).&lt;/p&gt;\n\n&lt;p&gt;From Trotsky:&lt;/p&gt;\n\n&lt;blockquote&gt;\n&lt;p&gt;Makhno&amp;#39;s &amp;#39;army&amp;#39; is guerrilla-ism at its worst. [...] No hint of order and discipline is to be found in this &amp;#39;army.&amp;#39; There is no supply organisation. Food, uniforms and ammunition are seized wherever they happen to come to hand, and they are expended in the same careless way. This &amp;#39;army&amp;#39; also fights when it feels like it. It obeys no orders. Individual groups advance when they can, that is, when they encounter no serious resistance. [...] The blame for all this lies wholly with the muddle-headed and dissipated Anarchist commanders.  &lt;/p&gt;\n\n&lt;p&gt;In this &amp;#39;army,&amp;#39; commanders are elected [...] the Makhnovite commanders reflect the interests of a minute group of Anarchists who rely on the kulaks and the ignorant.&lt;/p&gt;\n&lt;/blockquote&gt;\n\n&lt;p&gt;Electing officers (or more specifically, extra-military committees who could appoint officers) was item number one of the aforementioned Order No. 1 showing just how quickly the Bolsheviks had completely amended their ideology during three years of horrific, internecine civil war:&lt;/p&gt;\n\n&lt;blockquote&gt;\n&lt;p&gt;In all companies, battalions, regiments, batteries, squadrons and separate services of various military departments and on board naval ships committees shall be immediately elected from among representatives of the rankers of the foregoing units. &lt;sup&gt;\\&lt;/sup&gt;)&lt;a href=\"https://www.marxists.org/history/ussr/government/1917/03/01.htm\"&gt;&lt;sup&gt;3&lt;/sup&gt;&lt;/a&gt;&lt;sup&gt;\\&lt;/sup&gt;)&lt;/p&gt;\n&lt;/blockquote&gt;\n\n&lt;p&gt;In late 1919 and early 1920 the Red Army chain of command, at the head of which was Lev Trotsky remember, issued orders to Makhno and his Black Army to press towards the Polish Front and aid Mikhail Tukhachevsky&amp;#39;s efforts there in the Soviet-Polish War. Makhno rightly recognized this order as an attempt to force the Black Army to evacuate their own territory and create a vacuum which Trotsky and his Red Army could move in and fill should they obey, or demonstrate direct insubordination and expose themselves to Bolshevik propaganda decrying their non-cooperation and lack of collective efforts should they refuse.&lt;/p&gt;\n\n&lt;p&gt;Makhno refused and Trotsky sent the Red Army to the Ukraine to destroy them. After about eight months of conflict that saw typhus ravage the Black Army (who was already severely outnumbered and relied almost exclusively on guerrilla tactics), the Bolsheviks once more extended an olive branch-- welcoming Makhno back into the fold of Bolshevik power and blanket amnesty for all imprisoned anarchists should they aid with the upcoming offensive thrust to the Crimean peninsula. Makhno accepted this offer only to be betrayed less than a month later after the Black Army aided the Red Army in the 1920 defeat of Baron Wrangal in Crimea. Immediately upon Wrangel&amp;#39;s defeat, Black Army leaders present at the battle were rounded up and shot. The next day, Makhno&amp;#39;s operating headquarters were raided, more leaders were shot, and Trotsky resumed his antagonistic rhetoric towards the anarchists.&lt;/p&gt;\n\n&lt;blockquote&gt;\n&lt;p&gt;Is it thinkable in such a situation to permit on the territory of the Soviet republic the existence of armed bands which form themselves around atamans and &lt;em&gt;Batkos&lt;/em&gt;, bands which do not recognise the will of the working class, which seize whatever they like and fight with whomsoever they choose? No, it is time to finish with this Anarcho-kulak debauchery, to finish with it firmly, once and for all, so that nobody will ever want to indulge in such conduct again.&lt;/p&gt;\n&lt;/blockquote&gt;\n\n&lt;p&gt;Makhno himself escaped the Ukraine and lived out his life in exile in Paris where he continued writing and decrying the Bolsheviks (thereby helping to cement his own denunciation within the USSR).&lt;/p&gt;\n\n&lt;p&gt;From Makhno&amp;#39;s &lt;em&gt;Soviet Power-- Its Present and Its Future&lt;/em&gt; (1931):&lt;/p&gt;\n\n&lt;blockquote&gt;\n&lt;p&gt;The lunacy of this regime must be eliminated and replaced by the vital principles of the exploited workers, on a basis of solidarity, freedom and equal voice for each and every person, in short, for all concerned with genuine emancipation. &lt;sup&gt;\\&lt;/sup&gt;)&lt;a href=\"https://www.marxists.org/reference/archive/makhno-nestor/works/1931/10/soviet-power.htm\"&gt;&lt;sup&gt;4&lt;/sup&gt;&lt;/a&gt;&lt;sup&gt;\\&lt;/sup&gt;)&lt;/p&gt;\n&lt;/blockquote&gt;\n&lt;/div&gt;", "gildings": {}, "collapsed_reason": null, "associated_award": null, "stickied": false, "author_premium": true, "subreddit_type": "public", "can_gild": true, "subreddit": "AskHistorians", "author_flair_text_color": "light", "score_hidden": false, "permalink": "/r/AskHistorians/comments/dpyvan/what_was_the_cultural_memory_of_the_black_army_of/f605dd8/", "num_reports": null, "locked": false, "name": "t1_f605dd8", "created": 1572634866.0, "author_flair_text": "History of Russia | Soviet Union and Late Imperial Period", "collapsed": false, "created_utc": 1572606066.0, "subreddit_name_prefixed": "r/AskHistorians", "controversiality": 0, "depth": 0, "author_flair_background_color": "#003399", "collapsed_because_crowd_control": null, "mod_reports": [], "mod_note": null, "distinguished": null}}], "after": null, "before": null}}]