[{"kind": "Listing", "data": {"modhash": "", "dist": 1, "children": [{"kind": "t3", "data": {"approved_at_utc": null, "subreddit": "AskHistorians", "selftext": "Prior to the development of the press, it was common practice for the copying monks to scrape the parchment and re-use it to write a different book. \n\nI also remember Galileo, in The Assayer (1623) describing the printing of a book as something like \"striking the paper multiple times with hot iron, leaving the page really hot\" (I could search for the exact reference, but I know it's part of his athomists arguments in the book).\n\nMy questions are:\n\n- were early methods of printing more permanent to parchment paper than handwriting? \n\n- Was this at all discussed or am I being too anachronistic?\n\n- Was the value of a printed book high enough that it outweighed the possibilities of the reusing the material?\n\n- was the scraping of books largely confined to monasteries and didn't affect the beginnings of a book production? \n\nSorry for the many questions.\n\nEdit: grammar and formating", "user_reports": [], "saved": false, "mod_reason_title": null, "gilded": 0, "clicked": false, "title": "How did the invention of the press affect the usage of parchment paper?", "link_flair_richtext": [], "subreddit_name_prefixed": "r/AskHistorians", "hidden": false, "pwls": 6, "link_flair_css_class": null, "downs": 0, "parent_whitelist_status": "all_ads", "hide_score": false, "name": "t3_dpz4cm", "quarantine": false, "link_flair_text_color": "dark", "upvote_ratio": 1.0, "author_flair_background_color": null, "subreddit_type": "public", "ups": 3, "total_awards_received": 0, "media_embed": {}, "author_flair_template_id": null, "is_original_content": false, "author_fullname": "t2_4ex8yrnh", "secure_media": null, "is_reddit_media_domain": false, "is_meta": false, "category": null, "secure_media_embed": {}, "link_flair_text": null, "can_mod_post": false, "num_duplicates": 1, "approved_by": null, "author_premium": false, "thumbnail": "", "edited": 1572627044.0, "author_flair_css_class": null, "author_flair_richtext": [], "gildings": {}, "content_categories": null, "is_self": true, "mod_note": null, "created": 1572609239.0, "link_flair_type": "text", "wls": 6, "removed_by_category": null, "banned_by": null, "author_flair_type": "text", "domain": "self.AskHistorians", "allow_live_comments": false, "selftext_html": "&lt;!-- SC_OFF --&gt;&lt;div class=\"md\"&gt;&lt;p&gt;Prior to the development of the press, it was common practice for the copying monks to scrape the parchment and re-use it to write a different book. &lt;/p&gt;\n\n&lt;p&gt;I also remember Galileo, in The Assayer (1623) describing the printing of a book as something like &amp;quot;striking the paper multiple times with hot iron, leaving the page really hot&amp;quot; (I could search for the exact reference, but I know it&amp;#39;s part of his athomists arguments in the book).&lt;/p&gt;\n\n&lt;p&gt;My questions are:&lt;/p&gt;\n\n&lt;ul&gt;\n&lt;li&gt;&lt;p&gt;were early methods of printing more permanent to parchment paper than handwriting? &lt;/p&gt;&lt;/li&gt;\n&lt;li&gt;&lt;p&gt;Was this at all discussed or am I being too anachronistic?&lt;/p&gt;&lt;/li&gt;\n&lt;li&gt;&lt;p&gt;Was the value of a printed book high enough that it outweighed the possibilities of the reusing the material?&lt;/p&gt;&lt;/li&gt;\n&lt;li&gt;&lt;p&gt;was the scraping of books largely confined to monasteries and didn&amp;#39;t affect the beginnings of a book production? &lt;/p&gt;&lt;/li&gt;\n&lt;/ul&gt;\n\n&lt;p&gt;Sorry for the many questions.&lt;/p&gt;\n\n&lt;p&gt;Edit: grammar and formating&lt;/p&gt;\n&lt;/div&gt;&lt;!-- SC_ON --&gt;", "likes": null, "suggested_sort": null, "banned_at_utc": null, "view_count": null, "archived": false, "score": 3, "no_follow": true, "is_crosspostable": false, "pinned": false, "over_18": false, "all_awardings": [], "awarders": [], "media_only": false, "can_gild": false, "spoiler": false, "locked": false, "author_flair_text": null, "visited": false, "removed_by": null, "num_reports": null, "distinguished": null, "subreddit_id": "t5_2ssp3", "mod_reason_by": null, "removal_reason": null, "link_flair_background_color": "", "id": "dpz4cm", "is_robot_indexable": true, "report_reasons": null, "author": "IlSaggiatore420", "discussion_type": null, "num_comments": 3, "send_replies": true, "media": null, "contest_mode": false, "author_patreon_flair": false, "author_flair_text_color": null, "permalink": "/r/AskHistorians/comments/dpz4cm/how_did_the_invention_of_the_press_affect_the/", "whitelist_status": "all_ads", "stickied": false, "url": "https://www.reddit.com/r/AskHistorians/comments/dpz4cm/how_did_the_invention_of_the_press_affect_the/", "subreddit_subscribers": 1079964, "created_utc": 1572580439.0, "num_crossposts": 0, "mod_reports": [], "is_video": false}}], "after": null, "before": null}}, {"kind": "Listing", "data": {"modhash": "", "dist": null, "children": [{"kind": "t1", "data": {"total_awards_received": 0, "approved_at_utc": null, "ups": 1, "awarders": [], "mod_reason_by": null, "banned_by": null, "author_flair_type": "richtext", "removal_reason": null, "link_id": "t3_dpz4cm", "author_flair_template_id": "9e641f94-c626-11e2-8e2c-12313b0b21ae", "likes": null, "replies": "", "user_reports": [], "saved": false, "id": "f5zmam5", "banned_at_utc": null, "mod_reason_title": null, "gilded": 0, "archived": false, "no_follow": true, "author": "AutoModerator", "can_mod_post": false, "send_replies": false, "parent_id": "t3_dpz4cm", "score": 1, "author_fullname": "t2_6l4z3", "report_reasons": null, "approved_by": null, "all_awardings": [], "subreddit_id": "t5_2ssp3", "body": "Welcome to /r/AskHistorians. **Please [Read Our Rules](https://www.reddit.com/r/AskHistorians/wiki/rules) before you comment in this community**. Understand that rule breaking comments get removed.\n\nWe thank you for your interest in this *question*, and your patience in waiting for an in-depth and comprehensive answer to be written, which takes time. Please consider **[Clicking Here for RemindMeBot](https://www.reddit.com/message/compose/?to=RemindMeBot&amp;subject=Reminder&amp;message=%5Bhttps://www.reddit.com/r/AskHistorians/comments/dpz4cm/how_did_the_invention_of_the_press_affect_the/%5D%0A%0ARemindMe!%202%20days)**, [using our Browser Extension](https://www.reddit.com/r/AskHistorians/comments/d6dzi7/tired_of_clicking_to_find_only_removed_comments/), or getting the [Weekly Roundup](https://www.reddit.com/message/compose?to=subredditsummarybot&amp;subject=askhistorians+weekly&amp;message=x). In the meantime our [Twitter](https://twitter.com/askhistorians), [Facebook](https://www.facebook.com/askhistorians/), and [Sunday Digest](https://www.reddit.com/r/AskHistorians/search?q=title%3A%22Sunday+Digest%22&amp;restrict_sr=on&amp;sort=new&amp;t=all) feature excellent content that has already been written!\n\n\n*I am a bot, and this action was performed automatically. Please [contact the moderators of this subreddit](/message/compose/?to=/r/AskHistorians) if you have any questions or concerns.*", "edited": false, "author_flair_css_class": "moderator", "is_submitter": false, "downs": 0, "author_flair_richtext": [{"e": "text", "t": "History of Robotics"}], "author_patreon_flair": false, "body_html": "&lt;div class=\"md\"&gt;&lt;p&gt;Welcome to &lt;a href=\"/r/AskHistorians\"&gt;/r/AskHistorians&lt;/a&gt;. &lt;strong&gt;Please &lt;a href=\"https://www.reddit.com/r/AskHistorians/wiki/rules\"&gt;Read Our Rules&lt;/a&gt; before you comment in this community&lt;/strong&gt;. Understand that rule breaking comments get removed.&lt;/p&gt;\n\n&lt;p&gt;We thank you for your interest in this &lt;em&gt;question&lt;/em&gt;, and your patience in waiting for an in-depth and comprehensive answer to be written, which takes time. Please consider &lt;strong&gt;&lt;a href=\"https://www.reddit.com/message/compose/?to=RemindMeBot&amp;amp;subject=Reminder&amp;amp;message=%5Bhttps://www.reddit.com/r/AskHistorians/comments/dpz4cm/how_did_the_invention_of_the_press_affect_the/%5D%0A%0ARemindMe!%202%20days\"&gt;Clicking Here for RemindMeBot&lt;/a&gt;&lt;/strong&gt;, &lt;a href=\"https://www.reddit.com/r/AskHistorians/comments/d6dzi7/tired_of_clicking_to_find_only_removed_comments/\"&gt;using our Browser Extension&lt;/a&gt;, or getting the &lt;a href=\"https://www.reddit.com/message/compose?to=subredditsummarybot&amp;amp;subject=askhistorians+weekly&amp;amp;message=x\"&gt;Weekly Roundup&lt;/a&gt;. In the meantime our &lt;a href=\"https://twitter.com/askhistorians\"&gt;Twitter&lt;/a&gt;, &lt;a href=\"https://www.facebook.com/askhistorians/\"&gt;Facebook&lt;/a&gt;, and &lt;a href=\"https://www.reddit.com/r/AskHistorians/search?q=title%3A%22Sunday+Digest%22&amp;amp;restrict_sr=on&amp;amp;sort=new&amp;amp;t=all\"&gt;Sunday Digest&lt;/a&gt; feature excellent content that has already been written!&lt;/p&gt;\n\n&lt;p&gt;&lt;em&gt;I am a bot, and this action was performed automatically. Please &lt;a href=\"/message/compose/?to=/r/AskHistorians\"&gt;contact the moderators of this subreddit&lt;/a&gt; if you have any questions or concerns.&lt;/em&gt;&lt;/p&gt;\n&lt;/div&gt;", "gildings": {}, "collapsed_reason": null, "associated_award": null, "stickied": true, "author_premium": true, "subreddit_type": "public", "can_gild": true, "subreddit": "AskHistorians", "author_flair_text_color": "light", "score_hidden": true, "permalink": "/r/AskHistorians/comments/dpz4cm/how_did_the_invention_of_the_press_affect_the/f5zmam5/", "num_reports": null, "locked": true, "name": "t1_f5zmam5", "created": 1572609239.0, "author_flair_text": "History of Robotics", "collapsed": false, "created_utc": 1572580439.0, "subreddit_name_prefixed": "r/AskHistorians", "controversiality": 0, "depth": 0, "author_flair_background_color": "#8b008b", "collapsed_because_crowd_control": null, "mod_reports": [], "mod_note": null, "distinguished": "moderator"}}, {"kind": "t1", "data": {"total_awards_received": 0, "approved_at_utc": null, "ups": 5, "awarders": [], "mod_reason_by": null, "banned_by": null, "author_flair_type": "richtext", "removal_reason": null, "link_id": "t3_dpz4cm", "author_flair_template_id": "98d8fdba-c626-11e2-bd52-12313b06caaf", "likes": null, "replies": {"kind": "Listing", "data": {"modhash": "", "dist": null, "children": [{"kind": "t1", "data": {"total_awards_received": 0, "approved_at_utc": null, "ups": 2, "awarders": [], "mod_reason_by": null, "banned_by": null, "author_flair_type": "text", "removal_reason": null, "link_id": "t3_dpz4cm", "author_flair_template_id": null, "likes": null, "replies": "", "user_reports": [], "saved": false, "id": "f60r50c", "banned_at_utc": null, "mod_reason_title": null, "gilded": 0, "archived": false, "no_follow": true, "author": "IlSaggiatore420", "can_mod_post": false, "send_replies": true, "parent_id": "t1_f60jsbd", "score": 2, "author_fullname": "t2_4ex8yrnh", "report_reasons": null, "approved_by": null, "all_awardings": [], "subreddit_id": "t5_2ssp3", "body": "- not sure how this subs deals with thank you-follow up comments, so I apologize in advance to the mods if this is not permitted -\n\nHey, thank you so much for your answer! I used to work in a library that had a lot of rare book (including one of Gutemberg's bibles), I guess I overestimated the usage of parchment as something other than a higher-status material. \n\nAlso, that quote is \ud83c\udfc5\ud83c\udfc5\ud83c\udfc5, exactly what I was looking for. Thank you again!", "edited": false, "author_flair_css_class": null, "is_submitter": true, "downs": 0, "author_flair_richtext": [], "author_patreon_flair": false, "body_html": "&lt;div class=\"md\"&gt;&lt;ul&gt;\n&lt;li&gt;not sure how this subs deals with thank you-follow up comments, so I apologize in advance to the mods if this is not permitted -&lt;/li&gt;\n&lt;/ul&gt;\n\n&lt;p&gt;Hey, thank you so much for your answer! I used to work in a library that had a lot of rare book (including one of Gutemberg&amp;#39;s bibles), I guess I overestimated the usage of parchment as something other than a higher-status material. &lt;/p&gt;\n\n&lt;p&gt;Also, that quote is \ud83c\udfc5\ud83c\udfc5\ud83c\udfc5, exactly what I was looking for. Thank you again!&lt;/p&gt;\n&lt;/div&gt;", "gildings": {}, "collapsed_reason": null, "associated_award": null, "stickied": false, "author_premium": false, "subreddit_type": "public", "can_gild": true, "subreddit": "AskHistorians", "author_flair_text_color": null, "score_hidden": false, "permalink": "/r/AskHistorians/comments/dpz4cm/how_did_the_invention_of_the_press_affect_the/f60r50c/", "num_reports": null, "locked": false, "name": "t1_f60r50c", "created": 1572652862.0, "author_flair_text": null, "collapsed": false, "created_utc": 1572624062.0, "subreddit_name_prefixed": "r/AskHistorians", "controversiality": 0, "depth": 1, "author_flair_background_color": null, "collapsed_because_crowd_control": null, "mod_reports": [], "mod_note": null, "distinguished": null}}], "after": null, "before": null}}, "user_reports": [], "saved": false, "id": "f60jsbd", "banned_at_utc": null, "mod_reason_title": null, "gilded": 0, "archived": false, "no_follow": true, "author": "Platypuskeeper", "can_mod_post": false, "send_replies": false, "parent_id": "t3_dpz4cm", "score": 5, "author_fullname": "t2_4a2kz", "report_reasons": null, "approved_by": null, "all_awardings": [], "subreddit_id": "t5_2ssp3", "body": "Well first, 'paper' doesn't mean any writing material. Paper is a specific material made out of cellulose fibers. (whether from wood, linen, cotton or hemp and other sources). Parchment is made from animal skins prepared into a thin scraped sheet (whether from goat, ox or other animal). Then there's for instance papyrus which is made from thin strips of papyrus pressed together. So paper is not parchment is not papyrus; they're different materials. (there's also vellum, which is a form of parchment so I'll skip that and just talk parchment. I'm also talking here about how historians use the terms; 'parchment paper' seems to be a marketing term these days but as far as we're concerned here those are two different things)\n\nParchment is more durable than paper, paper more so than papyrus, which is brittle and doesn't survive well in humid environments and didn't grow in much of Europe anyway. It was always far more expensive to produce parchment. First the raw material - animal hides - was more expensive, but it was also _much_ more labor-intensive to produce, with stretching, hair removal, scraping it to the right thickness, etc. In the Middle Ages, parchment was used for things intended to be permanent; psalm books, or illuminated manuscripts, or important treaties. Purely temporary notes were written on reusable wax tablets. Paper occupied a status in-between. \n\nDuring the Middle Ages, the art of paper-making spread in Europe, methods of producing it became increasingly sophisticated, and the quality improved. Thus parchment was being out-competed by paper by the end of the Middle Ages; parchment was still a better and higher-status material but good paper was just so much cheaper. As you say, parchment could be re-used (a palimpest) by washing and scraping, but so could paper, by methods that are in principle the same as how it's recycled today; by boiling it and freeing up the fibers which are washed and then added in with the fibers used when making new paper. Paper is really more easily reusable than parchment. (and had often been made out of recycled rags in the first place)\n\nWhen printing comes around in the mid-1400s, paper quickly proves itself to be a better material to print on. Only a very limited number of things early on were printed on parchment (i.e. some Gutenberg Bibles). Printing on parchment would never have been an option anyway, though - there simply was not a big enough supply of parchment to produce any significant print runs on it.  Not to mention, paper-makers quickly adapted to produce papers that were made specifically to be good to print on. The fact that they _tried_ with parchment is a bit typical of _incunabula_ though; which is a term for the earliest printed works (defined as pre-1500). The reason those books have their own term is that much more work was put into them than later printed books, because they tried to imitate hand-written manuscripts. The main text body was printed but ornamentation, titles, decorative initials and flourishes and [even illumination](https://i.imgur.com/wCXDARt.jpg) were added in by hand afterwards. By 1500 or so, legendary printers like Aldus Manutius of Venice had developed typesetting into an art of its own. Some of the books they printed were [almost modern](https://i.imgur.com/xvVW3P3.jpg) in layout. (note that paragraph breaks weren't really a thing yet, though)\n\nThe production of incunabula is an indicator that for a time at least, handwriting on parchment remained the ideal. But with printing spreading and more and more books being available in print, it became increasingly difficult to justify funding immense effort in producing a single hand-copied volume when the same money could be used to buy a dozen printed works. (not an exact number) One who tried, though, was the abbot and cryptographer Johannes Trithemius, who directed his monks in _De laude scriptorum_ ('In praise of scribes') in 1492:\n\n&gt; Brothers, nobody should say or think: \"What is the sense of bothering with copying by hand when the art of printing has brought to light so many important books; a huge library can be acquired inexpensively.\" I tell you, the man who says this tries only to conceal his own laziness.\n\n&gt; All of you know the difference between a manuscript and a printed book. The word written on parchment will last a thousand years. The printed word is on paper. How long will it last? The most you can expect a book of paper to survive is two hundred years. Yet, there are many who think they can entrust their works to paper. Only time will tell. \n\nIn a historic irony, _De laude scriptorum_ does not survive in any handwritten manuscript; we only know its contents today because of copies from when it was printed in 1494! It seems Trithemius' own work proved him wrong though about whether longevity was key to preservation; it seems quantity outweighed quality.\n\nThe development didn't stop for Trithemius or anyone though; so printing certainly played a part in killing parchment manuscripts, but skilled handwriting on parchment remained the higher-prestige option for centuries after. The advent of printing - but also the advent of more, better and cheaper paper - was significant to the decline of the handwritten parchment _book_.  But not everything was printed or needed to be had in hundreds of copies. So parchment remained used for unique documents, papal bulls, treaties, other important legal documents; contexts where printing wasn't used but prestige and quality were important.  For instance the US Declaration of Independence and Constitution were handwritten on parchment. To a limited extent there are still calligraphers using parchment to this day. Parchment and vellum also remained used in bookbinding, and a lot of that was reused; a not-insignificant amount of medieval texts have been found in the bindings of much later volumes. ([picture](https://medievalbooks.files.wordpress.com/2014/10/rolduc_library_fragment.jpg))\n\nSo in summary; printing did affect the use of parchment but printing on parchment had little to do with it, as that was basically limited to some early experimentation. When it comes to recycling, paper was in fact cheaper and more reusable than parchment. But it was still quite expensive until the advent of paper making from wood pulp in the 19th century made paper became truly cheap and abundant. There was a real problem with people stealing book and documents to sell to merchants and manufacturers who needed waste paper to use as wrapping paper and for other purposes. For instance in 1801 they arrested a grocer in S\u00f6dermalm here in Stockholm who'd been wrapping goods in important government documents; they found 37 volumes of stolen documents from the Svea Court of Appeals at the shop!\n\n(Trithemius quote from Evylyn B Tribble, Ann Trubek (eds.) _Writing Material: Readings from Plato to the Digital Age_ , Longman, New York, 2003)", "edited": 1572620224.0, "author_flair_css_class": "qualitycontributor", "is_submitter": false, "downs": 0, "author_flair_richtext": [{"e": "text", "t": "Quality Contributor"}], "author_patreon_flair": false, "body_html": "&lt;div class=\"md\"&gt;&lt;p&gt;Well first, &amp;#39;paper&amp;#39; doesn&amp;#39;t mean any writing material. Paper is a specific material made out of cellulose fibers. (whether from wood, linen, cotton or hemp and other sources). Parchment is made from animal skins prepared into a thin scraped sheet (whether from goat, ox or other animal). Then there&amp;#39;s for instance papyrus which is made from thin strips of papyrus pressed together. So paper is not parchment is not papyrus; they&amp;#39;re different materials. (there&amp;#39;s also vellum, which is a form of parchment so I&amp;#39;ll skip that and just talk parchment. I&amp;#39;m also talking here about how historians use the terms; &amp;#39;parchment paper&amp;#39; seems to be a marketing term these days but as far as we&amp;#39;re concerned here those are two different things)&lt;/p&gt;\n\n&lt;p&gt;Parchment is more durable than paper, paper more so than papyrus, which is brittle and doesn&amp;#39;t survive well in humid environments and didn&amp;#39;t grow in much of Europe anyway. It was always far more expensive to produce parchment. First the raw material - animal hides - was more expensive, but it was also &lt;em&gt;much&lt;/em&gt; more labor-intensive to produce, with stretching, hair removal, scraping it to the right thickness, etc. In the Middle Ages, parchment was used for things intended to be permanent; psalm books, or illuminated manuscripts, or important treaties. Purely temporary notes were written on reusable wax tablets. Paper occupied a status in-between. &lt;/p&gt;\n\n&lt;p&gt;During the Middle Ages, the art of paper-making spread in Europe, methods of producing it became increasingly sophisticated, and the quality improved. Thus parchment was being out-competed by paper by the end of the Middle Ages; parchment was still a better and higher-status material but good paper was just so much cheaper. As you say, parchment could be re-used (a palimpest) by washing and scraping, but so could paper, by methods that are in principle the same as how it&amp;#39;s recycled today; by boiling it and freeing up the fibers which are washed and then added in with the fibers used when making new paper. Paper is really more easily reusable than parchment. (and had often been made out of recycled rags in the first place)&lt;/p&gt;\n\n&lt;p&gt;When printing comes around in the mid-1400s, paper quickly proves itself to be a better material to print on. Only a very limited number of things early on were printed on parchment (i.e. some Gutenberg Bibles). Printing on parchment would never have been an option anyway, though - there simply was not a big enough supply of parchment to produce any significant print runs on it.  Not to mention, paper-makers quickly adapted to produce papers that were made specifically to be good to print on. The fact that they &lt;em&gt;tried&lt;/em&gt; with parchment is a bit typical of &lt;em&gt;incunabula&lt;/em&gt; though; which is a term for the earliest printed works (defined as pre-1500). The reason those books have their own term is that much more work was put into them than later printed books, because they tried to imitate hand-written manuscripts. The main text body was printed but ornamentation, titles, decorative initials and flourishes and &lt;a href=\"https://i.imgur.com/wCXDARt.jpg\"&gt;even illumination&lt;/a&gt; were added in by hand afterwards. By 1500 or so, legendary printers like Aldus Manutius of Venice had developed typesetting into an art of its own. Some of the books they printed were &lt;a href=\"https://i.imgur.com/xvVW3P3.jpg\"&gt;almost modern&lt;/a&gt; in layout. (note that paragraph breaks weren&amp;#39;t really a thing yet, though)&lt;/p&gt;\n\n&lt;p&gt;The production of incunabula is an indicator that for a time at least, handwriting on parchment remained the ideal. But with printing spreading and more and more books being available in print, it became increasingly difficult to justify funding immense effort in producing a single hand-copied volume when the same money could be used to buy a dozen printed works. (not an exact number) One who tried, though, was the abbot and cryptographer Johannes Trithemius, who directed his monks in &lt;em&gt;De laude scriptorum&lt;/em&gt; (&amp;#39;In praise of scribes&amp;#39;) in 1492:&lt;/p&gt;\n\n&lt;blockquote&gt;\n&lt;p&gt;Brothers, nobody should say or think: &amp;quot;What is the sense of bothering with copying by hand when the art of printing has brought to light so many important books; a huge library can be acquired inexpensively.&amp;quot; I tell you, the man who says this tries only to conceal his own laziness.&lt;/p&gt;\n\n&lt;p&gt;All of you know the difference between a manuscript and a printed book. The word written on parchment will last a thousand years. The printed word is on paper. How long will it last? The most you can expect a book of paper to survive is two hundred years. Yet, there are many who think they can entrust their works to paper. Only time will tell. &lt;/p&gt;\n&lt;/blockquote&gt;\n\n&lt;p&gt;In a historic irony, &lt;em&gt;De laude scriptorum&lt;/em&gt; does not survive in any handwritten manuscript; we only know its contents today because of copies from when it was printed in 1494! It seems Trithemius&amp;#39; own work proved him wrong though about whether longevity was key to preservation; it seems quantity outweighed quality.&lt;/p&gt;\n\n&lt;p&gt;The development didn&amp;#39;t stop for Trithemius or anyone though; so printing certainly played a part in killing parchment manuscripts, but skilled handwriting on parchment remained the higher-prestige option for centuries after. The advent of printing - but also the advent of more, better and cheaper paper - was significant to the decline of the handwritten parchment &lt;em&gt;book&lt;/em&gt;.  But not everything was printed or needed to be had in hundreds of copies. So parchment remained used for unique documents, papal bulls, treaties, other important legal documents; contexts where printing wasn&amp;#39;t used but prestige and quality were important.  For instance the US Declaration of Independence and Constitution were handwritten on parchment. To a limited extent there are still calligraphers using parchment to this day. Parchment and vellum also remained used in bookbinding, and a lot of that was reused; a not-insignificant amount of medieval texts have been found in the bindings of much later volumes. (&lt;a href=\"https://medievalbooks.files.wordpress.com/2014/10/rolduc_library_fragment.jpg\"&gt;picture&lt;/a&gt;)&lt;/p&gt;\n\n&lt;p&gt;So in summary; printing did affect the use of parchment but printing on parchment had little to do with it, as that was basically limited to some early experimentation. When it comes to recycling, paper was in fact cheaper and more reusable than parchment. But it was still quite expensive until the advent of paper making from wood pulp in the 19th century made paper became truly cheap and abundant. There was a real problem with people stealing book and documents to sell to merchants and manufacturers who needed waste paper to use as wrapping paper and for other purposes. For instance in 1801 they arrested a grocer in S\u00f6dermalm here in Stockholm who&amp;#39;d been wrapping goods in important government documents; they found 37 volumes of stolen documents from the Svea Court of Appeals at the shop!&lt;/p&gt;\n\n&lt;p&gt;(Trithemius quote from Evylyn B Tribble, Ann Trubek (eds.) &lt;em&gt;Writing Material: Readings from Plato to the Digital Age&lt;/em&gt; , Longman, New York, 2003)&lt;/p&gt;\n&lt;/div&gt;", "gildings": {}, "collapsed_reason": null, "associated_award": null, "stickied": false, "author_premium": false, "subreddit_type": "public", "can_gild": true, "subreddit": "AskHistorians", "author_flair_text_color": "light", "score_hidden": false, "permalink": "/r/AskHistorians/comments/dpz4cm/how_did_the_invention_of_the_press_affect_the/f60jsbd/", "num_reports": null, "locked": false, "name": "t1_f60jsbd", "created": 1572647831.0, "author_flair_text": "Quality Contributor", "collapsed": false, "created_utc": 1572619031.0, "subreddit_name_prefixed": "r/AskHistorians", "controversiality": 0, "depth": 0, "author_flair_background_color": "#b87317", "collapsed_because_crowd_control": null, "mod_reports": [], "mod_note": null, "distinguished": null}}], "after": null, "before": null}}]