[{"kind": "Listing", "data": {"modhash": "", "dist": 1, "children": [{"kind": "t3", "data": {"approved_at_utc": null, "subreddit": "AskHistorians", "selftext": "I didn't hear about it so much before but seems to be pretty popular nowadays.", "user_reports": [], "saved": false, "mod_reason_title": null, "gilded": 0, "clicked": false, "title": "Tomorrow is D\u00eda de muertos, but how did it get so popular? Also, what's up with all the sexy skeletons?", "link_flair_richtext": [], "subreddit_name_prefixed": "r/AskHistorians", "hidden": false, "pwls": 6, "link_flair_css_class": null, "downs": 0, "parent_whitelist_status": "all_ads", "hide_score": false, "name": "t3_dq74lg", "quarantine": false, "link_flair_text_color": "dark", "upvote_ratio": 0.76, "author_flair_background_color": null, "subreddit_type": "public", "ups": 16, "total_awards_received": 0, "media_embed": {}, "author_flair_template_id": null, "is_original_content": false, "author_fullname": "t2_2xreujyr", "secure_media": null, "is_reddit_media_domain": false, "is_meta": false, "category": null, "secure_media_embed": {}, "link_flair_text": null, "can_mod_post": false, "num_duplicates": 1, "approved_by": null, "author_premium": false, "thumbnail": "", "edited": false, "author_flair_css_class": null, "author_flair_richtext": [], "gildings": {}, "content_categories": null, "is_self": true, "mod_note": null, "created": 1572656808.0, "link_flair_type": "text", "wls": 6, "removed_by_category": null, "banned_by": null, "author_flair_type": "text", "domain": "self.AskHistorians", "allow_live_comments": false, "selftext_html": "&lt;!-- SC_OFF --&gt;&lt;div class=\"md\"&gt;&lt;p&gt;I didn&amp;#39;t hear about it so much before but seems to be pretty popular nowadays.&lt;/p&gt;\n&lt;/div&gt;&lt;!-- SC_ON --&gt;", "likes": null, "suggested_sort": null, "banned_at_utc": null, "view_count": null, "archived": false, "score": 16, "no_follow": false, "is_crosspostable": false, "pinned": false, "over_18": false, "all_awardings": [], "awarders": [], "media_only": false, "can_gild": false, "spoiler": false, "locked": false, "author_flair_text": null, "visited": false, "removed_by": null, "num_reports": null, "distinguished": null, "subreddit_id": "t5_2ssp3", "mod_reason_by": null, "removal_reason": null, "link_flair_background_color": "", "id": "dq74lg", "is_robot_indexable": true, "report_reasons": null, "author": "Topiaurore", "discussion_type": null, "num_comments": 2, "send_replies": true, "media": null, "contest_mode": false, "author_patreon_flair": false, "author_flair_text_color": null, "permalink": "/r/AskHistorians/comments/dq74lg/tomorrow_is_d\u00eda_de_muertos_but_how_did_it_get_so/", "whitelist_status": "all_ads", "stickied": false, "url": "https://www.reddit.com/r/AskHistorians/comments/dq74lg/tomorrow_is_d\u00eda_de_muertos_but_how_did_it_get_so/", "subreddit_subscribers": 1079965, "created_utc": 1572628008.0, "num_crossposts": 0, "mod_reports": [], "is_video": false}}], "after": null, "before": null}}, {"kind": "Listing", "data": {"modhash": "", "dist": null, "children": [{"kind": "t1", "data": {"total_awards_received": 0, "approved_at_utc": null, "ups": 1, "awarders": [], "mod_reason_by": null, "banned_by": null, "author_flair_type": "richtext", "removal_reason": null, "link_id": "t3_dq74lg", "author_flair_template_id": "9e641f94-c626-11e2-8e2c-12313b0b21ae", "likes": null, "replies": "", "user_reports": [], "saved": false, "id": "f60x2ke", "banned_at_utc": null, "mod_reason_title": null, "gilded": 0, "archived": false, "no_follow": true, "author": "AutoModerator", "can_mod_post": false, "send_replies": false, "parent_id": "t3_dq74lg", "score": 1, "author_fullname": "t2_6l4z3", "report_reasons": null, "approved_by": null, "all_awardings": [], "subreddit_id": "t5_2ssp3", "body": "Welcome to /r/AskHistorians. **Please [Read Our Rules](https://www.reddit.com/r/AskHistorians/wiki/rules) before you comment in this community**. Understand that rule breaking comments get removed.\n\nWe thank you for your interest in this *question*, and your patience in waiting for an in-depth and comprehensive answer to be written, which takes time. Please consider **[Clicking Here for RemindMeBot](https://www.reddit.com/message/compose/?to=RemindMeBot&amp;subject=Reminder&amp;message=%5Bhttps://www.reddit.com/r/AskHistorians/comments/dq74lg/tomorrow_is_d\u00eda_de_muertos_but_how_did_it_get_so/%5D%0A%0ARemindMe!%202%20days)**, [using our Browser Extension](https://www.reddit.com/r/AskHistorians/comments/d6dzi7/tired_of_clicking_to_find_only_removed_comments/), or getting the [Weekly Roundup](https://www.reddit.com/message/compose?to=subredditsummarybot&amp;subject=askhistorians+weekly&amp;message=x). In the meantime our [Twitter](https://twitter.com/askhistorians), [Facebook](https://www.facebook.com/askhistorians/), and [Sunday Digest](https://www.reddit.com/r/AskHistorians/search?q=title%3A%22Sunday+Digest%22&amp;restrict_sr=on&amp;sort=new&amp;t=all) feature excellent content that has already been written!\n\n\n*I am a bot, and this action was performed automatically. Please [contact the moderators of this subreddit](/message/compose/?to=/r/AskHistorians) if you have any questions or concerns.*", "edited": false, "author_flair_css_class": "moderator", "is_submitter": false, "downs": 0, "author_flair_richtext": [{"e": "text", "t": "History of Robotics"}], "author_patreon_flair": false, "body_html": "&lt;div class=\"md\"&gt;&lt;p&gt;Welcome to &lt;a href=\"/r/AskHistorians\"&gt;/r/AskHistorians&lt;/a&gt;. &lt;strong&gt;Please &lt;a href=\"https://www.reddit.com/r/AskHistorians/wiki/rules\"&gt;Read Our Rules&lt;/a&gt; before you comment in this community&lt;/strong&gt;. Understand that rule breaking comments get removed.&lt;/p&gt;\n\n&lt;p&gt;We thank you for your interest in this &lt;em&gt;question&lt;/em&gt;, and your patience in waiting for an in-depth and comprehensive answer to be written, which takes time. Please consider &lt;strong&gt;&lt;a href=\"https://www.reddit.com/message/compose/?to=RemindMeBot&amp;amp;subject=Reminder&amp;amp;message=%5Bhttps://www.reddit.com/r/AskHistorians/comments/dq74lg/tomorrow_is_d%C3%ADa_de_muertos_but_how_did_it_get_so/%5D%0A%0ARemindMe!%202%20days\"&gt;Clicking Here for RemindMeBot&lt;/a&gt;&lt;/strong&gt;, &lt;a href=\"https://www.reddit.com/r/AskHistorians/comments/d6dzi7/tired_of_clicking_to_find_only_removed_comments/\"&gt;using our Browser Extension&lt;/a&gt;, or getting the &lt;a href=\"https://www.reddit.com/message/compose?to=subredditsummarybot&amp;amp;subject=askhistorians+weekly&amp;amp;message=x\"&gt;Weekly Roundup&lt;/a&gt;. In the meantime our &lt;a href=\"https://twitter.com/askhistorians\"&gt;Twitter&lt;/a&gt;, &lt;a href=\"https://www.facebook.com/askhistorians/\"&gt;Facebook&lt;/a&gt;, and &lt;a href=\"https://www.reddit.com/r/AskHistorians/search?q=title%3A%22Sunday+Digest%22&amp;amp;restrict_sr=on&amp;amp;sort=new&amp;amp;t=all\"&gt;Sunday Digest&lt;/a&gt; feature excellent content that has already been written!&lt;/p&gt;\n\n&lt;p&gt;&lt;em&gt;I am a bot, and this action was performed automatically. Please &lt;a href=\"/message/compose/?to=/r/AskHistorians\"&gt;contact the moderators of this subreddit&lt;/a&gt; if you have any questions or concerns.&lt;/em&gt;&lt;/p&gt;\n&lt;/div&gt;", "gildings": {}, "collapsed_reason": null, "associated_award": null, "stickied": true, "author_premium": true, "subreddit_type": "public", "can_gild": true, "subreddit": "AskHistorians", "author_flair_text_color": "light", "score_hidden": true, "permalink": "/r/AskHistorians/comments/dq74lg/tomorrow_is_d\u00eda_de_muertos_but_how_did_it_get_so/f60x2ke/", "num_reports": null, "locked": true, "name": "t1_f60x2ke", "created": 1572656808.0, "author_flair_text": "History of Robotics", "collapsed": false, "created_utc": 1572628008.0, "subreddit_name_prefixed": "r/AskHistorians", "controversiality": 0, "depth": 0, "author_flair_background_color": "#8b008b", "collapsed_because_crowd_control": null, "mod_reports": [], "mod_note": null, "distinguished": "moderator"}}, {"kind": "t1", "data": {"total_awards_received": 0, "approved_at_utc": null, "ups": 17, "awarders": [], "mod_reason_by": null, "banned_by": null, "author_flair_type": "richtext", "removal_reason": null, "link_id": "t3_dq74lg", "author_flair_template_id": null, "likes": null, "replies": "", "user_reports": [], "saved": false, "id": "f6102l1", "banned_at_utc": null, "mod_reason_title": null, "gilded": 0, "archived": false, "no_follow": false, "author": "LaCatrinaCalavera", "can_mod_post": false, "send_replies": true, "parent_id": "t3_dq74lg", "score": 17, "author_fullname": "t2_4wy3xmvz", "report_reasons": null, "approved_by": null, "all_awardings": [], "subreddit_id": "t5_2ssp3", "body": "Jeje, finally a question on the only truly fascinating topic: me!\n\nOye I don't get the whole sexy skeletons thing myself. You know that skeletons come in all kinds of beautiful shapes and sizes, and shouldn't be discriminated against just because they look different from some idealized normy media image. And yes, I include you in this statement, old Italian dude who [painted some European \"love goddess\".](https://img.culturacolectiva.com/cdn-cgi/image/f=auto,w=1600,q=80,fit=contain/featured_image/2018/10/16/1539728217282/obras-guadalupe-posada-la-venus-copia.jpg) Skeletons are only human too, ya lo sabes.\n\nIn my small opinion that has to do with the big capitalist appropriation of our fine D\u00eda de muertos traditions  - but I will get to that in a bit. \n\n\u00bf*Qu\u00e9 onda*? Ah right, the whole history part. \n\nVamos I 'll try and bore you with some gringo history talk then, feel free to tune out for some tacos and pulque anytime. So the whole tradition, it goes back to like colonial times but I don't have time for that today obviously. Fast forward to when things really went down:\n\n\nThe beginnings of the current Day of the Dead celebrations, building on earlier colonial Mexican and medieval European traditions, can then be traced roughly to the 1740s, with descriptions of sugar figurines, and  finally the use of skulls by the later 19th c. The illustrator Jos\u00e9 Guadalupe Posada would become a major influence on this, drawing now-famous *calavera* (skull) images for each Day of the Dead \u2013 \n\n[the most famous one surely being the catrina](http://cdn8.openculture.com/wp-content/uploads/2014/11/Posada-Calavera-Catrina-.jpg),  a female dandy/upper class figure that is by now a mainstay of the festival. **Right, that's me!** \n\nThis was the important part but let's see what happened afterwards anyway:\n\n\nPosada was creating these images during the dictatorship of Porf\u00edrio D\u00edaz in the early 20th c. Since critique of the regime or politicians was strongly restricted, his art could offer a subtle form of criticims. This also still a current feature of the Day, with figures and costumes as humoristic criticism of e.g. famous people and corrupt politicians. \n\nPosada's art also fit well with the post-revolutionary ideology of 1930s Mexico. His art was declared to be high art, and seen as a way to counter European art by harking back to the pre-Hispanic past, and so taken up by artists connected to the revolution's goals like Diego Rivera (who painted Posada into one of his huge paintins). Posada's work was also taken up by later Mexican artists, probably most famously by the Linares family whose *calacas* are now in many major museums worldwide. \n\nWe can note already with Posada then a move from the art's ritual nature to non-ritual contexts, but also to commercial opportunities that have been realized more fully by many Mexican artists influenced by Posada (like the Linares) and also inspired by the Day of the Dead iconography. Another influence to add here is that due to the many prior epidemies, in Mexico City cementaries were put outside of the city, and around the 1860s the government started being in charge of the burials leading to more central planning. At around the same time certain other customs were more consolidated: e.g. laying flowers and candles on graves, and visiting the pantheons on the 1st and 2nd of November.\n\nThis commercial potential of the Day of the Dead was then really expanded through two further, interconnected factors : political reforms and tourism. Tourism promoted through state intervention has had major impact on how the festival is celebrated in some parts of Mexico today. The carnivalesque atmosphere has been a major draw for tourists.\n\n I mentioned how the celebrations and art fit with the post-revolution agenda, so that the PRI (the governing party during decades) started initiatives from the 1960s onwards in order to attract more tourists. This was tied to larger policies, for example to \u00ab indigenismo \u00bb ideal of highlighting pre-Hispanic cultures including through arts, dances and architecture, all the while often continuing to discriminate against current native people and also simplifying the diverse indigenous population groups of Mexico (by focusing mostly on the Aztecs).\n\n\n*\u00a1Oye g\u00fcey, no me...!*\n\n&gt; ...\n\nAy perdona this guy just stole my head, I mean skull! It happens especially on this day and especially in la CDMX, but it makes talking sort of hard... anyway I got it back now, where was I? Tourism.\n\nOkay so an American historian whose name I forget [cf. endnotes, 1] studied the effects of tourism on Day of the Dead festivities in Tzintzuntzan in the western-central state of Michoac\u00e1n, where it's called *Noche de muertos* (cool topics all in all): \n\n&gt; The impact [of tourism] has been to convert a relatively minor ritual event, in which a small proportion of the town participated and virtually no outsiders showed much interest, into one in which thousands of city people clog the streets with traffic, television cameras flood the cemetery with glaring lights, and the town becomes more or less a great stage prop for a ritual drama. In this drama native townspeople participate as actors but outsiders run the show.1\n\nBefore 1971, Noche de muertos rituals were made up of a mass, the construction of home altars, and a vigil in the cemetary, as well as offerings (*ofrendas*) made to the dead and afterwards shared with the community. All this culminated with the *el doble* practice, the slow ringing of church bells, accompanied by sanctioned door-to-door begging and a shared feast. These community activities with a religious grounding have since been heavily changed through state intervention. \n\nBy now the Noche de muertos is often known as la *Feria de los muertos* and has become much more like a carnival. The Ministry of Tourism has introduced various cultural performances including theatrical performances and regional dances for tourists. This is accompanied by craft competitions, open air marketplaces etc.   \n\nSome Mexican scholar\u00b2 highlights the government of Carlos Betancourt (1968-74) as especially important for those developments in Michoac\u00e1n. Under him public sector resources were given to to various municipalities and communities, esp. around the lake of P\u00e1tzcuaro (the other main city in the region with the largest festivities being  P\u00e1tzcuaro). \n\nThat scholar adds to those activities mentioned that in Michoac\u00e1n such resources often led to the inclusion of rock music festivals, illegal products, and supposed \u201evillage fer\u00edas\u201c including large amounts of alcohol consumption  to make the festival more attractive for tourists \u2013 not exactly typical of the traditional festivities. He adds that cultural events and heritage in Michoac\u00e1n make up an important percentage of the tourist economy, roughly 30% in 1996.\n\nSimilar developments have been noted not just for Michoac\u00e1n but also on different scales for other regions, and also the famous festival in the capital Mexico City. So that \u00ab for better or for worse, these changes have had the effect of commercializing what was once a deeply religious and spiritual celebration and have turned the Day of the Dead into a globally recognized symbol for Mexico and Mexican identity. \u00bb\u00b3 \n\nOn the other hand, these changes in Michoac\u00e1n have been so far-reaching that tourism has added a major ritual occasion to the town's annual religious cycle, and can actually be seen as the source of the specific contemporary celebrations.\n\nSo art, tourism and political incentives all working together, in a nutshell then. I gotta run now, entonces and early [feliz D\u00eda de muertos to y'all!](https://www.youtube.com/watch?v=qXn9uZ7kl5M) Stay safe tomorrow!\n\n-----------\n\n1 Stanley Brandes, Iconography in Mexico's Day of the Dead: Origins and Meaning, 1998\n\n\n\n\u00b2 Carlos Alberto Hiriart Pardo: Noche de muertos en Michoac\u00e1n. Relfexiones sobre su manejo como recurso tur\u00edrstico cultural, 2006.\n\n\n\n\u00b3 Maria Herrera-Sobek: Celebrating Latino Folklore: An Encyclopedia of Cultural Traditions Vol. 1, 2012", "edited": 1572645577.0, "author_flair_css_class": "Approved Novelty Account Flair", "is_submitter": false, "downs": 0, "author_flair_richtext": [{"e": "text", "t": "\u00a1Bailando con la muerte!"}], "author_patreon_flair": false, "body_html": "&lt;div class=\"md\"&gt;&lt;p&gt;Jeje, finally a question on the only truly fascinating topic: me!&lt;/p&gt;\n\n&lt;p&gt;Oye I don&amp;#39;t get the whole sexy skeletons thing myself. You know that skeletons come in all kinds of beautiful shapes and sizes, and shouldn&amp;#39;t be discriminated against just because they look different from some idealized normy media image. And yes, I include you in this statement, old Italian dude who &lt;a href=\"https://img.culturacolectiva.com/cdn-cgi/image/f=auto,w=1600,q=80,fit=contain/featured_image/2018/10/16/1539728217282/obras-guadalupe-posada-la-venus-copia.jpg\"&gt;painted some European &amp;quot;love goddess&amp;quot;.&lt;/a&gt; Skeletons are only human too, ya lo sabes.&lt;/p&gt;\n\n&lt;p&gt;In my small opinion that has to do with the big capitalist appropriation of our fine D\u00eda de muertos traditions  - but I will get to that in a bit. &lt;/p&gt;\n\n&lt;p&gt;\u00bf&lt;em&gt;Qu\u00e9 onda&lt;/em&gt;? Ah right, the whole history part. &lt;/p&gt;\n\n&lt;p&gt;Vamos I &amp;#39;ll try and bore you with some gringo history talk then, feel free to tune out for some tacos and pulque anytime. So the whole tradition, it goes back to like colonial times but I don&amp;#39;t have time for that today obviously. Fast forward to when things really went down:&lt;/p&gt;\n\n&lt;p&gt;The beginnings of the current Day of the Dead celebrations, building on earlier colonial Mexican and medieval European traditions, can then be traced roughly to the 1740s, with descriptions of sugar figurines, and  finally the use of skulls by the later 19th c. The illustrator Jos\u00e9 Guadalupe Posada would become a major influence on this, drawing now-famous &lt;em&gt;calavera&lt;/em&gt; (skull) images for each Day of the Dead \u2013 &lt;/p&gt;\n\n&lt;p&gt;&lt;a href=\"http://cdn8.openculture.com/wp-content/uploads/2014/11/Posada-Calavera-Catrina-.jpg\"&gt;the most famous one surely being the catrina&lt;/a&gt;,  a female dandy/upper class figure that is by now a mainstay of the festival. &lt;strong&gt;Right, that&amp;#39;s me!&lt;/strong&gt; &lt;/p&gt;\n\n&lt;p&gt;This was the important part but let&amp;#39;s see what happened afterwards anyway:&lt;/p&gt;\n\n&lt;p&gt;Posada was creating these images during the dictatorship of Porf\u00edrio D\u00edaz in the early 20th c. Since critique of the regime or politicians was strongly restricted, his art could offer a subtle form of criticims. This also still a current feature of the Day, with figures and costumes as humoristic criticism of e.g. famous people and corrupt politicians. &lt;/p&gt;\n\n&lt;p&gt;Posada&amp;#39;s art also fit well with the post-revolutionary ideology of 1930s Mexico. His art was declared to be high art, and seen as a way to counter European art by harking back to the pre-Hispanic past, and so taken up by artists connected to the revolution&amp;#39;s goals like Diego Rivera (who painted Posada into one of his huge paintins). Posada&amp;#39;s work was also taken up by later Mexican artists, probably most famously by the Linares family whose &lt;em&gt;calacas&lt;/em&gt; are now in many major museums worldwide. &lt;/p&gt;\n\n&lt;p&gt;We can note already with Posada then a move from the art&amp;#39;s ritual nature to non-ritual contexts, but also to commercial opportunities that have been realized more fully by many Mexican artists influenced by Posada (like the Linares) and also inspired by the Day of the Dead iconography. Another influence to add here is that due to the many prior epidemies, in Mexico City cementaries were put outside of the city, and around the 1860s the government started being in charge of the burials leading to more central planning. At around the same time certain other customs were more consolidated: e.g. laying flowers and candles on graves, and visiting the pantheons on the 1st and 2nd of November.&lt;/p&gt;\n\n&lt;p&gt;This commercial potential of the Day of the Dead was then really expanded through two further, interconnected factors : political reforms and tourism. Tourism promoted through state intervention has had major impact on how the festival is celebrated in some parts of Mexico today. The carnivalesque atmosphere has been a major draw for tourists.&lt;/p&gt;\n\n&lt;p&gt;I mentioned how the celebrations and art fit with the post-revolution agenda, so that the PRI (the governing party during decades) started initiatives from the 1960s onwards in order to attract more tourists. This was tied to larger policies, for example to \u00ab indigenismo \u00bb ideal of highlighting pre-Hispanic cultures including through arts, dances and architecture, all the while often continuing to discriminate against current native people and also simplifying the diverse indigenous population groups of Mexico (by focusing mostly on the Aztecs).&lt;/p&gt;\n\n&lt;p&gt;&lt;em&gt;\u00a1Oye g\u00fcey, no me...!&lt;/em&gt;&lt;/p&gt;\n\n&lt;blockquote&gt;\n&lt;p&gt;...&lt;/p&gt;\n&lt;/blockquote&gt;\n\n&lt;p&gt;Ay perdona this guy just stole my head, I mean skull! It happens especially on this day and especially in la CDMX, but it makes talking sort of hard... anyway I got it back now, where was I? Tourism.&lt;/p&gt;\n\n&lt;p&gt;Okay so an American historian whose name I forget [cf. endnotes, 1] studied the effects of tourism on Day of the Dead festivities in Tzintzuntzan in the western-central state of Michoac\u00e1n, where it&amp;#39;s called &lt;em&gt;Noche de muertos&lt;/em&gt; (cool topics all in all): &lt;/p&gt;\n\n&lt;blockquote&gt;\n&lt;p&gt;The impact [of tourism] has been to convert a relatively minor ritual event, in which a small proportion of the town participated and virtually no outsiders showed much interest, into one in which thousands of city people clog the streets with traffic, television cameras flood the cemetery with glaring lights, and the town becomes more or less a great stage prop for a ritual drama. In this drama native townspeople participate as actors but outsiders run the show.1&lt;/p&gt;\n&lt;/blockquote&gt;\n\n&lt;p&gt;Before 1971, Noche de muertos rituals were made up of a mass, the construction of home altars, and a vigil in the cemetary, as well as offerings (&lt;em&gt;ofrendas&lt;/em&gt;) made to the dead and afterwards shared with the community. All this culminated with the &lt;em&gt;el doble&lt;/em&gt; practice, the slow ringing of church bells, accompanied by sanctioned door-to-door begging and a shared feast. These community activities with a religious grounding have since been heavily changed through state intervention. &lt;/p&gt;\n\n&lt;p&gt;By now the Noche de muertos is often known as la &lt;em&gt;Feria de los muertos&lt;/em&gt; and has become much more like a carnival. The Ministry of Tourism has introduced various cultural performances including theatrical performances and regional dances for tourists. This is accompanied by craft competitions, open air marketplaces etc.   &lt;/p&gt;\n\n&lt;p&gt;Some Mexican scholar\u00b2 highlights the government of Carlos Betancourt (1968-74) as especially important for those developments in Michoac\u00e1n. Under him public sector resources were given to to various municipalities and communities, esp. around the lake of P\u00e1tzcuaro (the other main city in the region with the largest festivities being  P\u00e1tzcuaro). &lt;/p&gt;\n\n&lt;p&gt;That scholar adds to those activities mentioned that in Michoac\u00e1n such resources often led to the inclusion of rock music festivals, illegal products, and supposed \u201evillage fer\u00edas\u201c including large amounts of alcohol consumption  to make the festival more attractive for tourists \u2013 not exactly typical of the traditional festivities. He adds that cultural events and heritage in Michoac\u00e1n make up an important percentage of the tourist economy, roughly 30% in 1996.&lt;/p&gt;\n\n&lt;p&gt;Similar developments have been noted not just for Michoac\u00e1n but also on different scales for other regions, and also the famous festival in the capital Mexico City. So that \u00ab for better or for worse, these changes have had the effect of commercializing what was once a deeply religious and spiritual celebration and have turned the Day of the Dead into a globally recognized symbol for Mexico and Mexican identity. \u00bb\u00b3 &lt;/p&gt;\n\n&lt;p&gt;On the other hand, these changes in Michoac\u00e1n have been so far-reaching that tourism has added a major ritual occasion to the town&amp;#39;s annual religious cycle, and can actually be seen as the source of the specific contemporary celebrations.&lt;/p&gt;\n\n&lt;p&gt;So art, tourism and political incentives all working together, in a nutshell then. I gotta run now, entonces and early &lt;a href=\"https://www.youtube.com/watch?v=qXn9uZ7kl5M\"&gt;feliz D\u00eda de muertos to y&amp;#39;all!&lt;/a&gt; Stay safe tomorrow!&lt;/p&gt;\n\n&lt;hr/&gt;\n\n&lt;p&gt;1 Stanley Brandes, Iconography in Mexico&amp;#39;s Day of the Dead: Origins and Meaning, 1998&lt;/p&gt;\n\n&lt;p&gt;\u00b2 Carlos Alberto Hiriart Pardo: Noche de muertos en Michoac\u00e1n. Relfexiones sobre su manejo como recurso tur\u00edrstico cultural, 2006.&lt;/p&gt;\n\n&lt;p&gt;\u00b3 Maria Herrera-Sobek: Celebrating Latino Folklore: An Encyclopedia of Cultural Traditions Vol. 1, 2012&lt;/p&gt;\n&lt;/div&gt;", "gildings": {}, "collapsed_reason": null, "associated_award": null, "stickied": false, "author_premium": false, "subreddit_type": "public", "can_gild": true, "subreddit": "AskHistorians", "author_flair_text_color": "dark", "score_hidden": false, "permalink": "/r/AskHistorians/comments/dq74lg/tomorrow_is_d\u00eda_de_muertos_but_how_did_it_get_so/f6102l1/", "num_reports": null, "locked": false, "name": "t1_f6102l1", "created": 1572658770.0, "author_flair_text": "\u00a1Bailando con la muerte!", "collapsed": false, "created_utc": 1572629970.0, "subreddit_name_prefixed": "r/AskHistorians", "controversiality": 0, "depth": 0, "author_flair_background_color": "", "collapsed_because_crowd_control": null, "mod_reports": [], "mod_note": null, "distinguished": null}}], "after": null, "before": null}}]