[{"kind": "Listing", "data": {"modhash": "", "dist": 1, "children": [{"kind": "t3", "data": {"approved_at_utc": null, "subreddit": "AskHistorians", "selftext": "You see most of the other European powers establish colonies why didn't Prussia and Austria-Hungary?", "user_reports": [], "saved": false, "mod_reason_title": null, "gilded": 0, "clicked": false, "title": "Why didn't Prussia and Austria-Hungary get in the colonial game?", "link_flair_richtext": [], "subreddit_name_prefixed": "r/AskHistorians", "hidden": false, "pwls": 6, "link_flair_css_class": null, "downs": 0, "parent_whitelist_status": "all_ads", "hide_score": false, "name": "t3_68p4fn", "quarantine": false, "link_flair_text_color": "dark", "upvote_ratio": 0.8, "author_flair_background_color": null, "subreddit_type": "public", "ups": 9, "domain": "self.AskHistorians", "media_embed": {}, "author_flair_template_id": null, "is_original_content": false, "secure_media": null, "is_reddit_media_domain": false, "category": null, "secure_media_embed": {}, "link_flair_text": null, "can_mod_post": false, "score": 9, "approved_by": null, "thumbnail": "", "edited": false, "author_flair_css_class": null, "author_flair_richtext": [], "content_categories": null, "is_self": true, "mod_note": null, "created": 1493705330.0, "link_flair_type": "text", "wls": 6, "post_categories": null, "banned_by": null, "author_flair_type": "text", "contest_mode": false, "selftext_html": "&lt;!-- SC_OFF --&gt;&lt;div class=\"md\"&gt;&lt;p&gt;You see most of the other European powers establish colonies why didn&amp;#39;t Prussia and Austria-Hungary?&lt;/p&gt;\n&lt;/div&gt;&lt;!-- SC_ON --&gt;", "likes": null, "suggested_sort": null, "banned_at_utc": null, "view_count": null, "archived": true, "no_follow": false, "is_crosspostable": false, "pinned": false, "over_18": false, "media_only": false, "can_gild": false, "spoiler": false, "locked": false, "author_flair_text": null, "rte_mode": "markdown", "visited": false, "num_reports": null, "distinguished": null, "subreddit_id": "t5_2ssp3", "mod_reason_by": null, "removal_reason": null, "id": "68p4fn", "report_reasons": null, "author": "crzy84", "num_crossposts": 0, "num_comments": 3, "send_replies": true, "mod_reports": [], "author_flair_text_color": null, "permalink": "/r/AskHistorians/comments/68p4fn/why_didnt_prussia_and_austriahungary_get_in_the/", "whitelist_status": "all_ads", "stickied": false, "url": "https://www.reddit.com/r/AskHistorians/comments/68p4fn/why_didnt_prussia_and_austriahungary_get_in_the/", "subreddit_subscribers": 770962, "created_utc": 1493676530.0, "media": null, "is_video": false}}], "after": null, "before": null}}, {"kind": "Listing", "data": {"modhash": "", "dist": null, "children": [{"kind": "t1", "data": {"subreddit_id": "t5_2ssp3", "approved_at_utc": null, "ups": 5, "mod_reason_by": null, "banned_by": null, "author_flair_type": "text", "removal_reason": null, "link_id": "t3_68p4fn", "author_flair_template_id": null, "likes": null, "no_follow": false, "replies": {"kind": "Listing", "data": {"modhash": "", "dist": null, "children": [{"kind": "t1", "data": {"subreddit_id": "t5_2ssp3", "approved_at_utc": null, "ups": 2, "mod_reason_by": null, "banned_by": null, "author_flair_type": "text", "removal_reason": null, "link_id": "t3_68p4fn", "author_flair_template_id": null, "likes": null, "no_follow": true, "replies": "", "user_reports": [], "saved": false, "id": "dh0k4gk", "banned_at_utc": null, "mod_reason_title": null, "gilded": 0, "archived": true, "report_reasons": null, "author": "Slide_Jeremy", "can_mod_post": false, "send_replies": true, "parent_id": "t1_dh0j0m5", "score": 2, "approved_by": null, "downs": 0, "body": "Austria-Hungary's main colonial project was Bosnia-Herzegovina which was occupied by military force in 1878 and then formally annexed in 1908.  The large minority population of ethnic Serbs living in the territory did not take kindly to this and Sarajevo became a tense, contested environment of nationalist and pan-Slavist politics leading up to the 28 June 1914 assassination of archduke Franz Ferdinand.", "edited": false, "author_flair_css_class": null, "collapsed": false, "author_flair_richtext": [], "is_submitter": false, "collapsed_reason": null, "body_html": "&lt;div class=\"md\"&gt;&lt;p&gt;Austria-Hungary&amp;#39;s main colonial project was Bosnia-Herzegovina which was occupied by military force in 1878 and then formally annexed in 1908.  The large minority population of ethnic Serbs living in the territory did not take kindly to this and Sarajevo became a tense, contested environment of nationalist and pan-Slavist politics leading up to the 28 June 1914 assassination of archduke Franz Ferdinand.&lt;/p&gt;\n&lt;/div&gt;", "stickied": false, "subreddit_type": "public", "can_gild": true, "subreddit": "AskHistorians", "author_flair_text_color": null, "score_hidden": false, "permalink": "/r/AskHistorians/comments/68p4fn/why_didnt_prussia_and_austriahungary_get_in_the/dh0k4gk/", "num_reports": null, "name": "t1_dh0k4gk", "created": 1493723345.0, "author_flair_text": null, "rte_mode": "markdown", "created_utc": 1493694545.0, "subreddit_name_prefixed": "r/AskHistorians", "controversiality": 0, "depth": 1, "author_flair_background_color": null, "mod_reports": [], "mod_note": null, "distinguished": null}}], "after": null, "before": null}}, "user_reports": [], "saved": false, "id": "dh0j0m5", "banned_at_utc": null, "mod_reason_title": null, "gilded": 0, "archived": true, "report_reasons": null, "author": "gnikivar2", "can_mod_post": false, "send_replies": true, "parent_id": "t3_68p4fn", "score": 5, "approved_by": null, "downs": 0, "body": "I can't speak for Austria-Hungary, but my understanding was that Bismark always saw it as a waste of time and money. The total costs of conquest, maintenance and defense from other European powers was, at least for sub-Saharan Africa, much higher than the benefits. While there were a lot of individuals who became spectacularly wealthy, that wasn't generally true of nations. \n\nMoreover, Prussia only became a major power in the late 19th century. Many of the most wealthy, and loot heavy places like India and Peru were already taken. Prussia did acquire some colonies in the conference of Berlin (which was called by Bismark, but where his main goals were European) most notably in Tanzania and Namibia. German rule of Namibia is most famous for it's genocide of the Herero and Namaqua, and neither colony proved to be especially profitable. Tanzania passed to British rule, and Namibia to South African. and the memory of German colonial rule has quickly faded away in both places.\n\nhttps://books.google.com/books/about/The_African_Colonial_State_in_Comparativ.html?id=k9ZzyRyIaEsC\n", "edited": 1493693310.0, "author_flair_css_class": null, "collapsed": false, "author_flair_richtext": [], "is_submitter": false, "collapsed_reason": null, "body_html": "&lt;div class=\"md\"&gt;&lt;p&gt;I can&amp;#39;t speak for Austria-Hungary, but my understanding was that Bismark always saw it as a waste of time and money. The total costs of conquest, maintenance and defense from other European powers was, at least for sub-Saharan Africa, much higher than the benefits. While there were a lot of individuals who became spectacularly wealthy, that wasn&amp;#39;t generally true of nations. &lt;/p&gt;\n\n&lt;p&gt;Moreover, Prussia only became a major power in the late 19th century. Many of the most wealthy, and loot heavy places like India and Peru were already taken. Prussia did acquire some colonies in the conference of Berlin (which was called by Bismark, but where his main goals were European) most notably in Tanzania and Namibia. German rule of Namibia is most famous for it&amp;#39;s genocide of the Herero and Namaqua, and neither colony proved to be especially profitable. Tanzania passed to British rule, and Namibia to South African. and the memory of German colonial rule has quickly faded away in both places.&lt;/p&gt;\n\n&lt;p&gt;&lt;a href=\"https://books.google.com/books/about/The_African_Colonial_State_in_Comparativ.html?id=k9ZzyRyIaEsC\"&gt;https://books.google.com/books/about/The_African_Colonial_State_in_Comparativ.html?id=k9ZzyRyIaEsC&lt;/a&gt;&lt;/p&gt;\n&lt;/div&gt;", "stickied": false, "subreddit_type": "public", "can_gild": true, "subreddit": "AskHistorians", "author_flair_text_color": null, "score_hidden": false, "permalink": "/r/AskHistorians/comments/68p4fn/why_didnt_prussia_and_austriahungary_get_in_the/dh0j0m5/", "num_reports": null, "name": "t1_dh0j0m5", "created": 1493721918.0, "author_flair_text": null, "rte_mode": "markdown", "created_utc": 1493693118.0, "subreddit_name_prefixed": "r/AskHistorians", "controversiality": 0, "depth": 0, "author_flair_background_color": null, "mod_reports": [], "mod_note": null, "distinguished": null}}], "after": null, "before": null}}]