[{"kind": "Listing", "data": {"modhash": "", "dist": 1, "children": [{"kind": "t3", "data": {"approved_at_utc": null, "subreddit": "AskHistorians", "selftext": "What are the mechanics of the square formation (combined with sufficiently long spears of course, or sufficiently powerful and fast loading muskets) that makes the cavalry unable to penetrate it? Or is it simply the square versus the line concentrate enough combat power to stop the cavalry?", "user_reports": [], "saved": false, "mod_reason_title": null, "gilded": 0, "clicked": false, "title": "Military historians, can you explain why infantry forming square (or other similar defensive formations such as the Roman \"turtle\") were effective at protecting infantry against cavalry charges before advent of the machine gun?", "link_flair_richtext": [], "subreddit_name_prefixed": "r/AskHistorians", "hidden": false, "pwls": 6, "link_flair_css_class": null, "downs": 0, "parent_whitelist_status": "all_ads", "hide_score": false, "name": "t3_68pt2s", "quarantine": false, "link_flair_text_color": "dark", "upvote_ratio": 0.7, "author_flair_background_color": null, "subreddit_type": "public", "ups": 8, "domain": "self.AskHistorians", "media_embed": {}, "author_flair_template_id": null, "is_original_content": false, "secure_media": null, "is_reddit_media_domain": false, "category": null, "secure_media_embed": {}, "link_flair_text": null, "can_mod_post": false, "score": 8, "approved_by": null, "thumbnail": "", "edited": false, "author_flair_css_class": null, "author_flair_richtext": [], "content_categories": null, "is_self": true, "mod_note": null, "created": 1493712867.0, "link_flair_type": "text", "wls": 6, "post_categories": null, "banned_by": null, "author_flair_type": "text", "contest_mode": false, "selftext_html": "&lt;!-- SC_OFF --&gt;&lt;div class=\"md\"&gt;&lt;p&gt;What are the mechanics of the square formation (combined with sufficiently long spears of course, or sufficiently powerful and fast loading muskets) that makes the cavalry unable to penetrate it? Or is it simply the square versus the line concentrate enough combat power to stop the cavalry?&lt;/p&gt;\n&lt;/div&gt;&lt;!-- SC_ON --&gt;", "likes": null, "suggested_sort": null, "banned_at_utc": null, "view_count": null, "archived": true, "no_follow": false, "is_crosspostable": false, "pinned": false, "over_18": false, "media_only": false, "can_gild": false, "spoiler": false, "locked": false, "author_flair_text": null, "rte_mode": "markdown", "visited": false, "num_reports": null, "distinguished": null, "subreddit_id": "t5_2ssp3", "mod_reason_by": null, "removal_reason": null, "id": "68pt2s", "report_reasons": null, "author": "saddetective87", "num_crossposts": 0, "num_comments": 3, "send_replies": true, "mod_reports": [], "author_flair_text_color": null, "permalink": "/r/AskHistorians/comments/68pt2s/military_historians_can_you_explain_why_infantry/", "whitelist_status": "all_ads", "stickied": false, "url": "https://www.reddit.com/r/AskHistorians/comments/68pt2s/military_historians_can_you_explain_why_infantry/", "subreddit_subscribers": 770962, "created_utc": 1493684067.0, "media": null, "is_video": false}}], "after": null, "before": null}}, {"kind": "Listing", "data": {"modhash": "", "dist": null, "children": [{"kind": "t1", "data": {"subreddit_id": "t5_2ssp3", "approved_at_utc": null, "ups": 3, "mod_reason_by": null, "banned_by": null, "author_flair_type": "text", "removal_reason": null, "link_id": "t3_68pt2s", "author_flair_template_id": null, "likes": null, "no_follow": true, "replies": "", "user_reports": [], "saved": false, "id": "dh1o6xz", "banned_at_utc": null, "mod_reason_title": null, "gilded": 0, "archived": true, "report_reasons": null, "author": "alt247", "can_mod_post": false, "send_replies": true, "parent_id": "t3_68pt2s", "score": 3, "approved_by": null, "downs": 0, "body": "At its most basic level, horses aren't stupid. They will not charge home against a steady line of sharp pointy things -whether it's a mass of pikes (eg a Schiltrom in Scotland) or an infantry square. If there are gaps or its loose, all bets are off. To break a square or Schiltrom with cavalry it helps to break up the cohesion of the unit so arrows or cannon or musket fire will do the job and the cavalry will then be able to do the rest.  \n\nTo take a couple of examples:  \nFalkirk 1298 - The Scottish army was divided into four schiltroms of massed spears to protect themselves against the English heavy cavalry. This worked for some time with the English cavalry unable to penetrate or damage the schiltroms (the unprotected Scottish archers were ridden down). Welsh archers were then moved up close to the schiltroms and began firing. Once the schiltroms lost cohesion the cavalry were able to get into the schiltroms and break them up from the inside out.  \n\nGarica Hernandez 1812 - Dragoons of the Kings German Legion charged a French square of the 6th Legere. The square held off firing and when they did fire a dead horse and rider fell into the square collapsing the ranks. The subsequent riders took advantage of this and rode into the square. The square broke and many of the men ran towards the closest square followed by the KGL dragoons, the panic resulted in gaps opening in the face of the square as men fought to get in and the KGL dragoons again broke the square from the inside out.   \n\nA square in situ (disciplined and trained troops could march while in square - see the Light Division's retreat at Fuentes de O\u00f1oro in 1811) would be able to present four faces to the cavalry. Multiple squares were positioned so that they were mutually supporting (think of a chess board). Cavalry riding at a square would meet a volley at some 100 feet away and then a rolling volley would run along the face(s). The resulting piles of dead and wounded horses and men would obstruct the following ranks of cavalry and subsequent charges would bog down. Unsupported cavalry could ride around for hours (and they did at Waterloo) causing little damage beyond pistol shot. For cavalry facing disciplined troops in square they would ideally be supported by artillery (especially horse artillery) which could unlimber within range of the squares and concentrate fire to create holes for the cavalry to exploit.   \n\nFor sources on the square (and how to form it from different marching and fighting positions) see:  \n[A New System of Military Discipline for a Battalion of Foot on Action](http://www.bonaventura.co.uk/discipline.html)  \n[National Militia Standard, Embracing the Discipline of Infantry, Light Infantry, Riflemen, Light Artillery, Horse Artillery, Cavalry](https://books.google.com/books?id=L6PJ28rWmjkC)\n\n  \n", "edited": false, "author_flair_css_class": null, "collapsed": false, "author_flair_richtext": [], "is_submitter": false, "collapsed_reason": null, "body_html": "&lt;div class=\"md\"&gt;&lt;p&gt;At its most basic level, horses aren&amp;#39;t stupid. They will not charge home against a steady line of sharp pointy things -whether it&amp;#39;s a mass of pikes (eg a Schiltrom in Scotland) or an infantry square. If there are gaps or its loose, all bets are off. To break a square or Schiltrom with cavalry it helps to break up the cohesion of the unit so arrows or cannon or musket fire will do the job and the cavalry will then be able to do the rest.  &lt;/p&gt;\n\n&lt;p&gt;To take a couple of examples:&lt;br/&gt;\nFalkirk 1298 - The Scottish army was divided into four schiltroms of massed spears to protect themselves against the English heavy cavalry. This worked for some time with the English cavalry unable to penetrate or damage the schiltroms (the unprotected Scottish archers were ridden down). Welsh archers were then moved up close to the schiltroms and began firing. Once the schiltroms lost cohesion the cavalry were able to get into the schiltroms and break them up from the inside out.  &lt;/p&gt;\n\n&lt;p&gt;Garica Hernandez 1812 - Dragoons of the Kings German Legion charged a French square of the 6th Legere. The square held off firing and when they did fire a dead horse and rider fell into the square collapsing the ranks. The subsequent riders took advantage of this and rode into the square. The square broke and many of the men ran towards the closest square followed by the KGL dragoons, the panic resulted in gaps opening in the face of the square as men fought to get in and the KGL dragoons again broke the square from the inside out.   &lt;/p&gt;\n\n&lt;p&gt;A square in situ (disciplined and trained troops could march while in square - see the Light Division&amp;#39;s retreat at Fuentes de O\u00f1oro in 1811) would be able to present four faces to the cavalry. Multiple squares were positioned so that they were mutually supporting (think of a chess board). Cavalry riding at a square would meet a volley at some 100 feet away and then a rolling volley would run along the face(s). The resulting piles of dead and wounded horses and men would obstruct the following ranks of cavalry and subsequent charges would bog down. Unsupported cavalry could ride around for hours (and they did at Waterloo) causing little damage beyond pistol shot. For cavalry facing disciplined troops in square they would ideally be supported by artillery (especially horse artillery) which could unlimber within range of the squares and concentrate fire to create holes for the cavalry to exploit.   &lt;/p&gt;\n\n&lt;p&gt;For sources on the square (and how to form it from different marching and fighting positions) see:&lt;br/&gt;\n&lt;a href=\"http://www.bonaventura.co.uk/discipline.html\"&gt;A New System of Military Discipline for a Battalion of Foot on Action&lt;/a&gt;&lt;br/&gt;\n&lt;a href=\"https://books.google.com/books?id=L6PJ28rWmjkC\"&gt;National Militia Standard, Embracing the Discipline of Infantry, Light Infantry, Riflemen, Light Artillery, Horse Artillery, Cavalry&lt;/a&gt;&lt;/p&gt;\n&lt;/div&gt;", "stickied": false, "subreddit_type": "public", "can_gild": true, "subreddit": "AskHistorians", "author_flair_text_color": null, "score_hidden": false, "permalink": "/r/AskHistorians/comments/68pt2s/military_historians_can_you_explain_why_infantry/dh1o6xz/", "num_reports": null, "name": "t1_dh1o6xz", "created": 1493786767.0, "author_flair_text": null, "rte_mode": "markdown", "created_utc": 1493757967.0, "subreddit_name_prefixed": "r/AskHistorians", "controversiality": 0, "depth": 0, "author_flair_background_color": null, "mod_reports": [], "mod_note": null, "distinguished": null}}], "after": null, "before": null}}]