[{"kind": "Listing", "data": {"modhash": "", "dist": 1, "children": [{"kind": "t3", "data": {"approved_at_utc": null, "subreddit": "AskHistorians", "selftext": "So I'm doing research both for a project and a book. Now, I've read about firing commands, and some helm commands, but I was wondering if any of you had either a resource or list of just some general orders that an officer would give pretty much every day. Specifically, the U-Boat commander.", "user_reports": [], "saved": false, "mod_reason_title": null, "gilded": 0, "clicked": false, "title": "What were some orders that would be given in a daily basis on a U-Boar during the World Wars?", "link_flair_richtext": [], "subreddit_name_prefixed": "r/AskHistorians", "hidden": false, "pwls": 6, "link_flair_css_class": null, "downs": 0, "parent_whitelist_status": "all_ads", "hide_score": false, "name": "t3_68suzl", "quarantine": false, "link_flair_text_color": "dark", "upvote_ratio": 0.57, "author_flair_background_color": null, "subreddit_type": "public", "ups": 1, "domain": "self.AskHistorians", "media_embed": {}, "author_flair_template_id": null, "is_original_content": false, "secure_media": null, "is_reddit_media_domain": false, "category": null, "secure_media_embed": {}, "link_flair_text": null, "can_mod_post": false, "score": 1, "approved_by": null, "thumbnail": "", "edited": false, "author_flair_css_class": null, "author_flair_richtext": [], "content_categories": null, "is_self": true, "mod_note": null, "created": 1493757506.0, "link_flair_type": "text", "wls": 6, "post_categories": null, "banned_by": null, "author_flair_type": "text", "contest_mode": false, "selftext_html": "&lt;!-- SC_OFF --&gt;&lt;div class=\"md\"&gt;&lt;p&gt;So I&amp;#39;m doing research both for a project and a book. Now, I&amp;#39;ve read about firing commands, and some helm commands, but I was wondering if any of you had either a resource or list of just some general orders that an officer would give pretty much every day. Specifically, the U-Boat commander.&lt;/p&gt;\n&lt;/div&gt;&lt;!-- SC_ON --&gt;", "likes": null, "suggested_sort": null, "banned_at_utc": null, "view_count": null, "archived": true, "no_follow": true, "is_crosspostable": false, "pinned": false, "over_18": false, "media_only": false, "can_gild": false, "spoiler": false, "locked": false, "author_flair_text": null, "rte_mode": "markdown", "visited": false, "num_reports": null, "distinguished": null, "subreddit_id": "t5_2ssp3", "mod_reason_by": null, "removal_reason": null, "id": "68suzl", "report_reasons": null, "author": "Robonator7of9", "num_crossposts": 0, "num_comments": 0, "send_replies": true, "mod_reports": [], "author_flair_text_color": null, "permalink": "/r/AskHistorians/comments/68suzl/what_were_some_orders_that_would_be_given_in_a/", "whitelist_status": "all_ads", "stickied": false, "url": "https://www.reddit.com/r/AskHistorians/comments/68suzl/what_were_some_orders_that_would_be_given_in_a/", "subreddit_subscribers": 770963, "created_utc": 1493728706.0, "media": null, "is_video": false}}], "after": null, "before": null}}, {"kind": "Listing", "data": {"modhash": "", "dist": null, "children": [], "after": null, "before": null}}]