[{"kind": "Listing", "data": {"modhash": "", "dist": 1, "children": [{"kind": "t3", "data": {"approved_at_utc": null, "subreddit": "AskHistorians", "selftext": "I'm under the impression that in the West, the Vietnam War is seen largely as a war that ultimately served no useful purpose and was an abject failure on the part of the US. However, in Southeast Asia (where I'm from), it's sometimes seen as placing an important stumbling block to the march of communism as well as providing the impetus for critical US investment in the economies of the region. Then-Prime Minister of Singapore Lee Kuan Yew would write later in his memoirs that \"Although American intervention failed in Vietnam, it bought time for the rest of Southeast Asia. In 1965, when the US military moved massively into South Vietnam, Thailand, Malaysia and the Philippines faced internal threats from armed communist insurgents and the communist underground was still active in Singapore. Indonesia, in the throes of a failed communist coup, was waging konfrontasi, an undeclared war against Singapore. The Philippines was claiming Sabah in East Malaysia. Standards of living were low and economic growth slow. America's action enabled non-communist Southeast Asia to put their own houses in order. By 1975 (when the Vietnam war ended) they were in better shape to stand up to the communists. Had there been no US intervention, the will of these countries to resist them would have melted and Southeast Asia would have most likely gone communist. The prosperous emerging market economies of Asean (Association of Southeast Asian Nations) were nurtured during the Vietnam War years.\"\n\nSo was the Vietnam War really such a waste, or did it actually have a key role in helping create stable states in Southeast Asia? ", "user_reports": [], "saved": false, "mod_reason_title": null, "gilded": 0, "clicked": false, "title": "What role did the Vietnam War play in stabilising the rest of Southeast Asia? Was it really so futile?", "link_flair_richtext": [{"e": "text", "t": "1960s"}], "subreddit_name_prefixed": "r/AskHistorians", "hidden": false, "pwls": 6, "link_flair_css_class": "theme", "downs": 0, "parent_whitelist_status": "all_ads", "hide_score": false, "name": "t3_68v84w", "quarantine": false, "link_flair_text_color": "dark", "upvote_ratio": 0.79, "author_flair_background_color": null, "subreddit_type": "public", "ups": 13, "domain": "self.AskHistorians", "media_embed": {}, "author_flair_template_id": null, "is_original_content": false, "secure_media": null, "is_reddit_media_domain": false, "category": null, "secure_media_embed": {}, "link_flair_text": "1960s", "can_mod_post": false, "score": 13, "approved_by": null, "thumbnail": "", "edited": false, "author_flair_css_class": null, "author_flair_richtext": [], "content_categories": null, "is_self": true, "mod_note": null, "created": 1493781202.0, "link_flair_type": "richtext", "wls": 6, "post_categories": null, "banned_by": null, "author_flair_type": "text", "contest_mode": false, "selftext_html": "&lt;!-- SC_OFF --&gt;&lt;div class=\"md\"&gt;&lt;p&gt;I&amp;#39;m under the impression that in the West, the Vietnam War is seen largely as a war that ultimately served no useful purpose and was an abject failure on the part of the US. However, in Southeast Asia (where I&amp;#39;m from), it&amp;#39;s sometimes seen as placing an important stumbling block to the march of communism as well as providing the impetus for critical US investment in the economies of the region. Then-Prime Minister of Singapore Lee Kuan Yew would write later in his memoirs that &amp;quot;Although American intervention failed in Vietnam, it bought time for the rest of Southeast Asia. In 1965, when the US military moved massively into South Vietnam, Thailand, Malaysia and the Philippines faced internal threats from armed communist insurgents and the communist underground was still active in Singapore. Indonesia, in the throes of a failed communist coup, was waging konfrontasi, an undeclared war against Singapore. The Philippines was claiming Sabah in East Malaysia. Standards of living were low and economic growth slow. America&amp;#39;s action enabled non-communist Southeast Asia to put their own houses in order. By 1975 (when the Vietnam war ended) they were in better shape to stand up to the communists. Had there been no US intervention, the will of these countries to resist them would have melted and Southeast Asia would have most likely gone communist. The prosperous emerging market economies of Asean (Association of Southeast Asian Nations) were nurtured during the Vietnam War years.&amp;quot;&lt;/p&gt;\n\n&lt;p&gt;So was the Vietnam War really such a waste, or did it actually have a key role in helping create stable states in Southeast Asia? &lt;/p&gt;\n&lt;/div&gt;&lt;!-- SC_ON --&gt;", "likes": null, "suggested_sort": null, "banned_at_utc": null, "view_count": null, "archived": true, "no_follow": false, "is_crosspostable": false, "pinned": false, "over_18": false, "media_only": false, "can_gild": false, "spoiler": false, "locked": false, "author_flair_text": null, "rte_mode": "markdown", "visited": false, "num_reports": null, "distinguished": null, "subreddit_id": "t5_2ssp3", "mod_reason_by": null, "removal_reason": null, "id": "68v84w", "report_reasons": null, "author": "Penguin609", "num_crossposts": 0, "num_comments": 0, "send_replies": true, "mod_reports": [], "author_flair_text_color": null, "permalink": "/r/AskHistorians/comments/68v84w/what_role_did_the_vietnam_war_play_in_stabilising/", "whitelist_status": "all_ads", "stickied": false, "url": "https://www.reddit.com/r/AskHistorians/comments/68v84w/what_role_did_the_vietnam_war_play_in_stabilising/", "subreddit_subscribers": 770965, "created_utc": 1493752402.0, "media": null, "is_video": false}}], "after": null, "before": null}}, {"kind": "Listing", "data": {"modhash": "", "dist": null, "children": [], "after": null, "before": null}}]