[{"kind": "Listing", "data": {"modhash": "", "dist": 1, "children": [{"kind": "t3", "data": {"approved_at_utc": null, "subreddit": "AskHistorians", "selftext": "[removed]", "user_reports": [], "saved": false, "mod_reason_title": null, "gilded": 0, "clicked": false, "title": "Has human intelligence peaked? If so, when? If not, is there historical evidence to imply that the human brain is always evolving?", "link_flair_richtext": [], "subreddit_name_prefixed": "r/AskHistorians", "hidden": false, "pwls": 6, "link_flair_css_class": null, "downs": 0, "parent_whitelist_status": "all_ads", "hide_score": false, "name": "t3_93yko0", "quarantine": false, "link_flair_text_color": "dark", "upvote_ratio": 0.75, "author_flair_background_color": "", "subreddit_type": "public", "ups": 2, "domain": "self.AskHistorians", "media_embed": {}, "author_flair_template_id": null, "is_original_content": false, "secure_media": null, "is_reddit_media_domain": false, "is_meta": false, "category": null, "secure_media_embed": {}, "link_flair_text": null, "can_mod_post": false, "score": 2, "approved_by": null, "thumbnail": "", "edited": false, "author_flair_css_class": null, "content_categories": null, "is_self": true, "mod_note": null, "created": 1533239286.0, "link_flair_type": "text", "wls": 6, "banned_by": null, "contest_mode": false, "selftext_html": "&lt;!-- SC_OFF --&gt;&lt;div class=\"md\"&gt;&lt;p&gt;[removed]&lt;/p&gt;\n&lt;/div&gt;&lt;!-- SC_ON --&gt;", "likes": null, "suggested_sort": null, "banned_at_utc": null, "view_count": null, "archived": false, "no_follow": false, "is_crosspostable": false, "pinned": false, "over_18": false, "media": null, "media_only": false, "link_flair_template_id": null, "can_gild": false, "spoiler": false, "locked": false, "author_flair_text": null, "visited": false, "num_reports": null, "distinguished": null, "subreddit_id": "t5_2ssp3", "mod_reason_by": null, "removal_reason": null, "link_flair_background_color": "", "id": "93yko0", "report_reasons": null, "author": "[deleted]", "num_crossposts": 0, "num_comments": 3, "send_replies": true, "author_flair_text_color": "dark", "permalink": "/r/AskHistorians/comments/93yko0/has_human_intelligence_peaked_if_so_when_if_not/", "whitelist_status": "all_ads", "stickied": false, "url": "https://www.reddit.com/r/AskHistorians/comments/93yko0/has_human_intelligence_peaked_if_so_when_if_not/", "subreddit_subscribers": 798140, "created_utc": 1533210486.0, "mod_reports": [], "is_video": false}}], "after": null, "before": null}}, {"kind": "Listing", "data": {"modhash": "", "dist": null, "children": [{"kind": "t1", "data": {"subreddit_id": "t5_2ssp3", "approved_at_utc": null, "ups": 1, "mod_reason_by": null, "banned_by": null, "author_flair_type": "text", "removal_reason": null, "link_id": "t3_93yko0", "author_flair_template_id": null, "likes": null, "no_follow": true, "replies": {"kind": "Listing", "data": {"modhash": "", "dist": null, "children": [{"kind": "t1", "data": {"subreddit_id": "t5_2ssp3", "approved_at_utc": null, "ups": 1, "mod_reason_by": null, "banned_by": null, "author_flair_type": "text", "removal_reason": null, "link_id": "t3_93yko0", "author_flair_template_id": null, "likes": null, "no_follow": true, "replies": "", "user_reports": [], "saved": false, "id": "e3gwai4", "banned_at_utc": null, "mod_reason_title": null, "gilded": 0, "archived": false, "report_reasons": null, "author": "Oriachim", "can_mod_post": false, "send_replies": true, "parent_id": "t1_e3gw79q", "score": 1, "author_fullname": "t2_104hgd", "approved_by": null, "downs": 0, "body": "Ok, thank you", "edited": false, "author_flair_css_class": null, "collapsed": false, "author_flair_richtext": [], "is_submitter": false, "collapsed_reason": null, "body_html": "&lt;div class=\"md\"&gt;&lt;p&gt;Ok, thank you&lt;/p&gt;\n&lt;/div&gt;", "stickied": false, "subreddit_type": "public", "can_gild": true, "subreddit": "AskHistorians", "author_flair_text_color": null, "score_hidden": false, "permalink": "/r/AskHistorians/comments/93yko0/has_human_intelligence_peaked_if_so_when_if_not/e3gwai4/", "num_reports": null, "name": "t1_e3gwai4", "created": 1533241299.0, "author_flair_text": null, "created_utc": 1533212499.0, "subreddit_name_prefixed": "r/AskHistorians", "controversiality": 0, "depth": 1, "author_flair_background_color": null, "mod_reports": [], "mod_note": null, "distinguished": null}}], "after": null, "before": null}}, "user_reports": [], "saved": false, "id": "e3gw79q", "banned_at_utc": null, "mod_reason_title": null, "gilded": 0, "archived": false, "report_reasons": null, "author": "Elm11", "can_mod_post": false, "send_replies": true, "parent_id": "t3_93yko0", "score": 1, "author_fullname": "t2_82jlg", "approved_by": null, "downs": 0, "body": "Hi there - questions about the evolution of the human brain should be directed to /r/AskScience or /r/AskAnthropology. They are not suitable for /r/AskHistorians. \n\nThanks for your understanding!", "edited": false, "author_flair_css_class": "moderator", "collapsed": false, "author_flair_richtext": [], "is_submitter": false, "collapsed_reason": null, "body_html": "&lt;div class=\"md\"&gt;&lt;p&gt;Hi there - questions about the evolution of the human brain should be directed to &lt;a href=\"/r/AskScience\"&gt;/r/AskScience&lt;/a&gt; or &lt;a href=\"/r/AskAnthropology\"&gt;/r/AskAnthropology&lt;/a&gt;. They are not suitable for &lt;a href=\"/r/AskHistorians\"&gt;/r/AskHistorians&lt;/a&gt;. &lt;/p&gt;\n\n&lt;p&gt;Thanks for your understanding!&lt;/p&gt;\n&lt;/div&gt;", "stickied": false, "subreddit_type": "public", "can_gild": true, "subreddit": "AskHistorians", "author_flair_text_color": "dark", "score_hidden": false, "permalink": "/r/AskHistorians/comments/93yko0/has_human_intelligence_peaked_if_so_when_if_not/e3gw79q/", "num_reports": null, "name": "t1_e3gw79q", "created": 1533241188.0, "author_flair_text": "Moderator | Quality Contributor", "created_utc": 1533212388.0, "subreddit_name_prefixed": "r/AskHistorians", "controversiality": 0, "depth": 0, "author_flair_background_color": "", "mod_reports": [], "mod_note": null, "distinguished": "moderator"}}], "after": null, "before": null}}]