[{"kind": "Listing", "data": {"modhash": "", "dist": 1, "children": [{"kind": "t3", "data": {"approved_at_utc": null, "subreddit": "AskHistorians", "selftext": "[Previous weeks!](/r/AskHistorians/search?q=Thursday+Reading+%26+Research&amp;restrict_sr=on&amp;sort=new&amp;t=all)\n\nThursday Reading and Recommendations is intended as bookish free-for-all, for the discussion and recommendation of all books historical, or tangentially so. Suggested topics include, but are by no means limited to:\n\n * Asking for book recommendations on specific topics or periods of history\n \n * Newly published books and articles you're dying to read\n\n * Recent book releases, old book reviews, reading recommendations, or just talking about what you're reading now\n\n * Historiographical discussions, debates, and disputes\n \n * ...And so on!\n\nRegular participants in the Thursday threads should just keep doing what they've been doing; newcomers should take notice that this thread is meant for open discussion of history and books, not just anything you like -- we'll have a thread on Friday for that, as usual.\n", "user_reports": [], "saved": false, "mod_reason_title": null, "gilded": 0, "clicked": false, "title": "Thursday Reading &amp; Recommendations | August 02, 2018", "link_flair_richtext": [], "subreddit_name_prefixed": "r/AskHistorians", "hidden": false, "pwls": 6, "link_flair_css_class": "feature", "downs": 0, "parent_whitelist_status": "all_ads", "hide_score": false, "name": "t3_93zjz5", "quarantine": false, "link_flair_text_color": "dark", "upvote_ratio": 0.86, "author_flair_background_color": null, "subreddit_type": "public", "ups": 5, "domain": "self.AskHistorians", "media_embed": {}, "author_flair_template_id": null, "is_original_content": false, "author_fullname": "t2_6l4z3", "secure_media": null, "is_reddit_media_domain": false, "is_meta": false, "category": null, "secure_media_embed": {}, "link_flair_text": "RnR", "can_mod_post": false, "score": 5, "approved_by": null, "thumbnail": "", "edited": false, "author_flair_css_class": null, "author_flair_richtext": [], "content_categories": null, "is_self": true, "mod_note": null, "created": 1533247561.0, "link_flair_type": "text", "wls": 6, "banned_by": null, "author_flair_type": "text", "contest_mode": false, "selftext_html": "&lt;!-- SC_OFF --&gt;&lt;div class=\"md\"&gt;&lt;p&gt;&lt;a href=\"/r/AskHistorians/search?q=Thursday+Reading+%26+Research&amp;amp;restrict_sr=on&amp;amp;sort=new&amp;amp;t=all\"&gt;Previous weeks!&lt;/a&gt;&lt;/p&gt;\n\n&lt;p&gt;Thursday Reading and Recommendations is intended as bookish free-for-all, for the discussion and recommendation of all books historical, or tangentially so. Suggested topics include, but are by no means limited to:&lt;/p&gt;\n\n&lt;ul&gt;\n&lt;li&gt;&lt;p&gt;Asking for book recommendations on specific topics or periods of history&lt;/p&gt;&lt;/li&gt;\n&lt;li&gt;&lt;p&gt;Newly published books and articles you&amp;#39;re dying to read&lt;/p&gt;&lt;/li&gt;\n&lt;li&gt;&lt;p&gt;Recent book releases, old book reviews, reading recommendations, or just talking about what you&amp;#39;re reading now&lt;/p&gt;&lt;/li&gt;\n&lt;li&gt;&lt;p&gt;Historiographical discussions, debates, and disputes&lt;/p&gt;&lt;/li&gt;\n&lt;li&gt;&lt;p&gt;...And so on!&lt;/p&gt;&lt;/li&gt;\n&lt;/ul&gt;\n\n&lt;p&gt;Regular participants in the Thursday threads should just keep doing what they&amp;#39;ve been doing; newcomers should take notice that this thread is meant for open discussion of history and books, not just anything you like -- we&amp;#39;ll have a thread on Friday for that, as usual.&lt;/p&gt;\n&lt;/div&gt;&lt;!-- SC_ON --&gt;", "likes": null, "suggested_sort": null, "banned_at_utc": null, "view_count": null, "archived": false, "no_follow": true, "is_crosspostable": false, "pinned": false, "over_18": false, "media": null, "media_only": false, "link_flair_template_id": null, "can_gild": false, "spoiler": false, "locked": false, "author_flair_text": null, "visited": false, "num_reports": null, "distinguished": "moderator", "subreddit_id": "t5_2ssp3", "mod_reason_by": null, "removal_reason": null, "link_flair_background_color": "", "id": "93zjz5", "report_reasons": null, "author": "AutoModerator", "num_crossposts": 0, "num_comments": 8, "send_replies": false, "author_flair_text_color": null, "permalink": "/r/AskHistorians/comments/93zjz5/thursday_reading_recommendations_august_02_2018/", "whitelist_status": "all_ads", "stickied": false, "url": "https://www.reddit.com/r/AskHistorians/comments/93zjz5/thursday_reading_recommendations_august_02_2018/", "subreddit_subscribers": 798141, "created_utc": 1533218761.0, "mod_reports": [], "is_video": false}}], "after": null, "before": null}}, {"kind": "Listing", "data": {"modhash": "", "dist": null, "children": [{"kind": "t1", "data": {"subreddit_id": "t5_2ssp3", "approved_at_utc": null, "ups": 4, "mod_reason_by": null, "banned_by": null, "author_flair_type": "text", "removal_reason": null, "link_id": "t3_93zjz5", "author_flair_template_id": null, "likes": null, "no_follow": true, "replies": "", "user_reports": [], "saved": false, "id": "e3j566n", "banned_at_utc": null, "mod_reason_title": null, "gilded": 0, "archived": false, "report_reasons": null, "author": "restricteddata", "can_mod_post": false, "send_replies": true, "parent_id": "t3_93zjz5", "score": 4, "author_fullname": "t2_8brve", "approved_by": null, "downs": 0, "body": "I recently finished Serhii Plokhy's _Chernobyl: The History of a Nuclear Catastrophe_, which came out a little earlier this year, and I really thought it was good. Most Chernobyl history books get tied up in nothing but technical details; Plokhy gives a much more comprehensive discussion of the plant and the context of the response to the accident, which has been generally lacking from other works on the subject. Recommended, though those wanting technical details (which are useful but not Plokhy's thing) would do well to keep a copy of Medvedev's _The Legacy of Chernobyl_ at hand.", "edited": 1533307802.0, "author_flair_css_class": "technology", "collapsed": false, "author_flair_richtext": [], "is_submitter": false, "collapsed_reason": null, "body_html": "&lt;div class=\"md\"&gt;&lt;p&gt;I recently finished Serhii Plokhy&amp;#39;s &lt;em&gt;Chernobyl: The History of a Nuclear Catastrophe&lt;/em&gt;, which came out a little earlier this year, and I really thought it was good. Most Chernobyl history books get tied up in nothing but technical details; Plokhy gives a much more comprehensive discussion of the plant and the context of the response to the accident, which has been generally lacking from other works on the subject. Recommended, though those wanting technical details (which are useful but not Plokhy&amp;#39;s thing) would do well to keep a copy of Medvedev&amp;#39;s &lt;em&gt;The Legacy of Chernobyl&lt;/em&gt; at hand.&lt;/p&gt;\n&lt;/div&gt;", "stickied": false, "subreddit_type": "public", "can_gild": true, "subreddit": "AskHistorians", "author_flair_text_color": "dark", "score_hidden": false, "permalink": "/r/AskHistorians/comments/93zjz5/thursday_reading_recommendations_august_02_2018/e3j566n/", "num_reports": null, "name": "t1_e3j566n", "created": 1533326934.0, "author_flair_text": "Nuclear Technology | Modern Science", "created_utc": 1533298134.0, "subreddit_name_prefixed": "r/AskHistorians", "controversiality": 0, "depth": 0, "author_flair_background_color": "", "mod_reports": [], "mod_note": null, "distinguished": null}}, {"kind": "t1", "data": {"subreddit_id": "t5_2ssp3", "approved_at_utc": null, "ups": 2, "mod_reason_by": null, "banned_by": null, "author_flair_type": "text", "removal_reason": null, "link_id": "t3_93zjz5", "author_flair_template_id": null, "likes": null, "no_follow": true, "replies": "", "user_reports": [], "saved": false, "id": "e3h438e", "banned_at_utc": null, "mod_reason_title": null, "gilded": 0, "archived": false, "report_reasons": null, "author": "corruptrevolutionary", "can_mod_post": false, "send_replies": true, "parent_id": "t3_93zjz5", "score": 2, "author_fullname": "t2_fppex", "approved_by": null, "downs": 0, "body": "What\u2019s a good book focused on the establishment of the United Baltic Duchy, the Baltische Landeswehr, and the German involvement in the post WWI Baltic conflicts", "edited": false, "author_flair_css_class": null, "collapsed": false, "author_flair_richtext": [], "is_submitter": false, "collapsed_reason": null, "body_html": "&lt;div class=\"md\"&gt;&lt;p&gt;What\u2019s a good book focused on the establishment of the United Baltic Duchy, the Baltische Landeswehr, and the German involvement in the post WWI Baltic conflicts&lt;/p&gt;\n&lt;/div&gt;", "stickied": false, "subreddit_type": "public", "can_gild": true, "subreddit": "AskHistorians", "author_flair_text_color": null, "score_hidden": false, "permalink": "/r/AskHistorians/comments/93zjz5/thursday_reading_recommendations_august_02_2018/e3h438e/", "num_reports": null, "name": "t1_e3h438e", "created": 1533249081.0, "author_flair_text": null, "created_utc": 1533220281.0, "subreddit_name_prefixed": "r/AskHistorians", "controversiality": 0, "depth": 0, "author_flair_background_color": null, "mod_reports": [], "mod_note": null, "distinguished": null}}, {"kind": "t1", "data": {"subreddit_id": "t5_2ssp3", "approved_at_utc": null, "ups": 1, "mod_reason_by": null, "banned_by": null, "author_flair_type": "text", "removal_reason": null, "link_id": "t3_93zjz5", "author_flair_template_id": null, "likes": null, "no_follow": true, "replies": "", "user_reports": [], "saved": false, "id": "e3hdphd", "banned_at_utc": null, "mod_reason_title": null, "gilded": 0, "archived": false, "report_reasons": null, "author": "Ikigai_JiuJitsu", "can_mod_post": false, "send_replies": true, "parent_id": "t3_93zjz5", "score": 1, "author_fullname": "t2_1ugu7r32", "approved_by": null, "downs": 0, "body": "What would be a good historical book on the life and military career of Achilles? If such a book is even around?", "edited": false, "author_flair_css_class": null, "collapsed": false, "author_flair_richtext": [], "is_submitter": false, "collapsed_reason": null, "body_html": "&lt;div class=\"md\"&gt;&lt;p&gt;What would be a good historical book on the life and military career of Achilles? If such a book is even around?&lt;/p&gt;\n&lt;/div&gt;", "stickied": false, "subreddit_type": "public", "can_gild": true, "subreddit": "AskHistorians", "author_flair_text_color": null, "score_hidden": false, "permalink": "/r/AskHistorians/comments/93zjz5/thursday_reading_recommendations_august_02_2018/e3hdphd/", "num_reports": null, "name": "t1_e3hdphd", "created": 1533256939.0, "author_flair_text": null, "created_utc": 1533228139.0, "subreddit_name_prefixed": "r/AskHistorians", "controversiality": 0, "depth": 0, "author_flair_background_color": null, "mod_reports": [], "mod_note": null, "distinguished": null}}, {"kind": "t1", "data": {"subreddit_id": "t5_2ssp3", "approved_at_utc": null, "ups": 1, "mod_reason_by": null, "banned_by": null, "author_flair_type": "text", "removal_reason": null, "link_id": "t3_93zjz5", "author_flair_template_id": null, "likes": null, "no_follow": true, "replies": {"kind": "Listing", "data": {"modhash": "", "dist": null, "children": [{"kind": "t1", "data": {"subreddit_id": "t5_2ssp3", "approved_at_utc": null, "ups": 3, "mod_reason_by": null, "banned_by": null, "author_flair_type": "text", "removal_reason": null, "link_id": "t3_93zjz5", "author_flair_template_id": null, "likes": null, "no_follow": true, "replies": "", "user_reports": [], "saved": false, "id": "e3iswet", "banned_at_utc": null, "mod_reason_title": null, "gilded": 0, "archived": false, "report_reasons": null, "author": "Chamboz", "can_mod_post": false, "send_replies": true, "parent_id": "t1_e3hfqxo", "score": 3, "author_fullname": "t2_xc4ve", "approved_by": null, "downs": 0, "body": "I have not read it, but I have heard much about it from colleagues and can confirm that it is not pop-history. It should be well worth a read.", "edited": false, "author_flair_css_class": "middleeast", "collapsed": false, "author_flair_richtext": [], "is_submitter": false, "collapsed_reason": null, "body_html": "&lt;div class=\"md\"&gt;&lt;p&gt;I have not read it, but I have heard much about it from colleagues and can confirm that it is not pop-history. It should be well worth a read.&lt;/p&gt;\n&lt;/div&gt;", "stickied": false, "subreddit_type": "public", "can_gild": true, "subreddit": "AskHistorians", "author_flair_text_color": "dark", "score_hidden": false, "permalink": "/r/AskHistorians/comments/93zjz5/thursday_reading_recommendations_august_02_2018/e3iswet/", "num_reports": null, "name": "t1_e3iswet", "created": 1533305154.0, "author_flair_text": "17th Century Ottoman Empire", "created_utc": 1533276354.0, "subreddit_name_prefixed": "r/AskHistorians", "controversiality": 0, "depth": 1, "author_flair_background_color": "", "mod_reports": [], "mod_note": null, "distinguished": null}}], "after": null, "before": null}}, "user_reports": [], "saved": false, "id": "e3hfqxo", "banned_at_utc": null, "mod_reason_title": null, "gilded": 0, "archived": false, "report_reasons": null, "author": "actualadamsandler", "can_mod_post": false, "send_replies": true, "parent_id": "t3_93zjz5", "score": 1, "author_fullname": "t2_1x82779", "approved_by": null, "downs": 0, "body": "Has anyone read Minawi's *The Ottoman Scramble for Africa*? I'm considering buying it, but want to make sure it's more than pop history.", "edited": false, "author_flair_css_class": null, "collapsed": false, "author_flair_richtext": [], "is_submitter": false, "collapsed_reason": null, "body_html": "&lt;div class=\"md\"&gt;&lt;p&gt;Has anyone read Minawi&amp;#39;s &lt;em&gt;The Ottoman Scramble for Africa&lt;/em&gt;? I&amp;#39;m considering buying it, but want to make sure it&amp;#39;s more than pop history.&lt;/p&gt;\n&lt;/div&gt;", "stickied": false, "subreddit_type": "public", "can_gild": true, "subreddit": "AskHistorians", "author_flair_text_color": null, "score_hidden": false, "permalink": "/r/AskHistorians/comments/93zjz5/thursday_reading_recommendations_august_02_2018/e3hfqxo/", "num_reports": null, "name": "t1_e3hfqxo", "created": 1533258527.0, "author_flair_text": null, "created_utc": 1533229727.0, "subreddit_name_prefixed": "r/AskHistorians", "controversiality": 0, "depth": 0, "author_flair_background_color": null, "mod_reports": [], "mod_note": null, "distinguished": null}}, {"kind": "t1", "data": {"subreddit_id": "t5_2ssp3", "approved_at_utc": null, "ups": 1, "mod_reason_by": null, "banned_by": null, "author_flair_type": "text", "removal_reason": null, "link_id": "t3_93zjz5", "author_flair_template_id": null, "likes": null, "no_follow": true, "replies": "", "user_reports": [], "saved": false, "id": "e3huyye", "banned_at_utc": null, "mod_reason_title": null, "gilded": 0, "archived": false, "report_reasons": null, "author": "Merodus", "can_mod_post": false, "send_replies": true, "parent_id": "t3_93zjz5", "score": 1, "author_fullname": "t2_48suhd", "approved_by": null, "downs": 0, "body": "Looking for a recommendation for a book on Roman religion during the Republic.  Possibly something with both an overview and a look at its evolution. ", "edited": false, "author_flair_css_class": null, "collapsed": false, "author_flair_richtext": [], "is_submitter": false, "collapsed_reason": null, "body_html": "&lt;div class=\"md\"&gt;&lt;p&gt;Looking for a recommendation for a book on Roman religion during the Republic.  Possibly something with both an overview and a look at its evolution. &lt;/p&gt;\n&lt;/div&gt;", "stickied": false, "subreddit_type": "public", "can_gild": true, "subreddit": "AskHistorians", "author_flair_text_color": null, "score_hidden": false, "permalink": "/r/AskHistorians/comments/93zjz5/thursday_reading_recommendations_august_02_2018/e3huyye/", "num_reports": null, "name": "t1_e3huyye", "created": 1533270809.0, "author_flair_text": null, "created_utc": 1533242009.0, "subreddit_name_prefixed": "r/AskHistorians", "controversiality": 0, "depth": 0, "author_flair_background_color": null, "mod_reports": [], "mod_note": null, "distinguished": null}}, {"kind": "t1", "data": {"subreddit_id": "t5_2ssp3", "approved_at_utc": null, "ups": 1, "mod_reason_by": null, "banned_by": null, "author_flair_type": "text", "removal_reason": null, "link_id": "t3_93zjz5", "author_flair_template_id": null, "likes": null, "no_follow": true, "replies": "", "user_reports": [], "saved": false, "id": "e3j5h9j", "banned_at_utc": null, "mod_reason_title": null, "gilded": 0, "archived": false, "report_reasons": null, "author": "Failosopher", "can_mod_post": false, "send_replies": true, "parent_id": "t3_93zjz5", "score": 1, "author_fullname": "t2_ncztm", "approved_by": null, "downs": 0, "body": "I have recently acquired, translated, and read Antonio Grillone's \u201cIordanes: Getica.\u201d Paris: Les Belles Lettres, 2017. This is the latest text, complete with a Latin edition, for Jordanes' *Getica*, translated into Italian. I am posting this here because the text is so well researched and dutifully edited that, I think, it might finally overtake Mommsen's *MGH* 5,1 (*Getica*) edition written in 1877. No small feat, I assure. It's not a cheap book and it's quite difficult to get your hands on at the moment; but if you stumble over the subject of Jordanes and have access to it, grab it.", "edited": false, "author_flair_css_class": null, "collapsed": false, "author_flair_richtext": [], "is_submitter": false, "collapsed_reason": null, "body_html": "&lt;div class=\"md\"&gt;&lt;p&gt;I have recently acquired, translated, and read Antonio Grillone&amp;#39;s \u201cIordanes: Getica.\u201d Paris: Les Belles Lettres, 2017. This is the latest text, complete with a Latin edition, for Jordanes&amp;#39; &lt;em&gt;Getica&lt;/em&gt;, translated into Italian. I am posting this here because the text is so well researched and dutifully edited that, I think, it might finally overtake Mommsen&amp;#39;s &lt;em&gt;MGH&lt;/em&gt; 5,1 (&lt;em&gt;Getica&lt;/em&gt;) edition written in 1877. No small feat, I assure. It&amp;#39;s not a cheap book and it&amp;#39;s quite difficult to get your hands on at the moment; but if you stumble over the subject of Jordanes and have access to it, grab it.&lt;/p&gt;\n&lt;/div&gt;", "stickied": false, "subreddit_type": "public", "can_gild": true, "subreddit": "AskHistorians", "author_flair_text_color": null, "score_hidden": false, "permalink": "/r/AskHistorians/comments/93zjz5/thursday_reading_recommendations_august_02_2018/e3j5h9j/", "num_reports": null, "name": "t1_e3j5h9j", "created": 1533327332.0, "author_flair_text": null, "created_utc": 1533298532.0, "subreddit_name_prefixed": "r/AskHistorians", "controversiality": 0, "depth": 0, "author_flair_background_color": null, "mod_reports": [], "mod_note": null, "distinguished": null}}, {"kind": "t1", "data": {"subreddit_id": "t5_2ssp3", "approved_at_utc": null, "ups": 1, "mod_reason_by": null, "banned_by": null, "author_flair_type": "text", "removal_reason": null, "link_id": "t3_93zjz5", "author_flair_template_id": null, "likes": null, "no_follow": true, "replies": "", "user_reports": [], "saved": false, "id": "e3ja869", "banned_at_utc": null, "mod_reason_title": null, "gilded": 0, "archived": false, "report_reasons": null, "author": "NeoDiamond", "can_mod_post": false, "send_replies": true, "parent_id": "t3_93zjz5", "score": 1, "author_fullname": "t2_8g753", "approved_by": null, "downs": 0, "body": "Anyone know a good book on Medieval Georgia? Academic and popular histories are both fine. I'm especially interested in the Georgian Golden Age/Tamar the Great's rule.\n\nThanks! ", "edited": false, "author_flair_css_class": null, "collapsed": false, "author_flair_richtext": [], "is_submitter": false, "collapsed_reason": null, "body_html": "&lt;div class=\"md\"&gt;&lt;p&gt;Anyone know a good book on Medieval Georgia? Academic and popular histories are both fine. I&amp;#39;m especially interested in the Georgian Golden Age/Tamar the Great&amp;#39;s rule.&lt;/p&gt;\n\n&lt;p&gt;Thanks! &lt;/p&gt;\n&lt;/div&gt;", "stickied": false, "subreddit_type": "public", "can_gild": true, "subreddit": "AskHistorians", "author_flair_text_color": null, "score_hidden": false, "permalink": "/r/AskHistorians/comments/93zjz5/thursday_reading_recommendations_august_02_2018/e3ja869/", "num_reports": null, "name": "t1_e3ja869", "created": 1533332604.0, "author_flair_text": null, "created_utc": 1533303804.0, "subreddit_name_prefixed": "r/AskHistorians", "controversiality": 0, "depth": 0, "author_flair_background_color": null, "mod_reports": [], "mod_note": null, "distinguished": null}}], "after": null, "before": null}}]