[{"kind": "Listing", "data": {"modhash": "", "dist": 1, "children": [{"kind": "t3", "data": {"approved_at_utc": null, "subreddit": "AskHistorians", "selftext": "What is the public perception of Mao in China? Does it differ than the official state perception? How have both changed over time?", "user_reports": [], "saved": false, "mod_reason_title": null, "gilded": 0, "clicked": false, "title": "Perception of Mao in China", "link_flair_richtext": [], "subreddit_name_prefixed": "r/AskHistorians", "hidden": false, "pwls": 6, "link_flair_css_class": null, "downs": 0, "parent_whitelist_status": "all_ads", "hide_score": false, "name": "t3_93zj2i", "quarantine": false, "link_flair_text_color": "dark", "upvote_ratio": 0.71, "author_flair_background_color": null, "subreddit_type": "public", "ups": 3, "domain": "self.AskHistorians", "media_embed": {}, "author_flair_template_id": null, "is_original_content": false, "author_fullname": "t2_1a7csxzl", "secure_media": null, "is_reddit_media_domain": false, "is_meta": false, "category": null, "secure_media_embed": {}, "link_flair_text": null, "can_mod_post": false, "score": 3, "approved_by": null, "thumbnail": "", "edited": false, "author_flair_css_class": null, "author_flair_richtext": [], "content_categories": null, "is_self": true, "mod_note": null, "created": 1533247383.0, "link_flair_type": "text", "wls": 6, "banned_by": null, "author_flair_type": "text", "contest_mode": false, "selftext_html": "&lt;!-- SC_OFF --&gt;&lt;div class=\"md\"&gt;&lt;p&gt;What is the public perception of Mao in China? Does it differ than the official state perception? How have both changed over time?&lt;/p&gt;\n&lt;/div&gt;&lt;!-- SC_ON --&gt;", "likes": null, "suggested_sort": null, "banned_at_utc": null, "view_count": null, "archived": false, "no_follow": true, "is_crosspostable": false, "pinned": false, "over_18": false, "media": null, "media_only": false, "link_flair_template_id": null, "can_gild": false, "spoiler": false, "locked": false, "author_flair_text": null, "visited": false, "num_reports": null, "distinguished": null, "subreddit_id": "t5_2ssp3", "mod_reason_by": null, "removal_reason": null, "link_flair_background_color": "", "id": "93zj2i", "report_reasons": null, "author": "alphageb", "num_crossposts": 0, "num_comments": 1, "send_replies": true, "author_flair_text_color": null, "permalink": "/r/AskHistorians/comments/93zj2i/perception_of_mao_in_china/", "whitelist_status": "all_ads", "stickied": false, "url": "https://www.reddit.com/r/AskHistorians/comments/93zj2i/perception_of_mao_in_china/", "subreddit_subscribers": 798141, "created_utc": 1533218583.0, "mod_reports": [], "is_video": false}}], "after": null, "before": null}}, {"kind": "Listing", "data": {"modhash": "", "dist": null, "children": [{"kind": "t1", "data": {"subreddit_id": "t5_2ssp3", "approved_at_utc": null, "ups": 2, "mod_reason_by": null, "banned_by": null, "author_flair_type": "text", "removal_reason": null, "link_id": "t3_93zj2i", "author_flair_template_id": null, "likes": null, "no_follow": true, "replies": "", "user_reports": [], "saved": false, "id": "e3kntkm", "banned_at_utc": null, "mod_reason_title": null, "gilded": 0, "archived": false, "report_reasons": null, "author": "KonW", "can_mod_post": false, "send_replies": true, "parent_id": "t3_93zj2i", "score": 2, "author_fullname": "t2_6wgiu", "approved_by": null, "downs": 0, "body": "The perception is mixed, old generations will remember fondly of his iron fist and strong stance against foreign powers fighting the USA and united nations as a weakling in both korean war and vietnam, especially under the current general government mindset of \"hinding ones claws abide one's time\" laid out by Deng.\n\nYoung generations are generally resentful of his fatal mistake in the governing policies that led to the tens of years total chaos and collapse of economy, a whole generation of uneducated mass, and generally the delayed development in social welfare/income, etc keenly felt today when compared to countries or places like Korea, Taiwan and Singapore that were almost in the same status as China after ww2 but were success in their economical revival.\n\nHated or loved, One thing you can be sure of tho is that,, Mao is no doubt highly respected within China, for his charisma, military genius, and literature achievement, and as the figure that built the nation able to say no to the world powers, ending finally the \"shameful 100 years\" when China was behind and got colonized and massacred, in the thousands of years of glorious Chinese history in a Chinese mind.", "edited": false, "author_flair_css_class": null, "collapsed": false, "author_flair_richtext": [], "is_submitter": false, "collapsed_reason": null, "body_html": "&lt;div class=\"md\"&gt;&lt;p&gt;The perception is mixed, old generations will remember fondly of his iron fist and strong stance against foreign powers fighting the USA and united nations as a weakling in both korean war and vietnam, especially under the current general government mindset of &amp;quot;hinding ones claws abide one&amp;#39;s time&amp;quot; laid out by Deng.&lt;/p&gt;\n\n&lt;p&gt;Young generations are generally resentful of his fatal mistake in the governing policies that led to the tens of years total chaos and collapse of economy, a whole generation of uneducated mass, and generally the delayed development in social welfare/income, etc keenly felt today when compared to countries or places like Korea, Taiwan and Singapore that were almost in the same status as China after ww2 but were success in their economical revival.&lt;/p&gt;\n\n&lt;p&gt;Hated or loved, One thing you can be sure of tho is that,, Mao is no doubt highly respected within China, for his charisma, military genius, and literature achievement, and as the figure that built the nation able to say no to the world powers, ending finally the &amp;quot;shameful 100 years&amp;quot; when China was behind and got colonized and massacred, in the thousands of years of glorious Chinese history in a Chinese mind.&lt;/p&gt;\n&lt;/div&gt;", "stickied": false, "subreddit_type": "public", "can_gild": true, "subreddit": "AskHistorians", "author_flair_text_color": null, "score_hidden": false, "permalink": "/r/AskHistorians/comments/93zj2i/perception_of_mao_in_china/e3kntkm/", "num_reports": null, "name": "t1_e3kntkm", "created": 1533377915.0, "author_flair_text": null, "created_utc": 1533349115.0, "subreddit_name_prefixed": "r/AskHistorians", "controversiality": 0, "depth": 0, "author_flair_background_color": null, "mod_reports": [], "mod_note": null, "distinguished": null}}], "after": null, "before": null}}]