[{"kind": "Listing", "data": {"modhash": "", "dist": 1, "children": [{"kind": "t3", "data": {"approved_at_utc": null, "subreddit": "AskHistorians", "selftext": "While I'm aware of Pausanias' guide I must confess ignorance as to what's actually in it with regards to the Peloponnese (I once read sections for a course on Athens.) Are there sources besides this?", "user_reports": [], "saved": false, "mod_reason_title": null, "gilded": 0, "clicked": false, "title": "It is often quipped that Sparta became a tourist destination under the Romans. Do we know \u2013 and if so, how do we know \u2013 what sort of people were going, for what reason and, potentially, what they thought?", "link_flair_richtext": [], "subreddit_name_prefixed": "r/AskHistorians", "hidden": false, "pwls": 6, "link_flair_css_class": null, "downs": 0, "parent_whitelist_status": "all_ads", "hide_score": false, "name": "t3_94165f", "quarantine": false, "link_flair_text_color": "dark", "upvote_ratio": 0.89, "author_flair_background_color": "", "subreddit_type": "public", "ups": 28, "domain": "self.AskHistorians", "media_embed": {}, "author_flair_template_id": null, "is_original_content": false, "author_fullname": "t2_pncvt", "secure_media": null, "is_reddit_media_domain": false, "is_meta": false, "category": null, "secure_media_embed": {}, "link_flair_text": null, "can_mod_post": false, "score": 28, "approved_by": null, "thumbnail": "", "edited": false, "author_flair_css_class": "asia", "author_flair_richtext": [], "content_categories": null, "is_self": true, "mod_note": null, "created": 1533258748.0, "link_flair_type": "text", "wls": 6, "banned_by": null, "author_flair_type": "text", "contest_mode": false, "selftext_html": "&lt;!-- SC_OFF --&gt;&lt;div class=\"md\"&gt;&lt;p&gt;While I&amp;#39;m aware of Pausanias&amp;#39; guide I must confess ignorance as to what&amp;#39;s actually in it with regards to the Peloponnese (I once read sections for a course on Athens.) Are there sources besides this?&lt;/p&gt;\n&lt;/div&gt;&lt;!-- SC_ON --&gt;", "likes": null, "suggested_sort": null, "banned_at_utc": null, "view_count": null, "archived": false, "no_follow": false, "is_crosspostable": false, "pinned": false, "over_18": false, "media": null, "media_only": false, "link_flair_template_id": null, "can_gild": false, "spoiler": false, "locked": false, "author_flair_text": "Taiping Rebellion", "visited": false, "num_reports": null, "distinguished": null, "subreddit_id": "t5_2ssp3", "mod_reason_by": null, "removal_reason": null, "link_flair_background_color": "", "id": "94165f", "report_reasons": null, "author": "EnclavedMicrostate", "num_crossposts": 0, "num_comments": 0, "send_replies": true, "author_flair_text_color": "dark", "permalink": "/r/AskHistorians/comments/94165f/it_is_often_quipped_that_sparta_became_a_tourist/", "whitelist_status": "all_ads", "stickied": false, "url": "https://www.reddit.com/r/AskHistorians/comments/94165f/it_is_often_quipped_that_sparta_became_a_tourist/", "subreddit_subscribers": 798141, "created_utc": 1533229948.0, "mod_reports": [], "is_video": false}}], "after": null, "before": null}}, {"kind": "Listing", "data": {"modhash": "", "dist": null, "children": [], "after": null, "before": null}}]