[{"kind": "Listing", "data": {"modhash": "", "dist": 1, "children": [{"kind": "t3", "data": {"approved_at_utc": null, "subreddit": "AskHistorians", "selftext": "Samurai were a larger % of the population of Japan it seems (I believe Sengoku Era, can't comment on earlier than that) than knights were in Europe, say during the High medieval period. What I am asking is, what exactly constitutes a Samurai? We read about famous samurai, but most are anonymous. Did wealthy, land owning samurai, keep armed retainers without land, but held the rank of samurai, who he used his wealth to equip and maintain them? I'm not referring to ronin. Since as much as 10% of the male population of Japan were of samurai rank, I'm guessing that a good chunk of them did not have enough property to fund themselves. ", "user_reports": [], "saved": false, "mod_reason_title": null, "gilded": 0, "clicked": false, "title": "Explain Rank and/or Property ownership by Samurai?", "link_flair_richtext": [], "subreddit_name_prefixed": "r/AskHistorians", "hidden": false, "pwls": 6, "link_flair_css_class": null, "downs": 0, "parent_whitelist_status": "all_ads", "hide_score": false, "name": "t3_942qsp", "quarantine": false, "link_flair_text_color": "dark", "upvote_ratio": 0.72, "author_flair_background_color": null, "subreddit_type": "public", "ups": 3, "domain": "self.AskHistorians", "media_embed": {}, "author_flair_template_id": null, "is_original_content": false, "author_fullname": "t2_fedgo", "secure_media": null, "is_reddit_media_domain": false, "is_meta": false, "category": null, "secure_media_embed": {}, "link_flair_text": null, "can_mod_post": false, "score": 3, "approved_by": null, "thumbnail": "", "edited": false, "author_flair_css_class": null, "author_flair_richtext": [], "content_categories": null, "is_self": true, "mod_note": null, "created": 1533269314.0, "link_flair_type": "text", "wls": 6, "banned_by": null, "author_flair_type": "text", "contest_mode": false, "selftext_html": "&lt;!-- SC_OFF --&gt;&lt;div class=\"md\"&gt;&lt;p&gt;Samurai were a larger % of the population of Japan it seems (I believe Sengoku Era, can&amp;#39;t comment on earlier than that) than knights were in Europe, say during the High medieval period. What I am asking is, what exactly constitutes a Samurai? We read about famous samurai, but most are anonymous. Did wealthy, land owning samurai, keep armed retainers without land, but held the rank of samurai, who he used his wealth to equip and maintain them? I&amp;#39;m not referring to ronin. Since as much as 10% of the male population of Japan were of samurai rank, I&amp;#39;m guessing that a good chunk of them did not have enough property to fund themselves. &lt;/p&gt;\n&lt;/div&gt;&lt;!-- SC_ON --&gt;", "likes": null, "suggested_sort": null, "banned_at_utc": null, "view_count": null, "archived": false, "no_follow": true, "is_crosspostable": false, "pinned": false, "over_18": false, "media": null, "media_only": false, "link_flair_template_id": null, "can_gild": false, "spoiler": false, "locked": false, "author_flair_text": null, "visited": false, "num_reports": null, "distinguished": null, "subreddit_id": "t5_2ssp3", "mod_reason_by": null, "removal_reason": null, "link_flair_background_color": "", "id": "942qsp", "report_reasons": null, "author": "Big_Yehudah", "num_crossposts": 0, "num_comments": 0, "send_replies": true, "author_flair_text_color": null, "permalink": "/r/AskHistorians/comments/942qsp/explain_rank_andor_property_ownership_by_samurai/", "whitelist_status": "all_ads", "stickied": false, "url": "https://www.reddit.com/r/AskHistorians/comments/942qsp/explain_rank_andor_property_ownership_by_samurai/", "subreddit_subscribers": 798142, "created_utc": 1533240514.0, "mod_reports": [], "is_video": false}}], "after": null, "before": null}}, {"kind": "Listing", "data": {"modhash": "", "dist": null, "children": [], "after": null, "before": null}}]