[{"kind": "Listing", "data": {"modhash": "", "dist": 1, "children": [{"kind": "t3", "data": {"approved_at_utc": null, "subreddit": "AskHistorians", "selftext": "", "user_reports": [], "saved": false, "mod_reason_title": null, "gilded": 0, "clicked": false, "title": "Why does the Russian alphabet look so similar to the Latin alphabet", "link_flair_richtext": [], "subreddit_name_prefixed": "r/AskHistorians", "hidden": false, "pwls": 6, "link_flair_css_class": null, "downs": 0, "top_awarded_type": null, "parent_whitelist_status": "all_ads", "hide_score": false, "name": "t3_hkb9nk", "quarantine": false, "link_flair_text_color": "dark", "upvote_ratio": 0.71, "author_flair_background_color": null, "subreddit_type": "public", "ups": 3, "total_awards_received": 0, "media_embed": {}, "author_flair_template_id": null, "is_original_content": false, "author_fullname": "t2_3zc1qemb", "secure_media": null, "is_reddit_media_domain": false, "is_meta": false, "category": null, "secure_media_embed": {}, "link_flair_text": null, "can_mod_post": false, "score": 3, "approved_by": null, "author_premium": false, "thumbnail": "", "edited": false, "author_flair_css_class": null, "author_flair_richtext": [], "gildings": {}, "content_categories": null, "is_self": true, "mod_note": null, "created": 1593773414.0, "link_flair_type": "text", "wls": 6, "removed_by_category": null, "banned_by": null, "author_flair_type": "text", "domain": "self.AskHistorians", "allow_live_comments": false, "selftext_html": null, "likes": null, "suggested_sort": null, "banned_at_utc": null, "view_count": null, "archived": false, "no_follow": true, "is_crosspostable": false, "pinned": false, "over_18": false, "all_awardings": [], "awarders": [], "media_only": false, "can_gild": false, "spoiler": false, "locked": false, "author_flair_text": null, "treatment_tags": [], "visited": false, "removed_by": null, "num_reports": null, "distinguished": null, "subreddit_id": "t5_2ssp3", "mod_reason_by": null, "removal_reason": null, "link_flair_background_color": "", "id": "hkb9nk", "is_robot_indexable": true, "num_duplicates": 1, "report_reasons": null, "author": "OKAnyways33", "discussion_type": null, "num_comments": 3, "send_replies": true, "media": null, "contest_mode": false, "author_patreon_flair": false, "author_flair_text_color": null, "permalink": "/r/AskHistorians/comments/hkb9nk/why_does_the_russian_alphabet_look_so_similar_to/", "whitelist_status": "all_ads", "stickied": false, "url": "https://www.reddit.com/r/AskHistorians/comments/hkb9nk/why_does_the_russian_alphabet_look_so_similar_to/", "subreddit_subscribers": 1246422, "created_utc": 1593744614.0, "num_crossposts": 0, "mod_reports": [], "is_video": false}}], "after": null, "before": null}}, {"kind": "Listing", "data": {"modhash": "", "dist": null, "children": [{"kind": "t1", "data": {"total_awards_received": 0, "approved_at_utc": null, "ups": 1, "awarders": [], "mod_reason_by": null, "banned_by": null, "author_flair_type": "richtext", "removal_reason": null, "link_id": "t3_hkb9nk", "author_flair_template_id": "9e641f94-c626-11e2-8e2c-12313b0b21ae", "likes": null, "replies": "", "user_reports": [], "saved": false, "id": "fwrmkg0", "banned_at_utc": null, "mod_reason_title": null, "gilded": 0, "archived": false, "no_follow": true, "author": "AutoModerator", "can_mod_post": false, "send_replies": false, "parent_id": "t3_hkb9nk", "score": 1, "author_fullname": "t2_6l4z3", "report_reasons": null, "approved_by": null, "all_awardings": [], "subreddit_id": "t5_2ssp3", "body": "Welcome to /r/AskHistorians. **Please [Read Our Rules](https://www.reddit.com/r/AskHistorians/wiki/rules) before you comment in this community**. Understand that rule breaking comments get removed.\n\nWe thank you for your interest in this *question*, and your patience in waiting for an in-depth and comprehensive answer to be written, which takes time. Please consider **[Clicking Here for RemindMeBot](https://www.reddit.com/message/compose/?to=RemindMeBot&amp;subject=Reminder&amp;message=%5Bhttps://www.reddit.com/r/AskHistorians/comments/hkb9nk/why_does_the_russian_alphabet_look_so_similar_to/%5D%0A%0ARemindMe!%202%20days)**, [using our Browser Extension](https://www.reddit.com/r/AskHistorians/comments/d6dzi7/tired_of_clicking_to_find_only_removed_comments/), or getting the [Weekly Roundup](https://www.reddit.com/message/compose?to=subredditsummarybot&amp;subject=askhistorians+weekly&amp;message=x). In the meantime our [Twitter](https://twitter.com/askhistorians), [Facebook](https://www.facebook.com/askhistorians/), and [Sunday Digest](https://www.reddit.com/r/AskHistorians/search?q=title%3A%22Sunday+Digest%22&amp;restrict_sr=on&amp;sort=new&amp;t=all) feature excellent content that has already been written!\n\n\n*I am a bot, and this action was performed automatically. Please [contact the moderators of this subreddit](/message/compose/?to=/r/AskHistorians) if you have any questions or concerns.*", "edited": false, "downs": 0, "author_flair_css_class": null, "is_submitter": false, "collapsed": false, "author_flair_richtext": [{"e": "text", "t": "History of Robotics"}], "author_patreon_flair": false, "body_html": "&lt;div class=\"md\"&gt;&lt;p&gt;Welcome to &lt;a href=\"/r/AskHistorians\"&gt;/r/AskHistorians&lt;/a&gt;. &lt;strong&gt;Please &lt;a href=\"https://www.reddit.com/r/AskHistorians/wiki/rules\"&gt;Read Our Rules&lt;/a&gt; before you comment in this community&lt;/strong&gt;. Understand that rule breaking comments get removed.&lt;/p&gt;\n\n&lt;p&gt;We thank you for your interest in this &lt;em&gt;question&lt;/em&gt;, and your patience in waiting for an in-depth and comprehensive answer to be written, which takes time. Please consider &lt;strong&gt;&lt;a href=\"https://www.reddit.com/message/compose/?to=RemindMeBot&amp;amp;subject=Reminder&amp;amp;message=%5Bhttps://www.reddit.com/r/AskHistorians/comments/hkb9nk/why_does_the_russian_alphabet_look_so_similar_to/%5D%0A%0ARemindMe!%202%20days\"&gt;Clicking Here for RemindMeBot&lt;/a&gt;&lt;/strong&gt;, &lt;a href=\"https://www.reddit.com/r/AskHistorians/comments/d6dzi7/tired_of_clicking_to_find_only_removed_comments/\"&gt;using our Browser Extension&lt;/a&gt;, or getting the &lt;a href=\"https://www.reddit.com/message/compose?to=subredditsummarybot&amp;amp;subject=askhistorians+weekly&amp;amp;message=x\"&gt;Weekly Roundup&lt;/a&gt;. In the meantime our &lt;a href=\"https://twitter.com/askhistorians\"&gt;Twitter&lt;/a&gt;, &lt;a href=\"https://www.facebook.com/askhistorians/\"&gt;Facebook&lt;/a&gt;, and &lt;a href=\"https://www.reddit.com/r/AskHistorians/search?q=title%3A%22Sunday+Digest%22&amp;amp;restrict_sr=on&amp;amp;sort=new&amp;amp;t=all\"&gt;Sunday Digest&lt;/a&gt; feature excellent content that has already been written!&lt;/p&gt;\n\n&lt;p&gt;&lt;em&gt;I am a bot, and this action was performed automatically. Please &lt;a href=\"/message/compose/?to=/r/AskHistorians\"&gt;contact the moderators of this subreddit&lt;/a&gt; if you have any questions or concerns.&lt;/em&gt;&lt;/p&gt;\n&lt;/div&gt;", "gildings": {}, "collapsed_reason": null, "associated_award": null, "stickied": true, "author_premium": true, "subreddit_type": "public", "can_gild": true, "top_awarded_type": null, "author_flair_text_color": "light", "score_hidden": true, "permalink": "/r/AskHistorians/comments/hkb9nk/why_does_the_russian_alphabet_look_so_similar_to/fwrmkg0/", "num_reports": null, "locked": true, "name": "t1_fwrmkg0", "created": 1593773414.0, "subreddit": "AskHistorians", "author_flair_text": "History of Robotics", "treatment_tags": [], "created_utc": 1593744614.0, "subreddit_name_prefixed": "r/AskHistorians", "controversiality": 0, "depth": 0, "author_flair_background_color": "#993366", "collapsed_because_crowd_control": null, "mod_reports": [], "mod_note": null, "distinguished": "moderator"}}, {"kind": "t1", "data": {"total_awards_received": 0, "approved_at_utc": null, "ups": 9, "awarders": [], "mod_reason_by": null, "banned_by": null, "author_flair_type": "text", "removal_reason": null, "link_id": "t3_hkb9nk", "author_flair_template_id": null, "likes": null, "replies": "", "user_reports": [], "saved": false, "id": "fws7e9y", "banned_at_utc": null, "mod_reason_title": null, "gilded": 0, "archived": false, "no_follow": true, "author": "Skirtza", "can_mod_post": false, "send_replies": true, "parent_id": "t3_hkb9nk", "score": 9, "author_fullname": "t2_w9d1c", "report_reasons": null, "approved_by": null, "all_awardings": [], "subreddit_id": "t5_2ssp3", "body": "Russian is written in Cyrillic alphabet, which was invented in 9th century AD and was initially used for Old Church Slavonic (the oldest attested Slavic language, from a time when language of different Slavs was still mutually intelligible, and only later on evolved in separate languages). Cyrillic alphabet is derived form Greek alphabet.\nLatin alphabet is also derived from Greek alphabet, where Etruscan script was an intermediary.\n\nSo both alphabets derive from the same alphabet \u2013 the Greek one, and that's the reason for their similarity. There are different reasons for the cases where they differ, though:\n1) For example English uses digraphs for sounds not found in Latin, for which as a consequence there are no letters (like sh, ch, th), some Slavic languages use modified letters in Latin script instead of digraphs (like Czech, Slovak, Slovene, Croatian \u0161 /pronounced as sh in ship/ vs s /pronounces as s in sip/). The Cyrillic alphabet approached such cases differently, the completely new letter was invented or taken from different script (for example letter for sh/\u0161 was taken from Hebrew) \u2013 in this case the letter was already borrowed from Hebrew in Glagolitic script (an older alphabet for Old Church Slavonic), and from there into Cyrillic.\n2) The pronunciation of a Greek letter in Greek may be different through time, for example Greek beta was pronounced \"b\" when the Etruscans/Romans adopted the script and so the letter B is used in Latin script for the sound \"b\", in medieval Greek when Cyrillic was evolved it was pronounced as \"v\", and so in Cyrillic script the letter B is pronounced \"v\".\n\nAdded:\nI had to add the third reason, at first I thought it would be obvious, but it may not be so: 3) Greek influenced Latin and Cyrillic in different stages or types of its forms and through different intermediaries, so that's another reason for differences. For example, the Etruscan script evolved from some western type of Greek script, which had some peculiarities compared to what is now \"standard\" Greek alphabet, the letter lambda (\u039b) was written differently, more similar to today's Latin L.", "edited": 1593761824.0, "downs": 0, "author_flair_css_class": null, "is_submitter": false, "collapsed": false, "author_flair_richtext": [], "author_patreon_flair": false, "body_html": "&lt;div class=\"md\"&gt;&lt;p&gt;Russian is written in Cyrillic alphabet, which was invented in 9th century AD and was initially used for Old Church Slavonic (the oldest attested Slavic language, from a time when language of different Slavs was still mutually intelligible, and only later on evolved in separate languages). Cyrillic alphabet is derived form Greek alphabet.\nLatin alphabet is also derived from Greek alphabet, where Etruscan script was an intermediary.&lt;/p&gt;\n\n&lt;p&gt;So both alphabets derive from the same alphabet \u2013 the Greek one, and that&amp;#39;s the reason for their similarity. There are different reasons for the cases where they differ, though:\n1) For example English uses digraphs for sounds not found in Latin, for which as a consequence there are no letters (like sh, ch, th), some Slavic languages use modified letters in Latin script instead of digraphs (like Czech, Slovak, Slovene, Croatian \u0161 /pronounced as sh in ship/ vs s /pronounces as s in sip/). The Cyrillic alphabet approached such cases differently, the completely new letter was invented or taken from different script (for example letter for sh/\u0161 was taken from Hebrew) \u2013 in this case the letter was already borrowed from Hebrew in Glagolitic script (an older alphabet for Old Church Slavonic), and from there into Cyrillic.\n2) The pronunciation of a Greek letter in Greek may be different through time, for example Greek beta was pronounced &amp;quot;b&amp;quot; when the Etruscans/Romans adopted the script and so the letter B is used in Latin script for the sound &amp;quot;b&amp;quot;, in medieval Greek when Cyrillic was evolved it was pronounced as &amp;quot;v&amp;quot;, and so in Cyrillic script the letter B is pronounced &amp;quot;v&amp;quot;.&lt;/p&gt;\n\n&lt;p&gt;Added:\nI had to add the third reason, at first I thought it would be obvious, but it may not be so: 3) Greek influenced Latin and Cyrillic in different stages or types of its forms and through different intermediaries, so that&amp;#39;s another reason for differences. For example, the Etruscan script evolved from some western type of Greek script, which had some peculiarities compared to what is now &amp;quot;standard&amp;quot; Greek alphabet, the letter lambda (\u039b) was written differently, more similar to today&amp;#39;s Latin L.&lt;/p&gt;\n&lt;/div&gt;", "gildings": {}, "collapsed_reason": null, "associated_award": null, "stickied": false, "author_premium": false, "subreddit_type": "public", "can_gild": true, "top_awarded_type": null, "author_flair_text_color": null, "score_hidden": false, "permalink": "/r/AskHistorians/comments/hkb9nk/why_does_the_russian_alphabet_look_so_similar_to/fws7e9y/", "num_reports": null, "locked": false, "name": "t1_fws7e9y", "created": 1593788796.0, "subreddit": "AskHistorians", "author_flair_text": null, "treatment_tags": [], "created_utc": 1593759996.0, "subreddit_name_prefixed": "r/AskHistorians", "controversiality": 0, "depth": 0, "author_flair_background_color": null, "collapsed_because_crowd_control": null, "mod_reports": [], "mod_note": null, "distinguished": null}}], "after": null, "before": null}}]