[{"kind": "Listing", "data": {"modhash": "", "dist": 1, "children": [{"kind": "t3", "data": {"approved_at_utc": null, "subreddit": "AskHistorians", "selftext": "", "user_reports": [], "saved": false, "mod_reason_title": null, "gilded": 0, "clicked": false, "title": "Did any of the Nazi human experiments actually yield any knowledge?", "link_flair_richtext": [], "subreddit_name_prefixed": "r/AskHistorians", "hidden": false, "pwls": 6, "link_flair_css_class": null, "downs": 0, "parent_whitelist_status": "all_ads", "hide_score": false, "name": "t3_8nyltq", "quarantine": false, "link_flair_text_color": "dark", "upvote_ratio": 0.8, "author_flair_background_color": null, "subreddit_type": "public", "ups": 3, "domain": "self.AskHistorians", "media_embed": {}, "author_flair_template_id": null, "is_original_content": false, "secure_media": null, "is_reddit_media_domain": false, "category": null, "secure_media_embed": {}, "link_flair_text": null, "can_mod_post": false, "score": 3, "approved_by": null, "thumbnail": "", "edited": false, "author_flair_css_class": null, "author_flair_richtext": [], "content_categories": null, "is_self": true, "mod_note": null, "created": 1527947231.0, "link_flair_type": "text", "wls": 6, "post_categories": null, "banned_by": null, "author_flair_type": "text", "contest_mode": false, "selftext_html": null, "likes": null, "suggested_sort": null, "banned_at_utc": null, "view_count": null, "archived": false, "no_follow": false, "is_crosspostable": false, "pinned": false, "over_18": false, "media_only": false, "can_gild": false, "spoiler": false, "locked": false, "author_flair_text": null, "rte_mode": "markdown", "visited": false, "num_reports": null, "distinguished": null, "subreddit_id": "t5_2ssp3", "mod_reason_by": null, "removal_reason": null, "id": "8nyltq", "report_reasons": null, "author": "Rumply4Skin", "num_crossposts": 0, "num_comments": 1, "send_replies": true, "mod_reports": [], "author_flair_text_color": null, "permalink": "/r/AskHistorians/comments/8nyltq/did_any_of_the_nazi_human_experiments_actually/", "whitelist_status": "all_ads", "stickied": false, "url": "https://www.reddit.com/r/AskHistorians/comments/8nyltq/did_any_of_the_nazi_human_experiments_actually/", "subreddit_subscribers": 770599, "created_utc": 1527918431.0, "media": null, "is_video": false}}], "after": null, "before": null}}, {"kind": "Listing", "data": {"modhash": "", "dist": null, "children": [{"kind": "t1", "data": {"subreddit_id": "t5_2ssp3", "approved_at_utc": null, "ups": 7, "mod_reason_by": null, "banned_by": null, "author_flair_type": "richtext", "removal_reason": null, "link_id": "t3_8nyltq", "author_flair_template_id": "98d8fdba-c626-11e2-bd52-12313b06caaf", "likes": null, "no_follow": false, "replies": "", "user_reports": [], "saved": false, "id": "dzzdgmr", "banned_at_utc": null, "mod_reason_title": null, "gilded": 0, "archived": false, "report_reasons": null, "author": "Searocksandtrees", "can_mod_post": false, "send_replies": true, "parent_id": "t3_8nyltq", "score": 7, "approved_by": null, "downs": 0, "body": "No. Please see this answer by /u/commiespaceinvader\n\n[Am I, a person living in the West currently getting anything out of the medical experiments performed by the Third Reich and the Japanese army in World War 2?](https://www.reddit.com/r/AskHistorians/comments/4oyv9n/am_i_a_person_living_in_the_west_currently/d4go640)", "edited": false, "author_flair_css_class": "qualitycontributor", "collapsed": false, "author_flair_richtext": [{"e": "text", "t": "Moderator | Quality Contributor"}], "is_submitter": false, "collapsed_reason": null, "body_html": "&lt;div class=\"md\"&gt;&lt;p&gt;No. Please see this answer by &lt;a href=\"/u/commiespaceinvader\"&gt;/u/commiespaceinvader&lt;/a&gt;&lt;/p&gt;\n\n&lt;p&gt;&lt;a href=\"https://www.reddit.com/r/AskHistorians/comments/4oyv9n/am_i_a_person_living_in_the_west_currently/d4go640\"&gt;Am I, a person living in the West currently getting anything out of the medical experiments performed by the Third Reich and the Japanese army in World War 2?&lt;/a&gt;&lt;/p&gt;\n&lt;/div&gt;", "stickied": false, "subreddit_type": "public", "can_gild": true, "subreddit": "AskHistorians", "author_flair_text_color": "light", "score_hidden": false, "permalink": "/r/AskHistorians/comments/8nyltq/did_any_of_the_nazi_human_experiments_actually/dzzdgmr/", "num_reports": null, "name": "t1_dzzdgmr", "created": 1527948015.0, "author_flair_text": "Moderator | Quality Contributor", "rte_mode": "markdown", "created_utc": 1527919215.0, "subreddit_name_prefixed": "r/AskHistorians", "controversiality": 0, "depth": 0, "author_flair_background_color": "#b87317", "mod_reports": [], "mod_note": null, "distinguished": null}}], "after": null, "before": null}}]