[{"kind": "Listing", "data": {"modhash": "", "dist": 1, "children": [{"kind": "t3", "data": {"approved_at_utc": null, "subreddit": "AskHistorians", "selftext": "[removed]", "user_reports": [], "saved": false, "mod_reason_title": null, "gilded": 0, "clicked": false, "title": "Scherie (or Phaeacia) vs. Sharia. Any relation?", "link_flair_richtext": [], "subreddit_name_prefixed": "r/AskHistorians", "hidden": false, "pwls": 6, "link_flair_css_class": null, "downs": 0, "parent_whitelist_status": "all_ads", "hide_score": false, "name": "t3_8nzw8c", "quarantine": false, "link_flair_text_color": "dark", "upvote_ratio": 1.0, "author_flair_background_color": null, "subreddit_type": "public", "ups": 1, "domain": "self.AskHistorians", "media_embed": {}, "author_flair_template_id": null, "is_original_content": false, "secure_media": null, "is_reddit_media_domain": false, "category": null, "secure_media_embed": {}, "link_flair_text": null, "can_mod_post": false, "score": 1, "approved_by": null, "thumbnail": "", "edited": false, "author_flair_css_class": null, "author_flair_richtext": [], "content_categories": null, "is_self": true, "mod_note": null, "created": 1527966895.0, "link_flair_type": "text", "wls": 6, "post_categories": null, "banned_by": null, "author_flair_type": "text", "contest_mode": false, "selftext_html": "&lt;!-- SC_OFF --&gt;&lt;div class=\"md\"&gt;&lt;p&gt;[removed]&lt;/p&gt;\n&lt;/div&gt;&lt;!-- SC_ON --&gt;", "likes": null, "suggested_sort": null, "banned_at_utc": null, "view_count": null, "archived": false, "no_follow": true, "is_crosspostable": false, "pinned": false, "over_18": false, "media_only": false, "can_gild": false, "spoiler": false, "locked": false, "author_flair_text": null, "rte_mode": "markdown", "visited": false, "num_reports": null, "distinguished": null, "subreddit_id": "t5_2ssp3", "mod_reason_by": null, "removal_reason": null, "id": "8nzw8c", "report_reasons": null, "author": "lvlierop", "num_crossposts": 0, "num_comments": 5, "send_replies": true, "mod_reports": [], "author_flair_text_color": null, "permalink": "/r/AskHistorians/comments/8nzw8c/scherie_or_phaeacia_vs_sharia_any_relation/", "whitelist_status": "all_ads", "stickied": false, "url": "https://www.reddit.com/r/AskHistorians/comments/8nzw8c/scherie_or_phaeacia_vs_sharia_any_relation/", "subreddit_subscribers": 770599, "created_utc": 1527938095.0, "media": null, "is_video": false}}], "after": null, "before": null}}, {"kind": "Listing", "data": {"modhash": "", "dist": null, "children": [{"kind": "t1", "data": {"subreddit_id": "t5_2ssp3", "approved_at_utc": null, "ups": 2, "mod_reason_by": null, "banned_by": null, "author_flair_type": "richtext", "removal_reason": null, "link_id": "t3_8nzw8c", "author_flair_template_id": null, "likes": null, "no_follow": true, "replies": {"kind": "Listing", "data": {"modhash": "", "dist": null, "children": [{"kind": "t1", "data": {"subreddit_id": "t5_2ssp3", "approved_at_utc": null, "ups": 1, "mod_reason_by": null, "banned_by": null, "author_flair_type": "text", "removal_reason": null, "link_id": "t3_8nzw8c", "author_flair_template_id": null, "likes": null, "no_follow": true, "replies": {"kind": "Listing", "data": {"modhash": "", "dist": null, "children": [{"kind": "t1", "data": {"subreddit_id": "t5_2ssp3", "approved_at_utc": null, "ups": 2, "mod_reason_by": null, "banned_by": null, "author_flair_type": "richtext", "removal_reason": null, "link_id": "t3_8nzw8c", "author_flair_template_id": null, "likes": null, "no_follow": true, "replies": {"kind": "Listing", "data": {"modhash": "", "dist": null, "children": [{"kind": "t1", "data": {"subreddit_id": "t5_2ssp3", "approved_at_utc": null, "ups": 1, "mod_reason_by": null, "banned_by": null, "author_flair_type": "text", "removal_reason": null, "link_id": "t3_8nzw8c", "author_flair_template_id": null, "likes": null, "no_follow": true, "replies": {"kind": "Listing", "data": {"modhash": "", "dist": null, "children": [{"kind": "t1", "data": {"subreddit_id": "t5_2ssp3", "approved_at_utc": null, "ups": 2, "mod_reason_by": null, "banned_by": null, "author_flair_type": "richtext", "removal_reason": null, "link_id": "t3_8nzw8c", "author_flair_template_id": null, "likes": null, "no_follow": true, "replies": "", "user_reports": [], "saved": false, "id": "e02dlvr", "banned_at_utc": null, "mod_reason_title": null, "gilded": 0, "archived": false, "report_reasons": null, "author": "keyilan", "can_mod_post": false, "send_replies": true, "parent_id": "t1_e01z1zq", "score": 2, "approved_by": null, "downs": 0, "body": "Not daft. Just wasn't sure if that's what you were asking or not is all.\n\nCheers", "edited": false, "author_flair_css_class": "asia", "collapsed": false, "author_flair_richtext": [{"e": "text", "t": "Moderator | Historical Linguistics | Languages of Asia"}], "is_submitter": false, "collapsed_reason": null, "body_html": "&lt;div class=\"md\"&gt;&lt;p&gt;Not daft. Just wasn&amp;#39;t sure if that&amp;#39;s what you were asking or not is all.&lt;/p&gt;\n\n&lt;p&gt;Cheers&lt;/p&gt;\n&lt;/div&gt;", "stickied": false, "subreddit_type": "public", "can_gild": true, "subreddit": "AskHistorians", "author_flair_text_color": "dark", "score_hidden": false, "permalink": "/r/AskHistorians/comments/8nzw8c/scherie_or_phaeacia_vs_sharia_any_relation/e02dlvr/", "num_reports": null, "name": "t1_e02dlvr", "created": 1528099269.0, "author_flair_text": "Moderator | Historical Linguistics | Languages of Asia", "rte_mode": "markdown", "created_utc": 1528070469.0, "subreddit_name_prefixed": "r/AskHistorians", "controversiality": 0, "depth": 4, "author_flair_background_color": "", "mod_reports": [], "mod_note": null, "distinguished": null}}], "after": null, "before": null}}, "user_reports": [], "saved": false, "id": "e01z1zq", "banned_at_utc": null, "mod_reason_title": null, "gilded": 0, "archived": false, "report_reasons": null, "author": "lvlierop", "can_mod_post": false, "send_replies": true, "parent_id": "t1_e00nu51", "score": 1, "approved_by": null, "downs": 0, "body": "Thank you very much for the information! :) \n\nI know that my question probably sounded extremely daft to you, so I really appreciate the time you took to answer it thoughtfully and thoroughly. ", "edited": false, "author_flair_css_class": null, "collapsed": false, "author_flair_richtext": [], "is_submitter": true, "collapsed_reason": null, "body_html": "&lt;div class=\"md\"&gt;&lt;p&gt;Thank you very much for the information! :) &lt;/p&gt;\n\n&lt;p&gt;I know that my question probably sounded extremely daft to you, so I really appreciate the time you took to answer it thoughtfully and thoroughly. &lt;/p&gt;\n&lt;/div&gt;", "stickied": false, "subreddit_type": "public", "can_gild": true, "subreddit": "AskHistorians", "author_flair_text_color": null, "score_hidden": false, "permalink": "/r/AskHistorians/comments/8nzw8c/scherie_or_phaeacia_vs_sharia_any_relation/e01z1zq/", "num_reports": null, "name": "t1_e01z1zq", "created": 1528083273.0, "author_flair_text": null, "rte_mode": "markdown", "created_utc": 1528054473.0, "subreddit_name_prefixed": "r/AskHistorians", "controversiality": 0, "depth": 3, "author_flair_background_color": null, "mod_reports": [], "mod_note": null, "distinguished": null}}], "after": null, "before": null}}, "user_reports": [], "saved": false, "id": "e00nu51", "banned_at_utc": null, "mod_reason_title": null, "gilded": 0, "archived": false, "report_reasons": null, "author": "keyilan", "can_mod_post": false, "send_replies": true, "parent_id": "t1_e000b4n", "score": 2, "approved_by": null, "downs": 0, "body": "Then no, absolutely not. I'm not sure what reason there would be to think so, other than they kinda sound the same in English.\n\nShar\u012b\u02bfa means \"path\" or \"way\" in the same sense that Tao \u9053 \u2013 as in Taoism \u2013 means \"path\" or \"way\". That it has   comes from the Arabic root \u0634 \u0631 \u0639\u200e  which you [can see here](https://en.wiktionary.org/wiki/%D8%B4_%D8%B1_%D8%B9#Arabic) has many similar words sharing the root and having to do with way-like concepts. The connection to religious legal concept is just one of many derivations of that root.\n\nThe Odyssey is from 8th century BCE, in language belonging to a completely unrelated family (Greek is an isolate within Indo-European; Arabic is Semitic. The two have no known or demonstrable common ancestry). There are 1400 years between the two if we look at shar\u012b\u02bfa in the context of Islam.\n\nThere is absolutely no reason to think that they are in any way related as words.\n\nIn English, the word for dog is \"dog\". In Mbabaram, an extinct Aboriginal Australian language, the word for dog is \"dog\". It's entirely coincidental. Just because two words look the same in a third language, does not mean they actually have any connection.", "edited": false, "author_flair_css_class": "asia", "collapsed": false, "author_flair_richtext": [{"e": "text", "t": "Moderator | Historical Linguistics | Languages of Asia"}], "is_submitter": false, "collapsed_reason": null, "body_html": "&lt;div class=\"md\"&gt;&lt;p&gt;Then no, absolutely not. I&amp;#39;m not sure what reason there would be to think so, other than they kinda sound the same in English.&lt;/p&gt;\n\n&lt;p&gt;Shar\u012b\u02bfa means &amp;quot;path&amp;quot; or &amp;quot;way&amp;quot; in the same sense that Tao \u9053 \u2013 as in Taoism \u2013 means &amp;quot;path&amp;quot; or &amp;quot;way&amp;quot;. That it has   comes from the Arabic root \u0634 \u0631 \u0639\u200e  which you &lt;a href=\"https://en.wiktionary.org/wiki/%D8%B4_%D8%B1_%D8%B9#Arabic\"&gt;can see here&lt;/a&gt; has many similar words sharing the root and having to do with way-like concepts. The connection to religious legal concept is just one of many derivations of that root.&lt;/p&gt;\n\n&lt;p&gt;The Odyssey is from 8th century BCE, in language belonging to a completely unrelated family (Greek is an isolate within Indo-European; Arabic is Semitic. The two have no known or demonstrable common ancestry). There are 1400 years between the two if we look at shar\u012b\u02bfa in the context of Islam.&lt;/p&gt;\n\n&lt;p&gt;There is absolutely no reason to think that they are in any way related as words.&lt;/p&gt;\n\n&lt;p&gt;In English, the word for dog is &amp;quot;dog&amp;quot;. In Mbabaram, an extinct Aboriginal Australian language, the word for dog is &amp;quot;dog&amp;quot;. It&amp;#39;s entirely coincidental. Just because two words look the same in a third language, does not mean they actually have any connection.&lt;/p&gt;\n&lt;/div&gt;", "stickied": false, "subreddit_type": "public", "can_gild": true, "subreddit": "AskHistorians", "author_flair_text_color": "dark", "score_hidden": false, "permalink": "/r/AskHistorians/comments/8nzw8c/scherie_or_phaeacia_vs_sharia_any_relation/e00nu51/", "num_reports": null, "name": "t1_e00nu51", "created": 1528013762.0, "author_flair_text": "Moderator | Historical Linguistics | Languages of Asia", "rte_mode": "markdown", "created_utc": 1527984962.0, "subreddit_name_prefixed": "r/AskHistorians", "controversiality": 0, "depth": 2, "author_flair_background_color": "", "mod_reports": [], "mod_note": null, "distinguished": null}}], "after": null, "before": null}}, "user_reports": [], "saved": false, "id": "e000b4n", "banned_at_utc": null, "mod_reason_title": null, "gilded": 0, "archived": false, "report_reasons": null, "author": "lvlierop", "can_mod_post": false, "send_replies": true, "parent_id": "t1_dzznap2", "score": 1, "approved_by": null, "downs": 0, "body": "Yes", "edited": false, "author_flair_css_class": null, "collapsed": false, "author_flair_richtext": [], "is_submitter": true, "collapsed_reason": null, "body_html": "&lt;div class=\"md\"&gt;&lt;p&gt;Yes&lt;/p&gt;\n&lt;/div&gt;", "stickied": false, "subreddit_type": "public", "can_gild": true, "subreddit": "AskHistorians", "author_flair_text_color": null, "score_hidden": false, "permalink": "/r/AskHistorians/comments/8nzw8c/scherie_or_phaeacia_vs_sharia_any_relation/e000b4n/", "num_reports": null, "name": "t1_e000b4n", "created": 1527987036.0, "author_flair_text": null, "rte_mode": "markdown", "created_utc": 1527958236.0, "subreddit_name_prefixed": "r/AskHistorians", "controversiality": 0, "depth": 1, "author_flair_background_color": null, "mod_reports": [], "mod_note": null, "distinguished": null}}], "after": null, "before": null}}, "user_reports": [], "saved": false, "id": "dzznap2", "banned_at_utc": null, "mod_reason_title": null, "gilded": 0, "archived": false, "report_reasons": null, "author": "keyilan", "can_mod_post": false, "send_replies": true, "parent_id": "t3_8nzw8c", "score": 2, "approved_by": null, "downs": 0, "body": "Are you asking if shar\u012b\u02bfa (\u0634\u0631\u064a\u0639\u0629\u200e) \u2014 the traditional Islamic system of law \u2014 is related to Scheria (\u03a3\u03c7\u03b5\u03c1\u03af\u03b1) \u2014 a geographic region mentioned in the Odyssey?", "edited": false, "author_flair_css_class": "asia", "collapsed": false, "author_flair_richtext": [{"e": "text", "t": "Moderator | Historical Linguistics | Languages of Asia"}], "is_submitter": false, "collapsed_reason": null, "body_html": "&lt;div class=\"md\"&gt;&lt;p&gt;Are you asking if shar\u012b\u02bfa (\u0634\u0631\u064a\u0639\u0629\u200e) \u2014 the traditional Islamic system of law \u2014 is related to Scheria (\u03a3\u03c7\u03b5\u03c1\u03af\u03b1) \u2014 a geographic region mentioned in the Odyssey?&lt;/p&gt;\n&lt;/div&gt;", "stickied": false, "subreddit_type": "public", "can_gild": true, "subreddit": "AskHistorians", "author_flair_text_color": "dark", "score_hidden": false, "permalink": "/r/AskHistorians/comments/8nzw8c/scherie_or_phaeacia_vs_sharia_any_relation/dzznap2/", "num_reports": null, "name": "t1_dzznap2", "created": 1527970146.0, "author_flair_text": "Moderator | Historical Linguistics | Languages of Asia", "rte_mode": "markdown", "created_utc": 1527941346.0, "subreddit_name_prefixed": "r/AskHistorians", "controversiality": 0, "depth": 0, "author_flair_background_color": "", "mod_reports": [], "mod_note": null, "distinguished": "moderator"}}], "after": null, "before": null}}]