[{"kind": "Listing", "data": {"modhash": "", "dist": 1, "children": [{"kind": "t3", "data": {"approved_at_utc": null, "subreddit": "AskHistorians", "selftext": "[removed]", "user_reports": [], "saved": false, "mod_reason_title": null, "gilded": 0, "clicked": false, "title": "Historians, which books are the \"must-reads\" for anyone trying to learn more about your field?", "link_flair_richtext": [], "subreddit_name_prefixed": "r/AskHistorians", "hidden": false, "pwls": 6, "link_flair_css_class": null, "downs": 0, "parent_whitelist_status": "all_ads", "hide_score": false, "name": "t3_8o1kga", "quarantine": false, "link_flair_text_color": "dark", "upvote_ratio": 0.6, "author_flair_background_color": "", "subreddit_type": "public", "ups": 1, "domain": "self.AskHistorians", "media_embed": {}, "author_flair_template_id": null, "is_original_content": false, "secure_media": null, "is_reddit_media_domain": false, "category": null, "secure_media_embed": {}, "link_flair_text": null, "can_mod_post": false, "score": 1, "approved_by": null, "thumbnail": "", "edited": false, "author_flair_css_class": null, "content_categories": null, "is_self": true, "mod_note": null, "created": 1527984467.0, "link_flair_type": "text", "wls": 6, "post_categories": null, "banned_by": null, "contest_mode": false, "selftext_html": "&lt;!-- SC_OFF --&gt;&lt;div class=\"md\"&gt;&lt;p&gt;[removed]&lt;/p&gt;\n&lt;/div&gt;&lt;!-- SC_ON --&gt;", "likes": null, "suggested_sort": null, "banned_at_utc": null, "view_count": null, "archived": false, "no_follow": true, "is_crosspostable": false, "pinned": false, "over_18": false, "media": null, "media_only": false, "can_gild": false, "spoiler": false, "locked": false, "author_flair_text": null, "rte_mode": "richtext", "visited": false, "num_reports": null, "distinguished": null, "subreddit_id": "t5_2ssp3", "mod_reason_by": null, "removal_reason": null, "id": "8o1kga", "report_reasons": null, "author": "[deleted]", "num_crossposts": 0, "num_comments": 5, "send_replies": true, "author_flair_text_color": "dark", "permalink": "/r/AskHistorians/comments/8o1kga/historians_which_books_are_the_mustreads_for/", "whitelist_status": "all_ads", "stickied": false, "url": "https://www.reddit.com/r/AskHistorians/comments/8o1kga/historians_which_books_are_the_mustreads_for/", "subreddit_subscribers": 770599, "created_utc": 1527955667.0, "mod_reports": [], "is_video": false}}], "after": null, "before": null}}, {"kind": "Listing", "data": {"modhash": "", "dist": null, "children": [{"kind": "t1", "data": {"subreddit_id": "t5_2ssp3", "approved_at_utc": null, "ups": 1, "mod_reason_by": null, "banned_by": null, "author_flair_type": "text", "removal_reason": null, "link_id": "t3_8o1kga", "author_flair_template_id": null, "likes": null, "no_follow": true, "replies": "", "user_reports": [], "saved": false, "id": "dzzykvp", "banned_at_utc": null, "mod_reason_title": null, "gilded": 0, "archived": false, "report_reasons": null, "author": "midwesternphotograph", "can_mod_post": false, "send_replies": true, "parent_id": "t3_8o1kga", "score": 1, "approved_by": null, "downs": 0, "body": "My background is religious history. Must reads, From Jesus to Christ by Paula Fredrickson and From Jesus to Christianity by Michael White are great works that cover the early history of Christianity, and they are easier reads. \n\nGeorge Devers book on Who were the Ancient Israelites and Where did they Come From is a good source for discovering the origins of the Hebrews. It\u2019s a popular work, which is less polemic then some of his other works. That is an issue with Dever though. Great scholar, but he has some major issues with other scholars. And those scholars have issues with him (it\u2019s a heated topic). \n\nAll those books are not religiously motivated. So they are strictly scholarly works that give mainstream views. If you\u2019re a devout Christian, who is more conversative in their beliefs, those books may be a bit challenging, just thought I\u2019d throw that out there. \n\n", "edited": false, "author_flair_css_class": null, "collapsed": false, "author_flair_richtext": [], "is_submitter": false, "collapsed_reason": null, "body_html": "&lt;div class=\"md\"&gt;&lt;p&gt;My background is religious history. Must reads, From Jesus to Christ by Paula Fredrickson and From Jesus to Christianity by Michael White are great works that cover the early history of Christianity, and they are easier reads. &lt;/p&gt;\n\n&lt;p&gt;George Devers book on Who were the Ancient Israelites and Where did they Come From is a good source for discovering the origins of the Hebrews. It\u2019s a popular work, which is less polemic then some of his other works. That is an issue with Dever though. Great scholar, but he has some major issues with other scholars. And those scholars have issues with him (it\u2019s a heated topic). &lt;/p&gt;\n\n&lt;p&gt;All those books are not religiously motivated. So they are strictly scholarly works that give mainstream views. If you\u2019re a devout Christian, who is more conversative in their beliefs, those books may be a bit challenging, just thought I\u2019d throw that out there. &lt;/p&gt;\n&lt;/div&gt;", "stickied": false, "subreddit_type": "public", "can_gild": true, "subreddit": "AskHistorians", "author_flair_text_color": null, "score_hidden": false, "permalink": "/r/AskHistorians/comments/8o1kga/historians_which_books_are_the_mustreads_for/dzzykvp/", "num_reports": null, "name": "t1_dzzykvp", "created": 1527985158.0, "author_flair_text": null, "rte_mode": "markdown", "created_utc": 1527956358.0, "subreddit_name_prefixed": "r/AskHistorians", "controversiality": 0, "depth": 0, "author_flair_background_color": null, "mod_reports": [], "mod_note": null, "distinguished": null}}, {"kind": "t1", "data": {"subreddit_id": "t5_2ssp3", "approved_at_utc": null, "ups": 1, "mod_reason_by": null, "banned_by": null, "author_flair_type": "richtext", "removal_reason": null, "link_id": "t3_8o1kga", "author_flair_template_id": null, "likes": null, "no_follow": true, "replies": {"kind": "Listing", "data": {"modhash": "", "dist": null, "children": [{"kind": "t1", "data": {"subreddit_id": "t5_2ssp3", "approved_at_utc": null, "ups": 1, "mod_reason_by": null, "banned_by": null, "author_flair_type": "text", "removal_reason": null, "link_id": "t3_8o1kga", "author_flair_template_id": null, "likes": null, "no_follow": true, "replies": {"kind": "Listing", "data": {"modhash": "", "dist": null, "children": [{"kind": "t1", "data": {"subreddit_id": "t5_2ssp3", "approved_at_utc": null, "ups": 1, "mod_reason_by": null, "banned_by": null, "author_flair_type": "richtext", "removal_reason": null, "link_id": "t3_8o1kga", "author_flair_template_id": null, "likes": null, "no_follow": true, "replies": "", "user_reports": [], "saved": false, "id": "e002imz", "banned_at_utc": null, "mod_reason_title": null, "gilded": 0, "archived": false, "report_reasons": null, "author": "CptBuck", "can_mod_post": false, "send_replies": true, "parent_id": "t1_dzzzsat", "score": 1, "approved_by": null, "downs": 0, "body": "Right. For Islamic Studies I would point to books like Schaact's *The Origins of Muhammadan Jurisprudence*, Goldziher's *Introduction to Islamic Theology and Law*, just about anything by W. Montgomery Watt, just about anything by Patricia Crone (but perhaps *God's Caliph* would be a good start. As a whole, *The Encyclopaedia of Islam*.\n\nHodgson's *The Venture of Islam* I think really stands out for its comprehensiveness and approach while still being incredibly readable.\n\nFor the more modern stuff that I do, Richard Mitchell's *The Society of Muslim Brothers.*\n\nThe Cambridge histories of Egypt and Turkey are probably the two editions on the region that I consult most often.\n\nThat's sort of off the top of my head what I would regard as the sort of critical texts and authors.\n\n", "edited": false, "author_flair_css_class": "middleeast", "collapsed": false, "author_flair_richtext": [{"e": "text", "t": "Modern Middle East | Islamic Studies"}], "is_submitter": false, "collapsed_reason": null, "body_html": "&lt;div class=\"md\"&gt;&lt;p&gt;Right. For Islamic Studies I would point to books like Schaact&amp;#39;s &lt;em&gt;The Origins of Muhammadan Jurisprudence&lt;/em&gt;, Goldziher&amp;#39;s &lt;em&gt;Introduction to Islamic Theology and Law&lt;/em&gt;, just about anything by W. Montgomery Watt, just about anything by Patricia Crone (but perhaps &lt;em&gt;God&amp;#39;s Caliph&lt;/em&gt; would be a good start. As a whole, &lt;em&gt;The Encyclopaedia of Islam&lt;/em&gt;.&lt;/p&gt;\n\n&lt;p&gt;Hodgson&amp;#39;s &lt;em&gt;The Venture of Islam&lt;/em&gt; I think really stands out for its comprehensiveness and approach while still being incredibly readable.&lt;/p&gt;\n\n&lt;p&gt;For the more modern stuff that I do, Richard Mitchell&amp;#39;s &lt;em&gt;The Society of Muslim Brothers.&lt;/em&gt;&lt;/p&gt;\n\n&lt;p&gt;The Cambridge histories of Egypt and Turkey are probably the two editions on the region that I consult most often.&lt;/p&gt;\n\n&lt;p&gt;That&amp;#39;s sort of off the top of my head what I would regard as the sort of critical texts and authors.&lt;/p&gt;\n&lt;/div&gt;", "stickied": false, "subreddit_type": "public", "can_gild": true, "subreddit": "AskHistorians", "author_flair_text_color": null, "score_hidden": false, "permalink": "/r/AskHistorians/comments/8o1kga/historians_which_books_are_the_mustreads_for/e002imz/", "num_reports": null, "name": "t1_e002imz", "created": 1527989433.0, "author_flair_text": "Modern Middle East | Islamic Studies", "rte_mode": "markdown", "created_utc": 1527960633.0, "subreddit_name_prefixed": "r/AskHistorians", "controversiality": 0, "depth": 2, "author_flair_background_color": null, "mod_reports": [], "mod_note": null, "distinguished": null}}], "after": null, "before": null}}, "user_reports": [], "saved": false, "id": "dzzzsat", "banned_at_utc": null, "mod_reason_title": null, "gilded": 0, "archived": false, "report_reasons": null, "author": "mhkwar56", "can_mod_post": false, "send_replies": true, "parent_id": "t1_dzzz89h", "score": 1, "approved_by": null, "downs": 0, "body": "Thank you.  The book list is generally very helpful, but it is also extensive \\(which in this particular case is not very helpful\\).  When I went I was in school, I had to read many books.  Few stood out above and beyond the others as truly foundational for the topic I was studying, and it is those that I hope to pinpoint with this question.  \n\nSome, perhaps many, areas of history have not had such a book written for them yet.  But when the book is written, it is generally apparent for those in their field.  Those are the books I want to read.", "edited": false, "author_flair_css_class": null, "collapsed": false, "author_flair_richtext": [], "is_submitter": false, "collapsed_reason": null, "body_html": "&lt;div class=\"md\"&gt;&lt;p&gt;Thank you.  The book list is generally very helpful, but it is also extensive (which in this particular case is not very helpful).  When I went I was in school, I had to read many books.  Few stood out above and beyond the others as truly foundational for the topic I was studying, and it is those that I hope to pinpoint with this question.  &lt;/p&gt;\n\n&lt;p&gt;Some, perhaps many, areas of history have not had such a book written for them yet.  But when the book is written, it is generally apparent for those in their field.  Those are the books I want to read.&lt;/p&gt;\n&lt;/div&gt;", "stickied": false, "subreddit_type": "public", "can_gild": true, "subreddit": "AskHistorians", "author_flair_text_color": null, "score_hidden": false, "permalink": "/r/AskHistorians/comments/8o1kga/historians_which_books_are_the_mustreads_for/dzzzsat/", "num_reports": null, "name": "t1_dzzzsat", "created": 1527986469.0, "author_flair_text": null, "rte_mode": "richtext", "created_utc": 1527957669.0, "subreddit_name_prefixed": "r/AskHistorians", "controversiality": 0, "depth": 1, "author_flair_background_color": null, "mod_reports": [], "mod_note": null, "distinguished": null}}], "after": null, "before": null}}, "user_reports": [], "saved": false, "id": "dzzz89h", "banned_at_utc": null, "mod_reason_title": null, "gilded": 0, "archived": false, "report_reasons": null, "author": "CptBuck", "can_mod_post": false, "send_replies": true, "parent_id": "t3_8o1kga", "score": 1, "approved_by": null, "downs": 0, "body": "If you haven't already, you might want to take a look at our AskHistorians book list: https://www.reddit.com/r/AskHistorians/wiki/books", "edited": false, "author_flair_css_class": "middleeast", "collapsed": false, "author_flair_richtext": [{"e": "text", "t": "Modern Middle East | Islamic Studies"}], "is_submitter": false, "collapsed_reason": null, "body_html": "&lt;div class=\"md\"&gt;&lt;p&gt;If you haven&amp;#39;t already, you might want to take a look at our AskHistorians book list: &lt;a href=\"https://www.reddit.com/r/AskHistorians/wiki/books\"&gt;https://www.reddit.com/r/AskHistorians/wiki/books&lt;/a&gt;&lt;/p&gt;\n&lt;/div&gt;", "stickied": false, "subreddit_type": "public", "can_gild": true, "subreddit": "AskHistorians", "author_flair_text_color": null, "score_hidden": false, "permalink": "/r/AskHistorians/comments/8o1kga/historians_which_books_are_the_mustreads_for/dzzz89h/", "num_reports": null, "name": "t1_dzzz89h", "created": 1527985866.0, "author_flair_text": "Modern Middle East | Islamic Studies", "rte_mode": "markdown", "created_utc": 1527957066.0, "subreddit_name_prefixed": "r/AskHistorians", "controversiality": 0, "depth": 0, "author_flair_background_color": null, "mod_reports": [], "mod_note": null, "distinguished": null}}, {"kind": "t1", "data": {"subreddit_id": "t5_2ssp3", "approved_at_utc": null, "ups": 1, "mod_reason_by": null, "banned_by": null, "author_flair_type": "richtext", "removal_reason": null, "link_id": "t3_8o1kga", "author_flair_template_id": null, "likes": null, "no_follow": true, "replies": "", "user_reports": [], "saved": false, "id": "e0000v0", "banned_at_utc": null, "mod_reason_title": null, "gilded": 0, "archived": false, "report_reasons": null, "author": "Elm11", "can_mod_post": false, "send_replies": true, "parent_id": "t3_8o1kga", "score": 1, "approved_by": null, "downs": 0, "body": "Sorry, we don't allow [\"example seeking\" questions](https://www.reddit.com/r/AskHistorians/wiki/rules#wiki_no_.22example_seeking.22_questions). It's not that your question was bad; it's that these kinds of questions tend to produce threads that are collections of disjointed, partial, inadequate responses. If you have a question about a specific historical event, period, or person, feel free to rewrite your question and submit it again. If you don't want to rewrite it, you might try submitting it to /r/history, /r/askhistory, or /r/tellmeafact. \n\nFor further explanation of the rule, feel free to consult [this META thread](https://www.reddit.com/r/AskHistorians/comments/3nub87/rules_change_throughout_history_rule_is_replaced/).", "edited": false, "author_flair_css_class": "moderator", "collapsed": false, "author_flair_richtext": [{"e": "text", "t": "Moderator | Quality Contributor"}], "is_submitter": false, "collapsed_reason": null, "body_html": "&lt;div class=\"md\"&gt;&lt;p&gt;Sorry, we don&amp;#39;t allow &lt;a href=\"https://www.reddit.com/r/AskHistorians/wiki/rules#wiki_no_.22example_seeking.22_questions\"&gt;&amp;quot;example seeking&amp;quot; questions&lt;/a&gt;. It&amp;#39;s not that your question was bad; it&amp;#39;s that these kinds of questions tend to produce threads that are collections of disjointed, partial, inadequate responses. If you have a question about a specific historical event, period, or person, feel free to rewrite your question and submit it again. If you don&amp;#39;t want to rewrite it, you might try submitting it to &lt;a href=\"/r/history\"&gt;/r/history&lt;/a&gt;, &lt;a href=\"/r/askhistory\"&gt;/r/askhistory&lt;/a&gt;, or &lt;a href=\"/r/tellmeafact\"&gt;/r/tellmeafact&lt;/a&gt;. &lt;/p&gt;\n\n&lt;p&gt;For further explanation of the rule, feel free to consult &lt;a href=\"https://www.reddit.com/r/AskHistorians/comments/3nub87/rules_change_throughout_history_rule_is_replaced/\"&gt;this META thread&lt;/a&gt;.&lt;/p&gt;\n&lt;/div&gt;", "stickied": false, "subreddit_type": "public", "can_gild": true, "subreddit": "AskHistorians", "author_flair_text_color": null, "score_hidden": false, "permalink": "/r/AskHistorians/comments/8o1kga/historians_which_books_are_the_mustreads_for/e0000v0/", "num_reports": null, "name": "t1_e0000v0", "created": 1527986730.0, "author_flair_text": "Moderator | Quality Contributor", "rte_mode": "markdown", "created_utc": 1527957930.0, "subreddit_name_prefixed": "r/AskHistorians", "controversiality": 0, "depth": 0, "author_flair_background_color": null, "mod_reports": [], "mod_note": null, "distinguished": "moderator"}}], "after": null, "before": null}}]