[{"kind": "Listing", "data": {"modhash": "", "dist": 1, "children": [{"kind": "t3", "data": {"approved_at_utc": null, "subreddit": "AskHistorians", "selftext": "Ancient civilizations usually resided around rivers.\n\nEgypt on the Nile,\n\nBabylon/Assyria on the Tigris and Euphrates,\n\nChina on the Yellow &amp; Yangtze,\n\nIndus River Valley civilization on the Indus &amp; Ganges,\n\nNorte Chico on the Fortaleza, Pativilca, and the Supe, etc.\n\nSo why did civilization such as Greece or Persia, both of whom lacked major rivers comparable to the other ancient civilizations, still rival the ancient civilization around the river valleys, who logically seem superior?", "user_reports": [], "saved": false, "mod_reason_title": null, "gilded": 0, "clicked": false, "title": "How did Greece/Persia develop an ancient civilization that matched the Mesopotamians and Egyptians, when they were not one of the seemingly superior river valley type civilization?", "link_flair_richtext": [], "subreddit_name_prefixed": "r/AskHistorians", "hidden": false, "pwls": 6, "link_flair_css_class": null, "downs": 0, "parent_whitelist_status": "all_ads", "hide_score": false, "name": "t3_8o32h9", "quarantine": false, "link_flair_text_color": "dark", "upvote_ratio": 0.88, "author_flair_background_color": null, "subreddit_type": "public", "ups": 6, "domain": "self.AskHistorians", "media_embed": {}, "author_flair_template_id": null, "is_original_content": false, "secure_media": null, "is_reddit_media_domain": false, "category": null, "secure_media_embed": {}, "link_flair_text": null, "can_mod_post": false, "score": 6, "approved_by": null, "thumbnail": "", "edited": 1527971078.0, "author_flair_css_class": null, "author_flair_richtext": [], "content_categories": null, "is_self": true, "mod_note": null, "created": 1527997515.0, "link_flair_type": "text", "wls": 6, "post_categories": null, "banned_by": null, "author_flair_type": "text", "contest_mode": false, "selftext_html": "&lt;!-- SC_OFF --&gt;&lt;div class=\"md\"&gt;&lt;p&gt;Ancient civilizations usually resided around rivers.&lt;/p&gt;\n\n&lt;p&gt;Egypt on the Nile,&lt;/p&gt;\n\n&lt;p&gt;Babylon/Assyria on the Tigris and Euphrates,&lt;/p&gt;\n\n&lt;p&gt;China on the Yellow &amp;amp; Yangtze,&lt;/p&gt;\n\n&lt;p&gt;Indus River Valley civilization on the Indus &amp;amp; Ganges,&lt;/p&gt;\n\n&lt;p&gt;Norte Chico on the Fortaleza, Pativilca, and the Supe, etc.&lt;/p&gt;\n\n&lt;p&gt;So why did civilization such as Greece or Persia, both of whom lacked major rivers comparable to the other ancient civilizations, still rival the ancient civilization around the river valleys, who logically seem superior?&lt;/p&gt;\n&lt;/div&gt;&lt;!-- SC_ON --&gt;", "likes": null, "suggested_sort": null, "banned_at_utc": null, "view_count": null, "archived": false, "no_follow": false, "is_crosspostable": false, "pinned": false, "over_18": false, "media_only": false, "can_gild": false, "spoiler": false, "locked": false, "author_flair_text": null, "rte_mode": "richtext", "visited": false, "num_reports": null, "distinguished": null, "subreddit_id": "t5_2ssp3", "mod_reason_by": null, "removal_reason": null, "id": "8o32h9", "report_reasons": null, "author": "razrazyy1", "num_crossposts": 0, "num_comments": 2, "send_replies": true, "mod_reports": [], "author_flair_text_color": null, "permalink": "/r/AskHistorians/comments/8o32h9/how_did_greecepersia_develop_an_ancient/", "whitelist_status": "all_ads", "stickied": false, "url": "https://www.reddit.com/r/AskHistorians/comments/8o32h9/how_did_greecepersia_develop_an_ancient/", "subreddit_subscribers": 770598, "created_utc": 1527968715.0, "media": null, "is_video": false}}], "after": null, "before": null}}, {"kind": "Listing", "data": {"modhash": "", "dist": null, "children": [{"kind": "t1", "data": {"subreddit_id": "t5_2ssp3", "approved_at_utc": null, "ups": 2, "mod_reason_by": null, "banned_by": null, "author_flair_type": "text", "removal_reason": null, "link_id": "t3_8o32h9", "author_flair_template_id": null, "likes": null, "no_follow": true, "replies": {"kind": "Listing", "data": {"modhash": "", "dist": null, "children": [{"kind": "t1", "data": {"subreddit_id": "t5_2ssp3", "approved_at_utc": null, "ups": 0, "mod_reason_by": null, "banned_by": null, "author_flair_type": "text", "removal_reason": null, "link_id": "t3_8o32h9", "author_flair_template_id": null, "likes": null, "no_follow": true, "replies": "", "user_reports": [], "saved": false, "id": "e19i6fu", "banned_at_utc": null, "mod_reason_title": null, "gilded": 0, "archived": false, "report_reasons": null, "author": "razrazyy1", "can_mod_post": false, "send_replies": true, "parent_id": "t1_e19i1r5", "score": 0, "approved_by": null, "downs": 0, "body": "How about the Inca, or the Mexican region civilisations? Also the Italiam region civilisations conquered far inland often, and only had the Po as a major river?", "edited": false, "author_flair_css_class": null, "collapsed": false, "author_flair_richtext": [], "is_submitter": true, "collapsed_reason": null, "body_html": "&lt;div class=\"md\"&gt;&lt;p&gt;How about the Inca, or the Mexican region civilisations? Also the Italiam region civilisations conquered far inland often, and only had the Po as a major river?&lt;/p&gt;\n&lt;/div&gt;", "stickied": false, "subreddit_type": "public", "can_gild": true, "subreddit": "AskHistorians", "author_flair_text_color": null, "score_hidden": false, "permalink": "/r/AskHistorians/comments/8o32h9/how_did_greecepersia_develop_an_ancient/e19i6fu/", "num_reports": null, "name": "t1_e19i6fu", "created": 1529966871.0, "author_flair_text": null, "rte_mode": "markdown", "created_utc": 1529938071.0, "subreddit_name_prefixed": "r/AskHistorians", "controversiality": 0, "depth": 1, "author_flair_background_color": null, "mod_reports": [], "mod_note": null, "distinguished": null}}], "after": null, "before": null}}, "user_reports": [], "saved": false, "id": "e19i1r5", "banned_at_utc": null, "mod_reason_title": null, "gilded": 0, "archived": false, "report_reasons": null, "author": "ReverandT", "can_mod_post": false, "send_replies": true, "parent_id": "t3_8o32h9", "score": 2, "approved_by": null, "downs": 0, "body": "Well Greece is pretty straightforward. They exchanged rivers for coastline. Athens, Corinth,  Thebes, Sparta, etc. were all on or near the coast, engaged in extensive trade and founded \"colony\" settlements all around the Mediterranean to facilitate more trade. This trade infrastructure was more than enough for the Greeks to develop into economic powers. Note also that the major Greek city states stayed close to the coastline and never developed sifnificant inland empires. \n\nThe Persians on the other hand (assuming you mean the Achaemenids) conquered many of those river valleys you listed within 2 generations. Cyrus the Great struck at a time of political insyability with an army of abnormal quality. Unfortunately we don't have a lot of information on the army of Cyrus, that combination proved fatal for most of Persias wealthier neighbors.  Egypt then fell to Cambysses II (Cyrus's son) in a similar fashion. So, the Persians didn't become a great civilization in the absence of rivers. They became a great power after conquering those river valleys.", "edited": false, "author_flair_css_class": null, "collapsed": false, "author_flair_richtext": [], "is_submitter": false, "collapsed_reason": null, "body_html": "&lt;div class=\"md\"&gt;&lt;p&gt;Well Greece is pretty straightforward. They exchanged rivers for coastline. Athens, Corinth,  Thebes, Sparta, etc. were all on or near the coast, engaged in extensive trade and founded &amp;quot;colony&amp;quot; settlements all around the Mediterranean to facilitate more trade. This trade infrastructure was more than enough for the Greeks to develop into economic powers. Note also that the major Greek city states stayed close to the coastline and never developed sifnificant inland empires. &lt;/p&gt;\n\n&lt;p&gt;The Persians on the other hand (assuming you mean the Achaemenids) conquered many of those river valleys you listed within 2 generations. Cyrus the Great struck at a time of political insyability with an army of abnormal quality. Unfortunately we don&amp;#39;t have a lot of information on the army of Cyrus, that combination proved fatal for most of Persias wealthier neighbors.  Egypt then fell to Cambysses II (Cyrus&amp;#39;s son) in a similar fashion. So, the Persians didn&amp;#39;t become a great civilization in the absence of rivers. They became a great power after conquering those river valleys.&lt;/p&gt;\n&lt;/div&gt;", "stickied": false, "subreddit_type": "public", "can_gild": true, "subreddit": "AskHistorians", "author_flair_text_color": null, "score_hidden": false, "permalink": "/r/AskHistorians/comments/8o32h9/how_did_greecepersia_develop_an_ancient/e19i1r5/", "num_reports": null, "name": "t1_e19i1r5", "created": 1529966750.0, "author_flair_text": null, "rte_mode": "markdown", "created_utc": 1529937950.0, "subreddit_name_prefixed": "r/AskHistorians", "controversiality": 0, "depth": 0, "author_flair_background_color": null, "mod_reports": [], "mod_note": null, "distinguished": null}}], "after": null, "before": null}}]