[{"kind": "Listing", "data": {"modhash": "", "dist": 1, "children": [{"kind": "t3", "data": {"approved_at_utc": null, "subreddit": "AskHistorians", "selftext": "The inspiration for this question was my wondering specifically whether Sigmund Freud snorted cocaine when he famously experimented with the drug. \n\nBut it brings up the broader question: When and why did people begin snorting cocaine rather than administering it orally, intravenously, etc.? And how did that become the most popular \\(in media portrayals at least\\) route of administration?\n\nEven more broadly, what's the history of people putting intoxicating substances up their noses?", "user_reports": [], "saved": false, "mod_reason_title": null, "gilded": 0, "clicked": false, "title": "When did people start snorting cocaine?", "link_flair_richtext": [], "subreddit_name_prefixed": "r/AskHistorians", "hidden": false, "pwls": 6, "link_flair_css_class": null, "downs": 0, "parent_whitelist_status": "all_ads", "hide_score": false, "name": "t3_8o3oxv", "quarantine": false, "link_flair_text_color": "dark", "upvote_ratio": 0.68, "author_flair_background_color": null, "subreddit_type": "public", "ups": 8, "domain": "self.AskHistorians", "media_embed": {}, "author_flair_template_id": null, "is_original_content": false, "secure_media": null, "is_reddit_media_domain": false, "category": null, "secure_media_embed": {}, "link_flair_text": null, "can_mod_post": false, "score": 8, "approved_by": null, "thumbnail": "", "edited": false, "author_flair_css_class": null, "author_flair_richtext": [], "content_categories": null, "is_self": true, "mod_note": null, "created": 1528003216.0, "link_flair_type": "text", "wls": 6, "post_categories": null, "banned_by": null, "author_flair_type": "text", "contest_mode": false, "selftext_html": "&lt;!-- SC_OFF --&gt;&lt;div class=\"md\"&gt;&lt;p&gt;The inspiration for this question was my wondering specifically whether Sigmund Freud snorted cocaine when he famously experimented with the drug. &lt;/p&gt;\n\n&lt;p&gt;But it brings up the broader question: When and why did people begin snorting cocaine rather than administering it orally, intravenously, etc.? And how did that become the most popular (in media portrayals at least) route of administration?&lt;/p&gt;\n\n&lt;p&gt;Even more broadly, what&amp;#39;s the history of people putting intoxicating substances up their noses?&lt;/p&gt;\n&lt;/div&gt;&lt;!-- SC_ON --&gt;", "likes": null, "suggested_sort": null, "banned_at_utc": null, "view_count": null, "archived": false, "no_follow": false, "is_crosspostable": false, "pinned": false, "over_18": false, "media_only": false, "can_gild": false, "spoiler": false, "locked": false, "author_flair_text": null, "rte_mode": "richtext", "visited": false, "num_reports": null, "distinguished": null, "subreddit_id": "t5_2ssp3", "mod_reason_by": null, "removal_reason": null, "id": "8o3oxv", "report_reasons": null, "author": "lobobricord", "num_crossposts": 0, "num_comments": 1, "send_replies": true, "mod_reports": [], "author_flair_text_color": null, "permalink": "/r/AskHistorians/comments/8o3oxv/when_did_people_start_snorting_cocaine/", "whitelist_status": "all_ads", "stickied": false, "url": "https://www.reddit.com/r/AskHistorians/comments/8o3oxv/when_did_people_start_snorting_cocaine/", "subreddit_subscribers": 770598, "created_utc": 1527974416.0, "media": null, "is_video": false}}], "after": null, "before": null}}, {"kind": "Listing", "data": {"modhash": "", "dist": null, "children": [{"kind": "t1", "data": {"subreddit_id": "t5_2ssp3", "approved_at_utc": null, "ups": 8, "mod_reason_by": null, "banned_by": null, "author_flair_type": "richtext", "removal_reason": null, "link_id": "t3_8o3oxv", "author_flair_template_id": null, "likes": null, "no_follow": false, "replies": "", "user_reports": [], "saved": false, "id": "e00krq0", "banned_at_utc": null, "mod_reason_title": null, "gilded": 0, "archived": false, "report_reasons": null, "author": "BedsideRounds", "can_mod_post": false, "send_replies": true, "parent_id": "t3_8o3oxv", "score": 8, "approved_by": null, "downs": 0, "body": "I don't know when people started snorting cocaine. In the late 19th century, the drug would either be taken orally, or injected intravenously. Think Sherlock Holmes, with this famous scene from the Sign of Four:\n\n&gt;Sherlock Holmes took his bottle from the corner of the mantel\\-piece and his hypodermic syringe from its neat morocco case.   With his long, white, nervous fingers he adjusted the delicate needle, and rolled back his left shirt\\-cuff. For some little time his eyes rested thoughtfully upon the sinewy forearm and wrist all dotted and scarred with innumerable puncture\\-marks.  Finally he thrust the sharp point home, pressed down the tiny piston, and sank back into the velvet\\-lined arm\\-chair with a long sigh of satisfaction.\n\nThis is the famous \"seven percent solution,\" though a three percent solution became preferred as it was thought to have fewer side effects.\n\nSigmund Freud was one of cocaine's most ardent popularizers. Freud himself did not snort the drug, but rather drank it in a solution. Freud's famous essay is called \u00dcber Coca, and he's very explicit about how he took the drug. From section V \\(the Effect of Coca on the Healthy Human Body\\):\n\n&gt;The first time I took 0.05cg. of *coca\u00efnum muriaticum* in a 1&amp;#37; water solution was when I was feeling slightly out of sorts from fatigue. This solution is rather viscous, somewhat opalescent, and has a strange aromatic smell. At first it has a bitter taste, which yields afterwards to a series of very pleasant aromatic flavors. Dry cocaine salt has the same smell and taste, but to a more concentrated degree.\n\nHe notes that later in the essay, higher concentrations cause some stomach upset, so he dissolved his cocaine in soda water.\n\nI should not that experimenting with medications on yourself in this period was not unusual \\-\\- John Snow would regularly inhale his own anesthetics and mark their effects \\(which likely led to his early death\\), and to make another Holmes connection, Sir Arthur Conan Doyle's first academic publication was in the BMJ on self\\-poisoning with escalating doses of gelsemium.\n\nCocaine was purified in the 1850s, and in the first half century of its existence, there was considerable excitement about its effects \\(and lack of side effects\\). It was thought to be particularly useful to treat morphine addiction \\(think William Halstead, who basically switched from morphine to cocaine\\). Cocaine was found in a number of over\\-the\\-counter products, most notably coca cola.", "edited": false, "author_flair_css_class": "technology", "collapsed": false, "author_flair_richtext": [{"e": "text", "t": "Early Modern Medicine"}], "is_submitter": false, "collapsed_reason": null, "body_html": "&lt;div class=\"md\"&gt;&lt;p&gt;I don&amp;#39;t know when people started snorting cocaine. In the late 19th century, the drug would either be taken orally, or injected intravenously. Think Sherlock Holmes, with this famous scene from the Sign of Four:&lt;/p&gt;\n\n&lt;blockquote&gt;\n&lt;p&gt;Sherlock Holmes took his bottle from the corner of the mantel-piece and his hypodermic syringe from its neat morocco case.   With his long, white, nervous fingers he adjusted the delicate needle, and rolled back his left shirt-cuff. For some little time his eyes rested thoughtfully upon the sinewy forearm and wrist all dotted and scarred with innumerable puncture-marks.  Finally he thrust the sharp point home, pressed down the tiny piston, and sank back into the velvet-lined arm-chair with a long sigh of satisfaction.&lt;/p&gt;\n&lt;/blockquote&gt;\n\n&lt;p&gt;This is the famous &amp;quot;seven percent solution,&amp;quot; though a three percent solution became preferred as it was thought to have fewer side effects.&lt;/p&gt;\n\n&lt;p&gt;Sigmund Freud was one of cocaine&amp;#39;s most ardent popularizers. Freud himself did not snort the drug, but rather drank it in a solution. Freud&amp;#39;s famous essay is called \u00dcber Coca, and he&amp;#39;s very explicit about how he took the drug. From section V (the Effect of Coca on the Healthy Human Body):&lt;/p&gt;\n\n&lt;blockquote&gt;\n&lt;p&gt;The first time I took 0.05cg. of &lt;em&gt;coca\u00efnum muriaticum&lt;/em&gt; in a 1&amp;#37; water solution was when I was feeling slightly out of sorts from fatigue. This solution is rather viscous, somewhat opalescent, and has a strange aromatic smell. At first it has a bitter taste, which yields afterwards to a series of very pleasant aromatic flavors. Dry cocaine salt has the same smell and taste, but to a more concentrated degree.&lt;/p&gt;\n&lt;/blockquote&gt;\n\n&lt;p&gt;He notes that later in the essay, higher concentrations cause some stomach upset, so he dissolved his cocaine in soda water.&lt;/p&gt;\n\n&lt;p&gt;I should not that experimenting with medications on yourself in this period was not unusual -- John Snow would regularly inhale his own anesthetics and mark their effects (which likely led to his early death), and to make another Holmes connection, Sir Arthur Conan Doyle&amp;#39;s first academic publication was in the BMJ on self-poisoning with escalating doses of gelsemium.&lt;/p&gt;\n\n&lt;p&gt;Cocaine was purified in the 1850s, and in the first half century of its existence, there was considerable excitement about its effects (and lack of side effects). It was thought to be particularly useful to treat morphine addiction (think William Halstead, who basically switched from morphine to cocaine). Cocaine was found in a number of over-the-counter products, most notably coca cola.&lt;/p&gt;\n&lt;/div&gt;", "stickied": false, "subreddit_type": "public", "can_gild": true, "subreddit": "AskHistorians", "author_flair_text_color": "dark", "score_hidden": false, "permalink": "/r/AskHistorians/comments/8o3oxv/when_did_people_start_snorting_cocaine/e00krq0/", "num_reports": null, "name": "t1_e00krq0", "created": 1528010139.0, "author_flair_text": "Early Modern Medicine", "rte_mode": "richtext", "created_utc": 1527981339.0, "subreddit_name_prefixed": "r/AskHistorians", "controversiality": 0, "depth": 0, "author_flair_background_color": "", "mod_reports": [], "mod_note": null, "distinguished": null}}], "after": null, "before": null}}]