[{"kind": "Listing", "data": {"modhash": "", "dist": 1, "children": [{"kind": "t3", "data": {"approved_at_utc": null, "subreddit": "AskHistorians", "selftext": "Hi, I know that there were many people like Walt Disney who were known to be Anti-Semitic, but on the other hand, many important founders in Hollywood (like Jack Warner or Louis Meyer) were Jewish. So I was wondering how prevalent Antisemitism was in classic Hollywood. Who was it mainly targeted against, and what forms did it take? Thank you.", "user_reports": [], "saved": false, "mod_reason_title": null, "gilded": 0, "clicked": false, "title": "To What Degree Was Antisemitism Present in Golden Age Hollywood (1925-1955)?", "link_flair_richtext": [], "subreddit_name_prefixed": "r/AskHistorians", "hidden": false, "pwls": 6, "link_flair_css_class": null, "downs": 0, "top_awarded_type": null, "parent_whitelist_status": "all_ads", "hide_score": false, "name": "t3_i213hv", "quarantine": false, "link_flair_text_color": "dark", "upvote_ratio": 0.72, "author_flair_background_color": null, "subreddit_type": "public", "ups": 3, "total_awards_received": 0, "media_embed": {}, "author_flair_template_id": null, "is_original_content": false, "author_fullname": "t2_4mhyejp7", "secure_media": null, "is_reddit_media_domain": false, "is_meta": false, "category": null, "secure_media_embed": {}, "link_flair_text": null, "can_mod_post": false, "score": 3, "approved_by": null, "author_premium": false, "thumbnail": "", "edited": false, "author_flair_css_class": null, "author_flair_richtext": [], "gildings": {}, "content_categories": null, "is_self": true, "mod_note": null, "created": 1596349442.0, "link_flair_type": "text", "wls": 6, "removed_by_category": null, "banned_by": null, "author_flair_type": "text", "domain": "self.AskHistorians", "allow_live_comments": false, "selftext_html": "&lt;!-- SC_OFF --&gt;&lt;div class=\"md\"&gt;&lt;p&gt;Hi, I know that there were many people like Walt Disney who were known to be Anti-Semitic, but on the other hand, many important founders in Hollywood (like Jack Warner or Louis Meyer) were Jewish. So I was wondering how prevalent Antisemitism was in classic Hollywood. Who was it mainly targeted against, and what forms did it take? Thank you.&lt;/p&gt;\n&lt;/div&gt;&lt;!-- SC_ON --&gt;", "likes": null, "suggested_sort": null, "banned_at_utc": null, "view_count": null, "archived": false, "no_follow": true, "is_crosspostable": false, "pinned": false, "over_18": false, "all_awardings": [], "awarders": [], "media_only": false, "can_gild": false, "spoiler": false, "locked": false, "author_flair_text": null, "treatment_tags": [], "visited": false, "removed_by": null, "num_reports": null, "distinguished": null, "subreddit_id": "t5_2ssp3", "mod_reason_by": null, "removal_reason": null, "link_flair_background_color": "", "id": "i213hv", "is_robot_indexable": true, "num_duplicates": 1, "report_reasons": null, "author": "calboy238", "discussion_type": null, "num_comments": 3, "send_replies": true, "media": null, "contest_mode": false, "author_patreon_flair": false, "author_flair_text_color": null, "permalink": "/r/AskHistorians/comments/i213hv/to_what_degree_was_antisemitism_present_in_golden/", "whitelist_status": "all_ads", "stickied": false, "url": "https://www.reddit.com/r/AskHistorians/comments/i213hv/to_what_degree_was_antisemitism_present_in_golden/", "subreddit_subscribers": 1250014, "created_utc": 1596320642.0, "num_crossposts": 0, "mod_reports": [], "is_video": false}}], "after": null, "before": null}}, {"kind": "Listing", "data": {"modhash": "", "dist": null, "children": [{"kind": "t1", "data": {"total_awards_received": 0, "approved_at_utc": null, "ups": 1, "awarders": [], "mod_reason_by": null, "banned_by": null, "author_flair_type": "richtext", "removal_reason": null, "link_id": "t3_i213hv", "author_flair_template_id": "9e641f94-c626-11e2-8e2c-12313b0b21ae", "likes": null, "replies": "", "user_reports": [], "saved": false, "id": "g0126zf", "banned_at_utc": null, "mod_reason_title": null, "gilded": 0, "archived": false, "no_follow": true, "author": "AutoModerator", "can_mod_post": false, "send_replies": false, "parent_id": "t3_i213hv", "score": 1, "author_fullname": "t2_6l4z3", "report_reasons": null, "approved_by": null, "all_awardings": [], "subreddit_id": "t5_2ssp3", "body": "Welcome to /r/AskHistorians. **Please [Read Our Rules](https://www.reddit.com/r/AskHistorians/wiki/rules) before you comment in this community**. Understand that rule breaking comments get removed.\n\nWe thank you for your interest in this *question*, and your patience in waiting for an in-depth and comprehensive answer to be written, which takes time. Please consider **[Clicking Here for RemindMeBot](https://www.reddit.com/message/compose/?to=RemindMeBot&amp;subject=Reminder&amp;message=%5Bhttps://www.reddit.com/r/AskHistorians/comments/i213hv/to_what_degree_was_antisemitism_present_in_golden/%5D%0A%0ARemindMe!%202%20days)**, [using our Browser Extension](https://www.reddit.com/r/AskHistorians/comments/d6dzi7/tired_of_clicking_to_find_only_removed_comments/), or getting the [Weekly Roundup](https://www.reddit.com/message/compose?to=subredditsummarybot&amp;subject=askhistorians+weekly&amp;message=x). In the meantime our [Twitter](https://twitter.com/askhistorians), [Facebook](https://www.facebook.com/askhistorians/), and [Sunday Digest](https://www.reddit.com/r/AskHistorians/search?q=title%3A%22Sunday+Digest%22&amp;restrict_sr=on&amp;sort=new&amp;t=all) feature excellent content that has already been written!\n\n\n*I am a bot, and this action was performed automatically. Please [contact the moderators of this subreddit](/message/compose/?to=/r/AskHistorians) if you have any questions or concerns.*", "edited": false, "downs": 0, "author_flair_css_class": null, "is_submitter": false, "collapsed": false, "author_flair_richtext": [{"e": "text", "t": "History of Robotics"}], "author_patreon_flair": false, "body_html": "&lt;div class=\"md\"&gt;&lt;p&gt;Welcome to &lt;a href=\"/r/AskHistorians\"&gt;/r/AskHistorians&lt;/a&gt;. &lt;strong&gt;Please &lt;a href=\"https://www.reddit.com/r/AskHistorians/wiki/rules\"&gt;Read Our Rules&lt;/a&gt; before you comment in this community&lt;/strong&gt;. Understand that rule breaking comments get removed.&lt;/p&gt;\n\n&lt;p&gt;We thank you for your interest in this &lt;em&gt;question&lt;/em&gt;, and your patience in waiting for an in-depth and comprehensive answer to be written, which takes time. Please consider &lt;strong&gt;&lt;a href=\"https://www.reddit.com/message/compose/?to=RemindMeBot&amp;amp;subject=Reminder&amp;amp;message=%5Bhttps://www.reddit.com/r/AskHistorians/comments/i213hv/to_what_degree_was_antisemitism_present_in_golden/%5D%0A%0ARemindMe!%202%20days\"&gt;Clicking Here for RemindMeBot&lt;/a&gt;&lt;/strong&gt;, &lt;a href=\"https://www.reddit.com/r/AskHistorians/comments/d6dzi7/tired_of_clicking_to_find_only_removed_comments/\"&gt;using our Browser Extension&lt;/a&gt;, or getting the &lt;a href=\"https://www.reddit.com/message/compose?to=subredditsummarybot&amp;amp;subject=askhistorians+weekly&amp;amp;message=x\"&gt;Weekly Roundup&lt;/a&gt;. In the meantime our &lt;a href=\"https://twitter.com/askhistorians\"&gt;Twitter&lt;/a&gt;, &lt;a href=\"https://www.facebook.com/askhistorians/\"&gt;Facebook&lt;/a&gt;, and &lt;a href=\"https://www.reddit.com/r/AskHistorians/search?q=title%3A%22Sunday+Digest%22&amp;amp;restrict_sr=on&amp;amp;sort=new&amp;amp;t=all\"&gt;Sunday Digest&lt;/a&gt; feature excellent content that has already been written!&lt;/p&gt;\n\n&lt;p&gt;&lt;em&gt;I am a bot, and this action was performed automatically. Please &lt;a href=\"/message/compose/?to=/r/AskHistorians\"&gt;contact the moderators of this subreddit&lt;/a&gt; if you have any questions or concerns.&lt;/em&gt;&lt;/p&gt;\n&lt;/div&gt;", "gildings": {}, "collapsed_reason": null, "associated_award": null, "stickied": true, "author_premium": true, "subreddit_type": "public", "can_gild": true, "top_awarded_type": null, "author_flair_text_color": "light", "score_hidden": true, "permalink": "/r/AskHistorians/comments/i213hv/to_what_degree_was_antisemitism_present_in_golden/g0126zf/", "num_reports": null, "locked": true, "name": "t1_g0126zf", "created": 1596349443.0, "subreddit": "AskHistorians", "author_flair_text": "History of Robotics", "treatment_tags": [], "created_utc": 1596320643.0, "subreddit_name_prefixed": "r/AskHistorians", "controversiality": 0, "depth": 0, "author_flair_background_color": "#993366", "collapsed_because_crowd_control": null, "mod_reports": [], "mod_note": null, "distinguished": "moderator"}}, {"kind": "t1", "data": {"total_awards_received": 0, "approved_at_utc": null, "ups": 1, "awarders": [], "mod_reason_by": null, "banned_by": null, "author_flair_type": "richtext", "removal_reason": null, "link_id": "t3_i213hv", "author_flair_template_id": "9e641f94-c626-11e2-8e2c-12313b0b21ae", "likes": null, "replies": {"kind": "Listing", "data": {"modhash": "", "dist": null, "children": [{"kind": "t1", "data": {"total_awards_received": 0, "approved_at_utc": null, "ups": 1, "awarders": [], "mod_reason_by": null, "banned_by": null, "author_flair_type": "text", "removal_reason": null, "link_id": "t3_i213hv", "author_flair_template_id": null, "likes": null, "replies": "", "user_reports": [], "saved": false, "id": "g127583", "banned_at_utc": null, "mod_reason_title": null, "gilded": 0, "archived": false, "no_follow": true, "author": "calboy238", "can_mod_post": false, "send_replies": true, "parent_id": "t1_g10u3y9", "score": 1, "author_fullname": "t2_4mhyejp7", "report_reasons": null, "approved_by": null, "all_awardings": [], "subreddit_id": "t5_2ssp3", "collapsed": false, "body": "Thank you very much for those references! They were very informative, and please let me know if you ever do find time to look into this issue. Thanks again!", "edited": false, "author_flair_css_class": null, "is_submitter": true, "downs": 0, "author_flair_richtext": [], "author_patreon_flair": false, "body_html": "&lt;div class=\"md\"&gt;&lt;p&gt;Thank you very much for those references! They were very informative, and please let me know if you ever do find time to look into this issue. Thanks again!&lt;/p&gt;\n&lt;/div&gt;", "gildings": {}, "collapsed_reason": null, "associated_award": null, "stickied": false, "author_premium": false, "subreddit_type": "public", "can_gild": true, "top_awarded_type": null, "author_flair_text_color": null, "score_hidden": false, "permalink": "/r/AskHistorians/comments/i213hv/to_what_degree_was_antisemitism_present_in_golden/g127583/", "num_reports": null, "locked": false, "name": "t1_g127583", "created": 1597140985.0, "subreddit": "AskHistorians", "author_flair_text": null, "treatment_tags": [], "created_utc": 1597112185.0, "subreddit_name_prefixed": "r/AskHistorians", "controversiality": 0, "depth": 1, "author_flair_background_color": null, "collapsed_because_crowd_control": null, "mod_reports": [], "mod_note": null, "distinguished": null}}], "after": null, "before": null}}, "user_reports": [], "saved": false, "id": "g10u3y9", "banned_at_utc": null, "mod_reason_title": null, "gilded": 0, "archived": false, "no_follow": true, "author": "hannahstohelit", "can_mod_post": false, "send_replies": true, "parent_id": "t3_i213hv", "score": 1, "author_fullname": "t2_nva6pp", "report_reasons": null, "approved_by": null, "all_awardings": [], "subreddit_id": "t5_2ssp3", "body": "This is a really interesting question that I'd love to devote more time to at some point, but in the meantime I can direct you to [this post](https://www.reddit.com/r/AskHistorians/comments/aubhgu/casablanca_a_ww2_movie_made_in_1942_features_nazi/eh79i9j/) that discusses why there are no Jews in the film Casablanca, and [this multipart post](https://www.reddit.com/r/AskHistorians/comments/c0yyyj/what_was_the_treatment_of_and_view_towards_jewish/etadhi7/?context=8&amp;depth=9) about antisemitism in the US in the 30s, 40s and 50s.", "edited": false, "downs": 0, "author_flair_css_class": null, "is_submitter": false, "collapsed": false, "author_flair_richtext": [{"e": "text", "t": "Moderator | Modern Jewish History | Judaism in the Americas"}], "author_patreon_flair": false, "body_html": "&lt;div class=\"md\"&gt;&lt;p&gt;This is a really interesting question that I&amp;#39;d love to devote more time to at some point, but in the meantime I can direct you to &lt;a href=\"https://www.reddit.com/r/AskHistorians/comments/aubhgu/casablanca_a_ww2_movie_made_in_1942_features_nazi/eh79i9j/\"&gt;this post&lt;/a&gt; that discusses why there are no Jews in the film Casablanca, and &lt;a href=\"https://www.reddit.com/r/AskHistorians/comments/c0yyyj/what_was_the_treatment_of_and_view_towards_jewish/etadhi7/?context=8&amp;amp;depth=9\"&gt;this multipart post&lt;/a&gt; about antisemitism in the US in the 30s, 40s and 50s.&lt;/p&gt;\n&lt;/div&gt;", "gildings": {}, "collapsed_reason": null, "associated_award": null, "stickied": false, "author_premium": false, "subreddit_type": "public", "can_gild": true, "top_awarded_type": null, "author_flair_text_color": "light", "score_hidden": false, "permalink": "/r/AskHistorians/comments/i213hv/to_what_degree_was_antisemitism_present_in_golden/g10u3y9/", "num_reports": null, "locked": false, "name": "t1_g10u3y9", "created": 1597115635.0, "subreddit": "AskHistorians", "author_flair_text": "Moderator | Modern Jewish History | Judaism in the Americas", "treatment_tags": [], "created_utc": 1597086835.0, "subreddit_name_prefixed": "r/AskHistorians", "controversiality": 0, "depth": 0, "author_flair_background_color": "#993366", "collapsed_because_crowd_control": null, "mod_reports": [], "mod_note": null, "distinguished": null}}], "after": null, "before": null}}]