[{"kind": "Listing", "data": {"modhash": "", "dist": 1, "children": [{"kind": "t3", "data": {"approved_at_utc": null, "subreddit": "AskHistorians", "selftext": "", "user_reports": [], "saved": false, "mod_reason_title": null, "gilded": 0, "clicked": false, "title": "Did Homeric Greeks really throw their spears by hand, as modern perceptions would suggest? And if atlatls are so useful to increase spear-throwing force, why didn't they use them?", "link_flair_richtext": [], "subreddit_name_prefixed": "r/AskHistorians", "hidden": false, "pwls": 6, "link_flair_css_class": null, "downs": 0, "parent_whitelist_status": "all_ads", "hide_score": false, "name": "t3_dbsucy", "quarantine": false, "link_flair_text_color": "dark", "upvote_ratio": 0.94, "author_flair_background_color": null, "subreddit_type": "public", "ups": 75, "total_awards_received": 0, "media_embed": {}, "author_flair_template_id": null, "is_original_content": false, "author_fullname": "t2_47pqe8bh", "secure_media": null, "is_reddit_media_domain": false, "is_meta": false, "category": null, "secure_media_embed": {}, "link_flair_text": null, "can_mod_post": false, "num_duplicates": 2, "approved_by": null, "thumbnail": "", "edited": false, "author_flair_css_class": null, "steward_reports": [], "author_flair_richtext": [], "gildings": {}, "content_categories": null, "is_self": true, "mod_note": null, "created": 1569962654.0, "link_flair_type": "text", "wls": 6, "banned_by": null, "author_flair_type": "text", "domain": "self.AskHistorians", "allow_live_comments": false, "selftext_html": null, "likes": null, "suggested_sort": null, "banned_at_utc": null, "view_count": null, "archived": false, "score": 75, "no_follow": false, "is_crosspostable": false, "pinned": false, "over_18": false, "all_awardings": [], "awarders": [], "media_only": false, "can_gild": false, "spoiler": false, "locked": false, "author_flair_text": null, "visited": false, "removed_by": null, "num_reports": null, "distinguished": null, "subreddit_id": "t5_2ssp3", "mod_reason_by": null, "removal_reason": null, "link_flair_background_color": "", "id": "dbsucy", "is_robot_indexable": true, "report_reasons": null, "author": "Ormond-Is-Here", "discussion_type": null, "num_comments": 8, "send_replies": true, "media": null, "contest_mode": false, "author_patreon_flair": false, "author_flair_text_color": null, "permalink": "/r/AskHistorians/comments/dbsucy/did_homeric_greeks_really_throw_their_spears_by/", "whitelist_status": "all_ads", "stickied": false, "url": "https://www.reddit.com/r/AskHistorians/comments/dbsucy/did_homeric_greeks_really_throw_their_spears_by/", "subreddit_subscribers": 1040609, "created_utc": 1569933854.0, "num_crossposts": 0, "mod_reports": [], "is_video": false}}], "after": null, "before": null}}, {"kind": "Listing", "data": {"modhash": "", "dist": null, "children": [{"kind": "t1", "data": {"total_awards_received": 0, "approved_at_utc": null, "ups": 1, "awarders": [], "mod_reason_by": null, "banned_by": null, "author_flair_type": "richtext", "removal_reason": null, "link_id": "t3_dbsucy", "author_flair_template_id": "9e641f94-c626-11e2-8e2c-12313b0b21ae", "likes": null, "replies": "", "user_reports": [], "saved": false, "id": "f23pc93", "banned_at_utc": null, "mod_reason_title": null, "gilded": 0, "archived": false, "no_follow": true, "author": "AutoModerator", "can_mod_post": false, "send_replies": false, "parent_id": "t3_dbsucy", "score": 1, "author_fullname": "t2_6l4z3", "report_reasons": null, "approved_by": null, "all_awardings": [], "subreddit_id": "t5_2ssp3", "body": "Welcome to /r/AskHistorians. **Please be sure to [Read Our Rules](https://www.reddit.com/r/AskHistorians/wiki/rules) before you contribute to this community**.  \n\nWe thank you for your interest in this *question*, and your patience in waiting for an in-depth and comprehensive answer to be written, which takes time. Please consider **[Clicking Here for RemindMeBot](https://www.reddit.com/message/compose/?to=RemindMeBot&amp;subject=Reminder&amp;message=%5Bhttps://www.reddit.com/r/AskHistorians/comments/dbsucy/did_homeric_greeks_really_throw_their_spears_by/%5D%0A%0ARemindMe!++2+days)**, or using [these alternatives](/r/AskHistorians/comments/8p0s9b/roundtable_21_be_kindremind_the_mod_approved/). In the meantime our [Twitter](https://twitter.com/askhistorians), [Facebook](https://www.facebook.com/askhistorians/), and [Sunday Digest](https://www.reddit.com/r/AskHistorians/search?q=title%3A%22Sunday+Digest%22&amp;restrict_sr=on&amp;sort=new&amp;t=all) feature excellent content that has already been written!\n\n[Please leave feedback on this test message here.](https://www.reddit.com/r/AskHistorians/comments/btz9o5/testing_testing_123_well_be_trying_out_an/)\n\n\n*I am a bot, and this action was performed automatically. Please [contact the moderators of this subreddit](/message/compose/?to=/r/AskHistorians) if you have any questions or concerns.*", "edited": false, "author_flair_css_class": "moderator", "steward_reports": [], "is_submitter": false, "downs": 0, "author_flair_richtext": [{"e": "text", "t": "History of Robotics"}], "author_patreon_flair": false, "body_html": "&lt;div class=\"md\"&gt;&lt;p&gt;Welcome to &lt;a href=\"/r/AskHistorians\"&gt;/r/AskHistorians&lt;/a&gt;. &lt;strong&gt;Please be sure to &lt;a href=\"https://www.reddit.com/r/AskHistorians/wiki/rules\"&gt;Read Our Rules&lt;/a&gt; before you contribute to this community&lt;/strong&gt;.  &lt;/p&gt;\n\n&lt;p&gt;We thank you for your interest in this &lt;em&gt;question&lt;/em&gt;, and your patience in waiting for an in-depth and comprehensive answer to be written, which takes time. Please consider &lt;strong&gt;&lt;a href=\"https://www.reddit.com/message/compose/?to=RemindMeBot&amp;amp;subject=Reminder&amp;amp;message=%5Bhttps://www.reddit.com/r/AskHistorians/comments/dbsucy/did_homeric_greeks_really_throw_their_spears_by/%5D%0A%0ARemindMe!++2+days\"&gt;Clicking Here for RemindMeBot&lt;/a&gt;&lt;/strong&gt;, or using &lt;a href=\"/r/AskHistorians/comments/8p0s9b/roundtable_21_be_kindremind_the_mod_approved/\"&gt;these alternatives&lt;/a&gt;. In the meantime our &lt;a href=\"https://twitter.com/askhistorians\"&gt;Twitter&lt;/a&gt;, &lt;a href=\"https://www.facebook.com/askhistorians/\"&gt;Facebook&lt;/a&gt;, and &lt;a href=\"https://www.reddit.com/r/AskHistorians/search?q=title%3A%22Sunday+Digest%22&amp;amp;restrict_sr=on&amp;amp;sort=new&amp;amp;t=all\"&gt;Sunday Digest&lt;/a&gt; feature excellent content that has already been written!&lt;/p&gt;\n\n&lt;p&gt;&lt;a href=\"https://www.reddit.com/r/AskHistorians/comments/btz9o5/testing_testing_123_well_be_trying_out_an/\"&gt;Please leave feedback on this test message here.&lt;/a&gt;&lt;/p&gt;\n\n&lt;p&gt;&lt;em&gt;I am a bot, and this action was performed automatically. Please &lt;a href=\"/message/compose/?to=/r/AskHistorians\"&gt;contact the moderators of this subreddit&lt;/a&gt; if you have any questions or concerns.&lt;/em&gt;&lt;/p&gt;\n&lt;/div&gt;", "gildings": {}, "collapsed_reason": null, "associated_award": null, "stickied": true, "subreddit_type": "public", "can_gild": true, "subreddit": "AskHistorians", "author_flair_text_color": "light", "score_hidden": true, "permalink": "/r/AskHistorians/comments/dbsucy/did_homeric_greeks_really_throw_their_spears_by/f23pc93/", "num_reports": null, "locked": true, "name": "t1_f23pc93", "created": 1569962654.0, "author_flair_text": "History of Robotics", "collapsed": false, "created_utc": 1569933854.0, "subreddit_name_prefixed": "r/AskHistorians", "controversiality": 0, "depth": 0, "author_flair_background_color": "#8b008b", "mod_reports": [], "mod_note": null, "distinguished": "moderator"}}, {"kind": "t1", "data": {"total_awards_received": 0, "approved_at_utc": null, "ups": 23, "awarders": [], "mod_reason_by": null, "banned_by": null, "author_flair_type": "richtext", "removal_reason": null, "link_id": "t3_dbsucy", "author_flair_template_id": "9e641f94-c626-11e2-8e2c-12313b0b21ae", "likes": null, "replies": {"kind": "Listing", "data": {"modhash": "", "dist": null, "children": [{"kind": "t1", "data": {"total_awards_received": 0, "approved_at_utc": null, "ups": 4, "awarders": [], "mod_reason_by": null, "banned_by": null, "author_flair_type": "text", "removal_reason": null, "link_id": "t3_dbsucy", "author_flair_template_id": null, "likes": null, "replies": {"kind": "Listing", "data": {"modhash": "", "dist": null, "children": [{"kind": "t1", "data": {"total_awards_received": 0, "approved_at_utc": null, "ups": 7, "awarders": [], "mod_reason_by": null, "banned_by": null, "author_flair_type": "text", "removal_reason": null, "link_id": "t3_dbsucy", "author_flair_template_id": null, "likes": null, "replies": {"kind": "Listing", "data": {"modhash": "", "dist": null, "children": [{"kind": "t1", "data": {"total_awards_received": 0, "approved_at_utc": null, "ups": 3, "awarders": [], "mod_reason_by": null, "banned_by": null, "author_flair_type": "text", "removal_reason": null, "link_id": "t3_dbsucy", "author_flair_template_id": null, "likes": null, "replies": "", "user_reports": [], "saved": false, "id": "f760p95", "banned_at_utc": null, "mod_reason_title": null, "gilded": 0, "archived": false, "no_follow": true, "author": "LuxArdens", "can_mod_post": false, "send_replies": true, "parent_id": "t1_f6skb5x", "score": 3, "author_fullname": "t2_mic9t", "report_reasons": null, "approved_by": null, "all_awardings": [], "subreddit_id": "t5_2ssp3", "body": "&gt;As some modern experiments showed, throwing a spear, even a longer, thrusting spear (at short distance of course), is the most powerful, devastating attack you can possibly produce.\n\nDo you have a link/reference for that? I'd love to take a look at that.", "edited": false, "author_flair_css_class": null, "steward_reports": [], "is_submitter": false, "downs": 0, "author_flair_richtext": [], "author_patreon_flair": false, "body_html": "&lt;div class=\"md\"&gt;&lt;blockquote&gt;\n&lt;p&gt;As some modern experiments showed, throwing a spear, even a longer, thrusting spear (at short distance of course), is the most powerful, devastating attack you can possibly produce.&lt;/p&gt;\n&lt;/blockquote&gt;\n\n&lt;p&gt;Do you have a link/reference for that? I&amp;#39;d love to take a look at that.&lt;/p&gt;\n&lt;/div&gt;", "gildings": {}, "collapsed_reason": null, "associated_award": null, "stickied": false, "subreddit_type": "public", "can_gild": true, "subreddit": "AskHistorians", "author_flair_text_color": null, "score_hidden": false, "permalink": "/r/AskHistorians/comments/dbsucy/did_homeric_greeks_really_throw_their_spears_by/f760p95/", "num_reports": null, "locked": false, "name": "t1_f760p95", "created": 1573450216.0, "author_flair_text": null, "collapsed": false, "created_utc": 1573421416.0, "subreddit_name_prefixed": "r/AskHistorians", "controversiality": 0, "depth": 3, "author_flair_background_color": null, "mod_reports": [], "mod_note": null, "distinguished": null}}], "after": null, "before": null}}, "user_reports": [], "saved": false, "id": "f6skb5x", "banned_at_utc": null, "mod_reason_title": null, "gilded": 0, "archived": false, "no_follow": false, "author": "Aeacus0", "can_mod_post": false, "send_replies": true, "parent_id": "t1_f2rzppf", "score": 7, "author_fullname": "t2_4uq400fg", "report_reasons": null, "approved_by": null, "all_awardings": [], "subreddit_id": "t5_2ssp3", "body": "The throwing loop was designed to increase the distance of the spear/javelin throw (and according to an interesting study^(1) it did, significantly). You would wrap the leather strap around the shaft of the javelin (three twists according to literal interpretation of artistic representations), and put your first two fingers inside the loop which was at one end of the strap. The rest of the fingers would hold the javelin shaft. The loop would unwrap, send the javelin spinning through the air and stay in your hand after the throw.\n\nI would also slightly disagree with the previous reply by /u/Iphikrates, albeit a very nicely summarised one. Firstly, I would be less skeptical about Homer's portrayal of his contemporary world, since larger than life weapons are usually reserved only for larger than life heroes such as Achilles or Hector and are, like Boar tusk helmet, very few, obvious and easily identified as deliberate archaisms or exaggerations. In other words, not all warriors carry 5m spears or preform superhuman feats. These isolated, shoehorned exaggerations or clumsy archaisms (Boar tusk helmet would be ancient even in supposed time of Trojan War therefore hardly a surviving oral memory of the war) in no way cloud otherwise consistent picture of Aarly archaic (early 7th century) world/warfare that isn't contradicted by contemporary art either. So suggesting we should or even could dismiss Homeric warfare as fantastic would be a case of false compromise I think.\n\nAlso, even though single spear does seem to have gained popularity over the course of late Archaic age, I wouldn't imply a large scale standardisation (not even for most of 5th, let alone 6th century), as the first implication of any kind of ''*specialist light infantry*'' comes only from late 5th century, and since men with two ''dual purpose'' spears (one of which is apparently expendable-meant for throwing) were still depicted quite regularly on both [pottery](http://www.cvaonline.org/XDB/ASP/recordDetailsLarge.asp?recordCount=1&amp;id={919345DE-5210-4347-996F-5F1D762F292D}&amp;returnPage=&amp;start=) and [sculpture](https://t4.thpservices.com/previewimage/gallil/2f640c6a3576b69e85f58978755ad9f9/dae-b8020075.jpg) down to the end of Archaic era (750-450BC), and [depictions](http://www.cvaonline.org/XDB/ASP/recordDetailsLarge.asp?newwindow=true&amp;id={7C36FB2D-DE2B-4405-BF7B-2A6A26FC2939}&amp;fileName=/Vases/SPIFF/075319BD4A284F93B0F4669732417135/cc001001.jpe) continuing even into Classical era (later 5th century).\n\nAs some modern experiments showed, throwing a spear, even a longer, thrusting spear (at short distance of course), is the most powerful, devastating attack you can possibly produce. So it makes sense that this extra spear that could instantly kill a man before fight even started, was preserved for so long. A type of personal proto-artillery.\n\nAnd to answer the second question - I don't think there is anything in the Iliad that would make us doubt poet described warfare contemporary to his time, nor is there a reason to believe elements of it are 500 year old remnants of Mycenean memory. Finally, combat in the era it was composed (7th century BC) didn't really change drastically until the era it was written down (6th century BC), so even if there were some additions in this context, which I don't think is even possible without altering huge chunks of text, they would be pretty much unnoticeable.\n\n1.Murray, S. &amp; Sands, William &amp; O'Roark, D.A.. (2012). Recreating the Ancient Greek Javelin Throw: How Far Was the Javelin Thrown?. Nikephoros. 25. 143-154.", "edited": 1573475425.0, "author_flair_css_class": null, "steward_reports": [], "is_submitter": false, "downs": 0, "author_flair_richtext": [], "author_patreon_flair": false, "body_html": "&lt;div class=\"md\"&gt;&lt;p&gt;The throwing loop was designed to increase the distance of the spear/javelin throw (and according to an interesting study&lt;sup&gt;1&lt;/sup&gt; it did, significantly). You would wrap the leather strap around the shaft of the javelin (three twists according to literal interpretation of artistic representations), and put your first two fingers inside the loop which was at one end of the strap. The rest of the fingers would hold the javelin shaft. The loop would unwrap, send the javelin spinning through the air and stay in your hand after the throw.&lt;/p&gt;\n\n&lt;p&gt;I would also slightly disagree with the previous reply by &lt;a href=\"/u/Iphikrates\"&gt;/u/Iphikrates&lt;/a&gt;, albeit a very nicely summarised one. Firstly, I would be less skeptical about Homer&amp;#39;s portrayal of his contemporary world, since larger than life weapons are usually reserved only for larger than life heroes such as Achilles or Hector and are, like Boar tusk helmet, very few, obvious and easily identified as deliberate archaisms or exaggerations. In other words, not all warriors carry 5m spears or preform superhuman feats. These isolated, shoehorned exaggerations or clumsy archaisms (Boar tusk helmet would be ancient even in supposed time of Trojan War therefore hardly a surviving oral memory of the war) in no way cloud otherwise consistent picture of Aarly archaic (early 7th century) world/warfare that isn&amp;#39;t contradicted by contemporary art either. So suggesting we should or even could dismiss Homeric warfare as fantastic would be a case of false compromise I think.&lt;/p&gt;\n\n&lt;p&gt;Also, even though single spear does seem to have gained popularity over the course of late Archaic age, I wouldn&amp;#39;t imply a large scale standardisation (not even for most of 5th, let alone 6th century), as the first implication of any kind of &amp;#39;&amp;#39;&lt;em&gt;specialist light infantry&lt;/em&gt;&amp;#39;&amp;#39; comes only from late 5th century, and since men with two &amp;#39;&amp;#39;dual purpose&amp;#39;&amp;#39; spears (one of which is apparently expendable-meant for throwing) were still depicted quite regularly on both &lt;a href=\"http://www.cvaonline.org/XDB/ASP/recordDetailsLarge.asp?recordCount=1&amp;amp;id=%7B919345DE-5210-4347-996F-5F1D762F292D%7D&amp;amp;returnPage=&amp;amp;start=\"&gt;pottery&lt;/a&gt; and &lt;a href=\"https://t4.thpservices.com/previewimage/gallil/2f640c6a3576b69e85f58978755ad9f9/dae-b8020075.jpg\"&gt;sculpture&lt;/a&gt; down to the end of Archaic era (750-450BC), and &lt;a href=\"http://www.cvaonline.org/XDB/ASP/recordDetailsLarge.asp?newwindow=true&amp;amp;id=%7B7C36FB2D-DE2B-4405-BF7B-2A6A26FC2939%7D&amp;amp;fileName=/Vases/SPIFF/075319BD4A284F93B0F4669732417135/cc001001.jpe\"&gt;depictions&lt;/a&gt; continuing even into Classical era (later 5th century).&lt;/p&gt;\n\n&lt;p&gt;As some modern experiments showed, throwing a spear, even a longer, thrusting spear (at short distance of course), is the most powerful, devastating attack you can possibly produce. So it makes sense that this extra spear that could instantly kill a man before fight even started, was preserved for so long. A type of personal proto-artillery.&lt;/p&gt;\n\n&lt;p&gt;And to answer the second question - I don&amp;#39;t think there is anything in the Iliad that would make us doubt poet described warfare contemporary to his time, nor is there a reason to believe elements of it are 500 year old remnants of Mycenean memory. Finally, combat in the era it was composed (7th century BC) didn&amp;#39;t really change drastically until the era it was written down (6th century BC), so even if there were some additions in this context, which I don&amp;#39;t think is even possible without altering huge chunks of text, they would be pretty much unnoticeable.&lt;/p&gt;\n\n&lt;p&gt;1.Murray, S. &amp;amp; Sands, William &amp;amp; O&amp;#39;Roark, D.A.. (2012). Recreating the Ancient Greek Javelin Throw: How Far Was the Javelin Thrown?. Nikephoros. 25. 143-154.&lt;/p&gt;\n&lt;/div&gt;", "gildings": {}, "collapsed_reason": null, "associated_award": null, "stickied": false, "subreddit_type": "public", "can_gild": true, "subreddit": "AskHistorians", "author_flair_text_color": null, "score_hidden": false, "permalink": "/r/AskHistorians/comments/dbsucy/did_homeric_greeks_really_throw_their_spears_by/f6skb5x/", "num_reports": null, "locked": false, "name": "t1_f6skb5x", "created": 1573164344.0, "author_flair_text": null, "collapsed": false, "created_utc": 1573135544.0, "subreddit_name_prefixed": "r/AskHistorians", "controversiality": 0, "depth": 2, "author_flair_background_color": null, "mod_reports": [], "mod_note": null, "distinguished": null}}], "after": null, "before": null}}, "user_reports": [], "saved": false, "id": "f2rzppf", "banned_at_utc": null, "mod_reason_title": null, "gilded": 0, "archived": false, "no_follow": false, "author": "Malthus1", "can_mod_post": false, "send_replies": true, "parent_id": "t1_f26ly7l", "score": 4, "author_fullname": "t2_130z0h", "report_reasons": null, "approved_by": null, "all_awardings": [], "subreddit_id": "t5_2ssp3", "body": "May I ask a follow-up question - how was the throwing loop used? \n\n...\n\nAlso, I do wonder whether the description of warfare found in the Iliad was a sort of mash-up, with folk memories of Mycenaean battle tactics mixed with the infantry tactics of the era in which it was composed, and with those of the era it was finally written down.", "edited": false, "author_flair_css_class": null, "steward_reports": [], "is_submitter": false, "downs": 0, "author_flair_richtext": [], "author_patreon_flair": false, "body_html": "&lt;div class=\"md\"&gt;&lt;p&gt;May I ask a follow-up question - how was the throwing loop used? &lt;/p&gt;\n\n&lt;p&gt;...&lt;/p&gt;\n\n&lt;p&gt;Also, I do wonder whether the description of warfare found in the Iliad was a sort of mash-up, with folk memories of Mycenaean battle tactics mixed with the infantry tactics of the era in which it was composed, and with those of the era it was finally written down.&lt;/p&gt;\n&lt;/div&gt;", "gildings": {}, "collapsed_reason": null, "associated_award": null, "stickied": false, "subreddit_type": "public", "can_gild": true, "subreddit": "AskHistorians", "author_flair_text_color": null, "score_hidden": false, "permalink": "/r/AskHistorians/comments/dbsucy/did_homeric_greeks_really_throw_their_spears_by/f2rzppf/", "num_reports": null, "locked": false, "name": "t1_f2rzppf", "created": 1570406795.0, "author_flair_text": null, "collapsed": false, "created_utc": 1570377995.0, "subreddit_name_prefixed": "r/AskHistorians", "controversiality": 0, "depth": 1, "author_flair_background_color": null, "mod_reports": [], "mod_note": null, "distinguished": null}}], "after": null, "before": null}}, "user_reports": [], "saved": false, "id": "f26ly7l", "banned_at_utc": null, "mod_reason_title": null, "gilded": 0, "archived": false, "no_follow": false, "author": "Iphikrates", "can_mod_post": false, "send_replies": true, "parent_id": "t3_dbsucy", "score": 23, "author_fullname": "t2_nxyvc", "report_reasons": null, "approved_by": null, "all_awardings": [], "subreddit_id": "t5_2ssp3", "body": "The Greeks in the Homeric epics are armed with spears, swords and bows. The spears can be used for thrusting, but are also often thrown. We don't know for certain if this was really how they fought; the heroes of Homer wield weapons that are deliberately described as superhumanly large and heavy, so actually throwing them would be impossible for a regular human being. \n\nIf we accept Hans van Wees' theory that the weapons reflect real Early Archaic equipment that has simply been \"scaled up\" to look more heroic, then we may assume that the Greeks of the time (early 7th century BC) really did use spears that could be thrown as well as used for thrusting, and that the fighting style seen in the Iliad and Odyssey was the actual Greek practice. Dark Age and Early Archaic vase paintings of combat tend to show warriors armed with throwing spears and swords, and riding into battle on chariots. If these are the same warriors envisioned in the epics, we can imagine that such multi-purpose weapons were indeed common. \n\nOn the other hand, if we believe that the epics reflect a much more ancient oral tradition containing evidence of earlier, Mycenaean fighting styles, then we're in the woods. It's hard to pin the epics to the historical period in which they are supposedly set, since Late Mycenaean infantry doesn't seem to have used shields, which are common in the epics. But the fact remains that we don't know exactly what period of warfare the Iliad and Odyssey are meant to portray, and that there is internal confusion on the issue (with some very clearly Mycenaean equipment thrown in among the Early Archaic armour and shields). To make matters worse, as I said, the descriptions of combat in the epics are deliberately exagerrated to show that these are heroes from the mythical past whose size and strength exceeded those of modern people. So should we even look for a historical period that fits the way they fought, or should we take this all as fantasy combat, much like the pew-pew guns and laser swords of modern scifi?\n\nWhatever we choose to believe, the least we can say is that the fighting in the epics is internally consistent. The spears are not simply javelins, and therefore using something like atl-atls wouldn't make sense; the throwing stick would get in the way of warriors using their spears for close combat. In the later Archaic period, before Greek heavy infantry fully specialised in hand-to-hand combat, the Greeks would attach throwing loops to their spears, which had many advantages over the use of atl-atls. It allowed them to use their spears for either purpose - throwing or thrusting - without requiring them to carry the launcher around. You can see these loops on the spears of the proto-hoplites on the famous [Chigi vase](http://brewminate.com/wp-content/uploads/2017/05/ChigiVase02.jpg) (c. 650 BC) (they are highlighted [here](http://imagizer.imageshack.com/a/img838/3424/bg4q.png)).\n\nOnce Greek heavy infantry had standardised to the hoplite with his heavy thrusting spear (in the course of the 6th century BC), specialist light infantry fought with javelins, all of which would have been equipped with a throwing loop.", "edited": false, "author_flair_css_class": "moderator", "steward_reports": [], "is_submitter": false, "downs": 0, "author_flair_richtext": [{"e": "text", "t": "Moderator | Greek Warfare"}], "author_patreon_flair": false, "body_html": "&lt;div class=\"md\"&gt;&lt;p&gt;The Greeks in the Homeric epics are armed with spears, swords and bows. The spears can be used for thrusting, but are also often thrown. We don&amp;#39;t know for certain if this was really how they fought; the heroes of Homer wield weapons that are deliberately described as superhumanly large and heavy, so actually throwing them would be impossible for a regular human being. &lt;/p&gt;\n\n&lt;p&gt;If we accept Hans van Wees&amp;#39; theory that the weapons reflect real Early Archaic equipment that has simply been &amp;quot;scaled up&amp;quot; to look more heroic, then we may assume that the Greeks of the time (early 7th century BC) really did use spears that could be thrown as well as used for thrusting, and that the fighting style seen in the Iliad and Odyssey was the actual Greek practice. Dark Age and Early Archaic vase paintings of combat tend to show warriors armed with throwing spears and swords, and riding into battle on chariots. If these are the same warriors envisioned in the epics, we can imagine that such multi-purpose weapons were indeed common. &lt;/p&gt;\n\n&lt;p&gt;On the other hand, if we believe that the epics reflect a much more ancient oral tradition containing evidence of earlier, Mycenaean fighting styles, then we&amp;#39;re in the woods. It&amp;#39;s hard to pin the epics to the historical period in which they are supposedly set, since Late Mycenaean infantry doesn&amp;#39;t seem to have used shields, which are common in the epics. But the fact remains that we don&amp;#39;t know exactly what period of warfare the Iliad and Odyssey are meant to portray, and that there is internal confusion on the issue (with some very clearly Mycenaean equipment thrown in among the Early Archaic armour and shields). To make matters worse, as I said, the descriptions of combat in the epics are deliberately exagerrated to show that these are heroes from the mythical past whose size and strength exceeded those of modern people. So should we even look for a historical period that fits the way they fought, or should we take this all as fantasy combat, much like the pew-pew guns and laser swords of modern scifi?&lt;/p&gt;\n\n&lt;p&gt;Whatever we choose to believe, the least we can say is that the fighting in the epics is internally consistent. The spears are not simply javelins, and therefore using something like atl-atls wouldn&amp;#39;t make sense; the throwing stick would get in the way of warriors using their spears for close combat. In the later Archaic period, before Greek heavy infantry fully specialised in hand-to-hand combat, the Greeks would attach throwing loops to their spears, which had many advantages over the use of atl-atls. It allowed them to use their spears for either purpose - throwing or thrusting - without requiring them to carry the launcher around. You can see these loops on the spears of the proto-hoplites on the famous &lt;a href=\"http://brewminate.com/wp-content/uploads/2017/05/ChigiVase02.jpg\"&gt;Chigi vase&lt;/a&gt; (c. 650 BC) (they are highlighted &lt;a href=\"http://imagizer.imageshack.com/a/img838/3424/bg4q.png\"&gt;here&lt;/a&gt;).&lt;/p&gt;\n\n&lt;p&gt;Once Greek heavy infantry had standardised to the hoplite with his heavy thrusting spear (in the course of the 6th century BC), specialist light infantry fought with javelins, all of which would have been equipped with a throwing loop.&lt;/p&gt;\n&lt;/div&gt;", "gildings": {}, "collapsed_reason": null, "associated_award": null, "stickied": false, "subreddit_type": "public", "can_gild": true, "subreddit": "AskHistorians", "author_flair_text_color": "light", "score_hidden": false, "permalink": "/r/AskHistorians/comments/dbsucy/did_homeric_greeks_really_throw_their_spears_by/f26ly7l/", "num_reports": null, "locked": false, "name": "t1_f26ly7l", "created": 1570045027.0, "author_flair_text": "Moderator | Greek Warfare", "collapsed": false, "created_utc": 1570016227.0, "subreddit_name_prefixed": "r/AskHistorians", "controversiality": 0, "depth": 0, "author_flair_background_color": "#8b008b", "mod_reports": [], "mod_note": null, "distinguished": null}}], "after": null, "before": null}}]