[{"kind": "Listing", "data": {"modhash": "", "dist": 1, "children": [{"kind": "t3", "data": {"approved_at_utc": null, "subreddit": "AskHistorians", "selftext": "[removed]", "user_reports": [], "saved": false, "mod_reason_title": null, "gilded": 0, "clicked": false, "title": "Methodology question. Lingustics and history. Mass media and ideology.", "link_flair_richtext": [], "subreddit_name_prefixed": "r/AskHistorians", "hidden": false, "pwls": 6, "link_flair_css_class": null, "downs": 0, "parent_whitelist_status": "all_ads", "hide_score": false, "name": "t3_dbzc26", "quarantine": false, "link_flair_text_color": "dark", "upvote_ratio": 0.5, "author_flair_background_color": null, "subreddit_type": "public", "ups": 0, "total_awards_received": 0, "media_embed": {}, "author_flair_template_id": null, "is_original_content": false, "author_fullname": "t2_ys0fcak", "secure_media": null, "is_reddit_media_domain": false, "is_meta": false, "category": null, "secure_media_embed": {}, "link_flair_text": null, "can_mod_post": false, "num_duplicates": 1, "approved_by": null, "thumbnail": "", "edited": false, "author_flair_css_class": null, "steward_reports": [], "author_flair_richtext": [], "gildings": {}, "content_categories": null, "is_self": true, "mod_note": null, "created": 1569990680.0, "link_flair_type": "text", "wls": 6, "banned_by": null, "author_flair_type": "text", "domain": "self.AskHistorians", "allow_live_comments": false, "selftext_html": "&lt;!-- SC_OFF --&gt;&lt;div class=\"md\"&gt;&lt;p&gt;[removed]&lt;/p&gt;\n&lt;/div&gt;&lt;!-- SC_ON --&gt;", "likes": null, "suggested_sort": null, "banned_at_utc": null, "view_count": null, "archived": false, "score": 0, "no_follow": true, "is_crosspostable": false, "pinned": false, "over_18": false, "all_awardings": [], "awarders": [], "media_only": false, "can_gild": false, "spoiler": false, "locked": false, "author_flair_text": null, "visited": false, "removed_by": "moderator", "num_reports": null, "distinguished": null, "subreddit_id": "t5_2ssp3", "mod_reason_by": null, "removal_reason": null, "link_flair_background_color": "", "id": "dbzc26", "is_robot_indexable": false, "report_reasons": null, "author": "Smiletotheredfuture", "discussion_type": null, "num_comments": 10, "send_replies": true, "media": null, "contest_mode": false, "author_patreon_flair": false, "author_flair_text_color": null, "permalink": "/r/AskHistorians/comments/dbzc26/methodology_question_lingustics_and_history_mass/", "whitelist_status": "all_ads", "stickied": false, "url": "https://www.reddit.com/r/AskHistorians/comments/dbzc26/methodology_question_lingustics_and_history_mass/", "subreddit_subscribers": 1040610, "created_utc": 1569961880.0, "num_crossposts": 0, "mod_reports": [], "is_video": false}}], "after": null, "before": null}}, {"kind": "Listing", "data": {"modhash": "", "dist": null, "children": [{"kind": "t1", "data": {"total_awards_received": 0, "approved_at_utc": null, "ups": 1, "awarders": [], "mod_reason_by": null, "banned_by": null, "author_flair_type": "richtext", "removal_reason": null, "link_id": "t3_dbzc26", "author_flair_template_id": "9e641f94-c626-11e2-8e2c-12313b0b21ae", "likes": null, "replies": "", "user_reports": [], "saved": false, "id": "f24x3ym", "banned_at_utc": null, "mod_reason_title": null, "gilded": 0, "archived": false, "no_follow": true, "author": "AutoModerator", "can_mod_post": false, "send_replies": false, "parent_id": "t3_dbzc26", "score": 1, "author_fullname": "t2_6l4z3", "report_reasons": null, "approved_by": null, "all_awardings": [], "subreddit_id": "t5_2ssp3", "body": "Welcome to /r/AskHistorians. **Please be sure to [Read Our Rules](https://www.reddit.com/r/AskHistorians/wiki/rules) before you contribute to this community**.  \n\nWe thank you for your interest in this *question*, and your patience in waiting for an in-depth and comprehensive answer to be written, which takes time. Please consider **[Clicking Here for RemindMeBot](https://www.reddit.com/message/compose/?to=RemindMeBot&amp;subject=Reminder&amp;message=%5Bhttps://www.reddit.com/r/AskHistorians/comments/dbzc26/methodology_question_lingustics_and_history_mass/%5D%0A%0ARemindMe!++2+days)**, or using [these alternatives](/r/AskHistorians/comments/8p0s9b/roundtable_21_be_kindremind_the_mod_approved/). In the meantime our [Twitter](https://twitter.com/askhistorians), [Facebook](https://www.facebook.com/askhistorians/), and [Sunday Digest](https://www.reddit.com/r/AskHistorians/search?q=title%3A%22Sunday+Digest%22&amp;restrict_sr=on&amp;sort=new&amp;t=all) feature excellent content that has already been written!\n\n[Please leave feedback on this test message here.](https://www.reddit.com/r/AskHistorians/comments/btz9o5/testing_testing_123_well_be_trying_out_an/)\n\n\n*I am a bot, and this action was performed automatically. Please [contact the moderators of this subreddit](/message/compose/?to=/r/AskHistorians) if you have any questions or concerns.*", "edited": false, "author_flair_css_class": "moderator", "steward_reports": [], "is_submitter": false, "downs": 0, "author_flair_richtext": [{"e": "text", "t": "History of Robotics"}], "author_patreon_flair": false, "body_html": "&lt;div class=\"md\"&gt;&lt;p&gt;Welcome to &lt;a href=\"/r/AskHistorians\"&gt;/r/AskHistorians&lt;/a&gt;. &lt;strong&gt;Please be sure to &lt;a href=\"https://www.reddit.com/r/AskHistorians/wiki/rules\"&gt;Read Our Rules&lt;/a&gt; before you contribute to this community&lt;/strong&gt;.  &lt;/p&gt;\n\n&lt;p&gt;We thank you for your interest in this &lt;em&gt;question&lt;/em&gt;, and your patience in waiting for an in-depth and comprehensive answer to be written, which takes time. Please consider &lt;strong&gt;&lt;a href=\"https://www.reddit.com/message/compose/?to=RemindMeBot&amp;amp;subject=Reminder&amp;amp;message=%5Bhttps://www.reddit.com/r/AskHistorians/comments/dbzc26/methodology_question_lingustics_and_history_mass/%5D%0A%0ARemindMe!++2+days\"&gt;Clicking Here for RemindMeBot&lt;/a&gt;&lt;/strong&gt;, or using &lt;a href=\"/r/AskHistorians/comments/8p0s9b/roundtable_21_be_kindremind_the_mod_approved/\"&gt;these alternatives&lt;/a&gt;. In the meantime our &lt;a href=\"https://twitter.com/askhistorians\"&gt;Twitter&lt;/a&gt;, &lt;a href=\"https://www.facebook.com/askhistorians/\"&gt;Facebook&lt;/a&gt;, and &lt;a href=\"https://www.reddit.com/r/AskHistorians/search?q=title%3A%22Sunday+Digest%22&amp;amp;restrict_sr=on&amp;amp;sort=new&amp;amp;t=all\"&gt;Sunday Digest&lt;/a&gt; feature excellent content that has already been written!&lt;/p&gt;\n\n&lt;p&gt;&lt;a href=\"https://www.reddit.com/r/AskHistorians/comments/btz9o5/testing_testing_123_well_be_trying_out_an/\"&gt;Please leave feedback on this test message here.&lt;/a&gt;&lt;/p&gt;\n\n&lt;p&gt;&lt;em&gt;I am a bot, and this action was performed automatically. Please &lt;a href=\"/message/compose/?to=/r/AskHistorians\"&gt;contact the moderators of this subreddit&lt;/a&gt; if you have any questions or concerns.&lt;/em&gt;&lt;/p&gt;\n&lt;/div&gt;", "gildings": {}, "collapsed_reason": null, "associated_award": null, "stickied": true, "subreddit_type": "public", "can_gild": true, "subreddit": "AskHistorians", "author_flair_text_color": "light", "score_hidden": true, "permalink": "/r/AskHistorians/comments/dbzc26/methodology_question_lingustics_and_history_mass/f24x3ym/", "num_reports": null, "locked": true, "name": "t1_f24x3ym", "created": 1569990680.0, "author_flair_text": "History of Robotics", "collapsed": false, "created_utc": 1569961880.0, "subreddit_name_prefixed": "r/AskHistorians", "controversiality": 0, "depth": 0, "author_flair_background_color": "#8b008b", "mod_reports": [], "mod_note": null, "distinguished": "moderator"}}, {"kind": "t1", "data": {"total_awards_received": 0, "approved_at_utc": null, "ups": 1, "awarders": [], "mod_reason_by": null, "banned_by": null, "removal_reason": null, "link_id": "t3_dbzc26", "author_flair_template_id": null, "likes": null, "no_follow": true, "replies": "", "user_reports": [], "saved": false, "id": "f24y1xq", "banned_at_utc": null, "mod_reason_title": null, "gilded": 0, "archived": false, "report_reasons": null, "author": "[deleted]", "can_mod_post": false, "send_replies": true, "parent_id": "t3_dbzc26", "score": 1, "approved_by": null, "all_awardings": [], "subreddit_id": "t5_2ssp3", "body": "[removed]", "edited": false, "author_flair_css_class": null, "steward_reports": [], "downs": 0, "is_submitter": false, "body_html": "&lt;div class=\"md\"&gt;&lt;p&gt;[removed]&lt;/p&gt;\n&lt;/div&gt;", "gildings": {}, "collapsed_reason": null, "associated_award": null, "stickied": false, "subreddit_type": "public", "can_gild": true, "subreddit": "AskHistorians", "author_flair_text_color": "dark", "score_hidden": false, "permalink": "/r/AskHistorians/comments/dbzc26/methodology_question_lingustics_and_history_mass/f24y1xq/", "num_reports": null, "locked": false, "name": "t1_f24y1xq", "created": 1569991179.0, "author_flair_text": null, "collapsed": false, "created_utc": 1569962379.0, "subreddit_name_prefixed": "r/AskHistorians", "controversiality": 0, "depth": 0, "author_flair_background_color": "", "mod_reports": [], "mod_note": null, "distinguished": null}}, {"kind": "t1", "data": {"total_awards_received": 0, "approved_at_utc": null, "ups": 1, "awarders": [], "mod_reason_by": null, "banned_by": null, "author_flair_type": "richtext", "removal_reason": null, "link_id": "t3_dbzc26", "author_flair_template_id": "bfcbf574-11fa-11e8-81ea-0e52c5633eb6", "likes": null, "replies": {"kind": "Listing", "data": {"modhash": "", "dist": null, "children": [{"kind": "t1", "data": {"total_awards_received": 0, "approved_at_utc": null, "ups": 1, "awarders": [], "mod_reason_by": null, "banned_by": null, "author_flair_type": "text", "removal_reason": null, "link_id": "t3_dbzc26", "author_flair_template_id": null, "likes": null, "replies": {"kind": "Listing", "data": {"modhash": "", "dist": null, "children": [{"kind": "t1", "data": {"total_awards_received": 0, "approved_at_utc": null, "ups": 1, "awarders": [], "mod_reason_by": null, "banned_by": null, "author_flair_type": "richtext", "removal_reason": null, "link_id": "t3_dbzc26", "author_flair_template_id": "bfcbf574-11fa-11e8-81ea-0e52c5633eb6", "likes": null, "replies": {"kind": "Listing", "data": {"modhash": "", "dist": null, "children": [{"kind": "t1", "data": {"total_awards_received": 0, "approved_at_utc": null, "ups": 1, "awarders": [], "mod_reason_by": null, "banned_by": null, "author_flair_type": "text", "removal_reason": null, "link_id": "t3_dbzc26", "author_flair_template_id": null, "likes": null, "replies": {"kind": "Listing", "data": {"modhash": "", "dist": null, "children": [{"kind": "t1", "data": {"total_awards_received": 0, "approved_at_utc": null, "ups": 1, "awarders": [], "mod_reason_by": null, "banned_by": null, "author_flair_type": "richtext", "removal_reason": null, "link_id": "t3_dbzc26", "author_flair_template_id": "bfcbf574-11fa-11e8-81ea-0e52c5633eb6", "likes": null, "replies": {"kind": "Listing", "data": {"modhash": "", "dist": null, "children": [{"kind": "t1", "data": {"total_awards_received": 0, "approved_at_utc": null, "ups": 1, "awarders": [], "mod_reason_by": null, "banned_by": null, "author_flair_type": "text", "removal_reason": null, "link_id": "t3_dbzc26", "author_flair_template_id": null, "likes": null, "replies": {"kind": "Listing", "data": {"modhash": "", "dist": null, "children": [{"kind": "t1", "data": {"total_awards_received": 0, "approved_at_utc": null, "ups": 1, "awarders": [], "mod_reason_by": null, "banned_by": null, "author_flair_type": "richtext", "removal_reason": null, "link_id": "t3_dbzc26", "author_flair_template_id": "bfcbf574-11fa-11e8-81ea-0e52c5633eb6", "likes": null, "replies": {"kind": "Listing", "data": {"modhash": "", "dist": null, "children": [{"kind": "t1", "data": {"total_awards_received": 0, "approved_at_utc": null, "ups": 1, "awarders": [], "mod_reason_by": null, "banned_by": null, "author_flair_type": "text", "removal_reason": null, "link_id": "t3_dbzc26", "author_flair_template_id": null, "likes": null, "replies": "", "user_reports": [], "saved": false, "id": "f25c4s7", "banned_at_utc": null, "mod_reason_title": null, "gilded": 0, "archived": false, "no_follow": true, "author": "Smiletotheredfuture", "can_mod_post": false, "send_replies": true, "parent_id": "t1_f258gxy", "score": 1, "author_fullname": "t2_ys0fcak", "report_reasons": null, "approved_by": null, "all_awardings": [], "subreddit_id": "t5_2ssp3", "body": "ty, but you know as a historian postmodernism will never be a word that suit us. Tho' i am kinda drawn into the lingustic turn possibilities. Anyway nice chat i will repost later maybe, i dont want to ask a dry awnser.", "edited": false, "author_flair_css_class": null, "steward_reports": [], "is_submitter": true, "downs": 0, "author_flair_richtext": [], "author_patreon_flair": false, "body_html": "&lt;div class=\"md\"&gt;&lt;p&gt;ty, but you know as a historian postmodernism will never be a word that suit us. Tho&amp;#39; i am kinda drawn into the lingustic turn possibilities. Anyway nice chat i will repost later maybe, i dont want to ask a dry awnser.&lt;/p&gt;\n&lt;/div&gt;", "gildings": {}, "collapsed_reason": null, "associated_award": null, "stickied": false, "subreddit_type": "public", "can_gild": true, "subreddit": "AskHistorians", "author_flair_text_color": null, "score_hidden": false, "permalink": "/r/AskHistorians/comments/dbzc26/methodology_question_lingustics_and_history_mass/f25c4s7/", "num_reports": null, "locked": false, "name": "t1_f25c4s7", "created": 1569999678.0, "author_flair_text": null, "collapsed": false, "created_utc": 1569970878.0, "subreddit_name_prefixed": "r/AskHistorians", "controversiality": 0, "depth": 7, "author_flair_background_color": null, "mod_reports": [], "mod_note": null, "distinguished": null}}], "after": null, "before": null}}, "user_reports": [], "saved": false, "id": "f258gxy", "banned_at_utc": null, "mod_reason_title": null, "gilded": 0, "archived": false, "no_follow": true, "author": "AncientHistory", "can_mod_post": false, "send_replies": true, "parent_id": "t1_f2585i1", "score": 1, "author_fullname": "t2_cxryn", "report_reasons": null, "approved_by": null, "all_awardings": [], "subreddit_id": "t5_2ssp3", "body": "Historical knowledge is very much *not* monolithic, historians are still coming to terms with incorporating different perspectives, technologies, and disciplines into how they do their work. You might be interested in our threads on [Post-Postmodernism, or, Where does Historiography go next?](https://www.reddit.com/r/AskHistorians/comments/48b284/monday_methodspostpostmodernism_or_where_does/) and [Postmodernism and Studying the Human Past](https://www.reddit.com/r/AskHistorians/comments/2mkzmh/monday_methods_postmodernism_and_studying_the/).", "edited": false, "author_flair_css_class": "other", "steward_reports": [], "is_submitter": false, "downs": 0, "author_flair_richtext": [{"e": "text", "t": "Moderator | Pulp Studies | H. P. Lovecraft"}], "author_patreon_flair": false, "body_html": "&lt;div class=\"md\"&gt;&lt;p&gt;Historical knowledge is very much &lt;em&gt;not&lt;/em&gt; monolithic, historians are still coming to terms with incorporating different perspectives, technologies, and disciplines into how they do their work. You might be interested in our threads on &lt;a href=\"https://www.reddit.com/r/AskHistorians/comments/48b284/monday_methodspostpostmodernism_or_where_does/\"&gt;Post-Postmodernism, or, Where does Historiography go next?&lt;/a&gt; and &lt;a href=\"https://www.reddit.com/r/AskHistorians/comments/2mkzmh/monday_methods_postmodernism_and_studying_the/\"&gt;Postmodernism and Studying the Human Past&lt;/a&gt;.&lt;/p&gt;\n&lt;/div&gt;", "gildings": {}, "collapsed_reason": null, "associated_award": null, "stickied": false, "subreddit_type": "public", "can_gild": true, "subreddit": "AskHistorians", "author_flair_text_color": "dark", "score_hidden": false, "permalink": "/r/AskHistorians/comments/dbzc26/methodology_question_lingustics_and_history_mass/f258gxy/", "num_reports": null, "locked": false, "name": "t1_f258gxy", "created": 1569997197.0, "author_flair_text": "Moderator | Pulp Studies | H. P. Lovecraft", "collapsed": false, "created_utc": 1569968397.0, "subreddit_name_prefixed": "r/AskHistorians", "controversiality": 0, "depth": 6, "author_flair_background_color": "#f5f5f5", "mod_reports": [], "mod_note": null, "distinguished": "moderator"}}], "after": null, "before": null}}, "user_reports": [], "saved": false, "id": "f2585i1", "banned_at_utc": null, "mod_reason_title": null, "gilded": 0, "archived": false, "no_follow": true, "author": "Smiletotheredfuture", "can_mod_post": false, "send_replies": true, "parent_id": "t1_f257ftc", "score": 1, "author_fullname": "t2_ys0fcak", "report_reasons": null, "approved_by": null, "all_awardings": [], "subreddit_id": "t5_2ssp3", "body": "farther of course, i would go more far. Wont you say, as is is writen there (How Does Linguistic Theory Affect Historical Methodology and Research?) that makes historical \"making\" knowldge monolitic?", "edited": false, "author_flair_css_class": null, "steward_reports": [], "is_submitter": true, "downs": 0, "author_flair_richtext": [], "author_patreon_flair": false, "body_html": "&lt;div class=\"md\"&gt;&lt;p&gt;farther of course, i would go more far. Wont you say, as is is writen there (How Does Linguistic Theory Affect Historical Methodology and Research?) that makes historical &amp;quot;making&amp;quot; knowldge monolitic?&lt;/p&gt;\n&lt;/div&gt;", "gildings": {}, "collapsed_reason": null, "associated_award": null, "stickied": false, "subreddit_type": "public", "can_gild": true, "subreddit": "AskHistorians", "author_flair_text_color": null, "score_hidden": false, "permalink": "/r/AskHistorians/comments/dbzc26/methodology_question_lingustics_and_history_mass/f2585i1/", "num_reports": null, "locked": false, "name": "t1_f2585i1", "created": 1569996981.0, "author_flair_text": null, "collapsed": false, "created_utc": 1569968181.0, "subreddit_name_prefixed": "r/AskHistorians", "controversiality": 0, "depth": 5, "author_flair_background_color": null, "mod_reports": [], "mod_note": null, "distinguished": null}}], "after": null, "before": null}}, "user_reports": [], "saved": false, "id": "f257ftc", "banned_at_utc": null, "mod_reason_title": null, "gilded": 0, "archived": false, "no_follow": true, "author": "AncientHistory", "can_mod_post": false, "send_replies": true, "parent_id": "t1_f256zgs", "score": 1, "author_fullname": "t2_cxryn", "report_reasons": null, "approved_by": null, "all_awardings": [], "subreddit_id": "t5_2ssp3", "body": "So, would that be something like:\n\n* Do Historians Use a Linguistics-Based Methodology in Their Approach To Historical Research?\n\nOr, to break it down a little farther:\n\n* How Does Linguistic Theory Affect Historical Methodology and Research?", "edited": false, "author_flair_css_class": "other", "steward_reports": [], "is_submitter": false, "downs": 0, "author_flair_richtext": [{"e": "text", "t": "Moderator | Pulp Studies | H. P. Lovecraft"}], "author_patreon_flair": false, "body_html": "&lt;div class=\"md\"&gt;&lt;p&gt;So, would that be something like:&lt;/p&gt;\n\n&lt;ul&gt;\n&lt;li&gt;Do Historians Use a Linguistics-Based Methodology in Their Approach To Historical Research?&lt;/li&gt;\n&lt;/ul&gt;\n\n&lt;p&gt;Or, to break it down a little farther:&lt;/p&gt;\n\n&lt;ul&gt;\n&lt;li&gt;How Does Linguistic Theory Affect Historical Methodology and Research?&lt;/li&gt;\n&lt;/ul&gt;\n&lt;/div&gt;", "gildings": {}, "collapsed_reason": null, "associated_award": null, "stickied": false, "subreddit_type": "public", "can_gild": true, "subreddit": "AskHistorians", "author_flair_text_color": "dark", "score_hidden": false, "permalink": "/r/AskHistorians/comments/dbzc26/methodology_question_lingustics_and_history_mass/f257ftc/", "num_reports": null, "locked": false, "name": "t1_f257ftc", "created": 1569996496.0, "author_flair_text": "Moderator | Pulp Studies | H. P. Lovecraft", "collapsed": false, "created_utc": 1569967696.0, "subreddit_name_prefixed": "r/AskHistorians", "controversiality": 0, "depth": 4, "author_flair_background_color": "#f5f5f5", "mod_reports": [], "mod_note": null, "distinguished": "moderator"}}], "after": null, "before": null}}, "user_reports": [], "saved": false, "id": "f256zgs", "banned_at_utc": null, "mod_reason_title": null, "gilded": 0, "archived": false, "no_follow": true, "author": "Smiletotheredfuture", "can_mod_post": false, "send_replies": true, "parent_id": "t1_f255za5", "score": 1, "author_fullname": "t2_ys0fcak", "report_reasons": null, "approved_by": null, "all_awardings": [], "subreddit_id": "t5_2ssp3", "body": "yeah i guess, as there are more than one question, at least the orignal one would be something like...   \n\n\nmethodology aproach based on lingustics for historical research? How historians work it?", "edited": false, "author_flair_css_class": null, "steward_reports": [], "is_submitter": true, "downs": 0, "author_flair_richtext": [], "author_patreon_flair": false, "body_html": "&lt;div class=\"md\"&gt;&lt;p&gt;yeah i guess, as there are more than one question, at least the orignal one would be something like...   &lt;/p&gt;\n\n&lt;p&gt;methodology aproach based on lingustics for historical research? How historians work it?&lt;/p&gt;\n&lt;/div&gt;", "gildings": {}, "collapsed_reason": null, "associated_award": null, "stickied": false, "subreddit_type": "public", "can_gild": true, "subreddit": "AskHistorians", "author_flair_text_color": null, "score_hidden": false, "permalink": "/r/AskHistorians/comments/dbzc26/methodology_question_lingustics_and_history_mass/f256zgs/", "num_reports": null, "locked": false, "name": "t1_f256zgs", "created": 1569996184.0, "author_flair_text": null, "collapsed": false, "created_utc": 1569967384.0, "subreddit_name_prefixed": "r/AskHistorians", "controversiality": 0, "depth": 3, "author_flair_background_color": null, "mod_reports": [], "mod_note": null, "distinguished": null}}], "after": null, "before": null}}, "user_reports": [], "saved": false, "id": "f255za5", "banned_at_utc": null, "mod_reason_title": null, "gilded": 0, "archived": false, "no_follow": true, "author": "AncientHistory", "can_mod_post": false, "send_replies": true, "parent_id": "t1_f254xti", "score": 1, "author_fullname": "t2_cxryn", "report_reasons": null, "approved_by": null, "all_awardings": [], "subreddit_id": "t5_2ssp3", "body": "Sorry, whether this is an issue of English being a second language for you, or just your own way of writing, but several mods looked at the post and none of us can quite get the point you're going on about - which is why I suggested you might want to summarize and clarify your question.\n\nIn as few words as possible - without lengthy explanations or citing any particular authors - what *exactly* do you want to know?", "edited": false, "author_flair_css_class": "other", "steward_reports": [], "is_submitter": false, "downs": 0, "author_flair_richtext": [{"e": "text", "t": "Moderator | Pulp Studies | H. P. Lovecraft"}], "author_patreon_flair": false, "body_html": "&lt;div class=\"md\"&gt;&lt;p&gt;Sorry, whether this is an issue of English being a second language for you, or just your own way of writing, but several mods looked at the post and none of us can quite get the point you&amp;#39;re going on about - which is why I suggested you might want to summarize and clarify your question.&lt;/p&gt;\n\n&lt;p&gt;In as few words as possible - without lengthy explanations or citing any particular authors - what &lt;em&gt;exactly&lt;/em&gt; do you want to know?&lt;/p&gt;\n&lt;/div&gt;", "gildings": {}, "collapsed_reason": null, "associated_award": null, "stickied": false, "subreddit_type": "public", "can_gild": true, "subreddit": "AskHistorians", "author_flair_text_color": "dark", "score_hidden": false, "permalink": "/r/AskHistorians/comments/dbzc26/methodology_question_lingustics_and_history_mass/f255za5/", "num_reports": null, "locked": false, "name": "t1_f255za5", "created": 1569995511.0, "author_flair_text": "Moderator | Pulp Studies | H. P. Lovecraft", "collapsed": false, "created_utc": 1569966711.0, "subreddit_name_prefixed": "r/AskHistorians", "controversiality": 0, "depth": 2, "author_flair_background_color": "#f5f5f5", "mod_reports": [], "mod_note": null, "distinguished": "moderator"}}], "after": null, "before": null}}, "user_reports": [], "saved": false, "id": "f254xti", "banned_at_utc": null, "mod_reason_title": null, "gilded": 0, "archived": false, "no_follow": true, "author": "Smiletotheredfuture", "can_mod_post": false, "send_replies": true, "parent_id": "t1_f24zqbn", "score": 1, "author_fullname": "t2_ys0fcak", "report_reasons": null, "approved_by": null, "all_awardings": [], "subreddit_id": "t5_2ssp3", "body": "hello, dont mind the sorry. First can we dialogue here? becouse i want to defend something here. I give you the confusing way of presenting, even in my native i ramble. But i have to disagree about the \"personal opinion\". I do put some background from where i am asking, but this aint a ego post, i do wander what other intakes on the subjet could it be, giving \"my opinion\" is so the readear know my position on the subject. Do i have to quote specifc theoric passages on the autors i named so the post is at your standrads? I dindt think so becouse form waht i read, the people who know the subject also would see that is not a personal intake or not poll.", "edited": 1569966562.0, "author_flair_css_class": null, "steward_reports": [], "is_submitter": true, "downs": 0, "author_flair_richtext": [], "author_patreon_flair": false, "body_html": "&lt;div class=\"md\"&gt;&lt;p&gt;hello, dont mind the sorry. First can we dialogue here? becouse i want to defend something here. I give you the confusing way of presenting, even in my native i ramble. But i have to disagree about the &amp;quot;personal opinion&amp;quot;. I do put some background from where i am asking, but this aint a ego post, i do wander what other intakes on the subjet could it be, giving &amp;quot;my opinion&amp;quot; is so the readear know my position on the subject. Do i have to quote specifc theoric passages on the autors i named so the post is at your standrads? I dindt think so becouse form waht i read, the people who know the subject also would see that is not a personal intake or not poll.&lt;/p&gt;\n&lt;/div&gt;", "gildings": {}, "collapsed_reason": null, "associated_award": null, "stickied": false, "subreddit_type": "public", "can_gild": true, "subreddit": "AskHistorians", "author_flair_text_color": null, "score_hidden": false, "permalink": "/r/AskHistorians/comments/dbzc26/methodology_question_lingustics_and_history_mass/f254xti/", "num_reports": null, "locked": false, "name": "t1_f254xti", "created": 1569994820.0, "author_flair_text": null, "collapsed": false, "created_utc": 1569966020.0, "subreddit_name_prefixed": "r/AskHistorians", "controversiality": 0, "depth": 1, "author_flair_background_color": null, "mod_reports": [], "mod_note": null, "distinguished": null}}], "after": null, "before": null}}, "user_reports": [], "saved": false, "id": "f24zqbn", "banned_at_utc": null, "mod_reason_title": null, "gilded": 0, "archived": false, "no_follow": true, "author": "AncientHistory", "can_mod_post": false, "send_replies": true, "parent_id": "t3_dbzc26", "score": 1, "author_fullname": "t2_cxryn", "report_reasons": null, "approved_by": null, "all_awardings": [], "subreddit_id": "t5_2ssp3", "body": "Sorry, we have removed your question. While it is not a bad question, it is worded in a very long and confusing way, so we're not entirely sure what you're asking here. It seems to be asking about whether or not your personal idea of the theory of history is correct or applicable, which would be against our rules on poll-type questions. If you could summarize and clarify your question, you may repost.", "edited": false, "author_flair_css_class": "other", "steward_reports": [], "is_submitter": false, "downs": 0, "author_flair_richtext": [{"e": "text", "t": "Moderator | Pulp Studies | H. P. Lovecraft"}], "author_patreon_flair": false, "body_html": "&lt;div class=\"md\"&gt;&lt;p&gt;Sorry, we have removed your question. While it is not a bad question, it is worded in a very long and confusing way, so we&amp;#39;re not entirely sure what you&amp;#39;re asking here. It seems to be asking about whether or not your personal idea of the theory of history is correct or applicable, which would be against our rules on poll-type questions. If you could summarize and clarify your question, you may repost.&lt;/p&gt;\n&lt;/div&gt;", "gildings": {}, "collapsed_reason": null, "associated_award": null, "stickied": false, "subreddit_type": "public", "can_gild": true, "subreddit": "AskHistorians", "author_flair_text_color": "dark", "score_hidden": false, "permalink": "/r/AskHistorians/comments/dbzc26/methodology_question_lingustics_and_history_mass/f24zqbn/", "num_reports": null, "locked": false, "name": "t1_f24zqbn", "created": 1569991999.0, "author_flair_text": "Moderator | Pulp Studies | H. P. Lovecraft", "collapsed": false, "created_utc": 1569963199.0, "subreddit_name_prefixed": "r/AskHistorians", "controversiality": 0, "depth": 0, "author_flair_background_color": "#f5f5f5", "mod_reports": [], "mod_note": null, "distinguished": "moderator"}}], "after": null, "before": null}}]