[{"kind": "Listing", "data": {"modhash": "", "dist": 1, "children": [{"kind": "t3", "data": {"approved_at_utc": null, "subreddit": "AskHistorians", "selftext": "", "user_reports": [], "saved": false, "mod_reason_title": null, "gilded": 0, "clicked": false, "title": "Why were the spanish and Portuguese conquests successful?", "link_flair_richtext": [], "subreddit_name_prefixed": "r/AskHistorians", "hidden": false, "pwls": 6, "link_flair_css_class": null, "downs": 0, "parent_whitelist_status": "all_ads", "hide_score": false, "name": "t3_dc04kt", "quarantine": false, "link_flair_text_color": "dark", "upvote_ratio": 1.0, "author_flair_background_color": null, "subreddit_type": "public", "ups": 6, "total_awards_received": 0, "media_embed": {}, "author_flair_template_id": null, "is_original_content": false, "author_fullname": "t2_4d7rr01x", "secure_media": null, "is_reddit_media_domain": false, "is_meta": false, "category": null, "secure_media_embed": {}, "link_flair_text": null, "can_mod_post": false, "num_duplicates": 0, "approved_by": null, "thumbnail": "", "edited": false, "author_flair_css_class": null, "steward_reports": [], "author_flair_richtext": [], "gildings": {}, "content_categories": null, "is_self": true, "mod_note": null, "created": 1569993966.0, "link_flair_type": "text", "wls": 6, "banned_by": null, "author_flair_type": "text", "domain": "self.AskHistorians", "allow_live_comments": false, "selftext_html": null, "likes": null, "suggested_sort": null, "banned_at_utc": null, "view_count": null, "archived": false, "score": 6, "no_follow": true, "is_crosspostable": false, "pinned": false, "over_18": false, "all_awardings": [], "awarders": [], "media_only": false, "can_gild": false, "spoiler": false, "locked": false, "author_flair_text": null, "visited": false, "removed_by": null, "num_reports": null, "distinguished": null, "subreddit_id": "t5_2ssp3", "mod_reason_by": null, "removal_reason": null, "link_flair_background_color": "", "id": "dc04kt", "is_robot_indexable": true, "report_reasons": null, "author": "OCDkiller123", "discussion_type": null, "num_comments": 2, "send_replies": true, "media": null, "contest_mode": false, "author_patreon_flair": false, "author_flair_text_color": null, "permalink": "/r/AskHistorians/comments/dc04kt/why_were_the_spanish_and_portuguese_conquests/", "whitelist_status": "all_ads", "stickied": false, "url": "https://www.reddit.com/r/AskHistorians/comments/dc04kt/why_were_the_spanish_and_portuguese_conquests/", "subreddit_subscribers": 1040610, "created_utc": 1569965166.0, "num_crossposts": 0, "mod_reports": [], "is_video": false}}], "after": null, "before": null}}, {"kind": "Listing", "data": {"modhash": "", "dist": null, "children": [{"kind": "t1", "data": {"total_awards_received": 0, "approved_at_utc": null, "ups": 1, "awarders": [], "mod_reason_by": null, "banned_by": null, "author_flair_type": "richtext", "removal_reason": null, "link_id": "t3_dc04kt", "author_flair_template_id": "9e641f94-c626-11e2-8e2c-12313b0b21ae", "likes": null, "replies": "", "user_reports": [], "saved": false, "id": "f253it6", "banned_at_utc": null, "mod_reason_title": null, "gilded": 0, "archived": false, "no_follow": true, "author": "AutoModerator", "can_mod_post": false, "send_replies": false, "parent_id": "t3_dc04kt", "score": 1, "author_fullname": "t2_6l4z3", "report_reasons": null, "approved_by": null, "all_awardings": [], "subreddit_id": "t5_2ssp3", "body": "Welcome to /r/AskHistorians. **Please be sure to [Read Our Rules](https://www.reddit.com/r/AskHistorians/wiki/rules) before you contribute to this community**.  \n\nWe thank you for your interest in this *question*, and your patience in waiting for an in-depth and comprehensive answer to be written, which takes time. Please consider **[Clicking Here for RemindMeBot](https://www.reddit.com/message/compose/?to=RemindMeBot&amp;subject=Reminder&amp;message=%5Bhttps://www.reddit.com/r/AskHistorians/comments/dc04kt/why_were_the_spanish_and_portuguese_conquests/%5D%0A%0ARemindMe!++2+days)**, or using [these alternatives](/r/AskHistorians/comments/8p0s9b/roundtable_21_be_kindremind_the_mod_approved/). In the meantime our [Twitter](https://twitter.com/askhistorians), [Facebook](https://www.facebook.com/askhistorians/), and [Sunday Digest](https://www.reddit.com/r/AskHistorians/search?q=title%3A%22Sunday+Digest%22&amp;restrict_sr=on&amp;sort=new&amp;t=all) feature excellent content that has already been written!\n\n[Please leave feedback on this test message here.](https://www.reddit.com/r/AskHistorians/comments/btz9o5/testing_testing_123_well_be_trying_out_an/)\n\n\n*I am a bot, and this action was performed automatically. Please [contact the moderators of this subreddit](/message/compose/?to=/r/AskHistorians) if you have any questions or concerns.*", "edited": false, "author_flair_css_class": "moderator", "steward_reports": [], "is_submitter": false, "downs": 0, "author_flair_richtext": [{"e": "text", "t": "History of Robotics"}], "author_patreon_flair": false, "body_html": "&lt;div class=\"md\"&gt;&lt;p&gt;Welcome to &lt;a href=\"/r/AskHistorians\"&gt;/r/AskHistorians&lt;/a&gt;. &lt;strong&gt;Please be sure to &lt;a href=\"https://www.reddit.com/r/AskHistorians/wiki/rules\"&gt;Read Our Rules&lt;/a&gt; before you contribute to this community&lt;/strong&gt;.  &lt;/p&gt;\n\n&lt;p&gt;We thank you for your interest in this &lt;em&gt;question&lt;/em&gt;, and your patience in waiting for an in-depth and comprehensive answer to be written, which takes time. Please consider &lt;strong&gt;&lt;a href=\"https://www.reddit.com/message/compose/?to=RemindMeBot&amp;amp;subject=Reminder&amp;amp;message=%5Bhttps://www.reddit.com/r/AskHistorians/comments/dc04kt/why_were_the_spanish_and_portuguese_conquests/%5D%0A%0ARemindMe!++2+days\"&gt;Clicking Here for RemindMeBot&lt;/a&gt;&lt;/strong&gt;, or using &lt;a href=\"/r/AskHistorians/comments/8p0s9b/roundtable_21_be_kindremind_the_mod_approved/\"&gt;these alternatives&lt;/a&gt;. In the meantime our &lt;a href=\"https://twitter.com/askhistorians\"&gt;Twitter&lt;/a&gt;, &lt;a href=\"https://www.facebook.com/askhistorians/\"&gt;Facebook&lt;/a&gt;, and &lt;a href=\"https://www.reddit.com/r/AskHistorians/search?q=title%3A%22Sunday+Digest%22&amp;amp;restrict_sr=on&amp;amp;sort=new&amp;amp;t=all\"&gt;Sunday Digest&lt;/a&gt; feature excellent content that has already been written!&lt;/p&gt;\n\n&lt;p&gt;&lt;a href=\"https://www.reddit.com/r/AskHistorians/comments/btz9o5/testing_testing_123_well_be_trying_out_an/\"&gt;Please leave feedback on this test message here.&lt;/a&gt;&lt;/p&gt;\n\n&lt;p&gt;&lt;em&gt;I am a bot, and this action was performed automatically. Please &lt;a href=\"/message/compose/?to=/r/AskHistorians\"&gt;contact the moderators of this subreddit&lt;/a&gt; if you have any questions or concerns.&lt;/em&gt;&lt;/p&gt;\n&lt;/div&gt;", "gildings": {}, "collapsed_reason": null, "associated_award": null, "stickied": true, "subreddit_type": "public", "can_gild": true, "subreddit": "AskHistorians", "author_flair_text_color": "light", "score_hidden": true, "permalink": "/r/AskHistorians/comments/dc04kt/why_were_the_spanish_and_portuguese_conquests/f253it6/", "num_reports": null, "locked": true, "name": "t1_f253it6", "created": 1569993966.0, "author_flair_text": "History of Robotics", "collapsed": false, "created_utc": 1569965166.0, "subreddit_name_prefixed": "r/AskHistorians", "controversiality": 0, "depth": 0, "author_flair_background_color": "#8b008b", "mod_reports": [], "mod_note": null, "distinguished": "moderator"}}, {"kind": "t1", "data": {"total_awards_received": 0, "approved_at_utc": null, "ups": 4, "awarders": [], "mod_reason_by": null, "banned_by": null, "author_flair_type": "richtext", "removal_reason": null, "link_id": "t3_dc04kt", "author_flair_template_id": "a2b4c2a0-86f6-11e9-ad66-0e43b2a6cfb2", "likes": null, "replies": "", "user_reports": [], "saved": false, "id": "f26fl39", "banned_at_utc": null, "mod_reason_title": null, "gilded": 0, "archived": false, "no_follow": true, "author": "voyeur324", "can_mod_post": false, "send_replies": true, "parent_id": "t3_dc04kt", "score": 4, "author_fullname": "t2_8f6ehli", "report_reasons": null, "approved_by": null, "all_awardings": [], "subreddit_id": "t5_2ssp3", "body": "It depends on how you define success. \n\nI suggest you read what /u/anthropology_nerd has to say in the Myths of Conquest Series over at /r/badhistory. [The first entry](https://np.reddit.com/r/badhistory/comments/2qn5us/myths_of_conquest_part_one_a_handful_of/) would be of particular interest, as would [Part Three](https://np.reddit.com/r/badhistory/comments/2rjw9r/myths_of_conquest_part_three_a_completed_conquest/) and [Part Five](https://np.reddit.com/r/badhistory/comments/2sg200/myths_of_conquest_part_five_native_desolation/).\n\nAll of the other sections are listed in [Part Nine, the finale](https://www.reddit.com/r/badhistory/comments/2vf565/myths_of_conquest_part_nine_the_terminal_narrative/)\n\nEDIT: See also what /u/drylaw has written about [whether the conquistadores could see indigenous societies as equals or superiors.](https://www.reddit.com/r/AskHistorians/comments/ax0x2o/were_european_explorers_afraid_to_find_more/ehreudc/?context=3). There's also a response about [suppressing indigenous culture and memory in centuries to come.](https://www.reddit.com/r/AskHistorians/comments/4szvog/did_the_spanish_in_the_new_world_ever_try_to/)\n\n/u/Snapshot52 has written about [whether Indians were ever the aggressors in colonial conflicts, or purely defensive.](https://www.reddit.com/r/AskHistorians/comments/4wzfxh/what_was_the_reason_behind_conflicts_with_the/d6bb26p/), again a very broad question.", "edited": 1570038137.0, "author_flair_css_class": null, "steward_reports": [], "is_submitter": false, "downs": 0, "author_flair_richtext": [{"e": "text", "t": "FAQ Finder "}, {"a": ":bestof:", "u": "https://emoji.redditmedia.com/8z8jo4qrvd231_t5_2ssp3/bestof", "e": "emoji"}], "author_patreon_flair": false, "body_html": "&lt;div class=\"md\"&gt;&lt;p&gt;It depends on how you define success. &lt;/p&gt;\n\n&lt;p&gt;I suggest you read what &lt;a href=\"/u/anthropology_nerd\"&gt;/u/anthropology_nerd&lt;/a&gt; has to say in the Myths of Conquest Series over at &lt;a href=\"/r/badhistory\"&gt;/r/badhistory&lt;/a&gt;. &lt;a href=\"https://np.reddit.com/r/badhistory/comments/2qn5us/myths_of_conquest_part_one_a_handful_of/\"&gt;The first entry&lt;/a&gt; would be of particular interest, as would &lt;a href=\"https://np.reddit.com/r/badhistory/comments/2rjw9r/myths_of_conquest_part_three_a_completed_conquest/\"&gt;Part Three&lt;/a&gt; and &lt;a href=\"https://np.reddit.com/r/badhistory/comments/2sg200/myths_of_conquest_part_five_native_desolation/\"&gt;Part Five&lt;/a&gt;.&lt;/p&gt;\n\n&lt;p&gt;All of the other sections are listed in &lt;a href=\"https://www.reddit.com/r/badhistory/comments/2vf565/myths_of_conquest_part_nine_the_terminal_narrative/\"&gt;Part Nine, the finale&lt;/a&gt;&lt;/p&gt;\n\n&lt;p&gt;EDIT: See also what &lt;a href=\"/u/drylaw\"&gt;/u/drylaw&lt;/a&gt; has written about &lt;a href=\"https://www.reddit.com/r/AskHistorians/comments/ax0x2o/were_european_explorers_afraid_to_find_more/ehreudc/?context=3\"&gt;whether the conquistadores could see indigenous societies as equals or superiors.&lt;/a&gt;. There&amp;#39;s also a response about &lt;a href=\"https://www.reddit.com/r/AskHistorians/comments/4szvog/did_the_spanish_in_the_new_world_ever_try_to/\"&gt;suppressing indigenous culture and memory in centuries to come.&lt;/a&gt;&lt;/p&gt;\n\n&lt;p&gt;&lt;a href=\"/u/Snapshot52\"&gt;/u/Snapshot52&lt;/a&gt; has written about &lt;a href=\"https://www.reddit.com/r/AskHistorians/comments/4wzfxh/what_was_the_reason_behind_conflicts_with_the/d6bb26p/\"&gt;whether Indians were ever the aggressors in colonial conflicts, or purely defensive.&lt;/a&gt;, again a very broad question.&lt;/p&gt;\n&lt;/div&gt;", "gildings": {}, "collapsed_reason": null, "associated_award": null, "stickied": false, "subreddit_type": "public", "can_gild": true, "subreddit": "AskHistorians", "author_flair_text_color": "light", "score_hidden": false, "permalink": "/r/AskHistorians/comments/dc04kt/why_were_the_spanish_and_portuguese_conquests/f26fl39/", "num_reports": null, "locked": false, "name": "t1_f26fl39", "created": 1570036480.0, "author_flair_text": "FAQ Finder :bestof:", "collapsed": false, "created_utc": 1570007680.0, "subreddit_name_prefixed": "r/AskHistorians", "controversiality": 0, "depth": 0, "author_flair_background_color": "#b87317", "mod_reports": [], "mod_note": null, "distinguished": null}}], "after": null, "before": null}}]