[{"kind": "Listing", "data": {"modhash": "", "dist": 1, "children": [{"kind": "t3", "data": {"approved_at_utc": null, "subreddit": "AskHistorians", "selftext": "", "user_reports": [], "saved": false, "mod_reason_title": null, "gilded": 0, "clicked": false, "title": "What's the scholarly value of attempts to replicate historic practices through experimentation, absent written records? (E.G., martial arts, construction, sailing, etc)", "link_flair_richtext": [], "subreddit_name_prefixed": "r/AskHistorians", "hidden": false, "pwls": 6, "link_flair_css_class": null, "downs": 0, "parent_whitelist_status": "all_ads", "hide_score": false, "name": "t3_dc0pu1", "quarantine": false, "link_flair_text_color": "dark", "upvote_ratio": 0.57, "author_flair_background_color": null, "subreddit_type": "public", "ups": 1, "total_awards_received": 0, "media_embed": {}, "author_flair_template_id": null, "is_original_content": false, "author_fullname": "t2_163an18h", "secure_media": null, "is_reddit_media_domain": false, "is_meta": false, "category": null, "secure_media_embed": {}, "link_flair_text": null, "can_mod_post": false, "num_duplicates": 1, "approved_by": null, "thumbnail": "", "edited": false, "author_flair_css_class": null, "steward_reports": [], "author_flair_richtext": [], "gildings": {}, "content_categories": null, "is_self": true, "mod_note": null, "created": 1569996403.0, "link_flair_type": "text", "wls": 6, "banned_by": null, "author_flair_type": "text", "domain": "self.AskHistorians", "allow_live_comments": false, "selftext_html": null, "likes": null, "suggested_sort": null, "banned_at_utc": null, "view_count": null, "archived": false, "score": 1, "no_follow": true, "is_crosspostable": false, "pinned": false, "over_18": false, "all_awardings": [], "awarders": [], "media_only": false, "can_gild": false, "spoiler": false, "locked": false, "author_flair_text": null, "visited": false, "removed_by": null, "num_reports": null, "distinguished": null, "subreddit_id": "t5_2ssp3", "mod_reason_by": null, "removal_reason": null, "link_flair_background_color": "", "id": "dc0pu1", "is_robot_indexable": true, "report_reasons": null, "author": "9XsOeLc0SdGjbqbedCnt", "discussion_type": null, "num_comments": 3, "send_replies": true, "media": null, "contest_mode": false, "author_patreon_flair": false, "author_flair_text_color": null, "permalink": "/r/AskHistorians/comments/dc0pu1/whats_the_scholarly_value_of_attempts_to/", "whitelist_status": "all_ads", "stickied": false, "url": "https://www.reddit.com/r/AskHistorians/comments/dc0pu1/whats_the_scholarly_value_of_attempts_to/", "subreddit_subscribers": 1040610, "created_utc": 1569967603.0, "num_crossposts": 0, "mod_reports": [], "is_video": false}}], "after": null, "before": null}}, {"kind": "Listing", "data": {"modhash": "", "dist": null, "children": [{"kind": "t1", "data": {"total_awards_received": 0, "approved_at_utc": null, "ups": 1, "awarders": [], "mod_reason_by": null, "banned_by": null, "author_flair_type": "richtext", "removal_reason": null, "link_id": "t3_dc0pu1", "author_flair_template_id": "9e641f94-c626-11e2-8e2c-12313b0b21ae", "likes": null, "replies": "", "user_reports": [], "saved": false, "id": "f257aw1", "banned_at_utc": null, "mod_reason_title": null, "gilded": 0, "archived": false, "no_follow": true, "author": "AutoModerator", "can_mod_post": false, "send_replies": false, "parent_id": "t3_dc0pu1", "score": 1, "author_fullname": "t2_6l4z3", "report_reasons": null, "approved_by": null, "all_awardings": [], "subreddit_id": "t5_2ssp3", "body": "Welcome to /r/AskHistorians. **Please be sure to [Read Our Rules](https://www.reddit.com/r/AskHistorians/wiki/rules) before you contribute to this community**.  \n\nWe thank you for your interest in this *question*, and your patience in waiting for an in-depth and comprehensive answer to be written, which takes time. Please consider **[Clicking Here for RemindMeBot](https://www.reddit.com/message/compose/?to=RemindMeBot&amp;subject=Reminder&amp;message=%5Bhttps://www.reddit.com/r/AskHistorians/comments/dc0pu1/whats_the_scholarly_value_of_attempts_to/%5D%0A%0ARemindMe!++2+days)**, or using [these alternatives](/r/AskHistorians/comments/8p0s9b/roundtable_21_be_kindremind_the_mod_approved/). In the meantime our [Twitter](https://twitter.com/askhistorians), [Facebook](https://www.facebook.com/askhistorians/), and [Sunday Digest](https://www.reddit.com/r/AskHistorians/search?q=title%3A%22Sunday+Digest%22&amp;restrict_sr=on&amp;sort=new&amp;t=all) feature excellent content that has already been written!\n\n[Please leave feedback on this test message here.](https://www.reddit.com/r/AskHistorians/comments/btz9o5/testing_testing_123_well_be_trying_out_an/)\n\n\n*I am a bot, and this action was performed automatically. Please [contact the moderators of this subreddit](/message/compose/?to=/r/AskHistorians) if you have any questions or concerns.*", "edited": false, "author_flair_css_class": "moderator", "steward_reports": [], "is_submitter": false, "downs": 0, "author_flair_richtext": [{"e": "text", "t": "History of Robotics"}], "author_patreon_flair": false, "body_html": "&lt;div class=\"md\"&gt;&lt;p&gt;Welcome to &lt;a href=\"/r/AskHistorians\"&gt;/r/AskHistorians&lt;/a&gt;. &lt;strong&gt;Please be sure to &lt;a href=\"https://www.reddit.com/r/AskHistorians/wiki/rules\"&gt;Read Our Rules&lt;/a&gt; before you contribute to this community&lt;/strong&gt;.  &lt;/p&gt;\n\n&lt;p&gt;We thank you for your interest in this &lt;em&gt;question&lt;/em&gt;, and your patience in waiting for an in-depth and comprehensive answer to be written, which takes time. Please consider &lt;strong&gt;&lt;a href=\"https://www.reddit.com/message/compose/?to=RemindMeBot&amp;amp;subject=Reminder&amp;amp;message=%5Bhttps://www.reddit.com/r/AskHistorians/comments/dc0pu1/whats_the_scholarly_value_of_attempts_to/%5D%0A%0ARemindMe!++2+days\"&gt;Clicking Here for RemindMeBot&lt;/a&gt;&lt;/strong&gt;, or using &lt;a href=\"/r/AskHistorians/comments/8p0s9b/roundtable_21_be_kindremind_the_mod_approved/\"&gt;these alternatives&lt;/a&gt;. In the meantime our &lt;a href=\"https://twitter.com/askhistorians\"&gt;Twitter&lt;/a&gt;, &lt;a href=\"https://www.facebook.com/askhistorians/\"&gt;Facebook&lt;/a&gt;, and &lt;a href=\"https://www.reddit.com/r/AskHistorians/search?q=title%3A%22Sunday+Digest%22&amp;amp;restrict_sr=on&amp;amp;sort=new&amp;amp;t=all\"&gt;Sunday Digest&lt;/a&gt; feature excellent content that has already been written!&lt;/p&gt;\n\n&lt;p&gt;&lt;a href=\"https://www.reddit.com/r/AskHistorians/comments/btz9o5/testing_testing_123_well_be_trying_out_an/\"&gt;Please leave feedback on this test message here.&lt;/a&gt;&lt;/p&gt;\n\n&lt;p&gt;&lt;em&gt;I am a bot, and this action was performed automatically. Please &lt;a href=\"/message/compose/?to=/r/AskHistorians\"&gt;contact the moderators of this subreddit&lt;/a&gt; if you have any questions or concerns.&lt;/em&gt;&lt;/p&gt;\n&lt;/div&gt;", "gildings": {}, "collapsed_reason": null, "associated_award": null, "stickied": true, "subreddit_type": "public", "can_gild": true, "subreddit": "AskHistorians", "author_flair_text_color": "light", "score_hidden": true, "permalink": "/r/AskHistorians/comments/dc0pu1/whats_the_scholarly_value_of_attempts_to/f257aw1/", "num_reports": null, "locked": true, "name": "t1_f257aw1", "created": 1569996403.0, "author_flair_text": "History of Robotics", "collapsed": false, "created_utc": 1569967603.0, "subreddit_name_prefixed": "r/AskHistorians", "controversiality": 0, "depth": 0, "author_flair_background_color": "#8b008b", "mod_reports": [], "mod_note": null, "distinguished": "moderator"}}, {"kind": "t1", "data": {"total_awards_received": 0, "approved_at_utc": null, "ups": 3, "awarders": [], "mod_reason_by": null, "banned_by": null, "author_flair_type": "richtext", "removal_reason": null, "link_id": "t3_dc0pu1", "author_flair_template_id": "98d8fdba-c626-11e2-bd52-12313b06caaf", "likes": null, "replies": {"kind": "Listing", "data": {"modhash": "", "dist": null, "children": [{"kind": "t1", "data": {"total_awards_received": 0, "approved_at_utc": null, "ups": 1, "awarders": [], "mod_reason_by": null, "banned_by": null, "author_flair_type": "text", "removal_reason": null, "link_id": "t3_dc0pu1", "author_flair_template_id": null, "likes": null, "replies": "", "user_reports": [], "saved": false, "id": "f2da9gz", "banned_at_utc": null, "mod_reason_title": null, "gilded": 0, "archived": false, "no_follow": true, "author": "9XsOeLc0SdGjbqbedCnt", "can_mod_post": false, "send_replies": true, "parent_id": "t1_f29a441", "score": 1, "author_fullname": "t2_163an18h", "report_reasons": null, "approved_by": null, "all_awardings": [], "subreddit_id": "t5_2ssp3", "body": "Thank you!", "edited": false, "author_flair_css_class": null, "steward_reports": [], "is_submitter": true, "downs": 0, "author_flair_richtext": [], "author_patreon_flair": false, "body_html": "&lt;div class=\"md\"&gt;&lt;p&gt;Thank you!&lt;/p&gt;\n&lt;/div&gt;", "gildings": {}, "collapsed_reason": null, "associated_award": null, "stickied": false, "subreddit_type": "public", "can_gild": true, "subreddit": "AskHistorians", "author_flair_text_color": null, "score_hidden": false, "permalink": "/r/AskHistorians/comments/dc0pu1/whats_the_scholarly_value_of_attempts_to/f2da9gz/", "num_reports": null, "locked": false, "name": "t1_f2da9gz", "created": 1570178112.0, "author_flair_text": null, "collapsed": false, "created_utc": 1570149312.0, "subreddit_name_prefixed": "r/AskHistorians", "controversiality": 0, "depth": 1, "author_flair_background_color": null, "mod_reports": [], "mod_note": null, "distinguished": null}}], "after": null, "before": null}}, "user_reports": [], "saved": false, "id": "f29a441", "banned_at_utc": null, "mod_reason_title": null, "gilded": 0, "archived": false, "no_follow": true, "author": "wotan_weevil", "can_mod_post": false, "send_replies": true, "parent_id": "t3_dc0pu1", "score": 3, "author_fullname": "t2_uu09h", "report_reasons": null, "approved_by": null, "all_awardings": [], "subreddit_id": "t5_2ssp3", "body": "This, \"experimental archaeology\" as it is called, is of huge value. While it can be (and is) done in the absence of written records, it can be easier, more reliable, and with more useful results, when written records are available (just as archaeology can be a useful source of data for history, history can also be a useful source for archaeology).\n\nExperimental archaeology goes back to the 19th century (if not earlier). For example:\n\n* Pitt-Rivers Lane Fox, A. (1876) \"Excavations in Cissbury Camp, Sussex\". *Journal of the Anthropological\nInstitute of Great Britain and Ireland*, vol. 5: 357\u201390.\n\nincludes experimental archaeology.\n\nDespite its potential usefulness, experimental archaeology is somewhat of a fringe field. Partly, this results from the skills required to do it well - to study how to use technology/artifact \"A\" to do task \"B\" can require knowing how to do task \"B\" with other technologies, and this can restrict the number of people who are capable of doing this work well. Experimental archaeology can also be expensive in money, time, and labour - witness the trireme *Olympias*, which cost $700,000 (1989 US dollars) and took two years to build, and needs a crew of 200:\n\n* Coates, J. (1989). \"The Trireme Sails Again\". *Scientific American*, 260(4), 96-105. http://www.jstor.org/stable/24987219\n\n* https://www.youtube.com/watch?v=7da52cJLwW8\n\nPartly, the fringeness of the field results from poor quality work (including work by both professionals and amateurs), and misuse of the results.\n\nThe limitations of experimental archaeology need to be kept in mind, and they are not always kept in mind. Just because we find that technology/artifact A can be used for B, it doesn't mean that A was used for B. An experimental archaeologist might find that a spanner can be used to drive nails, but a spanner is not a nailing tool. If we fail to discover how to use A for B, it doesn't mean that A wasn't used for B. We might find that a replica linothorax made of layers of linen glued together works:\n\n* Aldrete, Gregory S., et al. *Reconstructing Ancient Linen Body Armor: Unraveling the Linothorax Mystery*, Johns Hopkins University Press, 2013.\n\nbut it doesn't mean that the historical linothorax was made in this way. Solution to part of this problem is to do many more tests. But this brute-force approach runs into the time and money problem. One method is to use computational simulations rather than physical tests. I discussed this at the end of my reply to https://www.reddit.com/r/AskHistorians/comments/d8e5yf/what_is_computational_history_and_how_useful_are/ earlier today.\n\nFor an early history of experimental archaeology, see:\n\n* Coles, J. M. 1979. *Experimental archaeology*, London, Academic Press.\n\nFor some newer works covering the history of the field and presenting a modern overview, see:\n\n* Flores, Jodi Reeves, and Roeland Paardekooper (eds), *Experiments Past: Histories of Experimental experiments Archaeology*, Sidestone Press, 2014.\n\n* Millson, Dana C. E. *Experimentation and Interpretation: The Use of Experimental Archaeology in the Study of the Past*, Oxbow Books, 2010.", "edited": false, "author_flair_css_class": "qualitycontributor", "steward_reports": [], "is_submitter": false, "downs": 0, "author_flair_richtext": [{"e": "text", "t": "Quality Contributor"}], "author_patreon_flair": false, "body_html": "&lt;div class=\"md\"&gt;&lt;p&gt;This, &amp;quot;experimental archaeology&amp;quot; as it is called, is of huge value. While it can be (and is) done in the absence of written records, it can be easier, more reliable, and with more useful results, when written records are available (just as archaeology can be a useful source of data for history, history can also be a useful source for archaeology).&lt;/p&gt;\n\n&lt;p&gt;Experimental archaeology goes back to the 19th century (if not earlier). For example:&lt;/p&gt;\n\n&lt;ul&gt;\n&lt;li&gt;Pitt-Rivers Lane Fox, A. (1876) &amp;quot;Excavations in Cissbury Camp, Sussex&amp;quot;. &lt;em&gt;Journal of the Anthropological\nInstitute of Great Britain and Ireland&lt;/em&gt;, vol. 5: 357\u201390.&lt;/li&gt;\n&lt;/ul&gt;\n\n&lt;p&gt;includes experimental archaeology.&lt;/p&gt;\n\n&lt;p&gt;Despite its potential usefulness, experimental archaeology is somewhat of a fringe field. Partly, this results from the skills required to do it well - to study how to use technology/artifact &amp;quot;A&amp;quot; to do task &amp;quot;B&amp;quot; can require knowing how to do task &amp;quot;B&amp;quot; with other technologies, and this can restrict the number of people who are capable of doing this work well. Experimental archaeology can also be expensive in money, time, and labour - witness the trireme &lt;em&gt;Olympias&lt;/em&gt;, which cost $700,000 (1989 US dollars) and took two years to build, and needs a crew of 200:&lt;/p&gt;\n\n&lt;ul&gt;\n&lt;li&gt;&lt;p&gt;Coates, J. (1989). &amp;quot;The Trireme Sails Again&amp;quot;. &lt;em&gt;Scientific American&lt;/em&gt;, 260(4), 96-105. &lt;a href=\"http://www.jstor.org/stable/24987219\"&gt;http://www.jstor.org/stable/24987219&lt;/a&gt;&lt;/p&gt;&lt;/li&gt;\n&lt;li&gt;&lt;p&gt;&lt;a href=\"https://www.youtube.com/watch?v=7da52cJLwW8\"&gt;https://www.youtube.com/watch?v=7da52cJLwW8&lt;/a&gt;&lt;/p&gt;&lt;/li&gt;\n&lt;/ul&gt;\n\n&lt;p&gt;Partly, the fringeness of the field results from poor quality work (including work by both professionals and amateurs), and misuse of the results.&lt;/p&gt;\n\n&lt;p&gt;The limitations of experimental archaeology need to be kept in mind, and they are not always kept in mind. Just because we find that technology/artifact A can be used for B, it doesn&amp;#39;t mean that A was used for B. An experimental archaeologist might find that a spanner can be used to drive nails, but a spanner is not a nailing tool. If we fail to discover how to use A for B, it doesn&amp;#39;t mean that A wasn&amp;#39;t used for B. We might find that a replica linothorax made of layers of linen glued together works:&lt;/p&gt;\n\n&lt;ul&gt;\n&lt;li&gt;Aldrete, Gregory S., et al. &lt;em&gt;Reconstructing Ancient Linen Body Armor: Unraveling the Linothorax Mystery&lt;/em&gt;, Johns Hopkins University Press, 2013.&lt;/li&gt;\n&lt;/ul&gt;\n\n&lt;p&gt;but it doesn&amp;#39;t mean that the historical linothorax was made in this way. Solution to part of this problem is to do many more tests. But this brute-force approach runs into the time and money problem. One method is to use computational simulations rather than physical tests. I discussed this at the end of my reply to &lt;a href=\"https://www.reddit.com/r/AskHistorians/comments/d8e5yf/what_is_computational_history_and_how_useful_are/\"&gt;https://www.reddit.com/r/AskHistorians/comments/d8e5yf/what_is_computational_history_and_how_useful_are/&lt;/a&gt; earlier today.&lt;/p&gt;\n\n&lt;p&gt;For an early history of experimental archaeology, see:&lt;/p&gt;\n\n&lt;ul&gt;\n&lt;li&gt;Coles, J. M. 1979. &lt;em&gt;Experimental archaeology&lt;/em&gt;, London, Academic Press.&lt;/li&gt;\n&lt;/ul&gt;\n\n&lt;p&gt;For some newer works covering the history of the field and presenting a modern overview, see:&lt;/p&gt;\n\n&lt;ul&gt;\n&lt;li&gt;&lt;p&gt;Flores, Jodi Reeves, and Roeland Paardekooper (eds), &lt;em&gt;Experiments Past: Histories of Experimental experiments Archaeology&lt;/em&gt;, Sidestone Press, 2014.&lt;/p&gt;&lt;/li&gt;\n&lt;li&gt;&lt;p&gt;Millson, Dana C. E. &lt;em&gt;Experimentation and Interpretation: The Use of Experimental Archaeology in the Study of the Past&lt;/em&gt;, Oxbow Books, 2010.&lt;/p&gt;&lt;/li&gt;\n&lt;/ul&gt;\n&lt;/div&gt;", "gildings": {}, "collapsed_reason": null, "associated_award": null, "stickied": false, "subreddit_type": "public", "can_gild": true, "subreddit": "AskHistorians", "author_flair_text_color": "light", "score_hidden": false, "permalink": "/r/AskHistorians/comments/dc0pu1/whats_the_scholarly_value_of_attempts_to/f29a441/", "num_reports": null, "locked": false, "name": "t1_f29a441", "created": 1570116683.0, "author_flair_text": "Quality Contributor", "collapsed": false, "created_utc": 1570087883.0, "subreddit_name_prefixed": "r/AskHistorians", "controversiality": 0, "depth": 0, "author_flair_background_color": "#b87317", "mod_reports": [], "mod_note": null, "distinguished": null}}], "after": null, "before": null}}]