[{"kind": "Listing", "data": {"modhash": "", "dist": 1, "children": [{"kind": "t3", "data": {"approved_at_utc": null, "subreddit": "AskHistorians", "selftext": "As the title said. Did Napoleon actually have credible alternatives to trying to crush the Tsar in open battle on Russian ground? If so, what were they?", "user_reports": [], "saved": false, "mod_reason_title": null, "gilded": 0, "clicked": false, "title": "What were Napoleon's alternatives to invading Russia after 1810?", "link_flair_richtext": [], "subreddit_name_prefixed": "r/AskHistorians", "hidden": false, "pwls": 6, "link_flair_css_class": null, "downs": 0, "parent_whitelist_status": "all_ads", "hide_score": false, "name": "t3_ampv22", "quarantine": false, "link_flair_text_color": "dark", "upvote_ratio": 0.89, "author_flair_background_color": null, "subreddit_type": "public", "ups": 12, "domain": "self.AskHistorians", "media_embed": {}, "author_flair_template_id": null, "is_original_content": false, "author_fullname": "t2_hpgvk", "secure_media": null, "is_reddit_media_domain": false, "is_meta": false, "category": null, "secure_media_embed": {}, "link_flair_text": null, "can_mod_post": false, "score": 12, "approved_by": null, "thumbnail": "", "edited": false, "author_flair_css_class": null, "author_flair_richtext": [], "gildings": {"gid_1": 0, "gid_2": 0, "gid_3": 0}, "content_categories": null, "is_self": true, "mod_note": null, "created": 1549203104.0, "link_flair_type": "text", "wls": 6, "banned_by": null, "author_flair_type": "text", "contest_mode": false, "selftext_html": "&lt;!-- SC_OFF --&gt;&lt;div class=\"md\"&gt;&lt;p&gt;As the title said. Did Napoleon actually have credible alternatives to trying to crush the Tsar in open battle on Russian ground? If so, what were they?&lt;/p&gt;\n&lt;/div&gt;&lt;!-- SC_ON --&gt;", "likes": null, "suggested_sort": null, "banned_at_utc": null, "view_count": null, "archived": false, "no_follow": false, "is_crosspostable": false, "pinned": false, "over_18": false, "media": null, "media_only": false, "link_flair_template_id": null, "can_gild": false, "spoiler": false, "locked": false, "author_flair_text": null, "visited": false, "num_reports": null, "distinguished": null, "subreddit_id": "t5_2ssp3", "mod_reason_by": null, "removal_reason": null, "link_flair_background_color": "", "id": "ampv22", "is_robot_indexable": true, "report_reasons": null, "author": "BrainBlowX", "num_crossposts": 0, "num_comments": 1, "send_replies": true, "author_patreon_flair": false, "author_flair_text_color": null, "permalink": "/r/AskHistorians/comments/ampv22/what_were_napoleons_alternatives_to_invading/", "whitelist_status": "all_ads", "stickied": false, "url": "https://www.reddit.com/r/AskHistorians/comments/ampv22/what_were_napoleons_alternatives_to_invading/", "subreddit_subscribers": 921115, "created_utc": 1549203104.0, "mod_reports": [], "is_video": false}}], "after": null, "before": null}}, {"kind": "Listing", "data": {"modhash": "", "dist": null, "children": [{"kind": "t1", "data": {"subreddit_id": "t5_2ssp3", "approved_at_utc": null, "mod_reason_by": null, "banned_by": null, "author_flair_type": "text", "removal_reason": null, "link_id": "t3_ampv22", "author_flair_template_id": null, "likes": null, "no_follow": true, "replies": "", "user_reports": [], "saved": false, "id": "efwl3h1", "banned_at_utc": null, "mod_reason_title": null, "gilded": 0, "archived": false, "report_reasons": null, "author": "theprofessor34", "can_mod_post": false, "created_utc": 1549494099.0, "send_replies": true, "parent_id": "t3_ampv22", "score": 2, "author_fullname": "t2_bl4im", "approved_by": null, "controversiality": 0, "body": "So I am far from a historian and been I'm sure others will have much more info but I'll toss in some info from my understanding.\n\nHe could have just not invaded or not gone as far.\n\nSo Napoleon was worried about Russia calling up and trainning more and more of her massive population for the army and just being too large. He was also concerned with Austria and Prussia joining Russia and just being too powerful to deal with.\n\nSo he could have just waited and let Russia come to him, but he risked losing some of his allies in the area such as saxony, Bavaria and the duchy or warsaw.\n\nHe could have also just not gone all the way to Moscow or set up winter camp and go to Moscow in the spring.\n\nNapoleon had no intention of going to Moscow at the start of his campaign. He thought he would force a large battle with the Russian army, win, and then the Czar would sue for peace. Unfortunately the Russian strategy was just to pull back and stuck Napolean deep into Russia and stretch his supply lines too thin. \n\nNapoleon really wanted that battle victory and kept chasing the Russian army until it was too late and they were too deep.\n\nAnother error on Napoleons strategy was that he helped one of his generals become the king of Sweden, and he assumed that Sweden would open a northern front to weaken the Russians. Turns out that general was not that big of a Napoleon fan and formed an alliance with Russia instead.\n\nThe entire invasion is riddled with bad choices. A large number of generals wanted to stop and go into winter camp around the end of August I believe, however Napoleon thought he had time to make it to Moscow and back.\nHe also waited in Moscow for too long waiting for a response from the Czar about a peace deal that the Czar was never going to accept. \n\n\nAnyways I know this is not the best response but hope it helps a little until someone more knowledgeable comments.\n\nIf you are interested then i would recommend the book Napoleon: A Life.\n\n\nVery interestingg\n\n\n\n", "edited": false, "author_flair_css_class": null, "is_submitter": false, "downs": 0, "author_flair_richtext": [], "author_patreon_flair": false, "collapsed_reason": null, "body_html": "&lt;div class=\"md\"&gt;&lt;p&gt;So I am far from a historian and been I&amp;#39;m sure others will have much more info but I&amp;#39;ll toss in some info from my understanding.&lt;/p&gt;\n\n&lt;p&gt;He could have just not invaded or not gone as far.&lt;/p&gt;\n\n&lt;p&gt;So Napoleon was worried about Russia calling up and trainning more and more of her massive population for the army and just being too large. He was also concerned with Austria and Prussia joining Russia and just being too powerful to deal with.&lt;/p&gt;\n\n&lt;p&gt;So he could have just waited and let Russia come to him, but he risked losing some of his allies in the area such as saxony, Bavaria and the duchy or warsaw.&lt;/p&gt;\n\n&lt;p&gt;He could have also just not gone all the way to Moscow or set up winter camp and go to Moscow in the spring.&lt;/p&gt;\n\n&lt;p&gt;Napoleon had no intention of going to Moscow at the start of his campaign. He thought he would force a large battle with the Russian army, win, and then the Czar would sue for peace. Unfortunately the Russian strategy was just to pull back and stuck Napolean deep into Russia and stretch his supply lines too thin. &lt;/p&gt;\n\n&lt;p&gt;Napoleon really wanted that battle victory and kept chasing the Russian army until it was too late and they were too deep.&lt;/p&gt;\n\n&lt;p&gt;Another error on Napoleons strategy was that he helped one of his generals become the king of Sweden, and he assumed that Sweden would open a northern front to weaken the Russians. Turns out that general was not that big of a Napoleon fan and formed an alliance with Russia instead.&lt;/p&gt;\n\n&lt;p&gt;The entire invasion is riddled with bad choices. A large number of generals wanted to stop and go into winter camp around the end of August I believe, however Napoleon thought he had time to make it to Moscow and back.\nHe also waited in Moscow for too long waiting for a response from the Czar about a peace deal that the Czar was never going to accept. &lt;/p&gt;\n\n&lt;p&gt;Anyways I know this is not the best response but hope it helps a little until someone more knowledgeable comments.&lt;/p&gt;\n\n&lt;p&gt;If you are interested then i would recommend the book Napoleon: A Life.&lt;/p&gt;\n\n&lt;p&gt;Very interestingg&lt;/p&gt;\n&lt;/div&gt;", "stickied": false, "subreddit_type": "public", "can_gild": true, "gildings": {"gid_1": 0, "gid_2": 0, "gid_3": 0}, "author_flair_text_color": null, "score_hidden": false, "permalink": "/r/AskHistorians/comments/ampv22/what_were_napoleons_alternatives_to_invading/efwl3h1/", "num_reports": null, "name": "t1_efwl3h1", "created": 1549494099.0, "subreddit": "AskHistorians", "author_flair_text": null, "collapsed": false, "subreddit_name_prefixed": "r/AskHistorians", "ups": 2, "depth": 0, "author_flair_background_color": null, "mod_reports": [], "mod_note": null, "distinguished": null}}], "after": null, "before": null}}]