[{"kind": "Listing", "data": {"modhash": "", "dist": 1, "children": [{"kind": "t3", "data": {"approved_at_utc": null, "subreddit": "AskHistorians", "selftext": "Looking at the European nations with more than 20m people, the Corruption Perceptions Index puts:\n\nThe UK and Germany at joint 11th (they used to be 9th and 10th respectively);\n\nFrance is at 22nd place;\n\nPoland is 36th\n\nSpain is 41st\n\nItaly is 53rd\n\nTurkey is 78th\n\nUkraine is 120th\n\nRussia is 138th\n\n&amp;#x200B;\n\nWould people in the 70s, 50s, 30s, 1800s, or 1700s consider Britain and Germany the least corrupt big countries in Europe? How did it change over time? And was this actually true?  \nFor example, today British policemen have a more honest reputation than, say, Italian policemen. Would a person in 1900 think the same, and would they be right?  \n\n\n  \n", "user_reports": [], "saved": false, "mod_reason_title": null, "gilded": 0, "clicked": false, "title": "Amongst big European nations, Germany and Britain are considered the least corrupt. How long have they been perceived as having less corruption, and were they actually less corrupt historically?", "link_flair_richtext": [{"e": "text", "t": "Corruption &amp; Anti-Corruption movements"}], "subreddit_name_prefixed": "r/AskHistorians", "hidden": false, "pwls": 6, "link_flair_css_class": "theme", "downs": 0, "parent_whitelist_status": "all_ads", "hide_score": false, "name": "t3_amte4l", "quarantine": false, "link_flair_text_color": "dark", "upvote_ratio": 0.65, "author_flair_background_color": "#b87317", "subreddit_type": "public", "ups": 4, "total_awards_received": 0, "media_embed": {}, "author_flair_template_id": "98d8fdba-c626-11e2-bd52-12313b06caaf", "is_original_content": false, "author_fullname": "t2_ta999", "secure_media": null, "is_reddit_media_domain": false, "is_meta": false, "category": null, "secure_media_embed": {}, "link_flair_text": "Corruption &amp; Anti-Corruption movements", "can_mod_post": false, "num_duplicates": 0, "approved_by": null, "author_premium": false, "thumbnail": "", "edited": false, "author_flair_css_class": null, "author_flair_richtext": [{"e": "text", "t": "Interesting Inquirer"}], "gildings": {}, "content_categories": null, "is_self": true, "mod_note": null, "created": 1549253217.0, "link_flair_type": "richtext", "wls": 6, "removed_by_category": null, "banned_by": null, "author_flair_type": "richtext", "domain": "self.AskHistorians", "allow_live_comments": false, "selftext_html": "&lt;!-- SC_OFF --&gt;&lt;div class=\"md\"&gt;&lt;p&gt;Looking at the European nations with more than 20m people, the Corruption Perceptions Index puts:&lt;/p&gt;\n\n&lt;p&gt;The UK and Germany at joint 11th (they used to be 9th and 10th respectively);&lt;/p&gt;\n\n&lt;p&gt;France is at 22nd place;&lt;/p&gt;\n\n&lt;p&gt;Poland is 36th&lt;/p&gt;\n\n&lt;p&gt;Spain is 41st&lt;/p&gt;\n\n&lt;p&gt;Italy is 53rd&lt;/p&gt;\n\n&lt;p&gt;Turkey is 78th&lt;/p&gt;\n\n&lt;p&gt;Ukraine is 120th&lt;/p&gt;\n\n&lt;p&gt;Russia is 138th&lt;/p&gt;\n\n&lt;p&gt;&amp;#x200B;&lt;/p&gt;\n\n&lt;p&gt;Would people in the 70s, 50s, 30s, 1800s, or 1700s consider Britain and Germany the least corrupt big countries in Europe? How did it change over time? And was this actually true?&lt;br/&gt;\nFor example, today British policemen have a more honest reputation than, say, Italian policemen. Would a person in 1900 think the same, and would they be right?  &lt;/p&gt;\n&lt;/div&gt;&lt;!-- SC_ON --&gt;", "likes": null, "suggested_sort": null, "banned_at_utc": null, "view_count": null, "archived": true, "score": 4, "no_follow": false, "is_crosspostable": false, "pinned": false, "over_18": false, "all_awardings": [], "awarders": [], "media_only": false, "link_flair_template_id": "ecfd3bba-2e23-11e5-a3c1-0e7f0fa558f9", "can_gild": false, "spoiler": false, "locked": false, "author_flair_text": "Interesting Inquirer", "treatment_tags": [], "visited": false, "removed_by": null, "num_reports": null, "distinguished": null, "subreddit_id": "t5_2ssp3", "mod_reason_by": null, "removal_reason": null, "link_flair_background_color": "#ffc873", "id": "amte4l", "is_robot_indexable": true, "report_reasons": null, "author": "The_Manchurian", "discussion_type": null, "num_comments": 0, "send_replies": true, "media": null, "contest_mode": false, "author_patreon_flair": false, "author_flair_text_color": "light", "permalink": "/r/AskHistorians/comments/amte4l/amongst_big_european_nations_germany_and_britain/", "whitelist_status": "all_ads", "stickied": false, "url": "https://www.reddit.com/r/AskHistorians/comments/amte4l/amongst_big_european_nations_germany_and_britain/", "subreddit_subscribers": 1160955, "created_utc": 1549224417.0, "num_crossposts": 0, "mod_reports": [], "is_video": false}}], "after": null, "before": null}}, {"kind": "Listing", "data": {"modhash": "", "dist": null, "children": [], "after": null, "before": null}}]