[{"kind": "Listing", "data": {"modhash": "", "dist": 1, "children": [{"kind": "t3", "data": {"approved_at_utc": null, "subreddit": "AskHistorians", "selftext": "During the Vietnam war, people got weekly, if not daily, updates of the war (e.g. casualties). Decades before smartphones people had a good idea of what it was like in the front lines with reporters in every city. \n\nNow, most Americans don't completely know which country we were and are currently active in. A random person on the streets would have a hard time figuring out any casualty numbers without the internet. \n\nDespite every Soldiers having smartphones and some GoPros, most Americans have no idea what it's like on deployment to the Middle East. We know more about what it's like to be stationed in Germany or South Korea (which is good for recruiting). \n\nWhy is that? Why are we so ignorant about how we spend trillions of dollars of money? What made Vietnam different? ", "user_reports": [], "saved": false, "mod_reason_title": null, "gilded": 0, "clicked": false, "title": "Why was Vietnam better reported than modern wars?", "link_flair_richtext": [], "subreddit_name_prefixed": "r/AskHistorians", "hidden": false, "pwls": 6, "link_flair_css_class": null, "downs": 0, "parent_whitelist_status": "all_ads", "hide_score": false, "name": "t3_amu1yd", "quarantine": false, "link_flair_text_color": "dark", "upvote_ratio": 0.55, "author_flair_background_color": "", "subreddit_type": "public", "ups": 1, "total_awards_received": 0, "media_embed": {}, "author_flair_template_id": null, "is_original_content": false, "secure_media": null, "is_reddit_media_domain": false, "is_meta": false, "category": null, "secure_media_embed": {}, "link_flair_text": null, "can_mod_post": false, "num_duplicates": 0, "approved_by": null, "thumbnail": "", "edited": false, "author_flair_css_class": null, "gildings": {}, "content_categories": null, "is_self": true, "mod_note": null, "created": 1549256918.0, "link_flair_type": "text", "wls": 6, "removed_by_category": null, "banned_by": null, "domain": "self.AskHistorians", "allow_live_comments": false, "selftext_html": "&lt;!-- SC_OFF --&gt;&lt;div class=\"md\"&gt;&lt;p&gt;During the Vietnam war, people got weekly, if not daily, updates of the war (e.g. casualties). Decades before smartphones people had a good idea of what it was like in the front lines with reporters in every city. &lt;/p&gt;\n\n&lt;p&gt;Now, most Americans don&amp;#39;t completely know which country we were and are currently active in. A random person on the streets would have a hard time figuring out any casualty numbers without the internet. &lt;/p&gt;\n\n&lt;p&gt;Despite every Soldiers having smartphones and some GoPros, most Americans have no idea what it&amp;#39;s like on deployment to the Middle East. We know more about what it&amp;#39;s like to be stationed in Germany or South Korea (which is good for recruiting). &lt;/p&gt;\n\n&lt;p&gt;Why is that? Why are we so ignorant about how we spend trillions of dollars of money? What made Vietnam different? &lt;/p&gt;\n&lt;/div&gt;&lt;!-- SC_ON --&gt;", "likes": null, "suggested_sort": null, "banned_at_utc": null, "view_count": null, "archived": true, "score": 1, "no_follow": true, "is_crosspostable": false, "pinned": false, "over_18": false, "all_awardings": [], "awarders": [], "media_only": false, "can_gild": false, "spoiler": false, "locked": false, "author_flair_text": null, "treatment_tags": [], "visited": false, "removed_by": null, "num_reports": null, "distinguished": null, "subreddit_id": "t5_2ssp3", "mod_reason_by": null, "removal_reason": null, "link_flair_background_color": "", "id": "amu1yd", "is_robot_indexable": true, "report_reasons": null, "author": "[deleted]", "discussion_type": null, "num_comments": 0, "send_replies": true, "media": null, "contest_mode": false, "author_flair_text_color": "dark", "permalink": "/r/AskHistorians/comments/amu1yd/why_was_vietnam_better_reported_than_modern_wars/", "whitelist_status": "all_ads", "stickied": false, "url": "https://www.reddit.com/r/AskHistorians/comments/amu1yd/why_was_vietnam_better_reported_than_modern_wars/", "subreddit_subscribers": 1160955, "created_utc": 1549228118.0, "num_crossposts": 0, "mod_reports": [], "is_video": false}}], "after": null, "before": null}}, {"kind": "Listing", "data": {"modhash": "", "dist": null, "children": [], "after": null, "before": null}}]