[{"kind": "Listing", "data": {"modhash": "", "dist": 1, "children": [{"kind": "t3", "data": {"approved_at_utc": null, "subreddit": "AskHistorians", "selftext": "I can only find one reference to anything like this, located here:\n\n [http://www.norwayheritage.com/articles/templates/great-disasters.asp?articleid=96&amp;zoneid=1](http://www.norwayheritage.com/articles/templates/great-disasters.asp?articleid=96&amp;zoneid=1) \n\nwhich discusses a collision between the Thingvalla and the Geiser in 1888 which resulted in a rescue. My great grandmother was born in 1904 and died in 2009, so that wouldn't be that one. She came over very young, but she apparently remembered it.\n\nBasically, I'm trying to find the actual ship that she arrived on, and I'm trying to find a ship's manifest with her name or family name on it. Any direction I could look would be helpful. Thanks!", "user_reports": [], "saved": false, "mod_reason_title": null, "gilded": 0, "clicked": false, "title": "My great grandmother allegedly came over on the \"Thingvalla,\" which she claimed hit an iceberg and was rescued by another ship. Trying to find information on this.", "link_flair_richtext": [], "subreddit_name_prefixed": "r/AskHistorians", "hidden": false, "pwls": 6, "link_flair_css_class": null, "downs": 0, "parent_whitelist_status": "all_ads", "hide_score": false, "name": "t3_dclibm", "quarantine": false, "link_flair_text_color": "dark", "upvote_ratio": 0.91, "author_flair_background_color": null, "subreddit_type": "public", "ups": 8, "total_awards_received": 0, "media_embed": {}, "author_flair_template_id": null, "is_original_content": false, "author_fullname": "t2_14ydsm", "secure_media": null, "is_reddit_media_domain": false, "is_meta": false, "category": null, "secure_media_embed": {}, "link_flair_text": null, "can_mod_post": false, "num_duplicates": 0, "approved_by": null, "thumbnail": "", "edited": false, "author_flair_css_class": null, "steward_reports": [], "author_flair_richtext": [], "gildings": {}, "content_categories": null, "is_self": true, "mod_note": null, "created": 1570102944.0, "link_flair_type": "text", "wls": 6, "banned_by": null, "author_flair_type": "text", "domain": "self.AskHistorians", "allow_live_comments": false, "selftext_html": "&lt;!-- SC_OFF --&gt;&lt;div class=\"md\"&gt;&lt;p&gt;I can only find one reference to anything like this, located here:&lt;/p&gt;\n\n&lt;p&gt;&lt;a href=\"http://www.norwayheritage.com/articles/templates/great-disasters.asp?articleid=96&amp;amp;zoneid=1\"&gt;http://www.norwayheritage.com/articles/templates/great-disasters.asp?articleid=96&amp;amp;zoneid=1&lt;/a&gt; &lt;/p&gt;\n\n&lt;p&gt;which discusses a collision between the Thingvalla and the Geiser in 1888 which resulted in a rescue. My great grandmother was born in 1904 and died in 2009, so that wouldn&amp;#39;t be that one. She came over very young, but she apparently remembered it.&lt;/p&gt;\n\n&lt;p&gt;Basically, I&amp;#39;m trying to find the actual ship that she arrived on, and I&amp;#39;m trying to find a ship&amp;#39;s manifest with her name or family name on it. Any direction I could look would be helpful. Thanks!&lt;/p&gt;\n&lt;/div&gt;&lt;!-- SC_ON --&gt;", "likes": null, "suggested_sort": null, "banned_at_utc": null, "view_count": null, "archived": false, "score": 8, "no_follow": true, "is_crosspostable": false, "pinned": false, "over_18": false, "all_awardings": [], "awarders": [], "media_only": false, "can_gild": false, "spoiler": false, "locked": false, "author_flair_text": null, "visited": false, "removed_by": null, "num_reports": null, "distinguished": null, "subreddit_id": "t5_2ssp3", "mod_reason_by": null, "removal_reason": null, "link_flair_background_color": "", "id": "dclibm", "is_robot_indexable": true, "report_reasons": null, "author": "liamemsa", "discussion_type": null, "num_comments": 5, "send_replies": true, "media": null, "contest_mode": false, "author_patreon_flair": false, "author_flair_text_color": null, "permalink": "/r/AskHistorians/comments/dclibm/my_great_grandmother_allegedly_came_over_on_the/", "whitelist_status": "all_ads", "stickied": false, "url": "https://www.reddit.com/r/AskHistorians/comments/dclibm/my_great_grandmother_allegedly_came_over_on_the/", "subreddit_subscribers": 1040615, "created_utc": 1570074144.0, "num_crossposts": 0, "mod_reports": [], "is_video": false}}], "after": null, "before": null}}, {"kind": "Listing", "data": {"modhash": "", "dist": null, "children": [{"kind": "t1", "data": {"total_awards_received": 0, "approved_at_utc": null, "ups": 1, "awarders": [], "mod_reason_by": null, "banned_by": null, "author_flair_type": "richtext", "removal_reason": null, "link_id": "t3_dclibm", "author_flair_template_id": "9e641f94-c626-11e2-8e2c-12313b0b21ae", "likes": null, "replies": "", "user_reports": [], "saved": false, "id": "f28yd6n", "banned_at_utc": null, "mod_reason_title": null, "gilded": 0, "archived": false, "no_follow": true, "author": "AutoModerator", "can_mod_post": false, "send_replies": false, "parent_id": "t3_dclibm", "score": 1, "author_fullname": "t2_6l4z3", "report_reasons": null, "approved_by": null, "all_awardings": [], "subreddit_id": "t5_2ssp3", "body": "Welcome to /r/AskHistorians. **Please be sure to [Read Our Rules](https://www.reddit.com/r/AskHistorians/wiki/rules) before you contribute to this community**.  \n\nWe thank you for your interest in this *question*, and your patience in waiting for an in-depth and comprehensive answer to be written, which takes time. Please consider **[Clicking Here for RemindMeBot](https://www.reddit.com/message/compose/?to=RemindMeBot&amp;subject=Reminder&amp;message=%5Bhttps://www.reddit.com/r/AskHistorians/comments/dclibm/my_great_grandmother_allegedly_came_over_on_the/%5D%0A%0ARemindMe!++2+days)**, or using [these alternatives](/r/AskHistorians/comments/8p0s9b/roundtable_21_be_kindremind_the_mod_approved/). In the meantime our [Twitter](https://twitter.com/askhistorians), [Facebook](https://www.facebook.com/askhistorians/), and [Sunday Digest](https://www.reddit.com/r/AskHistorians/search?q=title%3A%22Sunday+Digest%22&amp;restrict_sr=on&amp;sort=new&amp;t=all) feature excellent content that has already been written!\n\n[Please leave feedback on this test message here.](https://www.reddit.com/r/AskHistorians/comments/btz9o5/testing_testing_123_well_be_trying_out_an/)\n\n\n*I am a bot, and this action was performed automatically. Please [contact the moderators of this subreddit](/message/compose/?to=/r/AskHistorians) if you have any questions or concerns.*", "edited": false, "author_flair_css_class": "moderator", "steward_reports": [], "is_submitter": false, "downs": 0, "author_flair_richtext": [{"e": "text", "t": "History of Robotics"}], "author_patreon_flair": false, "body_html": "&lt;div class=\"md\"&gt;&lt;p&gt;Welcome to &lt;a href=\"/r/AskHistorians\"&gt;/r/AskHistorians&lt;/a&gt;. &lt;strong&gt;Please be sure to &lt;a href=\"https://www.reddit.com/r/AskHistorians/wiki/rules\"&gt;Read Our Rules&lt;/a&gt; before you contribute to this community&lt;/strong&gt;.  &lt;/p&gt;\n\n&lt;p&gt;We thank you for your interest in this &lt;em&gt;question&lt;/em&gt;, and your patience in waiting for an in-depth and comprehensive answer to be written, which takes time. Please consider &lt;strong&gt;&lt;a href=\"https://www.reddit.com/message/compose/?to=RemindMeBot&amp;amp;subject=Reminder&amp;amp;message=%5Bhttps://www.reddit.com/r/AskHistorians/comments/dclibm/my_great_grandmother_allegedly_came_over_on_the/%5D%0A%0ARemindMe!++2+days\"&gt;Clicking Here for RemindMeBot&lt;/a&gt;&lt;/strong&gt;, or using &lt;a href=\"/r/AskHistorians/comments/8p0s9b/roundtable_21_be_kindremind_the_mod_approved/\"&gt;these alternatives&lt;/a&gt;. In the meantime our &lt;a href=\"https://twitter.com/askhistorians\"&gt;Twitter&lt;/a&gt;, &lt;a href=\"https://www.facebook.com/askhistorians/\"&gt;Facebook&lt;/a&gt;, and &lt;a href=\"https://www.reddit.com/r/AskHistorians/search?q=title%3A%22Sunday+Digest%22&amp;amp;restrict_sr=on&amp;amp;sort=new&amp;amp;t=all\"&gt;Sunday Digest&lt;/a&gt; feature excellent content that has already been written!&lt;/p&gt;\n\n&lt;p&gt;&lt;a href=\"https://www.reddit.com/r/AskHistorians/comments/btz9o5/testing_testing_123_well_be_trying_out_an/\"&gt;Please leave feedback on this test message here.&lt;/a&gt;&lt;/p&gt;\n\n&lt;p&gt;&lt;em&gt;I am a bot, and this action was performed automatically. Please &lt;a href=\"/message/compose/?to=/r/AskHistorians\"&gt;contact the moderators of this subreddit&lt;/a&gt; if you have any questions or concerns.&lt;/em&gt;&lt;/p&gt;\n&lt;/div&gt;", "gildings": {}, "collapsed_reason": null, "associated_award": null, "stickied": true, "subreddit_type": "public", "can_gild": true, "subreddit": "AskHistorians", "author_flair_text_color": "light", "score_hidden": true, "permalink": "/r/AskHistorians/comments/dclibm/my_great_grandmother_allegedly_came_over_on_the/f28yd6n/", "num_reports": null, "locked": true, "name": "t1_f28yd6n", "created": 1570102944.0, "author_flair_text": "History of Robotics", "collapsed": false, "created_utc": 1570074144.0, "subreddit_name_prefixed": "r/AskHistorians", "controversiality": 0, "depth": 0, "author_flair_background_color": "#8b008b", "mod_reports": [], "mod_note": null, "distinguished": "moderator"}}, {"kind": "t1", "data": {"total_awards_received": 0, "approved_at_utc": null, "ups": 3, "awarders": [], "mod_reason_by": null, "banned_by": null, "author_flair_type": "text", "removal_reason": null, "link_id": "t3_dclibm", "author_flair_template_id": null, "likes": null, "replies": {"kind": "Listing", "data": {"modhash": "", "dist": null, "children": [{"kind": "t1", "data": {"total_awards_received": 0, "approved_at_utc": null, "ups": 1, "awarders": [], "mod_reason_by": null, "banned_by": null, "author_flair_type": "text", "removal_reason": null, "link_id": "t3_dclibm", "author_flair_template_id": null, "likes": null, "replies": {"kind": "Listing", "data": {"modhash": "", "dist": null, "children": [{"kind": "t1", "data": {"total_awards_received": 0, "approved_at_utc": null, "ups": 1, "awarders": [], "mod_reason_by": null, "banned_by": null, "author_flair_type": "text", "removal_reason": null, "link_id": "t3_dclibm", "author_flair_template_id": null, "likes": null, "replies": "", "user_reports": [], "saved": false, "id": "f2av55l", "banned_at_utc": null, "mod_reason_title": null, "gilded": 0, "archived": false, "no_follow": true, "author": "gredfeorge", "can_mod_post": false, "send_replies": true, "parent_id": "t1_f2arvid", "score": 1, "author_fullname": "t2_21zijm9x", "report_reasons": null, "approved_by": null, "all_awardings": [], "subreddit_id": "t5_2ssp3", "body": "Yes, try ancestry.com or familysearch.org. Family Search is free to use, so it's a great place to start.  Go to the website, click on search and then on records. Put in your great grandmother's name and 1902-1906 for her birth year. You'll want the range and not just 1904 because sometimes records guess at birth year based on age, and you could miss the records you want if it is a little off. See what you can find.", "edited": false, "author_flair_css_class": null, "steward_reports": [], "is_submitter": false, "downs": 0, "author_flair_richtext": [], "author_patreon_flair": false, "body_html": "&lt;div class=\"md\"&gt;&lt;p&gt;Yes, try ancestry.com or familysearch.org. Family Search is free to use, so it&amp;#39;s a great place to start.  Go to the website, click on search and then on records. Put in your great grandmother&amp;#39;s name and 1902-1906 for her birth year. You&amp;#39;ll want the range and not just 1904 because sometimes records guess at birth year based on age, and you could miss the records you want if it is a little off. See what you can find.&lt;/p&gt;\n&lt;/div&gt;", "gildings": {}, "collapsed_reason": null, "associated_award": null, "stickied": false, "subreddit_type": "public", "can_gild": true, "subreddit": "AskHistorians", "author_flair_text_color": null, "score_hidden": false, "permalink": "/r/AskHistorians/comments/dclibm/my_great_grandmother_allegedly_came_over_on_the/f2av55l/", "num_reports": null, "locked": false, "name": "t1_f2av55l", "created": 1570146960.0, "author_flair_text": null, "collapsed": false, "created_utc": 1570118160.0, "subreddit_name_prefixed": "r/AskHistorians", "controversiality": 0, "depth": 2, "author_flair_background_color": null, "mod_reports": [], "mod_note": null, "distinguished": null}}], "after": null, "before": null}}, "user_reports": [], "saved": false, "id": "f2arvid", "banned_at_utc": null, "mod_reason_title": null, "gilded": 0, "archived": false, "no_follow": true, "author": "liamemsa", "can_mod_post": false, "send_replies": true, "parent_id": "t1_f29tnhy", "score": 1, "author_fullname": "t2_14ydsm", "report_reasons": null, "approved_by": null, "all_awardings": [], "subreddit_id": "t5_2ssp3", "body": "Thanks for this. Is that a site like Ancestry.com or are there resources in libraries and such that I should check out?", "edited": false, "author_flair_css_class": null, "steward_reports": [], "is_submitter": true, "downs": 0, "author_flair_richtext": [], "author_patreon_flair": false, "body_html": "&lt;div class=\"md\"&gt;&lt;p&gt;Thanks for this. Is that a site like Ancestry.com or are there resources in libraries and such that I should check out?&lt;/p&gt;\n&lt;/div&gt;", "gildings": {}, "collapsed_reason": null, "associated_award": null, "stickied": false, "subreddit_type": "public", "can_gild": true, "subreddit": "AskHistorians", "author_flair_text_color": null, "score_hidden": false, "permalink": "/r/AskHistorians/comments/dclibm/my_great_grandmother_allegedly_came_over_on_the/f2arvid/", "num_reports": null, "locked": false, "name": "t1_f2arvid", "created": 1570145842.0, "author_flair_text": null, "collapsed": false, "created_utc": 1570117042.0, "subreddit_name_prefixed": "r/AskHistorians", "controversiality": 0, "depth": 1, "author_flair_background_color": null, "mod_reports": [], "mod_note": null, "distinguished": null}}], "after": null, "before": null}}, "user_reports": [], "saved": false, "id": "f29tnhy", "banned_at_utc": null, "mod_reason_title": null, "gilded": 0, "archived": false, "no_follow": true, "author": "gredfeorge", "can_mod_post": false, "send_replies": true, "parent_id": "t3_dclibm", "score": 3, "author_fullname": "t2_21zijm9x", "report_reasons": null, "approved_by": null, "all_awardings": [], "subreddit_id": "t5_2ssp3", "body": "You might find it more productive to search your great grandmother's name (or her parents) on ancestry or family search to see if you can find the record of her ship's arrival. That would at least give you a year and ship that you can look up to try to verify her story. If you can't find that, some census records for her family should give an approximate year of immigration at the very least.", "edited": false, "author_flair_css_class": null, "steward_reports": [], "is_submitter": false, "downs": 0, "author_flair_richtext": [], "author_patreon_flair": false, "body_html": "&lt;div class=\"md\"&gt;&lt;p&gt;You might find it more productive to search your great grandmother&amp;#39;s name (or her parents) on ancestry or family search to see if you can find the record of her ship&amp;#39;s arrival. That would at least give you a year and ship that you can look up to try to verify her story. If you can&amp;#39;t find that, some census records for her family should give an approximate year of immigration at the very least.&lt;/p&gt;\n&lt;/div&gt;", "gildings": {}, "collapsed_reason": null, "associated_award": null, "stickied": false, "subreddit_type": "public", "can_gild": true, "subreddit": "AskHistorians", "author_flair_text_color": null, "score_hidden": false, "permalink": "/r/AskHistorians/comments/dclibm/my_great_grandmother_allegedly_came_over_on_the/f29tnhy/", "num_reports": null, "locked": false, "name": "t1_f29tnhy", "created": 1570132803.0, "author_flair_text": null, "collapsed": false, "created_utc": 1570104003.0, "subreddit_name_prefixed": "r/AskHistorians", "controversiality": 0, "depth": 0, "author_flair_background_color": null, "mod_reports": [], "mod_note": null, "distinguished": null}}], "after": null, "before": null}}]