[{"kind": "Listing", "data": {"modhash": "", "dist": 1, "children": [{"kind": "t3", "data": {"approved_at_utc": null, "subreddit": "AskHistorians", "selftext": "[deleted]", "user_reports": [], "saved": false, "mod_reason_title": null, "gilded": 0, "clicked": false, "title": "Did Germany and Japan being allies in WW1 and WW2 provide any mutual benefit for them or was it just a namesake alliance?", "link_flair_richtext": [], "subreddit_name_prefixed": "r/AskHistorians", "hidden": false, "pwls": 6, "link_flair_css_class": null, "downs": 0, "parent_whitelist_status": "all_ads", "hide_score": false, "name": "t3_dcuzp5", "quarantine": false, "link_flair_text_color": "dark", "upvote_ratio": 0.44, "author_flair_background_color": "", "subreddit_type": "public", "ups": 0, "total_awards_received": 0, "media_embed": {}, "author_flair_template_id": null, "is_original_content": false, "secure_media": null, "is_reddit_media_domain": false, "is_meta": false, "category": null, "secure_media_embed": {}, "link_flair_text": null, "can_mod_post": false, "num_duplicates": 0, "approved_by": null, "thumbnail": "", "edited": false, "author_flair_css_class": null, "steward_reports": [], "gildings": {}, "content_categories": null, "is_self": true, "mod_note": null, "created": 1570156328.0, "link_flair_type": "text", "wls": 3, "banned_by": null, "domain": "self.AskHistorians", "allow_live_comments": false, "selftext_html": "&lt;!-- SC_OFF --&gt;&lt;div class=\"md\"&gt;&lt;p&gt;[deleted]&lt;/p&gt;\n&lt;/div&gt;&lt;!-- SC_ON --&gt;", "likes": null, "suggested_sort": null, "banned_at_utc": null, "view_count": null, "archived": false, "score": 0, "no_follow": true, "is_crosspostable": false, "pinned": false, "over_18": true, "all_awardings": [], "awarders": [], "media_only": false, "can_gild": false, "spoiler": false, "locked": false, "author_flair_text": null, "visited": false, "removed_by": "deleted", "num_reports": null, "distinguished": null, "subreddit_id": "t5_2ssp3", "mod_reason_by": null, "removal_reason": null, "link_flair_background_color": "", "id": "dcuzp5", "is_robot_indexable": false, "report_reasons": null, "author": "[deleted]", "discussion_type": null, "num_comments": 2, "send_replies": true, "media": null, "contest_mode": false, "author_flair_text_color": "dark", "permalink": "/r/AskHistorians/comments/dcuzp5/did_germany_and_japan_being_allies_in_ww1_and_ww2/", "whitelist_status": "promo_adult_nsfw", "stickied": false, "url": "https://www.reddit.com/r/AskHistorians/comments/dcuzp5/did_germany_and_japan_being_allies_in_ww1_and_ww2/", "subreddit_subscribers": 1040616, "created_utc": 1570127528.0, "num_crossposts": 0, "mod_reports": [], "is_video": false}}], "after": null, "before": null}}, {"kind": "Listing", "data": {"modhash": "", "dist": null, "children": [{"kind": "t1", "data": {"total_awards_received": 0, "approved_at_utc": null, "ups": 1, "awarders": [], "mod_reason_by": null, "banned_by": null, "author_flair_type": "richtext", "removal_reason": null, "link_id": "t3_dcuzp5", "author_flair_template_id": "9e641f94-c626-11e2-8e2c-12313b0b21ae", "likes": null, "replies": "", "user_reports": [], "saved": false, "id": "f2bk8mf", "banned_at_utc": null, "mod_reason_title": null, "gilded": 0, "archived": false, "no_follow": true, "author": "AutoModerator", "can_mod_post": false, "send_replies": false, "parent_id": "t3_dcuzp5", "score": 1, "author_fullname": "t2_6l4z3", "report_reasons": null, "approved_by": null, "all_awardings": [], "subreddit_id": "t5_2ssp3", "body": "Welcome to /r/AskHistorians. **Please be sure to [Read Our Rules](https://www.reddit.com/r/AskHistorians/wiki/rules) before you contribute to this community**.  \n\nWe thank you for your interest in this *question*, and your patience in waiting for an in-depth and comprehensive answer to be written, which takes time. Please consider **[Clicking Here for RemindMeBot](https://www.reddit.com/message/compose/?to=RemindMeBot&amp;subject=Reminder&amp;message=%5Bhttps://www.reddit.com/r/AskHistorians/comments/dcuzp5/did_germany_and_japan_being_allies_in_ww1_and_ww2/%5D%0A%0ARemindMe!++2+days)**, or using [these alternatives](/r/AskHistorians/comments/8p0s9b/roundtable_21_be_kindremind_the_mod_approved/). In the meantime our [Twitter](https://twitter.com/askhistorians), [Facebook](https://www.facebook.com/askhistorians/), and [Sunday Digest](https://www.reddit.com/r/AskHistorians/search?q=title%3A%22Sunday+Digest%22&amp;restrict_sr=on&amp;sort=new&amp;t=all) feature excellent content that has already been written!\n\n[Please leave feedback on this test message here.](https://www.reddit.com/r/AskHistorians/comments/btz9o5/testing_testing_123_well_be_trying_out_an/)\n\n\n*I am a bot, and this action was performed automatically. Please [contact the moderators of this subreddit](/message/compose/?to=/r/AskHistorians) if you have any questions or concerns.*", "edited": false, "author_flair_css_class": "moderator", "steward_reports": [], "is_submitter": false, "downs": 0, "author_flair_richtext": [{"e": "text", "t": "History of Robotics"}], "author_patreon_flair": false, "body_html": "&lt;div class=\"md\"&gt;&lt;p&gt;Welcome to &lt;a href=\"/r/AskHistorians\"&gt;/r/AskHistorians&lt;/a&gt;. &lt;strong&gt;Please be sure to &lt;a href=\"https://www.reddit.com/r/AskHistorians/wiki/rules\"&gt;Read Our Rules&lt;/a&gt; before you contribute to this community&lt;/strong&gt;.  &lt;/p&gt;\n\n&lt;p&gt;We thank you for your interest in this &lt;em&gt;question&lt;/em&gt;, and your patience in waiting for an in-depth and comprehensive answer to be written, which takes time. Please consider &lt;strong&gt;&lt;a href=\"https://www.reddit.com/message/compose/?to=RemindMeBot&amp;amp;subject=Reminder&amp;amp;message=%5Bhttps://www.reddit.com/r/AskHistorians/comments/dcuzp5/did_germany_and_japan_being_allies_in_ww1_and_ww2/%5D%0A%0ARemindMe!++2+days\"&gt;Clicking Here for RemindMeBot&lt;/a&gt;&lt;/strong&gt;, or using &lt;a href=\"/r/AskHistorians/comments/8p0s9b/roundtable_21_be_kindremind_the_mod_approved/\"&gt;these alternatives&lt;/a&gt;. In the meantime our &lt;a href=\"https://twitter.com/askhistorians\"&gt;Twitter&lt;/a&gt;, &lt;a href=\"https://www.facebook.com/askhistorians/\"&gt;Facebook&lt;/a&gt;, and &lt;a href=\"https://www.reddit.com/r/AskHistorians/search?q=title%3A%22Sunday+Digest%22&amp;amp;restrict_sr=on&amp;amp;sort=new&amp;amp;t=all\"&gt;Sunday Digest&lt;/a&gt; feature excellent content that has already been written!&lt;/p&gt;\n\n&lt;p&gt;&lt;a href=\"https://www.reddit.com/r/AskHistorians/comments/btz9o5/testing_testing_123_well_be_trying_out_an/\"&gt;Please leave feedback on this test message here.&lt;/a&gt;&lt;/p&gt;\n\n&lt;p&gt;&lt;em&gt;I am a bot, and this action was performed automatically. Please &lt;a href=\"/message/compose/?to=/r/AskHistorians\"&gt;contact the moderators of this subreddit&lt;/a&gt; if you have any questions or concerns.&lt;/em&gt;&lt;/p&gt;\n&lt;/div&gt;", "gildings": {}, "collapsed_reason": null, "associated_award": null, "stickied": true, "subreddit_type": "public", "can_gild": true, "subreddit": "AskHistorians", "author_flair_text_color": "light", "score_hidden": true, "permalink": "/r/AskHistorians/comments/dcuzp5/did_germany_and_japan_being_allies_in_ww1_and_ww2/f2bk8mf/", "num_reports": null, "locked": true, "name": "t1_f2bk8mf", "created": 1570156328.0, "author_flair_text": "History of Robotics", "collapsed": false, "created_utc": 1570127528.0, "subreddit_name_prefixed": "r/AskHistorians", "controversiality": 0, "depth": 0, "author_flair_background_color": "#8b008b", "mod_reports": [], "mod_note": null, "distinguished": "moderator"}}, {"kind": "t1", "data": {"total_awards_received": 0, "approved_at_utc": null, "ups": 4, "awarders": [], "mod_reason_by": null, "banned_by": null, "author_flair_type": "text", "removal_reason": null, "link_id": "t3_dcuzp5", "author_flair_template_id": null, "likes": null, "replies": "", "user_reports": [], "saved": false, "id": "f2cunn9", "banned_at_utc": null, "mod_reason_title": null, "gilded": 0, "archived": false, "no_follow": true, "author": "RunFar87", "can_mod_post": false, "send_replies": true, "parent_id": "t3_dcuzp5", "score": 4, "author_fullname": "t2_2ukqzg6p", "report_reasons": null, "approved_by": null, "all_awardings": [], "subreddit_id": "t5_2ssp3", "body": "A quick correction, Japan was a member of the Entente, not Central Powers, during WWI.  The French, British, and American decision to not award Japan with much after the war was actually one of several reasons the relationship soured.\n\nDuring WWII, the general answer is no.  In fact, Germany\u2019s decision to declare war on the US after Japan\u2019s declaration led Germany to confront the US earlier than it probably would have otherwise.  This is probably the biggest impact of the mutual defense pact (which didn\u2019t actually oblige Hitler to declare war).\n\nThe two did not conduct operations in tandem, nor did they pursue shared strategic goals\u2014they had none, aside from the broad aim of defeating the Allies.  Whether the two could have worked together to any significant effect is questionable, since Japan declined to attack the Soviets.\n\nTo the extent the alliance did offer any benefits, they were primarily diverting Allied resources, demanding the Allies fight in the West and the Pacific and spend more on escort ships.  This impact was limited though\u2014they would have been diverted anyway and were fighting separate wars.\n\nWorse still for the Axis, the Tripartite Pact did not lead the Soviets to keep significant forces on the Manchurian/Korean border.  Japan signed a neutrality pact with SU in early 1941, which in addition to the dismal Japanese performance during the border war, gave the Soviets the confidence to bring most all of their Siberian forces west.  The German leadership was in quite for quite a shock after they thought they had broken the Soviet army in early and mid summer 1941 and instead ran into professional forces.", "edited": false, "author_flair_css_class": null, "steward_reports": [], "is_submitter": false, "downs": 0, "author_flair_richtext": [], "author_patreon_flair": false, "body_html": "&lt;div class=\"md\"&gt;&lt;p&gt;A quick correction, Japan was a member of the Entente, not Central Powers, during WWI.  The French, British, and American decision to not award Japan with much after the war was actually one of several reasons the relationship soured.&lt;/p&gt;\n\n&lt;p&gt;During WWII, the general answer is no.  In fact, Germany\u2019s decision to declare war on the US after Japan\u2019s declaration led Germany to confront the US earlier than it probably would have otherwise.  This is probably the biggest impact of the mutual defense pact (which didn\u2019t actually oblige Hitler to declare war).&lt;/p&gt;\n\n&lt;p&gt;The two did not conduct operations in tandem, nor did they pursue shared strategic goals\u2014they had none, aside from the broad aim of defeating the Allies.  Whether the two could have worked together to any significant effect is questionable, since Japan declined to attack the Soviets.&lt;/p&gt;\n\n&lt;p&gt;To the extent the alliance did offer any benefits, they were primarily diverting Allied resources, demanding the Allies fight in the West and the Pacific and spend more on escort ships.  This impact was limited though\u2014they would have been diverted anyway and were fighting separate wars.&lt;/p&gt;\n\n&lt;p&gt;Worse still for the Axis, the Tripartite Pact did not lead the Soviets to keep significant forces on the Manchurian/Korean border.  Japan signed a neutrality pact with SU in early 1941, which in addition to the dismal Japanese performance during the border war, gave the Soviets the confidence to bring most all of their Siberian forces west.  The German leadership was in quite for quite a shock after they thought they had broken the Soviet army in early and mid summer 1941 and instead ran into professional forces.&lt;/p&gt;\n&lt;/div&gt;", "gildings": {}, "collapsed_reason": null, "associated_award": null, "stickied": false, "subreddit_type": "public", "can_gild": true, "subreddit": "AskHistorians", "author_flair_text_color": null, "score_hidden": false, "permalink": "/r/AskHistorians/comments/dcuzp5/did_germany_and_japan_being_allies_in_ww1_and_ww2/f2cunn9/", "num_reports": null, "locked": false, "name": "t1_f2cunn9", "created": 1570171769.0, "author_flair_text": null, "collapsed": false, "created_utc": 1570142969.0, "subreddit_name_prefixed": "r/AskHistorians", "controversiality": 0, "depth": 0, "author_flair_background_color": null, "mod_reports": [], "mod_note": null, "distinguished": null}}], "after": null, "before": null}}]