[{"kind": "Listing", "data": {"modhash": "", "dist": 1, "children": [{"kind": "t3", "data": {"subreddit_id": "t5_2ssp3", "approved_at_utc": null, "send_replies": true, "mod_reason_by": null, "banned_by": null, "removal_reason": null, "wls": 6, "subreddit": "AskHistorians", "selftext_html": "&lt;!-- SC_OFF --&gt;&lt;div class=\"md\"&gt;&lt;p&gt;[removed]&lt;/p&gt;\n&lt;/div&gt;&lt;!-- SC_ON --&gt;", "author_flair_template_id": null, "selftext": "[removed]", "likes": null, "suggested_sort": null, "mod_note": null, "user_reports": [], "secure_media": null, "is_reddit_media_domain": false, "saved": false, "id": "81a8aj", "banned_at_utc": null, "mod_reason_title": null, "view_count": null, "archived": false, "clicked": false, "no_follow": true, "author": "youcanteatbullets", "num_crossposts": 0, "link_flair_text": null, "can_mod_post": false, "is_crosspostable": false, "pinned": false, "score": 1, "approved_by": null, "over_18": false, "domain": "self.AskHistorians", "hidden": false, "pwls": 6, "thumbnail": "", "hide_score": false, "edited": false, "link_flair_css_class": null, "media_only": false, "author_flair_css_class": null, "contest_mode": false, "gilded": 0, "title": "How common are mass land seizures throughout history, and how do they typically work out?", "downs": 0, "secure_media_embed": {}, "media_embed": {}, "author_flair_text": null, "stickied": false, "can_gild": false, "is_self": true, "parent_whitelist_status": "all_ads", "name": "t3_81a8aj", "spoiler": false, "permalink": "/r/AskHistorians/comments/81a8aj/how_common_are_mass_land_seizures_throughout/", "subreddit_type": "public", "locked": false, "report_reasons": null, "created": 1519979050.0, "url": "https://www.reddit.com/r/AskHistorians/comments/81a8aj/how_common_are_mass_land_seizures_throughout/", "whitelist_status": "all_ads", "quarantine": false, "subreddit_subscribers": 755447, "created_utc": 1519950250.0, "subreddit_name_prefixed": "r/AskHistorians", "distinguished": null, "media": null, "num_comments": 1, "upvote_ratio": 0.67, "mod_reports": [], "visited": false, "num_reports": null, "is_video": false, "ups": 1, "post_categories": null}}], "after": null, "before": null}}, {"kind": "Listing", "data": {"modhash": "", "dist": null, "children": [{"kind": "t1", "data": {"subreddit_id": "t5_2ssp3", "approved_at_utc": null, "ups": 1, "mod_reason_by": null, "banned_by": null, "removal_reason": null, "link_id": "t3_81a8aj", "author_flair_template_id": null, "likes": null, "no_follow": true, "replies": "", "user_reports": [], "saved": false, "id": "dv1oehy", "banned_at_utc": null, "mod_reason_title": null, "gilded": 0, "archived": false, "report_reasons": null, "author": "chocolatepot", "can_mod_post": false, "send_replies": true, "parent_id": "t3_81a8aj", "score": 1, "approved_by": null, "downs": 0, "body": "Sorry, we don't allow [\"example seeking\" questions](https://www.reddit.com/r/AskHistorians/wiki/rules#wiki_no_.22example_seeking.22_questions). It's not that your question was bad; it's that these kinds of questions tend to produce threads that are collections of disjointed, partial, inadequate responses. If you have a question about a specific historical event, period, or person, feel free to rewrite your question and submit it again. If you don't want to rewrite it, you might try submitting it to /r/history, /r/askhistory, or /r/tellmeafact. \n\nFor further explanation of the rule, feel free to consult [this META thread](https://www.reddit.com/r/AskHistorians/comments/3nub87/rules_change_throughout_history_rule_is_replaced/).", "edited": false, "author_flair_css_class": "moderator", "collapsed": false, "is_submitter": false, "collapsed_reason": null, "body_html": "&lt;div class=\"md\"&gt;&lt;p&gt;Sorry, we don&amp;#39;t allow &lt;a href=\"https://www.reddit.com/r/AskHistorians/wiki/rules#wiki_no_.22example_seeking.22_questions\"&gt;&amp;quot;example seeking&amp;quot; questions&lt;/a&gt;. It&amp;#39;s not that your question was bad; it&amp;#39;s that these kinds of questions tend to produce threads that are collections of disjointed, partial, inadequate responses. If you have a question about a specific historical event, period, or person, feel free to rewrite your question and submit it again. If you don&amp;#39;t want to rewrite it, you might try submitting it to &lt;a href=\"/r/history\"&gt;/r/history&lt;/a&gt;, &lt;a href=\"/r/askhistory\"&gt;/r/askhistory&lt;/a&gt;, or &lt;a href=\"/r/tellmeafact\"&gt;/r/tellmeafact&lt;/a&gt;. &lt;/p&gt;\n\n&lt;p&gt;For further explanation of the rule, feel free to consult &lt;a href=\"https://www.reddit.com/r/AskHistorians/comments/3nub87/rules_change_throughout_history_rule_is_replaced/\"&gt;this META thread&lt;/a&gt;.&lt;/p&gt;\n&lt;/div&gt;", "subreddit_type": "public", "can_gild": true, "subreddit": "AskHistorians", "name": "t1_dv1oehy", "score_hidden": false, "permalink": "/r/AskHistorians/comments/81a8aj/how_common_are_mass_land_seizures_throughout/dv1oehy/", "num_reports": null, "stickied": false, "created": 1519980086.0, "author_flair_text": "Moderator | History of Western Fashion", "created_utc": 1519951286.0, "subreddit_name_prefixed": "r/AskHistorians", "controversiality": 0, "depth": 0, "mod_reports": [], "mod_note": null, "distinguished": "moderator"}}], "after": null, "before": null}}]