[{"kind": "Listing", "data": {"modhash": "", "dist": 1, "children": [{"kind": "t3", "data": {"subreddit_id": "t5_2ssp3", "approved_at_utc": null, "send_replies": true, "mod_reason_by": null, "banned_by": null, "removal_reason": null, "wls": 6, "subreddit": "AskHistorians", "selftext_html": "&lt;!-- SC_OFF --&gt;&lt;div class=\"md\"&gt;&lt;p&gt;I heard that Justinian&amp;#39;s code influenced Napolean, but did it also influence english common law?&lt;/p&gt;\n&lt;/div&gt;&lt;!-- SC_ON --&gt;", "author_flair_template_id": null, "selftext": "I heard that Justinian's code influenced Napolean, but did it also influence english common law?", "likes": null, "suggested_sort": null, "mod_note": null, "user_reports": [], "secure_media": null, "is_reddit_media_domain": false, "saved": false, "id": "81cbw5", "banned_at_utc": null, "mod_reason_title": null, "view_count": null, "archived": false, "clicked": false, "no_follow": false, "author": "yesh_me_lorde", "num_crossposts": 0, "link_flair_text": null, "can_mod_post": false, "is_crosspostable": false, "pinned": false, "score": 3, "approved_by": null, "over_18": false, "domain": "self.AskHistorians", "hidden": false, "pwls": 6, "thumbnail": "", "hide_score": false, "edited": false, "link_flair_css_class": null, "media_only": false, "author_flair_css_class": null, "contest_mode": false, "gilded": 0, "title": "What's the commonality between the compiled law code of Justinian and english common law?", "downs": 0, "secure_media_embed": {}, "media_embed": {}, "author_flair_text": null, "stickied": false, "can_gild": false, "is_self": true, "parent_whitelist_status": "all_ads", "name": "t3_81cbw5", "spoiler": false, "permalink": "/r/AskHistorians/comments/81cbw5/whats_the_commonality_between_the_compiled_law/", "subreddit_type": "public", "locked": false, "report_reasons": null, "created": 1520000904.0, "url": "https://www.reddit.com/r/AskHistorians/comments/81cbw5/whats_the_commonality_between_the_compiled_law/", "whitelist_status": "all_ads", "quarantine": false, "subreddit_subscribers": 755449, "created_utc": 1519972104.0, "subreddit_name_prefixed": "r/AskHistorians", "distinguished": null, "media": null, "num_comments": 1, "upvote_ratio": 1.0, "mod_reports": [], "visited": false, "num_reports": null, "is_video": false, "ups": 3, "post_categories": null}}], "after": null, "before": null}}, {"kind": "Listing", "data": {"modhash": "", "dist": null, "children": [{"kind": "t1", "data": {"subreddit_id": "t5_2ssp3", "approved_at_utc": null, "ups": 2, "mod_reason_by": null, "banned_by": null, "removal_reason": null, "link_id": "t3_81cbw5", "author_flair_template_id": null, "likes": null, "no_follow": true, "replies": "", "user_reports": [], "saved": false, "id": "dv6qgqm", "banned_at_utc": null, "mod_reason_title": null, "gilded": 0, "archived": false, "report_reasons": null, "author": "Wagrid", "can_mod_post": false, "send_replies": true, "parent_id": "t3_81cbw5", "score": 2, "approved_by": null, "downs": 0, "body": "English lawyers were certainly aware of Justinian's code, and held it in high esteem:\n\n&gt; \"I could wish to see you zealously affected towards the study of the laws; because, as wars are decided by the sword, so the determination of justice is effected by the laws: which the emperor Justinian wisely considering, in the very beginning of the Introduction to his Institutes, says, \"It is not only incumbent upon the Imperial majesty to be graced with arms, but also to be fenced about with the laws: that he may know how to govern aright, both in times of peace and of war.\"\n\nThis is from a treatise called *De Laudibus Legum Angliae* by Sir John Fortescue (1394-1477). Fortescue, at one point Chief Justice of the King's Bench was writing for Prince Edward of Wales, son of the deposed Henry VI to instruct him in the value of the law.\n\nFortescue evokes a long tradition of law givers in his treatise:\n\n&gt; \"As an inducement to set yourself in good earnest about the study of the laws, the greatest lawgiver of his time, Moses, formerly chief of the congregation of the people of Israel, invites you more effectually than Justinian, when, by divine inspiration, he commands the kings of Israel, to read the laws all the days of their life.\"\n\nBut Fortesque, in another work, saw England as fundamentally different to other kingdoms and, especially, France:\n\n&gt; \"There are two kinds of kingdoms, one of which is a lordship called in Latin *domnium regale* and the other is called *domnium politicum et regale.* The diversion is that in the first the king may rule his people by such laws as he make himself. . . The second king may not rule his people people by other than such as they assent to.\"\n\nThis idea is enormously important to Fortescue; he discusses it in *De Laudibus* as well as in a separate, treatise often published as *The Government of England*, which I have quoted above. What Fortescue is articulating here is, essentially, the difference between absolute and constitutional monarchy. The reason for this fixation probably lies in the fact that Edward, prince of Wales, Henry VI's heir and Fortescue's audience for *De Laudibus* was exiled to France; Fortescue likely feared a Francophile king attempting to impose French governance on England.\n\nFortesque claims English Common Law as an older tradition than Roman Law:\n\n&gt;\"Neither the laws of the Romans which are cried up beyond all others for their antiquity; nor yet the laws of the Venetians, however famous in this respect, their Island being not inhabited so early as Britain; (neither was Rome itself at that time built;) nor in short, are the laws of any other kingdom in the world so venerable for their antiquity. So that there is no pretence to say, or insinuate to the contrary, but that the laws and customs of England are not only good, but the very best.\"\n\nThis brings his earlier reference to Justinian into sharp relief. Whilst Fortesque may respect Roman Law, Roman Law is not English Law - it is, explicitly, inferior. Now, of course, English Common Law isn't actually ancient; realistically it dates back to the 12th century, but Fortesque is obsessed in his text with tying the law to the past. Again, we must consider his aims here - he's trying to make the young Prince Edward appreciate English legal tradition, insisting on its exceptional status serves his aims very well. This 12th century date is interesting, because, as Brand has argued, it seems as though many English lawyers had genuinely *forgotten* the actual origins of Common Law. It is commonly said to arise out of the reign of Henry II; it isn't until the 17th century that English lawyers rediscover this. Indeed, the significance of Henry II's reign appears to have been forgotten within two generations, by the reign of Henry III.\n\nFortescue then goes on a lengthy digression about all the ways Common Law differs from Civil Law. The extensiveness of this section makes his point, that Common Law is it's own separate legal tradition, quite effectively.\n\nSo, is Fortescue correct in asserting that Common Law was a separate tradition from Civil Law? Well, essentially, yes. Common Law is a separate entity. It's important here to knock squarely on the head any dated, patriotic notion of the Common Law as some uniquely English project at its inception - The Common Law was originally Anglo-Norman Common Law; it didn't become 'English' until England and Normandy became separate realms. The people who shaped it in it's earliest stages were French and many of the priorities early on reflect the priorities of the kingdom's French speaking elite. The growth of Common Law was pragmatic, not romantic.\n\nCommon and Civil Law definitively separated in the 12th century. Essentially, the reforms and innovations that led to the emergence of Common Law occurred earlier, during the 12th century, whereas the influence of Roman Law became pronounced on the continent during the 13th century, by which point the Common Law had entrenched itself in England as a separate legal tradition, fundamentally incompatible with many of the precepts of Roman Law. Whilst some of our most important early Common Law treatises, Glanville and especially Bracton, show a familiarity with Roman Law, no attempt was made to introduce its precepts into the Anglo-Norman system.\n\nPart of the reason for this much earlier period of legal reform was that England was in many ways far more unified than the continent. This period of unification and consolidation of royal power in 10th and 11th centuries set the stage for the legal reforms of the 12th. There are many causes that have been pointed to as to why English Common Law developed when it did, in contrast to the continent. But I think that the more favourable political conditions are the most significant. It should also be kept in mind that Roman Law was not universally well received when interest in it began to be revived; some of this criticism arose from England and we should by no means view it as inevitable that Roman Law became so influential.\n\nRoman Law did exert influence on English legal tradition - for example, the Court of Chancery that arose in the later middle ages (dramatically increasing its case load in the 15th century) was strongly influenced in its outlook by Roman Law. However, the Court of Chancery dealt with equity and was separate from the operation of Common Law - there were many complaints into the reign of Elizabeth I by Common Law lawyers about the overlaps between the jurisdiction of the Chancery and the Common Law courts. In addition to this, prerogative courts became increasingly important in the 16th century. However in the 17th century Common Law re-affirmed its pre-eminence.  So, despite Roman influence on English legal procedure outside the purview of Common Law, Common Law and Civil Law remained fundamentally different legal traditions.", "edited": 1520298286.0, "author_flair_css_class": "europe", "collapsed": false, "is_submitter": false, "collapsed_reason": null, "body_html": "&lt;div class=\"md\"&gt;&lt;p&gt;English lawyers were certainly aware of Justinian&amp;#39;s code, and held it in high esteem:&lt;/p&gt;\n\n&lt;blockquote&gt;\n&lt;p&gt;&amp;quot;I could wish to see you zealously affected towards the study of the laws; because, as wars are decided by the sword, so the determination of justice is effected by the laws: which the emperor Justinian wisely considering, in the very beginning of the Introduction to his Institutes, says, &amp;quot;It is not only incumbent upon the Imperial majesty to be graced with arms, but also to be fenced about with the laws: that he may know how to govern aright, both in times of peace and of war.&amp;quot;&lt;/p&gt;\n&lt;/blockquote&gt;\n\n&lt;p&gt;This is from a treatise called &lt;em&gt;De Laudibus Legum Angliae&lt;/em&gt; by Sir John Fortescue (1394-1477). Fortescue, at one point Chief Justice of the King&amp;#39;s Bench was writing for Prince Edward of Wales, son of the deposed Henry VI to instruct him in the value of the law.&lt;/p&gt;\n\n&lt;p&gt;Fortescue evokes a long tradition of law givers in his treatise:&lt;/p&gt;\n\n&lt;blockquote&gt;\n&lt;p&gt;&amp;quot;As an inducement to set yourself in good earnest about the study of the laws, the greatest lawgiver of his time, Moses, formerly chief of the congregation of the people of Israel, invites you more effectually than Justinian, when, by divine inspiration, he commands the kings of Israel, to read the laws all the days of their life.&amp;quot;&lt;/p&gt;\n&lt;/blockquote&gt;\n\n&lt;p&gt;But Fortesque, in another work, saw England as fundamentally different to other kingdoms and, especially, France:&lt;/p&gt;\n\n&lt;blockquote&gt;\n&lt;p&gt;&amp;quot;There are two kinds of kingdoms, one of which is a lordship called in Latin &lt;em&gt;domnium regale&lt;/em&gt; and the other is called &lt;em&gt;domnium politicum et regale.&lt;/em&gt; The diversion is that in the first the king may rule his people by such laws as he make himself. . . The second king may not rule his people people by other than such as they assent to.&amp;quot;&lt;/p&gt;\n&lt;/blockquote&gt;\n\n&lt;p&gt;This idea is enormously important to Fortescue; he discusses it in &lt;em&gt;De Laudibus&lt;/em&gt; as well as in a separate, treatise often published as &lt;em&gt;The Government of England&lt;/em&gt;, which I have quoted above. What Fortescue is articulating here is, essentially, the difference between absolute and constitutional monarchy. The reason for this fixation probably lies in the fact that Edward, prince of Wales, Henry VI&amp;#39;s heir and Fortescue&amp;#39;s audience for &lt;em&gt;De Laudibus&lt;/em&gt; was exiled to France; Fortescue likely feared a Francophile king attempting to impose French governance on England.&lt;/p&gt;\n\n&lt;p&gt;Fortesque claims English Common Law as an older tradition than Roman Law:&lt;/p&gt;\n\n&lt;blockquote&gt;\n&lt;p&gt;&amp;quot;Neither the laws of the Romans which are cried up beyond all others for their antiquity; nor yet the laws of the Venetians, however famous in this respect, their Island being not inhabited so early as Britain; (neither was Rome itself at that time built;) nor in short, are the laws of any other kingdom in the world so venerable for their antiquity. So that there is no pretence to say, or insinuate to the contrary, but that the laws and customs of England are not only good, but the very best.&amp;quot;&lt;/p&gt;\n&lt;/blockquote&gt;\n\n&lt;p&gt;This brings his earlier reference to Justinian into sharp relief. Whilst Fortesque may respect Roman Law, Roman Law is not English Law - it is, explicitly, inferior. Now, of course, English Common Law isn&amp;#39;t actually ancient; realistically it dates back to the 12th century, but Fortesque is obsessed in his text with tying the law to the past. Again, we must consider his aims here - he&amp;#39;s trying to make the young Prince Edward appreciate English legal tradition, insisting on its exceptional status serves his aims very well. This 12th century date is interesting, because, as Brand has argued, it seems as though many English lawyers had genuinely &lt;em&gt;forgotten&lt;/em&gt; the actual origins of Common Law. It is commonly said to arise out of the reign of Henry II; it isn&amp;#39;t until the 17th century that English lawyers rediscover this. Indeed, the significance of Henry II&amp;#39;s reign appears to have been forgotten within two generations, by the reign of Henry III.&lt;/p&gt;\n\n&lt;p&gt;Fortescue then goes on a lengthy digression about all the ways Common Law differs from Civil Law. The extensiveness of this section makes his point, that Common Law is it&amp;#39;s own separate legal tradition, quite effectively.&lt;/p&gt;\n\n&lt;p&gt;So, is Fortescue correct in asserting that Common Law was a separate tradition from Civil Law? Well, essentially, yes. Common Law is a separate entity. It&amp;#39;s important here to knock squarely on the head any dated, patriotic notion of the Common Law as some uniquely English project at its inception - The Common Law was originally Anglo-Norman Common Law; it didn&amp;#39;t become &amp;#39;English&amp;#39; until England and Normandy became separate realms. The people who shaped it in it&amp;#39;s earliest stages were French and many of the priorities early on reflect the priorities of the kingdom&amp;#39;s French speaking elite. The growth of Common Law was pragmatic, not romantic.&lt;/p&gt;\n\n&lt;p&gt;Common and Civil Law definitively separated in the 12th century. Essentially, the reforms and innovations that led to the emergence of Common Law occurred earlier, during the 12th century, whereas the influence of Roman Law became pronounced on the continent during the 13th century, by which point the Common Law had entrenched itself in England as a separate legal tradition, fundamentally incompatible with many of the precepts of Roman Law. Whilst some of our most important early Common Law treatises, Glanville and especially Bracton, show a familiarity with Roman Law, no attempt was made to introduce its precepts into the Anglo-Norman system.&lt;/p&gt;\n\n&lt;p&gt;Part of the reason for this much earlier period of legal reform was that England was in many ways far more unified than the continent. This period of unification and consolidation of royal power in 10th and 11th centuries set the stage for the legal reforms of the 12th. There are many causes that have been pointed to as to why English Common Law developed when it did, in contrast to the continent. But I think that the more favourable political conditions are the most significant. It should also be kept in mind that Roman Law was not universally well received when interest in it began to be revived; some of this criticism arose from England and we should by no means view it as inevitable that Roman Law became so influential.&lt;/p&gt;\n\n&lt;p&gt;Roman Law did exert influence on English legal tradition - for example, the Court of Chancery that arose in the later middle ages (dramatically increasing its case load in the 15th century) was strongly influenced in its outlook by Roman Law. However, the Court of Chancery dealt with equity and was separate from the operation of Common Law - there were many complaints into the reign of Elizabeth I by Common Law lawyers about the overlaps between the jurisdiction of the Chancery and the Common Law courts. In addition to this, prerogative courts became increasingly important in the 16th century. However in the 17th century Common Law re-affirmed its pre-eminence.  So, despite Roman influence on English legal procedure outside the purview of Common Law, Common Law and Civil Law remained fundamentally different legal traditions.&lt;/p&gt;\n&lt;/div&gt;", "subreddit_type": "public", "can_gild": true, "subreddit": "AskHistorians", "name": "t1_dv6qgqm", "score_hidden": false, "permalink": "/r/AskHistorians/comments/81cbw5/whats_the_commonality_between_the_compiled_law/dv6qgqm/", "num_reports": null, "stickied": false, "created": 1520234212.0, "author_flair_text": "Medieval England After 1066", "created_utc": 1520205412.0, "subreddit_name_prefixed": "r/AskHistorians", "controversiality": 0, "depth": 0, "mod_reports": [], "mod_note": null, "distinguished": null}}], "after": null, "before": null}}]