[{"kind": "Listing", "data": {"modhash": "", "dist": 1, "children": [{"kind": "t3", "data": {"subreddit_id": "t5_2ssp3", "approved_at_utc": null, "send_replies": true, "mod_reason_by": null, "banned_by": null, "removal_reason": null, "wls": 6, "subreddit": "AskHistorians", "selftext_html": null, "author_flair_template_id": null, "selftext": "", "likes": null, "suggested_sort": null, "mod_note": null, "user_reports": [], "secure_media": null, "is_reddit_media_domain": false, "saved": false, "id": "81erjg", "banned_at_utc": null, "mod_reason_title": null, "view_count": null, "archived": false, "clicked": false, "no_follow": false, "author": "SpartanOfThePast", "num_crossposts": 0, "link_flair_text": null, "can_mod_post": false, "is_crosspostable": false, "pinned": false, "score": 9, "approved_by": null, "over_18": false, "domain": "self.AskHistorians", "hidden": false, "pwls": 6, "thumbnail": "", "hide_score": false, "edited": false, "link_flair_css_class": null, "media_only": false, "author_flair_css_class": null, "contest_mode": false, "gilded": 0, "title": "What was the taxation system of Ming-dynasty China like?", "downs": 0, "secure_media_embed": {}, "media_embed": {}, "author_flair_text": null, "stickied": false, "can_gild": false, "is_self": true, "parent_whitelist_status": "all_ads", "name": "t3_81erjg", "spoiler": false, "permalink": "/r/AskHistorians/comments/81erjg/what_was_the_taxation_system_of_mingdynasty_china/", "subreddit_type": "public", "locked": false, "report_reasons": null, "created": 1520031367.0, "url": "https://www.reddit.com/r/AskHistorians/comments/81erjg/what_was_the_taxation_system_of_mingdynasty_china/", "whitelist_status": "all_ads", "quarantine": false, "subreddit_subscribers": 755451, "created_utc": 1520002567.0, "subreddit_name_prefixed": "r/AskHistorians", "distinguished": null, "media": null, "num_comments": 2, "upvote_ratio": 0.73, "mod_reports": [], "visited": false, "num_reports": null, "is_video": false, "ups": 9, "post_categories": null}}], "after": null, "before": null}}, {"kind": "Listing", "data": {"modhash": "", "dist": null, "children": [{"kind": "t1", "data": {"subreddit_id": "t5_2ssp3", "approved_at_utc": null, "ups": 4, "mod_reason_by": null, "banned_by": null, "removal_reason": null, "link_id": "t3_81erjg", "author_flair_template_id": null, "likes": null, "no_follow": false, "replies": {"kind": "Listing", "data": {"modhash": "", "dist": null, "children": [{"kind": "t1", "data": {"subreddit_id": "t5_2ssp3", "approved_at_utc": null, "ups": 5, "mod_reason_by": null, "banned_by": null, "removal_reason": null, "link_id": "t3_81erjg", "author_flair_template_id": null, "likes": null, "no_follow": false, "replies": "", "user_reports": [], "saved": false, "id": "dv3y8t2", "banned_at_utc": null, "mod_reason_title": null, "gilded": 0, "archived": false, "report_reasons": null, "author": "cthulhushrugged", "can_mod_post": false, "send_replies": true, "parent_id": "t1_dv3y8m8", "score": 5, "approved_by": null, "downs": 0, "body": "The land tax, or *fu*, was by far the largest source of state income. The more regular taxes were paid either in cash, or more often in-kind in the form of what each household could provide: rice, silk, tea, etc. It produced on average some 27 million *dan* of rice and wheat per annum for the government (a *dan*, by the way, is a traditional unit of weight defined as \u201cthe amount one can carry on their shoulders\u201d, equivalent in imperial China to 100 catties, or today approximately 60 kg). The second largest source of state revenue was the salt tax, but that provided only 10% of the income generated by the *fu*. The *fu* was based on the \u201ctwo-tax system\u201d, which was an assessment of the land\u2019s productivity. Under this system, there was a \u201csummer tax\u201d to be paid in grain (usually wheat) \u2013 but also other commodities like silk, tea, and cotton as I mentioned before - in the eighth lunar month. The second tax, the \u201cautumn grain\u201d, was primarily collected in rice in the second month of the year after harvest. Lands that double-cropped (which were most of them, especially in central and southern China) were duly taxed twice this base rate.  Though the basic unit of tax was the *dan* of grain, substitutes were accepted from the outset of the dynasty \u2013 in Yunnan, for instance, the *fu* could be paid in precious metals, mercury, and even cowrie shells, while in other regions alternative agricultural products like beans, sorghum, millet were taken (though at discounted rates). \n\nCommutation of the tax also took place from the outset, though they really took off beginning in the 16th century. From Huang:\n\n&gt; frequent in the sixteenth century. It could be ordered in two stages. For instance, a [dan] of husked rice was first commuted to a bolt of cotton cloth, and then the cloth was commuted to 0.3 taels of silver. The two stages could be separated by a span of over a century. There were also cases where one was permanent and the other temporary. The commutation rate might or might not follow market prices. Occasionally commutation was offered at deliberately lower rates as a form of tax relief. A particular rate therefore applied only to one specific tax consignment. It is difficult to say which order of commutation was permanent and which temporary. In general an order which had been in effect over a score of years could be considered to be permanently binding, yet there was no absolute guarantee that it would not be reversed or modified. In the sixteenth century court orders became more explicit, usually declaring whether the commutation was to be temporary or permanent. The rates moreover corresponded more closely to the market prices. Despite the numerous commutations husked rice and wheat re- mained the basic tax standards throughout the dynasty. Even after a county collected more than 90 per cent of its land taxes in silver, the silver was still computed from the grain assessment. \n\nHow this all compared with other dynastic eras, though, is pivotal. As I already mentioned, the land tax was by leaps and bounds the largest source of income for the state, yet under the Ming was lower than it had virtually ever been since the Han Dynasty a thousand years prior. The Sui and Tang Dynasties of the 6th-10th centuries had been 25% of a household\u2019s production, and under the succeeding Song at 10% (not counting numerous surcharges). Contrast that, then, with the Ming *fu* rate of between 3-4%, and tax on commerce even lower at about 2%. That, combined with the widespread tax evasion of traders, meant that even at the height of foreign trade under the Ming \u2013 at up to 300 million taels of silver worth of product, the Ming court might only expect to see some 40,000 taels of revenue.\n____________\n\nBrook, Timothy (1998). *The Confusions of Pleasure: Commerce and Culture in Ming China.*\n\nHuang, Ray (1998), \"The Ming fiscal administration\", in Twitchett, Denis and Fairbank, John K. (eds.), *The Ming Dynasty, 1 398\u20131644, Part 2, The Cambridge History of China*\n\nHuang, Ray (1974). *Taxation and Governmental Finance in Sixteenth-Century Ming China.*", "edited": false, "author_flair_css_class": "asia", "collapsed": false, "is_submitter": false, "collapsed_reason": null, "body_html": "&lt;div class=\"md\"&gt;&lt;p&gt;The land tax, or &lt;em&gt;fu&lt;/em&gt;, was by far the largest source of state income. The more regular taxes were paid either in cash, or more often in-kind in the form of what each household could provide: rice, silk, tea, etc. It produced on average some 27 million &lt;em&gt;dan&lt;/em&gt; of rice and wheat per annum for the government (a &lt;em&gt;dan&lt;/em&gt;, by the way, is a traditional unit of weight defined as \u201cthe amount one can carry on their shoulders\u201d, equivalent in imperial China to 100 catties, or today approximately 60 kg). The second largest source of state revenue was the salt tax, but that provided only 10% of the income generated by the &lt;em&gt;fu&lt;/em&gt;. The &lt;em&gt;fu&lt;/em&gt; was based on the \u201ctwo-tax system\u201d, which was an assessment of the land\u2019s productivity. Under this system, there was a \u201csummer tax\u201d to be paid in grain (usually wheat) \u2013 but also other commodities like silk, tea, and cotton as I mentioned before - in the eighth lunar month. The second tax, the \u201cautumn grain\u201d, was primarily collected in rice in the second month of the year after harvest. Lands that double-cropped (which were most of them, especially in central and southern China) were duly taxed twice this base rate.  Though the basic unit of tax was the &lt;em&gt;dan&lt;/em&gt; of grain, substitutes were accepted from the outset of the dynasty \u2013 in Yunnan, for instance, the &lt;em&gt;fu&lt;/em&gt; could be paid in precious metals, mercury, and even cowrie shells, while in other regions alternative agricultural products like beans, sorghum, millet were taken (though at discounted rates). &lt;/p&gt;\n\n&lt;p&gt;Commutation of the tax also took place from the outset, though they really took off beginning in the 16th century. From Huang:&lt;/p&gt;\n\n&lt;blockquote&gt;\n&lt;p&gt;frequent in the sixteenth century. It could be ordered in two stages. For instance, a [dan] of husked rice was first commuted to a bolt of cotton cloth, and then the cloth was commuted to 0.3 taels of silver. The two stages could be separated by a span of over a century. There were also cases where one was permanent and the other temporary. The commutation rate might or might not follow market prices. Occasionally commutation was offered at deliberately lower rates as a form of tax relief. A particular rate therefore applied only to one specific tax consignment. It is difficult to say which order of commutation was permanent and which temporary. In general an order which had been in effect over a score of years could be considered to be permanently binding, yet there was no absolute guarantee that it would not be reversed or modified. In the sixteenth century court orders became more explicit, usually declaring whether the commutation was to be temporary or permanent. The rates moreover corresponded more closely to the market prices. Despite the numerous commutations husked rice and wheat re- mained the basic tax standards throughout the dynasty. Even after a county collected more than 90 per cent of its land taxes in silver, the silver was still computed from the grain assessment. &lt;/p&gt;\n&lt;/blockquote&gt;\n\n&lt;p&gt;How this all compared with other dynastic eras, though, is pivotal. As I already mentioned, the land tax was by leaps and bounds the largest source of income for the state, yet under the Ming was lower than it had virtually ever been since the Han Dynasty a thousand years prior. The Sui and Tang Dynasties of the 6th-10th centuries had been 25% of a household\u2019s production, and under the succeeding Song at 10% (not counting numerous surcharges). Contrast that, then, with the Ming &lt;em&gt;fu&lt;/em&gt; rate of between 3-4%, and tax on commerce even lower at about 2%. That, combined with the widespread tax evasion of traders, meant that even at the height of foreign trade under the Ming \u2013 at up to 300 million taels of silver worth of product, the Ming court might only expect to see some 40,000 taels of revenue.&lt;/p&gt;\n\n&lt;hr/&gt;\n\n&lt;p&gt;Brook, Timothy (1998). &lt;em&gt;The Confusions of Pleasure: Commerce and Culture in Ming China.&lt;/em&gt;&lt;/p&gt;\n\n&lt;p&gt;Huang, Ray (1998), &amp;quot;The Ming fiscal administration&amp;quot;, in Twitchett, Denis and Fairbank, John K. (eds.), &lt;em&gt;The Ming Dynasty, 1 398\u20131644, Part 2, The Cambridge History of China&lt;/em&gt;&lt;/p&gt;\n\n&lt;p&gt;Huang, Ray (1974). &lt;em&gt;Taxation and Governmental Finance in Sixteenth-Century Ming China.&lt;/em&gt;&lt;/p&gt;\n&lt;/div&gt;", "subreddit_type": "public", "can_gild": true, "subreddit": "AskHistorians", "name": "t1_dv3y8t2", "score_hidden": false, "permalink": "/r/AskHistorians/comments/81erjg/what_was_the_taxation_system_of_mingdynasty_china/dv3y8t2/", "num_reports": null, "stickied": false, "created": 1520083407.0, "author_flair_text": "Early and Middle Imperial China", "created_utc": 1520054607.0, "subreddit_name_prefixed": "r/AskHistorians", "controversiality": 0, "depth": 1, "mod_reports": [], "mod_note": null, "distinguished": null}}], "after": null, "before": null}}, "user_reports": [], "saved": false, "id": "dv3y8m8", "banned_at_utc": null, "mod_reason_title": null, "gilded": 0, "archived": false, "report_reasons": null, "author": "cthulhushrugged", "can_mod_post": false, "send_replies": true, "parent_id": "t3_81erjg", "score": 4, "approved_by": null, "downs": 0, "body": "The Ming was something of a curiosity in terms of its tax provisions, compared to most of the other Chinese dynastic eras of rule. Though the regime certainly borrowed extensively from previous dynastic policies \u2013 financial policies such as having supervisors double as fiscal auditors, circulation of paper government notes to act as currency, the trade and taxation of tea for horses with the nomads of central Asia, and governmental monopoly on the production and sale of salt being the most obvious examples of policies taken up pretty much wholesale from the Yuan, Song, and Tang regimes that preceded the Ming.  At the same time, the early Ming state differed substantively from its antecedents \u2013 and thus set the tone for the whole dynasty \u2013 in terms of remarkably high concentration of power in the person of the emperor himself, and thus a relatively smaller number of regional and local administrators, as well as a greater reliance on agrarian sources of revenue than its predecessosr, especially after the death of the second emperor and the heavy restriction of maritime trade.\n\nPart of the reason for these differences stems from the fact that under the Ming regime, policy was focused on correcting the perceived imbalance in development between different regions of the realm. The coastal regions \u2013 much like China today \u2013 profited immensely from foreign trade and craft work, while the interior toiled under much the same agrarianism that had been the lot of a farmer since time immemorial. From Ray Huang: \n\n&gt; As the Ming administrators saw it, to promote those advanced sectors of the economy would only widen the economic imbalance, which in turn would threaten the empire's political unity. It was far more desirable to keep all the provinces on the same footing, albeit at the level of the more backward sectors of the economy. The Ming fiscal policies were largely determined by this attitude. Such an approach seems absurd to the modern historian, in that it sacrificed China's long-term economic growth for the sake of a short-term political aim. Ming administrators, however, did not have the foresight to visualize the contributions that industry and commerce could ultimately render to a modern state. \n\nChina was vastly larger than any Western European state, or those feudal territories of pre-Tokugawa Japan for that matter. What this meant was that promoting industy and commerce would have far more visible and immediate positive effects on those smaller territories, whereas across the vastness of the Ming, such benefits were much less clear. Another explanation was that \u2013 again, very much unlike Japan or Europe \u2013 within the borders of the Ming, there was virtually no regional competition, and thus no real impetus to revise or adapt policies that were deemed \u201cgood enough.\u201d  In other words, Ming administrators felt that they \u201ccould afford the price of backwardness\u201d to achieve their goal of uniform stability over the whole empire.\n\nThe Ming tax system was based on household registration, the so-called Yellow Book system (*huangce*) with a census to be taken every 10 years beginning in 1381 under the personal direction of the founding Hongwu Emperor, and with the last Ming census completed in 1642, just two years before the dynasty\u2019s collapse. The population as a whole was classified into 4 broad categories: 1) general population, 2) hereditary military families, 3) artisans, and 4) households involved in the state production of salt.\n\nTravel and trade, though not outright forbidden, were heavily discouraged. This is probably best summed up by Hongwu\u2019s favorite moral dicta from the *Dao Dejing*:\n\n&gt; Let the state be small and the people few;  \nSo that the people... fearing death, will be reluctant to move great distances  \nAnd, even if they have boats and carts, will not use them.  \nSo that the people... will find their food sweet and their clothes beautiful,  \nWill be content with where they live and happy in their customs.  \nThough adjoining states be within sight of one another and cocks crowing and dogs barking in one be heard in the next,  \nYet the people of one state will grow old and die without having had any dealings with those of another.\n\nIn order to travel from state to state one had to have an official passport and be registered with the government. Those found in contravention of these demands were harshly punished. Once again, this is largely because extensive trade tended to promote regional inequality and disuniformity, one of if not *the* primary concern of the Ming court.\n\nPart of the tax collected was in the form of compelled, unpaid labor, or the levy system. In every villages, households were organized into the *lijia* system. Every 110 households formed a *li*, with each *li* being further subdivided into 10 *jia* of 10 households each. The remaining 10 households \u2013 those deemed to be the largest and wealthiest by census-takers \u2013 took turns each year to act as the head of their *li*. Each year within a *li*, one of the 10 *jia* would be tapped as levy labor:\n\n&gt; Under the direction of the li chief of the year, it performed the local tax collection and delivery, and met all material and labor requisitions on behalf of the entire li. The other units paid their regular taxes, but were not liable to service obligations that year. Thus in a decennial period all households took a one-year turn at discharging their service obligations. After the ten-year cycle a new census was taken and all li-chia were re- organized in accordance with the changes that had occurred during the decade. With certain variations, the wards and precincts in the cities were organized along similar lines. \n\nServices rendered by the *jia* called up for their year-long spate of duties could expect to perform tasks for the government such as providing office attendants for the administration, from the county all the way up to the imperial government... in role as varied as doormen, guards, messengers, litter-bearer, cooks, buglers, boatmen, patrolmen, jailers, stable grooms, receiving men in warehouses, operators of canal watergates, and clerical assistants. As mentioned, this wasn\u2019t necessarily confined to one\u2019s home region, but instead wherever the government deemed a vacancy needed to be filled.\n\nIn terms of materials that were requisitioned from the lijia system, they too fell completely on the \u201cdesignated *jia*, and could be quite extensive. They were to supply the local government with things like stationary, oil, charcoal, and candles, as well as military equipment like swords, bows, arrows, and uniforms. And from regions of interesting or useful botanical growth, a *jia* could expect to have herbs and medicinal plants as a part of the quotas. These quotas were based on the basic fiscal unit of the *ting*, meaning able-bodied male \u2013 and what one of those \u201cought\u201d to be expected to be able to provide. Unlike, say, a land tax though, there were elements of progressive taxation: households were not all expected to be able to contribute the same, but were instead classified into upper, middle, and lower categories, with obligations distributed accordingly.  This would work well at the beginning of the dynasty, but as time went on and more and more families were able to commute their *jia* obligations through payments of silver, problems gradually cropped up at a systemic level.\n\n\n", "edited": false, "author_flair_css_class": "asia", "collapsed": false, "is_submitter": false, "collapsed_reason": null, "body_html": "&lt;div class=\"md\"&gt;&lt;p&gt;The Ming was something of a curiosity in terms of its tax provisions, compared to most of the other Chinese dynastic eras of rule. Though the regime certainly borrowed extensively from previous dynastic policies \u2013 financial policies such as having supervisors double as fiscal auditors, circulation of paper government notes to act as currency, the trade and taxation of tea for horses with the nomads of central Asia, and governmental monopoly on the production and sale of salt being the most obvious examples of policies taken up pretty much wholesale from the Yuan, Song, and Tang regimes that preceded the Ming.  At the same time, the early Ming state differed substantively from its antecedents \u2013 and thus set the tone for the whole dynasty \u2013 in terms of remarkably high concentration of power in the person of the emperor himself, and thus a relatively smaller number of regional and local administrators, as well as a greater reliance on agrarian sources of revenue than its predecessosr, especially after the death of the second emperor and the heavy restriction of maritime trade.&lt;/p&gt;\n\n&lt;p&gt;Part of the reason for these differences stems from the fact that under the Ming regime, policy was focused on correcting the perceived imbalance in development between different regions of the realm. The coastal regions \u2013 much like China today \u2013 profited immensely from foreign trade and craft work, while the interior toiled under much the same agrarianism that had been the lot of a farmer since time immemorial. From Ray Huang: &lt;/p&gt;\n\n&lt;blockquote&gt;\n&lt;p&gt;As the Ming administrators saw it, to promote those advanced sectors of the economy would only widen the economic imbalance, which in turn would threaten the empire&amp;#39;s political unity. It was far more desirable to keep all the provinces on the same footing, albeit at the level of the more backward sectors of the economy. The Ming fiscal policies were largely determined by this attitude. Such an approach seems absurd to the modern historian, in that it sacrificed China&amp;#39;s long-term economic growth for the sake of a short-term political aim. Ming administrators, however, did not have the foresight to visualize the contributions that industry and commerce could ultimately render to a modern state. &lt;/p&gt;\n&lt;/blockquote&gt;\n\n&lt;p&gt;China was vastly larger than any Western European state, or those feudal territories of pre-Tokugawa Japan for that matter. What this meant was that promoting industy and commerce would have far more visible and immediate positive effects on those smaller territories, whereas across the vastness of the Ming, such benefits were much less clear. Another explanation was that \u2013 again, very much unlike Japan or Europe \u2013 within the borders of the Ming, there was virtually no regional competition, and thus no real impetus to revise or adapt policies that were deemed \u201cgood enough.\u201d  In other words, Ming administrators felt that they \u201ccould afford the price of backwardness\u201d to achieve their goal of uniform stability over the whole empire.&lt;/p&gt;\n\n&lt;p&gt;The Ming tax system was based on household registration, the so-called Yellow Book system (&lt;em&gt;huangce&lt;/em&gt;) with a census to be taken every 10 years beginning in 1381 under the personal direction of the founding Hongwu Emperor, and with the last Ming census completed in 1642, just two years before the dynasty\u2019s collapse. The population as a whole was classified into 4 broad categories: 1) general population, 2) hereditary military families, 3) artisans, and 4) households involved in the state production of salt.&lt;/p&gt;\n\n&lt;p&gt;Travel and trade, though not outright forbidden, were heavily discouraged. This is probably best summed up by Hongwu\u2019s favorite moral dicta from the &lt;em&gt;Dao Dejing&lt;/em&gt;:&lt;/p&gt;\n\n&lt;blockquote&gt;\n&lt;p&gt;Let the state be small and the people few;&lt;br/&gt;\nSo that the people... fearing death, will be reluctant to move great distances&lt;br/&gt;\nAnd, even if they have boats and carts, will not use them.&lt;br/&gt;\nSo that the people... will find their food sweet and their clothes beautiful,&lt;br/&gt;\nWill be content with where they live and happy in their customs.&lt;br/&gt;\nThough adjoining states be within sight of one another and cocks crowing and dogs barking in one be heard in the next,&lt;br/&gt;\nYet the people of one state will grow old and die without having had any dealings with those of another.&lt;/p&gt;\n&lt;/blockquote&gt;\n\n&lt;p&gt;In order to travel from state to state one had to have an official passport and be registered with the government. Those found in contravention of these demands were harshly punished. Once again, this is largely because extensive trade tended to promote regional inequality and disuniformity, one of if not &lt;em&gt;the&lt;/em&gt; primary concern of the Ming court.&lt;/p&gt;\n\n&lt;p&gt;Part of the tax collected was in the form of compelled, unpaid labor, or the levy system. In every villages, households were organized into the &lt;em&gt;lijia&lt;/em&gt; system. Every 110 households formed a &lt;em&gt;li&lt;/em&gt;, with each &lt;em&gt;li&lt;/em&gt; being further subdivided into 10 &lt;em&gt;jia&lt;/em&gt; of 10 households each. The remaining 10 households \u2013 those deemed to be the largest and wealthiest by census-takers \u2013 took turns each year to act as the head of their &lt;em&gt;li&lt;/em&gt;. Each year within a &lt;em&gt;li&lt;/em&gt;, one of the 10 &lt;em&gt;jia&lt;/em&gt; would be tapped as levy labor:&lt;/p&gt;\n\n&lt;blockquote&gt;\n&lt;p&gt;Under the direction of the li chief of the year, it performed the local tax collection and delivery, and met all material and labor requisitions on behalf of the entire li. The other units paid their regular taxes, but were not liable to service obligations that year. Thus in a decennial period all households took a one-year turn at discharging their service obligations. After the ten-year cycle a new census was taken and all li-chia were re- organized in accordance with the changes that had occurred during the decade. With certain variations, the wards and precincts in the cities were organized along similar lines. &lt;/p&gt;\n&lt;/blockquote&gt;\n\n&lt;p&gt;Services rendered by the &lt;em&gt;jia&lt;/em&gt; called up for their year-long spate of duties could expect to perform tasks for the government such as providing office attendants for the administration, from the county all the way up to the imperial government... in role as varied as doormen, guards, messengers, litter-bearer, cooks, buglers, boatmen, patrolmen, jailers, stable grooms, receiving men in warehouses, operators of canal watergates, and clerical assistants. As mentioned, this wasn\u2019t necessarily confined to one\u2019s home region, but instead wherever the government deemed a vacancy needed to be filled.&lt;/p&gt;\n\n&lt;p&gt;In terms of materials that were requisitioned from the lijia system, they too fell completely on the \u201cdesignated &lt;em&gt;jia&lt;/em&gt;, and could be quite extensive. They were to supply the local government with things like stationary, oil, charcoal, and candles, as well as military equipment like swords, bows, arrows, and uniforms. And from regions of interesting or useful botanical growth, a &lt;em&gt;jia&lt;/em&gt; could expect to have herbs and medicinal plants as a part of the quotas. These quotas were based on the basic fiscal unit of the &lt;em&gt;ting&lt;/em&gt;, meaning able-bodied male \u2013 and what one of those \u201cought\u201d to be expected to be able to provide. Unlike, say, a land tax though, there were elements of progressive taxation: households were not all expected to be able to contribute the same, but were instead classified into upper, middle, and lower categories, with obligations distributed accordingly.  This would work well at the beginning of the dynasty, but as time went on and more and more families were able to commute their &lt;em&gt;jia&lt;/em&gt; obligations through payments of silver, problems gradually cropped up at a systemic level.&lt;/p&gt;\n&lt;/div&gt;", "subreddit_type": "public", "can_gild": true, "subreddit": "AskHistorians", "name": "t1_dv3y8m8", "score_hidden": false, "permalink": "/r/AskHistorians/comments/81erjg/what_was_the_taxation_system_of_mingdynasty_china/dv3y8m8/", "num_reports": null, "stickied": false, "created": 1520083397.0, "author_flair_text": "Early and Middle Imperial China", "created_utc": 1520054597.0, "subreddit_name_prefixed": "r/AskHistorians", "controversiality": 0, "depth": 0, "mod_reports": [], "mod_note": null, "distinguished": null}}], "after": null, "before": null}}]