[{"kind": "Listing", "data": {"modhash": "", "dist": 1, "children": [{"kind": "t3", "data": {"approved_at_utc": null, "subreddit": "AskHistorians", "selftext": "I've heard that the British army and navy during the Empire / Napoleonic War era had a reputation for flogging men, which was unknown / not as common in other armies. (Apparently they didn't use it as a punishment for sepoys in British service either)\n\nMy questions are:\n- How common was the practice in the British army around the time of the Napoleonic wars?\n- Why was it used? (Was it purely about discipline, or were there other reasons?)\n- Did armies that included flogging as a punishment perform better in combat than those that did not?", "user_reports": [], "saved": false, "mod_reason_title": null, "gilded": 0, "clicked": false, "title": "Flogging during the Napoleonic Wars?", "link_flair_richtext": [], "subreddit_name_prefixed": "r/AskHistorians", "hidden": false, "pwls": 6, "link_flair_css_class": null, "downs": 0, "parent_whitelist_status": "all_ads", "hide_score": false, "name": "t3_6ktcs4", "quarantine": false, "link_flair_text_color": "dark", "upvote_ratio": 0.62, "author_flair_background_color": null, "subreddit_type": "public", "ups": 3, "domain": "self.AskHistorians", "media_embed": {}, "author_flair_template_id": null, "is_original_content": false, "secure_media": null, "is_reddit_media_domain": false, "category": null, "secure_media_embed": {}, "link_flair_text": null, "can_mod_post": false, "score": 3, "approved_by": null, "thumbnail": "", "edited": false, "author_flair_css_class": null, "author_flair_richtext": [], "content_categories": null, "is_self": true, "mod_note": null, "created": 1499032670.0, "link_flair_type": "text", "wls": 6, "post_categories": null, "banned_by": null, "author_flair_type": "text", "contest_mode": false, "selftext_html": "&lt;!-- SC_OFF --&gt;&lt;div class=\"md\"&gt;&lt;p&gt;I&amp;#39;ve heard that the British army and navy during the Empire / Napoleonic War era had a reputation for flogging men, which was unknown / not as common in other armies. (Apparently they didn&amp;#39;t use it as a punishment for sepoys in British service either)&lt;/p&gt;\n\n&lt;p&gt;My questions are:\n- How common was the practice in the British army around the time of the Napoleonic wars?\n- Why was it used? (Was it purely about discipline, or were there other reasons?)\n- Did armies that included flogging as a punishment perform better in combat than those that did not?&lt;/p&gt;\n&lt;/div&gt;&lt;!-- SC_ON --&gt;", "likes": null, "suggested_sort": null, "banned_at_utc": null, "view_count": null, "archived": true, "no_follow": false, "is_crosspostable": false, "pinned": false, "over_18": false, "media_only": false, "can_gild": false, "spoiler": false, "locked": false, "author_flair_text": null, "rte_mode": "markdown", "visited": false, "num_reports": null, "distinguished": null, "subreddit_id": "t5_2ssp3", "mod_reason_by": null, "removal_reason": null, "id": "6ktcs4", "report_reasons": null, "author": "LikeAMonkey101", "num_crossposts": 0, "num_comments": 0, "send_replies": true, "mod_reports": [], "author_flair_text_color": null, "permalink": "/r/AskHistorians/comments/6ktcs4/flogging_during_the_napoleonic_wars/", "whitelist_status": "all_ads", "stickied": false, "url": "https://www.reddit.com/r/AskHistorians/comments/6ktcs4/flogging_during_the_napoleonic_wars/", "subreddit_subscribers": 771552, "created_utc": 1499003870.0, "media": null, "is_video": false}}], "after": null, "before": null}}, {"kind": "Listing", "data": {"modhash": "", "dist": null, "children": [], "after": null, "before": null}}]