[{"kind": "Listing", "data": {"modhash": "", "dist": 1, "children": [{"kind": "t3", "data": {"approved_at_utc": null, "subreddit": "AskHistorians", "selftext": "I know today's April Fool's day but I would appreciate a serious answer if anyone has one. (I would appreciate joke answers too though.) \n\nIf, like me, you've played a lot of RTS games such as the *Total War* series you've probably noticed that they tend towards a certain pattern: Cavalry beats archers, archers beat infantry, spearmen beat cavalry, sword- / axe-armed infantry beat spearmen. \n\nWhile I appreciate that this is a huge question, is this something that can generally be said to be true? Would, all other things being equal, we expect a Roman or Medieval general to attempt to use spears to stop a cavalry charge? And would we expect his counterpart to pepper the line of spears with arrows (or other missile weapons) and then attempt to break it with swordsmen or spearmen? ", "user_reports": [], "saved": false, "mod_reason_title": null, "gilded": 0, "clicked": false, "title": "Did pre-gunpowder warfare generally follow the RTS rock-paper-scissors trope? [Serious]", "link_flair_richtext": [], "subreddit_name_prefixed": "r/AskHistorians", "hidden": false, "pwls": 6, "link_flair_css_class": null, "downs": 0, "parent_whitelist_status": "all_ads", "hide_score": false, "name": "t3_b81zd1", "quarantine": false, "link_flair_text_color": "dark", "upvote_ratio": 0.8, "author_flair_background_color": null, "subreddit_type": "public", "ups": 33, "total_awards_received": 0, "media_embed": {}, "author_flair_template_id": null, "is_original_content": false, "author_fullname": "t2_10vxcx", "secure_media": null, "is_reddit_media_domain": false, "is_meta": false, "category": null, "secure_media_embed": {}, "link_flair_text": null, "can_mod_post": false, "score": 33, "approved_by": null, "thumbnail": "", "edited": false, "author_flair_css_class": null, "author_flair_richtext": [], "gildings": {}, "content_categories": null, "is_self": true, "mod_note": null, "created": 1554152040.0, "link_flair_type": "text", "wls": 6, "banned_by": null, "author_flair_type": "text", "domain": "self.AskHistorians", "selftext_html": "&lt;!-- SC_OFF --&gt;&lt;div class=\"md\"&gt;&lt;p&gt;I know today&amp;#39;s April Fool&amp;#39;s day but I would appreciate a serious answer if anyone has one. (I would appreciate joke answers too though.) &lt;/p&gt;\n\n&lt;p&gt;If, like me, you&amp;#39;ve played a lot of RTS games such as the &lt;em&gt;Total War&lt;/em&gt; series you&amp;#39;ve probably noticed that they tend towards a certain pattern: Cavalry beats archers, archers beat infantry, spearmen beat cavalry, sword- / axe-armed infantry beat spearmen. &lt;/p&gt;\n\n&lt;p&gt;While I appreciate that this is a huge question, is this something that can generally be said to be true? Would, all other things being equal, we expect a Roman or Medieval general to attempt to use spears to stop a cavalry charge? And would we expect his counterpart to pepper the line of spears with arrows (or other missile weapons) and then attempt to break it with swordsmen or spearmen? &lt;/p&gt;\n&lt;/div&gt;&lt;!-- SC_ON --&gt;", "likes": null, "suggested_sort": null, "banned_at_utc": null, "view_count": null, "archived": false, "no_follow": false, "is_crosspostable": false, "pinned": false, "over_18": false, "all_awardings": [], "media": null, "media_only": false, "can_gild": false, "spoiler": false, "locked": false, "author_flair_text": null, "visited": false, "num_reports": null, "distinguished": null, "subreddit_id": "t5_2ssp3", "mod_reason_by": null, "removal_reason": null, "link_flair_background_color": "", "id": "b81zd1", "is_robot_indexable": true, "report_reasons": null, "author": "LikeAMonkey101", "num_crossposts": 0, "num_comments": 9, "send_replies": true, "contest_mode": false, "author_patreon_flair": false, "author_flair_text_color": null, "permalink": "/r/AskHistorians/comments/b81zd1/did_pregunpowder_warfare_generally_follow_the_rts/", "whitelist_status": "all_ads", "stickied": false, "url": "https://www.reddit.com/r/AskHistorians/comments/b81zd1/did_pregunpowder_warfare_generally_follow_the_rts/", "subreddit_subscribers": 958449, "created_utc": 1554123240.0, "mod_reports": [], "is_video": false}}], "after": null, "before": null}}, {"kind": "Listing", "data": {"modhash": "", "dist": null, "children": [{"kind": "t1", "data": {"total_awards_received": 0, "approved_at_utc": null, "ups": 31, "mod_reason_by": null, "banned_by": null, "author_flair_type": "text", "removal_reason": null, "link_id": "t3_b81zd1", "author_flair_template_id": null, "likes": null, "no_follow": false, "replies": {"kind": "Listing", "data": {"modhash": "", "dist": null, "children": [{"kind": "t1", "data": {"total_awards_received": 0, "approved_at_utc": null, "ups": 6, "mod_reason_by": null, "banned_by": null, "author_flair_type": "text", "removal_reason": null, "link_id": "t3_b81zd1", "author_flair_template_id": null, "likes": null, "no_follow": true, "replies": {"kind": "Listing", "data": {"modhash": "", "dist": null, "children": [{"kind": "t1", "data": {"total_awards_received": 0, "approved_at_utc": null, "ups": 9, "mod_reason_by": null, "banned_by": null, "author_flair_type": "text", "removal_reason": null, "link_id": "t3_b81zd1", "author_flair_template_id": null, "likes": null, "no_follow": false, "replies": {"kind": "Listing", "data": {"modhash": "", "dist": null, "children": [{"kind": "t1", "data": {"total_awards_received": 0, "approved_at_utc": null, "ups": 3, "mod_reason_by": null, "banned_by": null, "author_flair_type": "text", "removal_reason": null, "link_id": "t3_b81zd1", "author_flair_template_id": null, "likes": null, "no_follow": true, "replies": "", "user_reports": [], "saved": false, "id": "ejwyx9i", "banned_at_utc": null, "mod_reason_title": null, "gilded": 0, "archived": false, "report_reasons": null, "author": "Hive_Intelligence", "can_mod_post": false, "send_replies": true, "parent_id": "t1_ejwwkmb", "score": 3, "author_fullname": "t2_17dgrh", "approved_by": null, "all_awardings": [], "subreddit_id": "t5_2ssp3", "body": "Very interesting and informative, thanks!", "edited": false, "author_flair_css_class": null, "is_submitter": false, "downs": 0, "author_flair_richtext": [], "author_patreon_flair": false, "collapsed_reason": null, "body_html": "&lt;div class=\"md\"&gt;&lt;p&gt;Very interesting and informative, thanks!&lt;/p&gt;\n&lt;/div&gt;", "stickied": false, "subreddit_type": "public", "can_gild": true, "gildings": {}, "author_flair_text_color": null, "score_hidden": false, "permalink": "/r/AskHistorians/comments/b81zd1/did_pregunpowder_warfare_generally_follow_the_rts/ejwyx9i/", "num_reports": null, "locked": false, "name": "t1_ejwyx9i", "created": 1554194974.0, "subreddit": "AskHistorians", "author_flair_text": null, "collapsed": false, "created_utc": 1554166174.0, "subreddit_name_prefixed": "r/AskHistorians", "controversiality": 0, "depth": 3, "author_flair_background_color": null, "mod_reports": [], "mod_note": null, "distinguished": null}}], "after": null, "before": null}}, "user_reports": [], "saved": false, "id": "ejwwkmb", "banned_at_utc": null, "mod_reason_title": null, "gilded": 0, "archived": false, "report_reasons": null, "author": "wotan_weevil", "can_mod_post": false, "send_replies": true, "parent_id": "t1_ejwsuvs", "score": 9, "author_fullname": "t2_uu09h", "approved_by": null, "all_awardings": [], "subreddit_id": "t5_2ssp3", "body": "Yes, spearmen often had swords, often the same length as the usual infantry sword. When spearmen carried short swords, the short sword was often the standard infantry sword. When the common infantry sword was longer full-size sword (like an arming sword), spearmen often had such swords. You can even see pikemen with hand-and-a-half swords in art.\n\nThis is one reason why swordsmen aren't an antidote to spearmen - the spearmen are part-time swordsmen. (Sometimes, the specialist swordsmen have the advantage of a shield while the spearmen don't, which can help, but one shouldn't expect this to be decisive.)\n\nSpears break. Spears get stuck in targets (especially cavalry spears, i.e., lances). Spears get dropped when the formation breaks and everybody runs - it's easier to run without the spear (shields get discarded too). Spears, especially long spears, can get all tangled up. When this happens:\n\nhttps://commons.wikimedia.org/wiki/File:Bad-war.jpg\n\nit can be time to draw swords. One might even have the fun job of scaling walls - easier to climb a ladder with sword in hand than with a spear (especially a long two-handed spear).", "edited": false, "author_flair_css_class": "qualitycontributor", "is_submitter": false, "downs": 0, "author_flair_richtext": [], "author_patreon_flair": false, "collapsed_reason": null, "body_html": "&lt;div class=\"md\"&gt;&lt;p&gt;Yes, spearmen often had swords, often the same length as the usual infantry sword. When spearmen carried short swords, the short sword was often the standard infantry sword. When the common infantry sword was longer full-size sword (like an arming sword), spearmen often had such swords. You can even see pikemen with hand-and-a-half swords in art.&lt;/p&gt;\n\n&lt;p&gt;This is one reason why swordsmen aren&amp;#39;t an antidote to spearmen - the spearmen are part-time swordsmen. (Sometimes, the specialist swordsmen have the advantage of a shield while the spearmen don&amp;#39;t, which can help, but one shouldn&amp;#39;t expect this to be decisive.)&lt;/p&gt;\n\n&lt;p&gt;Spears break. Spears get stuck in targets (especially cavalry spears, i.e., lances). Spears get dropped when the formation breaks and everybody runs - it&amp;#39;s easier to run without the spear (shields get discarded too). Spears, especially long spears, can get all tangled up. When this happens:&lt;/p&gt;\n\n&lt;p&gt;&lt;a href=\"https://commons.wikimedia.org/wiki/File:Bad-war.jpg\"&gt;https://commons.wikimedia.org/wiki/File:Bad-war.jpg&lt;/a&gt;&lt;/p&gt;\n\n&lt;p&gt;it can be time to draw swords. One might even have the fun job of scaling walls - easier to climb a ladder with sword in hand than with a spear (especially a long two-handed spear).&lt;/p&gt;\n&lt;/div&gt;", "stickied": false, "subreddit_type": "public", "can_gild": true, "gildings": {}, "author_flair_text_color": "dark", "score_hidden": false, "permalink": "/r/AskHistorians/comments/b81zd1/did_pregunpowder_warfare_generally_follow_the_rts/ejwwkmb/", "num_reports": null, "locked": false, "name": "t1_ejwwkmb", "created": 1554193150.0, "subreddit": "AskHistorians", "author_flair_text": "Quality Contributor", "collapsed": false, "created_utc": 1554164350.0, "subreddit_name_prefixed": "r/AskHistorians", "controversiality": 0, "depth": 2, "author_flair_background_color": "", "mod_reports": [], "mod_note": null, "distinguished": null}}, {"kind": "t1", "data": {"total_awards_received": 0, "approved_at_utc": null, "ups": 3, "mod_reason_by": null, "banned_by": null, "author_flair_type": "text", "removal_reason": null, "link_id": "t3_b81zd1", "author_flair_template_id": null, "likes": null, "no_follow": true, "replies": {"kind": "Listing", "data": {"modhash": "", "dist": null, "children": [{"kind": "t1", "data": {"total_awards_received": 0, "approved_at_utc": null, "ups": 2, "mod_reason_by": null, "banned_by": null, "author_flair_type": "text", "removal_reason": null, "link_id": "t3_b81zd1", "author_flair_template_id": null, "likes": null, "no_follow": true, "replies": "", "user_reports": [], "saved": false, "id": "ekvumrb", "banned_at_utc": null, "mod_reason_title": null, "gilded": 0, "archived": false, "report_reasons": null, "author": "HouseOfHistory", "can_mod_post": false, "send_replies": true, "parent_id": "t1_ekvbfne", "score": 2, "author_fullname": "t2_2d7ex7ko", "approved_by": null, "all_awardings": [], "subreddit_id": "t5_2ssp3", "body": "To add to that: longbows (and crossbows, to a lesser extent) are an extremely indiscriminatory weapon once the melee commences. Archers would have a massive impact at the beginning of a battle (routing or weakening the advancing enemy cavalry/infantry) but once these forces would clash in a melee with other infantry, a volley of arrows was unable to distinguish between friend and foe. During the battle of Cr\u00e9cy, for example (figured I'd cite a book about the battle (and war) that is associated with the emergence of longbowmen), Genoese crossbowmen were made to walk in front of the infantry, and once the melee erupted they would then draw their swords and join in the melee. (Source: Michael Prestwich. The Battle of Cr\u00e9cy, 1346 (Woodbridge, 2005)).\n\n&amp;#x200B;\n\nIn conclusion, it wasn't ideal to be a crossbow-mercenary  in the 14th century and it was no rare occurrence for archers to have a sword to resort to once a melee would erupt.\n\n&amp;#x200B;\n\nPS: To honour historical objectivity in your videos, does this mean you'll strap a dagger to your thigh from now on?", "edited": 1555264668.0, "author_flair_css_class": null, "is_submitter": false, "downs": 0, "author_flair_richtext": [], "author_patreon_flair": false, "collapsed_reason": null, "body_html": "&lt;div class=\"md\"&gt;&lt;p&gt;To add to that: longbows (and crossbows, to a lesser extent) are an extremely indiscriminatory weapon once the melee commences. Archers would have a massive impact at the beginning of a battle (routing or weakening the advancing enemy cavalry/infantry) but once these forces would clash in a melee with other infantry, a volley of arrows was unable to distinguish between friend and foe. During the battle of Cr\u00e9cy, for example (figured I&amp;#39;d cite a book about the battle (and war) that is associated with the emergence of longbowmen), Genoese crossbowmen were made to walk in front of the infantry, and once the melee erupted they would then draw their swords and join in the melee. (Source: Michael Prestwich. The Battle of Cr\u00e9cy, 1346 (Woodbridge, 2005)).&lt;/p&gt;\n\n&lt;p&gt;&amp;#x200B;&lt;/p&gt;\n\n&lt;p&gt;In conclusion, it wasn&amp;#39;t ideal to be a crossbow-mercenary  in the 14th century and it was no rare occurrence for archers to have a sword to resort to once a melee would erupt.&lt;/p&gt;\n\n&lt;p&gt;&amp;#x200B;&lt;/p&gt;\n\n&lt;p&gt;PS: To honour historical objectivity in your videos, does this mean you&amp;#39;ll strap a dagger to your thigh from now on?&lt;/p&gt;\n&lt;/div&gt;", "stickied": false, "subreddit_type": "public", "can_gild": true, "gildings": {}, "author_flair_text_color": null, "score_hidden": false, "permalink": "/r/AskHistorians/comments/b81zd1/did_pregunpowder_warfare_generally_follow_the_rts/ekvumrb/", "num_reports": null, "locked": false, "name": "t1_ekvumrb", "created": 1555293287.0, "subreddit": "AskHistorians", "author_flair_text": null, "collapsed": false, "created_utc": 1555264487.0, "subreddit_name_prefixed": "r/AskHistorians", "controversiality": 0, "depth": 3, "author_flair_background_color": null, "mod_reports": [], "mod_note": null, "distinguished": null}}], "after": null, "before": null}}, "user_reports": [], "saved": false, "id": "ekvbfne", "banned_at_utc": null, "mod_reason_title": null, "gilded": 0, "archived": false, "report_reasons": null, "author": "nusensei", "can_mod_post": false, "send_replies": true, "parent_id": "t1_ejwsuvs", "score": 3, "author_fullname": "t2_eduun", "approved_by": null, "all_awardings": [], "subreddit_id": "t5_2ssp3", "body": "Swords were commonly a sidearm. While games like TW make swords/axes the anti-infantry component of the rock-paper-scissors system, it was not unusual for a warrior to have all three weapons: the bow for ranged combat, the spear when fighting in melee, and the sword as a tertiary weapon. The Samurai, for example, were mounted bowmen first, and the yari was a more effective weapon on the battlefield (as with most polearms) than a sword. Then on top of that you might have shorter blades and daggers for anti-armour work.\n\nGames, of course, have to consider balance. If a particular type of unit were to possess the qualities of sword, spear and bow, they would be game-breaking and have to balanced out in other ways. I believe one of the few examples of the all-round unit is the Samurai from Rise of the Samurai, as they are the best all-round infantry with a ranged weapon.\n\nSimilarly, you end up with strange unit decisions in games set in Antiquity that, in real life, would be far more flexible. Roman legionaries, for example, were capable of using counter-cavalry tactics with their pila as a short spear. Greek hoplites were armed with sword and spear, but in most games they are deployed exclusively as spear units, requiring an additional \"sword\" unit to complement it.\n\nIn short, real soldiers were more flexible in their tactics and weapons, while games are restricted by balance, gameplay and fun.", "edited": false, "author_flair_css_class": null, "is_submitter": false, "downs": 0, "author_flair_richtext": [], "author_patreon_flair": false, "collapsed_reason": null, "body_html": "&lt;div class=\"md\"&gt;&lt;p&gt;Swords were commonly a sidearm. While games like TW make swords/axes the anti-infantry component of the rock-paper-scissors system, it was not unusual for a warrior to have all three weapons: the bow for ranged combat, the spear when fighting in melee, and the sword as a tertiary weapon. The Samurai, for example, were mounted bowmen first, and the yari was a more effective weapon on the battlefield (as with most polearms) than a sword. Then on top of that you might have shorter blades and daggers for anti-armour work.&lt;/p&gt;\n\n&lt;p&gt;Games, of course, have to consider balance. If a particular type of unit were to possess the qualities of sword, spear and bow, they would be game-breaking and have to balanced out in other ways. I believe one of the few examples of the all-round unit is the Samurai from Rise of the Samurai, as they are the best all-round infantry with a ranged weapon.&lt;/p&gt;\n\n&lt;p&gt;Similarly, you end up with strange unit decisions in games set in Antiquity that, in real life, would be far more flexible. Roman legionaries, for example, were capable of using counter-cavalry tactics with their pila as a short spear. Greek hoplites were armed with sword and spear, but in most games they are deployed exclusively as spear units, requiring an additional &amp;quot;sword&amp;quot; unit to complement it.&lt;/p&gt;\n\n&lt;p&gt;In short, real soldiers were more flexible in their tactics and weapons, while games are restricted by balance, gameplay and fun.&lt;/p&gt;\n&lt;/div&gt;", "stickied": false, "subreddit_type": "public", "can_gild": true, "gildings": {}, "author_flair_text_color": null, "score_hidden": false, "permalink": "/r/AskHistorians/comments/b81zd1/did_pregunpowder_warfare_generally_follow_the_rts/ekvbfne/", "num_reports": null, "locked": false, "name": "t1_ekvbfne", "created": 1555278367.0, "subreddit": "AskHistorians", "author_flair_text": null, "collapsed": false, "created_utc": 1555249567.0, "subreddit_name_prefixed": "r/AskHistorians", "controversiality": 0, "depth": 2, "author_flair_background_color": null, "mod_reports": [], "mod_note": null, "distinguished": null}}], "after": null, "before": null}}, "user_reports": [], "saved": false, "id": "ejwsuvs", "banned_at_utc": null, "mod_reason_title": null, "gilded": 0, "archived": false, "report_reasons": null, "author": "Hive_Intelligence", "can_mod_post": false, "send_replies": true, "parent_id": "t1_ejvgz2t", "score": 6, "author_fullname": "t2_17dgrh", "approved_by": null, "all_awardings": [], "subreddit_id": "t5_2ssp3", "body": "Where did the sword fit in in all this, then? I understand the later, smaller swords like the arming sword tended to be more about personal self-defense. But spearmen did often have at least a short sword as well, didn't they? Was that just for when enemy infantry or cavalry broke your formation, or last-ditch self-defense when in a rout?", "edited": false, "author_flair_css_class": null, "is_submitter": false, "downs": 0, "author_flair_richtext": [], "author_patreon_flair": false, "collapsed_reason": null, "body_html": "&lt;div class=\"md\"&gt;&lt;p&gt;Where did the sword fit in in all this, then? I understand the later, smaller swords like the arming sword tended to be more about personal self-defense. But spearmen did often have at least a short sword as well, didn&amp;#39;t they? Was that just for when enemy infantry or cavalry broke your formation, or last-ditch self-defense when in a rout?&lt;/p&gt;\n&lt;/div&gt;", "stickied": false, "subreddit_type": "public", "can_gild": true, "gildings": {}, "author_flair_text_color": null, "score_hidden": false, "permalink": "/r/AskHistorians/comments/b81zd1/did_pregunpowder_warfare_generally_follow_the_rts/ejwsuvs/", "num_reports": null, "locked": false, "name": "t1_ejwsuvs", "created": 1554190286.0, "subreddit": "AskHistorians", "author_flair_text": null, "collapsed": false, "created_utc": 1554161486.0, "subreddit_name_prefixed": "r/AskHistorians", "controversiality": 0, "depth": 1, "author_flair_background_color": null, "mod_reports": [], "mod_note": null, "distinguished": null}}], "after": null, "before": null}}, "user_reports": [], "saved": false, "id": "ejvgz2t", "banned_at_utc": null, "mod_reason_title": null, "gilded": 0, "archived": false, "report_reasons": null, "author": "wotan_weevil", "can_mod_post": false, "send_replies": true, "parent_id": "t3_b81zd1", "score": 31, "author_fullname": "t2_uu09h", "approved_by": null, "all_awardings": [], "subreddit_id": "t5_2ssp3", "body": "To some extent, this is true. Archers and crossbowmen were vulnerable to cavalry, and needed to be protected by friendly infantry or field fortifications. In turn, unarmoured spearmen/pikemen were very vulnerable to archers (and even armoured spearmen wouldn't like standing there being shot at), but, with good discipline, could be very effective against cavalry.\n\nBut it isn't just rock-paper-scissors. The different types can work together. Given disciplined spearmen/pikemen, ancient (Hellenistic, Roman, etc.) and medieval commanders would use spearmen/pikemen to stop cavalry, and use archers to shoot at those cavalry. While archers were vulnerable to cavalry, cavalry were vulnerable to archers too - especially the horses which were often less protected by armour than their riders. If the cavalry could close with the archers, the archers were in trouble, but if they cavalry couldn't close with the archers, the cavalry was in trouble.\n\nThis didn't change with the adoption of guns, but continued into the era of pike-and-shot warfare (e.g., Thirty Years War, English Civil War). Infantry (mostly spearmen/pikemen), missile troops (archers, crossbowmen, arquebusiers/musketeers), and cavalry were the main elements of armies for a long time. With gunpowder artillery in common use, we can add artillery as a fourth major arm. Eventually, the bayonet allowed pike and shot to be merged into a common infantry, leaving the main branches as infantry, cavalry, and artillery.\n\nHowever, don't expect swordsmen/axemen to be particularly effective against spearmen. The Spanish experimented with sword-and-shield men (*roleleros*) against pikes in the 16th century, with some success, but good pikemen could defend themselves against them well enough, and *rodeleros* were vulnerable to cavalry.\n\nOne common tactic was to use cavalry to force the enemy infantry (mostly spearmen) to stay in formation to resist cavalry attack, and then shoot at them with archers. Either the archers break the enemy infantry formation, which then flees, pursued by cavalry, or the enemy infantry is goaded into charging the archers and, if the plan goes well, then stopped by the infantry protecting the archers. If they break and flee after their unsuccessful attack, then the cavalry pursues. If they don't break, attack them in the flank or rear with cavalry. This assumes that enemy archers can be ignored - either overwhelm them with your own archer (hopefully greatly superior in numbers) or hit their archers with your cavalry at the start of the battle.", "edited": false, "author_flair_css_class": "qualitycontributor", "is_submitter": false, "downs": 0, "author_flair_richtext": [], "author_patreon_flair": false, "collapsed_reason": null, "body_html": "&lt;div class=\"md\"&gt;&lt;p&gt;To some extent, this is true. Archers and crossbowmen were vulnerable to cavalry, and needed to be protected by friendly infantry or field fortifications. In turn, unarmoured spearmen/pikemen were very vulnerable to archers (and even armoured spearmen wouldn&amp;#39;t like standing there being shot at), but, with good discipline, could be very effective against cavalry.&lt;/p&gt;\n\n&lt;p&gt;But it isn&amp;#39;t just rock-paper-scissors. The different types can work together. Given disciplined spearmen/pikemen, ancient (Hellenistic, Roman, etc.) and medieval commanders would use spearmen/pikemen to stop cavalry, and use archers to shoot at those cavalry. While archers were vulnerable to cavalry, cavalry were vulnerable to archers too - especially the horses which were often less protected by armour than their riders. If the cavalry could close with the archers, the archers were in trouble, but if they cavalry couldn&amp;#39;t close with the archers, the cavalry was in trouble.&lt;/p&gt;\n\n&lt;p&gt;This didn&amp;#39;t change with the adoption of guns, but continued into the era of pike-and-shot warfare (e.g., Thirty Years War, English Civil War). Infantry (mostly spearmen/pikemen), missile troops (archers, crossbowmen, arquebusiers/musketeers), and cavalry were the main elements of armies for a long time. With gunpowder artillery in common use, we can add artillery as a fourth major arm. Eventually, the bayonet allowed pike and shot to be merged into a common infantry, leaving the main branches as infantry, cavalry, and artillery.&lt;/p&gt;\n\n&lt;p&gt;However, don&amp;#39;t expect swordsmen/axemen to be particularly effective against spearmen. The Spanish experimented with sword-and-shield men (&lt;em&gt;roleleros&lt;/em&gt;) against pikes in the 16th century, with some success, but good pikemen could defend themselves against them well enough, and &lt;em&gt;rodeleros&lt;/em&gt; were vulnerable to cavalry.&lt;/p&gt;\n\n&lt;p&gt;One common tactic was to use cavalry to force the enemy infantry (mostly spearmen) to stay in formation to resist cavalry attack, and then shoot at them with archers. Either the archers break the enemy infantry formation, which then flees, pursued by cavalry, or the enemy infantry is goaded into charging the archers and, if the plan goes well, then stopped by the infantry protecting the archers. If they break and flee after their unsuccessful attack, then the cavalry pursues. If they don&amp;#39;t break, attack them in the flank or rear with cavalry. This assumes that enemy archers can be ignored - either overwhelm them with your own archer (hopefully greatly superior in numbers) or hit their archers with your cavalry at the start of the battle.&lt;/p&gt;\n&lt;/div&gt;", "stickied": false, "subreddit_type": "public", "can_gild": true, "gildings": {}, "author_flair_text_color": "dark", "score_hidden": false, "permalink": "/r/AskHistorians/comments/b81zd1/did_pregunpowder_warfare_generally_follow_the_rts/ejvgz2t/", "num_reports": null, "locked": false, "name": "t1_ejvgz2t", "created": 1554156013.0, "subreddit": "AskHistorians", "author_flair_text": "Quality Contributor", "collapsed": false, "created_utc": 1554127213.0, "subreddit_name_prefixed": "r/AskHistorians", "controversiality": 0, "depth": 0, "author_flair_background_color": "", "mod_reports": [], "mod_note": null, "distinguished": null}}, {"kind": "t1", "data": {"total_awards_received": 0, "approved_at_utc": null, "ups": 14, "mod_reason_by": null, "banned_by": null, "author_flair_type": "text", "removal_reason": null, "link_id": "t3_b81zd1", "author_flair_template_id": null, "likes": null, "no_follow": false, "replies": {"kind": "Listing", "data": {"modhash": "", "dist": null, "children": [{"kind": "t1", "data": {"total_awards_received": 0, "approved_at_utc": null, "ups": 6, "mod_reason_by": null, "banned_by": null, "author_flair_type": "text", "removal_reason": null, "link_id": "t3_b81zd1", "author_flair_template_id": null, "likes": null, "no_follow": true, "replies": "", "user_reports": [], "saved": false, "id": "ejwdy3l", "banned_at_utc": null, "mod_reason_title": null, "gilded": 0, "archived": false, "report_reasons": null, "author": "RunFar87", "can_mod_post": false, "send_replies": true, "parent_id": "t1_ejvl9sz", "score": 6, "author_fullname": "t2_2ukqzg6p", "approved_by": null, "all_awardings": [], "subreddit_id": "t5_2ssp3", "body": "I would second all of this great answer.  I will point out that various groups, perhaps most famously the Mongols, employed armies composed primarily of horse archers to great effect.  These could avoid the issue of foot archers which superplanner so accurately describes.  The \"Parthian shot,\" was a tactic used in which light cavalry would advance, firing their bows, then retreat when challenged, still firing their bows over their shoulders.  Made famous at the Battle of Carrahae, in which the Parthian army of 9,000 horse archers and 1,000 heavy cavalry (known as cataphracts) defeated a Roman army several times its size while suffering virtually no casualties, this tactic was employed by many other armies over the years.\n\nOf course, again echoing Superplanner, a wise general could avoid such disasters as Carrahae (~50 BC) and Manzikert (1071 AD).  Some \"rocks to horse archers' scissor\" would be avoiding exposing the army on large plains, establishing battlefield fortifications, and maintaining formation and troops discipline.\n\nI think the general answer to the question is that every troop type and tactic has its strengths and weaknesses, and taking advantage of one's strengths and exploiting an enemy's weaknesses, while preventing the enemy from doing the same, is fundamentally crucial to successful combat leadership.  However, the simple RPS of \"troop type 1 beats type 2 beats type 3 beats type 1\" is inaccurate.\n\nFrustratingly, there is little historical detail (as far as I know) on battle details during Trajan's conquest of Mesopotamia and defeat of the Parthian army.  This information would be enormously helpful in understanding how an army based around heavy infantry overcame primarily cavalry forces made of horse archers and super heavy cataphracts.", "edited": false, "author_flair_css_class": null, "is_submitter": false, "downs": 0, "author_flair_richtext": [], "author_patreon_flair": false, "collapsed_reason": null, "body_html": "&lt;div class=\"md\"&gt;&lt;p&gt;I would second all of this great answer.  I will point out that various groups, perhaps most famously the Mongols, employed armies composed primarily of horse archers to great effect.  These could avoid the issue of foot archers which superplanner so accurately describes.  The &amp;quot;Parthian shot,&amp;quot; was a tactic used in which light cavalry would advance, firing their bows, then retreat when challenged, still firing their bows over their shoulders.  Made famous at the Battle of Carrahae, in which the Parthian army of 9,000 horse archers and 1,000 heavy cavalry (known as cataphracts) defeated a Roman army several times its size while suffering virtually no casualties, this tactic was employed by many other armies over the years.&lt;/p&gt;\n\n&lt;p&gt;Of course, again echoing Superplanner, a wise general could avoid such disasters as Carrahae (~50 BC) and Manzikert (1071 AD).  Some &amp;quot;rocks to horse archers&amp;#39; scissor&amp;quot; would be avoiding exposing the army on large plains, establishing battlefield fortifications, and maintaining formation and troops discipline.&lt;/p&gt;\n\n&lt;p&gt;I think the general answer to the question is that every troop type and tactic has its strengths and weaknesses, and taking advantage of one&amp;#39;s strengths and exploiting an enemy&amp;#39;s weaknesses, while preventing the enemy from doing the same, is fundamentally crucial to successful combat leadership.  However, the simple RPS of &amp;quot;troop type 1 beats type 2 beats type 3 beats type 1&amp;quot; is inaccurate.&lt;/p&gt;\n\n&lt;p&gt;Frustratingly, there is little historical detail (as far as I know) on battle details during Trajan&amp;#39;s conquest of Mesopotamia and defeat of the Parthian army.  This information would be enormously helpful in understanding how an army based around heavy infantry overcame primarily cavalry forces made of horse archers and super heavy cataphracts.&lt;/p&gt;\n&lt;/div&gt;", "stickied": false, "subreddit_type": "public", "can_gild": true, "gildings": {}, "author_flair_text_color": null, "score_hidden": false, "permalink": "/r/AskHistorians/comments/b81zd1/did_pregunpowder_warfare_generally_follow_the_rts/ejwdy3l/", "num_reports": null, "locked": false, "name": "t1_ejwdy3l", "created": 1554179233.0, "subreddit": "AskHistorians", "author_flair_text": null, "collapsed": false, "created_utc": 1554150433.0, "subreddit_name_prefixed": "r/AskHistorians", "controversiality": 0, "depth": 1, "author_flair_background_color": null, "mod_reports": [], "mod_note": null, "distinguished": null}}], "after": null, "before": null}}, "user_reports": [], "saved": false, "id": "ejvl9sz", "banned_at_utc": null, "mod_reason_title": null, "gilded": 0, "archived": false, "report_reasons": null, "author": "Superplaner", "can_mod_post": false, "send_replies": true, "parent_id": "t3_b81zd1", "score": 14, "author_fullname": "t2_4ztsi", "approved_by": null, "all_awardings": [], "subreddit_id": "t5_2ssp3", "body": "So... \"pre-gunpowder\" is a pretty long period stretching from the rise of warfare as a concept to the widespread introduction of muskets and cannon sometime in the 15th century. What this means is that any statement is going to be extremely general because the long peroid of time includes massive leaps in both technology and strategy. That said, here we go:\n\nI mean RTS-games are games. They generally try to balance units in such a way as to allow rudimentary startegy to be employed by the player and RPS is the most common way to do that. The game would quickly become very dull if the balance is disturbed. A good example of this occuring is competitive SC2 where, for a good long while, high level play was essentially all protoss \"death balls\" maneuvering around a map trying to get an advantageous position on the other and then, in a matter of seconds it was all over. \n\nWhile that's boring, an actual campaign, for large periods of pre-gunpowder history, was a lot like that. Armies maneuvered around trying to get an advantageous position on each other but generally pitched battles were relatively rare because unlike RTS games there's a lot more at stake if you lose. Warfare was often centered around sieges and while we do remember and study the famous battles extensively war was more often determined and concluded based on more complex matters. How long can you hold out against the besiegers? Do you have allies that will come to your aid and break the siege? Will they? If so, will they come quick enough to lift the siege in time? Is your opponent prepared to negotiate? Will a sickness erupt in his camp or yours? Will someone else exploit his weakness at home to make a bid for power or indeed invade his lands while his army is away? This however makes for *terribly* dull RTS play. \n\nAnother aspect exaggerated in RTS games are casualties. Often two armies will come head to head, fight it out and one army will, based on composition, position or skill, win. That means it will kill all or almost all of the enemy army often suffering high casualties while doing so. Still, what remains of the winning army is enough to go into the enemy \"base\" and snatch victory. Reality isn't like that, obviously. If you win but lose a significant part of your army you may as well have lost. You're unable to exploit your victory and you've significantly weakened yourself. In essence a Phyrric victory. \n\nBut what about your questions?! Are spears a good counter to cavalry? Sure. On a very fundamental level these games have some grain of truth in them. Braced polearms are a deterrant to a cavalry charge, archers will do more damage to men without shields than men with shields but there is really no guarantee a man with a sword will beat a man with a spear for example. A polearm is an excellent weapon against a swordsman and when employed in formation by disciplined men there is almost no answer to it other than bigger formations of more disciplined men, preferably with longer polearms. Historical examples include the phalanx, the macedonian phalanx, the swiss pikemen and so on. \n\nRTS-games also tend to overstate the battlefield usefulness of archers and siege equipment. Skirmisher *did* play a role in pre-gunpowder battles but for the most part they were there for the sieges, not pitched battles. This is especially true in ancient times when ranged troops seem to have had a very limited role in pitched battles. There are a lot of reasons for this that vary a little over time but very basically it is hard to deploy archers in such a way as to keep them safe while still being in a position to inflict any significant damage and even harder to deploy siege weapons. An archer can not stand toe to toe with a spearman or indeed a cavalryman. Given space to maneuver an archery unit can soundly beat heavy infantry but every commander would have known this and generally avoided deploying infantry in such a way as to make them vulnerable to massed skirmishers.  (Again, generally! There are notable exceptions to this rule throughout history such as Agincourt,  Sphakteria, Cr\u00e9cy and  Lechaion). \n\nArchers generally excel at screening an army, ambushing, siege defense, fighting in rough terrain and so on. They really only become prominent in pitched battles for a realtively short (in this context) period during the medieval \"golden age of infantry\". An archer can not stand toe to toe with infantry or cavalry but if the enemy can not reach them because they are on top of a wall, on the other side of a moat or in terrain where their lack of armor is advantageous they won't have to.\n\nThe same is generally true for all forms of troops. They each have their specific situations and conditions in which they shine, getting them into these positions is usually the difference between victory and defeat, not the exact composition of your army. Now, your ability to get your troops in that position on the other hand may well be dictated by other factors. How much space do you have to maneuver? Are there strategic locations you can not afford to lose of retreat from? Where can you supply your army and for how long? ", "edited": false, "author_flair_css_class": null, "is_submitter": false, "downs": 0, "author_flair_richtext": [], "author_patreon_flair": false, "collapsed_reason": null, "body_html": "&lt;div class=\"md\"&gt;&lt;p&gt;So... &amp;quot;pre-gunpowder&amp;quot; is a pretty long period stretching from the rise of warfare as a concept to the widespread introduction of muskets and cannon sometime in the 15th century. What this means is that any statement is going to be extremely general because the long peroid of time includes massive leaps in both technology and strategy. That said, here we go:&lt;/p&gt;\n\n&lt;p&gt;I mean RTS-games are games. They generally try to balance units in such a way as to allow rudimentary startegy to be employed by the player and RPS is the most common way to do that. The game would quickly become very dull if the balance is disturbed. A good example of this occuring is competitive SC2 where, for a good long while, high level play was essentially all protoss &amp;quot;death balls&amp;quot; maneuvering around a map trying to get an advantageous position on the other and then, in a matter of seconds it was all over. &lt;/p&gt;\n\n&lt;p&gt;While that&amp;#39;s boring, an actual campaign, for large periods of pre-gunpowder history, was a lot like that. Armies maneuvered around trying to get an advantageous position on each other but generally pitched battles were relatively rare because unlike RTS games there&amp;#39;s a lot more at stake if you lose. Warfare was often centered around sieges and while we do remember and study the famous battles extensively war was more often determined and concluded based on more complex matters. How long can you hold out against the besiegers? Do you have allies that will come to your aid and break the siege? Will they? If so, will they come quick enough to lift the siege in time? Is your opponent prepared to negotiate? Will a sickness erupt in his camp or yours? Will someone else exploit his weakness at home to make a bid for power or indeed invade his lands while his army is away? This however makes for &lt;em&gt;terribly&lt;/em&gt; dull RTS play. &lt;/p&gt;\n\n&lt;p&gt;Another aspect exaggerated in RTS games are casualties. Often two armies will come head to head, fight it out and one army will, based on composition, position or skill, win. That means it will kill all or almost all of the enemy army often suffering high casualties while doing so. Still, what remains of the winning army is enough to go into the enemy &amp;quot;base&amp;quot; and snatch victory. Reality isn&amp;#39;t like that, obviously. If you win but lose a significant part of your army you may as well have lost. You&amp;#39;re unable to exploit your victory and you&amp;#39;ve significantly weakened yourself. In essence a Phyrric victory. &lt;/p&gt;\n\n&lt;p&gt;But what about your questions?! Are spears a good counter to cavalry? Sure. On a very fundamental level these games have some grain of truth in them. Braced polearms are a deterrant to a cavalry charge, archers will do more damage to men without shields than men with shields but there is really no guarantee a man with a sword will beat a man with a spear for example. A polearm is an excellent weapon against a swordsman and when employed in formation by disciplined men there is almost no answer to it other than bigger formations of more disciplined men, preferably with longer polearms. Historical examples include the phalanx, the macedonian phalanx, the swiss pikemen and so on. &lt;/p&gt;\n\n&lt;p&gt;RTS-games also tend to overstate the battlefield usefulness of archers and siege equipment. Skirmisher &lt;em&gt;did&lt;/em&gt; play a role in pre-gunpowder battles but for the most part they were there for the sieges, not pitched battles. This is especially true in ancient times when ranged troops seem to have had a very limited role in pitched battles. There are a lot of reasons for this that vary a little over time but very basically it is hard to deploy archers in such a way as to keep them safe while still being in a position to inflict any significant damage and even harder to deploy siege weapons. An archer can not stand toe to toe with a spearman or indeed a cavalryman. Given space to maneuver an archery unit can soundly beat heavy infantry but every commander would have known this and generally avoided deploying infantry in such a way as to make them vulnerable to massed skirmishers.  (Again, generally! There are notable exceptions to this rule throughout history such as Agincourt,  Sphakteria, Cr\u00e9cy and  Lechaion). &lt;/p&gt;\n\n&lt;p&gt;Archers generally excel at screening an army, ambushing, siege defense, fighting in rough terrain and so on. They really only become prominent in pitched battles for a realtively short (in this context) period during the medieval &amp;quot;golden age of infantry&amp;quot;. An archer can not stand toe to toe with infantry or cavalry but if the enemy can not reach them because they are on top of a wall, on the other side of a moat or in terrain where their lack of armor is advantageous they won&amp;#39;t have to.&lt;/p&gt;\n\n&lt;p&gt;The same is generally true for all forms of troops. They each have their specific situations and conditions in which they shine, getting them into these positions is usually the difference between victory and defeat, not the exact composition of your army. Now, your ability to get your troops in that position on the other hand may well be dictated by other factors. How much space do you have to maneuver? Are there strategic locations you can not afford to lose of retreat from? Where can you supply your army and for how long? &lt;/p&gt;\n&lt;/div&gt;", "stickied": false, "subreddit_type": "public", "can_gild": true, "gildings": {}, "author_flair_text_color": null, "score_hidden": false, "permalink": "/r/AskHistorians/comments/b81zd1/did_pregunpowder_warfare_generally_follow_the_rts/ejvl9sz/", "num_reports": null, "locked": false, "name": "t1_ejvl9sz", "created": 1554159549.0, "subreddit": "AskHistorians", "author_flair_text": null, "collapsed": false, "created_utc": 1554130749.0, "subreddit_name_prefixed": "r/AskHistorians", "controversiality": 0, "depth": 0, "author_flair_background_color": null, "mod_reports": [], "mod_note": null, "distinguished": null}}, {"kind": "t1", "data": {"total_awards_received": 0, "approved_at_utc": null, "ups": 4, "mod_reason_by": null, "banned_by": null, "author_flair_type": "text", "removal_reason": null, "link_id": "t3_b81zd1", "author_flair_template_id": null, "likes": null, "no_follow": false, "replies": "", "user_reports": [], "saved": false, "id": "ejxjjpc", "banned_at_utc": null, "mod_reason_title": null, "gilded": 0, "archived": false, "report_reasons": null, "author": "dat_underscore", "can_mod_post": false, "send_replies": true, "parent_id": "t3_b81zd1", "score": 4, "author_fullname": "t2_cl2aa", "approved_by": null, "all_awardings": [], "subreddit_id": "t5_2ssp3", "body": "As a fellow *Total War* enthusiast and an ancient history postgraduate student in the late Roman military, this is going to be a fun question to answer!\n\nAs the other answers have said, it is a little bit of yes, a little bit of no. A deep formation of spears or pikes was effective against a cavalry charge, but a two-handed spear or pike meant you could not hold a large shield to protect yourself from missiles. Cavalry could also close the distance the missile troops much quicker than other infantry, thus exposing them to less fire before engaging them in hand to hand combat.\n\nHowever the biggest difference between reality and gameplay is the strategic element. When playing *Total War*, if you're playing as the Romans and you're going to be fighting some Germanics, you'll probably intentionally recruit more archers, because you know the troops available to the German factions are generally 'glass cannons' with high charge damage and low armour. You might also get some shock cavalry to charge them from behind and break them. Whatever your strategy is, you'll recruit an army for that specific purpose. Same goes if you want to invade Persia, knowing that faction relies heavily on heavy and missile cavalry, you might recruit your own archers and missile cavalry and plenty of spearmen. You might even choose to recruit a spear- and swordsmen army, with a large amount of artillery, for the siege battles.\n\nThe real Romans didn't have the ability to make similar strategic decisions. The armies of ancient societies were deeply rooted in cultural traditions and only made very slow and subtle changes. The Roman armies were always comprised of mainly heavy infantry that fought with swords in a close and orderly formation. For example, the Dacian soldiers that Trajan's armies fought during the First and Second Dacian Wars are depicted on a number of monuments, and what is conspicuous about these is that they are often shown armorless and wielding a *falx*, which was a massive scythe-like weapon. It is presumed that they would charge the Roman formations swinging these great scythes in a high arc, crashing through Roman shields and obliterating their heads, or in a low arc against their legs and severely maiming them. Again, in *Total War*, a smart commander would keep their infantry the hell away from an attack like that. The Romans? They could not recruit an unlimited amount of alternative troops, so instead, they upped the armour of the legionnaires, giving them new armour with stronger cheek and shin guards.\n\nSimilarly, against the Persians, the Romans invaded numerous times and came across the same difficulties each time. They could not sustain a massive, infantry-centric invasion force deep within hostile territory. The Persian cavalry would harass and raid the Roman force but not engage in open battle. The Persians would employ a 'scorched earth' strategy to deny the Romans resources, eventually wearing them out until they were so exhausted the could be more easily engaged in battle. The Romans did employ more cavalry on the Persian frontier than elsewhere, as well as making use of some camels, but never in large amounts and the heavy infantry was always the mainstay of the Roman army, even when they weren't the most effective element.\n\nAs stated with the armour upgrades and more cavalry in the east, the Romans were able to adapt and change. The *gladius* swords were increasingly replaced with the longer *spatha*. After the disastrous third century the Romans did make massive strategic changes, relying more on intricate systems of fortifications and reserves of soldiers deeper within the Empire. Additionally, as the Empire and especially the military became increasing 'barbarised', other things changed. For example, the early Roman army was famously silent in battle, but from the fourth century they began to use the Germanic battle-cry known as the *barritus*. They also began to use spears more than swords, and used the *plumbata* instead of the *pilum*. But these developments were tied into a changing culture, not necessarily a strategic decision.", "edited": false, "author_flair_css_class": "europe", "is_submitter": false, "downs": 0, "author_flair_richtext": [], "author_patreon_flair": false, "collapsed_reason": null, "body_html": "&lt;div class=\"md\"&gt;&lt;p&gt;As a fellow &lt;em&gt;Total War&lt;/em&gt; enthusiast and an ancient history postgraduate student in the late Roman military, this is going to be a fun question to answer!&lt;/p&gt;\n\n&lt;p&gt;As the other answers have said, it is a little bit of yes, a little bit of no. A deep formation of spears or pikes was effective against a cavalry charge, but a two-handed spear or pike meant you could not hold a large shield to protect yourself from missiles. Cavalry could also close the distance the missile troops much quicker than other infantry, thus exposing them to less fire before engaging them in hand to hand combat.&lt;/p&gt;\n\n&lt;p&gt;However the biggest difference between reality and gameplay is the strategic element. When playing &lt;em&gt;Total War&lt;/em&gt;, if you&amp;#39;re playing as the Romans and you&amp;#39;re going to be fighting some Germanics, you&amp;#39;ll probably intentionally recruit more archers, because you know the troops available to the German factions are generally &amp;#39;glass cannons&amp;#39; with high charge damage and low armour. You might also get some shock cavalry to charge them from behind and break them. Whatever your strategy is, you&amp;#39;ll recruit an army for that specific purpose. Same goes if you want to invade Persia, knowing that faction relies heavily on heavy and missile cavalry, you might recruit your own archers and missile cavalry and plenty of spearmen. You might even choose to recruit a spear- and swordsmen army, with a large amount of artillery, for the siege battles.&lt;/p&gt;\n\n&lt;p&gt;The real Romans didn&amp;#39;t have the ability to make similar strategic decisions. The armies of ancient societies were deeply rooted in cultural traditions and only made very slow and subtle changes. The Roman armies were always comprised of mainly heavy infantry that fought with swords in a close and orderly formation. For example, the Dacian soldiers that Trajan&amp;#39;s armies fought during the First and Second Dacian Wars are depicted on a number of monuments, and what is conspicuous about these is that they are often shown armorless and wielding a &lt;em&gt;falx&lt;/em&gt;, which was a massive scythe-like weapon. It is presumed that they would charge the Roman formations swinging these great scythes in a high arc, crashing through Roman shields and obliterating their heads, or in a low arc against their legs and severely maiming them. Again, in &lt;em&gt;Total War&lt;/em&gt;, a smart commander would keep their infantry the hell away from an attack like that. The Romans? They could not recruit an unlimited amount of alternative troops, so instead, they upped the armour of the legionnaires, giving them new armour with stronger cheek and shin guards.&lt;/p&gt;\n\n&lt;p&gt;Similarly, against the Persians, the Romans invaded numerous times and came across the same difficulties each time. They could not sustain a massive, infantry-centric invasion force deep within hostile territory. The Persian cavalry would harass and raid the Roman force but not engage in open battle. The Persians would employ a &amp;#39;scorched earth&amp;#39; strategy to deny the Romans resources, eventually wearing them out until they were so exhausted the could be more easily engaged in battle. The Romans did employ more cavalry on the Persian frontier than elsewhere, as well as making use of some camels, but never in large amounts and the heavy infantry was always the mainstay of the Roman army, even when they weren&amp;#39;t the most effective element.&lt;/p&gt;\n\n&lt;p&gt;As stated with the armour upgrades and more cavalry in the east, the Romans were able to adapt and change. The &lt;em&gt;gladius&lt;/em&gt; swords were increasingly replaced with the longer &lt;em&gt;spatha&lt;/em&gt;. After the disastrous third century the Romans did make massive strategic changes, relying more on intricate systems of fortifications and reserves of soldiers deeper within the Empire. Additionally, as the Empire and especially the military became increasing &amp;#39;barbarised&amp;#39;, other things changed. For example, the early Roman army was famously silent in battle, but from the fourth century they began to use the Germanic battle-cry known as the &lt;em&gt;barritus&lt;/em&gt;. They also began to use spears more than swords, and used the &lt;em&gt;plumbata&lt;/em&gt; instead of the &lt;em&gt;pilum&lt;/em&gt;. But these developments were tied into a changing culture, not necessarily a strategic decision.&lt;/p&gt;\n&lt;/div&gt;", "stickied": false, "subreddit_type": "public", "can_gild": true, "gildings": {}, "author_flair_text_color": "dark", "score_hidden": false, "permalink": "/r/AskHistorians/comments/b81zd1/did_pregunpowder_warfare_generally_follow_the_rts/ejxjjpc/", "num_reports": null, "locked": false, "name": "t1_ejxjjpc", "created": 1554214730.0, "subreddit": "AskHistorians", "author_flair_text": "Late Roman Imperial Politics | Late Antiquity Military History", "collapsed": false, "created_utc": 1554185930.0, "subreddit_name_prefixed": "r/AskHistorians", "controversiality": 0, "depth": 0, "author_flair_background_color": "", "mod_reports": [], "mod_note": null, "distinguished": null}}], "after": null, "before": null}}]