[{"kind": "Listing", "data": {"modhash": "", "dist": 1, "children": [{"kind": "t3", "data": {"approved_at_utc": null, "subreddit": "AskHistorians", "selftext": "[removed]", "user_reports": [], "saved": false, "mod_reason_title": null, "gilded": 0, "clicked": false, "title": "Troubled by Discovery of Agriculture", "link_flair_richtext": [], "subreddit_name_prefixed": "r/AskHistorians", "hidden": false, "pwls": 6, "link_flair_css_class": null, "downs": 0, "parent_whitelist_status": "all_ads", "hide_score": false, "name": "t3_b87i2z", "quarantine": false, "link_flair_text_color": "dark", "upvote_ratio": 0.5, "author_flair_background_color": null, "subreddit_type": "public", "ups": 0, "total_awards_received": 0, "media_embed": {}, "author_flair_template_id": null, "is_original_content": false, "author_fullname": "t2_3iu2c8zs", "secure_media": null, "is_reddit_media_domain": false, "is_meta": false, "category": null, "secure_media_embed": {}, "link_flair_text": null, "can_mod_post": false, "score": 0, "approved_by": null, "thumbnail": "", "edited": false, "author_flair_css_class": null, "author_flair_richtext": [], "gildings": {}, "content_categories": null, "is_self": true, "mod_note": null, "created": 1554175933.0, "link_flair_type": "text", "wls": 6, "banned_by": null, "author_flair_type": "text", "domain": "self.AskHistorians", "selftext_html": "&lt;!-- SC_OFF --&gt;&lt;div class=\"md\"&gt;&lt;p&gt;[removed]&lt;/p&gt;\n&lt;/div&gt;&lt;!-- SC_ON --&gt;", "likes": null, "suggested_sort": null, "banned_at_utc": null, "view_count": null, "archived": false, "no_follow": true, "is_crosspostable": false, "pinned": false, "over_18": false, "all_awardings": [], "media": null, "media_only": false, "can_gild": false, "spoiler": false, "locked": false, "author_flair_text": null, "visited": false, "num_reports": null, "distinguished": null, "subreddit_id": "t5_2ssp3", "mod_reason_by": null, "removal_reason": null, "link_flair_background_color": "", "id": "b87i2z", "is_robot_indexable": false, "report_reasons": null, "author": "firstfarmer", "num_crossposts": 0, "num_comments": 5, "send_replies": true, "contest_mode": false, "author_patreon_flair": false, "author_flair_text_color": null, "permalink": "/r/AskHistorians/comments/b87i2z/troubled_by_discovery_of_agriculture/", "whitelist_status": "all_ads", "stickied": false, "url": "https://www.reddit.com/r/AskHistorians/comments/b87i2z/troubled_by_discovery_of_agriculture/", "subreddit_subscribers": 958451, "created_utc": 1554147133.0, "mod_reports": [], "is_video": false}}], "after": null, "before": null}}, {"kind": "Listing", "data": {"modhash": "", "dist": null, "children": [{"kind": "t1", "data": {"total_awards_received": 0, "approved_at_utc": null, "ups": 0, "mod_reason_by": null, "banned_by": null, "author_flair_type": "text", "removal_reason": null, "link_id": "t3_b87i2z", "author_flair_template_id": "9e641f94-c626-11e2-8e2c-12313b0b21ae", "likes": null, "no_follow": true, "replies": {"kind": "Listing", "data": {"modhash": "", "dist": null, "children": [{"kind": "t1", "data": {"total_awards_received": 0, "approved_at_utc": null, "ups": 0, "mod_reason_by": null, "banned_by": null, "author_flair_type": "text", "removal_reason": null, "link_id": "t3_b87i2z", "author_flair_template_id": null, "likes": null, "no_follow": true, "replies": {"kind": "Listing", "data": {"modhash": "", "dist": null, "children": [{"kind": "t1", "data": {"total_awards_received": 0, "approved_at_utc": null, "ups": 0, "mod_reason_by": null, "banned_by": null, "author_flair_type": "text", "removal_reason": null, "link_id": "t3_b87i2z", "author_flair_template_id": "9e641f94-c626-11e2-8e2c-12313b0b21ae", "likes": null, "no_follow": true, "replies": {"kind": "Listing", "data": {"modhash": "", "dist": null, "children": [{"kind": "t1", "data": {"total_awards_received": 0, "approved_at_utc": null, "ups": 0, "mod_reason_by": null, "banned_by": null, "author_flair_type": "text", "removal_reason": null, "link_id": "t3_b87i2z", "author_flair_template_id": null, "likes": null, "no_follow": true, "replies": {"kind": "Listing", "data": {"modhash": "", "dist": null, "children": [{"kind": "t1", "data": {"total_awards_received": 0, "approved_at_utc": null, "ups": 0, "mod_reason_by": null, "banned_by": null, "author_flair_type": "text", "removal_reason": null, "link_id": "t3_b87i2z", "author_flair_template_id": "9e641f94-c626-11e2-8e2c-12313b0b21ae", "likes": null, "no_follow": true, "replies": "", "user_reports": [], "saved": false, "id": "ejwm9me", "banned_at_utc": null, "mod_reason_title": null, "gilded": 0, "archived": false, "report_reasons": null, "author": "jschooltiger", "can_mod_post": false, "send_replies": true, "parent_id": "t1_ejwe7j1", "score": 0, "author_fullname": "t2_96gqp", "approved_by": null, "all_awardings": [], "subreddit_id": "t5_2ssp3", "body": "No ... there\u2019s no such thing. The joke is making up fake answers to real questions, not posting fake questions. ", "edited": false, "author_flair_css_class": "moderator", "is_submitter": false, "downs": 0, "author_flair_richtext": [], "author_patreon_flair": false, "collapsed_reason": null, "body_html": "&lt;div class=\"md\"&gt;&lt;p&gt;No ... there\u2019s no such thing. The joke is making up fake answers to real questions, not posting fake questions. &lt;/p&gt;\n&lt;/div&gt;", "stickied": false, "subreddit_type": "public", "can_gild": true, "gildings": {}, "author_flair_text_color": "light", "score_hidden": false, "permalink": "/r/AskHistorians/comments/b87i2z/troubled_by_discovery_of_agriculture/ejwm9me/", "num_reports": null, "locked": false, "name": "t1_ejwm9me", "created": 1554185236.0, "subreddit": "AskHistorians", "author_flair_text": "Moderator | Shipbuilding and Logistics | British Navy 1770-1830", "collapsed": false, "created_utc": 1554156436.0, "subreddit_name_prefixed": "r/AskHistorians", "controversiality": 0, "depth": 4, "author_flair_background_color": "#8b008b", "mod_reports": [], "mod_note": null, "distinguished": null}}], "after": null, "before": null}}, "user_reports": [], "saved": false, "id": "ejwe7j1", "banned_at_utc": null, "mod_reason_title": null, "gilded": 0, "archived": false, "report_reasons": null, "author": "firstfarmer", "can_mod_post": false, "send_replies": true, "parent_id": "t1_ejwc8qu", "score": 0, "author_fullname": "t2_3iu2c8zs", "approved_by": null, "all_awardings": [], "subreddit_id": "t5_2ssp3", "body": "So do you have to request permission to post on r/AskFakeHistorians first?", "edited": false, "author_flair_css_class": null, "is_submitter": true, "downs": 0, "author_flair_richtext": [], "author_patreon_flair": false, "collapsed_reason": null, "body_html": "&lt;div class=\"md\"&gt;&lt;p&gt;So do you have to request permission to post on &lt;a href=\"/r/AskFakeHistorians\"&gt;r/AskFakeHistorians&lt;/a&gt; first?&lt;/p&gt;\n&lt;/div&gt;", "stickied": false, "subreddit_type": "public", "can_gild": true, "gildings": {}, "author_flair_text_color": null, "score_hidden": false, "permalink": "/r/AskHistorians/comments/b87i2z/troubled_by_discovery_of_agriculture/ejwe7j1/", "num_reports": null, "locked": false, "name": "t1_ejwe7j1", "created": 1554179418.0, "subreddit": "AskHistorians", "author_flair_text": null, "collapsed": false, "created_utc": 1554150618.0, "subreddit_name_prefixed": "r/AskHistorians", "controversiality": 0, "depth": 3, "author_flair_background_color": null, "mod_reports": [], "mod_note": null, "distinguished": null}}], "after": null, "before": null}}, "user_reports": [], "saved": false, "id": "ejwc8qu", "banned_at_utc": null, "mod_reason_title": null, "gilded": 0, "archived": false, "report_reasons": null, "author": "jschooltiger", "can_mod_post": false, "send_replies": true, "parent_id": "t1_ejwa3cz", "score": 0, "author_fullname": "t2_96gqp", "approved_by": null, "all_awardings": [], "subreddit_id": "t5_2ssp3", "body": "&gt; This year, once the clock hit 0000, 1 April at /r/AskHistorians HQ in Kiribati, we returned to our 'Greatest Hits', and /r/AskFakeHistorians 2.0 has been in full swing for several hours now! The flairs have the privilege of a heads up to get in on the fun too, but everyone is welcome to partake, of course, and for the next day or so, Answers may be written as long, elaborate jokes that are not real history. We invite you to partake (or not) in the fun, but ensure that you follow the rules and guidelines laid out below, as the moderators aren't going to be taking the day off.", "edited": false, "author_flair_css_class": "moderator", "is_submitter": false, "downs": 0, "author_flair_richtext": [], "author_patreon_flair": false, "collapsed_reason": null, "body_html": "&lt;div class=\"md\"&gt;&lt;blockquote&gt;\n&lt;p&gt;This year, once the clock hit 0000, 1 April at &lt;a href=\"/r/AskHistorians\"&gt;/r/AskHistorians&lt;/a&gt; HQ in Kiribati, we returned to our &amp;#39;Greatest Hits&amp;#39;, and &lt;a href=\"/r/AskFakeHistorians\"&gt;/r/AskFakeHistorians&lt;/a&gt; 2.0 has been in full swing for several hours now! The flairs have the privilege of a heads up to get in on the fun too, but everyone is welcome to partake, of course, and for the next day or so, Answers may be written as long, elaborate jokes that are not real history. We invite you to partake (or not) in the fun, but ensure that you follow the rules and guidelines laid out below, as the moderators aren&amp;#39;t going to be taking the day off.&lt;/p&gt;\n&lt;/blockquote&gt;\n&lt;/div&gt;", "stickied": false, "subreddit_type": "public", "can_gild": true, "gildings": {}, "author_flair_text_color": "light", "score_hidden": false, "permalink": "/r/AskHistorians/comments/b87i2z/troubled_by_discovery_of_agriculture/ejwc8qu/", "num_reports": null, "locked": false, "name": "t1_ejwc8qu", "created": 1554178011.0, "subreddit": "AskHistorians", "author_flair_text": "Moderator | Shipbuilding and Logistics | British Navy 1770-1830", "collapsed": false, "created_utc": 1554149211.0, "subreddit_name_prefixed": "r/AskHistorians", "controversiality": 0, "depth": 2, "author_flair_background_color": "#8b008b", "mod_reports": [], "mod_note": null, "distinguished": null}}], "after": null, "before": null}}, "user_reports": [], "saved": false, "id": "ejwa3cz", "banned_at_utc": null, "mod_reason_title": null, "gilded": 0, "archived": false, "report_reasons": null, "author": "firstfarmer", "can_mod_post": false, "send_replies": true, "parent_id": "t1_ejw9ebr", "score": 0, "author_fullname": "t2_3iu2c8zs", "approved_by": null, "all_awardings": [], "subreddit_id": "t5_2ssp3", "body": "Um... what's the theme this year? I can't seem to find it on that page.", "edited": false, "author_flair_css_class": null, "is_submitter": true, "downs": 0, "author_flair_richtext": [], "author_patreon_flair": false, "collapsed_reason": null, "body_html": "&lt;div class=\"md\"&gt;&lt;p&gt;Um... what&amp;#39;s the theme this year? I can&amp;#39;t seem to find it on that page.&lt;/p&gt;\n&lt;/div&gt;", "stickied": false, "subreddit_type": "public", "can_gild": true, "gildings": {}, "author_flair_text_color": null, "score_hidden": false, "permalink": "/r/AskHistorians/comments/b87i2z/troubled_by_discovery_of_agriculture/ejwa3cz/", "num_reports": null, "locked": false, "name": "t1_ejwa3cz", "created": 1554176482.0, "subreddit": "AskHistorians", "author_flair_text": null, "collapsed": false, "created_utc": 1554147682.0, "subreddit_name_prefixed": "r/AskHistorians", "controversiality": 0, "depth": 1, "author_flair_background_color": null, "mod_reports": [], "mod_note": null, "distinguished": null}}], "after": null, "before": null}}, "user_reports": [], "saved": false, "id": "ejw9ebr", "banned_at_utc": null, "mod_reason_title": null, "gilded": 0, "archived": false, "report_reasons": null, "author": "jschooltiger", "can_mod_post": false, "send_replies": true, "parent_id": "t3_b87i2z", "score": 0, "author_fullname": "t2_96gqp", "approved_by": null, "all_awardings": [], "subreddit_id": "t5_2ssp3", "body": "We appreciate that you're trying to get in on the joke, but this isn't our April Fool's theme this year. \n\nhttps://www.reddit.com/r/AskHistorians/comments/b7te79/there_is_no_need_to_panic_you_arent_crazy/", "edited": false, "author_flair_css_class": "moderator", "is_submitter": false, "downs": 0, "author_flair_richtext": [], "author_patreon_flair": false, "collapsed_reason": null, "body_html": "&lt;div class=\"md\"&gt;&lt;p&gt;We appreciate that you&amp;#39;re trying to get in on the joke, but this isn&amp;#39;t our April Fool&amp;#39;s theme this year. &lt;/p&gt;\n\n&lt;p&gt;&lt;a href=\"https://www.reddit.com/r/AskHistorians/comments/b7te79/there_is_no_need_to_panic_you_arent_crazy/\"&gt;https://www.reddit.com/r/AskHistorians/comments/b7te79/there_is_no_need_to_panic_you_arent_crazy/&lt;/a&gt;&lt;/p&gt;\n&lt;/div&gt;", "stickied": false, "subreddit_type": "public", "can_gild": true, "gildings": {}, "author_flair_text_color": "light", "score_hidden": false, "permalink": "/r/AskHistorians/comments/b87i2z/troubled_by_discovery_of_agriculture/ejw9ebr/", "num_reports": null, "locked": false, "name": "t1_ejw9ebr", "created": 1554175998.0, "subreddit": "AskHistorians", "author_flair_text": "Moderator | Shipbuilding and Logistics | British Navy 1770-1830", "collapsed": false, "created_utc": 1554147198.0, "subreddit_name_prefixed": "r/AskHistorians", "controversiality": 0, "depth": 0, "author_flair_background_color": "#8b008b", "mod_reports": [], "mod_note": null, "distinguished": "moderator"}}], "after": null, "before": null}}]