[{"kind": "Listing", "data": {"modhash": "", "dist": 1, "children": [{"kind": "t3", "data": {"approved_at_utc": null, "subreddit": "AskHistorians", "selftext": "If I understand correctly, Standard Oil existed as a trust until 1892 and then as a holding company which more or less operated as a trust (Standard Oil Co. of New Jersey) from 1899 onwards until its breakup in 1911 as a result of Standard Oil Co. of New Jersey v. United States. So what was it between 1892 and 1899?\n\n&amp;#x200B;\n\nBonus question: After Standard Oil Co. of New Jersey (the holding company) broke up in 1911, why were the subsidiaries allowed to merge back into each other (ie ExxonMobil merger in 1999)?", "user_reports": [], "saved": false, "mod_reason_title": null, "gilded": 0, "clicked": false, "title": "What was Standard Oil considered from 1892-1899?", "link_flair_richtext": [], "subreddit_name_prefixed": "r/AskHistorians", "hidden": false, "pwls": 6, "link_flair_css_class": null, "downs": 0, "parent_whitelist_status": "all_ads", "hide_score": false, "name": "t3_b889zr", "quarantine": false, "link_flair_text_color": "dark", "upvote_ratio": 0.67, "author_flair_background_color": null, "subreddit_type": "public", "ups": 1, "total_awards_received": 0, "media_embed": {}, "author_flair_template_id": null, "is_original_content": false, "author_fullname": "t2_12b9xf", "secure_media": null, "is_reddit_media_domain": false, "is_meta": false, "category": null, "secure_media_embed": {}, "link_flair_text": null, "can_mod_post": false, "score": 1, "approved_by": null, "thumbnail": "", "edited": 1554151054.0, "author_flair_css_class": null, "author_flair_richtext": [], "gildings": {}, "content_categories": null, "is_self": true, "mod_note": null, "created": 1554178797.0, "link_flair_type": "text", "wls": 6, "banned_by": null, "author_flair_type": "text", "domain": "self.AskHistorians", "selftext_html": "&lt;!-- SC_OFF --&gt;&lt;div class=\"md\"&gt;&lt;p&gt;If I understand correctly, Standard Oil existed as a trust until 1892 and then as a holding company which more or less operated as a trust (Standard Oil Co. of New Jersey) from 1899 onwards until its breakup in 1911 as a result of Standard Oil Co. of New Jersey v. United States. So what was it between 1892 and 1899?&lt;/p&gt;\n\n&lt;p&gt;&amp;#x200B;&lt;/p&gt;\n\n&lt;p&gt;Bonus question: After Standard Oil Co. of New Jersey (the holding company) broke up in 1911, why were the subsidiaries allowed to merge back into each other (ie ExxonMobil merger in 1999)?&lt;/p&gt;\n&lt;/div&gt;&lt;!-- SC_ON --&gt;", "likes": null, "suggested_sort": null, "banned_at_utc": null, "view_count": null, "archived": false, "no_follow": true, "is_crosspostable": false, "pinned": false, "over_18": false, "all_awardings": [], "media": null, "media_only": false, "can_gild": false, "spoiler": false, "locked": false, "author_flair_text": null, "visited": false, "num_reports": null, "distinguished": null, "subreddit_id": "t5_2ssp3", "mod_reason_by": null, "removal_reason": null, "link_flair_background_color": "", "id": "b889zr", "is_robot_indexable": true, "report_reasons": null, "author": "infinitim", "num_crossposts": 0, "num_comments": 0, "send_replies": true, "contest_mode": false, "author_patreon_flair": false, "author_flair_text_color": null, "permalink": "/r/AskHistorians/comments/b889zr/what_was_standard_oil_considered_from_18921899/", "whitelist_status": "all_ads", "stickied": false, "url": "https://www.reddit.com/r/AskHistorians/comments/b889zr/what_was_standard_oil_considered_from_18921899/", "subreddit_subscribers": 958451, "created_utc": 1554149997.0, "mod_reports": [], "is_video": false}}], "after": null, "before": null}}, {"kind": "Listing", "data": {"modhash": "", "dist": null, "children": [], "after": null, "before": null}}]