[{"kind": "Listing", "data": {"modhash": "", "dist": 1, "children": [{"kind": "t3", "data": {"approved_at_utc": null, "subreddit": "AskHistorians", "selftext": "I've tried looking into temples near Callao, the state of piracy in Peru and Spanish territories around that time, and anything else I could think of, but its just not a topic I'm very familiar with.  Details on the broader legend can be found in my archive on the Palmyra Atoll, [here](http://palmyraarchive.org/collections/show/9), but I seem to have gone as far as I can on my own.  Any assistance is appreciated!", "user_reports": [], "saved": false, "mod_reason_title": null, "gilded": 0, "clicked": false, "title": "I'm trying to verify or debunk elements of a legend, about Spanish pirates looting an Incan temple in 1816, and sailing from Callao with the cargo. Any advice on resources that would be helpful for researching this?", "link_flair_richtext": [], "subreddit_name_prefixed": "r/AskHistorians", "hidden": false, "pwls": 6, "link_flair_css_class": null, "downs": 0, "parent_whitelist_status": "all_ads", "hide_score": false, "name": "t3_b8b11l", "quarantine": false, "link_flair_text_color": "dark", "upvote_ratio": 0.5, "author_flair_background_color": null, "subreddit_type": "public", "ups": 0, "total_awards_received": 0, "media_embed": {}, "author_flair_template_id": null, "is_original_content": false, "author_fullname": "t2_dq4np", "secure_media": null, "is_reddit_media_domain": false, "is_meta": false, "category": null, "secure_media_embed": {}, "link_flair_text": null, "can_mod_post": false, "score": 0, "approved_by": null, "thumbnail": "", "edited": false, "author_flair_css_class": null, "author_flair_richtext": [], "gildings": {}, "content_categories": null, "is_self": true, "mod_note": null, "created": 1554189448.0, "link_flair_type": "text", "wls": 6, "banned_by": null, "author_flair_type": "text", "domain": "self.AskHistorians", "selftext_html": "&lt;!-- SC_OFF --&gt;&lt;div class=\"md\"&gt;&lt;p&gt;I&amp;#39;ve tried looking into temples near Callao, the state of piracy in Peru and Spanish territories around that time, and anything else I could think of, but its just not a topic I&amp;#39;m very familiar with.  Details on the broader legend can be found in my archive on the Palmyra Atoll, &lt;a href=\"http://palmyraarchive.org/collections/show/9\"&gt;here&lt;/a&gt;, but I seem to have gone as far as I can on my own.  Any assistance is appreciated!&lt;/p&gt;\n&lt;/div&gt;&lt;!-- SC_ON --&gt;", "likes": null, "suggested_sort": null, "banned_at_utc": null, "view_count": null, "archived": false, "no_follow": true, "is_crosspostable": false, "pinned": false, "over_18": false, "all_awardings": [], "media": null, "media_only": false, "can_gild": false, "spoiler": false, "locked": false, "author_flair_text": null, "visited": false, "num_reports": null, "distinguished": null, "subreddit_id": "t5_2ssp3", "mod_reason_by": null, "removal_reason": null, "link_flair_background_color": "", "id": "b8b11l", "is_robot_indexable": true, "report_reasons": null, "author": "wozwas", "num_crossposts": 0, "num_comments": 0, "send_replies": true, "contest_mode": false, "author_patreon_flair": false, "author_flair_text_color": null, "permalink": "/r/AskHistorians/comments/b8b11l/im_trying_to_verify_or_debunk_elements_of_a/", "whitelist_status": "all_ads", "stickied": false, "url": "https://www.reddit.com/r/AskHistorians/comments/b8b11l/im_trying_to_verify_or_debunk_elements_of_a/", "subreddit_subscribers": 958451, "created_utc": 1554160648.0, "mod_reports": [], "is_video": false}}], "after": null, "before": null}}, {"kind": "Listing", "data": {"modhash": "", "dist": null, "children": [], "after": null, "before": null}}]