[{"kind": "Listing", "data": {"modhash": null, "dist": 1, "children": [{"kind": "t3", "data": {"author_flair_background_color": null, "approved_at_utc": null, "subreddit": "AskHistorians", "selftext": "How much power did the controller of naval straits such as Bosporus exert over the trade through the strait itself? Would they be able to impose significant blockades against merchant ships of opposing powers?", "user_reports": [], "saved": false, "mod_reason_title": null, "gilded": 0, "clicked": false, "title": "How significant was the control of straits during the High Middle Ages?", "link_flair_richtext": [], "subreddit_name_prefixed": "r/AskHistorians", "hidden": false, "pwls": 6, "link_flair_css_class": null, "downs": 0, "top_awarded_type": null, "parent_whitelist_status": "all_ads", "hide_score": false, "name": "t3_lvey0l", "quarantine": false, "link_flair_text_color": "dark", "upvote_ratio": 0.88, "ignore_reports": false, "subreddit_type": "public", "ups": 13, "total_awards_received": 0, "media_embed": {}, "author_flair_template_id": null, "is_original_content": false, "author_fullname": "t2_1bn00oh9", "secure_media": null, "is_reddit_media_domain": false, "is_meta": false, "category": null, "secure_media_embed": {}, "link_flair_text": null, "can_mod_post": false, "score": 13, "approved_by": null, "author_premium": false, "thumbnail": "", "edited": false, "author_flair_css_class": null, "previous_visits": [1620811014.0], "author_flair_richtext": [], "gildings": {}, "content_categories": null, "is_self": true, "mod_note": null, "created": 1614648468.0, "link_flair_type": "text", "wls": 6, "removed_by_category": null, "banned_by": null, "author_flair_type": "text", "domain": "self.AskHistorians", "allow_live_comments": false, "selftext_html": "&lt;!-- SC_OFF --&gt;&lt;div class=\"md\"&gt;&lt;p&gt;How much power did the controller of naval straits such as Bosporus exert over the trade through the strait itself? Would they be able to impose significant blockades against merchant ships of opposing powers?&lt;/p&gt;\n&lt;/div&gt;&lt;!-- SC_ON --&gt;", "likes": null, "suggested_sort": null, "banned_at_utc": null, "view_count": null, "archived": false, "no_follow": false, "spam": false, "is_crosspostable": true, "pinned": false, "over_18": false, "all_awardings": [], "awarders": [], "media_only": false, "can_gild": true, "removed": false, "spoiler": false, "locked": false, "author_flair_text": null, "treatment_tags": [], "visited": false, "removed_by": null, "num_reports": null, "distinguished": null, "subreddit_id": "t5_2ssp3", "mod_reason_by": null, "removal_reason": null, "link_flair_background_color": "", "id": "lvey0l", "is_robot_indexable": true, "num_duplicates": 1, "report_reasons": null, "author": "P0t4t0g0d", "discussion_type": null, "num_comments": 4, "send_replies": true, "media": null, "contest_mode": false, "author_patreon_flair": false, "approved": true, "author_flair_text_color": null, "permalink": "/r/AskHistorians/comments/lvey0l/how_significant_was_the_control_of_straits_during/", "whitelist_status": "all_ads", "stickied": false, "url": "https://www.reddit.com/r/AskHistorians/comments/lvey0l/how_significant_was_the_control_of_straits_during/", "subreddit_subscribers": 1347137, "created_utc": 1614619668.0, "num_crossposts": 0, "mod_reports": [], "is_video": false}}], "after": null, "before": null}}, {"kind": "Listing", "data": {"modhash": null, "dist": null, "children": [{"kind": "t1", "data": {"total_awards_received": 0, "approved_at_utc": null, "comment_type": null, "awarders": [], "mod_reason_by": null, "banned_by": null, "ups": 1, "author_flair_type": "text", "removal_reason": null, "link_id": "t3_lvey0l", "author_flair_template_id": null, "likes": null, "replies": "", "user_reports": [], "saved": false, "id": "gpbi4jv", "banned_at_utc": null, "mod_reason_title": null, "gilded": 0, "archived": false, "removed": false, "no_follow": true, "author": "AutoModerator", "can_mod_post": false, "send_replies": false, "parent_id": "t3_lvey0l", "score": 1, "author_fullname": "t2_6l4z3", "report_reasons": null, "approved_by": null, "all_awardings": [], "subreddit_id": "t5_2ssp3", "ignore_reports": false, "body": "Welcome to /r/AskHistorians. **Please [Read Our Rules](https://www.reddit.com/r/AskHistorians/wiki/rules) before you comment in this community**. Understand that [rule breaking comments get removed](https://www.reddit.com/r/AskHistorians/comments/h8aefx/rules_roundtable_xviii_removed_curation_and_why/).\n\n#Please consider **[Clicking Here for RemindMeBot](https://www.reddit.com/message/compose/?to=RemindMeBot&amp;subject=Reminder&amp;message=%5Bhttps://www.reddit.com/r/AskHistorians/comments/lvey0l/how_significant_was_the_control_of_straits_during/%5D%0A%0ARemindMe!%202%20days)** as it takes time for an answer to be written. \n\nWe thank you for your interest in this *question*, and your patience in waiting for an in-depth and comprehensive answer to show up. In addition to RemindMeBot, consider [using our Browser Extension](https://www.reddit.com/r/AskHistorians/comments/d6dzi7/tired_of_clicking_to_find_only_removed_comments/), or getting the [Weekly Roundup](https://www.reddit.com/message/compose?to=subredditsummarybot&amp;subject=askhistorians+weekly&amp;message=x). In the meantime our [Twitter](https://twitter.com/askhistorians), [Facebook](https://www.facebook.com/askhistorians/), and [Sunday Digest](https://www.reddit.com/r/AskHistorians/search?q=title%3A%22Sunday+Digest%22&amp;restrict_sr=on&amp;sort=new&amp;t=all) feature excellent content that has already been written!\n\n\n*I am a bot, and this action was performed automatically. Please [contact the moderators of this subreddit](/message/compose/?to=/r/AskHistorians) if you have any questions or concerns.*", "edited": false, "downs": 0, "author_flair_css_class": null, "is_submitter": false, "collapsed": false, "author_flair_richtext": [], "author_patreon_flair": false, "body_html": "&lt;div class=\"md\"&gt;&lt;p&gt;Welcome to &lt;a href=\"/r/AskHistorians\"&gt;/r/AskHistorians&lt;/a&gt;. &lt;strong&gt;Please &lt;a href=\"https://www.reddit.com/r/AskHistorians/wiki/rules\"&gt;Read Our Rules&lt;/a&gt; before you comment in this community&lt;/strong&gt;. Understand that &lt;a href=\"https://www.reddit.com/r/AskHistorians/comments/h8aefx/rules_roundtable_xviii_removed_curation_and_why/\"&gt;rule breaking comments get removed&lt;/a&gt;.&lt;/p&gt;\n\n&lt;h1&gt;Please consider &lt;strong&gt;&lt;a href=\"https://www.reddit.com/message/compose/?to=RemindMeBot&amp;amp;subject=Reminder&amp;amp;message=%5Bhttps://www.reddit.com/r/AskHistorians/comments/lvey0l/how_significant_was_the_control_of_straits_during/%5D%0A%0ARemindMe!%202%20days\"&gt;Clicking Here for RemindMeBot&lt;/a&gt;&lt;/strong&gt; as it takes time for an answer to be written.&lt;/h1&gt;\n\n&lt;p&gt;We thank you for your interest in this &lt;em&gt;question&lt;/em&gt;, and your patience in waiting for an in-depth and comprehensive answer to show up. In addition to RemindMeBot, consider &lt;a href=\"https://www.reddit.com/r/AskHistorians/comments/d6dzi7/tired_of_clicking_to_find_only_removed_comments/\"&gt;using our Browser Extension&lt;/a&gt;, or getting the &lt;a href=\"https://www.reddit.com/message/compose?to=subredditsummarybot&amp;amp;subject=askhistorians+weekly&amp;amp;message=x\"&gt;Weekly Roundup&lt;/a&gt;. In the meantime our &lt;a href=\"https://twitter.com/askhistorians\"&gt;Twitter&lt;/a&gt;, &lt;a href=\"https://www.facebook.com/askhistorians/\"&gt;Facebook&lt;/a&gt;, and &lt;a href=\"https://www.reddit.com/r/AskHistorians/search?q=title%3A%22Sunday+Digest%22&amp;amp;restrict_sr=on&amp;amp;sort=new&amp;amp;t=all\"&gt;Sunday Digest&lt;/a&gt; feature excellent content that has already been written!&lt;/p&gt;\n\n&lt;p&gt;&lt;em&gt;I am a bot, and this action was performed automatically. Please &lt;a href=\"/message/compose/?to=/r/AskHistorians\"&gt;contact the moderators of this subreddit&lt;/a&gt; if you have any questions or concerns.&lt;/em&gt;&lt;/p&gt;\n&lt;/div&gt;", "gildings": {}, "collapsed_reason": null, "associated_award": null, "stickied": true, "author_premium": true, "subreddit_type": "public", "can_gild": true, "top_awarded_type": null, "approved": false, "author_flair_text_color": null, "score_hidden": false, "permalink": "/r/AskHistorians/comments/lvey0l/how_significant_was_the_control_of_straits_during/gpbi4jv/", "num_reports": null, "locked": true, "name": "t1_gpbi4jv", "created": 1614648469.0, "subreddit": "AskHistorians", "author_flair_text": null, "treatment_tags": [], "spam": false, "created_utc": 1614619669.0, "subreddit_name_prefixed": "r/AskHistorians", "controversiality": 0, "depth": 0, "author_flair_background_color": null, "collapsed_because_crowd_control": null, "mod_reports": [], "mod_note": null, "distinguished": "moderator"}}, {"kind": "t1", "data": {"total_awards_received": 0, "approved_at_utc": null, "comment_type": null, "awarders": [], "mod_reason_by": null, "banned_by": null, "ups": 9, "author_flair_type": "richtext", "removal_reason": null, "link_id": "t3_lvey0l", "author_flair_template_id": "7b2f3f40-c626-11e2-9a3e-12313d1841d1", "likes": null, "replies": {"kind": "Listing", "data": {"modhash": null, "dist": null, "children": [{"kind": "t1", "data": {"total_awards_received": 0, "approved_at_utc": null, "ignore_reports": false, "comment_type": null, "awarders": [], "mod_reason_by": null, "banned_by": null, "ups": 2, "author_flair_type": "text", "removal_reason": null, "link_id": "t3_lvey0l", "author_flair_template_id": null, "likes": null, "replies": {"kind": "Listing", "data": {"modhash": null, "dist": null, "children": [{"kind": "t1", "data": {"total_awards_received": 0, "approved_at_utc": null, "comment_type": null, "awarders": [], "mod_reason_by": null, "banned_by": null, "ups": 3, "author_flair_type": "richtext", "removal_reason": null, "link_id": "t3_lvey0l", "author_flair_template_id": "7b2f3f40-c626-11e2-9a3e-12313d1841d1", "likes": null, "replies": "", "user_reports": [], "saved": false, "id": "gpcwqw0", "banned_at_utc": null, "mod_reason_title": null, "gilded": 0, "archived": false, "removed": false, "no_follow": true, "author": "y_sengaku", "can_mod_post": false, "created_utc": 1614642924.0, "send_replies": true, "parent_id": "t1_gpc7kk3", "score": 3, "author_fullname": "t2_mdu63", "report_reasons": null, "approved_by": null, "all_awardings": [], "subreddit_id": "t5_2ssp3", "ignore_reports": false, "body": "Thank you for your reply. \n\nIt would be so in theory, but AFAIK no polity in medieval Europe in the 13th century did/ could actually garrison the ships on the strait permanently just to control the traffic in peaceful times.  \n\n(Added below: sorry for inconvenience) While a kind of civil engineering like the canal was certainly known in Early and High Medieval West, the extant evidence is fragmentary that we don't know, at least on documentary basis, how the polity on the strait or some strategic point out of the port could implement the effective water/sea traffic control at that time.  \n\nThe theoretical basis on the control of the river/ water would belonged either to the Roman law or to the maritime law, so the revival of legal culture in the West in the 12th and 13th century also played an important role in the diffusion of such a concept. \n\nA friend of mine tries to reconstruct the maritime control of the Angevin Sicily kingdom around 1300, but the extant documents were not so abundant even in the south especially prior to the first half of the 14th century.  \n\nAdd. Reference:  \n\n* Frankot, Edda. \"Medieval Maritime Law from Ol\u00e9ron to Wisby: Jurisdictions in the Law of the Sea.\" In: Juan Pan-Montojo &amp; Frederik Pedersen (eds.), *Communities in European history. Representations, jurisdictions, conflicts*, pp. 151-72. Pisa: Pisa UP, 2007.", "edited": 1614647093.0, "author_flair_css_class": null, "is_submitter": false, "downs": 0, "author_flair_richtext": [{"e": "text", "t": "Medieval Scandinavia"}], "author_patreon_flair": false, "body_html": "&lt;div class=\"md\"&gt;&lt;p&gt;Thank you for your reply. &lt;/p&gt;\n\n&lt;p&gt;It would be so in theory, but AFAIK no polity in medieval Europe in the 13th century did/ could actually garrison the ships on the strait permanently just to control the traffic in peaceful times.  &lt;/p&gt;\n\n&lt;p&gt;(Added below: sorry for inconvenience) While a kind of civil engineering like the canal was certainly known in Early and High Medieval West, the extant evidence is fragmentary that we don&amp;#39;t know, at least on documentary basis, how the polity on the strait or some strategic point out of the port could implement the effective water/sea traffic control at that time.  &lt;/p&gt;\n\n&lt;p&gt;The theoretical basis on the control of the river/ water would belonged either to the Roman law or to the maritime law, so the revival of legal culture in the West in the 12th and 13th century also played an important role in the diffusion of such a concept. &lt;/p&gt;\n\n&lt;p&gt;A friend of mine tries to reconstruct the maritime control of the Angevin Sicily kingdom around 1300, but the extant documents were not so abundant even in the south especially prior to the first half of the 14th century.  &lt;/p&gt;\n\n&lt;p&gt;Add. Reference:  &lt;/p&gt;\n\n&lt;ul&gt;\n&lt;li&gt;Frankot, Edda. &amp;quot;Medieval Maritime Law from Ol\u00e9ron to Wisby: Jurisdictions in the Law of the Sea.&amp;quot; In: Juan Pan-Montojo &amp;amp; Frederik Pedersen (eds.), &lt;em&gt;Communities in European history. Representations, jurisdictions, conflicts&lt;/em&gt;, pp. 151-72. Pisa: Pisa UP, 2007.&lt;/li&gt;\n&lt;/ul&gt;\n&lt;/div&gt;", "gildings": {}, "collapsed_reason": null, "associated_award": null, "stickied": false, "author_premium": false, "subreddit_type": "public", "can_gild": true, "top_awarded_type": null, "approved": false, "author_flair_text_color": "light", "score_hidden": false, "permalink": "/r/AskHistorians/comments/lvey0l/how_significant_was_the_control_of_straits_during/gpcwqw0/", "num_reports": null, "locked": false, "name": "t1_gpcwqw0", "created": 1614671724.0, "subreddit": "AskHistorians", "author_flair_text": "Medieval Scandinavia", "treatment_tags": [], "spam": false, "collapsed": false, "subreddit_name_prefixed": "r/AskHistorians", "controversiality": 0, "depth": 2, "author_flair_background_color": "#003399", "collapsed_because_crowd_control": null, "mod_reports": [], "mod_note": null, "distinguished": null}}], "after": null, "before": null}}, "user_reports": [], "saved": false, "id": "gpc7kk3", "banned_at_utc": null, "mod_reason_title": null, "gilded": 0, "archived": false, "removed": false, "no_follow": true, "author": "P0t4t0g0d", "can_mod_post": false, "send_replies": true, "parent_id": "t1_gpbosch", "score": 2, "author_fullname": "t2_1bn00oh9", "report_reasons": null, "approved_by": null, "all_awardings": [], "subreddit_id": "t5_2ssp3", "collapsed": false, "body": "Thanks for the quick answer! So if I understood it correctly the only way to establish control over a strait in the XIII. century was to station a number of ships and hope the opposing powers do not have a bigger fleet?", "edited": false, "author_flair_css_class": null, "is_submitter": true, "downs": 0, "author_flair_richtext": [], "author_patreon_flair": false, "body_html": "&lt;div class=\"md\"&gt;&lt;p&gt;Thanks for the quick answer! So if I understood it correctly the only way to establish control over a strait in the XIII. century was to station a number of ships and hope the opposing powers do not have a bigger fleet?&lt;/p&gt;\n&lt;/div&gt;", "gildings": {}, "collapsed_reason": null, "associated_award": null, "stickied": false, "author_premium": false, "subreddit_type": "public", "can_gild": true, "top_awarded_type": null, "approved": false, "author_flair_text_color": null, "score_hidden": false, "permalink": "/r/AskHistorians/comments/lvey0l/how_significant_was_the_control_of_straits_during/gpc7kk3/", "num_reports": null, "locked": false, "name": "t1_gpc7kk3", "created": 1614659669.0, "subreddit": "AskHistorians", "author_flair_text": null, "treatment_tags": [], "spam": false, "created_utc": 1614630869.0, "subreddit_name_prefixed": "r/AskHistorians", "controversiality": 0, "depth": 1, "author_flair_background_color": null, "collapsed_because_crowd_control": null, "mod_reports": [], "mod_note": null, "distinguished": null}}], "after": null, "before": null}}, "user_reports": [], "saved": false, "id": "gpbosch", "banned_at_utc": null, "mod_reason_title": null, "gilded": 0, "archived": false, "removed": false, "no_follow": false, "author": "y_sengaku", "can_mod_post": false, "send_replies": true, "parent_id": "t3_lvey0l", "score": 9, "author_fullname": "t2_mdu63", "report_reasons": null, "approved_by": null, "all_awardings": [], "subreddit_id": "t5_2ssp3", "ignore_reports": false, "body": "I wrote a relevant post before in [When and how did straits like those of Gibraltar, Bosporus and Denmark become an unpassable obstacle for ships that were rejected passage?](https://www.reddit.com/r/AskHistorians/comments/agjebz/when_and_how_did_straits_like_those_of_gibraltar/).  \n\nIn short, it was not until the end of the Middle Ages [15th century] that the polity controlling the land part of the strait generally had enough means to cut the total traffic  off, without the help of reasonable size of fleet in medieval Europe.", "edited": false, "downs": 0, "author_flair_css_class": null, "is_submitter": false, "collapsed": false, "author_flair_richtext": [{"e": "text", "t": "Medieval Scandinavia"}], "author_patreon_flair": false, "body_html": "&lt;div class=\"md\"&gt;&lt;p&gt;I wrote a relevant post before in &lt;a href=\"https://www.reddit.com/r/AskHistorians/comments/agjebz/when_and_how_did_straits_like_those_of_gibraltar/\"&gt;When and how did straits like those of Gibraltar, Bosporus and Denmark become an unpassable obstacle for ships that were rejected passage?&lt;/a&gt;.  &lt;/p&gt;\n\n&lt;p&gt;In short, it was not until the end of the Middle Ages [15th century] that the polity controlling the land part of the strait generally had enough means to cut the total traffic  off, without the help of reasonable size of fleet in medieval Europe.&lt;/p&gt;\n&lt;/div&gt;", "gildings": {}, "collapsed_reason": null, "associated_award": null, "stickied": false, "author_premium": false, "subreddit_type": "public", "can_gild": true, "top_awarded_type": null, "approved": false, "author_flair_text_color": "light", "score_hidden": false, "permalink": "/r/AskHistorians/comments/lvey0l/how_significant_was_the_control_of_straits_during/gpbosch/", "num_reports": null, "locked": false, "name": "t1_gpbosch", "created": 1614651349.0, "subreddit": "AskHistorians", "author_flair_text": "Medieval Scandinavia", "treatment_tags": [], "spam": false, "created_utc": 1614622549.0, "subreddit_name_prefixed": "r/AskHistorians", "controversiality": 0, "depth": 0, "author_flair_background_color": "#003399", "collapsed_because_crowd_control": null, "mod_reports": [], "mod_note": null, "distinguished": null}}], "after": null, "before": null}}]