[{"kind": "Listing", "data": {"modhash": null, "dist": 1, "children": [{"kind": "t3", "data": {"approved_at_utc": 1614720976, "subreddit": "AskHistorians", "selftext": "[deleted]", "user_reports": [], "saved": false, "mod_reason_title": null, "gilded": 0, "clicked": false, "title": "Was Spanish colonialism in the Americas less racist than Anglo colonialism?", "link_flair_richtext": [], "subreddit_name_prefixed": "r/AskHistorians", "hidden": false, "pwls": 6, "link_flair_css_class": null, "downs": 0, "top_awarded_type": null, "parent_whitelist_status": "all_ads", "hide_score": false, "name": "t3_lwaax9", "quarantine": false, "link_flair_text_color": "dark", "upvote_ratio": 0.5, "author_flair_background_color": "", "subreddit_type": "public", "ups": 0, "total_awards_received": 0, "media_embed": {}, "author_flair_template_id": null, "is_original_content": false, "secure_media": null, "is_reddit_media_domain": false, "is_meta": false, "category": null, "secure_media_embed": {}, "link_flair_text": null, "can_mod_post": true, "score": 0, "approved_by": "crrpit", "ignore_reports": false, "thumbnail": "", "edited": false, "author_flair_css_class": null, "previous_visits": [1619168171.0], "gildings": {}, "content_categories": null, "is_self": true, "mod_note": null, "created": 1614741923.0, "link_flair_type": "text", "wls": 6, "removed_by_category": "deleted", "banned_by": null, "domain": "self.AskHistorians", "allow_live_comments": false, "selftext_html": "&lt;!-- SC_OFF --&gt;&lt;div class=\"md\"&gt;&lt;p&gt;[deleted]&lt;/p&gt;\n&lt;/div&gt;&lt;!-- SC_ON --&gt;", "likes": null, "suggested_sort": null, "banned_at_utc": null, "view_count": null, "archived": false, "no_follow": true, "spam": false, "is_crosspostable": false, "pinned": false, "over_18": false, "all_awardings": [], "awarders": [], "media_only": false, "can_gild": false, "removed": false, "spoiler": false, "locked": false, "author_flair_text": null, "treatment_tags": [], "visited": false, "removed_by": null, "num_reports": 0, "distinguished": null, "subreddit_id": "t5_2ssp3", "mod_reason_by": null, "removal_reason": null, "link_flair_background_color": "", "id": "lwaax9", "is_robot_indexable": false, "num_duplicates": 1, "report_reasons": [], "author": "[deleted]", "discussion_type": null, "num_comments": 3, "send_replies": true, "media": null, "contest_mode": false, "approved": true, "author_flair_text_color": "dark", "permalink": "/r/AskHistorians/comments/lwaax9/was_spanish_colonialism_in_the_americas_less/", "whitelist_status": "all_ads", "stickied": false, "url": "https://www.reddit.com/r/AskHistorians/comments/lwaax9/was_spanish_colonialism_in_the_americas_less/", "subreddit_subscribers": 1341780, "created_utc": 1614713123.0, "num_crossposts": 0, "mod_reports": [], "is_video": false}}], "after": null, "before": null}}, {"kind": "Listing", "data": {"modhash": null, "dist": null, "children": [{"kind": "t1", "data": {"total_awards_received": 0, "approved_at_utc": null, "comment_type": null, "awarders": [], "mod_reason_by": null, "banned_by": null, "ups": 1, "author_flair_type": "text", "removal_reason": null, "link_id": "t3_lwaax9", "author_flair_template_id": null, "likes": null, "replies": "", "user_reports": [], "saved": false, "id": "gpg5at3", "banned_at_utc": null, "mod_reason_title": null, "gilded": 0, "archived": false, "removed": false, "no_follow": true, "author": "AutoModerator", "can_mod_post": true, "send_replies": false, "parent_id": "t3_lwaax9", "score": 1, "author_fullname": "t2_6l4z3", "report_reasons": [], "approved_by": null, "all_awardings": [], "subreddit_id": "t5_2ssp3", "ignore_reports": false, "body": "Welcome to /r/AskHistorians. **Please [Read Our Rules](https://www.reddit.com/r/AskHistorians/wiki/rules) before you comment in this community**. Understand that [rule breaking comments get removed](https://www.reddit.com/r/AskHistorians/comments/h8aefx/rules_roundtable_xviii_removed_curation_and_why/).\n\n#Please consider **[Clicking Here for RemindMeBot](https://www.reddit.com/message/compose/?to=RemindMeBot&amp;subject=Reminder&amp;message=%5Bhttps://www.reddit.com/r/AskHistorians/comments/lwaax9/was_spanish_colonialism_in_the_americas_less/%5D%0A%0ARemindMe!%202%20days)** as it takes time for an answer to be written. \n\nWe thank you for your interest in this *question*, and your patience in waiting for an in-depth and comprehensive answer to show up. In addition to RemindMeBot, consider [using our Browser Extension](https://www.reddit.com/r/AskHistorians/comments/d6dzi7/tired_of_clicking_to_find_only_removed_comments/), or getting the [Weekly Roundup](https://www.reddit.com/message/compose?to=subredditsummarybot&amp;subject=askhistorians+weekly&amp;message=x). In the meantime our [Twitter](https://twitter.com/askhistorians), [Facebook](https://www.facebook.com/askhistorians/), and [Sunday Digest](https://www.reddit.com/r/AskHistorians/search?q=title%3A%22Sunday+Digest%22&amp;restrict_sr=on&amp;sort=new&amp;t=all) feature excellent content that has already been written!\n\n\n*I am a bot, and this action was performed automatically. Please [contact the moderators of this subreddit](/message/compose/?to=/r/AskHistorians) if you have any questions or concerns.*", "edited": false, "downs": 0, "author_flair_css_class": null, "is_submitter": false, "collapsed": false, "author_flair_richtext": [], "author_patreon_flair": false, "body_html": "&lt;div class=\"md\"&gt;&lt;p&gt;Welcome to &lt;a href=\"/r/AskHistorians\"&gt;/r/AskHistorians&lt;/a&gt;. &lt;strong&gt;Please &lt;a href=\"https://www.reddit.com/r/AskHistorians/wiki/rules\"&gt;Read Our Rules&lt;/a&gt; before you comment in this community&lt;/strong&gt;. Understand that &lt;a href=\"https://www.reddit.com/r/AskHistorians/comments/h8aefx/rules_roundtable_xviii_removed_curation_and_why/\"&gt;rule breaking comments get removed&lt;/a&gt;.&lt;/p&gt;\n\n&lt;h1&gt;Please consider &lt;strong&gt;&lt;a href=\"https://www.reddit.com/message/compose/?to=RemindMeBot&amp;amp;subject=Reminder&amp;amp;message=%5Bhttps://www.reddit.com/r/AskHistorians/comments/lwaax9/was_spanish_colonialism_in_the_americas_less/%5D%0A%0ARemindMe!%202%20days\"&gt;Clicking Here for RemindMeBot&lt;/a&gt;&lt;/strong&gt; as it takes time for an answer to be written.&lt;/h1&gt;\n\n&lt;p&gt;We thank you for your interest in this &lt;em&gt;question&lt;/em&gt;, and your patience in waiting for an in-depth and comprehensive answer to show up. In addition to RemindMeBot, consider &lt;a href=\"https://www.reddit.com/r/AskHistorians/comments/d6dzi7/tired_of_clicking_to_find_only_removed_comments/\"&gt;using our Browser Extension&lt;/a&gt;, or getting the &lt;a href=\"https://www.reddit.com/message/compose?to=subredditsummarybot&amp;amp;subject=askhistorians+weekly&amp;amp;message=x\"&gt;Weekly Roundup&lt;/a&gt;. In the meantime our &lt;a href=\"https://twitter.com/askhistorians\"&gt;Twitter&lt;/a&gt;, &lt;a href=\"https://www.facebook.com/askhistorians/\"&gt;Facebook&lt;/a&gt;, and &lt;a href=\"https://www.reddit.com/r/AskHistorians/search?q=title%3A%22Sunday+Digest%22&amp;amp;restrict_sr=on&amp;amp;sort=new&amp;amp;t=all\"&gt;Sunday Digest&lt;/a&gt; feature excellent content that has already been written!&lt;/p&gt;\n\n&lt;p&gt;&lt;em&gt;I am a bot, and this action was performed automatically. Please &lt;a href=\"/message/compose/?to=/r/AskHistorians\"&gt;contact the moderators of this subreddit&lt;/a&gt; if you have any questions or concerns.&lt;/em&gt;&lt;/p&gt;\n&lt;/div&gt;", "gildings": {}, "collapsed_reason": null, "associated_award": null, "stickied": true, "author_premium": true, "subreddit_type": "public", "can_gild": true, "top_awarded_type": null, "approved": false, "author_flair_text_color": null, "score_hidden": false, "permalink": "/r/AskHistorians/comments/lwaax9/was_spanish_colonialism_in_the_americas_less/gpg5at3/", "num_reports": 0, "locked": true, "name": "t1_gpg5at3", "created": 1614741923.0, "subreddit": "AskHistorians", "author_flair_text": null, "treatment_tags": [], "spam": false, "created_utc": 1614713123.0, "subreddit_name_prefixed": "r/AskHistorians", "controversiality": 0, "depth": 0, "author_flair_background_color": null, "collapsed_because_crowd_control": null, "mod_reports": [], "mod_note": null, "distinguished": "moderator"}}, {"kind": "t1", "data": {"total_awards_received": 0, "approved_at_utc": null, "comment_type": null, "awarders": [], "mod_reason_by": null, "banned_by": null, "ups": 4, "author_flair_type": "richtext", "removal_reason": null, "link_id": "t3_lwaax9", "author_flair_template_id": "98d8fdba-c626-11e2-bd52-12313b06caaf", "likes": null, "replies": {"kind": "Listing", "data": {"modhash": null, "dist": null, "children": [{"kind": "t1", "data": {"total_awards_received": 0, "approved_at_utc": null, "ignore_reports": false, "comment_type": null, "awarders": [], "mod_reason_by": null, "banned_by": null, "ups": 2, "author_flair_type": "text", "removal_reason": null, "link_id": "t3_lwaax9", "author_flair_template_id": null, "likes": null, "replies": "", "user_reports": [], "saved": false, "id": "gpgm31e", "banned_at_utc": null, "mod_reason_title": null, "gilded": 0, "archived": false, "removed": false, "no_follow": true, "author": "JohnBrown1ng", "can_mod_post": true, "send_replies": true, "parent_id": "t1_gpglf79", "score": 2, "author_fullname": "t2_146l5jk4", "report_reasons": [], "approved_by": null, "all_awardings": [], "subreddit_id": "t5_2ssp3", "collapsed": false, "body": "Thanks for pointing me in the right direction!", "edited": false, "author_flair_css_class": null, "is_submitter": false, "downs": 0, "author_flair_richtext": [], "author_patreon_flair": false, "body_html": "&lt;div class=\"md\"&gt;&lt;p&gt;Thanks for pointing me in the right direction!&lt;/p&gt;\n&lt;/div&gt;", "gildings": {}, "collapsed_reason": null, "associated_award": null, "stickied": false, "author_premium": false, "subreddit_type": "public", "can_gild": true, "top_awarded_type": null, "approved": false, "author_flair_text_color": null, "score_hidden": false, "permalink": "/r/AskHistorians/comments/lwaax9/was_spanish_colonialism_in_the_americas_less/gpgm31e/", "num_reports": 0, "locked": false, "name": "t1_gpgm31e", "created": 1614749077.0, "subreddit": "AskHistorians", "author_flair_text": null, "treatment_tags": [], "spam": false, "created_utc": 1614720277.0, "subreddit_name_prefixed": "r/AskHistorians", "controversiality": 0, "depth": 1, "author_flair_background_color": null, "collapsed_because_crowd_control": null, "mod_reports": [], "mod_note": null, "distinguished": null}}], "after": null, "before": null}}, "user_reports": [], "saved": false, "id": "gpglf79", "banned_at_utc": null, "mod_reason_title": null, "gilded": 0, "archived": false, "removed": false, "no_follow": true, "author": "silverappleyard", "can_mod_post": true, "send_replies": true, "parent_id": "t3_lwaax9", "score": 4, "author_fullname": "t2_xxrjn", "report_reasons": [], "approved_by": null, "all_awardings": [], "subreddit_id": "t5_2ssp3", "ignore_reports": false, "body": "There's always more to say on the subject, but you might be interested in this previous answer from u/drylaw:\n\n* [What were the main reasons why the Spanish mixed with the natives in the Americas, while the British tended to force them off the land and live Separately?](https://www.reddit.com/r/AskHistorians/comments/b2l1gd/what_were_the_main_reasons_why_the_spanish_mixed/eitpb5b/)", "edited": false, "downs": 0, "author_flair_css_class": null, "is_submitter": false, "collapsed": false, "author_flair_richtext": [{"e": "text", "t": "Moderator | FAQ Finder"}], "author_patreon_flair": false, "body_html": "&lt;div class=\"md\"&gt;&lt;p&gt;There&amp;#39;s always more to say on the subject, but you might be interested in this previous answer from &lt;a href=\"/u/drylaw\"&gt;u/drylaw&lt;/a&gt;:&lt;/p&gt;\n\n&lt;ul&gt;\n&lt;li&gt;&lt;a href=\"https://www.reddit.com/r/AskHistorians/comments/b2l1gd/what_were_the_main_reasons_why_the_spanish_mixed/eitpb5b/\"&gt;What were the main reasons why the Spanish mixed with the natives in the Americas, while the British tended to force them off the land and live Separately?&lt;/a&gt;&lt;/li&gt;\n&lt;/ul&gt;\n&lt;/div&gt;", "gildings": {}, "collapsed_reason": null, "associated_award": null, "stickied": false, "author_premium": false, "subreddit_type": "public", "can_gild": true, "top_awarded_type": null, "approved": false, "author_flair_text_color": "light", "score_hidden": false, "permalink": "/r/AskHistorians/comments/lwaax9/was_spanish_colonialism_in_the_americas_less/gpglf79/", "num_reports": 0, "locked": false, "name": "t1_gpglf79", "created": 1614748795.0, "subreddit": "AskHistorians", "author_flair_text": "Moderator | FAQ Finder", "treatment_tags": [], "spam": false, "created_utc": 1614719995.0, "subreddit_name_prefixed": "r/AskHistorians", "controversiality": 0, "depth": 0, "author_flair_background_color": "#b87317", "collapsed_because_crowd_control": null, "mod_reports": [], "mod_note": null, "distinguished": null}}], "after": null, "before": null}}]