[{"kind": "Listing", "data": {"modhash": "", "dist": 1, "children": [{"kind": "t3", "data": {"approved_at_utc": null, "subreddit": "AskHistorians", "selftext": "", "user_reports": [], "saved": false, "mod_reason_title": null, "gilded": 0, "clicked": false, "title": "Did people in Europe smoke at all before contact with the Americas?", "link_flair_richtext": [], "subreddit_name_prefixed": "r/AskHistorians", "hidden": false, "pwls": 6, "link_flair_css_class": null, "downs": 0, "parent_whitelist_status": "all_ads", "hide_score": false, "name": "t3_awtgry", "quarantine": false, "link_flair_text_color": "dark", "upvote_ratio": 0.91, "author_flair_background_color": null, "subreddit_type": "public", "ups": 33, "total_awards_received": 0, "media_embed": {}, "author_flair_template_id": null, "is_original_content": false, "author_fullname": "t2_2zl7rjzm", "secure_media": null, "is_reddit_media_domain": false, "is_meta": false, "category": null, "secure_media_embed": {}, "link_flair_text": null, "can_mod_post": false, "score": 33, "approved_by": null, "thumbnail": "", "edited": false, "author_flair_css_class": null, "author_flair_richtext": [], "gildings": {}, "content_categories": null, "is_self": true, "mod_note": null, "created": 1551643868.0, "link_flair_type": "text", "wls": 6, "banned_by": null, "author_flair_type": "text", "domain": "self.AskHistorians", "selftext_html": null, "likes": null, "suggested_sort": null, "banned_at_utc": null, "view_count": null, "archived": false, "no_follow": false, "is_crosspostable": false, "pinned": false, "over_18": false, "all_awardings": [], "media": null, "media_only": false, "can_gild": false, "spoiler": false, "locked": false, "author_flair_text": null, "visited": false, "num_reports": null, "distinguished": null, "subreddit_id": "t5_2ssp3", "mod_reason_by": null, "removal_reason": null, "link_flair_background_color": "", "id": "awtgry", "is_robot_indexable": true, "report_reasons": null, "author": "SentientLime", "num_crossposts": 0, "num_comments": 5, "send_replies": true, "contest_mode": false, "author_patreon_flair": false, "author_flair_text_color": null, "permalink": "/r/AskHistorians/comments/awtgry/did_people_in_europe_smoke_at_all_before_contact/", "whitelist_status": "all_ads", "stickied": false, "url": "https://www.reddit.com/r/AskHistorians/comments/awtgry/did_people_in_europe_smoke_at_all_before_contact/", "subreddit_subscribers": 958378, "created_utc": 1551615068.0, "mod_reports": [], "is_video": false}}], "after": null, "before": null}}, {"kind": "Listing", "data": {"modhash": "", "dist": null, "children": [{"kind": "t1", "data": {"total_awards_received": 0, "approved_at_utc": null, "ups": 0, "mod_reason_by": null, "banned_by": null, "removal_reason": null, "link_id": "t3_awtgry", "author_flair_template_id": null, "likes": null, "no_follow": true, "replies": {"kind": "Listing", "data": {"modhash": "", "dist": null, "children": [{"kind": "t1", "data": {"total_awards_received": 0, "approved_at_utc": null, "ups": 2, "mod_reason_by": null, "banned_by": null, "author_flair_type": "text", "removal_reason": null, "link_id": "t3_awtgry", "author_flair_template_id": null, "likes": null, "no_follow": true, "replies": "", "user_reports": [], "saved": false, "id": "ehpauq2", "banned_at_utc": null, "mod_reason_title": null, "gilded": 0, "archived": false, "report_reasons": null, "author": "AncientHistory", "can_mod_post": false, "send_replies": true, "parent_id": "t1_ehpat94", "score": 2, "author_fullname": "t2_cxryn", "approved_by": null, "all_awardings": [], "subreddit_id": "t5_2ssp3", "body": "Sorry, but we have had to remove your comment. Please understand that people come here because they want an informed response from someone capable of engaging with the sources, and providing follow-up information. Wikipedia can be a useful tool, but merely repeating information found there doesn't provide the type of answers we seek to encourage here. [As such, we don't allow answers which simply link to, quote from, or are otherwise heavily dependent on Wikipedia](https://www.reddit.com/r/AskHistorians/wiki/rules#wiki_sources). We presume that someone posting a question here either doesn't want to get the 'Wikipedia answer', or has already checked there and found it lacking. You can find further discussion of this policy [here](https://www.reddit.com/r/AskHistorians/comments/3yjz53/rules_roundtable_2_explaining_the_rules_regarding/). In the future, please take the time to better familiarize yourself with [the rules](http://www.reddit.com/r/AskHistorians/wiki/rules#wiki_write_an_in-depth_answer) before contributing again.\n", "edited": false, "author_flair_css_class": "other", "is_submitter": false, "downs": 0, "author_flair_richtext": [], "author_patreon_flair": false, "collapsed_reason": null, "body_html": "&lt;div class=\"md\"&gt;&lt;p&gt;Sorry, but we have had to remove your comment. Please understand that people come here because they want an informed response from someone capable of engaging with the sources, and providing follow-up information. Wikipedia can be a useful tool, but merely repeating information found there doesn&amp;#39;t provide the type of answers we seek to encourage here. &lt;a href=\"https://www.reddit.com/r/AskHistorians/wiki/rules#wiki_sources\"&gt;As such, we don&amp;#39;t allow answers which simply link to, quote from, or are otherwise heavily dependent on Wikipedia&lt;/a&gt;. We presume that someone posting a question here either doesn&amp;#39;t want to get the &amp;#39;Wikipedia answer&amp;#39;, or has already checked there and found it lacking. You can find further discussion of this policy &lt;a href=\"https://www.reddit.com/r/AskHistorians/comments/3yjz53/rules_roundtable_2_explaining_the_rules_regarding/\"&gt;here&lt;/a&gt;. In the future, please take the time to better familiarize yourself with &lt;a href=\"http://www.reddit.com/r/AskHistorians/wiki/rules#wiki_write_an_in-depth_answer\"&gt;the rules&lt;/a&gt; before contributing again.&lt;/p&gt;\n&lt;/div&gt;", "stickied": false, "subreddit_type": "public", "can_gild": true, "gildings": {}, "author_flair_text_color": "dark", "score_hidden": false, "permalink": "/r/AskHistorians/comments/awtgry/did_people_in_europe_smoke_at_all_before_contact/ehpauq2/", "num_reports": null, "locked": false, "name": "t1_ehpauq2", "created": 1551655765.0, "subreddit": "AskHistorians", "author_flair_text": "Moderator | Pulp Studies | H. P. Lovecraft", "collapsed": false, "created_utc": 1551626965.0, "subreddit_name_prefixed": "r/AskHistorians", "controversiality": 0, "depth": 1, "author_flair_background_color": "", "mod_reports": [], "mod_note": null, "distinguished": "moderator"}}], "after": null, "before": null}}, "user_reports": [], "saved": false, "id": "ehpat94", "banned_at_utc": null, "mod_reason_title": null, "gilded": 0, "archived": false, "report_reasons": null, "author": "[deleted]", "can_mod_post": false, "send_replies": true, "parent_id": "t3_awtgry", "score": 0, "approved_by": null, "all_awardings": [], "subreddit_id": "t5_2ssp3", "body": "[removed]", "edited": false, "author_flair_css_class": null, "downs": 0, "is_submitter": false, "collapsed_reason": null, "body_html": "&lt;div class=\"md\"&gt;&lt;p&gt;[removed]&lt;/p&gt;\n&lt;/div&gt;", "stickied": false, "subreddit_type": "public", "can_gild": true, "gildings": {}, "author_flair_text_color": "dark", "score_hidden": false, "permalink": "/r/AskHistorians/comments/awtgry/did_people_in_europe_smoke_at_all_before_contact/ehpat94/", "num_reports": null, "locked": false, "name": "t1_ehpat94", "created": 1551655727.0, "subreddit": "AskHistorians", "author_flair_text": null, "collapsed": false, "created_utc": 1551626927.0, "subreddit_name_prefixed": "r/AskHistorians", "controversiality": 0, "depth": 0, "author_flair_background_color": "", "mod_reports": [], "mod_note": null, "distinguished": null}}, {"kind": "t1", "data": {"total_awards_received": 0, "approved_at_utc": null, "ups": 0, "mod_reason_by": null, "banned_by": null, "removal_reason": null, "link_id": "t3_awtgry", "author_flair_template_id": null, "likes": null, "no_follow": true, "replies": "", "user_reports": [], "saved": false, "id": "ehp8rk0", "banned_at_utc": null, "mod_reason_title": null, "gilded": 0, "archived": false, "report_reasons": null, "author": "[deleted]", "can_mod_post": false, "send_replies": true, "parent_id": "t3_awtgry", "score": 0, "approved_by": null, "all_awardings": [], "subreddit_id": "t5_2ssp3", "body": "[removed]", "edited": false, "author_flair_css_class": null, "downs": 0, "is_submitter": false, "collapsed_reason": null, "body_html": "&lt;div class=\"md\"&gt;&lt;p&gt;[removed]&lt;/p&gt;\n&lt;/div&gt;", "stickied": false, "subreddit_type": "public", "can_gild": true, "gildings": {}, "author_flair_text_color": "dark", "score_hidden": false, "permalink": "/r/AskHistorians/comments/awtgry/did_people_in_europe_smoke_at_all_before_contact/ehp8rk0/", "num_reports": null, "locked": false, "name": "t1_ehp8rk0", "created": 1551653831.0, "subreddit": "AskHistorians", "author_flair_text": null, "collapsed": false, "created_utc": 1551625031.0, "subreddit_name_prefixed": "r/AskHistorians", "controversiality": 0, "depth": 0, "author_flair_background_color": "", "mod_reports": [], "mod_note": null, "distinguished": null}}], "after": null, "before": null}}]