[{"kind": "Listing", "data": {"modhash": "", "dist": 1, "children": [{"kind": "t3", "data": {"subreddit_id": "t5_2ssp3", "approved_at_utc": null, "send_replies": true, "mod_reason_by": null, "banned_by": null, "removal_reason": null, "wls": 6, "subreddit": "AskHistorians", "selftext_html": "&lt;!-- SC_OFF --&gt;&lt;div class=\"md\"&gt;&lt;p&gt;I was taught civil war history in the north, stating that slavery was one of the biggest reasons. When I moved down south some say it was a minor reason. So what is the truth? &lt;/p&gt;\n&lt;/div&gt;&lt;!-- SC_ON --&gt;", "author_flair_template_id": null, "selftext": "I was taught civil war history in the north, stating that slavery was one of the biggest reasons. When I moved down south some say it was a minor reason. So what is the truth? ", "likes": null, "suggested_sort": null, "mod_note": null, "user_reports": [], "secure_media": null, "is_reddit_media_domain": false, "saved": false, "id": "5wr92u", "banned_at_utc": null, "mod_reason_title": null, "view_count": null, "archived": true, "clicked": false, "no_follow": true, "author": "eliyellowbear", "num_crossposts": 0, "link_flair_text": null, "can_mod_post": false, "is_crosspostable": false, "pinned": false, "score": 4, "approved_by": null, "over_18": false, "domain": "self.AskHistorians", "hidden": false, "pwls": 6, "thumbnail": "", "hide_score": false, "edited": false, "link_flair_css_class": null, "media_only": false, "author_flair_css_class": null, "contest_mode": false, "gilded": 0, "title": "What REALLY started the civil war in America??", "downs": 0, "secure_media_embed": {}, "media_embed": {}, "author_flair_text": null, "stickied": false, "can_gild": false, "is_self": true, "parent_whitelist_status": "all_ads", "name": "t3_5wr92u", "spoiler": false, "permalink": "/r/AskHistorians/comments/5wr92u/what_really_started_the_civil_war_in_america/", "subreddit_type": "public", "locked": false, "report_reasons": null, "created": 1488352657.0, "url": "https://www.reddit.com/r/AskHistorians/comments/5wr92u/what_really_started_the_civil_war_in_america/", "whitelist_status": "all_ads", "quarantine": false, "subreddit_subscribers": 759188, "created_utc": 1488323857.0, "subreddit_name_prefixed": "r/AskHistorians", "distinguished": null, "media": null, "num_comments": 2, "upvote_ratio": 0.61, "mod_reports": [], "visited": false, "num_reports": null, "is_video": false, "ups": 4, "post_categories": null}}], "after": null, "before": null}}, {"kind": "Listing", "data": {"modhash": "", "dist": null, "children": [{"kind": "t1", "data": {"subreddit_id": "t5_2ssp3", "approved_at_utc": null, "ups": 8, "mod_reason_by": null, "banned_by": null, "removal_reason": null, "link_id": "t3_5wr92u", "author_flair_template_id": null, "likes": null, "no_follow": true, "replies": {"kind": "Listing", "data": {"modhash": "", "dist": null, "children": [{"kind": "t1", "data": {"subreddit_id": "t5_2ssp3", "approved_at_utc": null, "ups": 1, "mod_reason_by": null, "banned_by": null, "removal_reason": null, "link_id": "t3_5wr92u", "author_flair_template_id": null, "likes": null, "no_follow": true, "replies": "", "user_reports": [], "saved": false, "id": "dedy2a8", "banned_at_utc": null, "mod_reason_title": null, "gilded": 0, "archived": true, "report_reasons": null, "author": "eliyellowbear", "can_mod_post": false, "send_replies": true, "parent_id": "t1_decds9y", "score": 1, "approved_by": null, "downs": 0, "body": "Ah yes thank you!\n", "edited": false, "author_flair_css_class": null, "collapsed": false, "is_submitter": true, "collapsed_reason": null, "body_html": "&lt;div class=\"md\"&gt;&lt;p&gt;Ah yes thank you!&lt;/p&gt;\n&lt;/div&gt;", "subreddit_type": "public", "can_gild": true, "subreddit": "AskHistorians", "name": "t1_dedy2a8", "score_hidden": false, "permalink": "/r/AskHistorians/comments/5wr92u/what_really_started_the_civil_war_in_america/dedy2a8/", "num_reports": null, "stickied": false, "created": 1488434621.0, "author_flair_text": null, "created_utc": 1488405821.0, "subreddit_name_prefixed": "r/AskHistorians", "controversiality": 0, "depth": 1, "mod_reports": [], "mod_note": null, "distinguished": null}}], "after": null, "before": null}}, "user_reports": [], "saved": false, "id": "decds9y", "banned_at_utc": null, "mod_reason_title": null, "gilded": 0, "archived": true, "report_reasons": null, "author": "lord_mayor_of_reddit", "can_mod_post": false, "send_replies": false, "parent_id": "t3_5wr92u", "score": 8, "approved_by": null, "downs": 0, "body": "You probably want to check out this sub's [FAQ](https://www.reddit.com/r/AskHistorians/wiki/civilwar) which has a whole section dedicated to this question and questions like it.", "edited": false, "author_flair_css_class": "qualitycontributor", "collapsed": false, "is_submitter": false, "collapsed_reason": null, "body_html": "&lt;div class=\"md\"&gt;&lt;p&gt;You probably want to check out this sub&amp;#39;s &lt;a href=\"https://www.reddit.com/r/AskHistorians/wiki/civilwar\"&gt;FAQ&lt;/a&gt; which has a whole section dedicated to this question and questions like it.&lt;/p&gt;\n&lt;/div&gt;", "subreddit_type": "public", "can_gild": true, "subreddit": "AskHistorians", "name": "t1_decds9y", "score_hidden": false, "permalink": "/r/AskHistorians/comments/5wr92u/what_really_started_the_civil_war_in_america/decds9y/", "num_reports": null, "stickied": false, "created": 1488353510.0, "author_flair_text": "Quality Contributor", "created_utc": 1488324710.0, "subreddit_name_prefixed": "r/AskHistorians", "controversiality": 0, "depth": 0, "mod_reports": [], "mod_note": null, "distinguished": null}}], "after": null, "before": null}}]