[{"kind": "Listing", "data": {"modhash": "", "dist": 1, "children": [{"kind": "t3", "data": {"subreddit_id": "t5_2ssp3", "approved_at_utc": null, "send_replies": true, "mod_reason_by": null, "banned_by": null, "removal_reason": null, "wls": 6, "subreddit": "AskHistorians", "selftext_html": "&lt;!-- SC_OFF --&gt;&lt;div class=\"md\"&gt;&lt;p&gt;I think the most interesting question I have around hostages is, as mentioned in the title, what would happen if an enemy hostage&amp;#39;s tribe went back on the terms of a surrender or if a &amp;quot;friendly&amp;quot; tribe&amp;#39;s hostage decided to be less friendly. In addition, I&amp;#39;m wondering how long a hostage might be kept captive and whether they&amp;#39;d be treated as a high-status person while in &amp;quot;captivity.&amp;quot; Was there ever a situation like Theon in GoT where an child grows up (well-treated) in the home of a previous enemy?&lt;/p&gt;\n\n&lt;p&gt;I&amp;#39;m also interested in any additional anecdotes or bits of history regarding hostages outside my specific questions. My previous knowledge of hostages comes from &lt;em&gt;Game of Thrones&lt;/em&gt; and brief scenes in &lt;em&gt;The Godfather&lt;/em&gt; and &lt;em&gt;The Borgias&lt;/em&gt; so I&amp;#39;m very open to the educated people of this sub-reddit answering the question I should have asked around the practice of hostage taking in Ancient Roman times and beyond.&lt;/p&gt;\n&lt;/div&gt;&lt;!-- SC_ON --&gt;", "author_flair_template_id": null, "selftext": "I think the most interesting question I have around hostages is, as mentioned in the title, what would happen if an enemy hostage's tribe went back on the terms of a surrender or if a \"friendly\" tribe's hostage decided to be less friendly. In addition, I'm wondering how long a hostage might be kept captive and whether they'd be treated as a high-status person while in \"captivity.\" Was there ever a situation like Theon in GoT where an child grows up (well-treated) in the home of a previous enemy?\n\nI'm also interested in any additional anecdotes or bits of history regarding hostages outside my specific questions. My previous knowledge of hostages comes from *Game of Thrones* and brief scenes in *The Godfather* and *The Borgias* so I'm very open to the educated people of this sub-reddit answering the question I should have asked around the practice of hostage taking in Ancient Roman times and beyond.", "likes": null, "suggested_sort": null, "mod_note": null, "user_reports": [], "secure_media": null, "is_reddit_media_domain": false, "saved": false, "id": "5wru6i", "banned_at_utc": null, "mod_reason_title": null, "view_count": null, "archived": true, "clicked": false, "no_follow": false, "author": "DonDriver", "num_crossposts": 0, "link_flair_text": null, "can_mod_post": false, "is_crosspostable": false, "pinned": false, "score": 7, "approved_by": null, "over_18": false, "domain": "self.AskHistorians", "hidden": false, "pwls": 6, "thumbnail": "", "hide_score": false, "edited": false, "link_flair_css_class": null, "media_only": false, "author_flair_css_class": null, "contest_mode": false, "gilded": 0, "title": "I'm Reading Commentarii de Bello Gallico and I'm Fascinated With The Idea of Hostages and Their Treatment. Where Did The Custom Originate? What Happened If a Tribe Went Back on Their Word?", "downs": 0, "secure_media_embed": {}, "media_embed": {}, "author_flair_text": null, "stickied": false, "can_gild": false, "is_self": true, "parent_whitelist_status": "all_ads", "name": "t3_5wru6i", "spoiler": false, "permalink": "/r/AskHistorians/comments/5wru6i/im_reading_commentarii_de_bello_gallico_and_im/", "subreddit_type": "public", "locked": false, "report_reasons": null, "created": 1488357623.0, "url": "https://www.reddit.com/r/AskHistorians/comments/5wru6i/im_reading_commentarii_de_bello_gallico_and_im/", "whitelist_status": "all_ads", "quarantine": false, "subreddit_subscribers": 759188, "created_utc": 1488328823.0, "subreddit_name_prefixed": "r/AskHistorians", "distinguished": null, "media": null, "num_comments": 0, "upvote_ratio": 0.7, "mod_reports": [], "visited": false, "num_reports": null, "is_video": false, "ups": 7, "post_categories": null}}], "after": null, "before": null}}, {"kind": "Listing", "data": {"modhash": "", "dist": null, "children": [], "after": null, "before": null}}]