[{"kind": "Listing", "data": {"modhash": "", "dist": 1, "children": [{"kind": "t3", "data": {"subreddit_id": "t5_2ssp3", "approved_at_utc": null, "send_replies": true, "mod_reason_by": null, "banned_by": null, "removal_reason": null, "wls": 6, "subreddit": "AskHistorians", "selftext_html": "&lt;!-- SC_OFF --&gt;&lt;div class=\"md\"&gt;&lt;p&gt;&lt;em&gt;Excluding Ost-Bataillone.&lt;/em&gt; I&amp;#39;m interested in about every aspect. How did they come to join? How did the command structure work? How many did participate from each nation? How big were the casualties? etc.&lt;/p&gt;\n&lt;/div&gt;&lt;!-- SC_ON --&gt;", "author_flair_template_id": null, "selftext": "*Excluding Ost-Bataillone.* I'm interested in about every aspect. How did they come to join? How did the command structure work? How many did participate from each nation? How big were the casualties? etc.", "likes": null, "suggested_sort": null, "mod_note": null, "user_reports": [], "secure_media": null, "is_reddit_media_domain": false, "saved": false, "id": "5wwqvj", "banned_at_utc": null, "mod_reason_title": null, "view_count": null, "archived": true, "clicked": false, "no_follow": true, "author": "Osskyw2", "num_crossposts": 0, "link_flair_text": null, "can_mod_post": false, "is_crosspostable": false, "pinned": false, "score": 1, "approved_by": null, "over_18": false, "domain": "self.AskHistorians", "hidden": false, "pwls": 6, "thumbnail": "", "hide_score": false, "edited": false, "link_flair_css_class": null, "media_only": false, "author_flair_css_class": null, "contest_mode": false, "gilded": 0, "title": "What can you tell me about the people that fought in the Invasion of Normandy that weren't US American, Canadian, British or German?", "downs": 0, "secure_media_embed": {}, "media_embed": {}, "author_flair_text": null, "stickied": false, "can_gild": false, "is_self": true, "parent_whitelist_status": "all_ads", "name": "t3_5wwqvj", "spoiler": false, "permalink": "/r/AskHistorians/comments/5wwqvj/what_can_you_tell_me_about_the_people_that_fought/", "subreddit_type": "public", "locked": false, "report_reasons": null, "created": 1488412581.0, "url": "https://www.reddit.com/r/AskHistorians/comments/5wwqvj/what_can_you_tell_me_about_the_people_that_fought/", "whitelist_status": "all_ads", "quarantine": false, "subreddit_subscribers": 759188, "created_utc": 1488383781.0, "subreddit_name_prefixed": "r/AskHistorians", "distinguished": null, "media": null, "num_comments": 0, "upvote_ratio": 1.0, "mod_reports": [], "visited": false, "num_reports": null, "is_video": false, "ups": 1, "post_categories": null}}], "after": null, "before": null}}, {"kind": "Listing", "data": {"modhash": "", "dist": null, "children": [], "after": null, "before": null}}]