[{"kind": "Listing", "data": {"modhash": "", "dist": 1, "children": [{"kind": "t3", "data": {"subreddit_id": "t5_2ssp3", "approved_at_utc": null, "send_replies": true, "mod_reason_by": null, "banned_by": null, "removal_reason": null, "wls": 6, "subreddit": "AskHistorians", "selftext_html": "&lt;!-- SC_OFF --&gt;&lt;div class=\"md\"&gt;&lt;p&gt;What happend to the majestic gens Furia? it looks like dissapeared in  343 and there was nothing else to talk about it.&lt;/p&gt;\n&lt;/div&gt;&lt;!-- SC_ON --&gt;", "author_flair_template_id": null, "selftext": "What happend to the majestic gens Furia? it looks like dissapeared in  343 and there was nothing else to talk about it.", "likes": null, "suggested_sort": null, "mod_note": null, "user_reports": [], "secure_media": null, "is_reddit_media_domain": false, "saved": false, "id": "5wwqib", "banned_at_utc": null, "mod_reason_title": null, "view_count": null, "archived": true, "clicked": false, "no_follow": true, "author": "Polok0961", "num_crossposts": 0, "link_flair_text": null, "can_mod_post": false, "is_crosspostable": false, "pinned": false, "score": 6, "approved_by": null, "over_18": false, "domain": "self.AskHistorians", "hidden": false, "pwls": 6, "thumbnail": "", "hide_score": false, "edited": false, "link_flair_css_class": null, "media_only": false, "author_flair_css_class": null, "contest_mode": false, "gilded": 0, "title": "What happend to the gens Furia?", "downs": 0, "secure_media_embed": {}, "media_embed": {}, "author_flair_text": null, "stickied": false, "can_gild": false, "is_self": true, "parent_whitelist_status": "all_ads", "name": "t3_5wwqib", "spoiler": false, "permalink": "/r/AskHistorians/comments/5wwqib/what_happend_to_the_gens_furia/", "subreddit_type": "public", "locked": false, "report_reasons": null, "created": 1488412490.0, "url": "https://www.reddit.com/r/AskHistorians/comments/5wwqib/what_happend_to_the_gens_furia/", "whitelist_status": "all_ads", "quarantine": false, "subreddit_subscribers": 759188, "created_utc": 1488383690.0, "subreddit_name_prefixed": "r/AskHistorians", "distinguished": null, "media": null, "num_comments": 2, "upvote_ratio": 0.88, "mod_reports": [], "visited": false, "num_reports": null, "is_video": false, "ups": 6, "post_categories": null}}], "after": null, "before": null}}, {"kind": "Listing", "data": {"modhash": "", "dist": null, "children": [{"kind": "t1", "data": {"subreddit_id": "t5_2ssp3", "approved_at_utc": null, "ups": 2, "mod_reason_by": null, "banned_by": null, "removal_reason": null, "link_id": "t3_5wwqib", "author_flair_template_id": null, "likes": null, "no_follow": true, "replies": {"kind": "Listing", "data": {"modhash": "", "dist": null, "children": [{"kind": "t1", "data": {"subreddit_id": "t5_2ssp3", "approved_at_utc": null, "ups": 1, "mod_reason_by": null, "banned_by": null, "removal_reason": null, "link_id": "t3_5wwqib", "author_flair_template_id": null, "likes": null, "no_follow": true, "replies": "", "user_reports": [], "saved": false, "id": "dee6rs0", "banned_at_utc": null, "mod_reason_title": null, "gilded": 0, "archived": true, "report_reasons": null, "author": "Polok0961", "can_mod_post": false, "send_replies": true, "parent_id": "t1_dedv8vg", "score": 1, "approved_by": null, "downs": 0, "body": "Thanks for the response,i always taught that Camillus is very unknown and specially underrated.", "edited": false, "author_flair_css_class": null, "collapsed": false, "is_submitter": true, "collapsed_reason": null, "body_html": "&lt;div class=\"md\"&gt;&lt;p&gt;Thanks for the response,i always taught that Camillus is very unknown and specially underrated.&lt;/p&gt;\n&lt;/div&gt;", "subreddit_type": "public", "can_gild": true, "subreddit": "AskHistorians", "name": "t1_dee6rs0", "score_hidden": false, "permalink": "/r/AskHistorians/comments/5wwqib/what_happend_to_the_gens_furia/dee6rs0/", "num_reports": null, "stickied": false, "created": 1488445530.0, "author_flair_text": null, "created_utc": 1488416730.0, "subreddit_name_prefixed": "r/AskHistorians", "controversiality": 0, "depth": 1, "mod_reports": [], "mod_note": null, "distinguished": null}}], "after": null, "before": null}}, "user_reports": [], "saved": false, "id": "dedv8vg", "banned_at_utc": null, "mod_reason_title": null, "gilded": 0, "archived": true, "report_reasons": null, "author": "XenophonTheAthenian", "can_mod_post": false, "send_replies": true, "parent_id": "t3_5wwqib", "score": 2, "approved_by": null, "downs": 0, "body": "So the *gens Furia* did not actually die off, it continued into the Principate, but with greatly diminished prominence. If it *had* disappeared that would be nothing particularly special, as by the late Republic the plebeian nobility had pretty much taken over the senatorial class completely--only 14 patrician families still had extant patrician lines by Caesar's lifetime, and the vast majority of the prominent politicians of the late Republic were plebeian. The last Furian consulship I know of is in 196, the consulship of Furius Purpureo who failed to win the censorship of 183. Following that holders of the name appear to be mainly equestrian, and it's not totally clear whether these people are really a plebeian branch of the family or whether, like Cicero (who bore the name Tullius but was not part of the line of Servius Tullius), they're just a family with a related name. At the very least the Camillan line apparently continued at least in name, although it's hard to tell whether this is one of the imperial patrician lines revived artificially by Augustus. Claudius' first wife was Livia Medullina, whose father M. Furius Camillus won triumphal insignia against Tacfarinas and who, according to Plutarch, claimed descent from the dictator's line", "edited": false, "author_flair_css_class": "europe", "collapsed": false, "is_submitter": false, "collapsed_reason": null, "body_html": "&lt;div class=\"md\"&gt;&lt;p&gt;So the &lt;em&gt;gens Furia&lt;/em&gt; did not actually die off, it continued into the Principate, but with greatly diminished prominence. If it &lt;em&gt;had&lt;/em&gt; disappeared that would be nothing particularly special, as by the late Republic the plebeian nobility had pretty much taken over the senatorial class completely--only 14 patrician families still had extant patrician lines by Caesar&amp;#39;s lifetime, and the vast majority of the prominent politicians of the late Republic were plebeian. The last Furian consulship I know of is in 196, the consulship of Furius Purpureo who failed to win the censorship of 183. Following that holders of the name appear to be mainly equestrian, and it&amp;#39;s not totally clear whether these people are really a plebeian branch of the family or whether, like Cicero (who bore the name Tullius but was not part of the line of Servius Tullius), they&amp;#39;re just a family with a related name. At the very least the Camillan line apparently continued at least in name, although it&amp;#39;s hard to tell whether this is one of the imperial patrician lines revived artificially by Augustus. Claudius&amp;#39; first wife was Livia Medullina, whose father M. Furius Camillus won triumphal insignia against Tacfarinas and who, according to Plutarch, claimed descent from the dictator&amp;#39;s line&lt;/p&gt;\n&lt;/div&gt;", "subreddit_type": "public", "can_gild": true, "subreddit": "AskHistorians", "name": "t1_dedv8vg", "score_hidden": false, "permalink": "/r/AskHistorians/comments/5wwqib/what_happend_to_the_gens_furia/dedv8vg/", "num_reports": null, "stickied": false, "created": 1488431540.0, "author_flair_text": "Late Republic and Roman Civil Wars", "created_utc": 1488402740.0, "subreddit_name_prefixed": "r/AskHistorians", "controversiality": 0, "depth": 0, "mod_reports": [], "mod_note": null, "distinguished": null}}], "after": null, "before": null}}]