[{"kind": "Listing", "data": {"modhash": "", "dist": 1, "children": [{"kind": "t3", "data": {"subreddit_id": "t5_2ssp3", "approved_at_utc": null, "send_replies": true, "mod_reason_by": null, "banned_by": null, "removal_reason": null, "wls": 6, "subreddit": "AskHistorians", "selftext_html": "&lt;!-- SC_OFF --&gt;&lt;div class=\"md\"&gt;&lt;p&gt;In every thing I see about WW1 there &amp;#39;s always \u00e0 sentence or two on how  many  industries wanted a war to happen but I can &amp;#39;t seem to find anything good about it. &lt;/p&gt;\n\n&lt;p&gt;Was there such pressure for WW2?&lt;/p&gt;\n\n&lt;p&gt;Basicaly I&amp;#39;m looking for anything with credibility and facts that can explain further the part industries played in starting WW1 and WW2 if it&amp;#39;s also the case.&lt;/p&gt;\n&lt;/div&gt;&lt;!-- SC_ON --&gt;", "author_flair_template_id": null, "selftext": "In every thing I see about WW1 there 's always \u00e0 sentence or two on how  many  industries wanted a war to happen but I can 't seem to find anything good about it. \n\nWas there such pressure for WW2?\n\nBasicaly I'm looking for anything with credibility and facts that can explain further the part industries played in starting WW1 and WW2 if it's also the case.", "likes": null, "suggested_sort": null, "mod_note": null, "user_reports": [], "secure_media": null, "is_reddit_media_domain": false, "saved": false, "id": "5wxaje", "banned_at_utc": null, "mod_reason_title": null, "view_count": null, "archived": true, "clicked": false, "no_follow": true, "author": "johnny5thethird", "num_crossposts": 0, "link_flair_text": null, "can_mod_post": false, "is_crosspostable": false, "pinned": false, "score": 3, "approved_by": null, "over_18": false, "domain": "self.AskHistorians", "hidden": false, "pwls": 6, "thumbnail": "", "hide_score": false, "edited": false, "link_flair_css_class": null, "media_only": false, "author_flair_css_class": null, "contest_mode": false, "gilded": 0, "title": "Any good article on how the industries pushed on politicians and royalty to star WW1", "downs": 0, "secure_media_embed": {}, "media_embed": {}, "author_flair_text": null, "stickied": false, "can_gild": false, "is_self": true, "parent_whitelist_status": "all_ads", "name": "t3_5wxaje", "spoiler": false, "permalink": "/r/AskHistorians/comments/5wxaje/any_good_article_on_how_the_industries_pushed_on/", "subreddit_type": "public", "locked": false, "report_reasons": null, "created": 1488417611.0, "url": "https://www.reddit.com/r/AskHistorians/comments/5wxaje/any_good_article_on_how_the_industries_pushed_on/", "whitelist_status": "all_ads", "quarantine": false, "subreddit_subscribers": 759188, "created_utc": 1488388811.0, "subreddit_name_prefixed": "r/AskHistorians", "distinguished": null, "media": null, "num_comments": 0, "upvote_ratio": 1.0, "mod_reports": [], "visited": false, "num_reports": null, "is_video": false, "ups": 3, "post_categories": null}}], "after": null, "before": null}}, {"kind": "Listing", "data": {"modhash": "", "dist": null, "children": [], "after": null, "before": null}}]