[{"kind": "Listing", "data": {"modhash": "", "dist": 1, "children": [{"kind": "t3", "data": {"subreddit_id": "t5_2ssp3", "approved_at_utc": null, "send_replies": true, "mod_reason_by": null, "banned_by": null, "removal_reason": null, "wls": 6, "subreddit": "AskHistorians", "selftext_html": "&lt;!-- SC_OFF --&gt;&lt;div class=\"md\"&gt;&lt;p&gt;This is a bit more of a linguistic question than a historical one I guess, but which name came first, Hell or Hel? Did either borrow the name from the other? Did the words come from the same root word from an old shared language?&lt;/p&gt;\n&lt;/div&gt;&lt;!-- SC_ON --&gt;", "author_flair_template_id": null, "selftext": "This is a bit more of a linguistic question than a historical one I guess, but which name came first, Hell or Hel? Did either borrow the name from the other? Did the words come from the same root word from an old shared language?", "likes": null, "suggested_sort": null, "mod_note": null, "user_reports": [], "secure_media": null, "is_reddit_media_domain": false, "saved": false, "id": "5wxswc", "banned_at_utc": null, "mod_reason_title": null, "view_count": null, "archived": true, "clicked": false, "no_follow": false, "author": "oakaren", "num_crossposts": 0, "link_flair_text": null, "can_mod_post": false, "is_crosspostable": false, "pinned": false, "score": 29, "approved_by": null, "over_18": false, "domain": "self.AskHistorians", "hidden": false, "pwls": 6, "thumbnail": "", "hide_score": false, "edited": false, "link_flair_css_class": null, "media_only": false, "author_flair_css_class": null, "contest_mode": false, "gilded": 0, "title": "Is it a coincidence that the Norse and Christian bad afterlives share such similar names?", "downs": 0, "secure_media_embed": {}, "media_embed": {}, "author_flair_text": null, "stickied": false, "can_gild": false, "is_self": true, "parent_whitelist_status": "all_ads", "name": "t3_5wxswc", "spoiler": false, "permalink": "/r/AskHistorians/comments/5wxswc/is_it_a_coincidence_that_the_norse_and_christian/", "subreddit_type": "public", "locked": false, "report_reasons": null, "created": 1488422343.0, "url": "https://www.reddit.com/r/AskHistorians/comments/5wxswc/is_it_a_coincidence_that_the_norse_and_christian/", "whitelist_status": "all_ads", "quarantine": false, "subreddit_subscribers": 759188, "created_utc": 1488393543.0, "subreddit_name_prefixed": "r/AskHistorians", "distinguished": null, "media": null, "num_comments": 9, "upvote_ratio": 0.88, "mod_reports": [], "visited": false, "num_reports": null, "is_video": false, "ups": 29, "post_categories": null}}], "after": null, "before": null}}, {"kind": "Listing", "data": {"modhash": "", "dist": null, "children": [{"kind": "t1", "data": {"subreddit_id": "t5_2ssp3", "approved_at_utc": null, "ups": 11, "mod_reason_by": null, "banned_by": null, "removal_reason": null, "link_id": "t3_5wxswc", "author_flair_template_id": null, "likes": null, "no_follow": true, "replies": {"kind": "Listing", "data": {"modhash": "", "dist": null, "children": [{"kind": "t1", "data": {"subreddit_id": "t5_2ssp3", "approved_at_utc": null, "ups": 1, "mod_reason_by": null, "banned_by": null, "removal_reason": null, "link_id": "t3_5wxswc", "author_flair_template_id": null, "likes": null, "no_follow": true, "replies": "", "user_reports": [], "saved": false, "id": "dedzupk", "banned_at_utc": null, "mod_reason_title": null, "gilded": 0, "archived": true, "report_reasons": null, "author": "[deleted]", "can_mod_post": false, "send_replies": true, "parent_id": "t1_dedozpd", "score": 1, "approved_by": null, "downs": 0, "body": "[removed]", "edited": false, "author_flair_css_class": null, "collapsed": false, "is_submitter": false, "collapsed_reason": null, "body_html": "&lt;div class=\"md\"&gt;&lt;p&gt;[removed]&lt;/p&gt;\n&lt;/div&gt;", "subreddit_type": "public", "can_gild": true, "subreddit": "AskHistorians", "name": "t1_dedzupk", "score_hidden": false, "permalink": "/r/AskHistorians/comments/5wxswc/is_it_a_coincidence_that_the_norse_and_christian/dedzupk/", "num_reports": null, "stickied": false, "created": 1488436700.0, "author_flair_text": null, "created_utc": 1488407900.0, "subreddit_name_prefixed": "r/AskHistorians", "controversiality": 0, "depth": 1, "mod_reports": [], "mod_note": null, "distinguished": null}}, {"kind": "t1", "data": {"subreddit_id": "t5_2ssp3", "approved_at_utc": null, "ups": 1, "mod_reason_by": null, "banned_by": null, "removal_reason": null, "link_id": "t3_5wxswc", "author_flair_template_id": null, "likes": null, "no_follow": true, "replies": "", "user_reports": [], "saved": false, "id": "dee2iey", "banned_at_utc": null, "mod_reason_title": null, "gilded": 0, "archived": true, "report_reasons": null, "author": "jschooltiger", "can_mod_post": false, "send_replies": true, "parent_id": "t1_dedozpd", "score": 1, "approved_by": null, "downs": 0, "body": "This reply has been removed for [speculation](http://www.reddit.com/r/AskHistorians/wiki/rules#wiki_no_speculation). It certainly makes sense that the words are connected etymologically, but unless you can cite the original Hebrew/Greek and explain how it's translated, we can't know that it's the case. \n\nIn the future, please be certain of your answer before hitting submit. This rule is discussed further in [this Rules Roundtable](https://www.reddit.com/r/AskHistorians/comments/4kngwh/rules_roundtable_no_11_no_speculation/). Thanks!", "edited": false, "author_flair_css_class": "moderator", "collapsed": false, "is_submitter": false, "collapsed_reason": null, "body_html": "&lt;div class=\"md\"&gt;&lt;p&gt;This reply has been removed for &lt;a href=\"http://www.reddit.com/r/AskHistorians/wiki/rules#wiki_no_speculation\"&gt;speculation&lt;/a&gt;. It certainly makes sense that the words are connected etymologically, but unless you can cite the original Hebrew/Greek and explain how it&amp;#39;s translated, we can&amp;#39;t know that it&amp;#39;s the case. &lt;/p&gt;\n\n&lt;p&gt;In the future, please be certain of your answer before hitting submit. This rule is discussed further in &lt;a href=\"https://www.reddit.com/r/AskHistorians/comments/4kngwh/rules_roundtable_no_11_no_speculation/\"&gt;this Rules Roundtable&lt;/a&gt;. Thanks!&lt;/p&gt;\n&lt;/div&gt;", "subreddit_type": "public", "can_gild": true, "subreddit": "AskHistorians", "name": "t1_dee2iey", "score_hidden": false, "permalink": "/r/AskHistorians/comments/5wxswc/is_it_a_coincidence_that_the_norse_and_christian/dee2iey/", "num_reports": null, "stickied": false, "created": 1488439954.0, "author_flair_text": "Moderator | Shipbuilding and Logistics | British Navy 1770-1830", "created_utc": 1488411154.0, "subreddit_name_prefixed": "r/AskHistorians", "controversiality": 0, "depth": 1, "mod_reports": [], "mod_note": null, "distinguished": "moderator"}}], "after": null, "before": null}}, "user_reports": [], "saved": false, "id": "dedozpd", "banned_at_utc": null, "mod_reason_title": null, "gilded": 0, "archived": true, "report_reasons": null, "author": "[deleted]", "can_mod_post": false, "send_replies": true, "parent_id": "t3_5wxswc", "score": 11, "approved_by": null, "downs": 0, "body": "[removed]", "edited": false, "author_flair_css_class": null, "collapsed": false, "is_submitter": false, "collapsed_reason": null, "body_html": "&lt;div class=\"md\"&gt;&lt;p&gt;[removed]&lt;/p&gt;\n&lt;/div&gt;", "subreddit_type": "public", "can_gild": true, "subreddit": "AskHistorians", "name": "t1_dedozpd", "score_hidden": false, "permalink": "/r/AskHistorians/comments/5wxswc/is_it_a_coincidence_that_the_norse_and_christian/dedozpd/", "num_reports": null, "stickied": false, "created": 1488425010.0, "author_flair_text": null, "created_utc": 1488396210.0, "subreddit_name_prefixed": "r/AskHistorians", "controversiality": 0, "depth": 0, "mod_reports": [], "mod_note": null, "distinguished": null}}, {"kind": "t1", "data": {"subreddit_id": "t5_2ssp3", "approved_at_utc": null, "ups": 15, "mod_reason_by": null, "banned_by": null, "removal_reason": null, "link_id": "t3_5wxswc", "author_flair_template_id": null, "likes": null, "no_follow": true, "replies": {"kind": "Listing", "data": {"modhash": "", "dist": null, "children": [{"kind": "t1", "data": {"subreddit_id": "t5_2ssp3", "approved_at_utc": null, "ups": 19, "mod_reason_by": null, "banned_by": null, "removal_reason": null, "link_id": "t3_5wxswc", "author_flair_template_id": null, "likes": null, "no_follow": true, "replies": "", "user_reports": [], "saved": false, "id": "dee7nw8", "banned_at_utc": null, "mod_reason_title": null, "gilded": 0, "archived": true, "report_reasons": null, "author": "[deleted]", "can_mod_post": false, "send_replies": true, "parent_id": "t1_dee250x", "score": 19, "approved_by": null, "downs": 0, "body": "[removed]", "edited": false, "author_flair_css_class": null, "collapsed": false, "is_submitter": false, "collapsed_reason": null, "body_html": "&lt;div class=\"md\"&gt;&lt;p&gt;[removed]&lt;/p&gt;\n&lt;/div&gt;", "subreddit_type": "public", "can_gild": true, "subreddit": "AskHistorians", "name": "t1_dee7nw8", "score_hidden": false, "permalink": "/r/AskHistorians/comments/5wxswc/is_it_a_coincidence_that_the_norse_and_christian/dee7nw8/", "num_reports": null, "stickied": false, "created": 1488446714.0, "author_flair_text": null, "created_utc": 1488417914.0, "subreddit_name_prefixed": "r/AskHistorians", "controversiality": 0, "depth": 1, "mod_reports": [], "mod_note": null, "distinguished": null}}], "after": null, "before": null}}, "user_reports": [], "saved": false, "id": "dee250x", "banned_at_utc": null, "mod_reason_title": null, "gilded": 0, "archived": true, "report_reasons": null, "author": "[deleted]", "can_mod_post": false, "send_replies": true, "parent_id": "t3_5wxswc", "score": 15, "approved_by": null, "downs": 0, "body": "[removed]", "edited": false, "author_flair_css_class": null, "collapsed": false, "is_submitter": false, "collapsed_reason": null, "body_html": "&lt;div class=\"md\"&gt;&lt;p&gt;[removed]&lt;/p&gt;\n&lt;/div&gt;", "subreddit_type": "public", "can_gild": true, "subreddit": "AskHistorians", "name": "t1_dee250x", "score_hidden": false, "permalink": "/r/AskHistorians/comments/5wxswc/is_it_a_coincidence_that_the_norse_and_christian/dee250x/", "num_reports": null, "stickied": false, "created": 1488439486.0, "author_flair_text": null, "created_utc": 1488410686.0, "subreddit_name_prefixed": "r/AskHistorians", "controversiality": 0, "depth": 0, "mod_reports": [], "mod_note": null, "distinguished": null}}], "after": null, "before": null}}]