[{"kind": "Listing", "data": {"modhash": "", "dist": 1, "children": [{"kind": "t3", "data": {"subreddit_id": "t5_2ssp3", "approved_at_utc": null, "send_replies": true, "mod_reason_by": null, "banned_by": null, "removal_reason": null, "wls": 6, "subreddit": "AskHistorians", "selftext_html": "&lt;!-- SC_OFF --&gt;&lt;div class=\"md\"&gt;&lt;p&gt;So many of the foods from Spanish territories in Latin America were incorporated into European cuisine.  Potatoes, tomatoes, and cacao were definitely influential.  Was quinoa imported to Europe as well?  Do we know if it had an initial period of favor in Europe?  Was it rejected in favor of traditional grains?  &lt;/p&gt;\n\n&lt;p&gt;I have similar questions related to amaranth grain.  It was a staple for the Aztecs and is still popular in parts of Mexico today.  Did it have a heyday in Europe?&lt;/p&gt;\n\n&lt;p&gt;I did a quick search of this subreddit, and I only found one similar question which didn&amp;#39;t seem to have an answer.&lt;/p&gt;\n&lt;/div&gt;&lt;!-- SC_ON --&gt;", "author_flair_template_id": null, "selftext": "So many of the foods from Spanish territories in Latin America were incorporated into European cuisine.  Potatoes, tomatoes, and cacao were definitely influential.  Was quinoa imported to Europe as well?  Do we know if it had an initial period of favor in Europe?  Was it rejected in favor of traditional grains?  \n\nI have similar questions related to amaranth grain.  It was a staple for the Aztecs and is still popular in parts of Mexico today.  Did it have a heyday in Europe?\n\nI did a quick search of this subreddit, and I only found one similar question which didn't seem to have an answer.", "likes": null, "suggested_sort": null, "mod_note": null, "user_reports": [], "secure_media": null, "is_reddit_media_domain": false, "saved": false, "id": "5wzdh1", "banned_at_utc": null, "mod_reason_title": null, "view_count": null, "archived": true, "clicked": false, "no_follow": false, "author": "genericname123456789", "num_crossposts": 0, "link_flair_text": null, "can_mod_post": false, "is_crosspostable": false, "pinned": false, "score": 28, "approved_by": null, "over_18": false, "domain": "self.AskHistorians", "hidden": false, "pwls": 6, "thumbnail": "", "hide_score": false, "edited": false, "link_flair_css_class": null, "media_only": false, "author_flair_css_class": null, "contest_mode": false, "gilded": 0, "title": "The conquest of the new world let to many new foods being introduced to Europe. Why was quinoa such a late bloomer?", "downs": 0, "secure_media_embed": {}, "media_embed": {}, "author_flair_text": null, "stickied": false, "can_gild": false, "is_self": true, "parent_whitelist_status": "all_ads", "name": "t3_5wzdh1", "spoiler": false, "permalink": "/r/AskHistorians/comments/5wzdh1/the_conquest_of_the_new_world_let_to_many_new/", "subreddit_type": "public", "locked": false, "report_reasons": null, "created": 1488437416.0, "url": "https://www.reddit.com/r/AskHistorians/comments/5wzdh1/the_conquest_of_the_new_world_let_to_many_new/", "whitelist_status": "all_ads", "quarantine": false, "subreddit_subscribers": 759188, "created_utc": 1488408616.0, "subreddit_name_prefixed": "r/AskHistorians", "distinguished": null, "media": null, "num_comments": 1, "upvote_ratio": 0.85, "mod_reports": [], "visited": false, "num_reports": null, "is_video": false, "ups": 28, "post_categories": null}}], "after": null, "before": null}}, {"kind": "Listing", "data": {"modhash": "", "dist": null, "children": [], "after": null, "before": null}}]