[{"kind": "Listing", "data": {"modhash": "", "dist": 1, "children": [{"kind": "t3", "data": {"approved_at_utc": null, "subreddit": "AskHistorians", "selftext": "In honor of the possible creation of a new \"Space Corps\" branch of the US military, I'm wondering what were the circumstances that lead to the last time a branch was created.  What was the logic behind the creation of the USAF, how did it play out, and how effective was it in achieving it's originally intended goals?", "user_reports": [], "saved": false, "mod_reason_title": null, "gilded": 0, "clicked": false, "title": "What lead to and what were the immediate effects of the creation of the USAF as a branch?", "link_flair_richtext": [], "subreddit_name_prefixed": "r/AskHistorians", "hidden": false, "pwls": 6, "link_flair_css_class": null, "downs": 0, "parent_whitelist_status": "all_ads", "hide_score": false, "name": "t3_6l4tku", "quarantine": false, "link_flair_text_color": "dark", "upvote_ratio": 0.56, "author_flair_background_color": null, "subreddit_type": "public", "ups": 1, "domain": "self.AskHistorians", "media_embed": {}, "author_flair_template_id": null, "is_original_content": false, "secure_media": null, "is_reddit_media_domain": false, "category": null, "secure_media_embed": {}, "link_flair_text": null, "can_mod_post": false, "score": 1, "approved_by": null, "thumbnail": "", "edited": false, "author_flair_css_class": null, "author_flair_richtext": [], "content_categories": null, "is_self": true, "mod_note": null, "created": 1499170394.0, "link_flair_type": "text", "wls": 6, "post_categories": null, "banned_by": null, "author_flair_type": "text", "contest_mode": false, "selftext_html": "&lt;!-- SC_OFF --&gt;&lt;div class=\"md\"&gt;&lt;p&gt;In honor of the possible creation of a new &amp;quot;Space Corps&amp;quot; branch of the US military, I&amp;#39;m wondering what were the circumstances that lead to the last time a branch was created.  What was the logic behind the creation of the USAF, how did it play out, and how effective was it in achieving it&amp;#39;s originally intended goals?&lt;/p&gt;\n&lt;/div&gt;&lt;!-- SC_ON --&gt;", "likes": null, "suggested_sort": null, "banned_at_utc": null, "view_count": null, "archived": true, "no_follow": true, "is_crosspostable": false, "pinned": false, "over_18": false, "media_only": false, "can_gild": false, "spoiler": false, "locked": false, "author_flair_text": null, "rte_mode": "markdown", "visited": false, "num_reports": null, "distinguished": null, "subreddit_id": "t5_2ssp3", "mod_reason_by": null, "removal_reason": null, "id": "6l4tku", "report_reasons": null, "author": "blatantspeculation", "num_crossposts": 0, "num_comments": 4, "send_replies": true, "mod_reports": [], "author_flair_text_color": null, "permalink": "/r/AskHistorians/comments/6l4tku/what_lead_to_and_what_were_the_immediate_effects/", "whitelist_status": "all_ads", "stickied": false, "url": "https://www.reddit.com/r/AskHistorians/comments/6l4tku/what_lead_to_and_what_were_the_immediate_effects/", "subreddit_subscribers": 771556, "created_utc": 1499141594.0, "media": null, "is_video": false}}], "after": null, "before": null}}, {"kind": "Listing", "data": {"modhash": "", "dist": null, "children": [{"kind": "t1", "data": {"subreddit_id": "t5_2ssp3", "approved_at_utc": null, "ups": 2, "mod_reason_by": null, "banned_by": null, "author_flair_type": "richtext", "removal_reason": null, "link_id": "t3_6l4tku", "author_flair_template_id": null, "likes": null, "no_follow": true, "replies": {"kind": "Listing", "data": {"modhash": "", "dist": null, "children": [{"kind": "t1", "data": {"subreddit_id": "t5_2ssp3", "approved_at_utc": null, "ups": 1, "mod_reason_by": null, "banned_by": null, "author_flair_type": "text", "removal_reason": null, "link_id": "t3_6l4tku", "author_flair_template_id": null, "likes": null, "no_follow": true, "replies": {"kind": "Listing", "data": {"modhash": "", "dist": null, "children": [{"kind": "t1", "data": {"subreddit_id": "t5_2ssp3", "approved_at_utc": null, "ups": 2, "mod_reason_by": null, "banned_by": null, "author_flair_type": "richtext", "removal_reason": null, "link_id": "t3_6l4tku", "author_flair_template_id": null, "likes": null, "no_follow": true, "replies": {"kind": "Listing", "data": {"modhash": "", "dist": null, "children": [{"kind": "t1", "data": {"subreddit_id": "t5_2ssp3", "approved_at_utc": null, "ups": 1, "mod_reason_by": null, "banned_by": null, "author_flair_type": "text", "removal_reason": null, "link_id": "t3_6l4tku", "author_flair_template_id": null, "likes": null, "no_follow": true, "replies": "", "user_reports": [], "saved": false, "id": "djrwj6f", "banned_at_utc": null, "mod_reason_title": null, "gilded": 0, "archived": true, "report_reasons": null, "author": "blatantspeculation", "can_mod_post": false, "send_replies": true, "parent_id": "t1_djrgkvw", "score": 1, "approved_by": null, "downs": 0, "body": "It's still greatly appreciateted, I learned something new, and that's all I can ask for.\n\nThanks ", "edited": false, "author_flair_css_class": null, "collapsed": false, "author_flair_richtext": [], "is_submitter": true, "collapsed_reason": null, "body_html": "&lt;div class=\"md\"&gt;&lt;p&gt;It&amp;#39;s still greatly appreciateted, I learned something new, and that&amp;#39;s all I can ask for.&lt;/p&gt;\n\n&lt;p&gt;Thanks &lt;/p&gt;\n&lt;/div&gt;", "stickied": false, "subreddit_type": "public", "can_gild": true, "subreddit": "AskHistorians", "author_flair_text_color": null, "score_hidden": false, "permalink": "/r/AskHistorians/comments/6l4tku/what_lead_to_and_what_were_the_immediate_effects/djrwj6f/", "num_reports": null, "name": "t1_djrwj6f", "created": 1499220905.0, "author_flair_text": null, "rte_mode": "markdown", "created_utc": 1499192105.0, "subreddit_name_prefixed": "r/AskHistorians", "controversiality": 0, "depth": 3, "author_flair_background_color": null, "mod_reports": [], "mod_note": null, "distinguished": null}}], "after": null, "before": null}}, "user_reports": [], "saved": false, "id": "djrgkvw", "banned_at_utc": null, "mod_reason_title": null, "gilded": 0, "archived": true, "report_reasons": null, "author": "Woekie_Overlord", "can_mod_post": false, "send_replies": true, "parent_id": "t1_djrg6ne", "score": 2, "approved_by": null, "downs": 0, "body": "I would have to get back to you on that one, as said it is not entirely in my wheelhouse and I am currently away from my computer. ", "edited": false, "author_flair_css_class": "technology", "collapsed": false, "author_flair_richtext": [{"e": "text", "t": "Aviation History"}], "is_submitter": false, "collapsed_reason": null, "body_html": "&lt;div class=\"md\"&gt;&lt;p&gt;I would have to get back to you on that one, as said it is not entirely in my wheelhouse and I am currently away from my computer. &lt;/p&gt;\n&lt;/div&gt;", "stickied": false, "subreddit_type": "public", "can_gild": true, "subreddit": "AskHistorians", "author_flair_text_color": null, "score_hidden": false, "permalink": "/r/AskHistorians/comments/6l4tku/what_lead_to_and_what_were_the_immediate_effects/djrgkvw/", "num_reports": null, "name": "t1_djrgkvw", "created": 1499197879.0, "author_flair_text": "Aviation History", "rte_mode": "markdown", "created_utc": 1499169079.0, "subreddit_name_prefixed": "r/AskHistorians", "controversiality": 0, "depth": 2, "author_flair_background_color": null, "mod_reports": [], "mod_note": null, "distinguished": null}}], "after": null, "before": null}}, "user_reports": [], "saved": false, "id": "djrg6ne", "banned_at_utc": null, "mod_reason_title": null, "gilded": 0, "archived": true, "report_reasons": null, "author": "blatantspeculation", "can_mod_post": false, "send_replies": true, "parent_id": "t1_djrd2pq", "score": 1, "approved_by": null, "downs": 0, "body": "Thank you, the portion about an independent Air Force being necessary to carry out the role of nuclear deterrent was particularly enlightening to me.  It meshes well with what I already knew, but it helps connect the dots a bit better.\n\nI also was entirely unaware of the competition between the Navy and the Army that lead to the department of defense.\n\nThe only bit of follow up I have, is how smoothly did the transition to a new branch go?\n\nI know you already said that the AAF was largely independent already, so it would seem to have been somewhat simple to transition to a new branch, but were there any difficulties in the transition?  How long did it take?", "edited": false, "author_flair_css_class": null, "collapsed": false, "author_flair_richtext": [], "is_submitter": true, "collapsed_reason": null, "body_html": "&lt;div class=\"md\"&gt;&lt;p&gt;Thank you, the portion about an independent Air Force being necessary to carry out the role of nuclear deterrent was particularly enlightening to me.  It meshes well with what I already knew, but it helps connect the dots a bit better.&lt;/p&gt;\n\n&lt;p&gt;I also was entirely unaware of the competition between the Navy and the Army that lead to the department of defense.&lt;/p&gt;\n\n&lt;p&gt;The only bit of follow up I have, is how smoothly did the transition to a new branch go?&lt;/p&gt;\n\n&lt;p&gt;I know you already said that the AAF was largely independent already, so it would seem to have been somewhat simple to transition to a new branch, but were there any difficulties in the transition?  How long did it take?&lt;/p&gt;\n&lt;/div&gt;", "stickied": false, "subreddit_type": "public", "can_gild": true, "subreddit": "AskHistorians", "author_flair_text_color": null, "score_hidden": false, "permalink": "/r/AskHistorians/comments/6l4tku/what_lead_to_and_what_were_the_immediate_effects/djrg6ne/", "num_reports": null, "name": "t1_djrg6ne", "created": 1499196970.0, "author_flair_text": null, "rte_mode": "markdown", "created_utc": 1499168170.0, "subreddit_name_prefixed": "r/AskHistorians", "controversiality": 0, "depth": 1, "author_flair_background_color": null, "mod_reports": [], "mod_note": null, "distinguished": null}}], "after": null, "before": null}}, "user_reports": [], "saved": false, "id": "djrd2pq", "banned_at_utc": null, "mod_reason_title": null, "gilded": 0, "archived": true, "report_reasons": null, "author": "Woekie_Overlord", "can_mod_post": false, "send_replies": true, "parent_id": "t3_6l4tku", "score": 2, "approved_by": null, "downs": 0, "body": "Though US politics are by no means my expertise I\u2019m willing to give this a shot:\n\nThrough the Security act of 18 September 1947 the USAF became an independent Branch of the US armed forces. In practice its predecessor the AAF (Army Air Forces) had become a largely operational independent instrument during WWII already, and the push for an independent air force was even older. (1)\nIn my view this can be explained by the fact that air warfare matured towards the end of WWI and even more so in the interbellum. Military aviation developed its own specific needs , and acquired tasks going beyond the support of ground troops, which was the main focus of the last major conflict involving the use of airpower the US had been in (WWI). Think of things like strategic bombing campaigns, and the Battle of Britain that were fought completely in the Air. \nThough it is a bit of a chicken and egg story with strategic bombing and independent air forces as often highly placed officers would use the strategic bombing argument, based on Douhet\u2019s doctrine, to gain an independent service branch.  One could debate the true impact and effectiveness of conventional strategic bombing as a tool to undermine civilian morale as per Douhetian theory. \n\nWilliam \u201cBilly\u201d Mitchell (b.1879-d.1936)  can be seen as the major proponent of an independent US airforce in the Interbellum period, using the argument put forth by Douhet, and setting out to prove that airplanes were capable of sinking ships, so that the air force would supplant the navy as the US\u2019s first line of defense. (2) This rivalry between Navy and Airforce continued throughout WWII and beyond, and arguably still exists today.\n\nArguably the US was lagging behind a bit with regards to other nations; as the British RAF had been an independent branch since 1918, the German Luftwaffe since 1933 (amongst others). These independent branches showed the enhanced effectiveness of independent air forces.\n\nFollowing WWII the main task of the airforce, in lieu of IBCM\u2019s, became the nuclear deterrent role. This became the main US line of defence against threats and the only branch capable of fulfilling this role was the air force with its B-29\u2019s. An independent air force was a must in order to carry out this task, and one could argue that dedicated people and the security of funds can only exist through an independent branch, as army or navy officers would be more likely to invest money in things more in line with their own branch like warships. \n In addition to the aforementioned, WWII and it\u2019s aftermath was costing the US a massive amount of money (Up to 41% of GDP annually) and reforms had to be made in order to cut costs. It was argued that an airforce could deliver destructive power at a much lower cost than any other service branch, and the experiences of WWII seemed to back up this idea.(3)\n\nPresident Truman believed that a unified department of Defence was a necessity for the Us armed forces to become more effective. The Navy especially agitated against this as this would mean they would have to give up their privileged position and their own Navy Department (which was separate from the War Department!). Truman initially proposed a unification of the armed forces, but only had support from the Army, as a compromise (to gain support from the Navy) the NSC was created: It put the military branches under a single civilian head for the armed forces, as opposed to the old division between navy and war. This civilian head was to become the secretary of Defence, and the 1947 National Security act named James Forrestal of the Navy as the first secretary of Defence. In addition, as mentioned before this act established the USAF as an independent branch and formalized its tasks and objectives putting an end to the argument that had been going on between the army and the navy. (4) \n\n\n\n\n**Sources**\n\n\n(1) Conrad C. Crane, American Airpower Stragey in World War II, (Univeristy Press of Kansas, 2016), 28.\n(2) Ibid. 23-28,   Mark Clodfelter, \u201cPinpointing Devastation: American Air Campaign Planning before Pearl Harbor\u201d, The Journal of Military History Vol.58 No.1 (1994), 75-101.\n(3) Keith D. McFarland, The 1949 revolt of the Admirals, (1980) \nhttp://ssi.armywarcollege.edu/pubs/parameters/Articles/1981/1981%20mcfarland.pdf\n(4) Anna Kasten Nelson, \u201cPresident Truman and the Evolution of the National Security Council\u201d, The Journal of American History, Vol72. No.2 (1985), 360-378. \n\n\n", "edited": false, "author_flair_css_class": "technology", "collapsed": false, "author_flair_richtext": [{"e": "text", "t": "Aviation History"}], "is_submitter": false, "collapsed_reason": null, "body_html": "&lt;div class=\"md\"&gt;&lt;p&gt;Though US politics are by no means my expertise I\u2019m willing to give this a shot:&lt;/p&gt;\n\n&lt;p&gt;Through the Security act of 18 September 1947 the USAF became an independent Branch of the US armed forces. In practice its predecessor the AAF (Army Air Forces) had become a largely operational independent instrument during WWII already, and the push for an independent air force was even older. (1)\nIn my view this can be explained by the fact that air warfare matured towards the end of WWI and even more so in the interbellum. Military aviation developed its own specific needs , and acquired tasks going beyond the support of ground troops, which was the main focus of the last major conflict involving the use of airpower the US had been in (WWI). Think of things like strategic bombing campaigns, and the Battle of Britain that were fought completely in the Air. \nThough it is a bit of a chicken and egg story with strategic bombing and independent air forces as often highly placed officers would use the strategic bombing argument, based on Douhet\u2019s doctrine, to gain an independent service branch.  One could debate the true impact and effectiveness of conventional strategic bombing as a tool to undermine civilian morale as per Douhetian theory. &lt;/p&gt;\n\n&lt;p&gt;William \u201cBilly\u201d Mitchell (b.1879-d.1936)  can be seen as the major proponent of an independent US airforce in the Interbellum period, using the argument put forth by Douhet, and setting out to prove that airplanes were capable of sinking ships, so that the air force would supplant the navy as the US\u2019s first line of defense. (2) This rivalry between Navy and Airforce continued throughout WWII and beyond, and arguably still exists today.&lt;/p&gt;\n\n&lt;p&gt;Arguably the US was lagging behind a bit with regards to other nations; as the British RAF had been an independent branch since 1918, the German Luftwaffe since 1933 (amongst others). These independent branches showed the enhanced effectiveness of independent air forces.&lt;/p&gt;\n\n&lt;p&gt;Following WWII the main task of the airforce, in lieu of IBCM\u2019s, became the nuclear deterrent role. This became the main US line of defence against threats and the only branch capable of fulfilling this role was the air force with its B-29\u2019s. An independent air force was a must in order to carry out this task, and one could argue that dedicated people and the security of funds can only exist through an independent branch, as army or navy officers would be more likely to invest money in things more in line with their own branch like warships. \n In addition to the aforementioned, WWII and it\u2019s aftermath was costing the US a massive amount of money (Up to 41% of GDP annually) and reforms had to be made in order to cut costs. It was argued that an airforce could deliver destructive power at a much lower cost than any other service branch, and the experiences of WWII seemed to back up this idea.(3)&lt;/p&gt;\n\n&lt;p&gt;President Truman believed that a unified department of Defence was a necessity for the Us armed forces to become more effective. The Navy especially agitated against this as this would mean they would have to give up their privileged position and their own Navy Department (which was separate from the War Department!). Truman initially proposed a unification of the armed forces, but only had support from the Army, as a compromise (to gain support from the Navy) the NSC was created: It put the military branches under a single civilian head for the armed forces, as opposed to the old division between navy and war. This civilian head was to become the secretary of Defence, and the 1947 National Security act named James Forrestal of the Navy as the first secretary of Defence. In addition, as mentioned before this act established the USAF as an independent branch and formalized its tasks and objectives putting an end to the argument that had been going on between the army and the navy. (4) &lt;/p&gt;\n\n&lt;p&gt;&lt;strong&gt;Sources&lt;/strong&gt;&lt;/p&gt;\n\n&lt;p&gt;(1) Conrad C. Crane, American Airpower Stragey in World War II, (Univeristy Press of Kansas, 2016), 28.\n(2) Ibid. 23-28,   Mark Clodfelter, \u201cPinpointing Devastation: American Air Campaign Planning before Pearl Harbor\u201d, The Journal of Military History Vol.58 No.1 (1994), 75-101.\n(3) Keith D. McFarland, The 1949 revolt of the Admirals, (1980) \n&lt;a href=\"http://ssi.armywarcollege.edu/pubs/parameters/Articles/1981/1981%20mcfarland.pdf\"&gt;http://ssi.armywarcollege.edu/pubs/parameters/Articles/1981/1981%20mcfarland.pdf&lt;/a&gt;\n(4) Anna Kasten Nelson, \u201cPresident Truman and the Evolution of the National Security Council\u201d, The Journal of American History, Vol72. No.2 (1985), 360-378. &lt;/p&gt;\n&lt;/div&gt;", "stickied": false, "subreddit_type": "public", "can_gild": true, "subreddit": "AskHistorians", "author_flair_text_color": null, "score_hidden": false, "permalink": "/r/AskHistorians/comments/6l4tku/what_lead_to_and_what_were_the_immediate_effects/djrd2pq/", "num_reports": null, "name": "t1_djrd2pq", "created": 1499188982.0, "author_flair_text": "Aviation History", "rte_mode": "markdown", "created_utc": 1499160182.0, "subreddit_name_prefixed": "r/AskHistorians", "controversiality": 0, "depth": 0, "author_flair_background_color": null, "mod_reports": [], "mod_note": null, "distinguished": null}}], "after": null, "before": null}}]