[{"kind": "Listing", "data": {"modhash": "", "dist": 1, "children": [{"kind": "t3", "data": {"approved_at_utc": null, "subreddit": "AskHistorians", "selftext": "In a letter to his wife Abigail, John Adams wrote that July 2nd should be the date celebrated with great pomp and parade, and would be one of the most memorable in the history of America.\n\nWell, he was right about the celebrations and the historical implications, but he was wrong on the date.  Since the Declaration of Independence was officially ratified on July 2, 1776, when and how did the celebration change to July 4?\n\nThanks for any info.", "user_reports": [], "saved": false, "mod_reason_title": null, "gilded": 0, "clicked": false, "title": "Why do we celebrate Independence Day on July 4th instead of July 2nd? How did that date get changed?", "link_flair_richtext": [], "subreddit_name_prefixed": "r/AskHistorians", "hidden": false, "pwls": 6, "link_flair_css_class": null, "downs": 0, "parent_whitelist_status": "all_ads", "hide_score": false, "name": "t3_6l7303", "quarantine": false, "link_flair_text_color": "dark", "upvote_ratio": 0.75, "author_flair_background_color": null, "subreddit_type": "public", "ups": 14, "domain": "self.AskHistorians", "media_embed": {}, "author_flair_template_id": null, "is_original_content": false, "secure_media": null, "is_reddit_media_domain": false, "category": null, "secure_media_embed": {}, "link_flair_text": null, "can_mod_post": false, "score": 14, "approved_by": null, "thumbnail": "", "edited": false, "author_flair_css_class": null, "author_flair_richtext": [], "content_categories": null, "is_self": true, "mod_note": null, "created": 1499204038.0, "link_flair_type": "text", "wls": 6, "post_categories": null, "banned_by": null, "author_flair_type": "text", "contest_mode": false, "selftext_html": "&lt;!-- SC_OFF --&gt;&lt;div class=\"md\"&gt;&lt;p&gt;In a letter to his wife Abigail, John Adams wrote that July 2nd should be the date celebrated with great pomp and parade, and would be one of the most memorable in the history of America.&lt;/p&gt;\n\n&lt;p&gt;Well, he was right about the celebrations and the historical implications, but he was wrong on the date.  Since the Declaration of Independence was officially ratified on July 2, 1776, when and how did the celebration change to July 4?&lt;/p&gt;\n\n&lt;p&gt;Thanks for any info.&lt;/p&gt;\n&lt;/div&gt;&lt;!-- SC_ON --&gt;", "likes": null, "suggested_sort": null, "banned_at_utc": null, "view_count": null, "archived": true, "no_follow": false, "is_crosspostable": false, "pinned": false, "over_18": false, "media_only": false, "can_gild": false, "spoiler": false, "locked": false, "author_flair_text": null, "rte_mode": "markdown", "visited": false, "num_reports": null, "distinguished": null, "subreddit_id": "t5_2ssp3", "mod_reason_by": null, "removal_reason": null, "id": "6l7303", "report_reasons": null, "author": "llcucf80", "num_crossposts": 0, "num_comments": 7, "send_replies": true, "mod_reports": [], "author_flair_text_color": null, "permalink": "/r/AskHistorians/comments/6l7303/why_do_we_celebrate_independence_day_on_july_4th/", "whitelist_status": "all_ads", "stickied": false, "url": "https://www.reddit.com/r/AskHistorians/comments/6l7303/why_do_we_celebrate_independence_day_on_july_4th/", "subreddit_subscribers": 771556, "created_utc": 1499175238.0, "media": null, "is_video": false}}], "after": null, "before": null}}, {"kind": "Listing", "data": {"modhash": "", "dist": null, "children": [{"kind": "t1", "data": {"subreddit_id": "t5_2ssp3", "approved_at_utc": null, "ups": 9, "mod_reason_by": null, "banned_by": null, "author_flair_type": "text", "removal_reason": null, "link_id": "t3_6l7303", "author_flair_template_id": null, "likes": null, "no_follow": false, "replies": {"kind": "Listing", "data": {"modhash": "", "dist": null, "children": [{"kind": "t1", "data": {"subreddit_id": "t5_2ssp3", "approved_at_utc": null, "ups": 1, "mod_reason_by": null, "banned_by": null, "author_flair_type": "text", "removal_reason": null, "link_id": "t3_6l7303", "author_flair_template_id": null, "likes": null, "no_follow": true, "replies": {"kind": "Listing", "data": {"modhash": "", "dist": null, "children": [{"kind": "t1", "data": {"subreddit_id": "t5_2ssp3", "approved_at_utc": null, "ups": 3, "mod_reason_by": null, "banned_by": null, "author_flair_type": "text", "removal_reason": null, "link_id": "t3_6l7303", "author_flair_template_id": null, "likes": null, "no_follow": true, "replies": "", "user_reports": [], "saved": false, "id": "djrs6s1", "banned_at_utc": null, "mod_reason_title": null, "gilded": 0, "archived": true, "report_reasons": null, "author": "irishGOP413", "can_mod_post": false, "send_replies": true, "parent_id": "t1_djrr83b", "score": 3, "approved_by": null, "downs": 0, "body": "Because that was the actual date of independence. The Declaration was an explanation of why they had adopted the independence resolution and thus may have seemed to Adams an \"after the fact\" addition to the adoption of the resolution for independence on July 2. But then again, I don't know Adams' mind on the subject. Sometimes things that seem important in the present aren't so much in hindsight, wouldn't you say?", "edited": false, "author_flair_css_class": null, "collapsed": false, "author_flair_richtext": [], "is_submitter": false, "collapsed_reason": null, "body_html": "&lt;div class=\"md\"&gt;&lt;p&gt;Because that was the actual date of independence. The Declaration was an explanation of why they had adopted the independence resolution and thus may have seemed to Adams an &amp;quot;after the fact&amp;quot; addition to the adoption of the resolution for independence on July 2. But then again, I don&amp;#39;t know Adams&amp;#39; mind on the subject. Sometimes things that seem important in the present aren&amp;#39;t so much in hindsight, wouldn&amp;#39;t you say?&lt;/p&gt;\n&lt;/div&gt;", "stickied": false, "subreddit_type": "public", "can_gild": true, "subreddit": "AskHistorians", "author_flair_text_color": null, "score_hidden": false, "permalink": "/r/AskHistorians/comments/6l7303/why_do_we_celebrate_independence_day_on_july_4th/djrs6s1/", "num_reports": null, "name": "t1_djrs6s1", "created": 1499215660.0, "author_flair_text": null, "rte_mode": "markdown", "created_utc": 1499186860.0, "subreddit_name_prefixed": "r/AskHistorians", "controversiality": 0, "depth": 2, "author_flair_background_color": null, "mod_reports": [], "mod_note": null, "distinguished": null}}], "after": null, "before": null}}, "user_reports": [], "saved": false, "id": "djrr83b", "banned_at_utc": null, "mod_reason_title": null, "gilded": 0, "archived": true, "report_reasons": null, "author": "llcucf80", "can_mod_post": false, "send_replies": true, "parent_id": "t1_djrqfru", "score": 1, "approved_by": null, "downs": 0, "body": "So why did Adams falsely presume it would be celebrated in perpetuity on July 2?", "edited": false, "author_flair_css_class": null, "collapsed": false, "author_flair_richtext": [], "is_submitter": true, "collapsed_reason": null, "body_html": "&lt;div class=\"md\"&gt;&lt;p&gt;So why did Adams falsely presume it would be celebrated in perpetuity on July 2?&lt;/p&gt;\n&lt;/div&gt;", "stickied": false, "subreddit_type": "public", "can_gild": true, "subreddit": "AskHistorians", "author_flair_text_color": null, "score_hidden": false, "permalink": "/r/AskHistorians/comments/6l7303/why_do_we_celebrate_independence_day_on_july_4th/djrr83b/", "num_reports": null, "name": "t1_djrr83b", "created": 1499214456.0, "author_flair_text": null, "rte_mode": "markdown", "created_utc": 1499185656.0, "subreddit_name_prefixed": "r/AskHistorians", "controversiality": 0, "depth": 1, "author_flair_background_color": null, "mod_reports": [], "mod_note": null, "distinguished": null}}], "after": null, "before": null}}, "user_reports": [], "saved": false, "id": "djrqfru", "banned_at_utc": null, "mod_reason_title": null, "gilded": 0, "archived": true, "report_reasons": null, "author": "irishGOP413", "can_mod_post": false, "send_replies": true, "parent_id": "t3_6l7303", "score": 9, "approved_by": null, "downs": 0, "body": "The Continental Congress approved the resolution calling for independence made by Richard Henry Lee of Virginia on July 2, 1776. Following that approval, they began consideration of the Declaration of Independence, the document setting forth their reasons for adopting Lee's resolution. The Declaration of Independence was approved (and dated) July 4, 1776. For this reason only we celebrate July 4 as Independence Day; the Declaration was a tangible, dated document to which new Americans could point and say, \"This is why we're doing what we're doing.\" Furthermore, after making such a statement as the Declaration, there was no going back. They either succeeded in the revolution, or they would all hang as traitors to the King.\n\nSo while Adams saw meaning in the actual vote for independence, the nation embraced the ideals set forth in the Declaration of Independence, a bold statement of the right of the people to overthrow their rulers in the face of persistent injustice.", "edited": false, "author_flair_css_class": null, "collapsed": false, "author_flair_richtext": [], "is_submitter": false, "collapsed_reason": null, "body_html": "&lt;div class=\"md\"&gt;&lt;p&gt;The Continental Congress approved the resolution calling for independence made by Richard Henry Lee of Virginia on July 2, 1776. Following that approval, they began consideration of the Declaration of Independence, the document setting forth their reasons for adopting Lee&amp;#39;s resolution. The Declaration of Independence was approved (and dated) July 4, 1776. For this reason only we celebrate July 4 as Independence Day; the Declaration was a tangible, dated document to which new Americans could point and say, &amp;quot;This is why we&amp;#39;re doing what we&amp;#39;re doing.&amp;quot; Furthermore, after making such a statement as the Declaration, there was no going back. They either succeeded in the revolution, or they would all hang as traitors to the King.&lt;/p&gt;\n\n&lt;p&gt;So while Adams saw meaning in the actual vote for independence, the nation embraced the ideals set forth in the Declaration of Independence, a bold statement of the right of the people to overthrow their rulers in the face of persistent injustice.&lt;/p&gt;\n&lt;/div&gt;", "stickied": false, "subreddit_type": "public", "can_gild": true, "subreddit": "AskHistorians", "author_flair_text_color": null, "score_hidden": false, "permalink": "/r/AskHistorians/comments/6l7303/why_do_we_celebrate_independence_day_on_july_4th/djrqfru/", "num_reports": null, "name": "t1_djrqfru", "created": 1499213460.0, "author_flair_text": null, "rte_mode": "markdown", "created_utc": 1499184660.0, "subreddit_name_prefixed": "r/AskHistorians", "controversiality": 0, "depth": 0, "author_flair_background_color": null, "mod_reports": [], "mod_note": null, "distinguished": null}}, {"kind": "t1", "data": {"subreddit_id": "t5_2ssp3", "approved_at_utc": null, "ups": 2, "mod_reason_by": null, "banned_by": null, "author_flair_type": "richtext", "removal_reason": null, "link_id": "t3_6l7303", "author_flair_template_id": null, "likes": null, "no_follow": true, "replies": {"kind": "Listing", "data": {"modhash": "", "dist": null, "children": [{"kind": "t1", "data": {"subreddit_id": "t5_2ssp3", "approved_at_utc": null, "ups": 4, "mod_reason_by": null, "banned_by": null, "author_flair_type": "text", "removal_reason": null, "link_id": "t3_6l7303", "author_flair_template_id": null, "likes": null, "no_follow": false, "replies": "", "user_reports": [], "saved": false, "id": "djsbeyo", "banned_at_utc": null, "mod_reason_title": null, "gilded": 0, "archived": true, "report_reasons": null, "author": "LarryMahnken", "can_mod_post": false, "send_replies": true, "parent_id": "t1_djs1adb", "score": 4, "approved_by": null, "downs": 0, "body": "The Treaty of Paris did not grant the United States independence, Article I reads:\n\n&gt; His Brittanic Majesty acknowledges the said United States, viz., New Hampshire, Massachusetts Bay, Rhode Island and Providence Plantations, Connecticut, New York, New Jersey, Pennsylvania, Maryland, Virginia, North Carolina, South Carolina and Georgia, to be free sovereign and independent states, that he treats with them as such, and for himself, his heirs, and successors, relinquishes all claims to the government, propriety, and territorial rights of the same and every part thereof.\n\nThe treaty acknowledged that the United States, which had declared itself to be independent, was in fact independent.", "edited": false, "author_flair_css_class": null, "collapsed": false, "author_flair_richtext": [], "is_submitter": false, "collapsed_reason": null, "body_html": "&lt;div class=\"md\"&gt;&lt;p&gt;The Treaty of Paris did not grant the United States independence, Article I reads:&lt;/p&gt;\n\n&lt;blockquote&gt;\n&lt;p&gt;His Brittanic Majesty acknowledges the said United States, viz., New Hampshire, Massachusetts Bay, Rhode Island and Providence Plantations, Connecticut, New York, New Jersey, Pennsylvania, Maryland, Virginia, North Carolina, South Carolina and Georgia, to be free sovereign and independent states, that he treats with them as such, and for himself, his heirs, and successors, relinquishes all claims to the government, propriety, and territorial rights of the same and every part thereof.&lt;/p&gt;\n&lt;/blockquote&gt;\n\n&lt;p&gt;The treaty acknowledged that the United States, which had declared itself to be independent, was in fact independent.&lt;/p&gt;\n&lt;/div&gt;", "stickied": false, "subreddit_type": "public", "can_gild": true, "subreddit": "AskHistorians", "author_flair_text_color": null, "score_hidden": false, "permalink": "/r/AskHistorians/comments/6l7303/why_do_we_celebrate_independence_day_on_july_4th/djsbeyo/", "num_reports": null, "name": "t1_djsbeyo", "created": 1499239987.0, "author_flair_text": null, "rte_mode": "markdown", "created_utc": 1499211187.0, "subreddit_name_prefixed": "r/AskHistorians", "controversiality": 0, "depth": 1, "author_flair_background_color": null, "mod_reports": [], "mod_note": null, "distinguished": null}}], "after": null, "before": null}}, "user_reports": [], "saved": false, "id": "djs1adb", "banned_at_utc": null, "mod_reason_title": null, "gilded": 0, "archived": true, "report_reasons": null, "author": "JJVMT", "can_mod_post": false, "send_replies": true, "parent_id": "t3_6l7303", "score": 2, "approved_by": null, "downs": 0, "body": "As a related question, why do the US and other countries tend to celebrate their independence on the day they proclaimed independence rather than when they actually became independent countries (which for the US could be September 3, when the Treaty of Paris was signed in 1783)?", "edited": false, "author_flair_css_class": "qualitycontributor", "collapsed": false, "author_flair_richtext": [{"e": "text", "t": "Interesting Inquirer"}], "is_submitter": false, "collapsed_reason": null, "body_html": "&lt;div class=\"md\"&gt;&lt;p&gt;As a related question, why do the US and other countries tend to celebrate their independence on the day they proclaimed independence rather than when they actually became independent countries (which for the US could be September 3, when the Treaty of Paris was signed in 1783)?&lt;/p&gt;\n&lt;/div&gt;", "stickied": false, "subreddit_type": "public", "can_gild": true, "subreddit": "AskHistorians", "author_flair_text_color": null, "score_hidden": false, "permalink": "/r/AskHistorians/comments/6l7303/why_do_we_celebrate_independence_day_on_july_4th/djs1adb/", "num_reports": null, "name": "t1_djs1adb", "created": 1499226535.0, "author_flair_text": "Interesting Inquirer", "rte_mode": "markdown", "created_utc": 1499197735.0, "subreddit_name_prefixed": "r/AskHistorians", "controversiality": 0, "depth": 0, "author_flair_background_color": null, "mod_reports": [], "mod_note": null, "distinguished": null}}], "after": null, "before": null}}]