[{"kind": "Listing", "data": {"modhash": "", "dist": 1, "children": [{"kind": "t3", "data": {"approved_at_utc": null, "subreddit": "AskHistorians", "selftext": "And follow up question: Did the soviets see themselves as being in an advantageous position relative to NATO, or did they believe they were operating from a position of relative weakness?\n\nI've recently read a declassified CIA [report](https://www.cia.gov/library/readingroom/docs/DOC_0000268107.pdf) that appears to indicate that the soviet strategy was based nearly entirely on second strike capabilities.\n\nI also read an [article](https://www.theatlantic.com/magazine/archive/2001/10/jfks-first-strike-plan/376432/) that indicates that United States seems to have had serious discussions about a preemptive nuclear strike under JFK. This article also indicates that the United States believed itself to be unable to defeat the Soviets in a conventional battle in Germany at the time.", "user_reports": [], "saved": false, "mod_reason_title": null, "gilded": 0, "clicked": false, "title": "What was the militaristic strategy of the Soviet Union like during the Cold War?", "link_flair_richtext": [], "subreddit_name_prefixed": "r/AskHistorians", "hidden": false, "pwls": 6, "link_flair_css_class": null, "downs": 0, "parent_whitelist_status": "all_ads", "hide_score": false, "name": "t3_7a06ze", "quarantine": false, "link_flair_text_color": "dark", "upvote_ratio": 0.72, "author_flair_background_color": null, "subreddit_type": "public", "ups": 3, "domain": "self.AskHistorians", "media_embed": {}, "author_flair_template_id": null, "is_original_content": false, "secure_media": null, "is_reddit_media_domain": false, "category": null, "secure_media_embed": {}, "link_flair_text": null, "can_mod_post": false, "score": 3, "approved_by": null, "thumbnail": "", "edited": false, "author_flair_css_class": null, "author_flair_richtext": [], "content_categories": null, "is_self": true, "mod_note": null, "created": 1509525435.0, "link_flair_type": "text", "wls": 6, "post_categories": null, "banned_by": null, "author_flair_type": "text", "contest_mode": false, "selftext_html": "&lt;!-- SC_OFF --&gt;&lt;div class=\"md\"&gt;&lt;p&gt;And follow up question: Did the soviets see themselves as being in an advantageous position relative to NATO, or did they believe they were operating from a position of relative weakness?&lt;/p&gt;\n\n&lt;p&gt;I&amp;#39;ve recently read a declassified CIA &lt;a href=\"https://www.cia.gov/library/readingroom/docs/DOC_0000268107.pdf\"&gt;report&lt;/a&gt; that appears to indicate that the soviet strategy was based nearly entirely on second strike capabilities.&lt;/p&gt;\n\n&lt;p&gt;I also read an &lt;a href=\"https://www.theatlantic.com/magazine/archive/2001/10/jfks-first-strike-plan/376432/\"&gt;article&lt;/a&gt; that indicates that United States seems to have had serious discussions about a preemptive nuclear strike under JFK. This article also indicates that the United States believed itself to be unable to defeat the Soviets in a conventional battle in Germany at the time.&lt;/p&gt;\n&lt;/div&gt;&lt;!-- SC_ON --&gt;", "likes": null, "suggested_sort": null, "banned_at_utc": null, "view_count": null, "archived": true, "no_follow": true, "is_crosspostable": false, "pinned": false, "over_18": false, "media_only": false, "can_gild": false, "spoiler": false, "locked": false, "author_flair_text": null, "rte_mode": "markdown", "visited": false, "num_reports": null, "distinguished": null, "subreddit_id": "t5_2ssp3", "mod_reason_by": null, "removal_reason": null, "id": "7a06ze", "report_reasons": null, "author": "olego1", "num_crossposts": 0, "num_comments": 0, "send_replies": false, "mod_reports": [], "author_flair_text_color": null, "permalink": "/r/AskHistorians/comments/7a06ze/what_was_the_militaristic_strategy_of_the_soviet/", "whitelist_status": "all_ads", "stickied": false, "url": "https://www.reddit.com/r/AskHistorians/comments/7a06ze/what_was_the_militaristic_strategy_of_the_soviet/", "subreddit_subscribers": 771251, "created_utc": 1509496635.0, "media": null, "is_video": false}}], "after": null, "before": null}}, {"kind": "Listing", "data": {"modhash": "", "dist": null, "children": [], "after": null, "before": null}}]