[{"kind": "Listing", "data": {"modhash": "", "dist": 1, "children": [{"kind": "t3", "data": {"approved_at_utc": null, "subreddit": "AskHistorians", "selftext": "Level action rifles seem like they would have a better rate of fire.", "user_reports": [], "saved": false, "mod_reason_title": null, "gilded": 0, "clicked": false, "title": "Why did bolt action rifles gain popularity over lever action rifles in military history?", "link_flair_richtext": [], "subreddit_name_prefixed": "r/AskHistorians", "hidden": false, "pwls": 6, "link_flair_css_class": null, "downs": 0, "parent_whitelist_status": "all_ads", "hide_score": false, "name": "t3_7a1dku", "quarantine": false, "link_flair_text_color": "dark", "upvote_ratio": 0.76, "author_flair_background_color": null, "subreddit_type": "public", "ups": 4, "domain": "self.AskHistorians", "media_embed": {}, "author_flair_template_id": null, "is_original_content": false, "secure_media": null, "is_reddit_media_domain": false, "category": null, "secure_media_embed": {}, "link_flair_text": null, "can_mod_post": false, "score": 4, "approved_by": null, "thumbnail": "", "edited": false, "author_flair_css_class": null, "author_flair_richtext": [], "content_categories": null, "is_self": true, "mod_note": null, "created": 1509538906.0, "link_flair_type": "text", "wls": 6, "post_categories": null, "banned_by": null, "author_flair_type": "text", "contest_mode": false, "selftext_html": "&lt;!-- SC_OFF --&gt;&lt;div class=\"md\"&gt;&lt;p&gt;Level action rifles seem like they would have a better rate of fire.&lt;/p&gt;\n&lt;/div&gt;&lt;!-- SC_ON --&gt;", "likes": null, "suggested_sort": null, "banned_at_utc": null, "view_count": null, "archived": true, "no_follow": false, "is_crosspostable": false, "pinned": false, "over_18": false, "media_only": false, "can_gild": false, "spoiler": false, "locked": false, "author_flair_text": null, "rte_mode": "markdown", "visited": false, "num_reports": null, "distinguished": null, "subreddit_id": "t5_2ssp3", "mod_reason_by": null, "removal_reason": null, "id": "7a1dku", "report_reasons": null, "author": "tittysprinkles112", "num_crossposts": 0, "num_comments": 7, "send_replies": true, "mod_reports": [], "author_flair_text_color": null, "permalink": "/r/AskHistorians/comments/7a1dku/why_did_bolt_action_rifles_gain_popularity_over/", "whitelist_status": "all_ads", "stickied": false, "url": "https://www.reddit.com/r/AskHistorians/comments/7a1dku/why_did_bolt_action_rifles_gain_popularity_over/", "subreddit_subscribers": 771251, "created_utc": 1509510106.0, "media": null, "is_video": false}}], "after": null, "before": null}}, {"kind": "Listing", "data": {"modhash": "", "dist": null, "children": [{"kind": "t1", "data": {"subreddit_id": "t5_2ssp3", "approved_at_utc": null, "ups": 3, "mod_reason_by": null, "banned_by": null, "author_flair_type": "text", "removal_reason": null, "link_id": "t3_7a1dku", "author_flair_template_id": null, "likes": null, "no_follow": true, "replies": {"kind": "Listing", "data": {"modhash": "", "dist": null, "children": [{"kind": "t1", "data": {"subreddit_id": "t5_2ssp3", "approved_at_utc": null, "ups": 2, "mod_reason_by": null, "banned_by": null, "author_flair_type": "text", "removal_reason": null, "link_id": "t3_7a1dku", "author_flair_template_id": null, "likes": null, "no_follow": true, "replies": "", "user_reports": [], "saved": false, "id": "dp7i6y5", "banned_at_utc": null, "mod_reason_title": null, "gilded": 0, "archived": true, "report_reasons": null, "author": "DanTheTerrible", "can_mod_post": false, "send_replies": true, "parent_id": "t1_dp75l60", "score": 2, "approved_by": null, "downs": 0, "body": "The thing is, sight picture disruption is also an issue with many bolt actions.  Mausers, for example, probably the most popular bolt action rifles ever made, have a bolt throw that puts the bolt handle squarely vertical when cycling, right in the way of the sights, and has such a long travel you have to pull your face away from the stock when cycling to keep the end of the bolt from hitting your face.\n\nBut some bolt actions do allow you to maintain your sight picture.  Notably the British Lee-Enfield series, which has a relatively short bolt throw that stops short of your face, and a bolt handle that cycles at an angle that doesn't obscure the sights.  So your point about maintaining sight picture is true for some bolt actions, but not all, and the ones that do force breaking the sight picture seem to be in the majority.", "edited": 1509571139.0, "author_flair_css_class": null, "collapsed": false, "author_flair_richtext": [], "is_submitter": false, "collapsed_reason": null, "body_html": "&lt;div class=\"md\"&gt;&lt;p&gt;The thing is, sight picture disruption is also an issue with many bolt actions.  Mausers, for example, probably the most popular bolt action rifles ever made, have a bolt throw that puts the bolt handle squarely vertical when cycling, right in the way of the sights, and has such a long travel you have to pull your face away from the stock when cycling to keep the end of the bolt from hitting your face.&lt;/p&gt;\n\n&lt;p&gt;But some bolt actions do allow you to maintain your sight picture.  Notably the British Lee-Enfield series, which has a relatively short bolt throw that stops short of your face, and a bolt handle that cycles at an angle that doesn&amp;#39;t obscure the sights.  So your point about maintaining sight picture is true for some bolt actions, but not all, and the ones that do force breaking the sight picture seem to be in the majority.&lt;/p&gt;\n&lt;/div&gt;", "stickied": false, "subreddit_type": "public", "can_gild": true, "subreddit": "AskHistorians", "author_flair_text_color": null, "score_hidden": false, "permalink": "/r/AskHistorians/comments/7a1dku/why_did_bolt_action_rifles_gain_popularity_over/dp7i6y5/", "num_reports": null, "name": "t1_dp7i6y5", "created": 1509599204.0, "author_flair_text": null, "rte_mode": "markdown", "created_utc": 1509570404.0, "subreddit_name_prefixed": "r/AskHistorians", "controversiality": 0, "depth": 1, "author_flair_background_color": null, "mod_reports": [], "mod_note": null, "distinguished": null}}], "after": null, "before": null}}, "user_reports": [], "saved": false, "id": "dp75l60", "banned_at_utc": null, "mod_reason_title": null, "gilded": 0, "archived": true, "report_reasons": null, "author": "brockhopper", "can_mod_post": false, "send_replies": true, "parent_id": "t3_7a1dku", "score": 3, "approved_by": null, "downs": 0, "body": "Based on shooting both types, the main problem I see is recovering your sight picture after working the lever action, which is especially noticeable when prone.  Essentially you are disrupting your sight picture upwards and taking the end of the rifle out of your body line when you operate the lever, whereas with a bolt action, particularly one with a turned down bolt handle, the end of the rifle remains in line with your body, allowing you to re-acquire the target faster.\n\nI would be interested if there were army studies of this issue in the 1870s/1880s period, but as I am at work I'm not going to Google anything firearm related.", "edited": false, "author_flair_css_class": null, "collapsed": false, "author_flair_richtext": [], "is_submitter": false, "collapsed_reason": null, "body_html": "&lt;div class=\"md\"&gt;&lt;p&gt;Based on shooting both types, the main problem I see is recovering your sight picture after working the lever action, which is especially noticeable when prone.  Essentially you are disrupting your sight picture upwards and taking the end of the rifle out of your body line when you operate the lever, whereas with a bolt action, particularly one with a turned down bolt handle, the end of the rifle remains in line with your body, allowing you to re-acquire the target faster.&lt;/p&gt;\n\n&lt;p&gt;I would be interested if there were army studies of this issue in the 1870s/1880s period, but as I am at work I&amp;#39;m not going to Google anything firearm related.&lt;/p&gt;\n&lt;/div&gt;", "stickied": false, "subreddit_type": "public", "can_gild": true, "subreddit": "AskHistorians", "author_flair_text_color": null, "score_hidden": false, "permalink": "/r/AskHistorians/comments/7a1dku/why_did_bolt_action_rifles_gain_popularity_over/dp75l60/", "num_reports": null, "name": "t1_dp75l60", "created": 1509586587.0, "author_flair_text": null, "rte_mode": "markdown", "created_utc": 1509557787.0, "subreddit_name_prefixed": "r/AskHistorians", "controversiality": 0, "depth": 0, "author_flair_background_color": null, "mod_reports": [], "mod_note": null, "distinguished": null}}, {"kind": "t1", "data": {"subreddit_id": "t5_2ssp3", "approved_at_utc": null, "ups": 4, "mod_reason_by": null, "banned_by": null, "removal_reason": null, "link_id": "t3_7a1dku", "author_flair_template_id": null, "likes": null, "no_follow": true, "replies": {"kind": "Listing", "data": {"modhash": "", "dist": null, "children": [{"kind": "t1", "data": {"subreddit_id": "t5_2ssp3", "approved_at_utc": null, "ups": 6, "mod_reason_by": null, "banned_by": null, "author_flair_type": "text", "removal_reason": null, "link_id": "t3_7a1dku", "author_flair_template_id": null, "likes": null, "no_follow": false, "replies": "", "user_reports": [], "saved": false, "id": "dp6ljjl", "banned_at_utc": null, "mod_reason_title": null, "gilded": 0, "archived": true, "report_reasons": null, "author": "thom430", "can_mod_post": false, "send_replies": true, "parent_id": "t1_dp6g6im", "score": 6, "approved_by": null, "downs": 0, "body": "I'm sorry, but there are multiple flaws in this answer. First of all, you are confusing tube-magazines with lever actions. They are seperate mechanisms. There have been bolt action rifles with magazine tubes (Vetterli, the German M71/84, the Portuguese Kropatschek), even with spitzer bullets (Lebel 1886). Conversely there have been lever actions with box magazines (Winchester 1895).\n\nIt is entirely possible to have spitzer bullets in a tube, 8mm Lebel had such a taper that it was no issue, in addition to a rim around the primer. Besides, they could, and probably did use very hard primers.\n\nThe same applies to your point regarding reloads: this is an issue of tube magazines, nothing inherent to a lever-action mechanisms.\n\nAnd yes, I'm aware that most lever action rifles are tube-fed, but that doesn't mean all of them are.\n\nI think the answer is more so to be found with regards to firing from the prone and handling higher pressures.", "edited": 1509531076.0, "author_flair_css_class": null, "collapsed": false, "author_flair_richtext": [], "is_submitter": false, "collapsed_reason": null, "body_html": "&lt;div class=\"md\"&gt;&lt;p&gt;I&amp;#39;m sorry, but there are multiple flaws in this answer. First of all, you are confusing tube-magazines with lever actions. They are seperate mechanisms. There have been bolt action rifles with magazine tubes (Vetterli, the German M71/84, the Portuguese Kropatschek), even with spitzer bullets (Lebel 1886). Conversely there have been lever actions with box magazines (Winchester 1895).&lt;/p&gt;\n\n&lt;p&gt;It is entirely possible to have spitzer bullets in a tube, 8mm Lebel had such a taper that it was no issue, in addition to a rim around the primer. Besides, they could, and probably did use very hard primers.&lt;/p&gt;\n\n&lt;p&gt;The same applies to your point regarding reloads: this is an issue of tube magazines, nothing inherent to a lever-action mechanisms.&lt;/p&gt;\n\n&lt;p&gt;And yes, I&amp;#39;m aware that most lever action rifles are tube-fed, but that doesn&amp;#39;t mean all of them are.&lt;/p&gt;\n\n&lt;p&gt;I think the answer is more so to be found with regards to firing from the prone and handling higher pressures.&lt;/p&gt;\n&lt;/div&gt;", "stickied": false, "subreddit_type": "public", "can_gild": true, "subreddit": "AskHistorians", "author_flair_text_color": null, "score_hidden": false, "permalink": "/r/AskHistorians/comments/7a1dku/why_did_bolt_action_rifles_gain_popularity_over/dp6ljjl/", "num_reports": null, "name": "t1_dp6ljjl", "created": 1509559603.0, "author_flair_text": null, "rte_mode": "markdown", "created_utc": 1509530803.0, "subreddit_name_prefixed": "r/AskHistorians", "controversiality": 0, "depth": 1, "author_flair_background_color": null, "mod_reports": [], "mod_note": null, "distinguished": null}}, {"kind": "t1", "data": {"subreddit_id": "t5_2ssp3", "approved_at_utc": null, "ups": 3, "mod_reason_by": null, "banned_by": null, "author_flair_type": "text", "removal_reason": null, "link_id": "t3_7a1dku", "author_flair_template_id": null, "likes": null, "no_follow": false, "replies": {"kind": "Listing", "data": {"modhash": "", "dist": null, "children": [{"kind": "t1", "data": {"subreddit_id": "t5_2ssp3", "approved_at_utc": null, "ups": 3, "mod_reason_by": null, "banned_by": null, "author_flair_type": "text", "removal_reason": null, "link_id": "t3_7a1dku", "author_flair_template_id": null, "likes": null, "no_follow": true, "replies": {"kind": "Listing", "data": {"modhash": "", "dist": null, "children": [{"kind": "t1", "data": {"subreddit_id": "t5_2ssp3", "approved_at_utc": null, "ups": 2, "mod_reason_by": null, "banned_by": null, "author_flair_type": "text", "removal_reason": null, "link_id": "t3_7a1dku", "author_flair_template_id": null, "likes": null, "no_follow": true, "replies": "", "user_reports": [], "saved": false, "id": "dp7hojd", "banned_at_utc": null, "mod_reason_title": null, "gilded": 0, "archived": true, "report_reasons": null, "author": "DanTheTerrible", "can_mod_post": false, "send_replies": true, "parent_id": "t1_dp6vh2r", "score": 2, "approved_by": null, "downs": 0, "body": "The reliability concern certainly existed in people's minds, but whether it proved to be a real issue in the field I don't actually know enough to say.  All I have to go on is a vague third hand report that the Russian troops were happy with their 1895 Winchesters.  It *is* clear the Russian army never entertained any notion of adopting Winchester lever guns as their standard service arm.  The Russians found they were critically short of rifles early in the war, and while they tried to ramp up production of their standard Mosin-Nagant bolt actions they sent buyers to various foreign countries to acquire extra rifles.  The Winchester deal was one of their larger foreign purchases (two contracts totaling about 300,000 rifles), but by no means the only one.  The Russians bought a similar number of Remington rolling block single shot breech loaders, for example.  To troops facing the prospect of not being issued a rifle at all due to shortages, just about anything probably looked like a decent rifle.", "edited": 1509580119.0, "author_flair_css_class": null, "collapsed": false, "author_flair_richtext": [], "is_submitter": false, "collapsed_reason": null, "body_html": "&lt;div class=\"md\"&gt;&lt;p&gt;The reliability concern certainly existed in people&amp;#39;s minds, but whether it proved to be a real issue in the field I don&amp;#39;t actually know enough to say.  All I have to go on is a vague third hand report that the Russian troops were happy with their 1895 Winchesters.  It &lt;em&gt;is&lt;/em&gt; clear the Russian army never entertained any notion of adopting Winchester lever guns as their standard service arm.  The Russians found they were critically short of rifles early in the war, and while they tried to ramp up production of their standard Mosin-Nagant bolt actions they sent buyers to various foreign countries to acquire extra rifles.  The Winchester deal was one of their larger foreign purchases (two contracts totaling about 300,000 rifles), but by no means the only one.  The Russians bought a similar number of Remington rolling block single shot breech loaders, for example.  To troops facing the prospect of not being issued a rifle at all due to shortages, just about anything probably looked like a decent rifle.&lt;/p&gt;\n&lt;/div&gt;", "stickied": false, "subreddit_type": "public", "can_gild": true, "subreddit": "AskHistorians", "author_flair_text_color": null, "score_hidden": false, "permalink": "/r/AskHistorians/comments/7a1dku/why_did_bolt_action_rifles_gain_popularity_over/dp7hojd/", "num_reports": null, "name": "t1_dp7hojd", "created": 1509598691.0, "author_flair_text": null, "rte_mode": "markdown", "created_utc": 1509569891.0, "subreddit_name_prefixed": "r/AskHistorians", "controversiality": 0, "depth": 3, "author_flair_background_color": null, "mod_reports": [], "mod_note": null, "distinguished": null}}], "after": null, "before": null}}, "user_reports": [], "saved": false, "id": "dp6vh2r", "banned_at_utc": null, "mod_reason_title": null, "gilded": 0, "archived": true, "report_reasons": null, "author": "Dekarch", "can_mod_post": false, "send_replies": true, "parent_id": "t1_dp6lxrz", "score": 3, "approved_by": null, "downs": 0, "body": "I know some lever action rifles made it into the hands of troops in WWI, but I have also heard that there was a concern about the lever introducing mud into the action given trench warfare conditions. Is there anything to that concern? I have only heard of Lever action rifles being used in frontline service in Russia, where there were fewer trenches, but plenty of mud.", "edited": false, "author_flair_css_class": null, "collapsed": false, "author_flair_richtext": [], "is_submitter": false, "collapsed_reason": null, "body_html": "&lt;div class=\"md\"&gt;&lt;p&gt;I know some lever action rifles made it into the hands of troops in WWI, but I have also heard that there was a concern about the lever introducing mud into the action given trench warfare conditions. Is there anything to that concern? I have only heard of Lever action rifles being used in frontline service in Russia, where there were fewer trenches, but plenty of mud.&lt;/p&gt;\n&lt;/div&gt;", "stickied": false, "subreddit_type": "public", "can_gild": true, "subreddit": "AskHistorians", "author_flair_text_color": null, "score_hidden": false, "permalink": "/r/AskHistorians/comments/7a1dku/why_did_bolt_action_rifles_gain_popularity_over/dp6vh2r/", "num_reports": null, "name": "t1_dp6vh2r", "created": 1509576304.0, "author_flair_text": null, "rte_mode": "markdown", "created_utc": 1509547504.0, "subreddit_name_prefixed": "r/AskHistorians", "controversiality": 0, "depth": 2, "author_flair_background_color": null, "mod_reports": [], "mod_note": null, "distinguished": null}}], "after": null, "before": null}}, "user_reports": [], "saved": false, "id": "dp6lxrz", "banned_at_utc": null, "mod_reason_title": null, "gilded": 0, "archived": true, "report_reasons": null, "author": "DanTheTerrible", "can_mod_post": false, "send_replies": true, "parent_id": "t1_dp6g6im", "score": 3, "approved_by": null, "downs": 0, "body": "You seem to be assuming that lever action guns could not have a box magazine.  Not true.  The Winchester 1895 did have a box magazine and worked with pointed (spitzer) bullets just fine.  The Russian army bought large numbers of the 1895 from Winchester during WWI, chambered for Russian cartridges and set up to load from stripper clips.  Troops issued the lever guns were apparently happy with them.\n\nThe mass adoption of bolt action guns is something of a historical accident.  What happened is the French adopted the first smokeless powder firearm, the Lebel rifle, in 1887, and all the major powers rushed to adopt their own smokeless powder rifles.  As existing lever action designs did not have strong enough actions to safely use high power military loads of smokeless powder, the various world militaries all adopted bolt action guns.  Pointed spitzer bullets came along a few years later, and were basically irrelevant to the mass adoption of bolt guns in the late 1880s to early 1890s.  The major powers had all committed to their bolt guns by that time, and adopted spitzer bullets just by rechambering them.\n\nWinchester's lever action designs caught up within a few years (due to the work of famous gun designer John Browning) with the 1894 model able to handle powerful smokeless powder cartridges, and the 1895 model having a box magazine that could use pointed bullets.  But that was just a few years too late, all the major military powers had committed to bolt action guns by that time and were mostly happy^* with them, and weren't going to go to the enormous expense of adopting a new rifle that didn't seem to offer much advantage.\n\n^* The U.S. was an exception, which came to feel their 30-40 Krag-Jorgensens (adopted 1892) were underpowered and short ranged, largely due to experience in the Spanish-American war when they faced Spanish troops using more powerful Mausers.  The U.S. adopted the 1903 Springfield as a replacement.  The 1895 Winchester was available by that time and might have served well, but political considerations mandated the army adopt a rifle of its own design.  The Springfield was actually an evolved redesign of the Krag-Jorgensen, prototypes of intermediate models were made and tested.  Ironically, the new Springfield adopted so many features of the Mauser it was practically a clone, and the U.S. army was eventually forced to pay royalties to holders of patents on the Mauser rifle and its ammunition.\n\n", "edited": 1509571067.0, "author_flair_css_class": null, "collapsed": false, "author_flair_richtext": [], "is_submitter": false, "collapsed_reason": null, "body_html": "&lt;div class=\"md\"&gt;&lt;p&gt;You seem to be assuming that lever action guns could not have a box magazine.  Not true.  The Winchester 1895 did have a box magazine and worked with pointed (spitzer) bullets just fine.  The Russian army bought large numbers of the 1895 from Winchester during WWI, chambered for Russian cartridges and set up to load from stripper clips.  Troops issued the lever guns were apparently happy with them.&lt;/p&gt;\n\n&lt;p&gt;The mass adoption of bolt action guns is something of a historical accident.  What happened is the French adopted the first smokeless powder firearm, the Lebel rifle, in 1887, and all the major powers rushed to adopt their own smokeless powder rifles.  As existing lever action designs did not have strong enough actions to safely use high power military loads of smokeless powder, the various world militaries all adopted bolt action guns.  Pointed spitzer bullets came along a few years later, and were basically irrelevant to the mass adoption of bolt guns in the late 1880s to early 1890s.  The major powers had all committed to their bolt guns by that time, and adopted spitzer bullets just by rechambering them.&lt;/p&gt;\n\n&lt;p&gt;Winchester&amp;#39;s lever action designs caught up within a few years (due to the work of famous gun designer John Browning) with the 1894 model able to handle powerful smokeless powder cartridges, and the 1895 model having a box magazine that could use pointed bullets.  But that was just a few years too late, all the major military powers had committed to bolt action guns by that time and were mostly happy&lt;sup&gt;*&lt;/sup&gt; with them, and weren&amp;#39;t going to go to the enormous expense of adopting a new rifle that didn&amp;#39;t seem to offer much advantage.&lt;/p&gt;\n\n&lt;p&gt;&lt;sup&gt;*&lt;/sup&gt; The U.S. was an exception, which came to feel their 30-40 Krag-Jorgensens (adopted 1892) were underpowered and short ranged, largely due to experience in the Spanish-American war when they faced Spanish troops using more powerful Mausers.  The U.S. adopted the 1903 Springfield as a replacement.  The 1895 Winchester was available by that time and might have served well, but political considerations mandated the army adopt a rifle of its own design.  The Springfield was actually an evolved redesign of the Krag-Jorgensen, prototypes of intermediate models were made and tested.  Ironically, the new Springfield adopted so many features of the Mauser it was practically a clone, and the U.S. army was eventually forced to pay royalties to holders of patents on the Mauser rifle and its ammunition.&lt;/p&gt;\n&lt;/div&gt;", "stickied": false, "subreddit_type": "public", "can_gild": true, "subreddit": "AskHistorians", "author_flair_text_color": null, "score_hidden": false, "permalink": "/r/AskHistorians/comments/7a1dku/why_did_bolt_action_rifles_gain_popularity_over/dp6lxrz/", "num_reports": null, "name": "t1_dp6lxrz", "created": 1509560728.0, "author_flair_text": null, "rte_mode": "markdown", "created_utc": 1509531928.0, "subreddit_name_prefixed": "r/AskHistorians", "controversiality": 0, "depth": 1, "author_flair_background_color": null, "mod_reports": [], "mod_note": null, "distinguished": null}}], "after": null, "before": null}}, "user_reports": [], "saved": false, "id": "dp6g6im", "banned_at_utc": null, "mod_reason_title": null, "gilded": 0, "archived": true, "report_reasons": null, "author": "[deleted]", "can_mod_post": false, "send_replies": true, "parent_id": "t3_7a1dku", "score": 4, "approved_by": null, "downs": 0, "body": "[removed]", "edited": false, "author_flair_css_class": null, "collapsed": false, "is_submitter": false, "collapsed_reason": null, "body_html": "&lt;div class=\"md\"&gt;&lt;p&gt;[removed]&lt;/p&gt;\n&lt;/div&gt;", "stickied": false, "subreddit_type": "public", "can_gild": true, "subreddit": "AskHistorians", "author_flair_text_color": "dark", "score_hidden": false, "permalink": "/r/AskHistorians/comments/7a1dku/why_did_bolt_action_rifles_gain_popularity_over/dp6g6im/", "num_reports": null, "name": "t1_dp6g6im", "created": 1509543732.0, "author_flair_text": null, "rte_mode": "markdown", "created_utc": 1509514932.0, "subreddit_name_prefixed": "r/AskHistorians", "controversiality": 0, "depth": 0, "author_flair_background_color": "", "mod_reports": [], "mod_note": null, "distinguished": null}}], "after": null, "before": null}}]