[{"kind": "Listing", "data": {"modhash": "", "dist": 1, "children": [{"kind": "t3", "data": {"approved_at_utc": null, "subreddit": "AskHistorians", "selftext": "", "user_reports": [], "saved": false, "mod_reason_title": null, "gilded": 0, "clicked": false, "title": "What were the people who started the Salem witch trials actually suffering from?", "link_flair_richtext": [], "subreddit_name_prefixed": "r/AskHistorians", "hidden": false, "pwls": 6, "link_flair_css_class": null, "downs": 0, "parent_whitelist_status": "all_ads", "hide_score": false, "name": "t3_7a3bcm", "quarantine": false, "link_flair_text_color": "dark", "upvote_ratio": 0.8, "author_flair_background_color": null, "subreddit_type": "public", "ups": 9, "domain": "self.AskHistorians", "media_embed": {}, "author_flair_template_id": null, "is_original_content": false, "secure_media": null, "is_reddit_media_domain": false, "category": null, "secure_media_embed": {}, "link_flair_text": null, "can_mod_post": false, "score": 9, "approved_by": null, "thumbnail": "", "edited": false, "author_flair_css_class": null, "author_flair_richtext": [], "content_categories": null, "is_self": true, "mod_note": null, "created": 1509569043.0, "link_flair_type": "text", "wls": 6, "post_categories": null, "banned_by": null, "author_flair_type": "text", "contest_mode": false, "selftext_html": null, "likes": null, "suggested_sort": null, "banned_at_utc": null, "view_count": null, "archived": true, "no_follow": true, "is_crosspostable": false, "pinned": false, "over_18": false, "media_only": false, "can_gild": false, "spoiler": false, "locked": false, "author_flair_text": null, "rte_mode": "markdown", "visited": false, "num_reports": null, "distinguished": null, "subreddit_id": "t5_2ssp3", "mod_reason_by": null, "removal_reason": null, "id": "7a3bcm", "report_reasons": null, "author": "ChocolateHeavens", "num_crossposts": 0, "num_comments": 1, "send_replies": true, "mod_reports": [], "author_flair_text_color": null, "permalink": "/r/AskHistorians/comments/7a3bcm/what_were_the_people_who_started_the_salem_witch/", "whitelist_status": "all_ads", "stickied": false, "url": "https://www.reddit.com/r/AskHistorians/comments/7a3bcm/what_were_the_people_who_started_the_salem_witch/", "subreddit_subscribers": 771252, "created_utc": 1509540243.0, "media": null, "is_video": false}}], "after": null, "before": null}}, {"kind": "Listing", "data": {"modhash": "", "dist": null, "children": [{"kind": "t1", "data": {"subreddit_id": "t5_2ssp3", "approved_at_utc": null, "ups": 2, "mod_reason_by": null, "banned_by": null, "author_flair_type": "richtext", "removal_reason": null, "link_id": "t3_7a3bcm", "author_flair_template_id": null, "likes": null, "no_follow": true, "replies": "", "user_reports": [], "saved": false, "id": "dp89wph", "banned_at_utc": null, "mod_reason_title": null, "gilded": 0, "archived": true, "report_reasons": null, "author": "dhowlett1692", "can_mod_post": false, "send_replies": true, "parent_id": "t3_7a3bcm", "score": 2, "approved_by": null, "downs": 0, "body": "The short answer- religious fervor, fear, and a deep desire for revenge\n\nThe long answer- \nThere is no medical or psychological cause to explain what the afflicted suffered from, and all theories posing suggestions to date have been proven wrong.  I think we try to find a medical reason since we would feel better thinking humans did not cause witch hunts, but the Salem Witch Trials were caused by human intentions.  This was not a premeditated event, but people were conscious of their actions.  These three causes I listed- fervor, fear, and vengeance- all overlap and the deep you dig into it, the more complicated the background gets, so I'll try to make it easier.  Feel free to ask follow ups.  The sources I'm using for these answers are mostly Salem Possessed by Paul Boyer and Stephen Nissenbaum, In the Devil's Snare by Mary Beth Norton, A Storm of Witchcraft by Emerson W. Baker, and a lot of it is compiled from my years of research, some of which is presented on my site salemnetworks.org.\n\nReligious fervor- Puritans lived in a supernatural world.  Storms, sickness, wealth, misfortune, a prosperous family, etc..., all came from God's judgment.  If you were wealthy, God granted you this wealth in life, suggesting you were a good Puritan.  If you were poor, maybe you were not as faithful as you should be to earn God's favor.  If a storm or drought hit a town, that town must reexamine their collective faith and force sinners to repent to ensure God's protection.  The Devil and his witches could also send storms should a communities' faith be weak enough that God allows them to suffer.  However, by 1692, the original idea of the Massachusetts Bay Colony and Boston as the \"city on a hill\" appeared in danger.  Religious leaders saw increasing secularism as the commercial ports of Boston and Salem grew.  Through political developments in the 1680s, the colony also needed to accept other Protestant and Christian sects (but not Catholics) when previously Quakers who refused to leave faced execution.  Rev. Cotton Mather of Boston saw the increasing secular threat and encouraged his congregation to rededicate their faith. He once wrote \"religion brought forth prosperity and the daughter destroyed the mother.\"  Mather also advised on a case of witchcraft in Boston in 1688 which resulted in the execution of Goody Glover.  He published a book on the story which was a bestseller of the day.  Four years later, people compared the Salem girls to the Boston children.  Mather also believed the sign of Christ's second coming would be proceeded by increased attacks from the Devil, including Satan's recruitment of witches.  Historian Benjamin Ray in one article refers to the witch trials as Satan's war on Salem because that is how the Puritan conceptualized the Devil's role in the spiritual realm with witches.  There can be a lot more said regarding Puritan theology, but to understand it, imagine growing up in a world where your religion feels attacked by an evermore secular world, and believing this was a sign of the end times so you expect the Devil's presence with his witches.\n\nFear- Everyday, the Puritans felt that they were under the threat of attack, not just from the Devil, but also Indians.  In 1675-76, King Philip's War raged across New England.  In 1688, King William's War began and lasted until 1697, long after the witch trials.  There were always tension with the Native populations, but these wars devastated Massachusetts settlements in what is now Maine.  By 1692, only 2 settlements remained which meant towns in Massachusetts were also the frontier.  It isn't a coincidence that the towns that felt most exposed were Andover and Salem Village, the two places most affected by the witchcraft accusations.  Everyday, there was a threat of attack, and for many of these people, it wouldn't have been their first.  About 1/3 of those involved in the witch trials had a strong tie to the frontier wars- either they or an immediate family member fought in the wars, they were one of the many refugees flooding Salem, or in the case of George Burroughs, you lived there.  The threat was always present, and rumors flew around all the time.  In August 1692, residents of Gloucester (a town that was not safe from witchcraft accusations) hid in the garrison for a few days after sightings of French and Indian soldiers outside the town; there were no French or Indian soldiers preparing to ambush Gloucester.  However, the fear was real.  You never knew if you're town was next.  They also believed Indians were in league with the Devil and a lot of the testimony against witch suspects includes references to the Indian wars.\n\nVengeance- In April 1682, a decade before the witch trials, Jeremiah Watts wrote \"brother is against brother...neighbor against neighbor...all quarrelling and smiting one another,\" to describe Salem Village where the accusations would later erupt.  (Salem was divided between 2 distinct communities, the Village and the Town, but it was collectively Salem under control of the Town).  Tensions ran high among families and neighbors.  Salem Village hoped to separate into its own town, but two factions in the Village broke out in disagreement over separation.  The battleground for this debate was the hiring of a minister for the Salem Village church starting in 1672.  Between 1672 and 1692, the Village hired 4 ministers since the tensions drove them away.  One of them, Rev. George Burroughs was executed for witchcraft in August 1692.  Rev. Samuel Parris began preaching in the Village in 1689, and his daughter and niece were the first to suffer symptoms diagnosed as witchcraft.  Parris' strongest political ally Thomas Putnam led the Salem Village independence faction, and his daughter Ann Jr. accused more people than anyone else in 1692.  The accusations from the Putnam and Parris households targeted political opponents from the entire Salem Village independence issues, as well as taking revenge on Thomas' half brother.  Putnam and Parris managed to make accusations against those opposed to independence, while not accusing direct opponents, but quite clearly making accusations against the faction that hindered Salem Village independence.  This entire issue is extremely confusing, so hopefully I gave a simplified version that made sense.  I answered about this a while ago here- https://www.reddit.com/r/AskHistorians/comments/3lu1t0/why_did_the_salem_witch_trials_start/ and gave some more detail.\n\nTLDR- Puritans believed the Devil was everywhere, Indians in league with the Devil were ready to descend on them, and Salem Village was in a political crisis.  It was a perfect storm that several people took advantage of at the right time.\n", "edited": false, "author_flair_css_class": "northamerica", "collapsed": false, "author_flair_richtext": [{"e": "text", "t": "Salem Witch Trials"}], "is_submitter": false, "collapsed_reason": null, "body_html": "&lt;div class=\"md\"&gt;&lt;p&gt;The short answer- religious fervor, fear, and a deep desire for revenge&lt;/p&gt;\n\n&lt;p&gt;The long answer- \nThere is no medical or psychological cause to explain what the afflicted suffered from, and all theories posing suggestions to date have been proven wrong.  I think we try to find a medical reason since we would feel better thinking humans did not cause witch hunts, but the Salem Witch Trials were caused by human intentions.  This was not a premeditated event, but people were conscious of their actions.  These three causes I listed- fervor, fear, and vengeance- all overlap and the deep you dig into it, the more complicated the background gets, so I&amp;#39;ll try to make it easier.  Feel free to ask follow ups.  The sources I&amp;#39;m using for these answers are mostly Salem Possessed by Paul Boyer and Stephen Nissenbaum, In the Devil&amp;#39;s Snare by Mary Beth Norton, A Storm of Witchcraft by Emerson W. Baker, and a lot of it is compiled from my years of research, some of which is presented on my site salemnetworks.org.&lt;/p&gt;\n\n&lt;p&gt;Religious fervor- Puritans lived in a supernatural world.  Storms, sickness, wealth, misfortune, a prosperous family, etc..., all came from God&amp;#39;s judgment.  If you were wealthy, God granted you this wealth in life, suggesting you were a good Puritan.  If you were poor, maybe you were not as faithful as you should be to earn God&amp;#39;s favor.  If a storm or drought hit a town, that town must reexamine their collective faith and force sinners to repent to ensure God&amp;#39;s protection.  The Devil and his witches could also send storms should a communities&amp;#39; faith be weak enough that God allows them to suffer.  However, by 1692, the original idea of the Massachusetts Bay Colony and Boston as the &amp;quot;city on a hill&amp;quot; appeared in danger.  Religious leaders saw increasing secularism as the commercial ports of Boston and Salem grew.  Through political developments in the 1680s, the colony also needed to accept other Protestant and Christian sects (but not Catholics) when previously Quakers who refused to leave faced execution.  Rev. Cotton Mather of Boston saw the increasing secular threat and encouraged his congregation to rededicate their faith. He once wrote &amp;quot;religion brought forth prosperity and the daughter destroyed the mother.&amp;quot;  Mather also advised on a case of witchcraft in Boston in 1688 which resulted in the execution of Goody Glover.  He published a book on the story which was a bestseller of the day.  Four years later, people compared the Salem girls to the Boston children.  Mather also believed the sign of Christ&amp;#39;s second coming would be proceeded by increased attacks from the Devil, including Satan&amp;#39;s recruitment of witches.  Historian Benjamin Ray in one article refers to the witch trials as Satan&amp;#39;s war on Salem because that is how the Puritan conceptualized the Devil&amp;#39;s role in the spiritual realm with witches.  There can be a lot more said regarding Puritan theology, but to understand it, imagine growing up in a world where your religion feels attacked by an evermore secular world, and believing this was a sign of the end times so you expect the Devil&amp;#39;s presence with his witches.&lt;/p&gt;\n\n&lt;p&gt;Fear- Everyday, the Puritans felt that they were under the threat of attack, not just from the Devil, but also Indians.  In 1675-76, King Philip&amp;#39;s War raged across New England.  In 1688, King William&amp;#39;s War began and lasted until 1697, long after the witch trials.  There were always tension with the Native populations, but these wars devastated Massachusetts settlements in what is now Maine.  By 1692, only 2 settlements remained which meant towns in Massachusetts were also the frontier.  It isn&amp;#39;t a coincidence that the towns that felt most exposed were Andover and Salem Village, the two places most affected by the witchcraft accusations.  Everyday, there was a threat of attack, and for many of these people, it wouldn&amp;#39;t have been their first.  About 1/3 of those involved in the witch trials had a strong tie to the frontier wars- either they or an immediate family member fought in the wars, they were one of the many refugees flooding Salem, or in the case of George Burroughs, you lived there.  The threat was always present, and rumors flew around all the time.  In August 1692, residents of Gloucester (a town that was not safe from witchcraft accusations) hid in the garrison for a few days after sightings of French and Indian soldiers outside the town; there were no French or Indian soldiers preparing to ambush Gloucester.  However, the fear was real.  You never knew if you&amp;#39;re town was next.  They also believed Indians were in league with the Devil and a lot of the testimony against witch suspects includes references to the Indian wars.&lt;/p&gt;\n\n&lt;p&gt;Vengeance- In April 1682, a decade before the witch trials, Jeremiah Watts wrote &amp;quot;brother is against brother...neighbor against neighbor...all quarrelling and smiting one another,&amp;quot; to describe Salem Village where the accusations would later erupt.  (Salem was divided between 2 distinct communities, the Village and the Town, but it was collectively Salem under control of the Town).  Tensions ran high among families and neighbors.  Salem Village hoped to separate into its own town, but two factions in the Village broke out in disagreement over separation.  The battleground for this debate was the hiring of a minister for the Salem Village church starting in 1672.  Between 1672 and 1692, the Village hired 4 ministers since the tensions drove them away.  One of them, Rev. George Burroughs was executed for witchcraft in August 1692.  Rev. Samuel Parris began preaching in the Village in 1689, and his daughter and niece were the first to suffer symptoms diagnosed as witchcraft.  Parris&amp;#39; strongest political ally Thomas Putnam led the Salem Village independence faction, and his daughter Ann Jr. accused more people than anyone else in 1692.  The accusations from the Putnam and Parris households targeted political opponents from the entire Salem Village independence issues, as well as taking revenge on Thomas&amp;#39; half brother.  Putnam and Parris managed to make accusations against those opposed to independence, while not accusing direct opponents, but quite clearly making accusations against the faction that hindered Salem Village independence.  This entire issue is extremely confusing, so hopefully I gave a simplified version that made sense.  I answered about this a while ago here- &lt;a href=\"https://www.reddit.com/r/AskHistorians/comments/3lu1t0/why_did_the_salem_witch_trials_start/\"&gt;https://www.reddit.com/r/AskHistorians/comments/3lu1t0/why_did_the_salem_witch_trials_start/&lt;/a&gt; and gave some more detail.&lt;/p&gt;\n\n&lt;p&gt;TLDR- Puritans believed the Devil was everywhere, Indians in league with the Devil were ready to descend on them, and Salem Village was in a political crisis.  It was a perfect storm that several people took advantage of at the right time.&lt;/p&gt;\n&lt;/div&gt;", "stickied": false, "subreddit_type": "public", "can_gild": true, "subreddit": "AskHistorians", "author_flair_text_color": null, "score_hidden": false, "permalink": "/r/AskHistorians/comments/7a3bcm/what_were_the_people_who_started_the_salem_witch/dp89wph/", "num_reports": null, "name": "t1_dp89wph", "created": 1509634542.0, "author_flair_text": "Salem Witch Trials", "rte_mode": "markdown", "created_utc": 1509605742.0, "subreddit_name_prefixed": "r/AskHistorians", "controversiality": 0, "depth": 0, "author_flair_background_color": null, "mod_reports": [], "mod_note": null, "distinguished": null}}], "after": null, "before": null}}]