[{"kind": "Listing", "data": {"modhash": "", "dist": 1, "children": [{"kind": "t3", "data": {"approved_at_utc": null, "subreddit": "AskHistorians", "selftext": "", "user_reports": [], "saved": false, "mod_reason_title": null, "gilded": 0, "clicked": false, "title": "How did people in History survive with gluten intolerance? E.g. Roman Soldiers, the poor French eating all that cake?", "link_flair_richtext": [], "subreddit_name_prefixed": "r/AskHistorians", "hidden": false, "pwls": 6, "link_flair_css_class": null, "downs": 0, "parent_whitelist_status": "all_ads", "hide_score": false, "name": "t3_7a3gkh", "quarantine": false, "link_flair_text_color": "dark", "upvote_ratio": 0.75, "author_flair_background_color": null, "subreddit_type": "public", "ups": 4, "domain": "self.AskHistorians", "media_embed": {}, "author_flair_template_id": null, "is_original_content": false, "secure_media": null, "is_reddit_media_domain": false, "category": null, "secure_media_embed": {}, "link_flair_text": null, "can_mod_post": false, "score": 4, "approved_by": null, "thumbnail": "", "edited": false, "author_flair_css_class": null, "author_flair_richtext": [], "content_categories": null, "is_self": true, "mod_note": null, "created": 1509570680.0, "link_flair_type": "text", "wls": 6, "post_categories": null, "banned_by": null, "author_flair_type": "text", "contest_mode": false, "selftext_html": null, "likes": null, "suggested_sort": null, "banned_at_utc": null, "view_count": null, "archived": true, "no_follow": true, "is_crosspostable": false, "pinned": false, "over_18": false, "media_only": false, "can_gild": false, "spoiler": false, "locked": false, "author_flair_text": null, "rte_mode": "markdown", "visited": false, "num_reports": null, "distinguished": null, "subreddit_id": "t5_2ssp3", "mod_reason_by": null, "removal_reason": null, "id": "7a3gkh", "report_reasons": null, "author": "sonicmouse347", "num_crossposts": 0, "num_comments": 5, "send_replies": true, "mod_reports": [], "author_flair_text_color": null, "permalink": "/r/AskHistorians/comments/7a3gkh/how_did_people_in_history_survive_with_gluten/", "whitelist_status": "all_ads", "stickied": false, "url": "https://www.reddit.com/r/AskHistorians/comments/7a3gkh/how_did_people_in_history_survive_with_gluten/", "subreddit_subscribers": 771253, "created_utc": 1509541880.0, "media": null, "is_video": false}}], "after": null, "before": null}}, {"kind": "Listing", "data": {"modhash": "", "dist": null, "children": [{"kind": "t1", "data": {"subreddit_id": "t5_2ssp3", "approved_at_utc": null, "ups": 2, "mod_reason_by": null, "banned_by": null, "removal_reason": null, "link_id": "t3_7a3gkh", "author_flair_template_id": null, "likes": null, "no_follow": true, "replies": "", "user_reports": [], "saved": false, "id": "dp6yrck", "banned_at_utc": null, "mod_reason_title": null, "gilded": 0, "archived": true, "report_reasons": null, "author": "[deleted]", "can_mod_post": false, "send_replies": true, "parent_id": "t3_7a3gkh", "score": 2, "approved_by": null, "downs": 0, "body": "[removed]", "edited": false, "author_flair_css_class": null, "collapsed": false, "is_submitter": false, "collapsed_reason": null, "body_html": "&lt;div class=\"md\"&gt;&lt;p&gt;[removed]&lt;/p&gt;\n&lt;/div&gt;", "stickied": false, "subreddit_type": "public", "can_gild": true, "subreddit": "AskHistorians", "author_flair_text_color": "dark", "score_hidden": false, "permalink": "/r/AskHistorians/comments/7a3gkh/how_did_people_in_history_survive_with_gluten/dp6yrck/", "num_reports": null, "name": "t1_dp6yrck", "created": 1509579820.0, "author_flair_text": null, "rte_mode": "markdown", "created_utc": 1509551020.0, "subreddit_name_prefixed": "r/AskHistorians", "controversiality": 0, "depth": 0, "author_flair_background_color": "", "mod_reports": [], "mod_note": null, "distinguished": null}}, {"kind": "t1", "data": {"subreddit_id": "t5_2ssp3", "approved_at_utc": null, "ups": 1, "mod_reason_by": null, "banned_by": null, "removal_reason": null, "link_id": "t3_7a3gkh", "author_flair_template_id": null, "likes": null, "no_follow": true, "replies": {"kind": "Listing", "data": {"modhash": "", "dist": null, "children": [{"kind": "t1", "data": {"subreddit_id": "t5_2ssp3", "approved_at_utc": null, "ups": 1, "mod_reason_by": null, "banned_by": null, "author_flair_type": "richtext", "removal_reason": null, "link_id": "t3_7a3gkh", "author_flair_template_id": null, "likes": null, "no_follow": true, "replies": "", "user_reports": [], "saved": false, "id": "dp7d6k9", "banned_at_utc": null, "mod_reason_title": null, "gilded": 0, "archived": true, "report_reasons": null, "author": "chocolatepot", "can_mod_post": false, "send_replies": true, "parent_id": "t1_dp7cllp", "score": 1, "approved_by": null, "downs": 0, "body": "I'm sorry, but this is not an acceptable basis for an answer in this subreddit, so I have had to remove your comment. In the future, please keep in mind our subreddit rules, [specifically what we are looking for in an answer](http://www.reddit.com/r/AskHistorians/wiki/rules#wiki_write_an_in-depth_answer), before attempting to tackle a question here. For further discussion on how sourcing works in this subreddit, please [consult this thread](https://www.reddit.com/r/AskHistorians/comments/3wn71y/rules_roundtable_1_explaining_the_rules_about/). Thank you!", "edited": false, "author_flair_css_class": "moderator", "collapsed": false, "author_flair_richtext": [{"e": "text", "t": "Moderator | History of Western Fashion"}], "is_submitter": false, "collapsed_reason": null, "body_html": "&lt;div class=\"md\"&gt;&lt;p&gt;I&amp;#39;m sorry, but this is not an acceptable basis for an answer in this subreddit, so I have had to remove your comment. In the future, please keep in mind our subreddit rules, &lt;a href=\"http://www.reddit.com/r/AskHistorians/wiki/rules#wiki_write_an_in-depth_answer\"&gt;specifically what we are looking for in an answer&lt;/a&gt;, before attempting to tackle a question here. For further discussion on how sourcing works in this subreddit, please &lt;a href=\"https://www.reddit.com/r/AskHistorians/comments/3wn71y/rules_roundtable_1_explaining_the_rules_about/\"&gt;consult this thread&lt;/a&gt;. Thank you!&lt;/p&gt;\n&lt;/div&gt;", "stickied": false, "subreddit_type": "public", "can_gild": true, "subreddit": "AskHistorians", "author_flair_text_color": null, "score_hidden": false, "permalink": "/r/AskHistorians/comments/7a3gkh/how_did_people_in_history_survive_with_gluten/dp7d6k9/", "num_reports": null, "name": "t1_dp7d6k9", "created": 1509594201.0, "author_flair_text": "Moderator | History of Western Fashion", "rte_mode": "markdown", "created_utc": 1509565401.0, "subreddit_name_prefixed": "r/AskHistorians", "controversiality": 0, "depth": 1, "author_flair_background_color": null, "mod_reports": [], "mod_note": null, "distinguished": "moderator"}}], "after": null, "before": null}}, "user_reports": [], "saved": false, "id": "dp7cllp", "banned_at_utc": null, "mod_reason_title": null, "gilded": 0, "archived": true, "report_reasons": null, "author": "[deleted]", "can_mod_post": false, "send_replies": true, "parent_id": "t3_7a3gkh", "score": 1, "approved_by": null, "downs": 0, "body": "[removed]", "edited": false, "author_flair_css_class": null, "collapsed": false, "is_submitter": false, "collapsed_reason": null, "body_html": "&lt;div class=\"md\"&gt;&lt;p&gt;[removed]&lt;/p&gt;\n&lt;/div&gt;", "stickied": false, "subreddit_type": "public", "can_gild": true, "subreddit": "AskHistorians", "author_flair_text_color": "dark", "score_hidden": false, "permalink": "/r/AskHistorians/comments/7a3gkh/how_did_people_in_history_survive_with_gluten/dp7cllp/", "num_reports": null, "name": "t1_dp7cllp", "created": 1509593621.0, "author_flair_text": null, "rte_mode": "markdown", "created_utc": 1509564821.0, "subreddit_name_prefixed": "r/AskHistorians", "controversiality": 0, "depth": 0, "author_flair_background_color": "", "mod_reports": [], "mod_note": null, "distinguished": null}}], "after": null, "before": null}}]