[{"kind": "Listing", "data": {"modhash": "", "dist": 1, "children": [{"kind": "t3", "data": {"approved_at_utc": null, "subreddit": "AskHistorians", "selftext": "", "user_reports": [], "saved": false, "mod_reason_title": null, "gilded": 0, "clicked": false, "title": "The Norte Chico civilization had large edifices, textiles, organized government, and music, but no visual art (unlike seemingly every other civilization and culture). What are the current leading theories on why there is no visual art?", "link_flair_richtext": [], "subreddit_name_prefixed": "r/AskHistorians", "hidden": false, "pwls": 6, "link_flair_css_class": null, "downs": 0, "parent_whitelist_status": "all_ads", "hide_score": false, "name": "t3_7a458j", "quarantine": false, "link_flair_text_color": "dark", "upvote_ratio": 0.95, "author_flair_background_color": null, "subreddit_type": "public", "ups": 354, "domain": "self.AskHistorians", "media_embed": {}, "author_flair_template_id": null, "is_original_content": false, "secure_media": null, "is_reddit_media_domain": false, "category": null, "secure_media_embed": {}, "link_flair_text": null, "can_mod_post": false, "score": 354, "approved_by": null, "thumbnail": "", "edited": false, "author_flair_css_class": null, "author_flair_richtext": [], "content_categories": null, "is_self": true, "mod_note": null, "created": 1509577574.0, "link_flair_type": "text", "wls": 6, "post_categories": null, "banned_by": null, "author_flair_type": "text", "contest_mode": false, "selftext_html": null, "likes": null, "suggested_sort": null, "banned_at_utc": null, "view_count": null, "archived": true, "no_follow": false, "is_crosspostable": false, "pinned": false, "over_18": false, "media_only": false, "can_gild": false, "spoiler": false, "locked": false, "author_flair_text": null, "rte_mode": "markdown", "visited": false, "num_reports": null, "distinguished": null, "subreddit_id": "t5_2ssp3", "mod_reason_by": null, "removal_reason": null, "id": "7a458j", "report_reasons": null, "author": "aniMayor", "num_crossposts": 0, "num_comments": 4, "send_replies": true, "mod_reports": [], "author_flair_text_color": null, "permalink": "/r/AskHistorians/comments/7a458j/the_norte_chico_civilization_had_large_edifices/", "whitelist_status": "all_ads", "stickied": false, "url": "https://www.reddit.com/r/AskHistorians/comments/7a458j/the_norte_chico_civilization_had_large_edifices/", "subreddit_subscribers": 771254, "created_utc": 1509548774.0, "media": null, "is_video": false}}], "after": null, "before": null}}, {"kind": "Listing", "data": {"modhash": "", "dist": null, "children": [{"kind": "t1", "data": {"subreddit_id": "t5_2ssp3", "approved_at_utc": null, "ups": 48, "mod_reason_by": null, "banned_by": null, "author_flair_type": "richtext", "removal_reason": null, "link_id": "t3_7a458j", "author_flair_template_id": null, "likes": null, "no_follow": false, "replies": {"kind": "Listing", "data": {"modhash": "", "dist": null, "children": [{"kind": "t1", "data": {"subreddit_id": "t5_2ssp3", "approved_at_utc": null, "ups": 8, "mod_reason_by": null, "banned_by": null, "author_flair_type": "richtext", "removal_reason": null, "link_id": "t3_7a458j", "author_flair_template_id": null, "likes": null, "no_follow": false, "replies": {"kind": "Listing", "data": {"modhash": "", "dist": null, "children": [{"kind": "t1", "data": {"subreddit_id": "t5_2ssp3", "approved_at_utc": null, "ups": 4, "mod_reason_by": null, "banned_by": null, "author_flair_type": "richtext", "removal_reason": null, "link_id": "t3_7a458j", "author_flair_template_id": null, "likes": null, "no_follow": false, "replies": "", "user_reports": [], "saved": false, "id": "dpgqdpm", "banned_at_utc": null, "mod_reason_title": null, "gilded": 0, "archived": true, "report_reasons": null, "author": "CommodoreCoCo", "can_mod_post": false, "send_replies": true, "parent_id": "t1_dpgoa2f", "score": 4, "approved_by": null, "downs": 0, "body": "To reemphasize this, here's a quote from the lead archaeologist at Caral:\n\n&gt;These monuments\n in Caral serve to improve our self-esteem, which was so damaged by the Spanish conquest and then later by the economic\n upheaval we've experienced. We need to recognize that we\n have a shared origin as Peruvians. That's what archaeology\n gives us.\n\nThis is what's at stake when we challenge the term \"civilization.\" It might have lost it's meaning for archaeologists, but it retains evocative power for a nation. Even saying \"the Caral-Supe\" civilization,\" referring to the local Supe valley, shifts the focus away from the site the Ministry of Culture has poured so much time and money into. Compare the website for [ChanChan](http://chanchan.gob.pe/), by any standard a more impressive site, to that for [Caral](http://www.zonacaral.gob.pe/). Caral's is plastered with public events, resources for tourism, and [galleries](http://www.zonacaral.gob.pe/aspero/mundo/) of all the newspapers across the world that reported on discoveries at the site. Is this bad? Of course not. But we must let archaeology inform our modern pride, not the other way around.\n\n___\n\n&gt;they've since moved on to pututu shell trumpets because it just gets a better sound.\n\nSpeaking of politicizing *pututus* and archaeology feuds... the Chavin de Huantar site museum has images of all the notable archaeologists who've worked there. I believe [this](https://3c1703fe8d.site.internapcdn.net/newman/gfx/news/hires/ancientshell.jpg) is the picture of the current project director, though I recall it was one of him blowing the trumpet. John Rick has some very legitimate claims against the dates proposed by the previous director, Richard Burger, who gets this [wonderful picture](https://www.brown.edu/research/facilities/haffenreffer-museum/sites/brown.edu.research.facilities.haffenreffer-museum/files/RLB%20IN%20FIELDjpg.jpg). Out of focus, kind of tourist looking, obviously cropped from a larger picture... it's be a lot more excusable if Rick *ever actually published anything* and didn't make passive aggressive remarks about carbon dating every other phrase. Gotta earn your cool trumpet pic.", "edited": false, "author_flair_css_class": "southamerica", "collapsed": false, "author_flair_richtext": [{"e": "text", "t": "Moderator | Andean Archaeology"}], "is_submitter": false, "collapsed_reason": null, "body_html": "&lt;div class=\"md\"&gt;&lt;p&gt;To reemphasize this, here&amp;#39;s a quote from the lead archaeologist at Caral:&lt;/p&gt;\n\n&lt;blockquote&gt;\n&lt;p&gt;These monuments\n in Caral serve to improve our self-esteem, which was so damaged by the Spanish conquest and then later by the economic\n upheaval we&amp;#39;ve experienced. We need to recognize that we\n have a shared origin as Peruvians. That&amp;#39;s what archaeology\n gives us.&lt;/p&gt;\n&lt;/blockquote&gt;\n\n&lt;p&gt;This is what&amp;#39;s at stake when we challenge the term &amp;quot;civilization.&amp;quot; It might have lost it&amp;#39;s meaning for archaeologists, but it retains evocative power for a nation. Even saying &amp;quot;the Caral-Supe&amp;quot; civilization,&amp;quot; referring to the local Supe valley, shifts the focus away from the site the Ministry of Culture has poured so much time and money into. Compare the website for &lt;a href=\"http://chanchan.gob.pe/\"&gt;ChanChan&lt;/a&gt;, by any standard a more impressive site, to that for &lt;a href=\"http://www.zonacaral.gob.pe/\"&gt;Caral&lt;/a&gt;. Caral&amp;#39;s is plastered with public events, resources for tourism, and &lt;a href=\"http://www.zonacaral.gob.pe/aspero/mundo/\"&gt;galleries&lt;/a&gt; of all the newspapers across the world that reported on discoveries at the site. Is this bad? Of course not. But we must let archaeology inform our modern pride, not the other way around.&lt;/p&gt;\n\n&lt;hr/&gt;\n\n&lt;blockquote&gt;\n&lt;p&gt;they&amp;#39;ve since moved on to pututu shell trumpets because it just gets a better sound.&lt;/p&gt;\n&lt;/blockquote&gt;\n\n&lt;p&gt;Speaking of politicizing &lt;em&gt;pututus&lt;/em&gt; and archaeology feuds... the Chavin de Huantar site museum has images of all the notable archaeologists who&amp;#39;ve worked there. I believe &lt;a href=\"https://3c1703fe8d.site.internapcdn.net/newman/gfx/news/hires/ancientshell.jpg\"&gt;this&lt;/a&gt; is the picture of the current project director, though I recall it was one of him blowing the trumpet. John Rick has some very legitimate claims against the dates proposed by the previous director, Richard Burger, who gets this &lt;a href=\"https://www.brown.edu/research/facilities/haffenreffer-museum/sites/brown.edu.research.facilities.haffenreffer-museum/files/RLB%20IN%20FIELDjpg.jpg\"&gt;wonderful picture&lt;/a&gt;. Out of focus, kind of tourist looking, obviously cropped from a larger picture... it&amp;#39;s be a lot more excusable if Rick &lt;em&gt;ever actually published anything&lt;/em&gt; and didn&amp;#39;t make passive aggressive remarks about carbon dating every other phrase. Gotta earn your cool trumpet pic.&lt;/p&gt;\n&lt;/div&gt;", "stickied": false, "subreddit_type": "public", "can_gild": true, "subreddit": "AskHistorians", "author_flair_text_color": null, "score_hidden": false, "permalink": "/r/AskHistorians/comments/7a458j/the_norte_chico_civilization_had_large_edifices/dpgqdpm/", "num_reports": null, "name": "t1_dpgqdpm", "created": 1510066766.0, "author_flair_text": "Moderator | Andean Archaeology", "rte_mode": "markdown", "created_utc": 1510037966.0, "subreddit_name_prefixed": "r/AskHistorians", "controversiality": 0, "depth": 2, "author_flair_background_color": null, "mod_reports": [], "mod_note": null, "distinguished": null}}], "after": null, "before": null}}, "user_reports": [], "saved": false, "id": "dpgoa2f", "banned_at_utc": null, "mod_reason_title": null, "gilded": 0, "archived": true, "report_reasons": null, "author": "Qhapaqocha", "can_mod_post": false, "send_replies": true, "parent_id": "t1_dp86fe6", "score": 8, "approved_by": null, "downs": 0, "body": "Did I just hear a can of worms get opened up? Going to take this opportunity to ~~procrastinate~~ bounce my own ideas off your own, and provide some other details to your already sterling answer.\n\n&gt; Textiles can preserve for thousands of years if the environment is both dry and unexposed enough\n\nI would point OP to the site of Huaca Prieta up in Chicama for some good Preceramic art - Junius Bird found some remarkable stuff in that dark seaside mound, including some [Preceramic textiles](https://historiaperuana.pe/wp-content/uploads/textil-huaca-prieta.jpg). The vulture fella there with the snake in his belly was actually discerned by noting the different patterns of twining the thread. [Bonus happy Huaca Prieta crab-snakes!](http://www.casadelcorregidor.pe/colaboraciones/image/Lefebvre/image036.jpg)\n\nOf course, Bird also recovered [this mate gourd](https://upload.wikimedia.org/wikipedia/commons/9/94/Mate_pirograbado.jpg) from Huaca Prieta - which was carved and fire-scorched so as to make it keep. The design is...not Peruvian, but [actually looks more like contemporary Ecuadorian](http://1.bp.blogspot.com/-4K4amRbcu9c/VWUTmH1pW_I/AAAAAAAAADg/bkebdEm4CE8/s1600/descarga.jpg) art, in the Valdivia style. Visual art was present across the Andes in the Preceramic - but as this gourd illustrates it was often on incredibly perishable objects.\n\nEvidently, there have been a couple pieces of visual art that have been found at Caral. Specifically, [these flutes](http://4.bp.blogspot.com/-7lI8_77fbqU/UHwfJYFBPxI/AAAAAAAAAIc/u0646liGZvY/s1600/Flauta+caral.jpg) were evidently found at the site, along with others; some beads have been found as well, I think they've put forward some unfired clay figurines too.\n\nHowever! This is all extremely problematic evidence, and it has to do with CoCo's next point:\n&gt;To a critic like myself, and most anyone else who attended school in the 80s or later, the scholars at Caral, Supe, Cerro Lampay, and other Late Archaic sites are not looking to describe the sites on their own terms but to determine if they are a \"civilization\" or \"complex\" yet\n\nTo add to this discussion with a little *gasp* post-processual flair: this endeavor of finding a cradle of civilization is inherently political; the processual old guard just doesn't mind playing politics (or worse, they pretend they don't play politics and they're in pursuit of \"objective truth\" regarding the past). Everyone involved in the making of Caral is interested in pushing a modern political agenda (that's the right of the Ministry of Culture and all actors involved to do so, of course). [This site](https://i0.wp.com/www.arqueologiadelperu.com/wp-content/uploads/2015/06/Caral-From-Air.jpg) is more re-presentation than re-construction at this point, and has frankly been sacrificed on the altar of *puesto en valor* to make the argument that Peru has the first city, the first civilization, the first corn...if you asked the right folks about Caral they would probably say that Caral heard the flute band you like so much first, and they saw them live before they got big and sold out, and they've since moved on to pututu shell trumpets because it *just gets a better sound*.\n\nMy point here syncs well with CoCo, in that archaeological sites like Caral have become places for present politics and narratives about civilization and national pride to be played out in arenas of the past. What gets lost in the mix is thorough, careful, diligent archaeological excavation. I don't trust much of what gets put out from Caral in terms of archaeologists' understanding of the Late Preceramic, because the site appears to be more driven by making [architectural features stand out](https://cde.3.elcomercio.pe/ima/0/0/6/9/2/692581.jpg) than carefully piecing apart the occupational or building history of the site. What context did those flutes come from? I can't find anything that carefully documented that discovery, they could be Late Preceramic or Initial Period (which is only a span of 1700 years to deal with). I remember hearing once (sorry, lecture anecdote) that they found maize in one of the staircases - the samples came back with late dates (implying an offering to this very old *huaca* by a later pre-Columbian group), yet instead it was trumpeted as \"early maize at Caral!\"\n\nCaral is a fantastic looking site and a point of pride for the Peruvians, and I would never dream of taking that away from them. But it's not telling a story most international archaeologists find useful anymore, because it's marshalling evidence in ways that most international archaeologists wouldn't dare to attempt.", "edited": false, "author_flair_css_class": "southamerica", "collapsed": false, "author_flair_richtext": [{"e": "text", "t": "Andean and Amazonian Archaeology | Ecuador"}], "is_submitter": false, "collapsed_reason": null, "body_html": "&lt;div class=\"md\"&gt;&lt;p&gt;Did I just hear a can of worms get opened up? Going to take this opportunity to &lt;del&gt;procrastinate&lt;/del&gt; bounce my own ideas off your own, and provide some other details to your already sterling answer.&lt;/p&gt;\n\n&lt;blockquote&gt;\n&lt;p&gt;Textiles can preserve for thousands of years if the environment is both dry and unexposed enough&lt;/p&gt;\n&lt;/blockquote&gt;\n\n&lt;p&gt;I would point OP to the site of Huaca Prieta up in Chicama for some good Preceramic art - Junius Bird found some remarkable stuff in that dark seaside mound, including some &lt;a href=\"https://historiaperuana.pe/wp-content/uploads/textil-huaca-prieta.jpg\"&gt;Preceramic textiles&lt;/a&gt;. The vulture fella there with the snake in his belly was actually discerned by noting the different patterns of twining the thread. &lt;a href=\"http://www.casadelcorregidor.pe/colaboraciones/image/Lefebvre/image036.jpg\"&gt;Bonus happy Huaca Prieta crab-snakes!&lt;/a&gt;&lt;/p&gt;\n\n&lt;p&gt;Of course, Bird also recovered &lt;a href=\"https://upload.wikimedia.org/wikipedia/commons/9/94/Mate_pirograbado.jpg\"&gt;this mate gourd&lt;/a&gt; from Huaca Prieta - which was carved and fire-scorched so as to make it keep. The design is...not Peruvian, but &lt;a href=\"http://1.bp.blogspot.com/-4K4amRbcu9c/VWUTmH1pW_I/AAAAAAAAADg/bkebdEm4CE8/s1600/descarga.jpg\"&gt;actually looks more like contemporary Ecuadorian&lt;/a&gt; art, in the Valdivia style. Visual art was present across the Andes in the Preceramic - but as this gourd illustrates it was often on incredibly perishable objects.&lt;/p&gt;\n\n&lt;p&gt;Evidently, there have been a couple pieces of visual art that have been found at Caral. Specifically, &lt;a href=\"http://4.bp.blogspot.com/-7lI8_77fbqU/UHwfJYFBPxI/AAAAAAAAAIc/u0646liGZvY/s1600/Flauta+caral.jpg\"&gt;these flutes&lt;/a&gt; were evidently found at the site, along with others; some beads have been found as well, I think they&amp;#39;ve put forward some unfired clay figurines too.&lt;/p&gt;\n\n&lt;p&gt;However! This is all extremely problematic evidence, and it has to do with CoCo&amp;#39;s next point:&lt;/p&gt;\n\n&lt;blockquote&gt;\n&lt;p&gt;To a critic like myself, and most anyone else who attended school in the 80s or later, the scholars at Caral, Supe, Cerro Lampay, and other Late Archaic sites are not looking to describe the sites on their own terms but to determine if they are a &amp;quot;civilization&amp;quot; or &amp;quot;complex&amp;quot; yet&lt;/p&gt;\n&lt;/blockquote&gt;\n\n&lt;p&gt;To add to this discussion with a little &lt;em&gt;gasp&lt;/em&gt; post-processual flair: this endeavor of finding a cradle of civilization is inherently political; the processual old guard just doesn&amp;#39;t mind playing politics (or worse, they pretend they don&amp;#39;t play politics and they&amp;#39;re in pursuit of &amp;quot;objective truth&amp;quot; regarding the past). Everyone involved in the making of Caral is interested in pushing a modern political agenda (that&amp;#39;s the right of the Ministry of Culture and all actors involved to do so, of course). &lt;a href=\"https://i0.wp.com/www.arqueologiadelperu.com/wp-content/uploads/2015/06/Caral-From-Air.jpg\"&gt;This site&lt;/a&gt; is more re-presentation than re-construction at this point, and has frankly been sacrificed on the altar of &lt;em&gt;puesto en valor&lt;/em&gt; to make the argument that Peru has the first city, the first civilization, the first corn...if you asked the right folks about Caral they would probably say that Caral heard the flute band you like so much first, and they saw them live before they got big and sold out, and they&amp;#39;ve since moved on to pututu shell trumpets because it &lt;em&gt;just gets a better sound&lt;/em&gt;.&lt;/p&gt;\n\n&lt;p&gt;My point here syncs well with CoCo, in that archaeological sites like Caral have become places for present politics and narratives about civilization and national pride to be played out in arenas of the past. What gets lost in the mix is thorough, careful, diligent archaeological excavation. I don&amp;#39;t trust much of what gets put out from Caral in terms of archaeologists&amp;#39; understanding of the Late Preceramic, because the site appears to be more driven by making &lt;a href=\"https://cde.3.elcomercio.pe/ima/0/0/6/9/2/692581.jpg\"&gt;architectural features stand out&lt;/a&gt; than carefully piecing apart the occupational or building history of the site. What context did those flutes come from? I can&amp;#39;t find anything that carefully documented that discovery, they could be Late Preceramic or Initial Period (which is only a span of 1700 years to deal with). I remember hearing once (sorry, lecture anecdote) that they found maize in one of the staircases - the samples came back with late dates (implying an offering to this very old &lt;em&gt;huaca&lt;/em&gt; by a later pre-Columbian group), yet instead it was trumpeted as &amp;quot;early maize at Caral!&amp;quot;&lt;/p&gt;\n\n&lt;p&gt;Caral is a fantastic looking site and a point of pride for the Peruvians, and I would never dream of taking that away from them. But it&amp;#39;s not telling a story most international archaeologists find useful anymore, because it&amp;#39;s marshalling evidence in ways that most international archaeologists wouldn&amp;#39;t dare to attempt.&lt;/p&gt;\n&lt;/div&gt;", "stickied": false, "subreddit_type": "public", "can_gild": true, "subreddit": "AskHistorians", "author_flair_text_color": "dark", "score_hidden": false, "permalink": "/r/AskHistorians/comments/7a458j/the_norte_chico_civilization_had_large_edifices/dpgoa2f/", "num_reports": null, "name": "t1_dpgoa2f", "created": 1510062439.0, "author_flair_text": "Andean and Amazonian Archaeology | Ecuador", "rte_mode": "markdown", "created_utc": 1510033639.0, "subreddit_name_prefixed": "r/AskHistorians", "controversiality": 0, "depth": 1, "author_flair_background_color": "", "mod_reports": [], "mod_note": null, "distinguished": null}}, {"kind": "t1", "data": {"subreddit_id": "t5_2ssp3", "approved_at_utc": null, "ups": 3, "mod_reason_by": null, "banned_by": null, "author_flair_type": "text", "removal_reason": null, "link_id": "t3_7a458j", "author_flair_template_id": null, "likes": null, "no_follow": true, "replies": "", "user_reports": [], "saved": false, "id": "dp8ogl3", "banned_at_utc": null, "mod_reason_title": null, "gilded": 0, "archived": true, "report_reasons": null, "author": "aniMayor", "can_mod_post": false, "send_replies": true, "parent_id": "t1_dp86fe6", "score": 3, "approved_by": null, "downs": 0, "body": "Excellent reply, thank you very much! \n\nAnd here I was thinking that Norte Chico would be so unique and enticing that it would draw out all the hip new-wave archaeologists... very interesting that the controversy comes instead from old fogeys holding to old methods in new places!", "edited": false, "author_flair_css_class": null, "collapsed": false, "author_flair_richtext": [], "is_submitter": true, "collapsed_reason": null, "body_html": "&lt;div class=\"md\"&gt;&lt;p&gt;Excellent reply, thank you very much! &lt;/p&gt;\n\n&lt;p&gt;And here I was thinking that Norte Chico would be so unique and enticing that it would draw out all the hip new-wave archaeologists... very interesting that the controversy comes instead from old fogeys holding to old methods in new places!&lt;/p&gt;\n&lt;/div&gt;", "stickied": false, "subreddit_type": "public", "can_gild": true, "subreddit": "AskHistorians", "author_flair_text_color": null, "score_hidden": false, "permalink": "/r/AskHistorians/comments/7a458j/the_norte_chico_civilization_had_large_edifices/dp8ogl3/", "num_reports": null, "name": "t1_dp8ogl3", "created": 1509662882.0, "author_flair_text": null, "rte_mode": "markdown", "created_utc": 1509634082.0, "subreddit_name_prefixed": "r/AskHistorians", "controversiality": 0, "depth": 1, "author_flair_background_color": null, "mod_reports": [], "mod_note": null, "distinguished": null}}], "after": null, "before": null}}, "user_reports": [], "saved": false, "id": "dp86fe6", "banned_at_utc": null, "mod_reason_title": null, "gilded": 0, "archived": true, "report_reasons": null, "author": "CommodoreCoCo", "can_mod_post": false, "send_replies": true, "parent_id": "t3_7a458j", "score": 48, "approved_by": null, "downs": 0, "body": "This is a simple question, but it ties to a huge theoretical discussion in Andea Archaeology. So...\n\nFirst let's narrow the question to something more tangible. What does visual art mean in the pre-Columbian Andes? Art historians most typically focus on three traditions: pottery, textiles, and sculpture.\n\n* Textiles can preserve for thousands of years if the environment is both dry and unexposed enough, and we have a few examples of textiles from the desert Norte Chico region. Cotton was actually one of the first cultivated crops on Peru's north coast, alongside other utilitarian plants like gourds. Though we don't have elaborately decorated textiles like we see in later periods in the same area, it's no stretch to assume they existed: a few of the known samples retain traces of dye. Additionally, the Chinchorro culture on the south coast mummified their dead with dyed and embroidered fabrics thousands of years before the Norte Chico centers coalesced.\n\n* Ceramics preserve much longer than textiles in a variety of conditions. However, the Norte Chico sites date to the the Late Preceramic (or Archaic) period, that is, they predate the earliest known pottery in the Andes. So much (some might say too much) of our archaeological methods relate to ceramics in  that this hinders both our ability to identify \"visual art\" and our understanding of many larger sociocultural phenomena. (\"But how could they have had pyramids without ceramics? I know my Civ V tech tree!\" more on that later...)\n\n* Stone sculpture and rock art is likewise unknown during the Late Archaic. The earliest examples of free-standing lithic art are at Cerro Sechin, whose monuments are covered in images of [disembodied](http://www.tatligezgin.com/wp-content/uploads/2015/02/cerro-sechin.jpg) heads, captives, and warriors. The site is not far from the Norte Chico, but dates to the end of the Archaic period around 1500 BC. The most notable early lithic traditions, such as that at Chavin, are associated with powerful centralized hierarchies and single-event constructions. Chavin's temple was modified and expanded over time, but in distinct sections. Most Late Archaic monuments were built over time in a series of small building and feasting events. Any authority was ephemeral and constantly needed to be reasserted- carved monoliths would not be part of such a process.\n\nThus the quick and boring answer to your question is \"We haven't found any.\" Any further reason presupposes that they \"should\" have visual art- and why should they? The obvious answer is \"Because everyone else with monumental architecture, textiles, government, and music did!\" In any other answer I'd explain why that's dumb and move on. But the scholarship around the Norte Chico is a special case- so it's your lucky day! Here's CoCo's History of Archaeological Theory 101^TM\n\nThinking that the Norte Chico should have visual art is a relic of early anthropologists that sought to categorize societies into progressive evolutionary stages based on their technological achievements. Lewis Henry Morgan's *Ancient Society* most famously defined three main stages of Savagery, Barbarism, and Civilization: Norte Chico would be an easy fit for this definition of Civilization. As anthropologists started *actually doing research,* they realized this was crap: cultures didn't develop the same across the globe. This new cultural-historical school replaced Morgan's evolutionary thought at the turn of the century. It focused on defining and describing specific cultures at specific points in time, assuming archaeology could do little more. In the '60s archaeologists started flirting with these fancy things called \"science\" and \"technology.\" Maybe, they thought, this New Archaeology was capable of much more than making up cultures to give potsherds to. Maybe, even, it could describe process across time! Thus was born Processual Archaeology. While archaeology was forever changed by the new emphasis on scientific data collection, the Processualists, like Leslie White and Kent Flannery, also (re)introduced a neo-evolutionary perspective. Instead of classifying \"savages\" and \"barbarians,\" they focused on the development of sociopolitical complexity from bands to tribes to chiefdoms to states. It avoided the pejorative terminology and sense of moral progress associated with Morgan, but it continued a fallacy of similarity. Adhering to categories of tribes and chiefdoms caused people to look for tribes and chiefdoms. Once you've identified a chiefdom, you can then extrapolate other things about how that society worked... except that's not how cultures work. Once more, in the '80s, younger archaeologists had to remind everyone that cultures were unique and [special](https://www.youtube.com/watch?v=U7mJkmDfuj0) in their own way. That paradigm shift is now so long ago that calling yourself \"post-processual\" is pass\u00e9.\n\nAcademic discussion of the Late Archaic in the Norte Chico region is contentious because the preeminent scholars remain staunch processualists. Elsewhere in the Andes, archaeologists are asking what critics call \"microfocused\" questions of social identity, power formation, social collapse, foodways, trade networks, craft production, etc. These are essentially synchronic questions, that is, ones that look at interactions between different co-existing groups, with descriptive answers. Processualism looks at diachronic questions, that is, ones that compare the same group at different times, with categorical answers. The literature is filled with words like \"emergence\" and \"complexity.\" To a critic like myself, and most anyone else who attended school in the 80s or later, the scholars at Caral, Supe, Cerro Lampay, and other Late Archaic sites are not looking to describe the sites on their own terms but to determine if they are a \"civilization\" or \"complex\" yet. A 2007 paper by Haas and Creamer, for instance, was rightly met with criticism from many Andeanists, and has since distanced them from working in the region. Ostensibly the study hoped to inform our knowledge of \"where Andean civilization began,\" itself a question post-processualists would never ask. It was limited, however, to an extensive survey of the Norte Chico and neighboring regions to collect soil core samples and calculate the dates for various sites. From just the settlement distribution and dates, the authors hoped to rewrite the sociopolitical development of the region and identify which things were \"complex,\" and maybe even which groups of sites were a \"civilization.\" The authors do use the term \"complex\" self-critically, but still hold to the idea that:\n\n&gt;the civilizations of the six world areas [Mesopotamia, Egypt, Incia, China, Mesoamerica, and the Andes] underwent similar processes of change and eventually converged on similar levels of cultural complexity, but their paths and histories were unique\n\nJust how two areas, let alone six, can have unique histories but similar processes of change is beyond me. The authors follow this with a brief survey of what the process is: hunter gatherer -&gt; agriculturalists -&gt; cities -&gt; multi-site polities. That there even is a unidirectional process at all is questionable; that the process has distinct stages even more so. As I've mentioned, once you put something in a category the tendency is to look for things in it that other members of the category have. This approach has tainted research in the Norte Chico. People see monuments and assume there must have been some form of centralized power. If there is power, then the society must be later in that process, and probably has other things like organized religion or specialized labor. But if you look for the people or site that had that power, you'll most likely find it- even if other intensive excavations don't fit with your model of centralized power. Yay confirmation bias.\n\nSo that's the can of worms your question can open up.\n\n**TL;DR** They didn't have visual art because we haven't found any. There's no reason to suppose they should have had any. Unfortunately, most archaeologists don't like the ones working in the region because their theory and methods are 55 years out of date.", "edited": false, "author_flair_css_class": "southamerica", "collapsed": false, "author_flair_richtext": [{"e": "text", "t": "Moderator | Andean Archaeology"}], "is_submitter": false, "collapsed_reason": null, "body_html": "&lt;div class=\"md\"&gt;&lt;p&gt;This is a simple question, but it ties to a huge theoretical discussion in Andea Archaeology. So...&lt;/p&gt;\n\n&lt;p&gt;First let&amp;#39;s narrow the question to something more tangible. What does visual art mean in the pre-Columbian Andes? Art historians most typically focus on three traditions: pottery, textiles, and sculpture.&lt;/p&gt;\n\n&lt;ul&gt;\n&lt;li&gt;&lt;p&gt;Textiles can preserve for thousands of years if the environment is both dry and unexposed enough, and we have a few examples of textiles from the desert Norte Chico region. Cotton was actually one of the first cultivated crops on Peru&amp;#39;s north coast, alongside other utilitarian plants like gourds. Though we don&amp;#39;t have elaborately decorated textiles like we see in later periods in the same area, it&amp;#39;s no stretch to assume they existed: a few of the known samples retain traces of dye. Additionally, the Chinchorro culture on the south coast mummified their dead with dyed and embroidered fabrics thousands of years before the Norte Chico centers coalesced.&lt;/p&gt;&lt;/li&gt;\n&lt;li&gt;&lt;p&gt;Ceramics preserve much longer than textiles in a variety of conditions. However, the Norte Chico sites date to the the Late Preceramic (or Archaic) period, that is, they predate the earliest known pottery in the Andes. So much (some might say too much) of our archaeological methods relate to ceramics in  that this hinders both our ability to identify &amp;quot;visual art&amp;quot; and our understanding of many larger sociocultural phenomena. (&amp;quot;But how could they have had pyramids without ceramics? I know my Civ V tech tree!&amp;quot; more on that later...)&lt;/p&gt;&lt;/li&gt;\n&lt;li&gt;&lt;p&gt;Stone sculpture and rock art is likewise unknown during the Late Archaic. The earliest examples of free-standing lithic art are at Cerro Sechin, whose monuments are covered in images of &lt;a href=\"http://www.tatligezgin.com/wp-content/uploads/2015/02/cerro-sechin.jpg\"&gt;disembodied&lt;/a&gt; heads, captives, and warriors. The site is not far from the Norte Chico, but dates to the end of the Archaic period around 1500 BC. The most notable early lithic traditions, such as that at Chavin, are associated with powerful centralized hierarchies and single-event constructions. Chavin&amp;#39;s temple was modified and expanded over time, but in distinct sections. Most Late Archaic monuments were built over time in a series of small building and feasting events. Any authority was ephemeral and constantly needed to be reasserted- carved monoliths would not be part of such a process.&lt;/p&gt;&lt;/li&gt;\n&lt;/ul&gt;\n\n&lt;p&gt;Thus the quick and boring answer to your question is &amp;quot;We haven&amp;#39;t found any.&amp;quot; Any further reason presupposes that they &amp;quot;should&amp;quot; have visual art- and why should they? The obvious answer is &amp;quot;Because everyone else with monumental architecture, textiles, government, and music did!&amp;quot; In any other answer I&amp;#39;d explain why that&amp;#39;s dumb and move on. But the scholarship around the Norte Chico is a special case- so it&amp;#39;s your lucky day! Here&amp;#39;s CoCo&amp;#39;s History of Archaeological Theory 101&lt;sup&gt;TM&lt;/sup&gt;&lt;/p&gt;\n\n&lt;p&gt;Thinking that the Norte Chico should have visual art is a relic of early anthropologists that sought to categorize societies into progressive evolutionary stages based on their technological achievements. Lewis Henry Morgan&amp;#39;s &lt;em&gt;Ancient Society&lt;/em&gt; most famously defined three main stages of Savagery, Barbarism, and Civilization: Norte Chico would be an easy fit for this definition of Civilization. As anthropologists started &lt;em&gt;actually doing research,&lt;/em&gt; they realized this was crap: cultures didn&amp;#39;t develop the same across the globe. This new cultural-historical school replaced Morgan&amp;#39;s evolutionary thought at the turn of the century. It focused on defining and describing specific cultures at specific points in time, assuming archaeology could do little more. In the &amp;#39;60s archaeologists started flirting with these fancy things called &amp;quot;science&amp;quot; and &amp;quot;technology.&amp;quot; Maybe, they thought, this New Archaeology was capable of much more than making up cultures to give potsherds to. Maybe, even, it could describe process across time! Thus was born Processual Archaeology. While archaeology was forever changed by the new emphasis on scientific data collection, the Processualists, like Leslie White and Kent Flannery, also (re)introduced a neo-evolutionary perspective. Instead of classifying &amp;quot;savages&amp;quot; and &amp;quot;barbarians,&amp;quot; they focused on the development of sociopolitical complexity from bands to tribes to chiefdoms to states. It avoided the pejorative terminology and sense of moral progress associated with Morgan, but it continued a fallacy of similarity. Adhering to categories of tribes and chiefdoms caused people to look for tribes and chiefdoms. Once you&amp;#39;ve identified a chiefdom, you can then extrapolate other things about how that society worked... except that&amp;#39;s not how cultures work. Once more, in the &amp;#39;80s, younger archaeologists had to remind everyone that cultures were unique and &lt;a href=\"https://www.youtube.com/watch?v=U7mJkmDfuj0\"&gt;special&lt;/a&gt; in their own way. That paradigm shift is now so long ago that calling yourself &amp;quot;post-processual&amp;quot; is pass\u00e9.&lt;/p&gt;\n\n&lt;p&gt;Academic discussion of the Late Archaic in the Norte Chico region is contentious because the preeminent scholars remain staunch processualists. Elsewhere in the Andes, archaeologists are asking what critics call &amp;quot;microfocused&amp;quot; questions of social identity, power formation, social collapse, foodways, trade networks, craft production, etc. These are essentially synchronic questions, that is, ones that look at interactions between different co-existing groups, with descriptive answers. Processualism looks at diachronic questions, that is, ones that compare the same group at different times, with categorical answers. The literature is filled with words like &amp;quot;emergence&amp;quot; and &amp;quot;complexity.&amp;quot; To a critic like myself, and most anyone else who attended school in the 80s or later, the scholars at Caral, Supe, Cerro Lampay, and other Late Archaic sites are not looking to describe the sites on their own terms but to determine if they are a &amp;quot;civilization&amp;quot; or &amp;quot;complex&amp;quot; yet. A 2007 paper by Haas and Creamer, for instance, was rightly met with criticism from many Andeanists, and has since distanced them from working in the region. Ostensibly the study hoped to inform our knowledge of &amp;quot;where Andean civilization began,&amp;quot; itself a question post-processualists would never ask. It was limited, however, to an extensive survey of the Norte Chico and neighboring regions to collect soil core samples and calculate the dates for various sites. From just the settlement distribution and dates, the authors hoped to rewrite the sociopolitical development of the region and identify which things were &amp;quot;complex,&amp;quot; and maybe even which groups of sites were a &amp;quot;civilization.&amp;quot; The authors do use the term &amp;quot;complex&amp;quot; self-critically, but still hold to the idea that:&lt;/p&gt;\n\n&lt;blockquote&gt;\n&lt;p&gt;the civilizations of the six world areas [Mesopotamia, Egypt, Incia, China, Mesoamerica, and the Andes] underwent similar processes of change and eventually converged on similar levels of cultural complexity, but their paths and histories were unique&lt;/p&gt;\n&lt;/blockquote&gt;\n\n&lt;p&gt;Just how two areas, let alone six, can have unique histories but similar processes of change is beyond me. The authors follow this with a brief survey of what the process is: hunter gatherer -&amp;gt; agriculturalists -&amp;gt; cities -&amp;gt; multi-site polities. That there even is a unidirectional process at all is questionable; that the process has distinct stages even more so. As I&amp;#39;ve mentioned, once you put something in a category the tendency is to look for things in it that other members of the category have. This approach has tainted research in the Norte Chico. People see monuments and assume there must have been some form of centralized power. If there is power, then the society must be later in that process, and probably has other things like organized religion or specialized labor. But if you look for the people or site that had that power, you&amp;#39;ll most likely find it- even if other intensive excavations don&amp;#39;t fit with your model of centralized power. Yay confirmation bias.&lt;/p&gt;\n\n&lt;p&gt;So that&amp;#39;s the can of worms your question can open up.&lt;/p&gt;\n\n&lt;p&gt;&lt;strong&gt;TL;DR&lt;/strong&gt; They didn&amp;#39;t have visual art because we haven&amp;#39;t found any. There&amp;#39;s no reason to suppose they should have had any. Unfortunately, most archaeologists don&amp;#39;t like the ones working in the region because their theory and methods are 55 years out of date.&lt;/p&gt;\n&lt;/div&gt;", "stickied": false, "subreddit_type": "public", "can_gild": true, "subreddit": "AskHistorians", "author_flair_text_color": null, "score_hidden": false, "permalink": "/r/AskHistorians/comments/7a458j/the_norte_chico_civilization_had_large_edifices/dp86fe6/", "num_reports": null, "name": "t1_dp86fe6", "created": 1509627175.0, "author_flair_text": "Moderator | Andean Archaeology", "rte_mode": "markdown", "created_utc": 1509598375.0, "subreddit_name_prefixed": "r/AskHistorians", "controversiality": 0, "depth": 0, "author_flair_background_color": null, "mod_reports": [], "mod_note": null, "distinguished": null}}], "after": null, "before": null}}]