[{"kind": "Listing", "data": {"modhash": "", "dist": 1, "children": [{"kind": "t3", "data": {"approved_at_utc": null, "subreddit": "AskHistorians", "selftext": "", "user_reports": [], "saved": false, "mod_reason_title": null, "gilded": 0, "clicked": false, "title": "When and why did women start wearing make-up?", "link_flair_richtext": [], "subreddit_name_prefixed": "r/AskHistorians", "hidden": false, "pwls": 6, "link_flair_css_class": null, "downs": 0, "parent_whitelist_status": "all_ads", "hide_score": false, "name": "t3_6xwceu", "quarantine": false, "link_flair_text_color": "dark", "upvote_ratio": 0.67, "author_flair_background_color": null, "subreddit_type": "public", "ups": 2, "total_awards_received": 0, "media_embed": {}, "author_flair_template_id": null, "is_original_content": false, "author_fullname": "t2_4z91f7a", "secure_media": null, "is_reddit_media_domain": false, "is_meta": false, "category": null, "secure_media_embed": {}, "link_flair_text": null, "can_mod_post": false, "num_duplicates": 0, "approved_by": null, "author_premium": false, "thumbnail": "", "edited": false, "author_flair_css_class": null, "author_flair_richtext": [], "gildings": {}, "content_categories": null, "is_self": true, "mod_note": null, "created": 1504507174.0, "link_flair_type": "text", "wls": 6, "removed_by_category": null, "banned_by": null, "author_flair_type": "text", "domain": "self.AskHistorians", "allow_live_comments": false, "selftext_html": null, "likes": null, "suggested_sort": null, "banned_at_utc": null, "view_count": null, "archived": true, "score": 2, "no_follow": true, "is_crosspostable": false, "pinned": false, "over_18": false, "all_awardings": [], "awarders": [], "media_only": false, "can_gild": false, "spoiler": false, "locked": false, "author_flair_text": null, "treatment_tags": [], "visited": false, "removed_by": null, "num_reports": null, "distinguished": null, "subreddit_id": "t5_2ssp3", "mod_reason_by": null, "removal_reason": null, "link_flair_background_color": "", "id": "6xwceu", "is_robot_indexable": true, "report_reasons": null, "author": "-_Aesthetic_-", "discussion_type": null, "num_comments": 1, "send_replies": true, "media": null, "contest_mode": false, "author_patreon_flair": false, "author_flair_text_color": null, "permalink": "/r/AskHistorians/comments/6xwceu/when_and_why_did_women_start_wearing_makeup/", "whitelist_status": "all_ads", "stickied": false, "url": "https://www.reddit.com/r/AskHistorians/comments/6xwceu/when_and_why_did_women_start_wearing_makeup/", "subreddit_subscribers": 1160782, "created_utc": 1504478374.0, "num_crossposts": 0, "mod_reports": [], "is_video": false}}], "after": null, "before": null}}, {"kind": "Listing", "data": {"modhash": "", "dist": null, "children": [{"kind": "t1", "data": {"total_awards_received": 0, "approved_at_utc": null, "ups": 1, "awarders": [], "mod_reason_by": null, "banned_by": null, "author_flair_type": "richtext", "removal_reason": null, "link_id": "t3_6xwceu", "author_flair_template_id": "9bc23f64-c626-11e2-a017-12313d18884c", "likes": null, "replies": "", "user_reports": [], "saved": false, "id": "dmj2r11", "banned_at_utc": null, "mod_reason_title": null, "gilded": 0, "archived": true, "no_follow": true, "author": "CptBuck", "can_mod_post": false, "send_replies": true, "parent_id": "t3_6xwceu", "score": 1, "author_fullname": "t2_alp8v", "report_reasons": null, "approved_by": null, "all_awardings": [], "subreddit_id": "t5_2ssp3", "body": "Not to discourage answers, but you might want to cross post this at /r/askanthropology.", "edited": false, "downs": 0, "author_flair_css_class": null, "is_submitter": false, "collapsed": false, "author_flair_richtext": [{"e": "text", "t": "Modern Middle East | Islamic Studies"}], "author_patreon_flair": false, "body_html": "&lt;div class=\"md\"&gt;&lt;p&gt;Not to discourage answers, but you might want to cross post this at &lt;a href=\"/r/askanthropology\"&gt;/r/askanthropology&lt;/a&gt;.&lt;/p&gt;\n&lt;/div&gt;", "gildings": {}, "collapsed_reason": null, "associated_award": null, "stickied": false, "author_premium": false, "subreddit_type": "public", "can_gild": true, "subreddit": "AskHistorians", "author_flair_text_color": "dark", "score_hidden": false, "permalink": "/r/AskHistorians/comments/6xwceu/when_and_why_did_women_start_wearing_makeup/dmj2r11/", "num_reports": null, "locked": false, "name": "t1_dmj2r11", "created": 1504515392.0, "author_flair_text": "Modern Middle East | Islamic Studies", "treatment_tags": [], "created_utc": 1504486592.0, "subreddit_name_prefixed": "r/AskHistorians", "controversiality": 0, "depth": 0, "author_flair_background_color": "#99cc99", "collapsed_because_crowd_control": null, "mod_reports": [], "mod_note": null, "distinguished": null}}], "after": null, "before": null}}]