[{"kind": "Listing", "data": {"modhash": "", "dist": 1, "children": [{"kind": "t3", "data": {"approved_at_utc": null, "subreddit": "AskHistorians", "selftext": "Hello, I'm trying to get an understanding of the Late Republic's Political system. It is my understanding that the People's Tribunes had to be plebeians. Weren't the Gracchus brothers both patricians? I've got bonus questions as well, how many people made up the Plebeian assembly (those who elected the People's Tribunes)? Could any Plebeian vote towards it? Was it also based on Century? Basically I'm just trying to understand, did Plebeian citizens directly vote on the Tribunes, or were officials selected for an assembly to then vote on the Tribunes? \n", "user_reports": [], "saved": false, "mod_reason_title": null, "gilded": 0, "clicked": false, "title": "Why were the Gracchus Brothers allowed to be People's Tribunes? Weren't they patricians?", "link_flair_richtext": [], "subreddit_name_prefixed": "r/AskHistorians", "hidden": false, "pwls": 6, "link_flair_css_class": null, "downs": 0, "parent_whitelist_status": "all_ads", "hide_score": false, "name": "t3_62ui2r", "quarantine": false, "link_flair_text_color": "dark", "upvote_ratio": 0.61, "author_flair_background_color": null, "subreddit_type": "public", "ups": 2, "domain": "self.AskHistorians", "media_embed": {}, "author_flair_template_id": null, "is_original_content": false, "secure_media": null, "is_reddit_media_domain": false, "category": null, "secure_media_embed": {}, "link_flair_text": null, "can_mod_post": false, "score": 2, "approved_by": null, "thumbnail": "", "edited": false, "author_flair_css_class": null, "author_flair_richtext": [], "content_categories": null, "is_self": true, "mod_note": null, "created": 1491099985.0, "link_flair_type": "text", "wls": 6, "post_categories": null, "banned_by": null, "author_flair_type": "text", "contest_mode": false, "selftext_html": "&lt;!-- SC_OFF --&gt;&lt;div class=\"md\"&gt;&lt;p&gt;Hello, I&amp;#39;m trying to get an understanding of the Late Republic&amp;#39;s Political system. It is my understanding that the People&amp;#39;s Tribunes had to be plebeians. Weren&amp;#39;t the Gracchus brothers both patricians? I&amp;#39;ve got bonus questions as well, how many people made up the Plebeian assembly (those who elected the People&amp;#39;s Tribunes)? Could any Plebeian vote towards it? Was it also based on Century? Basically I&amp;#39;m just trying to understand, did Plebeian citizens directly vote on the Tribunes, or were officials selected for an assembly to then vote on the Tribunes? &lt;/p&gt;\n&lt;/div&gt;&lt;!-- SC_ON --&gt;", "likes": null, "suggested_sort": null, "banned_at_utc": null, "view_count": null, "archived": true, "no_follow": true, "is_crosspostable": false, "pinned": false, "over_18": false, "media_only": false, "can_gild": false, "spoiler": false, "locked": false, "author_flair_text": null, "rte_mode": "markdown", "visited": false, "num_reports": null, "distinguished": null, "subreddit_id": "t5_2ssp3", "mod_reason_by": null, "removal_reason": null, "id": "62ui2r", "report_reasons": null, "author": "MrDrProfessor299", "num_crossposts": 0, "num_comments": 2, "send_replies": true, "mod_reports": [], "author_flair_text_color": null, "permalink": "/r/AskHistorians/comments/62ui2r/why_were_the_gracchus_brothers_allowed_to_be/", "whitelist_status": "all_ads", "stickied": false, "url": "https://www.reddit.com/r/AskHistorians/comments/62ui2r/why_were_the_gracchus_brothers_allowed_to_be/", "subreddit_subscribers": 770873, "created_utc": 1491071185.0, "media": null, "is_video": false}}], "after": null, "before": null}}, {"kind": "Listing", "data": {"modhash": "", "dist": null, "children": [{"kind": "t1", "data": {"subreddit_id": "t5_2ssp3", "approved_at_utc": null, "ups": 2, "mod_reason_by": null, "banned_by": null, "author_flair_type": "richtext", "removal_reason": null, "link_id": "t3_62ui2r", "author_flair_template_id": null, "likes": null, "no_follow": true, "replies": {"kind": "Listing", "data": {"modhash": "", "dist": null, "children": [{"kind": "t1", "data": {"subreddit_id": "t5_2ssp3", "approved_at_utc": null, "ups": 1, "mod_reason_by": null, "banned_by": null, "author_flair_type": "text", "removal_reason": null, "link_id": "t3_62ui2r", "author_flair_template_id": null, "likes": null, "no_follow": true, "replies": "", "user_reports": [], "saved": false, "id": "dfpgcii", "banned_at_utc": null, "mod_reason_title": null, "gilded": 0, "archived": true, "report_reasons": null, "author": "MrDrProfessor299", "can_mod_post": false, "send_replies": true, "parent_id": "t1_dfpey4m", "score": 1, "approved_by": null, "downs": 0, "body": "Ahh ok thanks for clearing that up. I had read they had a relative who was a consul and I was thinking only patricians could be consuls. Forgot that had been changed. That's what always confuses me about the Republic, things were always in flux (although that's true of everywhere I suppose)", "edited": false, "author_flair_css_class": null, "collapsed": false, "author_flair_richtext": [], "is_submitter": true, "collapsed_reason": null, "body_html": "&lt;div class=\"md\"&gt;&lt;p&gt;Ahh ok thanks for clearing that up. I had read they had a relative who was a consul and I was thinking only patricians could be consuls. Forgot that had been changed. That&amp;#39;s what always confuses me about the Republic, things were always in flux (although that&amp;#39;s true of everywhere I suppose)&lt;/p&gt;\n&lt;/div&gt;", "stickied": false, "subreddit_type": "public", "can_gild": true, "subreddit": "AskHistorians", "author_flair_text_color": null, "score_hidden": false, "permalink": "/r/AskHistorians/comments/62ui2r/why_were_the_gracchus_brothers_allowed_to_be/dfpgcii/", "num_reports": null, "name": "t1_dfpgcii", "created": 1491112449.0, "author_flair_text": null, "rte_mode": "markdown", "created_utc": 1491083649.0, "subreddit_name_prefixed": "r/AskHistorians", "controversiality": 0, "depth": 1, "author_flair_background_color": null, "mod_reports": [], "mod_note": null, "distinguished": null}}], "after": null, "before": null}}, "user_reports": [], "saved": false, "id": "dfpey4m", "banned_at_utc": null, "mod_reason_title": null, "gilded": 0, "archived": true, "report_reasons": null, "author": "XenophonTheAthenian", "can_mod_post": false, "send_replies": true, "parent_id": "t3_62ui2r", "score": 2, "approved_by": null, "downs": 0, "body": "No, the Gracchi were members of the *gens Sempronia*, an old plebeian *nobilis* family. The senatorial class had included plebeians for centuries by the time of the Gracchi, since the resolution of the Conflict of the Orders, and by Caesar's time the patrician order had essentially ceased to exist. The vast majority of senatorial families were plebeian, and you really sort of have to go out of your way to find patricians, they're fairly unusual", "edited": false, "author_flair_css_class": "europe", "collapsed": false, "author_flair_richtext": [{"e": "text", "t": "Late Republic and Roman Civil Wars"}], "is_submitter": false, "collapsed_reason": null, "body_html": "&lt;div class=\"md\"&gt;&lt;p&gt;No, the Gracchi were members of the &lt;em&gt;gens Sempronia&lt;/em&gt;, an old plebeian &lt;em&gt;nobilis&lt;/em&gt; family. The senatorial class had included plebeians for centuries by the time of the Gracchi, since the resolution of the Conflict of the Orders, and by Caesar&amp;#39;s time the patrician order had essentially ceased to exist. The vast majority of senatorial families were plebeian, and you really sort of have to go out of your way to find patricians, they&amp;#39;re fairly unusual&lt;/p&gt;\n&lt;/div&gt;", "stickied": false, "subreddit_type": "public", "can_gild": true, "subreddit": "AskHistorians", "author_flair_text_color": null, "score_hidden": false, "permalink": "/r/AskHistorians/comments/62ui2r/why_were_the_gracchus_brothers_allowed_to_be/dfpey4m/", "num_reports": null, "name": "t1_dfpey4m", "created": 1491110308.0, "author_flair_text": "Late Republic and Roman Civil Wars", "rte_mode": "markdown", "created_utc": 1491081508.0, "subreddit_name_prefixed": "r/AskHistorians", "controversiality": 0, "depth": 0, "author_flair_background_color": null, "mod_reports": [], "mod_note": null, "distinguished": null}}], "after": null, "before": null}}]