[{"kind": "Listing", "data": {"modhash": "", "dist": 1, "children": [{"kind": "t3", "data": {"approved_at_utc": null, "subreddit": "AskHistorians", "selftext": "Furthermore, what do we know about changes in music tates of different classes in the pre and post-civil war South?\n\nI realize this is a fairly vauge question, Mods please let me know if it should be restated.\n\nFor context, on pg. 12 of the 1st addition (Touchstone 1990) he writes \"The Davises were always ahead of the game, my farther and grandfather told me... They told me that people in our familhy were special people... who played for the plantation owners back in the old days before slavery was over. These Davises played classical music, According to my grandfather. That's the resaon my father couldn't play or listen to musci after slavery was over, becasue my grandfather said, 'they only let black people play in gin houses and honky-tonks.' What he meant was that they---the white people---didn't want to listen to no black folks playing classical music anymore; they only wanted to hear them sing spirituals or the blues. Now, I don't know how true this is, but that's what my father told me.\"\n\n", "user_reports": [], "saved": false, "mod_reason_title": null, "gilded": 0, "clicked": false, "title": "In Miles Davis' autobiography, *Miles*, he writes that former slaves, who had played classical music on plantations before the civil war were henceforth restricted to \"gin houses and honky-tonks.\" Do we have any information on the lives of these musicians?", "link_flair_richtext": [], "subreddit_name_prefixed": "r/AskHistorians", "hidden": false, "pwls": 6, "link_flair_css_class": null, "downs": 0, "parent_whitelist_status": "all_ads", "hide_score": false, "name": "t3_abzraq", "quarantine": false, "link_flair_text_color": "dark", "upvote_ratio": 0.95, "author_flair_background_color": null, "subreddit_type": "public", "ups": 183, "total_awards_received": 0, "media_embed": {}, "author_flair_template_id": null, "is_original_content": false, "author_fullname": "t2_9bsbk", "secure_media": null, "is_reddit_media_domain": false, "is_meta": false, "category": null, "secure_media_embed": {}, "link_flair_text": null, "can_mod_post": false, "num_duplicates": 1, "approved_by": null, "author_premium": false, "thumbnail": "", "edited": false, "author_flair_css_class": null, "author_flair_richtext": [], "gildings": {}, "content_categories": null, "is_self": true, "mod_note": null, "created": 1546504194.0, "link_flair_type": "text", "wls": 6, "removed_by_category": null, "banned_by": null, "author_flair_type": "text", "domain": "self.AskHistorians", "allow_live_comments": true, "selftext_html": "&lt;!-- SC_OFF --&gt;&lt;div class=\"md\"&gt;&lt;p&gt;Furthermore, what do we know about changes in music tates of different classes in the pre and post-civil war South?&lt;/p&gt;\n\n&lt;p&gt;I realize this is a fairly vauge question, Mods please let me know if it should be restated.&lt;/p&gt;\n\n&lt;p&gt;For context, on pg. 12 of the 1st addition (Touchstone 1990) he writes &amp;quot;The Davises were always ahead of the game, my farther and grandfather told me... They told me that people in our familhy were special people... who played for the plantation owners back in the old days before slavery was over. These Davises played classical music, According to my grandfather. That&amp;#39;s the resaon my father couldn&amp;#39;t play or listen to musci after slavery was over, becasue my grandfather said, &amp;#39;they only let black people play in gin houses and honky-tonks.&amp;#39; What he meant was that they---the white people---didn&amp;#39;t want to listen to no black folks playing classical music anymore; they only wanted to hear them sing spirituals or the blues. Now, I don&amp;#39;t know how true this is, but that&amp;#39;s what my father told me.&amp;quot;&lt;/p&gt;\n&lt;/div&gt;&lt;!-- SC_ON --&gt;", "likes": null, "suggested_sort": null, "banned_at_utc": null, "view_count": null, "archived": true, "score": 183, "no_follow": false, "is_crosspostable": false, "pinned": false, "over_18": false, "all_awardings": [], "awarders": [], "media_only": false, "can_gild": false, "spoiler": false, "locked": false, "author_flair_text": null, "treatment_tags": [], "visited": false, "removed_by": null, "num_reports": null, "distinguished": null, "subreddit_id": "t5_2ssp3", "mod_reason_by": null, "removal_reason": null, "link_flair_background_color": "", "id": "abzraq", "is_robot_indexable": true, "report_reasons": null, "author": "dudeofgoodtimes", "discussion_type": null, "num_comments": 3, "send_replies": true, "media": null, "contest_mode": false, "author_patreon_flair": false, "author_flair_text_color": null, "permalink": "/r/AskHistorians/comments/abzraq/in_miles_davis_autobiography_miles_he_writes_that/", "whitelist_status": "all_ads", "stickied": false, "url": "https://www.reddit.com/r/AskHistorians/comments/abzraq/in_miles_davis_autobiography_miles_he_writes_that/", "subreddit_subscribers": 1160608, "created_utc": 1546475394.0, "num_crossposts": 0, "mod_reports": [], "is_video": false}}], "after": null, "before": null}}, {"kind": "Listing", "data": {"modhash": "", "dist": null, "children": [{"kind": "t1", "data": {"total_awards_received": 0, "approved_at_utc": null, "ups": 43, "awarders": [], "mod_reason_by": null, "banned_by": null, "removal_reason": null, "link_id": "t3_abzraq", "author_flair_template_id": null, "likes": null, "no_follow": false, "replies": {"kind": "Listing", "data": {"modhash": "", "dist": null, "children": [{"kind": "t1", "data": {"total_awards_received": 0, "approved_at_utc": null, "ups": 5, "awarders": [], "mod_reason_by": null, "banned_by": null, "removal_reason": null, "link_id": "t3_abzraq", "author_flair_template_id": null, "likes": null, "no_follow": true, "replies": "", "user_reports": [], "saved": false, "id": "ed503n4", "banned_at_utc": null, "mod_reason_title": null, "gilded": 0, "archived": true, "report_reasons": null, "author": "[deleted]", "can_mod_post": false, "send_replies": true, "parent_id": "t1_ed4m3lj", "score": 5, "approved_by": null, "all_awardings": [], "subreddit_id": "t5_2ssp3", "body": "[removed]", "edited": false, "author_flair_css_class": null, "collapsed": true, "downs": 0, "is_submitter": false, "body_html": "&lt;div class=\"md\"&gt;&lt;p&gt;[removed]&lt;/p&gt;\n&lt;/div&gt;", "gildings": {}, "collapsed_reason": null, "associated_award": null, "stickied": false, "subreddit_type": "public", "can_gild": true, "subreddit": "AskHistorians", "author_flair_text_color": "dark", "score_hidden": false, "permalink": "/r/AskHistorians/comments/abzraq/in_miles_davis_autobiography_miles_he_writes_that/ed503n4/", "num_reports": null, "locked": false, "name": "t1_ed503n4", "created": 1546533904.0, "author_flair_text": null, "treatment_tags": [], "created_utc": 1546505104.0, "subreddit_name_prefixed": "r/AskHistorians", "controversiality": 0, "depth": 1, "author_flair_background_color": "", "collapsed_because_crowd_control": null, "mod_reports": [], "mod_note": null, "distinguished": null}}], "after": null, "before": null}}, "user_reports": [], "saved": false, "id": "ed4m3lj", "banned_at_utc": null, "mod_reason_title": null, "gilded": 0, "archived": true, "report_reasons": null, "author": "[deleted]", "can_mod_post": false, "send_replies": true, "parent_id": "t3_abzraq", "score": 43, "approved_by": null, "all_awardings": [], "subreddit_id": "t5_2ssp3", "body": "I can't answer all of your question, but I can answer some of it.\n\nI highly doubt that slaves were playing classical music - i.e., Western classical music - unless they were taught to play by slaveowners, as slaves from Africa had their own music, the music whose rhythmic language formed the basis for slave songs and later the blues and jazz. By the same token, slaveowners would not have *forced* slaves or free blacks to play spirituals or the blues - these were musical languages which were developed by slaves and African Americans themselves. \n\nHowever, and this is most likely the point Miles is trying to make in this passage, African Americans were later *restricted* to playing \"authentic\" black forms like the blues or spirituals and barred from playing Western classical music in venues like concert halls. In fact, white composers like George Gershwin and bandleaders like Paul Whiteman (yup lol) were seen as making the blues and jazz \"acceptable\" for white audiences - \"making a lady of jazz,\" which was seen as a primitive form. Of course, some celebrated jazz for this perceived primitive quality, which obviously is just as simplistic and discriminatory (the \"noble savage\" concept). \n\nMiles's father was a dentist. It makes sense that, in his ascendancy to the black middle class, he would have been discouraged, or would have discouraged himself, from getting involved in music, because the only available avenue for black musicians was seen as disreputable - vaudeville and Uncle Tomming, or the blues and bars - because the \"reputable\" path was closed off by racist critics, record companies and audiences. \n\nArtists such as Paul Robeson tried to restore the dignity of black music in America, and of course Miles himself spent his entire career trying to be an emblem of proud black masculinity - wearing tailored, expensive clothes, driving Ferraris, dating/marrying beautiful black women and putting them on the covers of his records, etc. And as a member of the bebop generation who later became (in)famous for turning his back on audiences while he played, he explicitly rejected the vaudeville/Tomming nature of early jazz these later musicians saw in pioneers like Louis Armstrong. And I believe elsewhere in *Miles* \\- maybe not, but certainly in interviews he gave - he talks about only listening to classical music at home, not jazz, which is telling.\n\nI kind of rambled here, but in summary: slaves were not coming to America playing Western classical music. Their own musical language evolved into slave songs, spirituals and the blues, which were often used as protest music but ultimately pigeonholed black artists into a narrow, confining musical space defined by a white establishment. Whether it's true or not (and most of *Miles* is not true, tbh), Miles relating this family myth ultimately serves the purpose of demonstrating how his father had to ignore any musical inclinations if he had any chance of making it to the middle class and achieving any sort of equality with whites, and speaks to the work Miles himself did (following in the footsteps of many others) to rehabilitate the image of the black artist in America. ", "edited": false, "downs": 0, "author_flair_css_class": null, "collapsed": false, "is_submitter": false, "body_html": "&lt;div class=\"md\"&gt;&lt;p&gt;I can&amp;#39;t answer all of your question, but I can answer some of it.&lt;/p&gt;\n\n&lt;p&gt;I highly doubt that slaves were playing classical music - i.e., Western classical music - unless they were taught to play by slaveowners, as slaves from Africa had their own music, the music whose rhythmic language formed the basis for slave songs and later the blues and jazz. By the same token, slaveowners would not have &lt;em&gt;forced&lt;/em&gt; slaves or free blacks to play spirituals or the blues - these were musical languages which were developed by slaves and African Americans themselves. &lt;/p&gt;\n\n&lt;p&gt;However, and this is most likely the point Miles is trying to make in this passage, African Americans were later &lt;em&gt;restricted&lt;/em&gt; to playing &amp;quot;authentic&amp;quot; black forms like the blues or spirituals and barred from playing Western classical music in venues like concert halls. In fact, white composers like George Gershwin and bandleaders like Paul Whiteman (yup lol) were seen as making the blues and jazz &amp;quot;acceptable&amp;quot; for white audiences - &amp;quot;making a lady of jazz,&amp;quot; which was seen as a primitive form. Of course, some celebrated jazz for this perceived primitive quality, which obviously is just as simplistic and discriminatory (the &amp;quot;noble savage&amp;quot; concept). &lt;/p&gt;\n\n&lt;p&gt;Miles&amp;#39;s father was a dentist. It makes sense that, in his ascendancy to the black middle class, he would have been discouraged, or would have discouraged himself, from getting involved in music, because the only available avenue for black musicians was seen as disreputable - vaudeville and Uncle Tomming, or the blues and bars - because the &amp;quot;reputable&amp;quot; path was closed off by racist critics, record companies and audiences. &lt;/p&gt;\n\n&lt;p&gt;Artists such as Paul Robeson tried to restore the dignity of black music in America, and of course Miles himself spent his entire career trying to be an emblem of proud black masculinity - wearing tailored, expensive clothes, driving Ferraris, dating/marrying beautiful black women and putting them on the covers of his records, etc. And as a member of the bebop generation who later became (in)famous for turning his back on audiences while he played, he explicitly rejected the vaudeville/Tomming nature of early jazz these later musicians saw in pioneers like Louis Armstrong. And I believe elsewhere in &lt;em&gt;Miles&lt;/em&gt; - maybe not, but certainly in interviews he gave - he talks about only listening to classical music at home, not jazz, which is telling.&lt;/p&gt;\n\n&lt;p&gt;I kind of rambled here, but in summary: slaves were not coming to America playing Western classical music. Their own musical language evolved into slave songs, spirituals and the blues, which were often used as protest music but ultimately pigeonholed black artists into a narrow, confining musical space defined by a white establishment. Whether it&amp;#39;s true or not (and most of &lt;em&gt;Miles&lt;/em&gt; is not true, tbh), Miles relating this family myth ultimately serves the purpose of demonstrating how his father had to ignore any musical inclinations if he had any chance of making it to the middle class and achieving any sort of equality with whites, and speaks to the work Miles himself did (following in the footsteps of many others) to rehabilitate the image of the black artist in America. &lt;/p&gt;\n&lt;/div&gt;", "gildings": {}, "collapsed_reason": null, "associated_award": null, "stickied": false, "subreddit_type": "public", "can_gild": false, "subreddit": "AskHistorians", "author_flair_text_color": "dark", "score_hidden": false, "permalink": "/r/AskHistorians/comments/abzraq/in_miles_davis_autobiography_miles_he_writes_that/ed4m3lj/", "num_reports": null, "locked": false, "name": "t1_ed4m3lj", "created": 1546517081.0, "author_flair_text": null, "treatment_tags": [], "created_utc": 1546488281.0, "subreddit_name_prefixed": "r/AskHistorians", "controversiality": 0, "depth": 0, "author_flair_background_color": "", "collapsed_because_crowd_control": null, "mod_reports": [], "mod_note": null, "distinguished": null}}], "after": null, "before": null}}]