[{"kind": "Listing", "data": {"modhash": "", "dist": 1, "children": [{"kind": "t3", "data": {"approved_at_utc": null, "subreddit": "AskHistorians", "selftext": "", "user_reports": [], "saved": false, "mod_reason_title": null, "gilded": 0, "clicked": false, "title": "How did pointing at one's nose become the sign for inside knowledge or affirmation?", "link_flair_richtext": [], "subreddit_name_prefixed": "r/AskHistorians", "hidden": false, "pwls": 6, "link_flair_css_class": null, "downs": 0, "parent_whitelist_status": "all_ads", "hide_score": false, "name": "t3_ac1dkr", "quarantine": false, "link_flair_text_color": "dark", "upvote_ratio": 0.75, "author_flair_background_color": null, "subreddit_type": "public", "ups": 4, "domain": "self.AskHistorians", "media_embed": {}, "author_flair_template_id": null, "is_original_content": false, "author_fullname": "t2_o4tcd", "secure_media": null, "is_reddit_media_domain": false, "is_meta": false, "category": null, "secure_media_embed": {}, "link_flair_text": null, "can_mod_post": false, "score": 4, "approved_by": null, "thumbnail": "", "edited": false, "author_flair_css_class": null, "author_flair_richtext": [], "gildings": {"gid_1": 0, "gid_2": 0, "gid_3": 0}, "content_categories": null, "is_self": true, "mod_note": null, "created": 1546485939.0, "link_flair_type": "text", "wls": 6, "banned_by": null, "author_flair_type": "text", "contest_mode": false, "selftext_html": null, "likes": null, "suggested_sort": null, "banned_at_utc": null, "view_count": null, "archived": false, "no_follow": false, "is_crosspostable": false, "pinned": false, "over_18": false, "media": null, "media_only": false, "link_flair_template_id": null, "can_gild": false, "spoiler": false, "locked": false, "author_flair_text": null, "visited": false, "num_reports": null, "distinguished": null, "subreddit_id": "t5_2ssp3", "mod_reason_by": null, "removal_reason": null, "link_flair_background_color": "", "id": "ac1dkr", "is_robot_indexable": true, "report_reasons": null, "author": "WhatisAleve", "num_crossposts": 0, "num_comments": 2, "send_replies": true, "author_patreon_flair": false, "author_flair_text_color": null, "permalink": "/r/AskHistorians/comments/ac1dkr/how_did_pointing_at_ones_nose_become_the_sign_for/", "whitelist_status": "all_ads", "stickied": false, "url": "https://www.reddit.com/r/AskHistorians/comments/ac1dkr/how_did_pointing_at_ones_nose_become_the_sign_for/", "subreddit_subscribers": 917801, "created_utc": 1546485939.0, "mod_reports": [], "is_video": false}}], "after": null, "before": null}}, {"kind": "Listing", "data": {"modhash": "", "dist": null, "children": [{"kind": "t1", "data": {"subreddit_id": "t5_2ssp3", "approved_at_utc": null, "mod_reason_by": null, "banned_by": null, "removal_reason": null, "link_id": "t3_ac1dkr", "author_flair_template_id": null, "likes": null, "no_follow": true, "replies": {"kind": "Listing", "data": {"modhash": "", "dist": null, "children": [{"kind": "t1", "data": {"subreddit_id": "t5_2ssp3", "approved_at_utc": null, "mod_reason_by": null, "banned_by": null, "author_flair_type": "text", "removal_reason": null, "link_id": "t3_ac1dkr", "author_flair_template_id": "98d8fdba-c626-11e2-bd52-12313b06caaf", "likes": null, "no_follow": true, "replies": "", "user_reports": [], "saved": false, "id": "ed4jzcn", "banned_at_utc": null, "mod_reason_title": null, "gilded": 0, "archived": false, "report_reasons": null, "author": "Searocksandtrees", "can_mod_post": false, "created_utc": 1546486352.0, "send_replies": true, "parent_id": "t1_ed4jv1o", "score": 1, "author_fullname": "t2_9zh7p", "approved_by": null, "controversiality": 0, "body": "&gt;I think it originated as [...] but I\u2019m not sure.\n\nThis reply has been removed for [speculation](http://www.reddit.com/r/AskHistorians/wiki/rules#wiki_no_speculation).  In the future, please be certain of your answer before hitting submit.  This rule is discussed further in [this Rules Roundtable](https://www.reddit.com/r/AskHistorians/comments/4kngwh/rules_roundtable_no_11_no_speculation/). Thanks!", "edited": false, "author_flair_css_class": "qualitycontributor", "is_submitter": false, "downs": 0, "author_flair_richtext": [], "author_patreon_flair": false, "collapsed_reason": null, "body_html": "&lt;div class=\"md\"&gt;&lt;blockquote&gt;\n&lt;p&gt;I think it originated as [...] but I\u2019m not sure.&lt;/p&gt;\n&lt;/blockquote&gt;\n\n&lt;p&gt;This reply has been removed for &lt;a href=\"http://www.reddit.com/r/AskHistorians/wiki/rules#wiki_no_speculation\"&gt;speculation&lt;/a&gt;.  In the future, please be certain of your answer before hitting submit.  This rule is discussed further in &lt;a href=\"https://www.reddit.com/r/AskHistorians/comments/4kngwh/rules_roundtable_no_11_no_speculation/\"&gt;this Rules Roundtable&lt;/a&gt;. Thanks!&lt;/p&gt;\n&lt;/div&gt;", "stickied": false, "subreddit_type": "public", "can_gild": true, "gildings": {"gid_1": 0, "gid_2": 0, "gid_3": 0}, "author_flair_text_color": "light", "score_hidden": false, "permalink": "/r/AskHistorians/comments/ac1dkr/how_did_pointing_at_ones_nose_become_the_sign_for/ed4jzcn/", "num_reports": null, "name": "t1_ed4jzcn", "created": 1546486352.0, "subreddit": "AskHistorians", "author_flair_text": "Moderator | Quality Contributor", "collapsed": false, "subreddit_name_prefixed": "r/AskHistorians", "ups": 1, "depth": 1, "author_flair_background_color": "#b87317", "mod_reports": [], "mod_note": null, "distinguished": "moderator"}}], "after": null, "before": null}}, "user_reports": [], "saved": false, "id": "ed4jv1o", "banned_at_utc": null, "mod_reason_title": null, "gilded": 0, "archived": false, "report_reasons": null, "author": "[deleted]", "can_mod_post": false, "created_utc": 1546486243.0, "send_replies": true, "parent_id": "t3_ac1dkr", "score": 0, "approved_by": null, "controversiality": 0, "body": "[removed]", "edited": false, "author_flair_css_class": null, "downs": 0, "is_submitter": false, "collapsed_reason": null, "body_html": "&lt;div class=\"md\"&gt;&lt;p&gt;[removed]&lt;/p&gt;\n&lt;/div&gt;", "stickied": false, "subreddit_type": "public", "can_gild": true, "gildings": {"gid_1": 0, "gid_2": 0, "gid_3": 0}, "author_flair_text_color": "dark", "score_hidden": false, "permalink": "/r/AskHistorians/comments/ac1dkr/how_did_pointing_at_ones_nose_become_the_sign_for/ed4jv1o/", "num_reports": null, "name": "t1_ed4jv1o", "created": 1546486243.0, "subreddit": "AskHistorians", "author_flair_text": null, "collapsed": false, "subreddit_name_prefixed": "r/AskHistorians", "ups": 0, "depth": 0, "author_flair_background_color": "", "mod_reports": [], "mod_note": null, "distinguished": null}}], "after": null, "before": null}}]