[{"kind": "Listing", "data": {"modhash": "", "dist": 1, "children": [{"kind": "t3", "data": {"approved_at_utc": null, "subreddit": "AskHistorians", "selftext": "I am currently trying to form Persia in [*Imperator: Rome*](https://en.wikipedia.org/wiki/Imperator:_Rome) (to get the [Three Great Fires achievement](https://imperator.paradoxwikis.com/Achievements)). Just like other [Paradox Interactive](https://en.wikipedia.org/wiki/Paradox_Interactive) games such as [*Crusader Kings II*](https://en.wikipedia.org/wiki/Crusader_Kings_II) and [*Europa Universalis IV*](https://en.wikipedia.org/wiki/Europa_Universalis_IV), you can't put boats on the [Caspian Sea](https://en.wikipedia.org/wiki/Caspian_Sea) in *Imperator: Rome*.\n\nCorrect my assumptions if I'm wrong, but it seems like the Caspian Sea played a relatively small role in history:\n\n* Unlike the Greeks and the Phoenicians, who set up colonies and cities all over the Mediterranean, the Persians didn't seem to build cities all around the Caspian Sea's shores.\n* Advanced ancient civilizations didn't seem to appear on the fertile area around the [Volga](https://en.wikipedia.org/wiki/Volga) or its delta on the Caspian Sea.\n* The Turkic peoples on its Eastern shore (and before that, the Dahae) didn't seem to develop a maritime tradition on the Caspian Sea.\n\nWhy did the Caspian Sea play a relatively small role in history, when it has many of the same resources that the Mediterranean and Black Seas has?:\n\n* Fertile areas on its Southern and Western shores\n* Advanced civilization (Persia) that had the capability of navigating the sea and colonizing around its shores\n* Abundant timber on its Southern and Western shores\n* Abundant salt on its arid Eastern shore (especially at [Garabogazk\u00f6l](https://en.wikipedia.org/wiki/Garabogazk%C3%B6l))\n* Abundant fish to feed large human populations", "user_reports": [], "saved": false, "mod_reason_title": null, "gilded": 0, "clicked": false, "title": "How come the Caspian Sea seemed to play a relatively small role in history?", "link_flair_richtext": [], "subreddit_name_prefixed": "r/AskHistorians", "hidden": false, "pwls": 6, "link_flair_css_class": null, "downs": 0, "top_awarded_type": null, "parent_whitelist_status": "all_ads", "hide_score": false, "name": "t3_hjptj8", "quarantine": false, "link_flair_text_color": "dark", "upvote_ratio": 0.95, "author_flair_background_color": null, "subreddit_type": "public", "ups": 45, "total_awards_received": 0, "media_embed": {}, "author_flair_template_id": null, "is_original_content": false, "author_fullname": "t2_3i5pny18", "secure_media": null, "is_reddit_media_domain": false, "is_meta": false, "category": null, "secure_media_embed": {}, "link_flair_text": null, "can_mod_post": false, "score": 45, "approved_by": null, "author_premium": false, "thumbnail": "", "edited": 1593692358.0, "author_flair_css_class": null, "author_flair_richtext": [], "gildings": {}, "content_categories": null, "is_self": true, "mod_note": null, "created": 1593690713.0, "link_flair_type": "text", "wls": 6, "removed_by_category": null, "banned_by": null, "author_flair_type": "text", "domain": "self.AskHistorians", "allow_live_comments": false, "selftext_html": "&lt;!-- SC_OFF --&gt;&lt;div class=\"md\"&gt;&lt;p&gt;I am currently trying to form Persia in &lt;a href=\"https://en.wikipedia.org/wiki/Imperator:_Rome\"&gt;&lt;em&gt;Imperator: Rome&lt;/em&gt;&lt;/a&gt; (to get the &lt;a href=\"https://imperator.paradoxwikis.com/Achievements\"&gt;Three Great Fires achievement&lt;/a&gt;). Just like other &lt;a href=\"https://en.wikipedia.org/wiki/Paradox_Interactive\"&gt;Paradox Interactive&lt;/a&gt; games such as &lt;a href=\"https://en.wikipedia.org/wiki/Crusader_Kings_II\"&gt;&lt;em&gt;Crusader Kings II&lt;/em&gt;&lt;/a&gt; and &lt;a href=\"https://en.wikipedia.org/wiki/Europa_Universalis_IV\"&gt;&lt;em&gt;Europa Universalis IV&lt;/em&gt;&lt;/a&gt;, you can&amp;#39;t put boats on the &lt;a href=\"https://en.wikipedia.org/wiki/Caspian_Sea\"&gt;Caspian Sea&lt;/a&gt; in &lt;em&gt;Imperator: Rome&lt;/em&gt;.&lt;/p&gt;\n\n&lt;p&gt;Correct my assumptions if I&amp;#39;m wrong, but it seems like the Caspian Sea played a relatively small role in history:&lt;/p&gt;\n\n&lt;ul&gt;\n&lt;li&gt;Unlike the Greeks and the Phoenicians, who set up colonies and cities all over the Mediterranean, the Persians didn&amp;#39;t seem to build cities all around the Caspian Sea&amp;#39;s shores.&lt;/li&gt;\n&lt;li&gt;Advanced ancient civilizations didn&amp;#39;t seem to appear on the fertile area around the &lt;a href=\"https://en.wikipedia.org/wiki/Volga\"&gt;Volga&lt;/a&gt; or its delta on the Caspian Sea.&lt;/li&gt;\n&lt;li&gt;The Turkic peoples on its Eastern shore (and before that, the Dahae) didn&amp;#39;t seem to develop a maritime tradition on the Caspian Sea.&lt;/li&gt;\n&lt;/ul&gt;\n\n&lt;p&gt;Why did the Caspian Sea play a relatively small role in history, when it has many of the same resources that the Mediterranean and Black Seas has?:&lt;/p&gt;\n\n&lt;ul&gt;\n&lt;li&gt;Fertile areas on its Southern and Western shores&lt;/li&gt;\n&lt;li&gt;Advanced civilization (Persia) that had the capability of navigating the sea and colonizing around its shores&lt;/li&gt;\n&lt;li&gt;Abundant timber on its Southern and Western shores&lt;/li&gt;\n&lt;li&gt;Abundant salt on its arid Eastern shore (especially at &lt;a href=\"https://en.wikipedia.org/wiki/Garabogazk%C3%B6l\"&gt;Garabogazk\u00f6l&lt;/a&gt;)&lt;/li&gt;\n&lt;li&gt;Abundant fish to feed large human populations&lt;/li&gt;\n&lt;/ul&gt;\n&lt;/div&gt;&lt;!-- SC_ON --&gt;", "likes": null, "suggested_sort": null, "banned_at_utc": null, "view_count": null, "archived": false, "no_follow": false, "is_crosspostable": false, "pinned": false, "over_18": false, "all_awardings": [], "awarders": [], "media_only": false, "can_gild": false, "spoiler": false, "locked": false, "author_flair_text": null, "treatment_tags": [], "visited": false, "removed_by": null, "num_reports": null, "distinguished": null, "subreddit_id": "t5_2ssp3", "mod_reason_by": null, "removal_reason": null, "link_flair_background_color": "", "id": "hjptj8", "is_robot_indexable": true, "num_duplicates": 2, "report_reasons": null, "author": "Real_Carl_Ramirez", "discussion_type": null, "num_comments": 8, "send_replies": true, "media": null, "contest_mode": false, "author_patreon_flair": false, "author_flair_text_color": null, "permalink": "/r/AskHistorians/comments/hjptj8/how_come_the_caspian_sea_seemed_to_play_a/", "whitelist_status": "all_ads", "stickied": false, "url": "https://www.reddit.com/r/AskHistorians/comments/hjptj8/how_come_the_caspian_sea_seemed_to_play_a/", "subreddit_subscribers": 1246422, "created_utc": 1593661913.0, "num_crossposts": 3, "mod_reports": [], "is_video": false}}], "after": null, "before": null}}, {"kind": "Listing", "data": {"modhash": "", "dist": null, "children": [{"kind": "t1", "data": {"total_awards_received": 0, "approved_at_utc": null, "ups": 1, "awarders": [], "mod_reason_by": null, "banned_by": null, "author_flair_type": "richtext", "removal_reason": null, "link_id": "t3_hjptj8", "author_flair_template_id": "9e641f94-c626-11e2-8e2c-12313b0b21ae", "likes": null, "replies": "", "user_reports": [], "saved": false, "id": "fwns179", "banned_at_utc": null, "mod_reason_title": null, "gilded": 0, "archived": false, "no_follow": true, "author": "AutoModerator", "can_mod_post": false, "send_replies": false, "parent_id": "t3_hjptj8", "score": 1, "author_fullname": "t2_6l4z3", "report_reasons": null, "approved_by": null, "all_awardings": [], "subreddit_id": "t5_2ssp3", "body": "Welcome to /r/AskHistorians. **Please [Read Our Rules](https://www.reddit.com/r/AskHistorians/wiki/rules) before you comment in this community**. Understand that rule breaking comments get removed.\n\nWe thank you for your interest in this *question*, and your patience in waiting for an in-depth and comprehensive answer to be written, which takes time. Please consider **[Clicking Here for RemindMeBot](https://www.reddit.com/message/compose/?to=RemindMeBot&amp;subject=Reminder&amp;message=%5Bhttps://www.reddit.com/r/AskHistorians/comments/hjptj8/how_come_the_caspian_sea_seemed_to_play_a/%5D%0A%0ARemindMe!%202%20days)**, [using our Browser Extension](https://www.reddit.com/r/AskHistorians/comments/d6dzi7/tired_of_clicking_to_find_only_removed_comments/), or getting the [Weekly Roundup](https://www.reddit.com/message/compose?to=subredditsummarybot&amp;subject=askhistorians+weekly&amp;message=x). In the meantime our [Twitter](https://twitter.com/askhistorians), [Facebook](https://www.facebook.com/askhistorians/), and [Sunday Digest](https://www.reddit.com/r/AskHistorians/search?q=title%3A%22Sunday+Digest%22&amp;restrict_sr=on&amp;sort=new&amp;t=all) feature excellent content that has already been written!\n\n\n*I am a bot, and this action was performed automatically. Please [contact the moderators of this subreddit](/message/compose/?to=/r/AskHistorians) if you have any questions or concerns.*", "edited": false, "downs": 0, "author_flair_css_class": null, "is_submitter": false, "collapsed": false, "author_flair_richtext": [{"e": "text", "t": "History of Robotics"}], "author_patreon_flair": false, "body_html": "&lt;div class=\"md\"&gt;&lt;p&gt;Welcome to &lt;a href=\"/r/AskHistorians\"&gt;/r/AskHistorians&lt;/a&gt;. &lt;strong&gt;Please &lt;a href=\"https://www.reddit.com/r/AskHistorians/wiki/rules\"&gt;Read Our Rules&lt;/a&gt; before you comment in this community&lt;/strong&gt;. Understand that rule breaking comments get removed.&lt;/p&gt;\n\n&lt;p&gt;We thank you for your interest in this &lt;em&gt;question&lt;/em&gt;, and your patience in waiting for an in-depth and comprehensive answer to be written, which takes time. Please consider &lt;strong&gt;&lt;a href=\"https://www.reddit.com/message/compose/?to=RemindMeBot&amp;amp;subject=Reminder&amp;amp;message=%5Bhttps://www.reddit.com/r/AskHistorians/comments/hjptj8/how_come_the_caspian_sea_seemed_to_play_a/%5D%0A%0ARemindMe!%202%20days\"&gt;Clicking Here for RemindMeBot&lt;/a&gt;&lt;/strong&gt;, &lt;a href=\"https://www.reddit.com/r/AskHistorians/comments/d6dzi7/tired_of_clicking_to_find_only_removed_comments/\"&gt;using our Browser Extension&lt;/a&gt;, or getting the &lt;a href=\"https://www.reddit.com/message/compose?to=subredditsummarybot&amp;amp;subject=askhistorians+weekly&amp;amp;message=x\"&gt;Weekly Roundup&lt;/a&gt;. In the meantime our &lt;a href=\"https://twitter.com/askhistorians\"&gt;Twitter&lt;/a&gt;, &lt;a href=\"https://www.facebook.com/askhistorians/\"&gt;Facebook&lt;/a&gt;, and &lt;a href=\"https://www.reddit.com/r/AskHistorians/search?q=title%3A%22Sunday+Digest%22&amp;amp;restrict_sr=on&amp;amp;sort=new&amp;amp;t=all\"&gt;Sunday Digest&lt;/a&gt; feature excellent content that has already been written!&lt;/p&gt;\n\n&lt;p&gt;&lt;em&gt;I am a bot, and this action was performed automatically. Please &lt;a href=\"/message/compose/?to=/r/AskHistorians\"&gt;contact the moderators of this subreddit&lt;/a&gt; if you have any questions or concerns.&lt;/em&gt;&lt;/p&gt;\n&lt;/div&gt;", "gildings": {}, "collapsed_reason": null, "associated_award": null, "stickied": true, "author_premium": true, "subreddit_type": "public", "can_gild": true, "top_awarded_type": null, "author_flair_text_color": "light", "score_hidden": true, "permalink": "/r/AskHistorians/comments/hjptj8/how_come_the_caspian_sea_seemed_to_play_a/fwns179/", "num_reports": null, "locked": true, "name": "t1_fwns179", "created": 1593690714.0, "subreddit": "AskHistorians", "author_flair_text": "History of Robotics", "treatment_tags": [], "created_utc": 1593661914.0, "subreddit_name_prefixed": "r/AskHistorians", "controversiality": 0, "depth": 0, "author_flair_background_color": "#993366", "collapsed_because_crowd_control": null, "mod_reports": [], "mod_note": null, "distinguished": "moderator"}}, {"kind": "t1", "data": {"total_awards_received": 0, "approved_at_utc": null, "ups": 28, "awarders": [], "mod_reason_by": null, "banned_by": null, "author_flair_type": "richtext", "removal_reason": null, "link_id": "t3_hjptj8", "author_flair_template_id": "7b2f3f40-c626-11e2-9a3e-12313d1841d1", "likes": null, "replies": {"kind": "Listing", "data": {"modhash": "", "dist": null, "children": [{"kind": "t1", "data": {"total_awards_received": 0, "approved_at_utc": null, "ups": 9, "awarders": [], "mod_reason_by": null, "banned_by": null, "author_flair_type": "text", "removal_reason": null, "link_id": "t3_hjptj8", "author_flair_template_id": null, "likes": null, "replies": {"kind": "Listing", "data": {"modhash": "", "dist": null, "children": [{"kind": "t1", "data": {"total_awards_received": 0, "approved_at_utc": null, "ups": 9, "awarders": [], "mod_reason_by": null, "banned_by": null, "author_flair_type": "richtext", "removal_reason": null, "link_id": "t3_hjptj8", "author_flair_template_id": "7b2f3f40-c626-11e2-9a3e-12313d1841d1", "likes": null, "replies": {"kind": "Listing", "data": {"modhash": "", "dist": null, "children": [{"kind": "t1", "data": {"total_awards_received": 0, "approved_at_utc": null, "ups": 1, "awarders": [], "mod_reason_by": null, "banned_by": null, "author_flair_type": "text", "removal_reason": null, "link_id": "t3_hjptj8", "author_flair_template_id": null, "likes": null, "replies": "", "user_reports": [], "saved": false, "id": "fwzxuel", "banned_at_utc": null, "mod_reason_title": null, "gilded": 0, "archived": false, "no_follow": true, "author": "Real_Carl_Ramirez", "can_mod_post": false, "send_replies": true, "parent_id": "t1_fwpmgp0", "score": 1, "author_fullname": "t2_3i5pny18", "report_reasons": null, "approved_by": null, "all_awardings": [], "subreddit_id": "t5_2ssp3", "body": "&gt;The Black Sea outposts that the Greeks had often served crucial roles in critical trade networks, such as the transportation of grain, wax and slaves from Scythian territories, and even here these colonies were not necessarily as central as the ones on present-day Crimea, such as Chersonesos, Neapolis or Theodosia, which had milder climates.\n\nHow true is the claim that Ancient Persia was less active in enslavement than Greece or Rome? Also, where did Ancient Persia get their slaves from, if they did practice slavery? But I'll ping u/lcnielsen just in case.\n\n&gt;ETA: regarding Garabogaz - I don't have a copy of Konstantin Paustovsky's Kara-Bogaz handy, but from what I recall, the bay is not as much a source of halite/sea salt as it's a source of sodium sulfate, and epsomite.\n\nGarabogazk\u00f6l is indeed one of the world's most productive natural sources of Sodium sulfate. However, sodium sulfate is not toxic, and having some in your table salt isn't a problem. As for epsomite, it can easily be separated from sea salt because Sodium chloride will crystallise first, then the epsomite-rich bitter brine known as bittern can be drained off.\n\n&gt;Although the deposits were locally exploited in the late 19th and early 20th century, according to Paustovsky, the area also had something of a reputation as unhealthy to be around (the wikipedia translation of the Turkmen to \"Mighty Straight\" is wrong, and a more accurate translation would be something closer to \"Black Hole\").\n\nI have been to Turkey and picked up a bit of Turkish, but I am not sure how similar it is to Turkmen:\n\n* \"Kara\" = \"Black\" (e.g. \"Karadeniz\" = \"Black Sea\")\n\n* \"Bo\u011faz\" = \"Strait\" (e.g. \"\u0130stanbul Bo\u011faz\u0131\" = \"\u0130stanbul Strait\")\n\n* \"G\u00f6lu\" = \"Lake\" (e.g. \"\u0130znik G\u00f6l\u00fc\" = \"\u0130znik Lake\")\n\n* \"Koyu\" = \"Cove\" (e.g. \"Anzak Koyu\" = \"ANZAC Cove\")", "edited": false, "downs": 0, "author_flair_css_class": null, "is_submitter": true, "collapsed": false, "author_flair_richtext": [], "author_patreon_flair": false, "body_html": "&lt;div class=\"md\"&gt;&lt;blockquote&gt;\n&lt;p&gt;The Black Sea outposts that the Greeks had often served crucial roles in critical trade networks, such as the transportation of grain, wax and slaves from Scythian territories, and even here these colonies were not necessarily as central as the ones on present-day Crimea, such as Chersonesos, Neapolis or Theodosia, which had milder climates.&lt;/p&gt;\n&lt;/blockquote&gt;\n\n&lt;p&gt;How true is the claim that Ancient Persia was less active in enslavement than Greece or Rome? Also, where did Ancient Persia get their slaves from, if they did practice slavery? But I&amp;#39;ll ping &lt;a href=\"/u/lcnielsen\"&gt;u/lcnielsen&lt;/a&gt; just in case.&lt;/p&gt;\n\n&lt;blockquote&gt;\n&lt;p&gt;ETA: regarding Garabogaz - I don&amp;#39;t have a copy of Konstantin Paustovsky&amp;#39;s Kara-Bogaz handy, but from what I recall, the bay is not as much a source of halite/sea salt as it&amp;#39;s a source of sodium sulfate, and epsomite.&lt;/p&gt;\n&lt;/blockquote&gt;\n\n&lt;p&gt;Garabogazk\u00f6l is indeed one of the world&amp;#39;s most productive natural sources of Sodium sulfate. However, sodium sulfate is not toxic, and having some in your table salt isn&amp;#39;t a problem. As for epsomite, it can easily be separated from sea salt because Sodium chloride will crystallise first, then the epsomite-rich bitter brine known as bittern can be drained off.&lt;/p&gt;\n\n&lt;blockquote&gt;\n&lt;p&gt;Although the deposits were locally exploited in the late 19th and early 20th century, according to Paustovsky, the area also had something of a reputation as unhealthy to be around (the wikipedia translation of the Turkmen to &amp;quot;Mighty Straight&amp;quot; is wrong, and a more accurate translation would be something closer to &amp;quot;Black Hole&amp;quot;).&lt;/p&gt;\n&lt;/blockquote&gt;\n\n&lt;p&gt;I have been to Turkey and picked up a bit of Turkish, but I am not sure how similar it is to Turkmen:&lt;/p&gt;\n\n&lt;ul&gt;\n&lt;li&gt;&lt;p&gt;&amp;quot;Kara&amp;quot; = &amp;quot;Black&amp;quot; (e.g. &amp;quot;Karadeniz&amp;quot; = &amp;quot;Black Sea&amp;quot;)&lt;/p&gt;&lt;/li&gt;\n&lt;li&gt;&lt;p&gt;&amp;quot;Bo\u011faz&amp;quot; = &amp;quot;Strait&amp;quot; (e.g. &amp;quot;\u0130stanbul Bo\u011faz\u0131&amp;quot; = &amp;quot;\u0130stanbul Strait&amp;quot;)&lt;/p&gt;&lt;/li&gt;\n&lt;li&gt;&lt;p&gt;&amp;quot;G\u00f6lu&amp;quot; = &amp;quot;Lake&amp;quot; (e.g. &amp;quot;\u0130znik G\u00f6l\u00fc&amp;quot; = &amp;quot;\u0130znik Lake&amp;quot;)&lt;/p&gt;&lt;/li&gt;\n&lt;li&gt;&lt;p&gt;&amp;quot;Koyu&amp;quot; = &amp;quot;Cove&amp;quot; (e.g. &amp;quot;Anzak Koyu&amp;quot; = &amp;quot;ANZAC Cove&amp;quot;)&lt;/p&gt;&lt;/li&gt;\n&lt;/ul&gt;\n&lt;/div&gt;", "gildings": {}, "collapsed_reason": null, "associated_award": null, "stickied": false, "author_premium": false, "subreddit_type": "public", "can_gild": true, "top_awarded_type": null, "author_flair_text_color": null, "score_hidden": false, "permalink": "/r/AskHistorians/comments/hjptj8/how_come_the_caspian_sea_seemed_to_play_a/fwzxuel/", "num_reports": null, "locked": false, "name": "t1_fwzxuel", "created": 1593986025.0, "subreddit": "AskHistorians", "author_flair_text": null, "treatment_tags": [], "created_utc": 1593957225.0, "subreddit_name_prefixed": "r/AskHistorians", "controversiality": 0, "depth": 3, "author_flair_background_color": null, "collapsed_because_crowd_control": null, "mod_reports": [], "mod_note": null, "distinguished": null}}], "after": null, "before": null}}, "user_reports": [], "saved": false, "id": "fwpmgp0", "banned_at_utc": null, "mod_reason_title": null, "gilded": 0, "archived": false, "no_follow": false, "author": "Kochevnik81", "can_mod_post": false, "created_utc": 1593706832.0, "send_replies": true, "parent_id": "t1_fwoqu8w", "score": 9, "author_fullname": "t2_168sly", "report_reasons": null, "approved_by": null, "all_awardings": [], "subreddit_id": "t5_2ssp3", "body": "So regarding ancient Persian sources I would have to ping u/lcnielsen because I'm not an expert on those. What little I know of Greek sources like Herodotus is that he said the Caspian was not connected to the larger ocean, but that other Greeks and Romans went back and forth on the subject.\n\nAs for why ancient Persians didn't set up maritime colonies on the Caspian - they simply weren't in the maritime colony business. That the Greeks established the colonies mentioned in the Black Sea is because those were at the extreme edge of a Mediterranean and Black Sea-wide network of colonies of a very maritime people, coming from a relatively small, rocky and island filled home area. The Black Sea outposts that the Greeks had often served crucial roles in critical trade networks, such as the transportation of grain, wax and slaves from Scythian territories, and even here these colonies were not necessarily as central as the ones on present-day Crimea, such as Chersonesos, Neapolis or Theodosia, which had milder climates.\n\nETA: regarding Garabogaz - I don't have a copy of Konstantin Paustovsky's *Kara-Bogaz* handy, but from what I recall, the bay is not as much a source of halite/sea salt as it's a source of sodium sulfate, and epsomite. Although the deposits were locally exploited in the late 19th and early 20th century, according to Paustovsky, the area also had something of a reputation as unhealthy to be around (the wikipedia translation of the Turkmen to \"Mighty Straight\" is wrong, and a more accurate translation would be something closer to \"Black Hole\").", "edited": 1593707311.0, "author_flair_css_class": null, "is_submitter": false, "downs": 0, "author_flair_richtext": [{"e": "text", "t": "Soviet Union &amp; Post-Soviet States | Modern Central Asia"}], "author_patreon_flair": false, "body_html": "&lt;div class=\"md\"&gt;&lt;p&gt;So regarding ancient Persian sources I would have to ping &lt;a href=\"/u/lcnielsen\"&gt;u/lcnielsen&lt;/a&gt; because I&amp;#39;m not an expert on those. What little I know of Greek sources like Herodotus is that he said the Caspian was not connected to the larger ocean, but that other Greeks and Romans went back and forth on the subject.&lt;/p&gt;\n\n&lt;p&gt;As for why ancient Persians didn&amp;#39;t set up maritime colonies on the Caspian - they simply weren&amp;#39;t in the maritime colony business. That the Greeks established the colonies mentioned in the Black Sea is because those were at the extreme edge of a Mediterranean and Black Sea-wide network of colonies of a very maritime people, coming from a relatively small, rocky and island filled home area. The Black Sea outposts that the Greeks had often served crucial roles in critical trade networks, such as the transportation of grain, wax and slaves from Scythian territories, and even here these colonies were not necessarily as central as the ones on present-day Crimea, such as Chersonesos, Neapolis or Theodosia, which had milder climates.&lt;/p&gt;\n\n&lt;p&gt;ETA: regarding Garabogaz - I don&amp;#39;t have a copy of Konstantin Paustovsky&amp;#39;s &lt;em&gt;Kara-Bogaz&lt;/em&gt; handy, but from what I recall, the bay is not as much a source of halite/sea salt as it&amp;#39;s a source of sodium sulfate, and epsomite. Although the deposits were locally exploited in the late 19th and early 20th century, according to Paustovsky, the area also had something of a reputation as unhealthy to be around (the wikipedia translation of the Turkmen to &amp;quot;Mighty Straight&amp;quot; is wrong, and a more accurate translation would be something closer to &amp;quot;Black Hole&amp;quot;).&lt;/p&gt;\n&lt;/div&gt;", "gildings": {}, "collapsed_reason": null, "associated_award": null, "stickied": false, "author_premium": false, "subreddit_type": "public", "can_gild": true, "top_awarded_type": null, "author_flair_text_color": "light", "score_hidden": false, "permalink": "/r/AskHistorians/comments/hjptj8/how_come_the_caspian_sea_seemed_to_play_a/fwpmgp0/", "num_reports": null, "locked": false, "name": "t1_fwpmgp0", "created": 1593735632.0, "subreddit": "AskHistorians", "author_flair_text": "Soviet Union &amp; Post-Soviet States | Modern Central Asia", "treatment_tags": [], "collapsed": false, "subreddit_name_prefixed": "r/AskHistorians", "controversiality": 0, "depth": 2, "author_flair_background_color": "#003399", "collapsed_because_crowd_control": null, "mod_reports": [], "mod_note": null, "distinguished": null}}, {"kind": "t1", "data": {"total_awards_received": 0, "approved_at_utc": null, "ups": 10, "awarders": [], "mod_reason_by": null, "banned_by": null, "author_flair_type": "richtext", "removal_reason": null, "link_id": "t3_hjptj8", "author_flair_template_id": "841028fe-c626-11e2-a7cc-12313b0b21ae", "likes": null, "replies": {"kind": "Listing", "data": {"modhash": "", "dist": null, "children": [{"kind": "t1", "data": {"total_awards_received": 0, "approved_at_utc": null, "ups": 1, "awarders": [], "mod_reason_by": null, "banned_by": null, "author_flair_type": "text", "removal_reason": null, "link_id": "t3_hjptj8", "author_flair_template_id": null, "likes": null, "replies": "", "user_reports": [], "saved": false, "id": "fwzw9ul", "banned_at_utc": null, "mod_reason_title": null, "gilded": 0, "archived": false, "no_follow": true, "author": "Real_Carl_Ramirez", "can_mod_post": false, "send_replies": true, "parent_id": "t1_fwpqlma", "score": 1, "author_fullname": "t2_3i5pny18", "report_reasons": null, "approved_by": null, "all_awardings": [], "subreddit_id": "t5_2ssp3", "body": "&gt;Great Wall of Gorgan to be built to protect the \"Khorasan Highway\", a lynchpin of of the \"Silk road\", against invaders from the North\n\nSpeaking of the Silk Road, was there already much trade between Persia and India/China/Bactria before Alexander the Great? If so, what was traded?\n\n&gt;The big player in this region is neither the Aral nor the Caspian sea, I would say, but the Oxus River, which formed both a natural border and the source of the civilization of Khwarezmia, in what is today Northern Turkmenistan.\n\nWhat do we know about ancient Khwaresmia? All I know about Khwaresm is the medieval civilization that Genghis Khan obliterated after they gravely insulted him. According to *Imperator: Rome*, Khwaresmia was just a nomadic tribal nation at the time of the Wars of the Diadochi, just like the Scythians and the Hepthalites, but is this depiction correct?", "edited": false, "downs": 0, "author_flair_css_class": null, "is_submitter": true, "collapsed": false, "author_flair_richtext": [], "author_patreon_flair": false, "body_html": "&lt;div class=\"md\"&gt;&lt;blockquote&gt;\n&lt;p&gt;Great Wall of Gorgan to be built to protect the &amp;quot;Khorasan Highway&amp;quot;, a lynchpin of of the &amp;quot;Silk road&amp;quot;, against invaders from the North&lt;/p&gt;\n&lt;/blockquote&gt;\n\n&lt;p&gt;Speaking of the Silk Road, was there already much trade between Persia and India/China/Bactria before Alexander the Great? If so, what was traded?&lt;/p&gt;\n\n&lt;blockquote&gt;\n&lt;p&gt;The big player in this region is neither the Aral nor the Caspian sea, I would say, but the Oxus River, which formed both a natural border and the source of the civilization of Khwarezmia, in what is today Northern Turkmenistan.&lt;/p&gt;\n&lt;/blockquote&gt;\n\n&lt;p&gt;What do we know about ancient Khwaresmia? All I know about Khwaresm is the medieval civilization that Genghis Khan obliterated after they gravely insulted him. According to &lt;em&gt;Imperator: Rome&lt;/em&gt;, Khwaresmia was just a nomadic tribal nation at the time of the Wars of the Diadochi, just like the Scythians and the Hepthalites, but is this depiction correct?&lt;/p&gt;\n&lt;/div&gt;", "gildings": {}, "collapsed_reason": null, "associated_award": null, "stickied": false, "author_premium": false, "subreddit_type": "public", "can_gild": true, "top_awarded_type": null, "author_flair_text_color": null, "score_hidden": false, "permalink": "/r/AskHistorians/comments/hjptj8/how_come_the_caspian_sea_seemed_to_play_a/fwzw9ul/", "num_reports": null, "locked": false, "name": "t1_fwzw9ul", "created": 1593984941.0, "subreddit": "AskHistorians", "author_flair_text": null, "treatment_tags": [], "created_utc": 1593956141.0, "subreddit_name_prefixed": "r/AskHistorians", "controversiality": 0, "depth": 3, "author_flair_background_color": null, "collapsed_because_crowd_control": null, "mod_reports": [], "mod_note": null, "distinguished": null}}], "after": null, "before": null}}, "user_reports": [], "saved": false, "id": "fwpqlma", "banned_at_utc": null, "mod_reason_title": null, "gilded": 0, "archived": false, "no_follow": false, "author": "lcnielsen", "can_mod_post": false, "created_utc": 1593708821.0, "send_replies": true, "parent_id": "t1_fwoqu8w", "score": 10, "author_fullname": "t2_16k5wc", "report_reasons": null, "approved_by": null, "all_awardings": [], "subreddit_id": "t5_2ssp3", "body": "I don't have that much to add to /u/Kochevnik81 - in the Achaemenid and Sasanian era, the northernmore shores of the Caspian sea were the dominions of various steppe tribes (Scythians, Hepthalites, and so on) which Persian kings certainly campagined against and interacted with in various manners. These regions were probably not great mysteries to them as they were reasonably accessible to horse-riding nomads of the steppes. Tellingly, the Sasanians considered the area west of the Arals and north of the southern Caspian shore to be volatile enough and of little enough interest for the Great Wall of Gorgan to be built to protect the \"Khorasan Highway\", a lynchpin of of the \"Silk road\", against invaders from the North.\n\nThe big player in this region is neither the Aral nor the Caspian sea, I would say, but the Oxus River, which formed both a natural border and the source of the civilization of Khwarezmia, in what is today Northern Turkmenistan.", "edited": false, "author_flair_css_class": null, "is_submitter": false, "downs": 0, "author_flair_richtext": [{"e": "text", "t": "Zoroastrianism | Pre-Islamic Iran"}], "author_patreon_flair": false, "body_html": "&lt;div class=\"md\"&gt;&lt;p&gt;I don&amp;#39;t have that much to add to &lt;a href=\"/u/Kochevnik81\"&gt;/u/Kochevnik81&lt;/a&gt; - in the Achaemenid and Sasanian era, the northernmore shores of the Caspian sea were the dominions of various steppe tribes (Scythians, Hepthalites, and so on) which Persian kings certainly campagined against and interacted with in various manners. These regions were probably not great mysteries to them as they were reasonably accessible to horse-riding nomads of the steppes. Tellingly, the Sasanians considered the area west of the Arals and north of the southern Caspian shore to be volatile enough and of little enough interest for the Great Wall of Gorgan to be built to protect the &amp;quot;Khorasan Highway&amp;quot;, a lynchpin of of the &amp;quot;Silk road&amp;quot;, against invaders from the North.&lt;/p&gt;\n\n&lt;p&gt;The big player in this region is neither the Aral nor the Caspian sea, I would say, but the Oxus River, which formed both a natural border and the source of the civilization of Khwarezmia, in what is today Northern Turkmenistan.&lt;/p&gt;\n&lt;/div&gt;", "gildings": {}, "collapsed_reason": null, "associated_award": null, "stickied": false, "author_premium": false, "subreddit_type": "public", "can_gild": true, "top_awarded_type": null, "author_flair_text_color": "dark", "score_hidden": false, "permalink": "/r/AskHistorians/comments/hjptj8/how_come_the_caspian_sea_seemed_to_play_a/fwpqlma/", "num_reports": null, "locked": false, "name": "t1_fwpqlma", "created": 1593737621.0, "subreddit": "AskHistorians", "author_flair_text": "Zoroastrianism | Pre-Islamic Iran", "treatment_tags": [], "collapsed": false, "subreddit_name_prefixed": "r/AskHistorians", "controversiality": 0, "depth": 2, "author_flair_background_color": "#ffffff", "collapsed_because_crowd_control": null, "mod_reports": [], "mod_note": null, "distinguished": null}}], "after": null, "before": null}}, "user_reports": [], "saved": false, "id": "fwoqu8w", "banned_at_utc": null, "mod_reason_title": null, "gilded": 0, "archived": false, "no_follow": false, "author": "Real_Carl_Ramirez", "can_mod_post": false, "send_replies": true, "parent_id": "t1_fwonpx5", "score": 9, "author_fullname": "t2_3i5pny18", "report_reasons": null, "approved_by": null, "all_awardings": [], "subreddit_id": "t5_2ssp3", "collapsed": false, "body": "Did Achaemenid, Arsacid or Sassanian Persia know about the full extent of the Caspian Sea and about how it isn't naturally linked to other oceans? Do we have records of Persian explorers sailing North into unknown waters (and perhaps even up the Volga)?\n\nThe Greeks managed to build colonies and migrate to places like Tanais on the mouth of the Don, Olbia on the mouth of the Southern Bug, and Tyras on the mouth of the Dniester. These were all in similar climates to the Northern Caspian (i.e. the Black Sea near those cities freezes in winter too), often had to contend with sometimes-hostile indigenous tribes, and were also quite far from the Greek heartland. Did any Persian state ever try setting up coastal colonies around the Caspian's shores? And if they didn't, why didn't they?\n\nFinally, salt seemed to play a far more important role in ancient and medieval economies than today. With abundant salt on the Caspian Sea's arid Eastern shore (especially on the Garabogazk\u00f6l), did any indigenous civilization in that region profit much off salt exports? Or did they run into the problem of too much salt and not enough buyers?\n\n**Edit**: I would imagine that the Aral Sea would have had an even smaller role in history than the Caspian Sea. While it was near some very fertile and well-watered regions in a desert (similar to the Nile valley) along the Syr Darya and Amu Darya, it was also unlinked to other major bodies of water.", "edited": 1593692699.0, "author_flair_css_class": null, "is_submitter": true, "downs": 0, "author_flair_richtext": [], "author_patreon_flair": false, "body_html": "&lt;div class=\"md\"&gt;&lt;p&gt;Did Achaemenid, Arsacid or Sassanian Persia know about the full extent of the Caspian Sea and about how it isn&amp;#39;t naturally linked to other oceans? Do we have records of Persian explorers sailing North into unknown waters (and perhaps even up the Volga)?&lt;/p&gt;\n\n&lt;p&gt;The Greeks managed to build colonies and migrate to places like Tanais on the mouth of the Don, Olbia on the mouth of the Southern Bug, and Tyras on the mouth of the Dniester. These were all in similar climates to the Northern Caspian (i.e. the Black Sea near those cities freezes in winter too), often had to contend with sometimes-hostile indigenous tribes, and were also quite far from the Greek heartland. Did any Persian state ever try setting up coastal colonies around the Caspian&amp;#39;s shores? And if they didn&amp;#39;t, why didn&amp;#39;t they?&lt;/p&gt;\n\n&lt;p&gt;Finally, salt seemed to play a far more important role in ancient and medieval economies than today. With abundant salt on the Caspian Sea&amp;#39;s arid Eastern shore (especially on the Garabogazk\u00f6l), did any indigenous civilization in that region profit much off salt exports? Or did they run into the problem of too much salt and not enough buyers?&lt;/p&gt;\n\n&lt;p&gt;&lt;strong&gt;Edit&lt;/strong&gt;: I would imagine that the Aral Sea would have had an even smaller role in history than the Caspian Sea. While it was near some very fertile and well-watered regions in a desert (similar to the Nile valley) along the Syr Darya and Amu Darya, it was also unlinked to other major bodies of water.&lt;/p&gt;\n&lt;/div&gt;", "gildings": {}, "collapsed_reason": null, "associated_award": null, "stickied": false, "author_premium": false, "subreddit_type": "public", "can_gild": true, "top_awarded_type": null, "author_flair_text_color": null, "score_hidden": false, "permalink": "/r/AskHistorians/comments/hjptj8/how_come_the_caspian_sea_seemed_to_play_a/fwoqu8w/", "num_reports": null, "locked": false, "name": "t1_fwoqu8w", "created": 1593720526.0, "subreddit": "AskHistorians", "author_flair_text": null, "treatment_tags": [], "created_utc": 1593691726.0, "subreddit_name_prefixed": "r/AskHistorians", "controversiality": 0, "depth": 1, "author_flair_background_color": null, "collapsed_because_crowd_control": null, "mod_reports": [], "mod_note": null, "distinguished": null}}], "after": null, "before": null}}, "user_reports": [], "saved": false, "id": "fwonpx5", "banned_at_utc": null, "mod_reason_title": null, "gilded": 0, "archived": false, "no_follow": false, "author": "Kochevnik81", "can_mod_post": false, "send_replies": true, "parent_id": "t3_hjptj8", "score": 28, "author_fullname": "t2_168sly", "report_reasons": null, "approved_by": null, "all_awardings": [], "subreddit_id": "t5_2ssp3", "body": "So it's actually a bit hard to prove a negative (ie, why wasn't there an advanced ancient civilization around the Caspian), but here are some ideas to situate the Caspian Sea in the regions history.\n\nNow there is a giant debate over whether the Caspian Sea is a sea or a lake under international law, and in many ways it has quite a few differences from the ocean: it has a third the salinity, overall, and it's an endorheic basin, meaning that in the recent geologic history it has no outflow or connection to other seas or oceans (it has a roundabout shipping connection via the Volga-Don Canal, which was opened in 1952). But even between different parts of the Caspian Sea there are *vast* differences. The southern part is the most \"ocean like\" in terms of salinity and depth (around a 1000 meters), while the northern part of the sea is much less saline (it's where most of the rivers emptying into it are) and is very shallow, with a depth of some 10 meters. The result of this is that the Northern Caspian often [freezes over in the winter](https://earthobservatory.nasa.gov/images/80745/ice-on-the-caspian-sea#:~:text=The%20Caspian%20Sea%20also%20shows%20varying%20levels%20of%20salinity.&amp;text=Fresh%20water%20freezes%20at%200,for%20salt%20water%20to%20freeze.).\n\nDespite this, it *was* of some significance, especially in terms of trade. It's just that the trading usage of the sea was mostly North-South, notably as the Kievan Rus' used it and the Volga as a means of trading with Persia.\n\nEven as far as the Southern coast (including Gilan and Tabaristan) goes, it is a rich and fertile area that has long been of interest to Iranian states. It's exceptionally close to Tehran today, and is a traditional holiday spot for the city. It is cut off from the Iranian plateau by the Alborz Mountains, however, and therefore spent much of its history developing as a region with its own distinct languages and cultures. A similar geography and environment applies for the western shore South of the Caucasus: it is incredibly fertile, but the mountains mean that the natural flow is east-west in the Transcaucasus, or southwards towards Persia.\n\nFor the Eastern shore, this area is extremely arid and rocky, being on the edge of the Karakum Desert. The civilizations that *did* develop in the region were at oases along east-west trade routes, like Merv, or in more fertile river valleys, like along the Oxus/Amu Darya and in Khwarezm.\n\nThe northern shore is mostly in a steppe region, and the lower Volga has tended to be more *a part* of that region and its peoples than *apart* from it. \n\nA lot of the human activity here is east-west, and also southeast-northwest: it's just easier to go by land around the northern Caspian shore to points westwards or in Russia than to go through a hassle of a boat ride across the sea. As such, the lower Volga river and delta tended to be used as a fertile base area for steppe empires. The Khazars had their capital at Atil, and the Mongols and Golden Horde had their capitals at Sarai. Despite the Astrakhan area being a fertile source of farmed fruits and vegetables today, however, there wasn't a particular need or level of separateness for a unique agricultural civilization to develop there: the steppe zone was well suited to nomadic pastoralism, and those nomads traded with civilizations South and with farmers in the forest zone just north, and upstream. The pre-Slavic upper Volga did develop under the Volga Bulgars, by the way.\n\nSo why didn't the Caspian Sea develop maritime traditions and civilizations? It is different enough in its parts, and separate enough from the Black Sea and oceans, that it didn't make a lot of sense. It has been a crossroads and has been used in trade for millennia, and has been of deep importance to the nomadic empires that rose and fell along its northern shores.", "edited": 1593713098.0, "downs": 0, "author_flair_css_class": null, "is_submitter": false, "collapsed": false, "author_flair_richtext": [{"e": "text", "t": "Soviet Union &amp; Post-Soviet States | Modern Central Asia"}], "author_patreon_flair": false, "body_html": "&lt;div class=\"md\"&gt;&lt;p&gt;So it&amp;#39;s actually a bit hard to prove a negative (ie, why wasn&amp;#39;t there an advanced ancient civilization around the Caspian), but here are some ideas to situate the Caspian Sea in the regions history.&lt;/p&gt;\n\n&lt;p&gt;Now there is a giant debate over whether the Caspian Sea is a sea or a lake under international law, and in many ways it has quite a few differences from the ocean: it has a third the salinity, overall, and it&amp;#39;s an endorheic basin, meaning that in the recent geologic history it has no outflow or connection to other seas or oceans (it has a roundabout shipping connection via the Volga-Don Canal, which was opened in 1952). But even between different parts of the Caspian Sea there are &lt;em&gt;vast&lt;/em&gt; differences. The southern part is the most &amp;quot;ocean like&amp;quot; in terms of salinity and depth (around a 1000 meters), while the northern part of the sea is much less saline (it&amp;#39;s where most of the rivers emptying into it are) and is very shallow, with a depth of some 10 meters. The result of this is that the Northern Caspian often &lt;a href=\"https://earthobservatory.nasa.gov/images/80745/ice-on-the-caspian-sea#:%7E:text=The%20Caspian%20Sea%20also%20shows%20varying%20levels%20of%20salinity.&amp;amp;text=Fresh%20water%20freezes%20at%200,for%20salt%20water%20to%20freeze.\"&gt;freezes over in the winter&lt;/a&gt;.&lt;/p&gt;\n\n&lt;p&gt;Despite this, it &lt;em&gt;was&lt;/em&gt; of some significance, especially in terms of trade. It&amp;#39;s just that the trading usage of the sea was mostly North-South, notably as the Kievan Rus&amp;#39; used it and the Volga as a means of trading with Persia.&lt;/p&gt;\n\n&lt;p&gt;Even as far as the Southern coast (including Gilan and Tabaristan) goes, it is a rich and fertile area that has long been of interest to Iranian states. It&amp;#39;s exceptionally close to Tehran today, and is a traditional holiday spot for the city. It is cut off from the Iranian plateau by the Alborz Mountains, however, and therefore spent much of its history developing as a region with its own distinct languages and cultures. A similar geography and environment applies for the western shore South of the Caucasus: it is incredibly fertile, but the mountains mean that the natural flow is east-west in the Transcaucasus, or southwards towards Persia.&lt;/p&gt;\n\n&lt;p&gt;For the Eastern shore, this area is extremely arid and rocky, being on the edge of the Karakum Desert. The civilizations that &lt;em&gt;did&lt;/em&gt; develop in the region were at oases along east-west trade routes, like Merv, or in more fertile river valleys, like along the Oxus/Amu Darya and in Khwarezm.&lt;/p&gt;\n\n&lt;p&gt;The northern shore is mostly in a steppe region, and the lower Volga has tended to be more &lt;em&gt;a part&lt;/em&gt; of that region and its peoples than &lt;em&gt;apart&lt;/em&gt; from it. &lt;/p&gt;\n\n&lt;p&gt;A lot of the human activity here is east-west, and also southeast-northwest: it&amp;#39;s just easier to go by land around the northern Caspian shore to points westwards or in Russia than to go through a hassle of a boat ride across the sea. As such, the lower Volga river and delta tended to be used as a fertile base area for steppe empires. The Khazars had their capital at Atil, and the Mongols and Golden Horde had their capitals at Sarai. Despite the Astrakhan area being a fertile source of farmed fruits and vegetables today, however, there wasn&amp;#39;t a particular need or level of separateness for a unique agricultural civilization to develop there: the steppe zone was well suited to nomadic pastoralism, and those nomads traded with civilizations South and with farmers in the forest zone just north, and upstream. The pre-Slavic upper Volga did develop under the Volga Bulgars, by the way.&lt;/p&gt;\n\n&lt;p&gt;So why didn&amp;#39;t the Caspian Sea develop maritime traditions and civilizations? It is different enough in its parts, and separate enough from the Black Sea and oceans, that it didn&amp;#39;t make a lot of sense. It has been a crossroads and has been used in trade for millennia, and has been of deep importance to the nomadic empires that rose and fell along its northern shores.&lt;/p&gt;\n&lt;/div&gt;", "gildings": {}, "collapsed_reason": null, "associated_award": null, "stickied": false, "author_premium": false, "subreddit_type": "public", "can_gild": true, "top_awarded_type": null, "author_flair_text_color": "light", "score_hidden": false, "permalink": "/r/AskHistorians/comments/hjptj8/how_come_the_caspian_sea_seemed_to_play_a/fwonpx5/", "num_reports": null, "locked": false, "name": "t1_fwonpx5", "created": 1593718188.0, "subreddit": "AskHistorians", "author_flair_text": "Soviet Union &amp; Post-Soviet States | Modern Central Asia", "treatment_tags": [], "created_utc": 1593689388.0, "subreddit_name_prefixed": "r/AskHistorians", "controversiality": 0, "depth": 0, "author_flair_background_color": "#003399", "collapsed_because_crowd_control": null, "mod_reports": [], "mod_note": null, "distinguished": null}}], "after": null, "before": null}}]