[{"kind": "Listing", "data": {"modhash": "", "dist": 1, "children": [{"kind": "t3", "data": {"approved_at_utc": null, "subreddit": "AskHistorians", "selftext": "[removed]", "user_reports": [], "saved": false, "mod_reason_title": null, "gilded": 0, "clicked": false, "title": "Grant was great, right?", "link_flair_richtext": [], "subreddit_name_prefixed": "r/AskHistorians", "hidden": false, "pwls": 6, "link_flair_css_class": null, "downs": 0, "top_awarded_type": null, "parent_whitelist_status": "all_ads", "hide_score": false, "name": "t3_hjum3a", "quarantine": false, "link_flair_text_color": "dark", "upvote_ratio": 0.78, "author_flair_background_color": null, "subreddit_type": "public", "ups": 5, "total_awards_received": 0, "media_embed": {}, "author_flair_template_id": null, "is_original_content": false, "author_fullname": "t2_55rz54bq", "secure_media": null, "is_reddit_media_domain": false, "is_meta": false, "category": null, "secure_media_embed": {}, "link_flair_text": null, "can_mod_post": false, "score": 5, "approved_by": null, "author_premium": true, "thumbnail": "", "edited": false, "author_flair_css_class": null, "author_flair_richtext": [], "gildings": {}, "content_categories": null, "is_self": true, "mod_note": null, "created": 1593714636.0, "link_flair_type": "text", "wls": 6, "removed_by_category": "moderator", "banned_by": null, "author_flair_type": "text", "domain": "self.AskHistorians", "allow_live_comments": false, "selftext_html": "&lt;!-- SC_OFF --&gt;&lt;div class=\"md\"&gt;&lt;p&gt;[removed]&lt;/p&gt;\n&lt;/div&gt;&lt;!-- SC_ON --&gt;", "likes": null, "suggested_sort": null, "banned_at_utc": null, "view_count": null, "archived": false, "no_follow": false, "is_crosspostable": false, "pinned": false, "over_18": false, "all_awardings": [], "awarders": [], "media_only": false, "can_gild": false, "spoiler": false, "locked": false, "author_flair_text": null, "treatment_tags": [], "visited": false, "removed_by": null, "num_reports": null, "distinguished": null, "subreddit_id": "t5_2ssp3", "mod_reason_by": null, "removal_reason": null, "link_flair_background_color": "", "id": "hjum3a", "is_robot_indexable": false, "num_duplicates": 1, "report_reasons": null, "author": "Poobeard76", "discussion_type": null, "num_comments": 3, "send_replies": true, "media": null, "contest_mode": false, "author_patreon_flair": false, "author_flair_text_color": null, "permalink": "/r/AskHistorians/comments/hjum3a/grant_was_great_right/", "whitelist_status": "all_ads", "stickied": false, "url": "https://www.reddit.com/r/AskHistorians/comments/hjum3a/grant_was_great_right/", "subreddit_subscribers": 1246422, "created_utc": 1593685836.0, "num_crossposts": 0, "mod_reports": [], "is_video": false}}], "after": null, "before": null}}, {"kind": "Listing", "data": {"modhash": "", "dist": null, "children": [{"kind": "t1", "data": {"total_awards_received": 0, "approved_at_utc": null, "ups": 1, "awarders": [], "mod_reason_by": null, "banned_by": null, "author_flair_type": "richtext", "removal_reason": null, "link_id": "t3_hjum3a", "author_flair_template_id": "9e641f94-c626-11e2-8e2c-12313b0b21ae", "likes": null, "replies": "", "user_reports": [], "saved": false, "id": "fwojrlr", "banned_at_utc": null, "mod_reason_title": null, "gilded": 0, "archived": false, "no_follow": true, "author": "AutoModerator", "can_mod_post": false, "send_replies": false, "parent_id": "t3_hjum3a", "score": 1, "author_fullname": "t2_6l4z3", "report_reasons": null, "approved_by": null, "all_awardings": [], "subreddit_id": "t5_2ssp3", "body": "Welcome to /r/AskHistorians. **Please [Read Our Rules](https://www.reddit.com/r/AskHistorians/wiki/rules) before you comment in this community**. Understand that rule breaking comments get removed.\n\nWe thank you for your interest in this *question*, and your patience in waiting for an in-depth and comprehensive answer to be written, which takes time. Please consider **[Clicking Here for RemindMeBot](https://www.reddit.com/message/compose/?to=RemindMeBot&amp;subject=Reminder&amp;message=%5Bhttps://www.reddit.com/r/AskHistorians/comments/hjum3a/grant_was_great_right/%5D%0A%0ARemindMe!%202%20days)**, [using our Browser Extension](https://www.reddit.com/r/AskHistorians/comments/d6dzi7/tired_of_clicking_to_find_only_removed_comments/), or getting the [Weekly Roundup](https://www.reddit.com/message/compose?to=subredditsummarybot&amp;subject=askhistorians+weekly&amp;message=x). In the meantime our [Twitter](https://twitter.com/askhistorians), [Facebook](https://www.facebook.com/askhistorians/), and [Sunday Digest](https://www.reddit.com/r/AskHistorians/search?q=title%3A%22Sunday+Digest%22&amp;restrict_sr=on&amp;sort=new&amp;t=all) feature excellent content that has already been written!\n\n\n*I am a bot, and this action was performed automatically. Please [contact the moderators of this subreddit](/message/compose/?to=/r/AskHistorians) if you have any questions or concerns.*", "edited": false, "downs": 0, "author_flair_css_class": null, "is_submitter": false, "collapsed": false, "author_flair_richtext": [{"e": "text", "t": "History of Robotics"}], "author_patreon_flair": false, "body_html": "&lt;div class=\"md\"&gt;&lt;p&gt;Welcome to &lt;a href=\"/r/AskHistorians\"&gt;/r/AskHistorians&lt;/a&gt;. &lt;strong&gt;Please &lt;a href=\"https://www.reddit.com/r/AskHistorians/wiki/rules\"&gt;Read Our Rules&lt;/a&gt; before you comment in this community&lt;/strong&gt;. Understand that rule breaking comments get removed.&lt;/p&gt;\n\n&lt;p&gt;We thank you for your interest in this &lt;em&gt;question&lt;/em&gt;, and your patience in waiting for an in-depth and comprehensive answer to be written, which takes time. Please consider &lt;strong&gt;&lt;a href=\"https://www.reddit.com/message/compose/?to=RemindMeBot&amp;amp;subject=Reminder&amp;amp;message=%5Bhttps://www.reddit.com/r/AskHistorians/comments/hjum3a/grant_was_great_right/%5D%0A%0ARemindMe!%202%20days\"&gt;Clicking Here for RemindMeBot&lt;/a&gt;&lt;/strong&gt;, &lt;a href=\"https://www.reddit.com/r/AskHistorians/comments/d6dzi7/tired_of_clicking_to_find_only_removed_comments/\"&gt;using our Browser Extension&lt;/a&gt;, or getting the &lt;a href=\"https://www.reddit.com/message/compose?to=subredditsummarybot&amp;amp;subject=askhistorians+weekly&amp;amp;message=x\"&gt;Weekly Roundup&lt;/a&gt;. In the meantime our &lt;a href=\"https://twitter.com/askhistorians\"&gt;Twitter&lt;/a&gt;, &lt;a href=\"https://www.facebook.com/askhistorians/\"&gt;Facebook&lt;/a&gt;, and &lt;a href=\"https://www.reddit.com/r/AskHistorians/search?q=title%3A%22Sunday+Digest%22&amp;amp;restrict_sr=on&amp;amp;sort=new&amp;amp;t=all\"&gt;Sunday Digest&lt;/a&gt; feature excellent content that has already been written!&lt;/p&gt;\n\n&lt;p&gt;&lt;em&gt;I am a bot, and this action was performed automatically. Please &lt;a href=\"/message/compose/?to=/r/AskHistorians\"&gt;contact the moderators of this subreddit&lt;/a&gt; if you have any questions or concerns.&lt;/em&gt;&lt;/p&gt;\n&lt;/div&gt;", "gildings": {}, "collapsed_reason": null, "associated_award": null, "stickied": true, "author_premium": true, "subreddit_type": "public", "can_gild": true, "top_awarded_type": null, "author_flair_text_color": "light", "score_hidden": true, "permalink": "/r/AskHistorians/comments/hjum3a/grant_was_great_right/fwojrlr/", "num_reports": null, "locked": true, "name": "t1_fwojrlr", "created": 1593714637.0, "subreddit": "AskHistorians", "author_flair_text": "History of Robotics", "treatment_tags": [], "created_utc": 1593685837.0, "subreddit_name_prefixed": "r/AskHistorians", "controversiality": 0, "depth": 0, "author_flair_background_color": "#993366", "collapsed_because_crowd_control": null, "mod_reports": [], "mod_note": null, "distinguished": "moderator"}}, {"kind": "t1", "data": {"total_awards_received": 0, "approved_at_utc": null, "ups": 1, "awarders": [], "mod_reason_by": null, "banned_by": null, "author_flair_type": "text", "removal_reason": null, "link_id": "t3_hjum3a", "author_flair_template_id": null, "likes": null, "replies": "", "user_reports": [], "saved": false, "id": "fwp1fzv", "banned_at_utc": null, "mod_reason_title": null, "gilded": 0, "archived": false, "no_follow": true, "author": "MinkDingus", "can_mod_post": false, "send_replies": true, "parent_id": "t3_hjum3a", "score": 1, "author_fullname": "t2_13wyxz", "report_reasons": null, "approved_by": null, "all_awardings": [], "subreddit_id": "t5_2ssp3", "body": "Grant is a president who's reputation has yo-yo'ed up and down considerably over time. Both as a military and political leader, his reputation fell hard in the early to mid 1900s when the Lost Cause view was still popular among serious academics. \n\nFor your question on whether Grant, \"did more for black Americans than any other white man?\" that seems like a question for better historians than I to debate, but I can add some useful contextual information. \n\nGrant grew up in a strict Methodist household and his family were abolitionists. Grant himself was, at first, ambiguous on the question of slavery. He married into a family of well off slave owners from Missouri, and accepted his wife's owning of slaves though he often said he would free any who were given to him. \n\nAs the war got going, Grant initially saw the issue of escaped slaves, so-called contra-bands, in realist military terms. He knew the South needed the workers and was happy to employ them doing menial work for the Union war effort. He made no special push for allowing black Americans to join the army, but when he did employ some black unit after the Siege of Vicksburg in 1863, he was impressed by their fighting ability. From then on he argued in letters to superiors, including Lincoln, that African Americans were equal to whites as soldiers and raised and employed more troops as the war continued.\n\nIn his first term as president, he also spent significant energy fighting racism. He supported the passage of civil rights legislation and the 15th amendment. He also employed Attorney General Ackerman and formed the modern Justice Department expressly for the purpose of fighting the KKK. This was also the period of the Jubilation in which the civic and economic lives of African Americans were supported through reconstruction and black Americans were briefly allowed a seat at the table of American society. \n\nIn Grant's second term, distractions from scandals detracted from his work in the South and the so-called redeemers began to take power which ultimately resulted in Jim Crow and the pseudo-slavery of late 1800s - early 1900s. \n\nThis is informed by *Grant* by Rod Chernow, which is great but I'm only about half way through it.", "edited": false, "downs": 0, "author_flair_css_class": null, "is_submitter": false, "collapsed": false, "author_flair_richtext": [], "author_patreon_flair": false, "body_html": "&lt;div class=\"md\"&gt;&lt;p&gt;Grant is a president who&amp;#39;s reputation has yo-yo&amp;#39;ed up and down considerably over time. Both as a military and political leader, his reputation fell hard in the early to mid 1900s when the Lost Cause view was still popular among serious academics. &lt;/p&gt;\n\n&lt;p&gt;For your question on whether Grant, &amp;quot;did more for black Americans than any other white man?&amp;quot; that seems like a question for better historians than I to debate, but I can add some useful contextual information. &lt;/p&gt;\n\n&lt;p&gt;Grant grew up in a strict Methodist household and his family were abolitionists. Grant himself was, at first, ambiguous on the question of slavery. He married into a family of well off slave owners from Missouri, and accepted his wife&amp;#39;s owning of slaves though he often said he would free any who were given to him. &lt;/p&gt;\n\n&lt;p&gt;As the war got going, Grant initially saw the issue of escaped slaves, so-called contra-bands, in realist military terms. He knew the South needed the workers and was happy to employ them doing menial work for the Union war effort. He made no special push for allowing black Americans to join the army, but when he did employ some black unit after the Siege of Vicksburg in 1863, he was impressed by their fighting ability. From then on he argued in letters to superiors, including Lincoln, that African Americans were equal to whites as soldiers and raised and employed more troops as the war continued.&lt;/p&gt;\n\n&lt;p&gt;In his first term as president, he also spent significant energy fighting racism. He supported the passage of civil rights legislation and the 15th amendment. He also employed Attorney General Ackerman and formed the modern Justice Department expressly for the purpose of fighting the KKK. This was also the period of the Jubilation in which the civic and economic lives of African Americans were supported through reconstruction and black Americans were briefly allowed a seat at the table of American society. &lt;/p&gt;\n\n&lt;p&gt;In Grant&amp;#39;s second term, distractions from scandals detracted from his work in the South and the so-called redeemers began to take power which ultimately resulted in Jim Crow and the pseudo-slavery of late 1800s - early 1900s. &lt;/p&gt;\n\n&lt;p&gt;This is informed by &lt;em&gt;Grant&lt;/em&gt; by Rod Chernow, which is great but I&amp;#39;m only about half way through it.&lt;/p&gt;\n&lt;/div&gt;", "gildings": {}, "collapsed_reason": null, "associated_award": null, "stickied": false, "author_premium": false, "subreddit_type": "public", "can_gild": true, "top_awarded_type": null, "author_flair_text_color": null, "score_hidden": false, "permalink": "/r/AskHistorians/comments/hjum3a/grant_was_great_right/fwp1fzv/", "num_reports": null, "locked": false, "name": "t1_fwp1fzv", "created": 1593726248.0, "subreddit": "AskHistorians", "author_flair_text": null, "treatment_tags": [], "created_utc": 1593697448.0, "subreddit_name_prefixed": "r/AskHistorians", "controversiality": 0, "depth": 0, "author_flair_background_color": null, "collapsed_because_crowd_control": null, "mod_reports": [], "mod_note": null, "distinguished": null}}, {"kind": "t1", "data": {"total_awards_received": 0, "approved_at_utc": null, "ups": 1, "awarders": [], "mod_reason_by": null, "banned_by": null, "author_flair_type": "richtext", "removal_reason": null, "link_id": "t3_hjum3a", "author_flair_template_id": "9e641f94-c626-11e2-8e2c-12313b0b21ae", "likes": null, "replies": "", "user_reports": [], "saved": false, "id": "fwp6oli", "banned_at_utc": null, "mod_reason_title": null, "gilded": 0, "archived": false, "no_follow": true, "author": "Iphikrates", "can_mod_post": false, "send_replies": true, "parent_id": "t3_hjum3a", "score": 1, "author_fullname": "t2_nxyvc", "report_reasons": null, "approved_by": null, "all_awardings": [], "subreddit_id": "t5_2ssp3", "body": "This submission has been removed because it violates the [rule on poll-type questions](http://www.reddit.com/r/AskHistorians/wiki/rules#wiki_no_.22poll.22-type_questions). These questions do not lend themselves to answers with a firm foundation in sources and research, and the resulting threads usually turn into monsters with enormous speculation and little focused discussion. Questions about the \"most\", the \"worst\", or other value judgments usually lead to vague, subjective, and speculative answers.  For further information, please consult [this Roundtable discussion](https://www.reddit.com/r/AskHistorians/comments/48hjn0/rules_roundtable_6_the_no_polltype_questions_rule/).\n\nFor questions of this type, we ask that you redirect them to more appropriate subreddits, such as /r/history or /r/askhistory.", "edited": false, "downs": 0, "author_flair_css_class": null, "is_submitter": false, "collapsed": false, "author_flair_richtext": [{"e": "text", "t": "Moderator | Greek Warfare"}], "author_patreon_flair": false, "body_html": "&lt;div class=\"md\"&gt;&lt;p&gt;This submission has been removed because it violates the &lt;a href=\"http://www.reddit.com/r/AskHistorians/wiki/rules#wiki_no_.22poll.22-type_questions\"&gt;rule on poll-type questions&lt;/a&gt;. These questions do not lend themselves to answers with a firm foundation in sources and research, and the resulting threads usually turn into monsters with enormous speculation and little focused discussion. Questions about the &amp;quot;most&amp;quot;, the &amp;quot;worst&amp;quot;, or other value judgments usually lead to vague, subjective, and speculative answers.  For further information, please consult &lt;a href=\"https://www.reddit.com/r/AskHistorians/comments/48hjn0/rules_roundtable_6_the_no_polltype_questions_rule/\"&gt;this Roundtable discussion&lt;/a&gt;.&lt;/p&gt;\n\n&lt;p&gt;For questions of this type, we ask that you redirect them to more appropriate subreddits, such as &lt;a href=\"/r/history\"&gt;/r/history&lt;/a&gt; or &lt;a href=\"/r/askhistory\"&gt;/r/askhistory&lt;/a&gt;.&lt;/p&gt;\n&lt;/div&gt;", "gildings": {}, "collapsed_reason": null, "associated_award": null, "stickied": false, "author_premium": true, "subreddit_type": "public", "can_gild": true, "top_awarded_type": null, "author_flair_text_color": "light", "score_hidden": false, "permalink": "/r/AskHistorians/comments/hjum3a/grant_was_great_right/fwp6oli/", "num_reports": null, "locked": false, "name": "t1_fwp6oli", "created": 1593728715.0, "subreddit": "AskHistorians", "author_flair_text": "Moderator | Greek Warfare", "treatment_tags": [], "created_utc": 1593699915.0, "subreddit_name_prefixed": "r/AskHistorians", "controversiality": 0, "depth": 0, "author_flair_background_color": "#993366", "collapsed_because_crowd_control": null, "mod_reports": [], "mod_note": null, "distinguished": "moderator"}}], "after": null, "before": null}}]