[{"kind": "Listing", "data": {"modhash": "", "dist": 1, "children": [{"kind": "t3", "data": {"approved_at_utc": null, "subreddit": "AskHistorians", "selftext": "", "user_reports": [], "saved": false, "mod_reason_title": null, "gilded": 0, "clicked": false, "title": "How pilgrim-friendly were the medieval Rome/ Mecca/ Jerusalem/ Bodh Gaya? Were there facilities for accommodation, food etc? Were there medieval versions of consulates or diplomatic missions for pilgrims from other nations? Was language a major issue? How welcoming were the locals?", "link_flair_richtext": [], "subreddit_name_prefixed": "r/AskHistorians", "hidden": false, "pwls": 6, "link_flair_css_class": null, "downs": 0, "top_awarded_type": null, "parent_whitelist_status": "all_ads", "hide_score": false, "name": "t3_hjusq4", "quarantine": false, "link_flair_text_color": "dark", "upvote_ratio": 1.0, "author_flair_background_color": null, "subreddit_type": "public", "ups": 2, "total_awards_received": 0, "media_embed": {}, "author_flair_template_id": null, "is_original_content": false, "author_fullname": "t2_3rhegcqr", "secure_media": null, "is_reddit_media_domain": false, "is_meta": false, "category": null, "secure_media_embed": {}, "link_flair_text": null, "can_mod_post": false, "score": 2, "approved_by": null, "author_premium": false, "thumbnail": "", "edited": false, "author_flair_css_class": null, "author_flair_richtext": [], "gildings": {}, "content_categories": null, "is_self": true, "mod_note": null, "created": 1593715573.0, "link_flair_type": "text", "wls": 6, "removed_by_category": null, "banned_by": null, "author_flair_type": "text", "domain": "self.AskHistorians", "allow_live_comments": false, "selftext_html": null, "likes": null, "suggested_sort": null, "banned_at_utc": null, "view_count": null, "archived": false, "no_follow": true, "is_crosspostable": false, "pinned": false, "over_18": false, "all_awardings": [], "awarders": [], "media_only": false, "can_gild": false, "spoiler": false, "locked": false, "author_flair_text": null, "treatment_tags": [], "visited": false, "removed_by": null, "num_reports": null, "distinguished": null, "subreddit_id": "t5_2ssp3", "mod_reason_by": null, "removal_reason": null, "link_flair_background_color": "", "id": "hjusq4", "is_robot_indexable": true, "num_duplicates": 1, "report_reasons": null, "author": "whelmedntriggered", "discussion_type": null, "num_comments": 3, "send_replies": true, "media": null, "contest_mode": false, "author_patreon_flair": false, "author_flair_text_color": null, "permalink": "/r/AskHistorians/comments/hjusq4/how_pilgrimfriendly_were_the_medieval_rome_mecca/", "whitelist_status": "all_ads", "stickied": false, "url": "https://www.reddit.com/r/AskHistorians/comments/hjusq4/how_pilgrimfriendly_were_the_medieval_rome_mecca/", "subreddit_subscribers": 1246422, "created_utc": 1593686773.0, "num_crossposts": 0, "mod_reports": [], "is_video": false}}], "after": null, "before": null}}, {"kind": "Listing", "data": {"modhash": "", "dist": null, "children": [{"kind": "t1", "data": {"total_awards_received": 0, "approved_at_utc": null, "ups": 1, "awarders": [], "mod_reason_by": null, "banned_by": null, "author_flair_type": "richtext", "removal_reason": null, "link_id": "t3_hjusq4", "author_flair_template_id": "9e641f94-c626-11e2-8e2c-12313b0b21ae", "likes": null, "replies": "", "user_reports": [], "saved": false, "id": "fwokro0", "banned_at_utc": null, "mod_reason_title": null, "gilded": 0, "archived": false, "no_follow": true, "author": "AutoModerator", "can_mod_post": false, "send_replies": false, "parent_id": "t3_hjusq4", "score": 1, "author_fullname": "t2_6l4z3", "report_reasons": null, "approved_by": null, "all_awardings": [], "subreddit_id": "t5_2ssp3", "body": "Welcome to /r/AskHistorians. **Please [Read Our Rules](https://www.reddit.com/r/AskHistorians/wiki/rules) before you comment in this community**. Understand that rule breaking comments get removed.\n\nWe thank you for your interest in this *question*, and your patience in waiting for an in-depth and comprehensive answer to be written, which takes time. Please consider **[Clicking Here for RemindMeBot](https://www.reddit.com/message/compose/?to=RemindMeBot&amp;subject=Reminder&amp;message=%5Bhttps://www.reddit.com/r/AskHistorians/comments/hjusq4/how_pilgrimfriendly_were_the_medieval_rome_mecca/%5D%0A%0ARemindMe!%202%20days)**, [using our Browser Extension](https://www.reddit.com/r/AskHistorians/comments/d6dzi7/tired_of_clicking_to_find_only_removed_comments/), or getting the [Weekly Roundup](https://www.reddit.com/message/compose?to=subredditsummarybot&amp;subject=askhistorians+weekly&amp;message=x). In the meantime our [Twitter](https://twitter.com/askhistorians), [Facebook](https://www.facebook.com/askhistorians/), and [Sunday Digest](https://www.reddit.com/r/AskHistorians/search?q=title%3A%22Sunday+Digest%22&amp;restrict_sr=on&amp;sort=new&amp;t=all) feature excellent content that has already been written!\n\n\n*I am a bot, and this action was performed automatically. Please [contact the moderators of this subreddit](/message/compose/?to=/r/AskHistorians) if you have any questions or concerns.*", "edited": false, "downs": 0, "author_flair_css_class": null, "is_submitter": false, "collapsed": false, "author_flair_richtext": [{"e": "text", "t": "History of Robotics"}], "author_patreon_flair": false, "body_html": "&lt;div class=\"md\"&gt;&lt;p&gt;Welcome to &lt;a href=\"/r/AskHistorians\"&gt;/r/AskHistorians&lt;/a&gt;. &lt;strong&gt;Please &lt;a href=\"https://www.reddit.com/r/AskHistorians/wiki/rules\"&gt;Read Our Rules&lt;/a&gt; before you comment in this community&lt;/strong&gt;. Understand that rule breaking comments get removed.&lt;/p&gt;\n\n&lt;p&gt;We thank you for your interest in this &lt;em&gt;question&lt;/em&gt;, and your patience in waiting for an in-depth and comprehensive answer to be written, which takes time. Please consider &lt;strong&gt;&lt;a href=\"https://www.reddit.com/message/compose/?to=RemindMeBot&amp;amp;subject=Reminder&amp;amp;message=%5Bhttps://www.reddit.com/r/AskHistorians/comments/hjusq4/how_pilgrimfriendly_were_the_medieval_rome_mecca/%5D%0A%0ARemindMe!%202%20days\"&gt;Clicking Here for RemindMeBot&lt;/a&gt;&lt;/strong&gt;, &lt;a href=\"https://www.reddit.com/r/AskHistorians/comments/d6dzi7/tired_of_clicking_to_find_only_removed_comments/\"&gt;using our Browser Extension&lt;/a&gt;, or getting the &lt;a href=\"https://www.reddit.com/message/compose?to=subredditsummarybot&amp;amp;subject=askhistorians+weekly&amp;amp;message=x\"&gt;Weekly Roundup&lt;/a&gt;. In the meantime our &lt;a href=\"https://twitter.com/askhistorians\"&gt;Twitter&lt;/a&gt;, &lt;a href=\"https://www.facebook.com/askhistorians/\"&gt;Facebook&lt;/a&gt;, and &lt;a href=\"https://www.reddit.com/r/AskHistorians/search?q=title%3A%22Sunday+Digest%22&amp;amp;restrict_sr=on&amp;amp;sort=new&amp;amp;t=all\"&gt;Sunday Digest&lt;/a&gt; feature excellent content that has already been written!&lt;/p&gt;\n\n&lt;p&gt;&lt;em&gt;I am a bot, and this action was performed automatically. Please &lt;a href=\"/message/compose/?to=/r/AskHistorians\"&gt;contact the moderators of this subreddit&lt;/a&gt; if you have any questions or concerns.&lt;/em&gt;&lt;/p&gt;\n&lt;/div&gt;", "gildings": {}, "collapsed_reason": null, "associated_award": null, "stickied": true, "author_premium": true, "subreddit_type": "public", "can_gild": true, "top_awarded_type": null, "author_flair_text_color": "light", "score_hidden": true, "permalink": "/r/AskHistorians/comments/hjusq4/how_pilgrimfriendly_were_the_medieval_rome_mecca/fwokro0/", "num_reports": null, "locked": true, "name": "t1_fwokro0", "created": 1593715573.0, "subreddit": "AskHistorians", "author_flair_text": "History of Robotics", "treatment_tags": [], "created_utc": 1593686773.0, "subreddit_name_prefixed": "r/AskHistorians", "controversiality": 0, "depth": 0, "author_flair_background_color": "#993366", "collapsed_because_crowd_control": null, "mod_reports": [], "mod_note": null, "distinguished": "moderator"}}, {"kind": "t1", "data": {"total_awards_received": 0, "approved_at_utc": null, "ups": 3, "awarders": [], "mod_reason_by": null, "banned_by": null, "author_flair_type": "richtext", "removal_reason": null, "link_id": "t3_hjusq4", "author_flair_template_id": "7b2f3f40-c626-11e2-9a3e-12313d1841d1", "likes": null, "replies": {"kind": "Listing", "data": {"modhash": "", "dist": null, "children": [{"kind": "t1", "data": {"total_awards_received": 0, "approved_at_utc": null, "ups": 2, "awarders": [], "mod_reason_by": null, "banned_by": null, "author_flair_type": "text", "removal_reason": null, "link_id": "t3_hjusq4", "author_flair_template_id": null, "likes": null, "replies": "", "user_reports": [], "saved": false, "id": "fwrk6xg", "banned_at_utc": null, "mod_reason_title": null, "gilded": 0, "archived": false, "no_follow": true, "author": "whelmedntriggered", "can_mod_post": false, "send_replies": true, "parent_id": "t1_fwpv4ut", "score": 2, "author_fullname": "t2_3rhegcqr", "report_reasons": null, "approved_by": null, "all_awardings": [], "subreddit_id": "t5_2ssp3", "collapsed": false, "body": "Thank you. This is very informative. Even i had assumed there would have been organised groups and caravans along theses routes. Answers most of ky questions to a large extent.", "edited": false, "author_flair_css_class": null, "is_submitter": true, "downs": 0, "author_flair_richtext": [], "author_patreon_flair": false, "body_html": "&lt;div class=\"md\"&gt;&lt;p&gt;Thank you. This is very informative. Even i had assumed there would have been organised groups and caravans along theses routes. Answers most of ky questions to a large extent.&lt;/p&gt;\n&lt;/div&gt;", "gildings": {}, "collapsed_reason": null, "associated_award": null, "stickied": false, "author_premium": false, "subreddit_type": "public", "can_gild": true, "top_awarded_type": null, "author_flair_text_color": null, "score_hidden": false, "permalink": "/r/AskHistorians/comments/hjusq4/how_pilgrimfriendly_were_the_medieval_rome_mecca/fwrk6xg/", "num_reports": null, "locked": false, "name": "t1_fwrk6xg", "created": 1593771934.0, "subreddit": "AskHistorians", "author_flair_text": null, "treatment_tags": [], "created_utc": 1593743134.0, "subreddit_name_prefixed": "r/AskHistorians", "controversiality": 0, "depth": 1, "author_flair_background_color": null, "collapsed_because_crowd_control": null, "mod_reports": [], "mod_note": null, "distinguished": null}}], "after": null, "before": null}}, "user_reports": [], "saved": false, "id": "fwpv4ut", "banned_at_utc": null, "mod_reason_title": null, "gilded": 0, "archived": false, "no_follow": true, "author": "WelfOnTheShelf", "can_mod_post": false, "send_replies": true, "parent_id": "t3_hjusq4", "score": 3, "author_fullname": "t2_2m8yl53s", "report_reasons": null, "approved_by": null, "all_awardings": [], "subreddit_id": "t5_2ssp3", "body": "I don't think I can answer all of these questions, but I've worked on some questions in the past that might be helpful, at least for Rome and Jerusalem!\n\n[How did medieval travellers perceive Rome as a city?](https://www.reddit.com/r/AskHistorians/comments/c7p5xy/how_did_medieval_travellers_perceive_rome_as_a/eshpfd3/)\n\n[Was tourism and sightseeing a thing in the past, centuries ago? If yes, how did it go?](https://www.reddit.com/r/AskHistorians/comments/hc8w4d/was_tourism_and_sightseeing_a_thing_in_the_past/fvgo877/)\n\n[What  was Crusader \u2018Tourism\u201d like? Where the knights and lords who  participated ever in much danger, or was it more fixed and showy like  much Tourism today?](https://www.reddit.com/r/AskHistorians/comments/fxxqw6/what_was_crusader_tourism_like_where_the_knights/fn0z4p5/)", "edited": false, "downs": 0, "author_flair_css_class": null, "is_submitter": false, "collapsed": false, "author_flair_richtext": [{"e": "text", "t": "Crusader States | Medieval Law"}], "author_patreon_flair": false, "body_html": "&lt;div class=\"md\"&gt;&lt;p&gt;I don&amp;#39;t think I can answer all of these questions, but I&amp;#39;ve worked on some questions in the past that might be helpful, at least for Rome and Jerusalem!&lt;/p&gt;\n\n&lt;p&gt;&lt;a href=\"https://www.reddit.com/r/AskHistorians/comments/c7p5xy/how_did_medieval_travellers_perceive_rome_as_a/eshpfd3/\"&gt;How did medieval travellers perceive Rome as a city?&lt;/a&gt;&lt;/p&gt;\n\n&lt;p&gt;&lt;a href=\"https://www.reddit.com/r/AskHistorians/comments/hc8w4d/was_tourism_and_sightseeing_a_thing_in_the_past/fvgo877/\"&gt;Was tourism and sightseeing a thing in the past, centuries ago? If yes, how did it go?&lt;/a&gt;&lt;/p&gt;\n\n&lt;p&gt;&lt;a href=\"https://www.reddit.com/r/AskHistorians/comments/fxxqw6/what_was_crusader_tourism_like_where_the_knights/fn0z4p5/\"&gt;What  was Crusader \u2018Tourism\u201d like? Where the knights and lords who  participated ever in much danger, or was it more fixed and showy like  much Tourism today?&lt;/a&gt;&lt;/p&gt;\n&lt;/div&gt;", "gildings": {}, "collapsed_reason": null, "associated_award": null, "stickied": false, "author_premium": false, "subreddit_type": "public", "can_gild": true, "top_awarded_type": null, "author_flair_text_color": "light", "score_hidden": false, "permalink": "/r/AskHistorians/comments/hjusq4/how_pilgrimfriendly_were_the_medieval_rome_mecca/fwpv4ut/", "num_reports": null, "locked": false, "name": "t1_fwpv4ut", "created": 1593739775.0, "subreddit": "AskHistorians", "author_flair_text": "Crusader States | Medieval Law", "treatment_tags": [], "created_utc": 1593710975.0, "subreddit_name_prefixed": "r/AskHistorians", "controversiality": 0, "depth": 0, "author_flair_background_color": "#003399", "collapsed_because_crowd_control": null, "mod_reports": [], "mod_note": null, "distinguished": null}}], "after": null, "before": null}}]