[{"kind": "Listing", "data": {"modhash": "", "dist": 1, "children": [{"kind": "t3", "data": {"approved_at_utc": null, "subreddit": "AskHistorians", "selftext": "I've been reading Daniel Branch's *Kenya* and he mentions how in 1965 and 1971, two attempted coups were thwarted but he implies that in reality there was little too them; how developed were these plots? Were they a serious threat?\n\nFor example, with regard to 1965, he quotes one intelligence source as saying hundreds of weapons were obtained from Odinga's office but then goes on to say that no substantive evidence was ever presented? Also, with regard to 1971, although he states that a plot definitely existed, that it was little more than a 'one in a million' chance of success.\n\n**Were the 1965 and 1971 coup plots against the Kenya government genuine threats or were they not really credible?**\n\nThanks.", "user_reports": [], "saved": false, "mod_reason_title": null, "gilded": 0, "clicked": false, "title": "How serious were early Kenyan coup attempts or were they not really credible?", "link_flair_richtext": [], "subreddit_name_prefixed": "r/AskHistorians", "hidden": false, "pwls": 6, "link_flair_css_class": null, "downs": 0, "parent_whitelist_status": "all_ads", "hide_score": false, "name": "t3_62w8ad", "quarantine": false, "link_flair_text_color": "dark", "upvote_ratio": 0.6, "author_flair_background_color": null, "subreddit_type": "public", "ups": 1, "domain": "self.AskHistorians", "media_embed": {}, "author_flair_template_id": null, "is_original_content": false, "secure_media": null, "is_reddit_media_domain": false, "category": null, "secure_media_embed": {}, "link_flair_text": null, "can_mod_post": false, "score": 1, "approved_by": null, "thumbnail": "", "edited": false, "author_flair_css_class": null, "author_flair_richtext": [], "content_categories": null, "is_self": true, "mod_note": null, "created": 1491116842.0, "link_flair_type": "text", "wls": 6, "post_categories": null, "banned_by": null, "author_flair_type": "text", "contest_mode": false, "selftext_html": "&lt;!-- SC_OFF --&gt;&lt;div class=\"md\"&gt;&lt;p&gt;I&amp;#39;ve been reading Daniel Branch&amp;#39;s &lt;em&gt;Kenya&lt;/em&gt; and he mentions how in 1965 and 1971, two attempted coups were thwarted but he implies that in reality there was little too them; how developed were these plots? Were they a serious threat?&lt;/p&gt;\n\n&lt;p&gt;For example, with regard to 1965, he quotes one intelligence source as saying hundreds of weapons were obtained from Odinga&amp;#39;s office but then goes on to say that no substantive evidence was ever presented? Also, with regard to 1971, although he states that a plot definitely existed, that it was little more than a &amp;#39;one in a million&amp;#39; chance of success.&lt;/p&gt;\n\n&lt;p&gt;&lt;strong&gt;Were the 1965 and 1971 coup plots against the Kenya government genuine threats or were they not really credible?&lt;/strong&gt;&lt;/p&gt;\n\n&lt;p&gt;Thanks.&lt;/p&gt;\n&lt;/div&gt;&lt;!-- SC_ON --&gt;", "likes": null, "suggested_sort": null, "banned_at_utc": null, "view_count": null, "archived": true, "no_follow": true, "is_crosspostable": false, "pinned": false, "over_18": false, "media_only": false, "can_gild": false, "spoiler": false, "locked": false, "author_flair_text": null, "rte_mode": "markdown", "visited": false, "num_reports": null, "distinguished": null, "subreddit_id": "t5_2ssp3", "mod_reason_by": null, "removal_reason": null, "id": "62w8ad", "report_reasons": null, "author": "fishymcgee", "num_crossposts": 0, "num_comments": 0, "send_replies": true, "mod_reports": [], "author_flair_text_color": null, "permalink": "/r/AskHistorians/comments/62w8ad/how_serious_were_early_kenyan_coup_attempts_or/", "whitelist_status": "all_ads", "stickied": false, "url": "https://www.reddit.com/r/AskHistorians/comments/62w8ad/how_serious_were_early_kenyan_coup_attempts_or/", "subreddit_subscribers": 770873, "created_utc": 1491088042.0, "media": null, "is_video": false}}], "after": null, "before": null}}, {"kind": "Listing", "data": {"modhash": "", "dist": null, "children": [], "after": null, "before": null}}]