[{"kind": "Listing", "data": {"modhash": "", "dist": 1, "children": [{"kind": "t3", "data": {"approved_at_utc": null, "subreddit": "AskHistorians", "selftext": "I realize that this encompasses a rather large time period, rather different cultures and locations, nevertheless I'm interested in the question in the many different possible contexts.", "user_reports": [], "saved": false, "mod_reason_title": null, "gilded": 0, "clicked": false, "title": "Were Large Stone Roman and Medieval Buildings Well Built, hence all those Standing Today, or Poorly Built and we Only See the Few that were Solidly Built?", "link_flair_richtext": [], "subreddit_name_prefixed": "r/AskHistorians", "hidden": false, "pwls": 6, "link_flair_css_class": null, "downs": 0, "parent_whitelist_status": "all_ads", "hide_score": false, "name": "t3_62xh66", "quarantine": false, "link_flair_text_color": "dark", "upvote_ratio": 0.95, "author_flair_background_color": null, "subreddit_type": "public", "ups": 225, "domain": "self.AskHistorians", "media_embed": {}, "author_flair_template_id": null, "is_original_content": false, "secure_media": null, "is_reddit_media_domain": false, "category": null, "secure_media_embed": {}, "link_flair_text": null, "can_mod_post": false, "score": 225, "approved_by": null, "thumbnail": "", "edited": false, "author_flair_css_class": null, "author_flair_richtext": [], "content_categories": null, "is_self": true, "mod_note": null, "created": 1491131645.0, "link_flair_type": "text", "wls": 6, "post_categories": null, "banned_by": null, "author_flair_type": "text", "contest_mode": false, "selftext_html": "&lt;!-- SC_OFF --&gt;&lt;div class=\"md\"&gt;&lt;p&gt;I realize that this encompasses a rather large time period, rather different cultures and locations, nevertheless I&amp;#39;m interested in the question in the many different possible contexts.&lt;/p&gt;\n&lt;/div&gt;&lt;!-- SC_ON --&gt;", "likes": null, "suggested_sort": null, "banned_at_utc": null, "view_count": null, "archived": true, "no_follow": false, "is_crosspostable": false, "pinned": false, "over_18": false, "media_only": false, "can_gild": false, "spoiler": false, "locked": false, "author_flair_text": null, "rte_mode": "markdown", "visited": false, "num_reports": null, "distinguished": null, "subreddit_id": "t5_2ssp3", "mod_reason_by": null, "removal_reason": null, "id": "62xh66", "report_reasons": null, "author": "Veqq", "num_crossposts": 0, "num_comments": 4, "send_replies": true, "mod_reports": [], "author_flair_text_color": null, "permalink": "/r/AskHistorians/comments/62xh66/were_large_stone_roman_and_medieval_buildings/", "whitelist_status": "all_ads", "stickied": false, "url": "https://www.reddit.com/r/AskHistorians/comments/62xh66/were_large_stone_roman_and_medieval_buildings/", "subreddit_subscribers": 770874, "created_utc": 1491102845.0, "media": null, "is_video": false}}], "after": null, "before": null}}, {"kind": "Listing", "data": {"modhash": "", "dist": null, "children": [{"kind": "t1", "data": {"subreddit_id": "t5_2ssp3", "approved_at_utc": null, "ups": 29, "mod_reason_by": null, "banned_by": null, "author_flair_type": "richtext", "removal_reason": null, "link_id": "t3_62xh66", "author_flair_template_id": null, "likes": null, "no_follow": false, "replies": "", "user_reports": [], "saved": false, "id": "dfqaxu6", "banned_at_utc": null, "mod_reason_title": null, "gilded": 0, "archived": true, "report_reasons": null, "author": "bitparity", "can_mod_post": false, "send_replies": true, "parent_id": "t3_62xh66", "score": 29, "approved_by": null, "downs": 0, "body": "Well it's really a combination of several factors, not all of it tied to construction material.\n\nFirst, is in fact the construction material.  As I'm sure you're probably aware, the Romans were some of the pioneers of concrete construction.  Many of the very large structures in Rome, like the various baths or the pantheon were constructed out of Roman concrete and so were very durable.  However, these tend to be public or aristocratically financed buildings.  You're never going to see the survival of anything made out of more biodegradable material unless it's maintained regularly and continuously (like for example Chinese and Japanese Buddhist monasteries with continuous inhabitation).\n\nHowever, there's a second, less obvious reason for the survival of Roman buildings.  It's because there was a massive economic decline in the aftermath of the collapse of the mediterranean Roman empire which led to the abandonment of those buildings, without the economy for re-occupation until nearly a millenium later, when there was antiquarian interest in preserving those ruins.  \n\nThere were some very well constructed monumental Roman buildings in the eastern mediterranean, like in Alexandria for instance.  However Alexandria and many other cities in the east had nearly continuous occupation, so once large monumental buildings were abandoned and ceased having purpose, those building sites were reclaimed.  Either the structures were used as quarries for new buildings, or they just removed those old structures and built new ones atop it.  This reclamation of course has no bearing on the solidity of the building structure.  \n\nWhat this means is when you see a long-standing Roman building, it either has a history of continuous occupation (Pantheon) or it existed in an abandoned older part of a shrunken medieval city (Baths of Caracalla), or it was excavated later and preserved because of antiquarian interest (The Roman Arena in Paris comes to mind).  If the city had continuous inhabitation across the entirety of the period, especially across cultures that had no antiquarian interest in their Roman past (like Islamic mediterranean cities), those structures wouldn't likely survive.  Which is why in Alexandria today, the parts that were Roman that do survive are the ones that were excavated in the last few hundred years, not those that have survived because they were somehow better built.", "edited": false, "author_flair_css_class": "europe", "collapsed": false, "author_flair_richtext": [{"e": "text", "t": "Post-Roman Transformation"}], "is_submitter": false, "collapsed_reason": null, "body_html": "&lt;div class=\"md\"&gt;&lt;p&gt;Well it&amp;#39;s really a combination of several factors, not all of it tied to construction material.&lt;/p&gt;\n\n&lt;p&gt;First, is in fact the construction material.  As I&amp;#39;m sure you&amp;#39;re probably aware, the Romans were some of the pioneers of concrete construction.  Many of the very large structures in Rome, like the various baths or the pantheon were constructed out of Roman concrete and so were very durable.  However, these tend to be public or aristocratically financed buildings.  You&amp;#39;re never going to see the survival of anything made out of more biodegradable material unless it&amp;#39;s maintained regularly and continuously (like for example Chinese and Japanese Buddhist monasteries with continuous inhabitation).&lt;/p&gt;\n\n&lt;p&gt;However, there&amp;#39;s a second, less obvious reason for the survival of Roman buildings.  It&amp;#39;s because there was a massive economic decline in the aftermath of the collapse of the mediterranean Roman empire which led to the abandonment of those buildings, without the economy for re-occupation until nearly a millenium later, when there was antiquarian interest in preserving those ruins.  &lt;/p&gt;\n\n&lt;p&gt;There were some very well constructed monumental Roman buildings in the eastern mediterranean, like in Alexandria for instance.  However Alexandria and many other cities in the east had nearly continuous occupation, so once large monumental buildings were abandoned and ceased having purpose, those building sites were reclaimed.  Either the structures were used as quarries for new buildings, or they just removed those old structures and built new ones atop it.  This reclamation of course has no bearing on the solidity of the building structure.  &lt;/p&gt;\n\n&lt;p&gt;What this means is when you see a long-standing Roman building, it either has a history of continuous occupation (Pantheon) or it existed in an abandoned older part of a shrunken medieval city (Baths of Caracalla), or it was excavated later and preserved because of antiquarian interest (The Roman Arena in Paris comes to mind).  If the city had continuous inhabitation across the entirety of the period, especially across cultures that had no antiquarian interest in their Roman past (like Islamic mediterranean cities), those structures wouldn&amp;#39;t likely survive.  Which is why in Alexandria today, the parts that were Roman that do survive are the ones that were excavated in the last few hundred years, not those that have survived because they were somehow better built.&lt;/p&gt;\n&lt;/div&gt;", "stickied": false, "subreddit_type": "public", "can_gild": true, "subreddit": "AskHistorians", "author_flair_text_color": null, "score_hidden": false, "permalink": "/r/AskHistorians/comments/62xh66/were_large_stone_roman_and_medieval_buildings/dfqaxu6/", "num_reports": null, "name": "t1_dfqaxu6", "created": 1491176173.0, "author_flair_text": "Post-Roman Transformation", "rte_mode": "markdown", "created_utc": 1491147373.0, "subreddit_name_prefixed": "r/AskHistorians", "controversiality": 0, "depth": 0, "author_flair_background_color": null, "mod_reports": [], "mod_note": null, "distinguished": null}}, {"kind": "t1", "data": {"subreddit_id": "t5_2ssp3", "approved_at_utc": null, "ups": 11, "mod_reason_by": null, "banned_by": null, "author_flair_type": "text", "removal_reason": null, "link_id": "t3_62xh66", "author_flair_template_id": null, "likes": null, "no_follow": false, "replies": "", "user_reports": [], "saved": false, "id": "dfqga52", "banned_at_utc": null, "mod_reason_title": null, "gilded": 0, "archived": true, "report_reasons": null, "author": "BigBoud", "can_mod_post": false, "send_replies": true, "parent_id": "t3_62xh66", "score": 11, "approved_by": null, "downs": 0, "body": "In the case of buildings that *didn't* survive intact, but were built of lasting materials, in some cases the cut stone was \"cannibalised\" by later inhabitants of the same area to build new things. For example, if you visit the area around Hadrian's Wall in the UK, often the old village churches in local villages may have incorporated stones from the Wall or Wall forts. Sometimes they have inscriptions on them and you can have the fun of reading a standard Latin dedication to some god or other, sideways, half-way up a wall.", "edited": false, "author_flair_css_class": null, "collapsed": false, "author_flair_richtext": [], "is_submitter": false, "collapsed_reason": null, "body_html": "&lt;div class=\"md\"&gt;&lt;p&gt;In the case of buildings that &lt;em&gt;didn&amp;#39;t&lt;/em&gt; survive intact, but were built of lasting materials, in some cases the cut stone was &amp;quot;cannibalised&amp;quot; by later inhabitants of the same area to build new things. For example, if you visit the area around Hadrian&amp;#39;s Wall in the UK, often the old village churches in local villages may have incorporated stones from the Wall or Wall forts. Sometimes they have inscriptions on them and you can have the fun of reading a standard Latin dedication to some god or other, sideways, half-way up a wall.&lt;/p&gt;\n&lt;/div&gt;", "stickied": false, "subreddit_type": "public", "can_gild": true, "subreddit": "AskHistorians", "author_flair_text_color": null, "score_hidden": false, "permalink": "/r/AskHistorians/comments/62xh66/were_large_stone_roman_and_medieval_buildings/dfqga52/", "num_reports": null, "name": "t1_dfqga52", "created": 1491183343.0, "author_flair_text": null, "rte_mode": "markdown", "created_utc": 1491154543.0, "subreddit_name_prefixed": "r/AskHistorians", "controversiality": 0, "depth": 0, "author_flair_background_color": null, "mod_reports": [], "mod_note": null, "distinguished": null}}, {"kind": "t1", "data": {"subreddit_id": "t5_2ssp3", "approved_at_utc": null, "ups": 3, "mod_reason_by": null, "banned_by": null, "author_flair_type": "text", "removal_reason": null, "link_id": "t3_62xh66", "author_flair_template_id": null, "likes": null, "no_follow": true, "replies": "", "user_reports": [], "saved": false, "id": "dfqkrc7", "banned_at_utc": null, "mod_reason_title": null, "gilded": 0, "archived": true, "report_reasons": null, "author": "AOEUD", "can_mod_post": false, "send_replies": true, "parent_id": "t3_62xh66", "score": 3, "approved_by": null, "downs": 0, "body": "Stone is pretty permanent.  /u/bitparity outlines why some stone structures don't survive, but surviving is pretty much the default state.\n\nStone buildings use stones joined with mortar.  Stone does not rot or burn like wood, it does not rust like metal, it does not react with the environment like concrete.  Stone just sits there.\n\nMortar, however, is concrete-like and does react with the environment over the course of a century or two, but it ultimately isn't that important: gravity and friction do most of the work for keeping a stone building in one piece.", "edited": false, "author_flair_css_class": null, "collapsed": false, "author_flair_richtext": [], "is_submitter": false, "collapsed_reason": null, "body_html": "&lt;div class=\"md\"&gt;&lt;p&gt;Stone is pretty permanent.  &lt;a href=\"/u/bitparity\"&gt;/u/bitparity&lt;/a&gt; outlines why some stone structures don&amp;#39;t survive, but surviving is pretty much the default state.&lt;/p&gt;\n\n&lt;p&gt;Stone buildings use stones joined with mortar.  Stone does not rot or burn like wood, it does not rust like metal, it does not react with the environment like concrete.  Stone just sits there.&lt;/p&gt;\n\n&lt;p&gt;Mortar, however, is concrete-like and does react with the environment over the course of a century or two, but it ultimately isn&amp;#39;t that important: gravity and friction do most of the work for keeping a stone building in one piece.&lt;/p&gt;\n&lt;/div&gt;", "stickied": false, "subreddit_type": "public", "can_gild": true, "subreddit": "AskHistorians", "author_flair_text_color": null, "score_hidden": false, "permalink": "/r/AskHistorians/comments/62xh66/were_large_stone_roman_and_medieval_buildings/dfqkrc7/", "num_reports": null, "name": "t1_dfqkrc7", "created": 1491189075.0, "author_flair_text": null, "rte_mode": "markdown", "created_utc": 1491160275.0, "subreddit_name_prefixed": "r/AskHistorians", "controversiality": 0, "depth": 0, "author_flair_background_color": null, "mod_reports": [], "mod_note": null, "distinguished": null}}], "after": null, "before": null}}]