[{"kind": "Listing", "data": {"modhash": "", "dist": 1, "children": [{"kind": "t3", "data": {"approved_at_utc": null, "subreddit": "AskHistorians", "selftext": "My mother and I were talking about how apparently her father remembered hearing the bells signalling the end of the the first world war. I quickly wondered about what time it might have been. I'd like to imagine that news would have travelled quickly. But I am also aware that some japanese belligerents continued fighting for several weeks after the end of the second world war.\n\nSo if the first world war ended at 11 am, what time did the bells ring? If it matters, we are asking what time they might have rung in Medicine Hat, Alberta", "user_reports": [], "saved": false, "mod_reason_title": null, "gilded": 0, "clicked": false, "title": "How quickly did the news of the end of WWI &amp; WW2 reach the world?", "link_flair_richtext": [], "subreddit_name_prefixed": "r/AskHistorians", "hidden": false, "pwls": 6, "link_flair_css_class": null, "downs": 0, "parent_whitelist_status": "all_ads", "hide_score": false, "name": "t3_631e4x", "quarantine": false, "link_flair_text_color": "dark", "upvote_ratio": 0.57, "author_flair_background_color": null, "subreddit_type": "public", "ups": 1, "domain": "self.AskHistorians", "media_embed": {}, "author_flair_template_id": null, "is_original_content": false, "secure_media": null, "is_reddit_media_domain": false, "category": null, "secure_media_embed": {}, "link_flair_text": null, "can_mod_post": false, "score": 1, "approved_by": null, "thumbnail": "", "edited": false, "author_flair_css_class": null, "author_flair_richtext": [], "content_categories": null, "is_self": true, "mod_note": null, "created": 1491187447.0, "link_flair_type": "text", "wls": 6, "post_categories": null, "banned_by": null, "author_flair_type": "text", "contest_mode": false, "selftext_html": "&lt;!-- SC_OFF --&gt;&lt;div class=\"md\"&gt;&lt;p&gt;My mother and I were talking about how apparently her father remembered hearing the bells signalling the end of the the first world war. I quickly wondered about what time it might have been. I&amp;#39;d like to imagine that news would have travelled quickly. But I am also aware that some japanese belligerents continued fighting for several weeks after the end of the second world war.&lt;/p&gt;\n\n&lt;p&gt;So if the first world war ended at 11 am, what time did the bells ring? If it matters, we are asking what time they might have rung in Medicine Hat, Alberta&lt;/p&gt;\n&lt;/div&gt;&lt;!-- SC_ON --&gt;", "likes": null, "suggested_sort": null, "banned_at_utc": null, "view_count": null, "archived": true, "no_follow": true, "is_crosspostable": false, "pinned": false, "over_18": false, "media_only": false, "can_gild": false, "spoiler": false, "locked": false, "author_flair_text": null, "rte_mode": "markdown", "visited": false, "num_reports": null, "distinguished": null, "subreddit_id": "t5_2ssp3", "mod_reason_by": null, "removal_reason": null, "id": "631e4x", "report_reasons": null, "author": "mpmmuirhead", "num_crossposts": 0, "num_comments": 0, "send_replies": true, "mod_reports": [], "author_flair_text_color": null, "permalink": "/r/AskHistorians/comments/631e4x/how_quickly_did_the_news_of_the_end_of_wwi_ww2/", "whitelist_status": "all_ads", "stickied": false, "url": "https://www.reddit.com/r/AskHistorians/comments/631e4x/how_quickly_did_the_news_of_the_end_of_wwi_ww2/", "subreddit_subscribers": 770875, "created_utc": 1491158647.0, "media": null, "is_video": false}}], "after": null, "before": null}}, {"kind": "Listing", "data": {"modhash": "", "dist": null, "children": [], "after": null, "before": null}}]