[{"kind": "Listing", "data": {"modhash": "", "dist": 1, "children": [{"kind": "t3", "data": {"approved_at_utc": null, "subreddit": "AskHistorians", "selftext": "The Cistercian Monks believed in supporting themselves through their own labors, becoming experts in engineering and metallurgy, So did they construct their own Monasteries or did they hire a labor force?", "user_reports": [], "saved": false, "mod_reason_title": null, "gilded": 0, "clicked": false, "title": "Did medieval monks build their own monasteries, or did they hire other people to build them?", "link_flair_richtext": [], "subreddit_name_prefixed": "r/AskHistorians", "hidden": false, "pwls": 6, "link_flair_css_class": null, "downs": 0, "parent_whitelist_status": "all_ads", "hide_score": false, "name": "t3_632p1b", "quarantine": false, "link_flair_text_color": "dark", "upvote_ratio": 0.87, "author_flair_background_color": null, "subreddit_type": "public", "ups": 61, "total_awards_received": 0, "media_embed": {}, "author_flair_template_id": null, "is_original_content": false, "author_fullname": "t2_124sb2", "secure_media": null, "is_reddit_media_domain": false, "is_meta": false, "category": null, "secure_media_embed": {}, "link_flair_text": null, "can_mod_post": false, "num_duplicates": 0, "approved_by": null, "author_premium": false, "thumbnail": "", "edited": 1491172632.0, "author_flair_css_class": null, "author_flair_richtext": [], "gildings": {}, "content_categories": null, "is_self": true, "mod_note": null, "created": 1491200527.0, "link_flair_type": "text", "wls": 6, "removed_by_category": null, "banned_by": null, "author_flair_type": "text", "domain": "self.AskHistorians", "allow_live_comments": false, "selftext_html": "&lt;!-- SC_OFF --&gt;&lt;div class=\"md\"&gt;&lt;p&gt;The Cistercian Monks believed in supporting themselves through their own labors, becoming experts in engineering and metallurgy, So did they construct their own Monasteries or did they hire a labor force?&lt;/p&gt;\n&lt;/div&gt;&lt;!-- SC_ON --&gt;", "likes": null, "suggested_sort": null, "banned_at_utc": null, "view_count": null, "archived": true, "score": 61, "no_follow": false, "is_crosspostable": false, "pinned": false, "over_18": false, "all_awardings": [], "awarders": [], "media_only": false, "can_gild": false, "spoiler": false, "locked": false, "author_flair_text": null, "treatment_tags": [], "visited": false, "removed_by": null, "num_reports": null, "distinguished": null, "subreddit_id": "t5_2ssp3", "mod_reason_by": null, "removal_reason": null, "link_flair_background_color": "", "id": "632p1b", "is_robot_indexable": true, "report_reasons": null, "author": "TortaDelBBQ", "discussion_type": null, "num_comments": 2, "send_replies": true, "media": null, "contest_mode": false, "author_patreon_flair": false, "author_flair_text_color": null, "permalink": "/r/AskHistorians/comments/632p1b/did_medieval_monks_build_their_own_monasteries_or/", "whitelist_status": "all_ads", "stickied": false, "url": "https://www.reddit.com/r/AskHistorians/comments/632p1b/did_medieval_monks_build_their_own_monasteries_or/", "subreddit_subscribers": 1160749, "created_utc": 1491171727.0, "num_crossposts": 0, "mod_reports": [], "is_video": false}}], "after": null, "before": null}}, {"kind": "Listing", "data": {"modhash": "", "dist": null, "children": [{"kind": "t1", "data": {"total_awards_received": 0, "approved_at_utc": null, "ups": 1, "awarders": [], "mod_reason_by": null, "banned_by": null, "removal_reason": null, "link_id": "t3_632p1b", "author_flair_template_id": null, "likes": null, "no_follow": true, "replies": "", "user_reports": [], "saved": false, "id": "dfqtxup", "banned_at_utc": null, "mod_reason_title": null, "gilded": 0, "archived": true, "report_reasons": null, "author": "[deleted]", "can_mod_post": false, "send_replies": true, "parent_id": "t3_632p1b", "score": 1, "approved_by": null, "all_awardings": [], "subreddit_id": "t5_2ssp3", "body": "[removed]", "edited": false, "downs": 0, "author_flair_css_class": null, "collapsed": true, "is_submitter": false, "body_html": "&lt;div class=\"md\"&gt;&lt;p&gt;[removed]&lt;/p&gt;\n&lt;/div&gt;", "gildings": {}, "collapsed_reason": null, "associated_award": null, "stickied": false, "subreddit_type": "public", "can_gild": true, "subreddit": "AskHistorians", "author_flair_text_color": "dark", "score_hidden": false, "permalink": "/r/AskHistorians/comments/632p1b/did_medieval_monks_build_their_own_monasteries_or/dfqtxup/", "num_reports": null, "locked": false, "name": "t1_dfqtxup", "created": 1491201169.0, "author_flair_text": null, "treatment_tags": [], "created_utc": 1491172369.0, "subreddit_name_prefixed": "r/AskHistorians", "controversiality": 0, "depth": 0, "author_flair_background_color": "", "collapsed_because_crowd_control": null, "mod_reports": [], "mod_note": null, "distinguished": null}}], "after": null, "before": null}}]