[{"kind": "Listing", "data": {"modhash": "", "dist": 1, "children": [{"kind": "t3", "data": {"approved_at_utc": null, "subreddit": "AskHistorians", "selftext": "I've been listening to a podcast on Byzantine history and it seems as though eastern Europe and the middle east would be periodically invaded by steppe tribes, or confederations, who typically inflicted severe defeats on local forces, and often carved out a state with themselves as the elites over conquered peoples. So far in the podcast the Huns, the Magyars, the Bulgars, the Pechenegs, and the Seljuk Turks have all been covered. I know that several more invasions will take place, most notably the Mongols who seemed destined to conquer the world if not for the death of Ogedai Khan. To my knowledge, the Mongols were the last group of nomads to emerge from the steppe and devastate the settled people around them. When, and why, did the steppe warriors lose their advantage?", "user_reports": [], "saved": false, "mod_reason_title": null, "gilded": 0, "clicked": false, "title": "When did steppe riders with composite bows lose their status as the most powerful warriors in the world? If they were in fact the most powerful.", "link_flair_richtext": [], "subreddit_name_prefixed": "r/AskHistorians", "hidden": false, "pwls": 6, "link_flair_css_class": null, "downs": 0, "top_awarded_type": null, "parent_whitelist_status": "all_ads", "hide_score": false, "name": "t3_lbipta", "quarantine": false, "link_flair_text_color": "dark", "upvote_ratio": 0.9, "author_flair_background_color": null, "subreddit_type": "public", "ups": 32, "total_awards_received": 0, "media_embed": {}, "author_flair_template_id": null, "is_original_content": false, "author_fullname": "t2_5d45pgrv", "secure_media": null, "is_reddit_media_domain": false, "is_meta": false, "category": null, "secure_media_embed": {}, "link_flair_text": null, "can_mod_post": false, "score": 32, "approved_by": null, "author_premium": false, "thumbnail": "", "edited": false, "author_flair_css_class": null, "author_flair_richtext": [], "gildings": {}, "content_categories": null, "is_self": true, "mod_note": null, "created": 1612367909.0, "link_flair_type": "text", "wls": 6, "removed_by_category": null, "banned_by": null, "author_flair_type": "text", "domain": "self.AskHistorians", "allow_live_comments": false, "selftext_html": "&lt;!-- SC_OFF --&gt;&lt;div class=\"md\"&gt;&lt;p&gt;I&amp;#39;ve been listening to a podcast on Byzantine history and it seems as though eastern Europe and the middle east would be periodically invaded by steppe tribes, or confederations, who typically inflicted severe defeats on local forces, and often carved out a state with themselves as the elites over conquered peoples. So far in the podcast the Huns, the Magyars, the Bulgars, the Pechenegs, and the Seljuk Turks have all been covered. I know that several more invasions will take place, most notably the Mongols who seemed destined to conquer the world if not for the death of Ogedai Khan. To my knowledge, the Mongols were the last group of nomads to emerge from the steppe and devastate the settled people around them. When, and why, did the steppe warriors lose their advantage?&lt;/p&gt;\n&lt;/div&gt;&lt;!-- SC_ON --&gt;", "likes": null, "suggested_sort": null, "banned_at_utc": null, "view_count": null, "archived": false, "no_follow": false, "is_crosspostable": false, "pinned": false, "over_18": false, "all_awardings": [], "awarders": [], "media_only": false, "can_gild": false, "spoiler": false, "locked": false, "author_flair_text": null, "treatment_tags": [], "visited": false, "removed_by": null, "num_reports": null, "distinguished": null, "subreddit_id": "t5_2ssp3", "mod_reason_by": null, "removal_reason": null, "link_flair_background_color": "", "id": "lbipta", "is_robot_indexable": true, "num_duplicates": 0, "report_reasons": null, "author": "CharmingCouple4068", "discussion_type": null, "num_comments": 3, "send_replies": true, "media": null, "contest_mode": false, "author_patreon_flair": false, "author_flair_text_color": null, "permalink": "/r/AskHistorians/comments/lbipta/when_did_steppe_riders_with_composite_bows_lose/", "whitelist_status": "all_ads", "stickied": false, "url": "https://www.reddit.com/r/AskHistorians/comments/lbipta/when_did_steppe_riders_with_composite_bows_lose/", "subreddit_subscribers": 1329470, "created_utc": 1612339109.0, "num_crossposts": 0, "mod_reports": [], "is_video": false}}], "after": null, "before": null}}, {"kind": "Listing", "data": {"modhash": "", "dist": null, "children": [{"kind": "t1", "data": {"total_awards_received": 0, "approved_at_utc": null, "comment_type": null, "awarders": [], "mod_reason_by": null, "banned_by": null, "ups": 1, "author_flair_type": "text", "removal_reason": null, "link_id": "t3_lbipta", "author_flair_template_id": null, "likes": null, "replies": "", "user_reports": [], "saved": false, "id": "glu8cto", "banned_at_utc": null, "mod_reason_title": null, "gilded": 0, "archived": false, "no_follow": true, "author": "AutoModerator", "can_mod_post": false, "send_replies": false, "parent_id": "t3_lbipta", "score": 1, "author_fullname": "t2_6l4z3", "report_reasons": null, "approved_by": null, "all_awardings": [], "subreddit_id": "t5_2ssp3", "body": "Welcome to /r/AskHistorians. **Please [Read Our Rules](https://www.reddit.com/r/AskHistorians/wiki/rules) before you comment in this community**. Understand that [rule breaking comments get removed](https://www.reddit.com/r/AskHistorians/comments/h8aefx/rules_roundtable_xviii_removed_curation_and_why/).\n\n#Please consider **[Clicking Here for RemindMeBot](https://www.reddit.com/message/compose/?to=RemindMeBot&amp;subject=Reminder&amp;message=%5Bhttps://www.reddit.com/r/AskHistorians/comments/lbipta/when_did_steppe_riders_with_composite_bows_lose/%5D%0A%0ARemindMe!%202%20days)** as it takes time for an answer to be written. \n\nWe thank you for your interest in this *question*, and your patience in waiting for an in-depth and comprehensive answer to show up. In addition to RemindMeBot, consider [using our Browser Extension](https://www.reddit.com/r/AskHistorians/comments/d6dzi7/tired_of_clicking_to_find_only_removed_comments/), or getting the [Weekly Roundup](https://www.reddit.com/message/compose?to=subredditsummarybot&amp;subject=askhistorians+weekly&amp;message=x). In the meantime our [Twitter](https://twitter.com/askhistorians), [Facebook](https://www.facebook.com/askhistorians/), and [Sunday Digest](https://www.reddit.com/r/AskHistorians/search?q=title%3A%22Sunday+Digest%22&amp;restrict_sr=on&amp;sort=new&amp;t=all) feature excellent content that has already been written!\n\n\n*I am a bot, and this action was performed automatically. Please [contact the moderators of this subreddit](/message/compose/?to=/r/AskHistorians) if you have any questions or concerns.*", "edited": false, "downs": 0, "author_flair_css_class": null, "is_submitter": false, "collapsed": false, "author_flair_richtext": [], "author_patreon_flair": false, "body_html": "&lt;div class=\"md\"&gt;&lt;p&gt;Welcome to &lt;a href=\"/r/AskHistorians\"&gt;/r/AskHistorians&lt;/a&gt;. &lt;strong&gt;Please &lt;a href=\"https://www.reddit.com/r/AskHistorians/wiki/rules\"&gt;Read Our Rules&lt;/a&gt; before you comment in this community&lt;/strong&gt;. Understand that &lt;a href=\"https://www.reddit.com/r/AskHistorians/comments/h8aefx/rules_roundtable_xviii_removed_curation_and_why/\"&gt;rule breaking comments get removed&lt;/a&gt;.&lt;/p&gt;\n\n&lt;h1&gt;Please consider &lt;strong&gt;&lt;a href=\"https://www.reddit.com/message/compose/?to=RemindMeBot&amp;amp;subject=Reminder&amp;amp;message=%5Bhttps://www.reddit.com/r/AskHistorians/comments/lbipta/when_did_steppe_riders_with_composite_bows_lose/%5D%0A%0ARemindMe!%202%20days\"&gt;Clicking Here for RemindMeBot&lt;/a&gt;&lt;/strong&gt; as it takes time for an answer to be written.&lt;/h1&gt;\n\n&lt;p&gt;We thank you for your interest in this &lt;em&gt;question&lt;/em&gt;, and your patience in waiting for an in-depth and comprehensive answer to show up. In addition to RemindMeBot, consider &lt;a href=\"https://www.reddit.com/r/AskHistorians/comments/d6dzi7/tired_of_clicking_to_find_only_removed_comments/\"&gt;using our Browser Extension&lt;/a&gt;, or getting the &lt;a href=\"https://www.reddit.com/message/compose?to=subredditsummarybot&amp;amp;subject=askhistorians+weekly&amp;amp;message=x\"&gt;Weekly Roundup&lt;/a&gt;. In the meantime our &lt;a href=\"https://twitter.com/askhistorians\"&gt;Twitter&lt;/a&gt;, &lt;a href=\"https://www.facebook.com/askhistorians/\"&gt;Facebook&lt;/a&gt;, and &lt;a href=\"https://www.reddit.com/r/AskHistorians/search?q=title%3A%22Sunday+Digest%22&amp;amp;restrict_sr=on&amp;amp;sort=new&amp;amp;t=all\"&gt;Sunday Digest&lt;/a&gt; feature excellent content that has already been written!&lt;/p&gt;\n\n&lt;p&gt;&lt;em&gt;I am a bot, and this action was performed automatically. Please &lt;a href=\"/message/compose/?to=/r/AskHistorians\"&gt;contact the moderators of this subreddit&lt;/a&gt; if you have any questions or concerns.&lt;/em&gt;&lt;/p&gt;\n&lt;/div&gt;", "gildings": {}, "collapsed_reason": null, "associated_award": null, "stickied": true, "author_premium": true, "subreddit_type": "public", "can_gild": true, "top_awarded_type": null, "author_flair_text_color": null, "score_hidden": true, "permalink": "/r/AskHistorians/comments/lbipta/when_did_steppe_riders_with_composite_bows_lose/glu8cto/", "num_reports": null, "locked": true, "name": "t1_glu8cto", "created": 1612367909.0, "subreddit": "AskHistorians", "author_flair_text": null, "treatment_tags": [], "created_utc": 1612339109.0, "subreddit_name_prefixed": "r/AskHistorians", "controversiality": 0, "depth": 0, "author_flair_background_color": null, "collapsed_because_crowd_control": null, "mod_reports": [], "mod_note": null, "distinguished": "moderator"}}], "after": null, "before": null}}]