[{"kind": "Listing", "data": {"modhash": "", "dist": 1, "children": [{"kind": "t3", "data": {"approved_at_utc": null, "subreddit": "AskHistorians", "selftext": "I read this very interesting post on the Auxilia and it raised a few interesting questions in my mind. https://www.reddit.com/r/AskHistorians/comments/58w2p3/what_role_did_auxiliaries_play_in_a_roman_legion/\n\nThe Auxilia were established under Augustus as far as I know and while they still existed post full citizenship the lines become a lot blurred so the time frame I'm considering is up to the Constitutio Antoniniana. Essentially I'm asking if the Auxiliary saw growing tactical roles as the numbers of auxilia appeared to grow or was the utilisation largely the same. I also have some further questions.\n\nWere the Auxilia ever used to learn about the tactics of provincials in the case of rebellion?\n\nAre there any examples of famous battles or wars which saw key influence from the Auxilia?\n\nAre the Auxilia considered to be one of the primary vehicles of the Romanisation of the provinces?\n\nWere there specific Auxilia that were more used in the Early Empire vs the Late Empire due to the evolving nature of warfare?\n\nDid the increased Romanisation of the provinces diminish the uniqueness and training methods of these local troops over time? Did more and more soldiers assimilate into Roman legionary styles as opposed to keeping Balearic slinging traditions or Mauretanian Cavalry traditions, etc.?\n\nThanks for your time!", "user_reports": [], "saved": false, "mod_reason_title": null, "gilded": 0, "clicked": false, "title": "Did the structure and tactical usage of the Roman Auxilia evolve during the Early empire?", "link_flair_richtext": [], "subreddit_name_prefixed": "r/AskHistorians", "hidden": false, "pwls": 6, "link_flair_css_class": null, "downs": 0, "parent_whitelist_status": "all_ads", "hide_score": false, "name": "t3_9kp1a7", "quarantine": false, "link_flair_text_color": "dark", "upvote_ratio": 0.6, "author_flair_background_color": null, "subreddit_type": "public", "ups": 1, "domain": "self.AskHistorians", "media_embed": {}, "author_flair_template_id": null, "is_original_content": false, "author_fullname": "t2_756v4", "secure_media": null, "is_reddit_media_domain": false, "is_meta": false, "category": null, "secure_media_embed": {}, "link_flair_text": null, "can_mod_post": false, "score": 1, "approved_by": null, "thumbnail": "", "edited": false, "author_flair_css_class": null, "author_flair_richtext": [], "gildings": {"gid_1": 0, "gid_2": 0, "gid_3": 0}, "content_categories": null, "is_self": true, "mod_note": null, "created": 1538499775.0, "link_flair_type": "text", "wls": 6, "banned_by": null, "author_flair_type": "text", "contest_mode": false, "selftext_html": "&lt;!-- SC_OFF --&gt;&lt;div class=\"md\"&gt;&lt;p&gt;I read this very interesting post on the Auxilia and it raised a few interesting questions in my mind. &lt;a href=\"https://www.reddit.com/r/AskHistorians/comments/58w2p3/what_role_did_auxiliaries_play_in_a_roman_legion/\"&gt;https://www.reddit.com/r/AskHistorians/comments/58w2p3/what_role_did_auxiliaries_play_in_a_roman_legion/&lt;/a&gt;&lt;/p&gt;\n\n&lt;p&gt;The Auxilia were established under Augustus as far as I know and while they still existed post full citizenship the lines become a lot blurred so the time frame I&amp;#39;m considering is up to the Constitutio Antoniniana. Essentially I&amp;#39;m asking if the Auxiliary saw growing tactical roles as the numbers of auxilia appeared to grow or was the utilisation largely the same. I also have some further questions.&lt;/p&gt;\n\n&lt;p&gt;Were the Auxilia ever used to learn about the tactics of provincials in the case of rebellion?&lt;/p&gt;\n\n&lt;p&gt;Are there any examples of famous battles or wars which saw key influence from the Auxilia?&lt;/p&gt;\n\n&lt;p&gt;Are the Auxilia considered to be one of the primary vehicles of the Romanisation of the provinces?&lt;/p&gt;\n\n&lt;p&gt;Were there specific Auxilia that were more used in the Early Empire vs the Late Empire due to the evolving nature of warfare?&lt;/p&gt;\n\n&lt;p&gt;Did the increased Romanisation of the provinces diminish the uniqueness and training methods of these local troops over time? Did more and more soldiers assimilate into Roman legionary styles as opposed to keeping Balearic slinging traditions or Mauretanian Cavalry traditions, etc.?&lt;/p&gt;\n\n&lt;p&gt;Thanks for your time!&lt;/p&gt;\n&lt;/div&gt;&lt;!-- SC_ON --&gt;", "likes": null, "suggested_sort": null, "banned_at_utc": null, "view_count": null, "archived": false, "no_follow": true, "is_crosspostable": false, "pinned": false, "over_18": false, "media": null, "media_only": false, "link_flair_template_id": null, "can_gild": false, "spoiler": false, "locked": false, "author_flair_text": null, "visited": false, "num_reports": null, "distinguished": null, "subreddit_id": "t5_2ssp3", "mod_reason_by": null, "removal_reason": null, "link_flair_background_color": "", "id": "9kp1a7", "is_robot_indexable": true, "report_reasons": null, "author": "LusoAustralian", "num_crossposts": 0, "num_comments": 0, "send_replies": true, "author_patreon_flair": false, "author_flair_text_color": null, "permalink": "/r/AskHistorians/comments/9kp1a7/did_the_structure_and_tactical_usage_of_the_roman/", "whitelist_status": "all_ads", "stickied": false, "url": "https://www.reddit.com/r/AskHistorians/comments/9kp1a7/did_the_structure_and_tactical_usage_of_the_roman/", "subreddit_subscribers": 840478, "created_utc": 1538470975.0, "mod_reports": [], "is_video": false}}], "after": null, "before": null}}, {"kind": "Listing", "data": {"modhash": "", "dist": null, "children": [], "after": null, "before": null}}]