[{"kind": "Listing", "data": {"modhash": "", "dist": 1, "children": [{"kind": "t3", "data": {"approved_at_utc": null, "subreddit": "AskHistorians", "selftext": "I'm looking for something of a broad historical account of the post-Civil War period until the end of the century. I have Patricia Limerick's *The Legacy of Conquest*, so far. I don't mind if it's Turner theory or \"new\" thought. Just looking for a few books that encompass that subject and time period. I'll also accept recommendations for biographies on key figures within that time period, also. I checked the Wiki-list for post-Civil war, however, most of the recommendations on there aren't focused on what I'm looking for.  \n\n\nThanks a bunch!", "user_reports": [], "saved": false, "mod_reason_title": null, "gilded": 0, "clicked": false, "title": "American Frontier/West Book Recommendations?", "link_flair_richtext": [], "subreddit_name_prefixed": "r/AskHistorians", "hidden": false, "pwls": 6, "link_flair_css_class": null, "downs": 0, "parent_whitelist_status": "all_ads", "hide_score": false, "name": "t3_9kqa43", "quarantine": false, "link_flair_text_color": "dark", "upvote_ratio": 0.72, "author_flair_background_color": null, "subreddit_type": "public", "ups": 3, "domain": "self.AskHistorians", "media_embed": {}, "author_flair_template_id": null, "is_original_content": false, "author_fullname": "t2_fd4j1pb", "secure_media": null, "is_reddit_media_domain": false, "is_meta": false, "category": null, "secure_media_embed": {}, "link_flair_text": null, "can_mod_post": false, "score": 3, "approved_by": null, "thumbnail": "", "edited": false, "author_flair_css_class": null, "author_flair_richtext": [], "gildings": {"gid_1": 0, "gid_2": 0, "gid_3": 0}, "content_categories": null, "is_self": true, "mod_note": null, "created": 1538513134.0, "link_flair_type": "text", "wls": 6, "banned_by": null, "author_flair_type": "text", "contest_mode": false, "selftext_html": "&lt;!-- SC_OFF --&gt;&lt;div class=\"md\"&gt;&lt;p&gt;I&amp;#39;m looking for something of a broad historical account of the post-Civil War period until the end of the century. I have Patricia Limerick&amp;#39;s &lt;em&gt;The Legacy of Conquest&lt;/em&gt;, so far. I don&amp;#39;t mind if it&amp;#39;s Turner theory or &amp;quot;new&amp;quot; thought. Just looking for a few books that encompass that subject and time period. I&amp;#39;ll also accept recommendations for biographies on key figures within that time period, also. I checked the Wiki-list for post-Civil war, however, most of the recommendations on there aren&amp;#39;t focused on what I&amp;#39;m looking for.  &lt;/p&gt;\n\n&lt;p&gt;Thanks a bunch!&lt;/p&gt;\n&lt;/div&gt;&lt;!-- SC_ON --&gt;", "likes": null, "suggested_sort": null, "banned_at_utc": null, "view_count": null, "archived": false, "no_follow": true, "is_crosspostable": false, "pinned": false, "over_18": false, "media": null, "media_only": false, "link_flair_template_id": null, "can_gild": false, "spoiler": false, "locked": false, "author_flair_text": null, "visited": false, "num_reports": null, "distinguished": null, "subreddit_id": "t5_2ssp3", "mod_reason_by": null, "removal_reason": null, "link_flair_background_color": "", "id": "9kqa43", "is_robot_indexable": true, "report_reasons": null, "author": "LeSinisterSix", "num_crossposts": 0, "num_comments": 0, "send_replies": true, "author_patreon_flair": false, "author_flair_text_color": null, "permalink": "/r/AskHistorians/comments/9kqa43/american_frontierwest_book_recommendations/", "whitelist_status": "all_ads", "stickied": false, "url": "https://www.reddit.com/r/AskHistorians/comments/9kqa43/american_frontierwest_book_recommendations/", "subreddit_subscribers": 840478, "created_utc": 1538484334.0, "mod_reports": [], "is_video": false}}], "after": null, "before": null}}, {"kind": "Listing", "data": {"modhash": "", "dist": null, "children": [], "after": null, "before": null}}]