[{"kind": "Listing", "data": {"modhash": "", "dist": 1, "children": [{"kind": "t3", "data": {"approved_at_utc": null, "subreddit": "AskHistorians", "selftext": "", "user_reports": [], "saved": false, "mod_reason_title": null, "gilded": 0, "clicked": false, "title": "In Imperial Rome, did Freemen and Freewomen tend to remain within the household of their former enslaver or try to strike out on their own? What opportunities and perils did they face in choosing either option or perhaps others?", "link_flair_richtext": [], "subreddit_name_prefixed": "r/AskHistorians", "hidden": false, "pwls": 6, "link_flair_css_class": "great", "downs": 0, "parent_whitelist_status": "all_ads", "hide_score": false, "name": "t3_9kqoh1", "quarantine": false, "link_flair_text_color": "dark", "upvote_ratio": 0.92, "author_flair_background_color": "", "subreddit_type": "public", "ups": 73, "domain": "self.AskHistorians", "media_embed": {}, "author_flair_template_id": null, "is_original_content": false, "author_fullname": "t2_mi3l4", "secure_media": null, "is_reddit_media_domain": false, "is_meta": false, "category": null, "secure_media_embed": {}, "link_flair_text": "Great Question!", "can_mod_post": false, "score": 73, "approved_by": null, "thumbnail": "", "edited": false, "author_flair_css_class": "northamerica", "author_flair_richtext": [], "gildings": {"gid_1": 0, "gid_2": 0, "gid_3": 0}, "content_categories": null, "is_self": true, "mod_note": null, "created": 1538516299.0, "link_flair_type": "text", "wls": 6, "banned_by": null, "author_flair_type": "text", "contest_mode": false, "selftext_html": null, "likes": null, "suggested_sort": null, "banned_at_utc": null, "view_count": null, "archived": false, "no_follow": false, "is_crosspostable": false, "pinned": false, "over_18": false, "media": null, "media_only": false, "link_flair_template_id": "3f313e3e-9034-11e8-88ba-0e0ff7ad94ec", "can_gild": false, "spoiler": false, "locked": false, "author_flair_text": "19th century American South | US Slavery", "visited": false, "num_reports": null, "distinguished": null, "subreddit_id": "t5_2ssp3", "mod_reason_by": null, "removal_reason": null, "link_flair_background_color": "#7dcfb2", "id": "9kqoh1", "is_robot_indexable": true, "report_reasons": null, "author": "gm6464", "num_crossposts": 0, "num_comments": 2, "send_replies": true, "author_patreon_flair": false, "author_flair_text_color": "dark", "permalink": "/r/AskHistorians/comments/9kqoh1/in_imperial_rome_did_freemen_and_freewomen_tend/", "whitelist_status": "all_ads", "stickied": false, "url": "https://www.reddit.com/r/AskHistorians/comments/9kqoh1/in_imperial_rome_did_freemen_and_freewomen_tend/", "subreddit_subscribers": 840478, "created_utc": 1538487499.0, "mod_reports": [], "is_video": false}}], "after": null, "before": null}}, {"kind": "Listing", "data": {"modhash": "", "dist": null, "children": [{"kind": "t1", "data": {"subreddit_id": "t5_2ssp3", "approved_at_utc": null, "ups": 0, "mod_reason_by": null, "banned_by": null, "removal_reason": null, "link_id": "t3_9kqoh1", "author_flair_template_id": null, "likes": null, "no_follow": true, "replies": {"kind": "Listing", "data": {"modhash": "", "dist": null, "children": [{"kind": "t1", "data": {"subreddit_id": "t5_2ssp3", "approved_at_utc": null, "ups": 6, "mod_reason_by": null, "banned_by": null, "author_flair_type": "text", "removal_reason": null, "link_id": "t3_9kqoh1", "author_flair_template_id": "9e641f94-c626-11e2-8e2c-12313b0b21ae", "likes": null, "no_follow": false, "replies": "", "user_reports": [], "saved": false, "id": "e71kfy9", "banned_at_utc": null, "mod_reason_title": null, "gilded": 0, "archived": false, "report_reasons": null, "author": "Georgy_K_Zhukov", "can_mod_post": false, "send_replies": true, "parent_id": "t1_e71isk9", "score": 6, "author_fullname": "t2_9v6a6", "approved_by": null, "downs": 0, "body": "We ask that answers in this subreddit be [in-depth and comprehensive](https://www.reddit.com/r/AskHistorians/comments/1jsabs/what_it_means_to_post_a_good_answer_in/), and highly suggest that comments include citations for the information. In the future, please take the time to better familiarize yourself with [the rules](http://www.reddit.com/r/AskHistorians/wiki/rules#wiki_write_an_in-depth_answer) and our [Rules Roundtable](https://www.reddit.com/r/AskHistorians/comments/4kngwh/rules_roundtable_no_11_no_speculation/) on Speculation.", "edited": false, "author_flair_css_class": "moderator", "is_submitter": false, "collapsed": false, "author_flair_richtext": [], "author_patreon_flair": false, "collapsed_reason": null, "body_html": "&lt;div class=\"md\"&gt;&lt;p&gt;We ask that answers in this subreddit be &lt;a href=\"https://www.reddit.com/r/AskHistorians/comments/1jsabs/what_it_means_to_post_a_good_answer_in/\"&gt;in-depth and comprehensive&lt;/a&gt;, and highly suggest that comments include citations for the information. In the future, please take the time to better familiarize yourself with &lt;a href=\"http://www.reddit.com/r/AskHistorians/wiki/rules#wiki_write_an_in-depth_answer\"&gt;the rules&lt;/a&gt; and our &lt;a href=\"https://www.reddit.com/r/AskHistorians/comments/4kngwh/rules_roundtable_no_11_no_speculation/\"&gt;Rules Roundtable&lt;/a&gt; on Speculation.&lt;/p&gt;\n&lt;/div&gt;", "stickied": false, "subreddit_type": "public", "can_gild": true, "gildings": {"gid_1": 0, "gid_2": 0, "gid_3": 0}, "author_flair_text_color": "light", "score_hidden": false, "permalink": "/r/AskHistorians/comments/9kqoh1/in_imperial_rome_did_freemen_and_freewomen_tend/e71kfy9/", "num_reports": null, "name": "t1_e71kfy9", "created": 1538533849.0, "subreddit": "AskHistorians", "author_flair_text": "Moderator | Post-Napoleonic Warfare &amp; Small Arms | Dueling", "created_utc": 1538505049.0, "subreddit_name_prefixed": "r/AskHistorians", "controversiality": 0, "depth": 1, "author_flair_background_color": "#8b008b", "mod_reports": [], "mod_note": null, "distinguished": "moderator"}}], "after": null, "before": null}}, "user_reports": [], "saved": false, "id": "e71isk9", "banned_at_utc": null, "mod_reason_title": null, "gilded": 0, "archived": false, "report_reasons": null, "author": "[deleted]", "can_mod_post": false, "send_replies": true, "parent_id": "t3_9kqoh1", "score": 0, "approved_by": null, "downs": 0, "body": "[removed]", "edited": 1538507224.0, "author_flair_css_class": null, "collapsed": false, "is_submitter": false, "collapsed_reason": null, "body_html": "&lt;div class=\"md\"&gt;&lt;p&gt;[removed]&lt;/p&gt;\n&lt;/div&gt;", "stickied": false, "subreddit_type": "public", "can_gild": true, "gildings": {"gid_1": 0, "gid_2": 0, "gid_3": 0}, "author_flair_text_color": "dark", "score_hidden": false, "permalink": "/r/AskHistorians/comments/9kqoh1/in_imperial_rome_did_freemen_and_freewomen_tend/e71isk9/", "num_reports": null, "name": "t1_e71isk9", "created": 1538532541.0, "subreddit": "AskHistorians", "author_flair_text": null, "created_utc": 1538503741.0, "subreddit_name_prefixed": "r/AskHistorians", "controversiality": 0, "depth": 0, "author_flair_background_color": "", "mod_reports": [], "mod_note": null, "distinguished": null}}], "after": null, "before": null}}]