[{"kind": "Listing", "data": {"modhash": "", "dist": 1, "children": [{"kind": "t3", "data": {"approved_at_utc": null, "subreddit": "AskHistorians", "selftext": "", "user_reports": [], "saved": false, "mod_reason_title": null, "gilded": 0, "clicked": false, "title": "Was Zoroastrianism (aka Mazdayasna) present in the Roman Empire?", "link_flair_richtext": [], "subreddit_name_prefixed": "r/AskHistorians", "hidden": false, "pwls": 6, "link_flair_css_class": null, "downs": 0, "parent_whitelist_status": "all_ads", "hide_score": false, "name": "t3_9kutxw", "quarantine": false, "link_flair_text_color": "dark", "upvote_ratio": 0.83, "author_flair_background_color": null, "subreddit_type": "public", "ups": 10, "domain": "self.AskHistorians", "media_embed": {}, "author_flair_template_id": null, "is_original_content": false, "author_fullname": "t2_e60q6", "secure_media": null, "is_reddit_media_domain": false, "is_meta": false, "category": null, "secure_media_embed": {}, "link_flair_text": null, "can_mod_post": false, "score": 10, "approved_by": null, "thumbnail": "", "edited": false, "author_flair_css_class": null, "author_flair_richtext": [], "gildings": {"gid_1": 0, "gid_2": 0, "gid_3": 0}, "content_categories": null, "is_self": true, "mod_note": null, "created": 1538544474.0, "link_flair_type": "text", "wls": 6, "banned_by": null, "author_flair_type": "text", "contest_mode": false, "selftext_html": null, "likes": null, "suggested_sort": null, "banned_at_utc": null, "view_count": null, "archived": false, "no_follow": false, "is_crosspostable": false, "pinned": false, "over_18": false, "media": null, "media_only": false, "link_flair_template_id": null, "can_gild": false, "spoiler": false, "locked": false, "author_flair_text": null, "visited": false, "num_reports": null, "distinguished": null, "subreddit_id": "t5_2ssp3", "mod_reason_by": null, "removal_reason": null, "link_flair_background_color": "", "id": "9kutxw", "is_robot_indexable": true, "report_reasons": null, "author": "malta3", "num_crossposts": 0, "num_comments": 10, "send_replies": true, "author_patreon_flair": false, "author_flair_text_color": null, "permalink": "/r/AskHistorians/comments/9kutxw/was_zoroastrianism_aka_mazdayasna_present_in_the/", "whitelist_status": "all_ads", "stickied": false, "url": "https://www.reddit.com/r/AskHistorians/comments/9kutxw/was_zoroastrianism_aka_mazdayasna_present_in_the/", "subreddit_subscribers": 840481, "created_utc": 1538515674.0, "mod_reports": [], "is_video": false}}], "after": null, "before": null}}, {"kind": "Listing", "data": {"modhash": "", "dist": null, "children": [{"kind": "t1", "data": {"subreddit_id": "t5_2ssp3", "approved_at_utc": null, "ups": 8, "mod_reason_by": null, "banned_by": null, "author_flair_type": "text", "removal_reason": null, "link_id": "t3_9kutxw", "author_flair_template_id": null, "likes": null, "no_follow": false, "replies": {"kind": "Listing", "data": {"modhash": "", "dist": null, "children": [{"kind": "t1", "data": {"subreddit_id": "t5_2ssp3", "approved_at_utc": null, "ups": 5, "mod_reason_by": null, "banned_by": null, "author_flair_type": "text", "removal_reason": null, "link_id": "t3_9kutxw", "author_flair_template_id": null, "likes": null, "no_follow": false, "replies": {"kind": "Listing", "data": {"modhash": "", "dist": null, "children": [{"kind": "t1", "data": {"subreddit_id": "t5_2ssp3", "approved_at_utc": null, "ups": 2, "mod_reason_by": null, "banned_by": null, "author_flair_type": "text", "removal_reason": null, "link_id": "t3_9kutxw", "author_flair_template_id": null, "likes": null, "no_follow": true, "replies": {"kind": "Listing", "data": {"modhash": "", "dist": null, "children": [{"kind": "t1", "data": {"subreddit_id": "t5_2ssp3", "approved_at_utc": null, "ups": 3, "mod_reason_by": null, "banned_by": null, "author_flair_type": "text", "removal_reason": null, "link_id": "t3_9kutxw", "author_flair_template_id": null, "likes": null, "no_follow": true, "replies": {"kind": "Listing", "data": {"modhash": "", "dist": null, "children": [{"kind": "t1", "data": {"subreddit_id": "t5_2ssp3", "approved_at_utc": null, "ups": 2, "mod_reason_by": null, "banned_by": null, "author_flair_type": "text", "removal_reason": null, "link_id": "t3_9kutxw", "author_flair_template_id": null, "likes": null, "no_follow": true, "replies": {"kind": "Listing", "data": {"modhash": "", "dist": null, "children": [{"kind": "t1", "data": {"subreddit_id": "t5_2ssp3", "approved_at_utc": null, "ups": 3, "mod_reason_by": null, "banned_by": null, "author_flair_type": "text", "removal_reason": null, "link_id": "t3_9kutxw", "author_flair_template_id": null, "likes": null, "no_follow": true, "replies": {"kind": "Listing", "data": {"modhash": "", "dist": null, "children": [{"kind": "t1", "data": {"subreddit_id": "t5_2ssp3", "approved_at_utc": null, "ups": 1, "mod_reason_by": null, "banned_by": null, "author_flair_type": "text", "removal_reason": null, "link_id": "t3_9kutxw", "author_flair_template_id": null, "likes": null, "no_follow": true, "replies": {"kind": "Listing", "data": {"modhash": "", "dist": null, "children": [{"kind": "t1", "data": {"subreddit_id": "t5_2ssp3", "approved_at_utc": null, "ups": 3, "mod_reason_by": null, "banned_by": null, "author_flair_type": "text", "removal_reason": null, "link_id": "t3_9kutxw", "author_flair_template_id": null, "likes": null, "no_follow": true, "replies": {"kind": "Listing", "data": {"modhash": "", "dist": null, "children": [{"kind": "t1", "data": {"subreddit_id": "t5_2ssp3", "approved_at_utc": null, "ups": 1, "mod_reason_by": null, "banned_by": null, "author_flair_type": "text", "removal_reason": null, "link_id": "t3_9kutxw", "author_flair_template_id": null, "likes": null, "no_follow": true, "replies": "", "user_reports": [], "saved": false, "id": "e738tts", "banned_at_utc": null, "mod_reason_title": null, "gilded": 0, "archived": false, "report_reasons": null, "author": "lcnielsen", "can_mod_post": false, "send_replies": true, "parent_id": "t1_e738nea", "score": 1, "author_fullname": "t2_16k5wc", "approved_by": null, "downs": 0, "body": "Early Christian studies are only something I have incidental familiarity with anyway, and even then mostly pre-Augustine, so I'm hardly an authority on that matter.", "edited": false, "author_flair_css_class": "religion", "is_submitter": false, "collapsed": false, "author_flair_richtext": [], "author_patreon_flair": false, "collapsed_reason": null, "body_html": "&lt;div class=\"md\"&gt;&lt;p&gt;Early Christian studies are only something I have incidental familiarity with anyway, and even then mostly pre-Augustine, so I&amp;#39;m hardly an authority on that matter.&lt;/p&gt;\n&lt;/div&gt;", "stickied": false, "subreddit_type": "public", "can_gild": true, "gildings": {"gid_1": 0, "gid_2": 0, "gid_3": 0}, "author_flair_text_color": "dark", "score_hidden": false, "permalink": "/r/AskHistorians/comments/9kutxw/was_zoroastrianism_aka_mazdayasna_present_in_the/e738tts/", "num_reports": null, "name": "t1_e738tts", "created": 1538603784.0, "subreddit": "AskHistorians", "author_flair_text": "Zoroastrianism", "created_utc": 1538574984.0, "subreddit_name_prefixed": "r/AskHistorians", "controversiality": 0, "depth": 8, "author_flair_background_color": "", "mod_reports": [], "mod_note": null, "distinguished": null}}], "after": null, "before": null}}, "user_reports": [], "saved": false, "id": "e738nea", "banned_at_utc": null, "mod_reason_title": null, "gilded": 0, "archived": false, "report_reasons": null, "author": "Elphinstone1842", "can_mod_post": false, "send_replies": true, "parent_id": "t1_e737kli", "score": 3, "author_fullname": "t2_ag6g373", "approved_by": null, "downs": 0, "body": "&gt; Yeah, I tend to take such claims with a pinch of salt though. Christian apologists were fine with quoting arch-heretics at length to prove a point, and book burning is a waste of time, effort and resources.\n\nWell the claim I cited comes from Zachariah of Mytilene who was a late 5th century/early 6th century Christian bishop writing a hagiography of another 5th century Christian bishop. Finding and burning pagan books is something that is discussed and celebrated throughout in it. I don\u2019t know how much more from the horse\u2019s mouth you can get tbh.\n\n\n", "edited": false, "author_flair_css_class": "other", "is_submitter": false, "collapsed": false, "author_flair_richtext": [], "author_patreon_flair": false, "collapsed_reason": null, "body_html": "&lt;div class=\"md\"&gt;&lt;blockquote&gt;\n&lt;p&gt;Yeah, I tend to take such claims with a pinch of salt though. Christian apologists were fine with quoting arch-heretics at length to prove a point, and book burning is a waste of time, effort and resources.&lt;/p&gt;\n&lt;/blockquote&gt;\n\n&lt;p&gt;Well the claim I cited comes from Zachariah of Mytilene who was a late 5th century/early 6th century Christian bishop writing a hagiography of another 5th century Christian bishop. Finding and burning pagan books is something that is discussed and celebrated throughout in it. I don\u2019t know how much more from the horse\u2019s mouth you can get tbh.&lt;/p&gt;\n&lt;/div&gt;", "stickied": false, "subreddit_type": "public", "can_gild": true, "gildings": {"gid_1": 0, "gid_2": 0, "gid_3": 0}, "author_flair_text_color": "dark", "score_hidden": false, "permalink": "/r/AskHistorians/comments/9kutxw/was_zoroastrianism_aka_mazdayasna_present_in_the/e738nea/", "num_reports": null, "name": "t1_e738nea", "created": 1538603621.0, "subreddit": "AskHistorians", "author_flair_text": "Golden Age of Piracy", "created_utc": 1538574821.0, "subreddit_name_prefixed": "r/AskHistorians", "controversiality": 0, "depth": 7, "author_flair_background_color": "", "mod_reports": [], "mod_note": null, "distinguished": null}}], "after": null, "before": null}}, "user_reports": [], "saved": false, "id": "e737kli", "banned_at_utc": null, "mod_reason_title": null, "gilded": 0, "archived": false, "report_reasons": null, "author": "lcnielsen", "can_mod_post": false, "send_replies": true, "parent_id": "t1_e736mm1", "score": 1, "author_fullname": "t2_16k5wc", "approved_by": null, "downs": 0, "body": "&gt;Well the books couldn't very well continue to be copied if they were outlawed and burned on sight by the dominant political force. \n\nYeah, I tend to take such claims with a pinch of salt though. Christian apologists were fine with quoting arch-heretics at length to prove a point, and book burning is a waste of time, effort and resources.\n\n&gt; Apparently that guy who hid them in his chair considered them pretty valuable at least, but maybe you mean in a more objective sense. \n\nHaha, yeah. What I mean is that you shouldn't think of it as a vast, lost genre of wisdom, insight and genius, but rather esoteric works of antique weirdness that we'd probably just scratch our heads at.\n\n&gt;Anyway thanks for the very interesting explanation of why early Christianity was so hostile to things associated with Zoroaster.\n\nHappy to help :)", "edited": false, "author_flair_css_class": "religion", "is_submitter": false, "collapsed": false, "author_flair_richtext": [], "author_patreon_flair": false, "collapsed_reason": null, "body_html": "&lt;div class=\"md\"&gt;&lt;blockquote&gt;\n&lt;p&gt;Well the books couldn&amp;#39;t very well continue to be copied if they were outlawed and burned on sight by the dominant political force. &lt;/p&gt;\n&lt;/blockquote&gt;\n\n&lt;p&gt;Yeah, I tend to take such claims with a pinch of salt though. Christian apologists were fine with quoting arch-heretics at length to prove a point, and book burning is a waste of time, effort and resources.&lt;/p&gt;\n\n&lt;blockquote&gt;\n&lt;p&gt;Apparently that guy who hid them in his chair considered them pretty valuable at least, but maybe you mean in a more objective sense. &lt;/p&gt;\n&lt;/blockquote&gt;\n\n&lt;p&gt;Haha, yeah. What I mean is that you shouldn&amp;#39;t think of it as a vast, lost genre of wisdom, insight and genius, but rather esoteric works of antique weirdness that we&amp;#39;d probably just scratch our heads at.&lt;/p&gt;\n\n&lt;blockquote&gt;\n&lt;p&gt;Anyway thanks for the very interesting explanation of why early Christianity was so hostile to things associated with Zoroaster.&lt;/p&gt;\n&lt;/blockquote&gt;\n\n&lt;p&gt;Happy to help :)&lt;/p&gt;\n&lt;/div&gt;", "stickied": false, "subreddit_type": "public", "can_gild": true, "gildings": {"gid_1": 0, "gid_2": 0, "gid_3": 0}, "author_flair_text_color": "dark", "score_hidden": false, "permalink": "/r/AskHistorians/comments/9kutxw/was_zoroastrianism_aka_mazdayasna_present_in_the/e737kli/", "num_reports": null, "name": "t1_e737kli", "created": 1538602599.0, "subreddit": "AskHistorians", "author_flair_text": "Zoroastrianism", "created_utc": 1538573799.0, "subreddit_name_prefixed": "r/AskHistorians", "controversiality": 0, "depth": 6, "author_flair_background_color": "", "mod_reports": [], "mod_note": null, "distinguished": null}}], "after": null, "before": null}}, "user_reports": [], "saved": false, "id": "e736mm1", "banned_at_utc": null, "mod_reason_title": null, "gilded": 0, "archived": false, "report_reasons": null, "author": "Elphinstone1842", "can_mod_post": false, "send_replies": true, "parent_id": "t1_e72vc5e", "score": 3, "author_fullname": "t2_ag6g373", "approved_by": null, "downs": 0, "body": "Well the books couldn't very well continue to be copied if they were outlawed and burned on sight by the dominant political force. Apparently that guy who hid them in his chair considered them pretty valuable at least, but maybe you mean in a more objective sense. \n\nAnyway thanks for the very interesting explanation of why early Christianity was so hostile to things associated with Zoroaster.", "edited": false, "author_flair_css_class": "other", "is_submitter": false, "collapsed": false, "author_flair_richtext": [], "author_patreon_flair": false, "collapsed_reason": null, "body_html": "&lt;div class=\"md\"&gt;&lt;p&gt;Well the books couldn&amp;#39;t very well continue to be copied if they were outlawed and burned on sight by the dominant political force. Apparently that guy who hid them in his chair considered them pretty valuable at least, but maybe you mean in a more objective sense. &lt;/p&gt;\n\n&lt;p&gt;Anyway thanks for the very interesting explanation of why early Christianity was so hostile to things associated with Zoroaster.&lt;/p&gt;\n&lt;/div&gt;", "stickied": false, "subreddit_type": "public", "can_gild": true, "gildings": {"gid_1": 0, "gid_2": 0, "gid_3": 0}, "author_flair_text_color": "dark", "score_hidden": false, "permalink": "/r/AskHistorians/comments/9kutxw/was_zoroastrianism_aka_mazdayasna_present_in_the/e736mm1/", "num_reports": null, "name": "t1_e736mm1", "created": 1538601675.0, "subreddit": "AskHistorians", "author_flair_text": "Golden Age of Piracy", "created_utc": 1538572875.0, "subreddit_name_prefixed": "r/AskHistorians", "controversiality": 0, "depth": 5, "author_flair_background_color": "", "mod_reports": [], "mod_note": null, "distinguished": null}}], "after": null, "before": null}}, "user_reports": [], "saved": false, "id": "e72vc5e", "banned_at_utc": null, "mod_reason_title": null, "gilded": 0, "archived": false, "report_reasons": null, "author": "lcnielsen", "can_mod_post": false, "send_replies": true, "parent_id": "t1_e72ubnk", "score": 2, "author_fullname": "t2_16k5wc", "approved_by": null, "downs": 0, "body": "&gt;That makes sense but I'm under the impression most of the Hellenistic works on Zoroaster don't exist anymore because they were destroyed by early Christians, i.e. as Zachariah of Mytilene discusses in The Life of Severus written in the early 6th century: \n\nMore likely most are lost from just not being copied. Consider how we don't even have the esoteric works of Aristotle. Most Hellenistic works on Zoroaster were probably about as valuable as a self-help booklet from your local crystals-and-tarot corner shop.\n\n&gt;Any idea why Zoroaster was considered so at odds with Christianity? I could ask this as another question. \n\nA couple. First, the word _Magus_ derives from the Median tribe/priestly clan the _Magoi_, who Boyce plausible credits with preserving many pre-Zoroastrian traditions and spurring developments like Zurvanism. In early Christian writings, one of the stock villains was the diabolical Simon Magus. Mere association with magic was likely enough to provoke the ire of early Christians.\n\nThe second would be association with \"the Manichaean heresy\". Mani was a 3rd century son of an Iranian Jewish Christian and Armenian-Iranian woman (from a Zoroastrian background presumably), born in Mesopotamia. He developed a syncretic faith out of Christianity, Zoroastrianism and Buddhism, (the amount of influence of each remains disputed; scholarly orthodoxy holds that it was mostly a variant of Mesopotamian Christianity shaped by the cultural context of Mani) and while initially apparently sponsored by the Great King interested in the unity this faith might provide, a confrontation with the ascendant Zoroastrian cleric Kerdir (I think, can't doublecheck the name ATM since I'm on the tram) led to Mani's fall from grace and death in prison. Only fragments and quotations of his work, plus an early hagiography, survive, but Manichaeans thrived in Central Asia until the 14th century or so; the faith survives only as preserved in local Chinese Buddhist cults.\n\nManichaeanism as typically understood portrays a more or less equal battle between good and evil and had some famous followers, like St. Augustine prior to his conversion. As Christian orthodoxy solidified, it became recognized as an arch-heresy in its portrayal of God and Satan as equals (at least in the Christan conception). Mani's followers claimed Mani to be a reincarnation (I think) of Zoroaster, and so that connection can hardly have fostered amicability between Christianity and the Mazda-worshipping faith.", "edited": 1538558577.0, "author_flair_css_class": "religion", "is_submitter": false, "collapsed": false, "author_flair_richtext": [], "author_patreon_flair": false, "collapsed_reason": null, "body_html": "&lt;div class=\"md\"&gt;&lt;blockquote&gt;\n&lt;p&gt;That makes sense but I&amp;#39;m under the impression most of the Hellenistic works on Zoroaster don&amp;#39;t exist anymore because they were destroyed by early Christians, i.e. as Zachariah of Mytilene discusses in The Life of Severus written in the early 6th century: &lt;/p&gt;\n&lt;/blockquote&gt;\n\n&lt;p&gt;More likely most are lost from just not being copied. Consider how we don&amp;#39;t even have the esoteric works of Aristotle. Most Hellenistic works on Zoroaster were probably about as valuable as a self-help booklet from your local crystals-and-tarot corner shop.&lt;/p&gt;\n\n&lt;blockquote&gt;\n&lt;p&gt;Any idea why Zoroaster was considered so at odds with Christianity? I could ask this as another question. &lt;/p&gt;\n&lt;/blockquote&gt;\n\n&lt;p&gt;A couple. First, the word &lt;em&gt;Magus&lt;/em&gt; derives from the Median tribe/priestly clan the &lt;em&gt;Magoi&lt;/em&gt;, who Boyce plausible credits with preserving many pre-Zoroastrian traditions and spurring developments like Zurvanism. In early Christian writings, one of the stock villains was the diabolical Simon Magus. Mere association with magic was likely enough to provoke the ire of early Christians.&lt;/p&gt;\n\n&lt;p&gt;The second would be association with &amp;quot;the Manichaean heresy&amp;quot;. Mani was a 3rd century son of an Iranian Jewish Christian and Armenian-Iranian woman (from a Zoroastrian background presumably), born in Mesopotamia. He developed a syncretic faith out of Christianity, Zoroastrianism and Buddhism, (the amount of influence of each remains disputed; scholarly orthodoxy holds that it was mostly a variant of Mesopotamian Christianity shaped by the cultural context of Mani) and while initially apparently sponsored by the Great King interested in the unity this faith might provide, a confrontation with the ascendant Zoroastrian cleric Kerdir (I think, can&amp;#39;t doublecheck the name ATM since I&amp;#39;m on the tram) led to Mani&amp;#39;s fall from grace and death in prison. Only fragments and quotations of his work, plus an early hagiography, survive, but Manichaeans thrived in Central Asia until the 14th century or so; the faith survives only as preserved in local Chinese Buddhist cults.&lt;/p&gt;\n\n&lt;p&gt;Manichaeanism as typically understood portrays a more or less equal battle between good and evil and had some famous followers, like St. Augustine prior to his conversion. As Christian orthodoxy solidified, it became recognized as an arch-heresy in its portrayal of God and Satan as equals (at least in the Christan conception). Mani&amp;#39;s followers claimed Mani to be a reincarnation (I think) of Zoroaster, and so that connection can hardly have fostered amicability between Christianity and the Mazda-worshipping faith.&lt;/p&gt;\n&lt;/div&gt;", "stickied": false, "subreddit_type": "public", "can_gild": true, "gildings": {"gid_1": 0, "gid_2": 0, "gid_3": 0}, "author_flair_text_color": "dark", "score_hidden": false, "permalink": "/r/AskHistorians/comments/9kutxw/was_zoroastrianism_aka_mazdayasna_present_in_the/e72vc5e/", "num_reports": null, "name": "t1_e72vc5e", "created": 1538582903.0, "subreddit": "AskHistorians", "author_flair_text": "Zoroastrianism", "created_utc": 1538554103.0, "subreddit_name_prefixed": "r/AskHistorians", "controversiality": 0, "depth": 4, "author_flair_background_color": "", "mod_reports": [], "mod_note": null, "distinguished": null}}], "after": null, "before": null}}, "user_reports": [], "saved": false, "id": "e72ubnk", "banned_at_utc": null, "mod_reason_title": null, "gilded": 0, "archived": false, "report_reasons": null, "author": "Elphinstone1842", "can_mod_post": false, "send_replies": true, "parent_id": "t1_e72u38g", "score": 3, "author_fullname": "t2_ag6g373", "approved_by": null, "downs": 0, "body": "That makes sense but I'm under the impression most of the Hellenistic works on Zoroaster don't exist anymore because they were destroyed by early Christians, i.e. as Zachariah of Mytilene discusses in *The Life of Severus* written in the early 6th century: \n\n&gt; Since he had hidden the books of magic under the seat of his chair, which he had constructed as a box for them and which was concealed from this who approached him, he confidently said: \"You have come as friends, please feel free to examine my books!\" And having said this, he had all the books brought that were kept openly in his house.\n\n&gt; When we had examined them without finding any of those that we were looking for, his slave--for whom, according to what he said, they had planned slaughter and the abomination of murder--discreetly showed us his chair, and indicated by the use of signs that if you pull out just one single board, the books you are looking for will appear at once. When we did this, and he understood that everyone had seen through his trick, he fell to the ground and begged us, in tears, not to hand him over to the law.\n\n&gt; Being God-fearing Christians, we told him that we had not come in order to harm him, as God may testify, but because we wanted the salvation and recovery of his soul. But he, with his own hands, ought to burn these books of magic which contained pictures of evil demons, and barbarous names, and presumptuous and pernicious promises, books filled with pride, and utterly pleasing to the evil demons. **Some of them were actually written by Zoroaster, the Magus, and some by Ostanes, the magician [apparently another pseudo-Zoroaster?],** and others by Manethon. (*The Life of Severus* (translated by Lena Ambjorn), p. 62)\n\nAny idea why Zoroaster was considered so at odds with Christianity? I could ask this as another question. ", "edited": false, "author_flair_css_class": "other", "is_submitter": false, "collapsed": false, "author_flair_richtext": [], "author_patreon_flair": false, "collapsed_reason": null, "body_html": "&lt;div class=\"md\"&gt;&lt;p&gt;That makes sense but I&amp;#39;m under the impression most of the Hellenistic works on Zoroaster don&amp;#39;t exist anymore because they were destroyed by early Christians, i.e. as Zachariah of Mytilene discusses in &lt;em&gt;The Life of Severus&lt;/em&gt; written in the early 6th century: &lt;/p&gt;\n\n&lt;blockquote&gt;\n&lt;p&gt;Since he had hidden the books of magic under the seat of his chair, which he had constructed as a box for them and which was concealed from this who approached him, he confidently said: &amp;quot;You have come as friends, please feel free to examine my books!&amp;quot; And having said this, he had all the books brought that were kept openly in his house.&lt;/p&gt;\n\n&lt;p&gt;When we had examined them without finding any of those that we were looking for, his slave--for whom, according to what he said, they had planned slaughter and the abomination of murder--discreetly showed us his chair, and indicated by the use of signs that if you pull out just one single board, the books you are looking for will appear at once. When we did this, and he understood that everyone had seen through his trick, he fell to the ground and begged us, in tears, not to hand him over to the law.&lt;/p&gt;\n\n&lt;p&gt;Being God-fearing Christians, we told him that we had not come in order to harm him, as God may testify, but because we wanted the salvation and recovery of his soul. But he, with his own hands, ought to burn these books of magic which contained pictures of evil demons, and barbarous names, and presumptuous and pernicious promises, books filled with pride, and utterly pleasing to the evil demons. &lt;strong&gt;Some of them were actually written by Zoroaster, the Magus, and some by Ostanes, the magician [apparently another pseudo-Zoroaster?],&lt;/strong&gt; and others by Manethon. (&lt;em&gt;The Life of Severus&lt;/em&gt; (translated by Lena Ambjorn), p. 62)&lt;/p&gt;\n&lt;/blockquote&gt;\n\n&lt;p&gt;Any idea why Zoroaster was considered so at odds with Christianity? I could ask this as another question. &lt;/p&gt;\n&lt;/div&gt;", "stickied": false, "subreddit_type": "public", "can_gild": true, "gildings": {"gid_1": 0, "gid_2": 0, "gid_3": 0}, "author_flair_text_color": "dark", "score_hidden": false, "permalink": "/r/AskHistorians/comments/9kutxw/was_zoroastrianism_aka_mazdayasna_present_in_the/e72ubnk/", "num_reports": null, "name": "t1_e72ubnk", "created": 1538580821.0, "subreddit": "AskHistorians", "author_flair_text": "Golden Age of Piracy", "created_utc": 1538552021.0, "subreddit_name_prefixed": "r/AskHistorians", "controversiality": 0, "depth": 3, "author_flair_background_color": "", "mod_reports": [], "mod_note": null, "distinguished": null}}], "after": null, "before": null}}, "user_reports": [], "saved": false, "id": "e72u38g", "banned_at_utc": null, "mod_reason_title": null, "gilded": 0, "archived": false, "report_reasons": null, "author": "lcnielsen", "can_mod_post": false, "send_replies": true, "parent_id": "t1_e72toff", "score": 2, "author_fullname": "t2_16k5wc", "approved_by": null, "downs": 0, "body": "He does, and I've written a bit on that before. Personally I suspect Zoroastrianism and Indo-Iranian thought was a significant influence on Greek philosophy and thought, albeit I cannot prove it. Discussions of _Zoroastrians_, let alone accurate ones, are quite another matter. Plutarch does correctly identify some beliefs, if I recall correctly, but I don't think there's a single account where someone relays a Zoroastrian's account of their own beliefs, say.\n\nIt's a bit like... in Western media and discourse, mentions of the Dalai Lama and his wisdom are frequent, right? Much moreso than accounts of the beliefs and practices of Tibetan Buddhists. Zoroaster was the first oriental mystic, you could say.", "edited": false, "author_flair_css_class": "religion", "is_submitter": false, "collapsed": false, "author_flair_richtext": [], "author_patreon_flair": false, "collapsed_reason": null, "body_html": "&lt;div class=\"md\"&gt;&lt;p&gt;He does, and I&amp;#39;ve written a bit on that before. Personally I suspect Zoroastrianism and Indo-Iranian thought was a significant influence on Greek philosophy and thought, albeit I cannot prove it. Discussions of &lt;em&gt;Zoroastrians&lt;/em&gt;, let alone accurate ones, are quite another matter. Plutarch does correctly identify some beliefs, if I recall correctly, but I don&amp;#39;t think there&amp;#39;s a single account where someone relays a Zoroastrian&amp;#39;s account of their own beliefs, say.&lt;/p&gt;\n\n&lt;p&gt;It&amp;#39;s a bit like... in Western media and discourse, mentions of the Dalai Lama and his wisdom are frequent, right? Much moreso than accounts of the beliefs and practices of Tibetan Buddhists. Zoroaster was the first oriental mystic, you could say.&lt;/p&gt;\n&lt;/div&gt;", "stickied": false, "subreddit_type": "public", "can_gild": true, "gildings": {"gid_1": 0, "gid_2": 0, "gid_3": 0}, "author_flair_text_color": "dark", "score_hidden": false, "permalink": "/r/AskHistorians/comments/9kutxw/was_zoroastrianism_aka_mazdayasna_present_in_the/e72u38g/", "num_reports": null, "name": "t1_e72u38g", "created": 1538580360.0, "subreddit": "AskHistorians", "author_flair_text": "Zoroastrianism", "created_utc": 1538551560.0, "subreddit_name_prefixed": "r/AskHistorians", "controversiality": 0, "depth": 2, "author_flair_background_color": "", "mod_reports": [], "mod_note": null, "distinguished": null}}], "after": null, "before": null}}, "user_reports": [], "saved": false, "id": "e72toff", "banned_at_utc": null, "mod_reason_title": null, "gilded": 0, "archived": false, "report_reasons": null, "author": "Elphinstone1842", "can_mod_post": false, "send_replies": true, "parent_id": "t1_e723hiq", "score": 5, "author_fullname": "t2_ag6g373", "approved_by": null, "downs": 0, "body": "&gt; Quite simply, no. Not to any meaningful extent. Even mentions in classical sources are few and far between.\n\nDidn't Pliny the Elder cite Zoroaster in his *Natural History* as the inventor of magic and didn't Greek writers [discuss and attribute a lot of various writings](https://en.wikipedia.org/wiki/Zoroaster#In_classical_antiquity) to Zoroaster or a pseudo-Zoroaster during the Hellenistic and Roman periods? ", "edited": 1538551566.0, "author_flair_css_class": "other", "is_submitter": false, "collapsed": false, "author_flair_richtext": [], "author_patreon_flair": false, "collapsed_reason": null, "body_html": "&lt;div class=\"md\"&gt;&lt;blockquote&gt;\n&lt;p&gt;Quite simply, no. Not to any meaningful extent. Even mentions in classical sources are few and far between.&lt;/p&gt;\n&lt;/blockquote&gt;\n\n&lt;p&gt;Didn&amp;#39;t Pliny the Elder cite Zoroaster in his &lt;em&gt;Natural History&lt;/em&gt; as the inventor of magic and didn&amp;#39;t Greek writers &lt;a href=\"https://en.wikipedia.org/wiki/Zoroaster#In_classical_antiquity\"&gt;discuss and attribute a lot of various writings&lt;/a&gt; to Zoroaster or a pseudo-Zoroaster during the Hellenistic and Roman periods? &lt;/p&gt;\n&lt;/div&gt;", "stickied": false, "subreddit_type": "public", "can_gild": true, "gildings": {"gid_1": 0, "gid_2": 0, "gid_3": 0}, "author_flair_text_color": "dark", "score_hidden": false, "permalink": "/r/AskHistorians/comments/9kutxw/was_zoroastrianism_aka_mazdayasna_present_in_the/e72toff/", "num_reports": null, "name": "t1_e72toff", "created": 1538579570.0, "subreddit": "AskHistorians", "author_flair_text": "Golden Age of Piracy", "created_utc": 1538550770.0, "subreddit_name_prefixed": "r/AskHistorians", "controversiality": 0, "depth": 1, "author_flair_background_color": "", "mod_reports": [], "mod_note": null, "distinguished": null}}], "after": null, "before": null}}, "user_reports": [], "saved": false, "id": "e723hiq", "banned_at_utc": null, "mod_reason_title": null, "gilded": 0, "archived": false, "report_reasons": null, "author": "lcnielsen", "can_mod_post": false, "send_replies": true, "parent_id": "t3_9kutxw", "score": 8, "author_fullname": "t2_16k5wc", "approved_by": null, "downs": 0, "body": "Quite simply, no. Not to any meaningful extent. Even mentions in classical sources are few and far between.\n\nIt's important to understand that while Zoroastrianism, unlike many other ancient belief systems, had doctrinal and confessional elements, ritual practice was still its core. While the fire temples and their elemental ritual purity would have constituted a significant difficulty to replicate outside established communities, those material aspects wouldn't have been insurmountable. Probably the biggest obstacle would instead have been the necessity of reciting sacred hymns, a duty that until the 4th century was passed on orally within the priesthood (particularly associated with a Median tribe, the Magoi). Losing the opportunity of maintaining ritual purity (and thus protection in spiritual warfare) and being surrounded by nonbelievers who didn't even care to do so, would surely have been a deeply unattractive prospect to a devout Mazda-worshipper.\n\nWe're talking about a practice within a complex social organization in a deeply tribal society, moreover a system of belief which was by that time connected to the royal ideology established by Darius the Great and thus hardly separable from the Iranian empires themselves. Before the destruction of Sasanian dominion, it seems like the social conditions under which an exodus of large enough groups of Mazda-worshippers might have occurred just didn't arise. I think one could make geographical arguments to bolster this, but I'd be going too far to do that here - but you do find a bit more movement across the Central Asian steppes than in the West, for natural reasons.", "edited": false, "author_flair_css_class": "religion", "is_submitter": false, "collapsed": false, "author_flair_richtext": [], "author_patreon_flair": false, "collapsed_reason": null, "body_html": "&lt;div class=\"md\"&gt;&lt;p&gt;Quite simply, no. Not to any meaningful extent. Even mentions in classical sources are few and far between.&lt;/p&gt;\n\n&lt;p&gt;It&amp;#39;s important to understand that while Zoroastrianism, unlike many other ancient belief systems, had doctrinal and confessional elements, ritual practice was still its core. While the fire temples and their elemental ritual purity would have constituted a significant difficulty to replicate outside established communities, those material aspects wouldn&amp;#39;t have been insurmountable. Probably the biggest obstacle would instead have been the necessity of reciting sacred hymns, a duty that until the 4th century was passed on orally within the priesthood (particularly associated with a Median tribe, the Magoi). Losing the opportunity of maintaining ritual purity (and thus protection in spiritual warfare) and being surrounded by nonbelievers who didn&amp;#39;t even care to do so, would surely have been a deeply unattractive prospect to a devout Mazda-worshipper.&lt;/p&gt;\n\n&lt;p&gt;We&amp;#39;re talking about a practice within a complex social organization in a deeply tribal society, moreover a system of belief which was by that time connected to the royal ideology established by Darius the Great and thus hardly separable from the Iranian empires themselves. Before the destruction of Sasanian dominion, it seems like the social conditions under which an exodus of large enough groups of Mazda-worshippers might have occurred just didn&amp;#39;t arise. I think one could make geographical arguments to bolster this, but I&amp;#39;d be going too far to do that here - but you do find a bit more movement across the Central Asian steppes than in the West, for natural reasons.&lt;/p&gt;\n&lt;/div&gt;", "stickied": false, "subreddit_type": "public", "can_gild": true, "gildings": {"gid_1": 0, "gid_2": 0, "gid_3": 0}, "author_flair_text_color": "dark", "score_hidden": false, "permalink": "/r/AskHistorians/comments/9kutxw/was_zoroastrianism_aka_mazdayasna_present_in_the/e723hiq/", "num_reports": null, "name": "t1_e723hiq", "created": 1538549916.0, "subreddit": "AskHistorians", "author_flair_text": "Zoroastrianism", "created_utc": 1538521116.0, "subreddit_name_prefixed": "r/AskHistorians", "controversiality": 0, "depth": 0, "author_flair_background_color": "", "mod_reports": [], "mod_note": null, "distinguished": null}}], "after": null, "before": null}}]