[{"kind": "Listing", "data": {"modhash": "", "dist": 1, "children": [{"kind": "t3", "data": {"approved_at_utc": null, "subreddit": "AskHistorians", "selftext": "During the course of World War 1, the British promised the area known as Palestine to many different people: to the Hashimites in Mecca, to the Saudis in Arabia, to the Zionists in the Balfour Declaration, and finally to themselves in the Sykes-Picot Agreement. I can understand why they promised it to the Saudis and the Hashimites- they wanted them to undermine Ottoman power by opening up a second front, and the easiest way to get the Hashimites and Saudis to do that was to promise them more land at the end of the war. And the Sykes-Picot Agreement makes sense, because it was a continuation of Britain's empire-building project. But I don't understand what benefit Britain got by issuing the Balfour Declaration. The Jews weren't a significant force in the region, and they weren't a global power. Why did Lord Balfour think appeasing Zionist interests was important enough to anger his erstwhile Hashimite and Saudi allies?", "user_reports": [], "saved": false, "mod_reason_title": null, "gilded": 0, "clicked": false, "title": "Why did Lord Balfour issue the Balfour Declaration? What did Britain have to gain by supporting Zionist interests in Palestine at the expense of their Saudi and Hashimite allies?", "link_flair_richtext": [], "subreddit_name_prefixed": "r/AskHistorians", "hidden": false, "pwls": 6, "link_flair_css_class": null, "downs": 0, "parent_whitelist_status": "all_ads", "hide_score": false, "name": "t3_7he7sr", "quarantine": false, "link_flair_text_color": "dark", "upvote_ratio": 0.7, "author_flair_background_color": null, "subreddit_type": "public", "ups": 5, "domain": "self.AskHistorians", "media_embed": {}, "author_flair_template_id": null, "is_original_content": false, "secure_media": null, "is_reddit_media_domain": false, "category": null, "secure_media_embed": {}, "link_flair_text": null, "can_mod_post": false, "score": 5, "approved_by": null, "thumbnail": "", "edited": false, "author_flair_css_class": null, "author_flair_richtext": [], "content_categories": null, "is_self": true, "mod_note": null, "created": 1512381945.0, "link_flair_type": "text", "wls": 6, "post_categories": null, "banned_by": null, "author_flair_type": "text", "contest_mode": false, "selftext_html": "&lt;!-- SC_OFF --&gt;&lt;div class=\"md\"&gt;&lt;p&gt;During the course of World War 1, the British promised the area known as Palestine to many different people: to the Hashimites in Mecca, to the Saudis in Arabia, to the Zionists in the Balfour Declaration, and finally to themselves in the Sykes-Picot Agreement. I can understand why they promised it to the Saudis and the Hashimites- they wanted them to undermine Ottoman power by opening up a second front, and the easiest way to get the Hashimites and Saudis to do that was to promise them more land at the end of the war. And the Sykes-Picot Agreement makes sense, because it was a continuation of Britain&amp;#39;s empire-building project. But I don&amp;#39;t understand what benefit Britain got by issuing the Balfour Declaration. The Jews weren&amp;#39;t a significant force in the region, and they weren&amp;#39;t a global power. Why did Lord Balfour think appeasing Zionist interests was important enough to anger his erstwhile Hashimite and Saudi allies?&lt;/p&gt;\n&lt;/div&gt;&lt;!-- SC_ON --&gt;", "likes": null, "suggested_sort": null, "banned_at_utc": null, "view_count": null, "archived": true, "no_follow": false, "is_crosspostable": false, "pinned": false, "over_18": false, "media_only": false, "can_gild": false, "spoiler": false, "locked": false, "author_flair_text": null, "rte_mode": "markdown", "visited": false, "num_reports": null, "distinguished": null, "subreddit_id": "t5_2ssp3", "mod_reason_by": null, "removal_reason": null, "id": "7he7sr", "report_reasons": null, "author": "TheTromboneGeek", "num_crossposts": 0, "num_comments": 5, "send_replies": true, "mod_reports": [], "author_flair_text_color": null, "permalink": "/r/AskHistorians/comments/7he7sr/why_did_lord_balfour_issue_the_balfour/", "whitelist_status": "all_ads", "stickied": false, "url": "https://www.reddit.com/r/AskHistorians/comments/7he7sr/why_did_lord_balfour_issue_the_balfour/", "subreddit_subscribers": 771331, "created_utc": 1512353145.0, "media": null, "is_video": false}}], "after": null, "before": null}}, {"kind": "Listing", "data": {"modhash": "", "dist": null, "children": [{"kind": "t1", "data": {"subreddit_id": "t5_2ssp3", "approved_at_utc": null, "ups": 3, "mod_reason_by": null, "banned_by": null, "author_flair_type": "text", "removal_reason": null, "link_id": "t3_7he7sr", "author_flair_template_id": null, "likes": null, "no_follow": true, "replies": {"kind": "Listing", "data": {"modhash": "", "dist": null, "children": [{"kind": "t1", "data": {"subreddit_id": "t5_2ssp3", "approved_at_utc": null, "ups": 1, "mod_reason_by": null, "banned_by": null, "author_flair_type": "text", "removal_reason": null, "link_id": "t3_7he7sr", "author_flair_template_id": null, "likes": null, "no_follow": true, "replies": {"kind": "Listing", "data": {"modhash": "", "dist": null, "children": [{"kind": "t1", "data": {"subreddit_id": "t5_2ssp3", "approved_at_utc": null, "ups": 1, "mod_reason_by": null, "banned_by": null, "author_flair_type": "text", "removal_reason": null, "link_id": "t3_7he7sr", "author_flair_template_id": null, "likes": null, "no_follow": true, "replies": "", "user_reports": [], "saved": false, "id": "dqx8uck", "banned_at_utc": null, "mod_reason_title": null, "gilded": 0, "archived": true, "report_reasons": null, "author": "ghostofherzl", "can_mod_post": false, "send_replies": true, "parent_id": "t1_dqx8gkh", "score": 1, "approved_by": null, "downs": 0, "body": "Sure.\n\nI think the best one a new book by Jonathan Schneer called *The Balfour Declaration*. You can also get primary source material from Balfour's speeches on Zionism. There are numerous biographies by involved parties, in case you want further primary source material. There are also documents we can read in books like *The Middle East and North Africa in World Politics: A Documentary Record* by Hurewitz, which is dated but still a goodie. I definitely think if you're interested on reading about this subject, Schneer's book is a great one.", "edited": false, "author_flair_css_class": null, "collapsed": false, "author_flair_richtext": [], "is_submitter": false, "collapsed_reason": null, "body_html": "&lt;div class=\"md\"&gt;&lt;p&gt;Sure.&lt;/p&gt;\n\n&lt;p&gt;I think the best one a new book by Jonathan Schneer called &lt;em&gt;The Balfour Declaration&lt;/em&gt;. You can also get primary source material from Balfour&amp;#39;s speeches on Zionism. There are numerous biographies by involved parties, in case you want further primary source material. There are also documents we can read in books like &lt;em&gt;The Middle East and North Africa in World Politics: A Documentary Record&lt;/em&gt; by Hurewitz, which is dated but still a goodie. I definitely think if you&amp;#39;re interested on reading about this subject, Schneer&amp;#39;s book is a great one.&lt;/p&gt;\n&lt;/div&gt;", "stickied": false, "subreddit_type": "public", "can_gild": true, "subreddit": "AskHistorians", "author_flair_text_color": null, "score_hidden": false, "permalink": "/r/AskHistorians/comments/7he7sr/why_did_lord_balfour_issue_the_balfour/dqx8uck/", "num_reports": null, "name": "t1_dqx8uck", "created": 1512715186.0, "author_flair_text": null, "rte_mode": "markdown", "created_utc": 1512686386.0, "subreddit_name_prefixed": "r/AskHistorians", "controversiality": 0, "depth": 2, "author_flair_background_color": null, "mod_reports": [], "mod_note": null, "distinguished": null}}], "after": null, "before": null}}, "user_reports": [], "saved": false, "id": "dqx8gkh", "banned_at_utc": null, "mod_reason_title": null, "gilded": 0, "archived": true, "report_reasons": null, "author": "TheTromboneGeek", "can_mod_post": false, "send_replies": true, "parent_id": "t1_dqqoexf", "score": 1, "approved_by": null, "downs": 0, "body": "Thank you. Do you have sources?", "edited": false, "author_flair_css_class": null, "collapsed": false, "author_flair_richtext": [], "is_submitter": true, "collapsed_reason": null, "body_html": "&lt;div class=\"md\"&gt;&lt;p&gt;Thank you. Do you have sources?&lt;/p&gt;\n&lt;/div&gt;", "stickied": false, "subreddit_type": "public", "can_gild": true, "subreddit": "AskHistorians", "author_flair_text_color": null, "score_hidden": false, "permalink": "/r/AskHistorians/comments/7he7sr/why_did_lord_balfour_issue_the_balfour/dqx8gkh/", "num_reports": null, "name": "t1_dqx8gkh", "created": 1512714782.0, "author_flair_text": null, "rte_mode": "markdown", "created_utc": 1512685982.0, "subreddit_name_prefixed": "r/AskHistorians", "controversiality": 0, "depth": 1, "author_flair_background_color": null, "mod_reports": [], "mod_note": null, "distinguished": null}}, {"kind": "t1", "data": {"subreddit_id": "t5_2ssp3", "approved_at_utc": null, "ups": 1, "mod_reason_by": null, "banned_by": null, "removal_reason": null, "link_id": "t3_7he7sr", "author_flair_template_id": null, "likes": null, "no_follow": true, "replies": {"kind": "Listing", "data": {"modhash": "", "dist": null, "children": [{"kind": "t1", "data": {"subreddit_id": "t5_2ssp3", "approved_at_utc": null, "ups": 1, "mod_reason_by": null, "banned_by": null, "author_flair_type": "richtext", "removal_reason": null, "link_id": "t3_7he7sr", "author_flair_template_id": null, "likes": null, "no_follow": true, "replies": "", "user_reports": [], "saved": false, "id": "dsyxnhz", "banned_at_utc": null, "mod_reason_title": null, "gilded": 0, "archived": true, "report_reasons": null, "author": "chocolatepot", "can_mod_post": false, "send_replies": true, "parent_id": "t1_dsyv1vn", "score": 1, "approved_by": null, "downs": 0, "body": "The first rule of r/AskHistorians is [civility](https://www.reddit.com/r/AskHistorians/wiki/rules#wiki_civility) - we do not allow users to post bigotry, whether as dumb jokes or as multi-part arguments like the one you posted. You have been banned.", "edited": false, "author_flair_css_class": "moderator", "collapsed": false, "author_flair_richtext": [{"e": "text", "t": "Moderator | History of Western Fashion"}], "is_submitter": false, "collapsed_reason": null, "body_html": "&lt;div class=\"md\"&gt;&lt;p&gt;The first rule of &lt;a href=\"/r/AskHistorians\"&gt;r/AskHistorians&lt;/a&gt; is &lt;a href=\"https://www.reddit.com/r/AskHistorians/wiki/rules#wiki_civility\"&gt;civility&lt;/a&gt; - we do not allow users to post bigotry, whether as dumb jokes or as multi-part arguments like the one you posted. You have been banned.&lt;/p&gt;\n&lt;/div&gt;", "stickied": false, "subreddit_type": "public", "can_gild": true, "subreddit": "AskHistorians", "author_flair_text_color": null, "score_hidden": false, "permalink": "/r/AskHistorians/comments/7he7sr/why_did_lord_balfour_issue_the_balfour/dsyxnhz/", "num_reports": null, "name": "t1_dsyxnhz", "created": 1516491720.0, "author_flair_text": "Moderator | History of Western Fashion", "rte_mode": "markdown", "created_utc": 1516462920.0, "subreddit_name_prefixed": "r/AskHistorians", "controversiality": 0, "depth": 2, "author_flair_background_color": null, "mod_reports": [], "mod_note": null, "distinguished": "moderator"}}], "after": null, "before": null}}, "user_reports": [], "saved": false, "id": "dsyv1vn", "banned_at_utc": null, "mod_reason_title": null, "gilded": 0, "archived": true, "report_reasons": null, "author": "[deleted]", "can_mod_post": false, "send_replies": true, "parent_id": "t1_dqqoexf", "score": 1, "approved_by": null, "downs": 0, "body": "[removed]", "edited": false, "author_flair_css_class": null, "collapsed": false, "is_submitter": false, "collapsed_reason": null, "body_html": "&lt;div class=\"md\"&gt;&lt;p&gt;[removed]&lt;/p&gt;\n&lt;/div&gt;", "stickied": false, "subreddit_type": "public", "can_gild": true, "subreddit": "AskHistorians", "author_flair_text_color": "dark", "score_hidden": false, "permalink": "/r/AskHistorians/comments/7he7sr/why_did_lord_balfour_issue_the_balfour/dsyv1vn/", "num_reports": null, "name": "t1_dsyv1vn", "created": 1516487754.0, "author_flair_text": null, "rte_mode": "markdown", "created_utc": 1516458954.0, "subreddit_name_prefixed": "r/AskHistorians", "controversiality": 0, "depth": 1, "author_flair_background_color": "", "mod_reports": [], "mod_note": null, "distinguished": null}}], "after": null, "before": null}}, "user_reports": [], "saved": false, "id": "dqqoexf", "banned_at_utc": null, "mod_reason_title": null, "gilded": 0, "archived": true, "report_reasons": null, "author": "ghostofherzl", "can_mod_post": false, "send_replies": true, "parent_id": "t3_7he7sr", "score": 3, "approved_by": null, "downs": 0, "body": "Hi there,\n\nThere are a couple of things I'd like to correct in this before we discuss further the motivations of Lord Balfour. First of all, the Hashemites you describe as being in Mecca were not promised the area. Furthermore, you differentiate between the Hashemites in Mecca and the Saudis in Arabia. The Hashemites were the ones reportedly promised the area in the McMahon-Hussein Correspondences between Hussein bin Ali (Sharif of Mecca, and a Hashemite) and Sir Henry McMahon.\n\nIt was in 1924 that the Saudis (Ibn Saud) overthrew the Hashemites and established Saudi Arabia. The British did not promise them the area at hand.\n\nSecondly, it is worth noting that there is significant dispute over whether or not the British actually did promise the area known as Palestine/Israel to the Hashemites. Certainly Hussein argued that they did, but the British seemed to use some sleight of hand and wordplay to their advantage in refusing to acknowledge that interpretation. Whether it was misunderstanding or duplicity, you are correct that the motivation was ultimately to undermine the Ottomans.\n\nIt's also worth noting that Sykes-Picot did not entirely promise the area to themselves, either. Sykes-Picot proposed primarily the southern portion of the area to the British zone of influence, while the northern half (including Jerusalem) was set to be an international area. This was meant to make the French more comfortable, of course, with the arrangement.\n\nWith that out of the way, let's discuss the question. First and foremost, it was not solely Lord Balfour's decision. Balfour was Foreign Secretary, but the decision of the Declaration was made by the British War Cabinet. It was the Cabinet that decided the ultimate text that was sent out by Lord Balfour. Since you've asked specifically about Lord Balfour, however, I'll discuss that.\n\nThe motivations of Lord Balfour were multi-fold:\n\n1) He had an admiration for Jews. He said, for example, that Jews are \"exceedingly clever people who in spite of their oppression achieved a certain success which excited the jealousy and envy of the peoples among whom they lived.\" This, of course, also recognized Jews as a people, which was a precursor to the idea that they are a nation deserving of a state, so to speak.\n\n2) His second, and perhaps most important motivation was his belief that Jews needed a state as a place to live freely and in peace. He was a sincere believer in the idea that a Jewish state was the best way to handle anti-Semitism, by providing Jews with the ability to have a state of their own to protect themselves.\n\n3) What was perhaps the only other contender for most important reason is the third: the question of Jewish support for the war effort. Balfour was quoted a few good times as saying that Zionism was popular among American and Russian Jews, and should be acknowledged as such, and would make very good headlines in support of the British in WWI. He also noted, at least once, that the Germans were also courting the Zionist leadership, which worried him. This, coupled with this genuine belief in the morality of it, was more important than the risk of angering the Arab allies at the moment of the war, when it was already fairly late in their joining with the British and when the Arab forces were fighting for far more than just that one area (the McMahon Correspondences related to Arab sovereignty in much of the Middle East, not just the area of Israel/Palestine). It was a calculated risk for Balfour, in that case.", "edited": false, "author_flair_css_class": null, "collapsed": false, "author_flair_richtext": [], "is_submitter": false, "collapsed_reason": null, "body_html": "&lt;div class=\"md\"&gt;&lt;p&gt;Hi there,&lt;/p&gt;\n\n&lt;p&gt;There are a couple of things I&amp;#39;d like to correct in this before we discuss further the motivations of Lord Balfour. First of all, the Hashemites you describe as being in Mecca were not promised the area. Furthermore, you differentiate between the Hashemites in Mecca and the Saudis in Arabia. The Hashemites were the ones reportedly promised the area in the McMahon-Hussein Correspondences between Hussein bin Ali (Sharif of Mecca, and a Hashemite) and Sir Henry McMahon.&lt;/p&gt;\n\n&lt;p&gt;It was in 1924 that the Saudis (Ibn Saud) overthrew the Hashemites and established Saudi Arabia. The British did not promise them the area at hand.&lt;/p&gt;\n\n&lt;p&gt;Secondly, it is worth noting that there is significant dispute over whether or not the British actually did promise the area known as Palestine/Israel to the Hashemites. Certainly Hussein argued that they did, but the British seemed to use some sleight of hand and wordplay to their advantage in refusing to acknowledge that interpretation. Whether it was misunderstanding or duplicity, you are correct that the motivation was ultimately to undermine the Ottomans.&lt;/p&gt;\n\n&lt;p&gt;It&amp;#39;s also worth noting that Sykes-Picot did not entirely promise the area to themselves, either. Sykes-Picot proposed primarily the southern portion of the area to the British zone of influence, while the northern half (including Jerusalem) was set to be an international area. This was meant to make the French more comfortable, of course, with the arrangement.&lt;/p&gt;\n\n&lt;p&gt;With that out of the way, let&amp;#39;s discuss the question. First and foremost, it was not solely Lord Balfour&amp;#39;s decision. Balfour was Foreign Secretary, but the decision of the Declaration was made by the British War Cabinet. It was the Cabinet that decided the ultimate text that was sent out by Lord Balfour. Since you&amp;#39;ve asked specifically about Lord Balfour, however, I&amp;#39;ll discuss that.&lt;/p&gt;\n\n&lt;p&gt;The motivations of Lord Balfour were multi-fold:&lt;/p&gt;\n\n&lt;p&gt;1) He had an admiration for Jews. He said, for example, that Jews are &amp;quot;exceedingly clever people who in spite of their oppression achieved a certain success which excited the jealousy and envy of the peoples among whom they lived.&amp;quot; This, of course, also recognized Jews as a people, which was a precursor to the idea that they are a nation deserving of a state, so to speak.&lt;/p&gt;\n\n&lt;p&gt;2) His second, and perhaps most important motivation was his belief that Jews needed a state as a place to live freely and in peace. He was a sincere believer in the idea that a Jewish state was the best way to handle anti-Semitism, by providing Jews with the ability to have a state of their own to protect themselves.&lt;/p&gt;\n\n&lt;p&gt;3) What was perhaps the only other contender for most important reason is the third: the question of Jewish support for the war effort. Balfour was quoted a few good times as saying that Zionism was popular among American and Russian Jews, and should be acknowledged as such, and would make very good headlines in support of the British in WWI. He also noted, at least once, that the Germans were also courting the Zionist leadership, which worried him. This, coupled with this genuine belief in the morality of it, was more important than the risk of angering the Arab allies at the moment of the war, when it was already fairly late in their joining with the British and when the Arab forces were fighting for far more than just that one area (the McMahon Correspondences related to Arab sovereignty in much of the Middle East, not just the area of Israel/Palestine). It was a calculated risk for Balfour, in that case.&lt;/p&gt;\n&lt;/div&gt;", "stickied": false, "subreddit_type": "public", "can_gild": true, "subreddit": "AskHistorians", "author_flair_text_color": null, "score_hidden": false, "permalink": "/r/AskHistorians/comments/7he7sr/why_did_lord_balfour_issue_the_balfour/dqqoexf/", "num_reports": null, "name": "t1_dqqoexf", "created": 1512402235.0, "author_flair_text": null, "rte_mode": "markdown", "created_utc": 1512373435.0, "subreddit_name_prefixed": "r/AskHistorians", "controversiality": 0, "depth": 0, "author_flair_background_color": null, "mod_reports": [], "mod_note": null, "distinguished": null}}], "after": null, "before": null}}]