[{"kind": "Listing", "data": {"modhash": "", "dist": 1, "children": [{"kind": "t3", "data": {"approved_at_utc": null, "subreddit": "AskHistorians", "selftext": "", "user_reports": [], "saved": false, "mod_reason_title": null, "gilded": 0, "clicked": false, "title": "What was the golden age of piracy like outside of the Caribbean?", "link_flair_richtext": [], "subreddit_name_prefixed": "r/AskHistorians", "hidden": false, "pwls": 6, "link_flair_css_class": null, "downs": 0, "parent_whitelist_status": "all_ads", "hide_score": false, "name": "t3_7hf1sd", "quarantine": false, "link_flair_text_color": "dark", "upvote_ratio": 0.6, "author_flair_background_color": null, "subreddit_type": "public", "ups": 1, "domain": "self.AskHistorians", "media_embed": {}, "author_flair_template_id": null, "is_original_content": false, "secure_media": null, "is_reddit_media_domain": false, "category": null, "secure_media_embed": {}, "link_flair_text": null, "can_mod_post": false, "score": 1, "approved_by": null, "thumbnail": "", "edited": false, "author_flair_css_class": null, "author_flair_richtext": [], "content_categories": null, "is_self": true, "mod_note": null, "created": 1512391020.0, "link_flair_type": "text", "wls": 6, "post_categories": null, "banned_by": null, "author_flair_type": "text", "contest_mode": false, "selftext_html": null, "likes": null, "suggested_sort": null, "banned_at_utc": null, "view_count": null, "archived": true, "no_follow": true, "is_crosspostable": false, "pinned": false, "over_18": false, "media_only": false, "can_gild": false, "spoiler": false, "locked": false, "author_flair_text": null, "rte_mode": "markdown", "visited": false, "num_reports": null, "distinguished": null, "subreddit_id": "t5_2ssp3", "mod_reason_by": null, "removal_reason": null, "id": "7hf1sd", "report_reasons": null, "author": "Wolfkillerq", "num_crossposts": 0, "num_comments": 1, "send_replies": true, "mod_reports": [], "author_flair_text_color": null, "permalink": "/r/AskHistorians/comments/7hf1sd/what_was_the_golden_age_of_piracy_like_outside_of/", "whitelist_status": "all_ads", "stickied": false, "url": "https://www.reddit.com/r/AskHistorians/comments/7hf1sd/what_was_the_golden_age_of_piracy_like_outside_of/", "subreddit_subscribers": 771332, "created_utc": 1512362220.0, "media": null, "is_video": false}}], "after": null, "before": null}}, {"kind": "Listing", "data": {"modhash": "", "dist": null, "children": [{"kind": "t1", "data": {"subreddit_id": "t5_2ssp3", "approved_at_utc": null, "ups": 2, "mod_reason_by": null, "banned_by": null, "author_flair_type": "richtext", "removal_reason": null, "link_id": "t3_7hf1sd", "author_flair_template_id": null, "likes": null, "no_follow": true, "replies": "", "user_reports": [], "saved": false, "id": "dqr50u3", "banned_at_utc": null, "mod_reason_title": null, "gilded": 0, "archived": true, "report_reasons": null, "author": "Elphinstone1842", "can_mod_post": false, "send_replies": true, "parent_id": "t3_7hf1sd", "score": 2, "approved_by": null, "downs": 0, "body": "Well there weren't just pirates in the Caribbean during the so-called Golden Age of Piracy. If you're talking about pirates of European origin, they operated in the Atlantic, Pacific and Indian Oceans throughout this period. \n\nThe quick rundown is that throughout the 1680s and early 1690s, as European governments began cracking down on buccaneers in the Caribbean, many French and English buccaneers crossed into the Pacific (following the example of English privateers like Francis Drake and Thomas Cavendish who had done this a century earlier) and began attacking ships and raiding Spanish settlements along the Pacific coasts of South and Central America as far north as Mexico. These included Bartholomew Sharp, William Dampier, Basil Ringrose, Lionel Wafer, Raveneau de Lussan, Etienne de Montauban and many others who all wrote and published detailed journals describing their exploits which are a key primary source on buccaneers. After they finished plundering the Spanish on the Pacific coasts of the Americas, most of these buccaneers then sailed west across the Pacific and reached the East Indies. There they had problems dealing with local authorities and some became involved in local Philippine tribal conflicts. It took William Dampier over ten years to return to England like this, eventually completely his circumnavigation in 1691 and publishing his journals in 1697. He would go on to enter the Pacific and complete two more circumnavigations as a legal privateer against the Spanish in 1704-1707 and 1708-1711. \n\nIn the 1690s, as buccaneers in the Caribbean continued to be persecuted, another wave of English and French pirates sailed for the Atlantic and Indian Oceans to get away from European authorities. This era is commonly called the \"Pirate Round.\" These included most famously Thomas Tew who was killed in battle against a Mughal ship in the Red Sea in 1695. There were some rumors that these Indian Ocean pirates founded some sort of proto-socialist/anarchist \"pirate utopia\" in Madagascar called Libertatia, but this is probably an invention of the author of the book *A General History of the Robberies and Murders of the Most Notorious Pyrates* published in 1726. In reality, the pirates in Madagascar probably didn't do much more than establish a few trading posts and maybe participate in some tribal conflicts (a future ruler of Madagascar, Ratsimilaho, was said to be the son of Thomas Tew via a Malagasy queen). In 1695, the pirate Henry Avery captured an extremely wealthy Mughal ship in the Indian Ocean and this caused a huge international scandal in which British East India Company officials were imprisoned by the Mughals in India and the English government was forced to issue a proclamation unequivocally condemning piracy, labelling pirates *hostis humani generis* meaning enemies of mankind. Henry Avery escaped with his loot and was never heard from again, but because of this, British pirate hunters were organized to try to stamp out piracy in the Indian Ocean. One of these named William Kidd turned pirate himself after an extremely unsuccessful two year voyage from 1696 to 1698 in which he failed to encounter a single pirate in the Indian Ocean. He was tried and executed in 1701. \n\nThroughout the 1700s and 1710s, many English privateers crossed into the Pacific again to attack the Spanish but these were more technically acting as legitimate privateers since they did it with valid privateering commissions during the Spanish War of Succession between England and Spain. \n\nAfter the Spanish War of Succession ended in 1713, many of these former privateers who had established themselves on the island of Nassau in the Bahamas as a base for their activities, continued attacking ships despite the war being over -- this made them pirates. Around the time Nassau was invaded and taken over by the British government in 1718, many of these pirates fled the Caribbean like the earlier generation of pirates had in the 1690s. Also like in the 1690s, there is some evidence of some small pirate kingdoms or fiefdoms being set up in Madagascar, most notably under the pirate James Plantain until 1728. The pirate Edward England sailed for the coast of West Africa in 1717 and ended up being marooned in the Indian Ocean in 1720, eventually making his way to Madagascar where he died. His most powerful successor, Bartholomew Roberts, was killed by pirate hunters off the west coast of Africa in 1722. \n\nOther pirates like Edward Thache (Blackbeard) sailed for the North American colonies where he briefly settled in Charles Town, North Carolina, and made deals with the corrupt local governor, but he was killed by pirate hunters in 1718. Other pirates like Edward Low and John Philips continued attacking ships along the coast of New England throughout the early 1720s. One of the last New England pirates was William Fly who was hung in Boston in 1726. \n\nIn Europe, the Scottish pirate John Gow briefly terrorized the coast of Scotland from 1724-1725 before he was captured and hung and a few Irish pirates Philip Roche and Walter Kennedy also briefly engaged in some small-scale piracy around Ireland and Scotland before they were captured and hung in 1721 and 1723. \n\n**Sources:**\n\n*A General History of the Robberies and Murders of the Most Notorious Pyrates* published in 1724/26 by Charles Johnson/Daniel Defoe/Nathaniel Mist (Charles Johnson is a pseudonym, long thought to have been written by Defore but Mist is the most likely author)\n\n*Pirates: Terror on the high seas from the Caribbean to the South China Sea* by David Cordingly et al. \n\n*The Golden Book of Buccaneers* by John Gilbert", "edited": false, "author_flair_css_class": "other", "collapsed": false, "author_flair_richtext": [{"e": "text", "t": "Golden Age of Piracy"}], "is_submitter": false, "collapsed_reason": null, "body_html": "&lt;div class=\"md\"&gt;&lt;p&gt;Well there weren&amp;#39;t just pirates in the Caribbean during the so-called Golden Age of Piracy. If you&amp;#39;re talking about pirates of European origin, they operated in the Atlantic, Pacific and Indian Oceans throughout this period. &lt;/p&gt;\n\n&lt;p&gt;The quick rundown is that throughout the 1680s and early 1690s, as European governments began cracking down on buccaneers in the Caribbean, many French and English buccaneers crossed into the Pacific (following the example of English privateers like Francis Drake and Thomas Cavendish who had done this a century earlier) and began attacking ships and raiding Spanish settlements along the Pacific coasts of South and Central America as far north as Mexico. These included Bartholomew Sharp, William Dampier, Basil Ringrose, Lionel Wafer, Raveneau de Lussan, Etienne de Montauban and many others who all wrote and published detailed journals describing their exploits which are a key primary source on buccaneers. After they finished plundering the Spanish on the Pacific coasts of the Americas, most of these buccaneers then sailed west across the Pacific and reached the East Indies. There they had problems dealing with local authorities and some became involved in local Philippine tribal conflicts. It took William Dampier over ten years to return to England like this, eventually completely his circumnavigation in 1691 and publishing his journals in 1697. He would go on to enter the Pacific and complete two more circumnavigations as a legal privateer against the Spanish in 1704-1707 and 1708-1711. &lt;/p&gt;\n\n&lt;p&gt;In the 1690s, as buccaneers in the Caribbean continued to be persecuted, another wave of English and French pirates sailed for the Atlantic and Indian Oceans to get away from European authorities. This era is commonly called the &amp;quot;Pirate Round.&amp;quot; These included most famously Thomas Tew who was killed in battle against a Mughal ship in the Red Sea in 1695. There were some rumors that these Indian Ocean pirates founded some sort of proto-socialist/anarchist &amp;quot;pirate utopia&amp;quot; in Madagascar called Libertatia, but this is probably an invention of the author of the book &lt;em&gt;A General History of the Robberies and Murders of the Most Notorious Pyrates&lt;/em&gt; published in 1726. In reality, the pirates in Madagascar probably didn&amp;#39;t do much more than establish a few trading posts and maybe participate in some tribal conflicts (a future ruler of Madagascar, Ratsimilaho, was said to be the son of Thomas Tew via a Malagasy queen). In 1695, the pirate Henry Avery captured an extremely wealthy Mughal ship in the Indian Ocean and this caused a huge international scandal in which British East India Company officials were imprisoned by the Mughals in India and the English government was forced to issue a proclamation unequivocally condemning piracy, labelling pirates &lt;em&gt;hostis humani generis&lt;/em&gt; meaning enemies of mankind. Henry Avery escaped with his loot and was never heard from again, but because of this, British pirate hunters were organized to try to stamp out piracy in the Indian Ocean. One of these named William Kidd turned pirate himself after an extremely unsuccessful two year voyage from 1696 to 1698 in which he failed to encounter a single pirate in the Indian Ocean. He was tried and executed in 1701. &lt;/p&gt;\n\n&lt;p&gt;Throughout the 1700s and 1710s, many English privateers crossed into the Pacific again to attack the Spanish but these were more technically acting as legitimate privateers since they did it with valid privateering commissions during the Spanish War of Succession between England and Spain. &lt;/p&gt;\n\n&lt;p&gt;After the Spanish War of Succession ended in 1713, many of these former privateers who had established themselves on the island of Nassau in the Bahamas as a base for their activities, continued attacking ships despite the war being over -- this made them pirates. Around the time Nassau was invaded and taken over by the British government in 1718, many of these pirates fled the Caribbean like the earlier generation of pirates had in the 1690s. Also like in the 1690s, there is some evidence of some small pirate kingdoms or fiefdoms being set up in Madagascar, most notably under the pirate James Plantain until 1728. The pirate Edward England sailed for the coast of West Africa in 1717 and ended up being marooned in the Indian Ocean in 1720, eventually making his way to Madagascar where he died. His most powerful successor, Bartholomew Roberts, was killed by pirate hunters off the west coast of Africa in 1722. &lt;/p&gt;\n\n&lt;p&gt;Other pirates like Edward Thache (Blackbeard) sailed for the North American colonies where he briefly settled in Charles Town, North Carolina, and made deals with the corrupt local governor, but he was killed by pirate hunters in 1718. Other pirates like Edward Low and John Philips continued attacking ships along the coast of New England throughout the early 1720s. One of the last New England pirates was William Fly who was hung in Boston in 1726. &lt;/p&gt;\n\n&lt;p&gt;In Europe, the Scottish pirate John Gow briefly terrorized the coast of Scotland from 1724-1725 before he was captured and hung and a few Irish pirates Philip Roche and Walter Kennedy also briefly engaged in some small-scale piracy around Ireland and Scotland before they were captured and hung in 1721 and 1723. &lt;/p&gt;\n\n&lt;p&gt;&lt;strong&gt;Sources:&lt;/strong&gt;&lt;/p&gt;\n\n&lt;p&gt;&lt;em&gt;A General History of the Robberies and Murders of the Most Notorious Pyrates&lt;/em&gt; published in 1724/26 by Charles Johnson/Daniel Defoe/Nathaniel Mist (Charles Johnson is a pseudonym, long thought to have been written by Defore but Mist is the most likely author)&lt;/p&gt;\n\n&lt;p&gt;&lt;em&gt;Pirates: Terror on the high seas from the Caribbean to the South China Sea&lt;/em&gt; by David Cordingly et al. &lt;/p&gt;\n\n&lt;p&gt;&lt;em&gt;The Golden Book of Buccaneers&lt;/em&gt; by John Gilbert&lt;/p&gt;\n&lt;/div&gt;", "stickied": false, "subreddit_type": "public", "can_gild": true, "subreddit": "AskHistorians", "author_flair_text_color": null, "score_hidden": false, "permalink": "/r/AskHistorians/comments/7hf1sd/what_was_the_golden_age_of_piracy_like_outside_of/dqr50u3/", "num_reports": null, "name": "t1_dqr50u3", "created": 1512432834.0, "author_flair_text": "Golden Age of Piracy", "rte_mode": "markdown", "created_utc": 1512404034.0, "subreddit_name_prefixed": "r/AskHistorians", "controversiality": 0, "depth": 0, "author_flair_background_color": null, "mod_reports": [], "mod_note": null, "distinguished": null}}], "after": null, "before": null}}]