[{"kind": "Listing", "data": {"modhash": "", "dist": 1, "children": [{"kind": "t3", "data": {"approved_at_utc": null, "subreddit": "AskHistorians", "selftext": "I realize that Italy was an ally of Britain during the First World War so it\u2019s also ironic that it would be Mussolini to declare war on Britain two decades later. ", "user_reports": [], "saved": false, "mod_reason_title": null, "gilded": 0, "clicked": false, "title": "Why did the British pay Benito Mussolini (and handsomely at that) to silence pro-peace protesters and publish pro war propaganda during WWI?", "link_flair_richtext": [], "subreddit_name_prefixed": "r/AskHistorians", "hidden": false, "pwls": 6, "link_flair_css_class": null, "downs": 0, "parent_whitelist_status": "all_ads", "hide_score": false, "name": "t3_94fh6a", "quarantine": false, "link_flair_text_color": "dark", "upvote_ratio": 1.0, "author_flair_background_color": null, "subreddit_type": "public", "ups": 8, "domain": "self.AskHistorians", "media_embed": {}, "author_flair_template_id": null, "is_original_content": false, "author_fullname": "t2_6lxzw", "secure_media": null, "is_reddit_media_domain": false, "is_meta": false, "category": null, "secure_media_embed": {}, "link_flair_text": null, "can_mod_post": false, "score": 8, "approved_by": null, "thumbnail": "", "edited": false, "author_flair_css_class": null, "author_flair_richtext": [], "content_categories": null, "is_self": true, "mod_note": null, "created": 1533376134.0, "link_flair_type": "text", "wls": 6, "banned_by": null, "author_flair_type": "text", "contest_mode": false, "selftext_html": "&lt;!-- SC_OFF --&gt;&lt;div class=\"md\"&gt;&lt;p&gt;I realize that Italy was an ally of Britain during the First World War so it\u2019s also ironic that it would be Mussolini to declare war on Britain two decades later. &lt;/p&gt;\n&lt;/div&gt;&lt;!-- SC_ON --&gt;", "likes": null, "suggested_sort": null, "banned_at_utc": null, "view_count": null, "archived": false, "no_follow": true, "is_crosspostable": false, "pinned": false, "over_18": false, "media": null, "media_only": false, "link_flair_template_id": null, "can_gild": false, "spoiler": false, "locked": false, "author_flair_text": null, "visited": false, "num_reports": null, "distinguished": null, "subreddit_id": "t5_2ssp3", "mod_reason_by": null, "removal_reason": null, "link_flair_background_color": "", "id": "94fh6a", "report_reasons": null, "author": "danceswithwool", "num_crossposts": 0, "num_comments": 6, "send_replies": true, "author_flair_text_color": null, "permalink": "/r/AskHistorians/comments/94fh6a/why_did_the_british_pay_benito_mussolini_and/", "whitelist_status": "all_ads", "stickied": false, "url": "https://www.reddit.com/r/AskHistorians/comments/94fh6a/why_did_the_british_pay_benito_mussolini_and/", "subreddit_subscribers": 798142, "created_utc": 1533347334.0, "mod_reports": [], "is_video": false}}], "after": null, "before": null}}, {"kind": "Listing", "data": {"modhash": "", "dist": null, "children": [{"kind": "t1", "data": {"subreddit_id": "t5_2ssp3", "approved_at_utc": null, "ups": 1, "mod_reason_by": null, "banned_by": null, "author_flair_type": "text", "removal_reason": null, "link_id": "t3_94fh6a", "author_flair_template_id": null, "likes": null, "no_follow": true, "replies": {"kind": "Listing", "data": {"modhash": "", "dist": null, "children": [{"kind": "t1", "data": {"subreddit_id": "t5_2ssp3", "approved_at_utc": null, "ups": 1, "mod_reason_by": null, "banned_by": null, "author_flair_type": "text", "removal_reason": null, "link_id": "t3_94fh6a", "author_flair_template_id": null, "likes": null, "no_follow": true, "replies": {"kind": "Listing", "data": {"modhash": "", "dist": null, "children": [{"kind": "t1", "data": {"subreddit_id": "t5_2ssp3", "approved_at_utc": null, "ups": 4, "mod_reason_by": null, "banned_by": null, "author_flair_type": "text", "removal_reason": null, "link_id": "t3_94fh6a", "author_flair_template_id": null, "likes": null, "no_follow": true, "replies": {"kind": "Listing", "data": {"modhash": "", "dist": null, "children": [{"kind": "t1", "data": {"subreddit_id": "t5_2ssp3", "approved_at_utc": null, "ups": 4, "mod_reason_by": null, "banned_by": null, "author_flair_type": "text", "removal_reason": null, "link_id": "t3_94fh6a", "author_flair_template_id": null, "likes": null, "no_follow": true, "replies": "", "user_reports": [], "saved": false, "id": "e3lki8j", "banned_at_utc": null, "mod_reason_title": null, "gilded": 0, "archived": false, "report_reasons": null, "author": "sunagainstgold", "can_mod_post": false, "send_replies": true, "parent_id": "t1_e3l4xmv", "score": 4, "author_fullname": "t2_j83ki", "approved_by": null, "downs": 0, "body": "&gt;  He was one of one hundred people getting less than one thousandth of the whole cake. Which doesn't mean that the sources of Mussolini's finances during the war should be considered irrelevant - but it is only relevant because it involved Mussolini, not because it was exceptional in any way. \n\nThis is one of those points that is so important in distinguishing reality from dramatic-but-flawed popular narrative but so hard to convey well--and you did it brilliantly. Nice work overall, too!", "edited": false, "author_flair_css_class": "europe", "collapsed": false, "author_flair_richtext": [], "is_submitter": false, "collapsed_reason": null, "body_html": "&lt;div class=\"md\"&gt;&lt;blockquote&gt;\n&lt;p&gt;He was one of one hundred people getting less than one thousandth of the whole cake. Which doesn&amp;#39;t mean that the sources of Mussolini&amp;#39;s finances during the war should be considered irrelevant - but it is only relevant because it involved Mussolini, not because it was exceptional in any way. &lt;/p&gt;\n&lt;/blockquote&gt;\n\n&lt;p&gt;This is one of those points that is so important in distinguishing reality from dramatic-but-flawed popular narrative but so hard to convey well--and you did it brilliantly. Nice work overall, too!&lt;/p&gt;\n&lt;/div&gt;", "stickied": false, "subreddit_type": "public", "can_gild": true, "subreddit": "AskHistorians", "author_flair_text_color": "dark", "score_hidden": false, "permalink": "/r/AskHistorians/comments/94fh6a/why_did_the_british_pay_benito_mussolini_and/e3lki8j/", "num_reports": null, "name": "t1_e3lki8j", "created": 1533427306.0, "author_flair_text": "Moderator | Medieval &amp; Earliest Modern Europe", "created_utc": 1533398506.0, "subreddit_name_prefixed": "r/AskHistorians", "controversiality": 0, "depth": 3, "author_flair_background_color": "", "mod_reports": [], "mod_note": null, "distinguished": null}}, {"kind": "t1", "data": {"subreddit_id": "t5_2ssp3", "approved_at_utc": null, "ups": 2, "mod_reason_by": null, "banned_by": null, "author_flair_type": "text", "removal_reason": null, "link_id": "t3_94fh6a", "author_flair_template_id": null, "likes": null, "no_follow": true, "replies": "", "user_reports": [], "saved": false, "id": "e3l5f40", "banned_at_utc": null, "mod_reason_title": null, "gilded": 0, "archived": false, "report_reasons": null, "author": "Klesk_vs_Xaero", "can_mod_post": false, "send_replies": true, "parent_id": "t1_e3l4xmv", "score": 2, "author_fullname": "t2_iwl04", "approved_by": null, "downs": 0, "body": "This bring us to the second part of the question. Why Mussolini needed this money. \n\nUnfortunately for Mussolini, his newspaper suffered from various criticalities: it was new, it had been funded with the explicit purpose of bringing Italy into the war soon after Mussolini had resigned from the direction of the neutralist socialist official party issue, the *Avanti!*, put together in a week with the support of a few interventionist forces through an ad hoc advertisement company and the good office of another Chief Editor, Filippo Naldi.\n\nIn the decisive weeks of the Italian intervention Mussolini was able to secure funds from both his internal backers and the French. But after the intervention, what was the purpose of an interventionist newspaper? And even then, Mussolini could not provide directly as he was serving on the front. So that funds and Editor duties ceased to go through him.\n\nThe *Popolo d'Italia* continued to make due somehow - we know from public security reports that it needed over 20,000 Lire per month and that it got less than 1,000 from advertisement and another 1,000-2,000 from subscriptions.\n\nThe rest was \"informal\" contributions of some sort. And without these it is apparent the *Popolo d'Italia* would have closed soon after the intervention. Nonetheless, Mussolini was aware that the foreign contributions weren't going to last - his substantial interest in the *Ansaldo* during the early 1918 (and the sizable sums paid both in open advertisment and behind the curtains) is evidence that he wasn't banking on the British or French.\n\n\nFinally, the *Popolo d'Italia* opposed - virulently at times - the supposed \"defeatist\" propaganda within the nation. It could not squash peace rallies; there weren't any, properly speaking, and the few strikes resulting in shouts of \"peace\", \"down with war\" (such as the Turin strikes of August 1917) were thoroughly suppressed by the public force - absent which, the army would have been more than able to.\n\nMussolini's newspaper did its political battles during the war - and some of them betray the interests behind the curtains - but there is very little evidence that Mussolini followed any direction from above; rather the allies were open to financing any relevant interventionist figure and Mussolini was open to take any money that allowed him to remain relevant.\n\n\nI am preparing something more extensive for today's [Saturday Spotlight](https://www.reddit.com/r/AskHistorians/comments/92mckv/saturday_showcase_july_28_2018/) that goes into further details, with a slightly different angle. But let me know if you have any follow up questions. \n\nUnfortunately this is a rather intricate matter to discuss in short.", "edited": false, "author_flair_css_class": "europe", "collapsed": false, "author_flair_richtext": [], "is_submitter": false, "collapsed_reason": null, "body_html": "&lt;div class=\"md\"&gt;&lt;p&gt;This bring us to the second part of the question. Why Mussolini needed this money. &lt;/p&gt;\n\n&lt;p&gt;Unfortunately for Mussolini, his newspaper suffered from various criticalities: it was new, it had been funded with the explicit purpose of bringing Italy into the war soon after Mussolini had resigned from the direction of the neutralist socialist official party issue, the &lt;em&gt;Avanti!&lt;/em&gt;, put together in a week with the support of a few interventionist forces through an ad hoc advertisement company and the good office of another Chief Editor, Filippo Naldi.&lt;/p&gt;\n\n&lt;p&gt;In the decisive weeks of the Italian intervention Mussolini was able to secure funds from both his internal backers and the French. But after the intervention, what was the purpose of an interventionist newspaper? And even then, Mussolini could not provide directly as he was serving on the front. So that funds and Editor duties ceased to go through him.&lt;/p&gt;\n\n&lt;p&gt;The &lt;em&gt;Popolo d&amp;#39;Italia&lt;/em&gt; continued to make due somehow - we know from public security reports that it needed over 20,000 Lire per month and that it got less than 1,000 from advertisement and another 1,000-2,000 from subscriptions.&lt;/p&gt;\n\n&lt;p&gt;The rest was &amp;quot;informal&amp;quot; contributions of some sort. And without these it is apparent the &lt;em&gt;Popolo d&amp;#39;Italia&lt;/em&gt; would have closed soon after the intervention. Nonetheless, Mussolini was aware that the foreign contributions weren&amp;#39;t going to last - his substantial interest in the &lt;em&gt;Ansaldo&lt;/em&gt; during the early 1918 (and the sizable sums paid both in open advertisment and behind the curtains) is evidence that he wasn&amp;#39;t banking on the British or French.&lt;/p&gt;\n\n&lt;p&gt;Finally, the &lt;em&gt;Popolo d&amp;#39;Italia&lt;/em&gt; opposed - virulently at times - the supposed &amp;quot;defeatist&amp;quot; propaganda within the nation. It could not squash peace rallies; there weren&amp;#39;t any, properly speaking, and the few strikes resulting in shouts of &amp;quot;peace&amp;quot;, &amp;quot;down with war&amp;quot; (such as the Turin strikes of August 1917) were thoroughly suppressed by the public force - absent which, the army would have been more than able to.&lt;/p&gt;\n\n&lt;p&gt;Mussolini&amp;#39;s newspaper did its political battles during the war - and some of them betray the interests behind the curtains - but there is very little evidence that Mussolini followed any direction from above; rather the allies were open to financing any relevant interventionist figure and Mussolini was open to take any money that allowed him to remain relevant.&lt;/p&gt;\n\n&lt;p&gt;I am preparing something more extensive for today&amp;#39;s &lt;a href=\"https://www.reddit.com/r/AskHistorians/comments/92mckv/saturday_showcase_july_28_2018/\"&gt;Saturday Spotlight&lt;/a&gt; that goes into further details, with a slightly different angle. But let me know if you have any follow up questions. &lt;/p&gt;\n\n&lt;p&gt;Unfortunately this is a rather intricate matter to discuss in short.&lt;/p&gt;\n&lt;/div&gt;", "stickied": false, "subreddit_type": "public", "can_gild": true, "subreddit": "AskHistorians", "author_flair_text_color": "dark", "score_hidden": false, "permalink": "/r/AskHistorians/comments/94fh6a/why_did_the_british_pay_benito_mussolini_and/e3l5f40/", "num_reports": null, "name": "t1_e3l5f40", "created": 1533405751.0, "author_flair_text": "Mussolini and Italian Fascism", "created_utc": 1533376951.0, "subreddit_name_prefixed": "r/AskHistorians", "controversiality": 0, "depth": 3, "author_flair_background_color": "", "mod_reports": [], "mod_note": null, "distinguished": null}}, {"kind": "t1", "data": {"subreddit_id": "t5_2ssp3", "approved_at_utc": null, "ups": 2, "mod_reason_by": null, "banned_by": null, "author_flair_type": "text", "removal_reason": null, "link_id": "t3_94fh6a", "author_flair_template_id": null, "likes": null, "no_follow": true, "replies": "", "user_reports": [], "saved": false, "id": "e3l5kqd", "banned_at_utc": null, "mod_reason_title": null, "gilded": 0, "archived": false, "report_reasons": null, "author": "danceswithwool", "can_mod_post": false, "send_replies": true, "parent_id": "t1_e3l4xmv", "score": 2, "author_fullname": "t2_6lxzw", "approved_by": null, "downs": 0, "body": "Ok first, thank you so much for this answer. I never would have been able to google and find such a concise and informative answer. That\u2019s why this subreddit is great. \n\nSecond, it\u2019s very early here in the states (I gathered you are probably in the UK) and I\u2019ll give you a better reply and one follow up question later today but I wanted you to know I read your reply and I appreciate it. ", "edited": false, "author_flair_css_class": null, "collapsed": false, "author_flair_richtext": [], "is_submitter": true, "collapsed_reason": null, "body_html": "&lt;div class=\"md\"&gt;&lt;p&gt;Ok first, thank you so much for this answer. I never would have been able to google and find such a concise and informative answer. That\u2019s why this subreddit is great. &lt;/p&gt;\n\n&lt;p&gt;Second, it\u2019s very early here in the states (I gathered you are probably in the UK) and I\u2019ll give you a better reply and one follow up question later today but I wanted you to know I read your reply and I appreciate it. &lt;/p&gt;\n&lt;/div&gt;", "stickied": false, "subreddit_type": "public", "can_gild": true, "subreddit": "AskHistorians", "author_flair_text_color": null, "score_hidden": false, "permalink": "/r/AskHistorians/comments/94fh6a/why_did_the_british_pay_benito_mussolini_and/e3l5kqd/", "num_reports": null, "name": "t1_e3l5kqd", "created": 1533406097.0, "author_flair_text": null, "created_utc": 1533377297.0, "subreddit_name_prefixed": "r/AskHistorians", "controversiality": 0, "depth": 3, "author_flair_background_color": null, "mod_reports": [], "mod_note": null, "distinguished": null}}], "after": null, "before": null}}, "user_reports": [], "saved": false, "id": "e3l4xmv", "banned_at_utc": null, "mod_reason_title": null, "gilded": 0, "archived": false, "report_reasons": null, "author": "Klesk_vs_Xaero", "can_mod_post": false, "send_replies": true, "parent_id": "t1_e3l3sid", "score": 4, "author_fullname": "t2_iwl04", "approved_by": null, "downs": 0, "body": "So, I'll try to give you something - but that's a tall order you have here.\n\nFirst, from our informations the British involvement took place during late 1917 early 1918, in the form of a subside of 100 \u00a3 a week. A sizable sum that was at the time roughly equivalent to 10,000 Lire per month (but likely a bit more if actually paid in Sterling Pounds). At the time Italy had just survived a nearly fatal blow when the Austro-German forces had broken the Italian line around the town of Caporetto (24^th of October 1917). That is, Italy had been into the conflict for over two years; but was it going to remain committed? The British and French were certainly concerned enough to put direct pressure on the Italian Prime Minister, Vittorio Emanuele Orlando for the replacement of his Chief of Staff, Luigi Cadorna. In addition to that, they had sent a few divisions to reinforce the Italian defensive line - but the British understood, or so the Commander of the expedition corp noted, that they were sent there \"to keep Italy into the war\".\n\nNow, there was no real talk of a separate peace but, when the wind blows old houses make a lot of noise; and so it is understandable that the British wanted to take a few steps to \"help\" the Italian internal front.\n\nFor the British promting the war; well, that's fairly obvious: England was at war and Italy was keeping some 1,000,000 Austrian soldiers busy. A separate peace would have cleared men, materials and machinery for the German Spring offensive of 1918.\n\nThose same reasons had brought the allied nations to \"encourage\" various states into the war - states like Italy, Romania, Greece - earlier during 1915 when it appeared that each of those new belligerants could be the decisive factor in the conflict. At the time it was the French who subsidized Mussolini's newspaper, the *Popolo d'Italia* - with a sum of 10,000 Lire per month, cleared with the French ambassador Camille Barrere in May 1915 and continuing for a few months after. The payments had been likely preceeded by some larger sum (R. De Felice estimates 100,000 Lire but leaves a question mark) to cover some of the newspaper financial exposure.\n\nBut why did Mussolini need the money? The matter is, newspapers weren't really that \"profitable\" in terms of immediate financial returns at the time. Some of them did better but most didn't - that is they weren't popular enough to be subjects of financial speculation; they were useful enough to become objects of financial speculation. That is they were either controlled directly by major industrial or financial groups (that was the case of the *Ansaldo* shipbuilding company and the nationalist *L'Idea Nazionale*) or controlled indirectly by the means of advertisement companies and subscription. Any degree of intellectual autonomy that a Chief Editor managed to scrape together had to be accounted for; the \"better\" a press outlet was, the more it could retain some measure of independence. An example of this was the liberal interventionist *Corriere della Sera*, in all likelyhood the best newspaper of Italian war years and one of the few that was up to the European standards. A fact that did not prevent its Chief Editor Luigi Albertini from petitioning with the British press baron (and old acquaintance) Alfred Harmsworth (Northcliffe) in order to have a cheap expedition of paper.\n\nIn a way, this should help you understand that the UK (and soon the US) was bankrolling a good chunk of the Italian war effort. Italy had by the end of 1917 placed everything on the scale but, as various observers noted (including economist Luigi Einaudi and Finance Ministry F.S. Nitti), Italy could not survive the war without the contribution of its allies. To put things in perspective, the complex of the direct loans, credits on foodstuff and materials, advantages from the fixed exchange with Sterling Pound and Dollar, were of the order of a few Billion Lire.\n\nThat's a few hundred times more than the 25 Millions the French had allegedly spent in covert foreign propaganda at the time of the Italian intervention.\n\nWhich in turn is one hundred times more than the 250,000 Lire Mussolini likely got out of that pile. \n\n\nThe idea that they picked Mussolini especially is unsubstantiated. We picked Mussolini because he is the one figure of Italian interventionism that we know can draw some attention. He was one of one hundred people getting less than one thousandth of the whole cake. Which doesn't mean that the sources of Mussolini's finances during the war should be considered irrelevant - but it is only relevant because it involved Mussolini, not because it was exceptional in any way. And especially the British and French financing was by no means compromising - much more problematic were the funds he took from the *Ansaldo* (more sizable indeed) or other Italian groups, which sought to influence the Italian political and economical system beyond the war effort.", "edited": false, "author_flair_css_class": "europe", "collapsed": false, "author_flair_richtext": [], "is_submitter": false, "collapsed_reason": null, "body_html": "&lt;div class=\"md\"&gt;&lt;p&gt;So, I&amp;#39;ll try to give you something - but that&amp;#39;s a tall order you have here.&lt;/p&gt;\n\n&lt;p&gt;First, from our informations the British involvement took place during late 1917 early 1918, in the form of a subside of 100 \u00a3 a week. A sizable sum that was at the time roughly equivalent to 10,000 Lire per month (but likely a bit more if actually paid in Sterling Pounds). At the time Italy had just survived a nearly fatal blow when the Austro-German forces had broken the Italian line around the town of Caporetto (24&lt;sup&gt;th&lt;/sup&gt; of October 1917). That is, Italy had been into the conflict for over two years; but was it going to remain committed? The British and French were certainly concerned enough to put direct pressure on the Italian Prime Minister, Vittorio Emanuele Orlando for the replacement of his Chief of Staff, Luigi Cadorna. In addition to that, they had sent a few divisions to reinforce the Italian defensive line - but the British understood, or so the Commander of the expedition corp noted, that they were sent there &amp;quot;to keep Italy into the war&amp;quot;.&lt;/p&gt;\n\n&lt;p&gt;Now, there was no real talk of a separate peace but, when the wind blows old houses make a lot of noise; and so it is understandable that the British wanted to take a few steps to &amp;quot;help&amp;quot; the Italian internal front.&lt;/p&gt;\n\n&lt;p&gt;For the British promting the war; well, that&amp;#39;s fairly obvious: England was at war and Italy was keeping some 1,000,000 Austrian soldiers busy. A separate peace would have cleared men, materials and machinery for the German Spring offensive of 1918.&lt;/p&gt;\n\n&lt;p&gt;Those same reasons had brought the allied nations to &amp;quot;encourage&amp;quot; various states into the war - states like Italy, Romania, Greece - earlier during 1915 when it appeared that each of those new belligerants could be the decisive factor in the conflict. At the time it was the French who subsidized Mussolini&amp;#39;s newspaper, the &lt;em&gt;Popolo d&amp;#39;Italia&lt;/em&gt; - with a sum of 10,000 Lire per month, cleared with the French ambassador Camille Barrere in May 1915 and continuing for a few months after. The payments had been likely preceeded by some larger sum (R. De Felice estimates 100,000 Lire but leaves a question mark) to cover some of the newspaper financial exposure.&lt;/p&gt;\n\n&lt;p&gt;But why did Mussolini need the money? The matter is, newspapers weren&amp;#39;t really that &amp;quot;profitable&amp;quot; in terms of immediate financial returns at the time. Some of them did better but most didn&amp;#39;t - that is they weren&amp;#39;t popular enough to be subjects of financial speculation; they were useful enough to become objects of financial speculation. That is they were either controlled directly by major industrial or financial groups (that was the case of the &lt;em&gt;Ansaldo&lt;/em&gt; shipbuilding company and the nationalist &lt;em&gt;L&amp;#39;Idea Nazionale&lt;/em&gt;) or controlled indirectly by the means of advertisement companies and subscription. Any degree of intellectual autonomy that a Chief Editor managed to scrape together had to be accounted for; the &amp;quot;better&amp;quot; a press outlet was, the more it could retain some measure of independence. An example of this was the liberal interventionist &lt;em&gt;Corriere della Sera&lt;/em&gt;, in all likelyhood the best newspaper of Italian war years and one of the few that was up to the European standards. A fact that did not prevent its Chief Editor Luigi Albertini from petitioning with the British press baron (and old acquaintance) Alfred Harmsworth (Northcliffe) in order to have a cheap expedition of paper.&lt;/p&gt;\n\n&lt;p&gt;In a way, this should help you understand that the UK (and soon the US) was bankrolling a good chunk of the Italian war effort. Italy had by the end of 1917 placed everything on the scale but, as various observers noted (including economist Luigi Einaudi and Finance Ministry F.S. Nitti), Italy could not survive the war without the contribution of its allies. To put things in perspective, the complex of the direct loans, credits on foodstuff and materials, advantages from the fixed exchange with Sterling Pound and Dollar, were of the order of a few Billion Lire.&lt;/p&gt;\n\n&lt;p&gt;That&amp;#39;s a few hundred times more than the 25 Millions the French had allegedly spent in covert foreign propaganda at the time of the Italian intervention.&lt;/p&gt;\n\n&lt;p&gt;Which in turn is one hundred times more than the 250,000 Lire Mussolini likely got out of that pile. &lt;/p&gt;\n\n&lt;p&gt;The idea that they picked Mussolini especially is unsubstantiated. We picked Mussolini because he is the one figure of Italian interventionism that we know can draw some attention. He was one of one hundred people getting less than one thousandth of the whole cake. Which doesn&amp;#39;t mean that the sources of Mussolini&amp;#39;s finances during the war should be considered irrelevant - but it is only relevant because it involved Mussolini, not because it was exceptional in any way. And especially the British and French financing was by no means compromising - much more problematic were the funds he took from the &lt;em&gt;Ansaldo&lt;/em&gt; (more sizable indeed) or other Italian groups, which sought to influence the Italian political and economical system beyond the war effort.&lt;/p&gt;\n&lt;/div&gt;", "stickied": false, "subreddit_type": "public", "can_gild": true, "subreddit": "AskHistorians", "author_flair_text_color": "dark", "score_hidden": false, "permalink": "/r/AskHistorians/comments/94fh6a/why_did_the_british_pay_benito_mussolini_and/e3l4xmv/", "num_reports": null, "name": "t1_e3l4xmv", "created": 1533404685.0, "author_flair_text": "Mussolini and Italian Fascism", "created_utc": 1533375885.0, "subreddit_name_prefixed": "r/AskHistorians", "controversiality": 0, "depth": 2, "author_flair_background_color": "", "mod_reports": [], "mod_note": null, "distinguished": null}}], "after": null, "before": null}}, "user_reports": [], "saved": false, "id": "e3l3sid", "banned_at_utc": null, "mod_reason_title": null, "gilded": 0, "archived": false, "report_reasons": null, "author": "danceswithwool", "can_mod_post": false, "send_replies": true, "parent_id": "t1_e3l1k78", "score": 1, "author_fullname": "t2_6lxzw", "approved_by": null, "downs": 0, "body": "Wow. You answer gave me more questions! Ok. So I had read that the British MI5 had paid him to squash peace rallies. That\u2019s what I knew going in. I guess my question is two fold. Why did the British want the war promoted at all (was there a financial interest at stake)? And why did they choose Mussolini at the time (based on what credentials)? ", "edited": false, "author_flair_css_class": null, "collapsed": false, "author_flair_richtext": [], "is_submitter": true, "collapsed_reason": null, "body_html": "&lt;div class=\"md\"&gt;&lt;p&gt;Wow. You answer gave me more questions! Ok. So I had read that the British MI5 had paid him to squash peace rallies. That\u2019s what I knew going in. I guess my question is two fold. Why did the British want the war promoted at all (was there a financial interest at stake)? And why did they choose Mussolini at the time (based on what credentials)? &lt;/p&gt;\n&lt;/div&gt;", "stickied": false, "subreddit_type": "public", "can_gild": true, "subreddit": "AskHistorians", "author_flair_text_color": null, "score_hidden": false, "permalink": "/r/AskHistorians/comments/94fh6a/why_did_the_british_pay_benito_mussolini_and/e3l3sid/", "num_reports": null, "name": "t1_e3l3sid", "created": 1533402168.0, "author_flair_text": null, "created_utc": 1533373368.0, "subreddit_name_prefixed": "r/AskHistorians", "controversiality": 0, "depth": 1, "author_flair_background_color": null, "mod_reports": [], "mod_note": null, "distinguished": null}}], "after": null, "before": null}}, "user_reports": [], "saved": false, "id": "e3l1k78", "banned_at_utc": null, "mod_reason_title": null, "gilded": 0, "archived": false, "report_reasons": null, "author": "Klesk_vs_Xaero", "can_mod_post": false, "send_replies": true, "parent_id": "t3_94fh6a", "score": 1, "author_fullname": "t2_iwl04", "approved_by": null, "downs": 0, "body": "If I may ask for a bit of clarification on the question; are you asking for insight on the reasons why the British (government, authorities, foreign office, secret services, etc.) choose to finance Mussolini at a specific time in the war (the end of 1917) as a recent and somewhat popular research of Peter Martland provided further evidence on? Or why they felt the need to finance someone? Or why Mussolini needed and accepted such favors?\n\nBecause frankly I am really not aware of any special attention towards Mussolini at the time, that would make establishing the British position (especially) towards him quite difficult. And I am not sure there has been a substantial follow up to Martland's discovery - that was just evidence of the amount of money exchanged - expanding on the possible reasoning behind the choice. ", "edited": false, "author_flair_css_class": "europe", "collapsed": false, "author_flair_richtext": [], "is_submitter": false, "collapsed_reason": null, "body_html": "&lt;div class=\"md\"&gt;&lt;p&gt;If I may ask for a bit of clarification on the question; are you asking for insight on the reasons why the British (government, authorities, foreign office, secret services, etc.) choose to finance Mussolini at a specific time in the war (the end of 1917) as a recent and somewhat popular research of Peter Martland provided further evidence on? Or why they felt the need to finance someone? Or why Mussolini needed and accepted such favors?&lt;/p&gt;\n\n&lt;p&gt;Because frankly I am really not aware of any special attention towards Mussolini at the time, that would make establishing the British position (especially) towards him quite difficult. And I am not sure there has been a substantial follow up to Martland&amp;#39;s discovery - that was just evidence of the amount of money exchanged - expanding on the possible reasoning behind the choice. &lt;/p&gt;\n&lt;/div&gt;", "stickied": false, "subreddit_type": "public", "can_gild": true, "subreddit": "AskHistorians", "author_flair_text_color": "dark", "score_hidden": false, "permalink": "/r/AskHistorians/comments/94fh6a/why_did_the_british_pay_benito_mussolini_and/e3l1k78/", "num_reports": null, "name": "t1_e3l1k78", "created": 1533397523.0, "author_flair_text": "Mussolini and Italian Fascism", "created_utc": 1533368723.0, "subreddit_name_prefixed": "r/AskHistorians", "controversiality": 0, "depth": 0, "author_flair_background_color": "", "mod_reports": [], "mod_note": null, "distinguished": null}}], "after": null, "before": null}}]