[{"kind": "Listing", "data": {"modhash": "", "dist": 1, "children": [{"kind": "t3", "data": {"approved_at_utc": null, "subreddit": "AskHistorians", "selftext": "Didn't the Lorica Segmentata offer better protection than the Lorica Hamata? Wasn't the process to produce a Lorica Hamata (chainmail) much more labour intensive than the Segmentata? \n\nHow about the Lorica Plumata? Was it widespread like the hamata or just kept for the best troops? Apart from logistic and production considerations, what armour offered the best protection overall (hamata, segmentata, or plumata?)\n\nPros and cons of each one?", "user_reports": [], "saved": false, "mod_reason_title": null, "gilded": 0, "clicked": false, "title": "Why did the romans abandoned the Lorica Segmentata and eventually used Lorica Hamata (chainmail) ? And how about the Plumata?", "link_flair_richtext": [], "subreddit_name_prefixed": "r/AskHistorians", "hidden": false, "pwls": 6, "link_flair_css_class": null, "downs": 0, "top_awarded_type": null, "parent_whitelist_status": "all_ads", "hide_score": false, "name": "t3_i27nde", "quarantine": false, "link_flair_text_color": "dark", "upvote_ratio": 0.83, "author_flair_background_color": null, "subreddit_type": "public", "ups": 13, "total_awards_received": 0, "media_embed": {}, "author_flair_template_id": null, "is_original_content": false, "author_fullname": "t2_5l4q82cj", "secure_media": null, "is_reddit_media_domain": false, "is_meta": false, "category": null, "secure_media_embed": {}, "link_flair_text": null, "can_mod_post": false, "score": 13, "approved_by": null, "author_premium": false, "thumbnail": "", "edited": false, "author_flair_css_class": null, "author_flair_richtext": [], "gildings": {}, "content_categories": null, "is_self": true, "mod_note": null, "created": 1596378807.0, "link_flair_type": "text", "wls": 6, "removed_by_category": null, "banned_by": null, "author_flair_type": "text", "domain": "self.AskHistorians", "allow_live_comments": false, "selftext_html": "&lt;!-- SC_OFF --&gt;&lt;div class=\"md\"&gt;&lt;p&gt;Didn&amp;#39;t the Lorica Segmentata offer better protection than the Lorica Hamata? Wasn&amp;#39;t the process to produce a Lorica Hamata (chainmail) much more labour intensive than the Segmentata? &lt;/p&gt;\n\n&lt;p&gt;How about the Lorica Plumata? Was it widespread like the hamata or just kept for the best troops? Apart from logistic and production considerations, what armour offered the best protection overall (hamata, segmentata, or plumata?)&lt;/p&gt;\n\n&lt;p&gt;Pros and cons of each one?&lt;/p&gt;\n&lt;/div&gt;&lt;!-- SC_ON --&gt;", "likes": null, "suggested_sort": null, "banned_at_utc": null, "view_count": null, "archived": false, "no_follow": false, "is_crosspostable": false, "pinned": false, "over_18": false, "all_awardings": [], "awarders": [], "media_only": false, "can_gild": false, "spoiler": false, "locked": false, "author_flair_text": null, "treatment_tags": [], "visited": false, "removed_by": null, "num_reports": null, "distinguished": null, "subreddit_id": "t5_2ssp3", "mod_reason_by": null, "removal_reason": null, "link_flair_background_color": "", "id": "i27nde", "is_robot_indexable": true, "num_duplicates": 1, "report_reasons": null, "author": "Beavisx_K_90", "discussion_type": null, "num_comments": 7, "send_replies": true, "media": null, "contest_mode": false, "author_patreon_flair": false, "author_flair_text_color": null, "permalink": "/r/AskHistorians/comments/i27nde/why_did_the_romans_abandoned_the_lorica/", "whitelist_status": "all_ads", "stickied": false, "url": "https://www.reddit.com/r/AskHistorians/comments/i27nde/why_did_the_romans_abandoned_the_lorica/", "subreddit_subscribers": 1250015, "created_utc": 1596350007.0, "num_crossposts": 0, "mod_reports": [], "is_video": false}}], "after": null, "before": null}}, {"kind": "Listing", "data": {"modhash": "", "dist": null, "children": [{"kind": "t1", "data": {"total_awards_received": 0, "approved_at_utc": null, "ups": 1, "awarders": [], "mod_reason_by": null, "banned_by": null, "author_flair_type": "richtext", "removal_reason": null, "link_id": "t3_i27nde", "author_flair_template_id": "9e641f94-c626-11e2-8e2c-12313b0b21ae", "likes": null, "replies": "", "user_reports": [], "saved": false, "id": "g02amcp", "banned_at_utc": null, "mod_reason_title": null, "gilded": 0, "archived": false, "no_follow": true, "author": "AutoModerator", "can_mod_post": false, "send_replies": false, "parent_id": "t3_i27nde", "score": 1, "author_fullname": "t2_6l4z3", "report_reasons": null, "approved_by": null, "all_awardings": [], "subreddit_id": "t5_2ssp3", "body": "Welcome to /r/AskHistorians. **Please [Read Our Rules](https://www.reddit.com/r/AskHistorians/wiki/rules) before you comment in this community**. Understand that rule breaking comments get removed.\n\nWe thank you for your interest in this *question*, and your patience in waiting for an in-depth and comprehensive answer to be written, which takes time. Please consider **[Clicking Here for RemindMeBot](https://www.reddit.com/message/compose/?to=RemindMeBot&amp;subject=Reminder&amp;message=%5Bhttps://www.reddit.com/r/AskHistorians/comments/i27nde/why_did_the_romans_abandoned_the_lorica/%5D%0A%0ARemindMe!%202%20days)**, [using our Browser Extension](https://www.reddit.com/r/AskHistorians/comments/d6dzi7/tired_of_clicking_to_find_only_removed_comments/), or getting the [Weekly Roundup](https://www.reddit.com/message/compose?to=subredditsummarybot&amp;subject=askhistorians+weekly&amp;message=x). In the meantime our [Twitter](https://twitter.com/askhistorians), [Facebook](https://www.facebook.com/askhistorians/), and [Sunday Digest](https://www.reddit.com/r/AskHistorians/search?q=title%3A%22Sunday+Digest%22&amp;restrict_sr=on&amp;sort=new&amp;t=all) feature excellent content that has already been written!\n\n\n*I am a bot, and this action was performed automatically. Please [contact the moderators of this subreddit](/message/compose/?to=/r/AskHistorians) if you have any questions or concerns.*", "edited": false, "downs": 0, "author_flair_css_class": null, "is_submitter": false, "collapsed": false, "author_flair_richtext": [{"e": "text", "t": "History of Robotics"}], "author_patreon_flair": false, "body_html": "&lt;div class=\"md\"&gt;&lt;p&gt;Welcome to &lt;a href=\"/r/AskHistorians\"&gt;/r/AskHistorians&lt;/a&gt;. &lt;strong&gt;Please &lt;a href=\"https://www.reddit.com/r/AskHistorians/wiki/rules\"&gt;Read Our Rules&lt;/a&gt; before you comment in this community&lt;/strong&gt;. Understand that rule breaking comments get removed.&lt;/p&gt;\n\n&lt;p&gt;We thank you for your interest in this &lt;em&gt;question&lt;/em&gt;, and your patience in waiting for an in-depth and comprehensive answer to be written, which takes time. Please consider &lt;strong&gt;&lt;a href=\"https://www.reddit.com/message/compose/?to=RemindMeBot&amp;amp;subject=Reminder&amp;amp;message=%5Bhttps://www.reddit.com/r/AskHistorians/comments/i27nde/why_did_the_romans_abandoned_the_lorica/%5D%0A%0ARemindMe!%202%20days\"&gt;Clicking Here for RemindMeBot&lt;/a&gt;&lt;/strong&gt;, &lt;a href=\"https://www.reddit.com/r/AskHistorians/comments/d6dzi7/tired_of_clicking_to_find_only_removed_comments/\"&gt;using our Browser Extension&lt;/a&gt;, or getting the &lt;a href=\"https://www.reddit.com/message/compose?to=subredditsummarybot&amp;amp;subject=askhistorians+weekly&amp;amp;message=x\"&gt;Weekly Roundup&lt;/a&gt;. In the meantime our &lt;a href=\"https://twitter.com/askhistorians\"&gt;Twitter&lt;/a&gt;, &lt;a href=\"https://www.facebook.com/askhistorians/\"&gt;Facebook&lt;/a&gt;, and &lt;a href=\"https://www.reddit.com/r/AskHistorians/search?q=title%3A%22Sunday+Digest%22&amp;amp;restrict_sr=on&amp;amp;sort=new&amp;amp;t=all\"&gt;Sunday Digest&lt;/a&gt; feature excellent content that has already been written!&lt;/p&gt;\n\n&lt;p&gt;&lt;em&gt;I am a bot, and this action was performed automatically. Please &lt;a href=\"/message/compose/?to=/r/AskHistorians\"&gt;contact the moderators of this subreddit&lt;/a&gt; if you have any questions or concerns.&lt;/em&gt;&lt;/p&gt;\n&lt;/div&gt;", "gildings": {}, "collapsed_reason": null, "associated_award": null, "stickied": true, "author_premium": true, "subreddit_type": "public", "can_gild": true, "top_awarded_type": null, "author_flair_text_color": "light", "score_hidden": true, "permalink": "/r/AskHistorians/comments/i27nde/why_did_the_romans_abandoned_the_lorica/g02amcp/", "num_reports": null, "locked": true, "name": "t1_g02amcp", "created": 1596378807.0, "subreddit": "AskHistorians", "author_flair_text": "History of Robotics", "treatment_tags": [], "created_utc": 1596350007.0, "subreddit_name_prefixed": "r/AskHistorians", "controversiality": 0, "depth": 0, "author_flair_background_color": "#993366", "collapsed_because_crowd_control": null, "mod_reports": [], "mod_note": null, "distinguished": "moderator"}}, {"kind": "t1", "data": {"total_awards_received": 0, "approved_at_utc": null, "ups": 2, "awarders": [], "mod_reason_by": null, "banned_by": null, "author_flair_type": "text", "removal_reason": null, "link_id": "t3_i27nde", "author_flair_template_id": null, "likes": null, "replies": {"kind": "Listing", "data": {"modhash": "", "dist": null, "children": [{"kind": "t1", "data": {"total_awards_received": 0, "approved_at_utc": null, "ups": 2, "awarders": [], "mod_reason_by": null, "banned_by": null, "author_flair_type": "text", "removal_reason": null, "link_id": "t3_i27nde", "author_flair_template_id": null, "likes": null, "replies": {"kind": "Listing", "data": {"modhash": "", "dist": null, "children": [{"kind": "t1", "data": {"total_awards_received": 0, "approved_at_utc": null, "ups": 3, "awarders": [], "mod_reason_by": null, "banned_by": null, "author_flair_type": "text", "removal_reason": null, "link_id": "t3_i27nde", "author_flair_template_id": null, "likes": null, "replies": "", "user_reports": [], "saved": false, "id": "g0gde19", "banned_at_utc": null, "mod_reason_title": null, "gilded": 0, "archived": false, "no_follow": true, "author": "Yemris", "can_mod_post": false, "created_utc": 1596641502.0, "send_replies": true, "parent_id": "t1_g0fgiqy", "score": 3, "author_fullname": "t2_2zuqvfjp", "report_reasons": null, "approved_by": null, "all_awardings": [], "subreddit_id": "t5_2ssp3", "body": "No problem! Happy to answer any further questions you have :)", "edited": false, "author_flair_css_class": null, "is_submitter": false, "downs": 0, "author_flair_richtext": [], "author_patreon_flair": false, "body_html": "&lt;div class=\"md\"&gt;&lt;p&gt;No problem! Happy to answer any further questions you have :)&lt;/p&gt;\n&lt;/div&gt;", "gildings": {}, "collapsed_reason": null, "associated_award": null, "stickied": false, "author_premium": false, "subreddit_type": "public", "can_gild": true, "top_awarded_type": null, "author_flair_text_color": null, "score_hidden": false, "permalink": "/r/AskHistorians/comments/i27nde/why_did_the_romans_abandoned_the_lorica/g0gde19/", "num_reports": null, "locked": false, "name": "t1_g0gde19", "created": 1596670302.0, "subreddit": "AskHistorians", "author_flair_text": null, "treatment_tags": [], "collapsed": false, "subreddit_name_prefixed": "r/AskHistorians", "controversiality": 0, "depth": 2, "author_flair_background_color": null, "collapsed_because_crowd_control": null, "mod_reports": [], "mod_note": null, "distinguished": null}}], "after": null, "before": null}}, "user_reports": [], "saved": false, "id": "g0fgiqy", "banned_at_utc": null, "mod_reason_title": null, "gilded": 0, "archived": false, "no_follow": true, "author": "Beavisx_K_90", "can_mod_post": false, "send_replies": true, "parent_id": "t1_g0f9as7", "score": 2, "author_fullname": "t2_5l4q82cj", "report_reasons": null, "approved_by": null, "all_awardings": [], "subreddit_id": "t5_2ssp3", "collapsed": false, "body": "Your reply is outstanding. Thanks a lot for your time taken to answer this question! Extremely interesting points!!!", "edited": false, "author_flair_css_class": null, "is_submitter": true, "downs": 0, "author_flair_richtext": [], "author_patreon_flair": false, "body_html": "&lt;div class=\"md\"&gt;&lt;p&gt;Your reply is outstanding. Thanks a lot for your time taken to answer this question! Extremely interesting points!!!&lt;/p&gt;\n&lt;/div&gt;", "gildings": {}, "collapsed_reason": null, "associated_award": null, "stickied": false, "author_premium": false, "subreddit_type": "public", "can_gild": true, "top_awarded_type": null, "author_flair_text_color": null, "score_hidden": false, "permalink": "/r/AskHistorians/comments/i27nde/why_did_the_romans_abandoned_the_lorica/g0fgiqy/", "num_reports": null, "locked": false, "name": "t1_g0fgiqy", "created": 1596651262.0, "subreddit": "AskHistorians", "author_flair_text": null, "treatment_tags": [], "created_utc": 1596622462.0, "subreddit_name_prefixed": "r/AskHistorians", "controversiality": 0, "depth": 1, "author_flair_background_color": null, "collapsed_because_crowd_control": null, "mod_reports": [], "mod_note": null, "distinguished": null}}], "after": null, "before": null}}, "user_reports": [], "saved": false, "id": "g0f9as7", "banned_at_utc": null, "mod_reason_title": null, "gilded": 0, "archived": false, "no_follow": true, "author": "Yemris", "can_mod_post": false, "send_replies": true, "parent_id": "t3_i27nde", "score": 2, "author_fullname": "t2_2zuqvfjp", "report_reasons": null, "approved_by": null, "all_awardings": [], "subreddit_id": "t5_2ssp3", "body": "Lorica segmentata's use was eventually dropped by the Romans because of two main factors: \n\nThe first factor was it was highly specialised armour designed to defend against a certain enemy. This was against Celtic warriors who used long swords, designed to be used in a slashing motion, swung from up high and driven into the shoulder of the enemy (the Romans). Lorica segmentata provided extra defence to the shoulder region for this very reason.  However, with the provinces in which the Celts and Gauls lived (northern Gaul, Britannia, Germania, etc.) becoming 'pacified' (a term very loosely meant here) and assimilated into the Empire, with their young men becoming troops in the Roman army, there was less need to defend against an enemy which was part of your army. \n\nThe second factor was the use of specialised, heavily armoured troops ceased during the third century. The legionaries, that had once carried out this role, came to resemble the auxiliaries, who were equipped with hamata and squamata. The auxiliaries were equipped for a more generalist role, being able to fight across the empire against many different enemies, however with the *Constitutio Antoniniana* in 212 CE, which granted all people in the empire citizenship there was no possibility for distinction between auxiliaries and legionaries. Coupled with the Romans adoption of the long sword and flat legionary shield meant the fighting style of the heavily armoured legionary moved towards the more adaptable style of the auxiliaries, and adoption of hamata by legionaries. \n\nSo it was not because of what provided more protection, although lorica segmentata provided a lot of protection, it was against certain enemies using certain weapons. If would not have been so effective against different enemies. \n\nLorica hamata was more labour intensive to produce than lorica segmnetata, however, it must not be forgotten that Rome was a slave-owning society, so they would not have cared so much about how intensive it was to create a piece of armour. on a similar vein, hamata would have been much easier to repair than segmentata. If a chain broke on segmentata it could have been repaired quickly with a piece of wire, whereas with segmentata, if that broke it would have taken a lot of time, effort, and resources to repair. \n\nI am not too sure about how widespread plumata's use was. It was used by high ranking officials in the army (tribunes or above) so in theory it could have been widespread but only used by a small number of people, meaning it was less likely to enter the archaeological record making it harder to study. it was, however, very labour intensive to produce, for this reason, it was kept for high ranking troops to help them stand out of the crowd and also possibly encourage the troops. but it would have been impossible to mass-produce this armour to supply the army. \n\n**Pros and Cons:**\n\nSegmentata:\n\nPros: provided high amounts of protection to the shoulder area, easier to produce\n\nCons: provided no protection to below the waist, harder to maintain \n\nHamata:\n\nPros: provided more general protection, easy to maintain\n\nCons: harder to produce\n\nPlumata:\n\nPros: provided strong protection, \n\nCons: very hard to produce and maintain \n\n&amp;#x200B;\n\n**Sources and recommended reading:**\n\nBishop, M. C. &amp; Coulston, J. C. N., 2006. *Roman Military Equipment: From the Punic Wars to the Fall of Rome*, 2nd edition. Oxford: Oxbow Books.\n\nBishop, M. C., 2002. *Lorica Segmentata. Volume 1: A handbook of articulated Roman plate armour.* Journal of Roman Military Studies Monograph 1. Braemar: Armatura Press.\n\nD'\u2019Amato, R., &amp; Negin, A. E., 2017. *Decorated Roman Armour: From the Age of the Kings to the Death of Justinian the Great*. Barnsley: Frontline Books\n\nRobinson, H.R., 1975. *The Armour of Imperial Rome.* London: Arms and Armour Press.\n\nSim, D. &amp; Kaminski, J., 2012. *Roman Imperial Armour: The Production of Early Imperial Military Armour.* Oxford: Oxbow Books", "edited": false, "downs": 0, "author_flair_css_class": null, "is_submitter": false, "collapsed": false, "author_flair_richtext": [], "author_patreon_flair": false, "body_html": "&lt;div class=\"md\"&gt;&lt;p&gt;Lorica segmentata&amp;#39;s use was eventually dropped by the Romans because of two main factors: &lt;/p&gt;\n\n&lt;p&gt;The first factor was it was highly specialised armour designed to defend against a certain enemy. This was against Celtic warriors who used long swords, designed to be used in a slashing motion, swung from up high and driven into the shoulder of the enemy (the Romans). Lorica segmentata provided extra defence to the shoulder region for this very reason.  However, with the provinces in which the Celts and Gauls lived (northern Gaul, Britannia, Germania, etc.) becoming &amp;#39;pacified&amp;#39; (a term very loosely meant here) and assimilated into the Empire, with their young men becoming troops in the Roman army, there was less need to defend against an enemy which was part of your army. &lt;/p&gt;\n\n&lt;p&gt;The second factor was the use of specialised, heavily armoured troops ceased during the third century. The legionaries, that had once carried out this role, came to resemble the auxiliaries, who were equipped with hamata and squamata. The auxiliaries were equipped for a more generalist role, being able to fight across the empire against many different enemies, however with the &lt;em&gt;Constitutio Antoniniana&lt;/em&gt; in 212 CE, which granted all people in the empire citizenship there was no possibility for distinction between auxiliaries and legionaries. Coupled with the Romans adoption of the long sword and flat legionary shield meant the fighting style of the heavily armoured legionary moved towards the more adaptable style of the auxiliaries, and adoption of hamata by legionaries. &lt;/p&gt;\n\n&lt;p&gt;So it was not because of what provided more protection, although lorica segmentata provided a lot of protection, it was against certain enemies using certain weapons. If would not have been so effective against different enemies. &lt;/p&gt;\n\n&lt;p&gt;Lorica hamata was more labour intensive to produce than lorica segmnetata, however, it must not be forgotten that Rome was a slave-owning society, so they would not have cared so much about how intensive it was to create a piece of armour. on a similar vein, hamata would have been much easier to repair than segmentata. If a chain broke on segmentata it could have been repaired quickly with a piece of wire, whereas with segmentata, if that broke it would have taken a lot of time, effort, and resources to repair. &lt;/p&gt;\n\n&lt;p&gt;I am not too sure about how widespread plumata&amp;#39;s use was. It was used by high ranking officials in the army (tribunes or above) so in theory it could have been widespread but only used by a small number of people, meaning it was less likely to enter the archaeological record making it harder to study. it was, however, very labour intensive to produce, for this reason, it was kept for high ranking troops to help them stand out of the crowd and also possibly encourage the troops. but it would have been impossible to mass-produce this armour to supply the army. &lt;/p&gt;\n\n&lt;p&gt;&lt;strong&gt;Pros and Cons:&lt;/strong&gt;&lt;/p&gt;\n\n&lt;p&gt;Segmentata:&lt;/p&gt;\n\n&lt;p&gt;Pros: provided high amounts of protection to the shoulder area, easier to produce&lt;/p&gt;\n\n&lt;p&gt;Cons: provided no protection to below the waist, harder to maintain &lt;/p&gt;\n\n&lt;p&gt;Hamata:&lt;/p&gt;\n\n&lt;p&gt;Pros: provided more general protection, easy to maintain&lt;/p&gt;\n\n&lt;p&gt;Cons: harder to produce&lt;/p&gt;\n\n&lt;p&gt;Plumata:&lt;/p&gt;\n\n&lt;p&gt;Pros: provided strong protection, &lt;/p&gt;\n\n&lt;p&gt;Cons: very hard to produce and maintain &lt;/p&gt;\n\n&lt;p&gt;&amp;#x200B;&lt;/p&gt;\n\n&lt;p&gt;&lt;strong&gt;Sources and recommended reading:&lt;/strong&gt;&lt;/p&gt;\n\n&lt;p&gt;Bishop, M. C. &amp;amp; Coulston, J. C. N., 2006. &lt;em&gt;Roman Military Equipment: From the Punic Wars to the Fall of Rome&lt;/em&gt;, 2nd edition. Oxford: Oxbow Books.&lt;/p&gt;\n\n&lt;p&gt;Bishop, M. C., 2002. &lt;em&gt;Lorica Segmentata. Volume 1: A handbook of articulated Roman plate armour.&lt;/em&gt; Journal of Roman Military Studies Monograph 1. Braemar: Armatura Press.&lt;/p&gt;\n\n&lt;p&gt;D&amp;#39;\u2019Amato, R., &amp;amp; Negin, A. E., 2017. &lt;em&gt;Decorated Roman Armour: From the Age of the Kings to the Death of Justinian the Great&lt;/em&gt;. Barnsley: Frontline Books&lt;/p&gt;\n\n&lt;p&gt;Robinson, H.R., 1975. &lt;em&gt;The Armour of Imperial Rome.&lt;/em&gt; London: Arms and Armour Press.&lt;/p&gt;\n\n&lt;p&gt;Sim, D. &amp;amp; Kaminski, J., 2012. &lt;em&gt;Roman Imperial Armour: The Production of Early Imperial Military Armour.&lt;/em&gt; Oxford: Oxbow Books&lt;/p&gt;\n&lt;/div&gt;", "gildings": {}, "collapsed_reason": null, "associated_award": null, "stickied": false, "author_premium": false, "subreddit_type": "public", "can_gild": true, "top_awarded_type": null, "author_flair_text_color": null, "score_hidden": false, "permalink": "/r/AskHistorians/comments/i27nde/why_did_the_romans_abandoned_the_lorica/g0f9as7/", "num_reports": null, "locked": false, "name": "t1_g0f9as7", "created": 1596643668.0, "subreddit": "AskHistorians", "author_flair_text": null, "treatment_tags": [], "created_utc": 1596614868.0, "subreddit_name_prefixed": "r/AskHistorians", "controversiality": 0, "depth": 0, "author_flair_background_color": null, "collapsed_because_crowd_control": null, "mod_reports": [], "mod_note": null, "distinguished": null}}, {"kind": "t1", "data": {"total_awards_received": 0, "approved_at_utc": null, "ups": 2, "awarders": [], "mod_reason_by": null, "banned_by": null, "removal_reason": null, "link_id": "t3_i27nde", "author_flair_template_id": null, "likes": null, "no_follow": true, "replies": {"kind": "Listing", "data": {"modhash": "", "dist": null, "children": [{"kind": "t1", "data": {"total_awards_received": 0, "approved_at_utc": null, "ups": 1, "awarders": [], "mod_reason_by": null, "banned_by": null, "removal_reason": null, "link_id": "t3_i27nde", "author_flair_template_id": null, "likes": null, "no_follow": true, "replies": "", "user_reports": [], "saved": false, "id": "g13zq6d", "banned_at_utc": null, "mod_reason_title": null, "gilded": 0, "archived": false, "report_reasons": null, "author": "[deleted]", "can_mod_post": false, "send_replies": true, "parent_id": "t1_g12tkq8", "score": 1, "approved_by": null, "all_awardings": [], "subreddit_id": "t5_2ssp3", "body": "[removed]", "edited": false, "author_flair_css_class": null, "collapsed": true, "downs": 0, "is_submitter": false, "body_html": "&lt;div class=\"md\"&gt;&lt;p&gt;[removed]&lt;/p&gt;\n&lt;/div&gt;", "gildings": {}, "collapsed_reason": null, "associated_award": null, "stickied": false, "subreddit_type": "public", "can_gild": true, "top_awarded_type": null, "author_flair_text_color": "dark", "score_hidden": false, "permalink": "/r/AskHistorians/comments/i27nde/why_did_the_romans_abandoned_the_lorica/g13zq6d/", "num_reports": null, "locked": false, "name": "t1_g13zq6d", "created": 1597189370.0, "subreddit": "AskHistorians", "author_flair_text": null, "treatment_tags": [], "created_utc": 1597160570.0, "subreddit_name_prefixed": "r/AskHistorians", "controversiality": 0, "depth": 1, "author_flair_background_color": "", "collapsed_because_crowd_control": null, "mod_reports": [], "mod_note": null, "distinguished": null}}, {"kind": "t1", "data": {"total_awards_received": 0, "approved_at_utc": null, "ups": 1, "awarders": [], "mod_reason_by": null, "banned_by": null, "author_flair_type": "richtext", "removal_reason": null, "link_id": "t3_i27nde", "author_flair_template_id": "80bb3d9c-c626-11e2-a0f2-12313d1841d1", "likes": null, "replies": "", "user_reports": [], "saved": false, "id": "g2c5bp7", "banned_at_utc": null, "mod_reason_title": null, "gilded": 0, "archived": false, "no_follow": true, "author": "mimicofmodes", "can_mod_post": false, "send_replies": true, "parent_id": "t1_g12tkq8", "score": 1, "author_fullname": "t2_1n19jp1g", "report_reasons": null, "approved_by": null, "all_awardings": [], "subreddit_id": "t5_2ssp3", "collapsed": false, "body": "Sorry, but we have removed your response, as we expect answers in this subreddit to be [in-depth and comprehensive](https://www.reddit.com/r/AskHistorians/comments/1jsabs/what_it_means_to_post_a_good_answer_in/), and to demonstrate a [familiarity](https://www.reddit.com/r/AskHistorians/comments/4kngwh/rules_roundtable_no_11_no_speculation/) with the [current, academic understanding](https://www.reddit.com/r/AskHistorians/wiki/rules#wiki_sources) of the topic at hand. Before contributing again, please take the time to better familiarize yourself with [the rules](http://www.reddit.com/r/AskHistorians/wiki/rules#wiki_write_an_in-depth_answer), as well as our expectations for an answer such as featured on [Twitter](http://www.twitter.com/askhistorians) or in the [Sunday Digest](http://www.reddit.com/r/AskHistorians/search?q=title%3A%22Sunday+Digest%22&amp;restrict_sr=on&amp;sort=new&amp;t=all).", "edited": false, "author_flair_css_class": null, "is_submitter": false, "downs": 0, "author_flair_richtext": [{"e": "text", "t": "Moderator | 18th-19th Century Society &amp; Dress | Queenship"}], "author_patreon_flair": false, "body_html": "&lt;div class=\"md\"&gt;&lt;p&gt;Sorry, but we have removed your response, as we expect answers in this subreddit to be &lt;a href=\"https://www.reddit.com/r/AskHistorians/comments/1jsabs/what_it_means_to_post_a_good_answer_in/\"&gt;in-depth and comprehensive&lt;/a&gt;, and to demonstrate a &lt;a href=\"https://www.reddit.com/r/AskHistorians/comments/4kngwh/rules_roundtable_no_11_no_speculation/\"&gt;familiarity&lt;/a&gt; with the &lt;a href=\"https://www.reddit.com/r/AskHistorians/wiki/rules#wiki_sources\"&gt;current, academic understanding&lt;/a&gt; of the topic at hand. Before contributing again, please take the time to better familiarize yourself with &lt;a href=\"http://www.reddit.com/r/AskHistorians/wiki/rules#wiki_write_an_in-depth_answer\"&gt;the rules&lt;/a&gt;, as well as our expectations for an answer such as featured on &lt;a href=\"http://www.twitter.com/askhistorians\"&gt;Twitter&lt;/a&gt; or in the &lt;a href=\"http://www.reddit.com/r/AskHistorians/search?q=title%3A%22Sunday+Digest%22&amp;amp;restrict_sr=on&amp;amp;sort=new&amp;amp;t=all\"&gt;Sunday Digest&lt;/a&gt;.&lt;/p&gt;\n&lt;/div&gt;", "gildings": {}, "collapsed_reason": null, "associated_award": null, "stickied": false, "author_premium": false, "subreddit_type": "public", "can_gild": true, "top_awarded_type": null, "author_flair_text_color": "light", "score_hidden": false, "permalink": "/r/AskHistorians/comments/i27nde/why_did_the_romans_abandoned_the_lorica/g2c5bp7/", "num_reports": null, "locked": false, "name": "t1_g2c5bp7", "created": 1598054648.0, "subreddit": "AskHistorians", "author_flair_text": "Moderator | 18th-19th Century Society &amp; Dress | Queenship", "treatment_tags": [], "created_utc": 1598025848.0, "subreddit_name_prefixed": "r/AskHistorians", "controversiality": 0, "depth": 1, "author_flair_background_color": "#ff6666", "collapsed_because_crowd_control": null, "mod_reports": [], "mod_note": null, "distinguished": "moderator"}}], "after": null, "before": null}}, "user_reports": [], "saved": false, "id": "g12tkq8", "banned_at_utc": null, "mod_reason_title": null, "gilded": 0, "archived": false, "report_reasons": null, "author": "[deleted]", "can_mod_post": false, "send_replies": true, "parent_id": "t3_i27nde", "score": 2, "approved_by": null, "all_awardings": [], "subreddit_id": "t5_2ssp3", "body": "[removed]", "edited": 1598025605.0, "downs": 0, "author_flair_css_class": null, "collapsed": false, "is_submitter": false, "body_html": "&lt;div class=\"md\"&gt;&lt;p&gt;[removed]&lt;/p&gt;\n&lt;/div&gt;", "gildings": {}, "collapsed_reason": null, "associated_award": null, "stickied": false, "subreddit_type": "public", "can_gild": true, "top_awarded_type": null, "author_flair_text_color": "dark", "score_hidden": false, "permalink": "/r/AskHistorians/comments/i27nde/why_did_the_romans_abandoned_the_lorica/g12tkq8/", "num_reports": null, "locked": false, "name": "t1_g12tkq8", "created": 1597156658.0, "subreddit": "AskHistorians", "author_flair_text": null, "treatment_tags": [], "created_utc": 1597127858.0, "subreddit_name_prefixed": "r/AskHistorians", "controversiality": 0, "depth": 0, "author_flair_background_color": "", "collapsed_because_crowd_control": null, "mod_reports": [], "mod_note": null, "distinguished": null}}], "after": null, "before": null}}]