[{"kind": "Listing", "data": {"modhash": "", "dist": 1, "children": [{"kind": "t3", "data": {"approved_at_utc": null, "subreddit": "AskHistorians", "selftext": "I was wondering are there any historical sources to back up the existence of \u00c4ttestupa (ritual senicide, whereby elderly people threw themselves, or were thrown, to their deaths from a cliff). I know it is more of a legend or a myth than an actual thing, but I was thinking are there any instances of it actually happening.", "user_reports": [], "saved": false, "mod_reason_title": null, "gilded": 0, "clicked": false, "title": "\u00c4ttestupa (ritual senicide)", "link_flair_richtext": [], "subreddit_name_prefixed": "r/AskHistorians", "hidden": false, "pwls": 6, "link_flair_css_class": null, "downs": 0, "top_awarded_type": null, "parent_whitelist_status": "all_ads", "hide_score": false, "name": "t3_i2htmh", "quarantine": false, "link_flair_text_color": "dark", "upvote_ratio": 1.0, "author_flair_background_color": null, "subreddit_type": "public", "ups": 4, "total_awards_received": 0, "media_embed": {}, "author_flair_template_id": null, "is_original_content": false, "author_fullname": "t2_12eykq", "secure_media": null, "is_reddit_media_domain": false, "is_meta": false, "category": null, "secure_media_embed": {}, "link_flair_text": null, "can_mod_post": false, "score": 4, "approved_by": null, "author_premium": false, "thumbnail": "", "edited": false, "author_flair_css_class": null, "author_flair_richtext": [], "gildings": {}, "content_categories": null, "is_self": true, "mod_note": null, "created": 1596424549.0, "link_flair_type": "text", "wls": 6, "removed_by_category": null, "banned_by": null, "author_flair_type": "text", "domain": "self.AskHistorians", "allow_live_comments": false, "selftext_html": "&lt;!-- SC_OFF --&gt;&lt;div class=\"md\"&gt;&lt;p&gt;I was wondering are there any historical sources to back up the existence of \u00c4ttestupa (ritual senicide, whereby elderly people threw themselves, or were thrown, to their deaths from a cliff). I know it is more of a legend or a myth than an actual thing, but I was thinking are there any instances of it actually happening.&lt;/p&gt;\n&lt;/div&gt;&lt;!-- SC_ON --&gt;", "likes": null, "suggested_sort": null, "banned_at_utc": null, "view_count": null, "archived": false, "no_follow": true, "is_crosspostable": false, "pinned": false, "over_18": false, "all_awardings": [], "awarders": [], "media_only": false, "can_gild": false, "spoiler": false, "locked": false, "author_flair_text": null, "treatment_tags": [], "visited": false, "removed_by": null, "num_reports": null, "distinguished": null, "subreddit_id": "t5_2ssp3", "mod_reason_by": null, "removal_reason": null, "link_flair_background_color": "", "id": "i2htmh", "is_robot_indexable": true, "num_duplicates": 1, "report_reasons": null, "author": "k0matose", "discussion_type": null, "num_comments": 2, "send_replies": true, "media": null, "contest_mode": false, "author_patreon_flair": false, "author_flair_text_color": null, "permalink": "/r/AskHistorians/comments/i2htmh/\u00e4ttestupa_ritual_senicide/", "whitelist_status": "all_ads", "stickied": false, "url": "https://www.reddit.com/r/AskHistorians/comments/i2htmh/\u00e4ttestupa_ritual_senicide/", "subreddit_subscribers": 1250015, "created_utc": 1596395749.0, "num_crossposts": 0, "mod_reports": [], "is_video": false}}], "after": null, "before": null}}, {"kind": "Listing", "data": {"modhash": "", "dist": null, "children": [{"kind": "t1", "data": {"total_awards_received": 0, "approved_at_utc": null, "ups": 1, "awarders": [], "mod_reason_by": null, "banned_by": null, "author_flair_type": "richtext", "removal_reason": null, "link_id": "t3_i2htmh", "author_flair_template_id": "9e641f94-c626-11e2-8e2c-12313b0b21ae", "likes": null, "replies": "", "user_reports": [], "saved": false, "id": "g04rxut", "banned_at_utc": null, "mod_reason_title": null, "gilded": 0, "archived": false, "no_follow": true, "author": "AutoModerator", "can_mod_post": false, "send_replies": false, "parent_id": "t3_i2htmh", "score": 1, "author_fullname": "t2_6l4z3", "report_reasons": null, "approved_by": null, "all_awardings": [], "subreddit_id": "t5_2ssp3", "body": "Welcome to /r/AskHistorians. **Please [Read Our Rules](https://www.reddit.com/r/AskHistorians/wiki/rules) before you comment in this community**. Understand that rule breaking comments get removed.\n\nWe thank you for your interest in this *question*, and your patience in waiting for an in-depth and comprehensive answer to be written, which takes time. Please consider **[Clicking Here for RemindMeBot](https://www.reddit.com/message/compose/?to=RemindMeBot&amp;subject=Reminder&amp;message=%5Bhttps://www.reddit.com/r/AskHistorians/comments/i2htmh/\u00e4ttestupa_ritual_senicide/%5D%0A%0ARemindMe!%202%20days)**, [using our Browser Extension](https://www.reddit.com/r/AskHistorians/comments/d6dzi7/tired_of_clicking_to_find_only_removed_comments/), or getting the [Weekly Roundup](https://www.reddit.com/message/compose?to=subredditsummarybot&amp;subject=askhistorians+weekly&amp;message=x). In the meantime our [Twitter](https://twitter.com/askhistorians), [Facebook](https://www.facebook.com/askhistorians/), and [Sunday Digest](https://www.reddit.com/r/AskHistorians/search?q=title%3A%22Sunday+Digest%22&amp;restrict_sr=on&amp;sort=new&amp;t=all) feature excellent content that has already been written!\n\n\n*I am a bot, and this action was performed automatically. Please [contact the moderators of this subreddit](/message/compose/?to=/r/AskHistorians) if you have any questions or concerns.*", "edited": false, "downs": 0, "author_flair_css_class": null, "is_submitter": false, "collapsed": false, "author_flair_richtext": [{"e": "text", "t": "History of Robotics"}], "author_patreon_flair": false, "body_html": "&lt;div class=\"md\"&gt;&lt;p&gt;Welcome to &lt;a href=\"/r/AskHistorians\"&gt;/r/AskHistorians&lt;/a&gt;. &lt;strong&gt;Please &lt;a href=\"https://www.reddit.com/r/AskHistorians/wiki/rules\"&gt;Read Our Rules&lt;/a&gt; before you comment in this community&lt;/strong&gt;. Understand that rule breaking comments get removed.&lt;/p&gt;\n\n&lt;p&gt;We thank you for your interest in this &lt;em&gt;question&lt;/em&gt;, and your patience in waiting for an in-depth and comprehensive answer to be written, which takes time. Please consider &lt;strong&gt;&lt;a href=\"https://www.reddit.com/message/compose/?to=RemindMeBot&amp;amp;subject=Reminder&amp;amp;message=%5Bhttps://www.reddit.com/r/AskHistorians/comments/i2htmh/%C3%A4ttestupa_ritual_senicide/%5D%0A%0ARemindMe!%202%20days\"&gt;Clicking Here for RemindMeBot&lt;/a&gt;&lt;/strong&gt;, &lt;a href=\"https://www.reddit.com/r/AskHistorians/comments/d6dzi7/tired_of_clicking_to_find_only_removed_comments/\"&gt;using our Browser Extension&lt;/a&gt;, or getting the &lt;a href=\"https://www.reddit.com/message/compose?to=subredditsummarybot&amp;amp;subject=askhistorians+weekly&amp;amp;message=x\"&gt;Weekly Roundup&lt;/a&gt;. In the meantime our &lt;a href=\"https://twitter.com/askhistorians\"&gt;Twitter&lt;/a&gt;, &lt;a href=\"https://www.facebook.com/askhistorians/\"&gt;Facebook&lt;/a&gt;, and &lt;a href=\"https://www.reddit.com/r/AskHistorians/search?q=title%3A%22Sunday+Digest%22&amp;amp;restrict_sr=on&amp;amp;sort=new&amp;amp;t=all\"&gt;Sunday Digest&lt;/a&gt; feature excellent content that has already been written!&lt;/p&gt;\n\n&lt;p&gt;&lt;em&gt;I am a bot, and this action was performed automatically. Please &lt;a href=\"/message/compose/?to=/r/AskHistorians\"&gt;contact the moderators of this subreddit&lt;/a&gt; if you have any questions or concerns.&lt;/em&gt;&lt;/p&gt;\n&lt;/div&gt;", "gildings": {}, "collapsed_reason": null, "associated_award": null, "stickied": true, "author_premium": true, "subreddit_type": "public", "can_gild": true, "top_awarded_type": null, "author_flair_text_color": "light", "score_hidden": true, "permalink": "/r/AskHistorians/comments/i2htmh/\u00e4ttestupa_ritual_senicide/g04rxut/", "num_reports": null, "locked": true, "name": "t1_g04rxut", "created": 1596424549.0, "subreddit": "AskHistorians", "author_flair_text": "History of Robotics", "treatment_tags": [], "created_utc": 1596395749.0, "subreddit_name_prefixed": "r/AskHistorians", "controversiality": 0, "depth": 0, "author_flair_background_color": "#993366", "collapsed_because_crowd_control": null, "mod_reports": [], "mod_note": null, "distinguished": "moderator"}}, {"kind": "t1", "data": {"total_awards_received": 0, "approved_at_utc": null, "ups": 5, "awarders": [], "mod_reason_by": null, "banned_by": null, "author_flair_type": "richtext", "removal_reason": null, "link_id": "t3_i2htmh", "author_flair_template_id": "98d8fdba-c626-11e2-bd52-12313b06caaf", "likes": null, "replies": "", "user_reports": [], "saved": false, "id": "g09i8c1", "banned_at_utc": null, "mod_reason_title": null, "gilded": 0, "archived": false, "no_follow": true, "author": "Platypuskeeper", "can_mod_post": false, "send_replies": false, "parent_id": "t3_i2htmh", "score": 5, "author_fullname": "t2_4a2kz", "report_reasons": null, "approved_by": null, "all_awardings": [], "subreddit_id": "t5_2ssp3", "body": "The term \"\u00e4ttestupa\" does not refer to a ritual, it's just the name of the kind of cliff (_stup_) that the elderly of a family/dynasty (_\u00e4tt_) supposedly jumped from.\n\nI would not describe it as being a \"legend or myth\" either. At least not a medieval one. It's an Early Modern _invention_. It's not something that comes down to us through folklore. \n\nIt's a Swedish word that was coined by the Swedish antiquarian Olof Verelius and his co-worker, the Icelander Jonas Rugman in their [1664 translation](https://litteraturbanken.se/f%C3%B6rfattare/VereliusO/titlar/GothriciEtRolfi/sida/v/faksimil) of the medieval Icelandic _Gautreks Saga_. It is a calque of the name _\u00e6tternisstapi_ that occurs in it (with the same meaning). The term (and its cognates) don't occur anywhere else anywhere in the body of Old Norse literature, or in place names or anywhere else prior to Verelius publishing it. Nor are there any accounts of ritual senicide in any other form either.\n\n_Gautreks Saga_ was composed in Iceland from the late 13th century. It was written in the tradition of Legendary Sagas (_Fornaldars\u00f6gur_) about events taking place in an unspecific mythical past in mainland Scandinavia long ago. It draws a few basic details like names and places (being about king Gauti of [G\u00f6taland](https://en.wikipedia.org/wiki/G%C3%B6taland)) from earlier Icelandic story _Ynglinga Saga_ which in turn is based off even earlier sources like _Ynglingatal_, but already those are considered complete fiction by today's historians. (albeit not 17th century ones) _Gautreks Saga_ even less so (e.g. it was dismissed completely as a historic source by Adolf Noreen over a century ago, at a time he and other historians still thought _Ynglinga Saga_ had some credibility) \n\nOn top of that, _even if_ one was to treat _Gautreks Saga_ as if it were a historical source, the _\u00e6tternisstapi_ of the story is a single specific cliff somewhere in G\u00f6taland, used by people in one specific area there. Even within the story it is not a general practice, or a well-known one hence it's explained in the story to Gauti. The _\u00e6tternisstapi_ is said to be a on the mountain of _Gillingshamarr_. \n\nSince that's pretty much the only detail about the story's cliff that could possibly be verified against the real world, let's dwell on it a bit.. Now, no mountain by that name (or a cognate thereof) it known to exist anywhere in G\u00f6taland or present-day Sweden. The name's not recorded. It's unlikely on linguistic grounds there could've ever been one in the first place. The reason for that, is that the name derives from Old West Norse _gil_ ('gully, ravine') and _hamarr_ ('steep mountain, sheer cliff'). The problem is that neither of these carry over to the Old East Norse dialect used in G\u00f6taland; it's not certain whether a cognate of _gil_ existed at all in East Norse. The cognate _hammar_ on the other hand does exist in Swedish place names with a wide range of meanings ('sandy hillside' in Scania, 'stony field' in \u00d6land) but not the 'steep cliff' meaning it has in Norwegian and Icelandic, except for in V\u00e4rmland near the Norwegian border. But not in G\u00f6taland.\n\nSo even ignoring that there's no such place, and the on-the-nose naming of the _\u00e6tternisstapi_ location as what amounts to 'ravine-cliff mountain', the name didn't quite work in Old Swedish. It's the invention of an 13th century Icelander who (understandably) didn't know or care about the finer points of dialectal variation in toponymy.\n\nSo full credit for inventing and popularizing the _\u00e4ttestupa_ as a general practice, goes to Verelius. Now it's certainly the case that _this_ gave rise to a legend; that by the 19th century a bunch of people in Scandinavia were telling tales about how this-or-that sheer cliff near their village had once been an _\u00e4ttestupa_, and in some cases _\u00e4ttestupan_ or _\u00e4ttestupet_ became established names (currently there's apparently 16 places named that in Sweden). But none of those names predate Verelius and there is no reason to think they would. It's not even the only bit of folklore that came about by less-than-stellar work by historians in that era. (e.g. The rune stone S\u00f6 175 was claimed by Olof von Dalin in 1747 as having been carved by a man named _Gisle_, and a century later it was commonly known as the \"Gisle stone\" and there were villagers there claiming to be descendants of a \"house of Gisle\" and so on. Problem is, it's a misreading; the stone actually says _Gislaug_, a female name. Likewise, Samuel \u00d6dmann speculated wildly in 1784 that berserkers ate mushrooms and that's also being debunked to this day.)\n\nSo the _\u00e4ttestupa_ is just thoroughly nonsense.", "edited": 1596493197.0, "downs": 0, "author_flair_css_class": null, "is_submitter": false, "collapsed": false, "author_flair_richtext": [{"e": "text", "t": "Quality Contributor"}], "author_patreon_flair": false, "body_html": "&lt;div class=\"md\"&gt;&lt;p&gt;The term &amp;quot;\u00e4ttestupa&amp;quot; does not refer to a ritual, it&amp;#39;s just the name of the kind of cliff (&lt;em&gt;stup&lt;/em&gt;) that the elderly of a family/dynasty (&lt;em&gt;\u00e4tt&lt;/em&gt;) supposedly jumped from.&lt;/p&gt;\n\n&lt;p&gt;I would not describe it as being a &amp;quot;legend or myth&amp;quot; either. At least not a medieval one. It&amp;#39;s an Early Modern &lt;em&gt;invention&lt;/em&gt;. It&amp;#39;s not something that comes down to us through folklore. &lt;/p&gt;\n\n&lt;p&gt;It&amp;#39;s a Swedish word that was coined by the Swedish antiquarian Olof Verelius and his co-worker, the Icelander Jonas Rugman in their &lt;a href=\"https://litteraturbanken.se/f%C3%B6rfattare/VereliusO/titlar/GothriciEtRolfi/sida/v/faksimil\"&gt;1664 translation&lt;/a&gt; of the medieval Icelandic &lt;em&gt;Gautreks Saga&lt;/em&gt;. It is a calque of the name &lt;em&gt;\u00e6tternisstapi&lt;/em&gt; that occurs in it (with the same meaning). The term (and its cognates) don&amp;#39;t occur anywhere else anywhere in the body of Old Norse literature, or in place names or anywhere else prior to Verelius publishing it. Nor are there any accounts of ritual senicide in any other form either.&lt;/p&gt;\n\n&lt;p&gt;&lt;em&gt;Gautreks Saga&lt;/em&gt; was composed in Iceland from the late 13th century. It was written in the tradition of Legendary Sagas (&lt;em&gt;Fornaldars\u00f6gur&lt;/em&gt;) about events taking place in an unspecific mythical past in mainland Scandinavia long ago. It draws a few basic details like names and places (being about king Gauti of &lt;a href=\"https://en.wikipedia.org/wiki/G%C3%B6taland\"&gt;G\u00f6taland&lt;/a&gt;) from earlier Icelandic story &lt;em&gt;Ynglinga Saga&lt;/em&gt; which in turn is based off even earlier sources like &lt;em&gt;Ynglingatal&lt;/em&gt;, but already those are considered complete fiction by today&amp;#39;s historians. (albeit not 17th century ones) &lt;em&gt;Gautreks Saga&lt;/em&gt; even less so (e.g. it was dismissed completely as a historic source by Adolf Noreen over a century ago, at a time he and other historians still thought &lt;em&gt;Ynglinga Saga&lt;/em&gt; had some credibility) &lt;/p&gt;\n\n&lt;p&gt;On top of that, &lt;em&gt;even if&lt;/em&gt; one was to treat &lt;em&gt;Gautreks Saga&lt;/em&gt; as if it were a historical source, the &lt;em&gt;\u00e6tternisstapi&lt;/em&gt; of the story is a single specific cliff somewhere in G\u00f6taland, used by people in one specific area there. Even within the story it is not a general practice, or a well-known one hence it&amp;#39;s explained in the story to Gauti. The &lt;em&gt;\u00e6tternisstapi&lt;/em&gt; is said to be a on the mountain of &lt;em&gt;Gillingshamarr&lt;/em&gt;. &lt;/p&gt;\n\n&lt;p&gt;Since that&amp;#39;s pretty much the only detail about the story&amp;#39;s cliff that could possibly be verified against the real world, let&amp;#39;s dwell on it a bit.. Now, no mountain by that name (or a cognate thereof) it known to exist anywhere in G\u00f6taland or present-day Sweden. The name&amp;#39;s not recorded. It&amp;#39;s unlikely on linguistic grounds there could&amp;#39;ve ever been one in the first place. The reason for that, is that the name derives from Old West Norse &lt;em&gt;gil&lt;/em&gt; (&amp;#39;gully, ravine&amp;#39;) and &lt;em&gt;hamarr&lt;/em&gt; (&amp;#39;steep mountain, sheer cliff&amp;#39;). The problem is that neither of these carry over to the Old East Norse dialect used in G\u00f6taland; it&amp;#39;s not certain whether a cognate of &lt;em&gt;gil&lt;/em&gt; existed at all in East Norse. The cognate &lt;em&gt;hammar&lt;/em&gt; on the other hand does exist in Swedish place names with a wide range of meanings (&amp;#39;sandy hillside&amp;#39; in Scania, &amp;#39;stony field&amp;#39; in \u00d6land) but not the &amp;#39;steep cliff&amp;#39; meaning it has in Norwegian and Icelandic, except for in V\u00e4rmland near the Norwegian border. But not in G\u00f6taland.&lt;/p&gt;\n\n&lt;p&gt;So even ignoring that there&amp;#39;s no such place, and the on-the-nose naming of the &lt;em&gt;\u00e6tternisstapi&lt;/em&gt; location as what amounts to &amp;#39;ravine-cliff mountain&amp;#39;, the name didn&amp;#39;t quite work in Old Swedish. It&amp;#39;s the invention of an 13th century Icelander who (understandably) didn&amp;#39;t know or care about the finer points of dialectal variation in toponymy.&lt;/p&gt;\n\n&lt;p&gt;So full credit for inventing and popularizing the &lt;em&gt;\u00e4ttestupa&lt;/em&gt; as a general practice, goes to Verelius. Now it&amp;#39;s certainly the case that &lt;em&gt;this&lt;/em&gt; gave rise to a legend; that by the 19th century a bunch of people in Scandinavia were telling tales about how this-or-that sheer cliff near their village had once been an &lt;em&gt;\u00e4ttestupa&lt;/em&gt;, and in some cases &lt;em&gt;\u00e4ttestupan&lt;/em&gt; or &lt;em&gt;\u00e4ttestupet&lt;/em&gt; became established names (currently there&amp;#39;s apparently 16 places named that in Sweden). But none of those names predate Verelius and there is no reason to think they would. It&amp;#39;s not even the only bit of folklore that came about by less-than-stellar work by historians in that era. (e.g. The rune stone S\u00f6 175 was claimed by Olof von Dalin in 1747 as having been carved by a man named &lt;em&gt;Gisle&lt;/em&gt;, and a century later it was commonly known as the &amp;quot;Gisle stone&amp;quot; and there were villagers there claiming to be descendants of a &amp;quot;house of Gisle&amp;quot; and so on. Problem is, it&amp;#39;s a misreading; the stone actually says &lt;em&gt;Gislaug&lt;/em&gt;, a female name. Likewise, Samuel \u00d6dmann speculated wildly in 1784 that berserkers ate mushrooms and that&amp;#39;s also being debunked to this day.)&lt;/p&gt;\n\n&lt;p&gt;So the &lt;em&gt;\u00e4ttestupa&lt;/em&gt; is just thoroughly nonsense.&lt;/p&gt;\n&lt;/div&gt;", "gildings": {}, "collapsed_reason": null, "associated_award": null, "stickied": false, "author_premium": false, "subreddit_type": "public", "can_gild": true, "top_awarded_type": null, "author_flair_text_color": "light", "score_hidden": false, "permalink": "/r/AskHistorians/comments/i2htmh/\u00e4ttestupa_ritual_senicide/g09i8c1/", "num_reports": null, "locked": false, "name": "t1_g09i8c1", "created": 1596521775.0, "subreddit": "AskHistorians", "author_flair_text": "Quality Contributor", "treatment_tags": [], "created_utc": 1596492975.0, "subreddit_name_prefixed": "r/AskHistorians", "controversiality": 0, "depth": 0, "author_flair_background_color": "#b87317", "collapsed_because_crowd_control": null, "mod_reports": [], "mod_note": null, "distinguished": null}}], "after": null, "before": null}}]