[{"kind": "Listing", "data": {"modhash": "", "dist": 1, "children": [{"kind": "t3", "data": {"approved_at_utc": null, "subreddit": "AskHistorians", "selftext": "(Repost after my first post was removed for bad wording)\n\nSorry if this question is in poor taste but it's something that I can't get my head around. Historically, I can imagine that many bastards (especially ones born to prostitutes and the like) would have been completely ignored by their fathers, if they were even aware of their existence at all. But I can't help but imagine that bastards that are born in their father's own household may have been treated differently, as it's not so easy to just ignore them. It's a historical fact that most freeborn Romans who could afford to do so owned slaves, and as far as I am aware there were no legal or social restrictions in having sex with them (well, rape) and getting them pregnant. Surely this must have happened a lot.\n\nI'm very curious about what life would have been like for a child born to a slave mother and slave-owner father, who might grow up in their father's home alongside their father's legitimate children, and are considered part of the household and *familia,* as is my understanding of how Roman slaves (at least, domestic slaves) were seen. Would their father have any particularly paternal feelings towards them, or would they be seen as just another slave/asset and have no relationship to their biological father outside of the slave/master one? Would they remain a slave, or might their father be inclined to free them, or at least treat them better than other slaves? Or are they actually more likely to be mistreated, sold, or exposed? Would they be aware that their master is their father? How are the wife and (legitimate) children of the family likely to view such a child? And the child's mother for that matter? Were there any social norms or laws regarding getting your slaves pregnant, or the treatment of your own children born into slavery?", "user_reports": [], "saved": false, "mod_reason_title": null, "gilded": 0, "clicked": false, "title": "What kind of relationship might a slave-owning ancient Roman have with their child born from one of their slaves?", "link_flair_richtext": [], "subreddit_name_prefixed": "r/AskHistorians", "hidden": false, "pwls": 6, "link_flair_css_class": null, "downs": 0, "top_awarded_type": null, "parent_whitelist_status": "all_ads", "hide_score": false, "name": "t3_i2ll3h", "quarantine": false, "link_flair_text_color": "dark", "upvote_ratio": 0.92, "author_flair_background_color": null, "subreddit_type": "public", "ups": 18, "total_awards_received": 0, "media_embed": {}, "author_flair_template_id": null, "is_original_content": false, "author_fullname": "t2_3fs8ra8l", "secure_media": null, "is_reddit_media_domain": false, "is_meta": false, "category": null, "secure_media_embed": {}, "link_flair_text": null, "can_mod_post": false, "score": 18, "approved_by": null, "author_premium": false, "thumbnail": "", "edited": false, "author_flair_css_class": null, "author_flair_richtext": [], "gildings": {}, "content_categories": null, "is_self": true, "mod_note": null, "created": 1596437661.0, "link_flair_type": "text", "wls": 3, "removed_by_category": null, "banned_by": null, "author_flair_type": "text", "domain": "self.AskHistorians", "allow_live_comments": false, "selftext_html": "&lt;!-- SC_OFF --&gt;&lt;div class=\"md\"&gt;&lt;p&gt;(Repost after my first post was removed for bad wording)&lt;/p&gt;\n\n&lt;p&gt;Sorry if this question is in poor taste but it&amp;#39;s something that I can&amp;#39;t get my head around. Historically, I can imagine that many bastards (especially ones born to prostitutes and the like) would have been completely ignored by their fathers, if they were even aware of their existence at all. But I can&amp;#39;t help but imagine that bastards that are born in their father&amp;#39;s own household may have been treated differently, as it&amp;#39;s not so easy to just ignore them. It&amp;#39;s a historical fact that most freeborn Romans who could afford to do so owned slaves, and as far as I am aware there were no legal or social restrictions in having sex with them (well, rape) and getting them pregnant. Surely this must have happened a lot.&lt;/p&gt;\n\n&lt;p&gt;I&amp;#39;m very curious about what life would have been like for a child born to a slave mother and slave-owner father, who might grow up in their father&amp;#39;s home alongside their father&amp;#39;s legitimate children, and are considered part of the household and &lt;em&gt;familia,&lt;/em&gt; as is my understanding of how Roman slaves (at least, domestic slaves) were seen. Would their father have any particularly paternal feelings towards them, or would they be seen as just another slave/asset and have no relationship to their biological father outside of the slave/master one? Would they remain a slave, or might their father be inclined to free them, or at least treat them better than other slaves? Or are they actually more likely to be mistreated, sold, or exposed? Would they be aware that their master is their father? How are the wife and (legitimate) children of the family likely to view such a child? And the child&amp;#39;s mother for that matter? Were there any social norms or laws regarding getting your slaves pregnant, or the treatment of your own children born into slavery?&lt;/p&gt;\n&lt;/div&gt;&lt;!-- SC_ON --&gt;", "likes": null, "suggested_sort": null, "banned_at_utc": null, "view_count": null, "archived": false, "no_follow": false, "is_crosspostable": false, "pinned": false, "over_18": true, "all_awardings": [], "awarders": [], "media_only": false, "can_gild": false, "spoiler": false, "locked": false, "author_flair_text": null, "treatment_tags": [], "visited": false, "removed_by": null, "num_reports": null, "distinguished": null, "subreddit_id": "t5_2ssp3", "mod_reason_by": null, "removal_reason": null, "link_flair_background_color": "", "id": "i2ll3h", "is_robot_indexable": true, "num_duplicates": 1, "report_reasons": null, "author": "TheaKokoro", "discussion_type": null, "num_comments": 5, "send_replies": true, "media": null, "contest_mode": false, "author_patreon_flair": false, "author_flair_text_color": null, "permalink": "/r/AskHistorians/comments/i2ll3h/what_kind_of_relationship_might_a_slaveowning/", "whitelist_status": "promo_adult_nsfw", "stickied": false, "url": "https://www.reddit.com/r/AskHistorians/comments/i2ll3h/what_kind_of_relationship_might_a_slaveowning/", "subreddit_subscribers": 1250015, "created_utc": 1596408861.0, "num_crossposts": 0, "mod_reports": [], "is_video": false}}], "after": null, "before": null}}, {"kind": "Listing", "data": {"modhash": "", "dist": null, "children": [{"kind": "t1", "data": {"total_awards_received": 0, "approved_at_utc": null, "ups": 1, "awarders": [], "mod_reason_by": null, "banned_by": null, "author_flair_type": "richtext", "removal_reason": null, "link_id": "t3_i2ll3h", "author_flair_template_id": "9e641f94-c626-11e2-8e2c-12313b0b21ae", "likes": null, "replies": "", "user_reports": [], "saved": false, "id": "g05guv4", "banned_at_utc": null, "mod_reason_title": null, "gilded": 0, "archived": false, "no_follow": true, "author": "AutoModerator", "can_mod_post": false, "send_replies": false, "parent_id": "t3_i2ll3h", "score": 1, "author_fullname": "t2_6l4z3", "report_reasons": null, "approved_by": null, "all_awardings": [], "subreddit_id": "t5_2ssp3", "body": "Welcome to /r/AskHistorians. **Please [Read Our Rules](https://www.reddit.com/r/AskHistorians/wiki/rules) before you comment in this community**. Understand that rule breaking comments get removed.\n\nWe thank you for your interest in this *question*, and your patience in waiting for an in-depth and comprehensive answer to be written, which takes time. Please consider **[Clicking Here for RemindMeBot](https://www.reddit.com/message/compose/?to=RemindMeBot&amp;subject=Reminder&amp;message=%5Bhttps://www.reddit.com/r/AskHistorians/comments/i2ll3h/what_kind_of_relationship_might_a_slaveowning/%5D%0A%0ARemindMe!%202%20days)**, [using our Browser Extension](https://www.reddit.com/r/AskHistorians/comments/d6dzi7/tired_of_clicking_to_find_only_removed_comments/), or getting the [Weekly Roundup](https://www.reddit.com/message/compose?to=subredditsummarybot&amp;subject=askhistorians+weekly&amp;message=x). In the meantime our [Twitter](https://twitter.com/askhistorians), [Facebook](https://www.facebook.com/askhistorians/), and [Sunday Digest](https://www.reddit.com/r/AskHistorians/search?q=title%3A%22Sunday+Digest%22&amp;restrict_sr=on&amp;sort=new&amp;t=all) feature excellent content that has already been written!\n\n\n*I am a bot, and this action was performed automatically. Please [contact the moderators of this subreddit](/message/compose/?to=/r/AskHistorians) if you have any questions or concerns.*", "edited": false, "downs": 0, "author_flair_css_class": null, "is_submitter": false, "collapsed": false, "author_flair_richtext": [{"e": "text", "t": "History of Robotics"}], "author_patreon_flair": false, "body_html": "&lt;div class=\"md\"&gt;&lt;p&gt;Welcome to &lt;a href=\"/r/AskHistorians\"&gt;/r/AskHistorians&lt;/a&gt;. &lt;strong&gt;Please &lt;a href=\"https://www.reddit.com/r/AskHistorians/wiki/rules\"&gt;Read Our Rules&lt;/a&gt; before you comment in this community&lt;/strong&gt;. Understand that rule breaking comments get removed.&lt;/p&gt;\n\n&lt;p&gt;We thank you for your interest in this &lt;em&gt;question&lt;/em&gt;, and your patience in waiting for an in-depth and comprehensive answer to be written, which takes time. Please consider &lt;strong&gt;&lt;a href=\"https://www.reddit.com/message/compose/?to=RemindMeBot&amp;amp;subject=Reminder&amp;amp;message=%5Bhttps://www.reddit.com/r/AskHistorians/comments/i2ll3h/what_kind_of_relationship_might_a_slaveowning/%5D%0A%0ARemindMe!%202%20days\"&gt;Clicking Here for RemindMeBot&lt;/a&gt;&lt;/strong&gt;, &lt;a href=\"https://www.reddit.com/r/AskHistorians/comments/d6dzi7/tired_of_clicking_to_find_only_removed_comments/\"&gt;using our Browser Extension&lt;/a&gt;, or getting the &lt;a href=\"https://www.reddit.com/message/compose?to=subredditsummarybot&amp;amp;subject=askhistorians+weekly&amp;amp;message=x\"&gt;Weekly Roundup&lt;/a&gt;. In the meantime our &lt;a href=\"https://twitter.com/askhistorians\"&gt;Twitter&lt;/a&gt;, &lt;a href=\"https://www.facebook.com/askhistorians/\"&gt;Facebook&lt;/a&gt;, and &lt;a href=\"https://www.reddit.com/r/AskHistorians/search?q=title%3A%22Sunday+Digest%22&amp;amp;restrict_sr=on&amp;amp;sort=new&amp;amp;t=all\"&gt;Sunday Digest&lt;/a&gt; feature excellent content that has already been written!&lt;/p&gt;\n\n&lt;p&gt;&lt;em&gt;I am a bot, and this action was performed automatically. Please &lt;a href=\"/message/compose/?to=/r/AskHistorians\"&gt;contact the moderators of this subreddit&lt;/a&gt; if you have any questions or concerns.&lt;/em&gt;&lt;/p&gt;\n&lt;/div&gt;", "gildings": {}, "collapsed_reason": null, "associated_award": null, "stickied": true, "author_premium": true, "subreddit_type": "public", "can_gild": true, "top_awarded_type": null, "author_flair_text_color": "light", "score_hidden": true, "permalink": "/r/AskHistorians/comments/i2ll3h/what_kind_of_relationship_might_a_slaveowning/g05guv4/", "num_reports": null, "locked": true, "name": "t1_g05guv4", "created": 1596437661.0, "subreddit": "AskHistorians", "author_flair_text": "History of Robotics", "treatment_tags": [], "created_utc": 1596408861.0, "subreddit_name_prefixed": "r/AskHistorians", "controversiality": 0, "depth": 0, "author_flair_background_color": "#993366", "collapsed_because_crowd_control": null, "mod_reports": [], "mod_note": null, "distinguished": "moderator"}}, {"kind": "t1", "data": {"total_awards_received": 0, "approved_at_utc": null, "ups": 20, "awarders": [], "mod_reason_by": null, "banned_by": null, "author_flair_type": "text", "removal_reason": null, "link_id": "t3_i2ll3h", "author_flair_template_id": null, "likes": null, "replies": {"kind": "Listing", "data": {"modhash": "", "dist": null, "children": [{"kind": "t1", "data": {"total_awards_received": 0, "approved_at_utc": null, "ups": 5, "awarders": [], "mod_reason_by": null, "banned_by": null, "author_flair_type": "text", "removal_reason": null, "link_id": "t3_i2ll3h", "author_flair_template_id": null, "likes": null, "replies": "", "user_reports": [], "saved": false, "id": "g05s576", "banned_at_utc": null, "mod_reason_title": null, "gilded": 0, "archived": false, "no_follow": true, "author": "TheaKokoro", "can_mod_post": false, "send_replies": true, "parent_id": "t1_g05otbp", "score": 5, "author_fullname": "t2_3fs8ra8l", "report_reasons": null, "approved_by": null, "all_awardings": [], "subreddit_id": "t5_2ssp3", "collapsed": false, "body": "Thanks so much for the detailed answer! It seems like this was even more common place than I was assuming. I figured any child in this situation would not have been legally connected to their biological father, but I thought it may have been common to have a social-familial connection, or for instinctive paternal feelings to develop as the child would be born and raised in its father/owners own house. Maybe I've been misunderstanding the institution of slavery in ancient times. As it was not particularly based in racial/ethnic divisions, I suppose I thought there might be a tendency for a slave-owner to view his slaves as more human, and therefore acknowledge his biological children born to his slaves as, well, his children. This is quite possibly me giving too much credit and trying to interpret things as not as horrific as they actually are. (I've never heard of the idea of American-south slave owners having a happy, rosy relationship with their slaves, but I may have fallen into that trap with ancient cultures where it's harder to get an emotional grasp on things, especially when all records are from slave-owners and never slaves themselves). Anyway, thanks so much for this answer!", "edited": false, "author_flair_css_class": null, "is_submitter": true, "downs": 0, "author_flair_richtext": [], "author_patreon_flair": false, "body_html": "&lt;div class=\"md\"&gt;&lt;p&gt;Thanks so much for the detailed answer! It seems like this was even more common place than I was assuming. I figured any child in this situation would not have been legally connected to their biological father, but I thought it may have been common to have a social-familial connection, or for instinctive paternal feelings to develop as the child would be born and raised in its father/owners own house. Maybe I&amp;#39;ve been misunderstanding the institution of slavery in ancient times. As it was not particularly based in racial/ethnic divisions, I suppose I thought there might be a tendency for a slave-owner to view his slaves as more human, and therefore acknowledge his biological children born to his slaves as, well, his children. This is quite possibly me giving too much credit and trying to interpret things as not as horrific as they actually are. (I&amp;#39;ve never heard of the idea of American-south slave owners having a happy, rosy relationship with their slaves, but I may have fallen into that trap with ancient cultures where it&amp;#39;s harder to get an emotional grasp on things, especially when all records are from slave-owners and never slaves themselves). Anyway, thanks so much for this answer!&lt;/p&gt;\n&lt;/div&gt;", "gildings": {}, "collapsed_reason": null, "associated_award": null, "stickied": false, "author_premium": false, "subreddit_type": "public", "can_gild": true, "top_awarded_type": null, "author_flair_text_color": null, "score_hidden": false, "permalink": "/r/AskHistorians/comments/i2ll3h/what_kind_of_relationship_might_a_slaveowning/g05s576/", "num_reports": null, "locked": false, "name": "t1_g05s576", "created": 1596444280.0, "subreddit": "AskHistorians", "author_flair_text": null, "treatment_tags": [], "created_utc": 1596415480.0, "subreddit_name_prefixed": "r/AskHistorians", "controversiality": 0, "depth": 1, "author_flair_background_color": null, "collapsed_because_crowd_control": null, "mod_reports": [], "mod_note": null, "distinguished": null}}, {"kind": "t1", "data": {"total_awards_received": 0, "approved_at_utc": null, "ups": 4, "awarders": [], "mod_reason_by": null, "banned_by": null, "author_flair_type": "text", "removal_reason": null, "link_id": "t3_i2ll3h", "author_flair_template_id": null, "likes": null, "replies": {"kind": "Listing", "data": {"modhash": "", "dist": null, "children": [{"kind": "t1", "data": {"total_awards_received": 0, "approved_at_utc": null, "ups": 5, "awarders": [], "mod_reason_by": null, "banned_by": null, "author_flair_type": "text", "removal_reason": null, "link_id": "t3_i2ll3h", "author_flair_template_id": null, "likes": null, "replies": "", "user_reports": [], "saved": false, "id": "g0e7u09", "banned_at_utc": null, "mod_reason_title": null, "gilded": 0, "archived": false, "no_follow": false, "author": "LuckyOwl14", "can_mod_post": false, "created_utc": 1596587678.0, "send_replies": true, "parent_id": "t1_g0bmm9c", "score": 5, "author_fullname": "t2_bwnsx06", "report_reasons": null, "approved_by": null, "all_awardings": [], "subreddit_id": "t5_2ssp3", "body": "There was definitely anxiety about this sort of behavior in writing by men.  It was not socially acceptable in the same way for women to do this.  One of the more famous examples of this is the advance the master's wife makes on Joseph in the Bible, although of course that's not Roman. In a story like that, Joseph is punished for his refusal, but later rewarded. In reality, these sorts of relations probably did happen and the slaves would have little say about it. \n\n A child born to a free woman was free, unless exposed (exposed children were often picked up and raised as slaves).  The most likely result of a birth would be that the woman's husband would accept any child as his own, since there would be no reason to doubt paternity. It would be very unlikely for a woman to acknowledge that a slave fathered her child. \n\nBasically,  women must have sexually abused their slaves as well, but the behavior wasn't considered \"proper\" and was riskier socially.", "edited": false, "author_flair_css_class": null, "is_submitter": false, "downs": 0, "author_flair_richtext": [], "author_patreon_flair": false, "body_html": "&lt;div class=\"md\"&gt;&lt;p&gt;There was definitely anxiety about this sort of behavior in writing by men.  It was not socially acceptable in the same way for women to do this.  One of the more famous examples of this is the advance the master&amp;#39;s wife makes on Joseph in the Bible, although of course that&amp;#39;s not Roman. In a story like that, Joseph is punished for his refusal, but later rewarded. In reality, these sorts of relations probably did happen and the slaves would have little say about it. &lt;/p&gt;\n\n&lt;p&gt;A child born to a free woman was free, unless exposed (exposed children were often picked up and raised as slaves).  The most likely result of a birth would be that the woman&amp;#39;s husband would accept any child as his own, since there would be no reason to doubt paternity. It would be very unlikely for a woman to acknowledge that a slave fathered her child. &lt;/p&gt;\n\n&lt;p&gt;Basically,  women must have sexually abused their slaves as well, but the behavior wasn&amp;#39;t considered &amp;quot;proper&amp;quot; and was riskier socially.&lt;/p&gt;\n&lt;/div&gt;", "gildings": {}, "collapsed_reason": null, "associated_award": null, "stickied": false, "author_premium": false, "subreddit_type": "public", "can_gild": true, "top_awarded_type": null, "author_flair_text_color": null, "score_hidden": false, "permalink": "/r/AskHistorians/comments/i2ll3h/what_kind_of_relationship_might_a_slaveowning/g0e7u09/", "num_reports": null, "locked": false, "name": "t1_g0e7u09", "created": 1596616478.0, "subreddit": "AskHistorians", "author_flair_text": null, "treatment_tags": [], "collapsed": false, "subreddit_name_prefixed": "r/AskHistorians", "controversiality": 0, "depth": 2, "author_flair_background_color": null, "collapsed_because_crowd_control": null, "mod_reports": [], "mod_note": null, "distinguished": null}}], "after": null, "before": null}}, "user_reports": [], "saved": false, "id": "g0bmm9c", "banned_at_utc": null, "mod_reason_title": null, "gilded": 0, "archived": false, "no_follow": true, "author": "pigeoncheeks", "can_mod_post": false, "send_replies": true, "parent_id": "t1_g05otbp", "score": 4, "author_fullname": "t2_2q9eg3kg", "report_reasons": null, "approved_by": null, "all_awardings": [], "subreddit_id": "t5_2ssp3", "collapsed": false, "body": "Are there any cases at all of well-born Roman women being the ones to sleep with and/or have the children of slaves? Would these children have a social status that was at all different if their mother was the socially superior parent, or would they just be similarly sent into slavery? Or would this situation just be extremely unlikely in the first place?", "edited": false, "author_flair_css_class": null, "is_submitter": false, "downs": 0, "author_flair_richtext": [], "author_patreon_flair": false, "body_html": "&lt;div class=\"md\"&gt;&lt;p&gt;Are there any cases at all of well-born Roman women being the ones to sleep with and/or have the children of slaves? Would these children have a social status that was at all different if their mother was the socially superior parent, or would they just be similarly sent into slavery? Or would this situation just be extremely unlikely in the first place?&lt;/p&gt;\n&lt;/div&gt;", "gildings": {}, "collapsed_reason": null, "associated_award": null, "stickied": false, "author_premium": false, "subreddit_type": "public", "can_gild": true, "top_awarded_type": null, "author_flair_text_color": null, "score_hidden": false, "permalink": "/r/AskHistorians/comments/i2ll3h/what_kind_of_relationship_might_a_slaveowning/g0bmm9c/", "num_reports": null, "locked": false, "name": "t1_g0bmm9c", "created": 1596575559.0, "subreddit": "AskHistorians", "author_flair_text": null, "treatment_tags": [], "created_utc": 1596546759.0, "subreddit_name_prefixed": "r/AskHistorians", "controversiality": 0, "depth": 1, "author_flair_background_color": null, "collapsed_because_crowd_control": null, "mod_reports": [], "mod_note": null, "distinguished": null}}], "after": null, "before": null}}, "user_reports": [], "saved": false, "id": "g05otbp", "banned_at_utc": null, "mod_reason_title": null, "gilded": 0, "archived": false, "no_follow": false, "author": "LuckyOwl14", "can_mod_post": false, "send_replies": true, "parent_id": "t3_i2ll3h", "score": 20, "author_fullname": "t2_bwnsx06", "report_reasons": null, "approved_by": null, "all_awardings": [], "subreddit_id": "t5_2ssp3", "body": "Sexual abuse is a major presence in ancient slavery (and in most systems of slavery).  To start with your question regarding Roman laws and attitudes toward sexual use of enslaved people, it was considered fully within slaveholders' rights to abuse his slaves and it was an accepted social norm. Laws that speak of this negatively are in reference to men who abuse *another* man's slave, which was considered an affront against the holder, not the enslaved person. The head of household was considered to have total power over the enslaved bodies in his household--even if that meant physical or sexual abuse. This is all to say that it was extremely common for Roman slaveholders to abuse their enslaved women (and men and children) sexually. \n\nAdditionally, being \"home-born\" was the most common source of new slaves. Enslaved women were expected to give birth, which is often shown by clauses in bills of sale or wills that mention the transfer of ownership of an enslaved women along and any future children she may have.  It was in the head of household's financial interest to abuse his slaves, but he was also at liberty to allow unofficial \"marriages\" between slaves, so sometimes he would encourage or arrange such relationships, too. Not all enslaved people born in a household would necessarily be the master's biological child. \n\nHowever, an enslaved person had no father in the legal sense. The head of household could choose to expose a child born to an enslaved woman in his household, just as he could choose to expose an infant born to his wife. It was his choice whether to raise a child or not. Theoretically, he could also choose to raise an infant born to a slave as a legitimate heir, although this would have been very rare. While emotions could have affected these relationships in practice, biological children born to enslaved women were not legally or socially considered their children. They had no obligation to acknowledge paternity and old did so rarely, but historians do speculate that they may have been more likely the manumit such children. \n\nIf he chose to keep the child in the household, how that child was treated differed, just as how slaves were treated differently from household-to-household or based on their occupation. Some men seem to have had long-term sexual relationships with enslaved women who they would later free so that they could marry them (one \\~charming\\~ document lists that the man will re-enslave his wife if she does not properly obey  him, so the line between free and enslaved is often tenuous in these situations). In general, young men would be freed in their 20s and women after their childbearing years are over. Biological paternity certainly could affect these considerations, but since they were not \"legally\" the father, these sorts of relationships are not necessarily documented in the legal sources we have regarding sale or manumission. \n\nThough Roman slaveholders may write about loving familial relationship they have with homeborn slaves, these slaves were not immune to being sold out of the household. And we don't have any accounts from the perspective of the slave. Depending on the person, maybe the biological child would be more likely to be kept, or maybe the holder would only consider the best economic options. First and foremost, the enslaved child was an economic asset. Though manumission did happen very often in ancient Rome, the majority of slaves were not freed. Basically, it it totally possible that some relationships were more parental or those considerations factored into manumission, but the sources we have are heavily biased toward the slaveholder perspective. It is likely similar to narratives from the American south that paint a rosy picture of slavery and relationships with slaves, in which we have much more evidence to show how inaccurate those depictions are.\n\nAs far as how the rest of the household viewed this type of situation, we have the most evidence for \"jealous\" wives, who beat and mistreat the enslaved people (both male and female) that their husbands had sexual relations with. In one account, well-born Roman women celebrated the holiday of Matralia by bringing in an enslaved women and ritually beating her as a sort of \"scapegoat\" for anger at husband actions. That is an extreme anecdote, but it's not hard to imagine a Roman matron, unable to do anything against her husband, abusing enslaved women and the children who look suspiciously like her husband.", "edited": false, "downs": 0, "author_flair_css_class": null, "is_submitter": false, "collapsed": false, "author_flair_richtext": [], "author_patreon_flair": false, "body_html": "&lt;div class=\"md\"&gt;&lt;p&gt;Sexual abuse is a major presence in ancient slavery (and in most systems of slavery).  To start with your question regarding Roman laws and attitudes toward sexual use of enslaved people, it was considered fully within slaveholders&amp;#39; rights to abuse his slaves and it was an accepted social norm. Laws that speak of this negatively are in reference to men who abuse &lt;em&gt;another&lt;/em&gt; man&amp;#39;s slave, which was considered an affront against the holder, not the enslaved person. The head of household was considered to have total power over the enslaved bodies in his household--even if that meant physical or sexual abuse. This is all to say that it was extremely common for Roman slaveholders to abuse their enslaved women (and men and children) sexually. &lt;/p&gt;\n\n&lt;p&gt;Additionally, being &amp;quot;home-born&amp;quot; was the most common source of new slaves. Enslaved women were expected to give birth, which is often shown by clauses in bills of sale or wills that mention the transfer of ownership of an enslaved women along and any future children she may have.  It was in the head of household&amp;#39;s financial interest to abuse his slaves, but he was also at liberty to allow unofficial &amp;quot;marriages&amp;quot; between slaves, so sometimes he would encourage or arrange such relationships, too. Not all enslaved people born in a household would necessarily be the master&amp;#39;s biological child. &lt;/p&gt;\n\n&lt;p&gt;However, an enslaved person had no father in the legal sense. The head of household could choose to expose a child born to an enslaved woman in his household, just as he could choose to expose an infant born to his wife. It was his choice whether to raise a child or not. Theoretically, he could also choose to raise an infant born to a slave as a legitimate heir, although this would have been very rare. While emotions could have affected these relationships in practice, biological children born to enslaved women were not legally or socially considered their children. They had no obligation to acknowledge paternity and old did so rarely, but historians do speculate that they may have been more likely the manumit such children. &lt;/p&gt;\n\n&lt;p&gt;If he chose to keep the child in the household, how that child was treated differed, just as how slaves were treated differently from household-to-household or based on their occupation. Some men seem to have had long-term sexual relationships with enslaved women who they would later free so that they could marry them (one ~charming~ document lists that the man will re-enslave his wife if she does not properly obey  him, so the line between free and enslaved is often tenuous in these situations). In general, young men would be freed in their 20s and women after their childbearing years are over. Biological paternity certainly could affect these considerations, but since they were not &amp;quot;legally&amp;quot; the father, these sorts of relationships are not necessarily documented in the legal sources we have regarding sale or manumission. &lt;/p&gt;\n\n&lt;p&gt;Though Roman slaveholders may write about loving familial relationship they have with homeborn slaves, these slaves were not immune to being sold out of the household. And we don&amp;#39;t have any accounts from the perspective of the slave. Depending on the person, maybe the biological child would be more likely to be kept, or maybe the holder would only consider the best economic options. First and foremost, the enslaved child was an economic asset. Though manumission did happen very often in ancient Rome, the majority of slaves were not freed. Basically, it it totally possible that some relationships were more parental or those considerations factored into manumission, but the sources we have are heavily biased toward the slaveholder perspective. It is likely similar to narratives from the American south that paint a rosy picture of slavery and relationships with slaves, in which we have much more evidence to show how inaccurate those depictions are.&lt;/p&gt;\n\n&lt;p&gt;As far as how the rest of the household viewed this type of situation, we have the most evidence for &amp;quot;jealous&amp;quot; wives, who beat and mistreat the enslaved people (both male and female) that their husbands had sexual relations with. In one account, well-born Roman women celebrated the holiday of Matralia by bringing in an enslaved women and ritually beating her as a sort of &amp;quot;scapegoat&amp;quot; for anger at husband actions. That is an extreme anecdote, but it&amp;#39;s not hard to imagine a Roman matron, unable to do anything against her husband, abusing enslaved women and the children who look suspiciously like her husband.&lt;/p&gt;\n&lt;/div&gt;", "gildings": {}, "collapsed_reason": null, "associated_award": null, "stickied": false, "author_premium": false, "subreddit_type": "public", "can_gild": true, "top_awarded_type": null, "author_flair_text_color": null, "score_hidden": false, "permalink": "/r/AskHistorians/comments/i2ll3h/what_kind_of_relationship_might_a_slaveowning/g05otbp/", "num_reports": null, "locked": false, "name": "t1_g05otbp", "created": 1596442302.0, "subreddit": "AskHistorians", "author_flair_text": null, "treatment_tags": [], "created_utc": 1596413502.0, "subreddit_name_prefixed": "r/AskHistorians", "controversiality": 0, "depth": 0, "author_flair_background_color": null, "collapsed_because_crowd_control": null, "mod_reports": [], "mod_note": null, "distinguished": null}}], "after": null, "before": null}}]