[{"kind": "Listing", "data": {"modhash": "", "dist": 1, "children": [{"kind": "t3", "data": {"approved_at_utc": null, "subreddit": "AskHistorians", "selftext": "After the War of the Sixth Coalition, why didn't the Allies annex France instead of handing it back to the Bourbons?", "user_reports": [], "saved": false, "mod_reason_title": null, "gilded": 0, "clicked": false, "title": "After Napol\u00e9on", "link_flair_richtext": [], "subreddit_name_prefixed": "r/AskHistorians", "hidden": false, "pwls": 6, "link_flair_css_class": null, "downs": 0, "parent_whitelist_status": "all_ads", "hide_score": false, "name": "t3_cy38lt", "quarantine": false, "link_flair_text_color": "dark", "upvote_ratio": 0.81, "author_flair_background_color": null, "subreddit_type": "public", "ups": 3, "total_awards_received": 0, "media_embed": {}, "author_flair_template_id": null, "is_original_content": false, "author_fullname": "t2_3dfgznq5", "secure_media": null, "is_reddit_media_domain": false, "is_meta": false, "category": null, "secure_media_embed": {}, "link_flair_text": null, "can_mod_post": false, "num_duplicates": 1, "approved_by": null, "thumbnail": "", "edited": false, "author_flair_css_class": null, "steward_reports": [], "author_flair_richtext": [], "gildings": {}, "content_categories": null, "is_self": true, "mod_note": null, "created": 1567326218.0, "link_flair_type": "text", "wls": 6, "banned_by": null, "author_flair_type": "text", "domain": "self.AskHistorians", "allow_live_comments": false, "selftext_html": "&lt;!-- SC_OFF --&gt;&lt;div class=\"md\"&gt;&lt;p&gt;After the War of the Sixth Coalition, why didn&amp;#39;t the Allies annex France instead of handing it back to the Bourbons?&lt;/p&gt;\n&lt;/div&gt;&lt;!-- SC_ON --&gt;", "likes": null, "suggested_sort": null, "banned_at_utc": null, "view_count": null, "archived": false, "score": 3, "no_follow": true, "is_crosspostable": false, "pinned": false, "over_18": false, "all_awardings": [], "awarders": [], "media_only": false, "can_gild": false, "spoiler": false, "locked": false, "author_flair_text": null, "visited": false, "num_reports": null, "distinguished": null, "subreddit_id": "t5_2ssp3", "mod_reason_by": null, "removal_reason": null, "link_flair_background_color": "", "id": "cy38lt", "is_robot_indexable": true, "report_reasons": null, "author": "Achsar_00", "discussion_type": null, "num_comments": 3, "send_replies": true, "media": null, "contest_mode": false, "author_patreon_flair": false, "author_flair_text_color": null, "permalink": "/r/AskHistorians/comments/cy38lt/after_napol\u00e9on/", "whitelist_status": "all_ads", "stickied": false, "url": "https://www.reddit.com/r/AskHistorians/comments/cy38lt/after_napol\u00e9on/", "subreddit_subscribers": 1029978, "created_utc": 1567297418.0, "num_crossposts": 0, "mod_reports": [], "is_video": false}}], "after": null, "before": null}}, {"kind": "Listing", "data": {"modhash": "", "dist": null, "children": [{"kind": "t1", "data": {"total_awards_received": 0, "approved_at_utc": null, "ups": 1, "awarders": [], "mod_reason_by": null, "banned_by": null, "author_flair_type": "richtext", "removal_reason": null, "link_id": "t3_cy38lt", "author_flair_template_id": "9e641f94-c626-11e2-8e2c-12313b0b21ae", "likes": null, "replies": "", "user_reports": [], "saved": false, "id": "eype1lb", "banned_at_utc": null, "mod_reason_title": null, "gilded": 0, "archived": false, "no_follow": true, "author": "AutoModerator", "can_mod_post": false, "send_replies": false, "parent_id": "t3_cy38lt", "score": 1, "author_fullname": "t2_6l4z3", "report_reasons": null, "approved_by": null, "all_awardings": [], "subreddit_id": "t5_2ssp3", "body": "Welcome to /r/AskHistorians. **Please be sure to [Read Our Rules](https://www.reddit.com/r/AskHistorians/wiki/rules) before you contribute to this community**.  \n\nWe thank you for your interest in this *question*, and your patience in waiting for an in-depth and comprehensive answer to be written, which takes time. Please consider **[Clicking Here for RemindMeBot](https://www.reddit.com/message/compose/?to=RemindMeBot&amp;subject=Reminder&amp;message=%5Bhttps://www.reddit.com/r/AskHistorians/comments/cy38lt/after_napol\u00e9on/%5D%0A%0ARemindMe!++2+days)**, or using [these alternatives](/r/AskHistorians/comments/8p0s9b/roundtable_21_be_kindremind_the_mod_approved/). In the meantime our [Twitter](https://twitter.com/askhistorians), [Facebook](https://www.facebook.com/askhistorians/), and [Sunday Digest](https://www.reddit.com/r/AskHistorians/search?q=title%3A%22Sunday+Digest%22&amp;restrict_sr=on&amp;sort=new&amp;t=all) feature excellent content that has already been written!\n\n[Please leave feedback on this test message here.](https://www.reddit.com/r/AskHistorians/comments/btz9o5/testing_testing_123_well_be_trying_out_an/)\n\n\n*I am a bot, and this action was performed automatically. Please [contact the moderators of this subreddit](/message/compose/?to=/r/AskHistorians) if you have any questions or concerns.*", "edited": false, "author_flair_css_class": "moderator", "steward_reports": [], "is_submitter": false, "downs": 0, "author_flair_richtext": [{"e": "text", "t": "History of Robotics"}], "author_patreon_flair": false, "body_html": "&lt;div class=\"md\"&gt;&lt;p&gt;Welcome to &lt;a href=\"/r/AskHistorians\"&gt;/r/AskHistorians&lt;/a&gt;. &lt;strong&gt;Please be sure to &lt;a href=\"https://www.reddit.com/r/AskHistorians/wiki/rules\"&gt;Read Our Rules&lt;/a&gt; before you contribute to this community&lt;/strong&gt;.  &lt;/p&gt;\n\n&lt;p&gt;We thank you for your interest in this &lt;em&gt;question&lt;/em&gt;, and your patience in waiting for an in-depth and comprehensive answer to be written, which takes time. Please consider &lt;strong&gt;&lt;a href=\"https://www.reddit.com/message/compose/?to=RemindMeBot&amp;amp;subject=Reminder&amp;amp;message=%5Bhttps://www.reddit.com/r/AskHistorians/comments/cy38lt/after_napol%C3%A9on/%5D%0A%0ARemindMe!++2+days\"&gt;Clicking Here for RemindMeBot&lt;/a&gt;&lt;/strong&gt;, or using &lt;a href=\"/r/AskHistorians/comments/8p0s9b/roundtable_21_be_kindremind_the_mod_approved/\"&gt;these alternatives&lt;/a&gt;. In the meantime our &lt;a href=\"https://twitter.com/askhistorians\"&gt;Twitter&lt;/a&gt;, &lt;a href=\"https://www.facebook.com/askhistorians/\"&gt;Facebook&lt;/a&gt;, and &lt;a href=\"https://www.reddit.com/r/AskHistorians/search?q=title%3A%22Sunday+Digest%22&amp;amp;restrict_sr=on&amp;amp;sort=new&amp;amp;t=all\"&gt;Sunday Digest&lt;/a&gt; feature excellent content that has already been written!&lt;/p&gt;\n\n&lt;p&gt;&lt;a href=\"https://www.reddit.com/r/AskHistorians/comments/btz9o5/testing_testing_123_well_be_trying_out_an/\"&gt;Please leave feedback on this test message here.&lt;/a&gt;&lt;/p&gt;\n\n&lt;p&gt;&lt;em&gt;I am a bot, and this action was performed automatically. Please &lt;a href=\"/message/compose/?to=/r/AskHistorians\"&gt;contact the moderators of this subreddit&lt;/a&gt; if you have any questions or concerns.&lt;/em&gt;&lt;/p&gt;\n&lt;/div&gt;", "gildings": {}, "collapsed_reason": null, "associated_award": null, "stickied": true, "subreddit_type": "public", "can_gild": true, "subreddit": "AskHistorians", "author_flair_text_color": "light", "score_hidden": true, "permalink": "/r/AskHistorians/comments/cy38lt/after_napol\u00e9on/eype1lb/", "num_reports": null, "locked": true, "name": "t1_eype1lb", "created": 1567326219.0, "author_flair_text": "History of Robotics", "collapsed": false, "created_utc": 1567297419.0, "subreddit_name_prefixed": "r/AskHistorians", "controversiality": 0, "depth": 0, "author_flair_background_color": "#8b008b", "mod_reports": [], "mod_note": null, "distinguished": "moderator"}}, {"kind": "t1", "data": {"total_awards_received": 0, "approved_at_utc": null, "ups": 4, "awarders": [], "mod_reason_by": null, "banned_by": null, "author_flair_type": "richtext", "removal_reason": null, "link_id": "t3_cy38lt", "author_flair_template_id": null, "likes": null, "replies": {"kind": "Listing", "data": {"modhash": "", "dist": null, "children": [{"kind": "t1", "data": {"total_awards_received": 0, "approved_at_utc": null, "ups": 3, "awarders": [], "mod_reason_by": null, "banned_by": null, "author_flair_type": "richtext", "removal_reason": null, "link_id": "t3_cy38lt", "author_flair_template_id": null, "likes": null, "replies": "", "user_reports": [], "saved": false, "id": "ezf5j4e", "banned_at_utc": null, "mod_reason_title": null, "gilded": 0, "archived": false, "no_follow": true, "author": "dhmontgomery", "can_mod_post": false, "send_replies": true, "parent_id": "t1_ezf3gau", "score": 3, "author_fullname": "t2_hrdd5", "report_reasons": null, "approved_by": null, "all_awardings": [], "subreddit_id": "t5_2ssp3", "body": "**Addendum:** Annexation was also not seriously contemplated in 1815, after Waterloo \u2014 but other, more serious consequences for France were on the table then. In contrast to the fairly generous settlement of 1814, after Waterloo the Allies agreed that France needed to be punished. Most of the country was subjected to a fairly brutal occupation for a few months, with widespread pillaging and violence; France was forced to cede a range of territories along its borders and pay a massive war indemnity. But more extreme measures were on the table, even after the Allies somewhat reluctantly agreed to give Louis XVIII a second chance on the throne (after again considering other options, such as Louis-Philippe). Prussia, Austria and some members of the British government wanted to take even more territories from France, including Alsace and Lorraine, which were to be split up between Prussia and Austria. \n\n\"If France consents to such an arrangement, she will be erased from the political map of Europe,\" said the Russian ambassador, Carlo Andrea Pozzo di Borgo (it's a long story). \"\\[This proposal\\] is a master-work of destruction.\"\n\nBut Russia and key Britons opposed that as too punitive and too destabilizing. Ultimately the Allies endorsed stability and traditional monarchy as the foundation for a new Europe, and that included, eventually, France. But even in the more vindictive atmosphere of 1815, an outright annexation of France *in toto* was never considered.\n\nIn addition to the above sources, see: Haynes, Christine. *Our Friends the Enemies: The Occupation of France After Napoleon.* Cambridge, Mass., and London, England: Harvard University Press, 2018.", "edited": false, "author_flair_css_class": "europe", "steward_reports": [], "is_submitter": false, "downs": 0, "author_flair_richtext": [{"e": "text", "t": "19th Century France"}], "author_patreon_flair": false, "body_html": "&lt;div class=\"md\"&gt;&lt;p&gt;&lt;strong&gt;Addendum:&lt;/strong&gt; Annexation was also not seriously contemplated in 1815, after Waterloo \u2014 but other, more serious consequences for France were on the table then. In contrast to the fairly generous settlement of 1814, after Waterloo the Allies agreed that France needed to be punished. Most of the country was subjected to a fairly brutal occupation for a few months, with widespread pillaging and violence; France was forced to cede a range of territories along its borders and pay a massive war indemnity. But more extreme measures were on the table, even after the Allies somewhat reluctantly agreed to give Louis XVIII a second chance on the throne (after again considering other options, such as Louis-Philippe). Prussia, Austria and some members of the British government wanted to take even more territories from France, including Alsace and Lorraine, which were to be split up between Prussia and Austria. &lt;/p&gt;\n\n&lt;p&gt;&amp;quot;If France consents to such an arrangement, she will be erased from the political map of Europe,&amp;quot; said the Russian ambassador, Carlo Andrea Pozzo di Borgo (it&amp;#39;s a long story). &amp;quot;[This proposal] is a master-work of destruction.&amp;quot;&lt;/p&gt;\n\n&lt;p&gt;But Russia and key Britons opposed that as too punitive and too destabilizing. Ultimately the Allies endorsed stability and traditional monarchy as the foundation for a new Europe, and that included, eventually, France. But even in the more vindictive atmosphere of 1815, an outright annexation of France &lt;em&gt;in toto&lt;/em&gt; was never considered.&lt;/p&gt;\n\n&lt;p&gt;In addition to the above sources, see: Haynes, Christine. &lt;em&gt;Our Friends the Enemies: The Occupation of France After Napoleon.&lt;/em&gt; Cambridge, Mass., and London, England: Harvard University Press, 2018.&lt;/p&gt;\n&lt;/div&gt;", "gildings": {}, "collapsed_reason": null, "associated_award": null, "stickied": false, "subreddit_type": "public", "can_gild": true, "subreddit": "AskHistorians", "author_flair_text_color": "dark", "score_hidden": false, "permalink": "/r/AskHistorians/comments/cy38lt/after_napol\u00e9on/ezf5j4e/", "num_reports": null, "locked": false, "name": "t1_ezf5j4e", "created": 1567902071.0, "author_flair_text": "19th Century France", "collapsed": false, "created_utc": 1567873271.0, "subreddit_name_prefixed": "r/AskHistorians", "controversiality": 0, "depth": 1, "author_flair_background_color": "", "mod_reports": [], "mod_note": null, "distinguished": null}}], "after": null, "before": null}}, "user_reports": [], "saved": false, "id": "ezf3gau", "banned_at_utc": null, "mod_reason_title": null, "gilded": 0, "archived": false, "no_follow": true, "author": "dhmontgomery", "can_mod_post": false, "send_replies": true, "parent_id": "t3_cy38lt", "score": 4, "author_fullname": "t2_hrdd5", "report_reasons": null, "approved_by": null, "all_awardings": [], "subreddit_id": "t5_2ssp3", "body": "Such a drastic outcome, though perhaps to be expected in strategy video games, does not appear to ever have been contemplated in real life, for a variety of reasons.\n\nFirst, consider the nature of the Allies who defeated France in 1814: Britain, Austria, Prussia and Russia. None of these countries shared a land border with France, or at least not her core territories. So annexing France would have been a logistical nightmare. On top of that, such an occupation would have inevitably engendered some resistance \u2014 in 1814, when Napoleon surrendered, France was exhausted and beaten but still had considerable forces under arms \u2014 and after a generation of war none of the powers of Europe were particularly interested in the costs in blood and treasure of single-handedly subduing a vast and proud country on the scale of France.\n\nPlus, of course, there was plenty of conquest to be had even without conquering France itself \u2014 the vast new territories Napoleon had annexed in Germany, Italy and Eastern Europe were available to be seized and redistributed, with the added benefit that these areas were much more convenient to the Russian, Austrian and Prussian centers of power.\n\nIn the months and years before Napoleon's defeat, the Allies had shied away from such maximalist demands or threats for another practical reason: they were still hoping to secure a negotiated peace with Napoleon. Again, I'll emphasize that Europe had been at war for a generation; millions of soldiers and civilians had died, wealth had been plundered, and any opportunity to craft a durable peace was not going to be passed on.\n\nEach of the major Allies also had their own specific reasons not to support conquest of France \u2014 in large part because none of them were willing to see any of the others profit too much by France's destruction!\n\nGreat Britain's official policy had been set as far back as 1800, by then-Prime Minister William Pitt the Younger: \"I consider the restoration of the French monarchy as a most desirable goal, because I think it would guarantee to our country and to Europe the best, the firmed security.\" In a broader sense, Britain's grand strategy had always been to prevent mainland Europe from being dominated by any one power great enough to challenge the island \u2014 to endorse a balance of power, in other words. This strategic imperative (especially to prevent any great power from dominating the ports of the Low Countries, from which an invasion of Britain could be easily launched) had driven England to oppose France's interests for generations, but the wealth and ports of France in the hands of Austria, Russia or Prussia was scarcely more palatable. On top of these strategic concerns, England's elite also felt that supporting the restoration of the Bourbons was the right thing to do for reasons of honor and tradition \u2014 though these beliefs only went so far, and they weren't going to impose Louis XVIII on an unwilling country; they would merely support him if it could be shown the French people wanted a return to the monarchy, too.\n\nAustria, too, was committed to a balance of power on the continent. Its foreign minister Klemens von Metternich wrote in 1813 that \"As far as the allies are concerned, there can be no question of conquest, and, as a result, there must be a return of France, Austria and Prussia to their ancient frontiers.\" Austria was even more willing than most to see Napoleon's regime persist, because Napoleon was married to Marie Louise, the eldest daughter of the Austrian emperor, and Napoleon's young son was thus the Austrian emperor's grandson. If Napoleon were to abdicate in favor of his infant son, and thus in favor of a regency by an Austrian archduchess, well, Metternich wasn't exactly going to protest too loudly. But Austria was also open to other options for governing France. Its policy, under Metternich, was to establish a durable balance of power that would prevent future \u2014 and France, once properly  cut down to size, played an important role in that balance.\n\nRussia, under Tsar Alexander, wasn't a big fan of the Bourbons, but being located on the opposite side of the continent from France had essentially zero interest in annexing the country. His territorial interests were focused closer to home, where he wanted to annex Poland; for France he wanted to put the country under the rule of someone other than Louis XVIII: perhaps the French general [Jean Bernadotte](https://en.wikipedia.org/wiki/Charles_XIV_John_of_Sweden#Crown_Prince_and_Regent), who had (in another story entirely) accepted an offer to rule Sweden and was currently its Crown Prince and Regent. Or if not Bernadotte, then perhaps Louis-Philippe, the duc d'Orl\u00e9ans, a cousin of the Bourbons who held more liberal political views. Alexander would be foiled here, in part by the determined advocacy of Britain for the Bourbons and in part by the persuasion of the French diplomat Talleyrand, who hosted Alexander in his Parisian home during the crucial weeks after Napoleon's abdication and persuaded him that the Bourbons were the best choice for France.\n\nPrussia was the smallest and weakest of the Allies and played the smallest role here. Prussia's territorial goals were focused on Germany and Poland. It was also an unofficial policy of Prussia to seek a maximum punishment of France, but in 1814 that didn't amount to any serious thoughts of annexing the country. (Senior Prussian officials **would** advocate \"partitioning and even 'exterminating' France,\" but not until 1815, after Waterloo, when passions ran higher after France's apparent violation of the 1814 peace settlement.)\n\nAs a result of all these factors, the Allies had issued an official statement in December of 1813 (after Napoleon had foolishly passed on some fairly generous peace terms):\n\n&gt;The Allied Sovereigns declare that they are not waging war against France, whom they desire to see strong and happy... and whose territory may comprise a larger area than her \\[previous\\] kings had ever known... They are only warring against the emperor, or rather against that preponderance which he has too long exercised beyond his empire to the detriment of France and Europe.\n\nA vivid dramatization of the importance of the idea of \"balance of power\" at the time can be seen by what happened at the Congress of Vienna in late 1814 and early 1815, after Napoleon had been defeated and Louis XVIII restored. Meeting in Vienna to sort out what happened next, the Allies immediately found themselves at cross-purposes. In particular, Russia and Prussia struck an informal deal in which Russia would get most of Poland, and Prussia would be compensated with the kingdom of Saxony. But Britain and Austria felt threatened by this arrangement. Tensions continued to escalate until it seemed like war might break out among the victorious Allies. In a remarkable fait accompli, Talleyrand signed France up to an alliance with Britain and Austria against Russia and Prussia, with each side promising to raise 150,000 troops. Britain hastily wrapped up its sideshow conflict with the United States of America, the War of 1812, with its B-team of diplomats signing the Treaty of Ghent on December 24, 1814 \u2014 freeing up Britain's soldiers in America to come to Europe and fight the Russians, alongside, of all countries, France!\n\nThis threatened war never actually occurred. Russia and Prussia backed down in the face of this threat of war. But the incident makes clear why the destruction of France wasn't even a possibility for the people with the power to do so \u2014 they didn't trust anyone else to annex France, didn't want to bear the burden themselves, and viewed France under its traditional Bourbon monarchs and in something resembling its traditional boundaries as a force for order and a possible ally, rather than a threat or a victim to plunder and despoil.\n\n**SOURCES:**\n\n* De Bertier de Sauvigny, Guillaume. *The Bourbon Restoration*. Translated by Lynn M. Case. Philadelphia: The University of Pennsylvania Press, 1966.\n* Zamoyski, Adam. *Rites of Peace: The Fall of Napoleon &amp; the Congress of Vienna*. London: Harper Perennial, 2008.", "edited": 1568745441.0, "author_flair_css_class": "europe", "steward_reports": [], "is_submitter": false, "downs": 0, "author_flair_richtext": [{"e": "text", "t": "19th Century France"}], "author_patreon_flair": false, "body_html": "&lt;div class=\"md\"&gt;&lt;p&gt;Such a drastic outcome, though perhaps to be expected in strategy video games, does not appear to ever have been contemplated in real life, for a variety of reasons.&lt;/p&gt;\n\n&lt;p&gt;First, consider the nature of the Allies who defeated France in 1814: Britain, Austria, Prussia and Russia. None of these countries shared a land border with France, or at least not her core territories. So annexing France would have been a logistical nightmare. On top of that, such an occupation would have inevitably engendered some resistance \u2014 in 1814, when Napoleon surrendered, France was exhausted and beaten but still had considerable forces under arms \u2014 and after a generation of war none of the powers of Europe were particularly interested in the costs in blood and treasure of single-handedly subduing a vast and proud country on the scale of France.&lt;/p&gt;\n\n&lt;p&gt;Plus, of course, there was plenty of conquest to be had even without conquering France itself \u2014 the vast new territories Napoleon had annexed in Germany, Italy and Eastern Europe were available to be seized and redistributed, with the added benefit that these areas were much more convenient to the Russian, Austrian and Prussian centers of power.&lt;/p&gt;\n\n&lt;p&gt;In the months and years before Napoleon&amp;#39;s defeat, the Allies had shied away from such maximalist demands or threats for another practical reason: they were still hoping to secure a negotiated peace with Napoleon. Again, I&amp;#39;ll emphasize that Europe had been at war for a generation; millions of soldiers and civilians had died, wealth had been plundered, and any opportunity to craft a durable peace was not going to be passed on.&lt;/p&gt;\n\n&lt;p&gt;Each of the major Allies also had their own specific reasons not to support conquest of France \u2014 in large part because none of them were willing to see any of the others profit too much by France&amp;#39;s destruction!&lt;/p&gt;\n\n&lt;p&gt;Great Britain&amp;#39;s official policy had been set as far back as 1800, by then-Prime Minister William Pitt the Younger: &amp;quot;I consider the restoration of the French monarchy as a most desirable goal, because I think it would guarantee to our country and to Europe the best, the firmed security.&amp;quot; In a broader sense, Britain&amp;#39;s grand strategy had always been to prevent mainland Europe from being dominated by any one power great enough to challenge the island \u2014 to endorse a balance of power, in other words. This strategic imperative (especially to prevent any great power from dominating the ports of the Low Countries, from which an invasion of Britain could be easily launched) had driven England to oppose France&amp;#39;s interests for generations, but the wealth and ports of France in the hands of Austria, Russia or Prussia was scarcely more palatable. On top of these strategic concerns, England&amp;#39;s elite also felt that supporting the restoration of the Bourbons was the right thing to do for reasons of honor and tradition \u2014 though these beliefs only went so far, and they weren&amp;#39;t going to impose Louis XVIII on an unwilling country; they would merely support him if it could be shown the French people wanted a return to the monarchy, too.&lt;/p&gt;\n\n&lt;p&gt;Austria, too, was committed to a balance of power on the continent. Its foreign minister Klemens von Metternich wrote in 1813 that &amp;quot;As far as the allies are concerned, there can be no question of conquest, and, as a result, there must be a return of France, Austria and Prussia to their ancient frontiers.&amp;quot; Austria was even more willing than most to see Napoleon&amp;#39;s regime persist, because Napoleon was married to Marie Louise, the eldest daughter of the Austrian emperor, and Napoleon&amp;#39;s young son was thus the Austrian emperor&amp;#39;s grandson. If Napoleon were to abdicate in favor of his infant son, and thus in favor of a regency by an Austrian archduchess, well, Metternich wasn&amp;#39;t exactly going to protest too loudly. But Austria was also open to other options for governing France. Its policy, under Metternich, was to establish a durable balance of power that would prevent future \u2014 and France, once properly  cut down to size, played an important role in that balance.&lt;/p&gt;\n\n&lt;p&gt;Russia, under Tsar Alexander, wasn&amp;#39;t a big fan of the Bourbons, but being located on the opposite side of the continent from France had essentially zero interest in annexing the country. His territorial interests were focused closer to home, where he wanted to annex Poland; for France he wanted to put the country under the rule of someone other than Louis XVIII: perhaps the French general &lt;a href=\"https://en.wikipedia.org/wiki/Charles_XIV_John_of_Sweden#Crown_Prince_and_Regent\"&gt;Jean Bernadotte&lt;/a&gt;, who had (in another story entirely) accepted an offer to rule Sweden and was currently its Crown Prince and Regent. Or if not Bernadotte, then perhaps Louis-Philippe, the duc d&amp;#39;Orl\u00e9ans, a cousin of the Bourbons who held more liberal political views. Alexander would be foiled here, in part by the determined advocacy of Britain for the Bourbons and in part by the persuasion of the French diplomat Talleyrand, who hosted Alexander in his Parisian home during the crucial weeks after Napoleon&amp;#39;s abdication and persuaded him that the Bourbons were the best choice for France.&lt;/p&gt;\n\n&lt;p&gt;Prussia was the smallest and weakest of the Allies and played the smallest role here. Prussia&amp;#39;s territorial goals were focused on Germany and Poland. It was also an unofficial policy of Prussia to seek a maximum punishment of France, but in 1814 that didn&amp;#39;t amount to any serious thoughts of annexing the country. (Senior Prussian officials &lt;strong&gt;would&lt;/strong&gt; advocate &amp;quot;partitioning and even &amp;#39;exterminating&amp;#39; France,&amp;quot; but not until 1815, after Waterloo, when passions ran higher after France&amp;#39;s apparent violation of the 1814 peace settlement.)&lt;/p&gt;\n\n&lt;p&gt;As a result of all these factors, the Allies had issued an official statement in December of 1813 (after Napoleon had foolishly passed on some fairly generous peace terms):&lt;/p&gt;\n\n&lt;blockquote&gt;\n&lt;p&gt;The Allied Sovereigns declare that they are not waging war against France, whom they desire to see strong and happy... and whose territory may comprise a larger area than her [previous] kings had ever known... They are only warring against the emperor, or rather against that preponderance which he has too long exercised beyond his empire to the detriment of France and Europe.&lt;/p&gt;\n&lt;/blockquote&gt;\n\n&lt;p&gt;A vivid dramatization of the importance of the idea of &amp;quot;balance of power&amp;quot; at the time can be seen by what happened at the Congress of Vienna in late 1814 and early 1815, after Napoleon had been defeated and Louis XVIII restored. Meeting in Vienna to sort out what happened next, the Allies immediately found themselves at cross-purposes. In particular, Russia and Prussia struck an informal deal in which Russia would get most of Poland, and Prussia would be compensated with the kingdom of Saxony. But Britain and Austria felt threatened by this arrangement. Tensions continued to escalate until it seemed like war might break out among the victorious Allies. In a remarkable fait accompli, Talleyrand signed France up to an alliance with Britain and Austria against Russia and Prussia, with each side promising to raise 150,000 troops. Britain hastily wrapped up its sideshow conflict with the United States of America, the War of 1812, with its B-team of diplomats signing the Treaty of Ghent on December 24, 1814 \u2014 freeing up Britain&amp;#39;s soldiers in America to come to Europe and fight the Russians, alongside, of all countries, France!&lt;/p&gt;\n\n&lt;p&gt;This threatened war never actually occurred. Russia and Prussia backed down in the face of this threat of war. But the incident makes clear why the destruction of France wasn&amp;#39;t even a possibility for the people with the power to do so \u2014 they didn&amp;#39;t trust anyone else to annex France, didn&amp;#39;t want to bear the burden themselves, and viewed France under its traditional Bourbon monarchs and in something resembling its traditional boundaries as a force for order and a possible ally, rather than a threat or a victim to plunder and despoil.&lt;/p&gt;\n\n&lt;p&gt;&lt;strong&gt;SOURCES:&lt;/strong&gt;&lt;/p&gt;\n\n&lt;ul&gt;\n&lt;li&gt;De Bertier de Sauvigny, Guillaume. &lt;em&gt;The Bourbon Restoration&lt;/em&gt;. Translated by Lynn M. Case. Philadelphia: The University of Pennsylvania Press, 1966.&lt;/li&gt;\n&lt;li&gt;Zamoyski, Adam. &lt;em&gt;Rites of Peace: The Fall of Napoleon &amp;amp; the Congress of Vienna&lt;/em&gt;. London: Harper Perennial, 2008.&lt;/li&gt;\n&lt;/ul&gt;\n&lt;/div&gt;", "gildings": {}, "collapsed_reason": null, "associated_award": null, "stickied": false, "subreddit_type": "public", "can_gild": true, "subreddit": "AskHistorians", "author_flair_text_color": "dark", "score_hidden": false, "permalink": "/r/AskHistorians/comments/cy38lt/after_napol\u00e9on/ezf3gau/", "num_reports": null, "locked": false, "name": "t1_ezf3gau", "created": 1567901325.0, "author_flair_text": "19th Century France", "collapsed": false, "created_utc": 1567872525.0, "subreddit_name_prefixed": "r/AskHistorians", "controversiality": 0, "depth": 0, "author_flair_background_color": "", "mod_reports": [], "mod_note": null, "distinguished": null}}], "after": null, "before": null}}]