[{"kind": "Listing", "data": {"modhash": "", "dist": 1, "children": [{"kind": "t3", "data": {"approved_at_utc": null, "subreddit": "AskHistorians", "selftext": "Was the Ottoman penchant for alcohol restricted to Anatolia and Eastern Europe or did it also extend to North Africa, Levant and Arabia? \n\n\nWas wine/beer drinking and production a common occurrence throughout the empire?\n\n\nDid this conflict with the supposed pious foundation the Ottomans held?", "user_reports": [], "saved": false, "mod_reason_title": null, "gilded": 0, "clicked": false, "title": "The Ottomans had a very rich tradition with alcohol, was this prevalent throughout their empire or restricted to some regions?", "link_flair_richtext": [], "subreddit_name_prefixed": "r/AskHistorians", "hidden": false, "pwls": 6, "link_flair_css_class": null, "downs": 0, "parent_whitelist_status": "all_ads", "hide_score": false, "name": "t3_cy9b9p", "quarantine": false, "link_flair_text_color": "dark", "upvote_ratio": 0.9, "author_flair_background_color": null, "subreddit_type": "public", "ups": 9, "total_awards_received": 0, "media_embed": {}, "author_flair_template_id": null, "is_original_content": false, "author_fullname": "t2_q575ouh", "secure_media": null, "is_reddit_media_domain": false, "is_meta": false, "category": null, "secure_media_embed": {}, "link_flair_text": null, "can_mod_post": false, "num_duplicates": 1, "approved_by": null, "thumbnail": "", "edited": false, "author_flair_css_class": null, "steward_reports": [], "author_flair_richtext": [], "gildings": {}, "content_categories": null, "is_self": true, "mod_note": null, "created": 1567369487.0, "link_flair_type": "text", "wls": 6, "banned_by": null, "author_flair_type": "text", "domain": "self.AskHistorians", "allow_live_comments": false, "selftext_html": "&lt;!-- SC_OFF --&gt;&lt;div class=\"md\"&gt;&lt;p&gt;Was the Ottoman penchant for alcohol restricted to Anatolia and Eastern Europe or did it also extend to North Africa, Levant and Arabia? &lt;/p&gt;\n\n&lt;p&gt;Was wine/beer drinking and production a common occurrence throughout the empire?&lt;/p&gt;\n\n&lt;p&gt;Did this conflict with the supposed pious foundation the Ottomans held?&lt;/p&gt;\n&lt;/div&gt;&lt;!-- SC_ON --&gt;", "likes": null, "suggested_sort": null, "banned_at_utc": null, "view_count": null, "archived": false, "score": 9, "no_follow": false, "is_crosspostable": false, "pinned": false, "over_18": false, "all_awardings": [], "awarders": [], "media_only": false, "can_gild": false, "spoiler": false, "locked": false, "author_flair_text": null, "visited": false, "num_reports": null, "distinguished": null, "subreddit_id": "t5_2ssp3", "mod_reason_by": null, "removal_reason": null, "link_flair_background_color": "", "id": "cy9b9p", "is_robot_indexable": true, "report_reasons": null, "author": "SoybeanCola1933", "discussion_type": null, "num_comments": 3, "send_replies": true, "media": null, "contest_mode": false, "author_patreon_flair": false, "author_flair_text_color": null, "permalink": "/r/AskHistorians/comments/cy9b9p/the_ottomans_had_a_very_rich_tradition_with/", "whitelist_status": "all_ads", "stickied": false, "url": "https://www.reddit.com/r/AskHistorians/comments/cy9b9p/the_ottomans_had_a_very_rich_tradition_with/", "subreddit_subscribers": 1029977, "created_utc": 1567340687.0, "num_crossposts": 0, "mod_reports": [], "is_video": false}}], "after": null, "before": null}}, {"kind": "Listing", "data": {"modhash": "", "dist": null, "children": [{"kind": "t1", "data": {"total_awards_received": 0, "approved_at_utc": null, "ups": 1, "awarders": [], "mod_reason_by": null, "banned_by": null, "author_flair_type": "richtext", "removal_reason": null, "link_id": "t3_cy9b9p", "author_flair_template_id": "9e641f94-c626-11e2-8e2c-12313b0b21ae", "likes": null, "replies": "", "user_reports": [], "saved": false, "id": "eyqf500", "banned_at_utc": null, "mod_reason_title": null, "gilded": 0, "archived": false, "no_follow": true, "author": "AutoModerator", "can_mod_post": false, "send_replies": false, "parent_id": "t3_cy9b9p", "score": 1, "author_fullname": "t2_6l4z3", "report_reasons": null, "approved_by": null, "all_awardings": [], "subreddit_id": "t5_2ssp3", "body": "Welcome to /r/AskHistorians. **Please be sure to [Read Our Rules](https://www.reddit.com/r/AskHistorians/wiki/rules) before you contribute to this community**.  \n\nWe thank you for your interest in this *question*, and your patience in waiting for an in-depth and comprehensive answer to be written, which takes time. Please consider **[Clicking Here for RemindMeBot](https://www.reddit.com/message/compose/?to=RemindMeBot&amp;subject=Reminder&amp;message=%5Bhttps://www.reddit.com/r/AskHistorians/comments/cy9b9p/the_ottomans_had_a_very_rich_tradition_with/%5D%0A%0ARemindMe!++2+days)**, or using [these alternatives](/r/AskHistorians/comments/8p0s9b/roundtable_21_be_kindremind_the_mod_approved/). In the meantime our [Twitter](https://twitter.com/askhistorians), [Facebook](https://www.facebook.com/askhistorians/), and [Sunday Digest](https://www.reddit.com/r/AskHistorians/search?q=title%3A%22Sunday+Digest%22&amp;restrict_sr=on&amp;sort=new&amp;t=all) feature excellent content that has already been written!\n\n[Please leave feedback on this test message here.](https://www.reddit.com/r/AskHistorians/comments/btz9o5/testing_testing_123_well_be_trying_out_an/)\n\n\n*I am a bot, and this action was performed automatically. Please [contact the moderators of this subreddit](/message/compose/?to=/r/AskHistorians) if you have any questions or concerns.*", "edited": false, "author_flair_css_class": "moderator", "steward_reports": [], "is_submitter": false, "downs": 0, "author_flair_richtext": [{"e": "text", "t": "History of Robotics"}], "author_patreon_flair": false, "body_html": "&lt;div class=\"md\"&gt;&lt;p&gt;Welcome to &lt;a href=\"/r/AskHistorians\"&gt;/r/AskHistorians&lt;/a&gt;. &lt;strong&gt;Please be sure to &lt;a href=\"https://www.reddit.com/r/AskHistorians/wiki/rules\"&gt;Read Our Rules&lt;/a&gt; before you contribute to this community&lt;/strong&gt;.  &lt;/p&gt;\n\n&lt;p&gt;We thank you for your interest in this &lt;em&gt;question&lt;/em&gt;, and your patience in waiting for an in-depth and comprehensive answer to be written, which takes time. Please consider &lt;strong&gt;&lt;a href=\"https://www.reddit.com/message/compose/?to=RemindMeBot&amp;amp;subject=Reminder&amp;amp;message=%5Bhttps://www.reddit.com/r/AskHistorians/comments/cy9b9p/the_ottomans_had_a_very_rich_tradition_with/%5D%0A%0ARemindMe!++2+days\"&gt;Clicking Here for RemindMeBot&lt;/a&gt;&lt;/strong&gt;, or using &lt;a href=\"/r/AskHistorians/comments/8p0s9b/roundtable_21_be_kindremind_the_mod_approved/\"&gt;these alternatives&lt;/a&gt;. In the meantime our &lt;a href=\"https://twitter.com/askhistorians\"&gt;Twitter&lt;/a&gt;, &lt;a href=\"https://www.facebook.com/askhistorians/\"&gt;Facebook&lt;/a&gt;, and &lt;a href=\"https://www.reddit.com/r/AskHistorians/search?q=title%3A%22Sunday+Digest%22&amp;amp;restrict_sr=on&amp;amp;sort=new&amp;amp;t=all\"&gt;Sunday Digest&lt;/a&gt; feature excellent content that has already been written!&lt;/p&gt;\n\n&lt;p&gt;&lt;a href=\"https://www.reddit.com/r/AskHistorians/comments/btz9o5/testing_testing_123_well_be_trying_out_an/\"&gt;Please leave feedback on this test message here.&lt;/a&gt;&lt;/p&gt;\n\n&lt;p&gt;&lt;em&gt;I am a bot, and this action was performed automatically. Please &lt;a href=\"/message/compose/?to=/r/AskHistorians\"&gt;contact the moderators of this subreddit&lt;/a&gt; if you have any questions or concerns.&lt;/em&gt;&lt;/p&gt;\n&lt;/div&gt;", "gildings": {}, "collapsed_reason": null, "associated_award": null, "stickied": true, "subreddit_type": "public", "can_gild": true, "subreddit": "AskHistorians", "author_flair_text_color": "light", "score_hidden": true, "permalink": "/r/AskHistorians/comments/cy9b9p/the_ottomans_had_a_very_rich_tradition_with/eyqf500/", "num_reports": null, "locked": true, "name": "t1_eyqf500", "created": 1567369488.0, "author_flair_text": "History of Robotics", "collapsed": false, "created_utc": 1567340688.0, "subreddit_name_prefixed": "r/AskHistorians", "controversiality": 0, "depth": 0, "author_flair_background_color": "#8b008b", "mod_reports": [], "mod_note": null, "distinguished": "moderator"}}, {"kind": "t1", "data": {"total_awards_received": 0, "approved_at_utc": null, "ups": 16, "awarders": [], "mod_reason_by": null, "banned_by": null, "author_flair_type": "text", "removal_reason": null, "link_id": "t3_cy9b9p", "author_flair_template_id": null, "likes": null, "replies": {"kind": "Listing", "data": {"modhash": "", "dist": null, "children": [{"kind": "t1", "data": {"total_awards_received": 0, "approved_at_utc": null, "ups": 1, "awarders": [], "mod_reason_by": null, "banned_by": null, "author_flair_type": "text", "removal_reason": null, "link_id": "t3_cy9b9p", "author_flair_template_id": null, "likes": null, "replies": "", "user_reports": [], "saved": false, "id": "eyt6e42", "banned_at_utc": null, "mod_reason_title": null, "gilded": 0, "archived": false, "no_follow": true, "author": "SoybeanCola1933", "can_mod_post": false, "send_replies": true, "parent_id": "t1_eyqzdn4", "score": 1, "author_fullname": "t2_q575ouh", "report_reasons": null, "approved_by": null, "all_awardings": [], "subreddit_id": "t5_2ssp3", "body": "Thanks, this was very comprehensive", "edited": false, "author_flair_css_class": null, "steward_reports": [], "is_submitter": true, "downs": 0, "author_flair_richtext": [], "author_patreon_flair": false, "body_html": "&lt;div class=\"md\"&gt;&lt;p&gt;Thanks, this was very comprehensive&lt;/p&gt;\n&lt;/div&gt;", "gildings": {}, "collapsed_reason": null, "associated_award": null, "stickied": false, "subreddit_type": "public", "can_gild": true, "subreddit": "AskHistorians", "author_flair_text_color": null, "score_hidden": false, "permalink": "/r/AskHistorians/comments/cy9b9p/the_ottomans_had_a_very_rich_tradition_with/eyt6e42/", "num_reports": null, "locked": false, "name": "t1_eyt6e42", "created": 1567455629.0, "author_flair_text": null, "collapsed": false, "created_utc": 1567426829.0, "subreddit_name_prefixed": "r/AskHistorians", "controversiality": 0, "depth": 1, "author_flair_background_color": null, "mod_reports": [], "mod_note": null, "distinguished": null}}], "after": null, "before": null}}, "user_reports": [], "saved": false, "id": "eyqzdn4", "banned_at_utc": null, "mod_reason_title": null, "gilded": 0, "archived": false, "no_follow": false, "author": "Zooasaurus", "can_mod_post": false, "send_replies": true, "parent_id": "t3_cy9b9p", "score": 16, "author_fullname": "t2_s96w0", "report_reasons": null, "approved_by": null, "all_awardings": [], "subreddit_id": "t5_2ssp3", "body": "I'll try to answer your question, sorry if it doesn't satisfy you\n\nYes, wine drinking was quite a common occurrence in all parts of the empire, whose production and consumption was largely done by non-Muslims, who were generally allowed to produce and sell them to their own kind. Alcohol consumption was mainly confined to cities, with some exceptions like in the Balkans and Greece where alcohol was consumed in the countryside. In the Balkans, the old-age practice of drinking wine continued even in the countryside, with exceptions in the Muslim community. For example Bosnian Muslims obeyed the wine prohibition proscribed by the government, but considered *raki,* a spirit distilled from grapes to be lawful for consumption. Sarajevo was home to around 21 taverns in the second half of the 18th century. In 18th century Izmir, taverns were kept open all hours, day and night and it also contained a large number or *koltuk*, a small or mobile tavern, whose numbers reached 800 in the middle of the 19th century.  In Aleppo there were greater restrictions because of the prevalence of drunkenness, but wine consumption continued in private homes and *Han al-g\u00fcmr\u00fck*, hostels for non-Muslims and foreign travellers. In Damascus, local Christians and Jews were allowed to make and drink wine within the bounds of discretion. Most of Damascene wine were made in villages, especially Saydnaya located to the north of Damascus. Grapes were the basis of all alcoholic drinks, either fermented as wine or *arak.* In Egypt, the Coptic population distilled *arak* from dates, while local Greeks produced *tafia* made from molasses and sugar canes. The Muslim population of Egypt just like most Muslims of the empire also drunk *boza,* a beer-like drink made of fermented millet and of low alcoholic content. And finally, Istanbul, especially the non-Muslim quarters of Golden Horn, Galata, and Pera were famous for its taverns. According to Evliya \u00c7elebi, in the 16th century the city boasted some 1,060 taverns, 100 of which were ran by Jews. While those in Galata were owned by Greek Orthodox, there were also Muslim owners who ran wine houses in different parts of the city. By 1829 the city had a comparatively modest number of 554 taverns. *Bozahanehs*, Boza houses were also quite numerous and frequently visited by Muslims of Istanbul as an easier and slightly more lawful alternative to taverns and wine.\n\nTaverns, being  mostly ran and visited by non-Muslims can be easily found in non-Muslim neighborhood and side alleys, away from mosques or Muslim residences. Muslims also occasionally frequented taverns, but they did so stealthily, fearful of the punishment that awaited those who were caught. However, we have evidences that pointed out that at least in Istanbul, Muslims frequenting taverns were seen as a normal occurence. For example 17th century book *Treatise on Strange Events* noted that Muslims drank wine, caroused with Christians and Jews, and owned taverns. Another example was a *shari'a* scribal record from the same era, where Ibrahim \u00c7elebi son of Ali and his wife came to court to demand blood money from Nikita Merkuri, the Orthodox Christian owner of a tavern in an unspecified Christian neighborhood of Be\u015fikta\u015f. Knife-wielding Ahmed had murdered their son Mehmed while the two were sitting at the tavern with Abdullah, Mustafa, a velvet carpet dealer named Mahmud, and the stonemason Amr. The fact that 5 Muslim men were sitting at a tavern in a Christian neighborhood before the conversation became heated and knives were drawn is not commented on by the scribe, nor does it appear to concern the religious magistrate handling the matter. \n\nOf course the prevalence of alcohol consumption did not sit well with some sultans, who viewed them as vices and causes of moral corruption. Sultans prohibited alcohol and controversial consumables such as coffee and tobacco at one point or another during their reign in order to seek blessings during natural disaster or on the eve of a military campaign, motivated by religious fervour, pressured by the *ulema*, mindful of the approach of old age and the reckoning in the hereafter, or simply seeking to maintain public order. S\u00fcleyman I first forbade the public sale of wine in the 1540s, making it difficult even for non-Muslims to obtain any. Similar bans were issued by his successors, Selim II continued his father's ban, Murad III continued it too, having previously banned wine houses only in Muslim areas, Mehmed III banned it, when in Ramazan of that year all wine found in the wine houses was destroyed and the doors of the wine houses sealed, Ahmed I, and Murad IV also banned it, with the latter had all wine houses closed. Murad adopted a tough stance over this, just like his stance on most things. If he came across any drunk during his tours incognito at night, he personally killed him. Mehmed IV banned it in 1670-71, influenced by *Kadizadeli* thoughts he extended the bans, first to any neighbourhood that housed a mosque, and next to private use even among non-Muslims. It was again forbidden in 1689 by S\u00fcleyman II, when K\u00fcfri Ahmed Efendi, the tax collector on wine, was killed. Selim III also struggled to ban it, with only limited success. The frequency and sequential nature of these decrees proved that these bans were largely ineffective and effort at quashing the consumption of and trade in alcohol amounted to merely short-lived, symbolic measures that ultimately failed. This was mostly because of economic reasons. Taxes on alcohol were a lucrative source of income, one that the Ottoman state couldn't ignore. Campaigns in Hungary on 1596-97 made S\u00fcleyman reverse his ban on alcohol, ban imposed by Ahmed I in 1617 reduced state revenue that he reversed the ban, and Mehmed IV reversed the ban in 1687 after the War against the Holy League had deprived the state of its treasury. Additionally, bans on alcohol also impacted local economy, as many relied on it for income. In Galata, for example, the fish market sold fish for those frequenting the wine houses. Fruit sellers too sold fruits for patrons of the taverns, while alcohol sellers and makers definitely benefited from selling every kind of alcohol imaginable. The police force also earned a living from fees they collected from extorting fines from every Muslim they caught drinking. So in the end, pragmatism tended to prevail, as people, and certainly non-Muslims, were left alone in their drinking as long the public order was not disturbed, and rulers often effectively benefited from the tax revenue generated from alcohol consumption, even if they would never explicitly support or allow it.\n\n**Source:**\n\n*Alcohol in the Islamic Middle East: Ambivalence and Ambiguity* by Rudi Mathee\n\n *A Social History of Ottoman Istanbul* by Ebru Boyar and Kate Fleet \n\n*Honored by the Glory of Islam: Conversion and Conquest in Ottoman Europe* by Marc David Baer", "edited": false, "author_flair_css_class": null, "steward_reports": [], "is_submitter": false, "downs": 0, "author_flair_richtext": [], "author_patreon_flair": false, "body_html": "&lt;div class=\"md\"&gt;&lt;p&gt;I&amp;#39;ll try to answer your question, sorry if it doesn&amp;#39;t satisfy you&lt;/p&gt;\n\n&lt;p&gt;Yes, wine drinking was quite a common occurrence in all parts of the empire, whose production and consumption was largely done by non-Muslims, who were generally allowed to produce and sell them to their own kind. Alcohol consumption was mainly confined to cities, with some exceptions like in the Balkans and Greece where alcohol was consumed in the countryside. In the Balkans, the old-age practice of drinking wine continued even in the countryside, with exceptions in the Muslim community. For example Bosnian Muslims obeyed the wine prohibition proscribed by the government, but considered &lt;em&gt;raki,&lt;/em&gt; a spirit distilled from grapes to be lawful for consumption. Sarajevo was home to around 21 taverns in the second half of the 18th century. In 18th century Izmir, taverns were kept open all hours, day and night and it also contained a large number or &lt;em&gt;koltuk&lt;/em&gt;, a small or mobile tavern, whose numbers reached 800 in the middle of the 19th century.  In Aleppo there were greater restrictions because of the prevalence of drunkenness, but wine consumption continued in private homes and &lt;em&gt;Han al-g\u00fcmr\u00fck&lt;/em&gt;, hostels for non-Muslims and foreign travellers. In Damascus, local Christians and Jews were allowed to make and drink wine within the bounds of discretion. Most of Damascene wine were made in villages, especially Saydnaya located to the north of Damascus. Grapes were the basis of all alcoholic drinks, either fermented as wine or &lt;em&gt;arak.&lt;/em&gt; In Egypt, the Coptic population distilled &lt;em&gt;arak&lt;/em&gt; from dates, while local Greeks produced &lt;em&gt;tafia&lt;/em&gt; made from molasses and sugar canes. The Muslim population of Egypt just like most Muslims of the empire also drunk &lt;em&gt;boza,&lt;/em&gt; a beer-like drink made of fermented millet and of low alcoholic content. And finally, Istanbul, especially the non-Muslim quarters of Golden Horn, Galata, and Pera were famous for its taverns. According to Evliya \u00c7elebi, in the 16th century the city boasted some 1,060 taverns, 100 of which were ran by Jews. While those in Galata were owned by Greek Orthodox, there were also Muslim owners who ran wine houses in different parts of the city. By 1829 the city had a comparatively modest number of 554 taverns. &lt;em&gt;Bozahanehs&lt;/em&gt;, Boza houses were also quite numerous and frequently visited by Muslims of Istanbul as an easier and slightly more lawful alternative to taverns and wine.&lt;/p&gt;\n\n&lt;p&gt;Taverns, being  mostly ran and visited by non-Muslims can be easily found in non-Muslim neighborhood and side alleys, away from mosques or Muslim residences. Muslims also occasionally frequented taverns, but they did so stealthily, fearful of the punishment that awaited those who were caught. However, we have evidences that pointed out that at least in Istanbul, Muslims frequenting taverns were seen as a normal occurence. For example 17th century book &lt;em&gt;Treatise on Strange Events&lt;/em&gt; noted that Muslims drank wine, caroused with Christians and Jews, and owned taverns. Another example was a &lt;em&gt;shari&amp;#39;a&lt;/em&gt; scribal record from the same era, where Ibrahim \u00c7elebi son of Ali and his wife came to court to demand blood money from Nikita Merkuri, the Orthodox Christian owner of a tavern in an unspecified Christian neighborhood of Be\u015fikta\u015f. Knife-wielding Ahmed had murdered their son Mehmed while the two were sitting at the tavern with Abdullah, Mustafa, a velvet carpet dealer named Mahmud, and the stonemason Amr. The fact that 5 Muslim men were sitting at a tavern in a Christian neighborhood before the conversation became heated and knives were drawn is not commented on by the scribe, nor does it appear to concern the religious magistrate handling the matter. &lt;/p&gt;\n\n&lt;p&gt;Of course the prevalence of alcohol consumption did not sit well with some sultans, who viewed them as vices and causes of moral corruption. Sultans prohibited alcohol and controversial consumables such as coffee and tobacco at one point or another during their reign in order to seek blessings during natural disaster or on the eve of a military campaign, motivated by religious fervour, pressured by the &lt;em&gt;ulema&lt;/em&gt;, mindful of the approach of old age and the reckoning in the hereafter, or simply seeking to maintain public order. S\u00fcleyman I first forbade the public sale of wine in the 1540s, making it difficult even for non-Muslims to obtain any. Similar bans were issued by his successors, Selim II continued his father&amp;#39;s ban, Murad III continued it too, having previously banned wine houses only in Muslim areas, Mehmed III banned it, when in Ramazan of that year all wine found in the wine houses was destroyed and the doors of the wine houses sealed, Ahmed I, and Murad IV also banned it, with the latter had all wine houses closed. Murad adopted a tough stance over this, just like his stance on most things. If he came across any drunk during his tours incognito at night, he personally killed him. Mehmed IV banned it in 1670-71, influenced by &lt;em&gt;Kadizadeli&lt;/em&gt; thoughts he extended the bans, first to any neighbourhood that housed a mosque, and next to private use even among non-Muslims. It was again forbidden in 1689 by S\u00fcleyman II, when K\u00fcfri Ahmed Efendi, the tax collector on wine, was killed. Selim III also struggled to ban it, with only limited success. The frequency and sequential nature of these decrees proved that these bans were largely ineffective and effort at quashing the consumption of and trade in alcohol amounted to merely short-lived, symbolic measures that ultimately failed. This was mostly because of economic reasons. Taxes on alcohol were a lucrative source of income, one that the Ottoman state couldn&amp;#39;t ignore. Campaigns in Hungary on 1596-97 made S\u00fcleyman reverse his ban on alcohol, ban imposed by Ahmed I in 1617 reduced state revenue that he reversed the ban, and Mehmed IV reversed the ban in 1687 after the War against the Holy League had deprived the state of its treasury. Additionally, bans on alcohol also impacted local economy, as many relied on it for income. In Galata, for example, the fish market sold fish for those frequenting the wine houses. Fruit sellers too sold fruits for patrons of the taverns, while alcohol sellers and makers definitely benefited from selling every kind of alcohol imaginable. The police force also earned a living from fees they collected from extorting fines from every Muslim they caught drinking. So in the end, pragmatism tended to prevail, as people, and certainly non-Muslims, were left alone in their drinking as long the public order was not disturbed, and rulers often effectively benefited from the tax revenue generated from alcohol consumption, even if they would never explicitly support or allow it.&lt;/p&gt;\n\n&lt;p&gt;&lt;strong&gt;Source:&lt;/strong&gt;&lt;/p&gt;\n\n&lt;p&gt;&lt;em&gt;Alcohol in the Islamic Middle East: Ambivalence and Ambiguity&lt;/em&gt; by Rudi Mathee&lt;/p&gt;\n\n&lt;p&gt;&lt;em&gt;A Social History of Ottoman Istanbul&lt;/em&gt; by Ebru Boyar and Kate Fleet &lt;/p&gt;\n\n&lt;p&gt;&lt;em&gt;Honored by the Glory of Islam: Conversion and Conquest in Ottoman Europe&lt;/em&gt; by Marc David Baer&lt;/p&gt;\n&lt;/div&gt;", "gildings": {}, "collapsed_reason": null, "associated_award": null, "stickied": false, "subreddit_type": "public", "can_gild": true, "subreddit": "AskHistorians", "author_flair_text_color": null, "score_hidden": false, "permalink": "/r/AskHistorians/comments/cy9b9p/the_ottomans_had_a_very_rich_tradition_with/eyqzdn4/", "num_reports": null, "locked": false, "name": "t1_eyqzdn4", "created": 1567386215.0, "author_flair_text": null, "collapsed": false, "created_utc": 1567357415.0, "subreddit_name_prefixed": "r/AskHistorians", "controversiality": 0, "depth": 0, "author_flair_background_color": null, "mod_reports": [], "mod_note": null, "distinguished": null}}], "after": null, "before": null}}]