[{"kind": "Listing", "data": {"modhash": "", "dist": 1, "children": [{"kind": "t3", "data": {"approved_at_utc": null, "subreddit": "AskHistorians", "selftext": "", "user_reports": [], "saved": false, "mod_reason_title": null, "gilded": 0, "clicked": false, "title": "Have Jews lived in Tibet? If so, when have Jews lived in Tibet? What impact did it have on them and what impact did they have on Tibet?", "link_flair_richtext": [], "subreddit_name_prefixed": "r/AskHistorians", "hidden": false, "pwls": 6, "link_flair_css_class": null, "downs": 0, "parent_whitelist_status": "all_ads", "hide_score": false, "name": "t3_cy9yp2", "quarantine": false, "link_flair_text_color": "dark", "upvote_ratio": 0.57, "author_flair_background_color": null, "subreddit_type": "public", "ups": 1, "total_awards_received": 0, "media_embed": {}, "author_flair_template_id": null, "is_original_content": false, "author_fullname": "t2_3du9g3k4", "secure_media": null, "is_reddit_media_domain": false, "is_meta": false, "category": null, "secure_media_embed": {}, "link_flair_text": null, "can_mod_post": false, "num_duplicates": 1, "approved_by": null, "thumbnail": "", "edited": false, "author_flair_css_class": null, "steward_reports": [], "author_flair_richtext": [], "gildings": {}, "content_categories": null, "is_self": true, "mod_note": null, "created": 1567373495.0, "link_flair_type": "text", "wls": 6, "banned_by": null, "author_flair_type": "text", "domain": "self.AskHistorians", "allow_live_comments": false, "selftext_html": null, "likes": null, "suggested_sort": null, "banned_at_utc": null, "view_count": null, "archived": false, "score": 1, "no_follow": true, "is_crosspostable": false, "pinned": false, "over_18": false, "all_awardings": [], "awarders": [], "media_only": false, "can_gild": false, "spoiler": false, "locked": false, "author_flair_text": null, "visited": false, "num_reports": null, "distinguished": null, "subreddit_id": "t5_2ssp3", "mod_reason_by": null, "removal_reason": null, "link_flair_background_color": "", "id": "cy9yp2", "is_robot_indexable": true, "report_reasons": null, "author": "HugeLegendaryTurtle", "discussion_type": null, "num_comments": 4, "send_replies": true, "media": null, "contest_mode": false, "author_patreon_flair": false, "author_flair_text_color": null, "permalink": "/r/AskHistorians/comments/cy9yp2/have_jews_lived_in_tibet_if_so_when_have_jews/", "whitelist_status": "all_ads", "stickied": false, "url": "https://www.reddit.com/r/AskHistorians/comments/cy9yp2/have_jews_lived_in_tibet_if_so_when_have_jews/", "subreddit_subscribers": 1029977, "created_utc": 1567344695.0, "num_crossposts": 0, "mod_reports": [], "is_video": false}}], "after": null, "before": null}}, {"kind": "Listing", "data": {"modhash": "", "dist": null, "children": [{"kind": "t1", "data": {"total_awards_received": 0, "approved_at_utc": null, "ups": 1, "awarders": [], "mod_reason_by": null, "banned_by": null, "author_flair_type": "richtext", "removal_reason": null, "link_id": "t3_cy9yp2", "author_flair_template_id": "9e641f94-c626-11e2-8e2c-12313b0b21ae", "likes": null, "replies": "", "user_reports": [], "saved": false, "id": "eyqj0bw", "banned_at_utc": null, "mod_reason_title": null, "gilded": 0, "archived": false, "no_follow": true, "author": "AutoModerator", "can_mod_post": false, "send_replies": false, "parent_id": "t3_cy9yp2", "score": 1, "author_fullname": "t2_6l4z3", "report_reasons": null, "approved_by": null, "all_awardings": [], "subreddit_id": "t5_2ssp3", "body": "Welcome to /r/AskHistorians. **Please be sure to [Read Our Rules](https://www.reddit.com/r/AskHistorians/wiki/rules) before you contribute to this community**.  \n\nWe thank you for your interest in this *question*, and your patience in waiting for an in-depth and comprehensive answer to be written, which takes time. Please consider **[Clicking Here for RemindMeBot](https://www.reddit.com/message/compose/?to=RemindMeBot&amp;subject=Reminder&amp;message=%5Bhttps://www.reddit.com/r/AskHistorians/comments/cy9yp2/have_jews_lived_in_tibet_if_so_when_have_jews/%5D%0A%0ARemindMe!++2+days)**, or using [these alternatives](/r/AskHistorians/comments/8p0s9b/roundtable_21_be_kindremind_the_mod_approved/). In the meantime our [Twitter](https://twitter.com/askhistorians), [Facebook](https://www.facebook.com/askhistorians/), and [Sunday Digest](https://www.reddit.com/r/AskHistorians/search?q=title%3A%22Sunday+Digest%22&amp;restrict_sr=on&amp;sort=new&amp;t=all) feature excellent content that has already been written!\n\n[Please leave feedback on this test message here.](https://www.reddit.com/r/AskHistorians/comments/btz9o5/testing_testing_123_well_be_trying_out_an/)\n\n\n*I am a bot, and this action was performed automatically. Please [contact the moderators of this subreddit](/message/compose/?to=/r/AskHistorians) if you have any questions or concerns.*", "edited": false, "author_flair_css_class": "moderator", "steward_reports": [], "is_submitter": false, "downs": 0, "author_flair_richtext": [{"e": "text", "t": "History of Robotics"}], "author_patreon_flair": false, "body_html": "&lt;div class=\"md\"&gt;&lt;p&gt;Welcome to &lt;a href=\"/r/AskHistorians\"&gt;/r/AskHistorians&lt;/a&gt;. &lt;strong&gt;Please be sure to &lt;a href=\"https://www.reddit.com/r/AskHistorians/wiki/rules\"&gt;Read Our Rules&lt;/a&gt; before you contribute to this community&lt;/strong&gt;.  &lt;/p&gt;\n\n&lt;p&gt;We thank you for your interest in this &lt;em&gt;question&lt;/em&gt;, and your patience in waiting for an in-depth and comprehensive answer to be written, which takes time. Please consider &lt;strong&gt;&lt;a href=\"https://www.reddit.com/message/compose/?to=RemindMeBot&amp;amp;subject=Reminder&amp;amp;message=%5Bhttps://www.reddit.com/r/AskHistorians/comments/cy9yp2/have_jews_lived_in_tibet_if_so_when_have_jews/%5D%0A%0ARemindMe!++2+days\"&gt;Clicking Here for RemindMeBot&lt;/a&gt;&lt;/strong&gt;, or using &lt;a href=\"/r/AskHistorians/comments/8p0s9b/roundtable_21_be_kindremind_the_mod_approved/\"&gt;these alternatives&lt;/a&gt;. In the meantime our &lt;a href=\"https://twitter.com/askhistorians\"&gt;Twitter&lt;/a&gt;, &lt;a href=\"https://www.facebook.com/askhistorians/\"&gt;Facebook&lt;/a&gt;, and &lt;a href=\"https://www.reddit.com/r/AskHistorians/search?q=title%3A%22Sunday+Digest%22&amp;amp;restrict_sr=on&amp;amp;sort=new&amp;amp;t=all\"&gt;Sunday Digest&lt;/a&gt; feature excellent content that has already been written!&lt;/p&gt;\n\n&lt;p&gt;&lt;a href=\"https://www.reddit.com/r/AskHistorians/comments/btz9o5/testing_testing_123_well_be_trying_out_an/\"&gt;Please leave feedback on this test message here.&lt;/a&gt;&lt;/p&gt;\n\n&lt;p&gt;&lt;em&gt;I am a bot, and this action was performed automatically. Please &lt;a href=\"/message/compose/?to=/r/AskHistorians\"&gt;contact the moderators of this subreddit&lt;/a&gt; if you have any questions or concerns.&lt;/em&gt;&lt;/p&gt;\n&lt;/div&gt;", "gildings": {}, "collapsed_reason": null, "associated_award": null, "stickied": true, "subreddit_type": "public", "can_gild": true, "subreddit": "AskHistorians", "author_flair_text_color": "light", "score_hidden": true, "permalink": "/r/AskHistorians/comments/cy9yp2/have_jews_lived_in_tibet_if_so_when_have_jews/eyqj0bw/", "num_reports": null, "locked": true, "name": "t1_eyqj0bw", "created": 1567373495.0, "author_flair_text": "History of Robotics", "collapsed": false, "created_utc": 1567344695.0, "subreddit_name_prefixed": "r/AskHistorians", "controversiality": 0, "depth": 0, "author_flair_background_color": "#8b008b", "mod_reports": [], "mod_note": null, "distinguished": "moderator"}}, {"kind": "t1", "data": {"total_awards_received": 0, "approved_at_utc": null, "ups": 8, "awarders": [], "mod_reason_by": null, "banned_by": null, "author_flair_type": "richtext", "removal_reason": null, "link_id": "t3_cy9yp2", "author_flair_template_id": "78426082-c626-11e2-891b-12313b06caaf", "likes": null, "replies": {"kind": "Listing", "data": {"modhash": "", "dist": null, "children": [{"kind": "t1", "data": {"total_awards_received": 0, "approved_at_utc": null, "ups": 3, "awarders": [], "mod_reason_by": null, "banned_by": null, "author_flair_type": "text", "removal_reason": null, "link_id": "t3_cy9yp2", "author_flair_template_id": null, "likes": null, "replies": {"kind": "Listing", "data": {"modhash": "", "dist": null, "children": [{"kind": "t1", "data": {"total_awards_received": 0, "approved_at_utc": null, "ups": 3, "awarders": [], "mod_reason_by": null, "banned_by": null, "author_flair_type": "richtext", "removal_reason": null, "link_id": "t3_cy9yp2", "author_flair_template_id": "78426082-c626-11e2-891b-12313b06caaf", "likes": null, "replies": "", "user_reports": [], "saved": false, "id": "eyta9kg", "banned_at_utc": null, "mod_reason_title": null, "gilded": 0, "archived": false, "no_follow": true, "author": "JimeDorje", "can_mod_post": false, "send_replies": true, "parent_id": "t1_eyt1hn3", "score": 3, "author_fullname": "t2_7k1sc", "report_reasons": null, "approved_by": null, "all_awardings": [], "subreddit_id": "t5_2ssp3", "body": "Yeah, and I don't think of it in a pejorative connotation at least in this circumstance. But I'd love to see some honest to god research on the subject. Instead of Beckwith going off about postmodernism and how much he hates modern music or whatever, I would have liked to have seen documentary evidence of Sogdian mercantile and military coordination to try to overthrow Eurasian Empires. Alas... for another historian I guess.", "edited": false, "author_flair_css_class": "asia", "steward_reports": [], "is_submitter": false, "downs": 0, "author_flair_richtext": [{"e": "text", "t": "Tibet &amp; Bhutan | Vajrayana Buddhism"}], "author_patreon_flair": false, "body_html": "&lt;div class=\"md\"&gt;&lt;p&gt;Yeah, and I don&amp;#39;t think of it in a pejorative connotation at least in this circumstance. But I&amp;#39;d love to see some honest to god research on the subject. Instead of Beckwith going off about postmodernism and how much he hates modern music or whatever, I would have liked to have seen documentary evidence of Sogdian mercantile and military coordination to try to overthrow Eurasian Empires. Alas... for another historian I guess.&lt;/p&gt;\n&lt;/div&gt;", "gildings": {}, "collapsed_reason": null, "associated_award": null, "stickied": false, "subreddit_type": "public", "can_gild": true, "subreddit": "AskHistorians", "author_flair_text_color": "dark", "score_hidden": false, "permalink": "/r/AskHistorians/comments/cy9yp2/have_jews_lived_in_tibet_if_so_when_have_jews/eyta9kg/", "num_reports": null, "locked": false, "name": "t1_eyta9kg", "created": 1567459550.0, "author_flair_text": "Tibet &amp; Bhutan | Vajrayana Buddhism", "collapsed": false, "created_utc": 1567430750.0, "subreddit_name_prefixed": "r/AskHistorians", "controversiality": 0, "depth": 2, "author_flair_background_color": "#ffeeaa", "mod_reports": [], "mod_note": null, "distinguished": null}}], "after": null, "before": null}}, "user_reports": [], "saved": false, "id": "eyt1hn3", "banned_at_utc": null, "mod_reason_title": null, "gilded": 0, "archived": false, "no_follow": true, "author": "HugeLegendaryTurtle", "can_mod_post": false, "send_replies": true, "parent_id": "t1_eyt0cgm", "score": 3, "author_fullname": "t2_3du9g3k4", "report_reasons": null, "approved_by": null, "all_awardings": [], "subreddit_id": "t5_2ssp3", "body": "Thank you so much. I'd never heard Beckwith's Sogdian conspiracy theory (not meant as a pejorative term).", "edited": false, "author_flair_css_class": null, "steward_reports": [], "is_submitter": true, "downs": 0, "author_flair_richtext": [], "author_patreon_flair": false, "body_html": "&lt;div class=\"md\"&gt;&lt;p&gt;Thank you so much. I&amp;#39;d never heard Beckwith&amp;#39;s Sogdian conspiracy theory (not meant as a pejorative term).&lt;/p&gt;\n&lt;/div&gt;", "gildings": {}, "collapsed_reason": null, "associated_award": null, "stickied": false, "subreddit_type": "public", "can_gild": true, "subreddit": "AskHistorians", "author_flair_text_color": null, "score_hidden": false, "permalink": "/r/AskHistorians/comments/cy9yp2/have_jews_lived_in_tibet_if_so_when_have_jews/eyt1hn3/", "num_reports": null, "locked": false, "name": "t1_eyt1hn3", "created": 1567449233.0, "author_flair_text": null, "collapsed": false, "created_utc": 1567420433.0, "subreddit_name_prefixed": "r/AskHistorians", "controversiality": 0, "depth": 1, "author_flair_background_color": null, "mod_reports": [], "mod_note": null, "distinguished": null}}], "after": null, "before": null}}, "user_reports": [], "saved": false, "id": "eyt0cgm", "banned_at_utc": null, "mod_reason_title": null, "gilded": 0, "archived": false, "no_follow": true, "author": "JimeDorje", "can_mod_post": false, "send_replies": true, "parent_id": "t3_cy9yp2", "score": 8, "author_fullname": "t2_7k1sc", "report_reasons": null, "approved_by": null, "all_awardings": [], "subreddit_id": "t5_2ssp3", "body": "It's impossible to prove a negative, so I can't say definitively that there have never been any Jews who lived long-term in Tibet. What I can say, however, is that *if* a Jewish community existed in Tibet, documentary evidence is slim and obscure at best. We have records of Muslim and Sogdian communities in Tibet, and a lot of documentary evidence for the effects that these communities had in the history of the land and culture, but not so much for any Jewish communities. My pocket dictionary, while not an authoritative historical source, *does* use the historical terms that I'm aware of for Buddhist, Christian, and Muslim (nang pa, ye shu, and kha che, respectively), but uses an English loan-word for \"Jewish,\" (ji'u). \\\n\nThe Tibetan term that would correspond to Buddhist (though this is under debate) is \"nang pa,\" literally \"insider.\" There's debate because Bonpos who regard themselves as insiders, but not as followers of the Buddha Shakyamuni, would say that they *are* nang pa (insiders), but not sangs rgyas pa (followers of the Buddha). To not be nang pa, would mean one would be phyi pa (outsiders). And this is the word reserved for foreigners. To be a nang pa is equivalent to what it means to be Tibetan, and to not be nang pa, even if one's religion has roots older than Tibetan Buddhism, and be labeled a foreigner is clearly problematic. But not really here. \n\n**Muslims:** Anyway, the other terms are pretty simple. \"Ye shu\" comes from the word for \"Jesus.\" While \"kha che\" comes from the Tibetan translation for \"Kashmir\" which is where (from the Tibetan perspective) Islam was diffused into Tibet. Though the first Khache community was probably seeded into Tibet from Kashmir, later groups of Tibetan Muslims were ethnically and culturally Tibetan, owed political allegiance (largely) to the Dalai Lamas, and lived in Lhasa, while being known especially for their good business practices. The name, however, stuck. The Khache communities took root around 1642 after the Fifth Dalai Lama became the temporal ruler of Tibet and continued to be represented in Lhasa urban and civic life until modern times. Today the Hui community in Lhasa uses a rebuilt mosque that was originally constructed for use by the Khache communities. \n\n**The Sogdians:** The other avenue to explore, though far *far* less certain would be the Sogdian community. And I mention him because he is a good historian, though his more recent work is questionable at best. Christopher I. Beckwith wrote a very detailed and important book on *The Tibetan Empire in Central Asia*. Then more recently he wrote a book called \"Empires of the Silk Road\" which is much more of a general overview of the central Asian cultural complex and the trends that passed back and forth from one end to the other. Then the last fifty pages went into a really odd diatribe against modernism (it started both Nazism and Communism!) and postmodernism (it doesn't make sense and anything means anything!). But in the middle of the text, Beckwith notices an odd issue regarding timing and essentially proposes that there was a conspiracy in the four major empires of the world in the mid-700s: in Karolingian Frankia, Ummayad Arabia, T'ang China, and Yarlung Tibet, massive, virtually simultaneous revolts took place with the (Beckwith alleges) aim to place compliant, or even ethnically Sogdian and religiously allied, regimes in place. The major results of this campaign were rather obvious: the An Lushan Rebellion in China (An was a common Sogdian surname, and it is used as evidence to prove that An Lushan himself was half Sogdian), and the Abbasid Revolt in the Arab Empire. Two comparatively smaller revolts occurred in Tibet (Sogdians again) and (Beckwith alleges) among the Jewish class in Frankia. \n\nOk, so before I go any further, I want to say that again, this is *entirely theoretical.* As far as I know, no one else is proposing a continent-wide conspiracy between merchant classes to overthrow four empires and establish compliant regimes. *However,* if I was going to research the history of Jewish interests in Tibet, I would start in these two areas. \n\nThat said, Beckwith's theory would revolve around the idea of huge, expansive Silk Road businesses. Not a crazy idea in the slightest. We have evidence of Chinese silks winding up on Mediterranean markets, and Parisian silver building fountains in Karakorum. The Sogdians, and this is not theoretical, controlled the Silk Route from Xi'an to Constantinople and were friendly, rivallous, and certainly had their own self-interests. If they were all around Persia, the Middle East, and made it as far as Europe, they would have *doubtless* come into contact with Jewish and Hebrew speaking and writing peoples. Just by virtue of geographic proximity, but also if we were looking at the economic and commercial behavior and interests of Jewish peoples in those eras. So if there was a Jewish community of any size in Tibet, researching the Sogdians and their interests in Tibet might be an interesting place to start. It would probably be as far back as any reliable records could be trusted (barring a Hebrew manuscript suddenly turning up in a cave in Ngari, Tibetan written language dates back to the 630s, so the Sogdians are about as far back as we can reliably trace documentary evidence of them in Tibet). \n\nAnd of course, Tibetan Muslims - who have a much more modern history in Tibet, though there was contact between Tibetans and Muslims for centuries before a community of around 50 or so Khache were invited to settle in Lhasa, dating back to this theoretical continental conspiracy, when Tibetans allied with the Arabs to push back the T'ang Dynasty from Central Asia in the Battle of Talas River, itself being a major factor in triggering the An Lushan Rebellion - have been in contact with Jewish peoples for years. Tibetan Muslims, like their Sogdian neighbors, were renown for their commercial skills and were well traveled, often going on pilgrimage to Mecca (through the sea route out of Goa. Being well traveled in this part of the world, and of course learning Arabic and reading the Qur'an (in which there are mentions of Judaic peoples) Tibetans would have come into contact with Jews. \n\ntl;dr: Though it's not evidence of a long (or even short) term Jewish community in Tibet, these are the two leads that I, as a Tibetan scholar, would investigate if I was trying to find evidence of Jewish peoples in Tibet. That said, while it's impossible to prove a negative, as of today, there's no obvious evidence for a long-term Jewish community that had an impact on Tibetan social or economic life. \n\nSources: \n\n* *The Tibetan Empire in Central Asia* by Christopher I. Beckwith\n\n* *Empires of the Silk Road* by *ibid.*\n\n* *Islamic Shangri-la* by David G. Atwill", "edited": false, "author_flair_css_class": "asia", "steward_reports": [], "is_submitter": false, "downs": 0, "author_flair_richtext": [{"e": "text", "t": "Tibet &amp; Bhutan | Vajrayana Buddhism"}], "author_patreon_flair": false, "body_html": "&lt;div class=\"md\"&gt;&lt;p&gt;It&amp;#39;s impossible to prove a negative, so I can&amp;#39;t say definitively that there have never been any Jews who lived long-term in Tibet. What I can say, however, is that &lt;em&gt;if&lt;/em&gt; a Jewish community existed in Tibet, documentary evidence is slim and obscure at best. We have records of Muslim and Sogdian communities in Tibet, and a lot of documentary evidence for the effects that these communities had in the history of the land and culture, but not so much for any Jewish communities. My pocket dictionary, while not an authoritative historical source, &lt;em&gt;does&lt;/em&gt; use the historical terms that I&amp;#39;m aware of for Buddhist, Christian, and Muslim (nang pa, ye shu, and kha che, respectively), but uses an English loan-word for &amp;quot;Jewish,&amp;quot; (ji&amp;#39;u). \\&lt;/p&gt;\n\n&lt;p&gt;The Tibetan term that would correspond to Buddhist (though this is under debate) is &amp;quot;nang pa,&amp;quot; literally &amp;quot;insider.&amp;quot; There&amp;#39;s debate because Bonpos who regard themselves as insiders, but not as followers of the Buddha Shakyamuni, would say that they &lt;em&gt;are&lt;/em&gt; nang pa (insiders), but not sangs rgyas pa (followers of the Buddha). To not be nang pa, would mean one would be phyi pa (outsiders). And this is the word reserved for foreigners. To be a nang pa is equivalent to what it means to be Tibetan, and to not be nang pa, even if one&amp;#39;s religion has roots older than Tibetan Buddhism, and be labeled a foreigner is clearly problematic. But not really here. &lt;/p&gt;\n\n&lt;p&gt;&lt;strong&gt;Muslims:&lt;/strong&gt; Anyway, the other terms are pretty simple. &amp;quot;Ye shu&amp;quot; comes from the word for &amp;quot;Jesus.&amp;quot; While &amp;quot;kha che&amp;quot; comes from the Tibetan translation for &amp;quot;Kashmir&amp;quot; which is where (from the Tibetan perspective) Islam was diffused into Tibet. Though the first Khache community was probably seeded into Tibet from Kashmir, later groups of Tibetan Muslims were ethnically and culturally Tibetan, owed political allegiance (largely) to the Dalai Lamas, and lived in Lhasa, while being known especially for their good business practices. The name, however, stuck. The Khache communities took root around 1642 after the Fifth Dalai Lama became the temporal ruler of Tibet and continued to be represented in Lhasa urban and civic life until modern times. Today the Hui community in Lhasa uses a rebuilt mosque that was originally constructed for use by the Khache communities. &lt;/p&gt;\n\n&lt;p&gt;&lt;strong&gt;The Sogdians:&lt;/strong&gt; The other avenue to explore, though far &lt;em&gt;far&lt;/em&gt; less certain would be the Sogdian community. And I mention him because he is a good historian, though his more recent work is questionable at best. Christopher I. Beckwith wrote a very detailed and important book on &lt;em&gt;The Tibetan Empire in Central Asia&lt;/em&gt;. Then more recently he wrote a book called &amp;quot;Empires of the Silk Road&amp;quot; which is much more of a general overview of the central Asian cultural complex and the trends that passed back and forth from one end to the other. Then the last fifty pages went into a really odd diatribe against modernism (it started both Nazism and Communism!) and postmodernism (it doesn&amp;#39;t make sense and anything means anything!). But in the middle of the text, Beckwith notices an odd issue regarding timing and essentially proposes that there was a conspiracy in the four major empires of the world in the mid-700s: in Karolingian Frankia, Ummayad Arabia, T&amp;#39;ang China, and Yarlung Tibet, massive, virtually simultaneous revolts took place with the (Beckwith alleges) aim to place compliant, or even ethnically Sogdian and religiously allied, regimes in place. The major results of this campaign were rather obvious: the An Lushan Rebellion in China (An was a common Sogdian surname, and it is used as evidence to prove that An Lushan himself was half Sogdian), and the Abbasid Revolt in the Arab Empire. Two comparatively smaller revolts occurred in Tibet (Sogdians again) and (Beckwith alleges) among the Jewish class in Frankia. &lt;/p&gt;\n\n&lt;p&gt;Ok, so before I go any further, I want to say that again, this is &lt;em&gt;entirely theoretical.&lt;/em&gt; As far as I know, no one else is proposing a continent-wide conspiracy between merchant classes to overthrow four empires and establish compliant regimes. &lt;em&gt;However,&lt;/em&gt; if I was going to research the history of Jewish interests in Tibet, I would start in these two areas. &lt;/p&gt;\n\n&lt;p&gt;That said, Beckwith&amp;#39;s theory would revolve around the idea of huge, expansive Silk Road businesses. Not a crazy idea in the slightest. We have evidence of Chinese silks winding up on Mediterranean markets, and Parisian silver building fountains in Karakorum. The Sogdians, and this is not theoretical, controlled the Silk Route from Xi&amp;#39;an to Constantinople and were friendly, rivallous, and certainly had their own self-interests. If they were all around Persia, the Middle East, and made it as far as Europe, they would have &lt;em&gt;doubtless&lt;/em&gt; come into contact with Jewish and Hebrew speaking and writing peoples. Just by virtue of geographic proximity, but also if we were looking at the economic and commercial behavior and interests of Jewish peoples in those eras. So if there was a Jewish community of any size in Tibet, researching the Sogdians and their interests in Tibet might be an interesting place to start. It would probably be as far back as any reliable records could be trusted (barring a Hebrew manuscript suddenly turning up in a cave in Ngari, Tibetan written language dates back to the 630s, so the Sogdians are about as far back as we can reliably trace documentary evidence of them in Tibet). &lt;/p&gt;\n\n&lt;p&gt;And of course, Tibetan Muslims - who have a much more modern history in Tibet, though there was contact between Tibetans and Muslims for centuries before a community of around 50 or so Khache were invited to settle in Lhasa, dating back to this theoretical continental conspiracy, when Tibetans allied with the Arabs to push back the T&amp;#39;ang Dynasty from Central Asia in the Battle of Talas River, itself being a major factor in triggering the An Lushan Rebellion - have been in contact with Jewish peoples for years. Tibetan Muslims, like their Sogdian neighbors, were renown for their commercial skills and were well traveled, often going on pilgrimage to Mecca (through the sea route out of Goa. Being well traveled in this part of the world, and of course learning Arabic and reading the Qur&amp;#39;an (in which there are mentions of Judaic peoples) Tibetans would have come into contact with Jews. &lt;/p&gt;\n\n&lt;p&gt;tl;dr: Though it&amp;#39;s not evidence of a long (or even short) term Jewish community in Tibet, these are the two leads that I, as a Tibetan scholar, would investigate if I was trying to find evidence of Jewish peoples in Tibet. That said, while it&amp;#39;s impossible to prove a negative, as of today, there&amp;#39;s no obvious evidence for a long-term Jewish community that had an impact on Tibetan social or economic life. &lt;/p&gt;\n\n&lt;p&gt;Sources: &lt;/p&gt;\n\n&lt;ul&gt;\n&lt;li&gt;&lt;p&gt;&lt;em&gt;The Tibetan Empire in Central Asia&lt;/em&gt; by Christopher I. Beckwith&lt;/p&gt;&lt;/li&gt;\n&lt;li&gt;&lt;p&gt;&lt;em&gt;Empires of the Silk Road&lt;/em&gt; by &lt;em&gt;ibid.&lt;/em&gt;&lt;/p&gt;&lt;/li&gt;\n&lt;li&gt;&lt;p&gt;&lt;em&gt;Islamic Shangri-la&lt;/em&gt; by David G. Atwill&lt;/p&gt;&lt;/li&gt;\n&lt;/ul&gt;\n&lt;/div&gt;", "gildings": {}, "collapsed_reason": null, "associated_award": null, "stickied": false, "subreddit_type": "public", "can_gild": true, "subreddit": "AskHistorians", "author_flair_text_color": "dark", "score_hidden": false, "permalink": "/r/AskHistorians/comments/cy9yp2/have_jews_lived_in_tibet_if_so_when_have_jews/eyt0cgm/", "num_reports": null, "locked": false, "name": "t1_eyt0cgm", "created": 1567447504.0, "author_flair_text": "Tibet &amp; Bhutan | Vajrayana Buddhism", "collapsed": false, "created_utc": 1567418704.0, "subreddit_name_prefixed": "r/AskHistorians", "controversiality": 0, "depth": 0, "author_flair_background_color": "#ffeeaa", "mod_reports": [], "mod_note": null, "distinguished": null}}], "after": null, "before": null}}]