[{"kind": "Listing", "data": {"modhash": "", "dist": 1, "children": [{"kind": "t3", "data": {"approved_at_utc": null, "subreddit": "AskHistorians", "selftext": "So my title is pretty straightforward, I\u2019m currently attempting to learn about Ostrogothic Italy. I only know of Thodoric  The Great and Odacer but I want to know about them.\n\nI\u2019m more of a visual learner for sure, but finding information online is scant at best. \n\nAny information you have, or any place you know of where I can get information would be super helpful.", "user_reports": [], "saved": false, "mod_reason_title": null, "gilded": 0, "clicked": false, "title": "Where can I find information about Ostrogothic Italy?", "link_flair_richtext": [], "subreddit_name_prefixed": "r/AskHistorians", "hidden": false, "pwls": 6, "link_flair_css_class": null, "downs": 0, "parent_whitelist_status": "all_ads", "hide_score": false, "name": "t3_cyd2hw", "quarantine": false, "link_flair_text_color": "dark", "upvote_ratio": 0.67, "author_flair_background_color": null, "subreddit_type": "public", "ups": 1, "total_awards_received": 0, "media_embed": {}, "author_flair_template_id": null, "is_original_content": false, "author_fullname": "t2_fsg9qqg", "secure_media": null, "is_reddit_media_domain": false, "is_meta": false, "category": null, "secure_media_embed": {}, "link_flair_text": null, "can_mod_post": false, "num_duplicates": 0, "approved_by": null, "thumbnail": "", "edited": false, "author_flair_css_class": null, "steward_reports": [], "author_flair_richtext": [], "gildings": {}, "content_categories": null, "is_self": true, "mod_note": null, "created": 1567388884.0, "link_flair_type": "text", "wls": 6, "banned_by": null, "author_flair_type": "text", "domain": "self.AskHistorians", "allow_live_comments": false, "selftext_html": "&lt;!-- SC_OFF --&gt;&lt;div class=\"md\"&gt;&lt;p&gt;So my title is pretty straightforward, I\u2019m currently attempting to learn about Ostrogothic Italy. I only know of Thodoric  The Great and Odacer but I want to know about them.&lt;/p&gt;\n\n&lt;p&gt;I\u2019m more of a visual learner for sure, but finding information online is scant at best. &lt;/p&gt;\n\n&lt;p&gt;Any information you have, or any place you know of where I can get information would be super helpful.&lt;/p&gt;\n&lt;/div&gt;&lt;!-- SC_ON --&gt;", "likes": null, "suggested_sort": null, "banned_at_utc": null, "view_count": null, "archived": false, "score": 1, "no_follow": true, "is_crosspostable": false, "pinned": false, "over_18": false, "all_awardings": [], "awarders": [], "media_only": false, "can_gild": false, "spoiler": false, "locked": false, "author_flair_text": null, "visited": false, "num_reports": null, "distinguished": null, "subreddit_id": "t5_2ssp3", "mod_reason_by": null, "removal_reason": null, "link_flair_background_color": "", "id": "cyd2hw", "is_robot_indexable": true, "report_reasons": null, "author": "Jevans7102", "discussion_type": null, "num_comments": 3, "send_replies": true, "media": null, "contest_mode": false, "author_patreon_flair": false, "author_flair_text_color": null, "permalink": "/r/AskHistorians/comments/cyd2hw/where_can_i_find_information_about_ostrogothic/", "whitelist_status": "all_ads", "stickied": false, "url": "https://www.reddit.com/r/AskHistorians/comments/cyd2hw/where_can_i_find_information_about_ostrogothic/", "subreddit_subscribers": 1029977, "created_utc": 1567360084.0, "num_crossposts": 0, "mod_reports": [], "is_video": false}}], "after": null, "before": null}}, {"kind": "Listing", "data": {"modhash": "", "dist": null, "children": [{"kind": "t1", "data": {"total_awards_received": 0, "approved_at_utc": null, "ups": 1, "awarders": [], "mod_reason_by": null, "banned_by": null, "author_flair_type": "richtext", "removal_reason": null, "link_id": "t3_cyd2hw", "author_flair_template_id": "9e641f94-c626-11e2-8e2c-12313b0b21ae", "likes": null, "replies": "", "user_reports": [], "saved": false, "id": "eyr3adh", "banned_at_utc": null, "mod_reason_title": null, "gilded": 0, "archived": false, "no_follow": true, "author": "AutoModerator", "can_mod_post": false, "send_replies": false, "parent_id": "t3_cyd2hw", "score": 1, "author_fullname": "t2_6l4z3", "report_reasons": null, "approved_by": null, "all_awardings": [], "subreddit_id": "t5_2ssp3", "body": "Welcome to /r/AskHistorians. **Please be sure to [Read Our Rules](https://www.reddit.com/r/AskHistorians/wiki/rules) before you contribute to this community**.  \n\nWe thank you for your interest in this *question*, and your patience in waiting for an in-depth and comprehensive answer to be written, which takes time. Please consider **[Clicking Here for RemindMeBot](https://www.reddit.com/message/compose/?to=RemindMeBot&amp;subject=Reminder&amp;message=%5Bhttps://www.reddit.com/r/AskHistorians/comments/cyd2hw/where_can_i_find_information_about_ostrogothic/%5D%0A%0ARemindMe!++2+days)**, or using [these alternatives](/r/AskHistorians/comments/8p0s9b/roundtable_21_be_kindremind_the_mod_approved/). In the meantime our [Twitter](https://twitter.com/askhistorians), [Facebook](https://www.facebook.com/askhistorians/), and [Sunday Digest](https://www.reddit.com/r/AskHistorians/search?q=title%3A%22Sunday+Digest%22&amp;restrict_sr=on&amp;sort=new&amp;t=all) feature excellent content that has already been written!\n\n[Please leave feedback on this test message here.](https://www.reddit.com/r/AskHistorians/comments/btz9o5/testing_testing_123_well_be_trying_out_an/)\n\n\n*I am a bot, and this action was performed automatically. Please [contact the moderators of this subreddit](/message/compose/?to=/r/AskHistorians) if you have any questions or concerns.*", "edited": false, "author_flair_css_class": "moderator", "steward_reports": [], "is_submitter": false, "downs": 0, "author_flair_richtext": [{"e": "text", "t": "History of Robotics"}], "author_patreon_flair": false, "body_html": "&lt;div class=\"md\"&gt;&lt;p&gt;Welcome to &lt;a href=\"/r/AskHistorians\"&gt;/r/AskHistorians&lt;/a&gt;. &lt;strong&gt;Please be sure to &lt;a href=\"https://www.reddit.com/r/AskHistorians/wiki/rules\"&gt;Read Our Rules&lt;/a&gt; before you contribute to this community&lt;/strong&gt;.  &lt;/p&gt;\n\n&lt;p&gt;We thank you for your interest in this &lt;em&gt;question&lt;/em&gt;, and your patience in waiting for an in-depth and comprehensive answer to be written, which takes time. Please consider &lt;strong&gt;&lt;a href=\"https://www.reddit.com/message/compose/?to=RemindMeBot&amp;amp;subject=Reminder&amp;amp;message=%5Bhttps://www.reddit.com/r/AskHistorians/comments/cyd2hw/where_can_i_find_information_about_ostrogothic/%5D%0A%0ARemindMe!++2+days\"&gt;Clicking Here for RemindMeBot&lt;/a&gt;&lt;/strong&gt;, or using &lt;a href=\"/r/AskHistorians/comments/8p0s9b/roundtable_21_be_kindremind_the_mod_approved/\"&gt;these alternatives&lt;/a&gt;. In the meantime our &lt;a href=\"https://twitter.com/askhistorians\"&gt;Twitter&lt;/a&gt;, &lt;a href=\"https://www.facebook.com/askhistorians/\"&gt;Facebook&lt;/a&gt;, and &lt;a href=\"https://www.reddit.com/r/AskHistorians/search?q=title%3A%22Sunday+Digest%22&amp;amp;restrict_sr=on&amp;amp;sort=new&amp;amp;t=all\"&gt;Sunday Digest&lt;/a&gt; feature excellent content that has already been written!&lt;/p&gt;\n\n&lt;p&gt;&lt;a href=\"https://www.reddit.com/r/AskHistorians/comments/btz9o5/testing_testing_123_well_be_trying_out_an/\"&gt;Please leave feedback on this test message here.&lt;/a&gt;&lt;/p&gt;\n\n&lt;p&gt;&lt;em&gt;I am a bot, and this action was performed automatically. Please &lt;a href=\"/message/compose/?to=/r/AskHistorians\"&gt;contact the moderators of this subreddit&lt;/a&gt; if you have any questions or concerns.&lt;/em&gt;&lt;/p&gt;\n&lt;/div&gt;", "gildings": {}, "collapsed_reason": null, "associated_award": null, "stickied": true, "subreddit_type": "public", "can_gild": true, "subreddit": "AskHistorians", "author_flair_text_color": "light", "score_hidden": true, "permalink": "/r/AskHistorians/comments/cyd2hw/where_can_i_find_information_about_ostrogothic/eyr3adh/", "num_reports": null, "locked": true, "name": "t1_eyr3adh", "created": 1567388884.0, "author_flair_text": "History of Robotics", "collapsed": false, "created_utc": 1567360084.0, "subreddit_name_prefixed": "r/AskHistorians", "controversiality": 0, "depth": 0, "author_flair_background_color": "#8b008b", "mod_reports": [], "mod_note": null, "distinguished": "moderator"}}, {"kind": "t1", "data": {"total_awards_received": 0, "approved_at_utc": null, "ups": 1, "awarders": [], "mod_reason_by": null, "banned_by": null, "author_flair_type": "richtext", "removal_reason": null, "link_id": "t3_cyd2hw", "author_flair_template_id": "f23fecf0-86f6-11e9-8e4c-0eb4ef72b816", "likes": null, "replies": {"kind": "Listing", "data": {"modhash": "", "dist": null, "children": [{"kind": "t1", "data": {"total_awards_received": 0, "approved_at_utc": null, "ups": 1, "awarders": [], "mod_reason_by": null, "banned_by": null, "author_flair_type": "text", "removal_reason": null, "link_id": "t3_cyd2hw", "author_flair_template_id": null, "likes": null, "replies": "", "user_reports": [], "saved": false, "id": "eys0inp", "banned_at_utc": null, "mod_reason_title": null, "gilded": 0, "archived": false, "no_follow": true, "author": "Jevans7102", "can_mod_post": false, "send_replies": true, "parent_id": "t1_eys0e43", "score": 1, "author_fullname": "t2_fsg9qqg", "report_reasons": null, "approved_by": null, "all_awardings": [], "subreddit_id": "t5_2ssp3", "body": "Thanks!", "edited": false, "author_flair_css_class": null, "steward_reports": [], "is_submitter": true, "downs": 0, "author_flair_richtext": [], "author_patreon_flair": false, "body_html": "&lt;div class=\"md\"&gt;&lt;p&gt;Thanks!&lt;/p&gt;\n&lt;/div&gt;", "gildings": {}, "collapsed_reason": null, "associated_award": null, "stickied": false, "subreddit_type": "public", "can_gild": true, "subreddit": "AskHistorians", "author_flair_text_color": null, "score_hidden": false, "permalink": "/r/AskHistorians/comments/cyd2hw/where_can_i_find_information_about_ostrogothic/eys0inp/", "num_reports": null, "locked": false, "name": "t1_eys0inp", "created": 1567412369.0, "author_flair_text": null, "collapsed": false, "created_utc": 1567383569.0, "subreddit_name_prefixed": "r/AskHistorians", "controversiality": 0, "depth": 1, "author_flair_background_color": null, "mod_reports": [], "mod_note": null, "distinguished": null}}], "after": null, "before": null}}, "user_reports": [], "saved": false, "id": "eys0e43", "banned_at_utc": null, "mod_reason_title": null, "gilded": 0, "archived": false, "no_follow": true, "author": "Libertat", "can_mod_post": false, "send_replies": true, "parent_id": "t3_cyd2hw", "score": 1, "author_fullname": "t2_2kqyax69", "report_reasons": null, "approved_by": null, "all_awardings": [], "subreddit_id": "t5_2ssp3", "body": "\\- *Early Medieval Europe*, by Roger Collins is a good textbook about the period, even if you might want to complete it with some precise studies. But I find it quite good to \"set the stage\"\n\n\\- *Late Roman Warlords*, by Penny McGeorge, contains a good assessment of the politics of Late Imperial Rome under patrices, and there's a bit about Odoacer (who is more in the continuity of Ricimer, although not managing to hold as much the old Italian state structures) and not a Goth (a minor point, but I'd stress some caution on that firmly dismissing the identification of Adovacrius as Odoacer)  \n\\- *People and Identity in Ostrogothic Italy, 489-554*, by Patrick Amaury  \n\\-*Theoderic and the Imperial Restoration*, by  Jonathan J. Arnold is a really good study on not just Theodoric and his policies, but the re-building of an Italian Roman state under Goths.", "edited": false, "author_flair_css_class": null, "steward_reports": [], "is_submitter": false, "downs": 0, "author_flair_richtext": [{"e": "text", "t": "Celtic, Roman and Frankish Gaul "}, {"a": ":bestof:", "u": "https://emoji.redditmedia.com/8z8jo4qrvd231_t5_2ssp3/bestof", "e": "emoji"}], "author_patreon_flair": false, "body_html": "&lt;div class=\"md\"&gt;&lt;p&gt;- &lt;em&gt;Early Medieval Europe&lt;/em&gt;, by Roger Collins is a good textbook about the period, even if you might want to complete it with some precise studies. But I find it quite good to &amp;quot;set the stage&amp;quot;&lt;/p&gt;\n\n&lt;p&gt;- &lt;em&gt;Late Roman Warlords&lt;/em&gt;, by Penny McGeorge, contains a good assessment of the politics of Late Imperial Rome under patrices, and there&amp;#39;s a bit about Odoacer (who is more in the continuity of Ricimer, although not managing to hold as much the old Italian state structures) and not a Goth (a minor point, but I&amp;#39;d stress some caution on that firmly dismissing the identification of Adovacrius as Odoacer)&lt;br/&gt;\n- &lt;em&gt;People and Identity in Ostrogothic Italy, 489-554&lt;/em&gt;, by Patrick Amaury&lt;br/&gt;\n-&lt;em&gt;Theoderic and the Imperial Restoration&lt;/em&gt;, by  Jonathan J. Arnold is a really good study on not just Theodoric and his policies, but the re-building of an Italian Roman state under Goths.&lt;/p&gt;\n&lt;/div&gt;", "gildings": {}, "collapsed_reason": null, "associated_award": null, "stickied": false, "subreddit_type": "public", "can_gild": true, "subreddit": "AskHistorians", "author_flair_text_color": "light", "score_hidden": false, "permalink": "/r/AskHistorians/comments/cyd2hw/where_can_i_find_information_about_ostrogothic/eys0e43/", "num_reports": null, "locked": false, "name": "t1_eys0e43", "created": 1567412264.0, "author_flair_text": "Celtic, Roman and Frankish Gaul :bestof:", "collapsed": false, "created_utc": 1567383464.0, "subreddit_name_prefixed": "r/AskHistorians", "controversiality": 0, "depth": 0, "author_flair_background_color": "#003399", "mod_reports": [], "mod_note": null, "distinguished": null}}], "after": null, "before": null}}]