[{"kind": "Listing", "data": {"modhash": "", "dist": 1, "children": [{"kind": "t3", "data": {"approved_at_utc": null, "subreddit": "AskHistorians", "selftext": "", "user_reports": [], "saved": false, "mod_reason_title": null, "gilded": 0, "clicked": false, "title": "Why are the mass rapes of german women by the russians after wwii are given more attention than the mass rapes of russian women by germans prior?", "link_flair_richtext": [], "subreddit_name_prefixed": "r/AskHistorians", "hidden": false, "pwls": 6, "link_flair_css_class": null, "downs": 0, "parent_whitelist_status": "all_ads", "hide_score": false, "name": "t3_6xibvq", "quarantine": false, "link_flair_text_color": "dark", "upvote_ratio": 0.77, "author_flair_background_color": null, "subreddit_type": "public", "ups": 59, "total_awards_received": 0, "media_embed": {}, "author_flair_template_id": null, "is_original_content": false, "author_fullname": "t2_ch8hpg9", "secure_media": null, "is_reddit_media_domain": false, "is_meta": false, "category": null, "secure_media_embed": {}, "link_flair_text": null, "can_mod_post": false, "num_duplicates": 0, "approved_by": null, "author_premium": false, "thumbnail": "", "edited": false, "author_flair_css_class": null, "author_flair_richtext": [], "gildings": {}, "content_categories": null, "is_self": true, "mod_note": null, "created": 1504337421.0, "link_flair_type": "text", "wls": 6, "removed_by_category": null, "banned_by": null, "author_flair_type": "text", "domain": "self.AskHistorians", "allow_live_comments": false, "selftext_html": null, "likes": null, "suggested_sort": null, "banned_at_utc": null, "view_count": null, "archived": true, "score": 59, "no_follow": false, "is_crosspostable": false, "pinned": false, "over_18": false, "all_awardings": [], "awarders": [], "media_only": false, "can_gild": false, "spoiler": false, "locked": false, "author_flair_text": null, "treatment_tags": [], "visited": false, "removed_by": null, "num_reports": null, "distinguished": null, "subreddit_id": "t5_2ssp3", "mod_reason_by": null, "removal_reason": null, "link_flair_background_color": "", "id": "6xibvq", "is_robot_indexable": true, "report_reasons": null, "author": "lm2000i", "discussion_type": null, "num_comments": 6, "send_replies": true, "media": null, "contest_mode": false, "author_patreon_flair": false, "author_flair_text_color": null, "permalink": "/r/AskHistorians/comments/6xibvq/why_are_the_mass_rapes_of_german_women_by_the/", "whitelist_status": "all_ads", "stickied": false, "url": "https://www.reddit.com/r/AskHistorians/comments/6xibvq/why_are_the_mass_rapes_of_german_women_by_the/", "subreddit_subscribers": 1160782, "created_utc": 1504308621.0, "num_crossposts": 0, "mod_reports": [], "is_video": false}}], "after": null, "before": null}}, {"kind": "Listing", "data": {"modhash": "", "dist": null, "children": [{"kind": "t1", "data": {"total_awards_received": 0, "approved_at_utc": null, "ups": 61, "awarders": [], "mod_reason_by": null, "banned_by": null, "author_flair_type": "text", "removal_reason": null, "link_id": "t3_6xibvq", "author_flair_template_id": null, "likes": null, "replies": {"kind": "Listing", "data": {"modhash": "", "dist": null, "children": [{"kind": "t1", "data": {"total_awards_received": 0, "approved_at_utc": null, "ups": 11, "awarders": [], "mod_reason_by": null, "banned_by": null, "author_flair_type": "richtext", "removal_reason": null, "link_id": "t3_6xibvq", "author_flair_template_id": "9e641f94-c626-11e2-8e2c-12313b0b21ae", "likes": null, "replies": "", "user_reports": [], "saved": false, "id": "dmgmcd1", "banned_at_utc": null, "mod_reason_title": null, "gilded": 0, "archived": true, "no_follow": false, "author": "Elm11", "can_mod_post": false, "send_replies": true, "parent_id": "t1_dmgk516", "score": 11, "author_fullname": "t2_82jlg", "report_reasons": null, "approved_by": null, "all_awardings": [], "subreddit_id": "t5_2ssp3", "collapsed": false, "body": "To add to what /u/LiterallyBismarck has written here, which is all quite true, there's the very important issue of perspective and authorship in the postwar era. /u/commiespaceinvader has discussed the formation and perpetuation of the Clean Wehrmacht myth [here](https://www.reddit.com/r/AskHistorians/comments/5799li/did_the_rommel_myth_and_clean_wehrmacht_myth_and/d8suoyk/) with far greater expertise than I could ever hope to, as well as discussing the wider context of rape in World War Two [here](https://www.reddit.com/r/AskHistorians/comments/5zo976/how_many_rapes_were_committed_total_in_world_war_2/). ", "edited": false, "author_flair_css_class": null, "is_submitter": false, "downs": 0, "author_flair_richtext": [{"e": "text", "t": "Moderator | Quality Contributor"}], "author_patreon_flair": false, "body_html": "&lt;div class=\"md\"&gt;&lt;p&gt;To add to what &lt;a href=\"/u/LiterallyBismarck\"&gt;/u/LiterallyBismarck&lt;/a&gt; has written here, which is all quite true, there&amp;#39;s the very important issue of perspective and authorship in the postwar era. &lt;a href=\"/u/commiespaceinvader\"&gt;/u/commiespaceinvader&lt;/a&gt; has discussed the formation and perpetuation of the Clean Wehrmacht myth &lt;a href=\"https://www.reddit.com/r/AskHistorians/comments/5799li/did_the_rommel_myth_and_clean_wehrmacht_myth_and/d8suoyk/\"&gt;here&lt;/a&gt; with far greater expertise than I could ever hope to, as well as discussing the wider context of rape in World War Two &lt;a href=\"https://www.reddit.com/r/AskHistorians/comments/5zo976/how_many_rapes_were_committed_total_in_world_war_2/\"&gt;here&lt;/a&gt;. &lt;/p&gt;\n&lt;/div&gt;", "gildings": {}, "collapsed_reason": null, "associated_award": null, "stickied": false, "author_premium": false, "subreddit_type": "public", "can_gild": true, "subreddit": "AskHistorians", "author_flair_text_color": "light", "score_hidden": false, "permalink": "/r/AskHistorians/comments/6xibvq/why_are_the_mass_rapes_of_german_women_by_the/dmgmcd1/", "num_reports": null, "locked": false, "name": "t1_dmgmcd1", "created": 1504369298.0, "author_flair_text": "Moderator | Quality Contributor", "treatment_tags": [], "created_utc": 1504340498.0, "subreddit_name_prefixed": "r/AskHistorians", "controversiality": 0, "depth": 1, "author_flair_background_color": "#993366", "collapsed_because_crowd_control": null, "mod_reports": [], "mod_note": null, "distinguished": null}}, {"kind": "t1", "data": {"total_awards_received": 0, "approved_at_utc": null, "ups": 7, "awarders": [], "mod_reason_by": null, "banned_by": null, "author_flair_type": "text", "removal_reason": null, "link_id": "t3_6xibvq", "author_flair_template_id": null, "likes": null, "replies": "", "user_reports": [], "saved": false, "id": "dmgtrjf", "banned_at_utc": null, "mod_reason_title": null, "gilded": 0, "archived": true, "no_follow": false, "author": "midnightrambulador", "can_mod_post": false, "send_replies": true, "parent_id": "t1_dmgk516", "score": 7, "author_fullname": "t2_euvuj", "report_reasons": null, "approved_by": null, "all_awardings": [], "subreddit_id": "t5_2ssp3", "collapsed": false, "body": "This is all from an American perspective though. I live in Europe, in a country (NL) that hated the Germans as vicious occupiers, and we also hear much more about Russian rapes of German women than vice versa. In fact, though stories of German atrocities are deep in our collective memory, rape is rarely mentioned or acknowledged as a significant part in those atrocities -- when you hear about rape in WWII it's always about the Japanese or the Russians. \n\nCan you shed any light on why German war rape is so little acknowledged *in Europe*, where other German atrocities are very much remembered?", "edited": false, "author_flair_css_class": null, "is_submitter": false, "downs": 0, "author_flair_richtext": [], "author_patreon_flair": false, "body_html": "&lt;div class=\"md\"&gt;&lt;p&gt;This is all from an American perspective though. I live in Europe, in a country (NL) that hated the Germans as vicious occupiers, and we also hear much more about Russian rapes of German women than vice versa. In fact, though stories of German atrocities are deep in our collective memory, rape is rarely mentioned or acknowledged as a significant part in those atrocities -- when you hear about rape in WWII it&amp;#39;s always about the Japanese or the Russians. &lt;/p&gt;\n\n&lt;p&gt;Can you shed any light on why German war rape is so little acknowledged &lt;em&gt;in Europe&lt;/em&gt;, where other German atrocities are very much remembered?&lt;/p&gt;\n&lt;/div&gt;", "gildings": {}, "collapsed_reason": null, "associated_award": null, "stickied": false, "author_premium": false, "subreddit_type": "public", "can_gild": true, "subreddit": "AskHistorians", "author_flair_text_color": null, "score_hidden": false, "permalink": "/r/AskHistorians/comments/6xibvq/why_are_the_mass_rapes_of_german_women_by_the/dmgtrjf/", "num_reports": null, "locked": false, "name": "t1_dmgtrjf", "created": 1504388998.0, "author_flair_text": null, "treatment_tags": [], "created_utc": 1504360198.0, "subreddit_name_prefixed": "r/AskHistorians", "controversiality": 0, "depth": 1, "author_flair_background_color": null, "collapsed_because_crowd_control": null, "mod_reports": [], "mod_note": null, "distinguished": null}}], "after": null, "before": null}}, "user_reports": [], "saved": false, "id": "dmgk516", "banned_at_utc": null, "mod_reason_title": null, "gilded": 0, "archived": true, "no_follow": false, "author": "LiterallyBismarck", "can_mod_post": false, "send_replies": true, "parent_id": "t3_6xibvq", "score": 61, "author_fullname": "t2_nudhe", "report_reasons": null, "approved_by": null, "all_awardings": [], "subreddit_id": "t5_2ssp3", "body": "Oh boy, I just read a book about this! *The Myth of the Eastern Front: The Nazi-Soviet War in American Popular Culture* does an excellent (and very readable) job of going into the creation of the \"myth of the clean Wehrmacht\". \n\nThe short version is that a horde of barbaric, Asiatic Russians raping innocent German women fit the post-WWII American narrative much better than a bunch of barbaric, white Germans raping innocent Russian women. At the end of WWII, the Russians very quickly became our enemies, while the (west) Germans transformed into our obedient client, and then eventually our fully fledged allies. Germany was and is culturally closer to America than Russia, and the average American found the Germans to be subservient and cooperative, especially compared to the Russians. As more and more Americans who had never fought the Germans were stationed in Germany, they formed a receptive audience for horror stories of Russian brutality, which fit into both the political tensions of the Cold War and the preexisting racist assumptions of the character of the Russian people as a barbaric, uncontrolled, and overall uncivilized. American soldiers and officers relied on the experiences of former Wehrmacht officers to inform their strategy for a hypothetical future fight against the Red Army, and this professional relationship proved another vector for the transmission of these ideas.\n\nBy contrast, there was little to no opportunity for fraternization with Soviet soldiers, much less Soviet civilians, which gave little opportunity for the transmission of stories of German atrocities. Americans were informed of the horrors of the Holocaust, of course, but it was difficult for Americans to associate those stories with their good friend Franz, who seemed like an all around decent guy. It became much easier to believe in a \"clean Wehrmacht\", that had apolitically and honorably fought whoever the Nazis had pointed them at, rather than the politically indoctrinated, enthusiastic and bloodthirsty force that had actually fought Hitler's wars. There were no such compunctions about portraying the Russians in the worst light possible, which has lead to the current state of affairs.", "edited": false, "downs": 0, "author_flair_css_class": null, "is_submitter": false, "collapsed": false, "author_flair_richtext": [], "author_patreon_flair": false, "body_html": "&lt;div class=\"md\"&gt;&lt;p&gt;Oh boy, I just read a book about this! &lt;em&gt;The Myth of the Eastern Front: The Nazi-Soviet War in American Popular Culture&lt;/em&gt; does an excellent (and very readable) job of going into the creation of the &amp;quot;myth of the clean Wehrmacht&amp;quot;. &lt;/p&gt;\n\n&lt;p&gt;The short version is that a horde of barbaric, Asiatic Russians raping innocent German women fit the post-WWII American narrative much better than a bunch of barbaric, white Germans raping innocent Russian women. At the end of WWII, the Russians very quickly became our enemies, while the (west) Germans transformed into our obedient client, and then eventually our fully fledged allies. Germany was and is culturally closer to America than Russia, and the average American found the Germans to be subservient and cooperative, especially compared to the Russians. As more and more Americans who had never fought the Germans were stationed in Germany, they formed a receptive audience for horror stories of Russian brutality, which fit into both the political tensions of the Cold War and the preexisting racist assumptions of the character of the Russian people as a barbaric, uncontrolled, and overall uncivilized. American soldiers and officers relied on the experiences of former Wehrmacht officers to inform their strategy for a hypothetical future fight against the Red Army, and this professional relationship proved another vector for the transmission of these ideas.&lt;/p&gt;\n\n&lt;p&gt;By contrast, there was little to no opportunity for fraternization with Soviet soldiers, much less Soviet civilians, which gave little opportunity for the transmission of stories of German atrocities. Americans were informed of the horrors of the Holocaust, of course, but it was difficult for Americans to associate those stories with their good friend Franz, who seemed like an all around decent guy. It became much easier to believe in a &amp;quot;clean Wehrmacht&amp;quot;, that had apolitically and honorably fought whoever the Nazis had pointed them at, rather than the politically indoctrinated, enthusiastic and bloodthirsty force that had actually fought Hitler&amp;#39;s wars. There were no such compunctions about portraying the Russians in the worst light possible, which has lead to the current state of affairs.&lt;/p&gt;\n&lt;/div&gt;", "gildings": {}, "collapsed_reason": null, "associated_award": null, "stickied": false, "author_premium": false, "subreddit_type": "public", "can_gild": true, "subreddit": "AskHistorians", "author_flair_text_color": null, "score_hidden": false, "permalink": "/r/AskHistorians/comments/6xibvq/why_are_the_mass_rapes_of_german_women_by_the/dmgk516/", "num_reports": null, "locked": false, "name": "t1_dmgk516", "created": 1504362914.0, "author_flair_text": null, "treatment_tags": [], "created_utc": 1504334114.0, "subreddit_name_prefixed": "r/AskHistorians", "controversiality": 0, "depth": 0, "author_flair_background_color": null, "collapsed_because_crowd_control": null, "mod_reports": [], "mod_note": null, "distinguished": null}}], "after": null, "before": null}}]