[{"kind": "Listing", "data": {"modhash": "", "dist": 1, "children": [{"kind": "t3", "data": {"approved_at_utc": null, "subreddit": "AskHistorians", "selftext": "", "user_reports": [], "saved": false, "mod_reason_title": null, "gilded": 0, "clicked": false, "title": "How was slavery in the Ottoman Empire different from slavery in North and South America?", "link_flair_richtext": [], "subreddit_name_prefixed": "r/AskHistorians", "hidden": false, "pwls": 6, "link_flair_css_class": null, "downs": 0, "top_awarded_type": null, "parent_whitelist_status": "all_ads", "hide_score": false, "name": "t3_ilgeha", "quarantine": false, "link_flair_text_color": "dark", "upvote_ratio": 0.93, "author_flair_background_color": null, "subreddit_type": "public", "ups": 11, "total_awards_received": 0, "media_embed": {}, "author_flair_template_id": null, "is_original_content": false, "author_fullname": "t2_9qb4v", "secure_media": null, "is_reddit_media_domain": false, "is_meta": false, "category": null, "secure_media_embed": {}, "link_flair_text": null, "can_mod_post": false, "score": 11, "approved_by": null, "author_premium": false, "thumbnail": "", "edited": false, "author_flair_css_class": null, "author_flair_richtext": [], "gildings": {}, "content_categories": null, "is_self": true, "mod_note": null, "created": 1599112127.0, "link_flair_type": "text", "wls": 6, "removed_by_category": null, "banned_by": null, "author_flair_type": "text", "domain": "self.AskHistorians", "allow_live_comments": false, "selftext_html": null, "likes": null, "suggested_sort": null, "banned_at_utc": null, "view_count": null, "archived": false, "no_follow": true, "is_crosspostable": false, "pinned": false, "over_18": false, "all_awardings": [], "awarders": [], "media_only": false, "can_gild": false, "spoiler": false, "locked": false, "author_flair_text": null, "treatment_tags": [], "visited": false, "removed_by": null, "num_reports": null, "distinguished": null, "subreddit_id": "t5_2ssp3", "mod_reason_by": null, "removal_reason": null, "link_flair_background_color": "", "id": "ilgeha", "is_robot_indexable": true, "num_duplicates": 1, "report_reasons": null, "author": "anonymous1967", "discussion_type": null, "num_comments": 4, "send_replies": true, "media": null, "contest_mode": false, "author_patreon_flair": false, "author_flair_text_color": null, "permalink": "/r/AskHistorians/comments/ilgeha/how_was_slavery_in_the_ottoman_empire_different/", "whitelist_status": "all_ads", "stickied": false, "url": "https://www.reddit.com/r/AskHistorians/comments/ilgeha/how_was_slavery_in_the_ottoman_empire_different/", "subreddit_subscribers": 1264334, "created_utc": 1599083327.0, "num_crossposts": 0, "mod_reports": [], "is_video": false}}], "after": null, "before": null}}, {"kind": "Listing", "data": {"modhash": "", "dist": null, "children": [{"kind": "t1", "data": {"total_awards_received": 0, "approved_at_utc": null, "comment_type": null, "awarders": [], "mod_reason_by": null, "banned_by": null, "ups": 1, "author_flair_type": "richtext", "removal_reason": null, "link_id": "t3_ilgeha", "author_flair_template_id": "9e641f94-c626-11e2-8e2c-12313b0b21ae", "likes": null, "replies": "", "user_reports": [], "saved": false, "id": "g3rwb7a", "banned_at_utc": null, "mod_reason_title": null, "gilded": 0, "archived": false, "no_follow": true, "author": "AutoModerator", "can_mod_post": false, "send_replies": false, "parent_id": "t3_ilgeha", "score": 1, "author_fullname": "t2_6l4z3", "report_reasons": null, "approved_by": null, "all_awardings": [], "subreddit_id": "t5_2ssp3", "body": "Welcome to /r/AskHistorians. **Please [Read Our Rules](https://www.reddit.com/r/AskHistorians/wiki/rules) before you comment in this community**. Understand that rule breaking comments get removed.\n\nPlease consider **[Clicking Here for RemindMeBot](https://www.reddit.com/message/compose/?to=RemindMeBot&amp;subject=Reminder&amp;message=%5Bhttps://www.reddit.com/r/AskHistorians/comments/ilgeha/how_was_slavery_in_the_ottoman_empire_different/%5D%0A%0ARemindMe!%202%20days)** as it takes time for an answer to be written. We thank you for your interest in this *question*, and your patience in waiting for an in-depth and comprehensive answer to show up. In addition to RemindMeBot, consider [using our Browser Extension](https://www.reddit.com/r/AskHistorians/comments/d6dzi7/tired_of_clicking_to_find_only_removed_comments/), or getting the [Weekly Roundup](https://www.reddit.com/message/compose?to=subredditsummarybot&amp;subject=askhistorians+weekly&amp;message=x). In the meantime our [Twitter](https://twitter.com/askhistorians), [Facebook](https://www.facebook.com/askhistorians/), and [Sunday Digest](https://www.reddit.com/r/AskHistorians/search?q=title%3A%22Sunday+Digest%22&amp;restrict_sr=on&amp;sort=new&amp;t=all) feature excellent content that has already been written!\n\n\n*I am a bot, and this action was performed automatically. Please [contact the moderators of this subreddit](/message/compose/?to=/r/AskHistorians) if you have any questions or concerns.*", "edited": false, "downs": 0, "author_flair_css_class": null, "is_submitter": false, "collapsed": false, "author_flair_richtext": [{"e": "text", "t": "History of Robotics"}], "author_patreon_flair": false, "body_html": "&lt;div class=\"md\"&gt;&lt;p&gt;Welcome to &lt;a href=\"/r/AskHistorians\"&gt;/r/AskHistorians&lt;/a&gt;. &lt;strong&gt;Please &lt;a href=\"https://www.reddit.com/r/AskHistorians/wiki/rules\"&gt;Read Our Rules&lt;/a&gt; before you comment in this community&lt;/strong&gt;. Understand that rule breaking comments get removed.&lt;/p&gt;\n\n&lt;p&gt;Please consider &lt;strong&gt;&lt;a href=\"https://www.reddit.com/message/compose/?to=RemindMeBot&amp;amp;subject=Reminder&amp;amp;message=%5Bhttps://www.reddit.com/r/AskHistorians/comments/ilgeha/how_was_slavery_in_the_ottoman_empire_different/%5D%0A%0ARemindMe!%202%20days\"&gt;Clicking Here for RemindMeBot&lt;/a&gt;&lt;/strong&gt; as it takes time for an answer to be written. We thank you for your interest in this &lt;em&gt;question&lt;/em&gt;, and your patience in waiting for an in-depth and comprehensive answer to show up. In addition to RemindMeBot, consider &lt;a href=\"https://www.reddit.com/r/AskHistorians/comments/d6dzi7/tired_of_clicking_to_find_only_removed_comments/\"&gt;using our Browser Extension&lt;/a&gt;, or getting the &lt;a href=\"https://www.reddit.com/message/compose?to=subredditsummarybot&amp;amp;subject=askhistorians+weekly&amp;amp;message=x\"&gt;Weekly Roundup&lt;/a&gt;. In the meantime our &lt;a href=\"https://twitter.com/askhistorians\"&gt;Twitter&lt;/a&gt;, &lt;a href=\"https://www.facebook.com/askhistorians/\"&gt;Facebook&lt;/a&gt;, and &lt;a href=\"https://www.reddit.com/r/AskHistorians/search?q=title%3A%22Sunday+Digest%22&amp;amp;restrict_sr=on&amp;amp;sort=new&amp;amp;t=all\"&gt;Sunday Digest&lt;/a&gt; feature excellent content that has already been written!&lt;/p&gt;\n\n&lt;p&gt;&lt;em&gt;I am a bot, and this action was performed automatically. Please &lt;a href=\"/message/compose/?to=/r/AskHistorians\"&gt;contact the moderators of this subreddit&lt;/a&gt; if you have any questions or concerns.&lt;/em&gt;&lt;/p&gt;\n&lt;/div&gt;", "gildings": {}, "collapsed_reason": null, "associated_award": null, "stickied": true, "author_premium": true, "subreddit_type": "public", "can_gild": true, "top_awarded_type": null, "author_flair_text_color": "light", "score_hidden": true, "permalink": "/r/AskHistorians/comments/ilgeha/how_was_slavery_in_the_ottoman_empire_different/g3rwb7a/", "num_reports": null, "locked": true, "name": "t1_g3rwb7a", "created": 1599112128.0, "subreddit": "AskHistorians", "author_flair_text": "History of Robotics", "treatment_tags": [], "created_utc": 1599083328.0, "subreddit_name_prefixed": "r/AskHistorians", "controversiality": 0, "depth": 0, "author_flair_background_color": "#993366", "collapsed_because_crowd_control": null, "mod_reports": [], "mod_note": null, "distinguished": "moderator"}}, {"kind": "t1", "data": {"total_awards_received": 0, "approved_at_utc": null, "comment_type": null, "awarders": [], "mod_reason_by": null, "banned_by": null, "ups": 26, "author_flair_type": "richtext", "removal_reason": null, "link_id": "t3_ilgeha", "author_flair_template_id": "9bc23f64-c626-11e2-a017-12313d18884c", "likes": null, "replies": {"kind": "Listing", "data": {"modhash": "", "dist": null, "children": [{"kind": "t1", "data": {"total_awards_received": 0, "approved_at_utc": null, "comment_type": null, "awarders": [], "mod_reason_by": null, "banned_by": null, "ups": 25, "author_flair_type": "richtext", "removal_reason": null, "link_id": "t3_ilgeha", "author_flair_template_id": "9bc23f64-c626-11e2-a017-12313d18884c", "likes": null, "replies": {"kind": "Listing", "data": {"modhash": "", "dist": null, "children": [{"kind": "t1", "data": {"total_awards_received": 0, "approved_at_utc": null, "comment_type": null, "awarders": [], "mod_reason_by": null, "banned_by": null, "ups": 27, "author_flair_type": "richtext", "removal_reason": null, "link_id": "t3_ilgeha", "author_flair_template_id": "9bc23f64-c626-11e2-a017-12313d18884c", "likes": null, "replies": "", "user_reports": [], "saved": false, "id": "g43md8m", "banned_at_utc": null, "mod_reason_title": null, "gilded": 0, "archived": false, "no_follow": true, "author": "Snipahar", "can_mod_post": false, "created_utc": 1599295416.0, "send_replies": true, "parent_id": "t1_g43mctz", "score": 27, "author_fullname": "t2_css29", "report_reasons": null, "approved_by": null, "all_awardings": [], "subreddit_id": "t5_2ssp3", "body": "**Ottoman Slaves: Treatment in Society**\n\nToledano proposes the follow criteria for roughly determining the treatment of slaves within the Ottoman Empire:\n\n&gt;\u201cthe tasks the enslaved performed \u2014 whether domestic, agricultural, menial, or kul/harem \u2022 the stratum of the slaver \u2014 whether a member of an urban elite, a rural notable, a smallhold cultivator, an artisan, or a merchant \u2022 location \u2014 whether in the core or a peripheral area \u2022 habitat \u2014 whether urban, village, or nomad \u2022 gender \u2014 whether male, female, or eunuch \u2022 ethnicity \u2014 whether African or not\u201d^(7)\n\nThis does a pretty good job of showing the complex slave-master relationship and the varying levels of treatment based on a slew of different factors. From this criteria, he concludes:\n\n&gt;Enslaved domestic workers in urban elite households were better treated than enslaved workers in other settings and predicaments. \u2022 The lower the stratum of the slaver and the farther from the core and the less densely populated the habitat, the greater the chances the enslaved had to receive bad treatment. \u2022 The lives of enslaved Africans and enslaved women were more often than not harder than the lives of enslaved whites and enslaved men.^(8)\n\nOne argument that I would make, however, is that it is hard to say that as you reach further and further into the periphery of Ottoman society that the treatment of slaves had to have worsened. Therefore, while I agree that the roles of slave did significantly change as you crossed from core to periphery, I would argue that this is all it was: a change. Quality of life is therefore hard to determine based on this idea.\n\nNonetheless, I find myself in general agreement with this overall premise, that Toledano has put forward.\n\nAs we're on the topic of the treatment of slaves, I should mention that Islamic law provides some rights to slaves. However, this was not always upheld and we actually have some court records in which slaves challenged their owners to be granted their rights. Here we can see that there were legal avenues for slaves to turn towards if they were mistreated. However, we also see that slave owners sometimes ignored these laws and limited the rights of their slaves. Undoubtedly, many of these injustices did not go to court.\n\nRegarding Islam, many male slaves were expected to convert. Female slaves, on the other hand, were not required to convert to Islam. This creates a discrepancy between males and females and what expectations are for them. Forced conversions are, of course, something that attempts to rob a person of their identity. However, converting would have also allowed the person to rise further in society.\n\nPeriodically, slaves were manumitted by their masters. This worked in one of three ways. The first was an immediate freeing of the slave whenever the slave owner felt was appropriate. The second was the freeing of a slave upon the master's death. The third was the freeing of a slave upon the completion of a set amount of work or number of years worked.\n\nIn Aleppo, for example, 259 manumissions are recorded in court documents between 1640 and 1670. 96% of these would have been the first type, the immediate release of the slave. We should be careful when looking at these numbers though. These numbers only look at manumissions that occurred in the courts. The freeing of a slave was generally not done through the courts. But, what we should take away from this is that 96% of slaves were immediately release. Thus, marking the other two forms as rather rare in Aleppo.\n\nMoving forward - or perhaps backwards - I think we should revisit the idea that Ottoman slavery was somehow more \"mild\" than Atlantic slavery. This is actually a rather contentious debate. But, I think, at the end of the day, we have to look at Ottoman slavery and recognize that while some people were able to thrive under it, countless people were kidnapped from their families, brought to a completely foreign land against their will, sold and bound to a person who had significant control over them, acted within a society in which they had limited rights, and were subject to labor, physical, and sexual abuse.\n\nTo call this \"more mild\" is to forget the humans behind these numbers.\n\n**Quick Comparison to Atlantic Slave Trade**\n\nThe Ottoman and the Atlantic systems of slavery are wildly different from one another, but I think it is still a worthy goal to compare these systems. For, in many ways, they actually did overlap. But, for as many ways in which they overlap, we have an equal or greater amount of ways in which they drastically varied. And even with overlaps, there are still significant caveats to each point. For example, we may say that both Atlantic and Ottoman slavery placed slaves in a position of limited power. However, we may look at the success of some *kul*/harem slaves and note that they, in many cases, had much more power than their Atlantic counterparts. Finally, each system had unique elements that drastically differentiated it from its counterpart.\n\n**Further Reading**\n\nIf you've found this topic interesting, I would recommend reading the following:\n\n* Canbakal and Filiztekin's Slavery and Decline of Slave-Ownership in Ottoman Bursa 1460\u20131880\n* Faroqhi and Inalcik's *Ransom Slavery Along the Ottoman Borders*\n* Fleet's European and Islamic Trade in the Early Ottoman State : The Merchants of Genoa and Turkey\n* Frank's *The Children of the Desert and the Laws of the Sea:Austria, Great Britain, the Ottoman Empire, and the Mediterranean Slave Trade in the Nineteenth Century*\n* Montana's *The Abolition of Slavery in Ottoman Tunisia*\n* Powell's *Tell This in My Memory : Stories of Enslavement from Egypt, Sudan, and the Ottoman Empire*\n* Toledano's *As If Silent and Absent : Bonds of Enslavement in the Islamic Middle East*\n* Toledano's *Slavery and Abolition in the Ottoman Middle East*\n* Wilkins' Slavery and Household Formation in Ottoman Aleppo, 1640-1700\n\n**Bibliography**\n\n^(1) *European and Islamic Trade in the Early Ottoman State : The Merchants of Genoa and Turkey*. (Fleet) See page 46.\n\n^(2) *Slavery and Decline of Slave-Ownership in Ottoman Bursa 1460\u20131880* (Canbakal and Filiztekin) See page 63, table 2A.\n\n^(3) *Slavery and Household Formation in Ottoman Aleppo, 1640-1700* (Wilkins) See page 354, table 1.\n\n^(4) *Slavery and Decline of Slave-Ownership in Ottoman Bursa 1460\u20131880* (Canbakal and Filiztekin) See page 67, table 5.\n\n^(5) *Slavery and Household Formation in Ottoman Aleppo, 1640-1700* (Wilkins) See page 357, table 2.\n\n^(6) *As If Silent and Absent : Bonds of Enslavement in the Islamic Middle East* (Toledano) See page 13.\n\n^(7) *As If Silent and Absent : Bonds of Enslavement in the Islamic Middle East* (Toledano) See page 14.\n\n^(8) *As If Silent and Absent : Bonds of Enslavement in the Islamic Middle East* (Toledano) See page 15.", "edited": 1599499146.0, "author_flair_css_class": null, "is_submitter": false, "downs": 0, "author_flair_richtext": [{"e": "text", "t": "Early Modern Ottoman Empire "}, {"a": ":bestof:", "u": "https://emoji.redditmedia.com/8z8jo4qrvd231_t5_2ssp3/bestof", "e": "emoji"}], "author_patreon_flair": false, "body_html": "&lt;div class=\"md\"&gt;&lt;p&gt;&lt;strong&gt;Ottoman Slaves: Treatment in Society&lt;/strong&gt;&lt;/p&gt;\n\n&lt;p&gt;Toledano proposes the follow criteria for roughly determining the treatment of slaves within the Ottoman Empire:&lt;/p&gt;\n\n&lt;blockquote&gt;\n&lt;p&gt;\u201cthe tasks the enslaved performed \u2014 whether domestic, agricultural, menial, or kul/harem \u2022 the stratum of the slaver \u2014 whether a member of an urban elite, a rural notable, a smallhold cultivator, an artisan, or a merchant \u2022 location \u2014 whether in the core or a peripheral area \u2022 habitat \u2014 whether urban, village, or nomad \u2022 gender \u2014 whether male, female, or eunuch \u2022 ethnicity \u2014 whether African or not\u201d&lt;sup&gt;7&lt;/sup&gt;&lt;/p&gt;\n&lt;/blockquote&gt;\n\n&lt;p&gt;This does a pretty good job of showing the complex slave-master relationship and the varying levels of treatment based on a slew of different factors. From this criteria, he concludes:&lt;/p&gt;\n\n&lt;blockquote&gt;\n&lt;p&gt;Enslaved domestic workers in urban elite households were better treated than enslaved workers in other settings and predicaments. \u2022 The lower the stratum of the slaver and the farther from the core and the less densely populated the habitat, the greater the chances the enslaved had to receive bad treatment. \u2022 The lives of enslaved Africans and enslaved women were more often than not harder than the lives of enslaved whites and enslaved men.&lt;sup&gt;8&lt;/sup&gt;&lt;/p&gt;\n&lt;/blockquote&gt;\n\n&lt;p&gt;One argument that I would make, however, is that it is hard to say that as you reach further and further into the periphery of Ottoman society that the treatment of slaves had to have worsened. Therefore, while I agree that the roles of slave did significantly change as you crossed from core to periphery, I would argue that this is all it was: a change. Quality of life is therefore hard to determine based on this idea.&lt;/p&gt;\n\n&lt;p&gt;Nonetheless, I find myself in general agreement with this overall premise, that Toledano has put forward.&lt;/p&gt;\n\n&lt;p&gt;As we&amp;#39;re on the topic of the treatment of slaves, I should mention that Islamic law provides some rights to slaves. However, this was not always upheld and we actually have some court records in which slaves challenged their owners to be granted their rights. Here we can see that there were legal avenues for slaves to turn towards if they were mistreated. However, we also see that slave owners sometimes ignored these laws and limited the rights of their slaves. Undoubtedly, many of these injustices did not go to court.&lt;/p&gt;\n\n&lt;p&gt;Regarding Islam, many male slaves were expected to convert. Female slaves, on the other hand, were not required to convert to Islam. This creates a discrepancy between males and females and what expectations are for them. Forced conversions are, of course, something that attempts to rob a person of their identity. However, converting would have also allowed the person to rise further in society.&lt;/p&gt;\n\n&lt;p&gt;Periodically, slaves were manumitted by their masters. This worked in one of three ways. The first was an immediate freeing of the slave whenever the slave owner felt was appropriate. The second was the freeing of a slave upon the master&amp;#39;s death. The third was the freeing of a slave upon the completion of a set amount of work or number of years worked.&lt;/p&gt;\n\n&lt;p&gt;In Aleppo, for example, 259 manumissions are recorded in court documents between 1640 and 1670. 96% of these would have been the first type, the immediate release of the slave. We should be careful when looking at these numbers though. These numbers only look at manumissions that occurred in the courts. The freeing of a slave was generally not done through the courts. But, what we should take away from this is that 96% of slaves were immediately release. Thus, marking the other two forms as rather rare in Aleppo.&lt;/p&gt;\n\n&lt;p&gt;Moving forward - or perhaps backwards - I think we should revisit the idea that Ottoman slavery was somehow more &amp;quot;mild&amp;quot; than Atlantic slavery. This is actually a rather contentious debate. But, I think, at the end of the day, we have to look at Ottoman slavery and recognize that while some people were able to thrive under it, countless people were kidnapped from their families, brought to a completely foreign land against their will, sold and bound to a person who had significant control over them, acted within a society in which they had limited rights, and were subject to labor, physical, and sexual abuse.&lt;/p&gt;\n\n&lt;p&gt;To call this &amp;quot;more mild&amp;quot; is to forget the humans behind these numbers.&lt;/p&gt;\n\n&lt;p&gt;&lt;strong&gt;Quick Comparison to Atlantic Slave Trade&lt;/strong&gt;&lt;/p&gt;\n\n&lt;p&gt;The Ottoman and the Atlantic systems of slavery are wildly different from one another, but I think it is still a worthy goal to compare these systems. For, in many ways, they actually did overlap. But, for as many ways in which they overlap, we have an equal or greater amount of ways in which they drastically varied. And even with overlaps, there are still significant caveats to each point. For example, we may say that both Atlantic and Ottoman slavery placed slaves in a position of limited power. However, we may look at the success of some &lt;em&gt;kul&lt;/em&gt;/harem slaves and note that they, in many cases, had much more power than their Atlantic counterparts. Finally, each system had unique elements that drastically differentiated it from its counterpart.&lt;/p&gt;\n\n&lt;p&gt;&lt;strong&gt;Further Reading&lt;/strong&gt;&lt;/p&gt;\n\n&lt;p&gt;If you&amp;#39;ve found this topic interesting, I would recommend reading the following:&lt;/p&gt;\n\n&lt;ul&gt;\n&lt;li&gt;Canbakal and Filiztekin&amp;#39;s Slavery and Decline of Slave-Ownership in Ottoman Bursa 1460\u20131880&lt;/li&gt;\n&lt;li&gt;Faroqhi and Inalcik&amp;#39;s &lt;em&gt;Ransom Slavery Along the Ottoman Borders&lt;/em&gt;&lt;/li&gt;\n&lt;li&gt;Fleet&amp;#39;s European and Islamic Trade in the Early Ottoman State : The Merchants of Genoa and Turkey&lt;/li&gt;\n&lt;li&gt;Frank&amp;#39;s &lt;em&gt;The Children of the Desert and the Laws of the Sea:Austria, Great Britain, the Ottoman Empire, and the Mediterranean Slave Trade in the Nineteenth Century&lt;/em&gt;&lt;/li&gt;\n&lt;li&gt;Montana&amp;#39;s &lt;em&gt;The Abolition of Slavery in Ottoman Tunisia&lt;/em&gt;&lt;/li&gt;\n&lt;li&gt;Powell&amp;#39;s &lt;em&gt;Tell This in My Memory : Stories of Enslavement from Egypt, Sudan, and the Ottoman Empire&lt;/em&gt;&lt;/li&gt;\n&lt;li&gt;Toledano&amp;#39;s &lt;em&gt;As If Silent and Absent : Bonds of Enslavement in the Islamic Middle East&lt;/em&gt;&lt;/li&gt;\n&lt;li&gt;Toledano&amp;#39;s &lt;em&gt;Slavery and Abolition in the Ottoman Middle East&lt;/em&gt;&lt;/li&gt;\n&lt;li&gt;Wilkins&amp;#39; Slavery and Household Formation in Ottoman Aleppo, 1640-1700&lt;/li&gt;\n&lt;/ul&gt;\n\n&lt;p&gt;&lt;strong&gt;Bibliography&lt;/strong&gt;&lt;/p&gt;\n\n&lt;p&gt;&lt;sup&gt;1&lt;/sup&gt; &lt;em&gt;European and Islamic Trade in the Early Ottoman State : The Merchants of Genoa and Turkey&lt;/em&gt;. (Fleet) See page 46.&lt;/p&gt;\n\n&lt;p&gt;&lt;sup&gt;2&lt;/sup&gt; &lt;em&gt;Slavery and Decline of Slave-Ownership in Ottoman Bursa 1460\u20131880&lt;/em&gt; (Canbakal and Filiztekin) See page 63, table 2A.&lt;/p&gt;\n\n&lt;p&gt;&lt;sup&gt;3&lt;/sup&gt; &lt;em&gt;Slavery and Household Formation in Ottoman Aleppo, 1640-1700&lt;/em&gt; (Wilkins) See page 354, table 1.&lt;/p&gt;\n\n&lt;p&gt;&lt;sup&gt;4&lt;/sup&gt; &lt;em&gt;Slavery and Decline of Slave-Ownership in Ottoman Bursa 1460\u20131880&lt;/em&gt; (Canbakal and Filiztekin) See page 67, table 5.&lt;/p&gt;\n\n&lt;p&gt;&lt;sup&gt;5&lt;/sup&gt; &lt;em&gt;Slavery and Household Formation in Ottoman Aleppo, 1640-1700&lt;/em&gt; (Wilkins) See page 357, table 2.&lt;/p&gt;\n\n&lt;p&gt;&lt;sup&gt;6&lt;/sup&gt; &lt;em&gt;As If Silent and Absent : Bonds of Enslavement in the Islamic Middle East&lt;/em&gt; (Toledano) See page 13.&lt;/p&gt;\n\n&lt;p&gt;&lt;sup&gt;7&lt;/sup&gt; &lt;em&gt;As If Silent and Absent : Bonds of Enslavement in the Islamic Middle East&lt;/em&gt; (Toledano) See page 14.&lt;/p&gt;\n\n&lt;p&gt;&lt;sup&gt;8&lt;/sup&gt; &lt;em&gt;As If Silent and Absent : Bonds of Enslavement in the Islamic Middle East&lt;/em&gt; (Toledano) See page 15.&lt;/p&gt;\n&lt;/div&gt;", "gildings": {}, "collapsed_reason": null, "associated_award": null, "stickied": false, "author_premium": false, "subreddit_type": "public", "can_gild": true, "top_awarded_type": null, "author_flair_text_color": "dark", "score_hidden": false, "permalink": "/r/AskHistorians/comments/ilgeha/how_was_slavery_in_the_ottoman_empire_different/g43md8m/", "num_reports": null, "locked": false, "name": "t1_g43md8m", "created": 1599324216.0, "subreddit": "AskHistorians", "author_flair_text": "Early Modern Ottoman Empire :bestof:", "treatment_tags": [], "collapsed": false, "subreddit_name_prefixed": "r/AskHistorians", "controversiality": 0, "depth": 2, "author_flair_background_color": "#99cc99", "collapsed_because_crowd_control": null, "mod_reports": [], "mod_note": null, "distinguished": null}}], "after": null, "before": null}}, "user_reports": [], "saved": false, "id": "g43mctz", "banned_at_utc": null, "mod_reason_title": null, "gilded": 0, "archived": false, "no_follow": true, "author": "Snipahar", "can_mod_post": false, "send_replies": true, "parent_id": "t1_g43mc66", "score": 25, "author_fullname": "t2_css29", "report_reasons": null, "approved_by": null, "all_awardings": [], "subreddit_id": "t5_2ssp3", "collapsed": false, "body": "**Concubines, Soldiers, and Laborers: The Many Roles of Ottoman Slaves**\n\nSlaves had a myriad of roles within Ottoman society. This is actually where it gets rather complicated and diverges significantly from the Atlantic slave trade.\n\nIn Bursa, most slaves would be in the urban centers performing a variety of domestic and commercial jobs. Canbakal and Filiztekin note several occupations that the majority of slaves would be involved in: general shops; textile shops; tool production, including agricultural and textile tools; land; livestock; commercial textile stock; commercial agricultural stock. By far, most slaves would be involved in the textile industry.^(4)\n\nAkin to Bursa, in Aleppo, most slaves would be involved in urban occupations. Primarily, slaves found themselves under military-administrative officials, who both participated in managing the Ottoman army and participated in the civil bureaucracy. Under these officials, some slaves would have worked in civil offices, while others would have augmented the army. A sizeable number of slaves would have also found themselves under wealthy merchants as commercial agents for a household. The third largest group would have been domestic servants under Muslim women.^(5)\n\nBesides private ownership, there was also a variety of state slaves, who were bonded to the Ottoman government. These would have been the *kul,* military administrative slaves; and the janissaries, slave soldiers. In both cases, these would have been young, Christian boys, often taken from the Balkans, who were then raised in Ottoman society. They would have learned Turkish, converted to Islam, and worked for the Ottoman government as they grew older. Here, many *kul* and janissaries actually became rather economically successful.\n\nIn the popular imagination of Ottoman slavery somehow being more \"mild\" than Atlantic slavery, the harem slaves are often pointed to as evidence of this \"mildness.\" However, this neglects to mention the traumatizing enslavement of the woman, the societal slave status of the woman, and the sexual abuse or sexual slavery that the woman must endure.\n\nNonetheless, concubines of the master could sometimes achieve some societal status. If they were to bear a son for the master, the woman would have the *umm al-walad* (\"mother of the child\u201d) status. Upon the realization of the pregnancy, the woman could no longer be sold and the child would become a free Muslim upon birth. In some cases, the concubine was manumitted by the master upon learning of the pregnancy and the now-freed slave and former master would wed. This allowed for some societal advancement for female slaves.\n\nWhile most slaves would have been urban, domestic workers, this is not to imply that agricultural slaves did not exist. We know that by 1620 in Bursa, a majority of slaves would be in rural areas. Domestic work could still be done here, but there is little doubt that slaves would have participated in agriculture. Additionally, we have evidence of slaves growing cotton in Ottoman Egypt to meet European demands during the American Civil War.^(6)\n\nFrom this discussion, we can see that slaves had a multitude of different roles within Ottoman society and that these roles often had an imbalance of power and agency when compared to one another. Many historians currently draw a line between *kul*/harem slaves and the rest of the slave strata during the Ottoman Empire, because of the severe imbalance in supposed quality of life and rights.", "edited": 1599295707.0, "author_flair_css_class": null, "is_submitter": false, "downs": 0, "author_flair_richtext": [{"e": "text", "t": "Early Modern Ottoman Empire "}, {"a": ":bestof:", "u": "https://emoji.redditmedia.com/8z8jo4qrvd231_t5_2ssp3/bestof", "e": "emoji"}], "author_patreon_flair": false, "body_html": "&lt;div class=\"md\"&gt;&lt;p&gt;&lt;strong&gt;Concubines, Soldiers, and Laborers: The Many Roles of Ottoman Slaves&lt;/strong&gt;&lt;/p&gt;\n\n&lt;p&gt;Slaves had a myriad of roles within Ottoman society. This is actually where it gets rather complicated and diverges significantly from the Atlantic slave trade.&lt;/p&gt;\n\n&lt;p&gt;In Bursa, most slaves would be in the urban centers performing a variety of domestic and commercial jobs. Canbakal and Filiztekin note several occupations that the majority of slaves would be involved in: general shops; textile shops; tool production, including agricultural and textile tools; land; livestock; commercial textile stock; commercial agricultural stock. By far, most slaves would be involved in the textile industry.&lt;sup&gt;4&lt;/sup&gt;&lt;/p&gt;\n\n&lt;p&gt;Akin to Bursa, in Aleppo, most slaves would be involved in urban occupations. Primarily, slaves found themselves under military-administrative officials, who both participated in managing the Ottoman army and participated in the civil bureaucracy. Under these officials, some slaves would have worked in civil offices, while others would have augmented the army. A sizeable number of slaves would have also found themselves under wealthy merchants as commercial agents for a household. The third largest group would have been domestic servants under Muslim women.&lt;sup&gt;5&lt;/sup&gt;&lt;/p&gt;\n\n&lt;p&gt;Besides private ownership, there was also a variety of state slaves, who were bonded to the Ottoman government. These would have been the &lt;em&gt;kul,&lt;/em&gt; military administrative slaves; and the janissaries, slave soldiers. In both cases, these would have been young, Christian boys, often taken from the Balkans, who were then raised in Ottoman society. They would have learned Turkish, converted to Islam, and worked for the Ottoman government as they grew older. Here, many &lt;em&gt;kul&lt;/em&gt; and janissaries actually became rather economically successful.&lt;/p&gt;\n\n&lt;p&gt;In the popular imagination of Ottoman slavery somehow being more &amp;quot;mild&amp;quot; than Atlantic slavery, the harem slaves are often pointed to as evidence of this &amp;quot;mildness.&amp;quot; However, this neglects to mention the traumatizing enslavement of the woman, the societal slave status of the woman, and the sexual abuse or sexual slavery that the woman must endure.&lt;/p&gt;\n\n&lt;p&gt;Nonetheless, concubines of the master could sometimes achieve some societal status. If they were to bear a son for the master, the woman would have the &lt;em&gt;umm al-walad&lt;/em&gt; (&amp;quot;mother of the child\u201d) status. Upon the realization of the pregnancy, the woman could no longer be sold and the child would become a free Muslim upon birth. In some cases, the concubine was manumitted by the master upon learning of the pregnancy and the now-freed slave and former master would wed. This allowed for some societal advancement for female slaves.&lt;/p&gt;\n\n&lt;p&gt;While most slaves would have been urban, domestic workers, this is not to imply that agricultural slaves did not exist. We know that by 1620 in Bursa, a majority of slaves would be in rural areas. Domestic work could still be done here, but there is little doubt that slaves would have participated in agriculture. Additionally, we have evidence of slaves growing cotton in Ottoman Egypt to meet European demands during the American Civil War.&lt;sup&gt;6&lt;/sup&gt;&lt;/p&gt;\n\n&lt;p&gt;From this discussion, we can see that slaves had a multitude of different roles within Ottoman society and that these roles often had an imbalance of power and agency when compared to one another. Many historians currently draw a line between &lt;em&gt;kul&lt;/em&gt;/harem slaves and the rest of the slave strata during the Ottoman Empire, because of the severe imbalance in supposed quality of life and rights.&lt;/p&gt;\n&lt;/div&gt;", "gildings": {}, "collapsed_reason": null, "associated_award": null, "stickied": false, "author_premium": false, "subreddit_type": "public", "can_gild": true, "top_awarded_type": null, "author_flair_text_color": "dark", "score_hidden": false, "permalink": "/r/AskHistorians/comments/ilgeha/how_was_slavery_in_the_ottoman_empire_different/g43mctz/", "num_reports": null, "locked": false, "name": "t1_g43mctz", "created": 1599324203.0, "subreddit": "AskHistorians", "author_flair_text": "Early Modern Ottoman Empire :bestof:", "treatment_tags": [], "created_utc": 1599295403.0, "subreddit_name_prefixed": "r/AskHistorians", "controversiality": 0, "depth": 1, "author_flair_background_color": "#99cc99", "collapsed_because_crowd_control": null, "mod_reports": [], "mod_note": null, "distinguished": null}}], "after": null, "before": null}}, "user_reports": [], "saved": false, "id": "g43mc66", "banned_at_utc": null, "mod_reason_title": null, "gilded": 0, "archived": false, "no_follow": true, "author": "Snipahar", "can_mod_post": false, "send_replies": true, "parent_id": "t3_ilgeha", "score": 26, "author_fullname": "t2_css29", "report_reasons": null, "approved_by": null, "all_awardings": [], "subreddit_id": "t5_2ssp3", "body": "**Introduction**\n\nSlavery in the Ottoman Empire is an incredibly complex subject that both heavily overlaps and diverges from our notions of slavery in the Americas. While the rhetoric of this historical inquiry often argues that slavery in the Ottoman Empire was more \"mild\" than the Americas, this line of reasoning does little justice to the countless people who were brutally enslaved, sexual abused, and forced to work. More recent inquiry, such as that by Toledano, have challenged this idea that slavery in the Middle East during this time period was less problematic than the extensive Atlantic slave trade.\n\n**Roadmap**\n\nIn this answer, I'm going to explore three points:\n\n* What did the slave trade look like in the Ottoman Empire?\n* What roles did slaves perform in Ottoman society?\n* How were slaves treated and viewed by society?\n\nBy the end of this answer, you will have a foundational understanding of slavery in the Ottoman Empire.\n\n*(As I'm much more of an Ottoman historian, you'll have to forgive me for dwelling on slavery in the Ottoman Empire far more than slavery in the Americas. However, I think you will still find this answer enlightening and you will begin to see many differences and similarities between these two forms of slavery.)*\n\n**Enslaving: Warring, Raiding, and Trading**\n\nStarting in the early 14th and 15th centuries with the rapid expansion of the Ottomans into the Balkans and Greece, thousands of Orthodox Christian peoples were enslaved. The nature of Ottoman warring and raiding in the Balkans and Greece enriched the treasury through trading slaves with Christian states, including: Genoa, Venice, the Knights of Malta, Cyprus, and more.\n\nWe have archival evidence of this early Ottoman slave trade. Fleet details the prices of slaves sold in these markets spotted throughout the Balkans, Greece, and Anatolia. She posits that by 1438, the slave market had become saturated from a massive, continuous influx of slaves brought to the market by the Ottomans.^(1)\n\nOf course, not all slaves were sold to foreign Christians. Many slaves found their way forcefully led to the interior of the Ottoman Empire. For example, according to the archival research of Canbakal and Filiztekin, between 1460 and 1480, 18.4% of free people owned slaves in Bursa.^(2) This would have accounted for around 180 slaves split between about 90 slave owners. Almost all of these slaves would have been urban or domestic workers.\n\nAs for ownership, from the same source, we see that slaves were predominantly owned by the richest of society. However, there was a strong middle-class presence in slave-ownership until the 1700s.\n\nThe way in which the Ottoman Empire obtained slaves would change with the stagnation of Ottoman expansion into Europe during the 17th century. Here is where we begin to see a larger emphasis on trading for slaves. Much of this would have been conducted through East Africa, the Caucuses, and around the Black Sea.\n\nOne such source is looked at by Wilkins in his analysis of slaves in Aleppo between 1640 and 1700. Wilkins shows that the slave population composed of Georgians and Russians, who both formed about 1/3 of the total population. The remaining third was formed from a variety of East African peoples, Hungarians, Poles, and more.^(3)\n\nRaids into the fractured and contentious middle-ground between the Ottoman and Safavid Empires would have resulted in a number of Georgian slaves. Likewise, Russians, Hungarians, and Poles were frequently kidnapped through widespread raiding situated around the Black Sea by the Crimean Tatars. These slaves would then be traded into the Ottoman Empire. East African slaves would have been worked through the already established slave trade in the region to Ottoman Cairo and beyond.\n\nMeanwhile, back in Bursa, the African slave population had only begun to see a significant increase by the 1600s. Before this, slaves in Bursa were predominately Europeans centered around the Black Sea. However, numerical accounts are limited until the early 1700s on African slaves in this region. And unfortunately, even though we know that African slaves would have been in Bursa from 1500 and increased by the 1700s, we have few records that denote ethnic origins of slaves in this region.\n\nRegarding the relative cost of slaves, Caucasian - especially Circassian - white women were often the most highly sought after. The price for white slaves, in general, was two to three times higher than their African counterparts. White, female slaves would have been 10%-20% more expensive than white men. Other white peoples and Ethiopians were also sought after. The cheapest slaves would have been other African peoples.\n\nFrom this discussion, we can see that slaves came from a wide variety of ethnic backgrounds and were enslaved in many different regions of Europe, Asia, and Africa. Ottoman sources for slavery changed over the history of the empire. Originally, slaves were primarily gathered through warring and raiding. However, by the 1600s, this had primarily changed to trading and, to a lesser extent, raiding.", "edited": false, "downs": 0, "author_flair_css_class": null, "is_submitter": false, "collapsed": false, "author_flair_richtext": [{"e": "text", "t": "Early Modern Ottoman Empire "}, {"a": ":bestof:", "u": "https://emoji.redditmedia.com/8z8jo4qrvd231_t5_2ssp3/bestof", "e": "emoji"}], "author_patreon_flair": false, "body_html": "&lt;div class=\"md\"&gt;&lt;p&gt;&lt;strong&gt;Introduction&lt;/strong&gt;&lt;/p&gt;\n\n&lt;p&gt;Slavery in the Ottoman Empire is an incredibly complex subject that both heavily overlaps and diverges from our notions of slavery in the Americas. While the rhetoric of this historical inquiry often argues that slavery in the Ottoman Empire was more &amp;quot;mild&amp;quot; than the Americas, this line of reasoning does little justice to the countless people who were brutally enslaved, sexual abused, and forced to work. More recent inquiry, such as that by Toledano, have challenged this idea that slavery in the Middle East during this time period was less problematic than the extensive Atlantic slave trade.&lt;/p&gt;\n\n&lt;p&gt;&lt;strong&gt;Roadmap&lt;/strong&gt;&lt;/p&gt;\n\n&lt;p&gt;In this answer, I&amp;#39;m going to explore three points:&lt;/p&gt;\n\n&lt;ul&gt;\n&lt;li&gt;What did the slave trade look like in the Ottoman Empire?&lt;/li&gt;\n&lt;li&gt;What roles did slaves perform in Ottoman society?&lt;/li&gt;\n&lt;li&gt;How were slaves treated and viewed by society?&lt;/li&gt;\n&lt;/ul&gt;\n\n&lt;p&gt;By the end of this answer, you will have a foundational understanding of slavery in the Ottoman Empire.&lt;/p&gt;\n\n&lt;p&gt;&lt;em&gt;(As I&amp;#39;m much more of an Ottoman historian, you&amp;#39;ll have to forgive me for dwelling on slavery in the Ottoman Empire far more than slavery in the Americas. However, I think you will still find this answer enlightening and you will begin to see many differences and similarities between these two forms of slavery.)&lt;/em&gt;&lt;/p&gt;\n\n&lt;p&gt;&lt;strong&gt;Enslaving: Warring, Raiding, and Trading&lt;/strong&gt;&lt;/p&gt;\n\n&lt;p&gt;Starting in the early 14th and 15th centuries with the rapid expansion of the Ottomans into the Balkans and Greece, thousands of Orthodox Christian peoples were enslaved. The nature of Ottoman warring and raiding in the Balkans and Greece enriched the treasury through trading slaves with Christian states, including: Genoa, Venice, the Knights of Malta, Cyprus, and more.&lt;/p&gt;\n\n&lt;p&gt;We have archival evidence of this early Ottoman slave trade. Fleet details the prices of slaves sold in these markets spotted throughout the Balkans, Greece, and Anatolia. She posits that by 1438, the slave market had become saturated from a massive, continuous influx of slaves brought to the market by the Ottomans.&lt;sup&gt;1&lt;/sup&gt;&lt;/p&gt;\n\n&lt;p&gt;Of course, not all slaves were sold to foreign Christians. Many slaves found their way forcefully led to the interior of the Ottoman Empire. For example, according to the archival research of Canbakal and Filiztekin, between 1460 and 1480, 18.4% of free people owned slaves in Bursa.&lt;sup&gt;2&lt;/sup&gt; This would have accounted for around 180 slaves split between about 90 slave owners. Almost all of these slaves would have been urban or domestic workers.&lt;/p&gt;\n\n&lt;p&gt;As for ownership, from the same source, we see that slaves were predominantly owned by the richest of society. However, there was a strong middle-class presence in slave-ownership until the 1700s.&lt;/p&gt;\n\n&lt;p&gt;The way in which the Ottoman Empire obtained slaves would change with the stagnation of Ottoman expansion into Europe during the 17th century. Here is where we begin to see a larger emphasis on trading for slaves. Much of this would have been conducted through East Africa, the Caucuses, and around the Black Sea.&lt;/p&gt;\n\n&lt;p&gt;One such source is looked at by Wilkins in his analysis of slaves in Aleppo between 1640 and 1700. Wilkins shows that the slave population composed of Georgians and Russians, who both formed about 1/3 of the total population. The remaining third was formed from a variety of East African peoples, Hungarians, Poles, and more.&lt;sup&gt;3&lt;/sup&gt;&lt;/p&gt;\n\n&lt;p&gt;Raids into the fractured and contentious middle-ground between the Ottoman and Safavid Empires would have resulted in a number of Georgian slaves. Likewise, Russians, Hungarians, and Poles were frequently kidnapped through widespread raiding situated around the Black Sea by the Crimean Tatars. These slaves would then be traded into the Ottoman Empire. East African slaves would have been worked through the already established slave trade in the region to Ottoman Cairo and beyond.&lt;/p&gt;\n\n&lt;p&gt;Meanwhile, back in Bursa, the African slave population had only begun to see a significant increase by the 1600s. Before this, slaves in Bursa were predominately Europeans centered around the Black Sea. However, numerical accounts are limited until the early 1700s on African slaves in this region. And unfortunately, even though we know that African slaves would have been in Bursa from 1500 and increased by the 1700s, we have few records that denote ethnic origins of slaves in this region.&lt;/p&gt;\n\n&lt;p&gt;Regarding the relative cost of slaves, Caucasian - especially Circassian - white women were often the most highly sought after. The price for white slaves, in general, was two to three times higher than their African counterparts. White, female slaves would have been 10%-20% more expensive than white men. Other white peoples and Ethiopians were also sought after. The cheapest slaves would have been other African peoples.&lt;/p&gt;\n\n&lt;p&gt;From this discussion, we can see that slaves came from a wide variety of ethnic backgrounds and were enslaved in many different regions of Europe, Asia, and Africa. Ottoman sources for slavery changed over the history of the empire. Originally, slaves were primarily gathered through warring and raiding. However, by the 1600s, this had primarily changed to trading and, to a lesser extent, raiding.&lt;/p&gt;\n&lt;/div&gt;", "gildings": {}, "collapsed_reason": null, "associated_award": null, "stickied": false, "author_premium": false, "subreddit_type": "public", "can_gild": true, "top_awarded_type": null, "author_flair_text_color": "dark", "score_hidden": false, "permalink": "/r/AskHistorians/comments/ilgeha/how_was_slavery_in_the_ottoman_empire_different/g43mc66/", "num_reports": null, "locked": false, "name": "t1_g43mc66", "created": 1599324181.0, "subreddit": "AskHistorians", "author_flair_text": "Early Modern Ottoman Empire :bestof:", "treatment_tags": [], "created_utc": 1599295381.0, "subreddit_name_prefixed": "r/AskHistorians", "controversiality": 0, "depth": 0, "author_flair_background_color": "#99cc99", "collapsed_because_crowd_control": null, "mod_reports": [], "mod_note": null, "distinguished": null}}], "after": null, "before": null}}]