[{"kind": "Listing", "data": {"modhash": "", "dist": 1, "children": [{"kind": "t3", "data": {"approved_at_utc": null, "subreddit": "AskHistorians", "selftext": "With bloodlines and the spirits of ancestors being so important within the Sinosphere how was adoption treated within societies such as China, Vietnam, Korea, or Japan? Were the people treated differently or shamed for being unable to able to make offerings or honour their ancestors? Was adoption even common in Asia back then?", "user_reports": [], "saved": false, "mod_reason_title": null, "gilded": 0, "clicked": false, "title": "How Did Ancestor Worship Work For Adopted Children In Asia?", "link_flair_richtext": [], "subreddit_name_prefixed": "r/AskHistorians", "hidden": false, "pwls": 6, "link_flair_css_class": null, "downs": 0, "top_awarded_type": null, "parent_whitelist_status": "all_ads", "hide_score": false, "name": "t3_ili2na", "quarantine": false, "link_flair_text_color": "dark", "upvote_ratio": 0.87, "author_flair_background_color": null, "subreddit_type": "public", "ups": 15, "total_awards_received": 0, "media_embed": {}, "author_flair_template_id": null, "is_original_content": false, "author_fullname": "t2_4cd6qeo8", "secure_media": null, "is_reddit_media_domain": false, "is_meta": false, "category": null, "secure_media_embed": {}, "link_flair_text": null, "can_mod_post": false, "score": 15, "approved_by": null, "author_premium": false, "thumbnail": "", "edited": false, "author_flair_css_class": null, "author_flair_richtext": [], "gildings": {}, "content_categories": null, "is_self": true, "mod_note": null, "created": 1599117868.0, "link_flair_type": "text", "wls": 6, "removed_by_category": null, "banned_by": null, "author_flair_type": "text", "domain": "self.AskHistorians", "allow_live_comments": false, "selftext_html": "&lt;!-- SC_OFF --&gt;&lt;div class=\"md\"&gt;&lt;p&gt;With bloodlines and the spirits of ancestors being so important within the Sinosphere how was adoption treated within societies such as China, Vietnam, Korea, or Japan? Were the people treated differently or shamed for being unable to able to make offerings or honour their ancestors? Was adoption even common in Asia back then?&lt;/p&gt;\n&lt;/div&gt;&lt;!-- SC_ON --&gt;", "likes": null, "suggested_sort": null, "banned_at_utc": null, "view_count": null, "archived": false, "no_follow": true, "is_crosspostable": false, "pinned": false, "over_18": false, "all_awardings": [], "awarders": [], "media_only": false, "can_gild": false, "spoiler": false, "locked": false, "author_flair_text": null, "treatment_tags": [], "visited": false, "removed_by": null, "num_reports": null, "distinguished": null, "subreddit_id": "t5_2ssp3", "mod_reason_by": null, "removal_reason": null, "link_flair_background_color": "", "id": "ili2na", "is_robot_indexable": true, "num_duplicates": 1, "report_reasons": null, "author": "Park-Br", "discussion_type": null, "num_comments": 3, "send_replies": true, "media": null, "contest_mode": false, "author_patreon_flair": false, "author_flair_text_color": null, "permalink": "/r/AskHistorians/comments/ili2na/how_did_ancestor_worship_work_for_adopted/", "whitelist_status": "all_ads", "stickied": false, "url": "https://www.reddit.com/r/AskHistorians/comments/ili2na/how_did_ancestor_worship_work_for_adopted/", "subreddit_subscribers": 1264334, "created_utc": 1599089068.0, "num_crossposts": 0, "mod_reports": [], "is_video": false}}], "after": null, "before": null}}, {"kind": "Listing", "data": {"modhash": "", "dist": null, "children": [{"kind": "t1", "data": {"total_awards_received": 0, "approved_at_utc": null, "comment_type": null, "awarders": [], "mod_reason_by": null, "banned_by": null, "ups": 1, "author_flair_type": "richtext", "removal_reason": null, "link_id": "t3_ili2na", "author_flair_template_id": "9e641f94-c626-11e2-8e2c-12313b0b21ae", "likes": null, "replies": "", "user_reports": [], "saved": false, "id": "g3s8h5i", "banned_at_utc": null, "mod_reason_title": null, "gilded": 0, "archived": false, "no_follow": true, "author": "AutoModerator", "can_mod_post": false, "send_replies": false, "parent_id": "t3_ili2na", "score": 1, "author_fullname": "t2_6l4z3", "report_reasons": null, "approved_by": null, "all_awardings": [], "subreddit_id": "t5_2ssp3", "body": "Welcome to /r/AskHistorians. **Please [Read Our Rules](https://www.reddit.com/r/AskHistorians/wiki/rules) before you comment in this community**. Understand that rule breaking comments get removed.\n\nPlease consider **[Clicking Here for RemindMeBot](https://www.reddit.com/message/compose/?to=RemindMeBot&amp;subject=Reminder&amp;message=%5Bhttps://www.reddit.com/r/AskHistorians/comments/ili2na/how_did_ancestor_worship_work_for_adopted/%5D%0A%0ARemindMe!%202%20days)** as it takes time for an answer to be written. We thank you for your interest in this *question*, and your patience in waiting for an in-depth and comprehensive answer to show up. In addition to RemindMeBot, consider [using our Browser Extension](https://www.reddit.com/r/AskHistorians/comments/d6dzi7/tired_of_clicking_to_find_only_removed_comments/), or getting the [Weekly Roundup](https://www.reddit.com/message/compose?to=subredditsummarybot&amp;subject=askhistorians+weekly&amp;message=x). In the meantime our [Twitter](https://twitter.com/askhistorians), [Facebook](https://www.facebook.com/askhistorians/), and [Sunday Digest](https://www.reddit.com/r/AskHistorians/search?q=title%3A%22Sunday+Digest%22&amp;restrict_sr=on&amp;sort=new&amp;t=all) feature excellent content that has already been written!\n\n\n*I am a bot, and this action was performed automatically. Please [contact the moderators of this subreddit](/message/compose/?to=/r/AskHistorians) if you have any questions or concerns.*", "edited": false, "downs": 0, "author_flair_css_class": null, "is_submitter": false, "collapsed": false, "author_flair_richtext": [{"e": "text", "t": "History of Robotics"}], "author_patreon_flair": false, "body_html": "&lt;div class=\"md\"&gt;&lt;p&gt;Welcome to &lt;a href=\"/r/AskHistorians\"&gt;/r/AskHistorians&lt;/a&gt;. &lt;strong&gt;Please &lt;a href=\"https://www.reddit.com/r/AskHistorians/wiki/rules\"&gt;Read Our Rules&lt;/a&gt; before you comment in this community&lt;/strong&gt;. Understand that rule breaking comments get removed.&lt;/p&gt;\n\n&lt;p&gt;Please consider &lt;strong&gt;&lt;a href=\"https://www.reddit.com/message/compose/?to=RemindMeBot&amp;amp;subject=Reminder&amp;amp;message=%5Bhttps://www.reddit.com/r/AskHistorians/comments/ili2na/how_did_ancestor_worship_work_for_adopted/%5D%0A%0ARemindMe!%202%20days\"&gt;Clicking Here for RemindMeBot&lt;/a&gt;&lt;/strong&gt; as it takes time for an answer to be written. We thank you for your interest in this &lt;em&gt;question&lt;/em&gt;, and your patience in waiting for an in-depth and comprehensive answer to show up. In addition to RemindMeBot, consider &lt;a href=\"https://www.reddit.com/r/AskHistorians/comments/d6dzi7/tired_of_clicking_to_find_only_removed_comments/\"&gt;using our Browser Extension&lt;/a&gt;, or getting the &lt;a href=\"https://www.reddit.com/message/compose?to=subredditsummarybot&amp;amp;subject=askhistorians+weekly&amp;amp;message=x\"&gt;Weekly Roundup&lt;/a&gt;. In the meantime our &lt;a href=\"https://twitter.com/askhistorians\"&gt;Twitter&lt;/a&gt;, &lt;a href=\"https://www.facebook.com/askhistorians/\"&gt;Facebook&lt;/a&gt;, and &lt;a href=\"https://www.reddit.com/r/AskHistorians/search?q=title%3A%22Sunday+Digest%22&amp;amp;restrict_sr=on&amp;amp;sort=new&amp;amp;t=all\"&gt;Sunday Digest&lt;/a&gt; feature excellent content that has already been written!&lt;/p&gt;\n\n&lt;p&gt;&lt;em&gt;I am a bot, and this action was performed automatically. Please &lt;a href=\"/message/compose/?to=/r/AskHistorians\"&gt;contact the moderators of this subreddit&lt;/a&gt; if you have any questions or concerns.&lt;/em&gt;&lt;/p&gt;\n&lt;/div&gt;", "gildings": {}, "collapsed_reason": null, "associated_award": null, "stickied": true, "author_premium": true, "subreddit_type": "public", "can_gild": true, "top_awarded_type": null, "author_flair_text_color": "light", "score_hidden": true, "permalink": "/r/AskHistorians/comments/ili2na/how_did_ancestor_worship_work_for_adopted/g3s8h5i/", "num_reports": null, "locked": true, "name": "t1_g3s8h5i", "created": 1599117869.0, "subreddit": "AskHistorians", "author_flair_text": "History of Robotics", "treatment_tags": [], "created_utc": 1599089069.0, "subreddit_name_prefixed": "r/AskHistorians", "controversiality": 0, "depth": 0, "author_flair_background_color": "#993366", "collapsed_because_crowd_control": null, "mod_reports": [], "mod_note": null, "distinguished": "moderator"}}, {"kind": "t1", "data": {"total_awards_received": 0, "approved_at_utc": null, "comment_type": null, "awarders": [], "mod_reason_by": null, "banned_by": null, "ups": 8, "author_flair_type": "text", "removal_reason": null, "link_id": "t3_ili2na", "author_flair_template_id": null, "likes": null, "replies": {"kind": "Listing", "data": {"modhash": "", "dist": null, "children": [{"kind": "t1", "data": {"total_awards_received": 0, "approved_at_utc": null, "comment_type": null, "awarders": [], "mod_reason_by": null, "banned_by": null, "ups": 2, "author_flair_type": "text", "removal_reason": null, "link_id": "t3_ili2na", "author_flair_template_id": null, "likes": null, "replies": "", "user_reports": [], "saved": false, "id": "g4a05x3", "banned_at_utc": null, "mod_reason_title": null, "gilded": 0, "archived": false, "no_follow": true, "author": "Park-Br", "can_mod_post": false, "send_replies": true, "parent_id": "t1_g44v7h9", "score": 2, "author_fullname": "t2_4cd6qeo8", "report_reasons": null, "approved_by": null, "all_awardings": [], "subreddit_id": "t5_2ssp3", "collapsed": false, "body": "Thank you for the reply! I'm happy someone ended up responding to this", "edited": false, "author_flair_css_class": null, "is_submitter": true, "downs": 0, "author_flair_richtext": [], "author_patreon_flair": false, "body_html": "&lt;div class=\"md\"&gt;&lt;p&gt;Thank you for the reply! I&amp;#39;m happy someone ended up responding to this&lt;/p&gt;\n&lt;/div&gt;", "gildings": {}, "collapsed_reason": null, "associated_award": null, "stickied": false, "author_premium": false, "subreddit_type": "public", "can_gild": true, "top_awarded_type": null, "author_flair_text_color": null, "score_hidden": false, "permalink": "/r/AskHistorians/comments/ili2na/how_did_ancestor_worship_work_for_adopted/g4a05x3/", "num_reports": null, "locked": false, "name": "t1_g4a05x3", "created": 1599461745.0, "subreddit": "AskHistorians", "author_flair_text": null, "treatment_tags": [], "created_utc": 1599432945.0, "subreddit_name_prefixed": "r/AskHistorians", "controversiality": 0, "depth": 1, "author_flair_background_color": null, "collapsed_because_crowd_control": null, "mod_reports": [], "mod_note": null, "distinguished": null}}], "after": null, "before": null}}, "user_reports": [], "saved": false, "id": "g44v7h9", "banned_at_utc": null, "mod_reason_title": null, "gilded": 0, "archived": false, "no_follow": true, "author": "Dongzhou3kingdoms", "can_mod_post": false, "send_replies": true, "parent_id": "t3_ili2na", "score": 8, "author_fullname": "t2_51ju0t3o", "report_reasons": null, "approved_by": null, "all_awardings": [], "subreddit_id": "t5_2ssp3", "body": "Using my time period of interest the three kingdoms of China (190-280), hopefully someone can provide a wider answer\n\nAdoptions happened a fair few times, usually becuase a line died out or a figure was lacking a son, sometimes for political reasons or to take care of someone, usually it was between family members so a kinsman or related by marriage if needs be would be adopted.\n\nThe major warlord Yuan Shao was adopted across the powerful and wealthy Yuan line (he also tried to deny his eldest son Yuan Tan the heirship by adopting him back across Yuan lines so no longer his son). Wu general Zhu Zhi adopted his nephew Shi Ran (who later asked to be changed back to Shi clan), Sun He was adopted to the Yu clan as they had no males left and then later brought back into the Sun fold.\n\nThe warlord Cao Cao, whose father Song was adopted into Cao clan by the eunuch Teng, swapped grandchildren about so the lines of his dead sons like Cao Ang (killed in combat due to Cao Cao's folly) and Cao Chong (a great talent who died young) would continue. As one of Cao Cao's grandsons and the second Wei Emperor Cao Rui/Emperor Ming lacked children, he adopted Cao Fang from somewhere within the Cao lineage. The general Cao Zhen was adopted by Cao Cao, raised with Cao Cao's own children, after his father Qin Shao gave his life to protect Cao Cao while Zhen's son Shuang would hold regency for Cao Fang as an imperial relative.\n\nAdopted figures were not shunned. Yuan Shao became head of his clan, as adopted to the more senior line, and leader of the warlords against court controller Dong Zhuo, his transfer was from someone living (Yuan Feng) with at least two other sons so his adopted (and dead) father Yuan Chang would have someone to ancestor worship him. Cao Cao did likewise to ensure his sons lines and sacrifices continued, it wasn't a case of they couldn't sacrifice to their ancestors but they were carrying out their filial duties to their adopted parents. \n\nHowever if there were natural born sons later, the natural born son and lineage took priority.  Shu's first Prime Minister Zhuge Liang struggled to have children so adopted Zhuge Qiao from his brother Zhuge Jin who was a senior adviser in Wu but when Jin's line was wiped out, since Liang had children since Shu sent back Qiao's son Pan to Wu and Liang's natural son had all the ranks bestowed upon up. Liu Bei, the founder of Shu-Han adopted Kou Feng as he lacked a son for a time and the Kou were related by marriage, Feng grew up and became a skilled general then was killed to ensure smooth succession for Liu Bei's later born natural son Liu Shan. \n\nSources: Rafe De Crespigny's  A Biographical Dictionary of Later Han to the Three Kingdoms 23\u2013220 AD (2007) \n\nVarious SGZ including the Zhuge clan by Chen Shou translated by Yang Zhengyuan", "edited": false, "downs": 0, "author_flair_css_class": null, "is_submitter": false, "collapsed": false, "author_flair_richtext": [], "author_patreon_flair": false, "body_html": "&lt;div class=\"md\"&gt;&lt;p&gt;Using my time period of interest the three kingdoms of China (190-280), hopefully someone can provide a wider answer&lt;/p&gt;\n\n&lt;p&gt;Adoptions happened a fair few times, usually becuase a line died out or a figure was lacking a son, sometimes for political reasons or to take care of someone, usually it was between family members so a kinsman or related by marriage if needs be would be adopted.&lt;/p&gt;\n\n&lt;p&gt;The major warlord Yuan Shao was adopted across the powerful and wealthy Yuan line (he also tried to deny his eldest son Yuan Tan the heirship by adopting him back across Yuan lines so no longer his son). Wu general Zhu Zhi adopted his nephew Shi Ran (who later asked to be changed back to Shi clan), Sun He was adopted to the Yu clan as they had no males left and then later brought back into the Sun fold.&lt;/p&gt;\n\n&lt;p&gt;The warlord Cao Cao, whose father Song was adopted into Cao clan by the eunuch Teng, swapped grandchildren about so the lines of his dead sons like Cao Ang (killed in combat due to Cao Cao&amp;#39;s folly) and Cao Chong (a great talent who died young) would continue. As one of Cao Cao&amp;#39;s grandsons and the second Wei Emperor Cao Rui/Emperor Ming lacked children, he adopted Cao Fang from somewhere within the Cao lineage. The general Cao Zhen was adopted by Cao Cao, raised with Cao Cao&amp;#39;s own children, after his father Qin Shao gave his life to protect Cao Cao while Zhen&amp;#39;s son Shuang would hold regency for Cao Fang as an imperial relative.&lt;/p&gt;\n\n&lt;p&gt;Adopted figures were not shunned. Yuan Shao became head of his clan, as adopted to the more senior line, and leader of the warlords against court controller Dong Zhuo, his transfer was from someone living (Yuan Feng) with at least two other sons so his adopted (and dead) father Yuan Chang would have someone to ancestor worship him. Cao Cao did likewise to ensure his sons lines and sacrifices continued, it wasn&amp;#39;t a case of they couldn&amp;#39;t sacrifice to their ancestors but they were carrying out their filial duties to their adopted parents. &lt;/p&gt;\n\n&lt;p&gt;However if there were natural born sons later, the natural born son and lineage took priority.  Shu&amp;#39;s first Prime Minister Zhuge Liang struggled to have children so adopted Zhuge Qiao from his brother Zhuge Jin who was a senior adviser in Wu but when Jin&amp;#39;s line was wiped out, since Liang had children since Shu sent back Qiao&amp;#39;s son Pan to Wu and Liang&amp;#39;s natural son had all the ranks bestowed upon up. Liu Bei, the founder of Shu-Han adopted Kou Feng as he lacked a son for a time and the Kou were related by marriage, Feng grew up and became a skilled general then was killed to ensure smooth succession for Liu Bei&amp;#39;s later born natural son Liu Shan. &lt;/p&gt;\n\n&lt;p&gt;Sources: Rafe De Crespigny&amp;#39;s  A Biographical Dictionary of Later Han to the Three Kingdoms 23\u2013220 AD (2007) &lt;/p&gt;\n\n&lt;p&gt;Various SGZ including the Zhuge clan by Chen Shou translated by Yang Zhengyuan&lt;/p&gt;\n&lt;/div&gt;", "gildings": {}, "collapsed_reason": null, "associated_award": null, "stickied": false, "author_premium": false, "subreddit_type": "public", "can_gild": true, "top_awarded_type": null, "author_flair_text_color": null, "score_hidden": false, "permalink": "/r/AskHistorians/comments/ili2na/how_did_ancestor_worship_work_for_adopted/g44v7h9/", "num_reports": null, "locked": false, "name": "t1_g44v7h9", "created": 1599349120.0, "subreddit": "AskHistorians", "author_flair_text": null, "treatment_tags": [], "created_utc": 1599320320.0, "subreddit_name_prefixed": "r/AskHistorians", "controversiality": 0, "depth": 0, "author_flair_background_color": null, "collapsed_because_crowd_control": null, "mod_reports": [], "mod_note": null, "distinguished": null}}], "after": null, "before": null}}]