[{"kind": "Listing", "data": {"modhash": "", "dist": 1, "children": [{"kind": "t3", "data": {"approved_at_utc": null, "subreddit": "AskHistorians", "selftext": "I've always been lead to believe that Romans viewed retreat with disgrace, and many Roman military commanders (Varus, Brutus+Cassius, Antony etc) committed suicide after devastating defeats. Varro encouraged Rome to abandon Fabian strategy and attack Hannibal, left his fellow Consul to die on the field, and then survived. I've heard the regular soldiers who fought their way out at Cannae were sent to Sicily to await a dangerous military mission so they could die with honor. How did Varro not only return to Rome but continue to serve in major posts?", "user_reports": [], "saved": false, "mod_reason_title": null, "gilded": 0, "clicked": false, "title": "How did Gaius Terentius Varro continue his Roman political career after leading men into the disaster at Cannae and fleeing the field?", "link_flair_richtext": [], "subreddit_name_prefixed": "r/AskHistorians", "hidden": false, "pwls": 6, "link_flair_css_class": null, "downs": 0, "parent_whitelist_status": "all_ads", "hide_score": false, "name": "t3_5lvdox", "quarantine": false, "link_flair_text_color": "dark", "upvote_ratio": 0.84, "author_flair_background_color": null, "subreddit_type": "public", "ups": 21, "domain": "self.AskHistorians", "media_embed": {}, "author_flair_template_id": null, "is_original_content": false, "secure_media": null, "is_reddit_media_domain": false, "category": null, "secure_media_embed": {}, "link_flair_text": null, "can_mod_post": false, "score": 21, "approved_by": null, "thumbnail": "", "edited": false, "author_flair_css_class": null, "author_flair_richtext": [], "content_categories": null, "is_self": true, "mod_note": null, "created": 1483515035.0, "link_flair_type": "text", "wls": 6, "post_categories": null, "banned_by": null, "author_flair_type": "text", "contest_mode": false, "selftext_html": "&lt;!-- SC_OFF --&gt;&lt;div class=\"md\"&gt;&lt;p&gt;I&amp;#39;ve always been lead to believe that Romans viewed retreat with disgrace, and many Roman military commanders (Varus, Brutus+Cassius, Antony etc) committed suicide after devastating defeats. Varro encouraged Rome to abandon Fabian strategy and attack Hannibal, left his fellow Consul to die on the field, and then survived. I&amp;#39;ve heard the regular soldiers who fought their way out at Cannae were sent to Sicily to await a dangerous military mission so they could die with honor. How did Varro not only return to Rome but continue to serve in major posts?&lt;/p&gt;\n&lt;/div&gt;&lt;!-- SC_ON --&gt;", "likes": null, "suggested_sort": null, "banned_at_utc": null, "view_count": null, "archived": true, "no_follow": false, "is_crosspostable": false, "pinned": false, "over_18": false, "media_only": false, "can_gild": false, "spoiler": false, "locked": false, "author_flair_text": null, "rte_mode": "markdown", "visited": false, "num_reports": null, "distinguished": null, "subreddit_id": "t5_2ssp3", "mod_reason_by": null, "removal_reason": null, "id": "5lvdox", "report_reasons": null, "author": "Jwkdude", "num_crossposts": 0, "num_comments": 4, "send_replies": true, "mod_reports": [], "author_flair_text_color": null, "permalink": "/r/AskHistorians/comments/5lvdox/how_did_gaius_terentius_varro_continue_his_roman/", "whitelist_status": "all_ads", "stickied": false, "url": "https://www.reddit.com/r/AskHistorians/comments/5lvdox/how_did_gaius_terentius_varro_continue_his_roman/", "subreddit_subscribers": 770760, "created_utc": 1483486235.0, "media": null, "is_video": false}}], "after": null, "before": null}}, {"kind": "Listing", "data": {"modhash": "", "dist": null, "children": [{"kind": "t1", "data": {"subreddit_id": "t5_2ssp3", "approved_at_utc": null, "ups": 8, "mod_reason_by": null, "banned_by": null, "author_flair_type": "richtext", "removal_reason": null, "link_id": "t3_5lvdox", "author_flair_template_id": null, "likes": null, "no_follow": false, "replies": {"kind": "Listing", "data": {"modhash": "", "dist": null, "children": [{"kind": "t1", "data": {"subreddit_id": "t5_2ssp3", "approved_at_utc": null, "ups": 3, "mod_reason_by": null, "banned_by": null, "author_flair_type": "text", "removal_reason": null, "link_id": "t3_5lvdox", "author_flair_template_id": null, "likes": null, "no_follow": true, "replies": "", "user_reports": [], "saved": false, "id": "dbzj4fn", "banned_at_utc": null, "mod_reason_title": null, "gilded": 0, "archived": true, "report_reasons": null, "author": "PapiriusCursor", "can_mod_post": false, "send_replies": true, "parent_id": "t1_dbz84me", "score": 3, "approved_by": null, "downs": 0, "body": "If you wanted to know a little more about suicide by Roman generals and the role of shame in defeat in doing so, I talk about that [here](https://www.reddit.com/r/AskHistorians/comments/5dn283/would_it_be_in_any_way_correct_to_say_that_there/).\n\nIn the case of Varro, the fact that he gathered a scratch-army back together and remained in the field (Livy 22.54) pleased the Senate despite his defeat due to his \"not having despaired of the commonwealth;\" (22.61). Livy does comment that Varro, if he had been a Carthaginian general, \"there is no degree of punishment beyond what he must have suffered\", which is probably not quite true considering how many defeated Carthaginian generals continued to command armies but shows that Livy certainly didn't consider Varro blameless. As far as I know though it seems to have affected his career somewhat in that he never again held a particularly important command.", "edited": false, "author_flair_css_class": null, "collapsed": false, "author_flair_richtext": [], "is_submitter": false, "collapsed_reason": null, "body_html": "&lt;div class=\"md\"&gt;&lt;p&gt;If you wanted to know a little more about suicide by Roman generals and the role of shame in defeat in doing so, I talk about that &lt;a href=\"https://www.reddit.com/r/AskHistorians/comments/5dn283/would_it_be_in_any_way_correct_to_say_that_there/\"&gt;here&lt;/a&gt;.&lt;/p&gt;\n\n&lt;p&gt;In the case of Varro, the fact that he gathered a scratch-army back together and remained in the field (Livy 22.54) pleased the Senate despite his defeat due to his &amp;quot;not having despaired of the commonwealth;&amp;quot; (22.61). Livy does comment that Varro, if he had been a Carthaginian general, &amp;quot;there is no degree of punishment beyond what he must have suffered&amp;quot;, which is probably not quite true considering how many defeated Carthaginian generals continued to command armies but shows that Livy certainly didn&amp;#39;t consider Varro blameless. As far as I know though it seems to have affected his career somewhat in that he never again held a particularly important command.&lt;/p&gt;\n&lt;/div&gt;", "stickied": false, "subreddit_type": "public", "can_gild": true, "subreddit": "AskHistorians", "author_flair_text_color": null, "score_hidden": false, "permalink": "/r/AskHistorians/comments/5lvdox/how_did_gaius_terentius_varro_continue_his_roman/dbzj4fn/", "num_reports": null, "name": "t1_dbzj4fn", "created": 1483567443.0, "author_flair_text": null, "rte_mode": "markdown", "created_utc": 1483538643.0, "subreddit_name_prefixed": "r/AskHistorians", "controversiality": 0, "depth": 1, "author_flair_background_color": null, "mod_reports": [], "mod_note": null, "distinguished": null}}, {"kind": "t1", "data": {"subreddit_id": "t5_2ssp3", "approved_at_utc": null, "ups": 1, "mod_reason_by": null, "banned_by": null, "author_flair_type": "text", "removal_reason": null, "link_id": "t3_5lvdox", "author_flair_template_id": null, "likes": null, "no_follow": true, "replies": {"kind": "Listing", "data": {"modhash": "", "dist": null, "children": [{"kind": "t1", "data": {"subreddit_id": "t5_2ssp3", "approved_at_utc": null, "ups": 1, "mod_reason_by": null, "banned_by": null, "author_flair_type": "richtext", "removal_reason": null, "link_id": "t3_5lvdox", "author_flair_template_id": null, "likes": null, "no_follow": true, "replies": "", "user_reports": [], "saved": false, "id": "dc0j7t7", "banned_at_utc": null, "mod_reason_title": null, "gilded": 0, "archived": true, "report_reasons": null, "author": "LegalAction", "can_mod_post": false, "send_replies": true, "parent_id": "t1_dc0ddqh", "score": 1, "approved_by": null, "downs": 0, "body": "That's the impression I get from the sources, but Cato's suicide was immediately politicized with the *Cato* and *Anticato*.  Both of these are now lost.  I don't know if there's much surviving literary tradition before Plutarch.  Stan Rauh, mentioned in the post /u/papiriuscursor linked above, must have covered the historical tradition of Cato's suicide somewhere.", "edited": false, "author_flair_css_class": "europe", "collapsed": false, "author_flair_richtext": [{"e": "text", "t": "Roman Late Republic"}], "is_submitter": false, "collapsed_reason": null, "body_html": "&lt;div class=\"md\"&gt;&lt;p&gt;That&amp;#39;s the impression I get from the sources, but Cato&amp;#39;s suicide was immediately politicized with the &lt;em&gt;Cato&lt;/em&gt; and &lt;em&gt;Anticato&lt;/em&gt;.  Both of these are now lost.  I don&amp;#39;t know if there&amp;#39;s much surviving literary tradition before Plutarch.  Stan Rauh, mentioned in the post &lt;a href=\"/u/papiriuscursor\"&gt;/u/papiriuscursor&lt;/a&gt; linked above, must have covered the historical tradition of Cato&amp;#39;s suicide somewhere.&lt;/p&gt;\n&lt;/div&gt;", "stickied": false, "subreddit_type": "public", "can_gild": true, "subreddit": "AskHistorians", "author_flair_text_color": null, "score_hidden": false, "permalink": "/r/AskHistorians/comments/5lvdox/how_did_gaius_terentius_varro_continue_his_roman/dc0j7t7/", "num_reports": null, "name": "t1_dc0j7t7", "created": 1483611021.0, "author_flair_text": "Roman Late Republic", "rte_mode": "markdown", "created_utc": 1483582221.0, "subreddit_name_prefixed": "r/AskHistorians", "controversiality": 0, "depth": 2, "author_flair_background_color": null, "mod_reports": [], "mod_note": null, "distinguished": null}}], "after": null, "before": null}}, "user_reports": [], "saved": false, "id": "dc0ddqh", "banned_at_utc": null, "mod_reason_title": null, "gilded": 0, "archived": true, "report_reasons": null, "author": "Jwkdude", "can_mod_post": false, "send_replies": true, "parent_id": "t1_dbz84me", "score": 1, "approved_by": null, "downs": 0, "body": "Thanks for pointing out that source, and when you say Cato killed himself out of defiance you mean he wanted to rob Caesar the ability to pardon him right? That's what I got from HBO's Rome (not a real source I know but they tried hard to get things right with the real characters)", "edited": false, "author_flair_css_class": null, "collapsed": false, "author_flair_richtext": [], "is_submitter": true, "collapsed_reason": null, "body_html": "&lt;div class=\"md\"&gt;&lt;p&gt;Thanks for pointing out that source, and when you say Cato killed himself out of defiance you mean he wanted to rob Caesar the ability to pardon him right? That&amp;#39;s what I got from HBO&amp;#39;s Rome (not a real source I know but they tried hard to get things right with the real characters)&lt;/p&gt;\n&lt;/div&gt;", "stickied": false, "subreddit_type": "public", "can_gild": true, "subreddit": "AskHistorians", "author_flair_text_color": null, "score_hidden": false, "permalink": "/r/AskHistorians/comments/5lvdox/how_did_gaius_terentius_varro_continue_his_roman/dc0ddqh/", "num_reports": null, "name": "t1_dc0ddqh", "created": 1483603688.0, "author_flair_text": null, "rte_mode": "markdown", "created_utc": 1483574888.0, "subreddit_name_prefixed": "r/AskHistorians", "controversiality": 0, "depth": 1, "author_flair_background_color": null, "mod_reports": [], "mod_note": null, "distinguished": null}}], "after": null, "before": null}}, "user_reports": [], "saved": false, "id": "dbz84me", "banned_at_utc": null, "mod_reason_title": null, "gilded": 0, "archived": true, "report_reasons": null, "author": "LegalAction", "can_mod_post": false, "send_replies": true, "parent_id": "t3_5lvdox", "score": 8, "approved_by": null, "downs": 0, "body": "He was not unusual at all in this respect.  I think the study you want is Rosenstein, *Imperatores Victi*.  It's a study of the careers of defeated generals.  There very rarely seems to have been long term political consequences for generals who survived military defeats.\n\nRosenstein argues that this is a result of Rome's particular aristocratic competition and military culture.  Here's a bit from his introduction:\n&gt;But as I will demonstrate in chapter 1, defeated generals suffered no discernible ill effects in the political arena as a consequence of their failures on the battlefield. Very few generals were brought to trial on charges arising out of their defeats. More significant still, the imperatoresvicti as a group went on to win the Republic's most highly coveted and hotly contested offices, the consulate and the censorship, in proportions virtually identical to those of their undefeated peers. Of those who did not, many continued to be prominent in public affairs and enjoy the trust of the senate. The sons of victi gained consulates and praetorships in their turn about as often as the sons of men who had lost no battles. Thus by every conceivable test military failure had no impact at all on the long-term rate of political success of the commanders involved.\n\nIt's been awhile since I've read the book.  Looking at a few reviews it seems the argument is that to maintain aristocratic competition, opportunities for military command could not be dominated by a few successful generals, and that meant letting people command who weren't very good at it.  Blaming the defeated commanders for the defeats would argue against the idea that aristocrats get to run things because aristocrats are just good at running things, so they didn't blame the commanders.  Instead they blamed the god (someone forgot to make a sacrifice or something) or the soldiers (if those jarheads had held the line, it would have been fine!) and since the commander wasn't at fault there's no reason he shouldn't continue in public life.\n\nRosenstein's stats seem in the reviews very convincing.  Statistically it is rare that a military defeat ended a public career.  People seem to have a more difficult time with his explanation of this observed fact - that Romans didn't blame the commander.  Rich in his review says we know Romans did blame commanders - there must be another reason.\n\nWhen I read the book I was pretty convinced, but since then I've become hesitant to attribute things to a unique Roman culture.  I'll have to give it another read and see if I still think it was a convincing explanation.\n\nThe counter-examples you mention come from a period in which aristocratic competition had run amok.  But even then I don't think these generals committed suicide (except maybe Varus) out of shame.  Cato was the high-profile suicide of the civil wars, and he did it out of defiance.  I think a similar argument can be made for the tyrannicides.  Antony is too much of a romanticized character.  I don't know if it's possible to try to give an account of his death that wouldn't basically look like historical fiction. ", "edited": 1483511048.0, "author_flair_css_class": "europe", "collapsed": false, "author_flair_richtext": [{"e": "text", "t": "Roman Late Republic"}], "is_submitter": false, "collapsed_reason": null, "body_html": "&lt;div class=\"md\"&gt;&lt;p&gt;He was not unusual at all in this respect.  I think the study you want is Rosenstein, &lt;em&gt;Imperatores Victi&lt;/em&gt;.  It&amp;#39;s a study of the careers of defeated generals.  There very rarely seems to have been long term political consequences for generals who survived military defeats.&lt;/p&gt;\n\n&lt;p&gt;Rosenstein argues that this is a result of Rome&amp;#39;s particular aristocratic competition and military culture.  Here&amp;#39;s a bit from his introduction:&lt;/p&gt;\n\n&lt;blockquote&gt;\n&lt;p&gt;But as I will demonstrate in chapter 1, defeated generals suffered no discernible ill effects in the political arena as a consequence of their failures on the battlefield. Very few generals were brought to trial on charges arising out of their defeats. More significant still, the imperatoresvicti as a group went on to win the Republic&amp;#39;s most highly coveted and hotly contested offices, the consulate and the censorship, in proportions virtually identical to those of their undefeated peers. Of those who did not, many continued to be prominent in public affairs and enjoy the trust of the senate. The sons of victi gained consulates and praetorships in their turn about as often as the sons of men who had lost no battles. Thus by every conceivable test military failure had no impact at all on the long-term rate of political success of the commanders involved.&lt;/p&gt;\n&lt;/blockquote&gt;\n\n&lt;p&gt;It&amp;#39;s been awhile since I&amp;#39;ve read the book.  Looking at a few reviews it seems the argument is that to maintain aristocratic competition, opportunities for military command could not be dominated by a few successful generals, and that meant letting people command who weren&amp;#39;t very good at it.  Blaming the defeated commanders for the defeats would argue against the idea that aristocrats get to run things because aristocrats are just good at running things, so they didn&amp;#39;t blame the commanders.  Instead they blamed the god (someone forgot to make a sacrifice or something) or the soldiers (if those jarheads had held the line, it would have been fine!) and since the commander wasn&amp;#39;t at fault there&amp;#39;s no reason he shouldn&amp;#39;t continue in public life.&lt;/p&gt;\n\n&lt;p&gt;Rosenstein&amp;#39;s stats seem in the reviews very convincing.  Statistically it is rare that a military defeat ended a public career.  People seem to have a more difficult time with his explanation of this observed fact - that Romans didn&amp;#39;t blame the commander.  Rich in his review says we know Romans did blame commanders - there must be another reason.&lt;/p&gt;\n\n&lt;p&gt;When I read the book I was pretty convinced, but since then I&amp;#39;ve become hesitant to attribute things to a unique Roman culture.  I&amp;#39;ll have to give it another read and see if I still think it was a convincing explanation.&lt;/p&gt;\n\n&lt;p&gt;The counter-examples you mention come from a period in which aristocratic competition had run amok.  But even then I don&amp;#39;t think these generals committed suicide (except maybe Varus) out of shame.  Cato was the high-profile suicide of the civil wars, and he did it out of defiance.  I think a similar argument can be made for the tyrannicides.  Antony is too much of a romanticized character.  I don&amp;#39;t know if it&amp;#39;s possible to try to give an account of his death that wouldn&amp;#39;t basically look like historical fiction. &lt;/p&gt;\n&lt;/div&gt;", "stickied": false, "subreddit_type": "public", "can_gild": true, "subreddit": "AskHistorians", "author_flair_text_color": null, "score_hidden": false, "permalink": "/r/AskHistorians/comments/5lvdox/how_did_gaius_terentius_varro_continue_his_roman/dbz84me/", "num_reports": null, "name": "t1_dbz84me", "created": 1483539615.0, "author_flair_text": "Roman Late Republic", "rte_mode": "markdown", "created_utc": 1483510815.0, "subreddit_name_prefixed": "r/AskHistorians", "controversiality": 0, "depth": 0, "author_flair_background_color": null, "mod_reports": [], "mod_note": null, "distinguished": null}}], "after": null, "before": null}}]