[{"kind": "Listing", "data": {"modhash": "", "dist": 1, "children": [{"kind": "t3", "data": {"approved_at_utc": null, "subreddit": "AskHistorians", "selftext": "In the Dumas classic *The Vicomte de Bragelonne,*he writes about Monck's siege of London:\n\n*Monk (sic) pronounced this declaration, supported by fifty thousand swords, to which, that same evening, were united, with shouts of delirious joy, the five thousand inhabitants of the good city of London. At length, at the moment when the people, after their triumphs and festive repasts in the open streets, were looking about for a master, it was affirmed that a vessel had left the Hague, bearing King Charles II. and his fortunes.*\n\nFrom *Chapter 31. Monk reveals Himself.*\n\nSo was the population only 5000 or was this the *City of London* and not the whole metropolis? ", "user_reports": [], "saved": false, "mod_reason_title": null, "gilded": 0, "clicked": false, "title": "What was the population of London in 1660 during the Restoration?", "link_flair_richtext": [], "subreddit_name_prefixed": "r/AskHistorians", "hidden": false, "pwls": 6, "link_flair_css_class": null, "downs": 0, "parent_whitelist_status": "all_ads", "hide_score": false, "name": "t3_5lvvx9", "quarantine": false, "link_flair_text_color": "dark", "upvote_ratio": 0.77, "author_flair_background_color": null, "subreddit_type": "public", "ups": 5, "domain": "self.AskHistorians", "media_embed": {}, "author_flair_template_id": null, "is_original_content": false, "secure_media": null, "is_reddit_media_domain": false, "category": null, "secure_media_embed": {}, "link_flair_text": null, "can_mod_post": false, "score": 5, "approved_by": null, "thumbnail": "", "edited": false, "author_flair_css_class": null, "author_flair_richtext": [], "content_categories": null, "is_self": true, "mod_note": null, "created": 1483520204.0, "link_flair_type": "text", "wls": 6, "post_categories": null, "banned_by": null, "author_flair_type": "text", "contest_mode": false, "selftext_html": "&lt;!-- SC_OFF --&gt;&lt;div class=\"md\"&gt;&lt;p&gt;In the Dumas classic &lt;em&gt;The Vicomte de Bragelonne,&lt;/em&gt;he writes about Monck&amp;#39;s siege of London:&lt;/p&gt;\n\n&lt;p&gt;&lt;em&gt;Monk (sic) pronounced this declaration, supported by fifty thousand swords, to which, that same evening, were united, with shouts of delirious joy, the five thousand inhabitants of the good city of London. At length, at the moment when the people, after their triumphs and festive repasts in the open streets, were looking about for a master, it was affirmed that a vessel had left the Hague, bearing King Charles II. and his fortunes.&lt;/em&gt;&lt;/p&gt;\n\n&lt;p&gt;From &lt;em&gt;Chapter 31. Monk reveals Himself.&lt;/em&gt;&lt;/p&gt;\n\n&lt;p&gt;So was the population only 5000 or was this the &lt;em&gt;City of London&lt;/em&gt; and not the whole metropolis? &lt;/p&gt;\n&lt;/div&gt;&lt;!-- SC_ON --&gt;", "likes": null, "suggested_sort": null, "banned_at_utc": null, "view_count": null, "archived": true, "no_follow": false, "is_crosspostable": false, "pinned": false, "over_18": false, "media_only": false, "can_gild": false, "spoiler": false, "locked": false, "author_flair_text": null, "rte_mode": "markdown", "visited": false, "num_reports": null, "distinguished": null, "subreddit_id": "t5_2ssp3", "mod_reason_by": null, "removal_reason": null, "id": "5lvvx9", "report_reasons": null, "author": "Anagram64", "num_crossposts": 0, "num_comments": 2, "send_replies": true, "mod_reports": [], "author_flair_text_color": null, "permalink": "/r/AskHistorians/comments/5lvvx9/what_was_the_population_of_london_in_1660_during/", "whitelist_status": "all_ads", "stickied": false, "url": "https://www.reddit.com/r/AskHistorians/comments/5lvvx9/what_was_the_population_of_london_in_1660_during/", "subreddit_subscribers": 770760, "created_utc": 1483491404.0, "media": null, "is_video": false}}], "after": null, "before": null}}, {"kind": "Listing", "data": {"modhash": "", "dist": null, "children": [{"kind": "t1", "data": {"subreddit_id": "t5_2ssp3", "approved_at_utc": null, "ups": 2, "mod_reason_by": null, "banned_by": null, "author_flair_type": "richtext", "removal_reason": null, "link_id": "t3_5lvvx9", "author_flair_template_id": null, "likes": null, "no_follow": true, "replies": {"kind": "Listing", "data": {"modhash": "", "dist": null, "children": [{"kind": "t1", "data": {"subreddit_id": "t5_2ssp3", "approved_at_utc": null, "ups": 2, "mod_reason_by": null, "banned_by": null, "author_flair_type": "text", "removal_reason": null, "link_id": "t3_5lvvx9", "author_flair_template_id": null, "likes": null, "no_follow": true, "replies": "", "user_reports": [], "saved": false, "id": "dbz5uba", "banned_at_utc": null, "mod_reason_title": null, "gilded": 0, "archived": true, "report_reasons": null, "author": "Anagram64", "can_mod_post": false, "send_replies": true, "parent_id": "t1_dbz5k75", "score": 2, "approved_by": null, "downs": 0, "body": "Thank you. I had no idea the numbers but wondered if the plague did that much damage. ", "edited": false, "author_flair_css_class": null, "collapsed": false, "author_flair_richtext": [], "is_submitter": true, "collapsed_reason": null, "body_html": "&lt;div class=\"md\"&gt;&lt;p&gt;Thank you. I had no idea the numbers but wondered if the plague did that much damage. &lt;/p&gt;\n&lt;/div&gt;", "stickied": false, "subreddit_type": "public", "can_gild": true, "subreddit": "AskHistorians", "author_flair_text_color": null, "score_hidden": false, "permalink": "/r/AskHistorians/comments/5lvvx9/what_was_the_population_of_london_in_1660_during/dbz5uba/", "num_reports": null, "name": "t1_dbz5uba", "created": 1483535423.0, "author_flair_text": null, "rte_mode": "markdown", "created_utc": 1483506623.0, "subreddit_name_prefixed": "r/AskHistorians", "controversiality": 0, "depth": 1, "author_flair_background_color": null, "mod_reports": [], "mod_note": null, "distinguished": null}}], "after": null, "before": null}}, "user_reports": [], "saved": false, "id": "dbz5k75", "banned_at_utc": null, "mod_reason_title": null, "gilded": 0, "archived": true, "report_reasons": null, "author": "RTarcher", "can_mod_post": false, "send_replies": true, "parent_id": "t3_5lvvx9", "score": 2, "approved_by": null, "downs": 0, "body": "The population of the London metropolis was about 400,000 people at the time of the Restoration, and was likely somewhat higher (Wrigley, \"A Simple Model of London's Importance in Changing English Society and Economy 1650-1750\" *Past &amp; Present* (1967) p. 44). It's difficult to say what the population was inside the walls, but 5,000 is nowhere close. In 1548, with a less compact population, the number of people living around London was about 60,000 (Brigden, *New Worlds, Lost Worlds*, p. 295). By 1660, the population living just within the ancient walls probably matched or exceeded that number (*London Inhabitants Within the Walls, 1695*).", "edited": false, "author_flair_css_class": "europe", "collapsed": false, "author_flair_richtext": [{"e": "text", "t": "Early Modern England &amp; Convict Labor"}], "is_submitter": false, "collapsed_reason": null, "body_html": "&lt;div class=\"md\"&gt;&lt;p&gt;The population of the London metropolis was about 400,000 people at the time of the Restoration, and was likely somewhat higher (Wrigley, &amp;quot;A Simple Model of London&amp;#39;s Importance in Changing English Society and Economy 1650-1750&amp;quot; &lt;em&gt;Past &amp;amp; Present&lt;/em&gt; (1967) p. 44). It&amp;#39;s difficult to say what the population was inside the walls, but 5,000 is nowhere close. In 1548, with a less compact population, the number of people living around London was about 60,000 (Brigden, &lt;em&gt;New Worlds, Lost Worlds&lt;/em&gt;, p. 295). By 1660, the population living just within the ancient walls probably matched or exceeded that number (&lt;em&gt;London Inhabitants Within the Walls, 1695&lt;/em&gt;).&lt;/p&gt;\n&lt;/div&gt;", "stickied": false, "subreddit_type": "public", "can_gild": true, "subreddit": "AskHistorians", "author_flair_text_color": null, "score_hidden": false, "permalink": "/r/AskHistorians/comments/5lvvx9/what_was_the_population_of_london_in_1660_during/dbz5k75/", "num_reports": null, "name": "t1_dbz5k75", "created": 1483534960.0, "author_flair_text": "Early Modern England &amp; Convict Labor", "rte_mode": "markdown", "created_utc": 1483506160.0, "subreddit_name_prefixed": "r/AskHistorians", "controversiality": 0, "depth": 0, "author_flair_background_color": null, "mod_reports": [], "mod_note": null, "distinguished": null}}], "after": null, "before": null}}]