[{"kind": "Listing", "data": {"modhash": "", "dist": 1, "children": [{"kind": "t3", "data": {"approved_at_utc": null, "subreddit": "AskHistorians", "selftext": "", "user_reports": [], "saved": false, "mod_reason_title": null, "gilded": 0, "clicked": false, "title": "How many ships like the Keying did the Qing possess? When did they start building them?", "link_flair_richtext": [], "subreddit_name_prefixed": "r/AskHistorians", "hidden": false, "pwls": 6, "link_flair_css_class": null, "downs": 0, "parent_whitelist_status": "all_ads", "hide_score": false, "name": "t3_eybtxe", "quarantine": false, "link_flair_text_color": "dark", "upvote_ratio": 1.0, "author_flair_background_color": null, "subreddit_type": "public", "ups": 2, "total_awards_received": 0, "media_embed": {}, "author_flair_template_id": null, "is_original_content": false, "author_fullname": "t2_558ehwb0", "secure_media": null, "is_reddit_media_domain": false, "is_meta": false, "category": null, "secure_media_embed": {}, "link_flair_text": null, "can_mod_post": false, "num_duplicates": 1, "approved_by": null, "author_premium": false, "thumbnail": "", "edited": false, "author_flair_css_class": null, "author_flair_richtext": [], "gildings": {}, "content_categories": null, "is_self": true, "mod_note": null, "created": 1580784946.0, "link_flair_type": "text", "wls": 6, "removed_by_category": null, "banned_by": null, "author_flair_type": "text", "domain": "self.AskHistorians", "allow_live_comments": false, "selftext_html": null, "likes": null, "suggested_sort": null, "banned_at_utc": null, "view_count": null, "archived": false, "score": 2, "no_follow": false, "is_crosspostable": false, "pinned": false, "over_18": false, "all_awardings": [], "awarders": [], "media_only": false, "can_gild": false, "spoiler": false, "locked": false, "author_flair_text": null, "treatment_tags": [], "visited": false, "removed_by": null, "num_reports": null, "distinguished": null, "subreddit_id": "t5_2ssp3", "mod_reason_by": null, "removal_reason": null, "link_flair_background_color": "", "id": "eybtxe", "is_robot_indexable": true, "report_reasons": null, "author": "OnShoulderOfGiants", "discussion_type": null, "num_comments": 4, "send_replies": true, "media": null, "contest_mode": false, "author_patreon_flair": false, "author_flair_text_color": null, "permalink": "/r/AskHistorians/comments/eybtxe/how_many_ships_like_the_keying_did_the_qing/", "whitelist_status": "all_ads", "stickied": false, "url": "https://www.reddit.com/r/AskHistorians/comments/eybtxe/how_many_ships_like_the_keying_did_the_qing/", "subreddit_subscribers": 1162578, "created_utc": 1580756146.0, "num_crossposts": 0, "mod_reports": [], "is_video": false}}], "after": null, "before": null}}, {"kind": "Listing", "data": {"modhash": "", "dist": null, "children": [{"kind": "t1", "data": {"total_awards_received": 0, "approved_at_utc": null, "ups": 1, "awarders": [], "mod_reason_by": null, "banned_by": null, "author_flair_type": "richtext", "removal_reason": null, "link_id": "t3_eybtxe", "author_flair_template_id": "9e641f94-c626-11e2-8e2c-12313b0b21ae", "likes": null, "replies": "", "user_reports": [], "saved": false, "id": "fgg7vlw", "banned_at_utc": null, "mod_reason_title": null, "gilded": 0, "archived": false, "no_follow": true, "author": "AutoModerator", "can_mod_post": false, "send_replies": false, "parent_id": "t3_eybtxe", "score": 1, "author_fullname": "t2_6l4z3", "report_reasons": null, "approved_by": null, "all_awardings": [], "subreddit_id": "t5_2ssp3", "body": "Welcome to /r/AskHistorians. **Please [Read Our Rules](https://www.reddit.com/r/AskHistorians/wiki/rules) before you comment in this community**. Understand that rule breaking comments get removed.\n\nWe thank you for your interest in this *question*, and your patience in waiting for an in-depth and comprehensive answer to be written, which takes time. Please consider **[Clicking Here for RemindMeBot](https://www.reddit.com/message/compose/?to=RemindMeBot&amp;subject=Reminder&amp;message=%5Bhttps://www.reddit.com/r/AskHistorians/comments/eybtxe/how_many_ships_like_the_keying_did_the_qing/%5D%0A%0ARemindMe!%202%20days)**, [using our Browser Extension](https://www.reddit.com/r/AskHistorians/comments/d6dzi7/tired_of_clicking_to_find_only_removed_comments/), or getting the [Weekly Roundup](https://www.reddit.com/message/compose?to=subredditsummarybot&amp;subject=askhistorians+weekly&amp;message=x). In the meantime our [Twitter](https://twitter.com/askhistorians), [Facebook](https://www.facebook.com/askhistorians/), and [Sunday Digest](https://www.reddit.com/r/AskHistorians/search?q=title%3A%22Sunday+Digest%22&amp;restrict_sr=on&amp;sort=new&amp;t=all) feature excellent content that has already been written!\n\n\n*I am a bot, and this action was performed automatically. Please [contact the moderators of this subreddit](/message/compose/?to=/r/AskHistorians) if you have any questions or concerns.*", "edited": false, "downs": 0, "author_flair_css_class": null, "is_submitter": false, "collapsed": false, "author_flair_richtext": [{"e": "text", "t": "History of Robotics"}], "author_patreon_flair": false, "body_html": "&lt;div class=\"md\"&gt;&lt;p&gt;Welcome to &lt;a href=\"/r/AskHistorians\"&gt;/r/AskHistorians&lt;/a&gt;. &lt;strong&gt;Please &lt;a href=\"https://www.reddit.com/r/AskHistorians/wiki/rules\"&gt;Read Our Rules&lt;/a&gt; before you comment in this community&lt;/strong&gt;. Understand that rule breaking comments get removed.&lt;/p&gt;\n\n&lt;p&gt;We thank you for your interest in this &lt;em&gt;question&lt;/em&gt;, and your patience in waiting for an in-depth and comprehensive answer to be written, which takes time. Please consider &lt;strong&gt;&lt;a href=\"https://www.reddit.com/message/compose/?to=RemindMeBot&amp;amp;subject=Reminder&amp;amp;message=%5Bhttps://www.reddit.com/r/AskHistorians/comments/eybtxe/how_many_ships_like_the_keying_did_the_qing/%5D%0A%0ARemindMe!%202%20days\"&gt;Clicking Here for RemindMeBot&lt;/a&gt;&lt;/strong&gt;, &lt;a href=\"https://www.reddit.com/r/AskHistorians/comments/d6dzi7/tired_of_clicking_to_find_only_removed_comments/\"&gt;using our Browser Extension&lt;/a&gt;, or getting the &lt;a href=\"https://www.reddit.com/message/compose?to=subredditsummarybot&amp;amp;subject=askhistorians+weekly&amp;amp;message=x\"&gt;Weekly Roundup&lt;/a&gt;. In the meantime our &lt;a href=\"https://twitter.com/askhistorians\"&gt;Twitter&lt;/a&gt;, &lt;a href=\"https://www.facebook.com/askhistorians/\"&gt;Facebook&lt;/a&gt;, and &lt;a href=\"https://www.reddit.com/r/AskHistorians/search?q=title%3A%22Sunday+Digest%22&amp;amp;restrict_sr=on&amp;amp;sort=new&amp;amp;t=all\"&gt;Sunday Digest&lt;/a&gt; feature excellent content that has already been written!&lt;/p&gt;\n\n&lt;p&gt;&lt;em&gt;I am a bot, and this action was performed automatically. Please &lt;a href=\"/message/compose/?to=/r/AskHistorians\"&gt;contact the moderators of this subreddit&lt;/a&gt; if you have any questions or concerns.&lt;/em&gt;&lt;/p&gt;\n&lt;/div&gt;", "gildings": {}, "collapsed_reason": null, "associated_award": null, "stickied": true, "author_premium": true, "subreddit_type": "public", "can_gild": true, "subreddit": "AskHistorians", "author_flair_text_color": "light", "score_hidden": true, "permalink": "/r/AskHistorians/comments/eybtxe/how_many_ships_like_the_keying_did_the_qing/fgg7vlw/", "num_reports": null, "locked": true, "name": "t1_fgg7vlw", "created": 1580784947.0, "author_flair_text": "History of Robotics", "treatment_tags": [], "created_utc": 1580756147.0, "subreddit_name_prefixed": "r/AskHistorians", "controversiality": 0, "depth": 0, "author_flair_background_color": "#993366", "collapsed_because_crowd_control": null, "mod_reports": [], "mod_note": null, "distinguished": "moderator"}}, {"kind": "t1", "data": {"total_awards_received": 0, "approved_at_utc": null, "ups": 9, "awarders": [], "mod_reason_by": null, "banned_by": null, "author_flair_type": "richtext", "removal_reason": null, "link_id": "t3_eybtxe", "author_flair_template_id": "9e641f94-c626-11e2-8e2c-12313b0b21ae", "likes": null, "replies": {"kind": "Listing", "data": {"modhash": "", "dist": null, "children": [{"kind": "t1", "data": {"total_awards_received": 0, "approved_at_utc": null, "ups": 4, "awarders": [], "mod_reason_by": null, "banned_by": null, "author_flair_type": "richtext", "removal_reason": null, "link_id": "t3_eybtxe", "author_flair_template_id": "9e641f94-c626-11e2-8e2c-12313b0b21ae", "likes": null, "replies": {"kind": "Listing", "data": {"modhash": "", "dist": null, "children": [{"kind": "t1", "data": {"total_awards_received": 0, "approved_at_utc": null, "ups": 2, "awarders": [], "mod_reason_by": null, "banned_by": null, "author_flair_type": "text", "removal_reason": null, "link_id": "t3_eybtxe", "author_flair_template_id": null, "likes": null, "replies": "", "user_reports": [], "saved": false, "id": "fjy1c3c", "banned_at_utc": null, "mod_reason_title": null, "gilded": 0, "archived": false, "no_follow": true, "author": "OnShoulderOfGiants", "can_mod_post": false, "created_utc": 1583687847.0, "send_replies": true, "parent_id": "t1_fggp02h", "score": 2, "author_fullname": "t2_558ehwb0", "report_reasons": null, "approved_by": null, "all_awardings": [], "subreddit_id": "t5_2ssp3", "body": "Very late but thanks!", "edited": false, "author_flair_css_class": null, "is_submitter": true, "downs": 0, "author_flair_richtext": [], "author_patreon_flair": false, "body_html": "&lt;div class=\"md\"&gt;&lt;p&gt;Very late but thanks!&lt;/p&gt;\n&lt;/div&gt;", "gildings": {}, "collapsed_reason": null, "associated_award": null, "stickied": false, "author_premium": false, "subreddit_type": "public", "can_gild": true, "subreddit": "AskHistorians", "author_flair_text_color": null, "score_hidden": false, "permalink": "/r/AskHistorians/comments/eybtxe/how_many_ships_like_the_keying_did_the_qing/fjy1c3c/", "num_reports": null, "locked": false, "name": "t1_fjy1c3c", "created": 1583716647.0, "author_flair_text": null, "treatment_tags": [], "collapsed": false, "subreddit_name_prefixed": "r/AskHistorians", "controversiality": 0, "depth": 2, "author_flair_background_color": null, "collapsed_because_crowd_control": null, "mod_reports": [], "mod_note": null, "distinguished": null}}], "after": null, "before": null}}, "user_reports": [], "saved": false, "id": "fggp02h", "banned_at_utc": null, "mod_reason_title": null, "gilded": 0, "archived": false, "no_follow": false, "author": "EnclavedMicrostate", "can_mod_post": false, "send_replies": true, "parent_id": "t1_fggozoi", "score": 4, "author_fullname": "t2_pncvt", "report_reasons": null, "approved_by": null, "all_awardings": [], "subreddit_id": "t5_2ssp3", "collapsed": false, "body": "### 2: The Relative Distribution of Ship Types\n\nHow common would a junk of *Keying*\u2019s size and design be? The answer seems to be \u2018not very\u2019. \n\nLet\u2019s start by looking at the *Keying*\u2019s normal sphere of activity, mercantile commerce. Paul van Dyke, working off Dutch and Swedish records, estimates that around 27-35 \u2018ocean-going\u2019 junks with a tonnage between 150 and 1000 tons operated out of Canton (and were not necessarily based there) each year in the period 1760-80, and it\u2019s unlikely this number would have increased significantly by 1840 \u2013 note that due to the seasonal nature of the Southeast Asian trade, these would usually have been the same ships over and over (with only 37 separate junks of ocean-going size known to use the port in the 1760s). Against this number, though, apparently 5000 or so \u2018Jiangnan ships\u2019 of tonnage between 2000 and 3000 *shi* (or in other words 140 and 210 tons) operated from Shanghai and Zhapu during the Daoguang era (1820-50). How do we account for this disparity in numbers? My suspicion is that either the *shi* as used in Shanghai was actually less than 70kg, and/or (most likely) that van Dyke significantly underestimates the minimum tonnage of \u2018ocean-going\u2019 junks. Still, the *Keying*\u2019s 400-ton minimum tonnage far exceeds the 210-ton maximum tonnage of the Jiangnan ships, and, based on the fact that the total size of grain shipments to Beijing does not seem to have been hampered by the limiting of transports to 140 tons in the 1680s, it\u2019s probable that larger junks would have been progressively less common. So, even with that lower-end 400-ton estimate, the *Keying* was pretty gigantic for a junk and well outside the 140 to 210-ton range of the most common medium ships.\n\nAs for naval vessels, the Qing fleet\u2019s exact composition is somewhat arcane, thanks to the names given to various types in many cases no longer being reconcilable to actual known designs. However, broadly speaking a large trading *fuchuan* was unlikely to be owned by the Qing for naval service, with the majority of ships being of relatively small size, for patrol and anti-piracy purposes. By the time of the Opium War of 1839-42, the average crew size on a Green Standard naval vessel was about 100 and the maximum number of guns was 14, which does not suggest particularly large ships were in use. While the *Keying* does have nine square designs either side that one might assume to be gunports, these are merely cosmetic \u2013 and in any case, were they in fact gunports that would suggest she could carry 18 guns, still placing her outside the bounds of a typical war junk.\n\nIn short, then, ships of the *Keying*\u2019s size must have been exceedingly rare. Outside Canton there would only have been a small handful of ports engaged in trade with Southeast Asia \u2013 Fuzhou, Amoy (Xiamen), perhaps Ningbo \u2013 and it is hard to imagine any of them having more than a small handful of these big ocean-goers, compared to the pre-industrial mega-port that was Canton. It\u2019s entirely possible that no more than 50 ships of B-class or larger existed at any one time.\n\nAnd that\u2019s without getting into the problem of regional design variations. As stated, the *Keying* was at its core a *fuchuan* design, but there were numerous other junk variants. The *fuchuan*\u2019s main competitor was of course the *guangchuan* of Canton, but there were also local designs from Amoy, Ningbo, and Taiwan. In particular, the Ningbo *danchuan* (\u2018egg ships\u2019) predominated in the more northerly waters of the Chinese coast. Given that Canton was the primary maritime trade centre of the Qing Empire, the *fuchuan* was unlikely to be the sole or even dominant design among large ocean-goers. On the flip-side, the *fuchuan* is in many ways the junk design most optimised for sea sailing rather than riverine navigation, so could well have been used in large proportions. And that\u2019s not even getting into the question of how many of the 150-1000 ton vessels were A-classes or large C-classes, where I have had no luck at all in finding useful figures.\n\nAll things considered, I\u2019d say there were at most 30 B-class *fuchuan* active at any one time, all in mercantile service. Subtract one once the *Keying* left for London in 1846.\n\n### 3: The Qing Fleet(s)\n\nAs said before, the *Keying* was an unarmed merchant ship, not a purpose-built warship, but it was not only military ships that the Qing state would have possessed. The Qing also had a need for unarmed merchants in order to carry out one of its most high-intensity economic schemes, the northbound grain tribute.\n\nBeijing is not situated in a particularly fertile part of China. However, for both the Ming and Qing, its strategic and symbolic importance warranted huge efforts to maintain it. Every year, thousands of vessels, mostly from the Yangtze though with some from the Yellow River provinces of Shandong and Henan, would carry hundreds of thousands of tons of grain to Beijing. This was not an entirely efficient arrangement \u2013 In the early 19th century, while 443,000 tons would be collected  per annum for the tribute, just over 200,000 were needed to cover collection, transport and storage costs, leaving only 243,000 for the Beijing granaries. In turn, 200,000 of these would be disbursed to civilian officials and as part of the stipend for Manchu Banner households, leaving only 43,000 for official stockpiles. The number of ships involved was equally sizeable: based on the 1812 regulations, the minimum quota was for 5,983. This was in fact a significant decrease from the early 18th century, when 315,000 tons reached the Beijing granaries (implying a total collection closer to 600,000 in that period), shipped by (officially) 10,515 vessels. As for these vessels, officially their construction, maintenance and crewing was to be overseen by the provinces, so for our purposes these can be considered state-owned.\n\nYet the sorts of ships that we are looking at here differ from the *Keying* in two crucial ways. Firstly, the grain tribute was (with the exception of a brief period of coastal transport) done over the Grand Canal using smaller, river-appropriate craft, not large seagoing vessels like the *Keying*. Under the Kangxi Emperor's regulations, the largest of these was not to exceed 85\u2019 (26 m) in length and 11\u2019 2\u201d (3.4 m) in beam with a maximum tonnage of 140 tons \u2013 just over half the length of the *Keying*, between half and a third of her beam, and as little as a sixth of her maximum tonnage. Increasing siltation at the junction of the Grand Canal and Yellow River also incentivised a shift towards smaller vessels over time \u2013 the average amount of grain carried per ship in the early 19th century, going by the official quotas, would have been around 74 tons, well below the maximum permitted tonnage. The maximum size of ship to permitted for the grain tribute in Qing regulations were for ships starting out from Jiangnan and Huguang, the most distant origin points, which, per a regulation of Qianlong Year 50 (1785) was set at a maximum of 84\u2019 (25.6 m) length, 15\u2019 9\u201d (4.8 m) beam and 7\u2019 3\u201d (2.2 m) depth of hold. Secondly, all these ships came from provinces north of Fujian, making it highly unlikely that they would be of *fuchuan* design, and moreover, the *fuchuan* is, as noted before, probably the most ocean-optimised junk design compared to the more riverine craft that the grain tribute ships consisted of. So before the more consistent use of seaborne grain transport after 1850, the Qing were not making use of large junks at all, and those they did use were probably not *fuchuan*.\n\nThe periods when seaborne rather than riverine grain tribute was employed \u2013 1826, 1847 and after the Yellow River floods in 1851 \u2013 deserve a bit more attention. 130 ships from the Yangtze delta and Shandong were employed in 1826, suggesting the use of quite large vessels. However, the heavier ones would have been of northern patterns like the Ningbo *danchuan* and the lighter ones would have been flat-bottomed *shachuan* (\u2018sand ships\u2019), rather than *fuchuan* like the *Keying*. More importantly, these were almost exclusively privately contracted and organised, rather than through provincial authorities like the riverine tribute had been. As such, few if any state-owned vessels would have been involved in the maritime grain tribute after 1850, so even if there were large *fuchuan* there, they would have been privately owned.\n\nSo the final concluding statement here would be that the Qing simply did not own any ships matching the *Keying*\u2019s size, design and intended function. They were unlikely to have owned any B-class junks at all, while most of their *fuchuan* would have been small craft for naval service and most of their merchant ships would have been small and not *fuchuan*.\n\n### Sources, Notes and References\n\n* For the *Keying* herself, see Stephen A. Davies, *East Sails West: The Voyage of the* Keying, *1846\u20131855* (2014), in particular the chapters on the ship\u2019s design (pp. 193-234).\n\n* For details on the junk trade, see Paul A. Van Dyke, *The Canton Trade: Life and Enterprise on the China Coast, 1700-1845* (2005), in particular pp. 145-50.\n\n* A somewhat outdated but useful enough survey of the Qing fleet at the time of the Opium War can be found in chapter 1  of John L. Rawlinson, *China\u2019s Struggle for Naval Devlopment, 1839-1895* (1967).\n\n* For details on Qing shipbuilding and the tribute trade, see Christine Moll-Murata, *State and Crafts in the Qing Dynasty (1644-1911)* (2018), Chapters 4 through 6 (pp. 123-212).", "edited": 1586391570.0, "author_flair_css_class": null, "is_submitter": false, "downs": 0, "author_flair_richtext": [{"e": "text", "t": "Moderator | Taiping Heavenly Kingdom | Qing Dynasty"}], "author_patreon_flair": false, "body_html": "&lt;div class=\"md\"&gt;&lt;h3&gt;2: The Relative Distribution of Ship Types&lt;/h3&gt;\n\n&lt;p&gt;How common would a junk of &lt;em&gt;Keying&lt;/em&gt;\u2019s size and design be? The answer seems to be \u2018not very\u2019. &lt;/p&gt;\n\n&lt;p&gt;Let\u2019s start by looking at the &lt;em&gt;Keying&lt;/em&gt;\u2019s normal sphere of activity, mercantile commerce. Paul van Dyke, working off Dutch and Swedish records, estimates that around 27-35 \u2018ocean-going\u2019 junks with a tonnage between 150 and 1000 tons operated out of Canton (and were not necessarily based there) each year in the period 1760-80, and it\u2019s unlikely this number would have increased significantly by 1840 \u2013 note that due to the seasonal nature of the Southeast Asian trade, these would usually have been the same ships over and over (with only 37 separate junks of ocean-going size known to use the port in the 1760s). Against this number, though, apparently 5000 or so \u2018Jiangnan ships\u2019 of tonnage between 2000 and 3000 &lt;em&gt;shi&lt;/em&gt; (or in other words 140 and 210 tons) operated from Shanghai and Zhapu during the Daoguang era (1820-50). How do we account for this disparity in numbers? My suspicion is that either the &lt;em&gt;shi&lt;/em&gt; as used in Shanghai was actually less than 70kg, and/or (most likely) that van Dyke significantly underestimates the minimum tonnage of \u2018ocean-going\u2019 junks. Still, the &lt;em&gt;Keying&lt;/em&gt;\u2019s 400-ton minimum tonnage far exceeds the 210-ton maximum tonnage of the Jiangnan ships, and, based on the fact that the total size of grain shipments to Beijing does not seem to have been hampered by the limiting of transports to 140 tons in the 1680s, it\u2019s probable that larger junks would have been progressively less common. So, even with that lower-end 400-ton estimate, the &lt;em&gt;Keying&lt;/em&gt; was pretty gigantic for a junk and well outside the 140 to 210-ton range of the most common medium ships.&lt;/p&gt;\n\n&lt;p&gt;As for naval vessels, the Qing fleet\u2019s exact composition is somewhat arcane, thanks to the names given to various types in many cases no longer being reconcilable to actual known designs. However, broadly speaking a large trading &lt;em&gt;fuchuan&lt;/em&gt; was unlikely to be owned by the Qing for naval service, with the majority of ships being of relatively small size, for patrol and anti-piracy purposes. By the time of the Opium War of 1839-42, the average crew size on a Green Standard naval vessel was about 100 and the maximum number of guns was 14, which does not suggest particularly large ships were in use. While the &lt;em&gt;Keying&lt;/em&gt; does have nine square designs either side that one might assume to be gunports, these are merely cosmetic \u2013 and in any case, were they in fact gunports that would suggest she could carry 18 guns, still placing her outside the bounds of a typical war junk.&lt;/p&gt;\n\n&lt;p&gt;In short, then, ships of the &lt;em&gt;Keying&lt;/em&gt;\u2019s size must have been exceedingly rare. Outside Canton there would only have been a small handful of ports engaged in trade with Southeast Asia \u2013 Fuzhou, Amoy (Xiamen), perhaps Ningbo \u2013 and it is hard to imagine any of them having more than a small handful of these big ocean-goers, compared to the pre-industrial mega-port that was Canton. It\u2019s entirely possible that no more than 50 ships of B-class or larger existed at any one time.&lt;/p&gt;\n\n&lt;p&gt;And that\u2019s without getting into the problem of regional design variations. As stated, the &lt;em&gt;Keying&lt;/em&gt; was at its core a &lt;em&gt;fuchuan&lt;/em&gt; design, but there were numerous other junk variants. The &lt;em&gt;fuchuan&lt;/em&gt;\u2019s main competitor was of course the &lt;em&gt;guangchuan&lt;/em&gt; of Canton, but there were also local designs from Amoy, Ningbo, and Taiwan. In particular, the Ningbo &lt;em&gt;danchuan&lt;/em&gt; (\u2018egg ships\u2019) predominated in the more northerly waters of the Chinese coast. Given that Canton was the primary maritime trade centre of the Qing Empire, the &lt;em&gt;fuchuan&lt;/em&gt; was unlikely to be the sole or even dominant design among large ocean-goers. On the flip-side, the &lt;em&gt;fuchuan&lt;/em&gt; is in many ways the junk design most optimised for sea sailing rather than riverine navigation, so could well have been used in large proportions. And that\u2019s not even getting into the question of how many of the 150-1000 ton vessels were A-classes or large C-classes, where I have had no luck at all in finding useful figures.&lt;/p&gt;\n\n&lt;p&gt;All things considered, I\u2019d say there were at most 30 B-class &lt;em&gt;fuchuan&lt;/em&gt; active at any one time, all in mercantile service. Subtract one once the &lt;em&gt;Keying&lt;/em&gt; left for London in 1846.&lt;/p&gt;\n\n&lt;h3&gt;3: The Qing Fleet(s)&lt;/h3&gt;\n\n&lt;p&gt;As said before, the &lt;em&gt;Keying&lt;/em&gt; was an unarmed merchant ship, not a purpose-built warship, but it was not only military ships that the Qing state would have possessed. The Qing also had a need for unarmed merchants in order to carry out one of its most high-intensity economic schemes, the northbound grain tribute.&lt;/p&gt;\n\n&lt;p&gt;Beijing is not situated in a particularly fertile part of China. However, for both the Ming and Qing, its strategic and symbolic importance warranted huge efforts to maintain it. Every year, thousands of vessels, mostly from the Yangtze though with some from the Yellow River provinces of Shandong and Henan, would carry hundreds of thousands of tons of grain to Beijing. This was not an entirely efficient arrangement \u2013 In the early 19th century, while 443,000 tons would be collected  per annum for the tribute, just over 200,000 were needed to cover collection, transport and storage costs, leaving only 243,000 for the Beijing granaries. In turn, 200,000 of these would be disbursed to civilian officials and as part of the stipend for Manchu Banner households, leaving only 43,000 for official stockpiles. The number of ships involved was equally sizeable: based on the 1812 regulations, the minimum quota was for 5,983. This was in fact a significant decrease from the early 18th century, when 315,000 tons reached the Beijing granaries (implying a total collection closer to 600,000 in that period), shipped by (officially) 10,515 vessels. As for these vessels, officially their construction, maintenance and crewing was to be overseen by the provinces, so for our purposes these can be considered state-owned.&lt;/p&gt;\n\n&lt;p&gt;Yet the sorts of ships that we are looking at here differ from the &lt;em&gt;Keying&lt;/em&gt; in two crucial ways. Firstly, the grain tribute was (with the exception of a brief period of coastal transport) done over the Grand Canal using smaller, river-appropriate craft, not large seagoing vessels like the &lt;em&gt;Keying&lt;/em&gt;. Under the Kangxi Emperor&amp;#39;s regulations, the largest of these was not to exceed 85\u2019 (26 m) in length and 11\u2019 2\u201d (3.4 m) in beam with a maximum tonnage of 140 tons \u2013 just over half the length of the &lt;em&gt;Keying&lt;/em&gt;, between half and a third of her beam, and as little as a sixth of her maximum tonnage. Increasing siltation at the junction of the Grand Canal and Yellow River also incentivised a shift towards smaller vessels over time \u2013 the average amount of grain carried per ship in the early 19th century, going by the official quotas, would have been around 74 tons, well below the maximum permitted tonnage. The maximum size of ship to permitted for the grain tribute in Qing regulations were for ships starting out from Jiangnan and Huguang, the most distant origin points, which, per a regulation of Qianlong Year 50 (1785) was set at a maximum of 84\u2019 (25.6 m) length, 15\u2019 9\u201d (4.8 m) beam and 7\u2019 3\u201d (2.2 m) depth of hold. Secondly, all these ships came from provinces north of Fujian, making it highly unlikely that they would be of &lt;em&gt;fuchuan&lt;/em&gt; design, and moreover, the &lt;em&gt;fuchuan&lt;/em&gt; is, as noted before, probably the most ocean-optimised junk design compared to the more riverine craft that the grain tribute ships consisted of. So before the more consistent use of seaborne grain transport after 1850, the Qing were not making use of large junks at all, and those they did use were probably not &lt;em&gt;fuchuan&lt;/em&gt;.&lt;/p&gt;\n\n&lt;p&gt;The periods when seaborne rather than riverine grain tribute was employed \u2013 1826, 1847 and after the Yellow River floods in 1851 \u2013 deserve a bit more attention. 130 ships from the Yangtze delta and Shandong were employed in 1826, suggesting the use of quite large vessels. However, the heavier ones would have been of northern patterns like the Ningbo &lt;em&gt;danchuan&lt;/em&gt; and the lighter ones would have been flat-bottomed &lt;em&gt;shachuan&lt;/em&gt; (\u2018sand ships\u2019), rather than &lt;em&gt;fuchuan&lt;/em&gt; like the &lt;em&gt;Keying&lt;/em&gt;. More importantly, these were almost exclusively privately contracted and organised, rather than through provincial authorities like the riverine tribute had been. As such, few if any state-owned vessels would have been involved in the maritime grain tribute after 1850, so even if there were large &lt;em&gt;fuchuan&lt;/em&gt; there, they would have been privately owned.&lt;/p&gt;\n\n&lt;p&gt;So the final concluding statement here would be that the Qing simply did not own any ships matching the &lt;em&gt;Keying&lt;/em&gt;\u2019s size, design and intended function. They were unlikely to have owned any B-class junks at all, while most of their &lt;em&gt;fuchuan&lt;/em&gt; would have been small craft for naval service and most of their merchant ships would have been small and not &lt;em&gt;fuchuan&lt;/em&gt;.&lt;/p&gt;\n\n&lt;h3&gt;Sources, Notes and References&lt;/h3&gt;\n\n&lt;ul&gt;\n&lt;li&gt;&lt;p&gt;For the &lt;em&gt;Keying&lt;/em&gt; herself, see Stephen A. Davies, &lt;em&gt;East Sails West: The Voyage of the&lt;/em&gt; Keying, &lt;em&gt;1846\u20131855&lt;/em&gt; (2014), in particular the chapters on the ship\u2019s design (pp. 193-234).&lt;/p&gt;&lt;/li&gt;\n&lt;li&gt;&lt;p&gt;For details on the junk trade, see Paul A. Van Dyke, &lt;em&gt;The Canton Trade: Life and Enterprise on the China Coast, 1700-1845&lt;/em&gt; (2005), in particular pp. 145-50.&lt;/p&gt;&lt;/li&gt;\n&lt;li&gt;&lt;p&gt;A somewhat outdated but useful enough survey of the Qing fleet at the time of the Opium War can be found in chapter 1  of John L. Rawlinson, &lt;em&gt;China\u2019s Struggle for Naval Devlopment, 1839-1895&lt;/em&gt; (1967).&lt;/p&gt;&lt;/li&gt;\n&lt;li&gt;&lt;p&gt;For details on Qing shipbuilding and the tribute trade, see Christine Moll-Murata, &lt;em&gt;State and Crafts in the Qing Dynasty (1644-1911)&lt;/em&gt; (2018), Chapters 4 through 6 (pp. 123-212).&lt;/p&gt;&lt;/li&gt;\n&lt;/ul&gt;\n&lt;/div&gt;", "gildings": {}, "collapsed_reason": null, "associated_award": null, "stickied": false, "author_premium": false, "subreddit_type": "public", "can_gild": true, "subreddit": "AskHistorians", "author_flair_text_color": "light", "score_hidden": false, "permalink": "/r/AskHistorians/comments/eybtxe/how_many_ships_like_the_keying_did_the_qing/fggp02h/", "num_reports": null, "locked": false, "name": "t1_fggp02h", "created": 1580795231.0, "author_flair_text": "Moderator | Taiping Heavenly Kingdom | Qing Dynasty", "treatment_tags": [], "created_utc": 1580766431.0, "subreddit_name_prefixed": "r/AskHistorians", "controversiality": 0, "depth": 1, "author_flair_background_color": "#993366", "collapsed_because_crowd_control": null, "mod_reports": [], "mod_note": null, "distinguished": null}}], "after": null, "before": null}}, "user_reports": [], "saved": false, "id": "fggozoi", "banned_at_utc": null, "mod_reason_title": null, "gilded": 0, "archived": false, "no_follow": false, "author": "EnclavedMicrostate", "can_mod_post": false, "send_replies": true, "parent_id": "t3_eybtxe", "score": 9, "author_fullname": "t2_pncvt", "report_reasons": null, "approved_by": null, "all_awardings": [], "subreddit_id": "t5_2ssp3", "body": "### Preamble\n\nSo this question seemed familiar when it came up, and it turns out it\u2019s been asked many months ago (now beyond the archive date) by /u/Wewatta, but never got an answer. At the time, I had neither the specific knowledge about the *Keying* nor the more general awareness of Qing maritime history needed to produce such an answer, but things have changed. Rather nicely, [a recent Tuesday Trivia gave me the chance to talk about the *Keying*\u2019s journey](https://www.reddit.com/r/AskHistorians/comments/ei3r9p/til_tuesdays_luxury_ship_passengers_in_the/fcn5kfu/), so this question also lets me do a bit about the ship\u2019s technical aspects. So, thanks for reposting it!\n\n### Introduction\n\nThe latter part of the question is simple enough: as far as we know, the *Keying*\u2019s basic design was effectively the same as larger examples of those built under the Ming in the fifteenth century, though of course with incremental alterations in the centuries since. So the Qing (in the general sense of the subjects of the Qing state as well as the Qing state itself) had been building these from the time when they had major shipyards capable of doing so during the conquest of the Ming in the 1640s-60s.\n\nThe first part of the question, however, the answer to which will be the meat of this post, carries a couple of assumptions, including that the reader will know what the *Keying* was. For context, the *Keying*, which set out from Hong Kong in 1846, was the first, and so far only, Chinese junk to successfully sail to the East Coast of North America and in turn Europe, reaching New York in July 1847 and London in March 1848. *Keying* is interesting precisely because of how unusual the feat she achieved was: a feat that, as noted, has never been repeated, though some trans-Pacific journeys have been attempted with almost complete success (the *Taiping Gongzhu*, which set out from Taiwan in June 2008, almost completed her return journey from San Fransisco when she was rammed by an oil tanker 42 nautical miles from Taipei in April 2009.) However, this feat was not an entirely Chinese achievement. Indeed, its very genesis was as a Western money-making scheme, where she was to be brought to London as a floating museum. While details of the trip itself are somewhat scant beyond what her captain, Charles Kellett, was willing to divulge, it seems that her journey would not have been possible without rigorously enforced onboard discipline in the style of Western seagoing vessels, which backfired heavily when her crew mutinied once in New York. \n\nBut to really give an answer to the question, it needs to be broken down into three parts:\n\n1. What sort of ship was the *Keying*?\n2. How common were such ships?\n3. How many would have been owned by the Qing state?\n\nAlso, for the sake of convenience, we need to have a clearly-defined time period, given that the Qing spanned 276 years. As the question is asking about the *Keying*, it seems appropriate to go for the time of the *Keying* venture or thereabouts \u2013 roughly the period 1842-50.\n\n### 1: The Design of the *Keying*\n\nWe don\u2019t really know the precise details of the *Keying*\u2019s construction, but we can reach some reasonable conclusions.\n\nFirstly, her dimensions vary between accounts, with the least uncertain dimension being her length, which was between 160\u2019 and 165\u2019 (48-50 m). All her other dimensions are up in the air: her beam varies between 25\u2019 6\u201d and 35\u2019 4\u201d (7.8-10.8 m), depth of hold between 12\u2019 and 19\u2019 (3.6-5.8 m), mainsail area between 9,900 and 11,000 square feet (920-1020 m^2 ), giving a tonnage of anywhere between 400 and 800 tons. For that reason, we can\u2019t even be sure what size class she corresponded to \u2013 typically, she\u2019s taken to be a B-class trading junk, which could vary between 85 and 127 feet (26-39 m) in length and 24 and 36 (7.2-11 m) feet in beam. But the actual length measurements suggest that she may in fact have been a somewhat narrow A-class, given how clearly the length is out of the range of a B-class. This is, of course, assuming that we can correctly convert Qing shipbuilders\u2019 units of length into modern standardised ones, which we can\u2019t with much certainty. Complicating this further, the total length of the *Keying* is being compared to the \u2018length on deck\u2019 of a B-class junk, which is only measured between the fore and mizzen masts and thus excludes parts of the bow and stern, so it is plausible that actually a large B-class could indeed have a total length of around 160\u2019. I\u2019m happy to end the discussion there and call the *Keying* something on the larger end of a B-class junk. In any case, it's her dimensions and tonnage, not the label we assign to her, that will be compared against other Qing-era ships later.\n\nJust to restate here, the *Keying* was specifically a trade junk, not a military one \u2013 though the differences in design were not necessarily that major, at least in terms of core construction. But this has direct bearing on the final part of this answer, tackling the issue of how many the Qing *state* held.\n\nBesides her size, there\u2019s the question of the ship\u2019s specific regional design variant. Stephen Davies, in his book on the *Keying*, notes that from our pictorial evidence, she seems to have been a hybrid of two styles: the Fuzhou style (*fuchuan*) and Canton (Guangzhou) style (*guangchuan*). Features of the former include her high forward wings at the bow, cambered (downward-curving) deck and elaborate recessed transom (windows) at the stern; features of the latter include her fenestrated (that is, perforated) rudder ([see an example here](https://rudderinvention.weebly.com/uploads/2/9/3/0/29300627/191303301.jpg)) and apparent teak construction. However, looking at the textual evidence, contemporary comments from Hong Kong newspapers indicated that her design may have been Thai or Vietnamese (although both were derivatives of the *fuchuan*). There\u2019s a whole host of possibilities at work, not helped by the rather murky question of whether, before its purchase by the Hong Kong consortium in 1846, *Keying* was actually commissioned for construction by an American investor in 1844/5, or an older ship (potentially a century or more) that he had purchased. Davies suggests \u2013 and I am inclined to agree \u2013 that the two most likely possibilities are that:\n\nA: If the *Keying* was indeed an older ship, then she was originally a conventional *fuchuan* or one of its Southeast Asian imitators, explaining why her core construction (particularly the deck and transom) was of Fuzhou design. However, she was later based out of Canton, explaining the existence of *guangchuan* features on high-wear, replaceable elements like the rudder. It may also serve to explain why the construction was apparently teak: much of the original Fujian pine planking may have been replaced over time.\n\nB: If the *Keying* was commissioned in 1844/5, it is plausible the American asked for a Fuzhou design from the Canton shipwrights, explaining the use of teak instead of hard pine and the coexistence of the fenestrated rudder with the otherwise *fuchuan* structure.\n\nSo, the basic conclusion would be as follows: the *Keying* was a B-class junk designed for the Southeast Asian monsoon trade, with a tonnage of between 400 and 800 tons. Her core construction is consistent with that of a *fuchuan*, but certain components, including quite possibly a large portion of the planking, are consistent with a *guangchuan*. In short, the *Keying* was a B-class *fuchuan* with some modifications.", "edited": 1586391422.0, "downs": 0, "author_flair_css_class": null, "is_submitter": false, "collapsed": false, "author_flair_richtext": [{"e": "text", "t": "Moderator | Taiping Heavenly Kingdom | Qing Dynasty"}], "author_patreon_flair": false, "body_html": "&lt;div class=\"md\"&gt;&lt;h3&gt;Preamble&lt;/h3&gt;\n\n&lt;p&gt;So this question seemed familiar when it came up, and it turns out it\u2019s been asked many months ago (now beyond the archive date) by &lt;a href=\"/u/Wewatta\"&gt;/u/Wewatta&lt;/a&gt;, but never got an answer. At the time, I had neither the specific knowledge about the &lt;em&gt;Keying&lt;/em&gt; nor the more general awareness of Qing maritime history needed to produce such an answer, but things have changed. Rather nicely, &lt;a href=\"https://www.reddit.com/r/AskHistorians/comments/ei3r9p/til_tuesdays_luxury_ship_passengers_in_the/fcn5kfu/\"&gt;a recent Tuesday Trivia gave me the chance to talk about the &lt;em&gt;Keying&lt;/em&gt;\u2019s journey&lt;/a&gt;, so this question also lets me do a bit about the ship\u2019s technical aspects. So, thanks for reposting it!&lt;/p&gt;\n\n&lt;h3&gt;Introduction&lt;/h3&gt;\n\n&lt;p&gt;The latter part of the question is simple enough: as far as we know, the &lt;em&gt;Keying&lt;/em&gt;\u2019s basic design was effectively the same as larger examples of those built under the Ming in the fifteenth century, though of course with incremental alterations in the centuries since. So the Qing (in the general sense of the subjects of the Qing state as well as the Qing state itself) had been building these from the time when they had major shipyards capable of doing so during the conquest of the Ming in the 1640s-60s.&lt;/p&gt;\n\n&lt;p&gt;The first part of the question, however, the answer to which will be the meat of this post, carries a couple of assumptions, including that the reader will know what the &lt;em&gt;Keying&lt;/em&gt; was. For context, the &lt;em&gt;Keying&lt;/em&gt;, which set out from Hong Kong in 1846, was the first, and so far only, Chinese junk to successfully sail to the East Coast of North America and in turn Europe, reaching New York in July 1847 and London in March 1848. &lt;em&gt;Keying&lt;/em&gt; is interesting precisely because of how unusual the feat she achieved was: a feat that, as noted, has never been repeated, though some trans-Pacific journeys have been attempted with almost complete success (the &lt;em&gt;Taiping Gongzhu&lt;/em&gt;, which set out from Taiwan in June 2008, almost completed her return journey from San Fransisco when she was rammed by an oil tanker 42 nautical miles from Taipei in April 2009.) However, this feat was not an entirely Chinese achievement. Indeed, its very genesis was as a Western money-making scheme, where she was to be brought to London as a floating museum. While details of the trip itself are somewhat scant beyond what her captain, Charles Kellett, was willing to divulge, it seems that her journey would not have been possible without rigorously enforced onboard discipline in the style of Western seagoing vessels, which backfired heavily when her crew mutinied once in New York. &lt;/p&gt;\n\n&lt;p&gt;But to really give an answer to the question, it needs to be broken down into three parts:&lt;/p&gt;\n\n&lt;ol&gt;\n&lt;li&gt;What sort of ship was the &lt;em&gt;Keying&lt;/em&gt;?&lt;/li&gt;\n&lt;li&gt;How common were such ships?&lt;/li&gt;\n&lt;li&gt;How many would have been owned by the Qing state?&lt;/li&gt;\n&lt;/ol&gt;\n\n&lt;p&gt;Also, for the sake of convenience, we need to have a clearly-defined time period, given that the Qing spanned 276 years. As the question is asking about the &lt;em&gt;Keying&lt;/em&gt;, it seems appropriate to go for the time of the &lt;em&gt;Keying&lt;/em&gt; venture or thereabouts \u2013 roughly the period 1842-50.&lt;/p&gt;\n\n&lt;h3&gt;1: The Design of the &lt;em&gt;Keying&lt;/em&gt;&lt;/h3&gt;\n\n&lt;p&gt;We don\u2019t really know the precise details of the &lt;em&gt;Keying&lt;/em&gt;\u2019s construction, but we can reach some reasonable conclusions.&lt;/p&gt;\n\n&lt;p&gt;Firstly, her dimensions vary between accounts, with the least uncertain dimension being her length, which was between 160\u2019 and 165\u2019 (48-50 m). All her other dimensions are up in the air: her beam varies between 25\u2019 6\u201d and 35\u2019 4\u201d (7.8-10.8 m), depth of hold between 12\u2019 and 19\u2019 (3.6-5.8 m), mainsail area between 9,900 and 11,000 square feet (920-1020 m&lt;sup&gt;2&lt;/sup&gt; ), giving a tonnage of anywhere between 400 and 800 tons. For that reason, we can\u2019t even be sure what size class she corresponded to \u2013 typically, she\u2019s taken to be a B-class trading junk, which could vary between 85 and 127 feet (26-39 m) in length and 24 and 36 (7.2-11 m) feet in beam. But the actual length measurements suggest that she may in fact have been a somewhat narrow A-class, given how clearly the length is out of the range of a B-class. This is, of course, assuming that we can correctly convert Qing shipbuilders\u2019 units of length into modern standardised ones, which we can\u2019t with much certainty. Complicating this further, the total length of the &lt;em&gt;Keying&lt;/em&gt; is being compared to the \u2018length on deck\u2019 of a B-class junk, which is only measured between the fore and mizzen masts and thus excludes parts of the bow and stern, so it is plausible that actually a large B-class could indeed have a total length of around 160\u2019. I\u2019m happy to end the discussion there and call the &lt;em&gt;Keying&lt;/em&gt; something on the larger end of a B-class junk. In any case, it&amp;#39;s her dimensions and tonnage, not the label we assign to her, that will be compared against other Qing-era ships later.&lt;/p&gt;\n\n&lt;p&gt;Just to restate here, the &lt;em&gt;Keying&lt;/em&gt; was specifically a trade junk, not a military one \u2013 though the differences in design were not necessarily that major, at least in terms of core construction. But this has direct bearing on the final part of this answer, tackling the issue of how many the Qing &lt;em&gt;state&lt;/em&gt; held.&lt;/p&gt;\n\n&lt;p&gt;Besides her size, there\u2019s the question of the ship\u2019s specific regional design variant. Stephen Davies, in his book on the &lt;em&gt;Keying&lt;/em&gt;, notes that from our pictorial evidence, she seems to have been a hybrid of two styles: the Fuzhou style (&lt;em&gt;fuchuan&lt;/em&gt;) and Canton (Guangzhou) style (&lt;em&gt;guangchuan&lt;/em&gt;). Features of the former include her high forward wings at the bow, cambered (downward-curving) deck and elaborate recessed transom (windows) at the stern; features of the latter include her fenestrated (that is, perforated) rudder (&lt;a href=\"https://rudderinvention.weebly.com/uploads/2/9/3/0/29300627/191303301.jpg\"&gt;see an example here&lt;/a&gt;) and apparent teak construction. However, looking at the textual evidence, contemporary comments from Hong Kong newspapers indicated that her design may have been Thai or Vietnamese (although both were derivatives of the &lt;em&gt;fuchuan&lt;/em&gt;). There\u2019s a whole host of possibilities at work, not helped by the rather murky question of whether, before its purchase by the Hong Kong consortium in 1846, &lt;em&gt;Keying&lt;/em&gt; was actually commissioned for construction by an American investor in 1844/5, or an older ship (potentially a century or more) that he had purchased. Davies suggests \u2013 and I am inclined to agree \u2013 that the two most likely possibilities are that:&lt;/p&gt;\n\n&lt;p&gt;A: If the &lt;em&gt;Keying&lt;/em&gt; was indeed an older ship, then she was originally a conventional &lt;em&gt;fuchuan&lt;/em&gt; or one of its Southeast Asian imitators, explaining why her core construction (particularly the deck and transom) was of Fuzhou design. However, she was later based out of Canton, explaining the existence of &lt;em&gt;guangchuan&lt;/em&gt; features on high-wear, replaceable elements like the rudder. It may also serve to explain why the construction was apparently teak: much of the original Fujian pine planking may have been replaced over time.&lt;/p&gt;\n\n&lt;p&gt;B: If the &lt;em&gt;Keying&lt;/em&gt; was commissioned in 1844/5, it is plausible the American asked for a Fuzhou design from the Canton shipwrights, explaining the use of teak instead of hard pine and the coexistence of the fenestrated rudder with the otherwise &lt;em&gt;fuchuan&lt;/em&gt; structure.&lt;/p&gt;\n\n&lt;p&gt;So, the basic conclusion would be as follows: the &lt;em&gt;Keying&lt;/em&gt; was a B-class junk designed for the Southeast Asian monsoon trade, with a tonnage of between 400 and 800 tons. Her core construction is consistent with that of a &lt;em&gt;fuchuan&lt;/em&gt;, but certain components, including quite possibly a large portion of the planking, are consistent with a &lt;em&gt;guangchuan&lt;/em&gt;. In short, the &lt;em&gt;Keying&lt;/em&gt; was a B-class &lt;em&gt;fuchuan&lt;/em&gt; with some modifications.&lt;/p&gt;\n&lt;/div&gt;", "gildings": {}, "collapsed_reason": null, "associated_award": null, "stickied": false, "author_premium": false, "subreddit_type": "public", "can_gild": true, "subreddit": "AskHistorians", "author_flair_text_color": "light", "score_hidden": false, "permalink": "/r/AskHistorians/comments/eybtxe/how_many_ships_like_the_keying_did_the_qing/fggozoi/", "num_reports": null, "locked": false, "name": "t1_fggozoi", "created": 1580795224.0, "author_flair_text": "Moderator | Taiping Heavenly Kingdom | Qing Dynasty", "treatment_tags": [], "created_utc": 1580766424.0, "subreddit_name_prefixed": "r/AskHistorians", "controversiality": 0, "depth": 0, "author_flair_background_color": "#993366", "collapsed_because_crowd_control": null, "mod_reports": [], "mod_note": null, "distinguished": null}}], "after": null, "before": null}}]