[{"kind": "Listing", "data": {"modhash": "", "dist": 1, "children": [{"kind": "t3", "data": {"approved_at_utc": null, "subreddit": "AskHistorians", "selftext": "I recently picked up assassins creed black flag (which is extremely non-realistic when it comes to historical and realistic accuracy, so don't worry about me thinking everything in black flag is 100% accurate) and I noticed that many ships in there (including the main characters) use a trireme like bow that is used to ram other ships, but I can't really say that I've ever heard that ramming is a commonly used tactics during this time spectrum (especially since it would put you into the range of several broadside shots. but I might be wrong).\n\nI can see it being a good tactics during a large battle where you can have some ships supplying a distraction for lighter and faster ships that are moving in from the flank to board or ram the other enemy ships.\n\nI tried searching a bit for this but I can't find any good sources regarding it.", "user_reports": [], "saved": false, "mod_reason_title": null, "gilded": 0, "clicked": false, "title": "During 15th-17th century, was ramming a common naval tactics?", "link_flair_richtext": [], "subreddit_name_prefixed": "r/AskHistorians", "hidden": false, "pwls": 6, "link_flair_css_class": null, "downs": 0, "parent_whitelist_status": "all_ads", "hide_score": false, "name": "t3_6kmy59", "quarantine": false, "link_flair_text_color": "dark", "upvote_ratio": 0.83, "author_flair_background_color": null, "subreddit_type": "public", "ups": 11, "domain": "self.AskHistorians", "media_embed": {}, "author_flair_template_id": null, "is_original_content": false, "secure_media": null, "is_reddit_media_domain": false, "category": null, "secure_media_embed": {}, "link_flair_text": null, "can_mod_post": false, "score": 11, "approved_by": null, "thumbnail": "", "edited": false, "author_flair_css_class": null, "author_flair_richtext": [], "content_categories": null, "is_self": true, "mod_note": null, "created": 1498944208.0, "link_flair_type": "text", "wls": 6, "post_categories": null, "banned_by": null, "author_flair_type": "text", "contest_mode": false, "selftext_html": "&lt;!-- SC_OFF --&gt;&lt;div class=\"md\"&gt;&lt;p&gt;I recently picked up assassins creed black flag (which is extremely non-realistic when it comes to historical and realistic accuracy, so don&amp;#39;t worry about me thinking everything in black flag is 100% accurate) and I noticed that many ships in there (including the main characters) use a trireme like bow that is used to ram other ships, but I can&amp;#39;t really say that I&amp;#39;ve ever heard that ramming is a commonly used tactics during this time spectrum (especially since it would put you into the range of several broadside shots. but I might be wrong).&lt;/p&gt;\n\n&lt;p&gt;I can see it being a good tactics during a large battle where you can have some ships supplying a distraction for lighter and faster ships that are moving in from the flank to board or ram the other enemy ships.&lt;/p&gt;\n\n&lt;p&gt;I tried searching a bit for this but I can&amp;#39;t find any good sources regarding it.&lt;/p&gt;\n&lt;/div&gt;&lt;!-- SC_ON --&gt;", "likes": null, "suggested_sort": null, "banned_at_utc": null, "view_count": null, "archived": true, "no_follow": false, "is_crosspostable": false, "pinned": false, "over_18": false, "media_only": false, "can_gild": false, "spoiler": false, "locked": false, "author_flair_text": null, "rte_mode": "markdown", "visited": false, "num_reports": null, "distinguished": null, "subreddit_id": "t5_2ssp3", "mod_reason_by": null, "removal_reason": null, "id": "6kmy59", "report_reasons": null, "author": "bikkebakke", "num_crossposts": 0, "num_comments": 3, "send_replies": true, "mod_reports": [], "author_flair_text_color": null, "permalink": "/r/AskHistorians/comments/6kmy59/during_15th17th_century_was_ramming_a_common/", "whitelist_status": "all_ads", "stickied": false, "url": "https://www.reddit.com/r/AskHistorians/comments/6kmy59/during_15th17th_century_was_ramming_a_common/", "subreddit_subscribers": 771162, "created_utc": 1498915408.0, "media": null, "is_video": false}}], "after": null, "before": null}}, {"kind": "Listing", "data": {"modhash": "", "dist": null, "children": [{"kind": "t1", "data": {"subreddit_id": "t5_2ssp3", "approved_at_utc": null, "ups": 2, "mod_reason_by": null, "banned_by": null, "author_flair_type": "text", "removal_reason": null, "link_id": "t3_6kmy59", "author_flair_template_id": null, "likes": null, "no_follow": true, "replies": {"kind": "Listing", "data": {"modhash": "", "dist": null, "children": [{"kind": "t1", "data": {"subreddit_id": "t5_2ssp3", "approved_at_utc": null, "ups": 2, "mod_reason_by": null, "banned_by": null, "author_flair_type": "text", "removal_reason": null, "link_id": "t3_6kmy59", "author_flair_template_id": null, "likes": null, "no_follow": true, "replies": "", "user_reports": [], "saved": false, "id": "djnbxma", "banned_at_utc": null, "mod_reason_title": null, "gilded": 0, "archived": true, "report_reasons": null, "author": "bikkebakke", "can_mod_post": false, "send_replies": true, "parent_id": "t1_djnbuq9", "score": 2, "approved_by": null, "downs": 0, "body": "Thanks!\n\nI really felt they kinda were out of place and wouldn't be as effective irl as they are in the game, but I've been wrong about things before so I'd rather ask before assume.", "edited": false, "author_flair_css_class": null, "collapsed": false, "author_flair_richtext": [], "is_submitter": true, "collapsed_reason": null, "body_html": "&lt;div class=\"md\"&gt;&lt;p&gt;Thanks!&lt;/p&gt;\n\n&lt;p&gt;I really felt they kinda were out of place and wouldn&amp;#39;t be as effective irl as they are in the game, but I&amp;#39;ve been wrong about things before so I&amp;#39;d rather ask before assume.&lt;/p&gt;\n&lt;/div&gt;", "stickied": false, "subreddit_type": "public", "can_gild": true, "subreddit": "AskHistorians", "author_flair_text_color": null, "score_hidden": false, "permalink": "/r/AskHistorians/comments/6kmy59/during_15th17th_century_was_ramming_a_common/djnbxma/", "num_reports": null, "name": "t1_djnbxma", "created": 1498949876.0, "author_flair_text": null, "rte_mode": "markdown", "created_utc": 1498921076.0, "subreddit_name_prefixed": "r/AskHistorians", "controversiality": 0, "depth": 1, "author_flair_background_color": null, "mod_reports": [], "mod_note": null, "distinguished": null}}], "after": null, "before": null}}, "user_reports": [], "saved": false, "id": "djnbuq9", "banned_at_utc": null, "mod_reason_title": null, "gilded": 0, "archived": true, "report_reasons": null, "author": "NikKerk", "can_mod_post": false, "send_replies": true, "parent_id": "t3_6kmy59", "score": 2, "approved_by": null, "downs": 0, "body": "I asked a similar [question](https://www.reddit.com/r/AskHistorians/comments/3zc1rs/in_assassins_creed_black_flag_and_rogue_some/) before, regarding the ship rams in Black Flag and Rogue. The answer is that rams were not a common naval tactic in the 15th-17th century. the ship rams in the assassin's creed would do horrible things to the sailing qualities of vessels in real life, which for brigs (like the Jackdaw) and sloops is a really, really bad idea. As in they could be out-sailed by a frigate. Rams didn't reappear (unless you count spar torpedos) until the rise of steam power and ironclads in the 1860s with the Battle of Lissa being rather influential.                    \n\n\nSources: \n\n* *David Lyon's The Sailing Navy List: All the Ships of the Royal Navy, Built, Purchased and Captured, 1688-1860*\n\n* *Antony Preston's The World's Worst Warships.* ", "edited": false, "author_flair_css_class": null, "collapsed": false, "author_flair_richtext": [], "is_submitter": false, "collapsed_reason": null, "body_html": "&lt;div class=\"md\"&gt;&lt;p&gt;I asked a similar &lt;a href=\"https://www.reddit.com/r/AskHistorians/comments/3zc1rs/in_assassins_creed_black_flag_and_rogue_some/\"&gt;question&lt;/a&gt; before, regarding the ship rams in Black Flag and Rogue. The answer is that rams were not a common naval tactic in the 15th-17th century. the ship rams in the assassin&amp;#39;s creed would do horrible things to the sailing qualities of vessels in real life, which for brigs (like the Jackdaw) and sloops is a really, really bad idea. As in they could be out-sailed by a frigate. Rams didn&amp;#39;t reappear (unless you count spar torpedos) until the rise of steam power and ironclads in the 1860s with the Battle of Lissa being rather influential.                    &lt;/p&gt;\n\n&lt;p&gt;Sources: &lt;/p&gt;\n\n&lt;ul&gt;\n&lt;li&gt;&lt;p&gt;&lt;em&gt;David Lyon&amp;#39;s The Sailing Navy List: All the Ships of the Royal Navy, Built, Purchased and Captured, 1688-1860&lt;/em&gt;&lt;/p&gt;&lt;/li&gt;\n&lt;li&gt;&lt;p&gt;&lt;em&gt;Antony Preston&amp;#39;s The World&amp;#39;s Worst Warships.&lt;/em&gt; &lt;/p&gt;&lt;/li&gt;\n&lt;/ul&gt;\n&lt;/div&gt;", "stickied": false, "subreddit_type": "public", "can_gild": true, "subreddit": "AskHistorians", "author_flair_text_color": null, "score_hidden": false, "permalink": "/r/AskHistorians/comments/6kmy59/during_15th17th_century_was_ramming_a_common/djnbuq9/", "num_reports": null, "name": "t1_djnbuq9", "created": 1498949755.0, "author_flair_text": null, "rte_mode": "markdown", "created_utc": 1498920955.0, "subreddit_name_prefixed": "r/AskHistorians", "controversiality": 0, "depth": 0, "author_flair_background_color": null, "mod_reports": [], "mod_note": null, "distinguished": null}}, {"kind": "t1", "data": {"subreddit_id": "t5_2ssp3", "approved_at_utc": null, "ups": 1, "mod_reason_by": null, "banned_by": null, "author_flair_type": "text", "removal_reason": null, "link_id": "t3_6kmy59", "author_flair_template_id": null, "likes": null, "no_follow": true, "replies": "", "user_reports": [], "saved": false, "id": "djnhxtb", "banned_at_utc": null, "mod_reason_title": null, "gilded": 0, "archived": true, "report_reasons": null, "author": "GreyOgre", "can_mod_post": false, "send_replies": true, "parent_id": "t3_6kmy59", "score": 1, "approved_by": null, "downs": 0, "body": "Not op, but I have a follow up: Was ramming (without a ram) used at all during the age of sail? Maybe as a desperate emergency maneuver, when you were outgunned but heavier than the enemy ship?\nI think I remember reading about such a fight, but I thought even with a heavy, sturdy ship it would still be super risky.", "edited": false, "author_flair_css_class": null, "collapsed": false, "author_flair_richtext": [], "is_submitter": false, "collapsed_reason": null, "body_html": "&lt;div class=\"md\"&gt;&lt;p&gt;Not op, but I have a follow up: Was ramming (without a ram) used at all during the age of sail? Maybe as a desperate emergency maneuver, when you were outgunned but heavier than the enemy ship?\nI think I remember reading about such a fight, but I thought even with a heavy, sturdy ship it would still be super risky.&lt;/p&gt;\n&lt;/div&gt;", "stickied": false, "subreddit_type": "public", "can_gild": true, "subreddit": "AskHistorians", "author_flair_text_color": null, "score_hidden": false, "permalink": "/r/AskHistorians/comments/6kmy59/during_15th17th_century_was_ramming_a_common/djnhxtb/", "num_reports": null, "name": "t1_djnhxtb", "created": 1498958234.0, "author_flair_text": null, "rte_mode": "markdown", "created_utc": 1498929434.0, "subreddit_name_prefixed": "r/AskHistorians", "controversiality": 0, "depth": 0, "author_flair_background_color": null, "mod_reports": [], "mod_note": null, "distinguished": null}}], "after": null, "before": null}}]