[{"kind": "Listing", "data": {"modhash": "", "dist": 1, "children": [{"kind": "t3", "data": {"approved_at_utc": null, "subreddit": "AskHistorians", "selftext": "I read somewhere on board that because medieval city may stink badly, nobles live in their castle instead.\n\nThen I also read that the castle had bad circulation due to made in stone, in winter it was cold while in summer it felt like an oven, nobles lived in H\u00f4tel they owned at city/town to avoid it.\n\nBoth sound reasonable but contradicts each other. Is there a correct answer to this, or simply dependent on the area where they live?  ", "user_reports": [], "saved": false, "mod_reason_title": null, "gilded": 0, "clicked": false, "title": "Where do medieval European nobles really live?", "link_flair_richtext": [], "subreddit_name_prefixed": "r/AskHistorians", "hidden": false, "pwls": 6, "link_flair_css_class": null, "downs": 0, "parent_whitelist_status": "all_ads", "hide_score": false, "name": "t3_6kn6dx", "quarantine": false, "link_flair_text_color": "dark", "upvote_ratio": 0.75, "author_flair_background_color": null, "subreddit_type": "public", "ups": 14, "domain": "self.AskHistorians", "media_embed": {}, "author_flair_template_id": null, "is_original_content": false, "secure_media": null, "is_reddit_media_domain": false, "category": null, "secure_media_embed": {}, "link_flair_text": null, "can_mod_post": false, "score": 14, "approved_by": null, "thumbnail": "", "edited": 1499095217.0, "author_flair_css_class": null, "author_flair_richtext": [], "content_categories": null, "is_self": true, "mod_note": null, "created": 1498947126.0, "link_flair_type": "text", "wls": 6, "post_categories": null, "banned_by": null, "author_flair_type": "text", "contest_mode": false, "selftext_html": "&lt;!-- SC_OFF --&gt;&lt;div class=\"md\"&gt;&lt;p&gt;I read somewhere on board that because medieval city may stink badly, nobles live in their castle instead.&lt;/p&gt;\n\n&lt;p&gt;Then I also read that the castle had bad circulation due to made in stone, in winter it was cold while in summer it felt like an oven, nobles lived in H\u00f4tel they owned at city/town to avoid it.&lt;/p&gt;\n\n&lt;p&gt;Both sound reasonable but contradicts each other. Is there a correct answer to this, or simply dependent on the area where they live?  &lt;/p&gt;\n&lt;/div&gt;&lt;!-- SC_ON --&gt;", "likes": null, "suggested_sort": null, "banned_at_utc": null, "view_count": null, "archived": true, "no_follow": false, "is_crosspostable": false, "pinned": false, "over_18": false, "media_only": false, "can_gild": false, "spoiler": false, "locked": false, "author_flair_text": null, "rte_mode": "markdown", "visited": false, "num_reports": null, "distinguished": null, "subreddit_id": "t5_2ssp3", "mod_reason_by": null, "removal_reason": null, "id": "6kn6dx", "report_reasons": null, "author": "sorrowofwind", "num_crossposts": 0, "num_comments": 0, "send_replies": true, "mod_reports": [], "author_flair_text_color": null, "permalink": "/r/AskHistorians/comments/6kn6dx/where_do_medieval_european_nobles_really_live/", "whitelist_status": "all_ads", "stickied": false, "url": "https://www.reddit.com/r/AskHistorians/comments/6kn6dx/where_do_medieval_european_nobles_really_live/", "subreddit_subscribers": 771162, "created_utc": 1498918326.0, "media": null, "is_video": false}}], "after": null, "before": null}}, {"kind": "Listing", "data": {"modhash": "", "dist": null, "children": [], "after": null, "before": null}}]