[{"kind": "Listing", "data": {"modhash": "", "dist": 1, "children": [{"kind": "t3", "data": {"approved_at_utc": null, "subreddit": "AskHistorians", "selftext": "The discovery of two new continents full of people must have caused ripples in the religious, not just political, sphere.\n\nEdit: To clarify, I want to know if the discovery of the New World and what came immediately after (colonization, slavery and widespread missionary efforts) caused disagreements within the Catholic and/or Protestant Church. For instance if anyone disagreed with enslaving natives/slavery in general or sending able-bodied missionaries out who could do God's work back home in Europe, or anything else that might have arisen. Controversy arose over wars and royal divorces soo I find it hard to believe that running into the Americas was just shrugged off", "user_reports": [], "saved": false, "mod_reason_title": null, "gilded": 0, "clicked": false, "title": "How did the Church respond to the discovery of the New World which is never mentioned in the Bible?", "link_flair_richtext": [], "subreddit_name_prefixed": "r/AskHistorians", "hidden": false, "pwls": 6, "link_flair_css_class": null, "downs": 0, "parent_whitelist_status": "all_ads", "hide_score": false, "name": "t3_6kq9ue", "quarantine": false, "link_flair_text_color": "dark", "upvote_ratio": 0.92, "author_flair_background_color": "#b87317", "subreddit_type": "public", "ups": 440, "total_awards_received": 0, "media_embed": {}, "author_flair_template_id": "98d8fdba-c626-11e2-bd52-12313b06caaf", "is_original_content": false, "author_fullname": "t2_vazwyq", "secure_media": null, "is_reddit_media_domain": false, "is_meta": false, "category": null, "secure_media_embed": {}, "link_flair_text": null, "can_mod_post": false, "num_duplicates": 0, "approved_by": null, "author_premium": false, "thumbnail": "", "edited": 1499001571.0, "author_flair_css_class": null, "author_flair_richtext": [{"e": "text", "t": "Interesting Inquirer &amp; FAQ Finder"}], "gildings": {}, "content_categories": null, "is_self": true, "mod_note": null, "created": 1498981602.0, "link_flair_type": "text", "wls": 6, "removed_by_category": null, "banned_by": null, "author_flair_type": "richtext", "domain": "self.AskHistorians", "allow_live_comments": false, "selftext_html": "&lt;!-- SC_OFF --&gt;&lt;div class=\"md\"&gt;&lt;p&gt;The discovery of two new continents full of people must have caused ripples in the religious, not just political, sphere.&lt;/p&gt;\n\n&lt;p&gt;Edit: To clarify, I want to know if the discovery of the New World and what came immediately after (colonization, slavery and widespread missionary efforts) caused disagreements within the Catholic and/or Protestant Church. For instance if anyone disagreed with enslaving natives/slavery in general or sending able-bodied missionaries out who could do God&amp;#39;s work back home in Europe, or anything else that might have arisen. Controversy arose over wars and royal divorces soo I find it hard to believe that running into the Americas was just shrugged off&lt;/p&gt;\n&lt;/div&gt;&lt;!-- SC_ON --&gt;", "likes": null, "suggested_sort": null, "banned_at_utc": null, "view_count": null, "archived": true, "score": 440, "no_follow": false, "is_crosspostable": false, "pinned": false, "over_18": false, "all_awardings": [], "awarders": [], "media_only": false, "can_gild": false, "spoiler": false, "locked": false, "author_flair_text": "Interesting Inquirer &amp; FAQ Finder", "treatment_tags": [], "visited": false, "removed_by": null, "num_reports": null, "distinguished": null, "subreddit_id": "t5_2ssp3", "mod_reason_by": null, "removal_reason": null, "link_flair_background_color": "", "id": "6kq9ue", "is_robot_indexable": true, "report_reasons": null, "author": "Dinocrocodile", "discussion_type": null, "num_comments": 16, "send_replies": true, "media": null, "contest_mode": false, "author_patreon_flair": false, "author_flair_text_color": "light", "permalink": "/r/AskHistorians/comments/6kq9ue/how_did_the_church_respond_to_the_discovery_of/", "whitelist_status": "all_ads", "stickied": false, "url": "https://www.reddit.com/r/AskHistorians/comments/6kq9ue/how_did_the_church_respond_to_the_discovery_of/", "subreddit_subscribers": 1160765, "created_utc": 1498952802.0, "num_crossposts": 0, "mod_reports": [], "is_video": false}}], "after": null, "before": null}}, {"kind": "Listing", "data": {"modhash": "", "dist": null, "children": [{"kind": "t1", "data": {"total_awards_received": 0, "approved_at_utc": null, "ups": 34, "awarders": [], "mod_reason_by": null, "banned_by": null, "author_flair_type": "text", "removal_reason": null, "link_id": "t3_6kq9ue", "author_flair_template_id": null, "likes": null, "replies": {"kind": "Listing", "data": {"modhash": "", "dist": null, "children": [{"kind": "t1", "data": {"total_awards_received": 0, "approved_at_utc": null, "ups": 4, "awarders": [], "mod_reason_by": null, "banned_by": null, "author_flair_type": "richtext", "removal_reason": null, "link_id": "t3_6kq9ue", "author_flair_template_id": "98d8fdba-c626-11e2-bd52-12313b06caaf", "likes": null, "replies": "", "user_reports": [], "saved": false, "id": "djoohy2", "banned_at_utc": null, "mod_reason_title": null, "gilded": 0, "archived": true, "no_follow": false, "author": "Dinocrocodile", "can_mod_post": false, "send_replies": true, "parent_id": "t1_djoo45z", "score": 4, "author_fullname": "t2_vazwyq", "report_reasons": null, "approved_by": null, "all_awardings": [], "subreddit_id": "t5_2ssp3", "collapsed": false, "body": "That looks interesting, thanks for the recommendation!", "edited": false, "author_flair_css_class": null, "is_submitter": true, "downs": 0, "author_flair_richtext": [{"e": "text", "t": "Interesting Inquirer &amp; FAQ Finder"}], "author_patreon_flair": false, "body_html": "&lt;div class=\"md\"&gt;&lt;p&gt;That looks interesting, thanks for the recommendation!&lt;/p&gt;\n&lt;/div&gt;", "gildings": {}, "collapsed_reason": null, "associated_award": null, "stickied": false, "author_premium": false, "subreddit_type": "public", "can_gild": true, "subreddit": "AskHistorians", "author_flair_text_color": "light", "score_hidden": false, "permalink": "/r/AskHistorians/comments/6kq9ue/how_did_the_church_respond_to_the_discovery_of/djoohy2/", "num_reports": null, "locked": false, "name": "t1_djoohy2", "created": 1499036360.0, "author_flair_text": "Interesting Inquirer &amp; FAQ Finder", "treatment_tags": [], "created_utc": 1499007560.0, "subreddit_name_prefixed": "r/AskHistorians", "controversiality": 0, "depth": 1, "author_flair_background_color": "#b87317", "collapsed_because_crowd_control": null, "mod_reports": [], "mod_note": null, "distinguished": null}}], "after": null, "before": null}}, "user_reports": [], "saved": false, "id": "djoo45z", "banned_at_utc": null, "mod_reason_title": null, "gilded": 0, "archived": true, "no_follow": false, "author": "NoMrsRobinson", "can_mod_post": false, "send_replies": true, "parent_id": "t3_6kq9ue", "score": 34, "author_fullname": "t2_7i7eh", "report_reasons": null, "approved_by": null, "all_awardings": [], "subreddit_id": "t5_2ssp3", "body": "I highly recommend the book [The Fourth Part of the World](http://www.tobylester.com/the-fourth-part-of-the-world/) by Toby Lester. It is a fascinating account of the discovery of the New World, specifically the Americas, and the political and religious cultural dynamics at play both before, during, and after their discovery.", "edited": false, "downs": 0, "author_flair_css_class": null, "is_submitter": false, "collapsed": false, "author_flair_richtext": [], "author_patreon_flair": false, "body_html": "&lt;div class=\"md\"&gt;&lt;p&gt;I highly recommend the book &lt;a href=\"http://www.tobylester.com/the-fourth-part-of-the-world/\"&gt;The Fourth Part of the World&lt;/a&gt; by Toby Lester. It is a fascinating account of the discovery of the New World, specifically the Americas, and the political and religious cultural dynamics at play both before, during, and after their discovery.&lt;/p&gt;\n&lt;/div&gt;", "gildings": {}, "collapsed_reason": null, "associated_award": null, "stickied": false, "author_premium": false, "subreddit_type": "public", "can_gild": true, "subreddit": "AskHistorians", "author_flair_text_color": null, "score_hidden": false, "permalink": "/r/AskHistorians/comments/6kq9ue/how_did_the_church_respond_to_the_discovery_of/djoo45z/", "num_reports": null, "locked": false, "name": "t1_djoo45z", "created": 1499035722.0, "author_flair_text": null, "treatment_tags": [], "created_utc": 1499006922.0, "subreddit_name_prefixed": "r/AskHistorians", "controversiality": 0, "depth": 0, "author_flair_background_color": null, "collapsed_because_crowd_control": null, "mod_reports": [], "mod_note": null, "distinguished": null}}, {"kind": "t1", "data": {"total_awards_received": 0, "approved_at_utc": null, "ups": 15, "awarders": [], "mod_reason_by": null, "banned_by": null, "author_flair_type": "text", "removal_reason": null, "link_id": "t3_6kq9ue", "author_flair_template_id": null, "likes": null, "replies": {"kind": "Listing", "data": {"modhash": "", "dist": null, "children": [{"kind": "t1", "data": {"total_awards_received": 0, "approved_at_utc": null, "ups": 3, "awarders": [], "mod_reason_by": null, "banned_by": null, "author_flair_type": "richtext", "removal_reason": null, "link_id": "t3_6kq9ue", "author_flair_template_id": "98d8fdba-c626-11e2-bd52-12313b06caaf", "likes": null, "replies": "", "user_reports": [], "saved": false, "id": "djx8xti", "banned_at_utc": null, "mod_reason_title": null, "gilded": 0, "archived": true, "no_follow": true, "author": "Dinocrocodile", "can_mod_post": false, "send_replies": true, "parent_id": "t1_djx108k", "score": 3, "author_fullname": "t2_vazwyq", "report_reasons": null, "approved_by": null, "all_awardings": [], "subreddit_id": "t5_2ssp3", "collapsed": false, "body": "This is *exactly* the kind of response I was looking for, thanks for taking the time to type this all out! With the book recommendation and some of the people involved in the controversies I know where to look for further reading as well (even if I end up checking wikipedia). If I were not a peasant I'd gild you.", "edited": false, "author_flair_css_class": null, "is_submitter": true, "downs": 0, "author_flair_richtext": [{"e": "text", "t": "Interesting Inquirer &amp; FAQ Finder"}], "author_patreon_flair": false, "body_html": "&lt;div class=\"md\"&gt;&lt;p&gt;This is &lt;em&gt;exactly&lt;/em&gt; the kind of response I was looking for, thanks for taking the time to type this all out! With the book recommendation and some of the people involved in the controversies I know where to look for further reading as well (even if I end up checking wikipedia). If I were not a peasant I&amp;#39;d gild you.&lt;/p&gt;\n&lt;/div&gt;", "gildings": {}, "collapsed_reason": null, "associated_award": null, "stickied": false, "author_premium": false, "subreddit_type": "public", "can_gild": true, "subreddit": "AskHistorians", "author_flair_text_color": "light", "score_hidden": false, "permalink": "/r/AskHistorians/comments/6kq9ue/how_did_the_church_respond_to_the_discovery_of/djx8xti/", "num_reports": null, "locked": false, "name": "t1_djx8xti", "created": 1499494620.0, "author_flair_text": "Interesting Inquirer &amp; FAQ Finder", "treatment_tags": [], "created_utc": 1499465820.0, "subreddit_name_prefixed": "r/AskHistorians", "controversiality": 0, "depth": 1, "author_flair_background_color": "#b87317", "collapsed_because_crowd_control": null, "mod_reports": [], "mod_note": null, "distinguished": null}}], "after": null, "before": null}}, "user_reports": [], "saved": false, "id": "djx108k", "banned_at_utc": null, "mod_reason_title": null, "gilded": 0, "archived": true, "no_follow": false, "author": "LateNightPhilosopher", "can_mod_post": false, "send_replies": true, "parent_id": "t3_6kq9ue", "score": 15, "author_fullname": "t2_10ov98", "report_reasons": null, "approved_by": null, "all_awardings": [], "subreddit_id": "t5_2ssp3", "body": "You may be interested in looking up Bartolome De Las Casas and his most notable work \"A Short Account of the Destruction of the Indies\". He was a Spaniard who immigrated with his father to the New World in 1502 when he was 18, to become landowners and participate in the conquests. His most notable work, mentioned above, is his firsthand account of the atrocities he witnessed and was a part of during his time as part of the conquests of Hispaniola and Cuba. It is a book that I think everyone should read in their lifetimes... if they can stomach it. It does have a habit of becoming unapologetically graphic, to the point where I've heard from several people in the class where we read this, that they could not get through it. Though I believe that was the point. It was written some decades later as a letter to Charles V (and later Phillip II) and to the Pope, as a way of persuading them to end the atrocities committed in the Americas. \n\nHe was so affected by the horrors he saw and brought on the natives that he became a priest (and later a Dominican friar) and spent the rest of his life trying to atone for his sins and advocating for the rights of the native tribes. Interestingly, he did become the first person to be ordained in the New World. He was not the first, Catholic within the church to argue that the natives were humans with souls and should be converted and treated equally, though his voice did become one of the loudest and most influential on the subject. Notably around the time of his ordination there was a group of Dominican friars that had arrived on Hispaniola who were so offended by what they saw there that they refused to give communion to any active slave owner. Which for Catholics is a huge problem. \n\nOne of these friars, Antonio De Montesinos, gave a passionate public speech that De las Casas witnessed, including the lines: \n\"Tell me by what right of justice do you hold these Indians in such a cruel and horrible servitude? On what authority have you waged such detestable wars against these people who dealt quietly and peacefully on their own lands? Wars in which you have destroyed such an infinite number of them by homicides and slaughters never heard of before. Why do you keep them so oppressed and exhausted, without giving them enough to eat or curing them of the sicknesses they incur from the excessive labor you give them, and they die, or rather you kill them, in order to extract and acquire gold every day.\"\n\nNotably, this was a controversial position in the church. In fact, the famous Valladolid Debate was a debate between De Las Casas and Juan Gines de Sepulveda (among others) over the moral implications of colonialism and the practices involved with it. Sepulveda argued that the native Americans were not fully human, citing reports of human sacrifce and cannibalism in some tribes as justification to condemn the entire population of the New World. His main argument was that the only way to convert and \"civilize\" the few who could be \"saved\" was through European domination of the natives, with whatever violence was necessary to keep them in line. De Las Casas argued that they were rational and innocent human beings in possession of souls, and that they could be converted peacefully. And, that, peacefully converting them was the only moral and legitimate way to convert someone.\n\nBy the early 1540s his advocacy had some effect and laws began to be passed, slowly ending the enslavement of the natives and granting them some few protections, along with greatly expanding efforts to convert them and \"save their souls\". \n\nIronically, earlier in life, in his desperation to atone for his crimes against the new world natives, De Las Casas had advocated for the replacement of indigenous slavery by importing slaves from Africa, who he had heard were much more robust and generally more suited for a life of slavery. He may not have been the only factor, but when the enslavement of the natives was abolished, and was replaced by the imported African slaves, he felt partially responsible. He felt responsible and almost immediately regretted it when he actually met African slaves only to realize that that were, in fact, ALSO people. He may not have been the deciding factor in the matter, but he had definitely been a loud voice in it, and blamed himself for it for the rest of his life, advocating for the ending of all forms of slavery. \n\nSorry I couldn't give a more comprehensive answer, as this is a long winded response that only really covers a part of your question. And it's been a number of years since I've read the account (can't find my copy currently) so some of my dates and minor details might not be perfect. But I hope it helps a little.", "edited": false, "downs": 0, "author_flair_css_class": null, "is_submitter": false, "collapsed": false, "author_flair_richtext": [], "author_patreon_flair": false, "body_html": "&lt;div class=\"md\"&gt;&lt;p&gt;You may be interested in looking up Bartolome De Las Casas and his most notable work &amp;quot;A Short Account of the Destruction of the Indies&amp;quot;. He was a Spaniard who immigrated with his father to the New World in 1502 when he was 18, to become landowners and participate in the conquests. His most notable work, mentioned above, is his firsthand account of the atrocities he witnessed and was a part of during his time as part of the conquests of Hispaniola and Cuba. It is a book that I think everyone should read in their lifetimes... if they can stomach it. It does have a habit of becoming unapologetically graphic, to the point where I&amp;#39;ve heard from several people in the class where we read this, that they could not get through it. Though I believe that was the point. It was written some decades later as a letter to Charles V (and later Phillip II) and to the Pope, as a way of persuading them to end the atrocities committed in the Americas. &lt;/p&gt;\n\n&lt;p&gt;He was so affected by the horrors he saw and brought on the natives that he became a priest (and later a Dominican friar) and spent the rest of his life trying to atone for his sins and advocating for the rights of the native tribes. Interestingly, he did become the first person to be ordained in the New World. He was not the first, Catholic within the church to argue that the natives were humans with souls and should be converted and treated equally, though his voice did become one of the loudest and most influential on the subject. Notably around the time of his ordination there was a group of Dominican friars that had arrived on Hispaniola who were so offended by what they saw there that they refused to give communion to any active slave owner. Which for Catholics is a huge problem. &lt;/p&gt;\n\n&lt;p&gt;One of these friars, Antonio De Montesinos, gave a passionate public speech that De las Casas witnessed, including the lines: \n&amp;quot;Tell me by what right of justice do you hold these Indians in such a cruel and horrible servitude? On what authority have you waged such detestable wars against these people who dealt quietly and peacefully on their own lands? Wars in which you have destroyed such an infinite number of them by homicides and slaughters never heard of before. Why do you keep them so oppressed and exhausted, without giving them enough to eat or curing them of the sicknesses they incur from the excessive labor you give them, and they die, or rather you kill them, in order to extract and acquire gold every day.&amp;quot;&lt;/p&gt;\n\n&lt;p&gt;Notably, this was a controversial position in the church. In fact, the famous Valladolid Debate was a debate between De Las Casas and Juan Gines de Sepulveda (among others) over the moral implications of colonialism and the practices involved with it. Sepulveda argued that the native Americans were not fully human, citing reports of human sacrifce and cannibalism in some tribes as justification to condemn the entire population of the New World. His main argument was that the only way to convert and &amp;quot;civilize&amp;quot; the few who could be &amp;quot;saved&amp;quot; was through European domination of the natives, with whatever violence was necessary to keep them in line. De Las Casas argued that they were rational and innocent human beings in possession of souls, and that they could be converted peacefully. And, that, peacefully converting them was the only moral and legitimate way to convert someone.&lt;/p&gt;\n\n&lt;p&gt;By the early 1540s his advocacy had some effect and laws began to be passed, slowly ending the enslavement of the natives and granting them some few protections, along with greatly expanding efforts to convert them and &amp;quot;save their souls&amp;quot;. &lt;/p&gt;\n\n&lt;p&gt;Ironically, earlier in life, in his desperation to atone for his crimes against the new world natives, De Las Casas had advocated for the replacement of indigenous slavery by importing slaves from Africa, who he had heard were much more robust and generally more suited for a life of slavery. He may not have been the only factor, but when the enslavement of the natives was abolished, and was replaced by the imported African slaves, he felt partially responsible. He felt responsible and almost immediately regretted it when he actually met African slaves only to realize that that were, in fact, ALSO people. He may not have been the deciding factor in the matter, but he had definitely been a loud voice in it, and blamed himself for it for the rest of his life, advocating for the ending of all forms of slavery. &lt;/p&gt;\n\n&lt;p&gt;Sorry I couldn&amp;#39;t give a more comprehensive answer, as this is a long winded response that only really covers a part of your question. And it&amp;#39;s been a number of years since I&amp;#39;ve read the account (can&amp;#39;t find my copy currently) so some of my dates and minor details might not be perfect. But I hope it helps a little.&lt;/p&gt;\n&lt;/div&gt;", "gildings": {}, "collapsed_reason": null, "associated_award": null, "stickied": false, "author_premium": false, "subreddit_type": "public", "can_gild": true, "subreddit": "AskHistorians", "author_flair_text_color": null, "score_hidden": false, "permalink": "/r/AskHistorians/comments/6kq9ue/how_did_the_church_respond_to_the_discovery_of/djx108k/", "num_reports": null, "locked": false, "name": "t1_djx108k", "created": 1499485704.0, "author_flair_text": null, "treatment_tags": [], "created_utc": 1499456904.0, "subreddit_name_prefixed": "r/AskHistorians", "controversiality": 0, "depth": 0, "author_flair_background_color": null, "collapsed_because_crowd_control": null, "mod_reports": [], "mod_note": null, "distinguished": null}}, {"kind": "t1", "data": {"total_awards_received": 0, "approved_at_utc": null, "ups": 9, "awarders": [], "mod_reason_by": null, "banned_by": null, "removal_reason": null, "link_id": "t3_6kq9ue", "author_flair_template_id": null, "likes": null, "no_follow": true, "replies": {"kind": "Listing", "data": {"modhash": "", "dist": null, "children": [{"kind": "t1", "data": {"total_awards_received": 0, "approved_at_utc": null, "ups": 3, "awarders": [], "mod_reason_by": null, "banned_by": null, "removal_reason": null, "link_id": "t3_6kq9ue", "author_flair_template_id": null, "likes": null, "no_follow": true, "replies": "", "user_reports": [], "saved": false, "id": "djog4mj", "banned_at_utc": null, "mod_reason_title": null, "gilded": 0, "archived": true, "report_reasons": null, "author": "[deleted]", "can_mod_post": false, "send_replies": true, "parent_id": "t1_djoeuyi", "score": 3, "approved_by": null, "all_awardings": [], "subreddit_id": "t5_2ssp3", "body": "[removed]", "edited": false, "author_flair_css_class": null, "collapsed": true, "downs": 0, "is_submitter": false, "body_html": "&lt;div class=\"md\"&gt;&lt;p&gt;[removed]&lt;/p&gt;\n&lt;/div&gt;", "gildings": {}, "collapsed_reason": null, "associated_award": null, "stickied": false, "subreddit_type": "public", "can_gild": true, "subreddit": "AskHistorians", "author_flair_text_color": "dark", "score_hidden": false, "permalink": "/r/AskHistorians/comments/6kq9ue/how_did_the_church_respond_to_the_discovery_of/djog4mj/", "num_reports": null, "locked": false, "name": "t1_djog4mj", "created": 1499016422.0, "author_flair_text": null, "treatment_tags": [], "created_utc": 1498987622.0, "subreddit_name_prefixed": "r/AskHistorians", "controversiality": 0, "depth": 1, "author_flair_background_color": "", "collapsed_because_crowd_control": null, "mod_reports": [], "mod_note": null, "distinguished": null}}], "after": null, "before": null}}, "user_reports": [], "saved": false, "id": "djoeuyi", "banned_at_utc": null, "mod_reason_title": null, "gilded": 0, "archived": true, "report_reasons": null, "author": "[deleted]", "can_mod_post": false, "send_replies": true, "parent_id": "t3_6kq9ue", "score": 9, "approved_by": null, "all_awardings": [], "subreddit_id": "t5_2ssp3", "body": "[removed]", "edited": false, "downs": 0, "author_flair_css_class": null, "collapsed": true, "is_submitter": false, "body_html": "&lt;div class=\"md\"&gt;&lt;p&gt;[removed]&lt;/p&gt;\n&lt;/div&gt;", "gildings": {}, "collapsed_reason": null, "associated_award": null, "stickied": false, "subreddit_type": "public", "can_gild": true, "subreddit": "AskHistorians", "author_flair_text_color": "dark", "score_hidden": false, "permalink": "/r/AskHistorians/comments/6kq9ue/how_did_the_church_respond_to_the_discovery_of/djoeuyi/", "num_reports": null, "locked": false, "name": "t1_djoeuyi", "created": 1499012513.0, "author_flair_text": null, "treatment_tags": [], "created_utc": 1498983713.0, "subreddit_name_prefixed": "r/AskHistorians", "controversiality": 0, "depth": 0, "author_flair_background_color": "", "collapsed_because_crowd_control": null, "mod_reports": [], "mod_note": null, "distinguished": null}}], "after": null, "before": null}}]