[{"kind": "Listing", "data": {"modhash": "", "dist": 1, "children": [{"kind": "t3", "data": {"approved_at_utc": null, "subreddit": "AskHistorians", "selftext": "", "user_reports": [], "saved": false, "mod_reason_title": null, "gilded": 0, "clicked": false, "title": "At what point did the development disparity emerge between Western and Eastern Europe? In the high and late Middle Ages, was life better in France or Denmark than Bulgaria or Lithuania?", "link_flair_richtext": [], "subreddit_name_prefixed": "r/AskHistorians", "hidden": false, "pwls": 6, "link_flair_css_class": null, "downs": 0, "parent_whitelist_status": "all_ads", "hide_score": false, "name": "t3_9cteq3", "quarantine": false, "link_flair_text_color": "dark", "upvote_ratio": 0.93, "author_flair_background_color": "", "subreddit_type": "public", "ups": 89, "domain": "self.AskHistorians", "media_embed": {}, "author_flair_template_id": null, "is_original_content": false, "author_fullname": "t2_bze20", "secure_media": null, "is_reddit_media_domain": false, "is_meta": false, "category": null, "secure_media_embed": {}, "link_flair_text": null, "can_mod_post": false, "score": 89, "approved_by": null, "thumbnail": "", "edited": false, "author_flair_css_class": "qualitycontributor", "author_flair_richtext": [], "gildings": {"gid_1": 0, "gid_2": 0, "gid_3": 0}, "content_categories": null, "is_self": true, "mod_note": null, "created": 1536074783.0, "link_flair_type": "text", "wls": 6, "banned_by": null, "author_flair_type": "text", "contest_mode": false, "selftext_html": null, "likes": null, "suggested_sort": null, "banned_at_utc": null, "view_count": null, "archived": false, "no_follow": false, "is_crosspostable": false, "pinned": false, "over_18": false, "media": null, "media_only": false, "link_flair_template_id": null, "can_gild": false, "spoiler": false, "locked": false, "author_flair_text": "Interesting Inquirer", "visited": false, "num_reports": null, "distinguished": null, "subreddit_id": "t5_2ssp3", "mod_reason_by": null, "removal_reason": null, "link_flair_background_color": "", "id": "9cteq3", "is_robot_indexable": true, "report_reasons": null, "author": "Vladith", "num_crossposts": 0, "num_comments": 8, "send_replies": true, "author_flair_text_color": "dark", "permalink": "/r/AskHistorians/comments/9cteq3/at_what_point_did_the_development_disparity/", "whitelist_status": "all_ads", "stickied": false, "url": "https://www.reddit.com/r/AskHistorians/comments/9cteq3/at_what_point_did_the_development_disparity/", "subreddit_subscribers": 827846, "created_utc": 1536045983.0, "mod_reports": [], "is_video": false}}], "after": null, "before": null}}, {"kind": "Listing", "data": {"modhash": "", "dist": null, "children": [{"kind": "t1", "data": {"subreddit_id": "t5_2ssp3", "approved_at_utc": null, "ups": 39, "mod_reason_by": null, "banned_by": null, "author_flair_type": "text", "removal_reason": null, "link_id": "t3_9cteq3", "author_flair_template_id": null, "likes": null, "no_follow": false, "replies": "", "user_reports": [], "saved": false, "id": "e5do1uz", "banned_at_utc": null, "mod_reason_title": null, "gilded": 0, "archived": false, "report_reasons": null, "author": "Kochevnik81", "can_mod_post": false, "send_replies": true, "parent_id": "t3_9cteq3", "score": 39, "author_fullname": "t2_168sly", "approved_by": null, "downs": 0, "body": "I'm going to be deconstructionist and question a lot of the terms used in this question.\n\n- First, \"Eastern\" and \"Western\" Europe: As I wrote [here](https://www.reddit.com/r/AskHistorians/comments/8upwb3/comment/e1i1apk). The idea of Europe being divided into a Western and Eastern half, each of which share internal commonalties and are distinct from each other, is largely a concept of the 20th century and is not terribly useful for historic purposes. To assume that Bulgaria and Lithuania constitute an \"Eastern\" idea separate from a \"Western\" France and Denmark is to think ahistorically: in the medieval period, Denmark and the Baltic part of Lithuania would have shared more similarities with each other than either area would have with those other examples (the King of Denmark was even Duke of Estonia for a century and a half). Central Europe gets even more complicated. Is Prague the \"East\"? Berlin the \"West\"?\n\n- \"Development\": specifically in terms of \"was life better\"? This is much trickier than it seems. We simply don't have substantial economic or social statistics for entire countries until the 19th century at the very earliest, so anything like literacy or average life expectancy, to say nothing of average income or GDP per capita that statistic that can mislead as much as enlighten.\n\nWhy do I say this about GDP per capita? Well, because even *if* we are able to make reasonable estimates between regions in the premodern period, the simple fact of the matter is that until the 19th century, for basically all of Europe we are talking about societies that are overwhelmingly agricultural and rural, and that lived very close to subsistence levels, with periodic famines and  Even in the 19th century, the 1840s saw widespread malnutrition and famine conditions across Western Europe, with mass starvation and emigration in Ireland being the worst manifestation. So even if, say, the Low Countries in the 16th century saw more populous and richer cities than, say, Ukraine, that's not necessarily reflective of how the vast mass of the population lived. I call out GDP per capita specifically because while it can indicate that a society in aggregate is richer, that doesn't account for how that wealth is distributed. French aristocrats could be far wealthier than their Polish associates in Ukraine, with the mass of peasants living similarly, and the GDP per capita could potentially show France as having the higher GDP per capita.\n\nSo probably your best bets for looking at where different geographic regions began developing at different rates is in the 19th century with industrialization and new agricultural practices, but here I'll defer to Kenneth Pomeranz's *The Great Divergence*, which I will leave to someone else to do greater justice to, since I am only familiar with it in summary.", "edited": 1536082264.0, "author_flair_css_class": "europe", "collapsed": false, "author_flair_richtext": [], "is_submitter": false, "collapsed_reason": null, "body_html": "&lt;div class=\"md\"&gt;&lt;p&gt;I&amp;#39;m going to be deconstructionist and question a lot of the terms used in this question.&lt;/p&gt;\n\n&lt;ul&gt;\n&lt;li&gt;&lt;p&gt;First, &amp;quot;Eastern&amp;quot; and &amp;quot;Western&amp;quot; Europe: As I wrote &lt;a href=\"https://www.reddit.com/r/AskHistorians/comments/8upwb3/comment/e1i1apk\"&gt;here&lt;/a&gt;. The idea of Europe being divided into a Western and Eastern half, each of which share internal commonalties and are distinct from each other, is largely a concept of the 20th century and is not terribly useful for historic purposes. To assume that Bulgaria and Lithuania constitute an &amp;quot;Eastern&amp;quot; idea separate from a &amp;quot;Western&amp;quot; France and Denmark is to think ahistorically: in the medieval period, Denmark and the Baltic part of Lithuania would have shared more similarities with each other than either area would have with those other examples (the King of Denmark was even Duke of Estonia for a century and a half). Central Europe gets even more complicated. Is Prague the &amp;quot;East&amp;quot;? Berlin the &amp;quot;West&amp;quot;?&lt;/p&gt;&lt;/li&gt;\n&lt;li&gt;&lt;p&gt;&amp;quot;Development&amp;quot;: specifically in terms of &amp;quot;was life better&amp;quot;? This is much trickier than it seems. We simply don&amp;#39;t have substantial economic or social statistics for entire countries until the 19th century at the very earliest, so anything like literacy or average life expectancy, to say nothing of average income or GDP per capita that statistic that can mislead as much as enlighten.&lt;/p&gt;&lt;/li&gt;\n&lt;/ul&gt;\n\n&lt;p&gt;Why do I say this about GDP per capita? Well, because even &lt;em&gt;if&lt;/em&gt; we are able to make reasonable estimates between regions in the premodern period, the simple fact of the matter is that until the 19th century, for basically all of Europe we are talking about societies that are overwhelmingly agricultural and rural, and that lived very close to subsistence levels, with periodic famines and  Even in the 19th century, the 1840s saw widespread malnutrition and famine conditions across Western Europe, with mass starvation and emigration in Ireland being the worst manifestation. So even if, say, the Low Countries in the 16th century saw more populous and richer cities than, say, Ukraine, that&amp;#39;s not necessarily reflective of how the vast mass of the population lived. I call out GDP per capita specifically because while it can indicate that a society in aggregate is richer, that doesn&amp;#39;t account for how that wealth is distributed. French aristocrats could be far wealthier than their Polish associates in Ukraine, with the mass of peasants living similarly, and the GDP per capita could potentially show France as having the higher GDP per capita.&lt;/p&gt;\n\n&lt;p&gt;So probably your best bets for looking at where different geographic regions began developing at different rates is in the 19th century with industrialization and new agricultural practices, but here I&amp;#39;ll defer to Kenneth Pomeranz&amp;#39;s &lt;em&gt;The Great Divergence&lt;/em&gt;, which I will leave to someone else to do greater justice to, since I am only familiar with it in summary.&lt;/p&gt;\n&lt;/div&gt;", "stickied": false, "subreddit_type": "public", "can_gild": true, "gildings": {"gid_1": 0, "gid_2": 0, "gid_3": 0}, "author_flair_text_color": "dark", "score_hidden": false, "permalink": "/r/AskHistorians/comments/9cteq3/at_what_point_did_the_development_disparity/e5do1uz/", "num_reports": null, "name": "t1_e5do1uz", "created": 1536102807.0, "subreddit": "AskHistorians", "author_flair_text": "Soviet Union &amp; Post-Soviet States | Modern Central Asia", "created_utc": 1536074007.0, "subreddit_name_prefixed": "r/AskHistorians", "controversiality": 0, "depth": 0, "author_flair_background_color": "", "mod_reports": [], "mod_note": null, "distinguished": null}}, {"kind": "t1", "data": {"subreddit_id": "t5_2ssp3", "approved_at_utc": null, "ups": 20, "mod_reason_by": null, "banned_by": null, "removal_reason": null, "link_id": "t3_9cteq3", "author_flair_template_id": null, "likes": null, "no_follow": true, "replies": {"kind": "Listing", "data": {"modhash": "", "dist": null, "children": [{"kind": "t1", "data": {"subreddit_id": "t5_2ssp3", "approved_at_utc": null, "ups": 12, "mod_reason_by": null, "banned_by": null, "author_flair_type": "text", "removal_reason": null, "link_id": "t3_9cteq3", "author_flair_template_id": null, "likes": null, "no_follow": false, "replies": "", "user_reports": [], "saved": false, "id": "e5deiow", "banned_at_utc": null, "mod_reason_title": null, "gilded": 0, "archived": false, "report_reasons": null, "author": "spaceman_", "can_mod_post": false, "send_replies": true, "parent_id": "t1_e5dd7ew", "score": 12, "author_fullname": "t2_9neub", "approved_by": null, "downs": 0, "body": "I understand this narrative for the southern part of eastern Europe, but did Ottoman and Byzantine influence really reach into Lithuania and Poland? I understand that the Grand Duchy would have some interaction with the big regional power to their south, but I would have expected cultural ties to other Christian kingdoms (Denmark, Russia, or western European powers) to have outweighed the Ottoman influence. Additionally, why was Ottoman interaction with western Europe across the Mediterranean not as much of a factor?", "edited": false, "author_flair_css_class": null, "collapsed": false, "author_flair_richtext": [], "is_submitter": false, "collapsed_reason": null, "body_html": "&lt;div class=\"md\"&gt;&lt;p&gt;I understand this narrative for the southern part of eastern Europe, but did Ottoman and Byzantine influence really reach into Lithuania and Poland? I understand that the Grand Duchy would have some interaction with the big regional power to their south, but I would have expected cultural ties to other Christian kingdoms (Denmark, Russia, or western European powers) to have outweighed the Ottoman influence. Additionally, why was Ottoman interaction with western Europe across the Mediterranean not as much of a factor?&lt;/p&gt;\n&lt;/div&gt;", "stickied": false, "subreddit_type": "public", "can_gild": true, "gildings": {"gid_1": 0, "gid_2": 0, "gid_3": 0}, "author_flair_text_color": null, "score_hidden": false, "permalink": "/r/AskHistorians/comments/9cteq3/at_what_point_did_the_development_disparity/e5deiow/", "num_reports": null, "name": "t1_e5deiow", "created": 1536092622.0, "subreddit": "AskHistorians", "author_flair_text": null, "created_utc": 1536063822.0, "subreddit_name_prefixed": "r/AskHistorians", "controversiality": 0, "depth": 1, "author_flair_background_color": null, "mod_reports": [], "mod_note": null, "distinguished": null}}, {"kind": "t1", "data": {"subreddit_id": "t5_2ssp3", "approved_at_utc": null, "ups": 1, "mod_reason_by": null, "banned_by": null, "removal_reason": null, "link_id": "t3_9cteq3", "author_flair_template_id": null, "likes": null, "no_follow": true, "replies": "", "user_reports": [], "saved": false, "id": "e5dfrjm", "banned_at_utc": null, "mod_reason_title": null, "gilded": 0, "archived": false, "report_reasons": null, "author": "[deleted]", "can_mod_post": false, "send_replies": true, "parent_id": "t1_e5dd7ew", "score": 1, "approved_by": null, "downs": 0, "body": "[removed]", "edited": false, "author_flair_css_class": null, "collapsed": false, "is_submitter": false, "collapsed_reason": null, "body_html": "&lt;div class=\"md\"&gt;&lt;p&gt;[removed]&lt;/p&gt;\n&lt;/div&gt;", "stickied": false, "subreddit_type": "public", "can_gild": true, "gildings": {"gid_1": 0, "gid_2": 0, "gid_3": 0}, "author_flair_text_color": "dark", "score_hidden": false, "permalink": "/r/AskHistorians/comments/9cteq3/at_what_point_did_the_development_disparity/e5dfrjm/", "num_reports": null, "name": "t1_e5dfrjm", "created": 1536094247.0, "subreddit": "AskHistorians", "author_flair_text": null, "created_utc": 1536065447.0, "subreddit_name_prefixed": "r/AskHistorians", "controversiality": 0, "depth": 1, "author_flair_background_color": "", "mod_reports": [], "mod_note": null, "distinguished": null}}], "after": null, "before": null}}, "user_reports": [], "saved": false, "id": "e5dd7ew", "banned_at_utc": null, "mod_reason_title": null, "gilded": 0, "archived": false, "report_reasons": null, "author": "[deleted]", "can_mod_post": false, "send_replies": true, "parent_id": "t3_9cteq3", "score": 20, "approved_by": null, "downs": 0, "body": "[removed]", "edited": 1536065230.0, "author_flair_css_class": null, "collapsed": false, "is_submitter": false, "collapsed_reason": null, "body_html": "&lt;div class=\"md\"&gt;&lt;p&gt;[removed]&lt;/p&gt;\n&lt;/div&gt;", "stickied": false, "subreddit_type": "public", "can_gild": true, "gildings": {"gid_1": 0, "gid_2": 0, "gid_3": 0}, "author_flair_text_color": "dark", "score_hidden": false, "permalink": "/r/AskHistorians/comments/9cteq3/at_what_point_did_the_development_disparity/e5dd7ew/", "num_reports": null, "name": "t1_e5dd7ew", "created": 1536090761.0, "subreddit": "AskHistorians", "author_flair_text": null, "created_utc": 1536061961.0, "subreddit_name_prefixed": "r/AskHistorians", "controversiality": 0, "depth": 0, "author_flair_background_color": "", "mod_reports": [], "mod_note": null, "distinguished": null}}, {"kind": "t1", "data": {"subreddit_id": "t5_2ssp3", "approved_at_utc": null, "ups": -25, "mod_reason_by": null, "banned_by": null, "removal_reason": null, "link_id": "t3_9cteq3", "author_flair_template_id": null, "likes": null, "no_follow": true, "replies": {"kind": "Listing", "data": {"modhash": "", "dist": null, "children": [{"kind": "t1", "data": {"subreddit_id": "t5_2ssp3", "approved_at_utc": null, "ups": 2, "mod_reason_by": null, "banned_by": null, "author_flair_type": "text", "removal_reason": null, "link_id": "t3_9cteq3", "author_flair_template_id": "9e641f94-c626-11e2-8e2c-12313b0b21ae", "likes": null, "no_follow": true, "replies": "", "user_reports": [], "saved": false, "id": "e5dger8", "banned_at_utc": null, "mod_reason_title": null, "gilded": 0, "archived": false, "report_reasons": null, "author": "Georgy_K_Zhukov", "can_mod_post": false, "send_replies": true, "parent_id": "t1_e5daqg5", "score": 2, "author_fullname": "t2_9v6a6", "approved_by": null, "downs": 0, "body": "We ask that answers in this subreddit be [in-depth and comprehensive](https://www.reddit.com/r/AskHistorians/comments/1jsabs/what_it_means_to_post_a_good_answer_in/), and highly suggest that comments include citations for the information. In the future, please take the time to better familiarize yourself with [the rules](http://www.reddit.com/r/AskHistorians/wiki/rules#wiki_write_an_in-depth_answer) and our [Rules Roundtable](https://www.reddit.com/r/AskHistorians/comments/4kngwh/rules_roundtable_no_11_no_speculation/) on Speculation.", "edited": false, "author_flair_css_class": "moderator", "collapsed": false, "author_flair_richtext": [], "is_submitter": false, "collapsed_reason": null, "body_html": "&lt;div class=\"md\"&gt;&lt;p&gt;We ask that answers in this subreddit be &lt;a href=\"https://www.reddit.com/r/AskHistorians/comments/1jsabs/what_it_means_to_post_a_good_answer_in/\"&gt;in-depth and comprehensive&lt;/a&gt;, and highly suggest that comments include citations for the information. In the future, please take the time to better familiarize yourself with &lt;a href=\"http://www.reddit.com/r/AskHistorians/wiki/rules#wiki_write_an_in-depth_answer\"&gt;the rules&lt;/a&gt; and our &lt;a href=\"https://www.reddit.com/r/AskHistorians/comments/4kngwh/rules_roundtable_no_11_no_speculation/\"&gt;Rules Roundtable&lt;/a&gt; on Speculation.&lt;/p&gt;\n&lt;/div&gt;", "stickied": false, "subreddit_type": "public", "can_gild": true, "gildings": {"gid_1": 0, "gid_2": 0, "gid_3": 0}, "author_flair_text_color": "light", "score_hidden": false, "permalink": "/r/AskHistorians/comments/9cteq3/at_what_point_did_the_development_disparity/e5dger8/", "num_reports": null, "name": "t1_e5dger8", "created": 1536095034.0, "subreddit": "AskHistorians", "author_flair_text": "Moderator | Post-Napoleonic Warfare &amp; Small Arms | Dueling", "created_utc": 1536066234.0, "subreddit_name_prefixed": "r/AskHistorians", "controversiality": 0, "depth": 1, "author_flair_background_color": "#8b008b", "mod_reports": [], "mod_note": null, "distinguished": "moderator"}}], "after": null, "before": null}}, "user_reports": [], "saved": false, "id": "e5daqg5", "banned_at_utc": null, "mod_reason_title": null, "gilded": 0, "archived": false, "report_reasons": null, "author": "[deleted]", "can_mod_post": false, "send_replies": true, "parent_id": "t3_9cteq3", "score": -25, "approved_by": null, "downs": 0, "body": "[removed]", "edited": false, "author_flair_css_class": null, "collapsed": false, "is_submitter": false, "collapsed_reason": "comment score below threshold", "body_html": "&lt;div class=\"md\"&gt;&lt;p&gt;[removed]&lt;/p&gt;\n&lt;/div&gt;", "stickied": false, "subreddit_type": "public", "can_gild": true, "gildings": {"gid_1": 0, "gid_2": 0, "gid_3": 0}, "author_flair_text_color": "dark", "score_hidden": false, "permalink": "/r/AskHistorians/comments/9cteq3/at_what_point_did_the_development_disparity/e5daqg5/", "num_reports": null, "name": "t1_e5daqg5", "created": 1536086666.0, "subreddit": "AskHistorians", "author_flair_text": null, "created_utc": 1536057866.0, "subreddit_name_prefixed": "r/AskHistorians", "controversiality": 0, "depth": 0, "author_flair_background_color": "", "mod_reports": [], "mod_note": null, "distinguished": null}}], "after": null, "before": null}}]