[{"kind": "Listing", "data": {"modhash": "", "dist": 1, "children": [{"kind": "t3", "data": {"approved_at_utc": null, "subreddit": "AskHistorians", "selftext": "My understanding is that a Consul Ordinarius couldn't (or generally wouldn't) be elected to the position of Consul again until 10 years had passed, did this apply to Consul Suffectus who took office after one of Consul Ordinarius died?\n\nSupplementary questions would be how were Consul Suffectus elected? If they could not be re-elected within the standard 10 years as like a Consul Ordinarius, were Romans less inclined to take the position? ", "user_reports": [], "saved": false, "mod_reason_title": null, "gilded": 0, "clicked": false, "title": "Could a Consul Suffectus be re-elected within 10 years during the Roman Republic?", "link_flair_richtext": [], "subreddit_name_prefixed": "r/AskHistorians", "hidden": false, "pwls": 6, "link_flair_css_class": null, "downs": 0, "parent_whitelist_status": "all_ads", "hide_score": false, "name": "t3_9cx57q", "quarantine": false, "link_flair_text_color": "dark", "upvote_ratio": 0.67, "author_flair_background_color": null, "subreddit_type": "public", "ups": 2, "domain": "self.AskHistorians", "media_embed": {}, "author_flair_template_id": null, "is_original_content": false, "author_fullname": "t2_jnyr8", "secure_media": null, "is_reddit_media_domain": false, "is_meta": false, "category": null, "secure_media_embed": {}, "link_flair_text": null, "can_mod_post": false, "score": 2, "approved_by": null, "thumbnail": "", "edited": false, "author_flair_css_class": null, "author_flair_richtext": [], "gildings": {"gid_1": 0, "gid_2": 0, "gid_3": 0}, "content_categories": null, "is_self": true, "mod_note": null, "created": 1536106798.0, "link_flair_type": "text", "wls": 6, "banned_by": null, "author_flair_type": "text", "contest_mode": false, "selftext_html": "&lt;!-- SC_OFF --&gt;&lt;div class=\"md\"&gt;&lt;p&gt;My understanding is that a Consul Ordinarius couldn&amp;#39;t (or generally wouldn&amp;#39;t) be elected to the position of Consul again until 10 years had passed, did this apply to Consul Suffectus who took office after one of Consul Ordinarius died?&lt;/p&gt;\n\n&lt;p&gt;Supplementary questions would be how were Consul Suffectus elected? If they could not be re-elected within the standard 10 years as like a Consul Ordinarius, were Romans less inclined to take the position? &lt;/p&gt;\n&lt;/div&gt;&lt;!-- SC_ON --&gt;", "likes": null, "suggested_sort": null, "banned_at_utc": null, "view_count": null, "archived": false, "no_follow": true, "is_crosspostable": false, "pinned": false, "over_18": false, "media": null, "media_only": false, "link_flair_template_id": null, "can_gild": false, "spoiler": false, "locked": false, "author_flair_text": null, "visited": false, "num_reports": null, "distinguished": null, "subreddit_id": "t5_2ssp3", "mod_reason_by": null, "removal_reason": null, "link_flair_background_color": "", "id": "9cx57q", "is_robot_indexable": true, "report_reasons": null, "author": "crabchucking", "num_crossposts": 0, "num_comments": 0, "send_replies": true, "author_flair_text_color": null, "permalink": "/r/AskHistorians/comments/9cx57q/could_a_consul_suffectus_be_reelected_within_10/", "whitelist_status": "all_ads", "stickied": false, "url": "https://www.reddit.com/r/AskHistorians/comments/9cx57q/could_a_consul_suffectus_be_reelected_within_10/", "subreddit_subscribers": 827848, "created_utc": 1536077998.0, "mod_reports": [], "is_video": false}}], "after": null, "before": null}}, {"kind": "Listing", "data": {"modhash": "", "dist": null, "children": [], "after": null, "before": null}}]