[{"kind": "Listing", "data": {"modhash": "", "dist": 1, "children": [{"kind": "t3", "data": {"approved_at_utc": null, "subreddit": "AskHistorians", "selftext": "Hello guys! This is one of my first posts on reddit so I am sorry if the format won't be that good.\n\nI wish to participate at the history olympiad and other history-related contests this year but I have a pretty big issue - I don't know how to write essays about historical topics. I know the information, I undestand it and even like learning about it, but when the time comes to put it into paper from a historical perspective - the cause and effect relationship, putting together different opinions, looking at everything objectively and using historical terms etc. - my brain becomes a mess. \n\nI have no problems thinking or talking about the subjects, the only one is essay writing. I tried to read some books with examples of essays already written and then write my own on other subjects but it still didn't help much. \n\nSo I am asking for some advice on this. How can I get this situation better?", "user_reports": [], "saved": false, "mod_reason_title": null, "gilded": 0, "clicked": false, "title": "How do I learn to write historical essays?", "link_flair_richtext": [], "subreddit_name_prefixed": "r/AskHistorians", "hidden": false, "pwls": 6, "link_flair_css_class": null, "downs": 0, "parent_whitelist_status": "all_ads", "hide_score": false, "name": "t3_cksxd4", "quarantine": false, "link_flair_text_color": "dark", "upvote_ratio": 0.9, "author_flair_background_color": null, "subreddit_type": "public", "ups": 13, "total_awards_received": 0, "media_embed": {}, "author_flair_template_id": null, "is_original_content": false, "author_fullname": "t2_3mgwwql4", "secure_media": null, "is_reddit_media_domain": false, "is_meta": false, "category": null, "secure_media_embed": {}, "link_flair_text": null, "can_mod_post": false, "num_duplicates": 1, "approved_by": null, "thumbnail": "", "edited": false, "author_flair_css_class": null, "steward_reports": [], "author_flair_richtext": [], "gildings": {}, "content_categories": null, "is_self": true, "mod_note": null, "created": 1564715926.0, "link_flair_type": "text", "wls": 6, "banned_by": null, "author_flair_type": "text", "domain": "self.AskHistorians", "allow_live_comments": false, "selftext_html": "&lt;!-- SC_OFF --&gt;&lt;div class=\"md\"&gt;&lt;p&gt;Hello guys! This is one of my first posts on reddit so I am sorry if the format won&amp;#39;t be that good.&lt;/p&gt;\n\n&lt;p&gt;I wish to participate at the history olympiad and other history-related contests this year but I have a pretty big issue - I don&amp;#39;t know how to write essays about historical topics. I know the information, I undestand it and even like learning about it, but when the time comes to put it into paper from a historical perspective - the cause and effect relationship, putting together different opinions, looking at everything objectively and using historical terms etc. - my brain becomes a mess. &lt;/p&gt;\n\n&lt;p&gt;I have no problems thinking or talking about the subjects, the only one is essay writing. I tried to read some books with examples of essays already written and then write my own on other subjects but it still didn&amp;#39;t help much. &lt;/p&gt;\n\n&lt;p&gt;So I am asking for some advice on this. How can I get this situation better?&lt;/p&gt;\n&lt;/div&gt;&lt;!-- SC_ON --&gt;", "likes": null, "suggested_sort": null, "banned_at_utc": null, "view_count": null, "archived": false, "score": 13, "no_follow": false, "is_crosspostable": false, "pinned": false, "over_18": false, "all_awardings": [], "media": null, "media_only": false, "can_gild": false, "spoiler": false, "locked": false, "author_flair_text": null, "visited": false, "num_reports": null, "distinguished": null, "subreddit_id": "t5_2ssp3", "mod_reason_by": null, "removal_reason": null, "link_flair_background_color": "", "id": "cksxd4", "is_robot_indexable": true, "report_reasons": null, "author": "iuly237", "num_crossposts": 0, "num_comments": 3, "send_replies": true, "contest_mode": false, "author_patreon_flair": false, "author_flair_text_color": null, "permalink": "/r/AskHistorians/comments/cksxd4/how_do_i_learn_to_write_historical_essays/", "whitelist_status": "all_ads", "stickied": false, "url": "https://www.reddit.com/r/AskHistorians/comments/cksxd4/how_do_i_learn_to_write_historical_essays/", "subreddit_subscribers": 1016329, "created_utc": 1564687126.0, "discussion_type": null, "mod_reports": [], "is_video": false}}], "after": null, "before": null}}, {"kind": "Listing", "data": {"modhash": "", "dist": null, "children": [{"kind": "t1", "data": {"total_awards_received": 0, "approved_at_utc": null, "ups": 1, "mod_reason_by": null, "banned_by": null, "author_flair_type": "richtext", "removal_reason": null, "link_id": "t3_cksxd4", "author_flair_template_id": "9e641f94-c626-11e2-8e2c-12313b0b21ae", "likes": null, "no_follow": true, "replies": "", "user_reports": [], "saved": false, "id": "evq62ti", "banned_at_utc": null, "mod_reason_title": null, "gilded": 0, "archived": false, "report_reasons": null, "author": "AutoModerator", "can_mod_post": false, "send_replies": false, "parent_id": "t3_cksxd4", "score": 1, "author_fullname": "t2_6l4z3", "approved_by": null, "all_awardings": [], "subreddit_id": "t5_2ssp3", "body": "Welcome to /r/AskHistorians. **Please be sure to [Read Our Rules](https://www.reddit.com/r/AskHistorians/wiki/rules) before you contribute to this community**.  \n\nWe thank you for your interest in this *question*, and your patience in waiting for an in-depth and comprehensive answer to be written, which takes time. Please consider **[Clicking Here for RemindMeBot](https://www.reddit.com/message/compose/?to=RemindMeBot&amp;subject=Reminder&amp;message=%5Bhttps://www.reddit.com/r/AskHistorians/comments/cksxd4/how_do_i_learn_to_write_historical_essays/%5D%0A%0ARemindMe!++2+days)**, or using [these alternatives](/r/AskHistorians/comments/8p0s9b/roundtable_21_be_kindremind_the_mod_approved/). In the meantime our [Twitter](https://twitter.com/askhistorians), [Facebook](https://www.facebook.com/askhistorians/), and [Sunday Digest](https://www.reddit.com/r/AskHistorians/search?q=title%3A%22Sunday+Digest%22&amp;restrict_sr=on&amp;sort=new&amp;t=all) feature excellent content that has already been written!\n\n[Please leave feedback on this test message here.](https://www.reddit.com/r/AskHistorians/comments/btz9o5/testing_testing_123_well_be_trying_out_an/)\n\n\n*I am a bot, and this action was performed automatically. Please [contact the moderators of this subreddit](/message/compose/?to=/r/AskHistorians) if you have any questions or concerns.*", "edited": false, "author_flair_css_class": "moderator", "steward_reports": [], "is_submitter": false, "downs": 0, "author_flair_richtext": [{"e": "text", "t": "History of Robotics"}], "author_patreon_flair": false, "collapsed_reason": null, "body_html": "&lt;div class=\"md\"&gt;&lt;p&gt;Welcome to &lt;a href=\"/r/AskHistorians\"&gt;/r/AskHistorians&lt;/a&gt;. &lt;strong&gt;Please be sure to &lt;a href=\"https://www.reddit.com/r/AskHistorians/wiki/rules\"&gt;Read Our Rules&lt;/a&gt; before you contribute to this community&lt;/strong&gt;.  &lt;/p&gt;\n\n&lt;p&gt;We thank you for your interest in this &lt;em&gt;question&lt;/em&gt;, and your patience in waiting for an in-depth and comprehensive answer to be written, which takes time. Please consider &lt;strong&gt;&lt;a href=\"https://www.reddit.com/message/compose/?to=RemindMeBot&amp;amp;subject=Reminder&amp;amp;message=%5Bhttps://www.reddit.com/r/AskHistorians/comments/cksxd4/how_do_i_learn_to_write_historical_essays/%5D%0A%0ARemindMe!++2+days\"&gt;Clicking Here for RemindMeBot&lt;/a&gt;&lt;/strong&gt;, or using &lt;a href=\"/r/AskHistorians/comments/8p0s9b/roundtable_21_be_kindremind_the_mod_approved/\"&gt;these alternatives&lt;/a&gt;. In the meantime our &lt;a href=\"https://twitter.com/askhistorians\"&gt;Twitter&lt;/a&gt;, &lt;a href=\"https://www.facebook.com/askhistorians/\"&gt;Facebook&lt;/a&gt;, and &lt;a href=\"https://www.reddit.com/r/AskHistorians/search?q=title%3A%22Sunday+Digest%22&amp;amp;restrict_sr=on&amp;amp;sort=new&amp;amp;t=all\"&gt;Sunday Digest&lt;/a&gt; feature excellent content that has already been written!&lt;/p&gt;\n\n&lt;p&gt;&lt;a href=\"https://www.reddit.com/r/AskHistorians/comments/btz9o5/testing_testing_123_well_be_trying_out_an/\"&gt;Please leave feedback on this test message here.&lt;/a&gt;&lt;/p&gt;\n\n&lt;p&gt;&lt;em&gt;I am a bot, and this action was performed automatically. Please &lt;a href=\"/message/compose/?to=/r/AskHistorians\"&gt;contact the moderators of this subreddit&lt;/a&gt; if you have any questions or concerns.&lt;/em&gt;&lt;/p&gt;\n&lt;/div&gt;", "stickied": true, "subreddit_type": "public", "can_gild": true, "gildings": {}, "author_flair_text_color": "light", "score_hidden": true, "permalink": "/r/AskHistorians/comments/cksxd4/how_do_i_learn_to_write_historical_essays/evq62ti/", "num_reports": null, "locked": true, "name": "t1_evq62ti", "created": 1564715926.0, "subreddit": "AskHistorians", "author_flair_text": "History of Robotics", "collapsed": false, "created_utc": 1564687126.0, "subreddit_name_prefixed": "r/AskHistorians", "controversiality": 0, "depth": 0, "author_flair_background_color": "#8b008b", "mod_reports": [], "mod_note": null, "distinguished": "moderator"}}, {"kind": "t1", "data": {"total_awards_received": 0, "approved_at_utc": null, "ups": 15, "mod_reason_by": null, "banned_by": null, "author_flair_type": "richtext", "removal_reason": null, "link_id": "t3_cksxd4", "author_flair_template_id": null, "likes": null, "no_follow": false, "replies": "", "user_reports": [], "saved": false, "id": "evqe6nw", "banned_at_utc": null, "mod_reason_title": null, "gilded": 0, "archived": false, "report_reasons": null, "author": "sunagainstgold", "can_mod_post": false, "send_replies": true, "parent_id": "t3_cksxd4", "score": 15, "author_fullname": "t2_j83ki", "approved_by": null, "all_awardings": [], "subreddit_id": "t5_2ssp3", "body": "All right, let's take the guidelines you've mentioned: (a) a cause-and-effect question, say, \"Why did X happen?\", and (b) the existence of multiple scholarly opinions on the matter.  I did one of my secondary school term papers on \"Why did the [Equal Rights Amendment](https://en.wikipedia.org/wiki/Equal_Rights_Amendment) [for women and men] fail in the 1970s?\", so let's use that as an example.\n\nI found three competing perspectives on the matter. (*Remember, AskHistorians friends, this is teenage me using pretty much just JSTOR; judge not lest you be judged*). (1) **Scholar A** did a straight-up numbers analysis, looking at population size, delegate total, relationship between legislative schedules in states versus time limits on the national scale, &amp;c. Basically: all math. (2) **Scholar B** argued it was church-based opposition from conservative Christians lobbying politicians. (3) **Scholar C** argued that it was a gender issue, that Phyllis Schlafly and other antifeminists basically scared America deeper into sexism.\n\nSo my paper begins with three paragraphs/sections (depending on length limits), summarizing each argument and setting out a couple of key pieces of evidence that the scholars raise to support their thesis.\n\nThen I looked for primary sources. A lot of times, these will already be cited in the footnotes of the scholarly articles and books. In my case, I looked at newspaper articles and speeches. You might also use additional secondary sources here, on related topics--like if I had done research on Roe v. Wade (protecting abortion rights in the US, a major women's issue) and the backlash against it. Which I did not, but again, *bless me, Braudel, for I have sinned.*\n\nI read my sources and picked out key points and quotes, like when newspaper articles were interviews with \"person on the street\", or if they described a speech with large attendance. \n\nThere are two ways to structure the paper from this point. **One**:\n\nYou organize your primary source evidence and lay it out, making your own case for why the ERA failed. You use the three scholarly arguments to help you structure your own gathering of data and how you present it in the paper. You see if you find stuff that doesn't fit with any of them.\n\n**Two:**\n\nYou repeat the initial procedure. You take Scholar A, then posit the additional evidence you found that supports and refutes the case. Repeat with Scholars B and C.\n\n**In the end**\n\nYou draw a conclusion based on your analysis part. Is one scholar right? Are there good points in all of them? Are they all wrong?\n\nIn my case, I am quite gratified to see that Wikipedia in 2019 backs up the conclusion that I reached in high school, despite the fact that the only good thing about that paper was probably its title:\n\n\"The Politics of Public Toilets.\"\n\n~~\n\nI hope this helps!", "edited": false, "author_flair_css_class": "europe", "steward_reports": [], "is_submitter": false, "downs": 0, "author_flair_richtext": [{"e": "text", "t": "Moderator | Medieval &amp; Earliest Modern Europe"}], "author_patreon_flair": false, "collapsed_reason": null, "body_html": "&lt;div class=\"md\"&gt;&lt;p&gt;All right, let&amp;#39;s take the guidelines you&amp;#39;ve mentioned: (a) a cause-and-effect question, say, &amp;quot;Why did X happen?&amp;quot;, and (b) the existence of multiple scholarly opinions on the matter.  I did one of my secondary school term papers on &amp;quot;Why did the &lt;a href=\"https://en.wikipedia.org/wiki/Equal_Rights_Amendment\"&gt;Equal Rights Amendment&lt;/a&gt; [for women and men] fail in the 1970s?&amp;quot;, so let&amp;#39;s use that as an example.&lt;/p&gt;\n\n&lt;p&gt;I found three competing perspectives on the matter. (&lt;em&gt;Remember, AskHistorians friends, this is teenage me using pretty much just JSTOR; judge not lest you be judged&lt;/em&gt;). (1) &lt;strong&gt;Scholar A&lt;/strong&gt; did a straight-up numbers analysis, looking at population size, delegate total, relationship between legislative schedules in states versus time limits on the national scale, &amp;amp;c. Basically: all math. (2) &lt;strong&gt;Scholar B&lt;/strong&gt; argued it was church-based opposition from conservative Christians lobbying politicians. (3) &lt;strong&gt;Scholar C&lt;/strong&gt; argued that it was a gender issue, that Phyllis Schlafly and other antifeminists basically scared America deeper into sexism.&lt;/p&gt;\n\n&lt;p&gt;So my paper begins with three paragraphs/sections (depending on length limits), summarizing each argument and setting out a couple of key pieces of evidence that the scholars raise to support their thesis.&lt;/p&gt;\n\n&lt;p&gt;Then I looked for primary sources. A lot of times, these will already be cited in the footnotes of the scholarly articles and books. In my case, I looked at newspaper articles and speeches. You might also use additional secondary sources here, on related topics--like if I had done research on Roe v. Wade (protecting abortion rights in the US, a major women&amp;#39;s issue) and the backlash against it. Which I did not, but again, &lt;em&gt;bless me, Braudel, for I have sinned.&lt;/em&gt;&lt;/p&gt;\n\n&lt;p&gt;I read my sources and picked out key points and quotes, like when newspaper articles were interviews with &amp;quot;person on the street&amp;quot;, or if they described a speech with large attendance. &lt;/p&gt;\n\n&lt;p&gt;There are two ways to structure the paper from this point. &lt;strong&gt;One&lt;/strong&gt;:&lt;/p&gt;\n\n&lt;p&gt;You organize your primary source evidence and lay it out, making your own case for why the ERA failed. You use the three scholarly arguments to help you structure your own gathering of data and how you present it in the paper. You see if you find stuff that doesn&amp;#39;t fit with any of them.&lt;/p&gt;\n\n&lt;p&gt;&lt;strong&gt;Two:&lt;/strong&gt;&lt;/p&gt;\n\n&lt;p&gt;You repeat the initial procedure. You take Scholar A, then posit the additional evidence you found that supports and refutes the case. Repeat with Scholars B and C.&lt;/p&gt;\n\n&lt;p&gt;&lt;strong&gt;In the end&lt;/strong&gt;&lt;/p&gt;\n\n&lt;p&gt;You draw a conclusion based on your analysis part. Is one scholar right? Are there good points in all of them? Are they all wrong?&lt;/p&gt;\n\n&lt;p&gt;In my case, I am quite gratified to see that Wikipedia in 2019 backs up the conclusion that I reached in high school, despite the fact that the only good thing about that paper was probably its title:&lt;/p&gt;\n\n&lt;p&gt;&amp;quot;The Politics of Public Toilets.&amp;quot;&lt;/p&gt;\n\n&lt;p&gt;~~&lt;/p&gt;\n\n&lt;p&gt;I hope this helps!&lt;/p&gt;\n&lt;/div&gt;", "stickied": false, "subreddit_type": "public", "can_gild": true, "gildings": {}, "author_flair_text_color": "dark", "score_hidden": false, "permalink": "/r/AskHistorians/comments/cksxd4/how_do_i_learn_to_write_historical_essays/evqe6nw/", "num_reports": null, "locked": false, "name": "t1_evqe6nw", "created": 1564720113.0, "subreddit": "AskHistorians", "author_flair_text": "Moderator | Medieval &amp; Earliest Modern Europe", "collapsed": false, "created_utc": 1564691313.0, "subreddit_name_prefixed": "r/AskHistorians", "controversiality": 0, "depth": 0, "author_flair_background_color": "", "mod_reports": [], "mod_note": null, "distinguished": null}}, {"kind": "t1", "data": {"total_awards_received": 0, "approved_at_utc": null, "ups": 13, "mod_reason_by": null, "banned_by": null, "author_flair_type": "richtext", "removal_reason": null, "link_id": "t3_cksxd4", "author_flair_template_id": "926c8f8c-c626-11e2-a72b-12313b06caaf", "likes": null, "no_follow": false, "replies": "", "user_reports": [], "saved": false, "id": "evrjtyh", "banned_at_utc": null, "mod_reason_title": null, "gilded": 0, "archived": false, "report_reasons": null, "author": "restricteddata", "can_mod_post": false, "send_replies": true, "parent_id": "t3_cksxd4", "score": 13, "author_fullname": "t2_8brve", "approved_by": null, "all_awardings": [], "subreddit_id": "t5_2ssp3", "body": "So what I tell my students is this: a (good) historical paper is a paper that asks and answers (to some degree) a historical question. What is a good historical question? That's the hard part. Sometimes the best ones are pretty straightforward and \"simple\" at their core. A recent paper I wrote is basically trying to answer the question: \"What did Truman know about Hiroshima prior to the atomic bomb attack on it?\" It's an odd question to ask, but it makes for an interesting answer (almost nothing, in fact he may have thought it was a military base and not a city). A more straightforward undergraduate history question along similar lines might be: \"How did the Japanese first understand what had happened after the Hiroshima bombing? What were they told, and how did they verify it?\" (This is a question that gets asked occasionally here on /r/AskHistorians \u2014 it's a good question!) This is a question of limited scope, unlike, \"What role did the atomic bombings have in encouraging the Japanese to surrender?\" which is good question but a huge one (entire books are written on it). \n\nMost history papers don't start with knowing the question in advance. Often you start with a general idea of what you're interested in (e.g., \"the atomic bombings\") and then you read around a bit and try to find something interesting in there. My paper on Truman didn't start with that question; it started with being interested in a contradictory passage in a journal Truman wrote (which said that the first bomb would be used on a \"purely military\" target and spare women and children, which didn't happen obviously), and then working outward from there. (You could rephrase my question as, \"if Truman wasn't lying in his journal, how would he have been so wrong, and what are the implications of this?\") It's OK to start a topic without knowing the exact research question, but you need a research _interest_ of some sort. And again, narrowing the research question down to a non-book-length is a difficult trick, the sort of thing one learns mostly through experience/trial and error. Of course you can narrow the question down as you go, as you discover whether it's too easy to answer, or too hard.\n\nOK. So how do you answer a research question once you have it? You look at sources, you look at arguments by other scholars, you try to put bounds on the answer. Sometimes there isn't a single answer \u2014 usually there are several plausible answers. That's fine for a history paper; we like nuance. But this is straightforward research work, with the only trick being that you need to know where to look for sources. Librarians can help with this, as can JSTOR, as can Googling. But a useful trick early on is to find any single article or book that is relevant and to look at _their_ sources. If you do this a few times you very quickly become knowledgeable of what the most important works surrounding a question might be, and what kind of sources are used by everybody, which is both helpful because now _you_ can consult said sources/books, but also you know what the limitations might be (if everyone is looking a memoirs, you might ask, are their non-memoir sources that corroborate or contradict these arguments?). \n\nOK, you've got a question, you've got some evidence. How do you write the essay? Here's the big secret: the same way, more or less, you'd write any essay. Just because it's about the past doesn't make it that much trickier. You have to think carefully about the past, to be sure (you need to engage it on its own terms, be thoughtful about what can and can't be known, etc.), but the writing is writing. You have an introduction that sets up what you're doing, you give evidence and go through different angles of the research question, and then you conclude by answering your research question. The paper should ideally flow logically from your question to your evidence to your conclusion. \n\nThe actual writing is as hard as all good writing. You need to structure your paragraphs carefully and be aware of how you use evidence. You need to anticipate the kinds of questions that your evidence might raise with the reader, and the kinds of objections that your arguments (the \"answers\" to your research questions) might raise. You need to cite your sources, and work your way through the argument and its deficits. But this is just the skill of non-fiction writing. The best way to learn it is to try it, and then get feedback from someone who is a good reader, and then take that feedback seriously. \n\nAs for the \"brain becomes a mess part\" \u2014 if you find yourself to be a scattered writer, compensate by investing more time in organization. Outlines can help. Some people take very detailed notes and put them in chronological order. Find a strategy that works for you. Because you do have to marshal a lot of information to write a good history paper. And if your brain doesn't naturally hold that information in there, you need a system. (I use databases for the sources, and very loose outlines for the paper structure, myself. If I have a bunch of sources I need to process, at a minimum I make a Word file where I just go through each of them, writing down what jumps out as interesting to me, and then I use that Word file to think about what kind of argument I am going to make. I find it easier to work from notes than the documents or books themselves. But everyone is different. Find what works for you.) \n\nThe only other advice: to learn to write better you need to learn to read better. Look at an academic history paper and work out its structure. What's the intro doing? How does the citation and evidence work? How do they deal with long quotes versus short ones? And crucially, how do they end the damned thing? Feel free to mimic the overall structure of the work of others. Someday, when you're good at this, you can innovate and break the rules and etc. But you need to learn the rules first before you start to break them. And there's no better, or easier, way to do this than by using another essay as a structural model.", "edited": 1564749910.0, "author_flair_css_class": "technology", "steward_reports": [], "is_submitter": false, "downs": 0, "author_flair_richtext": [{"e": "text", "t": "Nuclear Technology | Modern Science"}], "author_patreon_flair": false, "collapsed_reason": null, "body_html": "&lt;div class=\"md\"&gt;&lt;p&gt;So what I tell my students is this: a (good) historical paper is a paper that asks and answers (to some degree) a historical question. What is a good historical question? That&amp;#39;s the hard part. Sometimes the best ones are pretty straightforward and &amp;quot;simple&amp;quot; at their core. A recent paper I wrote is basically trying to answer the question: &amp;quot;What did Truman know about Hiroshima prior to the atomic bomb attack on it?&amp;quot; It&amp;#39;s an odd question to ask, but it makes for an interesting answer (almost nothing, in fact he may have thought it was a military base and not a city). A more straightforward undergraduate history question along similar lines might be: &amp;quot;How did the Japanese first understand what had happened after the Hiroshima bombing? What were they told, and how did they verify it?&amp;quot; (This is a question that gets asked occasionally here on &lt;a href=\"/r/AskHistorians\"&gt;/r/AskHistorians&lt;/a&gt; \u2014 it&amp;#39;s a good question!) This is a question of limited scope, unlike, &amp;quot;What role did the atomic bombings have in encouraging the Japanese to surrender?&amp;quot; which is good question but a huge one (entire books are written on it). &lt;/p&gt;\n\n&lt;p&gt;Most history papers don&amp;#39;t start with knowing the question in advance. Often you start with a general idea of what you&amp;#39;re interested in (e.g., &amp;quot;the atomic bombings&amp;quot;) and then you read around a bit and try to find something interesting in there. My paper on Truman didn&amp;#39;t start with that question; it started with being interested in a contradictory passage in a journal Truman wrote (which said that the first bomb would be used on a &amp;quot;purely military&amp;quot; target and spare women and children, which didn&amp;#39;t happen obviously), and then working outward from there. (You could rephrase my question as, &amp;quot;if Truman wasn&amp;#39;t lying in his journal, how would he have been so wrong, and what are the implications of this?&amp;quot;) It&amp;#39;s OK to start a topic without knowing the exact research question, but you need a research &lt;em&gt;interest&lt;/em&gt; of some sort. And again, narrowing the research question down to a non-book-length is a difficult trick, the sort of thing one learns mostly through experience/trial and error. Of course you can narrow the question down as you go, as you discover whether it&amp;#39;s too easy to answer, or too hard.&lt;/p&gt;\n\n&lt;p&gt;OK. So how do you answer a research question once you have it? You look at sources, you look at arguments by other scholars, you try to put bounds on the answer. Sometimes there isn&amp;#39;t a single answer \u2014 usually there are several plausible answers. That&amp;#39;s fine for a history paper; we like nuance. But this is straightforward research work, with the only trick being that you need to know where to look for sources. Librarians can help with this, as can JSTOR, as can Googling. But a useful trick early on is to find any single article or book that is relevant and to look at &lt;em&gt;their&lt;/em&gt; sources. If you do this a few times you very quickly become knowledgeable of what the most important works surrounding a question might be, and what kind of sources are used by everybody, which is both helpful because now &lt;em&gt;you&lt;/em&gt; can consult said sources/books, but also you know what the limitations might be (if everyone is looking a memoirs, you might ask, are their non-memoir sources that corroborate or contradict these arguments?). &lt;/p&gt;\n\n&lt;p&gt;OK, you&amp;#39;ve got a question, you&amp;#39;ve got some evidence. How do you write the essay? Here&amp;#39;s the big secret: the same way, more or less, you&amp;#39;d write any essay. Just because it&amp;#39;s about the past doesn&amp;#39;t make it that much trickier. You have to think carefully about the past, to be sure (you need to engage it on its own terms, be thoughtful about what can and can&amp;#39;t be known, etc.), but the writing is writing. You have an introduction that sets up what you&amp;#39;re doing, you give evidence and go through different angles of the research question, and then you conclude by answering your research question. The paper should ideally flow logically from your question to your evidence to your conclusion. &lt;/p&gt;\n\n&lt;p&gt;The actual writing is as hard as all good writing. You need to structure your paragraphs carefully and be aware of how you use evidence. You need to anticipate the kinds of questions that your evidence might raise with the reader, and the kinds of objections that your arguments (the &amp;quot;answers&amp;quot; to your research questions) might raise. You need to cite your sources, and work your way through the argument and its deficits. But this is just the skill of non-fiction writing. The best way to learn it is to try it, and then get feedback from someone who is a good reader, and then take that feedback seriously. &lt;/p&gt;\n\n&lt;p&gt;As for the &amp;quot;brain becomes a mess part&amp;quot; \u2014 if you find yourself to be a scattered writer, compensate by investing more time in organization. Outlines can help. Some people take very detailed notes and put them in chronological order. Find a strategy that works for you. Because you do have to marshal a lot of information to write a good history paper. And if your brain doesn&amp;#39;t naturally hold that information in there, you need a system. (I use databases for the sources, and very loose outlines for the paper structure, myself. If I have a bunch of sources I need to process, at a minimum I make a Word file where I just go through each of them, writing down what jumps out as interesting to me, and then I use that Word file to think about what kind of argument I am going to make. I find it easier to work from notes than the documents or books themselves. But everyone is different. Find what works for you.) &lt;/p&gt;\n\n&lt;p&gt;The only other advice: to learn to write better you need to learn to read better. Look at an academic history paper and work out its structure. What&amp;#39;s the intro doing? How does the citation and evidence work? How do they deal with long quotes versus short ones? And crucially, how do they end the damned thing? Feel free to mimic the overall structure of the work of others. Someday, when you&amp;#39;re good at this, you can innovate and break the rules and etc. But you need to learn the rules first before you start to break them. And there&amp;#39;s no better, or easier, way to do this than by using another essay as a structural model.&lt;/p&gt;\n&lt;/div&gt;", "stickied": false, "subreddit_type": "public", "can_gild": true, "gildings": {}, "author_flair_text_color": "light", "score_hidden": false, "permalink": "/r/AskHistorians/comments/cksxd4/how_do_i_learn_to_write_historical_essays/evrjtyh/", "num_reports": null, "locked": false, "name": "t1_evrjtyh", "created": 1564739053.0, "subreddit": "AskHistorians", "author_flair_text": "Nuclear Technology | Modern Science", "collapsed": false, "created_utc": 1564710253.0, "subreddit_name_prefixed": "r/AskHistorians", "controversiality": 0, "depth": 0, "author_flair_background_color": "#666666", "mod_reports": [], "mod_note": null, "distinguished": null}}], "after": null, "before": null}}]