[{"kind": "Listing", "data": {"modhash": "", "dist": 1, "children": [{"kind": "t3", "data": {"subreddit_id": "t5_2ssp3", "approved_at_utc": null, "send_replies": true, "mod_reason_by": null, "banned_by": null, "removal_reason": null, "wls": 6, "subreddit": "AskHistorians", "selftext_html": null, "author_flair_template_id": null, "selftext": "", "likes": null, "suggested_sort": null, "mod_note": null, "user_reports": [], "secure_media": null, "is_reddit_media_domain": false, "saved": false, "id": "7uhv7j", "banned_at_utc": null, "mod_reason_title": null, "view_count": null, "archived": false, "clicked": false, "no_follow": false, "author": "Shashank1000", "num_crossposts": 0, "link_flair_text": null, "can_mod_post": false, "is_crosspostable": false, "pinned": false, "score": 17, "approved_by": null, "over_18": false, "domain": "self.AskHistorians", "hidden": false, "pwls": 6, "thumbnail": "", "hide_score": false, "edited": false, "link_flair_css_class": null, "media_only": false, "author_flair_css_class": "Other", "contest_mode": false, "gilded": 0, "title": "Mauritius is one of the richest countries in Africa today with GDP per capita in excess of $10K. How did it achieve this success and why is this apparent economic success story not known in the West?", "downs": 0, "secure_media_embed": {}, "media_embed": {}, "author_flair_text": "Modern Economic History", "stickied": false, "can_gild": false, "is_self": true, "parent_whitelist_status": "all_ads", "name": "t3_7uhv7j", "spoiler": false, "permalink": "/r/AskHistorians/comments/7uhv7j/mauritius_is_one_of_the_richest_countries_in/", "subreddit_type": "public", "locked": false, "report_reasons": null, "created": 1517509788.0, "url": "https://www.reddit.com/r/AskHistorians/comments/7uhv7j/mauritius_is_one_of_the_richest_countries_in/", "whitelist_status": "all_ads", "quarantine": false, "subreddit_subscribers": 755264, "created_utc": 1517480988.0, "subreddit_name_prefixed": "r/AskHistorians", "distinguished": null, "media": null, "num_comments": 1, "upvote_ratio": 0.75, "mod_reports": [], "visited": false, "num_reports": null, "is_video": false, "ups": 17, "post_categories": null}}], "after": null, "before": null}}, {"kind": "Listing", "data": {"modhash": "", "dist": null, "children": [{"kind": "t1", "data": {"subreddit_id": "t5_2ssp3", "approved_at_utc": null, "ups": 2, "mod_reason_by": null, "banned_by": null, "removal_reason": null, "link_id": "t3_7uhv7j", "author_flair_template_id": null, "likes": null, "no_follow": true, "replies": {"kind": "Listing", "data": {"modhash": "", "dist": null, "children": [{"kind": "t1", "data": {"subreddit_id": "t5_2ssp3", "approved_at_utc": null, "ups": 3, "mod_reason_by": null, "banned_by": null, "removal_reason": null, "link_id": "t3_7uhv7j", "author_flair_template_id": null, "likes": null, "no_follow": true, "replies": "", "user_reports": [], "saved": false, "id": "dtl1r0w", "banned_at_utc": null, "mod_reason_title": null, "gilded": 0, "archived": false, "report_reasons": null, "author": "CommodoreCoCo", "can_mod_post": false, "send_replies": true, "parent_id": "t1_dtl13nh", "score": 3, "approved_by": null, "downs": 0, "body": "You have been [warned](https://www.reddit.com/r/AskHistorians/comments/6e7453/where_did_skinhead_originate_why_did_they_begin/di84xwd/) about the expectations for comments in this subreddit. Consider this your final warning. ", "edited": false, "author_flair_css_class": "southamerica", "collapsed": false, "is_submitter": false, "collapsed_reason": null, "body_html": "&lt;div class=\"md\"&gt;&lt;p&gt;You have been &lt;a href=\"https://www.reddit.com/r/AskHistorians/comments/6e7453/where_did_skinhead_originate_why_did_they_begin/di84xwd/\"&gt;warned&lt;/a&gt; about the expectations for comments in this subreddit. Consider this your final warning. &lt;/p&gt;\n&lt;/div&gt;", "subreddit_type": "public", "can_gild": true, "subreddit": "AskHistorians", "name": "t1_dtl1r0w", "score_hidden": false, "permalink": "/r/AskHistorians/comments/7uhv7j/mauritius_is_one_of_the_richest_countries_in/dtl1r0w/", "num_reports": null, "stickied": false, "created": 1517539278.0, "author_flair_text": "Moderator | Andean Archaeology", "created_utc": 1517510478.0, "subreddit_name_prefixed": "r/AskHistorians", "controversiality": 0, "depth": 1, "mod_reports": [], "mod_note": null, "distinguished": null}}], "after": null, "before": null}}, "user_reports": [], "saved": false, "id": "dtl13nh", "banned_at_utc": null, "mod_reason_title": null, "gilded": 0, "archived": false, "report_reasons": null, "author": "[deleted]", "can_mod_post": false, "send_replies": true, "parent_id": "t3_7uhv7j", "score": 2, "approved_by": null, "downs": 0, "body": "[removed]", "edited": false, "author_flair_css_class": null, "collapsed": false, "is_submitter": false, "collapsed_reason": null, "body_html": "&lt;div class=\"md\"&gt;&lt;p&gt;[removed]&lt;/p&gt;\n&lt;/div&gt;", "subreddit_type": "public", "can_gild": false, "subreddit": "AskHistorians", "name": "t1_dtl13nh", "score_hidden": false, "permalink": "/r/AskHistorians/comments/7uhv7j/mauritius_is_one_of_the_richest_countries_in/dtl13nh/", "num_reports": null, "stickied": false, "created": 1517538690.0, "author_flair_text": null, "created_utc": 1517509890.0, "subreddit_name_prefixed": "r/AskHistorians", "controversiality": 0, "depth": 0, "mod_reports": [], "mod_note": null, "distinguished": null}}], "after": null, "before": null}}]