[{"kind": "Listing", "data": {"modhash": "", "dist": 1, "children": [{"kind": "t3", "data": {"subreddit_id": "t5_2ssp3", "approved_at_utc": null, "send_replies": true, "mod_reason_by": null, "banned_by": null, "removal_reason": null, "wls": 6, "subreddit": "AskHistorians", "selftext_html": "&lt;!-- SC_OFF --&gt;&lt;div class=\"md\"&gt;&lt;p&gt;If I remember correctly, the modern idea of the &amp;quot;teenager&amp;quot; is relatively young. If so, when did teenagers become stereotyped as rebellious?&lt;/p&gt;\n&lt;/div&gt;&lt;!-- SC_ON --&gt;", "author_flair_template_id": null, "selftext": "If I remember correctly, the modern idea of the \"teenager\" is relatively young. If so, when did teenagers become stereotyped as rebellious?", "likes": null, "suggested_sort": null, "mod_note": null, "user_reports": [], "secure_media": null, "is_reddit_media_domain": false, "saved": false, "id": "7uicnb", "banned_at_utc": null, "mod_reason_title": null, "view_count": null, "archived": false, "clicked": false, "no_follow": false, "author": "TheLordHighExecu", "num_crossposts": 0, "link_flair_text": null, "can_mod_post": false, "is_crosspostable": false, "pinned": false, "score": 57, "approved_by": null, "over_18": false, "domain": "self.AskHistorians", "hidden": false, "pwls": 6, "thumbnail": "", "hide_score": false, "edited": false, "link_flair_css_class": null, "media_only": false, "author_flair_css_class": "qualitycontributor", "contest_mode": false, "gilded": 0, "title": "How old is the archetype of the \"rebellious teenager\"?", "downs": 0, "secure_media_embed": {}, "media_embed": {}, "author_flair_text": "Interesting Inquirer", "stickied": false, "can_gild": false, "is_self": true, "parent_whitelist_status": "all_ads", "name": "t3_7uicnb", "spoiler": false, "permalink": "/r/AskHistorians/comments/7uicnb/how_old_is_the_archetype_of_the_rebellious/", "subreddit_type": "public", "locked": false, "report_reasons": null, "created": 1517516295.0, "url": "https://www.reddit.com/r/AskHistorians/comments/7uicnb/how_old_is_the_archetype_of_the_rebellious/", "whitelist_status": "all_ads", "quarantine": false, "subreddit_subscribers": 755264, "created_utc": 1517487495.0, "subreddit_name_prefixed": "r/AskHistorians", "distinguished": null, "media": null, "num_comments": 1, "upvote_ratio": 0.85, "mod_reports": [], "visited": false, "num_reports": null, "is_video": false, "ups": 57, "post_categories": null}}], "after": null, "before": null}}, {"kind": "Listing", "data": {"modhash": "", "dist": null, "children": [], "after": null, "before": null}}]