[{"kind": "Listing", "data": {"modhash": "", "dist": 1, "children": [{"kind": "t3", "data": {"subreddit_id": "t5_2ssp3", "approved_at_utc": null, "send_replies": true, "mod_reason_by": null, "banned_by": null, "removal_reason": null, "wls": 6, "subreddit": "AskHistorians", "selftext_html": "&lt;!-- SC_OFF --&gt;&lt;div class=\"md\"&gt;&lt;p&gt;This isn&amp;#39;t a trick question or a joke. I&amp;#39;m not referring to the well-known Beaver Wars of the 1600s, which were intertribal conflicts of about the same period.&lt;/p&gt;\n\n&lt;p&gt;I&amp;#39;m basing this on what I remember from an article 30 years ago. I thought an online search would be a cinch. But I can&amp;#39;t find anything about it - either the article or its subject matter. Maybe someone who specializes in this might know.&lt;/p&gt;\n\n&lt;p&gt;The gist:&lt;/p&gt;\n\n&lt;p&gt;The native American populations believed in totem-like figures for each species. In their mythology, there was supposed to have been a general conference among the species that established that no one species would try to overtake the others. Subsequently, there was a massive population explosion of beavers and their structures somewhere in New England or Canada that led the native American peoples [no, I don&amp;#39;t remember which tribe(s)] to claim that the beavers had breached the covenant and to declare war on the beavers. This happened maybe 10 or 20 years before Europeans began the fur trade and provided a strong noneconomic incentive for the native Americans to cooperate with the European fur trade when it showed up (again, can&amp;#39;t say which Europeans, although I suppose it was the French).&lt;/p&gt;\n\n&lt;p&gt;It was an interesting article and an interesting theory but I can&amp;#39;t find anything about it. I think that a lot of my difficulty is in the other intertribal Beaver Wars, which overwhelms the search with irrelevant responses. Or maybe the idea was simply discredited?&lt;/p&gt;\n\n&lt;p&gt;I was just curious about this and wondered if there had ever been any followup.&lt;/p&gt;\n&lt;/div&gt;&lt;!-- SC_ON --&gt;", "author_flair_template_id": null, "selftext": "This isn't a trick question or a joke. I'm not referring to the well-known Beaver Wars of the 1600s, which were intertribal conflicts of about the same period.\n\nI'm basing this on what I remember from an article 30 years ago. I thought an online search would be a cinch. But I can't find anything about it - either the article or its subject matter. Maybe someone who specializes in this might know.\n\nThe gist:\n\nThe native American populations believed in totem-like figures for each species. In their mythology, there was supposed to have been a general conference among the species that established that no one species would try to overtake the others. Subsequently, there was a massive population explosion of beavers and their structures somewhere in New England or Canada that led the native American peoples [no, I don't remember which tribe(s)] to claim that the beavers had breached the covenant and to declare war on the beavers. This happened maybe 10 or 20 years before Europeans began the fur trade and provided a strong noneconomic incentive for the native Americans to cooperate with the European fur trade when it showed up (again, can't say which Europeans, although I suppose it was the French).\n\nIt was an interesting article and an interesting theory but I can't find anything about it. I think that a lot of my difficulty is in the other intertribal Beaver Wars, which overwhelms the search with irrelevant responses. Or maybe the idea was simply discredited?\n\nI was just curious about this and wondered if there had ever been any followup.", "likes": null, "suggested_sort": null, "mod_note": null, "user_reports": [], "secure_media": null, "is_reddit_media_domain": false, "saved": false, "id": "7uiy9e", "banned_at_utc": null, "mod_reason_title": null, "view_count": null, "archived": false, "clicked": false, "no_follow": true, "author": "hieronymusanonymous", "num_crossposts": 0, "link_flair_text": null, "can_mod_post": false, "is_crosspostable": false, "pinned": false, "score": 6, "approved_by": null, "over_18": false, "domain": "self.AskHistorians", "hidden": false, "pwls": 6, "thumbnail": "", "hide_score": false, "edited": false, "link_flair_css_class": null, "media_only": false, "author_flair_css_class": null, "contest_mode": false, "gilded": 0, "title": "Questions on the 1600s(?) native American war against the beavers", "downs": 0, "secure_media_embed": {}, "media_embed": {}, "author_flair_text": null, "stickied": false, "can_gild": false, "is_self": true, "parent_whitelist_status": "all_ads", "name": "t3_7uiy9e", "spoiler": false, "permalink": "/r/AskHistorians/comments/7uiy9e/questions_on_the_1600s_native_american_war/", "subreddit_type": "public", "locked": false, "report_reasons": null, "created": 1517522964.0, "url": "https://www.reddit.com/r/AskHistorians/comments/7uiy9e/questions_on_the_1600s_native_american_war/", "whitelist_status": "all_ads", "quarantine": false, "subreddit_subscribers": 755264, "created_utc": 1517494164.0, "subreddit_name_prefixed": "r/AskHistorians", "distinguished": null, "media": null, "num_comments": 3, "upvote_ratio": 0.75, "mod_reports": [], "visited": false, "num_reports": null, "is_video": false, "ups": 6, "post_categories": null}}], "after": null, "before": null}}, {"kind": "Listing", "data": {"modhash": "", "dist": null, "children": [{"kind": "t1", "data": {"subreddit_id": "t5_2ssp3", "approved_at_utc": null, "ups": 7, "mod_reason_by": null, "banned_by": null, "removal_reason": null, "link_id": "t3_7uiy9e", "author_flair_template_id": null, "likes": null, "no_follow": true, "replies": {"kind": "Listing", "data": {"modhash": "", "dist": null, "children": [{"kind": "t1", "data": {"subreddit_id": "t5_2ssp3", "approved_at_utc": null, "ups": 3, "mod_reason_by": null, "banned_by": null, "removal_reason": null, "link_id": "t3_7uiy9e", "author_flair_template_id": null, "likes": null, "no_follow": true, "replies": {"kind": "Listing", "data": {"modhash": "", "dist": null, "children": [{"kind": "t1", "data": {"subreddit_id": "t5_2ssp3", "approved_at_utc": null, "ups": 3, "mod_reason_by": null, "banned_by": null, "removal_reason": null, "link_id": "t3_7uiy9e", "author_flair_template_id": null, "likes": null, "no_follow": true, "replies": "", "user_reports": [], "saved": false, "id": "dtpgs16", "banned_at_utc": null, "mod_reason_title": null, "gilded": 0, "archived": false, "report_reasons": null, "author": "NientedeNada", "can_mod_post": false, "send_replies": true, "parent_id": "t1_dtllchp", "score": 3, "approved_by": null, "downs": 0, "body": "For what it's worth, the question Martin was trying to answer has puzzled people then and since. Why did many indigenous people fully participate in the overhunting of game species while sometimes recognizing that the result would be local extinction? But instead of positing an overall psycho-social interpretation for the continent's people, Martin's critics pointed out, look at the actual *details* of specific situations. \n\nFor example, indigenous participation in the final slaughter of the buffalo is sometimes treated as a mystery. The last wild buffalo herds on the northern prairies were killed by native and Metis hunters who knew there were hardly any left. But this situation makes a whole lot more sense when you realize that even knowing and mourning the diminishing buffalo herds, the hunters and their families had to feed their starving children. When you factor in the American Indian wars, the movement of desperate refugees from the wars, the American and Canadian governments disinterest or active hostility towards preserving the buffalo herds, coupled with their unwillingness to send enough aid to prevent starvation, it's not some weird mystery to be solved. \n\nAnyway, it's been interesting to talk about this. Despite my Japanese history flair, western Canadian indigenous and environmental history is my other lifelong *thing*.", "edited": 1517718845.0, "author_flair_css_class": "asia", "collapsed": false, "is_submitter": false, "collapsed_reason": null, "body_html": "&lt;div class=\"md\"&gt;&lt;p&gt;For what it&amp;#39;s worth, the question Martin was trying to answer has puzzled people then and since. Why did many indigenous people fully participate in the overhunting of game species while sometimes recognizing that the result would be local extinction? But instead of positing an overall psycho-social interpretation for the continent&amp;#39;s people, Martin&amp;#39;s critics pointed out, look at the actual &lt;em&gt;details&lt;/em&gt; of specific situations. &lt;/p&gt;\n\n&lt;p&gt;For example, indigenous participation in the final slaughter of the buffalo is sometimes treated as a mystery. The last wild buffalo herds on the northern prairies were killed by native and Metis hunters who knew there were hardly any left. But this situation makes a whole lot more sense when you realize that even knowing and mourning the diminishing buffalo herds, the hunters and their families had to feed their starving children. When you factor in the American Indian wars, the movement of desperate refugees from the wars, the American and Canadian governments disinterest or active hostility towards preserving the buffalo herds, coupled with their unwillingness to send enough aid to prevent starvation, it&amp;#39;s not some weird mystery to be solved. &lt;/p&gt;\n\n&lt;p&gt;Anyway, it&amp;#39;s been interesting to talk about this. Despite my Japanese history flair, western Canadian indigenous and environmental history is my other lifelong &lt;em&gt;thing&lt;/em&gt;.&lt;/p&gt;\n&lt;/div&gt;", "subreddit_type": "public", "can_gild": true, "subreddit": "AskHistorians", "name": "t1_dtpgs16", "score_hidden": false, "permalink": "/r/AskHistorians/comments/7uiy9e/questions_on_the_1600s_native_american_war/dtpgs16/", "num_reports": null, "stickied": false, "created": 1517747115.0, "author_flair_text": "Late Edo Period | Meiji Restoration", "created_utc": 1517718315.0, "subreddit_name_prefixed": "r/AskHistorians", "controversiality": 0, "depth": 2, "mod_reports": [], "mod_note": null, "distinguished": null}}], "after": null, "before": null}}, "user_reports": [], "saved": false, "id": "dtllchp", "banned_at_utc": null, "mod_reason_title": null, "gilded": 0, "archived": false, "report_reasons": null, "author": "hieronymusanonymous", "can_mod_post": false, "send_replies": true, "parent_id": "t1_dtl17fk", "score": 3, "approved_by": null, "downs": 0, "body": "Thank you, thank you, ***thank you***!\n\nYou hit the nail right on the head. That's exactly what I've been searching for.\n\nYour comments are also valuable as I haven't seen any other reviews. I had been wondering whether the lack of available info thirty years later was due to problems with the theory or author. I didn't realize that he had been arguing from a single story source, nor that he considered his approach to be an \"exercise of controlled imagination\".\n\nOnce again, my thanks to you for a thorough answer.", "edited": false, "author_flair_css_class": null, "collapsed": false, "is_submitter": true, "collapsed_reason": null, "body_html": "&lt;div class=\"md\"&gt;&lt;p&gt;Thank you, thank you, &lt;strong&gt;&lt;em&gt;thank you&lt;/em&gt;&lt;/strong&gt;!&lt;/p&gt;\n\n&lt;p&gt;You hit the nail right on the head. That&amp;#39;s exactly what I&amp;#39;ve been searching for.&lt;/p&gt;\n\n&lt;p&gt;Your comments are also valuable as I haven&amp;#39;t seen any other reviews. I had been wondering whether the lack of available info thirty years later was due to problems with the theory or author. I didn&amp;#39;t realize that he had been arguing from a single story source, nor that he considered his approach to be an &amp;quot;exercise of controlled imagination&amp;quot;.&lt;/p&gt;\n\n&lt;p&gt;Once again, my thanks to you for a thorough answer.&lt;/p&gt;\n&lt;/div&gt;", "subreddit_type": "public", "can_gild": true, "subreddit": "AskHistorians", "name": "t1_dtllchp", "score_hidden": false, "permalink": "/r/AskHistorians/comments/7uiy9e/questions_on_the_1600s_native_american_war/dtllchp/", "num_reports": null, "stickied": false, "created": 1517558003.0, "author_flair_text": null, "created_utc": 1517529203.0, "subreddit_name_prefixed": "r/AskHistorians", "controversiality": 0, "depth": 1, "mod_reports": [], "mod_note": null, "distinguished": null}}], "after": null, "before": null}}, "user_reports": [], "saved": false, "id": "dtl17fk", "banned_at_utc": null, "mod_reason_title": null, "gilded": 0, "archived": false, "report_reasons": null, "author": "NientedeNada", "can_mod_post": false, "send_replies": true, "parent_id": "t3_7uiy9e", "score": 7, "approved_by": null, "downs": 0, "body": "The author is Calvin Martin and it's Chapter Four: \"Contact and Nature's Conspiracy\" of *Keepers of the Game: Indian-Animal Relationships and the Fur Trade*. Martin's an important figure in North American enviromental history / the economics of the fur trade, but this chapter in particular strikes me as  . . . I'll be charitable and say odd.\n\nIt makes a big leap from *one* Cree man's reported story of a legendary war on beavers to a continent wide urge on the part of native people to subdue defeat the wildlife. \n\nMartin's work was really controversial, and his book spawned a whole new volume of essays: \"Indians, Animals, and the Fur Trade: A Critique of Calvin Martin's Keepers of the Game\" edited by Shepherd Krech, and including essays from the leading academic experts on various cultures, which then included a response from Martin to his critics. \n\nThe above has been pretty hard to write neutrally because I'm actually pretty upset by this, and on reflection, I think I'm completely right to be. The marginalization and ill-treatment of indigenous peoples is a real ongoing aspect of our society and in my opinion, Martin went about thoughtlessly fanning the flames of bigotry towards indigenous people. There has always been a strong popular sentiment that indigenous people are at fault for their own suffering, and need to stop \"whining\", and Martin's chapter reinforces that narrative. \n\nIf he honestly thought that he was reading the historical evidence correctly, and soberly weighed a lot of evidence for and against his theory, that'd be one thing. However, that's not what happened. In his response to his critics, Martin complained that they didn't understand that his book was \"an exercise of controlled imagination\" and refused to respond to their specific criticisms saying his book \"rang true\" to him. (This is all in the Shepherd Krech volume.)\n\nI think that aside from what a horrible attitude this is in historical debate, such a sensitive area with potential real-life hurtful consequences for real people was not the place for unconstrained imagination exercises. Honestly, that should be common sense. But then this was the 70s, and apparently my idea of common sense wasn't common. \n", "edited": false, "author_flair_css_class": "asia", "collapsed": false, "is_submitter": false, "collapsed_reason": null, "body_html": "&lt;div class=\"md\"&gt;&lt;p&gt;The author is Calvin Martin and it&amp;#39;s Chapter Four: &amp;quot;Contact and Nature&amp;#39;s Conspiracy&amp;quot; of &lt;em&gt;Keepers of the Game: Indian-Animal Relationships and the Fur Trade&lt;/em&gt;. Martin&amp;#39;s an important figure in North American enviromental history / the economics of the fur trade, but this chapter in particular strikes me as  . . . I&amp;#39;ll be charitable and say odd.&lt;/p&gt;\n\n&lt;p&gt;It makes a big leap from &lt;em&gt;one&lt;/em&gt; Cree man&amp;#39;s reported story of a legendary war on beavers to a continent wide urge on the part of native people to subdue defeat the wildlife. &lt;/p&gt;\n\n&lt;p&gt;Martin&amp;#39;s work was really controversial, and his book spawned a whole new volume of essays: &amp;quot;Indians, Animals, and the Fur Trade: A Critique of Calvin Martin&amp;#39;s Keepers of the Game&amp;quot; edited by Shepherd Krech, and including essays from the leading academic experts on various cultures, which then included a response from Martin to his critics. &lt;/p&gt;\n\n&lt;p&gt;The above has been pretty hard to write neutrally because I&amp;#39;m actually pretty upset by this, and on reflection, I think I&amp;#39;m completely right to be. The marginalization and ill-treatment of indigenous peoples is a real ongoing aspect of our society and in my opinion, Martin went about thoughtlessly fanning the flames of bigotry towards indigenous people. There has always been a strong popular sentiment that indigenous people are at fault for their own suffering, and need to stop &amp;quot;whining&amp;quot;, and Martin&amp;#39;s chapter reinforces that narrative. &lt;/p&gt;\n\n&lt;p&gt;If he honestly thought that he was reading the historical evidence correctly, and soberly weighed a lot of evidence for and against his theory, that&amp;#39;d be one thing. However, that&amp;#39;s not what happened. In his response to his critics, Martin complained that they didn&amp;#39;t understand that his book was &amp;quot;an exercise of controlled imagination&amp;quot; and refused to respond to their specific criticisms saying his book &amp;quot;rang true&amp;quot; to him. (This is all in the Shepherd Krech volume.)&lt;/p&gt;\n\n&lt;p&gt;I think that aside from what a horrible attitude this is in historical debate, such a sensitive area with potential real-life hurtful consequences for real people was not the place for unconstrained imagination exercises. Honestly, that should be common sense. But then this was the 70s, and apparently my idea of common sense wasn&amp;#39;t common. &lt;/p&gt;\n&lt;/div&gt;", "subreddit_type": "public", "can_gild": true, "subreddit": "AskHistorians", "name": "t1_dtl17fk", "score_hidden": false, "permalink": "/r/AskHistorians/comments/7uiy9e/questions_on_the_1600s_native_american_war/dtl17fk/", "num_reports": null, "stickied": false, "created": 1517538786.0, "author_flair_text": "Late Edo Period | Meiji Restoration", "created_utc": 1517509986.0, "subreddit_name_prefixed": "r/AskHistorians", "controversiality": 0, "depth": 0, "mod_reports": [], "mod_note": null, "distinguished": null}}], "after": null, "before": null}}]