[{"kind": "Listing", "data": {"modhash": "", "dist": 1, "children": [{"kind": "t3", "data": {"subreddit_id": "t5_2ssp3", "approved_at_utc": null, "send_replies": true, "mod_reason_by": null, "banned_by": null, "removal_reason": null, "wls": 6, "subreddit": "AskHistorians", "selftext_html": "&lt;!-- SC_OFF --&gt;&lt;div class=\"md\"&gt;&lt;p&gt;Reading about the time period, it appears as though this was at least partially fueled by residual xenophobic feelings about Eastern and Southern Europeans from the Red Scare. Similarly, Californian legislators opposed Asian immigration because of xenophobic reactions to the culture shock. &lt;/p&gt;\n\n&lt;p&gt;However, Latin American immigration was largely unregulated, which I read was caused by the influence of Southwestern and Texas lobbyists seeking to tap into cheap labor from these immigrants. Were Eastern business leaders unconcerned about the severe restrictions on the immigrants who were providing cheap labor in major Eastern cities? Why was there less xenophobia towards Latin Americans than other cultures? Why wasn&amp;#39;t there as much resentment for Latin American immigrants pushing down wages as others? Do I not have the full picture?&lt;/p&gt;\n&lt;/div&gt;&lt;!-- SC_ON --&gt;", "author_flair_template_id": null, "selftext": "Reading about the time period, it appears as though this was at least partially fueled by residual xenophobic feelings about Eastern and Southern Europeans from the Red Scare. Similarly, Californian legislators opposed Asian immigration because of xenophobic reactions to the culture shock. \n\nHowever, Latin American immigration was largely unregulated, which I read was caused by the influence of Southwestern and Texas lobbyists seeking to tap into cheap labor from these immigrants. Were Eastern business leaders unconcerned about the severe restrictions on the immigrants who were providing cheap labor in major Eastern cities? Why was there less xenophobia towards Latin Americans than other cultures? Why wasn't there as much resentment for Latin American immigrants pushing down wages as others? Do I not have the full picture?", "likes": null, "suggested_sort": null, "mod_note": null, "user_reports": [], "secure_media": null, "is_reddit_media_domain": false, "saved": false, "id": "7ulnck", "banned_at_utc": null, "mod_reason_title": null, "view_count": null, "archived": false, "clicked": false, "no_follow": false, "author": "spartachilles", "num_crossposts": 0, "link_flair_text": null, "can_mod_post": false, "is_crosspostable": false, "pinned": false, "score": 3, "approved_by": null, "over_18": false, "domain": "self.AskHistorians", "hidden": false, "pwls": 6, "thumbnail": "", "hide_score": false, "edited": false, "link_flair_css_class": null, "media_only": false, "author_flair_css_class": null, "contest_mode": false, "gilded": 0, "title": "Why did Southwestern business leaders exert enough pressure to prevent restrictions on Mexican immigration while Eastern business leaders did not prevent the National Origins Act? (1920's USA)", "downs": 0, "secure_media_embed": {}, "media_embed": {}, "author_flair_text": null, "stickied": false, "can_gild": false, "is_self": true, "parent_whitelist_status": "all_ads", "name": "t3_7ulnck", "spoiler": false, "permalink": "/r/AskHistorians/comments/7ulnck/why_did_southwestern_business_leaders_exert/", "subreddit_type": "public", "locked": false, "report_reasons": null, "created": 1517545016.0, "url": "https://www.reddit.com/r/AskHistorians/comments/7ulnck/why_did_southwestern_business_leaders_exert/", "whitelist_status": "all_ads", "quarantine": false, "subreddit_subscribers": 755264, "created_utc": 1517516216.0, "subreddit_name_prefixed": "r/AskHistorians", "distinguished": null, "media": null, "num_comments": 0, "upvote_ratio": 0.72, "mod_reports": [], "visited": false, "num_reports": null, "is_video": false, "ups": 3, "post_categories": null}}], "after": null, "before": null}}, {"kind": "Listing", "data": {"modhash": "", "dist": null, "children": [], "after": null, "before": null}}]