[{"kind": "Listing", "data": {"modhash": "", "dist": 1, "children": [{"kind": "t3", "data": {"approved_at_utc": null, "subreddit": "AskHistorians", "selftext": "My friend has told me numerous times that thanks to the Church in the middle ages, we were essentially neutered as far as technological advancements go, and the Church purposely kept people the dark so they wouldn't learn. He has a hatred of the Catholic Church  from this. From my understanding this notion is wrong, but I'm not sure of the facts behind it.  Can anyone shed some light on this?", "user_reports": [], "saved": false, "mod_reason_title": null, "gilded": 0, "clicked": false, "title": "In the European middle ages, did the Church purposely keep the masses in the dark?", "link_flair_richtext": [], "subreddit_name_prefixed": "r/AskHistorians", "hidden": false, "pwls": 6, "link_flair_css_class": null, "downs": 0, "parent_whitelist_status": "all_ads", "hide_score": false, "name": "t3_7umwlh", "quarantine": false, "link_flair_text_color": "dark", "upvote_ratio": 0.58, "author_flair_background_color": null, "subreddit_type": "public", "ups": 2, "total_awards_received": 0, "media_embed": {}, "author_flair_template_id": null, "is_original_content": false, "author_fullname": "t2_isuml", "secure_media": null, "is_reddit_media_domain": false, "is_meta": false, "category": null, "secure_media_embed": {}, "link_flair_text": null, "can_mod_post": false, "num_duplicates": 0, "approved_by": null, "author_premium": false, "thumbnail": "", "edited": false, "author_flair_css_class": null, "author_flair_richtext": [], "gildings": {}, "content_categories": null, "is_self": true, "mod_note": null, "created": 1517555304.0, "link_flair_type": "text", "wls": 6, "removed_by_category": null, "banned_by": null, "author_flair_type": "text", "domain": "self.AskHistorians", "allow_live_comments": true, "selftext_html": "&lt;!-- SC_OFF --&gt;&lt;div class=\"md\"&gt;&lt;p&gt;My friend has told me numerous times that thanks to the Church in the middle ages, we were essentially neutered as far as technological advancements go, and the Church purposely kept people the dark so they wouldn&amp;#39;t learn. He has a hatred of the Catholic Church  from this. From my understanding this notion is wrong, but I&amp;#39;m not sure of the facts behind it.  Can anyone shed some light on this?&lt;/p&gt;\n&lt;/div&gt;&lt;!-- SC_ON --&gt;", "likes": null, "suggested_sort": null, "banned_at_utc": null, "view_count": null, "archived": true, "score": 2, "no_follow": false, "is_crosspostable": false, "pinned": false, "over_18": false, "all_awardings": [], "awarders": [], "media_only": false, "can_gild": false, "spoiler": false, "locked": false, "author_flair_text": null, "treatment_tags": [], "visited": false, "removed_by": null, "num_reports": null, "distinguished": null, "subreddit_id": "t5_2ssp3", "mod_reason_by": null, "removal_reason": null, "link_flair_background_color": "", "id": "7umwlh", "is_robot_indexable": true, "report_reasons": null, "author": "paradoxunicorn", "discussion_type": null, "num_comments": 2, "send_replies": true, "media": null, "contest_mode": false, "author_patreon_flair": false, "author_flair_text_color": null, "permalink": "/r/AskHistorians/comments/7umwlh/in_the_european_middle_ages_did_the_church/", "whitelist_status": "all_ads", "stickied": false, "url": "https://www.reddit.com/r/AskHistorians/comments/7umwlh/in_the_european_middle_ages_did_the_church/", "subreddit_subscribers": 1160799, "created_utc": 1517526504.0, "num_crossposts": 0, "mod_reports": [], "is_video": false}}], "after": null, "before": null}}, {"kind": "Listing", "data": {"modhash": "", "dist": null, "children": [{"kind": "t1", "data": {"total_awards_received": 0, "approved_at_utc": null, "ups": 8, "awarders": [], "mod_reason_by": null, "banned_by": null, "author_flair_type": "richtext", "removal_reason": null, "link_id": "t3_7umwlh", "author_flair_template_id": "7b2f3f40-c626-11e2-9a3e-12313d1841d1", "likes": null, "replies": "", "user_reports": [], "saved": false, "id": "dtlnao4", "banned_at_utc": null, "mod_reason_title": null, "gilded": 0, "archived": true, "no_follow": false, "author": "Stormtemplar", "can_mod_post": false, "send_replies": true, "parent_id": "t3_7umwlh", "score": 8, "author_fullname": "t2_y63jc", "report_reasons": null, "approved_by": null, "all_awardings": [], "subreddit_id": "t5_2ssp3", "body": "There are several answers linked [here](https://www.reddit.com/r/AskHistorians/comments/7mrhdy/was_there_a_medieval_branch_of_christianity_that/) by /u/bristoneman and others that you might find helpful. \n\nFor my own part, the idea that the Catholic Church kept people in ignorance is ridiculous. The demand for educated Clergymen was one of the main drivers behind the founding of the earliest universities, and many if not most of the leading intellectuals of the Middle Ages had some association with the Church. After Fourth Lateran, there is a wealth of teaching texts specifically aimed at instructing Priests on how to preach effectively, so that the masses could *understand* the faith. There is, in fact, a widespread concern among clergy of all stripes with making good teaching available to more people. In short, the Catholic Church was both the widest provider of education and its biggest sponsor throughout the middle ages. ", "edited": false, "downs": 0, "author_flair_css_class": null, "is_submitter": false, "collapsed": false, "author_flair_richtext": [{"e": "text", "t": "Late Medieval European Literary Culture"}], "author_patreon_flair": false, "body_html": "&lt;div class=\"md\"&gt;&lt;p&gt;There are several answers linked &lt;a href=\"https://www.reddit.com/r/AskHistorians/comments/7mrhdy/was_there_a_medieval_branch_of_christianity_that/\"&gt;here&lt;/a&gt; by &lt;a href=\"/u/bristoneman\"&gt;/u/bristoneman&lt;/a&gt; and others that you might find helpful. &lt;/p&gt;\n\n&lt;p&gt;For my own part, the idea that the Catholic Church kept people in ignorance is ridiculous. The demand for educated Clergymen was one of the main drivers behind the founding of the earliest universities, and many if not most of the leading intellectuals of the Middle Ages had some association with the Church. After Fourth Lateran, there is a wealth of teaching texts specifically aimed at instructing Priests on how to preach effectively, so that the masses could &lt;em&gt;understand&lt;/em&gt; the faith. There is, in fact, a widespread concern among clergy of all stripes with making good teaching available to more people. In short, the Catholic Church was both the widest provider of education and its biggest sponsor throughout the middle ages. &lt;/p&gt;\n&lt;/div&gt;", "gildings": {}, "collapsed_reason": null, "associated_award": null, "stickied": false, "author_premium": false, "subreddit_type": "public", "can_gild": true, "subreddit": "AskHistorians", "author_flair_text_color": "light", "score_hidden": false, "permalink": "/r/AskHistorians/comments/7umwlh/in_the_european_middle_ages_did_the_church/dtlnao4/", "num_reports": null, "locked": false, "name": "t1_dtlnao4", "created": 1517560156.0, "author_flair_text": "Late Medieval European Literary Culture", "treatment_tags": [], "created_utc": 1517531356.0, "subreddit_name_prefixed": "r/AskHistorians", "controversiality": 0, "depth": 0, "author_flair_background_color": "#003399", "collapsed_because_crowd_control": null, "mod_reports": [], "mod_note": null, "distinguished": null}}, {"kind": "t1", "data": {"total_awards_received": 0, "approved_at_utc": null, "ups": 3, "awarders": [], "mod_reason_by": null, "banned_by": null, "author_flair_type": "text", "removal_reason": null, "link_id": "t3_7umwlh", "author_flair_template_id": null, "likes": null, "replies": "", "user_reports": [], "saved": false, "id": "dtlvyeo", "banned_at_utc": null, "mod_reason_title": null, "gilded": 0, "archived": true, "no_follow": true, "author": "psstein", "can_mod_post": false, "send_replies": true, "parent_id": "t3_7umwlh", "score": 3, "author_fullname": "t2_wt9un", "report_reasons": null, "approved_by": null, "all_awardings": [], "subreddit_id": "t5_2ssp3", "body": "No, this is a common anti-Catholic myth that originated in two late 19th century American books, Andrew Dickson White's *The Warfare of Science with the Theology of Christendom* and John William Draper's *History of the Conflict Between Science and Religion.* As David Lindberg, Ronald Numbers, and John Hedley Brooke have shown in multiple works and edited volumes, White and Draper were promulgating their own anti-Catholic views of history. \n\nThere's a lot of good literature here, I guess I'd start with Numbers' and Lindberg's *God and Religion: Historical Essays on the Encounter between Christianity and Science* or John Hedley Brooke's *Science and Religion.* \n\n", "edited": false, "downs": 0, "author_flair_css_class": null, "is_submitter": false, "collapsed": false, "author_flair_richtext": [], "author_patreon_flair": false, "body_html": "&lt;div class=\"md\"&gt;&lt;p&gt;No, this is a common anti-Catholic myth that originated in two late 19th century American books, Andrew Dickson White&amp;#39;s &lt;em&gt;The Warfare of Science with the Theology of Christendom&lt;/em&gt; and John William Draper&amp;#39;s &lt;em&gt;History of the Conflict Between Science and Religion.&lt;/em&gt; As David Lindberg, Ronald Numbers, and John Hedley Brooke have shown in multiple works and edited volumes, White and Draper were promulgating their own anti-Catholic views of history. &lt;/p&gt;\n\n&lt;p&gt;There&amp;#39;s a lot of good literature here, I guess I&amp;#39;d start with Numbers&amp;#39; and Lindberg&amp;#39;s &lt;em&gt;God and Religion: Historical Essays on the Encounter between Christianity and Science&lt;/em&gt; or John Hedley Brooke&amp;#39;s &lt;em&gt;Science and Religion.&lt;/em&gt; &lt;/p&gt;\n&lt;/div&gt;", "gildings": {}, "collapsed_reason": null, "associated_award": null, "stickied": false, "author_premium": false, "subreddit_type": "public", "can_gild": true, "subreddit": "AskHistorians", "author_flair_text_color": null, "score_hidden": false, "permalink": "/r/AskHistorians/comments/7umwlh/in_the_european_middle_ages_did_the_church/dtlvyeo/", "num_reports": null, "locked": false, "name": "t1_dtlvyeo", "created": 1517569696.0, "author_flair_text": null, "treatment_tags": [], "created_utc": 1517540896.0, "subreddit_name_prefixed": "r/AskHistorians", "controversiality": 0, "depth": 0, "author_flair_background_color": null, "collapsed_because_crowd_control": null, "mod_reports": [], "mod_note": null, "distinguished": null}}], "after": null, "before": null}}]