[{"kind": "Listing", "data": {"modhash": "", "dist": 1, "children": [{"kind": "t3", "data": {"subreddit_id": "t5_2ssp3", "approved_at_utc": null, "send_replies": true, "mod_reason_by": null, "banned_by": null, "removal_reason": null, "wls": 6, "subreddit": "AskHistorians", "selftext_html": "&lt;!-- SC_OFF --&gt;&lt;div class=\"md\"&gt;&lt;p&gt;&lt;a href=\"https://s2.postimg.org/w63n4vhqx/P7193664.jpg\"&gt;https://s2.postimg.org/w63n4vhqx/P7193664.jpg&lt;/a&gt; &lt;/p&gt;\n\n&lt;p&gt;Here&amp;#39;s the picture of what I mean. There&amp;#39;re 3 figures holding (and interacting with?) masks in different positions. I took the pic on the outside of the cathedral of Metz, France. I took several different pictures of other stuff, but this one made me wonder about the symbolism/idea behind it. Can anyone explain me what it means, what its purpose was?&lt;/p&gt;\n&lt;/div&gt;&lt;!-- SC_ON --&gt;", "author_flair_template_id": null, "selftext": "https://s2.postimg.org/w63n4vhqx/P7193664.jpg \n\nHere's the picture of what I mean. There're 3 figures holding (and interacting with?) masks in different positions. I took the pic on the outside of the cathedral of Metz, France. I took several different pictures of other stuff, but this one made me wonder about the symbolism/idea behind it. Can anyone explain me what it means, what its purpose was?\n\n\n", "likes": null, "suggested_sort": null, "mod_note": null, "user_reports": [], "secure_media": null, "is_reddit_media_domain": false, "saved": false, "id": "6qzcpz", "banned_at_utc": null, "mod_reason_title": null, "view_count": null, "archived": true, "clicked": false, "no_follow": true, "author": "[deleted]", "num_crossposts": 0, "link_flair_text": null, "can_mod_post": false, "is_crosspostable": false, "pinned": false, "score": 9, "approved_by": null, "over_18": false, "domain": "self.AskHistorians", "hidden": false, "pwls": 6, "thumbnail": "", "hide_score": false, "edited": false, "link_flair_css_class": null, "media_only": false, "author_flair_css_class": null, "contest_mode": false, "gilded": 0, "title": "What is the meaning of the Medieval figures with masks on the Metz cathedral?", "downs": 0, "secure_media_embed": {}, "media_embed": {}, "author_flair_text": null, "stickied": false, "can_gild": false, "is_self": true, "parent_whitelist_status": "all_ads", "name": "t3_6qzcpz", "spoiler": false, "permalink": "/r/AskHistorians/comments/6qzcpz/what_is_the_meaning_of_the_medieval_figures_with/", "subreddit_type": "public", "locked": false, "report_reasons": null, "created": 1501650942.0, "url": "https://www.reddit.com/r/AskHistorians/comments/6qzcpz/what_is_the_meaning_of_the_medieval_figures_with/", "whitelist_status": "all_ads", "quarantine": false, "subreddit_subscribers": 759243, "created_utc": 1501622142.0, "subreddit_name_prefixed": "r/AskHistorians", "distinguished": null, "media": null, "num_comments": 0, "upvote_ratio": 0.86, "mod_reports": [], "visited": false, "num_reports": null, "is_video": false, "ups": 9, "post_categories": null}}], "after": null, "before": null}}, {"kind": "Listing", "data": {"modhash": "", "dist": null, "children": [], "after": null, "before": null}}]