[{"kind": "Listing", "data": {"modhash": "", "dist": 1, "children": [{"kind": "t3", "data": {"approved_at_utc": null, "subreddit": "AskHistorians", "selftext": "[removed]", "user_reports": [], "saved": false, "mod_reason_title": null, "gilded": 0, "clicked": false, "title": "Non-American people of Reddit, what is your genuine perspective of the United States of America and our position within the world?", "link_flair_richtext": [], "subreddit_name_prefixed": "r/AskHistorians", "hidden": false, "pwls": 6, "link_flair_css_class": null, "downs": 0, "parent_whitelist_status": "all_ads", "hide_score": false, "name": "t3_b8gnb1", "quarantine": false, "link_flair_text_color": "dark", "upvote_ratio": 1.0, "author_flair_background_color": null, "subreddit_type": "public", "ups": 1, "total_awards_received": 0, "media_embed": {}, "author_flair_template_id": null, "is_original_content": false, "author_fullname": "t2_diquh", "secure_media": null, "is_reddit_media_domain": false, "is_meta": false, "category": null, "secure_media_embed": {}, "link_flair_text": null, "can_mod_post": false, "score": 1, "approved_by": null, "thumbnail": "", "edited": false, "author_flair_css_class": null, "author_flair_richtext": [], "gildings": {}, "content_categories": null, "is_self": true, "mod_note": null, "created": 1554224000.0, "link_flair_type": "text", "wls": 6, "banned_by": null, "author_flair_type": "text", "domain": "self.AskHistorians", "selftext_html": "&lt;!-- SC_OFF --&gt;&lt;div class=\"md\"&gt;&lt;p&gt;[removed]&lt;/p&gt;\n&lt;/div&gt;&lt;!-- SC_ON --&gt;", "likes": null, "suggested_sort": null, "banned_at_utc": null, "view_count": null, "archived": false, "no_follow": true, "is_crosspostable": false, "pinned": false, "over_18": false, "all_awardings": [], "media": null, "media_only": false, "can_gild": false, "spoiler": false, "locked": false, "author_flair_text": null, "visited": false, "num_reports": null, "distinguished": null, "subreddit_id": "t5_2ssp3", "mod_reason_by": null, "removal_reason": null, "link_flair_background_color": "", "id": "b8gnb1", "is_robot_indexable": false, "report_reasons": null, "author": "Space_Cadet_1990", "num_crossposts": 0, "num_comments": 2, "send_replies": true, "contest_mode": false, "author_patreon_flair": false, "author_flair_text_color": null, "permalink": "/r/AskHistorians/comments/b8gnb1/nonamerican_people_of_reddit_what_is_your_genuine/", "whitelist_status": "all_ads", "stickied": false, "url": "https://www.reddit.com/r/AskHistorians/comments/b8gnb1/nonamerican_people_of_reddit_what_is_your_genuine/", "subreddit_subscribers": 958452, "created_utc": 1554195200.0, "mod_reports": [], "is_video": false}}], "after": null, "before": null}}, {"kind": "Listing", "data": {"modhash": "", "dist": null, "children": [{"kind": "t1", "data": {"total_awards_received": 0, "approved_at_utc": null, "ups": 1, "mod_reason_by": null, "banned_by": null, "author_flair_type": "text", "removal_reason": null, "link_id": "t3_b8gnb1", "author_flair_template_id": null, "likes": null, "no_follow": true, "replies": "", "user_reports": [], "saved": false, "id": "ejxoytz", "banned_at_utc": null, "mod_reason_title": null, "gilded": 0, "archived": false, "report_reasons": null, "author": "hillsonghoods", "can_mod_post": false, "send_replies": true, "parent_id": "t3_b8gnb1", "score": 1, "author_fullname": "t2_4sv8x", "approved_by": null, "all_awardings": [], "subreddit_id": "t5_2ssp3", "body": "Apologies, but we have had to remove your submission. We ask that questions in this subreddit be limited to those asking about history, or for historical answers. This is not a judgement of your question, but to recieve the answer you are looking for, it would be better suited to /r/AskReddit.\n\nIf you are interested in an historical answer, however, you are welcome to rework your question to fit the theme of this subreddit and resubmit it.", "edited": false, "author_flair_css_class": "moderator", "is_submitter": false, "downs": 0, "author_flair_richtext": [], "author_patreon_flair": false, "collapsed_reason": null, "body_html": "&lt;div class=\"md\"&gt;&lt;p&gt;Apologies, but we have had to remove your submission. We ask that questions in this subreddit be limited to those asking about history, or for historical answers. This is not a judgement of your question, but to recieve the answer you are looking for, it would be better suited to &lt;a href=\"/r/AskReddit\"&gt;/r/AskReddit&lt;/a&gt;.&lt;/p&gt;\n\n&lt;p&gt;If you are interested in an historical answer, however, you are welcome to rework your question to fit the theme of this subreddit and resubmit it.&lt;/p&gt;\n&lt;/div&gt;", "stickied": false, "subreddit_type": "public", "can_gild": true, "gildings": {}, "author_flair_text_color": "dark", "score_hidden": false, "permalink": "/r/AskHistorians/comments/b8gnb1/nonamerican_people_of_reddit_what_is_your_genuine/ejxoytz/", "num_reports": null, "locked": false, "name": "t1_ejxoytz", "created": 1554224231.0, "subreddit": "AskHistorians", "author_flair_text": "Moderator | 20th Century Pop Music | History of Psychology", "collapsed": false, "created_utc": 1554195431.0, "subreddit_name_prefixed": "r/AskHistorians", "controversiality": 0, "depth": 0, "author_flair_background_color": "", "mod_reports": [], "mod_note": null, "distinguished": "moderator"}}], "after": null, "before": null}}]