[{"kind": "Listing", "data": {"modhash": "", "dist": 1, "children": [{"kind": "t3", "data": {"approved_at_utc": null, "subreddit": "AskHistorians", "selftext": "[This](https://www.reddit.com/r/AskHistorians/comments/8cvbs2/how_did_humans_cope_with_poor_eyesight_in_the/) post has some good information on history before optics being used for eyesight correction, but not what I'm looking for. US presidents Teddy Roosevelt and Harry Truman were almost always photographed wearing eyeglasses. I personally have had glasses since I was 5 years old. I couldn't tell you how many people I see on a normal day wearing glasses because it's so normal that I don't even notice it. This was obviously not always case. \n\nAt what points in time did wearing or using eyeglasses for corrective vision purposes become normal, for royalty &amp; upper society, and then for the commoner?", "user_reports": [], "saved": false, "mod_reason_title": null, "gilded": 0, "clicked": false, "title": "When did eyeglasses become commonplace among all people?", "link_flair_richtext": [], "subreddit_name_prefixed": "r/AskHistorians", "hidden": false, "pwls": 6, "link_flair_css_class": null, "downs": 0, "parent_whitelist_status": "all_ads", "hide_score": false, "name": "t3_b8i834", "quarantine": false, "link_flair_text_color": "dark", "upvote_ratio": 0.67, "author_flair_background_color": null, "subreddit_type": "public", "ups": 2, "total_awards_received": 0, "media_embed": {}, "author_flair_template_id": null, "is_original_content": false, "author_fullname": "t2_wncpb", "secure_media": null, "is_reddit_media_domain": false, "is_meta": false, "category": null, "secure_media_embed": {}, "link_flair_text": null, "can_mod_post": false, "score": 2, "approved_by": null, "thumbnail": "", "edited": false, "author_flair_css_class": null, "author_flair_richtext": [], "gildings": {}, "content_categories": null, "is_self": true, "mod_note": null, "created": 1554234868.0, "link_flair_type": "text", "wls": 6, "banned_by": null, "author_flair_type": "text", "domain": "self.AskHistorians", "selftext_html": "&lt;!-- SC_OFF --&gt;&lt;div class=\"md\"&gt;&lt;p&gt;&lt;a href=\"https://www.reddit.com/r/AskHistorians/comments/8cvbs2/how_did_humans_cope_with_poor_eyesight_in_the/\"&gt;This&lt;/a&gt; post has some good information on history before optics being used for eyesight correction, but not what I&amp;#39;m looking for. US presidents Teddy Roosevelt and Harry Truman were almost always photographed wearing eyeglasses. I personally have had glasses since I was 5 years old. I couldn&amp;#39;t tell you how many people I see on a normal day wearing glasses because it&amp;#39;s so normal that I don&amp;#39;t even notice it. This was obviously not always case. &lt;/p&gt;\n\n&lt;p&gt;At what points in time did wearing or using eyeglasses for corrective vision purposes become normal, for royalty &amp;amp; upper society, and then for the commoner?&lt;/p&gt;\n&lt;/div&gt;&lt;!-- SC_ON --&gt;", "likes": null, "suggested_sort": null, "banned_at_utc": null, "view_count": null, "archived": false, "no_follow": true, "is_crosspostable": false, "pinned": false, "over_18": false, "all_awardings": [], "media": null, "media_only": false, "can_gild": false, "spoiler": false, "locked": false, "author_flair_text": null, "visited": false, "num_reports": null, "distinguished": null, "subreddit_id": "t5_2ssp3", "mod_reason_by": null, "removal_reason": null, "link_flair_background_color": "", "id": "b8i834", "is_robot_indexable": true, "report_reasons": null, "author": "istudyfire", "num_crossposts": 0, "num_comments": 0, "send_replies": true, "contest_mode": false, "author_patreon_flair": false, "author_flair_text_color": null, "permalink": "/r/AskHistorians/comments/b8i834/when_did_eyeglasses_become_commonplace_among_all/", "whitelist_status": "all_ads", "stickied": false, "url": "https://www.reddit.com/r/AskHistorians/comments/b8i834/when_did_eyeglasses_become_commonplace_among_all/", "subreddit_subscribers": 958452, "created_utc": 1554206068.0, "mod_reports": [], "is_video": false}}], "after": null, "before": null}}, {"kind": "Listing", "data": {"modhash": "", "dist": null, "children": [], "after": null, "before": null}}]