[{"kind": "Listing", "data": {"modhash": "", "dist": 1, "children": [{"kind": "t3", "data": {"approved_at_utc": null, "subreddit": "AskHistorians", "selftext": "Whenever monarchs wore crowns of rare metals and such, were the crowns ever redesigned or reshaped to fit the next person who took it up? \n\nIf so, were such changes frowned upon for potentially damaging the crown just because the new owner could not cope with the minor discomfort when they're expected to rule over all?", "user_reports": [], "saved": false, "mod_reason_title": null, "gilded": 0, "clicked": false, "title": "Were crowns ever altered?", "link_flair_richtext": [], "subreddit_name_prefixed": "r/AskHistorians", "hidden": false, "pwls": 6, "link_flair_css_class": null, "downs": 0, "parent_whitelist_status": "all_ads", "hide_score": false, "name": "t3_b8q39l", "quarantine": false, "link_flair_text_color": "dark", "upvote_ratio": 0.92, "author_flair_background_color": null, "subreddit_type": "public", "ups": 10, "total_awards_received": 0, "media_embed": {}, "author_flair_template_id": null, "is_original_content": false, "author_fullname": "t2_166v4x", "secure_media": null, "is_reddit_media_domain": false, "is_meta": false, "category": null, "secure_media_embed": {}, "link_flair_text": null, "can_mod_post": false, "score": 10, "approved_by": null, "thumbnail": "", "edited": false, "author_flair_css_class": null, "author_flair_richtext": [], "gildings": {}, "content_categories": null, "is_self": true, "mod_note": null, "created": 1554273893.0, "link_flair_type": "text", "wls": 6, "banned_by": null, "author_flair_type": "text", "domain": "self.AskHistorians", "selftext_html": "&lt;!-- SC_OFF --&gt;&lt;div class=\"md\"&gt;&lt;p&gt;Whenever monarchs wore crowns of rare metals and such, were the crowns ever redesigned or reshaped to fit the next person who took it up? &lt;/p&gt;\n\n&lt;p&gt;If so, were such changes frowned upon for potentially damaging the crown just because the new owner could not cope with the minor discomfort when they&amp;#39;re expected to rule over all?&lt;/p&gt;\n&lt;/div&gt;&lt;!-- SC_ON --&gt;", "likes": null, "suggested_sort": null, "banned_at_utc": null, "view_count": null, "archived": false, "no_follow": false, "is_crosspostable": false, "pinned": false, "over_18": false, "all_awardings": [], "media": null, "media_only": false, "can_gild": false, "spoiler": false, "locked": false, "author_flair_text": null, "visited": false, "num_reports": null, "distinguished": null, "subreddit_id": "t5_2ssp3", "mod_reason_by": null, "removal_reason": null, "link_flair_background_color": "", "id": "b8q39l", "is_robot_indexable": true, "report_reasons": null, "author": "Darth_Canadian_", "num_crossposts": 0, "num_comments": 4, "send_replies": true, "contest_mode": false, "author_patreon_flair": false, "author_flair_text_color": null, "permalink": "/r/AskHistorians/comments/b8q39l/were_crowns_ever_altered/", "whitelist_status": "all_ads", "stickied": false, "url": "https://www.reddit.com/r/AskHistorians/comments/b8q39l/were_crowns_ever_altered/", "subreddit_subscribers": 958454, "created_utc": 1554245093.0, "mod_reports": [], "is_video": false}}], "after": null, "before": null}}, {"kind": "Listing", "data": {"modhash": "", "dist": null, "children": [{"kind": "t1", "data": {"total_awards_received": 0, "approved_at_utc": null, "ups": 11, "mod_reason_by": null, "banned_by": null, "author_flair_type": "text", "removal_reason": null, "link_id": "t3_b8q39l", "author_flair_template_id": null, "likes": null, "no_follow": false, "replies": "", "user_reports": [], "saved": false, "id": "ejzg5pg", "banned_at_utc": null, "mod_reason_title": null, "gilded": 0, "archived": false, "report_reasons": null, "author": "sunagainstgold", "can_mod_post": false, "send_replies": true, "parent_id": "t3_b8q39l", "score": 11, "author_fullname": "t2_j83ki", "approved_by": null, "all_awardings": [], "subreddit_id": "t5_2ssp3", "body": "Hi! I have an answer to an earlier question that I think will help you out:\n\n* [What happened if the crown didn't fit?](https://www.reddit.com/r/AskHistorians/comments/5yuhxi/what_would_happen_if_the_crown_was_literally_too/det6eb6/)\n\nHere's the most relevant bit:\n\n[Some kingdoms did have crowns passed down from monarch to monarch, but rarely with importance attached to individual material crowns.] Crown-wearing was an activity limited to very specific occasions--coronation, wedding, major feast days, knighting ceremonies for the most important young noblemen...or Frederick Barbarossa parading into the church in the Jerusalem he'd negotiated from Saladin, donning the crown as King of Jerusalem basically to anger the pope. \n\nAnd yet it was typical of kings and queens to possess a whole host of crowns, some made specifically for them, some inherited from a parent or relative. If one didn't fit, well, there were plenty more whether that came from--Isabella of France received twelve crowns as gifts on her wedding day alone.\n\nThere was nothing specifically \"royal\" about crowns like these, except when they were in the possession of the monarch. Blanche of Navarre, queen to Philip VI of France very very briefly in the 14th century (he died fast), willed eight crowns to her goddaughters--including one that, her will notes, she lent out to female friends to wear at their own weddings.\n\nAnd, interestingly, there was nothing particularly gendered about individual crowns, either. Philip willed all of his crowns except for one to Blanche; the one he reserved for his son had sentimental value, since Philip had worn it to John's knighting. And Philip's first wife, Jeanne, split her crowns between her son and her daughter.\n\nBut her daughter got all her books.", "edited": false, "author_flair_css_class": "europe", "is_submitter": false, "downs": 0, "author_flair_richtext": [], "author_patreon_flair": false, "collapsed_reason": null, "body_html": "&lt;div class=\"md\"&gt;&lt;p&gt;Hi! I have an answer to an earlier question that I think will help you out:&lt;/p&gt;\n\n&lt;ul&gt;\n&lt;li&gt;&lt;a href=\"https://www.reddit.com/r/AskHistorians/comments/5yuhxi/what_would_happen_if_the_crown_was_literally_too/det6eb6/\"&gt;What happened if the crown didn&amp;#39;t fit?&lt;/a&gt;&lt;/li&gt;\n&lt;/ul&gt;\n\n&lt;p&gt;Here&amp;#39;s the most relevant bit:&lt;/p&gt;\n\n&lt;p&gt;[Some kingdoms did have crowns passed down from monarch to monarch, but rarely with importance attached to individual material crowns.] Crown-wearing was an activity limited to very specific occasions--coronation, wedding, major feast days, knighting ceremonies for the most important young noblemen...or Frederick Barbarossa parading into the church in the Jerusalem he&amp;#39;d negotiated from Saladin, donning the crown as King of Jerusalem basically to anger the pope. &lt;/p&gt;\n\n&lt;p&gt;And yet it was typical of kings and queens to possess a whole host of crowns, some made specifically for them, some inherited from a parent or relative. If one didn&amp;#39;t fit, well, there were plenty more whether that came from--Isabella of France received twelve crowns as gifts on her wedding day alone.&lt;/p&gt;\n\n&lt;p&gt;There was nothing specifically &amp;quot;royal&amp;quot; about crowns like these, except when they were in the possession of the monarch. Blanche of Navarre, queen to Philip VI of France very very briefly in the 14th century (he died fast), willed eight crowns to her goddaughters--including one that, her will notes, she lent out to female friends to wear at their own weddings.&lt;/p&gt;\n\n&lt;p&gt;And, interestingly, there was nothing particularly gendered about individual crowns, either. Philip willed all of his crowns except for one to Blanche; the one he reserved for his son had sentimental value, since Philip had worn it to John&amp;#39;s knighting. And Philip&amp;#39;s first wife, Jeanne, split her crowns between her son and her daughter.&lt;/p&gt;\n\n&lt;p&gt;But her daughter got all her books.&lt;/p&gt;\n&lt;/div&gt;", "stickied": false, "subreddit_type": "public", "can_gild": true, "gildings": {}, "author_flair_text_color": "dark", "score_hidden": false, "permalink": "/r/AskHistorians/comments/b8q39l/were_crowns_ever_altered/ejzg5pg/", "num_reports": null, "locked": false, "name": "t1_ejzg5pg", "created": 1554275375.0, "subreddit": "AskHistorians", "author_flair_text": "Moderator | Medieval &amp; Earliest Modern Europe", "collapsed": false, "created_utc": 1554246575.0, "subreddit_name_prefixed": "r/AskHistorians", "controversiality": 0, "depth": 0, "author_flair_background_color": "", "mod_reports": [], "mod_note": null, "distinguished": null}}], "after": null, "before": null}}]