[{"kind": "Listing", "data": {"modhash": null, "dist": 1, "children": [{"kind": "t3", "data": {"author_flair_background_color": null, "approved_at_utc": null, "subreddit": "AskHistorians", "selftext": "The main characters of the show are taught to speak fluent English, blend in, self defence and marksmanship before being sent to the states, where they remain operational for decades. Is there evidence of such cases taking place?", "user_reports": [], "saved": false, "mod_reason_title": null, "gilded": 0, "clicked": false, "title": "How realistic is the depiction of KGB spies in 'The Americans'?", "link_flair_richtext": [], "subreddit_name_prefixed": "r/AskHistorians", "hidden": false, "pwls": 6, "link_flair_css_class": null, "downs": 0, "top_awarded_type": null, "parent_whitelist_status": "all_ads", "hide_score": false, "name": "t3_l9q90x", "quarantine": false, "link_flair_text_color": "dark", "upvote_ratio": 0.96, "ignore_reports": false, "subreddit_type": "public", "ups": 332, "total_awards_received": 0, "media_embed": {}, "author_flair_template_id": null, "is_original_content": false, "author_fullname": "t2_4xp67s9f", "secure_media": null, "is_reddit_media_domain": false, "is_meta": false, "category": null, "secure_media_embed": {}, "link_flair_text": null, "can_mod_post": false, "score": 332, "approved_by": null, "author_premium": false, "thumbnail": "", "edited": 1612166043.0, "author_flair_css_class": null, "previous_visits": [1620893149.0], "author_flair_richtext": [], "gildings": {}, "content_categories": null, "is_self": true, "mod_note": null, "created": 1612168190.0, "link_flair_type": "text", "wls": 6, "removed_by_category": null, "banned_by": null, "author_flair_type": "text", "domain": "self.AskHistorians", "allow_live_comments": false, "selftext_html": "&lt;!-- SC_OFF --&gt;&lt;div class=\"md\"&gt;&lt;p&gt;The main characters of the show are taught to speak fluent English, blend in, self defence and marksmanship before being sent to the states, where they remain operational for decades. Is there evidence of such cases taking place?&lt;/p&gt;\n&lt;/div&gt;&lt;!-- SC_ON --&gt;", "likes": null, "suggested_sort": null, "banned_at_utc": null, "view_count": null, "archived": false, "no_follow": false, "spam": false, "is_crosspostable": true, "pinned": false, "over_18": false, "all_awardings": [], "awarders": [], "media_only": false, "can_gild": true, "removed": false, "spoiler": false, "locked": false, "author_flair_text": null, "treatment_tags": [], "visited": false, "removed_by": null, "num_reports": null, "distinguished": null, "subreddit_id": "t5_2ssp3", "mod_reason_by": null, "removal_reason": null, "link_flair_background_color": "", "id": "l9q90x", "is_robot_indexable": true, "num_duplicates": 1, "report_reasons": null, "author": "Nico_S-M", "discussion_type": null, "num_comments": 20, "send_replies": true, "media": null, "contest_mode": false, "author_patreon_flair": false, "approved": true, "author_flair_text_color": null, "permalink": "/r/AskHistorians/comments/l9q90x/how_realistic_is_the_depiction_of_kgb_spies_in/", "whitelist_status": "all_ads", "stickied": false, "url": "https://www.reddit.com/r/AskHistorians/comments/l9q90x/how_realistic_is_the_depiction_of_kgb_spies_in/", "subreddit_subscribers": 1347379, "created_utc": 1612139390.0, "num_crossposts": 0, "mod_reports": [], "is_video": false}}], "after": null, "before": null}}, {"kind": "Listing", "data": {"modhash": null, "dist": null, "children": [{"kind": "t1", "data": {"total_awards_received": 0, "approved_at_utc": null, "comment_type": null, "awarders": [], "mod_reason_by": null, "banned_by": null, "ups": 3, "author_flair_type": "text", "removal_reason": null, "link_id": "t3_l9q90x", "author_flair_template_id": null, "likes": null, "replies": "", "user_reports": [], "saved": false, "id": "gljgb2d", "banned_at_utc": null, "mod_reason_title": null, "gilded": 0, "archived": false, "removed": false, "no_follow": true, "author": "AutoModerator", "can_mod_post": false, "send_replies": false, "parent_id": "t3_l9q90x", "score": 3, "author_fullname": "t2_6l4z3", "report_reasons": null, "approved_by": null, "all_awardings": [], "subreddit_id": "t5_2ssp3", "ignore_reports": false, "body": "Welcome to /r/AskHistorians. **Please [Read Our Rules](https://www.reddit.com/r/AskHistorians/wiki/rules) before you comment in this community**. Understand that [rule breaking comments get removed](https://www.reddit.com/r/AskHistorians/comments/h8aefx/rules_roundtable_xviii_removed_curation_and_why/).\n\n#Please consider **[Clicking Here for RemindMeBot](https://www.reddit.com/message/compose/?to=RemindMeBot&amp;subject=Reminder&amp;message=%5Bhttps://www.reddit.com/r/AskHistorians/comments/l9q90x/how_realistic_is_the_depiction_of_kgb_spies_in/%5D%0A%0ARemindMe!%202%20days)** as it takes time for an answer to be written. \n\nWe thank you for your interest in this *question*, and your patience in waiting for an in-depth and comprehensive answer to show up. In addition to RemindMeBot, consider [using our Browser Extension](https://www.reddit.com/r/AskHistorians/comments/d6dzi7/tired_of_clicking_to_find_only_removed_comments/), or getting the [Weekly Roundup](https://www.reddit.com/message/compose?to=subredditsummarybot&amp;subject=askhistorians+weekly&amp;message=x). In the meantime our [Twitter](https://twitter.com/askhistorians), [Facebook](https://www.facebook.com/askhistorians/), and [Sunday Digest](https://www.reddit.com/r/AskHistorians/search?q=title%3A%22Sunday+Digest%22&amp;restrict_sr=on&amp;sort=new&amp;t=all) feature excellent content that has already been written!\n\n\n*I am a bot, and this action was performed automatically. Please [contact the moderators of this subreddit](/message/compose/?to=/r/AskHistorians) if you have any questions or concerns.*", "edited": false, "downs": 0, "author_flair_css_class": null, "is_submitter": false, "collapsed": false, "author_flair_richtext": [], "author_patreon_flair": false, "body_html": "&lt;div class=\"md\"&gt;&lt;p&gt;Welcome to &lt;a href=\"/r/AskHistorians\"&gt;/r/AskHistorians&lt;/a&gt;. &lt;strong&gt;Please &lt;a href=\"https://www.reddit.com/r/AskHistorians/wiki/rules\"&gt;Read Our Rules&lt;/a&gt; before you comment in this community&lt;/strong&gt;. Understand that &lt;a href=\"https://www.reddit.com/r/AskHistorians/comments/h8aefx/rules_roundtable_xviii_removed_curation_and_why/\"&gt;rule breaking comments get removed&lt;/a&gt;.&lt;/p&gt;\n\n&lt;h1&gt;Please consider &lt;strong&gt;&lt;a href=\"https://www.reddit.com/message/compose/?to=RemindMeBot&amp;amp;subject=Reminder&amp;amp;message=%5Bhttps://www.reddit.com/r/AskHistorians/comments/l9q90x/how_realistic_is_the_depiction_of_kgb_spies_in/%5D%0A%0ARemindMe!%202%20days\"&gt;Clicking Here for RemindMeBot&lt;/a&gt;&lt;/strong&gt; as it takes time for an answer to be written.&lt;/h1&gt;\n\n&lt;p&gt;We thank you for your interest in this &lt;em&gt;question&lt;/em&gt;, and your patience in waiting for an in-depth and comprehensive answer to show up. In addition to RemindMeBot, consider &lt;a href=\"https://www.reddit.com/r/AskHistorians/comments/d6dzi7/tired_of_clicking_to_find_only_removed_comments/\"&gt;using our Browser Extension&lt;/a&gt;, or getting the &lt;a href=\"https://www.reddit.com/message/compose?to=subredditsummarybot&amp;amp;subject=askhistorians+weekly&amp;amp;message=x\"&gt;Weekly Roundup&lt;/a&gt;. In the meantime our &lt;a href=\"https://twitter.com/askhistorians\"&gt;Twitter&lt;/a&gt;, &lt;a href=\"https://www.facebook.com/askhistorians/\"&gt;Facebook&lt;/a&gt;, and &lt;a href=\"https://www.reddit.com/r/AskHistorians/search?q=title%3A%22Sunday+Digest%22&amp;amp;restrict_sr=on&amp;amp;sort=new&amp;amp;t=all\"&gt;Sunday Digest&lt;/a&gt; feature excellent content that has already been written!&lt;/p&gt;\n\n&lt;p&gt;&lt;em&gt;I am a bot, and this action was performed automatically. Please &lt;a href=\"/message/compose/?to=/r/AskHistorians\"&gt;contact the moderators of this subreddit&lt;/a&gt; if you have any questions or concerns.&lt;/em&gt;&lt;/p&gt;\n&lt;/div&gt;", "gildings": {}, "collapsed_reason": null, "associated_award": null, "stickied": true, "author_premium": true, "subreddit_type": "public", "can_gild": true, "top_awarded_type": null, "approved": false, "author_flair_text_color": null, "score_hidden": false, "permalink": "/r/AskHistorians/comments/l9q90x/how_realistic_is_the_depiction_of_kgb_spies_in/gljgb2d/", "num_reports": null, "locked": true, "name": "t1_gljgb2d", "created": 1612168191.0, "subreddit": "AskHistorians", "author_flair_text": null, "treatment_tags": [], "spam": false, "created_utc": 1612139391.0, "subreddit_name_prefixed": "r/AskHistorians", "controversiality": 0, "depth": 0, "author_flair_background_color": null, "collapsed_because_crowd_control": null, "mod_reports": [], "mod_note": null, "distinguished": "moderator"}}, {"kind": "t1", "data": {"total_awards_received": 1, "approved_at_utc": null, "comment_type": null, "awarders": [], "mod_reason_by": null, "banned_by": null, "ups": 163, "author_flair_type": "richtext", "removal_reason": null, "link_id": "t3_l9q90x", "author_flair_template_id": "86beef9a-c626-11e2-ad9b-12313d18884c", "likes": null, "replies": {"kind": "Listing", "data": {"modhash": null, "dist": null, "children": [{"kind": "t1", "data": {"total_awards_received": 0, "approved_at_utc": null, "ignore_reports": false, "comment_type": null, "awarders": [], "mod_reason_by": null, "banned_by": null, "ups": 7, "author_flair_type": "text", "removal_reason": null, "link_id": "t3_l9q90x", "author_flair_template_id": null, "likes": null, "replies": "", "user_reports": [], "saved": false, "id": "glln8ng", "banned_at_utc": null, "mod_reason_title": null, "gilded": 0, "archived": false, "removed": false, "no_follow": false, "author": "FearlessThree6", "can_mod_post": false, "send_replies": true, "parent_id": "t1_glkyq3r", "score": 7, "author_fullname": "t2_2uipue0a", "report_reasons": null, "approved_by": null, "all_awardings": [], "subreddit_id": "t5_2ssp3", "collapsed": false, "body": "Thank you, I had no idea there was so much backstory!", "edited": false, "author_flair_css_class": null, "is_submitter": false, "downs": 0, "author_flair_richtext": [], "author_patreon_flair": false, "body_html": "&lt;div class=\"md\"&gt;&lt;p&gt;Thank you, I had no idea there was so much backstory!&lt;/p&gt;\n&lt;/div&gt;", "gildings": {}, "collapsed_reason": null, "associated_award": null, "stickied": false, "author_premium": false, "subreddit_type": "public", "can_gild": true, "top_awarded_type": null, "approved": false, "author_flair_text_color": null, "score_hidden": false, "permalink": "/r/AskHistorians/comments/l9q90x/how_realistic_is_the_depiction_of_kgb_spies_in/glln8ng/", "num_reports": null, "locked": false, "name": "t1_glln8ng", "created": 1612218309.0, "subreddit": "AskHistorians", "author_flair_text": null, "treatment_tags": [], "spam": false, "created_utc": 1612189509.0, "subreddit_name_prefixed": "r/AskHistorians", "controversiality": 0, "depth": 1, "author_flair_background_color": null, "collapsed_because_crowd_control": null, "mod_reports": [], "mod_note": null, "distinguished": null}}, {"kind": "t1", "data": {"total_awards_received": 0, "approved_at_utc": null, "ignore_reports": false, "comment_type": null, "awarders": [], "mod_reason_by": null, "banned_by": null, "ups": 8, "author_flair_type": "text", "removal_reason": null, "link_id": "t3_l9q90x", "author_flair_template_id": null, "likes": null, "replies": {"kind": "Listing", "data": {"modhash": null, "dist": null, "children": [{"kind": "t1", "data": {"total_awards_received": 0, "approved_at_utc": null, "comment_type": null, "awarders": [], "mod_reason_by": null, "banned_by": null, "ups": 15, "author_flair_type": "text", "removal_reason": null, "link_id": "t3_l9q90x", "author_flair_template_id": null, "likes": null, "replies": {"kind": "Listing", "data": {"modhash": null, "dist": null, "children": [{"kind": "t1", "data": {"total_awards_received": 0, "approved_at_utc": null, "comment_type": null, "awarders": [], "mod_reason_by": null, "banned_by": null, "ups": 3, "author_flair_type": "text", "removal_reason": null, "link_id": "t3_l9q90x", "author_flair_template_id": null, "likes": null, "replies": "", "user_reports": [], "saved": false, "id": "gln7iix", "banned_at_utc": null, "mod_reason_title": null, "gilded": 0, "archived": false, "removed": false, "no_follow": true, "author": "flying_shadow", "can_mod_post": false, "send_replies": true, "parent_id": "t1_gln69gl", "score": 3, "author_fullname": "t2_flouu", "report_reasons": null, "approved_by": null, "all_awardings": [], "subreddit_id": "t5_2ssp3", "ignore_reports": false, "body": "That makes sense, thank you!", "edited": false, "downs": 0, "author_flair_css_class": null, "is_submitter": false, "collapsed": false, "author_flair_richtext": [], "author_patreon_flair": false, "body_html": "&lt;div class=\"md\"&gt;&lt;p&gt;That makes sense, thank you!&lt;/p&gt;\n&lt;/div&gt;", "gildings": {}, "collapsed_reason": null, "associated_award": null, "stickied": false, "author_premium": false, "subreddit_type": "public", "can_gild": true, "top_awarded_type": null, "approved": false, "author_flair_text_color": null, "score_hidden": false, "permalink": "/r/AskHistorians/comments/l9q90x/how_realistic_is_the_depiction_of_kgb_spies_in/gln7iix/", "num_reports": null, "locked": false, "name": "t1_gln7iix", "created": 1612239863.0, "subreddit": "AskHistorians", "author_flair_text": null, "treatment_tags": [], "spam": false, "created_utc": 1612211063.0, "subreddit_name_prefixed": "r/AskHistorians", "controversiality": 0, "depth": 3, "author_flair_background_color": null, "collapsed_because_crowd_control": null, "mod_reports": [], "mod_note": null, "distinguished": null}}], "after": null, "before": null}}, "user_reports": [], "saved": false, "id": "gln69gl", "banned_at_utc": null, "mod_reason_title": null, "gilded": 0, "archived": false, "removed": false, "no_follow": false, "author": "WechTreck", "can_mod_post": false, "created_utc": 1612210579.0, "send_replies": true, "parent_id": "t1_glmusll", "score": 15, "author_fullname": "t2_g8j127q", "report_reasons": null, "approved_by": null, "all_awardings": [], "subreddit_id": "t5_2ssp3", "ignore_reports": false, "body": "Because they are loyal, stable and trained.\n\nWhile foreign locals who \"claim\" they turned traitor, may provide information, but you don't know if the info is 100% or subtly tainted by enemy counter intelligence.\n\nTraitors are often unstable or vice versa.  Burgess  on his way out of a pub, managed to drop one of the files of documents he had taken from the Foreign Office on the pavement.   Maclean was believed to have told one of his lovers and his brother about his work as a Soviet agent while he was the worse for wear.\n\nAnd being trained means they should avoid basic mistakes that let the enemy catch them and turn them.  As well as give them capabilities not available to civilians.", "edited": false, "author_flair_css_class": null, "is_submitter": false, "downs": 0, "author_flair_richtext": [], "author_patreon_flair": false, "body_html": "&lt;div class=\"md\"&gt;&lt;p&gt;Because they are loyal, stable and trained.&lt;/p&gt;\n\n&lt;p&gt;While foreign locals who &amp;quot;claim&amp;quot; they turned traitor, may provide information, but you don&amp;#39;t know if the info is 100% or subtly tainted by enemy counter intelligence.&lt;/p&gt;\n\n&lt;p&gt;Traitors are often unstable or vice versa.  Burgess  on his way out of a pub, managed to drop one of the files of documents he had taken from the Foreign Office on the pavement.   Maclean was believed to have told one of his lovers and his brother about his work as a Soviet agent while he was the worse for wear.&lt;/p&gt;\n\n&lt;p&gt;And being trained means they should avoid basic mistakes that let the enemy catch them and turn them.  As well as give them capabilities not available to civilians.&lt;/p&gt;\n&lt;/div&gt;", "gildings": {}, "collapsed_reason": null, "associated_award": null, "stickied": false, "author_premium": false, "subreddit_type": "public", "can_gild": true, "top_awarded_type": null, "approved": false, "author_flair_text_color": null, "score_hidden": false, "permalink": "/r/AskHistorians/comments/l9q90x/how_realistic_is_the_depiction_of_kgb_spies_in/gln69gl/", "num_reports": null, "locked": false, "name": "t1_gln69gl", "created": 1612239379.0, "subreddit": "AskHistorians", "author_flair_text": null, "treatment_tags": [], "spam": false, "collapsed": false, "subreddit_name_prefixed": "r/AskHistorians", "controversiality": 0, "depth": 2, "author_flair_background_color": null, "collapsed_because_crowd_control": null, "mod_reports": [], "mod_note": null, "distinguished": null}}, {"kind": "t1", "data": {"total_awards_received": 0, "approved_at_utc": null, "comment_type": null, "awarders": [], "mod_reason_by": null, "banned_by": null, "ups": 8, "author_flair_type": "richtext", "removal_reason": null, "link_id": "t3_l9q90x", "author_flair_template_id": "86beef9a-c626-11e2-ad9b-12313d18884c", "likes": null, "replies": {"kind": "Listing", "data": {"modhash": null, "dist": null, "children": [{"kind": "t1", "data": {"total_awards_received": 0, "approved_at_utc": null, "comment_type": null, "awarders": [], "mod_reason_by": null, "banned_by": null, "ups": 1, "author_flair_type": "text", "removal_reason": null, "link_id": "t3_l9q90x", "author_flair_template_id": null, "likes": null, "replies": "", "user_reports": [], "saved": false, "id": "glnvcqy", "banned_at_utc": null, "mod_reason_title": null, "gilded": 0, "archived": false, "removed": false, "no_follow": true, "author": "flying_shadow", "can_mod_post": false, "send_replies": true, "parent_id": "t1_glnrhdx", "score": 1, "author_fullname": "t2_flouu", "report_reasons": null, "approved_by": null, "all_awardings": [], "subreddit_id": "t5_2ssp3", "ignore_reports": false, "body": "Thank you!", "edited": false, "downs": 0, "author_flair_css_class": null, "is_submitter": false, "collapsed": false, "author_flair_richtext": [], "author_patreon_flair": false, "body_html": "&lt;div class=\"md\"&gt;&lt;p&gt;Thank you!&lt;/p&gt;\n&lt;/div&gt;", "gildings": {}, "collapsed_reason": null, "associated_award": null, "stickied": false, "author_premium": false, "subreddit_type": "public", "can_gild": true, "top_awarded_type": null, "approved": true, "author_flair_text_color": null, "score_hidden": false, "permalink": "/r/AskHistorians/comments/l9q90x/how_realistic_is_the_depiction_of_kgb_spies_in/glnvcqy/", "num_reports": null, "locked": false, "name": "t1_glnvcqy", "created": 1612249408.0, "subreddit": "AskHistorians", "author_flair_text": null, "treatment_tags": [], "spam": false, "created_utc": 1612220608.0, "subreddit_name_prefixed": "r/AskHistorians", "controversiality": 0, "depth": 3, "author_flair_background_color": null, "collapsed_because_crowd_control": null, "mod_reports": [], "mod_note": null, "distinguished": null}}], "after": null, "before": null}}, "user_reports": [], "saved": false, "id": "glnrhdx", "banned_at_utc": null, "mod_reason_title": null, "gilded": 0, "archived": false, "removed": false, "no_follow": false, "author": "k1990", "can_mod_post": false, "created_utc": 1612218981.0, "send_replies": true, "parent_id": "t1_glmusll", "score": 8, "author_fullname": "t2_5g73g", "report_reasons": null, "approved_by": null, "all_awardings": [], "subreddit_id": "t5_2ssp3", "ignore_reports": false, "body": "In this case, we're not talking about 'agents' (people convinced or coerced into passing information to a foreign power), but professional intelligence officers whose role was to identify, recruit and handle those agents in the field. They were the conduits for information passing back to the KGB, and were responsible for developing and maintaining the relationship with each agent. \n\nThe advantage the Soviets saw in the illegals was their ability to operate covertly in environments where a Soviet national would be extremely conspicuous. Take the example of [Richard Sorge](https://www.historynet.com/the-spy-who-saved-the-soviets.htm), another of the 'Great Illegals': Russian-born but of German heritage, he was sent to Germany in the 1920s by the Soviet military intelligence service, GRU. Working as an ostensibly German journalist in Germany and Japan for almost 15 years, he was able to provide the GRU with insight into the inner workings of two countries hostile to the USSR, achieving a level of access that a Russian civilian or Soviet diplomat almost certainly could not.", "edited": false, "author_flair_css_class": null, "is_submitter": false, "downs": 0, "author_flair_richtext": [{"e": "text", "t": "Intelligence and Espionage | Spanish Civil War"}], "author_patreon_flair": false, "body_html": "&lt;div class=\"md\"&gt;&lt;p&gt;In this case, we&amp;#39;re not talking about &amp;#39;agents&amp;#39; (people convinced or coerced into passing information to a foreign power), but professional intelligence officers whose role was to identify, recruit and handle those agents in the field. They were the conduits for information passing back to the KGB, and were responsible for developing and maintaining the relationship with each agent. &lt;/p&gt;\n\n&lt;p&gt;The advantage the Soviets saw in the illegals was their ability to operate covertly in environments where a Soviet national would be extremely conspicuous. Take the example of &lt;a href=\"https://www.historynet.com/the-spy-who-saved-the-soviets.htm\"&gt;Richard Sorge&lt;/a&gt;, another of the &amp;#39;Great Illegals&amp;#39;: Russian-born but of German heritage, he was sent to Germany in the 1920s by the Soviet military intelligence service, GRU. Working as an ostensibly German journalist in Germany and Japan for almost 15 years, he was able to provide the GRU with insight into the inner workings of two countries hostile to the USSR, achieving a level of access that a Russian civilian or Soviet diplomat almost certainly could not.&lt;/p&gt;\n&lt;/div&gt;", "gildings": {}, "collapsed_reason": null, "associated_award": null, "stickied": false, "author_premium": false, "subreddit_type": "public", "can_gild": true, "top_awarded_type": null, "approved": false, "author_flair_text_color": "light", "score_hidden": false, "permalink": "/r/AskHistorians/comments/l9q90x/how_realistic_is_the_depiction_of_kgb_spies_in/glnrhdx/", "num_reports": null, "locked": false, "name": "t1_glnrhdx", "created": 1612247781.0, "subreddit": "AskHistorians", "author_flair_text": "Intelligence and Espionage | Spanish Civil War", "treatment_tags": [], "spam": false, "collapsed": false, "subreddit_name_prefixed": "r/AskHistorians", "controversiality": 0, "depth": 2, "author_flair_background_color": "#006600", "collapsed_because_crowd_control": null, "mod_reports": [], "mod_note": null, "distinguished": null}}], "after": null, "before": null}}, "user_reports": [], "saved": false, "id": "glmusll", "banned_at_utc": null, "mod_reason_title": null, "gilded": 0, "archived": false, "removed": false, "no_follow": false, "author": "flying_shadow", "can_mod_post": false, "send_replies": true, "parent_id": "t1_glkyq3r", "score": 8, "author_fullname": "t2_flouu", "report_reasons": null, "approved_by": null, "all_awardings": [], "subreddit_id": "t5_2ssp3", "collapsed": false, "body": "Why did they put so much effort into training these agents instead of just relying on intelligence from people who already lived there and thus wouldn't have to worry about blending in?", "edited": false, "author_flair_css_class": null, "is_submitter": false, "downs": 0, "author_flair_richtext": [], "author_patreon_flair": false, "body_html": "&lt;div class=\"md\"&gt;&lt;p&gt;Why did they put so much effort into training these agents instead of just relying on intelligence from people who already lived there and thus wouldn&amp;#39;t have to worry about blending in?&lt;/p&gt;\n&lt;/div&gt;", "gildings": {}, "collapsed_reason": null, "associated_award": null, "stickied": false, "author_premium": false, "subreddit_type": "public", "can_gild": true, "top_awarded_type": null, "approved": false, "author_flair_text_color": null, "score_hidden": false, "permalink": "/r/AskHistorians/comments/l9q90x/how_realistic_is_the_depiction_of_kgb_spies_in/glmusll/", "num_reports": null, "locked": false, "name": "t1_glmusll", "created": 1612234909.0, "subreddit": "AskHistorians", "author_flair_text": null, "treatment_tags": [], "spam": false, "created_utc": 1612206109.0, "subreddit_name_prefixed": "r/AskHistorians", "controversiality": 0, "depth": 1, "author_flair_background_color": null, "collapsed_because_crowd_control": null, "mod_reports": [], "mod_note": null, "distinguished": null}}, {"kind": "t1", "data": {"total_awards_received": 0, "approved_at_utc": null, "ignore_reports": false, "comment_type": null, "awarders": [], "mod_reason_by": null, "banned_by": null, "ups": 4, "author_flair_type": "text", "removal_reason": null, "link_id": "t3_l9q90x", "author_flair_template_id": null, "likes": null, "replies": "", "user_reports": [], "saved": false, "id": "gllrfap", "banned_at_utc": null, "mod_reason_title": null, "gilded": 0, "archived": false, "removed": false, "no_follow": false, "author": "TungstenChef", "can_mod_post": false, "send_replies": true, "parent_id": "t1_glkyq3r", "score": 4, "author_fullname": "t2_9l6oreuc", "report_reasons": null, "approved_by": null, "all_awardings": [], "subreddit_id": "t5_2ssp3", "collapsed": false, "body": "That was a great answer, I have a follow-up question.  Do we know if the married couples were assigned their spouses as they were in the show?", "edited": false, "author_flair_css_class": null, "is_submitter": false, "downs": 0, "author_flair_richtext": [], "author_patreon_flair": false, "body_html": "&lt;div class=\"md\"&gt;&lt;p&gt;That was a great answer, I have a follow-up question.  Do we know if the married couples were assigned their spouses as they were in the show?&lt;/p&gt;\n&lt;/div&gt;", "gildings": {}, "collapsed_reason": null, "associated_award": null, "stickied": false, "author_premium": false, "subreddit_type": "public", "can_gild": true, "top_awarded_type": null, "approved": false, "author_flair_text_color": null, "score_hidden": false, "permalink": "/r/AskHistorians/comments/l9q90x/how_realistic_is_the_depiction_of_kgb_spies_in/gllrfap/", "num_reports": null, "locked": false, "name": "t1_gllrfap", "created": 1612220029.0, "subreddit": "AskHistorians", "author_flair_text": null, "treatment_tags": [], "spam": false, "created_utc": 1612191229.0, "subreddit_name_prefixed": "r/AskHistorians", "controversiality": 0, "depth": 1, "author_flair_background_color": null, "collapsed_because_crowd_control": null, "mod_reports": [], "mod_note": null, "distinguished": null}}, {"kind": "t1", "data": {"total_awards_received": 0, "approved_at_utc": null, "ignore_reports": false, "comment_type": null, "awarders": [], "mod_reason_by": null, "banned_by": null, "ups": 4, "author_flair_type": "text", "removal_reason": null, "link_id": "t3_l9q90x", "author_flair_template_id": null, "likes": null, "replies": {"kind": "Listing", "data": {"modhash": null, "dist": null, "children": [{"kind": "t1", "data": {"total_awards_received": 0, "approved_at_utc": null, "comment_type": null, "awarders": [], "mod_reason_by": null, "banned_by": null, "ups": 2, "author_flair_type": "text", "removal_reason": null, "link_id": "t3_l9q90x", "author_flair_template_id": null, "likes": null, "replies": "", "user_reports": [], "saved": false, "id": "glo33a4", "banned_at_utc": null, "mod_reason_title": null, "gilded": 0, "archived": false, "removed": false, "no_follow": true, "author": "silverfox762", "can_mod_post": false, "created_utc": 1612224064.0, "send_replies": true, "parent_id": "t1_gln18fx", "score": 2, "author_fullname": "t2_9xx1d", "report_reasons": null, "approved_by": null, "all_awardings": [], "subreddit_id": "t5_2ssp3", "ignore_reports": false, "body": "Both are surprising reads, particularly the first. It's amazing how far and varied penetration if US and British intelligence operations and agencies were (are?).", "edited": false, "author_flair_css_class": null, "is_submitter": false, "downs": 0, "author_flair_richtext": [], "author_patreon_flair": false, "body_html": "&lt;div class=\"md\"&gt;&lt;p&gt;Both are surprising reads, particularly the first. It&amp;#39;s amazing how far and varied penetration if US and British intelligence operations and agencies were (are?).&lt;/p&gt;\n&lt;/div&gt;", "gildings": {}, "collapsed_reason": null, "associated_award": null, "stickied": false, "author_premium": false, "subreddit_type": "public", "can_gild": true, "top_awarded_type": null, "approved": false, "author_flair_text_color": null, "score_hidden": false, "permalink": "/r/AskHistorians/comments/l9q90x/how_realistic_is_the_depiction_of_kgb_spies_in/glo33a4/", "num_reports": null, "locked": false, "name": "t1_glo33a4", "created": 1612252864.0, "subreddit": "AskHistorians", "author_flair_text": null, "treatment_tags": [], "spam": false, "collapsed": false, "subreddit_name_prefixed": "r/AskHistorians", "controversiality": 0, "depth": 2, "author_flair_background_color": null, "collapsed_because_crowd_control": null, "mod_reports": [], "mod_note": null, "distinguished": null}}], "after": null, "before": null}}, "user_reports": [], "saved": false, "id": "gln18fx", "banned_at_utc": null, "mod_reason_title": null, "gilded": 0, "archived": false, "removed": false, "no_follow": false, "author": "DanDierdorf", "can_mod_post": false, "send_replies": true, "parent_id": "t1_glkyq3r", "score": 4, "author_fullname": "t2_b48j8", "report_reasons": null, "approved_by": null, "all_awardings": [], "subreddit_id": "t5_2ssp3", "collapsed": false, "body": "&gt; Mitrokhin has subsequently worked with Christopher Andrew, one of the world's pre-eminent intelligence historians, on two superb histories of the KGB's foreign operations \u2014 The Sword and the Shield: The Mitrokhin Archive and the Secret History of the KGB and The World Was Going Our Way: The KGB and the Battle for the the Third World. According to Andrew &amp; Mitrokhin:\n\nThank you for the recco. Bonus! My Library carries both of these.", "edited": false, "author_flair_css_class": null, "is_submitter": false, "downs": 0, "author_flair_richtext": [], "author_patreon_flair": false, "body_html": "&lt;div class=\"md\"&gt;&lt;blockquote&gt;\n&lt;p&gt;Mitrokhin has subsequently worked with Christopher Andrew, one of the world&amp;#39;s pre-eminent intelligence historians, on two superb histories of the KGB&amp;#39;s foreign operations \u2014 The Sword and the Shield: The Mitrokhin Archive and the Secret History of the KGB and The World Was Going Our Way: The KGB and the Battle for the the Third World. According to Andrew &amp;amp; Mitrokhin:&lt;/p&gt;\n&lt;/blockquote&gt;\n\n&lt;p&gt;Thank you for the recco. Bonus! My Library carries both of these.&lt;/p&gt;\n&lt;/div&gt;", "gildings": {}, "collapsed_reason": null, "associated_award": null, "stickied": false, "author_premium": false, "subreddit_type": "public", "can_gild": true, "top_awarded_type": null, "approved": false, "author_flair_text_color": null, "score_hidden": false, "permalink": "/r/AskHistorians/comments/l9q90x/how_realistic_is_the_depiction_of_kgb_spies_in/gln18fx/", "num_reports": null, "locked": false, "name": "t1_gln18fx", "created": 1612237404.0, "subreddit": "AskHistorians", "author_flair_text": null, "treatment_tags": [], "spam": false, "created_utc": 1612208604.0, "subreddit_name_prefixed": "r/AskHistorians", "controversiality": 0, "depth": 1, "author_flair_background_color": null, "collapsed_because_crowd_control": null, "mod_reports": [], "mod_note": null, "distinguished": null}}, {"kind": "t1", "data": {"total_awards_received": 0, "approved_at_utc": null, "ignore_reports": false, "comment_type": null, "awarders": [], "mod_reason_by": null, "banned_by": null, "ups": 1, "author_flair_type": "text", "removal_reason": null, "link_id": "t3_l9q90x", "author_flair_template_id": null, "likes": null, "replies": "", "user_reports": [], "saved": false, "id": "gmuhjpb", "banned_at_utc": null, "mod_reason_title": null, "gilded": 0, "archived": false, "removed": false, "no_follow": true, "author": "USoffthePlanet", "can_mod_post": false, "send_replies": true, "parent_id": "t1_glkyq3r", "score": 1, "author_fullname": "t2_9n1dt70r", "report_reasons": null, "approved_by": null, "all_awardings": [], "subreddit_id": "t5_2ssp3", "collapsed": false, "body": "Is there any reason to doubt the reliability of The Mitrokhin Archive?", "edited": false, "author_flair_css_class": null, "is_submitter": false, "downs": 0, "author_flair_richtext": [], "author_patreon_flair": false, "body_html": "&lt;div class=\"md\"&gt;&lt;p&gt;Is there any reason to doubt the reliability of The Mitrokhin Archive?&lt;/p&gt;\n&lt;/div&gt;", "gildings": {}, "collapsed_reason": null, "associated_award": null, "stickied": false, "author_premium": false, "subreddit_type": "public", "can_gild": true, "top_awarded_type": null, "approved": false, "author_flair_text_color": null, "score_hidden": false, "permalink": "/r/AskHistorians/comments/l9q90x/how_realistic_is_the_depiction_of_kgb_spies_in/gmuhjpb/", "num_reports": null, "locked": false, "name": "t1_gmuhjpb", "created": 1613011562.0, "subreddit": "AskHistorians", "author_flair_text": null, "treatment_tags": [], "spam": false, "created_utc": 1612982762.0, "subreddit_name_prefixed": "r/AskHistorians", "controversiality": 0, "depth": 1, "author_flair_background_color": null, "collapsed_because_crowd_control": null, "mod_reports": [], "mod_note": null, "distinguished": null}}], "after": null, "before": null}}, "user_reports": [], "saved": false, "id": "glkyq3r", "banned_at_utc": null, "mod_reason_title": null, "gilded": 0, "archived": false, "removed": false, "no_follow": false, "author": "k1990", "can_mod_post": false, "send_replies": true, "parent_id": "t3_l9q90x", "score": 163, "author_fullname": "t2_5g73g", "report_reasons": null, "approved_by": null, "all_awardings": [{"giver_coin_reward": null, "subreddit_id": null, "is_new": false, "days_of_drip_extension": 0, "coin_price": 100, "id": "gid_1", "penny_donate": null, "coin_reward": 0, "icon_url": "https://www.redditstatic.com/gold/awards/icon/silver_512.png", "days_of_premium": 0, "icon_height": 512, "tiers_by_required_awardings": null, "resized_icons": [{"url": "https://www.redditstatic.com/gold/awards/icon/silver_16.png", "width": 16, "height": 16}, {"url": "https://www.redditstatic.com/gold/awards/icon/silver_32.png", "width": 32, "height": 32}, {"url": "https://www.redditstatic.com/gold/awards/icon/silver_48.png", "width": 48, "height": 48}, {"url": "https://www.redditstatic.com/gold/awards/icon/silver_64.png", "width": 64, "height": 64}, {"url": "https://www.redditstatic.com/gold/awards/icon/silver_128.png", "width": 128, "height": 128}], "icon_width": 512, "static_icon_width": 512, "start_date": null, "is_enabled": true, "awardings_required_to_grant_benefits": null, "description": "Shows the Silver Award... and that's it.", "end_date": null, "subreddit_coin_reward": 0, "count": 1, "static_icon_height": 512, "name": "Silver", "resized_static_icons": [{"url": "https://www.redditstatic.com/gold/awards/icon/silver_16.png", "width": 16, "height": 16}, {"url": "https://www.redditstatic.com/gold/awards/icon/silver_32.png", "width": 32, "height": 32}, {"url": "https://www.redditstatic.com/gold/awards/icon/silver_48.png", "width": 48, "height": 48}, {"url": "https://www.redditstatic.com/gold/awards/icon/silver_64.png", "width": 64, "height": 64}, {"url": "https://www.redditstatic.com/gold/awards/icon/silver_128.png", "width": 128, "height": 128}], "icon_format": null, "award_sub_type": "GLOBAL", "penny_price": null, "award_type": "global", "static_icon_url": "https://www.redditstatic.com/gold/awards/icon/silver_512.png"}], "subreddit_id": "t5_2ssp3", "ignore_reports": false, "body": "As mainstream spy fiction goes, *The Americans* is pretty good in terms of verisimilitude \u2014 no doubt helped by the fact that the series' creator, Joe Weisberg, was briefly a CIA officer.\n\nThere are broadly two types of intelligence officer: the first are those who operate under 'legal' cover, commonly as diplomats or embassy employees. These officers conceal their espionage work behind the facade of other, more mundane government work. The second are those who work under 'illegal' cover (the US intelligence community uses the term 'non-official cover'); they are outwardly not government employees, and thus do not have diplomatic protection \u2014 but they're also less likely to attract the attention of foreign counterintelligence services. \n\nIn the KGB, foreign operations were the purview of the First Chief Directorate, a vast service-within-a-service with myriad sub-departments \u2014 some responsible for specific geographical areas (eg. First Department, responsible for North America), others for specific types of intelligence (eg. Directorate T, responsible for scientific and technological intelligence.) \n\nIn *The Americans,* Philip and Elizabeth Jennings are portrayed as working for Directorate S \u2014 which did indeed exist, and was responsible for managing the KGB's 'illegals'. Directorate S officers were unusual in that they typically posed as foreign nationals, using elaborately-constructed 'legends' to conceal their Soviet ties.\n\nDirectorate S was a particularly secretive department within a notoriously secret service, but we do now have significant information about its organisation and operations. In 1992, a KGB officer named Vasili Mitrokhin, who had spent more than a decade supervising the KGB's archives, defected to the UK \u2014 bringing with him thousands of pages of copies and notes he had made on the archives, particularly those of Directorate S.\n\nMitrokhin has subsequently worked with Christopher Andrew, one of the world's pre-eminent intelligence historians, on two superb histories of the KGB's foreign operations \u2014  [*The Sword and the Shield: The Mitrokhin Archive and the Secret History of the KGB*](https://books.google.ca/books?id=wVndU5P4V-8C) and [*The World Was Going Our Way: The KGB and the Battle for the the Third World*](https://books.google.ca/books?id=Msx8swEACAAJ). According to Andrew &amp; Mitrokhin:\n\n&gt;The illegals retained a curious mystique within the KGB. Before being posted abroad, every illegal officer was required to swear a solemn, if somewhat melodramatic, oath:        \n&gt;  \n&gt;\"Deeply valuing the trust placed upon me by the Party and the fatherland, and imbued with a sense of intense gratitude for the decision to send me to the sharp edge of the struggle for the interest of my people... as a worthy son of the homeland, I would rather perish than betray the secrets entrusted to me or put into the hand of the adversary materials which could cause political harm to the interests of the State. With every heartbeat, with every day that passes, I swear to serve the Party, the homeland, and the Soviet people.\"\n\n(If that oath sounds faintly familiar to fans of *The Americans*, it's because it's recited verbatim in S01E12!)\n\nEarly KGB 'illegals' were commonly European communists, and were responsible for some of Soviet intelligence's most outstanding successes; Arnold Deutsch, an Austrian working in the UK under academic cover in the 1930s, recruited and handled the Cambridge Five, arguably the best-placed agents the Soviets ever recruited in the west. Deutsch's successor as the Cambridge ring's controller, Theodore Maly, was a former priest originally from Romania. \n\nSoviet intelligence would spend decades attempting to replicate the success of the 'Great Illegals' of the 1930s and 1940s, investing significant energy in recruiting and training these officers. Quoting from Jonathan Haslam's [*Near and Distant Neighbours*](https://books.google.ca/books?id=kgl4BgAAQBAJ):\n\n&gt;It took at least seven years to train an illegal from scratch so that he or she would pass unnoticed. Moreover, life under deep cover was very demanding. The illegal had \u201cto act no differently from the inhabitants of the country where he lives,\u201d Yuri Drozdov, former head of illegals, reminds us. \u201cIn illegal intelligence there is no privacy, almost everything will be painful and uncomfortable if one does not submit oneself to the demands of the service. Above all one must be completely open and account for everything one does, including one\u2019s personal life.\u201d\n\nThe best-known of the KGB's 'illegals' was Rudolf Abel \u2014 real name William Fisher, born in Britain to Russian parents. In the late 1940s he was recruited to become an illegal in the MGB (predecessor to the KGB), and dispatched to the United States. Christopher Andrew's account of Fisher's infiltration illustrates the painstaking effort taken to conceal his true identity:\n\n&gt;His legend was unusually complicated. Fisher assumed one identity during his journey to the United States in 1948 and another shortly after his arrival. The first identity was that of Andrei Yurgesovich Kayotis, a Lithuanian born in 1895 who had emigrated to the United States and become an American citizen. In November 1947 Kayotis crossed the Atlantic to visit relatives in Europe. While he was in Denmark, the Soviet embassy issued a travel document enabling him to visit Russia and retained his passport for use by Fisher. In October 1948 Fisher traveled to Warsaw on a Soviet passport, then traveled on Kayotis\u2019s passport via Czechoslovakia and Switzerland to Paris, where he purchased a transatlantic ticket on the SS *Scythia.* On November 6 he set sail from Le Havre to Quebec, traveled on to Montreal and\u2014still using Kayotis\u2019s passport\u2014crossed into the United States on November 17.\n\nThe legacy of the 'illegals' has continued even after the end of the Cold War: Directorate S continues to exist as part of SVR, Russia's present-day foreign intelligence service, formed from the First Chief Directorate after the dissolution of the KGB. In 2010, in a case that was the primary inspiration for *The Americans*, the FBI [arrested ten SVR illegals in the United States](https://www.fbi.gov/news/stories/operation-ghost-stories-inside-the-russian-spy-case) \u2014 eight of them married couples.", "edited": false, "downs": 0, "author_flair_css_class": null, "is_submitter": false, "collapsed": false, "author_flair_richtext": [{"e": "text", "t": "Intelligence and Espionage | Spanish Civil War"}], "author_patreon_flair": false, "body_html": "&lt;div class=\"md\"&gt;&lt;p&gt;As mainstream spy fiction goes, &lt;em&gt;The Americans&lt;/em&gt; is pretty good in terms of verisimilitude \u2014 no doubt helped by the fact that the series&amp;#39; creator, Joe Weisberg, was briefly a CIA officer.&lt;/p&gt;\n\n&lt;p&gt;There are broadly two types of intelligence officer: the first are those who operate under &amp;#39;legal&amp;#39; cover, commonly as diplomats or embassy employees. These officers conceal their espionage work behind the facade of other, more mundane government work. The second are those who work under &amp;#39;illegal&amp;#39; cover (the US intelligence community uses the term &amp;#39;non-official cover&amp;#39;); they are outwardly not government employees, and thus do not have diplomatic protection \u2014 but they&amp;#39;re also less likely to attract the attention of foreign counterintelligence services. &lt;/p&gt;\n\n&lt;p&gt;In the KGB, foreign operations were the purview of the First Chief Directorate, a vast service-within-a-service with myriad sub-departments \u2014 some responsible for specific geographical areas (eg. First Department, responsible for North America), others for specific types of intelligence (eg. Directorate T, responsible for scientific and technological intelligence.) &lt;/p&gt;\n\n&lt;p&gt;In &lt;em&gt;The Americans,&lt;/em&gt; Philip and Elizabeth Jennings are portrayed as working for Directorate S \u2014 which did indeed exist, and was responsible for managing the KGB&amp;#39;s &amp;#39;illegals&amp;#39;. Directorate S officers were unusual in that they typically posed as foreign nationals, using elaborately-constructed &amp;#39;legends&amp;#39; to conceal their Soviet ties.&lt;/p&gt;\n\n&lt;p&gt;Directorate S was a particularly secretive department within a notoriously secret service, but we do now have significant information about its organisation and operations. In 1992, a KGB officer named Vasili Mitrokhin, who had spent more than a decade supervising the KGB&amp;#39;s archives, defected to the UK \u2014 bringing with him thousands of pages of copies and notes he had made on the archives, particularly those of Directorate S.&lt;/p&gt;\n\n&lt;p&gt;Mitrokhin has subsequently worked with Christopher Andrew, one of the world&amp;#39;s pre-eminent intelligence historians, on two superb histories of the KGB&amp;#39;s foreign operations \u2014  &lt;a href=\"https://books.google.ca/books?id=wVndU5P4V-8C\"&gt;&lt;em&gt;The Sword and the Shield: The Mitrokhin Archive and the Secret History of the KGB&lt;/em&gt;&lt;/a&gt; and &lt;a href=\"https://books.google.ca/books?id=Msx8swEACAAJ\"&gt;&lt;em&gt;The World Was Going Our Way: The KGB and the Battle for the the Third World&lt;/em&gt;&lt;/a&gt;. According to Andrew &amp;amp; Mitrokhin:&lt;/p&gt;\n\n&lt;blockquote&gt;\n&lt;p&gt;The illegals retained a curious mystique within the KGB. Before being posted abroad, every illegal officer was required to swear a solemn, if somewhat melodramatic, oath:        &lt;/p&gt;\n\n&lt;p&gt;&amp;quot;Deeply valuing the trust placed upon me by the Party and the fatherland, and imbued with a sense of intense gratitude for the decision to send me to the sharp edge of the struggle for the interest of my people... as a worthy son of the homeland, I would rather perish than betray the secrets entrusted to me or put into the hand of the adversary materials which could cause political harm to the interests of the State. With every heartbeat, with every day that passes, I swear to serve the Party, the homeland, and the Soviet people.&amp;quot;&lt;/p&gt;\n&lt;/blockquote&gt;\n\n&lt;p&gt;(If that oath sounds faintly familiar to fans of &lt;em&gt;The Americans&lt;/em&gt;, it&amp;#39;s because it&amp;#39;s recited verbatim in S01E12!)&lt;/p&gt;\n\n&lt;p&gt;Early KGB &amp;#39;illegals&amp;#39; were commonly European communists, and were responsible for some of Soviet intelligence&amp;#39;s most outstanding successes; Arnold Deutsch, an Austrian working in the UK under academic cover in the 1930s, recruited and handled the Cambridge Five, arguably the best-placed agents the Soviets ever recruited in the west. Deutsch&amp;#39;s successor as the Cambridge ring&amp;#39;s controller, Theodore Maly, was a former priest originally from Romania. &lt;/p&gt;\n\n&lt;p&gt;Soviet intelligence would spend decades attempting to replicate the success of the &amp;#39;Great Illegals&amp;#39; of the 1930s and 1940s, investing significant energy in recruiting and training these officers. Quoting from Jonathan Haslam&amp;#39;s &lt;a href=\"https://books.google.ca/books?id=kgl4BgAAQBAJ\"&gt;&lt;em&gt;Near and Distant Neighbours&lt;/em&gt;&lt;/a&gt;:&lt;/p&gt;\n\n&lt;blockquote&gt;\n&lt;p&gt;It took at least seven years to train an illegal from scratch so that he or she would pass unnoticed. Moreover, life under deep cover was very demanding. The illegal had \u201cto act no differently from the inhabitants of the country where he lives,\u201d Yuri Drozdov, former head of illegals, reminds us. \u201cIn illegal intelligence there is no privacy, almost everything will be painful and uncomfortable if one does not submit oneself to the demands of the service. Above all one must be completely open and account for everything one does, including one\u2019s personal life.\u201d&lt;/p&gt;\n&lt;/blockquote&gt;\n\n&lt;p&gt;The best-known of the KGB&amp;#39;s &amp;#39;illegals&amp;#39; was Rudolf Abel \u2014 real name William Fisher, born in Britain to Russian parents. In the late 1940s he was recruited to become an illegal in the MGB (predecessor to the KGB), and dispatched to the United States. Christopher Andrew&amp;#39;s account of Fisher&amp;#39;s infiltration illustrates the painstaking effort taken to conceal his true identity:&lt;/p&gt;\n\n&lt;blockquote&gt;\n&lt;p&gt;His legend was unusually complicated. Fisher assumed one identity during his journey to the United States in 1948 and another shortly after his arrival. The first identity was that of Andrei Yurgesovich Kayotis, a Lithuanian born in 1895 who had emigrated to the United States and become an American citizen. In November 1947 Kayotis crossed the Atlantic to visit relatives in Europe. While he was in Denmark, the Soviet embassy issued a travel document enabling him to visit Russia and retained his passport for use by Fisher. In October 1948 Fisher traveled to Warsaw on a Soviet passport, then traveled on Kayotis\u2019s passport via Czechoslovakia and Switzerland to Paris, where he purchased a transatlantic ticket on the SS &lt;em&gt;Scythia.&lt;/em&gt; On November 6 he set sail from Le Havre to Quebec, traveled on to Montreal and\u2014still using Kayotis\u2019s passport\u2014crossed into the United States on November 17.&lt;/p&gt;\n&lt;/blockquote&gt;\n\n&lt;p&gt;The legacy of the &amp;#39;illegals&amp;#39; has continued even after the end of the Cold War: Directorate S continues to exist as part of SVR, Russia&amp;#39;s present-day foreign intelligence service, formed from the First Chief Directorate after the dissolution of the KGB. In 2010, in a case that was the primary inspiration for &lt;em&gt;The Americans&lt;/em&gt;, the FBI &lt;a href=\"https://www.fbi.gov/news/stories/operation-ghost-stories-inside-the-russian-spy-case\"&gt;arrested ten SVR illegals in the United States&lt;/a&gt; \u2014 eight of them married couples.&lt;/p&gt;\n&lt;/div&gt;", "gildings": {"gid_1": 1}, "collapsed_reason": null, "associated_award": null, "stickied": false, "author_premium": false, "subreddit_type": "public", "can_gild": true, "top_awarded_type": null, "approved": false, "author_flair_text_color": "light", "score_hidden": false, "permalink": "/r/AskHistorians/comments/l9q90x/how_realistic_is_the_depiction_of_kgb_spies_in/glkyq3r/", "num_reports": null, "locked": false, "name": "t1_glkyq3r", "created": 1612201323.0, "subreddit": "AskHistorians", "author_flair_text": "Intelligence and Espionage | Spanish Civil War", "treatment_tags": [], "spam": false, "created_utc": 1612172523.0, "subreddit_name_prefixed": "r/AskHistorians", "controversiality": 0, "depth": 0, "author_flair_background_color": "#006600", "collapsed_because_crowd_control": null, "mod_reports": [], "mod_note": null, "distinguished": null}}, {"kind": "t1", "data": {"total_awards_received": 0, "approved_at_utc": null, "comment_type": null, "awarders": [], "mod_reason_by": null, "banned_by": null, "ups": 40, "removal_reason": null, "link_id": "t3_l9q90x", "author_flair_template_id": null, "likes": null, "replies": "", "user_reports": [], "saved": false, "id": "glklir4", "banned_at_utc": null, "mod_reason_title": null, "gilded": 0, "archived": false, "removed": true, "no_follow": true, "author": "[deleted]", "can_mod_post": false, "send_replies": true, "parent_id": "t3_l9q90x", "score": 40, "approved_by": null, "report_reasons": null, "ignore_reports": false, "all_awardings": [], "subreddit_id": "t5_2ssp3", "body": "[removed]", "edited": 1612161942.0, "downs": 0, "author_flair_css_class": null, "collapsed": true, "is_submitter": false, "body_html": "&lt;div class=\"md\"&gt;&lt;p&gt;[removed]&lt;/p&gt;\n&lt;/div&gt;", "gildings": {}, "collapsed_reason": null, "associated_award": null, "stickied": false, "subreddit_type": "public", "can_gild": true, "top_awarded_type": null, "approved": false, "author_flair_text_color": "dark", "score_hidden": false, "permalink": "/r/AskHistorians/comments/l9q90x/how_realistic_is_the_depiction_of_kgb_spies_in/glklir4/", "num_reports": null, "locked": false, "name": "t1_glklir4", "created": 1612190470.0, "subreddit": "AskHistorians", "author_flair_text": null, "treatment_tags": [], "spam": false, "created_utc": 1612161670.0, "subreddit_name_prefixed": "r/AskHistorians", "controversiality": 0, "depth": 0, "author_flair_background_color": "", "collapsed_because_crowd_control": null, "mod_reports": [], "mod_note": null, "distinguished": null}}], "after": null, "before": null}}]