[{"kind": "Listing", "data": {"modhash": null, "dist": 1, "children": [{"kind": "t3", "data": {"author_flair_background_color": null, "approved_at_utc": null, "subreddit": "AskHistorians", "selftext": "In 1960s, the USD/DEM exchange rate was stable, hovering around DEM 4=$1. But in 1973, DEM/USD exchange rate dropped below 3 (1973 DEM 2.659=$1), and in 1995, it was even below DEM 1.4=$1 at times, and at the time of virtual changeover to Euro (12/31/1998), it was DEM 1.67261=$1.\n\nAnd in 1965, the Deutschmark was at 0.17% the fourth largest reserve currency in the world after USD (72.93%), British pound (25.76%) and French franc (1.11%). But by 1975, GBP had fallen to 3.42%, while DEM at 6.62% had risen to second largest where it would remain until Euro changeover - almost hitting 20% (19.83%) in 1990, and at the time of changeover in 1998 was 13.8%.", "user_reports": [], "saved": false, "mod_reason_title": null, "gilded": 0, "clicked": false, "title": "How did the German mark become stronger in the 1970s?", "link_flair_richtext": [], "subreddit_name_prefixed": "r/AskHistorians", "hidden": false, "pwls": 6, "link_flair_css_class": null, "downs": 0, "top_awarded_type": null, "parent_whitelist_status": "all_ads", "hide_score": false, "name": "t3_l9zziw", "quarantine": false, "link_flair_text_color": "dark", "upvote_ratio": 1.0, "ignore_reports": false, "subreddit_type": "public", "ups": 2, "total_awards_received": 0, "media_embed": {}, "author_flair_template_id": null, "is_original_content": false, "author_fullname": "t2_2xqpdmrj", "secure_media": null, "is_reddit_media_domain": false, "is_meta": false, "category": null, "secure_media_embed": {}, "link_flair_text": null, "can_mod_post": false, "score": 2, "approved_by": null, "author_premium": false, "thumbnail": "", "edited": false, "author_flair_css_class": null, "previous_visits": [1620893175.0], "author_flair_richtext": [], "gildings": {}, "content_categories": null, "is_self": true, "mod_note": null, "created": 1612203236.0, "link_flair_type": "text", "wls": 6, "removed_by_category": null, "banned_by": null, "author_flair_type": "text", "domain": "self.AskHistorians", "allow_live_comments": false, "selftext_html": "&lt;!-- SC_OFF --&gt;&lt;div class=\"md\"&gt;&lt;p&gt;In 1960s, the USD/DEM exchange rate was stable, hovering around DEM 4=$1. But in 1973, DEM/USD exchange rate dropped below 3 (1973 DEM 2.659=$1), and in 1995, it was even below DEM 1.4=$1 at times, and at the time of virtual changeover to Euro (12/31/1998), it was DEM 1.67261=$1.&lt;/p&gt;\n\n&lt;p&gt;And in 1965, the Deutschmark was at 0.17% the fourth largest reserve currency in the world after USD (72.93%), British pound (25.76%) and French franc (1.11%). But by 1975, GBP had fallen to 3.42%, while DEM at 6.62% had risen to second largest where it would remain until Euro changeover - almost hitting 20% (19.83%) in 1990, and at the time of changeover in 1998 was 13.8%.&lt;/p&gt;\n&lt;/div&gt;&lt;!-- SC_ON --&gt;", "likes": null, "suggested_sort": null, "banned_at_utc": null, "view_count": null, "archived": false, "no_follow": false, "spam": false, "is_crosspostable": true, "pinned": false, "over_18": false, "all_awardings": [], "awarders": [], "media_only": false, "can_gild": true, "removed": false, "spoiler": false, "locked": false, "author_flair_text": null, "treatment_tags": [], "visited": false, "removed_by": null, "num_reports": null, "distinguished": null, "subreddit_id": "t5_2ssp3", "mod_reason_by": null, "removal_reason": null, "link_flair_background_color": "", "id": "l9zziw", "is_robot_indexable": true, "num_duplicates": 1, "report_reasons": null, "author": "this_is_jim_rockford", "discussion_type": null, "num_comments": 2, "send_replies": true, "media": null, "contest_mode": false, "author_patreon_flair": false, "approved": true, "author_flair_text_color": null, "permalink": "/r/AskHistorians/comments/l9zziw/how_did_the_german_mark_become_stronger_in_the/", "whitelist_status": "all_ads", "stickied": false, "url": "https://www.reddit.com/r/AskHistorians/comments/l9zziw/how_did_the_german_mark_become_stronger_in_the/", "subreddit_subscribers": 1347379, "created_utc": 1612174436.0, "num_crossposts": 0, "mod_reports": [], "is_video": false}}], "after": null, "before": null}}, {"kind": "Listing", "data": {"modhash": null, "dist": null, "children": [{"kind": "t1", "data": {"total_awards_received": 0, "approved_at_utc": null, "comment_type": null, "awarders": [], "mod_reason_by": null, "banned_by": null, "ups": 1, "author_flair_type": "text", "removal_reason": null, "link_id": "t3_l9zziw", "author_flair_template_id": null, "likes": null, "replies": "", "user_reports": [], "saved": false, "id": "gll0vc4", "banned_at_utc": null, "mod_reason_title": null, "gilded": 0, "archived": false, "removed": false, "no_follow": true, "author": "AutoModerator", "can_mod_post": false, "send_replies": false, "parent_id": "t3_l9zziw", "score": 1, "author_fullname": "t2_6l4z3", "report_reasons": null, "approved_by": null, "all_awardings": [], "subreddit_id": "t5_2ssp3", "ignore_reports": false, "body": "Welcome to /r/AskHistorians. **Please [Read Our Rules](https://www.reddit.com/r/AskHistorians/wiki/rules) before you comment in this community**. Understand that [rule breaking comments get removed](https://www.reddit.com/r/AskHistorians/comments/h8aefx/rules_roundtable_xviii_removed_curation_and_why/).\n\n#Please consider **[Clicking Here for RemindMeBot](https://www.reddit.com/message/compose/?to=RemindMeBot&amp;subject=Reminder&amp;message=%5Bhttps://www.reddit.com/r/AskHistorians/comments/l9zziw/how_did_the_german_mark_become_stronger_in_the/%5D%0A%0ARemindMe!%202%20days)** as it takes time for an answer to be written. \n\nWe thank you for your interest in this *question*, and your patience in waiting for an in-depth and comprehensive answer to show up. In addition to RemindMeBot, consider [using our Browser Extension](https://www.reddit.com/r/AskHistorians/comments/d6dzi7/tired_of_clicking_to_find_only_removed_comments/), or getting the [Weekly Roundup](https://www.reddit.com/message/compose?to=subredditsummarybot&amp;subject=askhistorians+weekly&amp;message=x). In the meantime our [Twitter](https://twitter.com/askhistorians), [Facebook](https://www.facebook.com/askhistorians/), and [Sunday Digest](https://www.reddit.com/r/AskHistorians/search?q=title%3A%22Sunday+Digest%22&amp;restrict_sr=on&amp;sort=new&amp;t=all) feature excellent content that has already been written!\n\n\n*I am a bot, and this action was performed automatically. Please [contact the moderators of this subreddit](/message/compose/?to=/r/AskHistorians) if you have any questions or concerns.*", "edited": false, "downs": 0, "author_flair_css_class": null, "is_submitter": false, "collapsed": false, "author_flair_richtext": [], "author_patreon_flair": false, "body_html": "&lt;div class=\"md\"&gt;&lt;p&gt;Welcome to &lt;a href=\"/r/AskHistorians\"&gt;/r/AskHistorians&lt;/a&gt;. &lt;strong&gt;Please &lt;a href=\"https://www.reddit.com/r/AskHistorians/wiki/rules\"&gt;Read Our Rules&lt;/a&gt; before you comment in this community&lt;/strong&gt;. Understand that &lt;a href=\"https://www.reddit.com/r/AskHistorians/comments/h8aefx/rules_roundtable_xviii_removed_curation_and_why/\"&gt;rule breaking comments get removed&lt;/a&gt;.&lt;/p&gt;\n\n&lt;h1&gt;Please consider &lt;strong&gt;&lt;a href=\"https://www.reddit.com/message/compose/?to=RemindMeBot&amp;amp;subject=Reminder&amp;amp;message=%5Bhttps://www.reddit.com/r/AskHistorians/comments/l9zziw/how_did_the_german_mark_become_stronger_in_the/%5D%0A%0ARemindMe!%202%20days\"&gt;Clicking Here for RemindMeBot&lt;/a&gt;&lt;/strong&gt; as it takes time for an answer to be written.&lt;/h1&gt;\n\n&lt;p&gt;We thank you for your interest in this &lt;em&gt;question&lt;/em&gt;, and your patience in waiting for an in-depth and comprehensive answer to show up. In addition to RemindMeBot, consider &lt;a href=\"https://www.reddit.com/r/AskHistorians/comments/d6dzi7/tired_of_clicking_to_find_only_removed_comments/\"&gt;using our Browser Extension&lt;/a&gt;, or getting the &lt;a href=\"https://www.reddit.com/message/compose?to=subredditsummarybot&amp;amp;subject=askhistorians+weekly&amp;amp;message=x\"&gt;Weekly Roundup&lt;/a&gt;. In the meantime our &lt;a href=\"https://twitter.com/askhistorians\"&gt;Twitter&lt;/a&gt;, &lt;a href=\"https://www.facebook.com/askhistorians/\"&gt;Facebook&lt;/a&gt;, and &lt;a href=\"https://www.reddit.com/r/AskHistorians/search?q=title%3A%22Sunday+Digest%22&amp;amp;restrict_sr=on&amp;amp;sort=new&amp;amp;t=all\"&gt;Sunday Digest&lt;/a&gt; feature excellent content that has already been written!&lt;/p&gt;\n\n&lt;p&gt;&lt;em&gt;I am a bot, and this action was performed automatically. Please &lt;a href=\"/message/compose/?to=/r/AskHistorians\"&gt;contact the moderators of this subreddit&lt;/a&gt; if you have any questions or concerns.&lt;/em&gt;&lt;/p&gt;\n&lt;/div&gt;", "gildings": {}, "collapsed_reason": null, "associated_award": null, "stickied": true, "author_premium": true, "subreddit_type": "public", "can_gild": true, "top_awarded_type": null, "approved": false, "author_flair_text_color": null, "score_hidden": false, "permalink": "/r/AskHistorians/comments/l9zziw/how_did_the_german_mark_become_stronger_in_the/gll0vc4/", "num_reports": null, "locked": true, "name": "t1_gll0vc4", "created": 1612203236.0, "subreddit": "AskHistorians", "author_flair_text": null, "treatment_tags": [], "spam": false, "created_utc": 1612174436.0, "subreddit_name_prefixed": "r/AskHistorians", "controversiality": 0, "depth": 0, "author_flair_background_color": null, "collapsed_because_crowd_control": null, "mod_reports": [], "mod_note": null, "distinguished": "moderator"}}, {"kind": "t1", "data": {"total_awards_received": 0, "approved_at_utc": null, "comment_type": null, "awarders": [], "mod_reason_by": null, "banned_by": null, "ups": 2, "author_flair_type": "text", "removal_reason": null, "link_id": "t3_l9zziw", "author_flair_template_id": null, "likes": null, "replies": "", "user_reports": [], "saved": false, "id": "glljsr6", "banned_at_utc": null, "mod_reason_title": null, "gilded": 0, "archived": false, "removed": false, "no_follow": true, "author": "An_Oxygen_Consumer", "can_mod_post": false, "send_replies": true, "parent_id": "t3_l9zziw", "score": 2, "author_fullname": "t2_hf78394", "report_reasons": null, "approved_by": null, "all_awardings": [], "subreddit_id": "t5_2ssp3", "ignore_reports": false, "body": "There are two factors that explain this: low amd stable inflation and a postive current account.\n\nLet's start from the first: one of the critical elements in the downfall of the weimar republic had been the hyperinflation that Germany experienced that severly damaged the credibility of the state, thus when it came to rebuild the state after the second world war the german CB had a strong anti-inflationary bias. In fact, while other countries in europe and america used inflation to reduce the debt and stimulate the economy (it was widely believed at the time that inflation automatically increased output, the so called Philip curve, now we know that it is no so simple), Germany kept generally inflation under 5% with few peaks usually related to exogenous events (such as the oil crisis). This reinforced the idea of the mark as a strong and stable currency, and so while others devalued (the UK and Italy for instance often run inflation in the duble digits), the german mark remained fairly stable\n\nMoreover Germany quickly recovered from the war and started to export its goods around the world in world, which caused the current account to be positive, this meant that money is flowing out of the country (to accumulate foreign assets), this increases the value of the currency because foreigners are buying it to buy your goods. Finally in the 1979, the members of the European community created the European Monetary system, a system of linked currency pegged to a virtual common currency and this forced CBs to accumulate marks to be able to sell it at a given rate. This explains both the appreciation of the mark and the increase in reserves of marks held at CBs.", "edited": false, "downs": 0, "author_flair_css_class": null, "is_submitter": false, "collapsed": false, "author_flair_richtext": [], "author_patreon_flair": false, "body_html": "&lt;div class=\"md\"&gt;&lt;p&gt;There are two factors that explain this: low amd stable inflation and a postive current account.&lt;/p&gt;\n\n&lt;p&gt;Let&amp;#39;s start from the first: one of the critical elements in the downfall of the weimar republic had been the hyperinflation that Germany experienced that severly damaged the credibility of the state, thus when it came to rebuild the state after the second world war the german CB had a strong anti-inflationary bias. In fact, while other countries in europe and america used inflation to reduce the debt and stimulate the economy (it was widely believed at the time that inflation automatically increased output, the so called Philip curve, now we know that it is no so simple), Germany kept generally inflation under 5% with few peaks usually related to exogenous events (such as the oil crisis). This reinforced the idea of the mark as a strong and stable currency, and so while others devalued (the UK and Italy for instance often run inflation in the duble digits), the german mark remained fairly stable&lt;/p&gt;\n\n&lt;p&gt;Moreover Germany quickly recovered from the war and started to export its goods around the world in world, which caused the current account to be positive, this meant that money is flowing out of the country (to accumulate foreign assets), this increases the value of the currency because foreigners are buying it to buy your goods. Finally in the 1979, the members of the European community created the European Monetary system, a system of linked currency pegged to a virtual common currency and this forced CBs to accumulate marks to be able to sell it at a given rate. This explains both the appreciation of the mark and the increase in reserves of marks held at CBs.&lt;/p&gt;\n&lt;/div&gt;", "gildings": {}, "collapsed_reason": null, "associated_award": null, "stickied": false, "author_premium": false, "subreddit_type": "public", "can_gild": true, "top_awarded_type": null, "approved": false, "author_flair_text_color": null, "score_hidden": false, "permalink": "/r/AskHistorians/comments/l9zziw/how_did_the_german_mark_become_stronger_in_the/glljsr6/", "num_reports": null, "locked": false, "name": "t1_glljsr6", "created": 1612216656.0, "subreddit": "AskHistorians", "author_flair_text": null, "treatment_tags": [], "spam": false, "created_utc": 1612187856.0, "subreddit_name_prefixed": "r/AskHistorians", "controversiality": 0, "depth": 0, "author_flair_background_color": null, "collapsed_because_crowd_control": null, "mod_reports": [], "mod_note": null, "distinguished": null}}], "after": null, "before": null}}]