[{"kind": "Listing", "data": {"modhash": "", "dist": 1, "children": [{"kind": "t3", "data": {"approved_at_utc": null, "subreddit": "AskHistorians", "selftext": "The Roman Empire is seen as the great forebearer of European culture and civilization, with nearly every European state seeking to emulate it in some way. However, Rome also encompassed a great deal of what we would consider today to be a part of the Muslim world, such as Egypt, the Levant, and North Africa. My question is, how is the legacy of the Roman Empire viewed in the popular imagination of these regions by Muslims? I know the Ottoman Empire, at least early on, claimed to be a successor to Rome by Mehmed II, but what about the caliphates and other empires in the region?", "user_reports": [], "saved": false, "mod_reason_title": null, "gilded": 0, "clicked": false, "title": "What role does the Roman Empire play in the culture of the Islamic world?", "link_flair_richtext": [], "subreddit_name_prefixed": "r/AskHistorians", "hidden": false, "pwls": 6, "link_flair_css_class": null, "downs": 0, "top_awarded_type": null, "parent_whitelist_status": "all_ads", "hide_score": false, "name": "t3_la7vfe", "quarantine": false, "link_flair_text_color": "dark", "upvote_ratio": 0.99, "author_flair_background_color": null, "subreddit_type": "public", "ups": 137, "total_awards_received": 0, "media_embed": {}, "author_flair_template_id": null, "is_original_content": false, "author_fullname": "t2_2r14j4ey", "secure_media": null, "is_reddit_media_domain": false, "is_meta": false, "category": null, "secure_media_embed": {}, "link_flair_text": null, "can_mod_post": false, "score": 137, "approved_by": null, "author_premium": false, "thumbnail": "", "edited": false, "author_flair_css_class": null, "author_flair_richtext": [], "gildings": {}, "content_categories": null, "is_self": true, "mod_note": null, "created": 1612227407.0, "link_flair_type": "text", "wls": 6, "removed_by_category": null, "banned_by": null, "author_flair_type": "text", "domain": "self.AskHistorians", "allow_live_comments": true, "selftext_html": "&lt;!-- SC_OFF --&gt;&lt;div class=\"md\"&gt;&lt;p&gt;The Roman Empire is seen as the great forebearer of European culture and civilization, with nearly every European state seeking to emulate it in some way. However, Rome also encompassed a great deal of what we would consider today to be a part of the Muslim world, such as Egypt, the Levant, and North Africa. My question is, how is the legacy of the Roman Empire viewed in the popular imagination of these regions by Muslims? I know the Ottoman Empire, at least early on, claimed to be a successor to Rome by Mehmed II, but what about the caliphates and other empires in the region?&lt;/p&gt;\n&lt;/div&gt;&lt;!-- SC_ON --&gt;", "likes": null, "suggested_sort": null, "banned_at_utc": null, "view_count": null, "archived": false, "no_follow": false, "is_crosspostable": false, "pinned": false, "over_18": false, "all_awardings": [], "awarders": [], "media_only": false, "can_gild": false, "spoiler": false, "locked": false, "author_flair_text": null, "treatment_tags": [], "visited": false, "removed_by": null, "num_reports": null, "distinguished": null, "subreddit_id": "t5_2ssp3", "mod_reason_by": null, "removal_reason": null, "link_flair_background_color": "", "id": "la7vfe", "is_robot_indexable": true, "num_duplicates": 1, "report_reasons": null, "author": "Slipslime", "discussion_type": null, "num_comments": 8, "send_replies": true, "media": null, "contest_mode": false, "author_patreon_flair": false, "author_flair_text_color": null, "permalink": "/r/AskHistorians/comments/la7vfe/what_role_does_the_roman_empire_play_in_the/", "whitelist_status": "all_ads", "stickied": false, "url": "https://www.reddit.com/r/AskHistorians/comments/la7vfe/what_role_does_the_roman_empire_play_in_the/", "subreddit_subscribers": 1329469, "created_utc": 1612198607.0, "num_crossposts": 0, "mod_reports": [], "is_video": false}}], "after": null, "before": null}}, {"kind": "Listing", "data": {"modhash": "", "dist": null, "children": [{"kind": "t1", "data": {"total_awards_received": 0, "approved_at_utc": null, "comment_type": null, "awarders": [], "mod_reason_by": null, "banned_by": null, "ups": 1, "author_flair_type": "text", "removal_reason": null, "link_id": "t3_la7vfe", "author_flair_template_id": null, "likes": null, "replies": "", "user_reports": [], "saved": false, "id": "glmb5vm", "banned_at_utc": null, "mod_reason_title": null, "gilded": 0, "archived": false, "no_follow": true, "author": "AutoModerator", "can_mod_post": false, "send_replies": false, "parent_id": "t3_la7vfe", "score": 1, "author_fullname": "t2_6l4z3", "report_reasons": null, "approved_by": null, "all_awardings": [], "subreddit_id": "t5_2ssp3", "body": "Welcome to /r/AskHistorians. **Please [Read Our Rules](https://www.reddit.com/r/AskHistorians/wiki/rules) before you comment in this community**. Understand that [rule breaking comments get removed](https://www.reddit.com/r/AskHistorians/comments/h8aefx/rules_roundtable_xviii_removed_curation_and_why/).\n\n#Please consider **[Clicking Here for RemindMeBot](https://www.reddit.com/message/compose/?to=RemindMeBot&amp;subject=Reminder&amp;message=%5Bhttps://www.reddit.com/r/AskHistorians/comments/la7vfe/what_role_does_the_roman_empire_play_in_the/%5D%0A%0ARemindMe!%202%20days)** as it takes time for an answer to be written. \n\nWe thank you for your interest in this *question*, and your patience in waiting for an in-depth and comprehensive answer to show up. In addition to RemindMeBot, consider [using our Browser Extension](https://www.reddit.com/r/AskHistorians/comments/d6dzi7/tired_of_clicking_to_find_only_removed_comments/), or getting the [Weekly Roundup](https://www.reddit.com/message/compose?to=subredditsummarybot&amp;subject=askhistorians+weekly&amp;message=x). In the meantime our [Twitter](https://twitter.com/askhistorians), [Facebook](https://www.facebook.com/askhistorians/), and [Sunday Digest](https://www.reddit.com/r/AskHistorians/search?q=title%3A%22Sunday+Digest%22&amp;restrict_sr=on&amp;sort=new&amp;t=all) feature excellent content that has already been written!\n\n\n*I am a bot, and this action was performed automatically. Please [contact the moderators of this subreddit](/message/compose/?to=/r/AskHistorians) if you have any questions or concerns.*", "edited": false, "downs": 0, "author_flair_css_class": null, "is_submitter": false, "collapsed": false, "author_flair_richtext": [], "author_patreon_flair": false, "body_html": "&lt;div class=\"md\"&gt;&lt;p&gt;Welcome to &lt;a href=\"/r/AskHistorians\"&gt;/r/AskHistorians&lt;/a&gt;. &lt;strong&gt;Please &lt;a href=\"https://www.reddit.com/r/AskHistorians/wiki/rules\"&gt;Read Our Rules&lt;/a&gt; before you comment in this community&lt;/strong&gt;. Understand that &lt;a href=\"https://www.reddit.com/r/AskHistorians/comments/h8aefx/rules_roundtable_xviii_removed_curation_and_why/\"&gt;rule breaking comments get removed&lt;/a&gt;.&lt;/p&gt;\n\n&lt;h1&gt;Please consider &lt;strong&gt;&lt;a href=\"https://www.reddit.com/message/compose/?to=RemindMeBot&amp;amp;subject=Reminder&amp;amp;message=%5Bhttps://www.reddit.com/r/AskHistorians/comments/la7vfe/what_role_does_the_roman_empire_play_in_the/%5D%0A%0ARemindMe!%202%20days\"&gt;Clicking Here for RemindMeBot&lt;/a&gt;&lt;/strong&gt; as it takes time for an answer to be written.&lt;/h1&gt;\n\n&lt;p&gt;We thank you for your interest in this &lt;em&gt;question&lt;/em&gt;, and your patience in waiting for an in-depth and comprehensive answer to show up. In addition to RemindMeBot, consider &lt;a href=\"https://www.reddit.com/r/AskHistorians/comments/d6dzi7/tired_of_clicking_to_find_only_removed_comments/\"&gt;using our Browser Extension&lt;/a&gt;, or getting the &lt;a href=\"https://www.reddit.com/message/compose?to=subredditsummarybot&amp;amp;subject=askhistorians+weekly&amp;amp;message=x\"&gt;Weekly Roundup&lt;/a&gt;. In the meantime our &lt;a href=\"https://twitter.com/askhistorians\"&gt;Twitter&lt;/a&gt;, &lt;a href=\"https://www.facebook.com/askhistorians/\"&gt;Facebook&lt;/a&gt;, and &lt;a href=\"https://www.reddit.com/r/AskHistorians/search?q=title%3A%22Sunday+Digest%22&amp;amp;restrict_sr=on&amp;amp;sort=new&amp;amp;t=all\"&gt;Sunday Digest&lt;/a&gt; feature excellent content that has already been written!&lt;/p&gt;\n\n&lt;p&gt;&lt;em&gt;I am a bot, and this action was performed automatically. Please &lt;a href=\"/message/compose/?to=/r/AskHistorians\"&gt;contact the moderators of this subreddit&lt;/a&gt; if you have any questions or concerns.&lt;/em&gt;&lt;/p&gt;\n&lt;/div&gt;", "gildings": {}, "collapsed_reason": null, "associated_award": null, "stickied": true, "author_premium": true, "subreddit_type": "public", "can_gild": true, "top_awarded_type": null, "author_flair_text_color": null, "score_hidden": true, "permalink": "/r/AskHistorians/comments/la7vfe/what_role_does_the_roman_empire_play_in_the/glmb5vm/", "num_reports": null, "locked": true, "name": "t1_glmb5vm", "created": 1612227407.0, "subreddit": "AskHistorians", "author_flair_text": null, "treatment_tags": [], "created_utc": 1612198607.0, "subreddit_name_prefixed": "r/AskHistorians", "controversiality": 0, "depth": 0, "author_flair_background_color": null, "collapsed_because_crowd_control": null, "mod_reports": [], "mod_note": null, "distinguished": "moderator"}}, {"kind": "t1", "data": {"total_awards_received": 0, "approved_at_utc": null, "comment_type": null, "awarders": [], "mod_reason_by": null, "banned_by": null, "ups": 106, "author_flair_type": "text", "removal_reason": null, "link_id": "t3_la7vfe", "author_flair_template_id": null, "likes": null, "replies": {"kind": "Listing", "data": {"modhash": "", "dist": null, "children": [{"kind": "t1", "data": {"total_awards_received": 0, "approved_at_utc": null, "comment_type": null, "awarders": [], "mod_reason_by": null, "banned_by": null, "ups": 25, "author_flair_type": "text", "removal_reason": null, "link_id": "t3_la7vfe", "author_flair_template_id": null, "likes": null, "replies": {"kind": "Listing", "data": {"modhash": "", "dist": null, "children": [{"kind": "t1", "data": {"total_awards_received": 0, "approved_at_utc": null, "comment_type": null, "awarders": [], "mod_reason_by": null, "banned_by": null, "ups": 28, "author_flair_type": "text", "removal_reason": null, "link_id": "t3_la7vfe", "author_flair_template_id": null, "likes": null, "replies": {"kind": "Listing", "data": {"modhash": "", "dist": null, "children": [{"kind": "t1", "data": {"total_awards_received": 0, "approved_at_utc": null, "comment_type": null, "awarders": [], "mod_reason_by": null, "banned_by": null, "ups": 9, "author_flair_type": "text", "removal_reason": null, "link_id": "t3_la7vfe", "author_flair_template_id": null, "likes": null, "replies": "", "user_reports": [], "saved": false, "id": "glo9l5b", "banned_at_utc": null, "mod_reason_title": null, "gilded": 0, "archived": false, "no_follow": false, "author": "WennyWeedyWiki", "can_mod_post": false, "send_replies": true, "parent_id": "t1_glnxoko", "score": 9, "author_fullname": "t2_7gs1i46g", "report_reasons": null, "approved_by": null, "all_awardings": [], "subreddit_id": "t5_2ssp3", "body": "Thanks for your answer. Would you be able to go at all into this: \"That's a great thought. In a way, yes! Although, Europe's Greco-Roman connection is fairly unique and warrants an entirely different conversation.\"?\n\nWhat makes it unique?", "edited": false, "downs": 0, "author_flair_css_class": null, "is_submitter": false, "collapsed": false, "author_flair_richtext": [], "author_patreon_flair": false, "body_html": "&lt;div class=\"md\"&gt;&lt;p&gt;Thanks for your answer. Would you be able to go at all into this: &amp;quot;That&amp;#39;s a great thought. In a way, yes! Although, Europe&amp;#39;s Greco-Roman connection is fairly unique and warrants an entirely different conversation.&amp;quot;?&lt;/p&gt;\n\n&lt;p&gt;What makes it unique?&lt;/p&gt;\n&lt;/div&gt;", "gildings": {}, "collapsed_reason": null, "associated_award": null, "stickied": false, "author_premium": false, "subreddit_type": "public", "can_gild": true, "top_awarded_type": null, "author_flair_text_color": null, "score_hidden": false, "permalink": "/r/AskHistorians/comments/la7vfe/what_role_does_the_roman_empire_play_in_the/glo9l5b/", "num_reports": null, "locked": false, "name": "t1_glo9l5b", "created": 1612255924.0, "subreddit": "AskHistorians", "author_flair_text": null, "treatment_tags": [], "created_utc": 1612227124.0, "subreddit_name_prefixed": "r/AskHistorians", "controversiality": 0, "depth": 3, "author_flair_background_color": null, "collapsed_because_crowd_control": null, "mod_reports": [], "mod_note": null, "distinguished": null}}, {"kind": "t1", "data": {"total_awards_received": 0, "approved_at_utc": null, "comment_type": null, "awarders": [], "mod_reason_by": null, "banned_by": null, "ups": 1, "author_flair_type": "text", "removal_reason": null, "link_id": "t3_la7vfe", "author_flair_template_id": null, "likes": null, "replies": "", "user_reports": [], "saved": false, "id": "gmc5z0b", "banned_at_utc": null, "mod_reason_title": null, "gilded": 0, "archived": false, "no_follow": true, "author": "HermanCainsGhost", "can_mod_post": false, "send_replies": true, "parent_id": "t1_glnxoko", "score": 1, "author_fullname": "t2_8fij91mz", "report_reasons": null, "approved_by": null, "all_awardings": [], "subreddit_id": "t5_2ssp3", "body": "&gt; Although, Europe's Greco-Roman connection is fairly unique and warrants an entirely different conversation.\n\nCan you go into this a little more?", "edited": false, "downs": 0, "author_flair_css_class": null, "is_submitter": false, "collapsed": false, "author_flair_richtext": [], "author_patreon_flair": false, "body_html": "&lt;div class=\"md\"&gt;&lt;blockquote&gt;\n&lt;p&gt;Although, Europe&amp;#39;s Greco-Roman connection is fairly unique and warrants an entirely different conversation.&lt;/p&gt;\n&lt;/blockquote&gt;\n\n&lt;p&gt;Can you go into this a little more?&lt;/p&gt;\n&lt;/div&gt;", "gildings": {}, "collapsed_reason": null, "associated_award": null, "stickied": false, "author_premium": false, "subreddit_type": "public", "can_gild": true, "top_awarded_type": null, "author_flair_text_color": null, "score_hidden": false, "permalink": "/r/AskHistorians/comments/la7vfe/what_role_does_the_roman_empire_play_in_the/gmc5z0b/", "num_reports": null, "locked": false, "name": "t1_gmc5z0b", "created": 1612700231.0, "subreddit": "AskHistorians", "author_flair_text": null, "treatment_tags": [], "created_utc": 1612671431.0, "subreddit_name_prefixed": "r/AskHistorians", "controversiality": 0, "depth": 3, "author_flair_background_color": null, "collapsed_because_crowd_control": null, "mod_reports": [], "mod_note": null, "distinguished": null}}], "after": null, "before": null}}, "user_reports": [], "saved": false, "id": "glnxoko", "banned_at_utc": null, "mod_reason_title": null, "gilded": 0, "archived": false, "no_follow": false, "author": "NoliTimereMessorem_", "can_mod_post": false, "created_utc": 1612221620.0, "send_replies": true, "parent_id": "t1_glnjgfu", "score": 28, "author_fullname": "t2_9va63zia", "report_reasons": null, "approved_by": null, "all_awardings": [], "subreddit_id": "t5_2ssp3", "body": "That's a great thought. In a way, yes! Although, Europe's Greco-Roman connection is fairly unique and warrants an entirely different conversation. \n\nThe Arabs were aware of the civilizational superiority of the Persians. The Abbasid Caliph Al-Ma'mun is famously quoted by saying: \n\n*\"The Persians ruled for a thousand years and did not need us Arabs even for a day. We have been ruling them for one or two centuries and cannot do without them for an hour.\"*\n\nThe Islamic world is incredibly diverse. Morocco was not \"Persianized\" like Turkey or Mughal India were. \n\nThe heartland of the Islamic realm - Iraq, the Levant, Persia, Central Asia and Anatolia all experienced being ruled by Turkic Peoples and various ethnic groups from central Asia at some point. The various groups of  central Asia (primarily Turks) were all converted by the Persians into a very Persian type of Islam. The Seljuk Turks, who would end up conquering Anatolia and Constantinople, were heavily Persianized. Even the Mongols that conquered Islamic lands became Persianized. \n\nThe Safavid conversion of Persia to Twelver Shi'ism seemed to isolate them theologically and culturally. Even so, Ottoman Sultans and Mughal elites would continue to recite Persian poetry, and Persian Sufi literature would be consumed from the Indian subcontinent to the hills of Bosnia.\n\nThe collapse of the Ottomans and subsequent rise of the Gulf Arabs bankrolling an \"Arabized\" Salafism across the Sunni world has done great damage in wiping away history and distinct aspects of various Islamic societies.", "edited": 1612222063.0, "author_flair_css_class": null, "is_submitter": false, "downs": 0, "author_flair_richtext": [], "author_patreon_flair": false, "body_html": "&lt;div class=\"md\"&gt;&lt;p&gt;That&amp;#39;s a great thought. In a way, yes! Although, Europe&amp;#39;s Greco-Roman connection is fairly unique and warrants an entirely different conversation. &lt;/p&gt;\n\n&lt;p&gt;The Arabs were aware of the civilizational superiority of the Persians. The Abbasid Caliph Al-Ma&amp;#39;mun is famously quoted by saying: &lt;/p&gt;\n\n&lt;p&gt;&lt;em&gt;&amp;quot;The Persians ruled for a thousand years and did not need us Arabs even for a day. We have been ruling them for one or two centuries and cannot do without them for an hour.&amp;quot;&lt;/em&gt;&lt;/p&gt;\n\n&lt;p&gt;The Islamic world is incredibly diverse. Morocco was not &amp;quot;Persianized&amp;quot; like Turkey or Mughal India were. &lt;/p&gt;\n\n&lt;p&gt;The heartland of the Islamic realm - Iraq, the Levant, Persia, Central Asia and Anatolia all experienced being ruled by Turkic Peoples and various ethnic groups from central Asia at some point. The various groups of  central Asia (primarily Turks) were all converted by the Persians into a very Persian type of Islam. The Seljuk Turks, who would end up conquering Anatolia and Constantinople, were heavily Persianized. Even the Mongols that conquered Islamic lands became Persianized. &lt;/p&gt;\n\n&lt;p&gt;The Safavid conversion of Persia to Twelver Shi&amp;#39;ism seemed to isolate them theologically and culturally. Even so, Ottoman Sultans and Mughal elites would continue to recite Persian poetry, and Persian Sufi literature would be consumed from the Indian subcontinent to the hills of Bosnia.&lt;/p&gt;\n\n&lt;p&gt;The collapse of the Ottomans and subsequent rise of the Gulf Arabs bankrolling an &amp;quot;Arabized&amp;quot; Salafism across the Sunni world has done great damage in wiping away history and distinct aspects of various Islamic societies.&lt;/p&gt;\n&lt;/div&gt;", "gildings": {}, "collapsed_reason": null, "associated_award": null, "stickied": false, "author_premium": false, "subreddit_type": "public", "can_gild": true, "top_awarded_type": null, "author_flair_text_color": null, "score_hidden": false, "permalink": "/r/AskHistorians/comments/la7vfe/what_role_does_the_roman_empire_play_in_the/glnxoko/", "num_reports": null, "locked": false, "name": "t1_glnxoko", "created": 1612250420.0, "subreddit": "AskHistorians", "author_flair_text": null, "treatment_tags": [], "collapsed": false, "subreddit_name_prefixed": "r/AskHistorians", "controversiality": 0, "depth": 2, "author_flair_background_color": null, "collapsed_because_crowd_control": null, "mod_reports": [], "mod_note": null, "distinguished": null}}], "after": null, "before": null}}, "user_reports": [], "saved": false, "id": "glnjgfu", "banned_at_utc": null, "mod_reason_title": null, "gilded": 0, "archived": false, "no_follow": false, "author": "Slipslime", "can_mod_post": false, "send_replies": true, "parent_id": "t1_glmzooa", "score": 25, "author_fullname": "t2_2r14j4ey", "report_reasons": null, "approved_by": null, "all_awardings": [], "subreddit_id": "t5_2ssp3", "collapsed": false, "body": "Thank you for the answer, this is what I was looking for. Would you say that Muslims view the old Persian empires the way Europeans view Rome and the Greeks before them or in a different way entirely?", "edited": false, "author_flair_css_class": null, "is_submitter": true, "downs": 0, "author_flair_richtext": [], "author_patreon_flair": false, "body_html": "&lt;div class=\"md\"&gt;&lt;p&gt;Thank you for the answer, this is what I was looking for. Would you say that Muslims view the old Persian empires the way Europeans view Rome and the Greeks before them or in a different way entirely?&lt;/p&gt;\n&lt;/div&gt;", "gildings": {}, "collapsed_reason": null, "associated_award": null, "stickied": false, "author_premium": false, "subreddit_type": "public", "can_gild": true, "top_awarded_type": null, "author_flair_text_color": null, "score_hidden": false, "permalink": "/r/AskHistorians/comments/la7vfe/what_role_does_the_roman_empire_play_in_the/glnjgfu/", "num_reports": null, "locked": false, "name": "t1_glnjgfu", "created": 1612244450.0, "subreddit": "AskHistorians", "author_flair_text": null, "treatment_tags": [], "created_utc": 1612215650.0, "subreddit_name_prefixed": "r/AskHistorians", "controversiality": 0, "depth": 1, "author_flair_background_color": null, "collapsed_because_crowd_control": null, "mod_reports": [], "mod_note": null, "distinguished": null}}, {"kind": "t1", "data": {"total_awards_received": 0, "approved_at_utc": null, "comment_type": null, "awarders": [], "mod_reason_by": null, "banned_by": null, "ups": 2, "author_flair_type": "text", "removal_reason": null, "link_id": "t3_la7vfe", "author_flair_template_id": null, "likes": null, "replies": "", "user_reports": [], "saved": false, "id": "glozi0u", "banned_at_utc": null, "mod_reason_title": null, "gilded": 0, "archived": false, "no_follow": true, "author": "Revansithlord", "can_mod_post": false, "send_replies": true, "parent_id": "t1_glmzooa", "score": 2, "author_fullname": "t2_4e8vbo8p", "report_reasons": null, "approved_by": null, "all_awardings": [], "subreddit_id": "t5_2ssp3", "collapsed": false, "body": "\nYou are wrong about the Roman identity not trickling down to the average Ottoman muslim as most urban Turkish speaking muslim individuals in the empire would call themselves Rumi which meant roman. Most of the Ottoman empire's Turkish population was of roman descendant whom had been turkified.", "edited": false, "author_flair_css_class": null, "is_submitter": false, "downs": 0, "author_flair_richtext": [], "author_patreon_flair": false, "body_html": "&lt;div class=\"md\"&gt;&lt;p&gt;You are wrong about the Roman identity not trickling down to the average Ottoman muslim as most urban Turkish speaking muslim individuals in the empire would call themselves Rumi which meant roman. Most of the Ottoman empire&amp;#39;s Turkish population was of roman descendant whom had been turkified.&lt;/p&gt;\n&lt;/div&gt;", "gildings": {}, "collapsed_reason": null, "associated_award": null, "stickied": false, "author_premium": false, "subreddit_type": "public", "can_gild": true, "top_awarded_type": null, "author_flair_text_color": null, "score_hidden": false, "permalink": "/r/AskHistorians/comments/la7vfe/what_role_does_the_roman_empire_play_in_the/glozi0u/", "num_reports": null, "locked": false, "name": "t1_glozi0u", "created": 1612268688.0, "subreddit": "AskHistorians", "author_flair_text": null, "treatment_tags": [], "created_utc": 1612239888.0, "subreddit_name_prefixed": "r/AskHistorians", "controversiality": 1, "depth": 1, "author_flair_background_color": null, "collapsed_because_crowd_control": null, "mod_reports": [], "mod_note": null, "distinguished": null}}, {"kind": "t1", "data": {"total_awards_received": 0, "approved_at_utc": null, "comment_type": null, "awarders": [], "mod_reason_by": null, "banned_by": null, "ups": 1, "author_flair_type": "text", "removal_reason": null, "link_id": "t3_la7vfe", "author_flair_template_id": null, "likes": null, "replies": "", "user_reports": [], "saved": false, "id": "glp71g2", "banned_at_utc": null, "mod_reason_title": null, "gilded": 0, "archived": false, "no_follow": true, "author": "DiscombobulatedAge30", "can_mod_post": false, "send_replies": true, "parent_id": "t1_glmzooa", "score": 1, "author_fullname": "t2_7999c40i", "report_reasons": null, "approved_by": null, "all_awardings": [], "subreddit_id": "t5_2ssp3", "collapsed": false, "body": "What a fantastic response. Thank you for making this!", "edited": false, "author_flair_css_class": null, "is_submitter": false, "downs": 0, "author_flair_richtext": [], "author_patreon_flair": false, "body_html": "&lt;div class=\"md\"&gt;&lt;p&gt;What a fantastic response. Thank you for making this!&lt;/p&gt;\n&lt;/div&gt;", "gildings": {}, "collapsed_reason": null, "associated_award": null, "stickied": false, "author_premium": false, "subreddit_type": "public", "can_gild": true, "top_awarded_type": null, "author_flair_text_color": null, "score_hidden": false, "permalink": "/r/AskHistorians/comments/la7vfe/what_role_does_the_roman_empire_play_in_the/glp71g2/", "num_reports": null, "locked": false, "name": "t1_glp71g2", "created": 1612273323.0, "subreddit": "AskHistorians", "author_flair_text": null, "treatment_tags": [], "created_utc": 1612244523.0, "subreddit_name_prefixed": "r/AskHistorians", "controversiality": 0, "depth": 1, "author_flair_background_color": null, "collapsed_because_crowd_control": null, "mod_reports": [], "mod_note": null, "distinguished": null}}], "after": null, "before": null}}, "user_reports": [], "saved": false, "id": "glmzooa", "banned_at_utc": null, "mod_reason_title": null, "gilded": 0, "archived": false, "no_follow": false, "author": "NoliTimereMessorem_", "can_mod_post": false, "send_replies": true, "parent_id": "t3_la7vfe", "score": 106, "author_fullname": "t2_9va63zia", "report_reasons": null, "approved_by": null, "all_awardings": [], "subreddit_id": "t5_2ssp3", "body": "This is a truly fascinating question with numerous layers. Let's start at the beginning: \n\nIt's clear that the early Arab conquests were focused on Palestine and Greater Roman Syria. \"Romanized\" Arab tribes were part of these early armies - so there was already some existing cultural cross-pollination going on once the dust had settled after the conquest of Jerusalem and Damascus. One may compare it to the germanic tribes that ended up conquering the Western Roman Empire - they had (to varying degrees) Romanized elites, romanized militaries, etc. \n\nThe Roman Empire soon became the primary \"enemy\" of the fledging Arab Empire. Keep this important note in mind, as it would change the dynamic in how Roman and early Islamic Civilizations would interact with one another. The Arabs had conquered the Romans' most prized provinces - and within 40 years of Muhammad's death would be at the walls of Constantinople conducting their first siege of the city. \n\nLet's move to the more obvious early impacts that Roman culture had on this nascent Arab Empire and later Islamic civilization. [Hisham's Palace](https://en.wikipedia.org/wiki/Hisham%27s_Palace), [The Great Mosque of Damascus](https://en.wikipedia.org/wiki/Umayyad_Mosque), [The Dome of the Rock](https://en.wikipedia.org/wiki/Dome_of_the_Rock) and [Al-Zaytuna Mosque](https://en.wikipedia.org/wiki/Al-Zaytuna_Mosque) are all early Arab/Islamic structures that have clear Roman architectural influence. The famous Roman arches are seen throughout Islamic architecture in North Africa and the Levant during this time period. \n\nIn terms of academic, philosophical and intellectual influence - this is another interesting realm. The influence of the Greek tradition in Islamic philosophy/theology is, in my opinion, too often romanticized by secular academics in the west. There were platonic (mostly in Shi'a Ismailism) and aristotelean (Mu'tazilites, Ibn Rushd) influences found in heterodox muslim philosophical circles, but, again I think the broader philosophical tradition of Sunni Islam, Roman/Greek influences are often exaggerated here in the West. \n\nRegarding the Ottomans, it's true that Mehmet II considered himself the heir of Roman civilization, but this didn't trickle down into the average Ottoman muslim. Although much of the political and military elite in the Ottoman Empire would have been of Balkan European stock, this didn't change the fact that they would have identified as Muslims first and not Romans. The Greek christians would have been considered the Romans in the Ottoman empire. \n\nFinally, The Persians. One would assume that because the Arab conquests conquered the wealthy Roman provinces of North Africa, Egypt, Syria and Palestine, that this early Islamic civilization would have had a de facto Romanized character to it. However, the Arabs would end up *fully* conquering an empire to the east - the vast and ancient Persian empire - that would end up influencing Islamic Civilization to a remarkable degree.  Once could argue that once the Persians began converting en masse to Islam, that we start actually start to see a distinct *Islamic* Civilization emerge. The \"Persianization\" of the early Arab and eventual Islamic empires would become a phenomenon that had lasting effects through Egypt, Constantinople, Central Asia and the Indian Subcontinent. I'd argue that the Ottomans were more Persianized than Romanized. Many people don't realize that Persian, not Arabic was the lingua franca for a huge part of Islamic Civilization.\n\n**TL;DR** - The early Arab Empire and later Islamic Civilization didn't really become Romanized because  the Arabs would end up completely conquering and absorbing a greater empire - The Persian Empire. Islamic theology, the Arabic language and grammar, government bureaucracy, art and architecture, poetry, music, etc, were all *immensely* influenced by the Persians. Personally, I think if the Persians hadn't converted to Islam en masse in the 9th and 10th centuries, we wouldn't have Islamic Civilization as we know it today.\n\nI'll end with a quote from the great North African scholar Ibn Khaldun: \n\n*\"\u2026It is a remarkable fact that, with few exceptions, most Muslim scholars\u2026in the intellectual sciences have been non-Arabs\u2026thus the founders of grammar were Sibawaih and after him, al-Farisi and Az-Zajjaj. All of them were of Persian descent\u2026they invented rules of (Arabic) grammar\u2026great jurists were Persians\u2026 only the Persians engaged in the task of preserving knowledge and writing systematic scholarly works. Thus the truth of the statement of the prophet becomes apparent, \u2018If learning were suspended in the highest parts of heaven the Persians would attain it\u201d\u2026The intellectual sciences were also the preserve of the Persians, left alone by the Arabs, who did not cultivate them\u2026as was the case with all crafts\u2026This situation continued in the cities as long as the Persians and Persian countries, Iraq, Khorasan and Transoxiana (modern Central Asia), retained their sedentary culture.\u201d*", "edited": 1612212048.0, "downs": 0, "author_flair_css_class": null, "is_submitter": false, "collapsed": false, "author_flair_richtext": [], "author_patreon_flair": false, "body_html": "&lt;div class=\"md\"&gt;&lt;p&gt;This is a truly fascinating question with numerous layers. Let&amp;#39;s start at the beginning: &lt;/p&gt;\n\n&lt;p&gt;It&amp;#39;s clear that the early Arab conquests were focused on Palestine and Greater Roman Syria. &amp;quot;Romanized&amp;quot; Arab tribes were part of these early armies - so there was already some existing cultural cross-pollination going on once the dust had settled after the conquest of Jerusalem and Damascus. One may compare it to the germanic tribes that ended up conquering the Western Roman Empire - they had (to varying degrees) Romanized elites, romanized militaries, etc. &lt;/p&gt;\n\n&lt;p&gt;The Roman Empire soon became the primary &amp;quot;enemy&amp;quot; of the fledging Arab Empire. Keep this important note in mind, as it would change the dynamic in how Roman and early Islamic Civilizations would interact with one another. The Arabs had conquered the Romans&amp;#39; most prized provinces - and within 40 years of Muhammad&amp;#39;s death would be at the walls of Constantinople conducting their first siege of the city. &lt;/p&gt;\n\n&lt;p&gt;Let&amp;#39;s move to the more obvious early impacts that Roman culture had on this nascent Arab Empire and later Islamic civilization. &lt;a href=\"https://en.wikipedia.org/wiki/Hisham%27s_Palace\"&gt;Hisham&amp;#39;s Palace&lt;/a&gt;, &lt;a href=\"https://en.wikipedia.org/wiki/Umayyad_Mosque\"&gt;The Great Mosque of Damascus&lt;/a&gt;, &lt;a href=\"https://en.wikipedia.org/wiki/Dome_of_the_Rock\"&gt;The Dome of the Rock&lt;/a&gt; and &lt;a href=\"https://en.wikipedia.org/wiki/Al-Zaytuna_Mosque\"&gt;Al-Zaytuna Mosque&lt;/a&gt; are all early Arab/Islamic structures that have clear Roman architectural influence. The famous Roman arches are seen throughout Islamic architecture in North Africa and the Levant during this time period. &lt;/p&gt;\n\n&lt;p&gt;In terms of academic, philosophical and intellectual influence - this is another interesting realm. The influence of the Greek tradition in Islamic philosophy/theology is, in my opinion, too often romanticized by secular academics in the west. There were platonic (mostly in Shi&amp;#39;a Ismailism) and aristotelean (Mu&amp;#39;tazilites, Ibn Rushd) influences found in heterodox muslim philosophical circles, but, again I think the broader philosophical tradition of Sunni Islam, Roman/Greek influences are often exaggerated here in the West. &lt;/p&gt;\n\n&lt;p&gt;Regarding the Ottomans, it&amp;#39;s true that Mehmet II considered himself the heir of Roman civilization, but this didn&amp;#39;t trickle down into the average Ottoman muslim. Although much of the political and military elite in the Ottoman Empire would have been of Balkan European stock, this didn&amp;#39;t change the fact that they would have identified as Muslims first and not Romans. The Greek christians would have been considered the Romans in the Ottoman empire. &lt;/p&gt;\n\n&lt;p&gt;Finally, The Persians. One would assume that because the Arab conquests conquered the wealthy Roman provinces of North Africa, Egypt, Syria and Palestine, that this early Islamic civilization would have had a de facto Romanized character to it. However, the Arabs would end up &lt;em&gt;fully&lt;/em&gt; conquering an empire to the east - the vast and ancient Persian empire - that would end up influencing Islamic Civilization to a remarkable degree.  Once could argue that once the Persians began converting en masse to Islam, that we start actually start to see a distinct &lt;em&gt;Islamic&lt;/em&gt; Civilization emerge. The &amp;quot;Persianization&amp;quot; of the early Arab and eventual Islamic empires would become a phenomenon that had lasting effects through Egypt, Constantinople, Central Asia and the Indian Subcontinent. I&amp;#39;d argue that the Ottomans were more Persianized than Romanized. Many people don&amp;#39;t realize that Persian, not Arabic was the lingua franca for a huge part of Islamic Civilization.&lt;/p&gt;\n\n&lt;p&gt;&lt;strong&gt;TL;DR&lt;/strong&gt; - The early Arab Empire and later Islamic Civilization didn&amp;#39;t really become Romanized because  the Arabs would end up completely conquering and absorbing a greater empire - The Persian Empire. Islamic theology, the Arabic language and grammar, government bureaucracy, art and architecture, poetry, music, etc, were all &lt;em&gt;immensely&lt;/em&gt; influenced by the Persians. Personally, I think if the Persians hadn&amp;#39;t converted to Islam en masse in the 9th and 10th centuries, we wouldn&amp;#39;t have Islamic Civilization as we know it today.&lt;/p&gt;\n\n&lt;p&gt;I&amp;#39;ll end with a quote from the great North African scholar Ibn Khaldun: &lt;/p&gt;\n\n&lt;p&gt;&lt;em&gt;&amp;quot;\u2026It is a remarkable fact that, with few exceptions, most Muslim scholars\u2026in the intellectual sciences have been non-Arabs\u2026thus the founders of grammar were Sibawaih and after him, al-Farisi and Az-Zajjaj. All of them were of Persian descent\u2026they invented rules of (Arabic) grammar\u2026great jurists were Persians\u2026 only the Persians engaged in the task of preserving knowledge and writing systematic scholarly works. Thus the truth of the statement of the prophet becomes apparent, \u2018If learning were suspended in the highest parts of heaven the Persians would attain it\u201d\u2026The intellectual sciences were also the preserve of the Persians, left alone by the Arabs, who did not cultivate them\u2026as was the case with all crafts\u2026This situation continued in the cities as long as the Persians and Persian countries, Iraq, Khorasan and Transoxiana (modern Central Asia), retained their sedentary culture.\u201d&lt;/em&gt;&lt;/p&gt;\n&lt;/div&gt;", "gildings": {}, "collapsed_reason": null, "associated_award": null, "stickied": false, "author_premium": false, "subreddit_type": "public", "can_gild": true, "top_awarded_type": null, "author_flair_text_color": null, "score_hidden": false, "permalink": "/r/AskHistorians/comments/la7vfe/what_role_does_the_roman_empire_play_in_the/glmzooa/", "num_reports": null, "locked": false, "name": "t1_glmzooa", "created": 1612236793.0, "subreddit": "AskHistorians", "author_flair_text": null, "treatment_tags": [], "created_utc": 1612207993.0, "subreddit_name_prefixed": "r/AskHistorians", "controversiality": 0, "depth": 0, "author_flair_background_color": null, "collapsed_because_crowd_control": null, "mod_reports": [], "mod_note": null, "distinguished": null}}], "after": null, "before": null}}]