[{"kind": "Listing", "data": {"modhash": null, "dist": 1, "children": [{"kind": "t3", "data": {"author_flair_background_color": "#b87317", "approved_at_utc": null, "subreddit": "AskHistorians", "selftext": "[Full article](https://en.wikipedia.org/wiki/Nathan_Bedford_Forrest)\n\nThe portion below from the article is strange to me, can someone help clarify:\n\n[Differences with Southern white majority](https://en.wikipedia.org/wiki/Nathan_Bedford_Forrest#Differences_with_Southern_white_majority_(1870s)\n\n\n\"After the lynch mob murder of four blacks who had been arrested for defending themselves in a brawl at a barbecue, Forrest wrote to Tennessee Governor John C. Brown in August 1874 and \"volunteered to help 'exterminate' those men responsible for the continued violence against the blacks\", offering \"to exterminate the white marauders who disgrace their race by this cowardly murder of Negroes\".[125]\n\nOn July 5, 1875, Forrest gave a speech before the Independent Order of Pole-Bearers Association, a post-war organization of black Southerners advocating to improve the economic condition of blacks and to gain equal rights for all citizens. At this, his last public appearance, he made what The New York Times described as a \"friendly speech\"[173][174] during which, **when offered a bouquet of flowers by a young black woman, he accepted them,[175] thanked her and kissed her on the cheek. Forrest spoke in encouragement of black advancement and of endeavoring to be a proponent for espousing peace and harmony between black and white Americans.**[176]\n\nIn response to the Pole-Bearers speech, the Cavalry Survivors Association of Augusta, the first Confederate organization formed after the war, called a meeting in which Captain F. Edgeworth Eve gave a speech expressing strong disapproval of Forrest's remarks promoting inter-ethnic harmony, ridiculing his faculties and judgment and berating the woman who gave Forrest flowers as \"a mulatto wench\". The association voted unanimously to amend its constitution to expressly forbid publicly advocating for or hinting at any association of white women and girls as being in the same classes as \"females of the negro race\".[177][178] The Macon Weekly Telegraph newspaper also condemned Forrest for his speech, describing the event as \"the recent disgusting exhibition of himself at the negro jamboree\" and quoting part of a Charlotte Observer article, which read \"We have infinitely more respect for Longstreet, who fraternizes with negro men on public occasions, with the pay for the treason to his race in his pocket, than with Forrest and [General] Pillow, who equalize with the negro women, with only 'futures' in payment\" \"", "user_reports": [], "saved": false, "mod_reason_title": null, "gilded": 0, "clicked": false, "title": "Nathan Bedford Forrest, founder of the 1st KKK, seems like an extremely weird and contradictory person. Can someone help clarify portions of his Wikipedia article?", "link_flair_richtext": [], "subreddit_name_prefixed": "r/AskHistorians", "hidden": false, "pwls": 6, "link_flair_css_class": null, "downs": 0, "top_awarded_type": null, "parent_whitelist_status": "all_ads", "hide_score": false, "name": "t3_la85d6", "quarantine": false, "link_flair_text_color": "dark", "upvote_ratio": 0.74, "ignore_reports": false, "subreddit_type": "public", "ups": 5, "total_awards_received": 0, "media_embed": {}, "author_flair_template_id": "98d8fdba-c626-11e2-bd52-12313b06caaf", "is_original_content": false, "author_fullname": "t2_ipbb6", "secure_media": null, "is_reddit_media_domain": false, "is_meta": false, "category": null, "secure_media_embed": {}, "link_flair_text": null, "can_mod_post": false, "score": 5, "approved_by": null, "author_premium": false, "thumbnail": "", "edited": false, "author_flair_css_class": null, "previous_visits": [1620890168.0], "author_flair_richtext": [{"e": "text", "t": "Interesting Inquirer"}], "gildings": {}, "content_categories": null, "is_self": true, "mod_note": null, "created": 1612228024.0, "link_flair_type": "text", "wls": 6, "removed_by_category": null, "banned_by": null, "author_flair_type": "richtext", "domain": "self.AskHistorians", "allow_live_comments": false, "selftext_html": "&lt;!-- SC_OFF --&gt;&lt;div class=\"md\"&gt;&lt;p&gt;&lt;a href=\"https://en.wikipedia.org/wiki/Nathan_Bedford_Forrest\"&gt;Full article&lt;/a&gt;&lt;/p&gt;\n\n&lt;p&gt;The portion below from the article is strange to me, can someone help clarify:&lt;/p&gt;\n\n&lt;p&gt;&lt;a href=\"https://en.wikipedia.org/wiki/Nathan_Bedford_Forrest#Differences_with_Southern_white_majority_(1870s\"&gt;Differences with Southern white majority&lt;/a&gt;&lt;/p&gt;\n\n&lt;p&gt;&amp;quot;After the lynch mob murder of four blacks who had been arrested for defending themselves in a brawl at a barbecue, Forrest wrote to Tennessee Governor John C. Brown in August 1874 and &amp;quot;volunteered to help &amp;#39;exterminate&amp;#39; those men responsible for the continued violence against the blacks&amp;quot;, offering &amp;quot;to exterminate the white marauders who disgrace their race by this cowardly murder of Negroes&amp;quot;.[125]&lt;/p&gt;\n\n&lt;p&gt;On July 5, 1875, Forrest gave a speech before the Independent Order of Pole-Bearers Association, a post-war organization of black Southerners advocating to improve the economic condition of blacks and to gain equal rights for all citizens. At this, his last public appearance, he made what The New York Times described as a &amp;quot;friendly speech&amp;quot;[173][174] during which, &lt;strong&gt;when offered a bouquet of flowers by a young black woman, he accepted them,[175] thanked her and kissed her on the cheek. Forrest spoke in encouragement of black advancement and of endeavoring to be a proponent for espousing peace and harmony between black and white Americans.&lt;/strong&gt;[176]&lt;/p&gt;\n\n&lt;p&gt;In response to the Pole-Bearers speech, the Cavalry Survivors Association of Augusta, the first Confederate organization formed after the war, called a meeting in which Captain F. Edgeworth Eve gave a speech expressing strong disapproval of Forrest&amp;#39;s remarks promoting inter-ethnic harmony, ridiculing his faculties and judgment and berating the woman who gave Forrest flowers as &amp;quot;a mulatto wench&amp;quot;. The association voted unanimously to amend its constitution to expressly forbid publicly advocating for or hinting at any association of white women and girls as being in the same classes as &amp;quot;females of the negro race&amp;quot;.[177][178] The Macon Weekly Telegraph newspaper also condemned Forrest for his speech, describing the event as &amp;quot;the recent disgusting exhibition of himself at the negro jamboree&amp;quot; and quoting part of a Charlotte Observer article, which read &amp;quot;We have infinitely more respect for Longstreet, who fraternizes with negro men on public occasions, with the pay for the treason to his race in his pocket, than with Forrest and [General] Pillow, who equalize with the negro women, with only &amp;#39;futures&amp;#39; in payment&amp;quot; &amp;quot;&lt;/p&gt;\n&lt;/div&gt;&lt;!-- SC_ON --&gt;", "likes": null, "suggested_sort": null, "banned_at_utc": null, "view_count": null, "archived": false, "no_follow": false, "spam": false, "is_crosspostable": true, "pinned": false, "over_18": false, "all_awardings": [], "awarders": [], "media_only": false, "can_gild": true, "removed": false, "spoiler": false, "locked": false, "author_flair_text": "Interesting Inquirer", "treatment_tags": [], "visited": false, "removed_by": null, "num_reports": null, "distinguished": null, "subreddit_id": "t5_2ssp3", "mod_reason_by": null, "removal_reason": null, "link_flair_background_color": "", "id": "la85d6", "is_robot_indexable": true, "num_duplicates": 1, "report_reasons": null, "author": "J2quared", "discussion_type": null, "num_comments": 2, "send_replies": true, "media": null, "contest_mode": false, "author_patreon_flair": false, "approved": true, "author_flair_text_color": "light", "permalink": "/r/AskHistorians/comments/la85d6/nathan_bedford_forrest_founder_of_the_1st_kkk/", "whitelist_status": "all_ads", "stickied": false, "url": "https://www.reddit.com/r/AskHistorians/comments/la85d6/nathan_bedford_forrest_founder_of_the_1st_kkk/", "subreddit_subscribers": 1347379, "created_utc": 1612199224.0, "num_crossposts": 0, "mod_reports": [], "is_video": false}}], "after": null, "before": null}}, {"kind": "Listing", "data": {"modhash": null, "dist": null, "children": [{"kind": "t1", "data": {"total_awards_received": 0, "approved_at_utc": null, "comment_type": null, "awarders": [], "mod_reason_by": null, "banned_by": null, "ups": 1, "author_flair_type": "text", "removal_reason": null, "link_id": "t3_la85d6", "author_flair_template_id": null, "likes": null, "replies": "", "user_reports": [], "saved": false, "id": "glmcqob", "banned_at_utc": null, "mod_reason_title": null, "gilded": 0, "archived": false, "removed": false, "no_follow": true, "author": "AutoModerator", "can_mod_post": false, "send_replies": false, "parent_id": "t3_la85d6", "score": 1, "author_fullname": "t2_6l4z3", "report_reasons": null, "approved_by": null, "all_awardings": [], "subreddit_id": "t5_2ssp3", "ignore_reports": false, "body": "Welcome to /r/AskHistorians. **Please [Read Our Rules](https://www.reddit.com/r/AskHistorians/wiki/rules) before you comment in this community**. Understand that [rule breaking comments get removed](https://www.reddit.com/r/AskHistorians/comments/h8aefx/rules_roundtable_xviii_removed_curation_and_why/).\n\n#Please consider **[Clicking Here for RemindMeBot](https://www.reddit.com/message/compose/?to=RemindMeBot&amp;subject=Reminder&amp;message=%5Bhttps://www.reddit.com/r/AskHistorians/comments/la85d6/nathan_bedford_forrest_founder_of_the_1st_kkk/%5D%0A%0ARemindMe!%202%20days)** as it takes time for an answer to be written. \n\nWe thank you for your interest in this *question*, and your patience in waiting for an in-depth and comprehensive answer to show up. In addition to RemindMeBot, consider [using our Browser Extension](https://www.reddit.com/r/AskHistorians/comments/d6dzi7/tired_of_clicking_to_find_only_removed_comments/), or getting the [Weekly Roundup](https://www.reddit.com/message/compose?to=subredditsummarybot&amp;subject=askhistorians+weekly&amp;message=x). In the meantime our [Twitter](https://twitter.com/askhistorians), [Facebook](https://www.facebook.com/askhistorians/), and [Sunday Digest](https://www.reddit.com/r/AskHistorians/search?q=title%3A%22Sunday+Digest%22&amp;restrict_sr=on&amp;sort=new&amp;t=all) feature excellent content that has already been written!\n\n\n*I am a bot, and this action was performed automatically. Please [contact the moderators of this subreddit](/message/compose/?to=/r/AskHistorians) if you have any questions or concerns.*", "edited": false, "downs": 0, "author_flair_css_class": null, "is_submitter": false, "collapsed": false, "author_flair_richtext": [], "author_patreon_flair": false, "body_html": "&lt;div class=\"md\"&gt;&lt;p&gt;Welcome to &lt;a href=\"/r/AskHistorians\"&gt;/r/AskHistorians&lt;/a&gt;. &lt;strong&gt;Please &lt;a href=\"https://www.reddit.com/r/AskHistorians/wiki/rules\"&gt;Read Our Rules&lt;/a&gt; before you comment in this community&lt;/strong&gt;. Understand that &lt;a href=\"https://www.reddit.com/r/AskHistorians/comments/h8aefx/rules_roundtable_xviii_removed_curation_and_why/\"&gt;rule breaking comments get removed&lt;/a&gt;.&lt;/p&gt;\n\n&lt;h1&gt;Please consider &lt;strong&gt;&lt;a href=\"https://www.reddit.com/message/compose/?to=RemindMeBot&amp;amp;subject=Reminder&amp;amp;message=%5Bhttps://www.reddit.com/r/AskHistorians/comments/la85d6/nathan_bedford_forrest_founder_of_the_1st_kkk/%5D%0A%0ARemindMe!%202%20days\"&gt;Clicking Here for RemindMeBot&lt;/a&gt;&lt;/strong&gt; as it takes time for an answer to be written.&lt;/h1&gt;\n\n&lt;p&gt;We thank you for your interest in this &lt;em&gt;question&lt;/em&gt;, and your patience in waiting for an in-depth and comprehensive answer to show up. In addition to RemindMeBot, consider &lt;a href=\"https://www.reddit.com/r/AskHistorians/comments/d6dzi7/tired_of_clicking_to_find_only_removed_comments/\"&gt;using our Browser Extension&lt;/a&gt;, or getting the &lt;a href=\"https://www.reddit.com/message/compose?to=subredditsummarybot&amp;amp;subject=askhistorians+weekly&amp;amp;message=x\"&gt;Weekly Roundup&lt;/a&gt;. In the meantime our &lt;a href=\"https://twitter.com/askhistorians\"&gt;Twitter&lt;/a&gt;, &lt;a href=\"https://www.facebook.com/askhistorians/\"&gt;Facebook&lt;/a&gt;, and &lt;a href=\"https://www.reddit.com/r/AskHistorians/search?q=title%3A%22Sunday+Digest%22&amp;amp;restrict_sr=on&amp;amp;sort=new&amp;amp;t=all\"&gt;Sunday Digest&lt;/a&gt; feature excellent content that has already been written!&lt;/p&gt;\n\n&lt;p&gt;&lt;em&gt;I am a bot, and this action was performed automatically. Please &lt;a href=\"/message/compose/?to=/r/AskHistorians\"&gt;contact the moderators of this subreddit&lt;/a&gt; if you have any questions or concerns.&lt;/em&gt;&lt;/p&gt;\n&lt;/div&gt;", "gildings": {}, "collapsed_reason": null, "associated_award": null, "stickied": true, "author_premium": true, "subreddit_type": "public", "can_gild": true, "top_awarded_type": null, "approved": false, "author_flair_text_color": null, "score_hidden": false, "permalink": "/r/AskHistorians/comments/la85d6/nathan_bedford_forrest_founder_of_the_1st_kkk/glmcqob/", "num_reports": null, "locked": true, "name": "t1_glmcqob", "created": 1612228024.0, "subreddit": "AskHistorians", "author_flair_text": null, "treatment_tags": [], "spam": false, "created_utc": 1612199224.0, "subreddit_name_prefixed": "r/AskHistorians", "controversiality": 0, "depth": 0, "author_flair_background_color": null, "collapsed_because_crowd_control": null, "mod_reports": [], "mod_note": null, "distinguished": "moderator"}}, {"kind": "t1", "data": {"total_awards_received": 0, "approved_at_utc": null, "comment_type": null, "awarders": [], "mod_reason_by": null, "banned_by": null, "ups": 3, "author_flair_type": "text", "removal_reason": null, "link_id": "t3_la85d6", "author_flair_template_id": null, "likes": null, "replies": "", "user_reports": [], "saved": false, "id": "glo82m0", "banned_at_utc": null, "mod_reason_title": null, "gilded": 0, "archived": false, "removed": false, "no_follow": true, "author": "tombomp", "can_mod_post": false, "send_replies": true, "parent_id": "t3_la85d6", "score": 3, "author_fullname": "t2_33ebmxb2", "report_reasons": null, "approved_by": null, "all_awardings": [], "subreddit_id": "t5_2ssp3", "ignore_reports": false, "body": "Specifically on the issue of the speech, /u/Georgy_K_Zhukov has talked about it as still a white supremacist position, even if some saw it as not white supremacist enough https://www.reddit.com/r/AskHistorians/comments/hmaesx/comment/fx58mrq?utm_source=amp&amp;utm_medium=&amp;utm_content=comment_timestamp", "edited": false, "downs": 0, "author_flair_css_class": null, "is_submitter": false, "collapsed": false, "author_flair_richtext": [], "author_patreon_flair": false, "body_html": "&lt;div class=\"md\"&gt;&lt;p&gt;Specifically on the issue of the speech, &lt;a href=\"/u/Georgy_K_Zhukov\"&gt;/u/Georgy_K_Zhukov&lt;/a&gt; has talked about it as still a white supremacist position, even if some saw it as not white supremacist enough &lt;a href=\"https://www.reddit.com/r/AskHistorians/comments/hmaesx/comment/fx58mrq?utm_source=amp&amp;amp;utm_medium=&amp;amp;utm_content=comment_timestamp\"&gt;https://www.reddit.com/r/AskHistorians/comments/hmaesx/comment/fx58mrq?utm_source=amp&amp;amp;utm_medium=&amp;amp;utm_content=comment_timestamp&lt;/a&gt;&lt;/p&gt;\n&lt;/div&gt;", "gildings": {}, "collapsed_reason": null, "associated_award": null, "stickied": false, "author_premium": false, "subreddit_type": "public", "can_gild": true, "top_awarded_type": null, "approved": false, "author_flair_text_color": null, "score_hidden": false, "permalink": "/r/AskHistorians/comments/la85d6/nathan_bedford_forrest_founder_of_the_1st_kkk/glo82m0/", "num_reports": null, "locked": false, "name": "t1_glo82m0", "created": 1612255203.0, "subreddit": "AskHistorians", "author_flair_text": null, "treatment_tags": [], "spam": false, "created_utc": 1612226403.0, "subreddit_name_prefixed": "r/AskHistorians", "controversiality": 0, "depth": 0, "author_flair_background_color": null, "collapsed_because_crowd_control": null, "mod_reports": [], "mod_note": null, "distinguished": null}}], "after": null, "before": null}}]