[{"kind": "Listing", "data": {"modhash": "", "dist": 1, "children": [{"kind": "t3", "data": {"approved_at_utc": null, "subreddit": "AskHistorians", "selftext": "I understand that this question might be a false pretense, so apologies for that.\n\nBut the steppe nomads conquered China, Iran, Central Asia, the Middle East, parts of Anatolia and India. Pretty much all areas that bordered the steppe. Is there a reason they never pushed into Western Europe ?\n\nBut as far as I can tell the indo Europeans invaded/assimilated into Western Europe around the 3rd millennia BC and since then the Asian nomads never really pushed too far into Western Europe. It seems like they always stop around Germany ?\n\n\nDid the Huns go the furthest when they invaded France and Italy. Did the Scythian or other Iranian nomads make it to places west of Germany ? I\u2019ve also heard the German forest is a natural barrier that that would stop the nomads. Even the mongols only made it to Hungary / Austria.", "user_reports": [], "saved": false, "mod_reason_title": null, "gilded": 0, "clicked": false, "title": "Is there a particular reason that the Asian Steppe Nomads never really conquered Western Europe ? Do the Germanic tribes qualify as \u201csteppe nomads\u201d ?", "link_flair_richtext": [], "subreddit_name_prefixed": "r/AskHistorians", "hidden": false, "pwls": 6, "link_flair_css_class": null, "downs": 0, "top_awarded_type": null, "parent_whitelist_status": "all_ads", "hide_score": false, "name": "t3_lac84a", "quarantine": false, "link_flair_text_color": "dark", "upvote_ratio": 1.0, "author_flair_background_color": null, "subreddit_type": "public", "ups": 7, "total_awards_received": 0, "media_embed": {}, "author_flair_template_id": null, "is_original_content": false, "author_fullname": "t2_8khsm8qb", "secure_media": null, "is_reddit_media_domain": false, "is_meta": false, "category": null, "secure_media_embed": {}, "link_flair_text": null, "can_mod_post": false, "score": 7, "approved_by": null, "author_premium": false, "thumbnail": "", "edited": false, "author_flair_css_class": null, "author_flair_richtext": [], "gildings": {}, "content_categories": null, "is_self": true, "mod_note": null, "created": 1612237741.0, "link_flair_type": "text", "wls": 6, "removed_by_category": null, "banned_by": null, "author_flair_type": "text", "domain": "self.AskHistorians", "allow_live_comments": false, "selftext_html": "&lt;!-- SC_OFF --&gt;&lt;div class=\"md\"&gt;&lt;p&gt;I understand that this question might be a false pretense, so apologies for that.&lt;/p&gt;\n\n&lt;p&gt;But the steppe nomads conquered China, Iran, Central Asia, the Middle East, parts of Anatolia and India. Pretty much all areas that bordered the steppe. Is there a reason they never pushed into Western Europe ?&lt;/p&gt;\n\n&lt;p&gt;But as far as I can tell the indo Europeans invaded/assimilated into Western Europe around the 3rd millennia BC and since then the Asian nomads never really pushed too far into Western Europe. It seems like they always stop around Germany ?&lt;/p&gt;\n\n&lt;p&gt;Did the Huns go the furthest when they invaded France and Italy. Did the Scythian or other Iranian nomads make it to places west of Germany ? I\u2019ve also heard the German forest is a natural barrier that that would stop the nomads. Even the mongols only made it to Hungary / Austria.&lt;/p&gt;\n&lt;/div&gt;&lt;!-- SC_ON --&gt;", "likes": null, "suggested_sort": null, "banned_at_utc": null, "view_count": null, "archived": false, "no_follow": false, "is_crosspostable": false, "pinned": false, "over_18": false, "all_awardings": [], "awarders": [], "media_only": false, "can_gild": false, "spoiler": false, "locked": false, "author_flair_text": null, "treatment_tags": [], "visited": false, "removed_by": null, "num_reports": null, "distinguished": null, "subreddit_id": "t5_2ssp3", "mod_reason_by": null, "removal_reason": null, "link_flair_background_color": "", "id": "lac84a", "is_robot_indexable": true, "num_duplicates": 1, "report_reasons": null, "author": "rawndale", "discussion_type": null, "num_comments": 3, "send_replies": true, "media": null, "contest_mode": false, "author_patreon_flair": false, "author_flair_text_color": null, "permalink": "/r/AskHistorians/comments/lac84a/is_there_a_particular_reason_that_the_asian/", "whitelist_status": "all_ads", "stickied": false, "url": "https://www.reddit.com/r/AskHistorians/comments/lac84a/is_there_a_particular_reason_that_the_asian/", "subreddit_subscribers": 1329469, "created_utc": 1612208941.0, "num_crossposts": 0, "mod_reports": [], "is_video": false}}], "after": null, "before": null}}, {"kind": "Listing", "data": {"modhash": "", "dist": null, "children": [{"kind": "t1", "data": {"total_awards_received": 0, "approved_at_utc": null, "comment_type": null, "awarders": [], "mod_reason_by": null, "banned_by": null, "ups": 1, "author_flair_type": "text", "removal_reason": null, "link_id": "t3_lac84a", "author_flair_template_id": null, "likes": null, "replies": "", "user_reports": [], "saved": false, "id": "gln23c5", "banned_at_utc": null, "mod_reason_title": null, "gilded": 0, "archived": false, "no_follow": true, "author": "AutoModerator", "can_mod_post": false, "send_replies": false, "parent_id": "t3_lac84a", "score": 1, "author_fullname": "t2_6l4z3", "report_reasons": null, "approved_by": null, "all_awardings": [], "subreddit_id": "t5_2ssp3", "body": "Welcome to /r/AskHistorians. **Please [Read Our Rules](https://www.reddit.com/r/AskHistorians/wiki/rules) before you comment in this community**. Understand that [rule breaking comments get removed](https://www.reddit.com/r/AskHistorians/comments/h8aefx/rules_roundtable_xviii_removed_curation_and_why/).\n\n#Please consider **[Clicking Here for RemindMeBot](https://www.reddit.com/message/compose/?to=RemindMeBot&amp;subject=Reminder&amp;message=%5Bhttps://www.reddit.com/r/AskHistorians/comments/lac84a/is_there_a_particular_reason_that_the_asian/%5D%0A%0ARemindMe!%202%20days)** as it takes time for an answer to be written. \n\nWe thank you for your interest in this *question*, and your patience in waiting for an in-depth and comprehensive answer to show up. In addition to RemindMeBot, consider [using our Browser Extension](https://www.reddit.com/r/AskHistorians/comments/d6dzi7/tired_of_clicking_to_find_only_removed_comments/), or getting the [Weekly Roundup](https://www.reddit.com/message/compose?to=subredditsummarybot&amp;subject=askhistorians+weekly&amp;message=x). In the meantime our [Twitter](https://twitter.com/askhistorians), [Facebook](https://www.facebook.com/askhistorians/), and [Sunday Digest](https://www.reddit.com/r/AskHistorians/search?q=title%3A%22Sunday+Digest%22&amp;restrict_sr=on&amp;sort=new&amp;t=all) feature excellent content that has already been written!\n\n\n*I am a bot, and this action was performed automatically. Please [contact the moderators of this subreddit](/message/compose/?to=/r/AskHistorians) if you have any questions or concerns.*", "edited": false, "downs": 0, "author_flair_css_class": null, "is_submitter": false, "collapsed": false, "author_flair_richtext": [], "author_patreon_flair": false, "body_html": "&lt;div class=\"md\"&gt;&lt;p&gt;Welcome to &lt;a href=\"/r/AskHistorians\"&gt;/r/AskHistorians&lt;/a&gt;. &lt;strong&gt;Please &lt;a href=\"https://www.reddit.com/r/AskHistorians/wiki/rules\"&gt;Read Our Rules&lt;/a&gt; before you comment in this community&lt;/strong&gt;. Understand that &lt;a href=\"https://www.reddit.com/r/AskHistorians/comments/h8aefx/rules_roundtable_xviii_removed_curation_and_why/\"&gt;rule breaking comments get removed&lt;/a&gt;.&lt;/p&gt;\n\n&lt;h1&gt;Please consider &lt;strong&gt;&lt;a href=\"https://www.reddit.com/message/compose/?to=RemindMeBot&amp;amp;subject=Reminder&amp;amp;message=%5Bhttps://www.reddit.com/r/AskHistorians/comments/lac84a/is_there_a_particular_reason_that_the_asian/%5D%0A%0ARemindMe!%202%20days\"&gt;Clicking Here for RemindMeBot&lt;/a&gt;&lt;/strong&gt; as it takes time for an answer to be written.&lt;/h1&gt;\n\n&lt;p&gt;We thank you for your interest in this &lt;em&gt;question&lt;/em&gt;, and your patience in waiting for an in-depth and comprehensive answer to show up. In addition to RemindMeBot, consider &lt;a href=\"https://www.reddit.com/r/AskHistorians/comments/d6dzi7/tired_of_clicking_to_find_only_removed_comments/\"&gt;using our Browser Extension&lt;/a&gt;, or getting the &lt;a href=\"https://www.reddit.com/message/compose?to=subredditsummarybot&amp;amp;subject=askhistorians+weekly&amp;amp;message=x\"&gt;Weekly Roundup&lt;/a&gt;. In the meantime our &lt;a href=\"https://twitter.com/askhistorians\"&gt;Twitter&lt;/a&gt;, &lt;a href=\"https://www.facebook.com/askhistorians/\"&gt;Facebook&lt;/a&gt;, and &lt;a href=\"https://www.reddit.com/r/AskHistorians/search?q=title%3A%22Sunday+Digest%22&amp;amp;restrict_sr=on&amp;amp;sort=new&amp;amp;t=all\"&gt;Sunday Digest&lt;/a&gt; feature excellent content that has already been written!&lt;/p&gt;\n\n&lt;p&gt;&lt;em&gt;I am a bot, and this action was performed automatically. Please &lt;a href=\"/message/compose/?to=/r/AskHistorians\"&gt;contact the moderators of this subreddit&lt;/a&gt; if you have any questions or concerns.&lt;/em&gt;&lt;/p&gt;\n&lt;/div&gt;", "gildings": {}, "collapsed_reason": null, "associated_award": null, "stickied": true, "author_premium": true, "subreddit_type": "public", "can_gild": true, "top_awarded_type": null, "author_flair_text_color": null, "score_hidden": true, "permalink": "/r/AskHistorians/comments/lac84a/is_there_a_particular_reason_that_the_asian/gln23c5/", "num_reports": null, "locked": true, "name": "t1_gln23c5", "created": 1612237742.0, "subreddit": "AskHistorians", "author_flair_text": null, "treatment_tags": [], "created_utc": 1612208942.0, "subreddit_name_prefixed": "r/AskHistorians", "controversiality": 0, "depth": 0, "author_flair_background_color": null, "collapsed_because_crowd_control": null, "mod_reports": [], "mod_note": null, "distinguished": "moderator"}}, {"kind": "t1", "data": {"total_awards_received": 0, "approved_at_utc": null, "comment_type": null, "awarders": [], "mod_reason_by": null, "banned_by": null, "ups": 16, "author_flair_type": "text", "removal_reason": null, "link_id": "t3_lac84a", "author_flair_template_id": null, "likes": null, "replies": "", "user_reports": [], "saved": false, "id": "glnhtr0", "banned_at_utc": null, "mod_reason_title": null, "gilded": 0, "archived": false, "no_follow": false, "author": "MaterialCarrot", "can_mod_post": false, "send_replies": true, "parent_id": "t3_lac84a", "score": 16, "author_fullname": "t2_2fpc7ulw", "report_reasons": null, "approved_by": null, "all_awardings": [], "subreddit_id": "t5_2ssp3", "body": "I'd start by saying that the conquests of various steppe peoples over the millennia are not all the same. The Mongols got as far as Poland and Hungary and were a global empire. The Huns under Attila were thought to be more localized, but were able to make incursions into Northern Italy and had also subjugated parts of modern day Germany.\n\nOne answer that I have read is related to geography. European geography West and South of the Hungarian plain tends to be constricted and somewhat rugged. Particularly Northern Greece, Yugoslavia, Austria, Western Germany, Northern Italy, and Scandinavia. This results in there not being a lot of grassland for grazing compared to the vast steps of Russia or parts of Asia and even the Middle East. The lack of pasture creates logistics problems for large nomadic tribes, who were overwhelmingly heavy in horse cavalry in their army makeup and had to be able to support large herds.\n\nWestern Europe is also hemmed in by seas, the Baltic/North Sea to the North and the Med to the South. This further constricts avenues of advance for an invading force unless that force is proficient in amphibious operations, which steppe tribes typically were not. A favorite strategic move by the Mongols was to invade a country with multiple armies from different directions to confuse and overwhelm their enemy. Again, this is harder to do the further West you go in Europe, where the terrain limits the ingress points for large cavalry armies. That type of terrain can also favor densely packed infantry formations over wide ranging armies of light cavalry, further negating the usual steppe advantage. So extended operations for steppe people into Western Europe was a logistical and tactical challenge that they weren't used to. The geography did not play to their strengths.\n\nI don't want to discount the actions of peoples in Western Europe in successfully checking steppe army incursions, such as the actions of Flavius Aetius against the Huns, nor the role of chance, such as the death of Genghis Khan just as the Mongol invasion of Europe was getting going. I'd also add that the Mongols at least are on record of being successful across a diverse geographic expanse. From the Russian steppes to the Middle East, and all through China and into Southeast Asia. Although the grazing in or adjacent to many of those areas was arguably superior to Western Europe.\n\nAll that being said, I think Western Europe was probably a uniquely tough nut to crack due to its geography and its relative distance from Asia. Perhaps just as important, it may not have been seen as that valuable of a prize by an empire like the Mongols, due to what they would view as its geographic limitations and lack of wealth compared to China or other Asian kingdoms of the day.", "edited": 1612215261.0, "downs": 0, "author_flair_css_class": null, "is_submitter": false, "collapsed": false, "author_flair_richtext": [], "author_patreon_flair": false, "body_html": "&lt;div class=\"md\"&gt;&lt;p&gt;I&amp;#39;d start by saying that the conquests of various steppe peoples over the millennia are not all the same. The Mongols got as far as Poland and Hungary and were a global empire. The Huns under Attila were thought to be more localized, but were able to make incursions into Northern Italy and had also subjugated parts of modern day Germany.&lt;/p&gt;\n\n&lt;p&gt;One answer that I have read is related to geography. European geography West and South of the Hungarian plain tends to be constricted and somewhat rugged. Particularly Northern Greece, Yugoslavia, Austria, Western Germany, Northern Italy, and Scandinavia. This results in there not being a lot of grassland for grazing compared to the vast steps of Russia or parts of Asia and even the Middle East. The lack of pasture creates logistics problems for large nomadic tribes, who were overwhelmingly heavy in horse cavalry in their army makeup and had to be able to support large herds.&lt;/p&gt;\n\n&lt;p&gt;Western Europe is also hemmed in by seas, the Baltic/North Sea to the North and the Med to the South. This further constricts avenues of advance for an invading force unless that force is proficient in amphibious operations, which steppe tribes typically were not. A favorite strategic move by the Mongols was to invade a country with multiple armies from different directions to confuse and overwhelm their enemy. Again, this is harder to do the further West you go in Europe, where the terrain limits the ingress points for large cavalry armies. That type of terrain can also favor densely packed infantry formations over wide ranging armies of light cavalry, further negating the usual steppe advantage. So extended operations for steppe people into Western Europe was a logistical and tactical challenge that they weren&amp;#39;t used to. The geography did not play to their strengths.&lt;/p&gt;\n\n&lt;p&gt;I don&amp;#39;t want to discount the actions of peoples in Western Europe in successfully checking steppe army incursions, such as the actions of Flavius Aetius against the Huns, nor the role of chance, such as the death of Genghis Khan just as the Mongol invasion of Europe was getting going. I&amp;#39;d also add that the Mongols at least are on record of being successful across a diverse geographic expanse. From the Russian steppes to the Middle East, and all through China and into Southeast Asia. Although the grazing in or adjacent to many of those areas was arguably superior to Western Europe.&lt;/p&gt;\n\n&lt;p&gt;All that being said, I think Western Europe was probably a uniquely tough nut to crack due to its geography and its relative distance from Asia. Perhaps just as important, it may not have been seen as that valuable of a prize by an empire like the Mongols, due to what they would view as its geographic limitations and lack of wealth compared to China or other Asian kingdoms of the day.&lt;/p&gt;\n&lt;/div&gt;", "gildings": {}, "collapsed_reason": null, "associated_award": null, "stickied": false, "author_premium": false, "subreddit_type": "public", "can_gild": true, "top_awarded_type": null, "author_flair_text_color": null, "score_hidden": false, "permalink": "/r/AskHistorians/comments/lac84a/is_there_a_particular_reason_that_the_asian/glnhtr0/", "num_reports": null, "locked": false, "name": "t1_glnhtr0", "created": 1612243788.0, "subreddit": "AskHistorians", "author_flair_text": null, "treatment_tags": [], "created_utc": 1612214988.0, "subreddit_name_prefixed": "r/AskHistorians", "controversiality": 0, "depth": 0, "author_flair_background_color": null, "collapsed_because_crowd_control": null, "mod_reports": [], "mod_note": null, "distinguished": null}}], "after": null, "before": null}}]