[{"kind": "Listing", "data": {"modhash": null, "dist": 1, "children": [{"kind": "t3", "data": {"author_flair_background_color": null, "approved_at_utc": null, "subreddit": "AskHistorians", "selftext": "I am reading Iggers\u2019 *Historiography in the Twentieth Century* and I\u2019ve reached the portion of the more postmodern theories. He talks about (and criticizes) Geertz\u2019s theory of \u201cthick description\u201c and his use of it in his study on cockfights in Bali. But I haven\u2019t been able to understand what exactly a \u201cthick description\u201d is. How is it different from a description according to more \u201cordinary\u201d and older methods of historiography?", "user_reports": [], "saved": false, "mod_reason_title": null, "gilded": 0, "clicked": false, "title": "What is a \u201cthick description\u201d in historical studies?", "link_flair_richtext": [], "subreddit_name_prefixed": "r/AskHistorians", "hidden": false, "pwls": 6, "link_flair_css_class": null, "downs": 0, "top_awarded_type": null, "parent_whitelist_status": "all_ads", "hide_score": false, "name": "t3_lahz0w", "quarantine": false, "link_flair_text_color": "dark", "upvote_ratio": 0.76, "ignore_reports": false, "subreddit_type": "public", "ups": 2, "total_awards_received": 0, "media_embed": {}, "author_flair_template_id": null, "is_original_content": false, "author_fullname": "t2_1wsqvxff", "secure_media": null, "is_reddit_media_domain": false, "is_meta": false, "category": null, "secure_media_embed": {}, "link_flair_text": null, "can_mod_post": false, "score": 2, "approved_by": null, "author_premium": false, "thumbnail": "", "edited": false, "author_flair_css_class": null, "previous_visits": [1620893226.0], "author_flair_richtext": [], "gildings": {}, "content_categories": null, "is_self": true, "mod_note": null, "created": 1612252204.0, "link_flair_type": "text", "wls": 6, "removed_by_category": null, "banned_by": null, "author_flair_type": "text", "domain": "self.AskHistorians", "allow_live_comments": false, "selftext_html": "&lt;!-- SC_OFF --&gt;&lt;div class=\"md\"&gt;&lt;p&gt;I am reading Iggers\u2019 &lt;em&gt;Historiography in the Twentieth Century&lt;/em&gt; and I\u2019ve reached the portion of the more postmodern theories. He talks about (and criticizes) Geertz\u2019s theory of \u201cthick description\u201c and his use of it in his study on cockfights in Bali. But I haven\u2019t been able to understand what exactly a \u201cthick description\u201d is. How is it different from a description according to more \u201cordinary\u201d and older methods of historiography?&lt;/p&gt;\n&lt;/div&gt;&lt;!-- SC_ON --&gt;", "likes": null, "suggested_sort": null, "banned_at_utc": null, "view_count": null, "archived": false, "no_follow": false, "spam": false, "is_crosspostable": true, "pinned": false, "over_18": false, "all_awardings": [], "awarders": [], "media_only": false, "can_gild": true, "removed": false, "spoiler": false, "locked": false, "author_flair_text": null, "treatment_tags": [], "visited": false, "removed_by": null, "num_reports": null, "distinguished": null, "subreddit_id": "t5_2ssp3", "mod_reason_by": null, "removal_reason": null, "link_flair_background_color": "", "id": "lahz0w", "is_robot_indexable": true, "num_duplicates": 1, "report_reasons": null, "author": "WAU1936", "discussion_type": null, "num_comments": 5, "send_replies": true, "media": null, "contest_mode": false, "author_patreon_flair": false, "approved": true, "author_flair_text_color": null, "permalink": "/r/AskHistorians/comments/lahz0w/what_is_a_thick_description_in_historical_studies/", "whitelist_status": "all_ads", "stickied": false, "url": "https://www.reddit.com/r/AskHistorians/comments/lahz0w/what_is_a_thick_description_in_historical_studies/", "subreddit_subscribers": 1347380, "created_utc": 1612223404.0, "num_crossposts": 0, "mod_reports": [], "is_video": false}}], "after": null, "before": null}}, {"kind": "Listing", "data": {"modhash": null, "dist": null, "children": [{"kind": "t1", "data": {"total_awards_received": 0, "approved_at_utc": null, "comment_type": null, "awarders": [], "mod_reason_by": null, "banned_by": null, "ups": 2, "author_flair_type": "text", "removal_reason": null, "link_id": "t3_lahz0w", "author_flair_template_id": null, "likes": null, "replies": "", "user_reports": [], "saved": false, "id": "glo1n4i", "banned_at_utc": null, "mod_reason_title": null, "gilded": 0, "archived": false, "removed": false, "no_follow": false, "author": "AutoModerator", "can_mod_post": false, "send_replies": false, "parent_id": "t3_lahz0w", "score": 2, "author_fullname": "t2_6l4z3", "report_reasons": null, "approved_by": null, "all_awardings": [], "subreddit_id": "t5_2ssp3", "ignore_reports": false, "body": "Welcome to /r/AskHistorians. **Please [Read Our Rules](https://www.reddit.com/r/AskHistorians/wiki/rules) before you comment in this community**. Understand that [rule breaking comments get removed](https://www.reddit.com/r/AskHistorians/comments/h8aefx/rules_roundtable_xviii_removed_curation_and_why/).\n\n#Please consider **[Clicking Here for RemindMeBot](https://www.reddit.com/message/compose/?to=RemindMeBot&amp;subject=Reminder&amp;message=%5Bhttps://www.reddit.com/r/AskHistorians/comments/lahz0w/what_is_a_thick_description_in_historical_studies/%5D%0A%0ARemindMe!%202%20days)** as it takes time for an answer to be written. \n\nWe thank you for your interest in this *question*, and your patience in waiting for an in-depth and comprehensive answer to show up. In addition to RemindMeBot, consider [using our Browser Extension](https://www.reddit.com/r/AskHistorians/comments/d6dzi7/tired_of_clicking_to_find_only_removed_comments/), or getting the [Weekly Roundup](https://www.reddit.com/message/compose?to=subredditsummarybot&amp;subject=askhistorians+weekly&amp;message=x). In the meantime our [Twitter](https://twitter.com/askhistorians), [Facebook](https://www.facebook.com/askhistorians/), and [Sunday Digest](https://www.reddit.com/r/AskHistorians/search?q=title%3A%22Sunday+Digest%22&amp;restrict_sr=on&amp;sort=new&amp;t=all) feature excellent content that has already been written!\n\n\n*I am a bot, and this action was performed automatically. Please [contact the moderators of this subreddit](/message/compose/?to=/r/AskHistorians) if you have any questions or concerns.*", "edited": false, "downs": 0, "author_flair_css_class": null, "is_submitter": false, "collapsed": false, "author_flair_richtext": [], "author_patreon_flair": false, "body_html": "&lt;div class=\"md\"&gt;&lt;p&gt;Welcome to &lt;a href=\"/r/AskHistorians\"&gt;/r/AskHistorians&lt;/a&gt;. &lt;strong&gt;Please &lt;a href=\"https://www.reddit.com/r/AskHistorians/wiki/rules\"&gt;Read Our Rules&lt;/a&gt; before you comment in this community&lt;/strong&gt;. Understand that &lt;a href=\"https://www.reddit.com/r/AskHistorians/comments/h8aefx/rules_roundtable_xviii_removed_curation_and_why/\"&gt;rule breaking comments get removed&lt;/a&gt;.&lt;/p&gt;\n\n&lt;h1&gt;Please consider &lt;strong&gt;&lt;a href=\"https://www.reddit.com/message/compose/?to=RemindMeBot&amp;amp;subject=Reminder&amp;amp;message=%5Bhttps://www.reddit.com/r/AskHistorians/comments/lahz0w/what_is_a_thick_description_in_historical_studies/%5D%0A%0ARemindMe!%202%20days\"&gt;Clicking Here for RemindMeBot&lt;/a&gt;&lt;/strong&gt; as it takes time for an answer to be written.&lt;/h1&gt;\n\n&lt;p&gt;We thank you for your interest in this &lt;em&gt;question&lt;/em&gt;, and your patience in waiting for an in-depth and comprehensive answer to show up. In addition to RemindMeBot, consider &lt;a href=\"https://www.reddit.com/r/AskHistorians/comments/d6dzi7/tired_of_clicking_to_find_only_removed_comments/\"&gt;using our Browser Extension&lt;/a&gt;, or getting the &lt;a href=\"https://www.reddit.com/message/compose?to=subredditsummarybot&amp;amp;subject=askhistorians+weekly&amp;amp;message=x\"&gt;Weekly Roundup&lt;/a&gt;. In the meantime our &lt;a href=\"https://twitter.com/askhistorians\"&gt;Twitter&lt;/a&gt;, &lt;a href=\"https://www.facebook.com/askhistorians/\"&gt;Facebook&lt;/a&gt;, and &lt;a href=\"https://www.reddit.com/r/AskHistorians/search?q=title%3A%22Sunday+Digest%22&amp;amp;restrict_sr=on&amp;amp;sort=new&amp;amp;t=all\"&gt;Sunday Digest&lt;/a&gt; feature excellent content that has already been written!&lt;/p&gt;\n\n&lt;p&gt;&lt;em&gt;I am a bot, and this action was performed automatically. Please &lt;a href=\"/message/compose/?to=/r/AskHistorians\"&gt;contact the moderators of this subreddit&lt;/a&gt; if you have any questions or concerns.&lt;/em&gt;&lt;/p&gt;\n&lt;/div&gt;", "gildings": {}, "collapsed_reason": null, "associated_award": null, "stickied": true, "author_premium": true, "subreddit_type": "public", "can_gild": true, "top_awarded_type": null, "approved": false, "author_flair_text_color": null, "score_hidden": false, "permalink": "/r/AskHistorians/comments/lahz0w/what_is_a_thick_description_in_historical_studies/glo1n4i/", "num_reports": null, "locked": true, "name": "t1_glo1n4i", "created": 1612252205.0, "subreddit": "AskHistorians", "author_flair_text": null, "treatment_tags": [], "spam": false, "created_utc": 1612223405.0, "subreddit_name_prefixed": "r/AskHistorians", "controversiality": 0, "depth": 0, "author_flair_background_color": null, "collapsed_because_crowd_control": null, "mod_reports": [], "mod_note": null, "distinguished": "moderator"}}, {"kind": "t1", "data": {"total_awards_received": 0, "approved_at_utc": null, "comment_type": null, "awarders": [], "mod_reason_by": null, "banned_by": null, "ups": 3, "author_flair_type": "richtext", "removal_reason": null, "link_id": "t3_lahz0w", "author_flair_template_id": "9e641f94-c626-11e2-8e2c-12313b0b21ae", "likes": null, "replies": {"kind": "Listing", "data": {"modhash": null, "dist": null, "children": [{"kind": "t1", "data": {"total_awards_received": 0, "approved_at_utc": null, "ignore_reports": false, "comment_type": null, "awarders": [], "mod_reason_by": null, "banned_by": null, "ups": 1, "author_flair_type": "text", "removal_reason": null, "link_id": "t3_lahz0w", "author_flair_template_id": null, "likes": null, "replies": "", "user_reports": [], "saved": false, "id": "gm56eqh", "banned_at_utc": null, "mod_reason_title": null, "gilded": 0, "archived": false, "removed": false, "no_follow": false, "author": "WAU1936", "can_mod_post": false, "send_replies": true, "parent_id": "t1_gm0r2cs", "score": 1, "author_fullname": "t2_1wsqvxff", "report_reasons": null, "approved_by": null, "all_awardings": [], "subreddit_id": "t5_2ssp3", "collapsed": false, "body": "Thank you, this was a very detailed response!", "edited": false, "author_flair_css_class": null, "is_submitter": true, "downs": 0, "author_flair_richtext": [], "author_patreon_flair": false, "body_html": "&lt;div class=\"md\"&gt;&lt;p&gt;Thank you, this was a very detailed response!&lt;/p&gt;\n&lt;/div&gt;", "gildings": {}, "collapsed_reason": null, "associated_award": null, "stickied": false, "author_premium": false, "subreddit_type": "public", "can_gild": true, "top_awarded_type": null, "approved": false, "author_flair_text_color": null, "score_hidden": false, "permalink": "/r/AskHistorians/comments/lahz0w/what_is_a_thick_description_in_historical_studies/gm56eqh/", "num_reports": null, "locked": false, "name": "t1_gm56eqh", "created": 1612578176.0, "subreddit": "AskHistorians", "author_flair_text": null, "treatment_tags": [], "spam": false, "created_utc": 1612549376.0, "subreddit_name_prefixed": "r/AskHistorians", "controversiality": 0, "depth": 1, "author_flair_background_color": null, "collapsed_because_crowd_control": null, "mod_reports": [], "mod_note": null, "distinguished": null}}], "after": null, "before": null}}, "user_reports": [], "saved": false, "id": "gm0r2cs", "banned_at_utc": null, "mod_reason_title": null, "gilded": 0, "archived": false, "removed": false, "no_follow": false, "author": "CommodoreCoCo", "can_mod_post": false, "send_replies": true, "parent_id": "t3_lahz0w", "score": 3, "author_fullname": "t2_gde6c", "report_reasons": null, "approved_by": null, "all_awardings": [], "subreddit_id": "t5_2ssp3", "ignore_reports": false, "body": "As an anthropologist, Geertz was not writing for historians, nor was he, from my notice, familiar with historiography. Thus, we need to look to the older anthropological theories to understand where he's coming from and why he's important.\n\nIn the mid 20th century, anthropology experienced its first true paradigms shifts. Sure, people had been writing about human societies for 100 years by then. But these were foundational scholars like Karl Marx or Emil Drukheim, whose work predated any divisions within the social sciences; physical \"anthrolopogists\" who only studied human morphology in vain attempts to delineate human races; and armchair \"ethnographers\" like Lewis Henry Morgan who were fascinated by indigenous American cultures and raced to preserve it (mostly ignoring, of course, the systems of oppression that threatened it). The modern field of socio-cultural anthropology had only emerged at the start of that century. Franz Boas started the first department in the US in 1903; it wasn't until after 1937 that A.R. Radcliffe-Brown started the anthropology department at Oxford. Long term, in depth fieldwork as the primary method of the anthropologists only comes about in the 1920s, with significant publications from Bronislaw Malinowski, Margaret Mead, and others. A primary consequence of this was that the field was very small, and those involved were heavily influenced by single individuals. As famous as Boas is for basically starting American anthropology, his students (Mead, Edward Sapir, Ruth Benedict, etc.) can also be said to have started their own schools of thought.\n\nBy the late '50s there's finally enough anthropologists around that people start to A) branch into different schools within anthropology and B) revisit the founding concepts of the field. One of those concepts was the idea of \"culture.\"  Up to that point, most anthropologists could be considered [Functionalists:](https://old.reddit.com/r/AskAnthropology/comments/ixqln8/malinowskis_functionalism_as_an_alternative_to/) cultural practices exist to serve certain functions within a culture. People need to eat, they need to resolve conflicts, and they need to raise children; what we call \"culture\" is generally just means to those ends. At the same time, people knew culture was more than that- but what was it? Where is culture \"located:\" in the mind, in the social world, somewhere in between? How can we study it, since it's lot more than the behaviors that we *can* observe? \n\nSome folks- the ethnoscientists- found value in identifying what they called the \"domains\" of a culture. By \"domains,\" they meant the categories with which a people viewed and understood their world: how are colors, animals, plants, foods, and geography classified? Similarly, cognitive anthropologists were interested in the psychological aspects of culture. Claude Levi-Strauss took this even further with his field of Structuralism; Levi-Strauss argued that human behaviors across cultures revealed underlying patterns/structures of human thought.\n\nSome went the opposite direction and revived Marxist, evolutionary, and other materialist perspectives from the 19th-century. These scholars saw culture as a byproduct, a consequence of basic needs. They focused on economies, subsistence strategies, and the development of sociopolitical complexity. The traditionally \"cultural\" things that anthropologists studied- ritual, dance, religion, dress- were often ignored or considered inconsequential. The real story of these people was underneath that, in their material lives.\n\nOthers were influenced by linguistics and saw culture as a network of signs and meanings shared by a community. Whereas structuralists also used a linguistic analogy, they did so to emphasize the underlying rules (i.e. \"grammar\") of a cultural systems. These Symbolic Anthropologists- Mary Douglas, Victor Turner, and Clifford Geertz- instead found culture something to be \"read.\" Cultural behaviors were representative, they had deeper meanings, meanings that were sometimes spoken, sometimes unspoken and secret, and sometimes tacitly acknowledged. It was the anthropologists job to, as Iggers says, \"decipher these experiences indirectly though symbolic and ritualistic acts.\"\n\nThe fundamental tool of the Symbolic Anthropologist, per Geertz, is Thick Description. \"Thick\" refers to the depth of the ethnographic narrative; it must analyze behaviors at multiple levels. Geertz gives the example of a wink in the introduction to *The Interpretation of Cultures*. A wink is a tremendously simple action, one that may even be done unconsciously. When it's directed at someone, what does it mean? Perhaps it's a simple wink of acknowledgement, an \"I see what you did there.\" Perhaps it's a flirty wink at a girl at the bar. Perhaps it's an ironically flirty wink. Perhaps it's ironically flirty but still used to flirt. Perhaps it's in reference to some piece of popular culture. The action is bound up in a \"web of significance.\" The recipient (presumably) understands what is meant. But can the anthropologist? To do so they must understand the interlinked system of meanings, aka \"culture.\" **Thick Description is explaining behaviors within multiple layers of cultural meaning.**\n\nThis meant that Geertz and similar authors spent more time talking about culture *in its own terms* than did other anthropologists at the time. Cultures weren't byproducts of material behaviors or psychological natures, but things inherently complex enough to study independently. As Iggers notes, this appealed to contemporary social historians, though they didn't do much with it. His critiques of Geertz (\"the thick description they call for does not give us access to an individual but only to the culture in which he or she is bound up\") closely resembles those made by later anthropologists. Geertz' most famous essay, *Notes on a Balinese Cockfight*, is archetype of Tick Description; not only is it a vivid account of a distinctive tradition, but it is also an interpretation of what the event means for people. It's a display of class, an arbitrer of personal conflicts, a contest of manliness (the obvious \"cock\" puns are plentiful). Yet through it all, it's hard to apply to any specific historical moment. Geertz speaks only of \"the Balinese\" as a collective; the bound system of meaning that he thickly describes seems only to exist in his writings. Because thick description is so concerned with culture and culture alone, it has limited applications in historical, specific writing.", "edited": false, "downs": 0, "author_flair_css_class": null, "is_submitter": false, "collapsed": false, "author_flair_richtext": [{"e": "text", "t": "Moderator | Andean Archaeology"}], "author_patreon_flair": false, "body_html": "&lt;div class=\"md\"&gt;&lt;p&gt;As an anthropologist, Geertz was not writing for historians, nor was he, from my notice, familiar with historiography. Thus, we need to look to the older anthropological theories to understand where he&amp;#39;s coming from and why he&amp;#39;s important.&lt;/p&gt;\n\n&lt;p&gt;In the mid 20th century, anthropology experienced its first true paradigms shifts. Sure, people had been writing about human societies for 100 years by then. But these were foundational scholars like Karl Marx or Emil Drukheim, whose work predated any divisions within the social sciences; physical &amp;quot;anthrolopogists&amp;quot; who only studied human morphology in vain attempts to delineate human races; and armchair &amp;quot;ethnographers&amp;quot; like Lewis Henry Morgan who were fascinated by indigenous American cultures and raced to preserve it (mostly ignoring, of course, the systems of oppression that threatened it). The modern field of socio-cultural anthropology had only emerged at the start of that century. Franz Boas started the first department in the US in 1903; it wasn&amp;#39;t until after 1937 that A.R. Radcliffe-Brown started the anthropology department at Oxford. Long term, in depth fieldwork as the primary method of the anthropologists only comes about in the 1920s, with significant publications from Bronislaw Malinowski, Margaret Mead, and others. A primary consequence of this was that the field was very small, and those involved were heavily influenced by single individuals. As famous as Boas is for basically starting American anthropology, his students (Mead, Edward Sapir, Ruth Benedict, etc.) can also be said to have started their own schools of thought.&lt;/p&gt;\n\n&lt;p&gt;By the late &amp;#39;50s there&amp;#39;s finally enough anthropologists around that people start to A) branch into different schools within anthropology and B) revisit the founding concepts of the field. One of those concepts was the idea of &amp;quot;culture.&amp;quot;  Up to that point, most anthropologists could be considered &lt;a href=\"https://old.reddit.com/r/AskAnthropology/comments/ixqln8/malinowskis_functionalism_as_an_alternative_to/\"&gt;Functionalists:&lt;/a&gt; cultural practices exist to serve certain functions within a culture. People need to eat, they need to resolve conflicts, and they need to raise children; what we call &amp;quot;culture&amp;quot; is generally just means to those ends. At the same time, people knew culture was more than that- but what was it? Where is culture &amp;quot;located:&amp;quot; in the mind, in the social world, somewhere in between? How can we study it, since it&amp;#39;s lot more than the behaviors that we &lt;em&gt;can&lt;/em&gt; observe? &lt;/p&gt;\n\n&lt;p&gt;Some folks- the ethnoscientists- found value in identifying what they called the &amp;quot;domains&amp;quot; of a culture. By &amp;quot;domains,&amp;quot; they meant the categories with which a people viewed and understood their world: how are colors, animals, plants, foods, and geography classified? Similarly, cognitive anthropologists were interested in the psychological aspects of culture. Claude Levi-Strauss took this even further with his field of Structuralism; Levi-Strauss argued that human behaviors across cultures revealed underlying patterns/structures of human thought.&lt;/p&gt;\n\n&lt;p&gt;Some went the opposite direction and revived Marxist, evolutionary, and other materialist perspectives from the 19th-century. These scholars saw culture as a byproduct, a consequence of basic needs. They focused on economies, subsistence strategies, and the development of sociopolitical complexity. The traditionally &amp;quot;cultural&amp;quot; things that anthropologists studied- ritual, dance, religion, dress- were often ignored or considered inconsequential. The real story of these people was underneath that, in their material lives.&lt;/p&gt;\n\n&lt;p&gt;Others were influenced by linguistics and saw culture as a network of signs and meanings shared by a community. Whereas structuralists also used a linguistic analogy, they did so to emphasize the underlying rules (i.e. &amp;quot;grammar&amp;quot;) of a cultural systems. These Symbolic Anthropologists- Mary Douglas, Victor Turner, and Clifford Geertz- instead found culture something to be &amp;quot;read.&amp;quot; Cultural behaviors were representative, they had deeper meanings, meanings that were sometimes spoken, sometimes unspoken and secret, and sometimes tacitly acknowledged. It was the anthropologists job to, as Iggers says, &amp;quot;decipher these experiences indirectly though symbolic and ritualistic acts.&amp;quot;&lt;/p&gt;\n\n&lt;p&gt;The fundamental tool of the Symbolic Anthropologist, per Geertz, is Thick Description. &amp;quot;Thick&amp;quot; refers to the depth of the ethnographic narrative; it must analyze behaviors at multiple levels. Geertz gives the example of a wink in the introduction to &lt;em&gt;The Interpretation of Cultures&lt;/em&gt;. A wink is a tremendously simple action, one that may even be done unconsciously. When it&amp;#39;s directed at someone, what does it mean? Perhaps it&amp;#39;s a simple wink of acknowledgement, an &amp;quot;I see what you did there.&amp;quot; Perhaps it&amp;#39;s a flirty wink at a girl at the bar. Perhaps it&amp;#39;s an ironically flirty wink. Perhaps it&amp;#39;s ironically flirty but still used to flirt. Perhaps it&amp;#39;s in reference to some piece of popular culture. The action is bound up in a &amp;quot;web of significance.&amp;quot; The recipient (presumably) understands what is meant. But can the anthropologist? To do so they must understand the interlinked system of meanings, aka &amp;quot;culture.&amp;quot; &lt;strong&gt;Thick Description is explaining behaviors within multiple layers of cultural meaning.&lt;/strong&gt;&lt;/p&gt;\n\n&lt;p&gt;This meant that Geertz and similar authors spent more time talking about culture &lt;em&gt;in its own terms&lt;/em&gt; than did other anthropologists at the time. Cultures weren&amp;#39;t byproducts of material behaviors or psychological natures, but things inherently complex enough to study independently. As Iggers notes, this appealed to contemporary social historians, though they didn&amp;#39;t do much with it. His critiques of Geertz (&amp;quot;the thick description they call for does not give us access to an individual but only to the culture in which he or she is bound up&amp;quot;) closely resembles those made by later anthropologists. Geertz&amp;#39; most famous essay, &lt;em&gt;Notes on a Balinese Cockfight&lt;/em&gt;, is archetype of Tick Description; not only is it a vivid account of a distinctive tradition, but it is also an interpretation of what the event means for people. It&amp;#39;s a display of class, an arbitrer of personal conflicts, a contest of manliness (the obvious &amp;quot;cock&amp;quot; puns are plentiful). Yet through it all, it&amp;#39;s hard to apply to any specific historical moment. Geertz speaks only of &amp;quot;the Balinese&amp;quot; as a collective; the bound system of meaning that he thickly describes seems only to exist in his writings. Because thick description is so concerned with culture and culture alone, it has limited applications in historical, specific writing.&lt;/p&gt;\n&lt;/div&gt;", "gildings": {}, "collapsed_reason": null, "associated_award": null, "stickied": false, "author_premium": false, "subreddit_type": "public", "can_gild": true, "top_awarded_type": null, "approved": false, "author_flair_text_color": "light", "score_hidden": false, "permalink": "/r/AskHistorians/comments/lahz0w/what_is_a_thick_description_in_historical_studies/gm0r2cs/", "num_reports": null, "locked": false, "name": "t1_gm0r2cs", "created": 1612493568.0, "subreddit": "AskHistorians", "author_flair_text": "Moderator | Andean Archaeology", "treatment_tags": [], "spam": false, "created_utc": 1612464768.0, "subreddit_name_prefixed": "r/AskHistorians", "controversiality": 0, "depth": 0, "author_flair_background_color": "#993366", "collapsed_because_crowd_control": null, "mod_reports": [], "mod_note": null, "distinguished": null}}, {"kind": "t1", "data": {"total_awards_received": 0, "approved_at_utc": null, "comment_type": null, "awarders": [], "mod_reason_by": null, "banned_by": null, "ups": 2, "removal_reason": null, "link_id": "t3_lahz0w", "author_flair_template_id": null, "likes": null, "replies": {"kind": "Listing", "data": {"modhash": null, "dist": null, "children": [{"kind": "t1", "data": {"total_awards_received": 0, "approved_at_utc": null, "comment_type": null, "awarders": [], "mod_reason_by": null, "banned_by": null, "ups": 2, "removal_reason": null, "link_id": "t3_lahz0w", "author_flair_template_id": null, "likes": null, "replies": "", "user_reports": [], "saved": false, "id": "globnlu", "banned_at_utc": null, "mod_reason_title": null, "gilded": 0, "archived": false, "removed": true, "no_follow": true, "author": "[deleted]", "can_mod_post": false, "send_replies": true, "parent_id": "t1_glo5pr8", "score": 2, "approved_by": null, "report_reasons": null, "ignore_reports": false, "all_awardings": [], "subreddit_id": "t5_2ssp3", "body": "[removed]", "edited": false, "author_flair_css_class": null, "collapsed": true, "downs": 0, "is_submitter": false, "body_html": "&lt;div class=\"md\"&gt;&lt;p&gt;[removed]&lt;/p&gt;\n&lt;/div&gt;", "gildings": {}, "collapsed_reason": null, "associated_award": null, "stickied": false, "subreddit_type": "public", "can_gild": true, "top_awarded_type": null, "approved": false, "author_flair_text_color": "dark", "score_hidden": false, "permalink": "/r/AskHistorians/comments/lahz0w/what_is_a_thick_description_in_historical_studies/globnlu/", "num_reports": null, "locked": false, "name": "t1_globnlu", "created": 1612256917.0, "subreddit": "AskHistorians", "author_flair_text": null, "treatment_tags": [], "spam": false, "created_utc": 1612228117.0, "subreddit_name_prefixed": "r/AskHistorians", "controversiality": 0, "depth": 1, "author_flair_background_color": "", "collapsed_because_crowd_control": null, "mod_reports": [], "mod_note": null, "distinguished": null}}], "after": null, "before": null}}, "user_reports": [], "saved": false, "id": "glo5pr8", "banned_at_utc": null, "mod_reason_title": null, "gilded": 0, "archived": false, "removed": true, "no_follow": true, "author": "[deleted]", "can_mod_post": false, "send_replies": true, "parent_id": "t3_lahz0w", "score": 2, "approved_by": null, "report_reasons": null, "ignore_reports": false, "all_awardings": [], "subreddit_id": "t5_2ssp3", "body": "[removed]", "edited": 1612225506.0, "downs": 0, "author_flair_css_class": null, "collapsed": true, "is_submitter": false, "body_html": "&lt;div class=\"md\"&gt;&lt;p&gt;[removed]&lt;/p&gt;\n&lt;/div&gt;", "gildings": {}, "collapsed_reason": null, "associated_award": null, "stickied": false, "subreddit_type": "public", "can_gild": true, "top_awarded_type": null, "approved": false, "author_flair_text_color": "dark", "score_hidden": false, "permalink": "/r/AskHistorians/comments/lahz0w/what_is_a_thick_description_in_historical_studies/glo5pr8/", "num_reports": null, "locked": false, "name": "t1_glo5pr8", "created": 1612254098.0, "subreddit": "AskHistorians", "author_flair_text": null, "treatment_tags": [], "spam": false, "created_utc": 1612225298.0, "subreddit_name_prefixed": "r/AskHistorians", "controversiality": 0, "depth": 0, "author_flair_background_color": "", "collapsed_because_crowd_control": null, "mod_reports": [], "mod_note": null, "distinguished": null}}], "after": null, "before": null}}]