[{"kind": "Listing", "data": {"modhash": "", "dist": 1, "children": [{"kind": "t3", "data": {"approved_at_utc": null, "subreddit": "AskHistorians", "selftext": "[deleted]", "user_reports": [], "saved": false, "mod_reason_title": null, "gilded": 0, "clicked": false, "title": "When present day Arizona was part of Mexico, were the natives there considered Mexican?", "link_flair_richtext": [], "subreddit_name_prefixed": "r/AskHistorians", "hidden": false, "pwls": 6, "link_flair_css_class": null, "downs": 0, "parent_whitelist_status": "all_ads", "hide_score": false, "name": "t3_6esnry", "quarantine": false, "link_flair_text_color": "dark", "upvote_ratio": 1.0, "author_flair_background_color": "", "subreddit_type": "public", "ups": 1, "domain": "self.AskHistorians", "media_embed": {}, "author_flair_template_id": null, "is_original_content": false, "secure_media": null, "is_reddit_media_domain": false, "category": null, "secure_media_embed": {}, "link_flair_text": null, "can_mod_post": false, "score": 1, "approved_by": null, "thumbnail": "", "edited": false, "author_flair_css_class": null, "content_categories": null, "is_self": true, "mod_note": null, "created": 1496413013.0, "link_flair_type": "text", "wls": 6, "post_categories": null, "banned_by": null, "contest_mode": false, "selftext_html": "&lt;!-- SC_OFF --&gt;&lt;div class=\"md\"&gt;&lt;p&gt;[deleted]&lt;/p&gt;\n&lt;/div&gt;&lt;!-- SC_ON --&gt;", "likes": null, "suggested_sort": null, "banned_at_utc": null, "view_count": null, "archived": true, "no_follow": true, "is_crosspostable": false, "pinned": false, "over_18": false, "media": null, "media_only": false, "can_gild": false, "spoiler": false, "locked": false, "author_flair_text": null, "rte_mode": "markdown", "visited": false, "num_reports": null, "distinguished": null, "subreddit_id": "t5_2ssp3", "mod_reason_by": null, "removal_reason": null, "id": "6esnry", "report_reasons": null, "author": "[deleted]", "num_crossposts": 0, "num_comments": 2, "send_replies": true, "author_flair_text_color": "dark", "permalink": "/r/AskHistorians/comments/6esnry/when_present_day_arizona_was_part_of_mexico_were/", "whitelist_status": "all_ads", "stickied": false, "url": "https://www.reddit.com/r/AskHistorians/comments/6esnry/when_present_day_arizona_was_part_of_mexico_were/", "subreddit_subscribers": 771065, "created_utc": 1496384213.0, "mod_reports": [], "is_video": false}}], "after": null, "before": null}}, {"kind": "Listing", "data": {"modhash": "", "dist": null, "children": [{"kind": "t1", "data": {"subreddit_id": "t5_2ssp3", "approved_at_utc": null, "ups": 0, "mod_reason_by": null, "banned_by": null, "removal_reason": null, "link_id": "t3_6esnry", "author_flair_template_id": null, "likes": null, "no_follow": true, "replies": "", "user_reports": [], "saved": false, "id": "dicqwi2", "banned_at_utc": null, "mod_reason_title": null, "gilded": 0, "archived": true, "report_reasons": null, "author": "[deleted]", "can_mod_post": false, "send_replies": true, "parent_id": "t3_6esnry", "score": 0, "approved_by": null, "downs": 0, "body": "[removed]", "edited": false, "author_flair_css_class": null, "collapsed": false, "is_submitter": false, "collapsed_reason": null, "body_html": "&lt;div class=\"md\"&gt;&lt;p&gt;[removed]&lt;/p&gt;\n&lt;/div&gt;", "stickied": false, "subreddit_type": "public", "can_gild": true, "subreddit": "AskHistorians", "author_flair_text_color": "dark", "score_hidden": false, "permalink": "/r/AskHistorians/comments/6esnry/when_present_day_arizona_was_part_of_mexico_were/dicqwi2/", "num_reports": null, "name": "t1_dicqwi2", "created": 1496413945.0, "author_flair_text": null, "rte_mode": "markdown", "created_utc": 1496385145.0, "subreddit_name_prefixed": "r/AskHistorians", "controversiality": 0, "depth": 0, "author_flair_background_color": "", "mod_reports": [], "mod_note": null, "distinguished": null}}], "after": null, "before": null}}]