[{"kind": "Listing", "data": {"modhash": "", "dist": 1, "children": [{"kind": "t3", "data": {"approved_at_utc": null, "subreddit": "AskHistorians", "selftext": "Vote for what you liked. Submit ones you liked and don't see here.", "user_reports": [], "saved": false, "mod_reason_title": null, "gilded": 0, "clicked": false, "title": "Best of May Voting Thread", "link_flair_richtext": [{"e": "text", "t": "Best Of"}], "subreddit_name_prefixed": "r/AskHistorians", "hidden": false, "pwls": 6, "link_flair_css_class": "best", "downs": 0, "parent_whitelist_status": "all_ads", "hide_score": false, "name": "t3_6eue0f", "quarantine": false, "link_flair_text_color": "dark", "upvote_ratio": 0.73, "author_flair_background_color": "#8b008b", "subreddit_type": "public", "ups": 10, "domain": "self.AskHistorians", "media_embed": {}, "author_flair_template_id": "9e641f94-c626-11e2-8e2c-12313b0b21ae", "is_original_content": false, "secure_media": null, "is_reddit_media_domain": false, "category": null, "secure_media_embed": {}, "link_flair_text": "Best Of", "can_mod_post": false, "score": 10, "approved_by": null, "thumbnail": "", "edited": false, "author_flair_css_class": "moderator", "author_flair_richtext": [{"e": "text", "t": "Moderator | Post-Napoleonic Warfare &amp; Small Arms | Dueling"}], "content_categories": null, "is_self": true, "mod_note": null, "created": 1496439127.0, "link_flair_type": "richtext", "wls": 6, "post_categories": null, "banned_by": null, "author_flair_type": "richtext", "contest_mode": true, "selftext_html": "&lt;!-- SC_OFF --&gt;&lt;div class=\"md\"&gt;&lt;p&gt;Vote for what you liked. Submit ones you liked and don&amp;#39;t see here.&lt;/p&gt;\n&lt;/div&gt;&lt;!-- SC_ON --&gt;", "likes": null, "suggested_sort": null, "banned_at_utc": null, "view_count": null, "archived": true, "no_follow": false, "is_crosspostable": false, "pinned": false, "over_18": false, "media_only": false, "can_gild": false, "spoiler": false, "locked": false, "author_flair_text": "Moderator | Post-Napoleonic Warfare &amp; Small Arms | Dueling", "rte_mode": "markdown", "visited": false, "num_reports": null, "distinguished": null, "subreddit_id": "t5_2ssp3", "mod_reason_by": null, "removal_reason": null, "id": "6eue0f", "report_reasons": null, "author": "Georgy_K_Zhukov", "num_crossposts": 0, "num_comments": 20, "send_replies": true, "mod_reports": [], "author_flair_text_color": "light", "permalink": "/r/AskHistorians/comments/6eue0f/best_of_may_voting_thread/", "whitelist_status": "all_ads", "stickied": false, "url": "https://www.reddit.com/r/AskHistorians/comments/6eue0f/best_of_may_voting_thread/", "subreddit_subscribers": 771066, "created_utc": 1496410327.0, "media": null, "is_video": false}}], "after": null, "before": null}}, {"kind": "Listing", "data": {"modhash": "", "dist": null, "children": [{"kind": "t1", "data": {"subreddit_id": "t5_2ssp3", "approved_at_utc": null, "ups": 1, "mod_reason_by": null, "banned_by": null, "author_flair_type": "richtext", "removal_reason": null, "link_id": "t3_6eue0f", "author_flair_template_id": null, "likes": null, "no_follow": false, "replies": {"kind": "Listing", "data": {"modhash": "", "dist": null, "children": [{"kind": "t1", "data": {"subreddit_id": "t5_2ssp3", "approved_at_utc": null, "ups": 1, "mod_reason_by": null, "banned_by": null, "author_flair_type": "richtext", "removal_reason": null, "link_id": "t3_6eue0f", "author_flair_template_id": "9e641f94-c626-11e2-8e2c-12313b0b21ae", "likes": null, "no_follow": true, "replies": "", "user_reports": [], "saved": false, "id": "didhf1i", "banned_at_utc": null, "mod_reason_title": null, "gilded": 0, "archived": true, "report_reasons": null, "author": "Georgy_K_Zhukov", "can_mod_post": false, "send_replies": true, "parent_id": "t1_didhdkv", "score": 1, "approved_by": null, "downs": 0, "body": "It is always sad to see a great answer get orphaned when the OP decides to delete their question :(", "edited": false, "author_flair_css_class": "moderator", "collapsed": false, "author_flair_richtext": [{"e": "text", "t": "Moderator | Post-Napoleonic Warfare &amp; Small Arms | Dueling"}], "is_submitter": true, "collapsed_reason": null, "body_html": "&lt;div class=\"md\"&gt;&lt;p&gt;It is always sad to see a great answer get orphaned when the OP decides to delete their question :(&lt;/p&gt;\n&lt;/div&gt;", "stickied": false, "subreddit_type": "public", "can_gild": true, "subreddit": "AskHistorians", "author_flair_text_color": "light", "score_hidden": true, "permalink": "/r/AskHistorians/comments/6eue0f/best_of_may_voting_thread/didhf1i/", "num_reports": null, "name": "t1_didhf1i", "created": 1496456564.0, "author_flair_text": "Moderator | Post-Napoleonic Warfare &amp; Small Arms | Dueling", "rte_mode": "markdown", "created_utc": 1496427764.0, "subreddit_name_prefixed": "r/AskHistorians", "controversiality": 0, "depth": 1, "author_flair_background_color": "#8b008b", "mod_reports": [], "mod_note": null, "distinguished": null}}], "after": null, "before": null}}, "user_reports": [], "saved": false, "id": "didhdkv", "banned_at_utc": null, "mod_reason_title": null, "gilded": 0, "archived": true, "report_reasons": null, "author": "Casiphoner", "can_mod_post": false, "send_replies": true, "parent_id": "t3_6eue0f", "score": 1, "approved_by": null, "downs": 0, "body": "/u/restricteddata answered [*Carl Sagan: 'If the Ionian philosophy had prevailed, we might have been travelling in the stars' How accurate is this?*](https://redd.it/6dfs99) \n\nI have no idea why this question was deleted though.", "edited": false, "author_flair_css_class": "qualitycontributor", "collapsed": false, "author_flair_richtext": [{"e": "text", "t": "Interesting Inquirer"}], "is_submitter": false, "collapsed_reason": null, "body_html": "&lt;div class=\"md\"&gt;&lt;p&gt;&lt;a href=\"/u/restricteddata\"&gt;/u/restricteddata&lt;/a&gt; answered &lt;a href=\"https://redd.it/6dfs99\"&gt;&lt;em&gt;Carl Sagan: &amp;#39;If the Ionian philosophy had prevailed, we might have been travelling in the stars&amp;#39; How accurate is this?&lt;/em&gt;&lt;/a&gt; &lt;/p&gt;\n\n&lt;p&gt;I have no idea why this question was deleted though.&lt;/p&gt;\n&lt;/div&gt;", "stickied": false, "subreddit_type": "public", "can_gild": true, "subreddit": "AskHistorians", "author_flair_text_color": null, "score_hidden": true, "permalink": "/r/AskHistorians/comments/6eue0f/best_of_may_voting_thread/didhdkv/", "num_reports": null, "name": "t1_didhdkv", "created": 1496456518.0, "author_flair_text": "Interesting Inquirer", "rte_mode": "markdown", "created_utc": 1496427718.0, "subreddit_name_prefixed": "r/AskHistorians", "controversiality": 0, "depth": 0, "author_flair_background_color": null, "mod_reports": [], "mod_note": null, "distinguished": null}}, {"kind": "t1", "data": {"subreddit_id": "t5_2ssp3", "approved_at_utc": null, "ups": 1, "mod_reason_by": null, "banned_by": null, "author_flair_type": "richtext", "removal_reason": null, "link_id": "t3_6eue0f", "author_flair_template_id": "9e641f94-c626-11e2-8e2c-12313b0b21ae", "likes": null, "no_follow": false, "replies": "", "user_reports": [], "saved": false, "id": "did27su", "banned_at_utc": null, "mod_reason_title": null, "gilded": 0, "archived": true, "report_reasons": null, "author": "Georgy_K_Zhukov", "can_mod_post": false, "send_replies": true, "parent_id": "t3_6eue0f", "score": 1, "approved_by": null, "downs": 0, "body": "/u/pangerandipanagara answered [\"Before the advent of modern travel, did all Muslims really seek to carry out the Hajj to Mecca? How about far-flung territories like Indonesia?\"](https://www.reddit.com/r/AskHistorians/comments/6dn7h4/before_the_advent_of_modern_travel_did_all/di4177k/?context=3)", "edited": false, "author_flair_css_class": "moderator", "collapsed": false, "author_flair_richtext": [{"e": "text", "t": "Moderator | Post-Napoleonic Warfare &amp; Small Arms | Dueling"}], "is_submitter": true, "collapsed_reason": null, "body_html": "&lt;div class=\"md\"&gt;&lt;p&gt;&lt;a href=\"/u/pangerandipanagara\"&gt;/u/pangerandipanagara&lt;/a&gt; answered &lt;a href=\"https://www.reddit.com/r/AskHistorians/comments/6dn7h4/before_the_advent_of_modern_travel_did_all/di4177k/?context=3\"&gt;&amp;quot;Before the advent of modern travel, did all Muslims really seek to carry out the Hajj to Mecca? How about far-flung territories like Indonesia?&amp;quot;&lt;/a&gt;&lt;/p&gt;\n&lt;/div&gt;", "stickied": false, "subreddit_type": "public", "can_gild": true, "subreddit": "AskHistorians", "author_flair_text_color": "light", "score_hidden": true, "permalink": "/r/AskHistorians/comments/6eue0f/best_of_may_voting_thread/did27su/", "num_reports": null, "name": "t1_did27su", "created": 1496439298.0, "author_flair_text": "Moderator | Post-Napoleonic Warfare &amp; Small Arms | Dueling", "rte_mode": "markdown", "created_utc": 1496410498.0, "subreddit_name_prefixed": "r/AskHistorians", "controversiality": 0, "depth": 0, "author_flair_background_color": "#8b008b", "mod_reports": [], "mod_note": null, "distinguished": null}}, {"kind": "t1", "data": {"subreddit_id": "t5_2ssp3", "approved_at_utc": null, "ups": 1, "mod_reason_by": null, "banned_by": null, "author_flair_type": "richtext", "removal_reason": null, "link_id": "t3_6eue0f", "author_flair_template_id": "9e641f94-c626-11e2-8e2c-12313b0b21ae", "likes": null, "no_follow": false, "replies": "", "user_reports": [], "saved": false, "id": "did28e1", "banned_at_utc": null, "mod_reason_title": null, "gilded": 0, "archived": true, "report_reasons": null, "author": "Georgy_K_Zhukov", "can_mod_post": false, "send_replies": true, "parent_id": "t3_6eue0f", "score": 1, "approved_by": null, "downs": 0, "body": "/u/kieslowskifan answered [\"I was born in 1988. I hear keep hearing that the effects in the original Star Wars movies was unprecedented, but it's hard to imagine since I was born later. What was the standard of special effects in 1977 that made Star Wars so revolutionary?\"](https://www.reddit.com/r/AskHistorians/comments/69sb8x/i_was_born_in_1988_i_hear_keep_hearing_that_the/dh9b54x/?context=3)", "edited": false, "author_flair_css_class": "moderator", "collapsed": false, "author_flair_richtext": [{"e": "text", "t": "Moderator | Post-Napoleonic Warfare &amp; Small Arms | Dueling"}], "is_submitter": true, "collapsed_reason": null, "body_html": "&lt;div class=\"md\"&gt;&lt;p&gt;&lt;a href=\"/u/kieslowskifan\"&gt;/u/kieslowskifan&lt;/a&gt; answered &lt;a href=\"https://www.reddit.com/r/AskHistorians/comments/69sb8x/i_was_born_in_1988_i_hear_keep_hearing_that_the/dh9b54x/?context=3\"&gt;&amp;quot;I was born in 1988. I hear keep hearing that the effects in the original Star Wars movies was unprecedented, but it&amp;#39;s hard to imagine since I was born later. What was the standard of special effects in 1977 that made Star Wars so revolutionary?&amp;quot;&lt;/a&gt;&lt;/p&gt;\n&lt;/div&gt;", "stickied": false, "subreddit_type": "public", "can_gild": true, "subreddit": "AskHistorians", "author_flair_text_color": "light", "score_hidden": true, "permalink": "/r/AskHistorians/comments/6eue0f/best_of_may_voting_thread/did28e1/", "num_reports": null, "name": "t1_did28e1", "created": 1496439320.0, "author_flair_text": "Moderator | Post-Napoleonic Warfare &amp; Small Arms | Dueling", "rte_mode": "markdown", "created_utc": 1496410520.0, "subreddit_name_prefixed": "r/AskHistorians", "controversiality": 0, "depth": 0, "author_flair_background_color": "#8b008b", "mod_reports": [], "mod_note": null, "distinguished": null}}, {"kind": "t1", "data": {"subreddit_id": "t5_2ssp3", "approved_at_utc": null, "ups": 1, "mod_reason_by": null, "banned_by": null, "author_flair_type": "richtext", "removal_reason": null, "link_id": "t3_6eue0f", "author_flair_template_id": "9e641f94-c626-11e2-8e2c-12313b0b21ae", "likes": null, "no_follow": false, "replies": "", "user_reports": [], "saved": false, "id": "did2b0o", "banned_at_utc": null, "mod_reason_title": null, "gilded": 0, "archived": true, "report_reasons": null, "author": "Georgy_K_Zhukov", "can_mod_post": false, "send_replies": true, "parent_id": "t3_6eue0f", "score": 1, "approved_by": null, "downs": 0, "body": "/u/rhodis answered [\"Regarding the Knights Hospitaller, Templar, and the Teutonic Order\"](https://www.reddit.com/r/AskHistorians/comments/6bidrz/regarding_the_knights_hospitaller_templar_and_the/dhn2xj3/?context=3)", "edited": false, "author_flair_css_class": "moderator", "collapsed": false, "author_flair_richtext": [{"e": "text", "t": "Moderator | Post-Napoleonic Warfare &amp; Small Arms | Dueling"}], "is_submitter": true, "collapsed_reason": null, "body_html": "&lt;div class=\"md\"&gt;&lt;p&gt;&lt;a href=\"/u/rhodis\"&gt;/u/rhodis&lt;/a&gt; answered &lt;a href=\"https://www.reddit.com/r/AskHistorians/comments/6bidrz/regarding_the_knights_hospitaller_templar_and_the/dhn2xj3/?context=3\"&gt;&amp;quot;Regarding the Knights Hospitaller, Templar, and the Teutonic Order&amp;quot;&lt;/a&gt;&lt;/p&gt;\n&lt;/div&gt;", "stickied": false, "subreddit_type": "public", "can_gild": true, "subreddit": "AskHistorians", "author_flair_text_color": "light", "score_hidden": true, "permalink": "/r/AskHistorians/comments/6eue0f/best_of_may_voting_thread/did2b0o/", "num_reports": null, "name": "t1_did2b0o", "created": 1496439419.0, "author_flair_text": "Moderator | Post-Napoleonic Warfare &amp; Small Arms | Dueling", "rte_mode": "markdown", "created_utc": 1496410619.0, "subreddit_name_prefixed": "r/AskHistorians", "controversiality": 0, "depth": 0, "author_flair_background_color": "#8b008b", "mod_reports": [], "mod_note": null, "distinguished": null}}, {"kind": "t1", "data": {"subreddit_id": "t5_2ssp3", "approved_at_utc": null, "ups": 1, "mod_reason_by": null, "banned_by": null, "author_flair_type": "richtext", "removal_reason": null, "link_id": "t3_6eue0f", "author_flair_template_id": "9e641f94-c626-11e2-8e2c-12313b0b21ae", "likes": null, "no_follow": false, "replies": "", "user_reports": [], "saved": false, "id": "did2ak8", "banned_at_utc": null, "mod_reason_title": null, "gilded": 0, "archived": true, "report_reasons": null, "author": "Georgy_K_Zhukov", "can_mod_post": false, "send_replies": true, "parent_id": "t3_6eue0f", "score": 1, "approved_by": null, "downs": 0, "body": "/u/commiespaceinvader answered [\"How prevalent is Holocaust denial and how does it vary by nationality?\"](https://www.reddit.com/r/AskHistorians/comments/68uu11/how_prevalent_is_holocaust_denial_and_how_does_it/dh2iinj/?context=3)", "edited": false, "author_flair_css_class": "moderator", "collapsed": false, "author_flair_richtext": [{"e": "text", "t": "Moderator | Post-Napoleonic Warfare &amp; Small Arms | Dueling"}], "is_submitter": true, "collapsed_reason": null, "body_html": "&lt;div class=\"md\"&gt;&lt;p&gt;&lt;a href=\"/u/commiespaceinvader\"&gt;/u/commiespaceinvader&lt;/a&gt; answered &lt;a href=\"https://www.reddit.com/r/AskHistorians/comments/68uu11/how_prevalent_is_holocaust_denial_and_how_does_it/dh2iinj/?context=3\"&gt;&amp;quot;How prevalent is Holocaust denial and how does it vary by nationality?&amp;quot;&lt;/a&gt;&lt;/p&gt;\n&lt;/div&gt;", "stickied": false, "subreddit_type": "public", "can_gild": true, "subreddit": "AskHistorians", "author_flair_text_color": "light", "score_hidden": true, "permalink": "/r/AskHistorians/comments/6eue0f/best_of_may_voting_thread/did2ak8/", "num_reports": null, "name": "t1_did2ak8", "created": 1496439402.0, "author_flair_text": "Moderator | Post-Napoleonic Warfare &amp; Small Arms | Dueling", "rte_mode": "markdown", "created_utc": 1496410602.0, "subreddit_name_prefixed": "r/AskHistorians", "controversiality": 0, "depth": 0, "author_flair_background_color": "#8b008b", "mod_reports": [], "mod_note": null, "distinguished": null}}, {"kind": "t1", "data": {"subreddit_id": "t5_2ssp3", "approved_at_utc": null, "ups": 1, "mod_reason_by": null, "banned_by": null, "author_flair_type": "richtext", "removal_reason": null, "link_id": "t3_6eue0f", "author_flair_template_id": "9e641f94-c626-11e2-8e2c-12313b0b21ae", "likes": null, "no_follow": false, "replies": "", "user_reports": [], "saved": false, "id": "did2b45", "banned_at_utc": null, "mod_reason_title": null, "gilded": 0, "archived": true, "report_reasons": null, "author": "Georgy_K_Zhukov", "can_mod_post": false, "send_replies": true, "parent_id": "t3_6eue0f", "score": 1, "approved_by": null, "downs": 0, "body": "/u/Bernardito answered [\"How many Africans were forcibly conscripted by the British in WW2?\"](https://www.reddit.com/r/AskHistorians/comments/68c2js/how_many_africans_were_forcibly_conscripted_by/dh00viw/)", "edited": false, "author_flair_css_class": "moderator", "collapsed": false, "author_flair_richtext": [{"e": "text", "t": "Moderator | Post-Napoleonic Warfare &amp; Small Arms | Dueling"}], "is_submitter": true, "collapsed_reason": null, "body_html": "&lt;div class=\"md\"&gt;&lt;p&gt;&lt;a href=\"/u/Bernardito\"&gt;/u/Bernardito&lt;/a&gt; answered &lt;a href=\"https://www.reddit.com/r/AskHistorians/comments/68c2js/how_many_africans_were_forcibly_conscripted_by/dh00viw/\"&gt;&amp;quot;How many Africans were forcibly conscripted by the British in WW2?&amp;quot;&lt;/a&gt;&lt;/p&gt;\n&lt;/div&gt;", "stickied": false, "subreddit_type": "public", "can_gild": true, "subreddit": "AskHistorians", "author_flair_text_color": "light", "score_hidden": true, "permalink": "/r/AskHistorians/comments/6eue0f/best_of_may_voting_thread/did2b45/", "num_reports": null, "name": "t1_did2b45", "created": 1496439423.0, "author_flair_text": "Moderator | Post-Napoleonic Warfare &amp; Small Arms | Dueling", "rte_mode": "markdown", "created_utc": 1496410623.0, "subreddit_name_prefixed": "r/AskHistorians", "controversiality": 0, "depth": 0, "author_flair_background_color": "#8b008b", "mod_reports": [], "mod_note": null, "distinguished": null}}, {"kind": "t1", "data": {"subreddit_id": "t5_2ssp3", "approved_at_utc": null, "ups": 1, "mod_reason_by": null, "banned_by": null, "author_flair_type": "richtext", "removal_reason": null, "link_id": "t3_6eue0f", "author_flair_template_id": "9e641f94-c626-11e2-8e2c-12313b0b21ae", "likes": null, "no_follow": false, "replies": "", "user_reports": [], "saved": false, "id": "did287j", "banned_at_utc": null, "mod_reason_title": null, "gilded": 0, "archived": true, "report_reasons": null, "author": "Georgy_K_Zhukov", "can_mod_post": false, "send_replies": true, "parent_id": "t3_6eue0f", "score": 1, "approved_by": null, "downs": 0, "body": "/u/skedaddle answered [\"What sort of humor would be unacceptable to a 19th century audience? Do we have any edgy jokes from that period?\"](https://www.reddit.com/r/AskHistorians/comments/68ied4/what_sort_of_humor_would_be_unacceptable_to_a/dgzc98j/?context=3)", "edited": false, "author_flair_css_class": "moderator", "collapsed": false, "author_flair_richtext": [{"e": "text", "t": "Moderator | Post-Napoleonic Warfare &amp; Small Arms | Dueling"}], "is_submitter": true, "collapsed_reason": null, "body_html": "&lt;div class=\"md\"&gt;&lt;p&gt;&lt;a href=\"/u/skedaddle\"&gt;/u/skedaddle&lt;/a&gt; answered &lt;a href=\"https://www.reddit.com/r/AskHistorians/comments/68ied4/what_sort_of_humor_would_be_unacceptable_to_a/dgzc98j/?context=3\"&gt;&amp;quot;What sort of humor would be unacceptable to a 19th century audience? Do we have any edgy jokes from that period?&amp;quot;&lt;/a&gt;&lt;/p&gt;\n&lt;/div&gt;", "stickied": false, "subreddit_type": "public", "can_gild": true, "subreddit": "AskHistorians", "author_flair_text_color": "light", "score_hidden": true, "permalink": "/r/AskHistorians/comments/6eue0f/best_of_may_voting_thread/did287j/", "num_reports": null, "name": "t1_did287j", "created": 1496439313.0, "author_flair_text": "Moderator | Post-Napoleonic Warfare &amp; Small Arms | Dueling", "rte_mode": "markdown", "created_utc": 1496410513.0, "subreddit_name_prefixed": "r/AskHistorians", "controversiality": 0, "depth": 0, "author_flair_background_color": "#8b008b", "mod_reports": [], "mod_note": null, "distinguished": null}}, {"kind": "t1", "data": {"subreddit_id": "t5_2ssp3", "approved_at_utc": null, "ups": 1, "mod_reason_by": null, "banned_by": null, "author_flair_type": "richtext", "removal_reason": null, "link_id": "t3_6eue0f", "author_flair_template_id": null, "likes": null, "no_follow": true, "replies": "", "user_reports": [], "saved": false, "id": "didq8jt", "banned_at_utc": null, "mod_reason_title": null, "gilded": 0, "archived": true, "report_reasons": null, "author": "Casiphoner", "can_mod_post": false, "send_replies": true, "parent_id": "t3_6eue0f", "score": 1, "approved_by": null, "downs": 0, "body": "/u/Astronoid answered [What are the sources from which we've learned of Richard the Lionheart's homosexuality](https://redd.it/6bx7v0)", "edited": false, "author_flair_css_class": "qualitycontributor", "collapsed": false, "author_flair_richtext": [{"e": "text", "t": "Interesting Inquirer"}], "is_submitter": false, "collapsed_reason": null, "body_html": "&lt;div class=\"md\"&gt;&lt;p&gt;&lt;a href=\"/u/Astronoid\"&gt;/u/Astronoid&lt;/a&gt; answered &lt;a href=\"https://redd.it/6bx7v0\"&gt;What are the sources from which we&amp;#39;ve learned of Richard the Lionheart&amp;#39;s homosexuality&lt;/a&gt;&lt;/p&gt;\n&lt;/div&gt;", "stickied": false, "subreddit_type": "public", "can_gild": true, "subreddit": "AskHistorians", "author_flair_text_color": null, "score_hidden": true, "permalink": "/r/AskHistorians/comments/6eue0f/best_of_may_voting_thread/didq8jt/", "num_reports": null, "name": "t1_didq8jt", "created": 1496466408.0, "author_flair_text": "Interesting Inquirer", "rte_mode": "markdown", "created_utc": 1496437608.0, "subreddit_name_prefixed": "r/AskHistorians", "controversiality": 0, "depth": 0, "author_flair_background_color": null, "mod_reports": [], "mod_note": null, "distinguished": null}}, {"kind": "t1", "data": {"subreddit_id": "t5_2ssp3", "approved_at_utc": null, "ups": 1, "mod_reason_by": null, "banned_by": null, "author_flair_type": "richtext", "removal_reason": null, "link_id": "t3_6eue0f", "author_flair_template_id": "9e641f94-c626-11e2-8e2c-12313b0b21ae", "likes": null, "no_follow": false, "replies": "", "user_reports": [], "saved": false, "id": "did294u", "banned_at_utc": null, "mod_reason_title": null, "gilded": 0, "archived": true, "report_reasons": null, "author": "Georgy_K_Zhukov", "can_mod_post": false, "send_replies": true, "parent_id": "t3_6eue0f", "score": 1, "approved_by": null, "downs": 0, "body": "/u/BRIStoneman answered [\"How did the Norman conquest of England impact the life of a typical person?\"](https://www.reddit.com/r/AskHistorians/comments/6bale9/how_did_the_norman_conquest_of_england_impact_the/dhl77kj/?context=3)", "edited": false, "author_flair_css_class": "moderator", "collapsed": false, "author_flair_richtext": [{"e": "text", "t": "Moderator | Post-Napoleonic Warfare &amp; Small Arms | Dueling"}], "is_submitter": true, "collapsed_reason": null, "body_html": "&lt;div class=\"md\"&gt;&lt;p&gt;&lt;a href=\"/u/BRIStoneman\"&gt;/u/BRIStoneman&lt;/a&gt; answered &lt;a href=\"https://www.reddit.com/r/AskHistorians/comments/6bale9/how_did_the_norman_conquest_of_england_impact_the/dhl77kj/?context=3\"&gt;&amp;quot;How did the Norman conquest of England impact the life of a typical person?&amp;quot;&lt;/a&gt;&lt;/p&gt;\n&lt;/div&gt;", "stickied": false, "subreddit_type": "public", "can_gild": true, "subreddit": "AskHistorians", "author_flair_text_color": "light", "score_hidden": true, "permalink": "/r/AskHistorians/comments/6eue0f/best_of_may_voting_thread/did294u/", "num_reports": null, "name": "t1_did294u", "created": 1496439348.0, "author_flair_text": "Moderator | Post-Napoleonic Warfare &amp; Small Arms | Dueling", "rte_mode": "markdown", "created_utc": 1496410548.0, "subreddit_name_prefixed": "r/AskHistorians", "controversiality": 0, "depth": 0, "author_flair_background_color": "#8b008b", "mod_reports": [], "mod_note": null, "distinguished": null}}, {"kind": "t1", "data": {"subreddit_id": "t5_2ssp3", "approved_at_utc": null, "ups": 1, "mod_reason_by": null, "banned_by": null, "author_flair_type": "richtext", "removal_reason": null, "link_id": "t3_6eue0f", "author_flair_template_id": "9e641f94-c626-11e2-8e2c-12313b0b21ae", "likes": null, "no_follow": true, "replies": "", "user_reports": [], "saved": false, "id": "did28kz", "banned_at_utc": null, "mod_reason_title": null, "gilded": 0, "archived": true, "report_reasons": null, "author": "Georgy_K_Zhukov", "can_mod_post": false, "send_replies": true, "parent_id": "t3_6eue0f", "score": 1, "approved_by": null, "downs": 0, "body": "/u/BronzeIV answered [\"I realised I do not know about how Rome end up conquering Greece. What was the relations like before Greece was conquered? What was the process like? Who were their principal opponents? Did cultural similarities play a role?\"](https://www.reddit.com/r/AskHistorians/comments/6a42hq/i_realised_i_do_not_know_about_how_rome_end_up/dhc177i/?context=3)", "edited": false, "author_flair_css_class": "moderator", "collapsed": false, "author_flair_richtext": [{"e": "text", "t": "Moderator | Post-Napoleonic Warfare &amp; Small Arms | Dueling"}], "is_submitter": true, "collapsed_reason": null, "body_html": "&lt;div class=\"md\"&gt;&lt;p&gt;&lt;a href=\"/u/BronzeIV\"&gt;/u/BronzeIV&lt;/a&gt; answered &lt;a href=\"https://www.reddit.com/r/AskHistorians/comments/6a42hq/i_realised_i_do_not_know_about_how_rome_end_up/dhc177i/?context=3\"&gt;&amp;quot;I realised I do not know about how Rome end up conquering Greece. What was the relations like before Greece was conquered? What was the process like? Who were their principal opponents? Did cultural similarities play a role?&amp;quot;&lt;/a&gt;&lt;/p&gt;\n&lt;/div&gt;", "stickied": false, "subreddit_type": "public", "can_gild": true, "subreddit": "AskHistorians", "author_flair_text_color": "light", "score_hidden": true, "permalink": "/r/AskHistorians/comments/6eue0f/best_of_may_voting_thread/did28kz/", "num_reports": null, "name": "t1_did28kz", "created": 1496439327.0, "author_flair_text": "Moderator | Post-Napoleonic Warfare &amp; Small Arms | Dueling", "rte_mode": "markdown", "created_utc": 1496410527.0, "subreddit_name_prefixed": "r/AskHistorians", "controversiality": 0, "depth": 0, "author_flair_background_color": "#8b008b", "mod_reports": [], "mod_note": null, "distinguished": null}}, {"kind": "t1", "data": {"subreddit_id": "t5_2ssp3", "approved_at_utc": null, "ups": 1, "mod_reason_by": null, "banned_by": null, "author_flair_type": "richtext", "removal_reason": null, "link_id": "t3_6eue0f", "author_flair_template_id": "9e641f94-c626-11e2-8e2c-12313b0b21ae", "likes": null, "no_follow": false, "replies": "", "user_reports": [], "saved": false, "id": "did27ny", "banned_at_utc": null, "mod_reason_title": null, "gilded": 0, "archived": true, "report_reasons": null, "author": "Georgy_K_Zhukov", "can_mod_post": false, "send_replies": true, "parent_id": "t3_6eue0f", "score": 1, "approved_by": null, "downs": 0, "body": "/u/bloodswan answered [\"Some scholars of Norse mythology have suggested that Freya's missing husband \u00d3\u00f0r and Odin are the same person. Is there any mythological evidence to support this theory?\"](https://www.reddit.com/r/AskHistorians/comments/69tluu/some_scholars_of_norse_mythology_have_suggested/dhhvg8h/?context=3)", "edited": false, "author_flair_css_class": "moderator", "collapsed": false, "author_flair_richtext": [{"e": "text", "t": "Moderator | Post-Napoleonic Warfare &amp; Small Arms | Dueling"}], "is_submitter": true, "collapsed_reason": null, "body_html": "&lt;div class=\"md\"&gt;&lt;p&gt;&lt;a href=\"/u/bloodswan\"&gt;/u/bloodswan&lt;/a&gt; answered &lt;a href=\"https://www.reddit.com/r/AskHistorians/comments/69tluu/some_scholars_of_norse_mythology_have_suggested/dhhvg8h/?context=3\"&gt;&amp;quot;Some scholars of Norse mythology have suggested that Freya&amp;#39;s missing husband \u00d3\u00f0r and Odin are the same person. Is there any mythological evidence to support this theory?&amp;quot;&lt;/a&gt;&lt;/p&gt;\n&lt;/div&gt;", "stickied": false, "subreddit_type": "public", "can_gild": true, "subreddit": "AskHistorians", "author_flair_text_color": "light", "score_hidden": true, "permalink": "/r/AskHistorians/comments/6eue0f/best_of_may_voting_thread/did27ny/", "num_reports": null, "name": "t1_did27ny", "created": 1496439294.0, "author_flair_text": "Moderator | Post-Napoleonic Warfare &amp; Small Arms | Dueling", "rte_mode": "markdown", "created_utc": 1496410494.0, "subreddit_name_prefixed": "r/AskHistorians", "controversiality": 0, "depth": 0, "author_flair_background_color": "#8b008b", "mod_reports": [], "mod_note": null, "distinguished": null}}, {"kind": "t1", "data": {"subreddit_id": "t5_2ssp3", "approved_at_utc": null, "ups": 1, "mod_reason_by": null, "banned_by": null, "author_flair_type": "richtext", "removal_reason": null, "link_id": "t3_6eue0f", "author_flair_template_id": null, "likes": null, "no_follow": false, "replies": "", "user_reports": [], "saved": false, "id": "didozqn", "banned_at_utc": null, "mod_reason_title": null, "gilded": 0, "archived": true, "report_reasons": null, "author": "NientedeNada", "can_mod_post": false, "send_replies": true, "parent_id": "t3_6eue0f", "score": 1, "approved_by": null, "downs": 0, "body": "/u/the_alaskan answered [\"Why didn't African-Americans move in large numbers to settle in the\"Wild West\"/American Frontier after the Civil War and establish their own communities like the Mormons?](https://www.reddit.com/r/AskHistorians/comments/6ef7xm/why_didnt_africanamericans_move_in_large_numbers/diadfj3/)\" ", "edited": false, "author_flair_css_class": "asia", "collapsed": false, "author_flair_richtext": [{"e": "text", "t": "Late Edo Period | Meiji Restoration"}], "is_submitter": false, "collapsed_reason": null, "body_html": "&lt;div class=\"md\"&gt;&lt;p&gt;&lt;a href=\"/u/the_alaskan\"&gt;/u/the_alaskan&lt;/a&gt; answered &lt;a href=\"https://www.reddit.com/r/AskHistorians/comments/6ef7xm/why_didnt_africanamericans_move_in_large_numbers/diadfj3/\"&gt;&amp;quot;Why didn&amp;#39;t African-Americans move in large numbers to settle in the&amp;quot;Wild West&amp;quot;/American Frontier after the Civil War and establish their own communities like the Mormons?&lt;/a&gt;&amp;quot; &lt;/p&gt;\n&lt;/div&gt;", "stickied": false, "subreddit_type": "public", "can_gild": true, "subreddit": "AskHistorians", "author_flair_text_color": null, "score_hidden": true, "permalink": "/r/AskHistorians/comments/6eue0f/best_of_may_voting_thread/didozqn/", "num_reports": null, "name": "t1_didozqn", "created": 1496464959.0, "author_flair_text": "Late Edo Period | Meiji Restoration", "rte_mode": "markdown", "created_utc": 1496436159.0, "subreddit_name_prefixed": "r/AskHistorians", "controversiality": 0, "depth": 0, "author_flair_background_color": null, "mod_reports": [], "mod_note": null, "distinguished": null}}, {"kind": "t1", "data": {"subreddit_id": "t5_2ssp3", "approved_at_utc": null, "ups": 1, "mod_reason_by": null, "banned_by": null, "author_flair_type": "richtext", "removal_reason": null, "link_id": "t3_6eue0f", "author_flair_template_id": null, "likes": null, "no_follow": true, "replies": "", "user_reports": [], "saved": false, "id": "didpb3z", "banned_at_utc": null, "mod_reason_title": null, "gilded": 0, "archived": true, "report_reasons": null, "author": "NientedeNada", "can_mod_post": false, "send_replies": true, "parent_id": "t3_6eue0f", "score": 1, "approved_by": null, "downs": 0, "body": "/u/commiespaceinvader answered[ \"Did the Axis powers have \\(what they defined as ...\\) \"War Crimes investigators\" for after the war like the Allies did?\"](https://www.reddit.com/r/AskHistorians/comments/6cpda6/did_the_axis_powers_have_what_they_defined_as_war/dhx7992/)", "edited": false, "author_flair_css_class": "asia", "collapsed": false, "author_flair_richtext": [{"e": "text", "t": "Late Edo Period | Meiji Restoration"}], "is_submitter": false, "collapsed_reason": null, "body_html": "&lt;div class=\"md\"&gt;&lt;p&gt;&lt;a href=\"/u/commiespaceinvader\"&gt;/u/commiespaceinvader&lt;/a&gt; answered&lt;a href=\"https://www.reddit.com/r/AskHistorians/comments/6cpda6/did_the_axis_powers_have_what_they_defined_as_war/dhx7992/\"&gt; &amp;quot;Did the Axis powers have (what they defined as ...) &amp;quot;War Crimes investigators&amp;quot; for after the war like the Allies did?&amp;quot;&lt;/a&gt;&lt;/p&gt;\n&lt;/div&gt;", "stickied": false, "subreddit_type": "public", "can_gild": true, "subreddit": "AskHistorians", "author_flair_text_color": null, "score_hidden": true, "permalink": "/r/AskHistorians/comments/6eue0f/best_of_may_voting_thread/didpb3z/", "num_reports": null, "name": "t1_didpb3z", "created": 1496465323.0, "author_flair_text": "Late Edo Period | Meiji Restoration", "rte_mode": "markdown", "created_utc": 1496436523.0, "subreddit_name_prefixed": "r/AskHistorians", "controversiality": 0, "depth": 0, "author_flair_background_color": null, "mod_reports": [], "mod_note": null, "distinguished": null}}, {"kind": "t1", "data": {"subreddit_id": "t5_2ssp3", "approved_at_utc": null, "ups": 1, "mod_reason_by": null, "banned_by": null, "author_flair_type": "richtext", "removal_reason": null, "link_id": "t3_6eue0f", "author_flair_template_id": "9e641f94-c626-11e2-8e2c-12313b0b21ae", "likes": null, "no_follow": false, "replies": "", "user_reports": [], "saved": false, "id": "did28pb", "banned_at_utc": null, "mod_reason_title": null, "gilded": 0, "archived": true, "report_reasons": null, "author": "Georgy_K_Zhukov", "can_mod_post": false, "send_replies": true, "parent_id": "t3_6eue0f", "score": 1, "approved_by": null, "downs": 0, "body": "/u/Iwashmyself answered [\"Edward \"Blackbeard\" Teach's most notorious ship was named \"Queen Anne's Revenge.\" Were English pirates in the Caribbean hostile to the Hanovers? Were they pro-Stuart?\"](https://www.reddit.com/r/AskHistorians/comments/6ebma5/edward_blackbeard_teachs_most_notorious_ship_was/di9v64c/?context=3)", "edited": false, "author_flair_css_class": "moderator", "collapsed": false, "author_flair_richtext": [{"e": "text", "t": "Moderator | Post-Napoleonic Warfare &amp; Small Arms | Dueling"}], "is_submitter": true, "collapsed_reason": null, "body_html": "&lt;div class=\"md\"&gt;&lt;p&gt;&lt;a href=\"/u/Iwashmyself\"&gt;/u/Iwashmyself&lt;/a&gt; answered &lt;a href=\"https://www.reddit.com/r/AskHistorians/comments/6ebma5/edward_blackbeard_teachs_most_notorious_ship_was/di9v64c/?context=3\"&gt;&amp;quot;Edward &amp;quot;Blackbeard&amp;quot; Teach&amp;#39;s most notorious ship was named &amp;quot;Queen Anne&amp;#39;s Revenge.&amp;quot; Were English pirates in the Caribbean hostile to the Hanovers? Were they pro-Stuart?&amp;quot;&lt;/a&gt;&lt;/p&gt;\n&lt;/div&gt;", "stickied": false, "subreddit_type": "public", "can_gild": true, "subreddit": "AskHistorians", "author_flair_text_color": "light", "score_hidden": true, "permalink": "/r/AskHistorians/comments/6eue0f/best_of_may_voting_thread/did28pb/", "num_reports": null, "name": "t1_did28pb", "created": 1496439332.0, "author_flair_text": "Moderator | Post-Napoleonic Warfare &amp; Small Arms | Dueling", "rte_mode": "markdown", "created_utc": 1496410532.0, "subreddit_name_prefixed": "r/AskHistorians", "controversiality": 0, "depth": 0, "author_flair_background_color": "#8b008b", "mod_reports": [], "mod_note": null, "distinguished": null}}, {"kind": "t1", "data": {"subreddit_id": "t5_2ssp3", "approved_at_utc": null, "ups": 1, "mod_reason_by": null, "banned_by": null, "author_flair_type": "richtext", "removal_reason": null, "link_id": "t3_6eue0f", "author_flair_template_id": "9e641f94-c626-11e2-8e2c-12313b0b21ae", "likes": null, "no_follow": false, "replies": "", "user_reports": [], "saved": false, "id": "did2b7q", "banned_at_utc": null, "mod_reason_title": null, "gilded": 0, "archived": true, "report_reasons": null, "author": "Georgy_K_Zhukov", "can_mod_post": false, "send_replies": true, "parent_id": "t3_6eue0f", "score": 1, "approved_by": null, "downs": 0, "body": "/u/Daeres answered [\"What is the reason for 'Bactria' and 'Margiana' as a classification? What is unique to this culture?\"](https://www.reddit.com/r/AskHistorians/comments/68mi6y/what_is_the_reason_for_bactria_and_margiana_as_a/dgzq9sp/?context=3)", "edited": false, "author_flair_css_class": "moderator", "collapsed": false, "author_flair_richtext": [{"e": "text", "t": "Moderator | Post-Napoleonic Warfare &amp; Small Arms | Dueling"}], "is_submitter": true, "collapsed_reason": null, "body_html": "&lt;div class=\"md\"&gt;&lt;p&gt;&lt;a href=\"/u/Daeres\"&gt;/u/Daeres&lt;/a&gt; answered &lt;a href=\"https://www.reddit.com/r/AskHistorians/comments/68mi6y/what_is_the_reason_for_bactria_and_margiana_as_a/dgzq9sp/?context=3\"&gt;&amp;quot;What is the reason for &amp;#39;Bactria&amp;#39; and &amp;#39;Margiana&amp;#39; as a classification? What is unique to this culture?&amp;quot;&lt;/a&gt;&lt;/p&gt;\n&lt;/div&gt;", "stickied": false, "subreddit_type": "public", "can_gild": true, "subreddit": "AskHistorians", "author_flair_text_color": "light", "score_hidden": true, "permalink": "/r/AskHistorians/comments/6eue0f/best_of_may_voting_thread/did2b7q/", "num_reports": null, "name": "t1_did2b7q", "created": 1496439427.0, "author_flair_text": "Moderator | Post-Napoleonic Warfare &amp; Small Arms | Dueling", "rte_mode": "markdown", "created_utc": 1496410627.0, "subreddit_name_prefixed": "r/AskHistorians", "controversiality": 0, "depth": 0, "author_flair_background_color": "#8b008b", "mod_reports": [], "mod_note": null, "distinguished": null}}, {"kind": "t1", "data": {"subreddit_id": "t5_2ssp3", "approved_at_utc": null, "ups": 1, "mod_reason_by": null, "banned_by": null, "author_flair_type": "richtext", "removal_reason": null, "link_id": "t3_6eue0f", "author_flair_template_id": "9e641f94-c626-11e2-8e2c-12313b0b21ae", "likes": null, "no_follow": false, "replies": "", "user_reports": [], "saved": false, "id": "did27ii", "banned_at_utc": null, "mod_reason_title": null, "gilded": 0, "archived": true, "report_reasons": null, "author": "Georgy_K_Zhukov", "can_mod_post": false, "send_replies": true, "parent_id": "t3_6eue0f", "score": 1, "approved_by": null, "downs": 0, "body": "/u/commodorecoco answered [\"James Lowen in \"Lies My Teacher Told Me\" claims that historians view all the high history books with disdain because of how much is omitted and warped, my question is how do you historians view his book \"Lies My Teacher Told Me\"?\"](https://www.reddit.com/r/AskHistorians/comments/6cym7x/james_lowen_in_lies_my_teacher_told_me_claims/dhyu8at/?context=3)", "edited": false, "author_flair_css_class": "moderator", "collapsed": false, "author_flair_richtext": [{"e": "text", "t": "Moderator | Post-Napoleonic Warfare &amp; Small Arms | Dueling"}], "is_submitter": true, "collapsed_reason": null, "body_html": "&lt;div class=\"md\"&gt;&lt;p&gt;&lt;a href=\"/u/commodorecoco\"&gt;/u/commodorecoco&lt;/a&gt; answered &lt;a href=\"https://www.reddit.com/r/AskHistorians/comments/6cym7x/james_lowen_in_lies_my_teacher_told_me_claims/dhyu8at/?context=3\"&gt;&amp;quot;James Lowen in &amp;quot;Lies My Teacher Told Me&amp;quot; claims that historians view all the high history books with disdain because of how much is omitted and warped, my question is how do you historians view his book &amp;quot;Lies My Teacher Told Me&amp;quot;?&amp;quot;&lt;/a&gt;&lt;/p&gt;\n&lt;/div&gt;", "stickied": false, "subreddit_type": "public", "can_gild": true, "subreddit": "AskHistorians", "author_flair_text_color": "light", "score_hidden": true, "permalink": "/r/AskHistorians/comments/6eue0f/best_of_may_voting_thread/did27ii/", "num_reports": null, "name": "t1_did27ii", "created": 1496439288.0, "author_flair_text": "Moderator | Post-Napoleonic Warfare &amp; Small Arms | Dueling", "rte_mode": "markdown", "created_utc": 1496410488.0, "subreddit_name_prefixed": "r/AskHistorians", "controversiality": 0, "depth": 0, "author_flair_background_color": "#8b008b", "mod_reports": [], "mod_note": null, "distinguished": null}}, {"kind": "t1", "data": {"subreddit_id": "t5_2ssp3", "approved_at_utc": null, "ups": 1, "mod_reason_by": null, "banned_by": null, "author_flair_type": "richtext", "removal_reason": null, "link_id": "t3_6eue0f", "author_flair_template_id": "9e641f94-c626-11e2-8e2c-12313b0b21ae", "likes": null, "no_follow": false, "replies": "", "user_reports": [], "saved": false, "id": "did27wx", "banned_at_utc": null, "mod_reason_title": null, "gilded": 0, "archived": true, "report_reasons": null, "author": "Georgy_K_Zhukov", "can_mod_post": false, "send_replies": true, "parent_id": "t3_6eue0f", "score": 1, "approved_by": null, "downs": 0, "body": "/u/Georgy_K_Zhukov answered [\"How did the concept of the duel of honour come to be in 16th century France?\"](https://www.reddit.com/r/AskHistorians/comments/69885j/how_did_the_concept_of_the_duel_of_honour_come_to/dh4iue6/?context=3)", "edited": false, "author_flair_css_class": "moderator", "collapsed": false, "author_flair_richtext": [{"e": "text", "t": "Moderator | Post-Napoleonic Warfare &amp; Small Arms | Dueling"}], "is_submitter": true, "collapsed_reason": null, "body_html": "&lt;div class=\"md\"&gt;&lt;p&gt;&lt;a href=\"/u/Georgy_K_Zhukov\"&gt;/u/Georgy_K_Zhukov&lt;/a&gt; answered &lt;a href=\"https://www.reddit.com/r/AskHistorians/comments/69885j/how_did_the_concept_of_the_duel_of_honour_come_to/dh4iue6/?context=3\"&gt;&amp;quot;How did the concept of the duel of honour come to be in 16th century France?&amp;quot;&lt;/a&gt;&lt;/p&gt;\n&lt;/div&gt;", "stickied": false, "subreddit_type": "public", "can_gild": true, "subreddit": "AskHistorians", "author_flair_text_color": "light", "score_hidden": true, "permalink": "/r/AskHistorians/comments/6eue0f/best_of_may_voting_thread/did27wx/", "num_reports": null, "name": "t1_did27wx", "created": 1496439303.0, "author_flair_text": "Moderator | Post-Napoleonic Warfare &amp; Small Arms | Dueling", "rte_mode": "markdown", "created_utc": 1496410503.0, "subreddit_name_prefixed": "r/AskHistorians", "controversiality": 0, "depth": 0, "author_flair_background_color": "#8b008b", "mod_reports": [], "mod_note": null, "distinguished": null}}, {"kind": "t1", "data": {"subreddit_id": "t5_2ssp3", "approved_at_utc": null, "ups": 1, "mod_reason_by": null, "banned_by": null, "author_flair_type": "richtext", "removal_reason": null, "link_id": "t3_6eue0f", "author_flair_template_id": null, "likes": null, "no_follow": false, "replies": "", "user_reports": [], "saved": false, "id": "didhjxf", "banned_at_utc": null, "mod_reason_title": null, "gilded": 0, "archived": true, "report_reasons": null, "author": "Casiphoner", "can_mod_post": false, "send_replies": true, "parent_id": "t3_6eue0f", "score": 1, "approved_by": null, "downs": 0, "body": "/u/choclatepot answered [*In Writing Excuses, Mary Robinette Kowal said though historians say Regency Women didn\u2019t drink Red Wine because they thought it was to strong, she finds it more likely they didn\u2019t drink it because they didn\u2019t want to spill it on their white dresses. How credible is this claim?*](https://redd.it/6ee8ka)", "edited": false, "author_flair_css_class": "qualitycontributor", "collapsed": false, "author_flair_richtext": [{"e": "text", "t": "Interesting Inquirer"}], "is_submitter": false, "collapsed_reason": null, "body_html": "&lt;div class=\"md\"&gt;&lt;p&gt;&lt;a href=\"/u/choclatepot\"&gt;/u/choclatepot&lt;/a&gt; answered &lt;a href=\"https://redd.it/6ee8ka\"&gt;&lt;em&gt;In Writing Excuses, Mary Robinette Kowal said though historians say Regency Women didn\u2019t drink Red Wine because they thought it was to strong, she finds it more likely they didn\u2019t drink it because they didn\u2019t want to spill it on their white dresses. How credible is this claim?&lt;/em&gt;&lt;/a&gt;&lt;/p&gt;\n&lt;/div&gt;", "stickied": false, "subreddit_type": "public", "can_gild": true, "subreddit": "AskHistorians", "author_flair_text_color": null, "score_hidden": true, "permalink": "/r/AskHistorians/comments/6eue0f/best_of_may_voting_thread/didhjxf/", "num_reports": null, "name": "t1_didhjxf", "created": 1496456713.0, "author_flair_text": "Interesting Inquirer", "rte_mode": "markdown", "created_utc": 1496427913.0, "subreddit_name_prefixed": "r/AskHistorians", "controversiality": 0, "depth": 0, "author_flair_background_color": null, "mod_reports": [], "mod_note": null, "distinguished": null}}, {"kind": "t1", "data": {"subreddit_id": "t5_2ssp3", "approved_at_utc": null, "ups": 1, "mod_reason_by": null, "banned_by": null, "author_flair_type": "richtext", "removal_reason": null, "link_id": "t3_6eue0f", "author_flair_template_id": null, "likes": null, "no_follow": true, "replies": "", "user_reports": [], "saved": false, "id": "didponi", "banned_at_utc": null, "mod_reason_title": null, "gilded": 0, "archived": true, "report_reasons": null, "author": "NientedeNada", "can_mod_post": false, "send_replies": true, "parent_id": "t3_6eue0f", "score": 1, "approved_by": null, "downs": 0, "body": "u/Erft/ answered [\"Did Albert Einstein\u2019s professors ever regret their decision to not offer him a teaching position in their school?\"](https://www.reddit.com/r/AskHistorians/comments/6begiw/did_albert_einsteins_professors_ever_regret_their/dhmdf5r/)", "edited": false, "author_flair_css_class": "asia", "collapsed": false, "author_flair_richtext": [{"e": "text", "t": "Late Edo Period | Meiji Restoration"}], "is_submitter": false, "collapsed_reason": null, "body_html": "&lt;div class=\"md\"&gt;&lt;p&gt;&lt;a href=\"/u/Erft/\"&gt;u/Erft/&lt;/a&gt; answered &lt;a href=\"https://www.reddit.com/r/AskHistorians/comments/6begiw/did_albert_einsteins_professors_ever_regret_their/dhmdf5r/\"&gt;&amp;quot;Did Albert Einstein\u2019s professors ever regret their decision to not offer him a teaching position in their school?&amp;quot;&lt;/a&gt;&lt;/p&gt;\n&lt;/div&gt;", "stickied": false, "subreddit_type": "public", "can_gild": true, "subreddit": "AskHistorians", "author_flair_text_color": null, "score_hidden": true, "permalink": "/r/AskHistorians/comments/6eue0f/best_of_may_voting_thread/didponi/", "num_reports": null, "name": "t1_didponi", "created": 1496465754.0, "author_flair_text": "Late Edo Period | Meiji Restoration", "rte_mode": "markdown", "created_utc": 1496436954.0, "subreddit_name_prefixed": "r/AskHistorians", "controversiality": 0, "depth": 0, "author_flair_background_color": null, "mod_reports": [], "mod_note": null, "distinguished": null}}], "after": null, "before": null}}]