[{"kind": "Listing", "data": {"modhash": "", "dist": 1, "children": [{"kind": "t3", "data": {"approved_at_utc": null, "subreddit": "AskHistorians", "selftext": "Fleas, for example, would not be too hard to get rid of since they're external; however, how did pre-modern medicine people get rid of internal parasites such as intestinal worms? Did they just have to deal with them? ", "user_reports": [], "saved": false, "mod_reason_title": null, "gilded": 0, "clicked": false, "title": "Before modern medicine, how did people deal with common parasites?", "link_flair_richtext": [], "subreddit_name_prefixed": "r/AskHistorians", "hidden": false, "pwls": 6, "link_flair_css_class": null, "downs": 0, "parent_whitelist_status": "all_ads", "hide_score": false, "name": "t3_6ewwsu", "quarantine": false, "link_flair_text_color": "dark", "upvote_ratio": 0.67, "author_flair_background_color": null, "subreddit_type": "public", "ups": 5, "domain": "self.AskHistorians", "media_embed": {}, "author_flair_template_id": null, "is_original_content": false, "secure_media": null, "is_reddit_media_domain": false, "category": null, "secure_media_embed": {}, "link_flair_text": null, "can_mod_post": false, "score": 5, "approved_by": null, "thumbnail": "", "edited": false, "author_flair_css_class": null, "author_flair_richtext": [], "content_categories": null, "is_self": true, "mod_note": null, "created": 1496463726.0, "link_flair_type": "text", "wls": 6, "post_categories": null, "banned_by": null, "author_flair_type": "text", "contest_mode": false, "selftext_html": "&lt;!-- SC_OFF --&gt;&lt;div class=\"md\"&gt;&lt;p&gt;Fleas, for example, would not be too hard to get rid of since they&amp;#39;re external; however, how did pre-modern medicine people get rid of internal parasites such as intestinal worms? Did they just have to deal with them? &lt;/p&gt;\n&lt;/div&gt;&lt;!-- SC_ON --&gt;", "likes": null, "suggested_sort": null, "banned_at_utc": null, "view_count": null, "archived": true, "no_follow": true, "is_crosspostable": false, "pinned": false, "over_18": false, "media_only": false, "can_gild": false, "spoiler": false, "locked": false, "author_flair_text": null, "rte_mode": "markdown", "visited": false, "num_reports": null, "distinguished": null, "subreddit_id": "t5_2ssp3", "mod_reason_by": null, "removal_reason": null, "id": "6ewwsu", "report_reasons": null, "author": "MyBlackDogBron", "num_crossposts": 0, "num_comments": 1, "send_replies": true, "mod_reports": [], "author_flair_text_color": null, "permalink": "/r/AskHistorians/comments/6ewwsu/before_modern_medicine_how_did_people_deal_with/", "whitelist_status": "all_ads", "stickied": false, "url": "https://www.reddit.com/r/AskHistorians/comments/6ewwsu/before_modern_medicine_how_did_people_deal_with/", "subreddit_subscribers": 771068, "created_utc": 1496434926.0, "media": null, "is_video": false}}], "after": null, "before": null}}, {"kind": "Listing", "data": {"modhash": "", "dist": null, "children": [{"kind": "t1", "data": {"subreddit_id": "t5_2ssp3", "approved_at_utc": null, "ups": 1, "mod_reason_by": null, "banned_by": null, "author_flair_type": "text", "removal_reason": null, "link_id": "t3_6ewwsu", "author_flair_template_id": null, "likes": null, "no_follow": true, "replies": "", "user_reports": [], "saved": false, "id": "diepbsr", "banned_at_utc": null, "mod_reason_title": null, "gilded": 0, "archived": true, "report_reasons": null, "author": "Kikoshi", "can_mod_post": false, "send_replies": true, "parent_id": "t3_6ewwsu", "score": 1, "approved_by": null, "downs": 0, "body": "I can only answer this in concern to Ancient Egypt, as I have nowhere near enough knowledge of \"pre-modern medicine\" in general to answer this question in regard to other distinctive culture areas. And I don't know if that's really what you had in your mind when asking this question, but it's at least an example of how \"pre-modern medicine\" tackled such delicate problems as internal parasites.\n\nThat said - luckily for those suffering - the Ancient Egyptian didn't \"just have to deal\" with his unwanted lodger. There are numerous recipes for how to get rid of worms - and many of them are thought of as quite effective. The Papyrus Ebers, a huge collection of different recipes - meticulously and orderly put down -, is one of the peak moments of Egyptian medicine and includes a number of recipes against intestinal worms in its part about abdominal discomforts.\n\n&gt;\"To kill the worm (lit. \"snake\"): Root of the pomegranate: 1/64 Ipet (1 Ipet = 19 litres), water: 1/32 Ipet; to be exposed to the dew; to be squeezed; to be drunk over the course of one day\" (Papyrus Ebers, 16,15-18 (EB 50))\n\n&gt;\"To kill the worm (lit. \"snake\"): Root of the pomegranate to be crushed in 1/64 Ipet beer. To be left outdoors over night in a vessel with 1/64+1/32 Ipet water. You should filter it through cloth the next morning. To be drunk by the man.\" (Papyrus Ebers, 19,19-19,22 (EB 63))\n\nRenate Germer - both a Biologist and Egyptologist - has written about the effectiveness of such remedies, her verdict (in this particular case) was quite positive. The root (or the rind) of the pomegranate includes Pyridine-Alkaloid which is supposed to have a paralysing effect on the tape worm. This causes the worm to detach himself from the intestinal wall and forces him subsequently to take the \"back door\" out.\n\nThe use of the pomegranate as a medicinal remedy is singular in Ancient Egyptian art of healing, so we can attest that this was a \"special\" remedy against tape worms. EB 50 and EB 63 are the only ones to use the pomegranate, but most of the recipes between EB 50 and EB 85 seem to concern themselves with either tape or other intestinal worms. The Ancient Egyptian recipes differentiate between Hefat (*HfA.t*, \"snake\" - both EB 50 and EB 63 mention Hefat) and Pened (*pnd*, identification unsure, it's generally translated as \"intestinal worm\"). Many recipes against either worm include plants or minerals as remedies that we can't identify (yet), so it's very hard to judge their actual medicinal value. One example of this is \"Wam\" (*wAm*), which seems to have played a significant role against intestinal worms as a particular effective drug.\n\n&gt;\"Another (remedy): *wAm*(-fruits? -plants?): 1/64 Ipet, water: 1/64+1/64 Ipet. To be exposed to the dew over night. To be drunk over the course of four days - or with beer (instead of water (?)).\" (Papyrus Ebers, 18,16-18,20 (EB 60))\n\nThe nature of this recipe would indicate that it had (or was supposed to have) a similar effect to the ones with the root of the pomegranate in it - flush out the worm.\n\nOf course magic played a huge part, too, in Ancient Egyptian medicine, although there are surprisingly few recipes in the Papyrus Ebers that include conjurations and spells and the like. EB 61 is an example of this.\n\n&gt;\"Another (remedy): common reed: 1/64 Ipet, Shames (*SAms*; identification unsure, maybe some form of Pyrethrum; Pyrethrums are a traditional source of insecticides): 1/4 Dja (1/64 Ipet = 1 Dja). To be cooked with honey. To be eaten. Their conjuration: 'The burden may be loosened! The weariness, which the-one-on-his-belly put in my belly, which is caused by (a) god, which is caused by an enemy, may yield! Strife be against him! The god may loosen what he has caused to be in my belly!'\" (Papyrus Ebers, 18,21-19,10 (EB 61))\n\nMany parasites are attested through examinations of mummies, skeletons and other human remains - amongst them tapeworms, round worms, threadworms and trichina. How these correspond to the Ancient Egyptian differentiation between Hefat and Pened is unsure. Bilharzia - caused by the larvae of the Schistosoma - is also attested in mummies. Bilharzia may be what Ancient Egyptians described as the \"Aaa\"-sickness (*Aaa*). There's no single description of the sickness itself, but the many recipes still preserved show that \"Aaa\" effected many internal body parts (especially heart and stomach) and caused general internal pain; bloody urine is also named as a symptom. Since Schistosoma are of microscopic size the Ancient Egyptians probably didn't know the Bilharzia's cause. Though at least one recipe seems to indicate the opposite.\n\n&gt;\"Another remedy, which is beneficial from those which are made for the belly: common reed: 1, Shames (see above): 1. To be smoothly grinded. To be cooked with honey. To be eaten by the man, who has worms (*Hrr.wt*, a general term to describe small crawling or creeping creatures) in his belly. It is the Aaa-sickness, which has created it. (It) doesn't die through any other remedy.\" (Papyrus Ebers, 19,11-19,19 (EB 62))\n\n\"Aaa\" may be Bilharzia or not - in any case, the Ancient Egyptian wasn't left alone with his parasites. Their medicine knew of ways (and at least some of them proved to be quite effective) to get rid of them.", "edited": 1496503768.0, "author_flair_css_class": null, "collapsed": false, "author_flair_richtext": [], "is_submitter": false, "collapsed_reason": null, "body_html": "&lt;div class=\"md\"&gt;&lt;p&gt;I can only answer this in concern to Ancient Egypt, as I have nowhere near enough knowledge of &amp;quot;pre-modern medicine&amp;quot; in general to answer this question in regard to other distinctive culture areas. And I don&amp;#39;t know if that&amp;#39;s really what you had in your mind when asking this question, but it&amp;#39;s at least an example of how &amp;quot;pre-modern medicine&amp;quot; tackled such delicate problems as internal parasites.&lt;/p&gt;\n\n&lt;p&gt;That said - luckily for those suffering - the Ancient Egyptian didn&amp;#39;t &amp;quot;just have to deal&amp;quot; with his unwanted lodger. There are numerous recipes for how to get rid of worms - and many of them are thought of as quite effective. The Papyrus Ebers, a huge collection of different recipes - meticulously and orderly put down -, is one of the peak moments of Egyptian medicine and includes a number of recipes against intestinal worms in its part about abdominal discomforts.&lt;/p&gt;\n\n&lt;blockquote&gt;\n&lt;p&gt;&amp;quot;To kill the worm (lit. &amp;quot;snake&amp;quot;): Root of the pomegranate: 1/64 Ipet (1 Ipet = 19 litres), water: 1/32 Ipet; to be exposed to the dew; to be squeezed; to be drunk over the course of one day&amp;quot; (Papyrus Ebers, 16,15-18 (EB 50))&lt;/p&gt;\n\n&lt;p&gt;&amp;quot;To kill the worm (lit. &amp;quot;snake&amp;quot;): Root of the pomegranate to be crushed in 1/64 Ipet beer. To be left outdoors over night in a vessel with 1/64+1/32 Ipet water. You should filter it through cloth the next morning. To be drunk by the man.&amp;quot; (Papyrus Ebers, 19,19-19,22 (EB 63))&lt;/p&gt;\n&lt;/blockquote&gt;\n\n&lt;p&gt;Renate Germer - both a Biologist and Egyptologist - has written about the effectiveness of such remedies, her verdict (in this particular case) was quite positive. The root (or the rind) of the pomegranate includes Pyridine-Alkaloid which is supposed to have a paralysing effect on the tape worm. This causes the worm to detach himself from the intestinal wall and forces him subsequently to take the &amp;quot;back door&amp;quot; out.&lt;/p&gt;\n\n&lt;p&gt;The use of the pomegranate as a medicinal remedy is singular in Ancient Egyptian art of healing, so we can attest that this was a &amp;quot;special&amp;quot; remedy against tape worms. EB 50 and EB 63 are the only ones to use the pomegranate, but most of the recipes between EB 50 and EB 85 seem to concern themselves with either tape or other intestinal worms. The Ancient Egyptian recipes differentiate between Hefat (&lt;em&gt;HfA.t&lt;/em&gt;, &amp;quot;snake&amp;quot; - both EB 50 and EB 63 mention Hefat) and Pened (&lt;em&gt;pnd&lt;/em&gt;, identification unsure, it&amp;#39;s generally translated as &amp;quot;intestinal worm&amp;quot;). Many recipes against either worm include plants or minerals as remedies that we can&amp;#39;t identify (yet), so it&amp;#39;s very hard to judge their actual medicinal value. One example of this is &amp;quot;Wam&amp;quot; (&lt;em&gt;wAm&lt;/em&gt;), which seems to have played a significant role against intestinal worms as a particular effective drug.&lt;/p&gt;\n\n&lt;blockquote&gt;\n&lt;p&gt;&amp;quot;Another (remedy): &lt;em&gt;wAm&lt;/em&gt;(-fruits? -plants?): 1/64 Ipet, water: 1/64+1/64 Ipet. To be exposed to the dew over night. To be drunk over the course of four days - or with beer (instead of water (?)).&amp;quot; (Papyrus Ebers, 18,16-18,20 (EB 60))&lt;/p&gt;\n&lt;/blockquote&gt;\n\n&lt;p&gt;The nature of this recipe would indicate that it had (or was supposed to have) a similar effect to the ones with the root of the pomegranate in it - flush out the worm.&lt;/p&gt;\n\n&lt;p&gt;Of course magic played a huge part, too, in Ancient Egyptian medicine, although there are surprisingly few recipes in the Papyrus Ebers that include conjurations and spells and the like. EB 61 is an example of this.&lt;/p&gt;\n\n&lt;blockquote&gt;\n&lt;p&gt;&amp;quot;Another (remedy): common reed: 1/64 Ipet, Shames (&lt;em&gt;SAms&lt;/em&gt;; identification unsure, maybe some form of Pyrethrum; Pyrethrums are a traditional source of insecticides): 1/4 Dja (1/64 Ipet = 1 Dja). To be cooked with honey. To be eaten. Their conjuration: &amp;#39;The burden may be loosened! The weariness, which the-one-on-his-belly put in my belly, which is caused by (a) god, which is caused by an enemy, may yield! Strife be against him! The god may loosen what he has caused to be in my belly!&amp;#39;&amp;quot; (Papyrus Ebers, 18,21-19,10 (EB 61))&lt;/p&gt;\n&lt;/blockquote&gt;\n\n&lt;p&gt;Many parasites are attested through examinations of mummies, skeletons and other human remains - amongst them tapeworms, round worms, threadworms and trichina. How these correspond to the Ancient Egyptian differentiation between Hefat and Pened is unsure. Bilharzia - caused by the larvae of the Schistosoma - is also attested in mummies. Bilharzia may be what Ancient Egyptians described as the &amp;quot;Aaa&amp;quot;-sickness (&lt;em&gt;Aaa&lt;/em&gt;). There&amp;#39;s no single description of the sickness itself, but the many recipes still preserved show that &amp;quot;Aaa&amp;quot; effected many internal body parts (especially heart and stomach) and caused general internal pain; bloody urine is also named as a symptom. Since Schistosoma are of microscopic size the Ancient Egyptians probably didn&amp;#39;t know the Bilharzia&amp;#39;s cause. Though at least one recipe seems to indicate the opposite.&lt;/p&gt;\n\n&lt;blockquote&gt;\n&lt;p&gt;&amp;quot;Another remedy, which is beneficial from those which are made for the belly: common reed: 1, Shames (see above): 1. To be smoothly grinded. To be cooked with honey. To be eaten by the man, who has worms (&lt;em&gt;Hrr.wt&lt;/em&gt;, a general term to describe small crawling or creeping creatures) in his belly. It is the Aaa-sickness, which has created it. (It) doesn&amp;#39;t die through any other remedy.&amp;quot; (Papyrus Ebers, 19,11-19,19 (EB 62))&lt;/p&gt;\n&lt;/blockquote&gt;\n\n&lt;p&gt;&amp;quot;Aaa&amp;quot; may be Bilharzia or not - in any case, the Ancient Egyptian wasn&amp;#39;t left alone with his parasites. Their medicine knew of ways (and at least some of them proved to be quite effective) to get rid of them.&lt;/p&gt;\n&lt;/div&gt;", "stickied": false, "subreddit_type": "public", "can_gild": true, "subreddit": "AskHistorians", "author_flair_text_color": null, "score_hidden": false, "permalink": "/r/AskHistorians/comments/6ewwsu/before_modern_medicine_how_did_people_deal_with/diepbsr/", "num_reports": null, "name": "t1_diepbsr", "created": 1496532376.0, "author_flair_text": null, "rte_mode": "markdown", "created_utc": 1496503576.0, "subreddit_name_prefixed": "r/AskHistorians", "controversiality": 0, "depth": 0, "author_flair_background_color": null, "mod_reports": [], "mod_note": null, "distinguished": null}}], "after": null, "before": null}}]