[{"kind": "Listing", "data": {"modhash": "", "dist": 1, "children": [{"kind": "t3", "data": {"approved_at_utc": null, "subreddit": "AskHistorians", "selftext": "Most of what I read about Siberia emphasizes its remoteness (whether this is real or exaggerated I don't know), so I'm genuinely curious to know how soldiers stationed in bases there kept busy. Even though the Gulag infrastructure sort of *changed* under Kruschchev I guess I'd like to expand the question to prison guards, too. Would the soldiers ever get rowdy with the locals, or would they be drawn from the same ethnic groups in the surrounding area?", "user_reports": [], "saved": false, "mod_reason_title": null, "gilded": 0, "clicked": false, "title": "[Siberia] How would garrisoned soldiers in post-WWII Soviet Siberia entertain themselves?", "link_flair_richtext": [{"e": "text", "t": "Siberia"}], "subreddit_name_prefixed": "r/AskHistorians", "hidden": false, "pwls": 6, "link_flair_css_class": "theme", "downs": 0, "parent_whitelist_status": "all_ads", "hide_score": false, "name": "t3_6ewxzs", "quarantine": false, "link_flair_text_color": "dark", "upvote_ratio": 0.6, "author_flair_background_color": null, "subreddit_type": "public", "ups": 1, "domain": "self.AskHistorians", "media_embed": {}, "author_flair_template_id": null, "is_original_content": false, "secure_media": null, "is_reddit_media_domain": false, "category": null, "secure_media_embed": {}, "link_flair_text": "Siberia", "can_mod_post": false, "score": 1, "approved_by": null, "thumbnail": "", "edited": false, "author_flair_css_class": null, "author_flair_richtext": [], "content_categories": null, "is_self": true, "mod_note": null, "created": 1496464054.0, "link_flair_type": "richtext", "wls": 6, "post_categories": null, "banned_by": null, "author_flair_type": "text", "contest_mode": false, "selftext_html": "&lt;!-- SC_OFF --&gt;&lt;div class=\"md\"&gt;&lt;p&gt;Most of what I read about Siberia emphasizes its remoteness (whether this is real or exaggerated I don&amp;#39;t know), so I&amp;#39;m genuinely curious to know how soldiers stationed in bases there kept busy. Even though the Gulag infrastructure sort of &lt;em&gt;changed&lt;/em&gt; under Kruschchev I guess I&amp;#39;d like to expand the question to prison guards, too. Would the soldiers ever get rowdy with the locals, or would they be drawn from the same ethnic groups in the surrounding area?&lt;/p&gt;\n&lt;/div&gt;&lt;!-- SC_ON --&gt;", "likes": null, "suggested_sort": null, "banned_at_utc": null, "view_count": null, "archived": true, "no_follow": true, "is_crosspostable": false, "pinned": false, "over_18": false, "media_only": false, "can_gild": false, "spoiler": false, "locked": false, "author_flair_text": null, "rte_mode": "markdown", "visited": false, "num_reports": null, "distinguished": null, "subreddit_id": "t5_2ssp3", "mod_reason_by": null, "removal_reason": null, "id": "6ewxzs", "report_reasons": null, "author": "SaibaManbomb", "num_crossposts": 0, "num_comments": 0, "send_replies": true, "mod_reports": [], "author_flair_text_color": null, "permalink": "/r/AskHistorians/comments/6ewxzs/siberia_how_would_garrisoned_soldiers_in_postwwii/", "whitelist_status": "all_ads", "stickied": false, "url": "https://www.reddit.com/r/AskHistorians/comments/6ewxzs/siberia_how_would_garrisoned_soldiers_in_postwwii/", "subreddit_subscribers": 771068, "created_utc": 1496435254.0, "media": null, "is_video": false}}], "after": null, "before": null}}, {"kind": "Listing", "data": {"modhash": "", "dist": null, "children": [], "after": null, "before": null}}]