[{"kind": "Listing", "data": {"modhash": "", "dist": 1, "children": [{"kind": "t3", "data": {"approved_at_utc": null, "subreddit": "AskHistorians", "selftext": "[deleted]", "user_reports": [], "saved": false, "mod_reason_title": null, "gilded": 0, "clicked": false, "title": "How accurate was Django in depicting the relationship between slaves and slavemasters?", "link_flair_richtext": [], "subreddit_name_prefixed": "r/AskHistorians", "hidden": false, "pwls": 6, "link_flair_css_class": null, "downs": 0, "parent_whitelist_status": "all_ads", "hide_score": false, "name": "t3_9tyek7", "quarantine": false, "link_flair_text_color": "dark", "upvote_ratio": 0.5, "author_flair_background_color": "", "subreddit_type": "public", "ups": 0, "domain": "self.AskHistorians", "media_embed": {}, "author_flair_template_id": null, "is_original_content": false, "secure_media": null, "is_reddit_media_domain": false, "is_meta": false, "category": null, "secure_media_embed": {}, "link_flair_text": null, "can_mod_post": false, "score": 0, "approved_by": null, "thumbnail": "", "edited": false, "author_flair_css_class": null, "gildings": {"gid_1": 0, "gid_2": 0, "gid_3": 0}, "content_categories": null, "is_self": true, "mod_note": null, "created": 1541313459.0, "link_flair_type": "text", "wls": 6, "banned_by": null, "contest_mode": false, "selftext_html": "&lt;!-- SC_OFF --&gt;&lt;div class=\"md\"&gt;&lt;p&gt;[deleted]&lt;/p&gt;\n&lt;/div&gt;&lt;!-- SC_ON --&gt;", "likes": null, "suggested_sort": null, "banned_at_utc": null, "view_count": null, "archived": false, "no_follow": true, "is_crosspostable": false, "pinned": false, "over_18": false, "media": null, "media_only": false, "link_flair_template_id": null, "can_gild": false, "spoiler": false, "locked": false, "author_flair_text": null, "visited": false, "num_reports": null, "distinguished": null, "subreddit_id": "t5_2ssp3", "mod_reason_by": null, "removal_reason": null, "link_flair_background_color": "", "id": "9tyek7", "is_robot_indexable": false, "report_reasons": null, "author": "[deleted]", "num_crossposts": 0, "num_comments": 2, "send_replies": true, "author_flair_text_color": "dark", "permalink": "/r/AskHistorians/comments/9tyek7/how_accurate_was_django_in_depicting_the/", "whitelist_status": "all_ads", "stickied": false, "url": "https://www.reddit.com/r/AskHistorians/comments/9tyek7/how_accurate_was_django_in_depicting_the/", "subreddit_subscribers": 869444, "created_utc": 1541284659.0, "mod_reports": [], "is_video": false}}], "after": null, "before": null}}, {"kind": "Listing", "data": {"modhash": "", "dist": null, "children": [{"kind": "t1", "data": {"subreddit_id": "t5_2ssp3", "approved_at_utc": null, "ups": 6, "mod_reason_by": null, "banned_by": null, "author_flair_type": "text", "removal_reason": null, "link_id": "t3_9tyek7", "author_flair_template_id": null, "likes": null, "no_follow": true, "replies": {"kind": "Listing", "data": {"modhash": "", "dist": null, "children": [{"kind": "t1", "data": {"subreddit_id": "t5_2ssp3", "approved_at_utc": null, "ups": 1, "mod_reason_by": null, "banned_by": null, "author_flair_type": "text", "removal_reason": null, "link_id": "t3_9tyek7", "author_flair_template_id": null, "likes": null, "no_follow": true, "replies": "", "user_reports": [], "saved": false, "id": "e90287g", "banned_at_utc": null, "mod_reason_title": null, "gilded": 0, "archived": false, "report_reasons": null, "author": "1000skl", "can_mod_post": false, "send_replies": true, "parent_id": "t1_e901t9q", "score": 1, "author_fullname": "t2_dg14gc3", "approved_by": null, "downs": 0, "body": "Thank you, these should answer my question just fine.. yeah I think fair or nice wasn\u2019t the best way for me to put it, but there were certain parts of the movie like white &amp; black people singing in a room together, and the relationship between Leo and Samuels characters was somewhat less abusive than how I thought \u201chouse slaves\u201d were treated, those made me wonder ", "edited": 1541289241.0, "author_flair_css_class": null, "is_submitter": false, "collapsed": false, "author_flair_richtext": [], "author_patreon_flair": false, "collapsed_reason": null, "body_html": "&lt;div class=\"md\"&gt;&lt;p&gt;Thank you, these should answer my question just fine.. yeah I think fair or nice wasn\u2019t the best way for me to put it, but there were certain parts of the movie like white &amp;amp; black people singing in a room together, and the relationship between Leo and Samuels characters was somewhat less abusive than how I thought \u201chouse slaves\u201d were treated, those made me wonder &lt;/p&gt;\n&lt;/div&gt;", "stickied": false, "subreddit_type": "public", "can_gild": true, "gildings": {"gid_1": 0, "gid_2": 0, "gid_3": 0}, "author_flair_text_color": null, "score_hidden": false, "permalink": "/r/AskHistorians/comments/9tyek7/how_accurate_was_django_in_depicting_the/e90287g/", "num_reports": null, "name": "t1_e90287g", "created": 1541315001.0, "subreddit": "AskHistorians", "author_flair_text": null, "created_utc": 1541286201.0, "subreddit_name_prefixed": "r/AskHistorians", "controversiality": 0, "depth": 1, "author_flair_background_color": null, "mod_reports": [], "mod_note": null, "distinguished": null}}], "after": null, "before": null}}, "user_reports": [], "saved": false, "id": "e901t9q", "banned_at_utc": null, "mod_reason_title": null, "gilded": 0, "archived": false, "report_reasons": null, "author": "Elm11", "can_mod_post": false, "send_replies": true, "parent_id": "t3_9tyek7", "score": 6, "author_fullname": "t2_82jlg", "approved_by": null, "downs": 0, "body": "Hey there, not to preclude further discussion, but you'll likely find the below discussions of interest:\n\nThere is no such thing as 'fair' or 'nice' slavery. Enslaved African Americans were human beings treated, bought and sold as property. \n\n/u/Freedmenspatrol and /u/Sowser have discussed the concept of 'nice' slave-ownership in great detail in their respective pieces: \n\n[Whilst slavery was happening in the US, how common was it for families to treat their slaves very well?](https://www.reddit.com/r/AskHistorians/comments/8dftxp/whilst_slavery_was_happening_in_the_us_how_common/) /u/Freedmenspatrol\n\n[Suffering slaves and suffering serfs, whats the diff?](https://www.reddit.com/r/AskHistorians/comments/8n19s0/suffering_slaves_and_suffering_serfs_whats_the/) - /u/sowser \n\n", "edited": false, "author_flair_css_class": "moderator", "is_submitter": false, "collapsed": false, "author_flair_richtext": [], "author_patreon_flair": false, "collapsed_reason": null, "body_html": "&lt;div class=\"md\"&gt;&lt;p&gt;Hey there, not to preclude further discussion, but you&amp;#39;ll likely find the below discussions of interest:&lt;/p&gt;\n\n&lt;p&gt;There is no such thing as &amp;#39;fair&amp;#39; or &amp;#39;nice&amp;#39; slavery. Enslaved African Americans were human beings treated, bought and sold as property. &lt;/p&gt;\n\n&lt;p&gt;&lt;a href=\"/u/Freedmenspatrol\"&gt;/u/Freedmenspatrol&lt;/a&gt; and &lt;a href=\"/u/Sowser\"&gt;/u/Sowser&lt;/a&gt; have discussed the concept of &amp;#39;nice&amp;#39; slave-ownership in great detail in their respective pieces: &lt;/p&gt;\n\n&lt;p&gt;&lt;a href=\"https://www.reddit.com/r/AskHistorians/comments/8dftxp/whilst_slavery_was_happening_in_the_us_how_common/\"&gt;Whilst slavery was happening in the US, how common was it for families to treat their slaves very well?&lt;/a&gt; &lt;a href=\"/u/Freedmenspatrol\"&gt;/u/Freedmenspatrol&lt;/a&gt;&lt;/p&gt;\n\n&lt;p&gt;&lt;a href=\"https://www.reddit.com/r/AskHistorians/comments/8n19s0/suffering_slaves_and_suffering_serfs_whats_the/\"&gt;Suffering slaves and suffering serfs, whats the diff?&lt;/a&gt; - &lt;a href=\"/u/sowser\"&gt;/u/sowser&lt;/a&gt; &lt;/p&gt;\n&lt;/div&gt;", "stickied": false, "subreddit_type": "public", "can_gild": true, "gildings": {"gid_1": 0, "gid_2": 0, "gid_3": 0}, "author_flair_text_color": "dark", "score_hidden": false, "permalink": "/r/AskHistorians/comments/9tyek7/how_accurate_was_django_in_depicting_the/e901t9q/", "num_reports": null, "name": "t1_e901t9q", "created": 1541314560.0, "subreddit": "AskHistorians", "author_flair_text": "Moderator | Quality Contributor", "created_utc": 1541285760.0, "subreddit_name_prefixed": "r/AskHistorians", "controversiality": 0, "depth": 0, "author_flair_background_color": "", "mod_reports": [], "mod_note": null, "distinguished": null}}], "after": null, "before": null}}]