[{"kind": "Listing", "data": {"modhash": "", "dist": 1, "children": [{"kind": "t3", "data": {"approved_at_utc": null, "subreddit": "AskHistorians", "selftext": "[removed]", "user_reports": [], "saved": false, "mod_reason_title": null, "gilded": 0, "clicked": false, "title": "What if the Roman empire never collapsed?", "link_flair_richtext": [], "subreddit_name_prefixed": "r/AskHistorians", "hidden": false, "pwls": 6, "link_flair_css_class": null, "downs": 0, "top_awarded_type": null, "parent_whitelist_status": "all_ads", "hide_score": false, "name": "t3_k53vo7", "quarantine": false, "link_flair_text_color": "dark", "upvote_ratio": 0.33, "author_flair_background_color": "", "subreddit_type": "public", "ups": 0, "total_awards_received": 0, "media_embed": {}, "author_flair_template_id": null, "is_original_content": false, "secure_media": null, "is_reddit_media_domain": false, "is_meta": false, "category": null, "secure_media_embed": {}, "link_flair_text": null, "can_mod_post": false, "score": 0, "approved_by": null, "thumbnail": "", "edited": false, "author_flair_css_class": null, "gildings": {}, "content_categories": null, "is_self": true, "mod_note": null, "created": 1606918789.0, "link_flair_type": "text", "wls": 6, "removed_by_category": "deleted", "banned_by": null, "domain": "self.AskHistorians", "allow_live_comments": false, "selftext_html": "&lt;!-- SC_OFF --&gt;&lt;div class=\"md\"&gt;&lt;p&gt;[removed]&lt;/p&gt;\n&lt;/div&gt;&lt;!-- SC_ON --&gt;", "likes": null, "suggested_sort": null, "banned_at_utc": null, "view_count": null, "archived": false, "no_follow": true, "is_crosspostable": false, "pinned": false, "over_18": false, "all_awardings": [], "awarders": [], "media_only": false, "can_gild": false, "spoiler": false, "locked": false, "author_flair_text": null, "treatment_tags": [], "visited": false, "removed_by": null, "num_reports": null, "distinguished": null, "subreddit_id": "t5_2ssp3", "mod_reason_by": null, "removal_reason": null, "link_flair_background_color": "", "id": "k53vo7", "is_robot_indexable": false, "num_duplicates": 1, "report_reasons": null, "author": "[deleted]", "discussion_type": null, "num_comments": 4, "send_replies": true, "media": null, "contest_mode": false, "author_flair_text_color": "dark", "permalink": "/r/AskHistorians/comments/k53vo7/what_if_the_roman_empire_never_collapsed/", "whitelist_status": "all_ads", "stickied": false, "url": "https://www.reddit.com/r/AskHistorians/comments/k53vo7/what_if_the_roman_empire_never_collapsed/", "subreddit_subscribers": 1308096, "created_utc": 1606889989.0, "num_crossposts": 0, "mod_reports": [], "is_video": false}}], "after": null, "before": null}}, {"kind": "Listing", "data": {"modhash": "", "dist": null, "children": [{"kind": "t1", "data": {"total_awards_received": 0, "approved_at_utc": null, "comment_type": null, "awarders": [], "mod_reason_by": null, "banned_by": null, "ups": 1, "author_flair_type": "richtext", "removal_reason": null, "link_id": "t3_k53vo7", "author_flair_template_id": "9e641f94-c626-11e2-8e2c-12313b0b21ae", "likes": null, "replies": "", "user_reports": [], "saved": false, "id": "gecel8s", "banned_at_utc": null, "mod_reason_title": null, "gilded": 0, "archived": false, "no_follow": true, "author": "AutoModerator", "can_mod_post": false, "send_replies": false, "parent_id": "t3_k53vo7", "score": 1, "author_fullname": "t2_6l4z3", "report_reasons": null, "approved_by": null, "all_awardings": [], "subreddit_id": "t5_2ssp3", "body": "Welcome to /r/AskHistorians. **Please [Read Our Rules](https://www.reddit.com/r/AskHistorians/wiki/rules) before you comment in this community**. Understand that [rule breaking comments get removed](https://www.reddit.com/r/AskHistorians/comments/h8aefx/rules_roundtable_xviii_removed_curation_and_why/).\n\n#Please consider **[Clicking Here for RemindMeBot](https://www.reddit.com/message/compose/?to=RemindMeBot&amp;subject=Reminder&amp;message=%5Bhttps://www.reddit.com/r/AskHistorians/comments/k53vo7/what_if_the_roman_empire_never_collapsed/%5D%0A%0ARemindMe!%202%20days)** as it takes time for an answer to be written. \n\nWe thank you for your interest in this *question*, and your patience in waiting for an in-depth and comprehensive answer to show up. In addition to RemindMeBot, consider [using our Browser Extension](https://www.reddit.com/r/AskHistorians/comments/d6dzi7/tired_of_clicking_to_find_only_removed_comments/), or getting the [Weekly Roundup](https://www.reddit.com/message/compose?to=subredditsummarybot&amp;subject=askhistorians+weekly&amp;message=x). In the meantime our [Twitter](https://twitter.com/askhistorians), [Facebook](https://www.facebook.com/askhistorians/), and [Sunday Digest](https://www.reddit.com/r/AskHistorians/search?q=title%3A%22Sunday+Digest%22&amp;restrict_sr=on&amp;sort=new&amp;t=all) feature excellent content that has already been written!\n\n\n*I am a bot, and this action was performed automatically. Please [contact the moderators of this subreddit](/message/compose/?to=/r/AskHistorians) if you have any questions or concerns.*", "edited": false, "downs": 0, "author_flair_css_class": null, "is_submitter": false, "collapsed": false, "author_flair_richtext": [{"e": "text", "t": "History of Robotics"}], "author_patreon_flair": false, "body_html": "&lt;div class=\"md\"&gt;&lt;p&gt;Welcome to &lt;a href=\"/r/AskHistorians\"&gt;/r/AskHistorians&lt;/a&gt;. &lt;strong&gt;Please &lt;a href=\"https://www.reddit.com/r/AskHistorians/wiki/rules\"&gt;Read Our Rules&lt;/a&gt; before you comment in this community&lt;/strong&gt;. Understand that &lt;a href=\"https://www.reddit.com/r/AskHistorians/comments/h8aefx/rules_roundtable_xviii_removed_curation_and_why/\"&gt;rule breaking comments get removed&lt;/a&gt;.&lt;/p&gt;\n\n&lt;h1&gt;Please consider &lt;strong&gt;&lt;a href=\"https://www.reddit.com/message/compose/?to=RemindMeBot&amp;amp;subject=Reminder&amp;amp;message=%5Bhttps://www.reddit.com/r/AskHistorians/comments/k53vo7/what_if_the_roman_empire_never_collapsed/%5D%0A%0ARemindMe!%202%20days\"&gt;Clicking Here for RemindMeBot&lt;/a&gt;&lt;/strong&gt; as it takes time for an answer to be written.&lt;/h1&gt;\n\n&lt;p&gt;We thank you for your interest in this &lt;em&gt;question&lt;/em&gt;, and your patience in waiting for an in-depth and comprehensive answer to show up. In addition to RemindMeBot, consider &lt;a href=\"https://www.reddit.com/r/AskHistorians/comments/d6dzi7/tired_of_clicking_to_find_only_removed_comments/\"&gt;using our Browser Extension&lt;/a&gt;, or getting the &lt;a href=\"https://www.reddit.com/message/compose?to=subredditsummarybot&amp;amp;subject=askhistorians+weekly&amp;amp;message=x\"&gt;Weekly Roundup&lt;/a&gt;. In the meantime our &lt;a href=\"https://twitter.com/askhistorians\"&gt;Twitter&lt;/a&gt;, &lt;a href=\"https://www.facebook.com/askhistorians/\"&gt;Facebook&lt;/a&gt;, and &lt;a href=\"https://www.reddit.com/r/AskHistorians/search?q=title%3A%22Sunday+Digest%22&amp;amp;restrict_sr=on&amp;amp;sort=new&amp;amp;t=all\"&gt;Sunday Digest&lt;/a&gt; feature excellent content that has already been written!&lt;/p&gt;\n\n&lt;p&gt;&lt;em&gt;I am a bot, and this action was performed automatically. Please &lt;a href=\"/message/compose/?to=/r/AskHistorians\"&gt;contact the moderators of this subreddit&lt;/a&gt; if you have any questions or concerns.&lt;/em&gt;&lt;/p&gt;\n&lt;/div&gt;", "gildings": {}, "collapsed_reason": null, "associated_award": null, "stickied": true, "author_premium": true, "subreddit_type": "public", "can_gild": true, "top_awarded_type": null, "author_flair_text_color": "light", "score_hidden": true, "permalink": "/r/AskHistorians/comments/k53vo7/what_if_the_roman_empire_never_collapsed/gecel8s/", "num_reports": null, "locked": true, "name": "t1_gecel8s", "created": 1606918789.0, "subreddit": "AskHistorians", "author_flair_text": "History of Robotics", "treatment_tags": [], "created_utc": 1606889989.0, "subreddit_name_prefixed": "r/AskHistorians", "controversiality": 0, "depth": 0, "author_flair_background_color": "#993366", "collapsed_because_crowd_control": null, "mod_reports": [], "mod_note": null, "distinguished": "moderator"}}, {"kind": "t1", "data": {"total_awards_received": 0, "approved_at_utc": null, "comment_type": null, "awarders": [], "mod_reason_by": null, "banned_by": null, "ups": 6, "author_flair_type": "text", "removal_reason": null, "link_id": "t3_k53vo7", "author_flair_template_id": null, "likes": null, "replies": "", "user_reports": [], "saved": false, "id": "gecku3x", "banned_at_utc": null, "mod_reason_title": null, "gilded": 0, "archived": false, "no_follow": true, "author": "ilBrunissimo", "can_mod_post": false, "send_replies": true, "parent_id": "t3_k53vo7", "score": 6, "author_fullname": "t2_3datlzgw", "report_reasons": null, "approved_by": null, "all_awardings": [], "subreddit_id": "t5_2ssp3", "body": "In a way, it didn\u2019t.  It shrank. Vatican City is the last political entity that could claim to be the Rome of antiquity.  The transition of Rome in Late Antiquity from empire to a monarchy ruled by Gothic kings to a state governed by the Bishop of Rome (the pope) is well documented.  The Bishop of Rome assumed greater civic authority as the Gothic monarchy weakened and eventually ended and then reined over great Roman territories, which some historians refer to as the Papal States during the medieval period and later.  During Italian unification of the late 19th Century, the Papal States were reduced to what they are now through war and diplomacy.  Vatican City, the political entity ruled by the pope, also includes other sites, as in other churches in Rome and papal residences.  So when you step into the piazza where St. John Lateran is, you have left the Republic of Italy and entered Vatican City.\n\nBut if your question hypothesizes the persistence of imperial Rome, let\u2019s play that out.  Sure, Europe would be speaking a modern form of Latin and the Catholic Church would be the dominant religion (and for the most part, that is already true).  It\u2019d be stuck in perpetual, localized conflict at the borders.  And your local governor could either be a wealthy aristocrat in a working retirement, or an opportunistic warlord who would suck your village dry.\n\nBut, the reality of Rome at its tenuous apex shows another way to look at Rome and its presence today.\n\nIt was a massive and wealthy state.  Contrary to how it has been often taught, Rome did not collapse or fall. It changed over time.  Rome\u2019s long investment on infrastructure proved wise.  The highway system they built across Europe, Mediterranean Africa and the Middle East allowed for the swift movement of people, trade, troops, and information. It allowed the government in Rome to maintain control, with provincial governors installed (proconsuls).  The production of aqueducts and sewers (clean water in, waste water out) was the first public health policy in the world.  And Rome provided a common legal and taxation system that united its citizens, as opposed to defining citizenship by ethnicity.  The very notion of the Rule of Law (the idea that the law applies equally to all as opposed to coming from a single ruler) is a foundational Roman precept that has been the bedrock of the West.\n\nLooking back through the lens of today\u2019s ideologies, Rome was far ahead of its time.  But to Romans, the very notion of a social policy would have been alien.  They were practical, and it was of greater benefit to them to enfranchise those who would contribute to the state.  Roman citizenship was desirable, whether you were Greek, Assyrian, Celtiberian, or Gallic.  Rome was like that from its beginnings (a worthy digression, which I will allow for a separate question).\n\nErgo, at its height, Rome was vast, prosperous multicultural, and secure.  It was a good place to be a farmer or a merchant.  \n\nBut its borders, though well defended, were porous.  To help in their defense, Roman foreign policy depended on client kings of neighboring states.  When a client king saw weakness or division back in Rome, they would often attack.  Or in areas where there was no established state (not one recognizable to Romans, at least, such as among Germanic peoples), they sought to subdue tensions by creating trade dependence, which tended to backfire.  \n\nTo increase the size of the armies defending the borders, Rome conscripted locals, who had cultural and linguistic commonalities with the people they were often fighting.  It did not take long for the army to become too difficult to manage by the Senate.  The harder Rome tried to secure its borders, the more it worked against them.\n\nYet even in times of peace, the porous borders allowed for merchants to move in and out of Rome with little difficulty.  There were no checkpoints or customs to go through.  Until an aggressor moved to tip that balance, it was a great situation that many benefitted from.\n\nSo, at its best, Rome was a fast-paced society, diverse, well governed, and stable.  \n\nUnfortunately, it just wasn\u2019t sustainable.  As advanced as its infrastructure and governance were, the scale of Rome became too much to manage by those mechanisms.  What worked for expansion and dominion across the Italian peninsula did not work for the larger Imperium Romanum.  In today\u2019s business parlance, it wasn\u2019t a scalable model and they did not promote local capacity building.\n\n(I am not even getting into slavery.  But, the upper classes depended on the *colonia* system to maintain their wealth.  *Coloniae* were large plantations worked by slaves.  Slaves were captured people.  The supply of slaves came from constant frontier war.  The economic substrate of the ruling classes was fragile and eventually hit its limit.  When Rome stopped expanding, the generation of new wealth for the governing class ceased, which lead to more rivalries and tensions.)\n\nIf Rome had quicker communication that allowed for their central government to wield swifter, more responsive control.....  \n\nIf they found a way to maintain loyalty of the army to a central ideal instead of to the local general who paid them the booty or land.....\n\nIf the courts had an appellate system that discouraged the encroachment of local corruption....\n\nIf citizenship and its protections were offered to more....\n\nYou see where I am going.  Subsequent states/empires sought to apply lessons learned from Rome.\n\nThe take-aways are that a large, diverse area can be peacefully governed if governmental interest provides for a common and secure infrastructure, legal framework, an open path to prosperity for citizens, public health, security, and free movement.  Any state that doesn\u2019t do that will fail, whether to conquest, political revolution, or social upheaval. \n\nIf time travel were possible, Roman leaders would be very impressed with the European Union.  They wouldn\u2019t understand the finer points of sovereignty of member states v. the European Commission, but the infrastructure, Eurozone, free movement, and an economic system that allowed for individual farmers/producers access to the market all would be something that Romans would recognize and claim as their ideas.\n\nAnd they\u2019d be right.\n\nThe Roman Empire did not collapse.  It morphed and evolved.  When it could no longer function under its own weight, the principles that built it survived, and are alive and well.\n\nEd:sp", "edited": 1606910812.0, "downs": 0, "author_flair_css_class": null, "is_submitter": false, "collapsed": false, "author_flair_richtext": [], "author_patreon_flair": false, "body_html": "&lt;div class=\"md\"&gt;&lt;p&gt;In a way, it didn\u2019t.  It shrank. Vatican City is the last political entity that could claim to be the Rome of antiquity.  The transition of Rome in Late Antiquity from empire to a monarchy ruled by Gothic kings to a state governed by the Bishop of Rome (the pope) is well documented.  The Bishop of Rome assumed greater civic authority as the Gothic monarchy weakened and eventually ended and then reined over great Roman territories, which some historians refer to as the Papal States during the medieval period and later.  During Italian unification of the late 19th Century, the Papal States were reduced to what they are now through war and diplomacy.  Vatican City, the political entity ruled by the pope, also includes other sites, as in other churches in Rome and papal residences.  So when you step into the piazza where St. John Lateran is, you have left the Republic of Italy and entered Vatican City.&lt;/p&gt;\n\n&lt;p&gt;But if your question hypothesizes the persistence of imperial Rome, let\u2019s play that out.  Sure, Europe would be speaking a modern form of Latin and the Catholic Church would be the dominant religion (and for the most part, that is already true).  It\u2019d be stuck in perpetual, localized conflict at the borders.  And your local governor could either be a wealthy aristocrat in a working retirement, or an opportunistic warlord who would suck your village dry.&lt;/p&gt;\n\n&lt;p&gt;But, the reality of Rome at its tenuous apex shows another way to look at Rome and its presence today.&lt;/p&gt;\n\n&lt;p&gt;It was a massive and wealthy state.  Contrary to how it has been often taught, Rome did not collapse or fall. It changed over time.  Rome\u2019s long investment on infrastructure proved wise.  The highway system they built across Europe, Mediterranean Africa and the Middle East allowed for the swift movement of people, trade, troops, and information. It allowed the government in Rome to maintain control, with provincial governors installed (proconsuls).  The production of aqueducts and sewers (clean water in, waste water out) was the first public health policy in the world.  And Rome provided a common legal and taxation system that united its citizens, as opposed to defining citizenship by ethnicity.  The very notion of the Rule of Law (the idea that the law applies equally to all as opposed to coming from a single ruler) is a foundational Roman precept that has been the bedrock of the West.&lt;/p&gt;\n\n&lt;p&gt;Looking back through the lens of today\u2019s ideologies, Rome was far ahead of its time.  But to Romans, the very notion of a social policy would have been alien.  They were practical, and it was of greater benefit to them to enfranchise those who would contribute to the state.  Roman citizenship was desirable, whether you were Greek, Assyrian, Celtiberian, or Gallic.  Rome was like that from its beginnings (a worthy digression, which I will allow for a separate question).&lt;/p&gt;\n\n&lt;p&gt;Ergo, at its height, Rome was vast, prosperous multicultural, and secure.  It was a good place to be a farmer or a merchant.  &lt;/p&gt;\n\n&lt;p&gt;But its borders, though well defended, were porous.  To help in their defense, Roman foreign policy depended on client kings of neighboring states.  When a client king saw weakness or division back in Rome, they would often attack.  Or in areas where there was no established state (not one recognizable to Romans, at least, such as among Germanic peoples), they sought to subdue tensions by creating trade dependence, which tended to backfire.  &lt;/p&gt;\n\n&lt;p&gt;To increase the size of the armies defending the borders, Rome conscripted locals, who had cultural and linguistic commonalities with the people they were often fighting.  It did not take long for the army to become too difficult to manage by the Senate.  The harder Rome tried to secure its borders, the more it worked against them.&lt;/p&gt;\n\n&lt;p&gt;Yet even in times of peace, the porous borders allowed for merchants to move in and out of Rome with little difficulty.  There were no checkpoints or customs to go through.  Until an aggressor moved to tip that balance, it was a great situation that many benefitted from.&lt;/p&gt;\n\n&lt;p&gt;So, at its best, Rome was a fast-paced society, diverse, well governed, and stable.  &lt;/p&gt;\n\n&lt;p&gt;Unfortunately, it just wasn\u2019t sustainable.  As advanced as its infrastructure and governance were, the scale of Rome became too much to manage by those mechanisms.  What worked for expansion and dominion across the Italian peninsula did not work for the larger Imperium Romanum.  In today\u2019s business parlance, it wasn\u2019t a scalable model and they did not promote local capacity building.&lt;/p&gt;\n\n&lt;p&gt;(I am not even getting into slavery.  But, the upper classes depended on the &lt;em&gt;colonia&lt;/em&gt; system to maintain their wealth.  &lt;em&gt;Coloniae&lt;/em&gt; were large plantations worked by slaves.  Slaves were captured people.  The supply of slaves came from constant frontier war.  The economic substrate of the ruling classes was fragile and eventually hit its limit.  When Rome stopped expanding, the generation of new wealth for the governing class ceased, which lead to more rivalries and tensions.)&lt;/p&gt;\n\n&lt;p&gt;If Rome had quicker communication that allowed for their central government to wield swifter, more responsive control.....  &lt;/p&gt;\n\n&lt;p&gt;If they found a way to maintain loyalty of the army to a central ideal instead of to the local general who paid them the booty or land.....&lt;/p&gt;\n\n&lt;p&gt;If the courts had an appellate system that discouraged the encroachment of local corruption....&lt;/p&gt;\n\n&lt;p&gt;If citizenship and its protections were offered to more....&lt;/p&gt;\n\n&lt;p&gt;You see where I am going.  Subsequent states/empires sought to apply lessons learned from Rome.&lt;/p&gt;\n\n&lt;p&gt;The take-aways are that a large, diverse area can be peacefully governed if governmental interest provides for a common and secure infrastructure, legal framework, an open path to prosperity for citizens, public health, security, and free movement.  Any state that doesn\u2019t do that will fail, whether to conquest, political revolution, or social upheaval. &lt;/p&gt;\n\n&lt;p&gt;If time travel were possible, Roman leaders would be very impressed with the European Union.  They wouldn\u2019t understand the finer points of sovereignty of member states v. the European Commission, but the infrastructure, Eurozone, free movement, and an economic system that allowed for individual farmers/producers access to the market all would be something that Romans would recognize and claim as their ideas.&lt;/p&gt;\n\n&lt;p&gt;And they\u2019d be right.&lt;/p&gt;\n\n&lt;p&gt;The Roman Empire did not collapse.  It morphed and evolved.  When it could no longer function under its own weight, the principles that built it survived, and are alive and well.&lt;/p&gt;\n\n&lt;p&gt;Ed:sp&lt;/p&gt;\n&lt;/div&gt;", "gildings": {}, "collapsed_reason": null, "associated_award": null, "stickied": false, "author_premium": false, "subreddit_type": "public", "can_gild": true, "top_awarded_type": null, "author_flair_text_color": null, "score_hidden": false, "permalink": "/r/AskHistorians/comments/k53vo7/what_if_the_roman_empire_never_collapsed/gecku3x/", "num_reports": null, "locked": false, "name": "t1_gecku3x", "created": 1606924208.0, "subreddit": "AskHistorians", "author_flair_text": null, "treatment_tags": [], "created_utc": 1606895408.0, "subreddit_name_prefixed": "r/AskHistorians", "controversiality": 0, "depth": 0, "author_flair_background_color": null, "collapsed_because_crowd_control": null, "mod_reports": [], "mod_note": null, "distinguished": null}}, {"kind": "t1", "data": {"total_awards_received": 0, "approved_at_utc": null, "comment_type": null, "awarders": [], "mod_reason_by": null, "banned_by": null, "ups": 2, "author_flair_type": "richtext", "removal_reason": null, "link_id": "t3_k53vo7", "author_flair_template_id": "86beef9a-c626-11e2-ad9b-12313d18884c", "likes": null, "replies": "", "user_reports": [], "saved": false, "id": "gecjiks", "banned_at_utc": null, "mod_reason_title": null, "gilded": 0, "archived": false, "no_follow": true, "author": "Hergrim", "can_mod_post": false, "send_replies": true, "parent_id": "t3_k53vo7", "score": 2, "author_fullname": "t2_i6kyb", "report_reasons": null, "approved_by": null, "all_awardings": [], "subreddit_id": "t5_2ssp3", "body": "Sorry, but your submission has been removed because we [don't allow hypothetical questions](http://www.reddit.com/r/AskHistorians/wiki/rules#wiki_is_this_the_right_place_for_your_question.3F). If possible, please feel free to rephrase the question so that it does not call for such speculation, and resubmit. Otherwise, this sort of thing is better suited for /r/HistoryWhatIf or /r/HistoricalWhatIf. You can find a more in-depth discussion of this rule [here](https://www.reddit.com/r/AskHistorians/comments/fj1jym/rules_roundtable_vi_no_historical_whatif/).", "edited": false, "downs": 0, "author_flair_css_class": null, "is_submitter": false, "collapsed": false, "author_flair_richtext": [{"e": "text", "t": "Moderator | Medieval Warfare | Logistics and Equipment"}], "author_patreon_flair": false, "body_html": "&lt;div class=\"md\"&gt;&lt;p&gt;Sorry, but your submission has been removed because we &lt;a href=\"http://www.reddit.com/r/AskHistorians/wiki/rules#wiki_is_this_the_right_place_for_your_question.3F\"&gt;don&amp;#39;t allow hypothetical questions&lt;/a&gt;. If possible, please feel free to rephrase the question so that it does not call for such speculation, and resubmit. Otherwise, this sort of thing is better suited for &lt;a href=\"/r/HistoryWhatIf\"&gt;/r/HistoryWhatIf&lt;/a&gt; or &lt;a href=\"/r/HistoricalWhatIf\"&gt;/r/HistoricalWhatIf&lt;/a&gt;. You can find a more in-depth discussion of this rule &lt;a href=\"https://www.reddit.com/r/AskHistorians/comments/fj1jym/rules_roundtable_vi_no_historical_whatif/\"&gt;here&lt;/a&gt;.&lt;/p&gt;\n&lt;/div&gt;", "gildings": {}, "collapsed_reason": null, "associated_award": null, "stickied": false, "author_premium": true, "subreddit_type": "public", "can_gild": true, "top_awarded_type": null, "author_flair_text_color": "light", "score_hidden": false, "permalink": "/r/AskHistorians/comments/k53vo7/what_if_the_roman_empire_never_collapsed/gecjiks/", "num_reports": null, "locked": false, "name": "t1_gecjiks", "created": 1606922995.0, "subreddit": "AskHistorians", "author_flair_text": "Moderator | Medieval Warfare | Logistics and Equipment", "treatment_tags": [], "created_utc": 1606894195.0, "subreddit_name_prefixed": "r/AskHistorians", "controversiality": 0, "depth": 0, "author_flair_background_color": "#006600", "collapsed_because_crowd_control": null, "mod_reports": [], "mod_note": null, "distinguished": "moderator"}}], "after": null, "before": null}}]