[{"kind": "Listing", "data": {"modhash": "", "dist": 1, "children": [{"kind": "t3", "data": {"approved_at_utc": null, "subreddit": "AskHistorians", "selftext": "[removed]", "user_reports": [], "saved": false, "mod_reason_title": null, "gilded": 0, "clicked": false, "title": "Adolf Hitler drug abuse", "link_flair_richtext": [], "subreddit_name_prefixed": "r/AskHistorians", "hidden": false, "pwls": 6, "link_flair_css_class": null, "downs": 0, "top_awarded_type": null, "parent_whitelist_status": "all_ads", "hide_score": false, "name": "t3_k58qwf", "quarantine": false, "link_flair_text_color": "dark", "upvote_ratio": 1.0, "author_flair_background_color": "", "subreddit_type": "public", "ups": 2, "total_awards_received": 0, "media_embed": {}, "author_flair_template_id": null, "is_original_content": false, "secure_media": null, "is_reddit_media_domain": false, "is_meta": false, "category": null, "secure_media_embed": {}, "link_flair_text": null, "can_mod_post": false, "score": 2, "approved_by": null, "thumbnail": "", "edited": false, "author_flair_css_class": null, "gildings": {}, "content_categories": null, "is_self": true, "mod_note": null, "created": 1606942708.0, "link_flair_type": "text", "wls": 6, "removed_by_category": "deleted", "banned_by": null, "domain": "self.AskHistorians", "allow_live_comments": false, "selftext_html": "&lt;!-- SC_OFF --&gt;&lt;div class=\"md\"&gt;&lt;p&gt;[removed]&lt;/p&gt;\n&lt;/div&gt;&lt;!-- SC_ON --&gt;", "likes": null, "suggested_sort": null, "banned_at_utc": null, "view_count": null, "archived": false, "no_follow": true, "is_crosspostable": false, "pinned": false, "over_18": false, "all_awardings": [], "awarders": [], "media_only": false, "can_gild": false, "spoiler": false, "locked": false, "author_flair_text": null, "treatment_tags": [], "visited": false, "removed_by": null, "num_reports": null, "distinguished": null, "subreddit_id": "t5_2ssp3", "mod_reason_by": null, "removal_reason": null, "link_flair_background_color": "", "id": "k58qwf", "is_robot_indexable": false, "num_duplicates": 0, "report_reasons": null, "author": "[deleted]", "discussion_type": null, "num_comments": 3, "send_replies": true, "media": null, "contest_mode": false, "author_flair_text_color": "dark", "permalink": "/r/AskHistorians/comments/k58qwf/adolf_hitler_drug_abuse/", "whitelist_status": "all_ads", "stickied": false, "url": "https://www.reddit.com/r/AskHistorians/comments/k58qwf/adolf_hitler_drug_abuse/", "subreddit_subscribers": 1307292, "created_utc": 1606913908.0, "num_crossposts": 0, "mod_reports": [], "is_video": false}}], "after": null, "before": null}}, {"kind": "Listing", "data": {"modhash": "", "dist": null, "children": [{"kind": "t1", "data": {"total_awards_received": 0, "approved_at_utc": null, "comment_type": null, "awarders": [], "mod_reason_by": null, "banned_by": null, "ups": 1, "author_flair_type": "richtext", "removal_reason": null, "link_id": "t3_k58qwf", "author_flair_template_id": "9e641f94-c626-11e2-8e2c-12313b0b21ae", "likes": null, "replies": "", "user_reports": [], "saved": false, "id": "ged3g1g", "banned_at_utc": null, "mod_reason_title": null, "gilded": 0, "archived": false, "no_follow": true, "author": "AutoModerator", "can_mod_post": false, "send_replies": false, "parent_id": "t3_k58qwf", "score": 1, "author_fullname": "t2_6l4z3", "report_reasons": null, "approved_by": null, "all_awardings": [], "subreddit_id": "t5_2ssp3", "body": "Welcome to /r/AskHistorians. **Please [Read Our Rules](https://www.reddit.com/r/AskHistorians/wiki/rules) before you comment in this community**. Understand that [rule breaking comments get removed](https://www.reddit.com/r/AskHistorians/comments/h8aefx/rules_roundtable_xviii_removed_curation_and_why/).\n\n#Please consider **[Clicking Here for RemindMeBot](https://www.reddit.com/message/compose/?to=RemindMeBot&amp;subject=Reminder&amp;message=%5Bhttps://www.reddit.com/r/AskHistorians/comments/k58qwf/adolf_hitler_drug_abuse/%5D%0A%0ARemindMe!%202%20days)** as it takes time for an answer to be written. \n\nWe thank you for your interest in this *question*, and your patience in waiting for an in-depth and comprehensive answer to show up. In addition to RemindMeBot, consider [using our Browser Extension](https://www.reddit.com/r/AskHistorians/comments/d6dzi7/tired_of_clicking_to_find_only_removed_comments/), or getting the [Weekly Roundup](https://www.reddit.com/message/compose?to=subredditsummarybot&amp;subject=askhistorians+weekly&amp;message=x). In the meantime our [Twitter](https://twitter.com/askhistorians), [Facebook](https://www.facebook.com/askhistorians/), and [Sunday Digest](https://www.reddit.com/r/AskHistorians/search?q=title%3A%22Sunday+Digest%22&amp;restrict_sr=on&amp;sort=new&amp;t=all) feature excellent content that has already been written!\n\n\n*I am a bot, and this action was performed automatically. Please [contact the moderators of this subreddit](/message/compose/?to=/r/AskHistorians) if you have any questions or concerns.*", "edited": false, "downs": 0, "author_flair_css_class": null, "is_submitter": false, "collapsed": false, "author_flair_richtext": [{"e": "text", "t": "History of Robotics"}], "author_patreon_flair": false, "body_html": "&lt;div class=\"md\"&gt;&lt;p&gt;Welcome to &lt;a href=\"/r/AskHistorians\"&gt;/r/AskHistorians&lt;/a&gt;. &lt;strong&gt;Please &lt;a href=\"https://www.reddit.com/r/AskHistorians/wiki/rules\"&gt;Read Our Rules&lt;/a&gt; before you comment in this community&lt;/strong&gt;. Understand that &lt;a href=\"https://www.reddit.com/r/AskHistorians/comments/h8aefx/rules_roundtable_xviii_removed_curation_and_why/\"&gt;rule breaking comments get removed&lt;/a&gt;.&lt;/p&gt;\n\n&lt;h1&gt;Please consider &lt;strong&gt;&lt;a href=\"https://www.reddit.com/message/compose/?to=RemindMeBot&amp;amp;subject=Reminder&amp;amp;message=%5Bhttps://www.reddit.com/r/AskHistorians/comments/k58qwf/adolf_hitler_drug_abuse/%5D%0A%0ARemindMe!%202%20days\"&gt;Clicking Here for RemindMeBot&lt;/a&gt;&lt;/strong&gt; as it takes time for an answer to be written.&lt;/h1&gt;\n\n&lt;p&gt;We thank you for your interest in this &lt;em&gt;question&lt;/em&gt;, and your patience in waiting for an in-depth and comprehensive answer to show up. In addition to RemindMeBot, consider &lt;a href=\"https://www.reddit.com/r/AskHistorians/comments/d6dzi7/tired_of_clicking_to_find_only_removed_comments/\"&gt;using our Browser Extension&lt;/a&gt;, or getting the &lt;a href=\"https://www.reddit.com/message/compose?to=subredditsummarybot&amp;amp;subject=askhistorians+weekly&amp;amp;message=x\"&gt;Weekly Roundup&lt;/a&gt;. In the meantime our &lt;a href=\"https://twitter.com/askhistorians\"&gt;Twitter&lt;/a&gt;, &lt;a href=\"https://www.facebook.com/askhistorians/\"&gt;Facebook&lt;/a&gt;, and &lt;a href=\"https://www.reddit.com/r/AskHistorians/search?q=title%3A%22Sunday+Digest%22&amp;amp;restrict_sr=on&amp;amp;sort=new&amp;amp;t=all\"&gt;Sunday Digest&lt;/a&gt; feature excellent content that has already been written!&lt;/p&gt;\n\n&lt;p&gt;&lt;em&gt;I am a bot, and this action was performed automatically. Please &lt;a href=\"/message/compose/?to=/r/AskHistorians\"&gt;contact the moderators of this subreddit&lt;/a&gt; if you have any questions or concerns.&lt;/em&gt;&lt;/p&gt;\n&lt;/div&gt;", "gildings": {}, "collapsed_reason": null, "associated_award": null, "stickied": true, "author_premium": true, "subreddit_type": "public", "can_gild": true, "top_awarded_type": null, "author_flair_text_color": "light", "score_hidden": true, "permalink": "/r/AskHistorians/comments/k58qwf/adolf_hitler_drug_abuse/ged3g1g/", "num_reports": null, "locked": true, "name": "t1_ged3g1g", "created": 1606942708.0, "subreddit": "AskHistorians", "author_flair_text": "History of Robotics", "treatment_tags": [], "created_utc": 1606913908.0, "subreddit_name_prefixed": "r/AskHistorians", "controversiality": 0, "depth": 0, "author_flair_background_color": "#993366", "collapsed_because_crowd_control": null, "mod_reports": [], "mod_note": null, "distinguished": "moderator"}}, {"kind": "t1", "data": {"total_awards_received": 0, "approved_at_utc": null, "comment_type": null, "awarders": [], "mod_reason_by": null, "banned_by": null, "ups": 1, "author_flair_type": "richtext", "removal_reason": null, "link_id": "t3_k58qwf", "author_flair_template_id": "9e641f94-c626-11e2-8e2c-12313b0b21ae", "likes": null, "replies": "", "user_reports": [], "saved": false, "id": "ged888o", "banned_at_utc": null, "mod_reason_title": null, "gilded": 0, "archived": false, "no_follow": true, "author": "Steelcan909", "can_mod_post": false, "send_replies": true, "parent_id": "t3_k58qwf", "score": 1, "author_fullname": "t2_i1tip", "report_reasons": null, "approved_by": null, "all_awardings": [], "subreddit_id": "t5_2ssp3", "body": "Hi there - unfortunately we have had to remove your question, because [/r/AskHistorians isn't here to do your homework for you](https://www.reddit.com/r/AskHistorians/wiki/rules#wiki_homework). However, our rules DO permit people to ask for help with their homework, so long as they are seeking clarification or resources, rather than the answer itself. \r\n\r\nIf you have indeed asked a homework question, you should consider resubmitting a question more focused on finding resources and seeking clarification on confusing issues: tell us what you've researched so far, what resources you've consulted, and what you've learned, and we are more likely to approve your question. Please see this [Rules Roundtable](https://www.reddit.com/r/AskHistorians/comments/hplxyf/rules_roundtable_xx_the_no_homework_rule/) thread for more information on what makes for the kind of homework question we'd approve. Additionally, if you're not sure where to start in terms of finding and understanding sources in general, we have a six-part series, \"[Finding and Understanding Sources](https://www.reddit.com/r/AskHistorians/wiki/theory#wiki_monday_methods.3A_finding_and_understanding_sources)\", which has a wealth of information that may be useful for finding and understanding information for your essay. Finally, other subreddits are likely to be more suitable for help with homework - try looking for help at /r/HomeworkHelp. \r\n\r\nAlternatively, if you are not a student and are not doing homework, we have removed your question because it resembled a homework question. It may resemble a common essay question from a prominent history syllabus or may be worded in a broad, open-ended way that feels like the kind of essay question that a professor would set. Professors often word essay questions in order to provide the student with a platform to show how much they understand a topic, and these questions are typically broader and more interested in interpretations and delineating between historical theories than the average /r/AskHistorians question. If your non-homework question was incorrectly removed for this reason, we will be happy to approve your question if you **wait for 7 days** and then ask a less open-ended question on the same topic.", "edited": false, "downs": 0, "author_flair_css_class": null, "is_submitter": false, "collapsed": false, "author_flair_richtext": [{"e": "text", "t": "Moderator | North Sea c.600-1066 | Late Antiquity"}], "author_patreon_flair": false, "body_html": "&lt;div class=\"md\"&gt;&lt;p&gt;Hi there - unfortunately we have had to remove your question, because &lt;a href=\"https://www.reddit.com/r/AskHistorians/wiki/rules#wiki_homework\"&gt;/r/AskHistorians isn&amp;#39;t here to do your homework for you&lt;/a&gt;. However, our rules DO permit people to ask for help with their homework, so long as they are seeking clarification or resources, rather than the answer itself. &lt;/p&gt;\n\n&lt;p&gt;If you have indeed asked a homework question, you should consider resubmitting a question more focused on finding resources and seeking clarification on confusing issues: tell us what you&amp;#39;ve researched so far, what resources you&amp;#39;ve consulted, and what you&amp;#39;ve learned, and we are more likely to approve your question. Please see this &lt;a href=\"https://www.reddit.com/r/AskHistorians/comments/hplxyf/rules_roundtable_xx_the_no_homework_rule/\"&gt;Rules Roundtable&lt;/a&gt; thread for more information on what makes for the kind of homework question we&amp;#39;d approve. Additionally, if you&amp;#39;re not sure where to start in terms of finding and understanding sources in general, we have a six-part series, &amp;quot;&lt;a href=\"https://www.reddit.com/r/AskHistorians/wiki/theory#wiki_monday_methods.3A_finding_and_understanding_sources\"&gt;Finding and Understanding Sources&lt;/a&gt;&amp;quot;, which has a wealth of information that may be useful for finding and understanding information for your essay. Finally, other subreddits are likely to be more suitable for help with homework - try looking for help at &lt;a href=\"/r/HomeworkHelp\"&gt;/r/HomeworkHelp&lt;/a&gt;. &lt;/p&gt;\n\n&lt;p&gt;Alternatively, if you are not a student and are not doing homework, we have removed your question because it resembled a homework question. It may resemble a common essay question from a prominent history syllabus or may be worded in a broad, open-ended way that feels like the kind of essay question that a professor would set. Professors often word essay questions in order to provide the student with a platform to show how much they understand a topic, and these questions are typically broader and more interested in interpretations and delineating between historical theories than the average &lt;a href=\"/r/AskHistorians\"&gt;/r/AskHistorians&lt;/a&gt; question. If your non-homework question was incorrectly removed for this reason, we will be happy to approve your question if you &lt;strong&gt;wait for 7 days&lt;/strong&gt; and then ask a less open-ended question on the same topic.&lt;/p&gt;\n&lt;/div&gt;", "gildings": {}, "collapsed_reason": null, "associated_award": null, "stickied": false, "author_premium": false, "subreddit_type": "public", "can_gild": true, "top_awarded_type": null, "author_flair_text_color": "light", "score_hidden": false, "permalink": "/r/AskHistorians/comments/k58qwf/adolf_hitler_drug_abuse/ged888o/", "num_reports": null, "locked": false, "name": "t1_ged888o", "created": 1606945719.0, "subreddit": "AskHistorians", "author_flair_text": "Moderator | North Sea c.600-1066 | Late Antiquity", "treatment_tags": [], "created_utc": 1606916919.0, "subreddit_name_prefixed": "r/AskHistorians", "controversiality": 0, "depth": 0, "author_flair_background_color": "#993366", "collapsed_because_crowd_control": null, "mod_reports": [], "mod_note": null, "distinguished": "moderator"}}, {"kind": "t1", "data": {"total_awards_received": 0, "approved_at_utc": null, "comment_type": null, "awarders": [], "mod_reason_by": null, "banned_by": null, "ups": 1, "author_flair_type": "text", "removal_reason": null, "link_id": "t3_k58qwf", "author_flair_template_id": null, "likes": null, "replies": "", "user_reports": [], "saved": false, "id": "ged8fpr", "banned_at_utc": null, "mod_reason_title": null, "gilded": 0, "archived": false, "no_follow": true, "author": "Superplaner", "can_mod_post": false, "send_replies": true, "parent_id": "t3_k58qwf", "score": 1, "author_fullname": "t2_4ztsi", "report_reasons": null, "approved_by": null, "all_awardings": [], "subreddit_id": "t5_2ssp3", "body": "I mean I can give you the list of [everything prescribed by Morell](https://infam.antville.org/static/sites/infam/files/hitlers_medical_care.pdf) between 1936 and 1945 (in the appendix of the linked document) but if Hitler sucked off a bull in his own time or snorted rat poison from the floor of the Fuhrer bunker without Doctor Morell's recommendation, how would we know? Anyway, this list does not contain any information about dosages or frequency because afaik Dr Morell's diaries do not contain that information.", "edited": false, "downs": 0, "author_flair_css_class": null, "is_submitter": false, "collapsed": false, "author_flair_richtext": [], "author_patreon_flair": false, "body_html": "&lt;div class=\"md\"&gt;&lt;p&gt;I mean I can give you the list of &lt;a href=\"https://infam.antville.org/static/sites/infam/files/hitlers_medical_care.pdf\"&gt;everything prescribed by Morell&lt;/a&gt; between 1936 and 1945 (in the appendix of the linked document) but if Hitler sucked off a bull in his own time or snorted rat poison from the floor of the Fuhrer bunker without Doctor Morell&amp;#39;s recommendation, how would we know? Anyway, this list does not contain any information about dosages or frequency because afaik Dr Morell&amp;#39;s diaries do not contain that information.&lt;/p&gt;\n&lt;/div&gt;", "gildings": {}, "collapsed_reason": null, "associated_award": null, "stickied": false, "author_premium": false, "subreddit_type": "public", "can_gild": true, "top_awarded_type": null, "author_flair_text_color": null, "score_hidden": false, "permalink": "/r/AskHistorians/comments/k58qwf/adolf_hitler_drug_abuse/ged8fpr/", "num_reports": null, "locked": false, "name": "t1_ged8fpr", "created": 1606945821.0, "subreddit": "AskHistorians", "author_flair_text": null, "treatment_tags": [], "created_utc": 1606917021.0, "subreddit_name_prefixed": "r/AskHistorians", "controversiality": 0, "depth": 0, "author_flair_background_color": null, "collapsed_because_crowd_control": null, "mod_reports": [], "mod_note": null, "distinguished": null}}], "after": null, "before": null}}]