[{"kind": "Listing", "data": {"modhash": "", "dist": 1, "children": [{"kind": "t3", "data": {"approved_at_utc": null, "subreddit": "AskHistorians", "selftext": "So, this question came to mind after reading about the exchange of messages between Sparta and Phillip II of Macedon.\n\n&amp;#x200B;\n\nPhillip begins by threatening Sparta. \"You are advised to submit without further delay, for if I bring my army into your land, I will destroy your farms, slay your people, and raze your city.\" Where sparta replies with the iconic (laconic) \"If.\".\n\n  \nAnd in a subsequent period, sent a message asking if whether he should come as friend or foe, with sparta answering \"neither\". \n\nThis may be embellished, or maybe never happened at all, but are there any other examples of threats and trash talk like that between kings? did it usually work?   \n", "user_reports": [], "saved": false, "mod_reason_title": null, "gilded": 0, "clicked": false, "title": "Was there a lot of \"trash talking\" between kings and rulers of empires? Like between Sparta and Phillip II?", "link_flair_richtext": [], "subreddit_name_prefixed": "r/AskHistorians", "hidden": false, "pwls": 6, "link_flair_css_class": null, "downs": 0, "parent_whitelist_status": "all_ads", "hide_score": false, "name": "t3_b8sa07", "quarantine": false, "link_flair_text_color": "dark", "upvote_ratio": 0.84, "author_flair_background_color": null, "subreddit_type": "public", "ups": 15, "total_awards_received": 0, "media_embed": {}, "author_flair_template_id": null, "is_original_content": false, "author_fullname": "t2_3r596ut", "secure_media": null, "is_reddit_media_domain": false, "is_meta": false, "category": null, "secure_media_embed": {}, "link_flair_text": null, "can_mod_post": false, "score": 15, "approved_by": null, "thumbnail": "", "edited": false, "author_flair_css_class": null, "author_flair_richtext": [], "gildings": {}, "content_categories": null, "is_self": true, "mod_note": null, "created": 1554286581.0, "link_flair_type": "text", "wls": 6, "banned_by": null, "author_flair_type": "text", "domain": "self.AskHistorians", "selftext_html": "&lt;!-- SC_OFF --&gt;&lt;div class=\"md\"&gt;&lt;p&gt;So, this question came to mind after reading about the exchange of messages between Sparta and Phillip II of Macedon.&lt;/p&gt;\n\n&lt;p&gt;&amp;#x200B;&lt;/p&gt;\n\n&lt;p&gt;Phillip begins by threatening Sparta. &amp;quot;You are advised to submit without further delay, for if I bring my army into your land, I will destroy your farms, slay your people, and raze your city.&amp;quot; Where sparta replies with the iconic (laconic) &amp;quot;If.&amp;quot;.&lt;/p&gt;\n\n&lt;p&gt;And in a subsequent period, sent a message asking if whether he should come as friend or foe, with sparta answering &amp;quot;neither&amp;quot;. &lt;/p&gt;\n\n&lt;p&gt;This may be embellished, or maybe never happened at all, but are there any other examples of threats and trash talk like that between kings? did it usually work?   &lt;/p&gt;\n&lt;/div&gt;&lt;!-- SC_ON --&gt;", "likes": null, "suggested_sort": null, "banned_at_utc": null, "view_count": null, "archived": false, "no_follow": false, "is_crosspostable": false, "pinned": false, "over_18": false, "all_awardings": [], "media": null, "media_only": false, "can_gild": false, "spoiler": false, "locked": false, "author_flair_text": null, "visited": false, "num_reports": null, "distinguished": null, "subreddit_id": "t5_2ssp3", "mod_reason_by": null, "removal_reason": null, "link_flair_background_color": "", "id": "b8sa07", "is_robot_indexable": true, "report_reasons": null, "author": "starterneh", "num_crossposts": 0, "num_comments": 1, "send_replies": true, "contest_mode": false, "author_patreon_flair": false, "author_flair_text_color": null, "permalink": "/r/AskHistorians/comments/b8sa07/was_there_a_lot_of_trash_talking_between_kings/", "whitelist_status": "all_ads", "stickied": false, "url": "https://www.reddit.com/r/AskHistorians/comments/b8sa07/was_there_a_lot_of_trash_talking_between_kings/", "subreddit_subscribers": 958455, "created_utc": 1554257781.0, "mod_reports": [], "is_video": false}}], "after": null, "before": null}}, {"kind": "Listing", "data": {"modhash": "", "dist": null, "children": [{"kind": "t1", "data": {"total_awards_received": 0, "approved_at_utc": null, "ups": 7, "mod_reason_by": null, "banned_by": null, "author_flair_type": "text", "removal_reason": null, "link_id": "t3_b8sa07", "author_flair_template_id": null, "likes": null, "no_follow": false, "replies": "", "user_reports": [], "saved": false, "id": "ek228oc", "banned_at_utc": null, "mod_reason_title": null, "gilded": 0, "archived": false, "report_reasons": null, "author": "Interpine", "can_mod_post": false, "send_replies": true, "parent_id": "t3_b8sa07", "score": 7, "author_fullname": "t2_161svv9a", "approved_by": null, "all_awardings": [], "subreddit_id": "t5_2ssp3", "body": "Tons. Wars have started over it.\n\nThe most severe example is the trash talking between Timur the Lame, Sword of Islam, and Bayezid the Thunderbolt, Master of the Universe. Bayezid and Timur disliked eachother and encroached on each others borders, so they wrote increasingly angry letters against each other until Bayezid insulted one of Timur\u2019s wives. Timur invades Bayezid and took him prisoner for the rest of his life. By one (possibly apocryphal) account, he used Bayezid as a footstool- a *literal* Ottoman.\n\nThe Ottomans were apparently prone to this. After they recovered, Selim the Grim had another feud with the man who had killed Timur\u2019s descendants and made drinking cups of their skulls - Ismail the Sinner of Persia. The two sent angry poetry to each other (the equivalent of a \u201crap battle\u201d) until Ismail enraged Selim by sending him a box of opium. This implied that he must have been writing his angry poetry while high. By another account, Ismail sent Selim a box of poop, and Selim sent him fruit with the letter \u201csince we seem to be sending eachother what we eat\u201d attached. The two went to war.\n\nIsmail later sent a letter to Selim\u2019s som, Suleiman the Magnificent, praising him for winning a battle against the Christians. Suleiman retorted by calling him \u201cdervish holder\u201d (Ismail was only a small ruler before conquering Iran and Iraq).\n\nThis seemed to take place mostly between countries that did not share a common culture and diplomatic tradition. When they did, communication was more cordial. For example, the aforementioned rude Timur the Lame sent comically friendly letters to his main rival, Tokhtamysh of the Golden Horde, another Turko-Mongol Khan. When Timur invaded Tokhtamysh, Tokhtamysh ask his friend kindly remove his forces, and Timur insisted he was just visiting and eager to greet his old friend. \n\nIn another example, Nader of Persia when invading the Mughal Empire, which shared Persia\u2019s court culture, forced the Mughal Emperor to greet him as a \u201cfriend\u201d and present tribute as a \u201cgift\u201d which Nader graciously accepted.\n\nMost European formal correspondence was cordial. A notable exception was a letter sent by Peter the Great of Russia to Charles XII of Sweden telling him that \u201cyou are not Alexander [...] and I am not Darius\u201d, in reference to Charles\u2019 fantasy of conquering Russia with a small but disciplined force.\n\nLeaders of course continued to trash talk one another behind each others backs. Otto von Bismarck said Napoleon III\u2019s \u201csentimentality exceeded his intellect\u201d and that \u201cschemes multiply in his head like Rabbits\u201d to other European heads of state. \n\nIn the modern age with the arrival of mass media, direct insults became common as they were aimed at the audience, but the nature of mass broadcasts necessitated that their targets would receive them too and be able to reply. One of the earliest occasions of \u201ctelevised replies\u201d was when Hitler read a personal letter from Roosevelt aloud on live television. He mocked Roosevelt for insisting he not invade a number of \u201csovereign\u201d countries that were not independent to begin with, including Iraq and Palestine, allies like Finland and Italy, and insignificant countries like Luxembourg and Liechtenstein.\n\nTelevised replies would later become a political staple, preceding the political social media arguments of today.\n\nSources: \n\nMarozzi, Justin: Tamerlane, Sword of Islam.\n\nAmanat, Abbas. Iran: A Modern History.\n\n\nKling, Stephen. The Great Northern War Compendium. \n\nOvery, Richard. The Road to War.", "edited": false, "author_flair_css_class": "other", "is_submitter": false, "downs": 0, "author_flair_richtext": [], "author_patreon_flair": false, "collapsed_reason": null, "body_html": "&lt;div class=\"md\"&gt;&lt;p&gt;Tons. Wars have started over it.&lt;/p&gt;\n\n&lt;p&gt;The most severe example is the trash talking between Timur the Lame, Sword of Islam, and Bayezid the Thunderbolt, Master of the Universe. Bayezid and Timur disliked eachother and encroached on each others borders, so they wrote increasingly angry letters against each other until Bayezid insulted one of Timur\u2019s wives. Timur invades Bayezid and took him prisoner for the rest of his life. By one (possibly apocryphal) account, he used Bayezid as a footstool- a &lt;em&gt;literal&lt;/em&gt; Ottoman.&lt;/p&gt;\n\n&lt;p&gt;The Ottomans were apparently prone to this. After they recovered, Selim the Grim had another feud with the man who had killed Timur\u2019s descendants and made drinking cups of their skulls - Ismail the Sinner of Persia. The two sent angry poetry to each other (the equivalent of a \u201crap battle\u201d) until Ismail enraged Selim by sending him a box of opium. This implied that he must have been writing his angry poetry while high. By another account, Ismail sent Selim a box of poop, and Selim sent him fruit with the letter \u201csince we seem to be sending eachother what we eat\u201d attached. The two went to war.&lt;/p&gt;\n\n&lt;p&gt;Ismail later sent a letter to Selim\u2019s som, Suleiman the Magnificent, praising him for winning a battle against the Christians. Suleiman retorted by calling him \u201cdervish holder\u201d (Ismail was only a small ruler before conquering Iran and Iraq).&lt;/p&gt;\n\n&lt;p&gt;This seemed to take place mostly between countries that did not share a common culture and diplomatic tradition. When they did, communication was more cordial. For example, the aforementioned rude Timur the Lame sent comically friendly letters to his main rival, Tokhtamysh of the Golden Horde, another Turko-Mongol Khan. When Timur invaded Tokhtamysh, Tokhtamysh ask his friend kindly remove his forces, and Timur insisted he was just visiting and eager to greet his old friend. &lt;/p&gt;\n\n&lt;p&gt;In another example, Nader of Persia when invading the Mughal Empire, which shared Persia\u2019s court culture, forced the Mughal Emperor to greet him as a \u201cfriend\u201d and present tribute as a \u201cgift\u201d which Nader graciously accepted.&lt;/p&gt;\n\n&lt;p&gt;Most European formal correspondence was cordial. A notable exception was a letter sent by Peter the Great of Russia to Charles XII of Sweden telling him that \u201cyou are not Alexander [...] and I am not Darius\u201d, in reference to Charles\u2019 fantasy of conquering Russia with a small but disciplined force.&lt;/p&gt;\n\n&lt;p&gt;Leaders of course continued to trash talk one another behind each others backs. Otto von Bismarck said Napoleon III\u2019s \u201csentimentality exceeded his intellect\u201d and that \u201cschemes multiply in his head like Rabbits\u201d to other European heads of state. &lt;/p&gt;\n\n&lt;p&gt;In the modern age with the arrival of mass media, direct insults became common as they were aimed at the audience, but the nature of mass broadcasts necessitated that their targets would receive them too and be able to reply. One of the earliest occasions of \u201ctelevised replies\u201d was when Hitler read a personal letter from Roosevelt aloud on live television. He mocked Roosevelt for insisting he not invade a number of \u201csovereign\u201d countries that were not independent to begin with, including Iraq and Palestine, allies like Finland and Italy, and insignificant countries like Luxembourg and Liechtenstein.&lt;/p&gt;\n\n&lt;p&gt;Televised replies would later become a political staple, preceding the political social media arguments of today.&lt;/p&gt;\n\n&lt;p&gt;Sources: &lt;/p&gt;\n\n&lt;p&gt;Marozzi, Justin: Tamerlane, Sword of Islam.&lt;/p&gt;\n\n&lt;p&gt;Amanat, Abbas. Iran: A Modern History.&lt;/p&gt;\n\n&lt;p&gt;Kling, Stephen. The Great Northern War Compendium. &lt;/p&gt;\n\n&lt;p&gt;Overy, Richard. The Road to War.&lt;/p&gt;\n&lt;/div&gt;", "stickied": false, "subreddit_type": "public", "can_gild": true, "gildings": {}, "author_flair_text_color": "dark", "score_hidden": false, "permalink": "/r/AskHistorians/comments/b8sa07/was_there_a_lot_of_trash_talking_between_kings/ek228oc/", "num_reports": null, "locked": false, "name": "t1_ek228oc", "created": 1554356734.0, "subreddit": "AskHistorians", "author_flair_text": "19th and 20th Century Economic Development", "collapsed": false, "created_utc": 1554327934.0, "subreddit_name_prefixed": "r/AskHistorians", "controversiality": 0, "depth": 0, "author_flair_background_color": "", "mod_reports": [], "mod_note": null, "distinguished": null}}], "after": null, "before": null}}]