[{"kind": "Listing", "data": {"modhash": "", "dist": 1, "children": [{"kind": "t3", "data": {"approved_at_utc": null, "subreddit": "AskHistorians", "selftext": "[removed]", "user_reports": [], "saved": false, "mod_reason_title": null, "gilded": 0, "clicked": false, "title": "What was the bumbest question that anyone has asked you on here?", "link_flair_richtext": [], "subreddit_name_prefixed": "r/AskHistorians", "hidden": false, "pwls": 6, "link_flair_css_class": null, "downs": 0, "parent_whitelist_status": "all_ads", "hide_score": false, "name": "t3_b8sfx3", "quarantine": false, "link_flair_text_color": "dark", "upvote_ratio": 0.5, "author_flair_background_color": null, "subreddit_type": "public", "ups": 0, "total_awards_received": 0, "media_embed": {}, "author_flair_template_id": null, "is_original_content": false, "author_fullname": "t2_3i9fxsx3", "secure_media": null, "is_reddit_media_domain": false, "is_meta": false, "category": null, "secure_media_embed": {}, "link_flair_text": null, "can_mod_post": false, "score": 0, "approved_by": null, "thumbnail": "", "edited": false, "author_flair_css_class": null, "author_flair_richtext": [], "gildings": {}, "content_categories": null, "is_self": true, "mod_note": null, "created": 1554287582.0, "link_flair_type": "text", "wls": 6, "banned_by": null, "author_flair_type": "text", "domain": "self.AskHistorians", "selftext_html": "&lt;!-- SC_OFF --&gt;&lt;div class=\"md\"&gt;&lt;p&gt;[removed]&lt;/p&gt;\n&lt;/div&gt;&lt;!-- SC_ON --&gt;", "likes": null, "suggested_sort": null, "banned_at_utc": null, "view_count": null, "archived": false, "no_follow": true, "is_crosspostable": false, "pinned": false, "over_18": false, "all_awardings": [], "media": null, "media_only": false, "can_gild": false, "spoiler": false, "locked": false, "author_flair_text": null, "visited": false, "num_reports": null, "distinguished": null, "subreddit_id": "t5_2ssp3", "mod_reason_by": null, "removal_reason": null, "link_flair_background_color": "", "id": "b8sfx3", "is_robot_indexable": false, "report_reasons": null, "author": "TheGreenCreeper1", "num_crossposts": 0, "num_comments": 1, "send_replies": true, "contest_mode": false, "author_patreon_flair": false, "author_flair_text_color": null, "permalink": "/r/AskHistorians/comments/b8sfx3/what_was_the_bumbest_question_that_anyone_has/", "whitelist_status": "all_ads", "stickied": false, "url": "https://www.reddit.com/r/AskHistorians/comments/b8sfx3/what_was_the_bumbest_question_that_anyone_has/", "subreddit_subscribers": 958455, "created_utc": 1554258782.0, "mod_reports": [], "is_video": false}}], "after": null, "before": null}}, {"kind": "Listing", "data": {"modhash": "", "dist": null, "children": [{"kind": "t1", "data": {"total_awards_received": 0, "approved_at_utc": null, "ups": 1, "mod_reason_by": null, "banned_by": null, "author_flair_type": "text", "removal_reason": null, "link_id": "t3_b8sfx3", "author_flair_template_id": "9e641f94-c626-11e2-8e2c-12313b0b21ae", "likes": null, "no_follow": true, "replies": "", "user_reports": [], "saved": false, "id": "ejzvpbq", "banned_at_utc": null, "mod_reason_title": null, "gilded": 0, "archived": false, "report_reasons": null, "author": "jschooltiger", "can_mod_post": false, "send_replies": true, "parent_id": "t3_b8sfx3", "score": 1, "author_fullname": "t2_96gqp", "approved_by": null, "all_awardings": [], "subreddit_id": "t5_2ssp3", "body": "This submission has been removed because it violates the [rule on poll-type questions](http://www.reddit.com/r/AskHistorians/wiki/rules#wiki_no_.22poll.22-type_questions). These questions do not lend themselves to answers with a firm foundation in sources and research, and the resulting threads usually turn into monsters with enormous speculation and little focussed discussion. Questions about the \"most\", the \"worst\", or other value judgments usually lead to vague, subjective, and speculative answers.  For further information, please consult [this Roundtable discussion](https://www.reddit.com/r/AskHistorians/comments/48hjn0/rules_roundtable_6_the_no_polltype_questions_rule/).\n\nFor questions of this type, we ask that you redirect them to more appropriate subreddits, such as /r/history or /r/askhistory.", "edited": false, "author_flair_css_class": "moderator", "is_submitter": false, "downs": 0, "author_flair_richtext": [], "author_patreon_flair": false, "collapsed_reason": null, "body_html": "&lt;div class=\"md\"&gt;&lt;p&gt;This submission has been removed because it violates the &lt;a href=\"http://www.reddit.com/r/AskHistorians/wiki/rules#wiki_no_.22poll.22-type_questions\"&gt;rule on poll-type questions&lt;/a&gt;. These questions do not lend themselves to answers with a firm foundation in sources and research, and the resulting threads usually turn into monsters with enormous speculation and little focussed discussion. Questions about the &amp;quot;most&amp;quot;, the &amp;quot;worst&amp;quot;, or other value judgments usually lead to vague, subjective, and speculative answers.  For further information, please consult &lt;a href=\"https://www.reddit.com/r/AskHistorians/comments/48hjn0/rules_roundtable_6_the_no_polltype_questions_rule/\"&gt;this Roundtable discussion&lt;/a&gt;.&lt;/p&gt;\n\n&lt;p&gt;For questions of this type, we ask that you redirect them to more appropriate subreddits, such as &lt;a href=\"/r/history\"&gt;/r/history&lt;/a&gt; or &lt;a href=\"/r/askhistory\"&gt;/r/askhistory&lt;/a&gt;.&lt;/p&gt;\n&lt;/div&gt;", "stickied": false, "subreddit_type": "public", "can_gild": true, "gildings": {}, "author_flair_text_color": "light", "score_hidden": false, "permalink": "/r/AskHistorians/comments/b8sfx3/what_was_the_bumbest_question_that_anyone_has/ejzvpbq/", "num_reports": null, "locked": false, "name": "t1_ejzvpbq", "created": 1554287726.0, "subreddit": "AskHistorians", "author_flair_text": "Moderator | Shipbuilding and Logistics | British Navy 1770-1830", "collapsed": false, "created_utc": 1554258926.0, "subreddit_name_prefixed": "r/AskHistorians", "controversiality": 0, "depth": 0, "author_flair_background_color": "#8b008b", "mod_reports": [], "mod_note": null, "distinguished": "moderator"}}], "after": null, "before": null}}]