[{"kind": "Listing", "data": {"modhash": "", "dist": 1, "children": [{"kind": "t3", "data": {"approved_at_utc": null, "subreddit": "AskHistorians", "selftext": "I saw a Twitter thread claiming that the UK government essentially disallowed usage of the Underground as an air raid shelter and that it took for citizens and groups (namely local Communist parties) to force themselves in, in the middle of the raid.\n\nHow true are the claims made [here](https://twitter.com/PennyRed/status/1244792307280297985?s=19) ? The source the tweeter links to is a Communist Party website which makes me doubtful of some of her claims to say the least.", "user_reports": [], "saved": false, "mod_reason_title": null, "gilded": 0, "clicked": false, "title": "Did the police try to stop people using the London Underground as an air raid shelter during the Blitz?", "link_flair_richtext": [], "subreddit_name_prefixed": "r/AskHistorians", "hidden": false, "pwls": 6, "link_flair_css_class": null, "downs": 0, "parent_whitelist_status": "all_ads", "hide_score": false, "name": "t3_fsoprg", "quarantine": false, "link_flair_text_color": "dark", "upvote_ratio": 1.0, "author_flair_background_color": null, "subreddit_type": "public", "ups": 5, "total_awards_received": 0, "media_embed": {}, "author_flair_template_id": null, "is_original_content": false, "author_fullname": "t2_e442v", "secure_media": null, "is_reddit_media_domain": false, "is_meta": false, "category": null, "secure_media_embed": {}, "link_flair_text": null, "can_mod_post": false, "num_duplicates": 1, "approved_by": null, "author_premium": false, "thumbnail": "", "edited": false, "author_flair_css_class": null, "author_flair_richtext": [], "gildings": {}, "content_categories": null, "is_self": true, "mod_note": null, "created": 1585728960.0, "link_flair_type": "text", "wls": 6, "removed_by_category": null, "banned_by": null, "author_flair_type": "text", "domain": "self.AskHistorians", "allow_live_comments": false, "selftext_html": "&lt;!-- SC_OFF --&gt;&lt;div class=\"md\"&gt;&lt;p&gt;I saw a Twitter thread claiming that the UK government essentially disallowed usage of the Underground as an air raid shelter and that it took for citizens and groups (namely local Communist parties) to force themselves in, in the middle of the raid.&lt;/p&gt;\n\n&lt;p&gt;How true are the claims made &lt;a href=\"https://twitter.com/PennyRed/status/1244792307280297985?s=19\"&gt;here&lt;/a&gt; ? The source the tweeter links to is a Communist Party website which makes me doubtful of some of her claims to say the least.&lt;/p&gt;\n&lt;/div&gt;&lt;!-- SC_ON --&gt;", "likes": null, "suggested_sort": null, "banned_at_utc": null, "view_count": null, "archived": false, "score": 5, "no_follow": false, "is_crosspostable": false, "pinned": false, "over_18": false, "all_awardings": [], "awarders": [], "media_only": false, "can_gild": false, "spoiler": false, "locked": false, "author_flair_text": null, "treatment_tags": [], "visited": false, "removed_by": null, "num_reports": null, "distinguished": null, "subreddit_id": "t5_2ssp3", "mod_reason_by": null, "removal_reason": null, "link_flair_background_color": "", "id": "fsoprg", "is_robot_indexable": true, "report_reasons": null, "author": "_DeanRiding", "discussion_type": null, "num_comments": 2, "send_replies": true, "media": null, "contest_mode": false, "author_patreon_flair": false, "author_flair_text_color": null, "permalink": "/r/AskHistorians/comments/fsoprg/did_the_police_try_to_stop_people_using_the/", "whitelist_status": "all_ads", "stickied": false, "url": "https://www.reddit.com/r/AskHistorians/comments/fsoprg/did_the_police_try_to_stop_people_using_the/", "subreddit_subscribers": 1162703, "created_utc": 1585700160.0, "num_crossposts": 0, "mod_reports": [], "is_video": false}}], "after": null, "before": null}}, {"kind": "Listing", "data": {"modhash": "", "dist": null, "children": [{"kind": "t1", "data": {"total_awards_received": 0, "approved_at_utc": null, "ups": 1, "awarders": [], "mod_reason_by": null, "banned_by": null, "author_flair_type": "richtext", "removal_reason": null, "link_id": "t3_fsoprg", "author_flair_template_id": "9e641f94-c626-11e2-8e2c-12313b0b21ae", "likes": null, "replies": "", "user_reports": [], "saved": false, "id": "fm2luu1", "banned_at_utc": null, "mod_reason_title": null, "gilded": 0, "archived": false, "no_follow": true, "author": "AutoModerator", "can_mod_post": false, "send_replies": false, "parent_id": "t3_fsoprg", "score": 1, "author_fullname": "t2_6l4z3", "report_reasons": null, "approved_by": null, "all_awardings": [], "subreddit_id": "t5_2ssp3", "body": "Welcome to /r/AskHistorians. **Please [Read Our Rules](https://www.reddit.com/r/AskHistorians/wiki/rules) before you comment in this community**. Understand that rule breaking comments get removed.\n\nWe thank you for your interest in this *question*, and your patience in waiting for an in-depth and comprehensive answer to be written, which takes time. Please consider **[Clicking Here for RemindMeBot](https://www.reddit.com/message/compose/?to=RemindMeBot&amp;subject=Reminder&amp;message=%5Bhttps://www.reddit.com/r/AskHistorians/comments/fsoprg/did_the_police_try_to_stop_people_using_the/%5D%0A%0ARemindMe!%202%20days)**, [using our Browser Extension](https://www.reddit.com/r/AskHistorians/comments/d6dzi7/tired_of_clicking_to_find_only_removed_comments/), or getting the [Weekly Roundup](https://www.reddit.com/message/compose?to=subredditsummarybot&amp;subject=askhistorians+weekly&amp;message=x). In the meantime our [Twitter](https://twitter.com/askhistorians), [Facebook](https://www.facebook.com/askhistorians/), and [Sunday Digest](https://www.reddit.com/r/AskHistorians/search?q=title%3A%22Sunday+Digest%22&amp;restrict_sr=on&amp;sort=new&amp;t=all) feature excellent content that has already been written!\n\n\n*I am a bot, and this action was performed automatically. Please [contact the moderators of this subreddit](/message/compose/?to=/r/AskHistorians) if you have any questions or concerns.*", "edited": false, "downs": 0, "author_flair_css_class": null, "is_submitter": false, "collapsed": false, "author_flair_richtext": [{"e": "text", "t": "History of Robotics"}], "author_patreon_flair": false, "body_html": "&lt;div class=\"md\"&gt;&lt;p&gt;Welcome to &lt;a href=\"/r/AskHistorians\"&gt;/r/AskHistorians&lt;/a&gt;. &lt;strong&gt;Please &lt;a href=\"https://www.reddit.com/r/AskHistorians/wiki/rules\"&gt;Read Our Rules&lt;/a&gt; before you comment in this community&lt;/strong&gt;. Understand that rule breaking comments get removed.&lt;/p&gt;\n\n&lt;p&gt;We thank you for your interest in this &lt;em&gt;question&lt;/em&gt;, and your patience in waiting for an in-depth and comprehensive answer to be written, which takes time. Please consider &lt;strong&gt;&lt;a href=\"https://www.reddit.com/message/compose/?to=RemindMeBot&amp;amp;subject=Reminder&amp;amp;message=%5Bhttps://www.reddit.com/r/AskHistorians/comments/fsoprg/did_the_police_try_to_stop_people_using_the/%5D%0A%0ARemindMe!%202%20days\"&gt;Clicking Here for RemindMeBot&lt;/a&gt;&lt;/strong&gt;, &lt;a href=\"https://www.reddit.com/r/AskHistorians/comments/d6dzi7/tired_of_clicking_to_find_only_removed_comments/\"&gt;using our Browser Extension&lt;/a&gt;, or getting the &lt;a href=\"https://www.reddit.com/message/compose?to=subredditsummarybot&amp;amp;subject=askhistorians+weekly&amp;amp;message=x\"&gt;Weekly Roundup&lt;/a&gt;. In the meantime our &lt;a href=\"https://twitter.com/askhistorians\"&gt;Twitter&lt;/a&gt;, &lt;a href=\"https://www.facebook.com/askhistorians/\"&gt;Facebook&lt;/a&gt;, and &lt;a href=\"https://www.reddit.com/r/AskHistorians/search?q=title%3A%22Sunday+Digest%22&amp;amp;restrict_sr=on&amp;amp;sort=new&amp;amp;t=all\"&gt;Sunday Digest&lt;/a&gt; feature excellent content that has already been written!&lt;/p&gt;\n\n&lt;p&gt;&lt;em&gt;I am a bot, and this action was performed automatically. Please &lt;a href=\"/message/compose/?to=/r/AskHistorians\"&gt;contact the moderators of this subreddit&lt;/a&gt; if you have any questions or concerns.&lt;/em&gt;&lt;/p&gt;\n&lt;/div&gt;", "gildings": {}, "collapsed_reason": null, "associated_award": null, "stickied": true, "author_premium": true, "subreddit_type": "public", "can_gild": true, "subreddit": "AskHistorians", "author_flair_text_color": "light", "score_hidden": true, "permalink": "/r/AskHistorians/comments/fsoprg/did_the_police_try_to_stop_people_using_the/fm2luu1/", "num_reports": null, "locked": true, "name": "t1_fm2luu1", "created": 1585728960.0, "author_flair_text": "History of Robotics", "treatment_tags": [], "created_utc": 1585700160.0, "subreddit_name_prefixed": "r/AskHistorians", "controversiality": 0, "depth": 0, "author_flair_background_color": "#993366", "collapsed_because_crowd_control": null, "mod_reports": [], "mod_note": null, "distinguished": "moderator"}}, {"kind": "t1", "data": {"total_awards_received": 0, "approved_at_utc": null, "ups": 1, "awarders": [], "mod_reason_by": null, "banned_by": null, "author_flair_type": "richtext", "removal_reason": null, "link_id": "t3_fsoprg", "author_flair_template_id": "86beef9a-c626-11e2-ad9b-12313d18884c", "likes": null, "replies": "", "user_reports": [], "saved": false, "id": "fm484ne", "banned_at_utc": null, "mod_reason_title": null, "gilded": 0, "archived": false, "no_follow": true, "author": "Bigglesworth_", "can_mod_post": false, "send_replies": true, "parent_id": "t3_fsoprg", "score": 1, "author_fullname": "t2_akqoh", "report_reasons": null, "approved_by": null, "all_awardings": [], "subreddit_id": "t5_2ssp3", "body": "It's broadly correct, though naturally skewed slightly (see Angus Calder's *The Myth of the Blitz* for the myriad ways aspects of \"the myth\" have been accentuated or downplayed by those across the political spectrum). Government policy up to 1940 had been for dispersed shelters rather than large public shelters, and for trenches or brick-built surface shelters rather than deep shelters; conveniently this was the cheaper option but also down to concerns over health risks and public order issues amongst large crowds, and fears over a 'deep shelter mentality' developing in which people would refuse to leave shelters, bringing cities to a standstill.  The London Underground was closed to shelterers, both in accordance with policy and to prevent interference with transport. In response, according to Richard Overy's *The Bombing War*, \"several thousand Londoners bought tickets for the Underground and stayed put in the stations and tunnels\" on September 7th, the first night London was heavily bombed. The following night a large crowd gathered at Liverpool Street Station and refused to leave, the doors eventually being opened to them. At other stations \"Minor confrontations occurred, orchestrated in some cases by Communist party activists, between crowds waiting to go below and Underground officials whose instructions were to lock the entrances once a raid began\" (Geoffrey Field, \"Nights Underground in Darkest London: The Blitz, 1940-1941\",  *International Labor and Working-Class History*, No. 62).\n\nThe government attempted to dissuade people, putting out a notice in newspapers on September 19th exhorting people \"to refrain from using tube stations as air raid shelters except in case of urgent necessity\", but made no serious attempts to lock down stations or evict people by force; on September 21st Home Secretary John Anderson informed Churchill that the use of the tube for shelter was a fait accompli and that only military assistance could prevent it, something that public opinion would not allow. By 25th September (prior to Morrison becoming Home Secretary) the use of tube stations as shelters was officially recognised.", "edited": false, "downs": 0, "author_flair_css_class": null, "is_submitter": false, "collapsed": false, "author_flair_richtext": [{"e": "text", "t": "RAF in WWII"}], "author_patreon_flair": false, "body_html": "&lt;div class=\"md\"&gt;&lt;p&gt;It&amp;#39;s broadly correct, though naturally skewed slightly (see Angus Calder&amp;#39;s &lt;em&gt;The Myth of the Blitz&lt;/em&gt; for the myriad ways aspects of &amp;quot;the myth&amp;quot; have been accentuated or downplayed by those across the political spectrum). Government policy up to 1940 had been for dispersed shelters rather than large public shelters, and for trenches or brick-built surface shelters rather than deep shelters; conveniently this was the cheaper option but also down to concerns over health risks and public order issues amongst large crowds, and fears over a &amp;#39;deep shelter mentality&amp;#39; developing in which people would refuse to leave shelters, bringing cities to a standstill.  The London Underground was closed to shelterers, both in accordance with policy and to prevent interference with transport. In response, according to Richard Overy&amp;#39;s &lt;em&gt;The Bombing War&lt;/em&gt;, &amp;quot;several thousand Londoners bought tickets for the Underground and stayed put in the stations and tunnels&amp;quot; on September 7th, the first night London was heavily bombed. The following night a large crowd gathered at Liverpool Street Station and refused to leave, the doors eventually being opened to them. At other stations &amp;quot;Minor confrontations occurred, orchestrated in some cases by Communist party activists, between crowds waiting to go below and Underground officials whose instructions were to lock the entrances once a raid began&amp;quot; (Geoffrey Field, &amp;quot;Nights Underground in Darkest London: The Blitz, 1940-1941&amp;quot;,  &lt;em&gt;International Labor and Working-Class History&lt;/em&gt;, No. 62).&lt;/p&gt;\n\n&lt;p&gt;The government attempted to dissuade people, putting out a notice in newspapers on September 19th exhorting people &amp;quot;to refrain from using tube stations as air raid shelters except in case of urgent necessity&amp;quot;, but made no serious attempts to lock down stations or evict people by force; on September 21st Home Secretary John Anderson informed Churchill that the use of the tube for shelter was a fait accompli and that only military assistance could prevent it, something that public opinion would not allow. By 25th September (prior to Morrison becoming Home Secretary) the use of tube stations as shelters was officially recognised.&lt;/p&gt;\n&lt;/div&gt;", "gildings": {}, "collapsed_reason": null, "associated_award": null, "stickied": false, "author_premium": false, "subreddit_type": "public", "can_gild": true, "subreddit": "AskHistorians", "author_flair_text_color": "light", "score_hidden": false, "permalink": "/r/AskHistorians/comments/fsoprg/did_the_police_try_to_stop_people_using_the/fm484ne/", "num_reports": null, "locked": false, "name": "t1_fm484ne", "created": 1585777549.0, "author_flair_text": "RAF in WWII", "treatment_tags": [], "created_utc": 1585748749.0, "subreddit_name_prefixed": "r/AskHistorians", "controversiality": 0, "depth": 0, "author_flair_background_color": "#006600", "collapsed_because_crowd_control": null, "mod_reports": [], "mod_note": null, "distinguished": null}}], "after": null, "before": null}}]