[{"kind": "Listing", "data": {"modhash": "", "dist": 1, "children": [{"kind": "t3", "data": {"approved_at_utc": null, "subreddit": "AskHistorians", "selftext": "A few years ago I started writing some liturgical poetry.  I'm pretty great at it, if I do say so myself.  I've written at least dozens of liturgical poems for several Jewish holidays.  They interweave acrostics with references to midrashim and rhyme schemes, they're really works of art.\n\nNow some people are complaining about it.  They say that no one actually understands them, and I don't use meter.  Some are saying my rhymes are \"cheating\" because I use the same suffix for lots of words, but I always have the root word end in the same root, I'm just making it rhyme *more*!  I've been accused of doing a disservice to the Jewish people by writing all these poems, because services take a long time now.\n\nAs far as I see it, the poetic tradition is really the highest form of worship.  If some people don't understand it, they should learn more.  That's their problem, not mine.  I don't even mind if people use Yannai's poetry instead of mine, even though mine is better.  But I can't stand this criticism from people who are both less learned and boors who cannot appreciate poetry.\n\nBut I keep getting these angry letters from Babylonia and Spain, and I have a nagging feeling that maybe they're right.  Should I have used meter instead?  Should I have made my references less obscure?  Should I have constrained my brilliance to a few short lines, instead of sprawling poems?  AITA?", "user_reports": [], "saved": false, "mod_reason_title": null, "gilded": 0, "clicked": false, "title": "AITA for writing lots of liturgical poetry?", "link_flair_richtext": [{"e": "text", "t": "April Fools"}], "subreddit_name_prefixed": "r/AskHistorians", "hidden": false, "pwls": 6, "link_flair_css_class": "", "downs": 0, "parent_whitelist_status": "all_ads", "hide_score": false, "name": "t3_fspkdi", "quarantine": false, "link_flair_text_color": "light", "upvote_ratio": 0.79, "author_flair_background_color": "#b182b2", "subreddit_type": "public", "ups": 34, "total_awards_received": 0, "media_embed": {}, "author_flair_template_id": "9bd4ab04-f40a-11e9-bde4-0e2d2407b2a0", "is_original_content": false, "author_fullname": "t2_637onf4q", "secure_media": null, "is_reddit_media_domain": false, "is_meta": false, "category": null, "secure_media_embed": {}, "link_flair_text": "April Fools", "can_mod_post": false, "num_duplicates": 0, "approved_by": null, "author_premium": false, "thumbnail": "", "edited": 1585704925.0, "author_flair_css_class": null, "author_flair_richtext": [{"e": "text", "t": "Payyetan"}], "gildings": {}, "content_categories": null, "is_self": true, "mod_note": null, "created": 1585732079.0, "link_flair_type": "richtext", "wls": 6, "removed_by_category": null, "banned_by": null, "author_flair_type": "richtext", "domain": "self.AskHistorians", "allow_live_comments": false, "selftext_html": "&lt;!-- SC_OFF --&gt;&lt;div class=\"md\"&gt;&lt;p&gt;A few years ago I started writing some liturgical poetry.  I&amp;#39;m pretty great at it, if I do say so myself.  I&amp;#39;ve written at least dozens of liturgical poems for several Jewish holidays.  They interweave acrostics with references to midrashim and rhyme schemes, they&amp;#39;re really works of art.&lt;/p&gt;\n\n&lt;p&gt;Now some people are complaining about it.  They say that no one actually understands them, and I don&amp;#39;t use meter.  Some are saying my rhymes are &amp;quot;cheating&amp;quot; because I use the same suffix for lots of words, but I always have the root word end in the same root, I&amp;#39;m just making it rhyme &lt;em&gt;more&lt;/em&gt;!  I&amp;#39;ve been accused of doing a disservice to the Jewish people by writing all these poems, because services take a long time now.&lt;/p&gt;\n\n&lt;p&gt;As far as I see it, the poetic tradition is really the highest form of worship.  If some people don&amp;#39;t understand it, they should learn more.  That&amp;#39;s their problem, not mine.  I don&amp;#39;t even mind if people use Yannai&amp;#39;s poetry instead of mine, even though mine is better.  But I can&amp;#39;t stand this criticism from people who are both less learned and boors who cannot appreciate poetry.&lt;/p&gt;\n\n&lt;p&gt;But I keep getting these angry letters from Babylonia and Spain, and I have a nagging feeling that maybe they&amp;#39;re right.  Should I have used meter instead?  Should I have made my references less obscure?  Should I have constrained my brilliance to a few short lines, instead of sprawling poems?  AITA?&lt;/p&gt;\n&lt;/div&gt;&lt;!-- SC_ON --&gt;", "likes": null, "suggested_sort": null, "banned_at_utc": null, "view_count": null, "archived": false, "score": 34, "no_follow": false, "is_crosspostable": false, "pinned": false, "over_18": false, "all_awardings": [], "awarders": [], "media_only": false, "link_flair_template_id": "4beee8a2-ba68-11e3-b09a-12313d21b86e", "can_gild": false, "spoiler": false, "locked": false, "author_flair_text": "Payyetan", "treatment_tags": [], "visited": false, "removed_by": null, "num_reports": null, "distinguished": null, "subreddit_id": "t5_2ssp3", "mod_reason_by": null, "removal_reason": null, "link_flair_background_color": "#b182b2", "id": "fspkdi", "is_robot_indexable": true, "report_reasons": null, "author": "Elazar_HaKallir", "discussion_type": null, "num_comments": 8, "send_replies": true, "media": null, "contest_mode": false, "author_patreon_flair": false, "author_flair_text_color": "light", "permalink": "/r/AskHistorians/comments/fspkdi/aita_for_writing_lots_of_liturgical_poetry/", "whitelist_status": "all_ads", "stickied": false, "url": "https://www.reddit.com/r/AskHistorians/comments/fspkdi/aita_for_writing_lots_of_liturgical_poetry/", "subreddit_subscribers": 1162703, "created_utc": 1585703279.0, "num_crossposts": 0, "mod_reports": [], "is_video": false}}], "after": null, "before": null}}, {"kind": "Listing", "data": {"modhash": "", "dist": null, "children": [{"kind": "t1", "data": {"total_awards_received": 0, "approved_at_utc": null, "ups": 1, "awarders": [], "mod_reason_by": null, "banned_by": null, "author_flair_type": "richtext", "removal_reason": null, "link_id": "t3_fspkdi", "author_flair_template_id": "9e641f94-c626-11e2-8e2c-12313b0b21ae", "likes": null, "replies": "", "user_reports": [], "saved": false, "id": "fm2qsyv", "banned_at_utc": null, "mod_reason_title": null, "gilded": 0, "archived": false, "no_follow": true, "author": "AutoModerator", "can_mod_post": false, "send_replies": false, "parent_id": "t3_fspkdi", "score": 1, "author_fullname": "t2_6l4z3", "report_reasons": null, "approved_by": null, "all_awardings": [], "subreddit_id": "t5_2ssp3", "body": "Welcome to /r/HistoricalAITA. Please feel free to leave your thoughts and judgements on the situation presented to you by the author, but ensure that you remain courteous and partipate in good faith.\n\nIf you are commenting, please be sure to start or end your comment with the Abbreviation for your judgement based on the following: \n\n* **YTA** = You're the Asshole; \n* **NTA** = Not the A-hole; \n* **ESH** = Everyone Sucks here; \n* **NAH** = No A-holes here; \n* **INFO** = Not Enough Info\n\n\n*I am a bot, and this action was performed automatically. Please [contact the moderators of this subreddit](/message/compose/?to=/r/AskHistorians) if you have any questions or concerns.*", "edited": false, "downs": 0, "author_flair_css_class": null, "is_submitter": false, "collapsed": false, "author_flair_richtext": [{"e": "text", "t": "History of Robotics"}], "author_patreon_flair": false, "body_html": "&lt;div class=\"md\"&gt;&lt;p&gt;Welcome to &lt;a href=\"/r/HistoricalAITA\"&gt;/r/HistoricalAITA&lt;/a&gt;. Please feel free to leave your thoughts and judgements on the situation presented to you by the author, but ensure that you remain courteous and partipate in good faith.&lt;/p&gt;\n\n&lt;p&gt;If you are commenting, please be sure to start or end your comment with the Abbreviation for your judgement based on the following: &lt;/p&gt;\n\n&lt;ul&gt;\n&lt;li&gt;&lt;strong&gt;YTA&lt;/strong&gt; = You&amp;#39;re the Asshole; &lt;/li&gt;\n&lt;li&gt;&lt;strong&gt;NTA&lt;/strong&gt; = Not the A-hole; &lt;/li&gt;\n&lt;li&gt;&lt;strong&gt;ESH&lt;/strong&gt; = Everyone Sucks here; &lt;/li&gt;\n&lt;li&gt;&lt;strong&gt;NAH&lt;/strong&gt; = No A-holes here; &lt;/li&gt;\n&lt;li&gt;&lt;strong&gt;INFO&lt;/strong&gt; = Not Enough Info&lt;/li&gt;\n&lt;/ul&gt;\n\n&lt;p&gt;&lt;em&gt;I am a bot, and this action was performed automatically. Please &lt;a href=\"/message/compose/?to=/r/AskHistorians\"&gt;contact the moderators of this subreddit&lt;/a&gt; if you have any questions or concerns.&lt;/em&gt;&lt;/p&gt;\n&lt;/div&gt;", "gildings": {}, "collapsed_reason": null, "associated_award": null, "stickied": true, "author_premium": true, "subreddit_type": "public", "can_gild": true, "subreddit": "AskHistorians", "author_flair_text_color": "light", "score_hidden": true, "permalink": "/r/AskHistorians/comments/fspkdi/aita_for_writing_lots_of_liturgical_poetry/fm2qsyv/", "num_reports": null, "locked": true, "name": "t1_fm2qsyv", "created": 1585732079.0, "author_flair_text": "History of Robotics", "treatment_tags": [], "created_utc": 1585703279.0, "subreddit_name_prefixed": "r/AskHistorians", "controversiality": 0, "depth": 0, "author_flair_background_color": "#993366", "collapsed_because_crowd_control": null, "mod_reports": [], "mod_note": null, "distinguished": "moderator"}}, {"kind": "t1", "data": {"total_awards_received": 0, "approved_at_utc": null, "ups": 14, "awarders": [], "mod_reason_by": null, "banned_by": null, "author_flair_type": "richtext", "removal_reason": null, "link_id": "t3_fspkdi", "author_flair_template_id": "9e641f94-c626-11e2-8e2c-12313b0b21ae", "likes": null, "replies": {"kind": "Listing", "data": {"modhash": "", "dist": null, "children": [{"kind": "t1", "data": {"total_awards_received": 0, "approved_at_utc": null, "ups": 12, "awarders": [], "mod_reason_by": null, "banned_by": null, "author_flair_type": "richtext", "removal_reason": null, "link_id": "t3_fspkdi", "author_flair_template_id": "9bd4ab04-f40a-11e9-bde4-0e2d2407b2a0", "likes": null, "replies": "", "user_reports": [], "saved": false, "id": "fm2x2i2", "banned_at_utc": null, "mod_reason_title": null, "gilded": 0, "archived": false, "no_follow": false, "author": "Elazar_HaKallir", "can_mod_post": false, "send_replies": true, "parent_id": "t1_fm2w1wl", "score": 12, "author_fullname": "t2_637onf4q", "report_reasons": null, "approved_by": null, "all_awardings": [], "subreddit_id": "t5_2ssp3", "collapsed": false, "body": "Look, scholarly people are so uplifted spiritually by acrostics spelling out the alphabet, my name, my father's name, my hometown, my favorite foods, and my grocery list, that they don't need phyical strength to stand.  Maybe you should try to get in that category, rather than whining about not being \"with it\".  The first time a community used my greatest work, a double acrostic spelling \"this is the piyyut for the Shabbat before the Super Bowl, admire my poetic artistry in making this acrostic\", a person who hadn't stood up in decades found the power to stand up and walk out of the room.", "edited": false, "author_flair_css_class": null, "is_submitter": true, "downs": 0, "author_flair_richtext": [{"e": "text", "t": "Payyetan"}], "author_patreon_flair": false, "body_html": "&lt;div class=\"md\"&gt;&lt;p&gt;Look, scholarly people are so uplifted spiritually by acrostics spelling out the alphabet, my name, my father&amp;#39;s name, my hometown, my favorite foods, and my grocery list, that they don&amp;#39;t need phyical strength to stand.  Maybe you should try to get in that category, rather than whining about not being &amp;quot;with it&amp;quot;.  The first time a community used my greatest work, a double acrostic spelling &amp;quot;this is the piyyut for the Shabbat before the Super Bowl, admire my poetic artistry in making this acrostic&amp;quot;, a person who hadn&amp;#39;t stood up in decades found the power to stand up and walk out of the room.&lt;/p&gt;\n&lt;/div&gt;", "gildings": {}, "collapsed_reason": null, "associated_award": null, "stickied": false, "author_premium": false, "subreddit_type": "public", "can_gild": true, "subreddit": "AskHistorians", "author_flair_text_color": "light", "score_hidden": false, "permalink": "/r/AskHistorians/comments/fspkdi/aita_for_writing_lots_of_liturgical_poetry/fm2x2i2/", "num_reports": null, "locked": false, "name": "t1_fm2x2i2", "created": 1585736235.0, "author_flair_text": "Payyetan", "treatment_tags": [], "created_utc": 1585707435.0, "subreddit_name_prefixed": "r/AskHistorians", "controversiality": 0, "depth": 1, "author_flair_background_color": "#b182b2", "collapsed_because_crowd_control": null, "mod_reports": [], "mod_note": null, "distinguished": null}}], "after": null, "before": null}}, "user_reports": [], "saved": false, "id": "fm2w1wl", "banned_at_utc": null, "mod_reason_title": null, "gilded": 0, "archived": false, "no_follow": false, "author": "hannahstohelit", "can_mod_post": false, "send_replies": true, "parent_id": "t3_fspkdi", "score": 14, "author_fullname": "t2_nva6pp", "report_reasons": null, "approved_by": null, "all_awardings": [], "subreddit_id": "t5_2ssp3", "body": "YTA. My feet hurt. Next time, at least do something we can sing to the tune of Scarborough Fair.", "edited": false, "downs": 0, "author_flair_css_class": null, "is_submitter": false, "collapsed": false, "author_flair_richtext": [{"e": "text", "t": "Moderator | Modern Jewish History | Judaism in the Americas"}], "author_patreon_flair": false, "body_html": "&lt;div class=\"md\"&gt;&lt;p&gt;YTA. My feet hurt. Next time, at least do something we can sing to the tune of Scarborough Fair.&lt;/p&gt;\n&lt;/div&gt;", "gildings": {}, "collapsed_reason": null, "associated_award": null, "stickied": false, "author_premium": false, "subreddit_type": "public", "can_gild": true, "subreddit": "AskHistorians", "author_flair_text_color": "light", "score_hidden": false, "permalink": "/r/AskHistorians/comments/fspkdi/aita_for_writing_lots_of_liturgical_poetry/fm2w1wl/", "num_reports": null, "locked": false, "name": "t1_fm2w1wl", "created": 1585735543.0, "author_flair_text": "Moderator | Modern Jewish History | Judaism in the Americas", "treatment_tags": [], "created_utc": 1585706743.0, "subreddit_name_prefixed": "r/AskHistorians", "controversiality": 0, "depth": 0, "author_flair_background_color": "#993366", "collapsed_because_crowd_control": null, "mod_reports": [], "mod_note": null, "distinguished": null}}, {"kind": "t1", "data": {"total_awards_received": 0, "approved_at_utc": null, "ups": 6, "awarders": [], "mod_reason_by": null, "banned_by": null, "author_flair_type": "text", "removal_reason": null, "link_id": "t3_fspkdi", "author_flair_template_id": null, "likes": null, "replies": "", "user_reports": [], "saved": false, "id": "fm3ept5", "banned_at_utc": null, "mod_reason_title": null, "gilded": 0, "archived": false, "no_follow": false, "author": "kagantx", "can_mod_post": false, "send_replies": true, "parent_id": "t3_fspkdi", "score": 6, "author_fullname": "t2_t7w02", "report_reasons": null, "approved_by": null, "all_awardings": [], "subreddit_id": "t5_2ssp3", "body": "NTA\n\nIt's not as if we have anything else to do on Yom Kippur. You only wrote these piyyutim for Yom Kippur, right?", "edited": false, "downs": 0, "author_flair_css_class": null, "is_submitter": false, "collapsed": false, "author_flair_richtext": [], "author_patreon_flair": false, "body_html": "&lt;div class=\"md\"&gt;&lt;p&gt;NTA&lt;/p&gt;\n\n&lt;p&gt;It&amp;#39;s not as if we have anything else to do on Yom Kippur. You only wrote these piyyutim for Yom Kippur, right?&lt;/p&gt;\n&lt;/div&gt;", "gildings": {}, "collapsed_reason": null, "associated_award": null, "stickied": false, "author_premium": false, "subreddit_type": "public", "can_gild": true, "subreddit": "AskHistorians", "author_flair_text_color": null, "score_hidden": false, "permalink": "/r/AskHistorians/comments/fspkdi/aita_for_writing_lots_of_liturgical_poetry/fm3ept5/", "num_reports": null, "locked": false, "name": "t1_fm3ept5", "created": 1585749826.0, "author_flair_text": null, "treatment_tags": [], "created_utc": 1585721026.0, "subreddit_name_prefixed": "r/AskHistorians", "controversiality": 0, "depth": 0, "author_flair_background_color": null, "collapsed_because_crowd_control": null, "mod_reports": [], "mod_note": null, "distinguished": null}}, {"kind": "t1", "data": {"total_awards_received": 0, "approved_at_utc": null, "ups": 6, "awarders": [], "mod_reason_by": null, "banned_by": null, "author_flair_type": "text", "removal_reason": null, "link_id": "t3_fspkdi", "author_flair_template_id": null, "likes": null, "replies": {"kind": "Listing", "data": {"modhash": "", "dist": null, "children": [{"kind": "t1", "data": {"total_awards_received": 0, "approved_at_utc": null, "ups": 8, "awarders": [], "mod_reason_by": null, "banned_by": null, "author_flair_type": "richtext", "removal_reason": null, "link_id": "t3_fspkdi", "author_flair_template_id": "9bd4ab04-f40a-11e9-bde4-0e2d2407b2a0", "likes": null, "replies": "", "user_reports": [], "saved": false, "id": "fm2wsan", "banned_at_utc": null, "mod_reason_title": null, "gilded": 0, "archived": false, "no_follow": false, "author": "Elazar_HaKallir", "can_mod_post": false, "send_replies": true, "parent_id": "t1_fm2w39r", "score": 8, "author_fullname": "t2_637onf4q", "report_reasons": null, "approved_by": null, "all_awardings": [], "subreddit_id": "t5_2ssp3", "collapsed": false, "body": "I generally am more concerned with how clever I sound if you get all the references my poetry is making. But if you care more for the worldly pleasures of \"bangers\" set to \"music\", you can judge for yourself: [https://youtu.be/T7DB1YJDcZs](https://youtu.be/T7DB1YJDcZs)", "edited": 1585707787.0, "author_flair_css_class": null, "is_submitter": true, "downs": 0, "author_flair_richtext": [{"e": "text", "t": "Payyetan"}], "author_patreon_flair": false, "body_html": "&lt;div class=\"md\"&gt;&lt;p&gt;I generally am more concerned with how clever I sound if you get all the references my poetry is making. But if you care more for the worldly pleasures of &amp;quot;bangers&amp;quot; set to &amp;quot;music&amp;quot;, you can judge for yourself: &lt;a href=\"https://youtu.be/T7DB1YJDcZs\"&gt;https://youtu.be/T7DB1YJDcZs&lt;/a&gt;&lt;/p&gt;\n&lt;/div&gt;", "gildings": {}, "collapsed_reason": null, "associated_award": null, "stickied": false, "author_premium": false, "subreddit_type": "public", "can_gild": true, "subreddit": "AskHistorians", "author_flair_text_color": "light", "score_hidden": false, "permalink": "/r/AskHistorians/comments/fspkdi/aita_for_writing_lots_of_liturgical_poetry/fm2wsan/", "num_reports": null, "locked": false, "name": "t1_fm2wsan", "created": 1585736041.0, "author_flair_text": "Payyetan", "treatment_tags": [], "created_utc": 1585707241.0, "subreddit_name_prefixed": "r/AskHistorians", "controversiality": 0, "depth": 1, "author_flair_background_color": "#b182b2", "collapsed_because_crowd_control": null, "mod_reports": [], "mod_note": null, "distinguished": null}}], "after": null, "before": null}}, "user_reports": [], "saved": false, "id": "fm2w39r", "banned_at_utc": null, "mod_reason_title": null, "gilded": 0, "archived": false, "no_follow": false, "author": "barakvesh", "can_mod_post": false, "send_replies": true, "parent_id": "t3_fspkdi", "score": 6, "author_fullname": "t2_9fuv8", "report_reasons": null, "approved_by": null, "all_awardings": [], "subreddit_id": "t5_2ssp3", "body": "INFO\n\nAre these poems absolute bangers when set to music?", "edited": false, "downs": 0, "author_flair_css_class": null, "is_submitter": false, "collapsed": false, "author_flair_richtext": [], "author_patreon_flair": false, "body_html": "&lt;div class=\"md\"&gt;&lt;p&gt;INFO&lt;/p&gt;\n\n&lt;p&gt;Are these poems absolute bangers when set to music?&lt;/p&gt;\n&lt;/div&gt;", "gildings": {}, "collapsed_reason": null, "associated_award": null, "stickied": false, "author_premium": false, "subreddit_type": "public", "can_gild": true, "subreddit": "AskHistorians", "author_flair_text_color": null, "score_hidden": false, "permalink": "/r/AskHistorians/comments/fspkdi/aita_for_writing_lots_of_liturgical_poetry/fm2w39r/", "num_reports": null, "locked": false, "name": "t1_fm2w39r", "created": 1585735568.0, "author_flair_text": null, "treatment_tags": [], "created_utc": 1585706768.0, "subreddit_name_prefixed": "r/AskHistorians", "controversiality": 0, "depth": 0, "author_flair_background_color": null, "collapsed_because_crowd_control": null, "mod_reports": [], "mod_note": null, "distinguished": null}}, {"kind": "t1", "data": {"total_awards_received": 0, "approved_at_utc": null, "ups": 7, "awarders": [], "mod_reason_by": null, "banned_by": null, "author_flair_type": "text", "removal_reason": null, "link_id": "t3_fspkdi", "author_flair_template_id": null, "likes": null, "replies": "", "user_reports": [], "saved": false, "id": "fm3j3ji", "banned_at_utc": null, "mod_reason_title": null, "gilded": 0, "archived": false, "no_follow": true, "author": "ReadOnly2019", "can_mod_post": false, "send_replies": true, "parent_id": "t3_fspkdi", "score": 7, "author_fullname": "t2_4slhyr9f", "report_reasons": null, "approved_by": null, "all_awardings": [], "subreddit_id": "t5_2ssp3", "body": "YTA, poetry should be short and it should rhyme without using the same suffixes. Religion is no excuse for prolixity.", "edited": false, "downs": 0, "author_flair_css_class": null, "is_submitter": false, "collapsed": false, "author_flair_richtext": [], "author_patreon_flair": false, "body_html": "&lt;div class=\"md\"&gt;&lt;p&gt;YTA, poetry should be short and it should rhyme without using the same suffixes. Religion is no excuse for prolixity.&lt;/p&gt;\n&lt;/div&gt;", "gildings": {}, "collapsed_reason": null, "associated_award": null, "stickied": false, "author_premium": false, "subreddit_type": "public", "can_gild": true, "subreddit": "AskHistorians", "author_flair_text_color": null, "score_hidden": false, "permalink": "/r/AskHistorians/comments/fspkdi/aita_for_writing_lots_of_liturgical_poetry/fm3j3ji/", "num_reports": null, "locked": false, "name": "t1_fm3j3ji", "created": 1585754090.0, "author_flair_text": null, "treatment_tags": [], "created_utc": 1585725290.0, "subreddit_name_prefixed": "r/AskHistorians", "controversiality": 0, "depth": 0, "author_flair_background_color": null, "collapsed_because_crowd_control": null, "mod_reports": [], "mod_note": null, "distinguished": null}}, {"kind": "t1", "data": {"total_awards_received": 0, "approved_at_utc": null, "ups": 3, "awarders": [], "mod_reason_by": null, "banned_by": null, "author_flair_type": "text", "removal_reason": null, "link_id": "t3_fspkdi", "author_flair_template_id": null, "likes": null, "replies": "", "user_reports": [], "saved": false, "id": "fm7ydq5", "banned_at_utc": null, "mod_reason_title": null, "gilded": 0, "archived": false, "no_follow": true, "author": "ketita", "can_mod_post": false, "send_replies": true, "parent_id": "t3_fspkdi", "score": 3, "author_fullname": "t2_l4otisk", "report_reasons": null, "approved_by": null, "all_awardings": [], "subreddit_id": "t5_2ssp3", "body": "NTA. Boors nowadays just don't appreciate a good acrostic. How are you supposed to spell out entire sentences if the piyyut isn't long enough? \n\nAnd the Spanish are ones to talk, they spend 10 minutes singing every word anyway.", "edited": false, "downs": 0, "author_flair_css_class": null, "is_submitter": false, "collapsed": false, "author_flair_richtext": [], "author_patreon_flair": false, "body_html": "&lt;div class=\"md\"&gt;&lt;p&gt;NTA. Boors nowadays just don&amp;#39;t appreciate a good acrostic. How are you supposed to spell out entire sentences if the piyyut isn&amp;#39;t long enough? &lt;/p&gt;\n\n&lt;p&gt;And the Spanish are ones to talk, they spend 10 minutes singing every word anyway.&lt;/p&gt;\n&lt;/div&gt;", "gildings": {}, "collapsed_reason": null, "associated_award": null, "stickied": false, "author_premium": false, "subreddit_type": "public", "can_gild": true, "subreddit": "AskHistorians", "author_flair_text_color": null, "score_hidden": false, "permalink": "/r/AskHistorians/comments/fspkdi/aita_for_writing_lots_of_liturgical_poetry/fm7ydq5/", "num_reports": null, "locked": false, "name": "t1_fm7ydq5", "created": 1585868060.0, "author_flair_text": null, "treatment_tags": [], "created_utc": 1585839260.0, "subreddit_name_prefixed": "r/AskHistorians", "controversiality": 0, "depth": 0, "author_flair_background_color": null, "collapsed_because_crowd_control": null, "mod_reports": [], "mod_note": null, "distinguished": null}}], "after": null, "before": null}}]