[{"kind": "Listing", "data": {"modhash": "", "dist": 1, "children": [{"kind": "t3", "data": {"approved_at_utc": null, "subreddit": "AskHistorians", "selftext": "So, I'm a pretty good sculptor and architect. Better than most, anyways. Because I'm so talented, *Il Papa* has tasked me with building new sacristy and library at San Lorenzo. This is all natural, the Vicar of Christ demands only the best to even approach recreating the glory of the Kingdom of God on Earth. The fact that we were childhood friends has nothing-- \n\nNothing, Pierto! Stop smirking!\n\n--Nothing to do with it. Cazzo, the quality of assistants these days.\n\n*In ogni modo*, he has all of these projects for me, but he overestimates me. He thinks me some unshaven Samson, for *Il Papa* appends more requests for papal tombs for himself and Papa Leo, God rest his soul, a crystal cross, a ciborium and a reliquary, *ay Merda* am I architect or mule? At least a beast of burden would expect food and rest and the sweet release of death once his body failed him. I, for I am of such import to His Holiness, cannot hope for even that. I toil and toil away and yet my assignments only grow, never shrink. I feel like Sisypheus in the deepest pits of Hell.\n\nSo finally, when His Holiness sends me *another* proposal for a fifty-foot bronze statue, I... may... have send him reply that have detailed some more exaggerated, eh how you say, specification. Also, does anyone know how to fit building underneath statue? I pray I not give Il Papa... how you say... any 'bright ideas'.\n\nAm I the *Stronzo?*\n\n&gt;Transcriptor Note: \"Ser Buonarroti replied with suggesting a larger seated statue, (eighty) rather than (fifty feet) high, with a barber shop under its\nrump, a cornucopia for a chimney, a dovecote in the hollow head and bells ringing from the gaping mouth\"\n\n&gt;He also basically told the Pope to go f*ck himself.\n\n&gt;~ Pierto", "user_reports": [], "saved": false, "mod_reason_title": null, "gilded": 0, "clicked": false, "title": "AIT Stronzo For Proposing to the Pope Joke Specs to a Bronze Statue after He Wouldn't Stop Pestering Me With Inane Minchia?", "link_flair_richtext": [{"e": "text", "t": "April Fools"}], "subreddit_name_prefixed": "r/AskHistorians", "hidden": false, "pwls": 6, "link_flair_css_class": "", "downs": 0, "parent_whitelist_status": "all_ads", "hide_score": false, "name": "t3_fss7b6", "quarantine": false, "link_flair_text_color": "light", "upvote_ratio": 0.85, "author_flair_background_color": "#b182b2", "subreddit_type": "public", "ups": 37, "total_awards_received": 0, "media_embed": {}, "author_flair_template_id": "9bd4ab04-f40a-11e9-bde4-0e2d2407b2a0", "is_original_content": false, "author_fullname": "t2_wsg50", "secure_media": null, "is_reddit_media_domain": false, "is_meta": false, "category": null, "secure_media_embed": {}, "link_flair_text": "April Fools", "can_mod_post": false, "num_duplicates": 0, "approved_by": null, "author_premium": false, "thumbnail": "", "edited": 1585717402.0, "author_flair_css_class": null, "author_flair_richtext": [{"e": "text", "t": "The Best Ninja Turtle"}], "gildings": {}, "content_categories": null, "is_self": true, "mod_note": null, "created": 1585742388.0, "link_flair_type": "richtext", "wls": 6, "removed_by_category": null, "banned_by": null, "author_flair_type": "richtext", "domain": "self.AskHistorians", "allow_live_comments": false, "selftext_html": "&lt;!-- SC_OFF --&gt;&lt;div class=\"md\"&gt;&lt;p&gt;So, I&amp;#39;m a pretty good sculptor and architect. Better than most, anyways. Because I&amp;#39;m so talented, &lt;em&gt;Il Papa&lt;/em&gt; has tasked me with building new sacristy and library at San Lorenzo. This is all natural, the Vicar of Christ demands only the best to even approach recreating the glory of the Kingdom of God on Earth. The fact that we were childhood friends has nothing-- &lt;/p&gt;\n\n&lt;p&gt;Nothing, Pierto! Stop smirking!&lt;/p&gt;\n\n&lt;p&gt;--Nothing to do with it. Cazzo, the quality of assistants these days.&lt;/p&gt;\n\n&lt;p&gt;&lt;em&gt;In ogni modo&lt;/em&gt;, he has all of these projects for me, but he overestimates me. He thinks me some unshaven Samson, for &lt;em&gt;Il Papa&lt;/em&gt; appends more requests for papal tombs for himself and Papa Leo, God rest his soul, a crystal cross, a ciborium and a reliquary, &lt;em&gt;ay Merda&lt;/em&gt; am I architect or mule? At least a beast of burden would expect food and rest and the sweet release of death once his body failed him. I, for I am of such import to His Holiness, cannot hope for even that. I toil and toil away and yet my assignments only grow, never shrink. I feel like Sisypheus in the deepest pits of Hell.&lt;/p&gt;\n\n&lt;p&gt;So finally, when His Holiness sends me &lt;em&gt;another&lt;/em&gt; proposal for a fifty-foot bronze statue, I... may... have send him reply that have detailed some more exaggerated, eh how you say, specification. Also, does anyone know how to fit building underneath statue? I pray I not give Il Papa... how you say... any &amp;#39;bright ideas&amp;#39;.&lt;/p&gt;\n\n&lt;p&gt;Am I the &lt;em&gt;Stronzo?&lt;/em&gt;&lt;/p&gt;\n\n&lt;blockquote&gt;\n&lt;p&gt;Transcriptor Note: &amp;quot;Ser Buonarroti replied with suggesting a larger seated statue, (eighty) rather than (fifty feet) high, with a barber shop under its\nrump, a cornucopia for a chimney, a dovecote in the hollow head and bells ringing from the gaping mouth&amp;quot;&lt;/p&gt;\n\n&lt;p&gt;He also basically told the Pope to go f*ck himself.&lt;/p&gt;\n\n&lt;p&gt;~ Pierto&lt;/p&gt;\n&lt;/blockquote&gt;\n&lt;/div&gt;&lt;!-- SC_ON --&gt;", "likes": null, "suggested_sort": null, "banned_at_utc": null, "view_count": null, "archived": false, "score": 37, "no_follow": false, "is_crosspostable": false, "pinned": false, "over_18": false, "all_awardings": [], "awarders": [], "media_only": false, "link_flair_template_id": "4beee8a2-ba68-11e3-b09a-12313d21b86e", "can_gild": false, "spoiler": false, "locked": false, "author_flair_text": "The Best Ninja Turtle", "treatment_tags": [], "visited": false, "removed_by": null, "num_reports": null, "distinguished": null, "subreddit_id": "t5_2ssp3", "mod_reason_by": null, "removal_reason": null, "link_flair_background_color": "#b182b2", "id": "fss7b6", "is_robot_indexable": true, "report_reasons": null, "author": "MikeyBuonarroti", "discussion_type": null, "num_comments": 3, "send_replies": true, "media": null, "contest_mode": false, "author_patreon_flair": false, "author_flair_text_color": "light", "permalink": "/r/AskHistorians/comments/fss7b6/ait_stronzo_for_proposing_to_the_pope_joke_specs/", "whitelist_status": "all_ads", "stickied": false, "url": "https://www.reddit.com/r/AskHistorians/comments/fss7b6/ait_stronzo_for_proposing_to_the_pope_joke_specs/", "subreddit_subscribers": 1162703, "created_utc": 1585713588.0, "num_crossposts": 0, "mod_reports": [], "is_video": false}}], "after": null, "before": null}}, {"kind": "Listing", "data": {"modhash": "", "dist": null, "children": [{"kind": "t1", "data": {"total_awards_received": 0, "approved_at_utc": null, "ups": 1, "awarders": [], "mod_reason_by": null, "banned_by": null, "author_flair_type": "richtext", "removal_reason": null, "link_id": "t3_fss7b6", "author_flair_template_id": "9e641f94-c626-11e2-8e2c-12313b0b21ae", "likes": null, "replies": "", "user_reports": [], "saved": false, "id": "fm35r6v", "banned_at_utc": null, "mod_reason_title": null, "gilded": 0, "archived": false, "no_follow": true, "author": "AutoModerator", "can_mod_post": false, "send_replies": false, "parent_id": "t3_fss7b6", "score": 1, "author_fullname": "t2_6l4z3", "report_reasons": null, "approved_by": null, "all_awardings": [], "subreddit_id": "t5_2ssp3", "body": "Welcome to /r/AskHistorians. **Please [Read Our Rules](https://www.reddit.com/r/AskHistorians/wiki/rules) before you comment in this community**. Understand that rule breaking comments get removed.\n\nWe thank you for your interest in this *question*, and your patience in waiting for an in-depth and comprehensive answer to be written, which takes time. Please consider **[Clicking Here for RemindMeBot](https://www.reddit.com/message/compose/?to=RemindMeBot&amp;subject=Reminder&amp;message=%5Bhttps://www.reddit.com/r/AskHistorians/comments/fss7b6/ait_stronzo_for_proposing_to_the_pope_joke_specs/%5D%0A%0ARemindMe!%202%20days)**, [using our Browser Extension](https://www.reddit.com/r/AskHistorians/comments/d6dzi7/tired_of_clicking_to_find_only_removed_comments/), or getting the [Weekly Roundup](https://www.reddit.com/message/compose?to=subredditsummarybot&amp;subject=askhistorians+weekly&amp;message=x). In the meantime our [Twitter](https://twitter.com/askhistorians), [Facebook](https://www.facebook.com/askhistorians/), and [Sunday Digest](https://www.reddit.com/r/AskHistorians/search?q=title%3A%22Sunday+Digest%22&amp;restrict_sr=on&amp;sort=new&amp;t=all) feature excellent content that has already been written!\n\n\n*I am a bot, and this action was performed automatically. Please [contact the moderators of this subreddit](/message/compose/?to=/r/AskHistorians) if you have any questions or concerns.*", "edited": false, "downs": 0, "author_flair_css_class": null, "is_submitter": false, "collapsed": false, "author_flair_richtext": [{"e": "text", "t": "History of Robotics"}], "author_patreon_flair": false, "body_html": "&lt;div class=\"md\"&gt;&lt;p&gt;Welcome to &lt;a href=\"/r/AskHistorians\"&gt;/r/AskHistorians&lt;/a&gt;. &lt;strong&gt;Please &lt;a href=\"https://www.reddit.com/r/AskHistorians/wiki/rules\"&gt;Read Our Rules&lt;/a&gt; before you comment in this community&lt;/strong&gt;. Understand that rule breaking comments get removed.&lt;/p&gt;\n\n&lt;p&gt;We thank you for your interest in this &lt;em&gt;question&lt;/em&gt;, and your patience in waiting for an in-depth and comprehensive answer to be written, which takes time. Please consider &lt;strong&gt;&lt;a href=\"https://www.reddit.com/message/compose/?to=RemindMeBot&amp;amp;subject=Reminder&amp;amp;message=%5Bhttps://www.reddit.com/r/AskHistorians/comments/fss7b6/ait_stronzo_for_proposing_to_the_pope_joke_specs/%5D%0A%0ARemindMe!%202%20days\"&gt;Clicking Here for RemindMeBot&lt;/a&gt;&lt;/strong&gt;, &lt;a href=\"https://www.reddit.com/r/AskHistorians/comments/d6dzi7/tired_of_clicking_to_find_only_removed_comments/\"&gt;using our Browser Extension&lt;/a&gt;, or getting the &lt;a href=\"https://www.reddit.com/message/compose?to=subredditsummarybot&amp;amp;subject=askhistorians+weekly&amp;amp;message=x\"&gt;Weekly Roundup&lt;/a&gt;. In the meantime our &lt;a href=\"https://twitter.com/askhistorians\"&gt;Twitter&lt;/a&gt;, &lt;a href=\"https://www.facebook.com/askhistorians/\"&gt;Facebook&lt;/a&gt;, and &lt;a href=\"https://www.reddit.com/r/AskHistorians/search?q=title%3A%22Sunday+Digest%22&amp;amp;restrict_sr=on&amp;amp;sort=new&amp;amp;t=all\"&gt;Sunday Digest&lt;/a&gt; feature excellent content that has already been written!&lt;/p&gt;\n\n&lt;p&gt;&lt;em&gt;I am a bot, and this action was performed automatically. Please &lt;a href=\"/message/compose/?to=/r/AskHistorians\"&gt;contact the moderators of this subreddit&lt;/a&gt; if you have any questions or concerns.&lt;/em&gt;&lt;/p&gt;\n&lt;/div&gt;", "gildings": {}, "collapsed_reason": null, "associated_award": null, "stickied": true, "author_premium": true, "subreddit_type": "public", "can_gild": true, "subreddit": "AskHistorians", "author_flair_text_color": "light", "score_hidden": true, "permalink": "/r/AskHistorians/comments/fss7b6/ait_stronzo_for_proposing_to_the_pope_joke_specs/fm35r6v/", "num_reports": null, "locked": true, "name": "t1_fm35r6v", "created": 1585742388.0, "author_flair_text": "History of Robotics", "treatment_tags": [], "created_utc": 1585713588.0, "subreddit_name_prefixed": "r/AskHistorians", "controversiality": 0, "depth": 0, "author_flair_background_color": "#993366", "collapsed_because_crowd_control": null, "mod_reports": [], "mod_note": null, "distinguished": "moderator"}}, {"kind": "t1", "data": {"total_awards_received": 0, "approved_at_utc": null, "ups": 8, "awarders": [], "mod_reason_by": null, "banned_by": null, "author_flair_type": "text", "removal_reason": null, "link_id": "t3_fss7b6", "author_flair_template_id": null, "likes": null, "replies": "", "user_reports": [], "saved": false, "id": "fm3fuvu", "banned_at_utc": null, "mod_reason_title": null, "gilded": 0, "archived": false, "no_follow": false, "author": "Red_Chopsticks", "can_mod_post": false, "send_replies": true, "parent_id": "t3_fss7b6", "score": 8, "author_fullname": "t2_mn51en8", "report_reasons": null, "approved_by": null, "all_awardings": [], "subreddit_id": "t5_2ssp3", "body": "NTA: madlad.", "edited": false, "downs": 0, "author_flair_css_class": null, "is_submitter": false, "collapsed": false, "author_flair_richtext": [], "author_patreon_flair": false, "body_html": "&lt;div class=\"md\"&gt;&lt;p&gt;NTA: madlad.&lt;/p&gt;\n&lt;/div&gt;", "gildings": {}, "collapsed_reason": null, "associated_award": null, "stickied": false, "author_premium": false, "subreddit_type": "public", "can_gild": true, "subreddit": "AskHistorians", "author_flair_text_color": null, "score_hidden": false, "permalink": "/r/AskHistorians/comments/fss7b6/ait_stronzo_for_proposing_to_the_pope_joke_specs/fm3fuvu/", "num_reports": null, "locked": false, "name": "t1_fm3fuvu", "created": 1585750913.0, "author_flair_text": null, "treatment_tags": [], "created_utc": 1585722113.0, "subreddit_name_prefixed": "r/AskHistorians", "controversiality": 0, "depth": 0, "author_flair_background_color": null, "collapsed_because_crowd_control": null, "mod_reports": [], "mod_note": null, "distinguished": null}}, {"kind": "t1", "data": {"total_awards_received": 0, "approved_at_utc": null, "ups": 4, "awarders": [], "mod_reason_by": null, "banned_by": null, "author_flair_type": "richtext", "removal_reason": null, "link_id": "t3_fss7b6", "author_flair_template_id": "9bd4ab04-f40a-11e9-bde4-0e2d2407b2a0", "likes": null, "replies": "", "user_reports": [], "saved": false, "id": "fm4tksi", "banned_at_utc": null, "mod_reason_title": null, "gilded": 0, "archived": false, "no_follow": true, "author": "CapitanValdes", "can_mod_post": false, "send_replies": true, "parent_id": "t3_fss7b6", "score": 4, "author_fullname": "t2_63bgvdzr", "report_reasons": null, "approved_by": null, "all_awardings": [], "subreddit_id": "t5_2ssp3", "body": "NTA: absolute legend", "edited": false, "downs": 0, "author_flair_css_class": null, "is_submitter": false, "collapsed": false, "author_flair_richtext": [{"e": "text", "t": "Which side of the Ocean am I on?"}], "author_patreon_flair": false, "body_html": "&lt;div class=\"md\"&gt;&lt;p&gt;NTA: absolute legend&lt;/p&gt;\n&lt;/div&gt;", "gildings": {}, "collapsed_reason": null, "associated_award": null, "stickied": false, "author_premium": false, "subreddit_type": "public", "can_gild": true, "subreddit": "AskHistorians", "author_flair_text_color": "light", "score_hidden": false, "permalink": "/r/AskHistorians/comments/fss7b6/ait_stronzo_for_proposing_to_the_pope_joke_specs/fm4tksi/", "num_reports": null, "locked": false, "name": "t1_fm4tksi", "created": 1585789355.0, "author_flair_text": "Which side of the Ocean am I on?", "treatment_tags": [], "created_utc": 1585760555.0, "subreddit_name_prefixed": "r/AskHistorians", "controversiality": 0, "depth": 0, "author_flair_background_color": "#b182b2", "collapsed_because_crowd_control": null, "mod_reports": [], "mod_note": null, "distinguished": null}}], "after": null, "before": null}}]