[{"kind": "Listing", "data": {"modhash": "", "dist": 1, "children": [{"kind": "t3", "data": {"approved_at_utc": null, "subreddit": "AskHistorians", "selftext": "I was wondering what can a rich Roman do to get a thrill from a substance after he/she gets over wine, and at possibly if they didn't have such substance abuse, doesn't that mean that of the major addictions they really only had booze to deal with?", "user_reports": [], "saved": false, "mod_reason_title": null, "gilded": 0, "clicked": false, "title": "What was the Roman equivalent of \"coke\", did they had any substance abuse except wine?", "link_flair_richtext": [], "subreddit_name_prefixed": "r/AskHistorians", "hidden": false, "pwls": 6, "link_flair_css_class": null, "downs": 0, "parent_whitelist_status": "all_ads", "hide_score": false, "name": "t3_ft0zqu", "quarantine": false, "link_flair_text_color": "dark", "upvote_ratio": 0.96, "author_flair_background_color": null, "subreddit_type": "public", "ups": 63, "total_awards_received": 0, "media_embed": {}, "author_flair_template_id": null, "is_original_content": false, "author_fullname": "t2_1k4j1hu0", "secure_media": null, "is_reddit_media_domain": false, "is_meta": false, "category": null, "secure_media_embed": {}, "link_flair_text": null, "can_mod_post": false, "num_duplicates": 1, "approved_by": null, "author_premium": false, "thumbnail": "", "edited": false, "author_flair_css_class": null, "author_flair_richtext": [], "gildings": {}, "content_categories": null, "is_self": true, "mod_note": null, "created": 1585780811.0, "link_flair_type": "text", "wls": 6, "removed_by_category": null, "banned_by": null, "author_flair_type": "text", "domain": "self.AskHistorians", "allow_live_comments": true, "selftext_html": "&lt;!-- SC_OFF --&gt;&lt;div class=\"md\"&gt;&lt;p&gt;I was wondering what can a rich Roman do to get a thrill from a substance after he/she gets over wine, and at possibly if they didn&amp;#39;t have such substance abuse, doesn&amp;#39;t that mean that of the major addictions they really only had booze to deal with?&lt;/p&gt;\n&lt;/div&gt;&lt;!-- SC_ON --&gt;", "likes": null, "suggested_sort": null, "banned_at_utc": null, "view_count": null, "archived": false, "score": 63, "no_follow": false, "is_crosspostable": false, "pinned": false, "over_18": false, "all_awardings": [], "awarders": [], "media_only": false, "can_gild": false, "spoiler": false, "locked": false, "author_flair_text": null, "treatment_tags": [], "visited": false, "removed_by": null, "num_reports": null, "distinguished": null, "subreddit_id": "t5_2ssp3", "mod_reason_by": null, "removal_reason": null, "link_flair_background_color": "", "id": "ft0zqu", "is_robot_indexable": true, "report_reasons": null, "author": "MeSmeshFruit", "discussion_type": null, "num_comments": 5, "send_replies": true, "media": null, "contest_mode": false, "author_patreon_flair": false, "author_flair_text_color": null, "permalink": "/r/AskHistorians/comments/ft0zqu/what_was_the_roman_equivalent_of_coke_did_they/", "whitelist_status": "all_ads", "stickied": false, "url": "https://www.reddit.com/r/AskHistorians/comments/ft0zqu/what_was_the_roman_equivalent_of_coke_did_they/", "subreddit_subscribers": 1162703, "created_utc": 1585752011.0, "num_crossposts": 0, "mod_reports": [], "is_video": false}}], "after": null, "before": null}}, {"kind": "Listing", "data": {"modhash": "", "dist": null, "children": [{"kind": "t1", "data": {"total_awards_received": 0, "approved_at_utc": null, "ups": 1, "awarders": [], "mod_reason_by": null, "banned_by": null, "author_flair_type": "richtext", "removal_reason": null, "link_id": "t3_ft0zqu", "author_flair_template_id": "9e641f94-c626-11e2-8e2c-12313b0b21ae", "likes": null, "replies": "", "user_reports": [], "saved": false, "id": "fm4dkgd", "banned_at_utc": null, "mod_reason_title": null, "gilded": 0, "archived": false, "no_follow": true, "author": "AutoModerator", "can_mod_post": false, "send_replies": false, "parent_id": "t3_ft0zqu", "score": 1, "author_fullname": "t2_6l4z3", "report_reasons": null, "approved_by": null, "all_awardings": [], "subreddit_id": "t5_2ssp3", "body": "Welcome to /r/AskHistorians. **Please [Read Our Rules](https://www.reddit.com/r/AskHistorians/wiki/rules) before you comment in this community**. Understand that rule breaking comments get removed.\n\nWe thank you for your interest in this *question*, and your patience in waiting for an in-depth and comprehensive answer to be written, which takes time. Please consider **[Clicking Here for RemindMeBot](https://www.reddit.com/message/compose/?to=RemindMeBot&amp;subject=Reminder&amp;message=%5Bhttps://www.reddit.com/r/AskHistorians/comments/ft0zqu/what_was_the_roman_equivalent_of_coke_did_they/%5D%0A%0ARemindMe!%202%20days)**, [using our Browser Extension](https://www.reddit.com/r/AskHistorians/comments/d6dzi7/tired_of_clicking_to_find_only_removed_comments/), or getting the [Weekly Roundup](https://www.reddit.com/message/compose?to=subredditsummarybot&amp;subject=askhistorians+weekly&amp;message=x). In the meantime our [Twitter](https://twitter.com/askhistorians), [Facebook](https://www.facebook.com/askhistorians/), and [Sunday Digest](https://www.reddit.com/r/AskHistorians/search?q=title%3A%22Sunday+Digest%22&amp;restrict_sr=on&amp;sort=new&amp;t=all) feature excellent content that has already been written!\n\n\n*I am a bot, and this action was performed automatically. Please [contact the moderators of this subreddit](/message/compose/?to=/r/AskHistorians) if you have any questions or concerns.*", "edited": false, "downs": 0, "author_flair_css_class": null, "is_submitter": false, "collapsed": false, "author_flair_richtext": [{"e": "text", "t": "History of Robotics"}], "author_patreon_flair": false, "body_html": "&lt;div class=\"md\"&gt;&lt;p&gt;Welcome to &lt;a href=\"/r/AskHistorians\"&gt;/r/AskHistorians&lt;/a&gt;. &lt;strong&gt;Please &lt;a href=\"https://www.reddit.com/r/AskHistorians/wiki/rules\"&gt;Read Our Rules&lt;/a&gt; before you comment in this community&lt;/strong&gt;. Understand that rule breaking comments get removed.&lt;/p&gt;\n\n&lt;p&gt;We thank you for your interest in this &lt;em&gt;question&lt;/em&gt;, and your patience in waiting for an in-depth and comprehensive answer to be written, which takes time. Please consider &lt;strong&gt;&lt;a href=\"https://www.reddit.com/message/compose/?to=RemindMeBot&amp;amp;subject=Reminder&amp;amp;message=%5Bhttps://www.reddit.com/r/AskHistorians/comments/ft0zqu/what_was_the_roman_equivalent_of_coke_did_they/%5D%0A%0ARemindMe!%202%20days\"&gt;Clicking Here for RemindMeBot&lt;/a&gt;&lt;/strong&gt;, &lt;a href=\"https://www.reddit.com/r/AskHistorians/comments/d6dzi7/tired_of_clicking_to_find_only_removed_comments/\"&gt;using our Browser Extension&lt;/a&gt;, or getting the &lt;a href=\"https://www.reddit.com/message/compose?to=subredditsummarybot&amp;amp;subject=askhistorians+weekly&amp;amp;message=x\"&gt;Weekly Roundup&lt;/a&gt;. In the meantime our &lt;a href=\"https://twitter.com/askhistorians\"&gt;Twitter&lt;/a&gt;, &lt;a href=\"https://www.facebook.com/askhistorians/\"&gt;Facebook&lt;/a&gt;, and &lt;a href=\"https://www.reddit.com/r/AskHistorians/search?q=title%3A%22Sunday+Digest%22&amp;amp;restrict_sr=on&amp;amp;sort=new&amp;amp;t=all\"&gt;Sunday Digest&lt;/a&gt; feature excellent content that has already been written!&lt;/p&gt;\n\n&lt;p&gt;&lt;em&gt;I am a bot, and this action was performed automatically. Please &lt;a href=\"/message/compose/?to=/r/AskHistorians\"&gt;contact the moderators of this subreddit&lt;/a&gt; if you have any questions or concerns.&lt;/em&gt;&lt;/p&gt;\n&lt;/div&gt;", "gildings": {}, "collapsed_reason": null, "associated_award": null, "stickied": true, "author_premium": true, "subreddit_type": "public", "can_gild": true, "subreddit": "AskHistorians", "author_flair_text_color": "light", "score_hidden": true, "permalink": "/r/AskHistorians/comments/ft0zqu/what_was_the_roman_equivalent_of_coke_did_they/fm4dkgd/", "num_reports": null, "locked": true, "name": "t1_fm4dkgd", "created": 1585780811.0, "author_flair_text": "History of Robotics", "treatment_tags": [], "created_utc": 1585752011.0, "subreddit_name_prefixed": "r/AskHistorians", "controversiality": 0, "depth": 0, "author_flair_background_color": "#993366", "collapsed_because_crowd_control": null, "mod_reports": [], "mod_note": null, "distinguished": "moderator"}}, {"kind": "t1", "data": {"total_awards_received": 0, "approved_at_utc": null, "ups": 6, "awarders": [], "mod_reason_by": null, "banned_by": null, "author_flair_type": "text", "removal_reason": null, "link_id": "t3_ft0zqu", "author_flair_template_id": null, "likes": null, "replies": {"kind": "Listing", "data": {"modhash": "", "dist": null, "children": [{"kind": "t1", "data": {"total_awards_received": 0, "approved_at_utc": null, "ups": 2, "awarders": [], "mod_reason_by": null, "banned_by": null, "author_flair_type": "text", "removal_reason": null, "link_id": "t3_ft0zqu", "author_flair_template_id": null, "likes": null, "replies": {"kind": "Listing", "data": {"modhash": "", "dist": null, "children": [{"kind": "t1", "data": {"total_awards_received": 0, "approved_at_utc": null, "ups": 2, "awarders": [], "mod_reason_by": null, "banned_by": null, "author_flair_type": "text", "removal_reason": null, "link_id": "t3_ft0zqu", "author_flair_template_id": null, "likes": null, "replies": {"kind": "Listing", "data": {"modhash": "", "dist": null, "children": [{"kind": "t1", "data": {"total_awards_received": 0, "approved_at_utc": null, "ups": 2, "awarders": [], "mod_reason_by": null, "banned_by": null, "author_flair_type": "text", "removal_reason": null, "link_id": "t3_ft0zqu", "author_flair_template_id": null, "likes": null, "replies": "", "user_reports": [], "saved": false, "id": "fmfxxk1", "banned_at_utc": null, "mod_reason_title": null, "gilded": 0, "archived": false, "no_follow": true, "author": "MeSmeshFruit", "can_mod_post": false, "send_replies": true, "parent_id": "t1_fmfw8wz", "score": 2, "author_fullname": "t2_1k4j1hu0", "report_reasons": null, "approved_by": null, "all_awardings": [], "subreddit_id": "t5_2ssp3", "body": "Oh sure I agree with that.", "edited": false, "downs": 0, "author_flair_css_class": null, "is_submitter": true, "collapsed": false, "author_flair_richtext": [], "author_patreon_flair": false, "body_html": "&lt;div class=\"md\"&gt;&lt;p&gt;Oh sure I agree with that.&lt;/p&gt;\n&lt;/div&gt;", "gildings": {}, "collapsed_reason": null, "associated_award": null, "stickied": false, "author_premium": false, "subreddit_type": "public", "can_gild": true, "subreddit": "AskHistorians", "author_flair_text_color": null, "score_hidden": false, "permalink": "/r/AskHistorians/comments/ft0zqu/what_was_the_roman_equivalent_of_coke_did_they/fmfxxk1/", "num_reports": null, "locked": false, "name": "t1_fmfxxk1", "created": 1586065966.0, "author_flair_text": null, "treatment_tags": [], "created_utc": 1586037166.0, "subreddit_name_prefixed": "r/AskHistorians", "controversiality": 0, "depth": 3, "author_flair_background_color": null, "collapsed_because_crowd_control": null, "mod_reports": [], "mod_note": null, "distinguished": null}}], "after": null, "before": null}}, "user_reports": [], "saved": false, "id": "fmfw8wz", "banned_at_utc": null, "mod_reason_title": null, "gilded": 0, "archived": false, "no_follow": true, "author": "AnnobalTapapiusRufus", "can_mod_post": false, "created_utc": 1586036156.0, "send_replies": true, "parent_id": "t1_fmf1sga", "score": 2, "author_fullname": "t2_p6an1", "report_reasons": null, "approved_by": null, "all_awardings": [], "subreddit_id": "t5_2ssp3", "body": "I was trying to say that just because no one wrote about something that we can point to and call it addiction doesn't mean that addiction to substances like opium wasn't present among the Romans.", "edited": false, "author_flair_css_class": null, "is_submitter": false, "downs": 0, "author_flair_richtext": [], "author_patreon_flair": false, "body_html": "&lt;div class=\"md\"&gt;&lt;p&gt;I was trying to say that just because no one wrote about something that we can point to and call it addiction doesn&amp;#39;t mean that addiction to substances like opium wasn&amp;#39;t present among the Romans.&lt;/p&gt;\n&lt;/div&gt;", "gildings": {}, "collapsed_reason": null, "associated_award": null, "stickied": false, "author_premium": false, "subreddit_type": "public", "can_gild": true, "subreddit": "AskHistorians", "author_flair_text_color": null, "score_hidden": false, "permalink": "/r/AskHistorians/comments/ft0zqu/what_was_the_roman_equivalent_of_coke_did_they/fmfw8wz/", "num_reports": null, "locked": false, "name": "t1_fmfw8wz", "created": 1586064956.0, "author_flair_text": null, "treatment_tags": [], "collapsed": false, "subreddit_name_prefixed": "r/AskHistorians", "controversiality": 0, "depth": 2, "author_flair_background_color": null, "collapsed_because_crowd_control": null, "mod_reports": [], "mod_note": null, "distinguished": null}}], "after": null, "before": null}}, "user_reports": [], "saved": false, "id": "fmf1sga", "banned_at_utc": null, "mod_reason_title": null, "gilded": 0, "archived": false, "no_follow": true, "author": "MeSmeshFruit", "can_mod_post": false, "send_replies": true, "parent_id": "t1_fmcnso2", "score": 2, "author_fullname": "t2_1k4j1hu0", "report_reasons": null, "approved_by": null, "all_awardings": [], "subreddit_id": "t5_2ssp3", "collapsed": false, "body": "Thanks for the answer, but your ending statement confuses me or did not understood it, I mean I do not think you have to be an expert in medicine to recognize that someone is addicted to a substance, I feel like even a child can figure that out.", "edited": false, "author_flair_css_class": null, "is_submitter": true, "downs": 0, "author_flair_richtext": [], "author_patreon_flair": false, "body_html": "&lt;div class=\"md\"&gt;&lt;p&gt;Thanks for the answer, but your ending statement confuses me or did not understood it, I mean I do not think you have to be an expert in medicine to recognize that someone is addicted to a substance, I feel like even a child can figure that out.&lt;/p&gt;\n&lt;/div&gt;", "gildings": {}, "collapsed_reason": null, "associated_award": null, "stickied": false, "author_premium": false, "subreddit_type": "public", "can_gild": true, "subreddit": "AskHistorians", "author_flair_text_color": null, "score_hidden": false, "permalink": "/r/AskHistorians/comments/ft0zqu/what_was_the_roman_equivalent_of_coke_did_they/fmf1sga/", "num_reports": null, "locked": false, "name": "t1_fmf1sga", "created": 1586047015.0, "author_flair_text": null, "treatment_tags": [], "created_utc": 1586018215.0, "subreddit_name_prefixed": "r/AskHistorians", "controversiality": 0, "depth": 1, "author_flair_background_color": null, "collapsed_because_crowd_control": null, "mod_reports": [], "mod_note": null, "distinguished": null}}], "after": null, "before": null}}, "user_reports": [], "saved": false, "id": "fmcnso2", "banned_at_utc": null, "mod_reason_title": null, "gilded": 0, "archived": false, "no_follow": false, "author": "AnnobalTapapiusRufus", "can_mod_post": false, "send_replies": true, "parent_id": "t3_ft0zqu", "score": 6, "author_fullname": "t2_p6an1", "report_reasons": null, "approved_by": null, "all_awardings": [], "subreddit_id": "t5_2ssp3", "body": "While the Romans\u2014and the Greeks and Egyptians before them\u2014knew of and used the milk of the poppy for medicinal purposes, we don't have any clear evidence for addiction to opium, the most likely candidate for abuse due to its prevalence in society.\n\nOpium seems to have been a rather common ingredient in medical concoctions due to its soporific and pain reducing abilities. [Pliny](http://www.perseus.tufts.edu/hopper/text?doc=Perseus%3Atext%3A1999.02.0137%3Abook%3D20%3Achapter%3D76) talks about some of these uses and even mentions that it can cause death when taken in sufficient quantities. He relates a certain Publius Licinius Caecina, a senator who reached the position of praetor, had committed suicide by taking too much opium because  \"an incurable malady \\[had\\] rendered existence quite intolerable to him.\" He goes on to say that many others do something similar. While this doesn't point to addiction, it does indicate that that Romans were aware of the dangers of taking too much opium.\n\nNow, there is an instance that is is occasionally noted as a case of addiction. Marcus Aurelius, it is suggested, needed opium to sleep. There is a point in Galen's works where he talks about Marcus Aurelius using opium as part of *theriac*, a multiple ingredient prophylactic against poisons. Galen seems to say that Marcus Aurelius couldn't sleep after opium was removed from the mixture. But Scarborough argues that if one does a close reading, one can see that Galen was working in concert with Marcus Aurelius to modify the opium content, either up or down, as the emperor required. This is not the upward trend that would suggest addition. This, one of the few places were addiction might be suggested, therefore doesn't actually indicate addition.\n\nOne of the reasons why we lack clear evidence of addiction is that ancient medical writers, let alone authors in general, might not have know about the possibility of addiction nor known that it could be caused by substances like opium. The symptoms of addiction might have been considered a separate disease and not a result of the medicine that people were taking \\[n.b. this is my own speculation\\].\n\nNow, as many hear know all too well, absence of evidence is not evidence of absence, but from the surviving texts that we have, it does not seem like there were any recorded cases of addiction.\n\n\\---------\n\nSources:\n\nNencini, Paolo. \"The Rules of Drug Taking: Wine and Poppy Derivatives in the Ancient World. VIII. Lack of Evidence of Opium Addiction.\" *Substance Use &amp; Misuse* 32.11 (1997): 1581-1586.\n\nScarborough, J. \"The Opium Poppy in Hellenistic and Roman Medicine.\" In R. Porter and M. Teich (eds.), *Drugs and Narcotics in History*. Cambridge University Press (1995): 4\u201323.\n\nVeiga, Paula. \"Opium: was it used as a recreational drug in ancient Egypt?\", in: \"Cultural and Linguistic Transition explored. Proceedings of the ATrA closing workshop Trieste, May 25-26, 2016\", Ilaria Micheli (ed.), Trieste, EUT Edizioni Universit\u00e0 di Trieste, 2017, pp. 199-215", "edited": false, "downs": 0, "author_flair_css_class": null, "is_submitter": false, "collapsed": false, "author_flair_richtext": [], "author_patreon_flair": false, "body_html": "&lt;div class=\"md\"&gt;&lt;p&gt;While the Romans\u2014and the Greeks and Egyptians before them\u2014knew of and used the milk of the poppy for medicinal purposes, we don&amp;#39;t have any clear evidence for addiction to opium, the most likely candidate for abuse due to its prevalence in society.&lt;/p&gt;\n\n&lt;p&gt;Opium seems to have been a rather common ingredient in medical concoctions due to its soporific and pain reducing abilities. &lt;a href=\"http://www.perseus.tufts.edu/hopper/text?doc=Perseus%3Atext%3A1999.02.0137%3Abook%3D20%3Achapter%3D76\"&gt;Pliny&lt;/a&gt; talks about some of these uses and even mentions that it can cause death when taken in sufficient quantities. He relates a certain Publius Licinius Caecina, a senator who reached the position of praetor, had committed suicide by taking too much opium because  &amp;quot;an incurable malady [had] rendered existence quite intolerable to him.&amp;quot; He goes on to say that many others do something similar. While this doesn&amp;#39;t point to addiction, it does indicate that that Romans were aware of the dangers of taking too much opium.&lt;/p&gt;\n\n&lt;p&gt;Now, there is an instance that is is occasionally noted as a case of addiction. Marcus Aurelius, it is suggested, needed opium to sleep. There is a point in Galen&amp;#39;s works where he talks about Marcus Aurelius using opium as part of &lt;em&gt;theriac&lt;/em&gt;, a multiple ingredient prophylactic against poisons. Galen seems to say that Marcus Aurelius couldn&amp;#39;t sleep after opium was removed from the mixture. But Scarborough argues that if one does a close reading, one can see that Galen was working in concert with Marcus Aurelius to modify the opium content, either up or down, as the emperor required. This is not the upward trend that would suggest addition. This, one of the few places were addiction might be suggested, therefore doesn&amp;#39;t actually indicate addition.&lt;/p&gt;\n\n&lt;p&gt;One of the reasons why we lack clear evidence of addiction is that ancient medical writers, let alone authors in general, might not have know about the possibility of addiction nor known that it could be caused by substances like opium. The symptoms of addiction might have been considered a separate disease and not a result of the medicine that people were taking [n.b. this is my own speculation].&lt;/p&gt;\n\n&lt;p&gt;Now, as many hear know all too well, absence of evidence is not evidence of absence, but from the surviving texts that we have, it does not seem like there were any recorded cases of addiction.&lt;/p&gt;\n\n&lt;p&gt;---------&lt;/p&gt;\n\n&lt;p&gt;Sources:&lt;/p&gt;\n\n&lt;p&gt;Nencini, Paolo. &amp;quot;The Rules of Drug Taking: Wine and Poppy Derivatives in the Ancient World. VIII. Lack of Evidence of Opium Addiction.&amp;quot; &lt;em&gt;Substance Use &amp;amp; Misuse&lt;/em&gt; 32.11 (1997): 1581-1586.&lt;/p&gt;\n\n&lt;p&gt;Scarborough, J. &amp;quot;The Opium Poppy in Hellenistic and Roman Medicine.&amp;quot; In R. Porter and M. Teich (eds.), &lt;em&gt;Drugs and Narcotics in History&lt;/em&gt;. Cambridge University Press (1995): 4\u201323.&lt;/p&gt;\n\n&lt;p&gt;Veiga, Paula. &amp;quot;Opium: was it used as a recreational drug in ancient Egypt?&amp;quot;, in: &amp;quot;Cultural and Linguistic Transition explored. Proceedings of the ATrA closing workshop Trieste, May 25-26, 2016&amp;quot;, Ilaria Micheli (ed.), Trieste, EUT Edizioni Universit\u00e0 di Trieste, 2017, pp. 199-215&lt;/p&gt;\n&lt;/div&gt;", "gildings": {}, "collapsed_reason": null, "associated_award": null, "stickied": false, "author_premium": false, "subreddit_type": "public", "can_gild": true, "subreddit": "AskHistorians", "author_flair_text_color": null, "score_hidden": false, "permalink": "/r/AskHistorians/comments/ft0zqu/what_was_the_roman_equivalent_of_coke_did_they/fmcnso2/", "num_reports": null, "locked": false, "name": "t1_fmcnso2", "created": 1585978055.0, "author_flair_text": null, "treatment_tags": [], "created_utc": 1585949255.0, "subreddit_name_prefixed": "r/AskHistorians", "controversiality": 0, "depth": 0, "author_flair_background_color": null, "collapsed_because_crowd_control": null, "mod_reports": [], "mod_note": null, "distinguished": null}}], "after": null, "before": null}}]