[{"kind": "Listing", "data": {"modhash": "", "dist": 1, "children": [{"kind": "t3", "data": {"approved_at_utc": null, "subreddit": "AskHistorians", "selftext": "Hello.  \nYes, thank you.  \nMy fellow Redditors\u2026  \n\nIt\u2019s been a rough couple of decades. I mean, *three* assassination attempts?! Totally, totally unfair! Very, very, completely unfair, loser assassination attempts!\n\nSo anyways, I\u2019ve been unifying my country in a tremendous fashion \u2013 just like my Dad, and his Dad, and his Dad before that\u2026 only I\u2019m doing it WAY bigger an better than any of them. You can\u2019t even believe just how incredibly big my unification is, folks! Believe me. See, I got this good idea that everyone should follow the same set of super-strict laws, and we\u2019d reward the good and, well, as for the bad\u2026 kill them and everyone they\u2019d ever known. It\u2019s a tremendous, tremendous set of laws that I call: \u201cLegalism.\u201d You ever heard of that? \u201cLegalism.\u201d Not many people have heard of it. No one\u2019s done it like this, people, believe me.\n\nAnd it totally worked! Huge success! My state went from being broken, failed state with no ammunition, to biggest army and the most wins of all the states! It\u2019s incredible. Who could believe it? No one! But I believed it, and here we are \u2013 huge winning! The other loser states even tried to get in together against me, but my army was so strong we beat them all at the same time \u2013 it\u2019s historic, incredible!\n\nWell, here I am \u2013 job done! I\u2019m not the King anymore \u2013 now I\u2019m the Divine Thearch! The Emperor, and will be for a long, ***Long*** time to come!\n\nAnd I\u2019m just as committed now to unifying everything about my new empire as I\u2019ve ever been. The weights, the measures, the money, the writing, the spoken language \u2013 we\u2019ve gotta make everyone understand each other! How else can one run a country??\n\nAnd everyone should be saying \u201cOh, thank you, Emperor! Thank you!\u201d But are they? No! And am I upset?? Maybe \u2013 a little. Not really\u2026 but a little. You know what I\u2019m saying.\n\nSo, here\u2019s my problem. There are some real HATERS and LOSERS who have just been *whining* this entire time about how what I\u2019m doing is *\u201cbad\u201d* and how my punishments are *\u201cway too strong\u201d* and *\u201cdon\u2019t at all fit the scope of the crime committed.\u201d* They apparently one of the Hundred Schools of Thought of the past era, founded by some *loser* name \u201cKong.\u201d Who\u2019s ever heard of this guy? I\u2019ve never heard of him? \u201cKong Zi?\u201d \u201cConfucius?\u201d What kind of weirdo, loser name is that? Not a winner name like Qin Shi Huang, that\u2019s for sure!\n\nBut all these Haters and Doubters, spurned on by the completely an totally Fake Historical Annals, are saying that I\u2019m somehow - *somehow* - wrong for burying my enemies alive \u2013 like the Confucians, like the Yin-Yangers, like the Mohists\u2026 all those loser schools who won\u2019t y\u2019know, **just be cool!** Just get with the program! They wanna play rough? Well I\u2019ll play rough, ya get me?\n\nBut that\u2019s not all, folks! That\u2019s not all! Because apparently not it\u2019s \u201cnot PC\u201d to destroy by fire all of the books that I don\u2019t like! And I say: Who even needs books?! I hardly ever read books \u2013 books are for nerds! Put 'em in the fire! Except for the ones that make me look good... or the ones I can color in. Those ones are... pretty great.\n\nAnyways, not even really sure why I posted here. I\u2019m obviously right, and correct, and the Fake, Fake, Very Fake Biased News Annals and sore, castrated losers like Sima Qian have absolutely no idea what real journalism is. It\u2019s all a Hit Job, folks. I absolutely am NTA. I don't take any responsibility at all.\n\nNow, if you\u2019ll, excuse me, my alchemists tell me my new regimen of fulminating mercury is ready to drink\u2026\n\nThank you.  \nHeaven bless you.  \nand Heaven bless the Qin Empire  \nMay I reign for 10,000 years.  \nMake China Great Again!  \nKeep Qin Great!", "user_reports": [], "saved": false, "mod_reason_title": null, "gilded": 0, "clicked": false, "title": "I (M 39) want to Make China Great Again! AITA?", "link_flair_richtext": [{"e": "text", "t": "April Fools"}], "subreddit_name_prefixed": "r/AskHistorians", "hidden": false, "pwls": 6, "link_flair_css_class": "fools", "downs": 0, "parent_whitelist_status": "all_ads", "hide_score": false, "name": "t3_ft1la3", "quarantine": false, "link_flair_text_color": "light", "upvote_ratio": 0.87, "author_flair_background_color": "#b182b2", "subreddit_type": "public", "ups": 58, "total_awards_received": 0, "media_embed": {}, "author_flair_template_id": "9bd4ab04-f40a-11e9-bde4-0e2d2407b2a0", "is_original_content": false, "author_fullname": "t2_4jbsysv", "secure_media": null, "is_reddit_media_domain": false, "is_meta": false, "category": null, "secure_media_embed": {}, "link_flair_text": "April Fools", "can_mod_post": false, "num_duplicates": 0, "approved_by": null, "author_premium": false, "thumbnail": "", "edited": 1585755130.0, "author_flair_css_class": null, "author_flair_richtext": [{"e": "text", "t": "Tremendously Huge Divine Thearch, Very Big Deal"}], "gildings": {}, "content_categories": null, "is_self": true, "mod_note": null, "created": 1585782802.0, "link_flair_type": "richtext", "wls": 6, "removed_by_category": null, "banned_by": null, "author_flair_type": "richtext", "domain": "self.AskHistorians", "allow_live_comments": false, "selftext_html": "&lt;!-- SC_OFF --&gt;&lt;div class=\"md\"&gt;&lt;p&gt;Hello.&lt;br/&gt;\nYes, thank you.&lt;br/&gt;\nMy fellow Redditors\u2026  &lt;/p&gt;\n\n&lt;p&gt;It\u2019s been a rough couple of decades. I mean, &lt;em&gt;three&lt;/em&gt; assassination attempts?! Totally, totally unfair! Very, very, completely unfair, loser assassination attempts!&lt;/p&gt;\n\n&lt;p&gt;So anyways, I\u2019ve been unifying my country in a tremendous fashion \u2013 just like my Dad, and his Dad, and his Dad before that\u2026 only I\u2019m doing it WAY bigger an better than any of them. You can\u2019t even believe just how incredibly big my unification is, folks! Believe me. See, I got this good idea that everyone should follow the same set of super-strict laws, and we\u2019d reward the good and, well, as for the bad\u2026 kill them and everyone they\u2019d ever known. It\u2019s a tremendous, tremendous set of laws that I call: \u201cLegalism.\u201d You ever heard of that? \u201cLegalism.\u201d Not many people have heard of it. No one\u2019s done it like this, people, believe me.&lt;/p&gt;\n\n&lt;p&gt;And it totally worked! Huge success! My state went from being broken, failed state with no ammunition, to biggest army and the most wins of all the states! It\u2019s incredible. Who could believe it? No one! But I believed it, and here we are \u2013 huge winning! The other loser states even tried to get in together against me, but my army was so strong we beat them all at the same time \u2013 it\u2019s historic, incredible!&lt;/p&gt;\n\n&lt;p&gt;Well, here I am \u2013 job done! I\u2019m not the King anymore \u2013 now I\u2019m the Divine Thearch! The Emperor, and will be for a long, &lt;strong&gt;&lt;em&gt;Long&lt;/em&gt;&lt;/strong&gt; time to come!&lt;/p&gt;\n\n&lt;p&gt;And I\u2019m just as committed now to unifying everything about my new empire as I\u2019ve ever been. The weights, the measures, the money, the writing, the spoken language \u2013 we\u2019ve gotta make everyone understand each other! How else can one run a country??&lt;/p&gt;\n\n&lt;p&gt;And everyone should be saying \u201cOh, thank you, Emperor! Thank you!\u201d But are they? No! And am I upset?? Maybe \u2013 a little. Not really\u2026 but a little. You know what I\u2019m saying.&lt;/p&gt;\n\n&lt;p&gt;So, here\u2019s my problem. There are some real HATERS and LOSERS who have just been &lt;em&gt;whining&lt;/em&gt; this entire time about how what I\u2019m doing is &lt;em&gt;\u201cbad\u201d&lt;/em&gt; and how my punishments are &lt;em&gt;\u201cway too strong\u201d&lt;/em&gt; and &lt;em&gt;\u201cdon\u2019t at all fit the scope of the crime committed.\u201d&lt;/em&gt; They apparently one of the Hundred Schools of Thought of the past era, founded by some &lt;em&gt;loser&lt;/em&gt; name \u201cKong.\u201d Who\u2019s ever heard of this guy? I\u2019ve never heard of him? \u201cKong Zi?\u201d \u201cConfucius?\u201d What kind of weirdo, loser name is that? Not a winner name like Qin Shi Huang, that\u2019s for sure!&lt;/p&gt;\n\n&lt;p&gt;But all these Haters and Doubters, spurned on by the completely an totally Fake Historical Annals, are saying that I\u2019m somehow - &lt;em&gt;somehow&lt;/em&gt; - wrong for burying my enemies alive \u2013 like the Confucians, like the Yin-Yangers, like the Mohists\u2026 all those loser schools who won\u2019t y\u2019know, &lt;strong&gt;just be cool!&lt;/strong&gt; Just get with the program! They wanna play rough? Well I\u2019ll play rough, ya get me?&lt;/p&gt;\n\n&lt;p&gt;But that\u2019s not all, folks! That\u2019s not all! Because apparently not it\u2019s \u201cnot PC\u201d to destroy by fire all of the books that I don\u2019t like! And I say: Who even needs books?! I hardly ever read books \u2013 books are for nerds! Put &amp;#39;em in the fire! Except for the ones that make me look good... or the ones I can color in. Those ones are... pretty great.&lt;/p&gt;\n\n&lt;p&gt;Anyways, not even really sure why I posted here. I\u2019m obviously right, and correct, and the Fake, Fake, Very Fake Biased News Annals and sore, castrated losers like Sima Qian have absolutely no idea what real journalism is. It\u2019s all a Hit Job, folks. I absolutely am NTA. I don&amp;#39;t take any responsibility at all.&lt;/p&gt;\n\n&lt;p&gt;Now, if you\u2019ll, excuse me, my alchemists tell me my new regimen of fulminating mercury is ready to drink\u2026&lt;/p&gt;\n\n&lt;p&gt;Thank you.&lt;br/&gt;\nHeaven bless you.&lt;br/&gt;\nand Heaven bless the Qin Empire&lt;br/&gt;\nMay I reign for 10,000 years.&lt;br/&gt;\nMake China Great Again!&lt;br/&gt;\nKeep Qin Great!&lt;/p&gt;\n&lt;/div&gt;&lt;!-- SC_ON --&gt;", "likes": null, "suggested_sort": null, "banned_at_utc": null, "view_count": null, "archived": false, "score": 58, "no_follow": false, "is_crosspostable": false, "pinned": false, "over_18": false, "all_awardings": [], "awarders": [], "media_only": false, "link_flair_template_id": "4beee8a2-ba68-11e3-b09a-12313d21b86e", "can_gild": false, "spoiler": false, "locked": false, "author_flair_text": "Tremendously Huge Divine Thearch, Very Big Deal", "treatment_tags": [], "visited": false, "removed_by": null, "num_reports": null, "distinguished": null, "subreddit_id": "t5_2ssp3", "mod_reason_by": null, "removal_reason": null, "link_flair_background_color": "#b182b2", "id": "ft1la3", "is_robot_indexable": true, "report_reasons": null, "author": "KingYingZheng", "discussion_type": null, "num_comments": 8, "send_replies": true, "media": null, "contest_mode": false, "author_patreon_flair": false, "author_flair_text_color": "light", "permalink": "/r/AskHistorians/comments/ft1la3/i_m_39_want_to_make_china_great_again_aita/", "whitelist_status": "all_ads", "stickied": false, "url": "https://www.reddit.com/r/AskHistorians/comments/ft1la3/i_m_39_want_to_make_china_great_again_aita/", "subreddit_subscribers": 1162703, "created_utc": 1585754002.0, "num_crossposts": 0, "mod_reports": [], "is_video": false}}], "after": null, "before": null}}, {"kind": "Listing", "data": {"modhash": "", "dist": null, "children": [{"kind": "t1", "data": {"total_awards_received": 0, "approved_at_utc": null, "ups": 1, "awarders": [], "mod_reason_by": null, "banned_by": null, "author_flair_type": "richtext", "removal_reason": null, "link_id": "t3_ft1la3", "author_flair_template_id": "9e641f94-c626-11e2-8e2c-12313b0b21ae", "likes": null, "replies": "", "user_reports": [], "saved": false, "id": "fm4h2qz", "banned_at_utc": null, "mod_reason_title": null, "gilded": 0, "archived": false, "no_follow": true, "author": "AutoModerator", "can_mod_post": false, "send_replies": false, "parent_id": "t3_ft1la3", "score": 1, "author_fullname": "t2_6l4z3", "report_reasons": null, "approved_by": null, "all_awardings": [], "subreddit_id": "t5_2ssp3", "body": "Welcome to /r/HistoricalAITA. Please feel free to leave your thoughts and judgements on the situation presented to you by the author, but ensure that you remain courteous and partipate in good faith.\n\nIf you are commenting, please be sure to start or end your comment with the Abbreviation for your judgement based on the following: \n\n* **YTA** = You're the Asshole; \n* **NTA** = Not the A-hole; \n* **ESH** = Everyone Sucks here; \n* **NAH** = No A-holes here; \n* **INFO** = Not Enough Info\n\n\n*I am a bot, and this action was performed automatically. Please [contact the moderators of this subreddit](/message/compose/?to=/r/AskHistorians) if you have any questions or concerns.*", "edited": false, "downs": 0, "author_flair_css_class": null, "is_submitter": false, "collapsed": false, "author_flair_richtext": [{"e": "text", "t": "History of Robotics"}], "author_patreon_flair": false, "body_html": "&lt;div class=\"md\"&gt;&lt;p&gt;Welcome to &lt;a href=\"/r/HistoricalAITA\"&gt;/r/HistoricalAITA&lt;/a&gt;. Please feel free to leave your thoughts and judgements on the situation presented to you by the author, but ensure that you remain courteous and partipate in good faith.&lt;/p&gt;\n\n&lt;p&gt;If you are commenting, please be sure to start or end your comment with the Abbreviation for your judgement based on the following: &lt;/p&gt;\n\n&lt;ul&gt;\n&lt;li&gt;&lt;strong&gt;YTA&lt;/strong&gt; = You&amp;#39;re the Asshole; &lt;/li&gt;\n&lt;li&gt;&lt;strong&gt;NTA&lt;/strong&gt; = Not the A-hole; &lt;/li&gt;\n&lt;li&gt;&lt;strong&gt;ESH&lt;/strong&gt; = Everyone Sucks here; &lt;/li&gt;\n&lt;li&gt;&lt;strong&gt;NAH&lt;/strong&gt; = No A-holes here; &lt;/li&gt;\n&lt;li&gt;&lt;strong&gt;INFO&lt;/strong&gt; = Not Enough Info&lt;/li&gt;\n&lt;/ul&gt;\n\n&lt;p&gt;&lt;em&gt;I am a bot, and this action was performed automatically. Please &lt;a href=\"/message/compose/?to=/r/AskHistorians\"&gt;contact the moderators of this subreddit&lt;/a&gt; if you have any questions or concerns.&lt;/em&gt;&lt;/p&gt;\n&lt;/div&gt;", "gildings": {}, "collapsed_reason": null, "associated_award": null, "stickied": true, "author_premium": true, "subreddit_type": "public", "can_gild": true, "subreddit": "AskHistorians", "author_flair_text_color": "light", "score_hidden": true, "permalink": "/r/AskHistorians/comments/ft1la3/i_m_39_want_to_make_china_great_again_aita/fm4h2qz/", "num_reports": null, "locked": true, "name": "t1_fm4h2qz", "created": 1585782802.0, "author_flair_text": "History of Robotics", "treatment_tags": [], "created_utc": 1585754002.0, "subreddit_name_prefixed": "r/AskHistorians", "controversiality": 0, "depth": 0, "author_flair_background_color": "#993366", "collapsed_because_crowd_control": null, "mod_reports": [], "mod_note": null, "distinguished": "moderator"}}, {"kind": "t1", "data": {"total_awards_received": 0, "approved_at_utc": null, "ups": 20, "awarders": [], "mod_reason_by": null, "banned_by": null, "author_flair_type": "text", "removal_reason": null, "link_id": "t3_ft1la3", "author_flair_template_id": null, "likes": null, "replies": "", "user_reports": [], "saved": false, "id": "fm55yxt", "banned_at_utc": null, "mod_reason_title": null, "gilded": 0, "archived": false, "no_follow": false, "author": "jingke_cike", "can_mod_post": false, "send_replies": true, "parent_id": "t3_ft1la3", "score": 20, "author_fullname": "t2_63gc0c0j", "report_reasons": null, "approved_by": null, "all_awardings": [], "subreddit_id": "t5_2ssp3", "body": "YTA You dodged my attempts at stabbing you by dancing around a pillar", "edited": false, "downs": 0, "author_flair_css_class": null, "is_submitter": false, "collapsed": false, "author_flair_richtext": [], "author_patreon_flair": false, "body_html": "&lt;div class=\"md\"&gt;&lt;p&gt;YTA You dodged my attempts at stabbing you by dancing around a pillar&lt;/p&gt;\n&lt;/div&gt;", "gildings": {}, "collapsed_reason": null, "associated_award": null, "stickied": false, "author_premium": false, "subreddit_type": "public", "can_gild": true, "subreddit": "AskHistorians", "author_flair_text_color": null, "score_hidden": false, "permalink": "/r/AskHistorians/comments/ft1la3/i_m_39_want_to_make_china_great_again_aita/fm55yxt/", "num_reports": null, "locked": false, "name": "t1_fm55yxt", "created": 1585795744.0, "author_flair_text": null, "treatment_tags": [], "created_utc": 1585766944.0, "subreddit_name_prefixed": "r/AskHistorians", "controversiality": 0, "depth": 0, "author_flair_background_color": null, "collapsed_because_crowd_control": null, "mod_reports": [], "mod_note": null, "distinguished": null}}, {"kind": "t1", "data": {"total_awards_received": 0, "approved_at_utc": null, "ups": 13, "awarders": [], "mod_reason_by": null, "banned_by": null, "author_flair_type": "text", "removal_reason": null, "link_id": "t3_ft1la3", "author_flair_template_id": null, "likes": null, "replies": "", "user_reports": [], "saved": false, "id": "fm5crwr", "banned_at_utc": null, "mod_reason_title": null, "gilded": 0, "archived": false, "no_follow": false, "author": "knarf188", "can_mod_post": false, "send_replies": true, "parent_id": "t3_ft1la3", "score": 13, "author_fullname": "t2_156qo6", "report_reasons": null, "approved_by": null, "all_awardings": [], "subreddit_id": "t5_2ssp3", "body": "NTA. It is obviously your god-given right to be emperor, and I suggest you start taking Mercury supplements to engage your immortality.", "edited": false, "downs": 0, "author_flair_css_class": null, "is_submitter": false, "collapsed": false, "author_flair_richtext": [], "author_patreon_flair": false, "body_html": "&lt;div class=\"md\"&gt;&lt;p&gt;NTA. It is obviously your god-given right to be emperor, and I suggest you start taking Mercury supplements to engage your immortality.&lt;/p&gt;\n&lt;/div&gt;", "gildings": {}, "collapsed_reason": null, "associated_award": null, "stickied": false, "author_premium": false, "subreddit_type": "public", "can_gild": true, "subreddit": "AskHistorians", "author_flair_text_color": null, "score_hidden": false, "permalink": "/r/AskHistorians/comments/ft1la3/i_m_39_want_to_make_china_great_again_aita/fm5crwr/", "num_reports": null, "locked": false, "name": "t1_fm5crwr", "created": 1585799313.0, "author_flair_text": null, "treatment_tags": [], "created_utc": 1585770513.0, "subreddit_name_prefixed": "r/AskHistorians", "controversiality": 0, "depth": 0, "author_flair_background_color": null, "collapsed_because_crowd_control": null, "mod_reports": [], "mod_note": null, "distinguished": null}}, {"kind": "t1", "data": {"total_awards_received": 0, "approved_at_utc": null, "ups": 3, "awarders": [], "mod_reason_by": null, "banned_by": null, "author_flair_type": "richtext", "removal_reason": null, "link_id": "t3_ft1la3", "author_flair_template_id": "98d8fdba-c626-11e2-bd52-12313b06caaf", "likes": null, "replies": "", "user_reports": [], "saved": false, "id": "fm5byop", "banned_at_utc": null, "mod_reason_title": null, "gilded": 0, "archived": false, "no_follow": true, "author": "TheHondoGod", "can_mod_post": false, "send_replies": true, "parent_id": "t3_ft1la3", "score": 3, "author_fullname": "t2_mm45p", "report_reasons": null, "approved_by": null, "all_awardings": [], "subreddit_id": "t5_2ssp3", "body": "NTA! You go for it buddy! Sounds like you've got everything worked out and your doing it for the greater good!", "edited": false, "downs": 0, "author_flair_css_class": null, "is_submitter": false, "collapsed": false, "author_flair_richtext": [{"e": "text", "t": "Interesting Inquirer"}], "author_patreon_flair": false, "body_html": "&lt;div class=\"md\"&gt;&lt;p&gt;NTA! You go for it buddy! Sounds like you&amp;#39;ve got everything worked out and your doing it for the greater good!&lt;/p&gt;\n&lt;/div&gt;", "gildings": {}, "collapsed_reason": null, "associated_award": null, "stickied": false, "author_premium": false, "subreddit_type": "public", "can_gild": true, "subreddit": "AskHistorians", "author_flair_text_color": "light", "score_hidden": false, "permalink": "/r/AskHistorians/comments/ft1la3/i_m_39_want_to_make_china_great_again_aita/fm5byop/", "num_reports": null, "locked": false, "name": "t1_fm5byop", "created": 1585798893.0, "author_flair_text": "Interesting Inquirer", "treatment_tags": [], "created_utc": 1585770093.0, "subreddit_name_prefixed": "r/AskHistorians", "controversiality": 0, "depth": 0, "author_flair_background_color": "#b87317", "collapsed_because_crowd_control": null, "mod_reports": [], "mod_note": null, "distinguished": null}}, {"kind": "t1", "data": {"total_awards_received": 0, "approved_at_utc": null, "ups": 5, "awarders": [], "mod_reason_by": null, "banned_by": null, "author_flair_type": "text", "removal_reason": null, "link_id": "t3_ft1la3", "author_flair_template_id": null, "likes": null, "replies": "", "user_reports": [], "saved": false, "id": "fm4t9xy", "banned_at_utc": null, "mod_reason_title": null, "gilded": 0, "archived": false, "no_follow": false, "author": "Schreckberger", "can_mod_post": false, "send_replies": true, "parent_id": "t3_ft1la3", "score": 5, "author_fullname": "t2_3e8d8qs5", "report_reasons": null, "approved_by": null, "all_awardings": [], "subreddit_id": "t5_2ssp3", "body": "Man, YTA here. \n\nSure, you rule, but show some compassion, won't you? You're talking about your people here, your subjects. Just go out, leave your glittering pagoda, and interact with the common folk. Without burning and/or burying them, that is. \n\nI feel like you need a new perspective, since obviously you've been surrounded by terrified servants and yes-men. So reach across the aisle and try to see the other side. Maybe have yourself buried for a few days, see how that is.\n\n&amp;#x200B;\n\nAnd read a book, for Heaven's sake", "edited": false, "downs": 0, "author_flair_css_class": null, "is_submitter": false, "collapsed": false, "author_flair_richtext": [], "author_patreon_flair": false, "body_html": "&lt;div class=\"md\"&gt;&lt;p&gt;Man, YTA here. &lt;/p&gt;\n\n&lt;p&gt;Sure, you rule, but show some compassion, won&amp;#39;t you? You&amp;#39;re talking about your people here, your subjects. Just go out, leave your glittering pagoda, and interact with the common folk. Without burning and/or burying them, that is. &lt;/p&gt;\n\n&lt;p&gt;I feel like you need a new perspective, since obviously you&amp;#39;ve been surrounded by terrified servants and yes-men. So reach across the aisle and try to see the other side. Maybe have yourself buried for a few days, see how that is.&lt;/p&gt;\n\n&lt;p&gt;&amp;#x200B;&lt;/p&gt;\n\n&lt;p&gt;And read a book, for Heaven&amp;#39;s sake&lt;/p&gt;\n&lt;/div&gt;", "gildings": {}, "collapsed_reason": null, "associated_award": null, "stickied": false, "author_premium": false, "subreddit_type": "public", "can_gild": true, "subreddit": "AskHistorians", "author_flair_text_color": null, "score_hidden": false, "permalink": "/r/AskHistorians/comments/ft1la3/i_m_39_want_to_make_china_great_again_aita/fm4t9xy/", "num_reports": null, "locked": false, "name": "t1_fm4t9xy", "created": 1585789196.0, "author_flair_text": null, "treatment_tags": [], "created_utc": 1585760396.0, "subreddit_name_prefixed": "r/AskHistorians", "controversiality": 0, "depth": 0, "author_flair_background_color": null, "collapsed_because_crowd_control": null, "mod_reports": [], "mod_note": null, "distinguished": null}}, {"kind": "t1", "data": {"total_awards_received": 0, "approved_at_utc": null, "ups": 2, "awarders": [], "mod_reason_by": null, "banned_by": null, "author_flair_type": "text", "removal_reason": null, "link_id": "t3_ft1la3", "author_flair_template_id": null, "likes": null, "replies": "", "user_reports": [], "saved": false, "id": "fm5toly", "banned_at_utc": null, "mod_reason_title": null, "gilded": 0, "archived": false, "no_follow": true, "author": "ChiangChungCheng", "can_mod_post": false, "send_replies": true, "parent_id": "t3_ft1la3", "score": 2, "author_fullname": "t2_63i26v63", "report_reasons": null, "approved_by": null, "all_awardings": [], "subreddit_id": "t5_2ssp3", "body": "NTA. I would have done the same in your position. How did you deal with all those pesky warlords?", "edited": false, "downs": 0, "author_flair_css_class": null, "is_submitter": false, "collapsed": false, "author_flair_richtext": [], "author_patreon_flair": false, "body_html": "&lt;div class=\"md\"&gt;&lt;p&gt;NTA. I would have done the same in your position. How did you deal with all those pesky warlords?&lt;/p&gt;\n&lt;/div&gt;", "gildings": {}, "collapsed_reason": null, "associated_award": null, "stickied": false, "author_premium": false, "subreddit_type": "public", "can_gild": true, "subreddit": "AskHistorians", "author_flair_text_color": null, "score_hidden": false, "permalink": "/r/AskHistorians/comments/ft1la3/i_m_39_want_to_make_china_great_again_aita/fm5toly/", "num_reports": null, "locked": false, "name": "t1_fm5toly", "created": 1585808547.0, "author_flair_text": null, "treatment_tags": [], "created_utc": 1585779747.0, "subreddit_name_prefixed": "r/AskHistorians", "controversiality": 0, "depth": 0, "author_flair_background_color": null, "collapsed_because_crowd_control": null, "mod_reports": [], "mod_note": null, "distinguished": null}}, {"kind": "t1", "data": {"total_awards_received": 0, "approved_at_utc": null, "ups": 2, "awarders": [], "mod_reason_by": null, "banned_by": null, "author_flair_type": "text", "removal_reason": null, "link_id": "t3_ft1la3", "author_flair_template_id": null, "likes": null, "replies": "", "user_reports": [], "saved": false, "id": "fm52504", "banned_at_utc": null, "mod_reason_title": null, "gilded": 0, "archived": false, "no_follow": true, "author": "banaza715", "can_mod_post": false, "send_replies": true, "parent_id": "t3_ft1la3", "score": 2, "author_fullname": "t2_q4rdnbp", "report_reasons": null, "approved_by": null, "all_awardings": [], "subreddit_id": "t5_2ssp3", "body": "Obviously NTA...you just want to make your country great, its not like those people you\u2019re killing matter, they shouldn\u2019t have spoken out against you! They\u2019re the ones that messed up, not you! And all those people crying and whining about \u201cHuman rights\u201d psh, cut me a break. You have to be strong, the strongest! To make China great again. Sounds like a great place to live, keep Making China Great Again!", "edited": false, "downs": 0, "author_flair_css_class": null, "is_submitter": false, "collapsed": false, "author_flair_richtext": [], "author_patreon_flair": false, "body_html": "&lt;div class=\"md\"&gt;&lt;p&gt;Obviously NTA...you just want to make your country great, its not like those people you\u2019re killing matter, they shouldn\u2019t have spoken out against you! They\u2019re the ones that messed up, not you! And all those people crying and whining about \u201cHuman rights\u201d psh, cut me a break. You have to be strong, the strongest! To make China great again. Sounds like a great place to live, keep Making China Great Again!&lt;/p&gt;\n&lt;/div&gt;", "gildings": {}, "collapsed_reason": null, "associated_award": null, "stickied": false, "author_premium": false, "subreddit_type": "public", "can_gild": true, "subreddit": "AskHistorians", "author_flair_text_color": null, "score_hidden": false, "permalink": "/r/AskHistorians/comments/ft1la3/i_m_39_want_to_make_china_great_again_aita/fm52504/", "num_reports": null, "locked": false, "name": "t1_fm52504", "created": 1585793733.0, "author_flair_text": null, "treatment_tags": [], "created_utc": 1585764933.0, "subreddit_name_prefixed": "r/AskHistorians", "controversiality": 0, "depth": 0, "author_flair_background_color": null, "collapsed_because_crowd_control": null, "mod_reports": [], "mod_note": null, "distinguished": null}}, {"kind": "t1", "data": {"total_awards_received": 0, "approved_at_utc": null, "ups": 1, "awarders": [], "mod_reason_by": null, "banned_by": null, "author_flair_type": "text", "removal_reason": null, "link_id": "t3_ft1la3", "author_flair_template_id": null, "likes": null, "replies": "", "user_reports": [], "saved": false, "id": "fm4kh2n", "banned_at_utc": null, "mod_reason_title": null, "gilded": 0, "archived": false, "no_follow": true, "author": "Draggador", "can_mod_post": false, "send_replies": true, "parent_id": "t3_ft1la3", "score": 1, "author_fullname": "t2_1248zb", "report_reasons": null, "approved_by": null, "all_awardings": [], "subreddit_id": "t5_2ssp3", "body": "I feel you man. It happens. I was totally going to say NAH..\n\nBUT! \n\nI can't forgive you for what you did to the books and what you said about the nerds! YSH!", "edited": false, "downs": 0, "author_flair_css_class": null, "is_submitter": false, "collapsed": false, "author_flair_richtext": [], "author_patreon_flair": false, "body_html": "&lt;div class=\"md\"&gt;&lt;p&gt;I feel you man. It happens. I was totally going to say NAH..&lt;/p&gt;\n\n&lt;p&gt;BUT! &lt;/p&gt;\n\n&lt;p&gt;I can&amp;#39;t forgive you for what you did to the books and what you said about the nerds! YSH!&lt;/p&gt;\n&lt;/div&gt;", "gildings": {}, "collapsed_reason": null, "associated_award": null, "stickied": false, "author_premium": false, "subreddit_type": "public", "can_gild": true, "subreddit": "AskHistorians", "author_flair_text_color": null, "score_hidden": false, "permalink": "/r/AskHistorians/comments/ft1la3/i_m_39_want_to_make_china_great_again_aita/fm4kh2n/", "num_reports": null, "locked": false, "name": "t1_fm4kh2n", "created": 1585784627.0, "author_flair_text": null, "treatment_tags": [], "created_utc": 1585755827.0, "subreddit_name_prefixed": "r/AskHistorians", "controversiality": 0, "depth": 0, "author_flair_background_color": null, "collapsed_because_crowd_control": null, "mod_reports": [], "mod_note": null, "distinguished": null}}], "after": null, "before": null}}]