[{"kind": "Listing", "data": {"modhash": "", "dist": 1, "children": [{"kind": "t3", "data": {"approved_at_utc": null, "subreddit": "AskHistorians", "selftext": "I've been trying to figure out why pharmacies became convenience stores where you can buy everything. I have a feeling it might have started with the whole \"soda water is medicine\" thing. But what interests me about this is that I think non-american countries do not use the same American all-purpose convenience store layout. Are convenience stores mixed with pharmacies is a uniquely American thing? If so, how did that happen? And *why* are they all-purpose convenience stores when they should just be selling medicine?         \n\nI'm having a heck of a time finding any info on this, but my guess is Prohibition. Since drug stores were doling out sodas, historically thought of as medicine, and getting all popular since you couldn't have alcohol (and again, I'm guessing here) they starting to sell candy and all sorts of other things along with drugs. Could this be the right track I am on?        \n\n", "user_reports": [], "saved": false, "mod_reason_title": null, "gilded": 0, "clicked": false, "title": "What transformed pharmacies in America into all-purpose convenience stores? I have a guess...", "link_flair_richtext": [], "subreddit_name_prefixed": "r/AskHistorians", "hidden": false, "pwls": 6, "link_flair_css_class": null, "downs": 0, "parent_whitelist_status": "all_ads", "hide_score": false, "name": "t3_aw7r50", "quarantine": false, "link_flair_text_color": "dark", "upvote_ratio": 0.82, "author_flair_background_color": null, "subreddit_type": "public", "ups": 7, "total_awards_received": 0, "media_embed": {}, "author_flair_template_id": null, "is_original_content": false, "author_fullname": "t2_2lrnkjs4", "secure_media": null, "is_reddit_media_domain": false, "is_meta": false, "category": null, "secure_media_embed": {}, "link_flair_text": null, "can_mod_post": false, "score": 7, "approved_by": null, "thumbnail": "", "edited": 1551464730.0, "author_flair_css_class": null, "author_flair_richtext": [], "gildings": {}, "content_categories": null, "is_self": true, "mod_note": null, "created": 1551492249.0, "link_flair_type": "text", "wls": 6, "banned_by": null, "author_flair_type": "text", "domain": "self.AskHistorians", "selftext_html": "&lt;!-- SC_OFF --&gt;&lt;div class=\"md\"&gt;&lt;p&gt;I&amp;#39;ve been trying to figure out why pharmacies became convenience stores where you can buy everything. I have a feeling it might have started with the whole &amp;quot;soda water is medicine&amp;quot; thing. But what interests me about this is that I think non-american countries do not use the same American all-purpose convenience store layout. Are convenience stores mixed with pharmacies is a uniquely American thing? If so, how did that happen? And &lt;em&gt;why&lt;/em&gt; are they all-purpose convenience stores when they should just be selling medicine?         &lt;/p&gt;\n\n&lt;p&gt;I&amp;#39;m having a heck of a time finding any info on this, but my guess is Prohibition. Since drug stores were doling out sodas, historically thought of as medicine, and getting all popular since you couldn&amp;#39;t have alcohol (and again, I&amp;#39;m guessing here) they starting to sell candy and all sorts of other things along with drugs. Could this be the right track I am on?        &lt;/p&gt;\n&lt;/div&gt;&lt;!-- SC_ON --&gt;", "likes": null, "suggested_sort": null, "banned_at_utc": null, "view_count": null, "archived": false, "no_follow": true, "is_crosspostable": false, "pinned": false, "over_18": false, "all_awardings": [], "media": null, "media_only": false, "can_gild": false, "spoiler": false, "locked": false, "author_flair_text": null, "visited": false, "num_reports": null, "distinguished": null, "subreddit_id": "t5_2ssp3", "mod_reason_by": null, "removal_reason": null, "link_flair_background_color": "", "id": "aw7r50", "is_robot_indexable": true, "report_reasons": null, "author": "Easy_Break", "num_crossposts": 0, "num_comments": 0, "send_replies": true, "contest_mode": false, "author_patreon_flair": false, "author_flair_text_color": null, "permalink": "/r/AskHistorians/comments/aw7r50/what_transformed_pharmacies_in_america_into/", "whitelist_status": "all_ads", "stickied": false, "url": "https://www.reddit.com/r/AskHistorians/comments/aw7r50/what_transformed_pharmacies_in_america_into/", "subreddit_subscribers": 958378, "created_utc": 1551463449.0, "mod_reports": [], "is_video": false}}], "after": null, "before": null}}, {"kind": "Listing", "data": {"modhash": "", "dist": null, "children": [], "after": null, "before": null}}]