[{"kind": "Listing", "data": {"modhash": "", "dist": 1, "children": [{"kind": "t3", "data": {"approved_at_utc": null, "subreddit": "AskHistorians", "selftext": "", "user_reports": [], "saved": false, "mod_reason_title": null, "gilded": 0, "clicked": false, "title": "Was there any sense of \"kinship\" or other recognition of a common Indo-European heritage as and between the classical Greeks and Achaemenid Persians?", "link_flair_richtext": [], "subreddit_name_prefixed": "r/AskHistorians", "hidden": false, "pwls": 6, "link_flair_css_class": null, "downs": 0, "parent_whitelist_status": "all_ads", "hide_score": false, "name": "t3_aw8uoo", "quarantine": false, "link_flair_text_color": "dark", "upvote_ratio": 0.5, "author_flair_background_color": null, "subreddit_type": "public", "ups": 0, "total_awards_received": 0, "media_embed": {}, "author_flair_template_id": null, "is_original_content": false, "author_fullname": "t2_gxf9j", "secure_media": null, "is_reddit_media_domain": false, "is_meta": false, "category": null, "secure_media_embed": {}, "link_flair_text": null, "can_mod_post": false, "score": 0, "approved_by": null, "thumbnail": "", "edited": false, "author_flair_css_class": null, "author_flair_richtext": [], "gildings": {}, "content_categories": null, "is_self": true, "mod_note": null, "created": 1551498224.0, "link_flair_type": "text", "wls": 6, "banned_by": null, "author_flair_type": "text", "domain": "self.AskHistorians", "selftext_html": null, "likes": null, "suggested_sort": null, "banned_at_utc": null, "view_count": null, "archived": false, "no_follow": true, "is_crosspostable": false, "pinned": false, "over_18": false, "all_awardings": [], "media": null, "media_only": false, "can_gild": false, "spoiler": false, "locked": false, "author_flair_text": null, "visited": false, "num_reports": null, "distinguished": null, "subreddit_id": "t5_2ssp3", "mod_reason_by": null, "removal_reason": null, "link_flair_background_color": "", "id": "aw8uoo", "is_robot_indexable": true, "report_reasons": null, "author": "joepyeweed", "num_crossposts": 0, "num_comments": 1, "send_replies": true, "contest_mode": false, "author_patreon_flair": false, "author_flair_text_color": null, "permalink": "/r/AskHistorians/comments/aw8uoo/was_there_any_sense_of_kinship_or_other/", "whitelist_status": "all_ads", "stickied": false, "url": "https://www.reddit.com/r/AskHistorians/comments/aw8uoo/was_there_any_sense_of_kinship_or_other/", "subreddit_subscribers": 958378, "created_utc": 1551469424.0, "mod_reports": [], "is_video": false}}], "after": null, "before": null}}, {"kind": "Listing", "data": {"modhash": "", "dist": null, "children": [{"kind": "t1", "data": {"total_awards_received": 0, "approved_at_utc": null, "ups": 1, "mod_reason_by": null, "banned_by": null, "author_flair_type": "text", "removal_reason": null, "link_id": "t3_aw8uoo", "author_flair_template_id": null, "likes": null, "no_follow": true, "replies": "", "user_reports": [], "saved": false, "id": "ehl0yzi", "banned_at_utc": null, "mod_reason_title": null, "gilded": 0, "archived": false, "report_reasons": null, "author": "lcnielsen", "can_mod_post": false, "send_replies": true, "parent_id": "t3_aw8uoo", "score": 1, "author_fullname": "t2_16k5wc", "approved_by": null, "all_awardings": [], "subreddit_id": "t5_2ssp3", "body": "Eh, not really.\n\n&amp;#x200B;\n\nThe phrase you will come across in Herodotos and others is \"The Persians worship the sky, which they refer to as Zeus\". \"Zeus\" in this case is presumably A\u00faramazda, probablyt conflated with Elamite sky deity Humban. Anahita, a water goddess whose cult apparently merged Persian and Babylonian beliefs, was variously referred to as \"Artemis\" and \"Aphrodite\". But as you'll recognize, this is bog-standard _Interpretatio Graecia_. It is perhaps a little more interesting to note that later Parthians and Sasanian Persians produced some Greek parallel inscriptions, which still do use _Zeus_ as an approximation of A\u00faramazda (or in Middle Persian, Ohrmazd).\n\n&amp;#x200B;\n\nAbout the one decent Greek-language take on Persian beliefs occurs in [Plutarch's Isis and Osiris, 46-47](http://penelope.uchicago.edu/Thayer/E/Roman/Texts/Plutarch/Moralia/Isis_and_Osiris*/C.html), which as you might recognize is... a little later than the era you'll asking about (viz., about half a milennium later). But it is also interpreting these beliefs through what seems to be a peculiarly late Hellenistic (Neoplatonist?) lens, not telling us a lot about earlier Greek understandings.\n\n&amp;#x200B;\n\nIf it lends any context, it is helpful to remember that Near Eastern mythos were also significantlly influenced by Indo-European beliefs, not least through the Hittites. Hence why we see e.g. the slaying of the serpent as a re-occuring motif in Canaanite and Mesopotamian religon.\n\n&amp;#x200B;\n\nYep, sorry to disappoint, would've been nice if it were the case. As a rule of thumb, in a mostly oral culture, 1000 years of separation is enough to forget just about any kinship or common origin,", "edited": false, "author_flair_css_class": "religion", "is_submitter": false, "downs": 0, "author_flair_richtext": [], "author_patreon_flair": false, "collapsed_reason": null, "body_html": "&lt;div class=\"md\"&gt;&lt;p&gt;Eh, not really.&lt;/p&gt;\n\n&lt;p&gt;&amp;#x200B;&lt;/p&gt;\n\n&lt;p&gt;The phrase you will come across in Herodotos and others is &amp;quot;The Persians worship the sky, which they refer to as Zeus&amp;quot;. &amp;quot;Zeus&amp;quot; in this case is presumably A\u00faramazda, probablyt conflated with Elamite sky deity Humban. Anahita, a water goddess whose cult apparently merged Persian and Babylonian beliefs, was variously referred to as &amp;quot;Artemis&amp;quot; and &amp;quot;Aphrodite&amp;quot;. But as you&amp;#39;ll recognize, this is bog-standard &lt;em&gt;Interpretatio Graecia&lt;/em&gt;. It is perhaps a little more interesting to note that later Parthians and Sasanian Persians produced some Greek parallel inscriptions, which still do use &lt;em&gt;Zeus&lt;/em&gt; as an approximation of A\u00faramazda (or in Middle Persian, Ohrmazd).&lt;/p&gt;\n\n&lt;p&gt;&amp;#x200B;&lt;/p&gt;\n\n&lt;p&gt;About the one decent Greek-language take on Persian beliefs occurs in &lt;a href=\"http://penelope.uchicago.edu/Thayer/E/Roman/Texts/Plutarch/Moralia/Isis_and_Osiris*/C.html\"&gt;Plutarch&amp;#39;s Isis and Osiris, 46-47&lt;/a&gt;, which as you might recognize is... a little later than the era you&amp;#39;ll asking about (viz., about half a milennium later). But it is also interpreting these beliefs through what seems to be a peculiarly late Hellenistic (Neoplatonist?) lens, not telling us a lot about earlier Greek understandings.&lt;/p&gt;\n\n&lt;p&gt;&amp;#x200B;&lt;/p&gt;\n\n&lt;p&gt;If it lends any context, it is helpful to remember that Near Eastern mythos were also significantlly influenced by Indo-European beliefs, not least through the Hittites. Hence why we see e.g. the slaying of the serpent as a re-occuring motif in Canaanite and Mesopotamian religon.&lt;/p&gt;\n\n&lt;p&gt;&amp;#x200B;&lt;/p&gt;\n\n&lt;p&gt;Yep, sorry to disappoint, would&amp;#39;ve been nice if it were the case. As a rule of thumb, in a mostly oral culture, 1000 years of separation is enough to forget just about any kinship or common origin,&lt;/p&gt;\n&lt;/div&gt;", "stickied": false, "subreddit_type": "public", "can_gild": true, "gildings": {}, "author_flair_text_color": "dark", "score_hidden": false, "permalink": "/r/AskHistorians/comments/aw8uoo/was_there_any_sense_of_kinship_or_other/ehl0yzi/", "num_reports": null, "locked": false, "name": "t1_ehl0yzi", "created": 1551504952.0, "subreddit": "AskHistorians", "author_flair_text": "Zoroastrianism | Pre-Islamic Iran", "collapsed": false, "created_utc": 1551476152.0, "subreddit_name_prefixed": "r/AskHistorians", "controversiality": 0, "depth": 0, "author_flair_background_color": "", "mod_reports": [], "mod_note": null, "distinguished": null}}], "after": null, "before": null}}]