[{"kind": "Listing", "data": {"modhash": "", "dist": 1, "children": [{"kind": "t3", "data": {"approved_at_utc": null, "subreddit": "AskHistorians", "selftext": "[removed]", "user_reports": [], "saved": false, "mod_reason_title": null, "gilded": 0, "clicked": false, "title": "Would the secret service ever allow a President who is in office to a pallbearer for a funeral or would this be too much of a liability?", "link_flair_richtext": [], "subreddit_name_prefixed": "r/AskHistorians", "hidden": false, "pwls": 6, "link_flair_css_class": null, "downs": 0, "parent_whitelist_status": "all_ads", "hide_score": false, "name": "t3_aw9n7e", "quarantine": false, "link_flair_text_color": "dark", "upvote_ratio": 0.57, "author_flair_background_color": null, "subreddit_type": "public", "ups": 1, "total_awards_received": 0, "media_embed": {}, "author_flair_template_id": null, "is_original_content": false, "author_fullname": "t2_hhoeu", "secure_media": null, "is_reddit_media_domain": false, "is_meta": false, "category": null, "secure_media_embed": {}, "link_flair_text": null, "can_mod_post": false, "score": 1, "approved_by": null, "thumbnail": "", "edited": false, "author_flair_css_class": null, "author_flair_richtext": [], "gildings": {}, "content_categories": null, "is_self": true, "mod_note": null, "created": 1551502717.0, "link_flair_type": "text", "wls": 6, "banned_by": null, "author_flair_type": "text", "domain": "self.AskHistorians", "selftext_html": "&lt;!-- SC_OFF --&gt;&lt;div class=\"md\"&gt;&lt;p&gt;[removed]&lt;/p&gt;\n&lt;/div&gt;&lt;!-- SC_ON --&gt;", "likes": null, "suggested_sort": null, "banned_at_utc": null, "view_count": null, "archived": false, "no_follow": true, "is_crosspostable": false, "pinned": false, "over_18": false, "all_awardings": [], "media": null, "media_only": false, "can_gild": false, "spoiler": false, "locked": false, "author_flair_text": null, "visited": false, "num_reports": null, "distinguished": null, "subreddit_id": "t5_2ssp3", "mod_reason_by": null, "removal_reason": null, "link_flair_background_color": "", "id": "aw9n7e", "is_robot_indexable": false, "report_reasons": null, "author": "TSLBestOfMe", "num_crossposts": 0, "num_comments": 1, "send_replies": true, "contest_mode": false, "author_patreon_flair": false, "author_flair_text_color": null, "permalink": "/r/AskHistorians/comments/aw9n7e/would_the_secret_service_ever_allow_a_president/", "whitelist_status": "all_ads", "stickied": false, "url": "https://www.reddit.com/r/AskHistorians/comments/aw9n7e/would_the_secret_service_ever_allow_a_president/", "subreddit_subscribers": 958378, "created_utc": 1551473917.0, "mod_reports": [], "is_video": false}}], "after": null, "before": null}}, {"kind": "Listing", "data": {"modhash": "", "dist": null, "children": [{"kind": "t1", "data": {"total_awards_received": 0, "approved_at_utc": null, "ups": 1, "mod_reason_by": null, "banned_by": null, "author_flair_type": "text", "removal_reason": null, "link_id": "t3_aw9n7e", "author_flair_template_id": null, "likes": null, "no_follow": true, "replies": "", "user_reports": [], "saved": false, "id": "ehld32f", "banned_at_utc": null, "mod_reason_title": null, "gilded": 0, "archived": false, "report_reasons": null, "author": "AncientHistory", "can_mod_post": false, "send_replies": true, "parent_id": "t3_aw9n7e", "score": 1, "author_fullname": "t2_cxryn", "approved_by": null, "all_awardings": [], "subreddit_id": "t5_2ssp3", "body": "Sorry, but your submission has been removed because we [don't allow hypothetical questions](http://www.reddit.com/r/AskHistorians/wiki/rules#wiki_is_this_the_right_place_for_your_question.3F). If possible, please feel free to rephrase the question so that it does not call for such speculation, and resubmit. Otherwise, this sort of thing is better suited for /r/HistoryWhatIf. You can find a more in-depth discussion of this rule [here](https://www.reddit.com/r/AskHistorians/comments/4mtauf/rules_roundtable_no_12_dont_play_the_whatif_game/).", "edited": false, "author_flair_css_class": "other", "is_submitter": false, "downs": 0, "author_flair_richtext": [], "author_patreon_flair": false, "collapsed_reason": null, "body_html": "&lt;div class=\"md\"&gt;&lt;p&gt;Sorry, but your submission has been removed because we &lt;a href=\"http://www.reddit.com/r/AskHistorians/wiki/rules#wiki_is_this_the_right_place_for_your_question.3F\"&gt;don&amp;#39;t allow hypothetical questions&lt;/a&gt;. If possible, please feel free to rephrase the question so that it does not call for such speculation, and resubmit. Otherwise, this sort of thing is better suited for &lt;a href=\"/r/HistoryWhatIf\"&gt;/r/HistoryWhatIf&lt;/a&gt;. You can find a more in-depth discussion of this rule &lt;a href=\"https://www.reddit.com/r/AskHistorians/comments/4mtauf/rules_roundtable_no_12_dont_play_the_whatif_game/\"&gt;here&lt;/a&gt;.&lt;/p&gt;\n&lt;/div&gt;", "stickied": false, "subreddit_type": "public", "can_gild": true, "gildings": {}, "author_flair_text_color": "dark", "score_hidden": false, "permalink": "/r/AskHistorians/comments/aw9n7e/would_the_secret_service_ever_allow_a_president/ehld32f/", "num_reports": null, "locked": false, "name": "t1_ehld32f", "created": 1551514009.0, "subreddit": "AskHistorians", "author_flair_text": "Moderator | Pulp Studies | H. P. Lovecraft", "collapsed": false, "created_utc": 1551485209.0, "subreddit_name_prefixed": "r/AskHistorians", "controversiality": 0, "depth": 0, "author_flair_background_color": "", "mod_reports": [], "mod_note": null, "distinguished": "moderator"}}], "after": null, "before": null}}]