[{"kind": "Listing", "data": {"modhash": "", "dist": 1, "children": [{"kind": "t3", "data": {"approved_at_utc": null, "subreddit": "AskHistorians", "selftext": "I have a deep love of military history (currently studying it at university!) and am also an avid writer, hoping to eventually write a large-scale fantasy series in a 18th-19th century world. One of the fictional nations I have is heavily inspired by the Ottoman Empire. I often turn to history for inspiration on what the nation would be like and specifically, I am wondering what the Ottoman army was like during this period. Training, tactics, uniforms, weapons, culture surrounding the military. I've looked into the Nizam-i Djedid Army but I am wondering if there is anything more. \nI look forward to reading responses and learning!", "user_reports": [], "saved": false, "mod_reason_title": null, "gilded": 0, "clicked": false, "title": "What was the Ottoman Army in the late 18th and early 19th century like and are there any good sources avaliable for research?", "link_flair_richtext": [], "subreddit_name_prefixed": "r/AskHistorians", "hidden": false, "pwls": 6, "link_flair_css_class": null, "downs": 0, "parent_whitelist_status": "all_ads", "hide_score": false, "name": "t3_5lohzn", "quarantine": false, "link_flair_text_color": "dark", "upvote_ratio": 0.68, "author_flair_background_color": null, "subreddit_type": "public", "ups": 3, "domain": "self.AskHistorians", "media_embed": {}, "author_flair_template_id": null, "is_original_content": false, "secure_media": null, "is_reddit_media_domain": false, "category": null, "secure_media_embed": {}, "link_flair_text": null, "can_mod_post": false, "score": 3, "approved_by": null, "thumbnail": "", "edited": false, "author_flair_css_class": null, "author_flair_richtext": [], "content_categories": null, "is_self": true, "mod_note": null, "created": 1483429681.0, "link_flair_type": "text", "wls": 6, "post_categories": null, "banned_by": null, "author_flair_type": "text", "contest_mode": false, "selftext_html": "&lt;!-- SC_OFF --&gt;&lt;div class=\"md\"&gt;&lt;p&gt;I have a deep love of military history (currently studying it at university!) and am also an avid writer, hoping to eventually write a large-scale fantasy series in a 18th-19th century world. One of the fictional nations I have is heavily inspired by the Ottoman Empire. I often turn to history for inspiration on what the nation would be like and specifically, I am wondering what the Ottoman army was like during this period. Training, tactics, uniforms, weapons, culture surrounding the military. I&amp;#39;ve looked into the Nizam-i Djedid Army but I am wondering if there is anything more. \nI look forward to reading responses and learning!&lt;/p&gt;\n&lt;/div&gt;&lt;!-- SC_ON --&gt;", "likes": null, "suggested_sort": null, "banned_at_utc": null, "view_count": null, "archived": true, "no_follow": true, "is_crosspostable": false, "pinned": false, "over_18": false, "media_only": false, "can_gild": false, "spoiler": false, "locked": false, "author_flair_text": null, "rte_mode": "markdown", "visited": false, "num_reports": null, "distinguished": null, "subreddit_id": "t5_2ssp3", "mod_reason_by": null, "removal_reason": null, "id": "5lohzn", "report_reasons": null, "author": "Jerdeth", "num_crossposts": 0, "num_comments": 0, "send_replies": true, "mod_reports": [], "author_flair_text_color": null, "permalink": "/r/AskHistorians/comments/5lohzn/what_was_the_ottoman_army_in_the_late_18th_and/", "whitelist_status": "all_ads", "stickied": false, "url": "https://www.reddit.com/r/AskHistorians/comments/5lohzn/what_was_the_ottoman_army_in_the_late_18th_and/", "subreddit_subscribers": 770757, "created_utc": 1483400881.0, "media": null, "is_video": false}}], "after": null, "before": null}}, {"kind": "Listing", "data": {"modhash": "", "dist": null, "children": [], "after": null, "before": null}}]