[{"kind": "Listing", "data": {"modhash": "", "dist": 1, "children": [{"kind": "t3", "data": {"approved_at_utc": null, "subreddit": "AskHistorians", "selftext": "", "user_reports": [], "saved": false, "mod_reason_title": null, "gilded": 0, "clicked": false, "title": "why were the first PC speakers so shitty?", "link_flair_richtext": [], "subreddit_name_prefixed": "r/AskHistorians", "hidden": false, "pwls": 6, "link_flair_css_class": null, "downs": 0, "parent_whitelist_status": "all_ads", "hide_score": false, "name": "t3_5lqo9r", "quarantine": false, "link_flair_text_color": "dark", "upvote_ratio": 0.2, "author_flair_background_color": null, "subreddit_type": "public", "ups": 0, "domain": "self.AskHistorians", "media_embed": {}, "author_flair_template_id": null, "is_original_content": false, "secure_media": null, "is_reddit_media_domain": false, "category": null, "secure_media_embed": {}, "link_flair_text": null, "can_mod_post": false, "score": 0, "approved_by": null, "thumbnail": "", "edited": false, "author_flair_css_class": null, "author_flair_richtext": [], "content_categories": null, "is_self": true, "mod_note": null, "created": 1483457433.0, "link_flair_type": "text", "wls": 6, "post_categories": null, "banned_by": null, "author_flair_type": "text", "contest_mode": false, "selftext_html": null, "likes": null, "suggested_sort": null, "banned_at_utc": null, "view_count": null, "archived": true, "no_follow": true, "is_crosspostable": false, "pinned": false, "over_18": false, "media_only": false, "can_gild": false, "spoiler": false, "locked": false, "author_flair_text": null, "rte_mode": "markdown", "visited": false, "num_reports": null, "distinguished": null, "subreddit_id": "t5_2ssp3", "mod_reason_by": null, "removal_reason": null, "id": "5lqo9r", "report_reasons": null, "author": "frederickvon", "num_crossposts": 0, "num_comments": 3, "send_replies": true, "mod_reports": [], "author_flair_text_color": null, "permalink": "/r/AskHistorians/comments/5lqo9r/why_were_the_first_pc_speakers_so_shitty/", "whitelist_status": "all_ads", "stickied": false, "url": "https://www.reddit.com/r/AskHistorians/comments/5lqo9r/why_were_the_first_pc_speakers_so_shitty/", "subreddit_subscribers": 770759, "created_utc": 1483428633.0, "media": null, "is_video": false}}], "after": null, "before": null}}, {"kind": "Listing", "data": {"modhash": "", "dist": null, "children": [{"kind": "t1", "data": {"subreddit_id": "t5_2ssp3", "approved_at_utc": null, "ups": 1, "mod_reason_by": null, "banned_by": null, "author_flair_type": "text", "removal_reason": null, "link_id": "t3_5lqo9r", "author_flair_template_id": null, "likes": null, "no_follow": true, "replies": {"kind": "Listing", "data": {"modhash": "", "dist": null, "children": [{"kind": "t1", "data": {"subreddit_id": "t5_2ssp3", "approved_at_utc": null, "ups": 2, "mod_reason_by": null, "banned_by": null, "author_flair_type": "text", "removal_reason": null, "link_id": "t3_5lqo9r", "author_flair_template_id": null, "likes": null, "no_follow": true, "replies": "", "user_reports": [], "saved": false, "id": "dbznfa2", "banned_at_utc": null, "mod_reason_title": null, "gilded": 0, "archived": true, "report_reasons": null, "author": "arcosapphire", "can_mod_post": false, "send_replies": true, "parent_id": "t1_dbzkwqd", "score": 2, "approved_by": null, "downs": 0, "body": "I have to disagree with the claim that PCs had full-fledged MIDI rendering before other sound reproduction features.\n\nWhat you refer to is a hardware sound bank on a dedicated audio card. However, good results with PC speakers were also possible. As an example, the PC game Echelon in 1988 used the RealSound system that used pulse-width modulation to coax detailed sounds like voices out of a PC speaker intended only for beeps. See: http://www.oldskool.org/sound/pc/#digitized\n\nBefore proper sound banks for MIDI rendering on cards like the SoundBlaster, simpler systems involving FM synthesis were used such as on the original AdLib card. This more closely resembles the sounds achievable in early game consoles like the NES, which created complex sounds by adding together simple waveform generators.\n\nMIDI rendering itself was a convenience of standardized format and portability, but many other solutions existed. Consider the Amiga MOD format from 1987, which sent arbitrary waveforms to the audio hardware to be mixed and rendered. It did not follow the MIDI standard and allowed for greatly customized \"instruments\" including sound effects, voices, or literally anything you could put in an audio file.", "edited": false, "author_flair_css_class": null, "collapsed": false, "author_flair_richtext": [], "is_submitter": false, "collapsed_reason": null, "body_html": "&lt;div class=\"md\"&gt;&lt;p&gt;I have to disagree with the claim that PCs had full-fledged MIDI rendering before other sound reproduction features.&lt;/p&gt;\n\n&lt;p&gt;What you refer to is a hardware sound bank on a dedicated audio card. However, good results with PC speakers were also possible. As an example, the PC game Echelon in 1988 used the RealSound system that used pulse-width modulation to coax detailed sounds like voices out of a PC speaker intended only for beeps. See: &lt;a href=\"http://www.oldskool.org/sound/pc/#digitized\"&gt;http://www.oldskool.org/sound/pc/#digitized&lt;/a&gt;&lt;/p&gt;\n\n&lt;p&gt;Before proper sound banks for MIDI rendering on cards like the SoundBlaster, simpler systems involving FM synthesis were used such as on the original AdLib card. This more closely resembles the sounds achievable in early game consoles like the NES, which created complex sounds by adding together simple waveform generators.&lt;/p&gt;\n\n&lt;p&gt;MIDI rendering itself was a convenience of standardized format and portability, but many other solutions existed. Consider the Amiga MOD format from 1987, which sent arbitrary waveforms to the audio hardware to be mixed and rendered. It did not follow the MIDI standard and allowed for greatly customized &amp;quot;instruments&amp;quot; including sound effects, voices, or literally anything you could put in an audio file.&lt;/p&gt;\n&lt;/div&gt;", "stickied": false, "subreddit_type": "public", "can_gild": true, "subreddit": "AskHistorians", "author_flair_text_color": null, "score_hidden": false, "permalink": "/r/AskHistorians/comments/5lqo9r/why_were_the_first_pc_speakers_so_shitty/dbznfa2/", "num_reports": null, "name": "t1_dbznfa2", "created": 1483573784.0, "author_flair_text": null, "rte_mode": "markdown", "created_utc": 1483544984.0, "subreddit_name_prefixed": "r/AskHistorians", "controversiality": 0, "depth": 1, "author_flair_background_color": null, "mod_reports": [], "mod_note": null, "distinguished": null}}, {"kind": "t1", "data": {"subreddit_id": "t5_2ssp3", "approved_at_utc": null, "ups": 1, "mod_reason_by": null, "banned_by": null, "author_flair_type": "text", "removal_reason": null, "link_id": "t3_5lqo9r", "author_flair_template_id": null, "likes": null, "no_follow": true, "replies": "", "user_reports": [], "saved": false, "id": "dc4623y", "banned_at_utc": null, "mod_reason_title": null, "gilded": 0, "archived": true, "report_reasons": null, "author": "frederickvon", "can_mod_post": false, "send_replies": true, "parent_id": "t1_dbzkwqd", "score": 1, "approved_by": null, "downs": 0, "body": "Thanks!", "edited": false, "author_flair_css_class": null, "collapsed": false, "author_flair_richtext": [], "is_submitter": true, "collapsed_reason": null, "body_html": "&lt;div class=\"md\"&gt;&lt;p&gt;Thanks!&lt;/p&gt;\n&lt;/div&gt;", "stickied": false, "subreddit_type": "public", "can_gild": true, "subreddit": "AskHistorians", "author_flair_text_color": null, "score_hidden": false, "permalink": "/r/AskHistorians/comments/5lqo9r/why_were_the_first_pc_speakers_so_shitty/dc4623y/", "num_reports": null, "name": "t1_dc4623y", "created": 1483819289.0, "author_flair_text": null, "rte_mode": "markdown", "created_utc": 1483790489.0, "subreddit_name_prefixed": "r/AskHistorians", "controversiality": 0, "depth": 1, "author_flair_background_color": null, "mod_reports": [], "mod_note": null, "distinguished": null}}], "after": null, "before": null}}, "user_reports": [], "saved": false, "id": "dbzkwqd", "banned_at_utc": null, "mod_reason_title": null, "gilded": 0, "archived": true, "report_reasons": null, "author": "madjic", "can_mod_post": false, "send_replies": true, "parent_id": "t3_5lqo9r", "score": 1, "approved_by": null, "downs": 0, "body": "Because there was no need for them other than beep to indicate an error.\n\nCompared to the capabilities of early PCs storing sound files was incredibly expensive (disk-space) and the register sizes of 8 or 16 bit were way too small to play any kind of recorded sound. That's why they could only play MIDI sounds, which is basically a score telling a special chip what sounds (\"instrument\" + pitch) it should play. While this can produce great results (modern electric pianos do the same), it wasn't economically viable back then", "edited": false, "author_flair_css_class": null, "collapsed": false, "author_flair_richtext": [], "is_submitter": false, "collapsed_reason": null, "body_html": "&lt;div class=\"md\"&gt;&lt;p&gt;Because there was no need for them other than beep to indicate an error.&lt;/p&gt;\n\n&lt;p&gt;Compared to the capabilities of early PCs storing sound files was incredibly expensive (disk-space) and the register sizes of 8 or 16 bit were way too small to play any kind of recorded sound. That&amp;#39;s why they could only play MIDI sounds, which is basically a score telling a special chip what sounds (&amp;quot;instrument&amp;quot; + pitch) it should play. While this can produce great results (modern electric pianos do the same), it wasn&amp;#39;t economically viable back then&lt;/p&gt;\n&lt;/div&gt;", "stickied": false, "subreddit_type": "public", "can_gild": true, "subreddit": "AskHistorians", "author_flair_text_color": null, "score_hidden": false, "permalink": "/r/AskHistorians/comments/5lqo9r/why_were_the_first_pc_speakers_so_shitty/dbzkwqd/", "num_reports": null, "name": "t1_dbzkwqd", "created": 1483570316.0, "author_flair_text": null, "rte_mode": "markdown", "created_utc": 1483541516.0, "subreddit_name_prefixed": "r/AskHistorians", "controversiality": 0, "depth": 0, "author_flair_background_color": null, "mod_reports": [], "mod_note": null, "distinguished": null}}], "after": null, "before": null}}]