[{"kind": "Listing", "data": {"modhash": "", "dist": 1, "children": [{"kind": "t3", "data": {"approved_at_utc": null, "subreddit": "AskHistorians", "selftext": "I'm seeing claims that it was common for muslims to castrate many of their slaves, particularly from Africa.  Is there evidence to support this?", "user_reports": [], "saved": false, "mod_reason_title": null, "gilded": 0, "clicked": false, "title": "Is there evidence that Muslim slave traders castrated any of their slaves?", "link_flair_richtext": [], "subreddit_name_prefixed": "r/AskHistorians", "hidden": false, "pwls": 6, "link_flair_css_class": null, "downs": 0, "parent_whitelist_status": "all_ads", "hide_score": false, "name": "t3_5luh6c", "quarantine": false, "link_flair_text_color": "dark", "upvote_ratio": 0.78, "author_flair_background_color": null, "subreddit_type": "public", "ups": 22, "domain": "self.AskHistorians", "media_embed": {}, "author_flair_template_id": null, "is_original_content": false, "secure_media": null, "is_reddit_media_domain": false, "category": null, "secure_media_embed": {}, "link_flair_text": null, "can_mod_post": false, "score": 22, "approved_by": null, "thumbnail": "", "edited": false, "author_flair_css_class": null, "author_flair_richtext": [], "content_categories": null, "is_self": true, "mod_note": null, "created": 1483506113.0, "link_flair_type": "text", "wls": 6, "post_categories": null, "banned_by": null, "author_flair_type": "text", "contest_mode": false, "selftext_html": "&lt;!-- SC_OFF --&gt;&lt;div class=\"md\"&gt;&lt;p&gt;I&amp;#39;m seeing claims that it was common for muslims to castrate many of their slaves, particularly from Africa.  Is there evidence to support this?&lt;/p&gt;\n&lt;/div&gt;&lt;!-- SC_ON --&gt;", "likes": null, "suggested_sort": null, "banned_at_utc": null, "view_count": null, "archived": true, "no_follow": false, "is_crosspostable": false, "pinned": false, "over_18": false, "media_only": false, "can_gild": false, "spoiler": false, "locked": false, "author_flair_text": null, "rte_mode": "markdown", "visited": false, "num_reports": null, "distinguished": null, "subreddit_id": "t5_2ssp3", "mod_reason_by": null, "removal_reason": null, "id": "5luh6c", "report_reasons": null, "author": "sdfsdfsdfafsda4", "num_crossposts": 0, "num_comments": 3, "send_replies": true, "mod_reports": [], "author_flair_text_color": null, "permalink": "/r/AskHistorians/comments/5luh6c/is_there_evidence_that_muslim_slave_traders/", "whitelist_status": "all_ads", "stickied": false, "url": "https://www.reddit.com/r/AskHistorians/comments/5luh6c/is_there_evidence_that_muslim_slave_traders/", "subreddit_subscribers": 770761, "created_utc": 1483477313.0, "media": null, "is_video": false}}], "after": null, "before": null}}, {"kind": "Listing", "data": {"modhash": "", "dist": null, "children": [{"kind": "t1", "data": {"subreddit_id": "t5_2ssp3", "approved_at_utc": null, "ups": 10, "mod_reason_by": null, "banned_by": null, "author_flair_type": "richtext", "removal_reason": null, "link_id": "t3_5luh6c", "author_flair_template_id": null, "likes": null, "no_follow": false, "replies": {"kind": "Listing", "data": {"modhash": "", "dist": null, "children": [{"kind": "t1", "data": {"subreddit_id": "t5_2ssp3", "approved_at_utc": null, "ups": 2, "mod_reason_by": null, "banned_by": null, "author_flair_type": "text", "removal_reason": null, "link_id": "t3_5luh6c", "author_flair_template_id": null, "likes": null, "no_follow": true, "replies": {"kind": "Listing", "data": {"modhash": "", "dist": null, "children": [{"kind": "t1", "data": {"subreddit_id": "t5_2ssp3", "approved_at_utc": null, "ups": 1, "mod_reason_by": null, "banned_by": null, "author_flair_type": "richtext", "removal_reason": null, "link_id": "t3_5luh6c", "author_flair_template_id": null, "likes": null, "no_follow": true, "replies": "", "user_reports": [], "saved": false, "id": "dbzm9k8", "banned_at_utc": null, "mod_reason_title": null, "gilded": 0, "archived": true, "report_reasons": null, "author": "caffarelli", "can_mod_post": false, "send_replies": true, "parent_id": "t1_dbz75zc", "score": 1, "approved_by": null, "downs": 0, "body": "The million dollar question! (But for every culture that had eunuchs vs. every one who did not.) Unfortunately it is MEETINGS WEEK at my work, so I am going to [link you to an old answer of mine](https://www.reddit.com/r/AskHistorians/comments/4cbzs0/why_did_eunuchs_often_get_so_strong_position_in/d1ho2n4/) in which I talk about eunuchs vs. Mamluks in the lens of \"fitna,\" which should get you thinking. :) ", "edited": false, "author_flair_css_class": "art", "collapsed": false, "author_flair_richtext": [{"e": "text", "t": "Eunuchs and Castrati | Opera"}], "is_submitter": false, "collapsed_reason": null, "body_html": "&lt;div class=\"md\"&gt;&lt;p&gt;The million dollar question! (But for every culture that had eunuchs vs. every one who did not.) Unfortunately it is MEETINGS WEEK at my work, so I am going to &lt;a href=\"https://www.reddit.com/r/AskHistorians/comments/4cbzs0/why_did_eunuchs_often_get_so_strong_position_in/d1ho2n4/\"&gt;link you to an old answer of mine&lt;/a&gt; in which I talk about eunuchs vs. Mamluks in the lens of &amp;quot;fitna,&amp;quot; which should get you thinking. :) &lt;/p&gt;\n&lt;/div&gt;", "stickied": false, "subreddit_type": "public", "can_gild": true, "subreddit": "AskHistorians", "author_flair_text_color": null, "score_hidden": false, "permalink": "/r/AskHistorians/comments/5luh6c/is_there_evidence_that_muslim_slave_traders/dbzm9k8/", "num_reports": null, "name": "t1_dbzm9k8", "created": 1483572236.0, "author_flair_text": "Eunuchs and Castrati | Opera", "rte_mode": "markdown", "created_utc": 1483543436.0, "subreddit_name_prefixed": "r/AskHistorians", "controversiality": 0, "depth": 2, "author_flair_background_color": null, "mod_reports": [], "mod_note": null, "distinguished": null}}], "after": null, "before": null}}, "user_reports": [], "saved": false, "id": "dbz75zc", "banned_at_utc": null, "mod_reason_title": null, "gilded": 0, "archived": true, "report_reasons": null, "author": "chaosakita", "can_mod_post": false, "send_replies": true, "parent_id": "t1_dbz10tl", "score": 2, "approved_by": null, "downs": 0, "body": "Why did Arabs feel the need to castrate their slaves unlike some other cultures? ", "edited": false, "author_flair_css_class": null, "collapsed": false, "author_flair_richtext": [], "is_submitter": false, "collapsed_reason": null, "body_html": "&lt;div class=\"md\"&gt;&lt;p&gt;Why did Arabs feel the need to castrate their slaves unlike some other cultures? &lt;/p&gt;\n&lt;/div&gt;", "stickied": false, "subreddit_type": "public", "can_gild": true, "subreddit": "AskHistorians", "author_flair_text_color": null, "score_hidden": false, "permalink": "/r/AskHistorians/comments/5luh6c/is_there_evidence_that_muslim_slave_traders/dbz75zc/", "num_reports": null, "name": "t1_dbz75zc", "created": 1483537747.0, "author_flair_text": null, "rte_mode": "markdown", "created_utc": 1483508947.0, "subreddit_name_prefixed": "r/AskHistorians", "controversiality": 0, "depth": 1, "author_flair_background_color": null, "mod_reports": [], "mod_note": null, "distinguished": null}}], "after": null, "before": null}}, "user_reports": [], "saved": false, "id": "dbz10tl", "banned_at_utc": null, "mod_reason_title": null, "gilded": 0, "archived": true, "report_reasons": null, "author": "caffarelli", "can_mod_post": false, "send_replies": true, "parent_id": "t3_5luh6c", "score": 10, "approved_by": null, "downs": 0, "body": "Well there were castrated slaves moving up the slave routes from Africa to the Ottoman empire for centuries, but they preferred to purchase them already castrated, nobody went to a slave market and bought a little boy and castrated them, that little boy came to the market fully transformed into the most elite household slave, and you paid dearly for that dirty work. There are a few reports of castration happening within the heart of the empire, but it would have been very odd. Abyssinian (Ethiopian) eunuchs were the most desired and their castration would have happened on the border of the empire, in Coptic Christian communities south of Asyut. Castration was certainly considered distasteful within Islam, but they needed the end product. We tolerate many contradictory things in our own society, slaughterhouses with glass walls and all that, so I personally don't make too much of this, every human you meet can cheerfully hold several contradictory views at once. \n\nHere is a report from [an Arab historian](https://en.wikipedia.org/wiki/Shihab_al-Umari) in the 14th century:  \n\n&gt;Certain jurists informed our author that the ruler of Hadya was the strongest of all the seven Muslim rulers of rulers Abyssinia, and that the eunuchs (khuddiim) were brought to that town from the lands of the infidels (biliid al-kuffiir). That author then adds that a certain merchant, named J:lajj Faraj al-Fuwwl, told him that the [Christian] ruler of Amhara forbade the castration of black slaves ('abid) [within the boundaries of his realm] and strongly denounced that practice. Therefore, the [slave] thieves would go to a town named Washalaw, the people of which were savages, having no religion. They were the only ones in the country of Abyssinia who practiced castration (waahluhii hamaj lii dina 'indahum wa-lii yuqdim 'alii hiidhii fi jami' biliid al-lfabasha siwiihum). [Not only the thieves but] also the slave merchants would call at Washalaw for the purpose of castrating their slaves, and thus raise their value (li-ajl ziyiidat al-thaman). Each slave castrated there was carried (yuhmal) to Hadya, where he underwent a second operation, the purpose of which was to open the urethra, it generally having become clogged with pus. They were then treated at Hadya until cured, for the people of Washalaw had no knowledge of medical treatment. He added, however, that the number of those who died as a result of castration was larger than those who survived. The thing most harming them was their being moved from one place to the other without receiving any treatment [before their arrival at the second place]. Had they been treated on the spot, immediately after castration, they would have been much better off. On the other hand, had they not been moved at all to another place of treatment, none would have survived. \n\nThis translation is from [David Ayalon.](https://books.google.com/books/about/Eunuchs_Caliphs_and_Sultans.html?id=5tWLAAAAIAAJ) (Sorry Adobe's OCR seems to have souped the Arabic transliterations there!) \n\nYou will find this attitude about castration very persistent in history: castration always happens over there, never here, lots of fingers pointing in a circle. \n\nWould you like some reading recommendations? The Ayalon book is probably the best, and he died right after he finished the manuscript, so it's like the summary of his life's work. [This is probably my favorite](https://books.google.com/books?id=ZHbmCwAAQBAJ) but it's a dense little academic fruitcake, you have to put your back into reading it. There's a [nice easy read on Beshir Agha](https://books.google.com/books/about/Beshir_Agha.html?id=e35pAAAAMAAJ) as well that I would recommend. If you have access to JStor, [this is okay,](http://www.jstor.org/stable/4283016?origin=JSTOR-pdf&amp;seq=1#page_scan_tab_contents) but old, and slavery studies have come a way in 30 years. [This is much better,](https://www.jstor.org/stable/25165091?seq=1#page_scan_tab_contents) but more specific. ", "edited": false, "author_flair_css_class": "art", "collapsed": false, "author_flair_richtext": [{"e": "text", "t": "Eunuchs and Castrati | Opera"}], "is_submitter": false, "collapsed_reason": null, "body_html": "&lt;div class=\"md\"&gt;&lt;p&gt;Well there were castrated slaves moving up the slave routes from Africa to the Ottoman empire for centuries, but they preferred to purchase them already castrated, nobody went to a slave market and bought a little boy and castrated them, that little boy came to the market fully transformed into the most elite household slave, and you paid dearly for that dirty work. There are a few reports of castration happening within the heart of the empire, but it would have been very odd. Abyssinian (Ethiopian) eunuchs were the most desired and their castration would have happened on the border of the empire, in Coptic Christian communities south of Asyut. Castration was certainly considered distasteful within Islam, but they needed the end product. We tolerate many contradictory things in our own society, slaughterhouses with glass walls and all that, so I personally don&amp;#39;t make too much of this, every human you meet can cheerfully hold several contradictory views at once. &lt;/p&gt;\n\n&lt;p&gt;Here is a report from &lt;a href=\"https://en.wikipedia.org/wiki/Shihab_al-Umari\"&gt;an Arab historian&lt;/a&gt; in the 14th century:  &lt;/p&gt;\n\n&lt;blockquote&gt;\n&lt;p&gt;Certain jurists informed our author that the ruler of Hadya was the strongest of all the seven Muslim rulers of rulers Abyssinia, and that the eunuchs (khuddiim) were brought to that town from the lands of the infidels (biliid al-kuffiir). That author then adds that a certain merchant, named J:lajj Faraj al-Fuwwl, told him that the [Christian] ruler of Amhara forbade the castration of black slaves (&amp;#39;abid) [within the boundaries of his realm] and strongly denounced that practice. Therefore, the [slave] thieves would go to a town named Washalaw, the people of which were savages, having no religion. They were the only ones in the country of Abyssinia who practiced castration (waahluhii hamaj lii dina &amp;#39;indahum wa-lii yuqdim &amp;#39;alii hiidhii fi jami&amp;#39; biliid al-lfabasha siwiihum). [Not only the thieves but] also the slave merchants would call at Washalaw for the purpose of castrating their slaves, and thus raise their value (li-ajl ziyiidat al-thaman). Each slave castrated there was carried (yuhmal) to Hadya, where he underwent a second operation, the purpose of which was to open the urethra, it generally having become clogged with pus. They were then treated at Hadya until cured, for the people of Washalaw had no knowledge of medical treatment. He added, however, that the number of those who died as a result of castration was larger than those who survived. The thing most harming them was their being moved from one place to the other without receiving any treatment [before their arrival at the second place]. Had they been treated on the spot, immediately after castration, they would have been much better off. On the other hand, had they not been moved at all to another place of treatment, none would have survived. &lt;/p&gt;\n&lt;/blockquote&gt;\n\n&lt;p&gt;This translation is from &lt;a href=\"https://books.google.com/books/about/Eunuchs_Caliphs_and_Sultans.html?id=5tWLAAAAIAAJ\"&gt;David Ayalon.&lt;/a&gt; (Sorry Adobe&amp;#39;s OCR seems to have souped the Arabic transliterations there!) &lt;/p&gt;\n\n&lt;p&gt;You will find this attitude about castration very persistent in history: castration always happens over there, never here, lots of fingers pointing in a circle. &lt;/p&gt;\n\n&lt;p&gt;Would you like some reading recommendations? The Ayalon book is probably the best, and he died right after he finished the manuscript, so it&amp;#39;s like the summary of his life&amp;#39;s work. &lt;a href=\"https://books.google.com/books?id=ZHbmCwAAQBAJ\"&gt;This is probably my favorite&lt;/a&gt; but it&amp;#39;s a dense little academic fruitcake, you have to put your back into reading it. There&amp;#39;s a &lt;a href=\"https://books.google.com/books/about/Beshir_Agha.html?id=e35pAAAAMAAJ\"&gt;nice easy read on Beshir Agha&lt;/a&gt; as well that I would recommend. If you have access to JStor, &lt;a href=\"http://www.jstor.org/stable/4283016?origin=JSTOR-pdf&amp;amp;seq=1#page_scan_tab_contents\"&gt;this is okay,&lt;/a&gt; but old, and slavery studies have come a way in 30 years. &lt;a href=\"https://www.jstor.org/stable/25165091?seq=1#page_scan_tab_contents\"&gt;This is much better,&lt;/a&gt; but more specific. &lt;/p&gt;\n&lt;/div&gt;", "stickied": false, "subreddit_type": "public", "can_gild": true, "subreddit": "AskHistorians", "author_flair_text_color": null, "score_hidden": false, "permalink": "/r/AskHistorians/comments/5luh6c/is_there_evidence_that_muslim_slave_traders/dbz10tl/", "num_reports": null, "name": "t1_dbz10tl", "created": 1483528150.0, "author_flair_text": "Eunuchs and Castrati | Opera", "rte_mode": "markdown", "created_utc": 1483499350.0, "subreddit_name_prefixed": "r/AskHistorians", "controversiality": 0, "depth": 0, "author_flair_background_color": null, "mod_reports": [], "mod_note": null, "distinguished": null}}], "after": null, "before": null}}]