[{"kind": "Listing", "data": {"modhash": "", "dist": 1, "children": [{"kind": "t3", "data": {"subreddit_id": "t5_2ssp3", "approved_at_utc": null, "send_replies": true, "mod_reason_by": null, "banned_by": null, "removal_reason": null, "wls": 6, "subreddit": "AskHistorians", "selftext_html": "&lt;!-- SC_OFF --&gt;&lt;div class=\"md\"&gt;&lt;p&gt;I just saw &lt;a href=\"https://youtu.be/mZ1jkjfRKJM\"&gt;this video in Youtube&lt;/a&gt; which  I found interesting.  On how a decision to split a country by just making a line on a map can have repercussions for  long time.&lt;/p&gt;\n\n&lt;p&gt;I know how this affected India, the Middle East or Africa. &lt;/p&gt;\n\n&lt;p&gt;Was a similar  kind of arbitrarily decision taken when splitting the Empire Charlemagne built?&lt;/p&gt;\n&lt;/div&gt;&lt;!-- SC_ON --&gt;", "author_flair_template_id": null, "selftext": "I just saw [this video in Youtube](https://youtu.be/mZ1jkjfRKJM) which  I found interesting.  On how a decision to split a country by just making a line on a map can have repercussions for  long time.\n\nI know how this affected India, the Middle East or Africa. \n\nWas a similar  kind of arbitrarily decision taken when splitting the Empire Charlemagne built?\n", "likes": null, "suggested_sort": null, "mod_note": null, "user_reports": [], "secure_media": null, "is_reddit_media_domain": false, "saved": false, "id": "73p8io", "banned_at_utc": null, "mod_reason_title": null, "view_count": null, "archived": true, "clicked": false, "no_follow": true, "author": "ptyblog", "num_crossposts": 0, "link_flair_text": null, "can_mod_post": false, "is_crosspostable": false, "pinned": false, "score": 1, "approved_by": null, "over_18": false, "domain": "self.AskHistorians", "hidden": false, "pwls": 6, "thumbnail": "", "hide_score": false, "edited": false, "link_flair_css_class": null, "media_only": false, "author_flair_css_class": null, "contest_mode": false, "gilded": 0, "title": "Splitting the Carolingian Empire", "downs": 0, "secure_media_embed": {}, "media_embed": {}, "author_flair_text": null, "stickied": false, "can_gild": false, "is_self": true, "parent_whitelist_status": "all_ads", "name": "t3_73p8io", "spoiler": false, "permalink": "/r/AskHistorians/comments/73p8io/splitting_the_carolingian_empire/", "subreddit_type": "public", "locked": false, "report_reasons": null, "created": 1506930276.0, "url": "https://www.reddit.com/r/AskHistorians/comments/73p8io/splitting_the_carolingian_empire/", "whitelist_status": "all_ads", "quarantine": false, "subreddit_subscribers": 759253, "created_utc": 1506901476.0, "subreddit_name_prefixed": "r/AskHistorians", "distinguished": null, "media": null, "num_comments": 0, "upvote_ratio": 0.57, "mod_reports": [], "visited": false, "num_reports": null, "is_video": false, "ups": 1, "post_categories": null}}], "after": null, "before": null}}, {"kind": "Listing", "data": {"modhash": "", "dist": null, "children": [], "after": null, "before": null}}]