[{"kind": "Listing", "data": {"modhash": "", "dist": 1, "children": [{"kind": "t3", "data": {"subreddit_id": "t5_2ssp3", "approved_at_utc": null, "send_replies": true, "mod_reason_by": null, "banned_by": null, "removal_reason": null, "wls": 6, "subreddit": "AskHistorians", "selftext_html": "&lt;!-- SC_OFF --&gt;&lt;div class=\"md\"&gt;&lt;p&gt;[removed]&lt;/p&gt;\n&lt;/div&gt;&lt;!-- SC_ON --&gt;", "author_flair_template_id": null, "selftext": "[removed]", "likes": null, "suggested_sort": null, "mod_note": null, "user_reports": [], "secure_media": null, "is_reddit_media_domain": false, "saved": false, "id": "73q14l", "banned_at_utc": null, "mod_reason_title": null, "view_count": null, "archived": true, "clicked": false, "no_follow": true, "author": "[deleted]", "num_crossposts": 0, "link_flair_text": null, "can_mod_post": false, "is_crosspostable": false, "pinned": false, "score": 1, "approved_by": null, "over_18": false, "domain": "self.AskHistorians", "hidden": false, "pwls": 6, "thumbnail": "", "hide_score": false, "edited": false, "link_flair_css_class": null, "media_only": false, "author_flair_css_class": null, "contest_mode": false, "gilded": 0, "title": "When did people first start naming dogs and what were they naming them?", "downs": 0, "secure_media_embed": {}, "media_embed": {}, "author_flair_text": null, "stickied": false, "can_gild": false, "is_self": true, "parent_whitelist_status": "all_ads", "name": "t3_73q14l", "spoiler": false, "permalink": "/r/AskHistorians/comments/73q14l/when_did_people_first_start_naming_dogs_and_what/", "subreddit_type": "public", "locked": false, "report_reasons": null, "created": 1506939065.0, "url": "https://www.reddit.com/r/AskHistorians/comments/73q14l/when_did_people_first_start_naming_dogs_and_what/", "whitelist_status": "all_ads", "quarantine": false, "subreddit_subscribers": 759253, "created_utc": 1506910265.0, "subreddit_name_prefixed": "r/AskHistorians", "distinguished": null, "media": null, "num_comments": 1, "upvote_ratio": 0.99, "mod_reports": [], "visited": false, "num_reports": null, "is_video": false, "ups": 1, "post_categories": null}}], "after": null, "before": null}}, {"kind": "Listing", "data": {"modhash": "", "dist": null, "children": [{"kind": "t1", "data": {"subreddit_id": "t5_2ssp3", "approved_at_utc": null, "ups": 1, "mod_reason_by": null, "banned_by": null, "removal_reason": null, "link_id": "t3_73q14l", "author_flair_template_id": null, "likes": null, "no_follow": true, "replies": "", "user_reports": [], "saved": false, "id": "dns8gqq", "banned_at_utc": null, "mod_reason_title": null, "gilded": 0, "archived": true, "report_reasons": null, "author": "Elm11", "can_mod_post": false, "send_replies": true, "parent_id": "t3_73q14l", "score": 1, "approved_by": null, "downs": 0, "body": "I'm sorry, but we don't allow 'First'/'Last' questions on /r/AskHistorians, and so we have removed this submission. It's not that the question is bad; it is simply that, given the rules of this subreddit, these types of questions are ill-suited to its format. We've found that they tend to get responses along the lines of \"the first/last example *I know of*,\" or else many short, speculative responses in the case that the answer went unrecorded. This results in many removed comments, and very few answered threads.\n\nIf this is a question you still are interested in a response to though, you have options!\n\n* Consider the core of the question to rephrase and resubmit. Instead of asking, for instance, \"Who was the first person killed by a firearm?\", try \"What do we know about the early development and use of firearms?\". Asking about origins, developments, or declines is more likely to get in-depth, knowledgeable answers.\n\n* Every other Wednesday we run a \"[Short Answers to Simple Questions](/r/AskHistorians/search?q=flair_css_class%3Afeature+short+answers+simple+questions&amp;restrict_sr=on&amp;sort=new&amp;t=all)\", and if you can hang on to your question until then, it can likely fit unchanged.\n\n* Finally, you could also try submitting your question to /r/History or /r/AskHistory, which doesn't have submission criteria quite as strict.\n\nThank you for understanding!", "edited": false, "author_flair_css_class": "moderator", "collapsed": false, "is_submitter": false, "collapsed_reason": null, "body_html": "&lt;div class=\"md\"&gt;&lt;p&gt;I&amp;#39;m sorry, but we don&amp;#39;t allow &amp;#39;First&amp;#39;/&amp;#39;Last&amp;#39; questions on &lt;a href=\"/r/AskHistorians\"&gt;/r/AskHistorians&lt;/a&gt;, and so we have removed this submission. It&amp;#39;s not that the question is bad; it is simply that, given the rules of this subreddit, these types of questions are ill-suited to its format. We&amp;#39;ve found that they tend to get responses along the lines of &amp;quot;the first/last example &lt;em&gt;I know of&lt;/em&gt;,&amp;quot; or else many short, speculative responses in the case that the answer went unrecorded. This results in many removed comments, and very few answered threads.&lt;/p&gt;\n\n&lt;p&gt;If this is a question you still are interested in a response to though, you have options!&lt;/p&gt;\n\n&lt;ul&gt;\n&lt;li&gt;&lt;p&gt;Consider the core of the question to rephrase and resubmit. Instead of asking, for instance, &amp;quot;Who was the first person killed by a firearm?&amp;quot;, try &amp;quot;What do we know about the early development and use of firearms?&amp;quot;. Asking about origins, developments, or declines is more likely to get in-depth, knowledgeable answers.&lt;/p&gt;&lt;/li&gt;\n&lt;li&gt;&lt;p&gt;Every other Wednesday we run a &amp;quot;&lt;a href=\"/r/AskHistorians/search?q=flair_css_class%3Afeature+short+answers+simple+questions&amp;amp;restrict_sr=on&amp;amp;sort=new&amp;amp;t=all\"&gt;Short Answers to Simple Questions&lt;/a&gt;&amp;quot;, and if you can hang on to your question until then, it can likely fit unchanged.&lt;/p&gt;&lt;/li&gt;\n&lt;li&gt;&lt;p&gt;Finally, you could also try submitting your question to &lt;a href=\"/r/History\"&gt;/r/History&lt;/a&gt; or &lt;a href=\"/r/AskHistory\"&gt;/r/AskHistory&lt;/a&gt;, which doesn&amp;#39;t have submission criteria quite as strict.&lt;/p&gt;&lt;/li&gt;\n&lt;/ul&gt;\n\n&lt;p&gt;Thank you for understanding!&lt;/p&gt;\n&lt;/div&gt;", "subreddit_type": "public", "can_gild": true, "subreddit": "AskHistorians", "name": "t1_dns8gqq", "score_hidden": false, "permalink": "/r/AskHistorians/comments/73q14l/when_did_people_first_start_naming_dogs_and_what/dns8gqq/", "num_reports": null, "stickied": false, "created": 1506939599.0, "author_flair_text": "Moderator | Quality Contributor", "created_utc": 1506910799.0, "subreddit_name_prefixed": "r/AskHistorians", "controversiality": 0, "depth": 0, "mod_reports": [], "mod_note": null, "distinguished": "moderator"}}], "after": null, "before": null}}]