[{"kind": "Listing", "data": {"modhash": "", "dist": 1, "children": [{"kind": "t3", "data": {"subreddit_id": "t5_2ssp3", "approved_at_utc": null, "send_replies": true, "mod_reason_by": null, "banned_by": null, "removal_reason": null, "wls": 6, "subreddit": "AskHistorians", "selftext_html": null, "author_flair_template_id": null, "selftext": "", "likes": null, "suggested_sort": null, "mod_note": null, "user_reports": [], "secure_media": null, "is_reddit_media_domain": false, "saved": false, "id": "73s9e7", "banned_at_utc": null, "mod_reason_title": null, "view_count": null, "archived": true, "clicked": false, "no_follow": false, "author": "AustinioForza", "num_crossposts": 0, "link_flair_text": null, "can_mod_post": false, "is_crosspostable": false, "pinned": false, "score": 42, "approved_by": null, "over_18": false, "domain": "self.AskHistorians", "hidden": false, "pwls": 6, "thumbnail": "", "hide_score": false, "edited": false, "link_flair_css_class": null, "media_only": false, "author_flair_css_class": null, "contest_mode": false, "gilded": 0, "title": "What is the opinion of the Catholic Church on Antipopes? And has there been similar instances in Orthodox Christianity and Islam whereby a Patriarch or Caliph has support and backing but in direct opposition to \"the main guy?\"", "downs": 0, "secure_media_embed": {}, "media_embed": {}, "author_flair_text": null, "stickied": false, "can_gild": false, "is_self": true, "parent_whitelist_status": "all_ads", "name": "t3_73s9e7", "spoiler": false, "permalink": "/r/AskHistorians/comments/73s9e7/what_is_the_opinion_of_the_catholic_church_on/", "subreddit_type": "public", "locked": false, "report_reasons": null, "created": 1506973406.0, "url": "https://www.reddit.com/r/AskHistorians/comments/73s9e7/what_is_the_opinion_of_the_catholic_church_on/", "whitelist_status": "all_ads", "quarantine": false, "subreddit_subscribers": 759253, "created_utc": 1506944606.0, "subreddit_name_prefixed": "r/AskHistorians", "distinguished": null, "media": null, "num_comments": 1, "upvote_ratio": 0.84, "mod_reports": [], "visited": false, "num_reports": null, "is_video": false, "ups": 42, "post_categories": null}}], "after": null, "before": null}}, {"kind": "Listing", "data": {"modhash": "", "dist": null, "children": [{"kind": "t1", "data": {"subreddit_id": "t5_2ssp3", "approved_at_utc": null, "ups": 2, "mod_reason_by": null, "banned_by": null, "removal_reason": null, "link_id": "t3_73s9e7", "author_flair_template_id": null, "likes": null, "no_follow": true, "replies": "", "user_reports": [], "saved": false, "id": "dntgnwk", "banned_at_utc": null, "mod_reason_title": null, "gilded": 0, "archived": true, "report_reasons": null, "author": "Arcaness", "can_mod_post": false, "send_replies": true, "parent_id": "t3_73s9e7", "score": 2, "approved_by": null, "downs": 0, "body": "While I can't answer your primary question or comment on Christianity in general, there is a similar question which has pervaded Islamic theology and practice for the religion's entire history. You may have heard of the two main denominations of Islam, Sunni and Shia. The split and the main line along which the two denominations are divided has to do with the question of Muhammad's successor after his death. Sunnis back the Ummah (Muhammad's core following, mostly those who had been with him from when he first came to Medina) in its authority to designate the next caliph; they designated Abu Bakr, one of Muhammad's earliest followers. Shiites back Ali, Muhammad's cousin and son-in-law, who they believe was nominated by Muhammad prior to his death. Sunnis held majority, as they still do today, and elected Abu Bakr the first caliph, but though Sunnis held the political advantage for the first several generations of the Islamic empire, the Shiites continued to organize in opposition. \n\nShiites maintained that divine truth and right to leadership of the caliphate is passed on through Muhammad's relatives and descendents. Thus, the first three of Muhammad's successors were not recognized as legitimate by Shiites, but the fourth, who was Ali and therefore a direct relative of Muhammad (and, again, Muhammad's chosen successor according to the Shiite view), was. Ali ruled from 656 to 661, during which time the First Fitna was fought over related questions of succession (as well as more tangible concerns). In 661 Ali was assassinated just as his predecessor had been. During this period also appeared the Kharijites, a separatist group once again related to the question of succession and arbitration as a means of choosing a caliph. They proved a thorn in both mainstream denominations' backsides and organized assassination and insurgency against both the Rashidun and Umayyad.\n\nAli's son, Husan, inherited the Caliphate after Ali's death, but his power was quickly subverted and the Sunni Umayyad Dynasty came into possession of the Caliphate. After the collapse of the Caliphate tradition, independent Muslim kingdoms and dynasties emerged and Sunnis and Shiites continued their dispute at the head of their own individual polities. The rest of Islamic history is largely a story of their continued division, and it all started over the question of who was the rightful successor to Muhammad.", "edited": 1506979494.0, "author_flair_css_class": null, "collapsed": false, "is_submitter": false, "collapsed_reason": null, "body_html": "&lt;div class=\"md\"&gt;&lt;p&gt;While I can&amp;#39;t answer your primary question or comment on Christianity in general, there is a similar question which has pervaded Islamic theology and practice for the religion&amp;#39;s entire history. You may have heard of the two main denominations of Islam, Sunni and Shia. The split and the main line along which the two denominations are divided has to do with the question of Muhammad&amp;#39;s successor after his death. Sunnis back the Ummah (Muhammad&amp;#39;s core following, mostly those who had been with him from when he first came to Medina) in its authority to designate the next caliph; they designated Abu Bakr, one of Muhammad&amp;#39;s earliest followers. Shiites back Ali, Muhammad&amp;#39;s cousin and son-in-law, who they believe was nominated by Muhammad prior to his death. Sunnis held majority, as they still do today, and elected Abu Bakr the first caliph, but though Sunnis held the political advantage for the first several generations of the Islamic empire, the Shiites continued to organize in opposition. &lt;/p&gt;\n\n&lt;p&gt;Shiites maintained that divine truth and right to leadership of the caliphate is passed on through Muhammad&amp;#39;s relatives and descendents. Thus, the first three of Muhammad&amp;#39;s successors were not recognized as legitimate by Shiites, but the fourth, who was Ali and therefore a direct relative of Muhammad (and, again, Muhammad&amp;#39;s chosen successor according to the Shiite view), was. Ali ruled from 656 to 661, during which time the First Fitna was fought over related questions of succession (as well as more tangible concerns). In 661 Ali was assassinated just as his predecessor had been. During this period also appeared the Kharijites, a separatist group once again related to the question of succession and arbitration as a means of choosing a caliph. They proved a thorn in both mainstream denominations&amp;#39; backsides and organized assassination and insurgency against both the Rashidun and Umayyad.&lt;/p&gt;\n\n&lt;p&gt;Ali&amp;#39;s son, Husan, inherited the Caliphate after Ali&amp;#39;s death, but his power was quickly subverted and the Sunni Umayyad Dynasty came into possession of the Caliphate. After the collapse of the Caliphate tradition, independent Muslim kingdoms and dynasties emerged and Sunnis and Shiites continued their dispute at the head of their own individual polities. The rest of Islamic history is largely a story of their continued division, and it all started over the question of who was the rightful successor to Muhammad.&lt;/p&gt;\n&lt;/div&gt;", "subreddit_type": "public", "can_gild": true, "subreddit": "AskHistorians", "name": "t1_dntgnwk", "score_hidden": false, "permalink": "/r/AskHistorians/comments/73s9e7/what_is_the_opinion_of_the_catholic_church_on/dntgnwk/", "num_reports": null, "stickied": false, "created": 1507006910.0, "author_flair_text": null, "created_utc": 1506978110.0, "subreddit_name_prefixed": "r/AskHistorians", "controversiality": 0, "depth": 0, "mod_reports": [], "mod_note": null, "distinguished": null}}], "after": null, "before": null}}]