[{"kind": "Listing", "data": {"modhash": "", "dist": 1, "children": [{"kind": "t3", "data": {"subreddit_id": "t5_2ssp3", "approved_at_utc": null, "send_replies": true, "mod_reason_by": null, "banned_by": null, "removal_reason": null, "wls": 6, "subreddit": "AskHistorians", "selftext_html": null, "author_flair_template_id": null, "selftext": "", "likes": null, "suggested_sort": null, "mod_note": null, "user_reports": [], "secure_media": null, "is_reddit_media_domain": false, "saved": false, "id": "73smyb", "banned_at_utc": null, "mod_reason_title": null, "view_count": null, "archived": true, "clicked": false, "no_follow": false, "author": "-rclarke-", "num_crossposts": 0, "link_flair_text": null, "can_mod_post": false, "is_crosspostable": false, "pinned": false, "score": 26, "approved_by": null, "over_18": false, "domain": "self.AskHistorians", "hidden": false, "pwls": 6, "thumbnail": "", "hide_score": false, "edited": false, "link_flair_css_class": null, "media_only": false, "author_flair_css_class": null, "contest_mode": false, "gilded": 0, "title": "What were the arguments against socialism/communism before the Russian Revolution and \"Actually Existing Socialism\"?", "downs": 0, "secure_media_embed": {}, "media_embed": {}, "author_flair_text": null, "stickied": false, "can_gild": false, "is_self": true, "parent_whitelist_status": "all_ads", "name": "t3_73smyb", "spoiler": false, "permalink": "/r/AskHistorians/comments/73smyb/what_were_the_arguments_against/", "subreddit_type": "public", "locked": false, "report_reasons": null, "created": 1506978391.0, "url": "https://www.reddit.com/r/AskHistorians/comments/73smyb/what_were_the_arguments_against/", "whitelist_status": "all_ads", "quarantine": false, "subreddit_subscribers": 759253, "created_utc": 1506949591.0, "subreddit_name_prefixed": "r/AskHistorians", "distinguished": null, "media": null, "num_comments": 4, "upvote_ratio": 0.8, "mod_reports": [], "visited": false, "num_reports": null, "is_video": false, "ups": 26, "post_categories": null}}], "after": null, "before": null}}, {"kind": "Listing", "data": {"modhash": "", "dist": null, "children": [{"kind": "t1", "data": {"subreddit_id": "t5_2ssp3", "approved_at_utc": null, "ups": 18, "mod_reason_by": null, "banned_by": null, "removal_reason": null, "link_id": "t3_73smyb", "author_flair_template_id": null, "likes": null, "no_follow": false, "replies": {"kind": "Listing", "data": {"modhash": "", "dist": null, "children": [{"kind": "t1", "data": {"subreddit_id": "t5_2ssp3", "approved_at_utc": null, "ups": 2, "mod_reason_by": null, "banned_by": null, "removal_reason": null, "link_id": "t3_73smyb", "author_flair_template_id": null, "likes": null, "no_follow": true, "replies": {"kind": "Listing", "data": {"modhash": "", "dist": null, "children": [{"kind": "t1", "data": {"subreddit_id": "t5_2ssp3", "approved_at_utc": null, "ups": 2, "mod_reason_by": null, "banned_by": null, "removal_reason": null, "link_id": "t3_73smyb", "author_flair_template_id": null, "likes": null, "no_follow": true, "replies": {"kind": "Listing", "data": {"modhash": "", "dist": null, "children": [{"kind": "t1", "data": {"subreddit_id": "t5_2ssp3", "approved_at_utc": null, "ups": 0, "mod_reason_by": null, "banned_by": null, "removal_reason": null, "link_id": "t3_73smyb", "author_flair_template_id": null, "likes": null, "no_follow": true, "replies": "", "user_reports": [], "saved": false, "id": "dntpxmj", "banned_at_utc": null, "mod_reason_title": null, "gilded": 0, "archived": true, "report_reasons": null, "author": "FatWhiteGuyy", "can_mod_post": false, "send_replies": true, "parent_id": "t1_dntnxil", "score": 0, "approved_by": null, "downs": 0, "body": "Will read I added that example as one argument used against socialism before the Russian revolution... So I think that ppl already had clear examples back then . I didn't read all of Dilorenz book, just found that one part very good and a very logical rebuttal to socialism as it was practised in the developing American colonies. \n\nThanks for the recommendation!\n\n", "edited": 1506989650.0, "author_flair_css_class": null, "collapsed": false, "is_submitter": false, "collapsed_reason": null, "body_html": "&lt;div class=\"md\"&gt;&lt;p&gt;Will read I added that example as one argument used against socialism before the Russian revolution... So I think that ppl already had clear examples back then . I didn&amp;#39;t read all of Dilorenz book, just found that one part very good and a very logical rebuttal to socialism as it was practised in the developing American colonies. &lt;/p&gt;\n\n&lt;p&gt;Thanks for the recommendation!&lt;/p&gt;\n&lt;/div&gt;", "subreddit_type": "public", "can_gild": true, "subreddit": "AskHistorians", "name": "t1_dntpxmj", "score_hidden": false, "permalink": "/r/AskHistorians/comments/73smyb/what_were_the_arguments_against/dntpxmj/", "num_reports": null, "stickied": false, "created": 1507018192.0, "author_flair_text": null, "created_utc": 1506989392.0, "subreddit_name_prefixed": "r/AskHistorians", "controversiality": 0, "depth": 3, "mod_reports": [], "mod_note": null, "distinguished": null}}], "after": null, "before": null}}, "user_reports": [], "saved": false, "id": "dntnxil", "banned_at_utc": null, "mod_reason_title": null, "gilded": 0, "archived": true, "report_reasons": null, "author": "panick21", "can_mod_post": false, "send_replies": true, "parent_id": "t1_dntl3dz", "score": 2, "approved_by": null, "downs": 0, "body": "I would be careful with Dilorenzo, he is very heterodox even within Austrian Economics. \n\nIt hard to find good summation of the literature, and there is also both historical and theoretical analysis. Maybe something like this:\n\n&gt; Socialism and the Market: The Socialist Calculation Debate Revisited\n&gt; Peter Boettke (2000).", "edited": false, "author_flair_css_class": null, "collapsed": false, "is_submitter": false, "collapsed_reason": null, "body_html": "&lt;div class=\"md\"&gt;&lt;p&gt;I would be careful with Dilorenzo, he is very heterodox even within Austrian Economics. &lt;/p&gt;\n\n&lt;p&gt;It hard to find good summation of the literature, and there is also both historical and theoretical analysis. Maybe something like this:&lt;/p&gt;\n\n&lt;blockquote&gt;\n&lt;p&gt;Socialism and the Market: The Socialist Calculation Debate Revisited\nPeter Boettke (2000).&lt;/p&gt;\n&lt;/blockquote&gt;\n&lt;/div&gt;", "subreddit_type": "public", "can_gild": true, "subreddit": "AskHistorians", "name": "t1_dntnxil", "score_hidden": false, "permalink": "/r/AskHistorians/comments/73smyb/what_were_the_arguments_against/dntnxil/", "num_reports": null, "stickied": false, "created": 1507015634.0, "author_flair_text": null, "created_utc": 1506986834.0, "subreddit_name_prefixed": "r/AskHistorians", "controversiality": 0, "depth": 2, "mod_reports": [], "mod_note": null, "distinguished": null}}], "after": null, "before": null}}, "user_reports": [], "saved": false, "id": "dntl3dz", "banned_at_utc": null, "mod_reason_title": null, "gilded": 0, "archived": true, "report_reasons": null, "author": "FatWhiteGuyy", "can_mod_post": false, "send_replies": true, "parent_id": "t1_dnst8ce", "score": 2, "approved_by": null, "downs": 0, "body": "There is a book called \"the problem with socialism\" by Thomas Dilorenzo that in the first part of his book he takes about early colonies in the Americas that practised this \"everyone gets the same ammount no mater their individual labor input\" which led to a high starvation rate because it gave workers no incentive to actually do more than their peers. But another governor came in and changed the system and the colony began to prosper since workers could actually reap rewards off of there excess labor. \n\nIt was a really good book and being strait out of college at the time really made me think.", "edited": false, "author_flair_css_class": null, "collapsed": false, "is_submitter": false, "collapsed_reason": null, "body_html": "&lt;div class=\"md\"&gt;&lt;p&gt;There is a book called &amp;quot;the problem with socialism&amp;quot; by Thomas Dilorenzo that in the first part of his book he takes about early colonies in the Americas that practised this &amp;quot;everyone gets the same ammount no mater their individual labor input&amp;quot; which led to a high starvation rate because it gave workers no incentive to actually do more than their peers. But another governor came in and changed the system and the colony began to prosper since workers could actually reap rewards off of there excess labor. &lt;/p&gt;\n\n&lt;p&gt;It was a really good book and being strait out of college at the time really made me think.&lt;/p&gt;\n&lt;/div&gt;", "subreddit_type": "public", "can_gild": true, "subreddit": "AskHistorians", "name": "t1_dntl3dz", "score_hidden": false, "permalink": "/r/AskHistorians/comments/73smyb/what_were_the_arguments_against/dntl3dz/", "num_reports": null, "stickied": false, "created": 1507012085.0, "author_flair_text": null, "created_utc": 1506983285.0, "subreddit_name_prefixed": "r/AskHistorians", "controversiality": 0, "depth": 1, "mod_reports": [], "mod_note": null, "distinguished": null}}], "after": null, "before": null}}, "user_reports": [], "saved": false, "id": "dnst8ce", "banned_at_utc": null, "mod_reason_title": null, "gilded": 0, "archived": true, "report_reasons": null, "author": "panick21", "can_mod_post": false, "send_replies": true, "parent_id": "t3_73smyb", "score": 18, "approved_by": null, "downs": 0, "body": "There was one primary critic, today we would call it 'Insentive Problem' or something along those lines. Quite simply, if you give everybody the same amount, why should anybody work hard.\n\n&gt; It is the common error of Socialists to overlook the natural indolence of mankind; their tendency to be passive, to be the slaves of habit, to persist indefinitely in a course once chosen. Let them once attain any state of existence which they consider tolerable, and the danger to be apprehended is that they will thenceforth stagnate; will not exert themselves to improve, and by letting their faculties rust, will lose even the energy required to preserve them from deterioration. Competition may not be the best conceivable stimulus, but it is at present a necessary one, and no one can foresee the time when it will not be indispensable to progress.\n&gt; John Stuart Mill [1848]\n\nThis critic was basically answered with the believe that in a Socialist/Communist society a 'New Men' would arise, because people adopt to their surrounding:\n\n&gt; Man will make it his purpose to master his own feelings, to raise his instincts to the heights of consciousness, to make them transparent, to extend the wires of his will into hidden recesses, and thereby to raise himself to a new plane, to create a higher social biologic type, or, if you please, a superman.\n&gt; Leon Trotsky\n\nThe second most important critic, is called 'Economic calculation problem'. This was formulated by Ludwig von Mises in 1920 [1]. Simply stated what Mises did is that he just assumed the socialist were correct about the 'New Men' and went from there. He basically argues that without property rights you are not gone have markets, without markets you don't have prices, and without prices you can't do rational calculation. \n\nThis is considered one of the most important debates in the 20th century economics and it would take me to long to get into it. If you are interested in the details I would be happy go into the debate.\n\n[1] Economic Calculation in the Socialist Commonwealth\n\n\n\n", "edited": false, "author_flair_css_class": null, "collapsed": false, "is_submitter": false, "collapsed_reason": null, "body_html": "&lt;div class=\"md\"&gt;&lt;p&gt;There was one primary critic, today we would call it &amp;#39;Insentive Problem&amp;#39; or something along those lines. Quite simply, if you give everybody the same amount, why should anybody work hard.&lt;/p&gt;\n\n&lt;blockquote&gt;\n&lt;p&gt;It is the common error of Socialists to overlook the natural indolence of mankind; their tendency to be passive, to be the slaves of habit, to persist indefinitely in a course once chosen. Let them once attain any state of existence which they consider tolerable, and the danger to be apprehended is that they will thenceforth stagnate; will not exert themselves to improve, and by letting their faculties rust, will lose even the energy required to preserve them from deterioration. Competition may not be the best conceivable stimulus, but it is at present a necessary one, and no one can foresee the time when it will not be indispensable to progress.\nJohn Stuart Mill [1848]&lt;/p&gt;\n&lt;/blockquote&gt;\n\n&lt;p&gt;This critic was basically answered with the believe that in a Socialist/Communist society a &amp;#39;New Men&amp;#39; would arise, because people adopt to their surrounding:&lt;/p&gt;\n\n&lt;blockquote&gt;\n&lt;p&gt;Man will make it his purpose to master his own feelings, to raise his instincts to the heights of consciousness, to make them transparent, to extend the wires of his will into hidden recesses, and thereby to raise himself to a new plane, to create a higher social biologic type, or, if you please, a superman.\nLeon Trotsky&lt;/p&gt;\n&lt;/blockquote&gt;\n\n&lt;p&gt;The second most important critic, is called &amp;#39;Economic calculation problem&amp;#39;. This was formulated by Ludwig von Mises in 1920 [1]. Simply stated what Mises did is that he just assumed the socialist were correct about the &amp;#39;New Men&amp;#39; and went from there. He basically argues that without property rights you are not gone have markets, without markets you don&amp;#39;t have prices, and without prices you can&amp;#39;t do rational calculation. &lt;/p&gt;\n\n&lt;p&gt;This is considered one of the most important debates in the 20th century economics and it would take me to long to get into it. If you are interested in the details I would be happy go into the debate.&lt;/p&gt;\n\n&lt;p&gt;[1] Economic Calculation in the Socialist Commonwealth&lt;/p&gt;\n&lt;/div&gt;", "subreddit_type": "public", "can_gild": true, "subreddit": "AskHistorians", "name": "t1_dnst8ce", "score_hidden": false, "permalink": "/r/AskHistorians/comments/73smyb/what_were_the_arguments_against/dnst8ce/", "num_reports": null, "stickied": false, "created": 1506981548.0, "author_flair_text": null, "created_utc": 1506952748.0, "subreddit_name_prefixed": "r/AskHistorians", "controversiality": 0, "depth": 0, "mod_reports": [], "mod_note": null, "distinguished": null}}], "after": null, "before": null}}]