[{"kind": "Listing", "data": {"modhash": "", "dist": 1, "children": [{"kind": "t3", "data": {"subreddit_id": "t5_2ssp3", "approved_at_utc": null, "send_replies": true, "mod_reason_by": null, "banned_by": null, "removal_reason": null, "wls": 6, "subreddit": "AskHistorians", "selftext_html": "&lt;!-- SC_OFF --&gt;&lt;div class=\"md\"&gt;&lt;p&gt;I know the belltower shooter at the University of Texas provided part of the impetus for SWAT units, but did any of them result in changes to firearms laws at either the state or federal level?&lt;/p&gt;\n\n&lt;p&gt;Rephrased&lt;/p&gt;\n&lt;/div&gt;&lt;!-- SC_ON --&gt;", "author_flair_template_id": null, "selftext": "I know the belltower shooter at the University of Texas provided part of the impetus for SWAT units, but did any of them result in changes to firearms laws at either the state or federal level?\n\nRephrased", "likes": null, "suggested_sort": null, "mod_note": null, "user_reports": [], "secure_media": null, "is_reddit_media_domain": false, "saved": false, "id": "73u19d", "banned_at_utc": null, "mod_reason_title": null, "view_count": null, "archived": true, "clicked": false, "no_follow": true, "author": "Skipp_To_My_Lou", "num_crossposts": 0, "link_flair_text": null, "can_mod_post": false, "is_crosspostable": false, "pinned": false, "score": 1, "approved_by": null, "over_18": false, "domain": "self.AskHistorians", "hidden": false, "pwls": 6, "thumbnail": "", "hide_score": false, "edited": false, "link_flair_css_class": null, "media_only": false, "author_flair_css_class": null, "contest_mode": false, "gilded": 0, "title": "What is the history of mass shootings in the US? What are early instances of the term in news media?", "downs": 0, "secure_media_embed": {}, "media_embed": {}, "author_flair_text": null, "stickied": false, "can_gild": false, "is_self": true, "parent_whitelist_status": "all_ads", "name": "t3_73u19d", "spoiler": false, "permalink": "/r/AskHistorians/comments/73u19d/what_is_the_history_of_mass_shootings_in_the_us/", "subreddit_type": "public", "locked": false, "report_reasons": null, "created": 1506992117.0, "url": "https://www.reddit.com/r/AskHistorians/comments/73u19d/what_is_the_history_of_mass_shootings_in_the_us/", "whitelist_status": "all_ads", "quarantine": false, "subreddit_subscribers": 759253, "created_utc": 1506963317.0, "subreddit_name_prefixed": "r/AskHistorians", "distinguished": null, "media": null, "num_comments": 0, "upvote_ratio": 0.6, "mod_reports": [], "visited": false, "num_reports": null, "is_video": false, "ups": 1, "post_categories": null}}], "after": null, "before": null}}, {"kind": "Listing", "data": {"modhash": "", "dist": null, "children": [], "after": null, "before": null}}]