[{"kind": "Listing", "data": {"modhash": "", "dist": 1, "children": [{"kind": "t3", "data": {"approved_at_utc": null, "subreddit": "AskHistorians", "selftext": "I have recently stumbled across a mini-documentary from an amateur historian called \"The Turkish Century\" going over a brief history of Turkey starting from the Bronze Age to the late 20th century.\n\nThe part that really interested me was he started going over the life of Mustafa Kemal Atat\u00fcrk, the father of the modern nation of Turkey. Specifically his affiliation but also disagreements with the Young Turks, who tried to reform the late Ottoman Empire before WWI.\n\nIn the video, he discusses the complete ineptitude of the Young Turks and their pro-German leanings of government and politics. The blunders of the Pasha brothers, and failed campaigns into Russia during WWI. As well as, and this surprised me, Ataturks desire to have members of his own political party be tried for war crimes against the Armenians. He also discussed Ataturks incredibly progressive writings, political views, liberal legislation, and what most people would now today read as incredibly \"pro-western\" and central \"eurocentric\" viewpoints. Including giving women the right to vote before the United States, separating religion from the state, working to have an industry mimicking western governments, and anti-imperialist viewpoints.\n\nHere are my questions:\n\n* Was Ataturk truly that much of a visionary?\n* Was he really that pro-western?\n* Were the Young Turks and the Pasha brother truly that incompetent as leaders?\n* It also talked about the Young Turk's desire to create a new imperialist Turkish empire based on the idea of Pan-Turanism, was this the actual plan for the Pashas and the Young Turks?\n* Did Ataturk truly try to have members of his own party tried for War Crimes for the Armenian Genocide?\n* I'm very new to Turkish history and Ataturk. I've only heard about Ataturk previously due to a Turkish friend I made whilst I was still in college and was and I quote \"Ataturks #1 FANBOY\". He is a member of Ataturk's original founding party CHP (Republican People's Party), and spoke incredibly highly of him. He also was a non-practicing Muslim and lamented quietly to me on several occasions on how the country may be going in a more conservative direction, and looking to be friendly to its eastern neighbors rather than to the west. He felt that Attaturk had the right idea in wanting to modernize Turkey into a nation that was more \"progressive\" and \"forward-thinking\". So I guess my last question is really is Mustafa Kamal Ataturk life and work worth studying as a blueprint to understand how to progressively change a traditional Muslim society from top to bottom? Is that change even a worthwhile endeavor?\n\nI know this is a lot, and I hope my last question doesn't land me on the banned list. It does cover some very controversial topics, but I'm very curious and have a burning passion to know!", "user_reports": [], "saved": false, "mod_reason_title": null, "gilded": 0, "clicked": false, "title": "Conflicting Narratives of Mustafa Kamal Ataturk and the Young Turks", "link_flair_richtext": [], "subreddit_name_prefixed": "r/AskHistorians", "hidden": false, "pwls": 6, "link_flair_css_class": null, "downs": 0, "top_awarded_type": null, "parent_whitelist_status": "all_ads", "hide_score": false, "name": "t3_gbv6k6", "quarantine": false, "link_flair_text_color": "dark", "upvote_ratio": 0.66, "author_flair_background_color": null, "subreddit_type": "public", "ups": 1, "total_awards_received": 0, "media_embed": {}, "author_flair_template_id": null, "is_original_content": false, "author_fullname": "t2_55ydw14l", "secure_media": null, "is_reddit_media_domain": false, "is_meta": false, "category": null, "secure_media_embed": {}, "link_flair_text": null, "can_mod_post": false, "score": 1, "approved_by": null, "author_premium": false, "thumbnail": "", "edited": false, "author_flair_css_class": null, "author_flair_richtext": [], "gildings": {}, "content_categories": null, "is_self": true, "mod_note": null, "created": 1588408827.0, "link_flair_type": "text", "wls": 6, "removed_by_category": null, "banned_by": null, "author_flair_type": "text", "domain": "self.AskHistorians", "allow_live_comments": false, "selftext_html": "&lt;!-- SC_OFF --&gt;&lt;div class=\"md\"&gt;&lt;p&gt;I have recently stumbled across a mini-documentary from an amateur historian called &amp;quot;The Turkish Century&amp;quot; going over a brief history of Turkey starting from the Bronze Age to the late 20th century.&lt;/p&gt;\n\n&lt;p&gt;The part that really interested me was he started going over the life of Mustafa Kemal Atat\u00fcrk, the father of the modern nation of Turkey. Specifically his affiliation but also disagreements with the Young Turks, who tried to reform the late Ottoman Empire before WWI.&lt;/p&gt;\n\n&lt;p&gt;In the video, he discusses the complete ineptitude of the Young Turks and their pro-German leanings of government and politics. The blunders of the Pasha brothers, and failed campaigns into Russia during WWI. As well as, and this surprised me, Ataturks desire to have members of his own political party be tried for war crimes against the Armenians. He also discussed Ataturks incredibly progressive writings, political views, liberal legislation, and what most people would now today read as incredibly &amp;quot;pro-western&amp;quot; and central &amp;quot;eurocentric&amp;quot; viewpoints. Including giving women the right to vote before the United States, separating religion from the state, working to have an industry mimicking western governments, and anti-imperialist viewpoints.&lt;/p&gt;\n\n&lt;p&gt;Here are my questions:&lt;/p&gt;\n\n&lt;ul&gt;\n&lt;li&gt;Was Ataturk truly that much of a visionary?&lt;/li&gt;\n&lt;li&gt;Was he really that pro-western?&lt;/li&gt;\n&lt;li&gt;Were the Young Turks and the Pasha brother truly that incompetent as leaders?&lt;/li&gt;\n&lt;li&gt;It also talked about the Young Turk&amp;#39;s desire to create a new imperialist Turkish empire based on the idea of Pan-Turanism, was this the actual plan for the Pashas and the Young Turks?&lt;/li&gt;\n&lt;li&gt;Did Ataturk truly try to have members of his own party tried for War Crimes for the Armenian Genocide?&lt;/li&gt;\n&lt;li&gt;I&amp;#39;m very new to Turkish history and Ataturk. I&amp;#39;ve only heard about Ataturk previously due to a Turkish friend I made whilst I was still in college and was and I quote &amp;quot;Ataturks #1 FANBOY&amp;quot;. He is a member of Ataturk&amp;#39;s original founding party CHP (Republican People&amp;#39;s Party), and spoke incredibly highly of him. He also was a non-practicing Muslim and lamented quietly to me on several occasions on how the country may be going in a more conservative direction, and looking to be friendly to its eastern neighbors rather than to the west. He felt that Attaturk had the right idea in wanting to modernize Turkey into a nation that was more &amp;quot;progressive&amp;quot; and &amp;quot;forward-thinking&amp;quot;. So I guess my last question is really is Mustafa Kamal Ataturk life and work worth studying as a blueprint to understand how to progressively change a traditional Muslim society from top to bottom? Is that change even a worthwhile endeavor?&lt;/li&gt;\n&lt;/ul&gt;\n\n&lt;p&gt;I know this is a lot, and I hope my last question doesn&amp;#39;t land me on the banned list. It does cover some very controversial topics, but I&amp;#39;m very curious and have a burning passion to know!&lt;/p&gt;\n&lt;/div&gt;&lt;!-- SC_ON --&gt;", "likes": null, "suggested_sort": null, "banned_at_utc": null, "view_count": null, "archived": false, "no_follow": true, "is_crosspostable": false, "pinned": false, "over_18": false, "all_awardings": [], "awarders": [], "media_only": false, "can_gild": false, "spoiler": false, "locked": false, "author_flair_text": null, "treatment_tags": [], "visited": false, "removed_by": null, "num_reports": null, "distinguished": null, "subreddit_id": "t5_2ssp3", "mod_reason_by": null, "removal_reason": null, "link_flair_background_color": "", "id": "gbv6k6", "is_robot_indexable": true, "num_duplicates": 0, "report_reasons": null, "author": "ChoisGreatContinent", "discussion_type": null, "num_comments": 0, "send_replies": false, "media": null, "contest_mode": false, "author_patreon_flair": false, "author_flair_text_color": null, "permalink": "/r/AskHistorians/comments/gbv6k6/conflicting_narratives_of_mustafa_kamal_ataturk/", "whitelist_status": "all_ads", "stickied": false, "url": "https://www.reddit.com/r/AskHistorians/comments/gbv6k6/conflicting_narratives_of_mustafa_kamal_ataturk/", "subreddit_subscribers": 1192586, "created_utc": 1588380027.0, "num_crossposts": 0, "mod_reports": [], "is_video": false}}], "after": null, "before": null}}, {"kind": "Listing", "data": {"modhash": "", "dist": null, "children": [], "after": null, "before": null}}]