[{"kind": "Listing", "data": {"modhash": "", "dist": 1, "children": [{"kind": "t3", "data": {"approved_at_utc": null, "subreddit": "AskHistorians", "selftext": "Disclaimer: this is probably a stupid question. But, I am curious. \n\nRoots of this question: Japan had closed its borders in 1639 because those in power feared the European influence and given the somewhat recent Spanish conquest of the Philippines, I don\u2019t think it would entirely wrong to say they feared becoming like the Philippines, being under by European powers. In 1853 after the Perry Expedition, Japan opened its borders and the industrialization of Japan began and the rise of the Imperial Japan began. \n\nNow, when the Native Americans come into play, this question becomes a bit of a stretch I think. They did not realize the threat of the Europeans and by the time they did, they were losing quickly. So this is where my question spawns: \n\nIf the Native Americans could have realized the threat of the Europeans, was an alliance with the other various people\u2019s across the new continent possible, and if so, could they have put up an isolationist policy like japan so their way of life is preserved, and eventually (whether it be forced or not) reopen borders to industrialize, and potentially end up like Imperial Japan?", "user_reports": [], "saved": false, "mod_reason_title": null, "gilded": 0, "clicked": false, "title": "Is it possible that the Native Americans could have ended up like Imperial Japan?", "link_flair_richtext": [], "subreddit_name_prefixed": "r/AskHistorians", "hidden": false, "pwls": 6, "link_flair_css_class": null, "downs": 0, "top_awarded_type": null, "parent_whitelist_status": "all_ads", "hide_score": false, "name": "t3_gbw9f4", "quarantine": false, "link_flair_text_color": "dark", "upvote_ratio": 1.0, "author_flair_background_color": null, "subreddit_type": "public", "ups": 2, "total_awards_received": 0, "media_embed": {}, "author_flair_template_id": null, "is_original_content": false, "author_fullname": "t2_16yqha", "secure_media": null, "is_reddit_media_domain": false, "is_meta": false, "category": null, "secure_media_embed": {}, "link_flair_text": null, "can_mod_post": false, "score": 2, "approved_by": null, "author_premium": false, "thumbnail": "", "edited": false, "author_flair_css_class": null, "author_flair_richtext": [], "gildings": {}, "content_categories": null, "is_self": true, "mod_note": null, "created": 1588410496.0, "link_flair_type": "text", "wls": 6, "removed_by_category": null, "banned_by": null, "author_flair_type": "text", "domain": "self.AskHistorians", "allow_live_comments": false, "selftext_html": "&lt;!-- SC_OFF --&gt;&lt;div class=\"md\"&gt;&lt;p&gt;Disclaimer: this is probably a stupid question. But, I am curious. &lt;/p&gt;\n\n&lt;p&gt;Roots of this question: Japan had closed its borders in 1639 because those in power feared the European influence and given the somewhat recent Spanish conquest of the Philippines, I don\u2019t think it would entirely wrong to say they feared becoming like the Philippines, being under by European powers. In 1853 after the Perry Expedition, Japan opened its borders and the industrialization of Japan began and the rise of the Imperial Japan began. &lt;/p&gt;\n\n&lt;p&gt;Now, when the Native Americans come into play, this question becomes a bit of a stretch I think. They did not realize the threat of the Europeans and by the time they did, they were losing quickly. So this is where my question spawns: &lt;/p&gt;\n\n&lt;p&gt;If the Native Americans could have realized the threat of the Europeans, was an alliance with the other various people\u2019s across the new continent possible, and if so, could they have put up an isolationist policy like japan so their way of life is preserved, and eventually (whether it be forced or not) reopen borders to industrialize, and potentially end up like Imperial Japan?&lt;/p&gt;\n&lt;/div&gt;&lt;!-- SC_ON --&gt;", "likes": null, "suggested_sort": null, "banned_at_utc": null, "view_count": null, "archived": false, "no_follow": true, "is_crosspostable": false, "pinned": false, "over_18": false, "all_awardings": [], "awarders": [], "media_only": false, "can_gild": false, "spoiler": false, "locked": false, "author_flair_text": null, "treatment_tags": [], "visited": false, "removed_by": null, "num_reports": null, "distinguished": null, "subreddit_id": "t5_2ssp3", "mod_reason_by": null, "removal_reason": null, "link_flair_background_color": "", "id": "gbw9f4", "is_robot_indexable": true, "num_duplicates": 0, "report_reasons": null, "author": "WarmCookiesAndMilk", "discussion_type": null, "num_comments": 0, "send_replies": true, "media": null, "contest_mode": false, "author_patreon_flair": false, "author_flair_text_color": null, "permalink": "/r/AskHistorians/comments/gbw9f4/is_it_possible_that_the_native_americans_could/", "whitelist_status": "all_ads", "stickied": false, "url": "https://www.reddit.com/r/AskHistorians/comments/gbw9f4/is_it_possible_that_the_native_americans_could/", "subreddit_subscribers": 1192586, "created_utc": 1588381696.0, "num_crossposts": 0, "mod_reports": [], "is_video": false}}], "after": null, "before": null}}, {"kind": "Listing", "data": {"modhash": "", "dist": null, "children": [], "after": null, "before": null}}]