[{"kind": "Listing", "data": {"modhash": "", "dist": 1, "children": [{"kind": "t3", "data": {"approved_at_utc": null, "subreddit": "AskHistorians", "selftext": "In The Communist Manifesto, Marx and Engels provided ten planks, or suggestions, as to how they thought a transitory state working from capitalism towards communism could achieve its goals. After the failure of the revolutions of 1848, Marx would later preface these suggestions by saying \"no special stress\" should be given them. However, it is easy to see correlations between these suggestions and how state governance in Communist* countries played out. That being said, many Marxists minimize the influence of the Manifesto as it does not represent Marx's thought in its most \"mature\" form. So, how much of an impact did these planks have on state governance in Communist* countries?\n\n*By \"Communist\" I mean countries such as the USSR, Cuba and the People's Republic of China, which were governed by Communist parties.\n\nThe Ten Planks:\n\n&gt;1. Abolition of property in land and application of all rents of land to public purposes. \n2. A heavy progressive or graduated income tax. \n3. Abolition of all rights of inheritance. \n4. Confiscation of the property of all emigrants and rebels. \n5. Centralisation of credit in the hands of the state, by means of a national bank with State capital and an exclusive monopoly. \n6. Centralisation of the means of communication and transport in the hands of the State. \n7. Extension of factories and instruments of production owned by the State; the bringing into cultivation of waste-lands, and the improvement of the soil generally in accordance with a common plan. \n8. Equal liability of all to work. Establishment of industrial armies, especially for agriculture. \n9. Combination of agriculture with manufacturing industries; gradual abolition of all the distinction between town and country by a more equable distribution of the populace over the country. \n10. Free education for all children in public schools. Abolition of children\u2019s factory labour in its present form. Combination of education with industrial production, etc.\n\nhttps://www.marxists.org/archive/marx/works/1848/communist-manifesto/ch02.htm\n\nhttps://en.wikipedia.org/wiki/The_Communist_Manifesto#Influence\n\nPreface to the Manifesto:\n\nhttps://www.marxists.org/archive/marx/works/1848/communist-manifesto/preface.htm", "user_reports": [], "saved": false, "mod_reason_title": null, "gilded": 0, "clicked": false, "title": "How impactful were the Ten Planks of the Communist Manifesto on the implementation of governance in Communist countries of the 20th century?", "link_flair_richtext": [], "subreddit_name_prefixed": "r/AskHistorians", "hidden": false, "pwls": 6, "link_flair_css_class": null, "downs": 0, "parent_whitelist_status": "all_ads", "hide_score": false, "name": "t3_6388be", "quarantine": false, "link_flair_text_color": "dark", "upvote_ratio": 0.67, "author_flair_background_color": null, "subreddit_type": "public", "ups": 1, "domain": "self.AskHistorians", "media_embed": {}, "author_flair_template_id": null, "is_original_content": false, "secure_media": null, "is_reddit_media_domain": false, "category": null, "secure_media_embed": {}, "link_flair_text": null, "can_mod_post": false, "score": 1, "approved_by": null, "thumbnail": "", "edited": 1491241061.0, "author_flair_css_class": null, "author_flair_richtext": [], "content_categories": null, "is_self": true, "mod_note": null, "created": 1491269020.0, "link_flair_type": "text", "wls": 6, "post_categories": null, "banned_by": null, "author_flair_type": "text", "contest_mode": false, "selftext_html": "&lt;!-- SC_OFF --&gt;&lt;div class=\"md\"&gt;&lt;p&gt;In The Communist Manifesto, Marx and Engels provided ten planks, or suggestions, as to how they thought a transitory state working from capitalism towards communism could achieve its goals. After the failure of the revolutions of 1848, Marx would later preface these suggestions by saying &amp;quot;no special stress&amp;quot; should be given them. However, it is easy to see correlations between these suggestions and how state governance in Communist* countries played out. That being said, many Marxists minimize the influence of the Manifesto as it does not represent Marx&amp;#39;s thought in its most &amp;quot;mature&amp;quot; form. So, how much of an impact did these planks have on state governance in Communist* countries?&lt;/p&gt;\n\n&lt;p&gt;*By &amp;quot;Communist&amp;quot; I mean countries such as the USSR, Cuba and the People&amp;#39;s Republic of China, which were governed by Communist parties.&lt;/p&gt;\n\n&lt;p&gt;The Ten Planks:&lt;/p&gt;\n\n&lt;blockquote&gt;\n&lt;ol&gt;\n&lt;li&gt;Abolition of property in land and application of all rents of land to public purposes. &lt;/li&gt;\n&lt;li&gt;A heavy progressive or graduated income tax. &lt;/li&gt;\n&lt;li&gt;Abolition of all rights of inheritance. &lt;/li&gt;\n&lt;li&gt;Confiscation of the property of all emigrants and rebels. &lt;/li&gt;\n&lt;li&gt;Centralisation of credit in the hands of the state, by means of a national bank with State capital and an exclusive monopoly. &lt;/li&gt;\n&lt;li&gt;Centralisation of the means of communication and transport in the hands of the State. &lt;/li&gt;\n&lt;li&gt;Extension of factories and instruments of production owned by the State; the bringing into cultivation of waste-lands, and the improvement of the soil generally in accordance with a common plan. &lt;/li&gt;\n&lt;li&gt;Equal liability of all to work. Establishment of industrial armies, especially for agriculture. &lt;/li&gt;\n&lt;li&gt;Combination of agriculture with manufacturing industries; gradual abolition of all the distinction between town and country by a more equable distribution of the populace over the country. &lt;/li&gt;\n&lt;li&gt;Free education for all children in public schools. Abolition of children\u2019s factory labour in its present form. Combination of education with industrial production, etc.&lt;/li&gt;\n&lt;/ol&gt;\n&lt;/blockquote&gt;\n\n&lt;p&gt;&lt;a href=\"https://www.marxists.org/archive/marx/works/1848/communist-manifesto/ch02.htm\"&gt;https://www.marxists.org/archive/marx/works/1848/communist-manifesto/ch02.htm&lt;/a&gt;&lt;/p&gt;\n\n&lt;p&gt;&lt;a href=\"https://en.wikipedia.org/wiki/The_Communist_Manifesto#Influence\"&gt;https://en.wikipedia.org/wiki/The_Communist_Manifesto#Influence&lt;/a&gt;&lt;/p&gt;\n\n&lt;p&gt;Preface to the Manifesto:&lt;/p&gt;\n\n&lt;p&gt;&lt;a href=\"https://www.marxists.org/archive/marx/works/1848/communist-manifesto/preface.htm\"&gt;https://www.marxists.org/archive/marx/works/1848/communist-manifesto/preface.htm&lt;/a&gt;&lt;/p&gt;\n&lt;/div&gt;&lt;!-- SC_ON --&gt;", "likes": null, "suggested_sort": null, "banned_at_utc": null, "view_count": null, "archived": true, "no_follow": true, "is_crosspostable": false, "pinned": false, "over_18": false, "media_only": false, "can_gild": false, "spoiler": false, "locked": false, "author_flair_text": null, "rte_mode": "markdown", "visited": false, "num_reports": null, "distinguished": null, "subreddit_id": "t5_2ssp3", "mod_reason_by": null, "removal_reason": null, "id": "6388be", "report_reasons": null, "author": "kajimeiko", "num_crossposts": 0, "num_comments": 1, "send_replies": true, "mod_reports": [], "author_flair_text_color": null, "permalink": "/r/AskHistorians/comments/6388be/how_impactful_were_the_ten_planks_of_the/", "whitelist_status": "all_ads", "stickied": false, "url": "https://www.reddit.com/r/AskHistorians/comments/6388be/how_impactful_were_the_ten_planks_of_the/", "subreddit_subscribers": 770878, "created_utc": 1491240220.0, "media": null, "is_video": false}}], "after": null, "before": null}}, {"kind": "Listing", "data": {"modhash": "", "dist": null, "children": [{"kind": "t1", "data": {"subreddit_id": "t5_2ssp3", "approved_at_utc": null, "ups": 1, "mod_reason_by": null, "banned_by": null, "author_flair_type": "text", "removal_reason": null, "link_id": "t3_6388be", "author_flair_template_id": null, "likes": null, "no_follow": true, "replies": "", "user_reports": [], "saved": false, "id": "dfs1d1f", "banned_at_utc": null, "mod_reason_title": null, "gilded": 0, "archived": true, "report_reasons": null, "author": "corruptrevolutionary", "can_mod_post": false, "send_replies": true, "parent_id": "t3_6388be", "score": 1, "approved_by": null, "downs": 0, "body": "Follow up/ clarification question:\n\nHow are Point 1 and Point 4 different from each other? ", "edited": false, "author_flair_css_class": null, "collapsed": false, "author_flair_richtext": [], "is_submitter": false, "collapsed_reason": null, "body_html": "&lt;div class=\"md\"&gt;&lt;p&gt;Follow up/ clarification question:&lt;/p&gt;\n\n&lt;p&gt;How are Point 1 and Point 4 different from each other? &lt;/p&gt;\n&lt;/div&gt;", "stickied": false, "subreddit_type": "public", "can_gild": true, "subreddit": "AskHistorians", "author_flair_text_color": null, "score_hidden": false, "permalink": "/r/AskHistorians/comments/6388be/how_impactful_were_the_ten_planks_of_the/dfs1d1f/", "num_reports": null, "name": "t1_dfs1d1f", "created": 1491269778.0, "author_flair_text": null, "rte_mode": "markdown", "created_utc": 1491240978.0, "subreddit_name_prefixed": "r/AskHistorians", "controversiality": 0, "depth": 0, "author_flair_background_color": null, "mod_reports": [], "mod_note": null, "distinguished": null}}], "after": null, "before": null}}]