[{"kind": "Listing", "data": {"modhash": "", "dist": 1, "children": [{"kind": "t3", "data": {"approved_at_utc": null, "subreddit": "AskHistorians", "selftext": "I've heard many different accounts of Einstein's role in the Manhattan project, I'm wondering if there is a consensus view at this point", "user_reports": [], "saved": false, "mod_reason_title": null, "gilded": 0, "clicked": false, "title": "Albert Einstein and the Manhattan Project", "link_flair_richtext": [], "subreddit_name_prefixed": "r/AskHistorians", "hidden": false, "pwls": 6, "link_flair_css_class": null, "downs": 0, "parent_whitelist_status": "all_ads", "hide_score": false, "name": "t3_dc3o0b", "quarantine": false, "link_flair_text_color": "dark", "upvote_ratio": 0.75, "author_flair_background_color": null, "subreddit_type": "public", "ups": 2, "total_awards_received": 0, "media_embed": {}, "author_flair_template_id": null, "is_original_content": false, "author_fullname": "t2_nse7kij", "secure_media": null, "is_reddit_media_domain": false, "is_meta": false, "category": null, "secure_media_embed": {}, "link_flair_text": null, "can_mod_post": false, "num_duplicates": 1, "approved_by": null, "thumbnail": "", "edited": false, "author_flair_css_class": null, "steward_reports": [], "author_flair_richtext": [], "gildings": {}, "content_categories": null, "is_self": true, "mod_note": null, "created": 1570010131.0, "link_flair_type": "text", "wls": 6, "banned_by": null, "author_flair_type": "text", "domain": "self.AskHistorians", "allow_live_comments": false, "selftext_html": "&lt;!-- SC_OFF --&gt;&lt;div class=\"md\"&gt;&lt;p&gt;I&amp;#39;ve heard many different accounts of Einstein&amp;#39;s role in the Manhattan project, I&amp;#39;m wondering if there is a consensus view at this point&lt;/p&gt;\n&lt;/div&gt;&lt;!-- SC_ON --&gt;", "likes": null, "suggested_sort": null, "banned_at_utc": null, "view_count": null, "archived": false, "score": 2, "no_follow": false, "is_crosspostable": false, "pinned": false, "over_18": false, "all_awardings": [], "awarders": [], "media_only": false, "can_gild": false, "spoiler": false, "locked": false, "author_flair_text": null, "visited": false, "removed_by": null, "num_reports": null, "distinguished": null, "subreddit_id": "t5_2ssp3", "mod_reason_by": null, "removal_reason": null, "link_flair_background_color": "", "id": "dc3o0b", "is_robot_indexable": true, "report_reasons": null, "author": "Xenophon32", "discussion_type": null, "num_comments": 6, "send_replies": true, "media": null, "contest_mode": false, "author_patreon_flair": false, "author_flair_text_color": null, "permalink": "/r/AskHistorians/comments/dc3o0b/albert_einstein_and_the_manhattan_project/", "whitelist_status": "all_ads", "stickied": false, "url": "https://www.reddit.com/r/AskHistorians/comments/dc3o0b/albert_einstein_and_the_manhattan_project/", "subreddit_subscribers": 1040610, "created_utc": 1569981331.0, "num_crossposts": 0, "mod_reports": [], "is_video": false}}], "after": null, "before": null}}, {"kind": "Listing", "data": {"modhash": "", "dist": null, "children": [{"kind": "t1", "data": {"total_awards_received": 0, "approved_at_utc": null, "ups": 1, "awarders": [], "mod_reason_by": null, "banned_by": null, "author_flair_type": "richtext", "removal_reason": null, "link_id": "t3_dc3o0b", "author_flair_template_id": "9e641f94-c626-11e2-8e2c-12313b0b21ae", "likes": null, "replies": "", "user_reports": [], "saved": false, "id": "f25qpmj", "banned_at_utc": null, "mod_reason_title": null, "gilded": 0, "archived": false, "no_follow": true, "author": "AutoModerator", "can_mod_post": false, "send_replies": false, "parent_id": "t3_dc3o0b", "score": 1, "author_fullname": "t2_6l4z3", "report_reasons": null, "approved_by": null, "all_awardings": [], "subreddit_id": "t5_2ssp3", "body": "Welcome to /r/AskHistorians. **Please be sure to [Read Our Rules](https://www.reddit.com/r/AskHistorians/wiki/rules) before you contribute to this community**.  \n\nWe thank you for your interest in this *question*, and your patience in waiting for an in-depth and comprehensive answer to be written, which takes time. Please consider **[Clicking Here for RemindMeBot](https://www.reddit.com/message/compose/?to=RemindMeBot&amp;subject=Reminder&amp;message=%5Bhttps://www.reddit.com/r/AskHistorians/comments/dc3o0b/albert_einstein_and_the_manhattan_project/%5D%0A%0ARemindMe!++2+days)**, or using [these alternatives](/r/AskHistorians/comments/8p0s9b/roundtable_21_be_kindremind_the_mod_approved/). In the meantime our [Twitter](https://twitter.com/askhistorians), [Facebook](https://www.facebook.com/askhistorians/), and [Sunday Digest](https://www.reddit.com/r/AskHistorians/search?q=title%3A%22Sunday+Digest%22&amp;restrict_sr=on&amp;sort=new&amp;t=all) feature excellent content that has already been written!\n\n[Please leave feedback on this test message here.](https://www.reddit.com/r/AskHistorians/comments/btz9o5/testing_testing_123_well_be_trying_out_an/)\n\n\n*I am a bot, and this action was performed automatically. Please [contact the moderators of this subreddit](/message/compose/?to=/r/AskHistorians) if you have any questions or concerns.*", "edited": false, "author_flair_css_class": "moderator", "steward_reports": [], "is_submitter": false, "downs": 0, "author_flair_richtext": [{"e": "text", "t": "History of Robotics"}], "author_patreon_flair": false, "body_html": "&lt;div class=\"md\"&gt;&lt;p&gt;Welcome to &lt;a href=\"/r/AskHistorians\"&gt;/r/AskHistorians&lt;/a&gt;. &lt;strong&gt;Please be sure to &lt;a href=\"https://www.reddit.com/r/AskHistorians/wiki/rules\"&gt;Read Our Rules&lt;/a&gt; before you contribute to this community&lt;/strong&gt;.  &lt;/p&gt;\n\n&lt;p&gt;We thank you for your interest in this &lt;em&gt;question&lt;/em&gt;, and your patience in waiting for an in-depth and comprehensive answer to be written, which takes time. Please consider &lt;strong&gt;&lt;a href=\"https://www.reddit.com/message/compose/?to=RemindMeBot&amp;amp;subject=Reminder&amp;amp;message=%5Bhttps://www.reddit.com/r/AskHistorians/comments/dc3o0b/albert_einstein_and_the_manhattan_project/%5D%0A%0ARemindMe!++2+days\"&gt;Clicking Here for RemindMeBot&lt;/a&gt;&lt;/strong&gt;, or using &lt;a href=\"/r/AskHistorians/comments/8p0s9b/roundtable_21_be_kindremind_the_mod_approved/\"&gt;these alternatives&lt;/a&gt;. In the meantime our &lt;a href=\"https://twitter.com/askhistorians\"&gt;Twitter&lt;/a&gt;, &lt;a href=\"https://www.facebook.com/askhistorians/\"&gt;Facebook&lt;/a&gt;, and &lt;a href=\"https://www.reddit.com/r/AskHistorians/search?q=title%3A%22Sunday+Digest%22&amp;amp;restrict_sr=on&amp;amp;sort=new&amp;amp;t=all\"&gt;Sunday Digest&lt;/a&gt; feature excellent content that has already been written!&lt;/p&gt;\n\n&lt;p&gt;&lt;a href=\"https://www.reddit.com/r/AskHistorians/comments/btz9o5/testing_testing_123_well_be_trying_out_an/\"&gt;Please leave feedback on this test message here.&lt;/a&gt;&lt;/p&gt;\n\n&lt;p&gt;&lt;em&gt;I am a bot, and this action was performed automatically. Please &lt;a href=\"/message/compose/?to=/r/AskHistorians\"&gt;contact the moderators of this subreddit&lt;/a&gt; if you have any questions or concerns.&lt;/em&gt;&lt;/p&gt;\n&lt;/div&gt;", "gildings": {}, "collapsed_reason": null, "associated_award": null, "stickied": true, "subreddit_type": "public", "can_gild": true, "subreddit": "AskHistorians", "author_flair_text_color": "light", "score_hidden": true, "permalink": "/r/AskHistorians/comments/dc3o0b/albert_einstein_and_the_manhattan_project/f25qpmj/", "num_reports": null, "locked": true, "name": "t1_f25qpmj", "created": 1570010132.0, "author_flair_text": "History of Robotics", "collapsed": false, "created_utc": 1569981332.0, "subreddit_name_prefixed": "r/AskHistorians", "controversiality": 0, "depth": 0, "author_flair_background_color": "#8b008b", "mod_reports": [], "mod_note": null, "distinguished": "moderator"}}, {"kind": "t1", "data": {"total_awards_received": 0, "approved_at_utc": null, "ups": 8, "awarders": [], "mod_reason_by": null, "banned_by": null, "author_flair_type": "richtext", "removal_reason": null, "link_id": "t3_dc3o0b", "author_flair_template_id": "926c8f8c-c626-11e2-a72b-12313b06caaf", "likes": null, "replies": {"kind": "Listing", "data": {"modhash": "", "dist": null, "children": [{"kind": "t1", "data": {"total_awards_received": 0, "approved_at_utc": null, "ups": 1, "awarders": [], "mod_reason_by": null, "banned_by": null, "author_flair_type": "text", "removal_reason": null, "link_id": "t3_dc3o0b", "author_flair_template_id": null, "likes": null, "replies": {"kind": "Listing", "data": {"modhash": "", "dist": null, "children": [{"kind": "t1", "data": {"total_awards_received": 0, "approved_at_utc": null, "ups": 2, "awarders": [], "mod_reason_by": null, "banned_by": null, "author_flair_type": "richtext", "removal_reason": null, "link_id": "t3_dc3o0b", "author_flair_template_id": "926c8f8c-c626-11e2-a72b-12313b06caaf", "likes": null, "replies": {"kind": "Listing", "data": {"modhash": "", "dist": null, "children": [{"kind": "t1", "data": {"total_awards_received": 0, "approved_at_utc": null, "ups": 1, "awarders": [], "mod_reason_by": null, "banned_by": null, "author_flair_type": "text", "removal_reason": null, "link_id": "t3_dc3o0b", "author_flair_template_id": null, "likes": null, "replies": "", "user_reports": [], "saved": false, "id": "f2bs3q8", "banned_at_utc": null, "mod_reason_title": null, "gilded": 0, "archived": false, "no_follow": true, "author": "Xenophon32", "can_mod_post": false, "send_replies": true, "parent_id": "t1_f2brnry", "score": 1, "author_fullname": "t2_nse7kij", "report_reasons": null, "approved_by": null, "all_awardings": [], "subreddit_id": "t5_2ssp3", "body": "Thanks", "edited": false, "author_flair_css_class": null, "steward_reports": [], "is_submitter": true, "downs": 0, "author_flair_richtext": [], "author_patreon_flair": false, "body_html": "&lt;div class=\"md\"&gt;&lt;p&gt;Thanks&lt;/p&gt;\n&lt;/div&gt;", "gildings": {}, "collapsed_reason": null, "associated_award": null, "stickied": false, "subreddit_type": "public", "can_gild": true, "subreddit": "AskHistorians", "author_flair_text_color": null, "score_hidden": false, "permalink": "/r/AskHistorians/comments/dc3o0b/albert_einstein_and_the_manhattan_project/f2bs3q8/", "num_reports": null, "locked": false, "name": "t1_f2bs3q8", "created": 1570159099.0, "author_flair_text": null, "collapsed": false, "created_utc": 1570130299.0, "subreddit_name_prefixed": "r/AskHistorians", "controversiality": 0, "depth": 3, "author_flair_background_color": null, "mod_reports": [], "mod_note": null, "distinguished": null}}], "after": null, "before": null}}, "user_reports": [], "saved": false, "id": "f2brnry", "banned_at_utc": null, "mod_reason_title": null, "gilded": 0, "archived": false, "no_follow": true, "author": "restricteddata", "can_mod_post": false, "send_replies": true, "parent_id": "t1_f2bedio", "score": 2, "author_fullname": "t2_8brve", "report_reasons": null, "approved_by": null, "all_awardings": [], "subreddit_id": "t5_2ssp3", "body": "He wasn't part of it \u2014 he was deliberately excluded.", "edited": false, "author_flair_css_class": "technology", "steward_reports": [], "is_submitter": false, "downs": 0, "author_flair_richtext": [{"e": "text", "t": "Nuclear Technology | Modern Science"}], "author_patreon_flair": false, "body_html": "&lt;div class=\"md\"&gt;&lt;p&gt;He wasn&amp;#39;t part of it \u2014 he was deliberately excluded.&lt;/p&gt;\n&lt;/div&gt;", "gildings": {}, "collapsed_reason": null, "associated_award": null, "stickied": false, "subreddit_type": "public", "can_gild": true, "subreddit": "AskHistorians", "author_flair_text_color": "light", "score_hidden": false, "permalink": "/r/AskHistorians/comments/dc3o0b/albert_einstein_and_the_manhattan_project/f2brnry/", "num_reports": null, "locked": false, "name": "t1_f2brnry", "created": 1570158926.0, "author_flair_text": "Nuclear Technology | Modern Science", "collapsed": false, "created_utc": 1570130126.0, "subreddit_name_prefixed": "r/AskHistorians", "controversiality": 0, "depth": 2, "author_flair_background_color": "#666666", "mod_reports": [], "mod_note": null, "distinguished": null}}], "after": null, "before": null}}, "user_reports": [], "saved": false, "id": "f2bedio", "banned_at_utc": null, "mod_reason_title": null, "gilded": 0, "archived": false, "no_follow": true, "author": "Xenophon32", "can_mod_post": false, "send_replies": true, "parent_id": "t1_f270v51", "score": 1, "author_fullname": "t2_nse7kij", "report_reasons": null, "approved_by": null, "all_awardings": [], "subreddit_id": "t5_2ssp3", "body": "Sorry for the late reply, but part of my interest in this is why he was part of such a confidential project when his expertise wasn't really needed?", "edited": false, "author_flair_css_class": null, "steward_reports": [], "is_submitter": true, "downs": 0, "author_flair_richtext": [], "author_patreon_flair": false, "body_html": "&lt;div class=\"md\"&gt;&lt;p&gt;Sorry for the late reply, but part of my interest in this is why he was part of such a confidential project when his expertise wasn&amp;#39;t really needed?&lt;/p&gt;\n&lt;/div&gt;", "gildings": {}, "collapsed_reason": null, "associated_award": null, "stickied": false, "subreddit_type": "public", "can_gild": true, "subreddit": "AskHistorians", "author_flair_text_color": null, "score_hidden": false, "permalink": "/r/AskHistorians/comments/dc3o0b/albert_einstein_and_the_manhattan_project/f2bedio/", "num_reports": null, "locked": false, "name": "t1_f2bedio", "created": 1570154136.0, "author_flair_text": null, "collapsed": false, "created_utc": 1570125336.0, "subreddit_name_prefixed": "r/AskHistorians", "controversiality": 0, "depth": 1, "author_flair_background_color": null, "mod_reports": [], "mod_note": null, "distinguished": null}}], "after": null, "before": null}}, "user_reports": [], "saved": false, "id": "f270v51", "banned_at_utc": null, "mod_reason_title": null, "gilded": 0, "archived": false, "no_follow": false, "author": "restricteddata", "can_mod_post": false, "send_replies": true, "parent_id": "t3_dc3o0b", "score": 8, "author_fullname": "t2_8brve", "report_reasons": null, "approved_by": null, "all_awardings": [], "subreddit_id": "t5_2ssp3", "body": "I mean, there's no real dispute over his role, really. There are just very poor accounts of it, and better accounts of it.\n\nEinstein signed a letter in late 1939 written by Leo Szilard (with some input from Einstein himself) that was addressed to President Roosevelt. This letter was taken to Roosevelt by Alexander Sachs, an economist who FDR met with occasionally. Sachs related the contents of the letter to FDR, who agreed that something ought to be done about the possibility of nuclear fission being used in weapons, and so this led to the creation of the Uranium Committee at the National Bureau of Standards. This was not the Manhattan Project, and was not a bomb project: it was a body meant to organize and coordinate research into uranium fission, and helped coordinate a very modest amount of funding to this end. \n\nThe Manhattan Project \u2014 that is, the project to make and use an atomic bomb \u2014 did not start until late 1941, and this was after several organizational changes. The impetus for it came not from Einstein, nor even the Uranium Committee, but from the British MAUD Committee, who sent over an emissary in the summer of 1941 to meet with top US scientist-administrators and convinced them that a bomb might be possible. Even then it went through several steps before the final Manhattan Project decision. So I don't really credit Einstein with \"starting the Manhattan Project\" \u2014 he did help start the US government's attention to uranium fission, but that was not the Manhattan Project. The Einstein-Szilard letter does not say an atomic bomb should be built (much less used), merely that the government should be keeping abreast of the research. It is very modest compared to what came later.\n\nOther than that:\n\n* Einstein's name was originally on the name of members of the Uranium Committee (July 1940), but it was X'd out. Apparently it was decided to exclude him. I have not seen much that explains why this occurred, it may be for the political reasons discussed below.\n\n* Vannevar Bush, head of the Office of Scientific Research &amp; Development (which had absorbed the Uranium Committee and later coordinated the civilian research of the Manhattan Project), did look into using Einstein as a consultant on the project in 1942, as it was building up. Through an intermediary they gave Einstein a very \"sanitized\" version of one of their research problems (relating to gaseous diffusion enrichment). Einstein's answer was too theoretical and impractical. Harold Urey, another member of the project, concluded that Einstein's work \"has been of the nature of resolving very fundamental problems involving the most general type of mathematics. He has never done anything in which careful long difficult detailed calculations have been involved. The present problem in which we are interested is of the latter type.\" Bush concurred in this assessment and he was not further used.\n\nSeparately there is the issue that Einstein's politics were very \"red\" (he was a small-s socialist, and a pacifist), and so it is clear that those involved did not entirely trust him with information about the project. (On this see Fred Jerome, _The Einstein File_.)\n\nAnyway \u2014 the above more or less summarizes Einstein's direct role in the Manhattan Project. One can ask whether his science (e.g., E=mc^2 ) played a role; it did not play a large one. As Manhattan Project physicist Robert Serber put it: \n\n&gt; Somehow the popular notion took hold long ago that Einstein's theory of relativity, in particular his famous equation E = mc2, plays some essential role in the theory of fission. Albert Einstein had a part in alerting the United States government to the possibility of building an atomic bomb, but his theory of relativity is not required in discussing fission. The theory of fission is what physicists call a non-relativistic theory, meaning that relativistic effects are too small to affect the dynamics of the fission process significantly. \n\nRobert Serber, _The Los Alamos Primer: The First Lectures on How to Build an Atomic Bomb_ (University of California Press, 1992), on 7.\n\nAs I like to put it, E=mc^2 is as relevant to making the atomic bomb as Newton's laws are to putting a man on the moon: it gives you some ability to make sense of what is going on at a physical level after the fact, but gives you no indication that it is practically possible, much less any indication as to how to do it.", "edited": false, "author_flair_css_class": "technology", "steward_reports": [], "is_submitter": false, "downs": 0, "author_flair_richtext": [{"e": "text", "t": "Nuclear Technology | Modern Science"}], "author_patreon_flair": false, "body_html": "&lt;div class=\"md\"&gt;&lt;p&gt;I mean, there&amp;#39;s no real dispute over his role, really. There are just very poor accounts of it, and better accounts of it.&lt;/p&gt;\n\n&lt;p&gt;Einstein signed a letter in late 1939 written by Leo Szilard (with some input from Einstein himself) that was addressed to President Roosevelt. This letter was taken to Roosevelt by Alexander Sachs, an economist who FDR met with occasionally. Sachs related the contents of the letter to FDR, who agreed that something ought to be done about the possibility of nuclear fission being used in weapons, and so this led to the creation of the Uranium Committee at the National Bureau of Standards. This was not the Manhattan Project, and was not a bomb project: it was a body meant to organize and coordinate research into uranium fission, and helped coordinate a very modest amount of funding to this end. &lt;/p&gt;\n\n&lt;p&gt;The Manhattan Project \u2014 that is, the project to make and use an atomic bomb \u2014 did not start until late 1941, and this was after several organizational changes. The impetus for it came not from Einstein, nor even the Uranium Committee, but from the British MAUD Committee, who sent over an emissary in the summer of 1941 to meet with top US scientist-administrators and convinced them that a bomb might be possible. Even then it went through several steps before the final Manhattan Project decision. So I don&amp;#39;t really credit Einstein with &amp;quot;starting the Manhattan Project&amp;quot; \u2014 he did help start the US government&amp;#39;s attention to uranium fission, but that was not the Manhattan Project. The Einstein-Szilard letter does not say an atomic bomb should be built (much less used), merely that the government should be keeping abreast of the research. It is very modest compared to what came later.&lt;/p&gt;\n\n&lt;p&gt;Other than that:&lt;/p&gt;\n\n&lt;ul&gt;\n&lt;li&gt;&lt;p&gt;Einstein&amp;#39;s name was originally on the name of members of the Uranium Committee (July 1940), but it was X&amp;#39;d out. Apparently it was decided to exclude him. I have not seen much that explains why this occurred, it may be for the political reasons discussed below.&lt;/p&gt;&lt;/li&gt;\n&lt;li&gt;&lt;p&gt;Vannevar Bush, head of the Office of Scientific Research &amp;amp; Development (which had absorbed the Uranium Committee and later coordinated the civilian research of the Manhattan Project), did look into using Einstein as a consultant on the project in 1942, as it was building up. Through an intermediary they gave Einstein a very &amp;quot;sanitized&amp;quot; version of one of their research problems (relating to gaseous diffusion enrichment). Einstein&amp;#39;s answer was too theoretical and impractical. Harold Urey, another member of the project, concluded that Einstein&amp;#39;s work &amp;quot;has been of the nature of resolving very fundamental problems involving the most general type of mathematics. He has never done anything in which careful long difficult detailed calculations have been involved. The present problem in which we are interested is of the latter type.&amp;quot; Bush concurred in this assessment and he was not further used.&lt;/p&gt;&lt;/li&gt;\n&lt;/ul&gt;\n\n&lt;p&gt;Separately there is the issue that Einstein&amp;#39;s politics were very &amp;quot;red&amp;quot; (he was a small-s socialist, and a pacifist), and so it is clear that those involved did not entirely trust him with information about the project. (On this see Fred Jerome, &lt;em&gt;The Einstein File&lt;/em&gt;.)&lt;/p&gt;\n\n&lt;p&gt;Anyway \u2014 the above more or less summarizes Einstein&amp;#39;s direct role in the Manhattan Project. One can ask whether his science (e.g., E=mc&lt;sup&gt;2&lt;/sup&gt; ) played a role; it did not play a large one. As Manhattan Project physicist Robert Serber put it: &lt;/p&gt;\n\n&lt;blockquote&gt;\n&lt;p&gt;Somehow the popular notion took hold long ago that Einstein&amp;#39;s theory of relativity, in particular his famous equation E = mc2, plays some essential role in the theory of fission. Albert Einstein had a part in alerting the United States government to the possibility of building an atomic bomb, but his theory of relativity is not required in discussing fission. The theory of fission is what physicists call a non-relativistic theory, meaning that relativistic effects are too small to affect the dynamics of the fission process significantly. &lt;/p&gt;\n&lt;/blockquote&gt;\n\n&lt;p&gt;Robert Serber, &lt;em&gt;The Los Alamos Primer: The First Lectures on How to Build an Atomic Bomb&lt;/em&gt; (University of California Press, 1992), on 7.&lt;/p&gt;\n\n&lt;p&gt;As I like to put it, E=mc&lt;sup&gt;2&lt;/sup&gt; is as relevant to making the atomic bomb as Newton&amp;#39;s laws are to putting a man on the moon: it gives you some ability to make sense of what is going on at a physical level after the fact, but gives you no indication that it is practically possible, much less any indication as to how to do it.&lt;/p&gt;\n&lt;/div&gt;", "gildings": {}, "collapsed_reason": null, "associated_award": null, "stickied": false, "subreddit_type": "public", "can_gild": true, "subreddit": "AskHistorians", "author_flair_text_color": "light", "score_hidden": false, "permalink": "/r/AskHistorians/comments/dc3o0b/albert_einstein_and_the_manhattan_project/f270v51/", "num_reports": null, "locked": false, "name": "t1_f270v51", "created": 1570056980.0, "author_flair_text": "Nuclear Technology | Modern Science", "collapsed": false, "created_utc": 1570028180.0, "subreddit_name_prefixed": "r/AskHistorians", "controversiality": 0, "depth": 0, "author_flair_background_color": "#666666", "mod_reports": [], "mod_note": null, "distinguished": null}}, {"kind": "t1", "data": {"total_awards_received": 0, "approved_at_utc": null, "ups": 1, "awarders": [], "mod_reason_by": null, "banned_by": null, "author_flair_type": "richtext", "removal_reason": null, "link_id": "t3_dc3o0b", "author_flair_template_id": "a2b4c2a0-86f6-11e9-ad66-0e43b2a6cfb2", "likes": null, "replies": "", "user_reports": [], "saved": false, "id": "f26epqs", "banned_at_utc": null, "mod_reason_title": null, "gilded": 0, "archived": false, "no_follow": true, "author": "voyeur324", "can_mod_post": false, "send_replies": true, "parent_id": "t3_dc3o0b", "score": 1, "author_fullname": "t2_8f6ehli", "report_reasons": null, "approved_by": null, "all_awardings": [], "subreddit_id": "t5_2ssp3", "body": "/u/restricteddata has addressed this [briefly during an AMA.](https://www.reddit.com/r/AskHistorians/comments/3e76ig/ama_the_manhattan_project/ctc5483/). Read the blog entry linked therein.", "edited": false, "author_flair_css_class": null, "steward_reports": [], "is_submitter": false, "downs": 0, "author_flair_richtext": [{"e": "text", "t": "FAQ Finder "}, {"a": ":bestof:", "u": "https://emoji.redditmedia.com/8z8jo4qrvd231_t5_2ssp3/bestof", "e": "emoji"}], "author_patreon_flair": false, "body_html": "&lt;div class=\"md\"&gt;&lt;p&gt;&lt;a href=\"/u/restricteddata\"&gt;/u/restricteddata&lt;/a&gt; has addressed this &lt;a href=\"https://www.reddit.com/r/AskHistorians/comments/3e76ig/ama_the_manhattan_project/ctc5483/\"&gt;briefly during an AMA.&lt;/a&gt;. Read the blog entry linked therein.&lt;/p&gt;\n&lt;/div&gt;", "gildings": {}, "collapsed_reason": null, "associated_award": null, "stickied": false, "subreddit_type": "public", "can_gild": true, "subreddit": "AskHistorians", "author_flair_text_color": "light", "score_hidden": false, "permalink": "/r/AskHistorians/comments/dc3o0b/albert_einstein_and_the_manhattan_project/f26epqs/", "num_reports": null, "locked": false, "name": "t1_f26epqs", "created": 1570035120.0, "author_flair_text": "FAQ Finder :bestof:", "collapsed": false, "created_utc": 1570006320.0, "subreddit_name_prefixed": "r/AskHistorians", "controversiality": 0, "depth": 0, "author_flair_background_color": "#b87317", "mod_reports": [], "mod_note": null, "distinguished": null}}], "after": null, "before": null}}]