[{"kind": "Listing", "data": {"modhash": "", "dist": 1, "children": [{"kind": "t3", "data": {"approved_at_utc": null, "subreddit": "AskHistorians", "selftext": "I cant imagine the trenches had area for showers etc. Assuming the soldiers would go months on end without being affording the ability to shower or clean themselves did this contribute meaningfully to disease?", "user_reports": [], "saved": false, "mod_reason_title": null, "gilded": 0, "clicked": false, "title": "What was personal Hygiene like in WWI", "link_flair_richtext": [], "subreddit_name_prefixed": "r/AskHistorians", "hidden": false, "pwls": 6, "link_flair_css_class": null, "downs": 0, "parent_whitelist_status": "all_ads", "hide_score": false, "name": "t3_dcccem", "quarantine": false, "link_flair_text_color": "dark", "upvote_ratio": 1.0, "author_flair_background_color": null, "subreddit_type": "public", "ups": 3, "total_awards_received": 0, "media_embed": {}, "author_flair_template_id": null, "is_original_content": false, "author_fullname": "t2_sdlk2", "secure_media": null, "is_reddit_media_domain": false, "is_meta": false, "category": null, "secure_media_embed": {}, "link_flair_text": null, "can_mod_post": false, "num_duplicates": 1, "approved_by": null, "thumbnail": "", "edited": false, "author_flair_css_class": null, "steward_reports": [], "author_flair_richtext": [], "gildings": {}, "content_categories": null, "is_self": true, "mod_note": null, "created": 1570061379.0, "link_flair_type": "text", "wls": 6, "banned_by": null, "author_flair_type": "text", "domain": "self.AskHistorians", "allow_live_comments": false, "selftext_html": "&lt;!-- SC_OFF --&gt;&lt;div class=\"md\"&gt;&lt;p&gt;I cant imagine the trenches had area for showers etc. Assuming the soldiers would go months on end without being affording the ability to shower or clean themselves did this contribute meaningfully to disease?&lt;/p&gt;\n&lt;/div&gt;&lt;!-- SC_ON --&gt;", "likes": null, "suggested_sort": null, "banned_at_utc": null, "view_count": null, "archived": false, "score": 3, "no_follow": false, "is_crosspostable": false, "pinned": false, "over_18": false, "all_awardings": [], "awarders": [], "media_only": false, "can_gild": false, "spoiler": false, "locked": false, "author_flair_text": null, "visited": false, "removed_by": null, "num_reports": null, "distinguished": null, "subreddit_id": "t5_2ssp3", "mod_reason_by": null, "removal_reason": null, "link_flair_background_color": "", "id": "dcccem", "is_robot_indexable": true, "report_reasons": null, "author": "Jherik", "discussion_type": null, "num_comments": 9, "send_replies": true, "media": null, "contest_mode": false, "author_patreon_flair": false, "author_flair_text_color": null, "permalink": "/r/AskHistorians/comments/dcccem/what_was_personal_hygiene_like_in_wwi/", "whitelist_status": "all_ads", "stickied": false, "url": "https://www.reddit.com/r/AskHistorians/comments/dcccem/what_was_personal_hygiene_like_in_wwi/", "subreddit_subscribers": 1040614, "created_utc": 1570032579.0, "num_crossposts": 0, "mod_reports": [], "is_video": false}}], "after": null, "before": null}}, {"kind": "Listing", "data": {"modhash": "", "dist": null, "children": [{"kind": "t1", "data": {"total_awards_received": 0, "approved_at_utc": null, "ups": 1, "awarders": [], "mod_reason_by": null, "banned_by": null, "author_flair_type": "richtext", "removal_reason": null, "link_id": "t3_dcccem", "author_flair_template_id": "9e641f94-c626-11e2-8e2c-12313b0b21ae", "likes": null, "replies": "", "user_reports": [], "saved": false, "id": "f2785b0", "banned_at_utc": null, "mod_reason_title": null, "gilded": 0, "archived": false, "no_follow": true, "author": "AutoModerator", "can_mod_post": false, "send_replies": false, "parent_id": "t3_dcccem", "score": 1, "author_fullname": "t2_6l4z3", "report_reasons": null, "approved_by": null, "all_awardings": [], "subreddit_id": "t5_2ssp3", "body": "Welcome to /r/AskHistorians. **Please be sure to [Read Our Rules](https://www.reddit.com/r/AskHistorians/wiki/rules) before you contribute to this community**.  \n\nWe thank you for your interest in this *question*, and your patience in waiting for an in-depth and comprehensive answer to be written, which takes time. Please consider **[Clicking Here for RemindMeBot](https://www.reddit.com/message/compose/?to=RemindMeBot&amp;subject=Reminder&amp;message=%5Bhttps://www.reddit.com/r/AskHistorians/comments/dcccem/what_was_personal_hygiene_like_in_wwi/%5D%0A%0ARemindMe!++2+days)**, or using [these alternatives](/r/AskHistorians/comments/8p0s9b/roundtable_21_be_kindremind_the_mod_approved/). In the meantime our [Twitter](https://twitter.com/askhistorians), [Facebook](https://www.facebook.com/askhistorians/), and [Sunday Digest](https://www.reddit.com/r/AskHistorians/search?q=title%3A%22Sunday+Digest%22&amp;restrict_sr=on&amp;sort=new&amp;t=all) feature excellent content that has already been written!\n\n[Please leave feedback on this test message here.](https://www.reddit.com/r/AskHistorians/comments/btz9o5/testing_testing_123_well_be_trying_out_an/)\n\n\n*I am a bot, and this action was performed automatically. Please [contact the moderators of this subreddit](/message/compose/?to=/r/AskHistorians) if you have any questions or concerns.*", "edited": false, "author_flair_css_class": "moderator", "steward_reports": [], "is_submitter": false, "downs": 0, "author_flair_richtext": [{"e": "text", "t": "History of Robotics"}], "author_patreon_flair": false, "body_html": "&lt;div class=\"md\"&gt;&lt;p&gt;Welcome to &lt;a href=\"/r/AskHistorians\"&gt;/r/AskHistorians&lt;/a&gt;. &lt;strong&gt;Please be sure to &lt;a href=\"https://www.reddit.com/r/AskHistorians/wiki/rules\"&gt;Read Our Rules&lt;/a&gt; before you contribute to this community&lt;/strong&gt;.  &lt;/p&gt;\n\n&lt;p&gt;We thank you for your interest in this &lt;em&gt;question&lt;/em&gt;, and your patience in waiting for an in-depth and comprehensive answer to be written, which takes time. Please consider &lt;strong&gt;&lt;a href=\"https://www.reddit.com/message/compose/?to=RemindMeBot&amp;amp;subject=Reminder&amp;amp;message=%5Bhttps://www.reddit.com/r/AskHistorians/comments/dcccem/what_was_personal_hygiene_like_in_wwi/%5D%0A%0ARemindMe!++2+days\"&gt;Clicking Here for RemindMeBot&lt;/a&gt;&lt;/strong&gt;, or using &lt;a href=\"/r/AskHistorians/comments/8p0s9b/roundtable_21_be_kindremind_the_mod_approved/\"&gt;these alternatives&lt;/a&gt;. In the meantime our &lt;a href=\"https://twitter.com/askhistorians\"&gt;Twitter&lt;/a&gt;, &lt;a href=\"https://www.facebook.com/askhistorians/\"&gt;Facebook&lt;/a&gt;, and &lt;a href=\"https://www.reddit.com/r/AskHistorians/search?q=title%3A%22Sunday+Digest%22&amp;amp;restrict_sr=on&amp;amp;sort=new&amp;amp;t=all\"&gt;Sunday Digest&lt;/a&gt; feature excellent content that has already been written!&lt;/p&gt;\n\n&lt;p&gt;&lt;a href=\"https://www.reddit.com/r/AskHistorians/comments/btz9o5/testing_testing_123_well_be_trying_out_an/\"&gt;Please leave feedback on this test message here.&lt;/a&gt;&lt;/p&gt;\n\n&lt;p&gt;&lt;em&gt;I am a bot, and this action was performed automatically. Please &lt;a href=\"/message/compose/?to=/r/AskHistorians\"&gt;contact the moderators of this subreddit&lt;/a&gt; if you have any questions or concerns.&lt;/em&gt;&lt;/p&gt;\n&lt;/div&gt;", "gildings": {}, "collapsed_reason": null, "associated_award": null, "stickied": true, "subreddit_type": "public", "can_gild": true, "subreddit": "AskHistorians", "author_flair_text_color": "light", "score_hidden": true, "permalink": "/r/AskHistorians/comments/dcccem/what_was_personal_hygiene_like_in_wwi/f2785b0/", "num_reports": null, "locked": true, "name": "t1_f2785b0", "created": 1570061380.0, "author_flair_text": "History of Robotics", "collapsed": false, "created_utc": 1570032580.0, "subreddit_name_prefixed": "r/AskHistorians", "controversiality": 0, "depth": 0, "author_flair_background_color": "#8b008b", "mod_reports": [], "mod_note": null, "distinguished": "moderator"}}, {"kind": "t1", "data": {"total_awards_received": 0, "approved_at_utc": null, "ups": 6, "awarders": [], "mod_reason_by": null, "banned_by": null, "author_flair_type": "text", "removal_reason": null, "link_id": "t3_dcccem", "author_flair_template_id": null, "likes": null, "replies": {"kind": "Listing", "data": {"modhash": "", "dist": null, "children": [{"kind": "t1", "data": {"total_awards_received": 0, "approved_at_utc": null, "ups": 6, "awarders": [], "mod_reason_by": null, "banned_by": null, "author_flair_type": "text", "removal_reason": null, "link_id": "t3_dcccem", "author_flair_template_id": null, "likes": null, "replies": "", "user_reports": [], "saved": false, "id": "f2khehp", "banned_at_utc": null, "mod_reason_title": null, "gilded": 0, "archived": false, "no_follow": false, "author": "jonewer", "can_mod_post": false, "send_replies": true, "parent_id": "t1_f2khcbp", "score": 6, "author_fullname": "t2_fkjr8", "report_reasons": null, "approved_by": null, "all_awardings": [], "subreddit_id": "t5_2ssp3", "body": "**PART TWO**\n\nCharles Carrington noted that in 1916 he spent 65 days in the front line, 36 in close support lines, and 120 days in reserve positions within a day\u2019s march of the front. He spent 73 at rest, 10 days in hospital, and 17 days on leave.\n\nBetween December 1914 and August 1916, James Jack recorded that he spent 141 days in the trenches, 130 in reserve, 15 days travelling, 19 in hospital and 12 on leave.\n\nAs we can see, men *did not* spend months on end in the trenches. The BEF operated a rotation system, recognising that prolonged time in the firing line would rapidly degrade morale and combat effectiveness. \n\nA typical division would have 2 of its brigades \u2018up\u2019 and one resting, with each of brigade having two of its battalions \u2018up\u2019, and the other two performing second line duties \u2013 burying telegraph cables, humping ammunition, food and water up to the front, constructing fortifications, or training. In addition, of those battalions \u2018up\u2019 it was usual to have only 2 of 4 companies in the actual firing line, with the rest in the second line and communication trenches. \n\nThus, a British division would, absent a major battle, have only the bayonet strength of a battalion in the actual firing line, and of course entire Divisions were sometimes taken out of line *en bloc* for rest, training, and re-constitution. \n\nIn general, a soldier in the BEF could expect to ten days in an average month in the trenches. The notable exception being Brigadiers. As the most junior generals, they received no rest while their brigade was up, even as its constituent battalions were rotated out. The psychological strain of command and constant danger (Brigadiers were more likely to be fall victim to an enemy bullet than any of their subordinates) took a massive toll on these middle aged men.\n\n\n\nWhen resting, and often when in second line duties, men would often be billeted in local towns and villages. Their uniforms would be washed and laundered, facilities to bath and shower would be provided, dentists and doctors available where indicated for physical health, and padre\u2019s and chaplains available for spiritual health. \n\nMen would be able to break the monotony of rations, which were considerable at over 4,000 calories a day, by buying wine, beer, egg and chips, while the ubiquitous tins of bully beef could be traded for favours in houses of ill repute. The latter did not help much with the VD situation, though statistics show that as many cases of VD were contracted in the UK as in France.\n\nThe rotation system was not cheap. It was a colossal headache and a logistical nightmare for the staff officers who had to plan and implement the constant cycling and movement of men up and down the front, who occupied scarce road space and transport which was sorely needed for ammunition, food, and water. \n\nBut the rewards were obvious. Apart from the extraordinarily low sickness rates, the rotation system ensured that morale of the BEF never broke in the same way it did for the French, Russians, and Italians in 1917, or the Germans in 1918.", "edited": 1570308121.0, "author_flair_css_class": null, "steward_reports": [], "is_submitter": false, "downs": 0, "author_flair_richtext": [], "author_patreon_flair": false, "body_html": "&lt;div class=\"md\"&gt;&lt;p&gt;&lt;strong&gt;PART TWO&lt;/strong&gt;&lt;/p&gt;\n\n&lt;p&gt;Charles Carrington noted that in 1916 he spent 65 days in the front line, 36 in close support lines, and 120 days in reserve positions within a day\u2019s march of the front. He spent 73 at rest, 10 days in hospital, and 17 days on leave.&lt;/p&gt;\n\n&lt;p&gt;Between December 1914 and August 1916, James Jack recorded that he spent 141 days in the trenches, 130 in reserve, 15 days travelling, 19 in hospital and 12 on leave.&lt;/p&gt;\n\n&lt;p&gt;As we can see, men &lt;em&gt;did not&lt;/em&gt; spend months on end in the trenches. The BEF operated a rotation system, recognising that prolonged time in the firing line would rapidly degrade morale and combat effectiveness. &lt;/p&gt;\n\n&lt;p&gt;A typical division would have 2 of its brigades \u2018up\u2019 and one resting, with each of brigade having two of its battalions \u2018up\u2019, and the other two performing second line duties \u2013 burying telegraph cables, humping ammunition, food and water up to the front, constructing fortifications, or training. In addition, of those battalions \u2018up\u2019 it was usual to have only 2 of 4 companies in the actual firing line, with the rest in the second line and communication trenches. &lt;/p&gt;\n\n&lt;p&gt;Thus, a British division would, absent a major battle, have only the bayonet strength of a battalion in the actual firing line, and of course entire Divisions were sometimes taken out of line &lt;em&gt;en bloc&lt;/em&gt; for rest, training, and re-constitution. &lt;/p&gt;\n\n&lt;p&gt;In general, a soldier in the BEF could expect to ten days in an average month in the trenches. The notable exception being Brigadiers. As the most junior generals, they received no rest while their brigade was up, even as its constituent battalions were rotated out. The psychological strain of command and constant danger (Brigadiers were more likely to be fall victim to an enemy bullet than any of their subordinates) took a massive toll on these middle aged men.&lt;/p&gt;\n\n&lt;p&gt;When resting, and often when in second line duties, men would often be billeted in local towns and villages. Their uniforms would be washed and laundered, facilities to bath and shower would be provided, dentists and doctors available where indicated for physical health, and padre\u2019s and chaplains available for spiritual health. &lt;/p&gt;\n\n&lt;p&gt;Men would be able to break the monotony of rations, which were considerable at over 4,000 calories a day, by buying wine, beer, egg and chips, while the ubiquitous tins of bully beef could be traded for favours in houses of ill repute. The latter did not help much with the VD situation, though statistics show that as many cases of VD were contracted in the UK as in France.&lt;/p&gt;\n\n&lt;p&gt;The rotation system was not cheap. It was a colossal headache and a logistical nightmare for the staff officers who had to plan and implement the constant cycling and movement of men up and down the front, who occupied scarce road space and transport which was sorely needed for ammunition, food, and water. &lt;/p&gt;\n\n&lt;p&gt;But the rewards were obvious. Apart from the extraordinarily low sickness rates, the rotation system ensured that morale of the BEF never broke in the same way it did for the French, Russians, and Italians in 1917, or the Germans in 1918.&lt;/p&gt;\n&lt;/div&gt;", "gildings": {}, "collapsed_reason": null, "associated_award": null, "stickied": false, "subreddit_type": "public", "can_gild": true, "subreddit": "AskHistorians", "author_flair_text_color": null, "score_hidden": false, "permalink": "/r/AskHistorians/comments/dcccem/what_was_personal_hygiene_like_in_wwi/f2khehp/", "num_reports": null, "locked": false, "name": "t1_f2khehp", "created": 1570314392.0, "author_flair_text": null, "collapsed": false, "created_utc": 1570285592.0, "subreddit_name_prefixed": "r/AskHistorians", "controversiality": 0, "depth": 1, "author_flair_background_color": null, "mod_reports": [], "mod_note": null, "distinguished": null}}, {"kind": "t1", "data": {"total_awards_received": 0, "approved_at_utc": null, "ups": 3, "awarders": [], "mod_reason_by": null, "banned_by": null, "author_flair_type": "text", "removal_reason": null, "link_id": "t3_dcccem", "author_flair_template_id": null, "likes": null, "replies": {"kind": "Listing", "data": {"modhash": "", "dist": null, "children": [{"kind": "t1", "data": {"total_awards_received": 0, "approved_at_utc": null, "ups": 3, "awarders": [], "mod_reason_by": null, "banned_by": null, "author_flair_type": "text", "removal_reason": null, "link_id": "t3_dcccem", "author_flair_template_id": null, "likes": null, "replies": "", "user_reports": [], "saved": false, "id": "f2kle65", "banned_at_utc": null, "mod_reason_title": null, "gilded": 0, "archived": false, "no_follow": false, "author": "jonewer", "can_mod_post": false, "send_replies": true, "parent_id": "t1_f2kj424", "score": 3, "author_fullname": "t2_fkjr8", "report_reasons": null, "approved_by": null, "all_awardings": [], "subreddit_id": "t5_2ssp3", "body": "Yes - where possible.\n\nIt was quite possible to operate in a limited capacity in no man's land under cover of darkness, which is also how and when wiring parties would construct and repair barbed wire entanglements and form up to conduct trench raids.\n\nThis was obviously a task neither pleasant nor without danger, but the presence of putrifying corpses being deleterious to all, it was done.", "edited": false, "author_flair_css_class": null, "steward_reports": [], "is_submitter": false, "downs": 0, "author_flair_richtext": [], "author_patreon_flair": false, "body_html": "&lt;div class=\"md\"&gt;&lt;p&gt;Yes - where possible.&lt;/p&gt;\n\n&lt;p&gt;It was quite possible to operate in a limited capacity in no man&amp;#39;s land under cover of darkness, which is also how and when wiring parties would construct and repair barbed wire entanglements and form up to conduct trench raids.&lt;/p&gt;\n\n&lt;p&gt;This was obviously a task neither pleasant nor without danger, but the presence of putrifying corpses being deleterious to all, it was done.&lt;/p&gt;\n&lt;/div&gt;", "gildings": {}, "collapsed_reason": null, "associated_award": null, "stickied": false, "subreddit_type": "public", "can_gild": true, "subreddit": "AskHistorians", "author_flair_text_color": null, "score_hidden": false, "permalink": "/r/AskHistorians/comments/dcccem/what_was_personal_hygiene_like_in_wwi/f2kle65/", "num_reports": null, "locked": false, "name": "t1_f2kle65", "created": 1570315591.0, "author_flair_text": null, "collapsed": false, "created_utc": 1570286791.0, "subreddit_name_prefixed": "r/AskHistorians", "controversiality": 0, "depth": 2, "author_flair_background_color": null, "mod_reports": [], "mod_note": null, "distinguished": null}}], "after": null, "before": null}}, "user_reports": [], "saved": false, "id": "f2kj424", "banned_at_utc": null, "mod_reason_title": null, "gilded": 0, "archived": false, "no_follow": true, "author": "DaenerysTargaryen69", "can_mod_post": false, "send_replies": true, "parent_id": "t1_f2khcbp", "score": 3, "author_fullname": "t2_o9tu6", "report_reasons": null, "approved_by": null, "all_awardings": [], "subreddit_id": "t5_2ssp3", "body": "&gt; Contrary to popular belief, the BEF made every human effort to recover the dead, rotting corpses being bad for both hygiene and morale.  \n\nWould these include the ones in No man's land? If yes, how did they go about doing this?", "edited": false, "author_flair_css_class": null, "steward_reports": [], "is_submitter": false, "downs": 0, "author_flair_richtext": [], "author_patreon_flair": false, "body_html": "&lt;div class=\"md\"&gt;&lt;blockquote&gt;\n&lt;p&gt;Contrary to popular belief, the BEF made every human effort to recover the dead, rotting corpses being bad for both hygiene and morale.  &lt;/p&gt;\n&lt;/blockquote&gt;\n\n&lt;p&gt;Would these include the ones in No man&amp;#39;s land? If yes, how did they go about doing this?&lt;/p&gt;\n&lt;/div&gt;", "gildings": {}, "collapsed_reason": null, "associated_award": null, "stickied": false, "subreddit_type": "public", "can_gild": true, "subreddit": "AskHistorians", "author_flair_text_color": null, "score_hidden": false, "permalink": "/r/AskHistorians/comments/dcccem/what_was_personal_hygiene_like_in_wwi/f2kj424/", "num_reports": null, "locked": false, "name": "t1_f2kj424", "created": 1570314894.0, "author_flair_text": null, "collapsed": false, "created_utc": 1570286094.0, "subreddit_name_prefixed": "r/AskHistorians", "controversiality": 0, "depth": 1, "author_flair_background_color": null, "mod_reports": [], "mod_note": null, "distinguished": null}}, {"kind": "t1", "data": {"total_awards_received": 0, "approved_at_utc": null, "ups": 1, "awarders": [], "mod_reason_by": null, "banned_by": null, "author_flair_type": "text", "removal_reason": null, "link_id": "t3_dcccem", "author_flair_template_id": null, "likes": null, "replies": "", "user_reports": [], "saved": false, "id": "f2v31dv", "banned_at_utc": null, "mod_reason_title": null, "gilded": 0, "archived": false, "no_follow": true, "author": "jazz1t", "can_mod_post": false, "send_replies": true, "parent_id": "t1_f2khcbp", "score": 1, "author_fullname": "t2_1ccdzb6", "report_reasons": null, "approved_by": null, "all_awardings": [], "subreddit_id": "t5_2ssp3", "body": "&gt;Trench foot was initially a problem, but frequent foot inspections and  the threat of discipline for any man caught with the affliction rapidly  brought the issue under control.\n\nWouldn't threatening men with discipline cause small cases of trench foot to be hidden, instead of reported because of fear of discipline, allowing the small cases to become more serious causing the whole situation to become worse?", "edited": false, "author_flair_css_class": null, "steward_reports": [], "is_submitter": false, "downs": 0, "author_flair_richtext": [], "author_patreon_flair": false, "body_html": "&lt;div class=\"md\"&gt;&lt;blockquote&gt;\n&lt;p&gt;Trench foot was initially a problem, but frequent foot inspections and  the threat of discipline for any man caught with the affliction rapidly  brought the issue under control.&lt;/p&gt;\n&lt;/blockquote&gt;\n\n&lt;p&gt;Wouldn&amp;#39;t threatening men with discipline cause small cases of trench foot to be hidden, instead of reported because of fear of discipline, allowing the small cases to become more serious causing the whole situation to become worse?&lt;/p&gt;\n&lt;/div&gt;", "gildings": {}, "collapsed_reason": null, "associated_award": null, "stickied": false, "subreddit_type": "public", "can_gild": true, "subreddit": "AskHistorians", "author_flair_text_color": null, "score_hidden": false, "permalink": "/r/AskHistorians/comments/dcccem/what_was_personal_hygiene_like_in_wwi/f2v31dv/", "num_reports": null, "locked": false, "name": "t1_f2v31dv", "created": 1570472145.0, "author_flair_text": null, "collapsed": false, "created_utc": 1570443345.0, "subreddit_name_prefixed": "r/AskHistorians", "controversiality": 0, "depth": 1, "author_flair_background_color": null, "mod_reports": [], "mod_note": null, "distinguished": null}}], "after": null, "before": null}}, "user_reports": [], "saved": false, "id": "f2khcbp", "banned_at_utc": null, "mod_reason_title": null, "gilded": 0, "archived": false, "no_follow": false, "author": "jonewer", "can_mod_post": false, "send_replies": true, "parent_id": "t3_dcccem", "score": 6, "author_fullname": "t2_fkjr8", "report_reasons": null, "approved_by": null, "all_awardings": [], "subreddit_id": "t5_2ssp3", "body": "**PART 1**\n\nIt\u2019s not a simple question to answer, as the answer will differ with differing armies and on which front that army was deployed.\n\nFor example, in the Gallipoli campaign, insanitary conditions lead to widespread outbreaks of dysentery and typhoid. Approximately 150,000 British Empire troops fell sick in the course of the campaign, of which 90,000 had to be evacuated, of whom almost 4,000 died.\n\nOn the other hand, the British Expeditionary Force (BEF), about whom I will speak below, on the western front did not suffer as such. \n\nThe pre-war standard for sickness absence was 0.3% of men off sick per day. Roughly equivalent to 2 or 3 men sick per battalion of 750 men. In 1913, the overall sickness rate was 0.12%.\n\nDuring the war, the BEF\u2019s sickness rates were as follows:\n\nYear | Sickness rate\n:--|--:\n1914 | 0.26\n1915 | 0.24\n1916 | 0.13\n1917 | 0.15\n1918 | 0.16\n\nAs you can see, the overall sickness rate improved as the BEF refined its trench discipline in 1914/15 meaning that for most of the war, sickness rates were not significantly above peacetime levels, and indeed there\u2019s many a modern office HR department that would be jealous of such absence rates.\n\nIn fact, apart from bombs, bayonets, and bullets, the western front seems to have been a remarkably healthy place to be!\n\nOne of the reasons for this was trench hygiene. Trench foot was initially a problem, but frequent foot inspections and the threat of discipline for any man caught with the affliction rapidly brought the issue under control.\n\nAnother very significant aspect of trench hygiene was latrines. The BEF\u2019s Generals are often stereotypically and quite unfairly accused of incompetence, but when it came to hygiene, shit management was something the BEF excelled at.\n\nEach company had its own designated sanitary corporal, unofficially known as \u2018NCO i/c Shit Wallers\u2019, whose job it would be to manage the company\u2019s excrement (approximately 2.5lbs of urine and faeces per man per day).\n\nLatrines were subject to regular inspection by officers and medical staff, and recommendations put forward for improvements where indicated.\n\nAt the front, arrangement would typically be buckets or pails, which were emptied into pits or convenient shell-holes before being treated with disinfectant and covered over, with the area being marked up as 'Foul Ground'.\n\nAway from the front, long-drop pits or sanitary trenches were dug for the men to use, while more salubrious fully enclosed and roofed-over \u2018thunder boxes\u2019 were constructed, Officers, for the use of.\n\nGood sanitary conditions were something of matter of pride, with incoming units taking over a stretch of front often slating the conditions of whatever inferior regiment they inherited it from.\n\nGeneral Shute was horrified at the conditions he found when taking over command of the Royal Naval Division and quickly set about improving matter, which seems to have riled-up the men, with the following ditty being written in his honour:\n\n&gt; The General inspecting the trenches\n\n&gt; exclaimed with a horrified shout\n\n&gt; I refuse to command a division\n\n&gt; which leaves its excreta about!\n\n\n\n\n&gt; But nobody took any notice\n\n&gt; No one was prepared to refute\n\n&gt; That the presence of shit was congenial\n\n&gt; Compared to the presence of Shute!\n\n\n&gt; And certain responsible critics\n\n&gt; Made haste to reply to his words\n\n&gt; That his staff of advisers\n\n&gt; consisted entirely of turds\n\n\n\n&gt; For shit may be shot at odd corners\n\n&gt; And paper supplied there to suit\n\n&gt; But shit would be shot without mourners\n\n&gt; If somebody shot that shit Shute!\n\n\n\nWhile lice and rats afflict any body of humanity without the ability to perform scrupulous daily washing, every effort was made to minimise their impact.\n\nLice could be managed by running a flame over the seam of clothing, and rat hunting became something of a pastime, with at least one enterprising German running a side business [tanning rat hides!]( http://i.redd.it/stpm85zivh731.jpg) \n\nContrary to popular belief, the BEF made every human effort to recover the dead, rotting corpses being bad for both hygiene and morale.", "edited": 1570285896.0, "author_flair_css_class": null, "steward_reports": [], "is_submitter": false, "downs": 0, "author_flair_richtext": [], "author_patreon_flair": false, "body_html": "&lt;div class=\"md\"&gt;&lt;p&gt;&lt;strong&gt;PART 1&lt;/strong&gt;&lt;/p&gt;\n\n&lt;p&gt;It\u2019s not a simple question to answer, as the answer will differ with differing armies and on which front that army was deployed.&lt;/p&gt;\n\n&lt;p&gt;For example, in the Gallipoli campaign, insanitary conditions lead to widespread outbreaks of dysentery and typhoid. Approximately 150,000 British Empire troops fell sick in the course of the campaign, of which 90,000 had to be evacuated, of whom almost 4,000 died.&lt;/p&gt;\n\n&lt;p&gt;On the other hand, the British Expeditionary Force (BEF), about whom I will speak below, on the western front did not suffer as such. &lt;/p&gt;\n\n&lt;p&gt;The pre-war standard for sickness absence was 0.3% of men off sick per day. Roughly equivalent to 2 or 3 men sick per battalion of 750 men. In 1913, the overall sickness rate was 0.12%.&lt;/p&gt;\n\n&lt;p&gt;During the war, the BEF\u2019s sickness rates were as follows:&lt;/p&gt;\n\n&lt;table&gt;&lt;thead&gt;\n&lt;tr&gt;\n&lt;th align=\"left\"&gt;Year&lt;/th&gt;\n&lt;th align=\"right\"&gt;Sickness rate&lt;/th&gt;\n&lt;/tr&gt;\n&lt;/thead&gt;&lt;tbody&gt;\n&lt;tr&gt;\n&lt;td align=\"left\"&gt;1914&lt;/td&gt;\n&lt;td align=\"right\"&gt;0.26&lt;/td&gt;\n&lt;/tr&gt;\n&lt;tr&gt;\n&lt;td align=\"left\"&gt;1915&lt;/td&gt;\n&lt;td align=\"right\"&gt;0.24&lt;/td&gt;\n&lt;/tr&gt;\n&lt;tr&gt;\n&lt;td align=\"left\"&gt;1916&lt;/td&gt;\n&lt;td align=\"right\"&gt;0.13&lt;/td&gt;\n&lt;/tr&gt;\n&lt;tr&gt;\n&lt;td align=\"left\"&gt;1917&lt;/td&gt;\n&lt;td align=\"right\"&gt;0.15&lt;/td&gt;\n&lt;/tr&gt;\n&lt;tr&gt;\n&lt;td align=\"left\"&gt;1918&lt;/td&gt;\n&lt;td align=\"right\"&gt;0.16&lt;/td&gt;\n&lt;/tr&gt;\n&lt;/tbody&gt;&lt;/table&gt;\n\n&lt;p&gt;As you can see, the overall sickness rate improved as the BEF refined its trench discipline in 1914/15 meaning that for most of the war, sickness rates were not significantly above peacetime levels, and indeed there\u2019s many a modern office HR department that would be jealous of such absence rates.&lt;/p&gt;\n\n&lt;p&gt;In fact, apart from bombs, bayonets, and bullets, the western front seems to have been a remarkably healthy place to be!&lt;/p&gt;\n\n&lt;p&gt;One of the reasons for this was trench hygiene. Trench foot was initially a problem, but frequent foot inspections and the threat of discipline for any man caught with the affliction rapidly brought the issue under control.&lt;/p&gt;\n\n&lt;p&gt;Another very significant aspect of trench hygiene was latrines. The BEF\u2019s Generals are often stereotypically and quite unfairly accused of incompetence, but when it came to hygiene, shit management was something the BEF excelled at.&lt;/p&gt;\n\n&lt;p&gt;Each company had its own designated sanitary corporal, unofficially known as \u2018NCO i/c Shit Wallers\u2019, whose job it would be to manage the company\u2019s excrement (approximately 2.5lbs of urine and faeces per man per day).&lt;/p&gt;\n\n&lt;p&gt;Latrines were subject to regular inspection by officers and medical staff, and recommendations put forward for improvements where indicated.&lt;/p&gt;\n\n&lt;p&gt;At the front, arrangement would typically be buckets or pails, which were emptied into pits or convenient shell-holes before being treated with disinfectant and covered over, with the area being marked up as &amp;#39;Foul Ground&amp;#39;.&lt;/p&gt;\n\n&lt;p&gt;Away from the front, long-drop pits or sanitary trenches were dug for the men to use, while more salubrious fully enclosed and roofed-over \u2018thunder boxes\u2019 were constructed, Officers, for the use of.&lt;/p&gt;\n\n&lt;p&gt;Good sanitary conditions were something of matter of pride, with incoming units taking over a stretch of front often slating the conditions of whatever inferior regiment they inherited it from.&lt;/p&gt;\n\n&lt;p&gt;General Shute was horrified at the conditions he found when taking over command of the Royal Naval Division and quickly set about improving matter, which seems to have riled-up the men, with the following ditty being written in his honour:&lt;/p&gt;\n\n&lt;blockquote&gt;\n&lt;p&gt;The General inspecting the trenches&lt;/p&gt;\n\n&lt;p&gt;exclaimed with a horrified shout&lt;/p&gt;\n\n&lt;p&gt;I refuse to command a division&lt;/p&gt;\n\n&lt;p&gt;which leaves its excreta about!&lt;/p&gt;\n\n&lt;p&gt;But nobody took any notice&lt;/p&gt;\n\n&lt;p&gt;No one was prepared to refute&lt;/p&gt;\n\n&lt;p&gt;That the presence of shit was congenial&lt;/p&gt;\n\n&lt;p&gt;Compared to the presence of Shute!&lt;/p&gt;\n\n&lt;p&gt;And certain responsible critics&lt;/p&gt;\n\n&lt;p&gt;Made haste to reply to his words&lt;/p&gt;\n\n&lt;p&gt;That his staff of advisers&lt;/p&gt;\n\n&lt;p&gt;consisted entirely of turds&lt;/p&gt;\n\n&lt;p&gt;For shit may be shot at odd corners&lt;/p&gt;\n\n&lt;p&gt;And paper supplied there to suit&lt;/p&gt;\n\n&lt;p&gt;But shit would be shot without mourners&lt;/p&gt;\n\n&lt;p&gt;If somebody shot that shit Shute!&lt;/p&gt;\n&lt;/blockquote&gt;\n\n&lt;p&gt;While lice and rats afflict any body of humanity without the ability to perform scrupulous daily washing, every effort was made to minimise their impact.&lt;/p&gt;\n\n&lt;p&gt;Lice could be managed by running a flame over the seam of clothing, and rat hunting became something of a pastime, with at least one enterprising German running a side business &lt;a href=\"http://i.redd.it/stpm85zivh731.jpg\"&gt;tanning rat hides!&lt;/a&gt; &lt;/p&gt;\n\n&lt;p&gt;Contrary to popular belief, the BEF made every human effort to recover the dead, rotting corpses being bad for both hygiene and morale.&lt;/p&gt;\n&lt;/div&gt;", "gildings": {}, "collapsed_reason": null, "associated_award": null, "stickied": false, "subreddit_type": "public", "can_gild": true, "subreddit": "AskHistorians", "author_flair_text_color": null, "score_hidden": false, "permalink": "/r/AskHistorians/comments/dcccem/what_was_personal_hygiene_like_in_wwi/f2khcbp/", "num_reports": null, "locked": false, "name": "t1_f2khcbp", "created": 1570314371.0, "author_flair_text": null, "collapsed": false, "created_utc": 1570285571.0, "subreddit_name_prefixed": "r/AskHistorians", "controversiality": 0, "depth": 0, "author_flair_background_color": null, "mod_reports": [], "mod_note": null, "distinguished": null}}, {"kind": "t1", "data": {"total_awards_received": 0, "approved_at_utc": null, "ups": 0, "awarders": [], "mod_reason_by": null, "banned_by": null, "removal_reason": null, "link_id": "t3_dcccem", "author_flair_template_id": null, "likes": null, "no_follow": true, "replies": {"kind": "Listing", "data": {"modhash": "", "dist": null, "children": [{"kind": "t1", "data": {"total_awards_received": 0, "approved_at_utc": null, "ups": 1, "awarders": [], "mod_reason_by": null, "banned_by": null, "author_flair_type": "richtext", "removal_reason": null, "link_id": "t3_dcccem", "author_flair_template_id": "9e641f94-c626-11e2-8e2c-12313b0b21ae", "likes": null, "replies": "", "user_reports": [], "saved": false, "id": "f27azm3", "banned_at_utc": null, "mod_reason_title": null, "gilded": 0, "archived": false, "no_follow": true, "author": "thefourthmaninaboat", "can_mod_post": false, "send_replies": true, "parent_id": "t1_f278hip", "score": 1, "author_fullname": "t2_i8393", "report_reasons": null, "approved_by": null, "all_awardings": [], "subreddit_id": "t5_2ssp3", "body": "Sorry, but we have removed your response, as we expect answers in this subreddit to be [in-depth and comprehensive](https://www.reddit.com/r/AskHistorians/comments/1jsabs/what_it_means_to_post_a_good_answer_in/), and to demonstrate a [familiarity](https://www.reddit.com/r/AskHistorians/comments/4kngwh/rules_roundtable_no_11_no_speculation/) with the [current, academic understanding](https://www.reddit.com/r/AskHistorians/wiki/rules#wiki_sources) of the topic at hand. Before contributing again, please take the time to better familiarize yourself with [the rules](http://www.reddit.com/r/AskHistorians/wiki/rules#wiki_write_an_in-depth_answer), as well as our expectations for an answer such as featured on [Twitter](http://www.twitter.com/askhistorians) or in the [Sunday Digest](http://www.reddit.com/r/AskHistorians/search?q=title%3A%22Sunday+Digest%22&amp;restrict_sr=on&amp;sort=new&amp;t=all).", "edited": false, "author_flair_css_class": "moderator", "steward_reports": [], "is_submitter": false, "downs": 0, "author_flair_richtext": [{"e": "text", "t": "Moderator | 20th Century Royal Navy"}], "author_patreon_flair": false, "body_html": "&lt;div class=\"md\"&gt;&lt;p&gt;Sorry, but we have removed your response, as we expect answers in this subreddit to be &lt;a href=\"https://www.reddit.com/r/AskHistorians/comments/1jsabs/what_it_means_to_post_a_good_answer_in/\"&gt;in-depth and comprehensive&lt;/a&gt;, and to demonstrate a &lt;a href=\"https://www.reddit.com/r/AskHistorians/comments/4kngwh/rules_roundtable_no_11_no_speculation/\"&gt;familiarity&lt;/a&gt; with the &lt;a href=\"https://www.reddit.com/r/AskHistorians/wiki/rules#wiki_sources\"&gt;current, academic understanding&lt;/a&gt; of the topic at hand. Before contributing again, please take the time to better familiarize yourself with &lt;a href=\"http://www.reddit.com/r/AskHistorians/wiki/rules#wiki_write_an_in-depth_answer\"&gt;the rules&lt;/a&gt;, as well as our expectations for an answer such as featured on &lt;a href=\"http://www.twitter.com/askhistorians\"&gt;Twitter&lt;/a&gt; or in the &lt;a href=\"http://www.reddit.com/r/AskHistorians/search?q=title%3A%22Sunday+Digest%22&amp;amp;restrict_sr=on&amp;amp;sort=new&amp;amp;t=all\"&gt;Sunday Digest&lt;/a&gt;.&lt;/p&gt;\n&lt;/div&gt;", "gildings": {}, "collapsed_reason": null, "associated_award": null, "stickied": false, "subreddit_type": "public", "can_gild": true, "subreddit": "AskHistorians", "author_flair_text_color": "light", "score_hidden": false, "permalink": "/r/AskHistorians/comments/dcccem/what_was_personal_hygiene_like_in_wwi/f27azm3/", "num_reports": null, "locked": false, "name": "t1_f27azm3", "created": 1570063013.0, "author_flair_text": "Moderator | 20th Century Royal Navy", "collapsed": false, "created_utc": 1570034213.0, "subreddit_name_prefixed": "r/AskHistorians", "controversiality": 0, "depth": 1, "author_flair_background_color": "#8b008b", "mod_reports": [], "mod_note": null, "distinguished": "moderator"}}], "after": null, "before": null}}, "user_reports": [], "saved": false, "id": "f278hip", "banned_at_utc": null, "mod_reason_title": null, "gilded": 0, "archived": false, "report_reasons": null, "author": "[deleted]", "can_mod_post": false, "send_replies": true, "parent_id": "t3_dcccem", "score": 0, "approved_by": null, "all_awardings": [], "subreddit_id": "t5_2ssp3", "body": "[removed]", "edited": false, "author_flair_css_class": null, "steward_reports": [], "downs": 0, "is_submitter": false, "body_html": "&lt;div class=\"md\"&gt;&lt;p&gt;[removed]&lt;/p&gt;\n&lt;/div&gt;", "gildings": {}, "collapsed_reason": null, "associated_award": null, "stickied": false, "subreddit_type": "public", "can_gild": true, "subreddit": "AskHistorians", "author_flair_text_color": "dark", "score_hidden": false, "permalink": "/r/AskHistorians/comments/dcccem/what_was_personal_hygiene_like_in_wwi/f278hip/", "num_reports": null, "locked": false, "name": "t1_f278hip", "created": 1570061569.0, "author_flair_text": null, "collapsed": false, "created_utc": 1570032769.0, "subreddit_name_prefixed": "r/AskHistorians", "controversiality": 0, "depth": 0, "author_flair_background_color": "", "mod_reports": [], "mod_note": null, "distinguished": null}}], "after": null, "before": null}}]