[{"kind": "Listing", "data": {"modhash": "", "dist": 1, "children": [{"kind": "t3", "data": {"approved_at_utc": null, "subreddit": "AskHistorians", "selftext": "[deleted]", "user_reports": [], "saved": false, "mod_reason_title": null, "gilded": 0, "clicked": false, "title": "How come some periods of Roman history are very well represented in popular culture, but others are completely unknown to the general public?", "link_flair_richtext": [], "subreddit_name_prefixed": "r/AskHistorians", "hidden": false, "pwls": 6, "link_flair_css_class": null, "downs": 0, "parent_whitelist_status": "all_ads", "hide_score": false, "name": "t3_dcgfbk", "quarantine": false, "link_flair_text_color": "dark", "upvote_ratio": 0.6, "author_flair_background_color": "", "subreddit_type": "public", "ups": 1, "total_awards_received": 0, "media_embed": {}, "author_flair_template_id": null, "is_original_content": false, "secure_media": null, "is_reddit_media_domain": false, "is_meta": false, "category": null, "secure_media_embed": {}, "link_flair_text": null, "can_mod_post": false, "num_duplicates": 1, "approved_by": null, "thumbnail": "", "edited": false, "author_flair_css_class": null, "steward_reports": [], "gildings": {}, "content_categories": null, "is_self": true, "mod_note": null, "created": 1570078690.0, "link_flair_type": "text", "wls": 6, "banned_by": null, "domain": "self.AskHistorians", "allow_live_comments": false, "selftext_html": "&lt;!-- SC_OFF --&gt;&lt;div class=\"md\"&gt;&lt;p&gt;[deleted]&lt;/p&gt;\n&lt;/div&gt;&lt;!-- SC_ON --&gt;", "likes": null, "suggested_sort": null, "banned_at_utc": null, "view_count": null, "archived": false, "score": 1, "no_follow": true, "is_crosspostable": false, "pinned": false, "over_18": false, "all_awardings": [], "awarders": [], "media_only": false, "can_gild": false, "spoiler": false, "locked": false, "author_flair_text": null, "visited": false, "removed_by": "deleted", "num_reports": null, "distinguished": null, "subreddit_id": "t5_2ssp3", "mod_reason_by": null, "removal_reason": null, "link_flair_background_color": "", "id": "dcgfbk", "is_robot_indexable": false, "report_reasons": null, "author": "[deleted]", "discussion_type": null, "num_comments": 3, "send_replies": true, "media": null, "contest_mode": false, "author_flair_text_color": "dark", "permalink": "/r/AskHistorians/comments/dcgfbk/how_come_some_periods_of_roman_history_are_very/", "whitelist_status": "all_ads", "stickied": false, "url": "https://www.reddit.com/r/AskHistorians/comments/dcgfbk/how_come_some_periods_of_roman_history_are_very/", "subreddit_subscribers": 1040614, "created_utc": 1570049890.0, "num_crossposts": 0, "mod_reports": [], "is_video": false}}], "after": null, "before": null}}, {"kind": "Listing", "data": {"modhash": "", "dist": null, "children": [{"kind": "t1", "data": {"total_awards_received": 0, "approved_at_utc": null, "ups": 1, "awarders": [], "mod_reason_by": null, "banned_by": null, "author_flair_type": "richtext", "removal_reason": null, "link_id": "t3_dcgfbk", "author_flair_template_id": "9e641f94-c626-11e2-8e2c-12313b0b21ae", "likes": null, "replies": "", "user_reports": [], "saved": false, "id": "f280c89", "banned_at_utc": null, "mod_reason_title": null, "gilded": 0, "archived": false, "no_follow": true, "author": "AutoModerator", "can_mod_post": false, "send_replies": false, "parent_id": "t3_dcgfbk", "score": 1, "author_fullname": "t2_6l4z3", "report_reasons": null, "approved_by": null, "all_awardings": [], "subreddit_id": "t5_2ssp3", "body": "Welcome to /r/AskHistorians. **Please be sure to [Read Our Rules](https://www.reddit.com/r/AskHistorians/wiki/rules) before you contribute to this community**.  \n\nWe thank you for your interest in this *question*, and your patience in waiting for an in-depth and comprehensive answer to be written, which takes time. Please consider **[Clicking Here for RemindMeBot](https://www.reddit.com/message/compose/?to=RemindMeBot&amp;subject=Reminder&amp;message=%5Bhttps://www.reddit.com/r/AskHistorians/comments/dcgfbk/how_come_some_periods_of_roman_history_are_very/%5D%0A%0ARemindMe!++2+days)**, or using [these alternatives](/r/AskHistorians/comments/8p0s9b/roundtable_21_be_kindremind_the_mod_approved/). In the meantime our [Twitter](https://twitter.com/askhistorians), [Facebook](https://www.facebook.com/askhistorians/), and [Sunday Digest](https://www.reddit.com/r/AskHistorians/search?q=title%3A%22Sunday+Digest%22&amp;restrict_sr=on&amp;sort=new&amp;t=all) feature excellent content that has already been written!\n\n[Please leave feedback on this test message here.](https://www.reddit.com/r/AskHistorians/comments/btz9o5/testing_testing_123_well_be_trying_out_an/)\n\n\n*I am a bot, and this action was performed automatically. Please [contact the moderators of this subreddit](/message/compose/?to=/r/AskHistorians) if you have any questions or concerns.*", "edited": false, "author_flair_css_class": "moderator", "steward_reports": [], "is_submitter": false, "downs": 0, "author_flair_richtext": [{"e": "text", "t": "History of Robotics"}], "author_patreon_flair": false, "body_html": "&lt;div class=\"md\"&gt;&lt;p&gt;Welcome to &lt;a href=\"/r/AskHistorians\"&gt;/r/AskHistorians&lt;/a&gt;. &lt;strong&gt;Please be sure to &lt;a href=\"https://www.reddit.com/r/AskHistorians/wiki/rules\"&gt;Read Our Rules&lt;/a&gt; before you contribute to this community&lt;/strong&gt;.  &lt;/p&gt;\n\n&lt;p&gt;We thank you for your interest in this &lt;em&gt;question&lt;/em&gt;, and your patience in waiting for an in-depth and comprehensive answer to be written, which takes time. Please consider &lt;strong&gt;&lt;a href=\"https://www.reddit.com/message/compose/?to=RemindMeBot&amp;amp;subject=Reminder&amp;amp;message=%5Bhttps://www.reddit.com/r/AskHistorians/comments/dcgfbk/how_come_some_periods_of_roman_history_are_very/%5D%0A%0ARemindMe!++2+days\"&gt;Clicking Here for RemindMeBot&lt;/a&gt;&lt;/strong&gt;, or using &lt;a href=\"/r/AskHistorians/comments/8p0s9b/roundtable_21_be_kindremind_the_mod_approved/\"&gt;these alternatives&lt;/a&gt;. In the meantime our &lt;a href=\"https://twitter.com/askhistorians\"&gt;Twitter&lt;/a&gt;, &lt;a href=\"https://www.facebook.com/askhistorians/\"&gt;Facebook&lt;/a&gt;, and &lt;a href=\"https://www.reddit.com/r/AskHistorians/search?q=title%3A%22Sunday+Digest%22&amp;amp;restrict_sr=on&amp;amp;sort=new&amp;amp;t=all\"&gt;Sunday Digest&lt;/a&gt; feature excellent content that has already been written!&lt;/p&gt;\n\n&lt;p&gt;&lt;a href=\"https://www.reddit.com/r/AskHistorians/comments/btz9o5/testing_testing_123_well_be_trying_out_an/\"&gt;Please leave feedback on this test message here.&lt;/a&gt;&lt;/p&gt;\n\n&lt;p&gt;&lt;em&gt;I am a bot, and this action was performed automatically. Please &lt;a href=\"/message/compose/?to=/r/AskHistorians\"&gt;contact the moderators of this subreddit&lt;/a&gt; if you have any questions or concerns.&lt;/em&gt;&lt;/p&gt;\n&lt;/div&gt;", "gildings": {}, "collapsed_reason": null, "associated_award": null, "stickied": true, "subreddit_type": "public", "can_gild": true, "subreddit": "AskHistorians", "author_flair_text_color": "light", "score_hidden": true, "permalink": "/r/AskHistorians/comments/dcgfbk/how_come_some_periods_of_roman_history_are_very/f280c89/", "num_reports": null, "locked": true, "name": "t1_f280c89", "created": 1570078690.0, "author_flair_text": "History of Robotics", "collapsed": false, "created_utc": 1570049890.0, "subreddit_name_prefixed": "r/AskHistorians", "controversiality": 0, "depth": 0, "author_flair_background_color": "#8b008b", "mod_reports": [], "mod_note": null, "distinguished": "moderator"}}, {"kind": "t1", "data": {"total_awards_received": 0, "approved_at_utc": null, "ups": 8, "awarders": [], "mod_reason_by": null, "banned_by": null, "author_flair_type": "text", "removal_reason": null, "link_id": "t3_dcgfbk", "author_flair_template_id": null, "likes": null, "replies": {"kind": "Listing", "data": {"modhash": "", "dist": null, "children": [{"kind": "t1", "data": {"total_awards_received": 0, "approved_at_utc": null, "ups": 1, "awarders": [], "mod_reason_by": null, "banned_by": null, "removal_reason": null, "link_id": "t3_dcgfbk", "author_flair_template_id": null, "likes": null, "no_follow": true, "replies": {"kind": "Listing", "data": {"modhash": "", "dist": null, "children": [{"kind": "t1", "data": {"total_awards_received": 0, "approved_at_utc": null, "ups": 2, "awarders": [], "mod_reason_by": null, "banned_by": null, "author_flair_type": "text", "removal_reason": null, "link_id": "t3_dcgfbk", "author_flair_template_id": null, "likes": null, "replies": "", "user_reports": [], "saved": false, "id": "f29h28t", "banned_at_utc": null, "mod_reason_title": null, "gilded": 0, "archived": false, "no_follow": true, "author": "Spartan1234567", "can_mod_post": false, "send_replies": true, "parent_id": "t1_f28nbit", "score": 2, "author_fullname": "t2_1vuybejl", "report_reasons": null, "approved_by": null, "all_awardings": [], "subreddit_id": "t5_2ssp3", "body": "No worries mate.", "edited": false, "author_flair_css_class": null, "steward_reports": [], "is_submitter": false, "downs": 0, "author_flair_richtext": [], "author_patreon_flair": false, "body_html": "&lt;div class=\"md\"&gt;&lt;p&gt;No worries mate.&lt;/p&gt;\n&lt;/div&gt;", "gildings": {}, "collapsed_reason": null, "associated_award": null, "stickied": false, "subreddit_type": "public", "can_gild": true, "subreddit": "AskHistorians", "author_flair_text_color": null, "score_hidden": false, "permalink": "/r/AskHistorians/comments/dcgfbk/how_come_some_periods_of_roman_history_are_very/f29h28t/", "num_reports": null, "locked": false, "name": "t1_f29h28t", "created": 1570126137.0, "author_flair_text": null, "collapsed": false, "created_utc": 1570097337.0, "subreddit_name_prefixed": "r/AskHistorians", "controversiality": 0, "depth": 2, "author_flair_background_color": null, "mod_reports": [], "mod_note": null, "distinguished": null}}], "after": null, "before": null}}, "user_reports": [], "saved": false, "id": "f28nbit", "banned_at_utc": null, "mod_reason_title": null, "gilded": 0, "archived": false, "report_reasons": null, "author": "[deleted]", "can_mod_post": false, "send_replies": true, "parent_id": "t1_f282g7x", "score": 1, "approved_by": null, "all_awardings": [], "subreddit_id": "t5_2ssp3", "body": "[deleted]", "edited": 1570888637.0, "author_flair_css_class": null, "steward_reports": [], "downs": 0, "is_submitter": false, "body_html": "&lt;div class=\"md\"&gt;&lt;p&gt;[deleted]&lt;/p&gt;\n&lt;/div&gt;", "gildings": {}, "collapsed_reason": null, "associated_award": null, "stickied": false, "subreddit_type": "public", "can_gild": false, "subreddit": "AskHistorians", "author_flair_text_color": "dark", "score_hidden": false, "permalink": "/r/AskHistorians/comments/dcgfbk/how_come_some_periods_of_roman_history_are_very/f28nbit/", "num_reports": null, "locked": false, "name": "t1_f28nbit", "created": 1570094703.0, "author_flair_text": null, "collapsed": false, "created_utc": 1570065903.0, "subreddit_name_prefixed": "r/AskHistorians", "controversiality": 0, "depth": 1, "author_flair_background_color": "", "mod_reports": [], "mod_note": null, "distinguished": null}}], "after": null, "before": null}}, "user_reports": [], "saved": false, "id": "f282g7x", "banned_at_utc": null, "mod_reason_title": null, "gilded": 0, "archived": false, "no_follow": true, "author": "Spartan1234567", "can_mod_post": false, "send_replies": true, "parent_id": "t3_dcgfbk", "score": 8, "author_fullname": "t2_1vuybejl", "report_reasons": null, "approved_by": null, "all_awardings": [], "subreddit_id": "t5_2ssp3", "body": "This is my first answer on here, unsure how I can use sources to answer this question, as it's sort of a logical explanation, but I'll try my best to keep it as professional as possible.\n\n&amp;#x200B;\n\nRoman history is all around us. You don't have to go far to find something relating back to Rome, whether it be architecture, political terminology, or even just everyday phrases. It would be easy for the untrained eye to see past these remnants, but they exist nevertheless. Roman history by its nature consists of many different stages, e.g. the Republic and the Holy Roman Empire, etc, and encompasses a very complex but advanced, and still used to a degree, political nature. Namely, there was structure. And it was complex, and it changed from era to era. Society was quite similar to ours in some aspects - there were people working, people chatting, people shopping, and children playing. At the same time, there was a lot more infantcide - infants left in dumpsters, political stunts being performed to earn one's way into power, people often used their ancestoral ties to gain political office, such as Caitiline's attempt against Cicero in 63 BCE to become consul. The elite families of Rome linked their ancestoral lines back to the gods. You can probably see the similarities and differences by this stage - the similarities exist, but there are some extreme practices that don't occur anymore. '\n\nNow that I've painted a basic picture of your average day on the streets of Rome, let me discuss popular culture today. It is mostly influenced by movies and TV shows, as well as stories. Movies on Rome tend to harbour similar themes; war, warriors, political conflict, and power. Although these were big themes in Ancient Rome, to say that these give a true representation into Roman life and Roman politics is naive. But people aren't going to pay money to see the rise of Augustus, or Cicero's road to the consulship in 63 BCE. They want to see action, fighting, killing, death, power, and all that fast-paced stuff to get their hearts beating. Therefore, directors and producers aren't going to pour time, energy and money into putting together a film that isn't going to make money.\n\n&amp;#x200B;\n\nI hope I vaguely answered your question. I am by no means a classicist, I just study history at university and have no experience studying Rome, but I am currently reading Mary Beard's \\`SPQR: A History of Ancient Rome\\`. So I've sort of summarised the first few pages there and logically produced an answer based on the media's reluctance to produce an academically accurate political representation of Rome... Thanks.", "edited": 1570378511.0, "author_flair_css_class": null, "steward_reports": [], "is_submitter": false, "downs": 0, "author_flair_richtext": [], "author_patreon_flair": false, "body_html": "&lt;div class=\"md\"&gt;&lt;p&gt;This is my first answer on here, unsure how I can use sources to answer this question, as it&amp;#39;s sort of a logical explanation, but I&amp;#39;ll try my best to keep it as professional as possible.&lt;/p&gt;\n\n&lt;p&gt;&amp;#x200B;&lt;/p&gt;\n\n&lt;p&gt;Roman history is all around us. You don&amp;#39;t have to go far to find something relating back to Rome, whether it be architecture, political terminology, or even just everyday phrases. It would be easy for the untrained eye to see past these remnants, but they exist nevertheless. Roman history by its nature consists of many different stages, e.g. the Republic and the Holy Roman Empire, etc, and encompasses a very complex but advanced, and still used to a degree, political nature. Namely, there was structure. And it was complex, and it changed from era to era. Society was quite similar to ours in some aspects - there were people working, people chatting, people shopping, and children playing. At the same time, there was a lot more infantcide - infants left in dumpsters, political stunts being performed to earn one&amp;#39;s way into power, people often used their ancestoral ties to gain political office, such as Caitiline&amp;#39;s attempt against Cicero in 63 BCE to become consul. The elite families of Rome linked their ancestoral lines back to the gods. You can probably see the similarities and differences by this stage - the similarities exist, but there are some extreme practices that don&amp;#39;t occur anymore. &amp;#39;&lt;/p&gt;\n\n&lt;p&gt;Now that I&amp;#39;ve painted a basic picture of your average day on the streets of Rome, let me discuss popular culture today. It is mostly influenced by movies and TV shows, as well as stories. Movies on Rome tend to harbour similar themes; war, warriors, political conflict, and power. Although these were big themes in Ancient Rome, to say that these give a true representation into Roman life and Roman politics is naive. But people aren&amp;#39;t going to pay money to see the rise of Augustus, or Cicero&amp;#39;s road to the consulship in 63 BCE. They want to see action, fighting, killing, death, power, and all that fast-paced stuff to get their hearts beating. Therefore, directors and producers aren&amp;#39;t going to pour time, energy and money into putting together a film that isn&amp;#39;t going to make money.&lt;/p&gt;\n\n&lt;p&gt;&amp;#x200B;&lt;/p&gt;\n\n&lt;p&gt;I hope I vaguely answered your question. I am by no means a classicist, I just study history at university and have no experience studying Rome, but I am currently reading Mary Beard&amp;#39;s `SPQR: A History of Ancient Rome`. So I&amp;#39;ve sort of summarised the first few pages there and logically produced an answer based on the media&amp;#39;s reluctance to produce an academically accurate political representation of Rome... Thanks.&lt;/p&gt;\n&lt;/div&gt;", "gildings": {}, "collapsed_reason": null, "associated_award": null, "stickied": false, "subreddit_type": "public", "can_gild": true, "subreddit": "AskHistorians", "author_flair_text_color": null, "score_hidden": false, "permalink": "/r/AskHistorians/comments/dcgfbk/how_come_some_periods_of_roman_history_are_very/f282g7x/", "num_reports": null, "locked": false, "name": "t1_f282g7x", "created": 1570080020.0, "author_flair_text": null, "collapsed": false, "created_utc": 1570051220.0, "subreddit_name_prefixed": "r/AskHistorians", "controversiality": 0, "depth": 0, "author_flair_background_color": null, "mod_reports": [], "mod_note": null, "distinguished": null}}], "after": null, "before": null}}]