[{"kind": "Listing", "data": {"modhash": null, "dist": 1, "children": [{"kind": "t3", "data": {"author_flair_background_color": null, "approved_at_utc": null, "subreddit": "AskHistorians", "selftext": "Hello \n\n I recently watch the death of Stalin on Netflix. I became intrigued by Zhukov and his actions during the transition period after Stalin\u2019s death. My question is why did Zhukov fall out of favor during the Brezhnev years?\n Thank you in advance.", "user_reports": [], "saved": false, "mod_reason_title": null, "gilded": 0, "clicked": false, "title": "Field Marshal Zhukov", "link_flair_richtext": [], "subreddit_name_prefixed": "r/AskHistorians", "hidden": false, "pwls": 6, "link_flair_css_class": null, "downs": 0, "top_awarded_type": null, "parent_whitelist_status": "all_ads", "hide_score": false, "name": "t3_miomse", "quarantine": false, "link_flair_text_color": "dark", "upvote_ratio": 1.0, "ignore_reports": false, "subreddit_type": "public", "ups": 2, "total_awards_received": 0, "media_embed": {}, "author_flair_template_id": null, "is_original_content": false, "author_fullname": "t2_2ptoayiy", "secure_media": null, "is_reddit_media_domain": false, "is_meta": false, "category": null, "secure_media_embed": {}, "link_flair_text": null, "can_mod_post": false, "score": 2, "approved_by": null, "author_premium": false, "thumbnail": "", "edited": false, "author_flair_css_class": null, "previous_visits": [1620813463.0], "author_flair_richtext": [], "gildings": {}, "content_categories": null, "is_self": true, "mod_note": null, "created": 1617412012.0, "link_flair_type": "text", "wls": 6, "removed_by_category": null, "banned_by": null, "author_flair_type": "text", "domain": "self.AskHistorians", "allow_live_comments": false, "selftext_html": "&lt;!-- SC_OFF --&gt;&lt;div class=\"md\"&gt;&lt;p&gt;Hello &lt;/p&gt;\n\n&lt;p&gt;I recently watch the death of Stalin on Netflix. I became intrigued by Zhukov and his actions during the transition period after Stalin\u2019s death. My question is why did Zhukov fall out of favor during the Brezhnev years?\n Thank you in advance.&lt;/p&gt;\n&lt;/div&gt;&lt;!-- SC_ON --&gt;", "likes": null, "suggested_sort": null, "banned_at_utc": null, "view_count": null, "archived": false, "no_follow": false, "spam": false, "is_crosspostable": true, "pinned": false, "over_18": false, "all_awardings": [], "awarders": [], "media_only": false, "can_gild": true, "removed": false, "spoiler": false, "locked": false, "author_flair_text": null, "treatment_tags": [], "visited": false, "removed_by": null, "num_reports": null, "distinguished": null, "subreddit_id": "t5_2ssp3", "mod_reason_by": null, "removal_reason": null, "link_flair_background_color": "", "id": "miomse", "is_robot_indexable": true, "num_duplicates": 1, "report_reasons": null, "author": "plunger595", "discussion_type": null, "num_comments": 5, "send_replies": true, "media": null, "contest_mode": false, "author_patreon_flair": false, "approved": true, "author_flair_text_color": null, "permalink": "/r/AskHistorians/comments/miomse/field_marshal_zhukov/", "whitelist_status": "all_ads", "stickied": false, "url": "https://www.reddit.com/r/AskHistorians/comments/miomse/field_marshal_zhukov/", "subreddit_subscribers": 1347155, "created_utc": 1617383212.0, "num_crossposts": 0, "mod_reports": [], "is_video": false}}], "after": null, "before": null}}, {"kind": "Listing", "data": {"modhash": null, "dist": null, "children": [{"kind": "t1", "data": {"total_awards_received": 0, "approved_at_utc": null, "comment_type": null, "awarders": [], "mod_reason_by": null, "banned_by": null, "ups": 1, "author_flair_type": "text", "removal_reason": null, "link_id": "t3_miomse", "author_flair_template_id": null, "likes": null, "replies": "", "user_reports": [], "saved": false, "id": "gt5plug", "banned_at_utc": null, "mod_reason_title": null, "gilded": 0, "archived": false, "removed": false, "no_follow": true, "author": "AutoModerator", "can_mod_post": false, "send_replies": false, "parent_id": "t3_miomse", "score": 1, "author_fullname": "t2_6l4z3", "report_reasons": null, "approved_by": null, "all_awardings": [], "subreddit_id": "t5_2ssp3", "ignore_reports": false, "body": "Welcome to /r/AskHistorians. **Please [Read Our Rules](https://www.reddit.com/r/AskHistorians/wiki/rules) before you comment in this community**. Understand that [rule breaking comments get removed](https://www.reddit.com/r/AskHistorians/comments/h8aefx/rules_roundtable_xviii_removed_curation_and_why/).\n\n#Please consider **[Clicking Here for RemindMeBot](https://www.reddit.com/message/compose/?to=RemindMeBot&amp;subject=Reminder&amp;message=%5Bhttps://www.reddit.com/r/AskHistorians/comments/miomse/field_marshal_zhukov/%5D%0A%0ARemindMe!%202%20days)** as it takes time for an answer to be written. \n\nWe thank you for your interest in this *question*, and your patience in waiting for an in-depth and comprehensive answer to show up. In addition to RemindMeBot, consider [using our Browser Extension](https://www.reddit.com/r/AskHistorians/comments/d6dzi7/tired_of_clicking_to_find_only_removed_comments/), or getting the [Weekly Roundup](https://www.reddit.com/message/compose?to=subredditsummarybot&amp;subject=askhistorians+weekly&amp;message=x). In the meantime our [Twitter](https://twitter.com/askhistorians), [Facebook](https://www.facebook.com/askhistorians/), and [Sunday Digest](https://www.reddit.com/r/AskHistorians/search?q=title%3A%22Sunday+Digest%22&amp;restrict_sr=on&amp;sort=new&amp;t=all) feature excellent content that has already been written!\n\n\n*I am a bot, and this action was performed automatically. Please [contact the moderators of this subreddit](/message/compose/?to=/r/AskHistorians) if you have any questions or concerns.*", "edited": false, "downs": 0, "author_flair_css_class": null, "is_submitter": false, "collapsed": false, "author_flair_richtext": [], "author_patreon_flair": false, "body_html": "&lt;div class=\"md\"&gt;&lt;p&gt;Welcome to &lt;a href=\"/r/AskHistorians\"&gt;/r/AskHistorians&lt;/a&gt;. &lt;strong&gt;Please &lt;a href=\"https://www.reddit.com/r/AskHistorians/wiki/rules\"&gt;Read Our Rules&lt;/a&gt; before you comment in this community&lt;/strong&gt;. Understand that &lt;a href=\"https://www.reddit.com/r/AskHistorians/comments/h8aefx/rules_roundtable_xviii_removed_curation_and_why/\"&gt;rule breaking comments get removed&lt;/a&gt;.&lt;/p&gt;\n\n&lt;h1&gt;Please consider &lt;strong&gt;&lt;a href=\"https://www.reddit.com/message/compose/?to=RemindMeBot&amp;amp;subject=Reminder&amp;amp;message=%5Bhttps://www.reddit.com/r/AskHistorians/comments/miomse/field_marshal_zhukov/%5D%0A%0ARemindMe!%202%20days\"&gt;Clicking Here for RemindMeBot&lt;/a&gt;&lt;/strong&gt; as it takes time for an answer to be written.&lt;/h1&gt;\n\n&lt;p&gt;We thank you for your interest in this &lt;em&gt;question&lt;/em&gt;, and your patience in waiting for an in-depth and comprehensive answer to show up. In addition to RemindMeBot, consider &lt;a href=\"https://www.reddit.com/r/AskHistorians/comments/d6dzi7/tired_of_clicking_to_find_only_removed_comments/\"&gt;using our Browser Extension&lt;/a&gt;, or getting the &lt;a href=\"https://www.reddit.com/message/compose?to=subredditsummarybot&amp;amp;subject=askhistorians+weekly&amp;amp;message=x\"&gt;Weekly Roundup&lt;/a&gt;. In the meantime our &lt;a href=\"https://twitter.com/askhistorians\"&gt;Twitter&lt;/a&gt;, &lt;a href=\"https://www.facebook.com/askhistorians/\"&gt;Facebook&lt;/a&gt;, and &lt;a href=\"https://www.reddit.com/r/AskHistorians/search?q=title%3A%22Sunday+Digest%22&amp;amp;restrict_sr=on&amp;amp;sort=new&amp;amp;t=all\"&gt;Sunday Digest&lt;/a&gt; feature excellent content that has already been written!&lt;/p&gt;\n\n&lt;p&gt;&lt;em&gt;I am a bot, and this action was performed automatically. Please &lt;a href=\"/message/compose/?to=/r/AskHistorians\"&gt;contact the moderators of this subreddit&lt;/a&gt; if you have any questions or concerns.&lt;/em&gt;&lt;/p&gt;\n&lt;/div&gt;", "gildings": {}, "collapsed_reason": null, "associated_award": null, "stickied": true, "author_premium": true, "subreddit_type": "public", "can_gild": true, "top_awarded_type": null, "approved": false, "author_flair_text_color": null, "score_hidden": false, "permalink": "/r/AskHistorians/comments/miomse/field_marshal_zhukov/gt5plug/", "num_reports": null, "locked": true, "name": "t1_gt5plug", "created": 1617412012.0, "subreddit": "AskHistorians", "author_flair_text": null, "treatment_tags": [], "spam": false, "created_utc": 1617383212.0, "subreddit_name_prefixed": "r/AskHistorians", "controversiality": 0, "depth": 0, "author_flair_background_color": null, "collapsed_because_crowd_control": null, "mod_reports": [], "mod_note": null, "distinguished": "moderator"}}, {"kind": "t1", "data": {"total_awards_received": 0, "approved_at_utc": null, "comment_type": null, "awarders": [], "mod_reason_by": null, "banned_by": null, "ups": 9, "author_flair_type": "richtext", "removal_reason": null, "link_id": "t3_miomse", "author_flair_template_id": "9e641f94-c626-11e2-8e2c-12313b0b21ae", "likes": null, "replies": {"kind": "Listing", "data": {"modhash": null, "dist": null, "children": [{"kind": "t1", "data": {"total_awards_received": 0, "approved_at_utc": null, "ignore_reports": false, "comment_type": null, "awarders": [], "mod_reason_by": null, "banned_by": null, "ups": 3, "author_flair_type": "text", "removal_reason": null, "link_id": "t3_miomse", "author_flair_template_id": null, "likes": null, "replies": {"kind": "Listing", "data": {"modhash": null, "dist": null, "children": [{"kind": "t1", "data": {"total_awards_received": 0, "approved_at_utc": null, "comment_type": null, "awarders": [], "mod_reason_by": null, "banned_by": null, "ups": 7, "author_flair_type": "richtext", "removal_reason": null, "link_id": "t3_miomse", "author_flair_template_id": "9e641f94-c626-11e2-8e2c-12313b0b21ae", "likes": null, "replies": {"kind": "Listing", "data": {"modhash": null, "dist": null, "children": [{"kind": "t1", "data": {"total_awards_received": 0, "approved_at_utc": null, "comment_type": null, "awarders": [], "mod_reason_by": null, "banned_by": null, "ups": 2, "author_flair_type": "text", "removal_reason": null, "link_id": "t3_miomse", "author_flair_template_id": null, "likes": null, "replies": "", "user_reports": [], "saved": false, "id": "gt6tgbm", "banned_at_utc": null, "mod_reason_title": null, "gilded": 0, "archived": false, "removed": false, "no_follow": true, "author": "KDY_ISD", "can_mod_post": false, "send_replies": true, "parent_id": "t1_gt6a0eq", "score": 2, "author_fullname": "t2_wyfh9", "report_reasons": null, "approved_by": null, "all_awardings": [], "subreddit_id": "t5_2ssp3", "ignore_reports": false, "body": "Interesting, thanks very much for the response!  Is there any indication that the root of the myth - i.e. that Zhukov particularly enjoyed Coke or that Eisenhower introduced him to it - is true either?", "edited": false, "downs": 0, "author_flair_css_class": null, "is_submitter": false, "collapsed": false, "author_flair_richtext": [], "author_patreon_flair": false, "body_html": "&lt;div class=\"md\"&gt;&lt;p&gt;Interesting, thanks very much for the response!  Is there any indication that the root of the myth - i.e. that Zhukov particularly enjoyed Coke or that Eisenhower introduced him to it - is true either?&lt;/p&gt;\n&lt;/div&gt;", "gildings": {}, "collapsed_reason": null, "associated_award": null, "stickied": false, "author_premium": false, "subreddit_type": "public", "can_gild": true, "top_awarded_type": null, "approved": false, "author_flair_text_color": null, "score_hidden": false, "permalink": "/r/AskHistorians/comments/miomse/field_marshal_zhukov/gt6tgbm/", "num_reports": null, "locked": false, "name": "t1_gt6tgbm", "created": 1617432363.0, "subreddit": "AskHistorians", "author_flair_text": null, "treatment_tags": [], "spam": false, "created_utc": 1617403563.0, "subreddit_name_prefixed": "r/AskHistorians", "controversiality": 0, "depth": 3, "author_flair_background_color": null, "collapsed_because_crowd_control": null, "mod_reports": [], "mod_note": null, "distinguished": null}}], "after": null, "before": null}}, "user_reports": [], "saved": false, "id": "gt6a0eq", "banned_at_utc": null, "mod_reason_title": null, "gilded": 0, "archived": false, "removed": false, "no_follow": false, "author": "Georgy_K_Zhukov", "can_mod_post": false, "created_utc": 1617393388.0, "send_replies": true, "parent_id": "t1_gt62ehb", "score": 7, "author_fullname": "t2_9v6a6", "report_reasons": null, "approved_by": null, "all_awardings": [], "subreddit_id": "t5_2ssp3", "ignore_reports": false, "body": "The simple fact is that while a commonly repeated factoid, it is a rather sketchy one and you won't find hide nor hair of it mentioned in any books about Zhukov. My *suspicion* is that there is some embellishment in the story at some point in the retelling. He was recalled in early 1946 and quite a few accusations were thrown at him, and the fact that this wasn't one of them certainly says something.\n\nThat date also creates something of a problem Zhukov was recalled in April of 1946. Mladin Zarubica, who is the core source here, was only sent over in 1946 to get a plant started. Mark Pendergrast interviewed Zarubica, and I'll simply quote from his notes on this interview:\n\n&gt;While interviewing Mladin Zarubica, the technical observer who made \u201cwhite Coke\u201d for Russian General Zhukov, I mentioned that I had a formula. \u201cOh, really?\u201d he said. \u201cSo do I. The Company gave me one when I had to take the color out for Zhukov. Want to see it?\u201d I did indeed. When the photocopy of his January 4, 1947, correspondence arrived, it contained exactly the same formula that I had found in the archives\u2014same amounts, same format, even the same misspelling of \u201cF. E. Coco.\u201d\n\nSee the problem? The documents that Zarubica shows to corroborate his story suggest he only would have been able to start doing this in early 1947, or nearly a year *after* Zhukov had been recalled from Berlin and exiled to a backwater posting in the Crimea. He was living in fear of arrest at that point in time, and I find it very hard to believe he would be having a container of Coca-cola, whatever color, smuggled to Crimea for him.\n\nIt could be *partially* truthful in that they did intend to give some to Zhukov, but until I see an actual document which corroborates delivery to him, consider me a skeptic.", "edited": false, "author_flair_css_class": null, "is_submitter": false, "downs": 0, "author_flair_richtext": [{"e": "text", "t": "Moderator | Post-Napoleonic Warfare &amp; Small Arms | Dueling"}], "author_patreon_flair": false, "body_html": "&lt;div class=\"md\"&gt;&lt;p&gt;The simple fact is that while a commonly repeated factoid, it is a rather sketchy one and you won&amp;#39;t find hide nor hair of it mentioned in any books about Zhukov. My &lt;em&gt;suspicion&lt;/em&gt; is that there is some embellishment in the story at some point in the retelling. He was recalled in early 1946 and quite a few accusations were thrown at him, and the fact that this wasn&amp;#39;t one of them certainly says something.&lt;/p&gt;\n\n&lt;p&gt;That date also creates something of a problem Zhukov was recalled in April of 1946. Mladin Zarubica, who is the core source here, was only sent over in 1946 to get a plant started. Mark Pendergrast interviewed Zarubica, and I&amp;#39;ll simply quote from his notes on this interview:&lt;/p&gt;\n\n&lt;blockquote&gt;\n&lt;p&gt;While interviewing Mladin Zarubica, the technical observer who made \u201cwhite Coke\u201d for Russian General Zhukov, I mentioned that I had a formula. \u201cOh, really?\u201d he said. \u201cSo do I. The Company gave me one when I had to take the color out for Zhukov. Want to see it?\u201d I did indeed. When the photocopy of his January 4, 1947, correspondence arrived, it contained exactly the same formula that I had found in the archives\u2014same amounts, same format, even the same misspelling of \u201cF. E. Coco.\u201d&lt;/p&gt;\n&lt;/blockquote&gt;\n\n&lt;p&gt;See the problem? The documents that Zarubica shows to corroborate his story suggest he only would have been able to start doing this in early 1947, or nearly a year &lt;em&gt;after&lt;/em&gt; Zhukov had been recalled from Berlin and exiled to a backwater posting in the Crimea. He was living in fear of arrest at that point in time, and I find it very hard to believe he would be having a container of Coca-cola, whatever color, smuggled to Crimea for him.&lt;/p&gt;\n\n&lt;p&gt;It could be &lt;em&gt;partially&lt;/em&gt; truthful in that they did intend to give some to Zhukov, but until I see an actual document which corroborates delivery to him, consider me a skeptic.&lt;/p&gt;\n&lt;/div&gt;", "gildings": {}, "collapsed_reason": null, "associated_award": null, "stickied": false, "author_premium": true, "subreddit_type": "public", "can_gild": true, "top_awarded_type": null, "approved": false, "author_flair_text_color": "light", "score_hidden": false, "permalink": "/r/AskHistorians/comments/miomse/field_marshal_zhukov/gt6a0eq/", "num_reports": null, "locked": false, "name": "t1_gt6a0eq", "created": 1617422188.0, "subreddit": "AskHistorians", "author_flair_text": "Moderator | Post-Napoleonic Warfare &amp; Small Arms | Dueling", "treatment_tags": [], "spam": false, "collapsed": false, "subreddit_name_prefixed": "r/AskHistorians", "controversiality": 0, "depth": 2, "author_flair_background_color": "#993366", "collapsed_because_crowd_control": null, "mod_reports": [], "mod_note": null, "distinguished": null}}], "after": null, "before": null}}, "user_reports": [], "saved": false, "id": "gt62ehb", "banned_at_utc": null, "mod_reason_title": null, "gilded": 0, "archived": false, "removed": false, "no_follow": true, "author": "KDY_ISD", "can_mod_post": false, "send_replies": true, "parent_id": "t1_gt5xwqu", "score": 3, "author_fullname": "t2_wyfh9", "report_reasons": null, "approved_by": null, "all_awardings": [], "subreddit_id": "t5_2ssp3", "collapsed": false, "body": "I was hoping you'd be in here after I saw the title.  As a follow-up to post-war Zhukov, you often hear the story about his wanting clear Coke to avoid political backlash from drinking such an iconic American product.  Did he ever get found out, and was the potential backlash severe enough to be worth a special bottling?\n\nThanks!", "edited": false, "author_flair_css_class": null, "is_submitter": false, "downs": 0, "author_flair_richtext": [], "author_patreon_flair": false, "body_html": "&lt;div class=\"md\"&gt;&lt;p&gt;I was hoping you&amp;#39;d be in here after I saw the title.  As a follow-up to post-war Zhukov, you often hear the story about his wanting clear Coke to avoid political backlash from drinking such an iconic American product.  Did he ever get found out, and was the potential backlash severe enough to be worth a special bottling?&lt;/p&gt;\n\n&lt;p&gt;Thanks!&lt;/p&gt;\n&lt;/div&gt;", "gildings": {}, "collapsed_reason": null, "associated_award": null, "stickied": false, "author_premium": false, "subreddit_type": "public", "can_gild": true, "top_awarded_type": null, "approved": false, "author_flair_text_color": null, "score_hidden": false, "permalink": "/r/AskHistorians/comments/miomse/field_marshal_zhukov/gt62ehb/", "num_reports": null, "locked": false, "name": "t1_gt62ehb", "created": 1617418376.0, "subreddit": "AskHistorians", "author_flair_text": null, "treatment_tags": [], "spam": false, "created_utc": 1617389576.0, "subreddit_name_prefixed": "r/AskHistorians", "controversiality": 0, "depth": 1, "author_flair_background_color": null, "collapsed_because_crowd_control": null, "mod_reports": [], "mod_note": null, "distinguished": null}}], "after": null, "before": null}}, "user_reports": [], "saved": false, "id": "gt5xwqu", "banned_at_utc": null, "mod_reason_title": null, "gilded": 0, "archived": false, "removed": false, "no_follow": false, "author": "Georgy_K_Zhukov", "can_mod_post": false, "send_replies": true, "parent_id": "t3_miomse", "score": 9, "author_fullname": "t2_9v6a6", "report_reasons": null, "approved_by": null, "all_awardings": [], "subreddit_id": "t5_2ssp3", "ignore_reports": false, "body": "I think you are mistaken here. He actually came back *into* favor during the Brezhnev, although in a politically neutered way. It was during the latter part of the Khrushchev period that preceded it that he fell out of favor (again), and Brezhnev was instrumental in restoring him to public life. I believe [this](https://www.reddit.com/r/AskHistorians/comments/387pco/tuesday_trivia_historys_greatest_betrayals/crt4ne4/) is the most specific treatment I have done on this topic. Also a tidbit [here](https://www.reddit.com/r/AskHistorians/comments/bytjch/how_much_history_is_the_english_speaking_world/eqnilhy/?context=999).", "edited": false, "downs": 0, "author_flair_css_class": null, "is_submitter": false, "collapsed": false, "author_flair_richtext": [{"e": "text", "t": "Moderator | Post-Napoleonic Warfare &amp; Small Arms | Dueling"}], "author_patreon_flair": false, "body_html": "&lt;div class=\"md\"&gt;&lt;p&gt;I think you are mistaken here. He actually came back &lt;em&gt;into&lt;/em&gt; favor during the Brezhnev, although in a politically neutered way. It was during the latter part of the Khrushchev period that preceded it that he fell out of favor (again), and Brezhnev was instrumental in restoring him to public life. I believe &lt;a href=\"https://www.reddit.com/r/AskHistorians/comments/387pco/tuesday_trivia_historys_greatest_betrayals/crt4ne4/\"&gt;this&lt;/a&gt; is the most specific treatment I have done on this topic. Also a tidbit &lt;a href=\"https://www.reddit.com/r/AskHistorians/comments/bytjch/how_much_history_is_the_english_speaking_world/eqnilhy/?context=999\"&gt;here&lt;/a&gt;.&lt;/p&gt;\n&lt;/div&gt;", "gildings": {}, "collapsed_reason": null, "associated_award": null, "stickied": false, "author_premium": true, "subreddit_type": "public", "can_gild": true, "top_awarded_type": null, "approved": false, "author_flair_text_color": "light", "score_hidden": false, "permalink": "/r/AskHistorians/comments/miomse/field_marshal_zhukov/gt5xwqu/", "num_reports": null, "locked": false, "name": "t1_gt5xwqu", "created": 1617416125.0, "subreddit": "AskHistorians", "author_flair_text": "Moderator | Post-Napoleonic Warfare &amp; Small Arms | Dueling", "treatment_tags": [], "spam": false, "created_utc": 1617387325.0, "subreddit_name_prefixed": "r/AskHistorians", "controversiality": 0, "depth": 0, "author_flair_background_color": "#993366", "collapsed_because_crowd_control": null, "mod_reports": [], "mod_note": null, "distinguished": null}}], "after": null, "before": null}}]