[{"kind": "Listing", "data": {"modhash": "", "dist": 1, "children": [{"kind": "t3", "data": {"approved_at_utc": null, "subreddit": "AskHistorians", "selftext": "Specifically, when he blockaded Southern ports without a declaration of war from Congress, called for militia troops (another responsibility of Congress), suspending habeas corpus (and ignoring Chief Justice Taney's ruling that only Congress could do that) and trying civilians in military courts.\n\nIt's not an oft-discussed aspect of his presidency, though critics at the time denounced him for expanding the power of the Executive branch. Later generations like us are more willing to accept that these \"war powers\" are justified in times of emergency, and especially in light of the awe and respect we accord Lincoln.\n\nBut were these actions necessary to win the war? How helpful were they to the winning of the war?", "user_reports": [], "saved": false, "mod_reason_title": null, "gilded": 0, "clicked": false, "title": "Could Lincoln have won the Civil War without violating the Constitution?", "link_flair_richtext": [], "subreddit_name_prefixed": "r/AskHistorians", "hidden": false, "pwls": 6, "link_flair_css_class": null, "downs": 0, "parent_whitelist_status": "all_ads", "hide_score": false, "name": "t3_6xjy99", "quarantine": false, "link_flair_text_color": "dark", "upvote_ratio": 0.8, "author_flair_background_color": null, "subreddit_type": "public", "ups": 13, "domain": "self.AskHistorians", "media_embed": {}, "author_flair_template_id": null, "is_original_content": false, "secure_media": null, "is_reddit_media_domain": false, "category": null, "secure_media_embed": {}, "link_flair_text": null, "can_mod_post": false, "score": 13, "approved_by": null, "thumbnail": "", "edited": false, "author_flair_css_class": null, "author_flair_richtext": [], "content_categories": null, "is_self": true, "mod_note": null, "created": 1504358019.0, "link_flair_type": "text", "wls": 6, "post_categories": null, "banned_by": null, "author_flair_type": "text", "contest_mode": false, "selftext_html": "&lt;!-- SC_OFF --&gt;&lt;div class=\"md\"&gt;&lt;p&gt;Specifically, when he blockaded Southern ports without a declaration of war from Congress, called for militia troops (another responsibility of Congress), suspending habeas corpus (and ignoring Chief Justice Taney&amp;#39;s ruling that only Congress could do that) and trying civilians in military courts.&lt;/p&gt;\n\n&lt;p&gt;It&amp;#39;s not an oft-discussed aspect of his presidency, though critics at the time denounced him for expanding the power of the Executive branch. Later generations like us are more willing to accept that these &amp;quot;war powers&amp;quot; are justified in times of emergency, and especially in light of the awe and respect we accord Lincoln.&lt;/p&gt;\n\n&lt;p&gt;But were these actions necessary to win the war? How helpful were they to the winning of the war?&lt;/p&gt;\n&lt;/div&gt;&lt;!-- SC_ON --&gt;", "likes": null, "suggested_sort": null, "banned_at_utc": null, "view_count": null, "archived": true, "no_follow": false, "is_crosspostable": false, "pinned": false, "over_18": false, "media_only": false, "can_gild": false, "spoiler": false, "locked": false, "author_flair_text": null, "rte_mode": "markdown", "visited": false, "num_reports": null, "distinguished": null, "subreddit_id": "t5_2ssp3", "mod_reason_by": null, "removal_reason": null, "id": "6xjy99", "report_reasons": null, "author": "sickjuicy", "num_crossposts": 0, "num_comments": 0, "send_replies": false, "mod_reports": [], "author_flair_text_color": null, "permalink": "/r/AskHistorians/comments/6xjy99/could_lincoln_have_won_the_civil_war_without/", "whitelist_status": "all_ads", "stickied": false, "url": "https://www.reddit.com/r/AskHistorians/comments/6xjy99/could_lincoln_have_won_the_civil_war_without/", "subreddit_subscribers": 771162, "created_utc": 1504329219.0, "media": null, "is_video": false}}], "after": null, "before": null}}, {"kind": "Listing", "data": {"modhash": "", "dist": null, "children": [], "after": null, "before": null}}]