[{"kind": "Listing", "data": {"modhash": "", "dist": 1, "children": [{"kind": "t3", "data": {"approved_at_utc": null, "subreddit": "AskHistorians", "selftext": "Can somebody give me more in depth information on the significance of trees in Persia, or correct me if I'm wrong at least? I remember in one of my classes from college going over trees in ancient Persia. I remember that people visiting would bring trees as gifts and that they had many kinds and how high up the position of gardener was in an occupational sense. \n\nI really think it's cool how much they think of trees in this culture and if you know of any other culture I'd like to hear about it", "user_reports": [], "saved": false, "mod_reason_title": null, "gilded": 0, "clicked": false, "title": "Trees in ancient Persia", "link_flair_richtext": [], "subreddit_name_prefixed": "r/AskHistorians", "hidden": false, "pwls": 6, "link_flair_css_class": null, "downs": 0, "parent_whitelist_status": "all_ads", "hide_score": false, "name": "t3_6xlu1o", "quarantine": false, "link_flair_text_color": "dark", "upvote_ratio": 0.73, "author_flair_background_color": null, "subreddit_type": "public", "ups": 5, "domain": "self.AskHistorians", "media_embed": {}, "author_flair_template_id": null, "is_original_content": false, "secure_media": null, "is_reddit_media_domain": false, "category": null, "secure_media_embed": {}, "link_flair_text": null, "can_mod_post": false, "score": 5, "approved_by": null, "thumbnail": "", "edited": false, "author_flair_css_class": null, "author_flair_richtext": [], "content_categories": null, "is_self": true, "mod_note": null, "created": 1504386614.0, "link_flair_type": "text", "wls": 6, "post_categories": null, "banned_by": null, "author_flair_type": "text", "contest_mode": false, "selftext_html": "&lt;!-- SC_OFF --&gt;&lt;div class=\"md\"&gt;&lt;p&gt;Can somebody give me more in depth information on the significance of trees in Persia, or correct me if I&amp;#39;m wrong at least? I remember in one of my classes from college going over trees in ancient Persia. I remember that people visiting would bring trees as gifts and that they had many kinds and how high up the position of gardener was in an occupational sense. &lt;/p&gt;\n\n&lt;p&gt;I really think it&amp;#39;s cool how much they think of trees in this culture and if you know of any other culture I&amp;#39;d like to hear about it&lt;/p&gt;\n&lt;/div&gt;&lt;!-- SC_ON --&gt;", "likes": null, "suggested_sort": null, "banned_at_utc": null, "view_count": null, "archived": true, "no_follow": true, "is_crosspostable": false, "pinned": false, "over_18": false, "media_only": false, "can_gild": false, "spoiler": false, "locked": false, "author_flair_text": null, "rte_mode": "markdown", "visited": false, "num_reports": null, "distinguished": null, "subreddit_id": "t5_2ssp3", "mod_reason_by": null, "removal_reason": null, "id": "6xlu1o", "report_reasons": null, "author": "Fierce_Deity_7", "num_crossposts": 0, "num_comments": 0, "send_replies": true, "mod_reports": [], "author_flair_text_color": null, "permalink": "/r/AskHistorians/comments/6xlu1o/trees_in_ancient_persia/", "whitelist_status": "all_ads", "stickied": false, "url": "https://www.reddit.com/r/AskHistorians/comments/6xlu1o/trees_in_ancient_persia/", "subreddit_subscribers": 771162, "created_utc": 1504357814.0, "media": null, "is_video": false}}], "after": null, "before": null}}, {"kind": "Listing", "data": {"modhash": "", "dist": null, "children": [], "after": null, "before": null}}]