[{"kind": "Listing", "data": {"modhash": "", "dist": 1, "children": [{"kind": "t3", "data": {"approved_at_utc": null, "subreddit": "AskHistorians", "selftext": "", "user_reports": [], "saved": false, "mod_reason_title": null, "gilded": 0, "clicked": false, "title": "Why did cities like London go dark to avoid being bombed? Couldn\u2019t planes still see the cities? (WWII)", "link_flair_richtext": [], "subreddit_name_prefixed": "r/AskHistorians", "hidden": false, "pwls": 6, "link_flair_css_class": null, "downs": 0, "parent_whitelist_status": "all_ads", "hide_score": false, "name": "t3_7h7qkt", "quarantine": false, "link_flair_text_color": "dark", "upvote_ratio": 0.52, "author_flair_background_color": null, "subreddit_type": "public", "ups": 1, "domain": "self.AskHistorians", "media_embed": {}, "author_flair_template_id": null, "is_original_content": false, "secure_media": null, "is_reddit_media_domain": false, "category": null, "secure_media_embed": {}, "link_flair_text": null, "can_mod_post": false, "score": 1, "approved_by": null, "thumbnail": "", "edited": false, "author_flair_css_class": null, "author_flair_richtext": [], "content_categories": null, "is_self": true, "mod_note": null, "created": 1512304562.0, "link_flair_type": "text", "wls": 6, "post_categories": null, "banned_by": null, "author_flair_type": "text", "contest_mode": false, "selftext_html": null, "likes": null, "suggested_sort": null, "banned_at_utc": null, "view_count": null, "archived": true, "no_follow": true, "is_crosspostable": false, "pinned": false, "over_18": false, "media_only": false, "can_gild": false, "spoiler": false, "locked": false, "author_flair_text": null, "rte_mode": "markdown", "visited": false, "num_reports": null, "distinguished": null, "subreddit_id": "t5_2ssp3", "mod_reason_by": null, "removal_reason": null, "id": "7h7qkt", "report_reasons": null, "author": "Lucavario", "num_crossposts": 0, "num_comments": 2, "send_replies": true, "mod_reports": [], "author_flair_text_color": null, "permalink": "/r/AskHistorians/comments/7h7qkt/why_did_cities_like_london_go_dark_to_avoid_being/", "whitelist_status": "all_ads", "stickied": false, "url": "https://www.reddit.com/r/AskHistorians/comments/7h7qkt/why_did_cities_like_london_go_dark_to_avoid_being/", "subreddit_subscribers": 771324, "created_utc": 1512275762.0, "media": null, "is_video": false}}], "after": null, "before": null}}, {"kind": "Listing", "data": {"modhash": "", "dist": null, "children": [{"kind": "t1", "data": {"subreddit_id": "t5_2ssp3", "approved_at_utc": null, "ups": 2, "mod_reason_by": null, "banned_by": null, "author_flair_type": "text", "removal_reason": null, "link_id": "t3_7h7qkt", "author_flair_template_id": null, "likes": null, "no_follow": true, "replies": "", "user_reports": [], "saved": false, "id": "dqtdzvj", "banned_at_utc": null, "mod_reason_title": null, "gilded": 0, "archived": true, "report_reasons": null, "author": "rmcnavyguy", "can_mod_post": false, "send_replies": true, "parent_id": "t3_7h7qkt", "score": 2, "approved_by": null, "downs": 0, "body": "Night vision was in its infancy, and navigation was done in a fairly imprecise way, so bomber crews often had difficulty finding their targets. Because bombing was mainly done at night, a lit-up city would be a large beacon for aircrews. It also served to hide landmarks and navigational features, to make it even harder for bombers to find their targets.\n\nIt's similar to what happened with u-boat attacks on the US East Coast in 1942: for the first few months, cities continued to be lit up (because, unlike British cities, they weren't at risk of bombing) which gave submarine crews the ability to see the silhouettes of ships against the bright background, increasing their ability to attack. It's also the reason most ships, for the most part, sailed without lights.", "edited": false, "author_flair_css_class": null, "collapsed": false, "author_flair_richtext": [], "is_submitter": false, "collapsed_reason": null, "body_html": "&lt;div class=\"md\"&gt;&lt;p&gt;Night vision was in its infancy, and navigation was done in a fairly imprecise way, so bomber crews often had difficulty finding their targets. Because bombing was mainly done at night, a lit-up city would be a large beacon for aircrews. It also served to hide landmarks and navigational features, to make it even harder for bombers to find their targets.&lt;/p&gt;\n\n&lt;p&gt;It&amp;#39;s similar to what happened with u-boat attacks on the US East Coast in 1942: for the first few months, cities continued to be lit up (because, unlike British cities, they weren&amp;#39;t at risk of bombing) which gave submarine crews the ability to see the silhouettes of ships against the bright background, increasing their ability to attack. It&amp;#39;s also the reason most ships, for the most part, sailed without lights.&lt;/p&gt;\n&lt;/div&gt;", "stickied": false, "subreddit_type": "public", "can_gild": true, "subreddit": "AskHistorians", "author_flair_text_color": null, "score_hidden": false, "permalink": "/r/AskHistorians/comments/7h7qkt/why_did_cities_like_london_go_dark_to_avoid_being/dqtdzvj/", "num_reports": null, "name": "t1_dqtdzvj", "created": 1512532760.0, "author_flair_text": null, "rte_mode": "markdown", "created_utc": 1512503960.0, "subreddit_name_prefixed": "r/AskHistorians", "controversiality": 0, "depth": 0, "author_flair_background_color": null, "mod_reports": [], "mod_note": null, "distinguished": null}}], "after": null, "before": null}}]