[{"kind": "Listing", "data": {"modhash": "", "dist": 1, "children": [{"kind": "t3", "data": {"approved_at_utc": null, "subreddit": "AskHistorians", "selftext": "Simply asking this question on Google gives one the casualty figures (which more or less inevitably conflate casualties with deaths), but the only place in the first few pages of results (as far as I can remember) giving a figure for the sizes of armies is Wikipedia, which only gives the number of divisions. So, what were the 200,000-450,000 British casualties out of?", "user_reports": [], "saved": false, "mod_reason_title": null, "gilded": 0, "clicked": false, "title": "How many troops fought at Passchendaele?", "link_flair_richtext": [], "subreddit_name_prefixed": "r/AskHistorians", "hidden": false, "pwls": 6, "link_flair_css_class": null, "downs": 0, "parent_whitelist_status": "all_ads", "hide_score": false, "name": "t3_7haa0y", "quarantine": false, "link_flair_text_color": "dark", "upvote_ratio": 0.73, "author_flair_background_color": "", "subreddit_type": "public", "ups": 18, "domain": "self.AskHistorians", "media_embed": {}, "author_flair_template_id": null, "is_original_content": false, "secure_media": null, "is_reddit_media_domain": false, "category": null, "secure_media_embed": {}, "link_flair_text": null, "can_mod_post": false, "score": 18, "approved_by": null, "thumbnail": "", "edited": false, "author_flair_css_class": "asia", "author_flair_richtext": [{"e": "text", "t": "Taiping Rebellion"}], "content_categories": null, "is_self": true, "mod_note": null, "created": 1512344525.0, "link_flair_type": "text", "wls": 6, "post_categories": null, "banned_by": null, "author_flair_type": "richtext", "contest_mode": false, "selftext_html": "&lt;!-- SC_OFF --&gt;&lt;div class=\"md\"&gt;&lt;p&gt;Simply asking this question on Google gives one the casualty figures (which more or less inevitably conflate casualties with deaths), but the only place in the first few pages of results (as far as I can remember) giving a figure for the sizes of armies is Wikipedia, which only gives the number of divisions. So, what were the 200,000-450,000 British casualties out of?&lt;/p&gt;\n&lt;/div&gt;&lt;!-- SC_ON --&gt;", "likes": null, "suggested_sort": null, "banned_at_utc": null, "view_count": null, "archived": true, "no_follow": false, "is_crosspostable": false, "pinned": false, "over_18": false, "media_only": false, "can_gild": false, "spoiler": false, "locked": false, "author_flair_text": "Taiping Rebellion", "rte_mode": "markdown", "visited": false, "num_reports": null, "distinguished": null, "subreddit_id": "t5_2ssp3", "mod_reason_by": null, "removal_reason": null, "id": "7haa0y", "report_reasons": null, "author": "EnclavedMicrostate", "num_crossposts": 0, "num_comments": 1, "send_replies": true, "mod_reports": [], "author_flair_text_color": "dark", "permalink": "/r/AskHistorians/comments/7haa0y/how_many_troops_fought_at_passchendaele/", "whitelist_status": "all_ads", "stickied": false, "url": "https://www.reddit.com/r/AskHistorians/comments/7haa0y/how_many_troops_fought_at_passchendaele/", "subreddit_subscribers": 771330, "created_utc": 1512315725.0, "media": null, "is_video": false}}], "after": null, "before": null}}, {"kind": "Listing", "data": {"modhash": "", "dist": null, "children": [], "after": null, "before": null}}]