[{"kind": "Listing", "data": {"modhash": "", "dist": 1, "children": [{"kind": "t3", "data": {"approved_at_utc": null, "subreddit": "AskHistorians", "selftext": "", "user_reports": [], "saved": false, "mod_reason_title": null, "gilded": 0, "clicked": false, "title": "In Poldark, 18th century lenders are able to call in debts at will and bankrupt debtors in short order. In reality, how did lending work in the 18th century and was the power lenders had over their debtors that significant? When did that change?", "link_flair_richtext": [], "subreddit_name_prefixed": "r/AskHistorians", "hidden": false, "pwls": 6, "link_flair_css_class": null, "downs": 0, "parent_whitelist_status": "all_ads", "hide_score": false, "name": "t3_7hau5e", "quarantine": false, "link_flair_text_color": "dark", "upvote_ratio": 0.89, "author_flair_background_color": null, "subreddit_type": "public", "ups": 44, "domain": "self.AskHistorians", "media_embed": {}, "author_flair_template_id": null, "is_original_content": false, "secure_media": null, "is_reddit_media_domain": false, "category": null, "secure_media_embed": {}, "link_flair_text": null, "can_mod_post": false, "score": 44, "approved_by": null, "thumbnail": "", "edited": false, "author_flair_css_class": null, "author_flair_richtext": [], "content_categories": null, "is_self": true, "mod_note": null, "created": 1512350124.0, "link_flair_type": "text", "wls": 6, "post_categories": null, "banned_by": null, "author_flair_type": "text", "contest_mode": false, "selftext_html": null, "likes": null, "suggested_sort": null, "banned_at_utc": null, "view_count": null, "archived": true, "no_follow": false, "is_crosspostable": false, "pinned": false, "over_18": false, "media_only": false, "can_gild": false, "spoiler": false, "locked": false, "author_flair_text": null, "rte_mode": "markdown", "visited": false, "num_reports": null, "distinguished": null, "subreddit_id": "t5_2ssp3", "mod_reason_by": null, "removal_reason": null, "id": "7hau5e", "report_reasons": null, "author": "Shinkaru", "num_crossposts": 0, "num_comments": 1, "send_replies": true, "mod_reports": [], "author_flair_text_color": null, "permalink": "/r/AskHistorians/comments/7hau5e/in_poldark_18th_century_lenders_are_able_to_call/", "whitelist_status": "all_ads", "stickied": false, "url": "https://www.reddit.com/r/AskHistorians/comments/7hau5e/in_poldark_18th_century_lenders_are_able_to_call/", "subreddit_subscribers": 771330, "created_utc": 1512321324.0, "media": null, "is_video": false}}], "after": null, "before": null}}, {"kind": "Listing", "data": {"modhash": "", "dist": null, "children": [{"kind": "t1", "data": {"subreddit_id": "t5_2ssp3", "approved_at_utc": null, "ups": 43, "mod_reason_by": null, "banned_by": null, "author_flair_type": "richtext", "removal_reason": null, "link_id": "t3_7hau5e", "author_flair_template_id": null, "likes": null, "no_follow": false, "replies": "", "user_reports": [], "saved": false, "id": "dqrq0iw", "banned_at_utc": null, "mod_reason_title": null, "gilded": 0, "archived": true, "report_reasons": null, "author": "OwlOfDerision", "can_mod_post": false, "send_replies": true, "parent_id": "t3_7hau5e", "score": 43, "approved_by": null, "downs": 0, "body": "Creditors in 18th century Britain could wield enormous power over debtors. Until the practice was formally abolished by the Debtors' Act of 1869, a person could be imprisoned for owing money. If a person defaulted on a debt, a creditor wishing to recover their money needed to persuade a court to issue a writ (a form of warrant) for that person's arrest, meaning that they had to demonstrate that an attempt had been made to seek payment, and a reasonable amount of time had passed since the debt was incurred. (It was virtually impossible to, say, contract a debt on a Monday and be imprisoned for it on Tuesday).\n\nThe arrest would be carried out by the bailiffs or marshals of the court which had issued the writ. It could be a violent affair - many people resisted arrest, and would be supported by their friends and neighbours (see: *Gender and Petty Violence in London, 1680-1720*, by Jennine Hurl-Eamon). Debtor's arrest was a popular theme in 18th and early 19th century literature and art - one well-known representation is plate IV in William Hogarth's [The Rake's Progress](https://www.soane.org/sites/default/files/gallery/rakes-progress-the-arrest.jpg), painted in 1733. \n\nA debtor would be given the chance to post bail, if he* had ready money to meet it, or could persuade a friend to loan the money. If not, he would normally be taken to a place known as a 'spunging house' in the first instance, often the home of the bailiff, where he would be effectively imprisoned, in reasonably comfortable surroundings but charged extortionate prices for the privilege. This gave a debtor the chance to settle with his creditors, either by making funds available to pay the debt, or, if unable to do so, negotiating a settlement. It was sometimes possible to persuade creditors to compound a debt, accepting a fixed sum of money against each pound owed (so if, say, you owed \u00a3100 but only had \u00a380 to your name, you might compound for sixteen shillings in the pound, as \u00a31 = 20 shillings). Creditors might be persuaded to compound as a way of recovering some of their money, but there was no guarantee of it.\n\nIf settling, bail or compounding were not available to the debtor, then they would be confined to debtor's prison. In 18th century London, the principal debtors' prisons were the Marshalsea, the Fleet and the King's Bench. This [Thomas Rowlandson etching](http://www.npg.org.uk/collections/search/portraitLarge/mw71085/Fleet-Prison?search=ap&amp;npgno=D15285&amp;eDate=&amp;lDate=) from 1808 shows the courtyard of the Fleet. 18th century prisons were effectively run as private concerns, so a prisoner's access to comforts depended on their access to cash. Many prisoners had their families with them, and family members were permitted to come and go, working to help pay off a debt. Those who could access money could even live outside the prison itself, within an area known as 'the Rules of the Fleet'. So many indebted clergymen lived within the Rules, and were willing to perform unlicensed/secret wedding ceremonies for a fee, that such weddings became known as 'Fleet Marriages'. \n\nIt seems ridiculous today that people who owed money were punished by being charged more money, and shut off from the opportunity to work and repay their debt. What exacerbated the problem was that, in legal terms, all debt in this period was *personal*. Even if the debt was contracted for business reasons, the concept of limited liability was not available to the 18th century trader or business owner. The passage of the Bubble Act in 1720 had outlawed the formation of companies, and so any business owner who took on a debt (say, for raw materials or tools) was personally liable for that debt if their business collapsed.\n\nNote: I use 'he' throughout this answer because the majority of debtors were male. British law embraced the principle of *coverture*, by which a married woman ceased to be a legal entity, but was instead absorbed by her husband - a *feme covert*, as opposed to a *feme sole*, a widow or spinster. The husband therefore became liable for his wife's debts, even if she contracted them prior to the marriage. This [pamphlet](https://books.google.co.uk/books?id=RtZIAQAAMAAJ&amp;lpg=PA93&amp;ots=SUcSCOIbe0&amp;dq=feme%20sole%20debt&amp;pg=PA1#v=onepage&amp;q=feme%20sole%20debt&amp;f=false) from 1720 outlines the legal situation in full.", "edited": 1512424694.0, "author_flair_css_class": "art", "collapsed": false, "author_flair_richtext": [{"e": "text", "t": "18th Century British History | British Social and Art History"}], "is_submitter": false, "collapsed_reason": null, "body_html": "&lt;div class=\"md\"&gt;&lt;p&gt;Creditors in 18th century Britain could wield enormous power over debtors. Until the practice was formally abolished by the Debtors&amp;#39; Act of 1869, a person could be imprisoned for owing money. If a person defaulted on a debt, a creditor wishing to recover their money needed to persuade a court to issue a writ (a form of warrant) for that person&amp;#39;s arrest, meaning that they had to demonstrate that an attempt had been made to seek payment, and a reasonable amount of time had passed since the debt was incurred. (It was virtually impossible to, say, contract a debt on a Monday and be imprisoned for it on Tuesday).&lt;/p&gt;\n\n&lt;p&gt;The arrest would be carried out by the bailiffs or marshals of the court which had issued the writ. It could be a violent affair - many people resisted arrest, and would be supported by their friends and neighbours (see: &lt;em&gt;Gender and Petty Violence in London, 1680-1720&lt;/em&gt;, by Jennine Hurl-Eamon). Debtor&amp;#39;s arrest was a popular theme in 18th and early 19th century literature and art - one well-known representation is plate IV in William Hogarth&amp;#39;s &lt;a href=\"https://www.soane.org/sites/default/files/gallery/rakes-progress-the-arrest.jpg\"&gt;The Rake&amp;#39;s Progress&lt;/a&gt;, painted in 1733. &lt;/p&gt;\n\n&lt;p&gt;A debtor would be given the chance to post bail, if he* had ready money to meet it, or could persuade a friend to loan the money. If not, he would normally be taken to a place known as a &amp;#39;spunging house&amp;#39; in the first instance, often the home of the bailiff, where he would be effectively imprisoned, in reasonably comfortable surroundings but charged extortionate prices for the privilege. This gave a debtor the chance to settle with his creditors, either by making funds available to pay the debt, or, if unable to do so, negotiating a settlement. It was sometimes possible to persuade creditors to compound a debt, accepting a fixed sum of money against each pound owed (so if, say, you owed \u00a3100 but only had \u00a380 to your name, you might compound for sixteen shillings in the pound, as \u00a31 = 20 shillings). Creditors might be persuaded to compound as a way of recovering some of their money, but there was no guarantee of it.&lt;/p&gt;\n\n&lt;p&gt;If settling, bail or compounding were not available to the debtor, then they would be confined to debtor&amp;#39;s prison. In 18th century London, the principal debtors&amp;#39; prisons were the Marshalsea, the Fleet and the King&amp;#39;s Bench. This &lt;a href=\"http://www.npg.org.uk/collections/search/portraitLarge/mw71085/Fleet-Prison?search=ap&amp;amp;npgno=D15285&amp;amp;eDate=&amp;amp;lDate=\"&gt;Thomas Rowlandson etching&lt;/a&gt; from 1808 shows the courtyard of the Fleet. 18th century prisons were effectively run as private concerns, so a prisoner&amp;#39;s access to comforts depended on their access to cash. Many prisoners had their families with them, and family members were permitted to come and go, working to help pay off a debt. Those who could access money could even live outside the prison itself, within an area known as &amp;#39;the Rules of the Fleet&amp;#39;. So many indebted clergymen lived within the Rules, and were willing to perform unlicensed/secret wedding ceremonies for a fee, that such weddings became known as &amp;#39;Fleet Marriages&amp;#39;. &lt;/p&gt;\n\n&lt;p&gt;It seems ridiculous today that people who owed money were punished by being charged more money, and shut off from the opportunity to work and repay their debt. What exacerbated the problem was that, in legal terms, all debt in this period was &lt;em&gt;personal&lt;/em&gt;. Even if the debt was contracted for business reasons, the concept of limited liability was not available to the 18th century trader or business owner. The passage of the Bubble Act in 1720 had outlawed the formation of companies, and so any business owner who took on a debt (say, for raw materials or tools) was personally liable for that debt if their business collapsed.&lt;/p&gt;\n\n&lt;p&gt;Note: I use &amp;#39;he&amp;#39; throughout this answer because the majority of debtors were male. British law embraced the principle of &lt;em&gt;coverture&lt;/em&gt;, by which a married woman ceased to be a legal entity, but was instead absorbed by her husband - a &lt;em&gt;feme covert&lt;/em&gt;, as opposed to a &lt;em&gt;feme sole&lt;/em&gt;, a widow or spinster. The husband therefore became liable for his wife&amp;#39;s debts, even if she contracted them prior to the marriage. This &lt;a href=\"https://books.google.co.uk/books?id=RtZIAQAAMAAJ&amp;amp;lpg=PA93&amp;amp;ots=SUcSCOIbe0&amp;amp;dq=feme%20sole%20debt&amp;amp;pg=PA1#v=onepage&amp;amp;q=feme%20sole%20debt&amp;amp;f=false\"&gt;pamphlet&lt;/a&gt; from 1720 outlines the legal situation in full.&lt;/p&gt;\n&lt;/div&gt;", "stickied": false, "subreddit_type": "public", "can_gild": true, "subreddit": "AskHistorians", "author_flair_text_color": null, "score_hidden": false, "permalink": "/r/AskHistorians/comments/7hau5e/in_poldark_18th_century_lenders_are_able_to_call/dqrq0iw/", "num_reports": null, "name": "t1_dqrq0iw", "created": 1512453271.0, "author_flair_text": "18th Century British History | British Social and Art History", "rte_mode": "markdown", "created_utc": 1512424471.0, "subreddit_name_prefixed": "r/AskHistorians", "controversiality": 0, "depth": 0, "author_flair_background_color": null, "mod_reports": [], "mod_note": null, "distinguished": null}}], "after": null, "before": null}}]