[{"kind": "Listing", "data": {"modhash": "", "dist": 1, "children": [{"kind": "t3", "data": {"approved_at_utc": null, "subreddit": "AskHistorians", "selftext": "Hey there, \n\nI recently came across this topic, seeing an essay by Arthur Boak on the *Magister Officiorum*. It seems to have become a relatively powerful position by the time of Constantine, and then fallen off almost as soon as it arose. [(source)](https://books.google.com/books?id=8jPiAAAAMAAJ&amp;printsec=frontcover&amp;source=gbs_ge_summary_r&amp;cad=0#v=onepage&amp;q&amp;f=false)\n\nI was actually researching the cultural ideas of honor in this time period, specifically to determine if honor in a political setting had any association to rank. \n\nWell according to Boak's essay, it would seem that in the time of Constantine, it most certainly did, and this position rose to great honor, and thus great rank (great authority). Yet, as time went on, eventually it was purely a position of title, with a lot less authority.\n\nMy main question is this: Is this a fair representation of history, and a fair understanding of the role of this office, and of honor/primacy/authority in the empire?\n\nSecondly (and perhaps more importantly), is it fair to say, that the culture at-large would have been aware of the scope of this office, the role of honor/rank in their society, and so on?\n\nThird, are there any more resources for understanding the Magister Officiourum? What about for understanding the relationship between honor and authority in the Roman Empire in various times.\n\nThanks so much.", "user_reports": [], "saved": false, "mod_reason_title": null, "gilded": 0, "clicked": false, "title": "What was the role of the Magister Officiorum in the Roman Empire? Amid other questions.", "link_flair_richtext": [], "subreddit_name_prefixed": "r/AskHistorians", "hidden": false, "pwls": 6, "link_flair_css_class": null, "downs": 0, "parent_whitelist_status": "all_ads", "hide_score": false, "name": "t3_exkgro", "quarantine": false, "link_flair_text_color": "dark", "upvote_ratio": 0.84, "author_flair_background_color": null, "subreddit_type": "public", "ups": 4, "total_awards_received": 0, "media_embed": {}, "author_flair_template_id": null, "is_original_content": false, "author_fullname": "t2_4bpvbxeu", "secure_media": null, "is_reddit_media_domain": false, "is_meta": false, "category": null, "secure_media_embed": {}, "link_flair_text": null, "can_mod_post": false, "num_duplicates": 0, "approved_by": null, "author_premium": false, "thumbnail": "", "edited": false, "author_flair_css_class": null, "author_flair_richtext": [], "gildings": {}, "content_categories": null, "is_self": true, "mod_note": null, "created": 1580654552.0, "link_flair_type": "text", "wls": 6, "removed_by_category": null, "banned_by": null, "author_flair_type": "text", "domain": "self.AskHistorians", "allow_live_comments": false, "selftext_html": "&lt;!-- SC_OFF --&gt;&lt;div class=\"md\"&gt;&lt;p&gt;Hey there, &lt;/p&gt;\n\n&lt;p&gt;I recently came across this topic, seeing an essay by Arthur Boak on the &lt;em&gt;Magister Officiorum&lt;/em&gt;. It seems to have become a relatively powerful position by the time of Constantine, and then fallen off almost as soon as it arose. &lt;a href=\"https://books.google.com/books?id=8jPiAAAAMAAJ&amp;amp;printsec=frontcover&amp;amp;source=gbs_ge_summary_r&amp;amp;cad=0#v=onepage&amp;amp;q&amp;amp;f=false\"&gt;(source)&lt;/a&gt;&lt;/p&gt;\n\n&lt;p&gt;I was actually researching the cultural ideas of honor in this time period, specifically to determine if honor in a political setting had any association to rank. &lt;/p&gt;\n\n&lt;p&gt;Well according to Boak&amp;#39;s essay, it would seem that in the time of Constantine, it most certainly did, and this position rose to great honor, and thus great rank (great authority). Yet, as time went on, eventually it was purely a position of title, with a lot less authority.&lt;/p&gt;\n\n&lt;p&gt;My main question is this: Is this a fair representation of history, and a fair understanding of the role of this office, and of honor/primacy/authority in the empire?&lt;/p&gt;\n\n&lt;p&gt;Secondly (and perhaps more importantly), is it fair to say, that the culture at-large would have been aware of the scope of this office, the role of honor/rank in their society, and so on?&lt;/p&gt;\n\n&lt;p&gt;Third, are there any more resources for understanding the Magister Officiourum? What about for understanding the relationship between honor and authority in the Roman Empire in various times.&lt;/p&gt;\n\n&lt;p&gt;Thanks so much.&lt;/p&gt;\n&lt;/div&gt;&lt;!-- SC_ON --&gt;", "likes": null, "suggested_sort": null, "banned_at_utc": null, "view_count": null, "archived": false, "score": 4, "no_follow": true, "is_crosspostable": false, "pinned": false, "over_18": false, "all_awardings": [], "awarders": [], "media_only": false, "can_gild": false, "spoiler": false, "locked": false, "author_flair_text": null, "treatment_tags": [], "visited": false, "removed_by": null, "num_reports": null, "distinguished": null, "subreddit_id": "t5_2ssp3", "mod_reason_by": null, "removal_reason": null, "link_flair_background_color": "", "id": "exkgro", "is_robot_indexable": true, "report_reasons": null, "author": "coffeenut2019", "discussion_type": null, "num_comments": 1, "send_replies": true, "media": null, "contest_mode": false, "author_patreon_flair": false, "author_flair_text_color": null, "permalink": "/r/AskHistorians/comments/exkgro/what_was_the_role_of_the_magister_officiorum_in/", "whitelist_status": "all_ads", "stickied": false, "url": "https://www.reddit.com/r/AskHistorians/comments/exkgro/what_was_the_role_of_the_magister_officiorum_in/", "subreddit_subscribers": 1162580, "created_utc": 1580625752.0, "num_crossposts": 0, "mod_reports": [], "is_video": false}}], "after": null, "before": null}}, {"kind": "Listing", "data": {"modhash": "", "dist": null, "children": [{"kind": "t1", "data": {"total_awards_received": 0, "approved_at_utc": null, "ups": 1, "awarders": [], "mod_reason_by": null, "banned_by": null, "author_flair_type": "richtext", "removal_reason": null, "link_id": "t3_exkgro", "author_flair_template_id": "9e641f94-c626-11e2-8e2c-12313b0b21ae", "likes": null, "replies": "", "user_reports": [], "saved": false, "id": "fg8nq4p", "banned_at_utc": null, "mod_reason_title": null, "gilded": 0, "archived": false, "no_follow": true, "author": "AutoModerator", "can_mod_post": false, "send_replies": false, "parent_id": "t3_exkgro", "score": 1, "author_fullname": "t2_6l4z3", "report_reasons": null, "approved_by": null, "all_awardings": [], "subreddit_id": "t5_2ssp3", "body": "Welcome to /r/AskHistorians. **Please [Read Our Rules](https://www.reddit.com/r/AskHistorians/wiki/rules) before you comment in this community**. Understand that rule breaking comments get removed.\n\nWe thank you for your interest in this *question*, and your patience in waiting for an in-depth and comprehensive answer to be written, which takes time. Please consider **[Clicking Here for RemindMeBot](https://www.reddit.com/message/compose/?to=RemindMeBot&amp;subject=Reminder&amp;message=%5Bhttps://www.reddit.com/r/AskHistorians/comments/exkgro/what_was_the_role_of_the_magister_officiorum_in/%5D%0A%0ARemindMe!%202%20days)**, [using our Browser Extension](https://www.reddit.com/r/AskHistorians/comments/d6dzi7/tired_of_clicking_to_find_only_removed_comments/), or getting the [Weekly Roundup](https://www.reddit.com/message/compose?to=subredditsummarybot&amp;subject=askhistorians+weekly&amp;message=x). In the meantime our [Twitter](https://twitter.com/askhistorians), [Facebook](https://www.facebook.com/askhistorians/), and [Sunday Digest](https://www.reddit.com/r/AskHistorians/search?q=title%3A%22Sunday+Digest%22&amp;restrict_sr=on&amp;sort=new&amp;t=all) feature excellent content that has already been written!\n\n\n*I am a bot, and this action was performed automatically. Please [contact the moderators of this subreddit](/message/compose/?to=/r/AskHistorians) if you have any questions or concerns.*", "edited": false, "downs": 0, "author_flair_css_class": null, "is_submitter": false, "collapsed": false, "author_flair_richtext": [{"e": "text", "t": "History of Robotics"}], "author_patreon_flair": false, "body_html": "&lt;div class=\"md\"&gt;&lt;p&gt;Welcome to &lt;a href=\"/r/AskHistorians\"&gt;/r/AskHistorians&lt;/a&gt;. &lt;strong&gt;Please &lt;a href=\"https://www.reddit.com/r/AskHistorians/wiki/rules\"&gt;Read Our Rules&lt;/a&gt; before you comment in this community&lt;/strong&gt;. Understand that rule breaking comments get removed.&lt;/p&gt;\n\n&lt;p&gt;We thank you for your interest in this &lt;em&gt;question&lt;/em&gt;, and your patience in waiting for an in-depth and comprehensive answer to be written, which takes time. Please consider &lt;strong&gt;&lt;a href=\"https://www.reddit.com/message/compose/?to=RemindMeBot&amp;amp;subject=Reminder&amp;amp;message=%5Bhttps://www.reddit.com/r/AskHistorians/comments/exkgro/what_was_the_role_of_the_magister_officiorum_in/%5D%0A%0ARemindMe!%202%20days\"&gt;Clicking Here for RemindMeBot&lt;/a&gt;&lt;/strong&gt;, &lt;a href=\"https://www.reddit.com/r/AskHistorians/comments/d6dzi7/tired_of_clicking_to_find_only_removed_comments/\"&gt;using our Browser Extension&lt;/a&gt;, or getting the &lt;a href=\"https://www.reddit.com/message/compose?to=subredditsummarybot&amp;amp;subject=askhistorians+weekly&amp;amp;message=x\"&gt;Weekly Roundup&lt;/a&gt;. In the meantime our &lt;a href=\"https://twitter.com/askhistorians\"&gt;Twitter&lt;/a&gt;, &lt;a href=\"https://www.facebook.com/askhistorians/\"&gt;Facebook&lt;/a&gt;, and &lt;a href=\"https://www.reddit.com/r/AskHistorians/search?q=title%3A%22Sunday+Digest%22&amp;amp;restrict_sr=on&amp;amp;sort=new&amp;amp;t=all\"&gt;Sunday Digest&lt;/a&gt; feature excellent content that has already been written!&lt;/p&gt;\n\n&lt;p&gt;&lt;em&gt;I am a bot, and this action was performed automatically. Please &lt;a href=\"/message/compose/?to=/r/AskHistorians\"&gt;contact the moderators of this subreddit&lt;/a&gt; if you have any questions or concerns.&lt;/em&gt;&lt;/p&gt;\n&lt;/div&gt;", "gildings": {}, "collapsed_reason": null, "associated_award": null, "stickied": true, "author_premium": true, "subreddit_type": "public", "can_gild": true, "subreddit": "AskHistorians", "author_flair_text_color": "light", "score_hidden": true, "permalink": "/r/AskHistorians/comments/exkgro/what_was_the_role_of_the_magister_officiorum_in/fg8nq4p/", "num_reports": null, "locked": true, "name": "t1_fg8nq4p", "created": 1580654553.0, "author_flair_text": "History of Robotics", "treatment_tags": [], "created_utc": 1580625753.0, "subreddit_name_prefixed": "r/AskHistorians", "controversiality": 0, "depth": 0, "author_flair_background_color": "#993366", "collapsed_because_crowd_control": null, "mod_reports": [], "mod_note": null, "distinguished": "moderator"}}], "after": null, "before": null}}]