[{"kind": "Listing", "data": {"modhash": "", "dist": 1, "children": [{"kind": "t3", "data": {"approved_at_utc": null, "subreddit": "AskHistorians", "selftext": "The Renaissance is roughly defined as a period of revival of interest in the Greek and Romans (and their associated art and culture). When exactly did they lose interest? I can go back to the 8th century (during the so called \"Dark Ages\") and find people referencing the Greeks and Romans. Pope Stephen convinced Pepin III that he was descended from the Trojans (which I think is hilarious). As for revival of artistic interest, I could do the same thing. There was a lot of technological innovation, but so what? You can take any 300 year period in time and go \"wow, they invented a lot of stuff during this time.\" So what exactly makes the Renaissance different from the time that came before it?", "user_reports": [], "saved": false, "mod_reason_title": null, "gilded": 0, "clicked": false, "title": "Did the Renaissance actually happen?", "link_flair_richtext": [], "subreddit_name_prefixed": "r/AskHistorians", "hidden": false, "pwls": 6, "link_flair_css_class": null, "downs": 0, "parent_whitelist_status": "all_ads", "hide_score": false, "name": "t3_am6pbc", "quarantine": false, "link_flair_text_color": "dark", "upvote_ratio": 0.67, "author_flair_background_color": null, "subreddit_type": "public", "ups": 2, "domain": "self.AskHistorians", "media_embed": {}, "author_flair_template_id": null, "is_original_content": false, "author_fullname": "t2_fepdb", "secure_media": null, "is_reddit_media_domain": false, "is_meta": false, "category": null, "secure_media_embed": {}, "link_flair_text": null, "can_mod_post": false, "score": 2, "approved_by": null, "thumbnail": "", "edited": false, "author_flair_css_class": null, "author_flair_richtext": [], "gildings": {"gid_1": 0, "gid_2": 0, "gid_3": 0}, "content_categories": null, "is_self": true, "mod_note": null, "created": 1549054616.0, "link_flair_type": "text", "wls": 6, "banned_by": null, "author_flair_type": "text", "contest_mode": false, "selftext_html": "&lt;!-- SC_OFF --&gt;&lt;div class=\"md\"&gt;&lt;p&gt;The Renaissance is roughly defined as a period of revival of interest in the Greek and Romans (and their associated art and culture). When exactly did they lose interest? I can go back to the 8th century (during the so called &amp;quot;Dark Ages&amp;quot;) and find people referencing the Greeks and Romans. Pope Stephen convinced Pepin III that he was descended from the Trojans (which I think is hilarious). As for revival of artistic interest, I could do the same thing. There was a lot of technological innovation, but so what? You can take any 300 year period in time and go &amp;quot;wow, they invented a lot of stuff during this time.&amp;quot; So what exactly makes the Renaissance different from the time that came before it?&lt;/p&gt;\n&lt;/div&gt;&lt;!-- SC_ON --&gt;", "likes": null, "suggested_sort": null, "banned_at_utc": null, "view_count": null, "archived": false, "no_follow": false, "is_crosspostable": false, "pinned": false, "over_18": false, "media": null, "media_only": false, "link_flair_template_id": null, "can_gild": false, "spoiler": false, "locked": false, "author_flair_text": null, "visited": false, "num_reports": null, "distinguished": null, "subreddit_id": "t5_2ssp3", "mod_reason_by": null, "removal_reason": null, "link_flair_background_color": "", "id": "am6pbc", "is_robot_indexable": true, "report_reasons": null, "author": "godofimagination", "num_crossposts": 0, "num_comments": 0, "send_replies": true, "author_patreon_flair": false, "author_flair_text_color": null, "permalink": "/r/AskHistorians/comments/am6pbc/did_the_renaissance_actually_happen/", "whitelist_status": "all_ads", "stickied": false, "url": "https://www.reddit.com/r/AskHistorians/comments/am6pbc/did_the_renaissance_actually_happen/", "subreddit_subscribers": 921113, "created_utc": 1549054616.0, "mod_reports": [], "is_video": false}}], "after": null, "before": null}}, {"kind": "Listing", "data": {"modhash": "", "dist": null, "children": [], "after": null, "before": null}}]