[{"kind": "Listing", "data": {"modhash": "", "dist": 1, "children": [{"kind": "t3", "data": {"approved_at_utc": null, "subreddit": "AskHistorians", "selftext": "", "user_reports": [], "saved": false, "mod_reason_title": null, "gilded": 0, "clicked": false, "title": "In the 60s, The Bahamas had a higher GDP per capita than the UK. Now it barely qualifies as a developed country. What happened?", "link_flair_richtext": [], "subreddit_name_prefixed": "r/AskHistorians", "hidden": false, "pwls": 6, "link_flair_css_class": null, "downs": 0, "parent_whitelist_status": "all_ads", "hide_score": false, "name": "t3_am7o57", "quarantine": false, "link_flair_text_color": "dark", "upvote_ratio": 0.98, "author_flair_background_color": null, "subreddit_type": "public", "ups": 100, "domain": "self.AskHistorians", "media_embed": {}, "author_flair_template_id": null, "is_original_content": false, "author_fullname": "t2_grnyr", "secure_media": null, "is_reddit_media_domain": false, "is_meta": false, "category": null, "secure_media_embed": {}, "link_flair_text": null, "can_mod_post": false, "score": 100, "approved_by": null, "thumbnail": "", "edited": false, "author_flair_css_class": null, "author_flair_richtext": [], "gildings": {"gid_1": 0, "gid_2": 0, "gid_3": 0}, "content_categories": null, "is_self": true, "mod_note": null, "created": 1549060411.0, "link_flair_type": "text", "wls": 6, "banned_by": null, "author_flair_type": "text", "contest_mode": false, "selftext_html": null, "likes": null, "suggested_sort": null, "banned_at_utc": null, "view_count": null, "archived": false, "no_follow": false, "is_crosspostable": false, "pinned": false, "over_18": false, "media": null, "media_only": false, "link_flair_template_id": null, "can_gild": false, "spoiler": false, "locked": false, "author_flair_text": null, "visited": false, "num_reports": null, "distinguished": null, "subreddit_id": "t5_2ssp3", "mod_reason_by": null, "removal_reason": null, "link_flair_background_color": "", "id": "am7o57", "is_robot_indexable": true, "report_reasons": null, "author": "holytriplem", "num_crossposts": 0, "num_comments": 3, "send_replies": true, "author_patreon_flair": false, "author_flair_text_color": null, "permalink": "/r/AskHistorians/comments/am7o57/in_the_60s_the_bahamas_had_a_higher_gdp_per/", "whitelist_status": "all_ads", "stickied": false, "url": "https://www.reddit.com/r/AskHistorians/comments/am7o57/in_the_60s_the_bahamas_had_a_higher_gdp_per/", "subreddit_subscribers": 921113, "created_utc": 1549060411.0, "mod_reports": [], "is_video": false}}], "after": null, "before": null}}, {"kind": "Listing", "data": {"modhash": "", "dist": null, "children": [{"kind": "t1", "data": {"subreddit_id": "t5_2ssp3", "approved_at_utc": null, "mod_reason_by": null, "banned_by": null, "author_flair_type": "text", "removal_reason": null, "link_id": "t3_am7o57", "author_flair_template_id": null, "likes": null, "no_follow": false, "replies": {"kind": "Listing", "data": {"modhash": "", "dist": null, "children": [{"kind": "t1", "data": {"subreddit_id": "t5_2ssp3", "approved_at_utc": null, "mod_reason_by": null, "banned_by": null, "author_flair_type": "text", "removal_reason": null, "link_id": "t3_am7o57", "author_flair_template_id": null, "likes": null, "no_follow": true, "replies": {"kind": "Listing", "data": {"modhash": "", "dist": null, "children": [{"kind": "t1", "data": {"subreddit_id": "t5_2ssp3", "approved_at_utc": null, "mod_reason_by": null, "banned_by": null, "author_flair_type": "text", "removal_reason": null, "link_id": "t3_am7o57", "author_flair_template_id": null, "likes": null, "no_follow": false, "replies": "", "user_reports": [], "saved": false, "id": "eflpwcf", "banned_at_utc": null, "mod_reason_title": null, "gilded": 0, "archived": false, "report_reasons": null, "author": "lazarus2605", "can_mod_post": false, "created_utc": 1549129370.0, "send_replies": true, "parent_id": "t1_efl992m", "score": 6, "author_fullname": "t2_z1gwom4", "approved_by": null, "controversiality": 0, "body": "Yeah, pretty much a case of all the eggs in one basket. It was further worsened by bureaucratic lethargy. The IMF estimates that the GDP growth rate needs to be at least 5.5% to make \"a meaningful and sustainable dent in employment\". The country recorded a growth rate of 0% in 2016 which was worse than even the government estimate of 0.5%. However, things have improved in the last couple of years with the IMF revising the 2018 forecast to 2.5%.", "edited": false, "author_flair_css_class": null, "is_submitter": false, "downs": 0, "author_flair_richtext": [], "author_patreon_flair": false, "collapsed_reason": null, "body_html": "&lt;div class=\"md\"&gt;&lt;p&gt;Yeah, pretty much a case of all the eggs in one basket. It was further worsened by bureaucratic lethargy. The IMF estimates that the GDP growth rate needs to be at least 5.5% to make &amp;quot;a meaningful and sustainable dent in employment&amp;quot;. The country recorded a growth rate of 0% in 2016 which was worse than even the government estimate of 0.5%. However, things have improved in the last couple of years with the IMF revising the 2018 forecast to 2.5%.&lt;/p&gt;\n&lt;/div&gt;", "stickied": false, "subreddit_type": "public", "can_gild": true, "gildings": {"gid_1": 0, "gid_2": 0, "gid_3": 0}, "author_flair_text_color": null, "score_hidden": false, "permalink": "/r/AskHistorians/comments/am7o57/in_the_60s_the_bahamas_had_a_higher_gdp_per/eflpwcf/", "num_reports": null, "name": "t1_eflpwcf", "created": 1549129370.0, "subreddit": "AskHistorians", "author_flair_text": null, "collapsed": false, "subreddit_name_prefixed": "r/AskHistorians", "ups": 6, "depth": 2, "author_flair_background_color": null, "mod_reports": [], "mod_note": null, "distinguished": null}}], "after": null, "before": null}}, "user_reports": [], "saved": false, "id": "efl992m", "banned_at_utc": null, "mod_reason_title": null, "gilded": 0, "archived": false, "report_reasons": null, "author": "holytriplem", "can_mod_post": false, "created_utc": 1549114504.0, "send_replies": true, "parent_id": "t1_efl4heu", "score": 2, "author_fullname": "t2_grnyr", "approved_by": null, "controversiality": 0, "body": "That's a great answer! So basically, it was a case of economic overdependency on tourism? ", "edited": false, "author_flair_css_class": null, "is_submitter": true, "downs": 0, "author_flair_richtext": [], "author_patreon_flair": false, "collapsed_reason": null, "body_html": "&lt;div class=\"md\"&gt;&lt;p&gt;That&amp;#39;s a great answer! So basically, it was a case of economic overdependency on tourism? &lt;/p&gt;\n&lt;/div&gt;", "stickied": false, "subreddit_type": "public", "can_gild": true, "gildings": {"gid_1": 0, "gid_2": 0, "gid_3": 0}, "author_flair_text_color": null, "score_hidden": false, "permalink": "/r/AskHistorians/comments/am7o57/in_the_60s_the_bahamas_had_a_higher_gdp_per/efl992m/", "num_reports": null, "name": "t1_efl992m", "created": 1549114504.0, "subreddit": "AskHistorians", "author_flair_text": null, "collapsed": false, "subreddit_name_prefixed": "r/AskHistorians", "ups": 2, "depth": 1, "author_flair_background_color": null, "mod_reports": [], "mod_note": null, "distinguished": null}}], "after": null, "before": null}}, "user_reports": [], "saved": false, "id": "efl4heu", "banned_at_utc": null, "mod_reason_title": null, "gilded": 0, "archived": false, "report_reasons": null, "author": "lazarus2605", "can_mod_post": false, "created_utc": 1549108263.0, "send_replies": true, "parent_id": "t3_am7o57", "score": 55, "author_fullname": "t2_z1gwom4", "approved_by": null, "controversiality": 0, "body": "Following the end of the Second World War, the Bahamas attempted to develop two primary areas of economic activity, i.e. a year round tourism industry and an offshore financial services sector, to create a stable economy.\n\nHowever, the main stimulus for the growth of tourism was the American trade embargo on Cuba in 1961, following Castro's overthrow of the Batista government, and the subsequent nationalization of American assets. Cuba was a popular tourist destination in the 1950s due to its casinos and nightlife, and the embargo essentially restricted American travel to Cuba. As a result, much of this traffic moved to the Bahamas. Casinos were opened on Paradise Island and Nassau and in 1968 the country experienced its first one million-visitor year.\u00a0\n\nUnfortunately, the favourable circumstances of the 1950s and 60s unravelled in the 70s. In 1968, the Bahamas achieved majority rule with the election of the Progressive Liberal Party and by 1973 had achieved independence from the UK and become a self-governing country. This created uncertainty in the investment community and a number of investors pulled out forcing the Government to take over a number of hotels and attempt to operate them itself in an effort to maintain employment levels. At the same time Bahamas Airways collapsed in 1970, to be replaced by Bahamas World Airways which in turn failed in 1972. Bahamasair was created in 1973. The final blow during this time was the first oil crisis which lead to severe economic recession. \n\nDespite these difficulties, the hotel industry showed some signs of recovery. However, that was quickly undone, when the world was held hostage by OPEC again in 1979, and the resulting oil crisis led to a recession in 1980.\n\nIn the late 1970s it was also noted that the growth from tourism was coming from stopovers and cruise visitors, which while boosting overall numbers, contributed little towards the country's revenue. Thus, in the 80s, the hotel industry began facing serious difficulties with operating costs and return on investment. This period also marked the rise of competition in the form of Cancun, Jamaica, Puerto Rico and Aruba.\n\nThen, in 1991 came the Gulf War, and with it, a North American economic recession. This had a major impact on long stay stopovers and hotel visitors, whose numbers fell, and at the same time, the cruise visitors increased. Thus by 1992 the Bahamas found itself with an aging hotel industry, virtually no new investment, and very poor return on operations and on capital invested. As a result the destination gained a reputation as a cruise line port of call rather than a destination where one would want to spend a longer vacation. This had an adverse impact on employment and wages, and the tourism industry was on the brink of economic disaster. In 1992, the electorate of the Bahamas dismissed the incumbent government and elected the Free National Movement to be its new government. One of the first decisions made by the new Government was that it would no longer remain in the hotel business. Thus began a phase of disinvestment and privatisation of the hotel industry.\n\nIt may also be noted that as a result of the problems faced by the industry in the early 1990s, many airlines had cut back their services to Nassau. Charter carriers temporarily filled the void, but as the quality of product improved, the scheduled air carriers returned.\n\nHowever, the cruise industry went through a period of contraction during the mid-90s as ships developed new itineraries and opened up shorter 3 and 4 day cruises. At the same time, cruises began leaving Nassau earlier in the day to open on board shops and casinos. To counter this, in 1995 the Government passed legislation to encourage ships to stay longer in port and to increase the overall volume of traffic by offering incentives to the cruiseline companies. This began to pay quick dividends and reversed the decline in traffic but it wouldn't be until the arrival of Disney Magic and Disney Wonder in 1998 and 1999 respectively, that the cruise industry would become stable.\n\nIn 2008-09, the world was greeted by another recession, which again impacted the largely tourism dependent economy with lower occupancy levels, and declines in both stopovers and cruise activity. The slump in foreign investment also affected construction activities which adversely affected employment.\n\nIn recent years, the country has been plagued by a lack of economic growth, which has never been enough to generate employment in the first place. Analysts have blamed this low growth on lack of fiscal reforms. High unemployment and household debt have subdued consumer demand, leaving little room for domestic expansion. In addition, the country has been accused of facilitating drug transit and money laundering.", "edited": 1549109429.0, "author_flair_css_class": null, "is_submitter": false, "downs": 0, "author_flair_richtext": [], "author_patreon_flair": false, "collapsed_reason": null, "body_html": "&lt;div class=\"md\"&gt;&lt;p&gt;Following the end of the Second World War, the Bahamas attempted to develop two primary areas of economic activity, i.e. a year round tourism industry and an offshore financial services sector, to create a stable economy.&lt;/p&gt;\n\n&lt;p&gt;However, the main stimulus for the growth of tourism was the American trade embargo on Cuba in 1961, following Castro&amp;#39;s overthrow of the Batista government, and the subsequent nationalization of American assets. Cuba was a popular tourist destination in the 1950s due to its casinos and nightlife, and the embargo essentially restricted American travel to Cuba. As a result, much of this traffic moved to the Bahamas. Casinos were opened on Paradise Island and Nassau and in 1968 the country experienced its first one million-visitor year.\u00a0&lt;/p&gt;\n\n&lt;p&gt;Unfortunately, the favourable circumstances of the 1950s and 60s unravelled in the 70s. In 1968, the Bahamas achieved majority rule with the election of the Progressive Liberal Party and by 1973 had achieved independence from the UK and become a self-governing country. This created uncertainty in the investment community and a number of investors pulled out forcing the Government to take over a number of hotels and attempt to operate them itself in an effort to maintain employment levels. At the same time Bahamas Airways collapsed in 1970, to be replaced by Bahamas World Airways which in turn failed in 1972. Bahamasair was created in 1973. The final blow during this time was the first oil crisis which lead to severe economic recession. &lt;/p&gt;\n\n&lt;p&gt;Despite these difficulties, the hotel industry showed some signs of recovery. However, that was quickly undone, when the world was held hostage by OPEC again in 1979, and the resulting oil crisis led to a recession in 1980.&lt;/p&gt;\n\n&lt;p&gt;In the late 1970s it was also noted that the growth from tourism was coming from stopovers and cruise visitors, which while boosting overall numbers, contributed little towards the country&amp;#39;s revenue. Thus, in the 80s, the hotel industry began facing serious difficulties with operating costs and return on investment. This period also marked the rise of competition in the form of Cancun, Jamaica, Puerto Rico and Aruba.&lt;/p&gt;\n\n&lt;p&gt;Then, in 1991 came the Gulf War, and with it, a North American economic recession. This had a major impact on long stay stopovers and hotel visitors, whose numbers fell, and at the same time, the cruise visitors increased. Thus by 1992 the Bahamas found itself with an aging hotel industry, virtually no new investment, and very poor return on operations and on capital invested. As a result the destination gained a reputation as a cruise line port of call rather than a destination where one would want to spend a longer vacation. This had an adverse impact on employment and wages, and the tourism industry was on the brink of economic disaster. In 1992, the electorate of the Bahamas dismissed the incumbent government and elected the Free National Movement to be its new government. One of the first decisions made by the new Government was that it would no longer remain in the hotel business. Thus began a phase of disinvestment and privatisation of the hotel industry.&lt;/p&gt;\n\n&lt;p&gt;It may also be noted that as a result of the problems faced by the industry in the early 1990s, many airlines had cut back their services to Nassau. Charter carriers temporarily filled the void, but as the quality of product improved, the scheduled air carriers returned.&lt;/p&gt;\n\n&lt;p&gt;However, the cruise industry went through a period of contraction during the mid-90s as ships developed new itineraries and opened up shorter 3 and 4 day cruises. At the same time, cruises began leaving Nassau earlier in the day to open on board shops and casinos. To counter this, in 1995 the Government passed legislation to encourage ships to stay longer in port and to increase the overall volume of traffic by offering incentives to the cruiseline companies. This began to pay quick dividends and reversed the decline in traffic but it wouldn&amp;#39;t be until the arrival of Disney Magic and Disney Wonder in 1998 and 1999 respectively, that the cruise industry would become stable.&lt;/p&gt;\n\n&lt;p&gt;In 2008-09, the world was greeted by another recession, which again impacted the largely tourism dependent economy with lower occupancy levels, and declines in both stopovers and cruise activity. The slump in foreign investment also affected construction activities which adversely affected employment.&lt;/p&gt;\n\n&lt;p&gt;In recent years, the country has been plagued by a lack of economic growth, which has never been enough to generate employment in the first place. Analysts have blamed this low growth on lack of fiscal reforms. High unemployment and household debt have subdued consumer demand, leaving little room for domestic expansion. In addition, the country has been accused of facilitating drug transit and money laundering.&lt;/p&gt;\n&lt;/div&gt;", "stickied": false, "subreddit_type": "public", "can_gild": true, "gildings": {"gid_1": 0, "gid_2": 0, "gid_3": 0}, "author_flair_text_color": null, "score_hidden": false, "permalink": "/r/AskHistorians/comments/am7o57/in_the_60s_the_bahamas_had_a_higher_gdp_per/efl4heu/", "num_reports": null, "name": "t1_efl4heu", "created": 1549108263.0, "subreddit": "AskHistorians", "author_flair_text": null, "collapsed": false, "subreddit_name_prefixed": "r/AskHistorians", "ups": 55, "depth": 0, "author_flair_background_color": null, "mod_reports": [], "mod_note": null, "distinguished": null}}], "after": null, "before": null}}]