[{"kind": "Listing", "data": {"modhash": "", "dist": 1, "children": [{"kind": "t3", "data": {"approved_at_utc": null, "subreddit": "AskHistorians", "selftext": "", "user_reports": [], "saved": false, "mod_reason_title": null, "gilded": 0, "clicked": false, "title": "Why aren't non-japanese internment camps (German and Italian Camps) in the US during WW2 talked about as much as the japanese ones?", "link_flair_richtext": [], "subreddit_name_prefixed": "r/AskHistorians", "hidden": false, "pwls": 6, "link_flair_css_class": null, "downs": 0, "parent_whitelist_status": "all_ads", "hide_score": false, "name": "t3_c7mfq5", "quarantine": false, "link_flair_text_color": "dark", "upvote_ratio": 1.0, "author_flair_background_color": null, "subreddit_type": "public", "ups": 2, "total_awards_received": 0, "media_embed": {}, "author_flair_template_id": null, "is_original_content": false, "author_fullname": "t2_s96iy", "secure_media": null, "is_reddit_media_domain": false, "is_meta": false, "category": null, "secure_media_embed": {}, "link_flair_text": null, "can_mod_post": false, "num_duplicates": 1, "approved_by": null, "thumbnail": "", "edited": false, "author_flair_css_class": null, "steward_reports": [], "author_flair_richtext": [], "gildings": {}, "content_categories": null, "is_self": true, "mod_note": null, "created": 1561973829.0, "link_flair_type": "text", "wls": 6, "banned_by": null, "author_flair_type": "text", "domain": "self.AskHistorians", "allow_live_comments": false, "selftext_html": null, "likes": null, "suggested_sort": null, "banned_at_utc": null, "view_count": null, "archived": false, "score": 2, "no_follow": true, "is_crosspostable": false, "pinned": false, "over_18": false, "all_awardings": [], "awarders": [], "media_only": false, "can_gild": false, "spoiler": false, "locked": false, "author_flair_text": null, "visited": false, "num_reports": null, "distinguished": null, "subreddit_id": "t5_2ssp3", "mod_reason_by": null, "removal_reason": null, "link_flair_background_color": "", "id": "c7mfq5", "is_robot_indexable": true, "report_reasons": null, "author": "BritishBacon98", "discussion_type": null, "num_comments": 2, "send_replies": true, "media": null, "contest_mode": false, "author_patreon_flair": false, "author_flair_text_color": null, "permalink": "/r/AskHistorians/comments/c7mfq5/why_arent_nonjapanese_internment_camps_german_and/", "whitelist_status": "all_ads", "stickied": false, "url": "https://www.reddit.com/r/AskHistorians/comments/c7mfq5/why_arent_nonjapanese_internment_camps_german_and/", "subreddit_subscribers": 1030247, "created_utc": 1561945029.0, "num_crossposts": 0, "mod_reports": [], "is_video": false}}], "after": null, "before": null}}, {"kind": "Listing", "data": {"modhash": "", "dist": null, "children": [{"kind": "t1", "data": {"total_awards_received": 0, "approved_at_utc": null, "ups": 1, "awarders": [], "mod_reason_by": null, "banned_by": null, "author_flair_type": "richtext", "removal_reason": null, "link_id": "t3_c7mfq5", "author_flair_template_id": "9e641f94-c626-11e2-8e2c-12313b0b21ae", "likes": null, "replies": "", "user_reports": [], "saved": false, "id": "esg79wz", "banned_at_utc": null, "mod_reason_title": null, "gilded": 0, "archived": false, "no_follow": true, "author": "AutoModerator", "can_mod_post": false, "send_replies": false, "parent_id": "t3_c7mfq5", "score": 1, "author_fullname": "t2_6l4z3", "report_reasons": null, "approved_by": null, "all_awardings": [], "subreddit_id": "t5_2ssp3", "body": "Welcome to /r/AskHistorians. **Please be sure to [Read Our Rules](https://www.reddit.com/r/AskHistorians/wiki/rules) before you contribute to this community**.  \n\nWe thank you for your interest in this *question*, and your patience in waiting for an in-depth and comprehensive answer to be written, which takes time. Please consider **[Clicking Here for RemindMeBot](https://www.reddit.com/message/compose/?to=RemindMeBot&amp;subject=Reminder&amp;message=%5Bhttps://www.reddit.com/r/AskHistorians/comments/c7mfq5/why_arent_nonjapanese_internment_camps_german_and/%5D%0A%0ARemindMe!++2+days)**, or using [these alternatives](/r/AskHistorians/comments/8p0s9b/roundtable_21_be_kindremind_the_mod_approved/). In the meantime our [Twitter](https://twitter.com/askhistorians), [Facebook](https://www.facebook.com/askhistorians/), and [Sunday Digest](https://www.reddit.com/r/AskHistorians/search?q=title%3A%22Sunday+Digest%22&amp;restrict_sr=on&amp;sort=new&amp;t=all) feature excellent content that has already been written!\n\n[Please leave feedback on this test message here.](https://www.reddit.com/r/AskHistorians/comments/btz9o5/testing_testing_123_well_be_trying_out_an/)\n\n\n*I am a bot, and this action was performed automatically. Please [contact the moderators of this subreddit](/message/compose/?to=/r/AskHistorians) if you have any questions or concerns.*", "edited": false, "author_flair_css_class": "moderator", "steward_reports": [], "is_submitter": false, "downs": 0, "author_flair_richtext": [{"e": "text", "t": "History of Robotics"}], "author_patreon_flair": false, "body_html": "&lt;div class=\"md\"&gt;&lt;p&gt;Welcome to &lt;a href=\"/r/AskHistorians\"&gt;/r/AskHistorians&lt;/a&gt;. &lt;strong&gt;Please be sure to &lt;a href=\"https://www.reddit.com/r/AskHistorians/wiki/rules\"&gt;Read Our Rules&lt;/a&gt; before you contribute to this community&lt;/strong&gt;.  &lt;/p&gt;\n\n&lt;p&gt;We thank you for your interest in this &lt;em&gt;question&lt;/em&gt;, and your patience in waiting for an in-depth and comprehensive answer to be written, which takes time. Please consider &lt;strong&gt;&lt;a href=\"https://www.reddit.com/message/compose/?to=RemindMeBot&amp;amp;subject=Reminder&amp;amp;message=%5Bhttps://www.reddit.com/r/AskHistorians/comments/c7mfq5/why_arent_nonjapanese_internment_camps_german_and/%5D%0A%0ARemindMe!++2+days\"&gt;Clicking Here for RemindMeBot&lt;/a&gt;&lt;/strong&gt;, or using &lt;a href=\"/r/AskHistorians/comments/8p0s9b/roundtable_21_be_kindremind_the_mod_approved/\"&gt;these alternatives&lt;/a&gt;. In the meantime our &lt;a href=\"https://twitter.com/askhistorians\"&gt;Twitter&lt;/a&gt;, &lt;a href=\"https://www.facebook.com/askhistorians/\"&gt;Facebook&lt;/a&gt;, and &lt;a href=\"https://www.reddit.com/r/AskHistorians/search?q=title%3A%22Sunday+Digest%22&amp;amp;restrict_sr=on&amp;amp;sort=new&amp;amp;t=all\"&gt;Sunday Digest&lt;/a&gt; feature excellent content that has already been written!&lt;/p&gt;\n\n&lt;p&gt;&lt;a href=\"https://www.reddit.com/r/AskHistorians/comments/btz9o5/testing_testing_123_well_be_trying_out_an/\"&gt;Please leave feedback on this test message here.&lt;/a&gt;&lt;/p&gt;\n\n&lt;p&gt;&lt;em&gt;I am a bot, and this action was performed automatically. Please &lt;a href=\"/message/compose/?to=/r/AskHistorians\"&gt;contact the moderators of this subreddit&lt;/a&gt; if you have any questions or concerns.&lt;/em&gt;&lt;/p&gt;\n&lt;/div&gt;", "gildings": {}, "collapsed_reason": null, "associated_award": null, "stickied": true, "subreddit_type": "public", "can_gild": true, "subreddit": "AskHistorians", "author_flair_text_color": "light", "score_hidden": true, "permalink": "/r/AskHistorians/comments/c7mfq5/why_arent_nonjapanese_internment_camps_german_and/esg79wz/", "num_reports": null, "locked": true, "name": "t1_esg79wz", "created": 1561973830.0, "author_flair_text": "History of Robotics", "collapsed": false, "created_utc": 1561945030.0, "subreddit_name_prefixed": "r/AskHistorians", "controversiality": 0, "depth": 0, "author_flair_background_color": "#8b008b", "mod_reports": [], "mod_note": null, "distinguished": "moderator"}}, {"kind": "t1", "data": {"total_awards_received": 0, "approved_at_utc": null, "ups": 3, "awarders": [], "mod_reason_by": null, "banned_by": null, "author_flair_type": "richtext", "removal_reason": null, "link_id": "t3_c7mfq5", "author_flair_template_id": "9e641f94-c626-11e2-8e2c-12313b0b21ae", "likes": null, "replies": "", "user_reports": [], "saved": false, "id": "esh9s86", "banned_at_utc": null, "mod_reason_title": null, "gilded": 0, "archived": false, "no_follow": true, "author": "Georgy_K_Zhukov", "can_mod_post": false, "send_replies": true, "parent_id": "t3_c7mfq5", "score": 3, "author_fullname": "t2_9v6a6", "report_reasons": null, "approved_by": null, "all_awardings": [], "subreddit_id": "t5_2ssp3", "body": "/u/kieslowskifan has done a great job going over much of the information about the internment of German and Italians in [this previous answer](https://www.reddit.com/r/AskHistorians/comments/8try4z/weve_all_hear_about_entertainment_of_japanese/e19rq8y/) which I'd recommend checking out, but I would simply note that of the roughly 127,000 Japanese-Americans in the country, 120,000 were forced into these camps, 78,000 of whom were born in the United States. Compare this to the internment of persons for their German connections, which numbered 10,905. Hardly a number to scoff at, but consider that Americans of mostly or entirely German ancestry numbered as high as *25 million*, and even if we winnow that down to households which were strongly German in culture, we're speaking of a million or more. Internees of German ethnicity were specifically targeted for their foreign extraction, or connections with groups such as the German-American Bund, and while there is much to criticize about the specific of the process, with hearings that could often seem like little more than a kangaroo court, it is not at all comparable to the broad-stroke process by which Japanese American's were interned. \n\nBeyond Kies' answer, I'd point you to *Undue Process* by Krammer for a much more in-depth treatment of the topic.", "edited": 1561987678.0, "author_flair_css_class": "moderator", "steward_reports": [], "is_submitter": false, "downs": 0, "author_flair_richtext": [{"e": "text", "t": "Moderator | Post-Napoleonic Warfare &amp; Small Arms | Dueling"}], "author_patreon_flair": false, "body_html": "&lt;div class=\"md\"&gt;&lt;p&gt;&lt;a href=\"/u/kieslowskifan\"&gt;/u/kieslowskifan&lt;/a&gt; has done a great job going over much of the information about the internment of German and Italians in &lt;a href=\"https://www.reddit.com/r/AskHistorians/comments/8try4z/weve_all_hear_about_entertainment_of_japanese/e19rq8y/\"&gt;this previous answer&lt;/a&gt; which I&amp;#39;d recommend checking out, but I would simply note that of the roughly 127,000 Japanese-Americans in the country, 120,000 were forced into these camps, 78,000 of whom were born in the United States. Compare this to the internment of persons for their German connections, which numbered 10,905. Hardly a number to scoff at, but consider that Americans of mostly or entirely German ancestry numbered as high as &lt;em&gt;25 million&lt;/em&gt;, and even if we winnow that down to households which were strongly German in culture, we&amp;#39;re speaking of a million or more. Internees of German ethnicity were specifically targeted for their foreign extraction, or connections with groups such as the German-American Bund, and while there is much to criticize about the specific of the process, with hearings that could often seem like little more than a kangaroo court, it is not at all comparable to the broad-stroke process by which Japanese American&amp;#39;s were interned. &lt;/p&gt;\n\n&lt;p&gt;Beyond Kies&amp;#39; answer, I&amp;#39;d point you to &lt;em&gt;Undue Process&lt;/em&gt; by Krammer for a much more in-depth treatment of the topic.&lt;/p&gt;\n&lt;/div&gt;", "gildings": {}, "collapsed_reason": null, "associated_award": null, "stickied": false, "subreddit_type": "public", "can_gild": true, "subreddit": "AskHistorians", "author_flair_text_color": "light", "score_hidden": false, "permalink": "/r/AskHistorians/comments/c7mfq5/why_arent_nonjapanese_internment_camps_german_and/esh9s86/", "num_reports": null, "locked": false, "name": "t1_esh9s86", "created": 1562015952.0, "author_flair_text": "Moderator | Post-Napoleonic Warfare &amp; Small Arms | Dueling", "collapsed": false, "created_utc": 1561987152.0, "subreddit_name_prefixed": "r/AskHistorians", "controversiality": 0, "depth": 0, "author_flair_background_color": "#8b008b", "mod_reports": [], "mod_note": null, "distinguished": null}}], "after": null, "before": null}}]