[{"kind": "Listing", "data": {"modhash": "", "dist": 1, "children": [{"kind": "t3", "data": {"approved_at_utc": null, "subreddit": "AskHistorians", "selftext": "This is my first post here so if I'm doing anything wrong, please advise so I can correct it now and prevent it in the future.\n\nStories are rife with various methods of surrender, some more recurring than others. It makes me curious as to what would and would not work. First of all, I see several mentions--in fantasy books like ASOIAF, as well in a mid 19th century book I found--about knights (or, presumably, any soldier on such a battlefield) offering their gauntlet as a token of surrender. Is that accurate, and was it just any piece of armor, like \"look, I'm removing my defenses, please don't kill me\"? And while I know highborn warfighters and wealthy knights and such would be given more priority for ransom, but what's the likelihood some regular pikeman that was nobody before he was impressed into service could shout \"I yield\" and actually be spared?", "user_reports": [], "saved": false, "mod_reason_title": null, "gilded": 0, "clicked": false, "title": "What were proper--or at least effective--methods of surrender on a medieval battlefield?", "link_flair_richtext": [], "subreddit_name_prefixed": "r/AskHistorians", "hidden": false, "pwls": 6, "link_flair_css_class": null, "downs": 0, "parent_whitelist_status": "all_ads", "hide_score": false, "name": "t3_c7p9f8", "quarantine": false, "link_flair_text_color": "dark", "upvote_ratio": 1.0, "author_flair_background_color": null, "subreddit_type": "public", "ups": 3, "total_awards_received": 0, "media_embed": {}, "author_flair_template_id": null, "is_original_content": false, "author_fullname": "t2_12j15h", "secure_media": null, "is_reddit_media_domain": false, "is_meta": false, "category": null, "secure_media_embed": {}, "link_flair_text": null, "can_mod_post": false, "num_duplicates": 1, "approved_by": null, "thumbnail": "", "edited": false, "author_flair_css_class": null, "steward_reports": [], "author_flair_richtext": [], "gildings": {}, "content_categories": null, "is_self": true, "mod_note": null, "created": 1561992356.0, "link_flair_type": "text", "wls": 6, "banned_by": null, "author_flair_type": "text", "domain": "self.AskHistorians", "allow_live_comments": false, "selftext_html": "&lt;!-- SC_OFF --&gt;&lt;div class=\"md\"&gt;&lt;p&gt;This is my first post here so if I&amp;#39;m doing anything wrong, please advise so I can correct it now and prevent it in the future.&lt;/p&gt;\n\n&lt;p&gt;Stories are rife with various methods of surrender, some more recurring than others. It makes me curious as to what would and would not work. First of all, I see several mentions--in fantasy books like ASOIAF, as well in a mid 19th century book I found--about knights (or, presumably, any soldier on such a battlefield) offering their gauntlet as a token of surrender. Is that accurate, and was it just any piece of armor, like &amp;quot;look, I&amp;#39;m removing my defenses, please don&amp;#39;t kill me&amp;quot;? And while I know highborn warfighters and wealthy knights and such would be given more priority for ransom, but what&amp;#39;s the likelihood some regular pikeman that was nobody before he was impressed into service could shout &amp;quot;I yield&amp;quot; and actually be spared?&lt;/p&gt;\n&lt;/div&gt;&lt;!-- SC_ON --&gt;", "likes": null, "suggested_sort": null, "banned_at_utc": null, "view_count": null, "archived": false, "score": 3, "no_follow": true, "is_crosspostable": false, "pinned": false, "over_18": false, "all_awardings": [], "awarders": [], "media_only": false, "can_gild": false, "spoiler": false, "locked": false, "author_flair_text": null, "visited": false, "num_reports": null, "distinguished": null, "subreddit_id": "t5_2ssp3", "mod_reason_by": null, "removal_reason": null, "link_flair_background_color": "", "id": "c7p9f8", "is_robot_indexable": true, "report_reasons": null, "author": "gr8ful_cube", "discussion_type": null, "num_comments": 2, "send_replies": true, "media": null, "contest_mode": false, "author_patreon_flair": false, "author_flair_text_color": null, "permalink": "/r/AskHistorians/comments/c7p9f8/what_were_properor_at_least_effectivemethods_of/", "whitelist_status": "all_ads", "stickied": false, "url": "https://www.reddit.com/r/AskHistorians/comments/c7p9f8/what_were_properor_at_least_effectivemethods_of/", "subreddit_subscribers": 1030248, "created_utc": 1561963556.0, "num_crossposts": 0, "mod_reports": [], "is_video": false}}], "after": null, "before": null}}, {"kind": "Listing", "data": {"modhash": "", "dist": null, "children": [{"kind": "t1", "data": {"total_awards_received": 0, "approved_at_utc": null, "ups": 1, "awarders": [], "mod_reason_by": null, "banned_by": null, "author_flair_type": "richtext", "removal_reason": null, "link_id": "t3_c7p9f8", "author_flair_template_id": "9e641f94-c626-11e2-8e2c-12313b0b21ae", "likes": null, "replies": "", "user_reports": [], "saved": false, "id": "esgrlfn", "banned_at_utc": null, "mod_reason_title": null, "gilded": 0, "archived": false, "no_follow": true, "author": "AutoModerator", "can_mod_post": false, "send_replies": false, "parent_id": "t3_c7p9f8", "score": 1, "author_fullname": "t2_6l4z3", "report_reasons": null, "approved_by": null, "all_awardings": [], "subreddit_id": "t5_2ssp3", "body": "Welcome to /r/AskHistorians. **Please be sure to [Read Our Rules](https://www.reddit.com/r/AskHistorians/wiki/rules) before you contribute to this community**.  \n\nWe thank you for your interest in this *question*, and your patience in waiting for an in-depth and comprehensive answer to be written, which takes time. Please consider **[Clicking Here for RemindMeBot](https://www.reddit.com/message/compose/?to=RemindMeBot&amp;subject=Reminder&amp;message=%5Bhttps://www.reddit.com/r/AskHistorians/comments/c7p9f8/what_were_properor_at_least_effectivemethods_of/%5D%0A%0ARemindMe!++2+days)**, or using [these alternatives](/r/AskHistorians/comments/8p0s9b/roundtable_21_be_kindremind_the_mod_approved/). In the meantime our [Twitter](https://twitter.com/askhistorians), [Facebook](https://www.facebook.com/askhistorians/), and [Sunday Digest](https://www.reddit.com/r/AskHistorians/search?q=title%3A%22Sunday+Digest%22&amp;restrict_sr=on&amp;sort=new&amp;t=all) feature excellent content that has already been written!\n\n[Please leave feedback on this test message here.](https://www.reddit.com/r/AskHistorians/comments/btz9o5/testing_testing_123_well_be_trying_out_an/)\n\n\n*I am a bot, and this action was performed automatically. Please [contact the moderators of this subreddit](/message/compose/?to=/r/AskHistorians) if you have any questions or concerns.*", "edited": false, "author_flair_css_class": "moderator", "steward_reports": [], "is_submitter": false, "downs": 0, "author_flair_richtext": [{"e": "text", "t": "History of Robotics"}], "author_patreon_flair": false, "body_html": "&lt;div class=\"md\"&gt;&lt;p&gt;Welcome to &lt;a href=\"/r/AskHistorians\"&gt;/r/AskHistorians&lt;/a&gt;. &lt;strong&gt;Please be sure to &lt;a href=\"https://www.reddit.com/r/AskHistorians/wiki/rules\"&gt;Read Our Rules&lt;/a&gt; before you contribute to this community&lt;/strong&gt;.  &lt;/p&gt;\n\n&lt;p&gt;We thank you for your interest in this &lt;em&gt;question&lt;/em&gt;, and your patience in waiting for an in-depth and comprehensive answer to be written, which takes time. Please consider &lt;strong&gt;&lt;a href=\"https://www.reddit.com/message/compose/?to=RemindMeBot&amp;amp;subject=Reminder&amp;amp;message=%5Bhttps://www.reddit.com/r/AskHistorians/comments/c7p9f8/what_were_properor_at_least_effectivemethods_of/%5D%0A%0ARemindMe!++2+days\"&gt;Clicking Here for RemindMeBot&lt;/a&gt;&lt;/strong&gt;, or using &lt;a href=\"/r/AskHistorians/comments/8p0s9b/roundtable_21_be_kindremind_the_mod_approved/\"&gt;these alternatives&lt;/a&gt;. In the meantime our &lt;a href=\"https://twitter.com/askhistorians\"&gt;Twitter&lt;/a&gt;, &lt;a href=\"https://www.facebook.com/askhistorians/\"&gt;Facebook&lt;/a&gt;, and &lt;a href=\"https://www.reddit.com/r/AskHistorians/search?q=title%3A%22Sunday+Digest%22&amp;amp;restrict_sr=on&amp;amp;sort=new&amp;amp;t=all\"&gt;Sunday Digest&lt;/a&gt; feature excellent content that has already been written!&lt;/p&gt;\n\n&lt;p&gt;&lt;a href=\"https://www.reddit.com/r/AskHistorians/comments/btz9o5/testing_testing_123_well_be_trying_out_an/\"&gt;Please leave feedback on this test message here.&lt;/a&gt;&lt;/p&gt;\n\n&lt;p&gt;&lt;em&gt;I am a bot, and this action was performed automatically. Please &lt;a href=\"/message/compose/?to=/r/AskHistorians\"&gt;contact the moderators of this subreddit&lt;/a&gt; if you have any questions or concerns.&lt;/em&gt;&lt;/p&gt;\n&lt;/div&gt;", "gildings": {}, "collapsed_reason": null, "associated_award": null, "stickied": true, "subreddit_type": "public", "can_gild": true, "subreddit": "AskHistorians", "author_flair_text_color": "light", "score_hidden": true, "permalink": "/r/AskHistorians/comments/c7p9f8/what_were_properor_at_least_effectivemethods_of/esgrlfn/", "num_reports": null, "locked": true, "name": "t1_esgrlfn", "created": 1561992356.0, "author_flair_text": "History of Robotics", "collapsed": false, "created_utc": 1561963556.0, "subreddit_name_prefixed": "r/AskHistorians", "controversiality": 0, "depth": 0, "author_flair_background_color": "#8b008b", "mod_reports": [], "mod_note": null, "distinguished": "moderator"}}, {"kind": "t1", "data": {"total_awards_received": 0, "approved_at_utc": null, "ups": 3, "awarders": [], "mod_reason_by": null, "banned_by": null, "author_flair_type": "text", "removal_reason": null, "link_id": "t3_c7p9f8", "author_flair_template_id": null, "likes": null, "replies": "", "user_reports": [], "saved": false, "id": "esgx9qs", "banned_at_utc": null, "mod_reason_title": null, "gilded": 0, "archived": false, "no_follow": true, "author": "Superplaner", "can_mod_post": false, "send_replies": true, "parent_id": "t3_c7p9f8", "score": 3, "author_fullname": "t2_4ztsi", "report_reasons": null, "approved_by": null, "all_awardings": [], "subreddit_id": "t5_2ssp3", "body": "First of all the standard disclaimer of \"medieval\" being a term of vast scope and fuzzy definitions. It encompasses a long period of time that saw rapid development and changes in society, it also includes several different cultures who may or may not have had different customs. If you specify a more narrow time fram and location you will probably get much more detailed answers.\n\n**Knights and surrendering.**\n\nThat said, surrendering, in very general terms, would usually mean simply mean putting down your weapons in one way or another. Failing that, some other clear gesture that signifies your are done fighting would probably work as well, whatever you think your opponent would clearly understand as a surrender. Either because you are unable to continue the fight or because you make a choice not to. However, how attractive a prospect surrendering was depends very much on where and who you are. If you are a \"medieval\" knight, surrendering is not that horrible a prospect. You are reasonably likely to be treated fairly well and eventually ransomed. A rather famous example is Bertrand du Guesclin who surrendered at the Battle of Auray after Charles de Blois had been killed. He put up a valiant token resistance, then broke his sword to signify his surrender. He was eventually ransomed by Charles V for a tidy sum of 100.000 francs. Now, du Guesclin is of course an extreme example but in very broad terms still a good illustration of surrender on the battlefield for a knight. Even during the most vicious parts of wars, knights were geneally spared because they were simply more valuable alive.\n\n**Commoners, captivity and crusades.**\n\nWhat about if you're not a knight though? Again, it depends on where you are and who you are. In very *very* broad terms, surrender as a commoner is a much less appealing prospect. Odds are you will either be killed or enslaved. The English killed the French prisoners at Agincourt for example, partly in retaliation for the French attack on the baggage train/camp which killed a lot of civilians, partly because the situation was still unfolding and they were worried the French might break through and free the prisoners. If you're not killed it is more than likely you will be enslaved. Still slavery with all its horrors is still generally preferable to death. Still, given these two options most commoners would probably have prefered flight to surrender if they had a chance.\n\nMuslim and Christian alike engaged in ransoming of valuable captives. Non-valuable captives were generally killed or enslaved depending on the situation, in other situations such as the Cathar crusade or the Northern crusade your prospect might be significantly darker. Forced conversion in the best case, extermination of captives and civilians alike on the other end of that narrow spectrum.\n\nEDIT: If possible I would like to summon /u/Rittermeister to this thread who can probably provide more nuance if you specify a time and place.  \nEDIT 2: I also urge you to check out the posts by /u/TheGreenReaper7 [here](https://www.reddit.com/r/AskHistorians/comments/2aknrj/how_did_one_go_about_kidnapping_a_medieval_knight/) and [here](https://www.reddit.com/r/AskHistorians/comments/24z6jv/how_did_knights_treat_commoners/).", "edited": 1561972459.0, "author_flair_css_class": null, "steward_reports": [], "is_submitter": false, "downs": 0, "author_flair_richtext": [], "author_patreon_flair": false, "body_html": "&lt;div class=\"md\"&gt;&lt;p&gt;First of all the standard disclaimer of &amp;quot;medieval&amp;quot; being a term of vast scope and fuzzy definitions. It encompasses a long period of time that saw rapid development and changes in society, it also includes several different cultures who may or may not have had different customs. If you specify a more narrow time fram and location you will probably get much more detailed answers.&lt;/p&gt;\n\n&lt;p&gt;&lt;strong&gt;Knights and surrendering.&lt;/strong&gt;&lt;/p&gt;\n\n&lt;p&gt;That said, surrendering, in very general terms, would usually mean simply mean putting down your weapons in one way or another. Failing that, some other clear gesture that signifies your are done fighting would probably work as well, whatever you think your opponent would clearly understand as a surrender. Either because you are unable to continue the fight or because you make a choice not to. However, how attractive a prospect surrendering was depends very much on where and who you are. If you are a &amp;quot;medieval&amp;quot; knight, surrendering is not that horrible a prospect. You are reasonably likely to be treated fairly well and eventually ransomed. A rather famous example is Bertrand du Guesclin who surrendered at the Battle of Auray after Charles de Blois had been killed. He put up a valiant token resistance, then broke his sword to signify his surrender. He was eventually ransomed by Charles V for a tidy sum of 100.000 francs. Now, du Guesclin is of course an extreme example but in very broad terms still a good illustration of surrender on the battlefield for a knight. Even during the most vicious parts of wars, knights were geneally spared because they were simply more valuable alive.&lt;/p&gt;\n\n&lt;p&gt;&lt;strong&gt;Commoners, captivity and crusades.&lt;/strong&gt;&lt;/p&gt;\n\n&lt;p&gt;What about if you&amp;#39;re not a knight though? Again, it depends on where you are and who you are. In very &lt;em&gt;very&lt;/em&gt; broad terms, surrender as a commoner is a much less appealing prospect. Odds are you will either be killed or enslaved. The English killed the French prisoners at Agincourt for example, partly in retaliation for the French attack on the baggage train/camp which killed a lot of civilians, partly because the situation was still unfolding and they were worried the French might break through and free the prisoners. If you&amp;#39;re not killed it is more than likely you will be enslaved. Still slavery with all its horrors is still generally preferable to death. Still, given these two options most commoners would probably have prefered flight to surrender if they had a chance.&lt;/p&gt;\n\n&lt;p&gt;Muslim and Christian alike engaged in ransoming of valuable captives. Non-valuable captives were generally killed or enslaved depending on the situation, in other situations such as the Cathar crusade or the Northern crusade your prospect might be significantly darker. Forced conversion in the best case, extermination of captives and civilians alike on the other end of that narrow spectrum.&lt;/p&gt;\n\n&lt;p&gt;EDIT: If possible I would like to summon &lt;a href=\"/u/Rittermeister\"&gt;/u/Rittermeister&lt;/a&gt; to this thread who can probably provide more nuance if you specify a time and place.&lt;br/&gt;\nEDIT 2: I also urge you to check out the posts by &lt;a href=\"/u/TheGreenReaper7\"&gt;/u/TheGreenReaper7&lt;/a&gt; &lt;a href=\"https://www.reddit.com/r/AskHistorians/comments/2aknrj/how_did_one_go_about_kidnapping_a_medieval_knight/\"&gt;here&lt;/a&gt; and &lt;a href=\"https://www.reddit.com/r/AskHistorians/comments/24z6jv/how_did_knights_treat_commoners/\"&gt;here&lt;/a&gt;.&lt;/p&gt;\n&lt;/div&gt;", "gildings": {}, "collapsed_reason": null, "associated_award": null, "stickied": false, "subreddit_type": "public", "can_gild": true, "subreddit": "AskHistorians", "author_flair_text_color": null, "score_hidden": false, "permalink": "/r/AskHistorians/comments/c7p9f8/what_were_properor_at_least_effectivemethods_of/esgx9qs/", "num_reports": null, "locked": false, "name": "t1_esgx9qs", "created": 1562000634.0, "author_flair_text": null, "collapsed": false, "created_utc": 1561971834.0, "subreddit_name_prefixed": "r/AskHistorians", "controversiality": 0, "depth": 0, "author_flair_background_color": null, "mod_reports": [], "mod_note": null, "distinguished": null}}], "after": null, "before": null}}]