[{"kind": "Listing", "data": {"modhash": "", "dist": 1, "children": [{"kind": "t3", "data": {"approved_at_utc": null, "subreddit": "AskHistorians", "selftext": "The Second London Naval Treaty of 1936 article 22 stipulates '*in the case of persistent refusal to stop on being duly summoned, or of active resistance to visit or search, a warship, whether surface vessel or submarine, may not sink or render incapable of navigation a merchant vessel without having first placed passengers, crew and ship's papers in a place of safety'* \n\nI am no expert but I would assume a very large part of a submarines success comes from the element of surprise, if one were to spot a merchant vessel and surface with the intention of communicating then it puts itself at risk as it does not know the specifics of the vessel (it may have armaments, it may ram the submarine) and it also gives the vessel time to manoeuvre / get away or send a distress signal to nearby vessels alerting combat ships and dispersing friendly ships. \n\nKarl D\u00f6nitz lawyer successfully argued that the Allies had breached the same law by issuing a similar orders thus no extra time was added to his sentence for the breach (he did got to jail for 10 years for other crimes).\n\n**So I guess in order to answer the question we need to know what was submarine warfare policy around 1936 did it rely heavily on the element of surprise and if so why was such an article added, was it just wishful thinking or did creators of the treaty really believe submarines would operate in a stop and search manner?**\n\nArticle 22  The following are accepted as established rules of international law:  \n(1) In their action with regard to merchant ships, submarines must conform to the rules of international law to which surface vessels are subject.  \n(2) In particular, except in the case of persistent refusal to stop on being duly summoned, or of active resistance to visit or search, a warship, whether surface vessel or submarine, may not sink or render incapable of navigation a merchant vessel without having first placed passengers, crew and ship's papers in a place of safety. For this purpose the ship's boats are not regarded as a place of safety unless the safety of the passengers and crew is assured, in the existing sea and weather conditions, by the proximity of land, or the presence of another vessel which is in a position to take them on board. \n\n [https://ihl-databases.icrc.org/applic/ihl/ihl.nsf/Article.xsp?action=openDocument&amp;documentId=05F68B7BFFB8B984C12563CD00519417](https://ihl-databases.icrc.org/applic/ihl/ihl.nsf/Article.xsp?action=openDocument&amp;documentId=05F68B7BFFB8B984C12563CD00519417)", "user_reports": [], "saved": false, "mod_reason_title": null, "gilded": 0, "clicked": false, "title": "At the Nuremberg Trials Admiral Karl D\u00f6nitz was tried for ordering unrestricted submarine warfare (a direct violation of international law) he was found not guilty because his lawyer argued the Allies had done the same, so why was such a law ever made? (details in comment)", "link_flair_richtext": [], "subreddit_name_prefixed": "r/AskHistorians", "hidden": false, "pwls": 6, "link_flair_css_class": null, "downs": 0, "parent_whitelist_status": "all_ads", "hide_score": false, "name": "t3_c7u00t", "quarantine": false, "link_flair_text_color": "dark", "upvote_ratio": 0.76, "author_flair_background_color": null, "subreddit_type": "public", "ups": 4, "total_awards_received": 0, "media_embed": {}, "author_flair_template_id": null, "is_original_content": false, "author_fullname": "t2_hg0op", "secure_media": null, "is_reddit_media_domain": false, "is_meta": false, "category": null, "secure_media_embed": {}, "link_flair_text": null, "can_mod_post": false, "num_duplicates": 1, "approved_by": null, "thumbnail": "", "edited": false, "author_flair_css_class": null, "steward_reports": [], "author_flair_richtext": [], "gildings": {}, "content_categories": null, "is_self": true, "mod_note": null, "created": 1562023916.0, "link_flair_type": "text", "wls": 6, "banned_by": null, "author_flair_type": "text", "domain": "self.AskHistorians", "allow_live_comments": false, "selftext_html": "&lt;!-- SC_OFF --&gt;&lt;div class=\"md\"&gt;&lt;p&gt;The Second London Naval Treaty of 1936 article 22 stipulates &amp;#39;&lt;em&gt;in the case of persistent refusal to stop on being duly summoned, or of active resistance to visit or search, a warship, whether surface vessel or submarine, may not sink or render incapable of navigation a merchant vessel without having first placed passengers, crew and ship&amp;#39;s papers in a place of safety&amp;#39;&lt;/em&gt; &lt;/p&gt;\n\n&lt;p&gt;I am no expert but I would assume a very large part of a submarines success comes from the element of surprise, if one were to spot a merchant vessel and surface with the intention of communicating then it puts itself at risk as it does not know the specifics of the vessel (it may have armaments, it may ram the submarine) and it also gives the vessel time to manoeuvre / get away or send a distress signal to nearby vessels alerting combat ships and dispersing friendly ships. &lt;/p&gt;\n\n&lt;p&gt;Karl D\u00f6nitz lawyer successfully argued that the Allies had breached the same law by issuing a similar orders thus no extra time was added to his sentence for the breach (he did got to jail for 10 years for other crimes).&lt;/p&gt;\n\n&lt;p&gt;&lt;strong&gt;So I guess in order to answer the question we need to know what was submarine warfare policy around 1936 did it rely heavily on the element of surprise and if so why was such an article added, was it just wishful thinking or did creators of the treaty really believe submarines would operate in a stop and search manner?&lt;/strong&gt;&lt;/p&gt;\n\n&lt;p&gt;Article 22  The following are accepted as established rules of international law:&lt;br/&gt;\n(1) In their action with regard to merchant ships, submarines must conform to the rules of international law to which surface vessels are subject.&lt;br/&gt;\n(2) In particular, except in the case of persistent refusal to stop on being duly summoned, or of active resistance to visit or search, a warship, whether surface vessel or submarine, may not sink or render incapable of navigation a merchant vessel without having first placed passengers, crew and ship&amp;#39;s papers in a place of safety. For this purpose the ship&amp;#39;s boats are not regarded as a place of safety unless the safety of the passengers and crew is assured, in the existing sea and weather conditions, by the proximity of land, or the presence of another vessel which is in a position to take them on board. &lt;/p&gt;\n\n&lt;p&gt;&lt;a href=\"https://ihl-databases.icrc.org/applic/ihl/ihl.nsf/Article.xsp?action=openDocument&amp;amp;documentId=05F68B7BFFB8B984C12563CD00519417\"&gt;https://ihl-databases.icrc.org/applic/ihl/ihl.nsf/Article.xsp?action=openDocument&amp;amp;documentId=05F68B7BFFB8B984C12563CD00519417&lt;/a&gt;&lt;/p&gt;\n&lt;/div&gt;&lt;!-- SC_ON --&gt;", "likes": null, "suggested_sort": null, "banned_at_utc": null, "view_count": null, "archived": false, "score": 4, "no_follow": false, "is_crosspostable": false, "pinned": false, "over_18": false, "all_awardings": [], "awarders": [], "media_only": false, "can_gild": false, "spoiler": false, "locked": false, "author_flair_text": null, "visited": false, "num_reports": null, "distinguished": null, "subreddit_id": "t5_2ssp3", "mod_reason_by": null, "removal_reason": null, "link_flair_background_color": "", "id": "c7u00t", "is_robot_indexable": true, "report_reasons": null, "author": "timeforknowledge", "discussion_type": null, "num_comments": 2, "send_replies": true, "media": null, "contest_mode": false, "author_patreon_flair": false, "author_flair_text_color": null, "permalink": "/r/AskHistorians/comments/c7u00t/at_the_nuremberg_trials_admiral_karl_d\u00f6nitz_was/", "whitelist_status": "all_ads", "stickied": false, "url": "https://www.reddit.com/r/AskHistorians/comments/c7u00t/at_the_nuremberg_trials_admiral_karl_d\u00f6nitz_was/", "subreddit_subscribers": 1030248, "created_utc": 1561995116.0, "num_crossposts": 0, "mod_reports": [], "is_video": false}}], "after": null, "before": null}}, {"kind": "Listing", "data": {"modhash": "", "dist": null, "children": [{"kind": "t1", "data": {"total_awards_received": 0, "approved_at_utc": null, "ups": 1, "awarders": [], "mod_reason_by": null, "banned_by": null, "author_flair_type": "richtext", "removal_reason": null, "link_id": "t3_c7u00t", "author_flair_template_id": "9e641f94-c626-11e2-8e2c-12313b0b21ae", "likes": null, "replies": "", "user_reports": [], "saved": false, "id": "eshkieq", "banned_at_utc": null, "mod_reason_title": null, "gilded": 0, "archived": false, "no_follow": true, "author": "AutoModerator", "can_mod_post": false, "send_replies": false, "parent_id": "t3_c7u00t", "score": 1, "author_fullname": "t2_6l4z3", "report_reasons": null, "approved_by": null, "all_awardings": [], "subreddit_id": "t5_2ssp3", "body": "Welcome to /r/AskHistorians. **Please be sure to [Read Our Rules](https://www.reddit.com/r/AskHistorians/wiki/rules) before you contribute to this community**.  \n\nWe thank you for your interest in this *question*, and your patience in waiting for an in-depth and comprehensive answer to be written, which takes time. Please consider **[Clicking Here for RemindMeBot](https://www.reddit.com/message/compose/?to=RemindMeBot&amp;subject=Reminder&amp;message=%5Bhttps://www.reddit.com/r/AskHistorians/comments/c7u00t/at_the_nuremberg_trials_admiral_karl_d\u00f6nitz_was/%5D%0A%0ARemindMe!++2+days)**, or using [these alternatives](/r/AskHistorians/comments/8p0s9b/roundtable_21_be_kindremind_the_mod_approved/). In the meantime our [Twitter](https://twitter.com/askhistorians), [Facebook](https://www.facebook.com/askhistorians/), and [Sunday Digest](https://www.reddit.com/r/AskHistorians/search?q=title%3A%22Sunday+Digest%22&amp;restrict_sr=on&amp;sort=new&amp;t=all) feature excellent content that has already been written!\n\n[Please leave feedback on this test message here.](https://www.reddit.com/r/AskHistorians/comments/btz9o5/testing_testing_123_well_be_trying_out_an/)\n\n\n*I am a bot, and this action was performed automatically. Please [contact the moderators of this subreddit](/message/compose/?to=/r/AskHistorians) if you have any questions or concerns.*", "edited": false, "author_flair_css_class": "moderator", "steward_reports": [], "is_submitter": false, "downs": 0, "author_flair_richtext": [{"e": "text", "t": "History of Robotics"}], "author_patreon_flair": false, "body_html": "&lt;div class=\"md\"&gt;&lt;p&gt;Welcome to &lt;a href=\"/r/AskHistorians\"&gt;/r/AskHistorians&lt;/a&gt;. &lt;strong&gt;Please be sure to &lt;a href=\"https://www.reddit.com/r/AskHistorians/wiki/rules\"&gt;Read Our Rules&lt;/a&gt; before you contribute to this community&lt;/strong&gt;.  &lt;/p&gt;\n\n&lt;p&gt;We thank you for your interest in this &lt;em&gt;question&lt;/em&gt;, and your patience in waiting for an in-depth and comprehensive answer to be written, which takes time. Please consider &lt;strong&gt;&lt;a href=\"https://www.reddit.com/message/compose/?to=RemindMeBot&amp;amp;subject=Reminder&amp;amp;message=%5Bhttps://www.reddit.com/r/AskHistorians/comments/c7u00t/at_the_nuremberg_trials_admiral_karl_d%C3%B6nitz_was/%5D%0A%0ARemindMe!++2+days\"&gt;Clicking Here for RemindMeBot&lt;/a&gt;&lt;/strong&gt;, or using &lt;a href=\"/r/AskHistorians/comments/8p0s9b/roundtable_21_be_kindremind_the_mod_approved/\"&gt;these alternatives&lt;/a&gt;. In the meantime our &lt;a href=\"https://twitter.com/askhistorians\"&gt;Twitter&lt;/a&gt;, &lt;a href=\"https://www.facebook.com/askhistorians/\"&gt;Facebook&lt;/a&gt;, and &lt;a href=\"https://www.reddit.com/r/AskHistorians/search?q=title%3A%22Sunday+Digest%22&amp;amp;restrict_sr=on&amp;amp;sort=new&amp;amp;t=all\"&gt;Sunday Digest&lt;/a&gt; feature excellent content that has already been written!&lt;/p&gt;\n\n&lt;p&gt;&lt;a href=\"https://www.reddit.com/r/AskHistorians/comments/btz9o5/testing_testing_123_well_be_trying_out_an/\"&gt;Please leave feedback on this test message here.&lt;/a&gt;&lt;/p&gt;\n\n&lt;p&gt;&lt;em&gt;I am a bot, and this action was performed automatically. Please &lt;a href=\"/message/compose/?to=/r/AskHistorians\"&gt;contact the moderators of this subreddit&lt;/a&gt; if you have any questions or concerns.&lt;/em&gt;&lt;/p&gt;\n&lt;/div&gt;", "gildings": {}, "collapsed_reason": null, "associated_award": null, "stickied": true, "subreddit_type": "public", "can_gild": true, "subreddit": "AskHistorians", "author_flair_text_color": "light", "score_hidden": true, "permalink": "/r/AskHistorians/comments/c7u00t/at_the_nuremberg_trials_admiral_karl_d\u00f6nitz_was/eshkieq/", "num_reports": null, "locked": true, "name": "t1_eshkieq", "created": 1562023916.0, "author_flair_text": "History of Robotics", "collapsed": false, "created_utc": 1561995116.0, "subreddit_name_prefixed": "r/AskHistorians", "controversiality": 0, "depth": 0, "author_flair_background_color": "#8b008b", "mod_reports": [], "mod_note": null, "distinguished": "moderator"}}, {"kind": "t1", "data": {"total_awards_received": 0, "approved_at_utc": null, "ups": 6, "awarders": [], "mod_reason_by": null, "banned_by": null, "author_flair_type": "text", "removal_reason": null, "link_id": "t3_c7u00t", "author_flair_template_id": null, "likes": null, "replies": "", "user_reports": [], "saved": false, "id": "esi7yo5", "banned_at_utc": null, "mod_reason_title": null, "gilded": 0, "archived": false, "no_follow": false, "author": "beachedwhale1945", "can_mod_post": false, "send_replies": true, "parent_id": "t3_c7u00t", "score": 6, "author_fullname": "t2_lxy8t", "report_reasons": null, "approved_by": null, "all_awardings": [], "subreddit_id": "t5_2ssp3", "body": "&gt;So I guess in order to answer the question we need to know what was submarine warfare policy around 1936 did it rely heavily on the element of surprise and if so why was such an article added, was it just wishful thinking or did creators of the treaty really believe submarines would operate in a stop and search manner?\n\nThere are multiple sides to submarine warfare in this period. \n\nWe are all quite familiar with the use of submarines against merchant ships, this has become by far the most common version of the story told. But there is more capability for submarines than simply attacking merchant ships. A good summary is found in [this postwar US report on Japanese Submarine Operations](https://web.archive.org/web/20120501100825fw_/http://www.fischer-tropsch.org/primary_documents/gvt_reports/USNAVY/USNTMJ%20Reports/USNTMJ-200I-0034-0231%20Report%20S-17.pdf):\n\nA. Missions with the Fleet During Operations\n\n1. Tactical Scouting\n\n2. Screening\n\n3. Reconnaissance (including using submarine-launched aircraft, which the Japanese emphasized more than most)\n\n4. Ambush\n\n5. Fueling Planes\n\n6. Air-Sea Rescue\n\n7. Anti-Air-Sea Rescue\n\n8. Minesweeping\n\nB. Contributory Missions Under Control of the Fleet\n\n1. Surveillance of Allied Ports\n\n2. Mining\n\n3. Attack on Supply Lines (i.e. merchant ships)\n\n4. Attacks on Allied Ports (generally targeting warships)\n\nC. Transport and Supply by Submarine\n\n1. To and From Isolated Bases\n\n2. Transport of Material to Japan (mainly from Germany)\n\n[US Submarine Doctrine of February 1944](https://www.ibiblio.org/hyperwar/USN/ref/SS-Doct/index.html) covered similar points, and US submarine operations during WWII were similarly varied. Submarines resupplied Corregidor and brought out important material, landed marines on various Japanese-held islands, mined Japanese ports (later taken over by B-29s), rescued downed US pilots (basically their only job towards the end of the war), scouted Japanese harbors and acted as pickets ahead of expected Japanese advances, gathered intelligence on Japanese bases, bombarded Japanese islands with their deck guns, *Barb* even launched rockets against Japanese cities and landed a shore party that blew up a train. Oh, they also attacked merchant ships. \n\nThe doctrine heavily emphasized the use of submarines in areas outside attacking merchant shipping. I'll trust you to read Chapter 1 and Chapter 3 of the US Doctrine (they're short), but you'll see the focus is not on attacking merchant ships, but on other missions. Attacks on shipping are of course mentioned, that's part of the role for a submarine, but as you can see they are emphasized far less than the other missions. \n\nThus, during WWII, the focus for submarines was, according to the manuals, mainly against military targets, not merchant ships. The information I have suggests that, in most respects, this was little changed from the manuals of ~1936. \n\nHowever, there is one clear change evident in Chapter 3. I have emphasized the relevant lines. \n\n&gt;Patrol against enemy lines of communication includes the destruction of commerce. It may be expected that the convoy system will be used, especially at focal and terminal points. On the high seas, circuitous routing will be employed. **The torpedo is the major weapon in these operations, as the submarine is not equipped with gun power to equal that which may be expected on modern merchantmen. The submarine gun may be employed against vessels known to be unarmed or small vessels of minor resistant qualities.** Operations in the vicinity of focal and terminal points will produce more targets, but the intensity of anti-submarine measures will also be increased. **The principles of the submarine attack against commerce do not differ from those used against other types of vessels.** Submarines operate singly in assigned sectors on the edge of focal and terminal areas and furnish information of enemy shipping to other submarines similarly employed. Submarine positions should be shifted frequently to cover variations in shipping routes as well as to evade concentrated anti-submarine effort in areas of operations discovered by the enemy. \n\nBy 1944 when these instructions were published it was clear that surfacing to engage a merchant ship in daylight was a risky business (night surface attacks, however, were very common during the war). This was even evident in WWI, which led to trouble with German U-boat activity at that time, which many considered barbaric. However, the issue was contentious: [as Parks discusses](https://digital-commons.usnwc.edu/cgi/viewcontent.cgi?article=1423&amp;context=ils), there were \"[n]ear, continuous negotiations between 1919 and 1936\" on this subject, with Britain even arguing the submarine should be abolished. I am not going to try to summarize the debates in detail other than to say each nation had their own ideas of what the rules should be and getting everyone to agree was a nightmare. This nightmare created the 1936 rules that were so vague as to be useless: to name but one stumbling block, what about armed merchant ships than can sink a submarine?\n\nParks summarizes the position of the major submarine powers on this point during the war. Germany began by following the 1936 rules, with some exceptions like troop ships and convoys due to the ambiguities above, but D\u00f6nitz and Hitler relaxed those standards during the war. Italy followed German rules once they joined the war. Britain followed the rules until 1940, when they too began relaxing the restrictions in certain zones. Japan never agreed to these terms. And on 7 December 1941 the US immediately ordered unrestricted submarine warfare in direct defiance of the *Proc\u00e9s-Verbal*, and while the date would place them after the other powers, unlike the European navies there wasn't even lip service to restrictions for certain zones. Parks then elaborates on how the various commanders within the US Navy expected unrestricted submarine warfare well before the war, which emphasizes the disparity between the politicians and the commanders. \n\nThus to answer the question \"did creators of the treaty really believe submarines would operate in a stop and search manner?\" should be answered yes, probably (hard to read minds), at least for the diplomats creating the treaty. They certainly believed some merchant ships would be immune, largely due to the differing definitions of \"merchant ship\", but their beliefs did not agree with other nations or even their own naval officers. Thus, were you to rephrase the question to \"Did the signatory nations really believe submarines would operate in a stop and search manner against all merchant ships?\", that changes to \"depends on who you ask\". \n\nPark's paper then moves on to discuss lessons for modern treaties, but his opening is a good summary that highlights the division:\n\n&gt;In a war that saw each and every major submarine power consciously abandon the rules in the 1936 *Proc\u00e9s-Verbal*, it is an understatement to say that the treaty did not measure up to the harsh reality of war. Its postwar status has been debated,^(162) as has the legality of exclusion zones by whatever euphemism they may be called.^(163) Even the most ardent defenders of the *Proc\u00e9s-Verbal* provide numerous clarifications and conditions identified by submarine officers before World War II but persistently ignored or dismissed by diplomats, negotiators, naval leaders and international lawyers of that era.", "edited": false, "author_flair_css_class": null, "steward_reports": [], "is_submitter": false, "downs": 0, "author_flair_richtext": [], "author_patreon_flair": false, "body_html": "&lt;div class=\"md\"&gt;&lt;blockquote&gt;\n&lt;p&gt;So I guess in order to answer the question we need to know what was submarine warfare policy around 1936 did it rely heavily on the element of surprise and if so why was such an article added, was it just wishful thinking or did creators of the treaty really believe submarines would operate in a stop and search manner?&lt;/p&gt;\n&lt;/blockquote&gt;\n\n&lt;p&gt;There are multiple sides to submarine warfare in this period. &lt;/p&gt;\n\n&lt;p&gt;We are all quite familiar with the use of submarines against merchant ships, this has become by far the most common version of the story told. But there is more capability for submarines than simply attacking merchant ships. A good summary is found in &lt;a href=\"https://web.archive.org/web/20120501100825fw_/http://www.fischer-tropsch.org/primary_documents/gvt_reports/USNAVY/USNTMJ%20Reports/USNTMJ-200I-0034-0231%20Report%20S-17.pdf\"&gt;this postwar US report on Japanese Submarine Operations&lt;/a&gt;:&lt;/p&gt;\n\n&lt;p&gt;A. Missions with the Fleet During Operations&lt;/p&gt;\n\n&lt;ol&gt;\n&lt;li&gt;&lt;p&gt;Tactical Scouting&lt;/p&gt;&lt;/li&gt;\n&lt;li&gt;&lt;p&gt;Screening&lt;/p&gt;&lt;/li&gt;\n&lt;li&gt;&lt;p&gt;Reconnaissance (including using submarine-launched aircraft, which the Japanese emphasized more than most)&lt;/p&gt;&lt;/li&gt;\n&lt;li&gt;&lt;p&gt;Ambush&lt;/p&gt;&lt;/li&gt;\n&lt;li&gt;&lt;p&gt;Fueling Planes&lt;/p&gt;&lt;/li&gt;\n&lt;li&gt;&lt;p&gt;Air-Sea Rescue&lt;/p&gt;&lt;/li&gt;\n&lt;li&gt;&lt;p&gt;Anti-Air-Sea Rescue&lt;/p&gt;&lt;/li&gt;\n&lt;li&gt;&lt;p&gt;Minesweeping&lt;/p&gt;&lt;/li&gt;\n&lt;/ol&gt;\n\n&lt;p&gt;B. Contributory Missions Under Control of the Fleet&lt;/p&gt;\n\n&lt;ol&gt;\n&lt;li&gt;&lt;p&gt;Surveillance of Allied Ports&lt;/p&gt;&lt;/li&gt;\n&lt;li&gt;&lt;p&gt;Mining&lt;/p&gt;&lt;/li&gt;\n&lt;li&gt;&lt;p&gt;Attack on Supply Lines (i.e. merchant ships)&lt;/p&gt;&lt;/li&gt;\n&lt;li&gt;&lt;p&gt;Attacks on Allied Ports (generally targeting warships)&lt;/p&gt;&lt;/li&gt;\n&lt;/ol&gt;\n\n&lt;p&gt;C. Transport and Supply by Submarine&lt;/p&gt;\n\n&lt;ol&gt;\n&lt;li&gt;&lt;p&gt;To and From Isolated Bases&lt;/p&gt;&lt;/li&gt;\n&lt;li&gt;&lt;p&gt;Transport of Material to Japan (mainly from Germany)&lt;/p&gt;&lt;/li&gt;\n&lt;/ol&gt;\n\n&lt;p&gt;&lt;a href=\"https://www.ibiblio.org/hyperwar/USN/ref/SS-Doct/index.html\"&gt;US Submarine Doctrine of February 1944&lt;/a&gt; covered similar points, and US submarine operations during WWII were similarly varied. Submarines resupplied Corregidor and brought out important material, landed marines on various Japanese-held islands, mined Japanese ports (later taken over by B-29s), rescued downed US pilots (basically their only job towards the end of the war), scouted Japanese harbors and acted as pickets ahead of expected Japanese advances, gathered intelligence on Japanese bases, bombarded Japanese islands with their deck guns, &lt;em&gt;Barb&lt;/em&gt; even launched rockets against Japanese cities and landed a shore party that blew up a train. Oh, they also attacked merchant ships. &lt;/p&gt;\n\n&lt;p&gt;The doctrine heavily emphasized the use of submarines in areas outside attacking merchant shipping. I&amp;#39;ll trust you to read Chapter 1 and Chapter 3 of the US Doctrine (they&amp;#39;re short), but you&amp;#39;ll see the focus is not on attacking merchant ships, but on other missions. Attacks on shipping are of course mentioned, that&amp;#39;s part of the role for a submarine, but as you can see they are emphasized far less than the other missions. &lt;/p&gt;\n\n&lt;p&gt;Thus, during WWII, the focus for submarines was, according to the manuals, mainly against military targets, not merchant ships. The information I have suggests that, in most respects, this was little changed from the manuals of ~1936. &lt;/p&gt;\n\n&lt;p&gt;However, there is one clear change evident in Chapter 3. I have emphasized the relevant lines. &lt;/p&gt;\n\n&lt;blockquote&gt;\n&lt;p&gt;Patrol against enemy lines of communication includes the destruction of commerce. It may be expected that the convoy system will be used, especially at focal and terminal points. On the high seas, circuitous routing will be employed. &lt;strong&gt;The torpedo is the major weapon in these operations, as the submarine is not equipped with gun power to equal that which may be expected on modern merchantmen. The submarine gun may be employed against vessels known to be unarmed or small vessels of minor resistant qualities.&lt;/strong&gt; Operations in the vicinity of focal and terminal points will produce more targets, but the intensity of anti-submarine measures will also be increased. &lt;strong&gt;The principles of the submarine attack against commerce do not differ from those used against other types of vessels.&lt;/strong&gt; Submarines operate singly in assigned sectors on the edge of focal and terminal areas and furnish information of enemy shipping to other submarines similarly employed. Submarine positions should be shifted frequently to cover variations in shipping routes as well as to evade concentrated anti-submarine effort in areas of operations discovered by the enemy. &lt;/p&gt;\n&lt;/blockquote&gt;\n\n&lt;p&gt;By 1944 when these instructions were published it was clear that surfacing to engage a merchant ship in daylight was a risky business (night surface attacks, however, were very common during the war). This was even evident in WWI, which led to trouble with German U-boat activity at that time, which many considered barbaric. However, the issue was contentious: &lt;a href=\"https://digital-commons.usnwc.edu/cgi/viewcontent.cgi?article=1423&amp;amp;context=ils\"&gt;as Parks discusses&lt;/a&gt;, there were &amp;quot;[n]ear, continuous negotiations between 1919 and 1936&amp;quot; on this subject, with Britain even arguing the submarine should be abolished. I am not going to try to summarize the debates in detail other than to say each nation had their own ideas of what the rules should be and getting everyone to agree was a nightmare. This nightmare created the 1936 rules that were so vague as to be useless: to name but one stumbling block, what about armed merchant ships than can sink a submarine?&lt;/p&gt;\n\n&lt;p&gt;Parks summarizes the position of the major submarine powers on this point during the war. Germany began by following the 1936 rules, with some exceptions like troop ships and convoys due to the ambiguities above, but D\u00f6nitz and Hitler relaxed those standards during the war. Italy followed German rules once they joined the war. Britain followed the rules until 1940, when they too began relaxing the restrictions in certain zones. Japan never agreed to these terms. And on 7 December 1941 the US immediately ordered unrestricted submarine warfare in direct defiance of the &lt;em&gt;Proc\u00e9s-Verbal&lt;/em&gt;, and while the date would place them after the other powers, unlike the European navies there wasn&amp;#39;t even lip service to restrictions for certain zones. Parks then elaborates on how the various commanders within the US Navy expected unrestricted submarine warfare well before the war, which emphasizes the disparity between the politicians and the commanders. &lt;/p&gt;\n\n&lt;p&gt;Thus to answer the question &amp;quot;did creators of the treaty really believe submarines would operate in a stop and search manner?&amp;quot; should be answered yes, probably (hard to read minds), at least for the diplomats creating the treaty. They certainly believed some merchant ships would be immune, largely due to the differing definitions of &amp;quot;merchant ship&amp;quot;, but their beliefs did not agree with other nations or even their own naval officers. Thus, were you to rephrase the question to &amp;quot;Did the signatory nations really believe submarines would operate in a stop and search manner against all merchant ships?&amp;quot;, that changes to &amp;quot;depends on who you ask&amp;quot;. &lt;/p&gt;\n\n&lt;p&gt;Park&amp;#39;s paper then moves on to discuss lessons for modern treaties, but his opening is a good summary that highlights the division:&lt;/p&gt;\n\n&lt;blockquote&gt;\n&lt;p&gt;In a war that saw each and every major submarine power consciously abandon the rules in the 1936 &lt;em&gt;Proc\u00e9s-Verbal&lt;/em&gt;, it is an understatement to say that the treaty did not measure up to the harsh reality of war. Its postwar status has been debated,&lt;sup&gt;162&lt;/sup&gt; as has the legality of exclusion zones by whatever euphemism they may be called.&lt;sup&gt;163&lt;/sup&gt; Even the most ardent defenders of the &lt;em&gt;Proc\u00e9s-Verbal&lt;/em&gt; provide numerous clarifications and conditions identified by submarine officers before World War II but persistently ignored or dismissed by diplomats, negotiators, naval leaders and international lawyers of that era.&lt;/p&gt;\n&lt;/blockquote&gt;\n&lt;/div&gt;", "gildings": {}, "collapsed_reason": null, "associated_award": null, "stickied": false, "subreddit_type": "public", "can_gild": true, "subreddit": "AskHistorians", "author_flair_text_color": null, "score_hidden": false, "permalink": "/r/AskHistorians/comments/c7u00t/at_the_nuremberg_trials_admiral_karl_d\u00f6nitz_was/esi7yo5/", "num_reports": null, "locked": false, "name": "t1_esi7yo5", "created": 1562037335.0, "author_flair_text": null, "collapsed": false, "created_utc": 1562008535.0, "subreddit_name_prefixed": "r/AskHistorians", "controversiality": 0, "depth": 0, "author_flair_background_color": null, "mod_reports": [], "mod_note": null, "distinguished": null}}], "after": null, "before": null}}]