[{"kind": "Listing", "data": {"modhash": "", "dist": 1, "children": [{"kind": "t3", "data": {"subreddit_id": "t5_2ssp3", "approved_at_utc": null, "send_replies": true, "mod_reason_by": null, "banned_by": null, "removal_reason": null, "wls": 6, "subreddit": "AskHistorians", "selftext_html": "&lt;!-- SC_OFF --&gt;&lt;div class=\"md\"&gt;&lt;p&gt;I am obviously an amateur, so I clicked on the Wikipedia footnote that accompanied the article&amp;#39;s claim that the term &amp;quot;socialism&amp;quot; was in use as early as 1822. The footnote states:&lt;/p&gt;\n\n&lt;blockquote&gt;\n&lt;p&gt;1822 E.Cowper Let. to Robert Owen 2 Nov. in Revue d&amp;#39;Histoire Economique &amp;amp; Sociale (1957) 35 80 [She] seems well adapted to become what my friend Jo. Applegath calls a Socialist&amp;quot;.&lt;/p&gt;\n&lt;/blockquote&gt;\n\n&lt;p&gt;Who was E. Cowper in relation to Robert Owen? And more importantly, who was Cowper&amp;#39;s friend Jo. Applegath?&lt;/p&gt;\n\n&lt;p&gt;If there were any biographical information whatsoever on this Applegath person, It would be super significant. &lt;/p&gt;\n&lt;/div&gt;&lt;!-- SC_ON --&gt;", "author_flair_template_id": null, "selftext": "I am obviously an amateur, so I clicked on the Wikipedia footnote that accompanied the article's claim that the term \"socialism\" was in use as early as 1822. The footnote states:\n&gt;1822 E.Cowper Let. to Robert Owen 2 Nov. in Revue d'Histoire Economique &amp; Sociale (1957) 35 80 [She] seems well adapted to become what my friend Jo. Applegath calls a Socialist\".\n\nWho was E. Cowper in relation to Robert Owen? And more importantly, who was Cowper's friend Jo. Applegath?\n\nIf there were any biographical information whatsoever on this Applegath person, It would be super significant. ", "likes": null, "suggested_sort": null, "mod_note": null, "user_reports": [], "secure_media": null, "is_reddit_media_domain": false, "saved": false, "id": "812ats", "banned_at_utc": null, "mod_reason_title": null, "view_count": null, "archived": false, "clicked": false, "no_follow": true, "author": "Moonstompa", "num_crossposts": 0, "link_flair_text": null, "can_mod_post": false, "is_crosspostable": false, "pinned": false, "score": 6, "approved_by": null, "over_18": false, "domain": "self.AskHistorians", "hidden": false, "pwls": 6, "thumbnail": "", "hide_score": false, "edited": false, "link_flair_css_class": null, "media_only": false, "author_flair_css_class": null, "contest_mode": false, "gilded": 0, "title": "Robert Owens and the origins of the term \"socialism.\"", "downs": 0, "secure_media_embed": {}, "media_embed": {}, "author_flair_text": null, "stickied": false, "can_gild": false, "is_self": true, "parent_whitelist_status": "all_ads", "name": "t3_812ats", "spoiler": false, "permalink": "/r/AskHistorians/comments/812ats/robert_owens_and_the_origins_of_the_term_socialism/", "subreddit_type": "public", "locked": false, "report_reasons": null, "created": 1519904174.0, "url": "https://www.reddit.com/r/AskHistorians/comments/812ats/robert_owens_and_the_origins_of_the_term_socialism/", "whitelist_status": "all_ads", "quarantine": false, "subreddit_subscribers": 755445, "created_utc": 1519875374.0, "subreddit_name_prefixed": "r/AskHistorians", "distinguished": null, "media": null, "num_comments": 2, "upvote_ratio": 0.67, "mod_reports": [], "visited": false, "num_reports": null, "is_video": false, "ups": 6, "post_categories": null}}], "after": null, "before": null}}, {"kind": "Listing", "data": {"modhash": "", "dist": null, "children": [{"kind": "t1", "data": {"subreddit_id": "t5_2ssp3", "approved_at_utc": null, "ups": 1, "mod_reason_by": null, "banned_by": null, "removal_reason": null, "link_id": "t3_812ats", "author_flair_template_id": null, "likes": null, "no_follow": true, "replies": {"kind": "Listing", "data": {"modhash": "", "dist": null, "children": [{"kind": "t1", "data": {"subreddit_id": "t5_2ssp3", "approved_at_utc": null, "ups": 1, "mod_reason_by": null, "banned_by": null, "removal_reason": null, "link_id": "t3_812ats", "author_flair_template_id": null, "likes": null, "no_follow": true, "replies": "", "user_reports": [], "saved": false, "id": "dv1pr3y", "banned_at_utc": null, "mod_reason_title": null, "gilded": 0, "archived": false, "report_reasons": null, "author": "Moonstompa", "can_mod_post": false, "send_replies": true, "parent_id": "t1_dv1exb9", "score": 1, "approved_by": null, "downs": 0, "body": "Thank you so much! I cant wait to look into this more.", "edited": false, "author_flair_css_class": null, "collapsed": false, "is_submitter": true, "collapsed_reason": null, "body_html": "&lt;div class=\"md\"&gt;&lt;p&gt;Thank you so much! I cant wait to look into this more.&lt;/p&gt;\n&lt;/div&gt;", "subreddit_type": "public", "can_gild": true, "subreddit": "AskHistorians", "name": "t1_dv1pr3y", "score_hidden": false, "permalink": "/r/AskHistorians/comments/812ats/robert_owens_and_the_origins_of_the_term_socialism/dv1pr3y/", "num_reports": null, "stickied": false, "created": 1519981555.0, "author_flair_text": null, "created_utc": 1519952755.0, "subreddit_name_prefixed": "r/AskHistorians", "controversiality": 0, "depth": 1, "mod_reports": [], "mod_note": null, "distinguished": null}}], "after": null, "before": null}}, "user_reports": [], "saved": false, "id": "dv1exb9", "banned_at_utc": null, "mod_reason_title": null, "gilded": 0, "archived": false, "report_reasons": null, "author": "alt247", "can_mod_post": false, "send_replies": true, "parent_id": "t3_812ats", "score": 1, "approved_by": null, "downs": 0, "body": "Joseph Applega[r]th was the brother of Robert Owen's publisher Augustus Applegarth and taught at New Lanark and was later a shareholder in the planned community at Orbiston in Lanarkshire. He also taught at the community at New Harmony in Indiana.  \n\nE. Cowper is [Edward Cowper](https://www.gracesguide.co.uk/Edward_Shickle_Cowper) a printer, inventor and engineer. He and [Augustus Applegarth](https://www.gracesguide.co.uk/Augustus_Applegarth) built improved presses for printing bank notes, printing on silk and newspapers. \n\nSources: Robert Owen\u2019s Experiment at New Lanark: From Paternalism to Socialism\n\nRobert Owen and the Owenites in Britain and America \n\nHistory of the English Settlement in Edwards County, Illinois", "edited": 1519942201.0, "author_flair_css_class": null, "collapsed": false, "is_submitter": false, "collapsed_reason": null, "body_html": "&lt;div class=\"md\"&gt;&lt;p&gt;Joseph Applega[r]th was the brother of Robert Owen&amp;#39;s publisher Augustus Applegarth and taught at New Lanark and was later a shareholder in the planned community at Orbiston in Lanarkshire. He also taught at the community at New Harmony in Indiana.  &lt;/p&gt;\n\n&lt;p&gt;E. Cowper is &lt;a href=\"https://www.gracesguide.co.uk/Edward_Shickle_Cowper\"&gt;Edward Cowper&lt;/a&gt; a printer, inventor and engineer. He and &lt;a href=\"https://www.gracesguide.co.uk/Augustus_Applegarth\"&gt;Augustus Applegarth&lt;/a&gt; built improved presses for printing bank notes, printing on silk and newspapers. &lt;/p&gt;\n\n&lt;p&gt;Sources: Robert Owen\u2019s Experiment at New Lanark: From Paternalism to Socialism&lt;/p&gt;\n\n&lt;p&gt;Robert Owen and the Owenites in Britain and America &lt;/p&gt;\n\n&lt;p&gt;History of the English Settlement in Edwards County, Illinois&lt;/p&gt;\n&lt;/div&gt;", "subreddit_type": "public", "can_gild": true, "subreddit": "AskHistorians", "name": "t1_dv1exb9", "score_hidden": false, "permalink": "/r/AskHistorians/comments/812ats/robert_owens_and_the_origins_of_the_term_socialism/dv1exb9/", "num_reports": null, "stickied": false, "created": 1519970399.0, "author_flair_text": null, "created_utc": 1519941599.0, "subreddit_name_prefixed": "r/AskHistorians", "controversiality": 0, "depth": 0, "mod_reports": [], "mod_note": null, "distinguished": null}}], "after": null, "before": null}}]