[{"kind": "Listing", "data": {"modhash": "", "dist": 1, "children": [{"kind": "t3", "data": {"subreddit_id": "t5_2ssp3", "approved_at_utc": null, "send_replies": true, "mod_reason_by": null, "banned_by": null, "removal_reason": null, "wls": 6, "subreddit": "AskHistorians", "selftext_html": "&lt;!-- SC_OFF --&gt;&lt;div class=\"md\"&gt;&lt;p&gt;[removed]&lt;/p&gt;\n&lt;/div&gt;&lt;!-- SC_ON --&gt;", "author_flair_template_id": null, "selftext": "[removed]", "likes": null, "suggested_sort": null, "mod_note": null, "user_reports": [], "secure_media": null, "is_reddit_media_domain": false, "saved": false, "id": "816a11", "banned_at_utc": null, "mod_reason_title": null, "view_count": null, "archived": false, "clicked": false, "no_follow": true, "author": "BamParker", "num_crossposts": 0, "link_flair_text": null, "can_mod_post": false, "is_crosspostable": false, "pinned": false, "score": 1, "approved_by": null, "over_18": false, "domain": "self.AskHistorians", "hidden": false, "pwls": 6, "thumbnail": "", "hide_score": false, "edited": false, "link_flair_css_class": null, "media_only": false, "author_flair_css_class": null, "contest_mode": false, "gilded": 0, "title": "Why is a witches tit so cold?", "downs": 0, "secure_media_embed": {}, "media_embed": {}, "author_flair_text": null, "stickied": false, "can_gild": false, "is_self": true, "parent_whitelist_status": "all_ads", "name": "t3_816a11", "spoiler": false, "permalink": "/r/AskHistorians/comments/816a11/why_is_a_witches_tit_so_cold/", "subreddit_type": "public", "locked": false, "report_reasons": null, "created": 1519948824.0, "url": "https://www.reddit.com/r/AskHistorians/comments/816a11/why_is_a_witches_tit_so_cold/", "whitelist_status": "all_ads", "quarantine": false, "subreddit_subscribers": 755446, "created_utc": 1519920024.0, "subreddit_name_prefixed": "r/AskHistorians", "distinguished": null, "media": null, "num_comments": 2, "upvote_ratio": 0.6, "mod_reports": [], "visited": false, "num_reports": null, "is_video": false, "ups": 1, "post_categories": null}}], "after": null, "before": null}}, {"kind": "Listing", "data": {"modhash": "", "dist": null, "children": [{"kind": "t1", "data": {"subreddit_id": "t5_2ssp3", "approved_at_utc": null, "ups": 1, "mod_reason_by": null, "banned_by": null, "removal_reason": null, "link_id": "t3_816a11", "author_flair_template_id": null, "likes": null, "no_follow": true, "replies": {"kind": "Listing", "data": {"modhash": "", "dist": null, "children": [{"kind": "t1", "data": {"subreddit_id": "t5_2ssp3", "approved_at_utc": null, "ups": 2, "mod_reason_by": null, "banned_by": null, "removal_reason": null, "link_id": "t3_816a11", "author_flair_template_id": null, "likes": null, "no_follow": true, "replies": "", "user_reports": [], "saved": false, "id": "dv0rfhb", "banned_at_utc": null, "mod_reason_title": null, "gilded": 0, "archived": false, "report_reasons": null, "author": "cdesmoulins", "can_mod_post": false, "send_replies": true, "parent_id": "t1_dv0qodd", "score": 2, "approved_by": null, "downs": 0, "body": "I swear this keeps happening to me -- I had a whole thing typed up about the historical etymology and associations behind the idiom OP is referencing, citations and all, and then boom. All the more reason for OP to reword and resubmit it in an appropriate way. ", "edited": false, "author_flair_css_class": "europe", "collapsed": false, "is_submitter": false, "collapsed_reason": null, "body_html": "&lt;div class=\"md\"&gt;&lt;p&gt;I swear this keeps happening to me -- I had a whole thing typed up about the historical etymology and associations behind the idiom OP is referencing, citations and all, and then boom. All the more reason for OP to reword and resubmit it in an appropriate way. &lt;/p&gt;\n&lt;/div&gt;", "subreddit_type": "public", "can_gild": true, "subreddit": "AskHistorians", "name": "t1_dv0rfhb", "score_hidden": false, "permalink": "/r/AskHistorians/comments/816a11/why_is_a_witches_tit_so_cold/dv0rfhb/", "num_reports": null, "stickied": false, "created": 1519949711.0, "author_flair_text": "Early Modern Jesuits | Early Modern Drama", "created_utc": 1519920911.0, "subreddit_name_prefixed": "r/AskHistorians", "controversiality": 0, "depth": 1, "mod_reports": [], "mod_note": null, "distinguished": null}}], "after": null, "before": null}}, "user_reports": [], "saved": false, "id": "dv0qodd", "banned_at_utc": null, "mod_reason_title": null, "gilded": 0, "archived": false, "report_reasons": null, "author": "AncientHistory", "can_mod_post": false, "send_replies": true, "parent_id": "t3_816a11", "score": 1, "approved_by": null, "downs": 0, "body": "This is not a historical question. If you would like to ask about witches in history, you may reword and resubmit. If you don't want to rewrite it, you might try submitting it to /r/history, /r/askhistory, or /r/tellmeafact.", "edited": false, "author_flair_css_class": "other", "collapsed": false, "is_submitter": false, "collapsed_reason": null, "body_html": "&lt;div class=\"md\"&gt;&lt;p&gt;This is not a historical question. If you would like to ask about witches in history, you may reword and resubmit. If you don&amp;#39;t want to rewrite it, you might try submitting it to &lt;a href=\"/r/history\"&gt;/r/history&lt;/a&gt;, &lt;a href=\"/r/askhistory\"&gt;/r/askhistory&lt;/a&gt;, or &lt;a href=\"/r/tellmeafact\"&gt;/r/tellmeafact&lt;/a&gt;.&lt;/p&gt;\n&lt;/div&gt;", "subreddit_type": "public", "can_gild": true, "subreddit": "AskHistorians", "name": "t1_dv0qodd", "score_hidden": false, "permalink": "/r/AskHistorians/comments/816a11/why_is_a_witches_tit_so_cold/dv0qodd/", "num_reports": null, "stickied": false, "created": 1519949013.0, "author_flair_text": "Moderator | Pulp Studies | H. P. Lovecraft", "created_utc": 1519920213.0, "subreddit_name_prefixed": "r/AskHistorians", "controversiality": 0, "depth": 0, "mod_reports": [], "mod_note": null, "distinguished": "moderator"}}], "after": null, "before": null}}]