[{"kind": "Listing", "data": {"modhash": "", "dist": 1, "children": [{"kind": "t3", "data": {"approved_at_utc": null, "subreddit": "AskHistorians", "selftext": "Why is the USA's nuking of Japan not considered/remembered as one of the largest acts of terrorism of all time? \n(&gt;100 000 civilian casualties by modest estimates)", "user_reports": [], "saved": false, "mod_reason_title": null, "gilded": 0, "clicked": false, "title": "How we remember the USA nuking Japan", "link_flair_richtext": [], "subreddit_name_prefixed": "r/AskHistorians", "hidden": false, "pwls": 6, "link_flair_css_class": null, "downs": 0, "parent_whitelist_status": "all_ads", "hide_score": false, "name": "t3_5s0oyv", "quarantine": false, "link_flair_text_color": "dark", "upvote_ratio": 0.47, "author_flair_background_color": null, "subreddit_type": "public", "ups": 0, "domain": "self.AskHistorians", "media_embed": {}, "author_flair_template_id": null, "is_original_content": false, "secure_media": null, "is_reddit_media_domain": false, "category": null, "secure_media_embed": {}, "link_flair_text": null, "can_mod_post": false, "score": 0, "approved_by": null, "thumbnail": "", "edited": false, "author_flair_css_class": null, "author_flair_richtext": [], "content_categories": null, "is_self": true, "mod_note": null, "created": 1486245590.0, "link_flair_type": "text", "wls": 6, "post_categories": null, "banned_by": null, "author_flair_type": "text", "contest_mode": false, "selftext_html": "&lt;!-- SC_OFF --&gt;&lt;div class=\"md\"&gt;&lt;p&gt;Why is the USA&amp;#39;s nuking of Japan not considered/remembered as one of the largest acts of terrorism of all time? \n(&amp;gt;100 000 civilian casualties by modest estimates)&lt;/p&gt;\n&lt;/div&gt;&lt;!-- SC_ON --&gt;", "likes": null, "suggested_sort": null, "banned_at_utc": null, "view_count": null, "archived": true, "no_follow": true, "is_crosspostable": false, "pinned": false, "over_18": false, "media_only": false, "can_gild": false, "spoiler": false, "locked": false, "author_flair_text": null, "rte_mode": "markdown", "visited": false, "num_reports": null, "distinguished": null, "subreddit_id": "t5_2ssp3", "mod_reason_by": null, "removal_reason": null, "id": "5s0oyv", "report_reasons": null, "author": "StanDarsh1018", "num_crossposts": 0, "num_comments": 2, "send_replies": true, "mod_reports": [], "author_flair_text_color": null, "permalink": "/r/AskHistorians/comments/5s0oyv/how_we_remember_the_usa_nuking_japan/", "whitelist_status": "all_ads", "stickied": false, "url": "https://www.reddit.com/r/AskHistorians/comments/5s0oyv/how_we_remember_the_usa_nuking_japan/", "subreddit_subscribers": 770823, "created_utc": 1486216790.0, "media": null, "is_video": false}}], "after": null, "before": null}}, {"kind": "Listing", "data": {"modhash": "", "dist": null, "children": [{"kind": "t1", "data": {"subreddit_id": "t5_2ssp3", "approved_at_utc": null, "ups": 6, "mod_reason_by": null, "banned_by": null, "author_flair_type": "richtext", "removal_reason": null, "link_id": "t3_5s0oyv", "author_flair_template_id": null, "likes": null, "no_follow": true, "replies": "", "user_reports": [], "saved": false, "id": "ddbq95w", "banned_at_utc": null, "mod_reason_title": null, "gilded": 0, "archived": true, "report_reasons": null, "author": "restricteddata", "can_mod_post": false, "send_replies": true, "parent_id": "t3_5s0oyv", "score": 6, "approved_by": null, "downs": 0, "body": "Because:\n\n1) It was in the context of a war in which millions were dying (and in which that level of slaughter was not alien)\n\n2) It was effectively, deliberately \"sold\" as being something that ended said war (by the people who did it, among others)\n\nNow, one can object to the \"selling\" and one can object to the importance of the context. But this is essentially the reason why it was not largely seen as such a thing. Even the Japanese were more or less willing to accept it was being \"justified.\" In the years since World War II, and especially since the end of the Cold War, there have been competing \"narratives\" and interpretations about the point of the bombing, their necessity, their justification, and a fuller fleshing out of how that \"selling\" of one narrative took place, and why, and the problems with that narrative. (I have written about several points of view [here](http://blog.nuclearsecrecy.com/2013/03/08/the-decision-to-use-the-bomb-a-consensus-view/).) But if you're wondering why many people see the bombings in an essentially positive light, it is because they see it as outlined above. ", "edited": 1486229184.0, "author_flair_css_class": "technology", "collapsed": false, "author_flair_richtext": [{"e": "text", "t": "Nuclear Technology | Modern Science"}], "is_submitter": false, "collapsed_reason": null, "body_html": "&lt;div class=\"md\"&gt;&lt;p&gt;Because:&lt;/p&gt;\n\n&lt;p&gt;1) It was in the context of a war in which millions were dying (and in which that level of slaughter was not alien)&lt;/p&gt;\n\n&lt;p&gt;2) It was effectively, deliberately &amp;quot;sold&amp;quot; as being something that ended said war (by the people who did it, among others)&lt;/p&gt;\n\n&lt;p&gt;Now, one can object to the &amp;quot;selling&amp;quot; and one can object to the importance of the context. But this is essentially the reason why it was not largely seen as such a thing. Even the Japanese were more or less willing to accept it was being &amp;quot;justified.&amp;quot; In the years since World War II, and especially since the end of the Cold War, there have been competing &amp;quot;narratives&amp;quot; and interpretations about the point of the bombing, their necessity, their justification, and a fuller fleshing out of how that &amp;quot;selling&amp;quot; of one narrative took place, and why, and the problems with that narrative. (I have written about several points of view &lt;a href=\"http://blog.nuclearsecrecy.com/2013/03/08/the-decision-to-use-the-bomb-a-consensus-view/\"&gt;here&lt;/a&gt;.) But if you&amp;#39;re wondering why many people see the bombings in an essentially positive light, it is because they see it as outlined above. &lt;/p&gt;\n&lt;/div&gt;", "stickied": false, "subreddit_type": "public", "can_gild": true, "subreddit": "AskHistorians", "author_flair_text_color": null, "score_hidden": false, "permalink": "/r/AskHistorians/comments/5s0oyv/how_we_remember_the_usa_nuking_japan/ddbq95w/", "num_reports": null, "name": "t1_ddbq95w", "created": 1486255541.0, "author_flair_text": "Nuclear Technology | Modern Science", "rte_mode": "markdown", "created_utc": 1486226741.0, "subreddit_name_prefixed": "r/AskHistorians", "controversiality": 0, "depth": 0, "author_flair_background_color": null, "mod_reports": [], "mod_note": null, "distinguished": null}}, {"kind": "t1", "data": {"subreddit_id": "t5_2ssp3", "approved_at_utc": null, "ups": 0, "mod_reason_by": null, "banned_by": null, "removal_reason": null, "link_id": "t3_5s0oyv", "author_flair_template_id": null, "likes": null, "no_follow": true, "replies": "", "user_reports": [], "saved": false, "id": "ddbndn6", "banned_at_utc": null, "mod_reason_title": null, "gilded": 0, "archived": true, "report_reasons": null, "author": "[deleted]", "can_mod_post": false, "send_replies": true, "parent_id": "t3_5s0oyv", "score": 0, "approved_by": null, "downs": 0, "body": "[removed]", "edited": false, "author_flair_css_class": null, "collapsed": false, "is_submitter": false, "collapsed_reason": null, "body_html": "&lt;div class=\"md\"&gt;&lt;p&gt;[removed]&lt;/p&gt;\n&lt;/div&gt;", "stickied": false, "subreddit_type": "public", "can_gild": true, "subreddit": "AskHistorians", "author_flair_text_color": "dark", "score_hidden": false, "permalink": "/r/AskHistorians/comments/5s0oyv/how_we_remember_the_usa_nuking_japan/ddbndn6/", "num_reports": null, "name": "t1_ddbndn6", "created": 1486251335.0, "author_flair_text": null, "rte_mode": "markdown", "created_utc": 1486222535.0, "subreddit_name_prefixed": "r/AskHistorians", "controversiality": 0, "depth": 0, "author_flair_background_color": "", "mod_reports": [], "mod_note": null, "distinguished": null}}], "after": null, "before": null}}]