[{"kind": "Listing", "data": {"modhash": "", "dist": 1, "children": [{"kind": "t3", "data": {"approved_at_utc": null, "subreddit": "AskHistorians", "selftext": "Any recommendations on where To start?  Read thucydides first?  \nOr start with the four volume work by kagan or Instead his one volume book", "user_reports": [], "saved": false, "mod_reason_title": null, "gilded": 0, "clicked": false, "title": "How to study peloponnesian war in depth?", "link_flair_richtext": [], "subreddit_name_prefixed": "r/AskHistorians", "hidden": false, "pwls": 6, "link_flair_css_class": null, "downs": 0, "top_awarded_type": null, "parent_whitelist_status": "all_ads", "hide_score": false, "name": "t3_j30rfs", "quarantine": false, "link_flair_text_color": "dark", "upvote_ratio": 0.86, "author_flair_background_color": null, "subreddit_type": "public", "ups": 5, "total_awards_received": 0, "media_embed": {}, "author_flair_template_id": null, "is_original_content": false, "author_fullname": "t2_7x0y5", "secure_media": null, "is_reddit_media_domain": false, "is_meta": false, "category": null, "secure_media_embed": {}, "link_flair_text": null, "can_mod_post": false, "score": 5, "approved_by": null, "author_premium": false, "thumbnail": "", "edited": false, "author_flair_css_class": null, "author_flair_richtext": [], "gildings": {}, "content_categories": null, "is_self": true, "mod_note": null, "created": 1601550928.0, "link_flair_type": "text", "wls": 6, "removed_by_category": null, "banned_by": null, "author_flair_type": "text", "domain": "self.AskHistorians", "allow_live_comments": false, "selftext_html": "&lt;!-- SC_OFF --&gt;&lt;div class=\"md\"&gt;&lt;p&gt;Any recommendations on where To start?  Read thucydides first?&lt;br/&gt;\nOr start with the four volume work by kagan or Instead his one volume book&lt;/p&gt;\n&lt;/div&gt;&lt;!-- SC_ON --&gt;", "likes": null, "suggested_sort": null, "banned_at_utc": null, "view_count": null, "archived": false, "no_follow": false, "is_crosspostable": false, "pinned": false, "over_18": false, "all_awardings": [], "awarders": [], "media_only": false, "can_gild": false, "spoiler": false, "locked": false, "author_flair_text": null, "treatment_tags": [], "visited": false, "removed_by": null, "num_reports": null, "distinguished": null, "subreddit_id": "t5_2ssp3", "mod_reason_by": null, "removal_reason": null, "link_flair_background_color": "", "id": "j30rfs", "is_robot_indexable": true, "num_duplicates": 1, "report_reasons": null, "author": "shinger", "discussion_type": null, "num_comments": 4, "send_replies": true, "media": null, "contest_mode": false, "author_patreon_flair": false, "author_flair_text_color": null, "permalink": "/r/AskHistorians/comments/j30rfs/how_to_study_peloponnesian_war_in_depth/", "whitelist_status": "all_ads", "stickied": false, "url": "https://www.reddit.com/r/AskHistorians/comments/j30rfs/how_to_study_peloponnesian_war_in_depth/", "subreddit_subscribers": 1281267, "created_utc": 1601522128.0, "num_crossposts": 0, "mod_reports": [], "is_video": false}}], "after": null, "before": null}}, {"kind": "Listing", "data": {"modhash": "", "dist": null, "children": [{"kind": "t1", "data": {"total_awards_received": 0, "approved_at_utc": null, "comment_type": null, "awarders": [], "mod_reason_by": null, "banned_by": null, "ups": 1, "author_flair_type": "richtext", "removal_reason": null, "link_id": "t3_j30rfs", "author_flair_template_id": "9e641f94-c626-11e2-8e2c-12313b0b21ae", "likes": null, "replies": "", "user_reports": [], "saved": false, "id": "g790jdq", "banned_at_utc": null, "mod_reason_title": null, "gilded": 0, "archived": false, "no_follow": true, "author": "AutoModerator", "can_mod_post": false, "send_replies": false, "parent_id": "t3_j30rfs", "score": 1, "author_fullname": "t2_6l4z3", "report_reasons": null, "approved_by": null, "all_awardings": [], "subreddit_id": "t5_2ssp3", "body": "Welcome to /r/AskHistorians. **Please [Read Our Rules](https://www.reddit.com/r/AskHistorians/wiki/rules) before you comment in this community**. Understand that rule breaking comments get removed.\n\n#Please consider **[Clicking Here for RemindMeBot](https://www.reddit.com/message/compose/?to=RemindMeBot&amp;subject=Reminder&amp;message=%5Bhttps://www.reddit.com/r/AskHistorians/comments/j30rfs/how_to_study_peloponnesian_war_in_depth/%5D%0A%0ARemindMe!%202%20days)** as it takes time for an answer to be written. \n\niOS App Users please be aware [autolinking to RemindMeBot functionality is currently broken](https://www.reddit.com/r/redditmobile/comments/immxqs/ios_2020330_newest_ios_has_broken_the_ability_to/).\n\nWe thank you for your interest in this *question*, and your patience in waiting for an in-depth and comprehensive answer to show up. In addition to RemindMeBot, consider [using our Browser Extension](https://www.reddit.com/r/AskHistorians/comments/d6dzi7/tired_of_clicking_to_find_only_removed_comments/), or getting the [Weekly Roundup](https://www.reddit.com/message/compose?to=subredditsummarybot&amp;subject=askhistorians+weekly&amp;message=x). In the meantime our [Twitter](https://twitter.com/askhistorians), [Facebook](https://www.facebook.com/askhistorians/), and [Sunday Digest](https://www.reddit.com/r/AskHistorians/search?q=title%3A%22Sunday+Digest%22&amp;restrict_sr=on&amp;sort=new&amp;t=all) feature excellent content that has already been written!\n\n\n*I am a bot, and this action was performed automatically. Please [contact the moderators of this subreddit](/message/compose/?to=/r/AskHistorians) if you have any questions or concerns.*", "edited": false, "downs": 0, "author_flair_css_class": null, "is_submitter": false, "collapsed": false, "author_flair_richtext": [{"e": "text", "t": "History of Robotics"}], "author_patreon_flair": false, "body_html": "&lt;div class=\"md\"&gt;&lt;p&gt;Welcome to &lt;a href=\"/r/AskHistorians\"&gt;/r/AskHistorians&lt;/a&gt;. &lt;strong&gt;Please &lt;a href=\"https://www.reddit.com/r/AskHistorians/wiki/rules\"&gt;Read Our Rules&lt;/a&gt; before you comment in this community&lt;/strong&gt;. Understand that rule breaking comments get removed.&lt;/p&gt;\n\n&lt;h1&gt;Please consider &lt;strong&gt;&lt;a href=\"https://www.reddit.com/message/compose/?to=RemindMeBot&amp;amp;subject=Reminder&amp;amp;message=%5Bhttps://www.reddit.com/r/AskHistorians/comments/j30rfs/how_to_study_peloponnesian_war_in_depth/%5D%0A%0ARemindMe!%202%20days\"&gt;Clicking Here for RemindMeBot&lt;/a&gt;&lt;/strong&gt; as it takes time for an answer to be written.&lt;/h1&gt;\n\n&lt;p&gt;iOS App Users please be aware &lt;a href=\"https://www.reddit.com/r/redditmobile/comments/immxqs/ios_2020330_newest_ios_has_broken_the_ability_to/\"&gt;autolinking to RemindMeBot functionality is currently broken&lt;/a&gt;.&lt;/p&gt;\n\n&lt;p&gt;We thank you for your interest in this &lt;em&gt;question&lt;/em&gt;, and your patience in waiting for an in-depth and comprehensive answer to show up. In addition to RemindMeBot, consider &lt;a href=\"https://www.reddit.com/r/AskHistorians/comments/d6dzi7/tired_of_clicking_to_find_only_removed_comments/\"&gt;using our Browser Extension&lt;/a&gt;, or getting the &lt;a href=\"https://www.reddit.com/message/compose?to=subredditsummarybot&amp;amp;subject=askhistorians+weekly&amp;amp;message=x\"&gt;Weekly Roundup&lt;/a&gt;. In the meantime our &lt;a href=\"https://twitter.com/askhistorians\"&gt;Twitter&lt;/a&gt;, &lt;a href=\"https://www.facebook.com/askhistorians/\"&gt;Facebook&lt;/a&gt;, and &lt;a href=\"https://www.reddit.com/r/AskHistorians/search?q=title%3A%22Sunday+Digest%22&amp;amp;restrict_sr=on&amp;amp;sort=new&amp;amp;t=all\"&gt;Sunday Digest&lt;/a&gt; feature excellent content that has already been written!&lt;/p&gt;\n\n&lt;p&gt;&lt;em&gt;I am a bot, and this action was performed automatically. Please &lt;a href=\"/message/compose/?to=/r/AskHistorians\"&gt;contact the moderators of this subreddit&lt;/a&gt; if you have any questions or concerns.&lt;/em&gt;&lt;/p&gt;\n&lt;/div&gt;", "gildings": {}, "collapsed_reason": null, "associated_award": null, "stickied": true, "author_premium": true, "subreddit_type": "public", "can_gild": true, "top_awarded_type": null, "author_flair_text_color": "light", "score_hidden": true, "permalink": "/r/AskHistorians/comments/j30rfs/how_to_study_peloponnesian_war_in_depth/g790jdq/", "num_reports": null, "locked": true, "name": "t1_g790jdq", "created": 1601550928.0, "subreddit": "AskHistorians", "author_flair_text": "History of Robotics", "treatment_tags": [], "created_utc": 1601522128.0, "subreddit_name_prefixed": "r/AskHistorians", "controversiality": 0, "depth": 0, "author_flair_background_color": "#993366", "collapsed_because_crowd_control": null, "mod_reports": [], "mod_note": null, "distinguished": "moderator"}}, {"kind": "t1", "data": {"total_awards_received": 0, "approved_at_utc": null, "comment_type": null, "awarders": [], "mod_reason_by": null, "banned_by": null, "ups": 3, "author_flair_type": "text", "removal_reason": null, "link_id": "t3_j30rfs", "author_flair_template_id": null, "likes": null, "replies": {"kind": "Listing", "data": {"modhash": "", "dist": null, "children": [{"kind": "t1", "data": {"total_awards_received": 0, "approved_at_utc": null, "comment_type": null, "awarders": [], "mod_reason_by": null, "banned_by": null, "ups": 2, "author_flair_type": "text", "removal_reason": null, "link_id": "t3_j30rfs", "author_flair_template_id": null, "likes": null, "replies": "", "user_reports": [], "saved": false, "id": "g97y4s9", "banned_at_utc": null, "mod_reason_title": null, "gilded": 0, "archived": false, "no_follow": true, "author": "shinger", "can_mod_post": false, "send_replies": true, "parent_id": "t1_g7q0zhm", "score": 2, "author_fullname": "t2_7x0y5", "report_reasons": null, "approved_by": null, "all_awardings": [], "subreddit_id": "t5_2ssp3", "collapsed": false, "body": "Thanks very much for this.", "edited": false, "author_flair_css_class": null, "is_submitter": true, "downs": 0, "author_flair_richtext": [], "author_patreon_flair": false, "body_html": "&lt;div class=\"md\"&gt;&lt;p&gt;Thanks very much for this.&lt;/p&gt;\n&lt;/div&gt;", "gildings": {}, "collapsed_reason": null, "associated_award": null, "stickied": false, "author_premium": false, "subreddit_type": "public", "can_gild": true, "top_awarded_type": null, "author_flair_text_color": null, "score_hidden": false, "permalink": "/r/AskHistorians/comments/j30rfs/how_to_study_peloponnesian_war_in_depth/g97y4s9/", "num_reports": null, "locked": false, "name": "t1_g97y4s9", "created": 1603057418.0, "subreddit": "AskHistorians", "author_flair_text": null, "treatment_tags": [], "created_utc": 1603028618.0, "subreddit_name_prefixed": "r/AskHistorians", "controversiality": 0, "depth": 1, "author_flair_background_color": null, "collapsed_because_crowd_control": null, "mod_reports": [], "mod_note": null, "distinguished": null}}], "after": null, "before": null}}, "user_reports": [], "saved": false, "id": "g7q0zhm", "banned_at_utc": null, "mod_reason_title": null, "gilded": 0, "archived": false, "no_follow": true, "author": "bobwoodstock", "can_mod_post": false, "send_replies": true, "parent_id": "t3_j30rfs", "score": 3, "author_fullname": "t2_g99f3", "report_reasons": null, "approved_by": null, "all_awardings": [], "subreddit_id": "t5_2ssp3", "body": "I have to say I did my studies in German therefore I can not fully name all the English or US sources. \n\nEven by an in depth study of the Peloponnesian war you should figure out first on what your focus lies. It helps you understand this complex and wide conflict with a lot of protagonists and city states and even empires involved. \n\nReading the primary source on a subject like in this case Thucydides is never wrong. Start there and continue with Xenophon's Hellenica I-II.3.10 because Thucydides died before he could finish his work and Xenophon was also associated to Sparta and give a view into their site of the way, which is missing in Thucycidedes reports. You could also look into Diodorus  Book XI-XIII and in the plays of Aristophanes (for example The Knights).\n\nI suggest you don't just read the primary sources, but also read about them. What were their biases? How did they work? What were their sources? How far away are they from the actual event? \n\nAfter you read the primary sources you can start reading secondary sources. \n\nYou can read Kagans works, but also R. Meiggs \"The Athenian Empire\".You can also read J. Balcer \"Seperatism and Anti-Separatism in the Athenian Empire\".\n\nMarc G. DeSantis has an interesting work about the Naval History of in the Peloponnesian war called  \"A Naval History of the Peloponnesian War: Ships, Men and Money in the War at Sea, 431-404 BC\".\n\nYou can also read Paul Cartledges \"The Spartans: An epic History\" it can also can give you a little insight in the Spartan culture and society. \n\nIf you are interested in the \"Plague of Athens\" you can read up on Karl-Heinz Levens \"Thkydides und die \"Pest\" in Athen\" but I don't know if there is an English version of it.  Hereby I would suggest more science papers like from Alan Shapiro \"No proof that typhoid caused the Plague of Athens (a reply to Papagrigorakis et al.)\" and \"Insufficient phylogenetic analysis may not exclude candidacy of typhoid fever as a probable cause of the Plague of Athens (reply to Shapiro et al.)\" and go from there. Medical historians and archaeologists of course still discus it. \n\nI think this will take a while. Have fun studying it is an excellent an exciting topic, enjoy!", "edited": false, "downs": 0, "author_flair_css_class": null, "is_submitter": false, "collapsed": false, "author_flair_richtext": [], "author_patreon_flair": false, "body_html": "&lt;div class=\"md\"&gt;&lt;p&gt;I have to say I did my studies in German therefore I can not fully name all the English or US sources. &lt;/p&gt;\n\n&lt;p&gt;Even by an in depth study of the Peloponnesian war you should figure out first on what your focus lies. It helps you understand this complex and wide conflict with a lot of protagonists and city states and even empires involved. &lt;/p&gt;\n\n&lt;p&gt;Reading the primary source on a subject like in this case Thucydides is never wrong. Start there and continue with Xenophon&amp;#39;s Hellenica I-II.3.10 because Thucydides died before he could finish his work and Xenophon was also associated to Sparta and give a view into their site of the way, which is missing in Thucycidedes reports. You could also look into Diodorus  Book XI-XIII and in the plays of Aristophanes (for example The Knights).&lt;/p&gt;\n\n&lt;p&gt;I suggest you don&amp;#39;t just read the primary sources, but also read about them. What were their biases? How did they work? What were their sources? How far away are they from the actual event? &lt;/p&gt;\n\n&lt;p&gt;After you read the primary sources you can start reading secondary sources. &lt;/p&gt;\n\n&lt;p&gt;You can read Kagans works, but also R. Meiggs &amp;quot;The Athenian Empire&amp;quot;.You can also read J. Balcer &amp;quot;Seperatism and Anti-Separatism in the Athenian Empire&amp;quot;.&lt;/p&gt;\n\n&lt;p&gt;Marc G. DeSantis has an interesting work about the Naval History of in the Peloponnesian war called  &amp;quot;A Naval History of the Peloponnesian War: Ships, Men and Money in the War at Sea, 431-404 BC&amp;quot;.&lt;/p&gt;\n\n&lt;p&gt;You can also read Paul Cartledges &amp;quot;The Spartans: An epic History&amp;quot; it can also can give you a little insight in the Spartan culture and society. &lt;/p&gt;\n\n&lt;p&gt;If you are interested in the &amp;quot;Plague of Athens&amp;quot; you can read up on Karl-Heinz Levens &amp;quot;Thkydides und die &amp;quot;Pest&amp;quot; in Athen&amp;quot; but I don&amp;#39;t know if there is an English version of it.  Hereby I would suggest more science papers like from Alan Shapiro &amp;quot;No proof that typhoid caused the Plague of Athens (a reply to Papagrigorakis et al.)&amp;quot; and &amp;quot;Insufficient phylogenetic analysis may not exclude candidacy of typhoid fever as a probable cause of the Plague of Athens (reply to Shapiro et al.)&amp;quot; and go from there. Medical historians and archaeologists of course still discus it. &lt;/p&gt;\n\n&lt;p&gt;I think this will take a while. Have fun studying it is an excellent an exciting topic, enjoy!&lt;/p&gt;\n&lt;/div&gt;", "gildings": {}, "collapsed_reason": null, "associated_award": null, "stickied": false, "author_premium": false, "subreddit_type": "public", "can_gild": true, "top_awarded_type": null, "author_flair_text_color": null, "score_hidden": false, "permalink": "/r/AskHistorians/comments/j30rfs/how_to_study_peloponnesian_war_in_depth/g7q0zhm/", "num_reports": null, "locked": false, "name": "t1_g7q0zhm", "created": 1601874107.0, "subreddit": "AskHistorians", "author_flair_text": null, "treatment_tags": [], "created_utc": 1601845307.0, "subreddit_name_prefixed": "r/AskHistorians", "controversiality": 0, "depth": 0, "author_flair_background_color": null, "collapsed_because_crowd_control": null, "mod_reports": [], "mod_note": null, "distinguished": null}}], "after": null, "before": null}}]