[{"kind": "Listing", "data": {"modhash": "", "dist": 1, "children": [{"kind": "t3", "data": {"approved_at_utc": null, "subreddit": "AskHistorians", "selftext": "[removed]", "user_reports": [], "saved": false, "mod_reason_title": null, "gilded": 0, "clicked": false, "title": "Is it correct to say that classical fascism(Italian fascism) originally didn't involve ethnic or racial nationalism much if not at all but an extreme version of civic nationalism?", "link_flair_richtext": [], "subreddit_name_prefixed": "r/AskHistorians", "hidden": false, "pwls": 6, "link_flair_css_class": null, "downs": 0, "top_awarded_type": null, "parent_whitelist_status": "all_ads", "hide_score": false, "name": "t3_j373pj", "quarantine": false, "link_flair_text_color": "dark", "upvote_ratio": 0.68, "author_flair_background_color": null, "subreddit_type": "public", "ups": 9, "total_awards_received": 0, "media_embed": {}, "author_flair_template_id": null, "is_original_content": false, "author_fullname": "t2_7mc2ccwg", "secure_media": null, "is_reddit_media_domain": false, "is_meta": false, "category": null, "secure_media_embed": {}, "link_flair_text": null, "can_mod_post": false, "score": 9, "approved_by": null, "author_premium": false, "thumbnail": "", "edited": 1601553543.0, "author_flair_css_class": null, "author_flair_richtext": [], "gildings": {}, "content_categories": null, "is_self": true, "mod_note": null, "created": 1601582026.0, "link_flair_type": "text", "wls": 6, "removed_by_category": "moderator", "banned_by": null, "author_flair_type": "text", "domain": "self.AskHistorians", "allow_live_comments": false, "selftext_html": "&lt;!-- SC_OFF --&gt;&lt;div class=\"md\"&gt;&lt;p&gt;[removed]&lt;/p&gt;\n&lt;/div&gt;&lt;!-- SC_ON --&gt;", "likes": null, "suggested_sort": null, "banned_at_utc": null, "view_count": null, "archived": false, "no_follow": true, "is_crosspostable": false, "pinned": false, "over_18": false, "all_awardings": [], "awarders": [], "media_only": false, "can_gild": false, "spoiler": false, "locked": false, "author_flair_text": null, "treatment_tags": [], "visited": false, "removed_by": null, "num_reports": null, "distinguished": null, "subreddit_id": "t5_2ssp3", "mod_reason_by": null, "removal_reason": null, "link_flair_background_color": "", "id": "j373pj", "is_robot_indexable": false, "num_duplicates": 1, "report_reasons": null, "author": "NationalObserva", "discussion_type": null, "num_comments": 6, "send_replies": true, "media": null, "contest_mode": false, "author_patreon_flair": false, "author_flair_text_color": null, "permalink": "/r/AskHistorians/comments/j373pj/is_it_correct_to_say_that_classical/", "whitelist_status": "all_ads", "stickied": false, "url": "https://www.reddit.com/r/AskHistorians/comments/j373pj/is_it_correct_to_say_that_classical/", "subreddit_subscribers": 1281267, "created_utc": 1601553226.0, "num_crossposts": 0, "mod_reports": [], "is_video": false}}], "after": null, "before": null}}, {"kind": "Listing", "data": {"modhash": "", "dist": null, "children": [{"kind": "t1", "data": {"total_awards_received": 0, "approved_at_utc": null, "comment_type": null, "awarders": [], "mod_reason_by": null, "banned_by": null, "ups": 1, "author_flair_type": "richtext", "removal_reason": null, "link_id": "t3_j373pj", "author_flair_template_id": "9e641f94-c626-11e2-8e2c-12313b0b21ae", "likes": null, "replies": "", "user_reports": [], "saved": false, "id": "g79z61b", "banned_at_utc": null, "mod_reason_title": null, "gilded": 0, "archived": false, "no_follow": true, "author": "AutoModerator", "can_mod_post": false, "send_replies": false, "parent_id": "t3_j373pj", "score": 1, "author_fullname": "t2_6l4z3", "report_reasons": null, "approved_by": null, "all_awardings": [], "subreddit_id": "t5_2ssp3", "body": "Welcome to /r/AskHistorians. **Please [Read Our Rules](https://www.reddit.com/r/AskHistorians/wiki/rules) before you comment in this community**. Understand that rule breaking comments get removed.\n\n#Please consider **[Clicking Here for RemindMeBot](https://www.reddit.com/message/compose/?to=RemindMeBot&amp;subject=Reminder&amp;message=%5Bhttps://www.reddit.com/r/AskHistorians/comments/j373pj/is_it_correct_to_say_that_classical/%5D%0A%0ARemindMe!%202%20days)** as it takes time for an answer to be written. \n\niOS App Users please be aware [autolinking to RemindMeBot functionality is currently broken](https://www.reddit.com/r/redditmobile/comments/immxqs/ios_2020330_newest_ios_has_broken_the_ability_to/).\n\nWe thank you for your interest in this *question*, and your patience in waiting for an in-depth and comprehensive answer to show up. In addition to RemindMeBot, consider [using our Browser Extension](https://www.reddit.com/r/AskHistorians/comments/d6dzi7/tired_of_clicking_to_find_only_removed_comments/), or getting the [Weekly Roundup](https://www.reddit.com/message/compose?to=subredditsummarybot&amp;subject=askhistorians+weekly&amp;message=x). In the meantime our [Twitter](https://twitter.com/askhistorians), [Facebook](https://www.facebook.com/askhistorians/), and [Sunday Digest](https://www.reddit.com/r/AskHistorians/search?q=title%3A%22Sunday+Digest%22&amp;restrict_sr=on&amp;sort=new&amp;t=all) feature excellent content that has already been written!\n\n\n*I am a bot, and this action was performed automatically. Please [contact the moderators of this subreddit](/message/compose/?to=/r/AskHistorians) if you have any questions or concerns.*", "edited": false, "downs": 0, "author_flair_css_class": null, "is_submitter": false, "collapsed": false, "author_flair_richtext": [{"e": "text", "t": "History of Robotics"}], "author_patreon_flair": false, "body_html": "&lt;div class=\"md\"&gt;&lt;p&gt;Welcome to &lt;a href=\"/r/AskHistorians\"&gt;/r/AskHistorians&lt;/a&gt;. &lt;strong&gt;Please &lt;a href=\"https://www.reddit.com/r/AskHistorians/wiki/rules\"&gt;Read Our Rules&lt;/a&gt; before you comment in this community&lt;/strong&gt;. Understand that rule breaking comments get removed.&lt;/p&gt;\n\n&lt;h1&gt;Please consider &lt;strong&gt;&lt;a href=\"https://www.reddit.com/message/compose/?to=RemindMeBot&amp;amp;subject=Reminder&amp;amp;message=%5Bhttps://www.reddit.com/r/AskHistorians/comments/j373pj/is_it_correct_to_say_that_classical/%5D%0A%0ARemindMe!%202%20days\"&gt;Clicking Here for RemindMeBot&lt;/a&gt;&lt;/strong&gt; as it takes time for an answer to be written.&lt;/h1&gt;\n\n&lt;p&gt;iOS App Users please be aware &lt;a href=\"https://www.reddit.com/r/redditmobile/comments/immxqs/ios_2020330_newest_ios_has_broken_the_ability_to/\"&gt;autolinking to RemindMeBot functionality is currently broken&lt;/a&gt;.&lt;/p&gt;\n\n&lt;p&gt;We thank you for your interest in this &lt;em&gt;question&lt;/em&gt;, and your patience in waiting for an in-depth and comprehensive answer to show up. In addition to RemindMeBot, consider &lt;a href=\"https://www.reddit.com/r/AskHistorians/comments/d6dzi7/tired_of_clicking_to_find_only_removed_comments/\"&gt;using our Browser Extension&lt;/a&gt;, or getting the &lt;a href=\"https://www.reddit.com/message/compose?to=subredditsummarybot&amp;amp;subject=askhistorians+weekly&amp;amp;message=x\"&gt;Weekly Roundup&lt;/a&gt;. In the meantime our &lt;a href=\"https://twitter.com/askhistorians\"&gt;Twitter&lt;/a&gt;, &lt;a href=\"https://www.facebook.com/askhistorians/\"&gt;Facebook&lt;/a&gt;, and &lt;a href=\"https://www.reddit.com/r/AskHistorians/search?q=title%3A%22Sunday+Digest%22&amp;amp;restrict_sr=on&amp;amp;sort=new&amp;amp;t=all\"&gt;Sunday Digest&lt;/a&gt; feature excellent content that has already been written!&lt;/p&gt;\n\n&lt;p&gt;&lt;em&gt;I am a bot, and this action was performed automatically. Please &lt;a href=\"/message/compose/?to=/r/AskHistorians\"&gt;contact the moderators of this subreddit&lt;/a&gt; if you have any questions or concerns.&lt;/em&gt;&lt;/p&gt;\n&lt;/div&gt;", "gildings": {}, "collapsed_reason": null, "associated_award": null, "stickied": true, "author_premium": true, "subreddit_type": "public", "can_gild": true, "top_awarded_type": null, "author_flair_text_color": "light", "score_hidden": true, "permalink": "/r/AskHistorians/comments/j373pj/is_it_correct_to_say_that_classical/g79z61b/", "num_reports": null, "locked": true, "name": "t1_g79z61b", "created": 1601582027.0, "subreddit": "AskHistorians", "author_flair_text": "History of Robotics", "treatment_tags": [], "created_utc": 1601553227.0, "subreddit_name_prefixed": "r/AskHistorians", "controversiality": 0, "depth": 0, "author_flair_background_color": "#993366", "collapsed_because_crowd_control": null, "mod_reports": [], "mod_note": null, "distinguished": "moderator"}}, {"kind": "t1", "data": {"total_awards_received": 0, "approved_at_utc": null, "comment_type": null, "awarders": [], "mod_reason_by": null, "banned_by": null, "ups": 6, "author_flair_type": "richtext", "removal_reason": null, "link_id": "t3_j373pj", "author_flair_template_id": "7b2f3f40-c626-11e2-9a3e-12313d1841d1", "likes": null, "replies": {"kind": "Listing", "data": {"modhash": "", "dist": null, "children": [{"kind": "t1", "data": {"total_awards_received": 0, "approved_at_utc": null, "comment_type": null, "awarders": [], "mod_reason_by": null, "banned_by": null, "ups": 5, "author_flair_type": "richtext", "removal_reason": null, "link_id": "t3_j373pj", "author_flair_template_id": "7b2f3f40-c626-11e2-9a3e-12313d1841d1", "likes": null, "replies": {"kind": "Listing", "data": {"modhash": "", "dist": null, "children": [{"kind": "t1", "data": {"total_awards_received": 0, "approved_at_utc": null, "comment_type": null, "awarders": [], "mod_reason_by": null, "banned_by": null, "ups": 1, "author_flair_type": "text", "removal_reason": null, "link_id": "t3_j373pj", "author_flair_template_id": null, "likes": null, "replies": "", "user_reports": [], "saved": false, "id": "g7cdu6t", "banned_at_utc": null, "mod_reason_title": null, "gilded": 0, "archived": false, "no_follow": true, "author": "NationalObserva", "can_mod_post": false, "created_utc": 1601594936.0, "send_replies": true, "parent_id": "t1_g7cawl9", "score": 1, "author_fullname": "t2_7mc2ccwg", "report_reasons": null, "approved_by": null, "all_awardings": [], "subreddit_id": "t5_2ssp3", "body": "Thank you for your patience. Good night.", "edited": false, "author_flair_css_class": null, "is_submitter": true, "downs": 0, "author_flair_richtext": [], "author_patreon_flair": false, "body_html": "&lt;div class=\"md\"&gt;&lt;p&gt;Thank you for your patience. Good night.&lt;/p&gt;\n&lt;/div&gt;", "gildings": {}, "collapsed_reason": null, "associated_award": null, "stickied": false, "author_premium": false, "subreddit_type": "public", "can_gild": true, "top_awarded_type": null, "author_flair_text_color": null, "score_hidden": false, "permalink": "/r/AskHistorians/comments/j373pj/is_it_correct_to_say_that_classical/g7cdu6t/", "num_reports": null, "locked": false, "name": "t1_g7cdu6t", "created": 1601623736.0, "subreddit": "AskHistorians", "author_flair_text": null, "treatment_tags": [], "collapsed": false, "subreddit_name_prefixed": "r/AskHistorians", "controversiality": 0, "depth": 2, "author_flair_background_color": null, "collapsed_because_crowd_control": null, "mod_reports": [], "mod_note": null, "distinguished": null}}], "after": null, "before": null}}, "user_reports": [], "saved": false, "id": "g7cawl9", "banned_at_utc": null, "mod_reason_title": null, "gilded": 0, "archived": false, "no_follow": true, "author": "Klesk_vs_Xaero", "can_mod_post": false, "send_replies": true, "parent_id": "t1_g7cavmr", "score": 5, "author_fullname": "t2_iwl04", "report_reasons": null, "approved_by": null, "all_awardings": [], "subreddit_id": "t5_2ssp3", "collapsed": false, "body": "This is all, because frankly I have to wake up early tomorrow. \n\nTwo quick notes though. There is no such thing as an original \u201cfascist manifesto\u201d. If we want to speak of \u201cgeneric fascism\u201d at all, it's better to regard it as a European phenomenon finding its roots in pre-war cultural and social transformations and coalescing to different degrees and under different \u201cnational\u201d forms according to the particular circumstances of each nation. While Italian Fascism \u2013 and more so German Nationalism \u2013 were able to exert an influence over those movements and political forces which, at large, identified with their \u201cproject\u201d, it would be wrong to seek for a \u201cfascist blueprint\u201d then subject to some form of revision. \n\nAlso, the idea that the Italian antisemitic legislation was introduced \u201cdue to pressure from Hitler\u201d is \u2013 as far as I know \u2013 generally rejected. The National Socialist legislation certainly served as an example (and, in this specific case, as a sort of blueprint) even if Fascist Italy persisted in the attempt of vindicating its full ideological autonomy, and represented an important portion of the Italian efforts to align with the new ally. De Felice positions the antisemitic legislation within the greater context of a racial legislation devised to handle the newly acquired African Empire. Others \u2013 for instance Matard-Bonucci \u2013 identify this supposed connection more with the efforts of the Regime to prevent the antisemitic legislation from being perceived as a form of ideological subordination to Nazi Germany. In either case, there seems to have been no particular pressure on the matter; until, of course, Mussolini was reinstated as head of the puppet regime of Sal\u00f2. \n\n\n&amp;nbsp;\n\n\nGentile, E. - *Le origini dell'ideologia fascista*\n\nGentile, E. - *Il mito dello stato nuovo, dall'antigiolittismo al fascismo*\n\nGentile, E. - *La grande Italia. Ascesa e declino del mito della nazione nel ventesimo secolo*.\n\nSternhell, Z. et al. - *Naissance de l'ideologie fasciste*\n\nMosse, G.L. - *Masses and men*\n\nPaxton, R. - *The anatomy of fascism*\n\nPayne, S.G. - *Fascism*\n\nPupo, R. - *Fiume, citt\u00e0 di passione*\n\nVivarelli, R. - *Storia delle origini del Fascismo*\n\nDe Felice, R. - *Mussolini*", "edited": false, "author_flair_css_class": null, "is_submitter": false, "downs": 0, "author_flair_richtext": [{"e": "text", "t": "Mussolini and Italian Fascism"}], "author_patreon_flair": false, "body_html": "&lt;div class=\"md\"&gt;&lt;p&gt;This is all, because frankly I have to wake up early tomorrow. &lt;/p&gt;\n\n&lt;p&gt;Two quick notes though. There is no such thing as an original \u201cfascist manifesto\u201d. If we want to speak of \u201cgeneric fascism\u201d at all, it&amp;#39;s better to regard it as a European phenomenon finding its roots in pre-war cultural and social transformations and coalescing to different degrees and under different \u201cnational\u201d forms according to the particular circumstances of each nation. While Italian Fascism \u2013 and more so German Nationalism \u2013 were able to exert an influence over those movements and political forces which, at large, identified with their \u201cproject\u201d, it would be wrong to seek for a \u201cfascist blueprint\u201d then subject to some form of revision. &lt;/p&gt;\n\n&lt;p&gt;Also, the idea that the Italian antisemitic legislation was introduced \u201cdue to pressure from Hitler\u201d is \u2013 as far as I know \u2013 generally rejected. The National Socialist legislation certainly served as an example (and, in this specific case, as a sort of blueprint) even if Fascist Italy persisted in the attempt of vindicating its full ideological autonomy, and represented an important portion of the Italian efforts to align with the new ally. De Felice positions the antisemitic legislation within the greater context of a racial legislation devised to handle the newly acquired African Empire. Others \u2013 for instance Matard-Bonucci \u2013 identify this supposed connection more with the efforts of the Regime to prevent the antisemitic legislation from being perceived as a form of ideological subordination to Nazi Germany. In either case, there seems to have been no particular pressure on the matter; until, of course, Mussolini was reinstated as head of the puppet regime of Sal\u00f2. &lt;/p&gt;\n\n&lt;p&gt;&amp;nbsp;&lt;/p&gt;\n\n&lt;p&gt;Gentile, E. - &lt;em&gt;Le origini dell&amp;#39;ideologia fascista&lt;/em&gt;&lt;/p&gt;\n\n&lt;p&gt;Gentile, E. - &lt;em&gt;Il mito dello stato nuovo, dall&amp;#39;antigiolittismo al fascismo&lt;/em&gt;&lt;/p&gt;\n\n&lt;p&gt;Gentile, E. - &lt;em&gt;La grande Italia. Ascesa e declino del mito della nazione nel ventesimo secolo&lt;/em&gt;.&lt;/p&gt;\n\n&lt;p&gt;Sternhell, Z. et al. - &lt;em&gt;Naissance de l&amp;#39;ideologie fasciste&lt;/em&gt;&lt;/p&gt;\n\n&lt;p&gt;Mosse, G.L. - &lt;em&gt;Masses and men&lt;/em&gt;&lt;/p&gt;\n\n&lt;p&gt;Paxton, R. - &lt;em&gt;The anatomy of fascism&lt;/em&gt;&lt;/p&gt;\n\n&lt;p&gt;Payne, S.G. - &lt;em&gt;Fascism&lt;/em&gt;&lt;/p&gt;\n\n&lt;p&gt;Pupo, R. - &lt;em&gt;Fiume, citt\u00e0 di passione&lt;/em&gt;&lt;/p&gt;\n\n&lt;p&gt;Vivarelli, R. - &lt;em&gt;Storia delle origini del Fascismo&lt;/em&gt;&lt;/p&gt;\n\n&lt;p&gt;De Felice, R. - &lt;em&gt;Mussolini&lt;/em&gt;&lt;/p&gt;\n&lt;/div&gt;", "gildings": {}, "collapsed_reason": null, "associated_award": null, "stickied": false, "author_premium": false, "subreddit_type": "public", "can_gild": true, "top_awarded_type": null, "author_flair_text_color": "light", "score_hidden": false, "permalink": "/r/AskHistorians/comments/j373pj/is_it_correct_to_say_that_classical/g7cawl9/", "num_reports": null, "locked": false, "name": "t1_g7cawl9", "created": 1601622257.0, "subreddit": "AskHistorians", "author_flair_text": "Mussolini and Italian Fascism", "treatment_tags": [], "created_utc": 1601593457.0, "subreddit_name_prefixed": "r/AskHistorians", "controversiality": 0, "depth": 1, "author_flair_background_color": "#003399", "collapsed_because_crowd_control": null, "mod_reports": [], "mod_note": null, "distinguished": null}}], "after": null, "before": null}}, "user_reports": [], "saved": false, "id": "g7cavmr", "banned_at_utc": null, "mod_reason_title": null, "gilded": 0, "archived": false, "no_follow": true, "author": "Klesk_vs_Xaero", "can_mod_post": false, "send_replies": true, "parent_id": "t3_j373pj", "score": 6, "author_fullname": "t2_iwl04", "report_reasons": null, "approved_by": null, "all_awardings": [], "subreddit_id": "t5_2ssp3", "body": "In creating a typological classification, one should be always wary of sacrificing that degree of nuance that helps providing a better account of the \u201creality\u201d of the historical phenomenon under examination. \n\nIt is \u2013 broadly speaking (see, for instance, De Felice, who held this difference as a paramount one) \u2013 true that Italian Fascism and German National Socialism differed in so far as the one principle they recognized at the foundation of their collective: that such principle was \u201cethnic-racial\u201d for the latter (most times identified with the ethnic-spiritual community of the people, the *Volk*) and more \u201ccultural-political\u201d for the former (the supreme form of the organization of the productive forces of the Nation in their historical form, the State). And consequently, that they differed in so far as the principle they recognized as foundational in their exclusionary and eliminationist campaigns. Yet, it's worth keeping in mind that both those \u201cideal-types\u201d are part of a process of self-representation. They are the idealized form of the Fascist and National Socialist regimes, according to their own interpretation of reality. In which sense, they are neither an exact copy of the reality of the Italian and German societies, nor the exact translation of a political project, nor the direct result of underlying structural impulses. \n\nYou appear to draw a rather neat distinction between \u201cracial\u201d and \u201ccivic\u201d nationalism. Whether the distinction is a legitimate one is not really for me to say, as the latter doesn't appear \u2013 at least from my perspective \u2013 to be pertinent to the Fascist project at all. Italian Fascism actively pursued a form of \u201cintegration\u201d through cultural subordination \u2013 i.e. an integration based on the various \u201cinferior\u201d cultural and linguistic, but racial as well, subgroups becoming aware (and therefore accepting) of their inherent subordination to the Italian type. This pattern was reproduced in many different formulations: from the \u201ccultural\u201d inferiority of the Slovene and Croat populations (the \u201clesser\u201d Slavs, unable to forge their own culture or religion, unlike the Czechs) destined to turn into Italians as soon as they learned the language, to the obviously \u201cracial\u201d inferiority of the \u201cCamites\u201d, the African subjects of the newly formed Italian Empire, to the \u201cJewish blood\u201d allegedly being so much weaker than the Italian one, that even \u201cmixed-bloods\u201d could be redeemed thanks to the stronger Italian stock. \n\nWhat you describe \u2013 rather than resembling Italian Fascism \u2013 is closer to what, at least in European context, is usually referred to as \u201cnativism\u201d; a phenomenon which has become more prevalent within far-right movements since... the late 1990s. As such, I can't really discuss it in detail here, but it suffices to say that neither Italy nor Germany in the 1930s had major immigration issues to justify that sort of \u201cresistance\u201d against integration. Rather, different - \u201cindigenous\u201d - forms of \u201ccontestant other\u201d arose from within, among groups whose citizenship (whose ontological belonging to the \u201ccommunity\u201d) was first violently challenged and then systematically erased. \n\nVarious elements \u2013 not last the particular virulence of the \u201cracial\u201d interpretation of \u201cbelonging\u201d in Nazi Germany \u2013 contributed to the National Socialist regime taking a sort of \u201cmoral leadership\u201d in the European eliminationist and genocidal mobilization of the 1940s; but the process was a rather articulate one, where each \u201cnational\u201d group could identify different \u201cothers\u201d and persecute them according to their own, particular, blend of racial, religious and cultural elements. The eliminationist zeal of Codreanu or Pavelic \u2013 to cite two well known examples \u2013 was no second to Hitler's; and each justified both the exclusion and persecution of \u201cenemies\u201d within, and the \u201credemption\u201d of the members of the ideal community still subject to other nations (with the necessary cleansing of the \u201cenemy\u201d outside), according to historical, cultural, biological and social elements. \n\nIf one examines in some detail the development of an \u201celiminationist discourse\u201d during the 1920s and 1930s, there is a remarkable degree of permeability between different \u201careas of meaning\u201d. Biological racism frequently integrates cultural or social considerations (the persecution of the Romani would be a prominent example). Indeed, political elements became entangled with the former as well. For a much wider examination than the one I can provide, see: Kallis, A. - *Genocide and Fascism: The Eliminationist Drive in Fascist Europe*. But, even limitedly to one example I am more familiar with \u2013 that of Istria and Venezia-Giulia \u2013 you have a distinct overlap between ethnic, cultural and political connotations. Italian Nationalists (Federzoni) distinguished between \"true\" Croats \u2013 self-conscious and in possession of a cultural identity \u2013 and the much larger mass, at times identified with the linguistic group of the *morlacchi*, of former Venetian subjects who had lost their full Italian character due to moving out of the cities (hence adopting a more primitive, \"Slavic\" lifestyle), intermixing with resettled Slavs and Croats, and due to the \"de-Italianization\" campaigns of the Austro-Hungarian authorities. Of course, Croat nationalists by and large reversed these exact same arguments, proposing the \"rural\" identity as a \"truer\", more \"identitarian\" form of community, than the \"merchant\" life of the coast town once dominated by the Venetians. Furthermore, given the particular character of the autonomist movements across the border, the Italian Nationalist begun quite early to rely on a summary identification of \"Slav\" and \"Socialist\"; in turn analogous to the old one of \"*clericali*\" and \"*austriacanti*\" within the region of Trent. \n\nThe pairing and overlapping of these different themes \u2013 regardless of their internal consistency \u2013 often had the result of contributing a greater degree of \u201clegitimacy\u201d to the whole discourse. A process, this one, which had already begun with the growth of \u201cscientific racism\u201d during the second half of the XIX Century; originally envisioned \u2013 more or less \u2013 to provide an interpretation of the many \u201cdifferent\u201d human groups (and especially an interpretation which explained the superiority of white Europeans), they soon begun to be incorporated within the local \u201cnational\u201d or \u201cethnic\u201d narratives, as a mean to legitimize certain territorial or political claims, or to delegitimize a \u201ccontestant\u201d group. It's rather telling that Americans and British alike appeared quite often shocked by the character of the memorandums submitted at the Peace Conference in order to support the revendications of the \u201clesser\u201d nations, even if those for the most part presented a softened and embellished version of the most virulent nationalistic takes. \n\nBy the end of the Great War, there was certainly a substantial enough amount of literature that anyone could cobble together the project of an \u201cideal\u201d community, where the \u201cother\u201d had been either removed, or redeemed, or persuaded to accept its inherent inferiority; a project justified accordingly, on the grounds of biological as well as cultural elements. This spread of new forms of nationalism accompanied \u2013 and was in part a consequence \u2013 of the crisis of the more \u201cenlightened\u201d nationalism of early XIX Century (the one which, in Italy, found its more complete formulation in Mancini's doctrine of \u201cthe nation as foundation of international right\u201d), where the liberation of the oppressed nationalities was seen, not only as a precondition to, but as a condition sufficient for the peaceful coexistence of the European peoples. \n\nThe growing \u2013 at times scathing \u2013 criticism of this kind of \u201cpositive\u201d optimism, and its replacement with an aggressive interpretation of the nation as the highest organism of social organization, destined to transfer social and political struggle into the ultimate, extreme struggle of the nations at war for the limited resources of a narrowing world, are both generally regarded as fundamental traits in the development of \u201cgeneric fascism\u201d (see for instance Gentile and Sternhell). The Great War \u2013 both with its radicalization impact and with its negative economical and social consequences \u2013 often made the perspective of forms of integration and peaceful coexistence appear more remote, adding a further layer the the eliminationist discourse with the prominent trope of the \u201cinternal enemy\u201d, accused of spreading the \u201cBolshevik infection\u201d, and with the various recriminations over the outcome of the conflict.", "edited": false, "downs": 0, "author_flair_css_class": null, "is_submitter": false, "collapsed": false, "author_flair_richtext": [{"e": "text", "t": "Mussolini and Italian Fascism"}], "author_patreon_flair": false, "body_html": "&lt;div class=\"md\"&gt;&lt;p&gt;In creating a typological classification, one should be always wary of sacrificing that degree of nuance that helps providing a better account of the \u201creality\u201d of the historical phenomenon under examination. &lt;/p&gt;\n\n&lt;p&gt;It is \u2013 broadly speaking (see, for instance, De Felice, who held this difference as a paramount one) \u2013 true that Italian Fascism and German National Socialism differed in so far as the one principle they recognized at the foundation of their collective: that such principle was \u201cethnic-racial\u201d for the latter (most times identified with the ethnic-spiritual community of the people, the &lt;em&gt;Volk&lt;/em&gt;) and more \u201ccultural-political\u201d for the former (the supreme form of the organization of the productive forces of the Nation in their historical form, the State). And consequently, that they differed in so far as the principle they recognized as foundational in their exclusionary and eliminationist campaigns. Yet, it&amp;#39;s worth keeping in mind that both those \u201cideal-types\u201d are part of a process of self-representation. They are the idealized form of the Fascist and National Socialist regimes, according to their own interpretation of reality. In which sense, they are neither an exact copy of the reality of the Italian and German societies, nor the exact translation of a political project, nor the direct result of underlying structural impulses. &lt;/p&gt;\n\n&lt;p&gt;You appear to draw a rather neat distinction between \u201cracial\u201d and \u201ccivic\u201d nationalism. Whether the distinction is a legitimate one is not really for me to say, as the latter doesn&amp;#39;t appear \u2013 at least from my perspective \u2013 to be pertinent to the Fascist project at all. Italian Fascism actively pursued a form of \u201cintegration\u201d through cultural subordination \u2013 i.e. an integration based on the various \u201cinferior\u201d cultural and linguistic, but racial as well, subgroups becoming aware (and therefore accepting) of their inherent subordination to the Italian type. This pattern was reproduced in many different formulations: from the \u201ccultural\u201d inferiority of the Slovene and Croat populations (the \u201clesser\u201d Slavs, unable to forge their own culture or religion, unlike the Czechs) destined to turn into Italians as soon as they learned the language, to the obviously \u201cracial\u201d inferiority of the \u201cCamites\u201d, the African subjects of the newly formed Italian Empire, to the \u201cJewish blood\u201d allegedly being so much weaker than the Italian one, that even \u201cmixed-bloods\u201d could be redeemed thanks to the stronger Italian stock. &lt;/p&gt;\n\n&lt;p&gt;What you describe \u2013 rather than resembling Italian Fascism \u2013 is closer to what, at least in European context, is usually referred to as \u201cnativism\u201d; a phenomenon which has become more prevalent within far-right movements since... the late 1990s. As such, I can&amp;#39;t really discuss it in detail here, but it suffices to say that neither Italy nor Germany in the 1930s had major immigration issues to justify that sort of \u201cresistance\u201d against integration. Rather, different - \u201cindigenous\u201d - forms of \u201ccontestant other\u201d arose from within, among groups whose citizenship (whose ontological belonging to the \u201ccommunity\u201d) was first violently challenged and then systematically erased. &lt;/p&gt;\n\n&lt;p&gt;Various elements \u2013 not last the particular virulence of the \u201cracial\u201d interpretation of \u201cbelonging\u201d in Nazi Germany \u2013 contributed to the National Socialist regime taking a sort of \u201cmoral leadership\u201d in the European eliminationist and genocidal mobilization of the 1940s; but the process was a rather articulate one, where each \u201cnational\u201d group could identify different \u201cothers\u201d and persecute them according to their own, particular, blend of racial, religious and cultural elements. The eliminationist zeal of Codreanu or Pavelic \u2013 to cite two well known examples \u2013 was no second to Hitler&amp;#39;s; and each justified both the exclusion and persecution of \u201cenemies\u201d within, and the \u201credemption\u201d of the members of the ideal community still subject to other nations (with the necessary cleansing of the \u201cenemy\u201d outside), according to historical, cultural, biological and social elements. &lt;/p&gt;\n\n&lt;p&gt;If one examines in some detail the development of an \u201celiminationist discourse\u201d during the 1920s and 1930s, there is a remarkable degree of permeability between different \u201careas of meaning\u201d. Biological racism frequently integrates cultural or social considerations (the persecution of the Romani would be a prominent example). Indeed, political elements became entangled with the former as well. For a much wider examination than the one I can provide, see: Kallis, A. - &lt;em&gt;Genocide and Fascism: The Eliminationist Drive in Fascist Europe&lt;/em&gt;. But, even limitedly to one example I am more familiar with \u2013 that of Istria and Venezia-Giulia \u2013 you have a distinct overlap between ethnic, cultural and political connotations. Italian Nationalists (Federzoni) distinguished between &amp;quot;true&amp;quot; Croats \u2013 self-conscious and in possession of a cultural identity \u2013 and the much larger mass, at times identified with the linguistic group of the &lt;em&gt;morlacchi&lt;/em&gt;, of former Venetian subjects who had lost their full Italian character due to moving out of the cities (hence adopting a more primitive, &amp;quot;Slavic&amp;quot; lifestyle), intermixing with resettled Slavs and Croats, and due to the &amp;quot;de-Italianization&amp;quot; campaigns of the Austro-Hungarian authorities. Of course, Croat nationalists by and large reversed these exact same arguments, proposing the &amp;quot;rural&amp;quot; identity as a &amp;quot;truer&amp;quot;, more &amp;quot;identitarian&amp;quot; form of community, than the &amp;quot;merchant&amp;quot; life of the coast town once dominated by the Venetians. Furthermore, given the particular character of the autonomist movements across the border, the Italian Nationalist begun quite early to rely on a summary identification of &amp;quot;Slav&amp;quot; and &amp;quot;Socialist&amp;quot;; in turn analogous to the old one of &amp;quot;&lt;em&gt;clericali&lt;/em&gt;&amp;quot; and &amp;quot;&lt;em&gt;austriacanti&lt;/em&gt;&amp;quot; within the region of Trent. &lt;/p&gt;\n\n&lt;p&gt;The pairing and overlapping of these different themes \u2013 regardless of their internal consistency \u2013 often had the result of contributing a greater degree of \u201clegitimacy\u201d to the whole discourse. A process, this one, which had already begun with the growth of \u201cscientific racism\u201d during the second half of the XIX Century; originally envisioned \u2013 more or less \u2013 to provide an interpretation of the many \u201cdifferent\u201d human groups (and especially an interpretation which explained the superiority of white Europeans), they soon begun to be incorporated within the local \u201cnational\u201d or \u201cethnic\u201d narratives, as a mean to legitimize certain territorial or political claims, or to delegitimize a \u201ccontestant\u201d group. It&amp;#39;s rather telling that Americans and British alike appeared quite often shocked by the character of the memorandums submitted at the Peace Conference in order to support the revendications of the \u201clesser\u201d nations, even if those for the most part presented a softened and embellished version of the most virulent nationalistic takes. &lt;/p&gt;\n\n&lt;p&gt;By the end of the Great War, there was certainly a substantial enough amount of literature that anyone could cobble together the project of an \u201cideal\u201d community, where the \u201cother\u201d had been either removed, or redeemed, or persuaded to accept its inherent inferiority; a project justified accordingly, on the grounds of biological as well as cultural elements. This spread of new forms of nationalism accompanied \u2013 and was in part a consequence \u2013 of the crisis of the more \u201cenlightened\u201d nationalism of early XIX Century (the one which, in Italy, found its more complete formulation in Mancini&amp;#39;s doctrine of \u201cthe nation as foundation of international right\u201d), where the liberation of the oppressed nationalities was seen, not only as a precondition to, but as a condition sufficient for the peaceful coexistence of the European peoples. &lt;/p&gt;\n\n&lt;p&gt;The growing \u2013 at times scathing \u2013 criticism of this kind of \u201cpositive\u201d optimism, and its replacement with an aggressive interpretation of the nation as the highest organism of social organization, destined to transfer social and political struggle into the ultimate, extreme struggle of the nations at war for the limited resources of a narrowing world, are both generally regarded as fundamental traits in the development of \u201cgeneric fascism\u201d (see for instance Gentile and Sternhell). The Great War \u2013 both with its radicalization impact and with its negative economical and social consequences \u2013 often made the perspective of forms of integration and peaceful coexistence appear more remote, adding a further layer the the eliminationist discourse with the prominent trope of the \u201cinternal enemy\u201d, accused of spreading the \u201cBolshevik infection\u201d, and with the various recriminations over the outcome of the conflict.&lt;/p&gt;\n&lt;/div&gt;", "gildings": {}, "collapsed_reason": null, "associated_award": null, "stickied": false, "author_premium": false, "subreddit_type": "public", "can_gild": true, "top_awarded_type": null, "author_flair_text_color": "light", "score_hidden": false, "permalink": "/r/AskHistorians/comments/j373pj/is_it_correct_to_say_that_classical/g7cavmr/", "num_reports": null, "locked": false, "name": "t1_g7cavmr", "created": 1601622243.0, "subreddit": "AskHistorians", "author_flair_text": "Mussolini and Italian Fascism", "treatment_tags": [], "created_utc": 1601593443.0, "subreddit_name_prefixed": "r/AskHistorians", "controversiality": 0, "depth": 0, "author_flair_background_color": "#003399", "collapsed_because_crowd_control": null, "mod_reports": [], "mod_note": null, "distinguished": null}}], "after": null, "before": null}}]