[{"kind": "Listing", "data": {"modhash": "", "dist": 1, "children": [{"kind": "t3", "data": {"approved_at_utc": null, "subreddit": "AskHistorians", "selftext": "", "user_reports": [], "saved": false, "mod_reason_title": null, "gilded": 0, "clicked": false, "title": "I am a 10 yr old farm boy in medieval Scandinavia. What games do I play with my siblings during the long cold winter?", "link_flair_richtext": [], "subreddit_name_prefixed": "r/AskHistorians", "hidden": false, "pwls": 6, "link_flair_css_class": null, "downs": 0, "parent_whitelist_status": "all_ads", "hide_score": false, "name": "t3_eijb4p", "quarantine": false, "link_flair_text_color": "dark", "upvote_ratio": 0.82, "author_flair_background_color": null, "subreddit_type": "public", "ups": 91, "total_awards_received": 0, "media_embed": {}, "author_flair_template_id": null, "is_original_content": false, "author_fullname": "t2_wy6nt", "secure_media": null, "is_reddit_media_domain": false, "is_meta": false, "category": null, "secure_media_embed": {}, "link_flair_text": null, "can_mod_post": false, "num_duplicates": 1, "approved_by": null, "author_premium": false, "thumbnail": "", "edited": false, "author_flair_css_class": null, "author_flair_richtext": [], "gildings": {}, "content_categories": null, "is_self": true, "mod_note": null, "created": 1577920420.0, "link_flair_type": "text", "wls": 6, "removed_by_category": null, "banned_by": null, "author_flair_type": "text", "domain": "self.AskHistorians", "allow_live_comments": false, "selftext_html": null, "likes": null, "suggested_sort": null, "banned_at_utc": null, "view_count": null, "archived": false, "score": 91, "no_follow": false, "is_crosspostable": false, "pinned": false, "over_18": false, "all_awardings": [], "awarders": [], "media_only": false, "can_gild": false, "spoiler": false, "locked": false, "author_flair_text": null, "visited": false, "removed_by": null, "num_reports": null, "distinguished": null, "subreddit_id": "t5_2ssp3", "mod_reason_by": null, "removal_reason": null, "link_flair_background_color": "", "id": "eijb4p", "is_robot_indexable": true, "report_reasons": null, "author": "megalithicman", "discussion_type": null, "num_comments": 5, "send_replies": true, "media": null, "contest_mode": false, "author_patreon_flair": false, "author_flair_text_color": null, "permalink": "/r/AskHistorians/comments/eijb4p/i_am_a_10_yr_old_farm_boy_in_medieval_scandinavia/", "whitelist_status": "all_ads", "stickied": false, "url": "https://www.reddit.com/r/AskHistorians/comments/eijb4p/i_am_a_10_yr_old_farm_boy_in_medieval_scandinavia/", "subreddit_subscribers": 1080050, "created_utc": 1577891620.0, "num_crossposts": 0, "mod_reports": [], "is_video": false}}], "after": null, "before": null}}, {"kind": "Listing", "data": {"modhash": "", "dist": null, "children": [{"kind": "t1", "data": {"total_awards_received": 0, "approved_at_utc": null, "ups": 1, "awarders": [], "mod_reason_by": null, "banned_by": null, "author_flair_type": "richtext", "removal_reason": null, "link_id": "t3_eijb4p", "author_flair_template_id": "9e641f94-c626-11e2-8e2c-12313b0b21ae", "likes": null, "replies": "", "user_reports": [], "saved": false, "id": "fcqspuy", "banned_at_utc": null, "mod_reason_title": null, "gilded": 0, "archived": false, "no_follow": true, "author": "AutoModerator", "can_mod_post": false, "send_replies": false, "parent_id": "t3_eijb4p", "score": 1, "author_fullname": "t2_6l4z3", "report_reasons": null, "approved_by": null, "all_awardings": [], "subreddit_id": "t5_2ssp3", "body": "Welcome to /r/AskHistorians. **Please [Read Our Rules](https://www.reddit.com/r/AskHistorians/wiki/rules) before you comment in this community**. Understand that rule breaking comments get removed.\n\nWe thank you for your interest in this *question*, and your patience in waiting for an in-depth and comprehensive answer to be written, which takes time. Please consider **[Clicking Here for RemindMeBot](https://www.reddit.com/message/compose/?to=RemindMeBot&amp;subject=Reminder&amp;message=%5Bhttps://www.reddit.com/r/AskHistorians/comments/eijb4p/i_am_a_10_yr_old_farm_boy_in_medieval_scandinavia/%5D%0A%0ARemindMe!%202%20days)**, [using our Browser Extension](https://www.reddit.com/r/AskHistorians/comments/d6dzi7/tired_of_clicking_to_find_only_removed_comments/), or getting the [Weekly Roundup](https://www.reddit.com/message/compose?to=subredditsummarybot&amp;subject=askhistorians+weekly&amp;message=x). In the meantime our [Twitter](https://twitter.com/askhistorians), [Facebook](https://www.facebook.com/askhistorians/), and [Sunday Digest](https://www.reddit.com/r/AskHistorians/search?q=title%3A%22Sunday+Digest%22&amp;restrict_sr=on&amp;sort=new&amp;t=all) feature excellent content that has already been written!\n\n\n*I am a bot, and this action was performed automatically. Please [contact the moderators of this subreddit](/message/compose/?to=/r/AskHistorians) if you have any questions or concerns.*", "edited": false, "author_flair_css_class": "moderator", "is_submitter": false, "downs": 0, "author_flair_richtext": [{"e": "text", "t": "History of Robotics"}], "author_patreon_flair": false, "body_html": "&lt;div class=\"md\"&gt;&lt;p&gt;Welcome to &lt;a href=\"/r/AskHistorians\"&gt;/r/AskHistorians&lt;/a&gt;. &lt;strong&gt;Please &lt;a href=\"https://www.reddit.com/r/AskHistorians/wiki/rules\"&gt;Read Our Rules&lt;/a&gt; before you comment in this community&lt;/strong&gt;. Understand that rule breaking comments get removed.&lt;/p&gt;\n\n&lt;p&gt;We thank you for your interest in this &lt;em&gt;question&lt;/em&gt;, and your patience in waiting for an in-depth and comprehensive answer to be written, which takes time. Please consider &lt;strong&gt;&lt;a href=\"https://www.reddit.com/message/compose/?to=RemindMeBot&amp;amp;subject=Reminder&amp;amp;message=%5Bhttps://www.reddit.com/r/AskHistorians/comments/eijb4p/i_am_a_10_yr_old_farm_boy_in_medieval_scandinavia/%5D%0A%0ARemindMe!%202%20days\"&gt;Clicking Here for RemindMeBot&lt;/a&gt;&lt;/strong&gt;, &lt;a href=\"https://www.reddit.com/r/AskHistorians/comments/d6dzi7/tired_of_clicking_to_find_only_removed_comments/\"&gt;using our Browser Extension&lt;/a&gt;, or getting the &lt;a href=\"https://www.reddit.com/message/compose?to=subredditsummarybot&amp;amp;subject=askhistorians+weekly&amp;amp;message=x\"&gt;Weekly Roundup&lt;/a&gt;. In the meantime our &lt;a href=\"https://twitter.com/askhistorians\"&gt;Twitter&lt;/a&gt;, &lt;a href=\"https://www.facebook.com/askhistorians/\"&gt;Facebook&lt;/a&gt;, and &lt;a href=\"https://www.reddit.com/r/AskHistorians/search?q=title%3A%22Sunday+Digest%22&amp;amp;restrict_sr=on&amp;amp;sort=new&amp;amp;t=all\"&gt;Sunday Digest&lt;/a&gt; feature excellent content that has already been written!&lt;/p&gt;\n\n&lt;p&gt;&lt;em&gt;I am a bot, and this action was performed automatically. Please &lt;a href=\"/message/compose/?to=/r/AskHistorians\"&gt;contact the moderators of this subreddit&lt;/a&gt; if you have any questions or concerns.&lt;/em&gt;&lt;/p&gt;\n&lt;/div&gt;", "gildings": {}, "collapsed_reason": null, "associated_award": null, "stickied": true, "author_premium": true, "subreddit_type": "public", "can_gild": true, "subreddit": "AskHistorians", "author_flair_text_color": "light", "score_hidden": true, "permalink": "/r/AskHistorians/comments/eijb4p/i_am_a_10_yr_old_farm_boy_in_medieval_scandinavia/fcqspuy/", "num_reports": null, "locked": true, "name": "t1_fcqspuy", "created": 1577920420.0, "author_flair_text": "History of Robotics", "collapsed": false, "created_utc": 1577891620.0, "subreddit_name_prefixed": "r/AskHistorians", "controversiality": 0, "depth": 0, "author_flair_background_color": "#8b008b", "collapsed_because_crowd_control": null, "mod_reports": [], "mod_note": null, "distinguished": "moderator"}}, {"kind": "t1", "data": {"total_awards_received": 0, "approved_at_utc": null, "ups": 3, "awarders": [], "mod_reason_by": null, "banned_by": null, "removal_reason": null, "link_id": "t3_eijb4p", "author_flair_template_id": null, "likes": null, "no_follow": true, "replies": {"kind": "Listing", "data": {"modhash": "", "dist": null, "children": [{"kind": "t1", "data": {"total_awards_received": 0, "approved_at_utc": null, "ups": 1, "awarders": [], "mod_reason_by": null, "banned_by": null, "author_flair_type": "richtext", "removal_reason": null, "link_id": "t3_eijb4p", "author_flair_template_id": "7197d816-c626-11e2-b2cc-12313b0b21ae", "likes": null, "replies": "", "user_reports": [], "saved": false, "id": "fcu6fu4", "banned_at_utc": null, "mod_reason_title": null, "gilded": 0, "archived": false, "no_follow": true, "author": "UrAccountabilibuddy", "can_mod_post": false, "send_replies": true, "parent_id": "t1_fctt05c", "score": 1, "author_fullname": "t2_bvmqy", "report_reasons": null, "approved_by": null, "all_awardings": [], "subreddit_id": "t5_2ssp3", "body": "Sorry, but we have removed your response, as we expect answers in this subreddit to be [in-depth and comprehensive](https://www.reddit.com/r/AskHistorians/comments/1jsabs/what_it_means_to_post_a_good_answer_in/), and to demonstrate a familiarity with the [current, academic understanding](https://www.reddit.com/r/AskHistorians/wiki/rules#wiki_sources). Positing what seems 'reasonable' or otherwise speculating without a firm grounding in the current academic literature is not the basis for an answer here, as addressed in [this Rules Roundtable](https://www.reddit.com/r/AskHistorians/comments/4kngwh/rules_roundtable_no_11_no_speculation/). Before contributing again, please take the time to better familiarize yourself with [the rules](http://www.reddit.com/r/AskHistorians/wiki/rules#wiki_write_an_in-depth_answer), as well as our expectations for an answer such as featured on [Twitter](http://www.twitter.com/askhistorians) or in the [Sunday Digest](http://www.reddit.com/r/AskHistorians/search?q=title%3A%22Sunday+Digest%22&amp;restrict_sr=on&amp;sort=new&amp;t=all).", "edited": false, "author_flair_css_class": "northamerica", "is_submitter": false, "downs": 0, "author_flair_richtext": [{"e": "text", "t": "Moderator | History of Education"}], "author_patreon_flair": false, "body_html": "&lt;div class=\"md\"&gt;&lt;p&gt;Sorry, but we have removed your response, as we expect answers in this subreddit to be &lt;a href=\"https://www.reddit.com/r/AskHistorians/comments/1jsabs/what_it_means_to_post_a_good_answer_in/\"&gt;in-depth and comprehensive&lt;/a&gt;, and to demonstrate a familiarity with the &lt;a href=\"https://www.reddit.com/r/AskHistorians/wiki/rules#wiki_sources\"&gt;current, academic understanding&lt;/a&gt;. Positing what seems &amp;#39;reasonable&amp;#39; or otherwise speculating without a firm grounding in the current academic literature is not the basis for an answer here, as addressed in &lt;a href=\"https://www.reddit.com/r/AskHistorians/comments/4kngwh/rules_roundtable_no_11_no_speculation/\"&gt;this Rules Roundtable&lt;/a&gt;. Before contributing again, please take the time to better familiarize yourself with &lt;a href=\"http://www.reddit.com/r/AskHistorians/wiki/rules#wiki_write_an_in-depth_answer\"&gt;the rules&lt;/a&gt;, as well as our expectations for an answer such as featured on &lt;a href=\"http://www.twitter.com/askhistorians\"&gt;Twitter&lt;/a&gt; or in the &lt;a href=\"http://www.reddit.com/r/AskHistorians/search?q=title%3A%22Sunday+Digest%22&amp;amp;restrict_sr=on&amp;amp;sort=new&amp;amp;t=all\"&gt;Sunday Digest&lt;/a&gt;.&lt;/p&gt;\n&lt;/div&gt;", "gildings": {}, "collapsed_reason": null, "associated_award": null, "stickied": false, "author_premium": false, "subreddit_type": "public", "can_gild": true, "subreddit": "AskHistorians", "author_flair_text_color": "light", "score_hidden": false, "permalink": "/r/AskHistorians/comments/eijb4p/i_am_a_10_yr_old_farm_boy_in_medieval_scandinavia/fcu6fu4/", "num_reports": null, "locked": false, "name": "t1_fcu6fu4", "created": 1578002488.0, "author_flair_text": "Moderator | History of Education", "collapsed": false, "created_utc": 1577973688.0, "subreddit_name_prefixed": "r/AskHistorians", "controversiality": 0, "depth": 1, "author_flair_background_color": "#ff3300", "collapsed_because_crowd_control": null, "mod_reports": [], "mod_note": null, "distinguished": "moderator"}}], "after": null, "before": null}}, "user_reports": [], "saved": false, "id": "fctt05c", "banned_at_utc": null, "mod_reason_title": null, "gilded": 0, "archived": false, "report_reasons": null, "author": "[deleted]", "can_mod_post": false, "send_replies": true, "parent_id": "t3_eijb4p", "score": 3, "approved_by": null, "all_awardings": [], "subreddit_id": "t5_2ssp3", "body": "[removed]", "edited": false, "author_flair_css_class": null, "downs": 0, "is_submitter": false, "body_html": "&lt;div class=\"md\"&gt;&lt;p&gt;[removed]&lt;/p&gt;\n&lt;/div&gt;", "gildings": {}, "collapsed_reason": null, "associated_award": null, "stickied": false, "subreddit_type": "public", "can_gild": true, "subreddit": "AskHistorians", "author_flair_text_color": "dark", "score_hidden": false, "permalink": "/r/AskHistorians/comments/eijb4p/i_am_a_10_yr_old_farm_boy_in_medieval_scandinavia/fctt05c/", "num_reports": null, "locked": false, "name": "t1_fctt05c", "created": 1577986755.0, "author_flair_text": null, "collapsed": false, "created_utc": 1577957955.0, "subreddit_name_prefixed": "r/AskHistorians", "controversiality": 0, "depth": 0, "author_flair_background_color": "", "collapsed_because_crowd_control": null, "mod_reports": [], "mod_note": null, "distinguished": null}}, {"kind": "t1", "data": {"total_awards_received": 0, "approved_at_utc": null, "ups": 2, "awarders": [], "mod_reason_by": null, "banned_by": null, "removal_reason": null, "link_id": "t3_eijb4p", "author_flair_template_id": null, "likes": null, "no_follow": true, "replies": {"kind": "Listing", "data": {"modhash": "", "dist": null, "children": [{"kind": "t1", "data": {"total_awards_received": 0, "approved_at_utc": null, "ups": 2, "awarders": [], "mod_reason_by": null, "banned_by": null, "author_flair_type": "richtext", "removal_reason": null, "link_id": "t3_eijb4p", "author_flair_template_id": "86beef9a-c626-11e2-ad9b-12313d18884c", "likes": null, "replies": "", "user_reports": [], "saved": false, "id": "fcs3nwp", "banned_at_utc": null, "mod_reason_title": null, "gilded": 0, "archived": false, "no_follow": true, "author": "Hergrim", "can_mod_post": false, "send_replies": true, "parent_id": "t1_fcs0p50", "score": 2, "author_fullname": "t2_i6kyb", "report_reasons": null, "approved_by": null, "all_awardings": [], "subreddit_id": "t5_2ssp3", "body": "We've removed your post for the moment because it's not currently at our standards, but it definitely has the potential to fit within our rules with some work. We find that some answers that fall short of our standards can be successfully revised by considering the following questions, not all of which necessarily apply here:\n\n* *Do you actually address the question asked by OP?* Sometimes answers get removed not because they fail to meet our standards, but because they don't get at what the OP is asking. If the question itself is flawed, you need to explain why, and how your answer addresses the underlying issues at hand.\n\n* *What are the sources for your claims?* Sources aren't strictly necessary on /r/AskHistorians but the inclusion of sources is helpful for evaluating your knowledge base. If we can see that your answer is influenced by up-to-date academic secondary sources, it gives us more confidence in your answer and allows users to check where your ideas are coming from.\n\n* *What level of detail do you go into about events?* Often it's hard to do justice to even seemingly simple subjects in a paragraph or two, and on /r/AskHistorians, the basics need to be explained within historical context, to avoid misleading intelligent but non-specialist readers.  In many cases, it's worth providing a broader historical framework, giving more of a sense of not just what happened, but why.\n\n* *Do you downplay or ignore legitimate historical debate on the topic matter?* There is often more than one plausible interpretation of the historical record. While you might have your own views on which interpretation is correct, answers can often be improved by acknowledging alternative explanations from other scholars.\n\nIf/when you edit your answer, [please reach out via modmail](http://www.reddit.com/message/compose?to=%2Fr%2FAskHistorians) so we can re-evaluate it! We also welcome your getting in touch if you're unsure about how to improve your answer.", "edited": false, "author_flair_css_class": "military", "is_submitter": false, "downs": 0, "author_flair_richtext": [{"e": "text", "t": "Moderator | Medieval Warfare | Logistics and Equipment"}], "author_patreon_flair": false, "body_html": "&lt;div class=\"md\"&gt;&lt;p&gt;We&amp;#39;ve removed your post for the moment because it&amp;#39;s not currently at our standards, but it definitely has the potential to fit within our rules with some work. We find that some answers that fall short of our standards can be successfully revised by considering the following questions, not all of which necessarily apply here:&lt;/p&gt;\n\n&lt;ul&gt;\n&lt;li&gt;&lt;p&gt;&lt;em&gt;Do you actually address the question asked by OP?&lt;/em&gt; Sometimes answers get removed not because they fail to meet our standards, but because they don&amp;#39;t get at what the OP is asking. If the question itself is flawed, you need to explain why, and how your answer addresses the underlying issues at hand.&lt;/p&gt;&lt;/li&gt;\n&lt;li&gt;&lt;p&gt;&lt;em&gt;What are the sources for your claims?&lt;/em&gt; Sources aren&amp;#39;t strictly necessary on &lt;a href=\"/r/AskHistorians\"&gt;/r/AskHistorians&lt;/a&gt; but the inclusion of sources is helpful for evaluating your knowledge base. If we can see that your answer is influenced by up-to-date academic secondary sources, it gives us more confidence in your answer and allows users to check where your ideas are coming from.&lt;/p&gt;&lt;/li&gt;\n&lt;li&gt;&lt;p&gt;&lt;em&gt;What level of detail do you go into about events?&lt;/em&gt; Often it&amp;#39;s hard to do justice to even seemingly simple subjects in a paragraph or two, and on &lt;a href=\"/r/AskHistorians\"&gt;/r/AskHistorians&lt;/a&gt;, the basics need to be explained within historical context, to avoid misleading intelligent but non-specialist readers.  In many cases, it&amp;#39;s worth providing a broader historical framework, giving more of a sense of not just what happened, but why.&lt;/p&gt;&lt;/li&gt;\n&lt;li&gt;&lt;p&gt;&lt;em&gt;Do you downplay or ignore legitimate historical debate on the topic matter?&lt;/em&gt; There is often more than one plausible interpretation of the historical record. While you might have your own views on which interpretation is correct, answers can often be improved by acknowledging alternative explanations from other scholars.&lt;/p&gt;&lt;/li&gt;\n&lt;/ul&gt;\n\n&lt;p&gt;If/when you edit your answer, &lt;a href=\"http://www.reddit.com/message/compose?to=%2Fr%2FAskHistorians\"&gt;please reach out via modmail&lt;/a&gt; so we can re-evaluate it! We also welcome your getting in touch if you&amp;#39;re unsure about how to improve your answer.&lt;/p&gt;\n&lt;/div&gt;", "gildings": {}, "collapsed_reason": null, "associated_award": null, "stickied": false, "author_premium": true, "subreddit_type": "public", "can_gild": true, "subreddit": "AskHistorians", "author_flair_text_color": "light", "score_hidden": false, "permalink": "/r/AskHistorians/comments/eijb4p/i_am_a_10_yr_old_farm_boy_in_medieval_scandinavia/fcs3nwp/", "num_reports": null, "locked": false, "name": "t1_fcs3nwp", "created": 1577939792.0, "author_flair_text": "Moderator | Medieval Warfare | Logistics and Equipment", "collapsed": false, "created_utc": 1577910992.0, "subreddit_name_prefixed": "r/AskHistorians", "controversiality": 0, "depth": 1, "author_flair_background_color": "#006600", "collapsed_because_crowd_control": null, "mod_reports": [], "mod_note": null, "distinguished": "moderator"}}], "after": null, "before": null}}, "user_reports": [], "saved": false, "id": "fcs0p50", "banned_at_utc": null, "mod_reason_title": null, "gilded": 0, "archived": false, "report_reasons": null, "author": "[deleted]", "can_mod_post": false, "send_replies": true, "parent_id": "t3_eijb4p", "score": 2, "approved_by": null, "all_awardings": [], "subreddit_id": "t5_2ssp3", "body": "[removed]", "edited": false, "author_flair_css_class": null, "downs": 0, "is_submitter": false, "body_html": "&lt;div class=\"md\"&gt;&lt;p&gt;[removed]&lt;/p&gt;\n&lt;/div&gt;", "gildings": {}, "collapsed_reason": null, "associated_award": null, "stickied": false, "subreddit_type": "public", "can_gild": true, "subreddit": "AskHistorians", "author_flair_text_color": "dark", "score_hidden": false, "permalink": "/r/AskHistorians/comments/eijb4p/i_am_a_10_yr_old_farm_boy_in_medieval_scandinavia/fcs0p50/", "num_reports": null, "locked": false, "name": "t1_fcs0p50", "created": 1577938367.0, "author_flair_text": null, "collapsed": false, "created_utc": 1577909567.0, "subreddit_name_prefixed": "r/AskHistorians", "controversiality": 0, "depth": 0, "author_flair_background_color": "", "collapsed_because_crowd_control": null, "mod_reports": [], "mod_note": null, "distinguished": null}}, {"kind": "t1", "data": {"total_awards_received": 0, "approved_at_utc": null, "ups": 2, "awarders": [], "mod_reason_by": null, "banned_by": null, "author_flair_type": "richtext", "removal_reason": null, "link_id": "t3_eijb4p", "author_flair_template_id": "7b2f3f40-c626-11e2-9a3e-12313d1841d1", "likes": null, "replies": "", "user_reports": [], "saved": false, "id": "fcw985p", "banned_at_utc": null, "mod_reason_title": null, "gilded": 0, "archived": false, "no_follow": true, "author": "y_sengaku", "can_mod_post": false, "send_replies": true, "parent_id": "t3_eijb4p", "score": 2, "author_fullname": "t2_mdu63", "report_reasons": null, "approved_by": null, "all_awardings": [], "subreddit_id": "t5_2ssp3", "body": "Sorry for not adding any material and responding so late, but I just salvaged my post to the similar question thread from the last winter: https://www.reddit.com/r/AskHistorians/comments/acn71h/how_did_premodern_scandinavians_maintain_their/   \n\nHow far this kind of indoor toys was popular also among the commoner children, as OP asked above, however, is a bit difficult to answer. Dices made of antlers might not have been so expensive, but I suppose it was not so easy for rural children (especially by themselves ) to purchase such a craft goods out of town.  \n\nAlernatively, I wonder whether you and your sibling could enjoy playing with [this kind of wooden toy, found in the abandoned medieval well in Norway a few years ago ](https://norwegianscitechnews.com/2017/02/toy-boat-sailed-seas-time/), also in your house if your parents were so generous to make it and to present to you, together with some bucket......", "edited": false, "author_flair_css_class": "europe", "is_submitter": false, "downs": 0, "author_flair_richtext": [{"e": "text", "t": "Medieval Scandinavia"}], "author_patreon_flair": false, "body_html": "&lt;div class=\"md\"&gt;&lt;p&gt;Sorry for not adding any material and responding so late, but I just salvaged my post to the similar question thread from the last winter: &lt;a href=\"https://www.reddit.com/r/AskHistorians/comments/acn71h/how_did_premodern_scandinavians_maintain_their/\"&gt;https://www.reddit.com/r/AskHistorians/comments/acn71h/how_did_premodern_scandinavians_maintain_their/&lt;/a&gt;   &lt;/p&gt;\n\n&lt;p&gt;How far this kind of indoor toys was popular also among the commoner children, as OP asked above, however, is a bit difficult to answer. Dices made of antlers might not have been so expensive, but I suppose it was not so easy for rural children (especially by themselves ) to purchase such a craft goods out of town.  &lt;/p&gt;\n\n&lt;p&gt;Alernatively, I wonder whether you and your sibling could enjoy playing with &lt;a href=\"https://norwegianscitechnews.com/2017/02/toy-boat-sailed-seas-time/\"&gt;this kind of wooden toy, found in the abandoned medieval well in Norway a few years ago &lt;/a&gt;, also in your house if your parents were so generous to make it and to present to you, together with some bucket......&lt;/p&gt;\n&lt;/div&gt;", "gildings": {}, "collapsed_reason": null, "associated_award": null, "stickied": false, "author_premium": false, "subreddit_type": "public", "can_gild": true, "subreddit": "AskHistorians", "author_flair_text_color": "light", "score_hidden": false, "permalink": "/r/AskHistorians/comments/eijb4p/i_am_a_10_yr_old_farm_boy_in_medieval_scandinavia/fcw985p/", "num_reports": null, "locked": false, "name": "t1_fcw985p", "created": 1578048856.0, "author_flair_text": "Medieval Scandinavia", "collapsed": false, "created_utc": 1578020056.0, "subreddit_name_prefixed": "r/AskHistorians", "controversiality": 0, "depth": 0, "author_flair_background_color": "#003399", "collapsed_because_crowd_control": null, "mod_reports": [], "mod_note": null, "distinguished": null}}], "after": null, "before": null}}]