[{"kind": "Listing", "data": {"modhash": "", "dist": 1, "children": [{"kind": "t3", "data": {"approved_at_utc": null, "subreddit": "AskHistorians", "selftext": "I know that some Chinese visitors, like merchants and maybe students, were allowed to enter the US even under the Chinese Exclusion Act. Similarly, despite the Tokugawa Sh\u014dgunate's policy of barring foreign entry, Dutch merchants were allowed to visit an artificial island in Nagasaki. So did similar policies allow for Jewish visitors to England between Edward I's Edict of Expulsion and Oliver Cromwell's reversal of that policy?", "user_reports": [], "saved": false, "mod_reason_title": null, "gilded": 0, "clicked": false, "title": "Were Jewish merchants allowed to temporarily visit England even when they weren't allowed to live there during the late Middle Ages and the Renaissance?", "link_flair_richtext": [], "subreddit_name_prefixed": "r/AskHistorians", "hidden": false, "pwls": 6, "link_flair_css_class": null, "downs": 0, "parent_whitelist_status": "all_ads", "hide_score": false, "name": "t3_fc5t3m", "quarantine": false, "link_flair_text_color": "dark", "upvote_ratio": 0.96, "author_flair_background_color": null, "subreddit_type": "public", "ups": 20, "total_awards_received": 0, "media_embed": {}, "author_flair_template_id": null, "is_original_content": false, "author_fullname": "t2_1zb17voy", "secure_media": null, "is_reddit_media_domain": false, "is_meta": false, "category": null, "secure_media_embed": {}, "link_flair_text": null, "can_mod_post": false, "num_duplicates": 1, "approved_by": null, "author_premium": false, "thumbnail": "", "edited": false, "author_flair_css_class": null, "author_flair_richtext": [], "gildings": {}, "content_categories": null, "is_self": true, "mod_note": null, "created": 1583148120.0, "link_flair_type": "text", "wls": 6, "removed_by_category": null, "banned_by": null, "author_flair_type": "text", "domain": "self.AskHistorians", "allow_live_comments": false, "selftext_html": "&lt;!-- SC_OFF --&gt;&lt;div class=\"md\"&gt;&lt;p&gt;I know that some Chinese visitors, like merchants and maybe students, were allowed to enter the US even under the Chinese Exclusion Act. Similarly, despite the Tokugawa Sh\u014dgunate&amp;#39;s policy of barring foreign entry, Dutch merchants were allowed to visit an artificial island in Nagasaki. So did similar policies allow for Jewish visitors to England between Edward I&amp;#39;s Edict of Expulsion and Oliver Cromwell&amp;#39;s reversal of that policy?&lt;/p&gt;\n&lt;/div&gt;&lt;!-- SC_ON --&gt;", "likes": null, "suggested_sort": null, "banned_at_utc": null, "view_count": null, "archived": false, "score": 20, "no_follow": false, "is_crosspostable": false, "pinned": false, "over_18": false, "all_awardings": [], "awarders": [], "media_only": false, "can_gild": false, "spoiler": false, "locked": false, "author_flair_text": null, "treatment_tags": [], "visited": false, "removed_by": null, "num_reports": null, "distinguished": null, "subreddit_id": "t5_2ssp3", "mod_reason_by": null, "removal_reason": null, "link_flair_background_color": "", "id": "fc5t3m", "is_robot_indexable": true, "report_reasons": null, "author": "PablomentFanquedelic", "discussion_type": null, "num_comments": 5, "send_replies": true, "media": null, "contest_mode": false, "author_patreon_flair": false, "author_flair_text_color": null, "permalink": "/r/AskHistorians/comments/fc5t3m/were_jewish_merchants_allowed_to_temporarily/", "whitelist_status": "all_ads", "stickied": false, "url": "https://www.reddit.com/r/AskHistorians/comments/fc5t3m/were_jewish_merchants_allowed_to_temporarily/", "subreddit_subscribers": 1162594, "created_utc": 1583119320.0, "num_crossposts": 0, "mod_reports": [], "is_video": false}}], "after": null, "before": null}}, {"kind": "Listing", "data": {"modhash": "", "dist": null, "children": [{"kind": "t1", "data": {"total_awards_received": 0, "approved_at_utc": null, "ups": 1, "awarders": [], "mod_reason_by": null, "banned_by": null, "author_flair_type": "richtext", "removal_reason": null, "link_id": "t3_fc5t3m", "author_flair_template_id": "9e641f94-c626-11e2-8e2c-12313b0b21ae", "likes": null, "replies": "", "user_reports": [], "saved": false, "id": "fj8q1lw", "banned_at_utc": null, "mod_reason_title": null, "gilded": 0, "archived": false, "no_follow": true, "author": "AutoModerator", "can_mod_post": false, "send_replies": false, "parent_id": "t3_fc5t3m", "score": 1, "author_fullname": "t2_6l4z3", "report_reasons": null, "approved_by": null, "all_awardings": [], "subreddit_id": "t5_2ssp3", "body": "Welcome to /r/AskHistorians. **Please [Read Our Rules](https://www.reddit.com/r/AskHistorians/wiki/rules) before you comment in this community**. Understand that rule breaking comments get removed.\n\nWe thank you for your interest in this *question*, and your patience in waiting for an in-depth and comprehensive answer to be written, which takes time. Please consider **[Clicking Here for RemindMeBot](https://www.reddit.com/message/compose/?to=RemindMeBot&amp;subject=Reminder&amp;message=%5Bhttps://www.reddit.com/r/AskHistorians/comments/fc5t3m/were_jewish_merchants_allowed_to_temporarily/%5D%0A%0ARemindMe!%202%20days)**, [using our Browser Extension](https://www.reddit.com/r/AskHistorians/comments/d6dzi7/tired_of_clicking_to_find_only_removed_comments/), or getting the [Weekly Roundup](https://www.reddit.com/message/compose?to=subredditsummarybot&amp;subject=askhistorians+weekly&amp;message=x). In the meantime our [Twitter](https://twitter.com/askhistorians), [Facebook](https://www.facebook.com/askhistorians/), and [Sunday Digest](https://www.reddit.com/r/AskHistorians/search?q=title%3A%22Sunday+Digest%22&amp;restrict_sr=on&amp;sort=new&amp;t=all) feature excellent content that has already been written!\n\n\n*I am a bot, and this action was performed automatically. Please [contact the moderators of this subreddit](/message/compose/?to=/r/AskHistorians) if you have any questions or concerns.*", "edited": false, "downs": 0, "author_flair_css_class": null, "is_submitter": false, "collapsed": false, "author_flair_richtext": [{"e": "text", "t": "History of Robotics"}], "author_patreon_flair": false, "body_html": "&lt;div class=\"md\"&gt;&lt;p&gt;Welcome to &lt;a href=\"/r/AskHistorians\"&gt;/r/AskHistorians&lt;/a&gt;. &lt;strong&gt;Please &lt;a href=\"https://www.reddit.com/r/AskHistorians/wiki/rules\"&gt;Read Our Rules&lt;/a&gt; before you comment in this community&lt;/strong&gt;. Understand that rule breaking comments get removed.&lt;/p&gt;\n\n&lt;p&gt;We thank you for your interest in this &lt;em&gt;question&lt;/em&gt;, and your patience in waiting for an in-depth and comprehensive answer to be written, which takes time. Please consider &lt;strong&gt;&lt;a href=\"https://www.reddit.com/message/compose/?to=RemindMeBot&amp;amp;subject=Reminder&amp;amp;message=%5Bhttps://www.reddit.com/r/AskHistorians/comments/fc5t3m/were_jewish_merchants_allowed_to_temporarily/%5D%0A%0ARemindMe!%202%20days\"&gt;Clicking Here for RemindMeBot&lt;/a&gt;&lt;/strong&gt;, &lt;a href=\"https://www.reddit.com/r/AskHistorians/comments/d6dzi7/tired_of_clicking_to_find_only_removed_comments/\"&gt;using our Browser Extension&lt;/a&gt;, or getting the &lt;a href=\"https://www.reddit.com/message/compose?to=subredditsummarybot&amp;amp;subject=askhistorians+weekly&amp;amp;message=x\"&gt;Weekly Roundup&lt;/a&gt;. In the meantime our &lt;a href=\"https://twitter.com/askhistorians\"&gt;Twitter&lt;/a&gt;, &lt;a href=\"https://www.facebook.com/askhistorians/\"&gt;Facebook&lt;/a&gt;, and &lt;a href=\"https://www.reddit.com/r/AskHistorians/search?q=title%3A%22Sunday+Digest%22&amp;amp;restrict_sr=on&amp;amp;sort=new&amp;amp;t=all\"&gt;Sunday Digest&lt;/a&gt; feature excellent content that has already been written!&lt;/p&gt;\n\n&lt;p&gt;&lt;em&gt;I am a bot, and this action was performed automatically. Please &lt;a href=\"/message/compose/?to=/r/AskHistorians\"&gt;contact the moderators of this subreddit&lt;/a&gt; if you have any questions or concerns.&lt;/em&gt;&lt;/p&gt;\n&lt;/div&gt;", "gildings": {}, "collapsed_reason": null, "associated_award": null, "stickied": true, "author_premium": true, "subreddit_type": "public", "can_gild": true, "subreddit": "AskHistorians", "author_flair_text_color": "light", "score_hidden": true, "permalink": "/r/AskHistorians/comments/fc5t3m/were_jewish_merchants_allowed_to_temporarily/fj8q1lw/", "num_reports": null, "locked": true, "name": "t1_fj8q1lw", "created": 1583148121.0, "author_flair_text": "History of Robotics", "treatment_tags": [], "created_utc": 1583119321.0, "subreddit_name_prefixed": "r/AskHistorians", "controversiality": 0, "depth": 0, "author_flair_background_color": "#993366", "collapsed_because_crowd_control": null, "mod_reports": [], "mod_note": null, "distinguished": "moderator"}}, {"kind": "t1", "data": {"total_awards_received": 0, "approved_at_utc": null, "ups": 6, "awarders": [], "mod_reason_by": null, "banned_by": null, "author_flair_type": "richtext", "removal_reason": null, "link_id": "t3_fc5t3m", "author_flair_template_id": "9e641f94-c626-11e2-8e2c-12313b0b21ae", "likes": null, "replies": {"kind": "Listing", "data": {"modhash": "", "dist": null, "children": [{"kind": "t1", "data": {"total_awards_received": 0, "approved_at_utc": null, "ups": 1, "awarders": [], "mod_reason_by": null, "banned_by": null, "author_flair_type": "text", "removal_reason": null, "link_id": "t3_fc5t3m", "author_flair_template_id": null, "likes": null, "replies": {"kind": "Listing", "data": {"modhash": "", "dist": null, "children": [{"kind": "t1", "data": {"total_awards_received": 0, "approved_at_utc": null, "ups": 2, "awarders": [], "mod_reason_by": null, "banned_by": null, "author_flair_type": "richtext", "removal_reason": null, "link_id": "t3_fc5t3m", "author_flair_template_id": "9e641f94-c626-11e2-8e2c-12313b0b21ae", "likes": null, "replies": {"kind": "Listing", "data": {"modhash": "", "dist": null, "children": [{"kind": "t1", "data": {"total_awards_received": 0, "approved_at_utc": null, "ups": 1, "awarders": [], "mod_reason_by": null, "banned_by": null, "author_flair_type": "text", "removal_reason": null, "link_id": "t3_fc5t3m", "author_flair_template_id": null, "likes": null, "replies": "", "user_reports": [], "saved": false, "id": "fjefbe3", "banned_at_utc": null, "mod_reason_title": null, "gilded": 0, "archived": false, "no_follow": true, "author": "PablomentFanquedelic", "can_mod_post": false, "send_replies": true, "parent_id": "t1_fjecvkm", "score": 1, "author_fullname": "t2_1zb17voy", "report_reasons": null, "approved_by": null, "all_awardings": [], "subreddit_id": "t5_2ssp3", "body": "Hm, I should probably look into that myself.", "edited": false, "downs": 0, "author_flair_css_class": null, "is_submitter": true, "collapsed": false, "author_flair_richtext": [], "author_patreon_flair": false, "body_html": "&lt;div class=\"md\"&gt;&lt;p&gt;Hm, I should probably look into that myself.&lt;/p&gt;\n&lt;/div&gt;", "gildings": {}, "collapsed_reason": null, "associated_award": null, "stickied": false, "author_premium": false, "subreddit_type": "public", "can_gild": true, "subreddit": "AskHistorians", "author_flair_text_color": null, "score_hidden": false, "permalink": "/r/AskHistorians/comments/fc5t3m/were_jewish_merchants_allowed_to_temporarily/fjefbe3/", "num_reports": null, "locked": false, "name": "t1_fjefbe3", "created": 1583299658.0, "author_flair_text": null, "treatment_tags": [], "created_utc": 1583270858.0, "subreddit_name_prefixed": "r/AskHistorians", "controversiality": 0, "depth": 3, "author_flair_background_color": null, "collapsed_because_crowd_control": null, "mod_reports": [], "mod_note": null, "distinguished": null}}], "after": null, "before": null}}, "user_reports": [], "saved": false, "id": "fjecvkm", "banned_at_utc": null, "mod_reason_title": null, "gilded": 0, "archived": false, "no_follow": true, "author": "hannahstohelit", "can_mod_post": false, "created_utc": 1583269524.0, "send_replies": true, "parent_id": "t1_fjb86br", "score": 2, "author_fullname": "t2_nva6pp", "report_reasons": null, "approved_by": null, "all_awardings": [], "subreddit_id": "t5_2ssp3", "body": "Good question as well! To the best of my knowledge, they could, but honestly I don't know if there were specific laws in that regard.", "edited": false, "author_flair_css_class": null, "is_submitter": false, "downs": 0, "author_flair_richtext": [{"e": "text", "t": "Moderator | Modern Jewish History | Judaism in the Americas"}], "author_patreon_flair": false, "body_html": "&lt;div class=\"md\"&gt;&lt;p&gt;Good question as well! To the best of my knowledge, they could, but honestly I don&amp;#39;t know if there were specific laws in that regard.&lt;/p&gt;\n&lt;/div&gt;", "gildings": {}, "collapsed_reason": null, "associated_award": null, "stickied": false, "author_premium": false, "subreddit_type": "public", "can_gild": true, "subreddit": "AskHistorians", "author_flair_text_color": "light", "score_hidden": false, "permalink": "/r/AskHistorians/comments/fc5t3m/were_jewish_merchants_allowed_to_temporarily/fjecvkm/", "num_reports": null, "locked": false, "name": "t1_fjecvkm", "created": 1583298324.0, "author_flair_text": "Moderator | Modern Jewish History | Judaism in the Americas", "treatment_tags": [], "collapsed": false, "subreddit_name_prefixed": "r/AskHistorians", "controversiality": 0, "depth": 2, "author_flair_background_color": "#993366", "collapsed_because_crowd_control": null, "mod_reports": [], "mod_note": null, "distinguished": null}}], "after": null, "before": null}}, "user_reports": [], "saved": false, "id": "fjb86br", "banned_at_utc": null, "mod_reason_title": null, "gilded": 0, "archived": false, "no_follow": true, "author": "PablomentFanquedelic", "can_mod_post": false, "send_replies": true, "parent_id": "t1_fjb7gv5", "score": 1, "author_fullname": "t2_1zb17voy", "report_reasons": null, "approved_by": null, "all_awardings": [], "subreddit_id": "t5_2ssp3", "collapsed": false, "body": "Thanks, that all sounds really interesting! Also, were Jews allowed to *temporarily* set foot in England as part of, say, a mercantile or diplomatic mission from another country (similar to how the USA's Chinese Exclusion Act still allowed Chinese people to visit for trade and the like)?", "edited": false, "author_flair_css_class": null, "is_submitter": true, "downs": 0, "author_flair_richtext": [], "author_patreon_flair": false, "body_html": "&lt;div class=\"md\"&gt;&lt;p&gt;Thanks, that all sounds really interesting! Also, were Jews allowed to &lt;em&gt;temporarily&lt;/em&gt; set foot in England as part of, say, a mercantile or diplomatic mission from another country (similar to how the USA&amp;#39;s Chinese Exclusion Act still allowed Chinese people to visit for trade and the like)?&lt;/p&gt;\n&lt;/div&gt;", "gildings": {}, "collapsed_reason": null, "associated_award": null, "stickied": false, "author_premium": false, "subreddit_type": "public", "can_gild": true, "subreddit": "AskHistorians", "author_flair_text_color": null, "score_hidden": false, "permalink": "/r/AskHistorians/comments/fc5t3m/were_jewish_merchants_allowed_to_temporarily/fjb86br/", "num_reports": null, "locked": false, "name": "t1_fjb86br", "created": 1583217215.0, "author_flair_text": null, "treatment_tags": [], "created_utc": 1583188415.0, "subreddit_name_prefixed": "r/AskHistorians", "controversiality": 0, "depth": 1, "author_flair_background_color": null, "collapsed_because_crowd_control": null, "mod_reports": [], "mod_note": null, "distinguished": null}}], "after": null, "before": null}}, "user_reports": [], "saved": false, "id": "fjb7gv5", "banned_at_utc": null, "mod_reason_title": null, "gilded": 0, "archived": false, "no_follow": false, "author": "hannahstohelit", "can_mod_post": false, "send_replies": true, "parent_id": "t3_fc5t3m", "score": 6, "author_fullname": "t2_nva6pp", "report_reasons": null, "approved_by": null, "all_awardings": [], "subreddit_id": "t5_2ssp3", "body": "Great question!\n\nYou have good instincts asking it, because it's true, Jews definitely trickled in and out of England over time. That said, most of the time they were converts to Christianity who were maintaining their Judaism in secret, as I discuss in [this comment](https://www.reddit.com/r/AskHistorians/comments/8gvngd/what_law_permitted_the_jews_back_to_englanduk/dypw6kp?utm_source=share&amp;utm_medium=web2x). While their Judaism was an open secret in many cases, the fiction of their being Christian still had to be maintained. Such hidden Jews sometimes made it to high places, sometimes with tragic results; Roderigo Lopez, for example, became chief physician to Elizabeth I despite his suspected Judaism, but also has the dubious distinction of having been the only royal physician to have been executed for (trumped-up charges of) treason, and while it's unclear whether that fact had anything to do with his Jewish roots, it's worth mentioning that a) shouts of \"hang the Jew!\" were heard at his execution and b) nevertheless Elizabeth liked Lopez so much that she stayed his execution for months due to believing in his innocence and exercised a rarely used prerogative to allow his possessions to return to his family rather than become property of the Crown.\n\nHowever, we do know of at least one open Jew who lived in England in these years, who also has the distinction of having been the first open Jew in what is now the United States- Joachim Gans. I've mentioned him [briefly](https://www.reddit.com/r/AskHistorians/comments/c2386a/many_early_european_settlers_who_came_to_the/eriadb1?utm_source=share&amp;utm_medium=web2x) [before](https://www.reddit.com/r/AskHistorians/comments/dha7d3/500_years_later_colonization_of_the_americas/f3n37i9?utm_source=share&amp;utm_medium=web2x), but he's pretty cool so it's worth talking about him for more than the one or two sentences I gave him in those other posts. \n\nJoachim Gans was a Prague-born mineralogist, metallurgist and mining expert, who was, according to some historians, a relative of the more Jewishly famous Prague native David Gans, who was an astronomer and mathematician who worked with Tycho Brahe and Johannes Kepler and a rabbi who studied with Maharal, Rabbi Judah Loew. While David's area was the library and the observatory, Joachim was in the mines, at the Ore Mountains in Saxony, where he (like others before him who would become some of the top metallurgists in Britain of their day) was recruited by George Nedham, clerk of the Society of Mines Royal, to develop faster and cheaper ways to smelt copper. He was brought to the mines at Keswick, Cumberland, and was successful in his endeavor, importing and developing new methods that were cheaper, faster, and produced useful byproducts.  It's unclear whether Nedham knew he was Jewish, but that doesn't seem to have made much of a difference either way. \n\nSir Francis Walsingham was both the Governor of the Society of Mines Royal and the brother-in-law of Sir Walter Raleigh,  so while it's unclear whether it was he who recommended Gans for the Roanoke expedition as mineralogist when copper was seen in Virginia, it's very possible that he was. Gans and several other German miners were brought to evaluate the colony to see whether (potentially very lucrative) copper mines could be found and exploited in the region. He was known as a conscientious worker and supervisor and was respected for his technological know-how. As part of his job, he set off on expeditions throughout the coasts of Virginia and North Carolina, looking for copper mines.\n\nIt should be noted that when I say that Gans was an \"open Jew,\" I do not necessarily mean that he proudly espoused Jewishness throughout his time in England and at Roanoke. In fact, apparently, he did what he needed to do to blend in to the Christians on the expedition to Virginia, participating in their Christian prayer meetings. However, we know thathe never converted to Christianity, and in fact upon his return to England, after years of masking his Jewishness, he was arrested in Bristol for denying the divinity of Christ (as part of a noisy conversation in an inn), where he proudly related that fact in his defense, with the rationale that blasphemy would be less bad coming from a Jew than from a Christian. This offense, after so many years blending in in England, was the beginning of the end for him there due to its gravity, and Gans eventually was sent before the Privy Council, which incidentally contained some of his patrons like Walsingham and William Cecil (Lord Burghley). It is unclear historically what the result was; historians have come to the conclusion that he must have been deported after judgment by the Court of High Commission, probably through the intervention of said patrons, who realized how useful Gans was to them. It is hypothesized that he then returned to Central Europe, though not to Prague.", "edited": false, "downs": 0, "author_flair_css_class": null, "is_submitter": false, "collapsed": false, "author_flair_richtext": [{"e": "text", "t": "Moderator | Modern Jewish History | Judaism in the Americas"}], "author_patreon_flair": false, "body_html": "&lt;div class=\"md\"&gt;&lt;p&gt;Great question!&lt;/p&gt;\n\n&lt;p&gt;You have good instincts asking it, because it&amp;#39;s true, Jews definitely trickled in and out of England over time. That said, most of the time they were converts to Christianity who were maintaining their Judaism in secret, as I discuss in &lt;a href=\"https://www.reddit.com/r/AskHistorians/comments/8gvngd/what_law_permitted_the_jews_back_to_englanduk/dypw6kp?utm_source=share&amp;amp;utm_medium=web2x\"&gt;this comment&lt;/a&gt;. While their Judaism was an open secret in many cases, the fiction of their being Christian still had to be maintained. Such hidden Jews sometimes made it to high places, sometimes with tragic results; Roderigo Lopez, for example, became chief physician to Elizabeth I despite his suspected Judaism, but also has the dubious distinction of having been the only royal physician to have been executed for (trumped-up charges of) treason, and while it&amp;#39;s unclear whether that fact had anything to do with his Jewish roots, it&amp;#39;s worth mentioning that a) shouts of &amp;quot;hang the Jew!&amp;quot; were heard at his execution and b) nevertheless Elizabeth liked Lopez so much that she stayed his execution for months due to believing in his innocence and exercised a rarely used prerogative to allow his possessions to return to his family rather than become property of the Crown.&lt;/p&gt;\n\n&lt;p&gt;However, we do know of at least one open Jew who lived in England in these years, who also has the distinction of having been the first open Jew in what is now the United States- Joachim Gans. I&amp;#39;ve mentioned him &lt;a href=\"https://www.reddit.com/r/AskHistorians/comments/c2386a/many_early_european_settlers_who_came_to_the/eriadb1?utm_source=share&amp;amp;utm_medium=web2x\"&gt;briefly&lt;/a&gt; &lt;a href=\"https://www.reddit.com/r/AskHistorians/comments/dha7d3/500_years_later_colonization_of_the_americas/f3n37i9?utm_source=share&amp;amp;utm_medium=web2x\"&gt;before&lt;/a&gt;, but he&amp;#39;s pretty cool so it&amp;#39;s worth talking about him for more than the one or two sentences I gave him in those other posts. &lt;/p&gt;\n\n&lt;p&gt;Joachim Gans was a Prague-born mineralogist, metallurgist and mining expert, who was, according to some historians, a relative of the more Jewishly famous Prague native David Gans, who was an astronomer and mathematician who worked with Tycho Brahe and Johannes Kepler and a rabbi who studied with Maharal, Rabbi Judah Loew. While David&amp;#39;s area was the library and the observatory, Joachim was in the mines, at the Ore Mountains in Saxony, where he (like others before him who would become some of the top metallurgists in Britain of their day) was recruited by George Nedham, clerk of the Society of Mines Royal, to develop faster and cheaper ways to smelt copper. He was brought to the mines at Keswick, Cumberland, and was successful in his endeavor, importing and developing new methods that were cheaper, faster, and produced useful byproducts.  It&amp;#39;s unclear whether Nedham knew he was Jewish, but that doesn&amp;#39;t seem to have made much of a difference either way. &lt;/p&gt;\n\n&lt;p&gt;Sir Francis Walsingham was both the Governor of the Society of Mines Royal and the brother-in-law of Sir Walter Raleigh,  so while it&amp;#39;s unclear whether it was he who recommended Gans for the Roanoke expedition as mineralogist when copper was seen in Virginia, it&amp;#39;s very possible that he was. Gans and several other German miners were brought to evaluate the colony to see whether (potentially very lucrative) copper mines could be found and exploited in the region. He was known as a conscientious worker and supervisor and was respected for his technological know-how. As part of his job, he set off on expeditions throughout the coasts of Virginia and North Carolina, looking for copper mines.&lt;/p&gt;\n\n&lt;p&gt;It should be noted that when I say that Gans was an &amp;quot;open Jew,&amp;quot; I do not necessarily mean that he proudly espoused Jewishness throughout his time in England and at Roanoke. In fact, apparently, he did what he needed to do to blend in to the Christians on the expedition to Virginia, participating in their Christian prayer meetings. However, we know thathe never converted to Christianity, and in fact upon his return to England, after years of masking his Jewishness, he was arrested in Bristol for denying the divinity of Christ (as part of a noisy conversation in an inn), where he proudly related that fact in his defense, with the rationale that blasphemy would be less bad coming from a Jew than from a Christian. This offense, after so many years blending in in England, was the beginning of the end for him there due to its gravity, and Gans eventually was sent before the Privy Council, which incidentally contained some of his patrons like Walsingham and William Cecil (Lord Burghley). It is unclear historically what the result was; historians have come to the conclusion that he must have been deported after judgment by the Court of High Commission, probably through the intervention of said patrons, who realized how useful Gans was to them. It is hypothesized that he then returned to Central Europe, though not to Prague.&lt;/p&gt;\n&lt;/div&gt;", "gildings": {}, "collapsed_reason": null, "associated_award": null, "stickied": false, "author_premium": false, "subreddit_type": "public", "can_gild": true, "subreddit": "AskHistorians", "author_flair_text_color": "light", "score_hidden": false, "permalink": "/r/AskHistorians/comments/fc5t3m/were_jewish_merchants_allowed_to_temporarily/fjb7gv5/", "num_reports": null, "locked": false, "name": "t1_fjb7gv5", "created": 1583216812.0, "author_flair_text": "Moderator | Modern Jewish History | Judaism in the Americas", "treatment_tags": [], "created_utc": 1583188012.0, "subreddit_name_prefixed": "r/AskHistorians", "controversiality": 0, "depth": 0, "author_flair_background_color": "#993366", "collapsed_because_crowd_control": null, "mod_reports": [], "mod_note": null, "distinguished": null}}], "after": null, "before": null}}]