[{"kind": "Listing", "data": {"modhash": "", "dist": 1, "children": [{"kind": "t3", "data": {"approved_at_utc": null, "subreddit": "AskHistorians", "selftext": "Would it not of made more sense to redirect the vast resources from an eastern front to an existing war in Africa with the aim to capture the Iranian oil fields which produced 8 million tons of oil and was vital for the Anglo war effort. It would of resulted in a triple win, direct control over their own supply of oil, denial of a key supply to the allies and change the tide of an active engagement on the African continent.\n\nAfter Germany declared war on the Soviet Union (SU), the SU and UK declared war on Iran defeating the country in days and taking direct control over the oil and the supply route to the SU. so I am making an assumption Germany would of had similar ease in taking Iraq and then Iran.\n\nI hope the question doesn't revert too much to \"Why didn't Hitler redirect the resources to Africa\" so perhaps more simply: **do we know if it was ever a choice between the middle east and the SU and if so why was the SU prioritised?**", "user_reports": [], "saved": false, "mod_reason_title": null, "gilded": 0, "clicked": false, "title": "Why didn't Hitler invade Iran for Oil instead of the Soviet Union?", "link_flair_richtext": [], "subreddit_name_prefixed": "r/AskHistorians", "hidden": false, "pwls": 6, "link_flair_css_class": null, "downs": 0, "parent_whitelist_status": "all_ads", "hide_score": false, "name": "t3_fcehv6", "quarantine": false, "link_flair_text_color": "dark", "upvote_ratio": 0.78, "author_flair_background_color": null, "subreddit_type": "public", "ups": 24, "total_awards_received": 0, "media_embed": {}, "author_flair_template_id": null, "is_original_content": false, "author_fullname": "t2_hg0op", "secure_media": null, "is_reddit_media_domain": false, "is_meta": false, "category": null, "secure_media_embed": {}, "link_flair_text": null, "can_mod_post": false, "num_duplicates": 1, "approved_by": null, "author_premium": false, "thumbnail": "", "edited": false, "author_flair_css_class": null, "author_flair_richtext": [], "gildings": {}, "content_categories": null, "is_self": true, "mod_note": null, "created": 1583194986.0, "link_flair_type": "text", "wls": 6, "removed_by_category": null, "banned_by": null, "author_flair_type": "text", "domain": "self.AskHistorians", "allow_live_comments": false, "selftext_html": "&lt;!-- SC_OFF --&gt;&lt;div class=\"md\"&gt;&lt;p&gt;Would it not of made more sense to redirect the vast resources from an eastern front to an existing war in Africa with the aim to capture the Iranian oil fields which produced 8 million tons of oil and was vital for the Anglo war effort. It would of resulted in a triple win, direct control over their own supply of oil, denial of a key supply to the allies and change the tide of an active engagement on the African continent.&lt;/p&gt;\n\n&lt;p&gt;After Germany declared war on the Soviet Union (SU), the SU and UK declared war on Iran defeating the country in days and taking direct control over the oil and the supply route to the SU. so I am making an assumption Germany would of had similar ease in taking Iraq and then Iran.&lt;/p&gt;\n\n&lt;p&gt;I hope the question doesn&amp;#39;t revert too much to &amp;quot;Why didn&amp;#39;t Hitler redirect the resources to Africa&amp;quot; so perhaps more simply: &lt;strong&gt;do we know if it was ever a choice between the middle east and the SU and if so why was the SU prioritised?&lt;/strong&gt;&lt;/p&gt;\n&lt;/div&gt;&lt;!-- SC_ON --&gt;", "likes": null, "suggested_sort": null, "banned_at_utc": null, "view_count": null, "archived": false, "score": 24, "no_follow": false, "is_crosspostable": false, "pinned": false, "over_18": false, "all_awardings": [], "awarders": [], "media_only": false, "can_gild": false, "spoiler": false, "locked": false, "author_flair_text": null, "treatment_tags": [], "visited": false, "removed_by": null, "num_reports": null, "distinguished": null, "subreddit_id": "t5_2ssp3", "mod_reason_by": null, "removal_reason": null, "link_flair_background_color": "", "id": "fcehv6", "is_robot_indexable": true, "report_reasons": null, "author": "timeforknowledge", "discussion_type": null, "num_comments": 2, "send_replies": true, "media": null, "contest_mode": false, "author_patreon_flair": false, "author_flair_text_color": null, "permalink": "/r/AskHistorians/comments/fcehv6/why_didnt_hitler_invade_iran_for_oil_instead_of/", "whitelist_status": "all_ads", "stickied": false, "url": "https://www.reddit.com/r/AskHistorians/comments/fcehv6/why_didnt_hitler_invade_iran_for_oil_instead_of/", "subreddit_subscribers": 1162595, "created_utc": 1583166186.0, "num_crossposts": 0, "mod_reports": [], "is_video": false}}], "after": null, "before": null}}, {"kind": "Listing", "data": {"modhash": "", "dist": null, "children": [{"kind": "t1", "data": {"total_awards_received": 0, "approved_at_utc": null, "ups": 1, "awarders": [], "mod_reason_by": null, "banned_by": null, "author_flair_type": "richtext", "removal_reason": null, "link_id": "t3_fcehv6", "author_flair_template_id": "9e641f94-c626-11e2-8e2c-12313b0b21ae", "likes": null, "replies": "", "user_reports": [], "saved": false, "id": "fja4grw", "banned_at_utc": null, "mod_reason_title": null, "gilded": 0, "archived": false, "no_follow": true, "author": "AutoModerator", "can_mod_post": false, "send_replies": false, "parent_id": "t3_fcehv6", "score": 1, "author_fullname": "t2_6l4z3", "report_reasons": null, "approved_by": null, "all_awardings": [], "subreddit_id": "t5_2ssp3", "body": "Welcome to /r/AskHistorians. **Please [Read Our Rules](https://www.reddit.com/r/AskHistorians/wiki/rules) before you comment in this community**. Understand that rule breaking comments get removed.\n\nWe thank you for your interest in this *question*, and your patience in waiting for an in-depth and comprehensive answer to be written, which takes time. Please consider **[Clicking Here for RemindMeBot](https://www.reddit.com/message/compose/?to=RemindMeBot&amp;subject=Reminder&amp;message=%5Bhttps://www.reddit.com/r/AskHistorians/comments/fcehv6/why_didnt_hitler_invade_iran_for_oil_instead_of/%5D%0A%0ARemindMe!%202%20days)**, [using our Browser Extension](https://www.reddit.com/r/AskHistorians/comments/d6dzi7/tired_of_clicking_to_find_only_removed_comments/), or getting the [Weekly Roundup](https://www.reddit.com/message/compose?to=subredditsummarybot&amp;subject=askhistorians+weekly&amp;message=x). In the meantime our [Twitter](https://twitter.com/askhistorians), [Facebook](https://www.facebook.com/askhistorians/), and [Sunday Digest](https://www.reddit.com/r/AskHistorians/search?q=title%3A%22Sunday+Digest%22&amp;restrict_sr=on&amp;sort=new&amp;t=all) feature excellent content that has already been written!\n\n\n*I am a bot, and this action was performed automatically. Please [contact the moderators of this subreddit](/message/compose/?to=/r/AskHistorians) if you have any questions or concerns.*", "edited": false, "downs": 0, "author_flair_css_class": null, "is_submitter": false, "collapsed": false, "author_flair_richtext": [{"e": "text", "t": "History of Robotics"}], "author_patreon_flair": false, "body_html": "&lt;div class=\"md\"&gt;&lt;p&gt;Welcome to &lt;a href=\"/r/AskHistorians\"&gt;/r/AskHistorians&lt;/a&gt;. &lt;strong&gt;Please &lt;a href=\"https://www.reddit.com/r/AskHistorians/wiki/rules\"&gt;Read Our Rules&lt;/a&gt; before you comment in this community&lt;/strong&gt;. Understand that rule breaking comments get removed.&lt;/p&gt;\n\n&lt;p&gt;We thank you for your interest in this &lt;em&gt;question&lt;/em&gt;, and your patience in waiting for an in-depth and comprehensive answer to be written, which takes time. Please consider &lt;strong&gt;&lt;a href=\"https://www.reddit.com/message/compose/?to=RemindMeBot&amp;amp;subject=Reminder&amp;amp;message=%5Bhttps://www.reddit.com/r/AskHistorians/comments/fcehv6/why_didnt_hitler_invade_iran_for_oil_instead_of/%5D%0A%0ARemindMe!%202%20days\"&gt;Clicking Here for RemindMeBot&lt;/a&gt;&lt;/strong&gt;, &lt;a href=\"https://www.reddit.com/r/AskHistorians/comments/d6dzi7/tired_of_clicking_to_find_only_removed_comments/\"&gt;using our Browser Extension&lt;/a&gt;, or getting the &lt;a href=\"https://www.reddit.com/message/compose?to=subredditsummarybot&amp;amp;subject=askhistorians+weekly&amp;amp;message=x\"&gt;Weekly Roundup&lt;/a&gt;. In the meantime our &lt;a href=\"https://twitter.com/askhistorians\"&gt;Twitter&lt;/a&gt;, &lt;a href=\"https://www.facebook.com/askhistorians/\"&gt;Facebook&lt;/a&gt;, and &lt;a href=\"https://www.reddit.com/r/AskHistorians/search?q=title%3A%22Sunday+Digest%22&amp;amp;restrict_sr=on&amp;amp;sort=new&amp;amp;t=all\"&gt;Sunday Digest&lt;/a&gt; feature excellent content that has already been written!&lt;/p&gt;\n\n&lt;p&gt;&lt;em&gt;I am a bot, and this action was performed automatically. Please &lt;a href=\"/message/compose/?to=/r/AskHistorians\"&gt;contact the moderators of this subreddit&lt;/a&gt; if you have any questions or concerns.&lt;/em&gt;&lt;/p&gt;\n&lt;/div&gt;", "gildings": {}, "collapsed_reason": null, "associated_award": null, "stickied": true, "author_premium": true, "subreddit_type": "public", "can_gild": true, "subreddit": "AskHistorians", "author_flair_text_color": "light", "score_hidden": true, "permalink": "/r/AskHistorians/comments/fcehv6/why_didnt_hitler_invade_iran_for_oil_instead_of/fja4grw/", "num_reports": null, "locked": true, "name": "t1_fja4grw", "created": 1583194986.0, "author_flair_text": "History of Robotics", "treatment_tags": [], "created_utc": 1583166186.0, "subreddit_name_prefixed": "r/AskHistorians", "controversiality": 0, "depth": 0, "author_flair_background_color": "#993366", "collapsed_because_crowd_control": null, "mod_reports": [], "mod_note": null, "distinguished": "moderator"}}, {"kind": "t1", "data": {"total_awards_received": 0, "approved_at_utc": null, "ups": 19, "awarders": [], "mod_reason_by": null, "banned_by": null, "author_flair_type": "text", "removal_reason": null, "link_id": "t3_fcehv6", "author_flair_template_id": null, "likes": null, "replies": "", "user_reports": [], "saved": false, "id": "fjav8vk", "banned_at_utc": null, "mod_reason_title": null, "gilded": 0, "archived": false, "no_follow": false, "author": "kanguru68", "can_mod_post": false, "send_replies": true, "parent_id": "t3_fcehv6", "score": 19, "author_fullname": "t2_3juy9loz", "report_reasons": null, "approved_by": null, "all_awardings": [], "subreddit_id": "t5_2ssp3", "body": "The short answer would be that the oilfields of Grosny and Maikop, later on Baku were easier accessable than Irans. For this there are two reasons, logistical prakticality and availibilty. \n\nOn the one side the it is the logistical side. We can see in the North African campaign that the Germans were already running on last the reserves. This logistic issues were caused by the Royal Navy dominance of the Medditerreain Sea. Even if the Germans would focus on Middle East they would not have the naval resources to contest British. So the supply situation would be terrible, even worse than the German standard. An option would to go through Turkey. Yet this but Germany in the problem that Turkey might not allow it. They accept the invasion of Greece through Bulgaria but had thier demands and sceptism about the Germans at the borders. So, if the Turks joins axis they have to face Allies (they saw that the axis werent the winning team) and all thier trade, so joing would cost them making it unlikely. If the Turks resited the germans have to fight them through Anatolia and Allies could re-enforce them. Furthermore, Anatolia is hill and mountainous country, not ideal for armoured warfare. If the Germans broke through they had fight further through the middle east to Iran, supplies had to come from Beirut or Palestina, and the infrastructure of the region is worst than that of the soviet union. Taking not away that they had to run thier supplies from Germany over the Balkans, Turkey etc. To supply the front. Than we come the Mountainous region of Iran. Even the British and Soviet with abbanous supplies and logistics system had thier hardships. The Germans haf terrible logistics, not speaking about the lack of material. So, at the end it was not worth the effort extending the fronts to a large extent and weaking thier defense against the soviets in the east and uk/us in the west. Yes, the germans would invade the soviets in this senario but it does not take away that the soviets would invade the germans after 1942/1943. \n\nOn the other side, if they manage it, they would be surrounded by UK territory and airfields given the RAF a field day in targetting German oilsupplies. In theory they could do that too with Maikop and Baku, but the caucasus mountains formed a natural barier that limited its effectiveness.\n\nHowever the bigger issue is that for the Germans, the Soviet were not just another target, they were the big enemy, the large show down of the war. The germans would invade the soviet union, independent of its resources. The invasion was ideologicaly motivated, the lack of resource of the Germans and soviet re-armment forced the Germans to invade earilier. However in the mind of Hitler and rest of the German leadership every thing, every campaign, every invasion had the purpose of making germany ready to invade the soviets. So taking away troops from the east was not an option. Especially as the Germans were already spread thing. Sicily and Normandy, took away little but to much troops from the east weaking the Germans tremendous.  The invasion of the middle east would need a large mount of troop, not only to conquer it, but to hold and defend it. \n\nIt was simple impossible to carry out and even it was successful the costs to hold it to much for thier gains", "edited": false, "downs": 0, "author_flair_css_class": null, "is_submitter": false, "collapsed": false, "author_flair_richtext": [], "author_patreon_flair": false, "body_html": "&lt;div class=\"md\"&gt;&lt;p&gt;The short answer would be that the oilfields of Grosny and Maikop, later on Baku were easier accessable than Irans. For this there are two reasons, logistical prakticality and availibilty. &lt;/p&gt;\n\n&lt;p&gt;On the one side the it is the logistical side. We can see in the North African campaign that the Germans were already running on last the reserves. This logistic issues were caused by the Royal Navy dominance of the Medditerreain Sea. Even if the Germans would focus on Middle East they would not have the naval resources to contest British. So the supply situation would be terrible, even worse than the German standard. An option would to go through Turkey. Yet this but Germany in the problem that Turkey might not allow it. They accept the invasion of Greece through Bulgaria but had thier demands and sceptism about the Germans at the borders. So, if the Turks joins axis they have to face Allies (they saw that the axis werent the winning team) and all thier trade, so joing would cost them making it unlikely. If the Turks resited the germans have to fight them through Anatolia and Allies could re-enforce them. Furthermore, Anatolia is hill and mountainous country, not ideal for armoured warfare. If the Germans broke through they had fight further through the middle east to Iran, supplies had to come from Beirut or Palestina, and the infrastructure of the region is worst than that of the soviet union. Taking not away that they had to run thier supplies from Germany over the Balkans, Turkey etc. To supply the front. Than we come the Mountainous region of Iran. Even the British and Soviet with abbanous supplies and logistics system had thier hardships. The Germans haf terrible logistics, not speaking about the lack of material. So, at the end it was not worth the effort extending the fronts to a large extent and weaking thier defense against the soviets in the east and uk/us in the west. Yes, the germans would invade the soviets in this senario but it does not take away that the soviets would invade the germans after 1942/1943. &lt;/p&gt;\n\n&lt;p&gt;On the other side, if they manage it, they would be surrounded by UK territory and airfields given the RAF a field day in targetting German oilsupplies. In theory they could do that too with Maikop and Baku, but the caucasus mountains formed a natural barier that limited its effectiveness.&lt;/p&gt;\n\n&lt;p&gt;However the bigger issue is that for the Germans, the Soviet were not just another target, they were the big enemy, the large show down of the war. The germans would invade the soviet union, independent of its resources. The invasion was ideologicaly motivated, the lack of resource of the Germans and soviet re-armment forced the Germans to invade earilier. However in the mind of Hitler and rest of the German leadership every thing, every campaign, every invasion had the purpose of making germany ready to invade the soviets. So taking away troops from the east was not an option. Especially as the Germans were already spread thing. Sicily and Normandy, took away little but to much troops from the east weaking the Germans tremendous.  The invasion of the middle east would need a large mount of troop, not only to conquer it, but to hold and defend it. &lt;/p&gt;\n\n&lt;p&gt;It was simple impossible to carry out and even it was successful the costs to hold it to much for thier gains&lt;/p&gt;\n&lt;/div&gt;", "gildings": {}, "collapsed_reason": null, "associated_award": null, "stickied": false, "author_premium": false, "subreddit_type": "public", "can_gild": true, "subreddit": "AskHistorians", "author_flair_text_color": null, "score_hidden": false, "permalink": "/r/AskHistorians/comments/fcehv6/why_didnt_hitler_invade_iran_for_oil_instead_of/fjav8vk/", "num_reports": null, "locked": false, "name": "t1_fjav8vk", "created": 1583210055.0, "author_flair_text": null, "treatment_tags": [], "created_utc": 1583181255.0, "subreddit_name_prefixed": "r/AskHistorians", "controversiality": 0, "depth": 0, "author_flair_background_color": null, "collapsed_because_crowd_control": null, "mod_reports": [], "mod_note": null, "distinguished": null}}], "after": null, "before": null}}]