[{"kind": "Listing", "data": {"modhash": "", "dist": 1, "children": [{"kind": "t3", "data": {"subreddit_id": "t5_2ssp3", "approved_at_utc": null, "send_replies": true, "mod_reason_by": null, "banned_by": null, "removal_reason": null, "wls": 6, "subreddit": "AskHistorians", "selftext_html": "&lt;!-- SC_OFF --&gt;&lt;div class=\"md\"&gt;&lt;p&gt;[deleted]&lt;/p&gt;\n&lt;/div&gt;&lt;!-- SC_ON --&gt;", "author_flair_template_id": null, "selftext": "[deleted]", "likes": null, "suggested_sort": null, "mod_note": null, "user_reports": [], "secure_media": null, "is_reddit_media_domain": false, "saved": false, "id": "5xecps", "banned_at_utc": null, "mod_reason_title": null, "view_count": null, "archived": true, "clicked": false, "no_follow": true, "author": "[deleted]", "num_crossposts": 0, "link_flair_text": null, "can_mod_post": false, "is_crosspostable": false, "pinned": false, "score": 1, "approved_by": null, "over_18": false, "domain": "self.AskHistorians", "hidden": false, "pwls": 6, "thumbnail": "", "hide_score": false, "edited": false, "link_flair_css_class": null, "media_only": false, "author_flair_css_class": null, "contest_mode": false, "gilded": 0, "title": "Why didn't all of Islam unite to defeat Spain and Portugal and takeover the Iberian Peninsula?", "downs": 0, "secure_media_embed": {}, "media_embed": {}, "author_flair_text": null, "stickied": false, "can_gild": false, "is_self": true, "parent_whitelist_status": "all_ads", "name": "t3_5xecps", "spoiler": false, "permalink": "/r/AskHistorians/comments/5xecps/why_didnt_all_of_islam_unite_to_defeat_spain_and/", "subreddit_type": "public", "locked": false, "report_reasons": null, "created": 1488618906.0, "url": "https://www.reddit.com/r/AskHistorians/comments/5xecps/why_didnt_all_of_islam_unite_to_defeat_spain_and/", "whitelist_status": "all_ads", "quarantine": false, "subreddit_subscribers": 759192, "created_utc": 1488590106.0, "subreddit_name_prefixed": "r/AskHistorians", "distinguished": null, "media": null, "num_comments": 1, "upvote_ratio": 0.66, "mod_reports": [], "visited": false, "num_reports": null, "is_video": false, "ups": 1, "post_categories": null}}], "after": null, "before": null}}, {"kind": "Listing", "data": {"modhash": "", "dist": null, "children": [{"kind": "t1", "data": {"subreddit_id": "t5_2ssp3", "approved_at_utc": null, "ups": 10, "mod_reason_by": null, "banned_by": null, "removal_reason": null, "link_id": "t3_5xecps", "author_flair_template_id": null, "likes": null, "no_follow": true, "replies": "", "user_reports": [], "saved": false, "id": "dehj58l", "banned_at_utc": null, "mod_reason_title": null, "gilded": 0, "archived": true, "report_reasons": null, "author": "mormagils", "can_mod_post": false, "send_replies": true, "parent_id": "t3_5xecps", "score": 10, "approved_by": null, "downs": 0, "body": "The same reason all of Christendom didn't unite to prevent the Muslims from taking Constantinople. \"All of Islam\" represents diverse kingdoms, traditions, cultures, and sects that all had conflicting interests. \n\nJust as England and France had no real reason to prevent Constantinople's downfall, the inhabitants of now-Libya had very little concern for the religious fate of the Iberian peninsula.", "edited": false, "author_flair_css_class": null, "collapsed": false, "is_submitter": false, "collapsed_reason": null, "body_html": "&lt;div class=\"md\"&gt;&lt;p&gt;The same reason all of Christendom didn&amp;#39;t unite to prevent the Muslims from taking Constantinople. &amp;quot;All of Islam&amp;quot; represents diverse kingdoms, traditions, cultures, and sects that all had conflicting interests. &lt;/p&gt;\n\n&lt;p&gt;Just as England and France had no real reason to prevent Constantinople&amp;#39;s downfall, the inhabitants of now-Libya had very little concern for the religious fate of the Iberian peninsula.&lt;/p&gt;\n&lt;/div&gt;", "subreddit_type": "public", "can_gild": true, "subreddit": "AskHistorians", "name": "t1_dehj58l", "score_hidden": false, "permalink": "/r/AskHistorians/comments/5xecps/why_didnt_all_of_islam_unite_to_defeat_spain_and/dehj58l/", "num_reports": null, "stickied": false, "created": 1488626113.0, "author_flair_text": null, "created_utc": 1488597313.0, "subreddit_name_prefixed": "r/AskHistorians", "controversiality": 0, "depth": 0, "mod_reports": [], "mod_note": null, "distinguished": null}}], "after": null, "before": null}}]