[{"kind": "Listing", "data": {"modhash": null, "dist": 1, "children": [{"kind": "t3", "data": {"author_flair_background_color": null, "approved_at_utc": null, "subreddit": "AskHistorians", "selftext": "So, this was brought up in discussion with some friends over the weekend and I was wondering if there was any truth to it. \n\nFor US tank crews in Shermans in the Pacific Theatre in WWII, their primary AT round was just regular HE, not an APHE or solid shot type like was used in the European or North African Theatres. Is this true or just a rumor/misquoted information?", "user_reports": [], "saved": false, "mod_reason_title": null, "gilded": 0, "clicked": false, "title": "US Armor in the Pacific in WWII", "link_flair_richtext": [], "subreddit_name_prefixed": "r/AskHistorians", "hidden": false, "pwls": 6, "link_flair_css_class": null, "downs": 0, "top_awarded_type": null, "parent_whitelist_status": "all_ads", "hide_score": false, "name": "t3_lwgx50", "quarantine": false, "link_flair_text_color": "dark", "upvote_ratio": 0.86, "ignore_reports": false, "subreddit_type": "public", "ups": 5, "total_awards_received": 0, "media_embed": {}, "author_flair_template_id": null, "is_original_content": false, "author_fullname": "t2_11axge", "secure_media": null, "is_reddit_media_domain": false, "is_meta": false, "category": null, "secure_media_embed": {}, "link_flair_text": null, "can_mod_post": false, "score": 5, "approved_by": null, "author_premium": false, "thumbnail": "", "edited": false, "author_flair_css_class": null, "previous_visits": [1620811120.0], "author_flair_richtext": [], "gildings": {}, "content_categories": null, "is_self": true, "mod_note": null, "created": 1614760738.0, "link_flair_type": "text", "wls": 6, "removed_by_category": null, "banned_by": null, "author_flair_type": "text", "domain": "self.AskHistorians", "allow_live_comments": false, "selftext_html": "&lt;!-- SC_OFF --&gt;&lt;div class=\"md\"&gt;&lt;p&gt;So, this was brought up in discussion with some friends over the weekend and I was wondering if there was any truth to it. &lt;/p&gt;\n\n&lt;p&gt;For US tank crews in Shermans in the Pacific Theatre in WWII, their primary AT round was just regular HE, not an APHE or solid shot type like was used in the European or North African Theatres. Is this true or just a rumor/misquoted information?&lt;/p&gt;\n&lt;/div&gt;&lt;!-- SC_ON --&gt;", "likes": null, "suggested_sort": null, "banned_at_utc": null, "view_count": null, "archived": false, "no_follow": false, "spam": false, "is_crosspostable": true, "pinned": false, "over_18": false, "all_awardings": [], "awarders": [], "media_only": false, "can_gild": true, "removed": false, "spoiler": false, "locked": false, "author_flair_text": null, "treatment_tags": [], "visited": false, "removed_by": null, "num_reports": null, "distinguished": null, "subreddit_id": "t5_2ssp3", "mod_reason_by": null, "removal_reason": null, "link_flair_background_color": "", "id": "lwgx50", "is_robot_indexable": true, "num_duplicates": 1, "report_reasons": null, "author": "Gun_Nut_42", "discussion_type": null, "num_comments": 3, "send_replies": true, "media": null, "contest_mode": false, "author_patreon_flair": false, "approved": true, "author_flair_text_color": null, "permalink": "/r/AskHistorians/comments/lwgx50/us_armor_in_the_pacific_in_wwii/", "whitelist_status": "all_ads", "stickied": false, "url": "https://www.reddit.com/r/AskHistorians/comments/lwgx50/us_armor_in_the_pacific_in_wwii/", "subreddit_subscribers": 1347137, "created_utc": 1614731938.0, "num_crossposts": 0, "mod_reports": [], "is_video": false}}], "after": null, "before": null}}, {"kind": "Listing", "data": {"modhash": null, "dist": null, "children": [{"kind": "t1", "data": {"total_awards_received": 0, "approved_at_utc": null, "comment_type": null, "awarders": [], "mod_reason_by": null, "banned_by": null, "ups": 1, "author_flair_type": "text", "removal_reason": null, "link_id": "t3_lwgx50", "author_flair_template_id": null, "likes": null, "replies": "", "user_reports": [], "saved": false, "id": "gpha7xg", "banned_at_utc": null, "mod_reason_title": null, "gilded": 0, "archived": false, "removed": false, "no_follow": true, "author": "AutoModerator", "can_mod_post": false, "send_replies": false, "parent_id": "t3_lwgx50", "score": 1, "author_fullname": "t2_6l4z3", "report_reasons": null, "approved_by": null, "all_awardings": [], "subreddit_id": "t5_2ssp3", "ignore_reports": false, "body": "Welcome to /r/AskHistorians. **Please [Read Our Rules](https://www.reddit.com/r/AskHistorians/wiki/rules) before you comment in this community**. Understand that [rule breaking comments get removed](https://www.reddit.com/r/AskHistorians/comments/h8aefx/rules_roundtable_xviii_removed_curation_and_why/).\n\n#Please consider **[Clicking Here for RemindMeBot](https://www.reddit.com/message/compose/?to=RemindMeBot&amp;subject=Reminder&amp;message=%5Bhttps://www.reddit.com/r/AskHistorians/comments/lwgx50/us_armor_in_the_pacific_in_wwii/%5D%0A%0ARemindMe!%202%20days)** as it takes time for an answer to be written. \n\nWe thank you for your interest in this *question*, and your patience in waiting for an in-depth and comprehensive answer to show up. In addition to RemindMeBot, consider [using our Browser Extension](https://www.reddit.com/r/AskHistorians/comments/d6dzi7/tired_of_clicking_to_find_only_removed_comments/), or getting the [Weekly Roundup](https://www.reddit.com/message/compose?to=subredditsummarybot&amp;subject=askhistorians+weekly&amp;message=x). In the meantime our [Twitter](https://twitter.com/askhistorians), [Facebook](https://www.facebook.com/askhistorians/), and [Sunday Digest](https://www.reddit.com/r/AskHistorians/search?q=title%3A%22Sunday+Digest%22&amp;restrict_sr=on&amp;sort=new&amp;t=all) feature excellent content that has already been written!\n\n\n*I am a bot, and this action was performed automatically. Please [contact the moderators of this subreddit](/message/compose/?to=/r/AskHistorians) if you have any questions or concerns.*", "edited": false, "downs": 0, "author_flair_css_class": null, "is_submitter": false, "collapsed": false, "author_flair_richtext": [], "author_patreon_flair": false, "body_html": "&lt;div class=\"md\"&gt;&lt;p&gt;Welcome to &lt;a href=\"/r/AskHistorians\"&gt;/r/AskHistorians&lt;/a&gt;. &lt;strong&gt;Please &lt;a href=\"https://www.reddit.com/r/AskHistorians/wiki/rules\"&gt;Read Our Rules&lt;/a&gt; before you comment in this community&lt;/strong&gt;. Understand that &lt;a href=\"https://www.reddit.com/r/AskHistorians/comments/h8aefx/rules_roundtable_xviii_removed_curation_and_why/\"&gt;rule breaking comments get removed&lt;/a&gt;.&lt;/p&gt;\n\n&lt;h1&gt;Please consider &lt;strong&gt;&lt;a href=\"https://www.reddit.com/message/compose/?to=RemindMeBot&amp;amp;subject=Reminder&amp;amp;message=%5Bhttps://www.reddit.com/r/AskHistorians/comments/lwgx50/us_armor_in_the_pacific_in_wwii/%5D%0A%0ARemindMe!%202%20days\"&gt;Clicking Here for RemindMeBot&lt;/a&gt;&lt;/strong&gt; as it takes time for an answer to be written.&lt;/h1&gt;\n\n&lt;p&gt;We thank you for your interest in this &lt;em&gt;question&lt;/em&gt;, and your patience in waiting for an in-depth and comprehensive answer to show up. In addition to RemindMeBot, consider &lt;a href=\"https://www.reddit.com/r/AskHistorians/comments/d6dzi7/tired_of_clicking_to_find_only_removed_comments/\"&gt;using our Browser Extension&lt;/a&gt;, or getting the &lt;a href=\"https://www.reddit.com/message/compose?to=subredditsummarybot&amp;amp;subject=askhistorians+weekly&amp;amp;message=x\"&gt;Weekly Roundup&lt;/a&gt;. In the meantime our &lt;a href=\"https://twitter.com/askhistorians\"&gt;Twitter&lt;/a&gt;, &lt;a href=\"https://www.facebook.com/askhistorians/\"&gt;Facebook&lt;/a&gt;, and &lt;a href=\"https://www.reddit.com/r/AskHistorians/search?q=title%3A%22Sunday+Digest%22&amp;amp;restrict_sr=on&amp;amp;sort=new&amp;amp;t=all\"&gt;Sunday Digest&lt;/a&gt; feature excellent content that has already been written!&lt;/p&gt;\n\n&lt;p&gt;&lt;em&gt;I am a bot, and this action was performed automatically. Please &lt;a href=\"/message/compose/?to=/r/AskHistorians\"&gt;contact the moderators of this subreddit&lt;/a&gt; if you have any questions or concerns.&lt;/em&gt;&lt;/p&gt;\n&lt;/div&gt;", "gildings": {}, "collapsed_reason": null, "associated_award": null, "stickied": true, "author_premium": true, "subreddit_type": "public", "can_gild": true, "top_awarded_type": null, "approved": false, "author_flair_text_color": null, "score_hidden": false, "permalink": "/r/AskHistorians/comments/lwgx50/us_armor_in_the_pacific_in_wwii/gpha7xg/", "num_reports": null, "locked": true, "name": "t1_gpha7xg", "created": 1614760739.0, "subreddit": "AskHistorians", "author_flair_text": null, "treatment_tags": [], "spam": false, "created_utc": 1614731939.0, "subreddit_name_prefixed": "r/AskHistorians", "controversiality": 0, "depth": 0, "author_flair_background_color": null, "collapsed_because_crowd_control": null, "mod_reports": [], "mod_note": null, "distinguished": "moderator"}}, {"kind": "t1", "data": {"total_awards_received": 0, "approved_at_utc": null, "comment_type": null, "awarders": [], "mod_reason_by": null, "banned_by": null, "ups": 2, "author_flair_type": "text", "removal_reason": null, "link_id": "t3_lwgx50", "author_flair_template_id": null, "likes": null, "replies": "", "user_reports": [], "saved": false, "id": "gpi3tze", "banned_at_utc": null, "mod_reason_title": null, "gilded": 0, "archived": false, "removed": false, "no_follow": true, "author": "kooowhip_m16", "can_mod_post": false, "send_replies": true, "parent_id": "t3_lwgx50", "score": 2, "author_fullname": "t2_n72vu6b", "report_reasons": null, "approved_by": null, "all_awardings": [], "subreddit_id": "t5_2ssp3", "ignore_reports": false, "body": "For the most part it depends on a couple of things. Firstly what branch is the tank in? Marine or Army. This is because the US Army was not just fighting on one front, but three, Italy, Pacific and western front. And the US army had to plan accordingly to combat opponents in all 3 settings, this included the mountain climates of Italy, the fields of western France and the tropical beaches of the pacific. This is why Army Divisions are set up the way they are, pretty standard and general across the board. Each division is given a service company, medical, tank ect. \n\nIt\u2019s because of this set up that Army units in the pacific were given all the same types of ammunition as the ones in the ETO. The army divisions in the pacific such as the 7th, 27th 77th, 96th infantry all had tank destroyers too, along with Shermans. So we can assume based off of logistical evidence that tankers were given these other kinds of rounds. That and depending where they were, they may switch up the round, such as at Okinawa where defense in depth and cave warfare was encountered for the first time by a corps sized army unit. \n\nWhat about the Marines? Well they\u2019re very different than the army because the marines only had one opponent in the war, the Japanese. The marines thus could change their divisions around to combat the Japanese better, this is why Marine divisions featured \u201cassault platoons\u201d which were platoons who operated from battalion level and were given sub machine guns, carbines and rockets. The reason being the marines preferred aggressive close range infantry attacks over the typical army French 1918 battle doctrine, of shelling the opponent then attacking. It\u2019s because of this reason Marine tanks may of had the option to decide what kind of ammo they wanted, and I\u2019m sure since the 1st Marine division and then others in the 3rd, 4th, 5th and 6th encountered Japanese cave warfare for the first time, they too took APHE among normal HE. \n\nSo we can safety say that it\u2019s a rumor. Tankers were given ammo from ordinance, that is Marine and Army units as a whole. This rumor may come up from tankers only deciding to use one round over another, probably HE to combat cave warfare, but I can\u2019t be certain. I tried finding out more by looking some of the larger tank engagements of Shermans, such as Kakazu ridge, Conical hill and sugar loaf ridge from Okinawa as that\u2019s the battle I\u2019m more familiar with and it seems that they fired both kinds of ammo depending on what they were shooting at but leaned towards HE, perhaps to blast caves closed as that\u2019s what they found themselves doing in a large part of the battle of Okinawa. \n\nHope this clarifies, it\u2019s actually a hard question to answer but I\u2019m definitely willing to do a follow up if you have any more questions.", "edited": false, "downs": 0, "author_flair_css_class": null, "is_submitter": false, "collapsed": false, "author_flair_richtext": [], "author_patreon_flair": false, "body_html": "&lt;div class=\"md\"&gt;&lt;p&gt;For the most part it depends on a couple of things. Firstly what branch is the tank in? Marine or Army. This is because the US Army was not just fighting on one front, but three, Italy, Pacific and western front. And the US army had to plan accordingly to combat opponents in all 3 settings, this included the mountain climates of Italy, the fields of western France and the tropical beaches of the pacific. This is why Army Divisions are set up the way they are, pretty standard and general across the board. Each division is given a service company, medical, tank ect. &lt;/p&gt;\n\n&lt;p&gt;It\u2019s because of this set up that Army units in the pacific were given all the same types of ammunition as the ones in the ETO. The army divisions in the pacific such as the 7th, 27th 77th, 96th infantry all had tank destroyers too, along with Shermans. So we can assume based off of logistical evidence that tankers were given these other kinds of rounds. That and depending where they were, they may switch up the round, such as at Okinawa where defense in depth and cave warfare was encountered for the first time by a corps sized army unit. &lt;/p&gt;\n\n&lt;p&gt;What about the Marines? Well they\u2019re very different than the army because the marines only had one opponent in the war, the Japanese. The marines thus could change their divisions around to combat the Japanese better, this is why Marine divisions featured \u201cassault platoons\u201d which were platoons who operated from battalion level and were given sub machine guns, carbines and rockets. The reason being the marines preferred aggressive close range infantry attacks over the typical army French 1918 battle doctrine, of shelling the opponent then attacking. It\u2019s because of this reason Marine tanks may of had the option to decide what kind of ammo they wanted, and I\u2019m sure since the 1st Marine division and then others in the 3rd, 4th, 5th and 6th encountered Japanese cave warfare for the first time, they too took APHE among normal HE. &lt;/p&gt;\n\n&lt;p&gt;So we can safety say that it\u2019s a rumor. Tankers were given ammo from ordinance, that is Marine and Army units as a whole. This rumor may come up from tankers only deciding to use one round over another, probably HE to combat cave warfare, but I can\u2019t be certain. I tried finding out more by looking some of the larger tank engagements of Shermans, such as Kakazu ridge, Conical hill and sugar loaf ridge from Okinawa as that\u2019s the battle I\u2019m more familiar with and it seems that they fired both kinds of ammo depending on what they were shooting at but leaned towards HE, perhaps to blast caves closed as that\u2019s what they found themselves doing in a large part of the battle of Okinawa. &lt;/p&gt;\n\n&lt;p&gt;Hope this clarifies, it\u2019s actually a hard question to answer but I\u2019m definitely willing to do a follow up if you have any more questions.&lt;/p&gt;\n&lt;/div&gt;", "gildings": {}, "collapsed_reason": null, "associated_award": null, "stickied": false, "author_premium": false, "subreddit_type": "public", "can_gild": true, "top_awarded_type": null, "approved": false, "author_flair_text_color": null, "score_hidden": false, "permalink": "/r/AskHistorians/comments/lwgx50/us_armor_in_the_pacific_in_wwii/gpi3tze/", "num_reports": null, "locked": false, "name": "t1_gpi3tze", "created": 1614776630.0, "subreddit": "AskHistorians", "author_flair_text": null, "treatment_tags": [], "spam": false, "created_utc": 1614747830.0, "subreddit_name_prefixed": "r/AskHistorians", "controversiality": 0, "depth": 0, "author_flair_background_color": null, "collapsed_because_crowd_control": null, "mod_reports": [], "mod_note": null, "distinguished": null}}, {"kind": "t1", "data": {"total_awards_received": 0, "approved_at_utc": null, "comment_type": null, "awarders": [], "mod_reason_by": null, "banned_by": null, "ups": 1, "author_flair_type": "richtext", "removal_reason": null, "link_id": "t3_lwgx50", "author_flair_template_id": "98d8fdba-c626-11e2-bd52-12313b06caaf", "likes": null, "replies": "", "user_reports": [], "saved": false, "id": "gq37e0x", "banned_at_utc": null, "mod_reason_title": null, "gilded": 0, "archived": false, "removed": false, "no_follow": true, "author": "wotan_weevil", "can_mod_post": false, "send_replies": true, "parent_id": "t3_lwgx50", "score": 1, "author_fullname": "t2_uu09h", "report_reasons": null, "approved_by": null, "all_awardings": [], "subreddit_id": "t5_2ssp3", "ignore_reports": false, "body": "The Japanese armour that US tanks faced was feeble. The main Japanese tank, the Type 95 Ha-Go, had 12mm armour, while its heavier stablemate, the Type 97 Chi-Ha (classified as a medium tank despite weighing only 15 tons) had 15-25mm of armour. The 37mm gun (M3) was sufficient to defeat the armour of these tanks - a convenience for the Marines, since it was compact and mobile, and could be manhandled on the battlefield far more easily than the AT guns that were needed in Europe to face tougher enemy tanks. The M3 Lee, carrying the M3 gun in its turret as its main AT weapon, was more than sufficient to defeat Japanese tanks, and served with success in the Pacific theatre long after it was obsolete in Europe.\n\nAs for the M4 Sherman with its 75mm M3 gun, its solid AT shot, the M72, would go completely through the Type 95 or Type 97 tank at a distance of a kilometre, leaving a neat hole through the tank, often without knocking it out. The M61 AP-HE shot had an explosive charge that would explode after penetration, but this shot (which replaced the M72) had even better penetration, and could go straight through a Japanese tank at ranges as great as 3km, again leaving a neat hole through the tank. Against such thin armour, general-purpose HE shells proved better, as they would easily defeat the armour, and reliably damage the interior. The Japanese tanks were too lightly armoured for AT ammunition to be the effective choice.\n\nThe Japanese army realised the inadequacy of its tanks, and developed better armoured tanks: the Type 3 Chi-Nu with up to 50mm of armour, and the Type 4 Chi-To with up to 75mm of armour. However, the few tanks of these types that were made were kept in Japan to face the expected US/Allied invasion. These types did not see combat, and Shermans firing HE shells were overwhelmingly superior to their lightweight opponents in battle.", "edited": false, "downs": 0, "author_flair_css_class": null, "is_submitter": false, "collapsed": false, "author_flair_richtext": [{"e": "text", "t": "Quality Contributor"}], "author_patreon_flair": false, "body_html": "&lt;div class=\"md\"&gt;&lt;p&gt;The Japanese armour that US tanks faced was feeble. The main Japanese tank, the Type 95 Ha-Go, had 12mm armour, while its heavier stablemate, the Type 97 Chi-Ha (classified as a medium tank despite weighing only 15 tons) had 15-25mm of armour. The 37mm gun (M3) was sufficient to defeat the armour of these tanks - a convenience for the Marines, since it was compact and mobile, and could be manhandled on the battlefield far more easily than the AT guns that were needed in Europe to face tougher enemy tanks. The M3 Lee, carrying the M3 gun in its turret as its main AT weapon, was more than sufficient to defeat Japanese tanks, and served with success in the Pacific theatre long after it was obsolete in Europe.&lt;/p&gt;\n\n&lt;p&gt;As for the M4 Sherman with its 75mm M3 gun, its solid AT shot, the M72, would go completely through the Type 95 or Type 97 tank at a distance of a kilometre, leaving a neat hole through the tank, often without knocking it out. The M61 AP-HE shot had an explosive charge that would explode after penetration, but this shot (which replaced the M72) had even better penetration, and could go straight through a Japanese tank at ranges as great as 3km, again leaving a neat hole through the tank. Against such thin armour, general-purpose HE shells proved better, as they would easily defeat the armour, and reliably damage the interior. The Japanese tanks were too lightly armoured for AT ammunition to be the effective choice.&lt;/p&gt;\n\n&lt;p&gt;The Japanese army realised the inadequacy of its tanks, and developed better armoured tanks: the Type 3 Chi-Nu with up to 50mm of armour, and the Type 4 Chi-To with up to 75mm of armour. However, the few tanks of these types that were made were kept in Japan to face the expected US/Allied invasion. These types did not see combat, and Shermans firing HE shells were overwhelmingly superior to their lightweight opponents in battle.&lt;/p&gt;\n&lt;/div&gt;", "gildings": {}, "collapsed_reason": null, "associated_award": null, "stickied": false, "author_premium": false, "subreddit_type": "public", "can_gild": true, "top_awarded_type": null, "approved": false, "author_flair_text_color": "light", "score_hidden": false, "permalink": "/r/AskHistorians/comments/lwgx50/us_armor_in_the_pacific_in_wwii/gq37e0x/", "num_reports": null, "locked": false, "name": "t1_gq37e0x", "created": 1615145361.0, "subreddit": "AskHistorians", "author_flair_text": "Quality Contributor", "treatment_tags": [], "spam": false, "created_utc": 1615116561.0, "subreddit_name_prefixed": "r/AskHistorians", "controversiality": 0, "depth": 0, "author_flair_background_color": "#b87317", "collapsed_because_crowd_control": null, "mod_reports": [], "mod_note": null, "distinguished": null}}], "after": null, "before": null}}]