[{"kind": "Listing", "data": {"modhash": null, "dist": 1, "children": [{"kind": "t3", "data": {"author_flair_background_color": null, "approved_at_utc": 1614738290, "subreddit": "AskHistorians", "selftext": "Hi historians,\n\nI\u2019m sorry if my question is a bit broad. I\u2019ve been watching the Netflix documentary Age of Samuri: Battle for Japan. It starts in 1551 with the rise of Oda Nobunaga and continues on for a few dozen years, I\u2019m not at the end yet. It\u2019s been really interesting but something threw me off. They start talking about his conquest of Kyoto and refer to it as the capital. However, they set the stage to make it seem like Japan wasn\u2019t unified. So how was this the Capital and what power did it have? Later, they talk about someone trying to be named prime minister by the emperor and faking his lineage to be given the position. Again, they don\u2019t really expand on what this title means or what authority it has. So, my question is as follows: when was Japan first unified under an emperor, when did the prime minister role come about, and what was the balance of power between these two roles and the provincial warlords that seem to have been allowed to declare war on each other and conquer as they saw fit?", "user_reports": [], "saved": false, "mod_reason_title": null, "gilded": 0, "clicked": false, "title": "What was the power balance between the emperor, prime minister, and daimyo in 16th century Japan?", "link_flair_richtext": [], "subreddit_name_prefixed": "r/AskHistorians", "hidden": false, "pwls": 6, "link_flair_css_class": null, "downs": 0, "top_awarded_type": null, "parent_whitelist_status": "all_ads", "hide_score": false, "name": "t3_lwhplu", "mod_reports_dismissed": [["Possibly violates submission rules - '[first]'", "AutoModerator"]], "quarantine": false, "link_flair_text_color": "dark", "upvote_ratio": 0.75, "ignore_reports": false, "subreddit_type": "public", "ups": 4, "total_awards_received": 0, "media_embed": {}, "author_flair_template_id": null, "is_original_content": false, "author_fullname": "t2_1sfq95l1", "secure_media": null, "is_reddit_media_domain": false, "is_meta": false, "category": null, "secure_media_embed": {}, "link_flair_text": null, "can_mod_post": true, "score": 4, "approved_by": "WARitter", "author_premium": false, "thumbnail": "", "edited": false, "author_flair_css_class": null, "previous_visits": [1619168281.0], "author_flair_richtext": [], "gildings": {}, "content_categories": null, "is_self": true, "mod_note": null, "created": 1614763225.0, "link_flair_type": "text", "wls": 6, "removed_by_category": null, "banned_by": null, "author_flair_type": "text", "domain": "self.AskHistorians", "allow_live_comments": false, "selftext_html": "&lt;!-- SC_OFF --&gt;&lt;div class=\"md\"&gt;&lt;p&gt;Hi historians,&lt;/p&gt;\n\n&lt;p&gt;I\u2019m sorry if my question is a bit broad. I\u2019ve been watching the Netflix documentary Age of Samuri: Battle for Japan. It starts in 1551 with the rise of Oda Nobunaga and continues on for a few dozen years, I\u2019m not at the end yet. It\u2019s been really interesting but something threw me off. They start talking about his conquest of Kyoto and refer to it as the capital. However, they set the stage to make it seem like Japan wasn\u2019t unified. So how was this the Capital and what power did it have? Later, they talk about someone trying to be named prime minister by the emperor and faking his lineage to be given the position. Again, they don\u2019t really expand on what this title means or what authority it has. So, my question is as follows: when was Japan first unified under an emperor, when did the prime minister role come about, and what was the balance of power between these two roles and the provincial warlords that seem to have been allowed to declare war on each other and conquer as they saw fit?&lt;/p&gt;\n&lt;/div&gt;&lt;!-- SC_ON --&gt;", "likes": null, "suggested_sort": null, "banned_at_utc": null, "view_count": null, "archived": false, "no_follow": false, "spam": false, "is_crosspostable": true, "pinned": false, "over_18": false, "all_awardings": [], "awarders": [], "media_only": false, "can_gild": true, "removed": false, "spoiler": false, "locked": false, "author_flair_text": null, "treatment_tags": [], "visited": false, "removed_by": null, "num_reports": -1, "distinguished": null, "subreddit_id": "t5_2ssp3", "mod_reason_by": null, "removal_reason": null, "link_flair_background_color": "", "id": "lwhplu", "is_robot_indexable": true, "num_duplicates": 1, "report_reasons": [], "author": "FlatWatercress", "discussion_type": null, "num_comments": 9, "send_replies": true, "media": null, "contest_mode": false, "author_patreon_flair": false, "approved": true, "author_flair_text_color": null, "permalink": "/r/AskHistorians/comments/lwhplu/what_was_the_power_balance_between_the_emperor/", "whitelist_status": "all_ads", "stickied": false, "url": "https://www.reddit.com/r/AskHistorians/comments/lwhplu/what_was_the_power_balance_between_the_emperor/", "subreddit_subscribers": 1341780, "created_utc": 1614734425.0, "num_crossposts": 0, "mod_reports": [], "is_video": false}}], "after": null, "before": null}}, {"kind": "Listing", "data": {"modhash": null, "dist": null, "children": [{"kind": "t1", "data": {"total_awards_received": 0, "approved_at_utc": null, "comment_type": null, "awarders": [], "mod_reason_by": null, "banned_by": null, "ups": 1, "author_flair_type": "text", "removal_reason": null, "link_id": "t3_lwhplu", "author_flair_template_id": null, "likes": null, "replies": "", "user_reports": [], "saved": false, "id": "gphf0rf", "banned_at_utc": null, "mod_reason_title": null, "gilded": 0, "archived": false, "removed": false, "no_follow": true, "author": "AutoModerator", "can_mod_post": true, "send_replies": false, "parent_id": "t3_lwhplu", "score": 1, "author_fullname": "t2_6l4z3", "report_reasons": [], "approved_by": null, "all_awardings": [], "subreddit_id": "t5_2ssp3", "ignore_reports": false, "body": "Welcome to /r/AskHistorians. **Please [Read Our Rules](https://www.reddit.com/r/AskHistorians/wiki/rules) before you comment in this community**. Understand that [rule breaking comments get removed](https://www.reddit.com/r/AskHistorians/comments/h8aefx/rules_roundtable_xviii_removed_curation_and_why/).\n\n#Please consider **[Clicking Here for RemindMeBot](https://www.reddit.com/message/compose/?to=RemindMeBot&amp;subject=Reminder&amp;message=%5Bhttps://www.reddit.com/r/AskHistorians/comments/lwhplu/what_was_the_power_balance_between_the_emperor/%5D%0A%0ARemindMe!%202%20days)** as it takes time for an answer to be written. \n\nWe thank you for your interest in this *question*, and your patience in waiting for an in-depth and comprehensive answer to show up. In addition to RemindMeBot, consider [using our Browser Extension](https://www.reddit.com/r/AskHistorians/comments/d6dzi7/tired_of_clicking_to_find_only_removed_comments/), or getting the [Weekly Roundup](https://www.reddit.com/message/compose?to=subredditsummarybot&amp;subject=askhistorians+weekly&amp;message=x). In the meantime our [Twitter](https://twitter.com/askhistorians), [Facebook](https://www.facebook.com/askhistorians/), and [Sunday Digest](https://www.reddit.com/r/AskHistorians/search?q=title%3A%22Sunday+Digest%22&amp;restrict_sr=on&amp;sort=new&amp;t=all) feature excellent content that has already been written!\n\n\n*I am a bot, and this action was performed automatically. Please [contact the moderators of this subreddit](/message/compose/?to=/r/AskHistorians) if you have any questions or concerns.*", "edited": false, "downs": 0, "author_flair_css_class": null, "is_submitter": false, "collapsed": false, "author_flair_richtext": [], "author_patreon_flair": false, "body_html": "&lt;div class=\"md\"&gt;&lt;p&gt;Welcome to &lt;a href=\"/r/AskHistorians\"&gt;/r/AskHistorians&lt;/a&gt;. &lt;strong&gt;Please &lt;a href=\"https://www.reddit.com/r/AskHistorians/wiki/rules\"&gt;Read Our Rules&lt;/a&gt; before you comment in this community&lt;/strong&gt;. Understand that &lt;a href=\"https://www.reddit.com/r/AskHistorians/comments/h8aefx/rules_roundtable_xviii_removed_curation_and_why/\"&gt;rule breaking comments get removed&lt;/a&gt;.&lt;/p&gt;\n\n&lt;h1&gt;Please consider &lt;strong&gt;&lt;a href=\"https://www.reddit.com/message/compose/?to=RemindMeBot&amp;amp;subject=Reminder&amp;amp;message=%5Bhttps://www.reddit.com/r/AskHistorians/comments/lwhplu/what_was_the_power_balance_between_the_emperor/%5D%0A%0ARemindMe!%202%20days\"&gt;Clicking Here for RemindMeBot&lt;/a&gt;&lt;/strong&gt; as it takes time for an answer to be written.&lt;/h1&gt;\n\n&lt;p&gt;We thank you for your interest in this &lt;em&gt;question&lt;/em&gt;, and your patience in waiting for an in-depth and comprehensive answer to show up. In addition to RemindMeBot, consider &lt;a href=\"https://www.reddit.com/r/AskHistorians/comments/d6dzi7/tired_of_clicking_to_find_only_removed_comments/\"&gt;using our Browser Extension&lt;/a&gt;, or getting the &lt;a href=\"https://www.reddit.com/message/compose?to=subredditsummarybot&amp;amp;subject=askhistorians+weekly&amp;amp;message=x\"&gt;Weekly Roundup&lt;/a&gt;. In the meantime our &lt;a href=\"https://twitter.com/askhistorians\"&gt;Twitter&lt;/a&gt;, &lt;a href=\"https://www.facebook.com/askhistorians/\"&gt;Facebook&lt;/a&gt;, and &lt;a href=\"https://www.reddit.com/r/AskHistorians/search?q=title%3A%22Sunday+Digest%22&amp;amp;restrict_sr=on&amp;amp;sort=new&amp;amp;t=all\"&gt;Sunday Digest&lt;/a&gt; feature excellent content that has already been written!&lt;/p&gt;\n\n&lt;p&gt;&lt;em&gt;I am a bot, and this action was performed automatically. Please &lt;a href=\"/message/compose/?to=/r/AskHistorians\"&gt;contact the moderators of this subreddit&lt;/a&gt; if you have any questions or concerns.&lt;/em&gt;&lt;/p&gt;\n&lt;/div&gt;", "gildings": {}, "collapsed_reason": null, "associated_award": null, "stickied": true, "author_premium": true, "subreddit_type": "public", "can_gild": true, "top_awarded_type": null, "approved": false, "author_flair_text_color": null, "score_hidden": false, "permalink": "/r/AskHistorians/comments/lwhplu/what_was_the_power_balance_between_the_emperor/gphf0rf/", "num_reports": 0, "locked": true, "name": "t1_gphf0rf", "created": 1614763226.0, "subreddit": "AskHistorians", "author_flair_text": null, "treatment_tags": [], "spam": false, "created_utc": 1614734426.0, "subreddit_name_prefixed": "r/AskHistorians", "controversiality": 0, "depth": 0, "author_flair_background_color": null, "collapsed_because_crowd_control": null, "mod_reports": [], "mod_note": null, "distinguished": "moderator"}}, {"kind": "t1", "data": {"total_awards_received": 0, "approved_at_utc": null, "comment_type": null, "awarders": [], "mod_reason_by": null, "banned_by": null, "ups": 6, "author_flair_type": "richtext", "removal_reason": null, "link_id": "t3_lwhplu", "author_flair_template_id": "78426082-c626-11e2-891b-12313b06caaf", "likes": null, "replies": {"kind": "Listing", "data": {"modhash": null, "dist": null, "children": [{"kind": "t1", "data": {"total_awards_received": 0, "approved_at_utc": null, "ignore_reports": false, "comment_type": null, "awarders": [], "mod_reason_by": null, "banned_by": null, "ups": 5, "author_flair_type": "richtext", "removal_reason": null, "link_id": "t3_lwhplu", "author_flair_template_id": "78426082-c626-11e2-891b-12313b06caaf", "likes": null, "replies": {"kind": "Listing", "data": {"modhash": null, "dist": null, "children": [{"kind": "t1", "data": {"total_awards_received": 0, "approved_at_utc": null, "comment_type": null, "awarders": [], "mod_reason_by": null, "banned_by": null, "ups": 2, "author_flair_type": "text", "removal_reason": null, "link_id": "t3_lwhplu", "author_flair_template_id": null, "likes": null, "replies": {"kind": "Listing", "data": {"modhash": null, "dist": null, "children": [{"kind": "t1", "data": {"total_awards_received": 0, "approved_at_utc": null, "comment_type": null, "awarders": [], "mod_reason_by": null, "banned_by": null, "ups": 2, "author_flair_type": "richtext", "removal_reason": null, "link_id": "t3_lwhplu", "author_flair_template_id": "78426082-c626-11e2-891b-12313b06caaf", "likes": null, "replies": "", "user_reports": [], "saved": false, "id": "gppsetj", "banned_at_utc": null, "mod_reason_title": null, "gilded": 0, "archived": false, "removed": false, "no_follow": true, "author": "ParallelPain", "can_mod_post": true, "send_replies": true, "parent_id": "t1_gposk9l", "score": 2, "author_fullname": "t2_i0kro", "report_reasons": [], "approved_by": null, "all_awardings": [], "subreddit_id": "t5_2ssp3", "ignore_reports": false, "body": "Depends on which details. Some were recorded at the time. Others were recorded a few decades later in chronicles. Others were anecdotal stories or even historical fiction created in the high or late Edo period. Still others were just BS written by post-war fiction authors.\n\nIf you have a specific detail in mind you want to check, message me or start a new thread about the subject.\n\nYou can read my examination of the documentary [here](https://www.reddit.com/r/AskHistorians/comments/lutsro/how_accurate_is_the_netflix_series_age_of_samurai/)", "edited": false, "downs": 0, "author_flair_css_class": null, "is_submitter": false, "collapsed": false, "author_flair_richtext": [{"e": "text", "t": "Sengoku Japan"}], "author_patreon_flair": false, "body_html": "&lt;div class=\"md\"&gt;&lt;p&gt;Depends on which details. Some were recorded at the time. Others were recorded a few decades later in chronicles. Others were anecdotal stories or even historical fiction created in the high or late Edo period. Still others were just BS written by post-war fiction authors.&lt;/p&gt;\n\n&lt;p&gt;If you have a specific detail in mind you want to check, message me or start a new thread about the subject.&lt;/p&gt;\n\n&lt;p&gt;You can read my examination of the documentary &lt;a href=\"https://www.reddit.com/r/AskHistorians/comments/lutsro/how_accurate_is_the_netflix_series_age_of_samurai/\"&gt;here&lt;/a&gt;&lt;/p&gt;\n&lt;/div&gt;", "gildings": {}, "collapsed_reason": null, "associated_award": null, "stickied": false, "author_premium": false, "subreddit_type": "public", "can_gild": true, "top_awarded_type": null, "approved": false, "author_flair_text_color": "dark", "score_hidden": false, "permalink": "/r/AskHistorians/comments/lwhplu/what_was_the_power_balance_between_the_emperor/gppsetj/", "num_reports": 0, "locked": false, "name": "t1_gppsetj", "created": 1614931482.0, "subreddit": "AskHistorians", "author_flair_text": "Sengoku Japan", "treatment_tags": [], "spam": false, "created_utc": 1614902682.0, "subreddit_name_prefixed": "r/AskHistorians", "controversiality": 0, "depth": 3, "author_flair_background_color": "#ffeeaa", "collapsed_because_crowd_control": null, "mod_reports": [], "mod_note": null, "distinguished": null}}], "after": null, "before": null}}, "user_reports": [], "saved": false, "id": "gposk9l", "banned_at_utc": null, "mod_reason_title": null, "gilded": 0, "archived": false, "removed": false, "no_follow": true, "author": "FlatWatercress", "can_mod_post": true, "created_utc": 1614886536.0, "send_replies": true, "parent_id": "t1_gplinx9", "score": 2, "author_fullname": "t2_1sfq95l1", "report_reasons": [], "approved_by": null, "all_awardings": [], "subreddit_id": "t5_2ssp3", "ignore_reports": false, "body": "This was a fantastic read. It truly blows my mind how some are so knowledgeable about history. If I may ask a follow up: while watching the show I found it incredibly interesting that they were able to go into such detail about events that happened 500 years ago. How much of this is actually supported by primary sources and how much of the show is taking a record of troop movements and casualties and then adding a lot of editorialization? If it is all found in primary sources how did so much record keeping survive", "edited": false, "author_flair_css_class": null, "is_submitter": true, "downs": 0, "author_flair_richtext": [], "author_patreon_flair": false, "body_html": "&lt;div class=\"md\"&gt;&lt;p&gt;This was a fantastic read. It truly blows my mind how some are so knowledgeable about history. If I may ask a follow up: while watching the show I found it incredibly interesting that they were able to go into such detail about events that happened 500 years ago. How much of this is actually supported by primary sources and how much of the show is taking a record of troop movements and casualties and then adding a lot of editorialization? If it is all found in primary sources how did so much record keeping survive&lt;/p&gt;\n&lt;/div&gt;", "gildings": {}, "collapsed_reason": null, "associated_award": null, "stickied": false, "author_premium": false, "subreddit_type": "public", "can_gild": true, "top_awarded_type": null, "approved": false, "author_flair_text_color": null, "score_hidden": false, "permalink": "/r/AskHistorians/comments/lwhplu/what_was_the_power_balance_between_the_emperor/gposk9l/", "num_reports": 0, "locked": false, "name": "t1_gposk9l", "created": 1614915336.0, "subreddit": "AskHistorians", "author_flair_text": null, "treatment_tags": [], "spam": false, "collapsed": false, "subreddit_name_prefixed": "r/AskHistorians", "controversiality": 0, "depth": 2, "author_flair_background_color": null, "collapsed_because_crowd_control": null, "mod_reports": [], "mod_note": null, "distinguished": null}}], "after": null, "before": null}}, "user_reports": [], "saved": false, "id": "gplinx9", "banned_at_utc": null, "mod_reason_title": null, "gilded": 0, "archived": false, "removed": false, "no_follow": false, "author": "ParallelPain", "can_mod_post": true, "send_replies": true, "parent_id": "t1_gplimwc", "score": 5, "author_fullname": "t2_i0kro", "report_reasons": [], "approved_by": null, "all_awardings": [], "subreddit_id": "t5_2ssp3", "collapsed": false, "body": "When Japan plunged into civil war, naturally *legal* authority became less important and *personal* authority took the front. You might notice that I have not once yet used the term *Daimy\u014d*. That's because the term is basically a catch-all for powerful warlords of the provinces. The term originally just meant someone in charge of a large plot of land, with no legal definition of what was \"large\". *Daimy\u014d* could be *shugo*, they could be *shugodai*, they could even be priest/monks or low-ranking branches of warriors. Perhaps the best demonstration of this is Oda Nobuhide and his son Nobunaga (at first). In the *legal* political hierarchy of Owari province, Oda Nobuhide was only a bureaucrat of the *shugodai* for the southern half of the province. But while *legally* Nobuhide was not even *shugodai*, his *personal* authority was such that he ran the entire province. Another facit of this *personal* power was that *Daimy\u014d* often officially \"retired\" and passing the leadership of the clan to his son. Yet the real power often remained with the now-retired lord. This was done to ensure smooth succession, by the father passing the *legal* power to his son and allowing the son to build up his own *personal* power while the father used his own *personal* power to keep the clan in check in the mean time. However, it was not unusual for this to backfire resulting in father and son coming to blows.\n\nWhen the court demanded Nobuhide to make peace with the Imagawa and cough up money to repair the imperial palace, Nobuhide in fact complied and agreed to a peace (which, like all peace in the Sengoku, was temporary) and coughed up *a lot* of money that he could've put towards his loosing war effort. Nobuhide was far from the only person in this regard. When the Bakufu demanded that Takeda Harunobu (Takeda Kenshin) and Nagao Kagetora (Uesugi Kenshin) make peace, they complied. Nagao Kagetora went as far as bring his army to Ky\u014dto in answering the *sh\u014dgun*'s call for support against his enemies. In return, Nobuhide, Harunobu, and Kagetora received official recognition, titles, ranks, and praise from the Bakufu and Court. Nobunaga was the same. While he had the most *personal* power, his conquest of Ky\u014dto was done in support of a claimant to the position of *sh\u014dgun*, and for a few years many of Nobunaga's orders were formally the Bakufu's orders. Once Nobunaga fell out with the *sh\u014dgun*, he was quick to curry favor with the court. In return, he received imperial edict formally sanctioning his wars against his enemies. During this period, first the *sh\u014dgun* and then the Court and Emperor also helped Nobunaga a lot with negotiating peace when Nobunaga needed peace with this or that foe.\n\nWhat this tells us is that the relationship between the different people can not simply be summarized as \"puppet\" or \"figurehead\". To borrow a phrase from Game of Thrones, power resides where men believe it resides. And while *legal* power, at least of the Court and the old Muromachi hierarchy, was weak, it was still respected.\n\nWhich brings me back to my original answer. Without a doubt the highest *legal* power was the Emperor's edict. However, as the Emperor never left Ky\u014dto and in fact seldom left the palace, and with no military force directly answerable to him but a handful of palace guards, there was little way for the Emperor to enforce his orders. Yet at the same time, due to the power of tradition, culture, and religion, the Emperor's position was the most secure, as no one dared replace the imperial family who was see as the final, highest authority.\n\nThe *Kanpaku*, was legally second. The Emperor's orders also went through the *Kanpaku*, and the *Kanpaku* assigned and sent out the Court's diplomats. The *Kanpaku* position also allowed much more mobility and with that the ability to apply pressure in person, an advantage over the Emperor that we can't overlook. In the Sengoku period, tax income for the imperial family fell to less than one tenth of what it was at the height of the Muromachi. In comparison the Konoe family, the most powerful of the *Kanpaku* families, through being to send people to its lands, was able to keep about one third. Konoe Sakihisa, who was Kanpaku just before Nobunaga's rise, even travelled in person to meet Nagao Kagetora and secure his promise to bring his army to Ky\u014dto (again) to restore the peace, though it never came to be due to ongoing wars with his neighbours.\n\nThe *Daimy\u014d* had *legally* the least authority. However, as he personally commanded armies, issued laws for his realm, and had significant income from lands under his control (including those that should've belonged to the aristocrats), he had the most *personal* authority. Even so, besides the above examples showing the importance of *legal* authority to the *Daimy\u014d*s, they also tried to secure *legal* authority through the formal assignment/recognition of ranks/titles whenever possible. For example, Matsudaira Motoyasu of Minamoto descent went through the trouble of changing his name to Tokugawa Ieyasu of Fujiwara descent (with the help of Konoe Sakihisa) in order to secure the formal title of *Mikawa-no-kami*, or lord of Mikawa.\n\nThe person who was named *Kanpaku* in the documentary was Toyotomi Hideyoshi. He was a lowly foot soldier who rose through the ranks of Oda Nobunaga's army. In 1585 he was without a doubt the person with the greatest *personal* authority, and the position of *Kanpaku* just happened to be vacant, so he seized the opportunity to get himself appointed *Kanpaku* by the court (by threatening to wipe out the Fujiwara families if they won't appoint him). In 1586, he also got himself appointed *Daij\u014d-daijin*, or \"Chancellor\". For a few years, the *Kanpaku* was the most powerful person in Japan. But this was because Hideyoshi had the *personal* authority to back the *legal* authority. Hideyoshi passed the position of *Kanpaku* to his nephew in 1592, but retained so much *personal* authority that he ordered his nephew \nthe *Kanpaku* to commit suicide in 1595, and his nephew could do nothing but follow those orders.", "edited": 1614910031.0, "author_flair_css_class": null, "is_submitter": false, "downs": 0, "author_flair_richtext": [{"e": "text", "t": "Sengoku Japan"}], "author_patreon_flair": false, "body_html": "&lt;div class=\"md\"&gt;&lt;p&gt;When Japan plunged into civil war, naturally &lt;em&gt;legal&lt;/em&gt; authority became less important and &lt;em&gt;personal&lt;/em&gt; authority took the front. You might notice that I have not once yet used the term &lt;em&gt;Daimy\u014d&lt;/em&gt;. That&amp;#39;s because the term is basically a catch-all for powerful warlords of the provinces. The term originally just meant someone in charge of a large plot of land, with no legal definition of what was &amp;quot;large&amp;quot;. &lt;em&gt;Daimy\u014d&lt;/em&gt; could be &lt;em&gt;shugo&lt;/em&gt;, they could be &lt;em&gt;shugodai&lt;/em&gt;, they could even be priest/monks or low-ranking branches of warriors. Perhaps the best demonstration of this is Oda Nobuhide and his son Nobunaga (at first). In the &lt;em&gt;legal&lt;/em&gt; political hierarchy of Owari province, Oda Nobuhide was only a bureaucrat of the &lt;em&gt;shugodai&lt;/em&gt; for the southern half of the province. But while &lt;em&gt;legally&lt;/em&gt; Nobuhide was not even &lt;em&gt;shugodai&lt;/em&gt;, his &lt;em&gt;personal&lt;/em&gt; authority was such that he ran the entire province. Another facit of this &lt;em&gt;personal&lt;/em&gt; power was that &lt;em&gt;Daimy\u014d&lt;/em&gt; often officially &amp;quot;retired&amp;quot; and passing the leadership of the clan to his son. Yet the real power often remained with the now-retired lord. This was done to ensure smooth succession, by the father passing the &lt;em&gt;legal&lt;/em&gt; power to his son and allowing the son to build up his own &lt;em&gt;personal&lt;/em&gt; power while the father used his own &lt;em&gt;personal&lt;/em&gt; power to keep the clan in check in the mean time. However, it was not unusual for this to backfire resulting in father and son coming to blows.&lt;/p&gt;\n\n&lt;p&gt;When the court demanded Nobuhide to make peace with the Imagawa and cough up money to repair the imperial palace, Nobuhide in fact complied and agreed to a peace (which, like all peace in the Sengoku, was temporary) and coughed up &lt;em&gt;a lot&lt;/em&gt; of money that he could&amp;#39;ve put towards his loosing war effort. Nobuhide was far from the only person in this regard. When the Bakufu demanded that Takeda Harunobu (Takeda Kenshin) and Nagao Kagetora (Uesugi Kenshin) make peace, they complied. Nagao Kagetora went as far as bring his army to Ky\u014dto in answering the &lt;em&gt;sh\u014dgun&lt;/em&gt;&amp;#39;s call for support against his enemies. In return, Nobuhide, Harunobu, and Kagetora received official recognition, titles, ranks, and praise from the Bakufu and Court. Nobunaga was the same. While he had the most &lt;em&gt;personal&lt;/em&gt; power, his conquest of Ky\u014dto was done in support of a claimant to the position of &lt;em&gt;sh\u014dgun&lt;/em&gt;, and for a few years many of Nobunaga&amp;#39;s orders were formally the Bakufu&amp;#39;s orders. Once Nobunaga fell out with the &lt;em&gt;sh\u014dgun&lt;/em&gt;, he was quick to curry favor with the court. In return, he received imperial edict formally sanctioning his wars against his enemies. During this period, first the &lt;em&gt;sh\u014dgun&lt;/em&gt; and then the Court and Emperor also helped Nobunaga a lot with negotiating peace when Nobunaga needed peace with this or that foe.&lt;/p&gt;\n\n&lt;p&gt;What this tells us is that the relationship between the different people can not simply be summarized as &amp;quot;puppet&amp;quot; or &amp;quot;figurehead&amp;quot;. To borrow a phrase from Game of Thrones, power resides where men believe it resides. And while &lt;em&gt;legal&lt;/em&gt; power, at least of the Court and the old Muromachi hierarchy, was weak, it was still respected.&lt;/p&gt;\n\n&lt;p&gt;Which brings me back to my original answer. Without a doubt the highest &lt;em&gt;legal&lt;/em&gt; power was the Emperor&amp;#39;s edict. However, as the Emperor never left Ky\u014dto and in fact seldom left the palace, and with no military force directly answerable to him but a handful of palace guards, there was little way for the Emperor to enforce his orders. Yet at the same time, due to the power of tradition, culture, and religion, the Emperor&amp;#39;s position was the most secure, as no one dared replace the imperial family who was see as the final, highest authority.&lt;/p&gt;\n\n&lt;p&gt;The &lt;em&gt;Kanpaku&lt;/em&gt;, was legally second. The Emperor&amp;#39;s orders also went through the &lt;em&gt;Kanpaku&lt;/em&gt;, and the &lt;em&gt;Kanpaku&lt;/em&gt; assigned and sent out the Court&amp;#39;s diplomats. The &lt;em&gt;Kanpaku&lt;/em&gt; position also allowed much more mobility and with that the ability to apply pressure in person, an advantage over the Emperor that we can&amp;#39;t overlook. In the Sengoku period, tax income for the imperial family fell to less than one tenth of what it was at the height of the Muromachi. In comparison the Konoe family, the most powerful of the &lt;em&gt;Kanpaku&lt;/em&gt; families, through being to send people to its lands, was able to keep about one third. Konoe Sakihisa, who was Kanpaku just before Nobunaga&amp;#39;s rise, even travelled in person to meet Nagao Kagetora and secure his promise to bring his army to Ky\u014dto (again) to restore the peace, though it never came to be due to ongoing wars with his neighbours.&lt;/p&gt;\n\n&lt;p&gt;The &lt;em&gt;Daimy\u014d&lt;/em&gt; had &lt;em&gt;legally&lt;/em&gt; the least authority. However, as he personally commanded armies, issued laws for his realm, and had significant income from lands under his control (including those that should&amp;#39;ve belonged to the aristocrats), he had the most &lt;em&gt;personal&lt;/em&gt; authority. Even so, besides the above examples showing the importance of &lt;em&gt;legal&lt;/em&gt; authority to the &lt;em&gt;Daimy\u014d&lt;/em&gt;s, they also tried to secure &lt;em&gt;legal&lt;/em&gt; authority through the formal assignment/recognition of ranks/titles whenever possible. For example, Matsudaira Motoyasu of Minamoto descent went through the trouble of changing his name to Tokugawa Ieyasu of Fujiwara descent (with the help of Konoe Sakihisa) in order to secure the formal title of &lt;em&gt;Mikawa-no-kami&lt;/em&gt;, or lord of Mikawa.&lt;/p&gt;\n\n&lt;p&gt;The person who was named &lt;em&gt;Kanpaku&lt;/em&gt; in the documentary was Toyotomi Hideyoshi. He was a lowly foot soldier who rose through the ranks of Oda Nobunaga&amp;#39;s army. In 1585 he was without a doubt the person with the greatest &lt;em&gt;personal&lt;/em&gt; authority, and the position of &lt;em&gt;Kanpaku&lt;/em&gt; just happened to be vacant, so he seized the opportunity to get himself appointed &lt;em&gt;Kanpaku&lt;/em&gt; by the court (by threatening to wipe out the Fujiwara families if they won&amp;#39;t appoint him). In 1586, he also got himself appointed &lt;em&gt;Daij\u014d-daijin&lt;/em&gt;, or &amp;quot;Chancellor&amp;quot;. For a few years, the &lt;em&gt;Kanpaku&lt;/em&gt; was the most powerful person in Japan. But this was because Hideyoshi had the &lt;em&gt;personal&lt;/em&gt; authority to back the &lt;em&gt;legal&lt;/em&gt; authority. Hideyoshi passed the position of &lt;em&gt;Kanpaku&lt;/em&gt; to his nephew in 1592, but retained so much &lt;em&gt;personal&lt;/em&gt; authority that he ordered his nephew \nthe &lt;em&gt;Kanpaku&lt;/em&gt; to commit suicide in 1595, and his nephew could do nothing but follow those orders.&lt;/p&gt;\n&lt;/div&gt;", "gildings": {}, "collapsed_reason": null, "associated_award": null, "stickied": false, "author_premium": false, "subreddit_type": "public", "can_gild": true, "top_awarded_type": null, "approved": false, "author_flair_text_color": "dark", "score_hidden": false, "permalink": "/r/AskHistorians/comments/lwhplu/what_was_the_power_balance_between_the_emperor/gplinx9/", "num_reports": 0, "locked": false, "name": "t1_gplinx9", "created": 1614845926.0, "subreddit": "AskHistorians", "author_flair_text": "Sengoku Japan", "treatment_tags": [], "spam": false, "created_utc": 1614817126.0, "subreddit_name_prefixed": "r/AskHistorians", "controversiality": 0, "depth": 1, "author_flair_background_color": "#ffeeaa", "collapsed_because_crowd_control": null, "mod_reports": [], "mod_note": null, "distinguished": null}}], "after": null, "before": null}}, "user_reports": [], "saved": false, "id": "gplimwc", "banned_at_utc": null, "mod_reason_title": null, "gilded": 0, "archived": false, "removed": false, "no_follow": false, "author": "ParallelPain", "can_mod_post": true, "send_replies": true, "parent_id": "t3_lwhplu", "score": 6, "author_fullname": "t2_i0kro", "report_reasons": [], "approved_by": null, "all_awardings": [], "subreddit_id": "t5_2ssp3", "ignore_reports": false, "body": "It's complicated.\n\nThere's a bit of difference between (for lack of a better term) *legal* authority and *personal* authority. When society is stable and the law is strong, the two are often the same thing. But when society is in turmoil, while the two are still related, the gap between the two are often large.\n\nIn the 15th and most of the 16th century, Japan was ruled by the Muromachi Bakufu, based in Ky\u014dto. In terms of rank at the imperial court, the Emperor was the top. The *Kanpaku*, often translated as imperial regent, but the documentary translated as prime minister, as the (usual) head of the aristocratic government, or court, is second. By this time, however, the aristocratic government are really only in charge of formal and/or religious rituals and officially issuing court ranks and titles. The Bakufu, the warrior government oversees Japan outside of Ky\u014dto by appointing *shugo* to the provinces. These were the formal ruler of the provinces, collecting taxes, overseeing lawsuits, and mobilizing warriors for police duty and, if needed, war. Instead of the government collecting taxes from all over the country to fund its operations and pay civil servants, the Bakufu's incomes were only from the lands directly controlled by the Ashikaga family, so other warriors were under obligation to answer the calls of the government in exchange for the right to collect taxes and be in charge of plots of the provinces. Therefore, the *shugo* for the most part were required to stay in Ky\u014dto or Kamakura, both to help run the government and to ensure they don't rebel. This means the person to actually oversee the province was his deputy, the *shugodai*, who actually assigned the warriors to carry out the tasks.\n\nThe court ranks and titles for warrior lords (leaders in the Bakufu as well as *shugo* of the province), including the title of *Seii Tai****sh\u014dgun***, the head of the Bakufu, are formally assigned by the court. The ranks and titles, seen as formal assignment by the Emperor and Court give much wanted and needed prestige and formal authority to the warriors. During the heyday of the Muromachi Bakufu (first half of the 15th century), however, the court basically assigns anything the Bakufu recommends. Likewise, the court basically decide among themselves who from a handful of branches of the Fujiwara families get to be Kanpaku, and the Emperor approves it. While this might seem like the Emperor, the Kanpaku, and the court were just figureheads, and in many ways they were, it is important to keep in mind that their words carried a lot of formal authority. It is also important to remember that the Bakufu also for the most part left the *shugo* to run the provinces, and, as mentioned, the *shugo* left that to the *shugodai*. Succession to the titles and post of the Bakufu, *shugo* and *shugodai* were also for the most part hereditary.\n\nSo by *legal* authority, the Emperor was the head of state and has the final say in everything. Under him, the *Kanpaku* leads the Court. The Emperor and court appoints the *sh\u014dgun*, who leads the Bakufu. The Bakufu appoints *shugo*, who formally rules the provinces, help run the Bakufu, and assign *shugodai* to actually run the affairs of the provinces. However, even at this stage during height of the Muromachi Bakufu, *personal* authority was incredibly important. While *legally* a *shugo* might be able to assign anyone they like to be *shugodai*, in practice, as the *shugodai* ran the province and the position was de-facto hereditary, the *shugodai* were able to build up personal ties through marriages or alliances, appointment and assignments of people and resources of the province, and in general  just actually being there, meaning the *shugodai* had significant *personal* authority that the *shugo* ignores at his own peril. This was the same with the *shugo* and the *sh\u014dgun*, and even more so for the *sh\u014dgun* and the Court.\n\nYou might be interested in reading about the power of the [*sh\u014dgun* and emperor through the ages](https://www.reddit.com/r/AskHistorians/comments/7hbbj6/ive_heard_that_the_emperor_of_japan_despite_being/) that I wrote before (slightly outdated) and the [hierarchies of the Japanese goverment](https://www.reddit.com/r/AskHistorians/comments/jfsju8/in_feudal_japan_specifically_prior_to_or_within/) by /u/Morricane\n\n*continued*", "edited": 1617571851.0, "downs": 0, "author_flair_css_class": null, "is_submitter": false, "collapsed": false, "author_flair_richtext": [{"e": "text", "t": "Sengoku Japan"}], "author_patreon_flair": false, "body_html": "&lt;div class=\"md\"&gt;&lt;p&gt;It&amp;#39;s complicated.&lt;/p&gt;\n\n&lt;p&gt;There&amp;#39;s a bit of difference between (for lack of a better term) &lt;em&gt;legal&lt;/em&gt; authority and &lt;em&gt;personal&lt;/em&gt; authority. When society is stable and the law is strong, the two are often the same thing. But when society is in turmoil, while the two are still related, the gap between the two are often large.&lt;/p&gt;\n\n&lt;p&gt;In the 15th and most of the 16th century, Japan was ruled by the Muromachi Bakufu, based in Ky\u014dto. In terms of rank at the imperial court, the Emperor was the top. The &lt;em&gt;Kanpaku&lt;/em&gt;, often translated as imperial regent, but the documentary translated as prime minister, as the (usual) head of the aristocratic government, or court, is second. By this time, however, the aristocratic government are really only in charge of formal and/or religious rituals and officially issuing court ranks and titles. The Bakufu, the warrior government oversees Japan outside of Ky\u014dto by appointing &lt;em&gt;shugo&lt;/em&gt; to the provinces. These were the formal ruler of the provinces, collecting taxes, overseeing lawsuits, and mobilizing warriors for police duty and, if needed, war. Instead of the government collecting taxes from all over the country to fund its operations and pay civil servants, the Bakufu&amp;#39;s incomes were only from the lands directly controlled by the Ashikaga family, so other warriors were under obligation to answer the calls of the government in exchange for the right to collect taxes and be in charge of plots of the provinces. Therefore, the &lt;em&gt;shugo&lt;/em&gt; for the most part were required to stay in Ky\u014dto or Kamakura, both to help run the government and to ensure they don&amp;#39;t rebel. This means the person to actually oversee the province was his deputy, the &lt;em&gt;shugodai&lt;/em&gt;, who actually assigned the warriors to carry out the tasks.&lt;/p&gt;\n\n&lt;p&gt;The court ranks and titles for warrior lords (leaders in the Bakufu as well as &lt;em&gt;shugo&lt;/em&gt; of the province), including the title of &lt;em&gt;Seii Tai&lt;/em&gt;&lt;strong&gt;&lt;em&gt;sh\u014dgun&lt;/em&gt;&lt;/strong&gt;, the head of the Bakufu, are formally assigned by the court. The ranks and titles, seen as formal assignment by the Emperor and Court give much wanted and needed prestige and formal authority to the warriors. During the heyday of the Muromachi Bakufu (first half of the 15th century), however, the court basically assigns anything the Bakufu recommends. Likewise, the court basically decide among themselves who from a handful of branches of the Fujiwara families get to be Kanpaku, and the Emperor approves it. While this might seem like the Emperor, the Kanpaku, and the court were just figureheads, and in many ways they were, it is important to keep in mind that their words carried a lot of formal authority. It is also important to remember that the Bakufu also for the most part left the &lt;em&gt;shugo&lt;/em&gt; to run the provinces, and, as mentioned, the &lt;em&gt;shugo&lt;/em&gt; left that to the &lt;em&gt;shugodai&lt;/em&gt;. Succession to the titles and post of the Bakufu, &lt;em&gt;shugo&lt;/em&gt; and &lt;em&gt;shugodai&lt;/em&gt; were also for the most part hereditary.&lt;/p&gt;\n\n&lt;p&gt;So by &lt;em&gt;legal&lt;/em&gt; authority, the Emperor was the head of state and has the final say in everything. Under him, the &lt;em&gt;Kanpaku&lt;/em&gt; leads the Court. The Emperor and court appoints the &lt;em&gt;sh\u014dgun&lt;/em&gt;, who leads the Bakufu. The Bakufu appoints &lt;em&gt;shugo&lt;/em&gt;, who formally rules the provinces, help run the Bakufu, and assign &lt;em&gt;shugodai&lt;/em&gt; to actually run the affairs of the provinces. However, even at this stage during height of the Muromachi Bakufu, &lt;em&gt;personal&lt;/em&gt; authority was incredibly important. While &lt;em&gt;legally&lt;/em&gt; a &lt;em&gt;shugo&lt;/em&gt; might be able to assign anyone they like to be &lt;em&gt;shugodai&lt;/em&gt;, in practice, as the &lt;em&gt;shugodai&lt;/em&gt; ran the province and the position was de-facto hereditary, the &lt;em&gt;shugodai&lt;/em&gt; were able to build up personal ties through marriages or alliances, appointment and assignments of people and resources of the province, and in general  just actually being there, meaning the &lt;em&gt;shugodai&lt;/em&gt; had significant &lt;em&gt;personal&lt;/em&gt; authority that the &lt;em&gt;shugo&lt;/em&gt; ignores at his own peril. This was the same with the &lt;em&gt;shugo&lt;/em&gt; and the &lt;em&gt;sh\u014dgun&lt;/em&gt;, and even more so for the &lt;em&gt;sh\u014dgun&lt;/em&gt; and the Court.&lt;/p&gt;\n\n&lt;p&gt;You might be interested in reading about the power of the &lt;a href=\"https://www.reddit.com/r/AskHistorians/comments/7hbbj6/ive_heard_that_the_emperor_of_japan_despite_being/\"&gt;&lt;em&gt;sh\u014dgun&lt;/em&gt; and emperor through the ages&lt;/a&gt; that I wrote before (slightly outdated) and the &lt;a href=\"https://www.reddit.com/r/AskHistorians/comments/jfsju8/in_feudal_japan_specifically_prior_to_or_within/\"&gt;hierarchies of the Japanese goverment&lt;/a&gt; by &lt;a href=\"/u/Morricane\"&gt;/u/Morricane&lt;/a&gt;&lt;/p&gt;\n\n&lt;p&gt;&lt;em&gt;continued&lt;/em&gt;&lt;/p&gt;\n&lt;/div&gt;", "gildings": {}, "collapsed_reason": null, "associated_award": null, "stickied": false, "author_premium": false, "subreddit_type": "public", "can_gild": true, "top_awarded_type": null, "approved": false, "author_flair_text_color": "dark", "score_hidden": false, "permalink": "/r/AskHistorians/comments/lwhplu/what_was_the_power_balance_between_the_emperor/gplimwc/", "num_reports": 0, "locked": false, "name": "t1_gplimwc", "created": 1614845911.0, "subreddit": "AskHistorians", "author_flair_text": "Sengoku Japan", "treatment_tags": [], "spam": false, "created_utc": 1614817111.0, "subreddit_name_prefixed": "r/AskHistorians", "controversiality": 0, "depth": 0, "author_flair_background_color": "#ffeeaa", "collapsed_because_crowd_control": null, "mod_reports": [], "mod_note": null, "distinguished": null}}, {"kind": "t1", "data": {"total_awards_received": 0, "approved_at_utc": null, "comment_type": null, "awarders": [], "mod_reason_by": null, "banned_by": null, "ups": 2, "author_flair_type": "text", "removal_reason": null, "link_id": "t3_lwhplu", "author_flair_template_id": null, "likes": null, "replies": {"kind": "Listing", "data": {"modhash": null, "dist": null, "children": [{"kind": "t1", "data": {"total_awards_received": 0, "approved_at_utc": null, "ignore_reports": false, "comment_type": null, "awarders": [], "mod_reason_by": null, "banned_by": null, "ups": 2, "author_flair_type": "text", "removal_reason": null, "link_id": "t3_lwhplu", "author_flair_template_id": null, "likes": null, "replies": "", "user_reports": [], "saved": false, "id": "gpl8g0o", "banned_at_utc": null, "mod_reason_title": null, "gilded": 0, "archived": false, "removed": false, "no_follow": true, "author": "FlatWatercress", "can_mod_post": true, "send_replies": true, "parent_id": "t1_gpk9vbv", "score": 2, "author_fullname": "t2_1sfq95l1", "report_reasons": [], "approved_by": null, "all_awardings": [], "subreddit_id": "t5_2ssp3", "collapsed": false, "body": "Thanks for the reply! I think that\u2019s what the show leaves out that Japan had had an emperor before and his power wained they just start in 1551 with no background", "edited": false, "author_flair_css_class": null, "is_submitter": true, "downs": 0, "author_flair_richtext": [], "author_patreon_flair": false, "body_html": "&lt;div class=\"md\"&gt;&lt;p&gt;Thanks for the reply! I think that\u2019s what the show leaves out that Japan had had an emperor before and his power wained they just start in 1551 with no background&lt;/p&gt;\n&lt;/div&gt;", "gildings": {}, "collapsed_reason": null, "associated_award": null, "stickied": false, "author_premium": false, "subreddit_type": "public", "can_gild": true, "top_awarded_type": null, "approved": false, "author_flair_text_color": null, "score_hidden": false, "permalink": "/r/AskHistorians/comments/lwhplu/what_was_the_power_balance_between_the_emperor/gpl8g0o/", "num_reports": 0, "locked": false, "name": "t1_gpl8g0o", "created": 1614840767.0, "subreddit": "AskHistorians", "author_flair_text": null, "treatment_tags": [], "spam": false, "created_utc": 1614811967.0, "subreddit_name_prefixed": "r/AskHistorians", "controversiality": 0, "depth": 1, "author_flair_background_color": null, "collapsed_because_crowd_control": null, "mod_reports": [], "mod_note": null, "distinguished": null}}, {"kind": "t1", "data": {"total_awards_received": 0, "approved_at_utc": null, "ignore_reports": false, "comment_type": null, "awarders": [], "mod_reason_by": null, "banned_by": null, "ups": 2, "author_flair_type": "richtext", "removal_reason": null, "link_id": "t3_lwhplu", "author_flair_template_id": "78426082-c626-11e2-891b-12313b06caaf", "likes": null, "replies": {"kind": "Listing", "data": {"modhash": null, "dist": null, "children": [{"kind": "t1", "data": {"total_awards_received": 0, "approved_at_utc": null, "comment_type": null, "awarders": [], "mod_reason_by": null, "banned_by": null, "ups": 2, "author_flair_type": "text", "removal_reason": null, "link_id": "t3_lwhplu", "author_flair_template_id": null, "likes": null, "replies": "", "user_reports": [], "saved": false, "id": "gpmuxvm", "banned_at_utc": null, "mod_reason_title": null, "gilded": 0, "archived": false, "removed": false, "no_follow": true, "author": "ALHORNBECK_RL_Author", "can_mod_post": true, "created_utc": 1614847851.0, "send_replies": true, "parent_id": "t1_gpll5c0", "score": 2, "author_fullname": "t2_6ho8nr9w", "report_reasons": [], "approved_by": null, "all_awardings": [], "subreddit_id": "t5_2ssp3", "ignore_reports": false, "body": "&gt; The Uesugi and Imagawa's positions were not from ties to the emperor or  court, but their ties to the Ashikaga and bakufu. The mother of the  first Ashikaga sh\u014dgun Takauji was a Uesugi. The Imagawa were a branch of  a branch of the Ashikaga family. \n\nYeah, you are right, I don't know why I thought it was Imperial. I knew that the Uesugi and Ashikaga were related as were the Imagawa. Don't know why I didn't look that over better.   \n\n\n&gt; Ashikaga Yoshimasa becoming sh\u014dgun at only 13 years of age, a severe  famine across Japan beginning in the late 1450s, and Yoshimasa not  willing to pick a side and stick to his ruling in the local conflicts  before the \u014cnin, allowing them to coalesce together and grow out of  control and magnified the structural problems of the bakufu.   \n\n\nI should have went into more detail. There were many reasons why the Onin War occurred, and this is one of the more precise answers. I was trying to give a very generic and wide-sweeping answer since the topic was pretty broad and had many points to address.", "edited": false, "author_flair_css_class": null, "is_submitter": false, "downs": 0, "author_flair_richtext": [], "author_patreon_flair": false, "body_html": "&lt;div class=\"md\"&gt;&lt;blockquote&gt;\n&lt;p&gt;The Uesugi and Imagawa&amp;#39;s positions were not from ties to the emperor or  court, but their ties to the Ashikaga and bakufu. The mother of the  first Ashikaga sh\u014dgun Takauji was a Uesugi. The Imagawa were a branch of  a branch of the Ashikaga family. &lt;/p&gt;\n&lt;/blockquote&gt;\n\n&lt;p&gt;Yeah, you are right, I don&amp;#39;t know why I thought it was Imperial. I knew that the Uesugi and Ashikaga were related as were the Imagawa. Don&amp;#39;t know why I didn&amp;#39;t look that over better.   &lt;/p&gt;\n\n&lt;blockquote&gt;\n&lt;p&gt;Ashikaga Yoshimasa becoming sh\u014dgun at only 13 years of age, a severe  famine across Japan beginning in the late 1450s, and Yoshimasa not  willing to pick a side and stick to his ruling in the local conflicts  before the \u014cnin, allowing them to coalesce together and grow out of  control and magnified the structural problems of the bakufu.   &lt;/p&gt;\n&lt;/blockquote&gt;\n\n&lt;p&gt;I should have went into more detail. There were many reasons why the Onin War occurred, and this is one of the more precise answers. I was trying to give a very generic and wide-sweeping answer since the topic was pretty broad and had many points to address.&lt;/p&gt;\n&lt;/div&gt;", "gildings": {}, "collapsed_reason": null, "associated_award": null, "stickied": false, "author_premium": false, "subreddit_type": "public", "can_gild": true, "top_awarded_type": null, "approved": false, "author_flair_text_color": null, "score_hidden": false, "permalink": "/r/AskHistorians/comments/lwhplu/what_was_the_power_balance_between_the_emperor/gpmuxvm/", "num_reports": 0, "locked": false, "name": "t1_gpmuxvm", "created": 1614876651.0, "subreddit": "AskHistorians", "author_flair_text": null, "treatment_tags": [], "spam": false, "collapsed": false, "subreddit_name_prefixed": "r/AskHistorians", "controversiality": 0, "depth": 2, "author_flair_background_color": null, "collapsed_because_crowd_control": null, "mod_reports": [], "mod_note": null, "distinguished": null}}], "after": null, "before": null}}, "user_reports": [], "saved": false, "id": "gpll5c0", "banned_at_utc": null, "mod_reason_title": null, "gilded": 0, "archived": false, "removed": false, "no_follow": true, "author": "ParallelPain", "can_mod_post": true, "send_replies": true, "parent_id": "t1_gpk9vbv", "score": 2, "author_fullname": "t2_i0kro", "report_reasons": [], "approved_by": null, "all_awardings": [], "subreddit_id": "t5_2ssp3", "collapsed": false, "body": "&gt;The Ashikaga gave land to samurai and powerful military families and didn't control a lot of land themselves.\n\nThis has been called into question. While the *land mass* of the Ashikaga might not have been that much, what records exist suggest those lands were very productive, and gave the Ashikaga an income that likely far outstripped any other family.\n\nIt's important to note that the outbreak of the \u014cnin War was less due to the weakness of the Ashikaga as a clan, but that Ashikaga Yoshinori was assassinated at the height of his power, Ashikaga Yoshimasa becoming sh\u014dgun at only 13 years of age, a severe famine across Japan beginning in the late 1450s, and Yoshimasa not willing to pick a side and stick to his ruling in the local conflicts before the \u014cnin, allowing them to coalesce together and grow out of control and magnified the structural problems of the bakufu.\n\n&gt;The Uesugi, Imagawa, etc held prestige because they claimed not only military power, but Imperial power.\n\nThe Uesugi and Imagawa's positions were not from ties to the emperor or court, but their ties to the Ashikaga and bakufu. The mother of the first Ashikaga sh\u014dgun Takauji was a Uesugi. The Imagawa were a branch of a branch of the Ashikaga family.", "edited": 1614821446.0, "author_flair_css_class": null, "is_submitter": false, "downs": 0, "author_flair_richtext": [{"e": "text", "t": "Sengoku Japan"}], "author_patreon_flair": false, "body_html": "&lt;div class=\"md\"&gt;&lt;blockquote&gt;\n&lt;p&gt;The Ashikaga gave land to samurai and powerful military families and didn&amp;#39;t control a lot of land themselves.&lt;/p&gt;\n&lt;/blockquote&gt;\n\n&lt;p&gt;This has been called into question. While the &lt;em&gt;land mass&lt;/em&gt; of the Ashikaga might not have been that much, what records exist suggest those lands were very productive, and gave the Ashikaga an income that likely far outstripped any other family.&lt;/p&gt;\n\n&lt;p&gt;It&amp;#39;s important to note that the outbreak of the \u014cnin War was less due to the weakness of the Ashikaga as a clan, but that Ashikaga Yoshinori was assassinated at the height of his power, Ashikaga Yoshimasa becoming sh\u014dgun at only 13 years of age, a severe famine across Japan beginning in the late 1450s, and Yoshimasa not willing to pick a side and stick to his ruling in the local conflicts before the \u014cnin, allowing them to coalesce together and grow out of control and magnified the structural problems of the bakufu.&lt;/p&gt;\n\n&lt;blockquote&gt;\n&lt;p&gt;The Uesugi, Imagawa, etc held prestige because they claimed not only military power, but Imperial power.&lt;/p&gt;\n&lt;/blockquote&gt;\n\n&lt;p&gt;The Uesugi and Imagawa&amp;#39;s positions were not from ties to the emperor or court, but their ties to the Ashikaga and bakufu. The mother of the first Ashikaga sh\u014dgun Takauji was a Uesugi. The Imagawa were a branch of a branch of the Ashikaga family.&lt;/p&gt;\n&lt;/div&gt;", "gildings": {}, "collapsed_reason": null, "associated_award": null, "stickied": false, "author_premium": false, "subreddit_type": "public", "can_gild": true, "top_awarded_type": null, "approved": false, "author_flair_text_color": "dark", "score_hidden": false, "permalink": "/r/AskHistorians/comments/lwhplu/what_was_the_power_balance_between_the_emperor/gpll5c0/", "num_reports": 0, "locked": false, "name": "t1_gpll5c0", "created": 1614847376.0, "subreddit": "AskHistorians", "author_flair_text": "Sengoku Japan", "treatment_tags": [], "spam": false, "created_utc": 1614818576.0, "subreddit_name_prefixed": "r/AskHistorians", "controversiality": 0, "depth": 1, "author_flair_background_color": "#ffeeaa", "collapsed_because_crowd_control": null, "mod_reports": [], "mod_note": null, "distinguished": null}}], "after": null, "before": null}}, "user_reports": [], "saved": false, "id": "gpk9vbv", "banned_at_utc": null, "mod_reason_title": null, "gilded": 0, "archived": false, "removed": false, "no_follow": true, "author": "ALHORNBECK_RL_Author", "can_mod_post": true, "send_replies": true, "parent_id": "t3_lwhplu", "score": 2, "author_fullname": "t2_6ho8nr9w", "report_reasons": [], "approved_by": null, "all_awardings": [], "subreddit_id": "t5_2ssp3", "ignore_reports": false, "body": "I've not actually watched Age of Samurai: Battle for Japan, so I am going to respond to this as I know nothing how it portrays the events of the Sengoku Jidai. However, this is indeed a broad set of topics that are linked together.   \n\n\nKyoto during this time is in the middle of the Muromachi Period, the later half of the Ashikaga shogunate. The Muromachi Period started when the Ashikaga ended Go Daigo's attempt to restore power to the emperor, which the Ashikaga and many samurai did not agree with. If we want to talk about the decline of Imperial centralized authority we can start here, or go back to the Kamakura shogunate, but for Sengoku Jidai we mostly have to talk about the rise of the Muromachi and the limited power the Ashikaga shoguns actually had.   \n(If you really want to learn about when Imperial power waned, look up information of the Kenmu Restoration, and the Northern/Southern Courts Period aka the start of the Muromachi and are interesting stuff)   \n\n\nYou see imperial power and the emperor had local lords, usually in the form of imperial aristocrats rule imperial territories. These imperial estates granted local power to bureaucrats and distinguished families. There were also military postings in said territories where samurai families would slowly grow local power. However, by the time of the Onin War near the middle of the Ashikaga's reign. The local lands that had been administrated by bureaucrats who were given authority from the capital slowly lost those lands. These local imperial bureaucrats were replaced by military governors. The Ashikaga gave land to samurai and powerful military families and didn't control a lot of land themselves. Those same local samurai families. Whom, would later become daimyo families that we will see in the Sengoku Jidai.   \n\n\nAs time went on the local daimyo had more power and the the Ashikaga shoguns had to rely on them to maintain power. The Ashikaga meanwhile used the emperor for their own legitimacy. The emperor by the time of the Onin War was destitute and Kyoto and the emperor were only symbolic. Local power and conflict began to start small scale wars, hence why the Sengoku Jidai is known as the \"Warring States Period\". As many of these local areas had more authority than the capital, the emperor or the Ashikaga.   \n\n\nMany of the powerful family before the Onin War had also been granted imperial country under the shoen or estates. The Uesugi, Imagawa, etc held prestige because they claimed not only military power, but Imperial power. Although, locally the only power that meant anything was military. We slowly see the erosion of Imperial and Shogun rule by the time Nobugana comes to power, and it is with this that military power reigns absolute and any use of Imperial power is just for prestige, power, and legitimacy.", "edited": false, "downs": 0, "author_flair_css_class": null, "is_submitter": false, "collapsed": false, "author_flair_richtext": [], "author_patreon_flair": false, "body_html": "&lt;div class=\"md\"&gt;&lt;p&gt;I&amp;#39;ve not actually watched Age of Samurai: Battle for Japan, so I am going to respond to this as I know nothing how it portrays the events of the Sengoku Jidai. However, this is indeed a broad set of topics that are linked together.   &lt;/p&gt;\n\n&lt;p&gt;Kyoto during this time is in the middle of the Muromachi Period, the later half of the Ashikaga shogunate. The Muromachi Period started when the Ashikaga ended Go Daigo&amp;#39;s attempt to restore power to the emperor, which the Ashikaga and many samurai did not agree with. If we want to talk about the decline of Imperial centralized authority we can start here, or go back to the Kamakura shogunate, but for Sengoku Jidai we mostly have to talk about the rise of the Muromachi and the limited power the Ashikaga shoguns actually had.&lt;br/&gt;\n(If you really want to learn about when Imperial power waned, look up information of the Kenmu Restoration, and the Northern/Southern Courts Period aka the start of the Muromachi and are interesting stuff)   &lt;/p&gt;\n\n&lt;p&gt;You see imperial power and the emperor had local lords, usually in the form of imperial aristocrats rule imperial territories. These imperial estates granted local power to bureaucrats and distinguished families. There were also military postings in said territories where samurai families would slowly grow local power. However, by the time of the Onin War near the middle of the Ashikaga&amp;#39;s reign. The local lands that had been administrated by bureaucrats who were given authority from the capital slowly lost those lands. These local imperial bureaucrats were replaced by military governors. The Ashikaga gave land to samurai and powerful military families and didn&amp;#39;t control a lot of land themselves. Those same local samurai families. Whom, would later become daimyo families that we will see in the Sengoku Jidai.   &lt;/p&gt;\n\n&lt;p&gt;As time went on the local daimyo had more power and the the Ashikaga shoguns had to rely on them to maintain power. The Ashikaga meanwhile used the emperor for their own legitimacy. The emperor by the time of the Onin War was destitute and Kyoto and the emperor were only symbolic. Local power and conflict began to start small scale wars, hence why the Sengoku Jidai is known as the &amp;quot;Warring States Period&amp;quot;. As many of these local areas had more authority than the capital, the emperor or the Ashikaga.   &lt;/p&gt;\n\n&lt;p&gt;Many of the powerful family before the Onin War had also been granted imperial country under the shoen or estates. The Uesugi, Imagawa, etc held prestige because they claimed not only military power, but Imperial power. Although, locally the only power that meant anything was military. We slowly see the erosion of Imperial and Shogun rule by the time Nobugana comes to power, and it is with this that military power reigns absolute and any use of Imperial power is just for prestige, power, and legitimacy.&lt;/p&gt;\n&lt;/div&gt;", "gildings": {}, "collapsed_reason": null, "associated_award": null, "stickied": false, "author_premium": false, "subreddit_type": "public", "can_gild": true, "top_awarded_type": null, "approved": false, "author_flair_text_color": null, "score_hidden": false, "permalink": "/r/AskHistorians/comments/lwhplu/what_was_the_power_balance_between_the_emperor/gpk9vbv/", "num_reports": 0, "locked": false, "name": "t1_gpk9vbv", "created": 1614825560.0, "subreddit": "AskHistorians", "author_flair_text": null, "treatment_tags": [], "spam": false, "created_utc": 1614796760.0, "subreddit_name_prefixed": "r/AskHistorians", "controversiality": 0, "depth": 0, "author_flair_background_color": null, "collapsed_because_crowd_control": null, "mod_reports": [], "mod_note": null, "distinguished": null}}], "after": null, "before": null}}]