[{"kind": "Listing", "data": {"modhash": null, "dist": 1, "children": [{"kind": "t3", "data": {"author_flair_background_color": null, "approved_at_utc": 1614739296, "subreddit": "AskHistorians", "selftext": "It\u2019s only 25 pounds yet has a ridiculously high fire rate and a 2000 yard range. Belt fed machine gun. Extremely lightweight and mobile yet effective. \n\nIn comparison to the M2 Browning, that gun has the same range but a half-fire rate and more than triple the weight.\n\nWhy not just copy the MG42?", "user_reports": [], "saved": false, "mod_reason_title": null, "gilded": 0, "clicked": false, "title": "Why didn\u2019t more countries adopt and produce their own MG-42 copies after WW2", "link_flair_richtext": [], "subreddit_name_prefixed": "r/AskHistorians", "hidden": false, "pwls": 6, "link_flair_css_class": null, "downs": 0, "top_awarded_type": null, "parent_whitelist_status": "all_ads", "hide_score": false, "name": "t3_lwi1gw", "quarantine": false, "link_flair_text_color": "dark", "upvote_ratio": 0.5, "ignore_reports": false, "subreddit_type": "public", "ups": 0, "total_awards_received": 0, "media_embed": {}, "author_flair_template_id": null, "is_original_content": false, "author_fullname": "t2_6qa5yerh", "secure_media": null, "is_reddit_media_domain": false, "is_meta": false, "category": null, "secure_media_embed": {}, "link_flair_text": null, "can_mod_post": true, "score": 0, "approved_by": "Gankom", "author_premium": false, "thumbnail": "", "edited": false, "author_flair_css_class": null, "previous_visits": [1619168283.0], "author_flair_richtext": [], "gildings": {}, "content_categories": null, "is_self": true, "mod_note": null, "created": 1614764323.0, "link_flair_type": "text", "wls": 6, "removed_by_category": null, "banned_by": null, "author_flair_type": "text", "domain": "self.AskHistorians", "allow_live_comments": false, "selftext_html": "&lt;!-- SC_OFF --&gt;&lt;div class=\"md\"&gt;&lt;p&gt;It\u2019s only 25 pounds yet has a ridiculously high fire rate and a 2000 yard range. Belt fed machine gun. Extremely lightweight and mobile yet effective. &lt;/p&gt;\n\n&lt;p&gt;In comparison to the M2 Browning, that gun has the same range but a half-fire rate and more than triple the weight.&lt;/p&gt;\n\n&lt;p&gt;Why not just copy the MG42?&lt;/p&gt;\n&lt;/div&gt;&lt;!-- SC_ON --&gt;", "likes": null, "suggested_sort": null, "banned_at_utc": null, "view_count": null, "archived": false, "no_follow": true, "spam": false, "is_crosspostable": true, "pinned": false, "over_18": false, "all_awardings": [], "awarders": [], "media_only": false, "can_gild": true, "removed": false, "spoiler": false, "locked": false, "author_flair_text": null, "treatment_tags": [], "visited": false, "removed_by": null, "num_reports": 0, "distinguished": null, "subreddit_id": "t5_2ssp3", "mod_reason_by": null, "removal_reason": null, "link_flair_background_color": "", "id": "lwi1gw", "is_robot_indexable": true, "num_duplicates": 1, "report_reasons": [], "author": "PotatoPancakeKing", "discussion_type": null, "num_comments": 3, "send_replies": true, "media": null, "contest_mode": false, "author_patreon_flair": false, "approved": true, "author_flair_text_color": null, "permalink": "/r/AskHistorians/comments/lwi1gw/why_didnt_more_countries_adopt_and_produce_their/", "whitelist_status": "all_ads", "stickied": false, "url": "https://www.reddit.com/r/AskHistorians/comments/lwi1gw/why_didnt_more_countries_adopt_and_produce_their/", "subreddit_subscribers": 1341780, "created_utc": 1614735523.0, "num_crossposts": 0, "mod_reports": [], "is_video": false}}], "after": null, "before": null}}, {"kind": "Listing", "data": {"modhash": null, "dist": null, "children": [{"kind": "t1", "data": {"total_awards_received": 0, "approved_at_utc": null, "comment_type": null, "awarders": [], "mod_reason_by": null, "banned_by": null, "ups": 1, "author_flair_type": "text", "removal_reason": null, "link_id": "t3_lwi1gw", "author_flair_template_id": null, "likes": null, "replies": "", "user_reports": [], "saved": false, "id": "gphh5lt", "banned_at_utc": null, "mod_reason_title": null, "gilded": 0, "archived": false, "removed": false, "no_follow": false, "author": "AutoModerator", "can_mod_post": true, "send_replies": false, "parent_id": "t3_lwi1gw", "score": 1, "author_fullname": "t2_6l4z3", "report_reasons": [], "approved_by": null, "all_awardings": [], "subreddit_id": "t5_2ssp3", "ignore_reports": false, "body": "Welcome to /r/AskHistorians. **Please [Read Our Rules](https://www.reddit.com/r/AskHistorians/wiki/rules) before you comment in this community**. Understand that [rule breaking comments get removed](https://www.reddit.com/r/AskHistorians/comments/h8aefx/rules_roundtable_xviii_removed_curation_and_why/).\n\n#Please consider **[Clicking Here for RemindMeBot](https://www.reddit.com/message/compose/?to=RemindMeBot&amp;subject=Reminder&amp;message=%5Bhttps://www.reddit.com/r/AskHistorians/comments/lwi1gw/why_didnt_more_countries_adopt_and_produce_their/%5D%0A%0ARemindMe!%202%20days)** as it takes time for an answer to be written. \n\nWe thank you for your interest in this *question*, and your patience in waiting for an in-depth and comprehensive answer to show up. In addition to RemindMeBot, consider [using our Browser Extension](https://www.reddit.com/r/AskHistorians/comments/d6dzi7/tired_of_clicking_to_find_only_removed_comments/), or getting the [Weekly Roundup](https://www.reddit.com/message/compose?to=subredditsummarybot&amp;subject=askhistorians+weekly&amp;message=x). In the meantime our [Twitter](https://twitter.com/askhistorians), [Facebook](https://www.facebook.com/askhistorians/), and [Sunday Digest](https://www.reddit.com/r/AskHistorians/search?q=title%3A%22Sunday+Digest%22&amp;restrict_sr=on&amp;sort=new&amp;t=all) feature excellent content that has already been written!\n\n\n*I am a bot, and this action was performed automatically. Please [contact the moderators of this subreddit](/message/compose/?to=/r/AskHistorians) if you have any questions or concerns.*", "edited": false, "downs": 0, "author_flair_css_class": null, "is_submitter": false, "collapsed": false, "author_flair_richtext": [], "author_patreon_flair": false, "body_html": "&lt;div class=\"md\"&gt;&lt;p&gt;Welcome to &lt;a href=\"/r/AskHistorians\"&gt;/r/AskHistorians&lt;/a&gt;. &lt;strong&gt;Please &lt;a href=\"https://www.reddit.com/r/AskHistorians/wiki/rules\"&gt;Read Our Rules&lt;/a&gt; before you comment in this community&lt;/strong&gt;. Understand that &lt;a href=\"https://www.reddit.com/r/AskHistorians/comments/h8aefx/rules_roundtable_xviii_removed_curation_and_why/\"&gt;rule breaking comments get removed&lt;/a&gt;.&lt;/p&gt;\n\n&lt;h1&gt;Please consider &lt;strong&gt;&lt;a href=\"https://www.reddit.com/message/compose/?to=RemindMeBot&amp;amp;subject=Reminder&amp;amp;message=%5Bhttps://www.reddit.com/r/AskHistorians/comments/lwi1gw/why_didnt_more_countries_adopt_and_produce_their/%5D%0A%0ARemindMe!%202%20days\"&gt;Clicking Here for RemindMeBot&lt;/a&gt;&lt;/strong&gt; as it takes time for an answer to be written.&lt;/h1&gt;\n\n&lt;p&gt;We thank you for your interest in this &lt;em&gt;question&lt;/em&gt;, and your patience in waiting for an in-depth and comprehensive answer to show up. In addition to RemindMeBot, consider &lt;a href=\"https://www.reddit.com/r/AskHistorians/comments/d6dzi7/tired_of_clicking_to_find_only_removed_comments/\"&gt;using our Browser Extension&lt;/a&gt;, or getting the &lt;a href=\"https://www.reddit.com/message/compose?to=subredditsummarybot&amp;amp;subject=askhistorians+weekly&amp;amp;message=x\"&gt;Weekly Roundup&lt;/a&gt;. In the meantime our &lt;a href=\"https://twitter.com/askhistorians\"&gt;Twitter&lt;/a&gt;, &lt;a href=\"https://www.facebook.com/askhistorians/\"&gt;Facebook&lt;/a&gt;, and &lt;a href=\"https://www.reddit.com/r/AskHistorians/search?q=title%3A%22Sunday+Digest%22&amp;amp;restrict_sr=on&amp;amp;sort=new&amp;amp;t=all\"&gt;Sunday Digest&lt;/a&gt; feature excellent content that has already been written!&lt;/p&gt;\n\n&lt;p&gt;&lt;em&gt;I am a bot, and this action was performed automatically. Please &lt;a href=\"/message/compose/?to=/r/AskHistorians\"&gt;contact the moderators of this subreddit&lt;/a&gt; if you have any questions or concerns.&lt;/em&gt;&lt;/p&gt;\n&lt;/div&gt;", "gildings": {}, "collapsed_reason": null, "associated_award": null, "stickied": true, "author_premium": true, "subreddit_type": "public", "can_gild": true, "top_awarded_type": null, "approved": false, "author_flair_text_color": null, "score_hidden": false, "permalink": "/r/AskHistorians/comments/lwi1gw/why_didnt_more_countries_adopt_and_produce_their/gphh5lt/", "num_reports": 0, "locked": true, "name": "t1_gphh5lt", "created": 1614764323.0, "subreddit": "AskHistorians", "author_flair_text": null, "treatment_tags": [], "spam": false, "created_utc": 1614735523.0, "subreddit_name_prefixed": "r/AskHistorians", "controversiality": 0, "depth": 0, "author_flair_background_color": null, "collapsed_because_crowd_control": null, "mod_reports": [], "mod_note": null, "distinguished": "moderator"}}, {"kind": "t1", "data": {"total_awards_received": 0, "approved_at_utc": null, "comment_type": null, "awarders": [], "mod_reason_by": null, "banned_by": null, "ups": 13, "author_flair_type": "text", "removal_reason": null, "link_id": "t3_lwi1gw", "author_flair_template_id": null, "likes": null, "replies": "", "user_reports": [], "saved": false, "id": "gphmxps", "banned_at_utc": null, "mod_reason_title": null, "gilded": 0, "archived": false, "removed": false, "no_follow": false, "author": "Meesus", "can_mod_post": true, "send_replies": true, "parent_id": "t3_lwi1gw", "score": 13, "author_fullname": "t2_cycvx", "report_reasons": [], "approved_by": null, "all_awardings": [], "subreddit_id": "t5_2ssp3", "ignore_reports": false, "body": "It sounds like you're misunderstanding the roles of the the two guns. The MG42 was a rifle-caliber general purpose machinegun (GPMG), while the M2 Browning was a heavy machinegun (HMG). Whereas a GPMG is intended for flexibility in roles as both a light machinegun and mounted machinegun (on tripods or vehicles), HMGs - especially large caliber HMGs like the M2 - are designed purely for fixed mounts. Heavy caliber guns like the M2 are also employed more as anti-vehicle weapons than anti-infantry weapons.\n\nBut getting to the core of your question - some tried, and ultimately elements of it were copied by some. The general concept of a GPMG was adopted by pretty much everyone postwar. The concept likely would have seen adoption regardless of the presence of the MG42 and the earlier MG34 that pioneered the concept, as we see with the British development of the Bren Gun that had similar aims (albeit worse execution). But there are issues that precluded simply adopting the MG42 itself.\n\nThe first and most obvious is ammunition compatibility. The MG42 was chambered in 8mm Mauser, and postwar operators would be using any number of different calibers. Conversion of the design is an option, but it's not trivial. The US, for example, had arguably the best chance with the similarly-sized 30-06 cartridge, but their experiments with rechambering MG42s were fraught with reliability issues and they never really got a simple conversion workable. The Soviets and British, both using rimmed rifle cartridges, would have an even harder time adapting the design to their indigenous cartridges. On top of that, there's the normal factors that slow procurement - the marginal improvement not being worth the cost of re-equipping. Armies at the end of WW2 were demobilizing and were already trained for the large stocks of equipment they had fought the war with. Wartime experience had already shown that the impact of German GPMGs was not decisive in infantry combat, and thus the limited efforts would focus on other areas.\n\nFor the Soviets, they seemed to focus on making firepower more compact and controllable with the 7.62x39 cartridge, which they would develop a rifle (SKS), submachinegun (AK-47) and squad automatic rifle (RPD) to fire. Though they didn't have a common platform for GPMG roles, their wartime weapons were generally good enough (SG-43 in the medium machinegun roles, DPM in the light machinegun roles), and the Soviets were content enough for some time with the belt-fed conversion of the DPM (RP-46) to mitigate the most obvious failings of their light machineguns. They did finally come around to adopting a true GPMG, but that came at the end of the 1950s after experience showed that their squad automatics (RPD and RPK) didn't provide the firepower they wanted. However, they would develop an indigenous design - the PK - that would in many ways come to be considered a gold standard for GPMGs going forward.\n\nThe US, meanwhile, had more pressing needs to replace their light machinegun - the BAR - which was probably the weakest of the major powers' guns, but they opted to develop designs indigenously. The result here - the M60 - drew heavily on successful elements of the MG42, but it had a more reasonable rate of fire. The rest of NATO, meanwhile, generally opted for the FN MAG, despite the development of an MG42 derivative that chambered the NATO standard cartridge (the MG3). There were plenty of reasons behind that, but a big deciding factor was the fire rate - the fire rate of the MG42 and its derivatives hits diminishing returns, especially in a time when the antiaircraft role of GPMGs has fallen out of favor. Now, the high fire rate is more of a liability due to excessive expenditure of ammunition and more rapid heating of the barrels.\n\nEffectively, the GPMG concept exemplified by the MG42 was generally adopted worldwide, but in new designs rather than by adopting the MG42 itself. While the MG42 had excellent elements to it that were copied by some later designs (the top cover in the M60 and the feed mechanism and trigger in the FN MAG), conversions were less popular in the Cold War.", "edited": false, "downs": 0, "author_flair_css_class": null, "is_submitter": false, "collapsed": false, "author_flair_richtext": [], "author_patreon_flair": false, "body_html": "&lt;div class=\"md\"&gt;&lt;p&gt;It sounds like you&amp;#39;re misunderstanding the roles of the the two guns. The MG42 was a rifle-caliber general purpose machinegun (GPMG), while the M2 Browning was a heavy machinegun (HMG). Whereas a GPMG is intended for flexibility in roles as both a light machinegun and mounted machinegun (on tripods or vehicles), HMGs - especially large caliber HMGs like the M2 - are designed purely for fixed mounts. Heavy caliber guns like the M2 are also employed more as anti-vehicle weapons than anti-infantry weapons.&lt;/p&gt;\n\n&lt;p&gt;But getting to the core of your question - some tried, and ultimately elements of it were copied by some. The general concept of a GPMG was adopted by pretty much everyone postwar. The concept likely would have seen adoption regardless of the presence of the MG42 and the earlier MG34 that pioneered the concept, as we see with the British development of the Bren Gun that had similar aims (albeit worse execution). But there are issues that precluded simply adopting the MG42 itself.&lt;/p&gt;\n\n&lt;p&gt;The first and most obvious is ammunition compatibility. The MG42 was chambered in 8mm Mauser, and postwar operators would be using any number of different calibers. Conversion of the design is an option, but it&amp;#39;s not trivial. The US, for example, had arguably the best chance with the similarly-sized 30-06 cartridge, but their experiments with rechambering MG42s were fraught with reliability issues and they never really got a simple conversion workable. The Soviets and British, both using rimmed rifle cartridges, would have an even harder time adapting the design to their indigenous cartridges. On top of that, there&amp;#39;s the normal factors that slow procurement - the marginal improvement not being worth the cost of re-equipping. Armies at the end of WW2 were demobilizing and were already trained for the large stocks of equipment they had fought the war with. Wartime experience had already shown that the impact of German GPMGs was not decisive in infantry combat, and thus the limited efforts would focus on other areas.&lt;/p&gt;\n\n&lt;p&gt;For the Soviets, they seemed to focus on making firepower more compact and controllable with the 7.62x39 cartridge, which they would develop a rifle (SKS), submachinegun (AK-47) and squad automatic rifle (RPD) to fire. Though they didn&amp;#39;t have a common platform for GPMG roles, their wartime weapons were generally good enough (SG-43 in the medium machinegun roles, DPM in the light machinegun roles), and the Soviets were content enough for some time with the belt-fed conversion of the DPM (RP-46) to mitigate the most obvious failings of their light machineguns. They did finally come around to adopting a true GPMG, but that came at the end of the 1950s after experience showed that their squad automatics (RPD and RPK) didn&amp;#39;t provide the firepower they wanted. However, they would develop an indigenous design - the PK - that would in many ways come to be considered a gold standard for GPMGs going forward.&lt;/p&gt;\n\n&lt;p&gt;The US, meanwhile, had more pressing needs to replace their light machinegun - the BAR - which was probably the weakest of the major powers&amp;#39; guns, but they opted to develop designs indigenously. The result here - the M60 - drew heavily on successful elements of the MG42, but it had a more reasonable rate of fire. The rest of NATO, meanwhile, generally opted for the FN MAG, despite the development of an MG42 derivative that chambered the NATO standard cartridge (the MG3). There were plenty of reasons behind that, but a big deciding factor was the fire rate - the fire rate of the MG42 and its derivatives hits diminishing returns, especially in a time when the antiaircraft role of GPMGs has fallen out of favor. Now, the high fire rate is more of a liability due to excessive expenditure of ammunition and more rapid heating of the barrels.&lt;/p&gt;\n\n&lt;p&gt;Effectively, the GPMG concept exemplified by the MG42 was generally adopted worldwide, but in new designs rather than by adopting the MG42 itself. While the MG42 had excellent elements to it that were copied by some later designs (the top cover in the M60 and the feed mechanism and trigger in the FN MAG), conversions were less popular in the Cold War.&lt;/p&gt;\n&lt;/div&gt;", "gildings": {}, "collapsed_reason": null, "associated_award": null, "stickied": false, "author_premium": false, "subreddit_type": "public", "can_gild": true, "top_awarded_type": null, "approved": false, "author_flair_text_color": null, "score_hidden": false, "permalink": "/r/AskHistorians/comments/lwi1gw/why_didnt_more_countries_adopt_and_produce_their/gphmxps/", "num_reports": 0, "locked": false, "name": "t1_gphmxps", "created": 1614767308.0, "subreddit": "AskHistorians", "author_flair_text": null, "treatment_tags": [], "spam": false, "created_utc": 1614738508.0, "subreddit_name_prefixed": "r/AskHistorians", "controversiality": 0, "depth": 0, "author_flair_background_color": null, "collapsed_because_crowd_control": null, "mod_reports": [], "mod_note": null, "distinguished": null}}, {"kind": "t1", "data": {"total_awards_received": 0, "approved_at_utc": null, "comment_type": null, "awarders": [], "mod_reason_by": null, "banned_by": "commiespaceinvader", "ups": 1, "author_flair_type": "text", "removal_reason": null, "link_id": "t3_lwi1gw", "author_flair_template_id": null, "likes": null, "replies": "", "user_reports": [], "ban_note": "remove not spam", "saved": false, "id": "gpidcst", "banned_at_utc": 1614757608, "mod_reason_title": null, "gilded": 0, "archived": false, "removed": true, "no_follow": true, "author": "Rufousfilly5", "can_mod_post": true, "send_replies": true, "parent_id": "t3_lwi1gw", "score": 1, "author_fullname": "t2_491iff4o", "report_reasons": [], "approved_by": null, "all_awardings": [], "subreddit_id": "t5_2ssp3", "ignore_reports": false, "body": "One reason is after WW2 countries started developing more modular systems for weapons (ex: modern AR platforms).", "edited": false, "downs": 0, "author_flair_css_class": null, "is_submitter": false, "collapsed": false, "author_flair_richtext": [], "author_patreon_flair": false, "collapsed_reason": null, "gildings": {}, "associated_award": null, "stickied": false, "author_premium": false, "subreddit_type": "public", "can_gild": true, "top_awarded_type": null, "approved": false, "author_flair_text_color": null, "score_hidden": false, "permalink": "/r/AskHistorians/comments/lwi1gw/why_didnt_more_countries_adopt_and_produce_their/gpidcst/", "num_reports": 0, "locked": false, "name": "t1_gpidcst", "created": 1614783605.0, "subreddit": "AskHistorians", "author_flair_text": null, "treatment_tags": [], "spam": false, "created_utc": 1614754805.0, "subreddit_name_prefixed": "r/AskHistorians", "controversiality": 0, "depth": 0, "author_flair_background_color": null, "collapsed_because_crowd_control": null, "mod_reports": [], "body_html": "&lt;div class=\"md\"&gt;&lt;p&gt;One reason is after WW2 countries started developing more modular systems for weapons (ex: modern AR platforms).&lt;/p&gt;\n&lt;/div&gt;", "mod_note": null, "distinguished": null}}], "after": null, "before": null}}]