[{"kind": "Listing", "data": {"modhash": null, "dist": 1, "children": [{"kind": "t3", "data": {"author_flair_background_color": null, "approved_at_utc": 1614787389, "subreddit": "AskHistorians", "selftext": "For instance I have heard in Japan, you can get years of prison for personal amounts of weed. What reasons would they have had to ban and harshly punish the use of what was prior considered an innocuous drug in most of the world?", "user_reports": [], "saved": false, "mod_reason_title": null, "gilded": 0, "clicked": false, "title": "Nixon purportedly started the war on drugs to harass the civil rights movement and minorities. If that is the case, for what reason did other countries (Japan for instance) adopt their own tough on drugs legislation?", "link_flair_richtext": [], "subreddit_name_prefixed": "r/AskHistorians", "hidden": false, "pwls": 6, "link_flair_css_class": null, "downs": 0, "top_awarded_type": null, "parent_whitelist_status": "all_ads", "hide_score": false, "name": "t3_lwpeg8", "quarantine": false, "link_flair_text_color": "dark", "upvote_ratio": 0.82, "ignore_reports": false, "subreddit_type": "public", "ups": 28, "total_awards_received": 0, "media_embed": {}, "author_flair_template_id": null, "is_original_content": false, "author_fullname": "t2_2ki7gz8d", "secure_media": null, "is_reddit_media_domain": false, "is_meta": false, "category": null, "secure_media_embed": {}, "link_flair_text": null, "can_mod_post": true, "score": 28, "approved_by": "Gankom", "author_premium": false, "thumbnail": "", "edited": false, "author_flair_css_class": null, "previous_visits": [1619168345.0], "author_flair_richtext": [], "gildings": {}, "content_categories": null, "is_self": true, "mod_note": null, "created": 1614790680.0, "link_flair_type": "text", "wls": 6, "removed_by_category": null, "banned_by": null, "author_flair_type": "text", "domain": "self.AskHistorians", "allow_live_comments": false, "selftext_html": "&lt;!-- SC_OFF --&gt;&lt;div class=\"md\"&gt;&lt;p&gt;For instance I have heard in Japan, you can get years of prison for personal amounts of weed. What reasons would they have had to ban and harshly punish the use of what was prior considered an innocuous drug in most of the world?&lt;/p&gt;\n&lt;/div&gt;&lt;!-- SC_ON --&gt;", "likes": null, "suggested_sort": null, "banned_at_utc": null, "view_count": null, "archived": false, "no_follow": false, "spam": false, "is_crosspostable": true, "pinned": false, "over_18": false, "all_awardings": [], "awarders": [], "media_only": false, "can_gild": true, "removed": false, "spoiler": false, "locked": false, "author_flair_text": null, "treatment_tags": [], "visited": false, "removed_by": null, "num_reports": 0, "distinguished": null, "subreddit_id": "t5_2ssp3", "mod_reason_by": null, "removal_reason": null, "link_flair_background_color": "", "id": "lwpeg8", "is_robot_indexable": true, "num_duplicates": 1, "report_reasons": [], "author": "throwaway600million", "discussion_type": null, "num_comments": 4, "send_replies": true, "media": null, "contest_mode": false, "author_patreon_flair": false, "approved": true, "author_flair_text_color": null, "permalink": "/r/AskHistorians/comments/lwpeg8/nixon_purportedly_started_the_war_on_drugs_to/", "whitelist_status": "all_ads", "stickied": false, "url": "https://www.reddit.com/r/AskHistorians/comments/lwpeg8/nixon_purportedly_started_the_war_on_drugs_to/", "subreddit_subscribers": 1341780, "created_utc": 1614761880.0, "num_crossposts": 0, "mod_reports": [], "is_video": false}}], "after": null, "before": null}}, {"kind": "Listing", "data": {"modhash": null, "dist": null, "children": [{"kind": "t1", "data": {"total_awards_received": 0, "approved_at_utc": null, "comment_type": null, "awarders": [], "mod_reason_by": null, "banned_by": null, "ups": 1, "author_flair_type": "text", "removal_reason": null, "link_id": "t3_lwpeg8", "author_flair_template_id": null, "likes": null, "replies": "", "user_reports": [], "saved": false, "id": "gpil77l", "banned_at_utc": null, "mod_reason_title": null, "gilded": 0, "archived": false, "removed": false, "no_follow": true, "author": "AutoModerator", "can_mod_post": true, "send_replies": false, "parent_id": "t3_lwpeg8", "score": 1, "author_fullname": "t2_6l4z3", "report_reasons": [], "approved_by": null, "all_awardings": [], "subreddit_id": "t5_2ssp3", "ignore_reports": false, "body": "Welcome to /r/AskHistorians. **Please [Read Our Rules](https://www.reddit.com/r/AskHistorians/wiki/rules) before you comment in this community**. Understand that [rule breaking comments get removed](https://www.reddit.com/r/AskHistorians/comments/h8aefx/rules_roundtable_xviii_removed_curation_and_why/).\n\n#Please consider **[Clicking Here for RemindMeBot](https://www.reddit.com/message/compose/?to=RemindMeBot&amp;subject=Reminder&amp;message=%5Bhttps://www.reddit.com/r/AskHistorians/comments/lwpeg8/nixon_purportedly_started_the_war_on_drugs_to/%5D%0A%0ARemindMe!%202%20days)** as it takes time for an answer to be written. \n\nWe thank you for your interest in this *question*, and your patience in waiting for an in-depth and comprehensive answer to show up. In addition to RemindMeBot, consider [using our Browser Extension](https://www.reddit.com/r/AskHistorians/comments/d6dzi7/tired_of_clicking_to_find_only_removed_comments/), or getting the [Weekly Roundup](https://www.reddit.com/message/compose?to=subredditsummarybot&amp;subject=askhistorians+weekly&amp;message=x). In the meantime our [Twitter](https://twitter.com/askhistorians), [Facebook](https://www.facebook.com/askhistorians/), and [Sunday Digest](https://www.reddit.com/r/AskHistorians/search?q=title%3A%22Sunday+Digest%22&amp;restrict_sr=on&amp;sort=new&amp;t=all) feature excellent content that has already been written!\n\n\n*I am a bot, and this action was performed automatically. Please [contact the moderators of this subreddit](/message/compose/?to=/r/AskHistorians) if you have any questions or concerns.*", "edited": false, "downs": 0, "author_flair_css_class": null, "is_submitter": false, "collapsed": false, "author_flair_richtext": [], "author_patreon_flair": false, "body_html": "&lt;div class=\"md\"&gt;&lt;p&gt;Welcome to &lt;a href=\"/r/AskHistorians\"&gt;/r/AskHistorians&lt;/a&gt;. &lt;strong&gt;Please &lt;a href=\"https://www.reddit.com/r/AskHistorians/wiki/rules\"&gt;Read Our Rules&lt;/a&gt; before you comment in this community&lt;/strong&gt;. Understand that &lt;a href=\"https://www.reddit.com/r/AskHistorians/comments/h8aefx/rules_roundtable_xviii_removed_curation_and_why/\"&gt;rule breaking comments get removed&lt;/a&gt;.&lt;/p&gt;\n\n&lt;h1&gt;Please consider &lt;strong&gt;&lt;a href=\"https://www.reddit.com/message/compose/?to=RemindMeBot&amp;amp;subject=Reminder&amp;amp;message=%5Bhttps://www.reddit.com/r/AskHistorians/comments/lwpeg8/nixon_purportedly_started_the_war_on_drugs_to/%5D%0A%0ARemindMe!%202%20days\"&gt;Clicking Here for RemindMeBot&lt;/a&gt;&lt;/strong&gt; as it takes time for an answer to be written.&lt;/h1&gt;\n\n&lt;p&gt;We thank you for your interest in this &lt;em&gt;question&lt;/em&gt;, and your patience in waiting for an in-depth and comprehensive answer to show up. In addition to RemindMeBot, consider &lt;a href=\"https://www.reddit.com/r/AskHistorians/comments/d6dzi7/tired_of_clicking_to_find_only_removed_comments/\"&gt;using our Browser Extension&lt;/a&gt;, or getting the &lt;a href=\"https://www.reddit.com/message/compose?to=subredditsummarybot&amp;amp;subject=askhistorians+weekly&amp;amp;message=x\"&gt;Weekly Roundup&lt;/a&gt;. In the meantime our &lt;a href=\"https://twitter.com/askhistorians\"&gt;Twitter&lt;/a&gt;, &lt;a href=\"https://www.facebook.com/askhistorians/\"&gt;Facebook&lt;/a&gt;, and &lt;a href=\"https://www.reddit.com/r/AskHistorians/search?q=title%3A%22Sunday+Digest%22&amp;amp;restrict_sr=on&amp;amp;sort=new&amp;amp;t=all\"&gt;Sunday Digest&lt;/a&gt; feature excellent content that has already been written!&lt;/p&gt;\n\n&lt;p&gt;&lt;em&gt;I am a bot, and this action was performed automatically. Please &lt;a href=\"/message/compose/?to=/r/AskHistorians\"&gt;contact the moderators of this subreddit&lt;/a&gt; if you have any questions or concerns.&lt;/em&gt;&lt;/p&gt;\n&lt;/div&gt;", "gildings": {}, "collapsed_reason": null, "associated_award": null, "stickied": true, "author_premium": true, "subreddit_type": "public", "can_gild": true, "top_awarded_type": null, "approved": false, "author_flair_text_color": null, "score_hidden": false, "permalink": "/r/AskHistorians/comments/lwpeg8/nixon_purportedly_started_the_war_on_drugs_to/gpil77l/", "num_reports": 0, "locked": true, "name": "t1_gpil77l", "created": 1614790680.0, "subreddit": "AskHistorians", "author_flair_text": null, "treatment_tags": [], "spam": false, "created_utc": 1614761880.0, "subreddit_name_prefixed": "r/AskHistorians", "controversiality": 0, "depth": 0, "author_flair_background_color": null, "collapsed_because_crowd_control": null, "mod_reports": [], "mod_note": null, "distinguished": "moderator"}}, {"kind": "t1", "data": {"total_awards_received": 0, "approved_at_utc": null, "comment_type": null, "awarders": [], "mod_reason_by": null, "banned_by": null, "ups": 45, "author_flair_type": "text", "removal_reason": null, "link_id": "t3_lwpeg8", "author_flair_template_id": null, "likes": null, "replies": {"kind": "Listing", "data": {"modhash": null, "dist": null, "children": [{"kind": "t1", "data": {"total_awards_received": 0, "approved_at_utc": null, "ignore_reports": false, "comment_type": null, "awarders": [], "mod_reason_by": null, "banned_by": "mimicofmodes", "ups": 1, "author_flair_type": "text", "removal_reason": null, "link_id": "t3_lwpeg8", "author_flair_template_id": null, "likes": null, "replies": "", "user_reports": [], "ban_note": "remove not spam", "saved": false, "id": "gplqip4", "banned_at_utc": 1614821973, "mod_reason_title": null, "gilded": 0, "archived": false, "removed": true, "no_follow": true, "author": "easyEggplant", "can_mod_post": true, "send_replies": true, "parent_id": "t1_gpisdis", "score": 1, "author_fullname": "t2_3v3nd", "report_reasons": [], "approved_by": null, "all_awardings": [], "subreddit_id": "t5_2ssp3", "collapsed": false, "body": "&gt; n Japan ratified it was because ut was incoporated in the Treaty of Versailles in 1919, which Japan signed in an effort to show its westernization and eek out a place among western powers.\n\n`eke` is the correct spelling", "edited": false, "author_flair_css_class": null, "is_submitter": false, "downs": 0, "author_flair_richtext": [], "author_patreon_flair": false, "collapsed_reason": null, "gildings": {}, "associated_award": null, "stickied": false, "author_premium": false, "subreddit_type": "public", "can_gild": true, "top_awarded_type": null, "approved": false, "author_flair_text_color": null, "score_hidden": false, "permalink": "/r/AskHistorians/comments/lwpeg8/nixon_purportedly_started_the_war_on_drugs_to/gplqip4/", "num_reports": 0, "locked": false, "name": "t1_gplqip4", "created": 1614850432.0, "subreddit": "AskHistorians", "author_flair_text": null, "treatment_tags": [], "spam": false, "created_utc": 1614821632.0, "subreddit_name_prefixed": "r/AskHistorians", "controversiality": 0, "depth": 1, "author_flair_background_color": null, "collapsed_because_crowd_control": null, "mod_reports": [], "body_html": "&lt;div class=\"md\"&gt;&lt;blockquote&gt;\n&lt;p&gt;n Japan ratified it was because ut was incoporated in the Treaty of Versailles in 1919, which Japan signed in an effort to show its westernization and eek out a place among western powers.&lt;/p&gt;\n&lt;/blockquote&gt;\n\n&lt;p&gt;&lt;code&gt;eke&lt;/code&gt; is the correct spelling&lt;/p&gt;\n&lt;/div&gt;", "mod_note": null, "distinguished": null}}], "after": null, "before": null}}, "user_reports": [], "saved": false, "id": "gpisdis", "banned_at_utc": null, "mod_reason_title": null, "gilded": 0, "archived": false, "removed": false, "no_follow": false, "author": "serios_valorus", "can_mod_post": true, "send_replies": true, "parent_id": "t3_lwpeg8", "score": 45, "author_fullname": "t2_1oozqpc", "report_reasons": [], "approved_by": null, "all_awardings": [], "subreddit_id": "t5_2ssp3", "ignore_reports": false, "body": "Its a very loaded question to ask for a generalization of why all countries with harsh drug laws have such laws, since the reasons are usually specific to one country's history and gsopolitical situation.\n\nPlaces like Saudi Arabia have it because of their legal system being based upon religous scripture which largely admonishes thought-altering substances. Places like Brazil or Colombia have them because of a large conflict with organized crime syndicates which base most their profits on drug trade, etc, etc...\n\nThere is also a tinge of US cultural and political influence, in order to stem supply of drugs to US market, but again, its highly localized and one canr speak in such large generalities \n\n\nI will although give a bit of insight into Japan's situation as their drug laws are staggeringly harsh for a functioning democracy and their cultural attitude to drug users is highly polarized, due to the complicated history of western influences and various homegrown cultural movements.\n\nFor starters drug regulation and criminalization started with \u00a0the first International Opium Convention\u00a0in 1912, where a resolution was made prohibiting the abuse of opium, morphine and cocaine, the reason Japan ratified it was because ut was incoporated in the Treaty of Versailles in 1919, which Japan signed in an effort to show its westernization and eek out a place among western powers.\n\nThe provision was relatively minor at the time and wasnt seen as an important part of the Treaty, but Japan enforced to show its effort to westernize and also as a prevention because of the opium epidemic witnessesed previously in China.\n\nAlthough it must be noted the provisions of those days were related to the manufacture of cannabis (which could be allowed through a notification to the Interior Minister), import and export and transfer procedures, as stipulated through Interior Ordinance 1930 - 17.\n\nThe real start of heavier provisions and criminalization of possession/use started with the  Imperial Decree No. 542, 1945. This was a a part of the ratifucation of the Potsdam Emergency Decree for Japan after its surrender to the US in 1945 and its subsequent approval of the Postdam declaration.\n\nThis law was highly enforced by the US occupation force and the various laws regarding drug use and distributiob were highly encouraged to be followed. These provisions basically destroyed most farmer cultures of hemp production, which had been a native plant to Japan which was widely used for traditional textiles, but also ingrained a distaste for drugs in the general public.\n\nThis distaste only increases as drug marijuana was lumped with various subcultures, like futen-zoku(japanese hippie subculture which mainly used organic solvents) and the yakuza, which used and traded metamphetamine heavily(as a result of its popularity with US troops during the start of the occupation process), due to its drug status.\n\nAnd since the most powerful political coalition in Japan is highly conservative and conservative-leaning, the goverments are encouraged to take tough stances on drugs and \"shunned\" crime in general.\n\nBut there have been cracks in that, mostly due to the twofold pressing of some conservatives trying to revive hemp as a traditional textile and farm plant to veer away from western influences and progressives trying to decriminalize drug usage and the use now being obiquitous through the internet as a trading hub which cant be easily regulated.\n\nFor example the First Lady of Japan visited a hemp farm and tried to promote such farming in her social media in 2015, events like this have itensified the drug debate in Japan and revived the look at its history.\n\nThis is an article of her visit https://www.wsj.com/articles/BL-JRTB-21290\n\n\nKiyoshi Wada has an interesting writing on the topic of drug abuse and criminalization in \"The history and current state of drug abuse in Japan\"(2011)\n\nAlso Masamutsu Nagahama,  Chief of the 2nd Narcotics section in 1968 had an interesting report on the measures, effects and reasons for various drug classifications and legislation.", "edited": 1614775088.0, "downs": 0, "author_flair_css_class": null, "is_submitter": false, "collapsed": false, "author_flair_richtext": [], "author_patreon_flair": false, "body_html": "&lt;div class=\"md\"&gt;&lt;p&gt;Its a very loaded question to ask for a generalization of why all countries with harsh drug laws have such laws, since the reasons are usually specific to one country&amp;#39;s history and gsopolitical situation.&lt;/p&gt;\n\n&lt;p&gt;Places like Saudi Arabia have it because of their legal system being based upon religous scripture which largely admonishes thought-altering substances. Places like Brazil or Colombia have them because of a large conflict with organized crime syndicates which base most their profits on drug trade, etc, etc...&lt;/p&gt;\n\n&lt;p&gt;There is also a tinge of US cultural and political influence, in order to stem supply of drugs to US market, but again, its highly localized and one canr speak in such large generalities &lt;/p&gt;\n\n&lt;p&gt;I will although give a bit of insight into Japan&amp;#39;s situation as their drug laws are staggeringly harsh for a functioning democracy and their cultural attitude to drug users is highly polarized, due to the complicated history of western influences and various homegrown cultural movements.&lt;/p&gt;\n\n&lt;p&gt;For starters drug regulation and criminalization started with \u00a0the first International Opium Convention\u00a0in 1912, where a resolution was made prohibiting the abuse of opium, morphine and cocaine, the reason Japan ratified it was because ut was incoporated in the Treaty of Versailles in 1919, which Japan signed in an effort to show its westernization and eek out a place among western powers.&lt;/p&gt;\n\n&lt;p&gt;The provision was relatively minor at the time and wasnt seen as an important part of the Treaty, but Japan enforced to show its effort to westernize and also as a prevention because of the opium epidemic witnessesed previously in China.&lt;/p&gt;\n\n&lt;p&gt;Although it must be noted the provisions of those days were related to the manufacture of cannabis (which could be allowed through a notification to the Interior Minister), import and export and transfer procedures, as stipulated through Interior Ordinance 1930 - 17.&lt;/p&gt;\n\n&lt;p&gt;The real start of heavier provisions and criminalization of possession/use started with the  Imperial Decree No. 542, 1945. This was a a part of the ratifucation of the Potsdam Emergency Decree for Japan after its surrender to the US in 1945 and its subsequent approval of the Postdam declaration.&lt;/p&gt;\n\n&lt;p&gt;This law was highly enforced by the US occupation force and the various laws regarding drug use and distributiob were highly encouraged to be followed. These provisions basically destroyed most farmer cultures of hemp production, which had been a native plant to Japan which was widely used for traditional textiles, but also ingrained a distaste for drugs in the general public.&lt;/p&gt;\n\n&lt;p&gt;This distaste only increases as drug marijuana was lumped with various subcultures, like futen-zoku(japanese hippie subculture which mainly used organic solvents) and the yakuza, which used and traded metamphetamine heavily(as a result of its popularity with US troops during the start of the occupation process), due to its drug status.&lt;/p&gt;\n\n&lt;p&gt;And since the most powerful political coalition in Japan is highly conservative and conservative-leaning, the goverments are encouraged to take tough stances on drugs and &amp;quot;shunned&amp;quot; crime in general.&lt;/p&gt;\n\n&lt;p&gt;But there have been cracks in that, mostly due to the twofold pressing of some conservatives trying to revive hemp as a traditional textile and farm plant to veer away from western influences and progressives trying to decriminalize drug usage and the use now being obiquitous through the internet as a trading hub which cant be easily regulated.&lt;/p&gt;\n\n&lt;p&gt;For example the First Lady of Japan visited a hemp farm and tried to promote such farming in her social media in 2015, events like this have itensified the drug debate in Japan and revived the look at its history.&lt;/p&gt;\n\n&lt;p&gt;This is an article of her visit &lt;a href=\"https://www.wsj.com/articles/BL-JRTB-21290\"&gt;https://www.wsj.com/articles/BL-JRTB-21290&lt;/a&gt;&lt;/p&gt;\n\n&lt;p&gt;Kiyoshi Wada has an interesting writing on the topic of drug abuse and criminalization in &amp;quot;The history and current state of drug abuse in Japan&amp;quot;(2011)&lt;/p&gt;\n\n&lt;p&gt;Also Masamutsu Nagahama,  Chief of the 2nd Narcotics section in 1968 had an interesting report on the measures, effects and reasons for various drug classifications and legislation.&lt;/p&gt;\n&lt;/div&gt;", "gildings": {}, "collapsed_reason": null, "associated_award": null, "stickied": false, "author_premium": false, "subreddit_type": "public", "can_gild": true, "top_awarded_type": null, "approved": false, "author_flair_text_color": null, "score_hidden": false, "permalink": "/r/AskHistorians/comments/lwpeg8/nixon_purportedly_started_the_war_on_drugs_to/gpisdis/", "num_reports": 0, "locked": false, "name": "t1_gpisdis", "created": 1614797693.0, "subreddit": "AskHistorians", "author_flair_text": null, "treatment_tags": [], "spam": false, "created_utc": 1614768893.0, "subreddit_name_prefixed": "r/AskHistorians", "controversiality": 0, "depth": 0, "author_flair_background_color": null, "collapsed_because_crowd_control": null, "mod_reports": [], "mod_note": null, "distinguished": null}}, {"kind": "t1", "data": {"total_awards_received": 0, "approved_at_utc": null, "comment_type": null, "awarders": [], "mod_reason_by": null, "banned_by": "Gankom", "ups": 1, "author_flair_type": "text", "removal_reason": null, "link_id": "t3_lwpeg8", "author_flair_template_id": null, "likes": null, "replies": "", "user_reports": [], "ban_note": "remove not spam", "saved": false, "id": "gpmbp8j", "banned_at_utc": 1614833261, "mod_reason_title": null, "gilded": 0, "archived": false, "removed": true, "no_follow": true, "author": "hejira", "can_mod_post": true, "send_replies": true, "parent_id": "t3_lwpeg8", "score": 1, "author_fullname": "t2_bhefq", "report_reasons": [], "approved_by": null, "all_awardings": [], "subreddit_id": "t5_2ssp3", "ignore_reports": false, "body": "Is this rhetorical or are you literally asking for someone to have the knowledge and the spare time to answer that for every individual country?", "edited": false, "downs": 0, "author_flair_css_class": null, "is_submitter": false, "collapsed": false, "author_flair_richtext": [], "author_patreon_flair": false, "collapsed_reason": null, "gildings": {}, "associated_award": null, "stickied": false, "author_premium": false, "subreddit_type": "public", "can_gild": true, "top_awarded_type": null, "approved": false, "author_flair_text_color": null, "score_hidden": false, "permalink": "/r/AskHistorians/comments/lwpeg8/nixon_purportedly_started_the_war_on_drugs_to/gpmbp8j/", "num_reports": 0, "locked": false, "name": "t1_gpmbp8j", "created": 1614861543.0, "subreddit": "AskHistorians", "author_flair_text": null, "treatment_tags": [], "spam": false, "created_utc": 1614832743.0, "subreddit_name_prefixed": "r/AskHistorians", "controversiality": 0, "depth": 0, "author_flair_background_color": null, "collapsed_because_crowd_control": null, "mod_reports": [], "body_html": "&lt;div class=\"md\"&gt;&lt;p&gt;Is this rhetorical or are you literally asking for someone to have the knowledge and the spare time to answer that for every individual country?&lt;/p&gt;\n&lt;/div&gt;", "mod_note": null, "distinguished": null}}], "after": null, "before": null}}]