[{"kind": "Listing", "data": {"modhash": null, "dist": 1, "children": [{"kind": "t3", "data": {"author_flair_background_color": null, "approved_at_utc": 1614771553, "subreddit": "AskHistorians", "selftext": "I\u2019m aware that it was an honour from the Senate to the triumvir in the settlement of 27BC, I believe. \n\nI\u2019d imagine that the name-change from Gaius Octavius to Caesar Augustus would be a way to link himself with Julius Caesar officially as his adopted father and heir, whilst Augustus was a name reflecting his virtues as well as showing respect from the Senate and people for him. Augustus\u2019 father was not a exceptionally glorious chap, as I understand it, and so losing Octavius for Augustus added to Augustus\u2019 prestige. \n\nI have been reading through Mary Beard\u2019s *Confronting the Classics: Traditions, Adventures and Innovations* in which she discusses various topics. Personally, I\u2019ve never liked Beard\u2019s work and her personality annoys me, but given she is a Professor of Classics at Cambridge, I respect her and I feel like her work should be to a high standard. \n\nMy issue with the book is that she says that Augustus dropped Octavius as it was a name associated with murder, such as the proscriptions (Is there a source for this? Beard does not specify anything.) which I\u2019d argue is no more a personal interpretation than what I said about Augustus\u2019 virtues, relationship with Caesar and prestige. \n\nI don\u2019t quite understand the connection, however. Obviously, Augustus was still the same man and it is certainly true that he glossed over his years as Octavian in the *Res Gestae*, but would the people and the Senate really have thought \u2018Augustus is a good man. Octavian killed those senators\u2019?! It seems like a loose connection to me, especially in comparison to the idea of honour and prestige. I know Augustus was appreciative of Cicero later in his life, but is there any evidence to suggest that he changed his name to lose the murderous connotations? \n\nSource: Beard, Mary. *Confronting the Classics: Traditions, Adventures and Innovations* (London: Liveright, 2013), 107\n\nApologies for formatting issues - mobile. Apologies for any slight mistakes.\n\nEdit: Does Beard have something against Augustus? \u2018Altar of Peace (for which Altar of Successful Pacification might be a better title).\u2019 (P.199)", "user_reports": [], "saved": false, "mod_reason_title": null, "gilded": 0, "clicked": false, "title": "Why did Octavian change his name to Augustus?", "link_flair_richtext": [], "subreddit_name_prefixed": "r/AskHistorians", "hidden": false, "pwls": 6, "link_flair_css_class": null, "downs": 0, "top_awarded_type": null, "parent_whitelist_status": "all_ads", "hide_score": false, "name": "t3_lwrejb", "quarantine": false, "link_flair_text_color": "dark", "upvote_ratio": 0.87, "ignore_reports": false, "subreddit_type": "public", "ups": 35, "total_awards_received": 0, "media_embed": {}, "author_flair_template_id": null, "is_original_content": false, "author_fullname": "t2_47uo7kij", "secure_media": null, "is_reddit_media_domain": false, "is_meta": false, "category": null, "secure_media_embed": {}, "link_flair_text": null, "can_mod_post": true, "score": 35, "approved_by": "EdHistory101", "author_premium": false, "thumbnail": "", "edited": 1614770666.0, "author_flair_css_class": null, "author_flair_richtext": [], "gildings": {}, "content_categories": null, "is_self": true, "mod_note": null, "created": 1614798671.0, "link_flair_type": "text", "wls": 6, "removed_by_category": null, "banned_by": null, "author_flair_type": "text", "domain": "self.AskHistorians", "allow_live_comments": false, "selftext_html": "&lt;!-- SC_OFF --&gt;&lt;div class=\"md\"&gt;&lt;p&gt;I\u2019m aware that it was an honour from the Senate to the triumvir in the settlement of 27BC, I believe. &lt;/p&gt;\n\n&lt;p&gt;I\u2019d imagine that the name-change from Gaius Octavius to Caesar Augustus would be a way to link himself with Julius Caesar officially as his adopted father and heir, whilst Augustus was a name reflecting his virtues as well as showing respect from the Senate and people for him. Augustus\u2019 father was not a exceptionally glorious chap, as I understand it, and so losing Octavius for Augustus added to Augustus\u2019 prestige. &lt;/p&gt;\n\n&lt;p&gt;I have been reading through Mary Beard\u2019s &lt;em&gt;Confronting the Classics: Traditions, Adventures and Innovations&lt;/em&gt; in which she discusses various topics. Personally, I\u2019ve never liked Beard\u2019s work and her personality annoys me, but given she is a Professor of Classics at Cambridge, I respect her and I feel like her work should be to a high standard. &lt;/p&gt;\n\n&lt;p&gt;My issue with the book is that she says that Augustus dropped Octavius as it was a name associated with murder, such as the proscriptions (Is there a source for this? Beard does not specify anything.) which I\u2019d argue is no more a personal interpretation than what I said about Augustus\u2019 virtues, relationship with Caesar and prestige. &lt;/p&gt;\n\n&lt;p&gt;I don\u2019t quite understand the connection, however. Obviously, Augustus was still the same man and it is certainly true that he glossed over his years as Octavian in the &lt;em&gt;Res Gestae&lt;/em&gt;, but would the people and the Senate really have thought \u2018Augustus is a good man. Octavian killed those senators\u2019?! It seems like a loose connection to me, especially in comparison to the idea of honour and prestige. I know Augustus was appreciative of Cicero later in his life, but is there any evidence to suggest that he changed his name to lose the murderous connotations? &lt;/p&gt;\n\n&lt;p&gt;Source: Beard, Mary. &lt;em&gt;Confronting the Classics: Traditions, Adventures and Innovations&lt;/em&gt; (London: Liveright, 2013), 107&lt;/p&gt;\n\n&lt;p&gt;Apologies for formatting issues - mobile. Apologies for any slight mistakes.&lt;/p&gt;\n\n&lt;p&gt;Edit: Does Beard have something against Augustus? \u2018Altar of Peace (for which Altar of Successful Pacification might be a better title).\u2019 (P.199)&lt;/p&gt;\n&lt;/div&gt;&lt;!-- SC_ON --&gt;", "likes": null, "suggested_sort": null, "banned_at_utc": null, "view_count": null, "archived": false, "no_follow": false, "spam": false, "is_crosspostable": true, "pinned": false, "over_18": false, "all_awardings": [], "awarders": [], "media_only": false, "can_gild": true, "removed": false, "spoiler": false, "locked": false, "author_flair_text": null, "treatment_tags": [], "visited": false, "removed_by": null, "num_reports": 0, "distinguished": null, "subreddit_id": "t5_2ssp3", "mod_reason_by": null, "removal_reason": null, "link_flair_background_color": "", "id": "lwrejb", "is_robot_indexable": true, "num_duplicates": 1, "report_reasons": [], "author": "themadbadlordbyron", "discussion_type": null, "num_comments": 2, "send_replies": true, "media": null, "contest_mode": false, "author_patreon_flair": false, "approved": true, "author_flair_text_color": null, "permalink": "/r/AskHistorians/comments/lwrejb/why_did_octavian_change_his_name_to_augustus/", "whitelist_status": "all_ads", "stickied": false, "url": "https://www.reddit.com/r/AskHistorians/comments/lwrejb/why_did_octavian_change_his_name_to_augustus/", "subreddit_subscribers": 1341739, "created_utc": 1614769871.0, "num_crossposts": 0, "mod_reports": [], "is_video": false}}], "after": null, "before": null}}, {"kind": "Listing", "data": {"modhash": null, "dist": null, "children": [{"kind": "t1", "data": {"total_awards_received": 0, "approved_at_utc": null, "comment_type": null, "awarders": [], "mod_reason_by": null, "banned_by": null, "ups": 1, "author_flair_type": "text", "removal_reason": null, "link_id": "t3_lwrejb", "author_flair_template_id": null, "likes": null, "replies": "", "user_reports": [], "saved": false, "id": "gpitfqa", "banned_at_utc": null, "mod_reason_title": null, "gilded": 0, "archived": false, "removed": false, "no_follow": true, "author": "AutoModerator", "can_mod_post": true, "send_replies": false, "parent_id": "t3_lwrejb", "score": 1, "author_fullname": "t2_6l4z3", "report_reasons": [], "approved_by": null, "all_awardings": [], "subreddit_id": "t5_2ssp3", "ignore_reports": false, "body": "Welcome to /r/AskHistorians. **Please [Read Our Rules](https://www.reddit.com/r/AskHistorians/wiki/rules) before you comment in this community**. Understand that [rule breaking comments get removed](https://www.reddit.com/r/AskHistorians/comments/h8aefx/rules_roundtable_xviii_removed_curation_and_why/).\n\n#Please consider **[Clicking Here for RemindMeBot](https://www.reddit.com/message/compose/?to=RemindMeBot&amp;subject=Reminder&amp;message=%5Bhttps://www.reddit.com/r/AskHistorians/comments/lwrejb/why_did_octavian_change_his_name_to_augustus/%5D%0A%0ARemindMe!%202%20days)** as it takes time for an answer to be written. \n\nWe thank you for your interest in this *question*, and your patience in waiting for an in-depth and comprehensive answer to show up. In addition to RemindMeBot, consider [using our Browser Extension](https://www.reddit.com/r/AskHistorians/comments/d6dzi7/tired_of_clicking_to_find_only_removed_comments/), or getting the [Weekly Roundup](https://www.reddit.com/message/compose?to=subredditsummarybot&amp;subject=askhistorians+weekly&amp;message=x). In the meantime our [Twitter](https://twitter.com/askhistorians), [Facebook](https://www.facebook.com/askhistorians/), and [Sunday Digest](https://www.reddit.com/r/AskHistorians/search?q=title%3A%22Sunday+Digest%22&amp;restrict_sr=on&amp;sort=new&amp;t=all) feature excellent content that has already been written!\n\n\n*I am a bot, and this action was performed automatically. Please [contact the moderators of this subreddit](/message/compose/?to=/r/AskHistorians) if you have any questions or concerns.*", "edited": false, "downs": 0, "author_flair_css_class": null, "is_submitter": false, "collapsed": false, "author_flair_richtext": [], "author_patreon_flair": false, "body_html": "&lt;div class=\"md\"&gt;&lt;p&gt;Welcome to &lt;a href=\"/r/AskHistorians\"&gt;/r/AskHistorians&lt;/a&gt;. &lt;strong&gt;Please &lt;a href=\"https://www.reddit.com/r/AskHistorians/wiki/rules\"&gt;Read Our Rules&lt;/a&gt; before you comment in this community&lt;/strong&gt;. Understand that &lt;a href=\"https://www.reddit.com/r/AskHistorians/comments/h8aefx/rules_roundtable_xviii_removed_curation_and_why/\"&gt;rule breaking comments get removed&lt;/a&gt;.&lt;/p&gt;\n\n&lt;h1&gt;Please consider &lt;strong&gt;&lt;a href=\"https://www.reddit.com/message/compose/?to=RemindMeBot&amp;amp;subject=Reminder&amp;amp;message=%5Bhttps://www.reddit.com/r/AskHistorians/comments/lwrejb/why_did_octavian_change_his_name_to_augustus/%5D%0A%0ARemindMe!%202%20days\"&gt;Clicking Here for RemindMeBot&lt;/a&gt;&lt;/strong&gt; as it takes time for an answer to be written.&lt;/h1&gt;\n\n&lt;p&gt;We thank you for your interest in this &lt;em&gt;question&lt;/em&gt;, and your patience in waiting for an in-depth and comprehensive answer to show up. In addition to RemindMeBot, consider &lt;a href=\"https://www.reddit.com/r/AskHistorians/comments/d6dzi7/tired_of_clicking_to_find_only_removed_comments/\"&gt;using our Browser Extension&lt;/a&gt;, or getting the &lt;a href=\"https://www.reddit.com/message/compose?to=subredditsummarybot&amp;amp;subject=askhistorians+weekly&amp;amp;message=x\"&gt;Weekly Roundup&lt;/a&gt;. In the meantime our &lt;a href=\"https://twitter.com/askhistorians\"&gt;Twitter&lt;/a&gt;, &lt;a href=\"https://www.facebook.com/askhistorians/\"&gt;Facebook&lt;/a&gt;, and &lt;a href=\"https://www.reddit.com/r/AskHistorians/search?q=title%3A%22Sunday+Digest%22&amp;amp;restrict_sr=on&amp;amp;sort=new&amp;amp;t=all\"&gt;Sunday Digest&lt;/a&gt; feature excellent content that has already been written!&lt;/p&gt;\n\n&lt;p&gt;&lt;em&gt;I am a bot, and this action was performed automatically. Please &lt;a href=\"/message/compose/?to=/r/AskHistorians\"&gt;contact the moderators of this subreddit&lt;/a&gt; if you have any questions or concerns.&lt;/em&gt;&lt;/p&gt;\n&lt;/div&gt;", "gildings": {}, "collapsed_reason": null, "associated_award": null, "stickied": true, "author_premium": true, "subreddit_type": "public", "can_gild": true, "top_awarded_type": null, "approved": false, "author_flair_text_color": null, "score_hidden": false, "permalink": "/r/AskHistorians/comments/lwrejb/why_did_octavian_change_his_name_to_augustus/gpitfqa/", "num_reports": 0, "locked": true, "name": "t1_gpitfqa", "created": 1614798671.0, "subreddit": "AskHistorians", "author_flair_text": null, "treatment_tags": [], "spam": false, "created_utc": 1614769871.0, "subreddit_name_prefixed": "r/AskHistorians", "controversiality": 0, "depth": 0, "author_flair_background_color": null, "collapsed_because_crowd_control": null, "mod_reports": [], "mod_note": null, "distinguished": "moderator"}}, {"kind": "t1", "data": {"total_awards_received": 0, "approved_at_utc": null, "comment_type": null, "awarders": [], "mod_reason_by": null, "banned_by": null, "ups": 15, "author_flair_type": "text", "removal_reason": null, "link_id": "t3_lwrejb", "author_flair_template_id": null, "likes": null, "replies": "", "user_reports": [], "saved": false, "id": "gpk1r0d", "banned_at_utc": null, "mod_reason_title": null, "gilded": 0, "archived": false, "removed": false, "no_follow": false, "author": "thelivingorb", "can_mod_post": true, "send_replies": true, "parent_id": "t3_lwrejb", "score": 15, "author_fullname": "t2_7rrsjmre", "report_reasons": [], "approved_by": null, "all_awardings": [], "subreddit_id": "t5_2ssp3", "ignore_reports": false, "body": "The name 'Augustus' was really just an extra title, as you say, to emphasise his virtues and good graces, stressing it as a great honour gifted him by Senate and Roman people following the First Settlement. \n\nHe had not gone by the name Octavian since before the death of Julius Caesar, since his official adoption changed his name to Gaius Julius Caesar, aka the exact same name as Julius Caesar (something Beard does mention in *SPQR* p. 339 at least). Already Octavian had taken full advantage of his link to Caesar, apparently prematurely using the name 'Caesar' before his adoption had been ratified in 43 BC (for some example sources, I'm looking at Robin Lane Fox *The Classical World* and Goodman *The Roman World 44BC-AD180*). Before his adoption of the name 'Augustus', he did not use the name Octavian, preferring instead to exploit this relationship (e.g. coin legends from this period read CAES IMP or CAESAR DIVI F), and it is quite likely that he did so to distance himself from his fairly low familial origins. He had something of a history, then, in using names/titles to increase his own importance and remove himself from the less glamorous aspects of his life.\n\nThe actual name 'Octavian' wouldn't really have carried many connotations with the proscriptions of earlier periods, at least not with the general public, perhaps with some senators with whom he had been aquainted when Caesar was still alive and he still used the name 'Octavian'. As I see it, it's not impossible that the adoption of the name 'Augsutus' would place him more in line with the virtues that he wanted the Roman people to believe he possessed - it wouldn't do very well to be remembered only for murder and senatorial unrest. I don't think people would have been tricked into thinking that Augustus and Octavian were different people, but one could argue that by adopting the title 'Revered One', it made him someone worth honouring, someone who did even the *worst* things for the sake of the state. But like you say that is only subjective interpretation. In other words, I don't think Beard is wrong exactly, but I think she's trying to be realistic (and almost Tacitus-like in her cynicism) about the possible machinations behind Augustus' actions in the early Principate. Hope that makes sense!", "edited": false, "downs": 0, "author_flair_css_class": null, "is_submitter": false, "collapsed": false, "author_flair_richtext": [], "author_patreon_flair": false, "body_html": "&lt;div class=\"md\"&gt;&lt;p&gt;The name &amp;#39;Augustus&amp;#39; was really just an extra title, as you say, to emphasise his virtues and good graces, stressing it as a great honour gifted him by Senate and Roman people following the First Settlement. &lt;/p&gt;\n\n&lt;p&gt;He had not gone by the name Octavian since before the death of Julius Caesar, since his official adoption changed his name to Gaius Julius Caesar, aka the exact same name as Julius Caesar (something Beard does mention in &lt;em&gt;SPQR&lt;/em&gt; p. 339 at least). Already Octavian had taken full advantage of his link to Caesar, apparently prematurely using the name &amp;#39;Caesar&amp;#39; before his adoption had been ratified in 43 BC (for some example sources, I&amp;#39;m looking at Robin Lane Fox &lt;em&gt;The Classical World&lt;/em&gt; and Goodman &lt;em&gt;The Roman World 44BC-AD180&lt;/em&gt;). Before his adoption of the name &amp;#39;Augustus&amp;#39;, he did not use the name Octavian, preferring instead to exploit this relationship (e.g. coin legends from this period read CAES IMP or CAESAR DIVI F), and it is quite likely that he did so to distance himself from his fairly low familial origins. He had something of a history, then, in using names/titles to increase his own importance and remove himself from the less glamorous aspects of his life.&lt;/p&gt;\n\n&lt;p&gt;The actual name &amp;#39;Octavian&amp;#39; wouldn&amp;#39;t really have carried many connotations with the proscriptions of earlier periods, at least not with the general public, perhaps with some senators with whom he had been aquainted when Caesar was still alive and he still used the name &amp;#39;Octavian&amp;#39;. As I see it, it&amp;#39;s not impossible that the adoption of the name &amp;#39;Augsutus&amp;#39; would place him more in line with the virtues that he wanted the Roman people to believe he possessed - it wouldn&amp;#39;t do very well to be remembered only for murder and senatorial unrest. I don&amp;#39;t think people would have been tricked into thinking that Augustus and Octavian were different people, but one could argue that by adopting the title &amp;#39;Revered One&amp;#39;, it made him someone worth honouring, someone who did even the &lt;em&gt;worst&lt;/em&gt; things for the sake of the state. But like you say that is only subjective interpretation. In other words, I don&amp;#39;t think Beard is wrong exactly, but I think she&amp;#39;s trying to be realistic (and almost Tacitus-like in her cynicism) about the possible machinations behind Augustus&amp;#39; actions in the early Principate. Hope that makes sense!&lt;/p&gt;\n&lt;/div&gt;", "gildings": {}, "collapsed_reason": null, "associated_award": null, "stickied": false, "author_premium": false, "subreddit_type": "public", "can_gild": true, "top_awarded_type": null, "approved": false, "author_flair_text_color": null, "score_hidden": false, "permalink": "/r/AskHistorians/comments/lwrejb/why_did_octavian_change_his_name_to_augustus/gpk1r0d/", "num_reports": 0, "locked": false, "name": "t1_gpk1r0d", "created": 1614822083.0, "subreddit": "AskHistorians", "author_flair_text": null, "treatment_tags": [], "spam": false, "created_utc": 1614793283.0, "subreddit_name_prefixed": "r/AskHistorians", "controversiality": 0, "depth": 0, "author_flair_background_color": null, "collapsed_because_crowd_control": null, "mod_reports": [], "mod_note": null, "distinguished": null}}], "after": null, "before": null}}]