[{"kind": "Listing", "data": {"modhash": "", "dist": 1, "children": [{"kind": "t3", "data": {"approved_at_utc": null, "subreddit": "AskHistorians", "selftext": "Me and some friends were talking in school and one of them said that more soviet soldiers died by other soviets than by the germans. However, I have not been able to find any sources either confirming or denying it, so I ask here.", "user_reports": [], "saved": false, "mod_reason_title": null, "gilded": 0, "clicked": false, "title": "Did the USSR kill more Soviet soldiers than the Germans did? If not then where does this myth come from?", "link_flair_richtext": [], "subreddit_name_prefixed": "r/AskHistorians", "hidden": false, "pwls": 6, "link_flair_css_class": null, "downs": 0, "top_awarded_type": null, "parent_whitelist_status": "all_ads", "hide_score": false, "name": "t3_lwsleu", "quarantine": false, "link_flair_text_color": "dark", "upvote_ratio": 0.73, "author_flair_background_color": null, "subreddit_type": "public", "ups": 21, "total_awards_received": 0, "media_embed": {}, "author_flair_template_id": null, "is_original_content": false, "author_fullname": "t2_2vtf3z96", "secure_media": null, "is_reddit_media_domain": false, "is_meta": false, "category": null, "secure_media_embed": {}, "link_flair_text": null, "can_mod_post": false, "score": 21, "approved_by": null, "author_premium": false, "thumbnail": "", "edited": false, "author_flair_css_class": null, "author_flair_richtext": [], "gildings": {}, "content_categories": null, "is_self": true, "mod_note": null, "created": 1614802771.0, "link_flair_type": "text", "wls": 6, "removed_by_category": null, "banned_by": null, "author_flair_type": "text", "domain": "self.AskHistorians", "allow_live_comments": false, "selftext_html": "&lt;!-- SC_OFF --&gt;&lt;div class=\"md\"&gt;&lt;p&gt;Me and some friends were talking in school and one of them said that more soviet soldiers died by other soviets than by the germans. However, I have not been able to find any sources either confirming or denying it, so I ask here.&lt;/p&gt;\n&lt;/div&gt;&lt;!-- SC_ON --&gt;", "likes": null, "suggested_sort": null, "banned_at_utc": null, "view_count": null, "archived": false, "no_follow": false, "is_crosspostable": false, "pinned": false, "over_18": false, "all_awardings": [], "awarders": [], "media_only": false, "can_gild": false, "spoiler": false, "locked": false, "author_flair_text": null, "treatment_tags": [], "visited": false, "removed_by": null, "num_reports": null, "distinguished": null, "subreddit_id": "t5_2ssp3", "mod_reason_by": null, "removal_reason": null, "link_flair_background_color": "", "id": "lwsleu", "is_robot_indexable": true, "num_duplicates": 1, "report_reasons": null, "author": "UllebulleNotFFS", "discussion_type": null, "num_comments": 6, "send_replies": true, "media": null, "contest_mode": false, "author_patreon_flair": false, "author_flair_text_color": null, "permalink": "/r/AskHistorians/comments/lwsleu/did_the_ussr_kill_more_soviet_soldiers_than_the/", "whitelist_status": "all_ads", "stickied": false, "url": "https://www.reddit.com/r/AskHistorians/comments/lwsleu/did_the_ussr_kill_more_soviet_soldiers_than_the/", "subreddit_subscribers": 1341216, "created_utc": 1614773971.0, "num_crossposts": 0, "mod_reports": [], "is_video": false}}], "after": null, "before": null}}, {"kind": "Listing", "data": {"modhash": "", "dist": null, "children": [{"kind": "t1", "data": {"total_awards_received": 0, "approved_at_utc": null, "comment_type": null, "awarders": [], "mod_reason_by": null, "banned_by": null, "ups": 1, "author_flair_type": "text", "removal_reason": null, "link_id": "t3_lwsleu", "author_flair_template_id": null, "likes": null, "replies": "", "user_reports": [], "saved": false, "id": "gpiyepy", "banned_at_utc": null, "mod_reason_title": null, "gilded": 0, "archived": false, "no_follow": true, "author": "AutoModerator", "can_mod_post": false, "send_replies": false, "parent_id": "t3_lwsleu", "score": 1, "author_fullname": "t2_6l4z3", "report_reasons": null, "approved_by": null, "all_awardings": [], "subreddit_id": "t5_2ssp3", "body": "Welcome to /r/AskHistorians. **Please [Read Our Rules](https://www.reddit.com/r/AskHistorians/wiki/rules) before you comment in this community**. Understand that [rule breaking comments get removed](https://www.reddit.com/r/AskHistorians/comments/h8aefx/rules_roundtable_xviii_removed_curation_and_why/).\n\n#Please consider **[Clicking Here for RemindMeBot](https://www.reddit.com/message/compose/?to=RemindMeBot&amp;subject=Reminder&amp;message=%5Bhttps://www.reddit.com/r/AskHistorians/comments/lwsleu/did_the_ussr_kill_more_soviet_soldiers_than_the/%5D%0A%0ARemindMe!%202%20days)** as it takes time for an answer to be written. \n\nWe thank you for your interest in this *question*, and your patience in waiting for an in-depth and comprehensive answer to show up. In addition to RemindMeBot, consider [using our Browser Extension](https://www.reddit.com/r/AskHistorians/comments/d6dzi7/tired_of_clicking_to_find_only_removed_comments/), or getting the [Weekly Roundup](https://www.reddit.com/message/compose?to=subredditsummarybot&amp;subject=askhistorians+weekly&amp;message=x). In the meantime our [Twitter](https://twitter.com/askhistorians), [Facebook](https://www.facebook.com/askhistorians/), and [Sunday Digest](https://www.reddit.com/r/AskHistorians/search?q=title%3A%22Sunday+Digest%22&amp;restrict_sr=on&amp;sort=new&amp;t=all) feature excellent content that has already been written!\n\n\n*I am a bot, and this action was performed automatically. Please [contact the moderators of this subreddit](/message/compose/?to=/r/AskHistorians) if you have any questions or concerns.*", "edited": false, "downs": 0, "author_flair_css_class": null, "is_submitter": false, "collapsed": false, "author_flair_richtext": [], "author_patreon_flair": false, "body_html": "&lt;div class=\"md\"&gt;&lt;p&gt;Welcome to &lt;a href=\"/r/AskHistorians\"&gt;/r/AskHistorians&lt;/a&gt;. &lt;strong&gt;Please &lt;a href=\"https://www.reddit.com/r/AskHistorians/wiki/rules\"&gt;Read Our Rules&lt;/a&gt; before you comment in this community&lt;/strong&gt;. Understand that &lt;a href=\"https://www.reddit.com/r/AskHistorians/comments/h8aefx/rules_roundtable_xviii_removed_curation_and_why/\"&gt;rule breaking comments get removed&lt;/a&gt;.&lt;/p&gt;\n\n&lt;h1&gt;Please consider &lt;strong&gt;&lt;a href=\"https://www.reddit.com/message/compose/?to=RemindMeBot&amp;amp;subject=Reminder&amp;amp;message=%5Bhttps://www.reddit.com/r/AskHistorians/comments/lwsleu/did_the_ussr_kill_more_soviet_soldiers_than_the/%5D%0A%0ARemindMe!%202%20days\"&gt;Clicking Here for RemindMeBot&lt;/a&gt;&lt;/strong&gt; as it takes time for an answer to be written.&lt;/h1&gt;\n\n&lt;p&gt;We thank you for your interest in this &lt;em&gt;question&lt;/em&gt;, and your patience in waiting for an in-depth and comprehensive answer to show up. In addition to RemindMeBot, consider &lt;a href=\"https://www.reddit.com/r/AskHistorians/comments/d6dzi7/tired_of_clicking_to_find_only_removed_comments/\"&gt;using our Browser Extension&lt;/a&gt;, or getting the &lt;a href=\"https://www.reddit.com/message/compose?to=subredditsummarybot&amp;amp;subject=askhistorians+weekly&amp;amp;message=x\"&gt;Weekly Roundup&lt;/a&gt;. In the meantime our &lt;a href=\"https://twitter.com/askhistorians\"&gt;Twitter&lt;/a&gt;, &lt;a href=\"https://www.facebook.com/askhistorians/\"&gt;Facebook&lt;/a&gt;, and &lt;a href=\"https://www.reddit.com/r/AskHistorians/search?q=title%3A%22Sunday+Digest%22&amp;amp;restrict_sr=on&amp;amp;sort=new&amp;amp;t=all\"&gt;Sunday Digest&lt;/a&gt; feature excellent content that has already been written!&lt;/p&gt;\n\n&lt;p&gt;&lt;em&gt;I am a bot, and this action was performed automatically. Please &lt;a href=\"/message/compose/?to=/r/AskHistorians\"&gt;contact the moderators of this subreddit&lt;/a&gt; if you have any questions or concerns.&lt;/em&gt;&lt;/p&gt;\n&lt;/div&gt;", "gildings": {}, "collapsed_reason": null, "associated_award": null, "stickied": true, "author_premium": true, "subreddit_type": "public", "can_gild": true, "top_awarded_type": null, "author_flair_text_color": null, "score_hidden": true, "permalink": "/r/AskHistorians/comments/lwsleu/did_the_ussr_kill_more_soviet_soldiers_than_the/gpiyepy/", "num_reports": null, "locked": true, "name": "t1_gpiyepy", "created": 1614802772.0, "subreddit": "AskHistorians", "author_flair_text": null, "treatment_tags": [], "created_utc": 1614773972.0, "subreddit_name_prefixed": "r/AskHistorians", "controversiality": 0, "depth": 0, "author_flair_background_color": null, "collapsed_because_crowd_control": null, "mod_reports": [], "mod_note": null, "distinguished": "moderator"}}, {"kind": "t1", "data": {"total_awards_received": 0, "approved_at_utc": null, "comment_type": null, "awarders": [], "mod_reason_by": null, "banned_by": null, "ups": 11, "author_flair_type": "richtext", "removal_reason": null, "link_id": "t3_lwsleu", "author_flair_template_id": "9e641f94-c626-11e2-8e2c-12313b0b21ae", "likes": null, "replies": "", "user_reports": [], "saved": false, "id": "gpjmw63", "banned_at_utc": null, "mod_reason_title": null, "gilded": 0, "archived": false, "no_follow": false, "author": "Georgy_K_Zhukov", "can_mod_post": false, "send_replies": true, "parent_id": "t3_lwsleu", "score": 11, "author_fullname": "t2_9v6a6", "report_reasons": null, "approved_by": null, "all_awardings": [], "subreddit_id": "t5_2ssp3", "body": "[This older answer on the topic](https://www.reddit.com/r/AskHistorians/comments/3pcjfv/one_gets_the_gun_the_other_gets_the_ammo_did_this/cw54qf3/?context=3) should be of interest for you.", "edited": false, "downs": 0, "author_flair_css_class": null, "is_submitter": false, "collapsed": false, "author_flair_richtext": [{"e": "text", "t": "Moderator | Post-Napoleonic Warfare &amp; Small Arms | Dueling"}], "author_patreon_flair": false, "body_html": "&lt;div class=\"md\"&gt;&lt;p&gt;&lt;a href=\"https://www.reddit.com/r/AskHistorians/comments/3pcjfv/one_gets_the_gun_the_other_gets_the_ammo_did_this/cw54qf3/?context=3\"&gt;This older answer on the topic&lt;/a&gt; should be of interest for you.&lt;/p&gt;\n&lt;/div&gt;", "gildings": {}, "collapsed_reason": null, "associated_award": null, "stickied": false, "author_premium": true, "subreddit_type": "public", "can_gild": true, "top_awarded_type": null, "author_flair_text_color": "light", "score_hidden": false, "permalink": "/r/AskHistorians/comments/lwsleu/did_the_ussr_kill_more_soviet_soldiers_than_the/gpjmw63/", "num_reports": null, "locked": false, "name": "t1_gpjmw63", "created": 1614815729.0, "subreddit": "AskHistorians", "author_flair_text": "Moderator | Post-Napoleonic Warfare &amp; Small Arms | Dueling", "treatment_tags": [], "created_utc": 1614786929.0, "subreddit_name_prefixed": "r/AskHistorians", "controversiality": 0, "depth": 0, "author_flair_background_color": "#993366", "collapsed_because_crowd_control": null, "mod_reports": [], "mod_note": null, "distinguished": null}}, {"kind": "t1", "data": {"total_awards_received": 0, "approved_at_utc": null, "comment_type": null, "awarders": [], "mod_reason_by": null, "banned_by": null, "ups": 27, "author_flair_type": "text", "removal_reason": null, "link_id": "t3_lwsleu", "author_flair_template_id": null, "likes": null, "replies": {"kind": "Listing", "data": {"modhash": "", "dist": null, "children": [{"kind": "t1", "data": {"total_awards_received": 0, "approved_at_utc": null, "comment_type": null, "awarders": [], "mod_reason_by": null, "banned_by": null, "ups": 6, "author_flair_type": "text", "removal_reason": null, "link_id": "t3_lwsleu", "author_flair_template_id": null, "likes": null, "replies": {"kind": "Listing", "data": {"modhash": "", "dist": null, "children": [{"kind": "t1", "data": {"total_awards_received": 0, "approved_at_utc": null, "comment_type": null, "awarders": [], "mod_reason_by": null, "banned_by": null, "ups": -15, "author_flair_type": "text", "removal_reason": null, "link_id": "t3_lwsleu", "author_flair_template_id": null, "likes": null, "replies": {"kind": "Listing", "data": {"modhash": "", "dist": null, "children": [{"kind": "t1", "data": {"total_awards_received": 0, "approved_at_utc": null, "comment_type": null, "awarders": [], "mod_reason_by": null, "banned_by": null, "ups": 22, "author_flair_type": "text", "removal_reason": null, "link_id": "t3_lwsleu", "author_flair_template_id": null, "likes": null, "replies": "", "user_reports": [], "saved": false, "id": "gpjxtnx", "banned_at_utc": null, "mod_reason_title": null, "gilded": 0, "archived": false, "no_follow": false, "author": "p_dimi", "can_mod_post": false, "send_replies": true, "parent_id": "t1_gpjupf2", "score": 22, "author_fullname": "t2_79ghl6df", "report_reasons": null, "approved_by": null, "all_awardings": [], "subreddit_id": "t5_2ssp3", "body": "There is zero recorded documentation of the USSR deliberately killing more of their troops than the Germans did.\n\nThere are issues regarding battle tactics employed by political commissars, hasty conscription and insufficient training, insufficient resources for troops, death due to hunger and isolation from supplies (stemming from the German advance, primarily), and various other causes of this sort. Something which might be considered deliberate would be cannon fodder infantry being tossed at the Germans to slow their advance while the core of the country was scrambling to assemble a proper resistance, but I doubt that's what you mean.\n\nThe \"deliberately killing their own troops\" is an overblown myth that originates from the short lived and considerably minor period where shooting deserters was in effect.\n\nThe reason OP can't find any record to support this myth is because nothing like that exists. And the reason the person answering (and other people answering similar questions on this subreddit) talked about \"Enemy at the Gates\" is because that's pretty much the only thing anybody can bring up to even begin addressing such a question. Because that's where the myth comes from, and that's the only documented instance of actual deliberate killing of Soviet troops by the USSR.\n\nThe very idea is absurd, to even think that could be remotely true. The USSR was fighting for its survival, retaliating to a surprise attack by an enemy force that was taking huge bites out of its land and army. The whole comical supervillain spin of killing more of their own soldiers than even the Germans did is just that - a comical supervillain spin. The reality of the situation is that the USSR was actually trying to win the war against their invaders, not trying to compete to see who kills more Russians.", "edited": false, "downs": 0, "author_flair_css_class": null, "is_submitter": false, "collapsed": false, "author_flair_richtext": [], "author_patreon_flair": false, "body_html": "&lt;div class=\"md\"&gt;&lt;p&gt;There is zero recorded documentation of the USSR deliberately killing more of their troops than the Germans did.&lt;/p&gt;\n\n&lt;p&gt;There are issues regarding battle tactics employed by political commissars, hasty conscription and insufficient training, insufficient resources for troops, death due to hunger and isolation from supplies (stemming from the German advance, primarily), and various other causes of this sort. Something which might be considered deliberate would be cannon fodder infantry being tossed at the Germans to slow their advance while the core of the country was scrambling to assemble a proper resistance, but I doubt that&amp;#39;s what you mean.&lt;/p&gt;\n\n&lt;p&gt;The &amp;quot;deliberately killing their own troops&amp;quot; is an overblown myth that originates from the short lived and considerably minor period where shooting deserters was in effect.&lt;/p&gt;\n\n&lt;p&gt;The reason OP can&amp;#39;t find any record to support this myth is because nothing like that exists. And the reason the person answering (and other people answering similar questions on this subreddit) talked about &amp;quot;Enemy at the Gates&amp;quot; is because that&amp;#39;s pretty much the only thing anybody can bring up to even begin addressing such a question. Because that&amp;#39;s where the myth comes from, and that&amp;#39;s the only documented instance of actual deliberate killing of Soviet troops by the USSR.&lt;/p&gt;\n\n&lt;p&gt;The very idea is absurd, to even think that could be remotely true. The USSR was fighting for its survival, retaliating to a surprise attack by an enemy force that was taking huge bites out of its land and army. The whole comical supervillain spin of killing more of their own soldiers than even the Germans did is just that - a comical supervillain spin. The reality of the situation is that the USSR was actually trying to win the war against their invaders, not trying to compete to see who kills more Russians.&lt;/p&gt;\n&lt;/div&gt;", "gildings": {}, "collapsed_reason": null, "associated_award": null, "stickied": false, "author_premium": false, "subreddit_type": "public", "can_gild": true, "top_awarded_type": null, "author_flair_text_color": null, "score_hidden": false, "permalink": "/r/AskHistorians/comments/lwsleu/did_the_ussr_kill_more_soviet_soldiers_than_the/gpjxtnx/", "num_reports": null, "locked": false, "name": "t1_gpjxtnx", "created": 1614820408.0, "subreddit": "AskHistorians", "author_flair_text": null, "treatment_tags": [], "created_utc": 1614791608.0, "subreddit_name_prefixed": "r/AskHistorians", "controversiality": 0, "depth": 3, "author_flair_background_color": null, "collapsed_because_crowd_control": null, "mod_reports": [], "mod_note": null, "distinguished": null}}], "after": null, "before": null}}, "user_reports": [], "saved": false, "id": "gpjupf2", "banned_at_utc": null, "mod_reason_title": null, "gilded": 0, "archived": false, "no_follow": true, "author": "CatOnPillows", "can_mod_post": false, "created_utc": 1614790286.0, "send_replies": true, "parent_id": "t1_gpjshpy", "score": -15, "author_fullname": "t2_4ewds8vg", "report_reasons": null, "approved_by": null, "all_awardings": [], "subreddit_id": "t5_2ssp3", "body": "And beside this answer about Enemy at the gate. The question is still not answererd fully. Did USSR killed more od their people than Germany during the war. (meaninig deliberately not by other factors)", "edited": false, "author_flair_css_class": null, "is_submitter": false, "downs": 0, "author_flair_richtext": [], "author_patreon_flair": false, "body_html": "&lt;div class=\"md\"&gt;&lt;p&gt;And beside this answer about Enemy at the gate. The question is still not answererd fully. Did USSR killed more od their people than Germany during the war. (meaninig deliberately not by other factors)&lt;/p&gt;\n&lt;/div&gt;", "gildings": {}, "collapsed_reason": "comment score below threshold", "associated_award": null, "stickied": false, "author_premium": false, "subreddit_type": "public", "can_gild": true, "top_awarded_type": null, "author_flair_text_color": null, "score_hidden": false, "permalink": "/r/AskHistorians/comments/lwsleu/did_the_ussr_kill_more_soviet_soldiers_than_the/gpjupf2/", "num_reports": null, "locked": false, "name": "t1_gpjupf2", "created": 1614819086.0, "subreddit": "AskHistorians", "author_flair_text": null, "treatment_tags": [], "collapsed": true, "subreddit_name_prefixed": "r/AskHistorians", "controversiality": 0, "depth": 2, "author_flair_background_color": null, "collapsed_because_crowd_control": null, "mod_reports": [], "mod_note": null, "distinguished": null}}], "after": null, "before": null}}, "user_reports": [], "saved": false, "id": "gpjshpy", "banned_at_utc": null, "mod_reason_title": null, "gilded": 0, "archived": false, "no_follow": false, "author": "child_of_init", "can_mod_post": false, "send_replies": true, "parent_id": "t1_gpjlezr", "score": 6, "author_fullname": "t2_uo7vo77", "report_reasons": null, "approved_by": null, "all_awardings": [], "subreddit_id": "t5_2ssp3", "collapsed": false, "body": "You seem to know what you are talking about. Could you recommend a book/books on the general history of the Soviet Union. One that covers the beginning to the end? It seems to be an area that im lacking knowledge and I would like to learn more. Thanks in advance.", "edited": false, "author_flair_css_class": null, "is_submitter": false, "downs": 0, "author_flair_richtext": [], "author_patreon_flair": false, "body_html": "&lt;div class=\"md\"&gt;&lt;p&gt;You seem to know what you are talking about. Could you recommend a book/books on the general history of the Soviet Union. One that covers the beginning to the end? It seems to be an area that im lacking knowledge and I would like to learn more. Thanks in advance.&lt;/p&gt;\n&lt;/div&gt;", "gildings": {}, "collapsed_reason": null, "associated_award": null, "stickied": false, "author_premium": true, "subreddit_type": "public", "can_gild": true, "top_awarded_type": null, "author_flair_text_color": null, "score_hidden": false, "permalink": "/r/AskHistorians/comments/lwsleu/did_the_ussr_kill_more_soviet_soldiers_than_the/gpjshpy/", "num_reports": null, "locked": false, "name": "t1_gpjshpy", "created": 1614818152.0, "subreddit": "AskHistorians", "author_flair_text": null, "treatment_tags": [], "created_utc": 1614789352.0, "subreddit_name_prefixed": "r/AskHistorians", "controversiality": 0, "depth": 1, "author_flair_background_color": null, "collapsed_because_crowd_control": null, "mod_reports": [], "mod_note": null, "distinguished": null}}], "after": null, "before": null}}, "user_reports": [], "saved": false, "id": "gpjlezr", "banned_at_utc": null, "mod_reason_title": null, "gilded": 0, "archived": false, "no_follow": false, "author": "AnotherBloodyBell", "can_mod_post": false, "send_replies": true, "parent_id": "t3_lwsleu", "score": 27, "author_fullname": "t2_5pbttgr1", "report_reasons": null, "approved_by": null, "all_awardings": [], "subreddit_id": "t5_2ssp3", "body": "A specific example your friends might be citing (rather than the Red Army\u2019s battlefield tactics) STAVKA Directive No. 1919, which Stalin signed in September 1941. By then, the USSR was on the ropes from Operation Barbarossa and needed a way to deter retreat and desertion. \n\nDirective 1919\u2013And it\u2019s more famous younger brother, Order No. 227 from July 1942\u2013expanded the blocking detachments: units at the rear of the frontline who would prevent unauthorized withdrawals. Technically, this would be enforced by firing on retreating forces, as portrayed in media like \u201cEnemy at the Gates\u201d and video games like Call of Duty or Company of Heroes.\n\nIn reality, the blocking detachments as a regular formation didn\u2019t last very long and rarely had to resort to firing on fellow soldiers. In October 1941, a report to Beria concerning No. 1919 stated that of a total of 657,000 deserters that these detachments detained, only 25,800 were arrested; of those, ~10,000 were executed by firing squad. Similarly, only 1,000 penal troops were reported to have been executed after Order 227. Troops that retreated as a unit were rarely punished, and deserters were more often sent back to the front or arrested. By October 1942, most units stopped enforcing the orders, and detachments were totally disbanded by 1944.\n\nFor more info on blocking detachments and the STAVKA directives, you can read Catherine Merridale\u2019s \u201cIvan\u2019s War: Life and Death in the Red Army, 1939-1945\u201d or Krivosheyev\u2019s \u201cSoviet Casualties and Combat Losses.\u201d If anyone has any more further reading, make sure you reply and let OP know!", "edited": false, "downs": 0, "author_flair_css_class": null, "is_submitter": false, "collapsed": false, "author_flair_richtext": [], "author_patreon_flair": false, "body_html": "&lt;div class=\"md\"&gt;&lt;p&gt;A specific example your friends might be citing (rather than the Red Army\u2019s battlefield tactics) STAVKA Directive No. 1919, which Stalin signed in September 1941. By then, the USSR was on the ropes from Operation Barbarossa and needed a way to deter retreat and desertion. &lt;/p&gt;\n\n&lt;p&gt;Directive 1919\u2013And it\u2019s more famous younger brother, Order No. 227 from July 1942\u2013expanded the blocking detachments: units at the rear of the frontline who would prevent unauthorized withdrawals. Technically, this would be enforced by firing on retreating forces, as portrayed in media like \u201cEnemy at the Gates\u201d and video games like Call of Duty or Company of Heroes.&lt;/p&gt;\n\n&lt;p&gt;In reality, the blocking detachments as a regular formation didn\u2019t last very long and rarely had to resort to firing on fellow soldiers. In October 1941, a report to Beria concerning No. 1919 stated that of a total of 657,000 deserters that these detachments detained, only 25,800 were arrested; of those, ~10,000 were executed by firing squad. Similarly, only 1,000 penal troops were reported to have been executed after Order 227. Troops that retreated as a unit were rarely punished, and deserters were more often sent back to the front or arrested. By October 1942, most units stopped enforcing the orders, and detachments were totally disbanded by 1944.&lt;/p&gt;\n\n&lt;p&gt;For more info on blocking detachments and the STAVKA directives, you can read Catherine Merridale\u2019s \u201cIvan\u2019s War: Life and Death in the Red Army, 1939-1945\u201d or Krivosheyev\u2019s \u201cSoviet Casualties and Combat Losses.\u201d If anyone has any more further reading, make sure you reply and let OP know!&lt;/p&gt;\n&lt;/div&gt;", "gildings": {}, "collapsed_reason": null, "associated_award": null, "stickied": false, "author_premium": false, "subreddit_type": "public", "can_gild": true, "top_awarded_type": null, "author_flair_text_color": null, "score_hidden": false, "permalink": "/r/AskHistorians/comments/lwsleu/did_the_ussr_kill_more_soviet_soldiers_than_the/gpjlezr/", "num_reports": null, "locked": false, "name": "t1_gpjlezr", "created": 1614815081.0, "subreddit": "AskHistorians", "author_flair_text": null, "treatment_tags": [], "created_utc": 1614786281.0, "subreddit_name_prefixed": "r/AskHistorians", "controversiality": 0, "depth": 0, "author_flair_background_color": null, "collapsed_because_crowd_control": null, "mod_reports": [], "mod_note": null, "distinguished": null}}], "after": null, "before": null}}]