[{"kind": "Listing", "data": {"modhash": null, "dist": 1, "children": [{"kind": "t3", "data": {"author_flair_background_color": null, "approved_at_utc": null, "subreddit": "AskHistorians", "selftext": "To my knowledge, there weren\u2019t any orthodox knight orders, while there were some attacks on orthodox lands. Why weren\u2019t any established?", "user_reports": [], "saved": false, "mod_reason_title": null, "gilded": 0, "clicked": false, "title": "Why weren\u2019t there any orthodox crusades or orthodox orders?", "link_flair_richtext": [], "subreddit_name_prefixed": "r/AskHistorians", "hidden": false, "pwls": 6, "link_flair_css_class": null, "downs": 0, "top_awarded_type": null, "parent_whitelist_status": "all_ads", "hide_score": false, "name": "t3_lwt5bn", "quarantine": false, "link_flair_text_color": "dark", "upvote_ratio": 0.94, "ignore_reports": false, "subreddit_type": "public", "ups": 108, "total_awards_received": 0, "media_embed": {}, "author_flair_template_id": null, "is_original_content": false, "author_fullname": "t2_60ovi8v9", "secure_media": null, "is_reddit_media_domain": false, "is_meta": false, "category": null, "secure_media_embed": {}, "link_flair_text": null, "can_mod_post": false, "score": 108, "approved_by": null, "author_premium": false, "thumbnail": "", "edited": false, "author_flair_css_class": null, "previous_visits": [1620811147.0], "author_flair_richtext": [], "gildings": {}, "content_categories": null, "is_self": true, "mod_note": null, "created": 1614804684.0, "link_flair_type": "text", "wls": 6, "removed_by_category": null, "banned_by": null, "author_flair_type": "text", "domain": "self.AskHistorians", "allow_live_comments": true, "selftext_html": "&lt;!-- SC_OFF --&gt;&lt;div class=\"md\"&gt;&lt;p&gt;To my knowledge, there weren\u2019t any orthodox knight orders, while there were some attacks on orthodox lands. Why weren\u2019t any established?&lt;/p&gt;\n&lt;/div&gt;&lt;!-- SC_ON --&gt;", "likes": null, "suggested_sort": null, "banned_at_utc": null, "view_count": null, "archived": false, "no_follow": false, "spam": false, "is_crosspostable": true, "pinned": false, "over_18": false, "all_awardings": [], "awarders": [], "media_only": false, "can_gild": true, "removed": false, "spoiler": false, "locked": false, "author_flair_text": null, "treatment_tags": [], "visited": false, "removed_by": null, "num_reports": null, "distinguished": null, "subreddit_id": "t5_2ssp3", "mod_reason_by": null, "removal_reason": null, "link_flair_background_color": "", "id": "lwt5bn", "is_robot_indexable": true, "num_duplicates": 1, "report_reasons": null, "author": "Ivan_Krasnov", "discussion_type": null, "num_comments": 6, "send_replies": true, "media": null, "contest_mode": false, "author_patreon_flair": false, "approved": true, "author_flair_text_color": null, "permalink": "/r/AskHistorians/comments/lwt5bn/why_werent_there_any_orthodox_crusades_or/", "whitelist_status": "all_ads", "stickied": false, "url": "https://www.reddit.com/r/AskHistorians/comments/lwt5bn/why_werent_there_any_orthodox_crusades_or/", "subreddit_subscribers": 1347136, "created_utc": 1614775884.0, "num_crossposts": 0, "mod_reports": [], "is_video": false}}], "after": null, "before": null}}, {"kind": "Listing", "data": {"modhash": null, "dist": null, "children": [{"kind": "t1", "data": {"total_awards_received": 0, "approved_at_utc": null, "comment_type": null, "awarders": [], "mod_reason_by": null, "banned_by": null, "ups": 3, "author_flair_type": "text", "removal_reason": null, "link_id": "t3_lwt5bn", "author_flair_template_id": null, "likes": null, "replies": "", "user_reports": [], "saved": false, "id": "gpj14hy", "banned_at_utc": null, "mod_reason_title": null, "gilded": 0, "archived": false, "removed": false, "no_follow": false, "author": "AutoModerator", "can_mod_post": false, "send_replies": false, "parent_id": "t3_lwt5bn", "score": 3, "author_fullname": "t2_6l4z3", "report_reasons": null, "approved_by": null, "all_awardings": [], "subreddit_id": "t5_2ssp3", "ignore_reports": false, "body": "Welcome to /r/AskHistorians. **Please [Read Our Rules](https://www.reddit.com/r/AskHistorians/wiki/rules) before you comment in this community**. Understand that [rule breaking comments get removed](https://www.reddit.com/r/AskHistorians/comments/h8aefx/rules_roundtable_xviii_removed_curation_and_why/).\n\n#Please consider **[Clicking Here for RemindMeBot](https://www.reddit.com/message/compose/?to=RemindMeBot&amp;subject=Reminder&amp;message=%5Bhttps://www.reddit.com/r/AskHistorians/comments/lwt5bn/why_werent_there_any_orthodox_crusades_or/%5D%0A%0ARemindMe!%202%20days)** as it takes time for an answer to be written. \n\nWe thank you for your interest in this *question*, and your patience in waiting for an in-depth and comprehensive answer to show up. In addition to RemindMeBot, consider [using our Browser Extension](https://www.reddit.com/r/AskHistorians/comments/d6dzi7/tired_of_clicking_to_find_only_removed_comments/), or getting the [Weekly Roundup](https://www.reddit.com/message/compose?to=subredditsummarybot&amp;subject=askhistorians+weekly&amp;message=x). In the meantime our [Twitter](https://twitter.com/askhistorians), [Facebook](https://www.facebook.com/askhistorians/), and [Sunday Digest](https://www.reddit.com/r/AskHistorians/search?q=title%3A%22Sunday+Digest%22&amp;restrict_sr=on&amp;sort=new&amp;t=all) feature excellent content that has already been written!\n\n\n*I am a bot, and this action was performed automatically. Please [contact the moderators of this subreddit](/message/compose/?to=/r/AskHistorians) if you have any questions or concerns.*", "edited": false, "downs": 0, "author_flair_css_class": null, "is_submitter": false, "collapsed": false, "author_flair_richtext": [], "author_patreon_flair": false, "body_html": "&lt;div class=\"md\"&gt;&lt;p&gt;Welcome to &lt;a href=\"/r/AskHistorians\"&gt;/r/AskHistorians&lt;/a&gt;. &lt;strong&gt;Please &lt;a href=\"https://www.reddit.com/r/AskHistorians/wiki/rules\"&gt;Read Our Rules&lt;/a&gt; before you comment in this community&lt;/strong&gt;. Understand that &lt;a href=\"https://www.reddit.com/r/AskHistorians/comments/h8aefx/rules_roundtable_xviii_removed_curation_and_why/\"&gt;rule breaking comments get removed&lt;/a&gt;.&lt;/p&gt;\n\n&lt;h1&gt;Please consider &lt;strong&gt;&lt;a href=\"https://www.reddit.com/message/compose/?to=RemindMeBot&amp;amp;subject=Reminder&amp;amp;message=%5Bhttps://www.reddit.com/r/AskHistorians/comments/lwt5bn/why_werent_there_any_orthodox_crusades_or/%5D%0A%0ARemindMe!%202%20days\"&gt;Clicking Here for RemindMeBot&lt;/a&gt;&lt;/strong&gt; as it takes time for an answer to be written.&lt;/h1&gt;\n\n&lt;p&gt;We thank you for your interest in this &lt;em&gt;question&lt;/em&gt;, and your patience in waiting for an in-depth and comprehensive answer to show up. In addition to RemindMeBot, consider &lt;a href=\"https://www.reddit.com/r/AskHistorians/comments/d6dzi7/tired_of_clicking_to_find_only_removed_comments/\"&gt;using our Browser Extension&lt;/a&gt;, or getting the &lt;a href=\"https://www.reddit.com/message/compose?to=subredditsummarybot&amp;amp;subject=askhistorians+weekly&amp;amp;message=x\"&gt;Weekly Roundup&lt;/a&gt;. In the meantime our &lt;a href=\"https://twitter.com/askhistorians\"&gt;Twitter&lt;/a&gt;, &lt;a href=\"https://www.facebook.com/askhistorians/\"&gt;Facebook&lt;/a&gt;, and &lt;a href=\"https://www.reddit.com/r/AskHistorians/search?q=title%3A%22Sunday+Digest%22&amp;amp;restrict_sr=on&amp;amp;sort=new&amp;amp;t=all\"&gt;Sunday Digest&lt;/a&gt; feature excellent content that has already been written!&lt;/p&gt;\n\n&lt;p&gt;&lt;em&gt;I am a bot, and this action was performed automatically. Please &lt;a href=\"/message/compose/?to=/r/AskHistorians\"&gt;contact the moderators of this subreddit&lt;/a&gt; if you have any questions or concerns.&lt;/em&gt;&lt;/p&gt;\n&lt;/div&gt;", "gildings": {}, "collapsed_reason": null, "associated_award": null, "stickied": true, "author_premium": true, "subreddit_type": "public", "can_gild": true, "top_awarded_type": null, "approved": false, "author_flair_text_color": null, "score_hidden": false, "permalink": "/r/AskHistorians/comments/lwt5bn/why_werent_there_any_orthodox_crusades_or/gpj14hy/", "num_reports": null, "locked": true, "name": "t1_gpj14hy", "created": 1614804685.0, "subreddit": "AskHistorians", "author_flair_text": null, "treatment_tags": [], "spam": false, "created_utc": 1614775885.0, "subreddit_name_prefixed": "r/AskHistorians", "controversiality": 0, "depth": 0, "author_flair_background_color": null, "collapsed_because_crowd_control": null, "mod_reports": [], "mod_note": null, "distinguished": "moderator"}}, {"kind": "t1", "data": {"total_awards_received": 0, "approved_at_utc": null, "comment_type": null, "awarders": [], "mod_reason_by": null, "banned_by": null, "ups": 38, "author_flair_type": "text", "removal_reason": null, "link_id": "t3_lwt5bn", "author_flair_template_id": null, "likes": null, "replies": {"kind": "Listing", "data": {"modhash": null, "dist": null, "children": [{"kind": "t1", "data": {"total_awards_received": 0, "approved_at_utc": null, "ignore_reports": false, "comment_type": null, "awarders": [], "mod_reason_by": null, "banned_by": null, "ups": 2, "author_flair_type": "text", "removal_reason": null, "link_id": "t3_lwt5bn", "author_flair_template_id": null, "likes": null, "replies": "", "user_reports": [], "saved": false, "id": "gpkor8u", "banned_at_utc": null, "mod_reason_title": null, "gilded": 0, "archived": false, "removed": false, "no_follow": false, "author": "Vanrayy12", "can_mod_post": false, "send_replies": true, "parent_id": "t1_gpjo9s4", "score": 2, "author_fullname": "t2_h06xj", "report_reasons": null, "approved_by": null, "all_awardings": [], "subreddit_id": "t5_2ssp3", "collapsed": false, "body": "Thanks for pointing this out.", "edited": false, "author_flair_css_class": null, "is_submitter": false, "downs": 0, "author_flair_richtext": [], "author_patreon_flair": false, "body_html": "&lt;div class=\"md\"&gt;&lt;p&gt;Thanks for pointing this out.&lt;/p&gt;\n&lt;/div&gt;", "gildings": {}, "collapsed_reason": null, "associated_award": null, "stickied": false, "author_premium": false, "subreddit_type": "public", "can_gild": true, "top_awarded_type": null, "approved": false, "author_flair_text_color": null, "score_hidden": false, "permalink": "/r/AskHistorians/comments/lwt5bn/why_werent_there_any_orthodox_crusades_or/gpkor8u/", "num_reports": null, "locked": false, "name": "t1_gpkor8u", "created": 1614832011.0, "subreddit": "AskHistorians", "author_flair_text": null, "treatment_tags": [], "spam": false, "created_utc": 1614803211.0, "subreddit_name_prefixed": "r/AskHistorians", "controversiality": 0, "depth": 1, "author_flair_background_color": null, "collapsed_because_crowd_control": null, "mod_reports": [], "mod_note": null, "distinguished": null}}], "after": null, "before": null}}, "user_reports": [], "saved": false, "id": "gpjo9s4", "banned_at_utc": null, "mod_reason_title": null, "gilded": 0, "archived": false, "removed": false, "no_follow": false, "author": "Kghp11", "can_mod_post": false, "send_replies": true, "parent_id": "t3_lwt5bn", "score": 38, "author_fullname": "t2_1rnny1gu", "report_reasons": null, "approved_by": null, "all_awardings": [], "subreddit_id": "t5_2ssp3", "ignore_reports": false, "body": "I assume you\u2019re referring to Orthodox Christianity? A somewhat similar question was asked four years ago, answered by u/Rhodis : https://www.reddit.com/r/AskHistorians/comments/4yvmnk/why_was_there_no_orthodox_equivalent_to_the/?utm_source=share&amp;utm_medium=ios_app&amp;utm_name=iossmf", "edited": 1614788313.0, "downs": 0, "author_flair_css_class": null, "is_submitter": false, "collapsed": false, "author_flair_richtext": [], "author_patreon_flair": false, "body_html": "&lt;div class=\"md\"&gt;&lt;p&gt;I assume you\u2019re referring to Orthodox Christianity? A somewhat similar question was asked four years ago, answered by &lt;a href=\"/u/Rhodis\"&gt;u/Rhodis&lt;/a&gt; : &lt;a href=\"https://www.reddit.com/r/AskHistorians/comments/4yvmnk/why_was_there_no_orthodox_equivalent_to_the/?utm_source=share&amp;amp;utm_medium=ios_app&amp;amp;utm_name=iossmf\"&gt;https://www.reddit.com/r/AskHistorians/comments/4yvmnk/why_was_there_no_orthodox_equivalent_to_the/?utm_source=share&amp;amp;utm_medium=ios_app&amp;amp;utm_name=iossmf&lt;/a&gt;&lt;/p&gt;\n&lt;/div&gt;", "gildings": {}, "collapsed_reason": null, "associated_award": null, "stickied": false, "author_premium": false, "subreddit_type": "public", "can_gild": true, "top_awarded_type": null, "approved": false, "author_flair_text_color": null, "score_hidden": false, "permalink": "/r/AskHistorians/comments/lwt5bn/why_werent_there_any_orthodox_crusades_or/gpjo9s4/", "num_reports": null, "locked": false, "name": "t1_gpjo9s4", "created": 1614816329.0, "subreddit": "AskHistorians", "author_flair_text": null, "treatment_tags": [], "spam": false, "created_utc": 1614787529.0, "subreddit_name_prefixed": "r/AskHistorians", "controversiality": 0, "depth": 0, "author_flair_background_color": null, "collapsed_because_crowd_control": null, "mod_reports": [], "mod_note": null, "distinguished": null}}, {"kind": "t1", "data": {"total_awards_received": 0, "approved_at_utc": null, "comment_type": null, "awarders": [], "mod_reason_by": null, "banned_by": null, "ups": 24, "author_flair_type": "richtext", "removal_reason": null, "link_id": "t3_lwt5bn", "author_flair_template_id": "86beef9a-c626-11e2-ad9b-12313d18884c", "likes": null, "replies": "", "user_reports": [], "saved": false, "id": "gpkxd6y", "banned_at_utc": null, "mod_reason_title": null, "gilded": 0, "archived": false, "removed": false, "no_follow": false, "author": "SgtBANZAI", "can_mod_post": false, "send_replies": true, "parent_id": "t3_lwt5bn", "score": 24, "author_fullname": "t2_1o53jbzr", "report_reasons": null, "approved_by": null, "all_awardings": [], "subreddit_id": "t5_2ssp3", "ignore_reports": false, "body": "There were differences in ways military Orthodox formations were organized - it wasn't uncommon for experienced warriors to become monks after concluding their military service, and enlisting as both clergy and military garrison into different Orthodox monasteries, which was especially widespread on territories which would be later incorporated into united Russia. Their continued military endeavours weren't uncommon, and in 16th century these fortress monasteries become very important centers of military production. They were built and reinforced with possibility of enemy siege in mind, and often had to endure prolonged periods of warfare - such as siege of Tikhwin in 1613 (although it's out of scope of Medieval times which usually involve crusade-related topics).\n\n&amp;#x200B;\n\n&gt;Why weren\u2019t there any orthodox crusades\n\n&amp;#x200B;\n\nFrom the purely technical point of view, there were. Conquests of former Tatar territories by Russian Tsardom were often encouraged by the church and bore heavy religious context (despite political reasons obviously being much more decisive). There is at least one known instance of Orthodox crusade aimed at other Christians - beginning stages of Thirteen Years War of 1654-1667.  Russian invasion of Polish-Lithuanian lands was framed as holy war aimed to \"liberate\" old Orthodox lands from \"Catholic infidels\". Tsar Alexei Romanov himself justified this campaign as rightful retaliation against \"misdeeds of Polish kings\" and encouraged soldiers \"to stand firmly for the Orthodox faith and counter any mischief brought upon state of Moscow\".\n\n&amp;#x200B;\n\nSources:\n\n1. I. B. Babulin, \"Smolensk campaign and battle of Shepeleviche, 1654\".\n2. O. A. Kurbatov, \"Siege of Tikhwin, 1613\".", "edited": 1614808901.0, "downs": 0, "author_flair_css_class": null, "is_submitter": false, "collapsed": false, "author_flair_richtext": [{"e": "text", "t": "Russian Military History"}], "author_patreon_flair": false, "body_html": "&lt;div class=\"md\"&gt;&lt;p&gt;There were differences in ways military Orthodox formations were organized - it wasn&amp;#39;t uncommon for experienced warriors to become monks after concluding their military service, and enlisting as both clergy and military garrison into different Orthodox monasteries, which was especially widespread on territories which would be later incorporated into united Russia. Their continued military endeavours weren&amp;#39;t uncommon, and in 16th century these fortress monasteries become very important centers of military production. They were built and reinforced with possibility of enemy siege in mind, and often had to endure prolonged periods of warfare - such as siege of Tikhwin in 1613 (although it&amp;#39;s out of scope of Medieval times which usually involve crusade-related topics).&lt;/p&gt;\n\n&lt;p&gt;&amp;#x200B;&lt;/p&gt;\n\n&lt;blockquote&gt;\n&lt;p&gt;Why weren\u2019t there any orthodox crusades&lt;/p&gt;\n&lt;/blockquote&gt;\n\n&lt;p&gt;&amp;#x200B;&lt;/p&gt;\n\n&lt;p&gt;From the purely technical point of view, there were. Conquests of former Tatar territories by Russian Tsardom were often encouraged by the church and bore heavy religious context (despite political reasons obviously being much more decisive). There is at least one known instance of Orthodox crusade aimed at other Christians - beginning stages of Thirteen Years War of 1654-1667.  Russian invasion of Polish-Lithuanian lands was framed as holy war aimed to &amp;quot;liberate&amp;quot; old Orthodox lands from &amp;quot;Catholic infidels&amp;quot;. Tsar Alexei Romanov himself justified this campaign as rightful retaliation against &amp;quot;misdeeds of Polish kings&amp;quot; and encouraged soldiers &amp;quot;to stand firmly for the Orthodox faith and counter any mischief brought upon state of Moscow&amp;quot;.&lt;/p&gt;\n\n&lt;p&gt;&amp;#x200B;&lt;/p&gt;\n\n&lt;p&gt;Sources:&lt;/p&gt;\n\n&lt;ol&gt;\n&lt;li&gt;I. B. Babulin, &amp;quot;Smolensk campaign and battle of Shepeleviche, 1654&amp;quot;.&lt;/li&gt;\n&lt;li&gt;O. A. Kurbatov, &amp;quot;Siege of Tikhwin, 1613&amp;quot;.&lt;/li&gt;\n&lt;/ol&gt;\n&lt;/div&gt;", "gildings": {}, "collapsed_reason": null, "associated_award": null, "stickied": false, "author_premium": false, "subreddit_type": "public", "can_gild": true, "top_awarded_type": null, "approved": false, "author_flair_text_color": "light", "score_hidden": false, "permalink": "/r/AskHistorians/comments/lwt5bn/why_werent_there_any_orthodox_crusades_or/gpkxd6y/", "num_reports": null, "locked": false, "name": "t1_gpkxd6y", "created": 1614835731.0, "subreddit": "AskHistorians", "author_flair_text": "Russian Military History", "treatment_tags": [], "spam": false, "created_utc": 1614806931.0, "subreddit_name_prefixed": "r/AskHistorians", "controversiality": 0, "depth": 0, "author_flair_background_color": "#006600", "collapsed_because_crowd_control": null, "mod_reports": [], "mod_note": null, "distinguished": null}}], "after": null, "before": null}}]