[{"kind": "Listing", "data": {"modhash": null, "dist": 1, "children": [{"kind": "t3", "data": {"author_flair_background_color": null, "approved_at_utc": 1614783644, "subreddit": "AskHistorians", "selftext": "According to [this video](https://youtu.be/yNTsWFMLW-U) by History Matters, Pope Pius IX threatened to excommunicate whoever ordered the assault on Rome, but the Italians got around this by having a Jewish soldier do it instead.  I could not find any sources about it when I searched up on this.  Did this really happen?  What was the name of that Jewish soldier the Italians asked to lead the Assault on Rome in 1870 so that no members of the Italian army would be excommunicated by Pius IX?  Are there any other sources that can verify this?\n\nCorrection: The Capture of Rome actually took place in 1870 September 20, not 1871.", "user_reports": [], "saved": false, "mod_reason_title": null, "gilded": 0, "clicked": false, "title": "Did the Italians really hire a Jewish soldier to lead them to capture Rome in 1871 because the Pope threatened to excommunicate the soldier who ordered the assault on Rome?", "link_flair_richtext": [], "subreddit_name_prefixed": "r/AskHistorians", "hidden": false, "pwls": 6, "link_flair_css_class": null, "downs": 0, "top_awarded_type": null, "parent_whitelist_status": "all_ads", "hide_score": false, "name": "t3_lwva3w", "mod_reports_dismissed": [["Account with &lt; karma. Check for Spam", "AutoModerator"]], "quarantine": false, "link_flair_text_color": "dark", "upvote_ratio": 0.84, "ignore_reports": false, "subreddit_type": "public", "ups": 17, "total_awards_received": 0, "media_embed": {}, "author_flair_template_id": null, "is_original_content": false, "author_fullname": "t2_1h2duq70", "secure_media": null, "is_reddit_media_domain": false, "is_meta": false, "category": null, "secure_media_embed": {}, "link_flair_text": null, "can_mod_post": true, "score": 17, "approved_by": "EdHistory101", "author_premium": false, "thumbnail": "", "edited": 1614820904.0, "author_flair_css_class": null, "author_flair_richtext": [], "gildings": {}, "content_categories": null, "is_self": true, "mod_note": null, "created": 1614810879.0, "link_flair_type": "text", "wls": 6, "removed_by_category": null, "banned_by": null, "author_flair_type": "text", "domain": "self.AskHistorians", "allow_live_comments": false, "selftext_html": "&lt;!-- SC_OFF --&gt;&lt;div class=\"md\"&gt;&lt;p&gt;According to &lt;a href=\"https://youtu.be/yNTsWFMLW-U\"&gt;this video&lt;/a&gt; by History Matters, Pope Pius IX threatened to excommunicate whoever ordered the assault on Rome, but the Italians got around this by having a Jewish soldier do it instead.  I could not find any sources about it when I searched up on this.  Did this really happen?  What was the name of that Jewish soldier the Italians asked to lead the Assault on Rome in 1870 so that no members of the Italian army would be excommunicated by Pius IX?  Are there any other sources that can verify this?&lt;/p&gt;\n\n&lt;p&gt;Correction: The Capture of Rome actually took place in 1870 September 20, not 1871.&lt;/p&gt;\n&lt;/div&gt;&lt;!-- SC_ON --&gt;", "likes": null, "suggested_sort": null, "banned_at_utc": null, "view_count": null, "archived": false, "no_follow": false, "spam": false, "is_crosspostable": true, "pinned": false, "over_18": false, "all_awardings": [], "awarders": [], "media_only": false, "can_gild": true, "removed": false, "spoiler": false, "locked": false, "author_flair_text": null, "treatment_tags": [], "visited": false, "removed_by": null, "num_reports": -1, "distinguished": null, "subreddit_id": "t5_2ssp3", "mod_reason_by": null, "removal_reason": null, "link_flair_background_color": "", "id": "lwva3w", "is_robot_indexable": true, "num_duplicates": 1, "report_reasons": [], "author": "EthanJacobRosca", "discussion_type": null, "num_comments": 3, "send_replies": true, "media": null, "contest_mode": false, "author_patreon_flair": false, "approved": true, "author_flair_text_color": null, "permalink": "/r/AskHistorians/comments/lwva3w/did_the_italians_really_hire_a_jewish_soldier_to/", "whitelist_status": "all_ads", "stickied": false, "url": "https://www.reddit.com/r/AskHistorians/comments/lwva3w/did_the_italians_really_hire_a_jewish_soldier_to/", "subreddit_subscribers": 1341739, "created_utc": 1614782079.0, "num_crossposts": 0, "mod_reports": [], "is_video": false}}], "after": null, "before": null}}, {"kind": "Listing", "data": {"modhash": null, "dist": null, "children": [{"kind": "t1", "data": {"total_awards_received": 0, "approved_at_utc": null, "comment_type": null, "awarders": [], "mod_reason_by": null, "banned_by": null, "ups": 1, "author_flair_type": "text", "removal_reason": null, "link_id": "t3_lwva3w", "author_flair_template_id": null, "likes": null, "replies": "", "user_reports": [], "saved": false, "id": "gpjc7eb", "banned_at_utc": null, "mod_reason_title": null, "gilded": 0, "archived": false, "removed": false, "no_follow": true, "author": "AutoModerator", "can_mod_post": true, "send_replies": false, "parent_id": "t3_lwva3w", "score": 1, "author_fullname": "t2_6l4z3", "report_reasons": [], "approved_by": null, "all_awardings": [], "subreddit_id": "t5_2ssp3", "ignore_reports": false, "body": "Welcome to /r/AskHistorians. **Please [Read Our Rules](https://www.reddit.com/r/AskHistorians/wiki/rules) before you comment in this community**. Understand that [rule breaking comments get removed](https://www.reddit.com/r/AskHistorians/comments/h8aefx/rules_roundtable_xviii_removed_curation_and_why/).\n\n#Please consider **[Clicking Here for RemindMeBot](https://www.reddit.com/message/compose/?to=RemindMeBot&amp;subject=Reminder&amp;message=%5Bhttps://www.reddit.com/r/AskHistorians/comments/lwva3w/did_the_italians_really_hire_a_jewish_soldier_to/%5D%0A%0ARemindMe!%202%20days)** as it takes time for an answer to be written. \n\nWe thank you for your interest in this *question*, and your patience in waiting for an in-depth and comprehensive answer to show up. In addition to RemindMeBot, consider [using our Browser Extension](https://www.reddit.com/r/AskHistorians/comments/d6dzi7/tired_of_clicking_to_find_only_removed_comments/), or getting the [Weekly Roundup](https://www.reddit.com/message/compose?to=subredditsummarybot&amp;subject=askhistorians+weekly&amp;message=x). In the meantime our [Twitter](https://twitter.com/askhistorians), [Facebook](https://www.facebook.com/askhistorians/), and [Sunday Digest](https://www.reddit.com/r/AskHistorians/search?q=title%3A%22Sunday+Digest%22&amp;restrict_sr=on&amp;sort=new&amp;t=all) feature excellent content that has already been written!\n\n\n*I am a bot, and this action was performed automatically. Please [contact the moderators of this subreddit](/message/compose/?to=/r/AskHistorians) if you have any questions or concerns.*", "edited": false, "downs": 0, "author_flair_css_class": null, "is_submitter": false, "collapsed": false, "author_flair_richtext": [], "author_patreon_flair": false, "body_html": "&lt;div class=\"md\"&gt;&lt;p&gt;Welcome to &lt;a href=\"/r/AskHistorians\"&gt;/r/AskHistorians&lt;/a&gt;. &lt;strong&gt;Please &lt;a href=\"https://www.reddit.com/r/AskHistorians/wiki/rules\"&gt;Read Our Rules&lt;/a&gt; before you comment in this community&lt;/strong&gt;. Understand that &lt;a href=\"https://www.reddit.com/r/AskHistorians/comments/h8aefx/rules_roundtable_xviii_removed_curation_and_why/\"&gt;rule breaking comments get removed&lt;/a&gt;.&lt;/p&gt;\n\n&lt;h1&gt;Please consider &lt;strong&gt;&lt;a href=\"https://www.reddit.com/message/compose/?to=RemindMeBot&amp;amp;subject=Reminder&amp;amp;message=%5Bhttps://www.reddit.com/r/AskHistorians/comments/lwva3w/did_the_italians_really_hire_a_jewish_soldier_to/%5D%0A%0ARemindMe!%202%20days\"&gt;Clicking Here for RemindMeBot&lt;/a&gt;&lt;/strong&gt; as it takes time for an answer to be written.&lt;/h1&gt;\n\n&lt;p&gt;We thank you for your interest in this &lt;em&gt;question&lt;/em&gt;, and your patience in waiting for an in-depth and comprehensive answer to show up. In addition to RemindMeBot, consider &lt;a href=\"https://www.reddit.com/r/AskHistorians/comments/d6dzi7/tired_of_clicking_to_find_only_removed_comments/\"&gt;using our Browser Extension&lt;/a&gt;, or getting the &lt;a href=\"https://www.reddit.com/message/compose?to=subredditsummarybot&amp;amp;subject=askhistorians+weekly&amp;amp;message=x\"&gt;Weekly Roundup&lt;/a&gt;. In the meantime our &lt;a href=\"https://twitter.com/askhistorians\"&gt;Twitter&lt;/a&gt;, &lt;a href=\"https://www.facebook.com/askhistorians/\"&gt;Facebook&lt;/a&gt;, and &lt;a href=\"https://www.reddit.com/r/AskHistorians/search?q=title%3A%22Sunday+Digest%22&amp;amp;restrict_sr=on&amp;amp;sort=new&amp;amp;t=all\"&gt;Sunday Digest&lt;/a&gt; feature excellent content that has already been written!&lt;/p&gt;\n\n&lt;p&gt;&lt;em&gt;I am a bot, and this action was performed automatically. Please &lt;a href=\"/message/compose/?to=/r/AskHistorians\"&gt;contact the moderators of this subreddit&lt;/a&gt; if you have any questions or concerns.&lt;/em&gt;&lt;/p&gt;\n&lt;/div&gt;", "gildings": {}, "collapsed_reason": null, "associated_award": null, "stickied": true, "author_premium": true, "subreddit_type": "public", "can_gild": true, "top_awarded_type": null, "approved": false, "author_flair_text_color": null, "score_hidden": false, "permalink": "/r/AskHistorians/comments/lwva3w/did_the_italians_really_hire_a_jewish_soldier_to/gpjc7eb/", "num_reports": 0, "locked": true, "name": "t1_gpjc7eb", "created": 1614810880.0, "subreddit": "AskHistorians", "author_flair_text": null, "treatment_tags": [], "spam": false, "created_utc": 1614782080.0, "subreddit_name_prefixed": "r/AskHistorians", "controversiality": 0, "depth": 0, "author_flair_background_color": null, "collapsed_because_crowd_control": null, "mod_reports": [], "mod_note": null, "distinguished": "moderator"}}, {"kind": "t1", "data": {"total_awards_received": 0, "approved_at_utc": null, "comment_type": null, "awarders": [], "mod_reason_by": null, "banned_by": null, "ups": 19, "author_flair_type": "richtext", "removal_reason": null, "link_id": "t3_lwva3w", "author_flair_template_id": "7b2f3f40-c626-11e2-9a3e-12313d1841d1", "likes": null, "replies": "", "user_reports": [], "saved": false, "id": "gpjm55r", "banned_at_utc": null, "mod_reason_title": null, "gilded": 0, "archived": false, "removed": false, "no_follow": false, "author": "Klesk_vs_Xaero", "can_mod_post": true, "send_replies": true, "parent_id": "t3_lwva3w", "score": 19, "author_fullname": "t2_iwl04", "report_reasons": [], "approved_by": null, "all_awardings": [], "subreddit_id": "t5_2ssp3", "ignore_reports": false, "body": "The Italian takeover of Rome took place under the command of mj. general Raffaele Cadorna, who is usually listed as catholic. His religious beliefs wouldn't matter much since the Pope - who had already taken similar steps for other political figures involved in the Italian Risorgimento (most notably Cavour, whose last rites were an extremely controversial affair at the time) - obviously intended his excommunication to fall on those responsible for what he denounced as an hostile occupation and flagrant violation of his prerogatives, both religious and political.\n\nAs he explicitly stated in his *Resipicientes ea omnia* (November 1^st 1870), the \"major excommunication\" was directed at all those, whether in position of power or not, who \"carried off the invasion, usurpation and occupation\" as well as at \"their principals, supporters, conspirators, advisors, followers, or whomever else facilitated [...] or acted by himself such scelerous deeds\".\n\n&gt; Quoniam vero Nostra monita, expostulationes et protestationes in irritum cesserunt, idcirco auctoritate omnipotentis Dei [...] declaramus, eos omnes, qualibet dignitate etiam specialissima mentione digna, fulgentes, **qui quarumcumque provinciarum Nostrae ditionis atque almae huius Urbis invasionem, usurpationem, occupationem vel eorum aliqua perpetrarunt, itemque ipsorum mandantes, fautores, adiutores, consiliarios, adhaerentes vel alios quoscumque praedictarum rerum exequutionem quolibet praetextu et quovis modo procurantes vel per seipsos exequentes**, maiorem excommunicationem aliasque censuras et poenas ecclesiasticas a sacris Canonibus, Apostolicis Constitutionibus et generalium Conciliorum, Tridentini praesertim (sess. 22, c. 11 de Reform.) decretis inflictas incurrisse iuxta formam et tenorem expressum in superius commemoratis Apostolicis litteris Nostris die 26 Mart. an. 1860 datis.\n\n\nThe relative vagueness, and broadness, of the terminology did at least prevent a direct, and explicit, excommunication of the King; and Victor Emmanuel II managed to maintain relations, albeit not exactly cordial, with the Pope, until he was, discreetely, allowed to take his last rites. But the tension between the Vatican and the Italian political establishment was very real (albeit not as \"mechanical\" as certain interpretations appear to suggest) and, for some, deeply concerning on a moral and religious level (the somewhat infamous Lugi Cadorna, Raffaele's son, was profoundly devout, in part due to his feeling that he had to atone for the excommunication inflicted upon his father, to the point where he is often characterized, not entirely without reason, as a bigot). It's worth keeping in mind that, at least until the mid XIX Century, the Savoy Kings had enjoyed a reputation of devotion - Charles Emmanuel IV even joined the Jesuits after his abdication, and even the \"Italian\" Charles Albert was well known for his extensive religious fasting - so that this rift with the Church was not exactly a secondary issue, and ended up playing a significant role in conflicting political trends which envisioned the Italian state either as strictly laical or as a inherently confessional.\n\nThe death of Victor Emmanuel II himself - while he was allowed to die a christian - did not result in a quelling of tensions that reached beyond the exact matter of Rome and the Pope's temporal domains. The main voice of the catholic press in the Capital announced his demise by mocking his proclamation from his first visit as King of Italy - that he was indeed \"there to stay *as a rotting corpse*\" - a mortal man in the immortal city. \n\n\nFor an overview of the relations between Italian liberal institutions and the Catholic Church, albeit both quite dated, Candeloro's *Il movimento cattolico in Italia* and De Rosa's *Storia del movimento cattolico* provide a good introduction to these topics.", "edited": false, "downs": 0, "author_flair_css_class": null, "is_submitter": false, "collapsed": false, "author_flair_richtext": [{"e": "text", "t": "Mussolini and Italian Fascism"}], "author_patreon_flair": false, "body_html": "&lt;div class=\"md\"&gt;&lt;p&gt;The Italian takeover of Rome took place under the command of mj. general Raffaele Cadorna, who is usually listed as catholic. His religious beliefs wouldn&amp;#39;t matter much since the Pope - who had already taken similar steps for other political figures involved in the Italian Risorgimento (most notably Cavour, whose last rites were an extremely controversial affair at the time) - obviously intended his excommunication to fall on those responsible for what he denounced as an hostile occupation and flagrant violation of his prerogatives, both religious and political.&lt;/p&gt;\n\n&lt;p&gt;As he explicitly stated in his &lt;em&gt;Resipicientes ea omnia&lt;/em&gt; (November 1&lt;sup&gt;st&lt;/sup&gt; 1870), the &amp;quot;major excommunication&amp;quot; was directed at all those, whether in position of power or not, who &amp;quot;carried off the invasion, usurpation and occupation&amp;quot; as well as at &amp;quot;their principals, supporters, conspirators, advisors, followers, or whomever else facilitated [...] or acted by himself such scelerous deeds&amp;quot;.&lt;/p&gt;\n\n&lt;blockquote&gt;\n&lt;p&gt;Quoniam vero Nostra monita, expostulationes et protestationes in irritum cesserunt, idcirco auctoritate omnipotentis Dei [...] declaramus, eos omnes, qualibet dignitate etiam specialissima mentione digna, fulgentes, &lt;strong&gt;qui quarumcumque provinciarum Nostrae ditionis atque almae huius Urbis invasionem, usurpationem, occupationem vel eorum aliqua perpetrarunt, itemque ipsorum mandantes, fautores, adiutores, consiliarios, adhaerentes vel alios quoscumque praedictarum rerum exequutionem quolibet praetextu et quovis modo procurantes vel per seipsos exequentes&lt;/strong&gt;, maiorem excommunicationem aliasque censuras et poenas ecclesiasticas a sacris Canonibus, Apostolicis Constitutionibus et generalium Conciliorum, Tridentini praesertim (sess. 22, c. 11 de Reform.) decretis inflictas incurrisse iuxta formam et tenorem expressum in superius commemoratis Apostolicis litteris Nostris die 26 Mart. an. 1860 datis.&lt;/p&gt;\n&lt;/blockquote&gt;\n\n&lt;p&gt;The relative vagueness, and broadness, of the terminology did at least prevent a direct, and explicit, excommunication of the King; and Victor Emmanuel II managed to maintain relations, albeit not exactly cordial, with the Pope, until he was, discreetely, allowed to take his last rites. But the tension between the Vatican and the Italian political establishment was very real (albeit not as &amp;quot;mechanical&amp;quot; as certain interpretations appear to suggest) and, for some, deeply concerning on a moral and religious level (the somewhat infamous Lugi Cadorna, Raffaele&amp;#39;s son, was profoundly devout, in part due to his feeling that he had to atone for the excommunication inflicted upon his father, to the point where he is often characterized, not entirely without reason, as a bigot). It&amp;#39;s worth keeping in mind that, at least until the mid XIX Century, the Savoy Kings had enjoyed a reputation of devotion - Charles Emmanuel IV even joined the Jesuits after his abdication, and even the &amp;quot;Italian&amp;quot; Charles Albert was well known for his extensive religious fasting - so that this rift with the Church was not exactly a secondary issue, and ended up playing a significant role in conflicting political trends which envisioned the Italian state either as strictly laical or as a inherently confessional.&lt;/p&gt;\n\n&lt;p&gt;The death of Victor Emmanuel II himself - while he was allowed to die a christian - did not result in a quelling of tensions that reached beyond the exact matter of Rome and the Pope&amp;#39;s temporal domains. The main voice of the catholic press in the Capital announced his demise by mocking his proclamation from his first visit as King of Italy - that he was indeed &amp;quot;there to stay &lt;em&gt;as a rotting corpse&lt;/em&gt;&amp;quot; - a mortal man in the immortal city. &lt;/p&gt;\n\n&lt;p&gt;For an overview of the relations between Italian liberal institutions and the Catholic Church, albeit both quite dated, Candeloro&amp;#39;s &lt;em&gt;Il movimento cattolico in Italia&lt;/em&gt; and De Rosa&amp;#39;s &lt;em&gt;Storia del movimento cattolico&lt;/em&gt; provide a good introduction to these topics.&lt;/p&gt;\n&lt;/div&gt;", "gildings": {}, "collapsed_reason": null, "associated_award": null, "stickied": false, "author_premium": false, "subreddit_type": "public", "can_gild": true, "top_awarded_type": null, "approved": false, "author_flair_text_color": "light", "score_hidden": false, "permalink": "/r/AskHistorians/comments/lwva3w/did_the_italians_really_hire_a_jewish_soldier_to/gpjm55r/", "num_reports": 0, "locked": false, "name": "t1_gpjm55r", "created": 1614815400.0, "subreddit": "AskHistorians", "author_flair_text": "Mussolini and Italian Fascism", "treatment_tags": [], "spam": false, "created_utc": 1614786600.0, "subreddit_name_prefixed": "r/AskHistorians", "controversiality": 0, "depth": 0, "author_flair_background_color": "#003399", "collapsed_because_crowd_control": null, "mod_reports": [], "mod_note": null, "distinguished": null}}, {"kind": "t1", "data": {"total_awards_received": 0, "approved_at_utc": null, "comment_type": null, "awarders": [], "mod_reason_by": null, "banned_by": null, "ups": 10, "author_flair_type": "text", "removal_reason": null, "link_id": "t3_lwva3w", "author_flair_template_id": null, "likes": null, "replies": "", "user_reports": [], "saved": false, "id": "gpk35m3", "banned_at_utc": null, "mod_reason_title": null, "gilded": 0, "archived": false, "removed": false, "no_follow": false, "author": "dimarco1653", "can_mod_post": true, "send_replies": true, "parent_id": "t3_lwva3w", "score": 10, "author_fullname": "t2_3vlg3h05", "report_reasons": [], "approved_by": null, "all_awardings": [], "subreddit_id": "t5_2ssp3", "ignore_reports": false, "body": "This refers to an anecdote that the first order to fire was given by a young Jewish artillery captain, Giacomo Segre, to avoid the threat of excommunication.\n\nHowever the documentary evidence seems to suggest that the 9th, 13th, 11th and 12th artillery divisions had already began the bombardment from 5:15 on 20 September 1870, ahead of the bombardment of Segre's 5th at 5:20.\n\nSo in short, there was a Jewish artillery captain present, who ordered his 5th division to fire, but he wasn't the first (by 5 minutes), and his involvement wasn't specifically to avoid the threat of excommunication.\n\nHe was just a Jewish artillery captain who happened to be involved, and a legend grew up around him.\n\nhttps://www.ilgiornale.it/news/cultura/porta-pia-vera-storia-cos-fu-presa-roma-1891151.html", "edited": false, "downs": 0, "author_flair_css_class": null, "is_submitter": false, "collapsed": false, "author_flair_richtext": [], "author_patreon_flair": false, "body_html": "&lt;div class=\"md\"&gt;&lt;p&gt;This refers to an anecdote that the first order to fire was given by a young Jewish artillery captain, Giacomo Segre, to avoid the threat of excommunication.&lt;/p&gt;\n\n&lt;p&gt;However the documentary evidence seems to suggest that the 9th, 13th, 11th and 12th artillery divisions had already began the bombardment from 5:15 on 20 September 1870, ahead of the bombardment of Segre&amp;#39;s 5th at 5:20.&lt;/p&gt;\n\n&lt;p&gt;So in short, there was a Jewish artillery captain present, who ordered his 5th division to fire, but he wasn&amp;#39;t the first (by 5 minutes), and his involvement wasn&amp;#39;t specifically to avoid the threat of excommunication.&lt;/p&gt;\n\n&lt;p&gt;He was just a Jewish artillery captain who happened to be involved, and a legend grew up around him.&lt;/p&gt;\n\n&lt;p&gt;&lt;a href=\"https://www.ilgiornale.it/news/cultura/porta-pia-vera-storia-cos-fu-presa-roma-1891151.html\"&gt;https://www.ilgiornale.it/news/cultura/porta-pia-vera-storia-cos-fu-presa-roma-1891151.html&lt;/a&gt;&lt;/p&gt;\n&lt;/div&gt;", "gildings": {}, "collapsed_reason": null, "associated_award": null, "stickied": false, "author_premium": false, "subreddit_type": "public", "can_gild": true, "top_awarded_type": null, "approved": false, "author_flair_text_color": null, "score_hidden": false, "permalink": "/r/AskHistorians/comments/lwva3w/did_the_italians_really_hire_a_jewish_soldier_to/gpk35m3/", "num_reports": 0, "locked": false, "name": "t1_gpk35m3", "created": 1614822682.0, "subreddit": "AskHistorians", "author_flair_text": null, "treatment_tags": [], "spam": false, "created_utc": 1614793882.0, "subreddit_name_prefixed": "r/AskHistorians", "controversiality": 0, "depth": 0, "author_flair_background_color": null, "collapsed_because_crowd_control": null, "mod_reports": [], "mod_note": null, "distinguished": null}}], "after": null, "before": null}}]