[{"kind": "Listing", "data": {"modhash": "", "dist": 1, "children": [{"kind": "t3", "data": {"approved_at_utc": null, "subreddit": "AskHistorians", "selftext": "Apparently, Ghenghis Khan was responsible for 40 million deaths. Joseph Stalin's regime is said to be responsible for 20 million. How do historians reach these estimations when the figures are so high? I understand that Nazi Germany was somewhat obsessive about record-keeping and that made estimating the number of deaths in the Holocaust relatively straightforward, but surely the same cannot be said for Ghenghis Khan? So on what do historians base their estimates?\n\n&amp;#x200B;\n\nAs a secondary question, what does it mean to say that Ghenghis Khan or Joseph Stalin were 'responsible' for somebody's death? Would, for example, a convicted murderer being executed be included in the figures, given that this person would be executed in almost any contemporary society?", "user_reports": [], "saved": false, "mod_reason_title": null, "gilded": 0, "clicked": false, "title": "How do historians estimate large-scale death rates?", "link_flair_richtext": [], "subreddit_name_prefixed": "r/AskHistorians", "hidden": false, "pwls": 6, "link_flair_css_class": null, "downs": 0, "top_awarded_type": null, "parent_whitelist_status": "all_ads", "hide_score": false, "name": "t3_lwxiij", "quarantine": false, "link_flair_text_color": "dark", "upvote_ratio": 1.0, "author_flair_background_color": "", "subreddit_type": "public", "ups": 5, "total_awards_received": 0, "media_embed": {}, "author_flair_template_id": null, "is_original_content": false, "secure_media": null, "is_reddit_media_domain": false, "is_meta": false, "category": null, "secure_media_embed": {}, "link_flair_text": null, "can_mod_post": false, "score": 5, "approved_by": null, "thumbnail": "", "edited": false, "author_flair_css_class": null, "gildings": {}, "content_categories": null, "is_self": true, "mod_note": null, "created": 1614816694.0, "link_flair_type": "text", "wls": 6, "removed_by_category": null, "banned_by": null, "domain": "self.AskHistorians", "allow_live_comments": false, "selftext_html": "&lt;!-- SC_OFF --&gt;&lt;div class=\"md\"&gt;&lt;p&gt;Apparently, Ghenghis Khan was responsible for 40 million deaths. Joseph Stalin&amp;#39;s regime is said to be responsible for 20 million. How do historians reach these estimations when the figures are so high? I understand that Nazi Germany was somewhat obsessive about record-keeping and that made estimating the number of deaths in the Holocaust relatively straightforward, but surely the same cannot be said for Ghenghis Khan? So on what do historians base their estimates?&lt;/p&gt;\n\n&lt;p&gt;&amp;#x200B;&lt;/p&gt;\n\n&lt;p&gt;As a secondary question, what does it mean to say that Ghenghis Khan or Joseph Stalin were &amp;#39;responsible&amp;#39; for somebody&amp;#39;s death? Would, for example, a convicted murderer being executed be included in the figures, given that this person would be executed in almost any contemporary society?&lt;/p&gt;\n&lt;/div&gt;&lt;!-- SC_ON --&gt;", "likes": null, "suggested_sort": null, "banned_at_utc": null, "view_count": null, "archived": false, "no_follow": false, "is_crosspostable": false, "pinned": false, "over_18": false, "all_awardings": [], "awarders": [], "media_only": false, "can_gild": false, "spoiler": false, "locked": false, "author_flair_text": null, "treatment_tags": [], "visited": false, "removed_by": null, "num_reports": null, "distinguished": null, "subreddit_id": "t5_2ssp3", "mod_reason_by": null, "removal_reason": null, "link_flair_background_color": "", "id": "lwxiij", "is_robot_indexable": true, "num_duplicates": 1, "report_reasons": null, "author": "[deleted]", "discussion_type": null, "num_comments": 3, "send_replies": true, "media": null, "contest_mode": false, "author_flair_text_color": "dark", "permalink": "/r/AskHistorians/comments/lwxiij/how_do_historians_estimate_largescale_death_rates/", "whitelist_status": "all_ads", "stickied": false, "url": "https://www.reddit.com/r/AskHistorians/comments/lwxiij/how_do_historians_estimate_largescale_death_rates/", "subreddit_subscribers": 1341216, "created_utc": 1614787894.0, "num_crossposts": 0, "mod_reports": [], "is_video": false}}], "after": null, "before": null}}, {"kind": "Listing", "data": {"modhash": "", "dist": null, "children": [{"kind": "t1", "data": {"total_awards_received": 0, "approved_at_utc": null, "comment_type": null, "awarders": [], "mod_reason_by": null, "banned_by": null, "ups": 1, "author_flair_type": "text", "removal_reason": null, "link_id": "t3_lwxiij", "author_flair_template_id": null, "likes": null, "replies": "", "user_reports": [], "saved": false, "id": "gpjp3pf", "banned_at_utc": null, "mod_reason_title": null, "gilded": 0, "archived": false, "no_follow": true, "author": "AutoModerator", "can_mod_post": false, "send_replies": false, "parent_id": "t3_lwxiij", "score": 1, "author_fullname": "t2_6l4z3", "report_reasons": null, "approved_by": null, "all_awardings": [], "subreddit_id": "t5_2ssp3", "body": "Welcome to /r/AskHistorians. **Please [Read Our Rules](https://www.reddit.com/r/AskHistorians/wiki/rules) before you comment in this community**. Understand that [rule breaking comments get removed](https://www.reddit.com/r/AskHistorians/comments/h8aefx/rules_roundtable_xviii_removed_curation_and_why/).\n\n#Please consider **[Clicking Here for RemindMeBot](https://www.reddit.com/message/compose/?to=RemindMeBot&amp;subject=Reminder&amp;message=%5Bhttps://www.reddit.com/r/AskHistorians/comments/lwxiij/how_do_historians_estimate_largescale_death_rates/%5D%0A%0ARemindMe!%202%20days)** as it takes time for an answer to be written. \n\nWe thank you for your interest in this *question*, and your patience in waiting for an in-depth and comprehensive answer to show up. In addition to RemindMeBot, consider [using our Browser Extension](https://www.reddit.com/r/AskHistorians/comments/d6dzi7/tired_of_clicking_to_find_only_removed_comments/), or getting the [Weekly Roundup](https://www.reddit.com/message/compose?to=subredditsummarybot&amp;subject=askhistorians+weekly&amp;message=x). In the meantime our [Twitter](https://twitter.com/askhistorians), [Facebook](https://www.facebook.com/askhistorians/), and [Sunday Digest](https://www.reddit.com/r/AskHistorians/search?q=title%3A%22Sunday+Digest%22&amp;restrict_sr=on&amp;sort=new&amp;t=all) feature excellent content that has already been written!\n\n\n*I am a bot, and this action was performed automatically. Please [contact the moderators of this subreddit](/message/compose/?to=/r/AskHistorians) if you have any questions or concerns.*", "edited": false, "downs": 0, "author_flair_css_class": null, "is_submitter": false, "collapsed": false, "author_flair_richtext": [], "author_patreon_flair": false, "body_html": "&lt;div class=\"md\"&gt;&lt;p&gt;Welcome to &lt;a href=\"/r/AskHistorians\"&gt;/r/AskHistorians&lt;/a&gt;. &lt;strong&gt;Please &lt;a href=\"https://www.reddit.com/r/AskHistorians/wiki/rules\"&gt;Read Our Rules&lt;/a&gt; before you comment in this community&lt;/strong&gt;. Understand that &lt;a href=\"https://www.reddit.com/r/AskHistorians/comments/h8aefx/rules_roundtable_xviii_removed_curation_and_why/\"&gt;rule breaking comments get removed&lt;/a&gt;.&lt;/p&gt;\n\n&lt;h1&gt;Please consider &lt;strong&gt;&lt;a href=\"https://www.reddit.com/message/compose/?to=RemindMeBot&amp;amp;subject=Reminder&amp;amp;message=%5Bhttps://www.reddit.com/r/AskHistorians/comments/lwxiij/how_do_historians_estimate_largescale_death_rates/%5D%0A%0ARemindMe!%202%20days\"&gt;Clicking Here for RemindMeBot&lt;/a&gt;&lt;/strong&gt; as it takes time for an answer to be written.&lt;/h1&gt;\n\n&lt;p&gt;We thank you for your interest in this &lt;em&gt;question&lt;/em&gt;, and your patience in waiting for an in-depth and comprehensive answer to show up. In addition to RemindMeBot, consider &lt;a href=\"https://www.reddit.com/r/AskHistorians/comments/d6dzi7/tired_of_clicking_to_find_only_removed_comments/\"&gt;using our Browser Extension&lt;/a&gt;, or getting the &lt;a href=\"https://www.reddit.com/message/compose?to=subredditsummarybot&amp;amp;subject=askhistorians+weekly&amp;amp;message=x\"&gt;Weekly Roundup&lt;/a&gt;. In the meantime our &lt;a href=\"https://twitter.com/askhistorians\"&gt;Twitter&lt;/a&gt;, &lt;a href=\"https://www.facebook.com/askhistorians/\"&gt;Facebook&lt;/a&gt;, and &lt;a href=\"https://www.reddit.com/r/AskHistorians/search?q=title%3A%22Sunday+Digest%22&amp;amp;restrict_sr=on&amp;amp;sort=new&amp;amp;t=all\"&gt;Sunday Digest&lt;/a&gt; feature excellent content that has already been written!&lt;/p&gt;\n\n&lt;p&gt;&lt;em&gt;I am a bot, and this action was performed automatically. Please &lt;a href=\"/message/compose/?to=/r/AskHistorians\"&gt;contact the moderators of this subreddit&lt;/a&gt; if you have any questions or concerns.&lt;/em&gt;&lt;/p&gt;\n&lt;/div&gt;", "gildings": {}, "collapsed_reason": null, "associated_award": null, "stickied": true, "author_premium": true, "subreddit_type": "public", "can_gild": true, "top_awarded_type": null, "author_flair_text_color": null, "score_hidden": true, "permalink": "/r/AskHistorians/comments/lwxiij/how_do_historians_estimate_largescale_death_rates/gpjp3pf/", "num_reports": null, "locked": true, "name": "t1_gpjp3pf", "created": 1614816695.0, "subreddit": "AskHistorians", "author_flair_text": null, "treatment_tags": [], "created_utc": 1614787895.0, "subreddit_name_prefixed": "r/AskHistorians", "controversiality": 0, "depth": 0, "author_flair_background_color": null, "collapsed_because_crowd_control": null, "mod_reports": [], "mod_note": null, "distinguished": "moderator"}}, {"kind": "t1", "data": {"total_awards_received": 0, "approved_at_utc": null, "comment_type": null, "awarders": [], "mod_reason_by": null, "banned_by": null, "ups": 10, "author_flair_type": "richtext", "removal_reason": null, "link_id": "t3_lwxiij", "author_flair_template_id": "7b2f3f40-c626-11e2-9a3e-12313d1841d1", "likes": null, "replies": {"kind": "Listing", "data": {"modhash": "", "dist": null, "children": [{"kind": "t1", "data": {"total_awards_received": 0, "approved_at_utc": null, "comment_type": null, "awarders": [], "mod_reason_by": null, "banned_by": null, "ups": 2, "removal_reason": null, "link_id": "t3_lwxiij", "author_flair_template_id": null, "likes": null, "replies": "", "user_reports": [], "saved": false, "id": "gpl21z8", "banned_at_utc": null, "mod_reason_title": null, "gilded": 0, "archived": false, "no_follow": true, "author": "[deleted]", "can_mod_post": false, "send_replies": true, "parent_id": "t1_gpkxdxv", "score": 2, "approved_by": null, "report_reasons": null, "all_awardings": [], "subreddit_id": "t5_2ssp3", "body": "Thanks very much for the answer, but really my question was (and apologies if it was poorly phrased) *how do historians estimate death counts when the numbers are extremely large? Especially in cases now hundreds of years in the past, with few written records? (eg. Ghenghis / Chinggis Khan)* \n\nI'm more asking about the methods used to determine that death count and what 'counts' and what doesn't, if that makes sense.", "edited": false, "author_flair_css_class": null, "collapsed": false, "downs": 0, "is_submitter": false, "body_html": "&lt;div class=\"md\"&gt;&lt;p&gt;Thanks very much for the answer, but really my question was (and apologies if it was poorly phrased) &lt;em&gt;how do historians estimate death counts when the numbers are extremely large? Especially in cases now hundreds of years in the past, with few written records? (eg. Ghenghis / Chinggis Khan)&lt;/em&gt; &lt;/p&gt;\n\n&lt;p&gt;I&amp;#39;m more asking about the methods used to determine that death count and what &amp;#39;counts&amp;#39; and what doesn&amp;#39;t, if that makes sense.&lt;/p&gt;\n&lt;/div&gt;", "gildings": {}, "collapsed_reason": null, "associated_award": null, "stickied": false, "subreddit_type": "public", "can_gild": false, "top_awarded_type": null, "author_flair_text_color": "dark", "score_hidden": false, "permalink": "/r/AskHistorians/comments/lwxiij/how_do_historians_estimate_largescale_death_rates/gpl21z8/", "num_reports": null, "locked": false, "name": "t1_gpl21z8", "created": 1614837794.0, "subreddit": "AskHistorians", "author_flair_text": null, "treatment_tags": [], "created_utc": 1614808994.0, "subreddit_name_prefixed": "r/AskHistorians", "controversiality": 0, "depth": 1, "author_flair_background_color": "", "collapsed_because_crowd_control": null, "mod_reports": [], "mod_note": null, "distinguished": null}}], "after": null, "before": null}}, "user_reports": [], "saved": false, "id": "gpkxdxv", "banned_at_utc": null, "mod_reason_title": null, "gilded": 0, "archived": false, "no_follow": false, "author": "Kochevnik81", "can_mod_post": false, "send_replies": true, "parent_id": "t3_lwxiij", "score": 10, "author_fullname": "t2_168sly", "report_reasons": null, "approved_by": null, "all_awardings": [], "subreddit_id": "t5_2ssp3", "body": "Regarding Chinggis Khan: the 40 million factoid is just that - something that is presented as a fact but is incredibly dubious. I wrote an [answer](https://www.reddit.com/r/AskHistorians/comments/cdc0wi/how_did_historians_arrive_at_the_figure_of_forty/etuv7xc/) to a similar question and it seems to have originally come from a 1959 demographic study of population trends Yuan Dynasty China that got misinterpreted into \"deaths from Mongol conquests\", which in turn got misinterpreted into \"deaths caused by Chinggis Khan\". \n\nAs for Stalin: the numbers are clearer than for the Mongols, but still very much estimates. We do have calculations for the numbers of people executed for political crimes (especially during the Purges of 1936-1938) - about 800,000 documented executions, as well as people who died in camps after being imprisoned for political crimes. But the line between \"criminal\" and \"political\" can get blurry - notably during collectivization a harsh law (the \"Law of Spikelets\") was passed that could result in lengthy prison sentences for people - often starving - picking up grain seeds from collective farm fields, on the pretense that it was \"theft of state property\". It's also worth noting that execution and camp records are often incomplete, or deliberately misleading, such as when terminally ill prisoners were released early so that their deaths wouldn't \"count\" on camp records. The generally-accepted death toll is around 1.5 million to 1.7 million, but there are [credible estimates](https://www.reddit.com/r/AskHistorians/comments/huc0dk/i_read_a_book_citing_the_gulag_death_rate_at/fymklix/) that go higher. \n\nA big chunk of the deaths attributed to Stalin are deaths from famine, which are incredibly hard to calculate (in no small part because malnutrition more often than not weakens one's immune system and they die from other causes, such as disease). It's also controversial how deliberate the famines were, although the [historic consensus](https://www.reddit.com/r/AskHistorians/comments/b3e0xo/how_isnt_the_holodomor_not_a_genocide/) is that they were caused by collectivization and other policies instituted by Soviet authorities. The death estimates here tend to be in the 5 to 7 million range. There are other estimates for deaths caused by population transfers, the 1946-7 famine which is partly blamed on Soviet policies, and various massacres like the Katyn Massacre. Timothy Snyder [in a now-subscription required article](https://www.nybooks.com/daily/2011/01/27/hitler-vs-stalin-who-was-worse/) makes the case that altogether this adds up to some 9 million deaths attributable to Stalin. The 20 million estimate does still come up...but it seems to be rarer and something nowadays of a maximum possible estimate rather than something born out by available records. Regardless we're still talking about millions of deaths.", "edited": false, "downs": 0, "author_flair_css_class": null, "is_submitter": false, "collapsed": false, "author_flair_richtext": [{"e": "text", "t": "Soviet Union &amp; Post-Soviet States | Modern Central Asia"}], "author_patreon_flair": false, "body_html": "&lt;div class=\"md\"&gt;&lt;p&gt;Regarding Chinggis Khan: the 40 million factoid is just that - something that is presented as a fact but is incredibly dubious. I wrote an &lt;a href=\"https://www.reddit.com/r/AskHistorians/comments/cdc0wi/how_did_historians_arrive_at_the_figure_of_forty/etuv7xc/\"&gt;answer&lt;/a&gt; to a similar question and it seems to have originally come from a 1959 demographic study of population trends Yuan Dynasty China that got misinterpreted into &amp;quot;deaths from Mongol conquests&amp;quot;, which in turn got misinterpreted into &amp;quot;deaths caused by Chinggis Khan&amp;quot;. &lt;/p&gt;\n\n&lt;p&gt;As for Stalin: the numbers are clearer than for the Mongols, but still very much estimates. We do have calculations for the numbers of people executed for political crimes (especially during the Purges of 1936-1938) - about 800,000 documented executions, as well as people who died in camps after being imprisoned for political crimes. But the line between &amp;quot;criminal&amp;quot; and &amp;quot;political&amp;quot; can get blurry - notably during collectivization a harsh law (the &amp;quot;Law of Spikelets&amp;quot;) was passed that could result in lengthy prison sentences for people - often starving - picking up grain seeds from collective farm fields, on the pretense that it was &amp;quot;theft of state property&amp;quot;. It&amp;#39;s also worth noting that execution and camp records are often incomplete, or deliberately misleading, such as when terminally ill prisoners were released early so that their deaths wouldn&amp;#39;t &amp;quot;count&amp;quot; on camp records. The generally-accepted death toll is around 1.5 million to 1.7 million, but there are &lt;a href=\"https://www.reddit.com/r/AskHistorians/comments/huc0dk/i_read_a_book_citing_the_gulag_death_rate_at/fymklix/\"&gt;credible estimates&lt;/a&gt; that go higher. &lt;/p&gt;\n\n&lt;p&gt;A big chunk of the deaths attributed to Stalin are deaths from famine, which are incredibly hard to calculate (in no small part because malnutrition more often than not weakens one&amp;#39;s immune system and they die from other causes, such as disease). It&amp;#39;s also controversial how deliberate the famines were, although the &lt;a href=\"https://www.reddit.com/r/AskHistorians/comments/b3e0xo/how_isnt_the_holodomor_not_a_genocide/\"&gt;historic consensus&lt;/a&gt; is that they were caused by collectivization and other policies instituted by Soviet authorities. The death estimates here tend to be in the 5 to 7 million range. There are other estimates for deaths caused by population transfers, the 1946-7 famine which is partly blamed on Soviet policies, and various massacres like the Katyn Massacre. Timothy Snyder &lt;a href=\"https://www.nybooks.com/daily/2011/01/27/hitler-vs-stalin-who-was-worse/\"&gt;in a now-subscription required article&lt;/a&gt; makes the case that altogether this adds up to some 9 million deaths attributable to Stalin. The 20 million estimate does still come up...but it seems to be rarer and something nowadays of a maximum possible estimate rather than something born out by available records. Regardless we&amp;#39;re still talking about millions of deaths.&lt;/p&gt;\n&lt;/div&gt;", "gildings": {}, "collapsed_reason": null, "associated_award": null, "stickied": false, "author_premium": false, "subreddit_type": "public", "can_gild": true, "top_awarded_type": null, "author_flair_text_color": "light", "score_hidden": false, "permalink": "/r/AskHistorians/comments/lwxiij/how_do_historians_estimate_largescale_death_rates/gpkxdxv/", "num_reports": null, "locked": false, "name": "t1_gpkxdxv", "created": 1614835740.0, "subreddit": "AskHistorians", "author_flair_text": "Soviet Union &amp; Post-Soviet States | Modern Central Asia", "treatment_tags": [], "created_utc": 1614806940.0, "subreddit_name_prefixed": "r/AskHistorians", "controversiality": 0, "depth": 0, "author_flair_background_color": "#003399", "collapsed_because_crowd_control": null, "mod_reports": [], "mod_note": null, "distinguished": null}}], "after": null, "before": null}}]