[{"kind": "Listing", "data": {"modhash": "", "dist": 1, "children": [{"kind": "t3", "data": {"approved_at_utc": null, "subreddit": "AskHistorians", "selftext": "Is the fascist ideology necessarily racist like Nazism?", "user_reports": [], "saved": false, "mod_reason_title": null, "gilded": 0, "clicked": false, "title": "was fascism originally racist?", "link_flair_richtext": [], "subreddit_name_prefixed": "r/AskHistorians", "hidden": false, "pwls": 6, "link_flair_css_class": null, "downs": 0, "top_awarded_type": null, "parent_whitelist_status": "all_ads", "hide_score": false, "name": "t3_lwz9ty", "quarantine": false, "link_flair_text_color": "dark", "upvote_ratio": 0.72, "author_flair_background_color": null, "subreddit_type": "public", "ups": 3, "total_awards_received": 0, "media_embed": {}, "author_flair_template_id": null, "is_original_content": false, "author_fullname": "t2_66iexlsr", "secure_media": null, "is_reddit_media_domain": false, "is_meta": false, "category": null, "secure_media_embed": {}, "link_flair_text": null, "can_mod_post": false, "score": 3, "approved_by": null, "author_premium": false, "thumbnail": "", "edited": false, "author_flair_css_class": null, "author_flair_richtext": [], "gildings": {}, "content_categories": null, "is_self": true, "mod_note": null, "created": 1614821077.0, "link_flair_type": "text", "wls": 6, "removed_by_category": null, "banned_by": null, "author_flair_type": "text", "domain": "self.AskHistorians", "allow_live_comments": false, "selftext_html": "&lt;!-- SC_OFF --&gt;&lt;div class=\"md\"&gt;&lt;p&gt;Is the fascist ideology necessarily racist like Nazism?&lt;/p&gt;\n&lt;/div&gt;&lt;!-- SC_ON --&gt;", "likes": null, "suggested_sort": null, "banned_at_utc": null, "view_count": null, "archived": false, "no_follow": false, "is_crosspostable": false, "pinned": false, "over_18": false, "all_awardings": [], "awarders": [], "media_only": false, "can_gild": false, "spoiler": false, "locked": false, "author_flair_text": null, "treatment_tags": [], "visited": false, "removed_by": null, "num_reports": null, "distinguished": null, "subreddit_id": "t5_2ssp3", "mod_reason_by": null, "removal_reason": null, "link_flair_background_color": "", "id": "lwz9ty", "is_robot_indexable": true, "num_duplicates": 1, "report_reasons": null, "author": "weedftw_69", "discussion_type": null, "num_comments": 2, "send_replies": true, "media": null, "contest_mode": false, "author_patreon_flair": false, "author_flair_text_color": null, "permalink": "/r/AskHistorians/comments/lwz9ty/was_fascism_originally_racist/", "whitelist_status": "all_ads", "stickied": false, "url": "https://www.reddit.com/r/AskHistorians/comments/lwz9ty/was_fascism_originally_racist/", "subreddit_subscribers": 1341216, "created_utc": 1614792277.0, "num_crossposts": 0, "mod_reports": [], "is_video": false}}], "after": null, "before": null}}, {"kind": "Listing", "data": {"modhash": "", "dist": null, "children": [{"kind": "t1", "data": {"total_awards_received": 0, "approved_at_utc": null, "comment_type": null, "awarders": [], "mod_reason_by": null, "banned_by": null, "ups": 1, "author_flair_type": "text", "removal_reason": null, "link_id": "t3_lwz9ty", "author_flair_template_id": null, "likes": null, "replies": "", "user_reports": [], "saved": false, "id": "gpjzdrn", "banned_at_utc": null, "mod_reason_title": null, "gilded": 0, "archived": false, "no_follow": true, "author": "AutoModerator", "can_mod_post": false, "send_replies": false, "parent_id": "t3_lwz9ty", "score": 1, "author_fullname": "t2_6l4z3", "report_reasons": null, "approved_by": null, "all_awardings": [], "subreddit_id": "t5_2ssp3", "body": "Welcome to /r/AskHistorians. **Please [Read Our Rules](https://www.reddit.com/r/AskHistorians/wiki/rules) before you comment in this community**. Understand that [rule breaking comments get removed](https://www.reddit.com/r/AskHistorians/comments/h8aefx/rules_roundtable_xviii_removed_curation_and_why/).\n\n#Please consider **[Clicking Here for RemindMeBot](https://www.reddit.com/message/compose/?to=RemindMeBot&amp;subject=Reminder&amp;message=%5Bhttps://www.reddit.com/r/AskHistorians/comments/lwz9ty/was_fascism_originally_racist/%5D%0A%0ARemindMe!%202%20days)** as it takes time for an answer to be written. \n\nWe thank you for your interest in this *question*, and your patience in waiting for an in-depth and comprehensive answer to show up. In addition to RemindMeBot, consider [using our Browser Extension](https://www.reddit.com/r/AskHistorians/comments/d6dzi7/tired_of_clicking_to_find_only_removed_comments/), or getting the [Weekly Roundup](https://www.reddit.com/message/compose?to=subredditsummarybot&amp;subject=askhistorians+weekly&amp;message=x). In the meantime our [Twitter](https://twitter.com/askhistorians), [Facebook](https://www.facebook.com/askhistorians/), and [Sunday Digest](https://www.reddit.com/r/AskHistorians/search?q=title%3A%22Sunday+Digest%22&amp;restrict_sr=on&amp;sort=new&amp;t=all) feature excellent content that has already been written!\n\n\n*I am a bot, and this action was performed automatically. Please [contact the moderators of this subreddit](/message/compose/?to=/r/AskHistorians) if you have any questions or concerns.*", "edited": false, "downs": 0, "author_flair_css_class": null, "is_submitter": false, "collapsed": false, "author_flair_richtext": [], "author_patreon_flair": false, "body_html": "&lt;div class=\"md\"&gt;&lt;p&gt;Welcome to &lt;a href=\"/r/AskHistorians\"&gt;/r/AskHistorians&lt;/a&gt;. &lt;strong&gt;Please &lt;a href=\"https://www.reddit.com/r/AskHistorians/wiki/rules\"&gt;Read Our Rules&lt;/a&gt; before you comment in this community&lt;/strong&gt;. Understand that &lt;a href=\"https://www.reddit.com/r/AskHistorians/comments/h8aefx/rules_roundtable_xviii_removed_curation_and_why/\"&gt;rule breaking comments get removed&lt;/a&gt;.&lt;/p&gt;\n\n&lt;h1&gt;Please consider &lt;strong&gt;&lt;a href=\"https://www.reddit.com/message/compose/?to=RemindMeBot&amp;amp;subject=Reminder&amp;amp;message=%5Bhttps://www.reddit.com/r/AskHistorians/comments/lwz9ty/was_fascism_originally_racist/%5D%0A%0ARemindMe!%202%20days\"&gt;Clicking Here for RemindMeBot&lt;/a&gt;&lt;/strong&gt; as it takes time for an answer to be written.&lt;/h1&gt;\n\n&lt;p&gt;We thank you for your interest in this &lt;em&gt;question&lt;/em&gt;, and your patience in waiting for an in-depth and comprehensive answer to show up. In addition to RemindMeBot, consider &lt;a href=\"https://www.reddit.com/r/AskHistorians/comments/d6dzi7/tired_of_clicking_to_find_only_removed_comments/\"&gt;using our Browser Extension&lt;/a&gt;, or getting the &lt;a href=\"https://www.reddit.com/message/compose?to=subredditsummarybot&amp;amp;subject=askhistorians+weekly&amp;amp;message=x\"&gt;Weekly Roundup&lt;/a&gt;. In the meantime our &lt;a href=\"https://twitter.com/askhistorians\"&gt;Twitter&lt;/a&gt;, &lt;a href=\"https://www.facebook.com/askhistorians/\"&gt;Facebook&lt;/a&gt;, and &lt;a href=\"https://www.reddit.com/r/AskHistorians/search?q=title%3A%22Sunday+Digest%22&amp;amp;restrict_sr=on&amp;amp;sort=new&amp;amp;t=all\"&gt;Sunday Digest&lt;/a&gt; feature excellent content that has already been written!&lt;/p&gt;\n\n&lt;p&gt;&lt;em&gt;I am a bot, and this action was performed automatically. Please &lt;a href=\"/message/compose/?to=/r/AskHistorians\"&gt;contact the moderators of this subreddit&lt;/a&gt; if you have any questions or concerns.&lt;/em&gt;&lt;/p&gt;\n&lt;/div&gt;", "gildings": {}, "collapsed_reason": null, "associated_award": null, "stickied": true, "author_premium": true, "subreddit_type": "public", "can_gild": true, "top_awarded_type": null, "author_flair_text_color": null, "score_hidden": true, "permalink": "/r/AskHistorians/comments/lwz9ty/was_fascism_originally_racist/gpjzdrn/", "num_reports": null, "locked": true, "name": "t1_gpjzdrn", "created": 1614821078.0, "subreddit": "AskHistorians", "author_flair_text": null, "treatment_tags": [], "created_utc": 1614792278.0, "subreddit_name_prefixed": "r/AskHistorians", "controversiality": 0, "depth": 0, "author_flair_background_color": null, "collapsed_because_crowd_control": null, "mod_reports": [], "mod_note": null, "distinguished": "moderator"}}, {"kind": "t1", "data": {"total_awards_received": 0, "approved_at_utc": null, "comment_type": null, "awarders": [], "mod_reason_by": null, "banned_by": null, "ups": 9, "author_flair_type": "richtext", "removal_reason": null, "link_id": "t3_lwz9ty", "author_flair_template_id": "7b2f3f40-c626-11e2-9a3e-12313d1841d1", "likes": null, "replies": "", "user_reports": [], "saved": false, "id": "gpkl0oo", "banned_at_utc": null, "mod_reason_title": null, "gilded": 0, "archived": false, "no_follow": false, "author": "Klesk_vs_Xaero", "can_mod_post": false, "send_replies": true, "parent_id": "t3_lwz9ty", "score": 9, "author_fullname": "t2_iwl04", "report_reasons": null, "approved_by": null, "all_awardings": [], "subreddit_id": "t5_2ssp3", "body": "Forgive me if I point out that these - besides being quite difficult to answer in absolute terms - are two fairly different questions. Furthermore, defining an \"ideal-type\" in such a way that you can conclusively prove it to be *necessarily* racist, or *non necessarily* racist, seems to be rather arbitrary and, frankly, more of a theosophical disputation than an historical investigation. \n\nI'll try to highlight at least the main points of what we can say with a less speculative approach. \n\n\nRacism - and I hope any expert on racism will correct me if I stray too much away from the truth - Racism, like many other social, cultural and political constructs tends to exist for a reason; which isn't to say that it has to be exclusively structurally determined, because ideological elements certainly play a role in defining its features. But that we need to keep in mind that racism existed in correspondence of specific social structures or to answer specific needs (direct exploitation, social stability, group identity, control of sub-groups perceived as dangerous, etc.). \n\nThe latter especially may not be a perfectly accurate definition of \"racism in history\" but it is at least accurate to how Italian Fascism understood racism during its explicitly \"racist\" phase, after the occupation of Ethiopia and the establishment of the Italian \"Empire\" in 1935-36.\n\n\nIt is with the explicit, dual, purpose of enforcing the subordination of the African populations on a \"racial\" basis, and of establishing a deeper and more profound conscience of the \"racial superiority\" of the Italian \"race\" (which in turn served as an \"identity-building\" element) that the Italian Regime undertook the formulation of a series of \"segregationist\" and openly afflictive measures directed at the indigenous population of the Italian colonies. \n\nIn this sense, the adoption of \"racism\" - modeled on \"Western\" racism of the late XIX Century, with its blend of paternalistic and pseudo-anthropologic connotations - by Italian Fascism was an instrumental deliberation.\n\nAs Mussolini explained in his private speech to the Grand Council of October 25^th 1938\n\n&gt; The racial problem is to me an achievement of the greatest importance and most important is its introduction into the history of Italy. The ancient Romans were unbelievably racist. The great struggle of the Roman Republic was indeed to know whether the Roman race could aggregate with the other races.\n\n\n&gt; [\u2026] here [in Italy] we have become persuaded that we are not a people but a mixture of races.\n\n&gt; Now when a people takes conscience of its race, it does so in opposition to every other race \u2013 not to one alone. But we did so only in opposition to the Camites, which is to say the Africans. The lack of a racial conscience had severe consequences in the Amara [a region of northern Ethiopia] When they saw that the Italians went more raggedly than themselves, that they lived in *tuculs*, that they took their women; they said: this is not a race which can bring us civilization!\n\n&gt; To preserve the Empire it is necessary that the natives have absolute, undisputed understanding of our superiority.\n\n\nAt the same time, there was no \"instrumental\" need for \"instrumental\" racism until the establishment of the Italian colonial empire. Until that point, it would be probably fair to say that the Italian outlook on Africa had reflected an \"exoticist\" interpretation - a place defined by its imaginary connotations, rather than by its practical traits and by concrete policies - even \"positive\" at time, as a repository of untamed energies, a cradle of preserved yet-uncivilized civilization, albeit in a rather \"unpleasant\" manner (the opening chapters of Marinetti's *Mafarka* are an obvious example of this disturbing attitude). \n\nIt's not saying much to point out that these approaches represent an integral feature of colonialism and are - indeed - \"racist\". But this tells us that a conceit of \"inferiority\" of the African populations existed in the Italian cultural environment, and to an extent society at large, already before Italian Fascism took power and begun to assert its presence within the nation. \n\nAt the same time, the ideological roots of fascism - as well as of Italian Fascism - tend to draw further back in time, from before the Great War and the awakening of new forms of national conscience during the late XIX Century and early XX Century. The first \"fascination\" with African exoticism occurred during the botched attempts to establish a protectorate over Ethiopia during 1887-96; and it took place within the awakening of a cultural and social context that Italian Fascism continued to identify with in opposition to the meeker liberal tradition going from Cairoli and Mancini to Giolitti and Nitti.\n\nIn the late XIX Century, when Pasquale Stanislao Mancini - the proponent of the principle of nationality as foundation of international right - then Italian Minister of Foreign Affairs, had declined the British offer to participate to the suppression of the Egyptian revolt, he had done so largely on practical grounds, but his defense of his action centered also, and sincerely to a degree, on the acknowledgement that the Egyptians' right to self-determination was not much different from that of the Italians themselves. While the attacks against him focused on how the Egyptian nationalists were nothing more than \"desert robbers\" and bandits, and therefore underserving of any consideration.\n\n\nBrutal methods of repression had been used in Libya already in the aftermath of the occupation in 1911-12, and continued sparsely during the Great War; but the \"pacification\" campaign led by Rodolfo Graziani during the late 1920s and early 1930s by far exceeded those early examples, under the renewed urgency to \"make room for the new\".\n\nSimilarly, where social and political tensions existed, cultural, political and racial terminology appeared to merge with a certain continuity already in the late stages of the Great War. It's indeed not uncommon to see the \"Slav-Bolshevik\" identification surface in the border regions of the Adriatic among the many \"national\" voices. \n\n\nHence, while a more precise, intentional, adoption of racist policies took place only after the proclamation of the Italian Empire, a broader climate of \"cultural racism\" - not uncommon within the whole of Europe, and in some way expression of an European culture - was already present before and continued to operate during the developing stages of Italian Fascism. \n\nIn this sense, I find the approach highlighted by Kallis in his *The eliminationist drive* (albeit in a different context), to provide a better nuance in understanding the role of \"agency-driving\" played by the expanding groups more or less directly connected to European fascism. Rather than simply determining, or identifying with, the process of \"othering\" all the way to physical elmination; fascism, and especially the most \"successful\" example of Nazi Germany, forged an ideal space where such policies were not only possible, but desirable and to be actively pursued, already before it begun to practically enact them. \n\nFascism certainly never discouraged racism - even when it proclaimed itself above its crude \"biological\" formulations - and appeared open to adopting and incorporating racist elements when possible and serviceable. A position which gave further impulse to an already wide network pseudo-scientific discourse grounding social and political conflict in racial or ethnical traits, either to be forcedly assimilated or removed.\n\nThis sort of process - even if not specifically identified with one definite form of \"racism\" - is something that I believe was integral to the evolution of fascism in its more or less complete forms during the 1920s and 1930s. A source of its violent radicalization in the 1940s, but also a root of a potential for radicalization that may integrate, albeit in this sense non always to the same extent and in the same form due to practical circumstances, various forms of racism.\n\n\n&amp;nbsp;\n\n\nGentile, E. - *Le origini dell'ideologia fascista*\n\nGentile, E. - *Il mito dello stato nuovo, dall'antigiolittismo al fascismo*\n\nGentile, E. - *La grande Italia. Ascesa e declino del mito della nazione nel ventesimo secolo*.\n\nSternhell, Z. et al. - *Naissance de l'ideologie fasciste*\n\nPaxton, R. - *The anatomy of fascism*\n\nPayne, S.G. - *Fascism*\n\nPupo, R. - *Fiume, citt\u00e0 di passione*\n\nVivarelli, R. - *Storia delle origini del Fascismo*\n\nDe Felice, R. - *Mussolini*\n\nKallis, A. - *Fascism, \u2018License\u2019 and Genocide: From the Chimera of Rebirth to the Authorization of Mass Murder* (in Costa Pinto, A. - *Rethinking the nature of Fascism, comparative perspectives*)\n\nKallis, A. - *Genocide and Fascism \u2013 the Eliminationist Drive in Fascist Europe*", "edited": 1614801854.0, "downs": 0, "author_flair_css_class": null, "is_submitter": false, "collapsed": false, "author_flair_richtext": [{"e": "text", "t": "Mussolini and Italian Fascism"}], "author_patreon_flair": false, "body_html": "&lt;div class=\"md\"&gt;&lt;p&gt;Forgive me if I point out that these - besides being quite difficult to answer in absolute terms - are two fairly different questions. Furthermore, defining an &amp;quot;ideal-type&amp;quot; in such a way that you can conclusively prove it to be &lt;em&gt;necessarily&lt;/em&gt; racist, or &lt;em&gt;non necessarily&lt;/em&gt; racist, seems to be rather arbitrary and, frankly, more of a theosophical disputation than an historical investigation. &lt;/p&gt;\n\n&lt;p&gt;I&amp;#39;ll try to highlight at least the main points of what we can say with a less speculative approach. &lt;/p&gt;\n\n&lt;p&gt;Racism - and I hope any expert on racism will correct me if I stray too much away from the truth - Racism, like many other social, cultural and political constructs tends to exist for a reason; which isn&amp;#39;t to say that it has to be exclusively structurally determined, because ideological elements certainly play a role in defining its features. But that we need to keep in mind that racism existed in correspondence of specific social structures or to answer specific needs (direct exploitation, social stability, group identity, control of sub-groups perceived as dangerous, etc.). &lt;/p&gt;\n\n&lt;p&gt;The latter especially may not be a perfectly accurate definition of &amp;quot;racism in history&amp;quot; but it is at least accurate to how Italian Fascism understood racism during its explicitly &amp;quot;racist&amp;quot; phase, after the occupation of Ethiopia and the establishment of the Italian &amp;quot;Empire&amp;quot; in 1935-36.&lt;/p&gt;\n\n&lt;p&gt;It is with the explicit, dual, purpose of enforcing the subordination of the African populations on a &amp;quot;racial&amp;quot; basis, and of establishing a deeper and more profound conscience of the &amp;quot;racial superiority&amp;quot; of the Italian &amp;quot;race&amp;quot; (which in turn served as an &amp;quot;identity-building&amp;quot; element) that the Italian Regime undertook the formulation of a series of &amp;quot;segregationist&amp;quot; and openly afflictive measures directed at the indigenous population of the Italian colonies. &lt;/p&gt;\n\n&lt;p&gt;In this sense, the adoption of &amp;quot;racism&amp;quot; - modeled on &amp;quot;Western&amp;quot; racism of the late XIX Century, with its blend of paternalistic and pseudo-anthropologic connotations - by Italian Fascism was an instrumental deliberation.&lt;/p&gt;\n\n&lt;p&gt;As Mussolini explained in his private speech to the Grand Council of October 25&lt;sup&gt;th&lt;/sup&gt; 1938&lt;/p&gt;\n\n&lt;blockquote&gt;\n&lt;p&gt;The racial problem is to me an achievement of the greatest importance and most important is its introduction into the history of Italy. The ancient Romans were unbelievably racist. The great struggle of the Roman Republic was indeed to know whether the Roman race could aggregate with the other races.&lt;/p&gt;\n\n&lt;p&gt;[\u2026] here [in Italy] we have become persuaded that we are not a people but a mixture of races.&lt;/p&gt;\n\n&lt;p&gt;Now when a people takes conscience of its race, it does so in opposition to every other race \u2013 not to one alone. But we did so only in opposition to the Camites, which is to say the Africans. The lack of a racial conscience had severe consequences in the Amara [a region of northern Ethiopia] When they saw that the Italians went more raggedly than themselves, that they lived in &lt;em&gt;tuculs&lt;/em&gt;, that they took their women; they said: this is not a race which can bring us civilization!&lt;/p&gt;\n\n&lt;p&gt;To preserve the Empire it is necessary that the natives have absolute, undisputed understanding of our superiority.&lt;/p&gt;\n&lt;/blockquote&gt;\n\n&lt;p&gt;At the same time, there was no &amp;quot;instrumental&amp;quot; need for &amp;quot;instrumental&amp;quot; racism until the establishment of the Italian colonial empire. Until that point, it would be probably fair to say that the Italian outlook on Africa had reflected an &amp;quot;exoticist&amp;quot; interpretation - a place defined by its imaginary connotations, rather than by its practical traits and by concrete policies - even &amp;quot;positive&amp;quot; at time, as a repository of untamed energies, a cradle of preserved yet-uncivilized civilization, albeit in a rather &amp;quot;unpleasant&amp;quot; manner (the opening chapters of Marinetti&amp;#39;s &lt;em&gt;Mafarka&lt;/em&gt; are an obvious example of this disturbing attitude). &lt;/p&gt;\n\n&lt;p&gt;It&amp;#39;s not saying much to point out that these approaches represent an integral feature of colonialism and are - indeed - &amp;quot;racist&amp;quot;. But this tells us that a conceit of &amp;quot;inferiority&amp;quot; of the African populations existed in the Italian cultural environment, and to an extent society at large, already before Italian Fascism took power and begun to assert its presence within the nation. &lt;/p&gt;\n\n&lt;p&gt;At the same time, the ideological roots of fascism - as well as of Italian Fascism - tend to draw further back in time, from before the Great War and the awakening of new forms of national conscience during the late XIX Century and early XX Century. The first &amp;quot;fascination&amp;quot; with African exoticism occurred during the botched attempts to establish a protectorate over Ethiopia during 1887-96; and it took place within the awakening of a cultural and social context that Italian Fascism continued to identify with in opposition to the meeker liberal tradition going from Cairoli and Mancini to Giolitti and Nitti.&lt;/p&gt;\n\n&lt;p&gt;In the late XIX Century, when Pasquale Stanislao Mancini - the proponent of the principle of nationality as foundation of international right - then Italian Minister of Foreign Affairs, had declined the British offer to participate to the suppression of the Egyptian revolt, he had done so largely on practical grounds, but his defense of his action centered also, and sincerely to a degree, on the acknowledgement that the Egyptians&amp;#39; right to self-determination was not much different from that of the Italians themselves. While the attacks against him focused on how the Egyptian nationalists were nothing more than &amp;quot;desert robbers&amp;quot; and bandits, and therefore underserving of any consideration.&lt;/p&gt;\n\n&lt;p&gt;Brutal methods of repression had been used in Libya already in the aftermath of the occupation in 1911-12, and continued sparsely during the Great War; but the &amp;quot;pacification&amp;quot; campaign led by Rodolfo Graziani during the late 1920s and early 1930s by far exceeded those early examples, under the renewed urgency to &amp;quot;make room for the new&amp;quot;.&lt;/p&gt;\n\n&lt;p&gt;Similarly, where social and political tensions existed, cultural, political and racial terminology appeared to merge with a certain continuity already in the late stages of the Great War. It&amp;#39;s indeed not uncommon to see the &amp;quot;Slav-Bolshevik&amp;quot; identification surface in the border regions of the Adriatic among the many &amp;quot;national&amp;quot; voices. &lt;/p&gt;\n\n&lt;p&gt;Hence, while a more precise, intentional, adoption of racist policies took place only after the proclamation of the Italian Empire, a broader climate of &amp;quot;cultural racism&amp;quot; - not uncommon within the whole of Europe, and in some way expression of an European culture - was already present before and continued to operate during the developing stages of Italian Fascism. &lt;/p&gt;\n\n&lt;p&gt;In this sense, I find the approach highlighted by Kallis in his &lt;em&gt;The eliminationist drive&lt;/em&gt; (albeit in a different context), to provide a better nuance in understanding the role of &amp;quot;agency-driving&amp;quot; played by the expanding groups more or less directly connected to European fascism. Rather than simply determining, or identifying with, the process of &amp;quot;othering&amp;quot; all the way to physical elmination; fascism, and especially the most &amp;quot;successful&amp;quot; example of Nazi Germany, forged an ideal space where such policies were not only possible, but desirable and to be actively pursued, already before it begun to practically enact them. &lt;/p&gt;\n\n&lt;p&gt;Fascism certainly never discouraged racism - even when it proclaimed itself above its crude &amp;quot;biological&amp;quot; formulations - and appeared open to adopting and incorporating racist elements when possible and serviceable. A position which gave further impulse to an already wide network pseudo-scientific discourse grounding social and political conflict in racial or ethnical traits, either to be forcedly assimilated or removed.&lt;/p&gt;\n\n&lt;p&gt;This sort of process - even if not specifically identified with one definite form of &amp;quot;racism&amp;quot; - is something that I believe was integral to the evolution of fascism in its more or less complete forms during the 1920s and 1930s. A source of its violent radicalization in the 1940s, but also a root of a potential for radicalization that may integrate, albeit in this sense non always to the same extent and in the same form due to practical circumstances, various forms of racism.&lt;/p&gt;\n\n&lt;p&gt;&amp;nbsp;&lt;/p&gt;\n\n&lt;p&gt;Gentile, E. - &lt;em&gt;Le origini dell&amp;#39;ideologia fascista&lt;/em&gt;&lt;/p&gt;\n\n&lt;p&gt;Gentile, E. - &lt;em&gt;Il mito dello stato nuovo, dall&amp;#39;antigiolittismo al fascismo&lt;/em&gt;&lt;/p&gt;\n\n&lt;p&gt;Gentile, E. - &lt;em&gt;La grande Italia. Ascesa e declino del mito della nazione nel ventesimo secolo&lt;/em&gt;.&lt;/p&gt;\n\n&lt;p&gt;Sternhell, Z. et al. - &lt;em&gt;Naissance de l&amp;#39;ideologie fasciste&lt;/em&gt;&lt;/p&gt;\n\n&lt;p&gt;Paxton, R. - &lt;em&gt;The anatomy of fascism&lt;/em&gt;&lt;/p&gt;\n\n&lt;p&gt;Payne, S.G. - &lt;em&gt;Fascism&lt;/em&gt;&lt;/p&gt;\n\n&lt;p&gt;Pupo, R. - &lt;em&gt;Fiume, citt\u00e0 di passione&lt;/em&gt;&lt;/p&gt;\n\n&lt;p&gt;Vivarelli, R. - &lt;em&gt;Storia delle origini del Fascismo&lt;/em&gt;&lt;/p&gt;\n\n&lt;p&gt;De Felice, R. - &lt;em&gt;Mussolini&lt;/em&gt;&lt;/p&gt;\n\n&lt;p&gt;Kallis, A. - &lt;em&gt;Fascism, \u2018License\u2019 and Genocide: From the Chimera of Rebirth to the Authorization of Mass Murder&lt;/em&gt; (in Costa Pinto, A. - &lt;em&gt;Rethinking the nature of Fascism, comparative perspectives&lt;/em&gt;)&lt;/p&gt;\n\n&lt;p&gt;Kallis, A. - &lt;em&gt;Genocide and Fascism \u2013 the Eliminationist Drive in Fascist Europe&lt;/em&gt;&lt;/p&gt;\n&lt;/div&gt;", "gildings": {}, "collapsed_reason": null, "associated_award": null, "stickied": false, "author_premium": false, "subreddit_type": "public", "can_gild": true, "top_awarded_type": null, "author_flair_text_color": "light", "score_hidden": false, "permalink": "/r/AskHistorians/comments/lwz9ty/was_fascism_originally_racist/gpkl0oo/", "num_reports": null, "locked": false, "name": "t1_gpkl0oo", "created": 1614830377.0, "subreddit": "AskHistorians", "author_flair_text": "Mussolini and Italian Fascism", "treatment_tags": [], "created_utc": 1614801577.0, "subreddit_name_prefixed": "r/AskHistorians", "controversiality": 0, "depth": 0, "author_flair_background_color": "#003399", "collapsed_because_crowd_control": null, "mod_reports": [], "mod_note": null, "distinguished": null}}], "after": null, "before": null}}]