[{"kind": "Listing", "data": {"modhash": "", "dist": 1, "children": [{"kind": "t3", "data": {"approved_at_utc": null, "subreddit": "AskHistorians", "selftext": "Wondering how we returned to public school post pandemic/epidemics as a means to view our goal to return to school now?", "user_reports": [], "saved": false, "mod_reason_title": null, "gilded": 0, "clicked": false, "title": "How did American schools \"return to normal\" after the 1918-1919 Spanish Flu Pandemic and after the Polio epidemics of 1916 &amp; 1950s?", "link_flair_richtext": [], "subreddit_name_prefixed": "r/AskHistorians", "hidden": false, "pwls": 6, "link_flair_css_class": null, "downs": 0, "top_awarded_type": null, "parent_whitelist_status": "all_ads", "hide_score": false, "name": "t3_lwzxmg", "quarantine": false, "link_flair_text_color": "dark", "upvote_ratio": 1.0, "author_flair_background_color": null, "subreddit_type": "public", "ups": 13, "total_awards_received": 0, "media_embed": {}, "author_flair_template_id": null, "is_original_content": false, "author_fullname": "t2_aop59tap", "secure_media": null, "is_reddit_media_domain": false, "is_meta": false, "category": null, "secure_media_embed": {}, "link_flair_text": null, "can_mod_post": false, "score": 13, "approved_by": null, "author_premium": false, "thumbnail": "", "edited": false, "author_flair_css_class": null, "author_flair_richtext": [], "gildings": {}, "content_categories": null, "is_self": true, "mod_note": null, "created": 1614822731.0, "link_flair_type": "text", "wls": 6, "removed_by_category": null, "banned_by": null, "author_flair_type": "text", "domain": "self.AskHistorians", "allow_live_comments": false, "selftext_html": "&lt;!-- SC_OFF --&gt;&lt;div class=\"md\"&gt;&lt;p&gt;Wondering how we returned to public school post pandemic/epidemics as a means to view our goal to return to school now?&lt;/p&gt;\n&lt;/div&gt;&lt;!-- SC_ON --&gt;", "likes": null, "suggested_sort": null, "banned_at_utc": null, "view_count": null, "archived": false, "no_follow": false, "is_crosspostable": false, "pinned": false, "over_18": false, "all_awardings": [], "awarders": [], "media_only": false, "can_gild": false, "spoiler": false, "locked": false, "author_flair_text": null, "treatment_tags": [], "visited": false, "removed_by": null, "num_reports": null, "distinguished": null, "subreddit_id": "t5_2ssp3", "mod_reason_by": null, "removal_reason": null, "link_flair_background_color": "", "id": "lwzxmg", "is_robot_indexable": true, "num_duplicates": 1, "report_reasons": null, "author": "JAKeenan87", "discussion_type": null, "num_comments": 2, "send_replies": true, "media": null, "contest_mode": false, "author_patreon_flair": false, "author_flair_text_color": null, "permalink": "/r/AskHistorians/comments/lwzxmg/how_did_american_schools_return_to_normal_after/", "whitelist_status": "all_ads", "stickied": false, "url": "https://www.reddit.com/r/AskHistorians/comments/lwzxmg/how_did_american_schools_return_to_normal_after/", "subreddit_subscribers": 1341216, "created_utc": 1614793931.0, "num_crossposts": 0, "mod_reports": [], "is_video": false}}], "after": null, "before": null}}, {"kind": "Listing", "data": {"modhash": "", "dist": null, "children": [{"kind": "t1", "data": {"total_awards_received": 0, "approved_at_utc": null, "comment_type": null, "awarders": [], "mod_reason_by": null, "banned_by": null, "ups": 1, "author_flair_type": "text", "removal_reason": null, "link_id": "t3_lwzxmg", "author_flair_template_id": null, "likes": null, "replies": "", "user_reports": [], "saved": false, "id": "gpk39vr", "banned_at_utc": null, "mod_reason_title": null, "gilded": 0, "archived": false, "no_follow": true, "author": "AutoModerator", "can_mod_post": false, "send_replies": false, "parent_id": "t3_lwzxmg", "score": 1, "author_fullname": "t2_6l4z3", "report_reasons": null, "approved_by": null, "all_awardings": [], "subreddit_id": "t5_2ssp3", "body": "Welcome to /r/AskHistorians. **Please [Read Our Rules](https://www.reddit.com/r/AskHistorians/wiki/rules) before you comment in this community**. Understand that [rule breaking comments get removed](https://www.reddit.com/r/AskHistorians/comments/h8aefx/rules_roundtable_xviii_removed_curation_and_why/).\n\n#Please consider **[Clicking Here for RemindMeBot](https://www.reddit.com/message/compose/?to=RemindMeBot&amp;subject=Reminder&amp;message=%5Bhttps://www.reddit.com/r/AskHistorians/comments/lwzxmg/how_did_american_schools_return_to_normal_after/%5D%0A%0ARemindMe!%202%20days)** as it takes time for an answer to be written. \n\nWe thank you for your interest in this *question*, and your patience in waiting for an in-depth and comprehensive answer to show up. In addition to RemindMeBot, consider [using our Browser Extension](https://www.reddit.com/r/AskHistorians/comments/d6dzi7/tired_of_clicking_to_find_only_removed_comments/), or getting the [Weekly Roundup](https://www.reddit.com/message/compose?to=subredditsummarybot&amp;subject=askhistorians+weekly&amp;message=x). In the meantime our [Twitter](https://twitter.com/askhistorians), [Facebook](https://www.facebook.com/askhistorians/), and [Sunday Digest](https://www.reddit.com/r/AskHistorians/search?q=title%3A%22Sunday+Digest%22&amp;restrict_sr=on&amp;sort=new&amp;t=all) feature excellent content that has already been written!\n\n\n*I am a bot, and this action was performed automatically. Please [contact the moderators of this subreddit](/message/compose/?to=/r/AskHistorians) if you have any questions or concerns.*", "edited": false, "downs": 0, "author_flair_css_class": null, "is_submitter": false, "collapsed": false, "author_flair_richtext": [], "author_patreon_flair": false, "body_html": "&lt;div class=\"md\"&gt;&lt;p&gt;Welcome to &lt;a href=\"/r/AskHistorians\"&gt;/r/AskHistorians&lt;/a&gt;. &lt;strong&gt;Please &lt;a href=\"https://www.reddit.com/r/AskHistorians/wiki/rules\"&gt;Read Our Rules&lt;/a&gt; before you comment in this community&lt;/strong&gt;. Understand that &lt;a href=\"https://www.reddit.com/r/AskHistorians/comments/h8aefx/rules_roundtable_xviii_removed_curation_and_why/\"&gt;rule breaking comments get removed&lt;/a&gt;.&lt;/p&gt;\n\n&lt;h1&gt;Please consider &lt;strong&gt;&lt;a href=\"https://www.reddit.com/message/compose/?to=RemindMeBot&amp;amp;subject=Reminder&amp;amp;message=%5Bhttps://www.reddit.com/r/AskHistorians/comments/lwzxmg/how_did_american_schools_return_to_normal_after/%5D%0A%0ARemindMe!%202%20days\"&gt;Clicking Here for RemindMeBot&lt;/a&gt;&lt;/strong&gt; as it takes time for an answer to be written.&lt;/h1&gt;\n\n&lt;p&gt;We thank you for your interest in this &lt;em&gt;question&lt;/em&gt;, and your patience in waiting for an in-depth and comprehensive answer to show up. In addition to RemindMeBot, consider &lt;a href=\"https://www.reddit.com/r/AskHistorians/comments/d6dzi7/tired_of_clicking_to_find_only_removed_comments/\"&gt;using our Browser Extension&lt;/a&gt;, or getting the &lt;a href=\"https://www.reddit.com/message/compose?to=subredditsummarybot&amp;amp;subject=askhistorians+weekly&amp;amp;message=x\"&gt;Weekly Roundup&lt;/a&gt;. In the meantime our &lt;a href=\"https://twitter.com/askhistorians\"&gt;Twitter&lt;/a&gt;, &lt;a href=\"https://www.facebook.com/askhistorians/\"&gt;Facebook&lt;/a&gt;, and &lt;a href=\"https://www.reddit.com/r/AskHistorians/search?q=title%3A%22Sunday+Digest%22&amp;amp;restrict_sr=on&amp;amp;sort=new&amp;amp;t=all\"&gt;Sunday Digest&lt;/a&gt; feature excellent content that has already been written!&lt;/p&gt;\n\n&lt;p&gt;&lt;em&gt;I am a bot, and this action was performed automatically. Please &lt;a href=\"/message/compose/?to=/r/AskHistorians\"&gt;contact the moderators of this subreddit&lt;/a&gt; if you have any questions or concerns.&lt;/em&gt;&lt;/p&gt;\n&lt;/div&gt;", "gildings": {}, "collapsed_reason": null, "associated_award": null, "stickied": true, "author_premium": true, "subreddit_type": "public", "can_gild": true, "top_awarded_type": null, "author_flair_text_color": null, "score_hidden": true, "permalink": "/r/AskHistorians/comments/lwzxmg/how_did_american_schools_return_to_normal_after/gpk39vr/", "num_reports": null, "locked": true, "name": "t1_gpk39vr", "created": 1614822732.0, "subreddit": "AskHistorians", "author_flair_text": null, "treatment_tags": [], "created_utc": 1614793932.0, "subreddit_name_prefixed": "r/AskHistorians", "controversiality": 0, "depth": 0, "author_flair_background_color": null, "collapsed_because_crowd_control": null, "mod_reports": [], "mod_note": null, "distinguished": "moderator"}}, {"kind": "t1", "data": {"total_awards_received": 0, "approved_at_utc": null, "comment_type": null, "awarders": [], "mod_reason_by": null, "banned_by": null, "ups": 2, "author_flair_type": "richtext", "removal_reason": null, "link_id": "t3_lwzxmg", "author_flair_template_id": "7197d816-c626-11e2-b2cc-12313b0b21ae", "likes": null, "replies": "", "user_reports": [], "saved": false, "id": "gtx7lot", "banned_at_utc": null, "mod_reason_title": null, "gilded": 0, "archived": false, "no_follow": true, "author": "EdHistory101", "can_mod_post": false, "send_replies": true, "parent_id": "t3_lwzxmg", "score": 2, "author_fullname": "t2_yfege", "report_reasons": null, "approved_by": null, "all_awardings": [], "subreddit_id": "t5_2ssp3", "body": "This is a great question and alas, the answer is remarkably like what we're seeking today: each school/district/city handled it a little bit differently.\n\nOne common reason schools re-opened in 1919 was that the teacher got better. I found multiple instances of a short notice in a local paper announcing that school would reopen or had reopened following the Christmas holiday because the teacher no longer had the flu. One listing read simply:\n&gt; Centennial school in Hamilton township opened on Monday. The teacher, Miss Minnie Coble, has recovered from the flu. \n\nMost of the re-opening notices that I found appeared to be clustered around January, 1919 but there were multiple instances where a school announced re-opening in the Fall of 1918 after a short closing and a second re-opening announcement appeared in December 1918 or early 1919. \n&gt; many of the pupils live out of town and did not hear of the reopening of the school in time to come this morning. He had several telephone messages of inquiry as to the reopening and tomorrow will see an increase over the first day's attendance and, it will not be long, he predicts before the average attendance which today was more than 8O per cent will be back to normal.\n\nSome schools did try to stay open during the pandemic but faced resistance from teachers. In November 1918 while the Anne Arundel County (Annapolis, Maryland) County Health Advisor was announcing that schools were going to open, a group of teachers in Pennsylvania refused to go to work as some of their colleagues had gone to a conference and contracted the flu. By August and September 1919, Spanish Flu had pretty much burned itself out and schools opened normally.\n\nThat said, there was another major part related to the re-opening of schools. From a [previous response](https://old.reddit.com/r/AskHistorians/comments/fcxn1q/how_did_american_schools_handle_outbreaks_of_the/fjgxcfn/) on the Spanish Flu and schools:\n\n&gt; One final note about the impact of outbreaks on school children. To us in the modern era, it can be overwhelming to look at the statistics around the Spanish Flu (195,000 American deaths in just October 1918) and have difficulty connecting to the human impact. While looking for articles about schools' responses to the Spanish Flu, I came across dozens of funeral notices in local papers for children who died, even some from families that lost multiple children in one week or day. School can sometimes feel like an impersonal space but those notices serve as a reminder that the adults working in them have long tried to do what they feel is best for the children they're responsible for, making the best decisions they can with the information they have.\n\nSchool, especially in smaller communities, were faced with dealing with the impact of students' who had passed. In some cases, school leaders advocated for whole-school assemblies that served as a form of public mourning and flying the school flag at half-mast. Other school leaders, and teachers, advocated for a chin up, no acknowledgment approach that meant no discussion of students - or teachers - who had passed. So while schools then were different, they were very similar to today's schools in that the adults around the children were doing their best to keep the children in their charge safe, healthy, and learning.", "edited": false, "downs": 0, "author_flair_css_class": null, "is_submitter": false, "collapsed": false, "author_flair_richtext": [{"e": "text", "t": "Moderator | History of Education"}], "author_patreon_flair": false, "body_html": "&lt;div class=\"md\"&gt;&lt;p&gt;This is a great question and alas, the answer is remarkably like what we&amp;#39;re seeking today: each school/district/city handled it a little bit differently.&lt;/p&gt;\n\n&lt;p&gt;One common reason schools re-opened in 1919 was that the teacher got better. I found multiple instances of a short notice in a local paper announcing that school would reopen or had reopened following the Christmas holiday because the teacher no longer had the flu. One listing read simply:&lt;/p&gt;\n\n&lt;blockquote&gt;\n&lt;p&gt;Centennial school in Hamilton township opened on Monday. The teacher, Miss Minnie Coble, has recovered from the flu. &lt;/p&gt;\n&lt;/blockquote&gt;\n\n&lt;p&gt;Most of the re-opening notices that I found appeared to be clustered around January, 1919 but there were multiple instances where a school announced re-opening in the Fall of 1918 after a short closing and a second re-opening announcement appeared in December 1918 or early 1919. &lt;/p&gt;\n\n&lt;blockquote&gt;\n&lt;p&gt;many of the pupils live out of town and did not hear of the reopening of the school in time to come this morning. He had several telephone messages of inquiry as to the reopening and tomorrow will see an increase over the first day&amp;#39;s attendance and, it will not be long, he predicts before the average attendance which today was more than 8O per cent will be back to normal.&lt;/p&gt;\n&lt;/blockquote&gt;\n\n&lt;p&gt;Some schools did try to stay open during the pandemic but faced resistance from teachers. In November 1918 while the Anne Arundel County (Annapolis, Maryland) County Health Advisor was announcing that schools were going to open, a group of teachers in Pennsylvania refused to go to work as some of their colleagues had gone to a conference and contracted the flu. By August and September 1919, Spanish Flu had pretty much burned itself out and schools opened normally.&lt;/p&gt;\n\n&lt;p&gt;That said, there was another major part related to the re-opening of schools. From a &lt;a href=\"https://old.reddit.com/r/AskHistorians/comments/fcxn1q/how_did_american_schools_handle_outbreaks_of_the/fjgxcfn/\"&gt;previous response&lt;/a&gt; on the Spanish Flu and schools:&lt;/p&gt;\n\n&lt;blockquote&gt;\n&lt;p&gt;One final note about the impact of outbreaks on school children. To us in the modern era, it can be overwhelming to look at the statistics around the Spanish Flu (195,000 American deaths in just October 1918) and have difficulty connecting to the human impact. While looking for articles about schools&amp;#39; responses to the Spanish Flu, I came across dozens of funeral notices in local papers for children who died, even some from families that lost multiple children in one week or day. School can sometimes feel like an impersonal space but those notices serve as a reminder that the adults working in them have long tried to do what they feel is best for the children they&amp;#39;re responsible for, making the best decisions they can with the information they have.&lt;/p&gt;\n&lt;/blockquote&gt;\n\n&lt;p&gt;School, especially in smaller communities, were faced with dealing with the impact of students&amp;#39; who had passed. In some cases, school leaders advocated for whole-school assemblies that served as a form of public mourning and flying the school flag at half-mast. Other school leaders, and teachers, advocated for a chin up, no acknowledgment approach that meant no discussion of students - or teachers - who had passed. So while schools then were different, they were very similar to today&amp;#39;s schools in that the adults around the children were doing their best to keep the children in their charge safe, healthy, and learning.&lt;/p&gt;\n&lt;/div&gt;", "gildings": {}, "collapsed_reason": null, "associated_award": null, "stickied": false, "author_premium": true, "subreddit_type": "public", "can_gild": true, "top_awarded_type": null, "author_flair_text_color": "light", "score_hidden": false, "permalink": "/r/AskHistorians/comments/lwzxmg/how_did_american_schools_return_to_normal_after/gtx7lot/", "num_reports": null, "locked": false, "name": "t1_gtx7lot", "created": 1617999463.0, "subreddit": "AskHistorians", "author_flair_text": "Moderator | History of Education", "treatment_tags": [], "created_utc": 1617970663.0, "subreddit_name_prefixed": "r/AskHistorians", "controversiality": 0, "depth": 0, "author_flair_background_color": "#ff3300", "collapsed_because_crowd_control": null, "mod_reports": [], "mod_note": null, "distinguished": null}}], "after": null, "before": null}}]