[{"kind": "Listing", "data": {"modhash": null, "dist": 1, "children": [{"kind": "t3", "data": {"approved_at_utc": null, "subreddit": "AskHistorians", "selftext": "[deleted]", "user_reports": [], "saved": false, "mod_reason_title": null, "gilded": 0, "clicked": false, "title": "Who were Hitler's main opponents during his rise to power and where can I find what they were saying/writing?", "link_flair_richtext": [], "subreddit_name_prefixed": "r/AskHistorians", "hidden": false, "pwls": 6, "link_flair_css_class": null, "downs": 0, "top_awarded_type": null, "parent_whitelist_status": "all_ads", "hide_score": false, "name": "t3_lx2bfj", "quarantine": false, "link_flair_text_color": "dark", "upvote_ratio": 1.0, "author_flair_background_color": "", "subreddit_type": "public", "ups": 7, "total_awards_received": 0, "media_embed": {}, "author_flair_template_id": null, "is_original_content": false, "secure_media": null, "is_reddit_media_domain": false, "is_meta": false, "category": null, "secure_media_embed": {}, "link_flair_text": null, "can_mod_post": false, "score": 7, "approved_by": null, "ignore_reports": false, "thumbnail": "", "edited": false, "author_flair_css_class": null, "previous_visits": [1620811181.0], "gildings": {}, "content_categories": null, "is_self": true, "mod_note": null, "created": 1614828828.0, "link_flair_type": "text", "wls": 6, "removed_by_category": "deleted", "banned_by": null, "domain": "self.AskHistorians", "allow_live_comments": false, "selftext_html": "&lt;!-- SC_OFF --&gt;&lt;div class=\"md\"&gt;&lt;p&gt;[deleted]&lt;/p&gt;\n&lt;/div&gt;&lt;!-- SC_ON --&gt;", "likes": null, "suggested_sort": null, "banned_at_utc": null, "view_count": null, "archived": false, "no_follow": false, "spam": false, "is_crosspostable": false, "pinned": false, "over_18": false, "all_awardings": [], "awarders": [], "media_only": false, "can_gild": false, "removed": false, "spoiler": false, "locked": false, "author_flair_text": null, "treatment_tags": [], "visited": false, "removed_by": null, "num_reports": null, "distinguished": null, "subreddit_id": "t5_2ssp3", "mod_reason_by": null, "removal_reason": null, "link_flair_background_color": "", "id": "lx2bfj", "is_robot_indexable": false, "num_duplicates": 1, "report_reasons": null, "author": "[deleted]", "discussion_type": null, "num_comments": 2, "send_replies": true, "media": null, "contest_mode": false, "approved": true, "author_flair_text_color": "dark", "permalink": "/r/AskHistorians/comments/lx2bfj/who_were_hitlers_main_opponents_during_his_rise/", "whitelist_status": "all_ads", "stickied": false, "url": "https://www.reddit.com/r/AskHistorians/comments/lx2bfj/who_were_hitlers_main_opponents_during_his_rise/", "subreddit_subscribers": 1347136, "created_utc": 1614800028.0, "num_crossposts": 0, "mod_reports": [], "is_video": false}}], "after": null, "before": null}}, {"kind": "Listing", "data": {"modhash": null, "dist": null, "children": [{"kind": "t1", "data": {"total_awards_received": 0, "approved_at_utc": null, "comment_type": null, "awarders": [], "mod_reason_by": null, "banned_by": null, "ups": 1, "author_flair_type": "text", "removal_reason": null, "link_id": "t3_lx2bfj", "author_flair_template_id": null, "likes": null, "replies": "", "user_reports": [], "saved": false, "id": "gpkhf2v", "banned_at_utc": null, "mod_reason_title": null, "gilded": 0, "archived": false, "removed": false, "no_follow": true, "author": "AutoModerator", "can_mod_post": false, "send_replies": false, "parent_id": "t3_lx2bfj", "score": 1, "author_fullname": "t2_6l4z3", "report_reasons": null, "approved_by": null, "all_awardings": [], "subreddit_id": "t5_2ssp3", "ignore_reports": false, "body": "Welcome to /r/AskHistorians. **Please [Read Our Rules](https://www.reddit.com/r/AskHistorians/wiki/rules) before you comment in this community**. Understand that [rule breaking comments get removed](https://www.reddit.com/r/AskHistorians/comments/h8aefx/rules_roundtable_xviii_removed_curation_and_why/).\n\n#Please consider **[Clicking Here for RemindMeBot](https://www.reddit.com/message/compose/?to=RemindMeBot&amp;subject=Reminder&amp;message=%5Bhttps://www.reddit.com/r/AskHistorians/comments/lx2bfj/who_were_hitlers_main_opponents_during_his_rise/%5D%0A%0ARemindMe!%202%20days)** as it takes time for an answer to be written. \n\nWe thank you for your interest in this *question*, and your patience in waiting for an in-depth and comprehensive answer to show up. In addition to RemindMeBot, consider [using our Browser Extension](https://www.reddit.com/r/AskHistorians/comments/d6dzi7/tired_of_clicking_to_find_only_removed_comments/), or getting the [Weekly Roundup](https://www.reddit.com/message/compose?to=subredditsummarybot&amp;subject=askhistorians+weekly&amp;message=x). In the meantime our [Twitter](https://twitter.com/askhistorians), [Facebook](https://www.facebook.com/askhistorians/), and [Sunday Digest](https://www.reddit.com/r/AskHistorians/search?q=title%3A%22Sunday+Digest%22&amp;restrict_sr=on&amp;sort=new&amp;t=all) feature excellent content that has already been written!\n\n\n*I am a bot, and this action was performed automatically. Please [contact the moderators of this subreddit](/message/compose/?to=/r/AskHistorians) if you have any questions or concerns.*", "edited": false, "downs": 0, "author_flair_css_class": null, "is_submitter": false, "collapsed": false, "author_flair_richtext": [], "author_patreon_flair": false, "body_html": "&lt;div class=\"md\"&gt;&lt;p&gt;Welcome to &lt;a href=\"/r/AskHistorians\"&gt;/r/AskHistorians&lt;/a&gt;. &lt;strong&gt;Please &lt;a href=\"https://www.reddit.com/r/AskHistorians/wiki/rules\"&gt;Read Our Rules&lt;/a&gt; before you comment in this community&lt;/strong&gt;. Understand that &lt;a href=\"https://www.reddit.com/r/AskHistorians/comments/h8aefx/rules_roundtable_xviii_removed_curation_and_why/\"&gt;rule breaking comments get removed&lt;/a&gt;.&lt;/p&gt;\n\n&lt;h1&gt;Please consider &lt;strong&gt;&lt;a href=\"https://www.reddit.com/message/compose/?to=RemindMeBot&amp;amp;subject=Reminder&amp;amp;message=%5Bhttps://www.reddit.com/r/AskHistorians/comments/lx2bfj/who_were_hitlers_main_opponents_during_his_rise/%5D%0A%0ARemindMe!%202%20days\"&gt;Clicking Here for RemindMeBot&lt;/a&gt;&lt;/strong&gt; as it takes time for an answer to be written.&lt;/h1&gt;\n\n&lt;p&gt;We thank you for your interest in this &lt;em&gt;question&lt;/em&gt;, and your patience in waiting for an in-depth and comprehensive answer to show up. In addition to RemindMeBot, consider &lt;a href=\"https://www.reddit.com/r/AskHistorians/comments/d6dzi7/tired_of_clicking_to_find_only_removed_comments/\"&gt;using our Browser Extension&lt;/a&gt;, or getting the &lt;a href=\"https://www.reddit.com/message/compose?to=subredditsummarybot&amp;amp;subject=askhistorians+weekly&amp;amp;message=x\"&gt;Weekly Roundup&lt;/a&gt;. In the meantime our &lt;a href=\"https://twitter.com/askhistorians\"&gt;Twitter&lt;/a&gt;, &lt;a href=\"https://www.facebook.com/askhistorians/\"&gt;Facebook&lt;/a&gt;, and &lt;a href=\"https://www.reddit.com/r/AskHistorians/search?q=title%3A%22Sunday+Digest%22&amp;amp;restrict_sr=on&amp;amp;sort=new&amp;amp;t=all\"&gt;Sunday Digest&lt;/a&gt; feature excellent content that has already been written!&lt;/p&gt;\n\n&lt;p&gt;&lt;em&gt;I am a bot, and this action was performed automatically. Please &lt;a href=\"/message/compose/?to=/r/AskHistorians\"&gt;contact the moderators of this subreddit&lt;/a&gt; if you have any questions or concerns.&lt;/em&gt;&lt;/p&gt;\n&lt;/div&gt;", "gildings": {}, "collapsed_reason": null, "associated_award": null, "stickied": true, "author_premium": true, "subreddit_type": "public", "can_gild": true, "top_awarded_type": null, "approved": false, "author_flair_text_color": null, "score_hidden": false, "permalink": "/r/AskHistorians/comments/lx2bfj/who_were_hitlers_main_opponents_during_his_rise/gpkhf2v/", "num_reports": null, "locked": true, "name": "t1_gpkhf2v", "created": 1614828829.0, "subreddit": "AskHistorians", "author_flair_text": null, "treatment_tags": [], "spam": false, "created_utc": 1614800029.0, "subreddit_name_prefixed": "r/AskHistorians", "controversiality": 0, "depth": 0, "author_flair_background_color": null, "collapsed_because_crowd_control": null, "mod_reports": [], "mod_note": null, "distinguished": "moderator"}}, {"kind": "t1", "data": {"total_awards_received": 0, "approved_at_utc": null, "comment_type": null, "awarders": [], "mod_reason_by": null, "banned_by": null, "ups": 8, "author_flair_type": "text", "removal_reason": null, "link_id": "t3_lx2bfj", "author_flair_template_id": null, "likes": null, "replies": "", "user_reports": [], "saved": false, "id": "gpl2zyz", "banned_at_utc": null, "mod_reason_title": null, "gilded": 0, "archived": false, "removed": false, "no_follow": false, "author": "BenMic81", "can_mod_post": false, "send_replies": true, "parent_id": "t3_lx2bfj", "score": 8, "author_fullname": "t2_a1baojd8", "report_reasons": null, "approved_by": null, "all_awardings": [], "subreddit_id": "t5_2ssp3", "ignore_reports": false, "body": "Naturally the main opponents of Hitler were the leftist and (to a much lesser degree) liberal and centrist parties of the Weimar Republic. The conservative and the liberal-conservative parties however especially failed to unite against him and the strongest resistance was put up by the communists and the social democrats.\n\nWhile the communists resorted to fighting actively in the streets and were quickly rounded up, killed or incarcerated after Hitler was appointed as chancellor (but before he also obtained the presidency) the social democrats remained longer in their positions and fought politically.\n\nThe famous speech of Otto Wels is exemplary of the brave and - in the end - futile resistance put up in this way. Even though the chambers of parliament were stacked with SA thugs and many leftist politicians had already been incarcerated or killed he held a scathing speech against the \u201cErm\u00e4chtigungsgesetz\u201d which granted extraordinary powers to Hitler and disabolishing parts of the constitution. A famous quote from this speech is: \u201eFreiheit und Leben kann man uns nehmen, die Ehre nicht.\u201c (they make take out Liberty, our Lives, but they can\u2019t take away our honor).\n\nThe social democratic SPD went on to oppose the Erm\u00e4chtigungsgesetz while all other parties caved in and let the law pass with the necessary majority (the communist KPD which held more than 80 seats had been disenfranchised). The 96 SPD votes were the last meaningful parliamentary resistance because from then on the Nazis had all the executive power they needed. \n\nWels himself had to flee after that. He established an exile party government in Prague (until it was occupied by Germany) and died in Exile in 1939 in Paris.\n \nHitler himself saw in the communists and social democrats his main opponents. And rightly so. It could all have taken a different route - either if the centrist, liberal and leftist parties had found common ground OR if the fight against Nazism had been taken up with arms.\n\nThere were plans and preparations to do so. The \u201cEiserne Front\u201d - a paramilitary force of mainly union members and left leaning citizens had 3.5 million members and half a million of these were armed and somewhat trained.\n\nHowever the social democrats wanted to avoid a civil war. They assumed that a power grab (like the Kapp Putsch) would take place in order for the Nazis to get to power. They never expected them to go the way of the institutions, becoming the strongest party in Parliament and having Hitler legally appointed as chancellor. \n\nAs soon as that was the case they thought they could rein him in, or let the people see that all those promises were empty (they were). However once in power the Nazis manoeuvres were shrewd and callously effective. They first went against the communists.\n\nThese were not very popular except on the far left. The social democrats were sceptical of them because they openly wanted a revolution and a Marxist state as Russia was. However the example of Stalin was not appealing to most centrists and even more scary than Hitler seemed (!) to be. As Chamberlain and others later did many thought it would all be mostly hyperbole. Well. They thought. They erred. \n\nTherefore while the extreme left and communists took up arms them being hunted, persecuted and killed or incarcerated and put in the first prison camps (the later KZs) was seen as restoring order by many. The disenfranchisement of the KPD members of parliament received mixed views. However, when that was through it was effectively too late. With the help of conservative, crown loyal and even centrist and liberal parties the Erm\u00e4chtigungsgesetz came through. When the social democrats realised what had happened they were on loosing ground and it was too little too late.\n\nThe communists later used the proverb \u201cWer hat uns verraten? Sozialdemokraten!\u201d (Who betrayed us? Social democrats which rhymes nicely).\n\nMany others resisting Hitler even before he came to power have been largely forgotten or at least diminished. An example is Konrad Heiden, a journalist who devoted his entire career to fight Hitler even from the 20s on. He was a Jewish journalist and social democrat who later fled via Lisboa to New York, writing books on what happened and was about to happen.\n\nOf course this only a very brief answer.\n\nLinks with sayings and writings and other information:\n\nOn Wels:\nhttps://www.haus-des-erinnerns-mainz.de/index.php/unser-haus/glaspavillon-streiter-fuer-demokratie/otto-wels/\n\nhttps://www.reichstagsprotokolle.de/Blatt2_w8_bsb00000141_00036.html\n\nhttps://portal.dnb.de/opac.htm?method=simpleSearch&amp;query=118766643", "edited": false, "downs": 0, "author_flair_css_class": null, "is_submitter": false, "collapsed": false, "author_flair_richtext": [], "author_patreon_flair": false, "body_html": "&lt;div class=\"md\"&gt;&lt;p&gt;Naturally the main opponents of Hitler were the leftist and (to a much lesser degree) liberal and centrist parties of the Weimar Republic. The conservative and the liberal-conservative parties however especially failed to unite against him and the strongest resistance was put up by the communists and the social democrats.&lt;/p&gt;\n\n&lt;p&gt;While the communists resorted to fighting actively in the streets and were quickly rounded up, killed or incarcerated after Hitler was appointed as chancellor (but before he also obtained the presidency) the social democrats remained longer in their positions and fought politically.&lt;/p&gt;\n\n&lt;p&gt;The famous speech of Otto Wels is exemplary of the brave and - in the end - futile resistance put up in this way. Even though the chambers of parliament were stacked with SA thugs and many leftist politicians had already been incarcerated or killed he held a scathing speech against the \u201cErm\u00e4chtigungsgesetz\u201d which granted extraordinary powers to Hitler and disabolishing parts of the constitution. A famous quote from this speech is: \u201eFreiheit und Leben kann man uns nehmen, die Ehre nicht.\u201c (they make take out Liberty, our Lives, but they can\u2019t take away our honor).&lt;/p&gt;\n\n&lt;p&gt;The social democratic SPD went on to oppose the Erm\u00e4chtigungsgesetz while all other parties caved in and let the law pass with the necessary majority (the communist KPD which held more than 80 seats had been disenfranchised). The 96 SPD votes were the last meaningful parliamentary resistance because from then on the Nazis had all the executive power they needed. &lt;/p&gt;\n\n&lt;p&gt;Wels himself had to flee after that. He established an exile party government in Prague (until it was occupied by Germany) and died in Exile in 1939 in Paris.&lt;/p&gt;\n\n&lt;p&gt;Hitler himself saw in the communists and social democrats his main opponents. And rightly so. It could all have taken a different route - either if the centrist, liberal and leftist parties had found common ground OR if the fight against Nazism had been taken up with arms.&lt;/p&gt;\n\n&lt;p&gt;There were plans and preparations to do so. The \u201cEiserne Front\u201d - a paramilitary force of mainly union members and left leaning citizens had 3.5 million members and half a million of these were armed and somewhat trained.&lt;/p&gt;\n\n&lt;p&gt;However the social democrats wanted to avoid a civil war. They assumed that a power grab (like the Kapp Putsch) would take place in order for the Nazis to get to power. They never expected them to go the way of the institutions, becoming the strongest party in Parliament and having Hitler legally appointed as chancellor. &lt;/p&gt;\n\n&lt;p&gt;As soon as that was the case they thought they could rein him in, or let the people see that all those promises were empty (they were). However once in power the Nazis manoeuvres were shrewd and callously effective. They first went against the communists.&lt;/p&gt;\n\n&lt;p&gt;These were not very popular except on the far left. The social democrats were sceptical of them because they openly wanted a revolution and a Marxist state as Russia was. However the example of Stalin was not appealing to most centrists and even more scary than Hitler seemed (!) to be. As Chamberlain and others later did many thought it would all be mostly hyperbole. Well. They thought. They erred. &lt;/p&gt;\n\n&lt;p&gt;Therefore while the extreme left and communists took up arms them being hunted, persecuted and killed or incarcerated and put in the first prison camps (the later KZs) was seen as restoring order by many. The disenfranchisement of the KPD members of parliament received mixed views. However, when that was through it was effectively too late. With the help of conservative, crown loyal and even centrist and liberal parties the Erm\u00e4chtigungsgesetz came through. When the social democrats realised what had happened they were on loosing ground and it was too little too late.&lt;/p&gt;\n\n&lt;p&gt;The communists later used the proverb \u201cWer hat uns verraten? Sozialdemokraten!\u201d (Who betrayed us? Social democrats which rhymes nicely).&lt;/p&gt;\n\n&lt;p&gt;Many others resisting Hitler even before he came to power have been largely forgotten or at least diminished. An example is Konrad Heiden, a journalist who devoted his entire career to fight Hitler even from the 20s on. He was a Jewish journalist and social democrat who later fled via Lisboa to New York, writing books on what happened and was about to happen.&lt;/p&gt;\n\n&lt;p&gt;Of course this only a very brief answer.&lt;/p&gt;\n\n&lt;p&gt;Links with sayings and writings and other information:&lt;/p&gt;\n\n&lt;p&gt;On Wels:\n&lt;a href=\"https://www.haus-des-erinnerns-mainz.de/index.php/unser-haus/glaspavillon-streiter-fuer-demokratie/otto-wels/\"&gt;https://www.haus-des-erinnerns-mainz.de/index.php/unser-haus/glaspavillon-streiter-fuer-demokratie/otto-wels/&lt;/a&gt;&lt;/p&gt;\n\n&lt;p&gt;&lt;a href=\"https://www.reichstagsprotokolle.de/Blatt2_w8_bsb00000141_00036.html\"&gt;https://www.reichstagsprotokolle.de/Blatt2_w8_bsb00000141_00036.html&lt;/a&gt;&lt;/p&gt;\n\n&lt;p&gt;&lt;a href=\"https://portal.dnb.de/opac.htm?method=simpleSearch&amp;amp;query=118766643\"&gt;https://portal.dnb.de/opac.htm?method=simpleSearch&amp;amp;query=118766643&lt;/a&gt;&lt;/p&gt;\n&lt;/div&gt;", "gildings": {}, "collapsed_reason": null, "associated_award": null, "stickied": false, "author_premium": false, "subreddit_type": "public", "can_gild": true, "top_awarded_type": null, "approved": false, "author_flair_text_color": null, "score_hidden": false, "permalink": "/r/AskHistorians/comments/lx2bfj/who_were_hitlers_main_opponents_during_his_rise/gpl2zyz/", "num_reports": null, "locked": false, "name": "t1_gpl2zyz", "created": 1614838218.0, "subreddit": "AskHistorians", "author_flair_text": null, "treatment_tags": [], "spam": false, "created_utc": 1614809418.0, "subreddit_name_prefixed": "r/AskHistorians", "controversiality": 0, "depth": 0, "author_flair_background_color": null, "collapsed_because_crowd_control": null, "mod_reports": [], "mod_note": null, "distinguished": null}}], "after": null, "before": null}}]