[{"kind": "Listing", "data": {"modhash": null, "dist": 1, "children": [{"kind": "t3", "data": {"author_flair_background_color": null, "approved_at_utc": 1614811261, "subreddit": "AskHistorians", "selftext": "I'm curious to learn more about the crusades, due to their influence on the history of medieval Europe. Unfortunately, this topic in particular is basically a proverbial landmine of Islamophobia and white supremacy. How do I navigate this topic without being duped by the propaganda that festers around it?", "user_reports": [], "saved": false, "mod_reason_title": null, "gilded": 0, "clicked": false, "title": "How can I avoid Islamophobic propaganda when learning about the crusades?", "link_flair_richtext": [], "subreddit_name_prefixed": "r/AskHistorians", "hidden": false, "pwls": 6, "link_flair_css_class": null, "downs": 0, "top_awarded_type": null, "parent_whitelist_status": "all_ads", "hide_score": false, "name": "t3_lx5q5c", "quarantine": false, "link_flair_text_color": "dark", "upvote_ratio": 0.71, "ignore_reports": false, "subreddit_type": "public", "ups": 7, "total_awards_received": 0, "media_embed": {}, "author_flair_template_id": null, "is_original_content": false, "author_fullname": "t2_1ue2qd", "secure_media": null, "is_reddit_media_domain": false, "is_meta": false, "category": null, "secure_media_embed": {}, "link_flair_text": null, "can_mod_post": true, "score": 7, "approved_by": "Gankom", "author_premium": false, "thumbnail": "", "edited": false, "author_flair_css_class": null, "author_flair_richtext": [], "gildings": {}, "content_categories": null, "is_self": true, "mod_note": null, "created": 1614838309.0, "link_flair_type": "text", "wls": 6, "removed_by_category": null, "banned_by": null, "author_flair_type": "text", "domain": "self.AskHistorians", "allow_live_comments": false, "selftext_html": "&lt;!-- SC_OFF --&gt;&lt;div class=\"md\"&gt;&lt;p&gt;I&amp;#39;m curious to learn more about the crusades, due to their influence on the history of medieval Europe. Unfortunately, this topic in particular is basically a proverbial landmine of Islamophobia and white supremacy. How do I navigate this topic without being duped by the propaganda that festers around it?&lt;/p&gt;\n&lt;/div&gt;&lt;!-- SC_ON --&gt;", "likes": null, "suggested_sort": null, "banned_at_utc": null, "view_count": null, "archived": false, "no_follow": false, "spam": false, "is_crosspostable": true, "pinned": false, "over_18": false, "all_awardings": [], "awarders": [], "media_only": false, "can_gild": true, "removed": false, "spoiler": false, "locked": false, "author_flair_text": null, "treatment_tags": [], "visited": false, "removed_by": null, "num_reports": 0, "distinguished": null, "subreddit_id": "t5_2ssp3", "mod_reason_by": null, "removal_reason": null, "link_flair_background_color": "", "id": "lx5q5c", "is_robot_indexable": true, "num_duplicates": 1, "report_reasons": [], "author": "StockingDummy", "discussion_type": null, "num_comments": 3, "send_replies": true, "media": null, "contest_mode": false, "author_patreon_flair": false, "approved": true, "author_flair_text_color": null, "permalink": "/r/AskHistorians/comments/lx5q5c/how_can_i_avoid_islamophobic_propaganda_when/", "whitelist_status": "all_ads", "stickied": false, "url": "https://www.reddit.com/r/AskHistorians/comments/lx5q5c/how_can_i_avoid_islamophobic_propaganda_when/", "subreddit_subscribers": 1341740, "created_utc": 1614809509.0, "num_crossposts": 0, "mod_reports": [], "is_video": false}}], "after": null, "before": null}}, {"kind": "Listing", "data": {"modhash": null, "dist": null, "children": [{"kind": "t1", "data": {"total_awards_received": 0, "approved_at_utc": null, "comment_type": null, "awarders": [], "mod_reason_by": null, "banned_by": null, "ups": 1, "author_flair_type": "text", "removal_reason": null, "link_id": "t3_lx5q5c", "author_flair_template_id": null, "likes": null, "replies": "", "user_reports": [], "saved": false, "id": "gpl376s", "banned_at_utc": null, "mod_reason_title": null, "gilded": 0, "archived": false, "removed": false, "no_follow": true, "author": "AutoModerator", "can_mod_post": true, "send_replies": false, "parent_id": "t3_lx5q5c", "score": 1, "author_fullname": "t2_6l4z3", "report_reasons": [], "approved_by": null, "all_awardings": [], "subreddit_id": "t5_2ssp3", "ignore_reports": false, "body": "Welcome to /r/AskHistorians. **Please [Read Our Rules](https://www.reddit.com/r/AskHistorians/wiki/rules) before you comment in this community**. Understand that [rule breaking comments get removed](https://www.reddit.com/r/AskHistorians/comments/h8aefx/rules_roundtable_xviii_removed_curation_and_why/).\n\n#Please consider **[Clicking Here for RemindMeBot](https://www.reddit.com/message/compose/?to=RemindMeBot&amp;subject=Reminder&amp;message=%5Bhttps://www.reddit.com/r/AskHistorians/comments/lx5q5c/how_can_i_avoid_islamophobic_propaganda_when/%5D%0A%0ARemindMe!%202%20days)** as it takes time for an answer to be written. \n\nWe thank you for your interest in this *question*, and your patience in waiting for an in-depth and comprehensive answer to show up. In addition to RemindMeBot, consider [using our Browser Extension](https://www.reddit.com/r/AskHistorians/comments/d6dzi7/tired_of_clicking_to_find_only_removed_comments/), or getting the [Weekly Roundup](https://www.reddit.com/message/compose?to=subredditsummarybot&amp;subject=askhistorians+weekly&amp;message=x). In the meantime our [Twitter](https://twitter.com/askhistorians), [Facebook](https://www.facebook.com/askhistorians/), and [Sunday Digest](https://www.reddit.com/r/AskHistorians/search?q=title%3A%22Sunday+Digest%22&amp;restrict_sr=on&amp;sort=new&amp;t=all) feature excellent content that has already been written!\n\n\n*I am a bot, and this action was performed automatically. Please [contact the moderators of this subreddit](/message/compose/?to=/r/AskHistorians) if you have any questions or concerns.*", "edited": false, "downs": 0, "author_flair_css_class": null, "is_submitter": false, "collapsed": false, "author_flair_richtext": [], "author_patreon_flair": false, "body_html": "&lt;div class=\"md\"&gt;&lt;p&gt;Welcome to &lt;a href=\"/r/AskHistorians\"&gt;/r/AskHistorians&lt;/a&gt;. &lt;strong&gt;Please &lt;a href=\"https://www.reddit.com/r/AskHistorians/wiki/rules\"&gt;Read Our Rules&lt;/a&gt; before you comment in this community&lt;/strong&gt;. Understand that &lt;a href=\"https://www.reddit.com/r/AskHistorians/comments/h8aefx/rules_roundtable_xviii_removed_curation_and_why/\"&gt;rule breaking comments get removed&lt;/a&gt;.&lt;/p&gt;\n\n&lt;h1&gt;Please consider &lt;strong&gt;&lt;a href=\"https://www.reddit.com/message/compose/?to=RemindMeBot&amp;amp;subject=Reminder&amp;amp;message=%5Bhttps://www.reddit.com/r/AskHistorians/comments/lx5q5c/how_can_i_avoid_islamophobic_propaganda_when/%5D%0A%0ARemindMe!%202%20days\"&gt;Clicking Here for RemindMeBot&lt;/a&gt;&lt;/strong&gt; as it takes time for an answer to be written.&lt;/h1&gt;\n\n&lt;p&gt;We thank you for your interest in this &lt;em&gt;question&lt;/em&gt;, and your patience in waiting for an in-depth and comprehensive answer to show up. In addition to RemindMeBot, consider &lt;a href=\"https://www.reddit.com/r/AskHistorians/comments/d6dzi7/tired_of_clicking_to_find_only_removed_comments/\"&gt;using our Browser Extension&lt;/a&gt;, or getting the &lt;a href=\"https://www.reddit.com/message/compose?to=subredditsummarybot&amp;amp;subject=askhistorians+weekly&amp;amp;message=x\"&gt;Weekly Roundup&lt;/a&gt;. In the meantime our &lt;a href=\"https://twitter.com/askhistorians\"&gt;Twitter&lt;/a&gt;, &lt;a href=\"https://www.facebook.com/askhistorians/\"&gt;Facebook&lt;/a&gt;, and &lt;a href=\"https://www.reddit.com/r/AskHistorians/search?q=title%3A%22Sunday+Digest%22&amp;amp;restrict_sr=on&amp;amp;sort=new&amp;amp;t=all\"&gt;Sunday Digest&lt;/a&gt; feature excellent content that has already been written!&lt;/p&gt;\n\n&lt;p&gt;&lt;em&gt;I am a bot, and this action was performed automatically. Please &lt;a href=\"/message/compose/?to=/r/AskHistorians\"&gt;contact the moderators of this subreddit&lt;/a&gt; if you have any questions or concerns.&lt;/em&gt;&lt;/p&gt;\n&lt;/div&gt;", "gildings": {}, "collapsed_reason": null, "associated_award": null, "stickied": true, "author_premium": true, "subreddit_type": "public", "can_gild": true, "top_awarded_type": null, "approved": false, "author_flair_text_color": null, "score_hidden": false, "permalink": "/r/AskHistorians/comments/lx5q5c/how_can_i_avoid_islamophobic_propaganda_when/gpl376s/", "num_reports": 0, "locked": true, "name": "t1_gpl376s", "created": 1614838310.0, "subreddit": "AskHistorians", "author_flair_text": null, "treatment_tags": [], "spam": false, "created_utc": 1614809510.0, "subreddit_name_prefixed": "r/AskHistorians", "controversiality": 0, "depth": 0, "author_flair_background_color": null, "collapsed_because_crowd_control": null, "mod_reports": [], "mod_note": null, "distinguished": "moderator"}}, {"kind": "t1", "data": {"total_awards_received": 0, "approved_at_utc": null, "comment_type": null, "awarders": [], "mod_reason_by": null, "banned_by": null, "ups": 15, "author_flair_type": "richtext", "removal_reason": null, "link_id": "t3_lx5q5c", "author_flair_template_id": "7b2f3f40-c626-11e2-9a3e-12313d1841d1", "likes": null, "replies": "", "user_reports": [], "saved": false, "id": "gplg17b", "banned_at_utc": null, "mod_reason_title": null, "gilded": 0, "archived": false, "removed": false, "no_follow": false, "author": "WelfOnTheShelf", "can_mod_post": true, "send_replies": true, "parent_id": "t3_lx5q5c", "score": 15, "author_fullname": "t2_2m8yl53s", "report_reasons": [], "approved_by": null, "all_awardings": [], "subreddit_id": "t5_2ssp3", "ignore_reports": false, "body": "Unfortunately the best thing to do is avoid popular books that you can find easily in a book store...but then that means the best books are more like textbooks, published by university presses or academic publishers, and are either hard to find, or stupidly expensive, or both.\n\nAvoid things like the Complete Idiot's Guide to the Crusades, or for example God's Battalions by Rodney Stark; I often see those in stores. Anything that presents the crusades as an eternal struggle between two incompatible cultures will be useless. Another warning sign is if it specifically ties the crusades into modern terrorism. Oh and of course...anything about the Templars is probably junk.\n\nAuthors who write prolifically about lots of subjects might be alright even if they aren't really experts and their information might be out of date. James Reston Jr., or John Man for example...they're probably fine for popular historians, not overtly Islamophobic.\n\nI can give you some suggestions for books by proper historians, that are nevertheless affordable and typically available in a regular store (at least in my experience). For the crusades from an Islamic point of view:\n\nBrian Catlos, *Infidel Kings and Unholy Warriors: Faith, Power, and Violence in the Age of Crusade and Jihad* (Farrar, Straus and Giroux, 2014)\n\nNiall Christie, *Muslims and Crusaders: Christianity's Wars in the Middle East, 1095-1382, from the Islamic Sources* (Routledge, 2014)\n\nPaul M. Cobb, *The Race for Paradise: an Islamic History of the Crusades* (Oxford University Press, 2014)\n\nAmin Maalouf, *The Crusades Through Arab Eyes* (Shocken Books, 1984) (although Maalouf isn't actually an historian) \n\nA couple of things that might be harder to find are Carole Hillenbrand, *The Crusades: Islamic Perspectives* (Routledge, 1999), and Francesco Gabrieli, *Arab Historians of the Crusades*, trans. E. J. Costello, (University of California Press, 1969), which is a better version of Maalouf's book.\n\nSome good general histories of the crusades are:\n\nThomas F. Madden, *The New Concise History of the Crusades* (Rowman and Littlefield, 2005)\n\nJonathan Phillips, *Holy Warriors: A Modern History of the Crusades* (Random House, 2010)\n\nJonathan Riley-Smith, *The Crusades: A History*, 3rd ed. (Bloomsbury, 2014)\n\nSusanna A. Throop, *The Crusades: An Epitome* (Kismet Press, 2018)\n\nHopefully that helps!", "edited": false, "downs": 0, "author_flair_css_class": null, "is_submitter": false, "collapsed": false, "author_flair_richtext": [{"e": "text", "t": "Crusader States | Medieval Law"}], "author_patreon_flair": false, "body_html": "&lt;div class=\"md\"&gt;&lt;p&gt;Unfortunately the best thing to do is avoid popular books that you can find easily in a book store...but then that means the best books are more like textbooks, published by university presses or academic publishers, and are either hard to find, or stupidly expensive, or both.&lt;/p&gt;\n\n&lt;p&gt;Avoid things like the Complete Idiot&amp;#39;s Guide to the Crusades, or for example God&amp;#39;s Battalions by Rodney Stark; I often see those in stores. Anything that presents the crusades as an eternal struggle between two incompatible cultures will be useless. Another warning sign is if it specifically ties the crusades into modern terrorism. Oh and of course...anything about the Templars is probably junk.&lt;/p&gt;\n\n&lt;p&gt;Authors who write prolifically about lots of subjects might be alright even if they aren&amp;#39;t really experts and their information might be out of date. James Reston Jr., or John Man for example...they&amp;#39;re probably fine for popular historians, not overtly Islamophobic.&lt;/p&gt;\n\n&lt;p&gt;I can give you some suggestions for books by proper historians, that are nevertheless affordable and typically available in a regular store (at least in my experience). For the crusades from an Islamic point of view:&lt;/p&gt;\n\n&lt;p&gt;Brian Catlos, &lt;em&gt;Infidel Kings and Unholy Warriors: Faith, Power, and Violence in the Age of Crusade and Jihad&lt;/em&gt; (Farrar, Straus and Giroux, 2014)&lt;/p&gt;\n\n&lt;p&gt;Niall Christie, &lt;em&gt;Muslims and Crusaders: Christianity&amp;#39;s Wars in the Middle East, 1095-1382, from the Islamic Sources&lt;/em&gt; (Routledge, 2014)&lt;/p&gt;\n\n&lt;p&gt;Paul M. Cobb, &lt;em&gt;The Race for Paradise: an Islamic History of the Crusades&lt;/em&gt; (Oxford University Press, 2014)&lt;/p&gt;\n\n&lt;p&gt;Amin Maalouf, &lt;em&gt;The Crusades Through Arab Eyes&lt;/em&gt; (Shocken Books, 1984) (although Maalouf isn&amp;#39;t actually an historian) &lt;/p&gt;\n\n&lt;p&gt;A couple of things that might be harder to find are Carole Hillenbrand, &lt;em&gt;The Crusades: Islamic Perspectives&lt;/em&gt; (Routledge, 1999), and Francesco Gabrieli, &lt;em&gt;Arab Historians of the Crusades&lt;/em&gt;, trans. E. J. Costello, (University of California Press, 1969), which is a better version of Maalouf&amp;#39;s book.&lt;/p&gt;\n\n&lt;p&gt;Some good general histories of the crusades are:&lt;/p&gt;\n\n&lt;p&gt;Thomas F. Madden, &lt;em&gt;The New Concise History of the Crusades&lt;/em&gt; (Rowman and Littlefield, 2005)&lt;/p&gt;\n\n&lt;p&gt;Jonathan Phillips, &lt;em&gt;Holy Warriors: A Modern History of the Crusades&lt;/em&gt; (Random House, 2010)&lt;/p&gt;\n\n&lt;p&gt;Jonathan Riley-Smith, &lt;em&gt;The Crusades: A History&lt;/em&gt;, 3rd ed. (Bloomsbury, 2014)&lt;/p&gt;\n\n&lt;p&gt;Susanna A. Throop, &lt;em&gt;The Crusades: An Epitome&lt;/em&gt; (Kismet Press, 2018)&lt;/p&gt;\n\n&lt;p&gt;Hopefully that helps!&lt;/p&gt;\n&lt;/div&gt;", "gildings": {}, "collapsed_reason": null, "associated_award": null, "stickied": false, "author_premium": false, "subreddit_type": "public", "can_gild": true, "top_awarded_type": null, "approved": false, "author_flair_text_color": "light", "score_hidden": false, "permalink": "/r/AskHistorians/comments/lx5q5c/how_can_i_avoid_islamophobic_propaganda_when/gplg17b/", "num_reports": 0, "locked": false, "name": "t1_gplg17b", "created": 1614844546.0, "subreddit": "AskHistorians", "author_flair_text": "Crusader States | Medieval Law", "treatment_tags": [], "spam": false, "created_utc": 1614815746.0, "subreddit_name_prefixed": "r/AskHistorians", "controversiality": 0, "depth": 0, "author_flair_background_color": "#003399", "collapsed_because_crowd_control": null, "mod_reports": [], "mod_note": null, "distinguished": null}}, {"kind": "t1", "data": {"total_awards_received": 0, "approved_at_utc": null, "comment_type": null, "awarders": [], "mod_reason_by": null, "banned_by": null, "ups": 9, "author_flair_type": "text", "removal_reason": null, "link_id": "t3_lx5q5c", "author_flair_template_id": null, "likes": null, "replies": "", "user_reports": [], "saved": false, "id": "gplbq6b", "banned_at_utc": null, "mod_reason_title": null, "gilded": 0, "archived": false, "removed": false, "no_follow": false, "author": "BenMic81", "can_mod_post": true, "send_replies": true, "parent_id": "t3_lx5q5c", "score": 9, "author_fullname": "t2_a1baojd8", "report_reasons": [], "approved_by": null, "all_awardings": [], "subreddit_id": "t5_2ssp3", "ignore_reports": false, "body": "Well, if you are historically interested you should always take a critical view on any source. Also, emphasise as much on contemporary sources as is possible and try to get access to more than one side. In example about the crusades there are primary sources of Islamic and Christian writers. If you\nare looking at secondary sources analyse who the wrote it and what focus his writings seem to have and especially where he focuses on.\n\nPlease also note that the crusades as a religious conflict (even though there\u2019s more to that than pure religion) also tends to have many forms of biases (not only islamophobic ones).\n\nSince your main interest lies with the influence the crusades had on medieval Europe (and not on the Byzantine empire or the Islamic region or the holy land) you can also access writings of a socio-historic and politically cantered focus. As they only deal with Europe as a region biases won\u2019t be much of an issue. \n\nI would recommend Jonathan Riley-Smith, The Oxford Illustrated History of the Crusades, as a starting point.", "edited": false, "downs": 0, "author_flair_css_class": null, "is_submitter": false, "collapsed": false, "author_flair_richtext": [], "author_patreon_flair": false, "body_html": "&lt;div class=\"md\"&gt;&lt;p&gt;Well, if you are historically interested you should always take a critical view on any source. Also, emphasise as much on contemporary sources as is possible and try to get access to more than one side. In example about the crusades there are primary sources of Islamic and Christian writers. If you\nare looking at secondary sources analyse who the wrote it and what focus his writings seem to have and especially where he focuses on.&lt;/p&gt;\n\n&lt;p&gt;Please also note that the crusades as a religious conflict (even though there\u2019s more to that than pure religion) also tends to have many forms of biases (not only islamophobic ones).&lt;/p&gt;\n\n&lt;p&gt;Since your main interest lies with the influence the crusades had on medieval Europe (and not on the Byzantine empire or the Islamic region or the holy land) you can also access writings of a socio-historic and politically cantered focus. As they only deal with Europe as a region biases won\u2019t be much of an issue. &lt;/p&gt;\n\n&lt;p&gt;I would recommend Jonathan Riley-Smith, The Oxford Illustrated History of the Crusades, as a starting point.&lt;/p&gt;\n&lt;/div&gt;", "gildings": {}, "collapsed_reason": null, "associated_award": null, "stickied": false, "author_premium": false, "subreddit_type": "public", "can_gild": true, "top_awarded_type": null, "approved": false, "author_flair_text_color": null, "score_hidden": false, "permalink": "/r/AskHistorians/comments/lx5q5c/how_can_i_avoid_islamophobic_propaganda_when/gplbq6b/", "num_reports": 0, "locked": false, "name": "t1_gplbq6b", "created": 1614842376.0, "subreddit": "AskHistorians", "author_flair_text": null, "treatment_tags": [], "spam": false, "created_utc": 1614813576.0, "subreddit_name_prefixed": "r/AskHistorians", "controversiality": 0, "depth": 0, "author_flair_background_color": null, "collapsed_because_crowd_control": null, "mod_reports": [], "mod_note": null, "distinguished": null}}], "after": null, "before": null}}]