[{"kind": "Listing", "data": {"modhash": "", "dist": 1, "children": [{"kind": "t3", "data": {"approved_at_utc": null, "subreddit": "AskHistorians", "selftext": "I was going through a bunch of wikipedia articles, and saw that go players would often change their names. For example  Kaku Takagawa changed his name to Shukaka Takagawa after winning the honinbo title.  Hosai Fujisawa's given name at birth was  Kuranosuke Fujisawa. Go Seigen was born  \u5434\u6e05\u6e90 ,  Honinbo Dosaku was born  Yamazaki Sanjiro, and Honinbo Shusaka had like a billion names ([https://en.wikipedia.org/wiki/Hon%27inb%C5%8D\\_Sh%C5%ABsaku](https://en.wikipedia.org/wiki/Hon%27inb%C5%8D_Sh%C5%ABsaku)). Would love to learn more about this. Thank you.", "user_reports": [], "saved": false, "mod_reason_title": null, "gilded": 0, "clicked": false, "title": "Why did a bunch of Japanese Go Professionals change their names throughout their careers? Is this a cultural practice? When did it start, and why is it a thing?", "link_flair_richtext": [], "subreddit_name_prefixed": "r/AskHistorians", "hidden": false, "pwls": 6, "link_flair_css_class": null, "downs": 0, "parent_whitelist_status": "all_ads", "hide_score": false, "name": "t3_amw4lo", "quarantine": false, "link_flair_text_color": "dark", "upvote_ratio": 0.77, "author_flair_background_color": null, "subreddit_type": "public", "ups": 7, "domain": "self.AskHistorians", "media_embed": {}, "author_flair_template_id": null, "is_original_content": false, "author_fullname": "t2_anrev", "secure_media": null, "is_reddit_media_domain": false, "is_meta": false, "category": null, "secure_media_embed": {}, "link_flair_text": null, "can_mod_post": false, "score": 7, "approved_by": null, "thumbnail": "", "edited": false, "author_flair_css_class": null, "author_flair_richtext": [], "gildings": {"gid_1": 0, "gid_2": 0, "gid_3": 0}, "content_categories": null, "is_self": true, "mod_note": null, "created": 1549241030.0, "link_flair_type": "text", "wls": 6, "banned_by": null, "author_flair_type": "text", "contest_mode": false, "selftext_html": "&lt;!-- SC_OFF --&gt;&lt;div class=\"md\"&gt;&lt;p&gt;I was going through a bunch of wikipedia articles, and saw that go players would often change their names. For example  Kaku Takagawa changed his name to Shukaka Takagawa after winning the honinbo title.  Hosai Fujisawa&amp;#39;s given name at birth was  Kuranosuke Fujisawa. Go Seigen was born  \u5434\u6e05\u6e90 ,  Honinbo Dosaku was born  Yamazaki Sanjiro, and Honinbo Shusaka had like a billion names (&lt;a href=\"https://en.wikipedia.org/wiki/Hon%27inb%C5%8D_Sh%C5%ABsaku\"&gt;https://en.wikipedia.org/wiki/Hon%27inb%C5%8D_Sh%C5%ABsaku&lt;/a&gt;). Would love to learn more about this. Thank you.&lt;/p&gt;\n&lt;/div&gt;&lt;!-- SC_ON --&gt;", "likes": null, "suggested_sort": null, "banned_at_utc": null, "view_count": null, "archived": false, "no_follow": false, "is_crosspostable": false, "pinned": false, "over_18": false, "media": null, "media_only": false, "link_flair_template_id": null, "can_gild": false, "spoiler": false, "locked": false, "author_flair_text": null, "visited": false, "num_reports": null, "distinguished": null, "subreddit_id": "t5_2ssp3", "mod_reason_by": null, "removal_reason": null, "link_flair_background_color": "", "id": "amw4lo", "is_robot_indexable": true, "report_reasons": null, "author": "Monovfox", "num_crossposts": 0, "num_comments": 0, "send_replies": true, "author_patreon_flair": false, "author_flair_text_color": null, "permalink": "/r/AskHistorians/comments/amw4lo/why_did_a_bunch_of_japanese_go_professionals/", "whitelist_status": "all_ads", "stickied": false, "url": "https://www.reddit.com/r/AskHistorians/comments/amw4lo/why_did_a_bunch_of_japanese_go_professionals/", "subreddit_subscribers": 921115, "created_utc": 1549241030.0, "mod_reports": [], "is_video": false}}], "after": null, "before": null}}, {"kind": "Listing", "data": {"modhash": "", "dist": null, "children": [], "after": null, "before": null}}]