[{"kind": "Listing", "data": {"modhash": "", "dist": 1, "children": [{"kind": "t3", "data": {"approved_at_utc": null, "subreddit": "AskHistorians", "selftext": "Today most people have a relatively decent grasp of the broad strokes of the last few thousand years of human history, the exact level of understanding differs from person to person but even the least educated/interested person raised in the west should be able to piece together the following timeline:\n\n* Pyramids-and-Stone/Bronze ages\n* Romans-and-Togas times\n* Knights-and-Castles times\n* Tudors-and-Shakespeare times\n* Victorians-and-Steamships times\n* Two world wars\n* Modern times\n\nAnd with the aid of archaeology, research and years of putting together detailed timelines of the past it's relatively easy to find out more about a particular point if you wanted to. (e.g. By discussing it on Reddit!)\n\nBut what was it like in the past when discussing the past? As in my title, did IK Brunel know about Leonardo Da Vinci? Did the knights at Agincourt know about Boudica or Caesar or Cleopatra? \n\nObviously it'll vary per person and by their education level and when in history we're talking about, so lets stick to Victorian times and consider archetypes of social class in rural/suburban England in 1850:\n\n1. Joe Everyman  \nA skilled mechanic and engineer working in a textile factory to repair the machinery. Knows how to read but generally just reads technical manuals on steam engine repair and the odd Dickens story. Not exactly a great philosopher but he's a source of wisdom to younger greasemonkeys and those that never learned to read.\n2. Joey Avery  \nA teenage street urchin turned straight now working as a farmhand. No proper schooling just that what everyone talks about when he's around about and everywhere. He's no fool but he can't read or write and has never been more than five miles away from home.\n3. Dr Joseph Eversman  \nA physician and pharmacist working in the quiet countryside after his schooling in Cambridge. He reads literature and medical research regularly but isn't at the cutting edge of the field, nothing will ever be named after him except a local infants school in honour of all the lives he saved over his career.\n4. Reverand J. Everett Mann   \nA protestant vicar overseeing a congregation of couple of hundred. A kind and wise man that is always willing to listen to your story and give advice, but mostly about personal and spiritual matters rather than about irrigation or ancient battles.\n5. Lord J. E. Manning, Earl of Smalton  \nA nobleman living in a manor outside the local village, his family inherited the land and titles during the War Of The Roses. He studyed latin at Oxford then did a brief tour in the royal navy before returning home with severe gout that left him barely able to leave the house, affording him plenty of time to read.\n\nThere's some literary licence in the character backstories that is meaningless except to paint a picture of these archetypes. You can picture Joe Everyman telling the less educated farmhand Joey Avery a series of tall stories about the kings of ancient rome that had great stone carts that moved on giant stone wheels to crush their enemies like a prehistoric tank. Then the kindly Reverand J. Everett Mann tell the boy it was just a jape but the kings of Egypt did have giant stone houses five times as tall as the church.\n\nWhat would each of them know about the fall of the Roman Empire or Genghis Khan or the Spanish Armada? Would they have known about the more ridiculous events in history like Hannibal Crossing The Alps with elephants? What was their level of skepticism on things we'd now know as myths like great beasts in foreign lands or tribes of men over nine feet tall? Would they be able to call out tales of seamonsters and mermaids as BS or would they admit their own ignorance to the scope of the world and that maybe there truly are krakens out there somewhere.\n\n&amp;#x200B;", "user_reports": [], "saved": false, "mod_reason_title": null, "gilded": 0, "clicked": false, "title": "How much did Victorians know about the past? (Example: Did IK Brunel know about Leonardo Da Vinci?)", "link_flair_richtext": [], "subreddit_name_prefixed": "r/AskHistorians", "hidden": false, "pwls": 6, "link_flair_css_class": null, "downs": 0, "parent_whitelist_status": "all_ads", "hide_score": false, "name": "t3_amwjfg", "quarantine": false, "link_flair_text_color": "dark", "upvote_ratio": 0.67, "author_flair_background_color": null, "subreddit_type": "public", "ups": 3, "domain": "self.AskHistorians", "media_embed": {}, "author_flair_template_id": null, "is_original_content": false, "author_fullname": "t2_rdvxx", "secure_media": null, "is_reddit_media_domain": false, "is_meta": false, "category": null, "secure_media_embed": {}, "link_flair_text": null, "can_mod_post": false, "score": 3, "approved_by": null, "thumbnail": "", "edited": false, "author_flair_css_class": null, "author_flair_richtext": [], "gildings": {"gid_1": 0, "gid_2": 0, "gid_3": 0}, "content_categories": null, "is_self": true, "mod_note": null, "created": 1549243863.0, "link_flair_type": "text", "wls": 6, "banned_by": null, "author_flair_type": "text", "contest_mode": false, "selftext_html": "&lt;!-- SC_OFF --&gt;&lt;div class=\"md\"&gt;&lt;p&gt;Today most people have a relatively decent grasp of the broad strokes of the last few thousand years of human history, the exact level of understanding differs from person to person but even the least educated/interested person raised in the west should be able to piece together the following timeline:&lt;/p&gt;\n\n&lt;ul&gt;\n&lt;li&gt;Pyramids-and-Stone/Bronze ages&lt;/li&gt;\n&lt;li&gt;Romans-and-Togas times&lt;/li&gt;\n&lt;li&gt;Knights-and-Castles times&lt;/li&gt;\n&lt;li&gt;Tudors-and-Shakespeare times&lt;/li&gt;\n&lt;li&gt;Victorians-and-Steamships times&lt;/li&gt;\n&lt;li&gt;Two world wars&lt;/li&gt;\n&lt;li&gt;Modern times&lt;/li&gt;\n&lt;/ul&gt;\n\n&lt;p&gt;And with the aid of archaeology, research and years of putting together detailed timelines of the past it&amp;#39;s relatively easy to find out more about a particular point if you wanted to. (e.g. By discussing it on Reddit!)&lt;/p&gt;\n\n&lt;p&gt;But what was it like in the past when discussing the past? As in my title, did IK Brunel know about Leonardo Da Vinci? Did the knights at Agincourt know about Boudica or Caesar or Cleopatra? &lt;/p&gt;\n\n&lt;p&gt;Obviously it&amp;#39;ll vary per person and by their education level and when in history we&amp;#39;re talking about, so lets stick to Victorian times and consider archetypes of social class in rural/suburban England in 1850:&lt;/p&gt;\n\n&lt;ol&gt;\n&lt;li&gt;Joe Everyman&lt;br/&gt;\nA skilled mechanic and engineer working in a textile factory to repair the machinery. Knows how to read but generally just reads technical manuals on steam engine repair and the odd Dickens story. Not exactly a great philosopher but he&amp;#39;s a source of wisdom to younger greasemonkeys and those that never learned to read.&lt;/li&gt;\n&lt;li&gt;Joey Avery&lt;br/&gt;\nA teenage street urchin turned straight now working as a farmhand. No proper schooling just that what everyone talks about when he&amp;#39;s around about and everywhere. He&amp;#39;s no fool but he can&amp;#39;t read or write and has never been more than five miles away from home.&lt;/li&gt;\n&lt;li&gt;Dr Joseph Eversman&lt;br/&gt;\nA physician and pharmacist working in the quiet countryside after his schooling in Cambridge. He reads literature and medical research regularly but isn&amp;#39;t at the cutting edge of the field, nothing will ever be named after him except a local infants school in honour of all the lives he saved over his career.&lt;/li&gt;\n&lt;li&gt;Reverand J. Everett Mann&lt;br/&gt;\nA protestant vicar overseeing a congregation of couple of hundred. A kind and wise man that is always willing to listen to your story and give advice, but mostly about personal and spiritual matters rather than about irrigation or ancient battles.&lt;/li&gt;\n&lt;li&gt;Lord J. E. Manning, Earl of Smalton&lt;br/&gt;\nA nobleman living in a manor outside the local village, his family inherited the land and titles during the War Of The Roses. He studyed latin at Oxford then did a brief tour in the royal navy before returning home with severe gout that left him barely able to leave the house, affording him plenty of time to read.&lt;/li&gt;\n&lt;/ol&gt;\n\n&lt;p&gt;There&amp;#39;s some literary licence in the character backstories that is meaningless except to paint a picture of these archetypes. You can picture Joe Everyman telling the less educated farmhand Joey Avery a series of tall stories about the kings of ancient rome that had great stone carts that moved on giant stone wheels to crush their enemies like a prehistoric tank. Then the kindly Reverand J. Everett Mann tell the boy it was just a jape but the kings of Egypt did have giant stone houses five times as tall as the church.&lt;/p&gt;\n\n&lt;p&gt;What would each of them know about the fall of the Roman Empire or Genghis Khan or the Spanish Armada? Would they have known about the more ridiculous events in history like Hannibal Crossing The Alps with elephants? What was their level of skepticism on things we&amp;#39;d now know as myths like great beasts in foreign lands or tribes of men over nine feet tall? Would they be able to call out tales of seamonsters and mermaids as BS or would they admit their own ignorance to the scope of the world and that maybe there truly are krakens out there somewhere.&lt;/p&gt;\n\n&lt;p&gt;&amp;#x200B;&lt;/p&gt;\n&lt;/div&gt;&lt;!-- SC_ON --&gt;", "likes": null, "suggested_sort": null, "banned_at_utc": null, "view_count": null, "archived": false, "no_follow": true, "is_crosspostable": false, "pinned": false, "over_18": false, "media": null, "media_only": false, "link_flair_template_id": null, "can_gild": false, "spoiler": false, "locked": false, "author_flair_text": null, "visited": false, "num_reports": null, "distinguished": null, "subreddit_id": "t5_2ssp3", "mod_reason_by": null, "removal_reason": null, "link_flair_background_color": "", "id": "amwjfg", "is_robot_indexable": true, "report_reasons": null, "author": "Simon_Drake", "num_crossposts": 0, "num_comments": 0, "send_replies": true, "author_patreon_flair": false, "author_flair_text_color": null, "permalink": "/r/AskHistorians/comments/amwjfg/how_much_did_victorians_know_about_the_past/", "whitelist_status": "all_ads", "stickied": false, "url": "https://www.reddit.com/r/AskHistorians/comments/amwjfg/how_much_did_victorians_know_about_the_past/", "subreddit_subscribers": 921115, "created_utc": 1549243863.0, "mod_reports": [], "is_video": false}}], "after": null, "before": null}}, {"kind": "Listing", "data": {"modhash": "", "dist": null, "children": [], "after": null, "before": null}}]