[{"kind": "Listing", "data": {"modhash": "", "dist": 1, "children": [{"kind": "t3", "data": {"approved_at_utc": null, "subreddit": "AskHistorians", "selftext": "(The 'Hillbillies' in particular seems to portray its main characters with a certain scorn, which is why I'm wondering about underlying tension) ", "user_reports": [], "saved": false, "mod_reason_title": null, "gilded": 0, "clicked": false, "title": "In the 1960s, tv shows depicting a contrast between rural and urban America were astonishingly popular (The Beverly Hillbillies was the #1 show twice and Andy Griffith once in the decade). Were these shows reflecting an underlying tension, a kind of nostalgia, or something else? What was going on?", "link_flair_richtext": [], "subreddit_name_prefixed": "r/AskHistorians", "hidden": false, "pwls": 6, "link_flair_css_class": "great", "downs": 0, "parent_whitelist_status": "all_ads", "hide_score": false, "name": "t3_an0eq7", "quarantine": false, "link_flair_text_color": "dark", "upvote_ratio": 0.97, "author_flair_background_color": "", "subreddit_type": "public", "ups": 224, "domain": "self.AskHistorians", "media_embed": {}, "author_flair_template_id": null, "is_original_content": false, "author_fullname": "t2_hwjqh", "secure_media": null, "is_reddit_media_domain": false, "is_meta": false, "category": null, "secure_media_embed": {}, "link_flair_text": "Great Question!", "can_mod_post": false, "score": 224, "approved_by": null, "thumbnail": "", "edited": false, "author_flair_css_class": "qualitycontributor", "author_flair_richtext": [], "gildings": {"gid_1": 0, "gid_2": 0, "gid_3": 0}, "content_categories": null, "is_self": true, "mod_note": null, "created": 1549275956.0, "link_flair_type": "text", "wls": 6, "banned_by": null, "author_flair_type": "text", "contest_mode": false, "selftext_html": "&lt;!-- SC_OFF --&gt;&lt;div class=\"md\"&gt;&lt;p&gt;(The &amp;#39;Hillbillies&amp;#39; in particular seems to portray its main characters with a certain scorn, which is why I&amp;#39;m wondering about underlying tension) &lt;/p&gt;\n&lt;/div&gt;&lt;!-- SC_ON --&gt;", "likes": null, "suggested_sort": null, "banned_at_utc": null, "view_count": null, "archived": false, "no_follow": false, "is_crosspostable": false, "pinned": false, "over_18": false, "media": null, "media_only": false, "link_flair_template_id": "3f313e3e-9034-11e8-88ba-0e0ff7ad94ec", "can_gild": false, "spoiler": false, "locked": false, "author_flair_text": "Interesting Inquirer", "visited": false, "num_reports": null, "distinguished": null, "subreddit_id": "t5_2ssp3", "mod_reason_by": null, "removal_reason": null, "link_flair_background_color": "#7dcfb2", "id": "an0eq7", "is_robot_indexable": true, "report_reasons": null, "author": "td4999", "num_crossposts": 0, "num_comments": 10, "send_replies": true, "author_patreon_flair": false, "author_flair_text_color": "dark", "permalink": "/r/AskHistorians/comments/an0eq7/in_the_1960s_tv_shows_depicting_a_contrast/", "whitelist_status": "all_ads", "stickied": false, "url": "https://www.reddit.com/r/AskHistorians/comments/an0eq7/in_the_1960s_tv_shows_depicting_a_contrast/", "subreddit_subscribers": 921116, "created_utc": 1549275956.0, "mod_reports": [], "is_video": false}}], "after": null, "before": null}}, {"kind": "Listing", "data": {"modhash": "", "dist": null, "children": [{"kind": "t1", "data": {"subreddit_id": "t5_2ssp3", "approved_at_utc": null, "mod_reason_by": null, "banned_by": null, "author_flair_type": "text", "removal_reason": null, "link_id": "t3_an0eq7", "author_flair_template_id": null, "likes": null, "no_follow": false, "replies": {"kind": "Listing", "data": {"modhash": "", "dist": null, "children": [{"kind": "t1", "data": {"subreddit_id": "t5_2ssp3", "approved_at_utc": null, "mod_reason_by": null, "banned_by": null, "author_flair_type": "text", "removal_reason": null, "link_id": "t3_an0eq7", "author_flair_template_id": null, "likes": null, "no_follow": false, "replies": {"kind": "Listing", "data": {"modhash": "", "dist": null, "children": [{"kind": "t1", "data": {"subreddit_id": "t5_2ssp3", "approved_at_utc": null, "mod_reason_by": null, "banned_by": null, "author_flair_type": "text", "removal_reason": null, "link_id": "t3_an0eq7", "author_flair_template_id": null, "likes": null, "no_follow": true, "replies": {"kind": "Listing", "data": {"modhash": "", "dist": null, "children": [{"kind": "t1", "data": {"subreddit_id": "t5_2ssp3", "approved_at_utc": null, "mod_reason_by": null, "banned_by": null, "author_flair_type": "text", "removal_reason": null, "link_id": "t3_an0eq7", "author_flair_template_id": null, "likes": null, "no_follow": true, "replies": "", "user_reports": [], "saved": false, "id": "efsqu2f", "banned_at_utc": null, "mod_reason_title": null, "gilded": 0, "archived": false, "report_reasons": null, "author": "nietzza", "can_mod_post": false, "created_utc": 1549378590.0, "send_replies": true, "parent_id": "t1_efrzzdb", "score": 1, "author_fullname": "t2_2rur4jaa", "approved_by": null, "controversiality": 0, "body": "Yeah, by \"died out\" the source meant \"not suitable for primetime television\", but the character trope certainly persisted in popular culture.  With the end of the 60's what you lose is the same kind of moral panic towards hillbillies.  Once the population transfers slowed down and people adapted, so did the concerns, as they usually do.\n\nI did leave out that Johnson's war on poverty targeted the Appalachian region in part, but with the war being regarded as a failure it lost media attention, and along with it the depictions of such people.", "edited": false, "author_flair_css_class": null, "is_submitter": false, "downs": 0, "author_flair_richtext": [], "author_patreon_flair": false, "collapsed_reason": null, "body_html": "&lt;div class=\"md\"&gt;&lt;p&gt;Yeah, by &amp;quot;died out&amp;quot; the source meant &amp;quot;not suitable for primetime television&amp;quot;, but the character trope certainly persisted in popular culture.  With the end of the 60&amp;#39;s what you lose is the same kind of moral panic towards hillbillies.  Once the population transfers slowed down and people adapted, so did the concerns, as they usually do.&lt;/p&gt;\n\n&lt;p&gt;I did leave out that Johnson&amp;#39;s war on poverty targeted the Appalachian region in part, but with the war being regarded as a failure it lost media attention, and along with it the depictions of such people.&lt;/p&gt;\n&lt;/div&gt;", "stickied": false, "subreddit_type": "public", "can_gild": true, "gildings": {"gid_1": 0, "gid_2": 0, "gid_3": 0}, "author_flair_text_color": null, "score_hidden": false, "permalink": "/r/AskHistorians/comments/an0eq7/in_the_1960s_tv_shows_depicting_a_contrast/efsqu2f/", "num_reports": null, "name": "t1_efsqu2f", "created": 1549378590.0, "subreddit": "AskHistorians", "author_flair_text": null, "collapsed": false, "subreddit_name_prefixed": "r/AskHistorians", "ups": 1, "depth": 3, "author_flair_background_color": null, "mod_reports": [], "mod_note": null, "distinguished": null}}], "after": null, "before": null}}, "user_reports": [], "saved": false, "id": "efrzzdb", "banned_at_utc": null, "mod_reason_title": null, "gilded": 0, "archived": false, "report_reasons": null, "author": "JJVMT", "can_mod_post": false, "created_utc": 1549343261.0, "send_replies": true, "parent_id": "t1_efrdca6", "score": 3, "author_fullname": "t2_8gqrak", "approved_by": null, "controversiality": 0, "body": "Great read, thanks! I'm curious, where does *Deliverance* fit into all this? It seems to suggest continued fear of hillbillies into the 70s, doesn't it?", "edited": false, "author_flair_css_class": "qualitycontributor", "is_submitter": false, "downs": 0, "author_flair_richtext": [], "author_patreon_flair": false, "collapsed_reason": null, "body_html": "&lt;div class=\"md\"&gt;&lt;p&gt;Great read, thanks! I&amp;#39;m curious, where does &lt;em&gt;Deliverance&lt;/em&gt; fit into all this? It seems to suggest continued fear of hillbillies into the 70s, doesn&amp;#39;t it?&lt;/p&gt;\n&lt;/div&gt;", "stickied": false, "subreddit_type": "public", "can_gild": true, "gildings": {"gid_1": 0, "gid_2": 0, "gid_3": 0}, "author_flair_text_color": "dark", "score_hidden": false, "permalink": "/r/AskHistorians/comments/an0eq7/in_the_1960s_tv_shows_depicting_a_contrast/efrzzdb/", "num_reports": null, "name": "t1_efrzzdb", "created": 1549343261.0, "subreddit": "AskHistorians", "author_flair_text": "Interesting Inquirer", "collapsed": false, "subreddit_name_prefixed": "r/AskHistorians", "ups": 3, "depth": 2, "author_flair_background_color": "", "mod_reports": [], "mod_note": null, "distinguished": null}}, {"kind": "t1", "data": {"subreddit_id": "t5_2ssp3", "approved_at_utc": null, "mod_reason_by": null, "banned_by": null, "author_flair_type": "text", "removal_reason": null, "link_id": "t3_an0eq7", "author_flair_template_id": null, "likes": null, "no_follow": true, "replies": "", "user_reports": [], "saved": false, "id": "efrhs2g", "banned_at_utc": null, "mod_reason_title": null, "gilded": 0, "archived": false, "report_reasons": null, "author": "emfrank", "can_mod_post": false, "created_utc": 1549327567.0, "send_replies": true, "parent_id": "t1_efrdca6", "score": 4, "author_fullname": "t2_ns9cb", "approved_by": null, "controversiality": 0, "body": "&gt;By the end of the 1960's, though, the fear of hillbillies had mostly subsided and, with it, the popular representation.  However I'd argue it never fully died out, and in some ways has made a resurgence in recent years with shows like \"Dirty Jobs\", \"Duck Dynasty\" or \"Moonshiners\".\n\nGreat answer, thank you.  I agree the bias has not died out, though at times gets folded into a wider fear of the poor southerner.  I'd argue it impacts current political climate, but that goes beyond the sub's boundaries.", "edited": false, "author_flair_css_class": null, "is_submitter": false, "downs": 0, "author_flair_richtext": [], "author_patreon_flair": false, "collapsed_reason": null, "body_html": "&lt;div class=\"md\"&gt;&lt;blockquote&gt;\n&lt;p&gt;By the end of the 1960&amp;#39;s, though, the fear of hillbillies had mostly subsided and, with it, the popular representation.  However I&amp;#39;d argue it never fully died out, and in some ways has made a resurgence in recent years with shows like &amp;quot;Dirty Jobs&amp;quot;, &amp;quot;Duck Dynasty&amp;quot; or &amp;quot;Moonshiners&amp;quot;.&lt;/p&gt;\n&lt;/blockquote&gt;\n\n&lt;p&gt;Great answer, thank you.  I agree the bias has not died out, though at times gets folded into a wider fear of the poor southerner.  I&amp;#39;d argue it impacts current political climate, but that goes beyond the sub&amp;#39;s boundaries.&lt;/p&gt;\n&lt;/div&gt;", "stickied": false, "subreddit_type": "public", "can_gild": true, "gildings": {"gid_1": 0, "gid_2": 0, "gid_3": 0}, "author_flair_text_color": null, "score_hidden": false, "permalink": "/r/AskHistorians/comments/an0eq7/in_the_1960s_tv_shows_depicting_a_contrast/efrhs2g/", "num_reports": null, "name": "t1_efrhs2g", "created": 1549327567.0, "subreddit": "AskHistorians", "author_flair_text": null, "collapsed": false, "subreddit_name_prefixed": "r/AskHistorians", "ups": 4, "depth": 2, "author_flair_background_color": null, "mod_reports": [], "mod_note": null, "distinguished": null}}], "after": null, "before": null}}, "user_reports": [], "saved": false, "id": "efrdca6", "banned_at_utc": null, "mod_reason_title": null, "gilded": 0, "archived": false, "report_reasons": null, "author": "nietzza", "can_mod_post": false, "created_utc": 1549323854.0, "send_replies": true, "parent_id": "t1_efrdbhk", "score": 22, "author_fullname": "t2_2rur4jaa", "approved_by": null, "controversiality": 0, "body": "**Part II:**\n\nBy contextualizing them in California wealth, which was becoming apparently a wealthy region by the show's first episode, they were able to comment on the new consumerist culture and wealth developing in contrast to the old way of living:\n\n&gt; Beyond an updating of the Joads' saga, the Clampetts' relocation mirrored the transplanting of millions of Americans during and after World War II to \"the Golden State,\" a demographic shift that made California the most populous state in the union by the early 1960s. Likewise, their instant-millionaire status offered an exaggerated reflection of the relatively rapid prosperity attained in the early 1960s by many Americans who had risen from Depression era hardship to suburban ranch homes. Like their attitudes toward the Kettles a decade earlier, audiences could both laugh at and sympathize with the Clampetts' confusion about the proper use of what were to them new appliances and conveniences (in an early episode, Jed asks why the \"electric meat grinder\"-a kitchen disposal-does not work properly, and believes he can use a telephone simply by shouting into it while it lies on its cradle). Despite the hillbillies' ignorance, viewers recognized in Jed and Granny's misunderstandings certain reflections of their own efforts to adjust to the new commodified culture.\n\nAs a side note, this kind of interpretation was not shared equally by all those in development - the writer rejected it, while the actors generally seemed to embrace it.  In any case, it's hard not to see this as a clear subtext of the show.  Granny is referred to as the key character in representing these tensions with modern culture:\n\n&gt;Whereas her Ozark neighbors prized her skills as a cook, housekeeper, distiller, herbalist, and meteorologist, in Beverly Hills, Granny is considered at best eccentric and, at worst, a menace. And well she should be, for she is the character who most often exposes the vapidness and uselessness of the lifestyles of Beverly Hills and, by extension, of much of comfortably affluent American society. When Jethro complains that a piece of wax fruit is tasteless and Jed surmises that perhaps it is not meant to be eaten, Granny thunders:\n\n&gt;That's the trouble with this mis'uble place, y' ain't s'posed t' do nothin'! Ain't s'posed t' keep cows er pigs er chickens ... ain't s'posed t' plow up th' ground an' plant corn er rye er 'faifa ... ain't s'posed t' fire up th' still an' make a little moonshine whiskey! Answer me this-what kin y' do in Beverly Hills?\n\nThere's another example.  After the initial offer, Jethro asks a confidant if he should move to California.  \n\n&gt;She responds incredulously:\n\n&gt;Jed, how can you even ask? Look around you! You're eight miles from the nearest neighbor! You're overrun with skunks, possums, coons and bobcats! You got kerosene lamps for light ... a wood stove to cook on winter and summer ... (indicates jug) you're drinkin' homemade moonshine ... (picks up soap) washin' with homemade lye soap ... and your bathroom is 50 feet from the house! And you ask should you move!\n\n&gt;Jed ponders her words a minute and then replies: \"Yeah-I guess you're right. A man'd be a dang fool to leave all this!\"\n\nIn this we see a twofold reply, one being a kind of ignorance and freedom from modern convenience but also a strong commitment to a lifestyle.  And this, I believe, is the key to the show: it reflects a yearning for a mode of living, a critique of modern suburban living, packaged together.  This was noted by at least one reviewer, Shayon, who said the show's representation of modern living was a \"valid social criticism\".  Harkins, though, says:\n\n&gt;Despite his perceptive commentary, Shayon badly underestimated the program's staying power. He felt the show's moral standards were so \"heretical\" the program could not endure, for they required the audience to \"re-examine our own standards and discover their hollowness.\" What he failed to recognize, however, was that the power of the show's social critique was simultaneously made possible and undermined by the impossible ignorance and child-like na\u00efvet\u00e9 of the characters and the absurd storylines. Because the Clampetts and their chief antagonists, the Drysdales, were cartoonish caricatures, their distance from reality was too great for them to serve either as compelling models of non-competitiveness and non-materialism (in the case of the Clampetts) or as legitimate symbols of moneyed power.\n\nBy the end of the 1960's, though, the fear of hillbillies had mostly subsided and, with it, the popular representation.  However I'd argue it never fully died out, and in some ways has made a resurgence in recent years with shows like \"Dirty Jobs\", \"Duck Dynasty\" or \"Moonshiners\".\n\nIn any case, the key dynamic seems to be a wide interplay of economics, cultural stereotypes, population movements and sentimentality.  The image rooted in none too pleasant stereotypes and all too real economic conditions, and took on a different shape in various shows.  But the underlying messages of the shows were indeed reflections of American society and the changes within - both the good and the bad.", "edited": false, "author_flair_css_class": null, "is_submitter": false, "downs": 0, "author_flair_richtext": [], "author_patreon_flair": false, "collapsed_reason": null, "body_html": "&lt;div class=\"md\"&gt;&lt;p&gt;&lt;strong&gt;Part II:&lt;/strong&gt;&lt;/p&gt;\n\n&lt;p&gt;By contextualizing them in California wealth, which was becoming apparently a wealthy region by the show&amp;#39;s first episode, they were able to comment on the new consumerist culture and wealth developing in contrast to the old way of living:&lt;/p&gt;\n\n&lt;blockquote&gt;\n&lt;p&gt;Beyond an updating of the Joads&amp;#39; saga, the Clampetts&amp;#39; relocation mirrored the transplanting of millions of Americans during and after World War II to &amp;quot;the Golden State,&amp;quot; a demographic shift that made California the most populous state in the union by the early 1960s. Likewise, their instant-millionaire status offered an exaggerated reflection of the relatively rapid prosperity attained in the early 1960s by many Americans who had risen from Depression era hardship to suburban ranch homes. Like their attitudes toward the Kettles a decade earlier, audiences could both laugh at and sympathize with the Clampetts&amp;#39; confusion about the proper use of what were to them new appliances and conveniences (in an early episode, Jed asks why the &amp;quot;electric meat grinder&amp;quot;-a kitchen disposal-does not work properly, and believes he can use a telephone simply by shouting into it while it lies on its cradle). Despite the hillbillies&amp;#39; ignorance, viewers recognized in Jed and Granny&amp;#39;s misunderstandings certain reflections of their own efforts to adjust to the new commodified culture.&lt;/p&gt;\n&lt;/blockquote&gt;\n\n&lt;p&gt;As a side note, this kind of interpretation was not shared equally by all those in development - the writer rejected it, while the actors generally seemed to embrace it.  In any case, it&amp;#39;s hard not to see this as a clear subtext of the show.  Granny is referred to as the key character in representing these tensions with modern culture:&lt;/p&gt;\n\n&lt;blockquote&gt;\n&lt;p&gt;Whereas her Ozark neighbors prized her skills as a cook, housekeeper, distiller, herbalist, and meteorologist, in Beverly Hills, Granny is considered at best eccentric and, at worst, a menace. And well she should be, for she is the character who most often exposes the vapidness and uselessness of the lifestyles of Beverly Hills and, by extension, of much of comfortably affluent American society. When Jethro complains that a piece of wax fruit is tasteless and Jed surmises that perhaps it is not meant to be eaten, Granny thunders:&lt;/p&gt;\n\n&lt;p&gt;That&amp;#39;s the trouble with this mis&amp;#39;uble place, y&amp;#39; ain&amp;#39;t s&amp;#39;posed t&amp;#39; do nothin&amp;#39;! Ain&amp;#39;t s&amp;#39;posed t&amp;#39; keep cows er pigs er chickens ... ain&amp;#39;t s&amp;#39;posed t&amp;#39; plow up th&amp;#39; ground an&amp;#39; plant corn er rye er &amp;#39;faifa ... ain&amp;#39;t s&amp;#39;posed t&amp;#39; fire up th&amp;#39; still an&amp;#39; make a little moonshine whiskey! Answer me this-what kin y&amp;#39; do in Beverly Hills?&lt;/p&gt;\n&lt;/blockquote&gt;\n\n&lt;p&gt;There&amp;#39;s another example.  After the initial offer, Jethro asks a confidant if he should move to California.  &lt;/p&gt;\n\n&lt;blockquote&gt;\n&lt;p&gt;She responds incredulously:&lt;/p&gt;\n\n&lt;p&gt;Jed, how can you even ask? Look around you! You&amp;#39;re eight miles from the nearest neighbor! You&amp;#39;re overrun with skunks, possums, coons and bobcats! You got kerosene lamps for light ... a wood stove to cook on winter and summer ... (indicates jug) you&amp;#39;re drinkin&amp;#39; homemade moonshine ... (picks up soap) washin&amp;#39; with homemade lye soap ... and your bathroom is 50 feet from the house! And you ask should you move!&lt;/p&gt;\n\n&lt;p&gt;Jed ponders her words a minute and then replies: &amp;quot;Yeah-I guess you&amp;#39;re right. A man&amp;#39;d be a dang fool to leave all this!&amp;quot;&lt;/p&gt;\n&lt;/blockquote&gt;\n\n&lt;p&gt;In this we see a twofold reply, one being a kind of ignorance and freedom from modern convenience but also a strong commitment to a lifestyle.  And this, I believe, is the key to the show: it reflects a yearning for a mode of living, a critique of modern suburban living, packaged together.  This was noted by at least one reviewer, Shayon, who said the show&amp;#39;s representation of modern living was a &amp;quot;valid social criticism&amp;quot;.  Harkins, though, says:&lt;/p&gt;\n\n&lt;blockquote&gt;\n&lt;p&gt;Despite his perceptive commentary, Shayon badly underestimated the program&amp;#39;s staying power. He felt the show&amp;#39;s moral standards were so &amp;quot;heretical&amp;quot; the program could not endure, for they required the audience to &amp;quot;re-examine our own standards and discover their hollowness.&amp;quot; What he failed to recognize, however, was that the power of the show&amp;#39;s social critique was simultaneously made possible and undermined by the impossible ignorance and child-like na\u00efvet\u00e9 of the characters and the absurd storylines. Because the Clampetts and their chief antagonists, the Drysdales, were cartoonish caricatures, their distance from reality was too great for them to serve either as compelling models of non-competitiveness and non-materialism (in the case of the Clampetts) or as legitimate symbols of moneyed power.&lt;/p&gt;\n&lt;/blockquote&gt;\n\n&lt;p&gt;By the end of the 1960&amp;#39;s, though, the fear of hillbillies had mostly subsided and, with it, the popular representation.  However I&amp;#39;d argue it never fully died out, and in some ways has made a resurgence in recent years with shows like &amp;quot;Dirty Jobs&amp;quot;, &amp;quot;Duck Dynasty&amp;quot; or &amp;quot;Moonshiners&amp;quot;.&lt;/p&gt;\n\n&lt;p&gt;In any case, the key dynamic seems to be a wide interplay of economics, cultural stereotypes, population movements and sentimentality.  The image rooted in none too pleasant stereotypes and all too real economic conditions, and took on a different shape in various shows.  But the underlying messages of the shows were indeed reflections of American society and the changes within - both the good and the bad.&lt;/p&gt;\n&lt;/div&gt;", "stickied": false, "subreddit_type": "public", "can_gild": true, "gildings": {"gid_1": 0, "gid_2": 0, "gid_3": 0}, "author_flair_text_color": null, "score_hidden": false, "permalink": "/r/AskHistorians/comments/an0eq7/in_the_1960s_tv_shows_depicting_a_contrast/efrdca6/", "num_reports": null, "name": "t1_efrdca6", "created": 1549323854.0, "subreddit": "AskHistorians", "author_flair_text": null, "collapsed": false, "subreddit_name_prefixed": "r/AskHistorians", "ups": 22, "depth": 1, "author_flair_background_color": null, "mod_reports": [], "mod_note": null, "distinguished": null}}], "after": null, "before": null}}, "user_reports": [], "saved": false, "id": "efrdbhk", "banned_at_utc": null, "mod_reason_title": null, "gilded": 0, "archived": false, "report_reasons": null, "author": "nietzza", "can_mod_post": false, "created_utc": 1549323836.0, "send_replies": true, "parent_id": "t3_an0eq7", "score": 28, "author_fullname": "t2_2rur4jaa", "approved_by": null, "controversiality": 0, "body": "**Part I:**\n\nTaking a look at U.S. census data, we can start to form a picture which might help explain what appealed to people:\n\nDecade |1970 | 1960 | 1950 | 1940 | 1930 | 1920 | 1910 | 1900 | 1890\n:--------|:--------|:--------|:--------|:--------|:--------|:--------|:--------|:--------|:--------\nUrban population as a percentage | 73.6% | 69.9% | 64.0% | 56.5% | 56.1% | 51.2% | 45.6% | 39.6% | 35.1%\n\nFrom 1940 to 1950, we see the single biggest jump in concentration from rural areas to urban areas.  This indeed makes quite a bit of sense: not only did America expand industrially during WWII, but saw increased infrastructure projects and the suburbanization of America after WWII.  On top of that, Europe had destroyed most of its manufacturing during the war and European emigration decreased.  Manufacturing is naturally located in urban areas and farming underwent continued industrialization, making population flow towards cities inevitable.  As we will see, there was significant population transfer from mountainous regions outward.\n\nI'm going to quite extensively from \"The Hillbillies in the Living Room\" by Anthony Harkins.  This 30 page text will pretty much entirely answer your question, so if you're interested in a much deeper discussion I'd suggest you read it.  I'm abridging it extensively here:\n\n&gt;Appalachian outmigration began in earnest around the turn of the century, grew significantly during the Depression years, and then leapt upward in the early 1940s in response to the boom in industrial war production work during World War II.\n\nStereotypes of the population transfers were not positive, however.  In fact, the people from the Appalachian regions were looked down upon as kind of a scourge:\n\n&gt; Free from the institutionalized racism faced by their Southern black counterparts, the majority of Appalachian migrants were able to find employment and slowly to improve their economic situation. Yet the perception of Southern white migrants as an inassimilable and unwanted population was widespread in the postwar Midwest. Job listings that \"No Southerners need apply\" and restaurant owners who refused to serve \"hillbillies\" were not uncommon...\n\n&gt; A growing regional concern in Midwestern cities since at least the 1930s, the Southern migrant \"problem\" was first presented to a national audience beginning in the late 1950s. Striking to present day readers is the explicitly racialized depiction of this population. James Maxwell's \"Down from the Hills and into the Slums\" (1956), for example, opens by quoting an Indianapolis resident fearful of what she considered an uncivilized and dangerously independent population. Maxwell then informs what he presumes to be his shocked readers that this group was not \"Puerto Ricans\" or \"Mexicans\" but \"white Anglo-Saxon Protestants,\" a group \"usually considered to be the most favored in American society.\" Heavily reliant on antagonistic law enforcement officials for informants, he quotes authoritatively a police officer who accused the newcomers of a wide variety of crimes including \"shootings, child neglect, rape ... [and] incest...\" Although he stresses the difficulties migrants face, Maxwell generally portrays them as a backward people badly out of sync with urban ways and mores.\n\nSuffice it to say, there were tensions with these population flows - tensions which worked their way into popular culture.  However in television the stereotypes ranged, they were not entirely hostile.  As depicted in The Real McCoys:\n\n&gt;[One episode] also explores the limits of such progress and the sort of Faustian bargain the McCoys' relatives have made in sacrificing a traditional rural ethic for mass consumer goods. In the subsequent episode, after all of Grampa's relatives are fired when he refuses to sell to the box company a key plot of land that Great Grandma wishes to hold onto for nostalgic reasons, Grampa tries to comfort his kin by assuring them that \"McCoys are people o' the soil\" and that they can all go back to farming. Yet to Grampa's relatives, Jed and Myra, such a return to the land is impossible after one has been exposed to \"the finer things in life.\" \"Linoleum becomes a habit,\" sighs Myra; \"If I have ta give up eatin' them TV dinners I swear I think I'd die,\" adds Jed. The writers' highlighting of even at the time debased modern goods as symbols of modern living and the loss of a rural ethic offers a limited questioning of the \"costs\" of progress, and the storyline does reflect (albeit in an offhand manner) the exploitation of the land and people of Appalachia by extractive industries. In the end, however, this conflict between industrially driven consumerism and a pastoral ethic is finessed: Grampa agrees to sell the land to the box company and the factory owner agrees to relocate Great Grandma's house to the top of the knob where she can look out over the whole valley (although there is no mention of the fact that it will probably be choked with smoke!). The show thus both raised questions about the price of progress and resolved the issue in a way that ultimately upheld the primacy of mass consumerism and industrial development.\n\nThe underlying feeling is clear: changing your lifestyle is disruptive.  Humans are creatures of habit, we form ourselves to our environment.  Being shifted to another environment seems to produce feelings of nostalgia pretty much universally.  If we go all the way back to even the Epic of Gilgamesh - the oldest written work - what we find in places are the character's nostalgia towards a nomadic lifestyle and a rejection of agrarian forms of living.  Even today, there's no shortage of marketing towards nostalgia.  The Real McCoys taps into those feelings, with the context of the inevitability of economics.\n\nIn the Andy Griffith show, the feeling was less sympathetic:\n\n&gt; Usually rough-mannered and slightly unkempt older men, the few hill folk represented in the show's first two seasons served as unsophisticated and slightly antagonistic country cousins to Sheriff Andy Taylor (Griffith) and the Mayberry townsfolk, who were themselves perceived as bumpkins in the eyes of most urban outsiders on the show.  Symbols of stubbornness, ignorance, and distrust of modern science and technology, the mountaineer characters tended to oppose any efforts to improve their lot in life. In a 1962 episode, for example, mountain farmer Rafe Hollister refuses to get a tetanus shot until convinced to do so by Andy, who sings the song he plans to perform at Rafe's funeral.\n\n&gt; In \"A Feud is a Feud\" (1960), with a plot based loosely on both Romeo and Juliet and the love affair between Roseanna McCoy and Johnse Hatfield of the famed feuding families, two mountain farmers carry on a senseless conflict, the origins of which neither can recall, and forbid their children to marry one another. Although both men make a pretense of wanting to kill the other, they are afraid to risk their lives to accomplish the task. Here the older generation of mountaineers are presented as incompetently violent rubes, but their far-less-stereotyped children represent the capacity of such people to bridge the gap between an archaic and wrong-headed \"mountain culture\" and an idealized contemporary America.\n\nOn a particular few episodes about \"mountain people\" not fitting into urban areas:\n\n&gt; The timing of these \"mountaineer\" episodes suggests they were not randomly selected storylines but were shaped by and reflected their historical context. ... the Darling and Bass episodes were also a response to the sudden reemergence of the Southern mountain region and people in the national consciousness and the conception of Appalachia as a distinct \"problem region.\" These developments were in turn part of a general rediscovery of poverty in America in the early 1960s, a troubling realization that challenged the middle class's widespread faith in a classless society and an ever-improving quality of life..\n\n&gt; Television comedies like The Andy Griffith Show and The Beverly Hillbillies that featured mountaineer characters reflected the national media's fascination with this \"white other\"-an isolated population outside mainstream American society. But they also served as a palliative for these disturbing images, providing a far more upbeat portrayal than did the news media of plain but comfortable folk who were upright, self-assured, and imbued with a strong cultural tradition. Such images lessened the sense of the deep failure of the American economic system and its inability to prevent seemingly intractable poverty. They also tacitly reinforced the widespread belief that the mountain people were trapped in a \"culture of poverty,\" but redefined it from being a crippling cycle of degeneracy and dysfunction to a lifestyle choice of people who valued autonomy and family time over material advancement.\n\nThe Beverly Hillbillies was kind of a revolution in how they were presented.  For one, it was popular among the audience it was designed to represent:\n\n&gt; Such overall ratings do not necessarily indicate that a broad cross-section of Americans was viewing the show. A disproportionate number of the show's viewers lived in rural, small town or Southern locales...\n\nSeemingly, it did this by sanitizing the representation of such people:\n\n&gt;The show did move dramatically, although incompletely, away from the standard hillbilly stereotype. The first time the audience sees Jed Clampett, he rushes in the door of his bare-bones Ozark cabin and immediately washes his hands. Long flowing beards and outhouses never appeared on the show, nor did family feuds or shootouts with law enforcement agents, though Granny does occasionally raise her shotgun and rail against \"rev'noors\" and \"Yankees\".", "edited": false, "author_flair_css_class": null, "is_submitter": false, "downs": 0, "author_flair_richtext": [], "author_patreon_flair": false, "collapsed_reason": null, "body_html": "&lt;div class=\"md\"&gt;&lt;p&gt;&lt;strong&gt;Part I:&lt;/strong&gt;&lt;/p&gt;\n\n&lt;p&gt;Taking a look at U.S. census data, we can start to form a picture which might help explain what appealed to people:&lt;/p&gt;\n\n&lt;table&gt;&lt;thead&gt;\n&lt;tr&gt;\n&lt;th align=\"left\"&gt;Decade&lt;/th&gt;\n&lt;th align=\"left\"&gt;1970&lt;/th&gt;\n&lt;th align=\"left\"&gt;1960&lt;/th&gt;\n&lt;th align=\"left\"&gt;1950&lt;/th&gt;\n&lt;th align=\"left\"&gt;1940&lt;/th&gt;\n&lt;th align=\"left\"&gt;1930&lt;/th&gt;\n&lt;th align=\"left\"&gt;1920&lt;/th&gt;\n&lt;th align=\"left\"&gt;1910&lt;/th&gt;\n&lt;th align=\"left\"&gt;1900&lt;/th&gt;\n&lt;th align=\"left\"&gt;1890&lt;/th&gt;\n&lt;/tr&gt;\n&lt;/thead&gt;&lt;tbody&gt;\n&lt;tr&gt;\n&lt;td align=\"left\"&gt;Urban population as a percentage&lt;/td&gt;\n&lt;td align=\"left\"&gt;73.6%&lt;/td&gt;\n&lt;td align=\"left\"&gt;69.9%&lt;/td&gt;\n&lt;td align=\"left\"&gt;64.0%&lt;/td&gt;\n&lt;td align=\"left\"&gt;56.5%&lt;/td&gt;\n&lt;td align=\"left\"&gt;56.1%&lt;/td&gt;\n&lt;td align=\"left\"&gt;51.2%&lt;/td&gt;\n&lt;td align=\"left\"&gt;45.6%&lt;/td&gt;\n&lt;td align=\"left\"&gt;39.6%&lt;/td&gt;\n&lt;td align=\"left\"&gt;35.1%&lt;/td&gt;\n&lt;/tr&gt;\n&lt;/tbody&gt;&lt;/table&gt;\n\n&lt;p&gt;From 1940 to 1950, we see the single biggest jump in concentration from rural areas to urban areas.  This indeed makes quite a bit of sense: not only did America expand industrially during WWII, but saw increased infrastructure projects and the suburbanization of America after WWII.  On top of that, Europe had destroyed most of its manufacturing during the war and European emigration decreased.  Manufacturing is naturally located in urban areas and farming underwent continued industrialization, making population flow towards cities inevitable.  As we will see, there was significant population transfer from mountainous regions outward.&lt;/p&gt;\n\n&lt;p&gt;I&amp;#39;m going to quite extensively from &amp;quot;The Hillbillies in the Living Room&amp;quot; by Anthony Harkins.  This 30 page text will pretty much entirely answer your question, so if you&amp;#39;re interested in a much deeper discussion I&amp;#39;d suggest you read it.  I&amp;#39;m abridging it extensively here:&lt;/p&gt;\n\n&lt;blockquote&gt;\n&lt;p&gt;Appalachian outmigration began in earnest around the turn of the century, grew significantly during the Depression years, and then leapt upward in the early 1940s in response to the boom in industrial war production work during World War II.&lt;/p&gt;\n&lt;/blockquote&gt;\n\n&lt;p&gt;Stereotypes of the population transfers were not positive, however.  In fact, the people from the Appalachian regions were looked down upon as kind of a scourge:&lt;/p&gt;\n\n&lt;blockquote&gt;\n&lt;p&gt;Free from the institutionalized racism faced by their Southern black counterparts, the majority of Appalachian migrants were able to find employment and slowly to improve their economic situation. Yet the perception of Southern white migrants as an inassimilable and unwanted population was widespread in the postwar Midwest. Job listings that &amp;quot;No Southerners need apply&amp;quot; and restaurant owners who refused to serve &amp;quot;hillbillies&amp;quot; were not uncommon...&lt;/p&gt;\n\n&lt;p&gt;A growing regional concern in Midwestern cities since at least the 1930s, the Southern migrant &amp;quot;problem&amp;quot; was first presented to a national audience beginning in the late 1950s. Striking to present day readers is the explicitly racialized depiction of this population. James Maxwell&amp;#39;s &amp;quot;Down from the Hills and into the Slums&amp;quot; (1956), for example, opens by quoting an Indianapolis resident fearful of what she considered an uncivilized and dangerously independent population. Maxwell then informs what he presumes to be his shocked readers that this group was not &amp;quot;Puerto Ricans&amp;quot; or &amp;quot;Mexicans&amp;quot; but &amp;quot;white Anglo-Saxon Protestants,&amp;quot; a group &amp;quot;usually considered to be the most favored in American society.&amp;quot; Heavily reliant on antagonistic law enforcement officials for informants, he quotes authoritatively a police officer who accused the newcomers of a wide variety of crimes including &amp;quot;shootings, child neglect, rape ... [and] incest...&amp;quot; Although he stresses the difficulties migrants face, Maxwell generally portrays them as a backward people badly out of sync with urban ways and mores.&lt;/p&gt;\n&lt;/blockquote&gt;\n\n&lt;p&gt;Suffice it to say, there were tensions with these population flows - tensions which worked their way into popular culture.  However in television the stereotypes ranged, they were not entirely hostile.  As depicted in The Real McCoys:&lt;/p&gt;\n\n&lt;blockquote&gt;\n&lt;p&gt;[One episode] also explores the limits of such progress and the sort of Faustian bargain the McCoys&amp;#39; relatives have made in sacrificing a traditional rural ethic for mass consumer goods. In the subsequent episode, after all of Grampa&amp;#39;s relatives are fired when he refuses to sell to the box company a key plot of land that Great Grandma wishes to hold onto for nostalgic reasons, Grampa tries to comfort his kin by assuring them that &amp;quot;McCoys are people o&amp;#39; the soil&amp;quot; and that they can all go back to farming. Yet to Grampa&amp;#39;s relatives, Jed and Myra, such a return to the land is impossible after one has been exposed to &amp;quot;the finer things in life.&amp;quot; &amp;quot;Linoleum becomes a habit,&amp;quot; sighs Myra; &amp;quot;If I have ta give up eatin&amp;#39; them TV dinners I swear I think I&amp;#39;d die,&amp;quot; adds Jed. The writers&amp;#39; highlighting of even at the time debased modern goods as symbols of modern living and the loss of a rural ethic offers a limited questioning of the &amp;quot;costs&amp;quot; of progress, and the storyline does reflect (albeit in an offhand manner) the exploitation of the land and people of Appalachia by extractive industries. In the end, however, this conflict between industrially driven consumerism and a pastoral ethic is finessed: Grampa agrees to sell the land to the box company and the factory owner agrees to relocate Great Grandma&amp;#39;s house to the top of the knob where she can look out over the whole valley (although there is no mention of the fact that it will probably be choked with smoke!). The show thus both raised questions about the price of progress and resolved the issue in a way that ultimately upheld the primacy of mass consumerism and industrial development.&lt;/p&gt;\n&lt;/blockquote&gt;\n\n&lt;p&gt;The underlying feeling is clear: changing your lifestyle is disruptive.  Humans are creatures of habit, we form ourselves to our environment.  Being shifted to another environment seems to produce feelings of nostalgia pretty much universally.  If we go all the way back to even the Epic of Gilgamesh - the oldest written work - what we find in places are the character&amp;#39;s nostalgia towards a nomadic lifestyle and a rejection of agrarian forms of living.  Even today, there&amp;#39;s no shortage of marketing towards nostalgia.  The Real McCoys taps into those feelings, with the context of the inevitability of economics.&lt;/p&gt;\n\n&lt;p&gt;In the Andy Griffith show, the feeling was less sympathetic:&lt;/p&gt;\n\n&lt;blockquote&gt;\n&lt;p&gt;Usually rough-mannered and slightly unkempt older men, the few hill folk represented in the show&amp;#39;s first two seasons served as unsophisticated and slightly antagonistic country cousins to Sheriff Andy Taylor (Griffith) and the Mayberry townsfolk, who were themselves perceived as bumpkins in the eyes of most urban outsiders on the show.  Symbols of stubbornness, ignorance, and distrust of modern science and technology, the mountaineer characters tended to oppose any efforts to improve their lot in life. In a 1962 episode, for example, mountain farmer Rafe Hollister refuses to get a tetanus shot until convinced to do so by Andy, who sings the song he plans to perform at Rafe&amp;#39;s funeral.&lt;/p&gt;\n\n&lt;p&gt;In &amp;quot;A Feud is a Feud&amp;quot; (1960), with a plot based loosely on both Romeo and Juliet and the love affair between Roseanna McCoy and Johnse Hatfield of the famed feuding families, two mountain farmers carry on a senseless conflict, the origins of which neither can recall, and forbid their children to marry one another. Although both men make a pretense of wanting to kill the other, they are afraid to risk their lives to accomplish the task. Here the older generation of mountaineers are presented as incompetently violent rubes, but their far-less-stereotyped children represent the capacity of such people to bridge the gap between an archaic and wrong-headed &amp;quot;mountain culture&amp;quot; and an idealized contemporary America.&lt;/p&gt;\n&lt;/blockquote&gt;\n\n&lt;p&gt;On a particular few episodes about &amp;quot;mountain people&amp;quot; not fitting into urban areas:&lt;/p&gt;\n\n&lt;blockquote&gt;\n&lt;p&gt;The timing of these &amp;quot;mountaineer&amp;quot; episodes suggests they were not randomly selected storylines but were shaped by and reflected their historical context. ... the Darling and Bass episodes were also a response to the sudden reemergence of the Southern mountain region and people in the national consciousness and the conception of Appalachia as a distinct &amp;quot;problem region.&amp;quot; These developments were in turn part of a general rediscovery of poverty in America in the early 1960s, a troubling realization that challenged the middle class&amp;#39;s widespread faith in a classless society and an ever-improving quality of life..&lt;/p&gt;\n\n&lt;p&gt;Television comedies like The Andy Griffith Show and The Beverly Hillbillies that featured mountaineer characters reflected the national media&amp;#39;s fascination with this &amp;quot;white other&amp;quot;-an isolated population outside mainstream American society. But they also served as a palliative for these disturbing images, providing a far more upbeat portrayal than did the news media of plain but comfortable folk who were upright, self-assured, and imbued with a strong cultural tradition. Such images lessened the sense of the deep failure of the American economic system and its inability to prevent seemingly intractable poverty. They also tacitly reinforced the widespread belief that the mountain people were trapped in a &amp;quot;culture of poverty,&amp;quot; but redefined it from being a crippling cycle of degeneracy and dysfunction to a lifestyle choice of people who valued autonomy and family time over material advancement.&lt;/p&gt;\n&lt;/blockquote&gt;\n\n&lt;p&gt;The Beverly Hillbillies was kind of a revolution in how they were presented.  For one, it was popular among the audience it was designed to represent:&lt;/p&gt;\n\n&lt;blockquote&gt;\n&lt;p&gt;Such overall ratings do not necessarily indicate that a broad cross-section of Americans was viewing the show. A disproportionate number of the show&amp;#39;s viewers lived in rural, small town or Southern locales...&lt;/p&gt;\n&lt;/blockquote&gt;\n\n&lt;p&gt;Seemingly, it did this by sanitizing the representation of such people:&lt;/p&gt;\n\n&lt;blockquote&gt;\n&lt;p&gt;The show did move dramatically, although incompletely, away from the standard hillbilly stereotype. The first time the audience sees Jed Clampett, he rushes in the door of his bare-bones Ozark cabin and immediately washes his hands. Long flowing beards and outhouses never appeared on the show, nor did family feuds or shootouts with law enforcement agents, though Granny does occasionally raise her shotgun and rail against &amp;quot;rev&amp;#39;noors&amp;quot; and &amp;quot;Yankees&amp;quot;.&lt;/p&gt;\n&lt;/blockquote&gt;\n&lt;/div&gt;", "stickied": false, "subreddit_type": "public", "can_gild": true, "gildings": {"gid_1": 0, "gid_2": 0, "gid_3": 0}, "author_flair_text_color": null, "score_hidden": false, "permalink": "/r/AskHistorians/comments/an0eq7/in_the_1960s_tv_shows_depicting_a_contrast/efrdbhk/", "num_reports": null, "name": "t1_efrdbhk", "created": 1549323836.0, "subreddit": "AskHistorians", "author_flair_text": null, "collapsed": false, "subreddit_name_prefixed": "r/AskHistorians", "ups": 28, "depth": 0, "author_flair_background_color": null, "mod_reports": [], "mod_note": null, "distinguished": null}}], "after": null, "before": null}}]