[{"kind": "Listing", "data": {"modhash": "", "dist": 1, "children": [{"kind": "t3", "data": {"approved_at_utc": null, "subreddit": "AskHistorians", "selftext": "Hi.\n\n&amp;#x200B;\n\nI was wondering why sub- saharan Africa was underdeveloped compared to the rest of the world before colonization. I know about civilizations such as Mali, Nubia, and Great Zimbabwe, however I saw someone online saying these civilizations weren't as advanced as those in Europe, Asia, or even Mesoamerica. Is this true? And if so, why??", "user_reports": [], "saved": false, "mod_reason_title": null, "gilded": 0, "clicked": false, "title": "Why was Africa so underdeveloped before colonization?", "link_flair_richtext": [], "subreddit_name_prefixed": "r/AskHistorians", "hidden": false, "pwls": 6, "link_flair_css_class": null, "downs": 0, "parent_whitelist_status": "all_ads", "hide_score": false, "name": "t3_an4spj", "quarantine": false, "link_flair_text_color": "dark", "upvote_ratio": 0.54, "author_flair_background_color": null, "subreddit_type": "public", "ups": 2, "domain": "self.AskHistorians", "media_embed": {}, "author_flair_template_id": null, "is_original_content": false, "author_fullname": "t2_1dacjdi7", "secure_media": null, "is_reddit_media_domain": false, "is_meta": false, "category": null, "secure_media_embed": {}, "link_flair_text": null, "can_mod_post": false, "score": 2, "approved_by": null, "thumbnail": "", "edited": false, "author_flair_css_class": null, "author_flair_richtext": [], "gildings": {"gid_1": 0, "gid_2": 0, "gid_3": 0}, "content_categories": null, "is_self": true, "mod_note": null, "created": 1549305915.0, "link_flair_type": "text", "wls": 6, "banned_by": null, "author_flair_type": "text", "contest_mode": false, "selftext_html": "&lt;!-- SC_OFF --&gt;&lt;div class=\"md\"&gt;&lt;p&gt;Hi.&lt;/p&gt;\n\n&lt;p&gt;&amp;#x200B;&lt;/p&gt;\n\n&lt;p&gt;I was wondering why sub- saharan Africa was underdeveloped compared to the rest of the world before colonization. I know about civilizations such as Mali, Nubia, and Great Zimbabwe, however I saw someone online saying these civilizations weren&amp;#39;t as advanced as those in Europe, Asia, or even Mesoamerica. Is this true? And if so, why??&lt;/p&gt;\n&lt;/div&gt;&lt;!-- SC_ON --&gt;", "likes": null, "suggested_sort": null, "banned_at_utc": null, "view_count": null, "archived": false, "no_follow": true, "is_crosspostable": false, "pinned": false, "over_18": false, "media": null, "media_only": false, "link_flair_template_id": null, "can_gild": false, "spoiler": false, "locked": false, "author_flair_text": null, "visited": false, "num_reports": null, "distinguished": null, "subreddit_id": "t5_2ssp3", "mod_reason_by": null, "removal_reason": null, "link_flair_background_color": "", "id": "an4spj", "is_robot_indexable": true, "report_reasons": null, "author": "AnxiousCowThrowaway", "num_crossposts": 0, "num_comments": 2, "send_replies": true, "author_patreon_flair": false, "author_flair_text_color": null, "permalink": "/r/AskHistorians/comments/an4spj/why_was_africa_so_underdeveloped_before/", "whitelist_status": "all_ads", "stickied": false, "url": "https://www.reddit.com/r/AskHistorians/comments/an4spj/why_was_africa_so_underdeveloped_before/", "subreddit_subscribers": 921116, "created_utc": 1549305915.0, "mod_reports": [], "is_video": false}}], "after": null, "before": null}}, {"kind": "Listing", "data": {"modhash": "", "dist": null, "children": [{"kind": "t1", "data": {"subreddit_id": "t5_2ssp3", "approved_at_utc": null, "mod_reason_by": null, "banned_by": null, "author_flair_type": "text", "removal_reason": null, "link_id": "t3_an4spj", "author_flair_template_id": null, "likes": null, "no_follow": true, "replies": {"kind": "Listing", "data": {"modhash": "", "dist": null, "children": [{"kind": "t1", "data": {"subreddit_id": "t5_2ssp3", "approved_at_utc": null, "mod_reason_by": null, "banned_by": null, "author_flair_type": "text", "removal_reason": null, "link_id": "t3_an4spj", "author_flair_template_id": null, "likes": null, "no_follow": true, "replies": "", "user_reports": [], "saved": false, "id": "eg6hs41", "banned_at_utc": null, "mod_reason_title": null, "gilded": 0, "archived": false, "report_reasons": null, "author": "Theletterten", "can_mod_post": false, "created_utc": 1549834397.0, "send_replies": true, "parent_id": "t1_efr2bpo", "score": 1, "author_fullname": "t2_y8wjv", "approved_by": null, "controversiality": 0, "body": "Very informative!", "edited": false, "author_flair_css_class": null, "is_submitter": false, "downs": 0, "author_flair_richtext": [], "author_patreon_flair": false, "collapsed_reason": null, "body_html": "&lt;div class=\"md\"&gt;&lt;p&gt;Very informative!&lt;/p&gt;\n&lt;/div&gt;", "stickied": false, "subreddit_type": "public", "can_gild": true, "gildings": {"gid_1": 0, "gid_2": 0, "gid_3": 0}, "author_flair_text_color": null, "score_hidden": false, "permalink": "/r/AskHistorians/comments/an4spj/why_was_africa_so_underdeveloped_before/eg6hs41/", "num_reports": null, "name": "t1_eg6hs41", "created": 1549834397.0, "subreddit": "AskHistorians", "author_flair_text": null, "collapsed": false, "subreddit_name_prefixed": "r/AskHistorians", "ups": 1, "depth": 1, "author_flair_background_color": null, "mod_reports": [], "mod_note": null, "distinguished": null}}], "after": null, "before": null}}, "user_reports": [], "saved": false, "id": "efr2bpo", "banned_at_utc": null, "mod_reason_title": null, "gilded": 0, "archived": false, "report_reasons": null, "author": "Meesus", "can_mod_post": false, "created_utc": 1549315662.0, "send_replies": true, "parent_id": "t3_an4spj", "score": 18, "author_fullname": "t2_cycvx", "approved_by": null, "controversiality": 0, "body": "The talking point of Africa being un- or under-developed prior to colonization is generally something thrown around as a post-ex-facto justification for colonization. The level of \"development\" of Africa really depends on what specifically is considered to be \"development,\" as well as when and where you're looking. But in general the idea that Africa was this uncivilized wasteland populated by primitive peoples is wrong.\n\n&amp;#x200B;\n\nWest Africa's probably the most famous for its civilizations - they had extensive trans-Saharan trade going on for centuries, primarily trading gold and slaves for salt. Islamic scholars visiting Mali hardly described it as a primitive backwater - among many things, they commented on how they were impressed at the productivity of the agriculture around the Niger River. The establishment of European trading posts along the West Coast of Africa and the invasion of the Moroccans would see a decline in trans-Saharan trade and the states that relied on it, but these societies hardly declined into tribal anarchy.\n\nFurther south along the West African coast there were plenty of flourishing states and cultures. In Nigeria, there's evidence of the Igbo people smelting Iron just as early as contemporaries in the Near East were, and bronze castings dating as early as the 9th Century show complexity and intricacy that predated similar work in Europe by centuries and left the archaeologists who discovered them in the '60s looking for evidence of some extinct foreign culture, as they couldn't believe that native Africans could do such work.\n\nEast Africa was considerably developed as well and had established civilizations more ancient than many of those in Europe. Evidence of trade with Punt in the Horn of Africa goes back as far as the 4th Dynasty of Egypt (the one that built the Pyramids) and expeditions were sent there by Egypt as early as the 5th Dynasty. The region of Sudan and Ethiopia had the Kingdoms of Kush and Damot contemporary with the late New Kingdom and early Third Intermediate Period Egypt, although Nubian polities had influences in Egypt for centuries before. The Nile River Valley upstream of Egypt proper would see a succession of civilizations since then, perhaps the most famous being those in modern Ethiopia (like Axum). Ethiopian civilizations would demonstrate some very advanced stoneworking, and their unique brand of Christianity helped drive rumors in Medieval Europe of the presence of Prester John somewhere in East Africa. Into the early modern period, Ethiopia had turned into a society very (and I can't stress that enough) roughly analogous to contemporary feudal states. They suffered a decline through the 19th Century thanks to near constant war with just about everyone around them as well as rebellious vassals. Nevertheless, Ethiopia was still capable of maneuvering itself into favorable positions with colonizing powers and handily defeating the Italians on the field of battle to not only secure its independence, but a large swath of yet to be conquered territory in Ogaden.\n\nEast Africa as a whole again had considerably more development than many realize. Trading city states existed along the East African coast in Somalia for centuries, and Arab traders moving down the coast would give rise to many important city states like Mombasa, Kilwa, and Sofala, along with the Swahili culture. Trade of gold, ivory, and slaves would flow out through these ports on the coast from interior regions like Zimbabwe and the various states in the Great Lakes region. The involvement of Omani traders along the time of colonization would see Zanzibar and much of the interior come under the control of Oman, but particularly in the Great Lakes region there existed independent African states up until the Scramble For Africa.\n\nEven the Congo region hosted several kingdoms, most famously the Kongo Kingdom, which was discovered by Portuguese explorers in the 1400s and converted to Christianity. Although initially treated as equals to the Portuguese crown, they were gradually devastated by the ramping up of the slave trade (even having some of the Royal Family kidnapped into slavery on a trip to Portugal for education) and over centuries declined until being completely absorbed into Portuguese colonies. Further into the interior, the Lunda and Luba kingdoms were established on the upper reached of the Congo River.\n\n&amp;#x200B;\n\nIn many areas of Africa we do see a decline of various cultures and states as colonialism takes hold, but often the circumstances are thanks to the colonial powers themselves. While slavery was endemic to Africa before the onset of the transatlantic slave trade, it was never at the scale that the Europeans would bring, and often the demand for slaves would devastate cultures further inland. Probably most devastating (and almost completely forgotten), however, was the accidental introduction of Rinderpest to the continent by the Italians. Rinderpest has upwards of a 90% mortality rate in uninoculated herds, and can jump species to many of the large animals in Africa. It spread from Eritrea in 1887 to South Africa by 1896, killing almost 90% of the cattle in areas it touched - 5.7 million south of the Zambezi alone. The big problem there was that most of the cultures where it hit were primarily pastoral societies that depended heavily on cattle for food. So with the death of the cattle came famine, killing something like a third of the people in Ethiopia and as much as two-thirds of the Maasai in Tanzania. Cattle grazing also did a good job at keeping grasslands as they were, and with all the cattle gone, the forests and and jungles expanded, providing prime habitat for the infamous Tsetse fly. With a world-ending event like that, it's perhaps more a surprise that anything survived the colonizing powers at all.", "edited": false, "author_flair_css_class": null, "is_submitter": false, "downs": 0, "author_flair_richtext": [], "author_patreon_flair": false, "collapsed_reason": null, "body_html": "&lt;div class=\"md\"&gt;&lt;p&gt;The talking point of Africa being un- or under-developed prior to colonization is generally something thrown around as a post-ex-facto justification for colonization. The level of &amp;quot;development&amp;quot; of Africa really depends on what specifically is considered to be &amp;quot;development,&amp;quot; as well as when and where you&amp;#39;re looking. But in general the idea that Africa was this uncivilized wasteland populated by primitive peoples is wrong.&lt;/p&gt;\n\n&lt;p&gt;&amp;#x200B;&lt;/p&gt;\n\n&lt;p&gt;West Africa&amp;#39;s probably the most famous for its civilizations - they had extensive trans-Saharan trade going on for centuries, primarily trading gold and slaves for salt. Islamic scholars visiting Mali hardly described it as a primitive backwater - among many things, they commented on how they were impressed at the productivity of the agriculture around the Niger River. The establishment of European trading posts along the West Coast of Africa and the invasion of the Moroccans would see a decline in trans-Saharan trade and the states that relied on it, but these societies hardly declined into tribal anarchy.&lt;/p&gt;\n\n&lt;p&gt;Further south along the West African coast there were plenty of flourishing states and cultures. In Nigeria, there&amp;#39;s evidence of the Igbo people smelting Iron just as early as contemporaries in the Near East were, and bronze castings dating as early as the 9th Century show complexity and intricacy that predated similar work in Europe by centuries and left the archaeologists who discovered them in the &amp;#39;60s looking for evidence of some extinct foreign culture, as they couldn&amp;#39;t believe that native Africans could do such work.&lt;/p&gt;\n\n&lt;p&gt;East Africa was considerably developed as well and had established civilizations more ancient than many of those in Europe. Evidence of trade with Punt in the Horn of Africa goes back as far as the 4th Dynasty of Egypt (the one that built the Pyramids) and expeditions were sent there by Egypt as early as the 5th Dynasty. The region of Sudan and Ethiopia had the Kingdoms of Kush and Damot contemporary with the late New Kingdom and early Third Intermediate Period Egypt, although Nubian polities had influences in Egypt for centuries before. The Nile River Valley upstream of Egypt proper would see a succession of civilizations since then, perhaps the most famous being those in modern Ethiopia (like Axum). Ethiopian civilizations would demonstrate some very advanced stoneworking, and their unique brand of Christianity helped drive rumors in Medieval Europe of the presence of Prester John somewhere in East Africa. Into the early modern period, Ethiopia had turned into a society very (and I can&amp;#39;t stress that enough) roughly analogous to contemporary feudal states. They suffered a decline through the 19th Century thanks to near constant war with just about everyone around them as well as rebellious vassals. Nevertheless, Ethiopia was still capable of maneuvering itself into favorable positions with colonizing powers and handily defeating the Italians on the field of battle to not only secure its independence, but a large swath of yet to be conquered territory in Ogaden.&lt;/p&gt;\n\n&lt;p&gt;East Africa as a whole again had considerably more development than many realize. Trading city states existed along the East African coast in Somalia for centuries, and Arab traders moving down the coast would give rise to many important city states like Mombasa, Kilwa, and Sofala, along with the Swahili culture. Trade of gold, ivory, and slaves would flow out through these ports on the coast from interior regions like Zimbabwe and the various states in the Great Lakes region. The involvement of Omani traders along the time of colonization would see Zanzibar and much of the interior come under the control of Oman, but particularly in the Great Lakes region there existed independent African states up until the Scramble For Africa.&lt;/p&gt;\n\n&lt;p&gt;Even the Congo region hosted several kingdoms, most famously the Kongo Kingdom, which was discovered by Portuguese explorers in the 1400s and converted to Christianity. Although initially treated as equals to the Portuguese crown, they were gradually devastated by the ramping up of the slave trade (even having some of the Royal Family kidnapped into slavery on a trip to Portugal for education) and over centuries declined until being completely absorbed into Portuguese colonies. Further into the interior, the Lunda and Luba kingdoms were established on the upper reached of the Congo River.&lt;/p&gt;\n\n&lt;p&gt;&amp;#x200B;&lt;/p&gt;\n\n&lt;p&gt;In many areas of Africa we do see a decline of various cultures and states as colonialism takes hold, but often the circumstances are thanks to the colonial powers themselves. While slavery was endemic to Africa before the onset of the transatlantic slave trade, it was never at the scale that the Europeans would bring, and often the demand for slaves would devastate cultures further inland. Probably most devastating (and almost completely forgotten), however, was the accidental introduction of Rinderpest to the continent by the Italians. Rinderpest has upwards of a 90% mortality rate in uninoculated herds, and can jump species to many of the large animals in Africa. It spread from Eritrea in 1887 to South Africa by 1896, killing almost 90% of the cattle in areas it touched - 5.7 million south of the Zambezi alone. The big problem there was that most of the cultures where it hit were primarily pastoral societies that depended heavily on cattle for food. So with the death of the cattle came famine, killing something like a third of the people in Ethiopia and as much as two-thirds of the Maasai in Tanzania. Cattle grazing also did a good job at keeping grasslands as they were, and with all the cattle gone, the forests and and jungles expanded, providing prime habitat for the infamous Tsetse fly. With a world-ending event like that, it&amp;#39;s perhaps more a surprise that anything survived the colonizing powers at all.&lt;/p&gt;\n&lt;/div&gt;", "stickied": false, "subreddit_type": "public", "can_gild": true, "gildings": {"gid_1": 0, "gid_2": 0, "gid_3": 0}, "author_flair_text_color": null, "score_hidden": false, "permalink": "/r/AskHistorians/comments/an4spj/why_was_africa_so_underdeveloped_before/efr2bpo/", "num_reports": null, "name": "t1_efr2bpo", "created": 1549315662.0, "subreddit": "AskHistorians", "author_flair_text": null, "collapsed": false, "subreddit_name_prefixed": "r/AskHistorians", "ups": 18, "depth": 0, "author_flair_background_color": null, "mod_reports": [], "mod_note": null, "distinguished": null}}], "after": null, "before": null}}]