[{"kind": "Listing", "data": {"modhash": "", "dist": 1, "children": [{"kind": "t3", "data": {"approved_at_utc": null, "subreddit": "AskHistorians", "selftext": "[removed]", "user_reports": [], "saved": false, "mod_reason_title": null, "gilded": 0, "clicked": false, "title": "The far right often use the image of Augustus to push their narrative of \"saving western civilization.\" But does what Augustus did really line up with the narrative of the far right?", "link_flair_richtext": [], "subreddit_name_prefixed": "r/AskHistorians", "hidden": false, "pwls": 6, "link_flair_css_class": null, "downs": 0, "parent_whitelist_status": "all_ads", "hide_score": false, "name": "t3_an51q8", "quarantine": false, "link_flair_text_color": "dark", "upvote_ratio": 1.0, "author_flair_background_color": "", "subreddit_type": "public", "ups": 2, "domain": "self.AskHistorians", "media_embed": {}, "author_flair_template_id": null, "is_original_content": false, "secure_media": null, "is_reddit_media_domain": false, "is_meta": false, "category": null, "secure_media_embed": {}, "link_flair_text": null, "can_mod_post": false, "score": 2, "approved_by": null, "thumbnail": "", "edited": false, "author_flair_css_class": null, "gildings": {"gid_1": 0, "gid_2": 0, "gid_3": 0}, "content_categories": null, "is_self": true, "mod_note": null, "created": 1549307282.0, "link_flair_type": "text", "wls": 6, "banned_by": null, "contest_mode": false, "selftext_html": "&lt;!-- SC_OFF --&gt;&lt;div class=\"md\"&gt;&lt;p&gt;[removed]&lt;/p&gt;\n&lt;/div&gt;&lt;!-- SC_ON --&gt;", "likes": null, "suggested_sort": null, "banned_at_utc": null, "view_count": null, "archived": false, "no_follow": true, "is_crosspostable": false, "pinned": false, "over_18": false, "media": null, "media_only": false, "link_flair_template_id": null, "can_gild": false, "spoiler": false, "locked": false, "author_flair_text": null, "visited": false, "num_reports": null, "distinguished": null, "subreddit_id": "t5_2ssp3", "mod_reason_by": null, "removal_reason": null, "link_flair_background_color": "", "id": "an51q8", "is_robot_indexable": false, "report_reasons": null, "author": "[deleted]", "num_crossposts": 0, "num_comments": 2, "send_replies": false, "author_flair_text_color": "dark", "permalink": "/r/AskHistorians/comments/an51q8/the_far_right_often_use_the_image_of_augustus_to/", "whitelist_status": "all_ads", "stickied": false, "url": "https://www.reddit.com/r/AskHistorians/comments/an51q8/the_far_right_often_use_the_image_of_augustus_to/", "subreddit_subscribers": 921117, "created_utc": 1549307282.0, "mod_reports": [], "is_video": false}}], "after": null, "before": null}}, {"kind": "Listing", "data": {"modhash": "", "dist": null, "children": [{"kind": "t1", "data": {"subreddit_id": "t5_2ssp3", "approved_at_utc": null, "mod_reason_by": null, "banned_by": null, "author_flair_type": "text", "removal_reason": null, "link_id": "t3_an51q8", "author_flair_template_id": null, "likes": null, "no_follow": true, "replies": "", "user_reports": [], "saved": false, "id": "efqr853", "banned_at_utc": null, "mod_reason_title": null, "gilded": 0, "archived": false, "report_reasons": null, "author": "jschooltiger", "can_mod_post": false, "created_utc": 1549307861.0, "send_replies": true, "parent_id": "t3_an51q8", "score": 1, "author_fullname": "t2_96gqp", "approved_by": null, "controversiality": 0, "body": "Sorry, your question was removed for being out of scope here. From our rules: \n\nSubmissions to /r/AskHistorians must be either:\n\n* A **question** about the human past\n* A **meta post** about the state of the subreddit. Anyone may start a meta post, but please [check with the moderators](http://www.reddit.com/message/compose?to=%2Fr%2FAskHistorians) if you aren't sure you're using the label correctly. Short questions (e.g. clarification of moderation policy) that don't require discussion are better sent to the mods directly.\n* An **AMA** (\"Ask Me Anything\") with a historical expert or panel of experts. These should be arranged with the moderators beforehand \u2013 please [message us](http://www.reddit.com/message/compose?to=%2Fr%2FAskHistorians) if you're interested.\n\nThe moderators also post weekly [feature posts](http://www.reddit.com/r/AskHistorians/wiki/features) on a variety of themes.", "edited": false, "author_flair_css_class": "moderator", "is_submitter": false, "downs": 0, "author_flair_richtext": [], "author_patreon_flair": false, "collapsed_reason": null, "body_html": "&lt;div class=\"md\"&gt;&lt;p&gt;Sorry, your question was removed for being out of scope here. From our rules: &lt;/p&gt;\n\n&lt;p&gt;Submissions to &lt;a href=\"/r/AskHistorians\"&gt;/r/AskHistorians&lt;/a&gt; must be either:&lt;/p&gt;\n\n&lt;ul&gt;\n&lt;li&gt;A &lt;strong&gt;question&lt;/strong&gt; about the human past&lt;/li&gt;\n&lt;li&gt;A &lt;strong&gt;meta post&lt;/strong&gt; about the state of the subreddit. Anyone may start a meta post, but please &lt;a href=\"http://www.reddit.com/message/compose?to=%2Fr%2FAskHistorians\"&gt;check with the moderators&lt;/a&gt; if you aren&amp;#39;t sure you&amp;#39;re using the label correctly. Short questions (e.g. clarification of moderation policy) that don&amp;#39;t require discussion are better sent to the mods directly.&lt;/li&gt;\n&lt;li&gt;An &lt;strong&gt;AMA&lt;/strong&gt; (&amp;quot;Ask Me Anything&amp;quot;) with a historical expert or panel of experts. These should be arranged with the moderators beforehand \u2013 please &lt;a href=\"http://www.reddit.com/message/compose?to=%2Fr%2FAskHistorians\"&gt;message us&lt;/a&gt; if you&amp;#39;re interested.&lt;/li&gt;\n&lt;/ul&gt;\n\n&lt;p&gt;The moderators also post weekly &lt;a href=\"http://www.reddit.com/r/AskHistorians/wiki/features\"&gt;feature posts&lt;/a&gt; on a variety of themes.&lt;/p&gt;\n&lt;/div&gt;", "stickied": false, "subreddit_type": "public", "can_gild": true, "gildings": {"gid_1": 0, "gid_2": 0, "gid_3": 0}, "author_flair_text_color": "dark", "score_hidden": false, "permalink": "/r/AskHistorians/comments/an51q8/the_far_right_often_use_the_image_of_augustus_to/efqr853/", "num_reports": null, "name": "t1_efqr853", "created": 1549307861.0, "subreddit": "AskHistorians", "author_flair_text": "Moderator | Shipbuilding and Logistics | British Navy 1770-1830", "collapsed": false, "subreddit_name_prefixed": "r/AskHistorians", "ups": 1, "depth": 0, "author_flair_background_color": "", "mod_reports": [], "mod_note": null, "distinguished": "moderator"}}], "after": null, "before": null}}]