[{"kind": "Listing", "data": {"modhash": "", "dist": 1, "children": [{"kind": "t3", "data": {"approved_at_utc": null, "subreddit": "AskHistorians", "selftext": "", "user_reports": [], "saved": false, "mod_reason_title": null, "gilded": 0, "clicked": false, "title": "Today, Somalia is often invoked, sometimes jokingly, as an example of anarchism. What exactly happened there in 1991? How did it become a \"stateless\" society?", "link_flair_richtext": [], "subreddit_name_prefixed": "r/AskHistorians", "hidden": false, "pwls": 6, "link_flair_css_class": null, "downs": 0, "parent_whitelist_status": "all_ads", "hide_score": false, "name": "t3_a21wmk", "quarantine": false, "link_flair_text_color": "dark", "upvote_ratio": 0.98, "author_flair_background_color": "", "subreddit_type": "public", "ups": 161, "domain": "self.AskHistorians", "media_embed": {}, "author_flair_template_id": null, "is_original_content": false, "author_fullname": "t2_eunbc", "secure_media": null, "is_reddit_media_domain": false, "is_meta": false, "category": null, "secure_media_embed": {}, "link_flair_text": null, "can_mod_post": false, "score": 161, "approved_by": null, "thumbnail": "", "edited": false, "author_flair_css_class": "Other", "author_flair_richtext": [], "gildings": {"gid_1": 0, "gid_2": 0, "gid_3": 0}, "content_categories": null, "is_self": true, "mod_note": null, "created": 1543687554.0, "link_flair_type": "text", "wls": 6, "banned_by": null, "author_flair_type": "text", "contest_mode": false, "selftext_html": null, "likes": null, "suggested_sort": null, "banned_at_utc": null, "view_count": null, "archived": false, "no_follow": false, "is_crosspostable": false, "pinned": false, "over_18": false, "media": null, "media_only": false, "link_flair_template_id": null, "can_gild": false, "spoiler": false, "locked": false, "author_flair_text": "Modern Economic History", "visited": false, "num_reports": null, "distinguished": null, "subreddit_id": "t5_2ssp3", "mod_reason_by": null, "removal_reason": null, "link_flair_background_color": "", "id": "a21wmk", "is_robot_indexable": true, "report_reasons": null, "author": "Shashank1000", "num_crossposts": 0, "num_comments": 2, "send_replies": true, "author_patreon_flair": false, "author_flair_text_color": "dark", "permalink": "/r/AskHistorians/comments/a21wmk/today_somalia_is_often_invoked_sometimes_jokingly/", "whitelist_status": "all_ads", "stickied": false, "url": "https://www.reddit.com/r/AskHistorians/comments/a21wmk/today_somalia_is_often_invoked_sometimes_jokingly/", "subreddit_subscribers": 884507, "created_utc": 1543658754.0, "mod_reports": [], "is_video": false}}], "after": null, "before": null}}, {"kind": "Listing", "data": {"modhash": "", "dist": null, "children": [], "after": null, "before": null}}]