[{"kind": "Listing", "data": {"modhash": "", "dist": 1, "children": [{"kind": "t3", "data": {"approved_at_utc": null, "subreddit": "AskHistorians", "selftext": "", "user_reports": [], "saved": false, "mod_reason_title": null, "gilded": 0, "clicked": false, "title": "What was slavery like in ancient rome and to a lesser extent, the rest of the world at the time?", "link_flair_richtext": [], "subreddit_name_prefixed": "r/AskHistorians", "hidden": false, "pwls": 6, "link_flair_css_class": null, "downs": 0, "parent_whitelist_status": "all_ads", "hide_score": false, "name": "t3_a25zk2", "quarantine": false, "link_flair_text_color": "dark", "upvote_ratio": 0.69, "author_flair_background_color": null, "subreddit_type": "public", "ups": 6, "domain": "self.AskHistorians", "media_embed": {}, "author_flair_template_id": null, "is_original_content": false, "author_fullname": "t2_pvtixgm", "secure_media": null, "is_reddit_media_domain": false, "is_meta": false, "category": null, "secure_media_embed": {}, "link_flair_text": null, "can_mod_post": false, "score": 6, "approved_by": null, "thumbnail": "", "edited": false, "author_flair_css_class": null, "author_flair_richtext": [], "gildings": {"gid_1": 0, "gid_2": 0, "gid_3": 0}, "content_categories": null, "is_self": true, "mod_note": null, "created": 1543721452.0, "link_flair_type": "text", "wls": 6, "banned_by": null, "author_flair_type": "text", "contest_mode": false, "selftext_html": null, "likes": null, "suggested_sort": null, "banned_at_utc": null, "view_count": null, "archived": false, "no_follow": false, "is_crosspostable": false, "pinned": false, "over_18": false, "media": null, "media_only": false, "link_flair_template_id": null, "can_gild": false, "spoiler": false, "locked": false, "author_flair_text": null, "visited": false, "num_reports": null, "distinguished": null, "subreddit_id": "t5_2ssp3", "mod_reason_by": null, "removal_reason": null, "link_flair_background_color": "", "id": "a25zk2", "is_robot_indexable": true, "report_reasons": null, "author": "theresallwaysthatone", "num_crossposts": 0, "num_comments": 3, "send_replies": true, "author_patreon_flair": false, "author_flair_text_color": null, "permalink": "/r/AskHistorians/comments/a25zk2/what_was_slavery_like_in_ancient_rome_and_to_a/", "whitelist_status": "all_ads", "stickied": false, "url": "https://www.reddit.com/r/AskHistorians/comments/a25zk2/what_was_slavery_like_in_ancient_rome_and_to_a/", "subreddit_subscribers": 884508, "created_utc": 1543692652.0, "mod_reports": [], "is_video": false}}], "after": null, "before": null}}, {"kind": "Listing", "data": {"modhash": "", "dist": null, "children": [{"kind": "t1", "data": {"subreddit_id": "t5_2ssp3", "approved_at_utc": null, "ups": 3, "mod_reason_by": null, "banned_by": null, "author_flair_type": "text", "removal_reason": null, "link_id": "t3_a25zk2", "author_flair_template_id": null, "likes": null, "no_follow": false, "replies": {"kind": "Listing", "data": {"modhash": "", "dist": null, "children": [{"kind": "t1", "data": {"subreddit_id": "t5_2ssp3", "approved_at_utc": null, "ups": 3, "mod_reason_by": null, "banned_by": null, "author_flair_type": "text", "removal_reason": null, "link_id": "t3_a25zk2", "author_flair_template_id": null, "likes": null, "no_follow": true, "replies": "", "user_reports": [], "saved": false, "id": "eawlpt3", "banned_at_utc": null, "mod_reason_title": null, "gilded": 0, "archived": false, "report_reasons": null, "author": "theresallwaysthatone", "can_mod_post": false, "send_replies": true, "parent_id": "t1_eavr35a", "score": 3, "author_fullname": "t2_pvtixgm", "approved_by": null, "downs": 0, "body": "Thanks!", "edited": false, "author_flair_css_class": null, "is_submitter": true, "collapsed": false, "author_flair_richtext": [], "author_patreon_flair": false, "collapsed_reason": null, "body_html": "&lt;div class=\"md\"&gt;&lt;p&gt;Thanks!&lt;/p&gt;\n&lt;/div&gt;", "stickied": false, "subreddit_type": "public", "can_gild": true, "gildings": {"gid_1": 0, "gid_2": 0, "gid_3": 0}, "author_flair_text_color": null, "score_hidden": false, "permalink": "/r/AskHistorians/comments/a25zk2/what_was_slavery_like_in_ancient_rome_and_to_a/eawlpt3/", "num_reports": null, "name": "t1_eawlpt3", "created": 1543758964.0, "subreddit": "AskHistorians", "author_flair_text": null, "created_utc": 1543730164.0, "subreddit_name_prefixed": "r/AskHistorians", "controversiality": 0, "depth": 1, "author_flair_background_color": null, "mod_reports": [], "mod_note": null, "distinguished": null}}], "after": null, "before": null}}, "user_reports": [], "saved": false, "id": "eavr35a", "banned_at_utc": null, "mod_reason_title": null, "gilded": 0, "archived": false, "report_reasons": null, "author": "silverappleyard", "can_mod_post": false, "send_replies": true, "parent_id": "t3_a25zk2", "score": 3, "author_fullname": "t2_xxrjn", "approved_by": null, "downs": 0, "body": "Not to discourage further discussion, but there is a [section of the FAQ on Roman slavery](https://www.reddit.com/r/AskHistorians/wiki/antiquity#wiki_slavery) with answers from  /u/Celebreth and /u/XenophontheAthenian. ", "edited": false, "author_flair_css_class": "qualitycontributor", "is_submitter": false, "collapsed": false, "author_flair_richtext": [], "author_patreon_flair": false, "collapsed_reason": null, "body_html": "&lt;div class=\"md\"&gt;&lt;p&gt;Not to discourage further discussion, but there is a &lt;a href=\"https://www.reddit.com/r/AskHistorians/wiki/antiquity#wiki_slavery\"&gt;section of the FAQ on Roman slavery&lt;/a&gt; with answers from  &lt;a href=\"/u/Celebreth\"&gt;/u/Celebreth&lt;/a&gt; and &lt;a href=\"/u/XenophontheAthenian\"&gt;/u/XenophontheAthenian&lt;/a&gt;. &lt;/p&gt;\n&lt;/div&gt;", "stickied": false, "subreddit_type": "public", "can_gild": true, "gildings": {"gid_1": 0, "gid_2": 0, "gid_3": 0}, "author_flair_text_color": "dark", "score_hidden": false, "permalink": "/r/AskHistorians/comments/a25zk2/what_was_slavery_like_in_ancient_rome_and_to_a/eavr35a/", "num_reports": null, "name": "t1_eavr35a", "created": 1543731487.0, "subreddit": "AskHistorians", "author_flair_text": "FAQ Finder", "created_utc": 1543702687.0, "subreddit_name_prefixed": "r/AskHistorians", "controversiality": 0, "depth": 0, "author_flair_background_color": "", "mod_reports": [], "mod_note": null, "distinguished": null}}], "after": null, "before": null}}]