[{"kind": "Listing", "data": {"modhash": "", "dist": 1, "children": [{"kind": "t3", "data": {"subreddit_id": "t5_2ssp3", "approved_at_utc": null, "send_replies": true, "mod_reason_by": null, "banned_by": null, "removal_reason": null, "wls": 6, "subreddit": "AskHistorians", "selftext_html": "&lt;!-- SC_OFF --&gt;&lt;div class=\"md\"&gt;&lt;p&gt;Are there common explanations of music&amp;#39;s spiritual effect?&lt;/p&gt;\n&lt;/div&gt;&lt;!-- SC_ON --&gt;", "author_flair_template_id": null, "selftext": "Are there common explanations of music's spiritual effect?", "likes": null, "suggested_sort": null, "mod_note": null, "user_reports": [], "secure_media": null, "is_reddit_media_domain": false, "saved": false, "id": "5x1xqx", "banned_at_utc": null, "mod_reason_title": null, "view_count": null, "archived": true, "clicked": false, "no_follow": false, "author": "TrigThaTaco", "num_crossposts": 0, "link_flair_text": "Music", "can_mod_post": false, "is_crosspostable": false, "pinned": false, "score": 5, "approved_by": null, "over_18": false, "domain": "self.AskHistorians", "hidden": false, "pwls": 6, "thumbnail": "", "hide_score": false, "edited": false, "link_flair_css_class": "theme", "media_only": false, "author_flair_css_class": null, "contest_mode": false, "gilded": 0, "title": "Why was music so important to medieval Christianity?", "downs": 0, "secure_media_embed": {}, "media_embed": {}, "author_flair_text": null, "stickied": false, "can_gild": false, "is_self": true, "parent_whitelist_status": "all_ads", "name": "t3_5x1xqx", "spoiler": false, "permalink": "/r/AskHistorians/comments/5x1xqx/why_was_music_so_important_to_medieval/", "subreddit_type": "public", "locked": false, "report_reasons": null, "created": 1488468858.0, "url": "https://www.reddit.com/r/AskHistorians/comments/5x1xqx/why_was_music_so_important_to_medieval/", "whitelist_status": "all_ads", "quarantine": false, "subreddit_subscribers": 759187, "created_utc": 1488440058.0, "subreddit_name_prefixed": "r/AskHistorians", "distinguished": null, "media": null, "num_comments": 2, "upvote_ratio": 0.86, "mod_reports": [], "visited": false, "num_reports": null, "is_video": false, "ups": 5, "post_categories": null}}], "after": null, "before": null}}, {"kind": "Listing", "data": {"modhash": "", "dist": null, "children": [{"kind": "t1", "data": {"subreddit_id": "t5_2ssp3", "approved_at_utc": null, "ups": 2, "mod_reason_by": null, "banned_by": null, "removal_reason": null, "link_id": "t3_5x1xqx", "author_flair_template_id": null, "likes": null, "no_follow": true, "replies": "", "user_reports": [], "saved": false, "id": "dehgj83", "banned_at_utc": null, "mod_reason_title": null, "gilded": 0, "archived": true, "report_reasons": null, "author": "casestudyhouse22", "can_mod_post": false, "send_replies": true, "parent_id": "t3_5x1xqx", "score": 2, "approved_by": null, "downs": 0, "body": "As you probably know, it was not just medieval Christianity that used music for spiritual purposes. As far as we know, music and mysticism have been tied since the beginning of time. But attitudes about what kind of music was acceptable in the church have gone through lots of changes throughout history, and sometimes the specifics are very intriguing. \n\nTo answer your question, medieval Christianity is such a broad category that I'd ask you to narrow it down if you can. But generally, medieval Catholicism saw church services for each of the canonical hours, as laid out by St. Benedict in his Rule. Liturgy and monastic lifestyles are not my specific specialty, but if you can imagine attending 8 church services a day (some long, others only 15 minutes or so) and singing in each, going through the entire Psalter (150 Psalms) each week--that was the life! \n\nThere are a few reasons why singing is thought to have been so important to liturgical ritual. (There are probably a lot more than I'm going to discuss here, and maybe others will mention them.) One is projection: chanting allowed the words to be easily heard and communicated. One is memory: monks memorized chants instead of reading them as we usually do today (notated music was usually made either to preserve chants or as a memory device, not for sight-reading) and musical settings made words easier to remember. We know today from brain studies that music can connect areas of the brain in unique and holistic ways, and music is now often used in language therapy and to treat memory loss.  \n\nAnd then there's the big one (in my opinion the most interesting): spiritual trance.\n\nSinging with others can induce a trance state and medieval chant was specifically intended to carry the participant into an altered state of mind. Additionally, unmetered chant (having no conductor or necessary leader) operates on the hivemind in which the singers all decide in the moment together how long each not will last and when to move to the next one--they must be very tuned in to one another's sensations and breathing in order to accomplish this together, and it works by subtle instinct. The life of a pious person should be \"penetrated by prayer,\" and people could get high from singing prayers together (still can) in a way that was more profound and connected than speaking them together, or praying silently. \n\nWhile much of this music today is performed for an audience instead of sung together for its own sake, the only way to experience it as it was intended is to sing it yourself, usually with others. If you can imagine being in a resonant stone chapel and feeling the vibrations and ringing overtones of the humanity around you, and meditating on that in-the-moment experience as it flows through you, that gives you an idea. maybe something like this:https://youtu.be/aySwfcRaOZM\nor this:https://youtu.be/zUMlhtoGTzY?t=50m32s\nor a more modern version of a similar concept: https://youtu.be/Wa8cGHlJzqE\n \nIf you have the chance to do it--DO IT. And then you will experience it for yourself.", "edited": 1488615759.0, "author_flair_css_class": null, "collapsed": false, "is_submitter": false, "collapsed_reason": null, "body_html": "&lt;div class=\"md\"&gt;&lt;p&gt;As you probably know, it was not just medieval Christianity that used music for spiritual purposes. As far as we know, music and mysticism have been tied since the beginning of time. But attitudes about what kind of music was acceptable in the church have gone through lots of changes throughout history, and sometimes the specifics are very intriguing. &lt;/p&gt;\n\n&lt;p&gt;To answer your question, medieval Christianity is such a broad category that I&amp;#39;d ask you to narrow it down if you can. But generally, medieval Catholicism saw church services for each of the canonical hours, as laid out by St. Benedict in his Rule. Liturgy and monastic lifestyles are not my specific specialty, but if you can imagine attending 8 church services a day (some long, others only 15 minutes or so) and singing in each, going through the entire Psalter (150 Psalms) each week--that was the life! &lt;/p&gt;\n\n&lt;p&gt;There are a few reasons why singing is thought to have been so important to liturgical ritual. (There are probably a lot more than I&amp;#39;m going to discuss here, and maybe others will mention them.) One is projection: chanting allowed the words to be easily heard and communicated. One is memory: monks memorized chants instead of reading them as we usually do today (notated music was usually made either to preserve chants or as a memory device, not for sight-reading) and musical settings made words easier to remember. We know today from brain studies that music can connect areas of the brain in unique and holistic ways, and music is now often used in language therapy and to treat memory loss.  &lt;/p&gt;\n\n&lt;p&gt;And then there&amp;#39;s the big one (in my opinion the most interesting): spiritual trance.&lt;/p&gt;\n\n&lt;p&gt;Singing with others can induce a trance state and medieval chant was specifically intended to carry the participant into an altered state of mind. Additionally, unmetered chant (having no conductor or necessary leader) operates on the hivemind in which the singers all decide in the moment together how long each not will last and when to move to the next one--they must be very tuned in to one another&amp;#39;s sensations and breathing in order to accomplish this together, and it works by subtle instinct. The life of a pious person should be &amp;quot;penetrated by prayer,&amp;quot; and people could get high from singing prayers together (still can) in a way that was more profound and connected than speaking them together, or praying silently. &lt;/p&gt;\n\n&lt;p&gt;While much of this music today is performed for an audience instead of sung together for its own sake, the only way to experience it as it was intended is to sing it yourself, usually with others. If you can imagine being in a resonant stone chapel and feeling the vibrations and ringing overtones of the humanity around you, and meditating on that in-the-moment experience as it flows through you, that gives you an idea. maybe something like this:&lt;a href=\"https://youtu.be/aySwfcRaOZM\"&gt;https://youtu.be/aySwfcRaOZM&lt;/a&gt;\nor this:&lt;a href=\"https://youtu.be/zUMlhtoGTzY?t=50m32s\"&gt;https://youtu.be/zUMlhtoGTzY?t=50m32s&lt;/a&gt;\nor a more modern version of a similar concept: &lt;a href=\"https://youtu.be/Wa8cGHlJzqE\"&gt;https://youtu.be/Wa8cGHlJzqE&lt;/a&gt;&lt;/p&gt;\n\n&lt;p&gt;If you have the chance to do it--DO IT. And then you will experience it for yourself.&lt;/p&gt;\n&lt;/div&gt;", "subreddit_type": "public", "can_gild": true, "subreddit": "AskHistorians", "name": "t1_dehgj83", "score_hidden": false, "permalink": "/r/AskHistorians/comments/5x1xqx/why_was_music_so_important_to_medieval/dehgj83/", "num_reports": null, "stickied": false, "created": 1488621965.0, "author_flair_text": null, "created_utc": 1488593165.0, "subreddit_name_prefixed": "r/AskHistorians", "controversiality": 0, "depth": 0, "mod_reports": [], "mod_note": null, "distinguished": null}}], "after": null, "before": null}}]