[{"kind": "Listing", "data": {"modhash": "", "dist": 1, "children": [{"kind": "t3", "data": {"subreddit_id": "t5_2ssp3", "approved_at_utc": null, "send_replies": true, "mod_reason_by": null, "banned_by": null, "removal_reason": null, "wls": 6, "subreddit": "AskHistorians", "selftext_html": "&lt;!-- SC_OFF --&gt;&lt;div class=\"md\"&gt;&lt;p&gt;The Salem Witch trials are infamous throughout the western world, but it certainly wasn&amp;#39;t the only case of &amp;quot;witch hunting&amp;quot;. &lt;/p&gt;\n\n&lt;p&gt;Were the Salem Witch trials the bloodiest or the most brutal? Or does another similar event hold that title? I know of quite a few Witch trials that occurred in England that were well documented, but I can&amp;#39;t seem to find a good source comparing various trials. &lt;/p&gt;\n&lt;/div&gt;&lt;!-- SC_ON --&gt;", "author_flair_template_id": null, "selftext": "The Salem Witch trials are infamous throughout the western world, but it certainly wasn't the only case of \"witch hunting\". \n\nWere the Salem Witch trials the bloodiest or the most brutal? Or does another similar event hold that title? I know of quite a few Witch trials that occurred in England that were well documented, but I can't seem to find a good source comparing various trials. ", "likes": null, "suggested_sort": null, "mod_note": null, "user_reports": [], "secure_media": null, "is_reddit_media_domain": false, "saved": false, "id": "5x3hia", "banned_at_utc": null, "mod_reason_title": null, "view_count": null, "archived": true, "clicked": false, "no_follow": true, "author": "foxjolras", "num_crossposts": 0, "link_flair_text": null, "can_mod_post": false, "is_crosspostable": false, "pinned": false, "score": 5, "approved_by": null, "over_18": false, "domain": "self.AskHistorians", "hidden": false, "pwls": 6, "thumbnail": "", "hide_score": false, "edited": false, "link_flair_css_class": null, "media_only": false, "author_flair_css_class": null, "contest_mode": false, "gilded": 0, "title": "Which Witch Trial resulted in the most deaths?", "downs": 0, "secure_media_embed": {}, "media_embed": {}, "author_flair_text": null, "stickied": false, "can_gild": false, "is_self": true, "parent_whitelist_status": "all_ads", "name": "t3_5x3hia", "spoiler": false, "permalink": "/r/AskHistorians/comments/5x3hia/which_witch_trial_resulted_in_the_most_deaths/", "subreddit_type": "public", "locked": false, "report_reasons": null, "created": 1488493699.0, "url": "https://www.reddit.com/r/AskHistorians/comments/5x3hia/which_witch_trial_resulted_in_the_most_deaths/", "whitelist_status": "all_ads", "quarantine": false, "subreddit_subscribers": 759187, "created_utc": 1488464899.0, "subreddit_name_prefixed": "r/AskHistorians", "distinguished": null, "media": null, "num_comments": 4, "upvote_ratio": 0.65, "mod_reports": [], "visited": false, "num_reports": null, "is_video": false, "ups": 5, "post_categories": null}}], "after": null, "before": null}}, {"kind": "Listing", "data": {"modhash": "", "dist": null, "children": [{"kind": "t1", "data": {"subreddit_id": "t5_2ssp3", "approved_at_utc": null, "ups": 5, "mod_reason_by": null, "banned_by": null, "removal_reason": null, "link_id": "t3_5x3hia", "author_flair_template_id": null, "likes": null, "no_follow": true, "replies": {"kind": "Listing", "data": {"modhash": "", "dist": null, "children": [{"kind": "t1", "data": {"subreddit_id": "t5_2ssp3", "approved_at_utc": null, "ups": 2, "mod_reason_by": null, "banned_by": null, "removal_reason": null, "link_id": "t3_5x3hia", "author_flair_template_id": null, "likes": null, "no_follow": true, "replies": {"kind": "Listing", "data": {"modhash": "", "dist": null, "children": [{"kind": "t1", "data": {"subreddit_id": "t5_2ssp3", "approved_at_utc": null, "ups": 2, "mod_reason_by": null, "banned_by": null, "removal_reason": null, "link_id": "t3_5x3hia", "author_flair_template_id": null, "likes": null, "no_follow": true, "replies": {"kind": "Listing", "data": {"modhash": "", "dist": null, "children": [{"kind": "t1", "data": {"subreddit_id": "t5_2ssp3", "approved_at_utc": null, "ups": 1, "mod_reason_by": null, "banned_by": null, "removal_reason": null, "link_id": "t3_5x3hia", "author_flair_template_id": null, "likes": null, "no_follow": true, "replies": "", "user_reports": [], "saved": false, "id": "dega9nx", "banned_at_utc": null, "mod_reason_title": null, "gilded": 0, "archived": true, "report_reasons": null, "author": "Noratek", "can_mod_post": false, "send_replies": true, "parent_id": "t1_deftmsf", "score": 1, "approved_by": null, "downs": 0, "body": "Sorry, I should have written if wrongly accused in the eyes of the judge and/or church. I don't believe in witches.\n\nThank you very much!", "edited": false, "author_flair_css_class": null, "collapsed": false, "is_submitter": false, "collapsed_reason": null, "body_html": "&lt;div class=\"md\"&gt;&lt;p&gt;Sorry, I should have written if wrongly accused in the eyes of the judge and/or church. I don&amp;#39;t believe in witches.&lt;/p&gt;\n\n&lt;p&gt;Thank you very much!&lt;/p&gt;\n&lt;/div&gt;", "subreddit_type": "public", "can_gild": true, "subreddit": "AskHistorians", "name": "t1_dega9nx", "score_hidden": false, "permalink": "/r/AskHistorians/comments/5x3hia/which_witch_trial_resulted_in_the_most_deaths/dega9nx/", "num_reports": null, "stickied": false, "created": 1488559063.0, "author_flair_text": null, "created_utc": 1488530263.0, "subreddit_name_prefixed": "r/AskHistorians", "controversiality": 0, "depth": 3, "mod_reports": [], "mod_note": null, "distinguished": null}}], "after": null, "before": null}}, "user_reports": [], "saved": false, "id": "deftmsf", "banned_at_utc": null, "mod_reason_title": null, "gilded": 0, "archived": true, "report_reasons": null, "author": "Dire88", "can_mod_post": false, "send_replies": true, "parent_id": "t1_def51dq", "score": 2, "approved_by": null, "downs": 0, "body": "As for Europe, I couldn't say. I haven't studied it very much (though the Cornell link above may give some insight).  \n  \nAs for Salem, what generally happens is that an accusation is made, which leads to an investigation. Statements from the accuser and anyone who may have information is taken, a warrant is issued for the accused to present themselves (or be taken into custody) for an examination.  \n  \nThis would be a testimony, physical examination for witch marks, and if sufficient evidence was found they would be imprisoned until a trail took place.  \n  \nTechnically the reward would be doing the Lord's work and protecting your community. But in reality, at least for Salem, there are a number of cases where the judges (Hathorne, for certain), the sheriff (George Corwin, for certain), and in some cases the accusers financially benefiting from an arrest/trial/execution.  \n  \nHathorne, who was the great-grandfather of Nathaniel Hawthorne, came into possession of property which had belonged to some of the executed. This is one of the reasons Hawthorne was so torn with his family legacy.  \n  \nGeorge Corwin, who was the High Sheriff of Essex County and  was in charge of carrying out executions and warrants. In the case of Phillip and Mary English, after they fled to New York large portions of their property were confiscated. His large flock of cattle, for example, were slaughtered, salted, and sold to the Caribbean - with the profits going to Corwin, even though he was legally obligated to turn all confiscated property over to the court. But when you brother is the head judge presiding over the Trials...not all that surprising.  \n  \nGenerally punishments lay only with the person accused, though often (such as in the case of the English's) suspicion would spread to other members of the family, neighbors, or friends of the accused.  \n  \nFalse accusations - which is must be stressed they all actually were, even if Christians believed in witches at the time - didn't carry much in the way of a legal punishment, but having the accused bring charges would be a possibility (though I don't know of any cases of this offhand).  \n  \nAll the executions were from hanging, with the only exception being Giles Corey who was pressed to death in an attempt to force him to enter a plea. Corey is interesting in that his refusal to enter a plea meant he couldn't be convicted. With a conviction all property would pass to the Court after execution, instead all of his property went to his heirs.   \n  \nDespite that, others did die during the trials without being convicted of witchcraft, mostly in prison while awaiting trial.  \n  \nAs an aside, many people still have this idea that some people were burned at the stake for witchcraft in Salem. It simply didn't happen. There are only 2 known cases of people being burned to death in Massachusetts. The first in 1681, the second in 1755. In both cases they were female slaves executed for attempting to kill their masters. The male slaves who were complicit in both cases were hanged. ", "edited": false, "author_flair_css_class": null, "collapsed": false, "is_submitter": false, "collapsed_reason": null, "body_html": "&lt;div class=\"md\"&gt;&lt;p&gt;As for Europe, I couldn&amp;#39;t say. I haven&amp;#39;t studied it very much (though the Cornell link above may give some insight).  &lt;/p&gt;\n\n&lt;p&gt;As for Salem, what generally happens is that an accusation is made, which leads to an investigation. Statements from the accuser and anyone who may have information is taken, a warrant is issued for the accused to present themselves (or be taken into custody) for an examination.  &lt;/p&gt;\n\n&lt;p&gt;This would be a testimony, physical examination for witch marks, and if sufficient evidence was found they would be imprisoned until a trail took place.  &lt;/p&gt;\n\n&lt;p&gt;Technically the reward would be doing the Lord&amp;#39;s work and protecting your community. But in reality, at least for Salem, there are a number of cases where the judges (Hathorne, for certain), the sheriff (George Corwin, for certain), and in some cases the accusers financially benefiting from an arrest/trial/execution.  &lt;/p&gt;\n\n&lt;p&gt;Hathorne, who was the great-grandfather of Nathaniel Hawthorne, came into possession of property which had belonged to some of the executed. This is one of the reasons Hawthorne was so torn with his family legacy.  &lt;/p&gt;\n\n&lt;p&gt;George Corwin, who was the High Sheriff of Essex County and  was in charge of carrying out executions and warrants. In the case of Phillip and Mary English, after they fled to New York large portions of their property were confiscated. His large flock of cattle, for example, were slaughtered, salted, and sold to the Caribbean - with the profits going to Corwin, even though he was legally obligated to turn all confiscated property over to the court. But when you brother is the head judge presiding over the Trials...not all that surprising.  &lt;/p&gt;\n\n&lt;p&gt;Generally punishments lay only with the person accused, though often (such as in the case of the English&amp;#39;s) suspicion would spread to other members of the family, neighbors, or friends of the accused.  &lt;/p&gt;\n\n&lt;p&gt;False accusations - which is must be stressed they all actually were, even if Christians believed in witches at the time - didn&amp;#39;t carry much in the way of a legal punishment, but having the accused bring charges would be a possibility (though I don&amp;#39;t know of any cases of this offhand).  &lt;/p&gt;\n\n&lt;p&gt;All the executions were from hanging, with the only exception being Giles Corey who was pressed to death in an attempt to force him to enter a plea. Corey is interesting in that his refusal to enter a plea meant he couldn&amp;#39;t be convicted. With a conviction all property would pass to the Court after execution, instead all of his property went to his heirs.   &lt;/p&gt;\n\n&lt;p&gt;Despite that, others did die during the trials without being convicted of witchcraft, mostly in prison while awaiting trial.  &lt;/p&gt;\n\n&lt;p&gt;As an aside, many people still have this idea that some people were burned at the stake for witchcraft in Salem. It simply didn&amp;#39;t happen. There are only 2 known cases of people being burned to death in Massachusetts. The first in 1681, the second in 1755. In both cases they were female slaves executed for attempting to kill their masters. The male slaves who were complicit in both cases were hanged. &lt;/p&gt;\n&lt;/div&gt;", "subreddit_type": "public", "can_gild": true, "subreddit": "AskHistorians", "name": "t1_deftmsf", "score_hidden": false, "permalink": "/r/AskHistorians/comments/5x3hia/which_witch_trial_resulted_in_the_most_deaths/deftmsf/", "num_reports": null, "stickied": false, "created": 1488531448.0, "author_flair_text": null, "created_utc": 1488502648.0, "subreddit_name_prefixed": "r/AskHistorians", "controversiality": 0, "depth": 2, "mod_reports": [], "mod_note": null, "distinguished": null}}], "after": null, "before": null}}, "user_reports": [], "saved": false, "id": "def51dq", "banned_at_utc": null, "mod_reason_title": null, "gilded": 0, "archived": true, "report_reasons": null, "author": "Noratek", "can_mod_post": false, "send_replies": true, "parent_id": "t1_def2gc7", "score": 2, "approved_by": null, "downs": 0, "body": "Follow up question if you have the time: I'm a farmer during the trials of Salem or the European hunts. Out of jealousy I accuse my neighbors daughter of witchcraft because my grain wilted on the field and I pretend to have seen some ritual like, I don't know, beheading a chicken and drawing a circle of blood with it or something.\n\nHow likely is it that this leads to an investigation, trial and punishment?\nDo I get a reward if convicted? The land or something? Would the whole family be punished?\nIf falsely accused is the verdict - am I punished?", "edited": false, "author_flair_css_class": null, "collapsed": false, "is_submitter": false, "collapsed_reason": null, "body_html": "&lt;div class=\"md\"&gt;&lt;p&gt;Follow up question if you have the time: I&amp;#39;m a farmer during the trials of Salem or the European hunts. Out of jealousy I accuse my neighbors daughter of witchcraft because my grain wilted on the field and I pretend to have seen some ritual like, I don&amp;#39;t know, beheading a chicken and drawing a circle of blood with it or something.&lt;/p&gt;\n\n&lt;p&gt;How likely is it that this leads to an investigation, trial and punishment?\nDo I get a reward if convicted? The land or something? Would the whole family be punished?\nIf falsely accused is the verdict - am I punished?&lt;/p&gt;\n&lt;/div&gt;", "subreddit_type": "public", "can_gild": true, "subreddit": "AskHistorians", "name": "t1_def51dq", "score_hidden": false, "permalink": "/r/AskHistorians/comments/5x3hia/which_witch_trial_resulted_in_the_most_deaths/def51dq/", "num_reports": null, "stickied": false, "created": 1488504191.0, "author_flair_text": null, "created_utc": 1488475391.0, "subreddit_name_prefixed": "r/AskHistorians", "controversiality": 0, "depth": 1, "mod_reports": [], "mod_note": null, "distinguished": null}}], "after": null, "before": null}}, "user_reports": [], "saved": false, "id": "def2gc7", "banned_at_utc": null, "mod_reason_title": null, "gilded": 0, "archived": true, "report_reasons": null, "author": "Dire88", "can_mod_post": false, "send_replies": true, "parent_id": "t3_5x3hia", "score": 5, "approved_by": null, "downs": 0, "body": "In what would become the United States, the Salem Trials were the most deadly over a short period of time. The same number were killed in 9 months that were killed in colonial America in the 50 years preceding the Trials; when you then look at accusations that didn't go to trial (upwards of 150 during the same 9 month period) Salem becomes a perfect example of a society in complete social collapse.  \n  \nAs far as bloodiest, Salem is nowhere close. The European witch hunts claimed the lives of tens of thousands of people, with a large majority living in what is today Germany and France. Gutenberg's movable type, popularized in the 1440s, saw an explosion of popular literature on witchcraft, demons, and Satan's influence on everyday life brought to the public in a readable manner - and the Vatican encouraged early inquisitions into charges of witchcraft.  \n  \nAs crops continued to fail, the Holy Roman Empire sought to reestablish dominance, and religious tension brought on by the Reformation increased; accusations brought on hysteria which brought on more accusations. In some of the most notable cases, such as Wuerzberg and Trier this resulted in hundreds of people being executed int he span of a few years. These executions varied, some ending in torture, other in hangings, and others still beheadings or burnings. (The idea of witches being burned at the stake comes from its usage in the German and Swiss executions).  \n  \n[Cornell](http://ebooks.library.cornell.edu/w/witch/) maintains an online database on Witchcraft that is worth looking at if you're interested in the topic.", "edited": false, "author_flair_css_class": null, "collapsed": false, "is_submitter": false, "collapsed_reason": null, "body_html": "&lt;div class=\"md\"&gt;&lt;p&gt;In what would become the United States, the Salem Trials were the most deadly over a short period of time. The same number were killed in 9 months that were killed in colonial America in the 50 years preceding the Trials; when you then look at accusations that didn&amp;#39;t go to trial (upwards of 150 during the same 9 month period) Salem becomes a perfect example of a society in complete social collapse.  &lt;/p&gt;\n\n&lt;p&gt;As far as bloodiest, Salem is nowhere close. The European witch hunts claimed the lives of tens of thousands of people, with a large majority living in what is today Germany and France. Gutenberg&amp;#39;s movable type, popularized in the 1440s, saw an explosion of popular literature on witchcraft, demons, and Satan&amp;#39;s influence on everyday life brought to the public in a readable manner - and the Vatican encouraged early inquisitions into charges of witchcraft.  &lt;/p&gt;\n\n&lt;p&gt;As crops continued to fail, the Holy Roman Empire sought to reestablish dominance, and religious tension brought on by the Reformation increased; accusations brought on hysteria which brought on more accusations. In some of the most notable cases, such as Wuerzberg and Trier this resulted in hundreds of people being executed int he span of a few years. These executions varied, some ending in torture, other in hangings, and others still beheadings or burnings. (The idea of witches being burned at the stake comes from its usage in the German and Swiss executions).  &lt;/p&gt;\n\n&lt;p&gt;&lt;a href=\"http://ebooks.library.cornell.edu/w/witch/\"&gt;Cornell&lt;/a&gt; maintains an online database on Witchcraft that is worth looking at if you&amp;#39;re interested in the topic.&lt;/p&gt;\n&lt;/div&gt;", "subreddit_type": "public", "can_gild": true, "subreddit": "AskHistorians", "name": "t1_def2gc7", "score_hidden": false, "permalink": "/r/AskHistorians/comments/5x3hia/which_witch_trial_resulted_in_the_most_deaths/def2gc7/", "num_reports": null, "stickied": false, "created": 1488501374.0, "author_flair_text": null, "created_utc": 1488472574.0, "subreddit_name_prefixed": "r/AskHistorians", "controversiality": 0, "depth": 0, "mod_reports": [], "mod_note": null, "distinguished": null}}], "after": null, "before": null}}]