[{"kind": "Listing", "data": {"modhash": "", "dist": 1, "children": [{"kind": "t3", "data": {"subreddit_id": "t5_2ssp3", "approved_at_utc": null, "send_replies": true, "mod_reason_by": null, "banned_by": null, "removal_reason": null, "wls": 6, "subreddit": "AskHistorians", "selftext_html": null, "author_flair_template_id": null, "selftext": "", "likes": null, "suggested_sort": null, "mod_note": null, "user_reports": [], "secure_media": null, "is_reddit_media_domain": false, "saved": false, "id": "5x3x5w", "banned_at_utc": null, "mod_reason_title": null, "view_count": null, "archived": true, "clicked": false, "no_follow": false, "author": "[deleted]", "num_crossposts": 0, "link_flair_text": null, "can_mod_post": false, "is_crosspostable": false, "pinned": false, "score": 32, "approved_by": null, "over_18": false, "domain": "self.AskHistorians", "hidden": false, "pwls": 6, "thumbnail": "", "hide_score": false, "edited": false, "link_flair_css_class": null, "media_only": false, "author_flair_css_class": null, "contest_mode": false, "gilded": 0, "title": "How were Auctorati gladiators, those in debt who willingly joined gladiator schools, treated differently from slaves and prisoners of war?", "downs": 0, "secure_media_embed": {}, "media_embed": {}, "author_flair_text": null, "stickied": false, "can_gild": false, "is_self": true, "parent_whitelist_status": "all_ads", "name": "t3_5x3x5w", "spoiler": false, "permalink": "/r/AskHistorians/comments/5x3x5w/how_were_auctorati_gladiators_those_in_debt_who/", "subreddit_type": "public", "locked": false, "report_reasons": null, "created": 1488498294.0, "url": "https://www.reddit.com/r/AskHistorians/comments/5x3x5w/how_were_auctorati_gladiators_those_in_debt_who/", "whitelist_status": "all_ads", "quarantine": false, "subreddit_subscribers": 759188, "created_utc": 1488469494.0, "subreddit_name_prefixed": "r/AskHistorians", "distinguished": null, "media": null, "num_comments": 0, "upvote_ratio": 0.85, "mod_reports": [], "visited": false, "num_reports": null, "is_video": false, "ups": 32, "post_categories": null}}], "after": null, "before": null}}, {"kind": "Listing", "data": {"modhash": "", "dist": null, "children": [], "after": null, "before": null}}]