[{"kind": "Listing", "data": {"modhash": "", "dist": 1, "children": [{"kind": "t3", "data": {"subreddit_id": "t5_2ssp3", "approved_at_utc": null, "send_replies": true, "mod_reason_by": null, "banned_by": null, "removal_reason": null, "wls": 6, "subreddit": "AskHistorians", "selftext_html": "&lt;!-- SC_OFF --&gt;&lt;div class=\"md\"&gt;&lt;p&gt;When searching for the history of universities, I always seem to find that they began in medieval europe.&lt;/p&gt;\n\n&lt;p&gt;Were there analogue institutions earlier or contemporary to them in other parts of the world?&lt;/p&gt;\n\n&lt;p&gt;If yes, where could I look to find more about them?&lt;/p&gt;\n\n&lt;p&gt;Thank you for your time.&lt;/p&gt;\n&lt;/div&gt;&lt;!-- SC_ON --&gt;", "author_flair_template_id": null, "selftext": "When searching for the history of universities, I always seem to find that they began in medieval europe.\n\nWere there analogue institutions earlier or contemporary to them in other parts of the world?\n\nIf yes, where could I look to find more about them?\n\nThank you for your time.", "likes": null, "suggested_sort": null, "mod_note": null, "user_reports": [], "secure_media": null, "is_reddit_media_domain": false, "saved": false, "id": "5x4s36", "banned_at_utc": null, "mod_reason_title": null, "view_count": null, "archived": true, "clicked": false, "no_follow": true, "author": "CJGeringer", "num_crossposts": 0, "link_flair_text": null, "can_mod_post": false, "is_crosspostable": false, "pinned": false, "score": 1, "approved_by": null, "over_18": false, "domain": "self.AskHistorians", "hidden": false, "pwls": 6, "thumbnail": "", "hide_score": false, "edited": false, "link_flair_css_class": null, "media_only": false, "author_flair_css_class": null, "contest_mode": false, "gilded": 0, "title": "Were there non European analogues to universities during or before the middle ages?", "downs": 0, "secure_media_embed": {}, "media_embed": {}, "author_flair_text": null, "stickied": false, "can_gild": false, "is_self": true, "parent_whitelist_status": "all_ads", "name": "t3_5x4s36", "spoiler": false, "permalink": "/r/AskHistorians/comments/5x4s36/were_there_non_european_analogues_to_universities/", "subreddit_type": "public", "locked": false, "report_reasons": null, "created": 1488506505.0, "url": "https://www.reddit.com/r/AskHistorians/comments/5x4s36/were_there_non_european_analogues_to_universities/", "whitelist_status": "all_ads", "quarantine": false, "subreddit_subscribers": 759189, "created_utc": 1488477705.0, "subreddit_name_prefixed": "r/AskHistorians", "distinguished": null, "media": null, "num_comments": 0, "upvote_ratio": 0.6, "mod_reports": [], "visited": false, "num_reports": null, "is_video": false, "ups": 1, "post_categories": null}}], "after": null, "before": null}}, {"kind": "Listing", "data": {"modhash": "", "dist": null, "children": [], "after": null, "before": null}}]