[{"kind": "Listing", "data": {"modhash": "", "dist": 1, "children": [{"kind": "t3", "data": {"subreddit_id": "t5_2ssp3", "approved_at_utc": null, "send_replies": true, "mod_reason_by": null, "banned_by": null, "removal_reason": null, "wls": 6, "subreddit": "AskHistorians", "selftext_html": "&lt;!-- SC_OFF --&gt;&lt;div class=\"md\"&gt;&lt;p&gt;If you haven&amp;#39;t heard of the play Hamilton, welcome from outside your rock :P.  In the plan, the second act is largely based around Hamilton trying to get his plan to assume state debts through.  I was wondering how important this plan really was.  Thanks :)&lt;/p&gt;\n&lt;/div&gt;&lt;!-- SC_ON --&gt;", "author_flair_template_id": null, "selftext": "If you haven't heard of the play Hamilton, welcome from outside your rock :P.  In the plan, the second act is largely based around Hamilton trying to get his plan to assume state debts through.  I was wondering how important this plan really was.  Thanks :)", "likes": null, "suggested_sort": null, "mod_note": null, "user_reports": [], "secure_media": null, "is_reddit_media_domain": false, "saved": false, "id": "5x5vgu", "banned_at_utc": null, "mod_reason_title": null, "view_count": null, "archived": true, "clicked": false, "no_follow": true, "author": "Darth7urtle", "num_crossposts": 0, "link_flair_text": null, "can_mod_post": false, "is_crosspostable": false, "pinned": false, "score": 2, "approved_by": null, "over_18": false, "domain": "self.AskHistorians", "hidden": false, "pwls": 6, "thumbnail": "", "hide_score": false, "edited": false, "link_flair_css_class": null, "media_only": false, "author_flair_css_class": null, "contest_mode": false, "gilded": 0, "title": "Did Hamilton's financial plan drastically change the course of events of America's economy?", "downs": 0, "secure_media_embed": {}, "media_embed": {}, "author_flair_text": null, "stickied": false, "can_gild": false, "is_self": true, "parent_whitelist_status": "all_ads", "name": "t3_5x5vgu", "spoiler": false, "permalink": "/r/AskHistorians/comments/5x5vgu/did_hamiltons_financial_plan_drastically_change/", "subreddit_type": "public", "locked": false, "report_reasons": null, "created": 1488516730.0, "url": "https://www.reddit.com/r/AskHistorians/comments/5x5vgu/did_hamiltons_financial_plan_drastically_change/", "whitelist_status": "all_ads", "quarantine": false, "subreddit_subscribers": 759190, "created_utc": 1488487930.0, "subreddit_name_prefixed": "r/AskHistorians", "distinguished": null, "media": null, "num_comments": 3, "upvote_ratio": 1.0, "mod_reports": [], "visited": false, "num_reports": null, "is_video": false, "ups": 2, "post_categories": null}}], "after": null, "before": null}}, {"kind": "Listing", "data": {"modhash": "", "dist": null, "children": [{"kind": "t1", "data": {"subreddit_id": "t5_2ssp3", "approved_at_utc": null, "ups": 1, "mod_reason_by": null, "banned_by": null, "removal_reason": null, "link_id": "t3_5x5vgu", "author_flair_template_id": null, "likes": null, "no_follow": true, "replies": "", "user_reports": [], "saved": false, "id": "degnnw1", "banned_at_utc": null, "mod_reason_title": null, "gilded": 0, "archived": true, "report_reasons": null, "author": "[deleted]", "can_mod_post": false, "send_replies": true, "parent_id": "t3_5x5vgu", "score": 1, "approved_by": null, "downs": 0, "body": "[removed]", "edited": false, "author_flair_css_class": null, "collapsed": false, "is_submitter": false, "collapsed_reason": null, "body_html": "&lt;div class=\"md\"&gt;&lt;p&gt;[removed]&lt;/p&gt;\n&lt;/div&gt;", "subreddit_type": "public", "can_gild": true, "subreddit": "AskHistorians", "name": "t1_degnnw1", "score_hidden": false, "permalink": "/r/AskHistorians/comments/5x5vgu/did_hamiltons_financial_plan_drastically_change/degnnw1/", "num_reports": null, "stickied": false, "created": 1488585840.0, "author_flair_text": null, "created_utc": 1488557040.0, "subreddit_name_prefixed": "r/AskHistorians", "controversiality": 0, "depth": 0, "mod_reports": [], "mod_note": null, "distinguished": null}}], "after": null, "before": null}}]