[{"kind": "Listing", "data": {"modhash": "", "dist": 1, "children": [{"kind": "t3", "data": {"subreddit_id": "t5_2ssp3", "approved_at_utc": null, "send_replies": true, "mod_reason_by": null, "banned_by": null, "removal_reason": null, "wls": 6, "subreddit": "AskHistorians", "selftext_html": "&lt;!-- SC_OFF --&gt;&lt;div class=\"md\"&gt;&lt;p&gt;I know the German Me 262 was the first jet fighter, successfully deployed in limited numbers towards the end of WWII. Do we have any records of how pilots reacted to facing this new technology? From what I&amp;#39;ve read so far, they so outclassed other aircraft at the time that the preferred method of dealing with them was to destroy them while they were grounded. So even if we don&amp;#39;t exactly have the reactions at the moment of first encounter, do we know the general thoughts among the allies after first facing this new technology?&lt;/p&gt;\n&lt;/div&gt;&lt;!-- SC_ON --&gt;", "author_flair_template_id": null, "selftext": "I know the German Me 262 was the first jet fighter, successfully deployed in limited numbers towards the end of WWII. Do we have any records of how pilots reacted to facing this new technology? From what I've read so far, they so outclassed other aircraft at the time that the preferred method of dealing with them was to destroy them while they were grounded. So even if we don't exactly have the reactions at the moment of first encounter, do we know the general thoughts among the allies after first facing this new technology?", "likes": null, "suggested_sort": null, "mod_note": null, "user_reports": [], "secure_media": null, "is_reddit_media_domain": false, "saved": false, "id": "5x6fmk", "banned_at_utc": null, "mod_reason_title": null, "view_count": null, "archived": true, "clicked": false, "no_follow": false, "author": "J_Bard", "num_crossposts": 0, "link_flair_text": null, "can_mod_post": false, "is_crosspostable": false, "pinned": false, "score": 3, "approved_by": null, "over_18": false, "domain": "self.AskHistorians", "hidden": false, "pwls": 6, "thumbnail": "", "hide_score": false, "edited": 1505662623.0, "link_flair_css_class": null, "media_only": false, "author_flair_css_class": null, "contest_mode": false, "gilded": 0, "title": "Is there any record of the reactions of allied pilots facing jet fighters for the first time?", "downs": 0, "secure_media_embed": {}, "media_embed": {}, "author_flair_text": null, "stickied": false, "can_gild": false, "is_self": true, "parent_whitelist_status": "all_ads", "name": "t3_5x6fmk", "spoiler": false, "permalink": "/r/AskHistorians/comments/5x6fmk/is_there_any_record_of_the_reactions_of_allied/", "subreddit_type": "public", "locked": false, "report_reasons": null, "created": 1488522155.0, "url": "https://www.reddit.com/r/AskHistorians/comments/5x6fmk/is_there_any_record_of_the_reactions_of_allied/", "whitelist_status": "all_ads", "quarantine": false, "subreddit_subscribers": 759190, "created_utc": 1488493355.0, "subreddit_name_prefixed": "r/AskHistorians", "distinguished": null, "media": null, "num_comments": 2, "upvote_ratio": 0.68, "mod_reports": [], "visited": false, "num_reports": null, "is_video": false, "ups": 3, "post_categories": null}}], "after": null, "before": null}}, {"kind": "Listing", "data": {"modhash": "", "dist": null, "children": [{"kind": "t1", "data": {"subreddit_id": "t5_2ssp3", "approved_at_utc": null, "ups": 0, "mod_reason_by": null, "banned_by": null, "removal_reason": null, "link_id": "t3_5x6fmk", "author_flair_template_id": null, "likes": null, "no_follow": true, "replies": {"kind": "Listing", "data": {"modhash": "", "dist": null, "children": [{"kind": "t1", "data": {"subreddit_id": "t5_2ssp3", "approved_at_utc": null, "ups": 1, "mod_reason_by": null, "banned_by": null, "removal_reason": null, "link_id": "t3_5x6fmk", "author_flair_template_id": null, "likes": null, "no_follow": true, "replies": "", "user_reports": [], "saved": false, "id": "defn34y", "banned_at_utc": null, "mod_reason_title": null, "gilded": 0, "archived": true, "report_reasons": null, "author": "AsiaExpert", "can_mod_post": false, "send_replies": true, "parent_id": "t1_defm30y", "score": 1, "approved_by": null, "downs": 0, "body": "Please understand that people come here because they want an informed response from someone capable of engaging with the sources, and providing follow up information. While there are other sites where the answer may be available, simply dropping a link, or quoting from a source, without properly contextualizing it, is a violation of the [rules we have in place here.](https://www.reddit.com/r/AskHistorians/wiki/rules#wiki_do_not_just_post_links_or_quotations) These sources of course can make up an important part of a well-rounded answer, but do not equal an answer on their own. You can find further discussion of this policy [here](https://www.reddit.com/r/AskHistorians/comments/3yjz53/rules_roundtable_2_explaining_the_rules_regarding/).\n\nIn the future, please take the time to better familiarize yourself with [the rules](http://www.reddit.com/r/AskHistorians/wiki/rules#wiki_write_an_in-depth_answer), and take these key points into account before crafting an answer:\n\n* Do I have the expertise needed to answer this question?\n* Have I done research on this question?\n* Can I cite my sources?\n* Can I answer follow-up questions?\n\nThank you!", "edited": false, "author_flair_css_class": "moderator", "collapsed": false, "is_submitter": false, "collapsed_reason": null, "body_html": "&lt;div class=\"md\"&gt;&lt;p&gt;Please understand that people come here because they want an informed response from someone capable of engaging with the sources, and providing follow up information. While there are other sites where the answer may be available, simply dropping a link, or quoting from a source, without properly contextualizing it, is a violation of the &lt;a href=\"https://www.reddit.com/r/AskHistorians/wiki/rules#wiki_do_not_just_post_links_or_quotations\"&gt;rules we have in place here.&lt;/a&gt; These sources of course can make up an important part of a well-rounded answer, but do not equal an answer on their own. You can find further discussion of this policy &lt;a href=\"https://www.reddit.com/r/AskHistorians/comments/3yjz53/rules_roundtable_2_explaining_the_rules_regarding/\"&gt;here&lt;/a&gt;.&lt;/p&gt;\n\n&lt;p&gt;In the future, please take the time to better familiarize yourself with &lt;a href=\"http://www.reddit.com/r/AskHistorians/wiki/rules#wiki_write_an_in-depth_answer\"&gt;the rules&lt;/a&gt;, and take these key points into account before crafting an answer:&lt;/p&gt;\n\n&lt;ul&gt;\n&lt;li&gt;Do I have the expertise needed to answer this question?&lt;/li&gt;\n&lt;li&gt;Have I done research on this question?&lt;/li&gt;\n&lt;li&gt;Can I cite my sources?&lt;/li&gt;\n&lt;li&gt;Can I answer follow-up questions?&lt;/li&gt;\n&lt;/ul&gt;\n\n&lt;p&gt;Thank you!&lt;/p&gt;\n&lt;/div&gt;", "subreddit_type": "public", "can_gild": true, "subreddit": "AskHistorians", "name": "t1_defn34y", "score_hidden": false, "permalink": "/r/AskHistorians/comments/5x6fmk/is_there_any_record_of_the_reactions_of_allied/defn34y/", "num_reports": null, "stickied": false, "created": 1488523466.0, "author_flair_text": "Moderator | China, Korea, and Japan", "created_utc": 1488494666.0, "subreddit_name_prefixed": "r/AskHistorians", "controversiality": 0, "depth": 1, "mod_reports": [], "mod_note": null, "distinguished": "moderator"}}], "after": null, "before": null}}, "user_reports": [], "saved": false, "id": "defm30y", "banned_at_utc": null, "mod_reason_title": null, "gilded": 0, "archived": true, "report_reasons": null, "author": "[deleted]", "can_mod_post": false, "send_replies": true, "parent_id": "t3_5x6fmk", "score": 0, "approved_by": null, "downs": 0, "body": "[removed]", "edited": false, "author_flair_css_class": null, "collapsed": false, "is_submitter": false, "collapsed_reason": null, "body_html": "&lt;div class=\"md\"&gt;&lt;p&gt;[removed]&lt;/p&gt;\n&lt;/div&gt;", "subreddit_type": "public", "can_gild": true, "subreddit": "AskHistorians", "name": "t1_defm30y", "score_hidden": false, "permalink": "/r/AskHistorians/comments/5x6fmk/is_there_any_record_of_the_reactions_of_allied/defm30y/", "num_reports": null, "stickied": false, "created": 1488522323.0, "author_flair_text": null, "created_utc": 1488493523.0, "subreddit_name_prefixed": "r/AskHistorians", "controversiality": 0, "depth": 0, "mod_reports": [], "mod_note": null, "distinguished": null}}], "after": null, "before": null}}]