[{"kind": "Listing", "data": {"modhash": "", "dist": 1, "children": [{"kind": "t3", "data": {"subreddit_id": "t5_2ssp3", "approved_at_utc": null, "send_replies": true, "mod_reason_by": null, "banned_by": null, "removal_reason": null, "wls": 6, "subreddit": "AskHistorians", "selftext_html": "&lt;!-- SC_OFF --&gt;&lt;div class=\"md\"&gt;&lt;p&gt;I was listening to Caravan Palace&amp;#39;s version of the song &amp;quot;Black Betty&amp;quot;, when I wondered who the hell Black Betty was. It seems like no one can agree, because it&amp;#39;s such an old song, but most think the term refers to either a liquor bottle or a musket. I also learned that Ram Jam&amp;#39;s 1977 version of the song was apparently protested for racial reasons.&lt;/p&gt;\n\n&lt;p&gt;So why was this song condemned by some people, if it probably doesn&amp;#39;t refer to an actual person? And even if it is talking about a real black woman, there&amp;#39;s nothing bad in the lyrics, so why did people get mad?&lt;/p&gt;\n&lt;/div&gt;&lt;!-- SC_ON --&gt;", "author_flair_template_id": null, "selftext": "I was listening to Caravan Palace's version of the song \"Black Betty\", when I wondered who the hell Black Betty was. It seems like no one can agree, because it's such an old song, but most think the term refers to either a liquor bottle or a musket. I also learned that Ram Jam's 1977 version of the song was apparently protested for racial reasons.\n\nSo why was this song condemned by some people, if it probably doesn't refer to an actual person? And even if it is talking about a real black woman, there's nothing bad in the lyrics, so why did people get mad?", "likes": null, "suggested_sort": null, "mod_note": null, "user_reports": [], "secure_media": null, "is_reddit_media_domain": false, "saved": false, "id": "5x6lmq", "banned_at_utc": null, "mod_reason_title": null, "view_count": null, "archived": true, "clicked": false, "no_follow": false, "author": "MyMimesNameIsSteve", "num_crossposts": 0, "link_flair_text": null, "can_mod_post": false, "is_crosspostable": false, "pinned": false, "score": 16, "approved_by": null, "over_18": false, "domain": "self.AskHistorians", "hidden": false, "pwls": 6, "thumbnail": "", "hide_score": false, "edited": false, "link_flair_css_class": null, "media_only": false, "author_flair_css_class": null, "contest_mode": false, "gilded": 0, "title": "Why was the release of the 1977 Ram Jam cover of \"Black Betty\" protested by civil rights groups?", "downs": 0, "secure_media_embed": {}, "media_embed": {}, "author_flair_text": null, "stickied": false, "can_gild": false, "is_self": true, "parent_whitelist_status": "all_ads", "name": "t3_5x6lmq", "spoiler": false, "permalink": "/r/AskHistorians/comments/5x6lmq/why_was_the_release_of_the_1977_ram_jam_cover_of/", "subreddit_type": "public", "locked": false, "report_reasons": null, "created": 1488523872.0, "url": "https://www.reddit.com/r/AskHistorians/comments/5x6lmq/why_was_the_release_of_the_1977_ram_jam_cover_of/", "whitelist_status": "all_ads", "quarantine": false, "subreddit_subscribers": 759190, "created_utc": 1488495072.0, "subreddit_name_prefixed": "r/AskHistorians", "distinguished": null, "media": null, "num_comments": 0, "upvote_ratio": 0.8, "mod_reports": [], "visited": false, "num_reports": null, "is_video": false, "ups": 16, "post_categories": null}}], "after": null, "before": null}}, {"kind": "Listing", "data": {"modhash": "", "dist": null, "children": [], "after": null, "before": null}}]