[{"kind": "Listing", "data": {"modhash": "", "dist": 1, "children": [{"kind": "t3", "data": {"subreddit_id": "t5_2ssp3", "approved_at_utc": null, "send_replies": true, "mod_reason_by": null, "banned_by": null, "removal_reason": null, "wls": 6, "subreddit": "AskHistorians", "selftext_html": null, "author_flair_template_id": null, "selftext": "", "likes": null, "suggested_sort": null, "mod_note": null, "user_reports": [], "secure_media": null, "is_reddit_media_domain": false, "saved": false, "id": "5x6th4", "banned_at_utc": null, "mod_reason_title": null, "view_count": null, "archived": true, "clicked": false, "no_follow": false, "author": "grapp", "num_crossposts": 0, "link_flair_text": null, "can_mod_post": false, "is_crosspostable": false, "pinned": false, "score": 2, "approved_by": null, "over_18": false, "domain": "self.AskHistorians", "hidden": false, "pwls": 6, "thumbnail": "", "hide_score": false, "edited": false, "link_flair_css_class": null, "media_only": false, "author_flair_css_class": "qualitycontributor", "contest_mode": false, "gilded": 0, "title": "where did the king of England live before the first Palace of Westminster was built?", "downs": 0, "secure_media_embed": {}, "media_embed": {}, "author_flair_text": "Interesting Inquirer", "stickied": false, "can_gild": false, "is_self": true, "parent_whitelist_status": "all_ads", "name": "t3_5x6th4", "spoiler": false, "permalink": "/r/AskHistorians/comments/5x6th4/where_did_the_king_of_england_live_before_the/", "subreddit_type": "public", "locked": false, "report_reasons": null, "created": 1488526169.0, "url": "https://www.reddit.com/r/AskHistorians/comments/5x6th4/where_did_the_king_of_england_live_before_the/", "whitelist_status": "all_ads", "quarantine": false, "subreddit_subscribers": 759190, "created_utc": 1488497369.0, "subreddit_name_prefixed": "r/AskHistorians", "distinguished": null, "media": null, "num_comments": 1, "upvote_ratio": 0.76, "mod_reports": [], "visited": false, "num_reports": null, "is_video": false, "ups": 2, "post_categories": null}}], "after": null, "before": null}}, {"kind": "Listing", "data": {"modhash": "", "dist": null, "children": [{"kind": "t1", "data": {"subreddit_id": "t5_2ssp3", "approved_at_utc": null, "ups": 3, "mod_reason_by": null, "banned_by": null, "removal_reason": null, "link_id": "t3_5x6th4", "author_flair_template_id": null, "likes": null, "no_follow": true, "replies": "", "user_reports": [], "saved": false, "id": "degkkbz", "banned_at_utc": null, "mod_reason_title": null, "gilded": 0, "archived": true, "report_reasons": null, "author": "lebennaia", "can_mod_post": false, "send_replies": true, "parent_id": "t3_5x6th4", "score": 3, "approved_by": null, "downs": 0, "body": "In the royal palace at Winchester, which was near the cathedral. Winchester was the capital of late Anglo-Saxon England, having previously been the capital of Wessex. Winchester was also the home of the treasury, the royal workshops and the officials and scribes who issued charters and tended the country's comparatively well developed bureaucracy. The kings also lived on various royal estates scattered around the country (that at Corfe in Dorset, on the site of the present castle, would be an example) as they moved about their domains to give justice, assert their power and counter threats. Early mediaeval kings tended to be mobile, both for military and political reasons, and for the practicalities of feeding and supplying the court.", "edited": false, "author_flair_css_class": null, "collapsed": false, "is_submitter": false, "collapsed_reason": null, "body_html": "&lt;div class=\"md\"&gt;&lt;p&gt;In the royal palace at Winchester, which was near the cathedral. Winchester was the capital of late Anglo-Saxon England, having previously been the capital of Wessex. Winchester was also the home of the treasury, the royal workshops and the officials and scribes who issued charters and tended the country&amp;#39;s comparatively well developed bureaucracy. The kings also lived on various royal estates scattered around the country (that at Corfe in Dorset, on the site of the present castle, would be an example) as they moved about their domains to give justice, assert their power and counter threats. Early mediaeval kings tended to be mobile, both for military and political reasons, and for the practicalities of feeding and supplying the court.&lt;/p&gt;\n&lt;/div&gt;", "subreddit_type": "public", "can_gild": true, "subreddit": "AskHistorians", "name": "t1_degkkbz", "score_hidden": false, "permalink": "/r/AskHistorians/comments/5x6th4/where_did_the_king_of_england_live_before_the/degkkbz/", "num_reports": null, "stickied": false, "created": 1488582047.0, "author_flair_text": null, "created_utc": 1488553247.0, "subreddit_name_prefixed": "r/AskHistorians", "controversiality": 0, "depth": 0, "mod_reports": [], "mod_note": null, "distinguished": null}}], "after": null, "before": null}}]