[{"kind": "Listing", "data": {"modhash": "", "dist": 1, "children": [{"kind": "t3", "data": {"subreddit_id": "t5_2ssp3", "approved_at_utc": null, "send_replies": true, "mod_reason_by": null, "banned_by": null, "removal_reason": null, "wls": 6, "subreddit": "AskHistorians", "selftext_html": "&lt;!-- SC_OFF --&gt;&lt;div class=\"md\"&gt;&lt;p&gt;I&amp;#39;m currently watching a documentary on Armin Meiwes (more commonly known as the Craigslist Cannibal) and took interest in a particular aside that was made by a criminal psychologist, Dr. David Holmes.&lt;/p&gt;\n\n&lt;p&gt;He made a point about cannibalism generally being a rare act in society but during times of war, the exact opposite being the case.&lt;/p&gt;\n\n&lt;p&gt;They don&amp;#39;t really get into this topic much more, as it&amp;#39;s not very relevant to the subject material of the film (Armin Meiwes The Rotenburg Cannibal Crime: Killer Documentary). Dr. Holmes made another brief assertion that this act is often covered up by militaries, which may make these questions difficult to answer:&lt;/p&gt;\n\n&lt;p&gt;Is this something that actually happens commonly during war? Are there any famous instances or epidemics involving this? And I suppose most importantly, what sort of circumstances during a war would cause this kind of behavior to happen more frequently? &lt;/p&gt;\n\n&lt;p&gt;Thank you very much!&lt;/p&gt;\n&lt;/div&gt;&lt;!-- SC_ON --&gt;", "author_flair_template_id": null, "selftext": "I'm currently watching a documentary on Armin Meiwes (more commonly known as the Craigslist Cannibal) and took interest in a particular aside that was made by a criminal psychologist, Dr. David Holmes.\n\nHe made a point about cannibalism generally being a rare act in society but during times of war, the exact opposite being the case.\n\nThey don't really get into this topic much more, as it's not very relevant to the subject material of the film (Armin Meiwes The Rotenburg Cannibal Crime: Killer Documentary). Dr. Holmes made another brief assertion that this act is often covered up by militaries, which may make these questions difficult to answer:\n\nIs this something that actually happens commonly during war? Are there any famous instances or epidemics involving this? And I suppose most importantly, what sort of circumstances during a war would cause this kind of behavior to happen more frequently? \n\nThank you very much!", "likes": null, "suggested_sort": null, "mod_note": null, "user_reports": [], "secure_media": null, "is_reddit_media_domain": false, "saved": false, "id": "5x75es", "banned_at_utc": null, "mod_reason_title": null, "view_count": null, "archived": true, "clicked": false, "no_follow": true, "author": "BomToody", "num_crossposts": 0, "link_flair_text": null, "can_mod_post": false, "is_crosspostable": false, "pinned": false, "score": 1, "approved_by": null, "over_18": false, "domain": "self.AskHistorians", "hidden": false, "pwls": 6, "thumbnail": "", "hide_score": false, "edited": false, "link_flair_css_class": null, "media_only": false, "author_flair_css_class": null, "contest_mode": false, "gilded": 0, "title": "Cannibalism During Wartime", "downs": 0, "secure_media_embed": {}, "media_embed": {}, "author_flair_text": null, "stickied": false, "can_gild": false, "is_self": true, "parent_whitelist_status": "all_ads", "name": "t3_5x75es", "spoiler": false, "permalink": "/r/AskHistorians/comments/5x75es/cannibalism_during_wartime/", "subreddit_type": "public", "locked": false, "report_reasons": null, "created": 1488529814.0, "url": "https://www.reddit.com/r/AskHistorians/comments/5x75es/cannibalism_during_wartime/", "whitelist_status": "all_ads", "quarantine": false, "subreddit_subscribers": 759190, "created_utc": 1488501014.0, "subreddit_name_prefixed": "r/AskHistorians", "distinguished": null, "media": null, "num_comments": 0, "upvote_ratio": 1.0, "mod_reports": [], "visited": false, "num_reports": null, "is_video": false, "ups": 1, "post_categories": null}}], "after": null, "before": null}}, {"kind": "Listing", "data": {"modhash": "", "dist": null, "children": [], "after": null, "before": null}}]