[{"kind": "Listing", "data": {"modhash": "", "dist": 1, "children": [{"kind": "t3", "data": {"subreddit_id": "t5_2ssp3", "approved_at_utc": null, "send_replies": true, "mod_reason_by": null, "banned_by": null, "removal_reason": null, "wls": 6, "subreddit": "AskHistorians", "selftext_html": "&lt;!-- SC_OFF --&gt;&lt;div class=\"md\"&gt;&lt;p&gt;My great grandfather picked this book off of a dead Japanese soldier in the Philippines in 1944-1945. my family has had it for the last 70 years but nobody really knows what it is.\n&lt;a href=\"https://m.imgur.com/xlx7BPj\"&gt;https://m.imgur.com/xlx7BPj&lt;/a&gt;\n&lt;a href=\"https://m.imgur.com/XplYjyv\"&gt;https://m.imgur.com/XplYjyv&lt;/a&gt;\n&lt;a href=\"https://m.imgur.com/tBLjc6g\"&gt;https://m.imgur.com/tBLjc6g&lt;/a&gt;&lt;/p&gt;\n&lt;/div&gt;&lt;!-- SC_ON --&gt;", "author_flair_template_id": null, "selftext": "My great grandfather picked this book off of a dead Japanese soldier in the Philippines in 1944-1945. my family has had it for the last 70 years but nobody really knows what it is.\nhttps://m.imgur.com/xlx7BPj\nhttps://m.imgur.com/XplYjyv\nhttps://m.imgur.com/tBLjc6g", "likes": null, "suggested_sort": null, "mod_note": null, "user_reports": [], "secure_media": null, "is_reddit_media_domain": false, "saved": false, "id": "5x7fv2", "banned_at_utc": null, "mod_reason_title": null, "view_count": null, "archived": true, "clicked": false, "no_follow": true, "author": "Goldenboy97", "num_crossposts": 0, "link_flair_text": null, "can_mod_post": false, "is_crosspostable": false, "pinned": false, "score": 2, "approved_by": null, "over_18": false, "domain": "self.AskHistorians", "hidden": false, "pwls": 6, "thumbnail": "", "hide_score": false, "edited": false, "link_flair_css_class": null, "media_only": false, "author_flair_css_class": null, "contest_mode": false, "gilded": 0, "title": "Can somebody tell me what this Japanese book from WWII is?", "downs": 0, "secure_media_embed": {}, "media_embed": {}, "author_flair_text": null, "stickied": false, "can_gild": false, "is_self": true, "parent_whitelist_status": "all_ads", "name": "t3_5x7fv2", "spoiler": false, "permalink": "/r/AskHistorians/comments/5x7fv2/can_somebody_tell_me_what_this_japanese_book_from/", "subreddit_type": "public", "locked": false, "report_reasons": null, "created": 1488533124.0, "url": "https://www.reddit.com/r/AskHistorians/comments/5x7fv2/can_somebody_tell_me_what_this_japanese_book_from/", "whitelist_status": "all_ads", "quarantine": false, "subreddit_subscribers": 759190, "created_utc": 1488504324.0, "subreddit_name_prefixed": "r/AskHistorians", "distinguished": null, "media": null, "num_comments": 2, "upvote_ratio": 1.0, "mod_reports": [], "visited": false, "num_reports": null, "is_video": false, "ups": 2, "post_categories": null}}], "after": null, "before": null}}, {"kind": "Listing", "data": {"modhash": "", "dist": null, "children": [{"kind": "t1", "data": {"subreddit_id": "t5_2ssp3", "approved_at_utc": null, "ups": 5, "mod_reason_by": null, "banned_by": null, "removal_reason": null, "link_id": "t3_5x7fv2", "author_flair_template_id": null, "likes": null, "no_follow": true, "replies": "", "user_reports": [], "saved": false, "id": "deg6k95", "banned_at_utc": null, "mod_reason_title": null, "gilded": 0, "archived": true, "report_reasons": null, "author": "swapwaspspaw", "can_mod_post": false, "send_replies": true, "parent_id": "t3_5x7fv2", "score": 5, "approved_by": null, "downs": 0, "body": "It's a Japanese-English dictionary. The title reads \"Comprehensive Japanese-English Dictionary (New Edition)\". Each Japanese word is given explanation in Japanese and then the English translation. The Japanese owner probably used it to learn English or to translate Japanese texts to English. ", "edited": false, "author_flair_css_class": null, "collapsed": false, "is_submitter": false, "collapsed_reason": null, "body_html": "&lt;div class=\"md\"&gt;&lt;p&gt;It&amp;#39;s a Japanese-English dictionary. The title reads &amp;quot;Comprehensive Japanese-English Dictionary (New Edition)&amp;quot;. Each Japanese word is given explanation in Japanese and then the English translation. The Japanese owner probably used it to learn English or to translate Japanese texts to English. &lt;/p&gt;\n&lt;/div&gt;", "subreddit_type": "public", "can_gild": true, "subreddit": "AskHistorians", "name": "t1_deg6k95", "score_hidden": false, "permalink": "/r/AskHistorians/comments/5x7fv2/can_somebody_tell_me_what_this_japanese_book_from/deg6k95/", "num_reports": null, "stickied": false, "created": 1488550403.0, "author_flair_text": null, "created_utc": 1488521603.0, "subreddit_name_prefixed": "r/AskHistorians", "controversiality": 0, "depth": 0, "mod_reports": [], "mod_note": null, "distinguished": null}}], "after": null, "before": null}}]