[{"kind": "Listing", "data": {"modhash": "", "dist": 1, "children": [{"kind": "t3", "data": {"subreddit_id": "t5_2ssp3", "approved_at_utc": null, "send_replies": true, "mod_reason_by": null, "banned_by": null, "removal_reason": null, "wls": 6, "subreddit": "AskHistorians", "selftext_html": "&lt;!-- SC_OFF --&gt;&lt;div class=\"md\"&gt;&lt;p&gt;[deleted]&lt;/p&gt;\n&lt;/div&gt;&lt;!-- SC_ON --&gt;", "author_flair_template_id": null, "selftext": "[deleted]", "likes": null, "suggested_sort": null, "mod_note": null, "user_reports": [], "secure_media": null, "is_reddit_media_domain": false, "saved": false, "id": "5x9oa2", "banned_at_utc": null, "mod_reason_title": null, "view_count": null, "archived": true, "clicked": false, "no_follow": true, "author": "[deleted]", "num_crossposts": 0, "link_flair_text": null, "can_mod_post": false, "is_crosspostable": false, "pinned": false, "score": 3, "approved_by": null, "over_18": false, "domain": "self.AskHistorians", "hidden": false, "pwls": 6, "thumbnail": "", "hide_score": false, "edited": false, "link_flair_css_class": null, "media_only": false, "author_flair_css_class": null, "contest_mode": false, "gilded": 0, "title": "How do historians explain the fact that most Vikings almost wanted to die, but still they retreated from battle if they were losing?", "downs": 0, "secure_media_embed": {}, "media_embed": {}, "author_flair_text": null, "stickied": false, "can_gild": false, "is_self": true, "parent_whitelist_status": "all_ads", "name": "t3_5x9oa2", "spoiler": false, "permalink": "/r/AskHistorians/comments/5x9oa2/how_do_historians_explain_the_fact_that_most/", "subreddit_type": "public", "locked": false, "report_reasons": null, "created": 1488566208.0, "url": "https://www.reddit.com/r/AskHistorians/comments/5x9oa2/how_do_historians_explain_the_fact_that_most/", "whitelist_status": "all_ads", "quarantine": false, "subreddit_subscribers": 759191, "created_utc": 1488537408.0, "subreddit_name_prefixed": "r/AskHistorians", "distinguished": null, "media": null, "num_comments": 4, "upvote_ratio": 0.57, "mod_reports": [], "visited": false, "num_reports": null, "is_video": false, "ups": 3, "post_categories": null}}], "after": null, "before": null}}, {"kind": "Listing", "data": {"modhash": "", "dist": null, "children": [{"kind": "t1", "data": {"subreddit_id": "t5_2ssp3", "approved_at_utc": null, "ups": 15, "mod_reason_by": null, "banned_by": null, "removal_reason": null, "link_id": "t3_5x9oa2", "author_flair_template_id": null, "likes": null, "no_follow": true, "replies": {"kind": "Listing", "data": {"modhash": "", "dist": null, "children": [{"kind": "t1", "data": {"subreddit_id": "t5_2ssp3", "approved_at_utc": null, "ups": 3, "mod_reason_by": null, "banned_by": null, "removal_reason": null, "link_id": "t3_5x9oa2", "author_flair_template_id": null, "likes": null, "no_follow": true, "replies": {"kind": "Listing", "data": {"modhash": "", "dist": null, "children": [{"kind": "t1", "data": {"subreddit_id": "t5_2ssp3", "approved_at_utc": null, "ups": 8, "mod_reason_by": null, "banned_by": null, "removal_reason": null, "link_id": "t3_5x9oa2", "author_flair_template_id": null, "likes": null, "no_follow": true, "replies": "", "user_reports": [], "saved": false, "id": "degsube", "banned_at_utc": null, "mod_reason_title": null, "gilded": 0, "archived": true, "report_reasons": null, "author": "EyeStache", "can_mod_post": false, "send_replies": true, "parent_id": "t1_degs7kv", "score": 8, "approved_by": null, "downs": 0, "body": "Which is a 13th century Icelandic Christian's idea of what pre-conversion Scandinavian religion was like. The problem with assuming that the actual pagan Scandinavians acted anything like Snorri's version of their religion is that Snorri was writing his *Edda* with a very specific ideal in mind, and we don't have the sources he was working from available to us. There's no real way to determine how much he made up and how much he didn't.", "edited": false, "author_flair_css_class": "europe", "collapsed": false, "is_submitter": false, "collapsed_reason": null, "body_html": "&lt;div class=\"md\"&gt;&lt;p&gt;Which is a 13th century Icelandic Christian&amp;#39;s idea of what pre-conversion Scandinavian religion was like. The problem with assuming that the actual pagan Scandinavians acted anything like Snorri&amp;#39;s version of their religion is that Snorri was writing his &lt;em&gt;Edda&lt;/em&gt; with a very specific ideal in mind, and we don&amp;#39;t have the sources he was working from available to us. There&amp;#39;s no real way to determine how much he made up and how much he didn&amp;#39;t.&lt;/p&gt;\n&lt;/div&gt;", "subreddit_type": "public", "can_gild": true, "subreddit": "AskHistorians", "name": "t1_degsube", "score_hidden": false, "permalink": "/r/AskHistorians/comments/5x9oa2/how_do_historians_explain_the_fact_that_most/degsube/", "num_reports": null, "stickied": false, "created": 1488591724.0, "author_flair_text": "Norse Culture and Warfare", "created_utc": 1488562924.0, "subreddit_name_prefixed": "r/AskHistorians", "controversiality": 0, "depth": 2, "mod_reports": [], "mod_note": null, "distinguished": null}}], "after": null, "before": null}}, "user_reports": [], "saved": false, "id": "degs7kv", "banned_at_utc": null, "mod_reason_title": null, "gilded": 0, "archived": true, "report_reasons": null, "author": "skadefryd", "can_mod_post": false, "send_replies": true, "parent_id": "t1_degidl8", "score": 3, "approved_by": null, "downs": 0, "body": "I think this comes from the popular idea of dying with a weapon in one's hand being needed to gain entrance to Valhalla.", "edited": false, "author_flair_css_class": null, "collapsed": false, "is_submitter": false, "collapsed_reason": null, "body_html": "&lt;div class=\"md\"&gt;&lt;p&gt;I think this comes from the popular idea of dying with a weapon in one&amp;#39;s hand being needed to gain entrance to Valhalla.&lt;/p&gt;\n&lt;/div&gt;", "subreddit_type": "public", "can_gild": true, "subreddit": "AskHistorians", "name": "t1_degs7kv", "score_hidden": false, "permalink": "/r/AskHistorians/comments/5x9oa2/how_do_historians_explain_the_fact_that_most/degs7kv/", "num_reports": null, "stickied": false, "created": 1488591024.0, "author_flair_text": null, "created_utc": 1488562224.0, "subreddit_name_prefixed": "r/AskHistorians", "controversiality": 0, "depth": 1, "mod_reports": [], "mod_note": null, "distinguished": null}}], "after": null, "before": null}}, "user_reports": [], "saved": false, "id": "degidl8", "banned_at_utc": null, "mod_reason_title": null, "gilded": 0, "archived": true, "report_reasons": null, "author": "EyeStache", "can_mod_post": false, "send_replies": true, "parent_id": "t3_5x9oa2", "score": 15, "approved_by": null, "downs": 0, "body": "Where do you get the idea that 'most Vikings almost wanted to die' from?\n\nAll of our literary evidence indicates that *not* dying was the plan for most Scandinavian warriors, but if they *were* in a situation where they were going to die, the heroic ones are almost always depicted as accepting it stoically and without fear. See, for example, Gunnars death in *Nj\u00e1ls saga*, \u00de\u00f3rolfs in *Egils saga*, Egils death as well, and basically the deaths of every major heroic figure in the \u00cdslendingas\u00f6gur", "edited": 1488551240.0, "author_flair_css_class": "europe", "collapsed": false, "is_submitter": false, "collapsed_reason": null, "body_html": "&lt;div class=\"md\"&gt;&lt;p&gt;Where do you get the idea that &amp;#39;most Vikings almost wanted to die&amp;#39; from?&lt;/p&gt;\n\n&lt;p&gt;All of our literary evidence indicates that &lt;em&gt;not&lt;/em&gt; dying was the plan for most Scandinavian warriors, but if they &lt;em&gt;were&lt;/em&gt; in a situation where they were going to die, the heroic ones are almost always depicted as accepting it stoically and without fear. See, for example, Gunnars death in &lt;em&gt;Nj\u00e1ls saga&lt;/em&gt;, \u00de\u00f3rolfs in &lt;em&gt;Egils saga&lt;/em&gt;, Egils death as well, and basically the deaths of every major heroic figure in the \u00cdslendingas\u00f6gur&lt;/p&gt;\n&lt;/div&gt;", "subreddit_type": "public", "can_gild": true, "subreddit": "AskHistorians", "name": "t1_degidl8", "score_hidden": false, "permalink": "/r/AskHistorians/comments/5x9oa2/how_do_historians_explain_the_fact_that_most/degidl8/", "num_reports": null, "stickied": false, "created": 1488578962.0, "author_flair_text": "Norse Culture and Warfare", "created_utc": 1488550162.0, "subreddit_name_prefixed": "r/AskHistorians", "controversiality": 0, "depth": 0, "mod_reports": [], "mod_note": null, "distinguished": null}}], "after": null, "before": null}}]