[{"kind": "Listing", "data": {"modhash": "", "dist": 1, "children": [{"kind": "t3", "data": {"subreddit_id": "t5_2ssp3", "approved_at_utc": null, "send_replies": true, "mod_reason_by": null, "banned_by": null, "removal_reason": null, "wls": 6, "subreddit": "AskHistorians", "selftext_html": "&lt;!-- SC_OFF --&gt;&lt;div class=\"md\"&gt;&lt;p&gt;From what I understand Jesus was just one of many first century messiah claimants in the (seemingly) very minor religion of Judaism, how did a minor sect of a minor religion, following a failed messiah claimant (Not only Jesus didn&amp;#39;t inaugurate the messianic age, but he was executed), manage to grow so large? &lt;/p&gt;\n&lt;/div&gt;&lt;!-- SC_ON --&gt;", "author_flair_template_id": null, "selftext": "From what I understand Jesus was just one of many first century messiah claimants in the (seemingly) very minor religion of Judaism, how did a minor sect of a minor religion, following a failed messiah claimant (Not only Jesus didn't inaugurate the messianic age, but he was executed), manage to grow so large? ", "likes": null, "suggested_sort": null, "mod_note": null, "user_reports": [], "secure_media": null, "is_reddit_media_domain": false, "saved": false, "id": "5xdoi0", "banned_at_utc": null, "mod_reason_title": null, "view_count": null, "archived": true, "clicked": false, "no_follow": false, "author": "DaDerpyDude", "num_crossposts": 0, "link_flair_text": null, "can_mod_post": false, "is_crosspostable": false, "pinned": false, "score": 66, "approved_by": null, "over_18": false, "domain": "self.AskHistorians", "hidden": false, "pwls": 6, "thumbnail": "", "hide_score": false, "edited": 1488582231.0, "link_flair_css_class": null, "media_only": false, "author_flair_css_class": null, "contest_mode": false, "gilded": 0, "title": "How did christianity manage to grow from a minor sect of a minor religion to the largest religion on earth?", "downs": 0, "secure_media_embed": {}, "media_embed": {}, "author_flair_text": null, "stickied": false, "can_gild": false, "is_self": true, "parent_whitelist_status": "all_ads", "name": "t3_5xdoi0", "spoiler": false, "permalink": "/r/AskHistorians/comments/5xdoi0/how_did_christianity_manage_to_grow_from_a_minor/", "subreddit_type": "public", "locked": false, "report_reasons": null, "created": 1488610792.0, "url": "https://www.reddit.com/r/AskHistorians/comments/5xdoi0/how_did_christianity_manage_to_grow_from_a_minor/", "whitelist_status": "all_ads", "quarantine": false, "subreddit_subscribers": 759191, "created_utc": 1488581992.0, "subreddit_name_prefixed": "r/AskHistorians", "distinguished": null, "media": null, "num_comments": 6, "upvote_ratio": 0.82, "mod_reports": [], "visited": false, "num_reports": null, "is_video": false, "ups": 66, "post_categories": null}}], "after": null, "before": null}}, {"kind": "Listing", "data": {"modhash": "", "dist": null, "children": [{"kind": "t1", "data": {"subreddit_id": "t5_2ssp3", "approved_at_utc": null, "ups": 0, "mod_reason_by": null, "banned_by": null, "removal_reason": null, "link_id": "t3_5xdoi0", "author_flair_template_id": null, "likes": null, "no_follow": true, "replies": {"kind": "Listing", "data": {"modhash": "", "dist": null, "children": [{"kind": "t1", "data": {"subreddit_id": "t5_2ssp3", "approved_at_utc": null, "ups": 1, "mod_reason_by": null, "banned_by": null, "removal_reason": null, "link_id": "t3_5xdoi0", "author_flair_template_id": "7b2f3f40-c626-11e2-9a3e-12313d1841d1", "likes": null, "no_follow": true, "replies": "", "user_reports": [], "saved": false, "id": "dehsyln", "banned_at_utc": null, "mod_reason_title": null, "gilded": 0, "archived": true, "report_reasons": null, "author": "commiespaceinvader", "can_mod_post": false, "send_replies": true, "parent_id": "t1_dehspsk", "score": 1, "approved_by": null, "downs": 0, "body": "We ask that answers in this subreddit be in-depth and comprehensive, and highly suggest that comments include citations for the information. In the future, please take the time to better familiarize yourself with [the rules](http://www.reddit.com/r/AskHistorians/wiki/rules#wiki_write_an_in-depth_answer), and take these key points into account before crafting an answer:\n\n* [Do I have the expertise needed to answer this question?](https://www.reddit.com/r/AskHistorians/comments/1jsabs/what_it_means_to_post_a_good_answer_in/)\n* [Have I done research on this question?](https://www.reddit.com/r/AskHistorians/comments/4kngwh/rules_roundtable_no_11_no_speculation/)\n* [Can I cite my sources?](https://www.reddit.com/r/AskHistorians/comments/3wn71y/rules_roundtable_1_explaining_the_rules_about/)\n* Can I answer follow-up questions?\n\nThank you!", "edited": false, "author_flair_css_class": "europe", "collapsed": false, "is_submitter": false, "collapsed_reason": null, "body_html": "&lt;div class=\"md\"&gt;&lt;p&gt;We ask that answers in this subreddit be in-depth and comprehensive, and highly suggest that comments include citations for the information. In the future, please take the time to better familiarize yourself with &lt;a href=\"http://www.reddit.com/r/AskHistorians/wiki/rules#wiki_write_an_in-depth_answer\"&gt;the rules&lt;/a&gt;, and take these key points into account before crafting an answer:&lt;/p&gt;\n\n&lt;ul&gt;\n&lt;li&gt;&lt;a href=\"https://www.reddit.com/r/AskHistorians/comments/1jsabs/what_it_means_to_post_a_good_answer_in/\"&gt;Do I have the expertise needed to answer this question?&lt;/a&gt;&lt;/li&gt;\n&lt;li&gt;&lt;a href=\"https://www.reddit.com/r/AskHistorians/comments/4kngwh/rules_roundtable_no_11_no_speculation/\"&gt;Have I done research on this question?&lt;/a&gt;&lt;/li&gt;\n&lt;li&gt;&lt;a href=\"https://www.reddit.com/r/AskHistorians/comments/3wn71y/rules_roundtable_1_explaining_the_rules_about/\"&gt;Can I cite my sources?&lt;/a&gt;&lt;/li&gt;\n&lt;li&gt;Can I answer follow-up questions?&lt;/li&gt;\n&lt;/ul&gt;\n\n&lt;p&gt;Thank you!&lt;/p&gt;\n&lt;/div&gt;", "subreddit_type": "public", "can_gild": true, "subreddit": "AskHistorians", "name": "t1_dehsyln", "score_hidden": false, "permalink": "/r/AskHistorians/comments/5xdoi0/how_did_christianity_manage_to_grow_from_a_minor/dehsyln/", "num_reports": null, "stickied": false, "created": 1488646570.0, "author_flair_text": "Moderator | Holocaust | Nazi Germany | Wehrmacht War Crimes", "created_utc": 1488617770.0, "subreddit_name_prefixed": "r/AskHistorians", "controversiality": 0, "depth": 1, "mod_reports": [], "mod_note": null, "distinguished": "moderator"}}], "after": null, "before": null}}, "user_reports": [], "saved": false, "id": "dehspsk", "banned_at_utc": null, "mod_reason_title": null, "gilded": 0, "archived": true, "report_reasons": null, "author": "[deleted]", "can_mod_post": false, "send_replies": true, "parent_id": "t3_5xdoi0", "score": 0, "approved_by": null, "downs": 0, "body": "[removed]", "edited": false, "author_flair_css_class": null, "collapsed": false, "is_submitter": false, "collapsed_reason": null, "body_html": "&lt;div class=\"md\"&gt;&lt;p&gt;[removed]&lt;/p&gt;\n&lt;/div&gt;", "subreddit_type": "public", "can_gild": true, "subreddit": "AskHistorians", "name": "t1_dehspsk", "score_hidden": false, "permalink": "/r/AskHistorians/comments/5xdoi0/how_did_christianity_manage_to_grow_from_a_minor/dehspsk/", "num_reports": null, "stickied": false, "created": 1488645796.0, "author_flair_text": null, "created_utc": 1488616996.0, "subreddit_name_prefixed": "r/AskHistorians", "controversiality": 0, "depth": 0, "mod_reports": [], "mod_note": null, "distinguished": null}}], "after": null, "before": null}}]