[{"kind": "Listing", "data": {"modhash": "", "dist": 1, "children": [{"kind": "t3", "data": {"subreddit_id": "t5_2ssp3", "approved_at_utc": null, "send_replies": true, "mod_reason_by": null, "banned_by": null, "removal_reason": null, "wls": 6, "subreddit": "AskHistorians", "selftext_html": "&lt;!-- SC_OFF --&gt;&lt;div class=\"md\"&gt;&lt;p&gt;On the surface, the war seems to be based on racial differences and apartheid government, but in interviews with White Rhodesians, they seem to think of the conflict as Capitalism versus Communism. Additionally, the large presence of native black troops in the Rhodesian Armed Forces alludes to the idea of an ideological struggle separated from race. Thanks in advance. &lt;/p&gt;\n&lt;/div&gt;&lt;!-- SC_ON --&gt;", "author_flair_template_id": null, "selftext": "On the surface, the war seems to be based on racial differences and apartheid government, but in interviews with White Rhodesians, they seem to think of the conflict as Capitalism versus Communism. Additionally, the large presence of native black troops in the Rhodesian Armed Forces alludes to the idea of an ideological struggle separated from race. Thanks in advance. ", "likes": null, "suggested_sort": null, "mod_note": null, "user_reports": [], "secure_media": null, "is_reddit_media_domain": false, "saved": false, "id": "8g4bw9", "banned_at_utc": null, "mod_reason_title": null, "view_count": null, "archived": false, "clicked": false, "no_follow": false, "author": "Peppychu", "num_crossposts": 0, "link_flair_text": null, "can_mod_post": false, "is_crosspostable": false, "pinned": false, "score": 21, "approved_by": null, "over_18": false, "domain": "self.AskHistorians", "hidden": false, "pwls": 6, "thumbnail": "", "hide_score": false, "edited": false, "link_flair_css_class": null, "media_only": false, "author_flair_css_class": null, "contest_mode": false, "gilded": 0, "title": "Was the Rhodesian Bush War a racial conflict or a battle of the opposing ideologies of Communism and Capitalism?", "downs": 0, "secure_media_embed": {}, "media_embed": {}, "author_flair_text": null, "stickied": false, "can_gild": false, "is_self": true, "parent_whitelist_status": "all_ads", "name": "t3_8g4bw9", "spoiler": false, "permalink": "/r/AskHistorians/comments/8g4bw9/was_the_rhodesian_bush_war_a_racial_conflict_or_a/", "subreddit_type": "public", "locked": false, "report_reasons": null, "created": 1525163235.0, "url": "https://www.reddit.com/r/AskHistorians/comments/8g4bw9/was_the_rhodesian_bush_war_a_racial_conflict_or_a/", "whitelist_status": "all_ads", "quarantine": false, "subreddit_subscribers": 757433, "created_utc": 1525134435.0, "subreddit_name_prefixed": "r/AskHistorians", "distinguished": null, "media": null, "num_comments": 1, "upvote_ratio": 0.83, "mod_reports": [], "visited": false, "num_reports": null, "is_video": false, "ups": 21, "post_categories": null}}], "after": null, "before": null}}, {"kind": "Listing", "data": {"modhash": "", "dist": null, "children": [{"kind": "t1", "data": {"subreddit_id": "t5_2ssp3", "approved_at_utc": null, "ups": 6, "mod_reason_by": null, "banned_by": null, "removal_reason": null, "link_id": "t3_8g4bw9", "author_flair_template_id": null, "likes": null, "no_follow": false, "replies": "", "user_reports": [], "saved": false, "id": "dy91ksu", "banned_at_utc": null, "mod_reason_title": null, "gilded": 0, "archived": false, "report_reasons": null, "author": "sopadepanda321", "can_mod_post": false, "send_replies": true, "parent_id": "t3_8g4bw9", "score": 6, "approved_by": null, "downs": 0, "body": "https://www.reddit.com/r/AskHistorians/comments/7ez6dz/the_rhodesian_bush_war_is_heavily_romanticised_by/\n\nu/MisterComrade does a great job deconstructing the mythos of the Bush War here. The motivation behind the UDI was not anti-communist, it was racial. Of course, it's quite silly to think that the UK would hand over power to a Communist dictator willingly. Smith had poll taxes targeted at black people in his elections and the preponderance of the evidence shows that a concern over the loss of white dominance was his main fear. ", "edited": 1525215197.0, "author_flair_css_class": null, "collapsed": false, "is_submitter": false, "collapsed_reason": null, "body_html": "&lt;div class=\"md\"&gt;&lt;p&gt;&lt;a href=\"https://www.reddit.com/r/AskHistorians/comments/7ez6dz/the_rhodesian_bush_war_is_heavily_romanticised_by/\"&gt;https://www.reddit.com/r/AskHistorians/comments/7ez6dz/the_rhodesian_bush_war_is_heavily_romanticised_by/&lt;/a&gt;&lt;/p&gt;\n\n&lt;p&gt;&lt;a href=\"/u/MisterComrade\"&gt;u/MisterComrade&lt;/a&gt; does a great job deconstructing the mythos of the Bush War here. The motivation behind the UDI was not anti-communist, it was racial. Of course, it&amp;#39;s quite silly to think that the UK would hand over power to a Communist dictator willingly. Smith had poll taxes targeted at black people in his elections and the preponderance of the evidence shows that a concern over the loss of white dominance was his main fear. &lt;/p&gt;\n&lt;/div&gt;", "subreddit_type": "public", "can_gild": true, "subreddit": "AskHistorians", "name": "t1_dy91ksu", "score_hidden": false, "permalink": "/r/AskHistorians/comments/8g4bw9/was_the_rhodesian_bush_war_a_racial_conflict_or_a/dy91ksu/", "num_reports": null, "stickied": false, "created": 1525175181.0, "author_flair_text": null, "created_utc": 1525146381.0, "subreddit_name_prefixed": "r/AskHistorians", "controversiality": 0, "depth": 0, "mod_reports": [], "mod_note": null, "distinguished": null}}], "after": null, "before": null}}]