[{"kind": "Listing", "data": {"modhash": "", "dist": 1, "children": [{"kind": "t3", "data": {"subreddit_id": "t5_2ssp3", "approved_at_utc": null, "send_replies": true, "mod_reason_by": null, "banned_by": null, "removal_reason": null, "wls": 6, "subreddit": "AskHistorians", "selftext_html": "&lt;!-- SC_OFF --&gt;&lt;div class=\"md\"&gt;&lt;p&gt;I imagine that after the Supreme Court handed down its decision in &lt;em&gt;Miranda v. Arizona&lt;/em&gt; there were several variants, and I think there are still some minor variations.&lt;/p&gt;\n\n&lt;p&gt;But who wrote the version that we now hear on TV and in movies, how long did it take to become standard, and what was the path for it to become the standard?&lt;/p&gt;\n&lt;/div&gt;&lt;!-- SC_ON --&gt;", "author_flair_template_id": null, "selftext": "I imagine that after the Supreme Court handed down its decision in *Miranda v. Arizona* there were several variants, and I think there are still some minor variations.\n\nBut who wrote the version that we now hear on TV and in movies, how long did it take to become standard, and what was the path for it to become the standard?", "likes": null, "suggested_sort": null, "mod_note": null, "user_reports": [], "secure_media": null, "is_reddit_media_domain": false, "saved": false, "id": "8g505q", "banned_at_utc": null, "mod_reason_title": null, "view_count": null, "archived": false, "clicked": false, "no_follow": false, "author": "NetworkLlama", "num_crossposts": 0, "link_flair_text": null, "can_mod_post": false, "is_crosspostable": false, "pinned": false, "score": 2, "approved_by": null, "over_18": false, "domain": "self.AskHistorians", "hidden": false, "pwls": 6, "thumbnail": "", "hide_score": false, "edited": false, "link_flair_css_class": null, "media_only": false, "author_flair_css_class": null, "contest_mode": false, "gilded": 0, "title": "Who wrote the text of the now standard Miranda warning?", "downs": 0, "secure_media_embed": {}, "media_embed": {}, "author_flair_text": null, "stickied": false, "can_gild": false, "is_self": true, "parent_whitelist_status": "all_ads", "name": "t3_8g505q", "spoiler": false, "permalink": "/r/AskHistorians/comments/8g505q/who_wrote_the_text_of_the_now_standard_miranda/", "subreddit_type": "public", "locked": false, "report_reasons": null, "created": 1525169411.0, "url": "https://www.reddit.com/r/AskHistorians/comments/8g505q/who_wrote_the_text_of_the_now_standard_miranda/", "whitelist_status": "all_ads", "quarantine": false, "subreddit_subscribers": 757433, "created_utc": 1525140611.0, "subreddit_name_prefixed": "r/AskHistorians", "distinguished": null, "media": null, "num_comments": 0, "upvote_ratio": 0.67, "mod_reports": [], "visited": false, "num_reports": null, "is_video": false, "ups": 2, "post_categories": null}}], "after": null, "before": null}}, {"kind": "Listing", "data": {"modhash": "", "dist": null, "children": [], "after": null, "before": null}}]