[{"kind": "Listing", "data": {"modhash": "", "dist": 1, "children": [{"kind": "t3", "data": {"subreddit_id": "t5_2ssp3", "approved_at_utc": null, "send_replies": true, "mod_reason_by": null, "banned_by": null, "removal_reason": null, "wls": 6, "subreddit": "AskHistorians", "selftext_html": "&lt;!-- SC_OFF --&gt;&lt;div class=\"md\"&gt;&lt;p&gt;&lt;a href=\"https://imgur.com/a/3D5kxrV\"&gt;https://imgur.com/a/3D5kxrV&lt;/a&gt;&lt;/p&gt;\n\n&lt;p&gt;He was an RAF pilot.  He did training in Florida, and the ship was either about to arrive or had just left Florida (I believe.  I did track its movements down a while ago, but I can&amp;#39;t seem to find that information now).  September 4th was a Friday, so the Thursday in question would have been the 3rd.&lt;/p&gt;\n\n&lt;p&gt;I suspect that the incident was probably mundane, but I would like to know for sure.  Any information you could provide would be great.&lt;/p&gt;\n\n&lt;p&gt;(when I was researching it back in high school I actually wrote a letter to a war bride who had come across the Atlantic on the ship after the war.)&lt;/p&gt;\n&lt;/div&gt;&lt;!-- SC_ON --&gt;", "author_flair_template_id": null, "selftext": "[https://imgur.com/a/3D5kxrV](https://imgur.com/a/3D5kxrV)\n\nHe was an RAF pilot.  He did training in Florida, and the ship was either about to arrive or had just left Florida \\(I believe.  I did track its movements down a while ago, but I can't seem to find that information now\\).  September 4th was a Friday, so the Thursday in question would have been the 3rd.\n\nI suspect that the incident was probably mundane, but I would like to know for sure.  Any information you could provide would be great.\n\n\\(when I was researching it back in high school I actually wrote a letter to a war bride who had come across the Atlantic on the ship after the war.\\)", "likes": null, "suggested_sort": null, "mod_note": null, "user_reports": [], "secure_media": null, "is_reddit_media_domain": false, "saved": false, "id": "8g9flp", "banned_at_utc": null, "mod_reason_title": null, "view_count": null, "archived": false, "clicked": false, "no_follow": true, "author": "Cape_of_Good_Trope", "num_crossposts": 0, "link_flair_text": null, "can_mod_post": false, "is_crosspostable": false, "pinned": false, "score": 3, "approved_by": null, "over_18": false, "domain": "self.AskHistorians", "hidden": false, "pwls": 6, "thumbnail": "", "hide_score": false, "edited": false, "link_flair_css_class": null, "media_only": false, "author_flair_css_class": null, "contest_mode": false, "gilded": 0, "title": "This memo was among my Grandfather's belongings when he died. Could anyone shed some light on the incident of Thursday evening?", "downs": 0, "secure_media_embed": {}, "media_embed": {}, "author_flair_text": null, "stickied": false, "can_gild": false, "is_self": true, "parent_whitelist_status": "all_ads", "name": "t3_8g9flp", "spoiler": false, "permalink": "/r/AskHistorians/comments/8g9flp/this_memo_was_among_my_grandfathers_belongings/", "subreddit_type": "public", "locked": false, "report_reasons": null, "created": 1525218355.0, "url": "https://www.reddit.com/r/AskHistorians/comments/8g9flp/this_memo_was_among_my_grandfathers_belongings/", "whitelist_status": "all_ads", "quarantine": false, "subreddit_subscribers": 757433, "created_utc": 1525189555.0, "subreddit_name_prefixed": "r/AskHistorians", "distinguished": null, "media": null, "num_comments": 4, "upvote_ratio": 0.72, "mod_reports": [], "visited": false, "num_reports": null, "is_video": false, "ups": 3, "post_categories": null}}], "after": null, "before": null}}, {"kind": "Listing", "data": {"modhash": "", "dist": null, "children": [{"kind": "t1", "data": {"subreddit_id": "t5_2ssp3", "approved_at_utc": null, "ups": 9, "mod_reason_by": null, "banned_by": null, "removal_reason": null, "link_id": "t3_8g9flp", "author_flair_template_id": null, "likes": null, "no_follow": true, "replies": "", "user_reports": [], "saved": false, "id": "dya2h3w", "banned_at_utc": null, "mod_reason_title": null, "gilded": 0, "archived": false, "report_reasons": null, "author": "RonPossible", "can_mod_post": false, "send_replies": true, "parent_id": "t3_8g9flp", "score": 9, "approved_by": null, "downs": 0, "body": "As you probably know, the USAT (Army Transport) *Barry* was a troopship, the former ocean liner SS *Oriente*, in Army service. \n\n*Barry* was part of convoy TA-18, departing Greenock, Scotland on August 27th, enroute to New York City, along with the SS *Monterey*, USS *West Point* (formerly SS *America*), and USS *Wakefield* (formerly SS *Manhattan*), and escorts.\n\nOn Thursday, September 3rd, 1942, off the coast near Halifax, a fire broke out belowdecks on the Coast Guard-manned *Wakefield*.  The escorting destroyer, USS *Mayo*\u00a0(DD-422)\u00a0and\u00a0cruiser USS *Brooklyn*\u00a0(CL-40) came to assist, taking off passengers, wounded, and non-essential personnel.  About 2100, the ship was abandoned and *Brooklyn* took off the remaining crew.  The ship was towed to Halifax, and then to Boston where it was repairs and returned to service.\n\nBlair, Clay. *Hitler's U-Boat War: The Hunters, 1939-1942*\n\nOstrom, Thomas P. *The United States Coast Guard in World War II*\n", "edited": 1525240601.0, "author_flair_css_class": null, "collapsed": false, "is_submitter": false, "collapsed_reason": null, "body_html": "&lt;div class=\"md\"&gt;&lt;p&gt;As you probably know, the USAT (Army Transport) &lt;em&gt;Barry&lt;/em&gt; was a troopship, the former ocean liner SS &lt;em&gt;Oriente&lt;/em&gt;, in Army service. &lt;/p&gt;\n\n&lt;p&gt;&lt;em&gt;Barry&lt;/em&gt; was part of convoy TA-18, departing Greenock, Scotland on August 27th, enroute to New York City, along with the SS &lt;em&gt;Monterey&lt;/em&gt;, USS &lt;em&gt;West Point&lt;/em&gt; (formerly SS &lt;em&gt;America&lt;/em&gt;), and USS &lt;em&gt;Wakefield&lt;/em&gt; (formerly SS &lt;em&gt;Manhattan&lt;/em&gt;), and escorts.&lt;/p&gt;\n\n&lt;p&gt;On Thursday, September 3rd, 1942, off the coast near Halifax, a fire broke out belowdecks on the Coast Guard-manned &lt;em&gt;Wakefield&lt;/em&gt;.  The escorting destroyer, USS &lt;em&gt;Mayo&lt;/em&gt;\u00a0(DD-422)\u00a0and\u00a0cruiser USS &lt;em&gt;Brooklyn&lt;/em&gt;\u00a0(CL-40) came to assist, taking off passengers, wounded, and non-essential personnel.  About 2100, the ship was abandoned and &lt;em&gt;Brooklyn&lt;/em&gt; took off the remaining crew.  The ship was towed to Halifax, and then to Boston where it was repairs and returned to service.&lt;/p&gt;\n\n&lt;p&gt;Blair, Clay. &lt;em&gt;Hitler&amp;#39;s U-Boat War: The Hunters, 1939-1942&lt;/em&gt;&lt;/p&gt;\n\n&lt;p&gt;Ostrom, Thomas P. &lt;em&gt;The United States Coast Guard in World War II&lt;/em&gt;&lt;/p&gt;\n&lt;/div&gt;", "subreddit_type": "public", "can_gild": true, "subreddit": "AskHistorians", "name": "t1_dya2h3w", "score_hidden": false, "permalink": "/r/AskHistorians/comments/8g9flp/this_memo_was_among_my_grandfathers_belongings/dya2h3w/", "num_reports": null, "stickied": false, "created": 1525226527.0, "author_flair_text": null, "created_utc": 1525197727.0, "subreddit_name_prefixed": "r/AskHistorians", "controversiality": 0, "depth": 0, "mod_reports": [], "mod_note": null, "distinguished": null}}, {"kind": "t1", "data": {"subreddit_id": "t5_2ssp3", "approved_at_utc": null, "ups": 2, "mod_reason_by": null, "banned_by": null, "removal_reason": null, "link_id": "t3_8g9flp", "author_flair_template_id": null, "likes": null, "no_follow": true, "replies": {"kind": "Listing", "data": {"modhash": "", "dist": null, "children": [{"kind": "t1", "data": {"subreddit_id": "t5_2ssp3", "approved_at_utc": null, "ups": 1, "mod_reason_by": null, "banned_by": null, "removal_reason": null, "link_id": "t3_8g9flp", "author_flair_template_id": "7b2f3f40-c626-11e2-9a3e-12313d1841d1", "likes": null, "no_follow": true, "replies": "", "user_reports": [], "saved": false, "id": "dya49ix", "banned_at_utc": null, "mod_reason_title": null, "gilded": 0, "archived": false, "report_reasons": null, "author": "commiespaceinvader", "can_mod_post": false, "send_replies": true, "parent_id": "t1_dya0vxq", "score": 1, "approved_by": null, "downs": 0, "body": "Please understand that people come here because they want an informed response from someone capable of engaging with the sources, and providing follow up information. While there are other sites where the answer may be available, simply dropping a link, or quoting from a source, without properly contextualizing it, is a violation of the [rules we have in place here.](https://www.reddit.com/r/AskHistorians/wiki/rules#wiki_do_not_just_post_links_or_quotations) These sources of course can make up an important part of a well-rounded answer, but do not equal an answer on their own. You can find further discussion of this policy [here](https://www.reddit.com/r/AskHistorians/comments/3yjz53/rules_roundtable_2_explaining_the_rules_regarding/).\n\nIn the future, please take the time to better familiarize yourself with [the rules](http://www.reddit.com/r/AskHistorians/wiki/rules#wiki_write_an_in-depth_answer), and be sure that your answer demonstrates these four key points:\n\n* Do I have the expertise needed to answer this question?\n* Have I done research on this question?\n* Can I cite academic quality primary and secondary sources?\n* Can I answer follow-up questions?\n\nThank you!", "edited": false, "author_flair_css_class": "europe", "collapsed": false, "is_submitter": false, "collapsed_reason": null, "body_html": "&lt;div class=\"md\"&gt;&lt;p&gt;Please understand that people come here because they want an informed response from someone capable of engaging with the sources, and providing follow up information. While there are other sites where the answer may be available, simply dropping a link, or quoting from a source, without properly contextualizing it, is a violation of the &lt;a href=\"https://www.reddit.com/r/AskHistorians/wiki/rules#wiki_do_not_just_post_links_or_quotations\"&gt;rules we have in place here.&lt;/a&gt; These sources of course can make up an important part of a well-rounded answer, but do not equal an answer on their own. You can find further discussion of this policy &lt;a href=\"https://www.reddit.com/r/AskHistorians/comments/3yjz53/rules_roundtable_2_explaining_the_rules_regarding/\"&gt;here&lt;/a&gt;.&lt;/p&gt;\n\n&lt;p&gt;In the future, please take the time to better familiarize yourself with &lt;a href=\"http://www.reddit.com/r/AskHistorians/wiki/rules#wiki_write_an_in-depth_answer\"&gt;the rules&lt;/a&gt;, and be sure that your answer demonstrates these four key points:&lt;/p&gt;\n\n&lt;ul&gt;\n&lt;li&gt;Do I have the expertise needed to answer this question?&lt;/li&gt;\n&lt;li&gt;Have I done research on this question?&lt;/li&gt;\n&lt;li&gt;Can I cite academic quality primary and secondary sources?&lt;/li&gt;\n&lt;li&gt;Can I answer follow-up questions?&lt;/li&gt;\n&lt;/ul&gt;\n\n&lt;p&gt;Thank you!&lt;/p&gt;\n&lt;/div&gt;", "subreddit_type": "public", "can_gild": true, "subreddit": "AskHistorians", "name": "t1_dya49ix", "score_hidden": false, "permalink": "/r/AskHistorians/comments/8g9flp/this_memo_was_among_my_grandfathers_belongings/dya49ix/", "num_reports": null, "stickied": false, "created": 1525228132.0, "author_flair_text": "Moderator | Holocaust | Nazi Germany | Wehrmacht War Crimes", "created_utc": 1525199332.0, "subreddit_name_prefixed": "r/AskHistorians", "controversiality": 0, "depth": 1, "mod_reports": [], "mod_note": null, "distinguished": "moderator"}}], "after": null, "before": null}}, "user_reports": [], "saved": false, "id": "dya0vxq", "banned_at_utc": null, "mod_reason_title": null, "gilded": 0, "archived": false, "report_reasons": null, "author": "[deleted]", "can_mod_post": false, "send_replies": true, "parent_id": "t3_8g9flp", "score": 2, "approved_by": null, "downs": 0, "body": "[removed]", "edited": false, "author_flair_css_class": null, "collapsed": false, "is_submitter": false, "collapsed_reason": null, "body_html": "&lt;div class=\"md\"&gt;&lt;p&gt;[removed]&lt;/p&gt;\n&lt;/div&gt;", "subreddit_type": "public", "can_gild": true, "subreddit": "AskHistorians", "name": "t1_dya0vxq", "score_hidden": false, "permalink": "/r/AskHistorians/comments/8g9flp/this_memo_was_among_my_grandfathers_belongings/dya0vxq/", "num_reports": null, "stickied": false, "created": 1525225111.0, "author_flair_text": null, "created_utc": 1525196311.0, "subreddit_name_prefixed": "r/AskHistorians", "controversiality": 0, "depth": 0, "mod_reports": [], "mod_note": null, "distinguished": null}}], "after": null, "before": null}}]