[{"kind": "Listing", "data": {"modhash": "", "dist": 1, "children": [{"kind": "t3", "data": {"approved_at_utc": null, "subreddit": "AskHistorians", "selftext": "", "user_reports": [], "saved": false, "mod_reason_title": null, "gilded": 0, "clicked": false, "title": "Did civil servants in the Qing Dynasty have to learn Manchu or any other languages?", "link_flair_richtext": [], "subreddit_name_prefixed": "r/AskHistorians", "hidden": false, "pwls": 6, "link_flair_css_class": null, "downs": 0, "parent_whitelist_status": "all_ads", "hide_score": false, "name": "t3_6kwlfl", "quarantine": false, "link_flair_text_color": "dark", "upvote_ratio": 0.64, "author_flair_background_color": null, "subreddit_type": "public", "ups": 3, "domain": "self.AskHistorians", "media_embed": {}, "author_flair_template_id": null, "is_original_content": false, "secure_media": null, "is_reddit_media_domain": false, "category": null, "secure_media_embed": {}, "link_flair_text": null, "can_mod_post": false, "score": 3, "approved_by": null, "thumbnail": "", "edited": false, "author_flair_css_class": null, "author_flair_richtext": [], "content_categories": null, "is_self": true, "mod_note": null, "created": 1499069513.0, "link_flair_type": "text", "wls": 6, "post_categories": null, "banned_by": null, "author_flair_type": "text", "contest_mode": false, "selftext_html": null, "likes": null, "suggested_sort": null, "banned_at_utc": null, "view_count": null, "archived": true, "no_follow": false, "is_crosspostable": false, "pinned": false, "over_18": false, "media_only": false, "can_gild": false, "spoiler": false, "locked": false, "author_flair_text": null, "rte_mode": "markdown", "visited": false, "num_reports": null, "distinguished": null, "subreddit_id": "t5_2ssp3", "mod_reason_by": null, "removal_reason": null, "id": "6kwlfl", "report_reasons": null, "author": "LordBrighton", "num_crossposts": 0, "num_comments": 2, "send_replies": true, "mod_reports": [], "author_flair_text_color": null, "permalink": "/r/AskHistorians/comments/6kwlfl/did_civil_servants_in_the_qing_dynasty_have_to/", "whitelist_status": "all_ads", "stickied": false, "url": "https://www.reddit.com/r/AskHistorians/comments/6kwlfl/did_civil_servants_in_the_qing_dynasty_have_to/", "subreddit_subscribers": 771553, "created_utc": 1499040713.0, "media": null, "is_video": false}}], "after": null, "before": null}}, {"kind": "Listing", "data": {"modhash": "", "dist": null, "children": [{"kind": "t1", "data": {"subreddit_id": "t5_2ssp3", "approved_at_utc": null, "ups": 1, "mod_reason_by": null, "banned_by": null, "author_flair_type": "text", "removal_reason": null, "link_id": "t3_6kwlfl", "author_flair_template_id": null, "likes": null, "no_follow": true, "replies": {"kind": "Listing", "data": {"modhash": "", "dist": null, "children": [{"kind": "t1", "data": {"subreddit_id": "t5_2ssp3", "approved_at_utc": null, "ups": 1, "mod_reason_by": null, "banned_by": null, "author_flair_type": "text", "removal_reason": null, "link_id": "t3_6kwlfl", "author_flair_template_id": null, "likes": null, "no_follow": true, "replies": "", "user_reports": [], "saved": false, "id": "djqwq0m", "banned_at_utc": null, "mod_reason_title": null, "gilded": 0, "archived": true, "report_reasons": null, "author": "LordBrighton", "can_mod_post": false, "send_replies": true, "parent_id": "t1_djpgc9i", "score": 1, "approved_by": null, "downs": 0, "body": "Fabulous answer! Thanks!", "edited": false, "author_flair_css_class": null, "collapsed": false, "author_flair_richtext": [], "is_submitter": true, "collapsed_reason": null, "body_html": "&lt;div class=\"md\"&gt;&lt;p&gt;Fabulous answer! Thanks!&lt;/p&gt;\n&lt;/div&gt;", "stickied": false, "subreddit_type": "public", "can_gild": true, "subreddit": "AskHistorians", "author_flair_text_color": null, "score_hidden": false, "permalink": "/r/AskHistorians/comments/6kwlfl/did_civil_servants_in_the_qing_dynasty_have_to/djqwq0m/", "num_reports": null, "name": "t1_djqwq0m", "created": 1499159033.0, "author_flair_text": null, "rte_mode": "markdown", "created_utc": 1499130233.0, "subreddit_name_prefixed": "r/AskHistorians", "controversiality": 0, "depth": 1, "author_flair_background_color": null, "mod_reports": [], "mod_note": null, "distinguished": null}}], "after": null, "before": null}}, "user_reports": [], "saved": false, "id": "djpgc9i", "banned_at_utc": null, "mod_reason_title": null, "gilded": 0, "archived": true, "report_reasons": null, "author": "chauser67", "can_mod_post": false, "send_replies": true, "parent_id": "t3_6kwlfl", "score": 1, "approved_by": null, "downs": 0, "body": "Good question. Despite their origins on the north-eastern frontier, the Qing Dynasty governed a fundamentally Han dominated empire. As such, the language of governance remained much the same it always had. Classical Chinese served for official written functions and anything concerning the imperial court. The Manchu language and script did not fare well during the Dynasty's rule. Successive generations of Manchu bannermen interacting with broader Chinese society (something frowned upon by the imperial government) led them to mostly adopt the northern Mandarin dialect, though this made them nearly as perspicuous from locals in most parts of the empire as the Manchu language had. \n\nManchu did receive imperial patronage, though not to the extent of requiring Han officials to learn it. Manchu bannermen were permitted to write their examinations for civil service in the Manchu script, and would receive favourable consideration for doing so. This policy would not however keep the script alive and the writing system had mostly disappeared by the end of the dynasty.\n\nSo why then, not simply require all civil servants to learn Manchu? Because fundamentally, no-one wanted that. The initial conquest had left the Qing in control of a enormous population that featured a large and somewhat intransigent literati class. Enough blood had been spilled over the issue of hairstyle and compromise had been needed over dress. Requiring the intellectual elites of the population to use Manchu instead of Classical Chinese would have been a pale too far. \n\nBut even after the conquest, Manchu remained a separate language for use by bannermen and the imperial court (usually only in private functions, mind) until displaced by court Mandarin. Successive Qing emperors held to the principle that the Manchu people, by virtue of their traditional way of living were morally superior to their subjects and thus held the right to rule. Thus the Manchu language was seen as a vital part of their exclusive traditions, though one increasingly discarded as time wore on. ", "edited": false, "author_flair_css_class": null, "collapsed": false, "author_flair_richtext": [], "is_submitter": false, "collapsed_reason": null, "body_html": "&lt;div class=\"md\"&gt;&lt;p&gt;Good question. Despite their origins on the north-eastern frontier, the Qing Dynasty governed a fundamentally Han dominated empire. As such, the language of governance remained much the same it always had. Classical Chinese served for official written functions and anything concerning the imperial court. The Manchu language and script did not fare well during the Dynasty&amp;#39;s rule. Successive generations of Manchu bannermen interacting with broader Chinese society (something frowned upon by the imperial government) led them to mostly adopt the northern Mandarin dialect, though this made them nearly as perspicuous from locals in most parts of the empire as the Manchu language had. &lt;/p&gt;\n\n&lt;p&gt;Manchu did receive imperial patronage, though not to the extent of requiring Han officials to learn it. Manchu bannermen were permitted to write their examinations for civil service in the Manchu script, and would receive favourable consideration for doing so. This policy would not however keep the script alive and the writing system had mostly disappeared by the end of the dynasty.&lt;/p&gt;\n\n&lt;p&gt;So why then, not simply require all civil servants to learn Manchu? Because fundamentally, no-one wanted that. The initial conquest had left the Qing in control of a enormous population that featured a large and somewhat intransigent literati class. Enough blood had been spilled over the issue of hairstyle and compromise had been needed over dress. Requiring the intellectual elites of the population to use Manchu instead of Classical Chinese would have been a pale too far. &lt;/p&gt;\n\n&lt;p&gt;But even after the conquest, Manchu remained a separate language for use by bannermen and the imperial court (usually only in private functions, mind) until displaced by court Mandarin. Successive Qing emperors held to the principle that the Manchu people, by virtue of their traditional way of living were morally superior to their subjects and thus held the right to rule. Thus the Manchu language was seen as a vital part of their exclusive traditions, though one increasingly discarded as time wore on. &lt;/p&gt;\n&lt;/div&gt;", "stickied": false, "subreddit_type": "public", "can_gild": true, "subreddit": "AskHistorians", "author_flair_text_color": null, "score_hidden": false, "permalink": "/r/AskHistorians/comments/6kwlfl/did_civil_servants_in_the_qing_dynasty_have_to/djpgc9i/", "num_reports": null, "name": "t1_djpgc9i", "created": 1499076033.0, "author_flair_text": null, "rte_mode": "markdown", "created_utc": 1499047233.0, "subreddit_name_prefixed": "r/AskHistorians", "controversiality": 0, "depth": 0, "author_flair_background_color": null, "mod_reports": [], "mod_note": null, "distinguished": null}}], "after": null, "before": null}}]