[{"kind": "Listing", "data": {"modhash": "", "dist": 1, "children": [{"kind": "t3", "data": {"approved_at_utc": null, "subreddit": "AskHistorians", "selftext": "I'm sure it was an even more brutal and tedious task than I imagine, given we're talking about a world that has not yet industrialised.\n\nSawing down trees is one thing, but dealing with fields of giant tree stumps and root systems is entirely another!", "user_reports": [], "saved": false, "mod_reason_title": null, "gilded": 0, "clicked": false, "title": "When reading about early American colonies, there is much talk about clearing forests. Exactly how did early colonists physically clear forests, and how long could they expect to be working on forest clearing before they have established a usable parcel of land?", "link_flair_richtext": [], "subreddit_name_prefixed": "r/AskHistorians", "hidden": false, "pwls": 6, "link_flair_css_class": null, "downs": 0, "parent_whitelist_status": "all_ads", "hide_score": false, "name": "t3_6kzxiz", "quarantine": false, "link_flair_text_color": "dark", "upvote_ratio": 0.8, "author_flair_background_color": null, "subreddit_type": "public", "ups": 37, "domain": "self.AskHistorians", "media_embed": {}, "author_flair_template_id": null, "is_original_content": false, "secure_media": null, "is_reddit_media_domain": false, "category": null, "secure_media_embed": {}, "link_flair_text": null, "can_mod_post": false, "score": 37, "approved_by": null, "thumbnail": "", "edited": 1499091448.0, "author_flair_css_class": null, "author_flair_richtext": [], "content_categories": null, "is_self": true, "mod_note": null, "created": 1499117885.0, "link_flair_type": "text", "wls": 6, "post_categories": null, "banned_by": null, "author_flair_type": "text", "contest_mode": false, "selftext_html": "&lt;!-- SC_OFF --&gt;&lt;div class=\"md\"&gt;&lt;p&gt;I&amp;#39;m sure it was an even more brutal and tedious task than I imagine, given we&amp;#39;re talking about a world that has not yet industrialised.&lt;/p&gt;\n\n&lt;p&gt;Sawing down trees is one thing, but dealing with fields of giant tree stumps and root systems is entirely another!&lt;/p&gt;\n&lt;/div&gt;&lt;!-- SC_ON --&gt;", "likes": null, "suggested_sort": null, "banned_at_utc": null, "view_count": null, "archived": true, "no_follow": false, "is_crosspostable": false, "pinned": false, "over_18": false, "media_only": false, "can_gild": false, "spoiler": false, "locked": false, "author_flair_text": null, "rte_mode": "markdown", "visited": false, "num_reports": null, "distinguished": null, "subreddit_id": "t5_2ssp3", "mod_reason_by": null, "removal_reason": null, "id": "6kzxiz", "report_reasons": null, "author": "zebra_humbucker", "num_crossposts": 0, "num_comments": 5, "send_replies": true, "mod_reports": [], "author_flair_text_color": null, "permalink": "/r/AskHistorians/comments/6kzxiz/when_reading_about_early_american_colonies_there/", "whitelist_status": "all_ads", "stickied": false, "url": "https://www.reddit.com/r/AskHistorians/comments/6kzxiz/when_reading_about_early_american_colonies_there/", "subreddit_subscribers": 771554, "created_utc": 1499089085.0, "media": null, "is_video": false}}], "after": null, "before": null}}, {"kind": "Listing", "data": {"modhash": "", "dist": null, "children": [{"kind": "t1", "data": {"subreddit_id": "t5_2ssp3", "approved_at_utc": null, "ups": 26, "mod_reason_by": null, "banned_by": null, "author_flair_type": "text", "removal_reason": null, "link_id": "t3_6kzxiz", "author_flair_template_id": null, "likes": null, "no_follow": false, "replies": {"kind": "Listing", "data": {"modhash": "", "dist": null, "children": [{"kind": "t1", "data": {"subreddit_id": "t5_2ssp3", "approved_at_utc": null, "ups": 6, "mod_reason_by": null, "banned_by": null, "author_flair_type": "text", "removal_reason": null, "link_id": "t3_6kzxiz", "author_flair_template_id": null, "likes": null, "no_follow": false, "replies": {"kind": "Listing", "data": {"modhash": "", "dist": null, "children": [{"kind": "t1", "data": {"subreddit_id": "t5_2ssp3", "approved_at_utc": null, "ups": 9, "mod_reason_by": null, "banned_by": null, "author_flair_type": "text", "removal_reason": null, "link_id": "t3_6kzxiz", "author_flair_template_id": null, "likes": null, "no_follow": false, "replies": {"kind": "Listing", "data": {"modhash": "", "dist": null, "children": [{"kind": "t1", "data": {"subreddit_id": "t5_2ssp3", "approved_at_utc": null, "ups": 3, "mod_reason_by": null, "banned_by": null, "author_flair_type": "text", "removal_reason": null, "link_id": "t3_6kzxiz", "author_flair_template_id": null, "likes": null, "no_follow": false, "replies": "", "user_reports": [], "saved": false, "id": "djq8kiz", "banned_at_utc": null, "mod_reason_title": null, "gilded": 0, "archived": true, "report_reasons": null, "author": "Akerlof", "can_mod_post": false, "send_replies": true, "parent_id": "t1_djq7pnr", "score": 3, "approved_by": null, "downs": 0, "body": "That method was in the context of Ohio pioneers, where the forest was so thick [\"a squirrel could have run from the Ohio River to Lake Erie on the canopy of treetops without touching the ground.\"](https://books.google.com/books?id=JNtbDVkxS5QC&amp;pg=PA90&amp;dq=a+squirrel+could+have+run+from+the+Ohio+River+to+Lake+Erie+on+the+canopy+of+treetops+without+touching+the+ground&amp;hl=en&amp;sa=X&amp;ved=0ahUKEwiLudHsw-3UAhUM2IMKHaCBDIMQ6AEIKDAA#v=onepage&amp;q=a%20squirrel%20could%20have%20run%20from%20the%20Ohio%20River%20to%20Lake%20Erie%20on%20the%20canopy%20of%20treetops%20without%20touching%20the%20ground&amp;f=false) (That's just the easiest reference I could find for the saying, it seems like a common anecdote.) From what I understood, pioneers would clear out all the smaller trees and plant around the stumps, but they'd have to kill off the largest trees to really clear the fields, so it was a multi stage process. \n\nAlso, what I meant by \"non-specialized hand tools\" were things like axes, knives even moderately sized (3-4' maybe) crosscut saws. But not the [massive things](http://media.finedictionary.com/pictures/219/4/1243.jpg) necessary for cutting 6-8' or larger diameter hardwoods.\n\nBut, like I said, this is based on my memory of re-enactors and junior high level local history. I don't have any academic sources and am not sure how accurate it is.", "edited": false, "author_flair_css_class": null, "collapsed": false, "author_flair_richtext": [], "is_submitter": false, "collapsed_reason": null, "body_html": "&lt;div class=\"md\"&gt;&lt;p&gt;That method was in the context of Ohio pioneers, where the forest was so thick &lt;a href=\"https://books.google.com/books?id=JNtbDVkxS5QC&amp;amp;pg=PA90&amp;amp;dq=a+squirrel+could+have+run+from+the+Ohio+River+to+Lake+Erie+on+the+canopy+of+treetops+without+touching+the+ground&amp;amp;hl=en&amp;amp;sa=X&amp;amp;ved=0ahUKEwiLudHsw-3UAhUM2IMKHaCBDIMQ6AEIKDAA#v=onepage&amp;amp;q=a%20squirrel%20could%20have%20run%20from%20the%20Ohio%20River%20to%20Lake%20Erie%20on%20the%20canopy%20of%20treetops%20without%20touching%20the%20ground&amp;amp;f=false\"&gt;&amp;quot;a squirrel could have run from the Ohio River to Lake Erie on the canopy of treetops without touching the ground.&amp;quot;&lt;/a&gt; (That&amp;#39;s just the easiest reference I could find for the saying, it seems like a common anecdote.) From what I understood, pioneers would clear out all the smaller trees and plant around the stumps, but they&amp;#39;d have to kill off the largest trees to really clear the fields, so it was a multi stage process. &lt;/p&gt;\n\n&lt;p&gt;Also, what I meant by &amp;quot;non-specialized hand tools&amp;quot; were things like axes, knives even moderately sized (3-4&amp;#39; maybe) crosscut saws. But not the &lt;a href=\"http://media.finedictionary.com/pictures/219/4/1243.jpg\"&gt;massive things&lt;/a&gt; necessary for cutting 6-8&amp;#39; or larger diameter hardwoods.&lt;/p&gt;\n\n&lt;p&gt;But, like I said, this is based on my memory of re-enactors and junior high level local history. I don&amp;#39;t have any academic sources and am not sure how accurate it is.&lt;/p&gt;\n&lt;/div&gt;", "stickied": false, "subreddit_type": "public", "can_gild": true, "subreddit": "AskHistorians", "author_flair_text_color": null, "score_hidden": false, "permalink": "/r/AskHistorians/comments/6kzxiz/when_reading_about_early_american_colonies_there/djq8kiz/", "num_reports": null, "name": "t1_djq8kiz", "created": 1499128554.0, "author_flair_text": null, "rte_mode": "markdown", "created_utc": 1499099754.0, "subreddit_name_prefixed": "r/AskHistorians", "controversiality": 0, "depth": 3, "author_flair_background_color": null, "mod_reports": [], "mod_note": null, "distinguished": null}}], "after": null, "before": null}}, "user_reports": [], "saved": false, "id": "djq7pnr", "banned_at_utc": null, "mod_reason_title": null, "gilded": 0, "archived": true, "report_reasons": null, "author": "atximport", "can_mod_post": false, "send_replies": true, "parent_id": "t1_djq5tc4", "score": 9, "approved_by": null, "downs": 0, "body": "Just chipping off the bark in a ring around the trunk will kill it no doubt.  That is another way to fell a tree, but that is typically for as you said larger trees of harder woods but not of a pioneering family.  \n\nPioneers sole focus would be to create plantable farmland as quickly as possible to grow grain for their animals and food for themselves.  If you don't have enough cleared and planted, there are mouths going unfed.  Waiting for a tree to die would take entirely too long.  As well, if you are wanting firewood, you want the tree alive when the wood is cut so it can be cured for storage.  With this method, the tree would rot, so it would not be as good for firewood.  Also, you would have little to no control over where it fell, which would not be a danger that someone homesteading would like near their home.\n\nIt would work and I am sure it was used throughout time but not for \"clearing\" land.  That process is converting forest to farmland and the speed is a factor in producing enough usable land for crops.  They could live off supplies and hunting and fishing for a short time to get started but without enough crops the farm would eventually fail.\n\nOne other thing to note, if you are a pioneer in the last 500 years and you don't have simple tools like an axe, knife, saw, or the like, you would not be able to establish a settlement.  You might be able to survive, but you would be a survivalist, not a pioneering homesteader.\n", "edited": false, "author_flair_css_class": null, "collapsed": false, "author_flair_richtext": [], "is_submitter": false, "collapsed_reason": null, "body_html": "&lt;div class=\"md\"&gt;&lt;p&gt;Just chipping off the bark in a ring around the trunk will kill it no doubt.  That is another way to fell a tree, but that is typically for as you said larger trees of harder woods but not of a pioneering family.  &lt;/p&gt;\n\n&lt;p&gt;Pioneers sole focus would be to create plantable farmland as quickly as possible to grow grain for their animals and food for themselves.  If you don&amp;#39;t have enough cleared and planted, there are mouths going unfed.  Waiting for a tree to die would take entirely too long.  As well, if you are wanting firewood, you want the tree alive when the wood is cut so it can be cured for storage.  With this method, the tree would rot, so it would not be as good for firewood.  Also, you would have little to no control over where it fell, which would not be a danger that someone homesteading would like near their home.&lt;/p&gt;\n\n&lt;p&gt;It would work and I am sure it was used throughout time but not for &amp;quot;clearing&amp;quot; land.  That process is converting forest to farmland and the speed is a factor in producing enough usable land for crops.  They could live off supplies and hunting and fishing for a short time to get started but without enough crops the farm would eventually fail.&lt;/p&gt;\n\n&lt;p&gt;One other thing to note, if you are a pioneer in the last 500 years and you don&amp;#39;t have simple tools like an axe, knife, saw, or the like, you would not be able to establish a settlement.  You might be able to survive, but you would be a survivalist, not a pioneering homesteader.&lt;/p&gt;\n&lt;/div&gt;", "stickied": false, "subreddit_type": "public", "can_gild": true, "subreddit": "AskHistorians", "author_flair_text_color": null, "score_hidden": false, "permalink": "/r/AskHistorians/comments/6kzxiz/when_reading_about_early_american_colonies_there/djq7pnr/", "num_reports": null, "name": "t1_djq7pnr", "created": 1499127526.0, "author_flair_text": null, "rte_mode": "markdown", "created_utc": 1499098726.0, "subreddit_name_prefixed": "r/AskHistorians", "controversiality": 0, "depth": 2, "author_flair_background_color": null, "mod_reports": [], "mod_note": null, "distinguished": null}}], "after": null, "before": null}}, "user_reports": [], "saved": false, "id": "djq5tc4", "banned_at_utc": null, "mod_reason_title": null, "gilded": 0, "archived": true, "report_reasons": null, "author": "Akerlof", "can_mod_post": false, "send_replies": true, "parent_id": "t1_djq2nfw", "score": 6, "approved_by": null, "downs": 0, "body": "I've heard of cutting (or burning) a ring through the sapwood then letting the tree die off over the course of a year as a method of clearing large trees when all you have are non-specialized hand tools. Are you familiar with this, or was that something that was misconstrued by amateurs/19th century historians?", "edited": false, "author_flair_css_class": null, "collapsed": false, "author_flair_richtext": [], "is_submitter": false, "collapsed_reason": null, "body_html": "&lt;div class=\"md\"&gt;&lt;p&gt;I&amp;#39;ve heard of cutting (or burning) a ring through the sapwood then letting the tree die off over the course of a year as a method of clearing large trees when all you have are non-specialized hand tools. Are you familiar with this, or was that something that was misconstrued by amateurs/19th century historians?&lt;/p&gt;\n&lt;/div&gt;", "stickied": false, "subreddit_type": "public", "can_gild": true, "subreddit": "AskHistorians", "author_flair_text_color": null, "score_hidden": false, "permalink": "/r/AskHistorians/comments/6kzxiz/when_reading_about_early_american_colonies_there/djq5tc4/", "num_reports": null, "name": "t1_djq5tc4", "created": 1499125230.0, "author_flair_text": null, "rte_mode": "markdown", "created_utc": 1499096430.0, "subreddit_name_prefixed": "r/AskHistorians", "controversiality": 0, "depth": 1, "author_flair_background_color": null, "mod_reports": [], "mod_note": null, "distinguished": null}}, {"kind": "t1", "data": {"subreddit_id": "t5_2ssp3", "approved_at_utc": null, "ups": 2, "mod_reason_by": null, "banned_by": null, "author_flair_type": "text", "removal_reason": null, "link_id": "t3_6kzxiz", "author_flair_template_id": null, "likes": null, "no_follow": true, "replies": "", "user_reports": [], "saved": false, "id": "djq2u27", "banned_at_utc": null, "mod_reason_title": null, "gilded": 0, "archived": true, "report_reasons": null, "author": "zebra_humbucker", "can_mod_post": false, "send_replies": true, "parent_id": "t1_djq2nfw", "score": 2, "approved_by": null, "downs": 0, "body": "Thank you. Great answer.", "edited": false, "author_flair_css_class": null, "collapsed": false, "author_flair_richtext": [], "is_submitter": true, "collapsed_reason": null, "body_html": "&lt;div class=\"md\"&gt;&lt;p&gt;Thank you. Great answer.&lt;/p&gt;\n&lt;/div&gt;", "stickied": false, "subreddit_type": "public", "can_gild": true, "subreddit": "AskHistorians", "author_flair_text_color": null, "score_hidden": false, "permalink": "/r/AskHistorians/comments/6kzxiz/when_reading_about_early_american_colonies_there/djq2u27/", "num_reports": null, "name": "t1_djq2u27", "created": 1499121405.0, "author_flair_text": null, "rte_mode": "markdown", "created_utc": 1499092605.0, "subreddit_name_prefixed": "r/AskHistorians", "controversiality": 0, "depth": 1, "author_flair_background_color": null, "mod_reports": [], "mod_note": null, "distinguished": null}}], "after": null, "before": null}}, "user_reports": [], "saved": false, "id": "djq2nfw", "banned_at_utc": null, "mod_reason_title": null, "gilded": 0, "archived": true, "report_reasons": null, "author": "atximport", "can_mod_post": false, "send_replies": true, "parent_id": "t3_6kzxiz", "score": 26, "approved_by": null, "downs": 0, "body": "First I should point out that \"clearing\" was an ongoing process and usually pioneers would clear as much as they could to begin planting crops and then add more acreage as the years went by. There were no luxuries like time to wait to get it cleared. Unless you have very large and expensive machinery, the process is the same although mechanization has sped things up considerably.\n\nTypically you would start by clearing out the underbrush.  This can be accomplished by fire, using livestock, or just cutting by hand.  Once you have that part done, the next step is going to be to fell the trees you want to remove.  This was done with a saw/axe and each tree is cut and felled.  The next step is to use an axe to remove the small limbs from the trees, if the tree is to be sold or cut up for wood, otherwise it would be piled up and burned.\n\nLet's say you intend to keep the wood for firewood as most pioneers would.  So once you have felled the tree and trimmed the limbs you would have to snake it out of the woods and into the open so it could be cut up or loaded onto a trailer for sale.\nThis was originally done with Oxen, Cows, etc work animals.  If the tree was too big to be pulled by your animals, you may need to cut it up further before moving it. \n\nOnce you have removed the trees, you would have to begin clearing the ground.  As early colonists would not have had machinery, they would typically just let the stump rot until it could be pulled out by their animals later or would use a specialized axe to cut up the stump and roots.  In the meantime, they would begin to plow the land to break up the soil and avoid the roots/stumps.  During this time, they would remove rocks, roots, or anything else that could be an obstruction to planting.\n\nAs to the time to do this, that is highly subjective and based on the rockiness or softness of the land, the types of trees and the environment.  If the ground is very hard or rocky and in a colder environment, you would not be able to work as quickly.  Whereas in the south, you would have been able to work pretty much year round.  I can provide an example.  My grandfather cleared 80 acres of pine and oak from the South Arkansas delta region in 10 years.  Then he spent the next 40 years cleaning up old stumps, rocks, and anything else still in the pasture.  He did all of that by himself, with a small personal tractor, bush hog (tractor mower to cut brush) and a chainsaw and that was in the 1940s-1950s.  Someone without powered tools alone would only be doing an acre a year most likely, but again this is highly subjective and relies on numerous variables.\n", "edited": false, "author_flair_css_class": null, "collapsed": false, "author_flair_richtext": [], "is_submitter": false, "collapsed_reason": null, "body_html": "&lt;div class=\"md\"&gt;&lt;p&gt;First I should point out that &amp;quot;clearing&amp;quot; was an ongoing process and usually pioneers would clear as much as they could to begin planting crops and then add more acreage as the years went by. There were no luxuries like time to wait to get it cleared. Unless you have very large and expensive machinery, the process is the same although mechanization has sped things up considerably.&lt;/p&gt;\n\n&lt;p&gt;Typically you would start by clearing out the underbrush.  This can be accomplished by fire, using livestock, or just cutting by hand.  Once you have that part done, the next step is going to be to fell the trees you want to remove.  This was done with a saw/axe and each tree is cut and felled.  The next step is to use an axe to remove the small limbs from the trees, if the tree is to be sold or cut up for wood, otherwise it would be piled up and burned.&lt;/p&gt;\n\n&lt;p&gt;Let&amp;#39;s say you intend to keep the wood for firewood as most pioneers would.  So once you have felled the tree and trimmed the limbs you would have to snake it out of the woods and into the open so it could be cut up or loaded onto a trailer for sale.\nThis was originally done with Oxen, Cows, etc work animals.  If the tree was too big to be pulled by your animals, you may need to cut it up further before moving it. &lt;/p&gt;\n\n&lt;p&gt;Once you have removed the trees, you would have to begin clearing the ground.  As early colonists would not have had machinery, they would typically just let the stump rot until it could be pulled out by their animals later or would use a specialized axe to cut up the stump and roots.  In the meantime, they would begin to plow the land to break up the soil and avoid the roots/stumps.  During this time, they would remove rocks, roots, or anything else that could be an obstruction to planting.&lt;/p&gt;\n\n&lt;p&gt;As to the time to do this, that is highly subjective and based on the rockiness or softness of the land, the types of trees and the environment.  If the ground is very hard or rocky and in a colder environment, you would not be able to work as quickly.  Whereas in the south, you would have been able to work pretty much year round.  I can provide an example.  My grandfather cleared 80 acres of pine and oak from the South Arkansas delta region in 10 years.  Then he spent the next 40 years cleaning up old stumps, rocks, and anything else still in the pasture.  He did all of that by himself, with a small personal tractor, bush hog (tractor mower to cut brush) and a chainsaw and that was in the 1940s-1950s.  Someone without powered tools alone would only be doing an acre a year most likely, but again this is highly subjective and relies on numerous variables.&lt;/p&gt;\n&lt;/div&gt;", "stickied": false, "subreddit_type": "public", "can_gild": true, "subreddit": "AskHistorians", "author_flair_text_color": null, "score_hidden": false, "permalink": "/r/AskHistorians/comments/6kzxiz/when_reading_about_early_american_colonies_there/djq2nfw/", "num_reports": null, "name": "t1_djq2nfw", "created": 1499121156.0, "author_flair_text": null, "rte_mode": "markdown", "created_utc": 1499092356.0, "subreddit_name_prefixed": "r/AskHistorians", "controversiality": 0, "depth": 0, "author_flair_background_color": null, "mod_reports": [], "mod_note": null, "distinguished": null}}], "after": null, "before": null}}]