[{"kind": "Listing", "data": {"modhash": "", "dist": 1, "children": [{"kind": "t3", "data": {"approved_at_utc": null, "subreddit": "AskHistorians", "selftext": "[removed]", "user_reports": [], "saved": false, "mod_reason_title": null, "gilded": 0, "clicked": false, "title": "History Check: Genghis Khan Defeated by the Vikings?", "link_flair_richtext": [], "subreddit_name_prefixed": "r/AskHistorians", "hidden": false, "pwls": 6, "link_flair_css_class": null, "downs": 0, "parent_whitelist_status": "all_ads", "hide_score": false, "name": "t3_6l1ii3", "quarantine": false, "link_flair_text_color": "dark", "upvote_ratio": 1.0, "author_flair_background_color": null, "subreddit_type": "public", "ups": 1, "domain": "self.AskHistorians", "media_embed": {}, "author_flair_template_id": null, "is_original_content": false, "secure_media": null, "is_reddit_media_domain": false, "category": null, "secure_media_embed": {}, "link_flair_text": null, "can_mod_post": false, "score": 1, "approved_by": null, "thumbnail": "", "edited": 1499105172.0, "author_flair_css_class": null, "author_flair_richtext": [], "content_categories": null, "is_self": true, "mod_note": null, "created": 1499133635.0, "link_flair_type": "text", "wls": 6, "post_categories": null, "banned_by": null, "author_flair_type": "text", "contest_mode": false, "selftext_html": "&lt;!-- SC_OFF --&gt;&lt;div class=\"md\"&gt;&lt;p&gt;[removed]&lt;/p&gt;\n&lt;/div&gt;&lt;!-- SC_ON --&gt;", "likes": null, "suggested_sort": null, "banned_at_utc": null, "view_count": null, "archived": true, "no_follow": true, "is_crosspostable": false, "pinned": false, "over_18": false, "media_only": false, "can_gild": false, "spoiler": false, "locked": false, "author_flair_text": null, "rte_mode": "markdown", "visited": false, "num_reports": null, "distinguished": null, "subreddit_id": "t5_2ssp3", "mod_reason_by": null, "removal_reason": null, "id": "6l1ii3", "report_reasons": null, "author": "personofinterest12", "num_crossposts": 0, "num_comments": 1, "send_replies": true, "mod_reports": [], "author_flair_text_color": null, "permalink": "/r/AskHistorians/comments/6l1ii3/history_check_genghis_khan_defeated_by_the_vikings/", "whitelist_status": "all_ads", "stickied": false, "url": "https://www.reddit.com/r/AskHistorians/comments/6l1ii3/history_check_genghis_khan_defeated_by_the_vikings/", "subreddit_subscribers": 771555, "created_utc": 1499104835.0, "media": null, "is_video": false}}], "after": null, "before": null}}, {"kind": "Listing", "data": {"modhash": "", "dist": null, "children": [{"kind": "t1", "data": {"subreddit_id": "t5_2ssp3", "approved_at_utc": null, "ups": 1, "mod_reason_by": null, "banned_by": null, "author_flair_type": "richtext", "removal_reason": null, "link_id": "t3_6l1ii3", "author_flair_template_id": null, "likes": null, "no_follow": true, "replies": "", "user_reports": [], "saved": false, "id": "djqcycp", "banned_at_utc": null, "mod_reason_title": null, "gilded": 0, "archived": true, "report_reasons": null, "author": "jschooltiger", "can_mod_post": false, "send_replies": true, "parent_id": "t3_6l1ii3", "score": 1, "approved_by": null, "downs": 0, "body": "Sorry, we've had to remove this submission as it isn't allowed per our subreddit rules: \n\n&gt; ##Scope\n\n&gt;Submissions to /r/AskHistorians must be either:\n\n&gt; *A question about the human past\n\n&gt; *A meta post about the state of the subreddit. Anyone may start a meta post, but please check with the moderators if you aren't sure you're using the label correctly. Short questions (e.g. clarification of moderation policy) that don't require discussion are better sent to the mods directly.\n\n&gt; *An AMA (\"Ask Me Anything\") with a historical expert or panel of experts. These should be arranged with the moderators beforehand \u2013 please message us if you're interested.\n\nIf you want to propose a hypothetical or fictional historical scenario, you may have better luck at r/history or a similar sub. \n\nThanks!", "edited": false, "author_flair_css_class": "moderator", "collapsed": false, "author_flair_richtext": [{"e": "text", "t": "Moderator | Shipbuilding and Logistics | British Navy 1770-1830"}], "is_submitter": false, "collapsed_reason": null, "body_html": "&lt;div class=\"md\"&gt;&lt;p&gt;Sorry, we&amp;#39;ve had to remove this submission as it isn&amp;#39;t allowed per our subreddit rules: &lt;/p&gt;\n\n&lt;blockquote&gt;\n&lt;h2&gt;Scope&lt;/h2&gt;\n\n&lt;p&gt;Submissions to &lt;a href=\"/r/AskHistorians\"&gt;/r/AskHistorians&lt;/a&gt; must be either:&lt;/p&gt;\n\n&lt;p&gt;*A question about the human past&lt;/p&gt;\n\n&lt;p&gt;*A meta post about the state of the subreddit. Anyone may start a meta post, but please check with the moderators if you aren&amp;#39;t sure you&amp;#39;re using the label correctly. Short questions (e.g. clarification of moderation policy) that don&amp;#39;t require discussion are better sent to the mods directly.&lt;/p&gt;\n\n&lt;p&gt;*An AMA (&amp;quot;Ask Me Anything&amp;quot;) with a historical expert or panel of experts. These should be arranged with the moderators beforehand \u2013 please message us if you&amp;#39;re interested.&lt;/p&gt;\n&lt;/blockquote&gt;\n\n&lt;p&gt;If you want to propose a hypothetical or fictional historical scenario, you may have better luck at &lt;a href=\"/r/history\"&gt;r/history&lt;/a&gt; or a similar sub. &lt;/p&gt;\n\n&lt;p&gt;Thanks!&lt;/p&gt;\n&lt;/div&gt;", "stickied": false, "subreddit_type": "public", "can_gild": true, "subreddit": "AskHistorians", "author_flair_text_color": null, "score_hidden": false, "permalink": "/r/AskHistorians/comments/6l1ii3/history_check_genghis_khan_defeated_by_the_vikings/djqcycp/", "num_reports": null, "name": "t1_djqcycp", "created": 1499133719.0, "author_flair_text": "Moderator | Shipbuilding and Logistics | British Navy 1770-1830", "rte_mode": "markdown", "created_utc": 1499104919.0, "subreddit_name_prefixed": "r/AskHistorians", "controversiality": 0, "depth": 0, "author_flair_background_color": null, "mod_reports": [], "mod_note": null, "distinguished": "moderator"}}], "after": null, "before": null}}]