[{"kind": "Listing", "data": {"modhash": "", "dist": 1, "children": [{"kind": "t3", "data": {"approved_at_utc": null, "subreddit": "AskHistorians", "selftext": "To elaborate, I mean a government based in the values Enlightenment, which rejected the divine right of kings.   A government by and for the people (or at least the white male landowning class).\n\nIt wasn't the first Enlightenment revolution (Haiti) and it wasn't as if Europe didn't have it's own republic (Netherlands) and Europe was already in the process of tearing down the divine right of kings in the form of constitutional monarchies.\n\nI would especially appreciate a European perspective on this matter.", "user_reports": [], "saved": false, "mod_reason_title": null, "gilded": 0, "clicked": false, "title": "Is the American Revolution thought of as a turning point in how governments are structure, or is that just right wing bluster.", "link_flair_richtext": [], "subreddit_name_prefixed": "r/AskHistorians", "hidden": false, "pwls": 6, "link_flair_css_class": null, "downs": 0, "parent_whitelist_status": "all_ads", "hide_score": false, "name": "t3_6l39s4", "quarantine": false, "link_flair_text_color": "dark", "upvote_ratio": 0.69, "author_flair_background_color": null, "subreddit_type": "public", "ups": 18, "total_awards_received": 0, "media_embed": {}, "author_flair_template_id": null, "is_original_content": false, "author_fullname": "t2_lzejc", "secure_media": null, "is_reddit_media_domain": false, "is_meta": false, "category": null, "secure_media_embed": {}, "link_flair_text": null, "can_mod_post": false, "num_duplicates": 0, "approved_by": null, "author_premium": false, "thumbnail": "", "edited": false, "author_flair_css_class": null, "author_flair_richtext": [], "gildings": {}, "content_categories": null, "is_self": true, "mod_note": null, "created": 1499151138.0, "link_flair_type": "text", "wls": 6, "removed_by_category": null, "banned_by": null, "author_flair_type": "text", "domain": "self.AskHistorians", "allow_live_comments": false, "selftext_html": "&lt;!-- SC_OFF --&gt;&lt;div class=\"md\"&gt;&lt;p&gt;To elaborate, I mean a government based in the values Enlightenment, which rejected the divine right of kings.   A government by and for the people (or at least the white male landowning class).&lt;/p&gt;\n\n&lt;p&gt;It wasn&amp;#39;t the first Enlightenment revolution (Haiti) and it wasn&amp;#39;t as if Europe didn&amp;#39;t have it&amp;#39;s own republic (Netherlands) and Europe was already in the process of tearing down the divine right of kings in the form of constitutional monarchies.&lt;/p&gt;\n\n&lt;p&gt;I would especially appreciate a European perspective on this matter.&lt;/p&gt;\n&lt;/div&gt;&lt;!-- SC_ON --&gt;", "likes": null, "suggested_sort": null, "banned_at_utc": null, "view_count": null, "archived": true, "score": 18, "no_follow": false, "is_crosspostable": false, "pinned": false, "over_18": false, "all_awardings": [], "awarders": [], "media_only": false, "can_gild": false, "spoiler": false, "locked": false, "author_flair_text": null, "treatment_tags": [], "visited": false, "removed_by": null, "num_reports": null, "distinguished": null, "subreddit_id": "t5_2ssp3", "mod_reason_by": null, "removal_reason": null, "link_flair_background_color": "", "id": "6l39s4", "is_robot_indexable": true, "report_reasons": null, "author": "redd4972", "discussion_type": null, "num_comments": 2, "send_replies": true, "media": null, "contest_mode": false, "author_patreon_flair": false, "author_flair_text_color": null, "permalink": "/r/AskHistorians/comments/6l39s4/is_the_american_revolution_thought_of_as_a/", "whitelist_status": "all_ads", "stickied": false, "url": "https://www.reddit.com/r/AskHistorians/comments/6l39s4/is_the_american_revolution_thought_of_as_a/", "subreddit_subscribers": 1160766, "created_utc": 1499122338.0, "num_crossposts": 0, "mod_reports": [], "is_video": false}}], "after": null, "before": null}}, {"kind": "Listing", "data": {"modhash": "", "dist": null, "children": [{"kind": "t1", "data": {"total_awards_received": 0, "approved_at_utc": null, "ups": 2, "awarders": [], "mod_reason_by": null, "banned_by": null, "removal_reason": null, "link_id": "t3_6l39s4", "author_flair_template_id": null, "likes": null, "no_follow": true, "replies": "", "user_reports": [], "saved": false, "id": "djrcae5", "banned_at_utc": null, "mod_reason_title": null, "gilded": 0, "archived": true, "report_reasons": null, "author": "[deleted]", "can_mod_post": false, "send_replies": true, "parent_id": "t3_6l39s4", "score": 2, "approved_by": null, "all_awardings": [], "subreddit_id": "t5_2ssp3", "body": "[removed]", "edited": 1499160432.0, "downs": 0, "author_flair_css_class": null, "collapsed": true, "is_submitter": false, "body_html": "&lt;div class=\"md\"&gt;&lt;p&gt;[removed]&lt;/p&gt;\n&lt;/div&gt;", "gildings": {}, "collapsed_reason": null, "associated_award": null, "stickied": false, "subreddit_type": "public", "can_gild": true, "subreddit": "AskHistorians", "author_flair_text_color": "dark", "score_hidden": false, "permalink": "/r/AskHistorians/comments/6l39s4/is_the_american_revolution_thought_of_as_a/djrcae5/", "num_reports": null, "locked": false, "name": "t1_djrcae5", "created": 1499186895.0, "author_flair_text": null, "treatment_tags": [], "created_utc": 1499158095.0, "subreddit_name_prefixed": "r/AskHistorians", "controversiality": 0, "depth": 0, "author_flair_background_color": "", "collapsed_because_crowd_control": null, "mod_reports": [], "mod_note": null, "distinguished": null}}], "after": null, "before": null}}]