[{"kind": "Listing", "data": {"modhash": "", "dist": 1, "children": [{"kind": "t3", "data": {"approved_at_utc": null, "subreddit": "AskHistorians", "selftext": "I've heard that, statistically speaking, the highest casualty rate of any modern war the US has been in (civil war), was 1/15. It makes sense then to say your chances of actually killing someone are about the same.\n\nHowever I was curious if this would hold true to a medieval soldier, someone on the front lines. For simplicities sake, in one battle, what would your chances be of actually killing an enemy soldier?", "user_reports": [], "saved": false, "mod_reason_title": null, "gilded": 0, "clicked": false, "title": "In medieval times, what was your average soldiers likelihood of killing someone in combat?", "link_flair_richtext": [], "subreddit_name_prefixed": "r/AskHistorians", "hidden": false, "pwls": 6, "link_flair_css_class": null, "downs": 0, "parent_whitelist_status": "all_ads", "hide_score": false, "name": "t3_8v8nji", "quarantine": false, "link_flair_text_color": "dark", "upvote_ratio": 0.68, "author_flair_background_color": null, "subreddit_type": "public", "ups": 4, "domain": "self.AskHistorians", "media_embed": {}, "author_flair_template_id": null, "is_original_content": false, "secure_media": null, "is_reddit_media_domain": false, "is_meta": false, "category": null, "secure_media_embed": {}, "link_flair_text": null, "can_mod_post": false, "score": 4, "approved_by": null, "thumbnail": "", "edited": false, "author_flair_css_class": null, "author_flair_richtext": [], "content_categories": null, "is_self": true, "mod_note": null, "created": 1530463148.0, "link_flair_type": "text", "wls": 6, "banned_by": null, "author_flair_type": "text", "contest_mode": false, "selftext_html": "&lt;!-- SC_OFF --&gt;&lt;div class=\"md\"&gt;&lt;p&gt;I&amp;#39;ve heard that, statistically speaking, the highest casualty rate of any modern war the US has been in (civil war), was 1/15. It makes sense then to say your chances of actually killing someone are about the same.&lt;/p&gt;\n\n&lt;p&gt;However I was curious if this would hold true to a medieval soldier, someone on the front lines. For simplicities sake, in one battle, what would your chances be of actually killing an enemy soldier?&lt;/p&gt;\n&lt;/div&gt;&lt;!-- SC_ON --&gt;", "likes": null, "suggested_sort": null, "banned_at_utc": null, "view_count": null, "archived": false, "no_follow": false, "is_crosspostable": false, "pinned": false, "over_18": false, "media": null, "media_only": false, "link_flair_template_id": null, "can_gild": false, "spoiler": false, "locked": false, "author_flair_text": null, "visited": false, "num_reports": null, "distinguished": null, "subreddit_id": "t5_2ssp3", "mod_reason_by": null, "removal_reason": null, "link_flair_background_color": "", "id": "8v8nji", "report_reasons": null, "author": "Privateaccount84", "num_crossposts": 0, "num_comments": 3, "send_replies": true, "author_flair_text_color": null, "permalink": "/r/AskHistorians/comments/8v8nji/in_medieval_times_what_was_your_average_soldiers/", "whitelist_status": "all_ads", "stickied": false, "url": "https://www.reddit.com/r/AskHistorians/comments/8v8nji/in_medieval_times_what_was_your_average_soldiers/", "subreddit_subscribers": 790830, "created_utc": 1530434348.0, "mod_reports": [], "is_video": false}}], "after": null, "before": null}}, {"kind": "Listing", "data": {"modhash": "", "dist": null, "children": [{"kind": "t1", "data": {"subreddit_id": "t5_2ssp3", "approved_at_utc": null, "ups": 2, "mod_reason_by": null, "banned_by": null, "author_flair_type": "text", "removal_reason": null, "link_id": "t3_8v8nji", "author_flair_template_id": null, "likes": null, "no_follow": true, "replies": {"kind": "Listing", "data": {"modhash": "", "dist": null, "children": [{"kind": "t1", "data": {"subreddit_id": "t5_2ssp3", "approved_at_utc": null, "ups": 2, "mod_reason_by": null, "banned_by": null, "author_flair_type": "text", "removal_reason": null, "link_id": "t3_8v8nji", "author_flair_template_id": null, "likes": null, "no_follow": true, "replies": {"kind": "Listing", "data": {"modhash": "", "dist": null, "children": [{"kind": "t1", "data": {"subreddit_id": "t5_2ssp3", "approved_at_utc": null, "ups": 2, "mod_reason_by": null, "banned_by": null, "author_flair_type": "text", "removal_reason": null, "link_id": "t3_8v8nji", "author_flair_template_id": null, "likes": null, "no_follow": true, "replies": "", "user_reports": [], "saved": false, "id": "e1n7nf8", "banned_at_utc": null, "mod_reason_title": null, "gilded": 0, "archived": false, "report_reasons": null, "author": "mikedash", "can_mod_post": false, "send_replies": true, "parent_id": "t1_e1mygsi", "score": 2, "approved_by": null, "downs": 0, "body": "Glad to help. I maintain a list of my longer and more fully researched posts [on my user profile](https://www.reddit.com/r/AskHistorians/wiki/profiles/mikedash) \u2013 that would be the best place to start looking at my other stuff.", "edited": false, "author_flair_css_class": "qualitycontributor", "collapsed": false, "author_flair_richtext": [], "is_submitter": false, "collapsed_reason": null, "body_html": "&lt;div class=\"md\"&gt;&lt;p&gt;Glad to help. I maintain a list of my longer and more fully researched posts &lt;a href=\"https://www.reddit.com/r/AskHistorians/wiki/profiles/mikedash\"&gt;on my user profile&lt;/a&gt; \u2013 that would be the best place to start looking at my other stuff.&lt;/p&gt;\n&lt;/div&gt;", "stickied": false, "subreddit_type": "public", "can_gild": true, "subreddit": "AskHistorians", "author_flair_text_color": "dark", "score_hidden": false, "permalink": "/r/AskHistorians/comments/8v8nji/in_medieval_times_what_was_your_average_soldiers/e1n7nf8/", "num_reports": null, "name": "t1_e1n7nf8", "created": 1530542129.0, "author_flair_text": "Top Quality Contributor", "created_utc": 1530513329.0, "subreddit_name_prefixed": "r/AskHistorians", "controversiality": 0, "depth": 2, "author_flair_background_color": "", "mod_reports": [], "mod_note": null, "distinguished": null}}], "after": null, "before": null}}, "user_reports": [], "saved": false, "id": "e1mygsi", "banned_at_utc": null, "mod_reason_title": null, "gilded": 0, "archived": false, "report_reasons": null, "author": "Privateaccount84", "can_mod_post": false, "send_replies": true, "parent_id": "t1_e1mi8py", "score": 2, "approved_by": null, "downs": 0, "body": "Very interesting! Thank you for the information. I am guessing that lives taken probably follow a pareto distribution of sorts then. It makes sense, but that didn't actually occur to me in the moment, so that information is very helpful. \n\nI look forward to reading the other links (when I have a moment undistracted, errands need doing), maybe take a look at your top comments as well, since you appear to have a history of interesting posts. :)", "edited": false, "author_flair_css_class": null, "collapsed": false, "author_flair_richtext": [], "is_submitter": true, "collapsed_reason": null, "body_html": "&lt;div class=\"md\"&gt;&lt;p&gt;Very interesting! Thank you for the information. I am guessing that lives taken probably follow a pareto distribution of sorts then. It makes sense, but that didn&amp;#39;t actually occur to me in the moment, so that information is very helpful. &lt;/p&gt;\n\n&lt;p&gt;I look forward to reading the other links (when I have a moment undistracted, errands need doing), maybe take a look at your top comments as well, since you appear to have a history of interesting posts. :)&lt;/p&gt;\n&lt;/div&gt;", "stickied": false, "subreddit_type": "public", "can_gild": true, "subreddit": "AskHistorians", "author_flair_text_color": null, "score_hidden": false, "permalink": "/r/AskHistorians/comments/8v8nji/in_medieval_times_what_was_your_average_soldiers/e1mygsi/", "num_reports": null, "name": "t1_e1mygsi", "created": 1530529324.0, "author_flair_text": null, "created_utc": 1530500524.0, "subreddit_name_prefixed": "r/AskHistorians", "controversiality": 0, "depth": 1, "author_flair_background_color": null, "mod_reports": [], "mod_note": null, "distinguished": null}}], "after": null, "before": null}}, "user_reports": [], "saved": false, "id": "e1mi8py", "banned_at_utc": null, "mod_reason_title": null, "gilded": 0, "archived": false, "report_reasons": null, "author": "mikedash", "can_mod_post": false, "send_replies": true, "parent_id": "t3_8v8nji", "score": 2, "approved_by": null, "downs": 0, "body": "Unfortunately, medieval record-keeping was absolutely not up to the sort of standards that would be required to provide a definitive answer to this question. There's practically no consensus on the number of combatants fighting on either side in even the best-known battles of the period  (Hastings may come closest to a battle in which there is at least close-ish agreement on numbers among historians), nor on the number of casualties inflicted in these battles, much less on how and by whom the majority of the killing was done.\n\nIt's also worth mentioning that [some interesting claims were made after World War II](https://www.americanheritage.com/content/secret-soldiers-who-didn%E2%80%99t-shoot) regarding the proposal that the majority of killing in modern wars is done by a relatively small group of efficient and experienced soldiers, while the great majority, even among infantry, actually have a low likelihood of killing anybody. This suggestion, if true, would somewhat undermine the links between total deaths and the likelihood of killing someone in combat that you draw in your question.\n\nWhile hopefully some of our medieval military flairs may be able to expand on this response, I did write a detailed assessment of a recent claim on the proportion of violent deaths recorded in this period, and the thread includes some further discussion of specifics that may be of some interest to you while you await some fresh responses:\n\n[This article in The Atlantic mentions that the murder rate in the Medieval period was 12&amp;#37;. That seems absurdly high. Is there any truth to it?](https://www.reddit.com/r/AskHistorians/comments/55161f/)", "edited": 1530483998.0, "author_flair_css_class": "qualitycontributor", "collapsed": false, "author_flair_richtext": [], "is_submitter": false, "collapsed_reason": null, "body_html": "&lt;div class=\"md\"&gt;&lt;p&gt;Unfortunately, medieval record-keeping was absolutely not up to the sort of standards that would be required to provide a definitive answer to this question. There&amp;#39;s practically no consensus on the number of combatants fighting on either side in even the best-known battles of the period  (Hastings may come closest to a battle in which there is at least close-ish agreement on numbers among historians), nor on the number of casualties inflicted in these battles, much less on how and by whom the majority of the killing was done.&lt;/p&gt;\n\n&lt;p&gt;It&amp;#39;s also worth mentioning that &lt;a href=\"https://www.americanheritage.com/content/secret-soldiers-who-didn%E2%80%99t-shoot\"&gt;some interesting claims were made after World War II&lt;/a&gt; regarding the proposal that the majority of killing in modern wars is done by a relatively small group of efficient and experienced soldiers, while the great majority, even among infantry, actually have a low likelihood of killing anybody. This suggestion, if true, would somewhat undermine the links between total deaths and the likelihood of killing someone in combat that you draw in your question.&lt;/p&gt;\n\n&lt;p&gt;While hopefully some of our medieval military flairs may be able to expand on this response, I did write a detailed assessment of a recent claim on the proportion of violent deaths recorded in this period, and the thread includes some further discussion of specifics that may be of some interest to you while you await some fresh responses:&lt;/p&gt;\n\n&lt;p&gt;&lt;a href=\"https://www.reddit.com/r/AskHistorians/comments/55161f/\"&gt;This article in The Atlantic mentions that the murder rate in the Medieval period was 12&amp;#37;. That seems absurdly high. Is there any truth to it?&lt;/a&gt;&lt;/p&gt;\n&lt;/div&gt;", "stickied": false, "subreddit_type": "public", "can_gild": true, "subreddit": "AskHistorians", "author_flair_text_color": "dark", "score_hidden": false, "permalink": "/r/AskHistorians/comments/8v8nji/in_medieval_times_what_was_your_average_soldiers/e1mi8py/", "num_reports": null, "name": "t1_e1mi8py", "created": 1530511782.0, "author_flair_text": "Top Quality Contributor", "created_utc": 1530482982.0, "subreddit_name_prefixed": "r/AskHistorians", "controversiality": 0, "depth": 0, "author_flair_background_color": "", "mod_reports": [], "mod_note": null, "distinguished": null}}], "after": null, "before": null}}]