[{"kind": "Listing", "data": {"modhash": "", "dist": 1, "children": [{"kind": "t3", "data": {"approved_at_utc": null, "subreddit": "AskHistorians", "selftext": "", "user_reports": [], "saved": false, "mod_reason_title": null, "gilded": 0, "clicked": false, "title": "There are all these video games lately of Chinese Three Kingdoms military that seem really not true, what did the actual Chinese military look and fight like in the Three Kingdoms period?", "link_flair_richtext": [], "subreddit_name_prefixed": "r/AskHistorians", "hidden": false, "pwls": 6, "link_flair_css_class": null, "downs": 0, "parent_whitelist_status": "all_ads", "hide_score": false, "name": "t3_8varu2", "quarantine": false, "link_flair_text_color": "dark", "upvote_ratio": 0.72, "author_flair_background_color": null, "subreddit_type": "public", "ups": 3, "domain": "self.AskHistorians", "media_embed": {}, "author_flair_template_id": null, "is_original_content": false, "secure_media": null, "is_reddit_media_domain": false, "is_meta": false, "category": null, "secure_media_embed": {}, "link_flair_text": null, "can_mod_post": false, "score": 3, "approved_by": null, "thumbnail": "", "edited": false, "author_flair_css_class": null, "author_flair_richtext": [], "content_categories": null, "is_self": true, "mod_note": null, "created": 1530488928.0, "link_flair_type": "text", "wls": 6, "banned_by": null, "author_flair_type": "text", "contest_mode": false, "selftext_html": null, "likes": null, "suggested_sort": null, "banned_at_utc": null, "view_count": null, "archived": false, "no_follow": false, "is_crosspostable": false, "pinned": false, "over_18": false, "media": null, "media_only": false, "link_flair_template_id": null, "can_gild": false, "spoiler": false, "locked": false, "author_flair_text": null, "visited": false, "num_reports": null, "distinguished": null, "subreddit_id": "t5_2ssp3", "mod_reason_by": null, "removal_reason": null, "link_flair_background_color": "", "id": "8varu2", "report_reasons": null, "author": "IDthisguy", "num_crossposts": 0, "num_comments": 2, "send_replies": true, "author_flair_text_color": null, "permalink": "/r/AskHistorians/comments/8varu2/there_are_all_these_video_games_lately_of_chinese/", "whitelist_status": "all_ads", "stickied": false, "url": "https://www.reddit.com/r/AskHistorians/comments/8varu2/there_are_all_these_video_games_lately_of_chinese/", "subreddit_subscribers": 790835, "created_utc": 1530460128.0, "mod_reports": [], "is_video": false}}], "after": null, "before": null}}, {"kind": "Listing", "data": {"modhash": "", "dist": null, "children": [{"kind": "t1", "data": {"subreddit_id": "t5_2ssp3", "approved_at_utc": null, "ups": 2, "mod_reason_by": null, "banned_by": null, "author_flair_type": "text", "removal_reason": null, "link_id": "t3_8varu2", "author_flair_template_id": null, "likes": null, "no_follow": true, "replies": {"kind": "Listing", "data": {"modhash": "", "dist": null, "children": [{"kind": "t1", "data": {"subreddit_id": "t5_2ssp3", "approved_at_utc": null, "ups": 1, "mod_reason_by": null, "banned_by": null, "author_flair_type": "text", "removal_reason": null, "link_id": "t3_8varu2", "author_flair_template_id": null, "likes": null, "no_follow": true, "replies": "", "user_reports": [], "saved": false, "id": "e1m9gkn", "banned_at_utc": null, "mod_reason_title": null, "gilded": 0, "archived": false, "report_reasons": null, "author": "IDthisguy", "can_mod_post": false, "send_replies": true, "parent_id": "t1_e1m71yu", "score": 1, "approved_by": null, "downs": 0, "body": "That was really helpful thank you!", "edited": false, "author_flair_css_class": null, "collapsed": false, "author_flair_richtext": [], "is_submitter": true, "collapsed_reason": null, "body_html": "&lt;div class=\"md\"&gt;&lt;p&gt;That was really helpful thank you!&lt;/p&gt;\n&lt;/div&gt;", "stickied": false, "subreddit_type": "public", "can_gild": true, "subreddit": "AskHistorians", "author_flair_text_color": null, "score_hidden": false, "permalink": "/r/AskHistorians/comments/8varu2/there_are_all_these_video_games_lately_of_chinese/e1m9gkn/", "num_reports": null, "name": "t1_e1m9gkn", "created": 1530503154.0, "author_flair_text": null, "created_utc": 1530474354.0, "subreddit_name_prefixed": "r/AskHistorians", "controversiality": 0, "depth": 1, "author_flair_background_color": null, "mod_reports": [], "mod_note": null, "distinguished": null}}], "after": null, "before": null}}, "user_reports": [], "saved": false, "id": "e1m71yu", "banned_at_utc": null, "mod_reason_title": null, "gilded": 0, "archived": false, "report_reasons": null, "author": "knoperope", "can_mod_post": false, "send_replies": true, "parent_id": "t3_8varu2", "score": 2, "approved_by": null, "downs": 0, "body": "Hey, you might like this previous answer by /u/aniMayor:\n\n[Reading the Three Kingdoms, one gets the (obviously romanticized) impression that serving in one of the available armies was almost like a vacation from farming, and wasn't likely to lead to death or dismemberment. What was the reality for ancient Chinese infantry?](https://www.reddit.com/r/AskHistorians/comments/79svdl/reading_the_three_kingdoms_one_gets_the_obviously/)", "edited": false, "author_flair_css_class": "qualitycontributor", "collapsed": false, "author_flair_richtext": [], "is_submitter": false, "collapsed_reason": null, "body_html": "&lt;div class=\"md\"&gt;&lt;p&gt;Hey, you might like this previous answer by &lt;a href=\"/u/aniMayor\"&gt;/u/aniMayor&lt;/a&gt;:&lt;/p&gt;\n\n&lt;p&gt;&lt;a href=\"https://www.reddit.com/r/AskHistorians/comments/79svdl/reading_the_three_kingdoms_one_gets_the_obviously/\"&gt;Reading the Three Kingdoms, one gets the (obviously romanticized) impression that serving in one of the available armies was almost like a vacation from farming, and wasn&amp;#39;t likely to lead to death or dismemberment. What was the reality for ancient Chinese infantry?&lt;/a&gt;&lt;/p&gt;\n&lt;/div&gt;", "stickied": false, "subreddit_type": "public", "can_gild": true, "subreddit": "AskHistorians", "author_flair_text_color": "dark", "score_hidden": false, "permalink": "/r/AskHistorians/comments/8varu2/there_are_all_these_video_games_lately_of_chinese/e1m71yu/", "num_reports": null, "name": "t1_e1m71yu", "created": 1530500762.0, "author_flair_text": "FAQ Finder", "created_utc": 1530471962.0, "subreddit_name_prefixed": "r/AskHistorians", "controversiality": 0, "depth": 0, "author_flair_background_color": "", "mod_reports": [], "mod_note": null, "distinguished": null}}], "after": null, "before": null}}]