[{"kind": "Listing", "data": {"modhash": "", "dist": 1, "children": [{"kind": "t3", "data": {"approved_at_utc": null, "subreddit": "AskHistorians", "selftext": "Title.", "user_reports": [], "saved": false, "mod_reason_title": null, "gilded": 0, "clicked": false, "title": "I`m a Ming Official in mid 17th century China, my city has just recieved the news that the capital has fallen to the Manchus and the emperor has committed suicide. What is going to happen to me? Am i likely to survive? What are my options?", "link_flair_richtext": [], "subreddit_name_prefixed": "r/AskHistorians", "hidden": false, "pwls": 6, "link_flair_css_class": null, "downs": 0, "top_awarded_type": null, "parent_whitelist_status": "all_ads", "hide_score": false, "name": "t3_kp6jau", "quarantine": false, "link_flair_text_color": "dark", "upvote_ratio": 1.0, "author_flair_background_color": null, "subreddit_type": "public", "ups": 11, "total_awards_received": 0, "media_embed": {}, "author_flair_template_id": null, "is_original_content": false, "author_fullname": "t2_4dsoyqkx", "secure_media": null, "is_reddit_media_domain": false, "is_meta": false, "category": null, "secure_media_embed": {}, "link_flair_text": null, "can_mod_post": false, "score": 11, "approved_by": null, "author_premium": false, "thumbnail": "", "edited": false, "author_flair_css_class": null, "author_flair_richtext": [], "gildings": {}, "content_categories": null, "is_self": true, "mod_note": null, "created": 1609652898.0, "link_flair_type": "text", "wls": 6, "removed_by_category": null, "banned_by": null, "author_flair_type": "text", "domain": "self.AskHistorians", "allow_live_comments": false, "selftext_html": "&lt;!-- SC_OFF --&gt;&lt;div class=\"md\"&gt;&lt;p&gt;Title.&lt;/p&gt;\n&lt;/div&gt;&lt;!-- SC_ON --&gt;", "likes": null, "suggested_sort": null, "banned_at_utc": null, "view_count": null, "archived": false, "no_follow": false, "is_crosspostable": false, "pinned": false, "over_18": false, "all_awardings": [], "awarders": [], "media_only": false, "can_gild": false, "spoiler": false, "locked": false, "author_flair_text": null, "treatment_tags": [], "visited": false, "removed_by": null, "num_reports": null, "distinguished": null, "subreddit_id": "t5_2ssp3", "mod_reason_by": null, "removal_reason": null, "link_flair_background_color": "", "id": "kp6jau", "is_robot_indexable": true, "num_duplicates": 1, "report_reasons": null, "author": "BaiJiGuan", "discussion_type": null, "num_comments": 2, "send_replies": true, "media": null, "contest_mode": false, "author_patreon_flair": false, "author_flair_text_color": null, "permalink": "/r/AskHistorians/comments/kp6jau/im_a_ming_official_in_mid_17th_century_china_my/", "whitelist_status": "all_ads", "stickied": false, "url": "https://www.reddit.com/r/AskHistorians/comments/kp6jau/im_a_ming_official_in_mid_17th_century_china_my/", "subreddit_subscribers": 1324663, "created_utc": 1609624098.0, "num_crossposts": 0, "mod_reports": [], "is_video": false}}], "after": null, "before": null}}, {"kind": "Listing", "data": {"modhash": "", "dist": null, "children": [{"kind": "t1", "data": {"total_awards_received": 0, "approved_at_utc": null, "comment_type": null, "awarders": [], "mod_reason_by": null, "banned_by": null, "ups": 1, "author_flair_type": "text", "removal_reason": null, "link_id": "t3_kp6jau", "author_flair_template_id": null, "likes": null, "replies": "", "user_reports": [], "saved": false, "id": "ghv7jwc", "banned_at_utc": null, "mod_reason_title": null, "gilded": 0, "archived": false, "no_follow": true, "author": "AutoModerator", "can_mod_post": false, "send_replies": false, "parent_id": "t3_kp6jau", "score": 1, "author_fullname": "t2_6l4z3", "report_reasons": null, "approved_by": null, "all_awardings": [], "subreddit_id": "t5_2ssp3", "body": "Welcome to /r/AskHistorians. **Please [Read Our Rules](https://www.reddit.com/r/AskHistorians/wiki/rules) before you comment in this community**. Understand that [rule breaking comments get removed](https://www.reddit.com/r/AskHistorians/comments/h8aefx/rules_roundtable_xviii_removed_curation_and_why/).\n\n#Please consider **[Clicking Here for RemindMeBot](https://www.reddit.com/message/compose/?to=RemindMeBot&amp;subject=Reminder&amp;message=%5Bhttps://www.reddit.com/r/AskHistorians/comments/kp6jau/im_a_ming_official_in_mid_17th_century_china_my/%5D%0A%0ARemindMe!%202%20days)** as it takes time for an answer to be written. \n\nWe thank you for your interest in this *question*, and your patience in waiting for an in-depth and comprehensive answer to show up. In addition to RemindMeBot, consider [using our Browser Extension](https://www.reddit.com/r/AskHistorians/comments/d6dzi7/tired_of_clicking_to_find_only_removed_comments/), or getting the [Weekly Roundup](https://www.reddit.com/message/compose?to=subredditsummarybot&amp;subject=askhistorians+weekly&amp;message=x). In the meantime our [Twitter](https://twitter.com/askhistorians), [Facebook](https://www.facebook.com/askhistorians/), and [Sunday Digest](https://www.reddit.com/r/AskHistorians/search?q=title%3A%22Sunday+Digest%22&amp;restrict_sr=on&amp;sort=new&amp;t=all) feature excellent content that has already been written!\n\n\n*I am a bot, and this action was performed automatically. Please [contact the moderators of this subreddit](/message/compose/?to=/r/AskHistorians) if you have any questions or concerns.*", "edited": false, "downs": 0, "author_flair_css_class": null, "is_submitter": false, "collapsed": false, "author_flair_richtext": [], "author_patreon_flair": false, "body_html": "&lt;div class=\"md\"&gt;&lt;p&gt;Welcome to &lt;a href=\"/r/AskHistorians\"&gt;/r/AskHistorians&lt;/a&gt;. &lt;strong&gt;Please &lt;a href=\"https://www.reddit.com/r/AskHistorians/wiki/rules\"&gt;Read Our Rules&lt;/a&gt; before you comment in this community&lt;/strong&gt;. Understand that &lt;a href=\"https://www.reddit.com/r/AskHistorians/comments/h8aefx/rules_roundtable_xviii_removed_curation_and_why/\"&gt;rule breaking comments get removed&lt;/a&gt;.&lt;/p&gt;\n\n&lt;h1&gt;Please consider &lt;strong&gt;&lt;a href=\"https://www.reddit.com/message/compose/?to=RemindMeBot&amp;amp;subject=Reminder&amp;amp;message=%5Bhttps://www.reddit.com/r/AskHistorians/comments/kp6jau/im_a_ming_official_in_mid_17th_century_china_my/%5D%0A%0ARemindMe!%202%20days\"&gt;Clicking Here for RemindMeBot&lt;/a&gt;&lt;/strong&gt; as it takes time for an answer to be written.&lt;/h1&gt;\n\n&lt;p&gt;We thank you for your interest in this &lt;em&gt;question&lt;/em&gt;, and your patience in waiting for an in-depth and comprehensive answer to show up. In addition to RemindMeBot, consider &lt;a href=\"https://www.reddit.com/r/AskHistorians/comments/d6dzi7/tired_of_clicking_to_find_only_removed_comments/\"&gt;using our Browser Extension&lt;/a&gt;, or getting the &lt;a href=\"https://www.reddit.com/message/compose?to=subredditsummarybot&amp;amp;subject=askhistorians+weekly&amp;amp;message=x\"&gt;Weekly Roundup&lt;/a&gt;. In the meantime our &lt;a href=\"https://twitter.com/askhistorians\"&gt;Twitter&lt;/a&gt;, &lt;a href=\"https://www.facebook.com/askhistorians/\"&gt;Facebook&lt;/a&gt;, and &lt;a href=\"https://www.reddit.com/r/AskHistorians/search?q=title%3A%22Sunday+Digest%22&amp;amp;restrict_sr=on&amp;amp;sort=new&amp;amp;t=all\"&gt;Sunday Digest&lt;/a&gt; feature excellent content that has already been written!&lt;/p&gt;\n\n&lt;p&gt;&lt;em&gt;I am a bot, and this action was performed automatically. Please &lt;a href=\"/message/compose/?to=/r/AskHistorians\"&gt;contact the moderators of this subreddit&lt;/a&gt; if you have any questions or concerns.&lt;/em&gt;&lt;/p&gt;\n&lt;/div&gt;", "gildings": {}, "collapsed_reason": null, "associated_award": null, "stickied": true, "author_premium": true, "subreddit_type": "public", "can_gild": true, "top_awarded_type": null, "author_flair_text_color": null, "score_hidden": true, "permalink": "/r/AskHistorians/comments/kp6jau/im_a_ming_official_in_mid_17th_century_china_my/ghv7jwc/", "num_reports": null, "locked": true, "name": "t1_ghv7jwc", "created": 1609652899.0, "subreddit": "AskHistorians", "author_flair_text": null, "treatment_tags": [], "created_utc": 1609624099.0, "subreddit_name_prefixed": "r/AskHistorians", "controversiality": 0, "depth": 0, "author_flair_background_color": null, "collapsed_because_crowd_control": null, "mod_reports": [], "mod_note": null, "distinguished": "moderator"}}, {"kind": "t1", "data": {"total_awards_received": 0, "approved_at_utc": null, "comment_type": null, "awarders": [], "mod_reason_by": null, "banned_by": null, "ups": 17, "author_flair_type": "text", "removal_reason": null, "link_id": "t3_kp6jau", "author_flair_template_id": null, "likes": null, "replies": "", "user_reports": [], "saved": false, "id": "ghvk1gn", "banned_at_utc": null, "mod_reason_title": null, "gilded": 0, "archived": false, "no_follow": false, "author": "Fijure96", "can_mod_post": false, "send_replies": true, "parent_id": "t3_kp6jau", "score": 17, "author_fullname": "t2_10rdlr", "report_reasons": null, "approved_by": null, "all_awardings": [], "subreddit_id": "t5_2ssp3", "body": "This seems fun. \n\nSince you say news has just arrived that Beijing has fallen to the Manchus, I take it you mean in 1644. The good news here is that, depending on where you are, you should have reasonable chances of making it. The key to the Manchu takeover of China was, after all, winning over Ming officials and granting them Qing titles and positions. The main brunt of the Qing offensive south of Beijing was after all commanded by Han Chinese renegade generals like Geng Zhongming and famously Wu Sanggui, who had just defected. The Qing were highly interested in painting themselves as a legitimate Chinese dynasty and absorb as much of the Ming administrative apparatus as they could. Generally defectors were welcomed and would be allowed to keep their positions and salaries, provdied they swore fealty to the Qing Emperor. They also had to shave their head and have a Manchu queue, as the hairstyle was considered the ultimate proof of submission. \n\nIf you have moral qualms over betraying the Ming dynasty, you would have to join one of the rebel factions. Immediately after the fall of Beijing a court was established in Nanjing under a Ming pretender, the Longwu Emperor. He sought to maintain a large part of the Ming infrastructure, and he was the natural rallying point for Ming loyalists in the first years. If you feel loyal and don't want a haircut, you will likely swear loyalty to him. \n\nThe Longwu Emperor lost his position fairly quickly, dying by 1646. After this, Ming loyalty eventually consolidated to two power bases. The Yongli Emperor, a final pretender, established himself in a power base in the Yunnan province in the Southwest of China, rather far from Beijjing or Nanjing. You could evacuate along with him here, and hope for an administrative position here. \n\nThe other option is to join the leadership of Zheng Chenggong, otherwise known as Koxinga, the Ming loyalist pirate leader, who establishes his powerbase in Xiamen on the southeastern coast. he nominally swears loyalty to the Yongli Emperor, but is de facto independent. By 1662, Zheng will evacuate the Chinese mainland entirely and move his base to Taiwan, you can follow. Be wary that he has a short temper and a tendency to execute his subordinates when they displease him. \n\nIf you are highly unlucky, you may end up in one of the regions that comes under the rule of peasant revolt leaders like the Yellow Tiger, Zhang Xianzhong. He was welcoming to officials at first, but as pressure clamped down on him, he accused them of treason and massacred them. \n\nThe lucky part is, that as long as the war went on, the Qing kept welcoming defectors with a pardon and a new title and position, as long as they swore loyalty and attained the Manchu hairstyle. This kept on until all resistance was quelled. \n\nAll things considered, I don't think the options are that bad. There was generally an escape path. \n\nFor my source material at this, please check:\n\nOn the Trail of the Yellow Tiger: War, Trauma, and Social Dislocation in Southwest China during the Ming-Qing Transition by Kenneth Swope and\n\nThe Lost Colony: The Untold Story of China's first Great Victory over hte West by Tonio Andrade", "edited": false, "downs": 0, "author_flair_css_class": null, "is_submitter": false, "collapsed": false, "author_flair_richtext": [], "author_patreon_flair": false, "body_html": "&lt;div class=\"md\"&gt;&lt;p&gt;This seems fun. &lt;/p&gt;\n\n&lt;p&gt;Since you say news has just arrived that Beijing has fallen to the Manchus, I take it you mean in 1644. The good news here is that, depending on where you are, you should have reasonable chances of making it. The key to the Manchu takeover of China was, after all, winning over Ming officials and granting them Qing titles and positions. The main brunt of the Qing offensive south of Beijing was after all commanded by Han Chinese renegade generals like Geng Zhongming and famously Wu Sanggui, who had just defected. The Qing were highly interested in painting themselves as a legitimate Chinese dynasty and absorb as much of the Ming administrative apparatus as they could. Generally defectors were welcomed and would be allowed to keep their positions and salaries, provdied they swore fealty to the Qing Emperor. They also had to shave their head and have a Manchu queue, as the hairstyle was considered the ultimate proof of submission. &lt;/p&gt;\n\n&lt;p&gt;If you have moral qualms over betraying the Ming dynasty, you would have to join one of the rebel factions. Immediately after the fall of Beijing a court was established in Nanjing under a Ming pretender, the Longwu Emperor. He sought to maintain a large part of the Ming infrastructure, and he was the natural rallying point for Ming loyalists in the first years. If you feel loyal and don&amp;#39;t want a haircut, you will likely swear loyalty to him. &lt;/p&gt;\n\n&lt;p&gt;The Longwu Emperor lost his position fairly quickly, dying by 1646. After this, Ming loyalty eventually consolidated to two power bases. The Yongli Emperor, a final pretender, established himself in a power base in the Yunnan province in the Southwest of China, rather far from Beijjing or Nanjing. You could evacuate along with him here, and hope for an administrative position here. &lt;/p&gt;\n\n&lt;p&gt;The other option is to join the leadership of Zheng Chenggong, otherwise known as Koxinga, the Ming loyalist pirate leader, who establishes his powerbase in Xiamen on the southeastern coast. he nominally swears loyalty to the Yongli Emperor, but is de facto independent. By 1662, Zheng will evacuate the Chinese mainland entirely and move his base to Taiwan, you can follow. Be wary that he has a short temper and a tendency to execute his subordinates when they displease him. &lt;/p&gt;\n\n&lt;p&gt;If you are highly unlucky, you may end up in one of the regions that comes under the rule of peasant revolt leaders like the Yellow Tiger, Zhang Xianzhong. He was welcoming to officials at first, but as pressure clamped down on him, he accused them of treason and massacred them. &lt;/p&gt;\n\n&lt;p&gt;The lucky part is, that as long as the war went on, the Qing kept welcoming defectors with a pardon and a new title and position, as long as they swore loyalty and attained the Manchu hairstyle. This kept on until all resistance was quelled. &lt;/p&gt;\n\n&lt;p&gt;All things considered, I don&amp;#39;t think the options are that bad. There was generally an escape path. &lt;/p&gt;\n\n&lt;p&gt;For my source material at this, please check:&lt;/p&gt;\n\n&lt;p&gt;On the Trail of the Yellow Tiger: War, Trauma, and Social Dislocation in Southwest China during the Ming-Qing Transition by Kenneth Swope and&lt;/p&gt;\n\n&lt;p&gt;The Lost Colony: The Untold Story of China&amp;#39;s first Great Victory over hte West by Tonio Andrade&lt;/p&gt;\n&lt;/div&gt;", "gildings": {}, "collapsed_reason": null, "associated_award": null, "stickied": false, "author_premium": false, "subreddit_type": "public", "can_gild": true, "top_awarded_type": null, "author_flair_text_color": null, "score_hidden": false, "permalink": "/r/AskHistorians/comments/kp6jau/im_a_ming_official_in_mid_17th_century_china_my/ghvk1gn/", "num_reports": null, "locked": false, "name": "t1_ghvk1gn", "created": 1609659473.0, "subreddit": "AskHistorians", "author_flair_text": null, "treatment_tags": [], "created_utc": 1609630673.0, "subreddit_name_prefixed": "r/AskHistorians", "controversiality": 0, "depth": 0, "author_flair_background_color": null, "collapsed_because_crowd_control": null, "mod_reports": [], "mod_note": null, "distinguished": null}}], "after": null, "before": null}}]