[{"kind": "Listing", "data": {"modhash": "", "dist": 1, "children": [{"kind": "t3", "data": {"approved_at_utc": null, "subreddit": "AskHistorians", "selftext": "", "user_reports": [], "saved": false, "mod_reason_title": null, "gilded": 0, "clicked": false, "title": "Tsar Alexander II freed the serfs of Russia in 1861. Was there any comment about this by the slave owners in the southern US/Confederacy?", "link_flair_richtext": [], "subreddit_name_prefixed": "r/AskHistorians", "hidden": false, "pwls": 6, "link_flair_css_class": null, "downs": 0, "parent_whitelist_status": "all_ads", "hide_score": false, "name": "t3_8ve2cl", "quarantine": false, "link_flair_text_color": "dark", "upvote_ratio": 0.8, "author_flair_background_color": null, "subreddit_type": "public", "ups": 28, "domain": "self.AskHistorians", "media_embed": {}, "author_flair_template_id": null, "is_original_content": false, "secure_media": null, "is_reddit_media_domain": false, "is_meta": false, "category": null, "secure_media_embed": {}, "link_flair_text": null, "can_mod_post": false, "score": 28, "approved_by": null, "thumbnail": "", "edited": false, "author_flair_css_class": null, "author_flair_richtext": [], "content_categories": null, "is_self": true, "mod_note": null, "created": 1530516859.0, "link_flair_type": "text", "wls": 6, "banned_by": null, "author_flair_type": "text", "contest_mode": false, "selftext_html": null, "likes": null, "suggested_sort": null, "banned_at_utc": null, "view_count": null, "archived": false, "no_follow": false, "is_crosspostable": false, "pinned": false, "over_18": false, "media": null, "media_only": false, "link_flair_template_id": null, "can_gild": false, "spoiler": false, "locked": false, "author_flair_text": null, "visited": false, "num_reports": null, "distinguished": null, "subreddit_id": "t5_2ssp3", "mod_reason_by": null, "removal_reason": null, "link_flair_background_color": "", "id": "8ve2cl", "report_reasons": null, "author": "SlyReference", "num_crossposts": 0, "num_comments": 1, "send_replies": true, "author_flair_text_color": null, "permalink": "/r/AskHistorians/comments/8ve2cl/tsar_alexander_ii_freed_the_serfs_of_russia_in/", "whitelist_status": "all_ads", "stickied": false, "url": "https://www.reddit.com/r/AskHistorians/comments/8ve2cl/tsar_alexander_ii_freed_the_serfs_of_russia_in/", "subreddit_subscribers": 790836, "created_utc": 1530488059.0, "mod_reports": [], "is_video": false}}], "after": null, "before": null}}, {"kind": "Listing", "data": {"modhash": "", "dist": null, "children": [{"kind": "t1", "data": {"subreddit_id": "t5_2ssp3", "approved_at_utc": null, "ups": 18, "mod_reason_by": null, "banned_by": null, "author_flair_type": "text", "removal_reason": null, "link_id": "t3_8ve2cl", "author_flair_template_id": null, "likes": null, "no_follow": false, "replies": "", "user_reports": [], "saved": false, "id": "e1naysv", "banned_at_utc": null, "mod_reason_title": null, "gilded": 0, "archived": false, "report_reasons": null, "author": "CockMyBratwurst", "can_mod_post": false, "send_replies": true, "parent_id": "t3_8ve2cl", "score": 18, "approved_by": null, "downs": 0, "body": "This comes from the Sep 04, 1860 edition of the Charleston Mercury. Keep in mind that this is printed a few months *before* Lincoln's election and the subsequent secession crisis:\n\n*\"we think that the serfs of Russia ought to be emancipated. They are of our own, the Caucasian white race, and with a mild just government, would soon be so far civilized as to be fit for the duties of citizenship, and like the people of Germany or Norway, would constitute the strength and stay of the Empire... The reigning Emperor has advanced in the policy of Alexander, and in 1857 put forth a proclamation pledging the will and word of the Autocrat for the full and complete emancipation of all the serfs in his empire. Three years have since transpired, yet what has been done to emancipate the serfs of Russia? Next to nothing.\".*\n\nThis article excerpt illuminates a very pertinent point; The civil society of what would be the Confederate States of America was one that valued whiteness as a core tenet of continuing and furthering its slave society.  Additionally, this article of the Mercury seems to suggest that it was a travesty for whites to subjugate other whites to lives of toil and hardship. This further suggest that the South was a society which valued the appearance of whiteness without as much consideration of ethnicity or class, and that Southern civil society saw Africans as a group particularly destined as 'right' for the work of forced labor and slavery.\n\nThe Richmond Daily Dispatch, however, would print this in an article a year later, in April 1861:\n\n*\"The emancipation of 25 million serfs at a single dash by the present Emperor of Russia is one of the boldest strokes of policy ever attempted... Its effect is to reduce at once to beggary, nearly the whole of the Russian nobility, hitherto the ruling power in the State. It is understood that almost all of them are in debt, to several times the value of their whole estates, leaving out the serfs... The emancipation act, therefore, describes at a single blow so much capital, and so much credit. This cannot be done in any part of the world without producing a shock which must be felt throughout the whole range of civilized society\".*\n\nThis tells us a different interpretation. This article of the Dispatch seems to push the idea that the emancipation of serfs wasn't worth it because of its impact on the economic standing of Russia's aristocratic upper class. This could simply be a different point of view between two different journalists. The South had a somewhat free press, provided that you were white and did not espouse pro-Union or abolitionist views. However, this article is at odds with the first. It doesn't consider the freedom from toilage of a people worth it to the existing class/economic structure, despite that toiling class being themselves white. \n\nThe same month, the Northern paper, the Chicago Tribune, printed this, in an article entitled \"A Southern Howl Against Russian Emancipation\"\n\n*\"... The hope is even entertained that there will be no scarcity of Labor. The hope is a lost hope. The example of the negroes in the West Indies shows that men who have been slaves all their lives, will not work when released from bondage. We have been told that is a peculiar trait of the African. It is no such thing. It is a trait just as much of the Russian. We have read many descriptions of the serf. He is the laziest and most thoughtless of mortals. He delights in nothing so much as sleep. He will sleep upon the slightest opportunity in the most dangerous situation, sometimes on the very eaves of a house, or in a street where thousands of carriages are passing.\"*\n\nI found this excerpt very interesting as well. This Northern paper argues that laziness is something endemic not to *African* slaves, but to anyone forced to work, whether they be white or black. That it is simply innate that someone in forced toil will be lazy at the advent of their freedom from peonage. \n\nBack to the South, the Memphis Daily Appeal would print this in the Spring of 1863:\n\n*\"The experiment of emancipation in Russia, planned two years since and submitted to the country for gradual preparation, was consummated on the third day of the present month. On that day twenty millions of serfs became free from the obligations which bound them to the nobility... They acquire an independence because in the first place, they are of the same color and nationality as their masters, and thereby entitled to dignity and respect so far as their abilities can command them... In this the Russian and American emancipation systems differ most widely.\"*\n\nThe Memphis paper goes on to draw on how the Emancipation Proclamation by Lincoln and the wants of Northern abolitionists *are not* the same because the people of Russia are white and of the same nationality as their own nobility, and that this made their case for freedom more relevant and worthy than that of enslaved blacks in the Confederacy.\n\n\nIn short, I'd say that the South consistently reported on the Russian emancipation of serfs with the message that Russians are white and that Africans are not, and that therefore, the two cases cannot be compared. One must remember that the Confederate mythos was that slavery was the *natural condition* for the black man. This would not apply to white Russians, and therefore, it was an apples to oranges comparison to proponents of black slavery in the CSA. This equivocation is rooted in the fact that the entire foundation of the Confederacy was its ideology of racial hierarchy and white supremacy. At the same time, The Confederacy was a very strict society when it came to class, with an all powerful oligarchy of agrarian plantation capitalists controlling the state, the economy, the political machinations etc. This suggest to me that there was possibly an internal debate about whether being part of the 'Caucasian race' or being a wealthy person of distinct privilege was more important in the South's understanding and analysis of Russian emancipation. It was likely interpreted as the former by poorer Southern whites, and the latter by wealthier elites.\n", "edited": 1530521849.0, "author_flair_css_class": null, "collapsed": false, "author_flair_richtext": [], "is_submitter": false, "collapsed_reason": null, "body_html": "&lt;div class=\"md\"&gt;&lt;p&gt;This comes from the Sep 04, 1860 edition of the Charleston Mercury. Keep in mind that this is printed a few months &lt;em&gt;before&lt;/em&gt; Lincoln&amp;#39;s election and the subsequent secession crisis:&lt;/p&gt;\n\n&lt;p&gt;&lt;em&gt;&amp;quot;we think that the serfs of Russia ought to be emancipated. They are of our own, the Caucasian white race, and with a mild just government, would soon be so far civilized as to be fit for the duties of citizenship, and like the people of Germany or Norway, would constitute the strength and stay of the Empire... The reigning Emperor has advanced in the policy of Alexander, and in 1857 put forth a proclamation pledging the will and word of the Autocrat for the full and complete emancipation of all the serfs in his empire. Three years have since transpired, yet what has been done to emancipate the serfs of Russia? Next to nothing.&amp;quot;.&lt;/em&gt;&lt;/p&gt;\n\n&lt;p&gt;This article excerpt illuminates a very pertinent point; The civil society of what would be the Confederate States of America was one that valued whiteness as a core tenet of continuing and furthering its slave society.  Additionally, this article of the Mercury seems to suggest that it was a travesty for whites to subjugate other whites to lives of toil and hardship. This further suggest that the South was a society which valued the appearance of whiteness without as much consideration of ethnicity or class, and that Southern civil society saw Africans as a group particularly destined as &amp;#39;right&amp;#39; for the work of forced labor and slavery.&lt;/p&gt;\n\n&lt;p&gt;The Richmond Daily Dispatch, however, would print this in an article a year later, in April 1861:&lt;/p&gt;\n\n&lt;p&gt;&lt;em&gt;&amp;quot;The emancipation of 25 million serfs at a single dash by the present Emperor of Russia is one of the boldest strokes of policy ever attempted... Its effect is to reduce at once to beggary, nearly the whole of the Russian nobility, hitherto the ruling power in the State. It is understood that almost all of them are in debt, to several times the value of their whole estates, leaving out the serfs... The emancipation act, therefore, describes at a single blow so much capital, and so much credit. This cannot be done in any part of the world without producing a shock which must be felt throughout the whole range of civilized society&amp;quot;.&lt;/em&gt;&lt;/p&gt;\n\n&lt;p&gt;This tells us a different interpretation. This article of the Dispatch seems to push the idea that the emancipation of serfs wasn&amp;#39;t worth it because of its impact on the economic standing of Russia&amp;#39;s aristocratic upper class. This could simply be a different point of view between two different journalists. The South had a somewhat free press, provided that you were white and did not espouse pro-Union or abolitionist views. However, this article is at odds with the first. It doesn&amp;#39;t consider the freedom from toilage of a people worth it to the existing class/economic structure, despite that toiling class being themselves white. &lt;/p&gt;\n\n&lt;p&gt;The same month, the Northern paper, the Chicago Tribune, printed this, in an article entitled &amp;quot;A Southern Howl Against Russian Emancipation&amp;quot;&lt;/p&gt;\n\n&lt;p&gt;&lt;em&gt;&amp;quot;... The hope is even entertained that there will be no scarcity of Labor. The hope is a lost hope. The example of the negroes in the West Indies shows that men who have been slaves all their lives, will not work when released from bondage. We have been told that is a peculiar trait of the African. It is no such thing. It is a trait just as much of the Russian. We have read many descriptions of the serf. He is the laziest and most thoughtless of mortals. He delights in nothing so much as sleep. He will sleep upon the slightest opportunity in the most dangerous situation, sometimes on the very eaves of a house, or in a street where thousands of carriages are passing.&amp;quot;&lt;/em&gt;&lt;/p&gt;\n\n&lt;p&gt;I found this excerpt very interesting as well. This Northern paper argues that laziness is something endemic not to &lt;em&gt;African&lt;/em&gt; slaves, but to anyone forced to work, whether they be white or black. That it is simply innate that someone in forced toil will be lazy at the advent of their freedom from peonage. &lt;/p&gt;\n\n&lt;p&gt;Back to the South, the Memphis Daily Appeal would print this in the Spring of 1863:&lt;/p&gt;\n\n&lt;p&gt;&lt;em&gt;&amp;quot;The experiment of emancipation in Russia, planned two years since and submitted to the country for gradual preparation, was consummated on the third day of the present month. On that day twenty millions of serfs became free from the obligations which bound them to the nobility... They acquire an independence because in the first place, they are of the same color and nationality as their masters, and thereby entitled to dignity and respect so far as their abilities can command them... In this the Russian and American emancipation systems differ most widely.&amp;quot;&lt;/em&gt;&lt;/p&gt;\n\n&lt;p&gt;The Memphis paper goes on to draw on how the Emancipation Proclamation by Lincoln and the wants of Northern abolitionists &lt;em&gt;are not&lt;/em&gt; the same because the people of Russia are white and of the same nationality as their own nobility, and that this made their case for freedom more relevant and worthy than that of enslaved blacks in the Confederacy.&lt;/p&gt;\n\n&lt;p&gt;In short, I&amp;#39;d say that the South consistently reported on the Russian emancipation of serfs with the message that Russians are white and that Africans are not, and that therefore, the two cases cannot be compared. One must remember that the Confederate mythos was that slavery was the &lt;em&gt;natural condition&lt;/em&gt; for the black man. This would not apply to white Russians, and therefore, it was an apples to oranges comparison to proponents of black slavery in the CSA. This equivocation is rooted in the fact that the entire foundation of the Confederacy was its ideology of racial hierarchy and white supremacy. At the same time, The Confederacy was a very strict society when it came to class, with an all powerful oligarchy of agrarian plantation capitalists controlling the state, the economy, the political machinations etc. This suggest to me that there was possibly an internal debate about whether being part of the &amp;#39;Caucasian race&amp;#39; or being a wealthy person of distinct privilege was more important in the South&amp;#39;s understanding and analysis of Russian emancipation. It was likely interpreted as the former by poorer Southern whites, and the latter by wealthier elites.&lt;/p&gt;\n&lt;/div&gt;", "stickied": false, "subreddit_type": "public", "can_gild": true, "subreddit": "AskHistorians", "author_flair_text_color": null, "score_hidden": false, "permalink": "/r/AskHistorians/comments/8ve2cl/tsar_alexander_ii_freed_the_serfs_of_russia_in/e1naysv/", "num_reports": null, "name": "t1_e1naysv", "created": 1530548602.0, "author_flair_text": null, "created_utc": 1530519802.0, "subreddit_name_prefixed": "r/AskHistorians", "controversiality": 0, "depth": 0, "author_flair_background_color": null, "mod_reports": [], "mod_note": null, "distinguished": null}}], "after": null, "before": null}}]