[{"kind": "Listing", "data": {"modhash": "", "dist": 1, "children": [{"kind": "t3", "data": {"approved_at_utc": null, "subreddit": "AskHistorians", "selftext": "My grandmother passed along a small box of items to me from her second husband's father (my step-great-grandfather), or at least she believes they belong to him. I never met my grandfather and don't know much about him besides his very common name.\n\nAlong with the posted items, there were a handful of coins, mostly from Germany and Canada, dating from 1882-1926. I can post those as well if there is interest.\n\nJoan of Arc lighter: [Front](https://i.imgur.com/ezi5Utx.jpg) [Back](https://i.imgur.com/ttmml0i.jpg)\n\nUnknown lighter: [Front](https://i.imgur.com/AlccKg5.jpg)\n[Back](https://i.imgur.com/fbnDFhi.jpg)\n\n[Pocket Knife](https://i.imgur.com/KRtvipB.jpg)\nIf possible, and worth it, I would like to restore this.\n\n[Marksman Medal from 1904](https://i.imgur.com/ThbVVxs.jpg)\n\n[Pin](https://i.imgur.com/lYbavY6.jpg)\n\nAnd finally, what I want to know about this most, a map that appears to be hand drawn. It is on very thin paper and labeled secret.  There is a note in someone's handwriting that it is from WWI and possibly 1918. \n[Overview](https://i.imgur.com/8aiJ2bL.jpg)\n[Zoom Right](https://i.imgur.com/qzHpUk8.jpg)\n[Zoom Left](https://i.imgur.com/HZhYYSM.jpg)\n[\"Secret\"](https://i.imgur.com/bS6jJWs.jpg)\n\nI appreciate any help that this fantastic community can provide. I don't care what these items are worth,  I just want to know what they are. Also, tips on preserving and/or restoring the map would be greatly appreciated.", "user_reports": [], "saved": false, "mod_reason_title": null, "gilded": 0, "clicked": false, "title": "Request: Help identifying these items given to me by my grandmother", "link_flair_richtext": [], "subreddit_name_prefixed": "r/AskHistorians", "hidden": false, "pwls": 6, "link_flair_css_class": null, "downs": 0, "parent_whitelist_status": "all_ads", "hide_score": false, "name": "t3_8vepsq", "quarantine": false, "link_flair_text_color": "dark", "upvote_ratio": 0.75, "author_flair_background_color": null, "subreddit_type": "public", "ups": 4, "domain": "self.AskHistorians", "media_embed": {}, "author_flair_template_id": null, "is_original_content": false, "secure_media": null, "is_reddit_media_domain": false, "is_meta": false, "category": null, "secure_media_embed": {}, "link_flair_text": null, "can_mod_post": false, "score": 4, "approved_by": null, "thumbnail": "", "edited": false, "author_flair_css_class": null, "author_flair_richtext": [], "content_categories": null, "is_self": true, "mod_note": null, "created": 1530523055.0, "link_flair_type": "text", "wls": 6, "banned_by": null, "author_flair_type": "text", "contest_mode": false, "selftext_html": "&lt;!-- SC_OFF --&gt;&lt;div class=\"md\"&gt;&lt;p&gt;My grandmother passed along a small box of items to me from her second husband&amp;#39;s father (my step-great-grandfather), or at least she believes they belong to him. I never met my grandfather and don&amp;#39;t know much about him besides his very common name.&lt;/p&gt;\n\n&lt;p&gt;Along with the posted items, there were a handful of coins, mostly from Germany and Canada, dating from 1882-1926. I can post those as well if there is interest.&lt;/p&gt;\n\n&lt;p&gt;Joan of Arc lighter: &lt;a href=\"https://i.imgur.com/ezi5Utx.jpg\"&gt;Front&lt;/a&gt; &lt;a href=\"https://i.imgur.com/ttmml0i.jpg\"&gt;Back&lt;/a&gt;&lt;/p&gt;\n\n&lt;p&gt;Unknown lighter: &lt;a href=\"https://i.imgur.com/AlccKg5.jpg\"&gt;Front&lt;/a&gt;\n&lt;a href=\"https://i.imgur.com/fbnDFhi.jpg\"&gt;Back&lt;/a&gt;&lt;/p&gt;\n\n&lt;p&gt;&lt;a href=\"https://i.imgur.com/KRtvipB.jpg\"&gt;Pocket Knife&lt;/a&gt;\nIf possible, and worth it, I would like to restore this.&lt;/p&gt;\n\n&lt;p&gt;&lt;a href=\"https://i.imgur.com/ThbVVxs.jpg\"&gt;Marksman Medal from 1904&lt;/a&gt;&lt;/p&gt;\n\n&lt;p&gt;&lt;a href=\"https://i.imgur.com/lYbavY6.jpg\"&gt;Pin&lt;/a&gt;&lt;/p&gt;\n\n&lt;p&gt;And finally, what I want to know about this most, a map that appears to be hand drawn. It is on very thin paper and labeled secret.  There is a note in someone&amp;#39;s handwriting that it is from WWI and possibly 1918. \n&lt;a href=\"https://i.imgur.com/8aiJ2bL.jpg\"&gt;Overview&lt;/a&gt;\n&lt;a href=\"https://i.imgur.com/qzHpUk8.jpg\"&gt;Zoom Right&lt;/a&gt;\n&lt;a href=\"https://i.imgur.com/HZhYYSM.jpg\"&gt;Zoom Left&lt;/a&gt;\n&lt;a href=\"https://i.imgur.com/bS6jJWs.jpg\"&gt;&amp;quot;Secret&amp;quot;&lt;/a&gt;&lt;/p&gt;\n\n&lt;p&gt;I appreciate any help that this fantastic community can provide. I don&amp;#39;t care what these items are worth,  I just want to know what they are. Also, tips on preserving and/or restoring the map would be greatly appreciated.&lt;/p&gt;\n&lt;/div&gt;&lt;!-- SC_ON --&gt;", "likes": null, "suggested_sort": null, "banned_at_utc": null, "view_count": null, "archived": false, "no_follow": false, "is_crosspostable": false, "pinned": false, "over_18": false, "media": null, "media_only": false, "link_flair_template_id": null, "can_gild": false, "spoiler": false, "locked": false, "author_flair_text": null, "visited": false, "num_reports": null, "distinguished": null, "subreddit_id": "t5_2ssp3", "mod_reason_by": null, "removal_reason": null, "link_flair_background_color": "", "id": "8vepsq", "report_reasons": null, "author": "SmashPass", "num_crossposts": 0, "num_comments": 5, "send_replies": true, "author_flair_text_color": null, "permalink": "/r/AskHistorians/comments/8vepsq/request_help_identifying_these_items_given_to_me/", "whitelist_status": "all_ads", "stickied": false, "url": "https://www.reddit.com/r/AskHistorians/comments/8vepsq/request_help_identifying_these_items_given_to_me/", "subreddit_subscribers": 790838, "created_utc": 1530494255.0, "mod_reports": [], "is_video": false}}], "after": null, "before": null}}, {"kind": "Listing", "data": {"modhash": "", "dist": null, "children": [{"kind": "t1", "data": {"subreddit_id": "t5_2ssp3", "approved_at_utc": null, "ups": 2, "mod_reason_by": null, "banned_by": null, "author_flair_type": "text", "removal_reason": null, "link_id": "t3_8vepsq", "author_flair_template_id": null, "likes": null, "no_follow": true, "replies": "", "user_reports": [], "saved": false, "id": "e1mv4jl", "banned_at_utc": null, "mod_reason_title": null, "gilded": 0, "archived": false, "report_reasons": null, "author": "DubinJohnson", "can_mod_post": false, "send_replies": true, "parent_id": "t3_8vepsq", "score": 2, "approved_by": null, "downs": 0, "body": "You might also post this to /r/whatisthisthing.  I fully expect this comment to be deleted as soon as the mods get to it.  Sorry mods!", "edited": false, "author_flair_css_class": null, "collapsed": false, "author_flair_richtext": [], "is_submitter": false, "collapsed_reason": null, "body_html": "&lt;div class=\"md\"&gt;&lt;p&gt;You might also post this to &lt;a href=\"/r/whatisthisthing\"&gt;/r/whatisthisthing&lt;/a&gt;.  I fully expect this comment to be deleted as soon as the mods get to it.  Sorry mods!&lt;/p&gt;\n&lt;/div&gt;", "stickied": false, "subreddit_type": "public", "can_gild": true, "subreddit": "AskHistorians", "author_flair_text_color": null, "score_hidden": false, "permalink": "/r/AskHistorians/comments/8vepsq/request_help_identifying_these_items_given_to_me/e1mv4jl/", "num_reports": null, "name": "t1_e1mv4jl", "created": 1530525582.0, "author_flair_text": null, "created_utc": 1530496782.0, "subreddit_name_prefixed": "r/AskHistorians", "controversiality": 0, "depth": 0, "author_flair_background_color": null, "mod_reports": [], "mod_note": null, "distinguished": null}}, {"kind": "t1", "data": {"subreddit_id": "t5_2ssp3", "approved_at_utc": null, "ups": 2, "mod_reason_by": null, "banned_by": null, "author_flair_type": "text", "removal_reason": null, "link_id": "t3_8vepsq", "author_flair_template_id": null, "likes": null, "no_follow": true, "replies": {"kind": "Listing", "data": {"modhash": "", "dist": null, "children": [{"kind": "t1", "data": {"subreddit_id": "t5_2ssp3", "approved_at_utc": null, "ups": 1, "mod_reason_by": null, "banned_by": null, "author_flair_type": "text", "removal_reason": null, "link_id": "t3_8vepsq", "author_flair_template_id": null, "likes": null, "no_follow": true, "replies": "", "user_reports": [], "saved": false, "id": "e1r68v5", "banned_at_utc": null, "mod_reason_title": null, "gilded": 0, "archived": false, "report_reasons": null, "author": "SmashPass", "can_mod_post": false, "send_replies": true, "parent_id": "t1_e1r5762", "score": 1, "approved_by": null, "downs": 0, "body": "Thank you for the information.\n\nThe information on the unknown lighter makes it all the more interesting. My grandfather was a first generation Dutch immigrant to the US, so his father would have been born in Holland and immigrated to the US. How he came across a lighter for a French cause is curious to me. \n\nI probably should have put this in the OP but the person who these items supposedly belonged to originally would have been born around 1890 in Holland and immigrated to the US between 1900 and 1910.", "edited": false, "author_flair_css_class": null, "collapsed": false, "author_flair_richtext": [], "is_submitter": true, "collapsed_reason": null, "body_html": "&lt;div class=\"md\"&gt;&lt;p&gt;Thank you for the information.&lt;/p&gt;\n\n&lt;p&gt;The information on the unknown lighter makes it all the more interesting. My grandfather was a first generation Dutch immigrant to the US, so his father would have been born in Holland and immigrated to the US. How he came across a lighter for a French cause is curious to me. &lt;/p&gt;\n\n&lt;p&gt;I probably should have put this in the OP but the person who these items supposedly belonged to originally would have been born around 1890 in Holland and immigrated to the US between 1900 and 1910.&lt;/p&gt;\n&lt;/div&gt;", "stickied": false, "subreddit_type": "public", "can_gild": true, "subreddit": "AskHistorians", "author_flair_text_color": null, "score_hidden": false, "permalink": "/r/AskHistorians/comments/8vepsq/request_help_identifying_these_items_given_to_me/e1r68v5/", "num_reports": null, "name": "t1_e1r68v5", "created": 1530697299.0, "author_flair_text": null, "created_utc": 1530668499.0, "subreddit_name_prefixed": "r/AskHistorians", "controversiality": 0, "depth": 1, "author_flair_background_color": null, "mod_reports": [], "mod_note": null, "distinguished": null}}], "after": null, "before": null}}, "user_reports": [], "saved": false, "id": "e1r5762", "banned_at_utc": null, "mod_reason_title": null, "gilded": 0, "archived": false, "report_reasons": null, "author": "Bodark43", "can_mod_post": false, "send_replies": true, "parent_id": "t3_8vepsq", "score": 2, "approved_by": null, "downs": 0, "body": "The unknown lighter has three French *poilus* or soldiers running in attack. The back of it has two women in regional headdresses of Alsace, consoling each other.  Compare that to a similar-themed [statue in Nancy, France](https://en.wikipedia.org/wiki/Alsace-Lorraine#/media/File:Alsace_Lorraine.jpg)\n\nAfter the Germans annexed Alsace-Lorraine , as a result of winning the Franco-Prussian War, the return of Alsace-Lorraine to France became a huge cause in France. Children were taught geography with Alsace\\_Lorraine depicted in black on the map.  A statue representing Strasbourg on the Place de la Concorde in Paris was shrouded in black .  A whole political movement, led by General Ernest Boulanger, were called the Revanchists, or Revengers, itching for a re-match with the Germans so they could rescue the annexed province. So, while this lighter could well be a bit of WWI soldiers' equipment, it's  expressive of a decades-long French desire.\n\nThe Marksman medal from 1904 is only one year after the US 1903 Militia Act.  The performance of the US armed forces in the Spanish-American War had been mediocre at best.  Militia units had come badly equipped and badly trained, often using obsolete guns.  The [Militia Act ](https://en.wikipedia.org/wiki/Militia_Act_of_1903) sought to have standards for the state militias, and part of that involved training with better equipment.  It was, essentially, the beginning of the National Guard  in the US.  Impossible to imagine medals for marksmanship weren't a part of that training, and that's likely what you've got.\n\nThe knife seems very familiar- I will post again if I find something.\n\nThe map is obviously of the area around Strueth in Alsace.  Maybe someone knows about the various WWI campaigns there, in detail, and precisely date it... but you can  match up the map to the present [Google aerial view](https://www.google.com/maps/place/Strueth,+France/@47.5807648,7.1327163,1245m/data=!3m1!1e3!4m5!3m4!1s0x47918b04d637212d:0x40a5fb99a392cd0!8m2!3d47.582626!4d7.124058?hl=en)  Interesting that it's titled in French ( Carte Regionale de St Ulrich et Strueth, or Regional Map of St Ulrich and Strueth) but places are listed in German, like Niederwald, or lower wood. Alsace had its own German dialect, as well as French.", "edited": 1530669968.0, "author_flair_css_class": null, "collapsed": false, "author_flair_richtext": [], "is_submitter": false, "collapsed_reason": null, "body_html": "&lt;div class=\"md\"&gt;&lt;p&gt;The unknown lighter has three French &lt;em&gt;poilus&lt;/em&gt; or soldiers running in attack. The back of it has two women in regional headdresses of Alsace, consoling each other.  Compare that to a similar-themed &lt;a href=\"https://en.wikipedia.org/wiki/Alsace-Lorraine#/media/File:Alsace_Lorraine.jpg\"&gt;statue in Nancy, France&lt;/a&gt;&lt;/p&gt;\n\n&lt;p&gt;After the Germans annexed Alsace-Lorraine , as a result of winning the Franco-Prussian War, the return of Alsace-Lorraine to France became a huge cause in France. Children were taught geography with Alsace_Lorraine depicted in black on the map.  A statue representing Strasbourg on the Place de la Concorde in Paris was shrouded in black .  A whole political movement, led by General Ernest Boulanger, were called the Revanchists, or Revengers, itching for a re-match with the Germans so they could rescue the annexed province. So, while this lighter could well be a bit of WWI soldiers&amp;#39; equipment, it&amp;#39;s  expressive of a decades-long French desire.&lt;/p&gt;\n\n&lt;p&gt;The Marksman medal from 1904 is only one year after the US 1903 Militia Act.  The performance of the US armed forces in the Spanish-American War had been mediocre at best.  Militia units had come badly equipped and badly trained, often using obsolete guns.  The &lt;a href=\"https://en.wikipedia.org/wiki/Militia_Act_of_1903\"&gt;Militia Act &lt;/a&gt; sought to have standards for the state militias, and part of that involved training with better equipment.  It was, essentially, the beginning of the National Guard  in the US.  Impossible to imagine medals for marksmanship weren&amp;#39;t a part of that training, and that&amp;#39;s likely what you&amp;#39;ve got.&lt;/p&gt;\n\n&lt;p&gt;The knife seems very familiar- I will post again if I find something.&lt;/p&gt;\n\n&lt;p&gt;The map is obviously of the area around Strueth in Alsace.  Maybe someone knows about the various WWI campaigns there, in detail, and precisely date it... but you can  match up the map to the present &lt;a href=\"https://www.google.com/maps/place/Strueth,+France/@47.5807648,7.1327163,1245m/data=!3m1!1e3!4m5!3m4!1s0x47918b04d637212d:0x40a5fb99a392cd0!8m2!3d47.582626!4d7.124058?hl=en\"&gt;Google aerial view&lt;/a&gt;  Interesting that it&amp;#39;s titled in French ( Carte Regionale de St Ulrich et Strueth, or Regional Map of St Ulrich and Strueth) but places are listed in German, like Niederwald, or lower wood. Alsace had its own German dialect, as well as French.&lt;/p&gt;\n&lt;/div&gt;", "stickied": false, "subreddit_type": "public", "can_gild": true, "subreddit": "AskHistorians", "author_flair_text_color": null, "score_hidden": false, "permalink": "/r/AskHistorians/comments/8vepsq/request_help_identifying_these_items_given_to_me/e1r5762/", "num_reports": null, "name": "t1_e1r5762", "created": 1530696153.0, "author_flair_text": null, "created_utc": 1530667353.0, "subreddit_name_prefixed": "r/AskHistorians", "controversiality": 0, "depth": 0, "author_flair_background_color": null, "mod_reports": [], "mod_note": null, "distinguished": null}}, {"kind": "t1", "data": {"subreddit_id": "t5_2ssp3", "approved_at_utc": null, "ups": 1, "mod_reason_by": null, "banned_by": null, "author_flair_type": "text", "removal_reason": null, "link_id": "t3_8vepsq", "author_flair_template_id": null, "likes": null, "no_follow": true, "replies": {"kind": "Listing", "data": {"modhash": "", "dist": null, "children": [{"kind": "t1", "data": {"subreddit_id": "t5_2ssp3", "approved_at_utc": null, "ups": 1, "mod_reason_by": null, "banned_by": null, "author_flair_type": "text", "removal_reason": null, "link_id": "t3_8vepsq", "author_flair_template_id": null, "likes": null, "no_follow": true, "replies": "", "user_reports": [], "saved": false, "id": "e1s2nvn", "banned_at_utc": null, "mod_reason_title": null, "gilded": 0, "archived": false, "report_reasons": null, "author": "SmashPass", "can_mod_post": false, "send_replies": true, "parent_id": "t1_e1ruels", "score": 1, "approved_by": null, "downs": 0, "body": "I posted the map over to /r/wwi \n\nI thought the knife my be early Swiss army due to the cross as well, but I haven't come across a similar model anywhere online. ", "edited": false, "author_flair_css_class": null, "collapsed": false, "author_flair_richtext": [], "is_submitter": true, "collapsed_reason": null, "body_html": "&lt;div class=\"md\"&gt;&lt;p&gt;I posted the map over to &lt;a href=\"/r/wwi\"&gt;/r/wwi&lt;/a&gt; &lt;/p&gt;\n\n&lt;p&gt;I thought the knife my be early Swiss army due to the cross as well, but I haven&amp;#39;t come across a similar model anywhere online. &lt;/p&gt;\n&lt;/div&gt;", "stickied": false, "subreddit_type": "public", "can_gild": true, "subreddit": "AskHistorians", "author_flair_text_color": null, "score_hidden": false, "permalink": "/r/AskHistorians/comments/8vepsq/request_help_identifying_these_items_given_to_me/e1s2nvn/", "num_reports": null, "name": "t1_e1s2nvn", "created": 1530744001.0, "author_flair_text": null, "created_utc": 1530715201.0, "subreddit_name_prefixed": "r/AskHistorians", "controversiality": 0, "depth": 1, "author_flair_background_color": null, "mod_reports": [], "mod_note": null, "distinguished": null}}], "after": null, "before": null}}, "user_reports": [], "saved": false, "id": "e1ruels", "banned_at_utc": null, "mod_reason_title": null, "gilded": 0, "archived": false, "report_reasons": null, "author": "Bodark43", "can_mod_post": false, "send_replies": true, "parent_id": "t3_8vepsq", "score": 1, "approved_by": null, "downs": 0, "body": "Well, the lighter could be from earlier than 1914.  The map really does seem like WWI.  It shows English or American terms for the military units : a platoon would be a *peloton,* a machine gun a *mitrailleuse,* if someone French was drawing and naming  them. You might post this over at r/wwi and see if someone could tell you more about what campaign this was.  \n\nThe knife- it's got a Swiss cross. Perhaps you've got the earliest Swiss Army knife?", "edited": false, "author_flair_css_class": null, "collapsed": false, "author_flair_richtext": [], "is_submitter": false, "collapsed_reason": null, "body_html": "&lt;div class=\"md\"&gt;&lt;p&gt;Well, the lighter could be from earlier than 1914.  The map really does seem like WWI.  It shows English or American terms for the military units : a platoon would be a &lt;em&gt;peloton,&lt;/em&gt; a machine gun a &lt;em&gt;mitrailleuse,&lt;/em&gt; if someone French was drawing and naming  them. You might post this over at &lt;a href=\"/r/wwi\"&gt;r/wwi&lt;/a&gt; and see if someone could tell you more about what campaign this was.  &lt;/p&gt;\n\n&lt;p&gt;The knife- it&amp;#39;s got a Swiss cross. Perhaps you&amp;#39;ve got the earliest Swiss Army knife?&lt;/p&gt;\n&lt;/div&gt;", "stickied": false, "subreddit_type": "public", "can_gild": true, "subreddit": "AskHistorians", "author_flair_text_color": null, "score_hidden": false, "permalink": "/r/AskHistorians/comments/8vepsq/request_help_identifying_these_items_given_to_me/e1ruels/", "num_reports": null, "name": "t1_e1ruels", "created": 1530733216.0, "author_flair_text": null, "created_utc": 1530704416.0, "subreddit_name_prefixed": "r/AskHistorians", "controversiality": 0, "depth": 0, "author_flair_background_color": null, "mod_reports": [], "mod_note": null, "distinguished": null}}], "after": null, "before": null}}]