[{"kind": "Listing", "data": {"modhash": "", "dist": 1, "children": [{"kind": "t3", "data": {"approved_at_utc": null, "subreddit": "AskHistorians", "selftext": "Im trying to learn more history and im curious about what books or other sources are the most reliable and interesting, particulary world history and European history ", "user_reports": [], "saved": false, "mod_reason_title": null, "gilded": 0, "clicked": false, "title": "What are some of the most reliable/interesting history books", "link_flair_richtext": [], "subreddit_name_prefixed": "r/AskHistorians", "hidden": false, "pwls": 6, "link_flair_css_class": null, "downs": 0, "parent_whitelist_status": "all_ads", "hide_score": false, "name": "t3_8vfvds", "quarantine": false, "link_flair_text_color": "dark", "upvote_ratio": 0.57, "author_flair_background_color": null, "subreddit_type": "public", "ups": 1, "domain": "self.AskHistorians", "media_embed": {}, "author_flair_template_id": null, "is_original_content": false, "secure_media": null, "is_reddit_media_domain": false, "is_meta": false, "category": null, "secure_media_embed": {}, "link_flair_text": null, "can_mod_post": false, "score": 1, "approved_by": null, "thumbnail": "", "edited": false, "author_flair_css_class": null, "author_flair_richtext": [], "content_categories": null, "is_self": true, "mod_note": null, "created": 1530534724.0, "link_flair_type": "text", "wls": 6, "banned_by": null, "author_flair_type": "text", "contest_mode": false, "selftext_html": "&lt;!-- SC_OFF --&gt;&lt;div class=\"md\"&gt;&lt;p&gt;Im trying to learn more history and im curious about what books or other sources are the most reliable and interesting, particulary world history and European history &lt;/p&gt;\n&lt;/div&gt;&lt;!-- SC_ON --&gt;", "likes": null, "suggested_sort": null, "banned_at_utc": null, "view_count": null, "archived": false, "no_follow": true, "is_crosspostable": false, "pinned": false, "over_18": false, "media": null, "media_only": false, "link_flair_template_id": null, "can_gild": false, "spoiler": false, "locked": false, "author_flair_text": null, "visited": false, "num_reports": null, "distinguished": null, "subreddit_id": "t5_2ssp3", "mod_reason_by": null, "removal_reason": null, "link_flair_background_color": "", "id": "8vfvds", "report_reasons": null, "author": "CaptainHedrock", "num_crossposts": 0, "num_comments": 2, "send_replies": true, "author_flair_text_color": null, "permalink": "/r/AskHistorians/comments/8vfvds/what_are_some_of_the_most_reliableinteresting/", "whitelist_status": "all_ads", "stickied": false, "url": "https://www.reddit.com/r/AskHistorians/comments/8vfvds/what_are_some_of_the_most_reliableinteresting/", "subreddit_subscribers": 790839, "created_utc": 1530505924.0, "mod_reports": [], "is_video": false}}], "after": null, "before": null}}, {"kind": "Listing", "data": {"modhash": "", "dist": null, "children": [{"kind": "t1", "data": {"subreddit_id": "t5_2ssp3", "approved_at_utc": null, "ups": 1, "mod_reason_by": null, "banned_by": null, "author_flair_type": "text", "removal_reason": null, "link_id": "t3_8vfvds", "author_flair_template_id": null, "likes": null, "no_follow": true, "replies": {"kind": "Listing", "data": {"modhash": "", "dist": null, "children": [{"kind": "t1", "data": {"subreddit_id": "t5_2ssp3", "approved_at_utc": null, "ups": 1, "mod_reason_by": null, "banned_by": null, "author_flair_type": "text", "removal_reason": null, "link_id": "t3_8vfvds", "author_flair_template_id": null, "likes": null, "no_follow": true, "replies": "", "user_reports": [], "saved": false, "id": "e1nzvay", "banned_at_utc": null, "mod_reason_title": null, "gilded": 0, "archived": false, "report_reasons": null, "author": "CaptainHedrock", "can_mod_post": false, "send_replies": true, "parent_id": "t1_e1nzqvr", "score": 1, "approved_by": null, "downs": 0, "body": "Thanks", "edited": false, "author_flair_css_class": null, "collapsed": false, "author_flair_richtext": [], "is_submitter": true, "collapsed_reason": null, "body_html": "&lt;div class=\"md\"&gt;&lt;p&gt;Thanks&lt;/p&gt;\n&lt;/div&gt;", "stickied": false, "subreddit_type": "public", "can_gild": true, "subreddit": "AskHistorians", "author_flair_text_color": null, "score_hidden": false, "permalink": "/r/AskHistorians/comments/8vfvds/what_are_some_of_the_most_reliableinteresting/e1nzvay/", "num_reports": null, "name": "t1_e1nzvay", "created": 1530580290.0, "author_flair_text": null, "created_utc": 1530551490.0, "subreddit_name_prefixed": "r/AskHistorians", "controversiality": 0, "depth": 1, "author_flair_background_color": null, "mod_reports": [], "mod_note": null, "distinguished": null}}], "after": null, "before": null}}, "user_reports": [], "saved": false, "id": "e1nzqvr", "banned_at_utc": null, "mod_reason_title": null, "gilded": 0, "archived": false, "report_reasons": null, "author": "scarlet_sage", "can_mod_post": false, "send_replies": true, "parent_id": "t3_8vfvds", "score": 1, "approved_by": null, "downs": 0, "body": "AskHistorians has an extensive book list at https://www.reddit.com/r/AskHistorians/wiki/books and under.  They aren't ranked, but they often have a mini-review.\n\nThis is not to discourage discussion.  More suggestions, questions, data, and debate are welcome.\n", "edited": false, "author_flair_css_class": null, "collapsed": false, "author_flair_richtext": [], "is_submitter": false, "collapsed_reason": null, "body_html": "&lt;div class=\"md\"&gt;&lt;p&gt;AskHistorians has an extensive book list at &lt;a href=\"https://www.reddit.com/r/AskHistorians/wiki/books\"&gt;https://www.reddit.com/r/AskHistorians/wiki/books&lt;/a&gt; and under.  They aren&amp;#39;t ranked, but they often have a mini-review.&lt;/p&gt;\n\n&lt;p&gt;This is not to discourage discussion.  More suggestions, questions, data, and debate are welcome.&lt;/p&gt;\n&lt;/div&gt;", "stickied": false, "subreddit_type": "public", "can_gild": true, "subreddit": "AskHistorians", "author_flair_text_color": null, "score_hidden": false, "permalink": "/r/AskHistorians/comments/8vfvds/what_are_some_of_the_most_reliableinteresting/e1nzqvr/", "num_reports": null, "name": "t1_e1nzqvr", "created": 1530580184.0, "author_flair_text": null, "created_utc": 1530551384.0, "subreddit_name_prefixed": "r/AskHistorians", "controversiality": 0, "depth": 0, "author_flair_background_color": null, "mod_reports": [], "mod_note": null, "distinguished": null}}], "after": null, "before": null}}]