[{"kind": "Listing", "data": {"modhash": "", "dist": 1, "children": [{"kind": "t3", "data": {"approved_at_utc": null, "subreddit": "AskHistorians", "selftext": "", "user_reports": [], "saved": false, "mod_reason_title": null, "gilded": 0, "clicked": false, "title": "Why did FDR go to such lengths to hide his disability from people?", "link_flair_richtext": [], "subreddit_name_prefixed": "r/AskHistorians", "hidden": false, "pwls": 6, "link_flair_css_class": null, "downs": 0, "parent_whitelist_status": "all_ads", "hide_score": false, "name": "t3_8vjh1r", "quarantine": false, "link_flair_text_color": "dark", "upvote_ratio": 0.82, "author_flair_background_color": null, "subreddit_type": "public", "ups": 9, "domain": "self.AskHistorians", "media_embed": {}, "author_flair_template_id": null, "is_original_content": false, "secure_media": null, "is_reddit_media_domain": false, "is_meta": false, "category": null, "secure_media_embed": {}, "link_flair_text": null, "can_mod_post": false, "score": 9, "approved_by": null, "thumbnail": "", "edited": false, "author_flair_css_class": null, "author_flair_richtext": [], "content_categories": null, "is_self": true, "mod_note": null, "created": 1530573880.0, "link_flair_type": "text", "wls": 6, "banned_by": null, "author_flair_type": "text", "contest_mode": false, "selftext_html": null, "likes": null, "suggested_sort": null, "banned_at_utc": null, "view_count": null, "archived": false, "no_follow": false, "is_crosspostable": false, "pinned": false, "over_18": false, "media": null, "media_only": false, "link_flair_template_id": null, "can_gild": false, "spoiler": false, "locked": false, "author_flair_text": null, "visited": false, "num_reports": null, "distinguished": null, "subreddit_id": "t5_2ssp3", "mod_reason_by": null, "removal_reason": null, "link_flair_background_color": "", "id": "8vjh1r", "report_reasons": null, "author": "wanted876y", "num_crossposts": 0, "num_comments": 1, "send_replies": true, "author_flair_text_color": null, "permalink": "/r/AskHistorians/comments/8vjh1r/why_did_fdr_go_to_such_lengths_to_hide_his/", "whitelist_status": "all_ads", "stickied": false, "url": "https://www.reddit.com/r/AskHistorians/comments/8vjh1r/why_did_fdr_go_to_such_lengths_to_hide_his/", "subreddit_subscribers": 790839, "created_utc": 1530545080.0, "mod_reports": [], "is_video": false}}], "after": null, "before": null}}, {"kind": "Listing", "data": {"modhash": "", "dist": null, "children": [{"kind": "t1", "data": {"subreddit_id": "t5_2ssp3", "approved_at_utc": null, "ups": 3, "mod_reason_by": null, "banned_by": null, "author_flair_type": "text", "removal_reason": null, "link_id": "t3_8vjh1r", "author_flair_template_id": null, "likes": null, "no_follow": true, "replies": "", "user_reports": [], "saved": false, "id": "e1nyqr9", "banned_at_utc": null, "mod_reason_title": null, "gilded": 0, "archived": false, "report_reasons": null, "author": "scarlet_sage", "can_mod_post": false, "send_replies": true, "parent_id": "t3_8vjh1r", "score": 3, "approved_by": null, "downs": 0, "body": "More can be written, but you may like to read these previous discussions concerning the extent of public knowledge of FDR's condition:\n\n[\"How well was FDR's paralysis hidden from the general public?\"](https://www.reddit.com/r/AskHistorians/comments/6urhi5/how_well_was_fdrs_paralysis_hidden_from_the/dlvaqjf/) by /u/lord_mayor_of_reddit\n\n[\"What is the modern view on the \"gentleman's agreement\" between the presidency &amp; the media that kept, for example, Wilson's stroke, Roosevelt's reliance on a wheelchair, and Kennedy's infidelity, under wraps?\"](https://www.reddit.com/r/AskHistorians/comments/37i8pj/what_is_the_modern_view_on_the_gentlemans/cro47if/) by /u/Thurgood_Marshall .\n\nThis is not to discourage discussion.  More questions, data, and debate are welcome.\n", "edited": false, "author_flair_css_class": null, "collapsed": false, "author_flair_richtext": [], "is_submitter": false, "collapsed_reason": null, "body_html": "&lt;div class=\"md\"&gt;&lt;p&gt;More can be written, but you may like to read these previous discussions concerning the extent of public knowledge of FDR&amp;#39;s condition:&lt;/p&gt;\n\n&lt;p&gt;&lt;a href=\"https://www.reddit.com/r/AskHistorians/comments/6urhi5/how_well_was_fdrs_paralysis_hidden_from_the/dlvaqjf/\"&gt;&amp;quot;How well was FDR&amp;#39;s paralysis hidden from the general public?&amp;quot;&lt;/a&gt; by &lt;a href=\"/u/lord_mayor_of_reddit\"&gt;/u/lord_mayor_of_reddit&lt;/a&gt;&lt;/p&gt;\n\n&lt;p&gt;&lt;a href=\"https://www.reddit.com/r/AskHistorians/comments/37i8pj/what_is_the_modern_view_on_the_gentlemans/cro47if/\"&gt;&amp;quot;What is the modern view on the &amp;quot;gentleman&amp;#39;s agreement&amp;quot; between the presidency &amp;amp; the media that kept, for example, Wilson&amp;#39;s stroke, Roosevelt&amp;#39;s reliance on a wheelchair, and Kennedy&amp;#39;s infidelity, under wraps?&amp;quot;&lt;/a&gt; by &lt;a href=\"/u/Thurgood_Marshall\"&gt;/u/Thurgood_Marshall&lt;/a&gt; .&lt;/p&gt;\n\n&lt;p&gt;This is not to discourage discussion.  More questions, data, and debate are welcome.&lt;/p&gt;\n&lt;/div&gt;", "stickied": false, "subreddit_type": "public", "can_gild": true, "subreddit": "AskHistorians", "author_flair_text_color": null, "score_hidden": false, "permalink": "/r/AskHistorians/comments/8vjh1r/why_did_fdr_go_to_such_lengths_to_hide_his/e1nyqr9/", "num_reports": null, "name": "t1_e1nyqr9", "created": 1530579337.0, "author_flair_text": null, "created_utc": 1530550537.0, "subreddit_name_prefixed": "r/AskHistorians", "controversiality": 0, "depth": 0, "author_flair_background_color": null, "mod_reports": [], "mod_note": null, "distinguished": null}}], "after": null, "before": null}}]