[{"kind": "Listing", "data": {"modhash": "", "dist": 1, "children": [{"kind": "t3", "data": {"approved_at_utc": null, "subreddit": "AskHistorians", "selftext": "", "user_reports": [], "saved": false, "mod_reason_title": null, "gilded": 0, "clicked": false, "title": "Did Caeser plan to invade Parthia?", "link_flair_richtext": [], "subreddit_name_prefixed": "r/AskHistorians", "hidden": false, "pwls": 6, "link_flair_css_class": null, "downs": 0, "parent_whitelist_status": "all_ads", "hide_score": false, "name": "t3_bw6v5j", "quarantine": false, "link_flair_text_color": "dark", "upvote_ratio": 0.5, "author_flair_background_color": null, "subreddit_type": "public", "ups": 0, "total_awards_received": 0, "media_embed": {}, "author_flair_template_id": null, "is_original_content": false, "author_fullname": "t2_2wg0kk9x", "secure_media": null, "is_reddit_media_domain": false, "is_meta": false, "category": null, "secure_media_embed": {}, "link_flair_text": null, "can_mod_post": false, "num_duplicates": 1, "approved_by": null, "author_premium": false, "thumbnail": "", "edited": false, "author_flair_css_class": null, "author_flair_richtext": [], "gildings": {}, "content_categories": null, "is_self": true, "mod_note": null, "created": 1559566906.0, "link_flair_type": "text", "wls": 6, "removed_by_category": null, "banned_by": null, "author_flair_type": "text", "domain": "self.AskHistorians", "allow_live_comments": false, "selftext_html": null, "likes": null, "suggested_sort": null, "banned_at_utc": null, "view_count": null, "archived": true, "score": 0, "no_follow": true, "is_crosspostable": false, "pinned": false, "over_18": false, "all_awardings": [], "awarders": [], "media_only": false, "can_gild": false, "spoiler": false, "locked": false, "author_flair_text": null, "treatment_tags": [], "visited": false, "removed_by": null, "num_reports": null, "distinguished": null, "subreddit_id": "t5_2ssp3", "mod_reason_by": null, "removal_reason": null, "link_flair_background_color": "", "id": "bw6v5j", "is_robot_indexable": true, "report_reasons": null, "author": "owenlinx", "discussion_type": null, "num_comments": 2, "send_replies": true, "media": null, "contest_mode": false, "author_patreon_flair": false, "author_flair_text_color": null, "permalink": "/r/AskHistorians/comments/bw6v5j/did_caeser_plan_to_invade_parthia/", "whitelist_status": "all_ads", "stickied": false, "url": "https://www.reddit.com/r/AskHistorians/comments/bw6v5j/did_caeser_plan_to_invade_parthia/", "subreddit_subscribers": 1160960, "created_utc": 1559538106.0, "num_crossposts": 0, "mod_reports": [], "is_video": false}}], "after": null, "before": null}}, {"kind": "Listing", "data": {"modhash": "", "dist": null, "children": [{"kind": "t1", "data": {"total_awards_received": 0, "approved_at_utc": null, "ups": 1, "awarders": [], "mod_reason_by": null, "banned_by": null, "author_flair_type": "richtext", "removal_reason": null, "link_id": "t3_bw6v5j", "author_flair_template_id": "9e641f94-c626-11e2-8e2c-12313b0b21ae", "likes": null, "replies": "", "user_reports": [], "saved": false, "id": "epvkylt", "banned_at_utc": null, "mod_reason_title": null, "gilded": 0, "archived": true, "no_follow": true, "author": "AutoModerator", "can_mod_post": false, "send_replies": false, "parent_id": "t3_bw6v5j", "score": 1, "author_fullname": "t2_6l4z3", "report_reasons": null, "approved_by": null, "all_awardings": [], "subreddit_id": "t5_2ssp3", "body": "Welcome to /r/AskHistorians. **Please be sure to [Read Our Rules](https://www.reddit.com/r/AskHistorians/wiki/rules) before you contribute to this community**.  \n\nWe thank you for your interest in this *question*, and your patience in waiting for an in-depth and comprehensive answer to be written, which takes time. Please consider **[Clicking Here for RemindMeBot](https://www.reddit.com/message/compose/?to=RemindMeBot&amp;subject=Reminder&amp;message=%5Bhttps://www.reddit.com/r/AskHistorians/comments/bw6v5j/did_caeser_plan_to_invade_parthia/%5D%0A%0ARemindMe!++2+days)**, or using [these alternatives](/r/AskHistorians/comments/8p0s9b/roundtable_21_be_kindremind_the_mod_approved/). In the meantime our [Twitter](https://twitter.com/askhistorians), [Facebook](https://www.facebook.com/askhistorians/), and [Sunday Digest](https://www.reddit.com/r/AskHistorians/search?q=title%3A%22Sunday+Digest%22&amp;restrict_sr=on&amp;sort=new&amp;t=all) feature excellent content that has already been written!\n\nPlease do NOT respond to this automated message. Please DO [leave feedback on this message here, though.](https://www.reddit.com/r/AskHistorians/comments/btz9o5/testing_testing_123_well_be_trying_out_an/)\n\n\n*I am a bot, and this action was performed automatically. Please [contact the moderators of this subreddit](/message/compose/?to=/r/AskHistorians) if you have any questions or concerns.*", "edited": false, "downs": 0, "author_flair_css_class": null, "is_submitter": false, "collapsed": false, "author_flair_richtext": [{"e": "text", "t": "History of Robotics"}], "author_patreon_flair": false, "body_html": "&lt;div class=\"md\"&gt;&lt;p&gt;Welcome to &lt;a href=\"/r/AskHistorians\"&gt;/r/AskHistorians&lt;/a&gt;. &lt;strong&gt;Please be sure to &lt;a href=\"https://www.reddit.com/r/AskHistorians/wiki/rules\"&gt;Read Our Rules&lt;/a&gt; before you contribute to this community&lt;/strong&gt;.  &lt;/p&gt;\n\n&lt;p&gt;We thank you for your interest in this &lt;em&gt;question&lt;/em&gt;, and your patience in waiting for an in-depth and comprehensive answer to be written, which takes time. Please consider &lt;strong&gt;&lt;a href=\"https://www.reddit.com/message/compose/?to=RemindMeBot&amp;amp;subject=Reminder&amp;amp;message=%5Bhttps://www.reddit.com/r/AskHistorians/comments/bw6v5j/did_caeser_plan_to_invade_parthia/%5D%0A%0ARemindMe!++2+days\"&gt;Clicking Here for RemindMeBot&lt;/a&gt;&lt;/strong&gt;, or using &lt;a href=\"/r/AskHistorians/comments/8p0s9b/roundtable_21_be_kindremind_the_mod_approved/\"&gt;these alternatives&lt;/a&gt;. In the meantime our &lt;a href=\"https://twitter.com/askhistorians\"&gt;Twitter&lt;/a&gt;, &lt;a href=\"https://www.facebook.com/askhistorians/\"&gt;Facebook&lt;/a&gt;, and &lt;a href=\"https://www.reddit.com/r/AskHistorians/search?q=title%3A%22Sunday+Digest%22&amp;amp;restrict_sr=on&amp;amp;sort=new&amp;amp;t=all\"&gt;Sunday Digest&lt;/a&gt; feature excellent content that has already been written!&lt;/p&gt;\n\n&lt;p&gt;Please do NOT respond to this automated message. Please DO &lt;a href=\"https://www.reddit.com/r/AskHistorians/comments/btz9o5/testing_testing_123_well_be_trying_out_an/\"&gt;leave feedback on this message here, though.&lt;/a&gt;&lt;/p&gt;\n\n&lt;p&gt;&lt;em&gt;I am a bot, and this action was performed automatically. Please &lt;a href=\"/message/compose/?to=/r/AskHistorians\"&gt;contact the moderators of this subreddit&lt;/a&gt; if you have any questions or concerns.&lt;/em&gt;&lt;/p&gt;\n&lt;/div&gt;", "gildings": {}, "collapsed_reason": null, "associated_award": null, "stickied": true, "author_premium": true, "subreddit_type": "public", "can_gild": true, "subreddit": "AskHistorians", "author_flair_text_color": "light", "score_hidden": true, "permalink": "/r/AskHistorians/comments/bw6v5j/did_caeser_plan_to_invade_parthia/epvkylt/", "num_reports": null, "locked": false, "name": "t1_epvkylt", "created": 1559566906.0, "author_flair_text": "History of Robotics", "treatment_tags": [], "created_utc": 1559538106.0, "subreddit_name_prefixed": "r/AskHistorians", "controversiality": 0, "depth": 0, "author_flair_background_color": "#993366", "collapsed_because_crowd_control": null, "mod_reports": [], "mod_note": null, "distinguished": "moderator"}}, {"kind": "t1", "data": {"total_awards_received": 0, "approved_at_utc": null, "ups": 3, "awarders": [], "mod_reason_by": null, "banned_by": null, "author_flair_type": "richtext", "removal_reason": null, "link_id": "t3_bw6v5j", "author_flair_template_id": "7b2f3f40-c626-11e2-9a3e-12313d1841d1", "likes": null, "replies": "", "user_reports": [], "saved": false, "id": "epw0wbo", "banned_at_utc": null, "mod_reason_title": null, "gilded": 0, "archived": true, "no_follow": true, "author": "bigfridge224", "can_mod_post": false, "send_replies": true, "parent_id": "t3_bw6v5j", "score": 3, "author_fullname": "t2_n1f5o", "report_reasons": null, "approved_by": null, "all_awardings": [], "subreddit_id": "t5_2ssp3", "body": "Yes he did. All the later historians and biographers mention the planned invasion (the main ones are Plutarch *Caesar* 58.4-8; Suetonius *Caesar* 44.3-4; Cassius Dio 44.1; Appian *Civil Wars* 2.110), and Cicero also talks about it in one of his letters to Atticus (13.31 - dated 28 May 45 BC), so the pending invasion was clearly fairly common knowledge among the senatorial class.\n\n&amp;#x200B;\n\nWhat exactly he was planning, or why he was going, is not entirely clear. In terms of motive, avenging the defeat of Crassus at Carrhae in 53 BC was likely high on the list. It was a serious psychological blow to the Romans, and remained so until a generation later when Augustus secured the return of the Roman standards from the Parthians. There had been continued clashes along the border in the last years of the 50s - Cicero fought a brief defensive campaign against a Parthian incursion while governor of Cilicia in 51 BC, and Longinus and Bibulus had secured the Roman province of Syria after Crassus' disaster - so practical security was no doubt a consideration. There's also Caesar's own lust for glory to consider - his reputation was founded on dazzling military victories and he needed to keep that up, and going east meant that he could easily eclipse Pompey (now dead, of course), whose eastern campaigns had been so incredibly successful. There's also the looming presence of Alexander the Great, who, if the sources are to be believed, was idolised by both Caesar and Pompey.\n\n&amp;#x200B;\n\nIn terms of a plan, Suetonius and Appian suggest that the Dacians (in modern Romania) were to be attacked first, securing Rome's Danubian frontier, before heading into Asia. Plutarch's elaborate description of a plan to swing back north and west after Parthia - past the Caspian Sea into modern Russia, Eastern Europe and eventually back to Germany - seems fanciful and is not supported by any other account so can probably be discounted. Whatever he was planning, it was clearly not a short campaign that he had in mind, so he would likely have been away from Rome for a number of years. It was this long absence that worried Cicero so much - he was concerned that Caesar would leave the situation at home unresolved, with the free republic unrestored and perhaps leaving open the potential for further civil war. The assassins may have also been concerned - if they delayed and allowed Caesar to slip away, how much greater would his reputation be after defeating the Parthians?  Would they get another chance to stop him? Many of the later historians and biographers draw connections between the planned campaign in Parthia and the assassination - clearly this was an opportunity that the so-called 'Liberators' could not afford to miss.", "edited": false, "downs": 0, "author_flair_css_class": null, "is_submitter": false, "collapsed": false, "author_flair_richtext": [{"e": "text", "t": "Roman Imperial Period | Roman Social History"}], "author_patreon_flair": false, "body_html": "&lt;div class=\"md\"&gt;&lt;p&gt;Yes he did. All the later historians and biographers mention the planned invasion (the main ones are Plutarch &lt;em&gt;Caesar&lt;/em&gt; 58.4-8; Suetonius &lt;em&gt;Caesar&lt;/em&gt; 44.3-4; Cassius Dio 44.1; Appian &lt;em&gt;Civil Wars&lt;/em&gt; 2.110), and Cicero also talks about it in one of his letters to Atticus (13.31 - dated 28 May 45 BC), so the pending invasion was clearly fairly common knowledge among the senatorial class.&lt;/p&gt;\n\n&lt;p&gt;&amp;#x200B;&lt;/p&gt;\n\n&lt;p&gt;What exactly he was planning, or why he was going, is not entirely clear. In terms of motive, avenging the defeat of Crassus at Carrhae in 53 BC was likely high on the list. It was a serious psychological blow to the Romans, and remained so until a generation later when Augustus secured the return of the Roman standards from the Parthians. There had been continued clashes along the border in the last years of the 50s - Cicero fought a brief defensive campaign against a Parthian incursion while governor of Cilicia in 51 BC, and Longinus and Bibulus had secured the Roman province of Syria after Crassus&amp;#39; disaster - so practical security was no doubt a consideration. There&amp;#39;s also Caesar&amp;#39;s own lust for glory to consider - his reputation was founded on dazzling military victories and he needed to keep that up, and going east meant that he could easily eclipse Pompey (now dead, of course), whose eastern campaigns had been so incredibly successful. There&amp;#39;s also the looming presence of Alexander the Great, who, if the sources are to be believed, was idolised by both Caesar and Pompey.&lt;/p&gt;\n\n&lt;p&gt;&amp;#x200B;&lt;/p&gt;\n\n&lt;p&gt;In terms of a plan, Suetonius and Appian suggest that the Dacians (in modern Romania) were to be attacked first, securing Rome&amp;#39;s Danubian frontier, before heading into Asia. Plutarch&amp;#39;s elaborate description of a plan to swing back north and west after Parthia - past the Caspian Sea into modern Russia, Eastern Europe and eventually back to Germany - seems fanciful and is not supported by any other account so can probably be discounted. Whatever he was planning, it was clearly not a short campaign that he had in mind, so he would likely have been away from Rome for a number of years. It was this long absence that worried Cicero so much - he was concerned that Caesar would leave the situation at home unresolved, with the free republic unrestored and perhaps leaving open the potential for further civil war. The assassins may have also been concerned - if they delayed and allowed Caesar to slip away, how much greater would his reputation be after defeating the Parthians?  Would they get another chance to stop him? Many of the later historians and biographers draw connections between the planned campaign in Parthia and the assassination - clearly this was an opportunity that the so-called &amp;#39;Liberators&amp;#39; could not afford to miss.&lt;/p&gt;\n&lt;/div&gt;", "gildings": {}, "collapsed_reason": null, "associated_award": null, "stickied": false, "author_premium": false, "subreddit_type": "public", "can_gild": true, "subreddit": "AskHistorians", "author_flair_text_color": "light", "score_hidden": false, "permalink": "/r/AskHistorians/comments/bw6v5j/did_caeser_plan_to_invade_parthia/epw0wbo/", "num_reports": null, "locked": false, "name": "t1_epw0wbo", "created": 1559590355.0, "author_flair_text": "Roman Imperial Period | Roman Social History", "treatment_tags": [], "created_utc": 1559561555.0, "subreddit_name_prefixed": "r/AskHistorians", "controversiality": 0, "depth": 0, "author_flair_background_color": "#003399", "collapsed_because_crowd_control": null, "mod_reports": [], "mod_note": null, "distinguished": null}}], "after": null, "before": null}}]