[{"kind": "Listing", "data": {"modhash": "", "dist": 1, "children": [{"kind": "t3", "data": {"approved_at_utc": null, "subreddit": "AskHistorians", "selftext": "I don't know much about Hinduism and the details of Indian history, but I feel that in India it is very common to nationalize foreign religions, starting with the indianization of Sumerian deities, then with the indianization of Taoism that resulted in Buddhism, and then with the indianization of Islam which resulted in Sikhism. I thought this was hidden due to religious and nationalist issues but then I read that the Advaita Vedanta states that the same truth is described in different ways in all religions, that they all lead to the same end but were mixed with non-truth, and therefore they must extract this truth present in all religions and mix with their own beliefs.\n\nSo my question is, this idea that all religions are true is shared in others Hindu schools? Do Indians openly adopt and syncretize foreign religions?", "user_reports": [], "saved": false, "mod_reason_title": null, "gilded": 0, "clicked": false, "title": "Do Indians openly adopt and syncretize foreign religions?", "link_flair_richtext": [], "subreddit_name_prefixed": "r/AskHistorians", "hidden": false, "pwls": 6, "link_flair_css_class": null, "downs": 0, "parent_whitelist_status": "all_ads", "hide_score": false, "name": "t3_bwa12h", "quarantine": false, "link_flair_text_color": "dark", "upvote_ratio": 0.64, "author_flair_background_color": null, "subreddit_type": "public", "ups": 3, "total_awards_received": 0, "media_embed": {}, "author_flair_template_id": null, "is_original_content": false, "author_fullname": "t2_j2veact", "secure_media": null, "is_reddit_media_domain": false, "is_meta": false, "category": null, "secure_media_embed": {}, "link_flair_text": null, "can_mod_post": false, "num_duplicates": 1, "approved_by": null, "author_premium": false, "thumbnail": "", "edited": false, "author_flair_css_class": null, "author_flair_richtext": [], "gildings": {}, "content_categories": null, "is_self": true, "mod_note": null, "created": 1559593242.0, "link_flair_type": "text", "wls": 6, "removed_by_category": null, "banned_by": null, "author_flair_type": "text", "domain": "self.AskHistorians", "allow_live_comments": false, "selftext_html": "&lt;!-- SC_OFF --&gt;&lt;div class=\"md\"&gt;&lt;p&gt;I don&amp;#39;t know much about Hinduism and the details of Indian history, but I feel that in India it is very common to nationalize foreign religions, starting with the indianization of Sumerian deities, then with the indianization of Taoism that resulted in Buddhism, and then with the indianization of Islam which resulted in Sikhism. I thought this was hidden due to religious and nationalist issues but then I read that the Advaita Vedanta states that the same truth is described in different ways in all religions, that they all lead to the same end but were mixed with non-truth, and therefore they must extract this truth present in all religions and mix with their own beliefs.&lt;/p&gt;\n\n&lt;p&gt;So my question is, this idea that all religions are true is shared in others Hindu schools? Do Indians openly adopt and syncretize foreign religions?&lt;/p&gt;\n&lt;/div&gt;&lt;!-- SC_ON --&gt;", "likes": null, "suggested_sort": null, "banned_at_utc": null, "view_count": null, "archived": true, "score": 3, "no_follow": false, "is_crosspostable": false, "pinned": false, "over_18": false, "all_awardings": [], "awarders": [], "media_only": false, "can_gild": false, "spoiler": false, "locked": false, "author_flair_text": null, "treatment_tags": [], "visited": false, "removed_by": null, "num_reports": null, "distinguished": null, "subreddit_id": "t5_2ssp3", "mod_reason_by": null, "removal_reason": null, "link_flair_background_color": "", "id": "bwa12h", "is_robot_indexable": true, "report_reasons": null, "author": "Br0z", "discussion_type": null, "num_comments": 5, "send_replies": true, "media": null, "contest_mode": false, "author_patreon_flair": false, "author_flair_text_color": null, "permalink": "/r/AskHistorians/comments/bwa12h/do_indians_openly_adopt_and_syncretize_foreign/", "whitelist_status": "all_ads", "stickied": false, "url": "https://www.reddit.com/r/AskHistorians/comments/bwa12h/do_indians_openly_adopt_and_syncretize_foreign/", "subreddit_subscribers": 1160960, "created_utc": 1559564442.0, "num_crossposts": 0, "mod_reports": [], "is_video": false}}], "after": null, "before": null}}, {"kind": "Listing", "data": {"modhash": "", "dist": null, "children": [{"kind": "t1", "data": {"total_awards_received": 0, "approved_at_utc": null, "ups": 1, "awarders": [], "mod_reason_by": null, "banned_by": null, "author_flair_type": "richtext", "removal_reason": null, "link_id": "t3_bwa12h", "author_flair_template_id": "9e641f94-c626-11e2-8e2c-12313b0b21ae", "likes": null, "replies": "", "user_reports": [], "saved": false, "id": "epw3hzy", "banned_at_utc": null, "mod_reason_title": null, "gilded": 0, "archived": true, "no_follow": true, "author": "AutoModerator", "can_mod_post": false, "send_replies": false, "parent_id": "t3_bwa12h", "score": 1, "author_fullname": "t2_6l4z3", "report_reasons": null, "approved_by": null, "all_awardings": [], "subreddit_id": "t5_2ssp3", "body": "Welcome to /r/AskHistorians. **Please be sure to [Read Our Rules](https://www.reddit.com/r/AskHistorians/wiki/rules) before you contribute to this community**.  \n\nWe thank you for your interest in this *question*, and your patience in waiting for an in-depth and comprehensive answer to be written, which takes time. Please consider **[Clicking Here for RemindMeBot](https://www.reddit.com/message/compose/?to=RemindMeBot&amp;subject=Reminder&amp;message=%5Bhttps://www.reddit.com/r/AskHistorians/comments/bwa12h/do_indians_openly_adopt_and_syncretize_foreign/%5D%0A%0ARemindMe!++2+days)**, or using [these alternatives](/r/AskHistorians/comments/8p0s9b/roundtable_21_be_kindremind_the_mod_approved/). In the meantime our [Twitter](https://twitter.com/askhistorians), [Facebook](https://www.facebook.com/askhistorians/), and [Sunday Digest](https://www.reddit.com/r/AskHistorians/search?q=title%3A%22Sunday+Digest%22&amp;restrict_sr=on&amp;sort=new&amp;t=all) feature excellent content that has already been written!\n\nPlease do NOT respond to this automated message. Please DO [leave feedback on this message here, though.](https://www.reddit.com/r/AskHistorians/comments/btz9o5/testing_testing_123_well_be_trying_out_an/)\n\n\n*I am a bot, and this action was performed automatically. Please [contact the moderators of this subreddit](/message/compose/?to=/r/AskHistorians) if you have any questions or concerns.*", "edited": false, "downs": 0, "author_flair_css_class": null, "is_submitter": false, "collapsed": false, "author_flair_richtext": [{"e": "text", "t": "History of Robotics"}], "author_patreon_flair": false, "body_html": "&lt;div class=\"md\"&gt;&lt;p&gt;Welcome to &lt;a href=\"/r/AskHistorians\"&gt;/r/AskHistorians&lt;/a&gt;. &lt;strong&gt;Please be sure to &lt;a href=\"https://www.reddit.com/r/AskHistorians/wiki/rules\"&gt;Read Our Rules&lt;/a&gt; before you contribute to this community&lt;/strong&gt;.  &lt;/p&gt;\n\n&lt;p&gt;We thank you for your interest in this &lt;em&gt;question&lt;/em&gt;, and your patience in waiting for an in-depth and comprehensive answer to be written, which takes time. Please consider &lt;strong&gt;&lt;a href=\"https://www.reddit.com/message/compose/?to=RemindMeBot&amp;amp;subject=Reminder&amp;amp;message=%5Bhttps://www.reddit.com/r/AskHistorians/comments/bwa12h/do_indians_openly_adopt_and_syncretize_foreign/%5D%0A%0ARemindMe!++2+days\"&gt;Clicking Here for RemindMeBot&lt;/a&gt;&lt;/strong&gt;, or using &lt;a href=\"/r/AskHistorians/comments/8p0s9b/roundtable_21_be_kindremind_the_mod_approved/\"&gt;these alternatives&lt;/a&gt;. In the meantime our &lt;a href=\"https://twitter.com/askhistorians\"&gt;Twitter&lt;/a&gt;, &lt;a href=\"https://www.facebook.com/askhistorians/\"&gt;Facebook&lt;/a&gt;, and &lt;a href=\"https://www.reddit.com/r/AskHistorians/search?q=title%3A%22Sunday+Digest%22&amp;amp;restrict_sr=on&amp;amp;sort=new&amp;amp;t=all\"&gt;Sunday Digest&lt;/a&gt; feature excellent content that has already been written!&lt;/p&gt;\n\n&lt;p&gt;Please do NOT respond to this automated message. Please DO &lt;a href=\"https://www.reddit.com/r/AskHistorians/comments/btz9o5/testing_testing_123_well_be_trying_out_an/\"&gt;leave feedback on this message here, though.&lt;/a&gt;&lt;/p&gt;\n\n&lt;p&gt;&lt;em&gt;I am a bot, and this action was performed automatically. Please &lt;a href=\"/message/compose/?to=/r/AskHistorians\"&gt;contact the moderators of this subreddit&lt;/a&gt; if you have any questions or concerns.&lt;/em&gt;&lt;/p&gt;\n&lt;/div&gt;", "gildings": {}, "collapsed_reason": null, "associated_award": null, "stickied": true, "author_premium": true, "subreddit_type": "public", "can_gild": true, "subreddit": "AskHistorians", "author_flair_text_color": "light", "score_hidden": true, "permalink": "/r/AskHistorians/comments/bwa12h/do_indians_openly_adopt_and_syncretize_foreign/epw3hzy/", "num_reports": null, "locked": false, "name": "t1_epw3hzy", "created": 1559593242.0, "author_flair_text": "History of Robotics", "treatment_tags": [], "created_utc": 1559564442.0, "subreddit_name_prefixed": "r/AskHistorians", "controversiality": 0, "depth": 0, "author_flair_background_color": "#993366", "collapsed_because_crowd_control": null, "mod_reports": [], "mod_note": null, "distinguished": "moderator"}}, {"kind": "t1", "data": {"total_awards_received": 0, "approved_at_utc": null, "ups": 4, "awarders": [], "mod_reason_by": null, "banned_by": null, "author_flair_type": "text", "removal_reason": null, "link_id": "t3_bwa12h", "author_flair_template_id": null, "likes": null, "replies": {"kind": "Listing", "data": {"modhash": "", "dist": null, "children": [{"kind": "t1", "data": {"total_awards_received": 0, "approved_at_utc": null, "ups": 1, "awarders": [], "mod_reason_by": null, "banned_by": null, "author_flair_type": "text", "removal_reason": null, "link_id": "t3_bwa12h", "author_flair_template_id": null, "likes": null, "replies": "", "user_reports": [], "saved": false, "id": "epybpa3", "banned_at_utc": null, "mod_reason_title": null, "gilded": 0, "archived": true, "no_follow": true, "author": "peacelife", "can_mod_post": false, "send_replies": true, "parent_id": "t1_epwbtyb", "score": 1, "author_fullname": "t2_784ti", "report_reasons": null, "approved_by": null, "all_awardings": [], "subreddit_id": "t5_2ssp3", "collapsed": false, "body": "Thanks for the post.  BTW,\n\n&gt;Buddhism arose in the 6th century CE,\n\nYou meant BCE?", "edited": false, "author_flair_css_class": null, "is_submitter": false, "downs": 0, "author_flair_richtext": [], "author_patreon_flair": false, "body_html": "&lt;div class=\"md\"&gt;&lt;p&gt;Thanks for the post.  BTW,&lt;/p&gt;\n\n&lt;blockquote&gt;\n&lt;p&gt;Buddhism arose in the 6th century CE,&lt;/p&gt;\n&lt;/blockquote&gt;\n\n&lt;p&gt;You meant BCE?&lt;/p&gt;\n&lt;/div&gt;", "gildings": {}, "collapsed_reason": null, "associated_award": null, "stickied": false, "author_premium": false, "subreddit_type": "public", "can_gild": true, "subreddit": "AskHistorians", "author_flair_text_color": null, "score_hidden": false, "permalink": "/r/AskHistorians/comments/bwa12h/do_indians_openly_adopt_and_syncretize_foreign/epybpa3/", "num_reports": null, "locked": false, "name": "t1_epybpa3", "created": 1559655559.0, "author_flair_text": null, "treatment_tags": [], "created_utc": 1559626759.0, "subreddit_name_prefixed": "r/AskHistorians", "controversiality": 0, "depth": 1, "author_flair_background_color": null, "collapsed_because_crowd_control": null, "mod_reports": [], "mod_note": null, "distinguished": null}}], "after": null, "before": null}}, "user_reports": [], "saved": false, "id": "epwbtyb", "banned_at_utc": null, "mod_reason_title": null, "gilded": 0, "archived": true, "no_follow": false, "author": "Valarauko", "can_mod_post": false, "send_replies": true, "parent_id": "t3_bwa12h", "score": 4, "author_fullname": "t2_8m3up", "report_reasons": null, "approved_by": null, "all_awardings": [], "subreddit_id": "t5_2ssp3", "body": "I would disagree with some points you've raised in your question.\n\nFor one, Buddhism is not an indianization of Taoism. The early strains of proto-Buddhism are reflected in the Vedic literature, long before an established cultural link with China. Buddhism arose in the 6th century ~~CE~~ BCE, at a time of great cultural and political churn in the Gangetic plains. Within the span of a single generation, three great religious traditions (Buddhism, Jainism, and Ajivikism) emerged that differed from orthodox Hinduism on the central tenets of the nature of the soul, divinity, individual agency, and karma. These religious traditions were referred to collectively as the shramana (\"one who labours\", ie, an ascetic), due to to emphasis on asceticism in these traditions. Within mainstream Hinduism, these same questions are pondered upon in the Upanishads, composed around the same time. For ancient Indians, these traditions were not necessarily seen as mutually exclusive.\n\nNor would Sikhism be considered \"Indianized Islam\". A syncretic tradition, sure. Islam and its indianized form had been present in northern India for half a millennia before the advent of Sikhism.\n\nI am unaware of any Indianized Sumerian deities.\n\nAs to the question itself, there isn't reason to believe that Indians adopted and indiginized foreign religions at a higher rate than any other people. Indeed, there were many religious traditions that arrived in India and left nary a sign. For example, the Greeks. We have evidence of the Indo-Greeks adopting Indian religions (mostly Buddhism), and none of Indians adopting the worship of the Greek pantheon. The same goes for the Scythians, the Huns, the Hepthalites, and the Kushans.\n\nWhile advaita Vedanta advocates a universality towards divinity, it is also highly critical of other traditions. The other schools of vedanta are even more critical, and are very clear about the paramount nature of their particular deity.", "edited": 1559636005.0, "downs": 0, "author_flair_css_class": null, "is_submitter": false, "collapsed": false, "author_flair_richtext": [], "author_patreon_flair": false, "body_html": "&lt;div class=\"md\"&gt;&lt;p&gt;I would disagree with some points you&amp;#39;ve raised in your question.&lt;/p&gt;\n\n&lt;p&gt;For one, Buddhism is not an indianization of Taoism. The early strains of proto-Buddhism are reflected in the Vedic literature, long before an established cultural link with China. Buddhism arose in the 6th century &lt;del&gt;CE&lt;/del&gt; BCE, at a time of great cultural and political churn in the Gangetic plains. Within the span of a single generation, three great religious traditions (Buddhism, Jainism, and Ajivikism) emerged that differed from orthodox Hinduism on the central tenets of the nature of the soul, divinity, individual agency, and karma. These religious traditions were referred to collectively as the shramana (&amp;quot;one who labours&amp;quot;, ie, an ascetic), due to to emphasis on asceticism in these traditions. Within mainstream Hinduism, these same questions are pondered upon in the Upanishads, composed around the same time. For ancient Indians, these traditions were not necessarily seen as mutually exclusive.&lt;/p&gt;\n\n&lt;p&gt;Nor would Sikhism be considered &amp;quot;Indianized Islam&amp;quot;. A syncretic tradition, sure. Islam and its indianized form had been present in northern India for half a millennia before the advent of Sikhism.&lt;/p&gt;\n\n&lt;p&gt;I am unaware of any Indianized Sumerian deities.&lt;/p&gt;\n\n&lt;p&gt;As to the question itself, there isn&amp;#39;t reason to believe that Indians adopted and indiginized foreign religions at a higher rate than any other people. Indeed, there were many religious traditions that arrived in India and left nary a sign. For example, the Greeks. We have evidence of the Indo-Greeks adopting Indian religions (mostly Buddhism), and none of Indians adopting the worship of the Greek pantheon. The same goes for the Scythians, the Huns, the Hepthalites, and the Kushans.&lt;/p&gt;\n\n&lt;p&gt;While advaita Vedanta advocates a universality towards divinity, it is also highly critical of other traditions. The other schools of vedanta are even more critical, and are very clear about the paramount nature of their particular deity.&lt;/p&gt;\n&lt;/div&gt;", "gildings": {}, "collapsed_reason": null, "associated_award": null, "stickied": false, "author_premium": false, "subreddit_type": "public", "can_gild": true, "subreddit": "AskHistorians", "author_flair_text_color": null, "score_hidden": false, "permalink": "/r/AskHistorians/comments/bwa12h/do_indians_openly_adopt_and_syncretize_foreign/epwbtyb/", "num_reports": null, "locked": false, "name": "t1_epwbtyb", "created": 1559600596.0, "author_flair_text": null, "treatment_tags": [], "created_utc": 1559571796.0, "subreddit_name_prefixed": "r/AskHistorians", "controversiality": 0, "depth": 0, "author_flair_background_color": null, "collapsed_because_crowd_control": null, "mod_reports": [], "mod_note": null, "distinguished": null}}], "after": null, "before": null}}]