[{"kind": "Listing", "data": {"modhash": "", "dist": 1, "children": [{"kind": "t3", "data": {"approved_at_utc": null, "subreddit": "AskHistorians", "selftext": "Romans had a signifier for every century, and we see on films or shows armies with many cool flags. Would real medieval armies have such?", "user_reports": [], "saved": false, "mod_reason_title": null, "gilded": 0, "clicked": false, "title": "Did medieval units use large flags?", "link_flair_richtext": [], "subreddit_name_prefixed": "r/AskHistorians", "hidden": false, "pwls": 6, "link_flair_css_class": null, "downs": 0, "parent_whitelist_status": "all_ads", "hide_score": false, "name": "t3_bwatc5", "quarantine": false, "link_flair_text_color": "dark", "upvote_ratio": 0.67, "author_flair_background_color": null, "subreddit_type": "public", "ups": 1, "total_awards_received": 0, "media_embed": {}, "author_flair_template_id": null, "is_original_content": false, "author_fullname": "t2_3j0c5osp", "secure_media": null, "is_reddit_media_domain": false, "is_meta": false, "category": null, "secure_media_embed": {}, "link_flair_text": null, "can_mod_post": false, "num_duplicates": 1, "approved_by": null, "author_premium": false, "thumbnail": "", "edited": false, "author_flair_css_class": null, "author_flair_richtext": [], "gildings": {}, "content_categories": null, "is_self": true, "mod_note": null, "created": 1559598260.0, "link_flair_type": "text", "wls": 6, "removed_by_category": null, "banned_by": null, "author_flair_type": "text", "domain": "self.AskHistorians", "allow_live_comments": false, "selftext_html": "&lt;!-- SC_OFF --&gt;&lt;div class=\"md\"&gt;&lt;p&gt;Romans had a signifier for every century, and we see on films or shows armies with many cool flags. Would real medieval armies have such?&lt;/p&gt;\n&lt;/div&gt;&lt;!-- SC_ON --&gt;", "likes": null, "suggested_sort": null, "banned_at_utc": null, "view_count": null, "archived": true, "score": 1, "no_follow": true, "is_crosspostable": false, "pinned": false, "over_18": false, "all_awardings": [], "awarders": [], "media_only": false, "can_gild": false, "spoiler": false, "locked": false, "author_flair_text": null, "treatment_tags": [], "visited": false, "removed_by": null, "num_reports": null, "distinguished": null, "subreddit_id": "t5_2ssp3", "mod_reason_by": null, "removal_reason": null, "link_flair_background_color": "", "id": "bwatc5", "is_robot_indexable": true, "report_reasons": null, "author": "amir_timur_the_lame", "discussion_type": null, "num_comments": 6, "send_replies": true, "media": null, "contest_mode": false, "author_patreon_flair": false, "author_flair_text_color": null, "permalink": "/r/AskHistorians/comments/bwatc5/did_medieval_units_use_large_flags/", "whitelist_status": "all_ads", "stickied": false, "url": "https://www.reddit.com/r/AskHistorians/comments/bwatc5/did_medieval_units_use_large_flags/", "subreddit_subscribers": 1160960, "created_utc": 1559569460.0, "num_crossposts": 0, "mod_reports": [], "is_video": false}}], "after": null, "before": null}}, {"kind": "Listing", "data": {"modhash": "", "dist": null, "children": [{"kind": "t1", "data": {"total_awards_received": 0, "approved_at_utc": null, "ups": 1, "awarders": [], "mod_reason_by": null, "banned_by": null, "author_flair_type": "richtext", "removal_reason": null, "link_id": "t3_bwatc5", "author_flair_template_id": "9e641f94-c626-11e2-8e2c-12313b0b21ae", "likes": null, "replies": "", "user_reports": [], "saved": false, "id": "epw8xn6", "banned_at_utc": null, "mod_reason_title": null, "gilded": 0, "archived": true, "no_follow": true, "author": "AutoModerator", "can_mod_post": false, "send_replies": false, "parent_id": "t3_bwatc5", "score": 1, "author_fullname": "t2_6l4z3", "report_reasons": null, "approved_by": null, "all_awardings": [], "subreddit_id": "t5_2ssp3", "body": "Welcome to /r/AskHistorians. **Please be sure to [Read Our Rules](https://www.reddit.com/r/AskHistorians/wiki/rules) before you contribute to this community**.  \n\nWe thank you for your interest in this *question*, and your patience in waiting for an in-depth and comprehensive answer to be written, which takes time. Please consider **[Clicking Here for RemindMeBot](https://www.reddit.com/message/compose/?to=RemindMeBot&amp;subject=Reminder&amp;message=%5Bhttps://www.reddit.com/r/AskHistorians/comments/bwatc5/did_medieval_units_use_large_flags/%5D%0A%0ARemindMe!++2+days)**, or using [these alternatives](/r/AskHistorians/comments/8p0s9b/roundtable_21_be_kindremind_the_mod_approved/). In the meantime our [Twitter](https://twitter.com/askhistorians), [Facebook](https://www.facebook.com/askhistorians/), and [Sunday Digest](https://www.reddit.com/r/AskHistorians/search?q=title%3A%22Sunday+Digest%22&amp;restrict_sr=on&amp;sort=new&amp;t=all) feature excellent content that has already been written!\n\nPlease do NOT respond to this automated message. Please DO [leave feedback on this message here, though.](https://www.reddit.com/r/AskHistorians/comments/btz9o5/testing_testing_123_well_be_trying_out_an/)\n\n\n*I am a bot, and this action was performed automatically. Please [contact the moderators of this subreddit](/message/compose/?to=/r/AskHistorians) if you have any questions or concerns.*", "edited": false, "downs": 0, "author_flair_css_class": null, "is_submitter": false, "collapsed": false, "author_flair_richtext": [{"e": "text", "t": "History of Robotics"}], "author_patreon_flair": false, "body_html": "&lt;div class=\"md\"&gt;&lt;p&gt;Welcome to &lt;a href=\"/r/AskHistorians\"&gt;/r/AskHistorians&lt;/a&gt;. &lt;strong&gt;Please be sure to &lt;a href=\"https://www.reddit.com/r/AskHistorians/wiki/rules\"&gt;Read Our Rules&lt;/a&gt; before you contribute to this community&lt;/strong&gt;.  &lt;/p&gt;\n\n&lt;p&gt;We thank you for your interest in this &lt;em&gt;question&lt;/em&gt;, and your patience in waiting for an in-depth and comprehensive answer to be written, which takes time. Please consider &lt;strong&gt;&lt;a href=\"https://www.reddit.com/message/compose/?to=RemindMeBot&amp;amp;subject=Reminder&amp;amp;message=%5Bhttps://www.reddit.com/r/AskHistorians/comments/bwatc5/did_medieval_units_use_large_flags/%5D%0A%0ARemindMe!++2+days\"&gt;Clicking Here for RemindMeBot&lt;/a&gt;&lt;/strong&gt;, or using &lt;a href=\"/r/AskHistorians/comments/8p0s9b/roundtable_21_be_kindremind_the_mod_approved/\"&gt;these alternatives&lt;/a&gt;. In the meantime our &lt;a href=\"https://twitter.com/askhistorians\"&gt;Twitter&lt;/a&gt;, &lt;a href=\"https://www.facebook.com/askhistorians/\"&gt;Facebook&lt;/a&gt;, and &lt;a href=\"https://www.reddit.com/r/AskHistorians/search?q=title%3A%22Sunday+Digest%22&amp;amp;restrict_sr=on&amp;amp;sort=new&amp;amp;t=all\"&gt;Sunday Digest&lt;/a&gt; feature excellent content that has already been written!&lt;/p&gt;\n\n&lt;p&gt;Please do NOT respond to this automated message. Please DO &lt;a href=\"https://www.reddit.com/r/AskHistorians/comments/btz9o5/testing_testing_123_well_be_trying_out_an/\"&gt;leave feedback on this message here, though.&lt;/a&gt;&lt;/p&gt;\n\n&lt;p&gt;&lt;em&gt;I am a bot, and this action was performed automatically. Please &lt;a href=\"/message/compose/?to=/r/AskHistorians\"&gt;contact the moderators of this subreddit&lt;/a&gt; if you have any questions or concerns.&lt;/em&gt;&lt;/p&gt;\n&lt;/div&gt;", "gildings": {}, "collapsed_reason": null, "associated_award": null, "stickied": true, "author_premium": true, "subreddit_type": "public", "can_gild": true, "subreddit": "AskHistorians", "author_flair_text_color": "light", "score_hidden": true, "permalink": "/r/AskHistorians/comments/bwatc5/did_medieval_units_use_large_flags/epw8xn6/", "num_reports": null, "locked": false, "name": "t1_epw8xn6", "created": 1559598260.0, "author_flair_text": "History of Robotics", "treatment_tags": [], "created_utc": 1559569460.0, "subreddit_name_prefixed": "r/AskHistorians", "controversiality": 0, "depth": 0, "author_flair_background_color": "#993366", "collapsed_because_crowd_control": null, "mod_reports": [], "mod_note": null, "distinguished": "moderator"}}, {"kind": "t1", "data": {"total_awards_received": 0, "approved_at_utc": null, "ups": 5, "awarders": [], "mod_reason_by": null, "banned_by": null, "author_flair_type": "text", "removal_reason": null, "link_id": "t3_bwatc5", "author_flair_template_id": null, "likes": null, "replies": "", "user_reports": [], "saved": false, "id": "epwfs0w", "banned_at_utc": null, "mod_reason_title": null, "gilded": 0, "archived": true, "no_follow": true, "author": "Noble_Devil_Boruta", "can_mod_post": false, "send_replies": true, "parent_id": "t3_bwatc5", "score": 5, "author_fullname": "t2_48yvzsw", "report_reasons": null, "approved_by": null, "all_awardings": [], "subreddit_id": "t5_2ssp3", "body": "By all means yes. Given that the system of feudal relations developing in early-to-high Middle Ages resulted in quite the dispersion of power, especially in continental Europe, the troops were usually marshaled on gradual basis, meaning that if, say, a suzerain was going to war, he was calling upon the nobles answering directly to him, these were calling their vassals obliged to support their seniors with military service, and so on. To keep things organized, the troops were organized in units that in some countries were literally called a 'banner' because their position on battlefield was marked by the specific banner carried by a standard-bearer (that served both as the visual signal for the commander and a rally point for the combatants). A single 'banner' (or company) usually consisted of the knights hailing from a specific region (land banner) or of vassals of a single powerful noble (house banner) and could have counted anything between 40 and 100 knights. It should be noted however, that the actual number off combatants in such unit was several times higher, as each knight was usually obliged to arrive with his retinue (lance, lance-fournie), usually consisting of several combatants, armed and equipped as per agreement with his senior, the most common composition being the knight himself, one or two similarly armed companions (often squires) and several lightly armed supporters protecting their master from the back. Later, with the emergence of professional armies, the flags and banners of the respective units largely remained, serving the same purpose.\n\nAs each company consisting of few hundred combatants and was indicated by a separate flag, one can easily imagine that there had to be quite a few banners on each side of the pitched medieval battle. And this would be quite correct impression. For example, in the Battle of Tannenberg in 1410, the forces of the Polish-Lithuanian side numbered 28.000 people divided into over 90 separate companies, not counting Czech, Moravian and Mongol companies, while the Teutonic Order and their allies fielded 21.000 people divided into at least 52 companies. This, of course, was one of the biggest medieval battles but other battles fought in the late Middle Ages tended to fall into this order of magnitude. On a side note, most of the banners of the Teutonic companies were collected after the battle and their images were collected in the book 'Banderia Prutenorum' (Flags of the Prussians) depicting 56 flags used by the Order and their allies (both the banners of the respective companies and personal flags used by the Order, the Grandmaster and other high-ranking Order officials).", "edited": false, "downs": 0, "author_flair_css_class": null, "is_submitter": false, "collapsed": false, "author_flair_richtext": [], "author_patreon_flair": false, "body_html": "&lt;div class=\"md\"&gt;&lt;p&gt;By all means yes. Given that the system of feudal relations developing in early-to-high Middle Ages resulted in quite the dispersion of power, especially in continental Europe, the troops were usually marshaled on gradual basis, meaning that if, say, a suzerain was going to war, he was calling upon the nobles answering directly to him, these were calling their vassals obliged to support their seniors with military service, and so on. To keep things organized, the troops were organized in units that in some countries were literally called a &amp;#39;banner&amp;#39; because their position on battlefield was marked by the specific banner carried by a standard-bearer (that served both as the visual signal for the commander and a rally point for the combatants). A single &amp;#39;banner&amp;#39; (or company) usually consisted of the knights hailing from a specific region (land banner) or of vassals of a single powerful noble (house banner) and could have counted anything between 40 and 100 knights. It should be noted however, that the actual number off combatants in such unit was several times higher, as each knight was usually obliged to arrive with his retinue (lance, lance-fournie), usually consisting of several combatants, armed and equipped as per agreement with his senior, the most common composition being the knight himself, one or two similarly armed companions (often squires) and several lightly armed supporters protecting their master from the back. Later, with the emergence of professional armies, the flags and banners of the respective units largely remained, serving the same purpose.&lt;/p&gt;\n\n&lt;p&gt;As each company consisting of few hundred combatants and was indicated by a separate flag, one can easily imagine that there had to be quite a few banners on each side of the pitched medieval battle. And this would be quite correct impression. For example, in the Battle of Tannenberg in 1410, the forces of the Polish-Lithuanian side numbered 28.000 people divided into over 90 separate companies, not counting Czech, Moravian and Mongol companies, while the Teutonic Order and their allies fielded 21.000 people divided into at least 52 companies. This, of course, was one of the biggest medieval battles but other battles fought in the late Middle Ages tended to fall into this order of magnitude. On a side note, most of the banners of the Teutonic companies were collected after the battle and their images were collected in the book &amp;#39;Banderia Prutenorum&amp;#39; (Flags of the Prussians) depicting 56 flags used by the Order and their allies (both the banners of the respective companies and personal flags used by the Order, the Grandmaster and other high-ranking Order officials).&lt;/p&gt;\n&lt;/div&gt;", "gildings": {}, "collapsed_reason": null, "associated_award": null, "stickied": false, "author_premium": false, "subreddit_type": "public", "can_gild": true, "subreddit": "AskHistorians", "author_flair_text_color": null, "score_hidden": false, "permalink": "/r/AskHistorians/comments/bwatc5/did_medieval_units_use_large_flags/epwfs0w/", "num_reports": null, "locked": false, "name": "t1_epwfs0w", "created": 1559603525.0, "author_flair_text": null, "treatment_tags": [], "created_utc": 1559574725.0, "subreddit_name_prefixed": "r/AskHistorians", "controversiality": 0, "depth": 0, "author_flair_background_color": null, "collapsed_because_crowd_control": null, "mod_reports": [], "mod_note": null, "distinguished": null}}, {"kind": "t1", "data": {"total_awards_received": 0, "approved_at_utc": null, "ups": 1, "awarders": [], "mod_reason_by": null, "banned_by": null, "removal_reason": null, "link_id": "t3_bwatc5", "author_flair_template_id": null, "likes": null, "no_follow": true, "replies": {"kind": "Listing", "data": {"modhash": "", "dist": null, "children": [{"kind": "t1", "data": {"total_awards_received": 0, "approved_at_utc": null, "ups": 3, "awarders": [], "mod_reason_by": null, "banned_by": null, "author_flair_type": "richtext", "removal_reason": null, "link_id": "t3_bwatc5", "author_flair_template_id": "7197d816-c626-11e2-b2cc-12313b0b21ae", "likes": null, "replies": "", "user_reports": [], "saved": false, "id": "epwcx0q", "banned_at_utc": null, "mod_reason_title": null, "gilded": 0, "archived": true, "no_follow": true, "author": "UrAccountabilibuddy", "can_mod_post": false, "send_replies": true, "parent_id": "t1_epwa4md", "score": 3, "author_fullname": "t2_bvmqy", "report_reasons": null, "approved_by": null, "all_awardings": [], "subreddit_id": "t5_2ssp3", "collapsed": false, "body": "Apologies, but we have removed your response. While we appreciate your efforts, we requires that sources used in an answer demonstrate a level of quality which reflects the current, academic understanding of a topic. While not *always* true, sources such as pop histories, glossy magazine articles, or personal blogs can often be quite problematic in the way that they simplify a topic, and [in using them we would expect the source engagement to be able to reflect their limitations, and be able to contextualize them with more academic sources as well](https://www.reddit.com/r/AskHistorians/wiki/rules#wiki_sources). Before contributing again, please take the time to better familiarize yourself with [the rules](http://www.reddit.com/r/AskHistorians/wiki/rules#wiki_write_an_in-depth_answer), as well as our expectations for an answer such as featured on [Twitter](http://www.twitter.com/askhistorians) or in the [Sunday Digest](http://www.reddit.com/r/AskHistorians/search?q=title%3A%22Sunday+Digest%22&amp;restrict_sr=on&amp;sort=new&amp;t=all).", "edited": false, "author_flair_css_class": null, "is_submitter": false, "downs": 0, "author_flair_richtext": [{"e": "text", "t": "Moderator | History of Education"}], "author_patreon_flair": false, "body_html": "&lt;div class=\"md\"&gt;&lt;p&gt;Apologies, but we have removed your response. While we appreciate your efforts, we requires that sources used in an answer demonstrate a level of quality which reflects the current, academic understanding of a topic. While not &lt;em&gt;always&lt;/em&gt; true, sources such as pop histories, glossy magazine articles, or personal blogs can often be quite problematic in the way that they simplify a topic, and &lt;a href=\"https://www.reddit.com/r/AskHistorians/wiki/rules#wiki_sources\"&gt;in using them we would expect the source engagement to be able to reflect their limitations, and be able to contextualize them with more academic sources as well&lt;/a&gt;. Before contributing again, please take the time to better familiarize yourself with &lt;a href=\"http://www.reddit.com/r/AskHistorians/wiki/rules#wiki_write_an_in-depth_answer\"&gt;the rules&lt;/a&gt;, as well as our expectations for an answer such as featured on &lt;a href=\"http://www.twitter.com/askhistorians\"&gt;Twitter&lt;/a&gt; or in the &lt;a href=\"http://www.reddit.com/r/AskHistorians/search?q=title%3A%22Sunday+Digest%22&amp;amp;restrict_sr=on&amp;amp;sort=new&amp;amp;t=all\"&gt;Sunday Digest&lt;/a&gt;.&lt;/p&gt;\n&lt;/div&gt;", "gildings": {}, "collapsed_reason": null, "associated_award": null, "stickied": false, "author_premium": false, "subreddit_type": "public", "can_gild": true, "subreddit": "AskHistorians", "author_flair_text_color": "light", "score_hidden": false, "permalink": "/r/AskHistorians/comments/bwatc5/did_medieval_units_use_large_flags/epwcx0q/", "num_reports": null, "locked": false, "name": "t1_epwcx0q", "created": 1559601422.0, "author_flair_text": "Moderator | History of Education", "treatment_tags": [], "created_utc": 1559572622.0, "subreddit_name_prefixed": "r/AskHistorians", "controversiality": 0, "depth": 1, "author_flair_background_color": "#ff3300", "collapsed_because_crowd_control": null, "mod_reports": [], "mod_note": null, "distinguished": "moderator"}}, {"kind": "t1", "data": {"total_awards_received": 0, "approved_at_utc": null, "ups": 1, "awarders": [], "mod_reason_by": null, "banned_by": null, "removal_reason": null, "link_id": "t3_bwatc5", "author_flair_template_id": null, "likes": null, "no_follow": true, "replies": "", "user_reports": [], "saved": false, "id": "epwahdy", "banned_at_utc": null, "mod_reason_title": null, "gilded": 0, "archived": true, "report_reasons": null, "author": "[deleted]", "can_mod_post": false, "send_replies": true, "parent_id": "t1_epwa4md", "score": 1, "approved_by": null, "all_awardings": [], "subreddit_id": "t5_2ssp3", "body": "[removed]", "edited": false, "author_flair_css_class": null, "collapsed": true, "downs": 0, "is_submitter": false, "body_html": "&lt;div class=\"md\"&gt;&lt;p&gt;[removed]&lt;/p&gt;\n&lt;/div&gt;", "gildings": {}, "collapsed_reason": null, "associated_award": null, "stickied": false, "subreddit_type": "public", "can_gild": true, "subreddit": "AskHistorians", "author_flair_text_color": "dark", "score_hidden": false, "permalink": "/r/AskHistorians/comments/bwatc5/did_medieval_units_use_large_flags/epwahdy/", "num_reports": null, "locked": false, "name": "t1_epwahdy", "created": 1559599540.0, "author_flair_text": null, "treatment_tags": [], "created_utc": 1559570740.0, "subreddit_name_prefixed": "r/AskHistorians", "controversiality": 0, "depth": 1, "author_flair_background_color": "", "collapsed_because_crowd_control": null, "mod_reports": [], "mod_note": null, "distinguished": null}}], "after": null, "before": null}}, "user_reports": [], "saved": false, "id": "epwa4md", "banned_at_utc": null, "mod_reason_title": null, "gilded": 0, "archived": true, "report_reasons": null, "author": "[deleted]", "can_mod_post": false, "send_replies": true, "parent_id": "t3_bwatc5", "score": 1, "approved_by": null, "all_awardings": [], "subreddit_id": "t5_2ssp3", "body": "[removed]", "edited": false, "downs": 0, "author_flair_css_class": null, "collapsed": false, "is_submitter": false, "body_html": "&lt;div class=\"md\"&gt;&lt;p&gt;[removed]&lt;/p&gt;\n&lt;/div&gt;", "gildings": {}, "collapsed_reason": null, "associated_award": null, "stickied": false, "subreddit_type": "public", "can_gild": true, "subreddit": "AskHistorians", "author_flair_text_color": "dark", "score_hidden": false, "permalink": "/r/AskHistorians/comments/bwatc5/did_medieval_units_use_large_flags/epwa4md/", "num_reports": null, "locked": false, "name": "t1_epwa4md", "created": 1559599248.0, "author_flair_text": null, "treatment_tags": [], "created_utc": 1559570448.0, "subreddit_name_prefixed": "r/AskHistorians", "controversiality": 0, "depth": 0, "author_flair_background_color": "", "collapsed_because_crowd_control": null, "mod_reports": [], "mod_note": null, "distinguished": null}}], "after": null, "before": null}}]