[{"kind": "Listing", "data": {"modhash": "", "dist": 1, "children": [{"kind": "t3", "data": {"approved_at_utc": null, "subreddit": "AskHistorians", "selftext": "[removed]", "user_reports": [], "saved": false, "mod_reason_title": null, "gilded": 0, "clicked": false, "title": "How has the European perceptions of sub Sahara Africa and its people changed throughout history?", "link_flair_richtext": [], "subreddit_name_prefixed": "r/AskHistorians", "hidden": false, "pwls": 6, "link_flair_css_class": null, "downs": 0, "parent_whitelist_status": "all_ads", "hide_score": false, "name": "t3_bwdktt", "quarantine": false, "link_flair_text_color": "dark", "upvote_ratio": 0.5, "author_flair_background_color": null, "subreddit_type": "public", "ups": 0, "total_awards_received": 0, "media_embed": {}, "author_flair_template_id": null, "is_original_content": false, "author_fullname": "t2_p8pe", "secure_media": null, "is_reddit_media_domain": false, "is_meta": false, "category": null, "secure_media_embed": {}, "link_flair_text": null, "can_mod_post": false, "num_duplicates": 0, "approved_by": null, "author_premium": false, "thumbnail": "", "edited": false, "author_flair_css_class": null, "author_flair_richtext": [], "gildings": {}, "content_categories": null, "is_self": true, "mod_note": null, "created": 1559612782.0, "link_flair_type": "text", "wls": 6, "removed_by_category": null, "banned_by": null, "author_flair_type": "text", "domain": "self.AskHistorians", "allow_live_comments": false, "selftext_html": "&lt;!-- SC_OFF --&gt;&lt;div class=\"md\"&gt;&lt;p&gt;[removed]&lt;/p&gt;\n&lt;/div&gt;&lt;!-- SC_ON --&gt;", "likes": null, "suggested_sort": null, "banned_at_utc": null, "view_count": null, "archived": true, "score": 0, "no_follow": true, "is_crosspostable": false, "pinned": false, "over_18": false, "all_awardings": [], "awarders": [], "media_only": false, "can_gild": false, "spoiler": false, "locked": false, "author_flair_text": null, "treatment_tags": [], "visited": false, "removed_by": null, "num_reports": null, "distinguished": null, "subreddit_id": "t5_2ssp3", "mod_reason_by": null, "removal_reason": null, "link_flair_background_color": "", "id": "bwdktt", "is_robot_indexable": false, "report_reasons": null, "author": "daimposter", "discussion_type": null, "num_comments": 1, "send_replies": true, "media": null, "contest_mode": false, "author_patreon_flair": false, "author_flair_text_color": null, "permalink": "/r/AskHistorians/comments/bwdktt/how_has_the_european_perceptions_of_sub_sahara/", "whitelist_status": "all_ads", "stickied": false, "url": "https://www.reddit.com/r/AskHistorians/comments/bwdktt/how_has_the_european_perceptions_of_sub_sahara/", "subreddit_subscribers": 1160960, "created_utc": 1559583982.0, "num_crossposts": 0, "mod_reports": [], "is_video": false}}], "after": null, "before": null}}, {"kind": "Listing", "data": {"modhash": "", "dist": null, "children": [{"kind": "t1", "data": {"total_awards_received": 0, "approved_at_utc": null, "ups": 1, "awarders": [], "mod_reason_by": null, "banned_by": null, "author_flair_type": "richtext", "removal_reason": null, "link_id": "t3_bwdktt", "author_flair_template_id": "9e641f94-c626-11e2-8e2c-12313b0b21ae", "likes": null, "replies": "", "user_reports": [], "saved": false, "id": "epx1gk3", "banned_at_utc": null, "mod_reason_title": null, "gilded": 0, "archived": true, "no_follow": true, "author": "Elm11", "can_mod_post": false, "send_replies": true, "parent_id": "t3_bwdktt", "score": 1, "author_fullname": "t2_82jlg", "report_reasons": null, "approved_by": null, "all_awardings": [], "subreddit_id": "t5_2ssp3", "body": "Sorry, we don't allow [\"example seeking\" questions](https://www.reddit.com/r/AskHistorians/wiki/rules#wiki_no_.22example_seeking.22_questions). It's not that your question was bad; it's that these kinds of questions tend to produce threads that are collections of disjointed, partial, inadequate responses. If you have a question about a specific historical event, period, or person, feel free to rewrite your question and submit it again. If you don't want to rewrite it, you might try submitting it to /r/history, /r/askhistory, or /r/tellmeafact. \n\nFor further explanation of the rule, feel free to consult [this META thread](https://www.reddit.com/r/AskHistorians/comments/3nub87/rules_change_throughout_history_rule_is_replaced/).", "edited": false, "downs": 0, "author_flair_css_class": null, "is_submitter": false, "collapsed": false, "author_flair_richtext": [{"e": "text", "t": "Moderator | Quality Contributor"}], "author_patreon_flair": false, "body_html": "&lt;div class=\"md\"&gt;&lt;p&gt;Sorry, we don&amp;#39;t allow &lt;a href=\"https://www.reddit.com/r/AskHistorians/wiki/rules#wiki_no_.22example_seeking.22_questions\"&gt;&amp;quot;example seeking&amp;quot; questions&lt;/a&gt;. It&amp;#39;s not that your question was bad; it&amp;#39;s that these kinds of questions tend to produce threads that are collections of disjointed, partial, inadequate responses. If you have a question about a specific historical event, period, or person, feel free to rewrite your question and submit it again. If you don&amp;#39;t want to rewrite it, you might try submitting it to &lt;a href=\"/r/history\"&gt;/r/history&lt;/a&gt;, &lt;a href=\"/r/askhistory\"&gt;/r/askhistory&lt;/a&gt;, or &lt;a href=\"/r/tellmeafact\"&gt;/r/tellmeafact&lt;/a&gt;. &lt;/p&gt;\n\n&lt;p&gt;For further explanation of the rule, feel free to consult &lt;a href=\"https://www.reddit.com/r/AskHistorians/comments/3nub87/rules_change_throughout_history_rule_is_replaced/\"&gt;this META thread&lt;/a&gt;.&lt;/p&gt;\n&lt;/div&gt;", "gildings": {}, "collapsed_reason": null, "associated_award": null, "stickied": false, "author_premium": false, "subreddit_type": "public", "can_gild": true, "subreddit": "AskHistorians", "author_flair_text_color": "light", "score_hidden": false, "permalink": "/r/AskHistorians/comments/bwdktt/how_has_the_european_perceptions_of_sub_sahara/epx1gk3/", "num_reports": null, "locked": false, "name": "t1_epx1gk3", "created": 1559618588.0, "author_flair_text": "Moderator | Quality Contributor", "treatment_tags": [], "created_utc": 1559589788.0, "subreddit_name_prefixed": "r/AskHistorians", "controversiality": 0, "depth": 0, "author_flair_background_color": "#993366", "collapsed_because_crowd_control": null, "mod_reports": [], "mod_note": null, "distinguished": "moderator"}}], "after": null, "before": null}}]