[{"kind": "Listing", "data": {"modhash": "", "dist": 1, "children": [{"kind": "t3", "data": {"approved_at_utc": null, "subreddit": "AskHistorians", "selftext": "", "user_reports": [], "saved": false, "mod_reason_title": null, "gilded": 0, "clicked": false, "title": "How was U.S. Presidential succession determined for the law that was passed to set it up? Additionally, why was the Speaker of the House listed before the President Pro Tempore of the Senate?", "link_flair_richtext": [], "subreddit_name_prefixed": "r/AskHistorians", "hidden": false, "pwls": 6, "link_flair_css_class": null, "downs": 0, "parent_whitelist_status": "all_ads", "hide_score": false, "name": "t3_6eimgz", "quarantine": false, "link_flair_text_color": "dark", "upvote_ratio": 0.7, "author_flair_background_color": null, "subreddit_type": "public", "ups": 7, "domain": "self.AskHistorians", "media_embed": {}, "author_flair_template_id": null, "is_original_content": false, "secure_media": null, "is_reddit_media_domain": false, "category": null, "secure_media_embed": {}, "link_flair_text": null, "can_mod_post": false, "score": 7, "approved_by": null, "thumbnail": "", "edited": false, "author_flair_css_class": null, "author_flair_richtext": [], "content_categories": null, "is_self": true, "mod_note": null, "created": 1496299744.0, "link_flair_type": "text", "wls": 6, "post_categories": null, "banned_by": null, "author_flair_type": "text", "contest_mode": false, "selftext_html": null, "likes": null, "suggested_sort": null, "banned_at_utc": null, "view_count": null, "archived": true, "no_follow": false, "is_crosspostable": false, "pinned": false, "over_18": false, "media_only": false, "can_gild": false, "spoiler": false, "locked": false, "author_flair_text": null, "rte_mode": "markdown", "visited": false, "num_reports": null, "distinguished": null, "subreddit_id": "t5_2ssp3", "mod_reason_by": null, "removal_reason": null, "id": "6eimgz", "report_reasons": null, "author": "Squirmin", "num_crossposts": 0, "num_comments": 3, "send_replies": true, "mod_reports": [], "author_flair_text_color": null, "permalink": "/r/AskHistorians/comments/6eimgz/how_was_us_presidential_succession_determined_for/", "whitelist_status": "all_ads", "stickied": false, "url": "https://www.reddit.com/r/AskHistorians/comments/6eimgz/how_was_us_presidential_succession_determined_for/", "subreddit_subscribers": 771061, "created_utc": 1496270944.0, "media": null, "is_video": false}}], "after": null, "before": null}}, {"kind": "Listing", "data": {"modhash": "", "dist": null, "children": [{"kind": "t1", "data": {"subreddit_id": "t5_2ssp3", "approved_at_utc": null, "ups": 1, "mod_reason_by": null, "banned_by": null, "author_flair_type": "text", "removal_reason": null, "link_id": "t3_6eimgz", "author_flair_template_id": null, "likes": null, "no_follow": true, "replies": {"kind": "Listing", "data": {"modhash": "", "dist": null, "children": [{"kind": "t1", "data": {"subreddit_id": "t5_2ssp3", "approved_at_utc": null, "ups": 1, "mod_reason_by": null, "banned_by": null, "author_flair_type": "text", "removal_reason": null, "link_id": "t3_6eimgz", "author_flair_template_id": null, "likes": null, "no_follow": true, "replies": {"kind": "Listing", "data": {"modhash": "", "dist": null, "children": [{"kind": "t1", "data": {"subreddit_id": "t5_2ssp3", "approved_at_utc": null, "ups": 2, "mod_reason_by": null, "banned_by": null, "author_flair_type": "text", "removal_reason": null, "link_id": "t3_6eimgz", "author_flair_template_id": null, "likes": null, "no_follow": true, "replies": "", "user_reports": [], "saved": false, "id": "dibl2gu", "banned_at_utc": null, "mod_reason_title": null, "gilded": 0, "archived": true, "report_reasons": null, "author": "NYSenseOfHumor", "can_mod_post": false, "send_replies": true, "parent_id": "t1_diax4a6", "score": 2, "approved_by": null, "downs": 0, "body": "Prior to the Act of 1947 there was the Presidential Succession Act 1886 which was preceded by the Presidential Succession Act 1792.\n\nSince the 2nd Congress there has been a law that extended the line of succession beyond the VP.", "edited": false, "author_flair_css_class": null, "collapsed": false, "author_flair_richtext": [], "is_submitter": false, "collapsed_reason": null, "body_html": "&lt;div class=\"md\"&gt;&lt;p&gt;Prior to the Act of 1947 there was the Presidential Succession Act 1886 which was preceded by the Presidential Succession Act 1792.&lt;/p&gt;\n\n&lt;p&gt;Since the 2nd Congress there has been a law that extended the line of succession beyond the VP.&lt;/p&gt;\n&lt;/div&gt;", "stickied": false, "subreddit_type": "public", "can_gild": true, "subreddit": "AskHistorians", "author_flair_text_color": null, "score_hidden": false, "permalink": "/r/AskHistorians/comments/6eimgz/how_was_us_presidential_succession_determined_for/dibl2gu/", "num_reports": null, "name": "t1_dibl2gu", "created": 1496361012.0, "author_flair_text": null, "rte_mode": "markdown", "created_utc": 1496332212.0, "subreddit_name_prefixed": "r/AskHistorians", "controversiality": 0, "depth": 2, "author_flair_background_color": null, "mod_reports": [], "mod_note": null, "distinguished": null}}], "after": null, "before": null}}, "user_reports": [], "saved": false, "id": "diax4a6", "banned_at_utc": null, "mod_reason_title": null, "gilded": 0, "archived": true, "report_reasons": null, "author": "Squirmin", "can_mod_post": false, "send_replies": true, "parent_id": "t1_diawhoy", "score": 1, "approved_by": null, "downs": 0, "body": "Thanks for the reply. Was succession before the law was passed an informal but understood process or was it more formal than that?", "edited": false, "author_flair_css_class": null, "collapsed": false, "author_flair_richtext": [], "is_submitter": true, "collapsed_reason": null, "body_html": "&lt;div class=\"md\"&gt;&lt;p&gt;Thanks for the reply. Was succession before the law was passed an informal but understood process or was it more formal than that?&lt;/p&gt;\n&lt;/div&gt;", "stickied": false, "subreddit_type": "public", "can_gild": true, "subreddit": "AskHistorians", "author_flair_text_color": null, "score_hidden": false, "permalink": "/r/AskHistorians/comments/6eimgz/how_was_us_presidential_succession_determined_for/diax4a6/", "num_reports": null, "name": "t1_diax4a6", "created": 1496316966.0, "author_flair_text": null, "rte_mode": "markdown", "created_utc": 1496288166.0, "subreddit_name_prefixed": "r/AskHistorians", "controversiality": 0, "depth": 1, "author_flair_background_color": null, "mod_reports": [], "mod_note": null, "distinguished": null}}], "after": null, "before": null}}, "user_reports": [], "saved": false, "id": "diawhoy", "banned_at_utc": null, "mod_reason_title": null, "gilded": 0, "archived": true, "report_reasons": null, "author": "NYSenseOfHumor", "can_mod_post": false, "send_replies": true, "parent_id": "t3_6eimgz", "score": 1, "approved_by": null, "downs": 0, "body": "I think you are referring to the current law, not the history before that.\n\nCurrently Presidential succession is determined by the Presidential Succession Act of 1947 and subsequent amendments. Prior to the Act of 1947 the line of succession had consisted of various combinations if the President Pro Tem, Speaker, and Cabinet secretaries.\n\nIn 1947 the current system was implemented with the Speaker following the VP. There are a few reasons suspected as to why the Speaker is above the President Pro Tem. The two most agreed upon are:\n\n- The Speaker leads the House which is elected in full every two years and is the most direct representatives of the people.\n- Truman, President in 1947, was friends with Speaker Rayburn and disliked the Senate Pro Tem.", "edited": false, "author_flair_css_class": null, "collapsed": false, "author_flair_richtext": [], "is_submitter": false, "collapsed_reason": null, "body_html": "&lt;div class=\"md\"&gt;&lt;p&gt;I think you are referring to the current law, not the history before that.&lt;/p&gt;\n\n&lt;p&gt;Currently Presidential succession is determined by the Presidential Succession Act of 1947 and subsequent amendments. Prior to the Act of 1947 the line of succession had consisted of various combinations if the President Pro Tem, Speaker, and Cabinet secretaries.&lt;/p&gt;\n\n&lt;p&gt;In 1947 the current system was implemented with the Speaker following the VP. There are a few reasons suspected as to why the Speaker is above the President Pro Tem. The two most agreed upon are:&lt;/p&gt;\n\n&lt;ul&gt;\n&lt;li&gt;The Speaker leads the House which is elected in full every two years and is the most direct representatives of the people.&lt;/li&gt;\n&lt;li&gt;Truman, President in 1947, was friends with Speaker Rayburn and disliked the Senate Pro Tem.&lt;/li&gt;\n&lt;/ul&gt;\n&lt;/div&gt;", "stickied": false, "subreddit_type": "public", "can_gild": true, "subreddit": "AskHistorians", "author_flair_text_color": null, "score_hidden": false, "permalink": "/r/AskHistorians/comments/6eimgz/how_was_us_presidential_succession_determined_for/diawhoy/", "num_reports": null, "name": "t1_diawhoy", "created": 1496316047.0, "author_flair_text": null, "rte_mode": "markdown", "created_utc": 1496287247.0, "subreddit_name_prefixed": "r/AskHistorians", "controversiality": 0, "depth": 0, "author_flair_background_color": null, "mod_reports": [], "mod_note": null, "distinguished": null}}], "after": null, "before": null}}]