[{"kind": "Listing", "data": {"modhash": "", "dist": 1, "children": [{"kind": "t3", "data": {"approved_at_utc": null, "subreddit": "AskHistorians", "selftext": "Does anyone know the origins of this hairstyle?  Example [one](https://www.flickr.com/photos/60861613@N00/6448535813/in/album-72157625593682826/) and [two](http://www.costumecocktail.com/2015/12/16/16913/).  I have seen this style on many female children from the mid-1800s, many more examples than the two I have provided.  But the idea is always the same, many strands of plaits in a pigtail style, or many loose, small plaits hanging down.  It seems like enough of a departure from other hair trends at the time that I have become curious if the style has a name, or if there is any significance to it as a style. \n \nI hypothesised that, since braiding can be common for some african hairstyling, is it possible that people who were enslaved and were nannies to children brought this style to girls of the era?  Or was it a style worn by a famous character or person, as with \"Mary Pickford curls\" for example?\n \nI am curious to know if there is any information on how this style came to be. ", "user_reports": [], "saved": false, "mod_reason_title": null, "gilded": 0, "clicked": false, "title": "An unusual hairstyle on mid-1800s children?", "link_flair_richtext": [], "subreddit_name_prefixed": "r/AskHistorians", "hidden": false, "pwls": 6, "link_flair_css_class": null, "downs": 0, "parent_whitelist_status": "all_ads", "hide_score": false, "name": "t3_6ejgm0", "quarantine": false, "link_flair_text_color": "dark", "upvote_ratio": 0.81, "author_flair_background_color": "", "subreddit_type": "public", "ups": 9, "domain": "self.AskHistorians", "media_embed": {}, "author_flair_template_id": null, "is_original_content": false, "secure_media": null, "is_reddit_media_domain": false, "category": null, "secure_media_embed": {}, "link_flair_text": null, "can_mod_post": false, "score": 9, "approved_by": null, "thumbnail": "", "edited": false, "author_flair_css_class": null, "content_categories": null, "is_self": true, "mod_note": null, "created": 1496308667.0, "link_flair_type": "text", "wls": 6, "post_categories": null, "banned_by": null, "contest_mode": false, "selftext_html": "&lt;!-- SC_OFF --&gt;&lt;div class=\"md\"&gt;&lt;p&gt;Does anyone know the origins of this hairstyle?  Example &lt;a href=\"https://www.flickr.com/photos/60861613@N00/6448535813/in/album-72157625593682826/\"&gt;one&lt;/a&gt; and &lt;a href=\"http://www.costumecocktail.com/2015/12/16/16913/\"&gt;two&lt;/a&gt;.  I have seen this style on many female children from the mid-1800s, many more examples than the two I have provided.  But the idea is always the same, many strands of plaits in a pigtail style, or many loose, small plaits hanging down.  It seems like enough of a departure from other hair trends at the time that I have become curious if the style has a name, or if there is any significance to it as a style. &lt;/p&gt;\n\n&lt;p&gt;I hypothesised that, since braiding can be common for some african hairstyling, is it possible that people who were enslaved and were nannies to children brought this style to girls of the era?  Or was it a style worn by a famous character or person, as with &amp;quot;Mary Pickford curls&amp;quot; for example?&lt;/p&gt;\n\n&lt;p&gt;I am curious to know if there is any information on how this style came to be. &lt;/p&gt;\n&lt;/div&gt;&lt;!-- SC_ON --&gt;", "likes": null, "suggested_sort": null, "banned_at_utc": null, "view_count": null, "archived": true, "no_follow": false, "is_crosspostable": false, "pinned": false, "over_18": false, "media": null, "media_only": false, "can_gild": false, "spoiler": false, "locked": false, "author_flair_text": null, "rte_mode": "markdown", "visited": false, "num_reports": null, "distinguished": null, "subreddit_id": "t5_2ssp3", "mod_reason_by": null, "removal_reason": null, "id": "6ejgm0", "report_reasons": null, "author": "[deleted]", "num_crossposts": 0, "num_comments": 1, "send_replies": true, "author_flair_text_color": "dark", "permalink": "/r/AskHistorians/comments/6ejgm0/an_unusual_hairstyle_on_mid1800s_children/", "whitelist_status": "all_ads", "stickied": false, "url": "https://www.reddit.com/r/AskHistorians/comments/6ejgm0/an_unusual_hairstyle_on_mid1800s_children/", "subreddit_subscribers": 771062, "created_utc": 1496279867.0, "mod_reports": [], "is_video": false}}], "after": null, "before": null}}, {"kind": "Listing", "data": {"modhash": "", "dist": null, "children": [], "after": null, "before": null}}]