[{"kind": "Listing", "data": {"modhash": "", "dist": 1, "children": [{"kind": "t3", "data": {"approved_at_utc": null, "subreddit": "AskHistorians", "selftext": "I was thinking recently that Napoleon is technically a traitor. Treason is defined as:\n\n\"The crime of betraying one's country, especially by attempting to kill the sovereign or overthrow the government.\"\n\nIf I recall correctly, he overthrew the Directory (Directorate..?), and crowned himself Emperor of France. In doing this, was he not a traitor to France, and should have been executed?", "user_reports": [], "saved": false, "mod_reason_title": null, "gilded": 0, "clicked": false, "title": "Was Napoleon Bonaparte a traitor?", "link_flair_richtext": [], "subreddit_name_prefixed": "r/AskHistorians", "hidden": false, "pwls": 6, "link_flair_css_class": null, "downs": 0, "parent_whitelist_status": "all_ads", "hide_score": false, "name": "t3_6ejnhf", "quarantine": false, "link_flair_text_color": "dark", "upvote_ratio": 0.61, "author_flair_background_color": null, "subreddit_type": "public", "ups": 2, "domain": "self.AskHistorians", "media_embed": {}, "author_flair_template_id": null, "is_original_content": false, "secure_media": null, "is_reddit_media_domain": false, "category": null, "secure_media_embed": {}, "link_flair_text": null, "can_mod_post": false, "score": 2, "approved_by": null, "thumbnail": "", "edited": false, "author_flair_css_class": null, "author_flair_richtext": [], "content_categories": null, "is_self": true, "mod_note": null, "created": 1496310785.0, "link_flair_type": "text", "wls": 6, "post_categories": null, "banned_by": null, "author_flair_type": "text", "contest_mode": false, "selftext_html": "&lt;!-- SC_OFF --&gt;&lt;div class=\"md\"&gt;&lt;p&gt;I was thinking recently that Napoleon is technically a traitor. Treason is defined as:&lt;/p&gt;\n\n&lt;p&gt;&amp;quot;The crime of betraying one&amp;#39;s country, especially by attempting to kill the sovereign or overthrow the government.&amp;quot;&lt;/p&gt;\n\n&lt;p&gt;If I recall correctly, he overthrew the Directory (Directorate..?), and crowned himself Emperor of France. In doing this, was he not a traitor to France, and should have been executed?&lt;/p&gt;\n&lt;/div&gt;&lt;!-- SC_ON --&gt;", "likes": null, "suggested_sort": null, "banned_at_utc": null, "view_count": null, "archived": true, "no_follow": true, "is_crosspostable": false, "pinned": false, "over_18": false, "media_only": false, "can_gild": false, "spoiler": false, "locked": false, "author_flair_text": null, "rte_mode": "markdown", "visited": false, "num_reports": null, "distinguished": null, "subreddit_id": "t5_2ssp3", "mod_reason_by": null, "removal_reason": null, "id": "6ejnhf", "report_reasons": null, "author": "TitanLegion", "num_crossposts": 0, "num_comments": 0, "send_replies": true, "mod_reports": [], "author_flair_text_color": null, "permalink": "/r/AskHistorians/comments/6ejnhf/was_napoleon_bonaparte_a_traitor/", "whitelist_status": "all_ads", "stickied": false, "url": "https://www.reddit.com/r/AskHistorians/comments/6ejnhf/was_napoleon_bonaparte_a_traitor/", "subreddit_subscribers": 771062, "created_utc": 1496281985.0, "media": null, "is_video": false}}], "after": null, "before": null}}, {"kind": "Listing", "data": {"modhash": "", "dist": null, "children": [], "after": null, "before": null}}]