[{"kind": "Listing", "data": {"modhash": "", "dist": 1, "children": [{"kind": "t3", "data": {"approved_at_utc": null, "subreddit": "AskHistorians", "selftext": "I haven't found any mention of the Gatling gun being used by either side during the Franco-Prussian War.  Is there any reason for this?  They were being sold abroad by as early as 1867, so there doesn't appear to have been an effort to limit their sales.  The French at least were interested in mass-firing weapons, given their poor attempts at fielding the mitralleuse.  Thanks", "user_reports": [], "saved": false, "mod_reason_title": null, "gilded": 0, "clicked": false, "title": "Were Gatling guns used by either side during the Franco-Prussian War of 1870-1871?", "link_flair_richtext": [], "subreddit_name_prefixed": "r/AskHistorians", "hidden": false, "pwls": 6, "link_flair_css_class": null, "downs": 0, "parent_whitelist_status": "all_ads", "hide_score": false, "name": "t3_6ejnlo", "quarantine": false, "link_flair_text_color": "dark", "upvote_ratio": 0.88, "author_flair_background_color": null, "subreddit_type": "public", "ups": 6, "domain": "self.AskHistorians", "media_embed": {}, "author_flair_template_id": null, "is_original_content": false, "secure_media": null, "is_reddit_media_domain": false, "category": null, "secure_media_embed": {}, "link_flair_text": null, "can_mod_post": false, "score": 6, "approved_by": null, "thumbnail": "", "edited": false, "author_flair_css_class": null, "author_flair_richtext": [], "content_categories": null, "is_self": true, "mod_note": null, "created": 1496310815.0, "link_flair_type": "text", "wls": 6, "post_categories": null, "banned_by": null, "author_flair_type": "text", "contest_mode": false, "selftext_html": "&lt;!-- SC_OFF --&gt;&lt;div class=\"md\"&gt;&lt;p&gt;I haven&amp;#39;t found any mention of the Gatling gun being used by either side during the Franco-Prussian War.  Is there any reason for this?  They were being sold abroad by as early as 1867, so there doesn&amp;#39;t appear to have been an effort to limit their sales.  The French at least were interested in mass-firing weapons, given their poor attempts at fielding the mitralleuse.  Thanks&lt;/p&gt;\n&lt;/div&gt;&lt;!-- SC_ON --&gt;", "likes": null, "suggested_sort": null, "banned_at_utc": null, "view_count": null, "archived": true, "no_follow": false, "is_crosspostable": false, "pinned": false, "over_18": false, "media_only": false, "can_gild": false, "spoiler": false, "locked": false, "author_flair_text": null, "rte_mode": "markdown", "visited": false, "num_reports": null, "distinguished": null, "subreddit_id": "t5_2ssp3", "mod_reason_by": null, "removal_reason": null, "id": "6ejnlo", "report_reasons": null, "author": "adenoidcystic", "num_crossposts": 0, "num_comments": 2, "send_replies": true, "mod_reports": [], "author_flair_text_color": null, "permalink": "/r/AskHistorians/comments/6ejnlo/were_gatling_guns_used_by_either_side_during_the/", "whitelist_status": "all_ads", "stickied": false, "url": "https://www.reddit.com/r/AskHistorians/comments/6ejnlo/were_gatling_guns_used_by_either_side_during_the/", "subreddit_subscribers": 771062, "created_utc": 1496282015.0, "media": null, "is_video": false}}], "after": null, "before": null}}, {"kind": "Listing", "data": {"modhash": "", "dist": null, "children": [{"kind": "t1", "data": {"subreddit_id": "t5_2ssp3", "approved_at_utc": null, "ups": 1, "mod_reason_by": null, "banned_by": null, "author_flair_type": "text", "removal_reason": null, "link_id": "t3_6ejnlo", "author_flair_template_id": null, "likes": null, "no_follow": true, "replies": "", "user_reports": [], "saved": false, "id": "dib1zus", "banned_at_utc": null, "mod_reason_title": null, "gilded": 0, "archived": true, "report_reasons": null, "author": "ArmDoc", "can_mod_post": false, "send_replies": true, "parent_id": "t3_6ejnlo", "score": 1, "approved_by": null, "downs": 0, "body": "It appears that there were a few Gatlings used by the French during the Franco-Prussian War.  Some Gatlings were imported from the US in time for Chanzy's 2nd Army of the Loire to use them in one of the last battles of the War, at Le Mans in January 1871. Reference: The Gatling Gun by Wahl and Toppel (1971).", "edited": false, "author_flair_css_class": null, "collapsed": false, "author_flair_richtext": [], "is_submitter": false, "collapsed_reason": null, "body_html": "&lt;div class=\"md\"&gt;&lt;p&gt;It appears that there were a few Gatlings used by the French during the Franco-Prussian War.  Some Gatlings were imported from the US in time for Chanzy&amp;#39;s 2nd Army of the Loire to use them in one of the last battles of the War, at Le Mans in January 1871. Reference: The Gatling Gun by Wahl and Toppel (1971).&lt;/p&gt;\n&lt;/div&gt;", "stickied": false, "subreddit_type": "public", "can_gild": true, "subreddit": "AskHistorians", "author_flair_text_color": null, "score_hidden": false, "permalink": "/r/AskHistorians/comments/6ejnlo/were_gatling_guns_used_by_either_side_during_the/dib1zus/", "num_reports": null, "name": "t1_dib1zus", "created": 1496325823.0, "author_flair_text": null, "rte_mode": "markdown", "created_utc": 1496297023.0, "subreddit_name_prefixed": "r/AskHistorians", "controversiality": 0, "depth": 0, "author_flair_background_color": null, "mod_reports": [], "mod_note": null, "distinguished": null}}, {"kind": "t1", "data": {"subreddit_id": "t5_2ssp3", "approved_at_utc": null, "ups": 1, "mod_reason_by": null, "banned_by": null, "author_flair_type": "text", "removal_reason": null, "link_id": "t3_6ejnlo", "author_flair_template_id": null, "likes": null, "no_follow": true, "replies": "", "user_reports": [], "saved": false, "id": "dibf2c2", "banned_at_utc": null, "mod_reason_title": null, "gilded": 0, "archived": true, "report_reasons": null, "author": "adenoidcystic", "can_mod_post": false, "send_replies": true, "parent_id": "t3_6ejnlo", "score": 1, "approved_by": null, "downs": 0, "body": "Thanks for the source, I'll check that out!", "edited": false, "author_flair_css_class": null, "collapsed": false, "author_flair_richtext": [], "is_submitter": true, "collapsed_reason": null, "body_html": "&lt;div class=\"md\"&gt;&lt;p&gt;Thanks for the source, I&amp;#39;ll check that out!&lt;/p&gt;\n&lt;/div&gt;", "stickied": false, "subreddit_type": "public", "can_gild": true, "subreddit": "AskHistorians", "author_flair_text_color": null, "score_hidden": false, "permalink": "/r/AskHistorians/comments/6ejnlo/were_gatling_guns_used_by_either_side_during_the/dibf2c2/", "num_reports": null, "name": "t1_dibf2c2", "created": 1496354181.0, "author_flair_text": null, "rte_mode": "markdown", "created_utc": 1496325381.0, "subreddit_name_prefixed": "r/AskHistorians", "controversiality": 0, "depth": 0, "author_flair_background_color": null, "mod_reports": [], "mod_note": null, "distinguished": null}}], "after": null, "before": null}}]