[{"kind": "Listing", "data": {"modhash": "", "dist": 1, "children": [{"kind": "t3", "data": {"approved_at_utc": null, "subreddit": "AskHistorians", "selftext": "Looking for something which is no more then a page or two with fairly simple vocabulary. Which give a brief outline of the causes  the decline and ultimate dissolution of the Roman Empire. I'm not really looking for a timeline more something which explains the variety of contributing factors. ", "user_reports": [], "saved": false, "mod_reason_title": null, "gilded": 0, "clicked": false, "title": "Can anyone recommend a short summary about the causes of the decline fall of the Roman Empire for middle school students?", "link_flair_richtext": [], "subreddit_name_prefixed": "r/AskHistorians", "hidden": false, "pwls": 6, "link_flair_css_class": null, "downs": 0, "parent_whitelist_status": "all_ads", "hide_score": false, "name": "t3_6enf95", "quarantine": false, "link_flair_text_color": "dark", "upvote_ratio": 0.67, "author_flair_background_color": null, "subreddit_type": "public", "ups": 2, "domain": "self.AskHistorians", "media_embed": {}, "author_flair_template_id": null, "is_original_content": false, "secure_media": null, "is_reddit_media_domain": false, "category": null, "secure_media_embed": {}, "link_flair_text": null, "can_mod_post": false, "score": 2, "approved_by": null, "thumbnail": "", "edited": false, "author_flair_css_class": null, "author_flair_richtext": [], "content_categories": null, "is_self": true, "mod_note": null, "created": 1496359311.0, "link_flair_type": "text", "wls": 6, "post_categories": null, "banned_by": null, "author_flair_type": "text", "contest_mode": false, "selftext_html": "&lt;!-- SC_OFF --&gt;&lt;div class=\"md\"&gt;&lt;p&gt;Looking for something which is no more then a page or two with fairly simple vocabulary. Which give a brief outline of the causes  the decline and ultimate dissolution of the Roman Empire. I&amp;#39;m not really looking for a timeline more something which explains the variety of contributing factors. &lt;/p&gt;\n&lt;/div&gt;&lt;!-- SC_ON --&gt;", "likes": null, "suggested_sort": null, "banned_at_utc": null, "view_count": null, "archived": true, "no_follow": false, "is_crosspostable": false, "pinned": false, "over_18": false, "media_only": false, "can_gild": false, "spoiler": false, "locked": false, "author_flair_text": null, "rte_mode": "markdown", "visited": false, "num_reports": null, "distinguished": null, "subreddit_id": "t5_2ssp3", "mod_reason_by": null, "removal_reason": null, "id": "6enf95", "report_reasons": null, "author": "Darzin_", "num_crossposts": 0, "num_comments": 0, "send_replies": true, "mod_reports": [], "author_flair_text_color": null, "permalink": "/r/AskHistorians/comments/6enf95/can_anyone_recommend_a_short_summary_about_the/", "whitelist_status": "all_ads", "stickied": false, "url": "https://www.reddit.com/r/AskHistorians/comments/6enf95/can_anyone_recommend_a_short_summary_about_the/", "subreddit_subscribers": 771064, "created_utc": 1496330511.0, "media": null, "is_video": false}}], "after": null, "before": null}}, {"kind": "Listing", "data": {"modhash": "", "dist": null, "children": [], "after": null, "before": null}}]