[{"kind": "Listing", "data": {"modhash": "", "dist": 1, "children": [{"kind": "t3", "data": {"approved_at_utc": null, "subreddit": "AskHistorians", "selftext": "", "user_reports": [], "saved": false, "mod_reason_title": null, "gilded": 0, "clicked": false, "title": "In Game of Thrones, two common soldiers are discussing who the best swordsman is. In Medieval Europe, would common soldiers have knowledge about the martial talents of nobles?", "link_flair_richtext": [], "subreddit_name_prefixed": "r/AskHistorians", "hidden": false, "pwls": 6, "link_flair_css_class": null, "downs": 0, "parent_whitelist_status": "all_ads", "hide_score": false, "name": "t3_6eolln", "quarantine": false, "link_flair_text_color": "dark", "upvote_ratio": 0.96, "author_flair_background_color": "", "subreddit_type": "public", "ups": 400, "domain": "self.AskHistorians", "media_embed": {}, "author_flair_template_id": null, "is_original_content": false, "secure_media": null, "is_reddit_media_domain": false, "category": null, "secure_media_embed": {}, "link_flair_text": null, "can_mod_post": false, "score": 400, "approved_by": null, "thumbnail": "", "edited": false, "author_flair_css_class": null, "content_categories": null, "is_self": true, "mod_note": null, "created": 1496369595.0, "link_flair_type": "text", "wls": 6, "post_categories": null, "banned_by": null, "contest_mode": false, "selftext_html": null, "likes": null, "suggested_sort": null, "banned_at_utc": null, "view_count": null, "archived": true, "no_follow": false, "is_crosspostable": false, "pinned": false, "over_18": false, "media": null, "media_only": false, "can_gild": false, "spoiler": false, "locked": false, "author_flair_text": null, "rte_mode": "markdown", "visited": false, "num_reports": null, "distinguished": null, "subreddit_id": "t5_2ssp3", "mod_reason_by": null, "removal_reason": null, "id": "6eolln", "report_reasons": null, "author": "[deleted]", "num_crossposts": 0, "num_comments": 9, "send_replies": true, "author_flair_text_color": "dark", "permalink": "/r/AskHistorians/comments/6eolln/in_game_of_thrones_two_common_soldiers_are/", "whitelist_status": "all_ads", "stickied": false, "url": "https://www.reddit.com/r/AskHistorians/comments/6eolln/in_game_of_thrones_two_common_soldiers_are/", "subreddit_subscribers": 771064, "created_utc": 1496340795.0, "mod_reports": [], "is_video": false}}], "after": null, "before": null}}, {"kind": "Listing", "data": {"modhash": "", "dist": null, "children": [{"kind": "t1", "data": {"subreddit_id": "t5_2ssp3", "approved_at_utc": null, "ups": 48, "mod_reason_by": null, "banned_by": null, "author_flair_type": "text", "removal_reason": null, "link_id": "t3_6eolln", "author_flair_template_id": null, "likes": null, "no_follow": false, "replies": {"kind": "Listing", "data": {"modhash": "", "dist": null, "children": [{"kind": "t1", "data": {"subreddit_id": "t5_2ssp3", "approved_at_utc": null, "ups": 6, "mod_reason_by": null, "banned_by": null, "author_flair_type": "text", "removal_reason": null, "link_id": "t3_6eolln", "author_flair_template_id": null, "likes": null, "no_follow": false, "replies": {"kind": "Listing", "data": {"modhash": "", "dist": null, "children": [{"kind": "t1", "data": {"subreddit_id": "t5_2ssp3", "approved_at_utc": null, "ups": 10, "mod_reason_by": null, "banned_by": null, "author_flair_type": "text", "removal_reason": null, "link_id": "t3_6eolln", "author_flair_template_id": null, "likes": null, "no_follow": false, "replies": "", "user_reports": [], "saved": false, "id": "didpkv4", "banned_at_utc": null, "mod_reason_title": null, "gilded": 0, "archived": true, "report_reasons": null, "author": "eeeeeep", "can_mod_post": false, "send_replies": true, "parent_id": "t1_didof9a", "score": 10, "approved_by": null, "downs": 0, "body": "Absolutely, yes. For example, William didn't cut his teeth in tournament, he was a real knight in every sense of the word. It was because of this that he was valuable to tournament teams. There is absolutely no substitute for glory earned in genuine combat, however I thought this type of tournament 'fame' would ring true with OP's question. Commoners did know these great fighters by reputation. \n\nIn terms of a field I'm more familiar with, the crusades, then we can see definitely that there was fame to be won in battle (especially with the Muslims). Entire cults grew up around certain participants who went to the East and some 'heroes' we still revere today. This may well be a parallel discussion however.  ", "edited": false, "author_flair_css_class": null, "collapsed": false, "author_flair_richtext": [], "is_submitter": false, "collapsed_reason": null, "body_html": "&lt;div class=\"md\"&gt;&lt;p&gt;Absolutely, yes. For example, William didn&amp;#39;t cut his teeth in tournament, he was a real knight in every sense of the word. It was because of this that he was valuable to tournament teams. There is absolutely no substitute for glory earned in genuine combat, however I thought this type of tournament &amp;#39;fame&amp;#39; would ring true with OP&amp;#39;s question. Commoners did know these great fighters by reputation. &lt;/p&gt;\n\n&lt;p&gt;In terms of a field I&amp;#39;m more familiar with, the crusades, then we can see definitely that there was fame to be won in battle (especially with the Muslims). Entire cults grew up around certain participants who went to the East and some &amp;#39;heroes&amp;#39; we still revere today. This may well be a parallel discussion however.  &lt;/p&gt;\n&lt;/div&gt;", "stickied": false, "subreddit_type": "public", "can_gild": true, "subreddit": "AskHistorians", "author_flair_text_color": null, "score_hidden": false, "permalink": "/r/AskHistorians/comments/6eolln/in_game_of_thrones_two_common_soldiers_are/didpkv4/", "num_reports": null, "name": "t1_didpkv4", "created": 1496465634.0, "author_flair_text": null, "rte_mode": "markdown", "created_utc": 1496436834.0, "subreddit_name_prefixed": "r/AskHistorians", "controversiality": 0, "depth": 2, "author_flair_background_color": null, "mod_reports": [], "mod_note": null, "distinguished": null}}], "after": null, "before": null}}, "user_reports": [], "saved": false, "id": "didof9a", "banned_at_utc": null, "mod_reason_title": null, "gilded": 0, "archived": true, "report_reasons": null, "author": "azuresou1", "can_mod_post": false, "send_replies": true, "parent_id": "t1_didcl4x", "score": 6, "approved_by": null, "downs": 0, "body": "Was it common for soldiers to earn their renown not from tournaments but from actual warfare?", "edited": false, "author_flair_css_class": null, "collapsed": false, "author_flair_richtext": [], "is_submitter": false, "collapsed_reason": null, "body_html": "&lt;div class=\"md\"&gt;&lt;p&gt;Was it common for soldiers to earn their renown not from tournaments but from actual warfare?&lt;/p&gt;\n&lt;/div&gt;", "stickied": false, "subreddit_type": "public", "can_gild": true, "subreddit": "AskHistorians", "author_flair_text_color": null, "score_hidden": false, "permalink": "/r/AskHistorians/comments/6eolln/in_game_of_thrones_two_common_soldiers_are/didof9a/", "num_reports": null, "name": "t1_didof9a", "created": 1496464312.0, "author_flair_text": null, "rte_mode": "markdown", "created_utc": 1496435512.0, "subreddit_name_prefixed": "r/AskHistorians", "controversiality": 0, "depth": 1, "author_flair_background_color": null, "mod_reports": [], "mod_note": null, "distinguished": null}}], "after": null, "before": null}}, "user_reports": [], "saved": false, "id": "didcl4x", "banned_at_utc": null, "mod_reason_title": null, "gilded": 0, "archived": true, "report_reasons": null, "author": "eeeeeep", "can_mod_post": false, "send_replies": true, "parent_id": "t3_6eolln", "score": 48, "approved_by": null, "downs": 0, "body": "I think an interesting avenue for enquiry to this question would be to look at folk stories and songs related to warfare, to see if specific figures are held up as being particularly talented. This, however, is not my strong suit. I can instead take a slightly different route, in terms of helping with your question, which I think could be illuminating.\n\nIn briefly answering your question I would say that yes it is likely. This is because Medieval Europe had a well developed system of testing and celebrating the martial talents of nobles (outside of warfare) which was tournament. \n\nLet's take someone who was a real star in the world of martial prowess: **Henry the Young King**. Henry was born in 1155 to **Henry II of England** and was the king's oldest surviving son. Young Henry was crowned during his father's reign but was never really in a position of authority. At his premature death Young Henry was very famous, but not just because of the station of his birth - he was renowned even by the lowlier social strata as a great warrior.\n\nFrom 1174 Henry was assembling a team of knights with whom he could face the European magnates on the tournament field. In this year he was retaining and outfitting a dozen men for his team, but this number grew as his martial star rose. Henry rapidly became part of a set of nobles who were famed for this expertise and patronage, which included his cousin **Philip of Flanders**.\n\nSimilarly, not only were these wealthy captains well known, but so were their most valued recruits. **William Marshal**, the greatest knight of his generation, was likewise famous and very sought after. Philip of Flanders managed to lure William away from Henry's team and into his own in 1183, for the price of a year's rent from the city of St. Omer, such were the levels of knights' reputations. \n\nDavid Crouch remarks that Henry's martial exploits during this time 'gave him an international eminence unsurpassed by any European prince other than his cousin, Philip of Flanders'. He further describes the 'remarkable scenes of grief' which accompanied his death; 'in the countryside and towns his corpse was mobbed by hysterical crowds'. Henry's position at birth had endowed him with the money and opportunity to showcase his bravery and ability on the field, but it was the bravery and ability themselves that had made him so famous and adored, just like his rivals and comrades mentioned above. \n\n'*His popularity embraced all levels of society*' - Crouch. \n\nWe can therefore see that nobles who were renowned within their own circles as martially inclined and skilled were thought of similarly by the 'commoners', such could be their levels of fame and celebration. \n\nOur narrative look at the Young Henry here is from *Tournament* by David Crouch, which is a very nicely constructed piece of work and is particularly strong on the finances involved for people like the Young Henry. The nature of martial 'celebrity', which I think is the real core of your question, is also featured. Hopefully this helped give a certain degree of indication. \n\nDisclaimer: I am not a tournament historian. My formal training is crusader history, but I felt this example in particular might be close to what you're looking for. Cheers.\n\nEdit: Fortmatting. ", "edited": 1496423287.0, "author_flair_css_class": null, "collapsed": false, "author_flair_richtext": [], "is_submitter": false, "collapsed_reason": null, "body_html": "&lt;div class=\"md\"&gt;&lt;p&gt;I think an interesting avenue for enquiry to this question would be to look at folk stories and songs related to warfare, to see if specific figures are held up as being particularly talented. This, however, is not my strong suit. I can instead take a slightly different route, in terms of helping with your question, which I think could be illuminating.&lt;/p&gt;\n\n&lt;p&gt;In briefly answering your question I would say that yes it is likely. This is because Medieval Europe had a well developed system of testing and celebrating the martial talents of nobles (outside of warfare) which was tournament. &lt;/p&gt;\n\n&lt;p&gt;Let&amp;#39;s take someone who was a real star in the world of martial prowess: &lt;strong&gt;Henry the Young King&lt;/strong&gt;. Henry was born in 1155 to &lt;strong&gt;Henry II of England&lt;/strong&gt; and was the king&amp;#39;s oldest surviving son. Young Henry was crowned during his father&amp;#39;s reign but was never really in a position of authority. At his premature death Young Henry was very famous, but not just because of the station of his birth - he was renowned even by the lowlier social strata as a great warrior.&lt;/p&gt;\n\n&lt;p&gt;From 1174 Henry was assembling a team of knights with whom he could face the European magnates on the tournament field. In this year he was retaining and outfitting a dozen men for his team, but this number grew as his martial star rose. Henry rapidly became part of a set of nobles who were famed for this expertise and patronage, which included his cousin &lt;strong&gt;Philip of Flanders&lt;/strong&gt;.&lt;/p&gt;\n\n&lt;p&gt;Similarly, not only were these wealthy captains well known, but so were their most valued recruits. &lt;strong&gt;William Marshal&lt;/strong&gt;, the greatest knight of his generation, was likewise famous and very sought after. Philip of Flanders managed to lure William away from Henry&amp;#39;s team and into his own in 1183, for the price of a year&amp;#39;s rent from the city of St. Omer, such were the levels of knights&amp;#39; reputations. &lt;/p&gt;\n\n&lt;p&gt;David Crouch remarks that Henry&amp;#39;s martial exploits during this time &amp;#39;gave him an international eminence unsurpassed by any European prince other than his cousin, Philip of Flanders&amp;#39;. He further describes the &amp;#39;remarkable scenes of grief&amp;#39; which accompanied his death; &amp;#39;in the countryside and towns his corpse was mobbed by hysterical crowds&amp;#39;. Henry&amp;#39;s position at birth had endowed him with the money and opportunity to showcase his bravery and ability on the field, but it was the bravery and ability themselves that had made him so famous and adored, just like his rivals and comrades mentioned above. &lt;/p&gt;\n\n&lt;p&gt;&amp;#39;&lt;em&gt;His popularity embraced all levels of society&lt;/em&gt;&amp;#39; - Crouch. &lt;/p&gt;\n\n&lt;p&gt;We can therefore see that nobles who were renowned within their own circles as martially inclined and skilled were thought of similarly by the &amp;#39;commoners&amp;#39;, such could be their levels of fame and celebration. &lt;/p&gt;\n\n&lt;p&gt;Our narrative look at the Young Henry here is from &lt;em&gt;Tournament&lt;/em&gt; by David Crouch, which is a very nicely constructed piece of work and is particularly strong on the finances involved for people like the Young Henry. The nature of martial &amp;#39;celebrity&amp;#39;, which I think is the real core of your question, is also featured. Hopefully this helped give a certain degree of indication. &lt;/p&gt;\n\n&lt;p&gt;Disclaimer: I am not a tournament historian. My formal training is crusader history, but I felt this example in particular might be close to what you&amp;#39;re looking for. Cheers.&lt;/p&gt;\n\n&lt;p&gt;Edit: Fortmatting. &lt;/p&gt;\n&lt;/div&gt;", "stickied": false, "subreddit_type": "public", "can_gild": true, "subreddit": "AskHistorians", "author_flair_text_color": null, "score_hidden": false, "permalink": "/r/AskHistorians/comments/6eolln/in_game_of_thrones_two_common_soldiers_are/didcl4x/", "num_reports": null, "name": "t1_didcl4x", "created": 1496451346.0, "author_flair_text": null, "rte_mode": "markdown", "created_utc": 1496422546.0, "subreddit_name_prefixed": "r/AskHistorians", "controversiality": 0, "depth": 0, "author_flair_background_color": null, "mod_reports": [], "mod_note": null, "distinguished": null}}, {"kind": "t1", "data": {"subreddit_id": "t5_2ssp3", "approved_at_utc": null, "ups": 2, "mod_reason_by": null, "banned_by": null, "removal_reason": null, "link_id": "t3_6eolln", "author_flair_template_id": null, "likes": null, "no_follow": true, "replies": {"kind": "Listing", "data": {"modhash": "", "dist": null, "children": [{"kind": "t1", "data": {"subreddit_id": "t5_2ssp3", "approved_at_utc": null, "ups": 3, "mod_reason_by": null, "banned_by": null, "author_flair_type": "richtext", "removal_reason": null, "link_id": "t3_6eolln", "author_flair_template_id": null, "likes": null, "no_follow": true, "replies": "", "user_reports": [], "saved": false, "id": "did3fqk", "banned_at_utc": null, "mod_reason_title": null, "gilded": 0, "archived": true, "report_reasons": null, "author": "Elm11", "can_mod_post": false, "send_replies": true, "parent_id": "t1_dicxdfv", "score": 3, "approved_by": null, "downs": 0, "body": "Hi there! While this is a fine question, we'd ask that you submit it as a thread of its own, since it involves a very different context to OP's original framing.\n\nThanks! :)", "edited": false, "author_flair_css_class": "moderator", "collapsed": false, "author_flair_richtext": [{"e": "text", "t": "Moderator | Quality Contributor"}], "is_submitter": false, "collapsed_reason": null, "body_html": "&lt;div class=\"md\"&gt;&lt;p&gt;Hi there! While this is a fine question, we&amp;#39;d ask that you submit it as a thread of its own, since it involves a very different context to OP&amp;#39;s original framing.&lt;/p&gt;\n\n&lt;p&gt;Thanks! :)&lt;/p&gt;\n&lt;/div&gt;", "stickied": false, "subreddit_type": "public", "can_gild": true, "subreddit": "AskHistorians", "author_flair_text_color": null, "score_hidden": false, "permalink": "/r/AskHistorians/comments/6eolln/in_game_of_thrones_two_common_soldiers_are/did3fqk/", "num_reports": null, "name": "t1_did3fqk", "created": 1496440900.0, "author_flair_text": "Moderator | Quality Contributor", "rte_mode": "markdown", "created_utc": 1496412100.0, "subreddit_name_prefixed": "r/AskHistorians", "controversiality": 0, "depth": 1, "author_flair_background_color": null, "mod_reports": [], "mod_note": null, "distinguished": "moderator"}}], "after": null, "before": null}}, "user_reports": [], "saved": false, "id": "dicxdfv", "banned_at_utc": null, "mod_reason_title": null, "gilded": 0, "archived": true, "report_reasons": null, "author": "[deleted]", "can_mod_post": false, "send_replies": true, "parent_id": "t3_6eolln", "score": 2, "approved_by": null, "downs": 0, "body": "[removed]", "edited": false, "author_flair_css_class": null, "collapsed": false, "is_submitter": false, "collapsed_reason": null, "body_html": "&lt;div class=\"md\"&gt;&lt;p&gt;[removed]&lt;/p&gt;\n&lt;/div&gt;", "stickied": false, "subreddit_type": "public", "can_gild": true, "subreddit": "AskHistorians", "author_flair_text_color": "dark", "score_hidden": false, "permalink": "/r/AskHistorians/comments/6eolln/in_game_of_thrones_two_common_soldiers_are/dicxdfv/", "num_reports": null, "name": "t1_dicxdfv", "created": 1496431044.0, "author_flair_text": null, "rte_mode": "markdown", "created_utc": 1496402244.0, "subreddit_name_prefixed": "r/AskHistorians", "controversiality": 1, "depth": 0, "author_flair_background_color": "", "mod_reports": [], "mod_note": null, "distinguished": null}}], "after": null, "before": null}}]