[{"kind": "Listing", "data": {"modhash": "", "dist": 1, "children": [{"kind": "t3", "data": {"approved_at_utc": null, "subreddit": "AskHistorians", "selftext": "the idea that the Ancient Egyptians resembled modern sub saharian Africans and those of Sub Saharian descent\n\nhttp://www.dailymail.co.uk/sciencetech/article-4555292/Study-mummies-reveals-Turkish-European.html\n\nI understand that alot of this idea came about in the late 19th, early 20th century, propagated by those like Marcus Garvey, and I understand why it happened seeing as Black People have often had their history erased. \n\nHowever, today their is no need to have such stories or beliefs. Most historians today do not accept the Afrocentric interpretation of Ancient Egyptians but many in the African American community today still hold on to these beliefs\n\nis this the final nail in the coffin?", "user_reports": [], "saved": false, "mod_reason_title": null, "gilded": 0, "clicked": false, "title": "Is this the final blow of the Afrocentric Interpretation of Ancient Egypt?", "link_flair_richtext": [], "subreddit_name_prefixed": "r/AskHistorians", "hidden": false, "pwls": 6, "link_flair_css_class": null, "downs": 0, "parent_whitelist_status": "all_ads", "hide_score": false, "name": "t3_6eqkpe", "quarantine": false, "link_flair_text_color": "dark", "upvote_ratio": 0.56, "author_flair_background_color": null, "subreddit_type": "public", "ups": 2, "total_awards_received": 0, "media_embed": {}, "author_flair_template_id": null, "is_original_content": false, "author_fullname": "t2_ld5b0", "secure_media": null, "is_reddit_media_domain": false, "is_meta": false, "category": null, "secure_media_embed": {}, "link_flair_text": null, "can_mod_post": false, "num_duplicates": 0, "approved_by": null, "author_premium": false, "thumbnail": "", "edited": false, "author_flair_css_class": null, "author_flair_richtext": [], "gildings": {}, "content_categories": null, "is_self": true, "mod_note": null, "created": 1496387266.0, "link_flair_type": "text", "wls": 6, "removed_by_category": null, "banned_by": null, "author_flair_type": "text", "domain": "self.AskHistorians", "allow_live_comments": false, "selftext_html": "&lt;!-- SC_OFF --&gt;&lt;div class=\"md\"&gt;&lt;p&gt;the idea that the Ancient Egyptians resembled modern sub saharian Africans and those of Sub Saharian descent&lt;/p&gt;\n\n&lt;p&gt;&lt;a href=\"http://www.dailymail.co.uk/sciencetech/article-4555292/Study-mummies-reveals-Turkish-European.html\"&gt;http://www.dailymail.co.uk/sciencetech/article-4555292/Study-mummies-reveals-Turkish-European.html&lt;/a&gt;&lt;/p&gt;\n\n&lt;p&gt;I understand that alot of this idea came about in the late 19th, early 20th century, propagated by those like Marcus Garvey, and I understand why it happened seeing as Black People have often had their history erased. &lt;/p&gt;\n\n&lt;p&gt;However, today their is no need to have such stories or beliefs. Most historians today do not accept the Afrocentric interpretation of Ancient Egyptians but many in the African American community today still hold on to these beliefs&lt;/p&gt;\n\n&lt;p&gt;is this the final nail in the coffin?&lt;/p&gt;\n&lt;/div&gt;&lt;!-- SC_ON --&gt;", "likes": null, "suggested_sort": null, "banned_at_utc": null, "view_count": null, "archived": true, "score": 2, "no_follow": true, "is_crosspostable": false, "pinned": false, "over_18": false, "all_awardings": [], "awarders": [], "media_only": false, "can_gild": false, "spoiler": false, "locked": false, "author_flair_text": null, "treatment_tags": [], "visited": false, "removed_by": null, "num_reports": null, "distinguished": null, "subreddit_id": "t5_2ssp3", "mod_reason_by": null, "removal_reason": null, "link_flair_background_color": "", "id": "6eqkpe", "is_robot_indexable": true, "report_reasons": null, "author": "thunderking500", "discussion_type": null, "num_comments": 6, "send_replies": true, "media": null, "contest_mode": false, "author_patreon_flair": false, "author_flair_text_color": null, "permalink": "/r/AskHistorians/comments/6eqkpe/is_this_the_final_blow_of_the_afrocentric/", "whitelist_status": "all_ads", "stickied": false, "url": "https://www.reddit.com/r/AskHistorians/comments/6eqkpe/is_this_the_final_blow_of_the_afrocentric/", "subreddit_subscribers": 1160762, "created_utc": 1496358466.0, "num_crossposts": 0, "mod_reports": [], "is_video": false}}], "after": null, "before": null}}, {"kind": "Listing", "data": {"modhash": "", "dist": null, "children": [{"kind": "t1", "data": {"total_awards_received": 0, "approved_at_utc": null, "ups": 8, "awarders": [], "mod_reason_by": null, "banned_by": null, "author_flair_type": "text", "removal_reason": null, "link_id": "t3_6eqkpe", "author_flair_template_id": null, "likes": null, "replies": {"kind": "Listing", "data": {"modhash": "", "dist": null, "children": [{"kind": "t1", "data": {"total_awards_received": 0, "approved_at_utc": null, "ups": -4, "awarders": [], "mod_reason_by": null, "banned_by": null, "author_flair_type": "text", "removal_reason": null, "link_id": "t3_6eqkpe", "author_flair_template_id": null, "likes": null, "replies": {"kind": "Listing", "data": {"modhash": "", "dist": null, "children": [{"kind": "t1", "data": {"total_awards_received": 0, "approved_at_utc": null, "ups": 4, "awarders": [], "mod_reason_by": null, "banned_by": null, "author_flair_type": "text", "removal_reason": null, "link_id": "t3_6eqkpe", "author_flair_template_id": null, "likes": null, "replies": {"kind": "Listing", "data": {"modhash": "", "dist": null, "children": [{"kind": "t1", "data": {"total_awards_received": 0, "approved_at_utc": null, "ups": -1, "awarders": [], "mod_reason_by": null, "banned_by": null, "author_flair_type": "text", "removal_reason": null, "link_id": "t3_6eqkpe", "author_flair_template_id": null, "likes": null, "replies": "", "user_reports": [], "saved": false, "id": "dicomc9", "banned_at_utc": null, "mod_reason_title": null, "gilded": 0, "archived": true, "no_follow": true, "author": "thunderking500", "can_mod_post": false, "send_replies": true, "parent_id": "t1_dicoisj", "score": -1, "author_fullname": "t2_ld5b0", "report_reasons": null, "approved_by": null, "all_awardings": [], "subreddit_id": "t5_2ssp3", "body": "oh i definitely agree that sub saharian admixure was there, most likely starting by the time of the Nubain conquest, but that was about the 8th century bce\n\n", "edited": false, "downs": 0, "author_flair_css_class": null, "is_submitter": true, "collapsed": false, "author_flair_richtext": [], "author_patreon_flair": false, "body_html": "&lt;div class=\"md\"&gt;&lt;p&gt;oh i definitely agree that sub saharian admixure was there, most likely starting by the time of the Nubain conquest, but that was about the 8th century bce&lt;/p&gt;\n&lt;/div&gt;", "gildings": {}, "collapsed_reason": null, "associated_award": null, "stickied": false, "author_premium": false, "subreddit_type": "public", "can_gild": true, "subreddit": "AskHistorians", "author_flair_text_color": null, "score_hidden": false, "permalink": "/r/AskHistorians/comments/6eqkpe/is_this_the_final_blow_of_the_afrocentric/dicomc9/", "num_reports": null, "locked": false, "name": "t1_dicomc9", "created": 1496409113.0, "author_flair_text": null, "treatment_tags": [], "created_utc": 1496380313.0, "subreddit_name_prefixed": "r/AskHistorians", "controversiality": 0, "depth": 3, "author_flair_background_color": null, "collapsed_because_crowd_control": null, "mod_reports": [], "mod_note": null, "distinguished": null}}], "after": null, "before": null}}, "user_reports": [], "saved": false, "id": "dicoisj", "banned_at_utc": null, "mod_reason_title": null, "gilded": 0, "archived": true, "no_follow": true, "author": "Alexandhisdroogs", "can_mod_post": false, "created_utc": 1496380122.0, "send_replies": true, "parent_id": "t1_dicnj2x", "score": 4, "author_fullname": "t2_zpvt3", "report_reasons": null, "approved_by": null, "all_awardings": [], "subreddit_id": "t5_2ssp3", "body": "Not sure what you saw in my post to suggest that.\n\nI just wanted to clarify what the paper actually said, because there's a lot of speculation on the topic, both in the media and on reddit. I understand it can't be entirely avoided, but at least it should rest on what few facts ate presented in the article.\n\nSo I\"d like to remind people that:\n\n- they're talking about a single location, in northern Egypt\n\n- they're talking about an 1,800 year transect in time\n\n- they have an n of 3 samples of nuclear DNA, one of which is post Ptolemeic. Plus some 90 fragmentary samples of mtDNA\n\nIt would be nice if we could draw conclusions limited by supporting facts, and not sweeping generalizations. Nor toll the bell for the demise of this theory or that.\n\nAs for your question, I believe the historical and scientific consensus does not support that ancient Egypt was a sub-Saharan civilization. However, Egyptian history is very long, and there certainly were some Nubian pharaohs and probably a lot of interaction with black Africa.\n\nI don't see any reason to make a political thing out of it. Let the science and historical research lead where they will, but let's not stretch them further than they'll go to prop up any pet theories.", "edited": false, "author_flair_css_class": null, "is_submitter": false, "downs": 0, "author_flair_richtext": [], "author_patreon_flair": false, "body_html": "&lt;div class=\"md\"&gt;&lt;p&gt;Not sure what you saw in my post to suggest that.&lt;/p&gt;\n\n&lt;p&gt;I just wanted to clarify what the paper actually said, because there&amp;#39;s a lot of speculation on the topic, both in the media and on reddit. I understand it can&amp;#39;t be entirely avoided, but at least it should rest on what few facts ate presented in the article.&lt;/p&gt;\n\n&lt;p&gt;So I&amp;quot;d like to remind people that:&lt;/p&gt;\n\n&lt;ul&gt;\n&lt;li&gt;&lt;p&gt;they&amp;#39;re talking about a single location, in northern Egypt&lt;/p&gt;&lt;/li&gt;\n&lt;li&gt;&lt;p&gt;they&amp;#39;re talking about an 1,800 year transect in time&lt;/p&gt;&lt;/li&gt;\n&lt;li&gt;&lt;p&gt;they have an n of 3 samples of nuclear DNA, one of which is post Ptolemeic. Plus some 90 fragmentary samples of mtDNA&lt;/p&gt;&lt;/li&gt;\n&lt;/ul&gt;\n\n&lt;p&gt;It would be nice if we could draw conclusions limited by supporting facts, and not sweeping generalizations. Nor toll the bell for the demise of this theory or that.&lt;/p&gt;\n\n&lt;p&gt;As for your question, I believe the historical and scientific consensus does not support that ancient Egypt was a sub-Saharan civilization. However, Egyptian history is very long, and there certainly were some Nubian pharaohs and probably a lot of interaction with black Africa.&lt;/p&gt;\n\n&lt;p&gt;I don&amp;#39;t see any reason to make a political thing out of it. Let the science and historical research lead where they will, but let&amp;#39;s not stretch them further than they&amp;#39;ll go to prop up any pet theories.&lt;/p&gt;\n&lt;/div&gt;", "gildings": {}, "collapsed_reason": null, "associated_award": null, "stickied": false, "author_premium": false, "subreddit_type": "public", "can_gild": true, "subreddit": "AskHistorians", "author_flair_text_color": null, "score_hidden": false, "permalink": "/r/AskHistorians/comments/6eqkpe/is_this_the_final_blow_of_the_afrocentric/dicoisj/", "num_reports": null, "locked": false, "name": "t1_dicoisj", "created": 1496408922.0, "author_flair_text": null, "treatment_tags": [], "collapsed": false, "subreddit_name_prefixed": "r/AskHistorians", "controversiality": 0, "depth": 2, "author_flair_background_color": null, "collapsed_because_crowd_control": null, "mod_reports": [], "mod_note": null, "distinguished": null}}], "after": null, "before": null}}, "user_reports": [], "saved": false, "id": "dicnj2x", "banned_at_utc": null, "mod_reason_title": null, "gilded": 0, "archived": true, "no_follow": true, "author": "thunderking500", "can_mod_post": false, "send_replies": true, "parent_id": "t1_dicg2al", "score": -4, "author_fullname": "t2_ld5b0", "report_reasons": null, "approved_by": null, "all_awardings": [], "subreddit_id": "t5_2ssp3", "collapsed": false, "body": "so you defend the Afrocentric interpretation of ancient Egypt?", "edited": false, "author_flair_css_class": null, "is_submitter": true, "downs": 0, "author_flair_richtext": [], "author_patreon_flair": false, "body_html": "&lt;div class=\"md\"&gt;&lt;p&gt;so you defend the Afrocentric interpretation of ancient Egypt?&lt;/p&gt;\n&lt;/div&gt;", "gildings": {}, "collapsed_reason": null, "associated_award": null, "stickied": false, "author_premium": false, "subreddit_type": "public", "can_gild": true, "subreddit": "AskHistorians", "author_flair_text_color": null, "score_hidden": false, "permalink": "/r/AskHistorians/comments/6eqkpe/is_this_the_final_blow_of_the_afrocentric/dicnj2x/", "num_reports": null, "locked": false, "name": "t1_dicnj2x", "created": 1496407128.0, "author_flair_text": null, "treatment_tags": [], "created_utc": 1496378328.0, "subreddit_name_prefixed": "r/AskHistorians", "controversiality": 0, "depth": 1, "author_flair_background_color": null, "collapsed_because_crowd_control": null, "mod_reports": [], "mod_note": null, "distinguished": null}}], "after": null, "before": null}}, "user_reports": [], "saved": false, "id": "dicg2al", "banned_at_utc": null, "mod_reason_title": null, "gilded": 0, "archived": true, "no_follow": true, "author": "Alexandhisdroogs", "can_mod_post": false, "send_replies": true, "parent_id": "t3_6eqkpe", "score": 8, "author_fullname": "t2_zpvt3", "report_reasons": null, "approved_by": null, "all_awardings": [], "subreddit_id": "t5_2ssp3", "body": "I just want to clarify what the study actually found, since the Daily Mail does a poor job of that.\n\n- All samples are from a single location near Al Fayyum by the lower Nile. They are NOT representative of all Egypt, specially not southern Egypt where you'd expect to find more black African admixture.\n\n- The period covers 1388 BC to 426 AD, so it doesn't address the two millennia of prior history.\n\n- There were only 3 samples for whole genome sequencing. An additional 90 samples were available for mitochondrial DNA only.\n\n- The big stress in all the headlines is \"more like Europeans than Africans\". But if you actually look at the PCA diagram, the closest affinity of ancient Egyptians was to the near east (Jordan, Syria, Lebanon, Yemen, Saudi Arabia). Next closest is to northern African populations (Algerian, Bedouin, Druze, Moroccan, Tunisian). What they call \"European\" is actually quite far off, and not quite European as most people understand the term. They mean Anatolian, Iranian, Kumyk, Chechen, Ossetian, and then Russian and Armenian. This is a LONG stretch on the PCA diagram, much more distant than the Levant.\n\n- There is no mention of Turkey anywhere. They clearly say Anatolian.\n\n- They specifically DENY that this study indicates any discontinuity between ancient and modern Egyptian populations. It's not like ancient Egyptians were replaced by modern Egyptians. It's just that a sub-Saharan admixture was ADDED to ancient Egypt, producing the modern population. The extent of this admixture is 8 to 20 percent, and the median date is about 750 years ago. This probably represents the slave trade during Islamic rule, when about 6-7 million sub-Saharan Africans were brought to north Africa over a period of 1,200 years.\n\nSo what the study shows is that there was about 8-20 percent less sub-Saharan admixture than at present. At this one location in northern Egypt, from about 1,400 BC to 400 AD. And that when you remove this admixture, the northern Egyptian population looks quite similar to Syria, Jordan, Lebanon, and northern African populations from Algeria to Morocco.", "edited": false, "downs": 0, "author_flair_css_class": null, "is_submitter": false, "collapsed": false, "author_flair_richtext": [], "author_patreon_flair": false, "body_html": "&lt;div class=\"md\"&gt;&lt;p&gt;I just want to clarify what the study actually found, since the Daily Mail does a poor job of that.&lt;/p&gt;\n\n&lt;ul&gt;\n&lt;li&gt;&lt;p&gt;All samples are from a single location near Al Fayyum by the lower Nile. They are NOT representative of all Egypt, specially not southern Egypt where you&amp;#39;d expect to find more black African admixture.&lt;/p&gt;&lt;/li&gt;\n&lt;li&gt;&lt;p&gt;The period covers 1388 BC to 426 AD, so it doesn&amp;#39;t address the two millennia of prior history.&lt;/p&gt;&lt;/li&gt;\n&lt;li&gt;&lt;p&gt;There were only 3 samples for whole genome sequencing. An additional 90 samples were available for mitochondrial DNA only.&lt;/p&gt;&lt;/li&gt;\n&lt;li&gt;&lt;p&gt;The big stress in all the headlines is &amp;quot;more like Europeans than Africans&amp;quot;. But if you actually look at the PCA diagram, the closest affinity of ancient Egyptians was to the near east (Jordan, Syria, Lebanon, Yemen, Saudi Arabia). Next closest is to northern African populations (Algerian, Bedouin, Druze, Moroccan, Tunisian). What they call &amp;quot;European&amp;quot; is actually quite far off, and not quite European as most people understand the term. They mean Anatolian, Iranian, Kumyk, Chechen, Ossetian, and then Russian and Armenian. This is a LONG stretch on the PCA diagram, much more distant than the Levant.&lt;/p&gt;&lt;/li&gt;\n&lt;li&gt;&lt;p&gt;There is no mention of Turkey anywhere. They clearly say Anatolian.&lt;/p&gt;&lt;/li&gt;\n&lt;li&gt;&lt;p&gt;They specifically DENY that this study indicates any discontinuity between ancient and modern Egyptian populations. It&amp;#39;s not like ancient Egyptians were replaced by modern Egyptians. It&amp;#39;s just that a sub-Saharan admixture was ADDED to ancient Egypt, producing the modern population. The extent of this admixture is 8 to 20 percent, and the median date is about 750 years ago. This probably represents the slave trade during Islamic rule, when about 6-7 million sub-Saharan Africans were brought to north Africa over a period of 1,200 years.&lt;/p&gt;&lt;/li&gt;\n&lt;/ul&gt;\n\n&lt;p&gt;So what the study shows is that there was about 8-20 percent less sub-Saharan admixture than at present. At this one location in northern Egypt, from about 1,400 BC to 400 AD. And that when you remove this admixture, the northern Egyptian population looks quite similar to Syria, Jordan, Lebanon, and northern African populations from Algeria to Morocco.&lt;/p&gt;\n&lt;/div&gt;", "gildings": {}, "collapsed_reason": null, "associated_award": null, "stickied": false, "author_premium": false, "subreddit_type": "public", "can_gild": true, "subreddit": "AskHistorians", "author_flair_text_color": null, "score_hidden": false, "permalink": "/r/AskHistorians/comments/6eqkpe/is_this_the_final_blow_of_the_afrocentric/dicg2al/", "num_reports": null, "locked": false, "name": "t1_dicg2al", "created": 1496396767.0, "author_flair_text": null, "treatment_tags": [], "created_utc": 1496367967.0, "subreddit_name_prefixed": "r/AskHistorians", "controversiality": 0, "depth": 0, "author_flair_background_color": null, "collapsed_because_crowd_control": null, "mod_reports": [], "mod_note": null, "distinguished": null}}, {"kind": "t1", "data": {"total_awards_received": 0, "approved_at_utc": null, "ups": 4, "awarders": [], "mod_reason_by": null, "banned_by": null, "author_flair_type": "text", "removal_reason": null, "link_id": "t3_6eqkpe", "author_flair_template_id": null, "likes": null, "replies": "", "user_reports": [], "saved": false, "id": "dicby9w", "banned_at_utc": null, "mod_reason_title": null, "gilded": 0, "archived": true, "no_follow": true, "author": "GhostlyChipmunk", "can_mod_post": false, "send_replies": true, "parent_id": "t3_6eqkpe", "score": 4, "author_fullname": "t2_16vmd3", "report_reasons": null, "approved_by": null, "all_awardings": [], "subreddit_id": "t5_2ssp3", "body": "So they study says the ancient Egyptians were European and \"Turkish.\" They should probably look over the terminology as I believe \"Anatolian\" would be a better word. The Turks didn't arrive until around the 13th century I believe.", "edited": false, "downs": 0, "author_flair_css_class": null, "is_submitter": false, "collapsed": false, "author_flair_richtext": [], "author_patreon_flair": false, "body_html": "&lt;div class=\"md\"&gt;&lt;p&gt;So they study says the ancient Egyptians were European and &amp;quot;Turkish.&amp;quot; They should probably look over the terminology as I believe &amp;quot;Anatolian&amp;quot; would be a better word. The Turks didn&amp;#39;t arrive until around the 13th century I believe.&lt;/p&gt;\n&lt;/div&gt;", "gildings": {}, "collapsed_reason": null, "associated_award": null, "stickied": false, "author_premium": false, "subreddit_type": "public", "can_gild": true, "subreddit": "AskHistorians", "author_flair_text_color": null, "score_hidden": false, "permalink": "/r/AskHistorians/comments/6eqkpe/is_this_the_final_blow_of_the_afrocentric/dicby9w/", "num_reports": null, "locked": false, "name": "t1_dicby9w", "created": 1496391285.0, "author_flair_text": null, "treatment_tags": [], "created_utc": 1496362485.0, "subreddit_name_prefixed": "r/AskHistorians", "controversiality": 0, "depth": 0, "author_flair_background_color": null, "collapsed_because_crowd_control": null, "mod_reports": [], "mod_note": null, "distinguished": null}}], "after": null, "before": null}}]