[{"kind": "Listing", "data": {"modhash": "", "dist": 1, "children": [{"kind": "t3", "data": {"approved_at_utc": null, "subreddit": "AskHistorians", "selftext": "", "user_reports": [], "saved": false, "mod_reason_title": null, "gilded": 0, "clicked": false, "title": "How was the \u201camen\u201d, being a Latin word and therefore \u201cCatholic\u201d, retained by virtually all denominations of Protestants?", "link_flair_richtext": [], "subreddit_name_prefixed": "r/AskHistorians", "hidden": false, "pwls": 6, "link_flair_css_class": null, "downs": 0, "top_awarded_type": null, "parent_whitelist_status": "all_ads", "hide_score": false, "name": "t3_kpwv0u", "quarantine": false, "link_flair_text_color": "dark", "upvote_ratio": 0.78, "author_flair_background_color": null, "subreddit_type": "public", "ups": 44, "total_awards_received": 0, "media_embed": {}, "author_flair_template_id": null, "is_original_content": false, "author_fullname": "t2_6zezedgy", "secure_media": null, "is_reddit_media_domain": false, "is_meta": false, "category": null, "secure_media_embed": {}, "link_flair_text": null, "can_mod_post": false, "score": 44, "approved_by": null, "author_premium": false, "thumbnail": "", "edited": false, "author_flair_css_class": null, "author_flair_richtext": [], "gildings": {}, "content_categories": null, "is_self": true, "mod_note": null, "created": 1609748829.0, "link_flair_type": "text", "wls": 6, "removed_by_category": null, "banned_by": null, "author_flair_type": "text", "domain": "self.AskHistorians", "allow_live_comments": false, "selftext_html": null, "likes": null, "suggested_sort": null, "banned_at_utc": null, "view_count": null, "archived": false, "no_follow": false, "is_crosspostable": false, "pinned": false, "over_18": false, "all_awardings": [], "awarders": [], "media_only": false, "can_gild": false, "spoiler": false, "locked": false, "author_flair_text": null, "treatment_tags": [], "visited": false, "removed_by": null, "num_reports": null, "distinguished": null, "subreddit_id": "t5_2ssp3", "mod_reason_by": null, "removal_reason": null, "link_flair_background_color": "", "id": "kpwv0u", "is_robot_indexable": true, "num_duplicates": 1, "report_reasons": null, "author": "Tough_Guys_Wear_Pink", "discussion_type": null, "num_comments": 15, "send_replies": true, "media": null, "contest_mode": false, "author_patreon_flair": false, "author_flair_text_color": null, "permalink": "/r/AskHistorians/comments/kpwv0u/how_was_the_amen_being_a_latin_word_and_therefore/", "whitelist_status": "all_ads", "stickied": false, "url": "https://www.reddit.com/r/AskHistorians/comments/kpwv0u/how_was_the_amen_being_a_latin_word_and_therefore/", "subreddit_subscribers": 1307295, "created_utc": 1609720029.0, "num_crossposts": 0, "mod_reports": [], "is_video": false}}], "after": null, "before": null}}, {"kind": "Listing", "data": {"modhash": "", "dist": null, "children": [{"kind": "t1", "data": {"total_awards_received": 0, "approved_at_utc": null, "comment_type": null, "awarders": [], "mod_reason_by": null, "banned_by": null, "ups": 1, "author_flair_type": "richtext", "removal_reason": null, "link_id": "t3_kpwv0u", "author_flair_template_id": "9e641f94-c626-11e2-8e2c-12313b0b21ae", "likes": null, "replies": "", "user_reports": [], "saved": false, "id": "gi0ix13", "banned_at_utc": null, "mod_reason_title": null, "gilded": 0, "archived": false, "no_follow": true, "author": "AutoModerator", "can_mod_post": false, "send_replies": false, "parent_id": "t3_kpwv0u", "score": 1, "author_fullname": "t2_6l4z3", "report_reasons": null, "approved_by": null, "all_awardings": [], "subreddit_id": "t5_2ssp3", "body": "Welcome to /r/AskHistorians. **Please [Read Our Rules](https://www.reddit.com/r/AskHistorians/wiki/rules) before you comment in this community**. Understand that [rule breaking comments get removed](https://www.reddit.com/r/AskHistorians/comments/h8aefx/rules_roundtable_xviii_removed_curation_and_why/).\n\n#Please consider **[Clicking Here for RemindMeBot](https://www.reddit.com/message/compose/?to=RemindMeBot&amp;subject=Reminder&amp;message=%5Bhttps://www.reddit.com/r/AskHistorians/comments/kpwv0u/how_was_the_amen_being_a_latin_word_and_therefore/%5D%0A%0ARemindMe!%202%20days)** as it takes time for an answer to be written. \n\nWe thank you for your interest in this *question*, and your patience in waiting for an in-depth and comprehensive answer to show up. In addition to RemindMeBot, consider [using our Browser Extension](https://www.reddit.com/r/AskHistorians/comments/d6dzi7/tired_of_clicking_to_find_only_removed_comments/), or getting the [Weekly Roundup](https://www.reddit.com/message/compose?to=subredditsummarybot&amp;subject=askhistorians+weekly&amp;message=x). In the meantime our [Twitter](https://twitter.com/askhistorians), [Facebook](https://www.facebook.com/askhistorians/), and [Sunday Digest](https://www.reddit.com/r/AskHistorians/search?q=title%3A%22Sunday+Digest%22&amp;restrict_sr=on&amp;sort=new&amp;t=all) feature excellent content that has already been written!\n\n\n*I am a bot, and this action was performed automatically. Please [contact the moderators of this subreddit](/message/compose/?to=/r/AskHistorians) if you have any questions or concerns.*", "edited": false, "downs": 0, "author_flair_css_class": null, "is_submitter": false, "collapsed": false, "author_flair_richtext": [{"e": "text", "t": "History of Robotics"}], "author_patreon_flair": false, "body_html": "&lt;div class=\"md\"&gt;&lt;p&gt;Welcome to &lt;a href=\"/r/AskHistorians\"&gt;/r/AskHistorians&lt;/a&gt;. &lt;strong&gt;Please &lt;a href=\"https://www.reddit.com/r/AskHistorians/wiki/rules\"&gt;Read Our Rules&lt;/a&gt; before you comment in this community&lt;/strong&gt;. Understand that &lt;a href=\"https://www.reddit.com/r/AskHistorians/comments/h8aefx/rules_roundtable_xviii_removed_curation_and_why/\"&gt;rule breaking comments get removed&lt;/a&gt;.&lt;/p&gt;\n\n&lt;h1&gt;Please consider &lt;strong&gt;&lt;a href=\"https://www.reddit.com/message/compose/?to=RemindMeBot&amp;amp;subject=Reminder&amp;amp;message=%5Bhttps://www.reddit.com/r/AskHistorians/comments/kpwv0u/how_was_the_amen_being_a_latin_word_and_therefore/%5D%0A%0ARemindMe!%202%20days\"&gt;Clicking Here for RemindMeBot&lt;/a&gt;&lt;/strong&gt; as it takes time for an answer to be written.&lt;/h1&gt;\n\n&lt;p&gt;We thank you for your interest in this &lt;em&gt;question&lt;/em&gt;, and your patience in waiting for an in-depth and comprehensive answer to show up. In addition to RemindMeBot, consider &lt;a href=\"https://www.reddit.com/r/AskHistorians/comments/d6dzi7/tired_of_clicking_to_find_only_removed_comments/\"&gt;using our Browser Extension&lt;/a&gt;, or getting the &lt;a href=\"https://www.reddit.com/message/compose?to=subredditsummarybot&amp;amp;subject=askhistorians+weekly&amp;amp;message=x\"&gt;Weekly Roundup&lt;/a&gt;. In the meantime our &lt;a href=\"https://twitter.com/askhistorians\"&gt;Twitter&lt;/a&gt;, &lt;a href=\"https://www.facebook.com/askhistorians/\"&gt;Facebook&lt;/a&gt;, and &lt;a href=\"https://www.reddit.com/r/AskHistorians/search?q=title%3A%22Sunday+Digest%22&amp;amp;restrict_sr=on&amp;amp;sort=new&amp;amp;t=all\"&gt;Sunday Digest&lt;/a&gt; feature excellent content that has already been written!&lt;/p&gt;\n\n&lt;p&gt;&lt;em&gt;I am a bot, and this action was performed automatically. Please &lt;a href=\"/message/compose/?to=/r/AskHistorians\"&gt;contact the moderators of this subreddit&lt;/a&gt; if you have any questions or concerns.&lt;/em&gt;&lt;/p&gt;\n&lt;/div&gt;", "gildings": {}, "collapsed_reason": null, "associated_award": null, "stickied": true, "author_premium": true, "subreddit_type": "public", "can_gild": true, "top_awarded_type": null, "author_flair_text_color": "light", "score_hidden": true, "permalink": "/r/AskHistorians/comments/kpwv0u/how_was_the_amen_being_a_latin_word_and_therefore/gi0ix13/", "num_reports": null, "locked": true, "name": "t1_gi0ix13", "created": 1609748830.0, "subreddit": "AskHistorians", "author_flair_text": "History of Robotics", "treatment_tags": [], "created_utc": 1609720030.0, "subreddit_name_prefixed": "r/AskHistorians", "controversiality": 0, "depth": 0, "author_flair_background_color": "#993366", "collapsed_because_crowd_control": null, "mod_reports": [], "mod_note": null, "distinguished": "moderator"}}, {"kind": "t1", "data": {"total_awards_received": 0, "approved_at_utc": null, "comment_type": null, "awarders": [], "mod_reason_by": null, "banned_by": null, "ups": 35, "author_flair_type": "text", "removal_reason": null, "link_id": "t3_kpwv0u", "author_flair_template_id": null, "likes": null, "replies": {"kind": "Listing", "data": {"modhash": "", "dist": null, "children": [{"kind": "t1", "data": {"total_awards_received": 0, "approved_at_utc": null, "comment_type": null, "awarders": [], "mod_reason_by": null, "banned_by": null, "ups": 13, "author_flair_type": "richtext", "removal_reason": null, "link_id": "t3_kpwv0u", "author_flair_template_id": "841028fe-c626-11e2-a7cc-12313b0b21ae", "likes": null, "replies": {"kind": "Listing", "data": {"modhash": "", "dist": null, "children": [{"kind": "t1", "data": {"total_awards_received": 0, "approved_at_utc": null, "comment_type": null, "awarders": [], "mod_reason_by": null, "banned_by": null, "ups": 6, "author_flair_type": "text", "removal_reason": null, "link_id": "t3_kpwv0u", "author_flair_template_id": null, "likes": null, "replies": {"kind": "Listing", "data": {"modhash": "", "dist": null, "children": [{"kind": "t1", "data": {"total_awards_received": 0, "approved_at_utc": null, "comment_type": null, "awarders": [], "mod_reason_by": null, "banned_by": null, "ups": 5, "author_flair_type": "richtext", "removal_reason": null, "link_id": "t3_kpwv0u", "author_flair_template_id": "841028fe-c626-11e2-a7cc-12313b0b21ae", "likes": null, "replies": "", "user_reports": [], "saved": false, "id": "gi17568", "banned_at_utc": null, "mod_reason_title": null, "gilded": 0, "archived": false, "no_follow": false, "author": "lcnielsen", "can_mod_post": false, "send_replies": true, "parent_id": "t1_gi162v3", "score": 5, "author_fullname": "t2_16k5wc", "report_reasons": null, "approved_by": null, "all_awardings": [], "subreddit_id": "t5_2ssp3", "body": "It's one of those big linguistic things that's especially interesting to compare when reading John, where you basically have Jesus saying a lot of things that are very much in line with the theology of John but which appear in no other gospels. (Basically things to the effect with \"I am God, equal with God the Father\" and so on). It's almost like the author of John goes _way_ over the top trying to emphasize that \"no, guys, this is really exactly 100% what the historical Jesus was saying, I don't know why the other gospels written 30-odd years earlier don't have this stuff!\"\n\nIf I recall correctly, Jesus has a lot of \"amen\":s in the other Gospel, but the construction \"amen, amen\" is extremely overepresented in John.", "edited": false, "downs": 0, "author_flair_css_class": null, "is_submitter": false, "collapsed": false, "author_flair_richtext": [{"e": "text", "t": "Zoroastrianism | Pre-Islamic Iran"}], "author_patreon_flair": false, "body_html": "&lt;div class=\"md\"&gt;&lt;p&gt;It&amp;#39;s one of those big linguistic things that&amp;#39;s especially interesting to compare when reading John, where you basically have Jesus saying a lot of things that are very much in line with the theology of John but which appear in no other gospels. (Basically things to the effect with &amp;quot;I am God, equal with God the Father&amp;quot; and so on). It&amp;#39;s almost like the author of John goes &lt;em&gt;way&lt;/em&gt; over the top trying to emphasize that &amp;quot;no, guys, this is really exactly 100% what the historical Jesus was saying, I don&amp;#39;t know why the other gospels written 30-odd years earlier don&amp;#39;t have this stuff!&amp;quot;&lt;/p&gt;\n\n&lt;p&gt;If I recall correctly, Jesus has a lot of &amp;quot;amen&amp;quot;:s in the other Gospel, but the construction &amp;quot;amen, amen&amp;quot; is extremely overepresented in John.&lt;/p&gt;\n&lt;/div&gt;", "gildings": {}, "collapsed_reason": null, "associated_award": null, "stickied": false, "author_premium": false, "subreddit_type": "public", "can_gild": true, "top_awarded_type": null, "author_flair_text_color": "dark", "score_hidden": false, "permalink": "/r/AskHistorians/comments/kpwv0u/how_was_the_amen_being_a_latin_word_and_therefore/gi17568/", "num_reports": null, "locked": false, "name": "t1_gi17568", "created": 1609761297.0, "subreddit": "AskHistorians", "author_flair_text": "Zoroastrianism | Pre-Islamic Iran", "treatment_tags": [], "created_utc": 1609732497.0, "subreddit_name_prefixed": "r/AskHistorians", "controversiality": 0, "depth": 3, "author_flair_background_color": "#ffffff", "collapsed_because_crowd_control": null, "mod_reports": [], "mod_note": null, "distinguished": null}}], "after": null, "before": null}}, "user_reports": [], "saved": false, "id": "gi162v3", "banned_at_utc": null, "mod_reason_title": null, "gilded": 0, "archived": false, "no_follow": false, "author": "MagratMakeTheTea", "can_mod_post": false, "created_utc": 1609731965.0, "send_replies": true, "parent_id": "t1_gi15ekg", "score": 6, "author_fullname": "t2_8d9tsxl", "report_reasons": null, "approved_by": null, "all_awardings": [], "subreddit_id": "t5_2ssp3", "body": "Yeah, I was looking up citations for my answer and I hadn't realized how different Jesus' usage is than most of what's in the Hebrew Bible, especially in terms of frequency. That's probably partially explained by changes from pre-exilic to late Second Temple usage, but Jesus goes overboard.", "edited": false, "author_flair_css_class": null, "is_submitter": false, "downs": 0, "author_flair_richtext": [], "author_patreon_flair": false, "body_html": "&lt;div class=\"md\"&gt;&lt;p&gt;Yeah, I was looking up citations for my answer and I hadn&amp;#39;t realized how different Jesus&amp;#39; usage is than most of what&amp;#39;s in the Hebrew Bible, especially in terms of frequency. That&amp;#39;s probably partially explained by changes from pre-exilic to late Second Temple usage, but Jesus goes overboard.&lt;/p&gt;\n&lt;/div&gt;", "gildings": {}, "collapsed_reason": null, "associated_award": null, "stickied": false, "author_premium": false, "subreddit_type": "public", "can_gild": true, "top_awarded_type": null, "author_flair_text_color": null, "score_hidden": false, "permalink": "/r/AskHistorians/comments/kpwv0u/how_was_the_amen_being_a_latin_word_and_therefore/gi162v3/", "num_reports": null, "locked": false, "name": "t1_gi162v3", "created": 1609760765.0, "subreddit": "AskHistorians", "author_flair_text": null, "treatment_tags": [], "collapsed": false, "subreddit_name_prefixed": "r/AskHistorians", "controversiality": 0, "depth": 2, "author_flair_background_color": null, "collapsed_because_crowd_control": null, "mod_reports": [], "mod_note": null, "distinguished": null}}], "after": null, "before": null}}, "user_reports": [], "saved": false, "id": "gi15ekg", "banned_at_utc": null, "mod_reason_title": null, "gilded": 0, "archived": false, "no_follow": false, "author": "lcnielsen", "can_mod_post": false, "send_replies": true, "parent_id": "t1_gi131xp", "score": 13, "author_fullname": "t2_16k5wc", "report_reasons": null, "approved_by": null, "all_awardings": [], "subreddit_id": "t5_2ssp3", "collapsed": false, "body": "&gt; It's very frequent in the Gospels, especially John, in constructions like \u1f00\u03bc\u1f74\u03bd \u1f00\u03bc\u1f74\u03bd \u03bb\u03ad\u03b3\u03c9 \u1f51\u03bc\u1fd6\u03bd (Truly, truly I say to you...), usually the punchline in some teaching of Jesus.\n\nJust to emphasize - this is a word that Jesus uses _a lot_ to the point where it may be a characteristic of an actual historical Jesus or at least an attempt to maintain a sense of \"legitimacy\" as with various Aramaic phrases in the Gospels. Whenever you see a teaching of Jesus translated with a word like \"verily\", \"certainly\", \"truly\", \"surely\", there's about a 95% chance that the Greek has \"amen\".", "edited": false, "author_flair_css_class": null, "is_submitter": false, "downs": 0, "author_flair_richtext": [{"e": "text", "t": "Zoroastrianism | Pre-Islamic Iran"}], "author_patreon_flair": false, "body_html": "&lt;div class=\"md\"&gt;&lt;blockquote&gt;\n&lt;p&gt;It&amp;#39;s very frequent in the Gospels, especially John, in constructions like \u1f00\u03bc\u1f74\u03bd \u1f00\u03bc\u1f74\u03bd \u03bb\u03ad\u03b3\u03c9 \u1f51\u03bc\u1fd6\u03bd (Truly, truly I say to you...), usually the punchline in some teaching of Jesus.&lt;/p&gt;\n&lt;/blockquote&gt;\n\n&lt;p&gt;Just to emphasize - this is a word that Jesus uses &lt;em&gt;a lot&lt;/em&gt; to the point where it may be a characteristic of an actual historical Jesus or at least an attempt to maintain a sense of &amp;quot;legitimacy&amp;quot; as with various Aramaic phrases in the Gospels. Whenever you see a teaching of Jesus translated with a word like &amp;quot;verily&amp;quot;, &amp;quot;certainly&amp;quot;, &amp;quot;truly&amp;quot;, &amp;quot;surely&amp;quot;, there&amp;#39;s about a 95% chance that the Greek has &amp;quot;amen&amp;quot;.&lt;/p&gt;\n&lt;/div&gt;", "gildings": {}, "collapsed_reason": null, "associated_award": null, "stickied": false, "author_premium": false, "subreddit_type": "public", "can_gild": true, "top_awarded_type": null, "author_flair_text_color": "dark", "score_hidden": false, "permalink": "/r/AskHistorians/comments/kpwv0u/how_was_the_amen_being_a_latin_word_and_therefore/gi15ekg/", "num_reports": null, "locked": false, "name": "t1_gi15ekg", "created": 1609760413.0, "subreddit": "AskHistorians", "author_flair_text": "Zoroastrianism | Pre-Islamic Iran", "treatment_tags": [], "created_utc": 1609731613.0, "subreddit_name_prefixed": "r/AskHistorians", "controversiality": 0, "depth": 1, "author_flair_background_color": "#ffffff", "collapsed_because_crowd_control": null, "mod_reports": [], "mod_note": null, "distinguished": null}}], "after": null, "before": null}}, "user_reports": [], "saved": false, "id": "gi131xp", "banned_at_utc": null, "mod_reason_title": null, "gilded": 0, "archived": false, "no_follow": false, "author": "MagratMakeTheTea", "can_mod_post": false, "send_replies": true, "parent_id": "t3_kpwv0u", "score": 35, "author_fullname": "t2_8d9tsxl", "report_reasons": null, "approved_by": null, "all_awardings": [], "subreddit_id": "t5_2ssp3", "body": "Do you mean the word \"amen\"? It's not Latin, it's Hebrew, and it's used pretty frequently in the Bible.\n\nIn Hebrew \u05d0\u05b8\u05de\u05b5\u05df means something like \"truly\" or \"so be it.\" In Deuteronomy 27 it's a cry of assent: the Levites are supposed to state a law (e.g., \"Cursed be anyone who misleads a blind person\" NRSV) and the people are supposed to consent to that law by responding, \"So be it!\" By the Second Temple period it appears in prayers and liturgical practice. For example, in Tobit 8 (2nd or 3rd century BCE) it's used at the end of a prayer. Modern Jews use it prayers like the Kaddish. \n\nIt's very frequent in the Gospels, especially John, in constructions like \u1f00\u03bc\u1f74\u03bd \u1f00\u03bc\u1f74\u03bd \u03bb\u03ad\u03b3\u03c9 \u1f51\u03bc\u1fd6\u03bd (Truly, truly I say to you...), usually the punchline in some teaching of Jesus. Examples: John 5:24; 10:7. It shows up in places like Romans 1:25, where it indicates that Paul is quoting a liturgical formula. In some manuscripts it's also the very last word of Revelation, and a lot of English translations therefore retain it as the last word of the Christian Bible (the latest Nestle-Aland edition has it as a variant reading, but it has strong and major manuscripts witnessing to it).\n\nSo, to answer your question, Protestants retained it because it's an indelible part of the Christian liturgical tradition, inherited from the Jewish liturgical tradition.", "edited": false, "downs": 0, "author_flair_css_class": null, "is_submitter": false, "collapsed": false, "author_flair_richtext": [], "author_patreon_flair": false, "body_html": "&lt;div class=\"md\"&gt;&lt;p&gt;Do you mean the word &amp;quot;amen&amp;quot;? It&amp;#39;s not Latin, it&amp;#39;s Hebrew, and it&amp;#39;s used pretty frequently in the Bible.&lt;/p&gt;\n\n&lt;p&gt;In Hebrew \u05d0\u05b8\u05de\u05b5\u05df means something like &amp;quot;truly&amp;quot; or &amp;quot;so be it.&amp;quot; In Deuteronomy 27 it&amp;#39;s a cry of assent: the Levites are supposed to state a law (e.g., &amp;quot;Cursed be anyone who misleads a blind person&amp;quot; NRSV) and the people are supposed to consent to that law by responding, &amp;quot;So be it!&amp;quot; By the Second Temple period it appears in prayers and liturgical practice. For example, in Tobit 8 (2nd or 3rd century BCE) it&amp;#39;s used at the end of a prayer. Modern Jews use it prayers like the Kaddish. &lt;/p&gt;\n\n&lt;p&gt;It&amp;#39;s very frequent in the Gospels, especially John, in constructions like \u1f00\u03bc\u1f74\u03bd \u1f00\u03bc\u1f74\u03bd \u03bb\u03ad\u03b3\u03c9 \u1f51\u03bc\u1fd6\u03bd (Truly, truly I say to you...), usually the punchline in some teaching of Jesus. Examples: John 5:24; 10:7. It shows up in places like Romans 1:25, where it indicates that Paul is quoting a liturgical formula. In some manuscripts it&amp;#39;s also the very last word of Revelation, and a lot of English translations therefore retain it as the last word of the Christian Bible (the latest Nestle-Aland edition has it as a variant reading, but it has strong and major manuscripts witnessing to it).&lt;/p&gt;\n\n&lt;p&gt;So, to answer your question, Protestants retained it because it&amp;#39;s an indelible part of the Christian liturgical tradition, inherited from the Jewish liturgical tradition.&lt;/p&gt;\n&lt;/div&gt;", "gildings": {}, "collapsed_reason": null, "associated_award": null, "stickied": false, "author_premium": false, "subreddit_type": "public", "can_gild": true, "top_awarded_type": null, "author_flair_text_color": null, "score_hidden": false, "permalink": "/r/AskHistorians/comments/kpwv0u/how_was_the_amen_being_a_latin_word_and_therefore/gi131xp/", "num_reports": null, "locked": false, "name": "t1_gi131xp", "created": 1609759155.0, "subreddit": "AskHistorians", "author_flair_text": null, "treatment_tags": [], "created_utc": 1609730355.0, "subreddit_name_prefixed": "r/AskHistorians", "controversiality": 0, "depth": 0, "author_flair_background_color": null, "collapsed_because_crowd_control": null, "mod_reports": [], "mod_note": null, "distinguished": null}}, {"kind": "t1", "data": {"total_awards_received": 0, "approved_at_utc": null, "comment_type": null, "awarders": [], "mod_reason_by": null, "banned_by": null, "ups": 17, "author_flair_type": "richtext", "removal_reason": null, "link_id": "t3_kpwv0u", "author_flair_template_id": "7b2f3f40-c626-11e2-9a3e-12313d1841d1", "likes": null, "replies": {"kind": "Listing", "data": {"modhash": "", "dist": null, "children": [{"kind": "t1", "data": {"total_awards_received": 0, "approved_at_utc": null, "comment_type": null, "awarders": [], "mod_reason_by": null, "banned_by": null, "ups": 3, "author_flair_type": "richtext", "removal_reason": null, "link_id": "t3_kpwv0u", "author_flair_template_id": "7b2f3f40-c626-11e2-9a3e-12313d1841d1", "likes": null, "replies": "", "user_reports": [], "saved": false, "id": "gi3b7yi", "banned_at_utc": null, "mod_reason_title": null, "gilded": 0, "archived": false, "no_follow": false, "author": "Kochevnik81", "can_mod_post": false, "send_replies": true, "parent_id": "t1_gi2jc8u", "score": 3, "author_fullname": "t2_168sly", "report_reasons": null, "approved_by": null, "all_awardings": [], "subreddit_id": "t5_2ssp3", "collapsed": false, "body": "One addendum I would add to that linked answer is that not only is the word used in Jewish and Christian prayers, but in Muslim prayers as well, although the pronunciation varies a bit (amin, ameen, aymen, etc.)", "edited": false, "author_flair_css_class": null, "is_submitter": false, "downs": 0, "author_flair_richtext": [{"e": "text", "t": "Soviet Union &amp; Post-Soviet States | Modern Central Asia"}], "author_patreon_flair": false, "body_html": "&lt;div class=\"md\"&gt;&lt;p&gt;One addendum I would add to that linked answer is that not only is the word used in Jewish and Christian prayers, but in Muslim prayers as well, although the pronunciation varies a bit (amin, ameen, aymen, etc.)&lt;/p&gt;\n&lt;/div&gt;", "gildings": {}, "collapsed_reason": null, "associated_award": null, "stickied": false, "author_premium": false, "subreddit_type": "public", "can_gild": true, "top_awarded_type": null, "author_flair_text_color": "light", "score_hidden": false, "permalink": "/r/AskHistorians/comments/kpwv0u/how_was_the_amen_being_a_latin_word_and_therefore/gi3b7yi/", "num_reports": null, "locked": false, "name": "t1_gi3b7yi", "created": 1609813424.0, "subreddit": "AskHistorians", "author_flair_text": "Soviet Union &amp; Post-Soviet States | Modern Central Asia", "treatment_tags": [], "created_utc": 1609784624.0, "subreddit_name_prefixed": "r/AskHistorians", "controversiality": 0, "depth": 1, "author_flair_background_color": "#003399", "collapsed_because_crowd_control": null, "mod_reports": [], "mod_note": null, "distinguished": null}}], "after": null, "before": null}}, "user_reports": [], "saved": false, "id": "gi2jc8u", "banned_at_utc": null, "mod_reason_title": null, "gilded": 0, "archived": false, "no_follow": false, "author": "Herissony_DSCH5", "can_mod_post": false, "send_replies": true, "parent_id": "t3_kpwv0u", "score": 17, "author_fullname": "t2_7d68mjzi", "report_reasons": null, "approved_by": null, "all_awardings": [], "subreddit_id": "t5_2ssp3", "body": "The origins of \"amen\" have been written about here before ([https://www.reddit.com/r/AskHistorians/comments/44oc4s/what\\_are\\_the\\_origins\\_of\\_the\\_word\\_amen/](https://www.reddit.com/r/AskHistorians/comments/44oc4s/what_are_the_origins_of_the_word_amen/))  -- to sum up, the word is Hebrew in origin, not Latin, and is derived from the Old Testament.", "edited": false, "downs": 0, "author_flair_css_class": null, "is_submitter": false, "collapsed": false, "author_flair_richtext": [{"e": "text", "t": "Medieval Christianity, Manuscripts, and Culture, 1050-1300"}], "author_patreon_flair": false, "body_html": "&lt;div class=\"md\"&gt;&lt;p&gt;The origins of &amp;quot;amen&amp;quot; have been written about here before (&lt;a href=\"https://www.reddit.com/r/AskHistorians/comments/44oc4s/what_are_the_origins_of_the_word_amen/\"&gt;https://www.reddit.com/r/AskHistorians/comments/44oc4s/what_are_the_origins_of_the_word_amen/&lt;/a&gt;)  -- to sum up, the word is Hebrew in origin, not Latin, and is derived from the Old Testament.&lt;/p&gt;\n&lt;/div&gt;", "gildings": {}, "collapsed_reason": null, "associated_award": null, "stickied": false, "author_premium": false, "subreddit_type": "public", "can_gild": true, "top_awarded_type": null, "author_flair_text_color": "light", "score_hidden": false, "permalink": "/r/AskHistorians/comments/kpwv0u/how_was_the_amen_being_a_latin_word_and_therefore/gi2jc8u/", "num_reports": null, "locked": false, "name": "t1_gi2jc8u", "created": 1609799678.0, "subreddit": "AskHistorians", "author_flair_text": "Medieval Christianity, Manuscripts, and Culture, 1050-1300", "treatment_tags": [], "created_utc": 1609770878.0, "subreddit_name_prefixed": "r/AskHistorians", "controversiality": 0, "depth": 0, "author_flair_background_color": "#003399", "collapsed_because_crowd_control": null, "mod_reports": [], "mod_note": null, "distinguished": null}}], "after": null, "before": null}}]