[{"kind": "Listing", "data": {"modhash": "", "dist": 1, "children": [{"kind": "t3", "data": {"approved_at_utc": null, "subreddit": "AskHistorians", "selftext": "[removed]", "user_reports": [], "saved": false, "mod_reason_title": null, "gilded": 0, "clicked": false, "title": "Who has came the closest,in terms of World leaders, to ruling the world? Alternatively what one company has come the closest to ruling the world?", "link_flair_richtext": [], "subreddit_name_prefixed": "r/AskHistorians", "hidden": false, "pwls": 6, "link_flair_css_class": null, "downs": 0, "parent_whitelist_status": "all_ads", "hide_score": false, "name": "t3_5rjvpr", "quarantine": false, "link_flair_text_color": "dark", "upvote_ratio": 1.0, "author_flair_background_color": null, "subreddit_type": "public", "ups": 1, "total_awards_received": 0, "media_embed": {}, "author_flair_template_id": null, "is_original_content": false, "author_fullname": "t2_nzodi", "secure_media": null, "is_reddit_media_domain": false, "is_meta": false, "category": null, "secure_media_embed": {}, "link_flair_text": null, "can_mod_post": false, "num_duplicates": 0, "approved_by": null, "author_premium": false, "thumbnail": "", "edited": false, "author_flair_css_class": null, "author_flair_richtext": [], "gildings": {}, "content_categories": null, "is_self": true, "mod_note": null, "created": 1486028435.0, "link_flair_type": "text", "wls": 6, "removed_by_category": null, "banned_by": null, "author_flair_type": "text", "domain": "self.AskHistorians", "allow_live_comments": false, "selftext_html": "&lt;!-- SC_OFF --&gt;&lt;div class=\"md\"&gt;&lt;p&gt;[removed]&lt;/p&gt;\n&lt;/div&gt;&lt;!-- SC_ON --&gt;", "likes": null, "suggested_sort": null, "banned_at_utc": null, "view_count": null, "archived": true, "score": 1, "no_follow": true, "is_crosspostable": false, "pinned": false, "over_18": false, "all_awardings": [], "awarders": [], "media_only": false, "can_gild": false, "spoiler": false, "locked": false, "author_flair_text": null, "treatment_tags": [], "visited": false, "removed_by": null, "num_reports": null, "distinguished": null, "subreddit_id": "t5_2ssp3", "mod_reason_by": null, "removal_reason": null, "link_flair_background_color": "", "id": "5rjvpr", "is_robot_indexable": false, "report_reasons": null, "author": "dragoslyr10", "discussion_type": null, "num_comments": 1, "send_replies": true, "media": null, "contest_mode": false, "author_patreon_flair": false, "author_flair_text_color": null, "permalink": "/r/AskHistorians/comments/5rjvpr/who_has_came_the_closestin_terms_of_world_leaders/", "whitelist_status": "all_ads", "stickied": false, "url": "https://www.reddit.com/r/AskHistorians/comments/5rjvpr/who_has_came_the_closestin_terms_of_world_leaders/", "subreddit_subscribers": 1160742, "created_utc": 1485999635.0, "num_crossposts": 0, "mod_reports": [], "is_video": false}}], "after": null, "before": null}}, {"kind": "Listing", "data": {"modhash": "", "dist": null, "children": [{"kind": "t1", "data": {"total_awards_received": 0, "approved_at_utc": null, "ups": 1, "awarders": [], "mod_reason_by": null, "banned_by": null, "author_flair_type": "richtext", "removal_reason": null, "link_id": "t3_5rjvpr", "author_flair_template_id": "7b2f3f40-c626-11e2-9a3e-12313d1841d1", "likes": null, "replies": "", "user_reports": [], "saved": false, "id": "dd7tu87", "banned_at_utc": null, "mod_reason_title": null, "gilded": 0, "archived": true, "no_follow": true, "author": "sunagainstgold", "can_mod_post": false, "send_replies": true, "parent_id": "t3_5rjvpr", "score": 1, "author_fullname": "t2_j83ki", "report_reasons": null, "approved_by": null, "all_awardings": [], "subreddit_id": "t5_2ssp3", "body": "This submission has been removed because it violates the [rule on poll-type questions](http://www.reddit.com/r/AskHistorians/wiki/rules#wiki_no_.22poll.22-type_questions). These poll-type questions do not lend themselves to answers with a firm foundation in sources and research, and the resulting threads usually turn into monsters with enormous speculation and little focussed discussion. \u201cMost\u201d, \u201cleast\u201d, \"best\" and \"worst\" questions usually lead to vague, subjective, and speculative answers.  For further information, please consult [this Roundtable discussion](https://www.reddit.com/r/AskHistorians/comments/48hjn0/rules_roundtable_6_the_no_polltype_questions_rule/).\n\nFor questions of these types, we ask that you redirect them to more appropriate subreddits, such as /r/history or /r/askhistory.", "edited": false, "downs": 0, "author_flair_css_class": null, "is_submitter": false, "collapsed": false, "author_flair_richtext": [{"e": "text", "t": "Moderator | Medieval &amp; Earliest Modern Europe"}], "author_patreon_flair": false, "body_html": "&lt;div class=\"md\"&gt;&lt;p&gt;This submission has been removed because it violates the &lt;a href=\"http://www.reddit.com/r/AskHistorians/wiki/rules#wiki_no_.22poll.22-type_questions\"&gt;rule on poll-type questions&lt;/a&gt;. These poll-type questions do not lend themselves to answers with a firm foundation in sources and research, and the resulting threads usually turn into monsters with enormous speculation and little focussed discussion. \u201cMost\u201d, \u201cleast\u201d, &amp;quot;best&amp;quot; and &amp;quot;worst&amp;quot; questions usually lead to vague, subjective, and speculative answers.  For further information, please consult &lt;a href=\"https://www.reddit.com/r/AskHistorians/comments/48hjn0/rules_roundtable_6_the_no_polltype_questions_rule/\"&gt;this Roundtable discussion&lt;/a&gt;.&lt;/p&gt;\n\n&lt;p&gt;For questions of these types, we ask that you redirect them to more appropriate subreddits, such as &lt;a href=\"/r/history\"&gt;/r/history&lt;/a&gt; or &lt;a href=\"/r/askhistory\"&gt;/r/askhistory&lt;/a&gt;.&lt;/p&gt;\n&lt;/div&gt;", "gildings": {}, "collapsed_reason": null, "associated_award": null, "stickied": false, "author_premium": true, "subreddit_type": "public", "can_gild": true, "subreddit": "AskHistorians", "author_flair_text_color": "light", "score_hidden": false, "permalink": "/r/AskHistorians/comments/5rjvpr/who_has_came_the_closestin_terms_of_world_leaders/dd7tu87/", "num_reports": null, "locked": false, "name": "t1_dd7tu87", "created": 1486029078.0, "author_flair_text": "Moderator | Medieval &amp; Earliest Modern Europe", "treatment_tags": [], "created_utc": 1486000278.0, "subreddit_name_prefixed": "r/AskHistorians", "controversiality": 0, "depth": 0, "author_flair_background_color": "#003399", "collapsed_because_crowd_control": null, "mod_reports": [], "mod_note": null, "distinguished": "moderator"}}], "after": null, "before": null}}]