[{"kind": "Listing", "data": {"modhash": "", "dist": 1, "children": [{"kind": "t3", "data": {"approved_at_utc": null, "subreddit": "AskHistorians", "selftext": "I am aware of one US Army experiment involving the importation of camels for field work that showed promising results before being cut short by the Civil War, but that seems a little too late in comparison to the ubiquity of Horses in the Americas now.  Considering how Camels are well-suited for desert environments and the prevalence of deserts and dry areas (Great Basin, Patagonian and Atacama deserts, etc.), wouldn't it have made sense to bring them over as well?  Also, wouldn't the camel's ability to survive extended periods without fresh water make them just as easy, if not easier, to ship across the Atlantic than Horses?", "user_reports": [], "saved": false, "mod_reason_title": null, "gilded": 0, "clicked": false, "title": "Why didn't European settlers bring Camels to the New World like they did Horses?", "link_flair_richtext": [], "subreddit_name_prefixed": "r/AskHistorians", "hidden": false, "pwls": 6, "link_flair_css_class": null, "downs": 0, "parent_whitelist_status": "all_ads", "hide_score": false, "name": "t3_5roc5b", "quarantine": false, "link_flair_text_color": "dark", "upvote_ratio": 0.67, "author_flair_background_color": null, "subreddit_type": "public", "ups": 1, "total_awards_received": 0, "media_embed": {}, "author_flair_template_id": null, "is_original_content": false, "author_fullname": "t2_gy2fn", "secure_media": null, "is_reddit_media_domain": false, "is_meta": false, "category": null, "secure_media_embed": {}, "link_flair_text": null, "can_mod_post": false, "num_duplicates": 0, "approved_by": null, "author_premium": false, "thumbnail": "", "edited": false, "author_flair_css_class": null, "author_flair_richtext": [], "gildings": {}, "content_categories": null, "is_self": true, "mod_note": null, "created": 1486087356.0, "link_flair_type": "text", "wls": 6, "removed_by_category": null, "banned_by": null, "author_flair_type": "text", "domain": "self.AskHistorians", "allow_live_comments": false, "selftext_html": "&lt;!-- SC_OFF --&gt;&lt;div class=\"md\"&gt;&lt;p&gt;I am aware of one US Army experiment involving the importation of camels for field work that showed promising results before being cut short by the Civil War, but that seems a little too late in comparison to the ubiquity of Horses in the Americas now.  Considering how Camels are well-suited for desert environments and the prevalence of deserts and dry areas (Great Basin, Patagonian and Atacama deserts, etc.), wouldn&amp;#39;t it have made sense to bring them over as well?  Also, wouldn&amp;#39;t the camel&amp;#39;s ability to survive extended periods without fresh water make them just as easy, if not easier, to ship across the Atlantic than Horses?&lt;/p&gt;\n&lt;/div&gt;&lt;!-- SC_ON --&gt;", "likes": null, "suggested_sort": null, "banned_at_utc": null, "view_count": null, "archived": true, "score": 1, "no_follow": true, "is_crosspostable": false, "pinned": false, "over_18": false, "all_awardings": [], "awarders": [], "media_only": false, "can_gild": false, "spoiler": false, "locked": false, "author_flair_text": null, "treatment_tags": [], "visited": false, "removed_by": null, "num_reports": null, "distinguished": null, "subreddit_id": "t5_2ssp3", "mod_reason_by": null, "removal_reason": null, "link_flair_background_color": "", "id": "5roc5b", "is_robot_indexable": true, "report_reasons": null, "author": "fancyHODOR", "discussion_type": null, "num_comments": 1, "send_replies": true, "media": null, "contest_mode": false, "author_patreon_flair": false, "author_flair_text_color": null, "permalink": "/r/AskHistorians/comments/5roc5b/why_didnt_european_settlers_bring_camels_to_the/", "whitelist_status": "all_ads", "stickied": false, "url": "https://www.reddit.com/r/AskHistorians/comments/5roc5b/why_didnt_european_settlers_bring_camels_to_the/", "subreddit_subscribers": 1160743, "created_utc": 1486058556.0, "num_crossposts": 0, "mod_reports": [], "is_video": false}}], "after": null, "before": null}}, {"kind": "Listing", "data": {"modhash": "", "dist": null, "children": [{"kind": "t1", "data": {"total_awards_received": 0, "approved_at_utc": null, "ups": 2, "awarders": [], "mod_reason_by": null, "banned_by": null, "author_flair_type": "richtext", "removal_reason": null, "link_id": "t3_5roc5b", "author_flair_template_id": "58dca6ca-b888-11e9-ba75-0e436a518da0", "likes": null, "replies": "", "user_reports": [], "saved": false, "id": "dd9cz6t", "banned_at_utc": null, "mod_reason_title": null, "gilded": 0, "archived": true, "no_follow": true, "author": "itsallfolklore", "can_mod_post": false, "send_replies": true, "parent_id": "t3_5roc5b", "score": 2, "author_fullname": "t2_8rkx9", "report_reasons": null, "approved_by": null, "all_awardings": [], "subreddit_id": "t5_2ssp3", "body": "Great question, but it is based on some of the same misconceptions that inspired bringing camels to the American West in the first place: namely, that just because people use the term \"desert\" to describe areas of the American West, they are actually different from most of the desert habitat of camels in the Old World. That said, there were experiments, and they were of limited success while generally representing failures. The following is a text I wrote on the subject for the [Online Nevada Encyclopedia](http://www.onlinenevada.org/articles/camels):\n\nIn 1856, the U.S. Army experimented with the importation of Middle-Eastern Dromedary (one hump) camels. Lt. Edward F. Beale maintained the animals could haul materials for the military in the arid West. They could carry more than horse or mules, and they had a legendary ability to survive without much water. Beale and roughly thirty camels crossed the Colorado River into present-day southern Nevada in 1857, but his experiment eventually failed, and the army sold what stock survived.\n\nThere were other attempts at importing camels including the 1861 introduction into Nevada of nine Asian Bactrian (two-humped) camels. Three years later, Sam McLeneghan purchased ten of the Army's Dromedaries for hauling supplies in the territory. Camels brought salt to mills in both Virginia City and Austin.\n\nThe animals generally proved effective, but operators had to avoid paths with sharp rocks, and they found that camels frightened horses. In 1875, the Nevada legislature prohibited camels on public highways to safeguard horse traffic. This effectively ended the commercial use of camels.\n\nOperators set many camels free while selling others to circuses. For decades, various people throughout the West reported seeing the wandering beasts throughout Nevada and the southwest. Although some of the initial accounts may have been based on reality, these stories eventually became part of western folklore.\nCamels later assumed a different role in Nevada history and culture. In 1959, the revived Territorial Enterprise reported the results of a fictional camel race held in Virginia City. To the delight of residents, the San Francisco Chronicle reported the event as fact. The following year, actor-director John Houston, in northern Nevada for the filming of The Misfits, heard of the contest and became determined to ride in the \"second annual\" camel race. Virginia City held an actual competition, Houston won, and the annual camel races grew into a tradition celebrated to this day.", "edited": false, "downs": 0, "author_flair_css_class": "skedaddlespecial", "is_submitter": false, "collapsed": false, "author_flair_richtext": [{"e": "text", "t": "Mod Emeritus | American West | European Folklore"}], "author_patreon_flair": false, "body_html": "&lt;div class=\"md\"&gt;&lt;p&gt;Great question, but it is based on some of the same misconceptions that inspired bringing camels to the American West in the first place: namely, that just because people use the term &amp;quot;desert&amp;quot; to describe areas of the American West, they are actually different from most of the desert habitat of camels in the Old World. That said, there were experiments, and they were of limited success while generally representing failures. The following is a text I wrote on the subject for the &lt;a href=\"http://www.onlinenevada.org/articles/camels\"&gt;Online Nevada Encyclopedia&lt;/a&gt;:&lt;/p&gt;\n\n&lt;p&gt;In 1856, the U.S. Army experimented with the importation of Middle-Eastern Dromedary (one hump) camels. Lt. Edward F. Beale maintained the animals could haul materials for the military in the arid West. They could carry more than horse or mules, and they had a legendary ability to survive without much water. Beale and roughly thirty camels crossed the Colorado River into present-day southern Nevada in 1857, but his experiment eventually failed, and the army sold what stock survived.&lt;/p&gt;\n\n&lt;p&gt;There were other attempts at importing camels including the 1861 introduction into Nevada of nine Asian Bactrian (two-humped) camels. Three years later, Sam McLeneghan purchased ten of the Army&amp;#39;s Dromedaries for hauling supplies in the territory. Camels brought salt to mills in both Virginia City and Austin.&lt;/p&gt;\n\n&lt;p&gt;The animals generally proved effective, but operators had to avoid paths with sharp rocks, and they found that camels frightened horses. In 1875, the Nevada legislature prohibited camels on public highways to safeguard horse traffic. This effectively ended the commercial use of camels.&lt;/p&gt;\n\n&lt;p&gt;Operators set many camels free while selling others to circuses. For decades, various people throughout the West reported seeing the wandering beasts throughout Nevada and the southwest. Although some of the initial accounts may have been based on reality, these stories eventually became part of western folklore.\nCamels later assumed a different role in Nevada history and culture. In 1959, the revived Territorial Enterprise reported the results of a fictional camel race held in Virginia City. To the delight of residents, the San Francisco Chronicle reported the event as fact. The following year, actor-director John Houston, in northern Nevada for the filming of The Misfits, heard of the contest and became determined to ride in the &amp;quot;second annual&amp;quot; camel race. Virginia City held an actual competition, Houston won, and the annual camel races grew into a tradition celebrated to this day.&lt;/p&gt;\n&lt;/div&gt;", "gildings": {}, "collapsed_reason": null, "associated_award": null, "stickied": false, "author_premium": false, "subreddit_type": "public", "can_gild": true, "subreddit": "AskHistorians", "author_flair_text_color": "light", "score_hidden": false, "permalink": "/r/AskHistorians/comments/5roc5b/why_didnt_european_settlers_bring_camels_to_the/dd9cz6t/", "num_reports": null, "locked": false, "name": "t1_dd9cz6t", "created": 1486110299.0, "author_flair_text": "Mod Emeritus | American West | European Folklore", "treatment_tags": [], "created_utc": 1486081499.0, "subreddit_name_prefixed": "r/AskHistorians", "controversiality": 0, "depth": 0, "author_flair_background_color": "#003399", "collapsed_because_crowd_control": null, "mod_reports": [], "mod_note": null, "distinguished": null}}], "after": null, "before": null}}]