[{"kind": "Listing", "data": {"modhash": "", "dist": 1, "children": [{"kind": "t3", "data": {"approved_at_utc": null, "subreddit": "AskHistorians", "selftext": "Specifically, I'm interested in punishments. Could the owner have a slave killed as punishment for any perceived wrongdoing? Was it possible for the owner to sentence the slave to some gruesome form of death (skinning, imapling), if the owner had sadistic inclinations?", "user_reports": [], "saved": false, "mod_reason_title": null, "gilded": 0, "clicked": false, "title": "How much power did slave owners have over their slaves in the antebellum US?", "link_flair_richtext": [], "subreddit_name_prefixed": "r/AskHistorians", "hidden": false, "pwls": 6, "link_flair_css_class": null, "downs": 0, "parent_whitelist_status": "all_ads", "hide_score": false, "name": "t3_5roqbc", "quarantine": false, "link_flair_text_color": "dark", "upvote_ratio": 0.6, "author_flair_background_color": "#006600", "subreddit_type": "public", "ups": 1, "total_awards_received": 0, "media_embed": {}, "author_flair_template_id": "86beef9a-c626-11e2-ad9b-12313d18884c", "is_original_content": false, "author_fullname": "t2_l8kfc", "secure_media": null, "is_reddit_media_domain": false, "is_meta": false, "category": null, "secure_media_embed": {}, "link_flair_text": null, "can_mod_post": false, "num_duplicates": 0, "approved_by": null, "author_premium": false, "thumbnail": "", "edited": false, "author_flair_css_class": null, "author_flair_richtext": [{"e": "text", "t": "Cold War Aviation"}], "gildings": {}, "content_categories": null, "is_self": true, "mod_note": null, "created": 1486091111.0, "link_flair_type": "text", "wls": 6, "removed_by_category": null, "banned_by": null, "author_flair_type": "richtext", "domain": "self.AskHistorians", "allow_live_comments": false, "selftext_html": "&lt;!-- SC_OFF --&gt;&lt;div class=\"md\"&gt;&lt;p&gt;Specifically, I&amp;#39;m interested in punishments. Could the owner have a slave killed as punishment for any perceived wrongdoing? Was it possible for the owner to sentence the slave to some gruesome form of death (skinning, imapling), if the owner had sadistic inclinations?&lt;/p&gt;\n&lt;/div&gt;&lt;!-- SC_ON --&gt;", "likes": null, "suggested_sort": null, "banned_at_utc": null, "view_count": null, "archived": true, "score": 1, "no_follow": true, "is_crosspostable": false, "pinned": false, "over_18": false, "all_awardings": [], "awarders": [], "media_only": false, "can_gild": false, "spoiler": false, "locked": false, "author_flair_text": "Cold War Aviation", "treatment_tags": [], "visited": false, "removed_by": null, "num_reports": null, "distinguished": null, "subreddit_id": "t5_2ssp3", "mod_reason_by": null, "removal_reason": null, "link_flair_background_color": "", "id": "5roqbc", "is_robot_indexable": true, "report_reasons": null, "author": "tlumacz", "discussion_type": null, "num_comments": 3, "send_replies": true, "media": null, "contest_mode": false, "author_patreon_flair": false, "author_flair_text_color": "light", "permalink": "/r/AskHistorians/comments/5roqbc/how_much_power_did_slave_owners_have_over_their/", "whitelist_status": "all_ads", "stickied": false, "url": "https://www.reddit.com/r/AskHistorians/comments/5roqbc/how_much_power_did_slave_owners_have_over_their/", "subreddit_subscribers": 1160743, "created_utc": 1486062311.0, "num_crossposts": 0, "mod_reports": [], "is_video": false}}], "after": null, "before": null}}, {"kind": "Listing", "data": {"modhash": "", "dist": null, "children": [{"kind": "t1", "data": {"total_awards_received": 0, "approved_at_utc": null, "ups": 1, "awarders": [], "mod_reason_by": null, "banned_by": null, "author_flair_type": "text", "removal_reason": null, "link_id": "t3_5roqbc", "author_flair_template_id": null, "likes": null, "replies": {"kind": "Listing", "data": {"modhash": "", "dist": null, "children": [{"kind": "t1", "data": {"total_awards_received": 0, "approved_at_utc": null, "ups": 1, "awarders": [], "mod_reason_by": null, "banned_by": null, "author_flair_type": "richtext", "removal_reason": null, "link_id": "t3_5roqbc", "author_flair_template_id": "86beef9a-c626-11e2-ad9b-12313d18884c", "likes": null, "replies": {"kind": "Listing", "data": {"modhash": "", "dist": null, "children": [{"kind": "t1", "data": {"total_awards_received": 0, "approved_at_utc": null, "ups": 1, "awarders": [], "mod_reason_by": null, "banned_by": null, "author_flair_type": "text", "removal_reason": null, "link_id": "t3_5roqbc", "author_flair_template_id": null, "likes": null, "replies": "", "user_reports": [], "saved": false, "id": "dd9zytr", "banned_at_utc": null, "mod_reason_title": null, "gilded": 0, "archived": true, "no_follow": true, "author": "Oridious", "can_mod_post": false, "created_utc": 1486125485.0, "send_replies": true, "parent_id": "t1_dd9zw10", "score": 1, "author_fullname": "t2_14pnwe", "report_reasons": null, "approved_by": null, "all_awardings": [], "subreddit_id": "t5_2ssp3", "body": "There was no law against being mindlessly cruel to property. Slaves weren't considered to be human, they were objects under the law.", "edited": 1486206149.0, "author_flair_css_class": null, "is_submitter": false, "downs": 0, "author_flair_richtext": [], "author_patreon_flair": false, "body_html": "&lt;div class=\"md\"&gt;&lt;p&gt;There was no law against being mindlessly cruel to property. Slaves weren&amp;#39;t considered to be human, they were objects under the law.&lt;/p&gt;\n&lt;/div&gt;", "gildings": {}, "collapsed_reason": null, "associated_award": null, "stickied": false, "author_premium": false, "subreddit_type": "public", "can_gild": true, "subreddit": "AskHistorians", "author_flair_text_color": null, "score_hidden": false, "permalink": "/r/AskHistorians/comments/5roqbc/how_much_power_did_slave_owners_have_over_their/dd9zytr/", "num_reports": null, "locked": false, "name": "t1_dd9zytr", "created": 1486154285.0, "author_flair_text": null, "treatment_tags": [], "collapsed": false, "subreddit_name_prefixed": "r/AskHistorians", "controversiality": 0, "depth": 2, "author_flair_background_color": null, "collapsed_because_crowd_control": null, "mod_reports": [], "mod_note": null, "distinguished": null}}], "after": null, "before": null}}, "user_reports": [], "saved": false, "id": "dd9zw10", "banned_at_utc": null, "mod_reason_title": null, "gilded": 0, "archived": true, "no_follow": true, "author": "tlumacz", "can_mod_post": false, "send_replies": true, "parent_id": "t1_dd9ze48", "score": 1, "author_fullname": "t2_l8kfc", "report_reasons": null, "approved_by": null, "all_awardings": [], "subreddit_id": "t5_2ssp3", "collapsed": false, "body": "Yes, I understand. It could be a motivation for escapes and mutinies. I was just wondering if there was anything against the law in being mindlessly cruel towards a slave.", "edited": false, "author_flair_css_class": null, "is_submitter": true, "downs": 0, "author_flair_richtext": [{"e": "text", "t": "Cold War Aviation"}], "author_patreon_flair": false, "body_html": "&lt;div class=\"md\"&gt;&lt;p&gt;Yes, I understand. It could be a motivation for escapes and mutinies. I was just wondering if there was anything against the law in being mindlessly cruel towards a slave.&lt;/p&gt;\n&lt;/div&gt;", "gildings": {}, "collapsed_reason": null, "associated_award": null, "stickied": false, "author_premium": false, "subreddit_type": "public", "can_gild": true, "subreddit": "AskHistorians", "author_flair_text_color": "light", "score_hidden": false, "permalink": "/r/AskHistorians/comments/5roqbc/how_much_power_did_slave_owners_have_over_their/dd9zw10/", "num_reports": null, "locked": false, "name": "t1_dd9zw10", "created": 1486154113.0, "author_flair_text": "Cold War Aviation", "treatment_tags": [], "created_utc": 1486125313.0, "subreddit_name_prefixed": "r/AskHistorians", "controversiality": 0, "depth": 1, "author_flair_background_color": "#006600", "collapsed_because_crowd_control": null, "mod_reports": [], "mod_note": null, "distinguished": null}}], "after": null, "before": null}}, "user_reports": [], "saved": false, "id": "dd9ze48", "banned_at_utc": null, "mod_reason_title": null, "gilded": 0, "archived": true, "no_follow": true, "author": "Oridious", "can_mod_post": false, "send_replies": true, "parent_id": "t3_5roqbc", "score": 1, "author_fullname": "t2_14pnwe", "report_reasons": null, "approved_by": null, "all_awardings": [], "subreddit_id": "t5_2ssp3", "body": "The slave owner had the same right over his slave as he did a piece of his property, i.e any inanimate object in his house. The very existence of slaves was abhorrent, however slaves were essentially business commodities and they were not cheap. Therefore, fatal punishments and tortures were not in the best interests of the slave owner. \n\nEdit: Yes, the slave owner could do what he pleased with his slave, but killing them was not necessarily a good move on their part.", "edited": false, "downs": 0, "author_flair_css_class": null, "is_submitter": false, "collapsed": false, "author_flair_richtext": [], "author_patreon_flair": false, "body_html": "&lt;div class=\"md\"&gt;&lt;p&gt;The slave owner had the same right over his slave as he did a piece of his property, i.e any inanimate object in his house. The very existence of slaves was abhorrent, however slaves were essentially business commodities and they were not cheap. Therefore, fatal punishments and tortures were not in the best interests of the slave owner. &lt;/p&gt;\n\n&lt;p&gt;Edit: Yes, the slave owner could do what he pleased with his slave, but killing them was not necessarily a good move on their part.&lt;/p&gt;\n&lt;/div&gt;", "gildings": {}, "collapsed_reason": null, "associated_award": null, "stickied": false, "author_premium": false, "subreddit_type": "public", "can_gild": true, "subreddit": "AskHistorians", "author_flair_text_color": null, "score_hidden": false, "permalink": "/r/AskHistorians/comments/5roqbc/how_much_power_did_slave_owners_have_over_their/dd9ze48/", "num_reports": null, "locked": false, "name": "t1_dd9ze48", "created": 1486152955.0, "author_flair_text": null, "treatment_tags": [], "created_utc": 1486124155.0, "subreddit_name_prefixed": "r/AskHistorians", "controversiality": 0, "depth": 0, "author_flair_background_color": null, "collapsed_because_crowd_control": null, "mod_reports": [], "mod_note": null, "distinguished": null}}], "after": null, "before": null}}]