[{"kind": "Listing", "data": {"modhash": "", "dist": 1, "children": [{"kind": "t3", "data": {"subreddit_id": "t5_2ssp3", "approved_at_utc": null, "send_replies": true, "mod_reason_by": null, "banned_by": null, "removal_reason": null, "wls": 6, "subreddit": "AskHistorians", "selftext_html": "&lt;!-- SC_OFF --&gt;&lt;div class=\"md\"&gt;&lt;p&gt;I know this is not a direct historical question, but I am trying to study Mao and many of his biographies have the description of &amp;quot;people who have never talked before&amp;quot; and &amp;quot;the real truth behind (every notable event in his life).&amp;quot; &lt;/p&gt;\n\n&lt;p&gt;There can&amp;#39;t be that many reputable people who have never talked before and the real truth must lie somewhere. So I am asking, what is the best objective truth biography of Mao Zedong?&lt;/p&gt;\n&lt;/div&gt;&lt;!-- SC_ON --&gt;", "author_flair_template_id": null, "selftext": "I know this is not a direct historical question, but I am trying to study Mao and many of his biographies have the description of \"people who have never talked before\" and \"the real truth behind (every notable event in his life).\" \n\nThere can't be that many reputable people who have never talked before and the real truth must lie somewhere. So I am asking, what is the best objective truth biography of Mao Zedong?", "likes": null, "suggested_sort": null, "mod_note": null, "user_reports": [], "secure_media": null, "is_reddit_media_domain": false, "saved": false, "id": "6qzr8a", "banned_at_utc": null, "mod_reason_title": null, "view_count": null, "archived": true, "clicked": false, "no_follow": true, "author": "shenry1313", "num_crossposts": 0, "link_flair_text": null, "can_mod_post": false, "is_crosspostable": false, "pinned": false, "score": 1, "approved_by": null, "over_18": false, "domain": "self.AskHistorians", "hidden": false, "pwls": 6, "thumbnail": "", "hide_score": false, "edited": false, "link_flair_css_class": null, "media_only": false, "author_flair_css_class": null, "contest_mode": false, "gilded": 0, "title": "What is the best Mao biography?", "downs": 0, "secure_media_embed": {}, "media_embed": {}, "author_flair_text": null, "stickied": false, "can_gild": false, "is_self": true, "parent_whitelist_status": "all_ads", "name": "t3_6qzr8a", "spoiler": false, "permalink": "/r/AskHistorians/comments/6qzr8a/what_is_the_best_mao_biography/", "subreddit_type": "public", "locked": false, "report_reasons": null, "created": 1501654625.0, "url": "https://www.reddit.com/r/AskHistorians/comments/6qzr8a/what_is_the_best_mao_biography/", "whitelist_status": "all_ads", "quarantine": false, "subreddit_subscribers": 759243, "created_utc": 1501625825.0, "subreddit_name_prefixed": "r/AskHistorians", "distinguished": null, "media": null, "num_comments": 0, "upvote_ratio": 0.67, "mod_reports": [], "visited": false, "num_reports": null, "is_video": false, "ups": 1, "post_categories": null}}], "after": null, "before": null}}, {"kind": "Listing", "data": {"modhash": "", "dist": null, "children": [], "after": null, "before": null}}]