[{"kind": "Listing", "data": {"modhash": "", "dist": 1, "children": [{"kind": "t3", "data": {"subreddit_id": "t5_2ssp3", "approved_at_utc": null, "send_replies": true, "mod_reason_by": null, "banned_by": null, "removal_reason": null, "wls": 6, "subreddit": "AskHistorians", "selftext_html": "&lt;!-- SC_OFF --&gt;&lt;div class=\"md\"&gt;&lt;p&gt;I&amp;#39;m known within my family as that guy who knows a lot about stuff and the other day an uncle of mine, who&amp;#39;s a huge racist (We&amp;#39;re basically the cliche redneck farmers from a small rural town so that&amp;#39;s that...), asked me if Africa (He was clearly talking about Sub-Saharan Africa) even had civilizations and &amp;quot;countries&amp;quot; and &amp;quot;castles&amp;quot; before Europeans came around.&lt;/p&gt;\n\n&lt;p&gt;Since I&amp;#39;m more of a European history guy I didn&amp;#39;t actually know what to answer and I basically just said &amp;quot;I know there were, but I don&amp;#39;t their name and their history and stuff&amp;quot;. Anyone can give me info? Pictures would be nice, if possible&lt;/p&gt;\n&lt;/div&gt;&lt;!-- SC_ON --&gt;", "author_flair_template_id": null, "selftext": "I'm known within my family as that guy who knows a lot about stuff and the other day an uncle of mine, who's a huge racist (We're basically the cliche redneck farmers from a small rural town so that's that...), asked me if Africa (He was clearly talking about Sub-Saharan Africa) even had civilizations and \"countries\" and \"castles\" before Europeans came around.\n\nSince I'm more of a European history guy I didn't actually know what to answer and I basically just said \"I know there were, but I don't their name and their history and stuff\". Anyone can give me info? Pictures would be nice, if possible", "likes": null, "suggested_sort": null, "mod_note": null, "user_reports": [], "secure_media": null, "is_reddit_media_domain": false, "saved": false, "id": "6r2rjg", "banned_at_utc": null, "mod_reason_title": null, "view_count": null, "archived": true, "clicked": false, "no_follow": false, "author": "[deleted]", "num_crossposts": 0, "link_flair_text": null, "can_mod_post": false, "is_crosspostable": false, "pinned": false, "score": 14, "approved_by": null, "over_18": false, "domain": "self.AskHistorians", "hidden": false, "pwls": 6, "thumbnail": "", "hide_score": false, "edited": false, "link_flair_css_class": null, "media_only": false, "author_flair_css_class": null, "contest_mode": false, "gilded": 0, "title": "Can someone tell me about Sub-Saharan African history before Europeans came around and \"brought civilization\"?", "downs": 0, "secure_media_embed": {}, "media_embed": {}, "author_flair_text": null, "stickied": false, "can_gild": false, "is_self": true, "parent_whitelist_status": "all_ads", "name": "t3_6r2rjg", "spoiler": false, "permalink": "/r/AskHistorians/comments/6r2rjg/can_someone_tell_me_about_subsaharan_african/", "subreddit_type": "public", "locked": false, "report_reasons": null, "created": 1501690369.0, "url": "https://www.reddit.com/r/AskHistorians/comments/6r2rjg/can_someone_tell_me_about_subsaharan_african/", "whitelist_status": "all_ads", "quarantine": false, "subreddit_subscribers": 759243, "created_utc": 1501661569.0, "subreddit_name_prefixed": "r/AskHistorians", "distinguished": null, "media": null, "num_comments": 4, "upvote_ratio": 0.94, "mod_reports": [], "visited": false, "num_reports": null, "is_video": false, "ups": 14, "post_categories": null}}], "after": null, "before": null}}, {"kind": "Listing", "data": {"modhash": "", "dist": null, "children": [{"kind": "t1", "data": {"subreddit_id": "t5_2ssp3", "approved_at_utc": null, "ups": 1, "mod_reason_by": null, "banned_by": null, "removal_reason": null, "link_id": "t3_6r2rjg", "author_flair_template_id": null, "likes": null, "no_follow": true, "replies": "", "user_reports": [], "saved": false, "id": "dl2tkms", "banned_at_utc": null, "mod_reason_title": null, "gilded": 0, "archived": true, "report_reasons": null, "author": "[deleted]", "can_mod_post": false, "send_replies": true, "parent_id": "t3_6r2rjg", "score": 1, "approved_by": null, "downs": 0, "body": "[removed]", "edited": false, "author_flair_css_class": null, "collapsed": false, "is_submitter": false, "collapsed_reason": null, "body_html": "&lt;div class=\"md\"&gt;&lt;p&gt;[removed]&lt;/p&gt;\n&lt;/div&gt;", "subreddit_type": "public", "can_gild": true, "subreddit": "AskHistorians", "name": "t1_dl2tkms", "score_hidden": false, "permalink": "/r/AskHistorians/comments/6r2rjg/can_someone_tell_me_about_subsaharan_african/dl2tkms/", "num_reports": null, "stickied": false, "created": 1501735221.0, "author_flair_text": null, "created_utc": 1501706421.0, "subreddit_name_prefixed": "r/AskHistorians", "controversiality": 0, "depth": 0, "mod_reports": [], "mod_note": null, "distinguished": null}}, {"kind": "t1", "data": {"subreddit_id": "t5_2ssp3", "approved_at_utc": null, "ups": 1, "mod_reason_by": null, "banned_by": null, "removal_reason": null, "link_id": "t3_6r2rjg", "author_flair_template_id": null, "likes": null, "no_follow": true, "replies": {"kind": "Listing", "data": {"modhash": "", "dist": null, "children": [{"kind": "t1", "data": {"subreddit_id": "t5_2ssp3", "approved_at_utc": null, "ups": 1, "mod_reason_by": null, "banned_by": null, "removal_reason": null, "link_id": "t3_6r2rjg", "author_flair_template_id": null, "likes": null, "no_follow": true, "replies": "", "user_reports": [], "saved": false, "id": "dl3aqdt", "banned_at_utc": null, "mod_reason_title": null, "gilded": 0, "archived": true, "report_reasons": null, "author": "chocolatepot", "can_mod_post": false, "send_replies": true, "parent_id": "t1_dl375na", "score": 1, "approved_by": null, "downs": 0, "body": "I'm sorry, but this is not an acceptable basis for an answer in this subreddit, so I have had to remove your comment. In the future, please keep in mind our subreddit rules, [specifically what we are looking for in an answer](http://www.reddit.com/r/AskHistorians/wiki/rules#wiki_write_an_in-depth_answer), before attempting to tackle a question here. For further discussion on how sourcing works in this subreddit, please [consult this thread](https://www.reddit.com/r/AskHistorians/comments/3wn71y/rules_roundtable_1_explaining_the_rules_about/). Thank you!", "edited": false, "author_flair_css_class": "moderator", "collapsed": false, "is_submitter": false, "collapsed_reason": null, "body_html": "&lt;div class=\"md\"&gt;&lt;p&gt;I&amp;#39;m sorry, but this is not an acceptable basis for an answer in this subreddit, so I have had to remove your comment. In the future, please keep in mind our subreddit rules, &lt;a href=\"http://www.reddit.com/r/AskHistorians/wiki/rules#wiki_write_an_in-depth_answer\"&gt;specifically what we are looking for in an answer&lt;/a&gt;, before attempting to tackle a question here. For further discussion on how sourcing works in this subreddit, please &lt;a href=\"https://www.reddit.com/r/AskHistorians/comments/3wn71y/rules_roundtable_1_explaining_the_rules_about/\"&gt;consult this thread&lt;/a&gt;. Thank you!&lt;/p&gt;\n&lt;/div&gt;", "subreddit_type": "public", "can_gild": true, "subreddit": "AskHistorians", "name": "t1_dl3aqdt", "score_hidden": false, "permalink": "/r/AskHistorians/comments/6r2rjg/can_someone_tell_me_about_subsaharan_african/dl3aqdt/", "num_reports": null, "stickied": false, "created": 1501754740.0, "author_flair_text": "Moderator | History of Western Fashion", "created_utc": 1501725940.0, "subreddit_name_prefixed": "r/AskHistorians", "controversiality": 0, "depth": 1, "mod_reports": [], "mod_note": null, "distinguished": "moderator"}}], "after": null, "before": null}}, "user_reports": [], "saved": false, "id": "dl375na", "banned_at_utc": null, "mod_reason_title": null, "gilded": 0, "archived": true, "report_reasons": null, "author": "[deleted]", "can_mod_post": false, "send_replies": true, "parent_id": "t3_6r2rjg", "score": 1, "approved_by": null, "downs": 0, "body": "[removed]", "edited": 1501721991.0, "author_flair_css_class": null, "collapsed": false, "is_submitter": false, "collapsed_reason": null, "body_html": "&lt;div class=\"md\"&gt;&lt;p&gt;[removed]&lt;/p&gt;\n&lt;/div&gt;", "subreddit_type": "public", "can_gild": true, "subreddit": "AskHistorians", "name": "t1_dl375na", "score_hidden": false, "permalink": "/r/AskHistorians/comments/6r2rjg/can_someone_tell_me_about_subsaharan_african/dl375na/", "num_reports": null, "stickied": false, "created": 1501750178.0, "author_flair_text": null, "created_utc": 1501721378.0, "subreddit_name_prefixed": "r/AskHistorians", "controversiality": 0, "depth": 0, "mod_reports": [], "mod_note": null, "distinguished": null}}], "after": null, "before": null}}]