[{"kind": "Listing", "data": {"modhash": "", "dist": 1, "children": [{"kind": "t3", "data": {"subreddit_id": "t5_2ssp3", "approved_at_utc": null, "send_replies": true, "mod_reason_by": null, "banned_by": null, "removal_reason": null, "wls": 6, "subreddit": "AskHistorians", "selftext_html": "&lt;!-- SC_OFF --&gt;&lt;div class=\"md\"&gt;&lt;p&gt;What sorts of agricultural practices could make this possible? Did illiterate peasants know about the selective breeding of cereals?&lt;/p&gt;\n&lt;/div&gt;&lt;!-- SC_ON --&gt;", "author_flair_template_id": null, "selftext": "What sorts of agricultural practices could make this possible? Did illiterate peasants know about the selective breeding of cereals?", "likes": null, "suggested_sort": null, "mod_note": null, "user_reports": [], "secure_media": null, "is_reddit_media_domain": false, "saved": false, "id": "6r3j41", "banned_at_utc": null, "mod_reason_title": null, "view_count": null, "archived": true, "clicked": false, "no_follow": false, "author": "KalaiProvenheim", "num_crossposts": 0, "link_flair_text": null, "can_mod_post": false, "is_crosspostable": false, "pinned": false, "score": 47, "approved_by": null, "over_18": false, "domain": "self.AskHistorians", "hidden": false, "pwls": 6, "thumbnail": "", "hide_score": false, "edited": false, "link_flair_css_class": null, "media_only": false, "author_flair_css_class": null, "contest_mode": false, "gilded": 0, "title": "I'm a farmer living in Egypt, Anatolia, the Levant, Mesopotamia, or Iran in the High Middle ages and I want to increase my yields so that I could feed as many of my family well with the least amount of land possible and sell any surplus after paying my taxes, how could this be done?", "downs": 0, "secure_media_embed": {}, "media_embed": {}, "author_flair_text": null, "stickied": false, "can_gild": false, "is_self": true, "parent_whitelist_status": "all_ads", "name": "t3_6r3j41", "spoiler": false, "permalink": "/r/AskHistorians/comments/6r3j41/im_a_farmer_living_in_egypt_anatolia_the_levant/", "subreddit_type": "public", "locked": false, "report_reasons": null, "created": 1501702205.0, "url": "https://www.reddit.com/r/AskHistorians/comments/6r3j41/im_a_farmer_living_in_egypt_anatolia_the_levant/", "whitelist_status": "all_ads", "quarantine": false, "subreddit_subscribers": 759243, "created_utc": 1501673405.0, "subreddit_name_prefixed": "r/AskHistorians", "distinguished": null, "media": null, "num_comments": 0, "upvote_ratio": 0.84, "mod_reports": [], "visited": false, "num_reports": null, "is_video": false, "ups": 47, "post_categories": null}}], "after": null, "before": null}}, {"kind": "Listing", "data": {"modhash": "", "dist": null, "children": [], "after": null, "before": null}}]