[{"kind": "Listing", "data": {"modhash": "", "dist": 1, "children": [{"kind": "t3", "data": {"subreddit_id": "t5_2ssp3", "approved_at_utc": null, "send_replies": true, "mod_reason_by": null, "banned_by": null, "removal_reason": null, "wls": 6, "subreddit": "AskHistorians", "selftext_html": "&lt;!-- SC_OFF --&gt;&lt;div class=\"md\"&gt;&lt;p&gt;Hello historians! good morning, I was curious and wanted to ask something regarding the Ottoman Empire. More specifically, the Syrians who were once governed by the Ottoman Empire. If you were to go to your average Syrian and ask them how do they see the Ottoman Empire, would there response be positive? or negative and why? &lt;/p&gt;\n\n&lt;p&gt;Thanks and have a gooday. &lt;/p&gt;\n&lt;/div&gt;&lt;!-- SC_ON --&gt;", "author_flair_template_id": null, "selftext": "Hello historians! good morning, I was curious and wanted to ask something regarding the Ottoman Empire. More specifically, the Syrians who were once governed by the Ottoman Empire. If you were to go to your average Syrian and ask them how do they see the Ottoman Empire, would there response be positive? or negative and why? \n\nThanks and have a gooday. \n", "likes": null, "suggested_sort": null, "mod_note": null, "user_reports": [], "secure_media": null, "is_reddit_media_domain": false, "saved": false, "id": "6r3w4j", "banned_at_utc": null, "mod_reason_title": null, "view_count": null, "archived": true, "clicked": false, "no_follow": false, "author": "kervinjacque", "num_crossposts": 0, "link_flair_text": null, "can_mod_post": false, "is_crosspostable": false, "pinned": false, "score": 13, "approved_by": null, "over_18": false, "domain": "self.AskHistorians", "hidden": false, "pwls": 6, "thumbnail": "", "hide_score": false, "edited": false, "link_flair_css_class": null, "media_only": false, "author_flair_css_class": null, "contest_mode": false, "gilded": 0, "title": "How do Syrians/Iraq's/Arabs see the Ottoman Empire?", "downs": 0, "secure_media_embed": {}, "media_embed": {}, "author_flair_text": null, "stickied": false, "can_gild": false, "is_self": true, "parent_whitelist_status": "all_ads", "name": "t3_6r3w4j", "spoiler": false, "permalink": "/r/AskHistorians/comments/6r3w4j/how_do_syriansiraqsarabs_see_the_ottoman_empire/", "subreddit_type": "public", "locked": false, "report_reasons": null, "created": 1501706476.0, "url": "https://www.reddit.com/r/AskHistorians/comments/6r3w4j/how_do_syriansiraqsarabs_see_the_ottoman_empire/", "whitelist_status": "all_ads", "quarantine": false, "subreddit_subscribers": 759243, "created_utc": 1501677676.0, "subreddit_name_prefixed": "r/AskHistorians", "distinguished": null, "media": null, "num_comments": 0, "upvote_ratio": 0.74, "mod_reports": [], "visited": false, "num_reports": null, "is_video": false, "ups": 13, "post_categories": null}}], "after": null, "before": null}}, {"kind": "Listing", "data": {"modhash": "", "dist": null, "children": [], "after": null, "before": null}}]