[{"kind": "Listing", "data": {"modhash": "", "dist": 1, "children": [{"kind": "t3", "data": {"subreddit_id": "t5_2ssp3", "approved_at_utc": null, "send_replies": true, "mod_reason_by": null, "banned_by": null, "removal_reason": null, "wls": 6, "subreddit": "AskHistorians", "selftext_html": "&lt;!-- SC_OFF --&gt;&lt;div class=\"md\"&gt;&lt;p&gt;Most of the European cathedrals and palaces I&amp;#39;ve visited boast a collection of holy relics, mostly the bones of saints, acquired during the Middle Ages and the Renaissance. Given the high demand (and value) created by kings and clergy, it seems like a tempting opportunity for an apt conman to sell a few phony bones. How was authenticity verified during those eras, especially for martyrs who were executed centuries earlier in distant countries? Was there an official church process for finding/exhuming saintly bodies, or were they typically acquired through more nefarious means? Some saints seem to have been divided between multiple locations (a head in one cathedral, a hand in another, etc.); was this a product of the marketplace and international politics or was the practice encouraged and overseen by the church? Lastly, in cases of disputed authenticity, how was the matter resolved and what were the repercussions? &lt;/p&gt;\n&lt;/div&gt;&lt;!-- SC_ON --&gt;", "author_flair_template_id": null, "selftext": "Most of the European cathedrals and palaces I've visited boast a collection of holy relics, mostly the bones of saints, acquired during the Middle Ages and the Renaissance. Given the high demand (and value) created by kings and clergy, it seems like a tempting opportunity for an apt conman to sell a few phony bones. How was authenticity verified during those eras, especially for martyrs who were executed centuries earlier in distant countries? Was there an official church process for finding/exhuming saintly bodies, or were they typically acquired through more nefarious means? Some saints seem to have been divided between multiple locations (a head in one cathedral, a hand in another, etc.); was this a product of the marketplace and international politics or was the practice encouraged and overseen by the church? Lastly, in cases of disputed authenticity, how was the matter resolved and what were the repercussions? \n\n", "likes": null, "suggested_sort": null, "mod_note": null, "user_reports": [], "secure_media": null, "is_reddit_media_domain": false, "saved": false, "id": "6r7dk7", "banned_at_utc": null, "mod_reason_title": null, "view_count": null, "archived": true, "clicked": false, "no_follow": true, "author": "majormarvy", "num_crossposts": 0, "link_flair_text": null, "can_mod_post": false, "is_crosspostable": false, "pinned": false, "score": 7, "approved_by": null, "over_18": false, "domain": "self.AskHistorians", "hidden": false, "pwls": 6, "thumbnail": "", "hide_score": false, "edited": false, "link_flair_css_class": null, "media_only": false, "author_flair_css_class": null, "contest_mode": false, "gilded": 0, "title": "How were holy relics authenticated during the Middle Ages and the Renaissance?", "downs": 0, "secure_media_embed": {}, "media_embed": {}, "author_flair_text": null, "stickied": false, "can_gild": false, "is_self": true, "parent_whitelist_status": "all_ads", "name": "t3_6r7dk7", "spoiler": false, "permalink": "/r/AskHistorians/comments/6r7dk7/how_were_holy_relics_authenticated_during_the/", "subreddit_type": "public", "locked": false, "report_reasons": null, "created": 1501737085.0, "url": "https://www.reddit.com/r/AskHistorians/comments/6r7dk7/how_were_holy_relics_authenticated_during_the/", "whitelist_status": "all_ads", "quarantine": false, "subreddit_subscribers": 759243, "created_utc": 1501708285.0, "subreddit_name_prefixed": "r/AskHistorians", "distinguished": null, "media": null, "num_comments": 0, "upvote_ratio": 0.82, "mod_reports": [], "visited": false, "num_reports": null, "is_video": false, "ups": 7, "post_categories": null}}], "after": null, "before": null}}, {"kind": "Listing", "data": {"modhash": "", "dist": null, "children": [], "after": null, "before": null}}]