[{"kind": "Listing", "data": {"modhash": "", "dist": 1, "children": [{"kind": "t3", "data": {"subreddit_id": "t5_2ssp3", "approved_at_utc": null, "send_replies": true, "mod_reason_by": null, "banned_by": null, "removal_reason": null, "wls": 6, "subreddit": "AskHistorians", "selftext_html": null, "author_flair_template_id": null, "selftext": "", "likes": null, "suggested_sort": null, "mod_note": null, "user_reports": [], "secure_media": null, "is_reddit_media_domain": false, "saved": false, "id": "6r7f3e", "banned_at_utc": null, "mod_reason_title": null, "view_count": null, "archived": true, "clicked": false, "no_follow": false, "author": "johhny-turbo", "num_crossposts": 0, "link_flair_text": null, "can_mod_post": false, "is_crosspostable": false, "pinned": false, "score": 151, "approved_by": null, "over_18": false, "domain": "self.AskHistorians", "hidden": false, "pwls": 6, "thumbnail": "", "hide_score": false, "edited": false, "link_flair_css_class": null, "media_only": false, "author_flair_css_class": null, "contest_mode": false, "gilded": 0, "title": "\"Catholic Church\" means \"universal church\" and \"Orthodox Church\" means \"correct church\" which sound like traits almost any Christian sect would identify as being \"universal\" and \"correct\". How did these words get associated with Western and Eastern Christian communities?", "downs": 0, "secure_media_embed": {}, "media_embed": {}, "author_flair_text": null, "stickied": false, "can_gild": false, "is_self": true, "parent_whitelist_status": "all_ads", "name": "t3_6r7f3e", "spoiler": false, "permalink": "/r/AskHistorians/comments/6r7f3e/catholic_church_means_universal_church_and/", "subreddit_type": "public", "locked": false, "report_reasons": null, "created": 1501737452.0, "url": "https://www.reddit.com/r/AskHistorians/comments/6r7f3e/catholic_church_means_universal_church_and/", "whitelist_status": "all_ads", "quarantine": false, "subreddit_subscribers": 759243, "created_utc": 1501708652.0, "subreddit_name_prefixed": "r/AskHistorians", "distinguished": null, "media": null, "num_comments": 2, "upvote_ratio": 0.93, "mod_reports": [], "visited": false, "num_reports": null, "is_video": false, "ups": 151, "post_categories": null}}], "after": null, "before": null}}, {"kind": "Listing", "data": {"modhash": "", "dist": null, "children": [{"kind": "t1", "data": {"subreddit_id": "t5_2ssp3", "approved_at_utc": null, "ups": 2, "mod_reason_by": null, "banned_by": null, "removal_reason": null, "link_id": "t3_6r7f3e", "author_flair_template_id": null, "likes": null, "no_follow": true, "replies": "", "user_reports": [], "saved": false, "id": "dl4edj7", "banned_at_utc": null, "mod_reason_title": null, "gilded": 0, "archived": true, "report_reasons": null, "author": "The_Manchurian", "can_mod_post": false, "send_replies": true, "parent_id": "t3_6r7f3e", "score": 2, "approved_by": null, "downs": 0, "body": "As a follow-up question, when did these words get associated (in English, anyway) with Western and Eastern Christian communities?", "edited": false, "author_flair_css_class": "qualitycontributor", "collapsed": false, "is_submitter": false, "collapsed_reason": null, "body_html": "&lt;div class=\"md\"&gt;&lt;p&gt;As a follow-up question, when did these words get associated (in English, anyway) with Western and Eastern Christian communities?&lt;/p&gt;\n&lt;/div&gt;", "subreddit_type": "public", "can_gild": true, "subreddit": "AskHistorians", "name": "t1_dl4edj7", "score_hidden": false, "permalink": "/r/AskHistorians/comments/6r7f3e/catholic_church_means_universal_church_and/dl4edj7/", "num_reports": null, "stickied": false, "created": 1501814890.0, "author_flair_text": "Interesting Inquirer", "created_utc": 1501786090.0, "subreddit_name_prefixed": "r/AskHistorians", "controversiality": 0, "depth": 0, "mod_reports": [], "mod_note": null, "distinguished": null}}], "after": null, "before": null}}]