[{"kind": "Listing", "data": {"modhash": "", "dist": 1, "children": [{"kind": "t3", "data": {"approved_at_utc": null, "subreddit": "AskHistorians", "selftext": "No offense meant to Theodore, he did a lot for the environment and for preserving nature, and was quite the bad ass human being overall, but from a contemporary viewpoint, standing next to giants of American history, Washington, Jefferson, and Lincoln, he sort of feels a little out of place. Was he more fondly remembered in his time than he is today? Sure he was a fine President, but I'm not sure your average person knows much about him, and I don't recall learning about him in school any more than in passing when learning about the early 20th century pre-WW1. \n\nSo why was Teddy Roosevelt thought of so highly 100 years ago, and why is he remembered less so today?", "user_reports": [], "saved": false, "mod_reason_title": null, "gilded": 0, "clicked": false, "title": "Why is Teddy Roosevelt on Mount Rushmore?", "link_flair_richtext": [], "subreddit_name_prefixed": "r/AskHistorians", "hidden": false, "pwls": 6, "link_flair_css_class": null, "downs": 0, "parent_whitelist_status": "all_ads", "hide_score": false, "name": "t3_6r8d3n", "quarantine": false, "link_flair_text_color": "dark", "upvote_ratio": 0.67, "author_flair_background_color": null, "subreddit_type": "public", "ups": 5, "total_awards_received": 0, "media_embed": {}, "author_flair_template_id": null, "is_original_content": false, "author_fullname": "t2_p0b4o", "secure_media": null, "is_reddit_media_domain": false, "is_meta": false, "category": null, "secure_media_embed": {}, "link_flair_text": null, "can_mod_post": false, "num_duplicates": 0, "approved_by": null, "author_premium": false, "thumbnail": "", "edited": false, "author_flair_css_class": null, "author_flair_richtext": [], "gildings": {}, "content_categories": null, "is_self": true, "mod_note": null, "created": 1501746182.0, "link_flair_type": "text", "wls": 6, "removed_by_category": null, "banned_by": null, "author_flair_type": "text", "domain": "self.AskHistorians", "allow_live_comments": false, "selftext_html": "&lt;!-- SC_OFF --&gt;&lt;div class=\"md\"&gt;&lt;p&gt;No offense meant to Theodore, he did a lot for the environment and for preserving nature, and was quite the bad ass human being overall, but from a contemporary viewpoint, standing next to giants of American history, Washington, Jefferson, and Lincoln, he sort of feels a little out of place. Was he more fondly remembered in his time than he is today? Sure he was a fine President, but I&amp;#39;m not sure your average person knows much about him, and I don&amp;#39;t recall learning about him in school any more than in passing when learning about the early 20th century pre-WW1. &lt;/p&gt;\n\n&lt;p&gt;So why was Teddy Roosevelt thought of so highly 100 years ago, and why is he remembered less so today?&lt;/p&gt;\n&lt;/div&gt;&lt;!-- SC_ON --&gt;", "likes": null, "suggested_sort": null, "banned_at_utc": null, "view_count": null, "archived": true, "score": 5, "no_follow": false, "is_crosspostable": false, "pinned": false, "over_18": false, "all_awardings": [], "awarders": [], "media_only": false, "can_gild": false, "spoiler": false, "locked": false, "author_flair_text": null, "treatment_tags": [], "visited": false, "removed_by": null, "num_reports": null, "distinguished": null, "subreddit_id": "t5_2ssp3", "mod_reason_by": null, "removal_reason": null, "link_flair_background_color": "", "id": "6r8d3n", "is_robot_indexable": true, "report_reasons": null, "author": "spmahn", "discussion_type": null, "num_comments": 1, "send_replies": true, "media": null, "contest_mode": false, "author_patreon_flair": false, "author_flair_text_color": null, "permalink": "/r/AskHistorians/comments/6r8d3n/why_is_teddy_roosevelt_on_mount_rushmore/", "whitelist_status": "all_ads", "stickied": false, "url": "https://www.reddit.com/r/AskHistorians/comments/6r8d3n/why_is_teddy_roosevelt_on_mount_rushmore/", "subreddit_subscribers": 1160777, "created_utc": 1501717382.0, "num_crossposts": 0, "mod_reports": [], "is_video": false}}], "after": null, "before": null}}, {"kind": "Listing", "data": {"modhash": "", "dist": null, "children": [], "after": null, "before": null}}]