[{"kind": "Listing", "data": {"modhash": "", "dist": 1, "children": [{"kind": "t3", "data": {"approved_at_utc": null, "subreddit": "AskHistorians", "selftext": "Currently making a 1:1 recreation of omaha beach in UE4 and I would love to have accurate bunkers. the issue is that a lot of bunkers and their interiors are impossible for me to find. \n\nIs there a site where I can just look up a bunker number or type and find a rough schematic? \n\nPS: if anyone can find info on a bunker on omaha beach that is the: Sk Doppel Schartenstand 5cm KwK bunker with tobruk on charlie sector WN72 please help! Bunker is the first pic. everything after are the casemates: https://imgur.com/a/K5axOfu\n", "user_reports": [], "saved": false, "mod_reason_title": null, "gilded": 0, "clicked": false, "title": "Where can i find every german bunker schematic for the atlantikwall?", "link_flair_richtext": [], "subreddit_name_prefixed": "r/AskHistorians", "hidden": false, "pwls": 6, "link_flair_css_class": null, "downs": 0, "parent_whitelist_status": "all_ads", "hide_score": false, "name": "t3_am8u2z", "quarantine": false, "link_flair_text_color": "dark", "upvote_ratio": 0.74, "author_flair_background_color": null, "subreddit_type": "public", "ups": 5, "domain": "self.AskHistorians", "media_embed": {}, "author_flair_template_id": null, "is_original_content": false, "author_fullname": "t2_kkw4i", "secure_media": null, "is_reddit_media_domain": false, "is_meta": false, "category": null, "secure_media_embed": {}, "link_flair_text": null, "can_mod_post": false, "score": 5, "approved_by": null, "thumbnail": "", "edited": 1549068169.0, "author_flair_css_class": null, "author_flair_richtext": [], "gildings": {"gid_1": 0, "gid_2": 0, "gid_3": 0}, "content_categories": null, "is_self": true, "mod_note": null, "created": 1549067947.0, "link_flair_type": "text", "wls": 6, "banned_by": null, "author_flair_type": "text", "contest_mode": false, "selftext_html": "&lt;!-- SC_OFF --&gt;&lt;div class=\"md\"&gt;&lt;p&gt;Currently making a 1:1 recreation of omaha beach in UE4 and I would love to have accurate bunkers. the issue is that a lot of bunkers and their interiors are impossible for me to find. &lt;/p&gt;\n\n&lt;p&gt;Is there a site where I can just look up a bunker number or type and find a rough schematic? &lt;/p&gt;\n\n&lt;p&gt;PS: if anyone can find info on a bunker on omaha beach that is the: Sk Doppel Schartenstand 5cm KwK bunker with tobruk on charlie sector WN72 please help! Bunker is the first pic. everything after are the casemates: &lt;a href=\"https://imgur.com/a/K5axOfu\"&gt;https://imgur.com/a/K5axOfu&lt;/a&gt;&lt;/p&gt;\n&lt;/div&gt;&lt;!-- SC_ON --&gt;", "likes": null, "suggested_sort": null, "banned_at_utc": null, "view_count": null, "archived": false, "no_follow": true, "is_crosspostable": false, "pinned": false, "over_18": false, "media": null, "media_only": false, "link_flair_template_id": null, "can_gild": false, "spoiler": false, "locked": false, "author_flair_text": null, "visited": false, "num_reports": null, "distinguished": null, "subreddit_id": "t5_2ssp3", "mod_reason_by": null, "removal_reason": null, "link_flair_background_color": "", "id": "am8u2z", "is_robot_indexable": true, "report_reasons": null, "author": "The_AmishElectrician", "num_crossposts": 0, "num_comments": 0, "send_replies": true, "author_patreon_flair": false, "author_flair_text_color": null, "permalink": "/r/AskHistorians/comments/am8u2z/where_can_i_find_every_german_bunker_schematic/", "whitelist_status": "all_ads", "stickied": false, "url": "https://www.reddit.com/r/AskHistorians/comments/am8u2z/where_can_i_find_every_german_bunker_schematic/", "subreddit_subscribers": 921113, "created_utc": 1549067947.0, "mod_reports": [], "is_video": false}}], "after": null, "before": null}}, {"kind": "Listing", "data": {"modhash": "", "dist": null, "children": [], "after": null, "before": null}}]