[{"kind": "Listing", "data": {"modhash": "", "dist": 1, "children": [{"kind": "t3", "data": {"approved_at_utc": null, "subreddit": "AskHistorians", "selftext": "", "user_reports": [], "saved": false, "mod_reason_title": null, "gilded": 0, "clicked": false, "title": "What did ancient people think stars were? Was there a general idea throughout time periods, or were they very different based on civilizations?", "link_flair_richtext": [], "subreddit_name_prefixed": "r/AskHistorians", "hidden": false, "pwls": 6, "link_flair_css_class": null, "downs": 0, "parent_whitelist_status": "all_ads", "hide_score": false, "name": "t3_amd4zn", "quarantine": false, "link_flair_text_color": "dark", "upvote_ratio": 0.95, "author_flair_background_color": null, "subreddit_type": "public", "ups": 746, "domain": "self.AskHistorians", "media_embed": {}, "author_flair_template_id": null, "is_original_content": false, "author_fullname": "t2_t2xb1", "secure_media": null, "is_reddit_media_domain": false, "is_meta": false, "category": null, "secure_media_embed": {}, "link_flair_text": null, "can_mod_post": false, "score": 746, "approved_by": null, "thumbnail": "", "edited": false, "author_flair_css_class": null, "author_flair_richtext": [], "gildings": {"gid_1": 0, "gid_2": 0, "gid_3": 0}, "content_categories": null, "is_self": true, "mod_note": null, "created": 1549105454.0, "link_flair_type": "text", "wls": 6, "banned_by": null, "author_flair_type": "text", "contest_mode": false, "selftext_html": null, "likes": null, "suggested_sort": null, "banned_at_utc": null, "view_count": null, "archived": false, "no_follow": false, "is_crosspostable": false, "pinned": false, "over_18": false, "media": null, "media_only": false, "link_flair_template_id": null, "can_gild": false, "spoiler": false, "locked": false, "author_flair_text": null, "visited": false, "num_reports": null, "distinguished": null, "subreddit_id": "t5_2ssp3", "mod_reason_by": null, "removal_reason": null, "link_flair_background_color": "", "id": "amd4zn", "is_robot_indexable": true, "report_reasons": null, "author": "WateryCartoon", "num_crossposts": 0, "num_comments": 32, "send_replies": true, "author_patreon_flair": false, "author_flair_text_color": null, "permalink": "/r/AskHistorians/comments/amd4zn/what_did_ancient_people_think_stars_were_was/", "whitelist_status": "all_ads", "stickied": false, "url": "https://www.reddit.com/r/AskHistorians/comments/amd4zn/what_did_ancient_people_think_stars_were_was/", "subreddit_subscribers": 921114, "created_utc": 1549105454.0, "mod_reports": [], "is_video": false}}], "after": null, "before": null}}, {"kind": "Listing", "data": {"modhash": "", "dist": null, "children": [{"kind": "t1", "data": {"subreddit_id": "t5_2ssp3", "approved_at_utc": null, "mod_reason_by": null, "banned_by": null, "author_flair_type": "text", "removal_reason": null, "link_id": "t3_amd4zn", "author_flair_template_id": null, "likes": null, "no_follow": false, "replies": {"kind": "Listing", "data": {"modhash": "", "dist": null, "children": [{"kind": "t1", "data": {"subreddit_id": "t5_2ssp3", "approved_at_utc": null, "mod_reason_by": null, "banned_by": null, "author_flair_type": "text", "removal_reason": null, "link_id": "t3_amd4zn", "author_flair_template_id": null, "likes": null, "no_follow": false, "replies": {"kind": "Listing", "data": {"modhash": "", "dist": null, "children": [{"kind": "t1", "data": {"subreddit_id": "t5_2ssp3", "approved_at_utc": null, "mod_reason_by": null, "banned_by": null, "author_flair_type": "text", "removal_reason": null, "link_id": "t3_amd4zn", "author_flair_template_id": null, "likes": null, "no_follow": false, "replies": {"kind": "Listing", "data": {"modhash": "", "dist": null, "children": [{"kind": "t1", "data": {"subreddit_id": "t5_2ssp3", "approved_at_utc": null, "mod_reason_by": null, "banned_by": null, "author_flair_type": "text", "removal_reason": null, "link_id": "t3_amd4zn", "author_flair_template_id": null, "likes": null, "no_follow": false, "replies": "", "user_reports": [], "saved": false, "id": "efm0dsw", "banned_at_utc": null, "mod_reason_title": null, "gilded": 0, "archived": false, "report_reasons": null, "author": "Borgh", "can_mod_post": false, "created_utc": 1549137626.0, "send_replies": true, "parent_id": "t1_eflwx8i", "score": 20, "author_fullname": "t2_5vqc0", "approved_by": null, "controversiality": 0, "body": "For reference: From the [Parthenon in Athens to the site of the Battle of Marathon, is 38,3 km](https://www.google.com/maps/dir/Parthenon,+Athens,+Greece/38%C2%B007%E2%80%B205%E2%80%B3N+23%C2%B058%E2%80%B242%E2%80%B3E/@38.053704,23.7865375,12z/data=!3m1!4b1!4m12!4m11!1m5!1m1!1s0x14a1bd19ca39ee61:0x1b3fa079b878a218!2m2!1d23.7267166!2d37.9715285!1m3!2m2!1d23.9783333!2d38.1180556!3e2) If you ran a that distance in one day, and back again the next, running one light year would take you *677 thousand* years. \n", "edited": false, "author_flair_css_class": null, "is_submitter": false, "downs": 0, "author_flair_richtext": [], "author_patreon_flair": false, "collapsed_reason": null, "body_html": "&lt;div class=\"md\"&gt;&lt;p&gt;For reference: From the &lt;a href=\"https://www.google.com/maps/dir/Parthenon,+Athens,+Greece/38%C2%B007%E2%80%B205%E2%80%B3N+23%C2%B058%E2%80%B242%E2%80%B3E/@38.053704,23.7865375,12z/data=!3m1!4b1!4m12!4m11!1m5!1m1!1s0x14a1bd19ca39ee61:0x1b3fa079b878a218!2m2!1d23.7267166!2d37.9715285!1m3!2m2!1d23.9783333!2d38.1180556!3e2\"&gt;Parthenon in Athens to the site of the Battle of Marathon, is 38,3 km&lt;/a&gt; If you ran a that distance in one day, and back again the next, running one light year would take you &lt;em&gt;677 thousand&lt;/em&gt; years. &lt;/p&gt;\n&lt;/div&gt;", "stickied": false, "subreddit_type": "public", "can_gild": true, "gildings": {"gid_1": 0, "gid_2": 0, "gid_3": 0}, "author_flair_text_color": null, "score_hidden": false, "permalink": "/r/AskHistorians/comments/amd4zn/what_did_ancient_people_think_stars_were_was/efm0dsw/", "num_reports": null, "name": "t1_efm0dsw", "created": 1549137626.0, "subreddit": "AskHistorians", "author_flair_text": null, "collapsed": false, "subreddit_name_prefixed": "r/AskHistorians", "ups": 20, "depth": 3, "author_flair_background_color": null, "mod_reports": [], "mod_note": null, "distinguished": null}}], "after": null, "before": null}}, "user_reports": [], "saved": false, "id": "eflwx8i", "banned_at_utc": null, "mod_reason_title": null, "gilded": 0, "archived": false, "report_reasons": null, "author": "restricteddata", "can_mod_post": false, "created_utc": 1549134853.0, "send_replies": true, "parent_id": "t1_eflnu1h", "score": 45, "author_fullname": "t2_8brve", "approved_by": null, "controversiality": 0, "body": "&gt; While Ptolemy may have been wildly off, not all were. For example, in The Sand Reckoner, Archimedes used a pre-existing model of Aristarchus to conclude the celestial sphere was what we would now call 2 light year away - only half the distance to the closest stars\n\nThat's fascinating. Thanks!\n\n\n&gt; You mention stars on the order of billions of light years not being contemplated, but such objects aren't visible to the naked eye. The vast, vast majority of visible stars are within 10,000 light years, and most are closer.\n\nFair enough! But 10,000 light years is still pretty far away from the perspective of the Ancients and even Early Modern astronomers. Heck, a light year or two is a pretty intense amount of distance to contemplate, if your frame of reference for distance is entirely terrestrial in nature.", "edited": false, "author_flair_css_class": "technology", "is_submitter": false, "downs": 0, "author_flair_richtext": [], "author_patreon_flair": false, "collapsed_reason": null, "body_html": "&lt;div class=\"md\"&gt;&lt;blockquote&gt;\n&lt;p&gt;While Ptolemy may have been wildly off, not all were. For example, in The Sand Reckoner, Archimedes used a pre-existing model of Aristarchus to conclude the celestial sphere was what we would now call 2 light year away - only half the distance to the closest stars&lt;/p&gt;\n&lt;/blockquote&gt;\n\n&lt;p&gt;That&amp;#39;s fascinating. Thanks!&lt;/p&gt;\n\n&lt;blockquote&gt;\n&lt;p&gt;You mention stars on the order of billions of light years not being contemplated, but such objects aren&amp;#39;t visible to the naked eye. The vast, vast majority of visible stars are within 10,000 light years, and most are closer.&lt;/p&gt;\n&lt;/blockquote&gt;\n\n&lt;p&gt;Fair enough! But 10,000 light years is still pretty far away from the perspective of the Ancients and even Early Modern astronomers. Heck, a light year or two is a pretty intense amount of distance to contemplate, if your frame of reference for distance is entirely terrestrial in nature.&lt;/p&gt;\n&lt;/div&gt;", "stickied": false, "subreddit_type": "public", "can_gild": true, "gildings": {"gid_1": 0, "gid_2": 0, "gid_3": 0}, "author_flair_text_color": "dark", "score_hidden": false, "permalink": "/r/AskHistorians/comments/amd4zn/what_did_ancient_people_think_stars_were_was/eflwx8i/", "num_reports": null, "name": "t1_eflwx8i", "created": 1549134853.0, "subreddit": "AskHistorians", "author_flair_text": "Nuclear Technology | Modern Science", "collapsed": false, "subreddit_name_prefixed": "r/AskHistorians", "ups": 45, "depth": 2, "author_flair_background_color": "", "mod_reports": [], "mod_note": null, "distinguished": null}}], "after": null, "before": null}}, "user_reports": [], "saved": false, "id": "eflnu1h", "banned_at_utc": null, "mod_reason_title": null, "gilded": 0, "archived": false, "report_reasons": null, "author": "zelmerszoetrop", "can_mod_post": false, "created_utc": 1549127779.0, "send_replies": true, "parent_id": "t1_eflkfmi", "score": 142, "author_fullname": "t2_4oz6i", "approved_by": null, "controversiality": 0, "body": "This is great but some small notes:\n\n* While Ptolemy may have been wildly off, not all were.  For example, in *The Sand Reckoner*, Archimedes used a pre-existing model of Aristarchus to conclude the celestial sphere was what we would now call 2 light year away - only half the distance to the closest stars\n\n* You mention stars on the order of billions of light years not being contemplated, but such objects aren't visible to the naked eye.  The vast, vast majority of visible stars are within 10,000 light years, and most are closer.", "edited": false, "author_flair_css_class": null, "is_submitter": false, "downs": 0, "author_flair_richtext": [], "author_patreon_flair": false, "collapsed_reason": null, "body_html": "&lt;div class=\"md\"&gt;&lt;p&gt;This is great but some small notes:&lt;/p&gt;\n\n&lt;ul&gt;\n&lt;li&gt;&lt;p&gt;While Ptolemy may have been wildly off, not all were.  For example, in &lt;em&gt;The Sand Reckoner&lt;/em&gt;, Archimedes used a pre-existing model of Aristarchus to conclude the celestial sphere was what we would now call 2 light year away - only half the distance to the closest stars&lt;/p&gt;&lt;/li&gt;\n&lt;li&gt;&lt;p&gt;You mention stars on the order of billions of light years not being contemplated, but such objects aren&amp;#39;t visible to the naked eye.  The vast, vast majority of visible stars are within 10,000 light years, and most are closer.&lt;/p&gt;&lt;/li&gt;\n&lt;/ul&gt;\n&lt;/div&gt;", "stickied": false, "subreddit_type": "public", "can_gild": true, "gildings": {"gid_1": 0, "gid_2": 0, "gid_3": 0}, "author_flair_text_color": null, "score_hidden": false, "permalink": "/r/AskHistorians/comments/amd4zn/what_did_ancient_people_think_stars_were_was/eflnu1h/", "num_reports": null, "name": "t1_eflnu1h", "created": 1549127779.0, "subreddit": "AskHistorians", "author_flair_text": null, "collapsed": false, "subreddit_name_prefixed": "r/AskHistorians", "ups": 142, "depth": 1, "author_flair_background_color": null, "mod_reports": [], "mod_note": null, "distinguished": null}}, {"kind": "t1", "data": {"subreddit_id": "t5_2ssp3", "approved_at_utc": null, "mod_reason_by": null, "banned_by": null, "author_flair_type": "text", "removal_reason": null, "link_id": "t3_amd4zn", "author_flair_template_id": null, "likes": null, "no_follow": false, "replies": "", "user_reports": [], "saved": false, "id": "eflr7h6", "banned_at_utc": null, "mod_reason_title": null, "gilded": 0, "archived": false, "report_reasons": null, "author": "Accidental_Ouroboros", "can_mod_post": false, "created_utc": 1549130385.0, "send_replies": true, "parent_id": "t1_eflkfmi", "score": 41, "author_fullname": "t2_8akiz", "approved_by": null, "controversiality": 0, "body": "&gt; I do not know if the Ancient Greeks recorded any of these (the Ancient Chinese did)\n\nI can say with decent certainty that if the Ancient Greeks did, we are unaware of them or they were not documented in anything we now have access to. The first (apparently) confirmed supernova sighting was indeed by the Chinese in 185 CE, corresponding to [SN 185](https://en.wikipedia.org/wiki/SN_185) (one guess as to why it was named that), for which the link was first found by the [ESA in 2006](http://www.esa.int/Our_Activities/Space_Science/New_evidence_links_stellar_remains_to_oldest_recorded_supernova)\n\nPart of the problem is that there are not a lot (at least that we are aware of) that they could have seen. For instance, the G306.3-0.9 event may have been visible at around 400 BCE, but I stress \"may\" because we can't really be certain it would have been highly noticeable to the naked eye (unlike SN 185). RCW 103 may have popped up somewhere in the first century based on distance, but again, we can't be certain it was visible to the unaided eye. The next is SN 185, and after that we really don't have any information on any others until you hit the next millennium.\n\n&gt; So the fact there are exceptions to the rule did not, in their approach, change their sense of the accuracy of the rule (contrary to how we'd regard anomalies today).\n\nTo give an example: Rather than have a comet be an anomaly or disrupt his view of the heavens as a kind of \"perfect\" thing, Aristotle's explanation was that they were some kind of atmospheric phenomenon, slightly below the celestial sphere.\n\nAristotle's [Meteorology](http://classics.mit.edu/Aristotle/meteorology.1.i.html) is actually pretty interesting regarding the discussion of what The Milky Way is. It also includes small asides discussing what other philosophers have thought about those topics. \n\nPoint being: at least in ancient Greece there didn't tend to be a very good consensus.", "edited": false, "author_flair_css_class": null, "is_submitter": false, "downs": 0, "author_flair_richtext": [], "author_patreon_flair": false, "collapsed_reason": null, "body_html": "&lt;div class=\"md\"&gt;&lt;blockquote&gt;\n&lt;p&gt;I do not know if the Ancient Greeks recorded any of these (the Ancient Chinese did)&lt;/p&gt;\n&lt;/blockquote&gt;\n\n&lt;p&gt;I can say with decent certainty that if the Ancient Greeks did, we are unaware of them or they were not documented in anything we now have access to. The first (apparently) confirmed supernova sighting was indeed by the Chinese in 185 CE, corresponding to &lt;a href=\"https://en.wikipedia.org/wiki/SN_185\"&gt;SN 185&lt;/a&gt; (one guess as to why it was named that), for which the link was first found by the &lt;a href=\"http://www.esa.int/Our_Activities/Space_Science/New_evidence_links_stellar_remains_to_oldest_recorded_supernova\"&gt;ESA in 2006&lt;/a&gt;&lt;/p&gt;\n\n&lt;p&gt;Part of the problem is that there are not a lot (at least that we are aware of) that they could have seen. For instance, the G306.3-0.9 event may have been visible at around 400 BCE, but I stress &amp;quot;may&amp;quot; because we can&amp;#39;t really be certain it would have been highly noticeable to the naked eye (unlike SN 185). RCW 103 may have popped up somewhere in the first century based on distance, but again, we can&amp;#39;t be certain it was visible to the unaided eye. The next is SN 185, and after that we really don&amp;#39;t have any information on any others until you hit the next millennium.&lt;/p&gt;\n\n&lt;blockquote&gt;\n&lt;p&gt;So the fact there are exceptions to the rule did not, in their approach, change their sense of the accuracy of the rule (contrary to how we&amp;#39;d regard anomalies today).&lt;/p&gt;\n&lt;/blockquote&gt;\n\n&lt;p&gt;To give an example: Rather than have a comet be an anomaly or disrupt his view of the heavens as a kind of &amp;quot;perfect&amp;quot; thing, Aristotle&amp;#39;s explanation was that they were some kind of atmospheric phenomenon, slightly below the celestial sphere.&lt;/p&gt;\n\n&lt;p&gt;Aristotle&amp;#39;s &lt;a href=\"http://classics.mit.edu/Aristotle/meteorology.1.i.html\"&gt;Meteorology&lt;/a&gt; is actually pretty interesting regarding the discussion of what The Milky Way is. It also includes small asides discussing what other philosophers have thought about those topics. &lt;/p&gt;\n\n&lt;p&gt;Point being: at least in ancient Greece there didn&amp;#39;t tend to be a very good consensus.&lt;/p&gt;\n&lt;/div&gt;", "stickied": false, "subreddit_type": "public", "can_gild": true, "gildings": {"gid_1": 0, "gid_2": 0, "gid_3": 0}, "author_flair_text_color": null, "score_hidden": false, "permalink": "/r/AskHistorians/comments/amd4zn/what_did_ancient_people_think_stars_were_was/eflr7h6/", "num_reports": null, "name": "t1_eflr7h6", "created": 1549130385.0, "subreddit": "AskHistorians", "author_flair_text": null, "collapsed": false, "subreddit_name_prefixed": "r/AskHistorians", "ups": 41, "depth": 1, "author_flair_background_color": null, "mod_reports": [], "mod_note": null, "distinguished": null}}, {"kind": "t1", "data": {"subreddit_id": "t5_2ssp3", "approved_at_utc": null, "mod_reason_by": null, "banned_by": null, "author_flair_type": "text", "removal_reason": null, "link_id": "t3_amd4zn", "author_flair_template_id": null, "likes": null, "no_follow": false, "replies": {"kind": "Listing", "data": {"modhash": "", "dist": null, "children": [{"kind": "t1", "data": {"subreddit_id": "t5_2ssp3", "approved_at_utc": null, "mod_reason_by": null, "banned_by": null, "author_flair_type": "text", "removal_reason": null, "link_id": "t3_amd4zn", "author_flair_template_id": null, "likes": null, "no_follow": false, "replies": {"kind": "Listing", "data": {"modhash": "", "dist": null, "children": [{"kind": "t1", "data": {"subreddit_id": "t5_2ssp3", "approved_at_utc": null, "mod_reason_by": null, "banned_by": null, "author_flair_type": "text", "removal_reason": null, "link_id": "t3_amd4zn", "author_flair_template_id": null, "likes": null, "no_follow": true, "replies": {"kind": "Listing", "data": {"modhash": "", "dist": null, "children": [{"kind": "t1", "data": {"subreddit_id": "t5_2ssp3", "approved_at_utc": null, "mod_reason_by": null, "banned_by": null, "author_flair_type": "text", "removal_reason": null, "link_id": "t3_amd4zn", "author_flair_template_id": null, "likes": null, "no_follow": false, "replies": "", "user_reports": [], "saved": false, "id": "efm8kb9", "banned_at_utc": null, "mod_reason_title": null, "gilded": 0, "archived": false, "report_reasons": null, "author": "restricteddata", "can_mod_post": false, "created_utc": 1549144315.0, "send_replies": true, "parent_id": "t1_efm78xy", "score": 28, "author_fullname": "t2_8brve", "approved_by": null, "controversiality": 0, "body": "The Ancient Greeks, on a whole, did not think the Earth was flat, but understood it to be round (and actually had a pretty good sense of how large the planet was). So in a sense, the modern flat-Earthers are much worse than the Ancient Greeks, because they are willfully ignorant of many very clear and obvious observations they could make to indicate the roundness. More to the point, the flat-Earthers, unlike the Ancient Greeks, are unwilling to take into account the full arguments and evidence that is available to them\u00a0\u2014 in that sense they are _much_ worse, because they revel in their ignorance (what Archimedes would have done for a satellite!).", "edited": false, "author_flair_css_class": "technology", "is_submitter": false, "downs": 0, "author_flair_richtext": [], "author_patreon_flair": false, "collapsed_reason": null, "body_html": "&lt;div class=\"md\"&gt;&lt;p&gt;The Ancient Greeks, on a whole, did not think the Earth was flat, but understood it to be round (and actually had a pretty good sense of how large the planet was). So in a sense, the modern flat-Earthers are much worse than the Ancient Greeks, because they are willfully ignorant of many very clear and obvious observations they could make to indicate the roundness. More to the point, the flat-Earthers, unlike the Ancient Greeks, are unwilling to take into account the full arguments and evidence that is available to them\u00a0\u2014 in that sense they are &lt;em&gt;much&lt;/em&gt; worse, because they revel in their ignorance (what Archimedes would have done for a satellite!).&lt;/p&gt;\n&lt;/div&gt;", "stickied": false, "subreddit_type": "public", "can_gild": true, "gildings": {"gid_1": 0, "gid_2": 0, "gid_3": 0}, "author_flair_text_color": "dark", "score_hidden": false, "permalink": "/r/AskHistorians/comments/amd4zn/what_did_ancient_people_think_stars_were_was/efm8kb9/", "num_reports": null, "name": "t1_efm8kb9", "created": 1549144315.0, "subreddit": "AskHistorians", "author_flair_text": "Nuclear Technology | Modern Science", "collapsed": false, "subreddit_name_prefixed": "r/AskHistorians", "ups": 28, "depth": 4, "author_flair_background_color": "", "mod_reports": [], "mod_note": null, "distinguished": null}}], "after": null, "before": null}}, "user_reports": [], "saved": false, "id": "efm78xy", "banned_at_utc": null, "mod_reason_title": null, "gilded": 0, "archived": false, "report_reasons": null, "author": "GGardian", "can_mod_post": false, "created_utc": 1549143226.0, "send_replies": true, "parent_id": "t1_eflwuc8", "score": -3, "author_fullname": "t2_21vhnhm8", "approved_by": null, "controversiality": 0, "body": "So basically, and I say this not to insult but to compare, flat-earthers have as good an understanding of physics as most ancient Greeks? Different, but similar.", "edited": false, "author_flair_css_class": null, "is_submitter": false, "downs": 0, "author_flair_richtext": [], "author_patreon_flair": false, "collapsed_reason": null, "body_html": "&lt;div class=\"md\"&gt;&lt;p&gt;So basically, and I say this not to insult but to compare, flat-earthers have as good an understanding of physics as most ancient Greeks? Different, but similar.&lt;/p&gt;\n&lt;/div&gt;", "stickied": false, "subreddit_type": "public", "can_gild": true, "gildings": {"gid_1": 0, "gid_2": 0, "gid_3": 0}, "author_flair_text_color": null, "score_hidden": false, "permalink": "/r/AskHistorians/comments/amd4zn/what_did_ancient_people_think_stars_were_was/efm78xy/", "num_reports": null, "name": "t1_efm78xy", "created": 1549143226.0, "subreddit": "AskHistorians", "author_flair_text": null, "collapsed": false, "subreddit_name_prefixed": "r/AskHistorians", "ups": -3, "depth": 3, "author_flair_background_color": null, "mod_reports": [], "mod_note": null, "distinguished": null}}], "after": null, "before": null}}, "user_reports": [], "saved": false, "id": "eflwuc8", "banned_at_utc": null, "mod_reason_title": null, "gilded": 0, "archived": false, "report_reasons": null, "author": "restricteddata", "can_mod_post": false, "created_utc": 1549134789.0, "send_replies": true, "parent_id": "t1_eflvmat", "score": 43, "author_fullname": "t2_8brve", "approved_by": null, "controversiality": 0, "body": "Yes, there were some who advocated for a heliocentric universe, e.g., Aristarchus of Samos (310-230 BCE) had a semi-Copernican system in place. His beliefs were well-known amongst Ancient Greek natural philosophers (we know of them because Archimedes wrote on them), but widely rejected as implausible \u2014 if the Earth rotates and moves, why can't you feel it? why don't we fly off of it? why can't we see a stellar parallax? there are obviously answers to these  (reference frames, inertial motion, the stars are _really_ far away) but it was easier for many to see that a fixed-Earth cosmology made a lot of sense and jibed up much better with the experience of one's own eyes. (The fact that Copernicanism seems so natural to us today is entirely an artifact of education; it is highly unintuitive.) Most Ancient Greek cosmologies and astronomical system-making was concerned with understanding the few anomalies that come up if you assume a fixed-Earth system (e.g., the retrograde motion of Mars was an issue that even Plato engaged with). ", "edited": false, "author_flair_css_class": "technology", "is_submitter": false, "downs": 0, "author_flair_richtext": [], "author_patreon_flair": false, "collapsed_reason": null, "body_html": "&lt;div class=\"md\"&gt;&lt;p&gt;Yes, there were some who advocated for a heliocentric universe, e.g., Aristarchus of Samos (310-230 BCE) had a semi-Copernican system in place. His beliefs were well-known amongst Ancient Greek natural philosophers (we know of them because Archimedes wrote on them), but widely rejected as implausible \u2014 if the Earth rotates and moves, why can&amp;#39;t you feel it? why don&amp;#39;t we fly off of it? why can&amp;#39;t we see a stellar parallax? there are obviously answers to these  (reference frames, inertial motion, the stars are &lt;em&gt;really&lt;/em&gt; far away) but it was easier for many to see that a fixed-Earth cosmology made a lot of sense and jibed up much better with the experience of one&amp;#39;s own eyes. (The fact that Copernicanism seems so natural to us today is entirely an artifact of education; it is highly unintuitive.) Most Ancient Greek cosmologies and astronomical system-making was concerned with understanding the few anomalies that come up if you assume a fixed-Earth system (e.g., the retrograde motion of Mars was an issue that even Plato engaged with). &lt;/p&gt;\n&lt;/div&gt;", "stickied": false, "subreddit_type": "public", "can_gild": true, "gildings": {"gid_1": 0, "gid_2": 0, "gid_3": 0}, "author_flair_text_color": "dark", "score_hidden": false, "permalink": "/r/AskHistorians/comments/amd4zn/what_did_ancient_people_think_stars_were_was/eflwuc8/", "num_reports": null, "name": "t1_eflwuc8", "created": 1549134789.0, "subreddit": "AskHistorians", "author_flair_text": "Nuclear Technology | Modern Science", "collapsed": false, "subreddit_name_prefixed": "r/AskHistorians", "ups": 43, "depth": 2, "author_flair_background_color": "", "mod_reports": [], "mod_note": null, "distinguished": null}}], "after": null, "before": null}}, "user_reports": [], "saved": false, "id": "eflvmat", "banned_at_utc": null, "mod_reason_title": null, "gilded": 0, "archived": false, "report_reasons": null, "author": "lifeontheQtrain", "can_mod_post": false, "created_utc": 1549133805.0, "send_replies": true, "parent_id": "t1_eflkfmi", "score": 11, "author_fullname": "t2_579kf", "approved_by": null, "controversiality": 0, "body": "&gt; So if you believe in a fixed Earth at the center of the universe, as most (though not all) of the Ancient Greeks did\n\nWho are these people in the other category? Did any Greeks believe in the heliocentric universe, or otherwise?", "edited": false, "author_flair_css_class": null, "is_submitter": false, "downs": 0, "author_flair_richtext": [], "author_patreon_flair": false, "collapsed_reason": null, "body_html": "&lt;div class=\"md\"&gt;&lt;blockquote&gt;\n&lt;p&gt;So if you believe in a fixed Earth at the center of the universe, as most (though not all) of the Ancient Greeks did&lt;/p&gt;\n&lt;/blockquote&gt;\n\n&lt;p&gt;Who are these people in the other category? Did any Greeks believe in the heliocentric universe, or otherwise?&lt;/p&gt;\n&lt;/div&gt;", "stickied": false, "subreddit_type": "public", "can_gild": true, "gildings": {"gid_1": 0, "gid_2": 0, "gid_3": 0}, "author_flair_text_color": null, "score_hidden": false, "permalink": "/r/AskHistorians/comments/amd4zn/what_did_ancient_people_think_stars_were_was/eflvmat/", "num_reports": null, "name": "t1_eflvmat", "created": 1549133805.0, "subreddit": "AskHistorians", "author_flair_text": null, "collapsed": false, "subreddit_name_prefixed": "r/AskHistorians", "ups": 11, "depth": 1, "author_flair_background_color": null, "mod_reports": [], "mod_note": null, "distinguished": null}}, {"kind": "t1", "data": {"subreddit_id": "t5_2ssp3", "approved_at_utc": null, "mod_reason_by": null, "banned_by": null, "author_flair_type": "text", "removal_reason": null, "link_id": "t3_amd4zn", "author_flair_template_id": null, "likes": null, "no_follow": false, "replies": "", "user_reports": [], "saved": false, "id": "eflxstk", "banned_at_utc": null, "mod_reason_title": null, "gilded": 0, "archived": false, "report_reasons": null, "author": "WateryCartoon", "can_mod_post": false, "created_utc": 1549135546.0, "send_replies": true, "parent_id": "t1_eflkfmi", "score": 7, "author_fullname": "t2_t2xb1", "approved_by": null, "controversiality": 0, "body": "Incredible, thank you. Enjoying the responses too!", "edited": false, "author_flair_css_class": null, "is_submitter": true, "downs": 0, "author_flair_richtext": [], "author_patreon_flair": false, "collapsed_reason": null, "body_html": "&lt;div class=\"md\"&gt;&lt;p&gt;Incredible, thank you. Enjoying the responses too!&lt;/p&gt;\n&lt;/div&gt;", "stickied": false, "subreddit_type": "public", "can_gild": true, "gildings": {"gid_1": 0, "gid_2": 0, "gid_3": 0}, "author_flair_text_color": null, "score_hidden": false, "permalink": "/r/AskHistorians/comments/amd4zn/what_did_ancient_people_think_stars_were_was/eflxstk/", "num_reports": null, "name": "t1_eflxstk", "created": 1549135546.0, "subreddit": "AskHistorians", "author_flair_text": null, "collapsed": false, "subreddit_name_prefixed": "r/AskHistorians", "ups": 7, "depth": 1, "author_flair_background_color": null, "mod_reports": [], "mod_note": null, "distinguished": null}}, {"kind": "t1", "data": {"subreddit_id": "t5_2ssp3", "approved_at_utc": null, "mod_reason_by": null, "banned_by": null, "author_flair_type": "text", "removal_reason": null, "link_id": "t3_amd4zn", "author_flair_template_id": null, "likes": null, "no_follow": false, "replies": "", "user_reports": [], "saved": false, "id": "eflv42e", "banned_at_utc": null, "mod_reason_title": null, "gilded": 0, "archived": false, "report_reasons": null, "author": "OrangeBlaze", "can_mod_post": false, "created_utc": 1549133402.0, "send_replies": true, "parent_id": "t1_eflkfmi", "score": 4, "author_fullname": "t2_aqcck", "approved_by": null, "controversiality": 0, "body": "Extremely fascinating.  ", "edited": false, "author_flair_css_class": null, "is_submitter": false, "downs": 0, "author_flair_richtext": [], "author_patreon_flair": false, "collapsed_reason": null, "body_html": "&lt;div class=\"md\"&gt;&lt;p&gt;Extremely fascinating.  &lt;/p&gt;\n&lt;/div&gt;", "stickied": false, "subreddit_type": "public", "can_gild": true, "gildings": {"gid_1": 0, "gid_2": 0, "gid_3": 0}, "author_flair_text_color": null, "score_hidden": false, "permalink": "/r/AskHistorians/comments/amd4zn/what_did_ancient_people_think_stars_were_was/eflv42e/", "num_reports": null, "name": "t1_eflv42e", "created": 1549133402.0, "subreddit": "AskHistorians", "author_flair_text": null, "collapsed": false, "subreddit_name_prefixed": "r/AskHistorians", "ups": 4, "depth": 1, "author_flair_background_color": null, "mod_reports": [], "mod_note": null, "distinguished": null}}, {"kind": "t1", "data": {"subreddit_id": "t5_2ssp3", "approved_at_utc": null, "mod_reason_by": null, "banned_by": null, "author_flair_type": "text", "removal_reason": null, "link_id": "t3_amd4zn", "author_flair_template_id": null, "likes": null, "no_follow": true, "replies": {"kind": "Listing", "data": {"modhash": "", "dist": null, "children": [{"kind": "t1", "data": {"subreddit_id": "t5_2ssp3", "approved_at_utc": null, "mod_reason_by": null, "banned_by": null, "author_flair_type": "text", "removal_reason": null, "link_id": "t3_amd4zn", "author_flair_template_id": null, "likes": null, "no_follow": false, "replies": {"kind": "Listing", "data": {"modhash": "", "dist": null, "children": [{"kind": "t1", "data": {"subreddit_id": "t5_2ssp3", "approved_at_utc": null, "mod_reason_by": null, "banned_by": null, "author_flair_type": "text", "removal_reason": null, "link_id": "t3_amd4zn", "author_flair_template_id": null, "likes": null, "no_follow": true, "replies": "", "user_reports": [], "saved": false, "id": "efm52zp", "banned_at_utc": null, "mod_reason_title": null, "gilded": 0, "archived": false, "report_reasons": null, "author": "srslybr0", "can_mod_post": false, "created_utc": 1549141439.0, "send_replies": true, "parent_id": "t1_efm4p08", "score": 3, "author_fullname": "t2_7a2a0", "approved_by": null, "controversiality": 0, "body": "that perspective makes a lot of sense, thank you!", "edited": false, "author_flair_css_class": null, "is_submitter": false, "downs": 0, "author_flair_richtext": [], "author_patreon_flair": false, "collapsed_reason": null, "body_html": "&lt;div class=\"md\"&gt;&lt;p&gt;that perspective makes a lot of sense, thank you!&lt;/p&gt;\n&lt;/div&gt;", "stickied": false, "subreddit_type": "public", "can_gild": true, "gildings": {"gid_1": 0, "gid_2": 0, "gid_3": 0}, "author_flair_text_color": null, "score_hidden": false, "permalink": "/r/AskHistorians/comments/amd4zn/what_did_ancient_people_think_stars_were_was/efm52zp/", "num_reports": null, "name": "t1_efm52zp", "created": 1549141439.0, "subreddit": "AskHistorians", "author_flair_text": null, "collapsed": false, "subreddit_name_prefixed": "r/AskHistorians", "ups": 3, "depth": 3, "author_flair_background_color": null, "mod_reports": [], "mod_note": null, "distinguished": null}}], "after": null, "before": null}}, "user_reports": [], "saved": false, "id": "efm4p08", "banned_at_utc": null, "mod_reason_title": null, "gilded": 0, "archived": false, "report_reasons": null, "author": "restricteddata", "can_mod_post": false, "created_utc": 1549141112.0, "send_replies": true, "parent_id": "t1_eflyb3s", "score": 17, "author_fullname": "t2_8brve", "approved_by": null, "controversiality": 0, "body": "The problem with searching for \"accurate Greeks\" is that usually it means distorting their goals and arguments to meet modern ends. \n\nSo for example, lots of people _love_ to go back to Democritus and say, \"ah, he got atomic theory right!\" Except that Democritus' context was not ours in the slightest, and his idea of atoms varied so much from ours that it is only \"accurate\" if you are only contrasting it with plenist theories (e.g. theories that argue that all matter is infinitely divisible and there is no vacuum). \n\nSo you can, if you want, say certain Greeks were \"more right\" than others, but this becomes a rather strange game since they were all pretty wrong about several important things. As were plenty of people who came later. (Copernicus was \"more right\" than Ptolemy in many respects but also super wrong on many others.)", "edited": false, "author_flair_css_class": "technology", "is_submitter": false, "downs": 0, "author_flair_richtext": [], "author_patreon_flair": false, "collapsed_reason": null, "body_html": "&lt;div class=\"md\"&gt;&lt;p&gt;The problem with searching for &amp;quot;accurate Greeks&amp;quot; is that usually it means distorting their goals and arguments to meet modern ends. &lt;/p&gt;\n\n&lt;p&gt;So for example, lots of people &lt;em&gt;love&lt;/em&gt; to go back to Democritus and say, &amp;quot;ah, he got atomic theory right!&amp;quot; Except that Democritus&amp;#39; context was not ours in the slightest, and his idea of atoms varied so much from ours that it is only &amp;quot;accurate&amp;quot; if you are only contrasting it with plenist theories (e.g. theories that argue that all matter is infinitely divisible and there is no vacuum). &lt;/p&gt;\n\n&lt;p&gt;So you can, if you want, say certain Greeks were &amp;quot;more right&amp;quot; than others, but this becomes a rather strange game since they were all pretty wrong about several important things. As were plenty of people who came later. (Copernicus was &amp;quot;more right&amp;quot; than Ptolemy in many respects but also super wrong on many others.)&lt;/p&gt;\n&lt;/div&gt;", "stickied": false, "subreddit_type": "public", "can_gild": true, "gildings": {"gid_1": 0, "gid_2": 0, "gid_3": 0}, "author_flair_text_color": "dark", "score_hidden": false, "permalink": "/r/AskHistorians/comments/amd4zn/what_did_ancient_people_think_stars_were_was/efm4p08/", "num_reports": null, "name": "t1_efm4p08", "created": 1549141112.0, "subreddit": "AskHistorians", "author_flair_text": "Nuclear Technology | Modern Science", "collapsed": false, "subreddit_name_prefixed": "r/AskHistorians", "ups": 17, "depth": 2, "author_flair_background_color": "", "mod_reports": [], "mod_note": null, "distinguished": null}}], "after": null, "before": null}}, "user_reports": [], "saved": false, "id": "eflyb3s", "banned_at_utc": null, "mod_reason_title": null, "gilded": 0, "archived": false, "report_reasons": null, "author": "srslybr0", "can_mod_post": false, "created_utc": 1549135952.0, "send_replies": true, "parent_id": "t1_eflkfmi", "score": 3, "author_fullname": "t2_7a2a0", "approved_by": null, "controversiality": 0, "body": "in regards to the greek thinkers \"who thought contrary thoughts\" were there any notable exception(s) that were particularly accurate by modern-day standards?", "edited": false, "author_flair_css_class": null, "is_submitter": false, "downs": 0, "author_flair_richtext": [], "author_patreon_flair": false, "collapsed_reason": null, "body_html": "&lt;div class=\"md\"&gt;&lt;p&gt;in regards to the greek thinkers &amp;quot;who thought contrary thoughts&amp;quot; were there any notable exception(s) that were particularly accurate by modern-day standards?&lt;/p&gt;\n&lt;/div&gt;", "stickied": false, "subreddit_type": "public", "can_gild": true, "gildings": {"gid_1": 0, "gid_2": 0, "gid_3": 0}, "author_flair_text_color": null, "score_hidden": false, "permalink": "/r/AskHistorians/comments/amd4zn/what_did_ancient_people_think_stars_were_was/eflyb3s/", "num_reports": null, "name": "t1_eflyb3s", "created": 1549135952.0, "subreddit": "AskHistorians", "author_flair_text": null, "collapsed": false, "subreddit_name_prefixed": "r/AskHistorians", "ups": 3, "depth": 1, "author_flair_background_color": null, "mod_reports": [], "mod_note": null, "distinguished": null}}, {"kind": "t1", "data": {"subreddit_id": "t5_2ssp3", "approved_at_utc": null, "mod_reason_by": null, "banned_by": null, "author_flair_type": "text", "removal_reason": null, "link_id": "t3_amd4zn", "author_flair_template_id": null, "likes": null, "no_follow": true, "replies": "", "user_reports": [], "saved": false, "id": "eflzhxt", "banned_at_utc": null, "mod_reason_title": null, "gilded": 0, "archived": false, "report_reasons": null, "author": "JoshuaPeters", "can_mod_post": false, "created_utc": 1549136906.0, "send_replies": true, "parent_id": "t1_eflkfmi", "score": 1, "author_fullname": "t2_8umz7", "approved_by": null, "controversiality": 0, "body": "This is a really fantastic response. Thank you for your insight and clarity :)", "edited": false, "author_flair_css_class": null, "is_submitter": false, "downs": 0, "author_flair_richtext": [], "author_patreon_flair": false, "collapsed_reason": null, "body_html": "&lt;div class=\"md\"&gt;&lt;p&gt;This is a really fantastic response. Thank you for your insight and clarity :)&lt;/p&gt;\n&lt;/div&gt;", "stickied": false, "subreddit_type": "public", "can_gild": true, "gildings": {"gid_1": 0, "gid_2": 0, "gid_3": 0}, "author_flair_text_color": null, "score_hidden": false, "permalink": "/r/AskHistorians/comments/amd4zn/what_did_ancient_people_think_stars_were_was/eflzhxt/", "num_reports": null, "name": "t1_eflzhxt", "created": 1549136906.0, "subreddit": "AskHistorians", "author_flair_text": null, "collapsed": false, "subreddit_name_prefixed": "r/AskHistorians", "ups": 1, "depth": 1, "author_flair_background_color": null, "mod_reports": [], "mod_note": null, "distinguished": null}}], "after": null, "before": null}}, "user_reports": [], "saved": false, "id": "eflkfmi", "banned_at_utc": null, "mod_reason_title": null, "gilded": 0, "archived": false, "report_reasons": null, "author": "restricteddata", "can_mod_post": false, "created_utc": 1549125081.0, "send_replies": true, "parent_id": "t3_amd4zn", "score": 348, "author_fullname": "t2_8brve", "approved_by": null, "controversiality": 0, "body": "I can't answer for all civilizations. But the Ancient Greeks had many ideas about what stars were. Almost all of them consider the stars as being something that exists on, or in, a massive sphere of darkness that surrounds the rest of the Heavens. In some cosmologies they are pin-pricks in this dark sphere  (with a sphere of fire on the outside of it), in some they are something embedded in said sphere (e.g. fiery stones or planets). In all of these cases they are not nearly as far away as we now know them to be \u2014\u00a0distances on the order of billions of light years were not readily contemplated (and still give one pause today when one considers how distant that really is). To put it into perspective, Ptolemy (a Roman scholar of a somewhat later period) estimated the fixed stars to be 20,000 Earth radii away. In reality the closest stars are about 6.25 x 10^9 Earth radii distant\u00a0\u2014 a hugely larger number, and most are much further than that.\n\nThe reason for this approach is pretty straightforward: if you observe the stars regularly you see that they form a \"stable\" background, even if they appear to rotate. (Today we would say: they are not rotating, _we_ are rotating.) However one never sees any parallax effects that would give anyone a sense that there is any _depth_ to them (they all seem equally far away from us, at least at the resolutions that you can observe with anything prior to 19th-century telescopes, much less the bare eye). So if you believe in a fixed Earth at the center of the universe, as most (though not all) of the Ancient Greeks did, then it makes good sense to regard the stars as yet another celestial sphere rotating around the universe as a whole, and clearly the furthest away from the others (because everything else passes in front of them, never behind). \n\nThere are observational issues that emerge even with Ancient capabilities, like the fact that occasionally new stars can appear (today we would note these as supernovae). I do not know if the Ancient Greeks recorded any of these (the Ancient Chinese did), but it is of note that the overall approach of the Greeks was to be concerned with the _normal_ and not the _monstrous_ (anomalies, the bizarre, the non-normal) in their understanding of their natural systems. So the fact there are exceptions to the rule did not, in their approach, change their sense of the accuracy of the rule (contrary to how we'd regard anomalies today).\n\nEven with the Greeks it is hard to generalize correctly because you can always find some Greek thinker who thought contrary thoughts, but I think the above gives a rough overview of how their cosmology worked with regard to the fixed stars. The Greek approach is worth noting in part because it had such lasting influence: it was taken up by Ptolemy many centuries later, and Ptolemy's cosmological system was popular throughout the West and Middle East well into the period of the so-called Scientific Revolution, so it was an influential position.", "edited": false, "author_flair_css_class": "technology", "is_submitter": false, "downs": 0, "author_flair_richtext": [], "author_patreon_flair": false, "collapsed_reason": null, "body_html": "&lt;div class=\"md\"&gt;&lt;p&gt;I can&amp;#39;t answer for all civilizations. But the Ancient Greeks had many ideas about what stars were. Almost all of them consider the stars as being something that exists on, or in, a massive sphere of darkness that surrounds the rest of the Heavens. In some cosmologies they are pin-pricks in this dark sphere  (with a sphere of fire on the outside of it), in some they are something embedded in said sphere (e.g. fiery stones or planets). In all of these cases they are not nearly as far away as we now know them to be \u2014\u00a0distances on the order of billions of light years were not readily contemplated (and still give one pause today when one considers how distant that really is). To put it into perspective, Ptolemy (a Roman scholar of a somewhat later period) estimated the fixed stars to be 20,000 Earth radii away. In reality the closest stars are about 6.25 x 10&lt;sup&gt;9&lt;/sup&gt; Earth radii distant\u00a0\u2014 a hugely larger number, and most are much further than that.&lt;/p&gt;\n\n&lt;p&gt;The reason for this approach is pretty straightforward: if you observe the stars regularly you see that they form a &amp;quot;stable&amp;quot; background, even if they appear to rotate. (Today we would say: they are not rotating, &lt;em&gt;we&lt;/em&gt; are rotating.) However one never sees any parallax effects that would give anyone a sense that there is any &lt;em&gt;depth&lt;/em&gt; to them (they all seem equally far away from us, at least at the resolutions that you can observe with anything prior to 19th-century telescopes, much less the bare eye). So if you believe in a fixed Earth at the center of the universe, as most (though not all) of the Ancient Greeks did, then it makes good sense to regard the stars as yet another celestial sphere rotating around the universe as a whole, and clearly the furthest away from the others (because everything else passes in front of them, never behind). &lt;/p&gt;\n\n&lt;p&gt;There are observational issues that emerge even with Ancient capabilities, like the fact that occasionally new stars can appear (today we would note these as supernovae). I do not know if the Ancient Greeks recorded any of these (the Ancient Chinese did), but it is of note that the overall approach of the Greeks was to be concerned with the &lt;em&gt;normal&lt;/em&gt; and not the &lt;em&gt;monstrous&lt;/em&gt; (anomalies, the bizarre, the non-normal) in their understanding of their natural systems. So the fact there are exceptions to the rule did not, in their approach, change their sense of the accuracy of the rule (contrary to how we&amp;#39;d regard anomalies today).&lt;/p&gt;\n\n&lt;p&gt;Even with the Greeks it is hard to generalize correctly because you can always find some Greek thinker who thought contrary thoughts, but I think the above gives a rough overview of how their cosmology worked with regard to the fixed stars. The Greek approach is worth noting in part because it had such lasting influence: it was taken up by Ptolemy many centuries later, and Ptolemy&amp;#39;s cosmological system was popular throughout the West and Middle East well into the period of the so-called Scientific Revolution, so it was an influential position.&lt;/p&gt;\n&lt;/div&gt;", "stickied": false, "subreddit_type": "public", "can_gild": true, "gildings": {"gid_1": 0, "gid_2": 0, "gid_3": 0}, "author_flair_text_color": "dark", "score_hidden": false, "permalink": "/r/AskHistorians/comments/amd4zn/what_did_ancient_people_think_stars_were_was/eflkfmi/", "num_reports": null, "name": "t1_eflkfmi", "created": 1549125081.0, "subreddit": "AskHistorians", "author_flair_text": "Nuclear Technology | Modern Science", "collapsed": false, "subreddit_name_prefixed": "r/AskHistorians", "ups": 348, "depth": 0, "author_flair_background_color": "", "mod_reports": [], "mod_note": null, "distinguished": null}}, {"kind": "t1", "data": {"subreddit_id": "t5_2ssp3", "approved_at_utc": null, "mod_reason_by": null, "banned_by": null, "author_flair_type": "text", "removal_reason": null, "link_id": "t3_amd4zn", "author_flair_template_id": null, "likes": null, "no_follow": false, "replies": {"kind": "Listing", "data": {"modhash": "", "dist": null, "children": [{"kind": "t1", "data": {"subreddit_id": "t5_2ssp3", "approved_at_utc": null, "mod_reason_by": null, "banned_by": null, "author_flair_type": "text", "removal_reason": null, "link_id": "t3_amd4zn", "author_flair_template_id": null, "likes": null, "no_follow": false, "replies": "", "user_reports": [], "saved": false, "id": "efm23nu", "banned_at_utc": null, "mod_reason_title": null, "gilded": 0, "archived": false, "report_reasons": null, "author": "WateryCartoon", "can_mod_post": false, "created_utc": 1549139002.0, "send_replies": true, "parent_id": "t1_efm1kdx", "score": 7, "author_fullname": "t2_t2xb1", "approved_by": null, "controversiality": 0, "body": "Extremely fascinating, definitely helpful thanks for the input!! ", "edited": false, "author_flair_css_class": null, "is_submitter": true, "downs": 0, "author_flair_richtext": [], "author_patreon_flair": false, "collapsed_reason": null, "body_html": "&lt;div class=\"md\"&gt;&lt;p&gt;Extremely fascinating, definitely helpful thanks for the input!! &lt;/p&gt;\n&lt;/div&gt;", "stickied": false, "subreddit_type": "public", "can_gild": true, "gildings": {"gid_1": 0, "gid_2": 0, "gid_3": 0}, "author_flair_text_color": null, "score_hidden": false, "permalink": "/r/AskHistorians/comments/amd4zn/what_did_ancient_people_think_stars_were_was/efm23nu/", "num_reports": null, "name": "t1_efm23nu", "created": 1549139002.0, "subreddit": "AskHistorians", "author_flair_text": null, "collapsed": false, "subreddit_name_prefixed": "r/AskHistorians", "ups": 7, "depth": 1, "author_flair_background_color": null, "mod_reports": [], "mod_note": null, "distinguished": null}}, {"kind": "t1", "data": {"subreddit_id": "t5_2ssp3", "approved_at_utc": null, "mod_reason_by": null, "banned_by": null, "author_flair_type": "text", "removal_reason": null, "link_id": "t3_amd4zn", "author_flair_template_id": null, "likes": null, "no_follow": true, "replies": {"kind": "Listing", "data": {"modhash": "", "dist": null, "children": [{"kind": "t1", "data": {"subreddit_id": "t5_2ssp3", "approved_at_utc": null, "mod_reason_by": null, "banned_by": null, "author_flair_type": "text", "removal_reason": null, "link_id": "t3_amd4zn", "author_flair_template_id": null, "likes": null, "no_follow": false, "replies": {"kind": "Listing", "data": {"modhash": "", "dist": null, "children": [{"kind": "t1", "data": {"subreddit_id": "t5_2ssp3", "approved_at_utc": null, "mod_reason_by": null, "banned_by": null, "author_flair_type": "text", "removal_reason": null, "link_id": "t3_amd4zn", "author_flair_template_id": null, "likes": null, "no_follow": true, "replies": "", "user_reports": [], "saved": false, "id": "efo0q2h", "banned_at_utc": null, "mod_reason_title": null, "gilded": 0, "archived": false, "report_reasons": null, "author": "SlyGallant", "can_mod_post": false, "created_utc": 1549214079.0, "send_replies": true, "parent_id": "t1_efmw4wt", "score": 1, "author_fullname": "t2_ajvzl", "approved_by": null, "controversiality": 0, "body": "Cool, I like learning stuff like this.\n\nI figured what I was missing was likely something to do with translation that I did not understand, so thank you for clearing that up!", "edited": false, "author_flair_css_class": null, "is_submitter": false, "downs": 0, "author_flair_richtext": [], "author_patreon_flair": false, "collapsed_reason": null, "body_html": "&lt;div class=\"md\"&gt;&lt;p&gt;Cool, I like learning stuff like this.&lt;/p&gt;\n\n&lt;p&gt;I figured what I was missing was likely something to do with translation that I did not understand, so thank you for clearing that up!&lt;/p&gt;\n&lt;/div&gt;", "stickied": false, "subreddit_type": "public", "can_gild": true, "gildings": {"gid_1": 0, "gid_2": 0, "gid_3": 0}, "author_flair_text_color": null, "score_hidden": false, "permalink": "/r/AskHistorians/comments/amd4zn/what_did_ancient_people_think_stars_were_was/efo0q2h/", "num_reports": null, "name": "t1_efo0q2h", "created": 1549214079.0, "subreddit": "AskHistorians", "author_flair_text": null, "collapsed": false, "subreddit_name_prefixed": "r/AskHistorians", "ups": 1, "depth": 3, "author_flair_background_color": null, "mod_reports": [], "mod_note": null, "distinguished": null}}], "after": null, "before": null}}, "user_reports": [], "saved": false, "id": "efmw4wt", "banned_at_utc": null, "mod_reason_title": null, "gilded": 0, "archived": false, "report_reasons": null, "author": "husky54", "can_mod_post": false, "created_utc": 1549164524.0, "send_replies": true, "parent_id": "t1_efmseyw", "score": 8, "author_fullname": "t2_bmtpi", "approved_by": null, "controversiality": 0, "body": "The verbal root RQ' means \"to beat, to hammer.\" The nominal form based on this root is where the meaning comes from. \"Firmament\" is from the KJV translation. ", "edited": false, "author_flair_css_class": "middleeast", "is_submitter": false, "downs": 0, "author_flair_richtext": [], "author_patreon_flair": false, "collapsed_reason": null, "body_html": "&lt;div class=\"md\"&gt;&lt;p&gt;The verbal root RQ&amp;#39; means &amp;quot;to beat, to hammer.&amp;quot; The nominal form based on this root is where the meaning comes from. &amp;quot;Firmament&amp;quot; is from the KJV translation. &lt;/p&gt;\n&lt;/div&gt;", "stickied": false, "subreddit_type": "public", "can_gild": true, "gildings": {"gid_1": 0, "gid_2": 0, "gid_3": 0}, "author_flair_text_color": "dark", "score_hidden": false, "permalink": "/r/AskHistorians/comments/amd4zn/what_did_ancient_people_think_stars_were_was/efmw4wt/", "num_reports": null, "name": "t1_efmw4wt", "created": 1549164524.0, "subreddit": "AskHistorians", "author_flair_text": "Hebrew Bible | Ancient Near East", "collapsed": false, "subreddit_name_prefixed": "r/AskHistorians", "ups": 8, "depth": 2, "author_flair_background_color": "", "mod_reports": [], "mod_note": null, "distinguished": null}}], "after": null, "before": null}}, "user_reports": [], "saved": false, "id": "efmseyw", "banned_at_utc": null, "mod_reason_title": null, "gilded": 0, "archived": false, "report_reasons": null, "author": "SlyGallant", "can_mod_post": false, "created_utc": 1549161213.0, "send_replies": true, "parent_id": "t1_efm1kdx", "score": 3, "author_fullname": "t2_ajvzl", "approved_by": null, "controversiality": 0, "body": "This is really cool, I really liked the way you laid the pertinent paragraphs down and picked them apart. \n\nI'm still kind of confused how \u05e8\u05e7\u05d9\u05e2 equates to being a large metal dome though.\nWhen I translate \u05e8\u05e7\u05d9\u05e2 it just comes out as firmament, which had two definitions when I looked it up:\n\nthe heavens or the sky, especially when regarded as a tangible thing\n\nAnd:\na sphere or world viewed as a collection of people.\n\"one of the great stars in the American golfing firmament\"\n\nWhat an I missing? Is the definition of firmament defined differently now in our modern day English?\n\nI'm not doubting you, you totally sound like you know your stuff, I just had a hard time making the jump with you from \u05e8\u05e7\u05d9\u05e2 to large metal dome", "edited": false, "author_flair_css_class": null, "is_submitter": false, "downs": 0, "author_flair_richtext": [], "author_patreon_flair": false, "collapsed_reason": null, "body_html": "&lt;div class=\"md\"&gt;&lt;p&gt;This is really cool, I really liked the way you laid the pertinent paragraphs down and picked them apart. &lt;/p&gt;\n\n&lt;p&gt;I&amp;#39;m still kind of confused how \u05e8\u05e7\u05d9\u05e2 equates to being a large metal dome though.\nWhen I translate \u05e8\u05e7\u05d9\u05e2 it just comes out as firmament, which had two definitions when I looked it up:&lt;/p&gt;\n\n&lt;p&gt;the heavens or the sky, especially when regarded as a tangible thing&lt;/p&gt;\n\n&lt;p&gt;And:\na sphere or world viewed as a collection of people.\n&amp;quot;one of the great stars in the American golfing firmament&amp;quot;&lt;/p&gt;\n\n&lt;p&gt;What an I missing? Is the definition of firmament defined differently now in our modern day English?&lt;/p&gt;\n\n&lt;p&gt;I&amp;#39;m not doubting you, you totally sound like you know your stuff, I just had a hard time making the jump with you from \u05e8\u05e7\u05d9\u05e2 to large metal dome&lt;/p&gt;\n&lt;/div&gt;", "stickied": false, "subreddit_type": "public", "can_gild": true, "gildings": {"gid_1": 0, "gid_2": 0, "gid_3": 0}, "author_flair_text_color": null, "score_hidden": false, "permalink": "/r/AskHistorians/comments/amd4zn/what_did_ancient_people_think_stars_were_was/efmseyw/", "num_reports": null, "name": "t1_efmseyw", "created": 1549161213.0, "subreddit": "AskHistorians", "author_flair_text": null, "collapsed": false, "subreddit_name_prefixed": "r/AskHistorians", "ups": 3, "depth": 1, "author_flair_background_color": null, "mod_reports": [], "mod_note": null, "distinguished": null}}], "after": null, "before": null}}, "user_reports": [], "saved": false, "id": "efm1kdx", "banned_at_utc": null, "mod_reason_title": null, "gilded": 0, "archived": false, "report_reasons": null, "author": "husky54", "can_mod_post": false, "created_utc": 1549138573.0, "send_replies": true, "parent_id": "t3_amd4zn", "score": 47, "author_fullname": "t2_bmtpi", "approved_by": null, "controversiality": 0, "body": "As /u/restricteddata indirectly pointed out, there's not going to be a singular answer for \"ancient people.\" (All trans\n\nAs for me, I can speak to Neo-Assyrian/Neo-Babylonian period West Semitic perceptions (N.B.:  this likely extends to a broader range of ancient Semitic cultures as they generally shared many cultural traits, especially various aspects of their respective cosomogonies). \n\nSo, if we look at Genesis 1, we can get an idea of how at least the Priestly tradents understood stars. The first step is to look at what order they believed God created things. \n\nDay 1: Creation of light and separation of light from darkness. God distinguishes the separation further by calling the light \"day\" and the (uncreated) darkness \"night.\"\n\nDay 2: God creates the \"firmament.\" The Hebrew word here is \u05e8\u05e7\u05d9\u05e2 *raq\u00eea\u02bf*. This word (and what God uses this thing for) are very important for understanding what stars are. Essentially, a \u05e8\u05e7\u05d9\u05e2 is a hammered out dome of metal. Basically, Iron Age Hebrew cosmogony held that this firmament held back primordial waters. This is why we get Gen 1:6\u20137:\n\n&gt;\u05d5\u05b7\ufb39\u05b9\u05d0\u05de\u05b6\u05e8 \u05d0\u05b1\u05dc\u05b9\u05d4\u05b4\u05d9\u05dd \u05d9\u05b0\u05d4\u05b4\u05d9 \u05e8\u05b8\u05e7\u05b4\u05d9\u05e2\u05b7 \ufb31\u05b0\u05ea\u05d5\u05b9\u05da\u05b0 \u05d4\u05b7\ufb3e\u05b8\u05d9\u05b4\u05dd \u05d5\u05b4\u05d9\u05d4\u05b4\u05d9 \u05de\u05b7\u05d1\u05b0\ufb33\u05b4\u05d9\u05dc \ufb31\u05b5\u05d9\u05df \u05de\u05b7\u05d9\u05b4\u05dd \u05dc\u05b8\u05de\u05b8\u05d9\u05b4\u05dd \u05d5\u05b7\ufb39\u05b7\u05e2\u05b7\ufb2b \u05d0\u05b1\u05dc\u05b9\u05d4\u05b4\u05d9\u05dd \u05d0\u05b6\u05ea\u05be\u05d4\u05b8\u05e8\u05b8\u05e7\u05b4\u05d9\u05e2\u05b7 \u05d5\u05b7\ufb39\u05b7\u05d1\u05b0\ufb33\u05b5\u05dc \ufb31\u05b5\u05d9\u05df \u05d4\u05b7\ufb3e\u05b7\u05d9\u05b4\u05dd \u05d0\u05b2\ufb2a\u05b6\u05e8 \u05de\u05b4\ufb4a\u05b7\u05d7\u05b7\u05ea \u05dc\u05b8\u05e8\u05b8\u05e7\u05b4\u05d9\u05e2\u05b7 \ufb35\u05d1\u05b5\u05d9\u05df \u05d4\u05b7\ufb3e\u05b7\u05d9\u05b4\u05dd \u05d0\u05b2\ufb2a\u05b6\u05e8 \u05de\u05b5\u05e2\u05b7\u05dc \u05dc\u05b8\u05e8\u05b8\u05e7\u05b4\u05d9\u05e2\u05b7 \u05d5\u05b7\u05d9\u05b0\u05d4\u05b4\u05d9\u05be\u05db\u05b5\u05df\u05c3\n\n&gt;And God said, 'Let the *raq\u00eea\u02bf* be in the midst of the waters;' and so it separated the waters. [Lit. \"separated water with respect to water\"] And God made the *raq\u00eea\u02bf* and it separated between the waters which were below the *raq\u00eea\u02bf* and those which were above the *raq\u00eea\u02bf*. And it was so.\n\nOk, so there's this big metal dome over the earth that holds back these primordial waters that are referenced in Gen 1:2. At this point, after 2 days of creative acts, we still don't have any heavenly bodies (sun, moon, stars, etc.). In Gen 1:8, God calls the *raq\u00eea\u02bf* \"the heavens\" or \"the sky.\" (N.B.: most ancient Greek and Hebrew texts, when they are translated as \"heavens\" simply mean the sky.)\n\nDay 3 (Gen 1:9\u201313): God organizes all the remaining water and then creates dry land. Then God summons forth vegetation. So, at this point, after 3 days of creation, we have oceans, dry land, the sky, and night and day. Still no heavenly bodies.\n\nDay 4 (Gen 1:14\u201319): This is our money shot:\n\n&gt;\u200f\u05d5\u05b7\ufb39\u05b9\u05d0\u05de\u05b6\u05e8 \u05d0\u05b1\u05dc\u05b9\u05d4\u05b4\u05d9\u05dd \u05d9\u05b0\u05d4\u05b4\u05d9 \u05de\u05b0\u05d0\u05b9\u05e8\u05b9\u05ea \ufb31\u05b4\u05e8\u05b0\u05e7\u05b4\u05d9\u05e2\u05b7 \u05d4\u05b7\ufb2c\u05b8\u05de\u05b7\u05d9\u05b4\u05dd \u05dc\u05b0\u05d4\u05b7\u05d1\u05b0\ufb33\u05b4\u05d9\u05dc \ufb31\u05b5\u05d9\u05df \u05d4\u05b7\ufb39\u05d5\u05b9\u05dd \ufb35\u05d1\u05b5\u05d9\u05df \u05d4\u05b7\ufb3c\u05b8\u05d9\u05b0\u05dc\u05b8\u05d4 \u05d5\u05b0\u05d4\u05b8\u05d9\ufb35 \u05dc\u05b0\u05d0\u05b9\u05ea\u05b9\u05ea \ufb35\u05dc\u05b0\u05de\u05d5\u05b9\u05e2\u05b2\u05d3\u05b4\u05d9\u05dd \ufb35\u05dc\u05b0\u05d9\u05b8\u05de\u05b4\u05d9\u05dd \u05d5\u05b0\ufb2a\u05b8\u05e0\u05b4\u05d9\u05dd\u05c3 \u05d5\u05b0\u05d4\u05b8\u05d9\ufb35 \u05dc\u05b4\u05de\u05b0\u05d0\u05d5\u05b9\u05e8\u05b9\u05ea \ufb31\u05b4\u05e8\u05b0\u05e7\u05b4\u05d9\u05e2\u05b7 \u05d4\u05b7\ufb2c\u05b8\u05de\u05b7\u05d9\u05b4\u05dd \u05dc\u05b0\u05d4\u05b8\u05d0\u05b4\u05d9\u05e8 \u05e2\u05b7\u05dc\u05be\u05d4\u05b8\ufb2f\u05e8\u05b6\u05e5 \u05d5\u05b7\u05d9\u05b0\u05d4\u05b4\u05d9\u05be\u05db\u05b5\u05df\u05c3\u200f \u05d5\u05b7\ufb39\u05b7\u05e2\u05b7\ufb2b \u05d0\u05b1\u05dc\u05b9\u05d4\u05b4\u05d9\u05dd \u05d0\u05b6\u05ea\u05be\ufb2a\u05b0\u05e0\u05b5\u05d9 \u05d4\u05b7\ufb3e\u05b0\u05d0\u05b9\u05e8\u05b9\u05ea \u05d4\u05b7\ufb32\u05b0\u05d3\u05b9\u05dc\u05b4\u05d9\u05dd \u05d0\u05b6\u05ea\u05be\u05d4\u05b7\ufb3e\u05b8\u05d0\u05d5\u05b9\u05e8 \u05d4\u05b7\ufb32\u05b8\u05d3\u05b9\u05dc \u05dc\u05b0\u05de\u05b6\u05de\u05b0\ufb2a\u05b6\u05dc\u05b6\u05ea \u05d4\u05b7\ufb39\u05d5\u05b9\u05dd \u05d5\u05b0\u05d0\u05b6\u05ea\u05be\u05d4\u05b7\ufb3e\u05b8\u05d0\u05d5\u05b9\u05e8 \u05d4\u05b7\ufb47\u05b8\u05d8\u05b9\u05df \u05dc\u05b0\u05de\u05b6\u05de\u05b0\ufb2a\u05b6\u05dc\u05b6\u05ea \u05d4\u05b7\ufb3c\u05b7\u05d9\u05b0\u05dc\u05b8\u05d4 \u05d5\u05b0\u05d0\u05b5\u05ea \u05d4\u05b7\ufb3b\u05d5\u05b9\u05db\u05b8\u05d1\u05b4\u05d9\u05dd\u05c3 \u200f \u05d5\u05b7\ufb39\u05b4\ufb4a\u05b5\u05df \u05d0\u05b9\u05ea\u05b8\u05dd \u05d0\u05b1\u05dc\u05b9\u05d4\u05b4\u05d9\u05dd \ufb31\u05b4\u05e8\u05b0\u05e7\u05b4\u05d9\u05e2\u05b7 \u05d4\u05b7\ufb2c\u05b8\u05de\u05b8\u05d9\u05b4\u05dd \u05dc\u05b0\u05d4\u05b8\u05d0\u05b4\u05d9\u05e8 \u05e2\u05b7\u05dc\u05be\u05d4\u05b8\ufb2f\u05e8\u05b6\u05e5\u05c3\u200f \u05d5\u05b0\u05dc\u05b4\u05de\u05b0\ufb2a\u05b9\u05dc \ufb31\u05b7\ufb39\u05d5\u05b9\u05dd \ufb35\u05d1\u05b7\ufb3c\u05b7\u05d9\u05b0\u05dc\u05b8\u05d4 \ufb35\u05dc\u05b2\u05d4\u05b7\u05d1\u05b0\ufb33\u05b4\u05d9\u05dc \ufb31\u05b5\u05d9\u05df \u05d4\u05b8\u05d0\u05d5\u05b9\u05e8 \ufb35\u05d1\u05b5\u05d9\u05df \u05d4\u05b7\u05d7\u05b9\ufb2a\u05b6\u05da\u05b0 \u05d5\u05b7\ufb39\u05b7\u05e8\u05b0\u05d0 \u05d0\u05b1\u05dc\u05b9\u05d4\u05b4\u05d9\u05dd \ufb3b\u05b4\u05d9\u05be\u05d8\u05d5\u05b9\u05d1\u05c3\u200f \u05d5\u05b7\u05d9\u05b0\u05d4\u05b4\u05d9\u05be\u05e2\u05b6\u05e8\u05b6\u05d1 \u05d5\u05b7\u05d9\u05b0\u05d4\u05b4\u05d9\u05be\u05d1\u05b9\u05e7\u05b6\u05e8 \u05d9\u05d5\u05b9\u05dd \u05e8\u05b0\u05d1\u05b4\u05d9\u05e2\u05b4\u05d9\u05c3\n\n&gt;And God said, 'Let there be lights in the *raq\u00eea\u02bf* of the heavens, to separate between day and between night. And they will function as signs and for appointed [calendrical] times and days and years. And they will be lights in the *raq\u00eea\u02bf* of the heavens in order to shine upon the earth. And it was so. And God made the two Great Lights [note: this is a polemical construction\u2014the author here intentionally avoids the Hebrew words for \"sun\" and \"moon\" because those were names deities in other Semitic cultures]\u2014the greater light for ruling over the day and the lesser light or ruling over the night\u2014***and the stars***. And God set them in the *raq\u00eea\u02bf* of the heavens, to shine upon the earth and to rule over the day and over the night and in order to divide between light and darkness. And God saw that it was good and it was evening and morning, a fourth day.\n\nOk, so God sets these things in the *raq\u00eea\u02bf* and they have a clearly defined purpose\u2014to shine and to help mark days and years. \n\nI'll add that throughout the Hebrew Bible, stars are used as an example of things that are presumably infinite or limitless in number. E.g., God tells Abraham that his offspring will be more numerous that the stars of the heavens (paralleled by the sand on the sea shore). Cf. Gen 15:5. According to Job, the stars are pure in the eyes of God (Job 25:5). They are used as a metaphor for eyes in Ecclesiastes 12. \n\nHopefully that's helpful.", "edited": false, "author_flair_css_class": "middleeast", "is_submitter": false, "downs": 0, "author_flair_richtext": [], "author_patreon_flair": false, "collapsed_reason": null, "body_html": "&lt;div class=\"md\"&gt;&lt;p&gt;As &lt;a href=\"/u/restricteddata\"&gt;/u/restricteddata&lt;/a&gt; indirectly pointed out, there&amp;#39;s not going to be a singular answer for &amp;quot;ancient people.&amp;quot; (All trans&lt;/p&gt;\n\n&lt;p&gt;As for me, I can speak to Neo-Assyrian/Neo-Babylonian period West Semitic perceptions (N.B.:  this likely extends to a broader range of ancient Semitic cultures as they generally shared many cultural traits, especially various aspects of their respective cosomogonies). &lt;/p&gt;\n\n&lt;p&gt;So, if we look at Genesis 1, we can get an idea of how at least the Priestly tradents understood stars. The first step is to look at what order they believed God created things. &lt;/p&gt;\n\n&lt;p&gt;Day 1: Creation of light and separation of light from darkness. God distinguishes the separation further by calling the light &amp;quot;day&amp;quot; and the (uncreated) darkness &amp;quot;night.&amp;quot;&lt;/p&gt;\n\n&lt;p&gt;Day 2: God creates the &amp;quot;firmament.&amp;quot; The Hebrew word here is \u05e8\u05e7\u05d9\u05e2 &lt;em&gt;raq\u00eea\u02bf&lt;/em&gt;. This word (and what God uses this thing for) are very important for understanding what stars are. Essentially, a \u05e8\u05e7\u05d9\u05e2 is a hammered out dome of metal. Basically, Iron Age Hebrew cosmogony held that this firmament held back primordial waters. This is why we get Gen 1:6\u20137:&lt;/p&gt;\n\n&lt;blockquote&gt;\n&lt;p&gt;\u05d5\u05b7\ufb39\u05b9\u05d0\u05de\u05b6\u05e8 \u05d0\u05b1\u05dc\u05b9\u05d4\u05b4\u05d9\u05dd \u05d9\u05b0\u05d4\u05b4\u05d9 \u05e8\u05b8\u05e7\u05b4\u05d9\u05e2\u05b7 \ufb31\u05b0\u05ea\u05d5\u05b9\u05da\u05b0 \u05d4\u05b7\ufb3e\u05b8\u05d9\u05b4\u05dd \u05d5\u05b4\u05d9\u05d4\u05b4\u05d9 \u05de\u05b7\u05d1\u05b0\ufb33\u05b4\u05d9\u05dc \ufb31\u05b5\u05d9\u05df \u05de\u05b7\u05d9\u05b4\u05dd \u05dc\u05b8\u05de\u05b8\u05d9\u05b4\u05dd \u05d5\u05b7\ufb39\u05b7\u05e2\u05b7\ufb2b \u05d0\u05b1\u05dc\u05b9\u05d4\u05b4\u05d9\u05dd \u05d0\u05b6\u05ea\u05be\u05d4\u05b8\u05e8\u05b8\u05e7\u05b4\u05d9\u05e2\u05b7 \u05d5\u05b7\ufb39\u05b7\u05d1\u05b0\ufb33\u05b5\u05dc \ufb31\u05b5\u05d9\u05df \u05d4\u05b7\ufb3e\u05b7\u05d9\u05b4\u05dd \u05d0\u05b2\ufb2a\u05b6\u05e8 \u05de\u05b4\ufb4a\u05b7\u05d7\u05b7\u05ea \u05dc\u05b8\u05e8\u05b8\u05e7\u05b4\u05d9\u05e2\u05b7 \ufb35\u05d1\u05b5\u05d9\u05df \u05d4\u05b7\ufb3e\u05b7\u05d9\u05b4\u05dd \u05d0\u05b2\ufb2a\u05b6\u05e8 \u05de\u05b5\u05e2\u05b7\u05dc \u05dc\u05b8\u05e8\u05b8\u05e7\u05b4\u05d9\u05e2\u05b7 \u05d5\u05b7\u05d9\u05b0\u05d4\u05b4\u05d9\u05be\u05db\u05b5\u05df\u05c3&lt;/p&gt;\n\n&lt;p&gt;And God said, &amp;#39;Let the &lt;em&gt;raq\u00eea\u02bf&lt;/em&gt; be in the midst of the waters;&amp;#39; and so it separated the waters. [Lit. &amp;quot;separated water with respect to water&amp;quot;] And God made the &lt;em&gt;raq\u00eea\u02bf&lt;/em&gt; and it separated between the waters which were below the &lt;em&gt;raq\u00eea\u02bf&lt;/em&gt; and those which were above the &lt;em&gt;raq\u00eea\u02bf&lt;/em&gt;. And it was so.&lt;/p&gt;\n&lt;/blockquote&gt;\n\n&lt;p&gt;Ok, so there&amp;#39;s this big metal dome over the earth that holds back these primordial waters that are referenced in Gen 1:2. At this point, after 2 days of creative acts, we still don&amp;#39;t have any heavenly bodies (sun, moon, stars, etc.). In Gen 1:8, God calls the &lt;em&gt;raq\u00eea\u02bf&lt;/em&gt; &amp;quot;the heavens&amp;quot; or &amp;quot;the sky.&amp;quot; (N.B.: most ancient Greek and Hebrew texts, when they are translated as &amp;quot;heavens&amp;quot; simply mean the sky.)&lt;/p&gt;\n\n&lt;p&gt;Day 3 (Gen 1:9\u201313): God organizes all the remaining water and then creates dry land. Then God summons forth vegetation. So, at this point, after 3 days of creation, we have oceans, dry land, the sky, and night and day. Still no heavenly bodies.&lt;/p&gt;\n\n&lt;p&gt;Day 4 (Gen 1:14\u201319): This is our money shot:&lt;/p&gt;\n\n&lt;blockquote&gt;\n&lt;p&gt;\u200f\u05d5\u05b7\ufb39\u05b9\u05d0\u05de\u05b6\u05e8 \u05d0\u05b1\u05dc\u05b9\u05d4\u05b4\u05d9\u05dd \u05d9\u05b0\u05d4\u05b4\u05d9 \u05de\u05b0\u05d0\u05b9\u05e8\u05b9\u05ea \ufb31\u05b4\u05e8\u05b0\u05e7\u05b4\u05d9\u05e2\u05b7 \u05d4\u05b7\ufb2c\u05b8\u05de\u05b7\u05d9\u05b4\u05dd \u05dc\u05b0\u05d4\u05b7\u05d1\u05b0\ufb33\u05b4\u05d9\u05dc \ufb31\u05b5\u05d9\u05df \u05d4\u05b7\ufb39\u05d5\u05b9\u05dd \ufb35\u05d1\u05b5\u05d9\u05df \u05d4\u05b7\ufb3c\u05b8\u05d9\u05b0\u05dc\u05b8\u05d4 \u05d5\u05b0\u05d4\u05b8\u05d9\ufb35 \u05dc\u05b0\u05d0\u05b9\u05ea\u05b9\u05ea \ufb35\u05dc\u05b0\u05de\u05d5\u05b9\u05e2\u05b2\u05d3\u05b4\u05d9\u05dd \ufb35\u05dc\u05b0\u05d9\u05b8\u05de\u05b4\u05d9\u05dd \u05d5\u05b0\ufb2a\u05b8\u05e0\u05b4\u05d9\u05dd\u05c3 \u05d5\u05b0\u05d4\u05b8\u05d9\ufb35 \u05dc\u05b4\u05de\u05b0\u05d0\u05d5\u05b9\u05e8\u05b9\u05ea \ufb31\u05b4\u05e8\u05b0\u05e7\u05b4\u05d9\u05e2\u05b7 \u05d4\u05b7\ufb2c\u05b8\u05de\u05b7\u05d9\u05b4\u05dd \u05dc\u05b0\u05d4\u05b8\u05d0\u05b4\u05d9\u05e8 \u05e2\u05b7\u05dc\u05be\u05d4\u05b8\ufb2f\u05e8\u05b6\u05e5 \u05d5\u05b7\u05d9\u05b0\u05d4\u05b4\u05d9\u05be\u05db\u05b5\u05df\u05c3\u200f \u05d5\u05b7\ufb39\u05b7\u05e2\u05b7\ufb2b \u05d0\u05b1\u05dc\u05b9\u05d4\u05b4\u05d9\u05dd \u05d0\u05b6\u05ea\u05be\ufb2a\u05b0\u05e0\u05b5\u05d9 \u05d4\u05b7\ufb3e\u05b0\u05d0\u05b9\u05e8\u05b9\u05ea \u05d4\u05b7\ufb32\u05b0\u05d3\u05b9\u05dc\u05b4\u05d9\u05dd \u05d0\u05b6\u05ea\u05be\u05d4\u05b7\ufb3e\u05b8\u05d0\u05d5\u05b9\u05e8 \u05d4\u05b7\ufb32\u05b8\u05d3\u05b9\u05dc \u05dc\u05b0\u05de\u05b6\u05de\u05b0\ufb2a\u05b6\u05dc\u05b6\u05ea \u05d4\u05b7\ufb39\u05d5\u05b9\u05dd \u05d5\u05b0\u05d0\u05b6\u05ea\u05be\u05d4\u05b7\ufb3e\u05b8\u05d0\u05d5\u05b9\u05e8 \u05d4\u05b7\ufb47\u05b8\u05d8\u05b9\u05df \u05dc\u05b0\u05de\u05b6\u05de\u05b0\ufb2a\u05b6\u05dc\u05b6\u05ea \u05d4\u05b7\ufb3c\u05b7\u05d9\u05b0\u05dc\u05b8\u05d4 \u05d5\u05b0\u05d0\u05b5\u05ea \u05d4\u05b7\ufb3b\u05d5\u05b9\u05db\u05b8\u05d1\u05b4\u05d9\u05dd\u05c3 \u200f \u05d5\u05b7\ufb39\u05b4\ufb4a\u05b5\u05df \u05d0\u05b9\u05ea\u05b8\u05dd \u05d0\u05b1\u05dc\u05b9\u05d4\u05b4\u05d9\u05dd \ufb31\u05b4\u05e8\u05b0\u05e7\u05b4\u05d9\u05e2\u05b7 \u05d4\u05b7\ufb2c\u05b8\u05de\u05b8\u05d9\u05b4\u05dd \u05dc\u05b0\u05d4\u05b8\u05d0\u05b4\u05d9\u05e8 \u05e2\u05b7\u05dc\u05be\u05d4\u05b8\ufb2f\u05e8\u05b6\u05e5\u05c3\u200f \u05d5\u05b0\u05dc\u05b4\u05de\u05b0\ufb2a\u05b9\u05dc \ufb31\u05b7\ufb39\u05d5\u05b9\u05dd \ufb35\u05d1\u05b7\ufb3c\u05b7\u05d9\u05b0\u05dc\u05b8\u05d4 \ufb35\u05dc\u05b2\u05d4\u05b7\u05d1\u05b0\ufb33\u05b4\u05d9\u05dc \ufb31\u05b5\u05d9\u05df \u05d4\u05b8\u05d0\u05d5\u05b9\u05e8 \ufb35\u05d1\u05b5\u05d9\u05df \u05d4\u05b7\u05d7\u05b9\ufb2a\u05b6\u05da\u05b0 \u05d5\u05b7\ufb39\u05b7\u05e8\u05b0\u05d0 \u05d0\u05b1\u05dc\u05b9\u05d4\u05b4\u05d9\u05dd \ufb3b\u05b4\u05d9\u05be\u05d8\u05d5\u05b9\u05d1\u05c3\u200f \u05d5\u05b7\u05d9\u05b0\u05d4\u05b4\u05d9\u05be\u05e2\u05b6\u05e8\u05b6\u05d1 \u05d5\u05b7\u05d9\u05b0\u05d4\u05b4\u05d9\u05be\u05d1\u05b9\u05e7\u05b6\u05e8 \u05d9\u05d5\u05b9\u05dd \u05e8\u05b0\u05d1\u05b4\u05d9\u05e2\u05b4\u05d9\u05c3&lt;/p&gt;\n\n&lt;p&gt;And God said, &amp;#39;Let there be lights in the &lt;em&gt;raq\u00eea\u02bf&lt;/em&gt; of the heavens, to separate between day and between night. And they will function as signs and for appointed [calendrical] times and days and years. And they will be lights in the &lt;em&gt;raq\u00eea\u02bf&lt;/em&gt; of the heavens in order to shine upon the earth. And it was so. And God made the two Great Lights [note: this is a polemical construction\u2014the author here intentionally avoids the Hebrew words for &amp;quot;sun&amp;quot; and &amp;quot;moon&amp;quot; because those were names deities in other Semitic cultures]\u2014the greater light for ruling over the day and the lesser light or ruling over the night\u2014&lt;strong&gt;&lt;em&gt;and the stars&lt;/em&gt;&lt;/strong&gt;. And God set them in the &lt;em&gt;raq\u00eea\u02bf&lt;/em&gt; of the heavens, to shine upon the earth and to rule over the day and over the night and in order to divide between light and darkness. And God saw that it was good and it was evening and morning, a fourth day.&lt;/p&gt;\n&lt;/blockquote&gt;\n\n&lt;p&gt;Ok, so God sets these things in the &lt;em&gt;raq\u00eea\u02bf&lt;/em&gt; and they have a clearly defined purpose\u2014to shine and to help mark days and years. &lt;/p&gt;\n\n&lt;p&gt;I&amp;#39;ll add that throughout the Hebrew Bible, stars are used as an example of things that are presumably infinite or limitless in number. E.g., God tells Abraham that his offspring will be more numerous that the stars of the heavens (paralleled by the sand on the sea shore). Cf. Gen 15:5. According to Job, the stars are pure in the eyes of God (Job 25:5). They are used as a metaphor for eyes in Ecclesiastes 12. &lt;/p&gt;\n\n&lt;p&gt;Hopefully that&amp;#39;s helpful.&lt;/p&gt;\n&lt;/div&gt;", "stickied": false, "subreddit_type": "public", "can_gild": true, "gildings": {"gid_1": 0, "gid_2": 0, "gid_3": 0}, "author_flair_text_color": "dark", "score_hidden": false, "permalink": "/r/AskHistorians/comments/amd4zn/what_did_ancient_people_think_stars_were_was/efm1kdx/", "num_reports": null, "name": "t1_efm1kdx", "created": 1549138573.0, "subreddit": "AskHistorians", "author_flair_text": "Hebrew Bible | Ancient Near East", "collapsed": false, "subreddit_name_prefixed": "r/AskHistorians", "ups": 47, "depth": 0, "author_flair_background_color": "", "mod_reports": [], "mod_note": null, "distinguished": null}}, {"kind": "t1", "data": {"subreddit_id": "t5_2ssp3", "approved_at_utc": null, "mod_reason_by": null, "banned_by": null, "removal_reason": null, "link_id": "t3_amd4zn", "author_flair_template_id": null, "likes": null, "no_follow": true, "replies": {"kind": "Listing", "data": {"modhash": "", "dist": null, "children": [{"kind": "t1", "data": {"subreddit_id": "t5_2ssp3", "approved_at_utc": null, "mod_reason_by": null, "banned_by": null, "author_flair_type": "text", "removal_reason": null, "link_id": "t3_amd4zn", "author_flair_template_id": null, "likes": null, "no_follow": false, "replies": "", "user_reports": [], "saved": false, "id": "efltn17", "banned_at_utc": null, "mod_reason_title": null, "gilded": 0, "archived": false, "report_reasons": null, "author": "AncientHistory", "can_mod_post": false, "created_utc": 1549132260.0, "send_replies": true, "parent_id": "t1_eflszh7", "score": 7, "author_fullname": "t2_cxryn", "approved_by": null, "controversiality": 0, "body": "Please understand that people come here because they want an informed response from someone capable of engaging with the sources, and providing follow up information. While there are other sites where the answer may be available, simply dropping a link, or quoting from a source, without properly contextualizing it, is a violation of the [rules we have in place here.](https://www.reddit.com/r/AskHistorians/wiki/rules#wiki_do_not_just_post_links_or_quotations) These sources of course can make up an important part of a well-rounded answer, but do not equal an answer on their own. You can find further discussion of this policy [here](https://www.reddit.com/r/AskHistorians/comments/3yjz53/rules_roundtable_2_explaining_the_rules_regarding/).\n\nIn the future, please take the time to better familiarize yourself with [the rules](http://www.reddit.com/r/AskHistorians/wiki/rules#wiki_write_an_in-depth_answer), and be sure that your answer demonstrates these four key points:\n\n* Do I have the expertise needed to answer this question?\n* Have I done research on this question?\n* Can I cite academic quality primary and secondary sources?\n* Can I answer follow-up questions?\n\nThank you!", "edited": false, "author_flair_css_class": "other", "is_submitter": false, "downs": 0, "author_flair_richtext": [], "author_patreon_flair": false, "collapsed_reason": null, "body_html": "&lt;div class=\"md\"&gt;&lt;p&gt;Please understand that people come here because they want an informed response from someone capable of engaging with the sources, and providing follow up information. While there are other sites where the answer may be available, simply dropping a link, or quoting from a source, without properly contextualizing it, is a violation of the &lt;a href=\"https://www.reddit.com/r/AskHistorians/wiki/rules#wiki_do_not_just_post_links_or_quotations\"&gt;rules we have in place here.&lt;/a&gt; These sources of course can make up an important part of a well-rounded answer, but do not equal an answer on their own. You can find further discussion of this policy &lt;a href=\"https://www.reddit.com/r/AskHistorians/comments/3yjz53/rules_roundtable_2_explaining_the_rules_regarding/\"&gt;here&lt;/a&gt;.&lt;/p&gt;\n\n&lt;p&gt;In the future, please take the time to better familiarize yourself with &lt;a href=\"http://www.reddit.com/r/AskHistorians/wiki/rules#wiki_write_an_in-depth_answer\"&gt;the rules&lt;/a&gt;, and be sure that your answer demonstrates these four key points:&lt;/p&gt;\n\n&lt;ul&gt;\n&lt;li&gt;Do I have the expertise needed to answer this question?&lt;/li&gt;\n&lt;li&gt;Have I done research on this question?&lt;/li&gt;\n&lt;li&gt;Can I cite academic quality primary and secondary sources?&lt;/li&gt;\n&lt;li&gt;Can I answer follow-up questions?&lt;/li&gt;\n&lt;/ul&gt;\n\n&lt;p&gt;Thank you!&lt;/p&gt;\n&lt;/div&gt;", "stickied": false, "subreddit_type": "public", "can_gild": true, "gildings": {"gid_1": 0, "gid_2": 0, "gid_3": 0}, "author_flair_text_color": "dark", "score_hidden": false, "permalink": "/r/AskHistorians/comments/amd4zn/what_did_ancient_people_think_stars_were_was/efltn17/", "num_reports": null, "name": "t1_efltn17", "created": 1549132260.0, "subreddit": "AskHistorians", "author_flair_text": "Moderator | Pulp Studies | H. P. Lovecraft", "collapsed": false, "subreddit_name_prefixed": "r/AskHistorians", "ups": 7, "depth": 1, "author_flair_background_color": "", "mod_reports": [], "mod_note": null, "distinguished": "moderator"}}], "after": null, "before": null}}, "user_reports": [], "saved": false, "id": "eflszh7", "banned_at_utc": null, "mod_reason_title": null, "gilded": 0, "archived": false, "report_reasons": null, "author": "[deleted]", "can_mod_post": false, "created_utc": 1549131761.0, "send_replies": true, "parent_id": "t3_amd4zn", "score": 1, "approved_by": null, "controversiality": 0, "body": "[removed]", "edited": false, "author_flair_css_class": null, "downs": 0, "is_submitter": false, "collapsed_reason": null, "body_html": "&lt;div class=\"md\"&gt;&lt;p&gt;[removed]&lt;/p&gt;\n&lt;/div&gt;", "stickied": false, "subreddit_type": "public", "can_gild": true, "gildings": {"gid_1": 0, "gid_2": 0, "gid_3": 0}, "author_flair_text_color": "dark", "score_hidden": false, "permalink": "/r/AskHistorians/comments/amd4zn/what_did_ancient_people_think_stars_were_was/eflszh7/", "num_reports": null, "name": "t1_eflszh7", "created": 1549131761.0, "subreddit": "AskHistorians", "author_flair_text": null, "collapsed": false, "subreddit_name_prefixed": "r/AskHistorians", "ups": 1, "depth": 0, "author_flair_background_color": "", "mod_reports": [], "mod_note": null, "distinguished": null}}], "after": null, "before": null}}]