[{"kind": "Listing", "data": {"modhash": "", "dist": 1, "children": [{"kind": "t3", "data": {"approved_at_utc": null, "subreddit": "AskHistorians", "selftext": "The migration period happened around 300 AD, and it brought an end to the western Roman Empire. How and why did all those people decide to migrate to Western Europe? Also did they travel in large groups or small groups?", "user_reports": [], "saved": false, "mod_reason_title": null, "gilded": 0, "clicked": false, "title": "Why did the great migration period happened?", "link_flair_richtext": [], "subreddit_name_prefixed": "r/AskHistorians", "hidden": false, "pwls": 6, "link_flair_css_class": null, "downs": 0, "parent_whitelist_status": "all_ads", "hide_score": false, "name": "t3_amdak8", "quarantine": false, "link_flair_text_color": "dark", "upvote_ratio": 0.77, "author_flair_background_color": null, "subreddit_type": "public", "ups": 36, "total_awards_received": 0, "media_embed": {}, "author_flair_template_id": null, "is_original_content": false, "author_fullname": "t2_15w87l", "secure_media": null, "is_reddit_media_domain": false, "is_meta": false, "category": null, "secure_media_embed": {}, "link_flair_text": null, "can_mod_post": false, "num_duplicates": 1, "approved_by": null, "author_premium": false, "thumbnail": "", "edited": false, "author_flair_css_class": null, "author_flair_richtext": [], "gildings": {}, "content_categories": null, "is_self": true, "mod_note": null, "created": 1549135832.0, "link_flair_type": "text", "wls": 6, "removed_by_category": null, "banned_by": null, "author_flair_type": "text", "domain": "self.AskHistorians", "allow_live_comments": false, "selftext_html": "&lt;!-- SC_OFF --&gt;&lt;div class=\"md\"&gt;&lt;p&gt;The migration period happened around 300 AD, and it brought an end to the western Roman Empire. How and why did all those people decide to migrate to Western Europe? Also did they travel in large groups or small groups?&lt;/p&gt;\n&lt;/div&gt;&lt;!-- SC_ON --&gt;", "likes": null, "suggested_sort": null, "banned_at_utc": null, "view_count": null, "archived": true, "score": 36, "no_follow": false, "is_crosspostable": false, "pinned": false, "over_18": false, "all_awardings": [], "awarders": [], "media_only": false, "can_gild": false, "spoiler": false, "locked": false, "author_flair_text": null, "treatment_tags": [], "visited": false, "removed_by": null, "num_reports": null, "distinguished": null, "subreddit_id": "t5_2ssp3", "mod_reason_by": null, "removal_reason": null, "link_flair_background_color": "", "id": "amdak8", "is_robot_indexable": true, "report_reasons": null, "author": "lama__43", "discussion_type": null, "num_comments": 1, "send_replies": true, "media": null, "contest_mode": false, "author_patreon_flair": false, "author_flair_text_color": null, "permalink": "/r/AskHistorians/comments/amdak8/why_did_the_great_migration_period_happened/", "whitelist_status": "all_ads", "stickied": false, "url": "https://www.reddit.com/r/AskHistorians/comments/amdak8/why_did_the_great_migration_period_happened/", "subreddit_subscribers": 1160955, "created_utc": 1549107032.0, "num_crossposts": 0, "mod_reports": [], "is_video": false}}], "after": null, "before": null}}, {"kind": "Listing", "data": {"modhash": "", "dist": null, "children": [{"kind": "t1", "data": {"total_awards_received": 0, "approved_at_utc": null, "ups": 14, "awarders": [], "mod_reason_by": null, "banned_by": null, "author_flair_type": "text", "removal_reason": null, "link_id": "t3_amdak8", "author_flair_template_id": null, "likes": null, "replies": "", "user_reports": [], "saved": false, "id": "eflndgn", "banned_at_utc": null, "mod_reason_title": null, "gilded": 0, "archived": true, "no_follow": false, "author": "Meesus", "can_mod_post": false, "send_replies": true, "parent_id": "t3_amdak8", "score": 14, "author_fullname": "t2_cycvx", "report_reasons": null, "approved_by": null, "all_awardings": [], "subreddit_id": "t5_2ssp3", "body": "Peter Heather in \"Empires and Barbarians\" makes a good case for Rome's own success playing a major part. He explains that beyond the Rhine and Danube, the quality of the land and more primitive agricultural practices meant that areas weren't able to support large populations and often lost their ability to support even small populations after only a few generations. However, as Rome expanded to its frontiers, gradual technology transfer spread more advanced agricultural technologies deeper into Europe thanks to the porosity of Rome's borders to raiding and cross-border trade. After many generations, the result was the regions across the Rhine and Danube were able to support larger populations and more advanced societies. Meanwhile, Rome's frontiers had already been an attractive target for raids long before the peoples across the border had the ability to support larger polities. As Rome weakened, larger, more advanced barbarian polities had the kind of organization and power for more substantial raiding. Given their semi-nomadic past, they also had less aversion to migration, and thus were more able to move as large migrating groups.\n\nThere as also the Huns, which usually fall into the narrative that they came raiding across the Pontic Steppe, displacing tribes as they came and forcing them towards Rome out of desperation. However, the beginning stages of the Migration Period seem to predate the Huns and fall more in line with Heather's idea of technology transfer - the Marcomannic Wars took place in the latter half of the Second Century and were on a scale far larger than any Germanic raids Rome had suffered thus far, and in the Third Century Gothic raiders were raiding all over the Black Sea and Balkans, and even making it as far as Cyprus. The Huns may have displaced people, but they didn't create a refugee crisis as it's often portrayed.\n\nAs for the style of migration, it varied widely. They could consist of very small units moving over the span of generations or be more substantial single units like Alaric's Visigoths in the early 5th Century. The big thing to remember is that the migrations were rarely as \"clean\" as they're portrayed. Long-term piecemeal migrations like that of the Goths from the Baltic to the Pontic Steppe weren't complete population transplants, nor did they completely displace the populations where they arrived. Some of the \"old\" people remained at both the start and end points of migration, and often cultural elements would combine as the new migrants moved in. Larger single migrations, on the other hand, tended to consist of more diverse groups than they're labeled - Alaric's Visigoths, for example, had people from most of the major groups that had settled in the Balkans.", "edited": false, "downs": 0, "author_flair_css_class": null, "is_submitter": false, "collapsed": false, "author_flair_richtext": [], "author_patreon_flair": false, "body_html": "&lt;div class=\"md\"&gt;&lt;p&gt;Peter Heather in &amp;quot;Empires and Barbarians&amp;quot; makes a good case for Rome&amp;#39;s own success playing a major part. He explains that beyond the Rhine and Danube, the quality of the land and more primitive agricultural practices meant that areas weren&amp;#39;t able to support large populations and often lost their ability to support even small populations after only a few generations. However, as Rome expanded to its frontiers, gradual technology transfer spread more advanced agricultural technologies deeper into Europe thanks to the porosity of Rome&amp;#39;s borders to raiding and cross-border trade. After many generations, the result was the regions across the Rhine and Danube were able to support larger populations and more advanced societies. Meanwhile, Rome&amp;#39;s frontiers had already been an attractive target for raids long before the peoples across the border had the ability to support larger polities. As Rome weakened, larger, more advanced barbarian polities had the kind of organization and power for more substantial raiding. Given their semi-nomadic past, they also had less aversion to migration, and thus were more able to move as large migrating groups.&lt;/p&gt;\n\n&lt;p&gt;There as also the Huns, which usually fall into the narrative that they came raiding across the Pontic Steppe, displacing tribes as they came and forcing them towards Rome out of desperation. However, the beginning stages of the Migration Period seem to predate the Huns and fall more in line with Heather&amp;#39;s idea of technology transfer - the Marcomannic Wars took place in the latter half of the Second Century and were on a scale far larger than any Germanic raids Rome had suffered thus far, and in the Third Century Gothic raiders were raiding all over the Black Sea and Balkans, and even making it as far as Cyprus. The Huns may have displaced people, but they didn&amp;#39;t create a refugee crisis as it&amp;#39;s often portrayed.&lt;/p&gt;\n\n&lt;p&gt;As for the style of migration, it varied widely. They could consist of very small units moving over the span of generations or be more substantial single units like Alaric&amp;#39;s Visigoths in the early 5th Century. The big thing to remember is that the migrations were rarely as &amp;quot;clean&amp;quot; as they&amp;#39;re portrayed. Long-term piecemeal migrations like that of the Goths from the Baltic to the Pontic Steppe weren&amp;#39;t complete population transplants, nor did they completely displace the populations where they arrived. Some of the &amp;quot;old&amp;quot; people remained at both the start and end points of migration, and often cultural elements would combine as the new migrants moved in. Larger single migrations, on the other hand, tended to consist of more diverse groups than they&amp;#39;re labeled - Alaric&amp;#39;s Visigoths, for example, had people from most of the major groups that had settled in the Balkans.&lt;/p&gt;\n&lt;/div&gt;", "gildings": {}, "collapsed_reason": null, "associated_award": null, "stickied": false, "author_premium": false, "subreddit_type": "public", "can_gild": true, "subreddit": "AskHistorians", "author_flair_text_color": null, "score_hidden": false, "permalink": "/r/AskHistorians/comments/amdak8/why_did_the_great_migration_period_happened/eflndgn/", "num_reports": null, "locked": false, "name": "t1_eflndgn", "created": 1549156219.0, "author_flair_text": null, "treatment_tags": [], "created_utc": 1549127419.0, "subreddit_name_prefixed": "r/AskHistorians", "controversiality": 0, "depth": 0, "author_flair_background_color": null, "collapsed_because_crowd_control": null, "mod_reports": [], "mod_note": null, "distinguished": null}}], "after": null, "before": null}}]