[{"kind": "Listing", "data": {"modhash": "", "dist": 1, "children": [{"kind": "t3", "data": {"approved_at_utc": null, "subreddit": "AskHistorians", "selftext": "One of my question of the WWI: Is there a real chance gemany would have learn from  russo-japanese war so they may change their tatic from Schlieffen Plan to foucus on the russia instead.", "user_reports": [], "saved": false, "mod_reason_title": null, "gilded": 0, "clicked": false, "title": "Can Germany learn from russo japanese war?", "link_flair_richtext": [], "subreddit_name_prefixed": "r/AskHistorians", "hidden": false, "pwls": 6, "link_flair_css_class": null, "downs": 0, "parent_whitelist_status": "all_ads", "hide_score": false, "name": "t3_amdmt6", "quarantine": false, "link_flair_text_color": "dark", "upvote_ratio": 0.4, "author_flair_background_color": null, "subreddit_type": "public", "ups": 0, "domain": "self.AskHistorians", "media_embed": {}, "author_flair_template_id": null, "is_original_content": false, "author_fullname": "t2_a2esp", "secure_media": null, "is_reddit_media_domain": false, "is_meta": false, "category": null, "secure_media_embed": {}, "link_flair_text": null, "can_mod_post": false, "score": 0, "approved_by": null, "thumbnail": "", "edited": false, "author_flair_css_class": null, "author_flair_richtext": [], "gildings": {"gid_1": 0, "gid_2": 0, "gid_3": 0}, "content_categories": null, "is_self": true, "mod_note": null, "created": 1549110336.0, "link_flair_type": "text", "wls": 6, "banned_by": null, "author_flair_type": "text", "contest_mode": false, "selftext_html": "&lt;!-- SC_OFF --&gt;&lt;div class=\"md\"&gt;&lt;p&gt;One of my question of the WWI: Is there a real chance gemany would have learn from  russo-japanese war so they may change their tatic from Schlieffen Plan to foucus on the russia instead.&lt;/p&gt;\n&lt;/div&gt;&lt;!-- SC_ON --&gt;", "likes": null, "suggested_sort": null, "banned_at_utc": null, "view_count": null, "archived": false, "no_follow": true, "is_crosspostable": false, "pinned": false, "over_18": false, "media": null, "media_only": false, "link_flair_template_id": null, "can_gild": false, "spoiler": false, "locked": false, "author_flair_text": null, "visited": false, "num_reports": null, "distinguished": null, "subreddit_id": "t5_2ssp3", "mod_reason_by": null, "removal_reason": null, "link_flair_background_color": "", "id": "amdmt6", "is_robot_indexable": true, "report_reasons": null, "author": "lowinglok", "num_crossposts": 0, "num_comments": 5, "send_replies": true, "author_patreon_flair": false, "author_flair_text_color": null, "permalink": "/r/AskHistorians/comments/amdmt6/can_germany_learn_from_russo_japanese_war/", "whitelist_status": "all_ads", "stickied": false, "url": "https://www.reddit.com/r/AskHistorians/comments/amdmt6/can_germany_learn_from_russo_japanese_war/", "subreddit_subscribers": 921114, "created_utc": 1549110336.0, "mod_reports": [], "is_video": false}}], "after": null, "before": null}}, {"kind": "Listing", "data": {"modhash": "", "dist": null, "children": [{"kind": "t1", "data": {"subreddit_id": "t5_2ssp3", "approved_at_utc": null, "mod_reason_by": null, "banned_by": null, "author_flair_type": "text", "removal_reason": null, "link_id": "t3_amdmt6", "author_flair_template_id": null, "likes": null, "no_follow": true, "replies": {"kind": "Listing", "data": {"modhash": "", "dist": null, "children": [{"kind": "t1", "data": {"subreddit_id": "t5_2ssp3", "approved_at_utc": null, "mod_reason_by": null, "banned_by": null, "author_flair_type": "text", "removal_reason": null, "link_id": "t3_amdmt6", "author_flair_template_id": null, "likes": null, "no_follow": true, "replies": {"kind": "Listing", "data": {"modhash": "", "dist": null, "children": [{"kind": "t1", "data": {"subreddit_id": "t5_2ssp3", "approved_at_utc": null, "mod_reason_by": null, "banned_by": null, "author_flair_type": "text", "removal_reason": null, "link_id": "t3_amdmt6", "author_flair_template_id": null, "likes": null, "no_follow": true, "replies": {"kind": "Listing", "data": {"modhash": "", "dist": null, "children": [{"kind": "t1", "data": {"subreddit_id": "t5_2ssp3", "approved_at_utc": null, "mod_reason_by": null, "banned_by": null, "author_flair_type": "text", "removal_reason": null, "link_id": "t3_amdmt6", "author_flair_template_id": null, "likes": null, "no_follow": true, "replies": {"kind": "Listing", "data": {"modhash": "", "dist": null, "children": [{"kind": "t1", "data": {"subreddit_id": "t5_2ssp3", "approved_at_utc": null, "mod_reason_by": null, "banned_by": null, "author_flair_type": "text", "removal_reason": null, "link_id": "t3_amdmt6", "author_flair_template_id": null, "likes": null, "no_follow": true, "replies": "", "user_reports": [], "saved": false, "id": "eflqt6z", "banned_at_utc": null, "mod_reason_title": null, "gilded": 0, "archived": false, "report_reasons": null, "author": "GancioTheRanter", "can_mod_post": false, "created_utc": 1549130079.0, "send_replies": true, "parent_id": "t1_eflor6o", "score": 1, "author_fullname": "t2_oabmhel", "approved_by": null, "controversiality": 0, "body": "They relied on the belief that the UK wouldn't join a war over Belgium, a country that exists only due to diplomatic machinations. In the context of ww1, everyone behaved \"unprofessionally\" , in the sense that they got a war they didn't wanted. Much of the reasons behind the escalation of the July crisis depends on the belief of the various powers that no one would actually risk a war. Kaiser Wilhelm believed that Austria had no reason to declare war, but was outmaneuvered by the hawks in his government. These hawks were willing to risk a war, but they only wanted to defeat France and Russia through diplomacy. Austria decided to take a tough stance against Russia and Serbia because it knew that Germany would support her. The point is that no one was prepared for nor wanted a full blown war ", "edited": false, "author_flair_css_class": null, "is_submitter": false, "downs": 0, "author_flair_richtext": [], "author_patreon_flair": false, "collapsed_reason": null, "body_html": "&lt;div class=\"md\"&gt;&lt;p&gt;They relied on the belief that the UK wouldn&amp;#39;t join a war over Belgium, a country that exists only due to diplomatic machinations. In the context of ww1, everyone behaved &amp;quot;unprofessionally&amp;quot; , in the sense that they got a war they didn&amp;#39;t wanted. Much of the reasons behind the escalation of the July crisis depends on the belief of the various powers that no one would actually risk a war. Kaiser Wilhelm believed that Austria had no reason to declare war, but was outmaneuvered by the hawks in his government. These hawks were willing to risk a war, but they only wanted to defeat France and Russia through diplomacy. Austria decided to take a tough stance against Russia and Serbia because it knew that Germany would support her. The point is that no one was prepared for nor wanted a full blown war &lt;/p&gt;\n&lt;/div&gt;", "stickied": false, "subreddit_type": "public", "can_gild": true, "gildings": {"gid_1": 0, "gid_2": 0, "gid_3": 0}, "author_flair_text_color": null, "score_hidden": false, "permalink": "/r/AskHistorians/comments/amdmt6/can_germany_learn_from_russo_japanese_war/eflqt6z/", "num_reports": null, "name": "t1_eflqt6z", "created": 1549130079.0, "subreddit": "AskHistorians", "author_flair_text": null, "collapsed": false, "subreddit_name_prefixed": "r/AskHistorians", "ups": 1, "depth": 4, "author_flair_background_color": null, "mod_reports": [], "mod_note": null, "distinguished": null}}], "after": null, "before": null}}, "user_reports": [], "saved": false, "id": "eflor6o", "banned_at_utc": null, "mod_reason_title": null, "gilded": 0, "archived": false, "report_reasons": null, "author": "lowinglok", "can_mod_post": false, "created_utc": 1549128489.0, "send_replies": true, "parent_id": "t1_efldd25", "score": 1, "author_fullname": "t2_a2esp", "approved_by": null, "controversiality": 0, "body": "So, with all of what you said Germany is not really following the plan and just because of the gut feeling , they provoate the british to join the war? they are alot more unprofessional than i though .", "edited": false, "author_flair_css_class": null, "is_submitter": true, "downs": 0, "author_flair_richtext": [], "author_patreon_flair": false, "collapsed_reason": null, "body_html": "&lt;div class=\"md\"&gt;&lt;p&gt;So, with all of what you said Germany is not really following the plan and just because of the gut feeling , they provoate the british to join the war? they are alot more unprofessional than i though .&lt;/p&gt;\n&lt;/div&gt;", "stickied": false, "subreddit_type": "public", "can_gild": true, "gildings": {"gid_1": 0, "gid_2": 0, "gid_3": 0}, "author_flair_text_color": null, "score_hidden": false, "permalink": "/r/AskHistorians/comments/amdmt6/can_germany_learn_from_russo_japanese_war/eflor6o/", "num_reports": null, "name": "t1_eflor6o", "created": 1549128489.0, "subreddit": "AskHistorians", "author_flair_text": null, "collapsed": false, "subreddit_name_prefixed": "r/AskHistorians", "ups": 1, "depth": 3, "author_flair_background_color": null, "mod_reports": [], "mod_note": null, "distinguished": null}}], "after": null, "before": null}}, "user_reports": [], "saved": false, "id": "efldd25", "banned_at_utc": null, "mod_reason_title": null, "gilded": 0, "archived": false, "report_reasons": null, "author": "GancioTheRanter", "can_mod_post": false, "created_utc": 1549118879.0, "send_replies": true, "parent_id": "t1_eflc3fg", "score": 1, "author_fullname": "t2_oabmhel", "approved_by": null, "controversiality": 0, "body": "The success of Hitler was largely accidental. At the time nobody thought that Germany could have defeated France so quickly, not even the German high command. But comparing the German empire and Nazi Germany is clearly impossible, since the latter was motivated by a different perception of the world order \nMaking grand general plans isn't exactly the job of the military, since these plans not only weren't supposed to be followed in an actual war and ignored the continually evolving political situation. The central powers and the triple entente weren't exactly set in stone, and especially in 1914 Britain was drifting away from Russia towards Germany, since the naval arms race had effectively ended. That said, I really can't stress enough how plans like the schlieffen plan weren't comprehensive war plans, since a war was considered unlikely, and in general European armies were not prepared for a war in 1914. ", "edited": false, "author_flair_css_class": null, "is_submitter": false, "downs": 0, "author_flair_richtext": [], "author_patreon_flair": false, "collapsed_reason": null, "body_html": "&lt;div class=\"md\"&gt;&lt;p&gt;The success of Hitler was largely accidental. At the time nobody thought that Germany could have defeated France so quickly, not even the German high command. But comparing the German empire and Nazi Germany is clearly impossible, since the latter was motivated by a different perception of the world order \nMaking grand general plans isn&amp;#39;t exactly the job of the military, since these plans not only weren&amp;#39;t supposed to be followed in an actual war and ignored the continually evolving political situation. The central powers and the triple entente weren&amp;#39;t exactly set in stone, and especially in 1914 Britain was drifting away from Russia towards Germany, since the naval arms race had effectively ended. That said, I really can&amp;#39;t stress enough how plans like the schlieffen plan weren&amp;#39;t comprehensive war plans, since a war was considered unlikely, and in general European armies were not prepared for a war in 1914. &lt;/p&gt;\n&lt;/div&gt;", "stickied": false, "subreddit_type": "public", "can_gild": true, "gildings": {"gid_1": 0, "gid_2": 0, "gid_3": 0}, "author_flair_text_color": null, "score_hidden": false, "permalink": "/r/AskHistorians/comments/amdmt6/can_germany_learn_from_russo_japanese_war/efldd25/", "num_reports": null, "name": "t1_efldd25", "created": 1549118879.0, "subreddit": "AskHistorians", "author_flair_text": null, "collapsed": false, "subreddit_name_prefixed": "r/AskHistorians", "ups": 1, "depth": 2, "author_flair_background_color": null, "mod_reports": [], "mod_note": null, "distinguished": null}}], "after": null, "before": null}}, "user_reports": [], "saved": false, "id": "eflc3fg", "banned_at_utc": null, "mod_reason_title": null, "gilded": 0, "archived": false, "report_reasons": null, "author": "lowinglok", "can_mod_post": false, "created_utc": 1549117591.0, "send_replies": true, "parent_id": "t1_eflanjz", "score": 1, "author_fullname": "t2_a2esp", "approved_by": null, "controversiality": 0, "body": "I know i am from hindsight but my feeling is the Schlieffen plan is not really a failure. You know hitler is successful with the same plan basicly. The problem is the tech making trench warwafre an inevitable consequence. Does anyone from the german army really have the gut feeling this will happen? \n\nSo, you are saying making solid plans in peace time is not the job of the military of the time? what these guys really do for their job? I would imagine mordern army would have alot plan.", "edited": false, "author_flair_css_class": null, "is_submitter": true, "downs": 0, "author_flair_richtext": [], "author_patreon_flair": false, "collapsed_reason": null, "body_html": "&lt;div class=\"md\"&gt;&lt;p&gt;I know i am from hindsight but my feeling is the Schlieffen plan is not really a failure. You know hitler is successful with the same plan basicly. The problem is the tech making trench warwafre an inevitable consequence. Does anyone from the german army really have the gut feeling this will happen? &lt;/p&gt;\n\n&lt;p&gt;So, you are saying making solid plans in peace time is not the job of the military of the time? what these guys really do for their job? I would imagine mordern army would have alot plan.&lt;/p&gt;\n&lt;/div&gt;", "stickied": false, "subreddit_type": "public", "can_gild": true, "gildings": {"gid_1": 0, "gid_2": 0, "gid_3": 0}, "author_flair_text_color": null, "score_hidden": false, "permalink": "/r/AskHistorians/comments/amdmt6/can_germany_learn_from_russo_japanese_war/eflc3fg/", "num_reports": null, "name": "t1_eflc3fg", "created": 1549117591.0, "subreddit": "AskHistorians", "author_flair_text": null, "collapsed": false, "subreddit_name_prefixed": "r/AskHistorians", "ups": 1, "depth": 1, "author_flair_background_color": null, "mod_reports": [], "mod_note": null, "distinguished": null}}], "after": null, "before": null}}, "user_reports": [], "saved": false, "id": "eflanjz", "banned_at_utc": null, "mod_reason_title": null, "gilded": 0, "archived": false, "report_reasons": null, "author": "GancioTheRanter", "can_mod_post": false, "created_utc": 1549116071.0, "send_replies": true, "parent_id": "t3_amdmt6", "score": 1, "author_fullname": "t2_oabmhel", "approved_by": null, "controversiality": 0, "body": "Of course it could have learned something from the war, but it could also have learned from the Balkan wars. There isn't a anything stopping them from building more light artillery, light machine guns, training in indirect vs direct fire or using handgranades and trench mortars. Especially Germany , which was the first great power to adopt these weapons and tactics in 1914 and 1915. \nEvery major power had sent observers (that later rose to command positions in ww1, like Von Etzel and Max Hofmann) and every country published accounts that varied in lenght and precision. The Germans even updated their infantry tactics in the 1906 drill Regulation manual, which specifically suggested the breaking up of military formations when necessary. So they did learn something at least, and certainly they didn't ignored the war. There was no major revolution in doctrine because such things are hard to accomplish, especially in fields dominated by the aristocracy such us early 20th century armies (even tho Republican France was probably the country that missed most of the lessons taught by the war, mistaking Japanese success against Russian defensive formations as another confirmation of their belief that a well motivated army could beat every defense). Also, your question is based on the common misconception that European countries were preparing for a world War in 1914, and that the schlieffen plan was an actual comprehensive plan to win the war. The Schlieffen plan lacked many details and basically focused entirely on the western front, ignoring Russia, some historians believe that it was just a way for the German military to get more funding. The point is that nobody was prepared to fight a great war in 1914, and nobody had a war in mind, except the usual hawks. ", "edited": false, "author_flair_css_class": null, "is_submitter": false, "downs": 0, "author_flair_richtext": [], "author_patreon_flair": false, "collapsed_reason": null, "body_html": "&lt;div class=\"md\"&gt;&lt;p&gt;Of course it could have learned something from the war, but it could also have learned from the Balkan wars. There isn&amp;#39;t a anything stopping them from building more light artillery, light machine guns, training in indirect vs direct fire or using handgranades and trench mortars. Especially Germany , which was the first great power to adopt these weapons and tactics in 1914 and 1915. \nEvery major power had sent observers (that later rose to command positions in ww1, like Von Etzel and Max Hofmann) and every country published accounts that varied in lenght and precision. The Germans even updated their infantry tactics in the 1906 drill Regulation manual, which specifically suggested the breaking up of military formations when necessary. So they did learn something at least, and certainly they didn&amp;#39;t ignored the war. There was no major revolution in doctrine because such things are hard to accomplish, especially in fields dominated by the aristocracy such us early 20th century armies (even tho Republican France was probably the country that missed most of the lessons taught by the war, mistaking Japanese success against Russian defensive formations as another confirmation of their belief that a well motivated army could beat every defense). Also, your question is based on the common misconception that European countries were preparing for a world War in 1914, and that the schlieffen plan was an actual comprehensive plan to win the war. The Schlieffen plan lacked many details and basically focused entirely on the western front, ignoring Russia, some historians believe that it was just a way for the German military to get more funding. The point is that nobody was prepared to fight a great war in 1914, and nobody had a war in mind, except the usual hawks. &lt;/p&gt;\n&lt;/div&gt;", "stickied": false, "subreddit_type": "public", "can_gild": true, "gildings": {"gid_1": 0, "gid_2": 0, "gid_3": 0}, "author_flair_text_color": null, "score_hidden": false, "permalink": "/r/AskHistorians/comments/amdmt6/can_germany_learn_from_russo_japanese_war/eflanjz/", "num_reports": null, "name": "t1_eflanjz", "created": 1549116071.0, "subreddit": "AskHistorians", "author_flair_text": null, "collapsed": false, "subreddit_name_prefixed": "r/AskHistorians", "ups": 1, "depth": 0, "author_flair_background_color": null, "mod_reports": [], "mod_note": null, "distinguished": null}}], "after": null, "before": null}}]