[{"kind": "Listing", "data": {"modhash": "", "dist": 1, "children": [{"kind": "t3", "data": {"approved_at_utc": null, "subreddit": "AskHistorians", "selftext": "", "user_reports": [], "saved": false, "mod_reason_title": null, "gilded": 0, "clicked": false, "title": "Where does the image of St Peter at the pearly gates sorting between who gets in to heaven come from?", "link_flair_richtext": [], "subreddit_name_prefixed": "r/AskHistorians", "hidden": false, "pwls": 6, "link_flair_css_class": null, "downs": 0, "parent_whitelist_status": "all_ads", "hide_score": false, "name": "t3_amf6v3", "quarantine": false, "link_flair_text_color": "dark", "upvote_ratio": 0.89, "author_flair_background_color": "", "subreddit_type": "public", "ups": 40, "domain": "self.AskHistorians", "media_embed": {}, "author_flair_template_id": null, "is_original_content": false, "author_fullname": "t2_hwjqh", "secure_media": null, "is_reddit_media_domain": false, "is_meta": false, "category": null, "secure_media_embed": {}, "link_flair_text": null, "can_mod_post": false, "score": 40, "approved_by": null, "thumbnail": "", "edited": false, "author_flair_css_class": "qualitycontributor", "author_flair_richtext": [], "gildings": {"gid_1": 0, "gid_2": 0, "gid_3": 0}, "content_categories": null, "is_self": true, "mod_note": null, "created": 1549122299.0, "link_flair_type": "text", "wls": 6, "banned_by": null, "author_flair_type": "text", "contest_mode": false, "selftext_html": null, "likes": null, "suggested_sort": null, "banned_at_utc": null, "view_count": null, "archived": false, "no_follow": false, "is_crosspostable": false, "pinned": false, "over_18": false, "media": null, "media_only": false, "link_flair_template_id": null, "can_gild": false, "spoiler": false, "locked": false, "author_flair_text": "Interesting Inquirer", "visited": false, "num_reports": null, "distinguished": null, "subreddit_id": "t5_2ssp3", "mod_reason_by": null, "removal_reason": null, "link_flair_background_color": "", "id": "amf6v3", "is_robot_indexable": true, "report_reasons": null, "author": "td4999", "num_crossposts": 0, "num_comments": 1, "send_replies": true, "author_patreon_flair": false, "author_flair_text_color": "dark", "permalink": "/r/AskHistorians/comments/amf6v3/where_does_the_image_of_st_peter_at_the_pearly/", "whitelist_status": "all_ads", "stickied": false, "url": "https://www.reddit.com/r/AskHistorians/comments/amf6v3/where_does_the_image_of_st_peter_at_the_pearly/", "subreddit_subscribers": 921114, "created_utc": 1549122299.0, "mod_reports": [], "is_video": false}}], "after": null, "before": null}}, {"kind": "Listing", "data": {"modhash": "", "dist": null, "children": [{"kind": "t1", "data": {"subreddit_id": "t5_2ssp3", "approved_at_utc": null, "mod_reason_by": null, "banned_by": null, "author_flair_type": "text", "removal_reason": null, "link_id": "t3_amf6v3", "author_flair_template_id": null, "likes": null, "no_follow": true, "replies": "", "user_reports": [], "saved": false, "id": "efneglt", "banned_at_utc": null, "mod_reason_title": null, "gilded": 0, "archived": false, "report_reasons": null, "author": "PinkGayWhale", "can_mod_post": false, "created_utc": 1549187358.0, "send_replies": true, "parent_id": "t3_amf6v3", "score": 2, "author_fullname": "t2_eetgh", "approved_by": null, "controversiality": 0, "body": "The image arises from Jesus' words as described in the Christian New Testament of the Bible.   The relevant phrase is in the gospel of Matthew 16.19\n\n&gt;And I will give unto thee the keys of the kingdom of heaven: and whatsoever thou shalt bind on earth shall be bound in heaven: and whatsoever thou shalt loose on earth shall be loosed in heaven.\n\nBecause of this images of the apostle Peter commonly show him carrying keys and acting as a gatekeeper to heaven.   Simon/Peter is also often pictured as a fisherman both because that was his trade and because in the gospel of Luke 5.10 Jesus is quoted as saying to him\n\n&gt;Have no  fear; from this time forward you will be a fisher of men.", "edited": false, "author_flair_css_class": null, "is_submitter": false, "downs": 0, "author_flair_richtext": [], "author_patreon_flair": false, "collapsed_reason": null, "body_html": "&lt;div class=\"md\"&gt;&lt;p&gt;The image arises from Jesus&amp;#39; words as described in the Christian New Testament of the Bible.   The relevant phrase is in the gospel of Matthew 16.19&lt;/p&gt;\n\n&lt;blockquote&gt;\n&lt;p&gt;And I will give unto thee the keys of the kingdom of heaven: and whatsoever thou shalt bind on earth shall be bound in heaven: and whatsoever thou shalt loose on earth shall be loosed in heaven.&lt;/p&gt;\n&lt;/blockquote&gt;\n\n&lt;p&gt;Because of this images of the apostle Peter commonly show him carrying keys and acting as a gatekeeper to heaven.   Simon/Peter is also often pictured as a fisherman both because that was his trade and because in the gospel of Luke 5.10 Jesus is quoted as saying to him&lt;/p&gt;\n\n&lt;blockquote&gt;\n&lt;p&gt;Have no  fear; from this time forward you will be a fisher of men.&lt;/p&gt;\n&lt;/blockquote&gt;\n&lt;/div&gt;", "stickied": false, "subreddit_type": "public", "can_gild": true, "gildings": {"gid_1": 0, "gid_2": 0, "gid_3": 0}, "author_flair_text_color": null, "score_hidden": false, "permalink": "/r/AskHistorians/comments/amf6v3/where_does_the_image_of_st_peter_at_the_pearly/efneglt/", "num_reports": null, "name": "t1_efneglt", "created": 1549187358.0, "subreddit": "AskHistorians", "author_flair_text": null, "collapsed": false, "subreddit_name_prefixed": "r/AskHistorians", "ups": 2, "depth": 0, "author_flair_background_color": null, "mod_reports": [], "mod_note": null, "distinguished": null}}], "after": null, "before": null}}]