[{"kind": "Listing", "data": {"modhash": "", "dist": 1, "children": [{"kind": "t3", "data": {"approved_at_utc": null, "subreddit": "AskHistorians", "selftext": "In America, Native Americans are typically presented as various groups of hunter gatherers.  Why are the feats of Native American tribes such as the Mississippians, such as Poverty Point and Cahokia Mounds, and their large trade networks stretching thousands of miles ignored?  \n\nI understand that due to their extreme isolation at the time these fears had little impact on later civilizations.  But to me, the fact that such great feats occurred in isolation is all the more reason for them to be taught.\n\nEdit: typo", "user_reports": [], "saved": false, "mod_reason_title": null, "gilded": 0, "clicked": false, "title": "Why is there little importance placed on the education of Native American civilizations before the arrival of Europeans?", "link_flair_richtext": [], "subreddit_name_prefixed": "r/AskHistorians", "hidden": false, "pwls": 6, "link_flair_css_class": null, "downs": 0, "parent_whitelist_status": "all_ads", "hide_score": false, "name": "t3_amhld7", "quarantine": false, "link_flair_text_color": "dark", "upvote_ratio": 0.75, "author_flair_background_color": null, "subreddit_type": "public", "ups": 2, "domain": "self.AskHistorians", "media_embed": {}, "author_flair_template_id": null, "is_original_content": false, "author_fullname": "t2_12n73r", "secure_media": null, "is_reddit_media_domain": false, "is_meta": false, "category": null, "secure_media_embed": {}, "link_flair_text": null, "can_mod_post": false, "score": 2, "approved_by": null, "thumbnail": "", "edited": false, "author_flair_css_class": null, "author_flair_richtext": [], "gildings": {"gid_1": 0, "gid_2": 0, "gid_3": 0}, "content_categories": null, "is_self": true, "mod_note": null, "created": 1549136699.0, "link_flair_type": "text", "wls": 6, "banned_by": null, "author_flair_type": "text", "contest_mode": false, "selftext_html": "&lt;!-- SC_OFF --&gt;&lt;div class=\"md\"&gt;&lt;p&gt;In America, Native Americans are typically presented as various groups of hunter gatherers.  Why are the feats of Native American tribes such as the Mississippians, such as Poverty Point and Cahokia Mounds, and their large trade networks stretching thousands of miles ignored?  &lt;/p&gt;\n\n&lt;p&gt;I understand that due to their extreme isolation at the time these fears had little impact on later civilizations.  But to me, the fact that such great feats occurred in isolation is all the more reason for them to be taught.&lt;/p&gt;\n\n&lt;p&gt;Edit: typo&lt;/p&gt;\n&lt;/div&gt;&lt;!-- SC_ON --&gt;", "likes": null, "suggested_sort": null, "banned_at_utc": null, "view_count": null, "archived": false, "no_follow": true, "is_crosspostable": false, "pinned": false, "over_18": false, "media": null, "media_only": false, "link_flair_template_id": null, "can_gild": false, "spoiler": false, "locked": false, "author_flair_text": null, "visited": false, "num_reports": null, "distinguished": null, "subreddit_id": "t5_2ssp3", "mod_reason_by": null, "removal_reason": null, "link_flair_background_color": "", "id": "amhld7", "is_robot_indexable": true, "report_reasons": null, "author": "spaceman019", "num_crossposts": 0, "num_comments": 3, "send_replies": true, "author_patreon_flair": false, "author_flair_text_color": null, "permalink": "/r/AskHistorians/comments/amhld7/why_is_there_little_importance_placed_on_the/", "whitelist_status": "all_ads", "stickied": false, "url": "https://www.reddit.com/r/AskHistorians/comments/amhld7/why_is_there_little_importance_placed_on_the/", "subreddit_subscribers": 921114, "created_utc": 1549136699.0, "mod_reports": [], "is_video": false}}], "after": null, "before": null}}, {"kind": "Listing", "data": {"modhash": "", "dist": null, "children": [{"kind": "t1", "data": {"subreddit_id": "t5_2ssp3", "approved_at_utc": null, "mod_reason_by": null, "banned_by": null, "author_flair_type": "text", "removal_reason": null, "link_id": "t3_amhld7", "author_flair_template_id": null, "likes": null, "no_follow": true, "replies": {"kind": "Listing", "data": {"modhash": "", "dist": null, "children": [{"kind": "t1", "data": {"subreddit_id": "t5_2ssp3", "approved_at_utc": null, "mod_reason_by": null, "banned_by": null, "author_flair_type": "text", "removal_reason": null, "link_id": "t3_amhld7", "author_flair_template_id": null, "likes": null, "no_follow": true, "replies": "", "user_reports": [], "saved": false, "id": "efm6sv4", "banned_at_utc": null, "mod_reason_title": null, "gilded": 0, "archived": false, "report_reasons": null, "author": "Wepwawet-hotep", "can_mod_post": false, "created_utc": 1549142860.0, "send_replies": true, "parent_id": "t1_efm1m3u", "score": 3, "author_fullname": "t2_2vxcv65w", "approved_by": null, "controversiality": 0, "body": "This is a really good answer, and I would like to add that I think there is a systemic element to it, at least in the departments I have been in. Most of the professors in my department don't know much if anything about the pre-Columbian New World, and doubly so for North America. Many of them didn't even know there were complex societies in North America until it came up in conversations we were having. Those in my department that are aware of these civilizations think they are \"boring\" because of the lack of writing, and therefore ommit them from their syllabi entirely. I really enjoy New World archaeology, so I like to slip Chaco Canyon and Mesa Verde in, at the very least. But, if you don't even know that complex civilizations existed in the New World, much less what they were called or what they were like, then they aren't going to get included in a class.", "edited": false, "author_flair_css_class": null, "is_submitter": false, "downs": 0, "author_flair_richtext": [], "author_patreon_flair": false, "collapsed_reason": null, "body_html": "&lt;div class=\"md\"&gt;&lt;p&gt;This is a really good answer, and I would like to add that I think there is a systemic element to it, at least in the departments I have been in. Most of the professors in my department don&amp;#39;t know much if anything about the pre-Columbian New World, and doubly so for North America. Many of them didn&amp;#39;t even know there were complex societies in North America until it came up in conversations we were having. Those in my department that are aware of these civilizations think they are &amp;quot;boring&amp;quot; because of the lack of writing, and therefore ommit them from their syllabi entirely. I really enjoy New World archaeology, so I like to slip Chaco Canyon and Mesa Verde in, at the very least. But, if you don&amp;#39;t even know that complex civilizations existed in the New World, much less what they were called or what they were like, then they aren&amp;#39;t going to get included in a class.&lt;/p&gt;\n&lt;/div&gt;", "stickied": false, "subreddit_type": "public", "can_gild": true, "gildings": {"gid_1": 0, "gid_2": 0, "gid_3": 0}, "author_flair_text_color": null, "score_hidden": false, "permalink": "/r/AskHistorians/comments/amhld7/why_is_there_little_importance_placed_on_the/efm6sv4/", "num_reports": null, "name": "t1_efm6sv4", "created": 1549142860.0, "subreddit": "AskHistorians", "author_flair_text": null, "collapsed": false, "subreddit_name_prefixed": "r/AskHistorians", "ups": 3, "depth": 1, "author_flair_background_color": null, "mod_reports": [], "mod_note": null, "distinguished": null}}], "after": null, "before": null}}, "user_reports": [], "saved": false, "id": "efm1m3u", "banned_at_utc": null, "mod_reason_title": null, "gilded": 0, "archived": false, "report_reasons": null, "author": "b1uepenguin", "can_mod_post": false, "created_utc": 1549138612.0, "send_replies": true, "parent_id": "t3_amhld7", "score": 9, "author_fullname": "t2_aih2p", "approved_by": null, "controversiality": 0, "body": "There really is no way for us to know why you may it may not have learned something.  Asking former teachers or faculty is really the only way\u2014 or investigating the politics of different text books labels.\n\nAfter all, I find the question a bit befuddling as we spend roughly 3 lectures (out of 27ish) covering societies in the Americas in our World History pre-1500 seminars.  Granted that can change a bit depending on the faculty doing the teaching, some squeeze it in to a bit less time or others expand even a bit more.  At least at the university level, different faculty have different specializations and when they teach large survey courses they do tend to put more emphasis on the areas or topics they know best.  For instance, my knowledge of pre-1500 Southeast Asia is pretty limited or light, so I don\u2019t usually do a lecture on it aside from pointing out its connections to South Asia and East Asia. Some semesters I include a lecture, other times it\u2019s an easy one to cut.  However, I know other professors who specialize in the region and therefor carve out several days to cover the spread of philosophical ideas, religious beliefs, cultural practices, and trade goods in the region.  Their knowledge of the area is so great, they would never dream of skipping over it.\n\nThe same could be true of teachers/professors you have had it the past.  People tend to focus on the topics and stories that they are most familiar with and in the case of a social studies teacher they probably are not subject to a lot of continuing history education unless they seek it out themselves.  If a teacher were less confident in pre-1500 history of the Americas, they might very well skip over it, especially if they were using a textbook that included very little.  Now, there is no way for us to know for sure what the case was as we aren\u2019t that/those teachers and we were not there.\n\nI would say of course these topics are important to cover, the integration, the contact, and the exchanges between different social or cultural groups is very important.  It is important that students understand the dynamic nature of human existence and not walk away with a view of societies or cultures as static and unchanging.\n\nI would love to think the students I\u2019ve had, who want to go on to teach history in high school or middle school, carry with them a fuller appreciation of the dynamism of societies in the past.", "edited": false, "author_flair_css_class": "oceania", "is_submitter": false, "downs": 0, "author_flair_richtext": [], "author_patreon_flair": false, "collapsed_reason": null, "body_html": "&lt;div class=\"md\"&gt;&lt;p&gt;There really is no way for us to know why you may it may not have learned something.  Asking former teachers or faculty is really the only way\u2014 or investigating the politics of different text books labels.&lt;/p&gt;\n\n&lt;p&gt;After all, I find the question a bit befuddling as we spend roughly 3 lectures (out of 27ish) covering societies in the Americas in our World History pre-1500 seminars.  Granted that can change a bit depending on the faculty doing the teaching, some squeeze it in to a bit less time or others expand even a bit more.  At least at the university level, different faculty have different specializations and when they teach large survey courses they do tend to put more emphasis on the areas or topics they know best.  For instance, my knowledge of pre-1500 Southeast Asia is pretty limited or light, so I don\u2019t usually do a lecture on it aside from pointing out its connections to South Asia and East Asia. Some semesters I include a lecture, other times it\u2019s an easy one to cut.  However, I know other professors who specialize in the region and therefor carve out several days to cover the spread of philosophical ideas, religious beliefs, cultural practices, and trade goods in the region.  Their knowledge of the area is so great, they would never dream of skipping over it.&lt;/p&gt;\n\n&lt;p&gt;The same could be true of teachers/professors you have had it the past.  People tend to focus on the topics and stories that they are most familiar with and in the case of a social studies teacher they probably are not subject to a lot of continuing history education unless they seek it out themselves.  If a teacher were less confident in pre-1500 history of the Americas, they might very well skip over it, especially if they were using a textbook that included very little.  Now, there is no way for us to know for sure what the case was as we aren\u2019t that/those teachers and we were not there.&lt;/p&gt;\n\n&lt;p&gt;I would say of course these topics are important to cover, the integration, the contact, and the exchanges between different social or cultural groups is very important.  It is important that students understand the dynamic nature of human existence and not walk away with a view of societies or cultures as static and unchanging.&lt;/p&gt;\n\n&lt;p&gt;I would love to think the students I\u2019ve had, who want to go on to teach history in high school or middle school, carry with them a fuller appreciation of the dynamism of societies in the past.&lt;/p&gt;\n&lt;/div&gt;", "stickied": false, "subreddit_type": "public", "can_gild": true, "gildings": {"gid_1": 0, "gid_2": 0, "gid_3": 0}, "author_flair_text_color": "dark", "score_hidden": false, "permalink": "/r/AskHistorians/comments/amhld7/why_is_there_little_importance_placed_on_the/efm1m3u/", "num_reports": null, "name": "t1_efm1m3u", "created": 1549138612.0, "subreddit": "AskHistorians", "author_flair_text": "Pacific Worlds | France Overseas", "collapsed": false, "subreddit_name_prefixed": "r/AskHistorians", "ups": 9, "depth": 0, "author_flair_background_color": "", "mod_reports": [], "mod_note": null, "distinguished": null}}], "after": null, "before": null}}]