[{"kind": "Listing", "data": {"modhash": "", "dist": 1, "children": [{"kind": "t3", "data": {"approved_at_utc": null, "subreddit": "AskHistorians", "selftext": "I'm writing a novel, and while there are fantasy elements to it, I'd like to keep the practical details as realistic as possible. I can't find a good definitive answer for this question so I figured I'd ask reddit's historians for research help. This nation is comparable to Ireland in terms of size and basic culture, if that helps.  \n\n\nEdit: a basic range of time is okay too", "user_reports": [], "saved": false, "mod_reason_title": null, "gilded": 0, "clicked": false, "title": "What would the timeframe be in medieval Europe between a declaration of war and the first battle? Or how long did it take to muster and train a competent medieval army?", "link_flair_richtext": [], "subreddit_name_prefixed": "r/AskHistorians", "hidden": false, "pwls": 6, "link_flair_css_class": null, "downs": 0, "top_awarded_type": null, "parent_whitelist_status": "all_ads", "hide_score": false, "name": "t3_jmdkno", "quarantine": false, "link_flair_text_color": "dark", "upvote_ratio": 0.78, "author_flair_background_color": null, "subreddit_type": "public", "ups": 7, "total_awards_received": 0, "media_embed": {}, "author_flair_template_id": null, "is_original_content": false, "author_fullname": "t2_6zml5cx", "secure_media": null, "is_reddit_media_domain": false, "is_meta": false, "category": null, "secure_media_embed": {}, "link_flair_text": null, "can_mod_post": false, "score": 7, "approved_by": null, "author_premium": false, "thumbnail": "", "edited": 1604278102.0, "author_flair_css_class": null, "author_flair_richtext": [], "gildings": {}, "content_categories": null, "is_self": true, "mod_note": null, "created": 1604306123.0, "link_flair_type": "text", "wls": 6, "removed_by_category": null, "banned_by": null, "author_flair_type": "text", "domain": "self.AskHistorians", "allow_live_comments": false, "selftext_html": "&lt;!-- SC_OFF --&gt;&lt;div class=\"md\"&gt;&lt;p&gt;I&amp;#39;m writing a novel, and while there are fantasy elements to it, I&amp;#39;d like to keep the practical details as realistic as possible. I can&amp;#39;t find a good definitive answer for this question so I figured I&amp;#39;d ask reddit&amp;#39;s historians for research help. This nation is comparable to Ireland in terms of size and basic culture, if that helps.  &lt;/p&gt;\n\n&lt;p&gt;Edit: a basic range of time is okay too&lt;/p&gt;\n&lt;/div&gt;&lt;!-- SC_ON --&gt;", "likes": null, "suggested_sort": null, "banned_at_utc": null, "view_count": null, "archived": false, "no_follow": false, "is_crosspostable": false, "pinned": false, "over_18": false, "all_awardings": [], "awarders": [], "media_only": false, "can_gild": false, "spoiler": false, "locked": false, "author_flair_text": null, "treatment_tags": [], "visited": false, "removed_by": null, "num_reports": null, "distinguished": null, "subreddit_id": "t5_2ssp3", "mod_reason_by": null, "removal_reason": null, "link_flair_background_color": "", "id": "jmdkno", "is_robot_indexable": true, "num_duplicates": 1, "report_reasons": null, "author": "Lightsbane42", "discussion_type": null, "num_comments": 6, "send_replies": true, "media": null, "contest_mode": false, "author_patreon_flair": false, "author_flair_text_color": null, "permalink": "/r/AskHistorians/comments/jmdkno/what_would_the_timeframe_be_in_medieval_europe/", "whitelist_status": "all_ads", "stickied": false, "url": "https://www.reddit.com/r/AskHistorians/comments/jmdkno/what_would_the_timeframe_be_in_medieval_europe/", "subreddit_subscribers": 1307287, "created_utc": 1604277323.0, "num_crossposts": 0, "mod_reports": [], "is_video": false}}], "after": null, "before": null}}, {"kind": "Listing", "data": {"modhash": "", "dist": null, "children": [{"kind": "t1", "data": {"total_awards_received": 0, "approved_at_utc": null, "comment_type": null, "awarders": [], "mod_reason_by": null, "banned_by": null, "ups": 1, "author_flair_type": "richtext", "removal_reason": null, "link_id": "t3_jmdkno", "author_flair_template_id": "9e641f94-c626-11e2-8e2c-12313b0b21ae", "likes": null, "replies": "", "user_reports": [], "saved": false, "id": "gaukjms", "banned_at_utc": null, "mod_reason_title": null, "gilded": 0, "archived": false, "no_follow": true, "author": "AutoModerator", "can_mod_post": false, "send_replies": false, "parent_id": "t3_jmdkno", "score": 1, "author_fullname": "t2_6l4z3", "report_reasons": null, "approved_by": null, "all_awardings": [], "subreddit_id": "t5_2ssp3", "body": "Welcome to /r/AskHistorians. **Please [Read Our Rules](https://www.reddit.com/r/AskHistorians/wiki/rules) before you comment in this community**. Understand that [rule breaking comments get removed](https://www.reddit.com/r/AskHistorians/comments/h8aefx/rules_roundtable_xviii_removed_curation_and_why/).\n\n#Please consider **[Clicking Here for RemindMeBot](https://www.reddit.com/message/compose/?to=RemindMeBot&amp;subject=Reminder&amp;message=%5Bhttps://www.reddit.com/r/AskHistorians/comments/jmdkno/what_would_the_timeframe_be_in_medieval_europe/%5D%0A%0ARemindMe!%202%20days)** as it takes time for an answer to be written. \n\nWe thank you for your interest in this *question*, and your patience in waiting for an in-depth and comprehensive answer to show up. In addition to RemindMeBot, consider [using our Browser Extension](https://www.reddit.com/r/AskHistorians/comments/d6dzi7/tired_of_clicking_to_find_only_removed_comments/), or getting the [Weekly Roundup](https://www.reddit.com/message/compose?to=subredditsummarybot&amp;subject=askhistorians+weekly&amp;message=x). In the meantime our [Twitter](https://twitter.com/askhistorians), [Facebook](https://www.facebook.com/askhistorians/), and [Sunday Digest](https://www.reddit.com/r/AskHistorians/search?q=title%3A%22Sunday+Digest%22&amp;restrict_sr=on&amp;sort=new&amp;t=all) feature excellent content that has already been written!\n\n\n*I am a bot, and this action was performed automatically. Please [contact the moderators of this subreddit](/message/compose/?to=/r/AskHistorians) if you have any questions or concerns.*", "edited": false, "downs": 0, "author_flair_css_class": null, "is_submitter": false, "collapsed": false, "author_flair_richtext": [{"e": "text", "t": "History of Robotics"}], "author_patreon_flair": false, "body_html": "&lt;div class=\"md\"&gt;&lt;p&gt;Welcome to &lt;a href=\"/r/AskHistorians\"&gt;/r/AskHistorians&lt;/a&gt;. &lt;strong&gt;Please &lt;a href=\"https://www.reddit.com/r/AskHistorians/wiki/rules\"&gt;Read Our Rules&lt;/a&gt; before you comment in this community&lt;/strong&gt;. Understand that &lt;a href=\"https://www.reddit.com/r/AskHistorians/comments/h8aefx/rules_roundtable_xviii_removed_curation_and_why/\"&gt;rule breaking comments get removed&lt;/a&gt;.&lt;/p&gt;\n\n&lt;h1&gt;Please consider &lt;strong&gt;&lt;a href=\"https://www.reddit.com/message/compose/?to=RemindMeBot&amp;amp;subject=Reminder&amp;amp;message=%5Bhttps://www.reddit.com/r/AskHistorians/comments/jmdkno/what_would_the_timeframe_be_in_medieval_europe/%5D%0A%0ARemindMe!%202%20days\"&gt;Clicking Here for RemindMeBot&lt;/a&gt;&lt;/strong&gt; as it takes time for an answer to be written.&lt;/h1&gt;\n\n&lt;p&gt;We thank you for your interest in this &lt;em&gt;question&lt;/em&gt;, and your patience in waiting for an in-depth and comprehensive answer to show up. In addition to RemindMeBot, consider &lt;a href=\"https://www.reddit.com/r/AskHistorians/comments/d6dzi7/tired_of_clicking_to_find_only_removed_comments/\"&gt;using our Browser Extension&lt;/a&gt;, or getting the &lt;a href=\"https://www.reddit.com/message/compose?to=subredditsummarybot&amp;amp;subject=askhistorians+weekly&amp;amp;message=x\"&gt;Weekly Roundup&lt;/a&gt;. In the meantime our &lt;a href=\"https://twitter.com/askhistorians\"&gt;Twitter&lt;/a&gt;, &lt;a href=\"https://www.facebook.com/askhistorians/\"&gt;Facebook&lt;/a&gt;, and &lt;a href=\"https://www.reddit.com/r/AskHistorians/search?q=title%3A%22Sunday+Digest%22&amp;amp;restrict_sr=on&amp;amp;sort=new&amp;amp;t=all\"&gt;Sunday Digest&lt;/a&gt; feature excellent content that has already been written!&lt;/p&gt;\n\n&lt;p&gt;&lt;em&gt;I am a bot, and this action was performed automatically. Please &lt;a href=\"/message/compose/?to=/r/AskHistorians\"&gt;contact the moderators of this subreddit&lt;/a&gt; if you have any questions or concerns.&lt;/em&gt;&lt;/p&gt;\n&lt;/div&gt;", "gildings": {}, "collapsed_reason": null, "associated_award": null, "stickied": true, "author_premium": true, "subreddit_type": "public", "can_gild": true, "top_awarded_type": null, "author_flair_text_color": "light", "score_hidden": true, "permalink": "/r/AskHistorians/comments/jmdkno/what_would_the_timeframe_be_in_medieval_europe/gaukjms/", "num_reports": null, "locked": true, "name": "t1_gaukjms", "created": 1604306123.0, "subreddit": "AskHistorians", "author_flair_text": "History of Robotics", "treatment_tags": [], "created_utc": 1604277323.0, "subreddit_name_prefixed": "r/AskHistorians", "controversiality": 0, "depth": 0, "author_flair_background_color": "#993366", "collapsed_because_crowd_control": null, "mod_reports": [], "mod_note": null, "distinguished": "moderator"}}, {"kind": "t1", "data": {"total_awards_received": 0, "approved_at_utc": null, "comment_type": null, "awarders": [], "mod_reason_by": null, "banned_by": null, "ups": 7, "author_flair_type": "richtext", "removal_reason": null, "link_id": "t3_jmdkno", "author_flair_template_id": "98d8fdba-c626-11e2-bd52-12313b06caaf", "likes": null, "replies": {"kind": "Listing", "data": {"modhash": "", "dist": null, "children": [{"kind": "t1", "data": {"total_awards_received": 0, "approved_at_utc": null, "comment_type": null, "awarders": [], "mod_reason_by": null, "banned_by": null, "ups": 5, "author_flair_type": "richtext", "removal_reason": null, "link_id": "t3_jmdkno", "author_flair_template_id": "98d8fdba-c626-11e2-bd52-12313b06caaf", "likes": null, "replies": "", "user_reports": [], "saved": false, "id": "gaung6r", "banned_at_utc": null, "mod_reason_title": null, "gilded": 0, "archived": false, "no_follow": false, "author": "DanKensington", "can_mod_post": false, "send_replies": true, "parent_id": "t1_gaundc0", "score": 5, "author_fullname": "t2_jh6xg", "report_reasons": null, "approved_by": null, "all_awardings": [], "subreddit_id": "t5_2ssp3", "collapsed": false, "body": "Training is a bit more murky a subject, as the following will explain.\n\n* u/Rittermeister notes [the difficulty of any examining the matter of training, especially about common soldiers](https://old.reddit.com/r/AskHistorians/comments/70jjxw/how_much_military_training_did_the_average/);\n* u/MI13 examines [how some cities trained their militias](https://old.reddit.com/r/AskHistorians/comments/4gi0rs/how_did_medieval_urban_militias_maintain_training/) (and I especially commend their further posts on that thread - lots of material to read there);\n* and u/PartyMoses explains [that the notion of 'training' isn't really quite there](https://old.reddit.com/r/AskHistorians/comments/hg7icy/are_medieval_knights_trained_to_use_specific_type/).\n\nAlso from Rittermeister is [this analysis of the Battle of Hastings](https://old.reddit.com/r/AskHistorians/comments/57cewr/how_did_william_the_bastardconqueror_raise_such_a/), which is just around near the end of your specified period.\n\n(If you like, I can PM you the entire Medieval Armies Compilation so's you have a bit more material to work with, though some of it might not be applicable.)", "edited": false, "author_flair_css_class": null, "is_submitter": false, "downs": 0, "author_flair_richtext": [{"e": "text", "t": "FAQ Finder "}, {"a": ":bestof:", "u": "https://emoji.redditmedia.com/8z8jo4qrvd231_t5_2ssp3/bestof", "e": "emoji"}], "author_patreon_flair": false, "body_html": "&lt;div class=\"md\"&gt;&lt;p&gt;Training is a bit more murky a subject, as the following will explain.&lt;/p&gt;\n\n&lt;ul&gt;\n&lt;li&gt;&lt;a href=\"/u/Rittermeister\"&gt;u/Rittermeister&lt;/a&gt; notes &lt;a href=\"https://old.reddit.com/r/AskHistorians/comments/70jjxw/how_much_military_training_did_the_average/\"&gt;the difficulty of any examining the matter of training, especially about common soldiers&lt;/a&gt;;&lt;/li&gt;\n&lt;li&gt;&lt;a href=\"/u/MI13\"&gt;u/MI13&lt;/a&gt; examines &lt;a href=\"https://old.reddit.com/r/AskHistorians/comments/4gi0rs/how_did_medieval_urban_militias_maintain_training/\"&gt;how some cities trained their militias&lt;/a&gt; (and I especially commend their further posts on that thread - lots of material to read there);&lt;/li&gt;\n&lt;li&gt;and &lt;a href=\"/u/PartyMoses\"&gt;u/PartyMoses&lt;/a&gt; explains &lt;a href=\"https://old.reddit.com/r/AskHistorians/comments/hg7icy/are_medieval_knights_trained_to_use_specific_type/\"&gt;that the notion of &amp;#39;training&amp;#39; isn&amp;#39;t really quite there&lt;/a&gt;.&lt;/li&gt;\n&lt;/ul&gt;\n\n&lt;p&gt;Also from Rittermeister is &lt;a href=\"https://old.reddit.com/r/AskHistorians/comments/57cewr/how_did_william_the_bastardconqueror_raise_such_a/\"&gt;this analysis of the Battle of Hastings&lt;/a&gt;, which is just around near the end of your specified period.&lt;/p&gt;\n\n&lt;p&gt;(If you like, I can PM you the entire Medieval Armies Compilation so&amp;#39;s you have a bit more material to work with, though some of it might not be applicable.)&lt;/p&gt;\n&lt;/div&gt;", "gildings": {}, "collapsed_reason": null, "associated_award": null, "stickied": false, "author_premium": false, "subreddit_type": "public", "can_gild": true, "top_awarded_type": null, "author_flair_text_color": "light", "score_hidden": false, "permalink": "/r/AskHistorians/comments/jmdkno/what_would_the_timeframe_be_in_medieval_europe/gaung6r/", "num_reports": null, "locked": false, "name": "t1_gaung6r", "created": 1604307731.0, "subreddit": "AskHistorians", "author_flair_text": "FAQ Finder :bestof:", "treatment_tags": [], "created_utc": 1604278931.0, "subreddit_name_prefixed": "r/AskHistorians", "controversiality": 0, "depth": 1, "author_flair_background_color": "#b87317", "collapsed_because_crowd_control": null, "mod_reports": [], "mod_note": null, "distinguished": null}}, {"kind": "t1", "data": {"total_awards_received": 0, "approved_at_utc": null, "comment_type": null, "awarders": [], "mod_reason_by": null, "banned_by": null, "ups": 1, "author_flair_type": "text", "removal_reason": null, "link_id": "t3_jmdkno", "author_flair_template_id": null, "likes": null, "replies": "", "user_reports": [], "saved": false, "id": "gauo76q", "banned_at_utc": null, "mod_reason_title": null, "gilded": 0, "archived": false, "no_follow": true, "author": "Lightsbane42", "can_mod_post": false, "send_replies": true, "parent_id": "t1_gaundc0", "score": 1, "author_fullname": "t2_6zml5cx", "report_reasons": null, "approved_by": null, "all_awardings": [], "subreddit_id": "t5_2ssp3", "collapsed": false, "body": "u/DanKensington you rock, thank you so much! I would thoroughly appreciate the PM. \n\nAnd yeah, I'm essentially rewriting my 40-odd page original draft but better this time, and actually including the war instead of just flashing back to it; it's going to be fun:) Good luck on your war story!", "edited": false, "author_flair_css_class": null, "is_submitter": true, "downs": 0, "author_flair_richtext": [], "author_patreon_flair": false, "body_html": "&lt;div class=\"md\"&gt;&lt;p&gt;&lt;a href=\"/u/DanKensington\"&gt;u/DanKensington&lt;/a&gt; you rock, thank you so much! I would thoroughly appreciate the PM. &lt;/p&gt;\n\n&lt;p&gt;And yeah, I&amp;#39;m essentially rewriting my 40-odd page original draft but better this time, and actually including the war instead of just flashing back to it; it&amp;#39;s going to be fun:) Good luck on your war story!&lt;/p&gt;\n&lt;/div&gt;", "gildings": {}, "collapsed_reason": null, "associated_award": null, "stickied": false, "author_premium": false, "subreddit_type": "public", "can_gild": true, "top_awarded_type": null, "author_flair_text_color": null, "score_hidden": false, "permalink": "/r/AskHistorians/comments/jmdkno/what_would_the_timeframe_be_in_medieval_europe/gauo76q/", "num_reports": null, "locked": false, "name": "t1_gauo76q", "created": 1604308161.0, "subreddit": "AskHistorians", "author_flair_text": null, "treatment_tags": [], "created_utc": 1604279361.0, "subreddit_name_prefixed": "r/AskHistorians", "controversiality": 0, "depth": 1, "author_flair_background_color": null, "collapsed_because_crowd_control": null, "mod_reports": [], "mod_note": null, "distinguished": null}}], "after": null, "before": null}}, "user_reports": [], "saved": false, "id": "gaundc0", "banned_at_utc": null, "mod_reason_title": null, "gilded": 0, "archived": false, "no_follow": false, "author": "DanKensington", "can_mod_post": false, "send_replies": true, "parent_id": "t3_jmdkno", "score": 7, "author_fullname": "t2_jh6xg", "report_reasons": null, "approved_by": null, "all_awardings": [], "subreddit_id": "t5_2ssp3", "body": "&gt; writing a novel\n\nNaNoWriMo, I take it? If yes, good luck from someone also doing warry stuff for November! As for your question, as it's a popular one, we can turn to my Medieval Armies Compilation. As always, if anyone would like to provide further posts, don't let this post stop you!\n\nMost useful to you would be the posts of u/Goiyon on the military affairs of Holland, and you can tweak things to your nation's circumstances better.\n\n* [This is a general overview on the composition and raising of an army](https://old.reddit.com/r/AskHistorians/comments/cn8dic/how_were_the_logistics_of_raising_an_army/);\n* and [this is a closer look at the levy system](https://old.reddit.com/r/AskHistorians/comments/chm639/was_medieval_levy_only_40_days/);\n* and [if you really want detail, a much deeper examination of the levy of the Netherlands](https://old.reddit.com/r/AskHistorians/comments/amebmy/saturday_showcase_february_02_2019/efm0nen/?context=3).\n\nFor training, ah. See next post.", "edited": false, "downs": 0, "author_flair_css_class": null, "is_submitter": false, "collapsed": false, "author_flair_richtext": [{"e": "text", "t": "FAQ Finder "}, {"a": ":bestof:", "u": "https://emoji.redditmedia.com/8z8jo4qrvd231_t5_2ssp3/bestof", "e": "emoji"}], "author_patreon_flair": false, "body_html": "&lt;div class=\"md\"&gt;&lt;blockquote&gt;\n&lt;p&gt;writing a novel&lt;/p&gt;\n&lt;/blockquote&gt;\n\n&lt;p&gt;NaNoWriMo, I take it? If yes, good luck from someone also doing warry stuff for November! As for your question, as it&amp;#39;s a popular one, we can turn to my Medieval Armies Compilation. As always, if anyone would like to provide further posts, don&amp;#39;t let this post stop you!&lt;/p&gt;\n\n&lt;p&gt;Most useful to you would be the posts of &lt;a href=\"/u/Goiyon\"&gt;u/Goiyon&lt;/a&gt; on the military affairs of Holland, and you can tweak things to your nation&amp;#39;s circumstances better.&lt;/p&gt;\n\n&lt;ul&gt;\n&lt;li&gt;&lt;a href=\"https://old.reddit.com/r/AskHistorians/comments/cn8dic/how_were_the_logistics_of_raising_an_army/\"&gt;This is a general overview on the composition and raising of an army&lt;/a&gt;;&lt;/li&gt;\n&lt;li&gt;and &lt;a href=\"https://old.reddit.com/r/AskHistorians/comments/chm639/was_medieval_levy_only_40_days/\"&gt;this is a closer look at the levy system&lt;/a&gt;;&lt;/li&gt;\n&lt;li&gt;and &lt;a href=\"https://old.reddit.com/r/AskHistorians/comments/amebmy/saturday_showcase_february_02_2019/efm0nen/?context=3\"&gt;if you really want detail, a much deeper examination of the levy of the Netherlands&lt;/a&gt;.&lt;/li&gt;\n&lt;/ul&gt;\n\n&lt;p&gt;For training, ah. See next post.&lt;/p&gt;\n&lt;/div&gt;", "gildings": {}, "collapsed_reason": null, "associated_award": null, "stickied": false, "author_premium": false, "subreddit_type": "public", "can_gild": true, "top_awarded_type": null, "author_flair_text_color": "light", "score_hidden": false, "permalink": "/r/AskHistorians/comments/jmdkno/what_would_the_timeframe_be_in_medieval_europe/gaundc0/", "num_reports": null, "locked": false, "name": "t1_gaundc0", "created": 1604307687.0, "subreddit": "AskHistorians", "author_flair_text": "FAQ Finder :bestof:", "treatment_tags": [], "created_utc": 1604278887.0, "subreddit_name_prefixed": "r/AskHistorians", "controversiality": 0, "depth": 0, "author_flair_background_color": "#b87317", "collapsed_because_crowd_control": null, "mod_reports": [], "mod_note": null, "distinguished": null}}, {"kind": "t1", "data": {"total_awards_received": 0, "approved_at_utc": null, "comment_type": null, "awarders": [], "mod_reason_by": null, "banned_by": null, "ups": 1, "removal_reason": null, "link_id": "t3_jmdkno", "author_flair_template_id": null, "likes": null, "replies": {"kind": "Listing", "data": {"modhash": "", "dist": null, "children": [{"kind": "t1", "data": {"total_awards_received": 0, "approved_at_utc": null, "comment_type": null, "awarders": [], "mod_reason_by": null, "banned_by": null, "ups": 1, "author_flair_type": "text", "removal_reason": null, "link_id": "t3_jmdkno", "author_flair_template_id": null, "likes": null, "replies": "", "user_reports": [], "saved": false, "id": "gaulpkm", "banned_at_utc": null, "mod_reason_title": null, "gilded": 0, "archived": false, "no_follow": true, "author": "Lightsbane42", "can_mod_post": false, "send_replies": true, "parent_id": "t1_gaul2qr", "score": 1, "author_fullname": "t2_6zml5cx", "report_reasons": null, "approved_by": null, "all_awardings": [], "subreddit_id": "t5_2ssp3", "collapsed": false, "body": "Thanks; I'm thinking probably the 10th to 11th centuries?", "edited": false, "author_flair_css_class": null, "is_submitter": true, "downs": 0, "author_flair_richtext": [], "author_patreon_flair": false, "body_html": "&lt;div class=\"md\"&gt;&lt;p&gt;Thanks; I&amp;#39;m thinking probably the 10th to 11th centuries?&lt;/p&gt;\n&lt;/div&gt;", "gildings": {}, "collapsed_reason": null, "associated_award": null, "stickied": false, "author_premium": false, "subreddit_type": "public", "can_gild": true, "top_awarded_type": null, "author_flair_text_color": null, "score_hidden": false, "permalink": "/r/AskHistorians/comments/jmdkno/what_would_the_timeframe_be_in_medieval_europe/gaulpkm/", "num_reports": null, "locked": false, "name": "t1_gaulpkm", "created": 1604306760.0, "subreddit": "AskHistorians", "author_flair_text": null, "treatment_tags": [], "created_utc": 1604277960.0, "subreddit_name_prefixed": "r/AskHistorians", "controversiality": 0, "depth": 1, "author_flair_background_color": null, "collapsed_because_crowd_control": null, "mod_reports": [], "mod_note": null, "distinguished": null}}], "after": null, "before": null}}, "user_reports": [], "saved": false, "id": "gaul2qr", "banned_at_utc": null, "mod_reason_title": null, "gilded": 0, "archived": false, "no_follow": true, "author": "[deleted]", "can_mod_post": false, "send_replies": true, "parent_id": "t3_jmdkno", "score": 1, "approved_by": null, "report_reasons": null, "all_awardings": [], "subreddit_id": "t5_2ssp3", "body": "[removed]", "edited": false, "downs": 0, "author_flair_css_class": null, "collapsed": true, "is_submitter": false, "body_html": "&lt;div class=\"md\"&gt;&lt;p&gt;[removed]&lt;/p&gt;\n&lt;/div&gt;", "gildings": {}, "collapsed_reason": null, "associated_award": null, "stickied": false, "subreddit_type": "public", "can_gild": true, "top_awarded_type": null, "author_flair_text_color": "dark", "score_hidden": false, "permalink": "/r/AskHistorians/comments/jmdkno/what_would_the_timeframe_be_in_medieval_europe/gaul2qr/", "num_reports": null, "locked": false, "name": "t1_gaul2qr", "created": 1604306410.0, "subreddit": "AskHistorians", "author_flair_text": null, "treatment_tags": [], "created_utc": 1604277610.0, "subreddit_name_prefixed": "r/AskHistorians", "controversiality": 0, "depth": 0, "author_flair_background_color": "", "collapsed_because_crowd_control": null, "mod_reports": [], "mod_note": null, "distinguished": null}}], "after": null, "before": null}}]