[{"kind": "Listing", "data": {"modhash": "", "dist": 1, "children": [{"kind": "t3", "data": {"approved_at_utc": null, "subreddit": "AskHistorians", "selftext": "", "user_reports": [], "saved": false, "mod_reason_title": null, "gilded": 0, "clicked": false, "title": "How did the US get its Chinese \"concessions,\" without a major war against China, and why did it give them up without much of a fight?", "link_flair_richtext": [], "subreddit_name_prefixed": "r/AskHistorians", "hidden": false, "pwls": 6, "link_flair_css_class": null, "downs": 0, "top_awarded_type": null, "parent_whitelist_status": "all_ads", "hide_score": false, "name": "t3_jmnwip", "quarantine": false, "link_flair_text_color": "dark", "upvote_ratio": 0.81, "author_flair_background_color": "#b87317", "subreddit_type": "public", "ups": 20, "total_awards_received": 0, "media_embed": {}, "author_flair_template_id": "98d8fdba-c626-11e2-bd52-12313b06caaf", "is_original_content": false, "author_fullname": "t2_6t586", "secure_media": null, "is_reddit_media_domain": false, "is_meta": false, "category": null, "secure_media_embed": {}, "link_flair_text": null, "can_mod_post": false, "score": 20, "approved_by": null, "author_premium": false, "thumbnail": "", "edited": false, "author_flair_css_class": null, "author_flair_richtext": [{"e": "text", "t": "Interesting Inquirer"}], "gildings": {}, "content_categories": null, "is_self": true, "mod_note": null, "created": 1604354528.0, "link_flair_type": "text", "wls": 6, "removed_by_category": null, "banned_by": null, "author_flair_type": "richtext", "domain": "self.AskHistorians", "allow_live_comments": false, "selftext_html": null, "likes": null, "suggested_sort": null, "banned_at_utc": null, "view_count": null, "archived": false, "no_follow": false, "is_crosspostable": false, "pinned": false, "over_18": false, "all_awardings": [], "awarders": [], "media_only": false, "can_gild": false, "spoiler": false, "locked": false, "author_flair_text": "Interesting Inquirer", "treatment_tags": [], "visited": false, "removed_by": null, "num_reports": null, "distinguished": null, "subreddit_id": "t5_2ssp3", "mod_reason_by": null, "removal_reason": null, "link_flair_background_color": "", "id": "jmnwip", "is_robot_indexable": true, "num_duplicates": 1, "report_reasons": null, "author": "RusticBohemian", "discussion_type": null, "num_comments": 3, "send_replies": true, "media": null, "contest_mode": false, "author_patreon_flair": false, "author_flair_text_color": "light", "permalink": "/r/AskHistorians/comments/jmnwip/how_did_the_us_get_its_chinese_concessions/", "whitelist_status": "all_ads", "stickied": false, "url": "https://www.reddit.com/r/AskHistorians/comments/jmnwip/how_did_the_us_get_its_chinese_concessions/", "subreddit_subscribers": 1307287, "created_utc": 1604325728.0, "num_crossposts": 0, "mod_reports": [], "is_video": false}}], "after": null, "before": null}}, {"kind": "Listing", "data": {"modhash": "", "dist": null, "children": [{"kind": "t1", "data": {"total_awards_received": 0, "approved_at_utc": null, "comment_type": null, "awarders": [], "mod_reason_by": null, "banned_by": null, "ups": 1, "author_flair_type": "richtext", "removal_reason": null, "link_id": "t3_jmnwip", "author_flair_template_id": "9e641f94-c626-11e2-8e2c-12313b0b21ae", "likes": null, "replies": "", "user_reports": [], "saved": false, "id": "gaw9rq9", "banned_at_utc": null, "mod_reason_title": null, "gilded": 0, "archived": false, "no_follow": true, "author": "AutoModerator", "can_mod_post": false, "send_replies": false, "parent_id": "t3_jmnwip", "score": 1, "author_fullname": "t2_6l4z3", "report_reasons": null, "approved_by": null, "all_awardings": [], "subreddit_id": "t5_2ssp3", "body": "Welcome to /r/AskHistorians. **Please [Read Our Rules](https://www.reddit.com/r/AskHistorians/wiki/rules) before you comment in this community**. Understand that [rule breaking comments get removed](https://www.reddit.com/r/AskHistorians/comments/h8aefx/rules_roundtable_xviii_removed_curation_and_why/).\n\n#Please consider **[Clicking Here for RemindMeBot](https://www.reddit.com/message/compose/?to=RemindMeBot&amp;subject=Reminder&amp;message=%5Bhttps://www.reddit.com/r/AskHistorians/comments/jmnwip/how_did_the_us_get_its_chinese_concessions/%5D%0A%0ARemindMe!%202%20days)** as it takes time for an answer to be written. \n\nWe thank you for your interest in this *question*, and your patience in waiting for an in-depth and comprehensive answer to show up. In addition to RemindMeBot, consider [using our Browser Extension](https://www.reddit.com/r/AskHistorians/comments/d6dzi7/tired_of_clicking_to_find_only_removed_comments/), or getting the [Weekly Roundup](https://www.reddit.com/message/compose?to=subredditsummarybot&amp;subject=askhistorians+weekly&amp;message=x). In the meantime our [Twitter](https://twitter.com/askhistorians), [Facebook](https://www.facebook.com/askhistorians/), and [Sunday Digest](https://www.reddit.com/r/AskHistorians/search?q=title%3A%22Sunday+Digest%22&amp;restrict_sr=on&amp;sort=new&amp;t=all) feature excellent content that has already been written!\n\n\n*I am a bot, and this action was performed automatically. Please [contact the moderators of this subreddit](/message/compose/?to=/r/AskHistorians) if you have any questions or concerns.*", "edited": false, "downs": 0, "author_flair_css_class": null, "is_submitter": false, "collapsed": false, "author_flair_richtext": [{"e": "text", "t": "History of Robotics"}], "author_patreon_flair": false, "body_html": "&lt;div class=\"md\"&gt;&lt;p&gt;Welcome to &lt;a href=\"/r/AskHistorians\"&gt;/r/AskHistorians&lt;/a&gt;. &lt;strong&gt;Please &lt;a href=\"https://www.reddit.com/r/AskHistorians/wiki/rules\"&gt;Read Our Rules&lt;/a&gt; before you comment in this community&lt;/strong&gt;. Understand that &lt;a href=\"https://www.reddit.com/r/AskHistorians/comments/h8aefx/rules_roundtable_xviii_removed_curation_and_why/\"&gt;rule breaking comments get removed&lt;/a&gt;.&lt;/p&gt;\n\n&lt;h1&gt;Please consider &lt;strong&gt;&lt;a href=\"https://www.reddit.com/message/compose/?to=RemindMeBot&amp;amp;subject=Reminder&amp;amp;message=%5Bhttps://www.reddit.com/r/AskHistorians/comments/jmnwip/how_did_the_us_get_its_chinese_concessions/%5D%0A%0ARemindMe!%202%20days\"&gt;Clicking Here for RemindMeBot&lt;/a&gt;&lt;/strong&gt; as it takes time for an answer to be written.&lt;/h1&gt;\n\n&lt;p&gt;We thank you for your interest in this &lt;em&gt;question&lt;/em&gt;, and your patience in waiting for an in-depth and comprehensive answer to show up. In addition to RemindMeBot, consider &lt;a href=\"https://www.reddit.com/r/AskHistorians/comments/d6dzi7/tired_of_clicking_to_find_only_removed_comments/\"&gt;using our Browser Extension&lt;/a&gt;, or getting the &lt;a href=\"https://www.reddit.com/message/compose?to=subredditsummarybot&amp;amp;subject=askhistorians+weekly&amp;amp;message=x\"&gt;Weekly Roundup&lt;/a&gt;. In the meantime our &lt;a href=\"https://twitter.com/askhistorians\"&gt;Twitter&lt;/a&gt;, &lt;a href=\"https://www.facebook.com/askhistorians/\"&gt;Facebook&lt;/a&gt;, and &lt;a href=\"https://www.reddit.com/r/AskHistorians/search?q=title%3A%22Sunday+Digest%22&amp;amp;restrict_sr=on&amp;amp;sort=new&amp;amp;t=all\"&gt;Sunday Digest&lt;/a&gt; feature excellent content that has already been written!&lt;/p&gt;\n\n&lt;p&gt;&lt;em&gt;I am a bot, and this action was performed automatically. Please &lt;a href=\"/message/compose/?to=/r/AskHistorians\"&gt;contact the moderators of this subreddit&lt;/a&gt; if you have any questions or concerns.&lt;/em&gt;&lt;/p&gt;\n&lt;/div&gt;", "gildings": {}, "collapsed_reason": null, "associated_award": null, "stickied": true, "author_premium": true, "subreddit_type": "public", "can_gild": true, "top_awarded_type": null, "author_flair_text_color": "light", "score_hidden": true, "permalink": "/r/AskHistorians/comments/jmnwip/how_did_the_us_get_its_chinese_concessions/gaw9rq9/", "num_reports": null, "locked": true, "name": "t1_gaw9rq9", "created": 1604354529.0, "subreddit": "AskHistorians", "author_flair_text": "History of Robotics", "treatment_tags": [], "created_utc": 1604325729.0, "subreddit_name_prefixed": "r/AskHistorians", "controversiality": 0, "depth": 0, "author_flair_background_color": "#993366", "collapsed_because_crowd_control": null, "mod_reports": [], "mod_note": null, "distinguished": "moderator"}}, {"kind": "t1", "data": {"total_awards_received": 0, "approved_at_utc": null, "comment_type": null, "awarders": [], "mod_reason_by": null, "banned_by": null, "ups": 31, "author_flair_type": "richtext", "removal_reason": null, "link_id": "t3_jmnwip", "author_flair_template_id": "9e641f94-c626-11e2-8e2c-12313b0b21ae", "likes": null, "replies": {"kind": "Listing", "data": {"modhash": "", "dist": null, "children": [{"kind": "t1", "data": {"total_awards_received": 0, "approved_at_utc": null, "comment_type": null, "awarders": [], "mod_reason_by": null, "banned_by": null, "ups": 5, "author_flair_type": "richtext", "removal_reason": null, "link_id": "t3_jmnwip", "author_flair_template_id": "98d8fdba-c626-11e2-bd52-12313b06caaf", "likes": null, "replies": "", "user_reports": [], "saved": false, "id": "gaxzyuh", "banned_at_utc": null, "mod_reason_title": null, "gilded": 0, "archived": false, "no_follow": false, "author": "RusticBohemian", "can_mod_post": false, "send_replies": true, "parent_id": "t1_gawhosm", "score": 5, "author_fullname": "t2_6t586", "report_reasons": null, "approved_by": null, "all_awardings": [], "subreddit_id": "t5_2ssp3", "collapsed": false, "body": "Thanks for your excellent answer!", "edited": false, "author_flair_css_class": null, "is_submitter": true, "downs": 0, "author_flair_richtext": [{"e": "text", "t": "Interesting Inquirer"}], "author_patreon_flair": false, "body_html": "&lt;div class=\"md\"&gt;&lt;p&gt;Thanks for your excellent answer!&lt;/p&gt;\n&lt;/div&gt;", "gildings": {}, "collapsed_reason": null, "associated_award": null, "stickied": false, "author_premium": false, "subreddit_type": "public", "can_gild": true, "top_awarded_type": null, "author_flair_text_color": "light", "score_hidden": false, "permalink": "/r/AskHistorians/comments/jmnwip/how_did_the_us_get_its_chinese_concessions/gaxzyuh/", "num_reports": null, "locked": false, "name": "t1_gaxzyuh", "created": 1604384922.0, "subreddit": "AskHistorians", "author_flair_text": "Interesting Inquirer", "treatment_tags": [], "created_utc": 1604356122.0, "subreddit_name_prefixed": "r/AskHistorians", "controversiality": 0, "depth": 1, "author_flair_background_color": "#b87317", "collapsed_because_crowd_control": null, "mod_reports": [], "mod_note": null, "distinguished": null}}], "after": null, "before": null}}, "user_reports": [], "saved": false, "id": "gawhosm", "banned_at_utc": null, "mod_reason_title": null, "gilded": 0, "archived": false, "no_follow": false, "author": "EnclavedMicrostate", "can_mod_post": false, "send_replies": true, "parent_id": "t3_jmnwip", "score": 31, "author_fullname": "t2_pncvt", "report_reasons": null, "approved_by": null, "all_awardings": [], "subreddit_id": "t5_2ssp3", "body": "The United States certainly liked to think of itself as having goodwill among the Chinese thanks to not having engaged in any major wars with China, but the reality is that the US did consistently maintain interests in the region, not infrequently through military force. US Marines stormed the Pearl River forts in November 1856 due to Qing forces erroneously firing on a US naval vessel, and although nominally neutral in the ensuing Second Opium War, a steamer chartered by the US Navy aided the British and French fleet during the Second Battle of the Taku Forts in June 1859. In 1900, the US pulled a regiment of infantry and a small force of marines out of their brutal war in the Philippines to join the allied expedition against the Boxers. The United States' comparative lack of bellicosity in China was due more to limited military capacity than it was to limited will: there had been consideration of intervention in the Taiping War, but this was [prevented in the 1850s by the Navy's focus on Japan](https://www.reddit.com/r/AskHistorians/comments/gscxon/did_the_taiping_rebellion_have_any_impact_c_perry/fs5rdm0/), while it was impractical in the 1860s owing to that whole Civil War kerfuffle that went on. Even then, the US offered limited backing \u2013 for a few months anyway \u2013 to Frederick Townsend Ward and his Ever-Victorious Army, a pro-Qing mercenary force based out of Shanghai.\n\nThat does not, of course, change the fact that indeed, the US' actual engagement in military action in China was quite limited during the 19th century, but it still leaves the question: how did it get concessions in China? The answer is a somewhat far-reaching stipulation in a particular treaty. This treaty, the Treaty of Wanghia (Wangxia), was negotiated between the US and the Qing in July 1844, two years after the conclusion of the Opium War. The US was represented by Caleb Cushing, and the Qing by Kiyeng (Qiying in Mandarin), who had been the principal Qing negotiator for the Treaty of Nanking (Nanjing) which concluded that war in August 1842, as well as the (Supplementary) Treaty of the Bogue with Britain in October 1843. He would go on to be the Qing negotiator for other 'Unequal Treaties', including the Treaty of Whampoa with France in October 1844, and the Treaty of Canton with Sweden-Norway in March 1847. \n\nWhile none of these powers other than Britain had gone to war with the Qing in 1839-42, the conclusion of the war had seen a reshuffling of key senior officials and a switch to a foreign policy direction that preferred 'conciliation' (*fu*) over 'extermination' (*jiao*), particularly when it came to coastal affairs. Advocates of conciliation (or, if you're being cynical, appeasement) such as Kiyeng argued that while the Qing were unlikely to win in a war against the foreigners, war was entirely avoidable if the foreigners were allowed greater leeway in terms of commercial activity. In consequence of this, non-belligerent parties like the US, France and Sweden-Norway had great latitude for asking for concessions equivalent to Britain's. The four treaties signed between 1843 and 1847 all stipulated for their signatories that they would receive 'most-favoured-nation' status, which meant that if any terms were granted to another country, the 'most-favoured-nations' could claim them as well by default.\n\nThis meant that the US, France and Sweden-Norway were, by default, entitled to claim any concessions that had already been made to Britain, including (principally, but not limited to): permission to trade at and reside in the four newly-established treaty ports of Amoy (Xiamen), Fuzhou, Ningbo and Shanghai; the right to station consuls; extraterritorial legal rights (that is, to have their own citizens tried by their own courts and not the Qing's); and fixed tariff rates on trade. In turn, should more concessions be made, the US could claim those as well. Not that it necessarily needed to, because the US would be one of the five signatories to the Treaty of Tientsin (Tianjin) in June 1856 and the Convention of Peking (Beijing) in October 1860 (the others being Britain, France, Russia, and of course the Qing). These (among other things) stipulated freedom of movement (but not residence) for foreign subjects with valid passports; ended the prohibition on Christian proselytising; stipulated the creation of a legation quarter in Beijing; and opened up a new set of treaty ports.\n\nIt is notable that not all the treaty texts state the same set of ports, but thanks to the 'most-favoured-nation' clauses, all signatories (and implicitly non-signatories with the clause such as Sweden-Norway) were entitled to use them. Tabulated below are the ports in question (except for the five already opened due to the Treaty of Nanjing), and whose treaties they appear in:\n\nPort | British | French | Russian | American\n----|-------|------|-------|--------\nTainan (Taiwan[-fu]) | \u2713 | \u2713 | \u2713 | \u2713\nHaikou (Kiungchow/Qiongzhou) | \u2713 | \u2713 | \u2713 | \nShantou (Swatow/Chowchow/Chaozhou) | \u2713 | \u2713 |  | \u2713\nPenglai (T\u00e4ngchow/Dengzhou) | \u2713 | \u2713 |  | \nHaicheng (Newchwang) | \u2713 |  |  | \nTamsui (Danshui in Pinyin) |  | \u2713 |  | \nNanjing (Nanking; then the Taiping capital of Tianjing) |  | \u2713 |  | \n\nIncluding the five existing ones, there were nominally 12 treaty ports, all of which the US could use despite technically only specifying seven. The treaty specifically says (emphasis mine)\n\n&gt; The citizens of the United States are permitted to frequent the ports and cities of Canton and Chauchau or Swatow, in the province of Kwangtung; Amoy, Fuhchau, and Taiwan in Formosa, in the province of Fuhkien; Ningpo, in the province of Chehkiang; and Shanghai, in the province of Kiangsu; *and any other port or place hereafter by Treaty with other powers or with the United States opened to commerce*...\n\nIn other words, spelling out the terms of the 'most-favoured-nation' clause from 1844.\n\nIn a sense, I'd say that an aspect of the question as worded is erroneous. While the United States was not a direct belligerent, it was off the back of the two 'Opium Wars' that it gained its concessions, both legal and territorial, by virtue of either being part of the end-of-war treaties themselves (in 1858 and 1860) or taking advantage of a conciliatory postwar mood (in 1843).\n\nI'm unclear on what you mean about 'giving them up without much of a fight'. If you mean the official, exclusive concessions in Shanghai and Tianjin rather than the open treaty ports, then almost all of the concessions in Shanghai save for the French merged into the International Settlement in 1863 by common agreement so that's not something unique to the US, while the Tianjin concession was a *de facto* arrangement which had always been effectively subordinate to the British one, so its merger in 1902 was more the recognition of an existing state of affairs than a major shift in policy. If you mean the US role in foreign concessions in general, that stems largely from the diplomatic moves made by the Republic of China during the Second World War, and lie decidedly outside my area of expertise.", "edited": 1604394611.0, "downs": 0, "author_flair_css_class": null, "is_submitter": false, "collapsed": false, "author_flair_richtext": [{"e": "text", "t": "Moderator | Taiping Heavenly Kingdom | Qing Empire"}], "author_patreon_flair": false, "body_html": "&lt;div class=\"md\"&gt;&lt;p&gt;The United States certainly liked to think of itself as having goodwill among the Chinese thanks to not having engaged in any major wars with China, but the reality is that the US did consistently maintain interests in the region, not infrequently through military force. US Marines stormed the Pearl River forts in November 1856 due to Qing forces erroneously firing on a US naval vessel, and although nominally neutral in the ensuing Second Opium War, a steamer chartered by the US Navy aided the British and French fleet during the Second Battle of the Taku Forts in June 1859. In 1900, the US pulled a regiment of infantry and a small force of marines out of their brutal war in the Philippines to join the allied expedition against the Boxers. The United States&amp;#39; comparative lack of bellicosity in China was due more to limited military capacity than it was to limited will: there had been consideration of intervention in the Taiping War, but this was &lt;a href=\"https://www.reddit.com/r/AskHistorians/comments/gscxon/did_the_taiping_rebellion_have_any_impact_c_perry/fs5rdm0/\"&gt;prevented in the 1850s by the Navy&amp;#39;s focus on Japan&lt;/a&gt;, while it was impractical in the 1860s owing to that whole Civil War kerfuffle that went on. Even then, the US offered limited backing \u2013 for a few months anyway \u2013 to Frederick Townsend Ward and his Ever-Victorious Army, a pro-Qing mercenary force based out of Shanghai.&lt;/p&gt;\n\n&lt;p&gt;That does not, of course, change the fact that indeed, the US&amp;#39; actual engagement in military action in China was quite limited during the 19th century, but it still leaves the question: how did it get concessions in China? The answer is a somewhat far-reaching stipulation in a particular treaty. This treaty, the Treaty of Wanghia (Wangxia), was negotiated between the US and the Qing in July 1844, two years after the conclusion of the Opium War. The US was represented by Caleb Cushing, and the Qing by Kiyeng (Qiying in Mandarin), who had been the principal Qing negotiator for the Treaty of Nanking (Nanjing) which concluded that war in August 1842, as well as the (Supplementary) Treaty of the Bogue with Britain in October 1843. He would go on to be the Qing negotiator for other &amp;#39;Unequal Treaties&amp;#39;, including the Treaty of Whampoa with France in October 1844, and the Treaty of Canton with Sweden-Norway in March 1847. &lt;/p&gt;\n\n&lt;p&gt;While none of these powers other than Britain had gone to war with the Qing in 1839-42, the conclusion of the war had seen a reshuffling of key senior officials and a switch to a foreign policy direction that preferred &amp;#39;conciliation&amp;#39; (&lt;em&gt;fu&lt;/em&gt;) over &amp;#39;extermination&amp;#39; (&lt;em&gt;jiao&lt;/em&gt;), particularly when it came to coastal affairs. Advocates of conciliation (or, if you&amp;#39;re being cynical, appeasement) such as Kiyeng argued that while the Qing were unlikely to win in a war against the foreigners, war was entirely avoidable if the foreigners were allowed greater leeway in terms of commercial activity. In consequence of this, non-belligerent parties like the US, France and Sweden-Norway had great latitude for asking for concessions equivalent to Britain&amp;#39;s. The four treaties signed between 1843 and 1847 all stipulated for their signatories that they would receive &amp;#39;most-favoured-nation&amp;#39; status, which meant that if any terms were granted to another country, the &amp;#39;most-favoured-nations&amp;#39; could claim them as well by default.&lt;/p&gt;\n\n&lt;p&gt;This meant that the US, France and Sweden-Norway were, by default, entitled to claim any concessions that had already been made to Britain, including (principally, but not limited to): permission to trade at and reside in the four newly-established treaty ports of Amoy (Xiamen), Fuzhou, Ningbo and Shanghai; the right to station consuls; extraterritorial legal rights (that is, to have their own citizens tried by their own courts and not the Qing&amp;#39;s); and fixed tariff rates on trade. In turn, should more concessions be made, the US could claim those as well. Not that it necessarily needed to, because the US would be one of the five signatories to the Treaty of Tientsin (Tianjin) in June 1856 and the Convention of Peking (Beijing) in October 1860 (the others being Britain, France, Russia, and of course the Qing). These (among other things) stipulated freedom of movement (but not residence) for foreign subjects with valid passports; ended the prohibition on Christian proselytising; stipulated the creation of a legation quarter in Beijing; and opened up a new set of treaty ports.&lt;/p&gt;\n\n&lt;p&gt;It is notable that not all the treaty texts state the same set of ports, but thanks to the &amp;#39;most-favoured-nation&amp;#39; clauses, all signatories (and implicitly non-signatories with the clause such as Sweden-Norway) were entitled to use them. Tabulated below are the ports in question (except for the five already opened due to the Treaty of Nanjing), and whose treaties they appear in:&lt;/p&gt;\n\n&lt;table&gt;&lt;thead&gt;\n&lt;tr&gt;\n&lt;th&gt;Port&lt;/th&gt;\n&lt;th&gt;British&lt;/th&gt;\n&lt;th&gt;French&lt;/th&gt;\n&lt;th&gt;Russian&lt;/th&gt;\n&lt;th&gt;American&lt;/th&gt;\n&lt;/tr&gt;\n&lt;/thead&gt;&lt;tbody&gt;\n&lt;tr&gt;\n&lt;td&gt;Tainan (Taiwan[-fu])&lt;/td&gt;\n&lt;td&gt;\u2713&lt;/td&gt;\n&lt;td&gt;\u2713&lt;/td&gt;\n&lt;td&gt;\u2713&lt;/td&gt;\n&lt;td&gt;\u2713&lt;/td&gt;\n&lt;/tr&gt;\n&lt;tr&gt;\n&lt;td&gt;Haikou (Kiungchow/Qiongzhou)&lt;/td&gt;\n&lt;td&gt;\u2713&lt;/td&gt;\n&lt;td&gt;\u2713&lt;/td&gt;\n&lt;td&gt;\u2713&lt;/td&gt;\n&lt;td&gt;&lt;/td&gt;\n&lt;/tr&gt;\n&lt;tr&gt;\n&lt;td&gt;Shantou (Swatow/Chowchow/Chaozhou)&lt;/td&gt;\n&lt;td&gt;\u2713&lt;/td&gt;\n&lt;td&gt;\u2713&lt;/td&gt;\n&lt;td&gt;&lt;/td&gt;\n&lt;td&gt;\u2713&lt;/td&gt;\n&lt;/tr&gt;\n&lt;tr&gt;\n&lt;td&gt;Penglai (T\u00e4ngchow/Dengzhou)&lt;/td&gt;\n&lt;td&gt;\u2713&lt;/td&gt;\n&lt;td&gt;\u2713&lt;/td&gt;\n&lt;td&gt;&lt;/td&gt;\n&lt;td&gt;&lt;/td&gt;\n&lt;/tr&gt;\n&lt;tr&gt;\n&lt;td&gt;Haicheng (Newchwang)&lt;/td&gt;\n&lt;td&gt;\u2713&lt;/td&gt;\n&lt;td&gt;&lt;/td&gt;\n&lt;td&gt;&lt;/td&gt;\n&lt;td&gt;&lt;/td&gt;\n&lt;/tr&gt;\n&lt;tr&gt;\n&lt;td&gt;Tamsui (Danshui in Pinyin)&lt;/td&gt;\n&lt;td&gt;&lt;/td&gt;\n&lt;td&gt;\u2713&lt;/td&gt;\n&lt;td&gt;&lt;/td&gt;\n&lt;td&gt;&lt;/td&gt;\n&lt;/tr&gt;\n&lt;tr&gt;\n&lt;td&gt;Nanjing (Nanking; then the Taiping capital of Tianjing)&lt;/td&gt;\n&lt;td&gt;&lt;/td&gt;\n&lt;td&gt;\u2713&lt;/td&gt;\n&lt;td&gt;&lt;/td&gt;\n&lt;td&gt;&lt;/td&gt;\n&lt;/tr&gt;\n&lt;/tbody&gt;&lt;/table&gt;\n\n&lt;p&gt;Including the five existing ones, there were nominally 12 treaty ports, all of which the US could use despite technically only specifying seven. The treaty specifically says (emphasis mine)&lt;/p&gt;\n\n&lt;blockquote&gt;\n&lt;p&gt;The citizens of the United States are permitted to frequent the ports and cities of Canton and Chauchau or Swatow, in the province of Kwangtung; Amoy, Fuhchau, and Taiwan in Formosa, in the province of Fuhkien; Ningpo, in the province of Chehkiang; and Shanghai, in the province of Kiangsu; &lt;em&gt;and any other port or place hereafter by Treaty with other powers or with the United States opened to commerce&lt;/em&gt;...&lt;/p&gt;\n&lt;/blockquote&gt;\n\n&lt;p&gt;In other words, spelling out the terms of the &amp;#39;most-favoured-nation&amp;#39; clause from 1844.&lt;/p&gt;\n\n&lt;p&gt;In a sense, I&amp;#39;d say that an aspect of the question as worded is erroneous. While the United States was not a direct belligerent, it was off the back of the two &amp;#39;Opium Wars&amp;#39; that it gained its concessions, both legal and territorial, by virtue of either being part of the end-of-war treaties themselves (in 1858 and 1860) or taking advantage of a conciliatory postwar mood (in 1843).&lt;/p&gt;\n\n&lt;p&gt;I&amp;#39;m unclear on what you mean about &amp;#39;giving them up without much of a fight&amp;#39;. If you mean the official, exclusive concessions in Shanghai and Tianjin rather than the open treaty ports, then almost all of the concessions in Shanghai save for the French merged into the International Settlement in 1863 by common agreement so that&amp;#39;s not something unique to the US, while the Tianjin concession was a &lt;em&gt;de facto&lt;/em&gt; arrangement which had always been effectively subordinate to the British one, so its merger in 1902 was more the recognition of an existing state of affairs than a major shift in policy. If you mean the US role in foreign concessions in general, that stems largely from the diplomatic moves made by the Republic of China during the Second World War, and lie decidedly outside my area of expertise.&lt;/p&gt;\n&lt;/div&gt;", "gildings": {}, "collapsed_reason": null, "associated_award": null, "stickied": false, "author_premium": false, "subreddit_type": "public", "can_gild": true, "top_awarded_type": null, "author_flair_text_color": "light", "score_hidden": false, "permalink": "/r/AskHistorians/comments/jmnwip/how_did_the_us_get_its_chinese_concessions/gawhosm/", "num_reports": null, "locked": false, "name": "t1_gawhosm", "created": 1604358893.0, "subreddit": "AskHistorians", "author_flair_text": "Moderator | Taiping Heavenly Kingdom | Qing Empire", "treatment_tags": [], "created_utc": 1604330093.0, "subreddit_name_prefixed": "r/AskHistorians", "controversiality": 0, "depth": 0, "author_flair_background_color": "#993366", "collapsed_because_crowd_control": null, "mod_reports": [], "mod_note": null, "distinguished": null}}], "after": null, "before": null}}]