[{"kind": "Listing", "data": {"modhash": "", "dist": 1, "children": [{"kind": "t3", "data": {"approved_at_utc": null, "subreddit": "AskHistorians", "selftext": "I've heard anecdotes of Castles from Medieval England destroyed to avoid their use during the Civil Wars, of the Acropolis being blown up because it was used as a gundpowder storage (don't know if it's true) and other stories such as these, and it makes me wonder about historical attitudes to these ancient buildings. When did we treat them with respect (in general)? What would, for example, a guy from 11th Century Rome have thought about the Colloseum?", "user_reports": [], "saved": false, "mod_reason_title": null, "gilded": 0, "clicked": false, "title": "When did people generally start looking at ancient buildings with respect?", "link_flair_richtext": [], "subreddit_name_prefixed": "r/AskHistorians", "hidden": false, "pwls": 6, "link_flair_css_class": null, "downs": 0, "top_awarded_type": null, "parent_whitelist_status": "all_ads", "hide_score": false, "name": "t3_jmp66w", "quarantine": false, "link_flair_text_color": "dark", "upvote_ratio": 0.84, "author_flair_background_color": null, "subreddit_type": "public", "ups": 4, "total_awards_received": 0, "media_embed": {}, "author_flair_template_id": null, "is_original_content": false, "author_fullname": "t2_2uhpon45", "secure_media": null, "is_reddit_media_domain": false, "is_meta": false, "category": null, "secure_media_embed": {}, "link_flair_text": null, "can_mod_post": false, "score": 4, "approved_by": null, "author_premium": false, "thumbnail": "", "edited": false, "author_flair_css_class": null, "author_flair_richtext": [], "gildings": {}, "content_categories": null, "is_self": true, "mod_note": null, "created": 1604358740.0, "link_flair_type": "text", "wls": 6, "removed_by_category": null, "banned_by": null, "author_flair_type": "text", "domain": "self.AskHistorians", "allow_live_comments": false, "selftext_html": "&lt;!-- SC_OFF --&gt;&lt;div class=\"md\"&gt;&lt;p&gt;I&amp;#39;ve heard anecdotes of Castles from Medieval England destroyed to avoid their use during the Civil Wars, of the Acropolis being blown up because it was used as a gundpowder storage (don&amp;#39;t know if it&amp;#39;s true) and other stories such as these, and it makes me wonder about historical attitudes to these ancient buildings. When did we treat them with respect (in general)? What would, for example, a guy from 11th Century Rome have thought about the Colloseum?&lt;/p&gt;\n&lt;/div&gt;&lt;!-- SC_ON --&gt;", "likes": null, "suggested_sort": null, "banned_at_utc": null, "view_count": null, "archived": false, "no_follow": false, "is_crosspostable": false, "pinned": false, "over_18": false, "all_awardings": [], "awarders": [], "media_only": false, "can_gild": false, "spoiler": false, "locked": false, "author_flair_text": null, "treatment_tags": [], "visited": false, "removed_by": null, "num_reports": null, "distinguished": null, "subreddit_id": "t5_2ssp3", "mod_reason_by": null, "removal_reason": null, "link_flair_background_color": "", "id": "jmp66w", "is_robot_indexable": true, "num_duplicates": 1, "report_reasons": null, "author": "sgarrido85", "discussion_type": null, "num_comments": 3, "send_replies": true, "media": null, "contest_mode": false, "author_patreon_flair": false, "author_flair_text_color": null, "permalink": "/r/AskHistorians/comments/jmp66w/when_did_people_generally_start_looking_at/", "whitelist_status": "all_ads", "stickied": false, "url": "https://www.reddit.com/r/AskHistorians/comments/jmp66w/when_did_people_generally_start_looking_at/", "subreddit_subscribers": 1307287, "created_utc": 1604329940.0, "num_crossposts": 0, "mod_reports": [], "is_video": false}}], "after": null, "before": null}}, {"kind": "Listing", "data": {"modhash": "", "dist": null, "children": [{"kind": "t1", "data": {"total_awards_received": 0, "approved_at_utc": null, "comment_type": null, "awarders": [], "mod_reason_by": null, "banned_by": null, "ups": 1, "author_flair_type": "richtext", "removal_reason": null, "link_id": "t3_jmp66w", "author_flair_template_id": "9e641f94-c626-11e2-8e2c-12313b0b21ae", "likes": null, "replies": "", "user_reports": [], "saved": false, "id": "gawhe04", "banned_at_utc": null, "mod_reason_title": null, "gilded": 0, "archived": false, "no_follow": true, "author": "AutoModerator", "can_mod_post": false, "send_replies": false, "parent_id": "t3_jmp66w", "score": 1, "author_fullname": "t2_6l4z3", "report_reasons": null, "approved_by": null, "all_awardings": [], "subreddit_id": "t5_2ssp3", "body": "Welcome to /r/AskHistorians. **Please [Read Our Rules](https://www.reddit.com/r/AskHistorians/wiki/rules) before you comment in this community**. Understand that [rule breaking comments get removed](https://www.reddit.com/r/AskHistorians/comments/h8aefx/rules_roundtable_xviii_removed_curation_and_why/).\n\n#Please consider **[Clicking Here for RemindMeBot](https://www.reddit.com/message/compose/?to=RemindMeBot&amp;subject=Reminder&amp;message=%5Bhttps://www.reddit.com/r/AskHistorians/comments/jmp66w/when_did_people_generally_start_looking_at/%5D%0A%0ARemindMe!%202%20days)** as it takes time for an answer to be written. \n\nWe thank you for your interest in this *question*, and your patience in waiting for an in-depth and comprehensive answer to show up. In addition to RemindMeBot, consider [using our Browser Extension](https://www.reddit.com/r/AskHistorians/comments/d6dzi7/tired_of_clicking_to_find_only_removed_comments/), or getting the [Weekly Roundup](https://www.reddit.com/message/compose?to=subredditsummarybot&amp;subject=askhistorians+weekly&amp;message=x). In the meantime our [Twitter](https://twitter.com/askhistorians), [Facebook](https://www.facebook.com/askhistorians/), and [Sunday Digest](https://www.reddit.com/r/AskHistorians/search?q=title%3A%22Sunday+Digest%22&amp;restrict_sr=on&amp;sort=new&amp;t=all) feature excellent content that has already been written!\n\n\n*I am a bot, and this action was performed automatically. Please [contact the moderators of this subreddit](/message/compose/?to=/r/AskHistorians) if you have any questions or concerns.*", "edited": false, "downs": 0, "author_flair_css_class": null, "is_submitter": false, "collapsed": false, "author_flair_richtext": [{"e": "text", "t": "History of Robotics"}], "author_patreon_flair": false, "body_html": "&lt;div class=\"md\"&gt;&lt;p&gt;Welcome to &lt;a href=\"/r/AskHistorians\"&gt;/r/AskHistorians&lt;/a&gt;. &lt;strong&gt;Please &lt;a href=\"https://www.reddit.com/r/AskHistorians/wiki/rules\"&gt;Read Our Rules&lt;/a&gt; before you comment in this community&lt;/strong&gt;. Understand that &lt;a href=\"https://www.reddit.com/r/AskHistorians/comments/h8aefx/rules_roundtable_xviii_removed_curation_and_why/\"&gt;rule breaking comments get removed&lt;/a&gt;.&lt;/p&gt;\n\n&lt;h1&gt;Please consider &lt;strong&gt;&lt;a href=\"https://www.reddit.com/message/compose/?to=RemindMeBot&amp;amp;subject=Reminder&amp;amp;message=%5Bhttps://www.reddit.com/r/AskHistorians/comments/jmp66w/when_did_people_generally_start_looking_at/%5D%0A%0ARemindMe!%202%20days\"&gt;Clicking Here for RemindMeBot&lt;/a&gt;&lt;/strong&gt; as it takes time for an answer to be written.&lt;/h1&gt;\n\n&lt;p&gt;We thank you for your interest in this &lt;em&gt;question&lt;/em&gt;, and your patience in waiting for an in-depth and comprehensive answer to show up. In addition to RemindMeBot, consider &lt;a href=\"https://www.reddit.com/r/AskHistorians/comments/d6dzi7/tired_of_clicking_to_find_only_removed_comments/\"&gt;using our Browser Extension&lt;/a&gt;, or getting the &lt;a href=\"https://www.reddit.com/message/compose?to=subredditsummarybot&amp;amp;subject=askhistorians+weekly&amp;amp;message=x\"&gt;Weekly Roundup&lt;/a&gt;. In the meantime our &lt;a href=\"https://twitter.com/askhistorians\"&gt;Twitter&lt;/a&gt;, &lt;a href=\"https://www.facebook.com/askhistorians/\"&gt;Facebook&lt;/a&gt;, and &lt;a href=\"https://www.reddit.com/r/AskHistorians/search?q=title%3A%22Sunday+Digest%22&amp;amp;restrict_sr=on&amp;amp;sort=new&amp;amp;t=all\"&gt;Sunday Digest&lt;/a&gt; feature excellent content that has already been written!&lt;/p&gt;\n\n&lt;p&gt;&lt;em&gt;I am a bot, and this action was performed automatically. Please &lt;a href=\"/message/compose/?to=/r/AskHistorians\"&gt;contact the moderators of this subreddit&lt;/a&gt; if you have any questions or concerns.&lt;/em&gt;&lt;/p&gt;\n&lt;/div&gt;", "gildings": {}, "collapsed_reason": null, "associated_award": null, "stickied": true, "author_premium": true, "subreddit_type": "public", "can_gild": true, "top_awarded_type": null, "author_flair_text_color": "light", "score_hidden": true, "permalink": "/r/AskHistorians/comments/jmp66w/when_did_people_generally_start_looking_at/gawhe04/", "num_reports": null, "locked": true, "name": "t1_gawhe04", "created": 1604358741.0, "subreddit": "AskHistorians", "author_flair_text": "History of Robotics", "treatment_tags": [], "created_utc": 1604329941.0, "subreddit_name_prefixed": "r/AskHistorians", "controversiality": 0, "depth": 0, "author_flair_background_color": "#993366", "collapsed_because_crowd_control": null, "mod_reports": [], "mod_note": null, "distinguished": "moderator"}}, {"kind": "t1", "data": {"total_awards_received": 0, "approved_at_utc": null, "comment_type": null, "awarders": [], "mod_reason_by": null, "banned_by": null, "ups": 5, "author_flair_type": "text", "removal_reason": null, "link_id": "t3_jmp66w", "author_flair_template_id": null, "likes": null, "replies": {"kind": "Listing", "data": {"modhash": "", "dist": null, "children": [{"kind": "t1", "data": {"total_awards_received": 0, "approved_at_utc": null, "comment_type": null, "awarders": [], "mod_reason_by": null, "banned_by": null, "ups": 3, "author_flair_type": "text", "removal_reason": null, "link_id": "t3_jmp66w", "author_flair_template_id": null, "likes": null, "replies": "", "user_reports": [], "saved": false, "id": "gb04nxp", "banned_at_utc": null, "mod_reason_title": null, "gilded": 0, "archived": false, "no_follow": true, "author": "sgarrido85", "can_mod_post": false, "send_replies": true, "parent_id": "t1_gazqv44", "score": 3, "author_fullname": "t2_2uhpon45", "report_reasons": null, "approved_by": null, "all_awardings": [], "subreddit_id": "t5_2ssp3", "collapsed": false, "body": "Thanks a lot for your answer! This is a very interesting topic and I'll check out the books you recommended.", "edited": false, "author_flair_css_class": null, "is_submitter": true, "downs": 0, "author_flair_richtext": [], "author_patreon_flair": false, "body_html": "&lt;div class=\"md\"&gt;&lt;p&gt;Thanks a lot for your answer! This is a very interesting topic and I&amp;#39;ll check out the books you recommended.&lt;/p&gt;\n&lt;/div&gt;", "gildings": {}, "collapsed_reason": null, "associated_award": null, "stickied": false, "author_premium": false, "subreddit_type": "public", "can_gild": true, "top_awarded_type": null, "author_flair_text_color": null, "score_hidden": false, "permalink": "/r/AskHistorians/comments/jmp66w/when_did_people_generally_start_looking_at/gb04nxp/", "num_reports": null, "locked": false, "name": "t1_gb04nxp", "created": 1604439899.0, "subreddit": "AskHistorians", "author_flair_text": null, "treatment_tags": [], "created_utc": 1604411099.0, "subreddit_name_prefixed": "r/AskHistorians", "controversiality": 0, "depth": 1, "author_flair_background_color": null, "collapsed_because_crowd_control": null, "mod_reports": [], "mod_note": null, "distinguished": null}}], "after": null, "before": null}}, "user_reports": [], "saved": false, "id": "gazqv44", "banned_at_utc": null, "mod_reason_title": null, "gilded": 0, "archived": false, "no_follow": false, "author": "FirebirdWriter", "can_mod_post": false, "send_replies": true, "parent_id": "t3_jmp66w", "score": 5, "author_fullname": "t2_4rqbs5nm", "report_reasons": null, "approved_by": null, "all_awardings": [], "subreddit_id": "t5_2ssp3", "body": "This is a topic that has fascinated me since I first read the Hunchback of Notre Dame and found the story was very much about the building as much as the people. The short answer is a social change occurred during the 17th century. The novel Victor Hugo wrote is a part of this. Though historic sites are still targeted during war often. Currently you can see the Taliban actively perusing this destruction in part to erase cultural icons they disagree with and to demoralize. The Nazis did this also. I mention this as it's easy to assume things are just in the past and we as modern people are better than our ancestors. We've not changed as people quite that much. Now for the longer answer. \n\nIn England some of the changes came with Railroads and the loss of common lands. A particular case that set a precidence was the Berkhamsted case. Lord Brownlow erected five foot steel fences claiming the town commons as private property. This was in 1866. For most of English history common land was a vital part of every town. People gathered, did trade, and celebrated together in this commons. This is where one gets a town square also. As the wealthy landowner began to take these away, with instances as far back as 1660 but with growing rapidity especially in the early Victorian Era this became representative of the divides of \"Us\" snd \"Them\". \n\nWhat makes the Lord Brownlow and Berkhamsted case so interesting is the response of the people. Augustus John Smith lead a group of hired men from the East End and locals to tear these fences down in an effort to reclaim the public land and preserve it. This is known as the Battle of Berkhamsted Common. It wasn't until 1870 that laws were passed under the guidance of Sir Robert Hunter\u00a0 and others who eventually confounded the Commons Preservation Society and National Trust. \n\nNow if you're talking We as in the United States the history begins with the 1850 presentation of Hasbrouck House. This is also known as George Washington's military headquarters. In the US this was the first site designated as a historical site to be preserved. It was reaffirmed as a historic landmark site in 1961 under some changes to Legislation as well. It's currently a Museum that's replicating life as Washington experienced it. This lead to presentation of Mount Vernon in 1858. Various US States has their own Societies but I believe it was the Association for the Preservation of Virginia Antiquities that came first. This organization is now known as Preservation Virginia, to aide you in future research. This lead to the 1895 creation of the American Scenic and Historic Preservation Society. This was the first US Nationwide Preservation effort.\n\n\nI don't know enough about other English speaking countries Preservation to say much about Australia or Canada. That said you can see none of this occured in a vaccume. We as a global people often influence one another.\u00a0 This is why organizations like Unesco exist and matter. \n\nBack to Hugo to wrap this up he existed during the aftermath of a war that used destruction of everything tied to wealth as a part of its driving force. Paris was destroyed. Things we cannot know were lost. His own parents were at odds theologically as his father was an atheist and his mother a catholic. His father took him with him as he worked as one of Napoleon's generals. Hugo essentially was raised on war and revolution and as he became a man saw the restoration of the Bourbon Monarchy. This shows in Les Miserables but it is also very present in Hunchback which was written not to tell us a story about people but about a building and the price of losing its art. You can compare this to his earlier work \"Guerre aux D\u00e9molisseurs\u00a0(War to the Demolishers).\" As Hunchback is one of the most adapted and translated works it is possible that it's influence echoed the people's desire to remember and also inspired it.\n\n\nFor more on Hugo and the preservation movement:\nZaretsky, Rob.\u00a0\"Victor Hugo and Architecture\",\u00a0Engines of our Ingenuity, 2006 radio transcript, University of Houston \n\nRebello, Stephen.\u00a0The Art of The Hunchback of Notre Dame\u00a0 \n\nNotre-Dame De Paris\u00a0at\u00a0Project Gutenberg, 1888 English translation by\u00a0Isabel Florence Hapgood \n\nhttps://www.architectmagazine.com/design/editorial/victor-hugo-was-wrong_o \n\nFor people specific research besides Victor Hugo and those above you will find interest in the following people:\nEug\u00e8ne Viollet-le-Duc - An architect who focused on restoration and the influences of the past on future design. They were instrumental in saving Notre Dame Cathedral and their works continue to influence art and architecture. As Notre Dame was one of the first reconstructive restorations this is to me one of the most important people to learn about. I am offering tidbits below but they're all fascinating people. \n\nThe designer William Morris who besides making Arsenic Wallpaper en vogue established the Society for the Protection of Ancient Buildings. \n\nHarriet Tubman who bought 25 acres to make a home for the Elderly and has become a museum and memorial to her other great works. \n\nAnn Pamela Cunningham was one of the main forces behind the saving of Mount Vernon via her formation of the Mount Vernon Ladies' Association. She was also disabled adding interest for me personally as navigating historical sites in a wheelchair is a challenge with the ADA. Imagine preservationists working without ability and across all 30 states? \n\nMary McLeod Bethune and Madame CJ Walker were both pivotal in preserving African American history. Madame Walker made the largest donation for the preservation of Fredrick Douglas' home while making history as the first female self made Millionaire in the USA. Bethune was a national advisor to FDR amid many more achievments.\n\n\nResources/ 3am Bibliography \n\nMr. Shaw-Lefevre on the Preservation of Commons\".\u00a0The Times. 11 December 1886. \n\nExhibition and commemorative walk marks anniversary of battle to save Berkhamsted Common\".\u00a0Hemel Gazette. Johnston Publishing Ltd. 12 October 2015 \n\nDenise Winterman.\u00a0\"The man who demolished Shakespeare's house\". BBC News Magazine \n\n\"The National Trust Acts 1907 - 1971, as varied by a Parliamentary Scheme implemented by The Charities (National Trust) Order 2005\" \n\nTribute to Enduring Ideals.\"\u00a0A Richer Heritage: Historic Preservation in the Twenty-First Century. \n\nLindgren, James Michael.\u00a0Preserving the Old Dominion: historic preservation and Virginia traditionalism.\u00a0 \n\nMurtagh, William J.\u00a0Keeping Time: The History and Theory of Preservation in America. New York: Sterling Publishing, Co., 1997. \n\nRestoring women's history through historic preservation. Dubrow, Gail Lee., Goodman, Jennifer B \n\nPage, Max &amp; Randall Mason (eds.).\u00a0Giving Preservation a History. \n\nRuskin, John.\u00a0The Seven Lamps of Architecture.\u00a0New York: Dover Publications, 1989. Originally published, 1880. \n\nViollet-le-Duc, Eug\u00e8ne Emmanuel.\u00a0The Foundations of Architecture; Selections from the Dictionnaire Raisonn\u00e9.\u00a0New York: George Braziller, 1990. \n\n\nI will add this isn't my area of scholarly study so much as a passionate one discovered in reading so I definitely missed a few things and hope others with more experience will expound.", "edited": false, "downs": 0, "author_flair_css_class": null, "is_submitter": false, "collapsed": false, "author_flair_richtext": [], "author_patreon_flair": false, "body_html": "&lt;div class=\"md\"&gt;&lt;p&gt;This is a topic that has fascinated me since I first read the Hunchback of Notre Dame and found the story was very much about the building as much as the people. The short answer is a social change occurred during the 17th century. The novel Victor Hugo wrote is a part of this. Though historic sites are still targeted during war often. Currently you can see the Taliban actively perusing this destruction in part to erase cultural icons they disagree with and to demoralize. The Nazis did this also. I mention this as it&amp;#39;s easy to assume things are just in the past and we as modern people are better than our ancestors. We&amp;#39;ve not changed as people quite that much. Now for the longer answer. &lt;/p&gt;\n\n&lt;p&gt;In England some of the changes came with Railroads and the loss of common lands. A particular case that set a precidence was the Berkhamsted case. Lord Brownlow erected five foot steel fences claiming the town commons as private property. This was in 1866. For most of English history common land was a vital part of every town. People gathered, did trade, and celebrated together in this commons. This is where one gets a town square also. As the wealthy landowner began to take these away, with instances as far back as 1660 but with growing rapidity especially in the early Victorian Era this became representative of the divides of &amp;quot;Us&amp;quot; snd &amp;quot;Them&amp;quot;. &lt;/p&gt;\n\n&lt;p&gt;What makes the Lord Brownlow and Berkhamsted case so interesting is the response of the people. Augustus John Smith lead a group of hired men from the East End and locals to tear these fences down in an effort to reclaim the public land and preserve it. This is known as the Battle of Berkhamsted Common. It wasn&amp;#39;t until 1870 that laws were passed under the guidance of Sir Robert Hunter\u00a0 and others who eventually confounded the Commons Preservation Society and National Trust. &lt;/p&gt;\n\n&lt;p&gt;Now if you&amp;#39;re talking We as in the United States the history begins with the 1850 presentation of Hasbrouck House. This is also known as George Washington&amp;#39;s military headquarters. In the US this was the first site designated as a historical site to be preserved. It was reaffirmed as a historic landmark site in 1961 under some changes to Legislation as well. It&amp;#39;s currently a Museum that&amp;#39;s replicating life as Washington experienced it. This lead to presentation of Mount Vernon in 1858. Various US States has their own Societies but I believe it was the Association for the Preservation of Virginia Antiquities that came first. This organization is now known as Preservation Virginia, to aide you in future research. This lead to the 1895 creation of the American Scenic and Historic Preservation Society. This was the first US Nationwide Preservation effort.&lt;/p&gt;\n\n&lt;p&gt;I don&amp;#39;t know enough about other English speaking countries Preservation to say much about Australia or Canada. That said you can see none of this occured in a vaccume. We as a global people often influence one another.\u00a0 This is why organizations like Unesco exist and matter. &lt;/p&gt;\n\n&lt;p&gt;Back to Hugo to wrap this up he existed during the aftermath of a war that used destruction of everything tied to wealth as a part of its driving force. Paris was destroyed. Things we cannot know were lost. His own parents were at odds theologically as his father was an atheist and his mother a catholic. His father took him with him as he worked as one of Napoleon&amp;#39;s generals. Hugo essentially was raised on war and revolution and as he became a man saw the restoration of the Bourbon Monarchy. This shows in Les Miserables but it is also very present in Hunchback which was written not to tell us a story about people but about a building and the price of losing its art. You can compare this to his earlier work &amp;quot;Guerre aux D\u00e9molisseurs\u00a0(War to the Demolishers).&amp;quot; As Hunchback is one of the most adapted and translated works it is possible that it&amp;#39;s influence echoed the people&amp;#39;s desire to remember and also inspired it.&lt;/p&gt;\n\n&lt;p&gt;For more on Hugo and the preservation movement:\nZaretsky, Rob.\u00a0&amp;quot;Victor Hugo and Architecture&amp;quot;,\u00a0Engines of our Ingenuity, 2006 radio transcript, University of Houston &lt;/p&gt;\n\n&lt;p&gt;Rebello, Stephen.\u00a0The Art of The Hunchback of Notre Dame\u00a0 &lt;/p&gt;\n\n&lt;p&gt;Notre-Dame De Paris\u00a0at\u00a0Project Gutenberg, 1888 English translation by\u00a0Isabel Florence Hapgood &lt;/p&gt;\n\n&lt;p&gt;&lt;a href=\"https://www.architectmagazine.com/design/editorial/victor-hugo-was-wrong_o\"&gt;https://www.architectmagazine.com/design/editorial/victor-hugo-was-wrong_o&lt;/a&gt; &lt;/p&gt;\n\n&lt;p&gt;For people specific research besides Victor Hugo and those above you will find interest in the following people:\nEug\u00e8ne Viollet-le-Duc - An architect who focused on restoration and the influences of the past on future design. They were instrumental in saving Notre Dame Cathedral and their works continue to influence art and architecture. As Notre Dame was one of the first reconstructive restorations this is to me one of the most important people to learn about. I am offering tidbits below but they&amp;#39;re all fascinating people. &lt;/p&gt;\n\n&lt;p&gt;The designer William Morris who besides making Arsenic Wallpaper en vogue established the Society for the Protection of Ancient Buildings. &lt;/p&gt;\n\n&lt;p&gt;Harriet Tubman who bought 25 acres to make a home for the Elderly and has become a museum and memorial to her other great works. &lt;/p&gt;\n\n&lt;p&gt;Ann Pamela Cunningham was one of the main forces behind the saving of Mount Vernon via her formation of the Mount Vernon Ladies&amp;#39; Association. She was also disabled adding interest for me personally as navigating historical sites in a wheelchair is a challenge with the ADA. Imagine preservationists working without ability and across all 30 states? &lt;/p&gt;\n\n&lt;p&gt;Mary McLeod Bethune and Madame CJ Walker were both pivotal in preserving African American history. Madame Walker made the largest donation for the preservation of Fredrick Douglas&amp;#39; home while making history as the first female self made Millionaire in the USA. Bethune was a national advisor to FDR amid many more achievments.&lt;/p&gt;\n\n&lt;p&gt;Resources/ 3am Bibliography &lt;/p&gt;\n\n&lt;p&gt;Mr. Shaw-Lefevre on the Preservation of Commons&amp;quot;.\u00a0The Times. 11 December 1886. &lt;/p&gt;\n\n&lt;p&gt;Exhibition and commemorative walk marks anniversary of battle to save Berkhamsted Common&amp;quot;.\u00a0Hemel Gazette. Johnston Publishing Ltd. 12 October 2015 &lt;/p&gt;\n\n&lt;p&gt;Denise Winterman.\u00a0&amp;quot;The man who demolished Shakespeare&amp;#39;s house&amp;quot;. BBC News Magazine &lt;/p&gt;\n\n&lt;p&gt;&amp;quot;The National Trust Acts 1907 - 1971, as varied by a Parliamentary Scheme implemented by The Charities (National Trust) Order 2005&amp;quot; &lt;/p&gt;\n\n&lt;p&gt;Tribute to Enduring Ideals.&amp;quot;\u00a0A Richer Heritage: Historic Preservation in the Twenty-First Century. &lt;/p&gt;\n\n&lt;p&gt;Lindgren, James Michael.\u00a0Preserving the Old Dominion: historic preservation and Virginia traditionalism.\u00a0 &lt;/p&gt;\n\n&lt;p&gt;Murtagh, William J.\u00a0Keeping Time: The History and Theory of Preservation in America. New York: Sterling Publishing, Co., 1997. &lt;/p&gt;\n\n&lt;p&gt;Restoring women&amp;#39;s history through historic preservation. Dubrow, Gail Lee., Goodman, Jennifer B &lt;/p&gt;\n\n&lt;p&gt;Page, Max &amp;amp; Randall Mason (eds.).\u00a0Giving Preservation a History. &lt;/p&gt;\n\n&lt;p&gt;Ruskin, John.\u00a0The Seven Lamps of Architecture.\u00a0New York: Dover Publications, 1989. Originally published, 1880. &lt;/p&gt;\n\n&lt;p&gt;Viollet-le-Duc, Eug\u00e8ne Emmanuel.\u00a0The Foundations of Architecture; Selections from the Dictionnaire Raisonn\u00e9.\u00a0New York: George Braziller, 1990. &lt;/p&gt;\n\n&lt;p&gt;I will add this isn&amp;#39;t my area of scholarly study so much as a passionate one discovered in reading so I definitely missed a few things and hope others with more experience will expound.&lt;/p&gt;\n&lt;/div&gt;", "gildings": {}, "collapsed_reason": null, "associated_award": null, "stickied": false, "author_premium": false, "subreddit_type": "public", "can_gild": true, "top_awarded_type": null, "author_flair_text_color": null, "score_hidden": false, "permalink": "/r/AskHistorians/comments/jmp66w/when_did_people_generally_start_looking_at/gazqv44/", "num_reports": null, "locked": false, "name": "t1_gazqv44", "created": 1604428478.0, "subreddit": "AskHistorians", "author_flair_text": null, "treatment_tags": [], "created_utc": 1604399678.0, "subreddit_name_prefixed": "r/AskHistorians", "controversiality": 0, "depth": 0, "author_flair_background_color": null, "collapsed_because_crowd_control": null, "mod_reports": [], "mod_note": null, "distinguished": null}}], "after": null, "before": null}}]