[{"kind": "Listing", "data": {"modhash": "", "dist": 1, "children": [{"kind": "t3", "data": {"approved_at_utc": null, "subreddit": "AskHistorians", "selftext": "Is it just a coincident or was there something behind it? I know that at times how people creates/make-up stories about their enemies to show how evil or scary that person is (like Viking drinking from the skulls of their enemies or other stories) so was this the case or was it something else?\n\n&amp;#x200B;\n\nThanks", "user_reports": [], "saved": false, "mod_reason_title": null, "gilded": 0, "clicked": false, "title": "Apparently Zombie was actually the name of a Muslim person who fought the Portuguese who wanted to enslave them in Brazil. So how did his name became associated with the now known word \"the living dead\"?", "link_flair_richtext": [], "subreddit_name_prefixed": "r/AskHistorians", "hidden": false, "pwls": 6, "link_flair_css_class": null, "downs": 0, "top_awarded_type": null, "parent_whitelist_status": "all_ads", "hide_score": false, "name": "t3_gv88qf", "quarantine": false, "link_flair_text_color": "dark", "upvote_ratio": 0.76, "author_flair_background_color": null, "subreddit_type": "public", "ups": 24, "total_awards_received": 0, "media_embed": {}, "author_flair_template_id": null, "is_original_content": false, "author_fullname": "t2_ne11c", "secure_media": null, "is_reddit_media_domain": false, "is_meta": false, "category": null, "secure_media_embed": {}, "link_flair_text": null, "can_mod_post": false, "score": 24, "approved_by": null, "author_premium": true, "thumbnail": "", "edited": false, "author_flair_css_class": null, "author_flair_richtext": [], "gildings": {}, "content_categories": null, "is_self": true, "mod_note": null, "created": 1591136654.0, "link_flair_type": "text", "wls": 6, "removed_by_category": null, "banned_by": null, "author_flair_type": "text", "domain": "self.AskHistorians", "allow_live_comments": false, "selftext_html": "&lt;!-- SC_OFF --&gt;&lt;div class=\"md\"&gt;&lt;p&gt;Is it just a coincident or was there something behind it? I know that at times how people creates/make-up stories about their enemies to show how evil or scary that person is (like Viking drinking from the skulls of their enemies or other stories) so was this the case or was it something else?&lt;/p&gt;\n\n&lt;p&gt;&amp;#x200B;&lt;/p&gt;\n\n&lt;p&gt;Thanks&lt;/p&gt;\n&lt;/div&gt;&lt;!-- SC_ON --&gt;", "likes": null, "suggested_sort": null, "banned_at_utc": null, "view_count": null, "archived": false, "no_follow": false, "is_crosspostable": false, "pinned": false, "over_18": false, "all_awardings": [], "awarders": [], "media_only": false, "can_gild": false, "spoiler": false, "locked": false, "author_flair_text": null, "treatment_tags": [], "visited": false, "removed_by": null, "num_reports": null, "distinguished": null, "subreddit_id": "t5_2ssp3", "mod_reason_by": null, "removal_reason": null, "link_flair_background_color": "", "id": "gv88qf", "is_robot_indexable": true, "num_duplicates": 1, "report_reasons": null, "author": "killingspeerx", "discussion_type": null, "num_comments": 8, "send_replies": true, "media": null, "contest_mode": false, "author_patreon_flair": false, "author_flair_text_color": null, "permalink": "/r/AskHistorians/comments/gv88qf/apparently_zombie_was_actually_the_name_of_a/", "whitelist_status": "all_ads", "stickied": false, "url": "https://www.reddit.com/r/AskHistorians/comments/gv88qf/apparently_zombie_was_actually_the_name_of_a/", "subreddit_subscribers": 1225808, "created_utc": 1591107854.0, "num_crossposts": 0, "mod_reports": [], "is_video": false}}], "after": null, "before": null}}, {"kind": "Listing", "data": {"modhash": "", "dist": null, "children": [{"kind": "t1", "data": {"total_awards_received": 0, "approved_at_utc": null, "ups": 1, "awarders": [], "mod_reason_by": null, "banned_by": null, "author_flair_type": "richtext", "removal_reason": null, "link_id": "t3_gv88qf", "author_flair_template_id": "9e641f94-c626-11e2-8e2c-12313b0b21ae", "likes": null, "replies": "", "user_reports": [], "saved": false, "id": "fsmyxyu", "banned_at_utc": null, "mod_reason_title": null, "gilded": 0, "archived": false, "no_follow": true, "author": "AutoModerator", "can_mod_post": false, "send_replies": false, "parent_id": "t3_gv88qf", "score": 1, "author_fullname": "t2_6l4z3", "report_reasons": null, "approved_by": null, "all_awardings": [], "subreddit_id": "t5_2ssp3", "body": "Welcome to /r/AskHistorians. **Please [Read Our Rules](https://www.reddit.com/r/AskHistorians/wiki/rules) before you comment in this community**. Understand that rule breaking comments get removed.\n\nWe thank you for your interest in this *question*, and your patience in waiting for an in-depth and comprehensive answer to be written, which takes time. Please consider **[Clicking Here for RemindMeBot](https://www.reddit.com/message/compose/?to=RemindMeBot&amp;subject=Reminder&amp;message=%5Bhttps://www.reddit.com/r/AskHistorians/comments/gv88qf/apparently_zombie_was_actually_the_name_of_a/%5D%0A%0ARemindMe!%202%20days)**, [using our Browser Extension](https://www.reddit.com/r/AskHistorians/comments/d6dzi7/tired_of_clicking_to_find_only_removed_comments/), or getting the [Weekly Roundup](https://www.reddit.com/message/compose?to=subredditsummarybot&amp;subject=askhistorians+weekly&amp;message=x). In the meantime our [Twitter](https://twitter.com/askhistorians), [Facebook](https://www.facebook.com/askhistorians/), and [Sunday Digest](https://www.reddit.com/r/AskHistorians/search?q=title%3A%22Sunday+Digest%22&amp;restrict_sr=on&amp;sort=new&amp;t=all) feature excellent content that has already been written!\n\n\n*I am a bot, and this action was performed automatically. Please [contact the moderators of this subreddit](/message/compose/?to=/r/AskHistorians) if you have any questions or concerns.*", "edited": false, "downs": 0, "author_flair_css_class": null, "is_submitter": false, "collapsed": false, "author_flair_richtext": [{"e": "text", "t": "History of Robotics"}], "author_patreon_flair": false, "body_html": "&lt;div class=\"md\"&gt;&lt;p&gt;Welcome to &lt;a href=\"/r/AskHistorians\"&gt;/r/AskHistorians&lt;/a&gt;. &lt;strong&gt;Please &lt;a href=\"https://www.reddit.com/r/AskHistorians/wiki/rules\"&gt;Read Our Rules&lt;/a&gt; before you comment in this community&lt;/strong&gt;. Understand that rule breaking comments get removed.&lt;/p&gt;\n\n&lt;p&gt;We thank you for your interest in this &lt;em&gt;question&lt;/em&gt;, and your patience in waiting for an in-depth and comprehensive answer to be written, which takes time. Please consider &lt;strong&gt;&lt;a href=\"https://www.reddit.com/message/compose/?to=RemindMeBot&amp;amp;subject=Reminder&amp;amp;message=%5Bhttps://www.reddit.com/r/AskHistorians/comments/gv88qf/apparently_zombie_was_actually_the_name_of_a/%5D%0A%0ARemindMe!%202%20days\"&gt;Clicking Here for RemindMeBot&lt;/a&gt;&lt;/strong&gt;, &lt;a href=\"https://www.reddit.com/r/AskHistorians/comments/d6dzi7/tired_of_clicking_to_find_only_removed_comments/\"&gt;using our Browser Extension&lt;/a&gt;, or getting the &lt;a href=\"https://www.reddit.com/message/compose?to=subredditsummarybot&amp;amp;subject=askhistorians+weekly&amp;amp;message=x\"&gt;Weekly Roundup&lt;/a&gt;. In the meantime our &lt;a href=\"https://twitter.com/askhistorians\"&gt;Twitter&lt;/a&gt;, &lt;a href=\"https://www.facebook.com/askhistorians/\"&gt;Facebook&lt;/a&gt;, and &lt;a href=\"https://www.reddit.com/r/AskHistorians/search?q=title%3A%22Sunday+Digest%22&amp;amp;restrict_sr=on&amp;amp;sort=new&amp;amp;t=all\"&gt;Sunday Digest&lt;/a&gt; feature excellent content that has already been written!&lt;/p&gt;\n\n&lt;p&gt;&lt;em&gt;I am a bot, and this action was performed automatically. Please &lt;a href=\"/message/compose/?to=/r/AskHistorians\"&gt;contact the moderators of this subreddit&lt;/a&gt; if you have any questions or concerns.&lt;/em&gt;&lt;/p&gt;\n&lt;/div&gt;", "gildings": {}, "collapsed_reason": null, "associated_award": null, "stickied": true, "author_premium": true, "subreddit_type": "public", "can_gild": true, "top_awarded_type": null, "author_flair_text_color": "light", "score_hidden": true, "permalink": "/r/AskHistorians/comments/gv88qf/apparently_zombie_was_actually_the_name_of_a/fsmyxyu/", "num_reports": null, "locked": true, "name": "t1_fsmyxyu", "created": 1591136655.0, "subreddit": "AskHistorians", "author_flair_text": "History of Robotics", "treatment_tags": [], "created_utc": 1591107855.0, "subreddit_name_prefixed": "r/AskHistorians", "controversiality": 0, "depth": 0, "author_flair_background_color": "#993366", "collapsed_because_crowd_control": null, "mod_reports": [], "mod_note": null, "distinguished": "moderator"}}, {"kind": "t1", "data": {"total_awards_received": 0, "approved_at_utc": null, "ups": 42, "awarders": [], "mod_reason_by": null, "banned_by": null, "author_flair_type": "richtext", "removal_reason": null, "link_id": "t3_gv88qf", "author_flair_template_id": "e453ff82-55db-11ea-9068-0e0317006191", "likes": null, "replies": {"kind": "Listing", "data": {"modhash": "", "dist": null, "children": [{"kind": "t1", "data": {"total_awards_received": 0, "approved_at_utc": null, "ups": 10, "awarders": [], "mod_reason_by": null, "banned_by": null, "author_flair_type": "text", "removal_reason": null, "link_id": "t3_gv88qf", "author_flair_template_id": null, "likes": null, "replies": {"kind": "Listing", "data": {"modhash": "", "dist": null, "children": [{"kind": "t1", "data": {"total_awards_received": 0, "approved_at_utc": null, "ups": 3, "awarders": [], "mod_reason_by": null, "banned_by": null, "author_flair_type": "richtext", "removal_reason": null, "link_id": "t3_gv88qf", "author_flair_template_id": "9e641f94-c626-11e2-8e2c-12313b0b21ae", "likes": null, "replies": {"kind": "Listing", "data": {"modhash": "", "dist": null, "children": [{"kind": "t1", "data": {"total_awards_received": 0, "approved_at_utc": null, "ups": 5, "awarders": [], "mod_reason_by": null, "banned_by": null, "author_flair_type": "text", "removal_reason": null, "link_id": "t3_gv88qf", "author_flair_template_id": null, "likes": null, "replies": {"kind": "Listing", "data": {"modhash": "", "dist": null, "children": [{"kind": "t1", "data": {"total_awards_received": 0, "approved_at_utc": null, "ups": 3, "awarders": [], "mod_reason_by": null, "banned_by": null, "author_flair_type": "richtext", "removal_reason": null, "link_id": "t3_gv88qf", "author_flair_template_id": "9e641f94-c626-11e2-8e2c-12313b0b21ae", "likes": null, "replies": "", "user_reports": [], "saved": false, "id": "fsqggdw", "banned_at_utc": null, "mod_reason_title": null, "gilded": 0, "archived": false, "no_follow": true, "author": "Iphikrates", "can_mod_post": false, "send_replies": true, "parent_id": "t1_fsq9i4g", "score": 3, "author_fullname": "t2_nxyvc", "report_reasons": null, "approved_by": null, "all_awardings": [], "subreddit_id": "t5_2ssp3", "collapsed": false, "body": "All good!", "edited": false, "author_flair_css_class": null, "is_submitter": false, "downs": 0, "author_flair_richtext": [{"e": "text", "t": "Moderator | Greek Warfare"}], "author_patreon_flair": false, "body_html": "&lt;div class=\"md\"&gt;&lt;p&gt;All good!&lt;/p&gt;\n&lt;/div&gt;", "gildings": {}, "collapsed_reason": null, "associated_award": null, "stickied": false, "author_premium": true, "subreddit_type": "public", "can_gild": true, "top_awarded_type": null, "author_flair_text_color": "light", "score_hidden": false, "permalink": "/r/AskHistorians/comments/gv88qf/apparently_zombie_was_actually_the_name_of_a/fsqggdw/", "num_reports": null, "locked": false, "name": "t1_fsqggdw", "created": 1591210226.0, "subreddit": "AskHistorians", "author_flair_text": "Moderator | Greek Warfare", "treatment_tags": [], "created_utc": 1591181426.0, "subreddit_name_prefixed": "r/AskHistorians", "controversiality": 0, "depth": 4, "author_flair_background_color": "#993366", "collapsed_because_crowd_control": null, "mod_reports": [], "mod_note": null, "distinguished": "moderator"}}], "after": null, "before": null}}, "user_reports": [], "saved": false, "id": "fsq9i4g", "banned_at_utc": null, "mod_reason_title": null, "gilded": 0, "archived": false, "no_follow": true, "author": "theocm26", "can_mod_post": false, "send_replies": true, "parent_id": "t1_fsq8j8v", "score": 5, "author_fullname": "t2_16oug2", "report_reasons": null, "approved_by": null, "all_awardings": [], "subreddit_id": "t5_2ssp3", "body": "Done! Did I do it correctly? It's my first time posting here.", "edited": false, "downs": 0, "author_flair_css_class": null, "is_submitter": false, "collapsed": false, "author_flair_richtext": [], "author_patreon_flair": false, "body_html": "&lt;div class=\"md\"&gt;&lt;p&gt;Done! Did I do it correctly? It&amp;#39;s my first time posting here.&lt;/p&gt;\n&lt;/div&gt;", "gildings": {}, "collapsed_reason": null, "associated_award": null, "stickied": false, "author_premium": false, "subreddit_type": "public", "can_gild": true, "top_awarded_type": null, "author_flair_text_color": null, "score_hidden": false, "permalink": "/r/AskHistorians/comments/gv88qf/apparently_zombie_was_actually_the_name_of_a/fsq9i4g/", "num_reports": null, "locked": false, "name": "t1_fsq9i4g", "created": 1591203695.0, "subreddit": "AskHistorians", "author_flair_text": null, "treatment_tags": [], "created_utc": 1591174895.0, "subreddit_name_prefixed": "r/AskHistorians", "controversiality": 0, "depth": 3, "author_flair_background_color": null, "collapsed_because_crowd_control": null, "mod_reports": [], "mod_note": null, "distinguished": null}}], "after": null, "before": null}}, "user_reports": [], "saved": false, "id": "fsq8j8v", "banned_at_utc": null, "mod_reason_title": null, "gilded": 0, "archived": false, "no_follow": true, "author": "Iphikrates", "can_mod_post": false, "created_utc": 1591173974.0, "send_replies": true, "parent_id": "t1_fsq6vix", "score": 3, "author_fullname": "t2_nxyvc", "report_reasons": null, "approved_by": null, "all_awardings": [], "subreddit_id": "t5_2ssp3", "body": "&gt; I'm afraid all the papers at my disposal are exclusively in portuguese\n\nThis is only natural given the subject! It would still be good for our users to see where you get your knowledge from, so please edit them in. Thanks!", "edited": false, "author_flair_css_class": null, "is_submitter": false, "downs": 0, "author_flair_richtext": [{"e": "text", "t": "Moderator | Greek Warfare"}], "author_patreon_flair": false, "body_html": "&lt;div class=\"md\"&gt;&lt;blockquote&gt;\n&lt;p&gt;I&amp;#39;m afraid all the papers at my disposal are exclusively in portuguese&lt;/p&gt;\n&lt;/blockquote&gt;\n\n&lt;p&gt;This is only natural given the subject! It would still be good for our users to see where you get your knowledge from, so please edit them in. Thanks!&lt;/p&gt;\n&lt;/div&gt;", "gildings": {}, "collapsed_reason": null, "associated_award": null, "stickied": false, "author_premium": true, "subreddit_type": "public", "can_gild": true, "top_awarded_type": null, "author_flair_text_color": "light", "score_hidden": false, "permalink": "/r/AskHistorians/comments/gv88qf/apparently_zombie_was_actually_the_name_of_a/fsq8j8v/", "num_reports": null, "locked": false, "name": "t1_fsq8j8v", "created": 1591202774.0, "subreddit": "AskHistorians", "author_flair_text": "Moderator | Greek Warfare", "treatment_tags": [], "collapsed": false, "subreddit_name_prefixed": "r/AskHistorians", "controversiality": 0, "depth": 2, "author_flair_background_color": "#993366", "collapsed_because_crowd_control": null, "mod_reports": [], "mod_note": null, "distinguished": "moderator"}}], "after": null, "before": null}}, "user_reports": [], "saved": false, "id": "fsq6vix", "banned_at_utc": null, "mod_reason_title": null, "gilded": 0, "archived": false, "no_follow": true, "author": "theocm26", "can_mod_post": false, "send_replies": true, "parent_id": "t1_fsnsg11", "score": 10, "author_fullname": "t2_16oug2", "report_reasons": null, "approved_by": null, "all_awardings": [], "subreddit_id": "t5_2ssp3", "collapsed": false, "body": "I would just like to add that Zumbi was not Muslim: The Quilombos were communities comprised of runaway slaves in colonial Brazil, who attempted to lead a lifestyle as similar as possible to their original ones in Angola and Congo, and their religious beliefs would be closer to contemporary Umbanda and Candombl\u00e9. \n\nThere was however a muslim slave uprising in Brazil called the Mal\u00ea Revolt, in which ethnic Hausa slaves attempted to overthrow the government in Salvador and institute an official muslim state.  The rebellion was brutally repressed in a short while, however.\n\nI would be glad to provide my sources but I'm afraid all the papers at my disposal are exclusively in portuguese, but if that's ok I can edit this comment later.\n\n[Mocambos e Quilombos: Uma Hist\u00f3ria do Campesinato Negro no Brasil](https://www.companhiadasletras.com.br/trechos/35044.pdf) by Fl\u00e1vio dos Santos Gomes.\n[Por tr\u00e1s das pali\u00e7adas de Palmares: Uma reescrita da hist\u00f3ria de Zumbi](http://www.ufjf.br/darandina/files/2012/09/Por-tr\u00e1s-das-pali\u00e7adas-de-Palmares-Artigo-de-Comunica\u00e7\u00e3o-do-Simp\u00f3sio.pdf) by Leda Maria de Albuquerque Noronha\n\n[An\u00e1lise Religiosa e Cultural das Comunidades Quilombolas da Atualidade](http://www.unicap.br/coloquiodehistoria/wp-content/uploads/2013/11/5Col-p.1371-1384.pdf) by George Silva and Sayonara Figueir\u00f4a Bezerra de Melo (This one is actually about contemporary quilombola communities but dabs in 16th century history)\n\n[A Revolta dos Mal\u00eas em 1853](http://smec.salvador.ba.gov.br/documentos/a-revolta-dos-males.pdf) by Jo\u00e3o Jos\u00e9 Reis (This one is about the Mal\u00ea Revolt I mentioned.)", "edited": 1591174856.0, "author_flair_css_class": null, "is_submitter": false, "downs": 0, "author_flair_richtext": [], "author_patreon_flair": false, "body_html": "&lt;div class=\"md\"&gt;&lt;p&gt;I would just like to add that Zumbi was not Muslim: The Quilombos were communities comprised of runaway slaves in colonial Brazil, who attempted to lead a lifestyle as similar as possible to their original ones in Angola and Congo, and their religious beliefs would be closer to contemporary Umbanda and Candombl\u00e9. &lt;/p&gt;\n\n&lt;p&gt;There was however a muslim slave uprising in Brazil called the Mal\u00ea Revolt, in which ethnic Hausa slaves attempted to overthrow the government in Salvador and institute an official muslim state.  The rebellion was brutally repressed in a short while, however.&lt;/p&gt;\n\n&lt;p&gt;I would be glad to provide my sources but I&amp;#39;m afraid all the papers at my disposal are exclusively in portuguese, but if that&amp;#39;s ok I can edit this comment later.&lt;/p&gt;\n\n&lt;p&gt;&lt;a href=\"https://www.companhiadasletras.com.br/trechos/35044.pdf\"&gt;Mocambos e Quilombos: Uma Hist\u00f3ria do Campesinato Negro no Brasil&lt;/a&gt; by Fl\u00e1vio dos Santos Gomes.\n&lt;a href=\"http://www.ufjf.br/darandina/files/2012/09/Por-tr%C3%A1s-das-pali%C3%A7adas-de-Palmares-Artigo-de-Comunica%C3%A7%C3%A3o-do-Simp%C3%B3sio.pdf\"&gt;Por tr\u00e1s das pali\u00e7adas de Palmares: Uma reescrita da hist\u00f3ria de Zumbi&lt;/a&gt; by Leda Maria de Albuquerque Noronha&lt;/p&gt;\n\n&lt;p&gt;&lt;a href=\"http://www.unicap.br/coloquiodehistoria/wp-content/uploads/2013/11/5Col-p.1371-1384.pdf\"&gt;An\u00e1lise Religiosa e Cultural das Comunidades Quilombolas da Atualidade&lt;/a&gt; by George Silva and Sayonara Figueir\u00f4a Bezerra de Melo (This one is actually about contemporary quilombola communities but dabs in 16th century history)&lt;/p&gt;\n\n&lt;p&gt;&lt;a href=\"http://smec.salvador.ba.gov.br/documentos/a-revolta-dos-males.pdf\"&gt;A Revolta dos Mal\u00eas em 1853&lt;/a&gt; by Jo\u00e3o Jos\u00e9 Reis (This one is about the Mal\u00ea Revolt I mentioned.)&lt;/p&gt;\n&lt;/div&gt;", "gildings": {}, "collapsed_reason": null, "associated_award": null, "stickied": false, "author_premium": false, "subreddit_type": "public", "can_gild": true, "top_awarded_type": null, "author_flair_text_color": null, "score_hidden": false, "permalink": "/r/AskHistorians/comments/gv88qf/apparently_zombie_was_actually_the_name_of_a/fsq6vix/", "num_reports": null, "locked": false, "name": "t1_fsq6vix", "created": 1591201241.0, "subreddit": "AskHistorians", "author_flair_text": null, "treatment_tags": [], "created_utc": 1591172441.0, "subreddit_name_prefixed": "r/AskHistorians", "controversiality": 0, "depth": 1, "author_flair_background_color": null, "collapsed_because_crowd_control": null, "mod_reports": [], "mod_note": null, "distinguished": null}}], "after": null, "before": null}}, "user_reports": [], "saved": false, "id": "fsnsg11", "banned_at_utc": null, "mod_reason_title": null, "gilded": 0, "archived": false, "no_follow": false, "author": "Commustar", "can_mod_post": false, "send_replies": true, "parent_id": "t3_gv88qf", "score": 42, "author_fullname": "t2_3pr1q", "report_reasons": null, "approved_by": null, "all_awardings": [], "subreddit_id": "t5_2ssp3", "body": "It's basically a coincidence.\n\nthe word \"Zombie\" first appears **in English** to describe the Brazilian qilombo leader Zumbi dos Palmares. It seems very likely that \"Zumbi\" was an inherited title, because his uncle was the first leader of the Palmares qilombo, and had the name/title Ganga Zumba or in kikongo _nganga a nzumbi_ which means something like \"priest in charge of the spiritual defense of the community\" or perhaps \"priest of Nzambi a Mpungu (the high creator god)\".\n\nBut, the modern concept of Zombie is very clearly from the Haitian creole word _Zonbi_ (or in French it would be _Zombi_) which refers to a person's spirit which has been either 1) had a fragment \"captured\" and trapped inside a bottle or container. This is called _zonbi astral_ 2) used to reanimate a corpse to do the bidding of a sorcerer in a slave-like state. (the more familiar form of \"zombie\" to Americans).^1\n\nNow, Oxford English Dictionary traces the etymology of Zombie/_Zombi_/_Zonbi_ back to an undetermined West African language, and notes the parallels with the kikongo word _zumbi_ meaning a \"fetish\" or spiritual power-object, or _nzambi_ meaning a god.\n\nSo, the names Zumbi dos Palmares and Ganga Zumba are possibly related to Zombie/_Zonbi_ in that they all derive from kikongo word _zumbi_ or _nzambi_ (or a similar word from another Niger-Bantu family language). But modern zombie myth does not come from some sort of propaganda effort to demonize Zumbi dos Palmares.\n\n----\n\nAlso, scholars like John Thornton have suggested that the motif of the \"flesh eating zombie\" might come from African folk-memory of the slave trade. In short, Thornton argues that in Kongo belief, enslaving someone and forcing them to work for you constituted \"consuming their vital force\". \n\nThus, there were widespread folk-myths during the slave-trade era that described the Imbangala as cannibals which Thornton would interpret as popular memory of Imbangala participation in the slave trade. Or myths of European sailors as vampires, an explanation for why enslaved people enter ships and those people are never seen again (because they are brought to the Americas).^2\n\nIt is quite clear that African beliefs crossed the Atlantic in the slave trade, and spiritual beliefs survived as religions like Vodun, Candomble, Santeria, or as Hoodoo in the Southern United States. \n\nSo, Thornton argues that this idiom of cannibalism also made the crossing. But, crucially, the idea would be that the Bokor (sorcerer) is the cannibal, because he is the one who is consuming the vital force of the _Zonbis_ spirit. Just as the enslaver is the cannibal because he consumes the vital force of the enslaved on the sugar plantation to become wealthy and powerful.\n\nAt some point, probably when the Zombie myth became popularized in American pulp horror stories and early cinema, the cannibalism element became confused and the stories made the reanimated corpse into a flesh eater.\n\n\n----\n\n1 [Slaves, Cannibals and Infected Hyper-Whites: the Race and Religion of Zombies](https://wesscholar.wesleyan.edu/cgi/viewcontent.cgi?article=1114&amp;context=div2facpubs) by Elizabeth McAllister. see pp 457 and pp 462. Pdf warning.\n\n2 \"Cannibals, Witches and Slave Traders in the Atlantic World\" by John K Thornton. _The William and Mary Quarterly_\nVol. 60, No. 2 (Apr., 2003), pp. 273-294 https://www.jstor.org/stable/3491764", "edited": false, "downs": 0, "author_flair_css_class": null, "is_submitter": false, "collapsed": false, "author_flair_richtext": [{"e": "text", "t": "Swahili Coast | Sudanic States | Ethiopia"}], "author_patreon_flair": false, "body_html": "&lt;div class=\"md\"&gt;&lt;p&gt;It&amp;#39;s basically a coincidence.&lt;/p&gt;\n\n&lt;p&gt;the word &amp;quot;Zombie&amp;quot; first appears &lt;strong&gt;in English&lt;/strong&gt; to describe the Brazilian qilombo leader Zumbi dos Palmares. It seems very likely that &amp;quot;Zumbi&amp;quot; was an inherited title, because his uncle was the first leader of the Palmares qilombo, and had the name/title Ganga Zumba or in kikongo &lt;em&gt;nganga a nzumbi&lt;/em&gt; which means something like &amp;quot;priest in charge of the spiritual defense of the community&amp;quot; or perhaps &amp;quot;priest of Nzambi a Mpungu (the high creator god)&amp;quot;.&lt;/p&gt;\n\n&lt;p&gt;But, the modern concept of Zombie is very clearly from the Haitian creole word &lt;em&gt;Zonbi&lt;/em&gt; (or in French it would be &lt;em&gt;Zombi&lt;/em&gt;) which refers to a person&amp;#39;s spirit which has been either 1) had a fragment &amp;quot;captured&amp;quot; and trapped inside a bottle or container. This is called &lt;em&gt;zonbi astral&lt;/em&gt; 2) used to reanimate a corpse to do the bidding of a sorcerer in a slave-like state. (the more familiar form of &amp;quot;zombie&amp;quot; to Americans).&lt;sup&gt;1&lt;/sup&gt;&lt;/p&gt;\n\n&lt;p&gt;Now, Oxford English Dictionary traces the etymology of Zombie/&lt;em&gt;Zombi&lt;/em&gt;/&lt;em&gt;Zonbi&lt;/em&gt; back to an undetermined West African language, and notes the parallels with the kikongo word &lt;em&gt;zumbi&lt;/em&gt; meaning a &amp;quot;fetish&amp;quot; or spiritual power-object, or &lt;em&gt;nzambi&lt;/em&gt; meaning a god.&lt;/p&gt;\n\n&lt;p&gt;So, the names Zumbi dos Palmares and Ganga Zumba are possibly related to Zombie/&lt;em&gt;Zonbi&lt;/em&gt; in that they all derive from kikongo word &lt;em&gt;zumbi&lt;/em&gt; or &lt;em&gt;nzambi&lt;/em&gt; (or a similar word from another Niger-Bantu family language). But modern zombie myth does not come from some sort of propaganda effort to demonize Zumbi dos Palmares.&lt;/p&gt;\n\n&lt;hr/&gt;\n\n&lt;p&gt;Also, scholars like John Thornton have suggested that the motif of the &amp;quot;flesh eating zombie&amp;quot; might come from African folk-memory of the slave trade. In short, Thornton argues that in Kongo belief, enslaving someone and forcing them to work for you constituted &amp;quot;consuming their vital force&amp;quot;. &lt;/p&gt;\n\n&lt;p&gt;Thus, there were widespread folk-myths during the slave-trade era that described the Imbangala as cannibals which Thornton would interpret as popular memory of Imbangala participation in the slave trade. Or myths of European sailors as vampires, an explanation for why enslaved people enter ships and those people are never seen again (because they are brought to the Americas).&lt;sup&gt;2&lt;/sup&gt;&lt;/p&gt;\n\n&lt;p&gt;It is quite clear that African beliefs crossed the Atlantic in the slave trade, and spiritual beliefs survived as religions like Vodun, Candomble, Santeria, or as Hoodoo in the Southern United States. &lt;/p&gt;\n\n&lt;p&gt;So, Thornton argues that this idiom of cannibalism also made the crossing. But, crucially, the idea would be that the Bokor (sorcerer) is the cannibal, because he is the one who is consuming the vital force of the &lt;em&gt;Zonbis&lt;/em&gt; spirit. Just as the enslaver is the cannibal because he consumes the vital force of the enslaved on the sugar plantation to become wealthy and powerful.&lt;/p&gt;\n\n&lt;p&gt;At some point, probably when the Zombie myth became popularized in American pulp horror stories and early cinema, the cannibalism element became confused and the stories made the reanimated corpse into a flesh eater.&lt;/p&gt;\n\n&lt;hr/&gt;\n\n&lt;p&gt;1 &lt;a href=\"https://wesscholar.wesleyan.edu/cgi/viewcontent.cgi?article=1114&amp;amp;context=div2facpubs\"&gt;Slaves, Cannibals and Infected Hyper-Whites: the Race and Religion of Zombies&lt;/a&gt; by Elizabeth McAllister. see pp 457 and pp 462. Pdf warning.&lt;/p&gt;\n\n&lt;p&gt;2 &amp;quot;Cannibals, Witches and Slave Traders in the Atlantic World&amp;quot; by John K Thornton. &lt;em&gt;The William and Mary Quarterly&lt;/em&gt;\nVol. 60, No. 2 (Apr., 2003), pp. 273-294 &lt;a href=\"https://www.jstor.org/stable/3491764\"&gt;https://www.jstor.org/stable/3491764&lt;/a&gt;&lt;/p&gt;\n&lt;/div&gt;", "gildings": {}, "collapsed_reason": null, "associated_award": null, "stickied": false, "author_premium": false, "subreddit_type": "public", "can_gild": true, "top_awarded_type": null, "author_flair_text_color": "light", "score_hidden": false, "permalink": "/r/AskHistorians/comments/gv88qf/apparently_zombie_was_actually_the_name_of_a/fsnsg11/", "num_reports": null, "locked": false, "name": "t1_fsnsg11", "created": 1591150946.0, "subreddit": "AskHistorians", "author_flair_text": "Swahili Coast | Sudanic States | Ethiopia", "treatment_tags": [], "created_utc": 1591122146.0, "subreddit_name_prefixed": "r/AskHistorians", "controversiality": 0, "depth": 0, "author_flair_background_color": "#009933", "collapsed_because_crowd_control": null, "mod_reports": [], "mod_note": null, "distinguished": null}}], "after": null, "before": null}}]