[{"kind": "Listing", "data": {"modhash": "", "dist": 1, "children": [{"kind": "t3", "data": {"approved_at_utc": null, "subreddit": "AskHistorians", "selftext": "I've Googled this for about 6 hours total, but nothing clicks. I don't have enough information to know what I'm searching for exactly...\n\nI read a while back that the British had complete naval dominance at some point in history (colonial era I guess), and that most other countries didn't bother building up their navies because the British would just crush them in any fight.\n\nExcept that one country figured out that they didn't need to win in a fight, they just had to be able to cause enough damage where the British wouldn't mess with them. This was called the \"harm principle\" or \"harm strategy\" or something like that?\n\nNot sure if this was the British or Spanish, but you get the general idea.", "user_reports": [], "saved": false, "mod_reason_title": null, "gilded": 0, "clicked": false, "title": "Military principle during British naval dominance?", "link_flair_richtext": [], "subreddit_name_prefixed": "r/AskHistorians", "hidden": false, "pwls": 6, "link_flair_css_class": null, "downs": 0, "top_awarded_type": null, "parent_whitelist_status": "all_ads", "hide_score": false, "name": "t3_gvbhqz", "quarantine": false, "link_flair_text_color": "dark", "upvote_ratio": 0.81, "author_flair_background_color": null, "subreddit_type": "public", "ups": 3, "total_awards_received": 0, "media_embed": {}, "author_flair_template_id": null, "is_original_content": false, "author_fullname": "t2_4j7dlfx7", "secure_media": null, "is_reddit_media_domain": false, "is_meta": false, "category": null, "secure_media_embed": {}, "link_flair_text": null, "can_mod_post": false, "score": 3, "approved_by": null, "author_premium": false, "thumbnail": "", "edited": false, "author_flair_css_class": null, "author_flair_richtext": [], "gildings": {}, "content_categories": null, "is_self": true, "mod_note": null, "created": 1591147265.0, "link_flair_type": "text", "wls": 6, "removed_by_category": null, "banned_by": null, "author_flair_type": "text", "domain": "self.AskHistorians", "allow_live_comments": false, "selftext_html": "&lt;!-- SC_OFF --&gt;&lt;div class=\"md\"&gt;&lt;p&gt;I&amp;#39;ve Googled this for about 6 hours total, but nothing clicks. I don&amp;#39;t have enough information to know what I&amp;#39;m searching for exactly...&lt;/p&gt;\n\n&lt;p&gt;I read a while back that the British had complete naval dominance at some point in history (colonial era I guess), and that most other countries didn&amp;#39;t bother building up their navies because the British would just crush them in any fight.&lt;/p&gt;\n\n&lt;p&gt;Except that one country figured out that they didn&amp;#39;t need to win in a fight, they just had to be able to cause enough damage where the British wouldn&amp;#39;t mess with them. This was called the &amp;quot;harm principle&amp;quot; or &amp;quot;harm strategy&amp;quot; or something like that?&lt;/p&gt;\n\n&lt;p&gt;Not sure if this was the British or Spanish, but you get the general idea.&lt;/p&gt;\n&lt;/div&gt;&lt;!-- SC_ON --&gt;", "likes": null, "suggested_sort": null, "banned_at_utc": null, "view_count": null, "archived": false, "no_follow": true, "is_crosspostable": false, "pinned": false, "over_18": false, "all_awardings": [], "awarders": [], "media_only": false, "can_gild": false, "spoiler": false, "locked": false, "author_flair_text": null, "treatment_tags": [], "visited": false, "removed_by": null, "num_reports": null, "distinguished": null, "subreddit_id": "t5_2ssp3", "mod_reason_by": null, "removal_reason": null, "link_flair_background_color": "", "id": "gvbhqz", "is_robot_indexable": true, "num_duplicates": 1, "report_reasons": null, "author": "excrutiatus", "discussion_type": null, "num_comments": 3, "send_replies": true, "media": null, "contest_mode": false, "author_patreon_flair": false, "author_flair_text_color": null, "permalink": "/r/AskHistorians/comments/gvbhqz/military_principle_during_british_naval_dominance/", "whitelist_status": "all_ads", "stickied": false, "url": "https://www.reddit.com/r/AskHistorians/comments/gvbhqz/military_principle_during_british_naval_dominance/", "subreddit_subscribers": 1225808, "created_utc": 1591118465.0, "num_crossposts": 0, "mod_reports": [], "is_video": false}}], "after": null, "before": null}}, {"kind": "Listing", "data": {"modhash": "", "dist": null, "children": [{"kind": "t1", "data": {"total_awards_received": 0, "approved_at_utc": null, "ups": 1, "awarders": [], "mod_reason_by": null, "banned_by": null, "author_flair_type": "richtext", "removal_reason": null, "link_id": "t3_gvbhqz", "author_flair_template_id": "9e641f94-c626-11e2-8e2c-12313b0b21ae", "likes": null, "replies": "", "user_reports": [], "saved": false, "id": "fsnkmze", "banned_at_utc": null, "mod_reason_title": null, "gilded": 0, "archived": false, "no_follow": true, "author": "AutoModerator", "can_mod_post": false, "send_replies": false, "parent_id": "t3_gvbhqz", "score": 1, "author_fullname": "t2_6l4z3", "report_reasons": null, "approved_by": null, "all_awardings": [], "subreddit_id": "t5_2ssp3", "body": "Welcome to /r/AskHistorians. **Please [Read Our Rules](https://www.reddit.com/r/AskHistorians/wiki/rules) before you comment in this community**. Understand that rule breaking comments get removed.\n\nWe thank you for your interest in this *question*, and your patience in waiting for an in-depth and comprehensive answer to be written, which takes time. Please consider **[Clicking Here for RemindMeBot](https://www.reddit.com/message/compose/?to=RemindMeBot&amp;subject=Reminder&amp;message=%5Bhttps://www.reddit.com/r/AskHistorians/comments/gvbhqz/military_principle_during_british_naval_dominance/%5D%0A%0ARemindMe!%202%20days)**, [using our Browser Extension](https://www.reddit.com/r/AskHistorians/comments/d6dzi7/tired_of_clicking_to_find_only_removed_comments/), or getting the [Weekly Roundup](https://www.reddit.com/message/compose?to=subredditsummarybot&amp;subject=askhistorians+weekly&amp;message=x). In the meantime our [Twitter](https://twitter.com/askhistorians), [Facebook](https://www.facebook.com/askhistorians/), and [Sunday Digest](https://www.reddit.com/r/AskHistorians/search?q=title%3A%22Sunday+Digest%22&amp;restrict_sr=on&amp;sort=new&amp;t=all) feature excellent content that has already been written!\n\n\n*I am a bot, and this action was performed automatically. Please [contact the moderators of this subreddit](/message/compose/?to=/r/AskHistorians) if you have any questions or concerns.*", "edited": false, "downs": 0, "author_flair_css_class": null, "is_submitter": false, "collapsed": false, "author_flair_richtext": [{"e": "text", "t": "History of Robotics"}], "author_patreon_flair": false, "body_html": "&lt;div class=\"md\"&gt;&lt;p&gt;Welcome to &lt;a href=\"/r/AskHistorians\"&gt;/r/AskHistorians&lt;/a&gt;. &lt;strong&gt;Please &lt;a href=\"https://www.reddit.com/r/AskHistorians/wiki/rules\"&gt;Read Our Rules&lt;/a&gt; before you comment in this community&lt;/strong&gt;. Understand that rule breaking comments get removed.&lt;/p&gt;\n\n&lt;p&gt;We thank you for your interest in this &lt;em&gt;question&lt;/em&gt;, and your patience in waiting for an in-depth and comprehensive answer to be written, which takes time. Please consider &lt;strong&gt;&lt;a href=\"https://www.reddit.com/message/compose/?to=RemindMeBot&amp;amp;subject=Reminder&amp;amp;message=%5Bhttps://www.reddit.com/r/AskHistorians/comments/gvbhqz/military_principle_during_british_naval_dominance/%5D%0A%0ARemindMe!%202%20days\"&gt;Clicking Here for RemindMeBot&lt;/a&gt;&lt;/strong&gt;, &lt;a href=\"https://www.reddit.com/r/AskHistorians/comments/d6dzi7/tired_of_clicking_to_find_only_removed_comments/\"&gt;using our Browser Extension&lt;/a&gt;, or getting the &lt;a href=\"https://www.reddit.com/message/compose?to=subredditsummarybot&amp;amp;subject=askhistorians+weekly&amp;amp;message=x\"&gt;Weekly Roundup&lt;/a&gt;. In the meantime our &lt;a href=\"https://twitter.com/askhistorians\"&gt;Twitter&lt;/a&gt;, &lt;a href=\"https://www.facebook.com/askhistorians/\"&gt;Facebook&lt;/a&gt;, and &lt;a href=\"https://www.reddit.com/r/AskHistorians/search?q=title%3A%22Sunday+Digest%22&amp;amp;restrict_sr=on&amp;amp;sort=new&amp;amp;t=all\"&gt;Sunday Digest&lt;/a&gt; feature excellent content that has already been written!&lt;/p&gt;\n\n&lt;p&gt;&lt;em&gt;I am a bot, and this action was performed automatically. Please &lt;a href=\"/message/compose/?to=/r/AskHistorians\"&gt;contact the moderators of this subreddit&lt;/a&gt; if you have any questions or concerns.&lt;/em&gt;&lt;/p&gt;\n&lt;/div&gt;", "gildings": {}, "collapsed_reason": null, "associated_award": null, "stickied": true, "author_premium": true, "subreddit_type": "public", "can_gild": true, "top_awarded_type": null, "author_flair_text_color": "light", "score_hidden": true, "permalink": "/r/AskHistorians/comments/gvbhqz/military_principle_during_british_naval_dominance/fsnkmze/", "num_reports": null, "locked": true, "name": "t1_fsnkmze", "created": 1591147265.0, "subreddit": "AskHistorians", "author_flair_text": "History of Robotics", "treatment_tags": [], "created_utc": 1591118465.0, "subreddit_name_prefixed": "r/AskHistorians", "controversiality": 0, "depth": 0, "author_flair_background_color": "#993366", "collapsed_because_crowd_control": null, "mod_reports": [], "mod_note": null, "distinguished": "moderator"}}, {"kind": "t1", "data": {"total_awards_received": 0, "approved_at_utc": null, "ups": 3, "awarders": [], "mod_reason_by": null, "banned_by": null, "author_flair_type": "richtext", "removal_reason": null, "link_id": "t3_gvbhqz", "author_flair_template_id": "9e641f94-c626-11e2-8e2c-12313b0b21ae", "likes": null, "replies": {"kind": "Listing", "data": {"modhash": "", "dist": null, "children": [{"kind": "t1", "data": {"total_awards_received": 0, "approved_at_utc": null, "ups": 1, "awarders": [], "mod_reason_by": null, "banned_by": null, "author_flair_type": "text", "removal_reason": null, "link_id": "t3_gvbhqz", "author_flair_template_id": null, "likes": null, "replies": "", "user_reports": [], "saved": false, "id": "fsoc57r", "banned_at_utc": null, "mod_reason_title": null, "gilded": 0, "archived": false, "no_follow": true, "author": "excrutiatus", "can_mod_post": false, "send_replies": true, "parent_id": "t1_fsnoyz2", "score": 1, "author_fullname": "t2_4j7dlfx7", "report_reasons": null, "approved_by": null, "all_awardings": [], "subreddit_id": "t5_2ssp3", "collapsed": false, "body": "Thank you! This is exactly it. This gives me a point to start reading.", "edited": false, "author_flair_css_class": null, "is_submitter": true, "downs": 0, "author_flair_richtext": [], "author_patreon_flair": false, "body_html": "&lt;div class=\"md\"&gt;&lt;p&gt;Thank you! This is exactly it. This gives me a point to start reading.&lt;/p&gt;\n&lt;/div&gt;", "gildings": {}, "collapsed_reason": null, "associated_award": null, "stickied": false, "author_premium": false, "subreddit_type": "public", "can_gild": true, "top_awarded_type": null, "author_flair_text_color": null, "score_hidden": false, "permalink": "/r/AskHistorians/comments/gvbhqz/military_principle_during_british_naval_dominance/fsoc57r/", "num_reports": null, "locked": false, "name": "t1_fsoc57r", "created": 1591160147.0, "subreddit": "AskHistorians", "author_flair_text": null, "treatment_tags": [], "created_utc": 1591131347.0, "subreddit_name_prefixed": "r/AskHistorians", "controversiality": 0, "depth": 1, "author_flair_background_color": null, "collapsed_because_crowd_control": null, "mod_reports": [], "mod_note": null, "distinguished": null}}], "after": null, "before": null}}, "user_reports": [], "saved": false, "id": "fsnoyz2", "banned_at_utc": null, "mod_reason_title": null, "gilded": 0, "archived": false, "no_follow": true, "author": "thefourthmaninaboat", "can_mod_post": false, "send_replies": true, "parent_id": "t3_gvbhqz", "score": 3, "author_fullname": "t2_i8393", "report_reasons": null, "approved_by": null, "all_awardings": [], "subreddit_id": "t5_2ssp3", "body": "You are thinking of the 'Risk Theory', proposed by the German Admiral Tirpitz. Tirpitz developed 'Risk Theory' to justify his build-up of the German Navy in the late 1800s and early 1900s. It was first spelled out in full in the preamble to the second Navy Law in 1900. Authored by Tirpitz, the bill called for a rough doubling of the fleet laid out by the first Navy Law, of 1897 (going from two battle squadrons to four). The preamble stated that \"To protect Germany's sea trade and colonies in the existing circumstances, there is only one means: Germany must have a battlefleet so strong that even for the adversary with the greatest seapower a war against it would involve such dangers as to imperil his own position in the world'. This was a clear statement of the concept; that the German navy must be large enough to be able to break British naval supremacy, even if Germany would not directly benefit from that breakage. By doing so, it would deter Britain from any action against Germany, its trade, or its colonies. \n\nIt's hard to tell how much this was a serious concept. It was widely accepted amongst the German Navy, to the point where many seamen accepted their likely deaths in action as the price of defeating the Royal Navy. However, Tirpitz was largely concerned with building up the German Navy to its own end, not with defeating the Royal Navy. The German parliament, the Reichstag, would need significant convincing to pass the bills necessary to fund the vast naval construction Tirpitz wanted. Risk theory served as a means of defence against two counterarguments; firstly, the argument that a naval buildup would increase tensions with Britain, possibly to the point of war, and secondly that Germany could not afford to build a fleet that could dethrone the Royal Navy's primacy. Tirpitz would advance other arguments in favour of a naval buildup, largely concerned with the industrial effects of building a large fleet. There was also little need to prevent Britain from involvement in a European war; Britain's army was too small to be an effectve threat to Germany.", "edited": false, "downs": 0, "author_flair_css_class": null, "is_submitter": false, "collapsed": false, "author_flair_richtext": [{"e": "text", "t": "Moderator | 20th Century Royal Navy"}], "author_patreon_flair": false, "body_html": "&lt;div class=\"md\"&gt;&lt;p&gt;You are thinking of the &amp;#39;Risk Theory&amp;#39;, proposed by the German Admiral Tirpitz. Tirpitz developed &amp;#39;Risk Theory&amp;#39; to justify his build-up of the German Navy in the late 1800s and early 1900s. It was first spelled out in full in the preamble to the second Navy Law in 1900. Authored by Tirpitz, the bill called for a rough doubling of the fleet laid out by the first Navy Law, of 1897 (going from two battle squadrons to four). The preamble stated that &amp;quot;To protect Germany&amp;#39;s sea trade and colonies in the existing circumstances, there is only one means: Germany must have a battlefleet so strong that even for the adversary with the greatest seapower a war against it would involve such dangers as to imperil his own position in the world&amp;#39;. This was a clear statement of the concept; that the German navy must be large enough to be able to break British naval supremacy, even if Germany would not directly benefit from that breakage. By doing so, it would deter Britain from any action against Germany, its trade, or its colonies. &lt;/p&gt;\n\n&lt;p&gt;It&amp;#39;s hard to tell how much this was a serious concept. It was widely accepted amongst the German Navy, to the point where many seamen accepted their likely deaths in action as the price of defeating the Royal Navy. However, Tirpitz was largely concerned with building up the German Navy to its own end, not with defeating the Royal Navy. The German parliament, the Reichstag, would need significant convincing to pass the bills necessary to fund the vast naval construction Tirpitz wanted. Risk theory served as a means of defence against two counterarguments; firstly, the argument that a naval buildup would increase tensions with Britain, possibly to the point of war, and secondly that Germany could not afford to build a fleet that could dethrone the Royal Navy&amp;#39;s primacy. Tirpitz would advance other arguments in favour of a naval buildup, largely concerned with the industrial effects of building a large fleet. There was also little need to prevent Britain from involvement in a European war; Britain&amp;#39;s army was too small to be an effectve threat to Germany.&lt;/p&gt;\n&lt;/div&gt;", "gildings": {}, "collapsed_reason": null, "associated_award": null, "stickied": false, "author_premium": false, "subreddit_type": "public", "can_gild": true, "top_awarded_type": null, "author_flair_text_color": "light", "score_hidden": false, "permalink": "/r/AskHistorians/comments/gvbhqz/military_principle_during_british_naval_dominance/fsnoyz2/", "num_reports": null, "locked": false, "name": "t1_fsnoyz2", "created": 1591149309.0, "subreddit": "AskHistorians", "author_flair_text": "Moderator | 20th Century Royal Navy", "treatment_tags": [], "created_utc": 1591120509.0, "subreddit_name_prefixed": "r/AskHistorians", "controversiality": 0, "depth": 0, "author_flair_background_color": "#993366", "collapsed_because_crowd_control": null, "mod_reports": [], "mod_note": null, "distinguished": null}}], "after": null, "before": null}}]