[{"kind": "Listing", "data": {"modhash": "", "dist": 1, "children": [{"kind": "t3", "data": {"subreddit_id": "t5_2ssp3", "approved_at_utc": null, "send_replies": true, "mod_reason_by": null, "banned_by": null, "removal_reason": null, "wls": 6, "subreddit": "AskHistorians", "selftext_html": "&lt;!-- SC_OFF --&gt;&lt;div class=\"md\"&gt;&lt;p&gt;Japan, Italt and Nazi Germany are always grouped as the Axis powers but I&amp;#39;ve never seen or read anything that described the relationship between Japan and the other Axis powers. Hitler worked very closely with Italy in Europe, but was there any kind of &amp;quot;working&amp;quot; relationship between Jaoan and the other Axis powers? Or was it more of just a &amp;quot;the enemy of my enemy is my friend&amp;quot; but each keeping to their own devices?&lt;/p&gt;\n&lt;/div&gt;&lt;!-- SC_ON --&gt;", "author_flair_template_id": null, "selftext": "Japan, Italt and Nazi Germany are always grouped as the Axis powers but I've never seen or read anything that described the relationship between Japan and the other Axis powers. Hitler worked very closely with Italy in Europe, but was there any kind of \"working\" relationship between Jaoan and the other Axis powers? Or was it more of just a \"the enemy of my enemy is my friend\" but each keeping to their own devices?", "likes": null, "suggested_sort": null, "mod_note": null, "user_reports": [], "secure_media": null, "is_reddit_media_domain": false, "saved": false, "id": "7nsd74", "banned_at_utc": null, "mod_reason_title": null, "view_count": null, "archived": false, "clicked": false, "no_follow": true, "author": "madchad90", "num_crossposts": 0, "link_flair_text": null, "can_mod_post": false, "is_crosspostable": false, "pinned": false, "score": 0, "approved_by": null, "over_18": false, "domain": "self.AskHistorians", "hidden": false, "pwls": 6, "thumbnail": "", "hide_score": false, "edited": false, "link_flair_css_class": null, "media_only": false, "author_flair_css_class": null, "contest_mode": false, "gilded": 0, "title": "What was the relationship like between Nazi Germany and Imperial Japan?", "downs": 0, "secure_media_embed": {}, "media_embed": {}, "author_flair_text": null, "stickied": false, "can_gild": false, "is_self": true, "parent_whitelist_status": "all_ads", "name": "t3_7nsd74", "spoiler": false, "permalink": "/r/AskHistorians/comments/7nsd74/what_was_the_relationship_like_between_nazi/", "subreddit_type": "public", "locked": false, "report_reasons": null, "created": 1514983972.0, "url": "https://www.reddit.com/r/AskHistorians/comments/7nsd74/what_was_the_relationship_like_between_nazi/", "whitelist_status": "all_ads", "quarantine": false, "subreddit_subscribers": 755168, "created_utc": 1514955172.0, "subreddit_name_prefixed": "r/AskHistorians", "distinguished": null, "media": null, "num_comments": 2, "upvote_ratio": 0.5, "mod_reports": [], "visited": false, "num_reports": null, "is_video": false, "ups": 0, "post_categories": null}}], "after": null, "before": null}}, {"kind": "Listing", "data": {"modhash": "", "dist": null, "children": [{"kind": "t1", "data": {"subreddit_id": "t5_2ssp3", "approved_at_utc": null, "ups": 1, "mod_reason_by": null, "banned_by": null, "removal_reason": null, "link_id": "t3_7nsd74", "author_flair_template_id": null, "likes": null, "no_follow": true, "replies": "", "user_reports": [], "saved": false, "id": "ds6jr1g", "banned_at_utc": null, "mod_reason_title": null, "gilded": 0, "archived": false, "report_reasons": null, "author": "andriah_blashkovich", "can_mod_post": false, "send_replies": true, "parent_id": "t3_7nsd74", "score": 1, "approved_by": null, "downs": 0, "body": "Mark Felton, in Yanagi : Underwater trade between Germany and Japan is taking quite some space to tackle the tense diplomatic relationship between Germany and Japan:\n\n&gt; Turning to their new allies in the West, the Japanese followed the Tripartite Pact by signing the German-Japanese Military Agreement in Berlin on 18 January 1942. However, many historians who have analysed German-Japanese diplomatic and military cooperation during the Second World War have criticized much of the appearance of cooperation as window dressing. In reality, the efforts of the Germans and the Japanese to even establish a cooperative effort with clearly defined goals amounted to remarkably little. The Tripartite Pact provided for the establishment of technical commissions designed to implement strategic plans, but they met only for the sake of form, and military talks had not been staged by the time of Japan\u2019s attack on Pearl Harbor. The joint commissions had virtually no influence over the course or aims of the German-Japanese alliance, this role being usurped by the German Foreign Minister, Joachim von Ribbentrop, and the Japanese Ambassador to Berlin, General Hiroshi Oshima. These two men could not agree on the direction the alliance should follow and their views also diverged from those of their leaders. For example, even though Japan had been defeated by the Red Army at the Battle of Halhin Gol in Mongolia between May and September 1939, and had subsequently negotiated a non-aggression treaty in 1941 with Stalin, Oshima advocated a joint German\u2013Japanese offensive against the Soviet Union. Both the Imperial Japanese Navy, who looked to the Pacific as the arena of future conflict, and the Imperial Household Agency who advised Emperor Hirohito, opposed such a plan. Ribbentrop went even further, advocating an alliance of Germany, Japan and the Soviet Union against Great Britain, running completely contrary to the core values and war aims of Hitler and the Nazi government, which was the defeat of \u2018Jewish Bolshevism\u2019 in the East.\nSuch was the poor state of diplomatic relations between Germany and Japan that neither side told the other very much about their military strategy and operations. Liaison conferences were held in Germany between 18 October and 5 November 1941, but the first the Germans were to hear of the Japanese attack on Pearl Harbor on 7 December was, incredibly, on the radio \u2013 reported by the BBC! The Germans had also left the Japanese largely in the dark concerning Operation Barbarossa, the invasion of the Soviet Union, which began in June 1941. This is borne out in US Army G-2 intelligence reports of the time, the American Ambassador to Tokyo reporting in a telegram to the State Department in Washington DC on 27 July 1941 that:\n*Former Foreign Minister Matsuoka informed the Turkish Ambassador that he had cabled Ribbentrop 48 hours in advance of the Nazi attack on the Soviet asking if there were any truth in reports of such an attack and Ribbentrop replied with a categorical denial.*\nThis reflected the other level of the German-Japanese alliance \u2013 a level of distrust between the two nations, and a reflection of the distrust between Europeans and Asians at this time. The Americans, immediately prior to the unexpected Japanese assault on Hawaii, had been monitoring relations between the Germans and the Japanese, particularly on German attitudes towards the Japanese as a nation, and as a people. Brigadier General Sherman Miles, Acting Assistant Chief of Staff of the US Army\u2019s G-2 Intelligence Department, wrote to the Army Chief of Staff on 30 July 1941 recording some startling observations. Miles noted that the American Ambassador in Tokyo had, on 23 July, pointed \u2018to a trend in Japanese public and private opinion indicating that Japan is no longer a happy partner in the Tripartite Agreement\u2019.3 The Ambassador also stated that:\n*if the Germans run true to form they would sooner or later overshoot their mark in Japan, and that the proud and sensitive Japanese people would eventually realize the fundamental contempt and scarcely concealed arrogance of the Germans for the Yellow Race.*\n\nFelton goes on to describe the relationship in terms of the main topic of his book - trade of necessary raw materials from Asia and military technology rom Germany, where relationships are still kept very cold to say the least.\n\nHe goes on to describe a situation when the Kriegsmarine set up a u-boot base in Penang, on the west coast of Malay Peninsula - the amount of support the said base has gotten from neighbouring Japanese posts and ports was minimal, and most of the supplies including fuel and torpedoes for the Penang base had to be brought in from Europe.\n\nWhile Felton's book in the end seems to be more of a bland summary of Kriegsmarine's actions in the south atlantic and indian oceans, the parts that deal with the German - Japanese relation do make it worth the read.\n\nSources: \n\nMark Felton : *Yanagi, the secret underwater trade between Germany and Japan, 1941-1945* ,  2005", "edited": false, "author_flair_css_class": null, "collapsed": false, "is_submitter": false, "collapsed_reason": null, "body_html": "&lt;div class=\"md\"&gt;&lt;p&gt;Mark Felton, in Yanagi : Underwater trade between Germany and Japan is taking quite some space to tackle the tense diplomatic relationship between Germany and Japan:&lt;/p&gt;\n\n&lt;blockquote&gt;\n&lt;p&gt;Turning to their new allies in the West, the Japanese followed the Tripartite Pact by signing the German-Japanese Military Agreement in Berlin on 18 January 1942. However, many historians who have analysed German-Japanese diplomatic and military cooperation during the Second World War have criticized much of the appearance of cooperation as window dressing. In reality, the efforts of the Germans and the Japanese to even establish a cooperative effort with clearly defined goals amounted to remarkably little. The Tripartite Pact provided for the establishment of technical commissions designed to implement strategic plans, but they met only for the sake of form, and military talks had not been staged by the time of Japan\u2019s attack on Pearl Harbor. The joint commissions had virtually no influence over the course or aims of the German-Japanese alliance, this role being usurped by the German Foreign Minister, Joachim von Ribbentrop, and the Japanese Ambassador to Berlin, General Hiroshi Oshima. These two men could not agree on the direction the alliance should follow and their views also diverged from those of their leaders. For example, even though Japan had been defeated by the Red Army at the Battle of Halhin Gol in Mongolia between May and September 1939, and had subsequently negotiated a non-aggression treaty in 1941 with Stalin, Oshima advocated a joint German\u2013Japanese offensive against the Soviet Union. Both the Imperial Japanese Navy, who looked to the Pacific as the arena of future conflict, and the Imperial Household Agency who advised Emperor Hirohito, opposed such a plan. Ribbentrop went even further, advocating an alliance of Germany, Japan and the Soviet Union against Great Britain, running completely contrary to the core values and war aims of Hitler and the Nazi government, which was the defeat of \u2018Jewish Bolshevism\u2019 in the East.\nSuch was the poor state of diplomatic relations between Germany and Japan that neither side told the other very much about their military strategy and operations. Liaison conferences were held in Germany between 18 October and 5 November 1941, but the first the Germans were to hear of the Japanese attack on Pearl Harbor on 7 December was, incredibly, on the radio \u2013 reported by the BBC! The Germans had also left the Japanese largely in the dark concerning Operation Barbarossa, the invasion of the Soviet Union, which began in June 1941. This is borne out in US Army G-2 intelligence reports of the time, the American Ambassador to Tokyo reporting in a telegram to the State Department in Washington DC on 27 July 1941 that:\n&lt;em&gt;Former Foreign Minister Matsuoka informed the Turkish Ambassador that he had cabled Ribbentrop 48 hours in advance of the Nazi attack on the Soviet asking if there were any truth in reports of such an attack and Ribbentrop replied with a categorical denial.&lt;/em&gt;\nThis reflected the other level of the German-Japanese alliance \u2013 a level of distrust between the two nations, and a reflection of the distrust between Europeans and Asians at this time. The Americans, immediately prior to the unexpected Japanese assault on Hawaii, had been monitoring relations between the Germans and the Japanese, particularly on German attitudes towards the Japanese as a nation, and as a people. Brigadier General Sherman Miles, Acting Assistant Chief of Staff of the US Army\u2019s G-2 Intelligence Department, wrote to the Army Chief of Staff on 30 July 1941 recording some startling observations. Miles noted that the American Ambassador in Tokyo had, on 23 July, pointed \u2018to a trend in Japanese public and private opinion indicating that Japan is no longer a happy partner in the Tripartite Agreement\u2019.3 The Ambassador also stated that:\n&lt;em&gt;if the Germans run true to form they would sooner or later overshoot their mark in Japan, and that the proud and sensitive Japanese people would eventually realize the fundamental contempt and scarcely concealed arrogance of the Germans for the Yellow Race.&lt;/em&gt;&lt;/p&gt;\n&lt;/blockquote&gt;\n\n&lt;p&gt;Felton goes on to describe the relationship in terms of the main topic of his book - trade of necessary raw materials from Asia and military technology rom Germany, where relationships are still kept very cold to say the least.&lt;/p&gt;\n\n&lt;p&gt;He goes on to describe a situation when the Kriegsmarine set up a u-boot base in Penang, on the west coast of Malay Peninsula - the amount of support the said base has gotten from neighbouring Japanese posts and ports was minimal, and most of the supplies including fuel and torpedoes for the Penang base had to be brought in from Europe.&lt;/p&gt;\n\n&lt;p&gt;While Felton&amp;#39;s book in the end seems to be more of a bland summary of Kriegsmarine&amp;#39;s actions in the south atlantic and indian oceans, the parts that deal with the German - Japanese relation do make it worth the read.&lt;/p&gt;\n\n&lt;p&gt;Sources: &lt;/p&gt;\n\n&lt;p&gt;Mark Felton : &lt;em&gt;Yanagi, the secret underwater trade between Germany and Japan, 1941-1945&lt;/em&gt; ,  2005&lt;/p&gt;\n&lt;/div&gt;", "subreddit_type": "public", "can_gild": true, "subreddit": "AskHistorians", "name": "t1_ds6jr1g", "score_hidden": false, "permalink": "/r/AskHistorians/comments/7nsd74/what_was_the_relationship_like_between_nazi/ds6jr1g/", "num_reports": null, "stickied": false, "created": 1515110027.0, "author_flair_text": null, "created_utc": 1515081227.0, "subreddit_name_prefixed": "r/AskHistorians", "controversiality": 0, "depth": 0, "mod_reports": [], "mod_note": null, "distinguished": null}}], "after": null, "before": null}}]