[{"kind": "Listing", "data": {"modhash": "", "dist": 1, "children": [{"kind": "t3", "data": {"subreddit_id": "t5_2ssp3", "approved_at_utc": null, "send_replies": true, "mod_reason_by": null, "banned_by": null, "removal_reason": null, "wls": 6, "subreddit": "AskHistorians", "selftext_html": "&lt;!-- SC_OFF --&gt;&lt;div class=\"md\"&gt;&lt;p&gt;Was there a similar bias in the United States (and Canada) to the modern day \u201cBuy American\u201d movement before the 20th Century in the context of State and Provincial rivalry? As in a preference to buy Virginian rather than from Pennsylvania. Would consumers even be able to know where goods came from? Did things like the Sears catalog have influence over this? Did the Civil War and British/Qu\u00e9b\u00e9cois divisions affect this?&lt;/p&gt;\n&lt;/div&gt;&lt;!-- SC_ON --&gt;", "author_flair_template_id": null, "selftext": "Was there a similar bias in the United States (and Canada) to the modern day \u201cBuy American\u201d movement before the 20th Century in the context of State and Provincial rivalry? As in a preference to buy Virginian rather than from Pennsylvania. Would consumers even be able to know where goods came from? Did things like the Sears catalog have influence over this? Did the Civil War and British/Qu\u00e9b\u00e9cois divisions affect this?", "likes": null, "suggested_sort": null, "mod_note": null, "user_reports": [], "secure_media": null, "is_reddit_media_domain": false, "saved": false, "id": "7nue2x", "banned_at_utc": null, "mod_reason_title": null, "view_count": null, "archived": false, "clicked": false, "no_follow": true, "author": "Nicotifoso", "num_crossposts": 0, "link_flair_text": null, "can_mod_post": false, "is_crosspostable": false, "pinned": false, "score": 5, "approved_by": null, "over_18": false, "domain": "self.AskHistorians", "hidden": false, "pwls": 6, "thumbnail": "", "hide_score": false, "edited": false, "link_flair_css_class": null, "media_only": false, "author_flair_css_class": null, "contest_mode": false, "gilded": 0, "title": "Geographic bias in American and Canadian Consumers before the 20th Century", "downs": 0, "secure_media_embed": {}, "media_embed": {}, "author_flair_text": null, "stickied": false, "can_gild": false, "is_self": true, "parent_whitelist_status": "all_ads", "name": "t3_7nue2x", "spoiler": false, "permalink": "/r/AskHistorians/comments/7nue2x/geographic_bias_in_american_and_canadian/", "subreddit_type": "public", "locked": false, "report_reasons": null, "created": 1515012010.0, "url": "https://www.reddit.com/r/AskHistorians/comments/7nue2x/geographic_bias_in_american_and_canadian/", "whitelist_status": "all_ads", "quarantine": false, "subreddit_subscribers": 755168, "created_utc": 1514983210.0, "subreddit_name_prefixed": "r/AskHistorians", "distinguished": null, "media": null, "num_comments": 0, "upvote_ratio": 0.79, "mod_reports": [], "visited": false, "num_reports": null, "is_video": false, "ups": 5, "post_categories": null}}], "after": null, "before": null}}, {"kind": "Listing", "data": {"modhash": "", "dist": null, "children": [], "after": null, "before": null}}]