[{"kind": "Listing", "data": {"modhash": "", "dist": 1, "children": [{"kind": "t3", "data": {"approved_at_utc": null, "subreddit": "AskHistorians", "selftext": "This always bugged me. Could there be greater (or equally great) philosophers whose work got lost, or did the greeks ensured that the \"greatest hits\" made it to the future? Thanks!", "user_reports": [], "saved": false, "mod_reason_title": null, "gilded": 0, "clicked": false, "title": "Did the work of the greek philosophers we know (Socrates, Plato, Aristotle, etc.) survive because in their own time it was considered the very best, or was it by chance (and we may be missing something greater)?", "link_flair_richtext": [], "subreddit_name_prefixed": "r/AskHistorians", "hidden": false, "pwls": 6, "link_flair_css_class": null, "downs": 0, "parent_whitelist_status": "all_ads", "hide_score": false, "name": "t3_8oesvo", "quarantine": false, "link_flair_text_color": "dark", "upvote_ratio": 0.73, "author_flair_background_color": null, "subreddit_type": "public", "ups": 10, "domain": "self.AskHistorians", "media_embed": {}, "author_flair_template_id": null, "is_original_content": false, "secure_media": null, "is_reddit_media_domain": false, "category": null, "secure_media_embed": {}, "link_flair_text": null, "can_mod_post": false, "score": 10, "approved_by": null, "thumbnail": "", "edited": false, "author_flair_css_class": null, "author_flair_richtext": [], "content_categories": null, "is_self": true, "mod_note": null, "created": 1528118085.0, "link_flair_type": "text", "wls": 6, "post_categories": null, "banned_by": null, "author_flair_type": "text", "contest_mode": false, "selftext_html": "&lt;!-- SC_OFF --&gt;&lt;div class=\"md\"&gt;&lt;p&gt;This always bugged me. Could there be greater (or equally great) philosophers whose work got lost, or did the greeks ensured that the &amp;quot;greatest hits&amp;quot; made it to the future? Thanks!&lt;/p&gt;\n&lt;/div&gt;&lt;!-- SC_ON --&gt;", "likes": null, "suggested_sort": null, "banned_at_utc": null, "view_count": null, "archived": false, "no_follow": true, "is_crosspostable": false, "pinned": false, "over_18": false, "media_only": false, "can_gild": false, "spoiler": false, "locked": false, "author_flair_text": null, "rte_mode": "markdown", "visited": false, "num_reports": null, "distinguished": null, "subreddit_id": "t5_2ssp3", "mod_reason_by": null, "removal_reason": null, "id": "8oesvo", "report_reasons": null, "author": "tontoreyimaginario", "num_crossposts": 0, "num_comments": 3, "send_replies": true, "mod_reports": [], "author_flair_text_color": null, "permalink": "/r/AskHistorians/comments/8oesvo/did_the_work_of_the_greek_philosophers_we_know/", "whitelist_status": "all_ads", "stickied": false, "url": "https://www.reddit.com/r/AskHistorians/comments/8oesvo/did_the_work_of_the_greek_philosophers_we_know/", "subreddit_subscribers": 770601, "created_utc": 1528089285.0, "media": null, "is_video": false}}], "after": null, "before": null}}, {"kind": "Listing", "data": {"modhash": "", "dist": null, "children": [{"kind": "t1", "data": {"subreddit_id": "t5_2ssp3", "approved_at_utc": null, "ups": 3, "mod_reason_by": null, "banned_by": null, "author_flair_type": "richtext", "removal_reason": null, "link_id": "t3_8oesvo", "author_flair_template_id": null, "likes": null, "no_follow": true, "replies": {"kind": "Listing", "data": {"modhash": "", "dist": null, "children": [{"kind": "t1", "data": {"subreddit_id": "t5_2ssp3", "approved_at_utc": null, "ups": 1, "mod_reason_by": null, "banned_by": null, "author_flair_type": "text", "removal_reason": null, "link_id": "t3_8oesvo", "author_flair_template_id": null, "likes": null, "no_follow": true, "replies": "", "user_reports": [], "saved": false, "id": "e0360cw", "banned_at_utc": null, "mod_reason_title": null, "gilded": 0, "archived": false, "report_reasons": null, "author": "tontoreyimaginario", "can_mod_post": false, "send_replies": true, "parent_id": "t1_e030jvq", "score": 1, "approved_by": null, "downs": 0, "body": "Thanks! Will check it out!", "edited": false, "author_flair_css_class": null, "collapsed": false, "author_flair_richtext": [], "is_submitter": true, "collapsed_reason": null, "body_html": "&lt;div class=\"md\"&gt;&lt;p&gt;Thanks! Will check it out!&lt;/p&gt;\n&lt;/div&gt;", "stickied": false, "subreddit_type": "public", "can_gild": true, "subreddit": "AskHistorians", "author_flair_text_color": null, "score_hidden": false, "permalink": "/r/AskHistorians/comments/8oesvo/did_the_work_of_the_greek_philosophers_we_know/e0360cw/", "num_reports": null, "name": "t1_e0360cw", "created": 1528142691.0, "author_flair_text": null, "rte_mode": "markdown", "created_utc": 1528113891.0, "subreddit_name_prefixed": "r/AskHistorians", "controversiality": 0, "depth": 1, "author_flair_background_color": null, "mod_reports": [], "mod_note": null, "distinguished": null}}], "after": null, "before": null}}, "user_reports": [], "saved": false, "id": "e030jvq", "banned_at_utc": null, "mod_reason_title": null, "gilded": 0, "archived": false, "report_reasons": null, "author": "hillsonghoods", "can_mod_post": false, "send_replies": true, "parent_id": "t3_8oesvo", "score": 3, "approved_by": null, "downs": 0, "body": "I discuss a similar topic in reply to this question: [Was Aristotle really such a great philosopher, or is he mostly famous because of Alexander the Great?](https://www.reddit.com/r/AskHistorians/comments/7yk7yh/was_aristotle_really_such_a_great_philosopher_or/duhf6ym/), through the lens of the third century AD's Diogenes Laertius, who wrote a book about philosophers. Hope that helps!", "edited": false, "author_flair_css_class": "moderator", "collapsed": false, "author_flair_richtext": [{"e": "text", "t": "Moderator | 20th Century Pop Music | History of Psychology"}], "is_submitter": false, "collapsed_reason": null, "body_html": "&lt;div class=\"md\"&gt;&lt;p&gt;I discuss a similar topic in reply to this question: &lt;a href=\"https://www.reddit.com/r/AskHistorians/comments/7yk7yh/was_aristotle_really_such_a_great_philosopher_or/duhf6ym/\"&gt;Was Aristotle really such a great philosopher, or is he mostly famous because of Alexander the Great?&lt;/a&gt;, through the lens of the third century AD&amp;#39;s Diogenes Laertius, who wrote a book about philosophers. Hope that helps!&lt;/p&gt;\n&lt;/div&gt;", "stickied": false, "subreddit_type": "public", "can_gild": true, "subreddit": "AskHistorians", "author_flair_text_color": null, "score_hidden": false, "permalink": "/r/AskHistorians/comments/8oesvo/did_the_work_of_the_greek_philosophers_we_know/e030jvq/", "num_reports": null, "name": "t1_e030jvq", "created": 1528131812.0, "author_flair_text": "Moderator | 20th Century Pop Music | History of Psychology", "rte_mode": "markdown", "created_utc": 1528103012.0, "subreddit_name_prefixed": "r/AskHistorians", "controversiality": 0, "depth": 0, "author_flair_background_color": null, "mod_reports": [], "mod_note": null, "distinguished": null}}], "after": null, "before": null}}]