[{"kind": "Listing", "data": {"modhash": "", "dist": 1, "children": [{"kind": "t3", "data": {"approved_at_utc": null, "subreddit": "AskHistorians", "selftext": "As a Canadian, I know we have a good military record from the world wars and a lot to be proud of. I'd like to know if we were really as exceptional as we see ourselves from within Canada (at least as seen in documentaries about the wars). Thanks.", "user_reports": [], "saved": false, "mod_reason_title": null, "gilded": 0, "clicked": false, "title": "How good was the Canadian Military during the world wars?", "link_flair_richtext": [], "subreddit_name_prefixed": "r/AskHistorians", "hidden": false, "pwls": 6, "link_flair_css_class": null, "downs": 0, "parent_whitelist_status": "all_ads", "hide_score": false, "name": "t3_9tfzew", "quarantine": false, "link_flair_text_color": "dark", "upvote_ratio": 0.95, "author_flair_background_color": null, "subreddit_type": "public", "ups": 18, "domain": "self.AskHistorians", "media_embed": {}, "author_flair_template_id": null, "is_original_content": false, "author_fullname": "t2_74brbdg", "secure_media": null, "is_reddit_media_domain": false, "is_meta": false, "category": null, "secure_media_embed": {}, "link_flair_text": null, "can_mod_post": false, "score": 18, "approved_by": null, "thumbnail": "", "edited": false, "author_flair_css_class": null, "author_flair_richtext": [], "gildings": {"gid_1": 0, "gid_2": 0, "gid_3": 0}, "content_categories": null, "is_self": true, "mod_note": null, "created": 1541153277.0, "link_flair_type": "text", "wls": 6, "banned_by": null, "author_flair_type": "text", "contest_mode": false, "selftext_html": "&lt;!-- SC_OFF --&gt;&lt;div class=\"md\"&gt;&lt;p&gt;As a Canadian, I know we have a good military record from the world wars and a lot to be proud of. I&amp;#39;d like to know if we were really as exceptional as we see ourselves from within Canada (at least as seen in documentaries about the wars). Thanks.&lt;/p&gt;\n&lt;/div&gt;&lt;!-- SC_ON --&gt;", "likes": null, "suggested_sort": null, "banned_at_utc": null, "view_count": null, "archived": false, "no_follow": false, "is_crosspostable": false, "pinned": false, "over_18": false, "media": null, "media_only": false, "link_flair_template_id": null, "can_gild": false, "spoiler": false, "locked": false, "author_flair_text": null, "visited": false, "num_reports": null, "distinguished": null, "subreddit_id": "t5_2ssp3", "mod_reason_by": null, "removal_reason": null, "link_flair_background_color": "", "id": "9tfzew", "is_robot_indexable": true, "report_reasons": null, "author": "BackgroundGrade", "num_crossposts": 0, "num_comments": 3, "send_replies": true, "author_patreon_flair": false, "author_flair_text_color": null, "permalink": "/r/AskHistorians/comments/9tfzew/how_good_was_the_canadian_military_during_the/", "whitelist_status": "all_ads", "stickied": false, "url": "https://www.reddit.com/r/AskHistorians/comments/9tfzew/how_good_was_the_canadian_military_during_the/", "subreddit_subscribers": 869443, "created_utc": 1541124477.0, "mod_reports": [], "is_video": false}}], "after": null, "before": null}}, {"kind": "Listing", "data": {"modhash": "", "dist": null, "children": [{"kind": "t1", "data": {"subreddit_id": "t5_2ssp3", "approved_at_utc": null, "ups": 1, "mod_reason_by": null, "banned_by": null, "author_flair_type": "text", "removal_reason": null, "link_id": "t3_9tfzew", "author_flair_template_id": null, "likes": null, "no_follow": true, "replies": "", "user_reports": [], "saved": false, "id": "e9bohq7", "banned_at_utc": null, "mod_reason_title": null, "gilded": 0, "archived": false, "report_reasons": null, "author": "Superplaner", "can_mod_post": false, "send_replies": true, "parent_id": "t3_9tfzew", "score": 1, "author_fullname": "t2_4ztsi", "approved_by": null, "downs": 0, "body": "I think [this](https://www.reddit.com/r/AskHistorians/comments/4arupb/i_often_hear_the_narrative_that_canadian_soldiers/) thread might interest you. The Germans/Central Powers/Axis thought nothing special of Canadian troops in either world war, they considered them just another kind of Tommies from another part of the British Empire, however, as /u/jonewer correctly points out, the Canadian Corps was unique in WW1. In very brief summary, yes, Canadian troops preformed well in both wars but so did troops from almost all British dominions/provinces/territories. ", "edited": false, "author_flair_css_class": null, "is_submitter": false, "collapsed": false, "author_flair_richtext": [], "author_patreon_flair": false, "collapsed_reason": null, "body_html": "&lt;div class=\"md\"&gt;&lt;p&gt;I think &lt;a href=\"https://www.reddit.com/r/AskHistorians/comments/4arupb/i_often_hear_the_narrative_that_canadian_soldiers/\"&gt;this&lt;/a&gt; thread might interest you. The Germans/Central Powers/Axis thought nothing special of Canadian troops in either world war, they considered them just another kind of Tommies from another part of the British Empire, however, as &lt;a href=\"/u/jonewer\"&gt;/u/jonewer&lt;/a&gt; correctly points out, the Canadian Corps was unique in WW1. In very brief summary, yes, Canadian troops preformed well in both wars but so did troops from almost all British dominions/provinces/territories. &lt;/p&gt;\n&lt;/div&gt;", "stickied": false, "subreddit_type": "public", "can_gild": true, "gildings": {"gid_1": 0, "gid_2": 0, "gid_3": 0}, "author_flair_text_color": null, "score_hidden": false, "permalink": "/r/AskHistorians/comments/9tfzew/how_good_was_the_canadian_military_during_the/e9bohq7/", "num_reports": null, "name": "t1_e9bohq7", "created": 1541749102.0, "subreddit": "AskHistorians", "author_flair_text": null, "created_utc": 1541720302.0, "subreddit_name_prefixed": "r/AskHistorians", "controversiality": 0, "depth": 0, "author_flair_background_color": null, "mod_reports": [], "mod_note": null, "distinguished": null}}], "after": null, "before": null}}]