[{"kind": "Listing", "data": {"modhash": "", "dist": 1, "children": [{"kind": "t3", "data": {"approved_at_utc": null, "subreddit": "AskHistorians", "selftext": "        I recently came across a guy on YouTube called Bright Insight, who claimed that the eye of the Sahara, otherwise known as the Richat structure, was the most plausible location for the list city of Atlantis. I want to know if his theory holds any water and why no has ever talked about this. He discusses this theory over three videos on his channel. \n         Evidence he presents(probably won't remember them all or present them in the same style so feel free to watch his video on this): In Plato's dialogues the critias and the timeaus, he says how Atlantis consisted of a centre island followed by concentric circles, three of water, two of land and had mountains to the north with rivers flowing down it, and it opens up to the ocean in the south, which you can see if you look up the eye of the Sahara in the north west part of Africa in the country of Mauritania. Platos also said the exact diameter was the equivalent to 23.5 km which also is the diameter of the eye of the sahara. He mentions two maps by Herodotus who document 'Atlantos' on his maps in the northwest part of Africa with a sea to the south. Africa could have been lifted up as part of volcanic activity over the past 10 thousand years since Atlantis would have existed. Further evidence to support that there have been an ocean there includes fish carcasses having been found and a whole unfossilised whale as well as seashells and wells sorrounding the Richat having mostly salt water, however there is a fresh water spring in the centers island of the Richat which is just as Plato described it.\n         I sadly don't have time to write more but these peices of evidence are very small. He mentions a lot more evidence. Watch his video here: https://youtu.be/U5kEzxOb-3c \n         So what do you historians/normal people think, could we have overlooked this site too much and really have no idea what is out there under the surface of the Richat. There is a lot of similarities to what Plato described, so could it be coincidence that there are this many similarities? Or is Plato's words to be trusted? I want to hear your opinions on the subject. And it's fine if you think that this has hints of conspiracy because it kinda does. But I think that critical discussions are an important way of learning and sharing knowledge, and I think that it's a good topic of discussion. Please try to keep an open mind as well, while remaining critical otherwise the discussion will quickly turn into a battlefield. :)\n\nKind regards,\nA curious being", "user_reports": [], "saved": false, "mod_reason_title": null, "gilded": 0, "clicked": false, "title": "Could this be Atlantis?", "link_flair_richtext": [], "subreddit_name_prefixed": "r/AskHistorians", "hidden": false, "pwls": 6, "link_flair_css_class": null, "downs": 0, "parent_whitelist_status": "all_ads", "hide_score": false, "name": "t3_9ticvw", "quarantine": false, "link_flair_text_color": "dark", "upvote_ratio": 0.63, "author_flair_background_color": null, "subreddit_type": "public", "ups": 4, "domain": "self.AskHistorians", "media_embed": {}, "author_flair_template_id": null, "is_original_content": false, "author_fullname": "t2_b8tpagj", "secure_media": null, "is_reddit_media_domain": false, "is_meta": false, "category": null, "secure_media_embed": {}, "link_flair_text": null, "can_mod_post": false, "score": 4, "approved_by": null, "thumbnail": "", "edited": 1541149576.0, "author_flair_css_class": null, "author_flair_richtext": [], "gildings": {"gid_1": 0, "gid_2": 0, "gid_3": 0}, "content_categories": null, "is_self": true, "mod_note": null, "created": 1541178157.0, "link_flair_type": "text", "wls": 6, "banned_by": null, "author_flair_type": "text", "contest_mode": false, "selftext_html": "&lt;!-- SC_OFF --&gt;&lt;div class=\"md\"&gt;&lt;pre&gt;&lt;code&gt;    I recently came across a guy on YouTube called Bright Insight, who claimed that the eye of the Sahara, otherwise known as the Richat structure, was the most plausible location for the list city of Atlantis. I want to know if his theory holds any water and why no has ever talked about this. He discusses this theory over three videos on his channel. \n     Evidence he presents(probably won&amp;#39;t remember them all or present them in the same style so feel free to watch his video on this): In Plato&amp;#39;s dialogues the critias and the timeaus, he says how Atlantis consisted of a centre island followed by concentric circles, three of water, two of land and had mountains to the north with rivers flowing down it, and it opens up to the ocean in the south, which you can see if you look up the eye of the Sahara in the north west part of Africa in the country of Mauritania. Platos also said the exact diameter was the equivalent to 23.5 km which also is the diameter of the eye of the sahara. He mentions two maps by Herodotus who document &amp;#39;Atlantos&amp;#39; on his maps in the northwest part of Africa with a sea to the south. Africa could have been lifted up as part of volcanic activity over the past 10 thousand years since Atlantis would have existed. Further evidence to support that there have been an ocean there includes fish carcasses having been found and a whole unfossilised whale as well as seashells and wells sorrounding the Richat having mostly salt water, however there is a fresh water spring in the centers island of the Richat which is just as Plato described it.\n     I sadly don&amp;#39;t have time to write more but these peices of evidence are very small. He mentions a lot more evidence. Watch his video here: https://youtu.be/U5kEzxOb-3c \n     So what do you historians/normal people think, could we have overlooked this site too much and really have no idea what is out there under the surface of the Richat. There is a lot of similarities to what Plato described, so could it be coincidence that there are this many similarities? Or is Plato&amp;#39;s words to be trusted? I want to hear your opinions on the subject. And it&amp;#39;s fine if you think that this has hints of conspiracy because it kinda does. But I think that critical discussions are an important way of learning and sharing knowledge, and I think that it&amp;#39;s a good topic of discussion. Please try to keep an open mind as well, while remaining critical otherwise the discussion will quickly turn into a battlefield. :)\n&lt;/code&gt;&lt;/pre&gt;\n\n&lt;p&gt;Kind regards,\nA curious being&lt;/p&gt;\n&lt;/div&gt;&lt;!-- SC_ON --&gt;", "likes": null, "suggested_sort": null, "banned_at_utc": null, "view_count": null, "archived": false, "no_follow": true, "is_crosspostable": false, "pinned": false, "over_18": false, "media": null, "media_only": false, "link_flair_template_id": null, "can_gild": false, "spoiler": false, "locked": false, "author_flair_text": null, "visited": false, "num_reports": null, "distinguished": null, "subreddit_id": "t5_2ssp3", "mod_reason_by": null, "removal_reason": null, "link_flair_background_color": "", "id": "9ticvw", "is_robot_indexable": true, "report_reasons": null, "author": "casp223", "num_crossposts": 0, "num_comments": 4, "send_replies": true, "author_patreon_flair": false, "author_flair_text_color": null, "permalink": "/r/AskHistorians/comments/9ticvw/could_this_be_atlantis/", "whitelist_status": "all_ads", "stickied": false, "url": "https://www.reddit.com/r/AskHistorians/comments/9ticvw/could_this_be_atlantis/", "subreddit_subscribers": 869443, "created_utc": 1541149357.0, "mod_reports": [], "is_video": false}}], "after": null, "before": null}}, {"kind": "Listing", "data": {"modhash": "", "dist": null, "children": [{"kind": "t1", "data": {"subreddit_id": "t5_2ssp3", "approved_at_utc": null, "ups": 8, "mod_reason_by": null, "banned_by": null, "author_flair_type": "text", "removal_reason": null, "link_id": "t3_9ticvw", "author_flair_template_id": null, "likes": null, "no_follow": true, "replies": {"kind": "Listing", "data": {"modhash": "", "dist": null, "children": [{"kind": "t1", "data": {"subreddit_id": "t5_2ssp3", "approved_at_utc": null, "ups": 1, "mod_reason_by": null, "banned_by": null, "author_flair_type": "text", "removal_reason": null, "link_id": "t3_9ticvw", "author_flair_template_id": null, "likes": null, "no_follow": true, "replies": {"kind": "Listing", "data": {"modhash": "", "dist": null, "children": [{"kind": "t1", "data": {"subreddit_id": "t5_2ssp3", "approved_at_utc": null, "ups": 5, "mod_reason_by": null, "banned_by": null, "author_flair_type": "text", "removal_reason": null, "link_id": "t3_9ticvw", "author_flair_template_id": null, "likes": null, "no_follow": true, "replies": "", "user_reports": [], "saved": false, "id": "e8xesi0", "banned_at_utc": null, "mod_reason_title": null, "gilded": 0, "archived": false, "report_reasons": null, "author": "b1uepenguin", "can_mod_post": false, "send_replies": true, "parent_id": "t1_e8wiq9u", "score": 5, "author_fullname": "t2_aih2p", "approved_by": null, "downs": 0, "body": "Don\u2019t feel stupid about that\u2014 it is hard seeing videos with claims that you know don\u2019t seem quite right, but which you have little knowledge basis to refute.  It happens to everyone at one point or another, some things are just fun to want to believe.\n\nFeel good about questioning what you saw and looking for evidence one way or another that you could evaluate.", "edited": false, "author_flair_css_class": "oceania", "is_submitter": false, "collapsed": false, "author_flair_richtext": [], "author_patreon_flair": false, "collapsed_reason": null, "body_html": "&lt;div class=\"md\"&gt;&lt;p&gt;Don\u2019t feel stupid about that\u2014 it is hard seeing videos with claims that you know don\u2019t seem quite right, but which you have little knowledge basis to refute.  It happens to everyone at one point or another, some things are just fun to want to believe.&lt;/p&gt;\n\n&lt;p&gt;Feel good about questioning what you saw and looking for evidence one way or another that you could evaluate.&lt;/p&gt;\n&lt;/div&gt;", "stickied": false, "subreddit_type": "public", "can_gild": true, "gildings": {"gid_1": 0, "gid_2": 0, "gid_3": 0}, "author_flair_text_color": "dark", "score_hidden": false, "permalink": "/r/AskHistorians/comments/9ticvw/could_this_be_atlantis/e8xesi0/", "num_reports": null, "name": "t1_e8xesi0", "created": 1541212005.0, "subreddit": "AskHistorians", "author_flair_text": "Pacific Worlds | France Overseas", "created_utc": 1541183205.0, "subreddit_name_prefixed": "r/AskHistorians", "controversiality": 0, "depth": 2, "author_flair_background_color": "", "mod_reports": [], "mod_note": null, "distinguished": null}}], "after": null, "before": null}}, "user_reports": [], "saved": false, "id": "e8wiq9u", "banned_at_utc": null, "mod_reason_title": null, "gilded": 0, "archived": false, "report_reasons": null, "author": "casp223", "can_mod_post": false, "send_replies": true, "parent_id": "t1_e8wi9it", "score": 1, "author_fullname": "t2_b8tpagj", "approved_by": null, "downs": 0, "body": "Thank you for this. I kinda feel stupid now but obviously the video presents this in such an enthusiastic way and I am no historian so I can't debunk what he says as he presents evidence. ", "edited": false, "author_flair_css_class": null, "is_submitter": true, "collapsed": false, "author_flair_richtext": [], "author_patreon_flair": false, "collapsed_reason": null, "body_html": "&lt;div class=\"md\"&gt;&lt;p&gt;Thank you for this. I kinda feel stupid now but obviously the video presents this in such an enthusiastic way and I am no historian so I can&amp;#39;t debunk what he says as he presents evidence. &lt;/p&gt;\n&lt;/div&gt;", "stickied": false, "subreddit_type": "public", "can_gild": true, "gildings": {"gid_1": 0, "gid_2": 0, "gid_3": 0}, "author_flair_text_color": null, "score_hidden": false, "permalink": "/r/AskHistorians/comments/9ticvw/could_this_be_atlantis/e8wiq9u/", "num_reports": null, "name": "t1_e8wiq9u", "created": 1541179620.0, "subreddit": "AskHistorians", "author_flair_text": null, "created_utc": 1541150820.0, "subreddit_name_prefixed": "r/AskHistorians", "controversiality": 0, "depth": 1, "author_flair_background_color": null, "mod_reports": [], "mod_note": null, "distinguished": null}}], "after": null, "before": null}}, "user_reports": [], "saved": false, "id": "e8wi9it", "banned_at_utc": null, "mod_reason_title": null, "gilded": 0, "archived": false, "report_reasons": null, "author": "AncientHistory", "can_mod_post": false, "send_replies": true, "parent_id": "t3_9ticvw", "score": 8, "author_fullname": "t2_cxryn", "approved_by": null, "downs": 0, "body": "u/Iphikrates just posted an answer to a [similar question](https://www.reddit.com/r/AskHistorians/comments/9eacwr/richat_structure_as_site_of_atlantis_can_any/)", "edited": false, "author_flair_css_class": "other", "is_submitter": false, "collapsed": false, "author_flair_richtext": [], "author_patreon_flair": false, "collapsed_reason": null, "body_html": "&lt;div class=\"md\"&gt;&lt;p&gt;&lt;a href=\"/u/Iphikrates\"&gt;u/Iphikrates&lt;/a&gt; just posted an answer to a &lt;a href=\"https://www.reddit.com/r/AskHistorians/comments/9eacwr/richat_structure_as_site_of_atlantis_can_any/\"&gt;similar question&lt;/a&gt;&lt;/p&gt;\n&lt;/div&gt;", "stickied": false, "subreddit_type": "public", "can_gild": true, "gildings": {"gid_1": 0, "gid_2": 0, "gid_3": 0}, "author_flair_text_color": "dark", "score_hidden": false, "permalink": "/r/AskHistorians/comments/9ticvw/could_this_be_atlantis/e8wi9it/", "num_reports": null, "name": "t1_e8wi9it", "created": 1541178544.0, "subreddit": "AskHistorians", "author_flair_text": "Moderator | Pulp Studies | H. P. Lovecraft", "created_utc": 1541149744.0, "subreddit_name_prefixed": "r/AskHistorians", "controversiality": 0, "depth": 0, "author_flair_background_color": "", "mod_reports": [], "mod_note": null, "distinguished": null}}], "after": null, "before": null}}]