[{"kind": "Listing", "data": {"modhash": "", "dist": 1, "children": [{"kind": "t3", "data": {"approved_at_utc": null, "subreddit": "AskHistorians", "selftext": "I've heard that in the Middle Ages there were laws against cuckoldry.\n\n* If a woman was unfaithful to her husband unbeknownst to him, half of her assets would go to her husband and half to their lord. \n\n* If the husband allowed her wife to be unfaithful, both had to give half of their assets to their lord.\n\nWhere were such laws enforced(if anywhere)?", "user_reports": [], "saved": false, "mod_reason_title": null, "gilded": 0, "clicked": false, "title": "Were there laws against cuckoldry in the Middle Ages?", "link_flair_richtext": [], "subreddit_name_prefixed": "r/AskHistorians", "hidden": false, "pwls": 6, "link_flair_css_class": null, "downs": 0, "parent_whitelist_status": "all_ads", "hide_score": false, "name": "t3_9tioxa", "quarantine": false, "link_flair_text_color": "dark", "upvote_ratio": 0.7, "author_flair_background_color": null, "subreddit_type": "public", "ups": 5, "domain": "self.AskHistorians", "media_embed": {}, "author_flair_template_id": null, "is_original_content": false, "author_fullname": "t2_shefg", "secure_media": null, "is_reddit_media_domain": false, "is_meta": false, "category": null, "secure_media_embed": {}, "link_flair_text": null, "can_mod_post": false, "score": 5, "approved_by": null, "thumbnail": "", "edited": false, "author_flair_css_class": null, "author_flair_richtext": [], "gildings": {"gid_1": 0, "gid_2": 0, "gid_3": 0}, "content_categories": null, "is_self": true, "mod_note": null, "created": 1541181885.0, "link_flair_type": "text", "wls": 6, "banned_by": null, "author_flair_type": "text", "contest_mode": false, "selftext_html": "&lt;!-- SC_OFF --&gt;&lt;div class=\"md\"&gt;&lt;p&gt;I&amp;#39;ve heard that in the Middle Ages there were laws against cuckoldry.&lt;/p&gt;\n\n&lt;ul&gt;\n&lt;li&gt;&lt;p&gt;If a woman was unfaithful to her husband unbeknownst to him, half of her assets would go to her husband and half to their lord. &lt;/p&gt;&lt;/li&gt;\n&lt;li&gt;&lt;p&gt;If the husband allowed her wife to be unfaithful, both had to give half of their assets to their lord.&lt;/p&gt;&lt;/li&gt;\n&lt;/ul&gt;\n\n&lt;p&gt;Where were such laws enforced(if anywhere)?&lt;/p&gt;\n&lt;/div&gt;&lt;!-- SC_ON --&gt;", "likes": null, "suggested_sort": null, "banned_at_utc": null, "view_count": null, "archived": false, "no_follow": true, "is_crosspostable": false, "pinned": false, "over_18": false, "media": null, "media_only": false, "link_flair_template_id": null, "can_gild": false, "spoiler": false, "locked": false, "author_flair_text": null, "visited": false, "num_reports": null, "distinguished": null, "subreddit_id": "t5_2ssp3", "mod_reason_by": null, "removal_reason": null, "link_flair_background_color": "", "id": "9tioxa", "is_robot_indexable": true, "report_reasons": null, "author": "thelordofthepings", "num_crossposts": 0, "num_comments": 0, "send_replies": false, "author_patreon_flair": false, "author_flair_text_color": null, "permalink": "/r/AskHistorians/comments/9tioxa/were_there_laws_against_cuckoldry_in_the_middle/", "whitelist_status": "all_ads", "stickied": false, "url": "https://www.reddit.com/r/AskHistorians/comments/9tioxa/were_there_laws_against_cuckoldry_in_the_middle/", "subreddit_subscribers": 869443, "created_utc": 1541153085.0, "mod_reports": [], "is_video": false}}], "after": null, "before": null}}, {"kind": "Listing", "data": {"modhash": "", "dist": null, "children": [], "after": null, "before": null}}]