[{"kind": "Listing", "data": {"modhash": "", "dist": 1, "children": [{"kind": "t3", "data": {"approved_at_utc": null, "subreddit": "AskHistorians", "selftext": "I\u2019m vaguely aware that there was an effort to make Koreans in the Korean Peninsula more culturally Japanese but that\u2019s about it.", "user_reports": [], "saved": false, "mod_reason_title": null, "gilded": 0, "clicked": false, "title": "Did the Imperial Japanese made an effort to suppress Korean language and culture?", "link_flair_richtext": [], "subreddit_name_prefixed": "r/AskHistorians", "hidden": false, "pwls": 6, "link_flair_css_class": null, "downs": 0, "parent_whitelist_status": "all_ads", "hide_score": false, "name": "t3_9tlqc6", "quarantine": false, "link_flair_text_color": "dark", "upvote_ratio": 0.75, "author_flair_background_color": null, "subreddit_type": "public", "ups": 2, "domain": "self.AskHistorians", "media_embed": {}, "author_flair_template_id": null, "is_original_content": false, "author_fullname": "t2_29v9necm", "secure_media": null, "is_reddit_media_domain": false, "is_meta": false, "category": null, "secure_media_embed": {}, "link_flair_text": null, "can_mod_post": false, "score": 2, "approved_by": null, "thumbnail": "", "edited": 1541249086.0, "author_flair_css_class": null, "author_flair_richtext": [], "gildings": {"gid_1": 0, "gid_2": 0, "gid_3": 0}, "content_categories": null, "is_self": true, "mod_note": null, "created": 1541205542.0, "link_flair_type": "text", "wls": 6, "banned_by": null, "author_flair_type": "text", "contest_mode": false, "selftext_html": "&lt;!-- SC_OFF --&gt;&lt;div class=\"md\"&gt;&lt;p&gt;I\u2019m vaguely aware that there was an effort to make Koreans in the Korean Peninsula more culturally Japanese but that\u2019s about it.&lt;/p&gt;\n&lt;/div&gt;&lt;!-- SC_ON --&gt;", "likes": null, "suggested_sort": null, "banned_at_utc": null, "view_count": null, "archived": false, "no_follow": false, "is_crosspostable": false, "pinned": false, "over_18": false, "media": null, "media_only": false, "link_flair_template_id": null, "can_gild": false, "spoiler": false, "locked": false, "author_flair_text": null, "visited": false, "num_reports": null, "distinguished": null, "subreddit_id": "t5_2ssp3", "mod_reason_by": null, "removal_reason": null, "link_flair_background_color": "", "id": "9tlqc6", "is_robot_indexable": true, "report_reasons": null, "author": "JedaiiCaesar", "num_crossposts": 0, "num_comments": 0, "send_replies": true, "author_patreon_flair": false, "author_flair_text_color": null, "permalink": "/r/AskHistorians/comments/9tlqc6/did_the_imperial_japanese_made_an_effort_to/", "whitelist_status": "all_ads", "stickied": false, "url": "https://www.reddit.com/r/AskHistorians/comments/9tlqc6/did_the_imperial_japanese_made_an_effort_to/", "subreddit_subscribers": 869443, "created_utc": 1541176742.0, "mod_reports": [], "is_video": false}}], "after": null, "before": null}}, {"kind": "Listing", "data": {"modhash": "", "dist": null, "children": [], "after": null, "before": null}}]