[{"kind": "Listing", "data": {"modhash": "", "dist": 1, "children": [{"kind": "t3", "data": {"approved_at_utc": null, "subreddit": "AskHistorians", "selftext": "I've been reading about it's importance and influence, but I can't find any concrete statement of how Justinian's code have a presence in modern civil codes. Most of information only mention how it was relevant for the start of a new movement during the middle ages, but it has no mention of how the influence translated beyond that time", "user_reports": [], "saved": false, "mod_reason_title": null, "gilded": 0, "clicked": false, "title": "The Corpus Juris Civilis was Justinian's biggest work, it has lasted centuries after his dead and the Byzantine empire fall. But does it really hold influence in modern Civil Codes? Or saying it's \"the body of all Civil law' is just qn exaggeration?", "link_flair_richtext": [], "subreddit_name_prefixed": "r/AskHistorians", "hidden": false, "pwls": 6, "link_flair_css_class": null, "downs": 0, "parent_whitelist_status": "all_ads", "hide_score": false, "name": "t3_9tm9ze", "quarantine": false, "link_flair_text_color": "dark", "upvote_ratio": 0.9, "author_flair_background_color": null, "subreddit_type": "public", "ups": 39, "domain": "self.AskHistorians", "media_embed": {}, "author_flair_template_id": null, "is_original_content": false, "author_fullname": "t2_1jzqkfeg", "secure_media": null, "is_reddit_media_domain": false, "is_meta": false, "category": null, "secure_media_embed": {}, "link_flair_text": null, "can_mod_post": false, "score": 39, "approved_by": null, "thumbnail": "", "edited": false, "author_flair_css_class": null, "author_flair_richtext": [], "gildings": {"gid_1": 0, "gid_2": 0, "gid_3": 0}, "content_categories": null, "is_self": true, "mod_note": null, "created": 1541209156.0, "link_flair_type": "text", "wls": 6, "banned_by": null, "author_flair_type": "text", "contest_mode": false, "selftext_html": "&lt;!-- SC_OFF --&gt;&lt;div class=\"md\"&gt;&lt;p&gt;I&amp;#39;ve been reading about it&amp;#39;s importance and influence, but I can&amp;#39;t find any concrete statement of how Justinian&amp;#39;s code have a presence in modern civil codes. Most of information only mention how it was relevant for the start of a new movement during the middle ages, but it has no mention of how the influence translated beyond that time&lt;/p&gt;\n&lt;/div&gt;&lt;!-- SC_ON --&gt;", "likes": null, "suggested_sort": null, "banned_at_utc": null, "view_count": null, "archived": false, "no_follow": false, "is_crosspostable": false, "pinned": false, "over_18": false, "media": null, "media_only": false, "link_flair_template_id": null, "can_gild": false, "spoiler": false, "locked": false, "author_flair_text": null, "visited": false, "num_reports": null, "distinguished": null, "subreddit_id": "t5_2ssp3", "mod_reason_by": null, "removal_reason": null, "link_flair_background_color": "", "id": "9tm9ze", "is_robot_indexable": true, "report_reasons": null, "author": "procrastinando_ando", "num_crossposts": 0, "num_comments": 1, "send_replies": true, "author_patreon_flair": false, "author_flair_text_color": null, "permalink": "/r/AskHistorians/comments/9tm9ze/the_corpus_juris_civilis_was_justinians_biggest/", "whitelist_status": "all_ads", "stickied": false, "url": "https://www.reddit.com/r/AskHistorians/comments/9tm9ze/the_corpus_juris_civilis_was_justinians_biggest/", "subreddit_subscribers": 869443, "created_utc": 1541180356.0, "mod_reports": [], "is_video": false}}], "after": null, "before": null}}, {"kind": "Listing", "data": {"modhash": "", "dist": null, "children": [], "after": null, "before": null}}]