[{"kind": "Listing", "data": {"modhash": "", "dist": 1, "children": [{"kind": "t3", "data": {"approved_at_utc": null, "subreddit": "AskHistorians", "selftext": "Hello!\n\nI am currently working on a DND setting for a campaign I am running. The party has a guild of roughly 30 smiths/engineers focusing on matchlock production. I have the following questions:\n\nHow much time would it take for a craftsman to create a single  primitive matchlock weapon (Early-Mid 15th Century)?\n\nRoughly how much did it cost?\n\nWhat were they actually made of? Like I assume some sort of metal alloy and wood but maybe something more detailed/specific would be nice.", "user_reports": [], "saved": false, "mod_reason_title": null, "gilded": 0, "clicked": false, "title": "Production Time/Cost of Primitive Guns", "link_flair_richtext": [], "subreddit_name_prefixed": "r/AskHistorians", "hidden": false, "pwls": 6, "link_flair_css_class": null, "downs": 0, "parent_whitelist_status": "all_ads", "hide_score": false, "name": "t3_9tmub1", "quarantine": false, "link_flair_text_color": "dark", "upvote_ratio": 0.7, "author_flair_background_color": null, "subreddit_type": "public", "ups": 5, "domain": "self.AskHistorians", "media_embed": {}, "author_flair_template_id": null, "is_original_content": false, "author_fullname": "t2_unz4ezg", "secure_media": null, "is_reddit_media_domain": false, "is_meta": false, "category": null, "secure_media_embed": {}, "link_flair_text": null, "can_mod_post": false, "score": 5, "approved_by": null, "thumbnail": "", "edited": false, "author_flair_css_class": null, "author_flair_richtext": [], "gildings": {"gid_1": 0, "gid_2": 0, "gid_3": 0}, "content_categories": null, "is_self": true, "mod_note": null, "created": 1541212951.0, "link_flair_type": "text", "wls": 6, "banned_by": null, "author_flair_type": "text", "contest_mode": false, "selftext_html": "&lt;!-- SC_OFF --&gt;&lt;div class=\"md\"&gt;&lt;p&gt;Hello!&lt;/p&gt;\n\n&lt;p&gt;I am currently working on a DND setting for a campaign I am running. The party has a guild of roughly 30 smiths/engineers focusing on matchlock production. I have the following questions:&lt;/p&gt;\n\n&lt;p&gt;How much time would it take for a craftsman to create a single  primitive matchlock weapon (Early-Mid 15th Century)?&lt;/p&gt;\n\n&lt;p&gt;Roughly how much did it cost?&lt;/p&gt;\n\n&lt;p&gt;What were they actually made of? Like I assume some sort of metal alloy and wood but maybe something more detailed/specific would be nice.&lt;/p&gt;\n&lt;/div&gt;&lt;!-- SC_ON --&gt;", "likes": null, "suggested_sort": null, "banned_at_utc": null, "view_count": null, "archived": false, "no_follow": true, "is_crosspostable": false, "pinned": false, "over_18": false, "media": null, "media_only": false, "link_flair_template_id": null, "can_gild": false, "spoiler": false, "locked": false, "author_flair_text": null, "visited": false, "num_reports": null, "distinguished": null, "subreddit_id": "t5_2ssp3", "mod_reason_by": null, "removal_reason": null, "link_flair_background_color": "", "id": "9tmub1", "is_robot_indexable": true, "report_reasons": null, "author": "Goferknight", "num_crossposts": 0, "num_comments": 4, "send_replies": true, "author_patreon_flair": false, "author_flair_text_color": null, "permalink": "/r/AskHistorians/comments/9tmub1/production_timecost_of_primitive_guns/", "whitelist_status": "all_ads", "stickied": false, "url": "https://www.reddit.com/r/AskHistorians/comments/9tmub1/production_timecost_of_primitive_guns/", "subreddit_subscribers": 869443, "created_utc": 1541184151.0, "mod_reports": [], "is_video": false}}], "after": null, "before": null}}, {"kind": "Listing", "data": {"modhash": "", "dist": null, "children": [{"kind": "t1", "data": {"subreddit_id": "t5_2ssp3", "approved_at_utc": null, "ups": 1, "mod_reason_by": null, "banned_by": null, "author_flair_type": "text", "removal_reason": null, "link_id": "t3_9tmub1", "author_flair_template_id": null, "likes": null, "no_follow": true, "replies": {"kind": "Listing", "data": {"modhash": "", "dist": null, "children": [{"kind": "t1", "data": {"subreddit_id": "t5_2ssp3", "approved_at_utc": null, "ups": 1, "mod_reason_by": null, "banned_by": null, "author_flair_type": "text", "removal_reason": null, "link_id": "t3_9tmub1", "author_flair_template_id": null, "likes": null, "no_follow": true, "replies": "", "user_reports": [], "saved": false, "id": "e90ia83", "banned_at_utc": null, "mod_reason_title": null, "gilded": 0, "archived": false, "report_reasons": null, "author": "Goferknight", "can_mod_post": false, "send_replies": true, "parent_id": "t1_e907puk", "score": 1, "author_fullname": "t2_unz4ezg", "approved_by": null, "downs": 0, "body": "Thank you!", "edited": false, "author_flair_css_class": null, "is_submitter": true, "collapsed": false, "author_flair_richtext": [], "author_patreon_flair": false, "collapsed_reason": null, "body_html": "&lt;div class=\"md\"&gt;&lt;p&gt;Thank you!&lt;/p&gt;\n&lt;/div&gt;", "stickied": false, "subreddit_type": "public", "can_gild": true, "gildings": {"gid_1": 0, "gid_2": 0, "gid_3": 0}, "author_flair_text_color": null, "score_hidden": false, "permalink": "/r/AskHistorians/comments/9tmub1/production_timecost_of_primitive_guns/e90ia83/", "num_reports": null, "name": "t1_e90ia83", "created": 1541330573.0, "subreddit": "AskHistorians", "author_flair_text": null, "created_utc": 1541301773.0, "subreddit_name_prefixed": "r/AskHistorians", "controversiality": 0, "depth": 1, "author_flair_background_color": null, "mod_reports": [], "mod_note": null, "distinguished": null}}], "after": null, "before": null}}, "user_reports": [], "saved": false, "id": "e907puk", "banned_at_utc": null, "mod_reason_title": null, "gilded": 0, "archived": false, "report_reasons": null, "author": "wotan_weevil", "can_mod_post": false, "send_replies": true, "parent_id": "t3_9tmub1", "score": 1, "author_fullname": "t2_uu09h", "approved_by": null, "downs": 0, "body": "I don't have details for 15th century guns, but we discussed guns c. 1800 here: https://old.reddit.com/r/AskHistorians/comments/960r2e/im_a_gunsmith_in_the_early_1600s_and_i_got_myself/ For your guild of 30, the same production rate would translate to 5 guns per day.\n\nBut as u/Bodark43 wrote in that discussion, those production rates might involve buying some pre-made parts (locks, barrels). If all of the parts have to be made by the 30 guild members, then a production rate of 1-2 per day might be reasonable. For guns with a very simple lock, such as a serpentine, perhaps 2.\n\nThe final cost will depend mostly on the labour costs. Raw materials will be iron and wood.\n\n", "edited": false, "author_flair_css_class": null, "is_submitter": false, "collapsed": false, "author_flair_richtext": [], "author_patreon_flair": false, "collapsed_reason": null, "body_html": "&lt;div class=\"md\"&gt;&lt;p&gt;I don&amp;#39;t have details for 15th century guns, but we discussed guns c. 1800 here: &lt;a href=\"https://old.reddit.com/r/AskHistorians/comments/960r2e/im_a_gunsmith_in_the_early_1600s_and_i_got_myself/\"&gt;https://old.reddit.com/r/AskHistorians/comments/960r2e/im_a_gunsmith_in_the_early_1600s_and_i_got_myself/&lt;/a&gt; For your guild of 30, the same production rate would translate to 5 guns per day.&lt;/p&gt;\n\n&lt;p&gt;But as &lt;a href=\"/u/Bodark43\"&gt;u/Bodark43&lt;/a&gt; wrote in that discussion, those production rates might involve buying some pre-made parts (locks, barrels). If all of the parts have to be made by the 30 guild members, then a production rate of 1-2 per day might be reasonable. For guns with a very simple lock, such as a serpentine, perhaps 2.&lt;/p&gt;\n\n&lt;p&gt;The final cost will depend mostly on the labour costs. Raw materials will be iron and wood.&lt;/p&gt;\n&lt;/div&gt;", "stickied": false, "subreddit_type": "public", "can_gild": true, "gildings": {"gid_1": 0, "gid_2": 0, "gid_3": 0}, "author_flair_text_color": null, "score_hidden": false, "permalink": "/r/AskHistorians/comments/9tmub1/production_timecost_of_primitive_guns/e907puk/", "num_reports": null, "name": "t1_e907puk", "created": 1541320451.0, "subreddit": "AskHistorians", "author_flair_text": null, "created_utc": 1541291651.0, "subreddit_name_prefixed": "r/AskHistorians", "controversiality": 0, "depth": 0, "author_flair_background_color": null, "mod_reports": [], "mod_note": null, "distinguished": null}}, {"kind": "t1", "data": {"subreddit_id": "t5_2ssp3", "approved_at_utc": null, "ups": 1, "mod_reason_by": null, "banned_by": null, "author_flair_type": "text", "removal_reason": null, "link_id": "t3_9tmub1", "author_flair_template_id": null, "likes": null, "no_follow": true, "replies": {"kind": "Listing", "data": {"modhash": "", "dist": null, "children": [{"kind": "t1", "data": {"subreddit_id": "t5_2ssp3", "approved_at_utc": null, "ups": 1, "mod_reason_by": null, "banned_by": null, "author_flair_type": "text", "removal_reason": null, "link_id": "t3_9tmub1", "author_flair_template_id": null, "likes": null, "no_follow": true, "replies": "", "user_reports": [], "saved": false, "id": "e9jmp9j", "banned_at_utc": null, "mod_reason_title": null, "gilded": 0, "archived": false, "report_reasons": null, "author": "Goferknight", "can_mod_post": false, "send_replies": true, "parent_id": "t1_e9dy7v4", "score": 1, "author_fullname": "t2_unz4ezg", "approved_by": null, "downs": 0, "body": "Thank you so much!", "edited": false, "author_flair_css_class": null, "is_submitter": true, "collapsed": false, "author_flair_richtext": [], "author_patreon_flair": false, "collapsed_reason": null, "body_html": "&lt;div class=\"md\"&gt;&lt;p&gt;Thank you so much!&lt;/p&gt;\n&lt;/div&gt;", "stickied": false, "subreddit_type": "public", "can_gild": true, "gildings": {"gid_1": 0, "gid_2": 0, "gid_3": 0}, "author_flair_text_color": null, "score_hidden": false, "permalink": "/r/AskHistorians/comments/9tmub1/production_timecost_of_primitive_guns/e9jmp9j/", "num_reports": null, "name": "t1_e9jmp9j", "created": 1542045333.0, "subreddit": "AskHistorians", "author_flair_text": null, "created_utc": 1542016533.0, "subreddit_name_prefixed": "r/AskHistorians", "controversiality": 0, "depth": 1, "author_flair_background_color": null, "mod_reports": [], "mod_note": null, "distinguished": null}}], "after": null, "before": null}}, "user_reports": [], "saved": false, "id": "e9dy7v4", "banned_at_utc": null, "mod_reason_title": null, "gilded": 0, "archived": false, "report_reasons": null, "author": "Noble_Devil_Boruta", "can_mod_post": false, "send_replies": true, "parent_id": "t3_9tmub1", "score": 1, "author_fullname": "t2_48yvzsw", "approved_by": null, "downs": 0, "body": "When we're speaking of earliest hand-held firearms (early 14th century), it is necessary to remember that they were produced in two very different ways, usuing vastly different technologies - bronze casting or iron forging. This is doubly important if your setting is not based on medieval Europe, as you could easily incorporate equivalents of early Chinese firearms, that were almost exclusively cast.\n\nEarliest hand cannons were usually cast of bronze, an alloy comprising of copper and tin (usually in 9:1 ratio) or red brass (gunmetal), that is a type of bronze consisting of significant addition of zinc and lead (usually around 5% each, replacing part of copper in the composition). Such alloys are easy to melt and cast, as it requires temperature around 1100 degrees Celsius (2000 degrees Fahrenheit). First hand cannons (sometimes called 'gonnes' or 'handgonnes', but this is a spelling variant of a word '(hand)gun' rather than a name proper) were rather small and resembled sleeves 12-20 inches long and 2-3 inches in diameter, with a caliber of approximately 0.6-1 inch.\n\nTo cast the firearm, one needs to make a double clay form, much like in the case of casting any open, hollow object (e.g. bell). This means that the mold of the firing channel (a long clay rod) was fired and then was put inside fired mold of the gun itself. Then the mold was covered in sand and the molten brass was poured inside. The whole process was not that time consuming, but you can count one day for making the forms and another for casting process, as you need to wait until both the forms and ready product cool down. For this process you would need a bellfounder (the process is basically identical to the one of bellmaking) and a moldmaker. It can be job for one person posessing both skills (actual guilds tended to be very narrowly specialised, but in fictional world this may be different). At least one assistant to maintain the kiln and forge where the metal is melted would also be of great help.\n\nAnother technology is iron forging. To create such weapon, one needs to take a billet of iron, hammer it down to a metal sheet of required length and thickness roughly corresponding to the one of finished barrel. It should be noted that the thickness usually is not uniform, as most handguns were tapered, with thicker walls around powder chamber to provide additional protection against rupturing of the barrel. This is a time-consuming process and preparing the sheet to work with will take at least one day and three to four people: two smiths (long items require assist in holding) and two assistants (usually students or apprentices) working the bellows and shoveling the charcoal.\n\nWhen the sheet is ready, a second stage can commence. Metal sheet is first made into U-shape on the swage block, then formed into a pipe around a steel mandrel and finally forge-welded to close the seam. The end would be either hammered down, folded and shaped or plugged with a piece of metal and forge-welded. This process requires very high temperature for a weld to be sound, so it takes a lot of reheats, requiring at least another day per item with the same personnel working on it. Access to mechanised tools (water hammer, bellows operated by a water wheel or maybe a golem - this is DnD setting after all) may speed things up, but it will still require two people to hold the long barrel and someone to maintain the level of coal in the forge.\n\nIn both cases, the wooden parts and serpentine lever and flashpan (if fitted) would take the same amount of time to complete. Given that we're speaking of well-equipped workshop, we can assume that raw materials and tools are available and the process includes sawing, planing and chiseling the wooden block to size. Also, please note that earliest handguns lacked the stock altogether - the gun was simply socketed onto a short pole, much like the blade of a spear. In most time-consuming variant we can safely assume that a single stock can be made in a few hours, or one per day per craftsman assigned. Forging a serpentine lever takes about an hour, give or take (again, I assume that the workshop has a stock of billets and bars).\n\nAs for the cost of the materials, I'm afraid I can't offer much help. Generally, you would need around 5 pounds of brass or 4 pounds of iron to make an early handgun (or 2 pounds if you want to make a smaller one, no longer than 12 inches). When it comes to iron in early 15th century England, one can assume a 1:350 or 1:400 of a silver to iron ratio. In other word, said 4 pounds of iron could be bought for 5 grams of silver that amounts to about 3 pennies (1/4 of a shilling or a farthing if you will). Of course the real prices were very dependent on the availability of resources and local demand so everything I write here is a very liberal approximation, using England in 1420s as a rough baseline. A daily wage for a skilled craftsman was in the ballpark of 5 pence. So, assuming you'd need 3 craftsmen and 2 assistants (let's assume they are hired labourers, paid 1 pence a day), the materials plus work would cost somewhere around 36 pence or 3 shillings (60 grams of silver, give or take). Regretfully, I don't have any information concerning the price of copper in 15th century, so I can't be of much help here.", "edited": false, "author_flair_css_class": null, "is_submitter": false, "collapsed": false, "author_flair_richtext": [], "author_patreon_flair": false, "collapsed_reason": null, "body_html": "&lt;div class=\"md\"&gt;&lt;p&gt;When we&amp;#39;re speaking of earliest hand-held firearms (early 14th century), it is necessary to remember that they were produced in two very different ways, usuing vastly different technologies - bronze casting or iron forging. This is doubly important if your setting is not based on medieval Europe, as you could easily incorporate equivalents of early Chinese firearms, that were almost exclusively cast.&lt;/p&gt;\n\n&lt;p&gt;Earliest hand cannons were usually cast of bronze, an alloy comprising of copper and tin (usually in 9:1 ratio) or red brass (gunmetal), that is a type of bronze consisting of significant addition of zinc and lead (usually around 5% each, replacing part of copper in the composition). Such alloys are easy to melt and cast, as it requires temperature around 1100 degrees Celsius (2000 degrees Fahrenheit). First hand cannons (sometimes called &amp;#39;gonnes&amp;#39; or &amp;#39;handgonnes&amp;#39;, but this is a spelling variant of a word &amp;#39;(hand)gun&amp;#39; rather than a name proper) were rather small and resembled sleeves 12-20 inches long and 2-3 inches in diameter, with a caliber of approximately 0.6-1 inch.&lt;/p&gt;\n\n&lt;p&gt;To cast the firearm, one needs to make a double clay form, much like in the case of casting any open, hollow object (e.g. bell). This means that the mold of the firing channel (a long clay rod) was fired and then was put inside fired mold of the gun itself. Then the mold was covered in sand and the molten brass was poured inside. The whole process was not that time consuming, but you can count one day for making the forms and another for casting process, as you need to wait until both the forms and ready product cool down. For this process you would need a bellfounder (the process is basically identical to the one of bellmaking) and a moldmaker. It can be job for one person posessing both skills (actual guilds tended to be very narrowly specialised, but in fictional world this may be different). At least one assistant to maintain the kiln and forge where the metal is melted would also be of great help.&lt;/p&gt;\n\n&lt;p&gt;Another technology is iron forging. To create such weapon, one needs to take a billet of iron, hammer it down to a metal sheet of required length and thickness roughly corresponding to the one of finished barrel. It should be noted that the thickness usually is not uniform, as most handguns were tapered, with thicker walls around powder chamber to provide additional protection against rupturing of the barrel. This is a time-consuming process and preparing the sheet to work with will take at least one day and three to four people: two smiths (long items require assist in holding) and two assistants (usually students or apprentices) working the bellows and shoveling the charcoal.&lt;/p&gt;\n\n&lt;p&gt;When the sheet is ready, a second stage can commence. Metal sheet is first made into U-shape on the swage block, then formed into a pipe around a steel mandrel and finally forge-welded to close the seam. The end would be either hammered down, folded and shaped or plugged with a piece of metal and forge-welded. This process requires very high temperature for a weld to be sound, so it takes a lot of reheats, requiring at least another day per item with the same personnel working on it. Access to mechanised tools (water hammer, bellows operated by a water wheel or maybe a golem - this is DnD setting after all) may speed things up, but it will still require two people to hold the long barrel and someone to maintain the level of coal in the forge.&lt;/p&gt;\n\n&lt;p&gt;In both cases, the wooden parts and serpentine lever and flashpan (if fitted) would take the same amount of time to complete. Given that we&amp;#39;re speaking of well-equipped workshop, we can assume that raw materials and tools are available and the process includes sawing, planing and chiseling the wooden block to size. Also, please note that earliest handguns lacked the stock altogether - the gun was simply socketed onto a short pole, much like the blade of a spear. In most time-consuming variant we can safely assume that a single stock can be made in a few hours, or one per day per craftsman assigned. Forging a serpentine lever takes about an hour, give or take (again, I assume that the workshop has a stock of billets and bars).&lt;/p&gt;\n\n&lt;p&gt;As for the cost of the materials, I&amp;#39;m afraid I can&amp;#39;t offer much help. Generally, you would need around 5 pounds of brass or 4 pounds of iron to make an early handgun (or 2 pounds if you want to make a smaller one, no longer than 12 inches). When it comes to iron in early 15th century England, one can assume a 1:350 or 1:400 of a silver to iron ratio. In other word, said 4 pounds of iron could be bought for 5 grams of silver that amounts to about 3 pennies (1/4 of a shilling or a farthing if you will). Of course the real prices were very dependent on the availability of resources and local demand so everything I write here is a very liberal approximation, using England in 1420s as a rough baseline. A daily wage for a skilled craftsman was in the ballpark of 5 pence. So, assuming you&amp;#39;d need 3 craftsmen and 2 assistants (let&amp;#39;s assume they are hired labourers, paid 1 pence a day), the materials plus work would cost somewhere around 36 pence or 3 shillings (60 grams of silver, give or take). Regretfully, I don&amp;#39;t have any information concerning the price of copper in 15th century, so I can&amp;#39;t be of much help here.&lt;/p&gt;\n&lt;/div&gt;", "stickied": false, "subreddit_type": "public", "can_gild": true, "gildings": {"gid_1": 0, "gid_2": 0, "gid_3": 0}, "author_flair_text_color": null, "score_hidden": false, "permalink": "/r/AskHistorians/comments/9tmub1/production_timecost_of_primitive_guns/e9dy7v4/", "num_reports": null, "name": "t1_e9dy7v4", "created": 1541831185.0, "subreddit": "AskHistorians", "author_flair_text": null, "created_utc": 1541802385.0, "subreddit_name_prefixed": "r/AskHistorians", "controversiality": 0, "depth": 0, "author_flair_background_color": null, "mod_reports": [], "mod_note": null, "distinguished": null}}], "after": null, "before": null}}]