[{"kind": "Listing", "data": {"modhash": "", "dist": 1, "children": [{"kind": "t3", "data": {"approved_at_utc": null, "subreddit": "AskHistorians", "selftext": "I'm curious what a standard diet for an average person consisted of around 2k years ago. \n\nAre there records of people suffering from what we now know as diabetes? What was the state of obesity?\n\nI'm of course aware that diets are very regional I'm specifically interested in what the diets of roman soldiers versus roman farmers (mid-italy) consisted of. Are there records of roman soldiers showing signs of nutritional deficiency illnesses (except during periods of food shortages. I'm interested in the ~average case). \n\nWhat knowledge about diets existed in this period generally?", "user_reports": [], "saved": false, "mod_reason_title": null, "gilded": 0, "clicked": false, "title": "Diet &amp; Diabetes around 0 B.C roman empire.", "link_flair_richtext": [], "subreddit_name_prefixed": "r/AskHistorians", "hidden": false, "pwls": 6, "link_flair_css_class": null, "downs": 0, "parent_whitelist_status": "all_ads", "hide_score": false, "name": "t3_bkjb6j", "quarantine": false, "link_flair_text_color": "dark", "upvote_ratio": 0.5, "author_flair_background_color": "", "subreddit_type": "public", "ups": 0, "total_awards_received": 0, "media_embed": {}, "author_flair_template_id": null, "is_original_content": false, "secure_media": null, "is_reddit_media_domain": false, "is_meta": false, "category": null, "secure_media_embed": {}, "link_flair_text": null, "can_mod_post": false, "score": 0, "approved_by": null, "thumbnail": "", "edited": false, "author_flair_css_class": null, "gildings": {}, "content_categories": null, "is_self": true, "mod_note": null, "created": 1556989744.0, "link_flair_type": "text", "wls": 6, "banned_by": null, "domain": "self.AskHistorians", "selftext_html": "&lt;!-- SC_OFF --&gt;&lt;div class=\"md\"&gt;&lt;p&gt;I&amp;#39;m curious what a standard diet for an average person consisted of around 2k years ago. &lt;/p&gt;\n\n&lt;p&gt;Are there records of people suffering from what we now know as diabetes? What was the state of obesity?&lt;/p&gt;\n\n&lt;p&gt;I&amp;#39;m of course aware that diets are very regional I&amp;#39;m specifically interested in what the diets of roman soldiers versus roman farmers (mid-italy) consisted of. Are there records of roman soldiers showing signs of nutritional deficiency illnesses (except during periods of food shortages. I&amp;#39;m interested in the ~average case). &lt;/p&gt;\n\n&lt;p&gt;What knowledge about diets existed in this period generally?&lt;/p&gt;\n&lt;/div&gt;&lt;!-- SC_ON --&gt;", "likes": null, "suggested_sort": null, "banned_at_utc": null, "view_count": null, "archived": false, "no_follow": true, "is_crosspostable": false, "pinned": false, "over_18": false, "all_awardings": [], "media": null, "media_only": false, "can_gild": false, "spoiler": false, "locked": false, "author_flair_text": null, "visited": false, "num_reports": null, "distinguished": null, "subreddit_id": "t5_2ssp3", "mod_reason_by": null, "removal_reason": null, "link_flair_background_color": "", "id": "bkjb6j", "is_robot_indexable": true, "report_reasons": null, "author": "[deleted]", "num_crossposts": 0, "num_comments": 0, "send_replies": true, "contest_mode": false, "author_flair_text_color": "dark", "permalink": "/r/AskHistorians/comments/bkjb6j/diet_diabetes_around_0_bc_roman_empire/", "whitelist_status": "all_ads", "stickied": false, "url": "https://www.reddit.com/r/AskHistorians/comments/bkjb6j/diet_diabetes_around_0_bc_roman_empire/", "subreddit_subscribers": 974739, "created_utc": 1556960944.0, "mod_reports": [], "is_video": false}}], "after": null, "before": null}}, {"kind": "Listing", "data": {"modhash": "", "dist": null, "children": [], "after": null, "before": null}}]