[{"kind": "Listing", "data": {"modhash": "", "dist": 1, "children": [{"kind": "t3", "data": {"approved_at_utc": null, "subreddit": "AskHistorians", "selftext": "[removed]", "user_reports": [], "saved": false, "mod_reason_title": null, "gilded": 0, "clicked": false, "title": "Is it true that Hitler recruited Tibetans to join the SS?", "link_flair_richtext": [], "subreddit_name_prefixed": "r/AskHistorians", "hidden": false, "pwls": 6, "link_flair_css_class": null, "downs": 0, "parent_whitelist_status": "all_ads", "hide_score": false, "name": "t3_bklo0u", "quarantine": false, "link_flair_text_color": "dark", "upvote_ratio": 1.0, "author_flair_background_color": null, "subreddit_type": "public", "ups": 1, "total_awards_received": 0, "media_embed": {}, "author_flair_template_id": null, "is_original_content": false, "author_fullname": "t2_yjo7s", "secure_media": null, "is_reddit_media_domain": false, "is_meta": false, "category": null, "secure_media_embed": {}, "link_flair_text": null, "can_mod_post": false, "score": 1, "approved_by": null, "thumbnail": "", "edited": false, "author_flair_css_class": null, "author_flair_richtext": [], "gildings": {}, "content_categories": null, "is_self": true, "mod_note": null, "created": 1557008819.0, "link_flair_type": "text", "wls": 6, "banned_by": null, "author_flair_type": "text", "domain": "self.AskHistorians", "selftext_html": "&lt;!-- SC_OFF --&gt;&lt;div class=\"md\"&gt;&lt;p&gt;[removed]&lt;/p&gt;\n&lt;/div&gt;&lt;!-- SC_ON --&gt;", "likes": null, "suggested_sort": null, "banned_at_utc": null, "view_count": null, "archived": false, "no_follow": true, "is_crosspostable": false, "pinned": false, "over_18": false, "all_awardings": [], "media": null, "media_only": false, "can_gild": false, "spoiler": false, "locked": false, "author_flair_text": null, "visited": false, "num_reports": null, "distinguished": null, "subreddit_id": "t5_2ssp3", "mod_reason_by": null, "removal_reason": null, "link_flair_background_color": "", "id": "bklo0u", "is_robot_indexable": false, "report_reasons": null, "author": "Chris_in_Lijiang", "num_crossposts": 0, "num_comments": 1, "send_replies": true, "contest_mode": false, "author_patreon_flair": false, "author_flair_text_color": null, "permalink": "/r/AskHistorians/comments/bklo0u/is_it_true_that_hitler_recruited_tibetans_to_join/", "whitelist_status": "all_ads", "stickied": false, "url": "https://www.reddit.com/r/AskHistorians/comments/bklo0u/is_it_true_that_hitler_recruited_tibetans_to_join/", "subreddit_subscribers": 974738, "created_utc": 1556980019.0, "mod_reports": [], "is_video": false}}], "after": null, "before": null}}, {"kind": "Listing", "data": {"modhash": "", "dist": null, "children": [{"kind": "t1", "data": {"total_awards_received": 0, "approved_at_utc": null, "ups": 1, "mod_reason_by": null, "banned_by": null, "author_flair_type": "richtext", "removal_reason": null, "link_id": "t3_bklo0u", "author_flair_template_id": "9e641f94-c626-11e2-8e2c-12313b0b21ae", "likes": null, "no_follow": true, "replies": "", "user_reports": [], "saved": false, "id": "emhlazl", "banned_at_utc": null, "mod_reason_title": null, "gilded": 0, "archived": false, "report_reasons": null, "author": "jschooltiger", "can_mod_post": false, "send_replies": true, "parent_id": "t3_bklo0u", "score": 1, "author_fullname": "t2_96gqp", "approved_by": null, "all_awardings": [], "subreddit_id": "t5_2ssp3", "body": "Hi there! We've removed your question because it's asking about something like a name, a number, a date or time, a location, or the origin of a word - [basic facts](https://www.reddit.com/r/AskHistorians/wiki/rules#wiki_basic_facts). We'd encourage you to instead post this question in the weekly, stickied [\"Short Answers to Simple Questions\"](https://www.reddit.com/r/AskHistorians/search?sort=new&amp;restrict_sr=on&amp;q=flair%3ASASQ) thread, where questions of basic fact can be answered succinctly, based on reliable sources. For more information on this rule, [please see this thread](https://www.reddit.com/r/AskHistorians/comments/815jyq/announcing_the_testing_of_the_basic_facts_rule/).\n\nAlternatively, if you didn't mean to ask a simple question about basic facts, but have a more complex question in mind, feel free to repost a reworded question. If you need some pointers, the mod team is always happy to assist if you [contact us in modmail](https://www.reddit.com/message/compose?to=%2Fr%2FAskHistorians), but also be sure to check out this [guide on asking better questions](https://www.reddit.com/r/AskHistorians/comments/505nw2/rules_roundtable_18_how_to_ask_better_questions/).\n\nFinally, don\u2019t forget that there's many subreddits on Reddit aimed at answering your questions. Consider /r/AskHistory (which has lighter moderation but similar topic matter to /r/AskHistorians), /r/explainlikeimfive (which is specifically aimed at simple and easily digested answers), or /r/etymology (which focuses on the origins of words and phrases).", "edited": false, "author_flair_css_class": "moderator", "is_submitter": false, "downs": 0, "author_flair_richtext": [{"e": "text", "t": "Moderator | Shipbuilding and Logistics | British Navy 1770-1830"}], "author_patreon_flair": false, "collapsed_reason": null, "body_html": "&lt;div class=\"md\"&gt;&lt;p&gt;Hi there! We&amp;#39;ve removed your question because it&amp;#39;s asking about something like a name, a number, a date or time, a location, or the origin of a word - &lt;a href=\"https://www.reddit.com/r/AskHistorians/wiki/rules#wiki_basic_facts\"&gt;basic facts&lt;/a&gt;. We&amp;#39;d encourage you to instead post this question in the weekly, stickied &lt;a href=\"https://www.reddit.com/r/AskHistorians/search?sort=new&amp;amp;restrict_sr=on&amp;amp;q=flair%3ASASQ\"&gt;&amp;quot;Short Answers to Simple Questions&amp;quot;&lt;/a&gt; thread, where questions of basic fact can be answered succinctly, based on reliable sources. For more information on this rule, &lt;a href=\"https://www.reddit.com/r/AskHistorians/comments/815jyq/announcing_the_testing_of_the_basic_facts_rule/\"&gt;please see this thread&lt;/a&gt;.&lt;/p&gt;\n\n&lt;p&gt;Alternatively, if you didn&amp;#39;t mean to ask a simple question about basic facts, but have a more complex question in mind, feel free to repost a reworded question. If you need some pointers, the mod team is always happy to assist if you &lt;a href=\"https://www.reddit.com/message/compose?to=%2Fr%2FAskHistorians\"&gt;contact us in modmail&lt;/a&gt;, but also be sure to check out this &lt;a href=\"https://www.reddit.com/r/AskHistorians/comments/505nw2/rules_roundtable_18_how_to_ask_better_questions/\"&gt;guide on asking better questions&lt;/a&gt;.&lt;/p&gt;\n\n&lt;p&gt;Finally, don\u2019t forget that there&amp;#39;s many subreddits on Reddit aimed at answering your questions. Consider &lt;a href=\"/r/AskHistory\"&gt;/r/AskHistory&lt;/a&gt; (which has lighter moderation but similar topic matter to &lt;a href=\"/r/AskHistorians\"&gt;/r/AskHistorians&lt;/a&gt;), &lt;a href=\"/r/explainlikeimfive\"&gt;/r/explainlikeimfive&lt;/a&gt; (which is specifically aimed at simple and easily digested answers), or &lt;a href=\"/r/etymology\"&gt;/r/etymology&lt;/a&gt; (which focuses on the origins of words and phrases).&lt;/p&gt;\n&lt;/div&gt;", "stickied": false, "subreddit_type": "public", "can_gild": true, "gildings": {}, "author_flair_text_color": "light", "score_hidden": false, "permalink": "/r/AskHistorians/comments/bklo0u/is_it_true_that_hitler_recruited_tibetans_to_join/emhlazl/", "num_reports": null, "locked": false, "name": "t1_emhlazl", "created": 1557009834.0, "subreddit": "AskHistorians", "author_flair_text": "Moderator | Shipbuilding and Logistics | British Navy 1770-1830", "collapsed": false, "created_utc": 1556981034.0, "subreddit_name_prefixed": "r/AskHistorians", "controversiality": 0, "depth": 0, "author_flair_background_color": "#8b008b", "mod_reports": [], "mod_note": null, "distinguished": "moderator"}}], "after": null, "before": null}}]