[{"kind": "Listing", "data": {"modhash": "", "dist": 1, "children": [{"kind": "t3", "data": {"subreddit_id": "t5_2ssp3", "approved_at_utc": null, "send_replies": true, "mod_reason_by": null, "banned_by": null, "removal_reason": null, "wls": 6, "subreddit": "AskHistorians", "selftext_html": "&lt;!-- SC_OFF --&gt;&lt;div class=\"md\"&gt;&lt;p&gt;I&amp;#39;ve never liked history growing up. By far my most hated subject in school, and was glad to leave it behind when I started college (engineering school).&lt;/p&gt;\n\n&lt;p&gt;However, in a recent trip I found this book and thought to myself: &amp;quot;what the hell&amp;quot;. And I&amp;#39;m glad. I loved it. I&amp;#39;ve always been an avid reader, but for the first time I wanted to keep reading about history. And the book got me hooked up. I understand it&amp;#39;s aimed at children (I&amp;#39;m 30) but the important thing is that it awoke an interest I didn&amp;#39;t think I could have.&lt;/p&gt;\n\n&lt;p&gt;So now, I want to dig deeper into it. Maybe something that&amp;#39;s not aimed at kids, but still covering the whole extent (or most) of human history. &lt;/p&gt;\n\n&lt;p&gt;In the &lt;a href=\"https://www.reddit.com/r/AskHistorians/wiki/books/general\"&gt;FAQs&lt;/a&gt; there is a list on &amp;#39;general&amp;#39; books, and I would guess &amp;quot;The Human Past&amp;quot; is probably the best choice, but maybe this is too deep? Given that this book centers mostly around archeology (or so I understood from online reviews) I&amp;#39;m wondering if this book is as general as Gombrich&amp;#39;s.&lt;/p&gt;\n\n&lt;p&gt;In any case, any advice is greatly appreciated. And I apologize in advance for any possible mistakes, as I&amp;#39;m argentinian :D&lt;br/&gt;\nCheers!&lt;/p&gt;\n&lt;/div&gt;&lt;!-- SC_ON --&gt;", "author_flair_template_id": null, "selftext": "I've never liked history growing up. By far my most hated subject in school, and was glad to leave it behind when I started college (engineering school).\n\nHowever, in a recent trip I found this book and thought to myself: \"what the hell\". And I'm glad. I loved it. I've always been an avid reader, but for the first time I wanted to keep reading about history. And the book got me hooked up. I understand it's aimed at children (I'm 30) but the important thing is that it awoke an interest I didn't think I could have.\n\nSo now, I want to dig deeper into it. Maybe something that's not aimed at kids, but still covering the whole extent (or most) of human history. \n\nIn the [FAQs](https://www.reddit.com/r/AskHistorians/wiki/books/general) there is a list on 'general' books, and I would guess \"The Human Past\" is probably the best choice, but maybe this is too deep? Given that this book centers mostly around archeology (or so I understood from online reviews) I'm wondering if this book is as general as Gombrich's.\n\nIn any case, any advice is greatly appreciated. And I apologize in advance for any possible mistakes, as I'm argentinian :D  \nCheers!", "likes": null, "suggested_sort": null, "mod_note": null, "user_reports": [], "secure_media": null, "is_reddit_media_domain": false, "saved": false, "id": "897h8o", "banned_at_utc": null, "mod_reason_title": null, "view_count": null, "archived": false, "clicked": false, "no_follow": true, "author": "juanbautistajryabadu", "num_crossposts": 0, "link_flair_text": null, "can_mod_post": false, "is_crosspostable": false, "pinned": false, "score": 2, "approved_by": null, "over_18": false, "domain": "self.AskHistorians", "hidden": false, "pwls": 6, "thumbnail": "", "hide_score": false, "edited": false, "link_flair_css_class": null, "media_only": false, "author_flair_css_class": null, "contest_mode": false, "gilded": 0, "title": "[Book] I've read \"A Little History of the World\" by Ernst Gombrich, and would love to go deeper and/or continue with what's missing.", "downs": 0, "secure_media_embed": {}, "media_embed": {}, "author_flair_text": null, "stickied": false, "can_gild": false, "is_self": true, "parent_whitelist_status": "all_ads", "name": "t3_897h8o", "spoiler": false, "permalink": "/r/AskHistorians/comments/897h8o/book_ive_read_a_little_history_of_the_world_by/", "subreddit_type": "public", "locked": false, "report_reasons": null, "created": 1522749294.0, "url": "https://www.reddit.com/r/AskHistorians/comments/897h8o/book_ive_read_a_little_history_of_the_world_by/", "whitelist_status": "all_ads", "quarantine": false, "subreddit_subscribers": 755573, "created_utc": 1522720494.0, "subreddit_name_prefixed": "r/AskHistorians", "distinguished": null, "media": null, "num_comments": 0, "upvote_ratio": 0.61, "mod_reports": [], "visited": false, "num_reports": null, "is_video": false, "ups": 2, "post_categories": null}}], "after": null, "before": null}}, {"kind": "Listing", "data": {"modhash": "", "dist": null, "children": [], "after": null, "before": null}}]