[{"kind": "Listing", "data": {"modhash": "", "dist": 1, "children": [{"kind": "t3", "data": {"subreddit_id": "t5_2ssp3", "approved_at_utc": null, "send_replies": true, "mod_reason_by": null, "banned_by": null, "removal_reason": null, "wls": 6, "subreddit": "AskHistorians", "selftext_html": "&lt;!-- SC_OFF --&gt;&lt;div class=\"md\"&gt;&lt;p&gt;[deleted]&lt;/p&gt;\n&lt;/div&gt;&lt;!-- SC_ON --&gt;", "author_flair_template_id": null, "selftext": "[deleted]", "likes": null, "suggested_sort": null, "mod_note": null, "user_reports": [], "secure_media": null, "is_reddit_media_domain": false, "saved": false, "id": "89bjxw", "banned_at_utc": null, "mod_reason_title": null, "view_count": null, "archived": false, "clicked": false, "no_follow": false, "author": "[deleted]", "num_crossposts": 0, "link_flair_text": null, "can_mod_post": false, "is_crosspostable": false, "pinned": false, "score": 28, "approved_by": null, "over_18": false, "domain": "self.AskHistorians", "hidden": false, "pwls": 6, "thumbnail": "", "hide_score": false, "edited": false, "link_flair_css_class": null, "media_only": false, "author_flair_css_class": null, "contest_mode": false, "gilded": 0, "title": "'You have the right to an attorney, if you cannot afford one...' did ancient Rome have free legal representation for criminals or anything like that?", "downs": 0, "secure_media_embed": {}, "media_embed": {}, "author_flair_text": null, "stickied": false, "can_gild": false, "is_self": true, "parent_whitelist_status": "all_ads", "name": "t3_89bjxw", "spoiler": false, "permalink": "/r/AskHistorians/comments/89bjxw/you_have_the_right_to_an_attorney_if_you_cannot/", "subreddit_type": "public", "locked": false, "report_reasons": null, "created": 1522773236.0, "url": "https://www.reddit.com/r/AskHistorians/comments/89bjxw/you_have_the_right_to_an_attorney_if_you_cannot/", "whitelist_status": "all_ads", "quarantine": false, "subreddit_subscribers": 755573, "created_utc": 1522744436.0, "subreddit_name_prefixed": "r/AskHistorians", "distinguished": null, "media": null, "num_comments": 5, "upvote_ratio": 0.77, "mod_reports": [], "visited": false, "num_reports": null, "is_video": false, "ups": 28, "post_categories": null}}], "after": null, "before": null}}, {"kind": "Listing", "data": {"modhash": "", "dist": null, "children": [{"kind": "t1", "data": {"subreddit_id": "t5_2ssp3", "approved_at_utc": null, "ups": 1, "mod_reason_by": null, "banned_by": null, "removal_reason": null, "link_id": "t3_89bjxw", "author_flair_template_id": null, "likes": null, "no_follow": true, "replies": {"kind": "Listing", "data": {"modhash": "", "dist": null, "children": [{"kind": "t1", "data": {"subreddit_id": "t5_2ssp3", "approved_at_utc": null, "ups": 3, "mod_reason_by": null, "banned_by": null, "removal_reason": null, "link_id": "t3_89bjxw", "author_flair_template_id": null, "likes": null, "no_follow": true, "replies": {"kind": "Listing", "data": {"modhash": "", "dist": null, "children": [{"kind": "t1", "data": {"subreddit_id": "t5_2ssp3", "approved_at_utc": null, "ups": 10, "mod_reason_by": null, "banned_by": null, "removal_reason": null, "link_id": "t3_89bjxw", "author_flair_template_id": null, "likes": null, "no_follow": false, "replies": {"kind": "Listing", "data": {"modhash": "", "dist": null, "children": [{"kind": "t1", "data": {"subreddit_id": "t5_2ssp3", "approved_at_utc": null, "ups": 3, "mod_reason_by": null, "banned_by": null, "removal_reason": null, "link_id": "t3_89bjxw", "author_flair_template_id": null, "likes": null, "no_follow": true, "replies": {"kind": "Listing", "data": {"modhash": "", "dist": null, "children": [{"kind": "t1", "data": {"subreddit_id": "t5_2ssp3", "approved_at_utc": null, "ups": 8, "mod_reason_by": null, "banned_by": null, "removal_reason": null, "link_id": "t3_89bjxw", "author_flair_template_id": null, "likes": null, "no_follow": false, "replies": "", "user_reports": [], "saved": false, "id": "dwr4kfs", "banned_at_utc": null, "mod_reason_title": null, "gilded": 0, "archived": false, "report_reasons": null, "author": "LegalAction", "can_mod_post": false, "send_replies": true, "parent_id": "t1_dwr0a0i", "score": 8, "approved_by": null, "downs": 0, "body": "It was worse.  Appian has the [text](http://penelope.uchicago.edu/Thayer/E/Roman/Texts/Appian/Civil_Wars/4*.html) of the proscription decree.  Sulla's proscriptions were piecemeal; something that sort of developed by accident.  This was intentional:\n&gt;The proscription was in the following words: \"Marcus Lepidus, Marcus Antonius, and Octavius Caesar, chosen by the people to set in order and regulate the republic, do declare that, had not perfidious traitors begged for mercy and when they obtained it become the enemies of their benefactors and conspired against them, neither would Gaius Caesar have been slain by those whom he saved by his clemency after capturing them in war, whom he admitted to his friendship and upon whom he heaped offices, honours, and gifts; nor should we have been compelled to use this wide-spread severity against those who have insulted us and declared us public enemies. Now, seeing that the malice of those who have conspired against us and by whose hands Gaius Caesar suffered, cannot be mollified by kindness, we prefer to anticipate our enemies rather than suffer at their hands. Let no one who sees what both Caesar and ourselves have suffered consider our action unjust, cruel, or immoderate. Although Caesar was clothed with supreme power, although he was pontifex maximus, although he had overthrown and added to our sway the nations most formidable to the Romans, although he was the first man to attempt the untried sea beyond the pillars of Hercules and was the discoverer of a country hitherto unknown to the Romans, this man was slain in the midst of the senate-house, which is designated as sacred, under the eyes of the gods, with twenty-three dastardly wounds, by men whom he had taken prisoners in war and spared, while some of them he had named as co-heirs of his wealth. After this execrable crime, instead of arresting the guilty wretches, the rest sent them forth as commanders and governors, in which capacity they seized upon the public money, with which they are collecting an army against us and are seeking reinforcements from barbarians ever hostile to Roman rule. Cities subject to Rome that would not obey them they have burned, or ravaged, or levelled to the ground; other cities they have forced by terror to bear arms against the country and against us.\n\n&gt;\"Some of them we have punished already; and by the aid of divine providence you shall presently see the rest punished. Although the chief part of this work has been finished by us or is well under control, namely the settlement of Spain and Gaul as well as matters here in Italy, one task still remains, and that is to march against Caesar's assassins beyond the sea. On the eve of undertaking this foreign war for you, we do not consider it safe, either for you or for us, to leave other enemies behind to take advantage of our absence and watch for opportunities during the war; nor again do we think that there should be delay on their account, but that we ought rather to sweep them out of our pathway, once for all, seeing that they began the war against us when they voted us and the armies under us public enemies.\n\n&gt;\"What vast numbers of citizens have they, on  their part, doomed to destruction with us, disregarding the vengeance of the gods and the reprobation of mankind! We shall not deal harshly with any multitude of men, nor shall we count as enemies all who have opposed us or plotted against us, or those distinguished for their riches merely, their abundance, or their high position; nor shall we slay as many as another man who held the supreme power before us, when he, too, was regulating the commonwealth in civil convulsions, and whom you named the Fortunate on account of his success; and yet necessarily three persons will have more enemies than one. We shall take vengeance only on the worst and most guilty. This we shall do for your interest no less than for our own, for while we keep up our conflicts you will all be involved necessarily in great dangers, and it is necessary for us also to do something to quiet the army, which has been insulted, irritated, and decreed a public enemy by our common foes. Although we might arrest on the spot whomsoever we had determined on, we prefer rather to proscribe rather than seize them unawares; and this, too, on your account, so that it may not be in the power of enraged soldiers to exceed their orders against persons not responsible, but that they may be restricted to a certain number designated by name, and spare the others according to order.\n\n&gt;\"So be it then! Let no one harbour any one of those whose names are hereto appended, or conceal them, or send them away, or be corrupted by their money. Whoever shall be detected in saving, or aiding, or conniving with them we will put on the list of the proscribed without allowing any excuse or pardon. Let those who kill the proscribed bring us their heads and receive the following rewards: to a free man 25,000 Attic drachmas per head; to a slave his freedom and 10,000 Attic drachmas and his master's right of citizenship. Informers shall receive the same rewards. In order that they may remain unknown the names of those who receive the rewards shall not be inscribed in our registers.\" Such was the language of the proscription of the triumvirate as nearly as it can be rendered from Latin into Greek.", "edited": false, "author_flair_css_class": "europe", "collapsed": false, "is_submitter": false, "collapsed_reason": null, "body_html": "&lt;div class=\"md\"&gt;&lt;p&gt;It was worse.  Appian has the &lt;a href=\"http://penelope.uchicago.edu/Thayer/E/Roman/Texts/Appian/Civil_Wars/4*.html\"&gt;text&lt;/a&gt; of the proscription decree.  Sulla&amp;#39;s proscriptions were piecemeal; something that sort of developed by accident.  This was intentional:&lt;/p&gt;\n\n&lt;blockquote&gt;\n&lt;p&gt;The proscription was in the following words: &amp;quot;Marcus Lepidus, Marcus Antonius, and Octavius Caesar, chosen by the people to set in order and regulate the republic, do declare that, had not perfidious traitors begged for mercy and when they obtained it become the enemies of their benefactors and conspired against them, neither would Gaius Caesar have been slain by those whom he saved by his clemency after capturing them in war, whom he admitted to his friendship and upon whom he heaped offices, honours, and gifts; nor should we have been compelled to use this wide-spread severity against those who have insulted us and declared us public enemies. Now, seeing that the malice of those who have conspired against us and by whose hands Gaius Caesar suffered, cannot be mollified by kindness, we prefer to anticipate our enemies rather than suffer at their hands. Let no one who sees what both Caesar and ourselves have suffered consider our action unjust, cruel, or immoderate. Although Caesar was clothed with supreme power, although he was pontifex maximus, although he had overthrown and added to our sway the nations most formidable to the Romans, although he was the first man to attempt the untried sea beyond the pillars of Hercules and was the discoverer of a country hitherto unknown to the Romans, this man was slain in the midst of the senate-house, which is designated as sacred, under the eyes of the gods, with twenty-three dastardly wounds, by men whom he had taken prisoners in war and spared, while some of them he had named as co-heirs of his wealth. After this execrable crime, instead of arresting the guilty wretches, the rest sent them forth as commanders and governors, in which capacity they seized upon the public money, with which they are collecting an army against us and are seeking reinforcements from barbarians ever hostile to Roman rule. Cities subject to Rome that would not obey them they have burned, or ravaged, or levelled to the ground; other cities they have forced by terror to bear arms against the country and against us.&lt;/p&gt;\n\n&lt;p&gt;&amp;quot;Some of them we have punished already; and by the aid of divine providence you shall presently see the rest punished. Although the chief part of this work has been finished by us or is well under control, namely the settlement of Spain and Gaul as well as matters here in Italy, one task still remains, and that is to march against Caesar&amp;#39;s assassins beyond the sea. On the eve of undertaking this foreign war for you, we do not consider it safe, either for you or for us, to leave other enemies behind to take advantage of our absence and watch for opportunities during the war; nor again do we think that there should be delay on their account, but that we ought rather to sweep them out of our pathway, once for all, seeing that they began the war against us when they voted us and the armies under us public enemies.&lt;/p&gt;\n\n&lt;p&gt;&amp;quot;What vast numbers of citizens have they, on  their part, doomed to destruction with us, disregarding the vengeance of the gods and the reprobation of mankind! We shall not deal harshly with any multitude of men, nor shall we count as enemies all who have opposed us or plotted against us, or those distinguished for their riches merely, their abundance, or their high position; nor shall we slay as many as another man who held the supreme power before us, when he, too, was regulating the commonwealth in civil convulsions, and whom you named the Fortunate on account of his success; and yet necessarily three persons will have more enemies than one. We shall take vengeance only on the worst and most guilty. This we shall do for your interest no less than for our own, for while we keep up our conflicts you will all be involved necessarily in great dangers, and it is necessary for us also to do something to quiet the army, which has been insulted, irritated, and decreed a public enemy by our common foes. Although we might arrest on the spot whomsoever we had determined on, we prefer rather to proscribe rather than seize them unawares; and this, too, on your account, so that it may not be in the power of enraged soldiers to exceed their orders against persons not responsible, but that they may be restricted to a certain number designated by name, and spare the others according to order.&lt;/p&gt;\n\n&lt;p&gt;&amp;quot;So be it then! Let no one harbour any one of those whose names are hereto appended, or conceal them, or send them away, or be corrupted by their money. Whoever shall be detected in saving, or aiding, or conniving with them we will put on the list of the proscribed without allowing any excuse or pardon. Let those who kill the proscribed bring us their heads and receive the following rewards: to a free man 25,000 Attic drachmas per head; to a slave his freedom and 10,000 Attic drachmas and his master&amp;#39;s right of citizenship. Informers shall receive the same rewards. In order that they may remain unknown the names of those who receive the rewards shall not be inscribed in our registers.&amp;quot; Such was the language of the proscription of the triumvirate as nearly as it can be rendered from Latin into Greek.&lt;/p&gt;\n&lt;/blockquote&gt;\n&lt;/div&gt;", "subreddit_type": "public", "can_gild": true, "subreddit": "AskHistorians", "name": "t1_dwr4kfs", "score_hidden": false, "permalink": "/r/AskHistorians/comments/89bjxw/you_have_the_right_to_an_attorney_if_you_cannot/dwr4kfs/", "num_reports": null, "stickied": false, "created": 1522817200.0, "author_flair_text": "Roman Late Republic", "created_utc": 1522788400.0, "subreddit_name_prefixed": "r/AskHistorians", "controversiality": 0, "depth": 4, "mod_reports": [], "mod_note": null, "distinguished": null}}], "after": null, "before": null}}, "user_reports": [], "saved": false, "id": "dwr0a0i", "banned_at_utc": null, "mod_reason_title": null, "gilded": 0, "archived": false, "report_reasons": null, "author": "japandrew", "can_mod_post": false, "send_replies": true, "parent_id": "t1_dwqn0dl", "score": 3, "approved_by": null, "downs": 0, "body": "Was the proscription list of the 2nd Triumverate as capricious as those of Sulla? I get the sense Octavian &amp; company were a little more careful about who they put on the list, but dont have anything solid to base that on.", "edited": false, "author_flair_css_class": null, "collapsed": false, "is_submitter": false, "collapsed_reason": null, "body_html": "&lt;div class=\"md\"&gt;&lt;p&gt;Was the proscription list of the 2nd Triumverate as capricious as those of Sulla? I get the sense Octavian &amp;amp; company were a little more careful about who they put on the list, but dont have anything solid to base that on.&lt;/p&gt;\n&lt;/div&gt;", "subreddit_type": "public", "can_gild": true, "subreddit": "AskHistorians", "name": "t1_dwr0a0i", "score_hidden": false, "permalink": "/r/AskHistorians/comments/89bjxw/you_have_the_right_to_an_attorney_if_you_cannot/dwr0a0i/", "num_reports": null, "stickied": false, "created": 1522813990.0, "author_flair_text": null, "created_utc": 1522785190.0, "subreddit_name_prefixed": "r/AskHistorians", "controversiality": 0, "depth": 3, "mod_reports": [], "mod_note": null, "distinguished": null}}], "after": null, "before": null}}, "user_reports": [], "saved": false, "id": "dwqn0dl", "banned_at_utc": null, "mod_reason_title": null, "gilded": 0, "archived": false, "report_reasons": null, "author": "LegalAction", "can_mod_post": false, "send_replies": true, "parent_id": "t1_dwpzitl", "score": 10, "approved_by": null, "downs": 0, "body": "\"Cui bono\" was the dictum of Lucius Cassius Longinus Ravilla, cos. 127 BCE.  Cicero referred to this in his defense of Roscius, in 80 BCE (he also uses it other places, but I think this is the case you're thinking about).\n\nRoscius had been accused of murdering his father by two relatives and a guy named Chrysogonus.  Cicero's defense was to show the people placing the accusation were in fact a criminal conspiracy whose object was to gain a very nice piece of property owned by the elder Roscius.\n\nWhat made this conspiracy possible was Sulla's proscriptions.  Sulla, in 80, ruled just as consul, not dictator, but there were still the proscription lists.\n\nSomeone killed the elder Roscius on his way back from a party in Rome.  Chrysogonus, Sulla's freedman, managed to get Roscius' name inserted into a proscription list.  One of the effects of being proscribed was that the state would seize your assets and sell them off for state revenue.  In this way the conspirators were able to obtain the land very cheaply.  When the younger Roscius tried to show his father's name was falsely added to the list, the conspirators brought their prosecution.\n\nThe danger for Cicero here is Chrysogonus' connection with Sulla.  The Sullan proscriptions were capricious and bloody, and disrupted all of the institutions of Roman civil life.  We read of fathers turning in son and vice versa, wives betraying husbands, slaves betraying masters, etc.  There are even accounts of situations in which, because picture ID was not a thing, random people were killed and *reported* as people proscribed.  Roscius had trouble getting an advocate because of the fear that Chrysogonus might use his connection with Sulla to proscribe the legal team.\n\nThis was not a normal danger.", "edited": false, "author_flair_css_class": "europe", "collapsed": false, "is_submitter": false, "collapsed_reason": null, "body_html": "&lt;div class=\"md\"&gt;&lt;p&gt;&amp;quot;Cui bono&amp;quot; was the dictum of Lucius Cassius Longinus Ravilla, cos. 127 BCE.  Cicero referred to this in his defense of Roscius, in 80 BCE (he also uses it other places, but I think this is the case you&amp;#39;re thinking about).&lt;/p&gt;\n\n&lt;p&gt;Roscius had been accused of murdering his father by two relatives and a guy named Chrysogonus.  Cicero&amp;#39;s defense was to show the people placing the accusation were in fact a criminal conspiracy whose object was to gain a very nice piece of property owned by the elder Roscius.&lt;/p&gt;\n\n&lt;p&gt;What made this conspiracy possible was Sulla&amp;#39;s proscriptions.  Sulla, in 80, ruled just as consul, not dictator, but there were still the proscription lists.&lt;/p&gt;\n\n&lt;p&gt;Someone killed the elder Roscius on his way back from a party in Rome.  Chrysogonus, Sulla&amp;#39;s freedman, managed to get Roscius&amp;#39; name inserted into a proscription list.  One of the effects of being proscribed was that the state would seize your assets and sell them off for state revenue.  In this way the conspirators were able to obtain the land very cheaply.  When the younger Roscius tried to show his father&amp;#39;s name was falsely added to the list, the conspirators brought their prosecution.&lt;/p&gt;\n\n&lt;p&gt;The danger for Cicero here is Chrysogonus&amp;#39; connection with Sulla.  The Sullan proscriptions were capricious and bloody, and disrupted all of the institutions of Roman civil life.  We read of fathers turning in son and vice versa, wives betraying husbands, slaves betraying masters, etc.  There are even accounts of situations in which, because picture ID was not a thing, random people were killed and &lt;em&gt;reported&lt;/em&gt; as people proscribed.  Roscius had trouble getting an advocate because of the fear that Chrysogonus might use his connection with Sulla to proscribe the legal team.&lt;/p&gt;\n\n&lt;p&gt;This was not a normal danger.&lt;/p&gt;\n&lt;/div&gt;", "subreddit_type": "public", "can_gild": true, "subreddit": "AskHistorians", "name": "t1_dwqn0dl", "score_hidden": false, "permalink": "/r/AskHistorians/comments/89bjxw/you_have_the_right_to_an_attorney_if_you_cannot/dwqn0dl/", "num_reports": null, "stickied": false, "created": 1522803678.0, "author_flair_text": "Roman Late Republic", "created_utc": 1522774878.0, "subreddit_name_prefixed": "r/AskHistorians", "controversiality": 0, "depth": 2, "mod_reports": [], "mod_note": null, "distinguished": null}}], "after": null, "before": null}}, "user_reports": [], "saved": false, "id": "dwpzitl", "banned_at_utc": null, "mod_reason_title": null, "gilded": 0, "archived": false, "report_reasons": null, "author": "johnwhardinesq", "can_mod_post": false, "send_replies": true, "parent_id": "t1_dwpz54r", "score": 3, "approved_by": null, "downs": 0, "body": "follow up-is it true that the defense lawyers actually put themselves at risk when defending someone charged with crime, as in either their reputation or wealth, or maybe even they would face punishment if they failed? my memory is vague, but I think i read this was the case in Cicero's famous 'cui bono' speech/ defense? ", "edited": false, "author_flair_css_class": null, "collapsed": false, "is_submitter": false, "collapsed_reason": null, "body_html": "&lt;div class=\"md\"&gt;&lt;p&gt;follow up-is it true that the defense lawyers actually put themselves at risk when defending someone charged with crime, as in either their reputation or wealth, or maybe even they would face punishment if they failed? my memory is vague, but I think i read this was the case in Cicero&amp;#39;s famous &amp;#39;cui bono&amp;#39; speech/ defense? &lt;/p&gt;\n&lt;/div&gt;", "subreddit_type": "public", "can_gild": true, "subreddit": "AskHistorians", "name": "t1_dwpzitl", "score_hidden": false, "permalink": "/r/AskHistorians/comments/89bjxw/you_have_the_right_to_an_attorney_if_you_cannot/dwpzitl/", "num_reports": null, "stickied": false, "created": 1522777094.0, "author_flair_text": null, "created_utc": 1522748294.0, "subreddit_name_prefixed": "r/AskHistorians", "controversiality": 0, "depth": 1, "mod_reports": [], "mod_note": null, "distinguished": null}}], "after": null, "before": null}}, "user_reports": [], "saved": false, "id": "dwpz54r", "banned_at_utc": null, "mod_reason_title": null, "gilded": 0, "archived": false, "report_reasons": null, "author": "[deleted]", "can_mod_post": false, "send_replies": true, "parent_id": "t3_89bjxw", "score": 1, "approved_by": null, "downs": 0, "body": "[removed]", "edited": false, "author_flair_css_class": null, "collapsed": false, "is_submitter": false, "collapsed_reason": null, "body_html": "&lt;div class=\"md\"&gt;&lt;p&gt;[removed]&lt;/p&gt;\n&lt;/div&gt;", "subreddit_type": "public", "can_gild": true, "subreddit": "AskHistorians", "name": "t1_dwpz54r", "score_hidden": false, "permalink": "/r/AskHistorians/comments/89bjxw/you_have_the_right_to_an_attorney_if_you_cannot/dwpz54r/", "num_reports": null, "stickied": false, "created": 1522776267.0, "author_flair_text": null, "created_utc": 1522747467.0, "subreddit_name_prefixed": "r/AskHistorians", "controversiality": 0, "depth": 0, "mod_reports": [], "mod_note": null, "distinguished": null}}], "after": null, "before": null}}]