[{"kind": "Listing", "data": {"modhash": "", "dist": 1, "children": [{"kind": "t3", "data": {"approved_at_utc": null, "subreddit": "AskHistorians", "selftext": "[removed]", "user_reports": [], "saved": false, "mod_reason_title": null, "gilded": 0, "clicked": false, "title": "What should I know about recent history that\u2019s impacted global politics today?", "link_flair_richtext": [], "subreddit_name_prefixed": "r/AskHistorians", "hidden": false, "pwls": 6, "link_flair_css_class": null, "downs": 0, "parent_whitelist_status": "all_ads", "hide_score": false, "name": "t3_awbqff", "quarantine": false, "link_flair_text_color": "dark", "upvote_ratio": 1.0, "author_flair_background_color": "", "subreddit_type": "public", "ups": 1, "total_awards_received": 0, "media_embed": {}, "author_flair_template_id": null, "is_original_content": false, "secure_media": null, "is_reddit_media_domain": false, "is_meta": false, "category": null, "secure_media_embed": {}, "link_flair_text": null, "can_mod_post": false, "score": 1, "approved_by": null, "thumbnail": "", "edited": false, "author_flair_css_class": null, "gildings": {}, "content_categories": null, "is_self": true, "mod_note": null, "created": 1551515151.0, "link_flair_type": "text", "wls": 6, "banned_by": null, "domain": "self.AskHistorians", "selftext_html": "&lt;!-- SC_OFF --&gt;&lt;div class=\"md\"&gt;&lt;p&gt;[removed]&lt;/p&gt;\n&lt;/div&gt;&lt;!-- SC_ON --&gt;", "likes": null, "suggested_sort": null, "banned_at_utc": null, "view_count": null, "archived": false, "no_follow": true, "is_crosspostable": false, "pinned": false, "over_18": false, "all_awardings": [], "media": null, "media_only": false, "can_gild": false, "spoiler": false, "locked": false, "author_flair_text": null, "visited": false, "num_reports": null, "distinguished": null, "subreddit_id": "t5_2ssp3", "mod_reason_by": null, "removal_reason": null, "link_flair_background_color": "", "id": "awbqff", "is_robot_indexable": false, "report_reasons": null, "author": "[deleted]", "num_crossposts": 0, "num_comments": 1, "send_replies": true, "contest_mode": false, "author_flair_text_color": "dark", "permalink": "/r/AskHistorians/comments/awbqff/what_should_i_know_about_recent_history_thats/", "whitelist_status": "all_ads", "stickied": false, "url": "https://www.reddit.com/r/AskHistorians/comments/awbqff/what_should_i_know_about_recent_history_thats/", "subreddit_subscribers": 958378, "created_utc": 1551486351.0, "mod_reports": [], "is_video": false}}], "after": null, "before": null}}, {"kind": "Listing", "data": {"modhash": "", "dist": null, "children": [{"kind": "t1", "data": {"total_awards_received": 0, "approved_at_utc": null, "ups": 1, "mod_reason_by": null, "banned_by": null, "author_flair_type": "text", "removal_reason": null, "link_id": "t3_awbqff", "author_flair_template_id": null, "likes": null, "no_follow": true, "replies": "", "user_reports": [], "saved": false, "id": "ehlgcdc", "banned_at_utc": null, "mod_reason_title": null, "gilded": 0, "archived": false, "report_reasons": null, "author": "AncientHistory", "can_mod_post": false, "send_replies": true, "parent_id": "t3_awbqff", "score": 1, "author_fullname": "t2_cxryn", "approved_by": null, "all_awardings": [], "subreddit_id": "t5_2ssp3", "body": "This submission has been removed because it involves current events.  To keep from discussion of politics, we have a [20-year rule](http://www.reddit.com/r/AskHistorians/wiki/rules#wiki_no_current_events) here.  You may want to try /r/ask_politics or another current-events focused sub. For further explanation of this rule, feel free to consult [this Rules Roundtable](https://www.reddit.com/r/AskHistorians/comments/45wqkl/rules_roundtable_5_the_current_eventsmodern/).", "edited": false, "author_flair_css_class": "other", "is_submitter": false, "downs": 0, "author_flair_richtext": [], "author_patreon_flair": false, "collapsed_reason": null, "body_html": "&lt;div class=\"md\"&gt;&lt;p&gt;This submission has been removed because it involves current events.  To keep from discussion of politics, we have a &lt;a href=\"http://www.reddit.com/r/AskHistorians/wiki/rules#wiki_no_current_events\"&gt;20-year rule&lt;/a&gt; here.  You may want to try &lt;a href=\"/r/ask_politics\"&gt;/r/ask_politics&lt;/a&gt; or another current-events focused sub. For further explanation of this rule, feel free to consult &lt;a href=\"https://www.reddit.com/r/AskHistorians/comments/45wqkl/rules_roundtable_5_the_current_eventsmodern/\"&gt;this Rules Roundtable&lt;/a&gt;.&lt;/p&gt;\n&lt;/div&gt;", "stickied": false, "subreddit_type": "public", "can_gild": true, "gildings": {}, "author_flair_text_color": "dark", "score_hidden": false, "permalink": "/r/AskHistorians/comments/awbqff/what_should_i_know_about_recent_history_thats/ehlgcdc/", "num_reports": null, "locked": false, "name": "t1_ehlgcdc", "created": 1551516713.0, "subreddit": "AskHistorians", "author_flair_text": "Moderator | Pulp Studies | H. P. Lovecraft", "collapsed": false, "created_utc": 1551487913.0, "subreddit_name_prefixed": "r/AskHistorians", "controversiality": 0, "depth": 0, "author_flair_background_color": "", "mod_reports": [], "mod_note": null, "distinguished": "moderator"}}], "after": null, "before": null}}]