[{"kind": "Listing", "data": {"modhash": "", "dist": 1, "children": [{"kind": "t3", "data": {"approved_at_utc": null, "subreddit": "AskHistorians", "selftext": "How would an American army or naval officer have  been received by their counterparts in European militaries during the Napoleonic period? I\u2019m particularly interested in how the British Army would\u2019ve have treated an American  officer, given the importance attached to social status in the period.  Given the lack of noble titles in the United States, would a captured American officer have been afforded the same level of respect as, let\u2019s say, a French nobleman? I imagine the War of 1812 resulted in some interactions between the American and British officer corps. ", "user_reports": [], "saved": false, "mod_reason_title": null, "gilded": 0, "clicked": false, "title": "American Social Standing in the Napoleonic Era", "link_flair_richtext": [], "subreddit_name_prefixed": "r/AskHistorians", "hidden": false, "pwls": 6, "link_flair_css_class": null, "downs": 0, "parent_whitelist_status": "all_ads", "hide_score": false, "name": "t3_awfb0s", "quarantine": false, "link_flair_text_color": "dark", "upvote_ratio": 1.0, "author_flair_background_color": null, "subreddit_type": "public", "ups": 11, "total_awards_received": 0, "media_embed": {}, "author_flair_template_id": null, "is_original_content": false, "author_fullname": "t2_2ofgekhg", "secure_media": null, "is_reddit_media_domain": false, "is_meta": false, "category": null, "secure_media_embed": {}, "link_flair_text": null, "can_mod_post": false, "score": 11, "approved_by": null, "thumbnail": "", "edited": false, "author_flair_css_class": null, "author_flair_richtext": [], "gildings": {}, "content_categories": null, "is_self": true, "mod_note": null, "created": 1551540754.0, "link_flair_type": "text", "wls": 6, "banned_by": null, "author_flair_type": "text", "domain": "self.AskHistorians", "selftext_html": "&lt;!-- SC_OFF --&gt;&lt;div class=\"md\"&gt;&lt;p&gt;How would an American army or naval officer have  been received by their counterparts in European militaries during the Napoleonic period? I\u2019m particularly interested in how the British Army would\u2019ve have treated an American  officer, given the importance attached to social status in the period.  Given the lack of noble titles in the United States, would a captured American officer have been afforded the same level of respect as, let\u2019s say, a French nobleman? I imagine the War of 1812 resulted in some interactions between the American and British officer corps. &lt;/p&gt;\n&lt;/div&gt;&lt;!-- SC_ON --&gt;", "likes": null, "suggested_sort": null, "banned_at_utc": null, "view_count": null, "archived": false, "no_follow": true, "is_crosspostable": false, "pinned": false, "over_18": false, "all_awardings": [], "media": null, "media_only": false, "can_gild": false, "spoiler": false, "locked": false, "author_flair_text": null, "visited": false, "num_reports": null, "distinguished": null, "subreddit_id": "t5_2ssp3", "mod_reason_by": null, "removal_reason": null, "link_flair_background_color": "", "id": "awfb0s", "is_robot_indexable": true, "report_reasons": null, "author": "lazybrunch", "num_crossposts": 0, "num_comments": 1, "send_replies": true, "contest_mode": false, "author_patreon_flair": false, "author_flair_text_color": null, "permalink": "/r/AskHistorians/comments/awfb0s/american_social_standing_in_the_napoleonic_era/", "whitelist_status": "all_ads", "stickied": false, "url": "https://www.reddit.com/r/AskHistorians/comments/awfb0s/american_social_standing_in_the_napoleonic_era/", "subreddit_subscribers": 958378, "created_utc": 1551511954.0, "mod_reports": [], "is_video": false}}], "after": null, "before": null}}, {"kind": "Listing", "data": {"modhash": "", "dist": null, "children": [{"kind": "t1", "data": {"total_awards_received": 0, "approved_at_utc": null, "ups": 7, "mod_reason_by": null, "banned_by": null, "author_flair_type": "text", "removal_reason": null, "link_id": "t3_awfb0s", "author_flair_template_id": null, "likes": null, "no_follow": true, "replies": "", "user_reports": [], "saved": false, "id": "ehmrro5", "banned_at_utc": null, "mod_reason_title": null, "gilded": 0, "archived": false, "report_reasons": null, "author": "PartyMoses", "can_mod_post": false, "send_replies": true, "parent_id": "t3_awfb0s", "score": 7, "author_fullname": "t2_a3bwx", "approved_by": null, "all_awardings": [], "subreddit_id": "t5_2ssp3", "body": "This doesn't include much in the form of naval officers, but I wrote an answere about the prisoner of war experience during the War of 1812 [here](https://www.reddit.com/r/AskHistorians/comments/7sbmrj/what_would_happen_to_pows_in_the_napoleonic/dt4al9k/).\n\nI'll c/p a few of the more relevant bits from that answer. The long and the short of it is that officers were generally held in very high esteem, and treated as equals, or at least as men worthy of respect and admiration.\n\n&gt;Winfield Scott, a colonel captured during the Battle of Queenston Heights, describes several instances of great kindness and hospitality during his time as a prisoner. He is given quarters with the commander of the garrison at Prescott, a Colonel Pearson, and the commander having been captured and paroled only recently himself, the two swapped stories and shared a meal and a few drinks. The story told by the Pearson is worth relating here, as it is indicative of the cordiality with which most officers were treated during the conflict:\n\n&gt;&gt;On board of a transport ship, with his young wife, he fell in with the ------, Captain -------, and being without heavy guns, surrendered after the first fire. Captain ------, with a party, boarded the prize, when learning that Mrs. Pearson was thrown into a state of premature labor, he placed a sentinel at the cabin door, and left to the colonel an absolute control over all within it - giving such aid as was called for. The colonel was also desired to mark everything that belonged to him, with his name, and assured that all should be held sacred as private property.\n\n&gt; Scott and the rest of the regulars were paroled once they reached Quebec, and Scott, in his autobiography, notes that he and the men were treated with a great deal of kindness and charity from the British officers throughout their ordeal. Hull, for his part, is relatively quiet about his time as a prisoner of the British, but he does note that his daughter was treated with kindness, and then released when the force passed Buffalo.\n\nEnlisted men could not expect the same treatment. Men captured when Fort Detroit fell were marched - literally marched, at one point directly in the view of American positions across the Niagara river - to Halifax, and put on board prison hulks. Their treatment on board was not *unkind*, necessarily, but conditions were grim and sickness was prevalent. Again, from a reply to the posted answer:\n\n&gt; The British kept prison barges in Halifax, Nova Scotia, and had only recently converted the HMS Malabar, a fourth-rate Ship of the Line at anchor in the St. Lawrence River in Quebec, into a prison barge. A young Maine militiaman named Joseph Penley, Jr., was interned there, and wrote of his experiences. It's interesting to note that though Penley was a militaman, since he was captured in the taking of the USS Growler, his experiences would match the experiences of the sailors taken as well.\n\nOn the march to the Malabar, the men were put up in whatever convenient locations could be found, and it seems like the British made an effort to attend to the comfort of their prisoners as much as possible. On the King's birthday, they were given \"a glass of Old Jamaica\" to drink to the King's health.\n\nThe march, as you'd expect, was tough, and the men often had to sleep either in boats on the river or under single blankets exposed to the elements in small harbors. Penley wrote of one night, when they were put up in an old stone barracks that\n\n&gt;&gt;\"we had a pretty good night's rest, and we were very much in need of it, for, being in open boats the two nights before, with nothing but the canopy of the heavens to cover or screen us from the chilly air and heavy night dews, to sleep was impossible: nor was there room in the boat for a man to lay down. We had nothing to eat but raw pork and bread, and as for drink, we had the river water we floated in, from the time we went on board the boats at Montreal, until the first day of the next November.\"\n\n&gt;On their arrival at Quebec, Penley estimated that there were about 430 men on board the Malabar, including all of the prisoners and guards, which would be relatively comparable to the number of men on board if the ship were fully manned. So, cramped, but not more oppressively than your average sailor would have experience were it at sea.\n\n&gt;The men were mostly confined to areas belowdecks, and allowed to take the air only on the forward half of the top deck. A single mess (6 men) were selected each day to clean the prison area - Penley doesn't go into detail about what was being cleaned, but he does mention that \"they used 3-cornered scrapers, shovels, scrub-brooms, buckets of water, mops &amp;c.\" so you can use your imagination about the state of things.\n\n&gt;Quarters were tight, but the hammocks had been replaced with berths designed to hold four men, but \"we were obliged to crowd five into each berth, and then had to lay spoon fashion, and when one turned or shifted sides, all had to change too.\"\n\n&gt;Conditions were bad. Inadequate food, not enough fresh air - Penley describes their conditions as \"the Egyptian dark\" - frequent illness, all led to various attempts by men to escape. A few made it, a few drowned in their attempt to reach the shore. Many died of the illnesses that swept through the population, especially in the summer months, when \"some days two, three, and sometimes, four men would die\" in a day.\n\n&gt;The British tried to let the men out as often as they could, and there were several visits from high ranking generals looking to make conditions better. One duty that men could volunteer for was, grimly, a burial detail, that at least allowed a short visit to the city and fresh air.\n\nI'm of course happy to answer follow-ups, and I recommend reading the posted thread, as I go into much more detail there.\n\n____________________________________\n\nSources include [The Memoirs of Lieut.-General Scott, LLD](https://archive.org/stream/memlieutgen01scotrich#page/56/mode/2up/search/queenstown)\n\nThe Journals of Elias Darnell, William Hull, and Thomas Mallary.\n\nOf general use is Jon Latimer, 1812: The War with America and Donald Hickey, The War of 1812: A Forgotten Conflict", "edited": false, "author_flair_css_class": "military", "is_submitter": false, "downs": 0, "author_flair_richtext": [], "author_patreon_flair": false, "collapsed_reason": null, "body_html": "&lt;div class=\"md\"&gt;&lt;p&gt;This doesn&amp;#39;t include much in the form of naval officers, but I wrote an answere about the prisoner of war experience during the War of 1812 &lt;a href=\"https://www.reddit.com/r/AskHistorians/comments/7sbmrj/what_would_happen_to_pows_in_the_napoleonic/dt4al9k/\"&gt;here&lt;/a&gt;.&lt;/p&gt;\n\n&lt;p&gt;I&amp;#39;ll c/p a few of the more relevant bits from that answer. The long and the short of it is that officers were generally held in very high esteem, and treated as equals, or at least as men worthy of respect and admiration.&lt;/p&gt;\n\n&lt;blockquote&gt;\n&lt;p&gt;Winfield Scott, a colonel captured during the Battle of Queenston Heights, describes several instances of great kindness and hospitality during his time as a prisoner. He is given quarters with the commander of the garrison at Prescott, a Colonel Pearson, and the commander having been captured and paroled only recently himself, the two swapped stories and shared a meal and a few drinks. The story told by the Pearson is worth relating here, as it is indicative of the cordiality with which most officers were treated during the conflict:&lt;/p&gt;\n\n&lt;blockquote&gt;\n&lt;p&gt;On board of a transport ship, with his young wife, he fell in with the ------, Captain -------, and being without heavy guns, surrendered after the first fire. Captain ------, with a party, boarded the prize, when learning that Mrs. Pearson was thrown into a state of premature labor, he placed a sentinel at the cabin door, and left to the colonel an absolute control over all within it - giving such aid as was called for. The colonel was also desired to mark everything that belonged to him, with his name, and assured that all should be held sacred as private property.&lt;/p&gt;\n&lt;/blockquote&gt;\n\n&lt;p&gt;Scott and the rest of the regulars were paroled once they reached Quebec, and Scott, in his autobiography, notes that he and the men were treated with a great deal of kindness and charity from the British officers throughout their ordeal. Hull, for his part, is relatively quiet about his time as a prisoner of the British, but he does note that his daughter was treated with kindness, and then released when the force passed Buffalo.&lt;/p&gt;\n&lt;/blockquote&gt;\n\n&lt;p&gt;Enlisted men could not expect the same treatment. Men captured when Fort Detroit fell were marched - literally marched, at one point directly in the view of American positions across the Niagara river - to Halifax, and put on board prison hulks. Their treatment on board was not &lt;em&gt;unkind&lt;/em&gt;, necessarily, but conditions were grim and sickness was prevalent. Again, from a reply to the posted answer:&lt;/p&gt;\n\n&lt;blockquote&gt;\n&lt;p&gt;The British kept prison barges in Halifax, Nova Scotia, and had only recently converted the HMS Malabar, a fourth-rate Ship of the Line at anchor in the St. Lawrence River in Quebec, into a prison barge. A young Maine militiaman named Joseph Penley, Jr., was interned there, and wrote of his experiences. It&amp;#39;s interesting to note that though Penley was a militaman, since he was captured in the taking of the USS Growler, his experiences would match the experiences of the sailors taken as well.&lt;/p&gt;\n&lt;/blockquote&gt;\n\n&lt;p&gt;On the march to the Malabar, the men were put up in whatever convenient locations could be found, and it seems like the British made an effort to attend to the comfort of their prisoners as much as possible. On the King&amp;#39;s birthday, they were given &amp;quot;a glass of Old Jamaica&amp;quot; to drink to the King&amp;#39;s health.&lt;/p&gt;\n\n&lt;p&gt;The march, as you&amp;#39;d expect, was tough, and the men often had to sleep either in boats on the river or under single blankets exposed to the elements in small harbors. Penley wrote of one night, when they were put up in an old stone barracks that&lt;/p&gt;\n\n&lt;blockquote&gt;\n&lt;blockquote&gt;\n&lt;p&gt;&amp;quot;we had a pretty good night&amp;#39;s rest, and we were very much in need of it, for, being in open boats the two nights before, with nothing but the canopy of the heavens to cover or screen us from the chilly air and heavy night dews, to sleep was impossible: nor was there room in the boat for a man to lay down. We had nothing to eat but raw pork and bread, and as for drink, we had the river water we floated in, from the time we went on board the boats at Montreal, until the first day of the next November.&amp;quot;&lt;/p&gt;\n&lt;/blockquote&gt;\n\n&lt;p&gt;On their arrival at Quebec, Penley estimated that there were about 430 men on board the Malabar, including all of the prisoners and guards, which would be relatively comparable to the number of men on board if the ship were fully manned. So, cramped, but not more oppressively than your average sailor would have experience were it at sea.&lt;/p&gt;\n\n&lt;p&gt;The men were mostly confined to areas belowdecks, and allowed to take the air only on the forward half of the top deck. A single mess (6 men) were selected each day to clean the prison area - Penley doesn&amp;#39;t go into detail about what was being cleaned, but he does mention that &amp;quot;they used 3-cornered scrapers, shovels, scrub-brooms, buckets of water, mops &amp;amp;c.&amp;quot; so you can use your imagination about the state of things.&lt;/p&gt;\n\n&lt;p&gt;Quarters were tight, but the hammocks had been replaced with berths designed to hold four men, but &amp;quot;we were obliged to crowd five into each berth, and then had to lay spoon fashion, and when one turned or shifted sides, all had to change too.&amp;quot;&lt;/p&gt;\n\n&lt;p&gt;Conditions were bad. Inadequate food, not enough fresh air - Penley describes their conditions as &amp;quot;the Egyptian dark&amp;quot; - frequent illness, all led to various attempts by men to escape. A few made it, a few drowned in their attempt to reach the shore. Many died of the illnesses that swept through the population, especially in the summer months, when &amp;quot;some days two, three, and sometimes, four men would die&amp;quot; in a day.&lt;/p&gt;\n\n&lt;p&gt;The British tried to let the men out as often as they could, and there were several visits from high ranking generals looking to make conditions better. One duty that men could volunteer for was, grimly, a burial detail, that at least allowed a short visit to the city and fresh air.&lt;/p&gt;\n&lt;/blockquote&gt;\n\n&lt;p&gt;I&amp;#39;m of course happy to answer follow-ups, and I recommend reading the posted thread, as I go into much more detail there.&lt;/p&gt;\n\n&lt;hr/&gt;\n\n&lt;p&gt;Sources include &lt;a href=\"https://archive.org/stream/memlieutgen01scotrich#page/56/mode/2up/search/queenstown\"&gt;The Memoirs of Lieut.-General Scott, LLD&lt;/a&gt;&lt;/p&gt;\n\n&lt;p&gt;The Journals of Elias Darnell, William Hull, and Thomas Mallary.&lt;/p&gt;\n\n&lt;p&gt;Of general use is Jon Latimer, 1812: The War with America and Donald Hickey, The War of 1812: A Forgotten Conflict&lt;/p&gt;\n&lt;/div&gt;", "stickied": false, "subreddit_type": "public", "can_gild": true, "gildings": {}, "author_flair_text_color": "dark", "score_hidden": false, "permalink": "/r/AskHistorians/comments/awfb0s/american_social_standing_in_the_napoleonic_era/ehmrro5/", "num_reports": null, "locked": false, "name": "t1_ehmrro5", "created": 1551569436.0, "subreddit": "AskHistorians", "author_flair_text": "19th c. American Military | War of 1812", "collapsed": false, "created_utc": 1551540636.0, "subreddit_name_prefixed": "r/AskHistorians", "controversiality": 0, "depth": 0, "author_flair_background_color": "", "mod_reports": [], "mod_note": null, "distinguished": null}}], "after": null, "before": null}}]