[{"kind": "Listing", "data": {"modhash": "", "dist": 1, "children": [{"kind": "t3", "data": {"approved_at_utc": null, "subreddit": "AskHistorians", "selftext": "Or any new info relating to the event? Surely, some of the books survived. Some believe the Vatican possesses many of these books till this date ", "user_reports": [], "saved": false, "mod_reason_title": null, "gilded": 0, "clicked": false, "title": "Is there a list of books from the library of Alexandria?", "link_flair_richtext": [], "subreddit_name_prefixed": "r/AskHistorians", "hidden": false, "pwls": 6, "link_flair_css_class": null, "downs": 0, "parent_whitelist_status": "all_ads", "hide_score": false, "name": "t3_awho0g", "quarantine": false, "link_flair_text_color": "dark", "upvote_ratio": 0.78, "author_flair_background_color": null, "subreddit_type": "public", "ups": 22, "total_awards_received": 0, "media_embed": {}, "author_flair_template_id": null, "is_original_content": false, "author_fullname": "t2_2tcypo5d", "secure_media": null, "is_reddit_media_domain": false, "is_meta": false, "category": null, "secure_media_embed": {}, "link_flair_text": null, "can_mod_post": false, "score": 22, "approved_by": null, "thumbnail": "", "edited": false, "author_flair_css_class": null, "author_flair_richtext": [], "gildings": {}, "content_categories": null, "is_self": true, "mod_note": null, "created": 1551561380.0, "link_flair_type": "text", "wls": 6, "banned_by": null, "author_flair_type": "text", "domain": "self.AskHistorians", "selftext_html": "&lt;!-- SC_OFF --&gt;&lt;div class=\"md\"&gt;&lt;p&gt;Or any new info relating to the event? Surely, some of the books survived. Some believe the Vatican possesses many of these books till this date &lt;/p&gt;\n&lt;/div&gt;&lt;!-- SC_ON --&gt;", "likes": null, "suggested_sort": null, "banned_at_utc": null, "view_count": null, "archived": false, "no_follow": false, "is_crosspostable": false, "pinned": false, "over_18": false, "all_awardings": [], "media": null, "media_only": false, "can_gild": false, "spoiler": false, "locked": false, "author_flair_text": null, "visited": false, "num_reports": null, "distinguished": null, "subreddit_id": "t5_2ssp3", "mod_reason_by": null, "removal_reason": null, "link_flair_background_color": "", "id": "awho0g", "is_robot_indexable": true, "report_reasons": null, "author": "DrazenMyth", "num_crossposts": 0, "num_comments": 1, "send_replies": true, "contest_mode": false, "author_patreon_flair": false, "author_flair_text_color": null, "permalink": "/r/AskHistorians/comments/awho0g/is_there_a_list_of_books_from_the_library_of/", "whitelist_status": "all_ads", "stickied": false, "url": "https://www.reddit.com/r/AskHistorians/comments/awho0g/is_there_a_list_of_books_from_the_library_of/", "subreddit_subscribers": 958378, "created_utc": 1551532580.0, "mod_reports": [], "is_video": false}}], "after": null, "before": null}}, {"kind": "Listing", "data": {"modhash": "", "dist": null, "children": [{"kind": "t1", "data": {"total_awards_received": 0, "approved_at_utc": null, "ups": 4, "mod_reason_by": null, "banned_by": null, "author_flair_type": "text", "removal_reason": null, "link_id": "t3_awho0g", "author_flair_template_id": null, "likes": null, "no_follow": false, "replies": "", "user_reports": [], "saved": false, "id": "ehmrc1j", "banned_at_utc": null, "mod_reason_title": null, "gilded": 0, "archived": false, "report_reasons": null, "author": "silverappleyard", "can_mod_post": false, "send_replies": true, "parent_id": "t3_awho0g", "score": 4, "author_fullname": "t2_xxrjn", "approved_by": null, "all_awardings": [], "subreddit_id": "t5_2ssp3", "body": "While you wait for an answer, you might be interested in [this previous answer on the Library of Alexandria](https://www.reddit.com/r/AskHistorians/comments/5t6op5/facts_about_the_library_of_alexandria/ddkr2h6/) from u/XenophontheAthenian.", "edited": false, "author_flair_css_class": "qualitycontributor", "is_submitter": false, "downs": 0, "author_flair_richtext": [], "author_patreon_flair": false, "collapsed_reason": null, "body_html": "&lt;div class=\"md\"&gt;&lt;p&gt;While you wait for an answer, you might be interested in &lt;a href=\"https://www.reddit.com/r/AskHistorians/comments/5t6op5/facts_about_the_library_of_alexandria/ddkr2h6/\"&gt;this previous answer on the Library of Alexandria&lt;/a&gt; from &lt;a href=\"/u/XenophontheAthenian\"&gt;u/XenophontheAthenian&lt;/a&gt;.&lt;/p&gt;\n&lt;/div&gt;", "stickied": false, "subreddit_type": "public", "can_gild": true, "gildings": {}, "author_flair_text_color": "dark", "score_hidden": false, "permalink": "/r/AskHistorians/comments/awho0g/is_there_a_list_of_books_from_the_library_of/ehmrc1j/", "num_reports": null, "locked": false, "name": "t1_ehmrc1j", "created": 1551569090.0, "subreddit": "AskHistorians", "author_flair_text": "FAQ Finder", "collapsed": false, "created_utc": 1551540290.0, "subreddit_name_prefixed": "r/AskHistorians", "controversiality": 0, "depth": 0, "author_flair_background_color": "", "mod_reports": [], "mod_note": null, "distinguished": null}}], "after": null, "before": null}}]