[{"kind": "Listing", "data": {"modhash": "", "dist": 1, "children": [{"kind": "t3", "data": {"approved_at_utc": null, "subreddit": "AskHistorians", "selftext": "", "user_reports": [], "saved": false, "mod_reason_title": null, "gilded": 0, "clicked": false, "title": "Why did the sikhs not get a sikh country during the 1947 partition even though before british rule there was a sikh kingdom?", "link_flair_richtext": [], "subreddit_name_prefixed": "r/AskHistorians", "hidden": false, "pwls": 6, "link_flair_css_class": null, "downs": 0, "parent_whitelist_status": "all_ads", "hide_score": false, "name": "t3_awmqht", "quarantine": false, "link_flair_text_color": "dark", "upvote_ratio": 0.97, "author_flair_background_color": null, "subreddit_type": "public", "ups": 2383, "total_awards_received": 1, "media_embed": {}, "author_flair_template_id": null, "is_original_content": false, "author_fullname": "t2_55j5q", "secure_media": null, "is_reddit_media_domain": false, "is_meta": false, "category": null, "secure_media_embed": {}, "link_flair_text": null, "can_mod_post": false, "score": 2383, "approved_by": null, "thumbnail": "", "edited": false, "author_flair_css_class": null, "author_flair_richtext": [], "gildings": {"gid_1": 1}, "content_categories": null, "is_self": true, "mod_note": null, "created": 1551591636.0, "link_flair_type": "text", "wls": 6, "banned_by": null, "author_flair_type": "text", "domain": "self.AskHistorians", "selftext_html": null, "likes": null, "suggested_sort": null, "banned_at_utc": null, "view_count": null, "archived": false, "no_follow": false, "is_crosspostable": false, "pinned": false, "over_18": false, "all_awardings": [{"is_enabled": true, "count": 1, "subreddit_id": null, "description": "Silver Award", "icon_width": 512, "icon_url": "https://www.redditstatic.com/gold/awards/icon/silver_512.png", "days_of_premium": 0, "name": "Silver", "icon_height": 512, "resized_icons": [{"url": "https://www.redditstatic.com/gold/awards/icon/silver_16.png", "width": 16, "height": 16}, {"url": "https://www.redditstatic.com/gold/awards/icon/silver_32.png", "width": 32, "height": 32}, {"url": "https://www.redditstatic.com/gold/awards/icon/silver_48.png", "width": 48, "height": 48}, {"url": "https://www.redditstatic.com/gold/awards/icon/silver_64.png", "width": 64, "height": 64}, {"url": "https://www.redditstatic.com/gold/awards/icon/silver_128.png", "width": 128, "height": 128}], "days_of_drip_extension": 0, "award_type": "global", "coin_price": 100, "id": "gid_1", "coin_reward": 0}], "media": null, "media_only": false, "can_gild": false, "spoiler": false, "locked": false, "author_flair_text": null, "visited": false, "num_reports": null, "distinguished": null, "subreddit_id": "t5_2ssp3", "mod_reason_by": null, "removal_reason": null, "link_flair_background_color": "", "id": "awmqht", "is_robot_indexable": true, "report_reasons": null, "author": "sukh38", "num_crossposts": 2, "num_comments": 71, "send_replies": true, "contest_mode": false, "author_patreon_flair": false, "author_flair_text_color": null, "permalink": "/r/AskHistorians/comments/awmqht/why_did_the_sikhs_not_get_a_sikh_country_during/", "whitelist_status": "all_ads", "stickied": false, "url": "https://www.reddit.com/r/AskHistorians/comments/awmqht/why_did_the_sikhs_not_get_a_sikh_country_during/", "subreddit_subscribers": 958378, "created_utc": 1551562836.0, "mod_reports": [], "is_video": false}}], "after": null, "before": null}}, {"kind": "Listing", "data": {"modhash": "", "dist": null, "children": [{"kind": "t1", "data": {"total_awards_received": 0, "approved_at_utc": null, "ups": 1, "mod_reason_by": null, "banned_by": null, "author_flair_type": "text", "removal_reason": null, "link_id": "t3_awmqht", "author_flair_template_id": null, "likes": null, "no_follow": false, "replies": "", "user_reports": [], "saved": false, "id": "ehokeda", "banned_at_utc": null, "mod_reason_title": null, "gilded": 0, "archived": false, "report_reasons": null, "author": "hillsonghoods", "can_mod_post": false, "send_replies": true, "parent_id": "t3_awmqht", "score": 1, "author_fullname": "t2_4sv8x", "approved_by": null, "all_awardings": [], "subreddit_id": "t5_2ssp3", "body": "Hello everyone, \n\nIf you are a first time visitor, welcome! This thread is trending high right now and getting a lot of attention, but it is important to remember those upvotes represent interest in the question itself, and [it can often take time for a good answer to be written](/r/AskHistorians/comments/7s66yf/a_statistical_look_at_askhistorians_in_2017_part_i/) (and that, as of the time of writing, it's past midnight on the East Coast of the US, and 5:30am on Sunday morning in the UK). The mission of /r/AskHistorians is to provide users with **in-depth and comprehensive responses**, and our [rules](/r/AskHistorians/wiki/rules) are intended to facilitate that purpose. *We remove comments which don't follow them for reasons including unfounded speculation, shallowness, and of course, inaccuracy*. Making comments asking about the removed comments simply compounds this issue. So please, before you try your hand at posting, check out the [rules](/r/AskHistorians/wiki/rules), as we don't want to have to warn you further.\n\nOf course, we know that it can be frustrating to come in here from your frontpage or /r/all and see only *[removed]*, but we thank you for your patience. If you want to be reminded to come check back later, or simply find other great content to read while you wait, [this thread](/r/AskHistorians/comments/8p0s9b/roundtable_21_be_kindremind_the_mod_approved/) provides a guide to a number of ways to do so, including the RemindMeBot- [**Click Here to Subscribe**](https://www.reddit.com/message/compose/?to=RemindMeBot&amp;subject=Reminder&amp;message=%5Bhttp%3A%2F%2FLINK-HERE%2F%5D%0A%0ARemindMe!++2+days) - or\nour [Twitter](http://twitter.com/askhistorians).\n\nFinally, while we always appreciate feedback, it is unfair to the OP to further derail this thread with META conversation, so if anyone has further questions or concerns, I would ask that they be directed to [modmail](http://www.reddit.com/message/compose?to=%2Fr%2FAskHistorians&amp;subject=Question%20Regarding%20Rules), or a [META thread](http://www.reddit.com/r/AskHistorians/submit?selftext=true&amp;title=[META]). Thank you!\n\nhttps://www.reddit.com/r/AskHistorians/comments/8p0s9b/roundtable_21_be_kindremind_the_mod_approved/\n", "edited": false, "author_flair_css_class": "moderator", "is_submitter": false, "downs": 0, "author_flair_richtext": [], "author_patreon_flair": false, "collapsed_reason": null, "body_html": "&lt;div class=\"md\"&gt;&lt;p&gt;Hello everyone, &lt;/p&gt;\n\n&lt;p&gt;If you are a first time visitor, welcome! This thread is trending high right now and getting a lot of attention, but it is important to remember those upvotes represent interest in the question itself, and &lt;a href=\"/r/AskHistorians/comments/7s66yf/a_statistical_look_at_askhistorians_in_2017_part_i/\"&gt;it can often take time for a good answer to be written&lt;/a&gt; (and that, as of the time of writing, it&amp;#39;s past midnight on the East Coast of the US, and 5:30am on Sunday morning in the UK). The mission of &lt;a href=\"/r/AskHistorians\"&gt;/r/AskHistorians&lt;/a&gt; is to provide users with &lt;strong&gt;in-depth and comprehensive responses&lt;/strong&gt;, and our &lt;a href=\"/r/AskHistorians/wiki/rules\"&gt;rules&lt;/a&gt; are intended to facilitate that purpose. &lt;em&gt;We remove comments which don&amp;#39;t follow them for reasons including unfounded speculation, shallowness, and of course, inaccuracy&lt;/em&gt;. Making comments asking about the removed comments simply compounds this issue. So please, before you try your hand at posting, check out the &lt;a href=\"/r/AskHistorians/wiki/rules\"&gt;rules&lt;/a&gt;, as we don&amp;#39;t want to have to warn you further.&lt;/p&gt;\n\n&lt;p&gt;Of course, we know that it can be frustrating to come in here from your frontpage or &lt;a href=\"/r/all\"&gt;/r/all&lt;/a&gt; and see only &lt;em&gt;[removed]&lt;/em&gt;, but we thank you for your patience. If you want to be reminded to come check back later, or simply find other great content to read while you wait, &lt;a href=\"/r/AskHistorians/comments/8p0s9b/roundtable_21_be_kindremind_the_mod_approved/\"&gt;this thread&lt;/a&gt; provides a guide to a number of ways to do so, including the RemindMeBot- &lt;a href=\"https://www.reddit.com/message/compose/?to=RemindMeBot&amp;amp;subject=Reminder&amp;amp;message=%5Bhttp%3A%2F%2FLINK-HERE%2F%5D%0A%0ARemindMe!++2+days\"&gt;&lt;strong&gt;Click Here to Subscribe&lt;/strong&gt;&lt;/a&gt; - or\nour &lt;a href=\"http://twitter.com/askhistorians\"&gt;Twitter&lt;/a&gt;.&lt;/p&gt;\n\n&lt;p&gt;Finally, while we always appreciate feedback, it is unfair to the OP to further derail this thread with META conversation, so if anyone has further questions or concerns, I would ask that they be directed to &lt;a href=\"http://www.reddit.com/message/compose?to=%2Fr%2FAskHistorians&amp;amp;subject=Question%20Regarding%20Rules\"&gt;modmail&lt;/a&gt;, or a &lt;a href=\"http://www.reddit.com/r/AskHistorians/submit?selftext=true&amp;amp;title=%5BMETA%5D\"&gt;META thread&lt;/a&gt;. Thank you!&lt;/p&gt;\n\n&lt;p&gt;&lt;a href=\"https://www.reddit.com/r/AskHistorians/comments/8p0s9b/roundtable_21_be_kindremind_the_mod_approved/\"&gt;https://www.reddit.com/r/AskHistorians/comments/8p0s9b/roundtable_21_be_kindremind_the_mod_approved/&lt;/a&gt;&lt;/p&gt;\n&lt;/div&gt;", "stickied": true, "subreddit_type": "public", "can_gild": true, "gildings": {}, "author_flair_text_color": "dark", "score_hidden": true, "permalink": "/r/AskHistorians/comments/awmqht/why_did_the_sikhs_not_get_a_sikh_country_during/ehokeda/", "num_reports": null, "locked": false, "name": "t1_ehokeda", "created": 1551619896.0, "subreddit": "AskHistorians", "author_flair_text": "Moderator | 20th Century Pop Music | History of Psychology", "collapsed": false, "created_utc": 1551591096.0, "subreddit_name_prefixed": "r/AskHistorians", "controversiality": 0, "depth": 0, "author_flair_background_color": "", "mod_reports": [], "mod_note": null, "distinguished": "moderator"}}, {"kind": "t1", "data": {"total_awards_received": 0, "approved_at_utc": null, "ups": 239, "mod_reason_by": null, "banned_by": null, "author_flair_type": "text", "removal_reason": null, "link_id": "t3_awmqht", "author_flair_template_id": null, "likes": null, "no_follow": false, "replies": {"kind": "Listing", "data": {"modhash": "", "dist": null, "children": [{"kind": "t1", "data": {"total_awards_received": 0, "approved_at_utc": null, "ups": 68, "mod_reason_by": null, "banned_by": null, "author_flair_type": "text", "removal_reason": null, "link_id": "t3_awmqht", "author_flair_template_id": null, "likes": null, "no_follow": false, "replies": {"kind": "Listing", "data": {"modhash": "", "dist": null, "children": [{"kind": "t1", "data": {"body": "All princely states (565 in total) in the Indian subcontinent were granted the choice of 1) joining India, 2) joining Pakistan, and 3) independence. The British preferred that they did not choose independence because their treaties with the princely states would lapse upon the Indian Independence Act coming into effect on 15 August, 1947. It was preferable for the UK to only deal with the two Dominion governments (India becomes a republic in 1950 and Pakistan in 1956) rather than several hundred independent governments, so they said if a princely state chose to be independent they can not become a Dominion of the Commonwealth.\n\nPrincely states were states governed by traditional rulers (with titles like Sultan, Nawaz, Maharaja, Chhatrapati, and in the case of Hyderabad, Nizam) who exercised a degree of autonomy while recognizing British paramountcy and paying the British Raj tribute. About 25% of the subcontinent's population lived under princely rule rather than the direct rule of the British Raj. Most of these states had no chance of surviving on their own so the majority of the princely states willingly chose to join India or Pakistan. \n\nMost of these states joined India than Pakistan in part due to the diplomatic efforts of Vallabhbhai Patel and V.P. Menon and because they bordered India instead of Pakistan or lacked a Muslim majority. To begin with, India and Pakistan signed instruments of accession in which princes retained large amounts of power while only ceding foreign relations, defence, and communications to India or Pakistan.  Within the next five years, as the states were integrated into India as states or provinces they lost their autonomy but the rulers were given a Privy Purse and official recognition of titles as compensation by the Indian government until 1971. The Sultans of Hunza and Naga ruled over their states as absolute monarchs within Pakistan until 1974.\n\nWhile most princes chose either India or Pakistan, Nizam Osman Ali Khan of Hyderabad announced that he wanted to join neither but declare independence. Hyderabad was the most prosperous and most populous of all the princely states so it had a better chance of being an independent country than all the others. He approached the British for support and asked to join the Commonwealth of Nations as an independent monarchy but they were not interested. \n\nAll was not well in Hyderabad however, there was deep-set inequality and discontentment. The ruling elite of Hyderabad who owned most of the land and wealth were Urdu-speaking Muslims but the majority of the population were poor Hindu peasants speaking many languages including Marathi, Kannada, and Telugu. Hyderabad lacked a competent professional army so the Nizam relied heavily on a private militia called the Rzakars. The Nizam himself was estimated to be the richest man in the world with an estimated US$2 billion fortune in the early 1940s (around US$35.8 billion today) and had a reputation for extravagance like using an 185-carat diamond as a paperweight while many of his subjects lived in poverty.\n\nIn July 1946, a peasant rebellion known as the Telangana Rebllion broke out in the Telugu speaking Telangana region lead by the Communist Party of India and the Andra Mahasabhta, a Telugu language association. The conflict was the most violent guerrilla war in Indian history. With Hyderabad in a state of internal disorder and strife, the government of India announced intentions to send a police action code-named Operation Polo to restore order and annex Hyderabad. The Hyderabad army surrendered to India  to the displeasure of the Nizam and the state was incorporated into India although the fight against the communists continued until 1951.\n\nAlso, Hyderabad was not a complete aberration as Maharaja Hari Singh of Jammu and Kashmir (a Hindu ruler of a Muslim majority state) also wanted to remain independent too but he eventually agreed to join India when he faced rebellion from Muslim rebels who also wanted home rule. This was the root of the whole Kashmir conflict which is still active today and the cause of the Indo-Pakistani War of 1947.\n\nCitations:\n\nSherman, T. C. (2007). The integration of the princely state of Hyderabad and the making of the postcolonial state in India, 1948\u201356. *The Indian Economic &amp; Social History Review*, *44*(4), 489\u2013516.\n\nErnst, W. (Ed.), Pati, B. (Ed.). (2007). *India's Princely States*. London: Routledge,\n\nRanjan, A. (Ed.). (2019). Partition of India. London: Routledge India.\n\nChandrashekar, S. 1995. *Colonialism, conflict, and nationalism: South india, 1857-1947*. New Delhi: Wishwa Prakashan.\n\nWallbank, T. Walter. 1966. *The partition of india: Causes and responsibilities*. Boston: Heath.", "total_awards_received": 0, "approved_at_utc": null, "ups": 49, "mod_reason_by": null, "banned_by": null, "author_flair_type": "text", "removal_reason": null, "link_id": "t3_awmqht", "author_flair_template_id": null, "likes": null, "replies": {"kind": "Listing", "data": {"modhash": "", "dist": null, "children": [{"kind": "t1", "data": {"total_awards_received": 0, "approved_at_utc": null, "ups": 1, "mod_reason_by": null, "banned_by": null, "author_flair_type": "text", "removal_reason": null, "link_id": "t3_awmqht", "author_flair_template_id": null, "likes": null, "no_follow": true, "replies": "", "user_reports": [], "saved": false, "id": "eibj6gr", "banned_at_utc": null, "mod_reason_title": null, "gilded": 0, "archived": false, "report_reasons": null, "author": "Tatem1961", "can_mod_post": false, "send_replies": true, "parent_id": "t1_ehr6qdb", "score": 1, "author_fullname": "t2_t206y", "approved_by": null, "all_awardings": [], "subreddit_id": "t5_2ssp3", "body": "Wow, how was the Nizam so wealthy? ", "edited": false, "author_flair_css_class": null, "is_submitter": false, "downs": 0, "author_flair_richtext": [], "author_patreon_flair": false, "collapsed_reason": null, "body_html": "&lt;div class=\"md\"&gt;&lt;p&gt;Wow, how was the Nizam so wealthy? &lt;/p&gt;\n&lt;/div&gt;", "stickied": false, "subreddit_type": "public", "can_gild": true, "gildings": {}, "author_flair_text_color": null, "score_hidden": false, "permalink": "/r/AskHistorians/comments/awmqht/why_did_the_sikhs_not_get_a_sikh_country_during/eibj6gr/", "num_reports": null, "locked": false, "name": "t1_eibj6gr", "created": 1552381348.0, "subreddit": "AskHistorians", "author_flair_text": null, "collapsed": false, "created_utc": 1552352548.0, "subreddit_name_prefixed": "r/AskHistorians", "controversiality": 0, "depth": 3, "author_flair_background_color": null, "mod_reports": [], "mod_note": null, "distinguished": null}}], "after": null, "before": null}}, "user_reports": [], "saved": false, "id": "ehr6qdb", "banned_at_utc": null, "mod_reason_title": null, "gilded": 0, "archived": false, "no_follow": false, "author": "godisanelectricolive", "can_mod_post": false, "send_replies": true, "parent_id": "t1_ehp2ats", "score": 49, "author_fullname": "t2_y60ky", "report_reasons": null, "approved_by": null, "all_awardings": [], "subreddit_id": "t5_2ssp3", "author_cakeday": true, "edited": 1551686991.0, "author_flair_css_class": null, "is_submitter": false, "downs": 0, "author_flair_richtext": [], "author_patreon_flair": false, "collapsed_reason": null, "body_html": "&lt;div class=\"md\"&gt;&lt;p&gt;All princely states (565 in total) in the Indian subcontinent were granted the choice of 1) joining India, 2) joining Pakistan, and 3) independence. The British preferred that they did not choose independence because their treaties with the princely states would lapse upon the Indian Independence Act coming into effect on 15 August, 1947. It was preferable for the UK to only deal with the two Dominion governments (India becomes a republic in 1950 and Pakistan in 1956) rather than several hundred independent governments, so they said if a princely state chose to be independent they can not become a Dominion of the Commonwealth.&lt;/p&gt;\n\n&lt;p&gt;Princely states were states governed by traditional rulers (with titles like Sultan, Nawaz, Maharaja, Chhatrapati, and in the case of Hyderabad, Nizam) who exercised a degree of autonomy while recognizing British paramountcy and paying the British Raj tribute. About 25% of the subcontinent&amp;#39;s population lived under princely rule rather than the direct rule of the British Raj. Most of these states had no chance of surviving on their own so the majority of the princely states willingly chose to join India or Pakistan. &lt;/p&gt;\n\n&lt;p&gt;Most of these states joined India than Pakistan in part due to the diplomatic efforts of Vallabhbhai Patel and V.P. Menon and because they bordered India instead of Pakistan or lacked a Muslim majority. To begin with, India and Pakistan signed instruments of accession in which princes retained large amounts of power while only ceding foreign relations, defence, and communications to India or Pakistan.  Within the next five years, as the states were integrated into India as states or provinces they lost their autonomy but the rulers were given a Privy Purse and official recognition of titles as compensation by the Indian government until 1971. The Sultans of Hunza and Naga ruled over their states as absolute monarchs within Pakistan until 1974.&lt;/p&gt;\n\n&lt;p&gt;While most princes chose either India or Pakistan, Nizam Osman Ali Khan of Hyderabad announced that he wanted to join neither but declare independence. Hyderabad was the most prosperous and most populous of all the princely states so it had a better chance of being an independent country than all the others. He approached the British for support and asked to join the Commonwealth of Nations as an independent monarchy but they were not interested. &lt;/p&gt;\n\n&lt;p&gt;All was not well in Hyderabad however, there was deep-set inequality and discontentment. The ruling elite of Hyderabad who owned most of the land and wealth were Urdu-speaking Muslims but the majority of the population were poor Hindu peasants speaking many languages including Marathi, Kannada, and Telugu. Hyderabad lacked a competent professional army so the Nizam relied heavily on a private militia called the Rzakars. The Nizam himself was estimated to be the richest man in the world with an estimated US$2 billion fortune in the early 1940s (around US$35.8 billion today) and had a reputation for extravagance like using an 185-carat diamond as a paperweight while many of his subjects lived in poverty.&lt;/p&gt;\n\n&lt;p&gt;In July 1946, a peasant rebellion known as the Telangana Rebllion broke out in the Telugu speaking Telangana region lead by the Communist Party of India and the Andra Mahasabhta, a Telugu language association. The conflict was the most violent guerrilla war in Indian history. With Hyderabad in a state of internal disorder and strife, the government of India announced intentions to send a police action code-named Operation Polo to restore order and annex Hyderabad. The Hyderabad army surrendered to India  to the displeasure of the Nizam and the state was incorporated into India although the fight against the communists continued until 1951.&lt;/p&gt;\n\n&lt;p&gt;Also, Hyderabad was not a complete aberration as Maharaja Hari Singh of Jammu and Kashmir (a Hindu ruler of a Muslim majority state) also wanted to remain independent too but he eventually agreed to join India when he faced rebellion from Muslim rebels who also wanted home rule. This was the root of the whole Kashmir conflict which is still active today and the cause of the Indo-Pakistani War of 1947.&lt;/p&gt;\n\n&lt;p&gt;Citations:&lt;/p&gt;\n\n&lt;p&gt;Sherman, T. C. (2007). The integration of the princely state of Hyderabad and the making of the postcolonial state in India, 1948\u201356. &lt;em&gt;The Indian Economic &amp;amp; Social History Review&lt;/em&gt;, &lt;em&gt;44&lt;/em&gt;(4), 489\u2013516.&lt;/p&gt;\n\n&lt;p&gt;Ernst, W. (Ed.), Pati, B. (Ed.). (2007). &lt;em&gt;India&amp;#39;s Princely States&lt;/em&gt;. London: Routledge,&lt;/p&gt;\n\n&lt;p&gt;Ranjan, A. (Ed.). (2019). Partition of India. London: Routledge India.&lt;/p&gt;\n\n&lt;p&gt;Chandrashekar, S. 1995. &lt;em&gt;Colonialism, conflict, and nationalism: South india, 1857-1947&lt;/em&gt;. New Delhi: Wishwa Prakashan.&lt;/p&gt;\n\n&lt;p&gt;Wallbank, T. Walter. 1966. &lt;em&gt;The partition of india: Causes and responsibilities&lt;/em&gt;. Boston: Heath.&lt;/p&gt;\n&lt;/div&gt;", "stickied": false, "subreddit_type": "public", "can_gild": true, "gildings": {}, "author_flair_text_color": null, "score_hidden": false, "permalink": "/r/AskHistorians/comments/awmqht/why_did_the_sikhs_not_get_a_sikh_country_during/ehr6qdb/", "num_reports": null, "locked": false, "name": "t1_ehr6qdb", "created": 1551714923.0, "subreddit": "AskHistorians", "author_flair_text": null, "collapsed": false, "created_utc": 1551686123.0, "subreddit_name_prefixed": "r/AskHistorians", "controversiality": 0, "depth": 2, "author_flair_background_color": null, "mod_reports": [], "mod_note": null, "distinguished": null}}], "after": null, "before": null}}, "user_reports": [], "saved": false, "id": "ehp2ats", "banned_at_utc": null, "mod_reason_title": null, "gilded": 0, "archived": false, "report_reasons": null, "author": "Gwenavere", "can_mod_post": false, "send_replies": true, "parent_id": "t1_ehomd64", "score": 68, "author_fullname": "t2_rw1g4", "approved_by": null, "all_awardings": [], "subreddit_id": "t5_2ssp3", "body": "Going off of this, Hyderabad was initially not going to join India (at the wish of it's government if I understand correctly). Why was Hyderabad allowed to make this choice? Were other states given the same choice and everyone else chose to join India willingly? What made Hyderabad a unique case?", "edited": false, "author_flair_css_class": null, "is_submitter": false, "downs": 0, "author_flair_richtext": [], "author_patreon_flair": false, "collapsed_reason": null, "body_html": "&lt;div class=\"md\"&gt;&lt;p&gt;Going off of this, Hyderabad was initially not going to join India (at the wish of it&amp;#39;s government if I understand correctly). Why was Hyderabad allowed to make this choice? Were other states given the same choice and everyone else chose to join India willingly? What made Hyderabad a unique case?&lt;/p&gt;\n&lt;/div&gt;", "stickied": false, "subreddit_type": "public", "can_gild": true, "gildings": {}, "author_flair_text_color": null, "score_hidden": false, "permalink": "/r/AskHistorians/comments/awmqht/why_did_the_sikhs_not_get_a_sikh_country_during/ehp2ats/", "num_reports": null, "locked": false, "name": "t1_ehp2ats", "created": 1551646300.0, "subreddit": "AskHistorians", "author_flair_text": null, "collapsed": false, "created_utc": 1551617500.0, "subreddit_name_prefixed": "r/AskHistorians", "controversiality": 0, "depth": 1, "author_flair_background_color": null, "mod_reports": [], "mod_note": null, "distinguished": null}}, {"kind": "t1", "data": {"total_awards_received": 0, "approved_at_utc": null, "ups": -3, "mod_reason_by": null, "banned_by": null, "removal_reason": null, "link_id": "t3_awmqht", "author_flair_template_id": null, "likes": null, "no_follow": true, "replies": {"kind": "Listing", "data": {"modhash": "", "dist": null, "children": [{"kind": "t1", "data": {"total_awards_received": 0, "approved_at_utc": null, "ups": 8, "mod_reason_by": null, "banned_by": null, "author_flair_type": "text", "removal_reason": null, "link_id": "t3_awmqht", "author_flair_template_id": null, "likes": null, "no_follow": false, "replies": "", "user_reports": [], "saved": false, "id": "ehpaw30", "banned_at_utc": null, "mod_reason_title": null, "gilded": 0, "archived": false, "report_reasons": null, "author": "AncientHistory", "can_mod_post": false, "send_replies": true, "parent_id": "t1_ehp83zw", "score": 8, "author_fullname": "t2_cxryn", "approved_by": null, "all_awardings": [], "subreddit_id": "t5_2ssp3", "body": "Sorry, but we have had to remove your comment. Please understand that people come here because they want an informed response from someone capable of engaging with the sources, and providing follow-up information. Wikipedia can be a useful tool, but merely repeating information found there doesn't provide the type of answers we seek to encourage here. [As such, we don't allow answers which simply link to, quote from, or are otherwise heavily dependent on Wikipedia](https://www.reddit.com/r/AskHistorians/wiki/rules#wiki_sources). We presume that someone posting a question here either doesn't want to get the 'Wikipedia answer', or has already checked there and found it lacking. You can find further discussion of this policy [here](https://www.reddit.com/r/AskHistorians/comments/3yjz53/rules_roundtable_2_explaining_the_rules_regarding/). In the future, please take the time to better familiarize yourself with [the rules](http://www.reddit.com/r/AskHistorians/wiki/rules#wiki_write_an_in-depth_answer) before contributing again.\n", "edited": false, "author_flair_css_class": "other", "is_submitter": false, "downs": 0, "author_flair_richtext": [], "author_patreon_flair": false, "collapsed_reason": null, "body_html": "&lt;div class=\"md\"&gt;&lt;p&gt;Sorry, but we have had to remove your comment. Please understand that people come here because they want an informed response from someone capable of engaging with the sources, and providing follow-up information. Wikipedia can be a useful tool, but merely repeating information found there doesn&amp;#39;t provide the type of answers we seek to encourage here. &lt;a href=\"https://www.reddit.com/r/AskHistorians/wiki/rules#wiki_sources\"&gt;As such, we don&amp;#39;t allow answers which simply link to, quote from, or are otherwise heavily dependent on Wikipedia&lt;/a&gt;. We presume that someone posting a question here either doesn&amp;#39;t want to get the &amp;#39;Wikipedia answer&amp;#39;, or has already checked there and found it lacking. You can find further discussion of this policy &lt;a href=\"https://www.reddit.com/r/AskHistorians/comments/3yjz53/rules_roundtable_2_explaining_the_rules_regarding/\"&gt;here&lt;/a&gt;. In the future, please take the time to better familiarize yourself with &lt;a href=\"http://www.reddit.com/r/AskHistorians/wiki/rules#wiki_write_an_in-depth_answer\"&gt;the rules&lt;/a&gt; before contributing again.&lt;/p&gt;\n&lt;/div&gt;", "stickied": false, "subreddit_type": "public", "can_gild": true, "gildings": {}, "author_flair_text_color": "dark", "score_hidden": false, "permalink": "/r/AskHistorians/comments/awmqht/why_did_the_sikhs_not_get_a_sikh_country_during/ehpaw30/", "num_reports": null, "locked": false, "name": "t1_ehpaw30", "created": 1551655798.0, "subreddit": "AskHistorians", "author_flair_text": "Moderator | Pulp Studies | H. P. Lovecraft", "collapsed": false, "created_utc": 1551626998.0, "subreddit_name_prefixed": "r/AskHistorians", "controversiality": 0, "depth": 2, "author_flair_background_color": "", "mod_reports": [], "mod_note": null, "distinguished": "moderator"}}], "after": null, "before": null}}, "user_reports": [], "saved": false, "id": "ehp83zw", "banned_at_utc": null, "mod_reason_title": null, "gilded": 0, "archived": false, "report_reasons": null, "author": "[deleted]", "can_mod_post": false, "send_replies": true, "parent_id": "t1_ehomd64", "score": -3, "approved_by": null, "all_awardings": [], "subreddit_id": "t5_2ssp3", "body": "[removed]", "edited": false, "author_flair_css_class": null, "downs": 0, "is_submitter": false, "collapsed_reason": null, "body_html": "&lt;div class=\"md\"&gt;&lt;p&gt;[removed]&lt;/p&gt;\n&lt;/div&gt;", "stickied": false, "subreddit_type": "public", "can_gild": true, "gildings": {}, "author_flair_text_color": "dark", "score_hidden": false, "permalink": "/r/AskHistorians/comments/awmqht/why_did_the_sikhs_not_get_a_sikh_country_during/ehp83zw/", "num_reports": null, "locked": false, "name": "t1_ehp83zw", "created": 1551653208.0, "subreddit": "AskHistorians", "author_flair_text": null, "collapsed": false, "created_utc": 1551624408.0, "subreddit_name_prefixed": "r/AskHistorians", "controversiality": 0, "depth": 1, "author_flair_background_color": "", "mod_reports": [], "mod_note": null, "distinguished": null}}], "after": null, "before": null}}, "user_reports": [], "saved": false, "id": "ehomd64", "banned_at_utc": null, "mod_reason_title": null, "gilded": 0, "archived": false, "report_reasons": null, "author": "tak-in-the-box", "can_mod_post": false, "send_replies": true, "parent_id": "t3_awmqht", "score": 239, "author_fullname": "t2_awaer", "approved_by": null, "all_awardings": [], "subreddit_id": "t5_2ssp3", "body": "Adding on, but what *was* the process for partition? Did at some point the British look at all the previous states that existed there and consider giving each their independence? When and why did they decide to lump them all into super-states?", "edited": false, "author_flair_css_class": null, "is_submitter": false, "downs": 0, "author_flair_richtext": [], "author_patreon_flair": false, "collapsed_reason": null, "body_html": "&lt;div class=\"md\"&gt;&lt;p&gt;Adding on, but what &lt;em&gt;was&lt;/em&gt; the process for partition? Did at some point the British look at all the previous states that existed there and consider giving each their independence? When and why did they decide to lump them all into super-states?&lt;/p&gt;\n&lt;/div&gt;", "stickied": false, "subreddit_type": "public", "can_gild": true, "gildings": {}, "author_flair_text_color": null, "score_hidden": false, "permalink": "/r/AskHistorians/comments/awmqht/why_did_the_sikhs_not_get_a_sikh_country_during/ehomd64/", "num_reports": null, "locked": false, "name": "t1_ehomd64", "created": 1551621815.0, "subreddit": "AskHistorians", "author_flair_text": null, "collapsed": false, "created_utc": 1551593015.0, "subreddit_name_prefixed": "r/AskHistorians", "controversiality": 0, "depth": 0, "author_flair_background_color": null, "mod_reports": [], "mod_note": null, "distinguished": null}}, {"kind": "t1", "data": {"total_awards_received": 0, "approved_at_utc": null, "ups": 40, "mod_reason_by": null, "banned_by": null, "author_flair_type": "text", "removal_reason": null, "link_id": "t3_awmqht", "author_flair_template_id": null, "likes": null, "no_follow": false, "replies": {"kind": "Listing", "data": {"modhash": "", "dist": null, "children": [{"kind": "t1", "data": {"total_awards_received": 0, "approved_at_utc": null, "ups": 9, "mod_reason_by": null, "banned_by": null, "removal_reason": null, "link_id": "t3_awmqht", "author_flair_template_id": null, "likes": null, "no_follow": true, "replies": {"kind": "Listing", "data": {"modhash": "", "dist": null, "children": [{"kind": "t1", "data": {"total_awards_received": 0, "approved_at_utc": null, "ups": 2, "mod_reason_by": null, "banned_by": null, "author_flair_type": "text", "removal_reason": null, "link_id": "t3_awmqht", "author_flair_template_id": null, "likes": null, "no_follow": true, "replies": "", "user_reports": [], "saved": false, "id": "ei0a0xw", "banned_at_utc": null, "mod_reason_title": null, "gilded": 0, "archived": false, "report_reasons": null, "author": "highvoryhorse", "can_mod_post": false, "send_replies": true, "parent_id": "t1_ehwcqqq", "score": 2, "author_fullname": "t2_sw4av", "approved_by": null, "all_awardings": [], "subreddit_id": "t5_2ssp3", "body": "I think both etymologies are valid and intended. When Choudhry Rahmat Ali coined the term in his pamphlet 'Now or Never' he writes that by Pakistan 'we mean the five Northern units of India viz: Punjab, North-West Frontier Province (Afghan Province), Kashmir, Sind, and Baluchistan'. The ordering of the provinces does give the impression that the acronym was intended. But, at the same time, the pak+stan seems equally intentional.", "edited": false, "author_flair_css_class": null, "is_submitter": false, "downs": 0, "author_flair_richtext": [], "author_patreon_flair": false, "collapsed_reason": null, "body_html": "&lt;div class=\"md\"&gt;&lt;p&gt;I think both etymologies are valid and intended. When Choudhry Rahmat Ali coined the term in his pamphlet &amp;#39;Now or Never&amp;#39; he writes that by Pakistan &amp;#39;we mean the five Northern units of India viz: Punjab, North-West Frontier Province (Afghan Province), Kashmir, Sind, and Baluchistan&amp;#39;. The ordering of the provinces does give the impression that the acronym was intended. But, at the same time, the pak+stan seems equally intentional.&lt;/p&gt;\n&lt;/div&gt;", "stickied": false, "subreddit_type": "public", "can_gild": true, "gildings": {}, "author_flair_text_color": null, "score_hidden": false, "permalink": "/r/AskHistorians/comments/awmqht/why_did_the_sikhs_not_get_a_sikh_country_during/ei0a0xw/", "num_reports": null, "locked": false, "name": "t1_ei0a0xw", "created": 1552008734.0, "subreddit": "AskHistorians", "author_flair_text": null, "collapsed": false, "created_utc": 1551979934.0, "subreddit_name_prefixed": "r/AskHistorians", "controversiality": 0, "depth": 2, "author_flair_background_color": null, "mod_reports": [], "mod_note": null, "distinguished": null}}], "after": null, "before": null}}, "user_reports": [], "saved": false, "id": "ehwcqqq", "banned_at_utc": null, "mod_reason_title": null, "gilded": 0, "archived": false, "report_reasons": null, "author": "[deleted]", "can_mod_post": false, "send_replies": true, "parent_id": "t1_ehsxdtm", "score": 9, "approved_by": null, "all_awardings": [], "subreddit_id": "t5_2ssp3", "body": "[deleted]", "edited": 1552293625.0, "author_flair_css_class": null, "downs": 0, "is_submitter": false, "collapsed_reason": null, "body_html": "&lt;div class=\"md\"&gt;&lt;p&gt;[deleted]&lt;/p&gt;\n&lt;/div&gt;", "stickied": false, "subreddit_type": "public", "can_gild": true, "gildings": {}, "author_flair_text_color": "dark", "score_hidden": false, "permalink": "/r/AskHistorians/comments/awmqht/why_did_the_sikhs_not_get_a_sikh_country_during/ehwcqqq/", "num_reports": null, "locked": false, "name": "t1_ehwcqqq", "created": 1551878596.0, "subreddit": "AskHistorians", "author_flair_text": null, "collapsed": false, "created_utc": 1551849796.0, "subreddit_name_prefixed": "r/AskHistorians", "controversiality": 0, "depth": 1, "author_flair_background_color": "", "mod_reports": [], "mod_note": null, "distinguished": null}}, {"kind": "t1", "data": {"total_awards_received": 0, "approved_at_utc": null, "ups": 4, "mod_reason_by": null, "banned_by": null, "author_flair_type": "text", "removal_reason": null, "link_id": "t3_awmqht", "author_flair_template_id": null, "likes": null, "no_follow": true, "replies": {"kind": "Listing", "data": {"modhash": "", "dist": null, "children": [{"kind": "t1", "data": {"total_awards_received": 0, "approved_at_utc": null, "ups": 5, "mod_reason_by": null, "banned_by": null, "author_flair_type": "text", "removal_reason": null, "link_id": "t3_awmqht", "author_flair_template_id": null, "likes": null, "no_follow": false, "replies": {"kind": "Listing", "data": {"modhash": "", "dist": null, "children": [{"kind": "t1", "data": {"total_awards_received": 0, "approved_at_utc": null, "ups": 2, "mod_reason_by": null, "banned_by": null, "author_flair_type": "text", "removal_reason": null, "link_id": "t3_awmqht", "author_flair_template_id": null, "likes": null, "no_follow": true, "replies": "", "user_reports": [], "saved": false, "id": "ei0lvo2", "banned_at_utc": null, "mod_reason_title": null, "gilded": 0, "archived": false, "report_reasons": null, "author": "whatifisaid", "can_mod_post": false, "send_replies": true, "parent_id": "t1_ei0auct", "score": 2, "author_fullname": "t2_b5iiv", "approved_by": null, "all_awardings": [], "subreddit_id": "t5_2ssp3", "body": "Thank-you.", "edited": false, "author_flair_css_class": null, "is_submitter": false, "downs": 0, "author_flair_richtext": [], "author_patreon_flair": false, "collapsed_reason": null, "body_html": "&lt;div class=\"md\"&gt;&lt;p&gt;Thank-you.&lt;/p&gt;\n&lt;/div&gt;", "stickied": false, "subreddit_type": "public", "can_gild": true, "gildings": {}, "author_flair_text_color": null, "score_hidden": false, "permalink": "/r/AskHistorians/comments/awmqht/why_did_the_sikhs_not_get_a_sikh_country_during/ei0lvo2/", "num_reports": null, "locked": false, "name": "t1_ei0lvo2", "created": 1552016527.0, "subreddit": "AskHistorians", "author_flair_text": null, "collapsed": false, "created_utc": 1551987727.0, "subreddit_name_prefixed": "r/AskHistorians", "controversiality": 0, "depth": 3, "author_flair_background_color": null, "mod_reports": [], "mod_note": null, "distinguished": null}}], "after": null, "before": null}}, "user_reports": [], "saved": false, "id": "ei0auct", "banned_at_utc": null, "mod_reason_title": null, "gilded": 0, "archived": false, "report_reasons": null, "author": "highvoryhorse", "can_mod_post": false, "send_replies": true, "parent_id": "t1_ehwvuq4", "score": 5, "author_fullname": "t2_sw4av", "approved_by": null, "all_awardings": [], "subreddit_id": "t5_2ssp3", "body": "For further reading I'd primarily recommend Patrick French's excellent 'Liberty or Death'. It's a wonderful introduction to the period and quite easy reading. Similarly, Barney White-Spunner's 'Partition' is a good read. For more Sikh specific material there is 'Sikh History and Religion in the Twentieth Century' editted by Joseph T. O\u2019Connell: particularly 'The Sikhs and the Challenge of the Eighties' by Patwant Singh which touches on the possibilities of an independent Sikh state", "edited": false, "author_flair_css_class": null, "is_submitter": false, "downs": 0, "author_flair_richtext": [], "author_patreon_flair": false, "collapsed_reason": null, "body_html": "&lt;div class=\"md\"&gt;&lt;p&gt;For further reading I&amp;#39;d primarily recommend Patrick French&amp;#39;s excellent &amp;#39;Liberty or Death&amp;#39;. It&amp;#39;s a wonderful introduction to the period and quite easy reading. Similarly, Barney White-Spunner&amp;#39;s &amp;#39;Partition&amp;#39; is a good read. For more Sikh specific material there is &amp;#39;Sikh History and Religion in the Twentieth Century&amp;#39; editted by Joseph T. O\u2019Connell: particularly &amp;#39;The Sikhs and the Challenge of the Eighties&amp;#39; by Patwant Singh which touches on the possibilities of an independent Sikh state&lt;/p&gt;\n&lt;/div&gt;", "stickied": false, "subreddit_type": "public", "can_gild": true, "gildings": {}, "author_flair_text_color": null, "score_hidden": false, "permalink": "/r/AskHistorians/comments/awmqht/why_did_the_sikhs_not_get_a_sikh_country_during/ei0auct/", "num_reports": null, "locked": false, "name": "t1_ei0auct", "created": 1552009276.0, "subreddit": "AskHistorians", "author_flair_text": null, "collapsed": false, "created_utc": 1551980476.0, "subreddit_name_prefixed": "r/AskHistorians", "controversiality": 0, "depth": 2, "author_flair_background_color": null, "mod_reports": [], "mod_note": null, "distinguished": null}}], "after": null, "before": null}}, "user_reports": [], "saved": false, "id": "ehwvuq4", "banned_at_utc": null, "mod_reason_title": null, "gilded": 0, "archived": false, "report_reasons": null, "author": "whatifisaid", "can_mod_post": false, "send_replies": true, "parent_id": "t1_ehsxdtm", "score": 4, "author_fullname": "t2_b5iiv", "approved_by": null, "all_awardings": [], "subreddit_id": "t5_2ssp3", "body": "What are your sources for further reading?", "edited": false, "author_flair_css_class": null, "is_submitter": false, "downs": 0, "author_flair_richtext": [], "author_patreon_flair": false, "collapsed_reason": null, "body_html": "&lt;div class=\"md\"&gt;&lt;p&gt;What are your sources for further reading?&lt;/p&gt;\n&lt;/div&gt;", "stickied": false, "subreddit_type": "public", "can_gild": true, "gildings": {}, "author_flair_text_color": null, "score_hidden": false, "permalink": "/r/AskHistorians/comments/awmqht/why_did_the_sikhs_not_get_a_sikh_country_during/ehwvuq4/", "num_reports": null, "locked": false, "name": "t1_ehwvuq4", "created": 1551906102.0, "subreddit": "AskHistorians", "author_flair_text": null, "collapsed": false, "created_utc": 1551877302.0, "subreddit_name_prefixed": "r/AskHistorians", "controversiality": 0, "depth": 1, "author_flair_background_color": null, "mod_reports": [], "mod_note": null, "distinguished": null}}, {"kind": "t1", "data": {"total_awards_received": 0, "approved_at_utc": null, "ups": 1, "mod_reason_by": null, "banned_by": null, "author_flair_type": "text", "removal_reason": null, "link_id": "t3_awmqht", "author_flair_template_id": null, "likes": null, "no_follow": true, "replies": {"kind": "Listing", "data": {"modhash": "", "dist": null, "children": [{"kind": "t1", "data": {"total_awards_received": 0, "approved_at_utc": null, "ups": 9, "mod_reason_by": null, "banned_by": null, "author_flair_type": "text", "removal_reason": null, "link_id": "t3_awmqht", "author_flair_template_id": null, "likes": null, "no_follow": false, "replies": "", "user_reports": [], "saved": false, "id": "eibjjmm", "banned_at_utc": null, "mod_reason_title": null, "gilded": 0, "archived": false, "report_reasons": null, "author": "sakredfire", "can_mod_post": false, "send_replies": true, "parent_id": "t1_ei3372b", "score": 9, "author_fullname": "t2_68lep", "approved_by": null, "all_awardings": [], "subreddit_id": "t5_2ssp3", "body": "Not really...the IVC included Gujarat and Haryana, with more sites being found deeper into the subcontinent all the time. All the major pre-Islamic North Indian empires also included the area that constitutes Pakistan. \n\n- Maurya\n- Gupta\n- Harshavardhana\n- Kabul Shahi", "edited": false, "author_flair_css_class": null, "is_submitter": false, "downs": 0, "author_flair_richtext": [], "author_patreon_flair": false, "collapsed_reason": null, "body_html": "&lt;div class=\"md\"&gt;&lt;p&gt;Not really...the IVC included Gujarat and Haryana, with more sites being found deeper into the subcontinent all the time. All the major pre-Islamic North Indian empires also included the area that constitutes Pakistan. &lt;/p&gt;\n\n&lt;ul&gt;\n&lt;li&gt;Maurya&lt;/li&gt;\n&lt;li&gt;Gupta&lt;/li&gt;\n&lt;li&gt;Harshavardhana&lt;/li&gt;\n&lt;li&gt;Kabul Shahi&lt;/li&gt;\n&lt;/ul&gt;\n&lt;/div&gt;", "stickied": false, "subreddit_type": "public", "can_gild": true, "gildings": {}, "author_flair_text_color": null, "score_hidden": false, "permalink": "/r/AskHistorians/comments/awmqht/why_did_the_sikhs_not_get_a_sikh_country_during/eibjjmm/", "num_reports": null, "locked": false, "name": "t1_eibjjmm", "created": 1552381614.0, "subreddit": "AskHistorians", "author_flair_text": null, "collapsed": false, "created_utc": 1552352814.0, "subreddit_name_prefixed": "r/AskHistorians", "controversiality": 0, "depth": 2, "author_flair_background_color": null, "mod_reports": [], "mod_note": null, "distinguished": null}}], "after": null, "before": null}}, "user_reports": [], "saved": false, "id": "ei3372b", "banned_at_utc": null, "mod_reason_title": null, "gilded": 0, "archived": false, "report_reasons": null, "author": "veritasxe", "can_mod_post": false, "send_replies": true, "parent_id": "t1_ehsxdtm", "score": 1, "author_fullname": "t2_4c1cc", "approved_by": null, "all_awardings": [], "subreddit_id": "t5_2ssp3", "body": "Small correction - The area that now constitutes Pakistan has always been seperate and distinct from the remainder of what now constitutes the majority of India. Pakistan is a continuation of a long line of civilizations and empires that were clustered around the Indus River. The fact Pakistan is named Pakistan, rather than something relating to the Indus is the \"made up\" aspect of that country, although that fact makes it no more made up than America or Canada.\n\nSee - IVC, Vedic Civilization, Indo-Greek Kingdom, ", "edited": false, "author_flair_css_class": null, "is_submitter": false, "downs": 0, "author_flair_richtext": [], "author_patreon_flair": false, "collapsed_reason": null, "body_html": "&lt;div class=\"md\"&gt;&lt;p&gt;Small correction - The area that now constitutes Pakistan has always been seperate and distinct from the remainder of what now constitutes the majority of India. Pakistan is a continuation of a long line of civilizations and empires that were clustered around the Indus River. The fact Pakistan is named Pakistan, rather than something relating to the Indus is the &amp;quot;made up&amp;quot; aspect of that country, although that fact makes it no more made up than America or Canada.&lt;/p&gt;\n\n&lt;p&gt;See - IVC, Vedic Civilization, Indo-Greek Kingdom, &lt;/p&gt;\n&lt;/div&gt;", "stickied": false, "subreddit_type": "public", "can_gild": true, "gildings": {}, "author_flair_text_color": null, "score_hidden": false, "permalink": "/r/AskHistorians/comments/awmqht/why_did_the_sikhs_not_get_a_sikh_country_during/ei3372b/", "num_reports": null, "locked": false, "name": "t1_ei3372b", "created": 1552097683.0, "subreddit": "AskHistorians", "author_flair_text": null, "collapsed": false, "created_utc": 1552068883.0, "subreddit_name_prefixed": "r/AskHistorians", "controversiality": 0, "depth": 1, "author_flair_background_color": null, "mod_reports": [], "mod_note": null, "distinguished": null}}], "after": null, "before": null}}, "user_reports": [], "saved": false, "id": "ehsxdtm", "banned_at_utc": null, "mod_reason_title": null, "gilded": 0, "archived": false, "report_reasons": null, "author": "highvoryhorse", "can_mod_post": false, "send_replies": true, "parent_id": "t3_awmqht", "score": 40, "author_fullname": "t2_sw4av", "approved_by": null, "all_awardings": [], "subreddit_id": "t5_2ssp3", "body": "The thing about partition is that it was never the British\u2019s plan. No one on the British side really wanted partition and many saw it as a great tragedy. Partition was not a calculated effort by the British to cut up the subcontinent in along ethnic lines in such a way that the Sikh's ought to get their own state. Instead, partition was the demand of the Muslim League and their leader Muhammad Ali Jinnah and designed primarily to deal with tensions between India's Muslim and Hindu populations.\n\nTo take a step back, if we are to understand partition, we have to understand Jinnah and his plans. Jinnah was nervous that, in an independent India, the Hindu majority would be in a position to oppress the Muslim minority. As Jinnah put it \u2018Brother Gandhi has three votes and I have only one\u2019. While many now see Gandhi as a saint-like figure, to Jinnah and many contemporary Muslims, he was a strict Hindu nationalist and someone to be feared. In the early years of the independence movement, Jinnah advocated quotas for the number of muslims in an Indian government and later the idea of a federal system with muslim areas having independence within traditionally muslim provinces. But, as Jinnah grew disillusioned with the Hindu dominated Indian National Congress, he began to push for a separate state as the most certain means of protection for India\u2019s muslims. This state was Pakistan.\n\nNow, in your question, you talk about the historic basis of a Sikh kingdom. The thing about Partition is that the state that it did create, Pakistan, had no historic basis. The name itself was only coined in 1933. It\u2019s an acronym of the key provinces in the North West that would make up a potential Pakistan: Punjab, Afghan (the North-West frontier region), Kashmir, Indus and Sind. The \"Tan\" is said to represent Baluchistan. Pakistan was created as a new country to house India's muslim population. This isn\u2019t even to mention that what we now know as Bangladesh was, at the time of partition, East Pakistan and the same country but with a really big gap in between. It was only created and twinned with Western Pakistan because both areas had substantial Muslim populations. Definitely no historic precedent for that. So, when the British partitioned Pakistan from India, it was not for historic reasons but more in order to keep the peace. The theory was that Muslim majority areas of the country would form their own Muslim state and this would protect them from Hindu domination. Further, so long as Pakistan contained some Hindus and India contained some Muslims, these \u2018hostages\u2019 would mean that each country treated the other\u2019s coreligionists with respect. That was the theory.\n\nAs British obfuscations against independence grew and nationalist politics became more divisive, tensions blossomed between the Muslim and Hindu populations. Mass violence like the Great Calcutta Killings were less than rare. And so, when the British were planning to withdraw from the subcontinent, they had to consider the transfer of power. If they gave all power to the Hindu dominated National Congress, then the Muslims would surely rise up and the result would be civil war. Ultimately, the British decided that it would be best to separate the two populations - at least temporarily. Before partition, it was in no way certain that the borders would stay that way forever. Jawaharlal Nehru - the first Indian Prime Minister - even kept his country house across the border in Pakistan with the expectation he could just come and go.\n\nThe big take away here is that the Partition of Pakistan seemed the only way to keep the peace. The British did not aim to divide the country along ethnic lines and only did so to keep violence from escalating.\n\nSo, where does that leave the Sikhs?\n\nThe Sikhs were in a sticky situation for a bunch of reasons. They weren\u2019t a strong political force. The Sikh population of India was no where near as large as the Muslim population. The Sikhs were broadly located in the North West of the country but primarily in the Punjab. While the Punjab had strong Sikh representation before the 1940\u2019s, after the death of SIkandar Hyat Khan - a unionist politician who represented all the Punjab\u2019s land holders no matter they\u2019re religion - Jinnah and the Muslim League took over Punjabi politics. Afterwards, the Sikh\u2019s were politically divided and no political force. During the time of Partition, Master Tara Singh (master here being school master rather than anything exciting) emerged as their leader but was broadly ineffective.\n\nThere were some suggestions of a Sikh province. The idea was, for a time, taken up by Leo Amery, the British Secretary of State for India but shot down by Lord Linlithgow, the Viceroy. Master Tara Singh brought up the idea later but was again shot down. The Sikhs were seen as minor nuisances. Even their substantial radicalism and terror campaigns were seen as minor and locking up Master Tara Singh seen as causing more trouble than it was worth. Considering how difficult it was to simply partition Pakistan and deal with the Muslims, no one found time for the Sikhs.\n\nSecond, Even if there was political will for a Sikh state, the borders would be impossible to reconcile with any potential Pakistan. The Sikhs were mostly based in the Punjab, primarily in the East with a few large pockets in the West. But the Punjab, which made up the P of Pakistan, was the centre of any potential Pakistan. Jinnah wanted all of the Punjab for his Pakistan but, when it came to Partition itself, the British decreed that the province would be divided between Muslim Pakistan and Hindu India. The lines were drawn so the central Sikh areas were included in India - particularly the sacred city of Amritsar and the surrounding territories - but still many Western Sikhs were left in Pakistan.\n\nA Sikh memorandum to the boundary commission was put forward in July 1947 that would keep 90% of Sikh\u2019s within India but such a division would leave only a fraction of the Punjab inside of Pakistan and so was politically untenable. Already Jinnah was mad that he\u2019d been handed a \u2018moth eaten Pakistan\u2019 once half the Punjab was bitten off by India. He was not prepared to concede any more territory.\n\nBroadly, any concessions to providing Sikhs their own territory - whether sovereign or within India - would be wholly unacceptable to Pakistan. Sikhs were so entwined throughout Pakistani territory that it was impossible to provide them their own state.\n\n**TLDR;** the Sikhs were never big enough political players for the British to worry about them. Worries were reserved for the Muslims and the Hindus and partition was only undertaken to try and avoid a civil war between the two of them. Further, because most Sikhs were in territory the Muslims wanted for Pakistan, giving them any more land than necessary would upset the Muslims and cause more damage than it was worth.", "edited": 1551742853.0, "author_flair_css_class": null, "is_submitter": false, "downs": 0, "author_flair_richtext": [], "author_patreon_flair": false, "collapsed_reason": null, "body_html": "&lt;div class=\"md\"&gt;&lt;p&gt;The thing about partition is that it was never the British\u2019s plan. No one on the British side really wanted partition and many saw it as a great tragedy. Partition was not a calculated effort by the British to cut up the subcontinent in along ethnic lines in such a way that the Sikh&amp;#39;s ought to get their own state. Instead, partition was the demand of the Muslim League and their leader Muhammad Ali Jinnah and designed primarily to deal with tensions between India&amp;#39;s Muslim and Hindu populations.&lt;/p&gt;\n\n&lt;p&gt;To take a step back, if we are to understand partition, we have to understand Jinnah and his plans. Jinnah was nervous that, in an independent India, the Hindu majority would be in a position to oppress the Muslim minority. As Jinnah put it \u2018Brother Gandhi has three votes and I have only one\u2019. While many now see Gandhi as a saint-like figure, to Jinnah and many contemporary Muslims, he was a strict Hindu nationalist and someone to be feared. In the early years of the independence movement, Jinnah advocated quotas for the number of muslims in an Indian government and later the idea of a federal system with muslim areas having independence within traditionally muslim provinces. But, as Jinnah grew disillusioned with the Hindu dominated Indian National Congress, he began to push for a separate state as the most certain means of protection for India\u2019s muslims. This state was Pakistan.&lt;/p&gt;\n\n&lt;p&gt;Now, in your question, you talk about the historic basis of a Sikh kingdom. The thing about Partition is that the state that it did create, Pakistan, had no historic basis. The name itself was only coined in 1933. It\u2019s an acronym of the key provinces in the North West that would make up a potential Pakistan: Punjab, Afghan (the North-West frontier region), Kashmir, Indus and Sind. The &amp;quot;Tan&amp;quot; is said to represent Baluchistan. Pakistan was created as a new country to house India&amp;#39;s muslim population. This isn\u2019t even to mention that what we now know as Bangladesh was, at the time of partition, East Pakistan and the same country but with a really big gap in between. It was only created and twinned with Western Pakistan because both areas had substantial Muslim populations. Definitely no historic precedent for that. So, when the British partitioned Pakistan from India, it was not for historic reasons but more in order to keep the peace. The theory was that Muslim majority areas of the country would form their own Muslim state and this would protect them from Hindu domination. Further, so long as Pakistan contained some Hindus and India contained some Muslims, these \u2018hostages\u2019 would mean that each country treated the other\u2019s coreligionists with respect. That was the theory.&lt;/p&gt;\n\n&lt;p&gt;As British obfuscations against independence grew and nationalist politics became more divisive, tensions blossomed between the Muslim and Hindu populations. Mass violence like the Great Calcutta Killings were less than rare. And so, when the British were planning to withdraw from the subcontinent, they had to consider the transfer of power. If they gave all power to the Hindu dominated National Congress, then the Muslims would surely rise up and the result would be civil war. Ultimately, the British decided that it would be best to separate the two populations - at least temporarily. Before partition, it was in no way certain that the borders would stay that way forever. Jawaharlal Nehru - the first Indian Prime Minister - even kept his country house across the border in Pakistan with the expectation he could just come and go.&lt;/p&gt;\n\n&lt;p&gt;The big take away here is that the Partition of Pakistan seemed the only way to keep the peace. The British did not aim to divide the country along ethnic lines and only did so to keep violence from escalating.&lt;/p&gt;\n\n&lt;p&gt;So, where does that leave the Sikhs?&lt;/p&gt;\n\n&lt;p&gt;The Sikhs were in a sticky situation for a bunch of reasons. They weren\u2019t a strong political force. The Sikh population of India was no where near as large as the Muslim population. The Sikhs were broadly located in the North West of the country but primarily in the Punjab. While the Punjab had strong Sikh representation before the 1940\u2019s, after the death of SIkandar Hyat Khan - a unionist politician who represented all the Punjab\u2019s land holders no matter they\u2019re religion - Jinnah and the Muslim League took over Punjabi politics. Afterwards, the Sikh\u2019s were politically divided and no political force. During the time of Partition, Master Tara Singh (master here being school master rather than anything exciting) emerged as their leader but was broadly ineffective.&lt;/p&gt;\n\n&lt;p&gt;There were some suggestions of a Sikh province. The idea was, for a time, taken up by Leo Amery, the British Secretary of State for India but shot down by Lord Linlithgow, the Viceroy. Master Tara Singh brought up the idea later but was again shot down. The Sikhs were seen as minor nuisances. Even their substantial radicalism and terror campaigns were seen as minor and locking up Master Tara Singh seen as causing more trouble than it was worth. Considering how difficult it was to simply partition Pakistan and deal with the Muslims, no one found time for the Sikhs.&lt;/p&gt;\n\n&lt;p&gt;Second, Even if there was political will for a Sikh state, the borders would be impossible to reconcile with any potential Pakistan. The Sikhs were mostly based in the Punjab, primarily in the East with a few large pockets in the West. But the Punjab, which made up the P of Pakistan, was the centre of any potential Pakistan. Jinnah wanted all of the Punjab for his Pakistan but, when it came to Partition itself, the British decreed that the province would be divided between Muslim Pakistan and Hindu India. The lines were drawn so the central Sikh areas were included in India - particularly the sacred city of Amritsar and the surrounding territories - but still many Western Sikhs were left in Pakistan.&lt;/p&gt;\n\n&lt;p&gt;A Sikh memorandum to the boundary commission was put forward in July 1947 that would keep 90% of Sikh\u2019s within India but such a division would leave only a fraction of the Punjab inside of Pakistan and so was politically untenable. Already Jinnah was mad that he\u2019d been handed a \u2018moth eaten Pakistan\u2019 once half the Punjab was bitten off by India. He was not prepared to concede any more territory.&lt;/p&gt;\n\n&lt;p&gt;Broadly, any concessions to providing Sikhs their own territory - whether sovereign or within India - would be wholly unacceptable to Pakistan. Sikhs were so entwined throughout Pakistani territory that it was impossible to provide them their own state.&lt;/p&gt;\n\n&lt;p&gt;&lt;strong&gt;TLDR;&lt;/strong&gt; the Sikhs were never big enough political players for the British to worry about them. Worries were reserved for the Muslims and the Hindus and partition was only undertaken to try and avoid a civil war between the two of them. Further, because most Sikhs were in territory the Muslims wanted for Pakistan, giving them any more land than necessary would upset the Muslims and cause more damage than it was worth.&lt;/p&gt;\n&lt;/div&gt;", "stickied": false, "subreddit_type": "public", "can_gild": true, "gildings": {}, "author_flair_text_color": null, "score_hidden": false, "permalink": "/r/AskHistorians/comments/awmqht/why_did_the_sikhs_not_get_a_sikh_country_during/ehsxdtm/", "num_reports": null, "locked": false, "name": "t1_ehsxdtm", "created": 1551771239.0, "subreddit": "AskHistorians", "author_flair_text": null, "collapsed": false, "created_utc": 1551742439.0, "subreddit_name_prefixed": "r/AskHistorians", "controversiality": 0, "depth": 0, "author_flair_background_color": null, "mod_reports": [], "mod_note": null, "distinguished": null}}, {"kind": "t1", "data": {"total_awards_received": 0, "approved_at_utc": null, "ups": 28, "mod_reason_by": null, "banned_by": null, "author_flair_type": "text", "removal_reason": null, "link_id": "t3_awmqht", "author_flair_template_id": null, "likes": null, "no_follow": false, "replies": "", "user_reports": [], "saved": false, "id": "ehp11w1", "banned_at_utc": null, "mod_reason_title": null, "gilded": 0, "archived": false, "report_reasons": null, "author": "muppetress", "can_mod_post": false, "send_replies": true, "parent_id": "t3_awmqht", "score": 28, "author_fullname": "t2_kj9kc", "approved_by": null, "all_awardings": [], "subreddit_id": "t5_2ssp3", "body": "Another Question: Were the ethnic divides between present day Pakistan and India a contributing factor to the borders?", "edited": 1556429423.0, "author_flair_css_class": null, "is_submitter": false, "downs": 0, "author_flair_richtext": [], "author_patreon_flair": false, "collapsed_reason": null, "body_html": "&lt;div class=\"md\"&gt;&lt;p&gt;Another Question: Were the ethnic divides between present day Pakistan and India a contributing factor to the borders?&lt;/p&gt;\n&lt;/div&gt;", "stickied": false, "subreddit_type": "public", "can_gild": true, "gildings": {}, "author_flair_text_color": null, "score_hidden": false, "permalink": "/r/AskHistorians/comments/awmqht/why_did_the_sikhs_not_get_a_sikh_country_during/ehp11w1/", "num_reports": null, "locked": false, "name": "t1_ehp11w1", "created": 1551644492.0, "subreddit": "AskHistorians", "author_flair_text": null, "collapsed": false, "created_utc": 1551615692.0, "subreddit_name_prefixed": "r/AskHistorians", "controversiality": 0, "depth": 0, "author_flair_background_color": null, "mod_reports": [], "mod_note": null, "distinguished": null}}, {"kind": "t1", "data": {"total_awards_received": 0, "approved_at_utc": null, "ups": -21, "mod_reason_by": null, "banned_by": null, "removal_reason": null, "link_id": "t3_awmqht", "author_flair_template_id": null, "likes": null, "no_follow": true, "replies": {"kind": "Listing", "data": {"modhash": "", "dist": null, "children": [{"kind": "t1", "data": {"total_awards_received": 0, "approved_at_utc": null, "ups": 7, "mod_reason_by": null, "banned_by": null, "removal_reason": null, "link_id": "t3_awmqht", "author_flair_template_id": null, "likes": null, "no_follow": true, "replies": "", "user_reports": [], "saved": false, "id": "ehoarf4", "banned_at_utc": null, "mod_reason_title": null, "gilded": 0, "archived": false, "report_reasons": null, "author": "[deleted]", "can_mod_post": false, "send_replies": true, "parent_id": "t1_ehoaoa2", "score": 7, "approved_by": null, "all_awardings": [], "subreddit_id": "t5_2ssp3", "body": "[removed]", "edited": 1551583768.0, "author_flair_css_class": null, "downs": 0, "is_submitter": false, "collapsed_reason": null, "body_html": "&lt;div class=\"md\"&gt;&lt;p&gt;[removed]&lt;/p&gt;\n&lt;/div&gt;", "stickied": false, "subreddit_type": "public", "can_gild": true, "gildings": {}, "author_flair_text_color": "dark", "score_hidden": false, "permalink": "/r/AskHistorians/comments/awmqht/why_did_the_sikhs_not_get_a_sikh_country_during/ehoarf4/", "num_reports": null, "locked": false, "name": "t1_ehoarf4", "created": 1551611885.0, "subreddit": "AskHistorians", "author_flair_text": null, "collapsed": false, "created_utc": 1551583085.0, "subreddit_name_prefixed": "r/AskHistorians", "controversiality": 1, "depth": 1, "author_flair_background_color": "", "mod_reports": [], "mod_note": null, "distinguished": null}}], "after": null, "before": null}}, "user_reports": [], "saved": false, "id": "ehoaoa2", "banned_at_utc": null, "mod_reason_title": null, "gilded": 0, "archived": false, "report_reasons": null, "author": "[deleted]", "can_mod_post": false, "send_replies": true, "parent_id": "t3_awmqht", "score": -21, "approved_by": null, "all_awardings": [], "subreddit_id": "t5_2ssp3", "body": "[removed]", "edited": 1551583880.0, "author_flair_css_class": null, "downs": 0, "is_submitter": false, "collapsed_reason": "comment score below threshold", "body_html": "&lt;div class=\"md\"&gt;&lt;p&gt;[removed]&lt;/p&gt;\n&lt;/div&gt;", "stickied": false, "subreddit_type": "public", "can_gild": true, "gildings": {}, "author_flair_text_color": "dark", "score_hidden": false, "permalink": "/r/AskHistorians/comments/awmqht/why_did_the_sikhs_not_get_a_sikh_country_during/ehoaoa2/", "num_reports": null, "locked": false, "name": "t1_ehoaoa2", "created": 1551611813.0, "subreddit": "AskHistorians", "author_flair_text": null, "collapsed": true, "created_utc": 1551583013.0, "subreddit_name_prefixed": "r/AskHistorians", "controversiality": 0, "depth": 0, "author_flair_background_color": "", "mod_reports": [], "mod_note": null, "distinguished": null}}, {"kind": "t1", "data": {"total_awards_received": 0, "approved_at_utc": null, "ups": 1, "mod_reason_by": null, "banned_by": null, "removal_reason": null, "link_id": "t3_awmqht", "author_flair_template_id": null, "likes": null, "no_follow": true, "replies": {"kind": "Listing", "data": {"modhash": "", "dist": null, "children": [{"kind": "t1", "data": {"total_awards_received": 0, "approved_at_utc": null, "ups": 9, "mod_reason_by": null, "banned_by": null, "author_flair_type": "text", "removal_reason": null, "link_id": "t3_awmqht", "author_flair_template_id": "9e641f94-c626-11e2-8e2c-12313b0b21ae", "likes": null, "no_follow": false, "replies": "", "user_reports": [], "saved": false, "id": "ehqxbem", "banned_at_utc": null, "mod_reason_title": null, "gilded": 0, "archived": false, "report_reasons": null, "author": "jschooltiger", "can_mod_post": false, "send_replies": true, "parent_id": "t1_ehqx9jo", "score": 9, "author_fullname": "t2_96gqp", "approved_by": null, "all_awardings": [], "subreddit_id": "t5_2ssp3", "body": "&gt; Why can't I see any of the comments on here? It says there are 62 comments but I can only see 5-6\n\n\nBecause users keep posting useless comments like this one that get removed, but increment the comment count. \n\nPlease don't do this again. If you have questions or feedback about moderation, take it to modmail or a META thread. ", "edited": false, "author_flair_css_class": "moderator", "is_submitter": false, "downs": 0, "author_flair_richtext": [], "author_patreon_flair": false, "collapsed_reason": null, "body_html": "&lt;div class=\"md\"&gt;&lt;blockquote&gt;\n&lt;p&gt;Why can&amp;#39;t I see any of the comments on here? It says there are 62 comments but I can only see 5-6&lt;/p&gt;\n&lt;/blockquote&gt;\n\n&lt;p&gt;Because users keep posting useless comments like this one that get removed, but increment the comment count. &lt;/p&gt;\n\n&lt;p&gt;Please don&amp;#39;t do this again. If you have questions or feedback about moderation, take it to modmail or a META thread. &lt;/p&gt;\n&lt;/div&gt;", "stickied": false, "subreddit_type": "public", "can_gild": true, "gildings": {}, "author_flair_text_color": "light", "score_hidden": false, "permalink": "/r/AskHistorians/comments/awmqht/why_did_the_sikhs_not_get_a_sikh_country_during/ehqxbem/", "num_reports": null, "locked": false, "name": "t1_ehqxbem", "created": 1551703091.0, "subreddit": "AskHistorians", "author_flair_text": "Moderator | Shipbuilding and Logistics | British Navy 1770-1830", "collapsed": false, "created_utc": 1551674291.0, "subreddit_name_prefixed": "r/AskHistorians", "controversiality": 0, "depth": 1, "author_flair_background_color": "#8b008b", "mod_reports": [], "mod_note": null, "distinguished": "moderator"}}], "after": null, "before": null}}, "user_reports": [], "saved": false, "id": "ehqx9jo", "banned_at_utc": null, "mod_reason_title": null, "gilded": 0, "archived": false, "report_reasons": null, "author": "[deleted]", "can_mod_post": false, "send_replies": true, "parent_id": "t3_awmqht", "score": 1, "approved_by": null, "all_awardings": [], "subreddit_id": "t5_2ssp3", "body": "[removed]", "edited": false, "author_flair_css_class": null, "downs": 0, "is_submitter": false, "collapsed_reason": null, "body_html": "&lt;div class=\"md\"&gt;&lt;p&gt;[removed]&lt;/p&gt;\n&lt;/div&gt;", "stickied": false, "subreddit_type": "public", "can_gild": true, "gildings": {}, "author_flair_text_color": "dark", "score_hidden": false, "permalink": "/r/AskHistorians/comments/awmqht/why_did_the_sikhs_not_get_a_sikh_country_during/ehqx9jo/", "num_reports": null, "locked": false, "name": "t1_ehqx9jo", "created": 1551703037.0, "subreddit": "AskHistorians", "author_flair_text": null, "collapsed": false, "created_utc": 1551674237.0, "subreddit_name_prefixed": "r/AskHistorians", "controversiality": 0, "depth": 0, "author_flair_background_color": "", "mod_reports": [], "mod_note": null, "distinguished": null}}, {"kind": "t1", "data": {"total_awards_received": 0, "approved_at_utc": null, "ups": -33, "mod_reason_by": null, "banned_by": null, "removal_reason": null, "link_id": "t3_awmqht", "author_flair_template_id": null, "likes": null, "no_follow": true, "replies": "", "user_reports": [], "saved": false, "id": "ehoi8zl", "banned_at_utc": null, "mod_reason_title": null, "gilded": 0, "archived": false, "report_reasons": null, "author": "[deleted]", "can_mod_post": false, "send_replies": true, "parent_id": "t3_awmqht", "score": -33, "approved_by": null, "all_awardings": [], "subreddit_id": "t5_2ssp3", "body": "[removed]", "edited": false, "author_flair_css_class": null, "downs": 0, "is_submitter": false, "collapsed_reason": "comment score below threshold", "body_html": "&lt;div class=\"md\"&gt;&lt;p&gt;[removed]&lt;/p&gt;\n&lt;/div&gt;", "stickied": false, "subreddit_type": "public", "can_gild": true, "gildings": {}, "author_flair_text_color": "dark", "score_hidden": false, "permalink": "/r/AskHistorians/comments/awmqht/why_did_the_sikhs_not_get_a_sikh_country_during/ehoi8zl/", "num_reports": null, "locked": false, "name": "t1_ehoi8zl", "created": 1551618009.0, "subreddit": "AskHistorians", "author_flair_text": null, "collapsed": true, "created_utc": 1551589209.0, "subreddit_name_prefixed": "r/AskHistorians", "controversiality": 0, "depth": 0, "author_flair_background_color": "", "mod_reports": [], "mod_note": null, "distinguished": null}}], "after": null, "before": null}}]