[{"kind": "Listing", "data": {"modhash": "", "dist": 1, "children": [{"kind": "t3", "data": {"approved_at_utc": null, "subreddit": "AskHistorians", "selftext": "[removed]", "user_reports": [], "saved": false, "mod_reason_title": null, "gilded": 0, "clicked": false, "title": "When was the last knight knighted?", "link_flair_richtext": [], "subreddit_name_prefixed": "r/AskHistorians", "hidden": false, "pwls": 6, "link_flair_css_class": null, "downs": 0, "parent_whitelist_status": "all_ads", "hide_score": false, "name": "t3_e4qttr", "quarantine": false, "link_flair_text_color": "dark", "upvote_ratio": 0.67, "author_flair_background_color": null, "subreddit_type": "public", "ups": 1, "total_awards_received": 0, "media_embed": {}, "author_flair_template_id": null, "is_original_content": false, "author_fullname": "t2_4yccdec", "secure_media": null, "is_reddit_media_domain": false, "is_meta": false, "category": null, "secure_media_embed": {}, "link_flair_text": null, "can_mod_post": false, "num_duplicates": 0, "approved_by": null, "author_premium": false, "thumbnail": "", "edited": false, "author_flair_css_class": null, "author_flair_richtext": [], "gildings": {}, "content_categories": null, "is_self": true, "mod_note": null, "created": 1575276148.0, "link_flair_type": "text", "wls": 6, "removed_by_category": "moderator", "banned_by": null, "author_flair_type": "text", "domain": "self.AskHistorians", "allow_live_comments": false, "selftext_html": "&lt;!-- SC_OFF --&gt;&lt;div class=\"md\"&gt;&lt;p&gt;[removed]&lt;/p&gt;\n&lt;/div&gt;&lt;!-- SC_ON --&gt;", "likes": null, "suggested_sort": null, "banned_at_utc": null, "view_count": null, "archived": false, "score": 1, "no_follow": true, "is_crosspostable": false, "pinned": false, "over_18": false, "all_awardings": [], "awarders": [], "media_only": false, "can_gild": false, "spoiler": false, "locked": false, "author_flair_text": null, "visited": false, "removed_by": null, "num_reports": null, "distinguished": null, "subreddit_id": "t5_2ssp3", "mod_reason_by": null, "removal_reason": null, "link_flair_background_color": "", "id": "e4qttr", "is_robot_indexable": false, "report_reasons": null, "author": "Sumjhumms", "discussion_type": null, "num_comments": 3, "send_replies": true, "media": null, "contest_mode": false, "author_patreon_flair": false, "author_flair_text_color": null, "permalink": "/r/AskHistorians/comments/e4qttr/when_was_the_last_knight_knighted/", "whitelist_status": "all_ads", "stickied": false, "url": "https://www.reddit.com/r/AskHistorians/comments/e4qttr/when_was_the_last_knight_knighted/", "subreddit_subscribers": 1080046, "created_utc": 1575247348.0, "num_crossposts": 0, "mod_reports": [], "is_video": false}}], "after": null, "before": null}}, {"kind": "Listing", "data": {"modhash": "", "dist": null, "children": [{"kind": "t1", "data": {"total_awards_received": 0, "approved_at_utc": null, "ups": 1, "awarders": [], "mod_reason_by": null, "banned_by": null, "author_flair_type": "richtext", "removal_reason": null, "link_id": "t3_e4qttr", "author_flair_template_id": "9e641f94-c626-11e2-8e2c-12313b0b21ae", "likes": null, "replies": "", "user_reports": [], "saved": false, "id": "f9eo4kj", "banned_at_utc": null, "mod_reason_title": null, "gilded": 0, "archived": false, "no_follow": true, "author": "AutoModerator", "can_mod_post": false, "send_replies": false, "parent_id": "t3_e4qttr", "score": 1, "author_fullname": "t2_6l4z3", "report_reasons": null, "approved_by": null, "all_awardings": [], "subreddit_id": "t5_2ssp3", "body": "Welcome to /r/AskHistorians. **Please [Read Our Rules](https://www.reddit.com/r/AskHistorians/wiki/rules) before you comment in this community**. Understand that rule breaking comments get removed.\n\nWe thank you for your interest in this *question*, and your patience in waiting for an in-depth and comprehensive answer to be written, which takes time. Please consider **[Clicking Here for RemindMeBot](https://www.reddit.com/message/compose/?to=RemindMeBot&amp;subject=Reminder&amp;message=%5Bhttps://www.reddit.com/r/AskHistorians/comments/e4qttr/when_was_the_last_knight_knighted/%5D%0A%0ARemindMe!%202%20days)**, [using our Browser Extension](https://www.reddit.com/r/AskHistorians/comments/d6dzi7/tired_of_clicking_to_find_only_removed_comments/), or getting the [Weekly Roundup](https://www.reddit.com/message/compose?to=subredditsummarybot&amp;subject=askhistorians+weekly&amp;message=x). In the meantime our [Twitter](https://twitter.com/askhistorians), [Facebook](https://www.facebook.com/askhistorians/), and [Sunday Digest](https://www.reddit.com/r/AskHistorians/search?q=title%3A%22Sunday+Digest%22&amp;restrict_sr=on&amp;sort=new&amp;t=all) feature excellent content that has already been written!\n\n\n*I am a bot, and this action was performed automatically. Please [contact the moderators of this subreddit](/message/compose/?to=/r/AskHistorians) if you have any questions or concerns.*", "edited": false, "author_flair_css_class": "moderator", "is_submitter": false, "downs": 0, "author_flair_richtext": [{"e": "text", "t": "History of Robotics"}], "author_patreon_flair": false, "body_html": "&lt;div class=\"md\"&gt;&lt;p&gt;Welcome to &lt;a href=\"/r/AskHistorians\"&gt;/r/AskHistorians&lt;/a&gt;. &lt;strong&gt;Please &lt;a href=\"https://www.reddit.com/r/AskHistorians/wiki/rules\"&gt;Read Our Rules&lt;/a&gt; before you comment in this community&lt;/strong&gt;. Understand that rule breaking comments get removed.&lt;/p&gt;\n\n&lt;p&gt;We thank you for your interest in this &lt;em&gt;question&lt;/em&gt;, and your patience in waiting for an in-depth and comprehensive answer to be written, which takes time. Please consider &lt;strong&gt;&lt;a href=\"https://www.reddit.com/message/compose/?to=RemindMeBot&amp;amp;subject=Reminder&amp;amp;message=%5Bhttps://www.reddit.com/r/AskHistorians/comments/e4qttr/when_was_the_last_knight_knighted/%5D%0A%0ARemindMe!%202%20days\"&gt;Clicking Here for RemindMeBot&lt;/a&gt;&lt;/strong&gt;, &lt;a href=\"https://www.reddit.com/r/AskHistorians/comments/d6dzi7/tired_of_clicking_to_find_only_removed_comments/\"&gt;using our Browser Extension&lt;/a&gt;, or getting the &lt;a href=\"https://www.reddit.com/message/compose?to=subredditsummarybot&amp;amp;subject=askhistorians+weekly&amp;amp;message=x\"&gt;Weekly Roundup&lt;/a&gt;. In the meantime our &lt;a href=\"https://twitter.com/askhistorians\"&gt;Twitter&lt;/a&gt;, &lt;a href=\"https://www.facebook.com/askhistorians/\"&gt;Facebook&lt;/a&gt;, and &lt;a href=\"https://www.reddit.com/r/AskHistorians/search?q=title%3A%22Sunday+Digest%22&amp;amp;restrict_sr=on&amp;amp;sort=new&amp;amp;t=all\"&gt;Sunday Digest&lt;/a&gt; feature excellent content that has already been written!&lt;/p&gt;\n\n&lt;p&gt;&lt;em&gt;I am a bot, and this action was performed automatically. Please &lt;a href=\"/message/compose/?to=/r/AskHistorians\"&gt;contact the moderators of this subreddit&lt;/a&gt; if you have any questions or concerns.&lt;/em&gt;&lt;/p&gt;\n&lt;/div&gt;", "gildings": {}, "collapsed_reason": null, "associated_award": null, "stickied": true, "author_premium": true, "subreddit_type": "public", "can_gild": true, "subreddit": "AskHistorians", "author_flair_text_color": "light", "score_hidden": true, "permalink": "/r/AskHistorians/comments/e4qttr/when_was_the_last_knight_knighted/f9eo4kj/", "num_reports": null, "locked": true, "name": "t1_f9eo4kj", "created": 1575276148.0, "author_flair_text": "History of Robotics", "collapsed": false, "created_utc": 1575247348.0, "subreddit_name_prefixed": "r/AskHistorians", "controversiality": 0, "depth": 0, "author_flair_background_color": "#8b008b", "collapsed_because_crowd_control": null, "mod_reports": [], "mod_note": null, "distinguished": "moderator"}}, {"kind": "t1", "data": {"total_awards_received": 0, "approved_at_utc": null, "ups": 1, "awarders": [], "mod_reason_by": null, "banned_by": null, "author_flair_type": "richtext", "removal_reason": null, "link_id": "t3_e4qttr", "author_flair_template_id": "80bb3d9c-c626-11e2-a0f2-12313d1841d1", "likes": null, "replies": "", "user_reports": [], "saved": false, "id": "f9epciv", "banned_at_utc": null, "mod_reason_title": null, "gilded": 0, "archived": false, "no_follow": true, "author": "mimicofmodes", "can_mod_post": false, "send_replies": true, "parent_id": "t3_e4qttr", "score": 1, "author_fullname": "t2_1n19jp1g", "report_reasons": null, "approved_by": null, "all_awardings": [], "subreddit_id": "t5_2ssp3", "body": "I'm sorry, but we don't allow 'First'/'Last' questions on /r/AskHistorians, and so we have removed this submission. It's not that the question is bad; it is simply that, given the rules of this subreddit, these types of questions are ill-suited to its format. We've found that they tend to get responses along the lines of \"the first/last example *I know of*,\" or else many short, speculative responses in the case that the answer went unrecorded. This results in many removed comments, and very few answered threads.\n\nIf this is a question you still are interested in a response to though, you have options!\n\n* Consider the core of the question to rephrase and resubmit. Instead of asking, for instance, \"Who was the first person killed by a firearm?\", try \"What do we know about the early development and use of firearms?\". Asking about origins, developments, or declines is more likely to get in-depth, knowledgeable answers.\n\n* Every other Wednesday we run a \"[Short Answers to Simple Questions](/r/AskHistorians/search?q=flair_css_class%3Afeature+short+answers+simple+questions&amp;restrict_sr=on&amp;sort=new&amp;t=all)\", and if you can hang on to your question until then, it can likely fit unchanged.\n\n* Finally, you could also try submitting your question to /r/History or /r/AskHistory, which doesn't have submission criteria quite as strict.\n\nThank you for understanding!", "edited": false, "author_flair_css_class": "art", "is_submitter": false, "downs": 0, "author_flair_richtext": [{"e": "text", "t": "Moderator | 18th-19th Century Society &amp; Dress"}], "author_patreon_flair": false, "body_html": "&lt;div class=\"md\"&gt;&lt;p&gt;I&amp;#39;m sorry, but we don&amp;#39;t allow &amp;#39;First&amp;#39;/&amp;#39;Last&amp;#39; questions on &lt;a href=\"/r/AskHistorians\"&gt;/r/AskHistorians&lt;/a&gt;, and so we have removed this submission. It&amp;#39;s not that the question is bad; it is simply that, given the rules of this subreddit, these types of questions are ill-suited to its format. We&amp;#39;ve found that they tend to get responses along the lines of &amp;quot;the first/last example &lt;em&gt;I know of&lt;/em&gt;,&amp;quot; or else many short, speculative responses in the case that the answer went unrecorded. This results in many removed comments, and very few answered threads.&lt;/p&gt;\n\n&lt;p&gt;If this is a question you still are interested in a response to though, you have options!&lt;/p&gt;\n\n&lt;ul&gt;\n&lt;li&gt;&lt;p&gt;Consider the core of the question to rephrase and resubmit. Instead of asking, for instance, &amp;quot;Who was the first person killed by a firearm?&amp;quot;, try &amp;quot;What do we know about the early development and use of firearms?&amp;quot;. Asking about origins, developments, or declines is more likely to get in-depth, knowledgeable answers.&lt;/p&gt;&lt;/li&gt;\n&lt;li&gt;&lt;p&gt;Every other Wednesday we run a &amp;quot;&lt;a href=\"/r/AskHistorians/search?q=flair_css_class%3Afeature+short+answers+simple+questions&amp;amp;restrict_sr=on&amp;amp;sort=new&amp;amp;t=all\"&gt;Short Answers to Simple Questions&lt;/a&gt;&amp;quot;, and if you can hang on to your question until then, it can likely fit unchanged.&lt;/p&gt;&lt;/li&gt;\n&lt;li&gt;&lt;p&gt;Finally, you could also try submitting your question to &lt;a href=\"/r/History\"&gt;/r/History&lt;/a&gt; or &lt;a href=\"/r/AskHistory\"&gt;/r/AskHistory&lt;/a&gt;, which doesn&amp;#39;t have submission criteria quite as strict.&lt;/p&gt;&lt;/li&gt;\n&lt;/ul&gt;\n\n&lt;p&gt;Thank you for understanding!&lt;/p&gt;\n&lt;/div&gt;", "gildings": {}, "collapsed_reason": null, "associated_award": null, "stickied": false, "author_premium": true, "subreddit_type": "public", "can_gild": true, "subreddit": "AskHistorians", "author_flair_text_color": "light", "score_hidden": false, "permalink": "/r/AskHistorians/comments/e4qttr/when_was_the_last_knight_knighted/f9epciv/", "num_reports": null, "locked": false, "name": "t1_f9epciv", "created": 1575276826.0, "author_flair_text": "Moderator | 18th-19th Century Society &amp; Dress", "collapsed": false, "created_utc": 1575248026.0, "subreddit_name_prefixed": "r/AskHistorians", "controversiality": 0, "depth": 0, "author_flair_background_color": "#ff6666", "collapsed_because_crowd_control": null, "mod_reports": [], "mod_note": null, "distinguished": "moderator"}}], "after": null, "before": null}}]