[{"kind": "Listing", "data": {"modhash": "", "dist": 1, "children": [{"kind": "t3", "data": {"approved_at_utc": null, "subreddit": "AskHistorians", "selftext": "I'm asking about the reasons for the division of Shi'ism that brought about the Fatamid-Qarmation rivalry in the 10th and early 11th centuries. I'm interested in traditional accounts of the different sects, but also how much they can be interpreted or verified. I'm also going to mention the Twelvers as they appear to have been the main body of Shi'ism.\n\nThe split between Ismaili and Twelver Shi'ites began after the death of Jafar Al Sadiq in 761. Generally, the Twelvers followed a policy of reconciliation with the Abbasids, while the Ismailis opposed them. The position of the Ismailis required them to become increasingly secretive.\n\nThe Ismailis and the Qarmation Seveners both recognized Ismail, but the seveners considered him to be the last Imam. Ismail's eldest son, Muhammed (d. 813), initially practiced in Kufa, but later went to Syria.\n\nThe Ismailis consider their subsequent Imams to have secretly practiced in Syria until the 11th one went to Africa and started the Fatamid Caliphate in 904.\n\nTwelver Imams appear to have had the most popular support during the time of Harun Al Rashid and his successors. I think this is logical if the Ismailis were retreating from the public and plotting against the most formidable Abbasids, who weren't too opressive, yet. However, Al Ma'mun imprisoned and poisoned the twelvers Imam, and the remaining ones resided in the captivity of the Abbasids in Baghdad or Samaria.\n\nThis is just my summarization of the traditional accounts of the various sects. Judging by the divergening allegiances to different Imamates, it seems possible that the different sects stem from different successional crises.\n\nThere was an obvious geographical divide between Kufa and Syria. I think that moving to Syria may represent the Shi'ite Arabs letting go of the capitol and the eastern part of the Caliphate, and moving back to their center. It could also represent a split with Shi'ite Persians.\n\nI think that they may have then lost hope for Syria or Arabia once the Qarmations split away, and then went to Africa. The Qarmations could have then come under Persian influence in Bahrain, as their religion shows.\n\nCan the split in Shi'ism between the Fatamids and Qarmations be traced further back to a time before they were founded? Conversely, could they represent a long standing division or divergent tendencies within Shi'ism? Can one be considered more autochthonous?\n\nDo they represent, throughout their existence, a basic rivalry between Arabs? Can they be attributed to leadership disagreeing about political strategies, possibly over alliances with foreigners like the Persians Berbers, or even the Byzantines?", "user_reports": [], "saved": false, "mod_reason_title": null, "gilded": 0, "clicked": false, "title": "Why did Shi'ite Islam split in the 9th century?", "link_flair_richtext": [], "subreddit_name_prefixed": "r/AskHistorians", "hidden": false, "pwls": 6, "link_flair_css_class": null, "downs": 0, "parent_whitelist_status": "all_ads", "hide_score": false, "name": "t3_e4slpk", "quarantine": false, "link_flair_text_color": "dark", "upvote_ratio": 0.86, "author_flair_background_color": null, "subreddit_type": "public", "ups": 5, "total_awards_received": 0, "media_embed": {}, "author_flair_template_id": null, "is_original_content": false, "author_fullname": "t2_1u1x1uwu", "secure_media": null, "is_reddit_media_domain": false, "is_meta": false, "category": null, "secure_media_embed": {}, "link_flair_text": null, "can_mod_post": false, "num_duplicates": 0, "approved_by": null, "author_premium": false, "thumbnail": "", "edited": false, "author_flair_css_class": null, "author_flair_richtext": [], "gildings": {}, "content_categories": null, "is_self": true, "mod_note": null, "created": 1575284577.0, "link_flair_type": "text", "wls": 6, "removed_by_category": null, "banned_by": null, "author_flair_type": "text", "domain": "self.AskHistorians", "allow_live_comments": false, "selftext_html": "&lt;!-- SC_OFF --&gt;&lt;div class=\"md\"&gt;&lt;p&gt;I&amp;#39;m asking about the reasons for the division of Shi&amp;#39;ism that brought about the Fatamid-Qarmation rivalry in the 10th and early 11th centuries. I&amp;#39;m interested in traditional accounts of the different sects, but also how much they can be interpreted or verified. I&amp;#39;m also going to mention the Twelvers as they appear to have been the main body of Shi&amp;#39;ism.&lt;/p&gt;\n\n&lt;p&gt;The split between Ismaili and Twelver Shi&amp;#39;ites began after the death of Jafar Al Sadiq in 761. Generally, the Twelvers followed a policy of reconciliation with the Abbasids, while the Ismailis opposed them. The position of the Ismailis required them to become increasingly secretive.&lt;/p&gt;\n\n&lt;p&gt;The Ismailis and the Qarmation Seveners both recognized Ismail, but the seveners considered him to be the last Imam. Ismail&amp;#39;s eldest son, Muhammed (d. 813), initially practiced in Kufa, but later went to Syria.&lt;/p&gt;\n\n&lt;p&gt;The Ismailis consider their subsequent Imams to have secretly practiced in Syria until the 11th one went to Africa and started the Fatamid Caliphate in 904.&lt;/p&gt;\n\n&lt;p&gt;Twelver Imams appear to have had the most popular support during the time of Harun Al Rashid and his successors. I think this is logical if the Ismailis were retreating from the public and plotting against the most formidable Abbasids, who weren&amp;#39;t too opressive, yet. However, Al Ma&amp;#39;mun imprisoned and poisoned the twelvers Imam, and the remaining ones resided in the captivity of the Abbasids in Baghdad or Samaria.&lt;/p&gt;\n\n&lt;p&gt;This is just my summarization of the traditional accounts of the various sects. Judging by the divergening allegiances to different Imamates, it seems possible that the different sects stem from different successional crises.&lt;/p&gt;\n\n&lt;p&gt;There was an obvious geographical divide between Kufa and Syria. I think that moving to Syria may represent the Shi&amp;#39;ite Arabs letting go of the capitol and the eastern part of the Caliphate, and moving back to their center. It could also represent a split with Shi&amp;#39;ite Persians.&lt;/p&gt;\n\n&lt;p&gt;I think that they may have then lost hope for Syria or Arabia once the Qarmations split away, and then went to Africa. The Qarmations could have then come under Persian influence in Bahrain, as their religion shows.&lt;/p&gt;\n\n&lt;p&gt;Can the split in Shi&amp;#39;ism between the Fatamids and Qarmations be traced further back to a time before they were founded? Conversely, could they represent a long standing division or divergent tendencies within Shi&amp;#39;ism? Can one be considered more autochthonous?&lt;/p&gt;\n\n&lt;p&gt;Do they represent, throughout their existence, a basic rivalry between Arabs? Can they be attributed to leadership disagreeing about political strategies, possibly over alliances with foreigners like the Persians Berbers, or even the Byzantines?&lt;/p&gt;\n&lt;/div&gt;&lt;!-- SC_ON --&gt;", "likes": null, "suggested_sort": null, "banned_at_utc": null, "view_count": null, "archived": false, "score": 5, "no_follow": true, "is_crosspostable": false, "pinned": false, "over_18": false, "all_awardings": [], "awarders": [], "media_only": false, "can_gild": false, "spoiler": false, "locked": false, "author_flair_text": null, "visited": false, "removed_by": null, "num_reports": null, "distinguished": null, "subreddit_id": "t5_2ssp3", "mod_reason_by": null, "removal_reason": null, "link_flair_background_color": "", "id": "e4slpk", "is_robot_indexable": true, "report_reasons": null, "author": "dubbiedoubleu", "discussion_type": null, "num_comments": 1, "send_replies": true, "media": null, "contest_mode": false, "author_patreon_flair": false, "author_flair_text_color": null, "permalink": "/r/AskHistorians/comments/e4slpk/why_did_shiite_islam_split_in_the_9th_century/", "whitelist_status": "all_ads", "stickied": false, "url": "https://www.reddit.com/r/AskHistorians/comments/e4slpk/why_did_shiite_islam_split_in_the_9th_century/", "subreddit_subscribers": 1080046, "created_utc": 1575255777.0, "num_crossposts": 0, "mod_reports": [], "is_video": false}}], "after": null, "before": null}}, {"kind": "Listing", "data": {"modhash": "", "dist": null, "children": [{"kind": "t1", "data": {"total_awards_received": 0, "approved_at_utc": null, "ups": 1, "awarders": [], "mod_reason_by": null, "banned_by": null, "author_flair_type": "richtext", "removal_reason": null, "link_id": "t3_e4slpk", "author_flair_template_id": "9e641f94-c626-11e2-8e2c-12313b0b21ae", "likes": null, "replies": "", "user_reports": [], "saved": false, "id": "f9ezq6t", "banned_at_utc": null, "mod_reason_title": null, "gilded": 0, "archived": false, "no_follow": true, "author": "AutoModerator", "can_mod_post": false, "send_replies": false, "parent_id": "t3_e4slpk", "score": 1, "author_fullname": "t2_6l4z3", "report_reasons": null, "approved_by": null, "all_awardings": [], "subreddit_id": "t5_2ssp3", "body": "Welcome to /r/AskHistorians. **Please [Read Our Rules](https://www.reddit.com/r/AskHistorians/wiki/rules) before you comment in this community**. Understand that rule breaking comments get removed.\n\nWe thank you for your interest in this *question*, and your patience in waiting for an in-depth and comprehensive answer to be written, which takes time. Please consider **[Clicking Here for RemindMeBot](https://www.reddit.com/message/compose/?to=RemindMeBot&amp;subject=Reminder&amp;message=%5Bhttps://www.reddit.com/r/AskHistorians/comments/e4slpk/why_did_shiite_islam_split_in_the_9th_century/%5D%0A%0ARemindMe!%202%20days)**, [using our Browser Extension](https://www.reddit.com/r/AskHistorians/comments/d6dzi7/tired_of_clicking_to_find_only_removed_comments/), or getting the [Weekly Roundup](https://www.reddit.com/message/compose?to=subredditsummarybot&amp;subject=askhistorians+weekly&amp;message=x). In the meantime our [Twitter](https://twitter.com/askhistorians), [Facebook](https://www.facebook.com/askhistorians/), and [Sunday Digest](https://www.reddit.com/r/AskHistorians/search?q=title%3A%22Sunday+Digest%22&amp;restrict_sr=on&amp;sort=new&amp;t=all) feature excellent content that has already been written!\n\n\n*I am a bot, and this action was performed automatically. Please [contact the moderators of this subreddit](/message/compose/?to=/r/AskHistorians) if you have any questions or concerns.*", "edited": false, "author_flair_css_class": "moderator", "is_submitter": false, "downs": 0, "author_flair_richtext": [{"e": "text", "t": "History of Robotics"}], "author_patreon_flair": false, "body_html": "&lt;div class=\"md\"&gt;&lt;p&gt;Welcome to &lt;a href=\"/r/AskHistorians\"&gt;/r/AskHistorians&lt;/a&gt;. &lt;strong&gt;Please &lt;a href=\"https://www.reddit.com/r/AskHistorians/wiki/rules\"&gt;Read Our Rules&lt;/a&gt; before you comment in this community&lt;/strong&gt;. Understand that rule breaking comments get removed.&lt;/p&gt;\n\n&lt;p&gt;We thank you for your interest in this &lt;em&gt;question&lt;/em&gt;, and your patience in waiting for an in-depth and comprehensive answer to be written, which takes time. Please consider &lt;strong&gt;&lt;a href=\"https://www.reddit.com/message/compose/?to=RemindMeBot&amp;amp;subject=Reminder&amp;amp;message=%5Bhttps://www.reddit.com/r/AskHistorians/comments/e4slpk/why_did_shiite_islam_split_in_the_9th_century/%5D%0A%0ARemindMe!%202%20days\"&gt;Clicking Here for RemindMeBot&lt;/a&gt;&lt;/strong&gt;, &lt;a href=\"https://www.reddit.com/r/AskHistorians/comments/d6dzi7/tired_of_clicking_to_find_only_removed_comments/\"&gt;using our Browser Extension&lt;/a&gt;, or getting the &lt;a href=\"https://www.reddit.com/message/compose?to=subredditsummarybot&amp;amp;subject=askhistorians+weekly&amp;amp;message=x\"&gt;Weekly Roundup&lt;/a&gt;. In the meantime our &lt;a href=\"https://twitter.com/askhistorians\"&gt;Twitter&lt;/a&gt;, &lt;a href=\"https://www.facebook.com/askhistorians/\"&gt;Facebook&lt;/a&gt;, and &lt;a href=\"https://www.reddit.com/r/AskHistorians/search?q=title%3A%22Sunday+Digest%22&amp;amp;restrict_sr=on&amp;amp;sort=new&amp;amp;t=all\"&gt;Sunday Digest&lt;/a&gt; feature excellent content that has already been written!&lt;/p&gt;\n\n&lt;p&gt;&lt;em&gt;I am a bot, and this action was performed automatically. Please &lt;a href=\"/message/compose/?to=/r/AskHistorians\"&gt;contact the moderators of this subreddit&lt;/a&gt; if you have any questions or concerns.&lt;/em&gt;&lt;/p&gt;\n&lt;/div&gt;", "gildings": {}, "collapsed_reason": null, "associated_award": null, "stickied": true, "author_premium": true, "subreddit_type": "public", "can_gild": true, "subreddit": "AskHistorians", "author_flair_text_color": "light", "score_hidden": true, "permalink": "/r/AskHistorians/comments/e4slpk/why_did_shiite_islam_split_in_the_9th_century/f9ezq6t/", "num_reports": null, "locked": true, "name": "t1_f9ezq6t", "created": 1575284577.0, "author_flair_text": "History of Robotics", "collapsed": false, "created_utc": 1575255777.0, "subreddit_name_prefixed": "r/AskHistorians", "controversiality": 0, "depth": 0, "author_flair_background_color": "#8b008b", "collapsed_because_crowd_control": null, "mod_reports": [], "mod_note": null, "distinguished": "moderator"}}], "after": null, "before": null}}]